Make,Model,Year,Average_Price,Average_Mileage,Predicted_Next_Week_Price
Acura,Zen,2000,1800000.0,100000.0,
Alfa-Romeo,155 T Spark,1994,2150000.0,52000.0,
Alfa-Romeo,156,2001,4100000.0,170.0,
Alfa-Romeo,Cooper,1980,1625000.0,80000.0,
Ashok-Leyland,1613 Bouser Cargo,2006,4800000.0,300000.0,
Ashok-Leyland,1613 CARGO,2009,7650000.0,258518.0,
Ashok-Leyland,20 Ft Container Cargo,2013,8500000.0,12345.0,
Ashok-Leyland,Cargo,2011,4200000.0,80000.0,
Ashok-Leyland,Cargo 1613,2012,6200000.0,400000.0,
Ashok-Leyland,Cargo TIPPER,2009,2400000.0,150000.0,
Ashok-Leyland,Cargo Tipper,2010,3750000.0,90000.0,
Ashok-Leyland,Cargo Tipper,2011,6350000.0,345687.0,
Audi,100 GL,1974,4500000.0,54000.0,
Audi,A 1,2017,9500000.0,95000.0,
Audi,A06,2006,1975000.0,168000.0,
Audi,A1,2015,8720000.0,111300.0,7892630.0
Audi,A1,2016,7468571.0,101286.0,7641845.0
Audi,A1,2017,8700000.0,192000.0,7611775.0
Audi,A1,2018,9400000.0,100600.0,7717100.0
Audi,A1 S Line,2016,8150000.0,74500.0,
Audi,A1 S Line Sportsback,2016,8700000.0,77638.0,
Audi,A1 SPORT TFSI,2022,13250000.0,12000.0,
Audi,A1 Sportback,2016,8900000.0,103000.0,
Audi,A1 TFSI,2017,8400000.0,68000.0,
Audi,A3,2015,14000000.0,61000.0,14332234.0
Audi,A3,2016,13100000.0,85000.0,15746236.0
Audi,A3,2017,12900000.0,72000.0,16381348.0
Audi,A3,2018,12650000.0,73925.0,16859709.0
Audi,A3,2019,16000000.0,7400.0,17755052.0
Audi,A3,2023,17978571.0,9143.0,17596765.0
Audi,A3 1.8,2015,15500000.0,126000.0,
Audi,A3 30 TFSI,2023,14800000.0,20000.0,
Audi,A3 Advance,2024,20500000.0,17000.0,
Audi,A3 Advance Pack,2023,17950000.0,6000.0,
Audi,A3 Advanced,2023,18746667.0,13167.0,17894871.0
Audi,A3 Advanced Safety,2023,18200000.0,18000.0,
Audi,A3 Advanced Sedan,2023,18350000.0,9700.0,
Audi,A3 Advanced Sportback,2023,15750000.0,10000.0,
Audi,A3 Advanced Sportback MHEV,2023,15700000.0,20000.0,
Audi,A3 Advanced TFSI,2022,17850000.0,21000.0,
Audi,A3 Hatchback,2017,10190000.0,105000.0,
Audi,A3 RS Sedan,2018,17400000.0,53000.0,
Audi,A3 S LINE,2019,14990000.0,61500.0,
Audi,A3 S Line,2023,23000000.0,11500.0,
Audi,A3 S Line Sedan,2023,20990000.0,10000.0,
Audi,A3 S-LINE SEDAN,2018,14500000.0,105000.0,
Audi,A3 SLine,2018,14800000.0,135000.0,
Audi,A3 Sedan,2017,13800000.0,88000.0,
Audi,A3 Sedan,2018,15800000.0,51000.0,
Audi,A3 Sedan 1400cc,2016,14990000.0,52000.0,
Audi,A3 Sedan Safety Line,2023,18150000.0,5960.0,
Audi,A3 Sedan Urban Style,2023,17450000.0,5470.0,
Audi,A3 Sline Highest Spec,2023,23500000.0,10000.0,
Audi,A3 Sport HatchBack,2017,2200000.0,98000.0,
Audi,A3 Sportback,2017,11950000.0,90750.0,12052577.0
Audi,A3 Sportback,2019,14000000.0,40000.0,13222582.0
Audi,A3 Sportback Advanced,2017,10950000.0,72000.0,
Audi,A3 Sportback S Line,2023,19225000.0,13500.0,
Audi,A3 TFSI,2017,15000000.0,41000.0,
Audi,A3 TFSI 1800,2016,15250000.0,121000.0,
Audi,A3 TFSI Advance,2023,18500000.0,24000.0,
Audi,A3 TFSI Sedan,2018,14650000.0,60123.0,
Audi,A3 URBAN STYLE,2023,18900000.0,11000.0,
Audi,A3 Urdan Style,2023,19000000.0,19000.0,
Audi,A3S Line Quattro,2018,14850000.0,218000.0,
Audi,A4,2001,5200000.0,195000.0,5113313.0
Audi,A4,2004,1233334.0,140000.0,6533412.0
Audi,A4,2011,8687500.0,130250.0,9091096.0
Audi,A4,2013,12175000.0,153000.0,10982535.0
Audi,A4,2014,14000000.0,110000.0,11143376.0
Audi,A4,2016,17200000.0,185000.0,11894523.0
Audi,A4,2017,15900000.0,95000.0,12054729.0
Audi,A4,2018,19000000.0,80000.0,12503567.0
Audi,A4 1.8 TFSI,2010,9700000.0,133000.0,
Audi,A4 1.9 TDI,2001,3300000.0,283427.0,
Audi,A4 2.0 Turbo Charged,2013,11450000.0,118000.0,
Audi,A4 B6,2003,5850000.0,191200.0,
Audi,A4 B6,2005,6200000.0,143000.0,
Audi,A4 B8,2011,10906250.0,135250.0,8922342.0
Audi,A4 B8 Electric Seat,2012,10500000.0,140000.0,
Audi,A4 B8.5,2013,12800000.0,98000.0,
Audi,A4 TFSI Highest Spec,2018,18500000.0,28000.0,
Audi,A42020,2017,18500000.0,75000.0,
Audi,A5,2018,25000000.0,51500.0,22329973.0
Audi,A5,2019,23500000.0,70150.0,22692554.0
Audi,A5 1.4 TFSI,2018,26000000.0,17558.0,
Audi,A5 S Line,2018,23500000.0,67500.0,
Audi,A5 S-LINE,2018,19500000.0,71000.0,22666877.0
Audi,A5 S-Line,2018,27250000.0,61500.0,22666877.0
Audi,A5 S-Line,2019,24000000.0,56660.0,23029458.0
Audi,A5 S-Line Sportback,2018,19000000.0,127000.0,
Audi,A5 Sline,2018,22500000.0,48000.0,
Audi,A5 Sportback,2019,22500000.0,94133.0,22692554.0
Audi,A5p S Line,2019,22500000.0,5600.0,
Audi,A6,2002,5325000.0,195000.0,6302160.0
Audi,A6,2004,6163333.0,189333.0,7337133.0
Audi,A6,2006,9950000.0,178000.0,7984552.0
Audi,A6,2007,1975000.0,154500.0,8984381.0
Audi,A6,2010,9500000.0,125324.0,8592878.0
Audi,A6,2011,11450000.0,150000.0,8967306.0
Audi,A6,2012,14400000.0,59000.0,9958992.0
Audi,A6,2013,15008333.0,131167.0,10733446.0
Audi,A6,2014,13133333.0,170467.0,10963431.0
Audi,A6,2016,15500000.0,121253.0,11785021.0
Audi,A6,2017,3875000.0,75000.0,11982800.0
Audi,A6 2.0,2011,12500000.0,76000.0,
Audi,A6 2.0T,2012,13800000.0,146900.0,
Audi,A6 Rs Modified,2016,19600000.0,91500.0,
Audi,A6 S LINE,2016,19800000.0,92000.0,
Audi,A6 S Line,2013,18500000.0,98000.0,
Audi,A6 S Line,2016,16200000.0,76000.0,
Audi,A6 Turbo,2003,1500000.0,158000.0,
Audi,Audi,2017,12790000.0,85000.0,
Audi,Q2,2017,11083333.0,109667.0,12242755.0
Audi,Q2,2018,13467857.0,96539.0,12718198.0
Audi,Q2,2019,13550000.0,88250.0,13694484.0
Audi,Q2 1.0 TFSI Turbo,2018,14000000.0,95000.0,
Audi,Q2 1.0L TFSI,2019,12875000.0,116000.0,
Audi,Q2 Anniversary S-Tron Model,2019,15000000.0,88500.0,
Audi,Q2 Luxury Spec,2018,12800000.0,110000.0,
Audi,Q2 S Line,2018,15000000.0,55000.0,
Audi,Q2 S-Line,2018,12800000.0,113000.0,
Audi,Q2 S-Line,2019,15200000.0,74000.0,
Audi,Q2 S-Line 1.4L 4,2018,15000000.0,100200.0,
Audi,Q2 TFSI,2017,13975000.0,61500.0,12974194.0
Audi,Q2 TFSI,2018,13950000.0,67333.0,13436722.0
Audi,Q2 TFSI 1.0 Turbo,2018,14500000.0,86000.0,
Audi,Q2 TFSI S-TRONIC,2017,13500000.0,89350.0,
Audi,Q2 TFSI Special Edition,2018,13000000.0,97000.0,
Audi,Q2 Virtual Cockpit,2018,11850000.0,225.0,
Audi,Q3,2013,13250000.0,80250.0,12438773.0
Audi,Q3,2015,12995000.0,77248.0,11977054.0
Audi,Q3,2016,15350000.0,91500.0,13345539.0
Audi,Q3,2017,16500000.0,36000.0,13347026.0
Audi,Q3,2018,15200000.0,91750.0,13690014.0
Audi,Q3,2019,20000000.0,88000.0,14566921.0
Audi,Q3,2022,26500000.0,5000.0,14375504.0
Audi,Q3 Quattro,2013,13100000.0,57000.0,
Audi,Q3 S Line VORSPRUNG,2019,20500000.0,85000.0,
Audi,Q3 S-Line Highest Spec,2019,21500000.0,44000.0,
Audi,Q3 Sline,2019,21500000.0,96000.0,
Audi,Q3 VORSPRUNG,2019,22500000.0,47000.0,
Audi,Q4 E-tron,2024,28500000.0,900.0,
Audi,Q5,2010,15250000.0,150000.0,
Audi,Q5 Quattro,2011,12975000.0,97000.0,
Audi,Q5 SLine,2011,14790000.0,87500.0,
Audi,Q5 Turbo,2011,11600000.0,77000.0,
Audi,Q7,2015,25500000.0,109000.0,
Audi,Q7,2016,26900000.0,89000.0,
Audi,Q7 3.0T Quattro,2011,19900000.0,117000.0,
Audi,Q7 QUATTRO,2016,25500000.0,89000.0,
Audi,Rs3,2016,1550000.0,130000.0,
Austin,10,1900,5200000.0,500.0,
Austin,7 Tourer,1980,5500000.0,5000.0,
Austin,A 35,1958,1750000.0,10000.0,
Austin,A30,1954,650000.0,12546.0,944305.0
Austin,A30,1955,350000.0,115000.0,944305.0
Austin,A30,1969,1300000.0,1111.0,944305.0
Austin,A35,1957,750000.0,120000.0,
Austin,Cambridge,1957,350000.0,26000.0,
Austin,Cambridge,1961,1175000.0,100000.0,
Austin,MINI COOPER,1969,2190000.0,189000.0,1912312.0
Austin,Mini,1966,2500000.0,123456.0,
Austin,Mini,1980,3990000.0,66000.0,
Austin,Mini Cooper,1960,1765000.0,52500.0,1912312.0
Austin,Mini Cooper,1966,2750.0,89000.0,1912312.0
Austin,Mini Cooper,1969,2950000.0,86000.0,1912312.0
Austin,Mini Cooper,1970,2400000.0,89000.0,1912312.0
Austin,Mini Cooper,1972,4200000.0,100000.0,1912312.0
Austin,Mini Cooper,1978,1850000.0,12345.0,1912312.0
Austin,Mini Cooper,1991,2600000.0,80000.0,2563037.0
Austin,Mini Moke,1962,2875000.0,100000.0,
Austin,Rover Mini Cooper,1960,3000000.0,850000.0,
BAW,E7,2025,4800000.0,189.0,
BMW,118i,2010,17000000.0,40000.0,
BMW,218i,2017,16500000.0,72000.0,25468856.0
BMW,218i,2018,15750000.0,77000.0,26071053.0
BMW,218i,2023,25500000.0,13000.0,26212723.0
BMW,218i,2024,26500000.0,5500.0,26247736.0
BMW,218i M Sports Anniversary,2023,24000000.0,1900.0,
BMW,218i M Sports Vorsteiner Edition,2024,24000000.0,12000.0,
BMW,225XE,2016,12900000.0,56600.0,
BMW,225XE,2018,14300000.0,106000.0,
BMW,250D X3,2013,15500000.0,150000.0,
BMW,316I,2015,16900000.0,105000.0,
BMW,318,2017,18000000.0,137000.0,
BMW,318 M Sport,2016,19300000.0,60000.0,
BMW,318 M Sports,2017,21500000.0,122000.0,
BMW,318I,2016,19800000.0,79152.0,19796788.0
BMW,318I,2017,19375000.0,112000.0,19846227.0
BMW,318I,2018,21500000.0,74442.0,19881260.0
BMW,318I Sport,2018,17500000.0,138000.0,
BMW,318I Sport Line,2016,18800000.0,62000.0,
BMW,318i,2016,19050000.0,99600.0,19796788.0
BMW,318i,2017,17000000.0,95000.0,19846227.0
BMW,318i,2018,21100000.0,84375.0,19881260.0
BMW,318i,2019,21500000.0,85000.0,20159049.0
BMW,318i Luxury Edition,2016,18500000.0,64000.0,
BMW,318i Luxury Line,2017,18900000.0,116000.0,
BMW,318i Luxury Line,2018,22100000.0,108000.0,
BMW,318i M,2018,22850000.0,75000.0,
BMW,318i M Sport,2016,19000000.0,125500.0,20191156.0
BMW,318i M Sport,2017,20500000.0,65000.0,20166904.0
BMW,318i M Sport,2018,21500000.0,97500.0,20046274.0
BMW,318i M Sport F30 Alpine,2017,21000000.0,76000.0,
BMW,318i Msport,2017,19500000.0,65000.0,
BMW,318i Msport,2018,18800000.0,150000.0,
BMW,318i SE,2010,13900000.0,114000.0,
BMW,318i Sport,2017,21000000.0,69342.0,
BMW,318i Sport,2018,23850000.0,30000.0,
BMW,318i Sports Luxury Line,2017,20200000.0,55000.0,
BMW,320D,2009,13650000.0,210000.0,10054028.0
BMW,320D,2011,12180000.0,149200.0,10949591.0
BMW,320D,2012,20500000.0,89000.0,11818983.0
BMW,320D E46,2000,7087500.0,175930.0,
BMW,320D F30,2012,14700000.0,180000.0,12397320.0
BMW,320D F30,2013,15700000.0,133000.0,13583932.0
BMW,320DE90,2011,12000000.0,185000.0,
BMW,320I,2007,1875000.0,1234.0,
BMW,320I E90,2006,8975000.0,142556.0,3275337.0
BMW,320d,2008,13750000.0,174000.0,10231538.0
BMW,320d,2011,11832000.0,151999.0,10949591.0
BMW,320d E46,2000,6500000.0,330000.0,
BMW,320d E90,2011,12266667.0,130000.0,10113670.0
BMW,320d F30,2013,15687500.0,115500.0,13583932.0
BMW,320d F30,2015,17500000.0,218000.0,14380889.0
BMW,320d M Sport,2011,9600000.0,190000.0,
BMW,320i,2007,9800000.0,127000.0,
BMW,320i,2009,9500000.0,140000.0,
BMW,320i E90,2006,9181250.0,156500.0,3275337.0
BMW,320i E90,2007,1875000.0,661.0,3318513.0
BMW,320i E90,2008,10900000.0,110000.0,4220210.0
BMW,320i E90,2010,1875000.0,150000.0,4517080.0
BMW,320i E90 LCI,2011,11750000.0,31006.0,
BMW,330e M Sport,2016,23750000.0,77950.0,
BMW,335i,2013,19500000.0,82000.0,
BMW,335i,2014,26500000.0,115000.0,
BMW,520,2011,14900000.0,176000.0,
BMW,520D,2006,500000.0,199870.0,13409235.0
BMW,520D,2012,17616250.0,115812.0,20891006.0
BMW,520D,2013,19804167.0,127333.0,21598905.0
BMW,520D,2014,22443333.0,119333.0,23420353.0
BMW,520D,2015,25800000.0,178000.0,23181432.0
BMW,520D 3,2013,18450000.0,114000.0,
BMW,520D F10,2013,21000000.0,162000.0,15442694.0
BMW,520D F10 M SPORT,2012,19500000.0,160000.0,
BMW,520D F10 M Sport,2013,21950000.0,90000.0,
BMW,520D M Sport,2011,21000000.0,140000.0,15910008.0
BMW,520D M Sport,2013,23500000.0,125000.0,16670354.0
BMW,520D M5 Bodykits,2012,20800000.0,110000.0,
BMW,520D Options,2013,21250000.0,89000.0,
BMW,520I,1995,4550000.0,100000.0,
BMW,520I,2003,9100000.0,161000.0,
BMW,520d,2012,18064286.0,136857.0,20891006.0
BMW,520d,2013,20575000.0,107333.0,21598905.0
BMW,520d,2014,22500000.0,91750.0,23420353.0
BMW,520d,2015,27500000.0,119000.0,23181432.0
BMW,520d 3 Option,2013,19300000.0,185000.0,
BMW,520d F10,2012,1890000.0,149000.0,14274165.0
BMW,520d F10,2013,18825000.0,140500.0,15442694.0
BMW,520d M Sport,2012,18750000.0,140000.0,15958044.0
BMW,520i 3 Option Luxury Line,2011,19000000.0,65000.0,
BMW,520i F10 M Sport,2011,14900000.0,146000.0,
BMW,520i F10 MSport 03 Option,2011,14500000.0,147000.0,
BMW,523I,2010,14500000.0,40000.0,10182386.0
BMW,523i,2007,10350000.0,150000.0,10629120.0
BMW,523i,2010,17912500.0,126041.0,10182386.0
BMW,523i E60,2005,11950000.0,211500.0,9944317.0
BMW,523i E60,2006,12750000.0,190000.0,10794667.0
BMW,523i E60,2007,11900000.0,220000.0,11627794.0
BMW,523i E60 LCI,2007,12150000.0,109200.0,
BMW,523i E60 M Sport,2006,13000000.0,148000.0,
BMW,523i E60 M Sport,2007,13500000.0,98000.0,
BMW,523i F10,2010,18100000.0,126450.0,
BMW,523i M Sport,2010,18500000.0,131500.0,
BMW,523i M Sport-MODIFIED,2011,19000000.0,141000.0,
BMW,523i Rare Spec,2010,18000000.0,128000.0,
BMW,523i STAGE1 M5 KITTED,2010,16800000.0,100000.0,
BMW,528i,2012,9775000.0,114000.0,
BMW,530d Msport,2006,1380000.0,105000.0,
BMW,530e,2017,28000000.0,115000.0,26160465.0
BMW,530e,2018,26725000.0,77000.0,26692696.0
BMW,530e M Sport,2018,28900000.0,78000.0,
BMW,730 Li,2010,18000000.0,49000.0,
BMW,730LD,2012,27950000.0,50000.0,
BMW,740 Li,2010,23500000.0,56000.0,
BMW,920D,2009,10900000.0,1.0,9328843.0
BMW,920D,2011,10900000.0,67000.0,10653678.0
BMW,BMW,2007,5475000.0,237500.0,
BMW,BMW,2012,1850000.0,53000.0,
BMW,Cooper,2018,16500000.0,84000.0,
BMW,E12,1974,1475000.0,1.0,
BMW,E34,1992,3150000.0,180000.0,
BMW,E34,1993,3300000.0,130000.0,
BMW,E36 318i,1999,4550000.0,179000.0,
BMW,E39,1996,5500000.0,55000.0,
BMW,E39,2003,4950000.0,170000.0,
BMW,E39 520i,1998,6300000.0,48000.0,
BMW,E46,2000,6200000.0,220000.0,
BMW,E46,2002,6800000.0,200000.0,
BMW,E46 320D,1999,6400000.0,97000.0,
BMW,E46 320D,2001,7000000.0,220000.0,
BMW,E46 320d,2000,6775000.0,139000.0,
BMW,E60 520i,2004,8650000.0,122000.0,
BMW,E60 525i,2004,8000000.0,125000.0,
BMW,E60 530i,2004,5000000.0,235000.0,
BMW,E90,2011,13250000.0,157008.0,
BMW,E90 320i,2008,9800000.0,136000.0,
BMW,F10 520i 3 Option,2011,15500000.0,101000.0,
BMW,F30 320d Luxury Line,2015,22000000.0,107000.0,
BMW,I3 Range Extender,2016,14990000.0,55000.0,
BMW,I8,2016,28000000.0,40000.0,
BMW,JCW Mini Cooper,2016,13650000.0,60000.0,
BMW,MINI COOPER,2015,12500000.0,85000.0,
BMW,Mini Cooper,2017,500000.0,85000.0,
BMW,X 5,2016,2750000.0,28000.0,
BMW,X1,2010,10200000.0,66000.0,11044631.0
BMW,X1,2011,10821538.0,179074.0,11044670.0
BMW,X1,2016,14216667.0,92067.0,16801113.0
BMW,X1,2017,17250000.0,59500.0,17035713.0
BMW,X1,2018,18675000.0,92440.0,17030579.0
BMW,X1,2019,20150000.0,64000.0,17525121.0
BMW,X1 E84,2011,12500000.0,167000.0,
BMW,X1 F48,2019,25500000.0,81000.0,
BMW,X1 LUXURY LINE,2019,18232500.0,55500.0,
BMW,X1 Luxury Line,2016,14575000.0,106000.0,
BMW,X1 M SPORT,2018,18500000.0,86000.0,17134444.0
BMW,X1 M SPORT PLUS,2019,22500000.0,64000.0,
BMW,X1 M Sport,2016,17850000.0,77000.0,17456689.0
BMW,X1 M Sport,2017,18000000.0,87000.0,17096188.0
BMW,X1 M Sport,2018,16416667.0,105167.0,17134444.0
BMW,X1 M Sport,2019,17500000.0,94000.0,17690619.0
BMW,X1 M Sport S-Drive,2017,16200000.0,72000.0,
BMW,X1 M Sports,2019,18500000.0,110000.0,
BMW,X1 MSport,2016,15800000.0,99000.0,
BMW,X1 Petral,2011,9850000.0,114000.0,
BMW,X1 S Line Drive,2019,18800000.0,37000.0,
BMW,X1 S-Drive 18i,2016,18825000.0,85000.0,20180076.0
BMW,X1 S-Drive 18i,2017,17650000.0,50000.0,20316487.0
BMW,X1 S-Drive 18i,2019,20000000.0,98000.0,20472364.0
BMW,X1 S-Drive 18i Luxury Line,2018,21075000.0,35350.0,
BMW,X1 SDrive 18 I,2017,18000000.0,38000.0,
BMW,X1 SDrive 18i,2018,22750000.0,65000.0,
BMW,X1 SDrive 18i X-line,2018,18500000.0,108000.0,
BMW,X1 Sdrive 20d,2011,9575000.0,240639.0,
BMW,X1D,2011,10500000.0,118713.0,
BMW,X1F48,2020,22500000.0,79800.0,
BMW,X2,2019,20500000.0,53000.0,
BMW,X2 M Sport,2018,20350000.0,102250.0,23425167.0
BMW,X2 M Sport,2019,20500000.0,42000.0,23641218.0
BMW,X2 SDRIVE18i MSPORT,2018,17600000.0,109000.0,
BMW,X2 SDrive18i,2018,19000000.0,70000.0,
BMW,X2 X- Line,2018,21950000.0,34000.0,
BMW,X2M SportFull Spec.,2018,19200000.0,64000.0,
BMW,X3,2011,15550000.0,159180.0,13725143.0
BMW,X3,2012,14950000.0,95000.0,14030404.0
BMW,X3,2013,15690000.0,123600.0,15368271.0
BMW,X3 M-Sport,2012,17500000.0,117000.0,
BMW,X3 Msport,2013,16900000.0,124900.0,
BMW,X5,2002,8900000.0,184000.0,10994400.0
BMW,X5,2012,19747500.0,135776.0,19466759.0
BMW,X5,2016,24250000.0,80757.0,22954223.0
BMW,X5,2017,24500000.0,87500.0,23280813.0
BMW,X5,2018,27500000.0,114500.0,23949044.0
BMW,X5 30d XDrive E70,2011,20000000.0,163000.0,
BMW,X5 40E,2016,26600000.0,85000.0,
BMW,X5 40e M Sport,2016,26000000.0,110000.0,
BMW,X5 40e M Sport,2017,28000000.0,75000.0,
BMW,X5 E53,2002,7995000.0,145000.0,
BMW,X5 E53,2006,13000000.0,180000.0,
BMW,X5 EDrive M Sport,2016,28000000.0,64250.0,
BMW,X5 M,2016,29700000.0,98500.0,
BMW,X5 M Sport,2016,25000000.0,115000.0,
BMW,X5 M Sport Plus,2017,27000000.0,98000.0,
BMW,X5 M SportF15,2016,26500000.0,42300.0,
BMW,X5 M Ssport,2016,24000000.0,108000.0,
BMW,X5 M-Sport,2016,25500000.0,68000.0,
BMW,X5 XDrive40e M Sport,2016,24500000.0,74000.0,
BYD,ATTO 3,2025,15400000.0,8000.0,16032098.0
BYD,ATTO 3 SUPERIOR,2025,17150000.0,1420.0,16405475.0
BYD,ATTO3,2025,15300000.0,6500.0,
BYD,Atto 3,2024,16650000.0,33000.0,16203878.0
BYD,Atto 3,2025,15431250.0,10562.0,16032098.0
BYD,Atto 3 150KW,2024,16000000.0,24000.0,
BYD,Atto 3 Superior,2025,17050000.0,8075.0,16405475.0
BYD,Atto3,2025,16700000.0,2800.0,
BYD,Dolphin,2025,6750000.0,8250.0,
BYD,Dolphin Dynamic 70,2025,11650000.0,16000.0,
BYD,SEALION 6,2025,20993750.0,8275.0,19091940.0
BYD,Seal,2025,20850000.0,6200.0,
BYD,Sealion 5 Dynamic,2025,18200000.0,200.0,
BYD,Sealion 6,2025,16467500.0,5725.0,19091940.0
BYD,Sealion5,2025,18200000.0,100.0,
BYD,Shack 6,2025,25000000.0,3000.0,
BYD,Shark 6,2025,25150000.0,13750.0,
Baic,BEIJING X55 II LUXURY,2025,6500000.0,19065.0,
Baic,Beijing X55,2024,15500000.0,4100.0,
Baic,D20 Sedan,2018,5850000.0,86000.0,
Baic,Highest Grade,2025,14500000.0,10000.0,
Baic,X 25,2018,6800000.0,51000.0,
Baic,X 55 Ii,2025,15600000.0,30.0,
Baic,X25,2017,5825000.0,118500.0,6894874.0
Baic,X25,2018,5850000.0,97172.0,6996637.0
Baic,X25,2021,6475000.0,30000.0,7694182.0
Baic,X55,2025,15783333.0,15331.0,14501596.0
Baic,X55 11,2024,13500000.0,30000.0,
Baic,X55 I Luxury,2025,15650000.0,6400.0,
Baic,X55 Ii,2025,15600000.0,30.0,
Bajaj,Discover 125,2019,475000.0,45000.0,
Bajaj,QUTE,2018,1300000.0,36000.0,6057476.0
Bajaj,QUTE,2019,1350000.0,39500.0,5857355.0
Bajaj,Qute,2018,1250000.0,42148.0,6057476.0
Bajaj,Qute,2019,1340000.0,30357.0,5857355.0
Bajaj,Qute,2020,1357500.0,68000.0,5991274.0
Borgward,BX5,2019,11600000.0,77000.0,
CAT,CR27,1996,5200000.0,368963.0,
Chery,Fulwin 2Fl,2014,4375000.0,112000.0,
Chery,Fulwin 2fl,2014,4125000.0,98000.0,
Chery,Fulwin2FL,2014,4065000.0,162000.0,
Chery,J2,2016,4875000.0,138000.0,
Chery,J2 TX,2014,4160000.0,128000.0,
Chery,J2 Tx,2014,4265000.0,119600.0,
Chery,QQ,2005,1558333.0,104744.0,1519140.0
Chery,QQ,2006,1860625.0,146570.0,1522750.0
Chery,QQ,2007,1821786.0,85888.0,1495052.0
Chery,QQ,2008,1546800.0,65908.0,1554282.0
Chery,QQ,2009,1800000.0,38000.0,1620901.0
Chery,QQ,2010,1900000.0,100000.0,1698861.0
Chery,QQ,2011,2038333.0,56500.0,1718728.0
Chery,QQ,2012,1890000.0,78000.0,1708852.0
Chery,QQ,2015,2312500.0,74000.0,3038887.0
Chery,QQ 308,2007,1550000.0,75000.0,2295558.0
Chery,QQ 308,2008,1635000.0,68900.0,3095302.0
Chery,QQ Euro Spec,2015,2550000.0,127000.0,
Chery,QQ S11,2008,1750000.0,75192.0,
Chery,QQ308,2011,2175000.0,105000.0,
Chery,Qq,2005,1425000.0,120000.0,2088546.0
Chery,Qq,2006,1830000.0,119833.0,2138670.0
Chery,Qq,2007,1747500.0,59784.0,2105166.0
Chery,Qq,2008,1275000.0,110778.0,2887423.0
Chery,Qq,2010,1625000.0,86667.0,3108022.0
Chery,Qq,2012,2500000.0,18.0,3408182.0
Chery,Qq 308,2008,1700000.0,98000.0,3095302.0
Chery,Tiggo 4 Pro,2024,9900000.0,13500.0,
Chery,Tiggo 4pro,2025,11000000.0,10500.0,
Chery,Tiggo J 11,2014,6750000.0,150000.0,
Chery,Tiggo J11,2014,7200000.0,58000.0,
Chery,Tiggo PRO 4,2024,11500000.0,2200.0,
Chery,YOYO,2015,3095000.0,123.0,
Chevrolet,AVEO U-VA,2008,2670000.0,109000.0,
Chevrolet,Aveo,2007,2987500.0,87672.0,3577137.0
Chevrolet,Aveo,2008,2968750.0,121000.0,4137199.0
Chevrolet,Aveo 5,2010,4175000.0,118260.0,
Chevrolet,Aveo LS,2008,4275000.0,127000.0,
Chevrolet,Beat,2011,2990000.0,122000.0,
Chevrolet,Beat,2012,4200000.0,109000.0,
Chevrolet,Beat LT,2012,3787500.0,102668.0,
Chevrolet,CRUZE,2004,4295000.0,143610.0,4018127.0
Chevrolet,Chevrolet,2004,4400000.0,191900.0,
Chevrolet,Chevvolat,2004,4350000.0,17000.0,
Chevrolet,Cruze,2002,3875000.0,143553.0,3874250.0
Chevrolet,Cruze,2003,4083333.0,167480.0,3961643.0
Chevrolet,Cruze,2004,4027143.0,155710.0,3980450.0
Chevrolet,Cruze,2005,4050000.0,137430.0,3987483.0
Chevrolet,Cruze,2006,3813333.0,183000.0,4019864.0
Chevrolet,Cruze,2007,4650000.0,170000.0,4028790.0
Chevrolet,Cruze GM,2003,3875000.0,145000.0,
Chevrolet,Cruze GM Limited,2004,4250000.0,157000.0,
Chevrolet,Cruze Gm Model,2003,3750000.0,157400.0,
Chevrolet,Optra Magnum,2011,4250000.0,96872.0,
Chevrolet,Spark,2007,2200000.0,165900.0,
Chevrolet,UVA,2008,3200000.0,191000.0,
Chrysler,300,2012,19000000.0,33000.0,
Chrysler,300C,2007,8500000.0,107248.0,
Chrysler,300C,2013,16500000.0,90000.0,
Chrysler,C300,2012,18500000.0,108000.0,
Chrysler,Grand Voyager,2004,5425000.0,77000.0,5065927.0
Chrysler,Grand Voyager,2006,5300000.0,143000.0,5325161.0
Chrysler,P T Cruiser,2007,6250000.0,103000.0,
Citroen,CITROEN,1998,575000.0,165000.0,
Citroen,Citroen,1994,680000.0,100000.0,
Citroen,Xsara,2000,2050000.0,120000.0,
DFSK,520,2021,8800000.0,14000.0,
DFSK,580,2019,7950000.0,80000.0,6950312.0
DFSK,580,2020,8262500.0,52850.0,6943341.0
DFSK,580,2021,6893750.0,67688.0,6957878.0
DFSK,580,2023,9780000.0,53500.0,6830461.0
DFSK,580 Glory,2021,8225000.0,84100.0,
DFSK,580 Glory CVT L Turbo,2021,8900000.0,28000.0,
DFSK,580 GloryT CVT L,2019,8100000.0,35600.0,
DFSK,580 L Grade,2021,7875000.0,63000.0,
DFSK,580 Luxury,2021,8050000.0,82000.0,
DFSK,GLORY,2021,8500000.0,36000.0,6643876.0
DFSK,GLORY 580,2024,8800000.0,57000.0,6946820.0
DFSK,GLORY 660,2016,4800000.0,180000.0,
DFSK,GLORY I,2021,9250000.0,49000.0,12567345.0
DFSK,GLORY I,2023,12181667.0,39733.0,11646403.0
DFSK,GLory 580,2019,7690000.0,79000.0,6704722.0
DFSK,Glory,2016,4660000.0,118769.0,5129139.0
DFSK,Glory,2017,2600000.0,200000.0,5294736.0
DFSK,Glory,2018,5550000.0,90000.0,5202483.0
DFSK,Glory,2019,5795000.0,123.0,5515654.0
DFSK,Glory,2021,7100000.0,51040.0,6643876.0
DFSK,Glory,2022,8600000.0,60000.0,6333205.0
DFSK,Glory 330,2016,4254167.0,121833.0,3998995.0
DFSK,Glory 330,2019,5499999.0,90000.0,4775298.0
DFSK,Glory 330,2020,6200000.0,13100.0,5684632.0
DFSK,Glory 330,2021,5576000.0,81573.0,6337902.0
DFSK,Glory 330,2022,6050000.0,26900.0,6027231.0
DFSK,Glory 330,2023,6290000.0,20500.0,6035149.0
DFSK,Glory 330 TDI,2016,4175000.0,170000.0,
DFSK,Glory 580,2019,6581250.0,91075.0,6704722.0
DFSK,Glory 580,2020,8850000.0,79500.0,6694104.0
DFSK,Glory 580,2021,8578500.0,49560.0,6708641.0
DFSK,Glory 580,2022,8667500.0,39422.0,6616620.0
DFSK,Glory 580,2024,11200000.0,29500.0,6946820.0
DFSK,Glory 580 L,2021,8350000.0,63250.0,
DFSK,Glory 580 L Grade,2021,9200000.0,45000.0,
DFSK,Glory 580 Luxury,2021,8050000.0,82000.0,
DFSK,Glory 580 Turbo,2023,9450000.0,24999.0,
DFSK,Glory 580L,2021,8500000.0,32000.0,
DFSK,Glory 580T CVT L,2021,8475000.0,75000.0,
DFSK,Glory I Limited Edition,2024,13500000.0,9500.0,
DFSK,Glory I-AUTO,2025,15650000.0,25.0,9244466.0
DFSK,Glory I-Auto,2017,10600000.0,41000.0,9909184.0
DFSK,Glory I-Auto,2020,9750000.0,54000.0,9792968.0
DFSK,Glory I-Auto,2021,10618125.0,46175.0,9357881.0
DFSK,Glory I-Auto,2022,9902500.0,91850.0,9240876.0
DFSK,Glory I-Auto,2023,12378636.0,27501.0,9313569.0
DFSK,Glory I-Auto,2024,13778095.0,24557.0,10475955.0
DFSK,I Glory,2021,9990000.0,64000.0,
DFSK,I-AUTO,2021,10200000.0,320000.0,10136474.0
DFSK,I-AUTO,2023,11400000.0,47000.0,9356921.0
DFSK,I-Auto,2021,10750000.0,49500.0,10136474.0
DFSK,I-Auto,2022,12000000.0,39000.0,9283028.0
DFSK,I-Auto,2023,11400000.0,48850.0,9356921.0
DFSK,I-Auto,2024,14250000.0,12900.0,10213278.0
DFSK,I-Auto Limited Edition,2024,1395000.0,17100.0,
DFSK,Unimo Lokka,2016,2525000.0,85000.0,
DFSK,V27,2015,2950000.0,160000.0,
DFSK,V27,2016,3200000.0,73475.0,
DFSK,V27 Minibus,2015,3475000.0,74000.0,
Daewoo,Cielo,1996,1300000.0,186085.0,
Daewoo,Espero,1993,775000.0,123562.0,
Daewoo,Espero,1994,750000.0,10.0,
Daewoo,LEGANZA,2002,3275000.0,192015.0,
Daewoo,Lanos,2000,1322500.0,143000.0,3339501.0
Daewoo,Lanos,2001,1975000.0,100000.0,3437918.0
Daewoo,Lanos,2003,1650000.0,201000.0,3740730.0
Daewoo,Lanos Korea,2006,1925000.0,136000.0,
Daewoo,Leganza,2003,1650000.0,128000.0,
Daewoo,MIRA L GRADE,2024,6250000.0,3000.0,
Daewoo,Martiz,2002,1650000.0,90000.0,
Daewoo,Matiz,1999,1050000.0,137000.0,2552816.0
Daewoo,Matiz,2001,1750000.0,117500.0,2723883.0
Daewoo,Nubira,2000,2250000.0,128000.0,
Daewoo,Race,1994,435000.0,65255.0,
Daewoo,Racer,1993,792500.0,41429.0,3227680.0
Daewoo,Racer,1995,1000000.0,123.0,3255955.0
Daewoo,Racer,2001,2600000.0,161648.0,3748086.0
Daihatsu,320s,2007,4675000.0,119000.0,
Daihatsu,ATRAI,2013,1475000.0,146000.0,5689947.0
Daihatsu,Atrai,2000,3390000.0,142500.0,4001204.0
Daihatsu,Atrai,2015,5855000.0,84000.0,5593396.0
Daihatsu,Atrai,2016,5892000.0,72224.0,5388720.0
Daihatsu,Atrai,2017,6095000.0,111500.0,5399646.0
Daihatsu,Atrai,2018,6025000.0,127250.0,5676526.0
Daihatsu,Atrai S200,2004,3600000.0,150000.0,
Daihatsu,Atrai Wagon,2011,4650000.0,115124.0,5523482.0
Daihatsu,Atrai Wagon,2015,3787500.0,120000.0,6246724.0
Daihatsu,Atrai Wagon,2016,5700000.0,106000.0,6267461.0
Daihatsu,Atrai Wagon,2017,1875000.0,107000.0,6459974.0
Daihatsu,Atrai Wagon,2018,5875000.0,111000.0,6394703.0
Daihatsu,Atrai Wagon,2019,5700000.0,149000.0,6713563.0
Daihatsu,Atrai Wagon Custom,1999,3450000.0,123456.0,
Daihatsu,BOON,2017,7000000.0,101500.0,6890705.0
Daihatsu,Boon,2010,5200000.0,140000.0,6169668.0
Daihatsu,Boon,2017,7200000.0,49700.0,6890705.0
Daihatsu,Boon,2023,8175000.0,6810.0,6764115.0
Daihatsu,Boon Same Passo,2023,7790000.0,7900.0,
Daihatsu,CAST,2016,5500000.0,117000.0,
Daihatsu,CAST STYLE,2017,6300000.0,76000.0,
Daihatsu,CHARADE,1992,1695000.0,1.0,2089061.0
Daihatsu,Canbus,2023,7812500.0,10100.0,
Daihatsu,Canbus G,2023,6850000.0,12100.0,
Daihatsu,Canbus Stripes G,2023,7690000.0,7000.0,
Daihatsu,Cast,2016,6900000.0,83000.0,
Daihatsu,Cast Style,2017,5800000.0,98000.0,
Daihatsu,Charade,1980,650000.0,1000.0,718153.0
Daihatsu,Charade,1984,875000.0,1234.0,610093.0
Daihatsu,Charade,1985,1275000.0,69548.0,621825.0
Daihatsu,Charade,1986,1537500.0,76500.0,621825.0
Daihatsu,Charade,1987,906250.0,191272.0,683749.0
Daihatsu,Charade,1988,1150000.0,96500.0,697025.0
Daihatsu,Charade,1989,1262500.0,42088.0,749232.0
Daihatsu,Charade,1990,1575000.0,123456.0,961381.0
Daihatsu,Charade,1991,1275000.0,80000.0,1560979.0
Daihatsu,Charade,1993,2100000.0,171200.0,2060230.0
Daihatsu,Charade,2006,1300000.0,12345.0,3176251.0
Daihatsu,Charade G10,1991,1550000.0,78787.0,
Daihatsu,Charade G100s,1989,1750000.0,200000.0,
Daihatsu,Charade G100s,1990,1550000.0,140000.0,
Daihatsu,Charade G101s,1990,1375000.0,45450.0,
Daihatsu,Charade G11,1987,910000.0,85000.0,
Daihatsu,Charade G200,1997,2890000.0,161200.0,
Daihatsu,Charade G200s,1995,3600000.0,180000.0,
Daihatsu,Charade G30,1985,700000.0,175367.0,
Daihatsu,Charade G30,1986,1175000.0,1.0,
Daihatsu,Charade Gt Turbo,1987,2300000.0,200000.0,
Daihatsu,Charmant,1987,1358333.0,84400.0,1221312.0
Daihatsu,Charmant,1988,700000.0,25025.0,1273588.0
Daihatsu,Charmant,1991,1475000.0,1111.0,2218008.0
Daihatsu,Copen,2016,6550000.0,54000.0,5347054.0
Daihatsu,Copen,2017,6900000.0,68000.0,5357980.0
Daihatsu,Cuore,1990,1075000.0,90000.0,1322606.0
Daihatsu,Cuore,1992,2075000.0,103000.0,2040651.0
Daihatsu,Cuore,1998,2750000.0,168000.0,2563844.0
Daihatsu,Cuore Mira,1997,2150000.0,70000.0,
Daihatsu,DARK CROME VENTURE,2024,8600000.0,4000.0,
Daihatsu,Delta,1982,590000.0,166000.0,
Daihatsu,ESSE,2007,4200000.0,92000.0,
Daihatsu,EXCLUSIVE G Chrome,2024,8090000.0,900.0,
Daihatsu,Extol Hijet,2004,2890000.0,270000.0,
Daihatsu,F50,1979,2700000.0,30630.0,
Daihatsu,F50,1981,1600000.0,1.0,
Daihatsu,F55,1980,1200000.0,340732.0,
Daihatsu,Fun Cross,2023,8670000.0,7250.0,
Daihatsu,G 30,1988,790000.0,1234.0,
Daihatsu,G100,1987,1600000.0,500000.0,
Daihatsu,G100,1990,1475000.0,1111.0,
Daihatsu,G11,1984,975000.0,100000.0,
Daihatsu,GD- S200v,1999,2950000.0,266324.0,
Daihatsu,HIJET,2000,3275000.0,167000.0,3560340.0
Daihatsu,HIJET,2011,4850000.0,125.0,4709200.0
Daihatsu,HIJET,2012,4495000.0,150000.0,4773214.0
Daihatsu,HIJET,2016,6275000.0,90200.0,4975563.0
Daihatsu,HIJET CARGO,2024,7700000.0,300.0,6151140.0
Daihatsu,HiJet,2007,4375000.0,134000.0,3923246.0
Daihatsu,Hijet,1998,2700000.0,134710.0,2851634.0
Daihatsu,Hijet,1999,2886842.0,149601.0,2875750.0
Daihatsu,Hijet,2000,2983500.0,135959.0,2934887.0
Daihatsu,Hijet,2001,3245000.0,144232.0,3019292.0
Daihatsu,Hijet,2002,3387500.0,122500.0,3077089.0
Daihatsu,Hijet,2003,2211875.0,107928.0,3269819.0
Daihatsu,Hijet,2004,2912500.0,187805.0,3228520.0
Daihatsu,Hijet,2005,3282500.0,137500.0,3347998.0
Daihatsu,Hijet,2006,4150000.0,150000.0,3412018.0
Daihatsu,Hijet,2007,4183846.0,160333.0,3460406.0
Daihatsu,Hijet,2008,4381667.0,125700.0,3704818.0
Daihatsu,Hijet,2010,4400000.0,150000.0,4186775.0
Daihatsu,Hijet,2011,4605714.0,169000.0,4208937.0
Daihatsu,Hijet,2012,4690000.0,146650.0,4309425.0
Daihatsu,Hijet,2013,4513333.0,152748.0,4348010.0
Daihatsu,Hijet,2014,5300000.0,114000.0,4555219.0
Daihatsu,Hijet,2015,5540000.0,98000.0,4787547.0
Daihatsu,Hijet,2016,5175000.0,87625.0,4780115.0
Daihatsu,Hijet,2017,5175000.0,124000.0,5075880.0
Daihatsu,Hijet,2019,5050000.0,90000.0,5833775.0
Daihatsu,Hijet,2022,7100000.0,3000.0,6326644.0
Daihatsu,Hijet,2023,7025000.0,23000.0,6405691.0
Daihatsu,Hijet,2025,7200000.0,1980.0,6632703.0
Daihatsu,Hijet 321,2012,4875000.0,121000.0,
Daihatsu,Hijet Atrai,2015,1300000.0,1.0,5527071.0
Daihatsu,Hijet Atrai,2019,1300000.0,73000.0,4700751.0
Daihatsu,Hijet Atrai,2020,1300000.0,1.0,4749746.0
Daihatsu,Hijet Cargo,2011,4975000.0,115000.0,5292365.0
Daihatsu,Hijet Cargo,2014,4675000.0,155000.0,5589717.0
Daihatsu,Hijet Cargo,2023,7027000.0,16300.0,5720759.0
Daihatsu,Hijet Cargo Deluxe,2024,6990000.0,25000.0,
Daihatsu,Hijet Cargo S321,2014,4650000.0,125000.0,
Daihatsu,Hijet S 200,2002,550000.0,98000.0,
Daihatsu,Hijet S100v,1996,1870000.0,190000.0,
Daihatsu,Hijet S100v,1998,2800000.0,12345.0,
Daihatsu,Hijet S200,1999,3213333.0,133737.0,2881088.0
Daihatsu,Hijet S200,2000,2775000.0,190000.0,2932262.0
Daihatsu,Hijet S200,2002,3000000.0,220000.0,3073688.0
Daihatsu,Hijet S200V,2002,3340000.0,161000.0,
Daihatsu,Hijet S200v,1999,3095000.0,200000.0,
Daihatsu,Hijet S320,2007,4300000.0,158335.0,
Daihatsu,Hijet S321,2013,4550000.0,146985.0,5695946.0
Daihatsu,Hijet S321,2014,4530000.0,2.0,5621060.0
Daihatsu,Hijet S321,2017,5150000.0,106000.0,5421386.0
Daihatsu,Hijet S321,2021,5390000.0,65000.0,6381251.0
Daihatsu,Hijet S330,2006,4150000.0,168000.0,
Daihatsu,MIRA,2016,5400000.0,94000.0,5365866.0
Daihatsu,MIRA,2023,6600000.0,4000.0,5330408.0
Daihatsu,MIRA,2024,6535833.0,6585.0,5478089.0
Daihatsu,MIRA,2025,6900000.0,280.0,5648464.0
Daihatsu,MIRA ES,2019,5650000.0,180000.0,6018917.0
Daihatsu,MIRA ES,2024,6490000.0,7425.0,6065217.0
Daihatsu,MIRA ES G LIMITED,2023,7175000.0,6000.0,
Daihatsu,MIRA ES L,2024,6625000.0,3508.0,5977936.0
Daihatsu,MIRA ES L,2025,6500000.0,3347.0,6254096.0
Daihatsu,MIRA ES L GRADE,2024,6395000.0,3456.0,
Daihatsu,MIRA ES L SA3 Safety Edition,2024,6550000.0,2000.0,
Daihatsu,MIRA ES SAFETY,2024,6550000.0,800.0,
Daihatsu,MIRA ES SAFETY,2025,6320000.0,12.0,
Daihatsu,MIRA ES X LIMITED LED,2024,7190000.0,300.0,
Daihatsu,MIRA Eis,2017,5325000.0,154000.0,
Daihatsu,MIRA G GRADE ANNIVERSARY,2025,7550000.0,4000.0,
Daihatsu,MIRA G SA III,2025,7390000.0,600.0,
Daihatsu,MIRA L GRADE,2024,6250000.0,1500.0,6113964.0
Daihatsu,MIRA L GRADE SAFETY,2024,6550000.0,3800.0,5996561.0
Daihatsu,MIRA L LIMITED SA3 HATCHBACK,2023,6295000.0,6700.0,
Daihatsu,MIRA L SAFETY,2024,6650000.0,5450.0,5928634.0
Daihatsu,MIRA L Safety,2024,6490000.0,4000.0,5928634.0
Daihatsu,MIRA L- SA3,2024,6510000.0,4101.0,
Daihatsu,MIRA X GRADE,2025,6750000.0,1900.0,6391623.0
Daihatsu,MIRA X GRADE PLEO Plus,2023,6450000.0,10000.0,
Daihatsu,MIRA X Grade,2024,6850000.0,3000.0,6294692.0
Daihatsu,MIRA X LIMITED,2023,7250000.0,5000.0,6100342.0
Daihatsu,MIRA X LIMITED,2024,7020000.0,3004.0,6370653.0
Daihatsu,MIRA X LIMITED LED,2024,6850000.0,1400.0,
Daihatsu,MIRA X Limited,2024,6975000.0,3000.0,6370653.0
Daihatsu,MOVE,2015,6200000.0,88000.0,5918656.0
Daihatsu,MOVE,2016,6050000.0,120000.0,5760792.0
Daihatsu,MOVE X LIMITED,2023,7250000.0,19000.0,
Daihatsu,Mira,1985,2000000.0,188000.0,1305289.0
Daihatsu,Mira,1989,1100000.0,200000.0,1516349.0
Daihatsu,Mira,1997,1712500.0,134228.0,3055717.0
Daihatsu,Mira,2001,3048750.0,170864.0,3291741.0
Daihatsu,Mira,2002,3490000.0,98000.0,3348735.0
Daihatsu,Mira,2003,4112500.0,152500.0,3451127.0
Daihatsu,Mira,2006,1250000.0,131000.0,3736443.0
Daihatsu,Mira,2008,4278333.0,145667.0,4168471.0
Daihatsu,Mira,2010,4900000.0,82000.0,4378099.0
Daihatsu,Mira,2014,5395000.0,76500.0,5140299.0
Daihatsu,Mira,2015,4147500.0,107600.0,5138945.0
Daihatsu,Mira,2016,5170000.0,93889.0,4966578.0
Daihatsu,Mira,2017,5706111.0,180112.0,4824032.0
Daihatsu,Mira,2019,5650000.0,180000.0,4638860.0
Daihatsu,Mira,2020,5890000.0,60000.0,4613984.0
Daihatsu,Mira,2022,7600000.0,12060.0,4973780.0
Daihatsu,Mira,2023,4993545.0,16582.0,5178233.0
Daihatsu,Mira,2024,6331579.0,3118.0,5342960.0
Daihatsu,Mira,2025,6725000.0,2675.0,5708673.0
Daihatsu,Mira Cuore,1985,1537500.0,220000.0,1310362.0
Daihatsu,Mira Cuore,1987,1737500.0,190000.0,1421563.0
Daihatsu,Mira Cuore,1991,1475000.0,85000.0,1883538.0
Daihatsu,Mira E.S,2017,6100000.0,104000.0,
Daihatsu,Mira EIS,2016,5550000.0,105000.0,
Daihatsu,Mira ES,2023,6353750.0,8151.0,5673908.0
Daihatsu,Mira ES,2024,6460833.0,11200.0,6065217.0
Daihatsu,Mira ES,2025,6900000.0,22.0,6367297.0
Daihatsu,Mira ES G Limited,2024,7250000.0,12982.0,
Daihatsu,Mira ES L,2024,6545000.0,2974.0,5977936.0
Daihatsu,Mira ES L Grade,2023,6300000.0,19000.0,
Daihatsu,Mira ES L Grade,2025,6475000.0,100.0,
Daihatsu,Mira ES L SA3,2023,6550000.0,26000.0,
Daihatsu,Mira ES L SA3,2025,6390000.0,1900.0,
Daihatsu,Mira ES SA III L Grade,2024,6425000.0,7100.0,
Daihatsu,Mira ES X,2024,6750000.0,2400.0,
Daihatsu,Mira ES X LED,2025,6990000.0,610.0,
Daihatsu,Mira ES X LTD,2023,6750000.0,7300.0,
Daihatsu,Mira ES X Limited,2024,6970000.0,2375.0,6363446.0
Daihatsu,Mira ES X Limited LA350S,2024,6750000.0,2100.0,
Daihatsu,Mira ES X Limited Safety,2023,6875000.0,19000.0,
Daihatsu,Mira ES3,2024,6600000.0,4500.0,
Daihatsu,Mira Eis,2017,5450000.0,107000.0,
Daihatsu,Mira Eis LSA3,2023,6290000.0,3000.0,
Daihatsu,Mira Eis X,2024,7085000.0,329.0,
Daihatsu,Mira Es,2015,5590000.0,89261.0,5643432.0
Daihatsu,Mira Es,2016,5350000.0,108000.0,5438755.0
Daihatsu,Mira Es,2017,5825000.0,57142.0,5449682.0
Daihatsu,Mira Es,2023,6550000.0,7500.0,5673908.0
Daihatsu,Mira Es,2024,6636667.0,3067.0,6065217.0
Daihatsu,Mira Es G Grade,2024,6975000.0,25000.0,
Daihatsu,Mira Es L Grade,2024,6800000.0,2910.0,
Daihatsu,Mira Es L Safety,2024,5900000.0,3000.0,
Daihatsu,Mira Es SA3 X,2024,6950000.0,450.0,
Daihatsu,Mira Es Safety X Limited,2025,6990000.0,2000.0,
Daihatsu,Mira Es X Limited,2023,6975000.0,6000.0,6093135.0
Daihatsu,Mira Es X Limited,2024,6925000.0,2738.0,6363446.0
Daihatsu,Mira Es X Limited,2025,7075000.0,258.0,6448226.0
Daihatsu,Mira G,2017,5775000.0,117125.0,
Daihatsu,Mira G,2024,6990000.0,4628.0,
Daihatsu,Mira G Auction S AA,2025,7495000.0,20.0,
Daihatsu,Mira G Grade,2025,7500000.0,200.0,
Daihatsu,Mira G Limited,2024,7150000.0,9250.0,
Daihatsu,Mira G Limited SA III,2024,7265000.0,1709.0,
Daihatsu,Mira G SA3 Safety,2024,7295000.0,6000.0,
Daihatsu,Mira L,2023,6575000.0,8000.0,5742328.0
Daihatsu,Mira L,2024,6550000.0,10700.0,6057517.0
Daihatsu,Mira L,2025,5900000.0,3000.0,6350028.0
Daihatsu,Mira L Grade,2023,5136250.0,6487.0,5988964.0
Daihatsu,Mira L Grade,2024,6170000.0,4304.0,6113964.0
Daihatsu,Mira L Grade Safety,2023,6550000.0,4900.0,5709481.0
Daihatsu,Mira L Grade Safety,2024,6450000.0,1800.0,5996561.0
Daihatsu,Mira L Limited,2025,6400000.0,500.0,
Daihatsu,Mira L SA3,2023,6390000.0,17007.0,
Daihatsu,Mira L SA3,2024,6600000.0,9200.0,
Daihatsu,Mira L SA3 660cc Import,2023,6100000.0,10000.0,
Daihatsu,Mira L SA3 Import,2024,5950000.0,4000.0,
Daihatsu,Mira L Safety,2022,6490000.0,13000.0,5588054.0
Daihatsu,Mira L Safety,2023,6245000.0,3284.0,5537325.0
Daihatsu,Mira L Safety,2024,6350000.0,3450.0,5928634.0
Daihatsu,Mira LA300S,2015,5450000.0,110813.0,
Daihatsu,Mira LA350F X SAIII,2018,5580000.0,114000.0,
Daihatsu,Mira LA350S,2017,5350000.0,135000.0,
Daihatsu,Mira LED,2017,5600000.0,99000.0,
Daihatsu,Mira LS3 Safety,2024,6550000.0,1732.0,
Daihatsu,Mira LSA3 Safety,2024,6590000.0,1290.0,
Daihatsu,Mira Pixis,2023,6850000.0,3000.0,
Daihatsu,Mira Pixis G Grade,2023,6950000.0,3500.0,
Daihatsu,Mira SA3,2023,6650000.0,10000.0,
Daihatsu,Mira SA3 X Safety,2025,6795000.0,3000.0,
Daihatsu,Mira Sa3 Premium X Grade,2024,6975000.0,1000.0,
Daihatsu,Mira Safety SA 3 L,2023,6275000.0,14000.0,
Daihatsu,Mira X,2024,6975000.0,2700.0,
Daihatsu,Mira X GRADE SAFETY,2024,6690000.0,3000.0,
Daihatsu,Mira X Grade,2015,5390000.0,98000.0,5944365.0
Daihatsu,Mira X Grade,2024,6850000.0,2000.0,6294692.0
Daihatsu,Mira X Grade,2025,6750000.0,6000.0,6391623.0
Daihatsu,Mira X IMPORT,2024,6390000.0,3000.0,
Daihatsu,Mira X LIMITED Safety,2024,6790000.0,2900.0,
Daihatsu,Mira X Limited,2016,5300000.0,118100.0,5713161.0
Daihatsu,Mira X Limited,2023,6793750.0,7405.0,6100342.0
Daihatsu,Mira X Limited,2024,6956250.0,4285.0,6370653.0
Daihatsu,Mira X Limited,2025,7250000.0,258.0,6455432.0
Daihatsu,Mira X Limited LED,2023,6350000.0,19000.0,
Daihatsu,Mira X Limited LED Safety,2024,6800000.0,17000.0,
Daihatsu,Mira X Limited SA3,2024,6775000.0,1600.0,
Daihatsu,Mira X Limited Sa3,2025,6880000.0,28.0,
Daihatsu,Mira X Limted LED,2024,6800000.0,2000.0,
Daihatsu,Mira X SA3,2024,6800000.0,1929.0,
Daihatsu,Mira X SA3 IMPORT,2024,6550000.0,7000.0,
Daihatsu,Mira XL,2017,5750000.0,88000.0,
Daihatsu,Mirra G GRADE,2023,7600000.0,6192.0,
Daihatsu,Move,2007,4200000.0,157000.0,5271836.0
Daihatsu,Move,2016,5800000.0,109000.0,5760792.0
Daihatsu,Move,2017,6075000.0,74333.0,5801330.0
Daihatsu,Move,2018,6775000.0,51000.0,6001279.0
Daihatsu,Move,2023,7133333.0,8520.0,6026605.0
Daihatsu,Move Custom GR Sport LED Turbo,2017,6350000.0,110000.0,
Daihatsu,Move Custom LED,2023,7550000.0,40000.0,
Daihatsu,PASSO BOON,2017,7590000.0,75190.0,
Daihatsu,Passo Boon,2007,4700000.0,170.0,
Daihatsu,Pixis,2017,4200000.0,77500.0,
Daihatsu,QD,2000,3100000.0,100.0,
Daihatsu,ROCKY 1.2 PREMIUM G RAIZE,2024,12650000.0,2000.0,
Daihatsu,ROCKY E-Smart Premium,2023,12200000.0,11000.0,
Daihatsu,ROCKY ESmart G Premium,2024,13000000.0,6000.0,
Daihatsu,ROCKY PREMIUM G,2023,1150000.0,15000.0,12049413.0
Daihatsu,ROCKY PREMIUM G HEV,2025,13350000.0,2656.0,
Daihatsu,ROCKY Premium G,2023,11690000.0,8900.0,12049413.0
Daihatsu,Raize Rocky,2020,10750000.0,70000.0,
Daihatsu,Rocky,1984,3850000.0,175000.0,2588645.0
Daihatsu,Rocky,2019,11000000.0,70000.0,9182541.0
Daihatsu,Rocky,2024,13600000.0,5600.0,8884482.0
Daihatsu,Rocky,2025,13800000.0,7500.0,9161328.0
Daihatsu,Rocky G Premim,2023,12950000.0,18537.0,
Daihatsu,Rocky G Premium,2023,12500000.0,12000.0,
Daihatsu,Rocky Hybrid G Premium,2023,12250000.0,14200.0,
Daihatsu,Rocky Premium G,2023,12983333.0,16533.0,12049413.0
Daihatsu,Rocky Premium G 1200,2024,12000000.0,5230.0,
Daihatsu,Rocky Premium G HEV,2025,13095000.0,11000.0,
Daihatsu,Rocky Premium G Hybrid,2024,13500000.0,14800.0,
Daihatsu,Roky Raiz G Grade,2023,11650000.0,180004.0,
Daihatsu,S200,2000,3012500.0,152500.0,3078417.0
Daihatsu,S200,2001,3150000.0,153000.0,3152215.0
Daihatsu,S200,2002,2900000.0,155366.0,3221722.0
Daihatsu,S200v,2002,3150000.0,140.0,
Daihatsu,S210v,1999,3225000.0,172500.0,
Daihatsu,S230v,2005,4100000.0,160000.0,
Daihatsu,S320,2007,4400000.0,159000.0,
Daihatsu,S320V,2007,3950000.0,145000.0,
Daihatsu,TAFT,2023,7700000.0,24500.0,7127538.0
Daihatsu,TAFT,2024,7187500.0,3478.0,7357840.0
Daihatsu,TAFT,2025,8600000.0,2200.0,7441567.0
Daihatsu,TAFT Dark Chrome Venture,2025,8460000.0,850.0,
Daihatsu,TAFT G,2023,7650000.0,17000.0,7278107.0
Daihatsu,TAFT G,2024,8190000.0,9000.0,7529998.0
Daihatsu,TAFT G CHROME VENTURE,2023,8075000.0,317.0,7083234.0
Daihatsu,TAFT G CHROME VENTURE,2024,8150000.0,6915.0,7335125.0
Daihatsu,TAFT G Chrome TURBO,2024,8800000.0,3000.0,
Daihatsu,TAFT G Chrome Venture,2023,8300000.0,8000.0,7083234.0
Daihatsu,TAFT G Chrome Venture,2024,8685000.0,2000.0,7335125.0
Daihatsu,TAFT G Chrome Venture,2025,8550000.0,4000.0,7378345.0
Daihatsu,TAFT G Chrome Venture Edition,2023,1800000.0,8400.0,
Daihatsu,TAFT G DARK CHROME VENTURE,2023,8525000.0,370.0,
Daihatsu,TAFT G Dark Chrome Venture,2025,8195000.0,2006.0,
Daihatsu,TAFT G Inercooler Turbo,2023,7650000.0,14000.0,
Daihatsu,TAFT G MOON ROOF,2023,7850000.0,12000.0,6952237.0
Daihatsu,TAFT G MOON ROOF,2024,8100000.0,3500.0,7218290.0
Daihatsu,TAFT G TURBO DARK CHROME VENTURE,2024,8675000.0,400.0,
Daihatsu,TAFT G TURBO DARK CHROME VENTURE,2025,8125000.0,9200.0,
Daihatsu,TAFT G TURBO Dark Chrome Venture,2024,8590000.0,8.0,
Daihatsu,TAFT X Dark Chrome,2025,7975000.0,1500.0,
Daihatsu,TANTO,2023,7600000.0,15662.0,6683309.0
Daihatsu,TANTO,2024,7995000.0,9074.0,6995156.0
Daihatsu,TERIOS,2007,5950000.0,150000.0,3824549.0
Daihatsu,THOR,2024,10700000.0,300.0,8589517.0
Daihatsu,THOR ROOMY,2023,8975000.0,10000.0,
Daihatsu,THOR ROOMY CUSTOM GT,2023,9950000.0,18000.0,
Daihatsu,Taft,2023,7872500.0,37875.0,7127538.0
Daihatsu,Taft,2024,8275000.0,3286.0,7357840.0
Daihatsu,Taft,2025,8000000.0,2100.0,7441567.0
Daihatsu,Taft Dark Chrome,2024,8500000.0,19000.0,
Daihatsu,Taft Dark Chrome Turbo,2024,8095000.0,8000.0,
Daihatsu,Taft G,2023,8075000.0,10000.0,7278107.0
Daihatsu,Taft G,2024,8170000.0,2900.0,7529998.0
Daihatsu,Taft G,2025,8550000.0,10.0,7592876.0
Daihatsu,Taft G Chrom,2023,7650000.0,11000.0,
Daihatsu,Taft G Chrome,2023,7850000.0,10900.0,
Daihatsu,Taft G Chrome Special Edition,2023,7990000.0,2000.0,
Daihatsu,Taft G Chrome Venture,2023,7800000.0,8333.0,7083234.0
Daihatsu,Taft G Chrome Venture,2024,8268750.0,4650.0,7335125.0
Daihatsu,Taft G Chrome Venture,2025,8395000.0,11000.0,7378345.0
Daihatsu,Taft G Chrome Venture Cruze,2024,8750000.0,250.0,
Daihatsu,Taft G Crome Premium Venture,2023,8190000.0,40000.0,
Daihatsu,Taft G Dark Chrome Venture,2023,8450000.0,17.0,
Daihatsu,Taft G Grade,2024,8337500.0,1645.0,
Daihatsu,Taft G Turbo Chrome,2024,7950000.0,2000.0,
Daihatsu,Taft G Turbo Chrome Wench,2023,8275000.0,31000.0,
Daihatsu,Taft G VENTURE,2024,8700000.0,4000.0,
Daihatsu,Taft GDark Chrome Venture,2025,8650000.0,1.0,
Daihatsu,Taft Turbo G,2023,8400000.0,29000.0,
Daihatsu,Taft X Grade,2023,7950000.0,15000.0,
Daihatsu,Taft X Grade,2025,8775000.0,32.0,
Daihatsu,Taft X Limited Moonroof,2025,7750000.0,5600.0,
Daihatsu,Taft-G Chrome,2024,8300000.0,8980.0,
Daihatsu,Tanto,2016,7050000.0,32000.0,6455844.0
Daihatsu,Tanto,2017,5650000.0,102000.0,6467376.0
Daihatsu,Tanto,2022,8850000.0,4800.0,6707186.0
Daihatsu,Tanto,2023,8112500.0,5662.0,6683309.0
Daihatsu,Tanto,2024,7947500.0,3670.0,6995156.0
Daihatsu,Tanto,2025,8375000.0,1750.0,7045343.0
Daihatsu,Tanto Custom RS Turbo,2023,8350000.0,7100.0,
Daihatsu,Tanto Custom RS Turbo,2024,8350000.0,16000.0,
Daihatsu,Tanto Custom X,2023,8495000.0,15500.0,
Daihatsu,Tanto Spacia Model,2024,8590000.0,400.0,
Daihatsu,Tanto X,2025,7500000.0,1000.0,
Daihatsu,Terios,1997,3150000.0,172000.0,3461394.0
Daihatsu,Terios,1999,4200000.0,150000.0,3462660.0
Daihatsu,Terios,2000,4150000.0,105060.0,3500943.0
Daihatsu,Terios,2001,3585000.0,127200.0,3508438.0
Daihatsu,Terios,2002,4850000.0,185000.0,3582824.0
Daihatsu,Terios,2004,4250000.0,114000.0,3708293.0
Daihatsu,Terios,2006,5875000.0,196000.0,3777663.0
Daihatsu,Terios,2007,5852375.0,161000.0,3824549.0
Daihatsu,Terios,2008,7050000.0,152000.0,4368382.0
Daihatsu,Terios,2010,8300000.0,61000.0,4751377.0
Daihatsu,Terios,2011,7570000.0,136400.0,4762006.0
Daihatsu,Terios,2012,7500000.0,130000.0,4860064.0
Daihatsu,Terios,2014,7966667.0,105967.0,5455913.0
Daihatsu,Terios G Grade,2011,6850000.0,136000.0,
Daihatsu,Terios KID,2007,5475000.0,140000.0,
Daihatsu,Terios Kid,2005,4975000.0,170000.0,
Daihatsu,Terios Premium,2010,7190000.0,125000.0,
Daihatsu,Terios Premium,2011,8650000.0,116000.0,
Daihatsu,Thor,2017,7500000.0,68000.0,9718542.0
Daihatsu,Thor,2023,9062500.0,3750.0,8368864.0
Daihatsu,Thor,2024,11300000.0,2000.0,8589517.0
Daihatsu,Thor GT Turbo,2023,9875000.0,10000.0,
Daihatsu,Thor Gs Custom,2024,9775000.0,11000.0,
Daihatsu,YRV,2002,3575000.0,165687.0,
Daihatsu,Zebra,1999,1750000.0,60000.0,
Datsun,510,1970,1175000.0,111.0,
Datsun,510 Sporty,1969,1400000.0,123456.0,
Datsun,B211,1978,850000.0,1.0,
Datsun,HB11,1985,995000.0,220534.0,
Datsun,HB310,1980,1225000.0,220000.0,
Datsun,Redi-GO,2016,2727778.0,108054.0,5113381.0
Datsun,Redi-GO,2017,3485833.0,89280.0,5090295.0
Datsun,Redi-Go,2016,3395000.0,84000.0,5113381.0
Datsun,Redi-go,2016,3246667.0,46749.0,5113381.0
Datsun,Sunny,1978,700000.0,1111.0,
Datsun,Sunny B211,1976,620000.0,67000.0,
Ducati,Diavel Carbon Matte,2018,2000000.0,7516.0,
Fiat,1100,1960,2050000.0,123.0,
Fiat,500S,2018,7200000.0,40000.0,
Fiat,Doblo,2006,3950000.0,130000.0,
Fiat,Fiat,2011,3100000.0,135000.0,
Fiat,Grande Punto,2007,3500000.0,229300.0,
Fiat,LINEA,2011,3290000.0,187457.0,
Fiat,Linea,2011,3460000.0,195000.0,
Fiat,PUNTO,1998,1750000.0,12345.0,
Fiat,PUNTO,2002,2425000.0,12000.0,
Fiat,Punto,1998,975000.0,12345.0,
Fiat,Punto,2007,3500000.0,140000.0,
Fiat,Uno,1985,1020000.0,45000.0,
Fiat,Uno,1995,960000.0,58000.0,
Fiat,Uno 45,1988,850000.0,130000.0,
Fiat,Uno 45,1990,1030000.0,120000.0,
Ford,ANGLIA,1961,500000.0,68000.0,
Ford,Anglia,1968,1100000.0,56000.0,
Ford,Bj5,2000,2975000.0,15433.0,
Ford,Capri,1975,350000.0,15000.0,
Ford,Cortina,1979,1500000.0,96000.0,
Ford,Cortina A Mk 4,1979,650000.0,25000.0,
Ford,Deluxe,1956,2200000.0,58432.0,
Ford,ESCORT Mk1 MEXICO,1969,3900000.0,40000.0,
Ford,Ecosport,2014,7500000.0,75000.0,
Ford,Ecosport Titanium,2015,7141667.0,105667.0,7778425.0
Ford,Ecosport Titanium,2017,7662500.0,129000.0,7681455.0
Ford,Everest,2011,11500000.0,128000.0,
Ford,Everest Limited Edition,2013,13000000.0,96000.0,
Ford,FESTIVA GL,1995,1750000.0,239838.0,
Ford,FOCUS,2000,3275000.0,193000.0,3919509.0
Ford,Festiva,1993,1200000.0,150000.0,2011769.0
Ford,Festiva,1994,1767500.0,142500.0,2040044.0
Ford,Festiva,1996,1620000.0,167000.0,2254399.0
Ford,Festiva,1997,2275000.0,160000.0,2648090.0
Ford,Festiva Gl,1994,785000.0,120000.0,
Ford,Fiesta,2011,5590000.0,122000.0,8662107.0
Ford,Fiesta,2012,5725000.0,142485.0,9069175.0
Ford,Fiesta,2014,9500000.0,490000.0,10124659.0
Ford,Fiesta,2015,9950000.0,98451.0,10097399.0
Ford,Fiesta,2016,9525000.0,75215.0,9972036.0
Ford,Focus,2000,3850000.0,160000.0,3919509.0
Ford,Focus,2001,2850000.0,192000.0,3953937.0
Ford,Focus,2011,5500000.0,153000.0,5065516.0
Ford,Focus,2012,8500000.0,92000.0,5166703.0
Ford,Focus C Max Ghia,2011,6600000.0,145000.0,
Ford,Focus Titanium Plus,2013,9200000.0,87300.0,
Ford,LASER,1991,1600000.0,237379.0,2041387.0
Ford,LASER,1998,2808333.0,222348.0,2443682.0
Ford,LASER,2000,2875000.0,153000.0,2492112.0
Ford,LASER XL,1993,1850000.0,265000.0,
Ford,Laser,1982,750000.0,160000.0,1407426.0
Ford,Laser,1983,1250000.0,2.0,1414374.0
Ford,Laser,1984,1170000.0,111512.0,1409225.0
Ford,Laser,1985,875000.0,10000.0,1529294.0
Ford,Laser,1989,1687500.0,261532.0,1813494.0
Ford,Laser,1990,1825000.0,25476.0,1905490.0
Ford,Laser,1991,1550000.0,155245.0,2041387.0
Ford,Laser,1992,1795000.0,198455.0,2225598.0
Ford,Laser,1993,1700000.0,190102.0,2208549.0
Ford,Laser,1994,1850000.0,55555.0,2236824.0
Ford,Laser,1997,2450000.0,12.0,2511130.0
Ford,Laser,1998,2775000.0,119333.0,2443682.0
Ford,Laser,2000,3301500.0,171358.0,2492112.0
Ford,Laser,2001,3500000.0,2.0,2549437.0
Ford,Laser,2002,3375000.0,135000.0,2725751.0
Ford,Laser,2020,3285000.0,95680.0,7245275.0
Ford,Laser GL,1993,2100000.0,200000.0,
Ford,Laser Ghia,1992,1350000.0,320000.0,
Ford,Laser Ghia,1999,3050000.0,230602.0,
Ford,Prefect,1956,350000.0,76443.0,
Ford,Prefect 105E,1960,1500000.0,45687.0,
Ford,Ranger,2005,6300000.0,225000.0,13219519.0
Ford,Ranger,2013,16500000.0,140000.0,15463137.0
Ford,Ranger,2014,13850000.0,172000.0,15048809.0
Ford,Ranger,2015,17500000.0,135000.0,15054818.0
Ford,Ranger,2016,14250000.0,141000.0,15859636.0
Ford,Ranger,2018,17000000.0,176000.0,15372135.0
Ford,Ranger 3.2L,2015,15200000.0,113000.0,
Ford,Ranger Raptor,2014,17800000.0,121500.0,19087973.0
Ford,Ranger Raptor,2017,18500000.0,110000.0,19338869.0
Ford,Ranger Raptor,2018,22500000.0,120000.0,18992936.0
Ford,Ranger Raptor,2020,25500000.0,105000.0,19731406.0
Ford,Raptor,2025,19000000.0,11000.0,
Ford,Raptor 150,2018,20800000.0,93000.0,
Foton,C22ASN Saga,1987,875000.0,228000.0,
Foton,Saga,1988,725000.0,1.0,
Foton,View CS2,2025,17800000.0,111.0,
Hillman,AVENGER,1971,2200000.0,100000.0,
Honda,ACTY,1999,800000.0,240000.0,3499640.0
Honda,Accord,1997,3500000.0,195000.0,4498908.0
Honda,Accord,1998,4000000.0,260000.0,4484036.0
Honda,Accord,2001,4450000.0,192000.0,4648509.0
Honda,Accord,2004,4600000.0,183000.0,5132211.0
Honda,Accord,2006,7200000.0,188000.0,5169102.0
Honda,Accord CD3,1997,2690000.0,250000.0,
Honda,Accord CF4,2002,5500000.0,233500.0,
Honda,Accord CF9,1981,1070000.0,30000.0,1787884.0
Honda,Accord CF9,1998,3350000.0,170000.0,3708975.0
Honda,Accord CF9,2000,4650000.0,219000.0,3967108.0
Honda,Accord CF9,2001,3895000.0,186000.0,4008476.0
Honda,Accord CR6 EX,2013,13500000.0,176000.0,
Honda,Accord Cb1,1992,2500000.0,230000.0,
Honda,Accord UK Limited,2000,4000000.0,156000.0,
Honda,Acty,1996,1850000.0,180000.0,3116616.0
Honda,Acty,1999,3150000.0,180000.0,3499640.0
Honda,Acty,2001,2875000.0,180000.0,3735027.0
Honda,Acty,2004,2425000.0,135500.0,3958905.0
Honda,Acty,2007,4375000.0,12345.0,4041064.0
Honda,AirWave,2008,5950000.0,220000.0,5851954.0
Honda,Airwave,2007,4504167.0,122006.0,5654089.0
Honda,Airwave,2008,6200000.0,229850.0,5851954.0
Honda,Aria,2007,4700000.0,223245.0,
Honda,Aria,2008,550000.0,141000.0,
Honda,BR-V,2017,11080000.0,109500.0,10405640.0
Honda,CITY,2003,4562500.0,195900.0,4297051.0
Honda,CITY,2007,4850000.0,162300.0,4258650.0
Honda,CITY RS TURBO,2025,14000000.0,24.0,13829506.0
Honda,CIVIC,1987,580000.0,14215.0,3620955.0
Honda,CIVIC,2016,9800000.0,143144.0,12094900.0
Honda,CIVIC,2017,11550000.0,108762.0,11962044.0
Honda,CIVIC,2018,12900000.0,121000.0,12168003.0
Honda,CIVIC EK3,1996,3940000.0,260000.0,3232395.0
Honda,CIVIC ES1,2003,5075000.0,137450.0,5185730.0
Honda,CIVIC ES1,2004,5500000.0,250000.0,5174003.0
Honda,CIVIC ES8 VTEC,2001,5575000.0,189000.0,
Honda,CIVIC EX,2017,14000000.0,51000.0,12452270.0
Honda,CIVIC EX,2018,12825000.0,70250.0,13020405.0
Honda,CIVIC EX,2019,13025000.0,68500.0,13894551.0
Honda,CIVIC EX VTEC,2018,12795000.0,33500.0,
Honda,CIVIC FD1,2007,6590000.0,136980.0,3590670.0
Honda,CIVIC FD3,2010,7590000.0,165657.0,6923110.0
Honda,CIVIC FD4,2010,7275000.0,187000.0,7125016.0
Honda,CIVIC FK6,2017,12750000.0,93000.0,
Honda,CIVIC Techpack,2018,1360000.0,70000.0,
Honda,CIVIC VTI,2017,10100000.0,165211.0,
Honda,CRV,1999,5125000.0,170000.0,5562257.0
Honda,CRV,2000,4995000.0,258467.0,5610573.0
Honda,CRV,2003,6750000.0,173000.0,6806050.0
Honda,CRV,2006,6485000.0,195000.0,7425081.0
Honda,CRV,2007,7210000.0,163246.0,8361072.0
Honda,CRV,2008,8300000.0,161217.0,8151188.0
Honda,CRV,2010,8496667.0,185333.0,10106702.0
Honda,CRV,2011,8943750.0,196245.0,10177464.0
Honda,CRV,2012,10687500.0,153000.0,11262213.0
Honda,CRV,2013,12433333.0,127333.0,12573019.0
Honda,CRV,2014,12825000.0,122000.0,14542237.0
Honda,CRV,2015,12600000.0,163000.0,14687419.0
Honda,CRV,2017,14408667.0,143667.0,17153702.0
Honda,CRV,2018,16142097.0,101123.0,17740630.0
Honda,CRV,2019,19762273.0,93600.0,17953933.0
Honda,CRV,2025,29500000.0,1500.0,19234098.0
Honda,CRV 2 DRIVE,2018,19500000.0,81000.0,
Honda,CRV AUSTRALIAN 7 SEATS,2018,16500000.0,120000.0,
Honda,CRV AWD,2018,21500000.0,47500.0,
Honda,CRV AWD,2019,18900000.0,116800.0,
Honda,CRV Australia,2018,20000000.0,50600.0,
Honda,CRV EX MASTERPIECE AWD,2018,20300000.0,48500.0,
Honda,CRV JAPAN,2019,21250000.0,47000.0,
Honda,CRV JAPAN MASTERPIECE,2018,21000000.0,89000.0,18344982.0
Honda,CRV JAPAN MASTERPIECE,2019,20850000.0,66000.0,18645825.0
Honda,CRV JAPAN MASTERPIECE 7 SEATS,2019,19700000.0,27000.0,
Honda,CRV Japan,2019,19750000.0,89000.0,
Honda,CRV Japan,2020,18250000.0,90000.0,
Honda,CRV L7 AUSTRALIA,2024,29800000.0,100.0,
Honda,CRV MASTERPIECE,2018,1690000.0,130000.0,17905329.0
Honda,CRV MASTERPIECE EX JAPAN,2018,18850000.0,96000.0,
Honda,CRV Masterpiece,2018,18725000.0,92000.0,17905329.0
Honda,CRV Masterpiece,2019,20175000.0,77000.0,18324486.0
Honda,CRV Masterpiece Japan,2018,21500000.0,59000.0,16338667.0
Honda,CRV Masterpiece Japan,2019,18945000.0,94250.0,16860963.0
Honda,CRV RD 1,1998,4250000.0,250000.0,
Honda,CRV RD1,1995,4900000.0,470000.0,4031339.0
Honda,CRV RD1,2001,5250000.0,190000.0,4564501.0
Honda,CRV RD1,2002,4950000.0,268000.0,4635161.0
Honda,CRV RD2,2000,3075000.0,258794.0,
Honda,CRV RD5,2001,5680000.0,180000.0,
Honda,CRV RE4,2008,8400000.0,234500.0,
Honda,CRV RM-2,2013,11950000.0,119000.0,
Honda,CRV RM1,2014,12900000.0,134500.0,
Honda,CRV Rd2,2000,5575000.0,142000.0,
Honda,CRV Spec 7-Seater,2024,27990000.0,90.0,
Honda,CRV Turbo,2018,15400000.0,130000.0,
Honda,CRV V Tec,2018,17000000.0,83000.0,
Honda,CRV VTI-L,2023,27200000.0,10000.0,
Honda,CRV Vti-L7,2023,29000000.0,9000.0,
Honda,CRV-VTI L,2018,1975000.0,144000.0,
Honda,CRV-VTIL,2018,20600000.0,12000.0,
Honda,CRZ,2010,6970000.0,109000.0,7104909.0
Honda,CRZ,2011,7250000.0,102000.0,7442930.0
Honda,CRZ,2014,7375000.0,135000.0,7661752.0
Honda,CRZ-ZF1,2010,6900000.0,90250.0,
Honda,City,1998,2700000.0,69311.0,3515885.0
Honda,City,1999,3000000.0,196667.0,3575018.0
Honda,City,2000,3646667.0,202705.0,3993443.0
Honda,City,2001,3687500.0,178009.0,3996823.0
Honda,City,2002,4325000.0,195000.0,4119286.0
Honda,City,2003,4562500.0,174833.0,4297051.0
Honda,City,2004,4358333.0,231667.0,4264360.0
Honda,City,2006,4200000.0,78224.0,4158054.0
Honda,City,2007,4175667.0,165333.0,4258650.0
Honda,City,2008,4690000.0,178000.0,4972736.0
Honda,City,2022,3950000.0,182000.0,7286947.0
Honda,City,2024,14800000.0,8000.0,7799235.0
Honda,City,2025,9261667.0,5350.0,7832030.0
Honda,City GD8,2004,3990000.0,99000.0,
Honda,City Gd 8 Fit Aria,2003,4125000.0,245000.0,
Honda,City Luxury SV,2023,13150000.0,9000.0,
Honda,City RS,2025,9593333.0,192.0,14382826.0
Honda,City RS 1.0L Turbo,2025,13790000.0,19.0,
Honda,City RS Turbo,2025,13980000.0,3099.0,13829506.0
Honda,City Turbo,2025,14150000.0,2350.0,
Honda,City V Tec,2002,3925000.0,85000.0,
Honda,City VTEC A,2004,4600000.0,191238.0,
Honda,City Vtec Japan,2000,3550000.0,240000.0,
Honda,City Vtec Japan,2001,3690000.0,165000.0,
Honda,Civic,1975,650000.0,188670.0,2213300.0
Honda,Civic,1984,1125000.0,115211.0,2221306.0
Honda,Civic,1985,1091143.0,105934.0,2353955.0
Honda,Civic,1987,750000.0,150000.0,2444879.0
Honda,Civic,1989,1875000.0,157000.0,3217363.0
Honda,Civic,1990,1075000.0,175000.0,3516399.0
Honda,Civic,1994,1875000.0,213000.0,5411748.0
Honda,Civic,1997,4700000.0,100000.0,5638548.0
Honda,Civic,2000,4555000.0,80100.0,5721760.0
Honda,Civic,2002,6587500.0,161000.0,5788334.0
Honda,Civic,2007,7800000.0,175000.0,6754093.0
Honda,Civic,2008,6850000.0,169300.0,6822865.0
Honda,Civic,2009,7075000.0,184500.0,6977678.0
Honda,Civic,2012,7500000.0,163930.0,8768659.0
Honda,Civic,2017,12360000.0,89947.0,11447900.0
Honda,Civic,2018,11085385.0,80022.0,11636111.0
Honda,Civic,2019,13000000.0,71000.0,11711567.0
Honda,Civic,2020,14425000.0,47150.0,12312314.0
Honda,Civic,2026,3500000.0,123.0,12012301.0
Honda,Civic EG8,1992,3050000.0,100000.0,
Honda,Civic EK3,1996,3689167.0,265024.0,3232395.0
Honda,Civic EK3,1997,3790000.0,189421.0,3667052.0
Honda,Civic EK3,1998,3891667.0,260000.0,3652180.0
Honda,Civic EK3,1999,4550000.0,107000.0,3676296.0
Honda,Civic EK3,2000,4580000.0,199.0,3910313.0
Honda,Civic EK3,2003,4575000.0,98000.0,4274408.0
Honda,Civic ES 1,2001,5850000.0,220000.0,
Honda,Civic ES1,2001,5800000.0,165671.0,4629431.0
Honda,Civic ES1,2003,5350000.0,1111.0,5185730.0
Honda,Civic ES1,2004,5408333.0,222167.0,5174003.0
Honda,Civic ES1 V-TEC,2002,5590000.0,126000.0,
Honda,Civic ES5,2003,5366667.0,213667.0,5254139.0
Honda,Civic ES8,2000,5100000.0,250000.0,5012341.0
Honda,Civic ES8,2001,3883333.0,206667.0,5063626.0
Honda,Civic ES8,2002,5656667.0,200333.0,5103303.0
Honda,Civic ES8,2003,5226667.0,188000.0,5494144.0
Honda,Civic ES8,2004,5552778.0,168533.0,5472528.0
Honda,Civic ES8,2005,5416667.0,223383.0,5469435.0
Honda,Civic ES8,2022,5100000.0,267000.0,9033723.0
Honda,Civic ES8 RS,2002,5650000.0,155000.0,
Honda,Civic ES8 VTI,2002,5850000.0,195137.0,
Honda,Civic EX,2017,13380000.0,67180.0,12452270.0
Honda,Civic EX,2018,13179167.0,73798.0,13020405.0
Honda,Civic EX,2019,15000000.0,18000.0,13894551.0
Honda,Civic EX Tech Pack,2018,13883333.0,63867.0,12904433.0
Honda,Civic EX Tech Pack Sedan,2020,15000000.0,55000.0,
Honda,Civic EX Techpack,2018,14350000.0,62530.0,
Honda,Civic EX VTEC CVT,2020,15200000.0,80000.0,
Honda,Civic EX1,2004,5400000.0,150000.0,
Honda,Civic Ed3,1988,1975000.0,111111.0,
Honda,Civic Ed3,1990,1990000.0,150000.0,
Honda,Civic Ek3,1996,4187500.0,8502.0,3232395.0
Honda,Civic Ek3,1997,4550000.0,160000.0,3667052.0
Honda,Civic Ek3,1998,3975000.0,208000.0,3652180.0
Honda,Civic Ek3,2000,4950000.0,234407.0,3910313.0
Honda,Civic Es 1,2003,5350000.0,1111.0,
Honda,Civic Es Vtec,2004,5590000.0,200000.0,
Honda,Civic Es1,2000,5200000.0,200000.0,4562368.0
Honda,Civic Es1,2001,5800000.0,132000.0,4629431.0
Honda,Civic Es1,2003,5895000.0,219000.0,5185730.0
Honda,Civic Es1,2004,5850000.0,205000.0,5174003.0
Honda,Civic Es5,2008,5600000.0,230000.0,5769320.0
Honda,Civic Es8,2002,5237500.0,169221.0,4525482.0
Honda,Civic Es8,2003,5800000.0,177000.0,5010600.0
Honda,Civic Es8,2004,5400000.0,220085.0,4998874.0
Honda,Civic Es8,2005,6500000.0,170000.0,4995780.0
Honda,Civic Ex,2017,12650000.0,93500.0,12452270.0
Honda,Civic Ex,2018,12612500.0,82000.0,13020405.0
Honda,Civic Ex,2019,13250000.0,48500.0,13894551.0
Honda,Civic Ex Tech Pack UK,2019,14700000.0,70000.0,
Honda,Civic FB1,2012,8032500.0,171000.0,
Honda,Civic FB1 I V-tec,2012,8800000.0,10000.0,
Honda,Civic FD 1,2006,7450000.0,113000.0,
Honda,Civic FD 4,2007,7800000.0,175000.0,
Honda,Civic FD1,2006,6450000.0,170000.0,3507517.0
Honda,Civic FD1,2009,2550000.0,185000.0,4844439.0
Honda,Civic FD1,2011,6650000.0,140000.0,5093782.0
Honda,Civic FD1 TYPE S,2007,7200000.0,177000.0,6871752.0
Honda,Civic FD1 Type S,2007,7975000.0,196000.0,6871752.0
Honda,Civic FD1 Type S,2008,7400000.0,174000.0,6921102.0
Honda,Civic FD1 Type S,2011,8950000.0,182000.0,7779185.0
Honda,Civic FD3,2007,4850000.0,184239.0,6608746.0
Honda,Civic FD3,2008,7341667.0,163333.0,6825099.0
Honda,Civic FD3,2009,5341667.0,158000.0,6809869.0
Honda,Civic FD3,2010,7430000.0,185667.0,6923110.0
Honda,Civic FD3,2011,7343333.0,164667.0,7006582.0
Honda,Civic FD3 Hybrid,2008,7500000.0,160000.0,6871603.0
Honda,Civic FD3 Hybrid,2009,6875000.0,181366.0,6839898.0
Honda,Civic FD3 Hybrid,2011,8200000.0,128000.0,7042708.0
Honda,Civic FD3 UK Version,2008,6490000.0,104500.0,
Honda,Civic FD4,2007,7600000.0,175000.0,6774759.0
Honda,Civic FD4,2008,6975000.0,132605.0,6952704.0
Honda,Civic FD4,2009,8000000.0,105000.0,6920999.0
Honda,Civic FD4,2010,7450000.0,178000.0,7125016.0
Honda,Civic FD4,2011,6850000.0,240000.0,7463038.0
Honda,Civic FK7,2017,14100000.0,81000.0,
Honda,Civic FL1 EX Turbo,2024,24800000.0,3900.0,
Honda,Civic Fc9,2018,13800000.0,60000.0,
Honda,Civic Fd 1,2007,6700000.0,210000.0,
Honda,Civic Fd1,2007,6675000.0,145000.0,3590670.0
Honda,Civic Fd1,2008,7600000.0,191000.0,4702873.0
Honda,Civic Fd1 S,2006,7750000.0,175000.0,
Honda,Civic Fd1 Type S,2007,7600000.0,185000.0,6871752.0
Honda,Civic Fd3,2007,6800000.0,200000.0,6608746.0
Honda,Civic Fd3,2008,6875000.0,138434.0,6825099.0
Honda,Civic Fd3,2009,1675000.0,111111.0,6809869.0
Honda,Civic Fd3,2010,7975000.0,140500.0,6923110.0
Honda,Civic Fd4,2011,6950000.0,113000.0,7463038.0
Honda,Civic Ferio,1997,5400000.0,250000.0,
Honda,Civic Fk6,2018,11200000.0,95000.0,
Honda,Civic Fk6 Orange Pack,2018,11200000.0,95000.0,
Honda,Civic Hatchback,2018,11450000.0,50000.0,
Honda,Civic I-Vtec,2017,10600000.0,84000.0,
Honda,Civic Mxst,2013,7875000.0,182500.0,
Honda,Civic SE,2018,10685000.0,90000.0,
Honda,Civic SR,2017,12250000.0,114000.0,12145979.0
Honda,Civic SR,2018,11500000.0,125000.0,12620175.0
Honda,Civic SR,2019,11750000.0,101000.0,13213853.0
Honda,Civic SR Tech Pack,2017,3000000.0,153000.0,
Honda,Civic SR UK Spec,2017,10700000.0,102000.0,
Honda,Civic Sedan,2019,13100000.0,110000.0,
Honda,Civic Sedan,2020,14500000.0,55000.0,
Honda,Civic Sedan Ex Tech Pack,2018,13000000.0,100000.0,
Honda,Civic Sedan Ex Tech Pack,2019,15350000.0,21700.0,
Honda,Civic Sr,2017,11933333.0,22429.0,12145979.0
Honda,Civic Sr,2018,11075000.0,80000.0,12620175.0
Honda,Civic Tech Pack,2017,12975000.0,89500.0,12241205.0
Honda,Civic Tech Pack,2018,13047500.0,79375.0,13000391.0
Honda,Civic Tech Pack,2019,13500000.0,74000.0,14005771.0
Honda,Civic Tech Pack Sedan,2018,12350000.0,85000.0,
Honda,Civic TechPack Modified,2018,14550000.0,73000.0,
Honda,Civic UK Spec,2018,11450000.0,56000.0,
Honda,CrossRoad,2007,7975000.0,212000.0,7643625.0
Honda,Crossroad,2007,8650000.0,170535.0,7643625.0
Honda,Crossroad,2010,9500000.0,169000.0,8288693.0
Honda,Crv,2000,5700000.0,1.0,5408646.0
Honda,Crv,2003,4750000.0,143000.0,6759231.0
Honda,Crv,2009,9000000.0,117425.0,8310746.0
Honda,Crv,2018,18400000.0,69375.0,15047908.0
Honda,Crv,2019,12833333.0,94867.0,15352065.0
Honda,Crv Masterpiece,2019,20950000.0,103000.0,18324486.0
Honda,Crv RD 5,2004,6000000.0,2.0,
Honda,Crv Rd2,2000,4850000.0,172000.0,
Honda,Crv Rd5,2002,6600000.0,240000.0,
Honda,Crv Rd5,2003,6350000.0,232000.0,
Honda,Crv- RD5,2005,7200000.0,200000.0,
Honda,DBA-JFI N BOX,2015,6650000.0,58451.0,
Honda,EG8,1994,3550000.0,22222.0,
Honda,ES 1V Tec,2000,4575000.0,190000.0,
Honda,ES8 V Tec,2002,5600000.0,200000.0,
Honda,Eg8,1993,3450000.0,93460.0,
Honda,Ek3 Civic,1999,4750000.0,111.0,
Honda,Ek3 Ferio,1998,4400000.0,220000.0,
Honda,Es,2001,5050000.0,137000.0,
Honda,Es 1,2004,5300000.0,248000.0,
Honda,FB4,2010,7600000.0,90000.0,
Honda,FD 1 S Type,2008,7200000.0,170000.0,
Honda,FD3,2007,6550000.0,207000.0,6745703.0
Honda,FD3,2008,7500000.0,190000.0,6962056.0
Honda,FD3,2011,6950000.0,89000.0,7128763.0
Honda,FD4,2008,6937500.0,166500.0,6931348.0
Honda,FD4,2009,7200000.0,180000.0,6909602.0
Honda,FIT,2010,5800000.0,175000.0,5850548.0
Honda,FIT,2012,6696667.0,115705.0,6125644.0
Honda,FIT,2013,6550000.0,149000.0,6638022.0
Honda,FIT ARIA,2008,5575000.0,162000.0,5527768.0
Honda,FIT Aria,2004,4850000.0,165000.0,5044027.0
Honda,FIT Aria,2007,5225000.0,138500.0,5292596.0
Honda,FIT Aria GD,2008,6000000.0,132000.0,
Honda,FIT GD1,2003,4950000.0,158000.0,5045484.0
Honda,FIT GD1,2004,5275000.0,166000.0,5033758.0
Honda,FIT GD1,2007,5020000.0,159000.0,5242164.0
Honda,FIT GE6,2007,6040000.0,168700.0,5489665.0
Honda,FIT GE6,2008,5375000.0,202938.0,5690913.0
Honda,FIT GP1,2010,6287500.0,169562.0,6360774.0
Honda,FIT GP1,2011,6416818.0,158532.0,6396217.0
Honda,FIT GP1,2012,6468409.0,146934.0,6406517.0
Honda,FIT GP1,2013,6838929.0,139714.0,6605549.0
Honda,FIT GP1,2015,7525000.0,129000.0,6895066.0
Honda,FIT GP1 10th Anniversary,2012,7100000.0,129451.0,
Honda,FIT GP4,2013,7500000.0,130000.0,
Honda,FIT GP5,2013,7663500.0,155697.0,7784679.0
Honda,FIT GP5,2014,7790323.0,152053.0,7755868.0
Honda,FIT GP5,2015,8025667.0,118094.0,7881447.0
Honda,FIT GP5 L GRADE,2014,7275000.0,158500.0,7706024.0
Honda,FIT GP5 L Grade,2013,7275000.0,135500.0,7646381.0
Honda,FIT GP5 L Grade,2014,7743333.0,161667.0,7706024.0
Honda,FIT GP5 S GRADE,2013,7650000.0,182000.0,7863217.0
Honda,FIT GP5 S GRADE,2014,7950000.0,150000.0,7837098.0
Honda,FIT GP5 S GRADE,2015,8500000.0,150000.0,7949286.0
Honda,FIT GP5 S GRADE SAFETY MODEL,2015,9250000.0,124500.0,
Honda,FIT GP5 S Grade,2013,8125000.0,155500.0,7863217.0
Honda,FIT GP5 S Grade,2014,7958333.0,155765.0,7837098.0
Honda,FIT GP5 S Grade,2015,8000000.0,136000.0,7949286.0
Honda,FIT Gp 4 Rs,2013,6950000.0,134523.0,
Honda,FIT Gp1,2012,6350000.0,132000.0,6595480.0
Honda,FIT Gp1 Navi Premium,2012,6500000.0,148500.0,
Honda,FIT Gp5,2013,7516667.0,128400.0,7870942.0
Honda,FIT Gp5,2015,8300000.0,107000.0,7972254.0
Honda,FIT Gp5 F Grade,2014,7300000.0,217000.0,
Honda,FIT Gp5 L Grade,2014,7300000.0,217000.0,7706024.0
Honda,FIT Gp5 L Grade,2015,7850000.0,156000.0,7818212.0
Honda,FIT Gp5 S Grade,2013,9000000.0,183000.0,7863217.0
Honda,FIT Gp5 S Grade,2014,8050455.0,129727.0,7837098.0
Honda,FIT Gp5 S Grade,2015,8291667.0,108833.0,7949286.0
Honda,FIT Gp5 S Grade,2016,9300000.0,107000.0,7946119.0
Honda,FIT SHUTTLE,2012,8575000.0,145800.0,7849300.0
Honda,FIT SHUTTLE,2013,8975000.0,163000.0,8104186.0
Honda,FIT SHUTTLE GP2,2013,8550000.0,208000.0,8284603.0
Honda,FIT Shuttle,2011,7700000.0,150000.0,7783290.0
Honda,FIT Shuttle,2012,9000000.0,129000.0,7849300.0
Honda,FIT Shuttle,2013,8958333.0,183500.0,8104186.0
Honda,FIT Shuttle,2014,9000000.0,200000.0,8135097.0
Honda,FITGD1,2002,4765000.0,231000.0,
Honda,FIt G5,2014,7400000.0,163000.0,
Honda,Fd3,2008,6750000.0,161000.0,6962056.0
Honda,FiT GP5 L Grade,2013,7150000.0,212765.0,7646381.0
Honda,Fit,2003,4800000.0,170000.0,5394429.0
Honda,Fit,2007,4990000.0,160000.0,5616883.0
Honda,Fit,2010,5650000.0,74000.0,6136207.0
Honda,Fit,2011,6450000.0,147000.0,6377115.0
Honda,Fit,2012,6640000.0,125200.0,6393883.0
Honda,Fit,2013,8550000.0,109000.0,6901488.0
Honda,Fit,2014,8137500.0,108600.0,7022346.0
Honda,Fit,2015,8400000.0,77667.0,6971979.0
Honda,Fit Aria,2003,4950000.0,159333.0,5055753.0
Honda,Fit Aria,2004,4875000.0,195233.0,5044027.0
Honda,Fit Aria,2005,4900000.0,182667.0,5069760.0
Honda,Fit Aria,2007,5300000.0,2.0,5292596.0
Honda,Fit Aria,2008,5148333.0,123039.0,5527768.0
Honda,Fit Aria GD 8,2008,5450000.0,240000.0,
Honda,Fit Aria GD8,2008,5332500.0,213000.0,
Honda,Fit DAA-OP1,2012,6150000.0,164000.0,
Honda,Fit GD1,2002,4750000.0,202000.0,4604662.0
Honda,Fit GD1,2003,4490000.0,153000.0,5045484.0
Honda,Fit GD1,2005,4600000.0,153000.0,5040791.0
Honda,Fit GD1,2007,5037500.0,189500.0,5242164.0
Honda,Fit GD1 Mugen,2008,5690000.0,133538.0,
Honda,Fit GE 6,2007,5300000.0,177000.0,
Honda,Fit GE 6,2008,5300000.0,140000.0,
Honda,Fit GE6,2008,5750000.0,91000.0,5690913.0
Honda,Fit GE6,2009,5500000.0,88000.0,5715503.0
Honda,Fit GE6,2010,6650000.0,82240.0,5870047.0
Honda,Fit GE6 Anniversary Model,2008,5150000.0,160000.0,
Honda,Fit GP1,2010,6291667.0,124440.0,6392035.0
Honda,Fit GP1,2011,6236111.0,133744.0,6427478.0
Honda,Fit GP1,2012,6486200.0,141139.0,6437778.0
Honda,Fit GP1,2013,6728333.0,134167.0,6546875.0
Honda,Fit GP1 10th Anniversary,2012,6450000.0,131000.0,
Honda,Fit GP1 10th Anniversary,2013,6450000.0,133000.0,
Honda,Fit GP1 Annevesery,2012,6350000.0,155000.0,
Honda,Fit GP1 Hybrid,2011,6450000.0,130000.0,
Honda,Fit GP1 Navi,2012,6075000.0,150000.0,6556486.0
Honda,Fit GP1 Navi,2013,6500000.0,161000.0,6802533.0
Honda,Fit GP1 Navi Premium,2012,7000000.0,152000.0,
Honda,Fit GP1 Navi Premium,2013,6975000.0,150000.0,
Honda,Fit GP1 Navi Premium Gold Badge,2013,6750000.0,166796.0,
Honda,Fit GP1 Nevi,2013,6875000.0,175000.0,
Honda,Fit GP1 Shes,2012,6750000.0,125000.0,
Honda,Fit GP1- Anniversary Model,2014,7390000.0,102000.0,
Honda,Fit GP110th Anniversary,2011,6290000.0,190000.0,
Honda,Fit GP2,2013,8490000.0,153000.0,
Honda,Fit GP4 RS,2013,6390000.0,175000.0,
Honda,Fit GP4 RS Hybrid,2012,7375000.0,128000.0,
Honda,Fit GP5,2013,7395833.0,178558.0,7748665.0
Honda,Fit GP5,2014,7746029.0,135188.0,7720000.0
Honda,Fit GP5,2015,8000000.0,130540.0,7892070.0
Honda,Fit GP5,2016,8516667.0,135333.0,7921255.0
Honda,Fit GP5,2018,7350000.0,176000.0,8209029.0
Honda,Fit GP5 Grade,2015,8000000.0,103200.0,
Honda,Fit GP5 L,2013,8250000.0,120000.0,
Honda,Fit GP5 L Grade,2013,7575000.0,90833.0,7646381.0
Honda,Fit GP5 L Grade,2014,7736667.0,106733.0,7706024.0
Honda,Fit GP5 L Grade,2015,7880000.0,137.0,7818212.0
Honda,Fit GP5 L Grade,2017,7875000.0,158000.0,7812342.0
Honda,Fit GP5 L Safety Edition,2014,8350000.0,98000.0,
Honda,Fit GP5 S,2014,8250000.0,122500.0,
Honda,Fit GP5 S,2015,8500000.0,143000.0,
Honda,Fit GP5 S Grade,2013,7976667.0,148000.0,7863217.0
Honda,Fit GP5 S Grade,2014,8068571.0,136684.0,7837098.0
Honda,Fit GP5 S Grade,2015,8279167.0,139526.0,7949286.0
Honda,Fit GP5 S Grade Safety,2015,8175000.0,112000.0,
Honda,Fit GP5Grade L,2014,8100000.0,160000.0,
Honda,Fit Gd1,2007,5337500.0,154125.0,5242164.0
Honda,Fit Gp1,2011,6616667.0,129837.0,6567190.0
Honda,Fit Gp1,2012,6547143.0,149250.0,6595480.0
Honda,Fit Gp1,2013,6713333.0,168767.0,6767286.0
Honda,Fit Gp1 Anniversary,2012,6512500.0,146900.0,
Honda,Fit Gp1 Ge6,2008,5350000.0,150000.0,
Honda,Fit Gp1 Navi,2012,6450000.0,156000.0,6556486.0
Honda,Fit Gp1 Navi Premium,2012,6500000.0,160000.0,
Honda,Fit Gp1 Shes,2012,6400000.0,113000.0,
Honda,Fit Gp4 RS Limited,2012,6950000.0,155000.0,
Honda,Fit Gp5,2013,7925000.0,136000.0,7870942.0
Honda,Fit Gp5,2014,7800000.0,135675.0,7860066.0
Honda,Fit Gp5,2015,7708333.0,143879.0,7972254.0
Honda,Fit Gp5,2018,11000000.0,64500.0,8262955.0
Honda,Fit Gp5 F,2014,7450000.0,89500.0,
Honda,Fit Gp5 L,2015,7600000.0,216.0,
Honda,Fit Gp5 L Grade,2013,6900000.0,148000.0,7646381.0
Honda,Fit Gp5 L Grade,2014,7850000.0,127000.0,7706024.0
Honda,Fit Gp5 L Safety,2014,7425000.0,122000.0,
Honda,Fit Gp5 S Grade,2013,7760000.0,162300.0,7863217.0
Honda,Fit Gp5 S Grade,2014,8575000.0,118000.0,7837098.0
Honda,Fit Gp5 S Grade,2015,8266667.0,144333.0,7949286.0
Honda,Fit Gp5 S Grade Safety,2015,8375000.0,144500.0,
Honda,Fit Jade,2015,8900000.0,134000.0,
Honda,Fit Navi Premium,2013,6700000.0,144000.0,
Honda,Fit Shuttle,2012,8643750.0,179798.0,8413790.0
Honda,Fit Shuttle,2013,9135556.0,192144.0,8663902.0
Honda,Fit Shuttle,2014,9616667.0,177633.0,8783315.0
Honda,Fit Shuttle,2017,12800000.0,67200.0,9272401.0
Honda,Fit Shuttle Airwave,2008,6900000.0,190000.0,
Honda,Fit Shuttle GP2,2011,8375000.0,165000.0,7874982.0
Honda,Fit Shuttle GP2,2012,8840000.0,213600.0,7993543.0
Honda,Fit Shuttle GP2,2013,8800000.0,139210.0,8284603.0
Honda,Fit Shuttle GP2,2014,9500000.0,167000.0,8231284.0
Honda,Fit Shuttle GP7,2015,11300000.0,94600.0,
Honda,Fit Shuttle GP7 NAVI PREMIUM,2016,12650000.0,61000.0,
Honda,Fit Shuttle Gp2 Navi Premium,2014,11000000.0,129522.0,
Honda,Fit Shuttle Navi Premium,2014,10185000.0,133500.0,10145937.0
Honda,Fit Shuttle Navi Premium,2018,12600000.0,94000.0,12611385.0
Honda,Fit Shuttle Z Grade,2018,13000000.0,90000.0,
Honda,FitGP5,2014,7495000.0,170000.0,
Honda,Freed,2012,8883333.0,154046.0,8670780.0
Honda,Freed,2013,9008333.0,178707.0,9055954.0
Honda,Freed,2015,9900000.0,88000.0,9258509.0
Honda,Freed,2024,16495000.0,21850.0,10583586.0
Honda,Freed GP3,2012,9100000.0,215.0,
Honda,GP5 FIT L Grade,2015,7400000.0,134000.0,
Honda,GP5 L Grade,2015,7650000.0,133000.0,
Honda,GP5 S Grade,2013,6950000.0,118000.0,
Honda,GRACE,2014,9500000.0,175000.0,9319550.0
Honda,GRACE,2015,9416667.0,163206.0,9353941.0
Honda,GRACE,2016,10211250.0,128048.0,10143799.0
Honda,GRACE,2017,10750000.0,198579.0,10671940.0
Honda,GRACE,2018,960000.0,107000.0,11282860.0
Honda,GRACE EX,2014,8750000.0,118000.0,9211591.0
Honda,GRACE EX,2015,9850000.0,87450.0,9260824.0
Honda,GRACE EX,2017,9970000.0,138000.0,9845138.0
Honda,GRACE Ex,2015,10490000.0,120000.0,9260824.0
Honda,GRACE RS,2017,11850000.0,107000.0,
Honda,Gb5,2013,7500000.0,98000.0,
Honda,Gp1 Fit,2013,6800000.0,135000.0,
Honda,Grace,2014,9135208.0,134465.0,9419128.0
Honda,Grace,2015,9476795.0,129176.0,9533451.0
Honda,Grace,2016,10149333.0,157013.0,10157836.0
Honda,Grace,2017,10410000.0,115707.0,10905364.0
Honda,Grace,2018,10675000.0,108000.0,11240455.0
Honda,Grace EX,2014,9005000.0,173120.0,9211591.0
Honda,Grace EX,2015,9385714.0,141180.0,9260824.0
Honda,Grace EX,2016,9860000.0,132680.0,9404945.0
Honda,Grace EX,2017,10020000.0,139549.0,9845138.0
Honda,Grace EX,2019,10550000.0,105426.0,9957686.0
Honda,Grace EX Higher Grade,2015,9400000.0,154000.0,
Honda,Grace EX Limited,2016,10200000.0,145000.0,
Honda,Grace EX Limited,2017,9650000.0,89750.0,
Honda,Grace EX Model,2016,8990000.0,148000.0,
Honda,Grace EX Sensing,2017,11000000.0,114000.0,
Honda,Grace EX2,2015,9450000.0,179400.0,
Honda,Grace Ex,2014,8441667.0,165956.0,9211591.0
Honda,Grace Ex,2015,8991429.0,144686.0,9260824.0
Honda,Grace Ex,2016,10002500.0,125950.0,9404945.0
Honda,Grace Ex,2017,10250000.0,109000.0,9845138.0
Honda,Grace Ex Gold Badge,2014,8690000.0,116500.0,
Honda,Grace LX,2014,9985000.0,287900.0,
Honda,Grace Mugen,2014,9200000.0,144000.0,
Honda,Grace Mugen Edition,2014,9200000.0,145000.0,
Honda,Grace Sensing,2017,10000000.0,120000.0,
Honda,Grace Sensing,2018,11900000.0,85000.0,
Honda,Grand Civic,1985,1150000.0,123456.0,927764.0
Honda,Grand Civic,1989,1350000.0,100000.0,1153766.0
Honda,Grand Civic,1991,2312500.0,160000.0,1529304.0
Honda,Grand Civic EFI,1992,2050000.0,150000.0,
Honda,HR-V,1999,1800000.0,189000.0,4379754.0
Honda,HR-V,2000,4800000.0,200500.0,4621656.0
Honda,HR-V,2001,5500000.0,184600.0,4688719.0
Honda,HR-V,2004,5370000.0,196560.0,4961249.0
Honda,Honda,1998,2475000.0,120000.0,4655442.0
Honda,Honda,2009,7350000.0,155000.0,5945911.0
Honda,Honda,2016,5975000.0,125000.0,6827410.0
Honda,INSIGHT,2009,7125000.0,193500.0,6724325.0
Honda,INSIGHT,2012,8085000.0,220300.0,7475209.0
Honda,INTEGRA,1998,3150000.0,123456.0,
Honda,Insight,2009,6647105.0,172129.0,6195200.0
Honda,Insight,2010,7106000.0,177022.0,6720221.0
Honda,Insight,2011,6852500.0,150650.0,7058242.0
Honda,Insight,2012,8437500.0,141222.0,7103471.0
Honda,Insight,2013,8166667.0,192000.0,7511321.0
Honda,Insight,2014,8092500.0,172500.0,7518239.0
Honda,Insight ZE2,2009,6893000.0,206800.0,6380623.0
Honda,Insight ZE2,2010,7080000.0,173467.0,6640322.0
Honda,Insight ZE2,2011,7550000.0,225000.0,7086351.0
Honda,Insight ZE2,2012,7600000.0,161500.0,7114625.0
Honda,Insight ZE2,2013,8032500.0,120500.0,7419699.0
Honda,Insight ZE3,2011,8050000.0,230000.0,7961963.0
Honda,Insight ZE3,2012,8462500.0,159000.0,8080525.0
Honda,Insight ZE3,2013,8720000.0,170750.0,8362728.0
Honda,Insight ZE4,2018,17500000.0,113000.0,
Honda,Insight Ze2,2009,7268750.0,176350.0,6380623.0
Honda,Insight Ze2,2012,7650000.0,156000.0,7114625.0
Honda,Insight Ze2,2013,8212500.0,150458.0,7419699.0
Honda,Insight Ze2,2015,8300000.0,170.0,7549109.0
Honda,Insight Ze3,2013,8500000.0,136000.0,8362728.0
Honda,Integra,1990,975000.0,150000.0,
Honda,Integra DB8,1998,5800000.0,175000.0,
Honda,Jade,2016,10850000.0,86000.0,
Honda,LA-GD6,2003,5300000.0,147423.0,
Honda,N BOX,2023,7240000.0,17000.0,8467721.0
Honda,N BOX Custom,2017,6400000.0,83000.0,8676529.0
Honda,N Box,2015,5850000.0,200000.0,8071379.0
Honda,N Box,2016,6510000.0,51667.0,8055095.0
Honda,N Box,2017,7000000.0,67000.0,8070553.0
Honda,N Box,2019,7850000.0,72000.0,8894109.0
Honda,N Box,2023,7195000.0,24357.0,8467721.0
Honda,N Box,2024,9850000.0,100.0,8438139.0
Honda,N Box,2025,8760000.0,1105.0,8412705.0
Honda,N Box Coordinate Style,2024,8750000.0,4200.0,
Honda,N Box Custom,2017,6975000.0,68000.0,8676529.0
Honda,N Box Custom,2018,7125000.0,75000.0,8774237.0
Honda,N Box Custom,2023,8625000.0,37000.0,8791818.0
Honda,N Box Custom,2024,8800000.0,5000.0,8723664.0
Honda,N Box Custom,2025,8587500.0,1100.0,8716603.0
Honda,N Box Custom L,2023,8875000.0,18000.0,
Honda,N Box Custom L Turbo,2023,9000000.0,21000.0,
Honda,N Box Custom Turbo,2017,6790000.0,69000.0,
Honda,N Box Custom Turbo,2023,8290000.0,20000.0,
Honda,N Box Safety,2023,7350000.0,18000.0,
Honda,N Box Wagon,2023,7350000.0,22000.0,
Honda,N Slash,2015,6000000.0,130017.0,
Honda,N WGN,2015,6450000.0,134000.0,7322303.0
Honda,N WGN,2016,6520000.0,85620.0,7315407.0
Honda,N WGN,2017,6387500.0,73812.0,7318395.0
Honda,N WGN,2018,6175000.0,71000.0,7416642.0
Honda,N WGN,2019,6450000.0,41500.0,7937980.0
Honda,N WGN,2020,6850000.0,79000.0,8209341.0
Honda,N WGN CUSTOM,2017,5990000.0,111000.0,
Honda,N WGN Custom,2018,6400000.0,70000.0,
Honda,N WGN Custom GT Turbo,2015,5950000.0,125000.0,
Honda,N WGN Custom Turbo,2016,6475000.0,92400.0,7078818.0
Honda,N WGN Custom Turbo,2017,6700000.0,61000.0,7081806.0
Honda,N WGN Custom Turbo,2018,6600000.0,74000.0,7177269.0
Honda,N WGN G,2023,7000000.0,15000.0,
Honda,N Wgn,2023,7650000.0,20000.0,7682366.0
Honda,N Wgn Custom,2016,6345000.0,139000.0,
Honda,N Wgn Custom Turbo,2016,6590000.0,92103.0,7078818.0
Honda,N-BOX,2016,6500000.0,56000.0,
Honda,N-BOX CUSTOM,2023,8100000.0,18800.0,
Honda,N-Box,2025,12000000.0,300.0,
Honda,N-Box Custom,2015,7800000.0,98000.0,
Honda,N-Box Custom G,2025,8800000.0,6.0,
Honda,N-Box JF5 Fashion Style,2023,7300000.0,20000.0,
Honda,NVan L,2024,8300000.0,2127.0,
Honda,S660,2015,6730000.0,47067.0,7394845.0
Honda,S660 Highest Spec,2015,6500000.0,39000.0,
Honda,SR Turbo UK,2017,12500000.0,26650.0,
Honda,Shttle,2013,7800000.0,150000.0,
Honda,Stream,2007,6300000.0,1.0,
Honda,VEZEL,2014,9146875.0,231344.0,10361189.0
Honda,VEZEL,2015,9858333.0,113761.0,10315380.0
Honda,VEZEL,2016,10375000.0,177128.0,12760781.0
Honda,VEZEL,2017,12800000.0,118000.0,13205299.0
Honda,VEZEL,2018,12750000.0,109000.0,13672708.0
Honda,VEZEL,2024,18700000.0,32000.0,15288744.0
Honda,VEZEL Play,2025,20900000.0,500.0,
Honda,VEZEL RS,2017,11693333.0,141333.0,12063592.0
Honda,VEZEL RS,2018,12716667.0,139667.0,12753388.0
Honda,VEZEL RS,2019,14500000.0,69900.0,13632142.0
Honda,VEZEL RS SENSING,2017,11881667.0,90967.0,11733755.0
Honda,VEZEL RS SENSING,2018,13750000.0,81000.0,12499435.0
Honda,VEZEL RS SENSING PLUS LED,2019,12450000.0,95400.0,
Honda,VEZEL RS Sensing,2016,11150000.0,105000.0,11465160.0
Honda,VEZEL RS Sensing,2017,11905000.0,115000.0,11733755.0
Honda,VEZEL RU3,2015,9750000.0,125000.0,
Honda,VEZEL X,2024,16250000.0,20000.0,15521893.0
Honda,VEZEL X GRADE,2022,16650000.0,29960.0,16227495.0
Honda,VEZEL Z,2022,15500000.0,27000.0,15329718.0
Honda,VEZEL Z,2025,19200000.0,3034.0,15627819.0
Honda,VEZEL Z GRADE,2014,9300000.0,150520.0,11375710.0
Honda,VEZEL Z GRADE,2015,9950000.0,192000.0,11320526.0
Honda,VEZEL Z GRADE,2023,16500000.0,19800.0,13870658.0
Honda,VEZEL Z GRADE,2024,17650000.0,7000.0,14348189.0
Honda,VEZEL Z GRADE,2025,18200000.0,20.0,14474940.0
Honda,VEZEL Z GRADE ORANGE,2014,9125000.0,115095.0,
Honda,VEZEL Z PLAY,2024,20200000.0,7200.0,18491893.0
Honda,VEZEL Z PLAY MOON ROOF,2025,20025000.0,22.0,
Honda,VEZEL Z PLAY MOONROOF,2023,18500000.0,27750.0,18260225.0
Honda,VEZEL Z PLAY MOONROOF,2025,20050000.0,5.0,18754778.0
Honda,VEZEL Z PLAY PREMIUM Moonroof,2025,20500000.0,7.0,
Honda,VEZEL Z PLAY PREMIUM PLUS,2022,19700000.0,15000.0,
Honda,VEZEL Z PREMIUM,2024,18725000.0,49400.0,18752601.0
Honda,VEZEL Z PREMIUM,2025,19150000.0,15.0,18723663.0
Honda,VEZEL Z-PLAY,2025,18950000.0,287.0,
Honda,VEZEL Z-PLAY Moon Roof,2025,20300000.0,287.0,
Honda,Vezel,2013,9045000.0,109847.0,9358763.0
Honda,Vezel,2014,9279667.0,139159.0,9442948.0
Honda,Vezel,2015,10120441.0,126762.0,9483295.0
Honda,Vezel,2016,11006136.0,115555.0,12172923.0
Honda,Vezel,2017,11912727.0,123109.0,13365634.0
Honda,Vezel,2018,12833333.0,117083.0,14015221.0
Honda,Vezel,2019,14500000.0,81000.0,14892961.0
Honda,Vezel,2022,16500000.0,21000.0,16746069.0
Honda,Vezel,2023,17298571.0,14071.0,16795007.0
Honda,Vezel,2024,17770000.0,12000.0,18303048.0
Honda,Vezel,2025,18703182.0,753.0,18333901.0
Honda,Vezel E HEV Z,2025,18400000.0,40.0,
Honda,Vezel EHEV Z PLaY,2025,18975000.0,380.0,
Honda,Vezel EHEV Z Premium,2025,18900000.0,250.0,
Honda,Vezel EHev Z Play,2024,22500000.0,16500.0,
Honda,Vezel EHev Z PlayL HEV,2024,19900000.0,8500.0,
Honda,Vezel Hybrid,2023,17200000.0,11000.0,
Honda,Vezel Ivory,2016,10275000.0,110000.0,
Honda,Vezel Japan,2015,10266667.0,50770.0,9228565.0
Honda,Vezel Modulo Edition,2014,9600000.0,126000.0,
Honda,Vezel Orange,2014,9416667.0,130000.0,9365554.0
Honda,Vezel Orange,2015,9866667.0,115474.0,9419347.0
Honda,Vezel Orange,2016,10262500.0,141500.0,10247639.0
Honda,Vezel Orange Pack,2014,9086765.0,144747.0,9231688.0
Honda,Vezel Orange Pack,2015,10155000.0,129400.0,9266079.0
Honda,Vezel Orange Pack Japan,2014,9800000.0,154.0,
Honda,Vezel Orange Pack Japan,2015,11000000.0,152.0,
Honda,Vezel Orange Pack Z Grade,2014,9200000.0,91000.0,
Honda,Vezel Orange Pack Z Grade Sport Modify,2014,9700000.0,131000.0,
Honda,Vezel Orrange,2014,9490000.0,125000.0,
Honda,Vezel Premium,2025,20500000.0,400.0,
Honda,Vezel Premium Plus,2025,19200000.0,13.0,
Honda,Vezel R3,2014,9250000.0,183000.0,
Honda,Vezel RS,2016,11572500.0,107922.0,11702162.0
Honda,Vezel RS,2017,12176364.0,115074.0,12063592.0
Honda,Vezel RS,2018,12910000.0,77151.0,12753388.0
Honda,Vezel RS,2019,14800000.0,100000.0,13632142.0
Honda,Vezel RS,2025,20000000.0,10.0,13815603.0
Honda,Vezel RS LED,2018,12750000.0,98000.0,
Honda,Vezel RS Sensing,2014,10500000.0,127000.0,10537123.0
Honda,Vezel RS Sensing,2016,11596429.0,116936.0,11465160.0
Honda,Vezel RS Sensing,2017,11917857.0,112475.0,11733755.0
Honda,Vezel RS Sensing,2018,13257143.0,77439.0,12499435.0
Honda,Vezel RS Sensing,2019,13650000.0,113000.0,13154128.0
Honda,Vezel RS Sensing,2020,12500000.0,65000.0,13354189.0
Honda,Vezel RU3 Ivory,2015,9475000.0,179000.0,
Honda,Vezel RU3 Orange,2015,9800000.0,130000.0,
Honda,Vezel RV5,2024,15600000.0,12000.0,
Honda,Vezel Rs,2016,11512500.0,85560.0,11702162.0
Honda,Vezel Rs,2017,12021429.0,87127.0,12063592.0
Honda,Vezel Rs Sensing,2016,11850000.0,131500.0,11465160.0
Honda,Vezel Rs Sensing,2017,11695833.0,99500.0,11733755.0
Honda,Vezel Rs Sensing,2018,11375000.0,119100.0,12499435.0
Honda,Vezel Rs Sensing LED,2018,13200000.0,76000.0,
Honda,Vezel Rs Sensing LED,2019,13800000.0,110000.0,
Honda,Vezel Rs Sensing LED FACE,2018,12150000.0,98500.0,
Honda,Vezel Ru3 Black Pack,2013,8650000.0,140000.0,
Honda,Vezel Sensing,2016,10675000.0,96750.0,
Honda,Vezel X,2022,16350000.0,7500.0,15121866.0
Honda,Vezel X,2023,16416667.0,19833.0,15121866.0
Honda,Vezel X,2024,15300000.0,13499.0,15521893.0
Honda,Vezel X Grade,2023,16000000.0,18000.0,16227495.0
Honda,Vezel X Grade,2024,19000000.0,6300.0,16890177.0
Honda,Vezel X Grade,2025,16750000.0,2150.0,16786744.0
Honda,Vezel X Limited,2023,16600000.0,2340.0,
Honda,Vezel Z,2014,9662500.0,168500.0,12047774.0
Honda,Vezel Z,2015,9375000.0,54060.0,11828234.0
Honda,Vezel Z,2018,12200000.0,10000.0,13619381.0
Honda,Vezel Z,2022,17266667.0,25000.0,15684659.0
Honda,Vezel Z,2023,16852222.0,23578.0,15803863.0
Honda,Vezel Z,2024,17800000.0,9231.0,16124629.0
Honda,Vezel Z,2025,18215000.0,2566.0,16315178.0
Honda,Vezel Z Connect,2024,19500000.0,4000.0,
Honda,Vezel Z E-HEV Play,2024,17800000.0,8000.0,
Honda,Vezel Z GRADE,2014,9000000.0,150000.0,11375710.0
Honda,Vezel Z Grade,2014,9143750.0,147875.0,10666891.0
Honda,Vezel Z Grade,2015,9856250.0,170750.0,10624936.0
Honda,Vezel Z Grade,2022,17890000.0,13200.0,14528827.0
Honda,Vezel Z Grade,2023,17121875.0,20962.0,14577766.0
Honda,Vezel Z Grade,2024,16790000.0,11000.0,15126280.0
Honda,Vezel Z Grade,2025,18155769.0,525.0,15230927.0
Honda,Vezel Z Grade Import,2025,16900000.0,6.0,
Honda,Vezel Z Grade Orange,2014,9500000.0,75000.0,
Honda,Vezel Z Grade Orange Pack,2014,9346667.0,147333.0,9597843.0
Honda,Vezel Z Grade Orange Pack,2015,9150000.0,190000.0,9616884.0
Honda,Vezel Z Grade Orange Pack Modular,2014,9575000.0,100000.0,
Honda,Vezel Z Grade RS Sensing Champion Gold Special Limited Edition,2016,11050000.0,105000.0,
Honda,Vezel Z Great12,2023,16300000.0,51000.0,
Honda,Vezel Z Highest,2025,17725000.0,13.0,
Honda,Vezel Z Hybrid,2025,18250000.0,150.0,
Honda,Vezel Z Orange,2014,9260714.0,151636.0,9278817.0
Honda,Vezel Z Orange,2015,9612500.0,128975.0,9322301.0
Honda,Vezel Z Orange Pack,2014,9200000.0,93400.0,
Honda,Vezel Z Orange Pack,2015,10400000.0,154000.0,
Honda,Vezel Z PREMIUM,2021,18250000.0,26000.0,18295300.0
Honda,Vezel Z PREMIUM,2025,19012500.0,11.0,18723663.0
Honda,Vezel Z Play,2022,18800000.0,22350.0,19313231.0
Honda,Vezel Z Play,2023,18400000.0,14167.0,19344095.0
Honda,Vezel Z Play,2024,20156250.0,7162.0,19461883.0
Honda,Vezel Z Play,2025,20242059.0,882.0,19683311.0
Honda,Vezel Z Play Moon Roof,2023,19690000.0,13000.0,
Honda,Vezel Z Play Moon Roof,2025,20500000.0,5.0,
Honda,Vezel Z Play Moonroof,2024,20900000.0,7200.0,18515976.0
Honda,Vezel Z Play Moonroof,2025,20200000.0,15.0,18754778.0
Honda,Vezel Z Play Premium,2024,19575000.0,6300.0,18571715.0
Honda,Vezel Z Play Premium,2025,20750000.0,113.0,18838906.0
Honda,Vezel Z Play Premium With Moon Roof,2024,19700000.0,10000.0,
Honda,Vezel Z Play With Moon Roof.,2023,19200000.0,26000.0,
Honda,Vezel Z Premium,2023,17612500.0,25300.0,18632968.0
Honda,Vezel Z Premium,2024,18542727.0,8440.0,19096276.0
Honda,Vezel Z Premium,2025,19173667.0,549.0,19201126.0
Honda,Vezel Z Premium 10 Speaker,2025,19100000.0,60.0,
Honda,Vezel Z Premium 10 Speakers,2023,17550000.0,31000.0,
Honda,Vezel Z Sensing,2017,10200000.0,135000.0,
Honda,Vezel Z Sunlight,2023,17300000.0,10500.0,
Honda,Vezel Z Viceroy Package,2016,9875000.0,200.0,
Honda,Vezel Z-grade Orange Pack,2014,9300000.0,168714.0,
Honda,Wagon R Custom Z,2024,8750000.0,4300.0,
Honda,ZRV,2023,21700000.0,5300.0,
Hyundai,ACCENT,2001,2875000.0,160000.0,2776314.0
Hyundai,ATOS,2005,2250000.0,101000.0,
Hyundai,Accent,2000,2526111.0,169911.0,2771538.0
Hyundai,Accent,2001,2662222.0,173111.0,2758229.0
Hyundai,Accent,2002,7081667.0,115239.0,2782412.0
Hyundai,Accent,2003,2702500.0,151584.0,3306602.0
Hyundai,Accent,2004,2943000.0,155268.0,3148249.0
Hyundai,Accent,2005,2460000.0,150000.0,3178048.0
Hyundai,Accent,2006,2726667.0,137000.0,3185363.0
Hyundai,Accent,2011,6284286.0,164979.0,5267633.0
Hyundai,Accent GLM,2003,3200000.0,160000.0,
Hyundai,Accent GLS,2000,2350000.0,167333.0,2570532.0
Hyundai,Accent GLS,2001,2750000.0,200000.0,2565587.0
Hyundai,Accent GLS M,2001,2725000.0,275267.0,
Hyundai,Accent GLSL,2002,3075000.0,196500.0,
Hyundai,Accent Hatchback,2003,2625000.0,165500.0,
Hyundai,Accent Japan,2001,3475000.0,178000.0,
Hyundai,Accent Sedan Model,2001,2690000.0,150000.0,
Hyundai,Atos,2001,2000000.0,17.0,
Hyundai,Atos,2004,2400000.0,120000.0,
Hyundai,Coupe,2003,3175000.0,91000.0,
Hyundai,Coupe Sport Accent,2000,4850000.0,85000.0,
Hyundai,Creta,2017,10900000.0,37000.0,
Hyundai,EON,2017,3500000.0,175626.0,5803971.0
Hyundai,EON MAGNA PLUS,2015,4200000.0,105000.0,6355535.0
Hyundai,EON Magna,2015,3875000.0,88000.0,
Hyundai,EON Magna,2016,4275000.0,92000.0,
Hyundai,EXCEL,1994,1450000.0,1.0,
Hyundai,Elantra,1999,1575000.0,167000.0,4225371.0
Hyundai,Elantra,2000,2635769.0,152025.0,4275862.0
Hyundai,Elantra,2001,1750000.0,105000.0,4308530.0
Hyundai,Elantra,2002,2690000.0,110000.0,4353812.0
Hyundai,Elantra,2011,6500000.0,235000.0,5905949.0
Hyundai,Elantra,2012,7800000.0,120000.0,6161404.0
Hyundai,Elantra,2013,6400000.0,155000.0,6689261.0
Hyundai,Elantra GL,2000,2775000.0,134243.0,
Hyundai,Elantra Wagon,2000,2375000.0,123500.0,
Hyundai,Eon,2014,3863333.0,81000.0,5406623.0
Hyundai,Eon,2015,3973667.0,97642.0,5256797.0
Hyundai,Eon,2016,4156250.0,96623.0,4941074.0
Hyundai,Eon,2017,4287500.0,64500.0,4835608.0
Hyundai,Eon,2018,4625000.0,65500.0,5040731.0
Hyundai,Eon Magna,2016,4225000.0,77562.0,
Hyundai,Eon Magna Plus,2014,3490000.0,148000.0,6536734.0
Hyundai,Eon Magna Plus,2015,4025000.0,103000.0,6355535.0
Hyundai,Eon Magna Plus,2016,4150000.0,123.0,5931668.0
Hyundai,Eon Magna Plus,2017,4175000.0,76900.0,5967830.0
Hyundai,Excel,1991,1200000.0,150000.0,
Hyundai,Excel,1992,1300000.0,120000.0,
Hyundai,Getz,2002,3350000.0,114000.0,3151734.0
Hyundai,Getz,2004,2937500.0,192500.0,3183320.0
Hyundai,Getz,2006,3350000.0,132000.0,3219701.0
Hyundai,Grand I10,2016,5450000.0,120000.0,7549259.0
Hyundai,Grand I10,2017,5450000.0,111500.0,7402130.0
Hyundai,Grand I10,2018,5575000.0,60795.0,7572915.0
Hyundai,Grand I10,2025,8650000.0,200.0,8108350.0
Hyundai,H1,2015,12500000.0,210000.0,
Hyundai,H1,2018,12800000.0,45000.0,
Hyundai,H100,2000,3992857.0,301341.0,3610976.0
Hyundai,H100,2001,5850000.0,187000.0,3594138.0
Hyundai,H100,2005,3975000.0,310000.0,3786234.0
Hyundai,H100 GRACE,2001,3975000.0,147000.0,
Hyundai,H100 Po15,2000,2500000.0,258855.0,
Hyundai,Hijet,1999,3375000.0,152957.0,
Hyundai,Hyundai,1992,2200000.0,1111.0,1891133.0
Hyundai,Hyundai,1994,1370000.0,111111.0,1890577.0
Hyundai,Hyundai,2000,2800000.0,100556.0,2432120.0
Hyundai,I10,2008,4775000.0,104000.0,4993162.0
Hyundai,I10,2016,5050000.0,96850.0,6963627.0
Hyundai,I10,2023,6300000.0,109127.0,7957224.0
Hyundai,Ioniq Hybrid,2018,10750000.0,93000.0,
Hyundai,Kona,2020,9950000.0,79000.0,
Hyundai,Magna,2016,4200000.0,104000.0,
Hyundai,Matrix,2001,2925000.0,177000.0,2841927.0
Hyundai,Matrix,2002,2962500.0,126250.0,2845514.0
Hyundai,Matrix,2005,1800000.0,150000.0,2960630.0
Hyundai,Matrix,2007,3150000.0,109000.0,3106485.0
Hyundai,Matrix GLS,2003,2750000.0,187000.0,
Hyundai,SANTA FE,2001,4050000.0,180000.0,4440635.0
Hyundai,SANTA FE,2009,6900000.0,194000.0,5237757.0
Hyundai,STEALLAR,1989,975000.0,163114.0,
Hyundai,Santa FE,2008,1575000.0,111111.0,5279215.0
Hyundai,Santa Fe,2000,4583333.0,204667.0,3643471.0
Hyundai,Santa Fe,2002,3700000.0,225000.0,3718393.0
Hyundai,Santa Fe,2003,5725000.0,196000.0,3865895.0
Hyundai,Santa Fe,2004,2837500.0,173500.0,3784940.0
Hyundai,Santa Fe,2006,7075000.0,180500.0,4069200.0
Hyundai,Santa Fe,2007,7100000.0,177173.0,4248829.0
Hyundai,Santa Fe,2008,4463611.0,180278.0,4262928.0
Hyundai,Santa Fe,2009,8400000.0,189001.0,4272163.0
Hyundai,Santa Fe,2010,8733333.0,126000.0,6840056.0
Hyundai,Santa Fe,2011,8312500.0,198542.0,7483560.0
Hyundai,Santa Fe,2012,9075000.0,180500.0,7873766.0
Hyundai,Santa Fe,2013,11757143.0,148286.0,8698630.0
Hyundai,Santa Fe,2014,12500000.0,125000.0,9844610.0
Hyundai,Santa Fe 2.2,2012,8250000.0,165000.0,
Hyundai,Santa Fe B,2011,3000000.0,168000.0,
Hyundai,Santro,2000,1950000.0,160000.0,3280502.0
Hyundai,Santro,2002,2033000.0,181958.0,3475626.0
Hyundai,Santro,2004,975000.0,1234.0,3593900.0
Hyundai,Santro,2005,2033333.0,113667.0,3478952.0
Hyundai,Santro,2006,975000.0,150000.0,3646921.0
Hyundai,Santro Xing,2004,2300000.0,165000.0,
Hyundai,Sonata,1997,1550000.0,245876.0,2439911.0
Hyundai,Sonata,2000,2416667.0,147539.0,2450506.0
Hyundai,Sonata,2001,2675000.0,209180.0,2416327.0
Hyundai,Sonata,2004,2200000.0,140456.0,2356594.0
Hyundai,Sonata,2010,3190000.0,87000.0,4099789.0
Hyundai,Sonata,2011,7750000.0,195000.0,4387776.0
Hyundai,Sonata GLS,2000,2100000.0,140000.0,2565060.0
Hyundai,Sonata GLS,2001,3425000.0,340000.0,2560116.0
Hyundai,Sonata GLX,2000,2480000.0,199.0,
Hyundai,Sonata Gls,2010,2950000.0,116000.0,4142854.0
Hyundai,Sonata H Matic,2004,3390000.0,164752.0,
Hyundai,Sonata H-Matic,2005,3475000.0,195000.0,
Hyundai,Sonata Hmatic,2001,3050000.0,167000.0,
Hyundai,Stellar,1986,775000.0,364616.0,1151014.0
Hyundai,Stellar,1987,705000.0,32500.0,1230267.0
Hyundai,Stellar,1988,1275000.0,142000.0,1270601.0
Hyundai,Stellar,1989,1490000.0,259000.0,1349904.0
Hyundai,TUCSON,2012,8600000.0,154000.0,6409253.0
Hyundai,Terracan Montero,2006,7900000.0,250000.0,
Hyundai,Tiburon Sport,2006,4600000.0,750000.0,
Hyundai,Trajet,2000,3800000.0,155620.0,3242666.0
Hyundai,Trajet,2001,3725000.0,192500.0,3266645.0
Hyundai,Trajet,2004,3722500.0,106250.0,3344938.0
Hyundai,Trajet,2005,4890000.0,198500.0,3362065.0
Hyundai,Tucson,2005,3980000.0,124253.0,4652210.0
Hyundai,Tucson,2006,5350000.0,56750.0,4686177.0
Hyundai,Tucson,2007,5475000.0,175300.0,4874105.0
Hyundai,Tucson,2008,5650000.0,113398.0,5229914.0
Hyundai,Tucson,2009,5787500.0,73509.0,5301734.0
Hyundai,Tucson,2011,7868750.0,144250.0,6131329.0
Hyundai,Tucson,2012,8160833.0,156833.0,6409253.0
Hyundai,Tucson,2013,8468750.0,137475.0,6996973.0
Hyundai,Tucson,2014,9733333.0,140700.0,7411852.0
Hyundai,Tucson 4WD,2011,7950000.0,155000.0,
Hyundai,Tucson Ix35,2011,7787500.0,129000.0,
Hyundai,VENUE SX,2020,8750000.0,90000.0,
Hyundai,Venue,2019,8895000.0,79000.0,9419404.0
Hyundai,Venue,2020,8900000.0,34000.0,9562335.0
Hyundai,Venue HX 10,2025,12700000.0,18.0,
Hyundai,Venue SX,2019,8550000.0,72000.0,
Isuzu,Bighorn,1984,7450000.0,175000.0,4017394.0
Isuzu,Bighorn,1985,5500000.0,240000.0,4179837.0
Isuzu,Bighorn,1991,7500000.0,179000.0,5898850.0
Isuzu,Bighorn,1994,7950000.0,167000.0,7348159.0
Isuzu,Bighorn,2002,7650000.0,240000.0,6791212.0
Isuzu,Bighorn Lotus,1996,7500000.0,245000.0,
Isuzu,Cab,1994,3750000.0,125000.0,
Isuzu,Double Cab,1998,5400000.0,68000.0,
Isuzu,Double Cab 2WD,1987,1499000.0,100.0,
Isuzu,ELF Route,1980,1200000.0,100000.0,
Isuzu,ELF Route,1987,1550000.0,361500.0,
Isuzu,Elf Route,1982,1150000.0,320000.0,
Isuzu,Elf Route,1993,6000000.0,200000.0,
Isuzu,FARGO,1983,2300000.0,300000.0,1516281.0
Isuzu,FARGO,1986,2600000.0,100000.0,1757689.0
Isuzu,FARGO,1987,2190000.0,156000.0,1841965.0
Isuzu,Fargo,1985,1580000.0,41412.0,1588939.0
Isuzu,Fargo,1986,1925000.0,256563.0,1702821.0
Isuzu,Fargo,1988,2675000.0,150000.0,1879954.0
Isuzu,Fargo,1989,2293750.0,95865.0,1938456.0
Isuzu,Fargo,1990,2458000.0,73001.0,2055440.0
Isuzu,Fargo,1991,1700000.0,55000.0,2363200.0
Isuzu,Fargo,1992,2728750.0,80560.0,2601233.0
Isuzu,Fargo,1993,3191250.0,291216.0,2620977.0
Isuzu,Fargo,1994,3058333.0,196667.0,2649252.0
Isuzu,Fargo,1998,3100000.0,300000.0,3144662.0
Isuzu,Fargo WFR62,1990,2350000.0,300000.0,
Isuzu,GEMINI,1989,1295000.0,123456.0,1715276.0
Isuzu,GEMINI JT641,1992,1400000.0,425000.0,
Isuzu,Gemini,1978,1050000.0,425000.0,1518409.0
Isuzu,Gemini,1985,820000.0,50000.0,1507620.0
Isuzu,Gemini,1988,1049167.0,133625.0,1656774.0
Isuzu,Gemini,1989,1261250.0,192500.0,1715276.0
Isuzu,Gemini,1991,1600000.0,123456.0,2146819.0
Isuzu,Gemini,1992,2150000.0,165000.0,2432190.0
Isuzu,Gemini Jt 641,1994,1500000.0,23500.0,
Isuzu,JT641,1991,1795000.0,210000.0,
Isuzu,KB,2000,6000000.0,591779.0,
Isuzu,KB CAB,1995,4250000.0,180000.0,
Isuzu,KB Holden Rodeo,1990,3775000.0,245600.0,
Isuzu,Mux,2014,15150000.0,242500.0,
Isuzu,Smart Cab,1996,4000000.0,450000.0,
Isuzu,TFR 4WD,1994,3875000.0,200000.0,
Isuzu,TFR54H,1994,2050000.0,160000.0,
Isuzu,TROOPER,1985,3900000.0,185000.0,2250058.0
Isuzu,Trooper,1984,4900000.0,216500.0,2176745.0
Isuzu,Trooper,1988,850000.0,120000.0,2430737.0
Isuzu,Trooper,1989,575000.0,250000.0,2466987.0
Isuzu,Trooper,1990,5500000.0,370000.0,2569520.0
Isuzu,Trooper,1991,3900000.0,1234.0,2674300.0
Isuzu,Trooper Bighorn,1985,6500000.0,123.0,
JAC,Grand Tiger 4WD,2016,6250000.0,139000.0,6916051.0
JAC,Grand Tiger 4WD,2017,7250000.0,152000.0,7008467.0
JAC,T9,2025,16925000.0,4800.0,16126973.0
JAC,T9,2026,16900000.0,1.0,16823116.0
JAC,Zx,2016,6500000.0,139000.0,
JMC,Bording,2011,3950000.0,228000.0,
JMC,Carry,2012,2925000.0,235632.0,
JMC,JMC,2009,2375000.0,270000.0,5648821.0
JMC,JMC,2012,6500000.0,117200.0,5959138.0
JMC,JMC,2014,4800000.0,250000.0,6889573.0
JMC,Single Cab,2008,1875000.0,170000.0,
Jaguar,S Type,2000,1950000.0,115666.0,
Jaguar,S Type,2001,4875000.0,117000.0,
Jaguar,X Type,2002,5575000.0,98700.0,5446506.0
Jaguar,X Type,2003,6000000.0,170000.0,5804884.0
Jaguar,X Type,2008,7300000.0,121000.0,6292749.0
Jaguar,X- Type,2003,5275000.0,151000.0,
Jaguar,XF,2013,14450000.0,63750.0,13035602.0
Jaguar,XF,2014,14000000.0,79540.0,12994187.0
Jaguar,Xf,2013,13500000.0,105000.0,13035602.0
Jeep,Cherokee,2006,6700000.0,150000.0,
Jeep,Cherokee Limited,2004,5850000.0,185000.0,
Jeep,Cherokee Limited,2005,6600000.0,127000.0,
Jeep,Cherokee Limited 3.7L,2005,6900000.0,160000.0,
Jeep,Cherokee Trailhawk,2015,17900000.0,237000.0,
Jeep,Compass,2019,10062500.0,74500.0,
Jeep,Compass Limited,2019,17250000.0,62375.0,
Jeep,Compass Longitude,2019,14700000.0,69000.0,
Jeep,Grand Cherokee,2005,7987500.0,125000.0,
Jeep,Grand Cherokee Overland Edition,2016,18995000.0,102000.0,
Jeep,Renegade Limited,2017,12590000.0,104500.0,
Jeep,Renegade Limited,2019,14000000.0,38000.0,
Jeep,WRANGLER UNLIMITED,2010,22000000.0,186376.0,
Jonway,A380,2012,5000000.0,120000.0,
Kia,CARENS CLAVIS,2025,24000000.0,60.0,
Kia,CERATO EX,2004,3860000.0,260742.0,
Kia,Caren,2001,2550000.0,85000.0,
Kia,Carens,2001,2437500.0,125058.0,2652073.0
Kia,Carens,2003,3900000.0,90000.0,2818463.0
Kia,Carens,2008,3100000.0,150000.0,3606284.0
Kia,Carens Turbo,2003,3290000.0,129870.0,
Kia,Carnival,2000,2850000.0,167565.0,2968784.0
Kia,Carnival,2001,3750000.0,79500.0,3027330.0
Kia,Cerato,2009,5850000.0,180000.0,5161276.0
Kia,Cerato,2010,5890000.0,180000.0,5444620.0
Kia,Cerato,2011,6216667.0,168000.0,5740300.0
Kia,Cerato,2012,5945000.0,194500.0,5907398.0
Kia,Clarus,1999,1600000.0,150000.0,
Kia,GRAND CARNIVAL,2015,18000000.0,149000.0,
Kia,Grand Carnival,2015,20000000.0,106000.0,
Kia,KIA,2012,19000000.0,98000.0,4285780.0
Kia,Kia,1998,1375000.0,25000.0,2149735.0
Kia,Kia,2012,9900000.0,175000.0,4285780.0
Kia,Kia,2015,11000000.0,170000.0,6020034.0
Kia,Mentor,2000,1850000.0,32560.0,
Kia,OPTIMA,2009,5000000.0,240000.0,7523882.0
Kia,Optima,2001,2750000.0,110400.0,6137849.0
Kia,Optima,2012,9250000.0,133500.0,9727223.0
Kia,Optima,2013,9850000.0,115000.0,10327653.0
Kia,Optima,2015,12800000.0,80000.0,10491191.0
Kia,PICANTO,2005,3650000.0,224000.0,4525990.0
Kia,PICANTO,2016,5725000.0,79100.0,6347115.0
Kia,Picanto,2005,2850000.0,112960.0,4525990.0
Kia,Picanto,2011,5100000.0,139000.0,5680576.0
Kia,Picanto,2016,5593409.0,89532.0,6347115.0
Kia,Picanto,2017,6007778.0,74638.0,6148409.0
Kia,Picanto,2018,5975000.0,59000.0,6611822.0
Kia,Picanto GT Line High Grade,2016,5950000.0,64000.0,
Kia,Picanto GT Line Sport,2016,5803333.0,104833.0,6675103.0
Kia,Picanto GT SPORT,2016,6090000.0,102000.0,
Kia,Picanto High Grade Sports Model,2016,5990000.0,64000.0,
Kia,Picanto-Mint Condition,2016,5550000.0,65000.0,
Kia,Pride,1999,1750000.0,75000.0,
Kia,RIO,2001,2675000.0,14865.0,2493854.0
Kia,RIO,2002,750000.0,94500.0,2484339.0
Kia,RIO,2011,5575000.0,134000.0,4104563.0
Kia,RIO,2015,7250000.0,60800.0,6771187.0
Kia,Rio,1997,2475000.0,1500.0,1489862.0
Kia,Rio,2000,2058750.0,161550.0,1782415.0
Kia,Rio,2001,2166667.0,115326.0,1729373.0
Kia,Rio,2002,2388333.0,169667.0,1669147.0
Kia,Rio,2003,2584375.0,127385.0,1812390.0
Kia,Rio,2004,2550000.0,132500.0,1842575.0
Kia,Rio,2005,2675000.0,170000.0,1765087.0
Kia,Rio,2015,7875000.0,144500.0,4831435.0
Kia,Rio Hatchback,2022,2550000.0,150000.0,
Kia,Rio LS M,2003,2750000.0,185000.0,
Kia,SELTOS GT LINE TURBO,2020,16200000.0,38000.0,
Kia,SELTOS GT LINE TURBO 39000KM,2021,13700000.0,39000.0,
Kia,SEPHIA II,2002,2600000.0,162481.0,
Kia,SONET,2025,13150000.0,4300.0,
Kia,SORENTO,2010,7950000.0,240000.0,9328489.0
Kia,SORENTO,2011,10175000.0,167000.0,9522698.0
Kia,SORENTO,2012,11185000.0,137812.0,10221968.0
Kia,SORENTO 1-12,2012,11250000.0,181500.0,
Kia,SPECTRA,2001,2150000.0,234195.0,7957852.0
Kia,SPORTAGE,2005,5150000.0,234000.0,6620967.0
Kia,SPORTAGE,2008,6250000.0,223000.0,6459147.0
Kia,SPORTAGE,2011,8250000.0,170000.0,8142646.0
Kia,SPORTAGE,2012,9525000.0,142000.0,8666085.0
Kia,SPORTAGE,2013,9200000.0,148236.0,8991482.0
Kia,SPORTAGE EX,2013,9200000.0,147000.0,
Kia,SPORTAGE EX,2015,11100000.0,210000.0,
Kia,STONIC,2020,8800000.0,135942.0,6746522.0
Kia,SYROS,2025,13900000.0,60.0,
Kia,Sephia,1998,1525000.0,137500.0,2149735.0
Kia,Sephia,2002,2350000.0,135000.0,2439308.0
Kia,Sonet,2025,13500000.0,1110.0,
Kia,Sonet GTX Plus,2025,12510000.0,211.0,14273262.0
Kia,Sonet GTX Plus,2026,12500000.0,12.0,14792624.0
Kia,Sorento,2002,3300000.0,162728.0,5569361.0
Kia,Sorento,2003,4500000.0,210000.0,6418291.0
Kia,Sorento,2004,5450000.0,166500.0,6455502.0
Kia,Sorento,2005,5500000.0,89500.0,6425639.0
Kia,Sorento,2006,5212500.0,172500.0,6967260.0
Kia,Sorento,2007,6500000.0,183000.0,7986694.0
Kia,Sorento,2008,6525000.0,220000.0,7893501.0
Kia,Sorento,2010,9816667.0,149667.0,9857539.0
Kia,Sorento,2011,9385185.0,139891.0,9979299.0
Kia,Sorento,2012,10889750.0,166989.0,11007904.0
Kia,Sorento,2013,13500000.0,150000.0,11984127.0
Kia,Sorento,2014,13008333.0,144441.0,14693294.0
Kia,Sorento,2015,18845833.0,141603.0,15413063.0
Kia,Sorento,2016,19275000.0,115000.0,17569896.0
Kia,Sorento,2017,22850000.0,94250.0,18098773.0
Kia,Sorento 1 To 24,2015,25500000.0,94000.0,
Kia,Sorento 1-10,2012,12450000.0,73000.0,
Kia,Sorento 1-14 Option,2014,14700000.0,164000.0,
Kia,Sorento 1-24 CRDI,2015,18000000.0,130000.0,
Kia,Sorento 4WD,2014,13500000.0,114000.0,
Kia,Sorento CRDI,2009,8900000.0,150000.0,
Kia,Sorento CRDI,2014,13500000.0,200000.0,
Kia,Sorento EX,2004,5025000.0,96000.0,
Kia,Soul,2011,6000000.0,116000.0,
Kia,Soul,2012,6900000.0,105000.0,
Kia,Spectra,2000,2575000.0,89900.0,7947365.0
Kia,Spectra,2001,7578750.0,125000.0,7957852.0
Kia,Spectra,2004,2650000.0,172046.0,9858425.0
Kia,Spectra,2006,2700000.0,188564.0,10442938.0
Kia,Spectra,2011,1800000.0,240000.0,12526972.0
Kia,Spectra LS,2004,2900000.0,161990.0,
Kia,Sportage,1998,600000.0,133969.0,6290909.0
Kia,Sportage,2000,2850000.0,220000.0,6133422.0
Kia,Sportage,2001,3250000.0,130000.0,6167891.0
Kia,Sportage,2005,4400000.0,190000.0,6570963.0
Kia,Sportage,2006,5600000.0,198000.0,6735095.0
Kia,Sportage,2007,4728750.0,183000.0,6655010.0
Kia,Sportage,2008,6336667.0,168000.0,6492159.0
Kia,Sportage,2010,8300000.0,171410.0,7802260.0
Kia,Sportage,2011,8640833.0,142344.0,8746621.0
Kia,Sportage,2012,9025000.0,158379.0,9321189.0
Kia,Sportage,2013,9968750.0,137908.0,9785981.0
Kia,Sportage,2014,10570000.0,123770.0,10364158.0
Kia,Sportage,2015,10750000.0,139000.0,10383492.0
Kia,Sportage AWD,2011,9000000.0,182000.0,
Kia,Sportage EX CRDI,2013,9800000.0,175000.0,
Kia,Sportage SX Chrome Pack,2013,10500000.0,149000.0,
Kia,Stonic,2019,11250000.0,38500.0,6632148.0
Kia,Stonic,2020,3856250.0,69778.0,6746522.0
Kia,Stonic GT,2020,10500000.0,54000.0,
Kia,Stonic T-gdi,2020,1875000.0,84000.0,
Kia,Syros,2025,10850000.0,3750.0,
Kia,Syros HTX Plus,2025,12950000.0,1.0,
Kia,Syros HTX Plus O,2025,13300000.0,200.0,
Komatsu,60 Avanza,2012,3500000.0,5000.0,
Land-Rover,DEFENDER 110 TD5 2.5,2008,21500000.0,90000.0,
Land-Rover,Defender,1969,7500000.0,150000.0,7912637.0
Land-Rover,Defender,1975,4500000.0,300000.0,7912637.0
Land-Rover,Defender,1980,8500000.0,50000.0,7912637.0
Land-Rover,Defender,1981,15750000.0,95000.0,7912637.0
Land-Rover,Defender,1985,7700000.0,137000.0,7948607.0
Land-Rover,Defender,1989,12000000.0,170000.0,8366011.0
Land-Rover,Defender,1991,18200000.0,56000.0,8667813.0
Land-Rover,Defender,1996,26000000.0,109138.0,8701528.0
Land-Rover,Defender,2003,17946250.0,47942.0,10025643.0
Land-Rover,Defender,2007,5300000.0,150000.0,13354513.0
Land-Rover,Defender,2008,29500000.0,16000.0,13023114.0
Land-Rover,Defender,2009,29000000.0,25000.0,12531917.0
Land-Rover,Defender,2010,18500000.0,140000.0,12760704.0
Land-Rover,Defender 109,1962,4000000.0,283883.0,
Land-Rover,Defender 110,1985,22000000.0,85000.0,7796337.0
Land-Rover,Defender 110,1986,18500000.0,68000.0,7796337.0
Land-Rover,Defender 110,1991,15300000.0,162222.0,7974953.0
Land-Rover,Defender 110,1996,22500000.0,133512.0,8072245.0
Land-Rover,Defender 110,2016,22000000.0,97000.0,17418082.0
Land-Rover,Defender 90,1967,7475000.0,275050.0,
Land-Rover,Defender 90,1987,12500000.0,138000.0,
Land-Rover,Defender 90 300tdi,1987,8700000.0,207000.0,
Land-Rover,Defender D Cab 130 300 TDI,2005,26500000.0,121000.0,
Land-Rover,Defender Puma,1985,14500000.0,136000.0,
Land-Rover,Defender Puma,2011,29500000.0,141000.0,
Land-Rover,Defender Puma 2.4,2001,22500000.0,99000.0,
Land-Rover,Defender Puma 2.4,2011,22500000.0,99800.0,
Land-Rover,Discovery,1994,6400000.0,197000.0,11945578.0
Land-Rover,Discovery,2006,18750000.0,183000.0,14029333.0
Land-Rover,Discovery,2009,3950000.0,170000.0,15165673.0
Land-Rover,Discovery 1,1995,5500000.0,22.0,
Land-Rover,Discovery 2,2001,8600000.0,150000.0,
Land-Rover,Discovery 3,2006,9800000.0,165999.0,
Land-Rover,Discovery 3,2009,19500000.0,106000.0,
Land-Rover,Discovery 3 HSE,2009,19500000.0,180000.0,
Land-Rover,Discovery 4,2010,24750000.0,157000.0,23612817.0
Land-Rover,Discovery 4,2012,25750000.0,130000.0,23638852.0
Land-Rover,Discovery 4 HSE 3.0L V6,2012,24500000.0,163000.0,
Land-Rover,Discovery 4 SDV6,2016,28800000.0,144000.0,
Land-Rover,Discovery 4 SDV6 GS,2011,22599999.0,276242.0,
Land-Rover,Discovery 4 TDV6 HSE,2010,26000000.0,150000.0,
Land-Rover,Discovery 4HS,2011,22000000.0,200000.0,
Land-Rover,Discovery 5,2020,395000.0,107000.0,
Land-Rover,Discovery Sport,2015,24500000.0,41000.0,
Land-Rover,Evoque HSE,2013,17500000.0,74000.0,
Land-Rover,FREELANDER,2011,11500000.0,108000.0,4499414.0
Land-Rover,FREELANDER 2,2013,13500000.0,130000.0,12317267.0
Land-Rover,Freelander,1998,4750000.0,220000.0,3520885.0
Land-Rover,Freelander,1999,4675000.0,135543.0,3602915.0
Land-Rover,Freelander,2000,5700000.0,229714.0,3585518.0
Land-Rover,Freelander,2001,4875000.0,280000.0,3672564.0
Land-Rover,Freelander,2006,1475000.0,155000.0,3944117.0
Land-Rover,Freelander,2011,2375000.0,11111.0,4499414.0
Land-Rover,Freelander,2012,12500000.0,87000.0,4566558.0
Land-Rover,Freelander 1,1999,4550000.0,240000.0,
Land-Rover,Freelander 1,2000,5750000.0,128000.0,
Land-Rover,Freelander 1 TD4,2001,5650000.0,200000.0,
Land-Rover,Freelander 2,2011,8900000.0,110000.0,11042620.0
Land-Rover,Freelander 2,2012,12000000.0,118000.0,11530604.0
Land-Rover,Freelander 2,2013,13500000.0,118000.0,12317267.0
Land-Rover,Freelander 2 HSE,2011,8800000.0,96999.0,
Land-Rover,Freelander 2 TD4,2012,12100000.0,175000.0,
Land-Rover,Freelander 2 TD4 S,2011,10800000.0,118000.0,
Land-Rover,GS TD4,2009,9000000.0,79000.0,
Land-Rover,Land Roverovery HSE Vogue,2013,28000000.0,193000.0,
Land-Rover,Military,1967,5850000.0,15267.0,
Land-Rover,Range Rover Evoque,2013,19533333.0,116333.0,18572227.0
Land-Rover,Range Rover Evoque Prestige Dynamic,2012,18000000.0,120000.0,
Land-Rover,Range Rover P38 4.6l V8,1999,9500000.0,71000.0,
Land-Rover,Range Rover SPORT,2018,5650000.0,31000.0,
Land-Rover,Range Rover Vogue,2012,14950000.0,87657.0,
Land-Rover,Range Rover Voguebiography,2011,12958000.0,96800.0,
Land-Rover,SPORT,2017,24500000.0,94000.0,
Land-Rover,Series,1967,5750000.0,9500.0,
Lexus,CT200H,2012,8500000.0,170000.0,
Lexus,CT200h,2012,8400000.0,170000.0,
Lexus,LBX,2024,24900000.0,4000.0,
Lexus,LBX Highest Spec,2024,24950000.0,12000.0,
Lexus,LBX RELAX,2025,27000000.0,232.0,
Lexus,LBX- Relax,2024,25000000.0,2000.0,
Lexus,NX300h,2014,21900000.0,162000.0,
Lexus,RS300,2004,8750000.0,178000.0,
Lexus,RX 330,2006,2750000.0,89000.0,
Lexus,RX 400 H,2011,11000000.0,100000.0,
Lexus,RX 400h,2008,12000000.0,215000.0,
Lexus,RX 450 H,2012,8990000.0,85000.0,
Lexus,RX300,2003,8000000.0,170000.0,
Lexus,RX350,2007,10900000.0,1.0,
Lexus,RX400H SE CVT,2007,8800000.0,95074.0,
Lexus,RX450H HYBRID,2011,16590000.0,111000.0,
MG,4 I Smart,2024,13200000.0,13000.0,
MG,4 IconX ISmart British Highest Spec,2022,13000000.0,40000.0,
MG,6 Fast Back,2014,5870000.0,85000.0,
MG,MG,2018,9475000.0,41500.0,11295712.0
MG,MG,2021,9325000.0,89451.0,10947952.0
MG,MG4,2024,14750000.0,6550.0,
MG,MGZS1,2019,7900000.0,254318.0,
MG,SZ Turbo,2018,8500000.0,67000.0,
MG,Turbo 6,2014,6950000.0,105000.0,
MG,ZS,2018,8913750.0,89083.0,9083147.0
MG,ZS,2019,9004074.0,90589.0,9025341.0
MG,ZS,2021,9225000.0,83296.0,9173705.0
MG,ZS,2023,11000000.0,82460.0,9181244.0
MG,ZS,2025,14550000.0,4593.0,9377190.0
MG,ZS EV,2019,9500000.0,98000.0,
MG,ZS MCE,2025,12050000.0,1000.0,
MG,ZS1,2019,8170000.0,186517.0,7996754.0
MG,Zs,2018,8591667.0,84667.0,8889970.0
MG,Zs,2019,9078429.0,86714.0,8894336.0
MG,Zs,2020,9900000.0,56000.0,9091044.0
Mahindra,.,2011,4250000.0,260000.0,
Mahindra,100 NXT,2020,5195000.0,49750.0,
Mahindra,BOLERO,2011,2800000.0,118000.0,3826748.0
Mahindra,BOLERO,2019,4500000.0,143000.0,4391921.0
Mahindra,BOLERO,2024,5190000.0,6250.0,6208004.0
Mahindra,BOLERO MAXI TRUCK,2011,2650000.0,62500.0,3575659.0
Mahindra,Big Bolero,2019,4375000.0,80000.0,
Mahindra,Bolero,2004,3950000.0,125000.0,2374707.0
Mahindra,Bolero,2006,1900000.0,147000.0,2485297.0
Mahindra,Bolero,2007,2141667.0,250782.0,2578354.0
Mahindra,Bolero,2008,2583750.0,90160.0,2730171.0
Mahindra,Bolero,2009,2600000.0,900000.0,2828986.0
Mahindra,Bolero,2010,2650000.0,1759.0,2991093.0
Mahindra,Bolero,2011,2976111.0,68317.0,3034856.0
Mahindra,Bolero,2012,2979615.0,98023.0,3073138.0
Mahindra,Bolero,2013,3284375.0,102299.0,3103675.0
Mahindra,Bolero,2014,3430000.0,90850.0,3195049.0
Mahindra,Bolero,2015,3451786.0,107033.0,3426512.0
Mahindra,Bolero,2016,3847500.0,105996.0,3651003.0
Mahindra,Bolero,2017,3919167.0,96935.0,3743791.0
Mahindra,Bolero,2018,5300000.0,135000.0,3788193.0
Mahindra,Bolero,2019,4250000.0,84000.0,4005482.0
Mahindra,Bolero,2020,4381250.0,76075.0,4212588.0
Mahindra,Bolero,2021,3275000.0,275869.0,4764309.0
Mahindra,Bolero,2023,4700000.0,30000.0,5082887.0
Mahindra,Bolero,2025,4995000.0,10.0,5554237.0
Mahindra,Bolero 4x4,2003,4200000.0,140000.0,
Mahindra,Bolero City,2026,4995000.0,16.0,
Mahindra,Bolero Maxi Truck,2012,3200000.0,48800.0,3689444.0
Mahindra,Bolero Maxi Truck,2014,3270000.0,173000.0,4061400.0
Mahindra,Bolero Maxi Truck,2016,4000000.0,110000.0,3848264.0
Mahindra,Bolero Plus,2015,3850000.0,98000.0,
Mahindra,Bolero Single Cab,2014,3575000.0,200000.0,
Mahindra,Bolero Vx Turbo Sport,2015,4000000.0,90000.0,
Mahindra,Camper Gold,2016,5000000.0,255000.0,
Mahindra,E20,2016,1950000.0,32000.0,5615898.0
Mahindra,E20,2018,19500000.0,47200.0,5512748.0
Mahindra,E20,2021,1950000.0,12345.0,5780999.0
Mahindra,E2O,2018,2200000.0,20000.0,
Mahindra,KUV,2020,5075000.0,85500.0,
Mahindra,KUV 100,2020,4985714.0,68767.0,5368820.0
Mahindra,KUV 100,2021,5043333.0,63892.0,5353819.0
Mahindra,KUV 100,2022,5660000.0,57862.0,5080316.0
Mahindra,KUV 100,2023,6350000.0,40000.0,5053463.0
Mahindra,KUV 100,2024,6950000.0,26234.0,5493026.0
Mahindra,KUV 100 NXT,2020,5195000.0,49750.0,5358009.0
Mahindra,KUV 100 NXT,2021,5638333.0,43698.0,5382488.0
Mahindra,KUV 100 NXT,2023,6375000.0,54000.0,5082133.0
Mahindra,KUV 100 NXT AMT D75,2023,6500000.0,57000.0,
Mahindra,KUV 100 NXT K8,2020,1775000.0,62000.0,
Mahindra,KUV 100 Nxt,2021,5700000.0,59500.0,5382488.0
Mahindra,KUV 100 Nxt K6,2024,6500000.0,19000.0,
Mahindra,KUV 100 Nxt K6,2025,8200000.0,6000.0,
Mahindra,KUV 100NXT,2020,5195000.0,40000.0,5636281.0
Mahindra,KUV 100NXT,2022,5485000.0,34500.0,5397859.0
Mahindra,KUV K6,2022,6800000.0,39000.0,
Mahindra,KUV NXT 100,2020,5650000.0,28100.0,
Mahindra,Kuv,2022,5495000.0,39000.0,
Mahindra,Kuv 100,2020,5063333.0,61268.0,5368820.0
Mahindra,Kuv 100,2021,4977500.0,84659.0,5353819.0
Mahindra,Kuv 100,2022,5825000.0,29700.0,5080316.0
Mahindra,Kuv 100,2023,6400000.0,49000.0,5053463.0
Mahindra,Kuv 100,2024,6540000.0,19000.0,5493026.0
Mahindra,LX,2007,3600001.0,180000.0,
Mahindra,Lx,2007,3275000.0,245639.0,
Mahindra,Mahindra,1977,1950000.0,50500.0,
Mahindra,SCORPIO REV GLX,2008,3500000.0,166000.0,
Mahindra,Scorpio,2003,4250000.0,151728.0,3560092.0
Mahindra,Scorpio,2011,4400000.0,163000.0,4145569.0
Mahindra,Scorpio,2014,5850000.0,130000.0,4723220.0
Mahindra,XUV 3XO AX7L,2025,12850000.0,4100.0,
Mahindra,Xenon,2016,3100000.0,95000.0,
Massey-Ferguson,135DL,1990,1100000.0,36399.0,
Mazda,2,2016,9000000.0,153686.0,
Mazda,2 Skyactiv,2015,8875000.0,178500.0,
Mazda,3,2004,5500000.0,200000.0,6751798.0
Mazda,3,2006,5750000.0,153000.0,7284523.0
Mazda,3,2007,6095000.0,157242.0,7925741.0
Mazda,3,2008,6000000.0,173000.0,7452148.0
Mazda,3,2011,6975000.0,135500.0,9234062.0
Mazda,3,2013,7700000.0,153500.0,9814202.0
Mazda,3,2014,9666667.0,128667.0,9764213.0
Mazda,3,2015,9750000.0,122000.0,9762495.0
Mazda,3,2019,16000000.0,59000.0,10660515.0
Mazda,3 Axela,2007,5615000.0,150582.0,5200213.0
Mazda,3 Axela,2015,9100000.0,142000.0,6472728.0
Mazda,3 Axela,2017,12300000.0,150000.0,6115057.0
Mazda,3 Japan,2015,9375000.0,160000.0,
Mazda,323,1992,1250000.0,95000.0,2203804.0
Mazda,323,1997,1250000.0,12345.0,2914873.0
Mazda,323,1999,3500000.0,143000.0,2930410.0
Mazda,323 BF Wagon,1987,1050000.0,11111.0,
Mazda,323 GXL,1988,1050000.0,45231.0,
Mazda,323 Turbo,2000,1975000.0,56000.0,
Mazda,6,2013,12200000.0,76000.0,11694878.0
Mazda,6,2015,14475000.0,159500.0,11680999.0
Mazda,6 GT,2013,11700000.0,121000.0,11267253.0
Mazda,6 GT,2014,13362500.0,115000.0,11454203.0
Mazda,6 Luxury Performance Sedan,2013,10900000.0,123000.0,
Mazda,6 SKYACTIV,2016,13200000.0,107000.0,
Mazda,6 Skyactiv,2013,11850000.0,143000.0,
Mazda,6 Skyactiv,2015,11975000.0,150000.0,
Mazda,AD Wagon,1999,2500000.0,100000.0,
Mazda,AXELA,2013,9875000.0,171900.0,7370789.0
Mazda,AXELA SKYACTIV,2013,10690000.0,160000.0,
Mazda,Alto Japan,2023,6200000.0,1.0,
Mazda,Astina,1988,2200000.0,725000.0,1569163.0
Mazda,Astina,1989,3375000.0,194564.0,1627664.0
Mazda,Astina,1990,2166667.0,152967.0,1761312.0
Mazda,Astina,1991,2975000.0,170000.0,2002221.0
Mazda,Astina,1994,1895000.0,200000.0,2213367.0
Mazda,Axela,2004,5365000.0,207933.0,6116761.0
Mazda,Axela,2005,5207500.0,178120.0,6119203.0
Mazda,Axela,2006,1975000.0,158000.0,6178683.0
Mazda,Axela,2007,5593571.0,169905.0,6170916.0
Mazda,Axela,2009,6357500.0,152000.0,6283098.0
Mazda,Axela,2012,10600000.0,172000.0,7305875.0
Mazda,Axela,2013,9200000.0,157500.0,7370789.0
Mazda,Axela,2014,6050000.0,132500.0,7333590.0
Mazda,Axela,2015,12450000.0,189000.0,7326475.0
Mazda,Axela,2018,11800000.0,12.0,7087447.0
Mazda,Axela 3,2005,5490000.0,175000.0,
Mazda,Axela Sky Active,2014,9275000.0,140000.0,
Mazda,Axela Skyactiv,2015,12500000.0,189000.0,
Mazda,Axela Skyactiv,2017,11700000.0,114000.0,
Mazda,BDJ051,1982,1350000.0,285000.0,
Mazda,BF,1987,1200000.0,190.0,
Mazda,BG3P,1992,1750000.0,150000.0,
Mazda,BH3P,1997,3200000.0,100000.0,
Mazda,BJ 5P,2000,3450000.0,178000.0,
Mazda,BJ3 Familia 323,1999,2925000.0,295000.0,
Mazda,BJ3P,2002,3500000.0,262144.0,
Mazda,BJ5P,1998,3300000.0,289000.0,3217062.0
Mazda,BJ5P,1999,3450000.0,141000.0,3299093.0
Mazda,BJ5P,2002,3657500.0,205000.0,3554542.0
Mazda,BJ5P,2003,4400000.0,159335.0,3728672.0
Mazda,BJ5p,2006,3950000.0,100000.0,3774301.0
Mazda,BONGO,1993,4150000.0,1234.0,3272843.0
Mazda,BRAWNY LONG MODEL,2007,7150000.0,151026.0,
Mazda,BT50,2012,8500000.0,1234.0,
Mazda,Bg5p Familia,1992,1325000.0,46854.0,
Mazda,Bj5p,2001,3850000.0,162000.0,3480632.0
Mazda,Bongo,1991,3900000.0,280000.0,3105614.0
Mazda,Bongo,1992,3560000.0,110782.0,3487410.0
Mazda,Bongo,1993,3850000.0,184996.0,3803941.0
Mazda,Bongo,1994,3616667.0,254000.0,3837702.0
Mazda,Bongo,1995,3450000.0,200000.0,3863873.0
Mazda,Bongo,1996,4100000.0,300000.0,4043882.0
Mazda,Bongo,1997,4233333.0,281891.0,4846288.0
Mazda,Bongo,1998,4612000.0,215280.0,4873297.0
Mazda,Bongo,1999,5383333.0,340750.0,4944128.0
Mazda,Bongo,2000,5625000.0,171714.0,5310829.0
Mazda,Bongo,2001,5700000.0,18.0,5371620.0
Mazda,Bongo,2002,5875000.0,215000.0,5419346.0
Mazda,Bongo,2004,5058333.0,225337.0,5710134.0
Mazda,Bongo,2005,4450000.0,300000.0,5721899.0
Mazda,Bongo,2007,6750000.0,190098.0,5837899.0
Mazda,Bongo,2010,8500000.0,202700.0,6802892.0
Mazda,Bongo,2011,8575000.0,175000.0,6869741.0
Mazda,Bongo Brawny,1992,4000000.0,420000.0,
Mazda,Bongo GL SK,2010,8150000.0,207800.0,
Mazda,Bongo Lion Face,2004,6050000.0,220000.0,
Mazda,Bongo Lion Face,2007,6850000.0,225000.0,
Mazda,Bongo Lion Face Super Gl,2002,6700000.0,280000.0,
Mazda,Bongo Super Long,2000,5900000.0,400000.0,
Mazda,Bongo Vanette,2002,5625000.0,12345.0,
Mazda,Bongo Vanette Lion Face,2007,5750000.0,165000.0,
Mazda,Bongo Vanette Ori Disel,2006,6900000.0,288000.0,
Mazda,Brawny,1987,2800000.0,300000.0,2491496.0
Mazda,Brawny,1988,2895000.0,275000.0,2761304.0
Mazda,Brawny,1989,4500000.0,36254.0,2988585.0
Mazda,Brawny,1990,2650000.0,205000.0,3095219.0
Mazda,Brawny,1991,3700000.0,197823.0,3311119.0
Mazda,Brawny,1992,3225000.0,205000.0,3402296.0
Mazda,Brawny,1995,4345833.0,84926.0,3573779.0
Mazda,Brawny,1999,6400000.0,392000.0,4131438.0
Mazda,Brawny,2000,1060000.0,89563.0,4221235.0
Mazda,Brawny,2006,6850000.0,175800.0,4865614.0
Mazda,Brawny,2007,6975000.0,202750.0,5040383.0
Mazda,Brawny,2008,6800000.0,159000.0,5454218.0
Mazda,Brawny,2009,6850000.0,512000.0,5552030.0
Mazda,Brawny,2010,7700000.0,245000.0,5739820.0
Mazda,Brawny Long,2007,7000000.0,280000.0,
Mazda,Brawny Medium,1997,4950000.0,222222.0,
Mazda,Butterfly,1997,2700000.0,12345.0,
Mazda,Butterfly 323,1997,2500000.0,271000.0,
Mazda,CX 5,2014,12500000.0,180000.0,
Mazda,CX5,2013,11625000.0,157000.0,
Mazda,CX6,2014,12200000.0,124000.0,
Mazda,Capella,2000,1500000.0,168.0,
Mazda,Carol,2004,3275000.0,153000.0,5036102.0
Mazda,Carol,2015,5440000.0,114992.0,7493877.0
Mazda,Carol,2017,5575000.0,43000.0,7083230.0
Mazda,Carol,2023,6390000.0,11000.0,9117705.0
Mazda,DA 62,2004,4200000.0,110000.0,
Mazda,DELUXE Familia,1985,750000.0,66449.0,
Mazda,DEMIO,1999,4500000.0,99000.0,4173175.0
Mazda,DEMIO,2008,5250000.0,177221.0,5293476.0
Mazda,DEMIO DW3W,1999,2895000.0,168900.0,
Mazda,Demio,1998,3037500.0,92500.0,3386833.0
Mazda,Demio,1999,2950000.0,169965.0,3451115.0
Mazda,Demio,2000,3737500.0,113056.0,3498084.0
Mazda,Demio,2001,2575000.0,178100.0,3480947.0
Mazda,Demio,2004,3450000.0,165000.0,4146248.0
Mazda,Demio,2006,3650000.0,130000.0,4287626.0
Mazda,Demio,2007,4910000.0,155960.0,4517301.0
Mazda,Demio,2008,5062500.0,154250.0,4835070.0
Mazda,Demio,2009,5361429.0,150037.0,4923740.0
Mazda,Demio,2010,5575000.0,102000.0,5085283.0
Mazda,EBD-DG64V,2007,4250000.0,190.0,
Mazda,Eunos,1995,2250000.0,73632.0,
Mazda,Every,2007,4400000.0,180000.0,
Mazda,FAMILIA,1991,1850000.0,207000.0,2032631.0
Mazda,FLAIR,2016,5700000.0,182000.0,6582843.0
Mazda,Familia,1982,700000.0,123153.0,1310991.0
Mazda,Familia,1985,850000.0,150000.0,1326206.0
Mazda,Familia,1986,1111111.0,11111.0,1327321.0
Mazda,Familia,1987,1816667.0,194333.0,1406574.0
Mazda,Familia,1989,1350000.0,25000.0,1540604.0
Mazda,Familia,1990,1950000.0,115430.0,1668851.0
Mazda,Familia,1991,1970833.0,95758.0,1935836.0
Mazda,Familia,1992,1350000.0,85000.0,2248037.0
Mazda,Familia,1994,1887500.0,9617.0,2220451.0
Mazda,Familia,1996,2950000.0,150000.0,2478321.0
Mazda,Familia,1997,2858125.0,150000.0,2909545.0
Mazda,Familia,1999,3046667.0,204818.0,3061676.0
Mazda,Familia,2000,3425000.0,202091.0,3241837.0
Mazda,Familia,2001,2920833.0,153687.0,3265531.0
Mazda,Familia,2002,4342500.0,204000.0,3645607.0
Mazda,Familia,2004,3756667.0,139403.0,3729551.0
Mazda,Familia 323,1988,1320000.0,1111.0,1282380.0
Mazda,Familia 323,1991,1475000.0,143214.0,1713992.0
Mazda,Familia 323,1993,2250000.0,159524.0,1987518.0
Mazda,Familia 323,1994,1565000.0,165000.0,2015793.0
Mazda,Familia 323,1995,2250000.0,202000.0,2010231.0
Mazda,Familia 323,1997,3000000.0,168440.0,2727419.0
Mazda,Familia 323,2000,3590000.0,124000.0,2895739.0
Mazda,Familia 323,2002,3400000.0,165000.0,3348720.0
Mazda,Familia 323,2003,3600000.0,70000.0,3526557.0
Mazda,Familia 323 BF GLX,1985,1395000.0,208000.0,
Mazda,Familia 323 BJ5,2000,3725000.0,213850.0,
Mazda,Familia 323 Bj3p,2000,2750000.0,200000.0,
Mazda,Familia 323 Hatchback,1991,1600000.0,310000.0,
Mazda,Familia 323 Wagon,1985,620000.0,200230.0,
Mazda,Familia BF,1987,1825000.0,86050.0,
Mazda,Familia BF3 Dx Wagon,1991,1250000.0,210000.0,
Mazda,Familia BF3P,1985,1290000.0,120000.0,
Mazda,Familia BF3P,1987,1300000.0,379121.0,
Mazda,Familia BFTP,1987,1260000.0,240000.0,
Mazda,Familia BJ,2003,3950000.0,150000.0,
Mazda,Familia BJ5,2000,3600000.0,126000.0,
Mazda,Familia BJ5P,2000,3190000.0,170000.0,3581153.0
Mazda,Familia BJ5P,2001,3800000.0,213000.0,3681644.0
Mazda,Familia BJ5P,2003,3943333.0,176333.0,3971382.0
Mazda,Familia BJ5p,2003,4650000.0,182000.0,3971382.0
Mazda,Familia BO3P,1992,2000000.0,269171.0,
Mazda,Familia BP5J,2001,3875000.0,144000.0,
Mazda,Familia Bj5p,2002,4500000.0,157000.0,3755554.0
Mazda,Familia Butterfly,1997,2883333.0,166751.0,3238258.0
Mazda,Familia Glx,1989,950000.0,123456.0,
Mazda,Familia Hatchback BFTP,1987,1610000.0,1234.0,
Mazda,Familia INTERPLAY,1995,2390000.0,4500.0,
Mazda,Familia Sports,1980,990000.0,145000.0,
Mazda,Familia Wagon,1985,850000.0,99999.0,
Mazda,Flair,2014,5500000.0,118000.0,6864032.0
Mazda,Flair,2015,5831250.0,118250.0,6844700.0
Mazda,Flair,2016,6000000.0,110750.0,6582843.0
Mazda,Flair,2017,6120000.0,45798.0,6629484.0
Mazda,Flair,2018,6450000.0,80000.0,6786845.0
Mazda,Flair,2023,7355000.0,22217.0,7155762.0
Mazda,Flair Wagon,2023,8190000.0,40000.0,
Mazda,Flair XG Hybrid,2023,7750000.0,2943.0,
Mazda,GRN7 RAE 6,2016,14200000.0,82000.0,
Mazda,K2200,1992,4025000.0,125000.0,
Mazda,KR-SKF6V,2006,5800000.0,149999.0,
Mazda,LA,2002,3600000.0,169233.0,
Mazda,Lion Face,2000,5850000.0,220000.0,4793695.0
Mazda,Lion Face,2001,6300000.0,459341.0,4881853.0
Mazda,Lion Face,2005,6100000.0,220000.0,5253106.0
Mazda,Lion Face,2006,6950000.0,156000.0,5475741.0
Mazda,M-3,2016,10500000.0,79300.0,
Mazda,MR 90,1993,1650000.0,58000.0,
Mazda,Mazda,1993,2992500.0,50556.0,2761765.0
Mazda,Mazda,1994,3840000.0,11111.0,2790040.0
Mazda,Mazda,1995,3700000.0,123456.0,2776185.0
Mazda,Mazda,2007,5495000.0,205000.0,4117599.0
Mazda,Millenia,1999,3350000.0,18000.0,
Mazda,Mister 90,1995,1600000.0,114101.0,
Mazda,Mister-lx,1995,1050000.0,128000.0,
Mazda,Mx3 Turbo,1996,3600000.0,98000.0,
Mazda,RX-8,2007,7320000.0,87000.0,6486423.0
Mazda,RX-8,2008,5995000.0,111108.0,6386528.0
Mazda,RX-8,2009,8125000.0,65000.0,6383436.0
Mazda,Rx-8 High End,2018,6600000.0,73000.0,
Mazda,Rx-8 Series 02,2009,9000000.0,62000.0,
Mazda,Scrum,1998,2150000.0,111.0,3985236.0
Mazda,Scrum,2002,3500000.0,100000.0,4486865.0
Mazda,Scrum,2016,6950000.0,69200.0,6961901.0
Mazda,Scrum,2023,9250000.0,6000.0,8463805.0
Mazda,Scrum PC Limited,2023,7295000.0,17200.0,
Mazda,Scrum Wagon,2023,7850000.0,7000.0,
Mazda,Sk82,2000,5475000.0,221700.0,
Mazda,Skyactiv Hybrid 3,2014,9775000.0,146000.0,
Mazda,Spacia Custom Flair,2024,8975000.0,2000.0,
Mazda,Tribute,2001,4570000.0,145800.0,4191679.0
Mazda,Tribute,2003,6350000.0,123456.0,4455082.0
Mazda,Tribute,2005,5800000.0,118000.0,4474162.0
Mazda,Vanette,1991,2950000.0,185800.0,3038200.0
Mazda,Vanette,1992,3800000.0,100000.0,3272438.0
Mazda,Vanette,2001,5750000.0,300000.0,4681844.0
Mazda,Vanette,2006,5600000.0,1.0,5434947.0
Mazda,Vanette,2007,6550000.0,242500.0,5469971.0
Mazda,Vanette,2011,5750000.0,450000.0,6564616.0
Mazda,Vanette,2019,8550000.0,68000.0,8343723.0
Mercedes-Benz,#REF!,2003,5850000.0,160000.0,
Mercedes-Benz,-GLA 200,2015,1495000.0,120000.0,
Mercedes-Benz,115,1978,350000.0,5600.0,
Mercedes-Benz,116 CDI VITO,2017,23000000.0,190000.0,
Mercedes-Benz,180,2016,20500000.0,65500.0,
Mercedes-Benz,250D,1990,2500000.0,78000.0,
Mercedes-Benz,A180 AMG PREMIUM Registered,2024,26500000.0,9500.0,
Mercedes-Benz,A200 Premium Plus,2019,22750000.0,13000.0,
Mercedes-Benz,A250e AMG PREMIUM PLUS,2022,28990000.0,11000.0,
Mercedes-Benz,A250e Advance Premium Plus,2023,29950000.0,7500.0,
Mercedes-Benz,AMG A180,2014,14000000.0,76200.0,
Mercedes-Benz,AMG Premium Plus,2020,29000000.0,51000.0,
Mercedes-Benz,Avenguard CGI,2010,14600000.0,109000.0,
Mercedes-Benz,B250e,2015,9500000.0,84000.0,
Mercedes-Benz,Bluetec Hybrid,2015,18000000.0,133500.0,
Mercedes-Benz,C-180,2019,28000000.0,47000.0,
Mercedes-Benz,C-200 AMG Premium Plus,2019,28900000.0,34000.0,
Mercedes-Benz,C-320,2000,7000000.0,158000.0,
Mercedes-Benz,C160,2017,18833333.0,60833.0,20289022.0
Mercedes-Benz,C160,2018,20500000.0,38000.0,20587904.0
Mercedes-Benz,C180,2003,8690000.0,200250.0,10139382.0
Mercedes-Benz,C180,2009,11000000.0,111000.0,12691429.0
Mercedes-Benz,C180,2010,7200000.0,94898.0,14050980.0
Mercedes-Benz,C180,2011,11666667.0,148667.0,14031772.0
Mercedes-Benz,C180,2012,12000000.0,109500.0,14771760.0
Mercedes-Benz,C180,2014,16000000.0,107000.0,17159555.0
Mercedes-Benz,C180,2016,18900000.0,6800.0,17663529.0
Mercedes-Benz,C180,2017,20125000.0,79500.0,17157074.0
Mercedes-Benz,C180,2018,21666667.0,35667.0,17297009.0
Mercedes-Benz,C180 204,2013,11800000.0,104000.0,
Mercedes-Benz,C180 AMG,2015,16900000.0,171000.0,17878464.0
Mercedes-Benz,C180 AMG,2017,20850000.0,71500.0,19600375.0
Mercedes-Benz,C180 AMG PREMIUM PLUS,2017,21450000.0,96000.0,
Mercedes-Benz,C180 Face-lift Avantgarde,2011,11750000.0,163000.0,
Mercedes-Benz,C180 KOMPRESSOR,2009,10500000.0,109000.0,8772131.0
Mercedes-Benz,C180 KOMPRESSOR,2010,9350000.0,182000.0,9803084.0
Mercedes-Benz,C180 Kompressor,2009,10000000.0,109000.0,8772131.0
Mercedes-Benz,C180 Kompressor,2010,9892500.0,151000.0,9803084.0
Mercedes-Benz,C180 Sport,2014,18300000.0,180000.0,
Mercedes-Benz,C180 W203 Coupe,2004,8500000.0,112000.0,
Mercedes-Benz,C180 W204 Avantguard,2010,9995000.0,110000.0,
Mercedes-Benz,C1890 W202,1995,670000.0,150000.0,
Mercedes-Benz,C200,1994,4237500.0,65617.0,8403910.0
Mercedes-Benz,C200,2000,5700000.0,139000.0,8808032.0
Mercedes-Benz,C200,2011,12750000.0,96000.0,14356542.0
Mercedes-Benz,C200,2015,21700000.0,116500.0,16871549.0
Mercedes-Benz,C200,2017,12325000.0,57500.0,18195461.0
Mercedes-Benz,C200,2018,25750000.0,46600.0,18966440.0
Mercedes-Benz,C200,2019,26760000.0,53723.0,20305559.0
Mercedes-Benz,C200,2020,27000000.0,46000.0,20379628.0
Mercedes-Benz,C200 AMG,2015,22650000.0,80000.0,17878464.0
Mercedes-Benz,C200 AMG,2018,24300000.0,53000.0,20327716.0
Mercedes-Benz,C200 AMG HIGHEST SPEC,2020,29485000.0,14000.0,
Mercedes-Benz,C200 AMG Line,2019,28000000.0,36000.0,
Mercedes-Benz,C200 AMG Line,2020,23000000.0,150000.0,
Mercedes-Benz,C200 AMG Line Premium Executive Luxury,2019,28000000.0,6251.0,
Mercedes-Benz,C200 AMG Line Premium Plus,2019,25500000.0,45500.0,26340385.0
Mercedes-Benz,C200 AMG Line Premium Plus,2020,3250000.0,22000.0,26242022.0
Mercedes-Benz,C200 AMG Premium Plus,2015,22000000.0,92000.0,22598946.0
Mercedes-Benz,C200 AMG Premium Plus,2018,24500000.0,77200.0,24657398.0
Mercedes-Benz,C200 AMG Premium Plus,2019,15750000.0,67750.0,24847805.0
Mercedes-Benz,C200 AMG Premium Plus C180,2020,29850000.0,51000.0,
Mercedes-Benz,C200 AMG Premium S Line,2018,21950000.0,50000.0,
Mercedes-Benz,C200 Amg Premium,2018,21450000.0,50000.0,
Mercedes-Benz,C200 Kompressor,2000,6800000.0,204000.0,
Mercedes-Benz,C200 Salon,1994,4600000.0,135000.0,
Mercedes-Benz,C200AMG,2019,25000000.0,42000.0,
Mercedes-Benz,C200d AMG Premium,2017,23900000.0,76000.0,
Mercedes-Benz,C220,2001,6850000.0,187000.0,
Mercedes-Benz,C220 CDI,2013,14000000.0,114000.0,
Mercedes-Benz,C220 W202,1994,485000.0,229000.0,
Mercedes-Benz,C220 W202,1995,3475000.0,287455.0,
Mercedes-Benz,C240,1994,4250000.0,125000.0,
Mercedes-Benz,C250,1996,4350000.0,189000.0,
Mercedes-Benz,C300,2016,21800000.0,70000.0,
Mercedes-Benz,C300 BlueTec Hybrid,2015,23500000.0,57000.0,
Mercedes-Benz,C300 Bluetec Hybrid,2015,24000000.0,122000.0,
Mercedes-Benz,C300 Coupe AMG,2017,24200000.0,50000.0,
Mercedes-Benz,C350,2016,26500000.0,149000.0,
Mercedes-Benz,C350e,2016,17062500.0,99250.0,19745356.0
Mercedes-Benz,C350e,2017,22500000.0,46000.0,20257177.0
Mercedes-Benz,C350e SPORT PREMIUM,2015,17990000.0,70000.0,
Mercedes-Benz,CLA 180,2016,19800000.0,74857.0,19655415.0
Mercedes-Benz,CLA 180,2017,18995000.0,62446.0,19633134.0
Mercedes-Benz,CLA 180,2018,19600000.0,76500.0,19471609.0
Mercedes-Benz,CLA 180,2019,22500000.0,34000.0,19735372.0
Mercedes-Benz,CLA 180 AMG,2017,21350000.0,65919.0,
Mercedes-Benz,CLA 180 AMG LINE,2016,18500000.0,38000.0,19918415.0
Mercedes-Benz,CLA 180 AMG LINE,2020,22450000.0,33600.0,20254987.0
Mercedes-Benz,CLA 180 AMG Line,2016,19000000.0,61500.0,19918415.0
Mercedes-Benz,CLA 180 AMG Line,2018,18850000.0,93200.0,19684906.0
Mercedes-Benz,CLA 180 AMG Line,2019,22500000.0,34000.0,19921236.0
Mercedes-Benz,CLA 180 AMG PREMIER PLUS,2016,17200000.0,91000.0,
Mercedes-Benz,CLA 180 AMG Premium,2018,22100000.0,42879.0,
Mercedes-Benz,CLA 180 PREMIUM PLUS,2019,23800000.0,45000.0,
Mercedes-Benz,CLA 180 PREMIUM PLUS,2022,27990000.0,14000.0,
Mercedes-Benz,CLA 200,2014,1400000.0,120000.0,18038930.0
Mercedes-Benz,CLA 200,2015,17800000.0,117500.0,17848651.0
Mercedes-Benz,CLA 200,2019,23766667.0,68333.0,20822174.0
Mercedes-Benz,CLA 200,2020,27450000.0,48500.0,20818628.0
Mercedes-Benz,CLA 200 AMG,2015,22100000.0,82250.0,19261866.0
Mercedes-Benz,CLA 200 AMG,2019,2100000.0,104900.0,21276669.0
Mercedes-Benz,CLA 200 AMG PREMIUM PLUS,2019,24250000.0,55000.0,25349117.0
Mercedes-Benz,CLA 200 AMG Premium,2019,26500000.0,46000.0,
Mercedes-Benz,CLA 200 AMG Premium Line,2019,24800000.0,57000.0,
Mercedes-Benz,CLA 200 AMG Premium Plus,2019,24400000.0,64067.0,25349117.0
Mercedes-Benz,CLA 200 AMG Premium Plus,2020,23750000.0,30000.0,25193252.0
Mercedes-Benz,CLA 200 PREMIUM PLUS,2019,25500000.0,85000.0,
Mercedes-Benz,CLA 200 Premium Plus,2019,25500000.0,37000.0,
Mercedes-Benz,CLA 220,2013,18450000.0,106200.0,
Mercedes-Benz,CLK,2003,9000000.0,61000.0,
Mercedes-Benz,CLK 230,2002,10500000.0,129000.0,
Mercedes-Benz,CLS350,2005,13900000.0,83000.0,
Mercedes-Benz,Cla 180,2017,17500000.0,108767.0,19633134.0
Mercedes-Benz,Cla 200 AMG,2015,20000000.0,85000.0,19261866.0
Mercedes-Benz,Cla 200 AMG,2016,18000000.0,49500.0,20373624.0
Mercedes-Benz,Cla 200 AMG Premium Plus,2020,23500000.0,59000.0,25193252.0
Mercedes-Benz,D2 100,1980,2150000.0,268510.0,
Mercedes-Benz,E180 AMG Premium,2020,29500000.0,44000.0,
Mercedes-Benz,E200,1996,4950000.0,94000.0,8902462.0
Mercedes-Benz,E200,1997,5000000.0,178000.0,8909452.0
Mercedes-Benz,E200,1998,4933333.0,141333.0,8763593.0
Mercedes-Benz,E200,2003,8050000.0,172000.0,10885637.0
Mercedes-Benz,E200,2010,14514286.0,104061.0,12991953.0
Mercedes-Benz,E200,2011,16500000.0,142000.0,12863093.0
Mercedes-Benz,E200,2012,14750000.0,115830.0,13276298.0
Mercedes-Benz,E200,2013,22000000.0,90000.0,15560669.0
Mercedes-Benz,E200,2014,18000000.0,127000.0,17520256.0
Mercedes-Benz,E200,2015,25200000.0,43100.0,17688876.0
Mercedes-Benz,E200,2016,28000000.0,99650.0,19595613.0
Mercedes-Benz,E200 AMG,2011,13800000.0,148000.0,
Mercedes-Benz,E200 AMG Aventgard,2011,13250000.0,170000.0,
Mercedes-Benz,E200 Avant-garde,2013,23000000.0,90000.0,
Mercedes-Benz,E200 Avantgarde,2010,13500000.0,136000.0,
Mercedes-Benz,E200 Avantgarde,2012,12850000.0,159000.0,
Mercedes-Benz,E200 CGI,2010,13500000.0,170000.0,
Mercedes-Benz,E200 CGI Avantgarde,2011,15300000.0,104000.0,
Mercedes-Benz,E200 Kompressor,2003,9800000.0,136000.0,
Mercedes-Benz,E200 PURE W213,2018,29500000.0,80000.0,
Mercedes-Benz,E200 W124,1994,3975000.0,134000.0,
Mercedes-Benz,E240,2004,10495000.0,110359.0,
Mercedes-Benz,E240,2005,7800000.0,164000.0,
Mercedes-Benz,E240 210,1999,6250000.0,188000.0,
Mercedes-Benz,E250,2010,18600000.0,50000.0,
Mercedes-Benz,E250 Cabriolet,2011,21000000.0,55000.0,
Mercedes-Benz,E250 Straight,2014,20500000.0,85000.0,
Mercedes-Benz,E300,2013,15500000.0,126000.0,13320967.0
Mercedes-Benz,E300,2014,17647500.0,110250.0,14252660.0
Mercedes-Benz,E300,2015,16900000.0,56000.0,14252417.0
Mercedes-Benz,E300,2016,3475000.0,95000.0,16143383.0
Mercedes-Benz,E300 BlueTEC Hybrid,2015,19000000.0,123000.0,
Mercedes-Benz,E300 BlueTEC Hybrid,2016,19500000.0,100000.0,
Mercedes-Benz,E300 Bluetech Hybrid,2015,17700000.0,88000.0,
Mercedes-Benz,E300 Coupe AMG E63 Converted,2017,28500000.0,78000.0,
Mercedes-Benz,E300 NIGHT EDITION,2015,19000000.0,56000.0,
Mercedes-Benz,E300-,2015,21500000.0,80000.0,
Mercedes-Benz,E350,2017,26737500.0,72500.0,
Mercedes-Benz,E350e,2017,27400000.0,98833.0,26160465.0
Mercedes-Benz,E350e AMG,2017,27500000.0,95000.0,
Mercedes-Benz,E350e AMG Premium,2017,26000000.0,95000.0,
Mercedes-Benz,E350e Amg Premium Plus,2017,29500000.0,90000.0,
Mercedes-Benz,GLA 200,2015,15950000.0,73686.0,
Mercedes-Benz,GLA 200 AMG LINE,2019,26500000.0,61000.0,
Mercedes-Benz,GLA180,2016,18500000.0,30000.0,17297939.0
Mercedes-Benz,GLA180,2017,15750000.0,55000.0,17335670.0
Mercedes-Benz,GLA180,2018,20000000.0,39500.0,17604292.0
Mercedes-Benz,GLA200,2015,17000000.0,130000.0,
Mercedes-Benz,GLB 200,2020,27350000.0,54000.0,
Mercedes-Benz,GLB 200 AMG,2020,27500000.0,78000.0,
Mercedes-Benz,GLB200,2020,27990000.0,86000.0,
Mercedes-Benz,GLB200 PREMIUM,2024,6500000.0,12000.0,
Mercedes-Benz,GLC 250,2016,27000000.0,76000.0,
Mercedes-Benz,Glb 200,2020,29000000.0,80000.0,
Mercedes-Benz,MB,2000,2650000.0,1.0,
Mercedes-Benz,MB 140,2000,400000.0,100000.0,
Mercedes-Benz,MB 140 D19,1999,3690000.0,131470.0,
Mercedes-Benz,MB140,1999,3000000.0,300000.0,
Mercedes-Benz,MB140,2002,6000000.0,120000.0,
Mercedes-Benz,MB140D,2001,5500000.0,188408.0,
Mercedes-Benz,Mb140,1999,3500000.0,11111.0,
Mercedes-Benz,Mb140d,2000,3990000.0,1000.0,
Mercedes-Benz,Mb140d Mb100d,2000,400000.0,100.0,
Mercedes-Benz,S300,2010,20250000.0,83500.0,
Mercedes-Benz,S300 Long Base,2011,20800000.0,81000.0,
Mercedes-Benz,S320 W220,2000,8700000.0,101000.0,
Mercedes-Benz,S320 W220,2001,7500000.0,135000.0,
Mercedes-Benz,S320L W220,2004,11200000.0,190000.0,
Mercedes-Benz,S350,2004,8900000.0,107000.0,
Mercedes-Benz,S350,2006,18000000.0,153000.0,
Mercedes-Benz,S350L LWB,2011,19800000.0,166000.0,
Mercedes-Benz,SLK 250 CDI,2014,20800000.0,50000.0,
Mercedes-Benz,Sports Touring,2016,9800000.0,20000.0,
Mercedes-Benz,V6 Engine,1984,19000000.0,26000.0,
Mercedes-Benz,VITO,2017,27500000.0,65000.0,
Mercedes-Benz,VITO MIXTO,2017,24000000.0,96358.0,
Mercedes-Benz,Vito,2016,23500000.0,180000.0,
Mercedes-Benz,Vito 116,2016,19000000.0,235000.0,
Mercedes-Benz,Vito 116 CDI MIXTO,2017,27000000.0,67000.0,
Mercedes-Benz,Vito 116CDI,2016,18999999.0,90000.0,
Mercedes-Benz,W 123,1983,1800000.0,325000.0,
Mercedes-Benz,W 201 190d,1988,3500000.0,11.0,
Mercedes-Benz,W 203,2002,6500000.0,130000.0,
Mercedes-Benz,W 210 E-220,1997,5850000.0,141000.0,
Mercedes-Benz,W 210 E200,1999,5550000.0,150000.0,
Mercedes-Benz,W 211,2003,2200000.0,132000.0,
Mercedes-Benz,W115,1969,1375000.0,100.0,
Mercedes-Benz,W123,1977,1300000.0,100000.0,
Mercedes-Benz,W123,1980,2100000.0,8000.0,
Mercedes-Benz,W123 200D,1981,2350000.0,160.0,
Mercedes-Benz,W124,1987,3575000.0,1111.0,2388760.0
Mercedes-Benz,W124,1988,4950000.0,121387.0,2448364.0
Mercedes-Benz,W124,1994,5700000.0,198000.0,3129843.0
Mercedes-Benz,W124,1998,3850000.0,173000.0,3545328.0
Mercedes-Benz,W124 200E,1995,4250000.0,185000.0,
Mercedes-Benz,W201 190d,1989,2780000.0,189000.0,
Mercedes-Benz,W202,1994,4250000.0,260000.0,
Mercedes-Benz,W202,1996,4325000.0,123456.0,
Mercedes-Benz,W202 C200,1996,3650000.0,215000.0,
Mercedes-Benz,W202 C220,1995,3450000.0,197000.0,
Mercedes-Benz,W203 C200,2002,5990000.0,90000.0,
Mercedes-Benz,W203 C220 CDI,2000,6900000.0,160000.0,
Mercedes-Benz,W203 C230,2006,7600000.0,135000.0,
Mercedes-Benz,W210,1997,5000000.0,250000.0,4951937.0
Mercedes-Benz,W210,1998,6000000.0,198000.0,4767844.0
Mercedes-Benz,W210,2000,5650000.0,119748.0,4799725.0
Mercedes-Benz,W210 E 220,1997,5800000.0,141000.0,
Mercedes-Benz,W210 E200,1998,4300000.0,148000.0,
Mercedes-Benz,W210 E220 CDI,1999,5875000.0,170000.0,
Mercedes-Benz,W211,2002,9450000.0,62500.0,6383839.0
Mercedes-Benz,W211,2003,7150000.0,153000.0,6851903.0
Mercedes-Benz,W211,2004,8200000.0,160000.0,6847291.0
Mercedes-Benz,W211 E Class,2003,6950000.0,206000.0,
Mercedes-Benz,W211 E200,2004,10500000.0,135000.0,
Mercedes-Benz,W211 E220,2005,11500000.0,123000.0,
Mercedes-Benz,W211 E220,2006,10000000.0,235000.0,
Mercedes-Benz,W211E320 Avantgarde,2004,9500000.0,126000.0,
Mercedes-Benz,W220 S-Class,2003,7300000.0,110.0,
Mercedes-Benz,W220 S320 CDI,2001,5000000.0,142000.0,
Mercedes-Benz,WW20 S-Class,2003,9200000.0,109000.0,
Micro,ACTYON,2008,5000000.0,128000.0,6293929.0
Micro,ACTYON SPORTS,2009,4700000.0,180.0,
Micro,Actyon,2008,4960833.0,133086.0,6293929.0
Micro,Actyon,2009,5075000.0,154000.0,6345276.0
Micro,Actyon,2010,5400000.0,171171.0,6475491.0
Micro,Actyon,2012,4800000.0,150000.0,6618895.0
Micro,Actyon 200XDI,2008,4900000.0,139.0,
Micro,Almaz,2022,12500000.0,33000.0,
Micro,Almaz Turbo,2022,13790000.0,48000.0,
Micro,BAIC X25,2019,6650000.0,37800.0,8930437.0
Micro,Baic 25,2018,5750000.0,109000.0,
Micro,Baic D 20,2017,5300000.0,80000.0,
Micro,Baic D20,2017,5285000.0,120000.0,
Micro,Baic X25,2017,5925000.0,85670.0,7623645.0
Micro,Baic X25,2018,6175000.0,85000.0,8068825.0
Micro,Baic X25,2020,7150000.0,37812.0,9084066.0
Micro,D20,2017,4000000.0,127000.0,
Micro,Emgrand,2015,4700000.0,96500.0,
Micro,Emgrand 7,2014,5900000.0,88500.0,6785942.0
Micro,Emgrand 7,2015,4575000.0,175000.0,6873228.0
Micro,Emgrand 7,2016,7900000.0,25254.0,6971144.0
Micro,Emgrand EC7,2014,5490000.0,74000.0,
Micro,Emgrand EC7,2015,5100000.0,108900.0,
Micro,Emgrand Ec7,2014,5250000.0,133617.0,
Micro,Geely,2007,2600000.0,124000.0,
Micro,Geely,2017,3975000.0,60000.0,
Micro,Geely MX7,2010,2780000.0,285000.0,
Micro,Geely MX7,2013,3490000.0,146000.0,
Micro,High Roof,2010,6700000.0,500000.0,
Micro,Junior,2005,1450000.0,125466.0,
Micro,KYRON,2008,6050000.0,128000.0,5669891.0
Micro,KYRON,2010,15000000.0,100000.0,5915411.0
Micro,KYRON 200XDI,2009,5750000.0,150000.0,5712216.0
Micro,KYRON REXTON 200XDI,2008,5900000.0,170900.0,
Micro,Kdh High Roof,2014,11200000.0,320000.0,
Micro,Korando,2011,5500000.0,68300.0,7219526.0
Micro,Korando,2012,6066667.0,160000.0,7242604.0
Micro,Korando,2013,5300000.0,204000.0,7673165.0
Micro,Korando,2014,6962500.0,131000.0,7768546.0
Micro,Korando,2015,7216667.0,140000.0,8002772.0
Micro,Kyron,2006,1475000.0,148000.0,5206317.0
Micro,Kyron,2007,5850000.0,207000.0,5307377.0
Micro,Kyron,2008,4959474.0,188608.0,5800183.0
Micro,Kyron,2009,5679167.0,168118.0,5825299.0
Micro,Kyron,2010,6850000.0,125500.0,6222657.0
Micro,Kyron,2011,6650000.0,150000.0,6230991.0
Micro,Kyron,2012,6050000.0,214000.0,6224555.0
Micro,Kyron,2013,7350000.0,62580.0,6699409.0
Micro,Kyron,2014,7500000.0,135000.0,7003226.0
Micro,Kyron 200XDI,2007,5675000.0,166000.0,5447287.0
Micro,Kyron 200XDI,2008,5626667.0,125367.0,5682727.0
Micro,Kyron 5 Forward,2008,5600000.0,176000.0,
Micro,Lifan 520,2008,2200000.0,109500.0,
Micro,Lifang 520,2009,2550000.0,135000.0,
Micro,M Grand,2015,6500000.0,79000.0,
Micro,MPV,2005,1085000.0,89766.0,2463072.0
Micro,MPV,2010,1900000.0,50000.0,2736196.0
Micro,MPV,2016,3287500.0,64200.0,5550037.0
Micro,MPV Junior,2014,2780000.0,123.0,4095138.0
Micro,MPV Junior 3,2012,2250000.0,20.0,
Micro,MPV Junior 3,2013,2050000.0,173000.0,
Micro,MX7,2009,2550000.0,129800.0,3267803.0
Micro,MX7,2011,2995000.0,124333.0,3326215.0
Micro,MX7,2012,3091667.0,102000.0,3319779.0
Micro,MX7,2013,3325000.0,181112.0,3592827.0
Micro,MX7,2014,3706667.0,124122.0,3939652.0
Micro,MX7,2015,3975000.0,119639.0,4053732.0
Micro,MX7 2,2012,3675000.0,118500.0,
Micro,MX7 MK 2,2012,3475000.0,68700.0,
Micro,MX7 Mark 2,2010,2750000.0,163000.0,3653260.0
Micro,MX7 Mark 2,2015,3675000.0,197000.0,4571482.0
Micro,Micro,2006,1200000.0,1111.0,7505521.0
Micro,Micro,2008,1750000.0,28.0,8291896.0
Micro,Micro,2013,9750000.0,197000.0,11015567.0
Micro,Micro,2014,13300000.0,119000.0,11098978.0
Micro,Micro,2015,16000000.0,220000.0,11132704.0
Micro,Mpv,2004,1450000.0,125000.0,2463072.0
Micro,Mpv,2007,2100000.0,100000.0,2472927.0
Micro,Mpv,2010,1650000.0,123456.0,2736196.0
Micro,Mpv,2012,2175000.0,110000.0,2748327.0
Micro,Mpv,2015,2325000.0,87500.0,5469683.0
Micro,Mpv,2016,2850000.0,278000.0,5550037.0
Micro,Mpv,2017,400000.0,85000.0,5844665.0
Micro,Mpv Junior 3,2015,2937500.0,77934.0,
Micro,Mvp Junior,2010,2200000.0,130000.0,
Micro,Mx7,2009,2575000.0,178000.0,3267803.0
Micro,Mx7,2011,3300000.0,100000.0,3326215.0
Micro,Mx7,2012,3206667.0,137333.0,3319779.0
Micro,Mx7,2013,3700000.0,51011.0,3592827.0
Micro,Mx7,2014,3828333.0,34415.0,3939652.0
Micro,Mx7 Geely,2013,3100000.0,183000.0,
Micro,Mx7 Mark,2013,3750000.0,51010.0,
Micro,Mx7 Mark 2,2011,3350000.0,160000.0,3661594.0
Micro,Mx7 Mark 2,2012,2950000.0,143000.0,3655158.0
Micro,Mx7 Mark 2,2015,3895000.0,144000.0,4571482.0
Micro,PANDA,2011,2300000.0,109000.0,3363967.0
Micro,PANDA,2013,2695000.0,65000.0,3630579.0
Micro,PANDA,2014,2900000.0,74322.0,4014925.0
Micro,PANDA,2015,2812500.0,86500.0,4129006.0
Micro,PANDA,2016,2975000.0,53000.0,4039756.0
Micro,PANDA CROSS,2012,2895000.0,138000.0,3230513.0
Micro,PANDA CROSS,2013,3250000.0,79000.0,3520901.0
Micro,PANDA CROSS,2016,4285000.0,51591.0,4022820.0
Micro,PANDA LC LO,2015,3050000.0,46690.0,
Micro,Panda,2011,2525714.0,91351.0,2671934.0
Micro,Panda,2012,2586600.0,161959.0,2671001.0
Micro,Panda,2013,2747222.0,92082.0,2700943.0
Micro,Panda,2014,2840000.0,71071.0,2893593.0
Micro,Panda,2015,3037987.0,73512.0,3144979.0
Micro,Panda,2016,3178611.0,88617.0,3101476.0
Micro,Panda,2017,3381154.0,76354.0,3301993.0
Micro,Panda,2018,3964286.0,40445.0,3904809.0
Micro,Panda 1.0,2015,3030000.0,81624.0,4135100.0
Micro,Panda 1.0,2016,3105000.0,45900.0,4045850.0
Micro,Panda 1.0,2017,3250000.0,94639.0,4239541.0
Micro,Panda 1.0 LC,2015,3050000.0,68000.0,
Micro,Panda 1.0LC,2015,2950000.0,110000.0,
Micro,Panda 1000,2015,2950000.0,119000.0,
Micro,Panda 1L,2014,3050000.0,35900.0,
Micro,Panda Cross,2012,3041667.0,83334.0,2727739.0
Micro,Panda Cross,2013,3240357.0,80619.0,2836362.0
Micro,Panda Cross,2014,3466500.0,89480.0,3108570.0
Micro,Panda Cross,2015,3001250.0,117497.0,3356760.0
Micro,Panda Cross,2016,3743750.0,75750.0,3327268.0
Micro,Panda Cross,2017,4130000.0,63472.0,3515971.0
Micro,Panda Cross,2018,4228571.0,67666.0,4071514.0
Micro,Panda L.c 1.0,2015,3290000.0,64000.0,
Micro,Panda LC,2012,2475000.0,104000.0,
Micro,Panda LC,2016,3350000.0,66000.0,
Micro,Panda LC 1.0,2014,2816667.0,68350.0,3987163.0
Micro,Panda LC 1.0,2015,2975000.0,45400.0,4101243.0
Micro,Panda LC 1.0,2016,3480000.0,107564.0,4011994.0
Micro,Panda LC 1.0,2017,3595000.0,43985.0,4205685.0
Micro,Panda LC 1.0,2018,3850000.0,57000.0,4780823.0
Micro,Panda LS 1.0,2017,3575000.0,90000.0,
Micro,Panda Lc,2015,2700000.0,60000.0,
Micro,Panda Lc 1.0,2015,2825000.0,101000.0,4101243.0
Micro,Privilege,2006,1200000.0,1111.0,
Micro,Proton,2023,6600000.0,13000.0,
Micro,REXTON,2013,13500000.0,154000.0,10651109.0
Micro,REXTON,2015,10995000.0,95000.0,11306513.0
Micro,REXTON W,2015,9975000.0,190000.0,11391600.0
Micro,Rexton,2008,7423214.0,137579.0,7942268.0
Micro,Rexton,2014,11350000.0,105112.0,11174823.0
Micro,Rexton,2015,11497222.0,118983.0,11306513.0
Micro,Rexton,2016,12000000.0,140000.0,12383537.0
Micro,Rexton,2017,14000000.0,187500.0,12719944.0
Micro,Rexton,2018,24000000.0,64000.0,13547380.0
Micro,Rexton,2020,23000000.0,74000.0,13919059.0
Micro,Rexton 270XDI,2013,10275000.0,93000.0,
Micro,Rexton 270xdi,2008,2500000.0,178000.0,
Micro,Rexton G4,2017,19800000.0,112000.0,
Micro,Rexton G4,2018,15800000.0,110000.0,
Micro,Rexton Powerup,2008,7100000.0,210000.0,
Micro,Rexton Powerup,2009,7450000.0,165000.0,
Micro,Rexton RX 200,2015,12000000.0,127000.0,
Micro,Rexton RX200 EXDI,2017,12500000.0,87000.0,
Micro,Rexton W,2013,10800000.0,165417.0,10994101.0
Micro,Rexton W,2014,11737500.0,172499.0,11339385.0
Micro,Rexton W,2015,11741667.0,181667.0,11391600.0
Micro,Rexton W ZL,2016,12490000.0,160000.0,
Micro,Rexton XDI 270,2008,7600000.0,161000.0,
Micro,Rhino,2012,3500000.0,129.0,
Micro,Rhino,2015,2850000.0,12357.0,
Micro,SsangYong Kyron,2015,7500000.0,130000.0,
Micro,SsangYong Rexton,2008,7500000.0,152000.0,
Micro,SsangYong Rexton PowerUp 2.7 TDI XVT AWD,2008,9475000.0,195000.0,
Micro,Ssangyong,2016,6900000.0,99.0,
Micro,Ssangyong,2017,6995000.0,1.0,
Micro,Ssangyong Kyron,2008,5750000.0,270000.0,
Micro,Ssangyong Kyron,2015,7500000.0,130000.0,
Micro,Ssangyong Rexton,2009,8150000.0,222000.0,
Micro,Ssangyong Rexton,2015,10500000.0,147000.0,
Micro,TIVOLI,2015,8500000.0,148000.0,8813000.0
Micro,TIVOLI,2016,7285000.0,157400.0,9242977.0
Micro,TIVOLI,2017,7650000.0,20000.0,9452779.0
Micro,TREND,2008,2000000.0,55000.0,2809672.0
Micro,TREND,2012,2237500.0,107800.0,2918329.0
Micro,Tiggo 4 Pro,2024,10300000.0,9700.0,
Micro,Tivoli,2015,6950000.0,112750.0,8813000.0
Micro,Tivoli,2016,7248750.0,77281.0,9242977.0
Micro,Tivoli,2017,8387500.0,95890.0,9452779.0
Micro,Tivoli,2018,8500000.0,94000.0,9906480.0
Micro,Tourer,2012,10200000.0,380000.0,
Micro,Tourer,2013,1300000.0,373000.0,
Micro,Tourer Kdh,2014,9500000.0,142101.0,
Micro,Trend,2007,2395000.0,123.0,2616727.0
Micro,Trend,2008,1900000.0,106667.0,2809672.0
Micro,Trend,2009,2028750.0,71062.0,2848525.0
Micro,Trend,2010,1860000.0,90728.0,2883767.0
Micro,Trend,2011,1891667.0,75667.0,2892100.0
Micro,Trend,2012,1936364.0,87545.0,2918329.0
Micro,Trend,2014,1500000.0,42000.0,5738505.0
Micro,Voleex,2012,3975000.0,128000.0,
Micro,X25,2017,5675000.0,99098.0,7228878.0
Micro,X25,2018,6250000.0,90000.0,7674058.0
Micro,X25,2019,6525000.0,48800.0,8648455.0
Micro,X25,2020,6150000.0,88000.0,8811953.0
Micro,X25 BAIC,2017,5750000.0,122000.0,
Mini,Austin Cooper,1960,2550000.0,67200.0,
Mini,Cooper,1959,2000000.0,48400.0,3499182.0
Mini,Cooper,1960,2750000.0,105000.0,3499182.0
Mini,Cooper,1966,4300000.0,18000.0,3499182.0
Mini,Cooper,1989,3000000.0,200000.0,3937539.0
Mini,Cooper,1996,1650000.0,12000.0,5087539.0
Mini,Cooper,1997,2400000.0,71000.0,5045797.0
Mini,Cooper,2002,6500000.0,32000.0,5759978.0
Mini,Cooper,2015,13500000.0,15000.0,11086709.0
Mini,Cooper,2017,14600000.0,37000.0,11109926.0
Mini,Cooper 3 DoorF56,2014,12750000.0,30250.0,
Mini,Cooper Chilli Pack,2017,14200000.0,56000.0,
Mini,Cooper Countryman,2017,18500000.0,55000.0,
Mini,Cooper Efi,1975,2300000.0,10.0,
Mini,Cooper F55,2017,15800000.0,66500.0,
Mini,Cooper S Turbo,2010,9800000.0,1.0,
Mini,Countryman Jcw,2017,21000000.0,53000.0,
Mini,MINICOOPER EFI,2026,2400000.0,1.0,
Mini,Mini,1999,2800000.0,38000.0,
Mini,Morris,1995,3100000.0,78000.0,
Mini,Morris,1997,2800000.0,22222.0,
Mitsubishi,3G83,2008,4240000.0,156000.0,
Mitsubishi,4D56,1988,6850000.0,491000.0,
Mitsubishi,4DR,1966,2750000.0,250000.0,
Mitsubishi,4DR,1982,4975000.0,205000.0,
Mitsubishi,4DR J44,1981,4900000.0,29132.0,
Mitsubishi,4DR Willys,1967,4550000.0,250000.0,
Mitsubishi,4DR5,1964,3450000.0,1.0,2079276.0
Mitsubishi,4DR5,1969,2650000.0,68000.0,2079276.0
Mitsubishi,4DR5,1973,4300000.0,300000.0,2079276.0
Mitsubishi,4DR5,1980,3100000.0,60000.0,2079276.0
Mitsubishi,4DR5,1994,3900000.0,1.0,3374100.0
Mitsubishi,4DR5,1995,5500000.0,70000.0,3540491.0
Mitsubishi,4DR5 J20,1989,3750000.0,110000.0,
Mitsubishi,4DR5 J32,1968,3600000.0,12345.0,
Mitsubishi,4DR5 J32,1981,2800000.0,150000.0,
Mitsubishi,4DR5 J36,1980,3950000.0,10000.0,
Mitsubishi,4DR5 J44,1980,3250000.0,1.0,
Mitsubishi,4DR6,1970,2350000.0,125000.0,
Mitsubishi,4DR6,1981,3500000.0,100000.0,
Mitsubishi,4dr J24,1988,2500000.0,3232.0,
Mitsubishi,4dr5,1954,2500000.0,50000.0,2079276.0
Mitsubishi,4dr5,1967,4500000.0,200000.0,2079276.0
Mitsubishi,4dr5,1969,3275000.0,130500.0,2079276.0
Mitsubishi,4dr5,1970,2150000.0,8528.0,2079276.0
Mitsubishi,4dr5,1971,2300000.0,200000.0,2079276.0
Mitsubishi,4dr5,1980,2000000.0,56000.0,2079276.0
Mitsubishi,4dr5 J36,1979,3850000.0,6171.0,
Mitsubishi,4dr5 J44,1980,3562500.0,79000.0,
Mitsubishi,4dr5 Safari J20D,1968,3850000.0,200000.0,
Mitsubishi,58 PO15,1996,4175000.0,200000.0,
Mitsubishi,A172A Lancer Box,1980,2250000.0,24557.0,
Mitsubishi,AL300,1984,1500000.0,200000.0,
Mitsubishi,ASX,2010,8950000.0,143364.0,10970727.0
Mitsubishi,ASX,2015,10866667.0,183870.0,12451824.0
Mitsubishi,ATTRAGE GLS,2019,7850000.0,69000.0,
Mitsubishi,Attrage,2014,6337500.0,66572.0,6603087.0
Mitsubishi,Attrage,2015,7100000.0,200000.0,6558580.0
Mitsubishi,Attrage,2016,6962500.0,137500.0,6423264.0
Mitsubishi,Attrage,2017,6700000.0,168000.0,6407188.0
Mitsubishi,Attrage,2020,9875000.0,60000.0,7529646.0
Mitsubishi,Buddy,1999,3990000.0,132000.0,
Mitsubishi,C11,1989,975000.0,56800.0,
Mitsubishi,C11A,1985,1030000.0,1111.0,
Mitsubishi,C12,1985,750000.0,222.0,1027484.0
Mitsubishi,C12,1986,6725000.0,180000.0,1035054.0
Mitsubishi,C12 GLX,1984,1375000.0,24567.0,
Mitsubishi,C12 GLX,1986,675000.0,1.0,
Mitsubishi,C12 Lancer Wagon,1989,1000000.0,200000.0,
Mitsubishi,CB8,1992,3275000.0,320000.0,2955693.0
Mitsubishi,CB8,1995,2850000.0,275825.0,3266619.0
Mitsubishi,CB8,1998,2700000.0,100000.0,3558633.0
Mitsubishi,CK1A,1999,4350000.0,242540.0,
Mitsubishi,COLT,1981,525000.0,165000.0,1486100.0
Mitsubishi,CS1,2003,5700000.0,223000.0,5117926.0
Mitsubishi,CS1,2004,6275000.0,225000.0,5095526.0
Mitsubishi,CS1,2006,6000000.0,242884.0,5333789.0
Mitsubishi,CS1,2012,6690000.0,142000.0,6020932.0
Mitsubishi,CS1 EFI,2008,1350000.0,18200.0,
Mitsubishi,CS1 GLX,2003,2100000.0,200000.0,
Mitsubishi,CS1 GLX,2008,6375000.0,180000.0,
Mitsubishi,CS1 Lancer,2008,6350000.0,182000.0,
Mitsubishi,CS1 Lancer EFI,2008,6350000.0,182000.0,
Mitsubishi,CS2,2002,5950000.0,190000.0,
Mitsubishi,Carrier,1992,6850000.0,52000.0,
Mitsubishi,Cb1,1993,2750000.0,240000.0,
Mitsubishi,Chariot,2000,5375000.0,185225.0,
Mitsubishi,Ck2,1999,4300000.0,345000.0,
Mitsubishi,Colt,1974,700000.0,64000.0,1486100.0
Mitsubishi,Colt,1980,1300000.0,2.0,1486100.0
Mitsubishi,Colt,1981,650000.0,80000.0,1486100.0
Mitsubishi,Colt,1984,950000.0,1.0,1483052.0
Mitsubishi,Colt,1985,560000.0,50000.0,1528217.0
Mitsubishi,Colt,1990,1500000.0,60000.0,1961923.0
Mitsubishi,Colt,2003,3775000.0,180000.0,3567684.0
Mitsubishi,Colt GLX,1980,795000.0,2500.0,
Mitsubishi,Cs1,2003,4800000.0,240000.0,5117926.0
Mitsubishi,Cs1,2004,5760000.0,167500.0,5095526.0
Mitsubishi,Cs2,2003,4500000.0,111111.0,
Mitsubishi,DELICA,1983,1575000.0,832332.0,1129320.0
Mitsubishi,DELICA,2007,7500000.0,405000.0,4267356.0
Mitsubishi,DELICA L300,1985,1875000.0,185000.0,1100604.0
Mitsubishi,DELICA L300,1986,1690000.0,185000.0,1133782.0
Mitsubishi,DELICA L400,1995,4850000.0,185000.0,6057050.0
Mitsubishi,DUAL PURPOSE,1991,3800000.0,595999.0,
Mitsubishi,Delica,1980,1250000.0,100000.0,1140232.0
Mitsubishi,Delica,1981,957500.0,275000.0,1140232.0
Mitsubishi,Delica,1982,1250000.0,250008.0,1118864.0
Mitsubishi,Delica,1983,1100000.0,79004.0,1129320.0
Mitsubishi,Delica,1984,920000.0,335000.0,1110159.0
Mitsubishi,Delica,1987,1350000.0,123456.0,1230262.0
Mitsubishi,Delica,1989,2690000.0,2.0,1322366.0
Mitsubishi,Delica,1999,4250000.0,123456.0,3574070.0
Mitsubishi,Delica 120,1978,495000.0,123456.0,
Mitsubishi,Delica G Premium,2024,9450000.0,7500.0,
Mitsubishi,Delica L300,1980,1375000.0,184200.0,1115884.0
Mitsubishi,Delica L300,1982,1690000.0,125000.0,1094516.0
Mitsubishi,Delica L300,1983,825000.0,25890.0,1104973.0
Mitsubishi,Delica L300,1984,1430000.0,136728.0,1085812.0
Mitsubishi,Delica L300,1985,1525000.0,250000.0,1100604.0
Mitsubishi,Delica L400,1998,6237500.0,227500.0,5819381.0
Mitsubishi,Delica Mini,2024,9315000.0,25900.0,
Mitsubishi,Delica P25,1992,7450000.0,218875.0,
Mitsubishi,Delica P25,1993,5550000.0,224000.0,
Mitsubishi,Delica PO5,1991,4000000.0,150000.0,
Mitsubishi,Delica Po15,1998,4000000.0,150000.0,
Mitsubishi,EK Space Hybrid G,2023,7150000.0,62000.0,
Mitsubishi,EK WAGON,2023,7375000.0,4750.0,7096446.0
Mitsubishi,EK WAGON SAFETY DAYZ,2023,7175000.0,9000.0,
Mitsubishi,EK Wagon,2015,6200000.0,74000.0,6453289.0
Mitsubishi,EK Wagon,2016,5500000.0,100000.0,6335681.0
Mitsubishi,EK Wagon,2017,5675000.0,64000.0,6297998.0
Mitsubishi,EK Wagon,2019,5875000.0,108000.0,7281626.0
Mitsubishi,EK Wagon,2023,7183333.0,13000.0,7096446.0
Mitsubishi,EK Wagon,2024,7650000.0,5116.0,7300980.0
Mitsubishi,EK Wagon Custom,2015,5925000.0,140000.0,
Mitsubishi,EK Wagon G,2023,7080000.0,10830.0,
Mitsubishi,EK X,2023,8750000.0,5000.0,
Mitsubishi,EK X,2024,8450000.0,10000.0,
Mitsubishi,EK X CROSS G Grade,2023,7950000.0,7000.0,
Mitsubishi,EK X HYBRID,2023,8450000.0,2000.0,8565172.0
Mitsubishi,EK X Hybrid,2019,7250000.0,91000.0,8803183.0
Mitsubishi,EK X Hybrid,2023,8400000.0,7000.0,8565172.0
Mitsubishi,EK-X,2023,8450000.0,4900.0,
Mitsubishi,EVOLUTION 09,2006,23500000.0,49000.0,
Mitsubishi,Eclipse,2018,14850000.0,150000.0,
Mitsubishi,Eclipse CROSS,2018,13990000.0,50000.0,14448143.0
Mitsubishi,Eclipse CROSS,2019,14700000.0,87000.0,14804326.0
Mitsubishi,Eclipse Croos,2020,16240000.0,75000.0,
Mitsubishi,Eclipse Cross,2018,14860000.0,102438.0,14981554.0
Mitsubishi,Eclipse Cross,2019,15023750.0,70625.0,15360628.0
Mitsubishi,Eclipse Cross,2020,14500000.0,86000.0,15595799.0
Mitsubishi,Eclipse Cross,2024,21500000.0,2900.0,15056464.0
Mitsubishi,Eclipse Cross Dual,2018,14700000.0,175000.0,
Mitsubishi,Eclipse Cross Exceed,2018,13900000.0,60000.0,
Mitsubishi,Eclipse Cross Exceed 2WD,2019,15500000.0,47300.0,
Mitsubishi,Eclipse Cross Exceed Australia,2019,16800000.0,48000.0,
Mitsubishi,Eclipse Cross Exceed Australian Specs,2018,16800000.0,58000.0,
Mitsubishi,Eclipse Cross Exeed,2018,15500000.0,56000.0,
Mitsubishi,Eclipse Cross Exeed Australian Specs,2018,16200000.0,45000.0,
Mitsubishi,Eclipse Cross G Exceed,2018,14890000.0,77000.0,
Mitsubishi,Eclipse Cross G Limited,2023,18920000.0,17218.0,
Mitsubishi,Eclipse Cross G Plus Highest Spec,2018,14590000.0,135000.0,
Mitsubishi,Eclipse Cross HIGHEST SPEC,2020,15900000.0,26000.0,
Mitsubishi,Eclipse Cross Japan,2019,14950000.0,49000.0,
Mitsubishi,Eclipse Cross Japan,2020,16290000.0,699000.0,
Mitsubishi,Eclipse Cross Japan Spec,2019,15000000.0,95000.0,
Mitsubishi,Econo,1982,475000.0,100000.0,
Mitsubishi,Ek Custom,2017,6500000.0,100000.0,
Mitsubishi,Ek Space Hybrid,2022,7475000.0,16570.0,
Mitsubishi,Ek Wagon,2007,4770000.0,168000.0,6366519.0
Mitsubishi,Ek Wagon,2015,5500000.0,56000.0,6453289.0
Mitsubishi,Ek Wagon,2016,5646667.0,101333.0,6335681.0
Mitsubishi,Ek Wagon,2023,6980714.0,11071.0,7096446.0
Mitsubishi,Ek Wagon,2024,7181250.0,3698.0,7300980.0
Mitsubishi,Ek Wagon Cross Grade G,2024,8500000.0,2850.0,
Mitsubishi,Ek Wagon Turbo,2023,8790000.0,23000.0,
Mitsubishi,Evolution,1997,6450000.0,148000.0,
Mitsubishi,Evolution 4,1996,6850000.0,85000.0,
Mitsubishi,Evolution 4,1997,6800000.0,159000.0,
Mitsubishi,Evolution 5.7,1999,8850000.0,125000.0,
Mitsubishi,Evolution 6 GSR,1999,9000000.0,140000.0,
Mitsubishi,Evolution 7,2001,11500000.0,123.0,
Mitsubishi,Evolution 8MR,2007,17500000.0,111111.0,
Mitsubishi,FO5,1986,2850000.0,315000.0,
Mitsubishi,Fiore,1985,395000.0,10000.0,
Mitsubishi,Flat Light,1978,715000.0,250000.0,
Mitsubishi,GALANT,1983,950000.0,255000.0,1386400.0
Mitsubishi,GALANT,1989,7500000.0,125000.0,1607249.0
Mitsubishi,GALANT,2000,3500000.0,180000.0,3300525.0
Mitsubishi,GDI Io Pajero Montero,1999,5885000.0,182000.0,
Mitsubishi,Galant,1979,11111.0,222.0,1397312.0
Mitsubishi,Galant,1983,1075000.0,6728.0,1386400.0
Mitsubishi,Galant,1984,850000.0,111.0,1380834.0
Mitsubishi,Galant,1985,1071667.0,72083.0,1395891.0
Mitsubishi,Galant,1986,1150000.0,12345.0,1447202.0
Mitsubishi,Galant,1989,1875000.0,277269.0,1607249.0
Mitsubishi,Galant,1991,1775000.0,172000.0,2067547.0
Mitsubishi,Galant,1999,2875000.0,165000.0,3315464.0
Mitsubishi,Galant,2000,3547500.0,177440.0,3300525.0
Mitsubishi,Galant,2001,4400000.0,389000.0,3397748.0
Mitsubishi,Galant,2003,4350000.0,196000.0,3817178.0
Mitsubishi,Galant A54,1979,450000.0,123456.0,
Mitsubishi,Galant EA6A,1999,3500000.0,1234.0,
Mitsubishi,Galant Lancer,1973,390000.0,100000.0,
Mitsubishi,Galant Sigma,1983,825000.0,12345.0,
Mitsubishi,Galant VR-G,2002,3850000.0,194000.0,
Mitsubishi,Gl,1980,640000.0,125000.0,
Mitsubishi,Glx,1985,760000.0,100000.0,
Mitsubishi,I Light,1966,675000.0,123456.0,
Mitsubishi,I Miev,2013,3500000.0,129000.0,
Mitsubishi,I Miev I MIEV,2013,3600000.0,117999.0,
Mitsubishi,Intercooler Turbo 2.8,1995,1111111.0,165000.0,
Mitsubishi,J 44,1974,3850000.0,6850.0,
Mitsubishi,J20,1968,2450000.0,200000.0,
Mitsubishi,J24,1980,3350000.0,2548.0,
Mitsubishi,J32,1968,2100000.0,75000.0,
Mitsubishi,J44,1972,3400000.0,73000.0,
Mitsubishi,J44 4dr5,1980,3850000.0,100000.0,
Mitsubishi,K35T Strada,1998,6500000.0,251000.0,
Mitsubishi,L200,1988,2825000.0,30617.0,3968892.0
Mitsubishi,L200,1990,4600000.0,51000.0,4145578.0
Mitsubishi,L200,1991,3700000.0,300000.0,4374125.0
Mitsubishi,L200,1992,3494000.0,134176.0,4632112.0
Mitsubishi,L200,1993,4189286.0,156079.0,4895586.0
Mitsubishi,L200,1994,5000000.0,275000.0,4991848.0
Mitsubishi,L200,1995,5018750.0,159614.0,5336710.0
Mitsubishi,L200,1997,4720000.0,212691.0,5951272.0
Mitsubishi,L200,1998,5056667.0,150027.0,5831595.0
Mitsubishi,L200,1999,5500000.0,250000.0,5908896.0
Mitsubishi,L200,2001,5025000.0,195000.0,5945339.0
Mitsubishi,L200,2003,6795000.0,188000.0,6283846.0
Mitsubishi,L200,2004,5508333.0,221551.0,6246561.0
Mitsubishi,L200,2005,5530000.0,300000.0,6352106.0
Mitsubishi,L200,2006,8325000.0,260500.0,6445492.0
Mitsubishi,L200,2007,8675000.0,212750.0,6556982.0
Mitsubishi,L200,2008,8200000.0,155667.0,7000440.0
Mitsubishi,L200,2010,7450000.0,383000.0,7449805.0
Mitsubishi,L200,2011,8172500.0,181000.0,7481549.0
Mitsubishi,L200,2013,9525000.0,161000.0,8582721.0
Mitsubishi,L200,2015,10900000.0,198800.0,10786132.0
Mitsubishi,L200,2016,13000000.0,232500.0,11282860.0
Mitsubishi,L200,2020,19264286.0,66288.0,14165239.0
Mitsubishi,L200,2025,22500000.0,4200.0,14412050.0
Mitsubishi,L200 2WD,2003,5650000.0,372000.0,
Mitsubishi,L200 4WD K34T JUNSR,1992,5850000.0,500.0,
Mitsubishi,L200 Sportero,2014,11950000.0,190000.0,12874823.0
Mitsubishi,L200 Sportero,2015,12250000.0,3.0,12814185.0
Mitsubishi,L200 Sportero,2016,11350000.0,220000.0,14482485.0
Mitsubishi,L200 Sportero,2017,14900000.0,159000.0,14503109.0
Mitsubishi,L200 Sportero,2019,18650000.0,122000.0,15579924.0
Mitsubishi,L200 Strada,1995,5700000.0,32000.0,
Mitsubishi,L200 Strada Trojan 4WD,2002,6650000.0,12345.0,
Mitsubishi,L200 Triton GLS Premium Australian Spec,2020,21975000.0,12790.0,
Mitsubishi,L200 Triton GSR Ultra,2024,27500000.0,3800.0,
Mitsubishi,L300,1979,775000.0,66666.0,1253391.0
Mitsubishi,L300,1980,1152500.0,107247.0,1253391.0
Mitsubishi,L300,1981,1010000.0,45203.0,1253391.0
Mitsubishi,L300,1982,1425000.0,135465.0,1232023.0
Mitsubishi,L300,1983,2475000.0,93612.0,1225059.0
Mitsubishi,L300,1984,1226500.0,127260.0,1215298.0
Mitsubishi,L300,1985,1273500.0,97892.0,1230091.0
Mitsubishi,L300,1986,1583333.0,98400.0,1285609.0
Mitsubishi,L300,1987,1816667.0,187196.0,1357742.0
Mitsubishi,L300,1989,1790000.0,200000.0,1476362.0
Mitsubishi,L300,1992,4500000.0,300000.0,2289863.0
Mitsubishi,L300,2010,7500000.0,95000.0,5518087.0
Mitsubishi,L300,2011,6500000.0,273695.0,5615923.0
Mitsubishi,L300 Delica,1980,875000.0,12345.0,
Mitsubishi,L300 Delica,1983,1000000.0,220000.0,
Mitsubishi,L400,1994,3600000.0,150000.0,4381875.0
Mitsubishi,L400,1995,5025000.0,160000.0,4513980.0
Mitsubishi,L400,1996,6700000.0,200000.0,4583668.0
Mitsubishi,L400,1997,6000000.0,157500.0,4698401.0
Mitsubishi,L400,1998,5450000.0,210000.0,4415393.0
Mitsubishi,L400,2000,2300000.0,20.0,4463134.0
Mitsubishi,L400 Space Gear,1995,3500000.0,225000.0,
Mitsubishi,L400 Space Gear,1999,6000000.0,230000.0,
Mitsubishi,LANCER,1983,875000.0,12345.0,1023450.0
Mitsubishi,LANCER,1985,790000.0,85000.0,1019081.0
Mitsubishi,LANCER,1987,1450000.0,185000.0,1098784.0
Mitsubishi,LANCER BOX,1983,375000.0,1.0,1114694.0
Mitsubishi,LANCER BOX,1985,1375000.0,785405.0,1110325.0
Mitsubishi,LANCER C12,1984,975000.0,200000.0,954069.0
Mitsubishi,LANCER C12,1986,565000.0,11111.0,976432.0
Mitsubishi,LANCER CS1,2002,5730000.0,211050.0,5226413.0
Mitsubishi,LANCER CS1,2003,6875000.0,182000.0,5261231.0
Mitsubishi,LANCER CS1,2008,6785000.0,170600.0,5678874.0
Mitsubishi,LANCER CS1 GLX,2003,1550000.0,203475.0,
Mitsubishi,LANCER CS2,2003,5300000.0,260.0,
Mitsubishi,LANCER MMC,1983,975000.0,244542.0,
Mitsubishi,LANCER WAGON,1995,1950000.0,200000.0,2918499.0
Mitsubishi,Lancer,1973,875000.0,20000.0,892965.0
Mitsubishi,Lancer,1977,685000.0,124836.0,892965.0
Mitsubishi,Lancer,1978,690000.0,358800.0,892965.0
Mitsubishi,Lancer,1979,822500.0,141077.0,892965.0
Mitsubishi,Lancer,1980,783000.0,228925.0,892965.0
Mitsubishi,Lancer,1981,1230000.0,168.0,892965.0
Mitsubishi,Lancer,1982,950000.0,90319.0,871597.0
Mitsubishi,Lancer,1983,596250.0,178223.0,882054.0
Mitsubishi,Lancer,1984,875000.0,367172.0,864489.0
Mitsubishi,Lancer,1985,680833.0,69167.0,879281.0
Mitsubishi,Lancer,1986,950000.0,134710.0,909192.0
Mitsubishi,Lancer,1987,1125000.0,200000.0,988445.0
Mitsubishi,Lancer,1989,1137500.0,154861.0,1110183.0
Mitsubishi,Lancer,1991,1900000.0,183000.0,1782717.0
Mitsubishi,Lancer,1993,600000.0,11111.0,2116193.0
Mitsubishi,Lancer,1995,3000000.0,150000.0,2391843.0
Mitsubishi,Lancer,1999,2812500.0,148172.0,3631668.0
Mitsubishi,Lancer,2000,2690000.0,185000.0,3695922.0
Mitsubishi,Lancer,2001,3192284.0,189000.0,3729872.0
Mitsubishi,Lancer,2002,4500000.0,245300.0,4026784.0
Mitsubishi,Lancer,2003,5400000.0,165000.0,4214436.0
Mitsubishi,Lancer,2008,8100000.0,173500.0,4981333.0
Mitsubishi,Lancer,2014,9500000.0,290000.0,6879979.0
Mitsubishi,Lancer A72,1974,620000.0,5572.0,
Mitsubishi,Lancer ASP,1991,1450000.0,130556.0,
Mitsubishi,Lancer BOX,1982,900000.0,123456.0,1102639.0
Mitsubishi,Lancer Boc,1980,1000000.0,56000.0,
Mitsubishi,Lancer Box,1979,1146667.0,112024.0,1072727.0
Mitsubishi,Lancer Box,1980,1181667.0,117896.0,1072727.0
Mitsubishi,Lancer Box,1981,1199048.0,76238.0,1072727.0
Mitsubishi,Lancer Box,1982,1180556.0,62209.0,1051359.0
Mitsubishi,Lancer Box,1983,1131481.0,125852.0,1063414.0
Mitsubishi,Lancer Box,1984,1280000.0,100782.0,1044252.0
Mitsubishi,Lancer Box,1985,1540000.0,77097.0,1059045.0
Mitsubishi,Lancer Box,1989,920000.0,5555.0,1235516.0
Mitsubishi,Lancer Box,1993,1365000.0,85000.0,2642345.0
Mitsubishi,Lancer Box 5fwd,1982,1275000.0,35000.0,
Mitsubishi,Lancer Box A171,1982,985000.0,1.0,
Mitsubishi,Lancer Box A172,1980,825000.0,111111.0,
Mitsubishi,Lancer Box A172A,1982,1375000.0,139232.0,1315991.0
Mitsubishi,Lancer Box A172A,1983,1350000.0,78555.0,1326448.0
Mitsubishi,Lancer Box A172A,1986,1975000.0,155000.0,1379258.0
Mitsubishi,Lancer Box A71,1983,1380000.0,123456.0,
Mitsubishi,Lancer Box SL 5Forward GSR Parts,1981,1350000.0,100000.0,
Mitsubishi,Lancer C11,1988,1030000.0,185000.0,
Mitsubishi,Lancer C11 Wagon,1986,1075000.0,200000.0,
Mitsubishi,Lancer C12,1983,440000.0,200000.0,963803.0
Mitsubishi,Lancer C12,1985,733750.0,304430.0,968862.0
Mitsubishi,Lancer C12,1989,975000.0,99.0,1215095.0
Mitsubishi,Lancer C12,1995,1000000.0,225000.0,2993178.0
Mitsubishi,Lancer C12 GLX,1985,375000.0,177693.0,
Mitsubishi,Lancer C12 Wagon,1988,1050000.0,135924.0,
Mitsubishi,Lancer C12A,1985,1000000.0,200000.0,
Mitsubishi,Lancer C12A,1988,1250000.0,222285.0,
Mitsubishi,Lancer C12V Wagon,1987,1175000.0,123456.0,
Mitsubishi,Lancer CB,1992,2945000.0,250000.0,
Mitsubishi,Lancer CB1,1994,2950000.0,123.0,
Mitsubishi,Lancer CB1,1995,2790000.0,161000.0,
Mitsubishi,Lancer CB2,1993,800000.0,138000.0,3105154.0
Mitsubishi,Lancer CB2,1995,2370000.0,12345.0,3242343.0
Mitsubishi,Lancer CB3,1993,3325000.0,220000.0,3034088.0
Mitsubishi,Lancer CB3 Efi,1993,2000000.0,220000.0,
Mitsubishi,Lancer CB8,1992,795000.0,123456.0,2970335.0
Mitsubishi,Lancer CB8,1993,1497500.0,81562.0,2950330.0
Mitsubishi,Lancer CB8,1994,500000.0,160000.0,2989469.0
Mitsubishi,Lancer CB8A,1993,2950000.0,274000.0,
Mitsubishi,Lancer CK,1996,4325000.0,250000.0,
Mitsubishi,Lancer CK 4,2003,4800000.0,250000.0,
Mitsubishi,Lancer CK1,1996,1475000.0,150000.0,3192442.0
Mitsubishi,Lancer CK1,1998,2250000.0,185000.0,3457680.0
Mitsubishi,Lancer CK1,1999,3900000.0,1.0,3516813.0
Mitsubishi,Lancer CK1,2000,4700000.0,186000.0,3491957.0
Mitsubishi,Lancer CK1,2003,1950000.0,230000.0,3737944.0
Mitsubishi,Lancer CK1A,1998,4050000.0,220000.0,4049650.0
Mitsubishi,Lancer CK1A,1999,1475000.0,111111.0,4073766.0
Mitsubishi,Lancer CK1A,2000,1075000.0,111111.0,4039754.0
Mitsubishi,Lancer CK1A MX,1999,1975000.0,161300.0,
Mitsubishi,Lancer CK2,2003,3950000.0,141000.0,
Mitsubishi,Lancer CK2 EFI,2002,4300000.0,187900.0,
Mitsubishi,Lancer CK2 EFI,2003,4600000.0,200000.0,
Mitsubishi,Lancer CK2 MX Edition,2000,5250000.0,249000.0,
Mitsubishi,Lancer CK2A,2001,3700000.0,212500.0,
Mitsubishi,Lancer CS1,2002,5400000.0,241000.0,5226413.0
Mitsubishi,Lancer CS1,2003,5805000.0,209833.0,5261231.0
Mitsubishi,Lancer CS1,2005,5990000.0,217000.0,5240224.0
Mitsubishi,Lancer CS1,2007,6112500.0,143250.0,5624978.0
Mitsubishi,Lancer CS1,2008,5275000.0,102500.0,5678874.0
Mitsubishi,Lancer CS1,2009,6412500.0,111000.0,5631420.0
Mitsubishi,Lancer CS1,2010,5650000.0,319000.0,5704220.0
Mitsubishi,Lancer CS1 GLX,2008,1600000.0,254680.0,
Mitsubishi,Lancer CS2,2005,6900000.0,199800.0,
Mitsubishi,Lancer CS3,2001,5100000.0,12345.0,4295825.0
Mitsubishi,Lancer CS3,2002,6450000.0,394500.0,4378927.0
Mitsubishi,Lancer CS3,2004,4350000.0,308000.0,4554316.0
Mitsubishi,Lancer CS3,2010,6950000.0,190000.0,5372496.0
Mitsubishi,Lancer Cb1,1995,3170000.0,205000.0,
Mitsubishi,Lancer Cb1 8,1994,1825000.0,1243.0,
Mitsubishi,Lancer Cb1 Sports,1995,3150000.0,157000.0,
Mitsubishi,Lancer Cb2,1992,3185000.0,210000.0,2980444.0
Mitsubishi,Lancer Cb2,1993,3050000.0,163677.0,3105154.0
Mitsubishi,Lancer Cb2A,1995,3250000.0,235368.0,
Mitsubishi,Lancer Cb3,1991,3385000.0,194018.0,2720681.0
Mitsubishi,Lancer Cb3,1994,2575000.0,1000.0,3073227.0
Mitsubishi,Lancer Cb3,1995,2950000.0,185000.0,3201954.0
Mitsubishi,Lancer Cb3a,1992,2890000.0,149000.0,
Mitsubishi,Lancer Cb8,1992,2375000.0,75001.0,2970335.0
Mitsubishi,Lancer Cb8,1994,2537500.0,265638.0,2989469.0
Mitsubishi,Lancer Ck1,1996,3200000.0,200000.0,3192442.0
Mitsubishi,Lancer Ck1,1997,1000000.0,180000.0,3597611.0
Mitsubishi,Lancer Ck1,1998,3825000.0,145000.0,3457680.0
Mitsubishi,Lancer Ck1 A,1996,1075000.0,160000.0,
Mitsubishi,Lancer Ck1 Efi,2000,4300000.0,170000.0,
Mitsubishi,Lancer Ck2,1998,3975000.0,195000.0,
Mitsubishi,Lancer Ck2,2003,2500000.0,200000.0,
Mitsubishi,Lancer Ck2 EFI DOCH,2002,4675000.0,276500.0,
Mitsubishi,Lancer Ck2A INVECS-II Sports,2000,4750000.0,207000.0,
Mitsubishi,Lancer Colt,1970,475000.0,63256.0,
Mitsubishi,Lancer Cs,2008,6950000.0,185740.0,
Mitsubishi,Lancer Cs1,2001,5350000.0,210000.0,5209062.0
Mitsubishi,Lancer Cs1,2002,5500000.0,174000.0,5226413.0
Mitsubishi,Lancer Cs1,2004,5820000.0,164067.0,5238831.0
Mitsubishi,Lancer Cs1,2005,5900000.0,175000.0,5240224.0
Mitsubishi,Lancer Cs1,2007,6450000.0,170000.0,5624978.0
Mitsubishi,Lancer Cs1,2008,6625000.0,125500.0,5678874.0
Mitsubishi,Lancer Cs1,2011,6750000.0,122000.0,5840368.0
Mitsubishi,Lancer Cs1 Efi,2011,6850000.0,120000.0,
Mitsubishi,Lancer Cs2,2003,5650000.0,190000.0,
Mitsubishi,Lancer Cs3,2004,6000000.0,121000.0,4554316.0
Mitsubishi,Lancer Cs3,2012,9275000.0,170.0,5531717.0
Mitsubishi,Lancer EX,2008,8550000.0,116846.0,8001856.0
Mitsubishi,Lancer EX,2014,12300000.0,167000.0,10318324.0
Mitsubishi,Lancer Ex,2012,10600000.0,93120.0,9115697.0
Mitsubishi,Lancer Ex,2014,10700000.0,120000.0,10318324.0
Mitsubishi,Lancer Fiore,1985,385000.0,1000.0,
Mitsubishi,Lancer Flat Light,1975,935000.0,200000.0,895669.0
Mitsubishi,Lancer Flat Light,1977,1150000.0,11111.0,895669.0
Mitsubishi,Lancer Flat Light,1978,836667.0,289300.0,895669.0
Mitsubishi,Lancer Flat Light,1980,950000.0,18619.0,895669.0
Mitsubishi,Lancer Flat Light,1983,355000.0,69000.0,889123.0
Mitsubishi,Lancer Flat Light,1984,787500.0,120000.0,879390.0
Mitsubishi,Lancer Flat Light GL,1980,425000.0,36985.0,
Mitsubishi,Lancer Flat Liight,1993,665000.0,111111.0,
Mitsubishi,Lancer GLX C12,1985,1090000.0,140000.0,
Mitsubishi,Lancer GLX CK2,1998,3900000.0,208000.0,
Mitsubishi,Lancer GLX CS1,2008,6350000.0,182000.0,
Mitsubishi,Lancer GLX CS3,2012,6800000.0,378000.0,
Mitsubishi,Lancer Glx C12,1987,1350000.0,250000.0,
Mitsubishi,Lancer L Light,1975,806667.0,54078.0,1151824.0
Mitsubishi,Lancer L Light,1976,1156250.0,264000.0,1151824.0
Mitsubishi,Lancer L Light,1979,980000.0,210000.0,1151824.0
Mitsubishi,Lancer L Light B211,1976,840000.0,111.0,
Mitsubishi,Lancer Sl,1981,1345000.0,1234.0,
Mitsubishi,Lancer Tube Light,1973,650000.0,675000.0,
Mitsubishi,Lancer Wagon,1974,395000.0,11111.0,895669.0
Mitsubishi,Lancer Wagon,1975,530000.0,7422.0,895669.0
Mitsubishi,Lancer Wagon,1977,525000.0,12345.0,895669.0
Mitsubishi,Lancer Wagon,1978,685000.0,55424.0,895669.0
Mitsubishi,Lancer Wagon,1979,645000.0,11112.0,895669.0
Mitsubishi,Lancer Wagon,1980,668333.0,83343.0,895669.0
Mitsubishi,Lancer Wagon,1982,715000.0,235500.0,889123.0
Mitsubishi,Lancer Wagon,1983,607000.0,18694.0,889123.0
Mitsubishi,Lancer Wagon,1984,850000.0,140000.0,879390.0
Mitsubishi,Lancer Wagon,1986,825000.0,153056.0,901752.0
Mitsubishi,Lancer Wagon,1987,850000.0,60000.0,981005.0
Mitsubishi,Lancer Wagon GL,1980,725000.0,59596.0,
Mitsubishi,Lancer Wagon Gl,1984,395000.0,10000.0,
Mitsubishi,Libero,1996,2365000.0,200000.0,
Mitsubishi,Libero,2000,2500000.0,100000.0,
Mitsubishi,MINICAB U61V,2002,3875000.0,100000.0,
Mitsubishi,MINICAB U61V,2011,4475000.0,79000.0,
Mitsubishi,MIRAGE,2015,5395000.0,94521.0,6566672.0
Mitsubishi,MIRAGE G,2013,5470000.0,52852.0,
Mitsubishi,MONTERO GLS,2015,29750000.0,150000.0,21713414.0
Mitsubishi,MONTERO GLX,2000,11300000.0,130000.0,15266230.0
Mitsubishi,MONTERO SPORT,2011,13762500.0,175750.0,12240094.0
Mitsubishi,MONTERO SPORT,2017,28500000.0,110000.0,14435857.0
Mitsubishi,MONTERO V93 WLRHVR,2007,22500000.0,190000.0,
Mitsubishi,MONTERO V98 3.2,2013,23750000.0,80000.0,
Mitsubishi,Mini,1998,1890000.0,212852.0,
Mitsubishi,Mini,2014,4800000.0,79000.0,
Mitsubishi,Mini Pajero 4WD,2008,4850000.0,80000.0,
Mitsubishi,Mini Pajero Io,1999,5700000.0,142000.0,
Mitsubishi,MiniCab,1998,2250000.0,178000.0,3582719.0
Mitsubishi,MiniCab,1999,3000000.0,150000.0,3606835.0
Mitsubishi,MiniCab,2000,3300000.0,191000.0,3575149.0
Mitsubishi,MiniCab,2001,3175000.0,225000.0,3592728.0
Mitsubishi,MiniCab,2002,4200000.0,90000.0,3682300.0
Mitsubishi,MiniCab,2006,3852500.0,188230.0,3633010.0
Mitsubishi,MiniCab,2007,4300000.0,233886.0,3658870.0
Mitsubishi,MiniCab,2012,4175000.0,108950.0,4976649.0
Mitsubishi,MiniCab,2013,5200000.0,190000.0,5346680.0
Mitsubishi,MiniCab,2015,5800000.0,137000.0,6161284.0
Mitsubishi,MiniCab,2017,5400000.0,106000.0,6057776.0
Mitsubishi,MiniCab,2023,6900000.0,12500.0,8109924.0
Mitsubishi,MiniCab U41,1998,1737500.0,225000.0,
Mitsubishi,Minica,2000,2520000.0,216589.0,3643245.0
Mitsubishi,Minica,2002,2750000.0,210000.0,3887560.0
Mitsubishi,Minica,2003,2920000.0,222500.0,3959750.0
Mitsubishi,Minicab,1999,3458333.0,130372.0,3150870.0
Mitsubishi,Minicab,2000,2962500.0,121422.0,3148333.0
Mitsubishi,Minicab,2002,3980000.0,195000.0,3197506.0
Mitsubishi,Minicab,2004,3600000.0,173463.0,3310262.0
Mitsubishi,Minicab,2006,4000000.0,164000.0,3366811.0
Mitsubishi,Minicab,2007,2700000.0,116257.0,3431856.0
Mitsubishi,Minicab,2011,3605000.0,125397.0,4367020.0
Mitsubishi,Minicab,2013,4925000.0,102050.0,4800875.0
Mitsubishi,Minicab,2015,4550000.0,88800.0,5862697.0
Mitsubishi,Minicab,2017,3325000.0,54000.0,5856569.0
Mitsubishi,Minicab MIEV,2011,3800000.0,60000.0,
Mitsubishi,Minicab U61,1999,2875000.0,200000.0,
Mitsubishi,Minicab U61v,2016,4790000.0,127500.0,
Mitsubishi,Mirage,1989,1490000.0,152650.0,2711935.0
Mitsubishi,Mirage,1999,3475000.0,168000.0,4430649.0
Mitsubishi,Mirage,2013,5425000.0,152267.0,5701197.0
Mitsubishi,Mirage,2014,5685000.0,103150.0,6686143.0
Mitsubishi,Mitsubishi,1989,2000000.0,289000.0,2286434.0
Mitsubishi,Mitsubishi,1990,1500000.0,150000.0,2334125.0
Mitsubishi,Mitsubishi,2003,6700000.0,24300.0,4045503.0
Mitsubishi,Mitsubishi,2007,3950000.0,125000.0,3991221.0
Mitsubishi,Mk1,1989,1350000.0,222.0,
Mitsubishi,Montero,1999,10600000.0,216400.0,10523830.0
Mitsubishi,Montero,2000,10540909.0,164844.0,11025247.0
Mitsubishi,Montero,2001,13125000.0,243500.0,11054940.0
Mitsubishi,Montero,2002,12131250.0,194125.0,11173500.0
Mitsubishi,Montero,2003,12025000.0,223333.0,12232545.0
Mitsubishi,Montero,2004,12533333.0,159000.0,12271646.0
Mitsubishi,Montero,2005,13150000.0,174000.0,12462462.0
Mitsubishi,Montero,2006,15833333.0,147010.0,12685309.0
Mitsubishi,Montero,2007,15150000.0,187317.0,13347230.0
Mitsubishi,Montero,2008,14000000.0,197500.0,12884183.0
Mitsubishi,Montero,2010,18600000.0,143000.0,14053318.0
Mitsubishi,Montero,2011,13000000.0,147830.0,14018213.0
Mitsubishi,Montero,2012,16000000.0,159000.0,14772872.0
Mitsubishi,Montero,2013,22792308.0,163594.0,16637471.0
Mitsubishi,Montero,2015,26737500.0,155975.0,20010518.0
Mitsubishi,Montero,2016,29500000.0,197000.0,21758573.0
Mitsubishi,Montero Canter Spare,2007,16700000.0,198000.0,13144681.0
Mitsubishi,Montero Canter Spare,2010,18500000.0,251473.0,17650486.0
Mitsubishi,Montero Canter Spare,2013,22300000.0,117878.0,18429654.0
Mitsubishi,Montero DID,2015,27500000.0,61000.0,
Mitsubishi,Montero Exceed,2006,1450000.0,149000.0,
Mitsubishi,Montero GLS,2007,9415000.0,188500.0,13870367.0
Mitsubishi,Montero GLS,2008,19500000.0,186000.0,13992769.0
Mitsubishi,Montero GLS,2012,19500000.0,154000.0,20519916.0
Mitsubishi,Montero GLS,2015,27666667.0,189333.0,21713414.0
Mitsubishi,Montero GLX,1999,9850000.0,319200.0,15043576.0
Mitsubishi,Montero GLX,2013,22500000.0,207250.0,22172371.0
Mitsubishi,Montero GLX,2014,26500000.0,112000.0,22439100.0
Mitsubishi,Montero GLX V6,2008,17250000.0,208000.0,
Mitsubishi,Montero IO,2003,6480000.0,177500.0,
Mitsubishi,Montero Pajero Mahattaya,1998,9550000.0,175000.0,
Mitsubishi,Montero Shogun GLS V78,2007,17500000.0,156000.0,
Mitsubishi,Montero Sport,2000,8000000.0,220000.0,9174718.0
Mitsubishi,Montero Sport,2003,8975000.0,94117.0,10823658.0
Mitsubishi,Montero Sport,2004,8900000.0,191100.0,11995822.0
Mitsubishi,Montero Sport,2007,11091667.0,210333.0,13861494.0
Mitsubishi,Montero Sport,2008,10585714.0,157660.0,13577924.0
Mitsubishi,Montero Sport,2011,14268571.0,168190.0,12780948.0
Mitsubishi,Montero Sport,2012,14345833.0,156081.0,13311675.0
Mitsubishi,Montero Sport,2017,27866667.0,110100.0,19521855.0
Mitsubishi,Montero Sport Japan,2007,9800000.0,180000.0,
Mitsubishi,Montero V 6,2002,10750000.0,134000.0,
Mitsubishi,Montero V6,2001,11900000.0,198100.0,10025457.0
Mitsubishi,Montero V6,2002,11768000.0,172200.0,10168273.0
Mitsubishi,Montero V6,2003,12150000.0,148000.0,11089409.0
Mitsubishi,Montero V6,2004,12000000.0,157000.0,12398919.0
Mitsubishi,Montero V6,2005,13500000.0,290000.0,12396588.0
Mitsubishi,Montero V6,2006,13650000.0,165000.0,13060369.0
Mitsubishi,Montero V6,2007,17100000.0,188750.0,14204059.0
Mitsubishi,Montero V6,2008,16500000.0,184000.0,13980532.0
Mitsubishi,Montero V6,2009,16875000.0,155000.0,13460725.0
Mitsubishi,Montero V6,2010,18975000.0,1.0,13482249.0
Mitsubishi,Montero V6 GLS,2001,11900000.0,198200.0,8935134.0
Mitsubishi,Montero V6 GLS,2003,12175000.0,165000.0,9777739.0
Mitsubishi,Montero V6 GLS,2011,22500000.0,112000.0,11501540.0
Mitsubishi,Montero V73,2005,13600000.0,176000.0,
Mitsubishi,Montero V73,2006,12800000.0,311000.0,
Mitsubishi,Montero V75,2000,11000000.0,349000.0,
Mitsubishi,Montero V76,2001,13690000.0,190000.0,6517804.0
Mitsubishi,Montero V76,2005,13200000.0,275000.0,8669016.0
Mitsubishi,Montero V76,2006,16500000.0,163000.0,9550962.0
Mitsubishi,Montero V78,2001,14250000.0,207000.0,
Mitsubishi,Montero V93 GLS,2010,18500000.0,165335.0,
Mitsubishi,Montero V96,2012,20500000.0,159432.0,
Mitsubishi,Montero V98,2007,15700000.0,12345.0,13395865.0
Mitsubishi,Montero V98,2013,21850000.0,161116.0,19316063.0
Mitsubishi,OUTLANDER,2011,8500000.0,148000.0,11752651.0
Mitsubishi,OUTLANDER,2012,10250000.0,157000.0,11908473.0
Mitsubishi,OUTLANDER,2015,12500000.0,145200.0,12594310.0
Mitsubishi,OUTLANDER PHEV,2013,12799999.0,141000.0,13787945.0
Mitsubishi,OUTLANDER PHEV,2015,13845000.0,128500.0,13173962.0
Mitsubishi,Outlander,2003,6416667.0,205000.0,9243151.0
Mitsubishi,Outlander,2004,1475000.0,159000.0,10517938.0
Mitsubishi,Outlander,2006,8950000.0,132400.0,11124380.0
Mitsubishi,Outlander,2007,8500000.0,196820.0,12420475.0
Mitsubishi,Outlander,2010,8900000.0,194.0,11927090.0
Mitsubishi,Outlander,2012,8500000.0,196000.0,12053795.0
Mitsubishi,Outlander,2013,11950000.0,160612.0,13231091.0
Mitsubishi,Outlander,2014,11786333.0,204552.0,13416155.0
Mitsubishi,Outlander,2015,14098250.0,149912.0,13629524.0
Mitsubishi,Outlander,2016,16316667.0,145258.0,15271034.0
Mitsubishi,Outlander,2017,17500000.0,105000.0,15385389.0
Mitsubishi,Outlander ASX,2013,9800000.0,98000.0,
Mitsubishi,Outlander G Navi,2014,13600000.0,136000.0,
Mitsubishi,Outlander PHEV,2013,12225000.0,161450.0,13787945.0
Mitsubishi,Outlander PHEV,2014,11718750.0,146812.0,13268607.0
Mitsubishi,Outlander PHEV,2015,13920000.0,142800.0,13173962.0
Mitsubishi,Outlander PHEV,2016,16380000.0,141223.0,14220384.0
Mitsubishi,Outlander PHEV G Navi,2014,12850000.0,161000.0,
Mitsubishi,Outlander PHEV G Navi Premium,2015,14200000.0,115000.0,
Mitsubishi,Outlander PHEV G Premium,2015,15000000.0,151590.0,
Mitsubishi,Outlander PHEV G Style Premium,2015,15800000.0,86000.0,
Mitsubishi,Outlander PHEV G-Navi,2014,13550000.0,150000.0,
Mitsubishi,Outlander PHEV Limited Edition,2016,15800000.0,164000.0,
Mitsubishi,Outlander PHEV Premium,2015,15250000.0,117750.0,
Mitsubishi,Outlander PHEV Safety,2015,12200000.0,155000.0,
Mitsubishi,Outlander PHEv,2014,13000000.0,302000.0,13268607.0
Mitsubishi,Outlander Phev,2014,13266667.0,170833.0,13268607.0
Mitsubishi,Outlander Phev G-navi,2014,12600000.0,150000.0,
Mitsubishi,Outlander Sport,2014,12616667.0,148333.0,13014053.0
Mitsubishi,Outlander Sport,2015,9800000.0,80000.0,12900935.0
Mitsubishi,Outlander Sport ASX,2014,13000000.0,160000.0,
Mitsubishi,P25,1986,3450000.0,400000.0,
Mitsubishi,P25 Po5,1986,4775000.0,541345.0,
Mitsubishi,P25V,1986,4850000.0,150000.0,
Mitsubishi,P25V 4WD,1991,5850000.0,150000.0,
Mitsubishi,P45,1997,6000000.0,56398.0,
Mitsubishi,PAJERO,1990,7400000.0,200000.0,7375006.0
Mitsubishi,PAJERO EXCEED,1995,10600000.0,185630.0,
Mitsubishi,PAJERO MONTERO IO,2003,5350000.0,156000.0,
Mitsubishi,PO15,1991,3975000.0,158000.0,2889687.0
Mitsubishi,PO15,1992,3675000.0,6.0,3133663.0
Mitsubishi,PO15,1994,4350000.0,250000.0,3314210.0
Mitsubishi,PO15,1995,3650000.0,1.0,3491933.0
Mitsubishi,PO15,1997,4785000.0,175000.0,3903703.0
Mitsubishi,PO15,2005,6750000.0,128000.0,3795098.0
Mitsubishi,PO15,2008,7200000.0,222533.0,4656386.0
Mitsubishi,PO15,2011,7075000.0,78000.0,4986325.0
Mitsubishi,PO5,1989,1990000.0,100000.0,2465960.0
Mitsubishi,PO5,1990,3400000.0,90000.0,2513651.0
Mitsubishi,PO5,1996,4275000.0,270000.0,3341054.0
Mitsubishi,PO5,1998,3575000.0,111.0,3526626.0
Mitsubishi,PO5,2000,4750000.0,100000.0,3516730.0
Mitsubishi,Pajero,1976,3500000.0,1000.0,8230600.0
Mitsubishi,Pajero,1979,3000000.0,1000.0,8230600.0
Mitsubishi,Pajero,1981,1778000.0,396664.0,8230600.0
Mitsubishi,Pajero,1983,3950000.0,141000.0,8253972.0
Mitsubishi,Pajero,1984,5083333.0,122667.0,8253972.0
Mitsubishi,Pajero,1985,6016667.0,233333.0,8319575.0
Mitsubishi,Pajero,1986,7000000.0,186033.0,8513636.0
Mitsubishi,Pajero,1987,6125000.0,248971.0,8529484.0
Mitsubishi,Pajero,1988,6937500.0,278385.0,8668486.0
Mitsubishi,Pajero,1989,6025000.0,100080.0,8890260.0
Mitsubishi,Pajero,1991,8250000.0,282000.0,9391444.0
Mitsubishi,Pajero,1992,7250000.0,210000.0,9464760.0
Mitsubishi,Pajero,1993,10400000.0,28.0,9617008.0
Mitsubishi,Pajero,1994,9183333.0,223333.0,9863298.0
Mitsubishi,Pajero,1995,11000000.0,369000.0,10490485.0
Mitsubishi,Pajero,1996,10800000.0,340000.0,10655945.0
Mitsubishi,Pajero,1998,11300000.0,262000.0,10328727.0
Mitsubishi,Pajero,1999,6000000.0,83025.0,10280884.0
Mitsubishi,Pajero,2000,5700000.0,205960.0,10319834.0
Mitsubishi,Pajero,2001,8200000.0,202500.0,10342474.0
Mitsubishi,Pajero,2002,8750000.0,159000.0,10634026.0
Mitsubishi,Pajero,2007,16000000.0,300000.0,13360772.0
Mitsubishi,Pajero 2.8,1996,9200000.0,220000.0,
Mitsubishi,Pajero Flat Roof,1986,6750000.0,298700.0,
Mitsubishi,Pajero GDI Io Montero,2000,5985000.0,186000.0,
Mitsubishi,Pajero IO,1999,5200000.0,160000.0,4630099.0
Mitsubishi,Pajero IO,2000,5506250.0,172750.0,4513277.0
Mitsubishi,Pajero IO,2002,4550000.0,76000.0,4529904.0
Mitsubishi,Pajero Intercooler,1992,9100000.0,86500.0,7230486.0
Mitsubishi,Pajero Intercooler,1993,7250000.0,200000.0,7311306.0
Mitsubishi,Pajero Intercooler,1994,9400000.0,260000.0,7374603.0
Mitsubishi,Pajero Intercooler,1995,9800000.0,270000.0,8059925.0
Mitsubishi,Pajero Intercooler,1997,10900000.0,226000.0,7967929.0
Mitsubishi,Pajero Intercooler 2.8,1996,10800000.0,192000.0,
Mitsubishi,Pajero Intercooler V46,1994,10400000.0,200000.0,
Mitsubishi,Pajero Io,1999,5700000.0,270000.0,4630099.0
Mitsubishi,Pajero Io,2000,5425000.0,141665.0,4513277.0
Mitsubishi,Pajero Io,2001,5432500.0,202000.0,4467576.0
Mitsubishi,Pajero Io Gdi,2002,4750000.0,185000.0,
Mitsubishi,Pajero Jr,1996,3700000.0,170000.0,
Mitsubishi,Pajero MK 2,1994,8800000.0,382424.0,
Mitsubishi,Pajero MK1,1984,6470000.0,244500.0,2800523.0
Mitsubishi,Pajero MK1,1985,7000000.0,340000.0,2857237.0
Mitsubishi,Pajero MK1,1988,6500000.0,1000.0,3270522.0
Mitsubishi,Pajero MK1,1989,6400000.0,238688.0,3753183.0
Mitsubishi,Pajero MK2,1996,9500000.0,279000.0,
Mitsubishi,Pajero Mk1,1984,5900000.0,225000.0,2800523.0
Mitsubishi,Pajero Mk1,1985,7900000.0,350000.0,2857237.0
Mitsubishi,Pajero Mk1,1986,6475000.0,382420.0,3099497.0
Mitsubishi,Pajero Mk1,1987,5680000.0,480650.0,3090324.0
Mitsubishi,Pajero Mk1,1988,7300000.0,235000.0,3270522.0
Mitsubishi,Pajero Mk1,1989,6450000.0,134617.0,3753183.0
Mitsubishi,Pajero Swb,1984,5200000.0,265500.0,
Mitsubishi,Pajero Turbo Intercooler,1997,12500000.0,187450.0,
Mitsubishi,Pajero Turbo Wagon,1988,6850000.0,195000.0,
Mitsubishi,Pajero V46,1992,9500000.0,238200.0,
Mitsubishi,Po15,1995,4450000.0,185423.0,3491933.0
Mitsubishi,Po15,1996,3383333.0,191075.0,3576474.0
Mitsubishi,Po15,1999,3800000.0,152000.0,3786162.0
Mitsubishi,Po15,2001,4862500.0,83555.0,3772055.0
Mitsubishi,Po15,2010,6800000.0,200000.0,4891816.0
Mitsubishi,Po15 L300,1995,4950000.0,252685.0,
Mitsubishi,Po15 L300,1996,4200000.0,222222.0,
Mitsubishi,Po2,1987,1650000.0,263541.0,
Mitsubishi,Po25,1993,6500000.0,310000.0,
Mitsubishi,Po5,1987,3000000.0,200000.0,2365132.0
Mitsubishi,Po5,1989,3500000.0,202450.0,2465960.0
Mitsubishi,Po5,1992,3690000.0,636000.0,2873155.0
Mitsubishi,Po5,1995,4650000.0,100.0,3220059.0
Mitsubishi,Po5,1998,3800000.0,11111.0,3526626.0
Mitsubishi,Po5v,1994,3825000.0,175000.0,
Mitsubishi,R V R,1999,3000000.0,123345.0,
Mitsubishi,RVR,1998,3615000.0,190000.0,
Mitsubishi,Rvr,2000,1500000.0,23000.0,
Mitsubishi,STRADA,1992,5400000.0,450000.0,
Mitsubishi,Single Cab,1986,950000.0,12345.0,
Mitsubishi,Sportero L200,2018,16000000.0,80000.0,
Mitsubishi,Strada,1992,5925000.0,221000.0,
Mitsubishi,T 120,1972,275000.0,166845.0,
Mitsubishi,Tredia,1984,850000.0,1.0,
Mitsubishi,Triton,2007,9150000.0,249000.0,
Mitsubishi,Trojan,2007,7900000.0,165000.0,
Mitsubishi,U61,2003,3600000.0,232000.0,
Mitsubishi,U61v,2000,3680000.0,176000.0,
Mitsubishi,V 73,2004,12500000.0,161000.0,
Mitsubishi,V73,2004,14500000.0,152000.0,
Mitsubishi,V75 Convert,2000,13000000.0,110000.0,
Mitsubishi,V76W,2007,16000000.0,132475.0,
Mitsubishi,V98,2013,22000000.0,234533.0,
Mitsubishi,Vanette,2001,5650000.0,310020.0,
Mitsubishi,WYLLYS,1988,2350000.0,165000.0,
Mitsubishi,Wagon,1975,350000.0,54284.0,
Mitsubishi,Willys 4dr5,1962,3800000.0,10000.0,
Mitsubishi,XPANDER,2018,12450000.0,73770.0,14639701.0
Mitsubishi,Xpander,2018,12796000.0,97803.0,14639701.0
Mitsubishi,Xpander,2019,13383333.0,102540.0,15113639.0
Mitsubishi,Xpander Cross,2020,14366667.0,42667.0,14932419.0
Morris,4d R,1972,2550000.0,236523.0,
Morris,8,1948,650000.0,65000.0,
Morris,MINI COOPER,1978,2150000.0,280000.0,1640109.0
Morris,MINOR 1100,1969,1950000.0,50000.0,
Morris,Mini,1972,3600000.0,50000.0,
Morris,Mini Cooper,1961,2650000.0,1111.0,1640109.0
Morris,Mini Cooper,1962,4875000.0,19000.0,1640109.0
Morris,Mini Cooper,1975,2350000.0,94000.0,1640109.0
Morris,Mini Cooper EFI,1959,2550000.0,60000.0,
Morris,Minor,1949,1000000.0,150000.0,1120953.0
Morris,Minor,1952,375000.0,30000.0,1120953.0
Morris,Minor,1953,1350000.0,100000.0,1120953.0
Morris,Minor,1955,795000.0,100000.0,1120953.0
Morris,Minor,1956,1250000.0,111111.0,1120953.0
Morris,Minor,1957,1000000.0,100000.0,1120953.0
Morris,Minor,1958,800000.0,161728.0,1120953.0
Morris,Minor,1965,1450000.0,560000.0,1120953.0
Morris,Minor,1969,140000.0,150000.0,1120953.0
Morris,Minor 1000,1958,3500000.0,111111.0,
Morris,Minor 1000,1959,350000.0,98000.0,
Morris,Minor Convertible,1949,2200000.0,22.0,
Morris,Morris,1950,2200000.0,200000.0,
Morris,Oxford,1969,815000.0,129007.0,
Morris,Traveller,1959,950000.0,169000.0,
NWOW,Gonow,2007,1350000.0,140000.0,
Nissan,14,1994,2500000.0,12345.0,
Nissan,A33,2001,4350000.0,12345.0,
Nissan,AD WAGON,2000,3200000.0,150000.0,3533460.0
Nissan,AD WAGON VFY11,1999,2990000.0,211000.0,
Nissan,AD Wagon,1984,612500.0,55556.0,1393992.0
Nissan,AD Wagon,1985,722500.0,207500.0,1440880.0
Nissan,AD Wagon,1990,1350000.0,1.0,1992031.0
Nissan,AD Wagon,1997,1387500.0,60617.0,3447446.0
Nissan,AD Wagon,1998,2250000.0,140000.0,3380952.0
Nissan,AD Wagon,1999,3037500.0,118117.0,3462982.0
Nissan,AD Wagon,2000,2629000.0,151025.0,3533460.0
Nissan,AD Wagon,2001,3065000.0,191000.0,3704596.0
Nissan,AD Wagon,2002,1175000.0,88.0,3976805.0
Nissan,AD Wagon,2003,3050000.0,150000.0,4326250.0
Nissan,AD Wagon,2005,3575000.0,215000.0,4358815.0
Nissan,AD Wagon,2011,975000.0,150000.0,5490148.0
Nissan,AD Wagon Vy11,2000,3175000.0,123.0,
Nissan,AD Wagon Y10,1998,2325000.0,255000.0,
Nissan,AD Wagon Y10,2000,3000000.0,124000.0,
Nissan,AD Wagon Y11,2002,2690000.0,181500.0,3579819.0
Nissan,AD Wagon Y11,2022,3390000.0,156149.0,6518512.0
Nissan,AD Wagony11Station Wagon,2001,3450000.0,200000.0,
Nissan,AD11,1985,780000.0,210000.0,
Nissan,AK12,2002,3295000.0,165000.0,3595214.0
Nissan,AK12,2003,3750000.0,10000.0,3778099.0
Nissan,AK12,2005,500000.0,160000.0,3815106.0
Nissan,AK12,2007,4350000.0,130741.0,3861269.0
Nissan,ALMERA EL,2025,12575000.0,50.0,
Nissan,AU720,1983,1950000.0,300000.0,
Nissan,AURA FE13 G LEATHER EDITION,2024,14250000.0,5000.0,
Nissan,AZEO,2015,5900000.0,100000.0,
Nissan,Ad Wagon,1983,700000.0,243000.0,1414788.0
Nissan,Ad Wagon,1984,842500.0,174750.0,1393992.0
Nissan,Ad Wagon,1985,975000.0,100000.0,1440880.0
Nissan,Ad Wagon,1987,920000.0,37000.0,1597933.0
Nissan,Ad Wagon,1997,2837500.0,141728.0,3447446.0
Nissan,Ad Wagon,1998,950000.0,12345.0,3380952.0
Nissan,Ad Wagon,2000,3295000.0,1.0,3533460.0
Nissan,Ad Wagon,2002,750000.0,106000.0,3976805.0
Nissan,Ad Wagon,2005,3850000.0,210000.0,4358815.0
Nissan,Ad Wagon VY10,1997,2575000.0,123456.0,
Nissan,Ad Wagon Vb11,1985,1150000.0,98000.0,
Nissan,Ad Wagon Vy11,2002,3425000.0,123.0,
Nissan,Ad Wagon Y10,1993,2600000.0,257000.0,
Nissan,Ak12,2006,3700000.0,160000.0,3834360.0
Nissan,Almera,2025,12075000.0,6750.0,
Nissan,Almera VL CVT 1 0L Turbo,2025,13150000.0,17.0,
Nissan,Almera Vl,2025,13000000.0,500.0,
Nissan,Alto Japan,2023,7650000.0,45000.0,
Nissan,Aura,2023,13390000.0,18000.0,
Nissan,Aura 90th Anniversary,2025,14395000.0,900.0,
Nissan,Aura Face-lift,2025,14495000.0,6000.0,
Nissan,Aura G Grade,2025,12990000.0,25000.0,
Nissan,Aura G Leather,2024,12500000.0,8200.0,
Nissan,Aura G Leather,2025,14590000.0,2000.0,
Nissan,Aura G Leather Edition,2024,13735000.0,7800.0,
Nissan,Aura Nismo Sport Limited,2024,14795000.0,30000.0,
Nissan,Avenir,1996,2550000.0,236000.0,
Nissan,Aviniur Salutex,1998,3700000.0,1234.0,
Nissan,B 12,1985,1190000.0,242000.0,
Nissan,B 14,1997,3150000.0,12345.0,3312970.0
Nissan,B 14,1998,3150000.0,12345.0,3263509.0
Nissan,B 14,1999,2850000.0,310000.0,3345539.0
Nissan,B 2 11,1977,780000.0,78000.0,
Nissan,B 2 11,1978,725000.0,225000.0,
Nissan,B 211,1977,740000.0,25054.0,
Nissan,B11,1980,700000.0,200000.0,937974.0
Nissan,B11,1983,899545.0,111277.0,867130.0
Nissan,B11,1984,917500.0,55574.0,829914.0
Nissan,B11,1985,1039375.0,226656.0,841646.0
Nissan,B11,1986,912500.0,252091.0,821090.0
Nissan,B11,1988,665000.0,175000.0,957946.0
Nissan,B12,1986,1500000.0,267001.0,1109557.0
Nissan,B12,1987,975000.0,1234.0,1188810.0
Nissan,B12,1989,1550000.0,135400.0,1322131.0
Nissan,B12,1990,1647500.0,102711.0,1459286.0
Nissan,B12 Sunny,1987,1360000.0,1.0,
Nissan,B12 Sunny Super Saloon,1987,2375000.0,280000.0,
Nissan,B12 Trad Sunny,1988,1470000.0,5612.0,
Nissan,B13,1991,2100000.0,157500.0,2154612.0
Nissan,B13,1992,2100000.0,284000.0,2281772.0
Nissan,B13,1993,1925000.0,1111.0,2261767.0
Nissan,B14,1994,2690000.0,215000.0,2227329.0
Nissan,B14,1995,2750000.0,155000.0,2212011.0
Nissan,B14,1996,2716667.0,45417.0,2316371.0
Nissan,B14,1997,2350000.0,264500.0,2761459.0
Nissan,B14,1998,2850000.0,85000.0,2708704.0
Nissan,B15,2000,4130000.0,89000.0,3404490.0
Nissan,B15,2001,3908333.0,246667.0,3576330.0
Nissan,B15,2002,4700000.0,174000.0,3669673.0
Nissan,B15,2021,1825000.0,90000.0,8345111.0
Nissan,B210,1979,975000.0,100000.0,
Nissan,B210 Wagon,1976,700000.0,114000.0,
Nissan,B211,1976,900000.0,111111.0,511465.0
Nissan,B211,1977,725000.0,107037.0,511465.0
Nissan,B211,1978,745000.0,188183.0,511465.0
Nissan,B211,1981,766667.0,74486.0,511465.0
Nissan,B211,1982,860000.0,100000.0,492031.0
Nissan,B211 B310,1983,695000.0,1111.0,
Nissan,B211 Sunny,1979,700000.0,200000.0,
Nissan,B310,1977,840000.0,111.0,844246.0
Nissan,B310,1978,621667.0,120370.0,844246.0
Nissan,B310,1979,714286.0,104943.0,844246.0
Nissan,B310,1980,563750.0,280867.0,844246.0
Nissan,B310,1981,523333.0,40816.0,844246.0
Nissan,B310,1982,587500.0,56000.0,824813.0
Nissan,B310,1984,685000.0,165000.0,824024.0
Nissan,B310,1985,725000.0,130000.0,835756.0
Nissan,B310,1988,570000.0,63650.0,986376.0
Nissan,B310,1997,480000.0,225000.0,3305403.0
Nissan,B310 GL,1979,420000.0,123456.0,
Nissan,B310 GL,1983,1085000.0,168500.0,
Nissan,B310 Sunny,1979,390000.0,537363.0,
Nissan,B310 Wagon,1979,580000.0,123456.0,
Nissan,BLUEBIRD GQ10,2001,4790000.0,130000.0,
Nissan,BLUEBIRD SU14,2001,4225000.0,210000.0,3499787.0
Nissan,BLUEBIRD SYLPHY,2010,6850000.0,150000.0,7720743.0
Nissan,Biue Bird SU14,1998,2950000.0,250000.0,
Nissan,Bluebird,1984,1275000.0,265000.0,1127740.0
Nissan,Bluebird,1989,1240000.0,95000.0,1651267.0
Nissan,Bluebird,1990,1875000.0,120000.0,1822779.0
Nissan,Bluebird,1991,1665000.0,129159.0,2165780.0
Nissan,Bluebird,1992,2350000.0,255000.0,2519462.0
Nissan,Bluebird,1993,2650000.0,150000.0,2499457.0
Nissan,Bluebird,1996,2965000.0,216190.0,2733196.0
Nissan,Bluebird,1997,1975000.0,98824.0,3204686.0
Nissan,Bluebird,1998,2560000.0,134987.0,3368072.0
Nissan,Bluebird,1999,2551250.0,161524.0,3456049.0
Nissan,Bluebird,2000,2475000.0,183500.0,3566894.0
Nissan,Bluebird,2001,4100000.0,290000.0,3610456.0
Nissan,Bluebird,2002,2925000.0,125000.0,3780557.0
Nissan,Bluebird,2003,4690000.0,192000.0,4083633.0
Nissan,Bluebird,2006,6375000.0,171000.0,4084452.0
Nissan,Bluebird,2007,5800000.0,204000.0,4172760.0
Nissan,Bluebird,2011,6750000.0,142000.0,5078532.0
Nissan,Bluebird Eu13,1998,2850000.0,230000.0,
Nissan,Bluebird G11,2008,4100000.0,65084.0,
Nissan,Bluebird SSS,1997,3285000.0,183000.0,
Nissan,Bluebird SSS,2001,3260000.0,182000.0,
Nissan,Bluebird SU13,1994,2250000.0,194000.0,
Nissan,Bluebird SU13,1995,2150000.0,200000.0,
Nissan,Bluebird SU14,1999,2475000.0,235000.0,3326513.0
Nissan,Bluebird SU14,2000,975000.0,88.0,3403880.0
Nissan,Bluebird SU14,2001,4230000.0,210000.0,3499787.0
Nissan,Bluebird SYLPHY G11,2007,6590000.0,145000.0,
Nissan,Bluebird Su14,1996,2900000.0,290000.0,2777509.0
Nissan,Bluebird Sylphy,2000,4875000.0,200000.0,5925343.0
Nissan,Bluebird Sylphy,2001,4375000.0,130000.0,6151728.0
Nissan,Bluebird Sylphy,2002,4700000.0,200000.0,6280995.0
Nissan,Bluebird Sylphy,2010,6300000.0,280000.0,7720743.0
Nissan,Bluebird Sylphy,2012,8475000.0,120000.0,7947438.0
Nissan,Bluebird Sylphy FG 10,2001,4725000.0,168000.0,4207735.0
Nissan,Bluebird Sylphy FG 10,2002,4225000.0,185995.0,4257426.0
Nissan,Bluebird Sylphy FG10,2002,5175000.0,172000.0,4265095.0
Nissan,Bluebird Sylphy FG10,2003,4730000.0,206333.0,4521468.0
Nissan,Bolero March,2009,5075000.0,11000.0,
Nissan,Bongo,1999,4850000.0,190000.0,
Nissan,Bongo Vanette,1994,3750000.0,120000.0,3458866.0
Nissan,Bongo Vanette,1996,4000000.0,200000.0,3641856.0
Nissan,Bongo Vanette,1998,4990000.0,246469.0,4062161.0
Nissan,Bongo Vanette,1999,5200000.0,216000.0,4144192.0
Nissan,Bongo Vanette,2000,4850000.0,158514.0,4158774.0
Nissan,Bongo Vanette,2003,6000000.0,224000.0,4545827.0
Nissan,Bongo Vanette,2004,5875000.0,210000.0,4557874.0
Nissan,CARAVAN,1988,5460000.0,436000.0,3473029.0
Nissan,CARAVAN,1995,6900000.0,78000.0,6209349.0
Nissan,CARAVAN,1998,7800000.0,150000.0,5889071.0
Nissan,CARAVAN,2003,8575000.0,189888.0,6563329.0
Nissan,CARAVAN,2004,10000000.0,180000.0,6613284.0
Nissan,CARAVAN,2007,9250000.0,257000.0,6914483.0
Nissan,CARAVAN E25,2007,8675000.0,182000.0,9104693.0
Nissan,CARAVAN E26 NV350 SUPER-LONG,2015,14650000.0,234000.0,
Nissan,CARAVAN LONG,1998,8250000.0,185000.0,4294666.0
Nissan,CARAVAN TD 27,1994,8500000.0,350000.0,
Nissan,CARAVAN VRE24,1999,6500000.0,185000.0,
Nissan,CLIPPER,2014,5400000.0,198000.0,6722634.0
Nissan,CLIPPER,2016,5500000.0,52000.0,6492745.0
Nissan,CLIPPER,2023,7250000.0,28000.0,7261346.0
Nissan,CLIPPER,2024,7500000.0,10050.0,7528151.0
Nissan,CLIPPER HBD-DR17V,2017,555000.0,130200.0,
Nissan,CLIPPER PC LIMITED,2025,7250000.0,150.0,
Nissan,CUBE,2006,4290000.0,198000.0,
Nissan,California,1984,590000.0,250000.0,
Nissan,California B11,1983,580000.0,155000.0,
Nissan,California Wagon,1985,800000.0,150000.0,
Nissan,California Wagon 5fw,1984,500000.0,150000.0,
Nissan,Caravan,1980,1800000.0,300000.0,2798946.0
Nissan,Caravan,1981,1337500.0,337500.0,2798946.0
Nissan,Caravan,1985,2850000.0,385000.0,2954050.0
Nissan,Caravan,1986,2855000.0,167691.0,3156205.0
Nissan,Caravan,1987,3725000.0,250060.0,3184141.0
Nissan,Caravan,1988,5825000.0,450000.0,3659574.0
Nissan,Caravan,1989,5383333.0,143333.0,4493866.0
Nissan,Caravan,1990,6100000.0,222968.0,4918388.0
Nissan,Caravan,1991,5800000.0,87391.0,5118088.0
Nissan,Caravan,1992,5871154.0,204051.0,6439353.0
Nissan,Caravan,1993,6516667.0,206570.0,6526122.0
Nissan,Caravan,1994,6690870.0,186792.0,7383288.0
Nissan,Caravan,1995,7062500.0,245024.0,7381855.0
Nissan,Caravan,1996,6326111.0,224442.0,7519906.0
Nissan,Caravan,1997,8250000.0,106342.0,7823465.0
Nissan,Caravan,1998,7986364.0,282362.0,7711111.0
Nissan,Caravan,1999,8982692.0,257908.0,7725219.0
Nissan,Caravan,2000,6333333.0,304132.0,7435257.0
Nissan,Caravan,2001,9937500.0,3030.0,7336055.0
Nissan,Caravan,2002,9250000.0,50005.0,7421199.0
Nissan,Caravan,2003,7812500.0,7960.0,7396548.0
Nissan,Caravan,2006,8350000.0,254626.0,7795678.0
Nissan,Caravan,2007,11000000.0,185000.0,7720593.0
Nissan,Caravan,2010,8400000.0,150000.0,8449699.0
Nissan,Caravan E24,1900,8000000.0,200000.0,2277954.0
Nissan,Caravan E24,1988,5900000.0,452367.0,2776388.0
Nissan,Caravan E24,1998,4925000.0,613561.0,5650176.0
Nissan,Caravan E24,2005,9650000.0,123456.0,6555639.0
Nissan,Caravan E24 VWE24,1998,7000000.0,445000.0,
Nissan,Caravan E25,2001,8100000.0,183000.0,7853214.0
Nissan,Caravan E25,2002,9200000.0,362000.0,7875947.0
Nissan,Caravan E25,2004,9500000.0,250000.0,8636914.0
Nissan,Caravan E25,2005,8750000.0,290000.0,8616531.0
Nissan,Caravan E25,2006,9866667.0,238939.0,8869285.0
Nissan,Caravan E25,2007,9650000.0,218800.0,9104693.0
Nissan,Caravan E25,2008,10843333.0,194633.0,8344029.0
Nissan,Caravan E25,2009,12300000.0,163000.0,8306587.0
Nissan,Caravan E25,2010,12750000.0,323000.0,9126055.0
Nissan,Caravan E25,2011,11096667.0,255667.0,9208266.0
Nissan,Caravan E25,2014,11300000.0,250000.0,10338064.0
Nissan,Caravan E25 GX,2006,9400000.0,179000.0,
Nissan,Caravan E25 High Roof,2005,10800000.0,245000.0,8799232.0
Nissan,Caravan E25 High Roof,2006,11250000.0,291750.0,9526031.0
Nissan,Caravan E25 High Roof,2007,10525000.0,273500.0,10197600.0
Nissan,Caravan E25 Short,2008,9500000.0,167480.0,
Nissan,Caravan GLL,1994,8250000.0,350000.0,
Nissan,Caravan GT Cruise,1995,8900000.0,275000.0,
Nissan,Caravan GX,2007,12000000.0,77000.0,
Nissan,Caravan High Roof,1993,6500000.0,250000.0,4520895.0
Nissan,Caravan High Roof,1996,2450000.0,200000.0,5203585.0
Nissan,Caravan High Roof,2002,11500000.0,100000.0,5356712.0
Nissan,Caravan High Roof E 24,1992,6500000.0,730000.0,
Nissan,Caravan Long,1988,5485000.0,250000.0,2166128.0
Nissan,Caravan Long,1990,1900000.0,220000.0,2304078.0
Nissan,Caravan Long,1994,7500000.0,200000.0,3306991.0
Nissan,Caravan Long,1995,5800000.0,180000.0,3305671.0
Nissan,Caravan Long Model,1996,9450000.0,105000.0,
Nissan,Caravan Nv350,2013,13200000.0,185000.0,
Nissan,Caravan QD 32,1998,8300000.0,600000.0,
Nissan,Caravan QD-32,1998,9350000.0,204000.0,
Nissan,Caravan QD32,1997,6300000.0,363408.0,
Nissan,Caravan QD32 VRGE24,2002,7700000.0,151000.0,
Nissan,Caravan Short,1991,6300000.0,345678.0,
Nissan,Caravan Super Long,1991,7775000.0,1111.0,8057314.0
Nissan,Caravan Super Long,1993,9200000.0,325800.0,8568640.0
Nissan,Caravan Super Long,1997,11975000.0,155000.0,8917737.0
Nissan,Caravan Super Long,1998,12187500.0,152500.0,8293692.0
Nissan,Caravan Super Long,2000,15500000.0,149500.0,8424387.0
Nissan,Caravan Super Long DRGE 24,1994,7990000.0,175000.0,
Nissan,Caravan TD27,1997,6400000.0,254000.0,
Nissan,Caravan TD27,1999,7400000.0,197450.0,
Nissan,Caravan VRGE24,1991,6600000.0,302523.0,
Nissan,Caravan VRMGE 24,1993,6050000.0,268088.0,
Nissan,Caravan VWGE 24,1999,2500000.0,123.0,
Nissan,Caravan VX,1987,5000000.0,150000.0,3239038.0
Nissan,Caravan VX,1992,6500000.0,556.0,5135258.0
Nissan,Caravan VX,1993,7350000.0,236.0,5091000.0
Nissan,Caravan VX,1999,9150000.0,176238.0,5768697.0
Nissan,Caravan VX GLL,1997,7350000.0,26579.0,
Nissan,Caravan VYG,1985,2850000.0,1.0,
Nissan,Caravan Vrg,1981,1575000.0,493745.0,1104227.0
Nissan,Caravan Vrg,1986,2875000.0,11111.0,1078042.0
Nissan,Caravan Vrge,1982,2230000.0,9000.0,
Nissan,Caravan Vx,1991,6900000.0,300000.0,4468246.0
Nissan,Caravan Vyge,1982,1234567.0,9000.0,
Nissan,Caravan ZD30,2011,12625000.0,207500.0,
Nissan,Carry,2023,4950000.0,8000.0,
Nissan,Cedric,1988,3000000.0,210000.0,2784496.0
Nissan,Cedric,1995,5275000.0,145000.0,4311143.0
Nissan,Cedric,1997,4650000.0,140.0,4816071.0
Nissan,Cedric,1998,6750000.0,86000.0,4591756.0
Nissan,Cedric Y32,1994,3300000.0,176000.0,
Nissan,Cedric Y34,1999,5500000.0,195000.0,
Nissan,Cefiro,1990,2200000.0,117000.0,2406431.0
Nissan,Cefiro,1995,1900000.0,176000.0,2883006.0
Nissan,Cefiro,1998,2175000.0,138000.0,3350738.0
Nissan,Cefiro,2000,3446429.0,139521.0,3435362.0
Nissan,Cefiro,2001,4075000.0,192000.0,3540720.0
Nissan,Cefiro,2002,3500000.0,111111.0,3599533.0
Nissan,Cefiro,2004,5000000.0,260000.0,3827952.0
Nissan,Cefiro 230JM,2004,5975000.0,158000.0,
Nissan,Cefiro A32,1998,2432500.0,155000.0,
Nissan,Cefiro A33,1999,875000.0,1234.0,3154559.0
Nissan,Cefiro A33,2000,3575000.0,188500.0,3157152.0
Nissan,Cefiro A33,2001,3500000.0,185000.0,3335919.0
Nissan,Cefiro A33,2002,2950000.0,250000.0,3582337.0
Nissan,Cefiro A33 20G,2000,3900000.0,185000.0,
Nissan,Cefiro Excimo,2001,3700000.0,12345.0,
Nissan,Cefiro J31,2005,7250000.0,152000.0,
Nissan,Cefiro J31,2006,6700000.0,170000.0,
Nissan,Cefiro J31 Model,2007,6250000.0,150000.0,
Nissan,Cefiro S Touring,2002,3950000.0,247600.0,
Nissan,Cefiro Teana J32,2010,11700000.0,192000.0,
Nissan,Cefiro Teana J32 250XV,2010,12000000.0,178000.0,
Nissan,Cherry Vanette,1981,1300000.0,131172.0,1309168.0
Nissan,Cherry Vanette,1982,1400000.0,200000.0,1274913.0
Nissan,Clipper,2006,3950000.0,127000.0,4423507.0
Nissan,Clipper,2007,4037500.0,214325.0,4508228.0
Nissan,Clipper,2008,4487500.0,140800.0,4824024.0
Nissan,Clipper,2009,3850000.0,230000.0,4907430.0
Nissan,Clipper,2010,4680000.0,106500.0,5189658.0
Nissan,Clipper,2011,5200000.0,85000.0,5205513.0
Nissan,Clipper,2013,5250000.0,115368.0,5240297.0
Nissan,Clipper,2014,5518750.0,109086.0,5342866.0
Nissan,Clipper,2015,5640556.0,102200.0,5370402.0
Nissan,Clipper,2016,5712500.0,102000.0,5330997.0
Nissan,Clipper,2017,5483000.0,70496.0,5402970.0
Nissan,Clipper,2018,5345000.0,50062.0,5716318.0
Nissan,Clipper,2019,5725000.0,92500.0,6567720.0
Nissan,Clipper,2023,7140000.0,13429.0,6545607.0
Nissan,Clipper,2024,7705455.0,3882.0,6921591.0
Nissan,Clipper,2025,8512500.0,600.0,7674632.0
Nissan,Clipper DA 17,2016,1800000.0,133000.0,
Nissan,Clipper DA17,2016,1800000.0,133000.0,
Nissan,Clipper DR64,2015,6000000.0,106690.0,
Nissan,Clipper DX NV100,2023,6875000.0,12000.0,
Nissan,Clipper Da17,2016,5750000.0,121000.0,
Nissan,Clipper Full Joint,2023,7525000.0,23642.0,
Nissan,Clipper GL,2024,7100000.0,1234.0,
Nissan,Clipper GL NV 100 DR 17V,2023,6950000.0,8000.0,
Nissan,Clipper GX,2024,8650000.0,1580.0,7990788.0
Nissan,Clipper GX,2025,7290000.0,4055.0,7892868.0
Nissan,Clipper NV 100,2012,4500000.0,115000.0,
Nissan,Clipper NV100,2016,4295000.0,123430.0,6343710.0
Nissan,Clipper NV100,2023,6575000.0,11775.0,6988182.0
Nissan,Clipper NV100 GX Safety,2024,7975000.0,5400.0,
Nissan,Clipper NV100 Safety,2019,5450000.0,114000.0,
Nissan,Clipper Nv 100,2015,5700000.0,118500.0,
Nissan,Clipper Nv 100,2016,5700000.0,52000.0,
Nissan,Clipper Nv100,2012,5000000.0,49800.0,6207165.0
Nissan,Clipper PA LIMITED,2024,7350000.0,250.0,
Nissan,Clipper PC,2024,7550000.0,4000.0,
Nissan,Clipper PC LTD,2024,7575000.0,5000.0,
Nissan,Clipper Rio,2024,9390000.0,11600.0,
Nissan,Clipper Rio Wagon,2023,8500000.0,16000.0,
Nissan,Clipper U71,2006,4000000.0,123000.0,
Nissan,Cube,1999,3300000.0,159173.0,
Nissan,Cube,2003,4800000.0,131000.0,
Nissan,Cube Z10,2001,4100000.0,168000.0,
Nissan,D-21 4X4,1988,4675000.0,700000.0,
Nissan,D21,1984,2250000.0,299999.0,3001465.0
Nissan,D21,1985,2300000.0,876000.0,3087953.0
Nissan,D21,1986,3175000.0,5000.0,3321777.0
Nissan,D21,1988,4530000.0,78901.0,3714062.0
Nissan,D21,1989,5350000.0,2222.0,4001024.0
Nissan,D21,1990,4112500.0,72562.0,3994245.0
Nissan,D21,1991,5220000.0,242070.0,4058719.0
Nissan,D21,1992,5075000.0,172839.0,4314751.0
Nissan,D21,1993,5766667.0,242782.0,4459006.0
Nissan,D21,1994,5700000.0,222222.0,4871829.0
Nissan,D21,1996,5937500.0,235000.0,5334753.0
Nissan,D21,1998,4600000.0,170000.0,5739785.0
Nissan,D21,1999,4650000.0,254000.0,5807623.0
Nissan,D21 4wd,1992,5150000.0,175643.0,
Nissan,D21 SINGLE CAB,1995,2650000.0,200000.0,
Nissan,D22,1997,5500000.0,239500.0,6755118.0
Nissan,D22,1998,6750000.0,253333.0,6247200.0
Nissan,D22,1999,6675000.0,375000.0,6237216.0
Nissan,D22,2001,7000000.0,300000.0,6462863.0
Nissan,D22,2002,6850000.0,195000.0,6576126.0
Nissan,D22,2004,8200000.0,290000.0,7195645.0
Nissan,D22,2005,7950000.0,165000.0,7172364.0
Nissan,D22,2008,8000000.0,218500.0,7094011.0
Nissan,D22,2011,8650000.0,290000.0,7812093.0
Nissan,D22,2012,4700000.0,175000.0,7849869.0
Nissan,D22 4WD,2011,8650000.0,180000.0,
Nissan,DASUM,1983,3200000.0,350000.0,
Nissan,DAYZ,2016,5450000.0,123000.0,6459483.0
Nissan,DAYZ,2017,6025000.0,81000.0,6402345.0
Nissan,DAYZ,2018,5575000.0,108763.0,6624882.0
Nissan,DAYZ B43W SAFETY,2023,7485000.0,9100.0,
Nissan,DAYZ G TURBO With Cruze Pro Pilot,2024,8900000.0,4000.0,
Nissan,DAYZ HIGHWAY STAR,2023,8175000.0,5550.0,7037606.0
Nissan,DAYZ HIGHWAY STAR PRO PILOT G TURBO,2023,8550000.0,11000.0,
Nissan,DAYZ Highway Star G Turbo Hybrid,2023,8150000.0,13500.0,
Nissan,DAYZ Highway Star X Propilot Edition,2025,10500000.0,250.0,
Nissan,DAYZ X GRADE,2023,7000000.0,45000.0,
Nissan,DAYZ X Grade,2023,7350000.0,12700.0,
Nissan,DAYZ X-LIMITED SAFETY,2023,7375000.0,9000.0,
Nissan,DAZY HIGH WAY STAR X,2023,7625000.0,41600.0,
Nissan,DBA-SC11,2012,5850000.0,150268.0,
Nissan,DUALIS,2007,5750000.0,160000.0,5959204.0
Nissan,Da17v,2017,5650000.0,68000.0,
Nissan,Dassun,1980,450000.0,65000.0,
Nissan,Datsun,1981,1500000.0,96239.0,1266187.0
Nissan,Datsun,1982,1833333.0,105803.0,1231931.0
Nissan,Datsun,1983,1072500.0,147894.0,1208655.0
Nissan,Datsun,1984,2500000.0,240500.0,1189911.0
Nissan,Datsun,1985,1675000.0,264386.0,1207480.0
Nissan,Datsun 720,1983,1985000.0,180000.0,
Nissan,Datsun B310,1995,500000.0,8888.0,
Nissan,Dayz,2015,5928000.0,91153.0,6095364.0
Nissan,Dayz,2016,5883333.0,87517.0,5997007.0
Nissan,Dayz,2017,5720000.0,73798.0,5962083.0
Nissan,Dayz,2018,6070000.0,61340.0,6055332.0
Nissan,Dayz,2019,6246667.0,90967.0,6819853.0
Nissan,Dayz,2022,7600000.0,20663.0,6884250.0
Nissan,Dayz,2023,7514286.0,8070.0,6941033.0
Nissan,Dayz,2024,8400000.0,6825.0,7303590.0
Nissan,Dayz,2025,7075000.0,10000.0,7623615.0
Nissan,Dayz B44W Highway Star X,2023,7000000.0,20000.0,
Nissan,Dayz Bolero,2017,6275000.0,58000.0,
Nissan,Dayz Brown Top,2024,7750000.0,11000.0,
Nissan,Dayz Hightway Star Hybrid,2023,8600000.0,14531.0,
Nissan,Dayz Highway Star,2015,5750000.0,100000.0,6555348.0
Nissan,Dayz Highway Star,2016,5990000.0,69408.0,6395842.0
Nissan,Dayz Highway Star,2017,6275000.0,118000.0,6338704.0
Nissan,Dayz Highway Star,2018,6075000.0,143500.0,6523670.0
Nissan,Dayz Highway Star,2023,7850000.0,50500.0,7037606.0
Nissan,Dayz Highway Star,2024,8397500.0,6550.0,7272126.0
Nissan,Dayz Highway Star G Pro Pilot Turbo,2023,8950000.0,4000.0,
Nissan,Dayz Highway Star G Turbo Propilot,2023,8950000.0,7000.0,
Nissan,Dayz Highway Star Grade 6,2024,8250000.0,4400.0,
Nissan,Dayz Highway Star Highest,2019,6475000.0,82000.0,
Nissan,Dayz Highway Star Highest Spec,2019,6475000.0,81000.0,
Nissan,Dayz Highway Star PROPILOT,2023,8190000.0,900.0,
Nissan,Dayz Highway Star PrPilot,2024,8950000.0,300.0,
Nissan,Dayz Highway Star Pro Pilot,2023,8183333.0,9333.0,8529011.0
Nissan,Dayz Highway Star Pro Pilot,2025,8700000.0,1500.0,8469639.0
Nissan,Dayz Highway Star Pro Pilot Hybrid,2023,8950000.0,5000.0,
Nissan,Dayz Highway Star Propilot Hybrid,2024,8950000.0,3000.0,
Nissan,Dayz Highway Star S-Hybrid Safety,2023,7790000.0,3600.0,
Nissan,Dayz Highway Star X,2024,8650000.0,6100.0,
Nissan,Dayz Highway Star X,2025,7600000.0,5000.0,
Nissan,Dayz Highway Star X Grade,2024,8695000.0,5443.0,
Nissan,Dayz Highway Star X Propilot,2025,7700000.0,4000.0,
Nissan,Dayz Highway Star X Propilot Edition,2023,8200000.0,7300.0,
Nissan,Dayz Highway Star X S-Hybrid,2024,8600000.0,1600.0,
Nissan,Dayz Highway Star XS Hybrid,2024,8150000.0,7000.0,
Nissan,Dayz Hybrid,2024,3200000.0,15500.0,
Nissan,Dayz Roox,2017,2175000.0,72400.0,
Nissan,Dayz Safety,2017,1300000.0,141400.0,6464763.0
Nissan,Dayz Safety,2023,8090000.0,5450.0,6383045.0
Nissan,Dayz Turbo Pro Pilot,2024,8370000.0,2432.0,
Nissan,Dayz X,2023,7437500.0,11000.0,8116023.0
Nissan,Dayz X,2024,7300000.0,2200.0,8096427.0
Nissan,Dayz X Grade,2025,8250000.0,1800.0,
Nissan,Dayz X Grade Safety,2024,7847500.0,15000.0,
Nissan,Dayz X Highway Star Pro Pilot,2024,1495000.0,1.0,
Nissan,Dayz X Limited,2024,7500000.0,1850.0,
Nissan,Dcab,1981,2200000.0,214726.0,
Nissan,Doctor Sunny,1982,950000.0,12580.0,1106255.0
Nissan,Doctor Sunny,1990,2220000.0,107985.0,1530642.0
Nissan,Doctor Sunny,1993,2187500.0,190000.0,2132645.0
Nissan,Doctor Sunny,1994,2230000.0,750.0,2160920.0
Nissan,Doctor Sunny B13,1992,2025000.0,300000.0,
Nissan,Doctor Sunny B13,1993,1685000.0,300000.0,
Nissan,Doctor Sunny FB13,1991,2275000.0,224242.0,
Nissan,Doctor Sunny FB13,1992,2175000.0,171456.0,
Nissan,Doctor Sunny Super Saloon FB13,1993,2375000.0,235000.0,
Nissan,Double Cab,1980,1690000.0,125000.0,1531025.0
Nissan,Double Cab,1981,1650000.0,2000.0,1531025.0
Nissan,Double Cab,1985,1675000.0,8888.0,1532436.0
Nissan,Double Cab Superb Condition,1980,1690000.0,125000.0,
Nissan,Dualis,2007,6100000.0,194000.0,5959204.0
Nissan,Dualis,2008,6390000.0,75400.0,5988821.0
Nissan,E Power,2017,7900000.0,98000.0,
Nissan,E2 Caravan,2016,4000000.0,160000.0,
Nissan,E24,1993,7100000.0,250000.0,
Nissan,E25,2001,2175000.0,69000.0,8751793.0
Nissan,E25,2002,9700000.0,187485.0,8817876.0
Nissan,E25,2003,8950000.0,205556.0,9550551.0
Nissan,E25,2004,9816667.0,241667.0,9488339.0
Nissan,E25,2005,9441667.0,107819.0,9566688.0
Nissan,E25,2006,9937500.0,144775.0,9834922.0
Nissan,E25,2007,9294444.0,138855.0,10012197.0
Nissan,E25,2008,9425000.0,225000.0,9158716.0
Nissan,E25,2011,9000000.0,180000.0,10088103.0
Nissan,E25 GX,2005,10500000.0,168000.0,
Nissan,E25 QD32,2003,7990000.0,380000.0,
Nissan,E25 Short Model,2005,8325000.0,160.0,
Nissan,E25 Uravan,2004,9800000.0,278000.0,
Nissan,EA32,1996,3200000.0,150000.0,
Nissan,EX Saloon FB15,1999,4300000.0,168000.0,
Nissan,EX Saloon FB15,2002,4350000.0,183000.0,
Nissan,EX Saloon N17,2008,4850000.0,176040.0,
Nissan,Emboss,1994,4850000.0,200000.0,
Nissan,Env200,2014,9600000.0,155000.0,
Nissan,Every DA17 Join GX,2024,7590000.0,7000.0,
Nissan,Ex Saloon,1998,3400000.0,162000.0,3326146.0
Nissan,Ex Saloon,1999,3800000.0,175000.0,3408176.0
Nissan,Ex Saloon,2001,4100000.0,316912.0,3516128.0
Nissan,Ex Saloon,2002,4900000.0,140000.0,3579819.0
Nissan,Ex Saloon,2003,4900000.0,65000.0,3762705.0
Nissan,Ex Saloon N16,2001,4350000.0,168000.0,
Nissan,F 13,1991,2300000.0,100000.0,
Nissan,FB 40,1999,3100000.0,22222.0,
Nissan,FB Sunny,1993,1780000.0,86547.0,
Nissan,FB12,1986,1550000.0,190000.0,1200972.0
Nissan,FB12,1987,1765000.0,195000.0,1280225.0
Nissan,FB12,1988,1612500.0,69226.0,1371738.0
Nissan,FB12 Trad Sunny,1987,1600000.0,400000.0,
Nissan,FB12 Trad Sunny,1989,1800000.0,180536.0,
Nissan,FB13,1990,2341250.0,217674.0,1425048.0
Nissan,FB13,1991,2210000.0,98132.0,1636028.0
Nissan,FB13,1992,1795714.0,140909.0,1751640.0
Nissan,FB13,1993,2147500.0,147086.0,1703442.0
Nissan,FB13,1994,2396000.0,161046.0,1731717.0
Nissan,FB13,1997,2000000.0,12345.0,2255611.0
Nissan,FB13 Anniversary,1983,27750000.0,277015.0,1312483.0
Nissan,FB13 Anniversary,1990,2390000.0,160000.0,1926254.0
Nissan,FB13 Anniversary,1991,2150000.0,203431.0,2169930.0
Nissan,FB13 Anniversary,1996,2700000.0,189610.0,2354844.0
Nissan,FB13 Anniversary Model,1993,2825000.0,123456.0,
Nissan,FB13 Doctor Sunny,1990,2250000.0,252800.0,1719482.0
Nissan,FB13 Doctor Sunny,1991,2233333.0,118375.0,1968149.0
Nissan,FB13 Doctor Sunny,1992,2520000.0,150000.0,2248997.0
Nissan,FB13 Doctor Sunny,1993,1387500.0,43672.0,2222986.0
Nissan,FB13 Doctor Sunny,1994,2075000.0,168000.0,2251261.0
Nissan,FB13 Doctor Sunny,1995,2450000.0,250000.0,2244236.0
Nissan,FB13 Ex Saloon,1994,2275000.0,300000.0,
Nissan,FB13 Sunny Anniversary,1991,2625000.0,268248.0,
Nissan,FB13 Sunny EX Saloon,1993,2085000.0,27500.0,
Nissan,FB13 Super Saloon,1992,2425000.0,210000.0,
Nissan,FB13 Super Saloon Doctor Sunny,1990,2150000.0,220.0,
Nissan,FB13 Super Saloon Doctor Sunny,1991,1990000.0,250000.0,
Nissan,FB14,1984,2700000.0,290000.0,1754761.0
Nissan,FB14,1989,2800000.0,206000.0,2301345.0
Nissan,FB14,1994,2525000.0,260587.0,2656542.0
Nissan,FB14,1995,2551364.0,159908.0,2651467.0
Nissan,FB14,1996,3021000.0,179448.0,2629665.0
Nissan,FB14,1997,3093043.0,184928.0,3091112.0
Nissan,FB14,1998,3298182.0,212048.0,3239063.0
Nissan,FB14,1999,3329000.0,188222.0,3296945.0
Nissan,FB14,2000,3575000.0,145250.0,3359008.0
Nissan,FB14,2003,4075000.0,126700.0,3592894.0
Nissan,FB14 EX SALOON,1996,3100000.0,61000.0,
Nissan,FB14 EX Saloon,1997,3100000.0,211000.0,
Nissan,FB14 EX Saloon,1999,3225000.0,200000.0,
Nissan,FB14 Ex Saloon,1998,3250000.0,150000.0,
Nissan,FB14 Ex Saloon,1999,3090000.0,200000.0,
Nissan,FB14 Splend,1997,3325000.0,159000.0,
Nissan,FB14 Sunny,1994,23750000.0,165000.0,
Nissan,FB14 Sunny EX Saloon,1997,3290000.0,245000.0,
Nissan,FB14 Super Saloon,1995,2900000.0,223500.0,2832943.0
Nissan,FB14 Super Saloon,1996,3278333.0,171311.0,2922751.0
Nissan,FB14 Super Saloon,1997,3537500.0,148000.0,3294292.0
Nissan,FB14 Super Saloon,1998,3355000.0,172500.0,3244830.0
Nissan,FB14 Super Saloon,1999,3475000.0,235000.0,3326861.0
Nissan,FB15,1998,4016667.0,132425.0,3674084.0
Nissan,FB15,1999,3727609.0,188887.0,3747246.0
Nissan,FB15,2000,3991833.0,162587.0,3794103.0
Nissan,FB15,2001,4274474.0,168496.0,4015894.0
Nissan,FB15,2002,4592143.0,156293.0,4079585.0
Nissan,FB15,2003,4749211.0,155352.0,4249789.0
Nissan,FB15,2004,4567000.0,160346.0,4261836.0
Nissan,FB15,2005,4516667.0,205862.0,4282890.0
Nissan,FB15,2006,2672500.0,162500.0,4241799.0
Nissan,FB15,2007,4590000.0,179000.0,4263027.0
Nissan,FB15 ECO MODE,1999,4000000.0,189000.0,
Nissan,FB15 EX SALOON,2000,4150000.0,151750.0,3635402.0
Nissan,FB15 EX Saloon,1999,4012500.0,170000.0,3620819.0
Nissan,FB15 EX Saloon,2000,4000000.0,150000.0,3635402.0
Nissan,FB15 EX Saloon,2001,3990000.0,150.0,3770885.0
Nissan,FB15 EX Saloon,2002,4750000.0,194000.0,3834577.0
Nissan,FB15 EX Saloon,2003,4850000.0,180000.0,4121106.0
Nissan,FB15 Eco,2000,3890000.0,200000.0,
Nissan,FB15 Eco,2002,4000000.0,220000.0,
Nissan,FB15 Ex,2000,4175000.0,184915.0,
Nissan,FB15 Ex,2002,4700000.0,145000.0,
Nissan,FB15 Ex Saloon,1999,3825000.0,171974.0,3620819.0
Nissan,FB15 Ex Saloon,2000,4216667.0,189417.0,3635402.0
Nissan,FB15 Ex Saloon,2001,4366667.0,156000.0,3770885.0
Nissan,FB15 Ex Saloon,2002,4550000.0,185000.0,3834577.0
Nissan,FB15 Ex Saloon,2003,4858333.0,122860.0,4121106.0
Nissan,FB15 Ex Saloon,2004,4200000.0,219600.0,4151079.0
Nissan,FB15 JAPAN,2006,4675000.0,132000.0,
Nissan,FB15 SHELL JAPAN,2006,4675000.0,132000.0,
Nissan,FB15 SUPER SALOON,1998,3600000.0,154000.0,4000560.0
Nissan,FB15 SUPER SALOON,2000,4300000.0,185000.0,4097173.0
Nissan,FB15 Sper Saloon Splend,2000,4150000.0,167224.0,
Nissan,FB15 Splend,2003,4250000.0,110000.0,
Nissan,FB15 Sunny,1999,4250000.0,208569.0,3879508.0
Nissan,FB15 Sunny,2000,4175000.0,176258.0,3894090.0
Nissan,FB15 Sunny,2001,4720000.0,120000.0,4031374.0
Nissan,FB15 Super,2004,4650000.0,200000.0,
Nissan,FB15 Super Saloon,1998,2975000.0,150000.0,4262377.0
Nissan,FB15 Super Saloon,1999,4250000.0,200000.0,4344408.0
Nissan,FB15 Super Saloon,2000,4314615.0,189633.0,4361840.0
Nissan,FB15 Super Saloon,2001,4365000.0,185602.0,4480009.0
Nissan,FB15 Super Saloon,2002,4500000.0,112000.0,4543701.0
Nissan,FB15 Super Saloon,2003,5096250.0,145980.0,5011933.0
Nissan,FB15 Super Saloon,2004,4290000.0,243.0,5014090.0
Nissan,FB15 Super Saloon,2005,4850000.0,228000.0,5035145.0
Nissan,FB15 Super Saloon,2006,4850000.0,227000.0,5066581.0
Nissan,FB15 Super Saloon SPLEND,2000,3950000.0,169000.0,
Nissan,FB15EX Saloon,1999,3950000.0,202100.0,
Nissan,G TURBO,2023,8600000.0,5000.0,
Nissan,G11,2007,6500000.0,130000.0,
Nissan,GC-SK82VN,2022,6000000.0,225000.0,
Nissan,HB 14,1997,2550000.0,120000.0,
Nissan,HB11,1984,1005000.0,143422.0,1223439.0
Nissan,HB11,1985,1215000.0,187635.0,1235171.0
Nissan,HB11 California,1984,890000.0,200000.0,
Nissan,HB11 Long Buffer,1985,1095000.0,100000.0,
Nissan,HB11 Sunny Long Buffer,1984,1175000.0,67900.0,
Nissan,HB12,1986,2150000.0,240546.0,1380356.0
Nissan,HB12,1987,1630000.0,159911.0,1459609.0
Nissan,HB12,1990,1650000.0,142500.0,1731264.0
Nissan,HB12 Trad Sunny,1987,1000000.0,123.0,
Nissan,HB310,1979,790000.0,111111.0,716745.0
Nissan,HB310,1982,700000.0,246123.0,697311.0
Nissan,HB310,1983,940000.0,95000.0,660723.0
Nissan,HB310,1984,595000.0,100000.0,623507.0
Nissan,HB310,1989,745000.0,100000.0,792409.0
Nissan,HIGH WAR STAR G TURBO,2023,8700000.0,5000.0,
Nissan,Hb11,1983,650000.0,241527.0,1219333.0
Nissan,Hb11,1984,1125000.0,111221.0,1223439.0
Nissan,Hb11,1985,1300000.0,225000.0,1235171.0
Nissan,Hb12 Trad Sunny Wagon,1987,1375000.0,100000.0,
Nissan,Hb15,2002,3700000.0,200000.0,
Nissan,Hb310,1980,1043333.0,12982.0,716745.0
Nissan,Highway Dayz Safety,2016,6300000.0,102224.0,
Nissan,Highway Star X Import,2024,7850000.0,3000.0,
Nissan,Juke,2010,7950000.0,136000.0,8009104.0
Nissan,Juke,2011,7200000.0,116000.0,8550679.0
Nissan,Juke,2012,7250000.0,144000.0,8897699.0
Nissan,Juke,2013,6900000.0,158000.0,9208347.0
Nissan,Juke,2020,12850000.0,44500.0,9763737.0
Nissan,Juke F 16,2020,13500000.0,25000.0,
Nissan,Juke Safety UK,2020,14275000.0,61000.0,
Nissan,K-12,2004,3900000.0,188000.0,
Nissan,K10,1986,1215000.0,202500.0,1379781.0
Nissan,K10,1987,1250000.0,100000.0,1459034.0
Nissan,K10,1990,1370000.0,165699.0,1869296.0
Nissan,K12 March,2002,3490000.0,142000.0,
Nissan,K13 Sports,2010,5800000.0,157000.0,
Nissan,KICKSXSTYLE EDITION PRO PILOT,2024,14400000.0,8000.0,
Nissan,LAFESTA HIGHWAY STAR,2013,8800000.0,125000.0,
Nissan,LEAF,2015,5500000.0,65000.0,6458777.0
Nissan,LEAF AZE0,2014,6500000.0,90000.0,
Nissan,LEAF AZEO,2012,5150000.0,103000.0,6040133.0
Nissan,LH13,1988,600000.0,1234.0,
Nissan,LUCINO FB14,1995,2595000.0,274015.0,
Nissan,Largo,1987,2125000.0,143000.0,1439345.0
Nissan,Largo,1988,1425000.0,182500.0,1515260.0
Nissan,Largo,1989,2141667.0,173104.0,1576267.0
Nissan,Largo,1991,1765000.0,259190.0,2472541.0
Nissan,Largo,1992,1850000.0,150563.0,2991100.0
Nissan,Largo,1994,2725000.0,32656.0,2990544.0
Nissan,Largo Highway Star,1997,4700000.0,200000.0,
Nissan,Largo Vanette,1994,4200000.0,111111.0,
Nissan,Largo Vanette,1995,2650000.0,200000.0,
Nissan,Laurel Crown,1989,1300000.0,123.0,
Nissan,Leaf,2012,5525000.0,95413.0,5665447.0
Nissan,Leaf,2013,5988333.0,111897.0,5692661.0
Nissan,Leaf,2014,6325000.0,128024.0,6023352.0
Nissan,Leaf,2015,6237500.0,70647.0,6092389.0
Nissan,Leaf,2018,11600000.0,580000.0,6321042.0
Nissan,Leaf AZ,2012,4500000.0,140000.0,
Nissan,Leaf AZE0,2008,6950000.0,109000.0,
Nissan,Leaf AZE0,2013,4750000.0,44000.0,
Nissan,Leaf AZE0 UK,2014,6000000.0,102000.0,
Nissan,Leaf AZEO,2012,4750000.0,78500.0,6040133.0
Nissan,Leaf AZEO,2013,7174999.0,79000.0,6513274.0
Nissan,Leaf AZEO,2014,4925000.0,72900.0,6936103.0
Nissan,Leaf AZEO G Grade,2013,4675000.0,86000.0,
Nissan,Leaf AZEO X Grade,2014,6400000.0,73000.0,
Nissan,Leaf Acenta UK,2013,4750000.0,124966.0,
Nissan,Leaf Aero Style,2014,7500000.0,85000.0,
Nissan,Leaf Azeo,2013,5550000.0,150000.0,6513274.0
Nissan,Leaf Azeo,2014,7800000.0,70000.0,6936103.0
Nissan,Leaf Azeo Nismo Version G Grade,2013,5750000.0,90000.0,
Nissan,Leaf G,2013,12600000.0,85000.0,
Nissan,Leaf G,2014,6350000.0,132000.0,
Nissan,Leaf G Grade,2013,5000000.0,120000.0,
Nissan,Leaf G Grade,2014,7425000.0,55600.0,
Nissan,Leaf UK,2016,5650000.0,100000.0,
Nissan,Leaf X V Selection,2024,16995000.0,15000.0,
Nissan,Leaf ZE1,2022,13500000.0,26000.0,
Nissan,Leaf ZEO UK G Grade,2013,5425000.0,117000.0,
Nissan,Leaf Ze1 UK Tekna,2018,12500000.0,98000.0,
Nissan,Lh 20,1983,1090000.0,1111.0,
Nissan,Lion Face,2002,5800000.0,123456.0,6979312.0
Nissan,Lion Face,2007,7250000.0,156000.0,7426903.0
Nissan,Lion Face,2014,7350000.0,165000.0,7974211.0
Nissan,Lion Face,2015,8000000.0,150000.0,7903072.0
Nissan,Lion Face Vanette,2002,6375000.0,243612.0,
Nissan,Liteace Cm36,1990,3140000.0,220.0,
Nissan,MAGNITE ACCENTA,2025,8100000.0,50.0,
Nissan,MAGNITE CVT TURBO,2025,9950000.0,200.0,
Nissan,MAGNITE TEKNA EZ-SHIFT,2025,9200000.0,50.0,
Nissan,MAGNITE TEKNA EZSHIFT,2025,9200000.0,60.0,
Nissan,MAGNITE TEKNA PLUS EZ-SHIFT,2025,9162500.0,75.0,9801515.0
Nissan,MAGNITE Tekna Plus,2025,8950000.0,2000.0,
Nissan,MARCH,1998,3200000.0,141518.0,3116033.0
Nissan,MARCH,1999,3365000.0,162324.0,3198064.0
Nissan,MARCH,2001,3507500.0,129358.0,3401271.0
Nissan,MARCH AK12 INTERLIGENT KEYS,2011,4495000.0,132000.0,
Nissan,MARCH BEETLE AK12,2003,3550000.0,143000.0,
Nissan,MARCH K10,1986,1225000.0,182000.0,1140491.0
Nissan,MARCH K11,1993,2475000.0,150000.0,2851525.0
Nissan,MARCH K11,1998,3150000.0,165000.0,3279671.0
Nissan,MARCH K11,2001,3387500.0,150000.0,3555137.0
Nissan,MARCH K11,2002,3650000.0,174000.0,3740142.0
Nissan,MARCH K11,2003,3350000.0,154000.0,4088874.0
Nissan,MARCH K11,2004,3320000.0,96000.0,4118847.0
Nissan,MARCH K11 CRYSTAL,2000,2875000.0,187000.0,
Nissan,MARCH K12,2002,3695000.0,157033.0,4274885.0
Nissan,MARCH K12,2003,3475000.0,161000.0,4506792.0
Nissan,MARCH K12,2008,5500000.0,74000.0,5072855.0
Nissan,MOCO,2015,5575000.0,152200.0,
Nissan,Magnite,2025,8784000.0,3187.0,9514504.0
Nissan,Magnite Accenta,2025,7875000.0,3135.0,
Nissan,Magnite N Connecta CVT Turbo,2025,9650000.0,6400.0,
Nissan,Magnite Tekna,2025,9100000.0,4700.0,
Nissan,Magnite Tekna AMT ACCENTA,2025,7900000.0,5000.0,
Nissan,Magnite Tekna CVT Turbo,2025,9850000.0,10.0,
Nissan,Magnite Tekna Plus,2025,8887500.0,6150.0,
Nissan,Magnite Tekna Plus CVT Turbo,2025,9900000.0,3100.0,
Nissan,Magnite Tekna Plus EZ-Shift,2025,8650000.0,750.0,9801515.0
Nissan,March,1990,1225000.0,225.0,2037845.0
Nissan,March,1992,1895000.0,334900.0,2148969.0
Nissan,March,1993,2500000.0,10000.0,2293685.0
Nissan,March,1995,14825000.0,189035.0,2288549.0
Nissan,March,1996,2800000.0,179000.0,2345137.0
Nissan,March,1997,2686000.0,72074.0,2651737.0
Nissan,March,1999,2957500.0,138645.0,2862155.0
Nissan,March,2000,3985556.0,231256.0,2932138.0
Nissan,March,2001,3310000.0,134980.0,3172167.0
Nissan,March,2002,3088800.0,172796.0,3234475.0
Nissan,March,2004,3703333.0,103333.0,3409676.0
Nissan,March,2005,3950000.0,127378.0,3460954.0
Nissan,March,2006,3190000.0,87000.0,3488388.0
Nissan,March,2007,3735000.0,139170.0,3523594.0
Nissan,March,2008,4550000.0,144800.0,3737652.0
Nissan,March,2009,5100000.0,114000.0,3915434.0
Nissan,March,2010,4602500.0,148000.0,4137175.0
Nissan,March AK11,1998,2750000.0,16500.0,
Nissan,March AK11,2002,3125000.0,135000.0,
Nissan,March AK11 Rumba Limited Edition,1999,3625000.0,211000.0,
Nissan,March AK12,2002,3822500.0,138890.0,3856358.0
Nissan,March AK12,2003,3706250.0,148892.0,4115153.0
Nissan,March AK12,2004,3575000.0,175000.0,4127200.0
Nissan,March AK12,2007,4562500.0,125000.0,4176078.0
Nissan,March AK12,2008,4695000.0,130324.0,4573194.0
Nissan,March AK12,2010,4695000.0,117500.0,4949371.0
Nissan,March AK12 LIMITED,2008,4700000.0,136000.0,
Nissan,March AK12 Limited,2007,4690000.0,109000.0,
Nissan,March Ak11,2000,3487500.0,180900.0,
Nissan,March Ak12,2003,3900000.0,178000.0,4115153.0
Nissan,March Ak12,2007,4275000.0,107003.0,4176078.0
Nissan,March Ak12,2008,4500000.0,177000.0,4573194.0
Nissan,March Beetle AK12,2003,3600000.0,147000.0,
Nissan,March HK11,1998,3100000.0,75000.0,
Nissan,March K10,1986,1098333.0,159944.0,1140491.0
Nissan,March K10,1987,1376667.0,68334.0,1219744.0
Nissan,March K10,1989,1317500.0,163364.0,1343234.0
Nissan,March K10,1990,1500000.0,21346.0,1538820.0
Nissan,March K10,1991,1335000.0,123.0,1930096.0
Nissan,March K10,1993,1020000.0,80000.0,2277909.0
Nissan,March K10,1994,1825000.0,194000.0,2306184.0
Nissan,March K10 Sport,1990,1212500.0,25344.0,
Nissan,March K11,1992,2550000.0,2.0,2592881.0
Nissan,March K11,1993,2412500.0,238649.0,2743098.0
Nissan,March K11,1995,2770600.0,161200.0,2734118.0
Nissan,March K11,1996,2731000.0,111235.0,2726869.0
Nissan,March K11,1997,2713750.0,210000.0,2981958.0
Nissan,March K11,1998,2650000.0,121000.0,2977883.0
Nissan,March K11,1999,3008333.0,171772.0,3069595.0
Nissan,March K11,2000,3132588.0,123659.0,3117685.0
Nissan,March K11,2001,3193261.0,145073.0,3291390.0
Nissan,March K11,2002,3380000.0,182501.0,3476395.0
Nissan,March K11,2003,3268333.0,165333.0,3752310.0
Nissan,March K11,2004,3195000.0,159951.0,3756807.0
Nissan,March K11,2021,3400000.0,165000.0,6188070.0
Nissan,March K11 Collect,1997,2895000.0,115000.0,
Nissan,March K11 Prefacelit,1994,2650000.0,170000.0,
Nissan,March K12,2002,3555385.0,152945.0,4119762.0
Nissan,March K12,2003,3879167.0,110766.0,4357385.0
Nissan,March K12,2004,3816250.0,150863.0,4376191.0
Nissan,March K12,2005,450000.0,160000.0,4367225.0
Nissan,March K12,2007,4268750.0,134854.0,4391905.0
Nissan,March K12,2008,4765000.0,120141.0,4888492.0
Nissan,March K12,2009,4250000.0,115000.0,4967305.0
Nissan,March K12,2010,5250000.0,86000.0,5114163.0
Nissan,March K12,2011,4200000.0,110000.0,5139526.0
Nissan,March K12 Generation,2006,1475000.0,1234.0,
Nissan,March K13,2010,4900000.0,107000.0,
Nissan,March WA K11,2000,3335000.0,175000.0,
Nissan,March WAK11,2000,3100000.0,267000.0,
Nissan,Moco,2015,5622500.0,142500.0,
Nissan,Model B13,1992,2400000.0,150000.0,
Nissan,Murano SL,2004,4980000.0,116000.0,
Nissan,N16,1999,1350000.0,270000.0,3539120.0
Nissan,N16,2000,3639524.0,185125.0,3552349.0
Nissan,N16,2001,4113750.0,171763.0,3755434.0
Nissan,N16,2002,3780556.0,215383.0,3819125.0
Nissan,N16,2003,4155556.0,170945.0,3965081.0
Nissan,N16,2004,3587500.0,175500.0,3977128.0
Nissan,N16,2005,4433333.0,131667.0,3984161.0
Nissan,N16,2006,4500000.0,178000.0,4003415.0
Nissan,N16,2007,4763333.0,185697.0,4026005.0
Nissan,N16 Bluebird,2000,4500000.0,195000.0,
Nissan,N16 Bluebird SYLPHY QG 10,2001,4590000.0,225000.0,
Nissan,N16 Bluebird Sylphy,2001,3800000.0,290000.0,
Nissan,N16 Bluebird Sylphy FG10,2001,4690000.0,189000.0,
Nissan,N16 Bluebird Sylphy Super Saloon,2002,4750000.0,107000.0,
Nissan,N16 Bluebird Sylphy TA-FG10,2003,4625000.0,198000.0,
Nissan,N16 EX Saloon,2001,4046667.0,161667.0,3934603.0
Nissan,N16 EX Saloon,2002,4275000.0,155000.0,3998295.0
Nissan,N16 Ex Saloon,2000,3650000.0,190000.0,3795314.0
Nissan,N16 Ex Saloon,2001,4390000.0,184000.0,3934603.0
Nissan,N16 FG10,2001,4290000.0,144000.0,
Nissan,N16 Luxury Edition,2007,4900000.0,193000.0,
Nissan,N16 N17,2003,4150000.0,167100.0,
Nissan,N16 N17,2004,4290000.0,180000.0,
Nissan,N16 N17 Super Saloon,2004,4325000.0,198000.0,
Nissan,N16 SUPER SALOON,2004,4450000.0,185000.0,4017303.0
Nissan,N16 SYLPHY,2000,4900000.0,158000.0,3931581.0
Nissan,N16 Sunny,2000,4287000.0,193391.0,4132594.0
Nissan,N16 Sunny,2001,4524000.0,140000.0,4213583.0
Nissan,N16 Sunny,2002,4427500.0,134720.0,4263274.0
Nissan,N16 Sunny,2003,4575000.0,157000.0,4519647.0
Nissan,N16 Sunny,2004,4300000.0,350000.0,4531694.0
Nissan,N16 Sunny,2007,4300000.0,160000.0,4609304.0
Nissan,N16 Sunny,2008,4990000.0,283000.0,4858563.0
Nissan,N16 Sunny Bluebird Sylphy,2000,4100000.0,178000.0,
Nissan,N16 Sunny Ex Saloon,2000,3600000.0,226000.0,
Nissan,N16 Sunny N17,2003,4200000.0,172000.0,
Nissan,N16 Sunny N17,2008,4990000.0,91000.0,
Nissan,N16 Sunny N17 Shape,2012,5375000.0,148000.0,
Nissan,N16 Super Saloon,2000,3915000.0,167400.0,3521588.0
Nissan,N16 Super Saloon,2001,4246667.0,173333.0,3659992.0
Nissan,N16 Super Saloon,2002,4325000.0,274000.0,3723683.0
Nissan,N16 Super Saloon,2004,5000000.0,160000.0,4017303.0
Nissan,N16 Super Saloon,2006,4850000.0,180000.0,4069203.0
Nissan,N16 Super Saloon,2023,5000000.0,180000.0,7662990.0
Nissan,N16 Sylphy,2000,4287500.0,90504.0,3931581.0
Nissan,N16 Sylphy,2003,5250000.0,143000.0,4410215.0
Nissan,N16 Sylphy,2004,3950000.0,167000.0,4434119.0
Nissan,N17,2003,4350000.0,230000.0,4972859.0
Nissan,N17,2004,4228750.0,233000.0,5002832.0
Nissan,N17,2005,4790000.0,192520.0,5032460.0
Nissan,N17,2007,4850000.0,188000.0,5409286.0
Nissan,N17,2008,4862500.0,188000.0,5576370.0
Nissan,N17,2010,6200000.0,150000.0,5695186.0
Nissan,N17,2011,5950000.0,194000.0,5901929.0
Nissan,N17,2012,5350000.0,90000.0,6039006.0
Nissan,N17 FG10,2004,4995000.0,303500.0,
Nissan,N17 SUPER SALOON,2004,4575000.0,172000.0,4645520.0
Nissan,N17 Sunny,2007,4850000.0,110.0,
Nissan,N17 Sunny Super Saloon,2003,4350000.0,160960.0,
Nissan,N17 Super Saloon,2003,4375000.0,180000.0,4633473.0
Nissan,N17 Super Saloon,2004,4493333.0,204764.0,4645520.0
Nissan,N17 Super Saloon,2008,5390000.0,143225.0,5111192.0
Nissan,N17 Super Saloon,2011,5100000.0,134000.0,5554141.0
Nissan,N17FG 10,2003,4985000.0,148000.0,
Nissan,NAVARA,2005,5800000.0,163000.0,6282098.0
Nissan,NAVARA,2007,6681667.0,164169.0,6415004.0
Nissan,NAVARA,2008,4400002.0,167000.0,6424823.0
Nissan,NAVARA,2010,6100000.0,123.0,6678726.0
Nissan,NAVARA DC AVENTURA,2013,2285000.0,120000.0,
Nissan,NAVARA DC DCI,2006,7325000.0,123456.0,
Nissan,NOTE E-power,2017,8450000.0,107000.0,
Nissan,NOTE Sports,2017,8450000.0,106000.0,
Nissan,NT100 Carry,2023,4890000.0,8600.0,
Nissan,NT30,2005,7250000.0,189650.0,
Nissan,NV 100,2008,4050000.0,161896.0,4909454.0
Nissan,NV 100,2012,4100000.0,136953.0,5449066.0
Nissan,NV 100,2013,4500000.0,195238.0,5540305.0
Nissan,NV 100,2014,5087500.0,136690.0,6249129.0
Nissan,NV 100,2016,5875000.0,91000.0,5947378.0
Nissan,NV 100,2018,5950000.0,85650.0,6170428.0
Nissan,NV 100 CLIPPER RIO,2023,8600000.0,600000.0,
Nissan,NV 100 Clipper,2023,7095000.0,5700.0,
Nissan,NV100,2017,7350000.0,62000.0,7696257.0
Nissan,NV100,2018,2185000.0,120000.0,8005994.0
Nissan,NV100,2025,7350000.0,35.0,7900531.0
Nissan,NV200,2009,8180000.0,183360.0,8256090.0
Nissan,NV200,2011,8950000.0,120000.0,9047197.0
Nissan,NV200,2012,8975000.0,77204.0,9402162.0
Nissan,NV200,2013,9800000.0,119416.0,9780946.0
Nissan,NV200,2014,9900000.0,131667.0,10156834.0
Nissan,NV200,2015,10200000.0,75000.0,10147550.0
Nissan,NV200,2016,10750000.0,112500.0,11033776.0
Nissan,NV200,2018,12950000.0,44000.0,11832864.0
Nissan,NV350,2017,15500000.0,145150.0,
Nissan,NV350 Caravan KDH,2013,14800000.0,127000.0,
Nissan,NV350KDH,2016,14250000.0,350000.0,
Nissan,NX Coop,1991,2975000.0,169000.0,
Nissan,Navara,2006,6550000.0,193100.0,6338381.0
Nissan,Navara,2007,5218182.0,139295.0,6415004.0
Nissan,Navara,2008,5683333.0,162667.0,6424823.0
Nissan,Navara,2010,6050000.0,239527.0,6678726.0
Nissan,Navara,2012,1500000.0,1234.0,6785099.0
Nissan,Navara Aventura,2007,7150000.0,152815.0,6717156.0
Nissan,Navara Aventura UK,2012,7700000.0,227000.0,
Nissan,Navara D40,2002,685000.0,147500.0,
Nissan,Navara Die Hard Limited Edition,2007,7500000.0,145000.0,
Nissan,Navara Np300,2018,16850000.0,152000.0,
Nissan,Navara Outlaw,2006,7000000.0,180000.0,
Nissan,Nissan,1980,460000.0,60000.0,1575433.0
Nissan,Nissan,1981,385000.0,250000.0,1575433.0
Nissan,Nissan,1985,1362500.0,3395.0,1632460.0
Nissan,Nissan,1986,1743333.0,82163.0,1729523.0
Nissan,Nissan,1988,3400000.0,7000.0,1952590.0
Nissan,Nissan,1992,2225000.0,123.0,2588880.0
Nissan,Nissan,1994,6350000.0,3000.0,2852496.0
Nissan,Nissan,1995,3800000.0,305656.0,2837179.0
Nissan,Nissan,1997,6550000.0,166000.0,3501614.0
Nissan,Nissan,1999,3750000.0,350000.0,3566113.0
Nissan,Nissan,2000,4600000.0,156000.0,3683882.0
Nissan,Nissan,2010,7845000.0,92506.0,5903160.0
Nissan,Nissan,2011,4450000.0,850000.0,6119399.0
Nissan,Nissan,2015,9900000.0,180000.0,8807448.0
Nissan,Note,2007,4400000.0,156000.0,10795855.0
Nissan,Note,2024,12575000.0,3330.0,13314529.0
Nissan,Note E Power,2016,7500000.0,105000.0,
Nissan,Note E11,2012,5100000.0,150000.0,
Nissan,Nv 100,2016,5390000.0,99000.0,5947378.0
Nissan,Nv 350,2013,12000000.0,185000.0,12177133.0
Nissan,Nv 350,2015,10600000.0,236000.0,12424121.0
Nissan,Nv 350,2016,16500000.0,214000.0,13242041.0
Nissan,Nv100,2018,7850000.0,70000.0,8005994.0
Nissan,Nv100 Clipper,2017,7250000.0,61940.0,
Nissan,Nv200,2012,8750000.0,127.0,9402162.0
Nissan,Nv350 Urvan,2016,16200000.0,198250.0,
Nissan,Oraginal Vx,1993,3150000.0,200000.0,
Nissan,Otti Hatch Back,2008,4500000.0,283000.0,
Nissan,PULSAR,1989,1750000.0,215000.0,1556892.0
Nissan,PULSAR CJ2,2000,3435000.0,153000.0,
Nissan,Patrol,1984,8550000.0,123.0,9235252.0
Nissan,Patrol,1985,8500000.0,164000.0,9245833.0
Nissan,Patrol,1995,14000000.0,200000.0,11046481.0
Nissan,Patrol,2003,11500000.0,145000.0,12173487.0
Nissan,Patrol,2007,21500000.0,1.0,13610309.0
Nissan,Patrol,2013,28500000.0,75002.0,21222613.0
Nissan,Patrol GRX,2008,22500000.0,235000.0,
Nissan,Patrol Y 60,1982,2995000.0,1.0,
Nissan,Patrol Y61,2000,15500000.0,2.0,
Nissan,Peaesa,1999,3850000.0,200000.0,
Nissan,Presea,1991,3200000.0,224000.0,2470231.0
Nissan,Presea,1995,2825000.0,134150.0,2804024.0
Nissan,Presea,1996,2875000.0,12345.0,2908384.0
Nissan,Presea,2000,3900000.0,198000.0,3348305.0
Nissan,Presea R10,1992,2310000.0,168500.0,
Nissan,Presea R11,1995,3450000.0,145000.0,2856888.0
Nissan,Presea R11,1997,2375000.0,217000.0,3334871.0
Nissan,Presea R11 Refina,1997,3050000.0,310000.0,
Nissan,Presea R11CT II,1997,3150000.0,230000.0,
Nissan,Presea Refina,1997,3175000.0,1.0,
Nissan,Presea Refina,2002,3650000.0,1111.0,
Nissan,President JS V8,1994,9800000.0,52000.0,
Nissan,Primastar,2007,6510000.0,157600.0,4787243.0
Nissan,Primastar,2013,4533333.0,87333.0,5252337.0
Nissan,Primera,1995,3200000.0,261720.0,3001932.0
Nissan,Primera,1998,3250000.0,12345.0,3469663.0
Nissan,Primera,2001,3797500.0,163720.0,3691964.0
Nissan,Primera,2002,1250000.0,100000.0,3755655.0
Nissan,Primera P11,1999,4150000.0,168000.0,
Nissan,Primera P12,2002,3600000.0,100009.0,3998295.0
Nissan,Primera P12,2003,3950000.0,150000.0,4290441.0
Nissan,Primera P12,2004,3400000.0,126000.0,4320414.0
Nissan,Pulsar,1984,720000.0,220000.0,1016868.0
Nissan,Pulsar,1986,500000.0,120000.0,1109225.0
Nissan,Pulsar,1989,1650000.0,1.0,1311135.0
Nissan,Pulsar,1991,2200000.0,135000.0,1687313.0
Nissan,Pulsar,1992,2150000.0,189765.0,2075544.0
Nissan,Pulsar,1997,3045000.0,211707.0,2887690.0
Nissan,Pulsar,1998,3212500.0,80367.0,2969806.0
Nissan,Pulsar,1999,3162000.0,158670.0,3059101.0
Nissan,Pulsar,2000,3495833.0,165086.0,3092092.0
Nissan,Pulsar,2004,3550000.0,257000.0,3650849.0
Nissan,Pulsar 14,1990,1850000.0,50000.0,
Nissan,Pulsar CJ1,2000,3490000.0,1.0,
Nissan,Pulsar Cj 2,2000,3750000.0,178000.0,
Nissan,Pulsar Cj1,1998,3300000.0,134000.0,
Nissan,Pulsar Cj1,1999,3200000.0,90000.0,
Nissan,Pulsar Cj2,1996,2800000.0,220000.0,
Nissan,Pulsar Cj2,1998,3500000.0,69800.0,
Nissan,Pulsar FN14,1993,1890000.0,26000.0,
Nissan,Pulsar Fn15 Cj1 FB14,2002,3450000.0,175434.0,
Nissan,QASHQAI TECNA PLUS,2018,12900000.0,62000.0,
Nissan,QASHQAI TEKNA PLUS,2019,14800000.0,56000.0,
Nissan,QD 32,1996,9250000.0,235860.0,
Nissan,QD32,2004,9200000.0,340000.0,
Nissan,Qashqai,2018,13100000.0,54333.0,14039250.0
Nissan,Qashqai Tekna Plus,2018,13500000.0,55000.0,
Nissan,Qg18,2001,3750000.0,350.0,
Nissan,ROOX,2023,8650000.0,10250.0,8886667.0
Nissan,ROOX HIGHWAY STAR,2023,8675000.0,16000.0,
Nissan,ROOX HIGHWAY STAR G TURBO PROPILOT,2023,8312500.0,20000.0,
Nissan,ROOX HIGHWAY STAR PROPILOT,2023,8262500.0,26500.0,
Nissan,ROOX HIGHWAY STAR X S-Hybrid,2023,8690000.0,12500.0,
Nissan,ROOX Highway Star G,2024,9650000.0,12800.0,
Nissan,ROOX Highway Star G Turbo Propilot,2025,9350000.0,900.0,
Nissan,ROOX X,2024,8050000.0,10500.0,
Nissan,ROOX X Pro Pilot,2025,9400000.0,870.0,
Nissan,RZ1,1987,1700000.0,144000.0,
Nissan,Rasheen,1995,3950000.0,200000.0,
Nissan,Rio,2023,8350000.0,6500.0,
Nissan,Roox,2023,8300000.0,36500.0,8886667.0
Nissan,Roox,2024,8437500.0,6412.0,8888116.0
Nissan,Roox,2025,9200000.0,1097.0,8911477.0
Nissan,Roox B45A Highway Star G Turbo Pro Pilot Edition,2023,8000000.0,25000.0,
Nissan,Roox G TURBO HIGHWAY STAR PROPILOT,2023,8575000.0,15000.0,
Nissan,Roox HIGHWAY STAR X,2024,8250000.0,2800.0,8460428.0
Nissan,Roox Highway Star G Turbo,2023,9350000.0,6000.0,
Nissan,Roox Highway Star G Turbo,2024,9350000.0,2350.0,
Nissan,Roox Highway Star G Turbo Propilot,2023,8600000.0,18550.0,
Nissan,Roox Highway Star Pro Pilot,2023,8800000.0,21786.0,9127190.0
Nissan,Roox Highway Star Pro Pilot,2024,8975000.0,3000.0,9121345.0
Nissan,Roox Highway Star Pro Pilot,2025,9650000.0,1300.0,9154779.0
Nissan,Roox Highway Star S X Hybrid,2025,8750000.0,2000.0,
Nissan,Roox Highway Star X,2023,8100000.0,30000.0,8451942.0
Nissan,Roox Highway Star X,2024,8350000.0,6653.0,8460428.0
Nissan,Roox Highway Star X,2025,8700000.0,100.0,8393450.0
Nissan,Roox Highway Star X Limited,2023,8350000.0,22700.0,
Nissan,Roox Highway Star X Pro,2024,8575000.0,250.0,
Nissan,Roox Highway Star X Propilot,2023,8990000.0,22000.0,
Nissan,Roox Hybrid,2023,7625000.0,17000.0,
Nissan,Roox Hybrid Highway Star,2023,8750000.0,12000.0,
Nissan,Roox S PRO G TURBO,2023,8650000.0,12500.0,
Nissan,Roox X,2023,7790000.0,17000.0,
Nissan,Roox X,2024,7900000.0,11700.0,
Nissan,SB13,1991,1950000.0,334000.0,
Nissan,SB13,1992,1975000.0,12345.0,
Nissan,SB13 Doctor Sunny,1991,2050000.0,136000.0,2004774.0
Nissan,SB13 Doctor Sunny,1992,2125000.0,12345.0,2249887.0
Nissan,SB13 Doctor Sunny,1993,2350000.0,150000.0,2201689.0
Nissan,SB14,1996,2750000.0,123456.0,2929089.0
Nissan,SB14,1997,2575000.0,125001.0,3288919.0
Nissan,SB14,1998,2942500.0,109000.0,3233243.0
Nissan,SB14,1999,3325000.0,174000.0,3315274.0
Nissan,SB15 Ex Saloon,2001,4290000.0,181000.0,
Nissan,SB15 YD22,2003,4800000.0,130000.0,
Nissan,SD22,1983,1250000.0,55555.0,
Nissan,SERENA FX,1997,3500000.0,204000.0,3364311.0
Nissan,SERENA VX,1996,3095000.0,89000.0,
Nissan,SUNNY,1999,3700000.0,123919.0,3241350.0
Nissan,SUNNY,2004,4900000.0,157000.0,3993459.0
Nissan,SUNNY B13,1990,2485000.0,253200.0,
Nissan,SUNNY FB15,2001,4275000.0,160000.0,4090379.0
Nissan,SUNNY FB15 EX Saloon Model,2003,4800000.0,264000.0,
Nissan,SUNNY N17,2012,5350000.0,200000.0,6084954.0
Nissan,SUPER SALOON FB15,2001,4300000.0,130000.0,
Nissan,SYLPHY CVT,2014,8795000.0,150000.0,
Nissan,Sakura EV,2024,7995000.0,5000.0,
Nissan,Sakura Japan Electric,2023,7850000.0,9800.0,
Nissan,Saloon,1983,1650000.0,200000.0,
Nissan,Saloon N16,2001,4000000.0,200000.0,
Nissan,Sb14,1994,650000.0,135000.0,2831755.0
Nissan,Sd23,1984,1325000.0,1111.0,
Nissan,Sd23,1985,2975000.0,1234.0,
Nissan,Serena,1993,3050000.0,221909.0,2965053.0
Nissan,Serena,1994,2887500.0,249136.0,2993328.0
Nissan,Serena,1995,3375000.0,213245.0,2982645.0
Nissan,Serena,1996,3238000.0,213769.0,3043958.0
Nissan,Serena,1997,2675000.0,107028.0,3417873.0
Nissan,Serena,1998,3166667.0,164872.0,3368412.0
Nissan,Serena,1999,2490000.0,850000.0,3450442.0
Nissan,Serena,2009,5937500.0,210000.0,4947460.0
Nissan,Serena E Power,2018,16000000.0,37000.0,
Nissan,Serena FX,1997,3975000.0,115000.0,3364311.0
Nissan,Serena Fx,1995,2775000.0,215000.0,2900121.0
Nissan,Serena Fx,1997,3500000.0,165000.0,3364311.0
Nissan,Serena Fx,2004,3600000.0,185000.0,4158268.0
Nissan,Serena VX,1996,2450000.0,160000.0,
Nissan,Serena Vx,1993,2375000.0,235466.0,
Nissan,Sk82,2007,6275000.0,175000.0,
Nissan,Sunny,1978,890000.0,200000.0,2380902.0
Nissan,Sunny,1980,613333.0,132374.0,2380902.0
Nissan,Sunny,1981,1095000.0,1234.0,2380902.0
Nissan,Sunny,1983,600000.0,50000.0,2358107.0
Nissan,Sunny,1984,1050000.0,250000.0,2350275.0
Nissan,Sunny,1986,1545000.0,141212.0,2417687.0
Nissan,Sunny,1987,1243333.0,110637.0,2496940.0
Nissan,Sunny,1989,1275000.0,174129.0,2787839.0
Nissan,Sunny,1990,1650000.0,195000.0,3154277.0
Nissan,Sunny,1991,8216667.0,169505.0,3456570.0
Nissan,Sunny,1992,2112500.0,115672.0,4044479.0
Nissan,Sunny,1993,2300000.0,132000.0,3995237.0
Nissan,Sunny,1994,2000000.0,155000.0,4023512.0
Nissan,Sunny,1995,1750000.0,120000.0,4016487.0
Nissan,Sunny,1996,2800000.0,222650.0,4189291.0
Nissan,Sunny,1997,3375000.0,180663.0,4404873.0
Nissan,Sunny,1998,3200000.0,199000.0,4421487.0
Nissan,Sunny,1999,3800000.0,150000.0,4501312.0
Nissan,Sunny,2000,4100000.0,250000.0,4681997.0
Nissan,Sunny,2001,3900000.0,96154.0,4791747.0
Nissan,Sunny,2002,3050000.0,170333.0,5073337.0
Nissan,Sunny,2003,4750000.0,100000.0,5080863.0
Nissan,Sunny,2004,4515000.0,12000.0,5166470.0
Nissan,Sunny,2008,4600000.0,275000.0,6285522.0
Nissan,Sunny Ad Wagon Wingroad Y11,2001,2775000.0,190856.0,
Nissan,Sunny B11,1983,975000.0,107600.0,1999172.0
Nissan,Sunny B11,1984,3552000.0,216200.0,1986208.0
Nissan,Sunny B11,1985,1150000.0,200000.0,2054049.0
Nissan,Sunny B12,1992,1350000.0,123.0,
Nissan,Sunny B13,1991,2450000.0,222100.0,
Nissan,Sunny B14,1997,2950000.0,144805.0,
Nissan,Sunny B14 EX SALOON,1998,2890000.0,144000.0,
Nissan,Sunny B15 Ex Saloon,2002,4175000.0,200900.0,
Nissan,Sunny B211,1975,715000.0,11111.0,707169.0
Nissan,Sunny B211,1977,920714.0,26857.0,707169.0
Nissan,Sunny B211,1980,585000.0,54000.0,707169.0
Nissan,Sunny B211 Super Gl,1976,1150000.0,123.0,
Nissan,Sunny B310,1978,950000.0,69000.0,829095.0
Nissan,Sunny B310,1980,1050000.0,147000.0,829095.0
Nissan,Sunny B310,1983,450000.0,10.0,758251.0
Nissan,Sunny California B11,1985,775000.0,100000.0,
Nissan,Sunny EX7,1999,3950000.0,150000.0,
Nissan,Sunny Ex Saloon,1996,3275000.0,147231.0,3121004.0
Nissan,Sunny Ex Saloon,2000,4000000.0,134250.0,3576697.0
Nissan,Sunny Ex Saloon,2002,4000000.0,14.0,3784632.0
Nissan,Sunny FB12,1991,1765000.0,1490.0,
Nissan,Sunny FB13,1992,2350000.0,100000.0,
Nissan,Sunny FB13,1994,1600000.0,100000.0,
Nissan,Sunny FB14,1994,3000000.0,206000.0,3203062.0
Nissan,Sunny FB14,1995,2616667.0,183833.0,3192379.0
Nissan,Sunny FB14,1996,2800000.0,187727.0,3296739.0
Nissan,Sunny FB14,1997,3225000.0,180950.0,3916474.0
Nissan,Sunny FB14,1998,3000000.0,140000.0,3860798.0
Nissan,Sunny FB14 Anniversary Model,2003,4500000.0,143000.0,
Nissan,Sunny FB14 EX Saloon,1996,3290000.0,175000.0,
Nissan,Sunny FB14 Ex Saloon,1997,3100000.0,217000.0,
Nissan,Sunny FB14 Super Saloon,1994,3500000.0,111111.0,3006936.0
Nissan,Sunny FB14 Super Saloon,1997,2775000.0,270000.0,3533001.0
Nissan,Sunny FB14 Super Saloon,2003,3850000.0,153421.0,4056061.0
Nissan,Sunny FB15,1999,4062500.0,193750.0,3994807.0
Nissan,Sunny FB15,2000,4050000.0,213155.0,4009389.0
Nissan,Sunny FB15,2002,3843750.0,162115.0,4140069.0
Nissan,Sunny FB15,2003,4800000.0,205250.0,4389039.0
Nissan,Sunny FB15,2004,4675000.0,225000.0,4401086.0
Nissan,Sunny FB15 Ex Saloon,1999,3900000.0,230.0,3170091.0
Nissan,Sunny FB15 Ex Saloon,2000,3985000.0,250869.0,3179575.0
Nissan,Sunny FB15 Ex Saloon,2001,2900000.0,153500.0,3346046.0
Nissan,Sunny FB15 Super Saloon,2004,4230000.0,210000.0,
Nissan,Sunny FB15 Super Saloon SPLEND Limited,2001,4575000.0,156000.0,
Nissan,Sunny FB30,1992,2650000.0,168000.0,
Nissan,Sunny HB11,1986,950000.0,350000.0,
Nissan,Sunny HB11 California,1984,870000.0,230000.0,
Nissan,Sunny HB11 Long Buffer,1985,1150000.0,98653.0,
Nissan,Sunny HB12,1986,1550000.0,6500.0,
Nissan,Sunny N17,2003,4450000.0,197933.0,4992068.0
Nissan,Sunny N17,2005,4575000.0,194050.0,5025169.0
Nissan,Sunny N17,2006,5100000.0,170000.0,5075895.0
Nissan,Sunny N17,2007,5147500.0,210000.0,5262241.0
Nissan,Sunny N17,2011,5947500.0,97558.0,6062399.0
Nissan,Sunny N17 Super Saloon,2004,3875000.0,145000.0,
Nissan,Sunny S B 14,1996,2650000.0,216000.0,
Nissan,Sunny SB13,1992,2390000.0,12345.0,
Nissan,Sunny SB14,1995,2590000.0,125000.0,2733180.0
Nissan,Sunny SB14,1997,3100000.0,173000.0,3162717.0
Nissan,Sunny SB14,1999,3200000.0,189000.0,3189071.0
Nissan,Sunny SB14,2000,2950000.0,55.0,3240766.0
Nissan,Sunny Sb13,1992,2150000.0,310000.0,
Nissan,Sunny Sb14,1998,2950000.0,234000.0,3107041.0
Nissan,Sunny Super Saloon,2003,3350000.0,183000.0,4921501.0
Nissan,Sunny Super Saloon,2007,4890000.0,275000.0,5174915.0
Nissan,Sunny Super Saloon,2008,5250000.0,189000.0,5438180.0
Nissan,Sunny Super Saloon N16,2001,4597000.0,171200.0,
Nissan,Sunny VE11,1986,1500000.0,1.0,
Nissan,Sunny Wagon,1980,345000.0,60556.0,
Nissan,Super Long,1997,11900000.0,1.0,
Nissan,Super Saloon,1996,2650000.0,125000.0,3246282.0
Nissan,Super Saloon,1998,4325000.0,98000.0,3573033.0
Nissan,Super Saloon,2003,410000.0,150000.0,4106254.0
Nissan,Super Saloon,2011,4950000.0,200000.0,5290527.0
Nissan,Super Saloon FB14,1999,3475000.0,230000.0,
Nissan,Super Saloon N16,2011,5790000.0,116000.0,
Nissan,Super Saloon N17,2003,4250000.0,230000.0,
Nissan,Super Sunny,2008,5700000.0,127320.0,
Nissan,Sylphy,2005,4350000.0,390000.0,7000343.0
Nissan,Sylphy,2007,6575000.0,175000.0,7121392.0
Nissan,Sylphy,2009,6375000.0,135.0,7014838.0
Nissan,Sylphy,2014,9000000.0,143500.0,7581479.0
Nissan,Sylphy B17,2013,9450000.0,100000.0,
Nissan,Sylphy G11,2009,5900000.0,190000.0,
Nissan,TD 27,1991,7500000.0,300000.0,
Nissan,TD 27,1993,7500000.0,300000.0,
Nissan,TEANA JK 230,2004,5690000.0,161470.0,
Nissan,TERRANO,2005,7950000.0,246000.0,
Nissan,TIIDA,2007,5000000.0,223333.0,4584718.0
Nissan,TIIDA,2008,5650000.0,132500.0,4664692.0
Nissan,TIIDA,2010,5825000.0,171125.0,4978029.0
Nissan,TIIDA Latio,2007,5500000.0,209000.0,5359001.0
Nissan,TRAD Sunny,1988,1975000.0,176545.0,1542512.0
Nissan,Teana,2013,9800000.0,125000.0,
Nissan,Teana 250XV,2008,10500000.0,150000.0,
Nissan,Teana Cefiro J32,2009,11500000.0,198000.0,
Nissan,Tiida,2004,1890000.0,19.0,4436792.0
Nissan,Tiida,2007,5376562.0,192364.0,4912673.0
Nissan,Tiida,2008,5805556.0,205278.0,5030458.0
Nissan,Tiida,2009,5000000.0,187155.0,5216134.0
Nissan,Tiida,2011,5433333.0,151000.0,5522191.0
Nissan,Tiida,2012,675000.0,114000.0,5601710.0
Nissan,Tiida Latio,2005,5650000.0,129000.0,4980087.0
Nissan,Tiida Latio,2007,5478333.0,176944.0,5359001.0
Nissan,Tiida Latio,2008,5450000.0,112071.0,5630757.0
Nissan,Tiida Latio,2013,8250000.0,113000.0,6368949.0
Nissan,Tiida Latio CVT,2010,6700000.0,188200.0,
Nissan,Trad Sunny,1986,1493571.0,120110.0,1404488.0
Nissan,Trad Sunny,1987,1858000.0,206550.0,1483741.0
Nissan,Trad Sunny,1988,1564444.0,138050.0,1566644.0
Nissan,Trad Sunny,1989,1807500.0,215761.0,1625145.0
Nissan,Trad Sunny,1990,1725000.0,90724.0,1728513.0
Nissan,Trad Sunny B12,1988,1775000.0,180000.0,
Nissan,Trad Sunny B12,1989,2800000.0,180000.0,
Nissan,Trad Sunny FB12,1987,1795000.0,199.0,
Nissan,Trad Sunny FB12,1989,2175000.0,240000.0,
Nissan,Trad Sunny HB12,1987,1603333.0,120982.0,1177883.0
Nissan,Trad Sunny HB12,1989,1590000.0,212456.0,1311203.0
Nissan,Trad Sunny HB12 Super Saloon,1986,1250000.0,200000.0,
Nissan,Trad Sunny HB12 Super Saloon,1987,1650000.0,152520.0,
Nissan,Trad Sunny Hb12,1987,1640000.0,100000.0,1177883.0
Nissan,Trad Sunny Hb12,1988,1475000.0,100000.0,1252702.0
Nissan,Trad Sunny Hb12,1989,1675000.0,160.0,1311203.0
Nissan,Trad Sunny Hb12,1990,1475000.0,12345.0,1448359.0
Nissan,Trad Sunny Hb12 Super Saloon,1987,1650000.0,213538.0,
Nissan,Trad Sunny SB 12,1985,1550000.0,200000.0,
Nissan,Ug 720,1985,1750000.0,12345.0,
Nissan,Urvan Nv 350,2016,15000000.0,237500.0,
Nissan,VANETTE,1994,3900000.0,253437.0,2900300.0
Nissan,VANETTE,1998,4690000.0,100000.0,3248725.0
Nissan,VANETTE,2003,5790000.0,290000.0,3867180.0
Nissan,VANETTE LION FACE,2002,5890000.0,210000.0,5629811.0
Nissan,VANETTE VX,2005,6600000.0,226000.0,3891820.0
Nissan,VRE24 Caravan,1994,6350000.0,200000.0,
Nissan,VRG,1970,2300000.0,3000.0,1308228.0
Nissan,VRG,1981,1650000.0,150000.0,1308228.0
Nissan,Vanette,1982,1593333.0,258333.0,2058156.0
Nissan,Vanette,1983,1185000.0,169455.0,2061463.0
Nissan,Vanette,1984,1250000.0,111400.0,2068462.0
Nissan,Vanette,1985,1441667.0,282115.0,2179557.0
Nissan,Vanette,1986,1750000.0,105000.0,2298421.0
Nissan,Vanette,1987,2372500.0,122500.0,2413919.0
Nissan,Vanette,1988,2598571.0,219678.0,2611325.0
Nissan,Vanette,1989,2043750.0,165954.0,2701544.0
Nissan,Vanette,1990,2499412.0,157329.0,2727798.0
Nissan,Vanette,1991,2777917.0,147078.0,2866281.0
Nissan,Vanette,1992,3005417.0,161830.0,3094166.0
Nissan,Vanette,1993,2856923.0,137870.0,3244072.0
Nissan,Vanette,1994,2930833.0,131826.0,3272347.0
Nissan,Vanette,1995,3231250.0,118269.0,3318779.0
Nissan,Vanette,1996,3883636.0,194799.0,3507577.0
Nissan,Vanette,1997,3976667.0,136324.0,4243261.0
Nissan,Vanette,1998,4500000.0,256633.0,4273786.0
Nissan,Vanette,1999,4922667.0,181589.0,4399541.0
Nissan,Vanette,2000,5643750.0,210541.0,4620198.0
Nissan,Vanette,2001,5148750.0,144966.0,4714726.0
Nissan,Vanette,2002,5558078.0,168146.0,4808069.0
Nissan,Vanette,2003,5291667.0,280000.0,5270688.0
Nissan,Vanette,2004,5525000.0,196667.0,5256737.0
Nissan,Vanette,2005,5625000.0,245118.0,5289383.0
Nissan,Vanette,2006,6540000.0,153136.0,5430927.0
Nissan,Vanette,2007,6310500.0,162381.0,5513061.0
Nissan,Vanette,2008,6896429.0,124443.0,6478504.0
Nissan,Vanette,2010,6200000.0,174.0,6958052.0
Nissan,Vanette,2011,7083333.0,213333.0,7272761.0
Nissan,Vanette,2012,6711667.0,123058.0,7374650.0
Nissan,Vanette,2014,6500000.0,267000.0,9170688.0
Nissan,Vanette C22,1987,2408333.0,39734.0,2163572.0
Nissan,Vanette C22,1991,3175000.0,300000.0,2482075.0
Nissan,Vanette C22,1997,2950000.0,250000.0,3335922.0
Nissan,Vanette GL,1998,4350000.0,250000.0,5516439.0
Nissan,Vanette GL,2000,5800000.0,140855.0,5427882.0
Nissan,Vanette GL,2006,8150000.0,158500.0,6373904.0
Nissan,Vanette GL,2007,7275000.0,233400.0,6390884.0
Nissan,Vanette Lion Face,2005,5725000.0,129513.0,5952800.0
Nissan,Vanette Lion Face,2006,6433333.0,192924.0,6153195.0
Nissan,Vanette Lion Face,2011,6475000.0,170000.0,6628149.0
Nissan,Vanette Lion Face,2015,8000000.0,150000.0,6920451.0
Nissan,Vanette Lion Pace,1999,5700000.0,125000.0,
Nissan,Vanette NV200,2015,11500000.0,100.0,
Nissan,Vanette Nv200,2011,8900000.0,139000.0,
Nissan,Vanette SGL,1993,3650000.0,1.0,
Nissan,Vanette Sk,2004,3850000.0,154000.0,
Nissan,Vanette Ss28vn,1999,5225000.0,265000.0,
Nissan,Vanette Super GL,2006,7500000.0,183000.0,
Nissan,Vanette VX,1992,3550000.0,279618.0,2718141.0
Nissan,Vanette VX,2007,7250000.0,237500.0,3948692.0
Nissan,Vanette Vx,1992,3150000.0,232865.0,2718141.0
Nissan,Vanette Vx,1998,5100000.0,150000.0,3334660.0
Nissan,Vanette Vx,2000,5200000.0,230000.0,3419284.0
Nissan,Vb11,1984,825000.0,200000.0,
Nissan,Vfy11,2002,3500000.0,280000.0,
Nissan,Voxy,2024,23800000.0,3500.0,
Nissan,Vrg,1985,9350000.0,708.0,1397334.0
Nissan,Vy11,2004,3500000.0,135000.0,
Nissan,WFY11,2005,19950000.0,160000.0,
Nissan,WFY11 Wingroad,2000,3300000.0,298.0,
Nissan,WINGROAD,1997,2500000.0,170000.0,3483908.0
Nissan,WINGROAD,1999,3495000.0,217294.0,3542621.0
Nissan,WINGROAD,2002,3200000.0,93000.0,3705503.0
Nissan,WINGROAD,2008,5400000.0,157000.0,4777452.0
Nissan,WINGROAD WFY11,2001,4600000.0,210000.0,3718495.0
Nissan,Wagon,1984,1035000.0,111.0,
Nissan,Wagon,1987,1000000.0,100000.0,
Nissan,Wingroad,1985,650000.0,100000.0,1717976.0
Nissan,Wingroad,1997,2762500.0,232237.0,3146707.0
Nissan,Wingroad,1998,2858333.0,94186.0,3189384.0
Nissan,Wingroad,1999,2933333.0,174518.0,3286998.0
Nissan,Wingroad,2000,3450000.0,243433.0,3219899.0
Nissan,Wingroad,2001,3983333.0,185333.0,3442642.0
Nissan,Wingroad,2002,4297500.0,103744.0,3526863.0
Nissan,Wingroad,2003,4550000.0,190000.0,3706487.0
Nissan,Wingroad,2004,4675000.0,200000.0,3736460.0
Nissan,Wingroad,2007,4875000.0,155736.0,4100277.0
Nissan,Wingroad VY11,2000,3750000.0,676.0,3415648.0
Nissan,Wingroad VY11,2002,3395000.0,195000.0,3579819.0
Nissan,Wingroad WFY10,1999,2435000.0,135000.0,
Nissan,Wingroad WFY11,2000,3785000.0,269000.0,3574252.0
Nissan,Wingroad WFY11,2002,1000000.0,208000.0,3782187.0
Nissan,Wingroad WFY11,2003,4850000.0,190000.0,3999449.0
Nissan,Wingroad WFY11,2004,4850000.0,190000.0,4029422.0
Nissan,Wingroad Wagon,2001,3320000.0,150000.0,
Nissan,Wingroad Wfy10,1998,2550000.0,125000.0,
Nissan,Wingroad Wfy11,1999,4250000.0,152000.0,3571658.0
Nissan,Wingroad Wfy11,2000,4000000.0,259115.0,3574252.0
Nissan,Wingroad Wfy11,2002,3200000.0,180000.0,3782187.0
Nissan,Wingroad Y10 California,1998,2195000.0,168000.0,
Nissan,Wingroad Y11,2002,3580000.0,10000.0,
Nissan,Wingroad Y12,2005,5800000.0,191000.0,5112833.0
Nissan,Wingroad Y12,2006,5720000.0,127000.0,5293940.0
Nissan,Wingroad Y12,2007,5287500.0,74140.0,5489314.0
Nissan,Wingroad Y12,2008,5600000.0,24000.0,5664318.0
Nissan,X-TRAIL,2005,5600000.0,200000.0,8961220.0
Nissan,X-TRAIL,2015,9925000.0,148632.0,10853193.0
Nissan,X-TRAIL,2016,10775000.0,140000.0,11741888.0
Nissan,X-TRAIL E-POWER,2024,26995000.0,900.0,
Nissan,X-TRAIL E-POWER Limited,2024,25745000.0,13450.0,
Nissan,X-TRAIL MODE PREMIER,2015,10375000.0,113000.0,
Nissan,X-TRAIL T32,2015,11000000.0,151000.0,
Nissan,X-Trail,2001,5679167.0,174333.0,6758913.0
Nissan,X-Trail,2002,5940000.0,216667.0,6765206.0
Nissan,X-Trail,2003,6233333.0,214000.0,7404257.0
Nissan,X-Trail,2004,5500000.0,285500.0,7374830.0
Nissan,X-Trail,2005,6000000.0,200000.0,7416329.0
Nissan,X-Trail,2006,6350000.0,183248.0,7712436.0
Nissan,X-Trail,2007,7975000.0,86580.0,8059062.0
Nissan,X-Trail,2008,6285000.0,180000.0,7642512.0
Nissan,X-Trail,2010,9500000.0,180000.0,9074852.0
Nissan,X-Trail,2011,1050000.0,186000.0,9166660.0
Nissan,X-Trail,2012,10400000.0,150500.0,9596788.0
Nissan,X-Trail,2013,10680000.0,146900.0,9988046.0
Nissan,X-Trail,2014,10250000.0,132250.0,10211637.0
Nissan,X-Trail,2015,10357051.0,137733.0,10254412.0
Nissan,X-Trail,2016,10865909.0,121596.0,11511102.0
Nissan,X-Trail,2017,13333333.0,99667.0,11812442.0
Nissan,X-Trail,2018,10200000.0,129000.0,12394120.0
Nissan,X-Trail Anniversary Model,2001,5800000.0,145000.0,
Nissan,X-Trail HT32,2015,11075000.0,77750.0,
Nissan,X-Trail Hybrid,2015,9900000.0,56065.0,
Nissan,X-Trail Hybrid 4WD,2015,11150000.0,127000.0,
Nissan,X-Trail Limited,2016,10875000.0,134000.0,
Nissan,X-Trail MODE PREMIER,2015,11000000.0,166000.0,
Nissan,X-Trail MODE PREMIER,2016,10375000.0,98000.0,
Nissan,X-Trail Mode Premier,2016,11625000.0,102500.0,
Nissan,X-Trail NT30,2001,6000000.0,163000.0,
Nissan,X-Trail Premier,2016,10500000.0,122000.0,
Nissan,X-Trail T30,2000,5000000.0,180000.0,4426067.0
Nissan,X-Trail T30,2001,5608333.0,248333.0,4542360.0
Nissan,X-Trail T30,2002,5900000.0,200000.0,4609452.0
Nissan,X-Trail T30,2005,5475000.0,167564.0,5119890.0
Nissan,X-Trail T31,2007,8850000.0,202000.0,10580842.0
Nissan,X-Trail T31,2011,10150000.0,209500.0,10733890.0
Nissan,X-Trail T31,2012,11500000.0,142000.0,11374325.0
Nissan,X-Trail T31,2014,12600000.0,120000.0,12366944.0
Nissan,X-Trail T32,2015,10600000.0,98650.0,
Nissan,X-trail,2004,5800000.0,140780.0,8968863.0
Nissan,X-trail,2015,9875000.0,230000.0,10853193.0
Nissan,X-trail Mode Premier,2016,11500000.0,143000.0,
Nissan,Y10,1997,1810000.0,65824.0,3183473.0
Nissan,Y10,1999,2765000.0,260000.0,3199110.0
Nissan,Y10 Wingroad,1996,2400000.0,225000.0,
Nissan,Y10 Wingroad,1999,2350000.0,150000.0,
Nissan,Y10 Wingroad Wagon,1999,2550000.0,210000.0,
Nissan,Y11,2000,3112500.0,191500.0,3390445.0
Nissan,Y11,2001,3137500.0,202710.0,3505441.0
Nissan,Y11,2005,4150000.0,200000.0,3781366.0
Nissan,Y11 AD WAGON,1999,2895000.0,250000.0,
Nissan,Y11 Wingroad,2001,2960000.0,173480.0,
Nissan,Y61,2000,14500000.0,300000.0,
Opel,ASTRA,1995,800000.0,10000.0,
Opel,Astra,1994,975000.0,160000.0,
Opel,Astra 1.4,1994,1100000.0,1234.0,
Opel,Astra 1.4 GL,1996,1710000.0,245000.0,
Opel,Astra G,2001,2600000.0,111111.0,
Opel,Corsa,1997,1400000.0,178000.0,
Opel,Opel,1994,1650000.0,230000.0,
Opel,Opel,1996,1300000.0,150000.0,
Opel,Vectra B,2001,2150000.0,25000.0,
Opel,Wagon,1995,1320000.0,26000.0,
Other,BAW E7,2025,4575000.0,1118.0,
Other,Cargiva Planet,2019,1000000.0,7189.0,
Other,E7,2025,4850000.0,558.0,
Other,Grand Tiger,2016,4700000.0,250000.0,
Other,Haval Jolion,2025,12900000.0,6000.0,
Other,Kdh,2015,21000000.0,180000.0,
Other,Lencar Elactrik,2023,265000.0,12037.0,
Other,Meiya,2008,4500000.0,61000.0,
Other,SKODA,2012,12500000.0,46000.0,
Perodua,AXIA,2015,5450000.0,113611.0,5834227.0
Perodua,AXIA,2019,6500000.0,35000.0,6644451.0
Perodua,Amizhr,2011,4490000.0,139000.0,
Perodua,Axia,2015,5446000.0,120261.0,5540525.0
Perodua,Axia,2016,5647500.0,94086.0,5405549.0
Perodua,Axia,2017,5893333.0,94198.0,5552527.0
Perodua,Axia,2018,6100000.0,65000.0,5759602.0
Perodua,Axia,2019,6700000.0,47123.0,6546546.0
Perodua,Axia,2025,8150000.0,9285.0,7455437.0
Perodua,Axia G,2016,5528333.0,114222.0,5689570.0
Perodua,Axia G,2017,5850714.0,96000.0,5763838.0
Perodua,Axia G Grade,2015,4950000.0,1111.0,6122987.0
Perodua,Axia G Grade,2016,5528333.0,102107.0,6067244.0
Perodua,Axia G Grade,2019,6495000.0,77500.0,7273854.0
Perodua,Axis G Grade,2016,6250000.0,120000.0,
Perodua,Beeza,2018,7300000.0,97852.0,
Perodua,Bezza,2017,6530000.0,128750.0,6037104.0
Perodua,Bezza,2018,6952778.0,88410.0,6291411.0
Perodua,Bezza,2019,7003000.0,92790.0,6652152.0
Perodua,Bezza,2020,7350000.0,47500.0,6677396.0
Perodua,Bezza,2025,3900000.0,6000.0,7124744.0
Perodua,Bezza G Limited,2018,6690000.0,88000.0,
Perodua,Glory I-auto,2022,10200000.0,24000.0,
Perodua,KELISA,2005,3350000.0,173892.0,3385478.0
Perodua,Kelisa,2003,3293750.0,107252.0,3333684.0
Perodua,Kelisa,2004,3189000.0,132192.0,3354715.0
Perodua,Kelisa,2005,3470714.0,142457.0,3390511.0
Perodua,Kelisa,2006,3368750.0,139250.0,3420369.0
Perodua,Kelisa,2007,3527222.0,150144.0,3484958.0
Perodua,Kelisa,2008,3650000.0,173325.0,3861668.0
Perodua,Kelisa Japan,2003,3520000.0,107500.0,
Perodua,Kembara,2000,3850000.0,192000.0,
Perodua,Kenari,2006,3171667.0,163333.0,3501728.0
Perodua,Kenari,2007,3448000.0,91679.0,3556961.0
Perodua,Kenari,2008,3379167.0,155487.0,3933326.0
Perodua,VIVA ELITE,2010,4590000.0,120000.0,4415463.0
Perodua,VIVA ELITE,2011,4283000.0,125127.0,4423796.0
Perodua,VIVA ELITE,2012,4450000.0,193000.0,4464360.0
Perodua,VIVA ELITE,2013,4590000.0,134400.0,4628903.0
Perodua,VIVA Elite,2013,4800000.0,185000.0,4628903.0
Perodua,ViVA Elite,2014,4300000.0,97600.0,4935743.0
Perodua,Viva Elite,2008,3990000.0,142600.0,4204885.0
Perodua,Viva Elite,2009,3960000.0,76119.0,4217655.0
Perodua,Viva Elite,2010,4159318.0,121670.0,4269496.0
Perodua,Viva Elite,2011,4351488.0,135275.0,4277830.0
Perodua,Viva Elite,2012,4347353.0,134349.0,4276935.0
Perodua,Viva Elite,2013,4478750.0,125130.0,4344462.0
Perodua,Viva Elite,2014,4632500.0,103500.0,4657921.0
Perodua,Viva Elite Premium,2010,4430000.0,64570.0,4596116.0
Perodua,Viva Elite Premium,2011,4540000.0,129669.0,4604450.0
Perodua,Viva Elite Premium,2012,4512500.0,135808.0,4645014.0
Peugeot,104,1978,300000.0,250000.0,
Peugeot,203,1960,4000000.0,100000.0,
Peugeot,206,2000,5295000.0,155718.0,4441423.0
Peugeot,206,2001,4600000.0,130370.0,4412705.0
Peugeot,206,2002,2725000.0,167500.0,4477600.0
Peugeot,206,2003,3212500.0,97117.0,4880363.0
Peugeot,206,2004,3100000.0,180000.0,4886892.0
Peugeot,206,2005,3100000.0,119500.0,4957614.0
Peugeot,206 Cc,2003,9500000.0,87000.0,
Peugeot,207,2007,4500000.0,129000.0,
Peugeot,208 Active,2014,6250000.0,88000.0,
Peugeot,3008,2011,8790000.0,219000.0,10648638.0
Peugeot,3008,2012,9500000.0,170000.0,11162682.0
Peugeot,3008,2016,12500000.0,122000.0,15000626.0
Peugeot,3008,2018,14730000.0,67428.0,15624785.0
Peugeot,3008,2019,15900000.0,66750.0,16795269.0
Peugeot,3008,2020,17083333.0,71333.0,17210800.0
Peugeot,3008 GT,2019,16000000.0,11400.0,
Peugeot,3008 GT LINE,2018,15000000.0,50000.0,15287535.0
Peugeot,3008 GT LINE,2019,18500000.0,51500.0,16223350.0
Peugeot,3008 GT Line,2017,14500000.0,60000.0,15060189.0
Peugeot,3008 GT Line,2018,15850000.0,88250.0,15287535.0
Peugeot,3008 GT Line,2019,16550000.0,83000.0,16223350.0
Peugeot,3008 Gt Line,2019,18650000.0,75000.0,16223350.0
Peugeot,3008 Premium GT Line,2020,16500000.0,103000.0,
Peugeot,304,1973,800000.0,1200.0,
Peugeot,305 GL,1986,470000.0,200000.0,
Peugeot,305 GL,1987,1050000.0,145000.0,
Peugeot,305GL,1987,1107500.0,108000.0,
Peugeot,306,2001,1950000.0,100000.0,
Peugeot,306,2002,1000000.0,123.0,
Peugeot,307,2001,3175000.0,175000.0,3562418.0
Peugeot,307,2003,3650000.0,175000.0,3760580.0
Peugeot,307,2004,3350000.0,125000.0,3767110.0
Peugeot,405,1992,1950000.0,393000.0,
Peugeot,405,1994,1700000.0,235000.0,
Peugeot,405 GLD,1993,1875000.0,247000.0,
Peugeot,406,1996,975000.0,1234.0,2307891.0
Peugeot,406,1998,2350000.0,198000.0,2905967.0
Peugeot,406,1999,2900000.0,159000.0,3008243.0
Peugeot,406,2000,3192857.0,223357.0,3081911.0
Peugeot,406,2001,3268750.0,143904.0,3094898.0
Peugeot,406,2002,3181250.0,197774.0,3335530.0
Peugeot,406,2003,1275000.0,661.0,3430375.0
Peugeot,406,2004,950000.0,127000.0,3436904.0
Peugeot,406 D9,2000,3150000.0,170000.0,
Peugeot,406 D9,2002,2850000.0,278000.0,
Peugeot,406 GLX,2000,3350000.0,163000.0,
Peugeot,406 HDI,2000,3062500.0,194000.0,3289254.0
Peugeot,406 HDI,2001,3200000.0,16.0,3334861.0
Peugeot,406 LX,1999,2575000.0,182000.0,
Peugeot,406 Rapier,2001,3575000.0,150000.0,
Peugeot,406 ST,2001,3237500.0,293000.0,
Peugeot,407,2006,5683000.0,191863.0,5003169.0
Peugeot,407,2007,5724000.0,161091.0,5189064.0
Peugeot,407,2008,5350000.0,185000.0,5599429.0
Peugeot,407 2.0 HDi,2006,6500000.0,276000.0,
Peugeot,407 Executive,2006,6450000.0,145000.0,
Peugeot,408 GT Fastback,2023,28500000.0,7000.0,
Peugeot,408 GT Line Fastback,2023,28500000.0,8150.0,
Peugeot,5008,2018,12087500.0,94300.0,15607140.0
Peugeot,5008,2019,18677778.0,58000.0,16445841.0
Peugeot,5008 ALLURAY,2017,15600000.0,59000.0,
Peugeot,5008 GT,2018,1665000.0,92000.0,
Peugeot,5008 GT LINE,2019,15990000.0,130000.0,16703435.0
Peugeot,5008 GT Line,2018,17500000.0,102000.0,14832239.0
Peugeot,5008 GT Line,2019,12833333.0,78333.0,16703435.0
Peugeot,5008 GT Line,2020,17100000.0,141000.0,16945950.0
Peugeot,5008 GT Live,2019,21200000.0,69000.0,
Peugeot,5008 GT Sport,2019,17550000.0,72000.0,
Peugeot,5008GT,2019,19500000.0,32000.0,
Peugeot,504,1972,445000.0,82000.0,968734.0
Peugeot,504,1976,821667.0,45637.0,968734.0
Peugeot,504,1980,901000.0,61733.0,968734.0
Peugeot,505,1988,4850000.0,64000.0,
Peugeot,508,2011,9750000.0,100000.0,8867071.0
Peugeot,508,2012,10600000.0,154750.0,9404170.0
Peugeot,508,2013,9800000.0,120000.0,10041668.0
Peugeot,508 LUXURY SUPERIOR,2016,14950000.0,107000.0,
Peugeot,909,1978,400000.0,223.0,
Peugeot,P 5008,2018,19000000.0,92500.0,
Peugeot,Peugeot,1968,1650000.0,200000.0,
Peugeot,Peugeot,2000,975000.0,150000.0,
Porsche,Cayenne,2011,18333333.0,92119.0,12720705.0
Porsche,Cayenne S,2011,18700000.0,54000.0,
Porsche,Cayenne S E-hybrid,2015,29800000.0,98000.0,
Porsche,Cayenne S Hybrid,2013,20000000.0,112990.0,
Porsche,Cayenne SE,2015,29500000.0,77000.0,
Proton,Gen 2,2005,2400000.0,40000.0,
Proton,Gen2,2006,3200000.0,135000.0,
Proton,Hatchback,2004,3300000.0,185000.0,
Proton,SagA,1988,950000.0,15000.0,2248135.0
Proton,Saga,2011,3765000.0,87650.0,4520794.0
Proton,Saga,2023,7990000.0,5800.0,6892177.0
Proton,Saga,2024,7990000.0,5800.0,7138864.0
Proton,Savvy,2008,2450000.0,112000.0,
Proton,Waja,2000,2150000.0,195456.0,2778085.0
Proton,Waja,2001,2250000.0,235000.0,2842440.0
Proton,Waja,2005,2750000.0,185000.0,3109326.0
Proton,Waja,2006,2875000.0,190000.0,3216595.0
Proton,Wira,1994,1250000.0,172500.0,2152283.0
Proton,Wira,2000,2950000.0,138000.0,2606870.0
Proton,Wira,2001,2310000.0,155218.0,2665604.0
Proton,Wira,2003,2150000.0,75005.0,2878614.0
Proton,Wira,2004,2197500.0,99750.0,2908587.0
Range-Rover,EVoque,2013,16500000.0,138000.0,17922004.0
Range-Rover,Evoque,2012,9625000.0,124500.0,17519440.0
Range-Rover,Evoque,2013,16983333.0,124708.0,17922004.0
Range-Rover,Evoque,2017,25000000.0,42000.0,18399757.0
Range-Rover,Evoque HSE,2013,16950000.0,112000.0,
Range-Rover,Ramge Rover,2013,16950000.0,112000.0,
Range-Rover,SPORT HSE,2018,29000000.0,85000.0,
Range-Rover,Sport,2006,24000000.0,114000.0,
Range-Rover,Sport 5.0 V8 Supercharged,2011,25500000.0,127500.0,
Renault,KWID,2016,3626154.0,98217.0,3829227.0
Renault,KWID,2018,3375000.0,122087.0,3785768.0
Renault,KWID CLIMBER SPORTS,2020,5225000.0,39500.0,
Renault,KWID RXT,2016,3660000.0,102825.0,4283091.0
Renault,KWID RXT,2018,3550000.0,66073.0,4181176.0
Renault,KWID SPORTS RXT,2016,3575000.0,80000.0,3790479.0
Renault,KWID SPORTS RXT,2017,3175000.0,120000.0,3755511.0
Renault,Kwid,2016,3546613.0,88562.0,3364135.0
Renault,Kwid,2017,3325000.0,97833.0,3339876.0
Renault,Kwid,2018,3525000.0,88500.0,3433444.0
Renault,Kwid,2019,4550000.0,71000.0,3507704.0
Renault,Kwid,2020,4875000.0,100000.0,3906324.0
Renault,Kwid Climber,2020,5380000.0,50803.0,
Renault,Kwid RXT,2016,3648000.0,78520.0,4283091.0
Renault,Kwid RXT,2018,3790000.0,100100.0,4181176.0
Renault,Kwid Rxt,2016,3475000.0,70930.0,4283091.0
Renault,Laguna Mk1,1997,2600000.0,108600.0,
Renault,Renault,2016,3500000.0,93000.0,
Skoda,Estelle,1978,775000.0,54275.0,
Skoda,FABIA KAROQ GOLF PASSAT 1.0Ltr,2020,7950000.0,30000.0,
Skoda,Favorit,1990,790000.0,50000.0,
Skoda,Karoq,2018,7500000.0,107000.0,
Ssangyong,Kyron,2008,5650000.0,180000.0,
Ssangyong,Kyron M200 XDI,2009,5650000.0,162000.0,
Ssangyong,Musso,1998,2985000.0,35255.0,
Ssangyong,Rexton,2008,7280000.0,168000.0,
Ssangyong,Rexton W,2014,11000000.0,106000.0,
Ssangyong,Rexton W,2016,11500000.0,140000.0,
Ssangyong,Tivoli,2015,7247500.0,27500.0,7781175.0
Ssangyong,Tivoli,2016,7170625.0,59821.0,7627043.0
Subaru,Daihutsu MiraPleo,2023,5950000.0,33400.0,
Subaru,Forester XT,2008,10800000.0,141000.0,
Subaru,Forester XT Platinum Edition,2008,10500000.0,253000.0,
Subaru,Impreza GF1,2000,3990000.0,165000.0,
Subaru,Impreza Gc1,1995,3975000.0,121000.0,
Subaru,Impreza WRX Not XUV,2015,9900000.0,134000.0,
Subaru,J10,1992,1300000.0,68639.0,
Subaru,Japan,2012,2890000.0,81290.0,
Subaru,Legacy B4,2000,5100000.0,135000.0,
Subaru,Legacy B4,2001,9950000.0,41000.0,
Subaru,Leone,1985,950000.0,123456.0,
Subaru,Leone,1992,495000.0,100000.0,
Subaru,R2,2004,3287500.0,181750.0,3367917.0
Subaru,R2,2006,2750000.0,190000.0,3397399.0
Subaru,REX Z Grade Raize,2024,12550000.0,1200.0,
Subaru,Rex 600,1981,355000.0,123456.0,
Subaru,Rez,2023,11950000.0,11000.0,
Subaru,STI 5,2000,5825000.0,163200.0,
Subaru,STI9,2003,12000000.0,120000.0,
Subaru,Sambar,1998,1500000.0,168000.0,2618678.0
Subaru,Sambar,1999,2431250.0,206181.0,2700708.0
Subaru,Sambar,2000,1750000.0,87950.0,2669161.0
Subaru,Sambar,2003,375000.0,98632.0,2954547.0
Subaru,Stella,2023,7190000.0,11000.0,
Subaru,Subaru,1983,1250000.0,352458.0,1309563.0
Subaru,Subaru,1989,795000.0,285000.0,1702203.0
Subaru,Subaru,2001,29500000.0,10821.0,2951314.0
Subaru,Subaru,2006,3200000.0,215000.0,3332120.0
Subaru,Tv1Sambar,2007,2875000.0,148600.0,
Subaru,V-KV3,1999,2300000.0,220000.0,
Subaru,WRX 3,1992,5100000.0,129600.0,
Subaru,Wrx STI 8,2003,11000000.0,120000.0,
Subaru,XV,2013,10475000.0,149500.0,9912025.0
Subaru,XV,2014,9475000.0,150255.0,10256373.0
Subaru,XV,2015,9375000.0,92500.0,10255165.0
Subaru,XV Eyesight,2013,8475000.0,145000.0,
Suzuki,A-STAR,2011,4490000.0,129000.0,4120720.0
Suzuki,A-STAR VXI,2013,5350000.0,98000.0,
Suzuki,A-Star,2010,4059286.0,122386.0,3961461.0
Suzuki,A-Star,2011,3885862.0,123002.0,3963757.0
Suzuki,A-Star,2012,4368824.0,108024.0,3965993.0
Suzuki,A-Star,2013,4546667.0,131270.0,4170663.0
Suzuki,A-Star VXI,2010,3975000.0,137000.0,
Suzuki,A-Star VXI,2011,3600000.0,150000.0,
Suzuki,A-Star Zxi,2011,4290000.0,145000.0,
Suzuki,A-star,2010,4137500.0,98284.0,4118424.0
Suzuki,A-star,2011,4618750.0,102175.0,4120720.0
Suzuki,A-star,2012,4425000.0,101500.0,4122956.0
Suzuki,A-star,2013,4275000.0,102000.0,4337397.0
Suzuki,AH64S,1993,1790000.0,130.0,
Suzuki,ALTO,2007,2850000.0,108000.0,3047058.0
Suzuki,ALTO,2010,2850000.0,134000.0,3392354.0
Suzuki,ALTO,2011,2970833.0,97815.0,3394649.0
Suzuki,ALTO,2012,3050000.0,129000.0,3419282.0
Suzuki,ALTO,2014,3761667.0,94043.0,4168445.0
Suzuki,ALTO,2015,3759000.0,97618.0,4168787.0
Suzuki,ALTO,2016,4050000.0,68000.0,4238334.0
Suzuki,ALTO 800,2006,2790000.0,114000.0,3374266.0
Suzuki,ALTO 800,2011,2750000.0,130000.0,3625097.0
Suzuki,ALTO 800,2015,3700000.0,90775.0,4352217.0
Suzuki,ALTO 800 LXi,2015,3875000.0,97000.0,4361997.0
Suzuki,ALTO HYBRID,2023,6690000.0,5500.0,
Suzuki,ALTO JAPAN,1999,2600000.0,130000.0,3657993.0
Suzuki,ALTO K10,2012,3302500.0,129751.0,3769572.0
Suzuki,ALTO K10,2013,3340000.0,120000.0,3972138.0
Suzuki,ALTO K10,2015,4300000.0,134000.0,4428116.0
Suzuki,ALTO L,2024,6600000.0,1000.0,
Suzuki,ALTO L Grade,2024,6700000.0,1000.0,
Suzuki,ALTO LXI,2012,2990000.0,88833.0,3558758.0
Suzuki,ALTO Lxi,2007,2800000.0,103000.0,3324287.0
Suzuki,ALTO SPORT,2007,2950000.0,181567.0,3183061.0
Suzuki,ALTO SPORT,2010,3380000.0,56000.0,3454785.0
Suzuki,ALTO SPORTS,2015,3975000.0,100000.0,
Suzuki,Aerio,2003,3831250.0,186026.0,3494041.0
Suzuki,AlTO SPORTS,2015,3710000.0,90000.0,
Suzuki,Alto,1985,1275000.0,262656.0,1365935.0
Suzuki,Alto,1997,1950000.0,175000.0,2172717.0
Suzuki,Alto,1998,2800000.0,144000.0,2293276.0
Suzuki,Alto,1999,2500000.0,155000.0,2299521.0
Suzuki,Alto,2000,3195000.0,123.0,2410582.0
Suzuki,Alto,2001,3100000.0,168000.0,2472748.0
Suzuki,Alto,2002,2583333.0,144833.0,2442338.0
Suzuki,Alto,2003,3041667.0,150333.0,2549752.0
Suzuki,Alto,2004,3464167.0,174150.0,2525662.0
Suzuki,Alto,2005,2733333.0,154333.0,2565610.0
Suzuki,Alto,2006,2744583.0,116805.0,2571585.0
Suzuki,Alto,2007,2771765.0,106743.0,2625304.0
Suzuki,Alto,2008,2894000.0,109247.0,2729758.0
Suzuki,Alto,2009,2912500.0,211375.0,2773608.0
Suzuki,Alto,2010,3007727.0,133647.0,2896971.0
Suzuki,Alto,2011,3080541.0,120115.0,2910800.0
Suzuki,Alto,2012,3224583.0,116915.0,2935433.0
Suzuki,Alto,2013,3375000.0,107050.0,3040049.0
Suzuki,Alto,2014,3549483.0,117714.0,3415007.0
Suzuki,Alto,2015,3776514.0,105749.0,3651057.0
Suzuki,Alto,2016,3869259.0,107488.0,3754499.0
Suzuki,Alto,2017,4112941.0,81841.0,3938093.0
Suzuki,Alto,2018,4303800.0,104194.0,4337669.0
Suzuki,Alto,2019,4750000.0,38287.0,4784819.0
Suzuki,Alto,2023,6625000.0,7348.0,5755717.0
Suzuki,Alto,2024,6856000.0,3934.0,6109974.0
Suzuki,Alto,2025,7500000.0,2500.0,6228752.0
Suzuki,Alto 800,2006,2650000.0,125844.0,3044231.0
Suzuki,Alto 800,2010,3147500.0,131000.0,3255894.0
Suzuki,Alto 800,2011,2890000.0,148600.0,3258190.0
Suzuki,Alto 800,2013,3406250.0,148156.0,3367175.0
Suzuki,Alto 800,2014,3545000.0,140333.0,3612343.0
Suzuki,Alto 800,2015,3772719.0,93695.0,3798067.0
Suzuki,Alto 800,2016,3923750.0,124168.0,3770174.0
Suzuki,Alto 800,2017,4192500.0,75762.0,3817954.0
Suzuki,Alto 800,2018,4190000.0,80350.0,3891139.0
Suzuki,Alto 800 LXI,2012,3400000.0,300000.0,3393091.0
Suzuki,Alto 800 LXI,2014,3630000.0,95833.0,3713836.0
Suzuki,Alto 800 LXI,2015,3772885.0,109410.0,3792616.0
Suzuki,Alto 800 LXI,2016,3983333.0,104934.0,3774700.0
Suzuki,Alto 800 LXI,2017,3907500.0,134550.0,3810285.0
Suzuki,Alto 800 LXi,2016,3900000.0,68000.0,4324899.0
Suzuki,Alto 800 Lxi,2005,2750000.0,156000.0,3433582.0
Suzuki,Alto 800 Lxi,2007,2700000.0,190000.0,3453238.0
Suzuki,Alto 800 Lxi,2015,3791111.0,103851.0,4361997.0
Suzuki,Alto 800 Sports,2014,3500000.0,148000.0,
Suzuki,Alto 800 VXI,2017,3750000.0,130000.0,
Suzuki,Alto A Grade,2024,6400000.0,3000.0,
Suzuki,Alto HA37S L Grade,2023,6100000.0,25000.0,
Suzuki,Alto HA97S Hybrid S,2023,6350000.0,4700.0,
Suzuki,Alto Hybrid,2023,7112500.0,1900.0,
Suzuki,Alto Hybrid S,2024,7163333.0,3064.0,7127662.0
Suzuki,Alto India,2011,3095000.0,185000.0,
Suzuki,Alto Japan,1998,2750000.0,120000.0,2807282.0
Suzuki,Alto Japan,1999,2587500.0,250500.0,2837442.0
Suzuki,Alto Japan,2000,3195000.0,123.0,2951288.0
Suzuki,Alto Japan,2002,3363333.0,173667.0,3338798.0
Suzuki,Alto Japan,2003,3541875.0,179481.0,3543744.0
Suzuki,Alto Japan,2004,3706250.0,147250.0,3525785.0
Suzuki,Alto Japan,2005,3772500.0,127500.0,3631986.0
Suzuki,Alto Japan,2006,3717500.0,113500.0,3833235.0
Suzuki,Alto Japan,2007,4175833.0,132083.0,3925457.0
Suzuki,Alto Japan,2008,3980000.0,139000.0,4309114.0
Suzuki,Alto Japan,2010,4600000.0,160000.0,4922876.0
Suzuki,Alto Japan,2014,4725000.0,67000.0,5243396.0
Suzuki,Alto Japan,2015,5240000.0,110298.0,5290572.0
Suzuki,Alto Japan,2016,5420000.0,79876.0,5256340.0
Suzuki,Alto Japan,2017,5396250.0,96008.0,5430064.0
Suzuki,Alto Japan,2018,5476875.0,80284.0,5570420.0
Suzuki,Alto Japan,2019,5395000.0,110000.0,6185337.0
Suzuki,Alto Japan,2020,5475000.0,100000.0,6333754.0
Suzuki,Alto Japan,2021,5250000.0,73000.0,6318346.0
Suzuki,Alto Japan,2023,6715000.0,11083.0,6152913.0
Suzuki,Alto Japan,2024,6740833.0,3831.0,6385200.0
Suzuki,Alto Japan HA 25s,2009,4600000.0,66000.0,
Suzuki,Alto Japan Hybrid,2024,6850000.0,1600.0,
Suzuki,Alto Japan S GRADE,2016,5650000.0,46000.0,
Suzuki,Alto Japan Safety,2017,5590000.0,65000.0,
Suzuki,Alto Japan Safety,2023,6390000.0,4000.0,
Suzuki,Alto Japan X,2018,5290000.0,85000.0,
Suzuki,Alto K10,2010,3300000.0,157500.0,3433285.0
Suzuki,Alto K10,2011,3312353.0,116347.0,3435581.0
Suzuki,Alto K10,2012,3360000.0,146518.0,3448433.0
Suzuki,Alto K10,2013,3503333.0,191245.0,3549408.0
Suzuki,Alto K10,2014,3962500.0,113500.0,3869972.0
Suzuki,Alto K10,2015,4335000.0,113384.0,4045177.0
Suzuki,Alto K10,2016,4281250.0,124500.0,4157333.0
Suzuki,Alto K10,2017,4875000.0,31000.0,4280520.0
Suzuki,Alto K10 VXI,2005,2675000.0,130000.0,
Suzuki,Alto K10 VXI,2015,4290000.0,154000.0,
Suzuki,Alto K10 Vxi,2005,2900000.0,100000.0,
Suzuki,Alto K10 Vxi,2015,4150000.0,95100.0,
Suzuki,Alto L,2024,6325000.0,1277.0,
Suzuki,Alto L Grade,2023,6575000.0,17000.0,
Suzuki,Alto L Safety,2023,6575000.0,11000.0,6608255.0
Suzuki,Alto L Safety,2024,6510000.0,6500.0,6883817.0
Suzuki,Alto LAPIN,2023,6950000.0,4000.0,
Suzuki,Alto LX 800,2014,3625000.0,102000.0,
Suzuki,Alto LXI,2005,2650000.0,169500.0,3296137.0
Suzuki,Alto LXI,2006,2850000.0,126000.0,3305691.0
Suzuki,Alto LXI,2007,2725000.0,141000.0,3324287.0
Suzuki,Alto LXI,2008,2875000.0,100000.0,3488652.0
Suzuki,Alto LXI,2010,3050000.0,118727.0,3554226.0
Suzuki,Alto LXI,2011,3050000.0,115676.0,3556522.0
Suzuki,Alto LXI,2012,3095000.0,138000.0,3558758.0
Suzuki,Alto LXI,2014,3550000.0,53000.0,4068045.0
Suzuki,Alto LXI,2015,3836364.0,87637.0,4068387.0
Suzuki,Alto LXI,2016,3872500.0,73090.0,4031290.0
Suzuki,Alto Lxi,2006,2665000.0,148500.0,3305691.0
Suzuki,Alto Lxi,2007,2825000.0,165667.0,3324287.0
Suzuki,Alto Lxi,2008,2875000.0,160000.0,3488652.0
Suzuki,Alto Lxi,2009,2882500.0,177000.0,3505795.0
Suzuki,Alto Lxi,2010,3162500.0,90550.0,3554226.0
Suzuki,Alto Lxi,2011,2962500.0,161000.0,3556522.0
Suzuki,Alto Lxi,2012,3100000.0,95854.0,3558758.0
Suzuki,Alto Lxi,2015,3790000.0,104651.0,4068387.0
Suzuki,Alto Lxi,2016,3838333.0,109796.0,4031290.0
Suzuki,Alto Sport,2005,3050000.0,95750.0,2840383.0
Suzuki,Alto Sport,2006,2695000.0,122000.0,2845133.0
Suzuki,Alto Sport,2008,2900000.0,157848.0,2959595.0
Suzuki,Alto Sport,2010,3063333.0,98667.0,3050619.0
Suzuki,Alto Sport,2011,3121875.0,139312.0,3052914.0
Suzuki,Alto Sport,2012,3200000.0,102000.0,3055150.0
Suzuki,Alto Sport,2015,3807500.0,130000.0,3705655.0
Suzuki,Alto Sport,2017,3812500.0,102132.0,3814803.0
Suzuki,Alto Vxi,2014,3600000.0,176000.0,
Suzuki,Alto Works,2004,3340000.0,90000.0,
Suzuki,Alto X Grade,2024,7400000.0,1480.0,
Suzuki,BALENO,1997,500000.0,187.0,4905670.0
Suzuki,BALENO,2019,8200000.0,109000.0,7541133.0
Suzuki,Baleno,1996,8343750.0,149488.0,4926757.0
Suzuki,Baleno,1997,2050000.0,218000.0,4905670.0
Suzuki,Baleno,1998,2100000.0,170000.0,4436777.0
Suzuki,Baleno,1999,2520000.0,5629.0,4341390.0
Suzuki,Baleno,2016,7524583.0,97333.0,6800735.0
Suzuki,Baleno,2017,7369000.0,114940.0,6909060.0
Suzuki,Baleno,2018,7760000.0,105750.0,7409619.0
Suzuki,Baleno,2019,8250000.0,71260.0,7541133.0
Suzuki,Baleno,2020,8800000.0,103000.0,7607482.0
Suzuki,Baleno Highest Spec,2019,8250000.0,22000.0,
Suzuki,Baleno Japan,2018,7900000.0,131440.0,
Suzuki,Baleno Japan Spec,2018,7800000.0,80000.0,
Suzuki,Baleno Turbo NZ,2020,7875000.0,79000.0,
Suzuki,Buddy,1998,2150000.0,111.0,
Suzuki,Buddy,2001,3310000.0,150000.0,
Suzuki,CARRY FREEZER TRUCK,2025,8750000.0,190.0,
Suzuki,CELERIO,2015,5575000.0,118000.0,5723977.0
Suzuki,CELERIO,2017,5190000.0,78000.0,5823068.0
Suzuki,CELERIO VXI,2015,4883333.0,73933.0,5618445.0
Suzuki,CELERIO VXI,2016,4690000.0,108000.0,5559729.0
Suzuki,CELERIO VXI AMT,2014,5175000.0,75000.0,
Suzuki,CELERIO VXI AMT,2015,4880000.0,109565.0,
Suzuki,CELERIO X ZXI,2018,5891667.0,60567.0,6073817.0
Suzuki,CLIPPER JOIN,2023,7825000.0,5000.0,
Suzuki,Carol,2023,6590000.0,9900.0,
Suzuki,Carry,1999,2850000.0,260000.0,2540469.0
Suzuki,Carry,2000,2038750.0,112600.0,2645280.0
Suzuki,Carry,2001,2288333.0,129645.0,2699344.0
Suzuki,Carry,2002,2300000.0,200000.0,2708511.0
Suzuki,Carry,2003,2908333.0,166333.0,2880129.0
Suzuki,Carry,2008,3000000.0,120000.0,3128428.0
Suzuki,Carry,2012,3700000.0,190000.0,3357146.0
Suzuki,Carry,2013,3899000.0,124000.0,3433487.0
Suzuki,Carry,2014,4650000.0,74875.0,3665159.0
Suzuki,Carry,2015,4500000.0,80000.0,3910822.0
Suzuki,Carry,2016,4366667.0,66570.0,4004124.0
Suzuki,Carry,2017,3110000.0,77500.0,4312578.0
Suzuki,Carry,2018,1950000.0,160000.0,4560510.0
Suzuki,Carry,2019,7700000.0,320000.0,5058793.0
Suzuki,Carry,2020,1000000.0,110000.0,5484678.0
Suzuki,Carry,2022,4875000.0,8000.0,5756902.0
Suzuki,Carry,2023,5142857.0,3822.0,5981884.0
Suzuki,Carry,2024,5487500.0,4875.0,6251365.0
Suzuki,Carry,2025,5441667.0,209.0,6408489.0
Suzuki,Carry 4WD,2022,5550000.0,20000.0,
Suzuki,Carry 4WD,2023,5290000.0,1520.0,
Suzuki,Carry Clipper 4WD,2024,5175000.0,270.0,
Suzuki,Carry Freezer,2022,7422500.0,13250.0,
Suzuki,Carry Truck AT,2023,5350000.0,17000.0,
Suzuki,Carry Truck Freezer,2025,7900000.0,900.0,
Suzuki,Carry Truck KC,2023,4700000.0,5000.0,
Suzuki,Carry Truck KC,2024,5190000.0,2000.0,
Suzuki,Carry Trucy,2021,4750000.0,13800.0,
Suzuki,Cary,2023,5150000.0,7600.0,
Suzuki,Celerio,2014,4885833.0,128574.0,4939628.0
Suzuki,Celerio,2015,5029327.0,101248.0,4943685.0
Suzuki,Celerio,2016,5055000.0,113545.0,4895004.0
Suzuki,Celerio,2017,5257143.0,62308.0,5082023.0
Suzuki,Celerio LXI,2014,4700000.0,120000.0,4817286.0
Suzuki,Celerio LXI,2015,4546667.0,72907.0,4817629.0
Suzuki,Celerio LXl,2015,4230000.0,187000.0,
Suzuki,Celerio Lxi,2015,4850000.0,103950.0,4817629.0
Suzuki,Celerio VXI,2014,4854000.0,112253.0,5618102.0
Suzuki,Celerio VXI,2015,4979091.0,111263.0,5618445.0
Suzuki,Celerio VXI,2016,5155000.0,73270.0,5559729.0
Suzuki,Celerio Vxi,2014,4925000.0,95609.0,5117359.0
Suzuki,Celerio Vxi,2015,5075588.0,107400.0,5124384.0
Suzuki,Celerio Vxi,2016,5168333.0,93027.0,5065669.0
Suzuki,Celerio Vxi AMT Limited,2015,5000000.0,82000.0,
Suzuki,Celerio X,2018,5830000.0,70986.0,6059480.0
Suzuki,Celerio X Version,2018,5850000.0,75020.0,
Suzuki,Celerio X ZXI,2018,5800000.0,101000.0,6073817.0
Suzuki,Celerio X Zxi,2018,6212500.0,125100.0,6073817.0
Suzuki,Celerio ZXI,2015,4808333.0,118333.0,5747245.0
Suzuki,Celerio ZXI,2017,5300000.0,116600.0,5830160.0
Suzuki,Celerio ZXI,2019,5790000.0,78000.0,6630716.0
Suzuki,Celerio ZXi,2017,4975000.0,150000.0,5830160.0
Suzuki,Celerio Zxi,2014,4850000.0,90600.0,5746902.0
Suzuki,Celerio Zxi,2015,4875000.0,139000.0,5747245.0
Suzuki,Celerio Zxi,2016,4980000.0,141044.0,5682733.0
Suzuki,Ciaz,2016,6500000.0,136000.0,
Suzuki,Cultus,1996,2400000.0,146728.0,2260333.0
Suzuki,Cultus,1997,2500000.0,139000.0,2501613.0
Suzuki,Cultus,2000,2750000.0,18600.0,2638675.0
Suzuki,Cultus Hatchback Wagon,1997,2350000.0,165700.0,
Suzuki,Custom Zx,2023,3275000.0,34000.0,
Suzuki,DA 17,2025,7800000.0,1063.0,
Suzuki,DA17,2015,4743750.0,119250.0,4687553.0
Suzuki,DA17,2016,5687500.0,87625.0,4642020.0
Suzuki,DA17,2017,5400000.0,120250.0,4748551.0
Suzuki,DA17,2018,585000.0,84000.0,4945730.0
Suzuki,DA17 Every,2017,5390000.0,125000.0,
Suzuki,DA17 Full Join Turbo,2016,5725000.0,144500.0,
Suzuki,DA17V,2016,5775000.0,98484.0,
Suzuki,DA17v,2017,6350000.0,73500.0,
Suzuki,DA52V,2000,3400000.0,240000.0,
Suzuki,DA64,2006,4525000.0,163930.0,4359442.0
Suzuki,DA64,2007,4400000.0,160000.0,4533300.0
Suzuki,DA64,2011,5100000.0,150000.0,4958006.0
Suzuki,DA64,2013,5441667.0,4938.0,5579631.0
Suzuki,DA64,2014,5600000.0,142600.0,5745851.0
Suzuki,DA64,2015,5685000.0,79.0,5746193.0
Suzuki,DA64V,2012,6250000.0,75550.0,5324097.0
Suzuki,DA64V,2013,5316667.0,113767.0,5581708.0
Suzuki,DA64v,2014,5650000.0,106000.0,5651156.0
Suzuki,DAA-MH555,2017,6300000.0,45000.0,
Suzuki,DAA-MH55S,2017,6000000.0,115374.0,
Suzuki,DAA-MH55S WAGON R,2018,6750000.0,43258.0,
Suzuki,DAA-MN71S-XBEE,2019,8200000.0,52361.0,
Suzuki,DB52,2001,3275000.0,145000.0,
Suzuki,Da17,2016,5362500.0,137500.0,4642020.0
Suzuki,Da17,2017,5650000.0,78000.0,4748551.0
Suzuki,Da64,2008,2250000.0,200000.0,4853815.0
Suzuki,Da64,2014,3000000.0,200000.0,5745851.0
Suzuki,Da64 Full Join Turbo,2012,5400000.0,143000.0,
Suzuki,EBD DA17,2017,6750000.0,95000.0,
Suzuki,ERTIGA,2014,6000000.0,52400.0,
Suzuki,ERTIGA ZXI,2013,6485000.0,52400.0,
Suzuki,ESCUDO,2004,4990000.0,179480.0,5282879.0
Suzuki,ESCUDO VITARA,1996,3975000.0,200000.0,
Suzuki,ESTILO,2010,1750000.0,94500.0,3722719.0
Suzuki,ESTILO,2011,3872500.0,127740.0,3725015.0
Suzuki,EVERY,1999,3375000.0,256000.0,3648301.0
Suzuki,EVERY,2013,5562500.0,123500.0,5698156.0
Suzuki,EVERY,2015,6490000.0,58000.0,5737009.0
Suzuki,EVERY,2016,5975000.0,94000.0,5672497.0
Suzuki,EVERY,2018,6125000.0,111000.0,6087787.0
Suzuki,EVERY,2020,6395000.0,53.0,6703104.0
Suzuki,EVERY DA 17,2017,6400000.0,115000.0,5809895.0
Suzuki,EVERY DA17,2016,6400000.0,62000.0,6648577.0
Suzuki,EVERY DA17,2018,1975000.0,95000.0,7162227.0
Suzuki,EVERY DA17,2020,5625000.0,71000.0,7489768.0
Suzuki,EVERY DA17,2021,5375000.0,84000.0,8055300.0
Suzuki,EVERY DA17 GA,2016,5475000.0,109000.0,
Suzuki,EVERY DA17V Full Join,2018,7000000.0,93077.0,
Suzuki,EVERY DA52V,2005,3350000.0,130.0,
Suzuki,EVERY DA64,2014,4990000.0,200000.0,5641082.0
Suzuki,EVERY FULL JOIN,2024,7900000.0,7000.0,8049294.0
Suzuki,EVERY FULL JOIN TURBO,2019,6175000.0,112000.0,6699574.0
Suzuki,EVERY FULL JOIN TURBO,2025,8850000.0,1.0,7132042.0
Suzuki,EVERY FULL Join,2017,1500000.0,90000.0,7476789.0
Suzuki,EVERY JOIN,2025,8590000.0,300.0,7393142.0
Suzuki,EVERY JOIN FULL,2016,5750000.0,88000.0,
Suzuki,EVERY LIMITED,2023,7600000.0,8000.0,
Suzuki,EVERY PA LIMITED,2022,6790000.0,17000.0,6796788.0
Suzuki,EVERY PA LIMITED,2023,7725000.0,4500.0,6823360.0
Suzuki,EVERY PA LIMITED,2024,7600000.0,220.0,7082153.0
Suzuki,EVERY PA LIMITED,2025,7390000.0,290.0,7234015.0
Suzuki,EVERY PA-LTD,2025,7550000.0,7.0,
Suzuki,EVERY PC,2023,7150000.0,1800.0,
Suzuki,EVERY PC,2024,7150000.0,8000.0,
Suzuki,EVERY S JOIN LIMITED,2024,2500000.0,560.0,
Suzuki,EVERY SEMI JOIN DA17V,2022,6890000.0,18000.0,
Suzuki,EVERY WAGON,2014,5980000.0,79000.0,6982197.0
Suzuki,EVERY WAGON,2015,6100000.0,97500.0,6998445.0
Suzuki,EVERY WAGON,2024,9350000.0,4000.0,7696473.0
Suzuki,EVERY WAGON PZ TURBO,2023,8475000.0,16000.0,7795688.0
Suzuki,EVERY WAGON PZ TURBO,2024,9475000.0,1000.0,7944466.0
Suzuki,EVERY WAGON TURBO,2014,6650000.0,75000.0,6492304.0
Suzuki,EVERY WAGON TURBO,2024,9000000.0,4000.0,7536159.0
Suzuki,Ertiga,2014,4990000.0,120000.0,
Suzuki,Ertiga 07 Seater,2018,6575000.0,160000.0,
Suzuki,Ertiga Vxi,2018,7600000.0,174000.0,
Suzuki,Escudo,1997,4675000.0,188114.0,5016460.0
Suzuki,Escudo,2007,8000000.0,149000.0,5293704.0
Suzuki,Escudo Sport,2000,4295000.0,175000.0,
Suzuki,Esteem,1999,1920000.0,113250.0,2244266.0
Suzuki,Esteem,2005,2317500.0,89750.0,2388553.0
Suzuki,Esteem,2006,2650000.0,17000.0,2428542.0
Suzuki,Estilo,2008,3181667.0,148262.0,3674424.0
Suzuki,Estilo,2010,3702500.0,124801.0,3736310.0
Suzuki,Estilo,2011,3784000.0,100347.0,3738605.0
Suzuki,Estilo,2012,3987500.0,121500.0,3751458.0
Suzuki,Estilo VXI,2011,3750000.0,195000.0,
Suzuki,Every,1998,2475000.0,100000.0,3015001.0
Suzuki,Every,1999,3100000.0,164020.0,3053350.0
Suzuki,Every,2000,2975625.0,167875.0,3150468.0
Suzuki,Every,2001,3521500.0,141335.0,3386085.0
Suzuki,Every,2002,3780000.0,133944.0,3530073.0
Suzuki,Every,2003,1866250.0,141225.0,3784174.0
Suzuki,Every,2004,3675000.0,144000.0,3765918.0
Suzuki,Every,2005,2395000.0,137505.0,3888243.0
Suzuki,Every,2006,2988500.0,129244.0,4085496.0
Suzuki,Every,2007,4683571.0,138371.0,4155077.0
Suzuki,Every,2008,4371250.0,163534.0,4489930.0
Suzuki,Every,2009,5016667.0,112714.0,4519047.0
Suzuki,Every,2011,5095000.0,116060.0,5020770.0
Suzuki,Every,2012,4717857.0,189579.0,5023005.0
Suzuki,Every,2013,5507083.0,108760.0,5306280.0
Suzuki,Every,2014,5471842.0,90899.0,5460480.0
Suzuki,Every,2015,5595588.0,100567.0,5455777.0
Suzuki,Every,2016,5940000.0,94256.0,5405014.0
Suzuki,Every,2017,5522500.0,74264.0,5643537.0
Suzuki,Every,2018,5950714.0,66166.0,5737919.0
Suzuki,Every,2019,5082500.0,66750.0,6431772.0
Suzuki,Every,2020,5485000.0,67100.0,6519836.0
Suzuki,Every,2022,6400000.0,166115.0,6402836.0
Suzuki,Every,2023,7085000.0,20275.0,6429408.0
Suzuki,Every,2024,7270333.0,4832.0,6714482.0
Suzuki,Every,2025,7546818.0,674.0,7418356.0
Suzuki,Every Buddy,2001,3300000.0,190.0,
Suzuki,Every D64 Full Semi Join,2019,6150000.0,56000.0,
Suzuki,Every DA 17,2016,5650000.0,83574.0,5662467.0
Suzuki,Every DA 17,2017,5433333.0,116667.0,5809895.0
Suzuki,Every DA 17,2020,5875000.0,95000.0,6818101.0
Suzuki,Every DA 17 Fully,2017,6875000.0,110000.0,
Suzuki,Every DA 17 Join,2017,5845000.0,148000.0,
Suzuki,Every DA-17 PC,2018,5775000.0,105000.0,
Suzuki,Every DA17,2015,5726667.0,89700.0,6530233.0
Suzuki,Every DA17,2016,5466667.0,99667.0,6648577.0
Suzuki,Every DA17,2017,5833125.0,81562.0,7046148.0
Suzuki,Every DA17,2018,5770000.0,76000.0,7162227.0
Suzuki,Every DA17,2022,739000.0,21000.0,7845594.0
Suzuki,Every DA17,2023,6990000.0,6000.0,7928119.0
Suzuki,Every DA17 Full,2023,6675000.0,42000.0,
Suzuki,Every DA17 Full Join Turbo,2018,6650000.0,70000.0,
Suzuki,Every DA17 PC,2018,6500000.0,87000.0,
Suzuki,Every DA17 PC Limited,2025,7450000.0,1450.0,
Suzuki,Every DA17Join,2015,6075000.0,132000.0,
Suzuki,Every DA17V,2019,6500000.0,59000.0,
Suzuki,Every DA17V Full Join,2014,5475000.0,91000.0,
Suzuki,Every DA17V Full Join Turbo,2024,9350000.0,350.0,
Suzuki,Every DA17V JOIN,2018,6265000.0,105565.0,
Suzuki,Every DA17V Safety,2024,1495000.0,9000.0,
Suzuki,Every DA17W,2015,7650000.0,107000.0,
Suzuki,Every DA17v,2016,6400000.0,80000.0,
Suzuki,Every DA17v,2018,6150000.0,60000.0,
Suzuki,Every DA52,2000,3450000.0,132000.0,
Suzuki,Every DA62,2001,3195000.0,123456.0,
Suzuki,Every DA62,2002,3550000.0,192346.0,
Suzuki,Every DA62 JOIN,2001,3540000.0,114300.0,
Suzuki,Every DA62V,2003,3590000.0,1234.0,
Suzuki,Every DA64,2007,4800000.0,194000.0,4548782.0
Suzuki,Every DA64,2010,5350000.0,140000.0,5106748.0
Suzuki,Every DA64,2011,5155000.0,76724.0,5182709.0
Suzuki,Every DA64,2012,5175000.0,109000.0,5293357.0
Suzuki,Every DA64,2013,5366667.0,128000.0,5602571.0
Suzuki,Every DA64,2014,5641667.0,79467.0,5641082.0
Suzuki,Every DA64,2017,5950000.0,65000.0,5684796.0
Suzuki,Every DA64 Full Join,2008,5100000.0,250.0,
Suzuki,Every DA64 Full Joinurbo,2012,5525000.0,180000.0,
Suzuki,Every DA64 SEMI Join,2011,5050000.0,111000.0,
Suzuki,Every DA64V,2009,5025000.0,101500.0,
Suzuki,Every DA64V Full Join,2013,5400000.0,106300.0,
Suzuki,Every DA64v,2014,6000000.0,54000.0,
Suzuki,Every Da 17,2017,5950000.0,150000.0,5809895.0
Suzuki,Every Da17,2016,6000000.0,103000.0,6648577.0
Suzuki,Every Da17,2017,6500000.0,138000.0,7046148.0
Suzuki,Every Da17,2019,6550000.0,19800.0,7304092.0
Suzuki,Every Da17 PA,2016,6000000.0,24000.0,
Suzuki,Every Da17 Safety,2019,5450000.0,114000.0,
Suzuki,Every Da52,1999,3262500.0,112584.0,
Suzuki,Every Da62,2003,3890000.0,72000.0,
Suzuki,Every Da62,2004,4000000.0,90000.0,
Suzuki,Every Da62v,2003,3275000.0,255000.0,
Suzuki,Every Da64,2011,5290000.0,145000.0,5182709.0
Suzuki,Every Da64,2013,5200000.0,180.0,5602571.0
Suzuki,Every Da64,2015,4875000.0,148000.0,5641424.0
Suzuki,Every Day 17,2017,5475000.0,90000.0,
Suzuki,Every FULL JOIN,2025,8210000.0,29.0,8150726.0
Suzuki,Every Full,2023,6950000.0,10200.0,
Suzuki,Every Full,2025,7550000.0,2190.0,
Suzuki,Every Full Join,2003,4500000.0,251869.0,5464756.0
Suzuki,Every Full Join,2008,4875000.0,186000.0,5804252.0
Suzuki,Every Full Join,2011,6200000.0,112085.0,7038684.0
Suzuki,Every Full Join,2014,950000.0,98632.0,7410998.0
Suzuki,Every Full Join,2017,5707500.0,103000.0,7476789.0
Suzuki,Every Full Join,2019,8750000.0,10250.0,8082560.0
Suzuki,Every Full Join,2024,8370000.0,4150.0,8049294.0
Suzuki,Every Full Join,2025,8412500.0,1192.0,8150726.0
Suzuki,Every Full Join Turbo,2007,5650000.0,139000.0,5004873.0
Suzuki,Every Full Join Turbo,2016,6220000.0,61750.0,5928235.0
Suzuki,Every Full Join Turbo,2017,6600000.0,64000.0,6084084.0
Suzuki,Every Full Join Turbo,2018,6400000.0,119000.0,6394273.0
Suzuki,Every Full Join Turbo,2020,6662500.0,42500.0,6762137.0
Suzuki,Every Full Join Turbo,2024,8000000.0,3700.0,6838494.0
Suzuki,Every Full Join Turbo DA 17,2015,5800000.0,68000.0,
Suzuki,Every JOIN DA52,2000,3275000.0,200000.0,
Suzuki,Every JOIN GX AT,2025,7390000.0,25.0,
Suzuki,Every Join,2000,3275000.0,265000.0,4548798.0
Suzuki,Every Join,2001,3587500.0,139000.0,4697453.0
Suzuki,Every Join,2003,3350000.0,98632.0,4964550.0
Suzuki,Every Join,2015,5290000.0,90000.0,6206135.0
Suzuki,Every Join,2016,6175000.0,98072.0,6141624.0
Suzuki,Every Join,2018,6222500.0,70500.0,6715134.0
Suzuki,Every Join,2023,7225000.0,7350.0,6819695.0
Suzuki,Every Join,2024,7915000.0,8640.0,7095982.0
Suzuki,Every Join,2025,8168333.0,827.0,7393142.0
Suzuki,Every Join Full,2025,8200000.0,4.0,
Suzuki,Every Join Turbo,2018,6690000.0,40000.0,6682321.0
Suzuki,Every Join Turbo,2023,7650000.0,9000.0,6915167.0
Suzuki,Every Join Turbo,2024,8475000.0,2000.0,7173960.0
Suzuki,Every PA,2018,5995000.0,700000.0,6367638.0
Suzuki,Every PA,2023,7017500.0,10750.0,6503125.0
Suzuki,Every PA,2024,7385000.0,15000.0,6793999.0
Suzuki,Every PA DA17,2023,6750000.0,11000.0,
Suzuki,Every PA LIMITED,2023,7000000.0,10000.0,6823360.0
Suzuki,Every PA Limited,2022,6700000.0,23817.0,6796788.0
Suzuki,Every PA Limited,2023,6733000.0,16902.0,6823360.0
Suzuki,Every PA Limited,2024,7357222.0,3785.0,7082153.0
Suzuki,Every PA Limited,2025,7596667.0,6.0,7234015.0
Suzuki,Every PA Ltd,2024,7050000.0,11950.0,
Suzuki,Every PC,2023,7275000.0,5900.0,
Suzuki,Every PC,2024,7550000.0,20000.0,
Suzuki,Every PC Limited,2016,5700000.0,110000.0,5956791.0
Suzuki,Every PC Limited,2020,6900000.0,40620.0,6951755.0
Suzuki,Every PC Limited,2024,7583333.0,5667.0,7007009.0
Suzuki,Every PC Limited,2025,7806250.0,1602.0,7304169.0
Suzuki,Every PC Ltd Semi Join,2024,6880000.0,20800.0,
Suzuki,Every Pa Model,2023,7100000.0,17000.0,
Suzuki,Every Pc Limited,2018,1390000.0,51632.0,6444799.0
Suzuki,Every Pc Limited,2024,7900000.0,4500.0,7007009.0
Suzuki,Every RPM Meter,2024,7290000.0,3680.0,
Suzuki,Every Semi Join,2011,5590000.0,144000.0,5232007.0
Suzuki,Every Semi Join,2014,5637500.0,111228.0,5690379.0
Suzuki,Every Semi Join,2016,5675000.0,97000.0,5626210.0
Suzuki,Every Semi Join,2018,5750000.0,98000.0,6041500.0
Suzuki,Every Semi Join DA 17,2015,5490000.0,130000.0,
Suzuki,Every Turbo,2016,6900000.0,135000.0,
Suzuki,Every Turbo,2017,6950000.0,63850.0,
Suzuki,Every Turbo Join,2024,8600000.0,10000.0,
Suzuki,Every WAGON,2024,9200000.0,4000.0,7696473.0
Suzuki,Every Wagon,2001,3400000.0,200000.0,4538566.0
Suzuki,Every Wagon,2004,3500000.0,140000.0,5119497.0
Suzuki,Every Wagon,2012,5690000.0,120000.0,6518522.0
Suzuki,Every Wagon,2014,5872500.0,74711.0,6982197.0
Suzuki,Every Wagon,2015,6525000.0,120975.0,6998445.0
Suzuki,Every Wagon,2016,7425000.0,108500.0,6956149.0
Suzuki,Every Wagon,2017,7325000.0,84333.0,7043990.0
Suzuki,Every Wagon,2018,7196667.0,96361.0,7569219.0
Suzuki,Every Wagon,2019,7250000.0,66000.0,7647227.0
Suzuki,Every Wagon,2020,7450000.0,100000.0,7707148.0
Suzuki,Every Wagon,2023,6435000.0,19625.0,7536531.0
Suzuki,Every Wagon,2024,9400000.0,885.0,7696473.0
Suzuki,Every Wagon,2025,9950000.0,5.0,7799829.0
Suzuki,Every Wagon DA64,2014,5915000.0,180.0,
Suzuki,Every Wagon Full Join,2014,6350000.0,175.0,
Suzuki,Every Wagon PZ,2023,8725000.0,12000.0,
Suzuki,Every Wagon PZ IMPORT,2024,8550000.0,4000.0,
Suzuki,Every Wagon PZ Turbo,2023,8300000.0,6000.0,7795688.0
Suzuki,Every Wagon PZ Turbo,2024,9068000.0,6880.0,7944466.0
Suzuki,Every Wagon PZ Turbo,2025,9212500.0,281.0,8168064.0
Suzuki,Every Wagon Pz,2024,8875000.0,2765.0,
Suzuki,Every Wagon Pz Turbo,2023,8500000.0,16000.0,7795688.0
Suzuki,Every Wagon Pz Turbo Special Edition,2024,2650000.0,420.0,
Suzuki,Every Wagon Pz Turbo Special Edition,2025,3050000.0,100.0,
Suzuki,Every Wagon Turbo,2011,5350000.0,165800.0,6183059.0
Suzuki,Every Wagon Turbo,2013,5800000.0,52000.0,6424379.0
Suzuki,Every Wagon Turbo,2014,5590000.0,120000.0,6492304.0
Suzuki,Every Wagon Turbo,2015,7200000.0,67500.0,6492647.0
Suzuki,Every Wagon Turbo,2018,7100000.0,70000.0,6871874.0
Suzuki,Every Wagon Turbo,2023,8650000.0,4500.0,7298000.0
Suzuki,Every Wagon Turbo,2024,8650000.0,5500.0,7536159.0
Suzuki,FULL JOIN CUSTOM TURBO,2025,2500000.0,220.0,
Suzuki,FX,2017,5900000.0,85000.0,
Suzuki,Flair Wagon,2024,8500000.0,10000.0,
Suzuki,Freezer,2017,5850000.0,172000.0,
Suzuki,Fronx,2025,10416667.0,2347.0,9860961.0
Suzuki,Fronx Alpha Turbo,2025,1060000.0,23.0,
Suzuki,GRAND VITARA,2013,10000000.0,51647.0,7127718.0
Suzuki,GRAND VITARA KJ-,2007,6875000.0,170000.0,
Suzuki,Grand Escudo XL7,2003,6500000.0,223000.0,
Suzuki,Grand Escudo Xl7,2003,6900000.0,220000.0,
Suzuki,Grand Vitara,1994,2700000.0,160000.0,4542535.0
Suzuki,Grand Vitara,1998,4500000.0,230000.0,4226531.0
Suzuki,Grand Vitara,2000,4000000.0,123456.0,4239794.0
Suzuki,Grand Vitara,2006,6650000.0,214000.0,5327780.0
Suzuki,Grand Vitara,2007,6950000.0,172000.0,5270870.0
Suzuki,Grand Vitara,2011,8000000.0,213000.0,6553082.0
Suzuki,Grand Vitara,2012,8775000.0,152500.0,6827124.0
Suzuki,Grand Vitara,2013,8891667.0,104830.0,7127718.0
Suzuki,Grand Vitara,2019,10900000.0,98000.0,7708512.0
Suzuki,Grand Vitara Escudo,2005,6370000.0,163300.0,
Suzuki,Grand Vitara Escudo,2008,7490000.0,187000.0,
Suzuki,Grand Vitara Japan,2006,7225000.0,184000.0,
Suzuki,Grand Vitara VVT JAPAN,2013,8550000.0,105000.0,
Suzuki,Grand Vitara XL7,2005,5900000.0,192500.0,
Suzuki,Gypsy,1990,1675000.0,194000.0,1492207.0
Suzuki,Gypsy,1996,2250000.0,12585.0,1825028.0
Suzuki,Gypsy,1999,1250000.0,241000.0,1987204.0
Suzuki,HUSTLER,2015,5882500.0,100925.0,5710266.0
Suzuki,HUSTLER,2017,5950000.0,85500.0,5753638.0
Suzuki,HUSTLER J STYLE,2024,8600000.0,9800.0,6714499.0
Suzuki,HUSTLER SAFETY,2018,6090000.0,97450.0,
Suzuki,HUSTLER TOUGH WILD,2024,8150000.0,8300.0,
Suzuki,Hatchback,2011,4000000.0,74000.0,
Suzuki,Hustler,2015,5938750.0,99798.0,5522900.0
Suzuki,Hustler,2016,5889167.0,104683.0,5465731.0
Suzuki,Hustler,2017,5091667.0,92569.0,5555637.0
Suzuki,Hustler,2018,6090000.0,107666.0,5713518.0
Suzuki,Hustler,2019,5950000.0,94135.0,6256504.0
Suzuki,Hustler,2023,7975000.0,5350.0,6419830.0
Suzuki,Hustler,2024,9200000.0,5000.0,6646290.0
Suzuki,Hustler,2025,8175000.0,750.0,7329964.0
Suzuki,Hustler G,2023,7590000.0,22000.0,
Suzuki,Hustler G,2024,7850000.0,6000.0,
Suzuki,Hustler G Grade,2025,8000000.0,244.0,
Suzuki,Hustler J STYLE 2,2016,6990000.0,51000.0,
Suzuki,Hustler J Style,2015,5608333.0,106779.0,5723038.0
Suzuki,Hustler J Style,2016,5890000.0,138000.0,5658527.0
Suzuki,Hustler J Style,2017,6041667.0,89629.0,5766411.0
Suzuki,Hustler J Style,2024,7900000.0,3000.0,6714499.0
Suzuki,Hustler J Style Hybrid,2023,8700000.0,17000.0,
Suzuki,Hustler Jasty,2017,6300000.0,87000.0,
Suzuki,Hustler Tough Wild Turbo,2024,8800000.0,245.0,
Suzuki,Hustler X,2023,7762500.0,14000.0,7366466.0
Suzuki,Hustler X,2024,8400000.0,6500.0,7540570.0
Suzuki,HustlerJ Style 2 Turbo,2017,6775000.0,58000.0,
Suzuki,HustlerTough Wild Turbo,2024,8550000.0,10500.0,
Suzuki,Ignis,2016,6130000.0,85990.0,
Suzuki,JIMNY JAPAN,2023,10700000.0,12000.0,
Suzuki,Jimny,1986,1475000.0,87524.0,1107333.0
Suzuki,Jimny,2015,6775000.0,47000.0,5430503.0
Suzuki,Jimny,2023,9800000.0,8000.0,5986902.0
Suzuki,Jimny JB23W,2017,6800000.0,30500.0,
Suzuki,Jimny JB64W XC,2025,9650000.0,5800.0,
Suzuki,Jimny Land Venture,2019,7450000.0,18000.0,
Suzuki,K10 VXI,2015,4500000.0,82500.0,
Suzuki,Kei Swift,2008,4275000.0,145000.0,
Suzuki,Kei Turbo,2007,4650000.0,100000.0,
Suzuki,LIANA,2006,3875000.0,190000.0,3576073.0
Suzuki,LIANA Aerio,2007,4350000.0,185000.0,
Suzuki,Lapin,2004,4450000.0,146500.0,
Suzuki,Liana,2002,3400000.0,178352.0,3423902.0
Suzuki,Liana,2003,3345000.0,210500.0,3544830.0
Suzuki,Liana,2004,3513333.0,180333.0,3533103.0
Suzuki,Liana,2005,3837500.0,90066.0,3576976.0
Suzuki,Liana,2006,4190000.0,155000.0,3576073.0
Suzuki,Liana Japan,2005,3425000.0,155900.0,
Suzuki,Liana Sports,2006,3990000.0,155000.0,
Suzuki,M13 A,2004,1850000.0,130000.0,
Suzuki,MARUTI,1996,1380000.0,408706.0,2186420.0
Suzuki,MARUTI,1999,1575000.0,95000.0,2419473.0
Suzuki,MARUTI,2004,2150000.0,65.0,2710294.0
Suzuki,MARUTI,2009,2350000.0,119066.0,3183072.0
Suzuki,MARUTI,2010,2375000.0,98799.0,3250218.0
Suzuki,MARUTI,2011,2550000.0,96558.0,3252513.0
Suzuki,MARUTI,2012,2325000.0,1.0,3306897.0
Suzuki,MARUTI 800,2004,2050000.0,153457.0,2519076.0
Suzuki,MARUTI 800,2007,2075000.0,98350.0,2582713.0
Suzuki,MARUTI 800,2011,2537500.0,82000.0,3039634.0
Suzuki,MARUTI 800,2012,2580000.0,102250.0,3079830.0
Suzuki,MARUTI ZEN,2006,2676250.0,153200.0,2978242.0
Suzuki,MH 55S,2017,6450000.0,160000.0,
Suzuki,MH 55S,2018,6550000.0,103000.0,
Suzuki,MH44S,2014,5700000.0,106000.0,
Suzuki,Maruti,1981,650000.0,350000.0,1304349.0
Suzuki,Maruti,1987,895000.0,175000.0,1530507.0
Suzuki,Maruti,1990,1280000.0,125000.0,1758438.0
Suzuki,Maruti,1995,1330000.0,50000.0,1976587.0
Suzuki,Maruti,1996,1250000.0,74914.0,2020578.0
Suzuki,Maruti,1998,1415833.0,119358.0,2221832.0
Suzuki,Maruti,1999,5310000.0,87500.0,2280965.0
Suzuki,Maruti,2000,1312500.0,119000.0,2707987.0
Suzuki,Maruti,2001,1680000.0,100000.0,2677871.0
Suzuki,Maruti,2003,1905833.0,48870.0,2543910.0
Suzuki,Maruti,2004,1765000.0,125025.0,2454227.0
Suzuki,Maruti,2005,1959667.0,149134.0,2352614.0
Suzuki,Maruti,2006,2070091.0,101233.0,2254933.0
Suzuki,Maruti,2007,2105676.0,107766.0,2346939.0
Suzuki,Maruti,2008,2202222.0,51289.0,2435994.0
Suzuki,Maruti,2009,2235000.0,156409.0,2467814.0
Suzuki,Maruti,2010,2360625.0,90472.0,2517798.0
Suzuki,Maruti,2011,2380000.0,108657.0,2531627.0
Suzuki,Maruti,2012,2438158.0,77264.0,2587201.0
Suzuki,Maruti,2013,2447500.0,77250.0,2792243.0
Suzuki,Maruti,2021,2475000.0,88122.0,4863364.0
Suzuki,Maruti 800,1987,1250000.0,182000.0,1113578.0
Suzuki,Maruti 800,1994,1250000.0,10000.0,1706243.0
Suzuki,Maruti 800,1997,1400000.0,130000.0,1725216.0
Suzuki,Maruti 800,2000,1550000.0,75110.0,2023498.0
Suzuki,Maruti 800,2002,1695000.0,95000.0,1977859.0
Suzuki,Maruti 800,2003,1855000.0,117000.0,2051351.0
Suzuki,Maruti 800,2004,1877500.0,95452.0,1946737.0
Suzuki,Maruti 800,2005,1931300.0,90494.0,1962559.0
Suzuki,Maruti 800,2006,2060870.0,78101.0,1939710.0
Suzuki,Maruti 800,2007,2187000.0,108504.0,2032765.0
Suzuki,Maruti 800,2008,2313333.0,103400.0,2121658.0
Suzuki,Maruti 800,2010,2450000.0,79110.0,2247735.0
Suzuki,Maruti 800,2011,2424545.0,79836.0,2261564.0
Suzuki,Maruti 800,2012,2456000.0,88078.0,2301760.0
Suzuki,Maruti 800,2014,2690000.0,49000.0,3466218.0
Suzuki,Maruti 800 EFI,2006,2103333.0,78003.0,2756871.0
Suzuki,Maruti 800 Sport,2008,2160000.0,120.0,2733543.0
Suzuki,Maruti 800 Sport,2010,2400000.0,112000.0,2856263.0
Suzuki,Maruti 800 Sport,2012,2350000.0,74200.0,2918399.0
Suzuki,Maruti EFI,2004,1740000.0,75000.0,
Suzuki,Maruti EFI,2008,2195000.0,27000.0,
Suzuki,Maruti EFI Sports,2006,1950000.0,109000.0,
Suzuki,Maruti Efi,2006,1925000.0,99000.0,
Suzuki,Maruti Japan,1997,1425000.0,14770.0,
Suzuki,Maruti ZEN,2005,2437500.0,186224.0,2995977.0
Suzuki,Maruti Zen,2003,2995000.0,156500.0,3007703.0
Suzuki,Maruti Zen,2005,2550000.0,172000.0,2995977.0
Suzuki,Maruti Zen,2006,2725000.0,117000.0,2978242.0
Suzuki,Maruti Zen,2007,2675000.0,106000.0,3002545.0
Suzuki,Maruti Zen,2008,3395000.0,20062.0,3306189.0
Suzuki,Maruti Zen VXI,2006,2275000.0,200600.0,
Suzuki,Maruti Zen Vxi,2006,2490000.0,140000.0,
Suzuki,OMNI,2016,3150000.0,163524.0,5512085.0
Suzuki,Omni,2000,1825000.0,200000.0,2700226.0
Suzuki,Omni,2004,1675000.0,78000.0,2599526.0
Suzuki,Omni,2005,2190000.0,86500.0,2497913.0
Suzuki,Omni,2006,2200000.0,75500.0,2499168.0
Suzuki,Omni,2009,2400000.0,75000.0,2904244.0
Suzuki,Omni,2010,2050000.0,100000.0,2964209.0
Suzuki,Omni,2011,1950000.0,100000.0,2966505.0
Suzuki,Omni,2016,2950000.0,84000.0,5512085.0
Suzuki,PC Limited Every,2017,6575000.0,690000.0,
Suzuki,Ritz,2012,4150000.0,86000.0,
Suzuki,S CROSS,2018,9450000.0,92000.0,8416542.0
Suzuki,S CROSS SX4,2017,9500000.0,74000.0,
Suzuki,S Cross,2017,9775000.0,63636.0,8312962.0
Suzuki,S Cross,2018,8418000.0,82800.0,8416542.0
Suzuki,S Presso,2019,4975000.0,96000.0,
Suzuki,S Presso VXI,2019,5850000.0,73040.0,
Suzuki,S-CROSS,2019,11500000.0,54000.0,
Suzuki,S-Cross,2018,9750000.0,69000.0,
Suzuki,S-Presso,2019,5650000.0,59000.0,
Suzuki,S-Presso,2020,5100000.0,98000.0,
Suzuki,SPACIA,2015,5675000.0,120000.0,5918902.0
Suzuki,SPACIA,2016,5975000.0,120000.0,5854390.0
Suzuki,SPACIA,2017,6650000.0,124000.0,6010239.0
Suzuki,SPACIA,2018,7450000.0,129600.0,6317645.0
Suzuki,SPACIA,2023,8750000.0,4000.0,6500244.0
Suzuki,SPACIA,2024,9650000.0,2000.0,6793241.0
Suzuki,SPACIA CUSTOM,2018,7350000.0,72000.0,7519407.0
Suzuki,SPACIA CUSTOM,2023,8675000.0,11500.0,7506717.0
Suzuki,SPACIA CUSTOM,2024,8875000.0,3800.0,7679930.0
Suzuki,SPACIA CUSTOM TURBO,2023,9075000.0,12000.0,6872587.0
Suzuki,SPACIA CUSTOM TURBO,2025,10250000.0,12.0,7257573.0
Suzuki,SPACIA CUSTOM TURBO Z,2017,6990000.0,80000.0,
Suzuki,SPACIA CUSTOM XS,2024,8950000.0,15000.0,9063143.0
Suzuki,SPACIA CUSTOM XS TURBO,2024,9650000.0,400.0,9606906.0
Suzuki,SPACIA CUSTOM Z,2017,7350000.0,99000.0,6077695.0
Suzuki,SPACIA CUSTOM Z,2019,7250000.0,98000.0,6690402.0
Suzuki,SPACIA G Grade,2023,7850000.0,850.0,6456309.0
Suzuki,STEAM,2005,2485000.0,108377.0,
Suzuki,SWIFT,2002,3737500.0,95000.0,3671543.0
Suzuki,SWIFT,2004,4508333.0,166667.0,3786362.0
Suzuki,SWIFT,2005,4195000.0,148282.0,3830234.0
Suzuki,SWIFT,2008,5492500.0,144519.0,4057227.0
Suzuki,SWIFT,2009,5300000.0,122000.0,4074370.0
Suzuki,SWIFT BEETLE,2006,4800000.0,286000.0,4667852.0
Suzuki,SWIFT BEETLE,2007,5375000.0,166000.0,4841710.0
Suzuki,SWIFT BEETLE,2008,5100000.0,198800.0,5152069.0
Suzuki,SWIFT BEETLE,2010,5600000.0,151.0,5324169.0
Suzuki,SWIFT DBA-ZC133,2017,8000000.0,87000.0,
Suzuki,SWIFT Japan,2010,5990000.0,25200.0,4200171.0
Suzuki,SWIFT MZ,2024,12350000.0,6500.0,
Suzuki,SWIFT RS,2017,8487500.0,67500.0,7169847.0
Suzuki,SWIFT RS HYBRID,2024,12990000.0,4000.0,
Suzuki,SWIFT RS Hybrid,2017,8050000.0,128000.0,
Suzuki,SWIFT RS TURBO,2017,7800000.0,52556.0,7155982.0
Suzuki,SWIFT RS TURBO,2018,8850000.0,94000.0,7515645.0
Suzuki,SWIFT RS TURBO SAFETY,2018,8422500.0,82000.0,
Suzuki,SWIFT RS Turbo,2017,7600000.0,88000.0,7155982.0
Suzuki,SWIFT SPORT ZC33S FINAL EDITION IMPORT,2024,13450000.0,4000.0,
Suzuki,SWIFT VXI,2006,3850000.0,116000.0,3857194.0
Suzuki,SWIFT VXI,2010,3995000.0,129000.0,4153938.0
Suzuki,SWIFT ZXI,2008,4700000.0,180000.0,4211013.0
Suzuki,SX4,2007,5375000.0,120262.0,4671031.0
Suzuki,SX4,2008,5725000.0,116000.0,5043283.0
Suzuki,SX4,2010,5950000.0,118000.0,5238836.0
Suzuki,SX4 Cross,2009,5250000.0,132000.0,
Suzuki,SX4 Cross Japan,2008,5200000.0,137600.0,
Suzuki,SX4 Cross Japan,2010,5150000.0,145000.0,
Suzuki,SX4 Japan,2011,6000000.0,170000.0,
Suzuki,SX4 S-Cross,2018,9700000.0,71500.0,
Suzuki,Spacia,2015,4475000.0,136266.0,6115830.0
Suzuki,Spacia,2016,5890536.0,96306.0,6043131.0
Suzuki,Spacia,2017,6324828.0,86469.0,6222813.0
Suzuki,Spacia,2018,6866667.0,105778.0,6695523.0
Suzuki,Spacia,2019,6900000.0,94000.0,7062273.0
Suzuki,Spacia,2023,7897917.0,27715.0,7091324.0
Suzuki,Spacia,2024,9063182.0,7939.0,7442634.0
Suzuki,Spacia,2025,8900000.0,4000.0,7675510.0
Suzuki,Spacia CUSTOM,2018,7875000.0,92000.0,7519407.0
Suzuki,Spacia Custom,2015,5950000.0,85000.0,6948139.0
Suzuki,Spacia Custom,2016,6820000.0,137949.0,6886295.0
Suzuki,Spacia Custom,2017,6450000.0,94000.0,7004198.0
Suzuki,Spacia Custom,2018,7203125.0,84788.0,7519407.0
Suzuki,Spacia Custom,2023,9016667.0,5550.0,7506717.0
Suzuki,Spacia Custom,2024,9362500.0,3655.0,7679930.0
Suzuki,Spacia Custom,2025,9350000.0,2400.0,7794339.0
Suzuki,Spacia Custom G,2023,8990000.0,4500.0,
Suzuki,Spacia Custom GS,2024,8600000.0,4569.0,
Suzuki,Spacia Custom GS Hybrid,2023,9000000.0,3800.0,
Suzuki,Spacia Custom Hybrid XS,2023,8900000.0,16000.0,
Suzuki,Spacia Custom Hybrid XS,2024,9950000.0,12000.0,
Suzuki,Spacia Custom Turbo,2016,6600000.0,116272.0,6157633.0
Suzuki,Spacia Custom Turbo,2024,9875000.0,8000.0,7107985.0
Suzuki,Spacia Custom Turbo Hybrid,2018,7950000.0,48000.0,
Suzuki,Spacia Custom XS,2023,9900000.0,5000.0,8652076.0
Suzuki,Spacia Custom XS,2024,9750000.0,8000.0,9063143.0
Suzuki,Spacia Custom XS Hybrid,2023,9400000.0,264.0,
Suzuki,Spacia Custom XS Hybrid Safety,2024,9775000.0,900.0,
Suzuki,Spacia Custom XS Turbo,2023,9637500.0,5000.0,9022415.0
Suzuki,Spacia Custom XS Turbo,2024,9700000.0,2639.0,9606906.0
Suzuki,Spacia Custom XS Turbo,2025,10500000.0,450.0,10095698.0
Suzuki,Spacia Custom XZ,2024,8400000.0,7800.0,
Suzuki,Spacia Custom Xs,2018,7350000.0,115000.0,9860917.0
Suzuki,Spacia Custom Xs,2023,8775000.0,5000.0,8652076.0
Suzuki,Spacia Custom Xs,2024,8700000.0,15000.0,9063143.0
Suzuki,Spacia Custom Xs Safety,2019,7350000.0,45000.0,
Suzuki,Spacia Custom Xs Turbo,2018,7375000.0,71000.0,10402955.0
Suzuki,Spacia Custom Z,2014,6450000.0,185000.0,5986016.0
Suzuki,Spacia Custom Z,2016,6600000.0,70530.0,5921846.0
Suzuki,Spacia Custom Z,2017,6636111.0,122590.0,6077695.0
Suzuki,Spacia Custom Z,2018,7012500.0,71550.0,6385101.0
Suzuki,Spacia Custom Z,2019,6550000.0,82500.0,6690402.0
Suzuki,Spacia Custom Z,2023,8775000.0,15000.0,6557723.0
Suzuki,Spacia Custom Z Safety,2017,6720000.0,91000.0,
Suzuki,Spacia Custom Z Safety Edition,2017,6550000.0,103000.0,
Suzuki,Spacia Custom Z Turbo,2017,6990000.0,72000.0,
Suzuki,Spacia Custom Z Turbo,2018,7450000.0,126000.0,
Suzuki,Spacia G,2016,5950000.0,94000.0,
Suzuki,Spacia G,2023,7650000.0,5000.0,
Suzuki,Spacia G Grade,2015,5990000.0,175000.0,5712658.0
Suzuki,Spacia G Grade,2017,5750000.0,110000.0,5756031.0
Suzuki,Spacia G Grade,2024,8450000.0,10000.0,6751048.0
Suzuki,Spacia HYBRID X,2023,7525000.0,31000.0,
Suzuki,Spacia Hybrid,2025,8300000.0,838.0,
Suzuki,Spacia Hybrid X,2024,8012500.0,10350.0,
Suzuki,Spacia Hybrid X MK94S,2024,8200000.0,2400.0,
Suzuki,Spacia MK94s,2024,7950000.0,500.0,
Suzuki,Spacia Super Custom,2016,6385000.0,131000.0,
Suzuki,Spacia X Grade Auction Grade 5,2024,7975000.0,2500.0,
Suzuki,Spacia XS,2025,9825000.0,50.0,
Suzuki,Spacia XS CUSTOM,2023,8650000.0,3000.0,
Suzuki,Spacia XS Custom Turbo,2024,9608333.0,2733.0,10057463.0
Suzuki,Spacia XS Custom Turbo,2025,10200000.0,3000.0,10525942.0
Suzuki,Spacia XS TURBO,2024,9990000.0,19.0,9736506.0
Suzuki,Spacia XS Turbo,2023,9195000.0,18020.0,9249301.0
Suzuki,Spacia XS Turbo,2024,9500000.0,1200.0,9736506.0
Suzuki,Spacia XZ Intercooler Turbo,2023,7800000.0,18525.0,
Suzuki,Spacia Xs Custom,2018,7750000.0,60000.0,
Suzuki,Spacia Xs Custom,2024,9250000.0,11000.0,
Suzuki,Spacia Xs Custom Turbo,2024,9400000.0,5000.0,10057463.0
Suzuki,Spacia Z Custom Turbo,2018,7200000.0,105000.0,
Suzuki,Suzuki,2003,4162500.0,152500.0,3463199.0
Suzuki,Suzuki,2007,3275000.0,120000.0,3498870.0
Suzuki,Suzuki,2010,3400000.0,98000.0,3723978.0
Suzuki,Suzuki,2012,4450000.0,12345.0,3728509.0
Suzuki,Suzuki,2016,5700000.0,120000.0,4536842.0
Suzuki,Suzuki,2023,8000000.0,45000.0,6906126.0
Suzuki,Swifi Zxi,2007,3790000.0,156000.0,
Suzuki,Swift,1991,1750000.0,1.0,2879899.0
Suzuki,Swift,1995,2150000.0,250000.0,3532686.0
Suzuki,Swift,1998,2495000.0,4455.0,4067628.0
Suzuki,Swift,2000,5500000.0,91000.0,4313101.0
Suzuki,Swift,2001,3795000.0,146675.0,4426714.0
Suzuki,Swift,2002,3990000.0,170902.0,4435880.0
Suzuki,Swift,2003,4036579.0,141033.0,4598556.0
Suzuki,Swift,2004,4323627.0,141990.0,4579885.0
Suzuki,Swift,2005,4485625.0,152154.0,4623757.0
Suzuki,Swift,2006,3994000.0,135622.0,4659441.0
Suzuki,Swift,2007,4948269.0,137230.0,4701978.0
Suzuki,Swift,2008,5007174.0,139867.0,5208232.0
Suzuki,Swift,2009,5551333.0,144422.0,5221003.0
Suzuki,Swift,2010,5000250.0,134456.0,5417940.0
Suzuki,Swift,2011,5290000.0,119275.0,5406545.0
Suzuki,Swift,2012,6875000.0,150000.0,5457985.0
Suzuki,Swift,2013,4300000.0,143000.0,5624588.0
Suzuki,Swift,2014,6800000.0,110009.0,5882763.0
Suzuki,Swift,2015,1350000.0,147000.0,5920861.0
Suzuki,Swift,2017,8251944.0,97328.0,7188032.0
Suzuki,Swift,2018,8290000.0,106000.0,7398057.0
Suzuki,Swift,2020,9200000.0,85000.0,8324963.0
Suzuki,Swift,2023,12000000.0,4000.0,8917949.0
Suzuki,Swift Beetle,2004,5390000.0,81000.0,4618600.0
Suzuki,Swift Beetle,2005,4633333.0,160500.0,4648451.0
Suzuki,Swift Beetle,2006,1525000.0,10000.0,4667852.0
Suzuki,Swift Beetle,2007,5425000.0,173500.0,4841710.0
Suzuki,Swift Beetle,2008,5038333.0,157724.0,5152069.0
Suzuki,Swift Beetle,2009,6000000.0,120000.0,5180123.0
Suzuki,Swift Beetle,2024,4600000.0,140023.0,8706915.0
Suzuki,Swift Beetle Japan,2008,5290000.0,140000.0,
Suzuki,Swift Beetle ZC71s,2009,5175000.0,200000.0,
Suzuki,Swift Bettle,2008,5800000.0,97000.0,
Suzuki,Swift Bettle,2010,5950000.0,130000.0,
Suzuki,Swift Center Antenna,2003,4301667.0,163940.0,3882481.0
Suzuki,Swift Center Antenna,2004,4253333.0,170633.0,3870755.0
Suzuki,Swift Center Antenna,2005,4295000.0,132500.0,3914627.0
Suzuki,Swift Dzire,2010,4475000.0,130000.0,4398013.0
Suzuki,Swift Dzire,2011,4500000.0,150000.0,4445401.0
Suzuki,Swift Dzire,2012,4500000.0,185000.0,4447637.0
Suzuki,Swift Dzire,2013,5295000.0,120000.0,4627952.0
Suzuki,Swift Dzire VXI,2010,4350000.0,152340.0,
Suzuki,Swift GL Japan,1998,2385000.0,31000.0,
Suzuki,Swift HT51,2005,4190000.0,178000.0,
Suzuki,Swift HT51S,2005,4355000.0,150450.0,
Suzuki,Swift JAPAN,2005,5290000.0,172000.0,3818157.0
Suzuki,Swift Japan,2004,5265000.0,133476.0,3787104.0
Suzuki,Swift Japan,2005,5190000.0,154000.0,3818157.0
Suzuki,Swift Japan,2006,3890000.0,230.0,3817254.0
Suzuki,Swift Japan,2007,5158333.0,96063.0,3842353.0
Suzuki,Swift Japan,2008,3350000.0,155000.0,4051811.0
Suzuki,Swift Japan,2009,5390000.0,192999.0,4079865.0
Suzuki,Swift Japan,2010,5703333.0,133018.0,4200171.0
Suzuki,Swift Japan,2011,5550000.0,110000.0,4202467.0
Suzuki,Swift Japan,2012,5950000.0,167500.0,4204702.0
Suzuki,Swift Japan,2013,6590000.0,169000.0,4390694.0
Suzuki,Swift Japan Beetle SPORT,2008,5390000.0,145540.0,
Suzuki,Swift KEI,2004,4150000.0,143000.0,
Suzuki,Swift Kei,2007,3950000.0,131000.0,
Suzuki,Swift MZ Highest Spec,2021,12450000.0,19000.0,
Suzuki,Swift MZ Highest Spec,2024,12450000.0,8000.0,
Suzuki,Swift MZ Safety,2024,13200000.0,4800.0,
Suzuki,Swift RS,2010,6050000.0,170000.0,6142586.0
Suzuki,Swift RS,2017,8272222.0,97929.0,7169847.0
Suzuki,Swift RS,2018,8375000.0,83000.0,7529510.0
Suzuki,Swift RS,2019,8325000.0,77000.0,7662894.0
Suzuki,Swift RS,2024,11750000.0,10000.0,7695014.0
Suzuki,Swift RS Hybrid,2017,7900000.0,115000.0,
Suzuki,Swift RS Turbo,2017,8180882.0,87011.0,7155982.0
Suzuki,Swift RS Turbo,2018,7982500.0,104000.0,7515645.0
Suzuki,Swift RS Turbo Safety,2017,8075000.0,89500.0,
Suzuki,Swift RS Turbo Safety Edition Lenovo Audio,2017,8200000.0,130000.0,
Suzuki,Swift Rs,2017,8079167.0,97733.0,7169847.0
Suzuki,Swift Rs,2018,8200000.0,62500.0,7529510.0
Suzuki,Swift Rs Hybrid,2017,8090000.0,96000.0,
Suzuki,Swift Rs Turbo,2017,6936667.0,222500.0,7155982.0
Suzuki,Swift Rs Turbo,2018,8200000.0,87000.0,7515645.0
Suzuki,Swift Turbo RS,2017,8300000.0,109000.0,
Suzuki,Swift VVT,2009,5566667.0,131927.0,5000312.0
Suzuki,Swift VXI,2006,4150000.0,110000.0,3857194.0
Suzuki,Swift VXI,2010,5100000.0,122500.0,4153938.0
Suzuki,Swift VXI,2011,4100000.0,110000.0,4156233.0
Suzuki,Swift Vxi,2006,4000000.0,170000.0,3857194.0
Suzuki,Swift Vxi,2009,4450000.0,128500.0,4081929.0
Suzuki,Swift Vxi,2010,4350000.0,169000.0,4153938.0
Suzuki,Swift Vxi,2011,4137500.0,117500.0,4156233.0
Suzuki,Swift ZC31S Sport,2008,5400000.0,175000.0,
Suzuki,Swift ZC31s,2007,5990000.0,1.0,
Suzuki,Swift ZC71S,2008,5325000.0,150000.0,
Suzuki,Swift ZC82S Japan,2012,5990000.0,192000.0,
Suzuki,Swift ZXI,2007,4650000.0,155000.0,4009858.0
Suzuki,Swift ZXI,2008,4445000.0,128500.0,4211013.0
Suzuki,Sx4 ZXI,2011,4050000.0,231277.0,
Suzuki,VITARA,1989,2650000.0,93000.0,3005677.0
Suzuki,VITARA,2019,11000000.0,101000.0,8653211.0
Suzuki,VXI,2011,4250000.0,69800.0,
Suzuki,Vitara,1998,2950000.0,120000.0,4598426.0
Suzuki,Vitara,2001,5400000.0,153000.0,4853405.0
Suzuki,Vitara,2007,6890000.0,135000.0,5578154.0
Suzuki,Vitara,2013,8700000.0,113000.0,8194525.0
Suzuki,Vitara,2016,8900000.0,150000.0,8490041.0
Suzuki,Vitara,2019,10036000.0,70780.0,8653211.0
Suzuki,Vitara Contrast Roof,2019,9150000.0,136000.0,
Suzuki,Vitara European Version,2019,9700000.0,94000.0,
Suzuki,Vitara Grand,2001,4675000.0,160000.0,
Suzuki,Vitara JLX,1995,3900000.0,168000.0,
Suzuki,Vitara Turbo,1999,2975000.0,165000.0,
Suzuki,Vitara Turbo UK,2019,12700000.0,66000.0,
Suzuki,Vitara UK Version,2019,11900000.0,89000.0,
Suzuki,Vitara V6 Pajero Turbo Intercooler,2002,5800000.0,195000.0,
Suzuki,Vitz,2017,7500000.0,88000.0,
Suzuki,WAGON R,2006,3250000.0,145000.0,4492765.0
Suzuki,WAGON R,2014,5685000.0,114400.0,5724304.0
Suzuki,WAGON R,2015,5750000.0,99800.0,5724646.0
Suzuki,WAGON R,2017,6572500.0,111038.0,5768018.0
Suzuki,WAGON R,2018,6550000.0,123456.0,6075424.0
Suzuki,WAGON R,2024,7737500.0,4550.0,6738163.0
Suzuki,WAGON R,2025,8950000.0,18.0,7075814.0
Suzuki,WAGON R CUSTOM Z,2023,8612500.0,11725.0,7890636.0
Suzuki,WAGON R CUSTOM Z,2024,9295000.0,1250.0,8050578.0
Suzuki,WAGON R CUSTOM Z HV ZX,2025,8500000.0,1500.0,
Suzuki,WAGON R CUSTOM Z UPGRADE,2025,8550000.0,3.0,
Suzuki,WAGON R CUSTOM Z ZX,2024,8500000.0,1892.0,
Suzuki,WAGON R CUSTOM ZX Hybrid,2024,8750000.0,4800.0,
Suzuki,WAGON R Custom,2025,8500000.0,500.0,
Suzuki,WAGON R Custom Z HYBRID ZX,2024,8300000.0,3000.0,
Suzuki,WAGON R FX,2017,5800000.0,92000.0,6094787.0
Suzuki,WAGON R FX,2023,7393750.0,6263.0,6539046.0
Suzuki,WAGON R FX,2024,7492857.0,10329.0,6833843.0
Suzuki,WAGON R FX Hybrid,2023,7875000.0,9900.0,6620887.0
Suzuki,WAGON R FX LIMITED,2016,5490000.0,100000.0,
Suzuki,WAGON R FX MH55S,2017,6050000.0,102908.0,
Suzuki,WAGON R FX S,2023,7850000.0,3100.0,
Suzuki,WAGON R FX SAFETY,2023,7250000.0,11000.0,6981130.0
Suzuki,WAGON R FX SAFETY,2024,7243750.0,8350.0,7160322.0
Suzuki,WAGON R FX SAFETY,2025,7690000.0,32.0,7284085.0
Suzuki,WAGON R FX Safety,2016,5875000.0,159000.0,6242310.0
Suzuki,WAGON R FX Safety,2024,7737500.0,3750.0,7160322.0
Suzuki,WAGON R FZ,2017,6571667.0,85732.0,6217390.0
Suzuki,WAGON R SMILE,2023,7775000.0,9691.0,
Suzuki,WAGON R SMILE,2024,8000000.0,300.0,
Suzuki,WAGON R STINGRAY,2014,5675000.0,82493.0,5922235.0
Suzuki,WAGON R STINGRAY,2015,5690000.0,120000.0,5922578.0
Suzuki,WAGON R STINGRAY,2017,6760714.0,89000.0,6013915.0
Suzuki,WAGON R STINGRAY,2018,7156500.0,53596.0,6358893.0
Suzuki,WAGON R STINGRAY J STYLE,2014,5675000.0,105000.0,5930923.0
Suzuki,WAGON R STINGRAY J STYLE,2015,6150000.0,87000.0,5931265.0
Suzuki,WAGON R STINGRAY TURBO HYBRID,2023,8525000.0,1900.0,
Suzuki,WAGON R Stingray,2017,6650000.0,172494.0,6013915.0
Suzuki,WAGON R Stingray,2018,6850000.0,113000.0,6358893.0
Suzuki,WAGON R VXI,2006,3500000.0,170000.0,
Suzuki,WAGON R ZT,2024,8675000.0,3100.0,
Suzuki,WAGON R ZX CUSTOM,2024,8750000.0,10000.0,
Suzuki,Wagon,2023,8435000.0,32000.0,
Suzuki,Wagon Custom Z,2025,8700000.0,320.0,
Suzuki,Wagon PZ Premium Turbo Edition,2025,9875000.0,100.0,
Suzuki,Wagon PZ Turbo,2024,9700000.0,6000.0,
Suzuki,Wagon R,2003,2300000.0,56584.0,3328786.0
Suzuki,Wagon R,2005,2916667.0,121065.0,3458136.0
Suzuki,Wagon R,2006,3658333.0,98183.0,3681920.0
Suzuki,Wagon R,2007,3537857.0,144093.0,3893398.0
Suzuki,Wagon R,2008,3461429.0,100514.0,4256950.0
Suzuki,Wagon R,2010,3925000.0,137105.0,4876964.0
Suzuki,Wagon R,2011,3800000.0,52060.0,4907833.0
Suzuki,Wagon R,2012,4750000.0,83500.0,4929925.0
Suzuki,Wagon R,2013,4250000.0,192000.0,5190496.0
Suzuki,Wagon R,2014,5531098.0,138884.0,5383213.0
Suzuki,Wagon R,2015,5705000.0,122377.0,5603178.0
Suzuki,Wagon R,2016,5251250.0,88794.0,5718567.0
Suzuki,Wagon R,2017,6285100.0,119382.0,6026248.0
Suzuki,Wagon R,2018,6705139.0,99462.0,6284920.0
Suzuki,Wagon R,2019,5825000.0,120000.0,6982725.0
Suzuki,Wagon R,2023,7403333.0,6233.0,6856419.0
Suzuki,Wagon R,2024,7356389.0,5270.0,7034367.0
Suzuki,Wagon R,2025,8790625.0,342.0,7526736.0
Suzuki,Wagon R 44S,2014,5600000.0,135000.0,
Suzuki,Wagon R 55S,2018,6350000.0,103658.0,
Suzuki,Wagon R CUSTOM Z,2024,8325000.0,2500.0,8050578.0
Suzuki,Wagon R CUSTOM ZX,2025,8500000.0,5.0,8491658.0
Suzuki,Wagon R Costum ZX,2025,8650000.0,325.0,
Suzuki,Wagon R Custom,2025,8750000.0,282.0,
Suzuki,Wagon R Custom Hybrid ZX,2024,8400000.0,3000.0,
Suzuki,Wagon R Custom Z,2018,7500000.0,67000.0,8115276.0
Suzuki,Wagon R Custom Z,2023,8204000.0,15700.0,8124914.0
Suzuki,Wagon R Custom Z,2024,8463125.0,4507.0,8264855.0
Suzuki,Wagon R Custom Z,2025,8936267.0,200.0,8351113.0
Suzuki,Wagon R Custom Z Hybrid,2023,8040000.0,4300.0,
Suzuki,Wagon R Custom Z Hybrid,2025,8320000.0,25.0,
Suzuki,Wagon R Custom Z Hybrid ZT Turbo Version,2024,8650000.0,2761.0,
Suzuki,Wagon R Custom Z Hybrid ZX,2025,8850000.0,170.0,
Suzuki,Wagon R Custom Z Upgrade,2025,8550000.0,8.0,
Suzuki,Wagon R Custom Z Upgraded Version,2024,8450000.0,2000.0,
Suzuki,Wagon R Custom Z ZX,2025,9090000.0,48.0,
Suzuki,Wagon R Custom ZT,2023,8550000.0,2500.0,
Suzuki,Wagon R Custom ZX,2023,8335000.0,8425.0,8218323.0
Suzuki,Wagon R Custom ZX,2024,8645000.0,7100.0,8320596.0
Suzuki,Wagon R Custom ZX,2025,8860000.0,582.0,8491658.0
Suzuki,Wagon R Custom Zx,2023,8396667.0,9083.0,8218323.0
Suzuki,Wagon R Customs Z,2025,8670000.0,375.0,
Suzuki,Wagon R FX,2016,5700000.0,136000.0,5910317.0
Suzuki,Wagon R FX,2017,6108333.0,110536.0,6043201.0
Suzuki,Wagon R FX,2018,6145882.0,81936.0,6352806.0
Suzuki,Wagon R FX,2019,5950000.0,90000.0,6715611.0
Suzuki,Wagon R FX,2023,7243500.0,8739.0,6697838.0
Suzuki,Wagon R FX,2024,7470926.0,6392.0,7036618.0
Suzuki,Wagon R FX,2025,7245000.0,2517.0,7314791.0
Suzuki,Wagon R FX Hybrid,2016,6375000.0,84000.0,5933714.0
Suzuki,Wagon R FX Hybrid,2023,8025000.0,3250.0,6620887.0
Suzuki,Wagon R FX Hybrid,2024,8450000.0,1500.0,6907947.0
Suzuki,Wagon R FX Hybrid Interior,2024,7625000.0,3600.0,
Suzuki,Wagon R FX S,2023,6975000.0,19000.0,
Suzuki,Wagon R FX S Hybrid,2024,8000000.0,3100.0,
Suzuki,Wagon R FX SAFETY,2017,6150000.0,138000.0,6360819.0
Suzuki,Wagon R FX SAFETY,2023,5521667.0,4667.0,6981130.0
Suzuki,Wagon R FX SAFETY,2024,5553333.0,5000.0,7160322.0
Suzuki,Wagon R FX Safety,2016,5700000.0,105000.0,6189493.0
Suzuki,Wagon R FX Safety,2017,6225000.0,109157.0,6299797.0
Suzuki,Wagon R FX Safety,2018,5947500.0,166500.0,6765793.0
Suzuki,Wagon R FX Safety,2023,7225000.0,8422.0,7029561.0
Suzuki,Wagon R FX Safety,2024,7308333.0,8169.0,7241901.0
Suzuki,Wagon R FX Safety,2025,7476667.0,2629.0,7408079.0
Suzuki,Wagon R FX Safety Auction Grade 5,2024,7345000.0,2000.0,
Suzuki,Wagon R FX Safety Edition,2024,7650000.0,4500.0,
Suzuki,Wagon R FX Safety Hybrid,2024,7800000.0,2200.0,
Suzuki,Wagon R FX Safety Hybrid MH95S,2024,7650000.0,4500.0,
Suzuki,Wagon R FX Safety Import,2024,6850000.0,5000.0,
Suzuki,Wagon R FX Safety Model,2017,6290000.0,113000.0,
Suzuki,Wagon R FX Safety Special Edition,2024,7250000.0,3750.0,
Suzuki,Wagon R FXHybrid,2024,7675000.0,7600.0,
Suzuki,Wagon R FXS Hybrid,2024,7550000.0,4700.0,
Suzuki,Wagon R FZ,2014,5433105.0,120637.0,5657823.0
Suzuki,Wagon R FZ,2015,5855714.0,136242.0,5672872.0
Suzuki,Wagon R FZ,2016,5810000.0,98240.0,5601316.0
Suzuki,Wagon R FZ,2017,6482059.0,90161.0,5739187.0
Suzuki,Wagon R FZ,2018,6261042.0,94901.0,5873423.0
Suzuki,Wagon R FZ,2019,6775000.0,89834.0,6368354.0
Suzuki,Wagon R FZ,2024,8000000.0,6726.0,6710647.0
Suzuki,Wagon R FZ PREMIUM,2018,6500000.0,178000.0,6656942.0
Suzuki,Wagon R FZ Premium,2018,6697857.0,83840.0,6656942.0
Suzuki,Wagon R FZ SAFETY,2015,5680000.0,112000.0,6094695.0
Suzuki,Wagon R FZ SAFETY,2016,5680000.0,110000.0,6030183.0
Suzuki,Wagon R FZ SAFETY,2017,6475000.0,84500.0,6186032.0
Suzuki,Wagon R FZ Safety,2014,5469444.0,110222.0,6094353.0
Suzuki,Wagon R FZ Safety,2015,5900000.0,90747.0,6094695.0
Suzuki,Wagon R FZ Safety,2017,6427000.0,115450.0,6186032.0
Suzuki,Wagon R FZ Safety,2018,6635625.0,90325.0,6543478.0
Suzuki,Wagon R Fx,2014,5250000.0,103000.0,5672710.0
Suzuki,Wagon R Fx,2016,5657500.0,133300.0,5737457.0
Suzuki,Wagon R Fx,2017,5964286.0,97202.0,5855237.0
Suzuki,Wagon R Fx,2018,6230000.0,97354.0,6111030.0
Suzuki,Wagon R Fx,2019,5975000.0,117985.0,6523736.0
Suzuki,Wagon R Fx,2023,7162500.0,6400.0,6543435.0
Suzuki,Wagon R Fx,2024,7522500.0,11611.0,6864132.0
Suzuki,Wagon R Fx,2025,8500000.0,18000.0,7303320.0
Suzuki,Wagon R Fx HYBRID,2024,8200000.0,100.0,6907947.0
Suzuki,Wagon R Fx Hybrid,2016,5675000.0,97705.0,5933714.0
Suzuki,Wagon R Fx Hybrid,2023,7850000.0,2995.0,6620887.0
Suzuki,Wagon R Fx Hybrid,2024,7900000.0,10000.0,6907947.0
Suzuki,Wagon R Fx Safety,2017,6179375.0,100037.0,6126378.0
Suzuki,Wagon R Fx Safety,2018,6308333.0,134667.0,6575142.0
Suzuki,Wagon R Fx Safety,2023,7300000.0,11000.0,6908796.0
Suzuki,Wagon R Fx Safety,2024,7537692.0,5123.0,7178040.0
Suzuki,Wagon R Fx Safety,2025,7872500.0,754.0,7353152.0
Suzuki,Wagon R Fx Safety Hybrid,2023,7580000.0,7000.0,
Suzuki,Wagon R Fx Safety IMPORT,2024,6750000.0,4000.0,
Suzuki,Wagon R Fz,2014,5632857.0,111971.0,5828491.0
Suzuki,Wagon R Fz,2015,5587500.0,93845.0,5828833.0
Suzuki,Wagon R Fz,2016,5512500.0,128795.0,5764016.0
Suzuki,Wagon R Fz,2017,6150000.0,85305.0,5939333.0
Suzuki,Wagon R Fz,2018,6566667.0,75233.0,6088591.0
Suzuki,Wagon R Fz,2019,7400000.0,127200.0,6568406.0
Suzuki,Wagon R Fz Premium,2017,6550000.0,62000.0,6340840.0
Suzuki,Wagon R Fz Premium,2018,6569000.0,71130.0,6656942.0
Suzuki,Wagon R Fz Safety,2014,5422500.0,119275.0,6094353.0
Suzuki,Wagon R Fz Safety,2015,6025000.0,94000.0,6094695.0
Suzuki,Wagon R Fz Safety,2016,5890000.0,104000.0,6030183.0
Suzuki,Wagon R Fz Safety,2017,6480714.0,79579.0,6186032.0
Suzuki,Wagon R Fz Safety,2018,6695000.0,96002.0,6543478.0
Suzuki,Wagon R Hybrid,2023,7980000.0,9000.0,7531508.0
Suzuki,Wagon R Hybrid,2025,8062500.0,2502.0,7803128.0
Suzuki,Wagon R Hybrid Custom ZT Turbo,2025,8525000.0,164.0,
Suzuki,Wagon R Hybrid FX S,2024,7450000.0,2000.0,
Suzuki,Wagon R Indian,2012,4037500.0,124000.0,
Suzuki,Wagon R Japan,1986,3000000.0,170000.0,
Suzuki,Wagon R MH 34S,2016,5650000.0,65000.0,
Suzuki,Wagon R MH 55,2018,6650000.0,62100.0,
Suzuki,Wagon R MH44S,2016,5800000.0,69000.0,
Suzuki,Wagon R MH55S,2018,5950000.0,93075.0,
Suzuki,Wagon R MH85S,2024,7490000.0,7500.0,
Suzuki,Wagon R MH85S,2025,7380000.0,2000.0,
Suzuki,Wagon R Premium,2017,6462500.0,166250.0,6237006.0
Suzuki,Wagon R Premium,2018,6612500.0,128536.0,6540639.0
Suzuki,Wagon R Premium,2019,7250000.0,54000.0,6817816.0
Suzuki,Wagon R Premium Hybrid,2018,6800000.0,49000.0,
Suzuki,Wagon R SMILE,2024,7785000.0,6500.0,
Suzuki,Wagon R STINGRAY,2018,6775000.0,82600.0,6358893.0
Suzuki,Wagon R STINGRAY,2022,9000000.0,15000.0,6587419.0
Suzuki,Wagon R STINGRAY J STYLE,2015,6200000.0,93164.0,5931265.0
Suzuki,Wagon R Safety,2017,6350000.0,113000.0,6237006.0
Suzuki,Wagon R Safety,2018,6600000.0,75000.0,6540639.0
Suzuki,Wagon R Safety,2024,7350000.0,4500.0,6946215.0
Suzuki,Wagon R Safety Sensing,2024,7450000.0,14100.0,
Suzuki,Wagon R Smile,2023,7475000.0,22292.0,
Suzuki,Wagon R Solio,2006,4500000.0,118000.0,
Suzuki,Wagon R Stingray,2014,5691875.0,119700.0,5995598.0
Suzuki,Wagon R Stingray,2015,5819167.0,159325.0,6046781.0
Suzuki,Wagon R Stingray,2016,5814615.0,89295.0,6073195.0
Suzuki,Wagon R Stingray,2017,6800326.0,115063.0,6364642.0
Suzuki,Wagon R Stingray,2018,7002147.0,93845.0,6817307.0
Suzuki,Wagon R Stingray,2019,6845000.0,115162.0,7173610.0
Suzuki,Wagon R Stingray,2022,8575000.0,10000.0,7139273.0
Suzuki,Wagon R Stingray,2023,8725000.0,7386.0,7165845.0
Suzuki,Wagon R Stingray,2024,8741667.0,3083.0,7402193.0
Suzuki,Wagon R Stingray,2025,5500000.0,285000.0,7678365.0
Suzuki,Wagon R Stingray 44S,2014,5575000.0,178000.0,
Suzuki,Wagon R Stingray 44s,2014,5900000.0,89000.0,
Suzuki,Wagon R Stingray J STYLE,2015,5590000.0,90000.0,5931265.0
Suzuki,Wagon R Stingray J Style,2014,5811562.0,121300.0,5930923.0
Suzuki,Wagon R Stingray J Style,2015,6004444.0,122800.0,5931265.0
Suzuki,Wagon R Stingray J Style,2016,5246429.0,99857.0,5866753.0
Suzuki,Wagon R Stingray J Style,2017,4000000.0,124000.0,6022602.0
Suzuki,Wagon R Stingray MH55S,2018,7000000.0,102871.0,
Suzuki,Wagon R Stingray Mh55s,2018,6795000.0,129900.0,
Suzuki,Wagon R Stingray TURBO,2018,6650000.0,97000.0,7155600.0
Suzuki,Wagon R Stingray Turbo,2015,5490000.0,92000.0,6669113.0
Suzuki,Wagon R Stingray Turbo,2017,6888333.0,91567.0,6723110.0
Suzuki,Wagon R Stingray Turbo,2018,6496429.0,105371.0,7155600.0
Suzuki,Wagon R Stingray Turbo,2023,9350000.0,9500.0,7333447.0
Suzuki,Wagon R Stingray Turbo,2024,9600000.0,2600.0,7560594.0
Suzuki,Wagon R Stingray Turbo,2025,8875000.0,297.0,7698462.0
Suzuki,Wagon R Stingray ZT TURBO,2024,9050000.0,2000.0,
Suzuki,Wagon R Turbo,2018,7000000.0,89000.0,
Suzuki,Wagon R VXI,2008,3750000.0,95672.0,
Suzuki,Wagon R VXI,2020,5000000.0,66401.0,
Suzuki,Wagon R ZD,2023,8300000.0,23582.0,
Suzuki,Wagon R ZT,2023,8875000.0,3000.0,
Suzuki,Wagon R ZX,2023,8333333.0,8003.0,7888218.0
Suzuki,Wagon R ZX,2024,8730000.0,2933.0,8067764.0
Suzuki,Wagon R ZX,2025,9250000.0,5.0,8179441.0
Suzuki,Wagon R ZX Custom,2025,8650000.0,23.0,
Suzuki,Wagon R ZX Custom Upgrade,2025,9150000.0,12.0,
Suzuki,Wagon R ZX UPG 360cam,2025,9250000.0,5.0,
Suzuki,Wagon R ZX UPGRADE,2023,8650000.0,4000.0,
Suzuki,Wagon R Zx,2025,8950000.0,200.0,8179441.0
Suzuki,Wagon R1st Owner,2016,5390000.0,130000.0,
Suzuki,Wagon RMH85S FX SAFETY PEARL,2025,7100000.0,5.0,
Suzuki,Wagon Ra Fz,2017,6100000.0,124000.0,
Suzuki,Wagon Z Custom T,2024,9450000.0,3000.0,
Suzuki,XBEE,2018,8250000.0,90100.0,8064280.0
Suzuki,XBEE MZ,2023,10000000.0,5000.0,
Suzuki,XBee,2018,8200000.0,61183.0,8064280.0
Suzuki,XBee,2023,10400000.0,16000.0,7903454.0
Suzuki,XBee Hybrid,2023,9590000.0,49500.0,
Suzuki,XBee MZ,2024,10500000.0,4000.0,
Suzuki,XBee MZ Hybrid,2024,10790000.0,19.0,
Suzuki,Xbee,2017,9000000.0,65000.0,7955514.0
Suzuki,Xbee,2018,8325000.0,58000.0,8064280.0
Suzuki,Xbee,2024,10650000.0,3165.0,8053146.0
Suzuki,Xbee Hybrid MZ,2024,11100000.0,10000.0,
Suzuki,Xbee Mz Turbo,2024,10390000.0,5700.0,
Suzuki,ZC11S,2006,5200000.0,85100.0,
Suzuki,ZEN,2011,4800000.0,17000.0,2885930.0
Suzuki,Zen,1996,1550000.0,178500.0,1958743.0
Suzuki,Zen,1997,1880000.0,98000.0,2190570.0
Suzuki,Zen,1998,1530000.0,80000.0,2162245.0
Suzuki,Zen,2000,1890000.0,100000.0,2494515.0
Suzuki,Zen,2003,2175000.0,162538.0,2499970.0
Suzuki,Zen,2004,2332000.0,124200.0,2467279.0
Suzuki,Zen,2005,2137000.0,133291.0,2365665.0
Suzuki,Zen,2006,2372857.0,131201.0,2405654.0
Suzuki,Zen,2008,3395000.0,88000.0,2760914.0
Suzuki,Zen Estilo,2008,3525000.0,250000.0,3599778.0
Suzuki,Zen Estilo,2010,3802929.0,122856.0,3665353.0
Suzuki,Zen Estilo,2011,3660000.0,127125.0,3667648.0
Suzuki,Zen Estilo VXI,2011,3895000.0,97450.0,
Suzuki,Zen VXI,2006,2300000.0,165000.0,
Suzuki,Zx,2023,8950000.0,4200.0,
Tata,207,1996,1700000.0,160000.0,1524406.0
Tata,207,2006,1432143.0,126399.0,1917990.0
Tata,207,2007,1450000.0,170000.0,1865846.0
Tata,207,2010,2450000.0,174000.0,2091669.0
Tata,207,2011,2225000.0,122500.0,2131935.0
Tata,207,2012,2337500.0,101584.0,2141306.0
Tata,207,2015,2718750.0,102225.0,2628628.0
Tata,207,2016,3450000.0,70000.0,2617032.0
Tata,207,2017,3100000.0,32129.0,2713780.0
Tata,207,2025,1450000.0,165853.0,3635508.0
Tata,207 DI,2004,1362500.0,99000.0,2080294.0
Tata,207 DI,2006,2950000.0,1.0,1986382.0
Tata,207 DI,2007,1475000.0,230000.0,1949726.0
Tata,207 DI,2011,2225000.0,64916.0,2264727.0
Tata,207 DI,2012,2015833.0,98773.0,2271807.0
Tata,207 Di,2006,1575000.0,240000.0,1986382.0
Tata,207 Di,2013,1700000.0,78000.0,2645079.0
Tata,207 Ex,2011,1995000.0,232000.0,
Tata,207 RX,2015,2490000.0,95000.0,2936459.0
Tata,207 Rx,2015,2800000.0,103500.0,2936459.0
Tata,207 Rx,2016,2550000.0,81000.0,3016342.0
Tata,207 Single Cab,2004,1675000.0,150000.0,
Tata,207 Single Cab,2005,1425000.0,265000.0,
Tata,Bolt,2015,3983333.0,140000.0,3306599.0
Tata,Dicor Xenon,2012,2650000.0,120000.0,
Tata,GLX,2015,2690000.0,120000.0,
Tata,INDICA EV2 GLX,2014,2750000.0,119000.0,
Tata,INDIGO ECS,2015,3067500.0,83176.0,
Tata,Indica,2004,1606250.0,75575.0,1700472.0
Tata,Indica,2005,1870000.0,127625.0,1598859.0
Tata,Indica,2006,2100000.0,139498.0,1623918.0
Tata,Indica,2007,2020714.0,100851.0,1628152.0
Tata,Indica,2008,2150000.0,30.0,1774800.0
Tata,Indica,2014,2630000.0,97700.0,2512370.0
Tata,Indica,2015,2797000.0,93115.0,2708015.0
Tata,Indica Ev2,2015,2750000.0,148000.0,
Tata,Indica GLX,2014,2650000.0,90000.0,
Tata,Indica GLX,2015,3250000.0,70000.0,
Tata,Indica Gls,2006,1975000.0,258467.0,
Tata,Indica Glx V2,2014,2635000.0,92000.0,
Tata,Indica V2,2005,1850000.0,102000.0,
Tata,Indica Vista,2010,2800000.0,93000.0,
Tata,Indica Xeta,2015,2790000.0,114890.0,
Tata,Indica Xeta GLX,2015,3250000.0,100000.0,
Tata,Indica Xeta V2,2006,1980000.0,200000.0,
Tata,Indigo,2004,2800000.0,166500.0,2508910.0
Tata,Indigo,2006,2000000.0,125000.0,2396968.0
Tata,Indigo,2007,1250000.0,40332.0,2384399.0
Tata,Indigo,2008,2250000.0,13456.0,2629646.0
Tata,Indigo,2014,2550000.0,140000.0,3594338.0
Tata,Indigo,2015,2575000.0,73000.0,3528934.0
Tata,Indigo,2016,3600000.0,70000.0,3518413.0
Tata,Indigo ECS,2015,3290000.0,112000.0,
Tata,Indigo GLX,2004,1950000.0,100000.0,
Tata,Indigo Glx,2004,2307500.0,181850.0,
Tata,Indigo Marina,2004,2100000.0,450000.0,
Tata,Indigo Marina GLX,2006,2100000.0,160000.0,
Tata,Maruti JAPAN,1985,975000.0,100000.0,
Tata,NANO,2011,1325000.0,131000.0,2433063.0
Tata,NANO,2012,1425000.0,254000.0,2430904.0
Tata,NANO,2015,1900000.0,68000.0,3406593.0
Tata,NANO,2016,2395000.0,75000.0,3379772.0
Tata,NANO LX,2011,1540000.0,167480.0,
Tata,NANO LX,2012,1570000.0,83652.0,
Tata,NANO TWIST XT,2015,2075000.0,163000.0,
Tata,NANO XT,2015,1870000.0,180.0,
Tata,NaNo,2012,1650000.0,1111.0,2430904.0
Tata,NaNo Twist XM Hatch Back,2015,2050000.0,93000.0,
Tata,Nano,2011,1368333.0,155503.0,1984361.0
Tata,Nano,2012,1409500.0,115562.0,1982203.0
Tata,Nano,2014,1900000.0,190000.0,2198429.0
Tata,Nano,2015,2045833.0,168209.0,2349532.0
Tata,Nano,2016,2342308.0,127692.0,2374398.0
Tata,Nano,2017,2459167.0,86372.0,2379643.0
Tata,Nano,2018,2500000.0,111437.0,2434309.0
Tata,Nano Cx,2011,1430000.0,148633.0,2417491.0
Tata,Nano Cx,2012,1475000.0,128672.0,2415333.0
Tata,Nano LX,2011,1500000.0,97000.0,
Tata,Nano Lx,2011,1360000.0,172000.0,
Tata,Nano Twist,2015,1956250.0,80444.0,3578753.0
Tata,Nano Twist,2016,2433333.0,118333.0,3706130.0
Tata,Nano Twist XM,2015,2145000.0,206622.0,
Tata,Nano Twist Xm,2016,2217500.0,149860.0,
Tata,Nano Twistxta,2017,2295000.0,123.0,
Tata,Nano Xm,2016,2490000.0,64000.0,
Tata,Nano Xt,2014,1730000.0,109000.0,
Tata,Nexon,2018,7500000.0,102300.0,
Tata,Rx 207,2015,2375000.0,95000.0,
Tata,SUMO,2003,2850000.0,1.0,2719459.0
Tata,Sumo,2002,3778000.0,168000.0,2650459.0
Tata,Sumo,2003,3216667.0,166333.0,2719459.0
Tata,Sumo Victa,2005,3100000.0,102492.0,2888929.0
Tata,Sumo Victa,2006,4000000.0,150000.0,2898483.0
Tata,Sumo Victa Gx Turbo,2005,3700000.0,156000.0,
Tata,Telcoline,2004,2700000.0,200000.0,
Tata,Telcoline,2011,4000000.0,198000.0,
Tata,Tiago,2023,7900000.0,35000.0,
Tata,Winger,2010,2675000.0,98000.0,
Tata,Winger,2011,4000000.0,100000.0,
Tata,XENON,2015,3325000.0,120000.0,3359514.0
Tata,XENON,2016,3450000.0,79000.0,3250819.0
Tata,Xenon,2011,3850004.0,10062.0,3261670.0
Tata,Xenon,2012,2150000.0,98000.0,3299952.0
Tata,Xenon,2014,2934167.0,134500.0,3462031.0
Tata,Xenon,2015,3211429.0,70143.0,3359514.0
Tata,Xenon,2016,3389375.0,81328.0,3250819.0
Tata,Xenon,2017,3550000.0,120000.0,3287737.0
Tata,Xenon,2018,2215000.0,172000.0,3421390.0
Tata,Xenon,2019,3637500.0,140500.0,3511696.0
Tata,Xenon Smart Cab,2011,3175000.0,69000.0,
Tata,Xenon Yodha,2018,3675000.0,63000.0,
Tata,YODHA,2017,3550000.0,40000.0,3288236.0
Tata,Yodha,2018,3600000.0,78000.0,3280488.0
Tata,Yodha,2019,3812500.0,48206.0,3352087.0
Tesla,Model 3 Highland,2024,28500000.0,14000.0,
Tesla,Model Y,2023,25000000.0,15000.0,
Toyota,102 Dolphin,1990,1500000.0,1111.0,
Toyota,103,1996,7990000.0,214000.0,
Toyota,103,1998,9400000.0,11.0,
Toyota,106,1994,6500000.0,111111.0,
Toyota,106,2001,2750000.0,110.0,
Toyota,107,1996,3100000.0,12345.0,
Toyota,110,1995,3816667.0,231667.0,3460247.0
Toyota,110,1996,3618125.0,186673.0,3595871.0
Toyota,110,1997,3737778.0,142484.0,3963632.0
Toyota,110,1998,3691667.0,221000.0,3856962.0
Toyota,110,1999,3400000.0,203000.0,3859165.0
Toyota,110,2000,4375000.0,98000.0,3807617.0
Toyota,110,2008,4775000.0,350000.0,4794828.0
Toyota,110 Corolla,2008,4000000.0,132000.0,
Toyota,110 Mark 2,1997,2050000.0,1234.0,
Toyota,110 SPRINTER,1997,3550000.0,185674.0,
Toyota,110 Se Saloon,1996,3375000.0,123456.0,
Toyota,110 Sprinter,1995,3450000.0,315156.0,
Toyota,110 Sprinter,1998,3650000.0,245000.0,
Toyota,110 Sprinter L Grade,1997,4175000.0,2.0,
Toyota,110 XE Saloon,2008,4250000.0,217000.0,
Toyota,113,1995,7890000.0,260000.0,
Toyota,113 Hiace Dolphin,1991,7590000.0,123456.0,
Toyota,121 G Limited,2005,6200000.0,24.0,
Toyota,141 LX,2008,7100000.0,128000.0,
Toyota,141 Limited,2008,6850000.0,138000.0,
Toyota,150 TX Prado,2011,28000000.0,83000.0,
Toyota,162,1999,10590000.0,198000.0,
Toyota,182,2000,13275000.0,325485.0,
Toyota,240,2006,5975000.0,150818.0,
Toyota,260 G SUPERIOR,2018,16250000.0,130000.0,
Toyota,940 GL,1994,1150000.0,123456.0,
Toyota,A15,2004,7800000.0,152680.0,
Toyota,AA60,1983,1300000.0,12345.0,
Toyota,AE,1993,2750000.0,240000.0,
Toyota,AE100 SE Limited,1991,2790000.0,23.0,
Toyota,AE100 Sprinter,1991,2650000.0,237000.0,
Toyota,AE100 Sprinter,1994,20900000.0,160000.0,
Toyota,AE101,1992,2450000.0,210000.0,
Toyota,AE110 Crystal Light L Grade,1998,4150000.0,204000.0,
Toyota,AE110 L Grade,1998,4150000.0,204000.0,
Toyota,AE110 Riviere,2000,4850000.0,193000.0,
Toyota,AE110 SE Saloon,1996,3950000.0,190000.0,4323558.0
Toyota,AE110 SE Saloon,2000,4700000.0,200000.0,4510905.0
Toyota,AE110 SE Saloon,2008,4450000.0,191000.0,5363343.0
Toyota,AE110 Sprinter,1997,3650000.0,114253.0,
Toyota,AE110 Sprinter,1998,3900000.0,109269.0,
Toyota,AE110 Sprinter L Grade Limited,1997,4250000.0,230000.0,
Toyota,AE110 Sprinter Vitage L Grade,1997,4175000.0,2.0,
Toyota,AE81,1984,900000.0,123456.0,
Toyota,AE81 Corolla,1988,1700000.0,156000.0,
Toyota,AE91,1988,2100000.0,150000.0,2642346.0
Toyota,AE91,1990,3900000.0,245000.0,2764794.0
Toyota,AE91,1997,3100000.0,100000.0,3854731.0
Toyota,ALLION,2002,6790000.0,165000.0,8348896.0
Toyota,ALLION,2007,8800000.0,191000.0,9227355.0
Toyota,ALLION,2008,8250000.0,180000.0,8438553.0
Toyota,ALLION,2011,8800000.0,166000.0,9272597.0
Toyota,ALLION 240,2002,6575000.0,165000.0,7052262.0
Toyota,ALLION 240,2005,6750000.0,190.0,7483724.0
Toyota,ALLION 260,2007,8850000.0,111000.0,8806074.0
Toyota,ALLION 260,2008,8675000.0,182000.0,8030556.0
Toyota,ALLION 260,2010,8975000.0,126000.0,8679316.0
Toyota,ALLION 260,2012,9250000.0,135000.0,9038228.0
Toyota,ALLION 260 G,2007,8950000.0,130000.0,9522622.0
Toyota,ALLION 260 G GRADE,2012,10400000.0,130000.0,8413476.0
Toyota,ALLION 260 G PLUS,2012,9950000.0,160000.0,10577723.0
Toyota,ALLION G GRADE,2007,7850000.0,180000.0,9802250.0
Toyota,ALLION G GRADE,2012,10550000.0,195000.0,10598521.0
Toyota,ALLION NZT260,2013,10850000.0,123965.0,9504170.0
Toyota,ALPHARD,2008,11525000.0,145000.0,
Toyota,AQUA,2012,7222500.0,158500.0,7382521.0
Toyota,AQUA,2013,7303571.0,159821.0,7464131.0
Toyota,AQUA,2014,7515833.0,147582.0,7564311.0
Toyota,AQUA,2015,7983333.0,114018.0,7735922.0
Toyota,AQUA,2017,8600000.0,135500.0,7784453.0
Toyota,AQUA G,2013,7475000.0,172000.0,7923707.0
Toyota,AQUA G GRADE,2012,6767500.0,130000.0,7489858.0
Toyota,AQUA G Grade,2013,7420000.0,163051.0,7584580.0
Toyota,AQUA NHP10,2015,9500000.0,86336.0,
Toyota,AQUA S GRADE,2012,7200000.0,175000.0,7398408.0
Toyota,AQUA S Grade,2012,7000000.0,111000.0,7398408.0
Toyota,AQUA Urban,2014,7675000.0,109000.0,8133697.0
Toyota,AQUA Urban,2015,8237778.0,103106.0,8211367.0
Toyota,AQUA Urban G,2015,8150000.0,1260.0,
Toyota,AQUA X URBAN,2015,8747500.0,91214.0,8517977.0
Toyota,AQUA X Urban,2015,8350000.0,107000.0,8517977.0
Toyota,AQUA Z GRADE,2025,14200000.0,2000.0,
Toyota,AT 150,1989,1395000.0,123456.0,
Toyota,AT 150,1991,550000.0,234567.0,
Toyota,AT 192,1996,2850000.0,146300.0,
Toyota,AT140,1986,1180000.0,23658.0,
Toyota,AT150,1985,1032500.0,38117.0,
Toyota,AT170,1989,1800000.0,1.0,
Toyota,AT192,1993,2650000.0,180000.0,
Toyota,AVANZA,2007,6500000.0,128000.0,7264010.0
Toyota,AXIO,2007,6540000.0,183000.0,7876875.0
Toyota,AXIO,2008,7482500.0,163000.0,7537029.0
Toyota,AXIO,2013,9000000.0,226000.0,7907572.0
Toyota,AXIO,2014,9750000.0,175000.0,8076389.0
Toyota,AXIO,2015,10100000.0,117500.0,8177685.0
Toyota,AXIO,2016,11000000.0,131750.0,8155146.0
Toyota,AXIO,2017,11900000.0,95400.0,8116017.0
Toyota,AXIO 141,2007,7200000.0,222225.0,7635935.0
Toyota,AXIO Corolla Hybrid WXB,2017,12275000.0,104500.0,
Toyota,AXIO G,2016,11800000.0,194000.0,10561245.0
Toyota,AXIO G GRADE,2014,9166667.0,160333.0,10206479.0
Toyota,AXIO G GRADE,2016,10850000.0,141500.0,11146338.0
Toyota,AXIO G GRADE,2017,11300000.0,33979.0,11529202.0
Toyota,AXIO G LIMITED,2008,7450000.0,126800.0,
Toyota,AXIO NKE165,2013,8250000.0,171700.0,
Toyota,AXIO SAFETY,2016,10890000.0,180000.0,
Toyota,AXIO WXB,2016,11500000.0,198000.0,13047443.0
Toyota,AXIO WXB,2017,11500000.0,109000.0,12889827.0
Toyota,AXIO WXB,2018,13325000.0,72000.0,13333006.0
Toyota,AXIO WXB,2019,13550000.0,127000.0,13267598.0
Toyota,AXIO X GRADE,2007,7150000.0,108554.0,7392475.0
Toyota,Acqua,2012,7250000.0,123000.0,
Toyota,Ae110 Turbo,1996,6300000.0,195893.0,
Toyota,Aixo,2017,1210000.0,200000.0,
Toyota,Allion,2002,6533333.0,131374.0,7384783.0
Toyota,Allion,2003,6981667.0,197753.0,8090583.0
Toyota,Allion,2004,6600000.0,281000.0,8011842.0
Toyota,Allion,2005,6700000.0,160000.0,8035968.0
Toyota,Allion,2006,7683333.0,176667.0,8273848.0
Toyota,Allion,2007,8456500.0,188576.0,8452853.0
Toyota,Allion,2008,8414500.0,156417.0,8074678.0
Toyota,Allion,2010,8996154.0,167226.0,9664099.0
Toyota,Allion,2011,9585455.0,129376.0,9657573.0
Toyota,Allion,2012,9000000.0,175000.0,10219616.0
Toyota,Allion,2013,10871429.0,147161.0,10845619.0
Toyota,Allion,2014,11900000.0,132400.0,11919054.0
Toyota,Allion,2016,13755714.0,112243.0,13341702.0
Toyota,Allion,2017,13900000.0,98333.0,13696610.0
Toyota,Allion,2018,10305000.0,74500.0,13716538.0
Toyota,Allion 240,2002,6590000.0,218307.0,7033786.0
Toyota,Allion 240,2003,7060625.0,183234.0,7201817.0
Toyota,Allion 240,2004,7358333.0,193698.0,7189336.0
Toyota,Allion 240,2005,7068750.0,173250.0,7189336.0
Toyota,Allion 240,2006,7446250.0,179161.0,7127661.0
Toyota,Allion 240,2007,7837500.0,189000.0,7096736.0
Toyota,Allion 240 Anniversary,2005,7850000.0,175000.0,7787951.0
Toyota,Allion 240 Anniversary,2006,7200000.0,220000.0,7835080.0
Toyota,Allion 240 Anniversary,2007,8200000.0,200000.0,7833830.0
Toyota,Allion 240 G,2006,7650000.0,230000.0,
Toyota,Allion 240 G Grade,2003,6596667.0,176833.0,7590373.0
Toyota,Allion 240 G Grade,2004,7250000.0,190000.0,7606322.0
Toyota,Allion 240 G Grade,2006,8000000.0,184000.0,7530454.0
Toyota,Allion 240 G Limited,2004,8300000.0,150000.0,
Toyota,Allion 260,2007,8424737.0,175857.0,8844348.0
Toyota,Allion 260,2008,8250750.0,171917.0,8104334.0
Toyota,Allion 260,2009,8501250.0,193245.0,8394139.0
Toyota,Allion 260,2010,9138158.0,168255.0,9381669.0
Toyota,Allion 260,2011,9537500.0,174930.0,9442086.0
Toyota,Allion 260,2012,9980625.0,165112.0,9753210.0
Toyota,Allion 260,2013,10665000.0,104352.0,10253873.0
Toyota,Allion 260,2015,10800000.0,180000.0,10583137.0
Toyota,Allion 260,2016,13997500.0,95875.0,11561139.0
Toyota,Allion 260,2017,1500000.0,93000.0,12220451.0
Toyota,Allion 260,2018,14750000.0,97100.0,12554230.0
Toyota,Allion 260 A15,2016,14500000.0,50000.0,
Toyota,Allion 260 ANNIVERSARY EDITION,2010,9600000.0,180000.0,
Toyota,Allion 260 G,2007,8275000.0,140000.0,9522622.0
Toyota,Allion 260 G,2008,8431667.0,180052.0,8866581.0
Toyota,Allion 260 G,2012,8900000.0,177000.0,9876013.0
Toyota,Allion 260 G,2014,11162500.0,190500.0,10933197.0
Toyota,Allion 260 G,2017,13350000.0,113000.0,11624735.0
Toyota,Allion 260 G GRADE,2010,9800000.0,111000.0,7907569.0
Toyota,Allion 260 G Grade,2007,8800000.0,170000.0,8615654.0
Toyota,Allion 260 G Grade,2009,8600000.0,190000.0,7826162.0
Toyota,Allion 260 G Grade,2010,9125000.0,124999.0,7907569.0
Toyota,Allion 260 G Plus,2012,10490000.0,173000.0,10577723.0
Toyota,Allion 260 G Plus,2013,10562500.0,136000.0,11050450.0
Toyota,Allion 260 G Plus,2016,13450000.0,112000.0,12944691.0
Toyota,Allion 260 NZT G Plus,2008,8790000.0,242500.0,
Toyota,Allion 260G,2007,8150000.0,225000.0,
Toyota,Allion A15,2010,8800000.0,134000.0,10208448.0
Toyota,Allion A15,2013,11200000.0,226000.0,11949950.0
Toyota,Allion A15,2014,11950000.0,100000.0,12670401.0
Toyota,Allion A15,2018,14250000.0,104000.0,13691905.0
Toyota,Allion A15 G Plus 260,2016,13500000.0,108000.0,
Toyota,Allion A18 260G,2008,7950000.0,185000.0,
Toyota,Allion G,2016,14275000.0,120000.0,
Toyota,Allion G 260,2013,10800000.0,153000.0,
Toyota,Allion G Grade,2008,7950000.0,170000.0,9356952.0
Toyota,Allion G Grade,2012,10500000.0,159600.0,10598521.0
Toyota,Allion G Grade,2013,11800000.0,73000.0,10669181.0
Toyota,Allion G Grade,2016,14000000.0,124000.0,12638186.0
Toyota,Allion G NZT260,2008,8850000.0,172605.0,
Toyota,Allion G Plus,2013,10900000.0,136000.0,10725451.0
Toyota,Allion G Plus,2014,11437500.0,147908.0,10794893.0
Toyota,Allion G Plus,2016,14000000.0,130000.0,12059086.0
Toyota,Allion G Plus,2018,14375000.0,74000.0,12487009.0
Toyota,Allion G Plus 260,2016,13450000.0,142300.0,
Toyota,Allion G Plus Limited,2014,11650000.0,125000.0,
Toyota,Allion NZT260,2007,8350000.0,164000.0,8772577.0
Toyota,Allion NZT260,2010,9500000.0,258000.0,8645819.0
Toyota,Allion NZT260,2016,13500000.0,90000.0,10933758.0
Toyota,Allion NZT260 A15 G Grade,2007,8900000.0,180000.0,
Toyota,Allion NZT260 G Grade,2010,9050000.0,179000.0,
Toyota,Alphard,2008,13600000.0,202000.0,
Toyota,Alphard E 4,2008,11500000.0,115000.0,
Toyota,Alphard Executive Lounge,2015,26500000.0,110000.0,
Toyota,Aqua,2012,7102267.0,153295.0,7204855.0
Toyota,Aqua,2013,7376646.0,140529.0,7267636.0
Toyota,Aqua,2014,7629741.0,141411.0,7441157.0
Toyota,Aqua,2015,8489342.0,113780.0,7713406.0
Toyota,Aqua,2016,8542778.0,114500.0,8181694.0
Toyota,Aqua,2017,9225000.0,110000.0,8187194.0
Toyota,Aqua,2018,1040000.0,48000.0,8256978.0
Toyota,Aqua,2023,12190000.0,18500.0,8271071.0
Toyota,Aqua G,2012,7225000.0,197500.0,7900236.0
Toyota,Aqua G,2013,7491667.0,153250.0,7923707.0
Toyota,Aqua G,2014,7675000.0,180333.0,8103409.0
Toyota,Aqua G,2015,8012500.0,116344.0,8181078.0
Toyota,Aqua G Grade,2012,7234375.0,155925.0,7163990.0
Toyota,Aqua G Grade,2013,7344444.0,144049.0,7238298.0
Toyota,Aqua G Grade,2014,7661667.0,151467.0,7408635.0
Toyota,Aqua G Grade,2015,7968750.0,121612.0,7587698.0
Toyota,Aqua G Grade,2016,8700000.0,83000.0,7654659.0
Toyota,Aqua G Grade,2020,9275000.0,100000.0,7974802.0
Toyota,Aqua G Grade Limited G Soft,2014,7460000.0,175000.0,
Toyota,Aqua G Limited,2012,7375000.0,137530.0,7792493.0
Toyota,Aqua G Limited,2013,7623000.0,115057.0,7854161.0
Toyota,Aqua G Limited,2014,7966667.0,126000.0,8014362.0
Toyota,Aqua G Limited Edition,2012,7250000.0,136802.0,
Toyota,Aqua G Limited Edition,2014,7990000.0,106000.0,
Toyota,Aqua G Ltd,2012,6790000.0,199000.0,
Toyota,Aqua G Sport,2013,7950000.0,171200.0,8087482.0
Toyota,Aqua G Sport,2014,8450000.0,99000.0,8163514.0
Toyota,Aqua G Sport,2016,8950000.0,138500.0,8229997.0
Toyota,Aqua G Urban,2016,8490000.0,150000.0,
Toyota,Aqua G Urban Safety,2016,8775000.0,71000.0,
Toyota,Aqua GS,2014,8800000.0,132000.0,
Toyota,Aqua Gs,2014,7550000.0,200000.0,
Toyota,Aqua Prius C,2014,8500000.0,145000.0,
Toyota,Aqua S,2012,6990000.0,124000.0,7517158.0
Toyota,Aqua S,2013,7250000.0,88000.0,7540243.0
Toyota,Aqua S,2014,7500000.0,115000.0,7699719.0
Toyota,Aqua S,2015,8075000.0,109930.0,7829085.0
Toyota,Aqua S Grade,2012,7047500.0,146794.0,7130160.0
Toyota,Aqua S Grade,2013,7347083.0,133642.0,7094401.0
Toyota,Aqua S Grade,2014,7555938.0,138349.0,7248850.0
Toyota,Aqua S Grade,2015,7990000.0,113000.0,7475365.0
Toyota,Aqua S Grade,2016,8300000.0,118000.0,7556882.0
Toyota,Aqua S Limited,2012,7100000.0,143667.0,7657655.0
Toyota,Aqua S Limited,2013,7300000.0,150500.0,7645241.0
Toyota,Aqua S Limited,2015,7500000.0,150000.0,7898503.0
Toyota,Aqua S Sport Trim,2013,7550000.0,127500.0,
Toyota,Aqua Urban,2014,7800000.0,143000.0,8133697.0
Toyota,Aqua Urban,2015,8350000.0,115000.0,8211367.0
Toyota,Aqua Urban Eagle Eye,2015,7750000.0,154000.0,
Toyota,Aqua Urban G,2016,8525000.0,140000.0,
Toyota,Aqua Urban G Grade,2015,8390000.0,115000.0,
Toyota,Aqua X,2013,7890000.0,142000.0,
Toyota,Aqua X,2016,8550000.0,115000.0,
Toyota,Aqua X Grade,2015,8875000.0,170000.0,
Toyota,Aqua X Grade,2023,12190000.0,17000.0,
Toyota,Aqua X Urban,2015,8568400.0,114094.0,8517977.0
Toyota,Aqua X Urban,2017,9250000.0,95000.0,8464813.0
Toyota,Aqua X Urban Safety,2015,8895000.0,131000.0,
Toyota,At 170,1992,2250000.0,217000.0,
Toyota,Auris,2007,6125000.0,122000.0,6439699.0
Toyota,Auris,2009,5950000.0,165000.0,6440435.0
Toyota,Auris,2011,6600000.0,125000.0,6663483.0
Toyota,AutoCorsa,1992,2850000.0,300000.0,
Toyota,Avanza,2007,6095000.0,127000.0,7264010.0
Toyota,Avanza,2008,6850000.0,111000.0,7061422.0
Toyota,Avanza,2009,6575000.0,120000.0,7017386.0
Toyota,Avanza,2010,6300000.0,250000.0,7078559.0
Toyota,Avanza,2011,6054167.0,221567.0,7559938.0
Toyota,Avanza,2013,8350000.0,97500.0,7686856.0
Toyota,Avanza,2014,8500000.0,79000.0,7809338.0
Toyota,Avanza,2017,10500000.0,89000.0,7831875.0
Toyota,Avanza Duplicate,2011,6400000.0,35000.0,
Toyota,Avanza G Grade,2008,6050000.0,190000.0,
Toyota,Axio,2006,7137500.0,174250.0,7330787.0
Toyota,Axio,2007,7255800.0,157038.0,7439515.0
Toyota,Axio,2008,7346167.0,154748.0,7559652.0
Toyota,Axio,2009,7562500.0,168750.0,7577221.0
Toyota,Axio,2010,7682500.0,149526.0,7831087.0
Toyota,Axio,2011,7748333.0,179812.0,8184946.0
Toyota,Axio,2012,8200000.0,140000.0,8188232.0
Toyota,Axio,2013,8757391.0,149144.0,8462350.0
Toyota,Axio,2014,9061190.0,139607.0,8774263.0
Toyota,Axio,2015,10238878.0,144344.0,9141371.0
Toyota,Axio,2016,11113529.0,106342.0,9702814.0
Toyota,Axio,2017,11979167.0,109750.0,10138918.0
Toyota,Axio,2018,12587500.0,152500.0,10223799.0
Toyota,Axio,2019,13275000.0,105625.0,10473241.0
Toyota,Axio,2023,16000000.0,17000.0,10687024.0
Toyota,Axio,2024,13800000.0,50000.0,10616856.0
Toyota,Axio,2025,14925000.0,1365.0,10450782.0
Toyota,Axio 141,2007,7346250.0,166750.0,7635935.0
Toyota,Axio 141,2008,7220000.0,135206.0,7302072.0
Toyota,Axio 141,2009,7275000.0,162000.0,7226799.0
Toyota,Axio 141,2011,8250000.0,165000.0,7608818.0
Toyota,Axio 141 G Grade,2008,6850000.0,185000.0,
Toyota,Axio 141 X,2007,7850000.0,165000.0,
Toyota,Axio 141 X Grade,2008,7425000.0,153000.0,
Toyota,Axio 161,2012,8500000.0,130000.0,8498317.0
Toyota,Axio 161,2013,8668750.0,119000.0,8563334.0
Toyota,Axio 165,2013,9000000.0,98500.0,
Toyota,Axio 165 Hybrid G Grade,2014,8700000.0,116500.0,
Toyota,Axio Corolla,2007,7800000.0,111111.0,
Toyota,Axio EX HYBRID,2023,12900000.0,30000.0,
Toyota,Axio Ex,2024,13750000.0,49000.0,
Toyota,Axio Fielder,2007,6400000.0,268000.0,
Toyota,Axio Fielder,2016,11390000.0,98200.0,
Toyota,Axio Fielder Hybrid,2018,10800000.0,140000.0,
Toyota,Axio Fielder WXB,2016,11350000.0,99500.0,
Toyota,Axio G,2006,7250000.0,200000.0,8789101.0
Toyota,Axio G,2007,7862500.0,200655.0,8789768.0
Toyota,Axio G,2014,8900000.0,152000.0,10275028.0
Toyota,Axio G,2015,9591667.0,168967.0,10265645.0
Toyota,Axio G Grade,2006,7450000.0,188667.0,7779573.0
Toyota,Axio G Grade,2007,7489286.0,169029.0,7957286.0
Toyota,Axio G Grade,2008,7575000.0,117232.0,7492604.0
Toyota,Axio G Grade,2013,9137500.0,145325.0,9695507.0
Toyota,Axio G Grade,2014,9105000.0,165100.0,9950662.0
Toyota,Axio G Grade,2015,9871429.0,145584.0,10096288.0
Toyota,Axio G Grade,2016,10571000.0,114750.0,11332977.0
Toyota,Axio G Grade,2017,11166667.0,102603.0,11849776.0
Toyota,Axio G Grade Hybrid,2015,10650000.0,190000.0,
Toyota,Axio G Hybrid,2014,9100000.0,128000.0,
Toyota,Axio G LIMITED LUXEL,2007,7475000.0,132000.0,
Toyota,Axio G Limited,2007,7575000.0,163200.0,
Toyota,Axio G Limited Luxel,2008,7680000.0,152000.0,
Toyota,Axio G Plus Grade,2015,10500000.0,100000.0,
Toyota,Axio Hybrid,2013,8500000.0,127500.0,9539955.0
Toyota,Axio Hybrid,2014,9125000.0,177250.0,10183067.0
Toyota,Axio Hybrid,2015,10191667.0,140583.0,10209021.0
Toyota,Axio Hybrid,2016,11800000.0,90100.0,11107209.0
Toyota,Axio Hybrid,2018,12500000.0,123000.0,11807081.0
Toyota,Axio Hybrid,2024,16650000.0,1765.0,9590673.0
Toyota,Axio Hybrid G Grade,2014,9337500.0,138025.0,10482004.0
Toyota,Axio Hybrid G Grade,2015,10050000.0,154000.0,10526311.0
Toyota,Axio Hybrid G Grade,2017,10775000.0,124789.0,11834807.0
Toyota,Axio Hybrid Special Edition,2015,9395000.0,103500.0,
Toyota,Axio Hybrid X Grade,2014,8800000.0,143500.0,
Toyota,Axio NKE165,2015,10475000.0,120000.0,
Toyota,Axio S Grade,2014,9000000.0,220000.0,
Toyota,Axio WXB,2016,11366667.0,121450.0,12517788.0
Toyota,Axio WXB,2017,12043667.0,121937.0,12471744.0
Toyota,Axio WXB,2018,13127778.0,102056.0,12925961.0
Toyota,Axio WXB,2019,13650000.0,94398.0,13004917.0
Toyota,Axio WXB,2025,16295000.0,5600.0,13389911.0
Toyota,Axio WXB 50th Anniversary,2016,11875000.0,125.0,
Toyota,Axio WXB Fielder,2016,11450000.0,102500.0,
Toyota,Axio WXB Hybrid Anniversary,2018,12500000.0,72000.0,
Toyota,Axio Wxb,2016,11246667.0,126101.0,13047443.0
Toyota,Axio Wxb,2017,11400000.0,86211.0,12889827.0
Toyota,Axio Wxb,2018,13175000.0,105812.0,13333006.0
Toyota,Axio Wxb,2019,13700000.0,93500.0,13267598.0
Toyota,Axio Wxb Anniversary,2016,11600000.0,97000.0,
Toyota,Axio Wxb Limited Edition,2019,12300000.0,147000.0,
Toyota,Axio X,2007,7550000.0,148000.0,
Toyota,Axio X,2013,9500000.0,46000.0,
Toyota,Axio X Grade,2007,7078125.0,202794.0,7392475.0
Toyota,Axio X Grade,2008,7251667.0,163320.0,7223703.0
Toyota,Axio X Grade,2009,7212500.0,169000.0,7224871.0
Toyota,Axio X Grade,2011,7600000.0,94000.0,7277663.0
Toyota,Axio X Grade,2014,8450000.0,188000.0,7570444.0
Toyota,Axio X Grade,2018,11850000.0,1490.0,7755889.0
Toyota,Axio X Grade Limited,2011,7790000.0,157000.0,
Toyota,Axio X Limited,2008,7131250.0,142549.0,7358040.0
Toyota,Axio X Limited,2009,7450000.0,164000.0,7343135.0
Toyota,Axio X Limited,2011,7695000.0,120500.0,7792668.0
Toyota,Axoi 141,2010,7300000.0,173600.0,
Toyota,B20,1973,1000000.0,90000.0,
Toyota,BELTA,2007,6253750.0,153250.0,5737817.0
Toyota,BELTA,2009,6895000.0,176000.0,5891225.0
Toyota,Belta,2005,5390000.0,200000.0,5557792.0
Toyota,Belta,2007,6080441.0,149730.0,5773467.0
Toyota,Belta,2008,6618421.0,159368.0,5961291.0
Toyota,Belta,2009,6375000.0,143922.0,5988641.0
Toyota,Belta,2010,5362750.0,121822.0,6017831.0
Toyota,Belta,2011,6816667.0,134000.0,6103634.0
Toyota,Belta,2012,6690000.0,138500.0,6102411.0
Toyota,Belta,2020,7100000.0,150000.0,7911839.0
Toyota,Belta G,2008,6590000.0,159000.0,
Toyota,Belta G Grade,2007,6362500.0,171375.0,7165600.0
Toyota,Belta G Grade,2008,6782500.0,136000.0,7031785.0
Toyota,Belta L Grade,2009,6650000.0,199000.0,
Toyota,Belta Vios E Grade,2007,6650000.0,187000.0,
Toyota,Belta Vios G Grade,2007,6550000.0,183000.0,
Toyota,Box Prado,1986,10300000.0,148000.0,6034085.0
Toyota,Box Prado,1987,10900000.0,260000.0,6046229.0
Toyota,Box Prado,1988,9000000.0,3.0,6381159.0
Toyota,Box Prado,1990,9200000.0,350000.0,7125903.0
Toyota,Box Prado,1991,11500000.0,478000.0,7315502.0
Toyota,Box Prado,2001,12500000.0,275000.0,7870459.0
Toyota,CALDINA,1997,3050000.0,3.0,3875642.0
Toyota,CAMI,1999,4250000.0,177000.0,4436229.0
Toyota,CAMI,2002,4390000.0,200000.0,4482166.0
Toyota,CAMRY AV50,2012,11500000.0,124000.0,
Toyota,CAMRY CV30,1993,2400000.0,285000.0,
Toyota,CAMRY HYBRID,2013,12790000.0,230000.0,
Toyota,CAMRY HYBRID,2014,12750000.0,117000.0,
Toyota,CARID,1997,3075000.0,215969.0,
Toyota,CARINA,1985,1075000.0,274790.0,2399697.0
Toyota,CARINA,1998,4650000.0,236653.0,4867290.0
Toyota,CARINA,1999,5575000.0,189000.0,4897877.0
Toyota,CARINA 212,2000,5850000.0,220000.0,4834985.0
Toyota,CARINA AA60,1983,1085000.0,22667.0,1448198.0
Toyota,CARINA AT 150,1990,1675000.0,160000.0,1969563.0
Toyota,CARINA AT 170,1990,2650000.0,211433.0,
Toyota,CARINA AT150,1985,875000.0,150000.0,1424021.0
Toyota,CARINA CT210,1998,4100000.0,200000.0,
Toyota,CARINA GT AT210,1997,4890000.0,219000.0,
Toyota,CARINA GT AT210,1999,5600000.0,210000.0,
Toyota,CARINA SI,2000,5900000.0,300000.0,
Toyota,CARINA SI AT211,1999,5550000.0,200000.0,
Toyota,CARINA Ti,2000,3650000.0,185000.0,5088031.0
Toyota,CE 108,1997,3050000.0,290000.0,
Toyota,CE 90,1990,1985000.0,190000.0,
Toyota,CE 90 Corolla,1992,1680000.0,120000.0,
Toyota,CE100 SE Limited,1991,2550000.0,223000.0,
Toyota,CE106 Elephant Back,1997,2525000.0,245254.0,
Toyota,CE106 Wagon,1997,2810000.0,185000.0,3764011.0
Toyota,CE108,1997,3033333.0,260333.0,4193701.0
Toyota,CE110,1996,3185000.0,272500.0,3769708.0
Toyota,CE110,1997,3246875.0,201289.0,4153978.0
Toyota,CE110,1998,3800000.0,310000.0,3957803.0
Toyota,CE110,1999,3883333.0,180000.0,3977754.0
Toyota,CE110 Crystal Light,1997,3745000.0,3.0,
Toyota,CE110 Sprinter,1996,3700000.0,380000.0,3938666.0
Toyota,CE110 Sprinter,1997,3517500.0,133350.0,4322936.0
Toyota,CE110 Sprinter,1999,3650000.0,302000.0,4154862.0
Toyota,CE90,1990,1875000.0,1.0,
Toyota,CE90 Sprinter,1991,1990000.0,150000.0,
Toyota,CE96,1990,2500000.0,250000.0,
Toyota,CE96 COROLLA,1989,2620000.0,285000.0,
Toyota,CE96 Dx Wagon,1991,2050000.0,111111.0,
Toyota,CHR,2016,13250000.0,58000.0,13085887.0
Toyota,CHR,2017,12605882.0,108361.0,13130071.0
Toyota,CHR,2018,13646667.0,81270.0,13354124.0
Toyota,CHR,2019,14425000.0,95625.0,13881184.0
Toyota,CHR,2020,14367500.0,78013.0,14208951.0
Toyota,CHR DBANGX10,2019,16000000.0,60000.0,
Toyota,CHR DEA NGX10,2018,14500000.0,110000.0,
Toyota,CHR G Turbo NGX50,2017,12700000.0,121000.0,
Toyota,CHR GT,2017,11650000.0,101000.0,
Toyota,CHR GT Bruno,2023,17750000.0,16000.0,
Toyota,CHR GT LED NGX50,2018,11950000.0,97000.0,
Toyota,CHR GT Nero Safety Plus 3,2024,16795000.0,15000.0,
Toyota,CHR GT TURBO,2018,13150000.0,109000.0,
Toyota,CHR GT TURBO 2WD,2018,13490000.0,86000.0,
Toyota,CHR GT Turbo,2018,13300000.0,80000.0,
Toyota,CHR GX 10,2018,14900000.0,96000.0,
Toyota,CHR NGS 10,2018,14950000.0,94000.0,
Toyota,CHR NGX,2018,14500000.0,73300.0,
Toyota,CHR NGX 10,2018,13447500.0,82610.0,13526373.0
Toyota,CHR NGX 10,2019,14150000.0,52000.0,13876446.0
Toyota,CHR NGX 10,2020,14850000.0,84000.0,13916176.0
Toyota,CHR NGX 10 Bruno,2019,14450000.0,58000.0,
Toyota,CHR NGX 50,2016,12000000.0,120000.0,12926272.0
Toyota,CHR NGX 50,2017,12400000.0,95800.0,12974328.0
Toyota,CHR NGX 50,2018,13260000.0,72211.0,13404669.0
Toyota,CHR NGX10,2018,13500000.0,74454.0,13216832.0
Toyota,CHR NGX10,2019,14900000.0,55893.0,13885053.0
Toyota,CHR NGX10,2020,14558333.0,57833.0,13840936.0
Toyota,CHR NGX10,2023,17700000.0,28000.0,12345404.0
Toyota,CHR NGX10 BOOST IMPULSE,2018,14390000.0,72100.0,
Toyota,CHR NGX10 BROWN,2019,14000000.0,70000.0,
Toyota,CHR NGX10 BROWNO,2019,15200000.0,53789.0,
Toyota,CHR NGX10 Brown Top,2019,15750000.0,807653.0,
Toyota,CHR NGX10 NERO,2023,15800000.0,7000.0,
Toyota,CHR NGX50,2017,12675000.0,104500.0,12194748.0
Toyota,CHR NGX50,2018,12750000.0,159250.0,12411281.0
Toyota,CHR NGX50,2019,13100000.0,68000.0,12620674.0
Toyota,CHR NGX50 AWD GT Turbo,2018,13600000.0,84500.0,
Toyota,CHR NGX50 GT TURBO,2018,15500000.0,112000.0,
Toyota,CHR NXG 50,2017,12230000.0,170000.0,
Toyota,CHR NXT 10,2018,14800000.0,76000.0,
Toyota,CHR Ngx 10,2018,13300000.0,118000.0,13526373.0
Toyota,CHR Ngx10,2020,14200000.0,101500.0,13840936.0
Toyota,CHRNGX10,2019,15300000.0,70000.0,
Toyota,CM 35,1986,2380000.0,80000.0,
Toyota,CM36,1991,2895000.0,123456.0,
Toyota,COROLLA,1987,2090000.0,195000.0,2227264.0
Toyota,COROLLA 110,1996,3090000.0,161789.0,3799154.0
Toyota,COROLLA 110,2000,3150000.0,185000.0,4012681.0
Toyota,COROLLA 110 SE LIMITED,1995,3475000.0,189000.0,
Toyota,COROLLA 110 SPRINTER,1997,3900000.0,244000.0,
Toyota,COROLLA 110 XE SALOON,1998,4250000.0,189000.0,
Toyota,COROLLA 121,2000,5885000.0,181700.0,5611886.0
Toyota,COROLLA 121,2003,6675000.0,216300.0,6132430.0
Toyota,COROLLA 121,2005,6175000.0,233111.0,6158029.0
Toyota,COROLLA 121 G GRADE,2006,6450000.0,176000.0,6288331.0
Toyota,COROLLA 121 LX1,2006,5250000.0,170000.0,
Toyota,COROLLA 141,2008,6650000.0,178000.0,6654532.0
Toyota,COROLLA 141 LX,2008,6990000.0,165000.0,7185749.0
Toyota,COROLLA AE100,1992,2825000.0,160000.0,2825162.0
Toyota,COROLLA AE110,1997,4595000.0,170043.0,4293297.0
Toyota,COROLLA CE110,2000,3400000.0,150000.0,3726312.0
Toyota,COROLLA CROSS Z HYBRID,2024,26400000.0,1600.0,
Toyota,COROLLA DX,1984,1875000.0,210123.0,1375014.0
Toyota,COROLLA DX,1998,2650000.0,150.0,4431106.0
Toyota,COROLLA ELEPHANT BACK,1996,2950000.0,235000.0,3422837.0
Toyota,COROLLA ELEPHANT BACK CE96,1993,2025000.0,123456.0,
Toyota,COROLLA LX 141,2007,8050000.0,79600.0,
Toyota,COROLLA TOURING X,2023,14650000.0,34000.0,
Toyota,COROLLAG WINE,2023,15850000.0,3166.0,
Toyota,CORONA,1991,2055000.0,236333.0,3078426.0
Toyota,CORONA AT150,1987,430000.0,125612.0,1500494.0
Toyota,CORONA CT170,1991,1850000.0,180000.0,
Toyota,CORONA CT176,1991,1790000.0,466615.0,
Toyota,CORONA GX,1995,1700000.0,200000.0,
Toyota,CORSA EL40 WINDY,1992,2650000.0,245000.0,
Toyota,CORolla Cross,2024,26550000.0,600.0,
Toyota,CR2,1993,4650000.0,150.0,
Toyota,CR26,1980,1400000.0,200000.0,1496416.0
Toyota,CR26,1985,2350000.0,350.0,1590977.0
Toyota,CR26,1987,2270000.0,269029.0,1829537.0
Toyota,CR26,1989,2250000.0,1234.0,2001872.0
Toyota,CR26,1990,2300000.0,160000.0,2146988.0
Toyota,CR27,1987,2450000.0,450000.0,3111661.0
Toyota,CR27,1989,3061667.0,213333.0,3396215.0
Toyota,CR27,1990,3278571.0,209541.0,3448696.0
Toyota,CR27,1991,3001667.0,239083.0,3577188.0
Toyota,CR27,1992,4250000.0,276250.0,3904859.0
Toyota,CR27,1993,4058000.0,154723.0,4070643.0
Toyota,CR27,1994,4866667.0,233334.0,4098918.0
Toyota,CR27,1995,4750000.0,200000.0,4261362.0
Toyota,CR27,1997,4500000.0,208000.0,4829010.0
Toyota,CR27,1998,5000000.0,210000.0,4713359.0
Toyota,CR41,1997,5868000.0,207944.0,6365699.0
Toyota,CR41,1998,6655000.0,131869.0,6006030.0
Toyota,CR41,1999,6000000.0,295000.0,6064310.0
Toyota,CR41,2002,6425000.0,225000.0,6212537.0
Toyota,CR4151 Noah,2000,5350000.0,146000.0,
Toyota,CR42,1996,7350000.0,178000.0,7063167.0
Toyota,CR42,1999,6575000.0,83334.0,6422582.0
Toyota,CR42,2000,7650000.0,169333.0,6417453.0
Toyota,CR42,2001,7500000.0,180000.0,6645854.0
Toyota,CR42,2002,8785000.0,240000.0,6906928.0
Toyota,CR42,2003,7725000.0,145062.0,7468101.0
Toyota,CR50,2008,7490000.0,220000.0,
Toyota,CR51,1998,5600000.0,250000.0,
Toyota,CUSTOM GT,2025,10700000.0,5.0,
Toyota,CYNOS,1991,2885000.0,227000.0,3272762.0
Toyota,Cab,1997,4250000.0,180000.0,
Toyota,Caldina,1996,3183333.0,190239.0,3429672.0
Toyota,Caldina,1997,3000000.0,240000.0,3875642.0
Toyota,Caldina,1998,3350000.0,186000.0,3719871.0
Toyota,Cami,1999,4175000.0,169150.0,4436229.0
Toyota,Cami,2000,4550000.0,138500.0,4415007.0
Toyota,Cami,2003,5500000.0,135428.0,4764675.0
Toyota,Cami Japan 4WD,2000,4690000.0,165000.0,
Toyota,Camry,1988,550000.0,11234.0,4644404.0
Toyota,Camry,1990,2750000.0,200000.0,5720696.0
Toyota,Camry,1992,2025000.0,156667.0,6851476.0
Toyota,Camry,1993,2345000.0,12345.0,6807219.0
Toyota,Camry,1994,2450000.0,254.0,7638592.0
Toyota,Camry,2003,5700000.0,133000.0,8563090.0
Toyota,Camry,2004,5775000.0,248000.0,8561506.0
Toyota,Camry,2006,7500000.0,1000.0,8598768.0
Toyota,Camry,2007,8367500.0,180000.0,8526167.0
Toyota,Camry,2009,8500000.0,90000.0,8093705.0
Toyota,Camry,2010,8450000.0,190500.0,8200977.0
Toyota,Camry,2013,12250000.0,121500.0,9710562.0
Toyota,Camry CV30,1992,1790000.0,230009.0,
Toyota,Camry Cv30,1991,2550000.0,216000.0,
Toyota,Camry Cv30,1993,2850000.0,1.0,
Toyota,Camry G,2008,8950000.0,198000.0,
Toyota,Camry G Limited Edition,2007,8800000.0,197000.0,
Toyota,Camry Limited Edition,2008,8850000.0,111111.0,
Toyota,Carina,1983,625000.0,109000.0,1479455.0
Toyota,Carina,1984,1080000.0,17081.0,1483561.0
Toyota,Carina,1985,1641667.0,156504.0,1611436.0
Toyota,Carina,1986,1400000.0,630006.0,1829723.0
Toyota,Carina,1987,630450.0,100090.0,1935672.0
Toyota,Carina,1988,2112500.0,111772.0,2075945.0
Toyota,Carina,1992,1750000.0,200000.0,2827996.0
Toyota,Carina,1993,1200000.0,100000.0,3176989.0
Toyota,Carina,1995,3450000.0,234000.0,3566333.0
Toyota,Carina,1996,4350000.0,165688.0,3736885.0
Toyota,Carina,1997,4465000.0,235306.0,4235791.0
Toyota,Carina,1998,4740556.0,184889.0,4193768.0
Toyota,Carina,1999,5517500.0,87404.0,4205983.0
Toyota,Carina,2000,4900000.0,151364.0,4183065.0
Toyota,Carina,2002,5400000.0,198000.0,4157155.0
Toyota,Carina,2007,4250000.0,180000.0,4596016.0
Toyota,Carina 150,1985,1150000.0,88888.0,
Toyota,Carina 150,1988,975000.0,290.0,
Toyota,Carina 170,1990,1990000.0,211456.0,
Toyota,Carina 170,1991,2250000.0,260000.0,
Toyota,Carina 192,1993,2850000.0,200000.0,3157499.0
Toyota,Carina 192,1994,3150000.0,180000.0,3185827.0
Toyota,Carina 192,1995,2950000.0,200000.0,3327576.0
Toyota,Carina 210,1997,4585000.0,138000.0,
Toyota,Carina 212,1999,5583333.0,175000.0,4812821.0
Toyota,Carina 212 AT,1999,4900000.0,210000.0,
Toyota,Carina 212 TI MyRoad,1997,4790000.0,190000.0,
Toyota,Carina 5 FORWARD,1985,1140000.0,195234.0,
Toyota,Carina AA60,1983,1375000.0,55679.0,1448198.0
Toyota,Carina AA60,1985,1200000.0,222222.0,1453927.0
Toyota,Carina AT 150,1985,1025000.0,250000.0,1479281.0
Toyota,Carina AT 170,1995,2350000.0,250000.0,
Toyota,Carina AT 170 89,1989,1850000.0,187000.0,
Toyota,Carina AT 210,1996,4250000.0,153999.0,
Toyota,Carina AT150,1984,1175000.0,1.0,1397497.0
Toyota,Carina AT150,1985,1190000.0,210000.0,1424021.0
Toyota,Carina AT150,1986,1185000.0,250322.0,1453932.0
Toyota,Carina AT150,1988,1500000.0,100000.0,1584417.0
Toyota,Carina AT150,1989,1350000.0,1000.0,1642918.0
Toyota,Carina AT170,1991,2090000.0,222020.0,
Toyota,Carina AT170,1992,2850000.0,250000.0,
Toyota,Carina AT191,1996,3050000.0,57500.0,
Toyota,Carina AT192,1993,2825000.0,260000.0,
Toyota,Carina AT192Sx,1996,2750000.0,300000.0,
Toyota,Carina Aa60,1983,1500000.0,1234.0,1448198.0
Toyota,Carina At 150,1986,1395000.0,100000.0,1509191.0
Toyota,Carina At 150,1987,995000.0,88759.0,1571116.0
Toyota,Carina At 192,1994,3050000.0,100000.0,
Toyota,Carina At150,1990,850000.0,160000.0,1953586.0
Toyota,Carina CT 190,1992,3000000.0,301112.0,
Toyota,Carina CT 190,1993,3200000.0,21718.0,
Toyota,Carina CT190,1996,2750000.0,150000.0,
Toyota,Carina CT210,1996,4100000.0,150000.0,
Toyota,Carina Corona EFI,1991,2090000.0,214567.0,
Toyota,Carina Ct211,2001,5850000.0,190000.0,
Toyota,Carina Ka67,1987,1625000.0,124000.0,
Toyota,Carina SI MYROAD,1998,4990000.0,204000.0,
Toyota,Carina SI Myroad,1999,5475000.0,123456.0,
Toyota,Carina Si,2000,5300000.0,165000.0,
Toyota,Carina Si My Road,2001,6550000.0,96408.0,
Toyota,Carina TI,1997,4350000.0,176000.0,5310926.0
Toyota,Carina TI,1998,4950000.0,236000.0,5055916.0
Toyota,Carina TI 212,1999,5100000.0,184565.0,4845203.0
Toyota,Carina TI My Road,1998,5500000.0,260.0,4718469.0
Toyota,Carina TI Myroad,1998,4100000.0,277000.0,3927554.0
Toyota,Carina TI Myroad,1999,3612500.0,198000.0,3987225.0
Toyota,Carina Ti,1996,4275000.0,141957.0,5078174.0
Toyota,Carina Ti,1997,4581250.0,127268.0,5310926.0
Toyota,Carina Ti,1998,4650000.0,185000.0,5055916.0
Toyota,Carina Ti,1999,5775000.0,195000.0,5100781.0
Toyota,Carina Ti,2000,6850000.0,138500.0,5088031.0
Toyota,Carina Ti 212,1996,4900000.0,195000.0,4815119.0
Toyota,Carina Ti 212,1997,4850000.0,199500.0,5059111.0
Toyota,Carina Ti MY ROAD AT212,1997,4325000.0,255400.0,
Toyota,Carina Ti MY Road,2000,5490000.0,190000.0,4795016.0
Toyota,Carina Ti Mi Road 212,1999,5250000.0,205000.0,
Toyota,Carina Ti My Road,1996,3950000.0,300000.0,4890087.0
Toyota,Carina Ti My Road,1997,4625000.0,312000.0,5082329.0
Toyota,Carina Ti My Road,1999,5325000.0,68026.0,4782226.0
Toyota,Carina Ti My Road,2001,5150000.0,131542.0,4869045.0
Toyota,Carina Ti My Road,2003,5750000.0,125000.0,5363881.0
Toyota,Carina Ti My Road,2008,6550000.0,131423.0,5870951.0
Toyota,Carina Ti My Road AT 212,1997,4750000.0,279000.0,
Toyota,Carina Ti MyRoad,1998,5100000.0,87000.0,3927554.0
Toyota,Carina Ti Myroad,1996,4000000.0,75000.0,3379921.0
Toyota,Carina Ti Myroad,1997,4550000.0,176000.0,4083326.0
Toyota,Carina Wagon,1988,695000.0,12345.0,
Toyota,Carina212,2008,5145000.0,185000.0,
Toyota,Ce 108 Elephant Back,1997,3100000.0,111.0,
Toyota,Ce 90,1991,1995000.0,170000.0,
Toyota,Ce100,1993,2375000.0,235000.0,
Toyota,Ce106 Corolla WAGON,1996,3350000.0,160000.0,
Toyota,Ce108,1997,2800000.0,262000.0,4193701.0
Toyota,Ce110,1998,3000000.0,22.0,3957803.0
Toyota,Ce90,1991,2500000.0,280000.0,
Toyota,Ce90,1992,2275000.0,300000.0,
Toyota,Ceres Marino,1996,3575000.0,196804.0,
Toyota,Champ Vigo,2015,19000000.0,180000.0,
Toyota,Charmant,1981,1000000.0,111111.0,
Toyota,Chr,2017,13312500.0,73125.0,12774239.0
Toyota,Chr,2018,14800000.0,40000.0,12892023.0
Toyota,Chr,2019,13975000.0,34950.0,13217407.0
Toyota,Chr NGX 10,2018,13500000.0,110000.0,13526373.0
Toyota,Chr Ngx 10,2018,13391667.0,82000.0,13526373.0
Toyota,Chr Ngx 10,2020,15950000.0,45000.0,13916176.0
Toyota,Chr Ngx10,2018,13200000.0,51500.0,13216832.0
Toyota,Cm 36 Liteace,1999,3375000.0,12345.0,
Toyota,Cm20,1987,1050000.0,77722.0,
Toyota,Commuter,2025,29800000.0,10.0,
Toyota,Corolla,1970,800000.0,200000.0,1507617.0
Toyota,Corolla,1973,925000.0,287500.0,1507617.0
Toyota,Corolla,1975,875000.0,175000.0,1507617.0
Toyota,Corolla,1977,650000.0,100000.0,1507617.0
Toyota,Corolla,1979,785000.0,789654.0,1507617.0
Toyota,Corolla,1980,748000.0,72744.0,1507617.0
Toyota,Corolla,1983,475000.0,100000.0,1474352.0
Toyota,Corolla,1985,1268750.0,357500.0,1539954.0
Toyota,Corolla,1986,1295000.0,300000.0,1609733.0
Toyota,Corolla,1988,1595000.0,1234.0,1794640.0
Toyota,Corolla,1989,1850000.0,180000.0,1870981.0
Toyota,Corolla,1990,2000000.0,142500.0,1927499.0
Toyota,Corolla,1992,3550000.0,230021.0,2539900.0
Toyota,Corolla,1993,2587500.0,206836.0,2714864.0
Toyota,Corolla,1994,3287500.0,248900.0,2743139.0
Toyota,Corolla,1995,3275000.0,185000.0,2912019.0
Toyota,Corolla,1996,3325000.0,144018.0,3148000.0
Toyota,Corolla,1997,3623333.0,197404.0,3832887.0
Toyota,Corolla,1998,3830000.0,176550.0,3957442.0
Toyota,Corolla,1999,2850000.0,300000.0,4053709.0
Toyota,Corolla,2001,6250000.0,107690.0,4062625.0
Toyota,Corolla,2002,5675000.0,83450.0,4161164.0
Toyota,Corolla,2004,5400000.0,130000.0,4483583.0
Toyota,Corolla,2005,6025000.0,246050.0,4540317.0
Toyota,Corolla,2006,6425000.0,84000.0,4646543.0
Toyota,Corolla,2008,6900000.0,164333.0,5786580.0
Toyota,Corolla,2024,16500000.0,4000.0,8171030.0
Toyota,Corolla 02,1990,1985000.0,123432.0,
Toyota,Corolla 11,1994,1375000.0,172000.0,
Toyota,Corolla 110,1995,3700000.0,279000.0,3714613.0
Toyota,Corolla 110,1996,3302778.0,208000.0,3799154.0
Toyota,Corolla 110,1997,3475000.0,149618.0,4183425.0
Toyota,Corolla 110,1998,4300000.0,242000.0,4005778.0
Toyota,Corolla 110,1999,3825000.0,165120.0,4025729.0
Toyota,Corolla 110,2000,4095000.0,235000.0,4012681.0
Toyota,Corolla 110,2003,4250000.0,16500.0,4245482.0
Toyota,Corolla 110 Limited Edition,1997,4300000.0,176000.0,
Toyota,Corolla 110 S ELimited,1999,3700000.0,180000.0,
Toyota,Corolla 110 SE,1995,3600000.0,265000.0,
Toyota,Corolla 110 Sprinter,1996,3800000.0,95664.0,
Toyota,Corolla 110 XE LIMITED,2002,4350000.0,185000.0,
Toyota,Corolla 110 XE Saloon,1997,3625000.0,210000.0,
Toyota,Corolla 111,1997,4183333.0,154633.0,4771346.0
Toyota,Corolla 121,2000,5455556.0,155618.0,4859048.0
Toyota,Corolla 121,2001,5236944.0,198141.0,5066279.0
Toyota,Corolla 121,2002,5703667.0,207167.0,5269838.0
Toyota,Corolla 121,2003,5980714.0,168057.0,5612703.0
Toyota,Corolla 121,2004,5660435.0,163350.0,5613605.0
Toyota,Corolla 121,2005,5933125.0,218488.0,5638303.0
Toyota,Corolla 121,2006,5831429.0,169129.0,5726152.0
Toyota,Corolla 121,2007,6225000.0,170667.0,5749815.0
Toyota,Corolla 121 Dickey Light,2004,6200000.0,185000.0,
Toyota,Corolla 121 F Grade,2003,6350000.0,150000.0,
Toyota,Corolla 121 G,2002,6050000.0,240000.0,7007256.0
Toyota,Corolla 121 G,2003,6400000.0,161750.0,7536566.0
Toyota,Corolla 121 G,2007,6600000.0,196000.0,7348609.0
Toyota,Corolla 121 G Grade,2000,5947500.0,249500.0,5729042.0
Toyota,Corolla 121 G Grade,2001,5875000.0,242500.0,5802927.0
Toyota,Corolla 121 G Grade,2002,6025000.0,188500.0,5838185.0
Toyota,Corolla 121 G Grade,2004,6550000.0,186000.0,6199590.0
Toyota,Corolla 121 G Grade,2005,6700000.0,185000.0,6224287.0
Toyota,Corolla 121 G Grade Japan,2003,5800000.0,173926.0,
Toyota,Corolla 121 G LIMITED,2006,6475000.0,137250.0,
Toyota,Corolla 121 G Limited,2007,6550000.0,208000.0,
Toyota,Corolla 121 G NZE,2002,5850000.0,237.0,
Toyota,Corolla 121 LX,2002,5287500.0,241500.0,
Toyota,Corolla 121 LXI,2004,5525000.0,189000.0,
Toyota,Corolla 121 Luxel,2001,5425000.0,260000.0,
Toyota,Corolla 121 X,2000,5650000.0,223000.0,4854939.0
Toyota,Corolla 121 X,2003,5850000.0,195000.0,5415802.0
Toyota,Corolla 121 X,2004,5725000.0,249000.0,5416704.0
Toyota,Corolla 121 X Grade,2002,5837500.0,155000.0,6376194.0
Toyota,Corolla 121 X Grade,2005,6525000.0,164000.0,6713561.0
Toyota,Corolla 121 X Japan,2004,5950000.0,147800.0,
Toyota,Corolla 121 X Limited,2002,6250000.0,169300.0,7089975.0
Toyota,Corolla 121 X Limited,2005,6750000.0,90500.0,7593255.0
Toyota,Corolla 121 XLI,2003,5750000.0,144000.0,5545835.0
Toyota,Corolla 121 XLI,2004,5416667.0,140594.0,5546737.0
Toyota,Corolla 121 XLI,2005,5550000.0,174000.0,5577250.0
Toyota,Corolla 141,2007,6469375.0,120226.0,6743096.0
Toyota,Corolla 141,2008,6849655.0,150326.0,6751632.0
Toyota,Corolla 141,2009,7450000.0,206000.0,6739661.0
Toyota,Corolla 141,2010,7080000.0,161491.0,6762642.0
Toyota,Corolla 141,2011,7266667.0,136151.0,6897320.0
Toyota,Corolla 141 Dual VVTI,2012,8500000.0,139000.0,
Toyota,Corolla 141 GLI,2007,6975000.0,2.0,
Toyota,Corolla 141 LX,2008,7170000.0,157811.0,7185749.0
Toyota,Corolla 141 XLI,2007,5200000.0,159.0,
Toyota,Corolla 141GLI,2011,7450000.0,132000.0,
Toyota,Corolla 2,1988,1750000.0,285000.0,1801087.0
Toyota,Corolla 2,1989,2350000.0,150.0,1859588.0
Toyota,Corolla 2,1991,1825000.0,135000.0,2370271.0
Toyota,Corolla 2,1992,1900000.0,190000.0,2639237.0
Toyota,Corolla 2,1994,2675000.0,150000.0,2647507.0
Toyota,Corolla 2,1999,3525000.0,165000.0,3602569.0
Toyota,Corolla 2 EL51,1994,3250000.0,237000.0,
Toyota,Corolla 2 Starlet,1998,3850000.0,213153.0,
Toyota,Corolla 2 Tercel,1992,1650000.0,12345.0,
Toyota,Corolla 2 Windy,1991,2400000.0,87501.0,2565899.0
Toyota,Corolla 2 Windy,1997,3700000.0,162000.0,3826275.0
Toyota,Corolla 81,1985,775000.0,150000.0,
Toyota,Corolla AE 100 Se Limited,1994,2950000.0,171000.0,
Toyota,Corolla AE100,1991,2800000.0,265153.0,2520565.0
Toyota,Corolla AE100,1992,3065000.0,132283.0,2825162.0
Toyota,Corolla AE100,1993,2667857.0,138911.0,3032311.0
Toyota,Corolla AE100,1994,3075000.0,169239.0,3060638.0
Toyota,Corolla AE100,1995,3168750.0,197425.0,3206045.0
Toyota,Corolla AE100,1996,3400000.0,128000.0,3310405.0
Toyota,Corolla AE100 L Touring Limited S,1999,4750000.0,200000.0,
Toyota,Corolla AE100 SE Limited Gold Badge,1994,3480000.0,188000.0,
Toyota,Corolla AE110,1995,3405000.0,240600.0,3368243.0
Toyota,Corolla AE110,1996,3411667.0,132572.0,3567099.0
Toyota,Corolla AE110,1997,3818750.0,148740.0,3963115.0
Toyota,Corolla AE110,1998,4078750.0,186400.0,3854417.0
Toyota,Corolla AE110,1999,4000000.0,184000.0,3902292.0
Toyota,Corolla AE110,2000,4650000.0,237500.0,3869395.0
Toyota,Corolla AE110,2004,4499000.0,205000.0,4183769.0
Toyota,Corolla AE110,2008,4300000.0,168000.0,4979318.0
Toyota,Corolla AE110,2018,4825000.0,225000.0,6069424.0
Toyota,Corolla AE110 111,1997,3675000.0,2.0,
Toyota,Corolla AE110 Sprinter,2000,4250000.0,125000.0,
Toyota,Corolla AE110 Sprinter XE Vintage,1997,3580000.0,195000.0,
Toyota,Corolla AE80,1984,590000.0,150000.0,1365966.0
Toyota,Corolla AE80,1986,850000.0,240000.0,1422401.0
Toyota,Corolla AE80,1987,1250000.0,1.0,1506410.0
Toyota,Corolla AE81,1983,1300000.0,12345.0,1440308.0
Toyota,Corolla AE81,1985,1225000.0,178000.0,1446038.0
Toyota,Corolla AE81,1986,1390000.0,212458.0,1501556.0
Toyota,Corolla AE91,1987,1887500.0,233856.0,1874142.0
Toyota,Corolla AE91,1990,1647500.0,101758.0,2206037.0
Toyota,Corolla AE91 EFI SE Limited G Super Limited,1990,3150000.0,266000.0,
Toyota,Corolla Ae100,1991,2700000.0,149000.0,2520565.0
Toyota,Corolla Ae100,2000,3650000.0,210000.0,3866794.0
Toyota,Corolla Ae100 SE LIMITED GOLD BATCH,1997,3350000.0,232000.0,
Toyota,Corolla Ae110,1995,3650000.0,270000.0,3789570.0
Toyota,Corolla Ae110,1997,3350000.0,160000.0,4293297.0
Toyota,Corolla Ae110,2000,4650000.0,125000.0,4104000.0
Toyota,Corolla Ae110 Se Saloon,1997,3950000.0,180000.0,
Toyota,Corolla Ae110 Sprinter Xe Vintage,2000,3690000.0,17500.0,
Toyota,Corolla Ae81,1984,1200000.0,150000.0,1419513.0
Toyota,Corolla Ae81,1986,1350000.0,124.0,1501556.0
Toyota,Corolla Ae91,1990,1975000.0,125030.0,2206037.0
Toyota,Corolla Ae91,1991,2170000.0,4.0,2516665.0
Toyota,Corolla Ae91,1994,2150000.0,250000.0,2616546.0
Toyota,Corolla Axio,2012,8050000.0,135.0,
Toyota,Corolla Axio,2016,10000000.0,98500.0,
Toyota,Corolla Axio X Limited,2008,7800000.0,226000.0,
Toyota,Corolla Axio X Limited,2011,8650000.0,171000.0,
Toyota,Corolla B 20,1979,980000.0,14500.0,
Toyota,Corolla Black Edition,2024,17795000.0,7000.0,
Toyota,Corolla CE 108,1997,2690000.0,321800.0,
Toyota,Corolla CE 108 L,1998,2790000.0,253000.0,
Toyota,Corolla CE100,1992,2550000.0,187000.0,
Toyota,Corolla CE100,1995,2900000.0,200000.0,
Toyota,Corolla CE106,1997,3200000.0,340000.0,
Toyota,Corolla CE106,2000,2750000.0,123.0,
Toyota,Corolla CE106 Wagon,1997,2890000.0,265000.0,
Toyota,Corolla CE108,1997,3250000.0,171000.0,
Toyota,Corolla CE108 Elephant Back,1997,2750000.0,123456.0,
Toyota,Corolla CE110,1996,3283333.0,127748.0,3512785.0
Toyota,Corolla CE110,1997,3448750.0,202500.0,3897055.0
Toyota,Corolla CE110,1999,3330000.0,303333.0,3739360.0
Toyota,Corolla CE110 Crystal Light,1997,3462500.0,160728.0,
Toyota,Corolla CE90,1988,2800000.0,467000.0,
Toyota,Corolla CE96,1990,2092500.0,324000.0,
Toyota,Corolla Ce100,1997,3690000.0,240000.0,
Toyota,Corolla Ceres,1995,3150000.0,250000.0,
Toyota,Corolla Cf 90,1992,2040000.0,83472.0,
Toyota,Corolla Cross,2024,25900000.0,5300.0,
Toyota,Corolla Cross Z,2024,28500000.0,5000.0,
Toyota,Corolla DX,1995,2600000.0,250000.0,3440519.0
Toyota,Corolla DX KE72,1985,1750000.0,170000.0,
Toyota,Corolla DX KE72,1987,900000.0,200000.0,
Toyota,Corolla DX KE74,1986,1325000.0,249000.0,
Toyota,Corolla DX Wagon,1983,8100000.0,63000.0,1311999.0
Toyota,Corolla DX Wagon,1985,1332500.0,237328.0,1317729.0
Toyota,Corolla DX Wagon,1986,1150000.0,100000.0,1373247.0
Toyota,Corolla DX Wagon KE72,1986,1475000.0,280000.0,1422437.0
Toyota,Corolla DX Wagon KE72,1987,1362500.0,111368.0,1494569.0
Toyota,Corolla Dx,1984,1250000.0,111.0,1375014.0
Toyota,Corolla Dx,1986,912500.0,185569.0,1431449.0
Toyota,Corolla Dx AE92 Wagon,1991,1800000.0,375000.0,
Toyota,Corolla Dx KE72,1987,850000.0,250000.0,
Toyota,Corolla Dx Wagon,1985,1032500.0,172660.0,1317729.0
Toyota,Corolla Dx Wagon,1987,835000.0,12345.0,1445380.0
Toyota,Corolla Dx Wagon KE72,1988,972500.0,80000.0,1562753.0
Toyota,Corolla Dx Wagon KE72 High Roof,1987,1650000.0,210000.0,
Toyota,Corolla Dx Wagon Ke72,1986,1590000.0,123453.0,1422437.0
Toyota,Corolla EE 103,1999,3250000.0,226000.0,
Toyota,Corolla EE 90,1989,1950000.0,167000.0,
Toyota,Corolla EE102 Elephant Back,1997,3175000.0,12345.0,
Toyota,Corolla EE102 Wagon,2000,3675000.0,195875.0,
Toyota,Corolla EE103,2001,3250000.0,223000.0,
Toyota,Corolla EE106,1993,2300000.0,264000.0,
Toyota,Corolla EE80,1985,1500000.0,21559.0,1540700.0
Toyota,Corolla EE80,1986,1122500.0,135938.0,1570610.0
Toyota,Corolla EE80,1989,1285000.0,111.0,1759689.0
Toyota,Corolla EE90,1989,2150000.0,275000.0,1846147.0
Toyota,Corolla EE90,1990,1650000.0,165000.0,2004107.0
Toyota,Corolla EE96 Wagon,1991,2150000.0,216000.0,
Toyota,Corolla EE98 GL,1990,1950000.0,201000.0,
Toyota,Corolla EER 98,1991,1950000.0,117500.0,
Toyota,Corolla EFI,1990,2360000.0,350000.0,
Toyota,Corolla EL 41,1996,2800000.0,130000.0,
Toyota,Corolla Ee9,1989,1800000.0,100000.0,
Toyota,Corolla Ee90,1989,1895000.0,125000.0,1846147.0
Toyota,Corolla Ee90,1990,1890000.0,3.0,2004107.0
Toyota,Corolla Ee96,1988,1780000.0,170000.0,
Toyota,Corolla Ee98,1988,1565000.0,250000.0,
Toyota,Corolla Elephant Back,1993,2290000.0,89000.0,3104516.0
Toyota,Corolla Elephant Back,1995,2450000.0,260000.0,3318477.0
Toyota,Corolla Elephant Back,1996,2772500.0,100103.0,3422837.0
Toyota,Corolla Elephant Back,1997,3187500.0,176500.0,3998579.0
Toyota,Corolla Elephant Back,1998,1880000.0,266500.0,3842808.0
Toyota,Corolla Elephant Back,1999,3200000.0,160000.0,3902478.0
Toyota,Corolla Elephant Back,2003,3420000.0,170.0,4312776.0
Toyota,Corolla Elephant Back CE106,1997,2950000.0,235000.0,
Toyota,Corolla Elephant Back EE102,2003,3225000.0,200000.0,
Toyota,Corolla Elephant Back EE103,2001,3650000.0,2.0,
Toyota,Corolla Elephant Back Wagon,2000,2850000.0,256000.0,
Toyota,Corolla FIELDER NKE165,2016,8600000.0,278331.0,
Toyota,Corolla GLI,2012,8700000.0,142000.0,
Toyota,Corolla GLI 141,2012,7800000.0,144000.0,
Toyota,Corolla Hearse,1998,5300000.0,150000.0,
Toyota,Corolla KE20,1973,375000.0,263000.0,1281353.0
Toyota,Corolla KE20,1974,700000.0,11111.0,1281353.0
Toyota,Corolla KE20,1978,795000.0,290000.0,1281353.0
Toyota,Corolla KE50,1976,795000.0,65456.0,1475951.0
Toyota,Corolla KE50,1977,665000.0,162718.0,1475951.0
Toyota,Corolla KE50,1985,850000.0,10000.0,1401538.0
Toyota,Corolla KE72,1986,1422500.0,220000.0,
Toyota,Corolla KE72 DX,1985,900000.0,190000.0,
Toyota,Corolla KE72 Dx Wagon,1985,725000.0,50901.0,
Toyota,Corolla Ke20,1970,540000.0,25188.0,1281353.0
Toyota,Corolla Ke20,1977,865000.0,1111.0,1281353.0
Toyota,Corolla Ke50,1976,325000.0,111111.0,1475951.0
Toyota,Corolla Ke50,1977,665000.0,12345.0,1475951.0
Toyota,Corolla Ke55,1977,465000.0,15423.0,
Toyota,Corolla Ke55,1982,960000.0,200000.0,
Toyota,Corolla Ke72 Dx Wagon,1984,1725000.0,259000.0,
Toyota,Corolla Ke72 Gl Wagon,1987,1090000.0,370000.0,
Toyota,Corolla L Touring,1999,3600000.0,30000.0,
Toyota,Corolla NZE121,2000,5850000.0,302363.0,5996215.0
Toyota,Corolla NZE121,2002,6150000.0,174000.0,6267072.0
Toyota,Corolla NZE121,2003,6400000.0,167000.0,6872650.0
Toyota,Corolla NZE121,2004,6700000.0,189000.0,6873552.0
Toyota,Corolla NZE121,2005,5575000.0,185000.0,6847103.0
Toyota,Corolla NZE121 G,2001,4975000.0,235000.0,
Toyota,Corolla NZE121 G Grade,2002,6390000.0,152000.0,
Toyota,Corolla Sprinter,1988,1275000.0,100000.0,
Toyota,Corolla Sprinter AE110,1998,4000000.0,219000.0,
Toyota,Corolla Sprinter Ae110 Vintage,2000,3370000.0,123456.0,
Toyota,Corolla Sprinter EE111,1997,3450000.0,243000.0,
Toyota,Corolla WXB,2023,17225000.0,9488.0,
Toyota,Corolla WXB Limited Edition,2025,18495000.0,2990.0,
Toyota,Corolla Wagon,1989,2200000.0,12345.0,
Toyota,Corolla Wagon CE 108,1997,3250000.0,245000.0,
Toyota,Corolla Wagon CE96,1991,2275000.0,123456.0,
Toyota,Corolla Wagon Elephant AckEE 103,1995,2850000.0,295000.0,
Toyota,Corona,1972,1300000.0,250000.0,1771643.0
Toyota,Corona,1977,650000.0,25000.0,1771643.0
Toyota,Corona,1983,800000.0,200000.0,1724794.0
Toyota,Corona,1984,1275000.0,243719.0,1728900.0
Toyota,Corona,1985,1335000.0,96500.0,1755424.0
Toyota,Corona,1986,1012500.0,69444.0,1785335.0
Toyota,Corona,1987,1025000.0,100025.0,1869343.0
Toyota,Corona,1988,1625000.0,2.0,1960177.0
Toyota,Corona,1989,1427500.0,125001.0,2048996.0
Toyota,Corona,1990,1800000.0,512000.0,2349637.0
Toyota,Corona,1991,1750000.0,237907.0,3078426.0
Toyota,Corona,1992,1900000.0,344231.0,3605233.0
Toyota,Corona,1993,1485000.0,1111.0,3576402.0
Toyota,Corona,1994,2250000.0,144725.0,3604677.0
Toyota,Corona,1995,2691667.0,146667.0,3849552.0
Toyota,Corona,1996,3650000.0,123456.0,4030279.0
Toyota,Corona,1999,3400000.0,251000.0,4731318.0
Toyota,Corona 160,1992,2225000.0,215000.0,
Toyota,Corona 170,1988,1650000.0,428.0,
Toyota,Corona 170,1992,1750000.0,150000.0,
Toyota,Corona A150,1983,800000.0,12334.0,
Toyota,Corona AT 140,1983,1085000.0,121812.0,
Toyota,Corona AT 147,1986,870000.0,55555.0,
Toyota,Corona AT 150,1987,1200000.0,225000.0,
Toyota,Corona AT 150,1990,1300000.0,200000.0,
Toyota,Corona AT 170,1989,1900000.0,175000.0,1846147.0
Toyota,Corona AT 170,1991,2475000.0,128866.0,2323110.0
Toyota,Corona AT 170,2000,2090000.0,265000.0,3607873.0
Toyota,Corona AT140,1984,1150000.0,1111.0,
Toyota,Corona AT150,1985,1108333.0,180333.0,1401538.0
Toyota,Corona AT150,1988,785000.0,186700.0,1544508.0
Toyota,Corona AT170,1988,1875000.0,123456.0,2139392.0
Toyota,Corona AT170,1990,1750000.0,244000.0,2379477.0
Toyota,Corona AT170,1991,2137500.0,207500.0,2603564.0
Toyota,Corona AT170,1992,2500000.0,164.0,2880174.0
Toyota,Corona At170,1988,2650000.0,200000.0,2139392.0
Toyota,Corona At170,1990,2241667.0,140450.0,2379477.0
Toyota,Corona At170,1991,1795000.0,250000.0,2603564.0
Toyota,Corona CT 150,1984,1085000.0,370000.0,
Toyota,Corona CT141,1992,920000.0,1234.0,
Toyota,Corona Carina Premio 110,1997,3790000.0,260000.0,
Toyota,Corona DX Wagon KT 147,1987,875000.0,235000.0,
Toyota,Corona Premio,1995,3965000.0,263175.0,3805442.0
Toyota,Corona Premio,1996,3875000.0,180000.0,3883390.0
Toyota,Corona Premio,1997,3575000.0,199333.0,4267661.0
Toyota,Corona Premio,1998,3875000.0,334000.0,4071485.0
Toyota,Corona Premio,1999,3636667.0,226783.0,4091437.0
Toyota,Corona Premio,2000,5200000.0,200000.0,4070214.0
Toyota,Corona Premio At210,1998,4600000.0,233000.0,
Toyota,Corona Premio CT210,1996,3550000.0,216000.0,
Toyota,Corona Premio Ct210,1995,4050000.0,123456.0,
Toyota,Corona RT 40 Deluxe,1965,280000.0,200000.0,
Toyota,Corsa,1988,1200000.0,190000.0,2725117.0
Toyota,Corsa,1989,1670000.0,12345.0,2783618.0
Toyota,Corsa,1993,2625000.0,200350.0,3417209.0
Toyota,Corsa,1994,2650000.0,159000.0,3445537.0
Toyota,Corsa,1995,2750000.0,225000.0,3598264.0
Toyota,Corsa,1996,3000000.0,100000.0,3697358.0
Toyota,Corsa,1997,3112500.0,180971.0,4107187.0
Toyota,Corsa,1998,3287500.0,100431.0,3929540.0
Toyota,Corsa,1999,3500000.0,251095.0,3949491.0
Toyota,Corsa,2001,3400000.0,185000.0,3906020.0
Toyota,Corsa 20AL,1989,1190000.0,1234.0,
Toyota,Corsa El 51,1995,2800000.0,270686.0,
Toyota,Corsa El41,1996,3275000.0,178000.0,
Toyota,Corsa Tercel,1996,3150000.0,170000.0,
Toyota,Cr26,1988,1750000.0,185000.0,1943370.0
Toyota,Cr36,1991,2660000.0,235654.0,
Toyota,Cr41,1996,6500000.0,133000.0,6131402.0
Toyota,Cr41,1997,6100000.0,300000.0,6365699.0
Toyota,Cr41,1999,6400000.0,213800.0,6064310.0
Toyota,Cr41,2000,6300000.0,215000.0,6077100.0
Toyota,Cr42,1999,6850000.0,190000.0,6422582.0
Toyota,Cr42,2000,6950000.0,22000.0,6417453.0
Toyota,Cr42,2001,7698333.0,244667.0,6645854.0
Toyota,Cr42,2003,7750000.0,2.0,7468101.0
Toyota,Cressida,1989,2075000.0,205000.0,
Toyota,Cresta,1998,3500000.0,123456.0,
Toyota,Crown,1984,1800000.0,160.0,5546864.0
Toyota,Crown,1986,4650000.0,234000.0,6084346.0
Toyota,Crown,1996,4990000.0,69000.0,7995533.0
Toyota,Crown,2007,12000000.0,150000.0,10168971.0
Toyota,Crown,2013,17500000.0,175000.0,11365266.0
Toyota,Crown,2015,27500000.0,135000.0,11813117.0
Toyota,Cruser FJ,2014,27500000.0,2.0,
Toyota,Ct 170,1989,1875000.0,600000.0,
Toyota,Ct 170,1991,2150000.0,325000.0,
Toyota,Ct 210,1996,4199000.0,123456.0,
Toyota,Ct 210 Premio,1996,3600000.0,123456.0,
Toyota,Cynos,1991,2850000.0,230000.0,3272762.0
Toyota,Cynos,1992,2675000.0,86172.0,3684532.0
Toyota,Cynos,1999,5900000.0,113000.0,4842513.0
Toyota,DBA NZT260,2007,8990000.0,142000.0,
Toyota,DBA ZN6,2012,18500000.0,80000.0,
Toyota,DOLPHIN,1994,8875000.0,414758.0,6629496.0
Toyota,DOLPHIN,2000,10200000.0,273500.0,6495581.0
Toyota,DOLPHIN 113 Long,1992,8100000.0,65600.0,
Toyota,DX,1984,950000.0,125300.0,1286498.0
Toyota,DX,1989,1350000.0,100000.0,1600667.0
Toyota,DX Corolla,1986,13075000.0,165000.0,
Toyota,DX WAGON K74,1986,775000.0,222.0,
Toyota,DX WAGON KE74,1985,1630000.0,284926.0,
Toyota,DX Wagon,1984,1250000.0,131000.0,1520665.0
Toyota,DX Wagon,1985,1200000.0,86370.0,1547190.0
Toyota,DX Wagon,1987,900000.0,1111.0,1646145.0
Toyota,DX Wagon,1989,750000.0,85000.0,1748660.0
Toyota,DX Wagon High Roof,1984,1150000.0,250000.0,
Toyota,DX Wagon KE 74,1986,1150000.0,200000.0,
Toyota,DX Wagon KE72,1984,1025000.0,234561.0,1438551.0
Toyota,DX Wagon KE72,1989,1690000.0,25456.0,1666414.0
Toyota,DX Wagon KE7489,1986,1400000.0,1234.0,
Toyota,DX Wagon Ke72,1984,865000.0,1000.0,1438551.0
Toyota,Dolphin,1987,375000.0,175000.0,3862595.0
Toyota,Dolphin,1989,6386250.0,74422.0,5238861.0
Toyota,Dolphin,1990,5936875.0,118608.0,5456940.0
Toyota,Dolphin,1991,6400000.0,147522.0,5659460.0
Toyota,Dolphin,1992,6343125.0,129265.0,6430083.0
Toyota,Dolphin,1993,7033571.0,176768.0,6577141.0
Toyota,Dolphin,1994,7735714.0,248447.0,7840754.0
Toyota,Dolphin,1995,7917500.0,200288.0,8221104.0
Toyota,Dolphin,1996,8515833.0,159842.0,8668141.0
Toyota,Dolphin,1997,8985417.0,218453.0,9070224.0
Toyota,Dolphin,1998,8616667.0,266167.0,8771864.0
Toyota,Dolphin,1999,5625000.0,241500.0,8771602.0
Toyota,Dolphin,2000,6637500.0,129778.0,8699397.0
Toyota,Dolphin,2001,11000000.0,250000.0,8622240.0
Toyota,Dolphin,2003,10568750.0,183584.0,8664155.0
Toyota,Dolphin,2004,13195000.0,240500.0,8596537.0
Toyota,Dolphin 102,1990,7200000.0,182504.0,4670618.0
Toyota,Dolphin 102,1993,6750000.0,255000.0,6236519.0
Toyota,Dolphin 102,1994,6500000.0,1500.0,6609417.0
Toyota,Dolphin 103,1995,7050000.0,25000.0,
Toyota,Dolphin 103,2003,10800000.0,232000.0,
Toyota,Dolphin 110,1992,6600000.0,256000.0,
Toyota,Dolphin 113,1992,7345000.0,165000.0,6965643.0
Toyota,Dolphin 113,1995,6950000.0,100000.0,7872359.0
Toyota,Dolphin 113,1996,9600000.0,1234.0,7843864.0
Toyota,Dolphin 113,1997,10275000.0,89000.0,7811840.0
Toyota,Dolphin 113,1998,11275000.0,290000.0,6932285.0
Toyota,Dolphin 113,2003,10000000.0,231000.0,8238714.0
Toyota,Dolphin 113 High Roof,1994,8750000.0,500000.0,
Toyota,Dolphin 113 Long,1997,7950000.0,200000.0,
Toyota,Dolphin 123,1995,10600000.0,300000.0,
Toyota,Dolphin 129,1996,8500000.0,400000.0,
Toyota,Dolphin 172,2004,16000000.0,250.0,
Toyota,Dolphin 172 Super Gl,1999,1260000.0,256000.0,
Toyota,Dolphin 183,2003,12800000.0,415.0,
Toyota,Dolphin 1KZ,1996,8600000.0,123456.0,
Toyota,Dolphin GL,1993,7200000.0,12345.0,
Toyota,Dolphin Gl 113,1998,9500000.0,280000.0,
Toyota,Dolphin Hiace,1992,7850000.0,310.0,7737928.0
Toyota,Dolphin Hiace,1994,7916667.0,296667.0,7732867.0
Toyota,Dolphin Hiace,2004,13690000.0,181000.0,8277242.0
Toyota,Dolphin Hiace LH103,1991,5950000.0,200000.0,
Toyota,Dolphin Hiace LH172 Super GL,2001,16700000.0,151500.0,
Toyota,Dolphin Hiace Lh113,1995,9500000.0,350000.0,
Toyota,Dolphin High Roof,1991,9000000.0,1234.0,5234364.0
Toyota,Dolphin High Roof,1994,9650000.0,268000.0,5792165.0
Toyota,Dolphin High Roof,1999,13500000.0,250000.0,5646716.0
Toyota,Dolphin High Roof,2004,9900000.0,344000.0,7634395.0
Toyota,Dolphin High Roof 123,1989,7750000.0,280000.0,
Toyota,Dolphin High Roof LH123,1998,12200000.0,4.0,
Toyota,Dolphin LH 178 Super GL,2003,14500000.0,183000.0,
Toyota,Dolphin LH102,1990,5975000.0,123000.0,
Toyota,Dolphin LH102,1991,6300000.0,825259.0,
Toyota,Dolphin LH102 2L,1993,9000000.0,399060.0,
Toyota,Dolphin LH102 GL,1991,5750000.0,258000.0,
Toyota,Dolphin LH103,1993,7800000.0,150000.0,7263452.0
Toyota,Dolphin LH103,1994,7250000.0,225000.0,7637086.0
Toyota,Dolphin LH103,1995,8113333.0,208400.0,7884117.0
Toyota,Dolphin LH113,1990,5606250.0,164000.0,4250171.0
Toyota,Dolphin LH113,1991,3780556.0,325000.0,4547686.0
Toyota,Dolphin LH113,1992,7250000.0,192500.0,5037166.0
Toyota,Dolphin LH113,1993,7475000.0,286271.0,4992909.0
Toyota,Dolphin LH113,1994,8425000.0,268601.0,5852551.0
Toyota,Dolphin LH113,1995,8875000.0,332000.0,6055575.0
Toyota,Dolphin LH113,1996,9825000.0,174500.0,6131857.0
Toyota,Dolphin LH113,1997,9900000.0,150000.0,6368316.0
Toyota,Dolphin LH113,1998,10337500.0,101250.0,6001947.0
Toyota,Dolphin LH113,1999,9750000.0,185236.0,6000033.0
Toyota,Dolphin LH113 3L Engine,1990,7200000.0,360000.0,
Toyota,Dolphin LH113 Long,1993,8300000.0,300000.0,
Toyota,Dolphin LH113 Super GL,1994,9300000.0,1234.0,
Toyota,Dolphin LH113g,1994,8475000.0,250000.0,
Toyota,Dolphin LH119,1998,10050000.0,350000.0,
Toyota,Dolphin LH123,1993,9675000.0,248733.0,
Toyota,Dolphin LH123 High Roof,1998,12500000.0,320000.0,
Toyota,Dolphin LH123 Super Long,1994,9600000.0,156409.0,
Toyota,Dolphin LH125,1995,9700000.0,350000.0,
Toyota,Dolphin LH162,2000,8000000.0,120000.0,
Toyota,Dolphin LH162 Limited Edition,1999,8500000.0,100000.0,
Toyota,Dolphin LH172,1998,11000000.0,250000.0,10386302.0
Toyota,Dolphin LH172,2004,15750000.0,214.0,14053657.0
Toyota,Dolphin LH178,2005,13000000.0,365000.0,
Toyota,Dolphin Lh 162,1999,11000000.0,480000.0,
Toyota,Dolphin Lh102,1991,5850000.0,180.0,
Toyota,Dolphin Lh113,1999,9750000.0,220000.0,6000033.0
Toyota,Dolphin Lh162,2000,8550000.0,198000.0,
Toyota,Dolphin Lh172,2004,18950000.0,240000.0,14053657.0
Toyota,Dolphin RZH 102,2001,8750000.0,250000.0,
Toyota,Dolphin RZH102,2000,10800000.0,22222.0,
Toyota,Dolphin Super Custom,1992,5500000.0,200000.0,
Toyota,Dolphin Super GL,1992,6700000.0,145648.0,6730817.0
Toyota,Dolphin Super GL,1994,8990000.0,2.0,6869394.0
Toyota,Dolphin Super GL,1997,11000000.0,198532.0,7467311.0
Toyota,Dolphin Super GL,2003,12000000.0,125133.0,7991426.0
Toyota,Dolphin Super GL 113,1995,9550000.0,285000.0,
Toyota,Dolphin Super GL LH113,1991,8000000.0,356788.0,
Toyota,Dolphin Super Gl,1995,8100000.0,100000.0,7529132.0
Toyota,Dolphin Super Long,1991,5900000.0,1234.0,
Toyota,Dolphin Super Long,1999,12700000.0,198432.0,
Toyota,Dolphin Supser Gl 113,1993,8975000.0,225.0,
Toyota,Double Cab,1992,650000.0,150000.0,3276462.0
Toyota,Double Cab,2005,9150000.0,300000.0,5271785.0
Toyota,Double Cab,2007,10450000.0,185000.0,5477928.0
Toyota,DuET,1999,3275000.0,60000.0,3950228.0
Toyota,Duet,1998,3162500.0,157500.0,3905363.0
Toyota,Duet,1999,3500000.0,165000.0,3950228.0
Toyota,Duet,2000,3595000.0,143700.0,3929006.0
Toyota,Duet,2001,3491667.0,159000.0,3948115.0
Toyota,Duet,2002,2950000.0,182000.0,4027086.0
Toyota,Duet,2003,3050000.0,233800.0,4188731.0
Toyota,Dx,1985,675000.0,123456.0,1349422.0
Toyota,Dx,1988,1260000.0,52000.0,1542166.0
Toyota,Dx,1990,1550000.0,11245.0,1764645.0
Toyota,Dx KE72,1986,1550000.0,240000.0,
Toyota,Dx KE72,1987,1585000.0,240000.0,
Toyota,Dx Wagon,1983,1160000.0,275045.0,1557882.0
Toyota,Dx Wagon,1984,1050000.0,158808.0,1520665.0
Toyota,Dx Wagon,1985,1250000.0,1.0,1547190.0
Toyota,Dx Wagon,1986,1350000.0,100028.0,1577100.0
Toyota,Dx Wagon,1987,1100000.0,300000.0,1646145.0
Toyota,Dx Wagon,1989,1650000.0,340000.0,1748660.0
Toyota,Dx Wagon 72,1987,1575000.0,150000.0,
Toyota,Dx Wagon KE73,1986,1460000.0,100000.0,
Toyota,Dx Wagon Ke72,1983,813333.0,116704.0,1459346.0
Toyota,Dx Wagon Ke72,1985,1450000.0,123211.0,1465075.0
Toyota,Dx Wagon Ke74,1984,1290000.0,123456.0,
Toyota,Dx96,1992,1800000.0,11111.0,
Toyota,Dyna,1995,4500000.0,350000.0,
Toyota,E100 EFI,1994,2785000.0,123456.0,
Toyota,EE 101,1992,2100000.0,210000.0,
Toyota,EE 101,1993,2975000.0,301000.0,
Toyota,EE 102,1998,3350000.0,135000.0,
Toyota,EE101,1991,2290000.0,210000.0,
Toyota,EE101,1992,2100000.0,210000.0,
Toyota,EE102 Elephant Back,1999,2775000.0,165000.0,
Toyota,EE111,1999,3050000.0,182000.0,
Toyota,EE90,1989,1700000.0,242000.0,
Toyota,EE90,1990,2000000.0,173987.0,
Toyota,EE96,1989,1946667.0,141968.0,1873461.0
Toyota,EE96,1990,1875000.0,50000.0,2078899.0
Toyota,EE96,1991,1875000.0,275000.0,2397902.0
Toyota,EE96,1993,1845000.0,123562.0,2627475.0
Toyota,EE96,1994,1615000.0,100000.0,2655750.0
Toyota,EE96 Wagon,1989,1730000.0,150000.0,
Toyota,EE97,1990,1650000.0,2.0,
Toyota,EE98,1994,1950000.0,174800.0,
Toyota,EL4 Corsa,1991,2100000.0,250000.0,
Toyota,EP 71,1987,2075000.0,200000.0,
Toyota,EP82,1994,3290000.0,230000.0,
Toyota,ESTIMA,2007,9800000.0,115000.0,4741292.0
Toyota,ET100,1995,2650000.0,150000.0,
Toyota,Echo,2000,3850000.0,153130.0,
Toyota,Ee90,1988,1650000.0,216277.0,
Toyota,Ee90,1991,1950000.0,324000.0,
Toyota,Ee96,1989,1666667.0,184153.0,1873461.0
Toyota,Elephant Back,1996,2725000.0,156179.0,3852414.0
Toyota,Elephant Back,1998,1350000.0,280000.0,4093691.0
Toyota,Elephant Back,2004,3500000.0,256000.0,4265872.0
Toyota,Elephant Back Ce106,1996,2500000.0,232662.0,
Toyota,Elephant Back Ce106,1997,2450000.0,200000.0,
Toyota,Elephant Back EE107,1991,2550000.0,166228.0,
Toyota,Esquire,2014,17500000.0,239730.0,
Toyota,Esquire,2015,21200000.0,48000.0,
Toyota,Esquire G,2015,21000000.0,49000.0,
Toyota,Esquire Noah,2015,15750000.0,130000.0,
Toyota,Estima,1996,4050000.0,165000.0,4062797.0
Toyota,Estima,2003,4300000.0,256714.0,4662161.0
Toyota,Estima,2008,9800000.0,172000.0,5196127.0
Toyota,FB14,1996,3150000.0,212000.0,
Toyota,FIELDER,2017,9300000.0,196106.0,
Toyota,FORTUNER,2013,19490000.0,160000.0,22736663.0
Toyota,FORTUNER,2014,21000000.0,95500.0,22152033.0
Toyota,FORTUNER V,2013,18500000.0,255000.0,
Toyota,FORTUNER V GRADE,2013,19500000.0,164500.0,
Toyota,Fortuner,2006,13850000.0,148000.0,16886301.0
Toyota,Fortuner,2007,15000000.0,250000.0,17247467.0
Toyota,Fortuner,2011,12600000.0,162000.0,22310325.0
Toyota,Fortuner,2013,18454167.0,188176.0,22736663.0
Toyota,Fortuner,2015,22500000.0,130500.0,21752490.0
Toyota,Fortuner,2016,17366667.0,123333.0,22446209.0
Toyota,Fortuner SRV,2016,27800000.0,101000.0,
Toyota,GDH,2023,27900000.0,52000.0,
Toyota,GDH,2025,22850000.0,7000.0,
Toyota,GRANVIA HIACE GRAND,2008,7990000.0,145000.0,
Toyota,GT Turbo,2019,8200000.0,59000.0,
Toyota,GT86,2015,19250000.0,43000.0,
Toyota,Gdh223,2024,28500000.0,7000.0,
Toyota,Grand Cabin,1998,8890000.0,185000.0,
Toyota,Grand Cabin 1kz,1998,8900000.0,520000.0,
Toyota,Grand Hiace,2008,7975000.0,190000.0,
Toyota,Grand Hiace Granvia,2008,7000000.0,2.0,
Toyota,Granvia Grand Hiace,2007,7600000.0,178000.0,
Toyota,Gs Sport,2015,1665000.0,90000.0,
Toyota,HARRIER,2014,1850000.0,185000.0,15347456.0
Toyota,HARRIER ELEGANCE,2017,24800000.0,60100.0,
Toyota,HIACE,1978,1685000.0,200000.0,2030588.0
Toyota,HIACE,1983,2775000.0,176488.0,2011789.0
Toyota,HIACE,1984,3775000.0,386356.0,1995571.0
Toyota,HIACE,1985,2500000.0,123456.0,2103391.0
Toyota,HIACE,1986,3650000.0,207056.0,2426457.0
Toyota,HIACE,1987,4070000.0,293000.0,2523232.0
Toyota,HIACE,1990,6885000.0,50176.0,2906255.0
Toyota,HIACE,1994,8875000.0,429304.0,3845072.0
Toyota,HIACE,1995,8400000.0,441000.0,4085274.0
Toyota,HIACE,1997,12000000.0,330572.0,4954070.0
Toyota,HIACE,1998,12000000.0,230350.0,4645377.0
Toyota,HIACE DOLPHIN,1992,5025000.0,216000.0,6432535.0
Toyota,HIACE DOLPHIN LH113,1990,7200000.0,250.0,6057777.0
Toyota,HIACE Dolphin LH113,1993,7600000.0,145000.0,6785266.0
Toyota,HIACE LH113,1991,7250000.0,357000.0,
Toyota,HIACE LH41,1989,4250000.0,1.0,
Toyota,HIACE SHELL LH51 GL,1987,2975000.0,27800.0,
Toyota,HILUX,1992,7200000.0,300000.0,7681841.0
Toyota,HILUX,2006,9700000.0,198000.0,10938814.0
Toyota,HILUX,2007,11433333.0,129939.0,11861182.0
Toyota,HILUX,2008,12950000.0,186000.0,11546237.0
Toyota,HILUX,2018,22000000.0,136000.0,13056208.0
Toyota,HILUX,2019,18500000.0,92000.0,13711926.0
Toyota,HILUX,2025,26500000.0,6060.0,12122912.0
Toyota,HILUX GR SPORT,2023,23300000.0,18000.0,26421548.0
Toyota,HILUX GR SPORT,2024,24200000.0,375.0,26428721.0
Toyota,HILUX GR SPORT,2025,28725000.0,5034.0,26528293.0
Toyota,HILUX REVO ROCCO,2018,2200000.0,135000.0,
Toyota,HILUX REVOLUTION,2016,20500000.0,155000.0,
Toyota,HILUX ROCCO,2024,25900000.0,390.0,15699071.0
Toyota,HILUX ROCCO B5,2020,22950000.0,68500.0,19429513.0
Toyota,HILUX Rocco,2025,25450000.0,5.0,15622207.0
Toyota,HILUX SMART CAB,2010,7232500.0,178000.0,7438341.0
Toyota,HILUX SMART VIGO,2010,8350000.0,248000.0,
Toyota,HILUX SPORTIVO,2015,18500000.0,120000.0,
Toyota,HILUX SPORTIVO,2016,19000000.0,112000.0,
Toyota,HILUX VIGO,2008,11650000.0,19000.0,8075848.0
Toyota,HILUX VIGO,2018,2050000.0,85000.0,11653798.0
Toyota,HILUX VIGO CHAMP,2012,15250000.0,142000.0,12214997.0
Toyota,HILUX Z JAPAN,2021,21050000.0,35000.0,
Toyota,HILUX Z JAPAN,2023,21875000.0,13000.0,
Toyota,HIlux,2008,11750000.0,225000.0,11546237.0
Toyota,Harrier,1999,5767500.0,173818.0,7637543.0
Toyota,Harrier,2001,5995000.0,165000.0,7879074.0
Toyota,Harrier,2004,8300000.0,120000.0,10662095.0
Toyota,Harrier,2006,8500000.0,245000.0,11067938.0
Toyota,Harrier,2007,10600000.0,133505.0,12578916.0
Toyota,Harrier,2008,8875000.0,76576.0,12418403.0
Toyota,Harrier,2014,18100000.0,149667.0,17839655.0
Toyota,Harrier,2015,16921429.0,112357.0,17740223.0
Toyota,Harrier,2016,20420000.0,148400.0,19732003.0
Toyota,Harrier,2017,24375000.0,111000.0,19999836.0
Toyota,Harrier,2018,26500000.0,78000.0,20359265.0
Toyota,Harrier,2020,22900000.0,76000.0,20626514.0
Toyota,Harrier 240G,2008,10500000.0,178400.0,
Toyota,Harrier 240G,2009,12500000.0,113500.0,
Toyota,Harrier 240g,2009,9800000.0,113500.0,
Toyota,Harrier Advance Premium,2014,22500000.0,194000.0,18434316.0
Toyota,Harrier Advance Premium,2016,20700000.0,135000.0,18932577.0
Toyota,Harrier Hybrid,2014,16500000.0,116000.0,
Toyota,Harrier MHU38w,2009,8900000.0,161306.0,
Toyota,Harrier Platinum Series,2008,8850000.0,135000.0,
Toyota,Harrier Premium,2015,22000000.0,120700.0,21668805.0
Toyota,Harrier Premium,2017,24750000.0,142000.0,23588444.0
Toyota,Harrior Advance Premium,2014,17975000.0,137000.0,
Toyota,Hdh High Roof 220,2006,1950000.0,247000.0,
Toyota,HiAce KDH 201 Super GL,2008,19000000.0,285000.0,
Toyota,HiLUX Rocco,2025,25450000.0,5.0,15622207.0
Toyota,HiLux LN85,1996,3950000.0,100000.0,4323558.0
Toyota,HiLux VIGO Champ Invincible,2011,13450000.0,130000.0,
Toyota,Hiace,1978,1700000.0,100000.0,3712357.0
Toyota,Hiace,1979,525000.0,1111.0,3712357.0
Toyota,Hiace,1982,1098333.0,174485.0,3712357.0
Toyota,Hiace,1983,3225000.0,166666.0,3693559.0
Toyota,Hiace,1984,2700000.0,162500.0,3693559.0
Toyota,Hiace,1985,690000.0,1.0,3797228.0
Toyota,Hiace,1986,3733333.0,332667.0,4110339.0
Toyota,Hiace,1987,4000000.0,185728.0,4230233.0
Toyota,Hiace,1988,2160000.0,516778.0,4512271.0
Toyota,Hiace,1989,4656250.0,75000.0,4610374.0
Toyota,Hiace,1990,6862500.0,253750.0,4940548.0
Toyota,Hiace,1991,6725000.0,205556.0,5694982.0
Toyota,Hiace,1993,5400000.0,240000.0,6336767.0
Toyota,Hiace,1995,8957500.0,405717.0,7208756.0
Toyota,Hiace,1998,7600000.0,225000.0,8176257.0
Toyota,Hiace,2001,15900000.0,179000.0,8698327.0
Toyota,Hiace,2002,3000000.0,80000.0,9036382.0
Toyota,Hiace,2009,1350000.0,104000.0,9929170.0
Toyota,Hiace,2011,13900000.0,358018.0,10256885.0
Toyota,Hiace,2014,22000000.0,138000.0,14366657.0
Toyota,Hiace,2016,18600000.0,188000.0,14962302.0
Toyota,Hiace 102,1989,5200000.0,434000.0,
Toyota,Hiace 113,1994,7990000.0,30000.0,
Toyota,Hiace 172,2004,14975000.0,126000.0,
Toyota,Hiace Dolphin,1989,6200000.0,225000.0,4399339.0
Toyota,Hiace Dolphin,1991,6000000.0,300000.0,5168430.0
Toyota,Hiace Dolphin,1994,6933333.0,327955.0,6791643.0
Toyota,Hiace Dolphin 102 PA,2002,8500000.0,1.0,
Toyota,Hiace Dolphin 113,1992,9100000.0,254000.0,
Toyota,Hiace Dolphin 172,1999,10750000.0,182000.0,
Toyota,Hiace Dolphin LH102,1993,7490000.0,280000.0,
Toyota,Hiace Dolphin LH103,1994,7300000.0,192000.0,
Toyota,Hiace Dolphin LH113,1990,6900000.0,200000.0,6057777.0
Toyota,Hiace Dolphin LH113,1994,9500000.0,195000.0,6897769.0
Toyota,Hiace Dolphin LH113,1996,13000000.0,165000.0,7653597.0
Toyota,Hiace Dolphin LH123,1992,9200000.0,300000.0,
Toyota,Hiace Gdh,2025,24500000.0,8000.0,
Toyota,Hiace KDH 200,2006,17200000.0,173000.0,
Toyota,Hiace Kdh Dark Prime,2016,27000000.0,131000.0,
Toyota,Hiace LH 110,1991,6500000.0,152521.0,
Toyota,Hiace LH 119,1991,6000000.0,383275.0,
Toyota,Hiace LH 172 Super GL,1999,14500000.0,175000.0,
Toyota,Hiace LH113,1998,9800000.0,345000.0,
Toyota,Hiace LH113V,1994,9000000.0,260000.0,
Toyota,Hiace LH123,1995,11000000.0,378400.0,
Toyota,Hiace LH123 Super Long High Roof Dolphin,1997,11350000.0,225000.0,
Toyota,Hiace LH123 Super Long High Roof Dolphin,1998,11450000.0,215000.0,
Toyota,Hiace LH129,1991,7650000.0,1234.0,6180169.0
Toyota,Hiace LH182 Super Long High Roof Dolphin,1999,12850000.0,215000.0,
Toyota,Hiace LH182 Super Long High Roof Dolphin,2000,13450000.0,195000.0,
Toyota,Hiace LH40V,1981,2975000.0,155000.0,
Toyota,Hiace LH50,1983,2975000.0,123456.0,
Toyota,Hiace LH51,1987,3750000.0,340000.0,
Toyota,Hiace LH51,1989,3575000.0,65000.0,
Toyota,Hiace LH61,1988,4150000.0,123456.0,
Toyota,Hiace Lh51,1988,3100000.0,180000.0,
Toyota,Hiace Lh61,1989,3850000.0,1.0,
Toyota,Hiace RZH183 Super Long High Roof Dolphin,2001,11950000.0,210000.0,
Toyota,Hiace Shell,1984,2450000.0,250000.0,1440200.0
Toyota,Hiace Shell,1985,2350000.0,50000.0,1567913.0
Toyota,Hiace Shell,1988,4200000.0,165000.0,1920307.0
Toyota,Hiace Shell LH 61 Long,1988,3850000.0,1.0,
Toyota,Hiace Shell LH61,1987,3175000.0,22222.0,
Toyota,Hiace Shell LH61,1989,4200000.0,123456.0,
Toyota,Hiace Shell LH61V,1988,4200000.0,99000.0,
Toyota,Hiace Super Custom Limited,1989,4700000.0,2.0,
Toyota,Hiace Super Long,1999,12500000.0,300000.0,
Toyota,Hiace TRH 200 Super GL,2017,21500000.0,140000.0,
Toyota,High Roof,2025,29200000.0,9.0,
Toyota,Hilux,1985,1985000.0,34855.0,6452932.0
Toyota,Hilux,1986,2050000.0,175000.0,6660166.0
Toyota,Hilux,1997,6200000.0,269974.0,7978080.0
Toyota,Hilux,1998,6300000.0,279667.0,7765947.0
Toyota,Hilux,1999,5350000.0,123.0,7763901.0
Toyota,Hilux,2000,7800000.0,400000.0,7743299.0
Toyota,Hilux,2006,11625000.0,260000.0,10188653.0
Toyota,Hilux,2007,10395385.0,198526.0,11313535.0
Toyota,Hilux,2008,10722500.0,209357.0,11254234.0
Toyota,Hilux,2009,9512500.0,170750.0,10871716.0
Toyota,Hilux,2010,8820833.0,258000.0,10852826.0
Toyota,Hilux,2011,11666667.0,228333.0,10776604.0
Toyota,Hilux,2012,15000000.0,143500.0,11144752.0
Toyota,Hilux,2013,12950000.0,202000.0,12417419.0
Toyota,Hilux,2014,12800000.0,170250.0,13054228.0
Toyota,Hilux,2015,14375000.0,217500.0,13244554.0
Toyota,Hilux,2016,16416000.0,114233.0,15922733.0
Toyota,Hilux,2017,18500000.0,127250.0,16362783.0
Toyota,Hilux,2018,18425000.0,88492.0,17167200.0
Toyota,Hilux,2019,23000000.0,66500.0,17231514.0
Toyota,Hilux,2020,21000000.0,137.0,17945653.0
Toyota,Hilux,2022,23500000.0,24550.0,16864646.0
Toyota,Hilux,2024,23500000.0,30000.0,17036826.0
Toyota,Hilux,2025,23054167.0,32399.0,17226832.0
Toyota,Hilux 106,1990,6050000.0,583500.0,
Toyota,Hilux 107,1992,6400000.0,452000.0,5209077.0
Toyota,Hilux 107,1994,7000000.0,100000.0,6212589.0
Toyota,Hilux 107,1996,6700000.0,4588.0,6435882.0
Toyota,Hilux 107 SSRX,1995,6750000.0,292000.0,
Toyota,Hilux 166,1999,7300000.0,140029.0,
Toyota,Hilux 166 R 4WD,2003,7950000.0,155000.0,
Toyota,Hilux 1KD 3L,2008,11850000.0,157000.0,
Toyota,Hilux 2 8 Thailand,2017,2950000.0,172000.0,
Toyota,Hilux 3ltr Thailand,2007,11275000.0,178000.0,
Toyota,Hilux Camp G,2015,1450000.0,180000.0,
Toyota,Hilux Champ,2011,12150000.0,200000.0,10885133.0
Toyota,Hilux Champ,2012,13550000.0,202000.0,11290105.0
Toyota,Hilux Champ,2013,12300000.0,200000.0,11718570.0
Toyota,Hilux D 4D,2010,11500000.0,163000.0,
Toyota,Hilux E Grade,2016,14200000.0,165000.0,
Toyota,Hilux GR,2018,17500000.0,119000.0,
Toyota,Hilux GR Sport,2024,26425000.0,14677.0,26428721.0
Toyota,Hilux GR Sport,2025,29000000.0,60.0,26528293.0
Toyota,Hilux GR Sport Thailand,2024,29000000.0,3000.0,
Toyota,Hilux GR Sport Z,2023,24800000.0,17680.0,
Toyota,Hilux GR Sport Z,2024,24000000.0,3800.0,
Toyota,Hilux Gr Sport,2023,23800000.0,8000.0,26421548.0
Toyota,Hilux Invicible D4,2007,10200000.0,170000.0,
Toyota,Hilux Invincible,2008,10900000.0,185000.0,
Toyota,Hilux Invincible D4D,2007,9800000.0,25000.0,
Toyota,Hilux Japan,2022,26000000.0,35000.0,
Toyota,Hilux LN 107,1997,6650000.0,25400.0,
Toyota,Hilux LN 107 SSR,1993,7000000.0,190000.0,
Toyota,Hilux LN106,1990,5533333.0,170782.0,3453081.0
Toyota,Hilux LN106,1997,6500000.0,200100.0,5379813.0
Toyota,Hilux LN107 SSRX,1995,7350000.0,183000.0,7091920.0
Toyota,Hilux LN107 SSRX,1996,7000000.0,236000.0,7063426.0
Toyota,Hilux LN107 SSRX,1997,7100000.0,281000.0,7208794.0
Toyota,Hilux LN166,2003,8300000.0,400000.0,
Toyota,Hilux LN166 4x4,1998,7850000.0,268500.0,
Toyota,Hilux LN40,1983,2900000.0,200000.0,
Toyota,Hilux LN40,1986,1600000.0,10.0,
Toyota,Hilux LN85,1990,3950000.0,476968.0,2993774.0
Toyota,Hilux LN85,1993,4475000.0,200000.0,3904956.0
Toyota,Hilux Ln106,1990,4100000.0,350000.0,3453081.0
Toyota,Hilux Ln107 Ssrx,1996,7200000.0,3.0,7063426.0
Toyota,Hilux ROCCO,2025,26100000.0,8.0,15622207.0
Toyota,Hilux Revo,2016,16575000.0,118500.0,16317596.0
Toyota,Hilux Revo,2017,18500000.0,61000.0,15971310.0
Toyota,Hilux Revo,2018,19250000.0,101251.0,15463815.0
Toyota,Hilux Revo,2019,17500000.0,111000.0,16720372.0
Toyota,Hilux Revo Rocco,2017,20500000.0,87600.0,
Toyota,Hilux Revo Rocco,2025,26000000.0,1500.0,
Toyota,Hilux Revolution,2016,16000000.0,85000.0,
Toyota,Hilux Rocco,2018,13860000.0,117622.0,15845824.0
Toyota,Hilux Rocco,2020,22500000.0,69000.0,15958146.0
Toyota,Hilux Rocco,2022,24350000.0,22000.0,15597228.0
Toyota,Hilux Rocco,2024,25800000.0,390.0,15699071.0
Toyota,Hilux Rocco,2025,26470000.0,18.0,15622207.0
Toyota,Hilux Rocco B5,2018,20437500.0,86276.0,18940548.0
Toyota,Hilux Rocco B5,2020,22133333.0,76000.0,19429513.0
Toyota,Hilux Single Cab,2010,8450000.0,196000.0,
Toyota,Hilux Smart Cab,2010,8966667.0,233400.0,7438341.0
Toyota,Hilux Surf,1989,4500000.0,100000.0,3071656.0
Toyota,Hilux Surf,1991,5750000.0,178000.0,3505149.0
Toyota,Hilux Surf,2008,8150000.0,172068.0,5828081.0
Toyota,Hilux Thailand,2009,13500000.0,215000.0,
Toyota,Hilux Travo,2025,29250000.0,25.0,
Toyota,Hilux UK,2007,11500000.0,169000.0,
Toyota,Hilux V Grade,2018,20800000.0,100000.0,
Toyota,Hilux V Grade 2 8 Lt 4X4,2025,25000000.0,2500.0,
Toyota,Hilux VIGO,2020,7400000.0,125842.0,11772787.0
Toyota,Hilux Vigo,2006,10837500.0,172467.0,8029202.0
Toyota,Hilux Vigo,2007,8500000.0,349000.0,8520189.0
Toyota,Hilux Vigo,2008,11536000.0,169000.0,8075848.0
Toyota,Hilux Vigo,2009,7600000.0,185000.0,7995164.0
Toyota,Hilux Vigo,2010,8270000.0,186649.0,8641916.0
Toyota,Hilux Vigo,2011,14300000.0,330000.0,8750439.0
Toyota,Hilux Vigo,2012,14000000.0,300000.0,8947991.0
Toyota,Hilux Vigo,2013,12950000.0,202000.0,9459485.0
Toyota,Hilux Vigo 3L Thailand,2007,10500000.0,185000.0,
Toyota,Hilux Vigo Champ,2010,15000000.0,210000.0,11975428.0
Toyota,Hilux Vigo Champ,2012,14600000.0,179500.0,12214997.0
Toyota,Hilux Vigo Champ,2015,14816667.0,167000.0,12492295.0
Toyota,Hilux Vigo G Grade,2006,13500000.0,165000.0,
Toyota,Hilux Vigo Japan,2007,14000000.0,259000.0,
Toyota,Hilux Vigo Luxus,2008,12000000.0,179000.0,
Toyota,Hilux Vigo Smart,2009,6750000.0,230000.0,
Toyota,Hilux Vigo Smart Cab,2009,7600000.0,180000.0,
Toyota,Hilux Vigo Thailand,2007,11875000.0,162500.0,
Toyota,Hilux Vigo Thailand Cab,2011,9800000.0,180000.0,
Toyota,Hilux Z GR Sport,2022,22100000.0,11000.0,18952946.0
Toyota,Hilux Z GR Sport,2023,24200000.0,16000.0,18952946.0
Toyota,IST,2002,4830000.0,172000.0,5263455.0
Toyota,IST,2003,4647500.0,179934.0,5593583.0
Toyota,IST,2004,5691750.0,182266.0,5580069.0
Toyota,IST,2005,5350000.0,240000.0,5566734.0
Toyota,IST,2007,7137500.0,130000.0,5601313.0
Toyota,IST,2008,7066667.0,137500.0,6335903.0
Toyota,IST,2009,7050000.0,116000.0,6596996.0
Toyota,IST 110,2007,6975000.0,116250.0,7345022.0
Toyota,IST 110,2008,7150000.0,190000.0,7176249.0
Toyota,IST FL GRADE,2003,5350000.0,200000.0,5401394.0
Toyota,IST FL Grade,2002,5850000.0,265000.0,4969276.0
Toyota,IST FL Grade,2004,5462500.0,173500.0,5402296.0
Toyota,IST G Grade,2008,7000000.0,98000.0,
Toyota,IST NCP 110,2007,6762500.0,147500.0,
Toyota,IST NCP110,2007,6662500.0,151000.0,
Toyota,IST NCP110 G Grade,2007,7275000.0,196000.0,
Toyota,Ist,2003,5445000.0,172500.0,5593583.0
Toyota,Ist,2004,5325000.0,178000.0,5580069.0
Toyota,Ist,2007,6399000.0,155500.0,5601313.0
Toyota,Ist,2008,6750000.0,135000.0,6335903.0
Toyota,Ist FL,2004,5550000.0,156000.0,
Toyota,Ist FL Grade,2003,4900000.0,168000.0,5401394.0
Toyota,Ist Fl Grade,2003,5050000.0,1300.0,5401394.0
Toyota,Ist G Grade,2007,7000000.0,142000.0,
Toyota,Ist Ncp110,2010,7550000.0,199000.0,
Toyota,Ist Ncp110 G Grade,2007,7000000.0,142000.0,
Toyota,KDH,2004,15500000.0,450000.0,13703652.0
Toyota,KDH,2005,17950000.0,250000.0,13703652.0
Toyota,KDH,2006,12460000.0,268700.0,13782640.0
Toyota,KDH,2007,11718571.0,234133.0,14504140.0
Toyota,KDH,2008,12683333.0,177500.0,14260674.0
Toyota,KDH,2012,18750000.0,235000.0,20770209.0
Toyota,KDH,2014,20400000.0,225000.0,26319213.0
Toyota,KDH,2015,22562500.0,158950.0,26429310.0
Toyota,KDH,2017,28750000.0,31000.0,27342350.0
Toyota,KDH,2025,23050000.0,205.0,27438955.0
Toyota,KDH 200,2006,15845455.0,222494.0,14768278.0
Toyota,KDH 200,2007,16625000.0,204409.0,15233171.0
Toyota,KDH 200,2008,16000000.0,346415.0,15409173.0
Toyota,KDH 200,2012,18500000.0,205000.0,19571807.0
Toyota,KDH 200 GL,2006,17675000.0,210400.0,
Toyota,KDH 200 GL,2007,16480000.0,448686.0,
Toyota,KDH 200 SUPER GL,2005,17500000.0,170000.0,
Toyota,KDH 200 SUPER GL,2006,16800000.0,240000.0,
Toyota,KDH 200 Super GL,2007,18200000.0,260000.0,
Toyota,KDH 200 Super GL,2011,18250000.0,215000.0,
Toyota,KDH 200 TRH,2015,18450000.0,176000.0,
Toyota,KDH 200 V,2006,17400000.0,300000.0,
Toyota,KDH 201,2013,25975000.0,177270.0,24544913.0
Toyota,KDH 201,2014,20500000.0,159555.0,24775906.0
Toyota,KDH 201,2015,20750000.0,143000.0,24144048.0
Toyota,KDH 201,2016,19500000.0,291956.0,25548252.0
Toyota,KDH 201,2017,25250000.0,121420.0,25844141.0
Toyota,KDH 201 Dark Prime,2015,23566667.0,128333.0,20299359.0
Toyota,KDH 201 Dark Prime Super GL,2015,25300000.0,74000.0,
Toyota,KDH 201 GL,2011,21000000.0,240000.0,16839254.0
Toyota,KDH 201 GL,2014,20500000.0,140000.0,17170438.0
Toyota,KDH 201 GL,2015,19800000.0,110000.0,16549849.0
Toyota,KDH 201 SUPER GL,2011,17850000.0,175500.0,18214171.0
Toyota,KDH 201 SUPER GL,2014,22000000.0,137000.0,18246854.0
Toyota,KDH 201 Super GL,2008,17250000.0,277000.0,13967280.0
Toyota,KDH 201 Super GL,2011,21220000.0,188113.0,18214171.0
Toyota,KDH 201 Super GL,2015,25000000.0,100333.0,17711089.0
Toyota,KDH 201 Super GL,2017,28500000.0,105000.0,18564285.0
Toyota,KDH 201 Super GL Dark Prime,2015,23150000.0,103500.0,
Toyota,KDH 201 Super GL Update,2016,22950000.0,87000.0,
Toyota,KDH 201V,2012,22000000.0,151000.0,
Toyota,KDH 205,2007,13750000.0,53467.0,
Toyota,KDH 205 GL,2006,16500000.0,211000.0,13299577.0
Toyota,KDH 205 GL,2007,8225000.0,282500.0,13571619.0
Toyota,KDH 211 Dark Prime,2017,24975000.0,130000.0,
Toyota,KDH 211 SUPER GL,2015,15800000.0,244000.0,
Toyota,KDH 211 SUPER GL MID ROOF,2017,26500000.0,135000.0,
Toyota,KDH 222,2006,16500000.0,180000.0,
Toyota,KDH 223,2016,22800000.0,157600.0,17972776.0
Toyota,KDH 223,2025,21600000.0,1620.0,19648921.0
Toyota,KDH DARK PRIME,2016,27500000.0,120000.0,22081941.0
Toyota,KDH DARK PRIME,2017,27550000.0,132000.0,22721477.0
Toyota,KDH DARK PRIME 201,2015,22875000.0,111000.0,
Toyota,KDH Dark Prime,2015,21978571.0,77143.0,20371427.0
Toyota,KDH Dark Prime,2017,29300000.0,84000.0,22721477.0
Toyota,KDH GDH,2025,23000000.0,35.0,
Toyota,KDH GDH 223,2018,24900000.0,210898.0,
Toyota,KDH GDH 301,2025,23500000.0,4000.0,
Toyota,KDH GDH Japan,2025,23200000.0,18.0,
Toyota,KDH GI,2015,25700000.0,95000.0,
Toyota,KDH GL,2007,15250000.0,243500.0,
Toyota,KDH GL 201,2011,18700000.0,154000.0,
Toyota,KDH GL 201,2015,21000000.0,155000.0,
Toyota,KDH HIACE,2008,16500000.0,214000.0,
Toyota,KDH Hiace,2012,17300000.0,224000.0,
Toyota,KDH High Roof,2010,17250000.0,185000.0,14987791.0
Toyota,KDH High Roof,2015,20150000.0,204000.0,14778861.0
Toyota,KDH High Roof,2016,18900000.0,224000.0,14640646.0
Toyota,KDH High Roof 221,2013,21050000.0,201000.0,
Toyota,KDH High Roof 223,2025,21200000.0,3000.0,
Toyota,KDH Hight Roof,2010,18000000.0,203894.0,
Toyota,KDH SUPER GL,2008,18000000.0,240000.0,16425914.0
Toyota,KDH SUPER GL,2016,25490000.0,180000.0,22250194.0
Toyota,KDH SUPER GL,2017,26500000.0,161000.0,22357871.0
Toyota,KDH SUPER GL 201,2016,26500000.0,59000.0,21519857.0
Toyota,KDH SUPER GL 201 JAPAN,2007,17350000.0,288000.0,
Toyota,KDH SUPER GL TRH,2015,24350000.0,91000.0,
Toyota,KDH Super GL,2006,17800000.0,180000.0,15491668.0
Toyota,KDH Super GL,2009,20300000.0,170000.0,16546927.0
Toyota,KDH Super GL,2015,7500000.0,135000.0,20864958.0
Toyota,KDH Super GL 201,2008,17500000.0,254000.0,15819092.0
Toyota,KDH Super GL 201,2010,21000000.0,207316.0,20807742.0
Toyota,KDH Super GL 201,2011,19850000.0,280000.0,20779559.0
Toyota,KDH Super GL 201,2012,22900000.0,132000.0,20827595.0
Toyota,KDH Super GL 201,2015,19850000.0,280000.0,20488872.0
Toyota,KDH Super Gl,2006,19500000.0,348000.0,15491668.0
Toyota,KDH Super Gl,2007,17000000.0,248000.0,16303512.0
Toyota,KDH Super Gl,2016,23000000.0,320000.0,22250194.0
Toyota,KDH TRH,2014,18500000.0,105000.0,
Toyota,KDH TRH,2015,19500000.0,115.0,
Toyota,KDH TRH 200,2015,21800000.0,151000.0,
Toyota,KDH TRH 200 Dark Prime,2015,21450000.0,140000.0,
Toyota,KDH TRH 200 SUPER GL,2014,19675000.0,144500.0,
Toyota,KDH TRH 200 Super GL,2010,19800000.0,160000.0,
Toyota,KDH TRH GL,2016,19300000.0,98000.0,
Toyota,KDH TRH200,2012,17000000.0,205.0,
Toyota,KDH TRH200 GL,2015,20500000.0,110000.0,
Toyota,KDH221,2012,22500000.0,2.0,
Toyota,KDH223R HiACE,2025,21800000.0,9700.0,
Toyota,KDHHigroof,2025,22800000.0,6000.0,
Toyota,KE 74,1985,1450000.0,297500.0,
Toyota,KE20,1970,865000.0,100.0,
Toyota,KE20 Corolla,1974,630000.0,100000.0,
Toyota,KE20 Sprinter,1972,550000.0,39411.0,
Toyota,KE50,1977,690000.0,1.0,
Toyota,KE50,1982,850000.0,10000.0,
Toyota,KE55,1979,630000.0,247418.0,
Toyota,KE55,1981,875000.0,1000.0,
Toyota,KE72,1984,1100000.0,235000.0,1375783.0
Toyota,KE72,1985,1190000.0,210000.0,1402307.0
Toyota,KE72,1986,1287500.0,143750.0,1432218.0
Toyota,KE72,1987,1340000.0,200000.0,1494142.0
Toyota,KE72 DX Wagon,1985,1425000.0,296500.0,1347094.0
Toyota,KE72 DX Wagon,1988,975000.0,250000.0,1507490.0
Toyota,KE72 Dx Wagon,1987,1178750.0,248958.0,1449137.0
Toyota,KE72 Dx Wagon,1989,1250000.0,1234.0,1565991.0
Toyota,KE74,1985,590000.0,257000.0,
Toyota,KR KDH220K,2006,22500000.0,174000.0,
Toyota,KR41,1998,6250000.0,185.0,
Toyota,KR42,1997,5650000.0,180000.0,7445836.0
Toyota,KR42,1998,5100000.0,105000.0,6586765.0
Toyota,KR42,1999,6625000.0,111755.0,6554652.0
Toyota,KR42,2000,6750000.0,164000.0,6562357.0
Toyota,KR42,2001,7000000.0,253229.0,6771272.0
Toyota,KR42,2002,7715000.0,262667.0,7101205.0
Toyota,KR42,2004,9000000.0,143000.0,7801143.0
Toyota,KR42,2006,7411667.0,45038.0,7810126.0
Toyota,KR42,2007,8148000.0,164064.0,7635935.0
Toyota,KR42 GL,1999,6850000.0,131436.0,
Toyota,KR42 GL,2000,6450000.0,245.0,
Toyota,KR42 TownAce GL,2003,7500000.0,175000.0,
Toyota,KR42 TownAce NOAH,2007,8700000.0,88400.0,
Toyota,KR42 Townace Noah,2000,7725000.0,210000.0,
Toyota,KR42Noah,2003,7375000.0,221000.0,
Toyota,KR52,2006,7800000.0,186000.0,
Toyota,KSP130,2016,7750000.0,58000.0,
Toyota,KZH110,1993,6000000.0,714000.0,
Toyota,Kdh,2004,13950000.0,450000.0,14954789.0
Toyota,Kdh,2006,19300000.0,130000.0,15259837.0
Toyota,Kdh,2007,16500000.0,260282.0,15994918.0
Toyota,Kdh,2010,15750000.0,217000.0,21961838.0
Toyota,Kdh,2013,24250000.0,201750.0,22792817.0
Toyota,Kdh,2015,18000000.0,119000.0,23073321.0
Toyota,Kdh,2016,27350000.0,115000.0,23333378.0
Toyota,Kdh,2025,27200000.0,1073.0,23933644.0
Toyota,Kdh 200 Super GL,2007,18500000.0,250000.0,
Toyota,Kdh 201,2008,3400000.0,197212.0,17587896.0
Toyota,Kdh 201,2014,27800000.0,198710.0,24775906.0
Toyota,Kdh 201 GL,2011,7000000.0,161000.0,16839254.0
Toyota,Kdh 201 Hiace,2011,19800000.0,200000.0,
Toyota,Kdh 201 Super Gl Dark Prime,2015,28250000.0,39500.0,
Toyota,Kdh 222,2007,18000000.0,189000.0,
Toyota,Kdh 222R,2018,23500000.0,167000.0,
Toyota,Kdh Dark Prime 201,2015,26500000.0,64000.0,
Toyota,Kdh GL,2009,19000000.0,200000.0,
Toyota,Kdh High Roof,2017,22300000.0,180000.0,14513974.0
Toyota,Kdh High Roof,2025,20450000.0,6800.0,16140454.0
Toyota,Kdh Super GL 200,2007,18000000.0,268000.0,
Toyota,Kdh Super Gl,2016,27000000.0,140.0,22250194.0
Toyota,Kdh Super Gl 200,2007,20000000.0,216000.0,
Toyota,Kdh Thr200,2015,26800000.0,165894.0,
Toyota,Kdh Trh 200,2012,4500000.0,198526.0,
Toyota,Kdh Trh 200,2016,28000000.0,97510.0,
Toyota,Kdh221,2015,27500000.0,348000.0,
Toyota,Ke 30,1973,630000.0,111111.0,
Toyota,Ke20,1976,925000.0,12345.0,
Toyota,Ke50,1976,485000.0,868390.0,
Toyota,Ke50,1979,490000.0,120000.0,
Toyota,Ke72,1983,400000.0,1000.0,1396578.0
Toyota,Ke72,1986,1575000.0,1451.0,1432218.0
Toyota,Ke72 DX Wagon,1983,1025000.0,210000.0,1341365.0
Toyota,Ke72 Dx Wagon,1985,1675000.0,189000.0,1347094.0
Toyota,Ke72 Dx Wagon,1987,1375000.0,4224.0,1449137.0
Toyota,Ke72 Wagon,1990,850000.0,100000.0,
Toyota,Ke73,1987,2450000.0,123000.0,
Toyota,Ke74 Dx,1989,1450000.0,335632.0,
Toyota,Kijang,1998,4700000.0,100000.0,
Toyota,Kr42,2000,6800000.0,280000.0,6562357.0
Toyota,Kr42,2001,7816667.0,171333.0,6771272.0
Toyota,Kr42,2002,7325000.0,91100.0,7101205.0
Toyota,Kr42,2003,8412500.0,28902.0,7735712.0
Toyota,Kr42,2008,7300000.0,174000.0,7277219.0
Toyota,Kr42 G L,1998,6450000.0,11111.0,
Toyota,Kzj78 Box Prado,1994,15900000.0,212200.0,
Toyota,LAND CRUISER PRADO,2007,16400000.0,177000.0,14069061.0
Toyota,LAND CRUISER PRADO 120 TX LIMITED,2008,17700000.0,205000.0,
Toyota,LAND CRUISER PRADO GX 120,2004,14500000.0,115000.0,
Toyota,LAND CRUISER PRADO TRJW 120,2008,17590000.0,181000.0,
Toyota,LEXUS,2014,20000000.0,146000.0,
Toyota,LH 103 Super GL,1998,9500000.0,170000.0,
Toyota,LH 129,1991,7700000.0,1234.0,
Toyota,LH 162,2002,12900000.0,210000.0,
Toyota,LH 162 Super GL,2001,13700000.0,198000.0,
Toyota,LH 172,1999,13250000.0,439662.0,
Toyota,LH 3,1979,900000.0,122335.0,
Toyota,LH 40,1982,950000.0,450000.0,
Toyota,LH 40,1985,690000.0,85.0,
Toyota,LH 50,1985,2900000.0,180000.0,
Toyota,LH 71V,1989,4650000.0,153.0,
Toyota,LH 71V Super Long,1987,4580000.0,319982.0,
Toyota,LH102,1989,6150000.0,225000.0,4665442.0
Toyota,LH102,1990,5750000.0,315000.0,5101846.0
Toyota,LH102,1991,7250000.0,312000.0,5403194.0
Toyota,LH102,1993,7737500.0,202000.0,6565331.0
Toyota,LH102 3L,1991,7200000.0,345000.0,
Toyota,LH109,1990,5500000.0,600000.0,
Toyota,LH113,1990,6000000.0,500000.0,4312754.0
Toyota,LH113,1991,8900000.0,22186.0,4469931.0
Toyota,LH113,1992,7650000.0,192000.0,5657427.0
Toyota,LH113,1993,7450000.0,10000.0,5775857.0
Toyota,LH113,1994,8350000.0,123456.0,6235662.0
Toyota,LH113,1997,10500000.0,263400.0,6523583.0
Toyota,LH113,2002,9450000.0,258000.0,6249986.0
Toyota,LH119,1993,2500000.0,111111.0,
Toyota,LH125,1994,10500000.0,111111.0,7264466.0
Toyota,LH125,1995,9700000.0,350000.0,7968735.0
Toyota,LH172,1998,12350000.0,318356.0,
Toyota,LH20,1981,1037500.0,2858.0,1372226.0
Toyota,LH20,1982,1200000.0,111111.0,1330271.0
Toyota,LH20,1988,785000.0,456321.0,1503733.0
Toyota,LH30,1977,601250.0,188633.0,1860967.0
Toyota,LH30,1978,885000.0,1111.0,1860967.0
Toyota,LH30,1980,1031667.0,257046.0,1860967.0
Toyota,LH30,1981,1305000.0,100004.0,1860967.0
Toyota,LH30,1982,1025000.0,352642.0,1828960.0
Toyota,LH30,1983,1100000.0,650000.0,1824065.0
Toyota,LH30,1987,1500000.0,75000.0,2013405.0
Toyota,LH30,1988,825000.0,200000.0,2112322.0
Toyota,LH30,1989,1100000.0,123456.0,2201142.0
Toyota,LH40 B,1985,1150000.0,1110.0,
Toyota,LH51,1983,2300000.0,230000.0,1684599.0
Toyota,LH51,1986,2125000.0,399618.0,2037067.0
Toyota,LH51,1987,3675000.0,354256.0,2128464.0
Toyota,LH51,1989,3982500.0,99465.0,2320375.0
Toyota,LH51,1991,3600000.0,250000.0,2797512.0
Toyota,LH51 HIACE,1989,3975000.0,200000.0,
Toyota,LH60v,1983,2725000.0,1111.0,
Toyota,LH61,1987,3917500.0,279316.0,2684389.0
Toyota,LH61,1989,4125000.0,123456.0,2889083.0
Toyota,LH61V GL,1989,4275000.0,21563.0,
Toyota,LH71B,1986,4900000.0,508696.0,
Toyota,LITEACE,1989,2965000.0,241536.0,2233905.0
Toyota,LITEACE,1990,2200000.0,227600.0,2379021.0
Toyota,LITEACE,1998,3675000.0,212500.0,3507501.0
Toyota,LITEACE CM35,1987,2020000.0,178000.0,
Toyota,LN 107,1993,7200000.0,200000.0,
Toyota,LN106,1989,4550000.0,44500.0,
Toyota,LN107,1995,6650000.0,154024.0,
Toyota,LN56,1987,3800000.0,150000.0,
Toyota,LN85 2 WD,1989,2675000.0,195000.0,
Toyota,LOTTO,1992,3875000.0,290000.0,3651857.0
Toyota,LX 90,1993,4450000.0,250000.0,
Toyota,Land Cruceir,2007,20000000.0,120000.0,
Toyota,Land Cruiser,1988,15500000.0,248000.0,13706654.0
Toyota,Land Cruiser,2007,16500000.0,167000.0,18302454.0
Toyota,Land Cruiser,2010,27500000.0,120000.0,23393495.0
Toyota,Land Cruiser,2018,28500000.0,140000.0,23160169.0
Toyota,Land Cruiser 100 Cygnus,2001,16200000.0,186000.0,
Toyota,Land Cruiser 101,2002,24500000.0,200000.0,
Toyota,Land Cruiser 150,2010,25500000.0,163000.0,
Toyota,Land Cruiser 95 Prado,1998,13800000.0,275000.0,
Toyota,Land Cruiser BJ40,1979,5200000.0,123.0,
Toyota,Land Cruiser BJ40,1982,7200000.0,137000.0,
Toyota,Land Cruiser BJ80,1982,10000000.0,195000.0,
Toyota,Land Cruiser Cygnus,2001,24500000.0,162000.0,
Toyota,Land Cruiser Cygnus V8,2006,25900000.0,163700.0,
Toyota,Land Cruiser LJ70,1989,4500000.0,312000.0,
Toyota,Land Cruiser PRADO,2011,29500000.0,114000.0,12142415.0
Toyota,Land Cruiser Prado,1995,13200000.0,280000.0,9436187.0
Toyota,Land Cruiser Prado,1997,12000000.0,256000.0,9442018.0
Toyota,Land Cruiser Prado,1998,12800000.0,300000.0,9008303.0
Toyota,Land Cruiser Prado,2000,16500000.0,150000.0,9060004.0
Toyota,Land Cruiser Prado,2002,14600000.0,260000.0,10036822.0
Toyota,Land Cruiser Prado,2005,15000000.0,75000.0,12478881.0
Toyota,Land Cruiser Prado,2006,14500000.0,100000.0,13112985.0
Toyota,Land Cruiser Prado,2007,16996667.0,162552.0,14069061.0
Toyota,Land Cruiser Prado,2008,18291667.0,193333.0,13905104.0
Toyota,Land Cruiser Prado,2009,23000000.0,105001.0,12556878.0
Toyota,Land Cruiser Prado,2010,26000000.0,149000.0,12217291.0
Toyota,Land Cruiser Prado,2011,29000000.0,290000.0,12142415.0
Toyota,Land Cruiser Prado,2015,3800000.0,55000.0,12719519.0
Toyota,Land Cruiser Prado 120,2002,14275000.0,125500.0,11682835.0
Toyota,Land Cruiser Prado 120,2003,1380000.0,190000.0,12928607.0
Toyota,Land Cruiser Prado 120,2004,13975000.0,172500.0,14374965.0
Toyota,Land Cruiser Prado 120,2007,20500000.0,110000.0,15811105.0
Toyota,Land Cruiser Prado 120,2008,18500000.0,149000.0,15731455.0
Toyota,Land Cruiser Prado 120 GX,2003,12950000.0,147000.0,
Toyota,Land Cruiser Prado 120 TX,2003,14500000.0,180000.0,
Toyota,Land Cruiser Prado 120 TX,2008,16800000.0,152000.0,
Toyota,Land Cruiser Prado 120 VX,2006,16800000.0,210000.0,
Toyota,Land Cruiser Prado 150,2011,28750000.0,146333.0,24613824.0
Toyota,Land Cruiser Prado 150,2014,3800000.0,140000.0,24775906.0
Toyota,Land Cruiser Prado 150 TX,2011,28200000.0,150000.0,
Toyota,Land Cruiser Prado 95,1998,12700000.0,350000.0,6696065.0
Toyota,Land Cruiser Prado 95,2000,11250000.0,157208.0,6796866.0
Toyota,Land Cruiser Prado J121,2003,20000000.0,190000.0,
Toyota,Land Cruiser Prado KZJ95,2000,11500000.0,240000.0,
Toyota,Land Cruiser Prado TRJ 150,2010,24000000.0,158000.0,
Toyota,Land Cruiser Prado TX 150,2010,24200000.0,160000.0,
Toyota,Land Cruiser Prado Tx,2011,28500000.0,150000.0,
Toyota,Land Cruiser Sahara,1999,17500000.0,320000.0,
Toyota,Land Cruiser Sahara,2006,25500000.0,131000.0,
Toyota,Land Cruiser Sahara 100,1998,19000000.0,212000.0,
Toyota,Land Cruiser Sahara 100,1999,17200000.0,270000.0,
Toyota,Land Cruiser Sahara 100 1HZ,2003,21500000.0,72000.0,
Toyota,Land Cruiser Sahara 100 1HZ V8,2003,21350000.0,72000.0,
Toyota,Land Cruiser Sahara 105 GXL,2005,17500000.0,200000.0,
Toyota,Land Cruiser Sahara V8 Cygnus,2014,25750000.0,163900.0,
Toyota,Land Cruiser TZ G,2013,3300000.0,16900.0,
Toyota,Land Cruiser V8,2006,25900000.0,163000.0,
Toyota,Land Crusar PRADO TRJ 150 TX,2011,27250000.0,185000.0,
Toyota,Lexus,2004,2150000.0,134000.0,
Toyota,Lexus Harrier 240G,2004,8500000.0,159000.0,
Toyota,Lexus NX300 F Sports,2015,22500000.0,110000.0,
Toyota,Lexus RX300,2003,8460000.0,178000.0,
Toyota,Lexus RX300,2007,8350000.0,189000.0,
Toyota,Lh 50,1985,2800000.0,200000.0,
Toyota,Lh109,1995,7500000.0,27500.0,
Toyota,Lh20,1981,805000.0,269898.0,1372226.0
Toyota,Lh30,1979,1225000.0,120000.0,1860967.0
Toyota,Lh30,1980,3028750.0,66450.0,1860967.0
Toyota,Lh30,1981,1497500.0,244454.0,1860967.0
Toyota,Lh30,1982,850000.0,84848.0,1828960.0
Toyota,Lh30,1986,1250000.0,125000.0,1929397.0
Toyota,Lh51,1982,1900000.0,11111.0,1703397.0
Toyota,Lh51,1983,2750000.0,1.0,1684599.0
Toyota,Lh51,1986,3300000.0,100000.0,2037067.0
Toyota,Lh51,1987,3100000.0,22345.0,2128464.0
Toyota,Lh51,1988,3500000.0,258417.0,2261873.0
Toyota,Lh51v,1983,1750000.0,100000.0,
Toyota,Lh61,1987,2700000.0,227318.0,2684389.0
Toyota,Lh61V,1987,3980000.0,250000.0,
Toyota,LiteAce,1981,1150000.0,100000.0,1649600.0
Toyota,LiteAce,1982,2100000.0,100000.0,1641901.0
Toyota,LiteAce,1984,1725000.0,65778.0,1637673.0
Toyota,LiteAce,1987,2475000.0,155000.0,2061569.0
Toyota,LiteAce,1988,2550000.0,200000.0,2175403.0
Toyota,LiteAce,1990,2147500.0,97404.0,2379021.0
Toyota,LiteAce,1991,2800000.0,247000.0,2603108.0
Toyota,LiteAce,1992,3100000.0,320000.0,2784629.0
Toyota,LiteAce CM36,1988,2890000.0,2.0,2642346.0
Toyota,LiteAce CM36,1993,3200000.0,5.0,3248482.0
Toyota,Liteace,1979,550000.0,11.0,1640344.0
Toyota,Liteace,1982,1350000.0,15111.0,1632645.0
Toyota,Liteace,1983,1265000.0,123456.0,1633423.0
Toyota,Liteace,1984,1482500.0,477778.0,1628417.0
Toyota,Liteace,1985,2075000.0,195000.0,1758411.0
Toyota,Liteace,1986,1500000.0,97500.0,1938160.0
Toyota,Liteace,1987,2488000.0,119657.0,2017413.0
Toyota,Liteace,1988,2187500.0,157687.0,2143438.0
Toyota,Liteace,1989,2878000.0,278727.0,2201939.0
Toyota,Liteace,1990,2842500.0,162457.0,2377764.0
Toyota,Liteace,1991,3200000.0,326500.0,2588091.0
Toyota,Liteace,1992,3350000.0,123456.0,2776801.0
Toyota,Liteace,1993,3050000.0,140611.0,2768578.0
Toyota,Liteace,1994,3785000.0,260000.0,2796853.0
Toyota,Liteace,1996,3500000.0,260785.0,3113252.0
Toyota,Liteace,1998,3000000.0,24456.0,3526153.0
Toyota,Liteace,2012,6500000.0,172000.0,5987078.0
Toyota,Liteace CM36,1991,3375000.0,3.0,2917201.0
Toyota,Liteace Cm36,1989,3000000.0,123000.0,2700848.0
Toyota,Liteace Cm36,1990,3196667.0,220.0,2764794.0
Toyota,Liteace Cm36,1991,3250000.0,12345.0,2917201.0
Toyota,Liteace KR42,1999,5690000.0,163128.0,
Toyota,Liteace S402M,2008,6900000.0,190000.0,
Toyota,Ln40,1982,1350000.0,100000.0,
Toyota,Lotto,1987,2600000.0,1111.0,2543822.0
Toyota,Lotto,1993,4350000.0,168000.0,3895801.0
Toyota,Lotto,1994,4650000.0,240000.0,3929614.0
Toyota,Lotto CR27,1992,4162500.0,392240.0,3995147.0
Toyota,Lotto CR27,1994,5095000.0,244370.0,4288029.0
Toyota,Lotto CR27,1995,4637500.0,225011.0,4500376.0
Toyota,Lotto CR27,1997,6290000.0,185.0,4884389.0
Toyota,Lotto DX,1994,4500000.0,170000.0,
Toyota,Marino,1992,3187500.0,196000.0,3324097.0
Toyota,Marino,1995,3850000.0,167000.0,3714613.0
Toyota,Marino,1996,3875000.0,219000.0,3799154.0
Toyota,Marino AE100,1996,3400000.0,152900.0,
Toyota,Mark 2,1988,1950000.0,150000.0,3361732.0
Toyota,Mark 2,1990,2550000.0,215500.0,3692123.0
Toyota,Mark 2,1996,4550000.0,196748.0,5135382.0
Toyota,Mark 2,1998,3950000.0,300000.0,5402020.0
Toyota,Mark 2,1999,5700000.0,173000.0,5461691.0
Toyota,Mark 2,2000,8450000.0,145000.0,5453776.0
Toyota,Mark 2,2001,7500000.0,151250.0,5462768.0
Toyota,Mark 2,2003,4200000.0,185000.0,5922879.0
Toyota,Mark 2,2006,6980000.0,228000.0,6200809.0
Toyota,Mark 2 110,2006,6300000.0,15000.0,
Toyota,Mark 2 GRANDE,2003,6750000.0,83000.0,
Toyota,Mark 2 GX90,1999,4100000.0,200000.0,
Toyota,Mark 2 Gx 110,1999,7850000.0,245000.0,
Toyota,Mark 2 Gx110,2001,8350000.0,194500.0,
Toyota,Mark 2 JZX100,1996,8800000.0,134000.0,
Toyota,Mark X,2007,10400000.0,159000.0,
Toyota,NL 30 Corsa,1989,1925000.0,256856.0,
Toyota,NOAH,2001,7950000.0,1.0,6357258.0
Toyota,NOAH,2002,8000000.0,250000.0,6818360.0
Toyota,NOAH,2014,15900000.0,203000.0,9354391.0
Toyota,NOAH CR41,1998,6200000.0,269500.0,5516018.0
Toyota,NOAH CR42,1998,6600000.0,121000.0,6441124.0
Toyota,NOAH CR42,2001,7150000.0,280000.0,6636787.0
Toyota,NOAH CR42,2004,8250000.0,250000.0,7786755.0
Toyota,NOAH KR42,1999,7000000.0,190000.0,6422115.0
Toyota,NOAH KR42,2001,7290000.0,270000.0,6666527.0
Toyota,NOAH KR42,2007,7850000.0,172000.0,7409864.0
Toyota,NZE121 G,2007,6580000.0,220000.0,
Toyota,NZT260,2011,10350000.0,127999.0,
Toyota,Need Carina Si,2000,4200000.0,1.0,
Toyota,Noah,1996,5950000.0,1.0,6967286.0
Toyota,Noah,1997,5390000.0,166055.0,6967610.0
Toyota,Noah,1998,6075000.0,187980.0,6098534.0
Toyota,Noah,1999,6700000.0,231361.0,6160578.0
Toyota,Noah,2000,7866667.0,225667.0,6266544.0
Toyota,Noah,2001,8050000.0,201479.0,6421049.0
Toyota,Noah,2002,7100000.0,86501.0,6857419.0
Toyota,Noah,2003,9191667.0,133078.0,7366955.0
Toyota,Noah,2004,6300000.0,160000.0,7465084.0
Toyota,Noah,2006,8425000.0,176000.0,7461511.0
Toyota,Noah,2007,8300000.0,160000.0,7458112.0
Toyota,Noah,2008,9650000.0,176000.0,7198766.0
Toyota,Noah,2012,11000000.0,186500.0,8518184.0
Toyota,Noah,2014,3400000.0,120000.0,9314464.0
Toyota,Noah 3c Turbo,1998,6650000.0,252000.0,
Toyota,Noah 42,1997,6500000.0,200000.0,
Toyota,Noah 42,2000,6900000.0,200000.0,
Toyota,Noah CR 52,2000,7750000.0,225000.0,
Toyota,Noah CR41,1997,6387500.0,301630.0,5841443.0
Toyota,Noah CR41,1998,6595000.0,152273.0,5516018.0
Toyota,Noah CR41,1999,5850000.0,217500.0,5579775.0
Toyota,Noah CR42,1999,7310000.0,194045.0,6442132.0
Toyota,Noah CR42,2000,7250000.0,274000.0,6439164.0
Toyota,Noah CR42,2001,8495000.0,224500.0,6636787.0
Toyota,Noah CR42,2002,7500000.0,200000.0,7171953.0
Toyota,Noah CR42,2003,7950000.0,300000.0,7741406.0
Toyota,Noah CR42,2005,9500000.0,141700.0,7801029.0
Toyota,Noah CR42,2008,8900000.0,187000.0,7408520.0
Toyota,Noah CR42,2015,8900000.0,220000.0,8717150.0
Toyota,Noah CR42 3C Intercooler Turbo,2000,7800000.0,360000.0,
Toyota,Noah CR42 GL,2000,8250000.0,125000.0,
Toyota,Noah CR42 PA,2006,8250000.0,156800.0,
Toyota,Noah Cr41,1997,5850000.0,231000.0,5841443.0
Toyota,Noah Cr41,2002,6990000.0,320000.0,5715150.0
Toyota,Noah Cr42,2001,7950000.0,108654.0,6636787.0
Toyota,Noah Cr51,2002,6100000.0,300000.0,
Toyota,Noah G Grade,2014,16700000.0,110000.0,
Toyota,Noah KB CR51J,2000,7950000.0,111000.0,
Toyota,Noah KR41,1998,6087500.0,163500.0,
Toyota,Noah KR42,1997,5950000.0,200000.0,7434794.0
Toyota,Noah KR42,1998,6246667.0,66827.0,6888122.0
Toyota,Noah KR42,1999,6900000.0,219075.0,6836677.0
Toyota,Noah KR42,2000,7465000.0,265000.0,6844119.0
Toyota,Noah KR42,2001,8150000.0,174000.0,7033789.0
Toyota,Noah KR42,2002,7230000.0,170048.0,7235876.0
Toyota,Noah KR42,2003,7750000.0,225000.0,7548500.0
Toyota,Noah KR42,2006,7450000.0,216710.0,7583162.0
Toyota,Noah KR42,2007,7925000.0,160750.0,7539687.0
Toyota,Noah KR42 3C,1999,6490000.0,253000.0,
Toyota,Noah KR42 EFI,2006,7975000.0,221000.0,
Toyota,Noah KR42 GL,2002,5800000.0,213456.0,7340914.0
Toyota,Noah KR42 GL,2007,7862500.0,160400.0,7941201.0
Toyota,Noah KR42 GV,2004,8890000.0,150000.0,
Toyota,Noah KR421999,1999,6500000.0,200000.0,
Toyota,Noah Kr42,1998,6650000.0,123456.0,6454228.0
Toyota,Noah Kr42,1999,6747500.0,141278.0,6422115.0
Toyota,Noah Kr42,2000,7075000.0,299368.0,6438126.0
Toyota,Noah Kr42,2001,7450000.0,211333.0,6666527.0
Toyota,Noah Kr42,2003,7650000.0,149000.0,7430197.0
Toyota,Noah Kr42,2006,7898333.0,116334.0,7452710.0
Toyota,Noah Kr42,2007,9450000.0,162667.0,7409864.0
Toyota,Noah Kr42,2008,7300000.0,174000.0,7201990.0
Toyota,Noah Kr42 3C Turbo,1999,7100000.0,295000.0,
Toyota,Noah Kr42 7K EFI 4Doors FlatRoof PB ABS,2008,8275000.0,73000.0,
Toyota,Noah Super GL,1998,6850000.0,155000.0,
Toyota,Noah VOXY,2014,16500000.0,148000.0,
Toyota,PASSO,2007,5100000.0,1.0,5912857.0
Toyota,PASSO,2008,5050000.0,148000.0,5988864.0
Toyota,PASSO,2015,6400000.0,154000.0,7609165.0
Toyota,PASSO,2022,7950000.0,20900.0,8182276.0
Toyota,PIXIS,2014,5250000.0,97500.0,7246434.0
Toyota,PIXIS EPOCH,2025,7550000.0,1150.0,7602333.0
Toyota,PIXIS EVERY CRUISE WAGON,2023,7800000.0,6000.0,
Toyota,PLATZ,2003,4190000.0,260000.0,4241332.0
Toyota,PRADO 120,1998,17500000.0,96000.0,11626148.0
Toyota,PRADO 120,2002,16000000.0,210000.0,12485268.0
Toyota,PRADO 120,2004,14000000.0,150000.0,15304807.0
Toyota,PRADO 120,2005,14000000.0,150000.0,15266344.0
Toyota,PRADO 120,2007,18500000.0,157000.0,16951663.0
Toyota,PRADO 150,2011,25000000.0,125000.0,22327219.0
Toyota,PRADO 150,2013,3500000.0,40000.0,22560052.0
Toyota,PRADO 95 1KZ,1997,12290000.0,230000.0,
Toyota,PRADO J120 TX,2009,23000000.0,93000.0,
Toyota,PREMIO,2011,9462500.0,131000.0,11566087.0
Toyota,PREMIO,2013,12200000.0,161.0,12638016.0
Toyota,PREMIO,2015,13211667.0,149836.0,12357238.0
Toyota,PREMIO,2016,14275000.0,142125.0,14075291.0
Toyota,PREMIO,2018,14500000.0,179483.0,13871285.0
Toyota,PREMIO,2019,16250000.0,98000.0,14137186.0
Toyota,PREMIO 260,2008,10500000.0,105000.0,10004095.0
Toyota,PREMIO CORONA,1996,3700000.0,227000.0,
Toyota,PREMIO G GRADE,2010,8990000.0,118000.0,
Toyota,PREMIO G SUPERIOR,2002,7300000.0,154000.0,8044719.0
Toyota,PREMIO G SUPERIOR,2010,9962500.0,154000.0,10330124.0
Toyota,PREMIO G SUPERIOR,2013,11933333.0,101967.0,11331380.0
Toyota,PREMIO G SUPERIOR,2015,13146667.0,119667.0,11751334.0
Toyota,PREMIO G SUPERIOR,2016,13425000.0,102500.0,12699762.0
Toyota,PREMIO G SUPERIOR,2018,15550000.0,101050.0,12772472.0
Toyota,PREMIO G SUPERIOR,2019,16650000.0,77000.0,12925736.0
Toyota,PREMIO G Superior,2017,16200000.0,47500.0,12474751.0
Toyota,PRIUS,2008,6681667.0,239333.0,8572501.0
Toyota,PRIUS,2010,9125000.0,179250.0,9180249.0
Toyota,PRIUS,2011,9712500.0,150224.0,9209272.0
Toyota,PRIUS,2013,10491667.0,148667.0,10077831.0
Toyota,PRIUS,2014,11150000.0,117550.0,10696119.0
Toyota,PRIUS,2016,12950000.0,115000.0,11350812.0
Toyota,PRIUS 3rd Gen S Touring,2011,9200000.0,180000.0,
Toyota,PRIUS G TOURING,2011,10200000.0,1800.0,9033992.0
Toyota,PRIUS S GRADE,2012,10800000.0,202000.0,9290370.0
Toyota,PRIUS S LED,2012,10750000.0,165000.0,9587208.0
Toyota,PRIUS S LED,2013,10750000.0,160000.0,9962651.0
Toyota,PRIUS S LED,2014,9600000.0,14600.0,10360187.0
Toyota,PRIUS S Limited,2013,9975000.0,145000.0,
Toyota,PRIUS S Limited,2015,10350000.0,127000.0,
Toyota,PRIUS W20,2007,6500000.0,250000.0,
Toyota,Passo,2004,4471250.0,143974.0,4672241.0
Toyota,Passo,2005,4325000.0,157500.0,4767660.0
Toyota,Passo,2006,4625000.0,162000.0,4748698.0
Toyota,Passo,2007,4778000.0,142562.0,4784767.0
Toyota,Passo,2008,4947500.0,128878.0,4956546.0
Toyota,Passo,2009,4952500.0,149750.0,5009712.0
Toyota,Passo,2010,5382857.0,133559.0,5332243.0
Toyota,Passo,2011,4585000.0,150000.0,5480450.0
Toyota,Passo,2013,5600000.0,62000.0,6095075.0
Toyota,Passo,2015,6016667.0,82784.0,6768403.0
Toyota,Passo,2016,6750000.0,82143.0,6818398.0
Toyota,Passo,2017,6792000.0,75600.0,6849329.0
Toyota,Passo,2018,6796667.0,112833.0,6895209.0
Toyota,Passo,2020,7500000.0,36000.0,8394948.0
Toyota,Passo,2022,8300000.0,5.0,7880231.0
Toyota,Passo,2023,8275000.0,10452.0,7839001.0
Toyota,Passo G Grade,2018,7590000.0,22000.0,
Toyota,Passo KGC10,2007,4925000.0,132028.0,5551253.0
Toyota,Passo KGC10,2009,5000000.0,129138.0,5918806.0
Toyota,Passo KSP10,2005,4550000.0,114500.0,
Toyota,Passo Kgc10,2008,4700000.0,133505.0,5744673.0
Toyota,Passo Moda,2017,6875000.0,151500.0,8302038.0
Toyota,Passo Moda,2018,7250000.0,46000.0,8394179.0
Toyota,Passo Moda,2019,7100000.0,72934.0,8637828.0
Toyota,Passo Moda,2023,8875000.0,20750.0,8174629.0
Toyota,Passo Moda Limited,2023,8495000.0,10000.0,
Toyota,Passo Pixis Joy Safety,2017,6550000.0,108000.0,
Toyota,Passo Safety,2016,5990000.0,98000.0,
Toyota,Passo X Safety Limited,2024,8195000.0,11000.0,
Toyota,Passo XL,2017,6650000.0,72000.0,
Toyota,Passo XL,2023,8590000.0,18500.0,
Toyota,Passo XL Grade,2022,8550000.0,6000.0,
Toyota,Passo XL Safety,2016,6550000.0,45000.0,
Toyota,Passo XL Safety,2019,7490000.0,48000.0,
Toyota,Pixis,2013,5500000.0,104000.0,6877544.0
Toyota,Pixis,2015,5422500.0,108192.0,7205233.0
Toyota,Pixis,2016,5432500.0,89000.0,7010285.0
Toyota,Pixis,2017,4910000.0,98640.0,6864451.0
Toyota,Pixis,2018,5850000.0,95000.0,6947037.0
Toyota,Pixis EPOCH X GRADE,2024,6600000.0,9000.0,
Toyota,Pixis Epoch,2015,5733333.0,92967.0,7072143.0
Toyota,Pixis Epoch,2017,5250000.0,130000.0,6779810.0
Toyota,Pixis Epoch,2018,5950000.0,135000.0,6806102.0
Toyota,Pixis JOY G,2023,7650000.0,11000.0,
Toyota,Pixis Joy,2016,6800000.0,37000.0,
Toyota,Pixis Joy G Grade,2023,7600000.0,500.0,
Toyota,Platz,1999,3550000.0,170000.0,4002829.0
Toyota,Platz,2000,3650000.0,152000.0,3981606.0
Toyota,Platz,2002,3390000.0,13200.0,4079686.0
Toyota,Platz,2003,3590000.0,2.0,4241332.0
Toyota,Prado,1997,12600000.0,316500.0,7903520.0
Toyota,Prado,1999,12850000.0,169500.0,7333996.0
Toyota,Prado,2000,10700000.0,170000.0,7415052.0
Toyota,Prado,2003,13800000.0,184000.0,9198016.0
Toyota,Prado,2004,13450000.0,146000.0,9839734.0
Toyota,Prado,2005,15500000.0,174000.0,9814717.0
Toyota,Prado,2007,18500000.0,172000.0,11477425.0
Toyota,Prado,2008,20000000.0,200000.0,11171651.0
Toyota,Prado,2010,26500000.0,206000.0,10389970.0
Toyota,Prado,2011,29500000.0,170000.0,10731722.0
Toyota,Prado,2017,4500000.0,39700.0,13619728.0
Toyota,Prado 120,2003,13985714.0,162179.0,13828373.0
Toyota,Prado 120,2004,14425000.0,133000.0,15304807.0
Toyota,Prado 120,2005,14975000.0,209753.0,15266344.0
Toyota,Prado 120,2006,16750000.0,230000.0,16046298.0
Toyota,Prado 120,2007,17448333.0,191250.0,16951663.0
Toyota,Prado 120,2008,18000000.0,178500.0,17008351.0
Toyota,Prado 120 TX,2008,18500000.0,88000.0,
Toyota,Prado 150,2010,27580000.0,139600.0,22327219.0
Toyota,Prado 150,2011,25000000.0,135000.0,22327219.0
Toyota,Prado 150,2012,28400000.0,155000.0,22255209.0
Toyota,Prado 150 LC5,2011,29000000.0,185000.0,
Toyota,Prado 150 TZG,2009,23500000.0,99500.0,
Toyota,Prado 95,1997,13475000.0,252500.0,7711362.0
Toyota,Prado 95,1998,11850000.0,203794.0,7020714.0
Toyota,Prado 95,1999,12500000.0,212000.0,7047432.0
Toyota,Prado 95,2000,12200000.0,250000.0,7121514.0
Toyota,Prado 95 1kz,1997,13000000.0,212000.0,
Toyota,Prado Land Cruiser 150 5L,2010,24900000.0,194256.0,
Toyota,Prado TX 150,2010,27500000.0,176000.0,
Toyota,Prado TZ,2000,11650000.0,210000.0,
Toyota,Prado TZ Special Edition,2006,17500000.0,170000.0,
Toyota,Premio,1993,3200000.0,200000.0,6534375.0
Toyota,Premio,1995,3200000.0,225000.0,7178745.0
Toyota,Premio,2002,6711250.0,188898.0,7981855.0
Toyota,Premio,2003,7216667.0,241667.0,8982295.0
Toyota,Premio,2004,7215000.0,127062.0,10279541.0
Toyota,Premio,2006,7550000.0,12345.0,10794240.0
Toyota,Premio,2007,9217500.0,136372.0,11862117.0
Toyota,Premio,2008,9426000.0,170980.0,11641323.0
Toyota,Premio,2009,10300000.0,180000.0,10638808.0
Toyota,Premio,2010,9581600.0,192825.0,10560389.0
Toyota,Premio,2011,9880294.0,162043.0,10513042.0
Toyota,Premio,2012,10150000.0,169707.0,10672669.0
Toyota,Premio,2013,11556286.0,141127.0,11882240.0
Toyota,Premio,2014,12264583.0,127397.0,12076550.0
Toyota,Premio,2015,13071429.0,147414.0,12347844.0
Toyota,Premio,2016,14239000.0,113404.0,14603852.0
Toyota,Premio,2017,15006731.0,95812.0,15004647.0
Toyota,Premio,2018,15678333.0,82345.0,15513020.0
Toyota,Premio,2019,16350000.0,93889.0,15683272.0
Toyota,Premio,2020,16500000.0,63000.0,16562804.0
Toyota,Premio 240,2002,6320000.0,201250.0,6122538.0
Toyota,Premio 240,2005,7200000.0,189000.0,6475816.0
Toyota,Premio 260,2007,8000000.0,186000.0,10457738.0
Toyota,Premio 260,2008,9850000.0,203000.0,10004095.0
Toyota,Premio 260,2010,9150000.0,121400.0,9805988.0
Toyota,Premio 260,2011,10000000.0,159000.0,10057943.0
Toyota,Premio 260,2013,10575000.0,149000.0,11268013.0
Toyota,Premio 260,2014,12300000.0,124611.0,11759794.0
Toyota,Premio 260,2017,14775000.0,77568.0,12911173.0
Toyota,Premio 260 G,2008,8700000.0,244000.0,
Toyota,Premio 260 G Superior,2015,14500000.0,83600.0,
Toyota,Premio G,2010,9650000.0,96580.0,
Toyota,Premio G,2019,17100000.0,85000.0,
Toyota,Premio G SUPERIOR,2018,15900000.0,73000.0,12772472.0
Toyota,Premio G Superior,2007,9187500.0,165000.0,10332545.0
Toyota,Premio G Superior,2008,9300000.0,191000.0,10230273.0
Toyota,Premio G Superior,2009,8850000.0,110000.0,9798347.0
Toyota,Premio G Superior,2010,9591667.0,177926.0,9764443.0
Toyota,Premio G Superior,2011,9593600.0,155000.0,9701117.0
Toyota,Premio G Superior,2012,10146429.0,153889.0,10098315.0
Toyota,Premio G Superior,2013,11397414.0,121450.0,11088717.0
Toyota,Premio G Superior,2014,12090000.0,134677.0,11329338.0
Toyota,Premio G Superior,2015,12986250.0,122638.0,11759222.0
Toyota,Premio G Superior,2016,14125000.0,130000.0,13592453.0
Toyota,Premio G Superior,2017,15019000.0,106880.0,14409623.0
Toyota,Premio G Superior,2018,15458333.0,93521.0,15060523.0
Toyota,Premio G Superior,2019,16908333.0,80501.0,15242141.0
Toyota,Premio G Superior,2020,18383333.0,48733.0,16103869.0
Toyota,Premio G Superior 260,2013,11000000.0,155000.0,
Toyota,Premio G Superior 260,2017,16000000.0,41000.0,
Toyota,Premio NZT260 G SUPERIOR,2019,16950000.0,54000.0,
Toyota,Prius,2007,6730714.0,134437.0,8448639.0
Toyota,Prius,2008,6625312.0,206705.0,7910928.0
Toyota,Prius,2009,8821538.0,145258.0,8236675.0
Toyota,Prius,2010,8938000.0,159800.0,9293250.0
Toyota,Prius,2011,9204423.0,186304.0,9351340.0
Toyota,Prius,2012,9702273.0,175901.0,9745077.0
Toyota,Prius,2013,10850667.0,142203.0,10344752.0
Toyota,Prius,2014,11213750.0,131116.0,11224874.0
Toyota,Prius,2015,11263889.0,166133.0,11389576.0
Toyota,Prius,2016,14004091.0,134164.0,12384887.0
Toyota,Prius,2019,8995000.0,1.0,13188213.0
Toyota,Prius 2 Gen NHW 20,2008,6700000.0,210000.0,
Toyota,Prius 2 Nd Gen,2008,6375000.0,212000.0,
Toyota,Prius 2nd,2007,6700000.0,159000.0,
Toyota,Prius 2nd Gen,2008,6680000.0,298000.0,
Toyota,Prius 2nd Gen Anniversary,2008,6750000.0,130000.0,
Toyota,Prius 2nd Generation,2008,6783333.0,192333.0,7277150.0
Toyota,Prius 3rd,2012,10200000.0,136000.0,
Toyota,Prius 3rd,2013,11650000.0,132000.0,
Toyota,Prius 3rd Gen,2009,8750000.0,211500.0,8158708.0
Toyota,Prius 3rd Gen,2010,9600000.0,164000.0,8240115.0
Toyota,Prius 3rd Gen,2011,8237500.0,199500.0,8667016.0
Toyota,Prius 3rd Gen,2012,9237500.0,183684.0,8705890.0
Toyota,Prius 3rd Gen,2013,11050000.0,152000.0,8770907.0
Toyota,Prius 3rd Gen G Grade,2014,12350000.0,130938.0,
Toyota,Prius 3rd Gen Grade,2011,9275000.0,166350.0,
Toyota,Prius 3rd Gen S Touring,2013,11500000.0,141000.0,
Toyota,Prius 3rd Gen UK,2011,9600000.0,100000.0,
Toyota,Prius 3rd Generation,2010,9100000.0,330000.0,
Toyota,Prius 3rd Generation,2013,10500000.0,148000.0,
Toyota,Prius 4 Th Gen,2016,13850000.0,145000.0,
Toyota,Prius 4 Th Generation,2016,13637500.0,130250.0,
Toyota,Prius 4th Gen,2016,13758333.0,157931.0,13379129.0
Toyota,Prius 4th Generation,2016,14350000.0,120000.0,
Toyota,Prius 4th Generation,2017,14350000.0,140000.0,
Toyota,Prius 50,2016,14000000.0,91000.0,
Toyota,Prius 50 4th Generation,2016,14550000.0,151000.0,
Toyota,Prius ALPHA,2011,9000000.0,235000.0,8866368.0
Toyota,Prius Alfa,2011,9000000.0,220000.0,
Toyota,Prius Alpha,2012,10000000.0,143000.0,9199514.0
Toyota,Prius Alpha,2013,10125000.0,176500.0,9662764.0
Toyota,Prius Alpha S Touring,2013,11000000.0,141000.0,
Toyota,Prius Anniversary,2007,6700000.0,180000.0,
Toyota,Prius Anniversary,2008,7000000.0,184000.0,
Toyota,Prius C Aqua,2014,8150000.0,96750.0,
Toyota,Prius G,2015,11300000.0,133045.0,
Toyota,Prius G Grade,2010,9375000.0,164000.0,8815311.0
Toyota,Prius G Grade,2012,10300000.0,195000.0,9219231.0
Toyota,Prius G Sport,2012,10795000.0,178000.0,
Toyota,Prius G Sport,2013,11675000.0,94500.0,
Toyota,Prius G Touring,2011,10375000.0,205000.0,9033992.0
Toyota,Prius G Touring,2013,11433333.0,186867.0,10052008.0
Toyota,Prius G Touring Leather,2009,9200000.0,165.0,
Toyota,Prius GS,2009,9100000.0,183000.0,
Toyota,Prius GS Sport,2014,12000000.0,130000.0,
Toyota,Prius Highest Spec,2013,11275000.0,50000.0,
Toyota,Prius My Coordination,2012,10750000.0,145000.0,9073966.0
Toyota,Prius My Coordination,2013,11175000.0,140000.0,9309837.0
Toyota,Prius My Coordination,2014,10700000.0,210000.0,9819589.0
Toyota,Prius My Coordinator,2014,11800000.0,164000.0,
Toyota,Prius S,2011,9600000.0,154000.0,
Toyota,Prius S,2013,9850000.0,130000.0,
Toyota,Prius S Grade,2010,8550000.0,172500.0,8857561.0
Toyota,Prius S Grade,2012,9800000.0,135000.0,9290370.0
Toyota,Prius S Grade,2013,9925000.0,198500.0,9753620.0
Toyota,Prius S Grade,2014,10850000.0,183000.0,10398184.0
Toyota,Prius S Grade Edition,2013,11200000.0,94000.0,
Toyota,Prius S LED,2012,10137500.0,140000.0,9587208.0
Toyota,Prius S LED,2013,10362500.0,148000.0,9962651.0
Toyota,Prius S Led,2014,11162500.0,141250.0,10360187.0
Toyota,Prius S Limited,2012,9875000.0,145000.0,
Toyota,Prius S Limited,2014,11400000.0,112000.0,
Toyota,Prius S Touring,2010,8922500.0,150894.0,8962171.0
Toyota,Prius S Touring,2011,9283333.0,193267.0,9025692.0
Toyota,Prius S Touring,2012,10175000.0,149000.0,9420360.0
Toyota,Prius S Touring,2013,11475000.0,119000.0,9923502.0
Toyota,Prius S Touring,2014,11050000.0,170000.0,10525278.0
Toyota,Prius S Touring,2015,11225000.0,154000.0,10499117.0
Toyota,Prius S Touring,2016,12975000.0,194425.0,11008517.0
Toyota,Prius S Touring My Coordination,2014,11340000.0,197500.0,
Toyota,Prius S Touring SOLAR,2011,10250000.0,165000.0,
Toyota,Prius SLED,2014,9750000.0,187000.0,
Toyota,Prius W20,2008,6550000.0,181000.0,
Toyota,Prius ZVW30,2012,9800000.0,210000.0,
Toyota,QDF KDH 201VGL,2014,19850000.0,137000.0,
Toyota,RAIZE,2022,13750000.0,20000.0,11942725.0
Toyota,RAIZE,2023,12490000.0,6750.0,12016618.0
Toyota,RAIZE,2024,11933333.0,14003.0,12349483.0
Toyota,RAIZE,2025,13100000.0,200.0,12493363.0
Toyota,RAIZE 1200cc,2023,12390000.0,17900.0,
Toyota,RAIZE G,2023,11990000.0,19365.0,12118294.0
Toyota,RAIZE G,2024,12200000.0,5424.0,12619728.0
Toyota,RAIZE G,2025,12000000.0,8000.0,12904098.0
Toyota,RAIZE HYBRID,2024,13300000.0,7300.0,13493423.0
Toyota,RAIZE HYBRID Z GRADE,2025,13900000.0,150.0,
Toyota,RAIZE Hybrid Z Grade,2022,12650000.0,20000.0,
Toyota,RAIZE TURBO,2023,11390000.0,11400.0,
Toyota,RAIZE X,2023,11990000.0,6000.0,
Toyota,RAIZE Z,2023,11950000.0,15000.0,12703699.0
Toyota,RAIZE Z,2025,14300000.0,21.0,13260857.0
Toyota,RAIZE Z GRADE,2020,10145000.0,130000.0,12948032.0
Toyota,RAIZE Z GRADE,2022,13650000.0,50000.0,11696246.0
Toyota,RAIZE Z GRADE,2024,13745000.0,5000.0,12340389.0
Toyota,RAIZE Z HYBRID,2025,14100000.0,800.0,12825003.0
Toyota,RAIZE Z Japan,2023,11485000.0,10400.0,
Toyota,RAV4,1996,4575000.0,235000.0,4452300.0
Toyota,RAV4,1997,4500000.0,163000.0,5131594.0
Toyota,RAV4,1999,5200000.0,252000.0,4750831.0
Toyota,RAV4,2000,5093750.0,173049.0,4719853.0
Toyota,RAV4,2001,6550000.0,162000.0,4803708.0
Toyota,RAV4,2002,5975000.0,168000.0,4809286.0
Toyota,RAV4,2003,7050000.0,162000.0,5102615.0
Toyota,RAV4,2007,8566667.0,171167.0,5187234.0
Toyota,RAV4,2008,6758000.0,114744.0,5794387.0
Toyota,RAV4,2009,7740000.0,189000.0,6000153.0
Toyota,RAV4,2010,9800000.0,143000.0,5996641.0
Toyota,RAV4 G GRADE,2007,7500000.0,168000.0,
Toyota,RAV4 G Grade,2007,7800000.0,127000.0,
Toyota,RAV4 J,2000,6850000.0,221500.0,
Toyota,RAV4 J,2005,5885000.0,160000.0,
Toyota,RAV4 L,2000,6275000.0,198000.0,
Toyota,RAV4 L GRADE,2000,4950000.0,182500.0,
Toyota,RAV4 L Grade,2000,5250000.0,224000.0,
Toyota,ROOMY,2023,10850000.0,8300.0,9042328.0
Toyota,ROOMY,2024,10500000.0,6000.0,9274988.0
Toyota,ROOMY CUSTOM G,2024,9490000.0,23500.0,9670327.0
Toyota,ROOMY CUSTOM G,2025,10500000.0,9000.0,9986229.0
Toyota,ROOMY CUSTOM G SAFETY,2023,9575000.0,29900.0,
Toyota,ROOMY CUSTOM GT TURBO,2023,10490000.0,19800.0,8984083.0
Toyota,ROOMY Custom,2018,7725000.0,45000.0,12176201.0
Toyota,ROOMY Custom G,2023,10612500.0,9000.0,9512913.0
Toyota,ROOMY Custom G TURBO,2018,8475000.0,65000.0,12144529.0
Toyota,ROOMY G TURBO,2023,9550000.0,19000.0,
Toyota,ROOX,2023,9350000.0,12500.0,
Toyota,Ractis,2007,7250000.0,165000.0,
Toyota,Raiz Z,2023,13325000.0,14250.0,
Toyota,Raize,2019,10950000.0,55712.0,11970355.0
Toyota,Raize,2020,10922500.0,71075.0,11960113.0
Toyota,Raize,2022,9468333.0,21413.0,10713366.0
Toyota,Raize,2023,12473864.0,19882.0,10906463.0
Toyota,Raize,2024,13184808.0,21713.0,12221656.0
Toyota,Raize,2025,13625893.0,1416.0,12538437.0
Toyota,Raize 1 2L Hybrid,2023,12800000.0,20000.0,
Toyota,Raize 1000cc Turbo,2025,12350000.0,3050.0,
Toyota,Raize 1200 Hybrid,2025,13750000.0,35.0,
Toyota,Raize 2WD,2023,12690000.0,12000.0,
Toyota,Raize G,2024,12597500.0,19500.0,12619728.0
Toyota,Raize G Grade,2020,11500000.0,68000.0,12738827.0
Toyota,Raize G Grade,2023,11880000.0,27122.0,11221659.0
Toyota,Raize G Grade,2024,13800000.0,3300.0,11722049.0
Toyota,Raize G Hybrid,2024,14375000.0,3300.0,
Toyota,Raize G Japan,2023,11800000.0,9000.0,
Toyota,Raize G Turbo,2023,12300000.0,19400.0,
Toyota,Raize G Turbo,2024,12200000.0,8000.0,
Toyota,Raize HYBRID,2023,12450000.0,8000.0,12972886.0
Toyota,Raize Hybrid,2022,13950000.0,27000.0,12898993.0
Toyota,Raize Hybrid,2023,12800000.0,44000.0,12972886.0
Toyota,Raize Hybrid,2024,13691667.0,3732.0,13493423.0
Toyota,Raize Hybrid,2025,13618750.0,5150.0,13690217.0
Toyota,Raize Hybrid Cam,2025,13990000.0,31.0,
Toyota,Raize Hybrid G Grade,2023,12500000.0,26000.0,
Toyota,Raize Hybrid Japan,2025,14050000.0,10.0,
Toyota,Raize Hybrid Z,2023,13200000.0,18500.0,12499607.0
Toyota,Raize Hybrid Z,2025,13950000.0,6.0,13234355.0
Toyota,Raize Hybrid Z 360 Cam,2025,14650000.0,1.0,
Toyota,Raize Hybrid Z Blacktop 360,2025,14250000.0,300.0,
Toyota,Raize Hybrid Z Grade,2025,14200000.0,264.0,
Toyota,Raize Hybrid Z Premium,2025,13850000.0,23.0,
Toyota,Raize Turbo,2024,11290000.0,7900.0,
Toyota,Raize Turbo 4WD,2024,12150000.0,25000.0,
Toyota,Raize X,2023,11300000.0,17000.0,
Toyota,Raize X Grade,2023,12250000.0,6000.0,12011400.0
Toyota,Raize X Grade,2024,12382500.0,9375.0,12512834.0
Toyota,Raize X Turbo,2024,11500000.0,13000.0,
Toyota,Raize Z,2023,12762500.0,10850.0,12703699.0
Toyota,Raize Z,2024,13495000.0,18000.0,13108421.0
Toyota,Raize Z,2025,13666000.0,1207.0,13260857.0
Toyota,Raize Z 1 2 Hybrid,2025,13950000.0,13800.0,
Toyota,Raize Z Grade,2020,11050000.0,23025.0,13379925.0
Toyota,Raize Z Grade,2022,11850000.0,11000.0,12220299.0
Toyota,Raize Z Grade,2023,12285000.0,18267.0,12265481.0
Toyota,Raize Z Grade,2024,13271667.0,11030.0,12876784.0
Toyota,Raize Z Grade,2025,13743750.0,1416.0,13142455.0
Toyota,Raize Z Grade 1 2L,2023,12990000.0,5600.0,
Toyota,Raize Z Grade Apple Carplay,2024,12975000.0,3000.0,
Toyota,Raize Z Grade Hybrid,2022,12600000.0,25800.0,12682997.0
Toyota,Raize Z Grade Hybrid,2023,12200000.0,24000.0,12756890.0
Toyota,Raize Z Grade Hybrid,2024,13945000.0,8250.0,13288666.0
Toyota,Raize Z Grade Hybrid,2025,13983333.0,129.0,13427785.0
Toyota,Raize Z Grade Japan,2025,13200000.0,95.0,
Toyota,Raize Z Grade Japan 1000cc,2025,13150000.0,1.0,
Toyota,Raize Z Grade Turbo,2023,11800000.0,35000.0,
Toyota,Raize Z Grade Turbo,2025,12450000.0,20.0,
Toyota,Raize Z Hybrid,2022,13490000.0,27000.0,12103007.0
Toyota,Raize Z Hybrid,2023,13600000.0,19000.0,12176899.0
Toyota,Raize Z Hybrid,2024,13775000.0,2950.0,12693435.0
Toyota,Raize Z Hybrid,2025,13962500.0,178.0,12825003.0
Toyota,Raize Z Hybrid 1200,2025,13775000.0,200.0,
Toyota,Raize Z Hybrid A202A,2025,12500000.0,4000.0,
Toyota,Raize Z Limited,2024,13592500.0,6000.0,
Toyota,Raize Z Limited 1200cc,2024,14500000.0,4000.0,
Toyota,Raize Z Premium,2023,12450000.0,12000.0,12189863.0
Toyota,Raize Z Premium,2025,14045000.0,40.0,12890140.0
Toyota,Raize Z Premium Hybrid,2025,14300000.0,50.0,
Toyota,Raize Z Premium With BSM,2025,12800000.0,30.0,
Toyota,Raize Z Turbo,2024,12850000.0,2000.0,
Toyota,Raum,2001,3950000.0,180000.0,
Toyota,Rav4,1997,1675000.0,150000.0,5131594.0
Toyota,Rav4,1999,4975000.0,12345.0,4750831.0
Toyota,Rav4,2000,5200000.0,160272.0,4719853.0
Toyota,Rav4,2001,6700000.0,210000.0,4803708.0
Toyota,Rav4,2002,5900000.0,199000.0,4809286.0
Toyota,Rav4,2003,3025000.0,150000.0,5102615.0
Toyota,Rav4,2006,7300000.0,123000.0,5124750.0
Toyota,Rav4,2007,7566667.0,184667.0,5187234.0
Toyota,Rav4,2008,8200000.0,114500.0,5794387.0
Toyota,Rav4,2009,8500000.0,165000.0,6000153.0
Toyota,Rav4 G Grade,2007,8200000.0,135000.0,
Toyota,Rav4 J,2001,6875000.0,200000.0,
Toyota,Rav4 J,2004,6350000.0,153000.0,
Toyota,Rav4 Vanguard,2013,13000000.0,101600.0,
Toyota,Regius,1997,6350000.0,1114.0,6909291.0
Toyota,Regius,1998,6991667.0,256000.0,6339123.0
Toyota,Regius,1999,6800000.0,216728.0,6368818.0
Toyota,Revolution,2016,18500000.0,180000.0,
Toyota,Roomy,2017,8392857.0,206753.0,9202025.0
Toyota,Roomy,2018,8400000.0,76700.0,9139773.0
Toyota,Roomy,2019,860000.0,58000.0,8578242.0
Toyota,Roomy,2022,8675000.0,29875.0,8349763.0
Toyota,Roomy,2023,9609375.0,20533.0,8522487.0
Toyota,Roomy,2024,9240375.0,9200.0,9155250.0
Toyota,Roomy,2025,10860000.0,2604.0,9280926.0
Toyota,Roomy Custom,2022,9700000.0,13000.0,9844984.0
Toyota,Roomy Custom,2023,9750000.0,11500.0,9863699.0
Toyota,Roomy Custom,2025,9500000.0,322.0,10349215.0
Toyota,Roomy Custom G,2022,9825000.0,9641.0,9494199.0
Toyota,Roomy Custom G,2023,10142917.0,17014.0,9512913.0
Toyota,Roomy Custom G,2024,9056667.0,4992.0,9670327.0
Toyota,Roomy Custom G,2025,10800000.0,5087.0,9986229.0
Toyota,Roomy Custom G,2026,9150000.0,14000.0,11309944.0
Toyota,Roomy Custom G Limited,2024,10395000.0,12000.0,
Toyota,Roomy Custom G M900A,2023,10500000.0,45000.0,
Toyota,Roomy Custom G Navi Premium,2024,10495000.0,5000.0,
Toyota,Roomy Custom G Turbo,2023,10350000.0,5272.0,9196405.0
Toyota,Roomy Custom G Turbo,2024,10450000.0,5192.0,9457534.0
Toyota,Roomy Custom G Turbo,2025,11300000.0,300.0,9779200.0
Toyota,Roomy Custom GT,2022,2500000.0,20000.0,8731863.0
Toyota,Roomy Custom GT,2023,9729583.0,15815.0,8805756.0
Toyota,Roomy Custom GT,2024,11033333.0,5376.0,9137542.0
Toyota,Roomy Custom GT,2025,11400000.0,258.0,9561799.0
Toyota,Roomy Custom GT Turbo,2022,9700000.0,25000.0,8910190.0
Toyota,Roomy Custom GT Turbo,2023,11700000.0,11500.0,8984083.0
Toyota,Roomy Custom GT Turbo,2024,11325000.0,7000.0,9400650.0
Toyota,Roomy Custom GT Turbo,2025,11191250.0,1650.0,9773012.0
Toyota,Roomy Custom GT Turbo 360 Cam,2024,9990000.0,13300.0,
Toyota,Roomy Custom Gs,2024,11000000.0,5000.0,
Toyota,Roomy Custom Gt,2023,11390000.0,10800.0,8805756.0
Toyota,Roomy Custom Gt,2024,11450000.0,4000.0,9137542.0
Toyota,Roomy Custom Gt Turbo,2024,11975000.0,5850.0,9400650.0
Toyota,Roomy Custom Gt Turbo,2025,12295000.0,3000.0,9773012.0
Toyota,Roomy Custome GT,2025,10850000.0,100.0,
Toyota,Roomy G,2022,8757500.0,23000.0,9327521.0
Toyota,Roomy G,2023,9066500.0,14317.0,9346235.0
Toyota,Roomy G,2024,9350000.0,7750.0,9569078.0
Toyota,Roomy G Custom,2023,10200000.0,18000.0,
Toyota,Roomy G Custom,2024,11500000.0,4000.0,
Toyota,Roomy G Grade,2023,9300000.0,28133.0,9456239.0
Toyota,Roomy G S Custom,2023,10650000.0,45000.0,
Toyota,Roomy G SAFETY,2023,9850000.0,21000.0,
Toyota,Roomy G Safety,2023,10200000.0,1700.0,
Toyota,Roomy G Turbo,2025,10850000.0,450.0,
Toyota,Roomy GR Turbo,2024,11150000.0,4000.0,
Toyota,Roomy GT,2023,10093750.0,22120.0,8890371.0
Toyota,Roomy GT Custom,2023,9990000.0,28000.0,
Toyota,Roomy GT Custom Turbo,2017,7600000.0,175000.0,8143521.0
Toyota,Roomy GT Custom Turbo,2022,9900000.0,123.0,7917476.0
Toyota,Roomy GT Custom Turbo,2025,12650000.0,21.0,7801864.0
Toyota,Roomy GT Line Turbo,2025,12950000.0,50.0,
Toyota,Roomy GT Safety Turbo,2023,9750000.0,7850.0,
Toyota,Roomy GT TURBO,2025,11450000.0,1.0,9798643.0
Toyota,Roomy GT TURBO CUSTOM,2023,11500000.0,12000.0,
Toyota,Roomy GT Turbo,2018,6500000.0,48000.0,10940948.0
Toyota,Roomy GT Turbo,2023,10313333.0,17667.0,9459981.0
Toyota,Roomy GT Turbo,2024,10500000.0,9000.0,9651821.0
Toyota,Roomy GT Turbo,2025,11050000.0,109.0,9798643.0
Toyota,Roomy M900A X,2023,7700000.0,20000.0,
Toyota,Roomy X,2022,8950000.0,16000.0,7833448.0
Toyota,Roomy X,2023,8390000.0,33715.0,7806204.0
Toyota,Roomy X,2025,8300000.0,4500.0,7789870.0
Toyota,Roony G Custom,2023,10511333.0,9000.0,
Toyota,Rush,1998,7500000.0,195600.0,5842580.0
Toyota,Rush,2006,7408333.0,148333.0,9072248.0
Toyota,Rush,2007,7400000.0,154286.0,9993841.0
Toyota,Rush,2008,6833333.0,150617.0,9710180.0
Toyota,Rush,2009,7700000.0,119000.0,9049593.0
Toyota,Rush,2010,7195000.0,114896.0,9119011.0
Toyota,Rush,2012,8150000.0,149500.0,10130908.0
Toyota,Rush,2013,7800000.0,198000.0,10764521.0
Toyota,Rush,2018,11357778.0,81606.0,12074014.0
Toyota,Rush,2020,15266667.0,65337.0,12247121.0
Toyota,Rush,2025,16987500.0,3920.0,12635053.0
Toyota,Rzh102,2001,9700000.0,2.0,
Toyota,SE Saloon G,1999,4650000.0,135000.0,
Toyota,SGL,1993,1585000.0,11111.0,
Toyota,SHELL,1986,2700000.0,125000.0,2668116.0
Toyota,SHELL HIACE,1989,4850000.0,302850.0,
Toyota,SPRINTER,1997,3275000.0,284909.0,4283074.0
Toyota,SPRINTER,1998,3650000.0,213000.0,4124494.0
Toyota,STARLET,1991,2650000.0,113242.0,3122547.0
Toyota,STARLET,1995,3775000.0,178000.0,3779372.0
Toyota,STARLET,1996,3775000.0,212000.0,3885814.0
Toyota,STARLET EP91,1997,3450000.0,189000.0,4505881.0
Toyota,STARLET NP 90,1996,3350000.0,153000.0,
Toyota,STARLET NP80,1995,2790000.0,21288.0,
Toyota,SUPER GL,2006,18800000.0,179000.0,
Toyota,SUPER GL,2008,18800000.0,189000.0,
Toyota,SUPER GL DARK FRAME,2015,22775000.0,76000.0,
Toyota,SURF,2008,8675000.0,184373.0,
Toyota,SV 30,1993,600000.0,150000.0,
Toyota,Select Saloon 20 D,1994,2900000.0,123456.0,
Toyota,Shell,1980,3700000.0,250000.0,3379014.0
Toyota,Shell,1983,2850000.0,366998.0,3379792.0
Toyota,Shell,1984,4175000.0,194250.0,3386791.0
Toyota,Shell,1985,2765000.0,125001.0,3540475.0
Toyota,Shell,1986,3568125.0,140895.0,3707197.0
Toyota,Shell,1987,3835000.0,88687.0,3813522.0
Toyota,Shell,1988,4062500.0,139430.0,3996209.0
Toyota,Shell,1989,3450000.0,114789.0,4054711.0
Toyota,Shell,1994,3540000.0,41523.0,5026279.0
Toyota,Shell Hiace,1984,3250000.0,70000.0,
Toyota,Shell Hiace LH51,1989,4750000.0,123.0,
Toyota,Shell Kota LH51,1989,4200000.0,34857.0,
Toyota,Shell LH 66,1989,3875000.0,275000.0,
Toyota,Shell LH 71,1989,4700000.0,66322.0,
Toyota,Shell LH51,1986,3850000.0,258000.0,
Toyota,Shell LH61,1985,3300000.0,120000.0,2357980.0
Toyota,Shell LH61,1987,4100000.0,125000.0,2676766.0
Toyota,Shell LH61,1988,4400000.0,310772.0,2822959.0
Toyota,Shell LH61,1997,3500000.0,56800.0,4429459.0
Toyota,Shell Lh51,1987,3700000.0,1.0,
Toyota,Shell Lh51,1990,4450000.0,1.0,
Toyota,Shell Lh70B,1983,3675000.0,368000.0,
Toyota,Shell Lh71 SUPER Long High Roof,1987,4650000.0,12343.0,
Toyota,Shell Long,1986,3625000.0,60006.0,2517140.0
Toyota,Shell Long,1987,4100000.0,123456.0,2613915.0
Toyota,Shell Long,1989,4170000.0,250000.0,2818609.0
Toyota,Sienta GZ Navi Premium Highest Specs,2025,17000000.0,250.0,
Toyota,Single Cab,2003,4600000.0,250000.0,8169337.0
Toyota,Single Cab,2011,7875000.0,174000.0,7934113.0
Toyota,Smart Cab,2010,7200000.0,180000.0,
Toyota,Soluna,2000,3149375.0,171843.0,3872814.0
Toyota,Soluna,2001,3161667.0,185737.0,3857333.0
Toyota,Soluna,2004,3550000.0,134000.0,4011164.0
Toyota,Soluna GLi,2000,3350000.0,150000.0,
Toyota,Soluna Sport,2005,3750000.0,125000.0,
Toyota,Sprinter,1987,730000.0,2.0,2140715.0
Toyota,Sprinter,1989,1085000.0,80000.0,2289457.0
Toyota,Sprinter,1990,2600000.0,411854.0,2363832.0
Toyota,Sprinter,1991,2390000.0,225000.0,2602441.0
Toyota,Sprinter,1993,2900000.0,195000.0,3176588.0
Toyota,Sprinter,1996,3250000.0,25000.0,3530231.0
Toyota,Sprinter,1997,2650000.0,300000.0,4283074.0
Toyota,Sprinter,1998,4000000.0,260222.0,4124494.0
Toyota,Sprinter,1999,3675000.0,145000.0,4184165.0
Toyota,Sprinter,2006,775000.0,175000.0,4975051.0
Toyota,Sprinter 110,1997,3375000.0,149000.0,
Toyota,Sprinter 110,1998,4450000.0,254000.0,
Toyota,Sprinter 111,2000,3975000.0,200000.0,
Toyota,Sprinter AE110 L GRADE SE Vintage,1997,4400000.0,200000.0,
Toyota,Sprinter AE110 SE Vintage,1999,3350000.0,179000.0,
Toyota,Sprinter AE110 Se Vintage,1999,3350000.0,179000.0,
Toyota,Sprinter AE91 SE Limited,1987,2350000.0,150000.0,
Toyota,Sprinter EE111,1997,3350000.0,160000.0,
Toyota,Sprinter Elephant Back,1996,2750000.0,100000.0,
Toyota,Sprinter SE Limited,1993,2700000.0,226000.0,
Toyota,Sprinter SE Vintage L Grade,1998,4350000.0,1234.0,
Toyota,Sprinter Vintage,1997,3650000.0,185000.0,
Toyota,Sprintor AE110,1998,4195000.0,156000.0,
Toyota,Starlet,1980,1050000.0,185000.0,1851802.0
Toyota,Starlet,1985,690000.0,150000.0,1933713.0
Toyota,Starlet,1986,1450000.0,200000.0,2086553.0
Toyota,Starlet,1987,1387500.0,77500.0,2180072.0
Toyota,Starlet,1989,1908333.0,229177.0,2361054.0
Toyota,Starlet,1992,2875000.0,152500.0,2790990.0
Toyota,Starlet,1993,3375000.0,15434.0,2926913.0
Toyota,Starlet,1994,3600000.0,123456.0,2955188.0
Toyota,Starlet,1995,3095000.0,256333.0,3199395.0
Toyota,Starlet,1996,3321875.0,190347.0,3360958.0
Toyota,Starlet,1997,3516667.0,213333.0,3772989.0
Toyota,Starlet,1998,4078750.0,116974.0,3854839.0
Toyota,Starlet,1999,3975000.0,220.0,3891508.0
Toyota,Starlet,2000,3555000.0,149575.0,3858611.0
Toyota,Starlet,2001,3937500.0,115000.0,3879721.0
Toyota,Starlet,2005,3350000.0,12546.0,4080557.0
Toyota,Starlet 91,1999,4590000.0,200000.0,
Toyota,Starlet EP 71,1985,1975000.0,166388.0,
Toyota,Starlet EP71,1988,2150000.0,156000.0,1822981.0
Toyota,Starlet EP82,1991,4900000.0,160000.0,2947900.0
Toyota,Starlet EP82,1993,3400000.0,247000.0,3279181.0
Toyota,Starlet EP82,1995,2900000.0,150000.0,3416618.0
Toyota,Starlet EP91,1997,3923000.0,143069.0,4505881.0
Toyota,Starlet EP91,1998,3980000.0,188542.0,4292940.0
Toyota,Starlet EP91,1999,4500000.0,217150.0,4337806.0
Toyota,Starlet EP91,2002,4000000.0,25000.0,4428825.0
Toyota,Starlet Ep71,1985,1900000.0,66500.0,1577362.0
Toyota,Starlet Ep71,1986,1490000.0,100000.0,1674580.0
Toyota,Starlet Ep71,1988,1850000.0,357256.0,1822981.0
Toyota,Starlet Ep82,1992,3055000.0,158000.0,3159197.0
Toyota,Starlet Ep82,1995,2987500.0,160000.0,3416618.0
Toyota,Starlet Ep91,1991,3650000.0,174000.0,3248813.0
Toyota,Starlet Ep91,1996,3625000.0,143000.0,4106732.0
Toyota,Starlet Ep91,1997,4600000.0,180000.0,4505881.0
Toyota,Starlet Ep91,1998,4698333.0,171876.0,4292940.0
Toyota,Starlet Ep91,1999,3300000.0,149900.0,4337806.0
Toyota,Starlet Ep91,2002,3875000.0,153000.0,4428825.0
Toyota,Starlet GT,1993,2990000.0,200000.0,
Toyota,Starlet GT Turbo,1993,4950000.0,193000.0,
Toyota,Starlet GT Turbo,1995,4650000.0,123456.0,
Toyota,Starlet KP61,1987,1200000.0,37500.0,
Toyota,Starlet Kp61,1984,1250000.0,200000.0,
Toyota,Starlet NP 90,1996,3175000.0,136172.0,
Toyota,Starlet NP80,1991,2900000.0,1.0,
Toyota,Starlet NP90,1996,3290000.0,305000.0,3734032.0
Toyota,Starlet NP90,1997,2850000.0,132000.0,4118303.0
Toyota,Starlet NP90,1998,3090000.0,200000.0,3905363.0
Toyota,Starlet NP90,2000,3600000.0,235000.0,3929006.0
Toyota,Starlet Nl30,1989,1800000.0,24575.0,
Toyota,Starlet Reflet,1996,3490000.0,155000.0,
Toyota,Starlet Reflet F,1996,3600000.0,235573.0,
Toyota,Station Wagon,1991,1950000.0,33900.0,
Toyota,Super GL,2015,23500000.0,82000.0,
Toyota,Super GL Hiace 172,2000,1265000.0,458800.0,
Toyota,Super GL Long,2002,1400000.0,232000.0,
Toyota,Super Gl,1993,8650000.0,390000.0,
Toyota,Super Gl,2015,24000000.0,35000.0,
Toyota,Super Gl Dolphin,2001,10000000.0,1.0,
Toyota,Surf,1992,7300000.0,276000.0,
Toyota,TANK,2017,7850000.0,111000.0,8362365.0
Toyota,TANK CUSTOM GS TURBO,2017,8475000.0,75100.0,
Toyota,TERCEL,1998,3200000.0,179500.0,3308285.0
Toyota,TOWNACE,1996,5325000.0,160000.0,4426596.0
Toyota,TOWNACE,1999,6492500.0,154000.0,4666382.0
Toyota,TOWNACE,2013,7900000.0,75000.0,6580131.0
Toyota,TOWNACE CR26,1987,2250000.0,175000.0,1715795.0
Toyota,TOWNACE CR27,1989,2650000.0,175.0,2902989.0
Toyota,TOWNACE CR27,1994,4890000.0,220000.0,3783746.0
Toyota,TOWNACE CR42,1999,6950000.0,290000.0,
Toyota,TOWNACE KR26,1988,2475000.0,189000.0,
Toyota,TOWNACE NOAH CR41 GU,1997,5875000.0,200000.0,
Toyota,TOWNACE Noah CR41,2002,7150000.0,214000.0,6992689.0
Toyota,TOWNACE S402M,2011,6400000.0,90000.0,
Toyota,TOYOTA,1984,975000.0,11000.0,2087930.0
Toyota,TRH200,2008,17950000.0,22444.0,
Toyota,Taisor Urban Cruiser V,2025,12200000.0,100.0,
Toyota,Taisor Urban Cruiser V Grade,2025,12200000.0,3000.0,
Toyota,Taisor V Grade,2025,9612500.0,66.0,12950272.0
Toyota,Tank,2017,8200000.0,93400.0,8362365.0
Toyota,Tank,2018,8012500.0,93750.0,8372808.0
Toyota,Tank,2019,7897500.0,82750.0,8458497.0
Toyota,Tank Custom GS,2018,8166667.0,137667.0,8160491.0
Toyota,Tank Custom GT,2017,7990000.0,84000.0,
Toyota,Tank GS,2016,8000000.0,96500.0,
Toyota,Tank GS Custom,2017,8200000.0,103600.0,8874093.0
Toyota,Tank GS Custom,2018,8150000.0,140000.0,8861008.0
Toyota,Tank GS Custom,2019,8600000.0,70000.0,9111710.0
Toyota,Tank GT Turbo,2019,8950000.0,70500.0,
Toyota,Tank Gsm,2018,9500000.0,20000.0,
Toyota,Tercel,1981,675000.0,300000.0,1710267.0
Toyota,Tercel,1996,2830000.0,185400.0,3034378.0
Toyota,Tercel,1997,2740000.0,131670.0,3464056.0
Toyota,Tercel,1998,2712500.0,195500.0,3308285.0
Toyota,Tercel,1999,3275000.0,248000.0,3367956.0
Toyota,Tercel Corsa,1993,1990000.0,280000.0,
Toyota,Tercel Corsa Corolla 2,1988,1510000.0,250000.0,
Toyota,TownAce,1984,1930000.0,1234.0,2319790.0
Toyota,TownAce,1985,2875000.0,326204.0,2447665.0
Toyota,TownAce,1987,2425000.0,125000.0,2825043.0
Toyota,TownAce,1988,2625000.0,275000.0,2955467.0
Toyota,TownAce,1989,3450000.0,120000.0,2991717.0
Toyota,TownAce,1990,2650000.0,175064.0,3146211.0
Toyota,TownAce,1991,3166667.0,200000.0,3330037.0
Toyota,TownAce,1992,3958333.0,167137.0,3759349.0
Toyota,TownAce,1993,3470000.0,147500.0,4132836.0
Toyota,TownAce,1994,4295000.0,199000.0,4323593.0
Toyota,TownAce,1995,4450000.0,210000.0,4573056.0
Toyota,TownAce,1996,6200000.0,195308.0,4576404.0
Toyota,TownAce,1997,4300000.0,280000.0,5015166.0
Toyota,TownAce,2000,2595000.0,185000.0,4794759.0
Toyota,TownAce,2002,5750000.0,265896.0,4876350.0
Toyota,TownAce CR26,1985,2650000.0,364000.0,1540463.0
Toyota,TownAce CR26,1988,2750000.0,340574.0,1801391.0
Toyota,TownAce CR27,1989,3247500.0,140178.0,2902989.0
Toyota,TownAce CR27,1990,3350000.0,123456.0,3006020.0
Toyota,TownAce CR27,1991,3425000.0,358000.0,3180900.0
Toyota,TownAce CR27,1993,4250000.0,332550.0,3749933.0
Toyota,TownAce CR27,1994,3225000.0,345432.0,3783746.0
Toyota,TownAce CR27,1995,4500000.0,290000.0,3934412.0
Toyota,TownAce CR27,1996,5637500.0,311138.0,4123418.0
Toyota,TownAce CR36,1995,4200000.0,268272.0,
Toyota,TownAce CR36,1996,5950000.0,276000.0,
Toyota,TownAce CR51,1997,5800000.0,2.0,
Toyota,TownAce GL Kr42,2007,8290000.0,242000.0,
Toyota,TownAce GL Lotto CR27,1996,5380000.0,300000.0,
Toyota,TownAce KR42,1999,6675000.0,227000.0,6697651.0
Toyota,TownAce KR42,2005,6500000.0,644000.0,7492466.0
Toyota,TownAce KR42,2007,6900000.0,170000.0,7287503.0
Toyota,TownAce Kr41,1998,6200000.0,250000.0,
Toyota,TownAce LOTTO CR27,1994,4150000.0,300000.0,4036668.0
Toyota,TownAce Lotto,1992,4600000.0,292480.0,4286437.0
Toyota,TownAce Lotto,1993,3800000.0,280000.0,4338575.0
Toyota,TownAce Lotto,1995,5500000.0,12345.0,5154866.0
Toyota,TownAce Lotto,1997,4650000.0,253000.0,5522670.0
Toyota,TownAce Lotto,2001,6200000.0,123.0,5302805.0
Toyota,TownAce Lotto CR27,1992,4950000.0,143600.0,3597102.0
Toyota,TownAce Lotto CR27,1993,4675000.0,277500.0,3929351.0
Toyota,TownAce Lotto CR27,1994,5350000.0,180000.0,4036668.0
Toyota,TownAce Lotto CR27,1996,5600000.0,170000.0,4418422.0
Toyota,TownAce NOAH,2001,8250000.0,173000.0,6255559.0
Toyota,TownAce NOAH CR42,2000,7950000.0,185000.0,
Toyota,TownAce Noah,1997,6500000.0,228000.0,6432782.0
Toyota,TownAce Noah CR42,1999,8500000.0,180000.0,
Toyota,TownAce Noah KR42,2013,13475000.0,122000.0,7565763.0
Toyota,TownAce Noah KR42 7K Efi American RT,2012,10775000.0,135000.0,
Toyota,TownAce Super Extra,1994,4950000.0,245000.0,
Toyota,Townace,1983,2200000.0,3.0,2367982.0
Toyota,Townace,1984,1125000.0,98000.0,2372088.0
Toyota,Townace,1985,4500000.0,89000.0,2499963.0
Toyota,Townace,1987,2250000.0,265735.0,2877340.0
Toyota,Townace,1988,2950000.0,85319.0,3032666.0
Toyota,Townace,1989,3466667.0,182667.0,3086756.0
Toyota,Townace,1990,3182500.0,217431.0,3207547.0
Toyota,Townace,1991,3205000.0,168456.0,3405133.0
Toyota,Townace,1992,4525000.0,196000.0,3857673.0
Toyota,Townace,1993,4859286.0,192906.0,4260244.0
Toyota,Townace,1994,4868333.0,186465.0,4450949.0
Toyota,Townace,1995,4587500.0,234838.0,4747644.0
Toyota,Townace,1996,4525000.0,133115.0,4789188.0
Toyota,Townace,1997,5766667.0,194435.0,5232569.0
Toyota,Townace,1998,6250000.0,275000.0,5055417.0
Toyota,Townace,1999,6750000.0,128000.0,5142660.0
Toyota,Townace,2001,3120000.0,237500.0,5131135.0
Toyota,Townace,2002,8937500.0,189550.0,5172622.0
Toyota,Townace,2011,6400000.0,193000.0,6286422.0
Toyota,Townace,2012,6790000.0,153000.0,6371122.0
Toyota,Townace 402s,2008,6500000.0,125000.0,
Toyota,Townace CE27,1993,4090000.0,240000.0,
Toyota,Townace CR26,1985,2283333.0,52037.0,1540463.0
Toyota,Townace CR26,1986,2720000.0,157449.0,1643662.0
Toyota,Townace CR26,1987,2556250.0,75443.0,1715795.0
Toyota,Townace CR26,1988,2700000.0,11111.0,1801391.0
Toyota,Townace CR26,1989,2450000.0,295000.0,1859892.0
Toyota,Townace CR26,1991,2265000.0,148297.0,2370513.0
Toyota,Townace CR26 Kr26,1983,2150000.0,176450.0,
Toyota,Townace CR27,1988,3233333.0,163704.0,2844488.0
Toyota,Townace CR27,1989,3312500.0,350000.0,2902989.0
Toyota,Townace CR27,1990,3320000.0,188907.0,3006020.0
Toyota,Townace CR27,1991,3610000.0,143891.0,3180900.0
Toyota,Townace CR27,1992,4083333.0,255102.0,3505989.0
Toyota,Townace CR27,1994,4920000.0,202500.0,3783746.0
Toyota,Townace CR27,1995,4237500.0,342.0,3934412.0
Toyota,Townace CR27,1996,6375000.0,170000.0,4123418.0
Toyota,Townace CR27,1997,550000.0,400000.0,4533136.0
Toyota,Townace CR27,1998,6300000.0,253000.0,4355489.0
Toyota,Townace CR27 GL,1989,3250000.0,123456.0,
Toyota,Townace CR27 GL,1994,4490000.0,185677.0,
Toyota,Townace CR27V,1992,4725000.0,150000.0,
Toyota,Townace CR36,1992,3750000.0,112000.0,
Toyota,Townace CR36,1994,4400000.0,200000.0,
Toyota,Townace CR36 Lotto,1992,4300000.0,250.0,
Toyota,Townace CR41,1997,6500000.0,400000.0,
Toyota,Townace CR42,1999,6150000.0,241560.0,
Toyota,Townace CR42,2002,7800000.0,200000.0,
Toyota,Townace CR42 3C,1999,6850000.0,19.0,
Toyota,Townace Cr41 Turbo,1999,8100000.0,256000.0,
Toyota,Townace GL,1995,3850000.0,150000.0,
Toyota,Townace KR26,1988,2250000.0,200000.0,
Toyota,Townace KR42,1999,6120000.0,180000.0,6697651.0
Toyota,Townace KR52,2006,8150000.0,96658.0,
Toyota,Townace Kr42,1999,7600000.0,102000.0,6697651.0
Toyota,Townace Kr42 3c Turbo,2001,6650000.0,650000.0,
Toyota,Townace Lotto,1992,4000000.0,1234.0,4286437.0
Toyota,Townace Lotto,1993,4755000.0,201878.0,4338575.0
Toyota,Townace Lotto,1994,4785000.0,318688.0,4852843.0
Toyota,Townace Lotto,1995,5116667.0,183667.0,5154866.0
Toyota,Townace Lotto,1999,4900000.0,306000.0,5319406.0
Toyota,Townace Lotto CR27,1992,4130000.0,191001.0,3597102.0
Toyota,Townace Lotto CR27,1993,4520000.0,222206.0,3929351.0
Toyota,Townace Lotto CR27,1994,4885000.0,260867.0,4036668.0
Toyota,Townace Lotto CR27,1995,5500000.0,300500.0,4260740.0
Toyota,Townace Lotto CR27,1996,6000000.0,307378.0,4418422.0
Toyota,Townace Lotto CR27,1999,4650000.0,208000.0,4630983.0
Toyota,Townace Lotto CR36,1994,3990000.0,310000.0,
Toyota,Townace Noah,1997,6200000.0,212000.0,6432782.0
Toyota,Townace Noah,1998,6500000.0,215486.0,6098472.0
Toyota,Townace Noah,2006,8650000.0,123000.0,6638838.0
Toyota,Townace Noah CR41,1998,6562500.0,258750.0,6690189.0
Toyota,Townace Noah CR41,2002,6575000.0,233400.0,6992689.0
Toyota,Townace Noah CR42,1999,6450000.0,212664.0,
Toyota,Townace Noah CR42,2002,8650000.0,202000.0,
Toyota,Townace Noah CR42 GL,2000,7850000.0,217300.0,
Toyota,Townace Noah CR42 GL,2004,7750000.0,192000.0,
Toyota,Townace Noah Cr41,1997,6600000.0,220000.0,7163644.0
Toyota,Townace Noah GL,1998,6250000.0,223000.0,
Toyota,Townace Noah KR42,2002,6800000.0,335315.0,6908196.0
Toyota,Townace Noah KR42,2007,8300000.0,150000.0,7368309.0
Toyota,Townace Noah KR42 3c Turbo,2000,6750000.0,270000.0,
Toyota,Townace Noah Kr41,1998,6550000.0,133000.0,
Toyota,Townace Noah Kr42,1999,6908333.0,199541.0,6488209.0
Toyota,Townace Noah Kr42,2006,7500000.0,210000.0,7394342.0
Toyota,Townace Noah Kr42,2007,8300000.0,134550.0,7368309.0
Toyota,Townace Super GL,2008,7350000.0,155000.0,
Toyota,Toyota,1981,1300000.0,500.0,2097459.0
Toyota,Toyota,1986,2192500.0,181426.0,2391781.0
Toyota,Toyota,1987,1950000.0,125000.0,2490609.0
Toyota,Toyota,1989,1350000.0,43321.0,2685468.0
Toyota,Toyota,1992,2317500.0,91944.0,3273159.0
Toyota,Toyota,1993,3650000.0,180000.0,3414715.0
Toyota,Toyota,1996,6500000.0,300000.0,3633367.0
Toyota,Toyota,2004,5290000.0,175000.0,4462937.0
Toyota,Toyota,2007,6400000.0,165500.0,4510813.0
Toyota,Toyota,2008,6875000.0,227500.0,5450632.0
Toyota,Toyota,2012,10500000.0,337000.0,6149628.0
Toyota,Toyota,2014,21000000.0,130000.0,8457186.0
Toyota,Trace,1996,2570000.0,65000.0,
Toyota,Trad Sunny,1989,8600000.0,10000.0,
Toyota,Urban Cruiser,2025,17450000.0,1.0,
Toyota,V8,2010,12500000.0,190000.0,
Toyota,VIOS,2003,4985000.0,173700.0,5382569.0
Toyota,VIOS,2004,5240714.0,162343.0,5383471.0
Toyota,VIOS,2005,5285000.0,195000.0,5413983.0
Toyota,VIOS,2006,5650000.0,162096.0,5517051.0
Toyota,VIOS,2007,6500000.0,203.0,5727716.0
Toyota,VIOS E GRADE VVTI,2007,6350000.0,163000.0,
Toyota,VIOS S GRADE,2003,5290000.0,148000.0,5489616.0
Toyota,VISTA V50 JAPAN,2002,3850000.0,174700.0,
Toyota,VITZ,1999,4000000.0,210.0,6524407.0
Toyota,VITZ,2005,5385000.0,174377.0,7291289.0
Toyota,VITZ,2007,5381000.0,174780.0,7274738.0
Toyota,VITZ,2008,5595000.0,134235.0,7203928.0
Toyota,VITZ,2015,6996250.0,114950.0,7500524.0
Toyota,VITZ,2016,7380000.0,86900.0,7475436.0
Toyota,VITZ,2017,7858000.0,64130.0,7486801.0
Toyota,VITZ,2018,8158333.0,84067.0,7500987.0
Toyota,VITZ EDITION 2,2018,7915000.0,106036.0,8180954.0
Toyota,VITZ EDITION 3,2019,8487500.0,86125.0,9094099.0
Toyota,VITZ EDITION 3,2020,8175000.0,95000.0,9302674.0
Toyota,VITZ EDITION 3 LED,2019,8625000.0,53200.0,
Toyota,VITZ Edition 2 Safety,2018,7875000.0,112000.0,
Toyota,VITZ KSP130,2011,5700000.0,162535.0,7428646.0
Toyota,VITZ KSP90,2007,5262500.0,153500.0,5691768.0
Toyota,VITZ KSP90,2008,5533000.0,111196.0,5905868.0
Toyota,VITZ SAFETY,2017,7190000.0,90000.0,8003758.0
Toyota,VITZ SAFETY EDITION,2017,7175000.0,59000.0,8110033.0
Toyota,VITZ SAFETY EDITION 3,2018,7875000.0,100000.0,
Toyota,VITZ SCP10 VVTI,2004,3950000.0,200000.0,
Toyota,VITZ SCP90,2010,5600000.0,250000.0,5967028.0
Toyota,VITZ Safety,2017,7550000.0,137000.0,8003758.0
Toyota,VITZ Safety Edition,2016,6875000.0,91000.0,8095673.0
Toyota,VITZ Scp 90,2007,5220000.0,160000.0,
Toyota,VOXY,2014,15800000.0,140000.0,15931669.0
Toyota,VOXY ESQUIRE,2015,16500000.0,160000.0,
Toyota,Vanguard,2009,9700000.0,148000.0,9231898.0
Toyota,Vanguard,2012,13166667.0,189000.0,10321972.0
Toyota,Vanguard,2013,11550000.0,196000.0,10776151.0
Toyota,Vellfire,2014,25000000.0,130000.0,
Toyota,Verossa,2000,8200000.0,267000.0,4836121.0
Toyota,Verossa,2001,5883333.0,185833.0,4895987.0
Toyota,Verossa,2002,5990000.0,188000.0,4958705.0
Toyota,Vezel Orange Pack,2014,8700000.0,170000.0,
Toyota,Vigo,2010,8750000.0,440001.0,
Toyota,Vigo Smart Cab,2009,6750000.0,230000.0,
Toyota,Vios,2003,4976935.0,171079.0,5013095.0
Toyota,Vios,2004,5225345.0,181708.0,5006314.0
Toyota,Vios,2005,5345385.0,170864.0,5065307.0
Toyota,Vios,2006,4703333.0,181352.0,5170757.0
Toyota,Vios,2007,6107222.0,177189.0,5215611.0
Toyota,Vios,2008,5365000.0,163750.0,5464515.0
Toyota,Vios Belta,2007,6450000.0,150000.0,
Toyota,Vios E,2004,5450000.0,190000.0,
Toyota,Vios E,2005,5275000.0,171000.0,
Toyota,Vios G,2010,7000000.0,90000.0,
Toyota,Vios G,2011,6175000.0,190000.0,
Toyota,Vios G GRADE,2008,6800000.0,125000.0,
Toyota,Vios G Grade,2007,6550000.0,153250.0,
Toyota,Vios Japan,2003,5350000.0,228400.0,5413382.0
Toyota,Vios Japan,2005,5325000.0,180000.0,5428673.0
Toyota,Vios Limited,2011,7500000.0,195000.0,
Toyota,Vios S,2003,5075000.0,145000.0,
Toyota,Vios S Grade,2003,5416667.0,168845.0,5489616.0
Toyota,Vios S Grade,2004,5350000.0,138000.0,5490517.0
Toyota,Vios S Limited,2007,5900000.0,165000.0,
Toyota,Vista,1991,2350000.0,153333.0,2457616.0
Toyota,Vista,1992,2275000.0,260000.0,2581659.0
Toyota,Vista,1995,2750000.0,201250.0,2747423.0
Toyota,Vista,1999,3500000.0,185000.0,3464519.0
Toyota,Vista CV 30,1992,2275000.0,260000.0,
Toyota,Vista CV30,1991,1800000.0,300000.0,
Toyota,Vista CV40,1996,2900000.0,125000.0,
Toyota,Vista Camry,1996,1500000.0,300000.0,
Toyota,Vista Cv30,1992,2775000.0,128000.0,
Toyota,VitZ Safety,2017,7950000.0,100000.0,8003758.0
Toyota,Vitz,1999,3990417.0,113967.0,4891484.0
Toyota,Vitz,2000,3954167.0,196859.0,4826257.0
Toyota,Vitz,2001,4150000.0,214600.0,4867408.0
Toyota,Vitz,2002,4197500.0,170750.0,4967891.0
Toyota,Vitz,2003,4445000.0,174706.0,5297518.0
Toyota,Vitz,2004,4100000.0,140300.0,5312648.0
Toyota,Vitz,2005,5233333.0,124000.0,5414120.0
Toyota,Vitz,2006,4950000.0,150000.0,5461003.0
Toyota,Vitz,2007,5378889.0,143340.0,5629438.0
Toyota,Vitz,2008,5556415.0,149486.0,5687592.0
Toyota,Vitz,2009,5606304.0,147415.0,5722226.0
Toyota,Vitz,2010,5953421.0,138089.0,5890262.0
Toyota,Vitz,2011,6365714.0,124257.0,5975623.0
Toyota,Vitz,2012,6400000.0,106100.0,6000709.0
Toyota,Vitz,2013,6383125.0,97681.0,6562594.0
Toyota,Vitz,2014,7150000.0,95000.0,6825520.0
Toyota,Vitz,2015,7147761.0,101089.0,7118130.0
Toyota,Vitz,2016,7258961.0,104086.0,7199723.0
Toyota,Vitz,2017,7690615.0,104565.0,7327356.0
Toyota,Vitz,2018,8182398.0,89779.0,7576149.0
Toyota,Vitz,2019,8498261.0,75067.0,8093057.0
Toyota,Vitz,2020,7725000.0,80000.0,8258820.0
Toyota,Vitz,2023,8875000.0,4100.0,7786420.0
Toyota,Vitz 2 Edition,2016,7300000.0,116363.0,
Toyota,Vitz 2nd Edition,2018,7950000.0,46000.0,
Toyota,Vitz 3 Edition,2018,9000000.0,21500.0,
Toyota,Vitz 3rd Edition,2018,8300000.0,60000.0,
Toyota,Vitz 3rd Edition,2019,8550000.0,52000.0,
Toyota,Vitz EMI,2018,8525000.0,69000.0,
Toyota,Vitz Edition 02,2018,8325000.0,91000.0,
Toyota,Vitz Edition 2,2018,8150000.0,74458.0,7873142.0
Toyota,Vitz Edition 2,2019,8500000.0,47500.0,7816042.0
Toyota,Vitz Edition 2 Safety,2017,7950000.0,92000.0,
Toyota,Vitz Edition 2 Safety,2018,7875000.0,78360.0,
Toyota,Vitz Edition 3,2018,7950000.0,120000.0,8833089.0
Toyota,Vitz Edition 3,2019,8593214.0,67484.0,9094099.0
Toyota,Vitz Edition 3 Sp Edition,2018,8075000.0,77800.0,
Toyota,Vitz F,2016,7200000.0,58000.0,
Toyota,Vitz F LED,2016,7150000.0,88935.0,
Toyota,Vitz ILL,2008,5850000.0,141500.0,
Toyota,Vitz Jewela,2011,6800000.0,120000.0,8351159.0
Toyota,Vitz Jewela,2018,8500000.0,26500.0,8818744.0
Toyota,Vitz Jewela,2019,8550000.0,60000.0,9068087.0
Toyota,Vitz Jewela Ksp130,2017,7150000.0,95000.0,
Toyota,Vitz KSP130,2011,5900000.0,120825.0,7428646.0
Toyota,Vitz KSP130,2014,7100000.0,105000.0,7638532.0
Toyota,Vitz KSP130,2015,7054167.0,79250.0,7757156.0
Toyota,Vitz KSP130,2016,7380000.0,84533.0,7768482.0
Toyota,Vitz KSP130,2017,7918750.0,92493.0,7766350.0
Toyota,Vitz KSP130,2019,7675000.0,43000.0,7872493.0
Toyota,Vitz KSP130 Edition 2,2018,8075000.0,63000.0,
Toyota,Vitz KSP130 Safety,2016,7295000.0,121000.0,
Toyota,Vitz KSP130 Safety Edition,2015,7550000.0,81500.0,
Toyota,Vitz KSP130 Safety Mode,2017,7490000.0,94000.0,
Toyota,Vitz KSP90,2007,5288611.0,157694.0,5691768.0
Toyota,Vitz KSP90,2008,5483438.0,126750.0,5905868.0
Toyota,Vitz KSP90,2009,5363333.0,170333.0,6019813.0
Toyota,Vitz KSP90,2010,5500000.0,123750.0,6041220.0
Toyota,Vitz KSP90 ILL,2007,5850000.0,88000.0,
Toyota,Vitz Ksp130,2015,7063333.0,87000.0,7757156.0
Toyota,Vitz Ksp130,2016,6975000.0,124500.0,7768482.0
Toyota,Vitz Ksp90,2007,5312500.0,136500.0,5691768.0
Toyota,Vitz Ksp90,2008,5491667.0,136652.0,5905868.0
Toyota,Vitz Ksp90,2011,5975000.0,127000.0,6268048.0
Toyota,Vitz Ksp90 U Grade,2010,6190000.0,141000.0,
Toyota,Vitz LED Edition 3 CBH,2019,8340000.0,76000.0,
Toyota,Vitz LED Safety,2015,7375000.0,107000.0,
Toyota,Vitz RS,1999,4050000.0,270000.0,
Toyota,Vitz RS SCP 90,2010,6140000.0,178000.0,
Toyota,Vitz RS SCP90,2008,6050000.0,139000.0,
Toyota,Vitz SCP,2007,5950000.0,72000.0,
Toyota,Vitz SCP 10,2001,3890000.0,148000.0,4547565.0
Toyota,Vitz SCP 90,2007,5500000.0,153000.0,
Toyota,Vitz SCP10,1999,4100000.0,195000.0,4119286.0
Toyota,Vitz SCP10,2000,3790000.0,162000.0,4098064.0
Toyota,Vitz SCP10,2001,3900000.0,185000.0,4137324.0
Toyota,Vitz SCP90,2007,5616250.0,156625.0,5726810.0
Toyota,Vitz SCP90,2008,5850000.0,137000.0,5937653.0
Toyota,Vitz Safety,2015,7366667.0,102667.0,7969771.0
Toyota,Vitz Safety,2016,7406250.0,85500.0,7992393.0
Toyota,Vitz Safety,2017,8075000.0,61000.0,8003758.0
Toyota,Vitz Safety,2018,7000000.0,110000.0,8094931.0
Toyota,Vitz Safety,2019,8500000.0,68250.0,8202119.0
Toyota,Vitz Safety 2,2018,7950000.0,83000.0,
Toyota,Vitz Safety Edition,2015,7400000.0,87000.0,8118049.0
Toyota,Vitz Safety Edition,2016,7075000.0,86000.0,8095673.0
Toyota,Vitz Safety Edition,2017,7669167.0,101617.0,8110033.0
Toyota,Vitz Safety Edition,2018,8000000.0,60000.0,8109950.0
Toyota,Vitz Safety Edition,2019,8675000.0,69000.0,8185349.0
Toyota,Vitz Safety Edition 01,2017,7650000.0,105000.0,
Toyota,Vitz Safety Edition 1,2017,7500000.0,160000.0,
Toyota,Vitz Safety Edition 2,2017,8000000.0,85000.0,8162216.0
Toyota,Vitz Safety Edition 2,2018,7948333.0,96667.0,8185254.0
Toyota,Vitz Safety Edition 3,2019,8650000.0,84000.0,
Toyota,Vitz Safety KSP130,2016,7350000.0,132000.0,
Toyota,Vitz Scp 10,2002,3950000.0,173000.0,4589052.0
Toyota,Vitz Scp 10,2005,4600000.0,80000.0,4822357.0
Toyota,Vitz Scp10,2001,3925000.0,240000.0,4137324.0
Toyota,Vitz Scp10,2002,4500000.0,1234.0,4216294.0
Toyota,Vitz Scp90,2006,5100000.0,181000.0,5516146.0
Toyota,Vitz Scp90,2007,5375000.0,160000.0,5726810.0
Toyota,Vitz Scp90,2009,6075000.0,130000.0,5960710.0
Toyota,Vitz Special Edition,2016,8100000.0,68800.0,
Toyota,Vitz Special Edition,2018,8000000.0,69000.0,
Toyota,Vitz U Grade,2007,5750000.0,85000.0,
Toyota,Vitz U Grade,2008,5750000.0,93000.0,
Toyota,Voxy,2014,17466667.0,122440.0,15931669.0
Toyota,Voxy,2015,16900000.0,154000.0,15679968.0
Toyota,Voxy,2023,29000000.0,15000.0,16426994.0
Toyota,Voxy SX,2025,29850000.0,11500.0,
Toyota,Voxy SZ Highest Spec,2024,29750000.0,7000.0,
Toyota,WE 110,1995,3150000.0,325000.0,
Toyota,WIGO,2018,7185000.0,84252.0,7400954.0
Toyota,WIGO,2020,7400000.0,135544.0,7956755.0
Toyota,WXB COROLLA,2023,17350000.0,3166.0,
Toyota,Wagon,1991,1850000.0,200000.0,
Toyota,Wagon,1992,1800000.0,63000.0,
Toyota,Wagon EE96,1990,1900000.0,271170.0,
Toyota,Wigo,2017,6156923.0,97500.0,7366001.0
Toyota,Wigo,2018,6375000.0,73763.0,7400954.0
Toyota,Wigo,2020,6950000.0,68000.0,7956755.0
Toyota,Wigo G,2017,6750000.0,85406.0,
Toyota,Wigo G Grade,2017,5795000.0,140000.0,
Toyota,Wigo G Grade,2018,6900000.0,80478.0,
Toyota,Wigo Passo,2017,5950000.0,95000.0,
Toyota,Windy,1993,2250000.0,180000.0,
Toyota,YARIS,2006,5850000.0,123000.0,6936306.0
Toyota,YARIS,2007,7000000.0,113000.0,6940411.0
Toyota,YARIS,2008,4505000.0,193333.0,6697405.0
Toyota,YARIS,2011,6650000.0,92650.0,6751829.0
Toyota,YARIS,2024,9462500.0,2600.0,7478206.0
Toyota,YARIS,2025,1070000.0,15000.0,7462181.0
Toyota,YARIS CROSS Z,2023,15725000.0,22750.0,14891900.0
Toyota,YARIS CROSS Z,2024,15775000.0,8000.0,15275098.0
Toyota,YARIS CROSS Z HEV,2023,16800000.0,6200.0,
Toyota,YARIS E,2018,9890000.0,83000.0,
Toyota,YARIS G,2011,6475000.0,124000.0,8843213.0
Toyota,YARIS G,2024,10292500.0,9299.0,9921282.0
Toyota,YARIS G GRADE GR SPORT,2024,11200000.0,2590.0,
Toyota,YARIS G GRADE HIGH SPEC,2023,9490000.0,33000.0,
Toyota,YARIS G LED,2023,9750000.0,19000.0,
Toyota,YARIS HYBRID Z,2023,14800000.0,6980.0,
Toyota,YARIS KSP210 X LIMITED,2022,8490000.0,22000.0,
Toyota,YARIS X GRADE,2022,9300000.0,9000.0,9256039.0
Toyota,YARIS X GRADE,2023,9233333.0,24357.0,9289691.0
Toyota,YARIS X GRADE,2024,9800000.0,4000.0,9483122.0
Toyota,YARIS X LIMITED,2023,8950000.0,25000.0,8845910.0
Toyota,YariS Safety,2024,9375000.0,24000.0,
Toyota,YariSXSafety,2024,9200000.0,26500.0,
Toyota,Yaris,2006,6037500.0,172200.0,5925643.0
Toyota,Yaris,2007,6294432.0,147812.0,6019277.0
Toyota,Yaris,2008,6243571.0,164479.0,5984249.0
Toyota,Yaris,2009,5875000.0,150500.0,6018009.0
Toyota,Yaris,2010,6912500.0,104250.0,6273360.0
Toyota,Yaris,2011,6962500.0,165250.0,6324566.0
Toyota,Yaris,2012,6875000.0,141000.0,6491952.0
Toyota,Yaris,2013,8100000.0,89500.0,6964209.0
Toyota,Yaris,2017,9575000.0,169000.0,7186192.0
Toyota,Yaris,2018,7600000.0,80000.0,7240847.0
Toyota,Yaris,2022,7197500.0,14999.0,7323850.0
Toyota,Yaris,2023,10115625.0,20725.0,7384676.0
Toyota,Yaris,2024,9001786.0,11795.0,8059159.0
Toyota,Yaris,2025,10700000.0,1.0,7987875.0
Toyota,Yaris 360 Limited,2023,9475000.0,2000.0,
Toyota,Yaris ATIV G GRADE,2019,12750000.0,73988.0,
Toyota,Yaris ATIV Luxury Premium,2025,17150000.0,30.0,
Toyota,Yaris Ativ,2019,11500000.0,70000.0,13665004.0
Toyota,Yaris Ativ,2020,11000000.0,42000.0,13660849.0
Toyota,Yaris Ativ,2025,15866667.0,1030.0,12675100.0
Toyota,Yaris Ativ GR SPORT HYBRID,2025,18200000.0,3.0,
Toyota,Yaris Ativ NIGHT SHADE PACK,2025,16200000.0,3.0,
Toyota,Yaris Ativ S,2018,10150000.0,74600.0,
Toyota,Yaris CROSS,2023,15950000.0,31900.0,13134843.0
Toyota,Yaris Cross,2023,15087500.0,17000.0,13134843.0
Toyota,Yaris Cross,2024,16900000.0,22800.0,13658594.0
Toyota,Yaris Cross,2025,21900000.0,60.0,13665568.0
Toyota,Yaris Cross Adventure,2025,17500000.0,4000.0,
Toyota,Yaris Cross GR SPORT,2023,15550000.0,19000.0,14110610.0
Toyota,Yaris Cross GR Sport,2023,15900000.0,7600.0,14110610.0
Toyota,Yaris Cross GR Sport,2024,16995000.0,15500.0,14539317.0
Toyota,Yaris Cross GR Sports Hybrid,2023,16790000.0,8196.0,
Toyota,Yaris Cross Hybrid,2024,17500000.0,16000.0,
Toyota,Yaris Cross Hybrid Z Grade,2023,15490000.0,49991.0,
Toyota,Yaris Cross PREMIUM LUXURY,2025,20700000.0,3.0,
Toyota,Yaris Cross Premium Luxury,2025,20500000.0,1500.0,
Toyota,Yaris Cross Z,2023,15045000.0,27750.0,14891900.0
Toyota,Yaris Cross Z,2024,16400000.0,19000.0,15275098.0
Toyota,Yaris Cross Z,2025,17800000.0,28.0,15200347.0
Toyota,Yaris Cross Z Adventure,2022,16900000.0,12000.0,16419724.0
Toyota,Yaris Cross Z Adventure,2024,16895000.0,23000.0,16945250.0
Toyota,Yaris Cross Z Adventure,2025,16500000.0,5.0,16769643.0
Toyota,Yaris Cross Z Grade,2022,15900000.0,16000.0,14049343.0
Toyota,Yaris Cross Z Grade,2023,15825000.0,17000.0,14049343.0
Toyota,Yaris Cross Z Hybrid,2025,18400000.0,500.0,
Toyota,Yaris Cross Z Limited,2025,17250000.0,12.0,
Toyota,Yaris Cross Z Premium,2024,17112500.0,5945.0,
Toyota,Yaris Cross Z Premium Panoramic,2023,15650000.0,7000.0,
Toyota,Yaris CrossZ Black,2023,14700000.0,25000.0,
Toyota,Yaris G,2023,9593750.0,23750.0,9763868.0
Toyota,Yaris G,2024,9895000.0,6800.0,9921282.0
Toyota,Yaris G,2025,11450000.0,840.0,10196734.0
Toyota,Yaris G Grade,2022,9500000.0,27000.0,9432871.0
Toyota,Yaris G Grade,2023,9987500.0,15000.0,9451585.0
Toyota,Yaris G Grade,2024,10498333.0,4867.0,9719691.0
Toyota,Yaris G Grade,2025,11400000.0,768.0,9941266.0
Toyota,Yaris G LED,2023,10387500.0,13500.0,
Toyota,Yaris G LED Safety Plus,2025,11450000.0,35.0,
Toyota,Yaris G Limited,2023,10400000.0,5200.0,
Toyota,Yaris GZ,2023,11200000.0,8000.0,
Toyota,Yaris KSP 210,2024,10500000.0,13000.0,
Toyota,Yaris KSP 210 X,2023,8200000.0,40000.0,
Toyota,Yaris Safety Edition,2024,9095000.0,21000.0,
Toyota,Yaris Sedan,2007,6575000.0,159000.0,
Toyota,Yaris X,2022,9333333.0,17233.0,8712219.0
Toyota,Yaris X,2023,9142500.0,65680.0,8810726.0
Toyota,Yaris X,2024,9318750.0,14322.0,9157129.0
Toyota,Yaris X,2025,9775000.0,1000.0,9320978.0
Toyota,Yaris X GRADE,2023,9150000.0,26500.0,9289691.0
Toyota,Yaris X Grade,2022,10500000.0,19200.0,9256039.0
Toyota,Yaris X Grade,2023,9150000.0,21370.0,9289691.0
Toyota,Yaris X Grade,2024,9427500.0,18948.0,9483122.0
Toyota,Yaris X Grade,2025,10100000.0,470.0,9825187.0
Toyota,Yaris X Grade Safety,2025,9825000.0,10000.0,
Toyota,Yaris X Import,2024,8850000.0,5000.0,
Toyota,Yaris X Limited,2023,9531250.0,25900.0,8845910.0
Toyota,Yaris X Limited,2024,9950000.0,28000.0,9039341.0
Toyota,Yarris Cross Z Grade,2023,16500000.0,29200.0,
Volkswagen,1300,1950,1300000.0,150000.0,1422474.0
Volkswagen,1300,1972,1800000.0,10000.0,1422474.0
Volkswagen,1300,1979,2200000.0,12345.0,1422474.0
Volkswagen,BEETLE,1960,650000.0,45000.0,1303781.0
Volkswagen,Beetle,1960,590000.0,100000.0,1303781.0
Volkswagen,Beetle,1967,1137500.0,100000.0,1303781.0
Volkswagen,Beetle,1969,1881250.0,73231.0,1303781.0
Volkswagen,Beetle,1970,2195000.0,275000.0,1303781.0
Volkswagen,Beetle,1972,2035000.0,300000.0,1303781.0
Volkswagen,Beetle,1973,1475000.0,111111.0,1303781.0
Volkswagen,Beetle,2000,3990000.0,150000.0,2670095.0
Volkswagen,GOLF Mark 1,1978,475000.0,12345.0,
Volkswagen,Golf,2001,3300000.0,208000.0,
Volkswagen,ID4,2024,25800000.0,25000.0,
Volkswagen,ID4 Pure Life,2022,20000000.0,20000.0,
Volkswagen,ID5,2023,26900000.0,40000.0,
Volkswagen,Id4,2024,28000000.0,1500.0,
Volkswagen,JETTA,2016,8200000.0,162000.0,
Volkswagen,Jetta,2013,8200000.0,90000.0,
Volkswagen,Jetta TSI DSG,2013,8500000.0,90000.0,
Volkswagen,PASSAT,2000,2250000.0,158000.0,
Volkswagen,PASSAT,2001,3500000.0,140000.0,
Volkswagen,POLO GT TSI,2016,7950000.0,93000.0,
Volkswagen,POLO R LINE SPORTS,2023,14490000.0,3000.0,
Volkswagen,POLO TSI,2023,13500000.0,10000.0,
Volkswagen,Passat B5.5,2001,3990000.0,160000.0,
Volkswagen,Passat B7,2012,9000000.0,155000.0,
Volkswagen,Polo GT TSI,2016,7950000.0,96000.0,
Volkswagen,Polo R Line,2017,11000000.0,108935.0,
Volkswagen,Polo R Line,2019,9900000.0,66000.0,
Volkswagen,Rupavahini,1960,1050000.0,75000.0,
Volkswagen,T CROSS,2022,12650000.0,10000.0,13822558.0
Volkswagen,T CROSS R Line,2022,13000000.0,6000.0,
Volkswagen,T CROSS STYLE TRIM,2023,14300000.0,27000.0,
Volkswagen,T Cross,2022,12600000.0,7400.0,13822558.0
Volkswagen,T Cross,2023,14636000.0,8040.0,13849025.0
Volkswagen,T Cross Tsi Active,2023,12925000.0,7700.0,
Volkswagen,T- Cross R-Line,2023,13900000.0,13500.0,
Volkswagen,T-Cross,2023,13250000.0,31500.0,
Volkswagen,T-cross,2024,14500000.0,3000.0,
Volkswagen,T3 Transporter,1981,1600000.0,225000.0,
Volkswagen,Tiguan,2010,11000000.0,118000.0,9502998.0
Volkswagen,Tiguan,2011,11000000.0,150000.0,9817980.0
Volkswagen,Tiguan,2018,15250000.0,138000.0,13159932.0
Volkswagen,Tiguan,2019,12500000.0,124000.0,13486364.0
Volkswagen,Tiguan All Space,2018,14500000.0,178000.0,
Volkswagen,Transporter,1985,3500000.0,20000.0,
Volkswagen,Transporter,2012,9000000.0,250000.0,
Volkswagen,UP,2016,6000000.0,98000.0,
Volkswagen,Vento TSI 1.6L,2012,5850000.0,145000.0,
Volkswagen,VolksWagon,1964,1500000.0,7500.0,
Volvo,850,1995,1566667.0,122667.0,1839156.0
Volvo,940 Gl,1995,1390000.0,150000.0,
Volvo,S40,1998,1200000.0,63866.0,2759528.0
Volvo,S40,1999,2947500.0,121500.0,2841559.0
Volvo,S40,2000,2687500.0,168313.0,2810012.0
Volvo,S40 T4,1998,1200000.0,63855.0,
Volvo,S60,2009,8000000.0,83000.0,
Volvo,S80,2003,5900000.0,105000.0,
Volvo,S90 Inscription T5,2017,29800000.0,35140.0,
Volvo,XC 40 T3,2020,25500000.0,55000.0,
Volvo,XC40 R,2019,28000000.0,40500.0,
Willys,4dr5,1962,3800000.0,100000.0,
Willys,WIllys,1968,2300000.0,200000.0,
Zotye,100,2018,3100000.0,70000.0,
Zotye,Extreme,2013,3575000.0,139800.0,
Zotye,NOMAD,2011,3850000.0,105700.0,4276351.0
Zotye,NOMAD,2012,3650000.0,40000.0,4398952.0
Zotye,Nomad,1996,4800000.0,210000.0,3100124.0
Zotye,Nomad,2008,3430000.0,98640.0,4108925.0
Zotye,Nomad,2011,3243750.0,99820.0,4276351.0
Zotye,Nomad,2012,3380000.0,75334.0,4398952.0
Zotye,Nomad,2013,3940000.0,125000.0,4629314.0
Zotye,Nomad 2,2011,3630714.0,121330.0,4039266.0
Zotye,Nomad 2,2012,3797500.0,71400.0,4161867.0
Zotye,Nomad Extreme,2010,3287500.0,141500.0,4514030.0
Zotye,Nomad Extreme,2013,4145000.0,58033.0,4904197.0
Zotye,Z100,2016,3195000.0,123.0,3064742.0
Zotye,Z100,2017,3250000.0,59500.0,2953081.0
Zotye,Z100,2018,3183000.0,62836.0,3013151.0
Zotye,Z100,2019,3500000.0,84050.0,3046329.0
Zotye,Z100,2020,3376154.0,57154.0,3078038.0
Zotye,Z100,2021,2696000.0,399860.0,3294912.0
