Make,Model,Year,Avg_Price,Avg_Mileage,Count
Acura,Ford Tractor,1980,900000,11,1
Audi,A1,2018,9250000,50900,2
Audi,A3,2023,15300000,30000,1
Audi,A3 18,2016,13300000,154000,1
Audi,A3 S-Line Sedan Highest Possible Spec,2018,13500000,128000,1
Audi,A4,2010,8890000,111000,1
Audi,A4,2011,11400000,149900,2
Audi,A4,2012,11983333,145667,3
Audi,A4,2013,10000000,190500,1
Audi,A4 20 Tdi,2013,11390000,105000,1
Audi,A4 B6,2003,4800000,198000,1
Audi,A4 S Line,2012,700000,141000,1
Audi,A4 Sport Tfsi,2018,16190000,85000,1
Audi,A5 Sportback,2019,22500000,154000,1
Audi,A6,1998,1000000,255000,1
Audi,A6,2004,3732500,160500,2
Audi,A6,2007,8675000,105,1
Audi,A6,2010,8950000,139650,2
Audi,A6,2013,13066667,129333,3
Audi,A6 S Line,2016,19800000,92000,1
Audi,A8,2013,28000000,78000,1
Audi,Q2,2017,12121667,88717,6
Audi,Q2,2018,12987500,73800,12
Audi,Q2,2019,13750000,97125,4
Audi,Q2,2020,17500000,100000,1
Audi,Q2 10 Tfsi Turbo,2018,14000000,95000,1
Audi,Q2 Anniversary,2018,11975000,84000,1
Audi,Q2 S Line,2018,13200000,64000,1
Audi,Q2 S Line Black,2019,14500000,74000,1
Audi,Q2 Tfsi,2017,13237500,91000,2
Audi,Q2 Tfsi,2018,14700000,66000,1
Audi,Q2 Tfsi Special Edition,2018,13000000,97000,1
Audi,Q2 Virtual,2018,12300000,90000,1
Audi,Q3,2013,12900000,47250,2
Audi,Q3,2015,11500000,80000,1
Audi,Q3,2016,15833333,71000,3
Audi,Q3 S-Line,2018,16250000,46000,1
Audi,Q3 Tfsi,2016,15000000,135000,1
Audi,Q3 Vorsprung Sportback,2019,20500000,85000,1
Audi,Q4,2023,28500000,13600,1
Audi,Q5 Quattro,2011,13800000,154000,1
Audi,Q7,2016,25550000,94500,2
Audi,Q7,2017,25750000,153000,2
Audi,Q7 40Tfsi,2016,23500000,135000,1
Audi,Q7 40Tfsi Quattro,2016,23500000,140000,1
Audi,Q7 Quattro,2016,15725000,117500,2
Austin,Cambridge,1961,1175000,1500,1
Austin,Mini,1966,2500000,123456,1
Austin,Mini Moke,1962,2650000,100000,1
Baic,Beijing X55,2025,15000000,10000,1
Bajaj,2 Stroke,1999,575000,22222,1
Bajaj,4 Stroke,2010,1175000,64000,1
Bajaj,4 Stroke,2011,1275000,54000,1
Bajaj,4 Stroke,2017,1499900,20560,1
Bajaj,Discover 100,2012,260000,42652,1
Bajaj,Discover 125,2019,475000,45000,1
Bajaj,Pulsar 150,2018,610000,51365,1
Bajaj,Pulsar 180,2008,215000,15555,1
Bajaj,Qute,2018,1000000,30000,1
Bajaj,Qute,2019,1295000,1,1
Bajaj,Qute,2020,1400000,54000,1
Bajaj,Re,2015,1575000,25095,2
Bajaj,Re 205,2020,1675000,55000,1
Bmw,218I M Sports Anniversary,2023,23500000,1900,1
Bmw,225Xe,2016,12500000,58000,1
Bmw,225Xe,2018,14500000,89000,1
Bmw,316I E36,1992,4275000,165000,1
Bmw,318I,2016,19000000,65000,1
Bmw,318I,2017,16825000,111000,2
Bmw,318I F30 Msport,2018,22800000,85000,1
Bmw,318I Luxury Line,2016,18000000,64000,1
Bmw,318I M Sport,2017,17600000,112000,1
Bmw,318I M Sport,2018,20750000,73250,2
Bmw,318I M Sport Highest Spec,2019,18785000,42000,1
Bmw,318I Sport Line,2016,18300000,62500,2
Bmw,320D,2011,11750000,145500,2
Bmw,320D,2013,20500000,149000,1
Bmw,320I,2011,4975000,440,1
Bmw,320I E90,2006,8975000,128000,1
Bmw,320Imported,2011,4975000,1234,1
Bmw,520D,2012,17760000,98667,3
Bmw,520D,2013,18150000,111500,2
Bmw,520D,2014,21000000,105000,1
Bmw,520D,2015,28500000,119000,1
Bmw,520D,2016,28500000,47000,1
Bmw,520D F10,2015,5000000,79680,1
Bmw,520I,2003,12000000,125000,1
Bmw,523I,2010,16500000,110000,2
Bmw,523I M5 Kitted Stage 1 Remapped,2010,16900000,100000,1
Bmw,530E,2018,24500000,79000,1
Bmw,530E M Sport,2017,27500000,69500,1
Bmw,730Ld Lwb,2011,26950000,75000,1
Bmw,I3Range,2017,9500000,48550,1
Bmw,I8,2018,14750000,1,1
Bmw,Mini Cooper,2004,6975000,100000,1
Bmw,Mini Cooper,2015,12500000,85000,1
Bmw,X1,2010,8900000,76647,1
Bmw,X1,2011,9621429,131607,7
Bmw,X1,2016,16100000,78000,3
Bmw,X1,2017,17483333,73000,3
Bmw,X1,2018,18280000,73800,5
Bmw,X1,2019,17800000,86000,1
Bmw,X1,2020,17700000,37000,1
Bmw,X1 M Sport,2018,18500000,114000,1
Bmw,X1 M Sport Sdrive,2019,21000000,45000,1
Bmw,X1 M-Sport S-Drive,2016,16500000,120000,1
Bmw,X1 S Drive 18I Luxury Line,2019,19200000,66000,1
Bmw,X1 S-Drive 18I,2016,18650000,71000,1
Bmw,X1 S-Drive 18I Luxury Line,2018,19975000,35350,1
Bmw,X1 Sdrive 18I,2018,19800000,67000,1
Bmw,X1F48,2020,21500000,79800,1
Bmw,X2,2018,18900000,109400,1
Bmw,X2 M Sport,2018,26000000,60000,1
Bmw,X2 M Sport Highest Spec,2018,18900000,65000,1
Bmw,X3,2011,12590000,150000,1
Bmw,X3,2012,14780000,123400,5
Bmw,X3,2013,14778000,144600,5
Bmw,X3 M Sport,2013,16900000,110000,1
Bmw,X5,2000,1975000,150000,1
Bmw,X5,2010,18500000,130000,1
Bmw,X5,2012,19030000,131667,3
Bmw,X5,2015,24500000,76000,1
Bmw,X5,2016,25330000,70200,5
Bmw,X5,2018,27800000,102000,1
Bmw,X5 40E M Sport,2017,26500000,76000,1
Bmw,X5 40E Plug In Hybrid,2016,25000000,92500,1
Bmw,X5 B47 Full,2015,25750000,94000,1
Bmw,X5 E53 Sport,2005,16900000,215000,1
Bmw,X5 Edrive M Sport,2016,28500000,41500,1
Bmw,X5 Edrive M Sport,2017,22900000,98000,1
Bmw,X5 M Sport,2016,26850000,71000,3
Bmw,X5 M Sport F15,2016,26500000,42300,1
Bmw,X5 M Sportf15,2016,25000000,91790,1
Bmw,X5 M-Sport,2016,25333333,99333,3
Bmw,X5 Xdrive40E,2016,26500000,105000,1
Bmw,X5 Xdrive40E M Sport,2016,24500000,120000,1
Borgward,Bx5,2019,11700000,54000,1
Byd,Atto 3,2024,16500000,33000,1
Byd,Atto 3,2025,15950000,10500,1
Byd,Atto 3 Superior,2025,18975000,21000,1
Byd,Sealion 5,2025,18100000,700,2
Byd,Sealion 5 Dynamic,2025,18200000,200,1
Byd,Sealion 6,2025,22566667,14633,3
Byd,Sealion 6 Superior,2025,20300000,11000,1
Byd,Shark 6,2025,24650000,12500,2
Changan,Chana,2006,2075000,102500,2
Chery,J 11,2014,6500000,150000,1
Chery,Qq,2005,1500000,158000,1
Chery,Qq,2006,1505000,133033,3
Chery,Qq,2007,1585000,86363,4
Chery,Qq,2008,1721250,66902,4
Chery,Qq,2015,2175000,1,1
Chery,Qq 08,2007,1585000,32300,1
Chery,Qq308,2007,1775000,85000,1
Chery,Tiggo,2014,6650000,148000,1
Chery,Tiggo 4 Pro,2024,10000000,12000,1
Chery,Yoyo,2015,3100000,42635,1
Chevrolet,Aveo Uva,2008,2700000,90960,1
Chevrolet,Beat Lt,2012,6350000,88900,1
Chevrolet,Caprice,1993,275000,87699,1
Chevrolet,Cruze,2002,3500000,1,1
Chevrolet,Cruze,2003,3935000,157479,2
Chevrolet,Cruze,2004,3882500,99455,4
Chevrolet,Cruze,2006,3825000,170000,1
Chevrolet,Cruze Gm,2004,4250000,115000,1
Chevrolet,Cruze Gm Alimited,2006,4050000,122000,1
Chevrolet,Cruze Gm Limited,2004,3850000,154000,1
Chevrolet,Cruze Gm Limited,2007,3865000,196500,1
Chevrolet,Tavera,2011,5200000,10000,1
Chrysler,300C,2012,16500000,108000,1
Daewoo,Espero Sport,1997,1750000,91235,1
Daewoo,Lanos,2000,1795000,136000,1
Daewoo,Ledanzasx22A,2001,2500000,1,1
Daewoo,Matiz,1999,1450000,120000,1
Daewoo,Matiz,2000,1600000,148000,1
Daewoo,Nubira,2000,2275000,124000,1
Daewoo,Racer,1993,590000,1234,1
Daewoo,Racer,1994,395000,32252,1
Daewoo,Racer,1997,1275000,4500,1
Daihatsu,Atrai,2012,5450000,203724,1
Daihatsu,Atrai,2016,5812500,93000,2
Daihatsu,Atrai,2017,6030000,116333,3
Daihatsu,Atrai,2018,5660000,99333,3
Daihatsu,Atrai,2020,5790000,1,1
Daihatsu,Atrai Wagon,2015,5600000,89482,1
Daihatsu,Boon,2017,6600000,101500,1
Daihatsu,Charade,1979,630000,210000,1
Daihatsu,Charade,1985,1130000,121351,1
Daihatsu,Charade,1988,985000,20000,1
Daihatsu,Charade,1989,890000,150000,1
Daihatsu,Charade,1991,1412500,164444,2
Daihatsu,Charade,1993,1650000,1,1
Daihatsu,Charade,1994,2450000,98271,1
Daihatsu,Charade,1999,775000,150000,1
Daihatsu,Charade G101S,1988,1650000,97528,1
Daihatsu,Charade G11,1985,1235000,24560,1
Daihatsu,Charmant,1987,795000,45580,1
Daihatsu,Copen,2015,6800000,43000,1
Daihatsu,Daihatsu,1991,1275000,112121,1
Daihatsu,Daihatsu,2013,5500000,85000,1
Daihatsu,Dark Crome Venture,2024,8000000,3857,1
Daihatsu,F50,1981,1850000,150000,1
Daihatsu,F50,1996,1850000,154323,1
Daihatsu,F76,1991,5000000,70000,1
Daihatsu,G Premium,2023,13500000,26148,1
Daihatsu,Hijet,1992,1600000,175000,1
Daihatsu,Hijet,1998,1950000,162000,1
Daihatsu,Hijet,1999,2860417,148151,12
Daihatsu,Hijet,2000,3097000,192714,10
Daihatsu,Hijet,2001,2750000,120000,1
Daihatsu,Hijet,2002,3062500,49900,2
Daihatsu,Hijet,2003,475000,114653,1
Daihatsu,Hijet,2004,3124000,83680,5
Daihatsu,Hijet,2005,3125000,156000,1
Daihatsu,Hijet,2006,4470000,57853,1
Daihatsu,Hijet,2007,4058214,147534,14
Daihatsu,Hijet,2011,4575000,216000,2
Daihatsu,Hijet,2012,4512500,143000,2
Daihatsu,Hijet,2013,5300000,130000,1
Daihatsu,Hijet,2015,5005000,82225,4
Daihatsu,Hijet,2016,5312500,104625,2
Daihatsu,Hijet,2019,6250000,78850,1
Daihatsu,Hijet,2022,7100000,3000,1
Daihatsu,Hijet,2023,6863750,21245,4
Daihatsu,Hijet Cargo,2011,4975000,115000,1
Daihatsu,Hijet Cargo Every Grade,2024,6850000,27000,1
Daihatsu,Hijet Cargo S321,2014,4650000,125000,1
Daihatsu,Hijet S200,1999,2910000,167500,2
Daihatsu,Hijet S200,2003,450000,98632,1
Daihatsu,Hijet S200V,1999,3025000,200000,1
Daihatsu,Hijet S200V,2001,3200000,149000,1
Daihatsu,Hijet S320,2007,4300000,158335,1
Daihatsu,Hijet Turbo,2015,4725000,140000,1
Daihatsu,Hijet-S100,2003,2550000,19852,1
Daihatsu,Mira,2000,3000000,180000,1
Daihatsu,Mira,2001,2975000,148000,1
Daihatsu,Mira,2005,3190000,167390,1
Daihatsu,Mira,2015,5057500,118500,2
Daihatsu,Mira,2016,5340000,105000,1
Daihatsu,Mira,2017,5725000,70000,1
Daihatsu,Mira,2018,5442500,28900,2
Daihatsu,Mira,2023,6400000,5500,1
Daihatsu,Mira,2024,6900000,1054,2
Daihatsu,Mira,2025,6500000,1500,1
Daihatsu,Mira G Grade,2024,7237500,5500,2
Daihatsu,Mira G Grade,2025,7550000,15,1
Daihatsu,Mira L Grade,2025,6850000,3200,1
Daihatsu,Mira L Sa3 Import,2024,6050000,3000,2
Daihatsu,Mira X Limited,2024,6888333,3619,3
Daihatsu,Mira X Sa3 Import,2024,6550000,7000,1
Daihatsu,Move,2016,5950000,128000,1
Daihatsu,Move,2020,6400000,50000,1
Daihatsu,Move,2023,7150000,13200,1
Daihatsu,Premium G Hev,2024,13090000,5300,1
Daihatsu,Redi-Go,2016,950000,74852,1
Daihatsu,Rocky,1980,2950000,1,1
Daihatsu,Rocky,1984,3750000,165000,1
Daihatsu,Rocky,1985,2800000,345000,1
Daihatsu,Rocky,2023,11900000,8000,1
Daihatsu,Rocky,2024,13025000,4505,2
Daihatsu,Rocky G Premium,2023,11675000,15000,1
Daihatsu,Rocky Premium G,2023,12800000,20000,1
Daihatsu,Rocky Premium G Hev,2025,13400000,1336,2
Daihatsu,Rugger,1989,2200000,123456,1
Daihatsu,S 200,2000,3350000,130000,1
Daihatsu,S200,1999,2920000,155690,2
Daihatsu,S200,2000,3012500,152500,2
Daihatsu,S200,2002,2700000,75000,1
Daihatsu,S320,2007,4295000,125000,1
Daihatsu,Taft,2023,7850000,5000,1
Daihatsu,Taft,2024,8335000,3951,5
Daihatsu,Taft,2025,8300000,1250,1
Daihatsu,Taft,2026,8450000,400,1
Daihatsu,Taft G Chrome Considered,2024,8150000,600,1
Daihatsu,Taft G Chrome Venture,2025,8395000,11000,1
Daihatsu,Taft G Dark Chrome Venture Turbo,2025,7950000,9000,1
Daihatsu,Taft G Turbo Dark Chrome Venture,2024,8100000,10059,1
Daihatsu,Tanto,2016,7100000,107000,1
Daihatsu,Tanto,2024,9000000,50,1
Daihatsu,Tanto Custom,2023,7750000,16000,1
Daihatsu,Tanto Custom X,2024,7950000,2500,1
Daihatsu,Te-S200V,2002,3150000,247430,1
Daihatsu,Terios,2000,3950000,144000,1
Daihatsu,Terios,2001,5100000,195195,1
Daihatsu,Terios,2002,4850000,185000,1
Daihatsu,Terios,2007,6616250,117838,4
Daihatsu,Terios,2008,6474286,194452,7
Daihatsu,Terios,2010,7300000,140000,1
Daihatsu,Terios,2011,7553571,146429,7
Daihatsu,Terios,2012,7150000,180000,1
Daihatsu,Terios,2014,7650000,81000,1
Daihatsu,Terios Crossover,2006,5870000,196000,1
Daihatsu,Terios Kid,2000,4295000,151000,1
Daihatsu,Terios Kid Turbo,2005,4850000,140000,1
Daihatsu,Terios Premium,2014,7950000,65000,1
Daihatsu,Terios Premium 4Wd,2012,7850000,119000,1
Daihatsu,Thor,2024,9750000,4500,1
Daihatsu,Thor-Custom Gs Roomy,2023,10500000,9000,1
Daihatsu,Trios,2007,6785000,145200,1
Daihatsu,Unknown,1980,2375000,86,1
Datsun,A100,1980,2200000,40000,1
Datsun,D21,1984,3450000,1,1
Datsun,Datsun,1985,1990000,385000,1
Datsun,Double Cab,1984,1350000,185000,1
Datsun,Redi-Go,2016,3452500,20400,2
Datsun,Redi-Go,2017,3427000,70640,5
Datsun,Redi-Go,2018,3490000,79260,1
Datsun,Sunny B211,1980,735000,1,1
Dfsk,580,2020,8375000,26700,1
Dfsk,580,2021,8333333,27500,3
Dfsk,580 Gloryt Cvt L,2019,8100000,35600,1
Dfsk,580L,2021,8150000,56000,1
Dfsk,Glory,2015,4250000,168018,2
Dfsk,Glory,2016,4800000,42500,2
Dfsk,Glory,2017,3637500,174000,2
Dfsk,Glory,2018,3700000,68500,2
Dfsk,Glory,2019,8100000,55000,1
Dfsk,Glory,2020,8175000,99725,1
Dfsk,Glory,2021,7737500,50195,4
Dfsk,Glory,2022,10350000,19200,1
Dfsk,Glory,2024,13000000,250000,1
Dfsk,Glory 330,2015,4200000,173000,1
Dfsk,Glory 330,2016,4653571,123152,7
Dfsk,Glory 330,2017,4500000,162000,1
Dfsk,Glory 330,2019,5600000,125000,2
Dfsk,Glory 330,2020,5490000,68000,1
Dfsk,Glory 330,2021,5395000,1,1
Dfsk,Glory 330,2022,4800000,57267,3
Dfsk,Glory 330,2023,6450000,19787,1
Dfsk,Glory 580,2019,7875000,86500,4
Dfsk,Glory 580,2020,7980000,75360,5
Dfsk,Glory 580,2021,8283824,59801,17
Dfsk,Glory 580,2022,7995000,57975,2
Dfsk,Glory 580,2023,8630000,33333,3
Dfsk,Glory 580,2024,10000000,29500,1
Dfsk,Glory 580 Luxury,2021,8100000,36000,1
Dfsk,Glory 580L,2022,8650000,25000,1
Dfsk,Glory I 580,2021,10800000,50000,1
Dfsk,Glory I-Auto,2020,8000000,78000,1
Dfsk,Glory I-Auto,2021,10301389,47875,18
Dfsk,Glory I-Auto,2022,10290556,43522,9
Dfsk,Glory I-Auto,2023,12069375,25753,8
Dfsk,Glory I-Auto,2024,14242778,23717,18
Dfsk,Glory Tdi 330,2017,4875000,104000,1
Dfsk,Gonow,2007,1600000,190000,1
Dfsk,Gonow Single Cab,2007,1600000,150000,1
Dfsk,V27,2015,3295000,1,1
Fiat,Punto,2006,3250000,119000,1
Force,Judo,2005,4300000,1,1
Force,Kargo King,2010,1250000,168200,1
Force,Kargo King,2012,1250000,165954,1
Ford,Cab,2025,29500000,240,1
Ford,Eco Sport,2015,6500000,100000,1
Ford,Ecosport Titanium,2018,8000000,135320,1
Ford,Ecosports Titanium,2015,6500000,180000,1
Ford,Everest,2011,8900000,190000,1
Ford,Everest,2012,10000000,155000,1
Ford,Everest Limited Edition,2013,13000000,96000,1
Ford,Fiesta,2011,4550000,198000,1
Ford,Fiesta,2012,4450000,120000,1
Ford,Fiesta,2017,7000000,80000,1
Ford,Fiesta Titanium,2015,5975000,130000,1
Ford,Focus,2011,6400000,185000,1
Ford,Focus,2012,6225000,126000,2
Ford,Kuga,2015,9500000,136000,1
Ford,Laser,1983,1350000,250000,1
Ford,Laser,2000,2975000,150000,1
Ford,Laser,2001,3300000,241000,1
Ford,Ranger,2005,6125000,230000,2
Ford,Ranger,2011,8745000,100000,2
Ford,Ranger,2013,14875000,155500,4
Ford,Ranger,2014,13850000,172000,1
Ford,Ranger,2015,16500000,118000,1
Ford,Ranger,2016,16000000,170000,2
Ford,Ranger,2017,14700000,250000,1
Ford,Ranger 32L,2015,15200000,113000,1
Ford,Ranger Raptor,2015,15225000,132000,2
Ford,Ranger Raptor,2018,22250000,85000,1
Ford,Ranger Raptor 32Cc,2015,15200000,132000,1
Ford,Ranger Raptor Wildtrack,2018,21500000,118000,1
Ford,Ranger Wildtrak,2016,20500000,84000,1
Ford,Ranger Wildtrak,2018,17000000,174000,1
Ford,Ranger Xlt,2018,18100000,86000,1
Ford,Raptor,2018,20800000,94500,1
Ford,Titanium,2017,6975000,160000,1
Foton,View Cs2,2025,17800000,111,1
Hero,Maestro,2017,275000,60000,1
Honda,Activa,1999,1050000,185000,1
Honda,Acty,1999,2138333,134394,3
Honda,Airwave,2006,5700000,218000,1
Honda,Airwave,2007,5800000,220000,1
Honda,Airwave,2008,3300000,240000,1
Honda,City,2001,3675000,180000,1
Honda,City,2003,4437500,159000,2
Honda,City,2007,4275000,190000,1
Honda,City Rs,2025,12875000,1,1
Honda,City Vtec Turbo,2024,12100000,7000,1
Honda,Civic,1985,880000,150000,1
Honda,Civic,1996,3950000,30000,1
Honda,Civic,1997,4395000,210000,1
Honda,Civic,2002,5575000,157300,1
Honda,Civic,2006,7350000,1,1
Honda,Civic,2007,7600000,146000,1
Honda,Civic,2008,6466667,216000,3
Honda,Civic,2010,8000000,215000,1
Honda,Civic,2016,10200000,120000,1
Honda,Civic,2017,1110000,102000,1
Honda,Civic,2018,11300000,80005,2
Honda,Civic Ek3,1997,3990000,180000,2
Honda,Civic Ek3,1998,3980000,185355,3
Honda,Civic Ek3,2000,3475000,178500,1
Honda,Civic Es Vtec,2004,5290000,10000,1
Honda,Civic Es-5 Vteccvt,2003,5855000,217000,1
Honda,Civic Es1 Vtec,2002,4925000,210000,1
Honda,Civic Es8,2000,4300000,1234,1
Honda,Civic Es8,2001,4975000,97573,2
Honda,Civic Es8,2002,5187500,190000,2
Honda,Civic Es8 Vtec,2004,4895000,210000,1
Honda,Civic Ex,2017,11900000,93000,1
Honda,Civic Ex,2018,12300000,120500,2
Honda,Civic Ex Tech Pack,2017,11875000,79000,1
Honda,Civic Ex Type R Modified,2018,11275000,73500,1
Honda,Civic Ex Vtec Turbo,2018,13200000,92000,1
Honda,Civic Fb1,2012,7950000,120000,1
Honda,Civic Fd 1,2006,7450000,113000,1
Honda,Civic Fd1,2006,6600000,141000,1
Honda,Civic Fd1,2007,6970000,156500,2
Honda,Civic Fd1 Type S,2008,7990000,14500,1
Honda,Civic Fd1S,2006,7350000,200000,1
Honda,Civic Fd3,2007,6600000,180,1
Honda,Civic Fd3,2008,6850000,191000,1
Honda,Civic Fd3,2011,7725000,150000,2
Honda,Civic Fd3 Hybrid,2010,6590000,180000,1
Honda,Civic Fd3 Uk,2009,7300000,169000,1
Honda,Civic Fd4,2010,7450000,192000,1
Honda,Civic Fl1 Ex,2025,23600000,1,1
Honda,Civic Rs,2017,11200000,98000,1
Honda,Civic Sedan Tech Pack,2019,12500000,89000,1
Honda,Civic Sedan Techpack,2019,12000000,129500,1
Honda,Civic Tech Pack,2017,11990000,79000,1
Honda,Civic Type R,2017,12000000,84000,1
Honda,Crossroad,2007,8225000,208000,2
Honda,Crv,1998,3800000,200000,1
Honda,Crv,1999,4800000,225417,1
Honda,Crv,2000,5100000,247000,1
Honda,Crv,2002,5250000,196000,1
Honda,Crv,2003,6650000,206060,1
Honda,Crv,2005,7950000,168000,1
Honda,Crv,2006,7200000,141,1
Honda,Crv,2007,7533333,195828,3
Honda,Crv,2008,8200000,179000,2
Honda,Crv,2011,8490000,190000,1
Honda,Crv,2012,11400000,188000,2
Honda,Crv,2013,11512500,114750,4
Honda,Crv,2014,12250000,85967,3
Honda,Crv,2015,13150000,110500,2
Honda,Crv,2017,15096000,114000,6
Honda,Crv,2018,16428714,105585,35
Honda,Crv,2019,18548000,73150,5
Honda,Crv,2020,17550000,97500,2
Honda,Crv,2022,22500000,35000,1
Honda,Crv,2023,27800000,9300,1
Honda,Crv,2024,29500000,15500,1
Honda,Crv,2025,25800000,12,1
Honda,Crv Awd,2019,18900000,116800,1
Honda,Crv Ex Awd Japan,2018,20350000,50000,1
Honda,Crv Japan,2017,16900000,64000,1
Honda,Crv Japan,2020,3350000,98000,1
Honda,Crv Japan Masterpiece,2018,16500000,130000,1
Honda,Crv Japan Masterpiece,2019,18500000,85000,2
Honda,Crv Japan Masterpiece 7S,2019,20000000,67000,1
Honda,Crv L7 Australia,2024,29800000,100,1
Honda,Crv Masterpiece,2018,18000000,79000,1
Honda,Crv Masterpiece,2019,20550000,84000,1
Honda,Crv Masterpiece Japan,2018,18200000,111000,1
Honda,Crv Rd1,1999,4800000,200000,1
Honda,Crv Rd5,2001,5680000,180000,1
Honda,Crv Rd5,2002,6850000,190000,1
Honda,Crv Rd5,2003,2650000,187000,1
Honda,Crv Rm1,2012,9875000,212000,1
Honda,Crv Rm2,2013,11700000,54400,1
Honda,Crv Vti Lx Highest Spec,2024,27500000,45,1
Honda,Crv Vti-Lx Awd,2019,19500000,93000,1
Honda,Crv Vtil,2018,17500000,111500,1
Honda,Crv Vts,2019,17500000,152000,1
Honda,Crvjapan,2019,20975000,29756,1
Honda,Dio,2010,210000,48000,1
Honda,Es1,2003,5025000,145600,1
Honda,Fit,2008,5650000,180200,1
Honda,Fit,2010,5700000,215000,1
Honda,Fit,2013,6400000,109750,2
Honda,Fit,2015,6800000,93000,1
Honda,Fit Aria,2003,4375000,1,1
Honda,Fit Aria,2004,5200000,211000,1
Honda,Fit Aria,2005,5300000,190000,1
Honda,Fit Aria,2008,5100000,2,1
Honda,Fit Aria,2010,5025000,97000,2
Honda,Fit Gd1,2002,4480000,200000,1
Honda,Fit Gd1,2004,4950000,168000,1
Honda,Fit Gd1,2007,5133333,89727,3
Honda,Fit Ge6,2008,5375000,202938,1
Honda,Fit Gp1,2011,6212500,125546,10
Honda,Fit Gp1,2012,6620714,140614,7
Honda,Fit Gp1,2013,6435000,127033,3
Honda,Fit Gp1,2015,6775000,116000,1
Honda,Fit Gp1 10Th Anniversary,2012,6190000,150,1
Honda,Fit Gp1 Anniversary,2015,6725000,116000,1
Honda,Fit Gp1 Navi Premium,2013,6725000,73099,2
Honda,Fit Gp1 Navi Premium,2014,7100000,113186,1
Honda,Fit Gp5,2013,7578571,116759,7
Honda,Fit Gp5,2014,7690000,131000,7
Honda,Fit Gp5,2015,8191667,92942,6
Honda,Fit Gp5 Highest S Grade Sport,2014,7650000,128510,1
Honda,Fit Gp5 L Grade,2013,7750000,135000,1
Honda,Fit Gp5 L Grade,2014,7653750,85540,4
Honda,Fit Gp5 L Grade,2016,7900000,140000,1
Honda,Fit Gp5 S Grade,2013,7650000,82000,1
Honda,Fit Gp5 S Grade,2014,7896667,132000,3
Honda,Fit Gp5 S Grade,2015,8453750,118062,4
Honda,Fit Hp2,2013,8950000,1,1
Honda,Fit Rs Gp4,2012,7000000,132900,1
Honda,Fit Shuttle,2011,8750000,99329,1
Honda,Fit Shuttle,2012,7987500,218750,4
Honda,Fit Shuttle,2013,8687500,161500,2
Honda,Fit Shuttle,2014,9200000,193833,3
Honda,Fit Shuttle Gp 7 Navi-Premium,2016,12000000,85000,1
Honda,Fit Shuttle Gp-2 Navi-Premium,2014,9600000,165000,1
Honda,Fit Shuttle Gp2,2012,7800000,160,2
Honda,Fit Shuttle Gp2,2013,8875000,126650,1
Honda,Fit Shuttle Navi Premium,2013,9350000,250000,1
Honda,Fit Shuttle Navi Premium Car-7,2014,9450000,112250,1
Honda,Freed Spike,2013,1675000,135000,1
Honda,Gp5 S Grade,2015,8690000,90000,1
Honda,Gp5L,2013,6950000,124000,1
Honda,Grace,2014,8810000,144575,4
Honda,Grace,2015,9363333,114667,3
Honda,Grace,2017,10156250,93825,4
Honda,Grace Ex,2014,8950000,100000,1
Honda,Grace Ex,2015,9225000,126000,2
Honda,Grace Ex,2019,10750000,105400,1
Honda,Grace Ex Mugen,2014,8400000,120000,1
Honda,Grace Rs Sensing,2017,10575000,120123,1
Honda,Grace Rs Sensing,2019,11590000,77000,1
Honda,Grace Rs Sensing Highst Grade,2018,9975000,191000,1
Honda,Grace Sensing,2018,9800000,120000,1
Honda,Grand Civic,1988,1200000,10000,1
Honda,Hornet,2008,1590000,22233,1
Honda,Hr-V,2000,5432500,137970,2
Honda,Hr-V,2001,4950000,254000,1
Honda,Hr-V,2002,5450000,180000,1
Honda,Hr-V,2004,5613333,202040,3
Honda,Insight,2009,6918750,157750,4
Honda,Insight,2010,7280000,188000,1
Honda,Insight,2011,7560000,200000,1
Honda,Insight,2012,7365000,180667,3
Honda,Insight,2013,7730000,172500,1
Honda,Insight,2014,7900000,250000,1
Honda,Insight Ze2,2009,6750000,143500,1
Honda,Insight Ze2,2013,7750000,140000,1
Honda,Interga,1990,1375000,200000,1
Honda,Litel Cab,2018,480,80000,1
Honda,N Box,2015,6290000,109000,1
Honda,N Box,2016,6225000,67000,3
Honda,N Box Custom,2024,8490000,21900,1
Honda,N Box Custom Turbo,2025,8800000,1350,1
Honda,N Wgn,2018,6300000,85000,1
Honda,N Wgn,2024,7400000,2300,1
Honda,Nvan L,2024,7900000,2127,1
Honda,Pcx 128,2018,920000,68000,1
Honda,S660,2016,6750000,53000,1
Honda,Santa Fe,2009,6300000,296124,1
Honda,Shuttle Gp2,2012,7550000,170000,1
Honda,Vezel,2013,8525000,157000,2
Honda,Vezel,2014,9156667,132982,72
Honda,Vezel,2015,9970000,128400,10
Honda,Vezel,2016,11058929,104426,14
Honda,Vezel,2017,11837500,115409,10
Honda,Vezel,2018,13370000,97485,5
Honda,Vezel,2019,13925000,81090,2
Honda,Vezel,2023,16483125,22156,8
Honda,Vezel,2024,17000000,14125,4
Honda,Vezel,2025,18999500,1846,10
Honda,Vezel,2026,19700000,5,1
Honda,Vezel Ehev Z Play,2025,19000000,37,1
Honda,Vezel Orange,2014,9263333,119387,3
Honda,Vezel Orange,2015,9475000,110400,1
Honda,Vezel Orange,2016,10250000,137500,2
Honda,Vezel Orange Pack,2014,9386000,127640,5
Honda,Vezel Orange Pack,2015,9700000,147000,2
Honda,Vezel Orange Z Grade,2016,9750000,112560,1
Honda,Vezel Premium,2024,17900000,37000,1
Honda,Vezel Premium,2025,20500000,400,1
Honda,Vezel Rs,2016,11760000,93000,5
Honda,Vezel Rs,2017,11819615,99538,13
Honda,Vezel Rs,2018,12316667,98632,3
Honda,Vezel Rs,2019,14500000,73000,1
Honda,Vezel Rs,2025,19800000,6,2
Honda,Vezel Rs Electric Seat,2018,12650000,120000,1
Honda,Vezel Rs Premium,2025,19395000,108,2
Honda,Vezel Rs Sensing,2016,11175000,102750,4
Honda,Vezel Rs Sensing,2017,11636500,111530,10
Honda,Vezel Rs Sensing,2018,11800000,92800,3
Honda,Vezel Rs Sensing,2019,11875000,92300,1
Honda,Vezel Rs Sensing,2020,13675000,60000,1
Honda,Vezel Rs Sensing Led,2018,12375000,65000,1
Honda,Vezel Rs Sensing Led,2019,13237500,93500,2
Honda,Vezel Ru3,2015,9725000,97500,2
Honda,Vezel Ru4 4Wd,2014,8800000,127000,1
Honda,Vezel Rv5 X,2023,15100000,30000,1
Honda,Vezel Rv5 X Pearl,2023,15150000,20000,1
Honda,Vezel X,2022,16500000,16000,1
Honda,Vezel X,2023,16100000,26000,1
Honda,Vezel X Grade,2023,14990000,51000,1
Honda,Vezel X Hunt,2024,17150000,11090,2
Honda,Vezel Z,2014,9271667,134667,3
Honda,Vezel Z,2015,9675000,162600,2
Honda,Vezel Z,2023,16998333,22768,6
Honda,Vezel Z,2024,17181667,8558,6
Honda,Vezel Z,2025,18197500,3753,4
Honda,Vezel Z Grade,2014,9255000,142200,5
Honda,Vezel Z Grade,2015,9401667,147733,3
Honda,Vezel Z Grade,2022,16550000,17000,1
Honda,Vezel Z Grade,2023,16475000,27400,3
Honda,Vezel Z Grade,2024,17633333,10200,3
Honda,Vezel Z Grade,2025,18100000,1000,2
Honda,Vezel Z Grade Orange,2014,9600000,131000,1
Honda,Vezel Z Grade Orange,2015,10800000,150000,1
Honda,Vezel Z Grade Orange Pack,2014,9150000,150000,2
Honda,Vezel Z Grade Orange Pack Modular,2014,9550000,100000,1
Honda,Vezel Z Hybrid E-Hev X Hunt,2026,16790000,4,1
Honda,Vezel Z Orange,2014,9091667,117667,3
Honda,Vezel Z Orange,2016,9950000,85100,1
Honda,Vezel Z Play,2023,18383333,96225,3
Honda,Vezel Z Play,2024,18475000,12000,2
Honda,Vezel Z Play,2025,19923750,154,8
Honda,Vezel Z Play,2026,20500000,4,2
Honda,Vezel Z Play Moon Roof,2025,20000000,20,1
Honda,Vezel Z Premium,2023,17575000,9225,4
Honda,Vezel Z Premium,2024,17883333,19167,6
Honda,Vezel Z Premium,2025,18766667,2787,3
Honda,Vezel Z Premium Grade,2023,17800000,10108,1
Honda,Vezel Z Premium Mugen,2024,17700000,9800,1
Honda,Vezel Z Premium Mugen Bodykit,2024,18700000,1,1
Honda,Vezel Z Premium Pack,2026,17500000,4,1
Honda,Wr-V,2024,16525000,850,2
Honda,Z Play,2025,20400000,126,1
Honda,Z Premion Sunlight,2025,19200000,34,1
Honda,Zrv Z Premium,2024,23000000,4900,1
Hyundai,Accent,2000,2300000,175000,1
Hyundai,Accent,2001,2581250,153500,4
Hyundai,Accent,2002,2782500,135500,2
Hyundai,Accent,2003,2800000,161250,2
Hyundai,Accent Gls,2000,2600000,170000,1
Hyundai,Accent Gls,2008,3350000,130000,1
Hyundai,Creta,2017,10900000,37000,1
Hyundai,Elantra,1995,1600000,75000,1
Hyundai,Elantra,2000,2613333,231667,3
Hyundai,Elantra,2011,6850000,187000,1
Hyundai,Eon,2014,3700000,154000,1
Hyundai,Eon,2015,4009000,89001,5
Hyundai,Eon,2016,4088000,105994,5
Hyundai,Getz,2002,2625000,150000,1
Hyundai,Getz Gls,2002,3275000,118000,1
Hyundai,Grand I10,2018,5550000,93500,1
Hyundai,Grand I10,2023,8050000,13850,1
Hyundai,Grand I10,2024,7750000,4300,1
Hyundai,H1,2018,11900000,44000,1
Hyundai,H100,1999,3762500,432250,2
Hyundai,H100,2000,4217143,158979,7
Hyundai,H100,2004,4445000,100000,1
Hyundai,H100,2005,4106250,275000,4
Hyundai,Hyundai,1986,850000,1,1
Hyundai,Ioniq,2020,12900000,30000,1
Hyundai,Matrix,2002,3075000,169000,1
Hyundai,Santa Fe,2000,4366667,72609,3
Hyundai,Santa Fe,2001,3870000,159235,2
Hyundai,Santa Fe,2002,3500000,200000,1
Hyundai,Santa Fe,2004,4200000,225000,1
Hyundai,Santa Fe,2005,4950000,211300,1
Hyundai,Santa Fe,2006,6615000,173000,3
Hyundai,Santa Fe,2007,6825000,179504,5
Hyundai,Santa Fe,2008,2925000,134000,3
Hyundai,Santa Fe,2010,8100000,177342,2
Hyundai,Santa Fe,2011,7725000,168178,7
Hyundai,Santa Fe,2012,7800000,198000,1
Hyundai,Santa Fe,2013,11500000,162500,2
Hyundai,Santa Fe,2014,11620000,154920,5
Hyundai,Santa Fe,2015,14250000,67000,1
Hyundai,Santa Fe Dm,2013,13000000,196000,1
Hyundai,Santro,2002,975000,1234,1
Hyundai,Santro,2004,975000,1234,4
Hyundai,Santro,2005,2085000,69300,1
Hyundai,Sonata,2000,2300000,144000,1
Hyundai,Sonata,2001,2725000,175000,2
Hyundai,Sonata,2004,2850000,135000,1
Hyundai,Sonata,2012,7275000,90000,1
Hyundai,Sonata H Matic,2004,3100000,198000,1
Hyundai,Sonata H-Matic,2002,3400000,189996,1
Hyundai,Stellar,1986,625000,370389,3
Hyundai,Terracan,2006,7500000,250000,1
Hyundai,Trajet,2000,3975000,160000,1
Hyundai,Trajet,2005,2650000,250000,1
Hyundai,Tucson,2005,4375000,202492,3
Hyundai,Tucson,2006,3350000,85172,2
Hyundai,Tucson,2007,3675000,155500,2
Hyundai,Tucson,2008,5737500,161000,2
Hyundai,Tucson,2009,5750000,153500,2
Hyundai,Tucson,2011,7652143,139817,7
Hyundai,Tucson,2012,8425000,146167,6
Hyundai,Tucson,2013,8285000,165597,5
Hyundai,Tucson,2014,9650000,162333,3
Hyundai,Tucson,2019,15475000,105000,1
Hyundai,Tucson Crdi 4Wd,2012,7900000,188000,1
Hyundai,Tucson Ix 35,2014,8950000,187000,1
Hyundai,Tucson Ix35,2014,9575000,206158,1
Hyundai,Venue,2019,8500000,74500,2
Hyundai,Venue,2020,8596667,42333,3
Isuzu,4Ja1,1994,4100000,222,1
Isuzu,Bighorn,1987,7750000,257000,1
Isuzu,Bighorn,1988,6590000,200000,1
Isuzu,Bighorn,2002,7650000,240000,1
Isuzu,Bighorn Turbo Intercooler,1987,7350000,159000,1
Isuzu,Cad,1994,3550000,175000,1
Isuzu,D Max,2008,4750000,150000,1
Isuzu,D-Max,2025,23000000,1,1
Isuzu,D-Max Rhino,2008,4675000,246700,1
Isuzu,Dmax Smart Cab,2015,8500000,67000,1
Isuzu,Double Cab,1997,5700000,290000,1
Isuzu,Elf,1979,1325000,210000,1
Isuzu,Elf Route,1984,1525000,198062,2
Isuzu,Elf Route,1987,1550000,361500,1
Isuzu,Fargo,1981,2150000,10000,1
Isuzu,Fargo,1982,1325000,51944,2
Isuzu,Fargo,1983,1375000,50000,1
Isuzu,Fargo,1986,3500000,180000,1
Isuzu,Fargo,1987,2925000,125433,1
Isuzu,Fargo,1988,2021667,56667,3
Isuzu,Fargo,1989,1887500,360982,2
Isuzu,Fargo,1990,2775000,1,1
Isuzu,Fargo,1991,2900000,53848,1
Isuzu,Fargo,1992,2670000,151409,6
Isuzu,Fargo,1993,3050833,186985,6
Isuzu,Fargo,1994,3250000,213000,1
Isuzu,Fargo,1995,2818333,160333,3
Isuzu,Fargo,1997,2325000,1234,1
Isuzu,Fargo,1998,3575000,365000,1
Isuzu,Fargo,2002,3100000,175000,1
Isuzu,Fargo,2003,835000,10000,1
Isuzu,Fargo Gl,1990,2650000,200000,1
Isuzu,Gemini,1987,945000,123456,1
Isuzu,Gemini,1989,485000,108800,2
Isuzu,Isuzu,2008,3700000,1,1
Isuzu,Jt600,1998,1200000,18000,1
Isuzu,Kb,1986,2975000,350000,1
Isuzu,Kb,1988,4600000,358000,1
Isuzu,Smart Cab,1996,3650000,253961,1
Isuzu,Tfr54H,1994,2050000,160000,1
Isuzu,Tfr54H,1996,4600000,1,1
Isuzu,Tfs54,1999,3900000,400000,1
Isuzu,Trooper,1984,6200000,193600,1
Isuzu,Trooper,1987,3750000,15000,1
Isuzu,Trooper,1988,725000,6000,1
Isuzu,Unknown,1957,1250000,123456,1
Jac,Grand Tiger 4Wd,2017,7250000,152000,1
Jac,T9,2025,16800000,12071,4
Jac,T9,2026,16900000,1,1
Jaguar,S Type,2006,7500000,120000,1
Jaguar,X Type,2008,7300000,121000,1
Jeep,Cherokee,2006,6700000,95000,1
Jeep,Cherokee,2013,12990000,122000,1
Jeep,Cherokee,2015,14500000,167000,1
Jeep,Cherokee Limited,2004,7255555,90500,1
Jeep,Cherokee Longitude,2015,12500000,144000,1
Jeep,Compass,2014,14250000,68000,1
Jeep,Compass,2019,10975000,70000,3
Jeep,Compass Limited,2019,17700000,87000,1
Jeep,Grand Cherokee,2005,7400000,126500,2
Jeep,Grand Cherokee,2012,22500000,128000,1
Jeep,Grand Cherokee,2017,27000000,83000,1
Jeep,Grand Cherokee Limited Quadra-Drive,2006,8900000,133500,1
Jeep,Renegade,2017,6940000,76000,2
Jeep,Renegade,2018,12500000,67000,1
Jmc,Bording,2011,3950000,228000,1
Jmc,Gonow,2007,1450000,150000,1
Jmc,Jmc,2009,2425000,216500,2
Jmc,Jmc,2012,5500000,58600,2
Jmc,Single Cab,2008,2100000,110000,1
Jmc,Single Cab,2012,3200000,106155,1
Jonway,A380,2012,1450000,110000,1
Jonway,Fd6433,2012,6200000,94320,1
Jonway,Mitsubishi A380,2012,4500000,150000,1
Jonway,Rav4,2011,4900000,127000,1
Kia,Carence,2002,2500000,214000,1
Kia,Carens,2001,4095000,125000,1
Kia,Carens Clavis,2025,22500000,100,1
Kia,Carnival,2001,3750000,150000,1
Kia,Cerato,2009,5450000,188000,1
Kia,Cerato,2010,5890000,131000,1
Kia,Cerato,2011,5125000,294000,1
Kia,Cerato,2012,5990000,179000,1
Kia,Grand Carnival,2015,17250000,187000,2
Kia,Kia,2000,4100000,136000,1
Kia,Picanto,2005,3600000,226000,1
Kia,Picanto,2016,5727000,43517,5
Kia,Picanto,2017,6037500,57500,2
Kia,Picanto Gt Sport Line,2016,5990000,36000,1
Kia,Picanto Highest-Grade,2017,5790000,72000,1
Kia,Rio,2002,2550000,92000,1
Kia,Rio,2003,2280000,145000,1
Kia,Rio,2004,26500000,190000,1
Kia,Rio,2005,2727500,158000,2
Kia,Rio,2015,6450000,152000,1
Kia,Seltos,2020,16000000,16000,1
Kia,Seltos Gt Line,2020,17000000,14069,1
Kia,Seltos Gt Line Turbo,2020,14500000,39800,1
Kia,Sonet,2025,12150000,20,1
Kia,Sonet,2026,11500000,10,1
Kia,Sonet Gt X Plus,2026,12450000,89,1
Kia,Sonet Gtx,2026,12300000,19,1
Kia,Sonet Gtx Gt Line,2025,11800000,2,1
Kia,Sonet Gtx Plus,2025,11933333,53,3
Kia,Sonet Gtx Plus,2026,11850000,11,2
Kia,Sonet Htx Turbo,2025,11250000,100,1
Kia,Sorento,2003,1800000,114000,1
Kia,Sorento,2004,5360000,189400,5
Kia,Sorento,2005,5775000,300,1
Kia,Sorento,2009,8975000,170000,1
Kia,Sorento,2010,9425000,154500,2
Kia,Sorento,2011,10167500,157035,20
Kia,Sorento,2012,10981000,150980,25
Kia,Sorento,2013,13583333,115333,3
Kia,Sorento,2014,14008333,137583,12
Kia,Sorento,2015,16456250,170069,4
Kia,Sorento 1 To 24,2015,19800000,94000,1
Kia,Sorento 1 To 9,2010,8950000,180000,1
Kia,Sorento 1-10,2012,12450000,74500,1
Kia,Sorento 1-12,2012,11250000,162500,2
Kia,Sorento 1-14,2014,14415000,180000,2
Kia,Sorento Crdi 1-24,2015,16700000,135000,1
Kia,Spectra,2001,2385000,110000,1
Kia,Spectra,2002,2200000,1,1
Kia,Spectra,2006,2875000,105000,1
Kia,Sportage,2000,3800000,183455,1
Kia,Sportage,2001,3400000,160000,1
Kia,Sportage,2005,5516667,203333,3
Kia,Sportage,2006,6200000,177000,1
Kia,Sportage,2007,5782500,164500,2
Kia,Sportage,2008,5450000,196333,3
Kia,Sportage,2010,7630000,181260,5
Kia,Sportage,2011,8488889,155024,18
Kia,Sportage,2012,8151500,147451,10
Kia,Sportage,2013,9331667,150094,6
Kia,Sportage,2014,10575000,136000,3
Kia,Sportage,2015,10300000,160333,3
Kia,Stonic,2020,9200000,90500,2
Kia,Stonic,2025,13225000,8733,4
Kia,Stonic T-Gdi,2020,1875000,84000,1
Kia,Syros,2025,12450000,9500,1
Kia,Syros G1Ot 7Dct Htx Plus,2025,12200000,1,1
Kia,Syros Htx Plus O,2025,12500000,1200,1
Land-Rover,Defender,1960,13000000,90000,1
Land-Rover,Defender,1961,8000000,100000,1
Land-Rover,Defender,1971,9750000,213151,1
Land-Rover,Defender,1979,17000000,90000,1
Land-Rover,Defender,1980,18500000,130000,1
Land-Rover,Defender,1984,13400000,98700,1
Land-Rover,Defender,1989,12000000,170000,1
Land-Rover,Defender,1991,10000000,50580,1
Land-Rover,Defender,1996,17000000,300000,1
Land-Rover,Defender,2003,17930000,16508,3
Land-Rover,Defender,2005,26500000,121000,1
Land-Rover,Defender,2008,28750000,123500,2
Land-Rover,Defender,2009,29000000,25000,1
Land-Rover,Defender,2010,14950000,290000,2
Land-Rover,Defender,2011,17175000,76000,2
Land-Rover,Defender,2012,15500000,135,1
Land-Rover,Defender,2014,23500000,96000,1
Land-Rover,Defender 110,1990,18500000,132167,1
Land-Rover,Defender 110,2009,19500000,67000,1
Land-Rover,Defender 110,2010,28500000,124704,1
Land-Rover,Defender 110,2013,29500000,97000,1
Land-Rover,Defender 110,2016,22000000,97000,1
Land-Rover,Defender 110 Kahn 22 Puma,2007,29550000,50000,1
Land-Rover,Defender 110 Puma 24,2008,19000000,180000,1
Land-Rover,Defender 90,1967,7475000,275250,1
Land-Rover,Defender 90,1972,6200000,259000,1
Land-Rover,Defender 90,1980,7465000,257450,1
Land-Rover,Defender 90,1987,13500000,137000,1
Land-Rover,Defender 90 300Tdi,1987,840000,27000,1
Land-Rover,Discovery,1995,4140000,77002,2
Land-Rover,Discovery,2009,17950000,175000,1
Land-Rover,Discovery,2015,27500000,247150,1
Land-Rover,Discovery 1,1995,6300000,170000,1
Land-Rover,Discovery 3,2009,19500000,106000,1
Land-Rover,Discovery 4,2010,2975000,165000,1
Land-Rover,Discovery 4,2012,22975000,165000,1
Land-Rover,Discovery 4,2013,25000000,151000,1
Land-Rover,Discovery 4,2014,27666667,72374,3
Land-Rover,Discovery 4,2015,29500000,194000,1
Land-Rover,Discovery 4 Gs Tdv6,2012,19500000,180000,1
Land-Rover,Discovery 4 Hse,2010,25000000,210000,1
Land-Rover,Discovery 4 Hse,2011,27490000,134000,1
Land-Rover,Discovery 4 Hse Vog Lux,2014,29500000,100000,1
Land-Rover,Discovery 4 Sdv6,2016,29800000,155000,1
Land-Rover,Discovery 4 Sdv6 Vogue,2013,28500000,250000,1
Land-Rover,Discovery 4 Tdv6 Hse,2010,25000000,150000,1
Land-Rover,Discovery 4 Vogue,2013,2500000,193000,1
Land-Rover,Discovery 5,2017,29750000,151745,1
Land-Rover,Discovery 5,2020,395000,107000,1
Land-Rover,Discovery Sport,2015,24400000,135500,2
Land-Rover,Evoque,2013,15575000,140950,2
Land-Rover,Evoque Dynamic Si4,2012,17800000,121000,1
Land-Rover,Freelander,1999,3497500,111728,2
Land-Rover,Freelander,2001,6500000,200000,1
Land-Rover,Freelander,2011,11000000,108000,1
Land-Rover,Freelander 2,2011,11130000,135400,5
Land-Rover,Freelander 2,2012,11000000,50000,1
Land-Rover,Freelander 2,2013,11300000,100000,1
Land-Rover,Freelander 2,2015,13500000,1,1
Land-Rover,Freelander 2 Hse,2012,8800000,97499,1
Land-Rover,Land Rover,1996,10000000,250000,1
Land-Rover,Puma,2008,28000000,89000,1
Lexus,450H,2011,16000000,124000,1
Lexus,Harrier Rx300,2003,8500000,130000,1
Lexus,Nx300H,2015,19500000,195000,1
Lexus,Rx 450H 35 Se-L Premier,2010,15000000,104000,1
Lexus,Rx300,2003,8200000,125000,1
Lexus,Rx300,2007,8550000,190000,1
Lexus,Rx400H,2008,10500000,110484,1
Lexus,Rx450,2010,14900000,160000,1
Lexus,Rx450H,2011,14000000,170000,1
Lexus,Rx450H 35 Se-L Premier,2011,14500000,139000,1
Loncin,Jc50,2008,88000,15555,1
Mahindra,4Dr5,1980,1500000,11212,1
Mahindra,Big Bolero,2018,4275000,76000,1
Mahindra,Bolero,2004,3290000,88000,1
Mahindra,Bolero,2005,4500000,137672,1
Mahindra,Bolero,2006,2125000,67000,3
Mahindra,Bolero,2007,2033333,30708,3
Mahindra,Bolero,2008,2298333,85107,6
Mahindra,Bolero,2009,2300000,1,1
Mahindra,Bolero,2010,2838000,84513,5
Mahindra,Bolero,2011,3058333,88601,15
Mahindra,Bolero,2012,2971429,62235,7
Mahindra,Bolero,2013,3333333,117500,6
Mahindra,Bolero,2014,3387778,90953,9
Mahindra,Bolero,2015,3576923,75141,13
Mahindra,Bolero,2016,3972778,89815,18
Mahindra,Bolero,2017,4056000,107000,5
Mahindra,Bolero,2018,4412500,69576,6
Mahindra,Bolero,2019,5158333,85000,6
Mahindra,Bolero,2020,4368750,77838,4
Mahindra,Bolero,2022,4600000,77000,1
Mahindra,Bolero,2023,4900000,13000,1
Mahindra,Bolero,2025,4995000,10,1
Mahindra,Bolero,2026,4995000,16,1
Mahindra,Bolero Ac Ps,2012,2700000,100000,1
Mahindra,Bolero Bmt Plus Mdi,2015,4075000,72000,1
Mahindra,Bolero Glx,2003,3900000,150000,1
Mahindra,Bolero Maxi Truck,2010,2650000,88000,1
Mahindra,Bolero Maxi Truck,2011,2900000,65000,1
Mahindra,Bolero Maxi Truck,2014,3270000,173000,1
Mahindra,Bolero Maxi Truck,2015,3537500,129500,2
Mahindra,Bolero Maxi Truck,2016,4411667,90833,3
Mahindra,Bolero Maxi Truck,2017,4250000,90000,1
Mahindra,Defender 110,2014,6500000,1234,1
Mahindra,E2O Electric,2018,3250000,52000,1
Mahindra,Kuv,2021,5750000,20000,1
Mahindra,Kuv 100,2020,5276667,28815,6
Mahindra,Kuv 100,2021,5379688,54373,16
Mahindra,Kuv 100,2022,5476667,65392,6
Mahindra,Kuv 100,2024,6763333,27000,3
Mahindra,Kuv 100 Nxt,2020,5650000,91000,1
Mahindra,Kuv 100 Nxt K6,2025,7600000,8000,1
Mahindra,Reva,2016,1950000,70000,1
Mahindra,Scorpio,2003,4890000,250000,1
Mahindra,Scorpio,2004,3900000,143000,1
Mahindra,Scorpio,2011,4711667,198000,3
Mahindra,Scorpio,2012,9890000,11800,1
Mahindra,Scorpio Glx,2003,3900000,1253,1
Mahindra,Unknown,1977,1650000,100000,1
Mahindra,Unknown,1986,1737500,175000,2
Mahindra,Xuv 3Xo Ax7L,2025,12550000,7300,1
Mazda,2,2015,7750000,90072,2
Mazda,2 Skyactiv,2015,7400000,133000,1
Mazda,3,2007,6300000,230000,1
Mazda,3,2014,9050000,132100,1
Mazda,323,2000,3525000,225000,1
Mazda,323 G Grade,2002,3650000,130000,1
Mazda,6,2013,11750000,143000,1
Mazda,6,2014,14500000,134000,1
Mazda,Astina,1994,1650000,200000,1
Mazda,Axela,2004,4975000,157500,1
Mazda,Axela,2007,5675000,141000,1
Mazda,Axela,2009,6800000,191000,1
Mazda,Axela,2014,8550000,208000,1
Mazda,Axela,2016,9150000,170000,1
Mazda,Axela 3,2007,5500000,189000,1
Mazda,Bj 5P,2000,3450000,178000,1
Mazda,Bj5P,1990,2075000,11,1
Mazda,Bj5P,2000,3250000,173000,1
Mazda,Bj5P,2002,4175000,373000,1
Mazda,Bongo,1989,3400000,150,1
Mazda,Bongo,1990,3250000,100000,2
Mazda,Bongo,1991,3500000,13000,1
Mazda,Bongo,1992,3475000,244734,2
Mazda,Bongo,1993,3712500,256231,4
Mazda,Bongo,1994,4074000,136481,5
Mazda,Bongo,1995,4012500,46528,4
Mazda,Bongo,1996,4550000,230000,1
Mazda,Bongo,1997,5200000,300000,1
Mazda,Bongo,1998,4120833,107994,6
Mazda,Bongo,1999,4626667,864,3
Mazda,Bongo,2001,5490000,112635,1
Mazda,Bongo,2002,5300000,123456,2
Mazda,Bongo,2004,4900000,343666,1
Mazda,Bongo,2006,6975000,288000,1
Mazda,Bongo,2007,6337500,250000,2
Mazda,Bongo,2011,6300000,200000,1
Mazda,Bongo Gl,2009,7250000,256000,1
Mazda,Bongo Gl Sk,2010,8150000,207800,1
Mazda,Bongo High Roof,1995,4050000,12345,1
Mazda,Bongo Lion Face,2012,7850000,99999,1
Mazda,Bongo R2,1996,3975000,1,1
Mazda,Bongo Sk22V,2002,5875000,170,1
Mazda,Bongo Ss Pd 4031,2006,4735000,255063,1
Mazda,Bongo Vanette,2006,5700000,168000,1
Mazda,Brawny,1988,3500000,12345,1
Mazda,Brawny,1989,2675000,275000,1
Mazda,Brawny,1991,3450000,352523,1
Mazda,Brawny,1993,3625000,245368,1
Mazda,Brawny,1994,4500000,250000,1
Mazda,Brawny,1995,5000000,159228,2
Mazda,Brawny,1999,3340000,150220,2
Mazda,Brawny,2003,6650000,165388,1
Mazda,Brawny,2007,7075000,214750,2
Mazda,Brawny Long,1995,4500000,12345,2
Mazda,Brawny Medium,1997,4800000,22222,1
Mazda,Brawny Super Long,1992,4650000,450000,1
Mazda,Brawny Super Long,1995,4500000,12345,1
Mazda,Brawny Super Long,2007,6500000,179000,1
Mazda,Carol,2004,3695000,1,1
Mazda,Cx5,2013,10950000,174000,1
Mazda,Cx5,2014,12750000,120964,2
Mazda,Cx5,2016,12775000,114000,1
Mazda,Da 62,2004,4200000,110000,1
Mazda,Demio,2000,3150000,158758,1
Mazda,Demio,2003,3850000,150,1
Mazda,Demio,2008,5037500,180600,2
Mazda,Demio,2009,4950000,96000,1
Mazda,Familia,1985,160000,111,1
Mazda,Familia,1997,3300000,270000,1
Mazda,Familia,1999,2875000,12340,1
Mazda,Familia,2003,4475000,248000,1
Mazda,Familia,2005,4150000,183560,1
Mazda,Familia 323,1987,1250000,200000,1
Mazda,Familia Bf5W,1986,950000,198653,1
Mazda,Familia Bj 5,2000,3625000,280000,1
Mazda,Familia Bj5,2002,4750000,176900,1
Mazda,Familia Bj5P,2000,3350000,159361,1
Mazda,Familia Bj5P,2001,3650000,158000,1
Mazda,Familia Bj5P,2008,3990000,158000,1
Mazda,Familia Dx Wagon,1991,1450000,12345,1
Mazda,Hatchback,1987,1450000,1,1
Mazda,Kr-Skf2M,2013,5616667,205000,3
Mazda,Lion Face,2001,6030000,459341,1
Mazda,Lion Face,2006,6650000,156500,1
Mazda,Lion Face,2010,7500000,1,1
Mazda,Mazda,1990,1960000,33250,2
Mazda,Mazda,1993,3700000,100000,1
Mazda,Mazda,1995,3700000,123456,1
Mazda,Mazda,1996,5300000,345949,1
Mazda,Mini,1999,3000000,1,1
Mazda,Mr 90 Familia,1994,985000,258709,1
Mazda,Proceed,2002,6900000,400000,1
Mazda,Rx-8,2004,6400000,109761,1
Mazda,Scrum,2000,3575000,209300,1
Mazda,Scrum,2002,3325000,180000,1
Mazda,Scrum,2008,3350000,215000,1
Mazda,Scrum,2011,4685000,150000,1
Mazda,Scrum,2013,5250000,194,1
Mazda,Scrum,2015,6100000,90000,1
Mazda,Scrum Pa,2025,6925000,268,1
Mazda,Tribute,2001,5350000,140000,1
Mazda,Tribute,2003,5725000,12345,1
Mazda,Tribute,2005,5750000,125000,1
Mazda,Vanette,1992,3750000,200000,1
Mazda,Vanette,1994,1300000,200000,1
Mazda,Vanette,1997,3250000,1000,1
Mazda,Vanette,2001,5437500,260894,2
Mazda,Vanette,2007,6100000,27501,2
Mazda,Vanette,2010,660000,156000,1
Mazda,Wingroad,1998,2550000,180000,1
Mercedes-Benz,-,2015,18500000,54000,1
Mercedes-Benz,B250E,2015,9000000,97000,1
Mercedes-Benz,Benz W211 E240,2003,1,129000,6
Mercedes-Benz,C180,2001,6900000,185000,1
Mercedes-Benz,C180,2010,9850000,180,1
Mercedes-Benz,C180,2011,12750000,80000,1
Mercedes-Benz,C180,2017,18700000,80000,1
Mercedes-Benz,C180 Cgi Amg,2010,11475000,145000,1
Mercedes-Benz,C180 Kompressor,2009,9700000,109000,1
Mercedes-Benz,C180 Kompressor,2010,9250000,150000,1
Mercedes-Benz,C180 W203 Coupe,2004,7850000,112000,1
Mercedes-Benz,C200,2018,26000000,35000,1
Mercedes-Benz,C200,2019,24800000,56000,1
Mercedes-Benz,C200 Amg,2015,16700000,62000,1
Mercedes-Benz,C200 Amg Premium Edition,2020,23100000,21000,1
Mercedes-Benz,C200 D,2017,21500000,36000,1
Mercedes-Benz,C200 Premium,2020,22200000,45000,1
Mercedes-Benz,C200 Sport,2018,23000000,120000,1
Mercedes-Benz,C220,2000,1175000,150000,1
Mercedes-Benz,C230,2006,8875000,109651,1
Mercedes-Benz,C350E Premium Plug-In Hybrid,2017,19500000,84637,1
Mercedes-Benz,Citan,2015,7650000,152600,2
Mercedes-Benz,Cla 180,2016,21500000,47282,1
Mercedes-Benz,Cla 180 Amg Line,2020,21475000,33600,1
Mercedes-Benz,Cla 200,2013,5000000,91000,1
Mercedes-Benz,Cla 200,2014,14000000,126500,1
Mercedes-Benz,Cla 200 Amg Premium Plus,2019,24200000,34000,1
Mercedes-Benz,Cla 220 Amg Line Considered,2013,16990000,106500,1
Mercedes-Benz,E180 Amg Premium,2020,27500000,49700,1
Mercedes-Benz,E200,2010,13500000,139000,1
Mercedes-Benz,E200,2011,17500000,112000,1
Mercedes-Benz,E200 Avantgarde,2013,23000000,90000,1
Mercedes-Benz,E200 W211,2004,9490000,160000,1
Mercedes-Benz,E200 W212,2010,15500000,82000,1
Mercedes-Benz,E220 Amg-Sport,2013,18650000,81700,1
Mercedes-Benz,E240,2004,9850000,110359,1
Mercedes-Benz,E240210,1999,5400000,190000,1
Mercedes-Benz,E250,2013,21500000,95000,2
Mercedes-Benz,E300,1996,5650000,187000,1
Mercedes-Benz,E300,2013,15200000,151000,1
Mercedes-Benz,E300,2016,19500000,70000,1
Mercedes-Benz,E300 Elegance,2014,16500000,160000,1
Mercedes-Benz,E350,2017,25500000,95999,1
Mercedes-Benz,E350E Amg Line,2017,21850000,50000,1
Mercedes-Benz,Gla180,2016,14800000,54000,1
Mercedes-Benz,Gla180,2018,16550000,45000,1
Mercedes-Benz,Gla200,2018,25500000,50000,1
Mercedes-Benz,Glb 200,2020,28050000,49500,2
Mercedes-Benz,Glb200 Amg Premium Plus,2020,29900000,38000,1
Mercedes-Benz,Mb 140,2000,3500000,300000,1
Mercedes-Benz,Mb-140,1999,3200000,1683,2
Mercedes-Benz,Mb-140,2000,2650000,10000,1
Mercedes-Benz,Mb140,1998,3000000,280000,1
Mercedes-Benz,Md100D29,2002,2400000,108000,1
Mercedes-Benz,S300,2010,21900000,100000,1
Mercedes-Benz,S300 W221 Lwb,2010,20000000,126000,1
Mercedes-Benz,Vito 116,2016,24500000,256000,1
Mercedes-Benz,Vito 116,2017,22000000,190000,1
Mercedes-Benz,Vito 116Cdi,2016,18999999,90000,1
Mercedes-Benz,Vito 116D,2016,24500000,184500,1
Mercedes-Benz,W115,1971,4300000,100000,1
Mercedes-Benz,W123,1984,3000000,160000,1
Mercedes-Benz,W203,2001,5990000,160000,1
Mercedes-Benz,W205,2017,21000000,73000,1
Mercedes-Benz,W211,2002,8900000,135000,1
Mercedes-Benz,W220 S350 Lwb,2003,8400000,125000,1
Mg,4 I Smart,2024,12500000,25000,1
Mg,Mg,2018,9000000,90000,1
Mg,Mg,2020,8775000,86000,1
Mg,Mg,2021,9100000,77201,1
Mg,Mg4,2024,16500000,250,1
Mg,Mg5,2023,14500000,26000,1
Mg,Rs,2018,7650000,91000,1
Mg,S5 Ev,2025,17500000,10000,1
Mg,Zs,2018,8341250,82462,16
Mg,Zs,2019,8852955,92606,22
Mg,Zs,2020,9650000,55587,1
Mg,Zs,2021,10000000,64000,2
Mg,Zs,2025,12031250,6438,4
Mg,Zs Mce,2025,12385000,2700,1
Micro,Actyon,2008,5589125,134270,8
Micro,Actyon,2009,4587500,92500,2
Micro,Actyon,2010,5805750,148400,4
Micro,Actyon,2011,5200000,197000,1
Micro,Actyon,2012,5300000,150000,1
Micro,Actyon Kyron,2008,4450000,178000,1
Micro,Actyon Sports,2009,5000000,180,1
Micro,Baic D20,2017,5285000,120000,1
Micro,Emgrand,2014,4240000,135000,1
Micro,Emgrand,2015,4187500,111250,2
Micro,Emgrand,2016,5475000,128500,1
Micro,Joylong,2014,11500000,370030,1
Micro,Korando,2012,5750000,140000,4
Micro,Korando,2013,5596667,162333,3
Micro,Korando,2015,6500000,198000,1
Micro,Korando,2016,6995000,153000,1
Micro,Kyron,1998,6150000,235000,1
Micro,Kyron,2007,5261667,184154,3
Micro,Kyron,2008,5337727,165473,22
Micro,Kyron,2009,4815000,165045,5
Micro,Kyron,2010,6400000,99000,2
Micro,Kyron,2013,7000000,65080,2
Micro,Kyron,2014,7850000,143000,1
Micro,Kyron 200Xdi,2008,5850000,241685,1
Micro,M7,2022,6490000,25000,1
Micro,Mpv,2007,700000,888,1
Micro,Mpv,2010,1990000,65000,1
Micro,Mpv,2012,2175000,110000,1
Micro,Mpv,2013,2050000,1111,1
Micro,Mpv,2014,2857500,142500,2
Micro,Mpv,2016,2500000,278000,1
Micro,Mpv 3,2011,1750000,125000,1
Micro,Mpv Junior,2014,2775000,1,1
Micro,Mpv Junior 3,2012,2250000,100000,1
Micro,Mpv3,2010,1650000,85000,1
Micro,Musso,2001,3350000,199000,1
Micro,Mx7,2012,3295000,1,1
Micro,Mx7,2013,3181667,120333,3
Micro,Mx7,2014,3621250,118311,4
Micro,Mx7,2015,3950000,129000,1
Micro,Panda,2006,3600000,150000,1
Micro,Panda,2011,2800000,90000,1
Micro,Panda,2012,2530000,76707,3
Micro,Panda,2013,2661667,36700,3
Micro,Panda,2014,2895000,1,1
Micro,Panda,2015,3012308,69196,13
Micro,Panda,2016,3206000,79000,5
Micro,Panda,2017,3492857,54452,7
Micro,Panda,2018,3772500,62850,2
Micro,Panda 10,2015,3100000,94000,1
Micro,Panda Cross,2012,2932500,81000,2
Micro,Panda Cross,2013,3205000,70145,9
Micro,Panda Cross,2014,3392500,21000,2
Micro,Panda Cross,2016,3666667,69100,3
Micro,Panda Cross,2017,3841667,85961,3
Micro,Panda Cross,2018,3975000,47250,2
Micro,Rexton,2007,6200000,175,1
Micro,Rexton,2008,7436533,128234,15
Micro,Rexton,2009,7625000,131000,2
Micro,Rexton,2010,6900000,100125,2
Micro,Rexton,2013,9575000,93000,1
Micro,Rexton,2014,10890000,105556,2
Micro,Rexton,2015,11257143,123786,7
Micro,Rexton,2016,10700000,105000,1
Micro,Rexton,2017,14000000,187500,2
Micro,Rexton,2019,20000000,112000,1
Micro,Rexton G4,2017,19500000,112000,1
Micro,Rexton Powerup 27 Xvt,2008,7800000,270000,1
Micro,Rexton Rx 270 Xdi,2008,7270000,185000,1
Micro,Rexton W,2014,12200000,176000,1
Micro,Rexton W,2015,11525000,173750,4
Micro,Rexton W,2016,11200000,139000,1
Micro,Rexton Xdi 270,2008,7600000,161000,1
Micro,Rhino,2010,3350000,128000,1
Micro,Rhino,2012,3150000,127000,1
Micro,Rhino,2013,4800000,123456,1
Micro,Rodius,2017,2775000,12345,2
Micro,Skandic,2014,11500000,302884,1
Micro,Ssangyon G Rexton 270 Xdz,2008,6875000,120000,1
Micro,Ssangyong Rexton,2007,7300000,188000,1
Micro,Ssangyong Rexton,2008,7500000,155000,1
Micro,Ssangyong Rexton Power Up 27,2008,9000000,201000,1
Micro,Ssangyong Rexton Powerup 27 Tdi Xvt Highestspec,2008,9450000,195000,1
Micro,Ssanyong Korando,2015,7750000,71000,1
Micro,Stavic,2011,4500000,197000,1
Micro,Tivoli,2015,7412857,133557,7
Micro,Tivoli,2016,6968750,133500,4
Micro,Tivoli,2017,8083333,94167,3
Micro,Tivoli,2018,7900000,94000,1
Micro,Tour,2016,11500000,185687,1
Micro,Tourer,2012,9100000,290000,1
Micro,Tourer,2013,11687500,200002,2
Micro,Tourer,2014,3200000,29978,1
Micro,Tourer,2018,11500000,160000,1
Micro,Tourer Kdh,2014,9500000,284200,1
Micro,Trend,2009,2000000,61900,1
Micro,Trend,2012,1987500,90250,4
Micro,Trend,2013,2075000,44921,1
Micro,X25,2019,6075000,89999,1
Mini,Cooper,1960,2250000,10,1
Mini,Cooper,1995,3500000,50000,1
Mini,Cooper,1998,3775000,200000,1
Mini,Cooper,2015,9800000,45000,1
Mini,Cooper Efi,2025,2150000,1,1
Mini,Mini,2020,895000,400,1
Mitsubishi,4D56,1994,3850000,1234,1
Mitsubishi,4Dr,1980,2800000,12450,1
Mitsubishi,4Dr J24,1977,5275000,35000,1
Mitsubishi,4Dr J44 Long,1982,4800000,425763,1
Mitsubishi,4Dr5,1968,2250000,69000,1
Mitsubishi,4Dr5,1970,2250000,1234,1
Mitsubishi,4Dr5,1978,3500000,132041,3
Mitsubishi,4Dr5,1980,2909286,51319,7
Mitsubishi,4Dr5,1981,2995000,1,1
Mitsubishi,4Dr5,1982,4695000,69000,1
Mitsubishi,4Dr5,2026,2962500,50000,2
Mitsubishi,4Dr5 J36,1980,3525000,1,1
Mitsubishi,4Dr5 J44,1978,3850000,1,1
Mitsubishi,4Dr5 J44,1980,3950000,10000,1
Mitsubishi,4Dr56,1976,5370000,2477,1
Mitsubishi,Asx,2016,12000000,158000,1
Mitsubishi,Asx Outlander Sport,2014,12000000,166800,1
Mitsubishi,Asx Outlander Sport,2016,10200000,165000,1
Mitsubishi,Attrage,2015,6575000,116000,1
Mitsubishi,Attrage,2020,8800000,53000,1
Mitsubishi,Attrage Gls,2018,7850000,69000,1
Mitsubishi,Buddy,1999,3990000,132000,1
Mitsubishi,Buddy,2014,5275000,85000,1
Mitsubishi,C12,1987,1350000,198524,1
Mitsubishi,Canter 150,2000,3790000,250000,1
Mitsubishi,Canter 250,2004,5790000,150000,1
Mitsubishi,Colt,1981,1225000,226000,1
Mitsubishi,Colt,1983,150000,200000,1
Mitsubishi,Delica,1980,650000,1,1
Mitsubishi,Delica,1981,5625000,175556,2
Mitsubishi,Delica,1982,990000,180000,1
Mitsubishi,Delica,1983,1500000,200000,1
Mitsubishi,Delica,1984,1817500,474618,2
Mitsubishi,Delica,1988,3837500,296806,2
Mitsubishi,Delica,1992,4375000,12345,1
Mitsubishi,Delica,1996,3550000,270000,1
Mitsubishi,Delica,1999,5450000,279000,1
Mitsubishi,Delica,2025,9000000,10,1
Mitsubishi,Delica 120,1978,495000,123456,1
Mitsubishi,Delica L300,1980,725000,158500,2
Mitsubishi,Delica L300,1982,1616667,168830,3
Mitsubishi,Delica L300,1984,1200000,123456,1
Mitsubishi,Delica L300,1985,1875000,177358,4
Mitsubishi,Delica L3100,1981,1550000,1,1
Mitsubishi,Delica L400 Space Gear,1994,5200000,250000,1
Mitsubishi,Delica P25,1992,7450000,218875,1
Mitsubishi,Delica Po15 Diga,2005,6375000,350000,1
Mitsubishi,Delica Po5,1999,4150000,200000,1
Mitsubishi,Delica T120,1975,390000,11,1
Mitsubishi,Delica T120,1978,375000,77899,1
Mitsubishi,Double Cab,1998,4400000,210000,1
Mitsubishi,Double Cab,2001,4450000,210000,1
Mitsubishi,Eclipse,2019,15100000,52500,1
Mitsubishi,Eclipse,2020,13300000,125000,1
Mitsubishi,Eclipse Cross,2018,13606667,96542,12
Mitsubishi,Eclipse Cross,2019,13895000,82500,2
Mitsubishi,Eclipse Cross,2020,15150000,33000,1
Mitsubishi,Eclipse Cross Dual,2018,14700000,175000,1
Mitsubishi,Eclipse Cross Exceed Australia,2019,16800000,48000,1
Mitsubishi,Eclipse Cross Exceed Australian Specs,2018,16800000,58000,1
Mitsubishi,Eclipse Cross Exceed G,2019,16700000,12200,1
Mitsubishi,Eclipse Cross Exeed Australian Specs,2018,16200000,45000,1
Mitsubishi,Eclipse Cross G Grade,2019,12975000,80000,1
Mitsubishi,Eclipse Cross G Limited,2023,18850000,31000,1
Mitsubishi,Eclipse Cross Japan,2019,13275000,122500,1
Mitsubishi,Ek Wagon,2015,56500,94000,1
Mitsubishi,Ek Wagon,2017,5890000,80100,1
Mitsubishi,Ek X Cross G Premium,2024,8950000,5700,1
Mitsubishi,Ek X Turbo Hybrid Ek Wagon,2023,8250000,2000,1
Mitsubishi,Evolution 57,2000,8850000,128000,1
Mitsubishi,Galant,1988,1475000,252684,1
Mitsubishi,Galant,1991,2275000,173400,2
Mitsubishi,Glx,1984,775000,100000,1
Mitsubishi,Glx,2015,28500000,140000,1
Mitsubishi,I Miev,2014,3690000,117000,1
Mitsubishi,Intercooler Turbo 28,1995,2222222,185000,1
Mitsubishi,J 44,1974,3850000,6850,1
Mitsubishi,J32,1968,2100000,75000,1
Mitsubishi,J36,1980,9500000,50000,1
Mitsubishi,J36 4Dr5,1987,4200000,180000,1
Mitsubishi,J44,1978,3800000,11506,2
Mitsubishi,J44,1979,3400000,64276,1
Mitsubishi,K74,1999,6750000,10000,1
Mitsubishi,L200,1988,11583333,95759,3
Mitsubishi,L200,1990,4225000,150500,2
Mitsubishi,L200,1991,3700000,300000,1
Mitsubishi,L200,1992,3862500,182445,6
Mitsubishi,L200,1993,4150000,233333,3
Mitsubishi,L200,1994,5025000,193002,2
Mitsubishi,L200,1995,4423000,117001,5
Mitsubishi,L200,1997,5162500,125309,4
Mitsubishi,L200,1998,11575000,162133,4
Mitsubishi,L200,1999,4683333,211333,3
Mitsubishi,L200,2003,6795000,188000,1
Mitsubishi,L200,2004,6000000,255000,1
Mitsubishi,L200,2005,5900000,240000,1
Mitsubishi,L200,2006,7620000,260500,2
Mitsubishi,L200,2007,8550000,170200,5
Mitsubishi,L200,2008,8267857,171343,7
Mitsubishi,L200,2009,7500000,180000,1
Mitsubishi,L200,2010,7550000,383000,1
Mitsubishi,L200,2011,8027857,246857,7
Mitsubishi,L200,2012,8250000,67500,2
Mitsubishi,L200,2013,9435000,162600,1
Mitsubishi,L200,2015,10175000,256400,2
Mitsubishi,L200,2016,11950000,234500,2
Mitsubishi,L200,2020,16500000,120000,1
Mitsubishi,L200 2Wd,2003,5650000,372000,1
Mitsubishi,L200 4W,1998,5650000,200000,1
Mitsubishi,L200 4Wd,1994,5150000,1,1
Mitsubishi,L200 4Wd K34T Junsr Strada,1992,5850000,1900,1
Mitsubishi,L200 Diamond,2007,9312500,140500,2
Mitsubishi,L200 Diamond,2012,9500000,190000,1
Mitsubishi,L200 Elegance,2007,9200000,170000,1
Mitsubishi,L200 Gsr Full Spec,2025,26800000,5500,1
Mitsubishi,L200 Single Cab,2017,9500000,125000,1
Mitsubishi,L200 Sportero,2014,11950000,190000,1
Mitsubishi,L200 Sportero,2015,12000000,61730,2
Mitsubishi,L200 Sportero,2019,18500000,41000,1
Mitsubishi,L200 Sportero,2020,18625000,140750,2
Mitsubishi,L200 Strada Trojan,2002,6550000,228000,1
Mitsubishi,L200 Triton,2025,22850000,6450,2
Mitsubishi,L300,1980,778750,162528,4
Mitsubishi,L300,1981,809167,97636,6
Mitsubishi,L300,1982,1248125,225603,8
Mitsubishi,L300,1983,1303125,82799,8
Mitsubishi,L300,1984,1630000,87706,9
Mitsubishi,L300,1985,1305000,209500,4
Mitsubishi,L300,1986,1425000,79000,1
Mitsubishi,L300,1987,1050000,69000,1
Mitsubishi,L300,1988,1650000,994,2
Mitsubishi,L300,1992,1650000,10000,1
Mitsubishi,L300,1993,1025000,1885,1
Mitsubishi,L300,2005,4900000,205000,1
Mitsubishi,L300,2013,6875000,357262,2
Mitsubishi,L300,2026,1230000,1,1
Mitsubishi,L300 Delica,1981,975000,200000,1
Mitsubishi,L300 Delica,1983,985000,220000,1
Mitsubishi,L300 Delica,1985,1650000,120000,1
Mitsubishi,L400,1995,4700000,172500,2
Mitsubishi,L400,1999,5800000,235000,1
Mitsubishi,L400 Space Gear,1995,6000000,230000,1
Mitsubishi,L400 Spacegear 4Wd,1996,4950000,390000,1
Mitsubishi,Lancer,1977,625000,195000,1
Mitsubishi,Lancer,1981,560000,124578,1
Mitsubishi,Lancer,1982,1042500,150106,2
Mitsubishi,Lancer,1983,682500,226726,2
Mitsubishi,Lancer,1988,675000,128000,1
Mitsubishi,Lancer,1994,2512500,111728,2
Mitsubishi,Lancer,1999,1870000,1234,1
Mitsubishi,Lancer,2003,5385000,110100,2
Mitsubishi,Lancer,2007,6850000,1234,1
Mitsubishi,Lancer A172A,1983,1175000,111111,1
Mitsubishi,Lancer Asp,1989,1400000,445000,1
Mitsubishi,Lancer Box,1979,950000,18500,1
Mitsubishi,Lancer Box,1980,987500,90617,2
Mitsubishi,Lancer Box,1981,1196000,133074,5
Mitsubishi,Lancer Box,1982,1350000,71422,1
Mitsubishi,Lancer Box,1983,1179000,44091,5
Mitsubishi,Lancer Box,1984,1210000,83950,4
Mitsubishi,Lancer Box,1985,1475000,25000,1
Mitsubishi,Lancer Box 5Fwd,1979,850000,19305,1
Mitsubishi,Lancer Box 5Fwd,1980,1080000,43450,2
Mitsubishi,Lancer Box 5Fwd,1984,1350000,35000,1
Mitsubishi,Lancer Box 5Fwd,1985,1280000,15637,1
Mitsubishi,Lancer Box A172A,1981,1290000,25500,1
Mitsubishi,Lancer C11,1985,650000,10,1
Mitsubishi,Lancer C12,1985,805000,77433,2
Mitsubishi,Lancer C12 Glx,1985,795000,177523,1
Mitsubishi,Lancer C12V,1991,1875000,126000,1
Mitsubishi,Lancer Cb 2,1993,3075000,195000,1
Mitsubishi,Lancer Cb1,1994,3325000,261000,1
Mitsubishi,Lancer Cb1,1995,3220000,105925,2
Mitsubishi,Lancer Cb2,1992,3350000,200000,1
Mitsubishi,Lancer Cb8,1995,2875000,150000,1
Mitsubishi,Lancer Ck1,1998,3875000,145000,1
Mitsubishi,Lancer Ck2,1996,3850000,200000,1
Mitsubishi,Lancer Ck2,2001,4585000,104,2
Mitsubishi,Lancer Ck2,2002,4395000,123,1
Mitsubishi,Lancer Cs1,2007,6082500,180500,2
Mitsubishi,Lancer Cs1,2011,6590000,122000,1
Mitsubishi,Lancer Cs3,2004,5850000,168000,1
Mitsubishi,Lancer Cs3,2010,6650000,130000,1
Mitsubishi,Lancer Cs3,2011,6850000,190000,2
Mitsubishi,Lancer Cs3 Glx,2004,5095000,217,1
Mitsubishi,Lancer Cs3 Glx,2008,5875000,138000,1
Mitsubishi,Lancer L Light,1975,575000,246565,1
Mitsubishi,Lancer Tube Light,1980,595000,130000,1
Mitsubishi,Lancer Wagon,1980,887500,39250,2
Mitsubishi,Lancer Wagon,1981,585000,100000,1
Mitsubishi,Lancer Wagon,1982,490000,246560,1
Mitsubishi,Lancer Wagon,1983,1290000,1234,1
Mitsubishi,Lancer Wagon,1990,890000,189567,1
Mitsubishi,Land Cruiser Prado,2000,15000000,265000,1
Mitsubishi,Libero Wagon,1997,2600000,250000,1
Mitsubishi,Lunzar Falat Lights,1982,690000,11111,1
Mitsubishi,Miev,2013,4075000,93000,1
Mitsubishi,Miev Minicab,2018,3900000,98053,1
Mitsubishi,Mini,1999,2300000,147000,1
Mitsubishi,Mini,2003,3500000,180000,1
Mitsubishi,Minicab,1998,2237500,240000,2
Mitsubishi,Minicab,1999,2983636,184310,11
Mitsubishi,Minicab,2000,2656000,150228,5
Mitsubishi,Minicab,2001,2500000,200000,1
Mitsubishi,Minicab,2003,2162500,113372,4
Mitsubishi,Minicab,2004,3287500,58500,2
Mitsubishi,Minicab,2005,3400000,185000,1
Mitsubishi,Minicab,2006,4690000,100613,1
Mitsubishi,Minicab,2007,2618000,126553,5
Mitsubishi,Minicab,2009,3150000,232538,1
Mitsubishi,Minicab,2011,3950000,123000,1
Mitsubishi,Minicab,2013,4675000,90150,2
Mitsubishi,Minicab,2016,5270000,115993,2
Mitsubishi,Minicab,2017,4790000,1,1
Mitsubishi,Minicab,2020,5280000,85000,1
Mitsubishi,Minicab U61V,2012,4865000,98000,1
Mitsubishi,Mirage,1983,150000,200000,1
Mitsubishi,Mirage,2012,5350000,94521,1
Mitsubishi,Mirage,2013,4885000,220666,1
Mitsubishi,Mitsubishi,1997,950000,100000,1
Mitsubishi,Mitsubishi,2003,6700000,24300,1
Mitsubishi,Mk1,1988,1250000,2222,1
Mitsubishi,Mlni,2024,7100000,12,1
Mitsubishi,Montero,1998,11850000,324000,1
Mitsubishi,Montero,1999,11500000,210000,1
Mitsubishi,Montero,2000,11339583,197824,12
Mitsubishi,Montero,2001,12833333,193000,3
Mitsubishi,Montero,2002,12766667,220000,3
Mitsubishi,Montero,2003,11753333,133704,3
Mitsubishi,Montero,2004,5005556,158500,2
Mitsubishi,Montero,2005,13200000,275000,1
Mitsubishi,Montero,2006,12400000,200000,1
Mitsubishi,Montero,2007,16295833,153332,12
Mitsubishi,Montero,2008,17790000,161725,2
Mitsubishi,Montero,2010,17995000,168553,1
Mitsubishi,Montero,2011,14750000,154000,3
Mitsubishi,Montero,2012,15500000,79900,1
Mitsubishi,Montero,2013,22013636,171237,22
Mitsubishi,Montero,2014,23750000,105000,1
Mitsubishi,Montero,2015,26083333,161081,3
Mitsubishi,Montero,2016,28700000,197000,1
Mitsubishi,Montero,2017,26000000,112000,1
Mitsubishi,Montero 32,2013,21200000,161000,1
Mitsubishi,Montero 32L 4M41,2013,26200000,25000,1
Mitsubishi,Montero Canter Spare,2010,18500000,251473,1
Mitsubishi,Montero Canter Spare V93 Gls,2010,18000000,168553,1
Mitsubishi,Montero Di-D,2013,22500000,136000,1
Mitsubishi,Montero Exceed 35 Gdi,2003,14500000,125425,1
Mitsubishi,Montero Gdi,1999,5200000,88060,1
Mitsubishi,Montero Gls,2007,16850000,143000,1
Mitsubishi,Montero Gls,2012,18600000,154000,1
Mitsubishi,Montero Gls,2015,28950000,120000,4
Mitsubishi,Montero Gls,2016,26450000,142500,1
Mitsubishi,Montero Gls Sg3 Shogun,2013,26800000,150000,1
Mitsubishi,Montero Gls Shogun V78,2007,17500000,156000,1
Mitsubishi,Montero Gls V6,2007,15850000,138000,1
Mitsubishi,Montero Glx,2013,20000000,200000,1
Mitsubishi,Montero Io,2003,6300000,220000,1
Mitsubishi,Montero Sport,2008,10150000,173667,3
Mitsubishi,Montero Sport,2011,14323333,161461,15
Mitsubishi,Montero Sport,2012,14361458,164022,24
Mitsubishi,Montero Sport,2013,15000000,114000,1
Mitsubishi,Montero Sport Pajero,2008,9950000,180000,1
Mitsubishi,Montero V6,2001,8383333,178104,3
Mitsubishi,Montero V6,2002,12000000,177000,2
Mitsubishi,Montero V6,2003,11250000,175900,2
Mitsubishi,Montero V6,2004,12400000,175000,1
Mitsubishi,Montero V6,2005,12475000,196000,1
Mitsubishi,Montero V6 Domestic,2010,18750000,192500,1
Mitsubishi,Montero V6 Gls,2001,11800000,198000,1
Mitsubishi,Montero V6 Gls V93,2007,16500000,156000,1
Mitsubishi,Montero V75,2003,10200000,180000,1
Mitsubishi,Montero V76,2001,13000000,150,1
Mitsubishi,Montero V76,2006,16500000,146000,1
Mitsubishi,Montero V78,2005,1670000,178000,1
Mitsubishi,Montero V78,2007,17500000,156000,1
Mitsubishi,Montero V78 Did 32,2003,17000000,128000,1
Mitsubishi,Montero V98,2007,14975000,168000,1
Mitsubishi,Montero V98,2013,20800000,193500,2
Mitsubishi,Montero V98 32,2013,23350000,80000,1
Mitsubishi,Montero V98 Gls,2016,26750000,122500,1
Mitsubishi,Outlander,2003,5662500,221000,2
Mitsubishi,Outlander,2005,4750000,290000,1
Mitsubishi,Outlander,2006,8950000,132400,1
Mitsubishi,Outlander,2007,7800000,135000,2
Mitsubishi,Outlander,2008,7950000,195000,1
Mitsubishi,Outlander,2009,12000000,155000,1
Mitsubishi,Outlander,2010,8950000,139000,1
Mitsubishi,Outlander,2011,8300000,200000,1
Mitsubishi,Outlander,2012,9566667,152833,3
Mitsubishi,Outlander,2013,11900000,145473,7
Mitsubishi,Outlander,2014,12489286,148804,14
Mitsubishi,Outlander,2015,14007353,147276,17
Mitsubishi,Outlander,2016,15204000,133110,5
Mitsubishi,Outlander,2017,16500000,150000,1
Mitsubishi,Outlander Asx,2013,9550000,98000,1
Mitsubishi,Outlander Asx,2015,12500000,120000,1
Mitsubishi,Outlander G Navi Premium Phev,2015,14950000,138500,2
Mitsubishi,Outlander Navi Premium Phev,2016,16225000,107500,2
Mitsubishi,Outlander Phev,2013,11862500,174250,4
Mitsubishi,Outlander Phev,2014,11664286,144714,7
Mitsubishi,Outlander Phev,2015,14025000,110000,4
Mitsubishi,Outlander Phev,2016,14000000,130000,1
Mitsubishi,Outlander Phev G Navi,2014,12650000,161000,1
Mitsubishi,Outlander Phev G Premium,2015,15000000,151590,1
Mitsubishi,Outlander Phev G Premium,2016,16250000,98000,1
Mitsubishi,Outlander Phev Navi Premium Grade,2016,13750000,141000,1
Mitsubishi,Outlander Phev Premium,2015,16000000,97500,1
Mitsubishi,Outlander Phv Premium Plus,2015,13895000,74000,1
Mitsubishi,Outlander Plug In Hybrid,2014,12700000,120000,1
Mitsubishi,Outlander Plug-In,2014,12000000,157,1
Mitsubishi,Outlander Sport,2014,12683333,148000,3
Mitsubishi,Outlander Sport,2015,12000000,159000,1
Mitsubishi,Outlander Sport,2025,19850000,2600,1
Mitsubishi,P25,1986,3700000,200000,1
Mitsubishi,P25 Po5,1991,3980000,271948,2
Mitsubishi,P25V 4Wd,1991,5850000,150000,1
Mitsubishi,P25W,1986,7800000,280000,1
Mitsubishi,Pajero,1984,5712500,266250,4
Mitsubishi,Pajero,1985,5850000,200000,1
Mitsubishi,Pajero,1987,7000000,230000,1
Mitsubishi,Pajero,1988,7067500,240544,8
Mitsubishi,Pajero,1990,7400000,323000,1
Mitsubishi,Pajero,1991,5725000,307500,2
Mitsubishi,Pajero,1992,6200000,1,1
Mitsubishi,Pajero,1993,6075000,187864,4
Mitsubishi,Pajero,1994,9375000,255000,2
Mitsubishi,Pajero,1995,9950000,81000,2
Mitsubishi,Pajero,1998,11800000,324000,1
Mitsubishi,Pajero,1999,4000000,114012,2
Mitsubishi,Pajero,2000,5100000,185000,1
Mitsubishi,Pajero,2001,5250000,190000,1
Mitsubishi,Pajero,2002,5650000,1234,1
Mitsubishi,Pajero,2003,11700000,164000,1
Mitsubishi,Pajero,2007,16000000,300000,1
Mitsubishi,Pajero 28,1996,9100000,250000,1
Mitsubishi,Pajero Gdi Io,1999,6442500,183500,2
Mitsubishi,Pajero Gdi Io,2000,5985000,183000,1
Mitsubishi,Pajero Gdi Io,2002,6285000,92000,1
Mitsubishi,Pajero Intercooler,1991,7850000,1,1
Mitsubishi,Pajero Intercooler,1997,10900000,226000,1
Mitsubishi,Pajero Io,1999,4660000,159500,4
Mitsubishi,Pajero Io,2000,5279167,182500,6
Mitsubishi,Pajero Io,2001,6200000,245000,1
Mitsubishi,Pajero Io,2002,4650000,136000,2
Mitsubishi,Pajero Io Gdi,1999,4295000,195000,1
Mitsubishi,Pajero Jr,1996,3300000,170000,1
Mitsubishi,Pajero Mk1,1988,7500000,400000,1
Mitsubishi,Pajero Mk1,1989,6150000,134617,2
Mitsubishi,Pajero Montero,1994,8500000,256872,1
Mitsubishi,Pajero Palath Sabha,1985,5900000,300000,1
Mitsubishi,Pajero Swb,1983,4100000,312400,1
Mitsubishi,Pajero V34,1997,8900000,1,1
Mitsubishi,Pajero V46,1992,8500000,238600,1
Mitsubishi,Pb5,1994,3850000,165000,1
Mitsubishi,Phev G Premium,2015,12600000,196000,1
Mitsubishi,Po15,1994,4400000,230000,1
Mitsubishi,Po15,1996,3533333,73230,3
Mitsubishi,Po15,1998,3750000,143334,3
Mitsubishi,Po15,1999,3800000,150000,1
Mitsubishi,Po15,2001,5375000,360000,1
Mitsubishi,Po15,2005,5850000,250000,1
Mitsubishi,Po15,2010,6200000,428000,1
Mitsubishi,Po15,2012,7025000,167000,1
Mitsubishi,Po15,2013,7725000,226994,2
Mitsubishi,Po15 Delica,1990,4000000,222222,1
Mitsubishi,Po15 L300,1995,4950000,252685,1
Mitsubishi,Po5,1986,2475000,225000,2
Mitsubishi,Po5,1987,2200000,12345,1
Mitsubishi,Po5,1988,2475000,169000,1
Mitsubishi,Po5,1989,1870000,100000,1
Mitsubishi,Po5,1990,3475000,226667,3
Mitsubishi,Po5,1991,3050000,102970,2
Mitsubishi,Po5,1992,3600000,150000,1
Mitsubishi,Po5,1996,3975000,171000,1
Mitsubishi,Po5 Delica,1989,2500000,155000,1
Mitsubishi,Po5 P25V,1991,5650000,123456,1
Mitsubishi,Rosa,1981,1975000,2,1
Mitsubishi,Rvr,1996,3400000,122590,1
Mitsubishi,Sk82Vm,2003,5800000,152000,1
Mitsubishi,Strada,1991,5125000,2,1
Mitsubishi,Strada,1992,5662500,335500,2
Mitsubishi,Strada,1993,5800000,420000,1
Mitsubishi,Strada,1995,5800000,247000,1
Mitsubishi,Strada,1997,6200000,178000,1
Mitsubishi,Strada,1998,5500000,123456,1
Mitsubishi,T120 Delica,1980,760000,1,1
Mitsubishi,Tc-Ske6Vm,2007,6900000,410171,1
Mitsubishi,Triton Cab,2013,9550000,161500,1
Mitsubishi,Triton Gsr,2025,21750000,15200,1
Mitsubishi,Triton L200,2008,7500000,216000,1
Mitsubishi,Trojan,2007,7900000,165000,1
Mitsubishi,U61,2007,3950000,55000,1
Mitsubishi,U61V,2008,4000000,300000,1
Mitsubishi,V98,2013,24500000,170000,1
Mitsubishi,Warrior,2007,8650000,250000,1
Mitsubishi,Wyllys,1988,2350000,165000,1
Mitsubishi,X Panda,2019,13000000,57000,1
Mitsubishi,Xpander,2018,12945000,100754,4
Mitsubishi,Xpander,2019,13800000,113000,1
Mitsubishi,Xpander Cross,2018,11250000,123000,1
Mitsubishi,Xpander Cross,2020,13600000,47500,1
Morris,Minnor,1951,1300000,100000,1
Nissan,Acenta Ez Shift,2025,7800000,133,1
Nissan,Ad Wagon,1983,625000,123456,1
Nissan,Ad Wagon,1996,2312500,236000,2
Nissan,Ad Wagon,1997,2875000,148000,1
Nissan,Ad Wagon,2001,2625000,200000,1
Nissan,Ad Wagon,2003,3095000,1,1
Nissan,Ad Wagon Y10,1990,1850000,123456,1
Nissan,Ad Wagon Y11,2001,3150000,265000,1
Nissan,Almera Vl,2025,13050000,10,1
Nissan,B 12,1988,1850000,185000,1
Nissan,B 211,1980,300000,285000,1
Nissan,B11,1983,920000,247950,1
Nissan,B11,1984,600000,28500,2
Nissan,B11,1986,650000,452362,1
Nissan,B11 Sunny,1985,930000,123,1
Nissan,B12,1988,1540000,12345,1
Nissan,B15,2004,3795000,1,1
Nissan,B210,1973,452500,100000,2
Nissan,B210,1980,510000,57000,1
Nissan,B211,1976,680000,100000,1
Nissan,B211,1977,680000,50555,2
Nissan,B211,1980,737500,1,2
Nissan,B211,1982,990000,1,1
Nissan,B211,1983,1075000,10000,1
Nissan,B211,1986,860000,100000,1
Nissan,B310,1979,1050000,250000,1
Nissan,B310,1980,666667,133334,3
Nissan,B310,1981,625000,22,1
Nissan,B310 Wagon,1980,310000,18000,1
Nissan,Banette,2000,5150000,290000,1
Nissan,Bluebird,1990,1750000,125000,1
Nissan,Bluebird,1998,2850000,187500,1
Nissan,Bluebird,1999,3167500,293263,2
Nissan,Bluebird Su13,1991,2390000,1,1
Nissan,Bluebird Su14,2000,2950000,230000,1
Nissan,Bluebird Sylphy,2000,4700000,190000,1
Nissan,Bluebird Sylphy,2006,4550000,188000,1
Nissan,Bluebird Sylphy,2011,5950000,170000,1
Nissan,Bluebird Sylphy N17 1 8Vi,2002,4400000,1,1
Nissan,Bongo Vanette,1994,3750000,12000,1
Nissan,Bongo Vanette,1996,4600000,267000,1
Nissan,Bongo Vanette,1999,5200000,216000,1
Nissan,Bongo Vanette,2000,4850000,158514,1
Nissan,C22 Largo,1992,2750000,198562,1
Nissan,Cab,1989,4500000,494,1
Nissan,Cab,1992,2750000,123456,1
Nissan,California,1984,775000,123456,1
Nissan,Caravan,1980,1800000,300000,1
Nissan,Caravan,1983,1250000,300000,1
Nissan,Caravan,1985,2600000,150000,1
Nissan,Caravan,1986,3000000,3006448,3
Nissan,Caravan,1987,4618750,137778,4
Nissan,Caravan,1988,6050000,7284,2
Nissan,Caravan,1989,2150000,70782,3
Nissan,Caravan,1990,5950000,293565,2
Nissan,Caravan,1991,6273333,133736,6
Nissan,Caravan,1992,5841923,134277,13
Nissan,Caravan,1993,6391111,144093,18
Nissan,Caravan,1994,7037500,141192,14
Nissan,Caravan,1995,7759375,225013,16
Nissan,Caravan,1996,8008333,293333,3
Nissan,Caravan,1997,8615000,67221,10
Nissan,Caravan,1998,7846923,194431,13
Nissan,Caravan,1999,8664286,129003,7
Nissan,Caravan,2000,8123500,144616,10
Nissan,Caravan,2001,9400000,143131,2
Nissan,Caravan,2002,10800000,123456,1
Nissan,Caravan,2003,9106250,106747,4
Nissan,Caravan,2004,3850000,85000,1
Nissan,Caravan,2006,8575000,344500,2
Nissan,Caravan,2007,9150000,133000,3
Nissan,Caravan,2008,8500000,220000,1
Nissan,Caravan,2013,15200000,183000,1
Nissan,Caravan,2015,7800000,1234,1
Nissan,Caravan Cota Hp,1998,7200000,66230,1
Nissan,Caravan Crge24,1993,7750000,1,1
Nissan,Caravan E24,1988,5500000,1234,1
Nissan,Caravan E24,1998,6750000,510000,1
Nissan,Caravan E24,1999,11500000,225000,1
Nissan,Caravan E25,2001,8350000,170000,1
Nissan,Caravan E25,2002,8000000,278500,1
Nissan,Caravan E25,2004,9250000,235000,1
Nissan,Caravan E25,2005,8450000,200000,1
Nissan,Caravan E25,2006,8537500,191125,4
Nissan,Caravan E25,2007,10025000,271250,4
Nissan,Caravan E25,2008,9625000,192800,2
Nissan,Caravan E25,2010,6100000,190000,1
Nissan,Caravan E25,2011,9190000,203500,1
Nissan,Caravan E25,2012,9700000,197500,2
Nissan,Caravan E25,2014,8675000,215688,1
Nissan,Caravan E25 High Roof,2009,12800000,199000,1
Nissan,Caravan E26 Nv350 Super-Long,2015,14650000,234000,1
Nissan,Caravan Gll,1993,5900000,160000,1
Nissan,Caravan Gll,1995,7900000,150000,1
Nissan,Caravan Gt Cruise,1995,8900000,275000,1
Nissan,Caravan Gx,2007,12000000,77000,1
Nissan,Caravan High Roof,1993,5990000,250000,1
Nissan,Caravan Kota,1999,6600000,254897,1
Nissan,Caravan Long,1994,5800000,1111,1
Nissan,Caravan Long,1996,8150000,200000,1
Nissan,Caravan Long Model,1996,9450000,105000,1
Nissan,Caravan Nv 350 E26,2014,16800000,138836,1
Nissan,Caravan Nv 350 Premium Gx,2015,16800000,205000,1
Nissan,Caravan Qd,1996,8250000,120000,1
Nissan,Caravan Qd 32,1998,8850000,185000,1
Nissan,Caravan Qd Long,1996,8250000,120000,1
Nissan,Caravan Qd32,2003,9075000,181508,2
Nissan,Caravan Qd32,2005,9850000,1,1
Nissan,Caravan Super Long Qd 3 2,1994,8500000,1,1
Nissan,Caravan Td27,1999,7400000,197450,1
Nissan,Caravan Vrg,1981,1725000,175062,2
Nissan,Caravan Vrge,1991,6575000,1000,1
Nissan,Caravan Vrge 24,1993,7250000,96554,1
Nissan,Caravan Vrge 24,1996,4750000,230000,2
Nissan,Caravan Vrge23,1981,1750000,1,1
Nissan,Caravan Vrge24,1991,6575000,1000,1
Nissan,Caravan Vrge24,1992,7150000,365486,1
Nissan,Caravan Vrge24,1994,8000000,228000,1
Nissan,Caravan Vwe 24,1998,7150000,555,1
Nissan,Caravan Vx,1990,5800000,224771,1
Nissan,Caravan Vx Diga Door 4,1994,7125000,17500,1
Nissan,Caravan Vx Long,1991,6700000,120000,1
Nissan,Caravan Vx Model,1989,5475000,200000,1
Nissan,Cedric Skyline Gt Sport,2001,6575000,178000,1
Nissan,Cefiro,1998,3500000,178509,1
Nissan,Cefiro,1999,3427500,114999,2
Nissan,Cefiro,2000,3385000,198000,1
Nissan,Cefiro,2002,3400000,111111,1
Nissan,Cefiro,2006,6600000,170000,1
Nissan,Cefiro,2007,6300000,120000,1
Nissan,Cefiro A33,2001,3875000,176000,2
Nissan,Cefiro A33,2005,4600000,176000,1
Nissan,Cefiro A33 Excimo-G,2000,4050000,172000,1
Nissan,Cherry Vanette,1982,1400000,200000,1
Nissan,Cherry Vanette,1988,1165000,185000,1
Nissan,Cherry Vanette,1989,1650000,123,1
Nissan,Cherry Vanette,1990,1500000,200000,1
Nissan,Clipper,2007,3541667,190164,3
Nissan,Clipper,2008,4625000,141800,2
Nissan,Clipper,2010,1600000,130000,1
Nissan,Clipper,2011,4833333,141333,3
Nissan,Clipper,2012,4687500,86000,2
Nissan,Clipper,2013,4816667,192333,3
Nissan,Clipper,2014,5350000,176500,2
Nissan,Clipper,2015,5412500,136000,2
Nissan,Clipper,2016,5806250,110825,4
Nissan,Clipper,2017,4012500,88500,2
Nissan,Clipper,2018,5244000,129000,5
Nissan,Clipper,2023,6837500,19602,6
Nissan,Clipper,2024,7305000,8569,5
Nissan,Clipper 100,2013,5150000,50000,1
Nissan,Clipper Da17 Nv100,2016,6250000,120000,1
Nissan,Clipper Da64,2015,5200000,96000,1
Nissan,Clipper Dx Gl,2024,7100000,7000,1
Nissan,Clipper Gl Led,2024,7050000,613,1
Nissan,Clipper Nv100,2015,6100000,74000,1
Nissan,Clipper Nv100 Every,2023,7390000,21000,1
Nissan,Clipper Pc,2024,7050000,4500,1
Nissan,Clipper Pc-Limited,2024,7550000,7000,1
Nissan,Clipper Wagon Pz,2024,8300000,12000,1
Nissan,D21,1980,2350000,12345,1
Nissan,D21,1984,3050000,25000,2
Nissan,D21,1985,3260000,183333,3
Nissan,D21,1986,1350000,1,1
Nissan,D21,1987,4250000,112000,1
Nissan,D21,1988,4050000,257541,1
Nissan,D21,1989,3850000,69119,3
Nissan,D21,1990,4425000,155000,4
Nissan,D21,1991,4650000,270000,1
Nissan,D21,1992,4423000,167342,5
Nissan,D21,1993,5500000,436000,1
Nissan,D21,1994,6350000,222,1
Nissan,D21,1996,6237500,221500,2
Nissan,D21,1997,6400000,175000,1
Nissan,D21,1999,4500000,250000,1
Nissan,D21,2000,6350000,130000,1
Nissan,D21 4Wd,1992,5000000,153421,1
Nissan,D22,1997,6975000,170565,2
Nissan,D22,1998,7000000,291500,2
Nissan,D22,2001,6600000,300000,1
Nissan,D22,2002,7100000,180000,1
Nissan,D22,2011,8350000,220000,2
Nissan,D22,2012,8350000,185000,1
Nissan,D22 4Wd,2004,6800000,178000,1
Nissan,D22 4Wd Doubel Cab,2011,8600000,180000,1
Nissan,D22 Single Cab,1997,3850000,213000,1
Nissan,D23,2016,13800000,206000,1
Nissan,Da17,2018,4200000,80000,1
Nissan,Datsun,1980,475000,1111,1
Nissan,Datsun,1981,1983333,72080,3
Nissan,Datsun,1982,1482500,150321,2
Nissan,Datsun,1983,1490000,245000,1
Nissan,Datsun,1984,1466667,152000,3
Nissan,Datsun,1985,1875000,61728,2
Nissan,Dayz,2015,5300000,77200,1
Nissan,Dayz,2016,5890000,88250,2
Nissan,Dayz,2017,5475000,140000,1
Nissan,Dayz,2018,5540000,102000,1
Nissan,Dayz,2023,7862500,12350,2
Nissan,Dayz,2024,7875000,5600,2
Nissan,Dayz G Turbo Pro Pilot,2023,8250000,6500,1
Nissan,Dayz Highway Star,2017,6117500,107624,2
Nissan,Dayz Highway Star,2018,6350000,115000,1
Nissan,Dayz Highway Star,2025,8350000,1350,1
Nissan,Dayz Highway Star G Turbo,2025,8290000,8700,1
Nissan,Dayz Highway Star G Turbo Propilot,2025,8990000,905,1
Nissan,Dayz Highway Star Pro Pilot G Turbo,2023,8250000,25,1
Nissan,Dayz X,2023,6790000,29800,1
Nissan,Dayz X Propilot,2023,6875000,31500,1
Nissan,Dbf-Vm20,2012,9300000,230000,1
Nissan,Dcab,1981,2200000,214726,1
Nissan,Doctor Sunny,1992,2300000,240000,1
Nissan,Doctor Sunny Fb13,1991,1775000,163678,1
Nissan,Double Cab,1980,1975000,89760,1
Nissan,Double Cab,1981,1275000,222,1
Nissan,Dualis,2007,6590000,169000,1
Nissan,Dualis,2008,6390000,75400,1
Nissan,Dustan,1989,4500000,350000,1
Nissan,Dutsun,1986,3400000,100000,1
Nissan,E 24,2000,9700000,149000,1
Nissan,E23,1986,800000,12345,1
Nissan,E24,1993,7100000,250000,1
Nissan,E25,2002,4351138,204500,2
Nissan,E25,2003,7183333,244667,3
Nissan,E25,2004,9416667,235000,3
Nissan,E25,2006,9300000,195000,2
Nissan,E25,2007,9043333,201431,3
Nissan,E25,2012,8130000,200000,1
Nissan,E25,2013,8650000,152000,1
Nissan,Emboss,1994,4850000,200000,1
Nissan,Env200,2014,9600000,111000,1
Nissan,Eovqe25,2001,8400000,140000,1
Nissan,Every Wagon Rio Da17 Turbo,2024,8590000,16000,1
Nissan,Ex Saloon,1997,2300000,222520,1
Nissan,Ex Saloon,2008,4500000,60029,1
Nissan,Familia Bg5P,1992,2190000,190000,1
Nissan,Fb12 Trad Sunny,1989,1650000,208000,1
Nissan,Fb12 Trad Sunny Super Saloon,1987,1170000,130000,1
Nissan,Fb13,1987,1500000,360000,1
Nissan,Fb13,1991,2325000,225000,1
Nissan,Fb13,1992,2325000,206000,2
Nissan,Fb13,1993,1775000,255052,2
Nissan,Fb13,1994,2250000,248000,1
Nissan,Fb13,1997,2850000,155000,1
Nissan,Fb13 Doctor Sunny,1990,800000,75000,1
Nissan,Fb13 Doctor Sunny,1992,1950000,1,1
Nissan,Fb13 Doctor Sunny,1993,2245000,240534,1
Nissan,Fb13 Doctor Sunny,1995,1750000,35000,1
Nissan,Fb13 Sunny,1992,1950000,1,1
Nissan,Fb13 Super Saloon,1991,2390000,146000,1
Nissan,Fb13 Super Saloon,1992,2350000,1000,1
Nissan,Fb14,1994,2550000,55500,2
Nissan,Fb14,1996,3217500,105950,4
Nissan,Fb14,1997,3163000,204917,5
Nissan,Fb14,1998,3430714,171447,7
Nissan,Fb14,2000,2995000,167000,2
Nissan,Fb14,2001,3092500,92500,2
Nissan,Fb14 Ex Saloon,1997,3175000,210000,1
Nissan,Fb14 Super Saloon,1996,3050000,180000,1
Nissan,Fb15,1998,3350000,180000,1
Nissan,Fb15,1999,3834286,159628,7
Nissan,Fb15,2000,4027143,179699,7
Nissan,Fb15,2001,4197222,142835,9
Nissan,Fb15,2002,4316667,176333,3
Nissan,Fb15,2003,4587500,145250,4
Nissan,Fb15,2004,4150000,190000,1
Nissan,Fb15,2005,4325000,1,1
Nissan,Fb15 Ex Saloon,1999,3865000,199000,1
Nissan,Fb15 Ex Saloon,2000,4075000,204000,2
Nissan,Fb15 Super Saloon,1999,4097500,229630,4
Nissan,Fb15 Super Saloon,2002,4390000,173922,1
Nissan,Fb15 Super Saloon Splend,2003,4210000,200000,1
Nissan,Fb15Car,2001,4200000,124560,1
Nissan,Frontier,2005,7800000,165000,1
Nissan,Gc-Sk82Vn,2022,6000000,225000,1
Nissan,Hb11,1984,1355000,167000,1
Nissan,Hb11 Laurel Spirit,1983,990000,1111,1
Nissan,Hb12,1987,1612500,179128,2
Nissan,Hb12 Trad Sunny,1987,1550000,3333,1
Nissan,Hb12 Trad Sunny Wagon,1987,1175000,100000,1
Nissan,Hb310,1979,650000,125000,1
Nissan,Hb310,1980,812500,137500,2
Nissan,Hb310,1983,1025000,95000,1
Nissan,Hb310,1984,595000,100000,1
Nissan,Homy,1982,1750000,175000,1
Nissan,Juke,2010,7420000,146000,2
Nissan,Juke,2011,7190000,116000,1
Nissan,Juke,2012,7100000,165000,1
Nissan,Juke,2013,6690000,159000,1
Nissan,Juke,2020,11700000,62000,2
Nissan,Juke F16,2020,12000000,26000,1
Nissan,Juke Safety Uk,2020,12975000,61000,1
Nissan,Largo,1988,1675000,110000,2
Nissan,Largo,1989,2481250,169189,4
Nissan,Largo,1990,2950000,1112,1
Nissan,Largo,1991,1550000,131878,3
Nissan,Largo,1992,2341667,100965,3
Nissan,Largo,1993,2085000,125,1
Nissan,Largo,2000,4700000,125000,1
Nissan,Leaf,2012,6345833,92167,6
Nissan,Leaf,2013,5750000,126500,1
Nissan,Leaf,2014,6712500,143409,4
Nissan,Leaf,2015,7800000,97286,7
Nissan,Leaf,2019,12000000,36500,1
Nissan,Leaf,2022,11500000,67000,1
Nissan,Leaf Azeo,2013,7233333,84799,3
Nissan,Leaf Azeo G,2013,8500000,137000,1
Nissan,Leaf Uk,2016,7750000,100000,1
Nissan,Lion Face,2001,5575000,250000,1
Nissan,Lion Face,2002,5850000,215000,1
Nissan,Lion Face,2004,5450000,185000,1
Nissan,Liteace Cm36,1990,3120000,220,1
Nissan,Magnite,2025,8979167,2935,12
Nissan,Magnite,2026,9000000,359,1
Nissan,Magnite Accenta,2025,7758333,6983,3
Nissan,Magnite Accenta Ez-Shift,2026,8350000,65,1
Nissan,Magnite Acenta Ez-Shift,2026,8350000,35,1
Nissan,Magnite Amt,2025,9250000,2000,1
Nissan,Magnite Cvt Turbo,2025,9950000,200,1
Nissan,Magnite Ez,2025,8700000,5500,1
Nissan,Magnite Ez Shift Tekna Plus,2025,8900000,1,1
Nissan,Magnite Ez-Shift,2025,9000000,977,1
Nissan,Magnite Tekna Ezshift,2025,9200000,60,1
Nissan,Magnite Tekna Plus,2025,8950000,14425,4
Nissan,Magnite Tekna Plus,2026,8950000,7000,1
Nissan,Magnite Tekna Plus Cvt,2026,9799999,10,1
Nissan,Magnite Tekna Plus Cvt Turbo,2025,9950000,50,1
Nissan,Magnite Tekna Plus Cvt Turbo,2026,9850000,50,1
Nissan,Magnite Tekna Plus Ez-Shift,2025,9200000,100,1
Nissan,Magnite Tekna Plus Ezshift,2025,9200000,50,1
Nissan,March,1996,2375000,201136,1
Nissan,March,1997,2645000,1,1
Nissan,March,2000,3565000,211000,1
Nissan,March,2001,3495000,121165,1
Nissan,March,2002,3633333,182667,3
Nissan,March,2003,3550000,147000,1
Nissan,March,2006,3490000,162000,1
Nissan,March Ak12,2002,3645000,109700,2
Nissan,March Ak12,2008,4500000,135000,1
Nissan,March Ak12,2010,4800000,144000,1
Nissan,March Ak12 Interligent Keys,2012,4795000,140000,1
Nissan,March K10,1991,1490000,85000,1
Nissan,March K11,1994,2300000,189000,1
Nissan,March K11,1995,2325000,150000,1
Nissan,March K11,1996,3130000,145400,2
Nissan,March K11,1997,2740000,175000,2
Nissan,March K11,1999,2932500,196000,2
Nissan,March K11,2000,3286250,150787,12
Nissan,March K11,2001,3270000,188725,4
Nissan,March K11,2002,3482500,157125,2
Nissan,March K12,2002,2713333,100245,3
Nissan,March K12,2003,3645000,147000,2
Nissan,March K12,2005,1275000,12345,1
Nissan,March K12,2007,4200000,139154,3
Nissan,March K12,2010,4500000,136000,1
Nissan,March K12 Generation,2006,1275000,1234,1
Nissan,March Nak12,2002,3600000,154000,1
Nissan,Mira Safety Grade,2017,5950000,62000,1
Nissan,Moco,2008,4700000,1,1
Nissan,Mx Coupe,1990,2850000,172000,1
Nissan,N16,2000,3892727,132225,11
Nissan,N16,2001,4262500,202000,2
Nissan,N16,2004,4282500,137000,2
Nissan,N16,2005,4350000,164500,1
Nissan,N16,2006,4150000,200000,1
Nissan,N16,2007,4175000,256000,1
Nissan,N16 Ex Sa,2003,3825000,180000,1
Nissan,N16 Ex Saloon,2001,4000000,146000,1
Nissan,N16 Ex Saloon,2006,4100000,180000,1
Nissan,N16 Luxury Edition,2004,5100000,90000,1
Nissan,N16 N17 Super Saloon,2003,4375000,185000,1
Nissan,N16 Sunny,1999,2995000,200000,1
Nissan,N16 Sunny,2001,3950000,79150,1
Nissan,N16 Sunny,2003,4190000,172000,1
Nissan,N16 Super Saloon,2001,3858333,76727,3
Nissan,N16 Super Saloon,2004,4150000,185000,1
Nissan,N17,2003,4275000,160000,1
Nissan,N17,2004,4495000,303500,1
Nissan,N17,2005,4185000,141600,1
Nissan,N17,2006,4550000,170000,1
Nissan,N17,2007,4750000,163478,1
Nissan,N17 Ex Saloon,2006,4075000,160000,1
Nissan,N17 Sunny Super Saloon,2004,4087500,164500,2
Nissan,N17 Super Saloon,2004,4275000,250000,1
Nissan,Navara,2006,6441667,176967,3
Nissan,Navara,2007,6051154,145177,13
Nissan,Navara,2008,3733333,121334,3
Nissan,Navara,2010,5450000,205733,6
Nissan,Navara,2017,15875000,134500,1
Nissan,Navara,2018,16000000,160000,1
Nissan,Navara Aventura,2007,7344091,170632,11
Nissan,Navara Aventura,2008,7500000,132880,1
Nissan,Navara Aventura,2012,7500000,1,1
Nissan,Navara D40,2007,7200000,200000,1
Nissan,Navara D40 Aventura,2008,7800000,155,1
Nissan,Navara Dc Dci,2006,7325000,123456,1
Nissan,Navara Frontier,2009,5400000,170000,1
Nissan,Navara Outlaw,2007,6800000,166333,3
Nissan,Navara Smart Cab,2010,5275000,220000,1
Nissan,Navara Uk Model,2006,6800000,116352,1
Nissan,Nissan,1982,1250000,185426,1
Nissan,Nissan,1984,4000000,369000,1
Nissan,Nissan,1985,1675000,722,2
Nissan,Nissan,1990,2650000,1,1
Nissan,Nissan,1992,2225000,123,1
Nissan,Nissan,1999,3750000,350000,1
Nissan,Nissan,2002,4350000,130000,1
Nissan,Nissan,2003,111111,82542,1
Nissan,Nissan,2011,4150000,11500,1
Nissan,Nv 100,2013,4500000,195238,1
Nissan,Nv 100,2014,4975000,126380,1
Nissan,Nv 100Clipper,2023,6800000,8000,1
Nissan,Nv 350,2013,15750000,187500,2
Nissan,Nv 350,2016,13800000,155000,1
Nissan,Nv 350,2017,16500000,240000,1
Nissan,Nv Ioo Clpper,2016,5590000,92000,1
Nissan,Nv100,2015,5900000,106271,3
Nissan,Nv100,2017,6800000,130000,1
Nissan,Nv100,2018,5550000,136000,1
Nissan,Nv100 Da17 Clipper,2018,6450000,69000,1
Nissan,Nv200,2009,8238333,159587,3
Nissan,Nv200,2011,9125000,127000,2
Nissan,Nv200,2012,8590000,139389,6
Nissan,Nv200,2014,9600000,147000,1
Nissan,Nv200,2015,9450000,129333,3
Nissan,Nv200,2017,12500000,40990,1
Nissan,Nv200,2018,11500000,98000,1
Nissan,Nv200 Vanette,2015,8250000,158000,1
Nissan,Nv350,2016,14500000,221744,1
Nissan,Original Doubel Cab,1982,1395000,225000,1
Nissan,Pathfinder,1983,4900000,200000,2
Nissan,Patrol,1980,3500000,180000,1
Nissan,Patrol,2012,20800000,222000,1
Nissan,Patrol,2013,28500000,150000,1
Nissan,Patrol Grx,2010,26500000,85000,1
Nissan,Patrol Grx,2011,24300000,284000,1
Nissan,Patrol Td42,2014,28500000,110000,1
Nissan,Patrol Y60,1982,2995000,1,1
Nissan,Patrol Y61 Grx,2010,26500000,85000,1
Nissan,Presea,1993,1355000,245544,1
Nissan,Presea,1995,2825000,130984,2
Nissan,Presea,1998,2725000,249000,1
Nissan,Presea R11 Refina,2001,4450000,136750,1
Nissan,Primera,2001,3750000,139500,1
Nissan,Primera P11,1998,3225000,123456,1
Nissan,Primera P11,2000,3750000,232000,1
Nissan,Pulsar,1989,1275000,14580,1
Nissan,Pulsar,1997,3066667,265000,3
Nissan,Pulsar,1999,3500000,150000,1
Nissan,Pulsar,2001,2800000,123456,1
Nissan,Pulsar Fb14,2002,3450000,234076,1
Nissan,Pulsar Fb14,2003,3450000,225314,1
Nissan,Pulsar Fn15,1996,3300000,156106,1
Nissan,Qashqai,2008,7000000,167000,1
Nissan,Qashqai,2018,12487500,83750,4
Nissan,Qashqai,2019,12650000,87400,2
Nissan,Qashqai J11,2018,12000000,85000,1
Nissan,Qashqai Tekna,2018,12490000,153000,1
Nissan,Qashqai Tekna Plus,2017,11500000,78000,1
Nissan,Qashqai Tekna Plus,2019,14800000,57000,1
Nissan,Qashqai Tekna Plus L Turbo Top Spec Uk,2019,12900000,101000,1
Nissan,Qd,2005,8900000,420000,1
Nissan,Roox,2023,8850000,31000,1
Nissan,Roox Highly Star Propilot,2024,8350000,12000,1
Nissan,Roox Highway Star,2024,8650000,4000,1
Nissan,Roox Highway Star G Turbo Urban Chrome Propilot Edition,2024,9375000,15600,1
Nissan,Roox Highway Star X Propilot Edition,2024,8590000,10000,1
Nissan,Roox Highway Starx,2024,8650000,1000,1
Nissan,Roox Hybrid,2023,7625000,17000,1
Nissan,Roox Hybrid X,2024,7900000,12000,1
Nissan,Roox-Highway Star-G Turbo,2023,8650000,12500,1
Nissan,Sb13,1991,2175000,10,1
Nissan,Sb13 Sunny,1993,2125000,150000,1
Nissan,Sb14,2008,3200000,1111111,1
Nissan,Sb14 Limited Sunny,1997,2550000,1,1
Nissan,Sb15 Ex Saloon,2001,4290000,181000,1
Nissan,Sd 25,1985,1500000,180000,1
Nissan,Sd720,1983,1800000,150000,1
Nissan,Serena,1992,1800000,100062,2
Nissan,Serena,1993,2825000,198000,1
Nissan,Serena,1994,2691667,221984,6
Nissan,Serena,1995,3000000,199000,2
Nissan,Serena,1996,3066667,158293,6
Nissan,Serena,1997,2875000,239161,4
Nissan,Serena,1998,3066667,128400,3
Nissan,Serena,1999,2350000,230563,1
Nissan,Serena,2013,12600000,178000,1
Nissan,Serena C25Cc,2010,13500000,110000,1
Nissan,Serena Fx2,1997,4300000,1,1
Nissan,Serena Turbo,1993,2225000,1234,1
Nissan,Serena Vx,2002,2875000,120000,1
Nissan,Shareena,1991,2075000,2500,1
Nissan,Skoda Sport,1987,590000,135840,1
Nissan,Sunny,1980,490000,190000,1
Nissan,Sunny,1984,1050000,300000,1
Nissan,Sunny,1987,1590000,250000,1
Nissan,Sunny,1990,2100000,1,1
Nissan,Sunny,1991,2350000,1,1
Nissan,Sunny,1993,2150000,300000,1
Nissan,Sunny,1998,2750000,314000,1
Nissan,Sunny,1999,3500000,248000,1
Nissan,Sunny,2001,3967500,140082,2
Nissan,Sunny,2007,1400000,145678,1
Nissan,Sunny B11,1985,1150000,200000,2
Nissan,Sunny B12,1948,16500000,246000,1
Nissan,Sunny B12,1988,1695000,120000,1
Nissan,Sunny Fb13 Super Saloon 25Th Anniversary,1993,2350000,150,1
Nissan,Sunny Fb14,1998,3375000,160000,1
Nissan,Sunny Fb14,1999,3350000,153421,1
Nissan,Sunny Fb14,2000,3750000,153421,1
Nissan,Sunny Fb14,2001,3850000,153421,1
Nissan,Sunny Fb14 Ex Slaoon,1996,3290000,175000,1
Nissan,Sunny Fb15,2000,3885000,185000,1
Nissan,Sunny Fb15,2001,4246667,185000,3
Nissan,Sunny Fb15,2002,3775000,175000,1
Nissan,Sunny Fb15 Super Saloon,2002,4625000,225000,1
Nissan,Sunny Hb11,1986,785000,100000,1
Nissan,Sunny Hb11 Long Buffer,1985,1095000,250000,1
Nissan,Sunny N17,2008,4675000,163000,1
Nissan,Sunny N17,2012,5375000,148000,1
Nissan,Super Long,1997,11900000,1,1
Nissan,Sylphy,2007,6800000,180000,1
Nissan,Sylphy N17,2004,4395000,303500,1
Nissan,Teana 250 Xv,2008,8950000,102000,1
Nissan,Teana J32,2010,8990000,180000,1
Nissan,Teana Jk 230,2003,5690000,168000,1
Nissan,Tiida,2006,4950000,200000,2
Nissan,Tiida,2007,5391667,162311,3
Nissan,Tiida,2010,5935000,170150,2
Nissan,Tiida,2011,5000000,98000,1
Nissan,Tiida Latio,2007,5262500,172500,2
Nissan,Tiida Latio,2008,5462500,119000,2
Nissan,Trad Sunny,1989,1850000,190000,1
Nissan,Trad Sunny,1990,1590000,100000,1
Nissan,Trad Sunny,1992,975000,86,1
Nissan,Trad Sunny,1998,1650000,236617,1
Nissan,Trad Sunny Hb12,1987,1670000,150000,1
Nissan,Trad Sunny Hb12 Super Saloon,1990,1490000,150000,1
Nissan,Tribute,2005,5000000,170000,1
Nissan,Ua 720,1982,2000000,300000,1
Nissan,Urvan Nv 350,2016,14750000,237500,1
Nissan,Vanette,1982,1548333,150370,3
Nissan,Vanette,1983,1650000,260000,1
Nissan,Vanette,1984,1531667,85975,3
Nissan,Vanette,1985,1462500,122861,4
Nissan,Vanette,1986,1975833,56190,6
Nissan,Vanette,1987,2219167,91588,6
Nissan,Vanette,1988,2470000,362500,2
Nissan,Vanette,1989,2074545,105121,11
Nissan,Vanette,1990,2507500,139603,14
Nissan,Vanette,1991,5455000,187211,9
Nissan,Vanette,1992,3356250,240641,4
Nissan,Vanette,1993,3305000,153210,7
Nissan,Vanette,1994,3454500,213702,10
Nissan,Vanette,1995,4395714,128476,7
Nissan,Vanette,1996,4506250,218542,8
Nissan,Vanette,1997,4441667,170003,3
Nissan,Vanette,1998,4308077,172860,13
Nissan,Vanette,1999,5262500,207791,6
Nissan,Vanette,2000,5080000,67272,5
Nissan,Vanette,2001,5312857,208593,7
Nissan,Vanette,2002,4708333,115664,3
Nissan,Vanette,2003,5354167,179860,6
Nissan,Vanette,2004,4818333,235000,3
Nissan,Vanette,2006,6895714,176238,14
Nissan,Vanette,2007,6239167,147196,12
Nissan,Vanette,2008,6400000,119785,4
Nissan,Vanette,2009,6450000,117000,1
Nissan,Vanette,2010,6950000,193000,1
Nissan,Vanette,2011,6765000,197500,2
Nissan,Vanette,2012,6217500,94566,2
Nissan,Vanette,2015,10200000,102000,1
Nissan,Vanette C22,1989,2380000,1234,1
Nissan,Vanette C22,1995,3200000,69000,1
Nissan,Vanette Dx,1992,3350000,59000,1
Nissan,Vanette Gl,2005,6500000,370000,1
Nissan,Vanette Gl,2006,7675000,153000,1
Nissan,Vanette Gl,2007,7275000,233400,1
Nissan,Vanette Gl,2010,6775000,145000,1
Nissan,Vanette Gl,2011,6550000,119786,1
Nissan,Vanette Largo,1987,2500000,228000,1
Nissan,Vanette Lion Face,1999,5650000,250000,1
Nissan,Vanette Lion Face,2000,5511667,194667,3
Nissan,Vanette Lion Face,2001,5300000,50000,1
Nissan,Vanette Lion Face,2002,5790000,210000,1
Nissan,Vanette Lion Face,2005,5583333,130000,3
Nissan,Vanette Lion Face,2006,6175000,140596,1
Nissan,Vanette Lion Face,2007,6750000,220000,1
Nissan,Vanette Lion Face,2011,6503750,154116,4
Nissan,Vanette Lion Face,2014,7150000,145000,1
Nissan,Vanette Lion Face Gl,2006,6850000,158761,1
Nissan,Vfy11 Ad Wagon Japan,2003,3175000,175000,1
Nissan,Vre24,1994,6250000,200000,1
Nissan,Vrg,1979,1050000,55555,1
Nissan,Vrg,1983,1650000,100000,1
Nissan,Vrg,1987,1000000,199,1
Nissan,Vrg Gl,1986,3850000,11111,1
Nissan,Vrge 24,1989,5450000,9548,1
Nissan,Vv1C23,1993,2495000,160000,1
Nissan,Wagon,2018,7500000,74000,2
Nissan,Wingroad,1997,2255000,196099,4
Nissan,Wingroad,1998,2985000,174367,4
Nissan,Wingroad,1999,2972500,217147,2
Nissan,Wingroad,2000,3980000,200100,1
Nissan,Wingroad,2001,3360000,170000,1
Nissan,Wingroad,2003,3275000,165999,1
Nissan,Wingroad,2004,4700000,105000,1
Nissan,Wingroad,2007,4340000,149000,1
Nissan,Wingroad,2008,5400000,157000,1
Nissan,Wingroad Vy10,1997,2687500,244000,2
Nissan,Wingroad Wfy11,2003,3375000,175000,1
Nissan,X-Trail,2000,5687500,172500,2
Nissan,X-Trail,2001,5375000,178667,6
Nissan,X-Trail,2002,5581000,199400,5
Nissan,X-Trail,2003,6000000,181435,2
Nissan,X-Trail,2004,6750000,111500,1
Nissan,X-Trail,2005,6000000,200000,1
Nissan,X-Trail,2006,6070000,144752,2
Nissan,X-Trail,2007,7975000,84000,1
Nissan,X-Trail,2008,5091667,179667,3
Nissan,X-Trail,2010,8000000,200000,1
Nissan,X-Trail,2012,10233333,162000,3
Nissan,X-Trail,2013,10759000,126178,5
Nissan,X-Trail,2014,11200000,133500,2
Nissan,X-Trail,2015,9969853,141912,34
Nissan,X-Trail,2016,10726852,109850,27
Nissan,X-Trail 31,2008,8950000,180000,1
Nissan,X-Trail 4X4,2003,6400000,200000,1
Nissan,X-Trail E-Power,2024,26995000,900,1
Nissan,X-Trail E-Power Limited,2024,25745000,13450,2
Nissan,X-Trail Ht32,2015,10850000,85000,1
Nissan,X-Trail Mode Premier,2015,11050000,168000,1
Nissan,X-Trail Mode Premier,2016,10583333,110000,3
Nissan,X-Trail Premier,2016,9832500,134500,2
Nissan,X-Trail Premium,2013,9550000,190000,1
Nissan,X-Trail Premium,2016,11650000,138000,1
Nissan,X-Trail T-30,2003,6100000,255000,1
Nissan,X-Trail T30,2001,5641667,246000,3
Nissan,X-Trail T30,2002,5950000,141000,1
Nissan,X-Trail T30,2003,5250000,170000,1
Nissan,X-Trail T30 Qr25 4Wd,2002,6100000,195750,1
Nissan,X-Trail T31,2007,7285000,200000,1
Nissan,X-Trail T31,2013,10000000,135000,1
Nissan,X-Trail T32,2015,9800000,151000,1
Nissan,X-Trail T32,2016,9450000,190000,1
Nissan,Y10,1996,2275000,123,1
Nissan,Y10,1999,2590000,236500,1
Nissan,Y10,2003,1850000,123456,1
Nissan,Y11,2002,3650000,300000,1
Nissan,Y11,2006,3250000,152000,1
Nissan,Y11 Ad Wagon,2000,3200000,267500,1
Nissan,Zx,2017,6800000,139000,1
Opel,Astra,1999,1900000,1,1
Opel,Astra,2001,2400000,190000,1
Other,Regues,1999,7500000,396799,1
Other,Renegade,2017,11900000,108000,1
Perodua,Axia,2015,5490000,170000,1
Perodua,Axia,2016,5467500,114226,2
Perodua,Axia,2017,5770000,98500,2
Perodua,Axia G Grade,2015,5225000,120000,1
Perodua,Axia G Grade,2017,5885000,110000,1
Perodua,Axia G Grade,2019,6421667,36883,3
Perodua,Axia Se,2025,8800000,4900,1
Perodua,Bezza,2018,7125000,78612,2
Perodua,Bezza,2019,6670000,79000,2
Perodua,Bezza,2020,6800000,89000,1
Perodua,Bezza,2025,8285000,10000,1
Perodua,Kancil,1998,2795000,1,1
Perodua,Kelisa,2003,3175000,83,2
Perodua,Kelisa,2004,3100000,250000,1
Perodua,Kelisa,2005,3057500,100000,2
Perodua,Kelisa,2006,3392500,85000,2
Perodua,Kelisa,2007,3250000,171000,2
Perodua,Kelisa,2008,3600000,152000,1
Perodua,Kenari,2007,3555000,43375,3
Perodua,Kenari,2008,3497000,107830,5
Perodua,Viva Elite,2010,4195000,88121,6
Perodua,Viva Elite,2011,4281429,112954,14
Perodua,Viva Elite,2012,4362500,111864,10
Perodua,Viva Elite,2013,4525000,117921,6
Perodua,Viva Elite,2014,4806667,126667,3
Perodua,Viva Elite Premium,2010,4311667,132333,3
Perodua,Viva Elite Premium,2011,4458000,139200,5
Perodua,Viva Elite Premium,2012,4690000,134000,1
Peugeot,2008E Electric,2022,15850000,9000,1
Peugeot,206,2001,3162500,154250,2
Peugeot,206,2002,1575000,59895,4
Peugeot,206,2005,2900000,65000,1
Peugeot,206,2006,3350000,130000,1
Peugeot,207,2007,4575000,129876,1
Peugeot,3008,2011,8650000,219000,1
Peugeot,3008,2016,11800000,122000,1
Peugeot,3008,2018,13300000,133667,3
Peugeot,3008,2019,15128571,66101,7
Peugeot,3008,2020,18150000,59875,4
Peugeot,3008 Active Customized,2018,13000000,100000,1
Peugeot,3008 Allure Plus,2018,13625000,124000,2
Peugeot,3008 Gt Line,2018,14137500,127250,4
Peugeot,3008 Gt Line,2019,16850000,79000,2
Peugeot,3008 Premium Gt Line,2020,16500000,103000,1
Peugeot,307 Sw,2003,2950000,175000,1
Peugeot,405,1994,1600000,235000,1
Peugeot,406,2000,3050000,59431,2
Peugeot,406,2001,3100000,75008,2
Peugeot,406,2002,2917500,195000,2
Peugeot,406,2003,1887500,50617,2
Peugeot,406 D9,2001,3100000,230,1
Peugeot,407,2007,5112500,155500,2
Peugeot,5008,2018,15250000,91600,2
Peugeot,5008,2019,16400000,77000,4
Peugeot,5008 Allure,2018,15900000,67000,1
Peugeot,5008 Allure Premiumgt,2019,22500000,56000,1
Peugeot,5008 Allure Ss,2018,14800000,58000,1
Peugeot,5008 Gt Line,2018,15500000,75000,1
Peugeot,5008 Gt Line,2019,19000000,54000,1
Peugeot,5008 Gtline,2018,18500000,86000,1
Peugeot,505,1988,4850000,64000,1
Peugeot,508,2012,1975000,4555,3
Peugeot,Allure,2017,13500000,57000,1
Peugeot,Gt,2008,22000000,10000,1
Peugeot,Peugeot,2008,8018750,78750,4
Peugeot,Qt Premium Ev,2008,29000000,15000,1
Porsche,Cayenne,2011,16000000,90000,1
Proton,Saga,1988,595000,1122,1
Proton,Wira,1996,1300000,100000,1
Proton,Wira,2001,2500000,117400,1
Proton,Wira,2005,2250000,1,1
Range-Rover,Discovery Sports,2017,3475000,95000,1
Range-Rover,Evoque,2012,15500000,168000,1
Range-Rover,Evoque,2013,15989000,149600,10
Range-Rover,Evoque Hse,2013,16550000,112000,1
Range-Rover,Safari 3,1968,3200000,111111,1
Range-Rover,Sport Hsebiography,2008,26500000,123000,1
Renault,Kwid,2016,3570909,106519,11
Renault,Kwid,2017,3175000,100000,1
Renault,Kwid,2020,5275000,25000,1
Renault,Kwid Rxt,2019,4550000,35200,1
Senaro,Cg 125,2005,65,5000,1
Ssangyong,Kyron,2008,5200000,180000,1
Ssangyong,Rexton W,2016,11500000,140000,1
Ssangyong,Rexton W Exid 20,2016,11600000,105000,1
Subaru,Forester,2010,8900000,220000,2
Subaru,Pleo Mira,2016,5190000,92000,1
Subaru,R2,2004,3160000,146000,2
Subaru,R2,2005,1200000,1,1
Subaru,Rex,2023,11850000,11000,1
Subaru,Sambar,1998,1500000,200000,1
Subaru,Sambar,1999,2350000,32958,1
Subaru,Sambar,2000,2350000,75400,1
Subaru,Sambar,2001,2612500,126676,2
Subaru,Sambar,2003,375000,98632,1
Subaru,Sambar,2004,2350000,100000,1
Subaru,Sambar,2007,3075000,149231,1
Subaru,Subaru,1983,800000,35268,1
Subaru,Subaru,2013,3100000,165000,1
Subaru,Vkv3,1999,2100000,150000,1
Subaru,Xv,2014,9212500,114128,2
Subaru,Xv,2015,10500000,104000,1
Subaru,Xv,2016,8500000,217738,1
Subaru,Xv Eyesight,2013,7550000,145000,1
Subaru,Xv Eyesight,2014,8900000,134000,1
Suzuki,A-Star,2011,4050833,102767,6
Suzuki,A-Star,2012,4312500,136910,2
Suzuki,A-Star Abs,2012,4590000,135000,1
Suzuki,Aerio Liana,2004,4275000,18500,1
Suzuki,Alto,2001,3050000,186000,1
Suzuki,Alto,2003,2975000,153000,1
Suzuki,Alto,2004,3675000,132000,2
Suzuki,Alto,2005,2675000,150000,1
Suzuki,Alto,2006,2740000,133228,2
Suzuki,Alto,2007,2775000,140000,1
Suzuki,Alto,2008,2790000,141000,1
Suzuki,Alto,2010,2995000,129083,6
Suzuki,Alto,2011,3079000,117339,15
Suzuki,Alto,2012,3225000,122500,2
Suzuki,Alto,2013,3437500,210947,2
Suzuki,Alto,2014,3662000,126849,5
Suzuki,Alto,2015,3739655,107855,58
Suzuki,Alto,2016,4167500,103383,10
Suzuki,Alto,2017,4497143,91222,7
Suzuki,Alto,2018,4325000,39000,1
Suzuki,Alto,2024,6475000,2500,1
Suzuki,Alto 800,2013,3475000,197000,1
Suzuki,Alto 800,2015,3646667,131225,3
Suzuki,Alto 800,2016,3750000,110000,1
Suzuki,Alto 800 Lxi,2015,3787500,31000,2
Suzuki,Alto Japan,1999,2800000,1,1
Suzuki,Alto Japan,2002,2700000,100000,1
Suzuki,Alto Japan,2003,3222500,60500,2
Suzuki,Alto Japan,2004,3700000,127967,3
Suzuki,Alto Japan,2008,3745000,155008,1
Suzuki,Alto Japan,2016,5175000,89171,1
Suzuki,Alto Japan,2017,5437000,85700,5
Suzuki,Alto Japan,2018,5370000,92500,2
Suzuki,Alto Japan,2023,6695000,3166,1
Suzuki,Alto Japan 18,2016,5050000,106000,1
Suzuki,Alto Japan Safety,2018,5560000,89000,1
Suzuki,Alto K10,2011,3418750,108933,4
Suzuki,Alto K10,2012,3375000,133250,4
Suzuki,Alto K10,2013,3425000,125000,1
Suzuki,Alto K10,2014,3525000,151232,1
Suzuki,Alto K10,2015,4212500,125375,4
Suzuki,Alto K10,2016,4925000,62000,1
Suzuki,Alto K10 Vxi,2015,4375000,125000,1
Suzuki,Alto L Grade,2025,6725000,3600,1
Suzuki,Alto Lxi,2005,2985000,167000,1
Suzuki,Alto Lxi,2006,2950000,135400,1
Suzuki,Alto Lxi,2008,2875000,91000,1
Suzuki,Alto Lxi,2010,2895000,110000,1
Suzuki,Alto Lxi,2013,3372500,158500,2
Suzuki,Alto Lxi,2014,3575000,104210,1
Suzuki,Alto Lxi,2015,3916000,100800,5
Suzuki,Alto Lxi,2017,4425000,79000,1
Suzuki,Alto Lxi Sport,2011,3175000,14650,1
Suzuki,Alto Model,2017,3950000,144000,1
Suzuki,Alto Sport,2009,2990000,148000,1
Suzuki,Alto Sport,2010,2977500,124000,2
Suzuki,Alto Sport,2011,3075000,175000,1
Suzuki,Alto Sport,2014,3590000,120000,1
Suzuki,Alto Sport,2015,4075000,100000,1
Suzuki,Alto Vxi,2015,3590000,95280,1
Suzuki,Baleno,1998,2175000,197000,1
Suzuki,Baleno,2018,7700000,82000,1
Suzuki,Baleno,2019,7300000,122358,1
Suzuki,Burgman,2019,618000,80000,1
Suzuki,Carry,2000,1887500,183748,4
Suzuki,Carry,2002,3250000,150000,1
Suzuki,Carry Japan,2005,3150000,196000,1
Suzuki,Celerio,2014,4768000,101665,5
Suzuki,Celerio,2015,4897857,114645,14
Suzuki,Celerio,2016,4595000,75000,1
Suzuki,Celerio,2018,5790000,86000,1
Suzuki,Celerio Vxi,2014,4495000,122000,1
Suzuki,Celerio Vxi,2016,4890000,68900,1
Suzuki,Celerio Vxi Amt,2016,4750000,120000,1
Suzuki,Celerio X,2018,5590000,127000,1
Suzuki,Celerio X Zxi,2018,5790000,86000,1
Suzuki,Celerio X Zxi,2020,5875000,81000,1
Suzuki,Celerio Zxi,2014,4600000,128000,1
Suzuki,Celerio Zxi,2015,4425000,131000,1
Suzuki,Celerio Zxi,2017,5362500,93350,2
Suzuki,Cervo Japan,2007,3850000,175000,1
Suzuki,Ciaz,2016,6300000,145000,1
Suzuki,Cultus,1997,2400000,210000,1
Suzuki,Da 17,2016,5750000,97200,1
Suzuki,Da 52,1999,3275000,180125,1
Suzuki,Da17,2015,550000,123000,1
Suzuki,Da17,2016,6203750,105000,4
Suzuki,Da17,2017,5250000,153000,1
Suzuki,Da17,2018,6425000,103000,1
Suzuki,Da64,2006,4550000,172860,1
Suzuki,Da64,2011,4967500,147500,2
Suzuki,Da64,2013,5337500,56272,2
Suzuki,Da64,2014,5600000,142300,2
Suzuki,Dual Purpose,2018,5775000,65000,1
Suzuki,Elto,2007,2825000,125000,1
Suzuki,Escudo,1996,4475000,300000,1
Suzuki,Escudo,1999,4800000,85000,1
Suzuki,Escudo,2000,4600000,220000,1
Suzuki,Escudo,2002,5000000,150000,1
Suzuki,Escudo,2003,4300000,245396,2
Suzuki,Escudo,2004,5245000,169469,2
Suzuki,Escudo,2006,2000000,206000,1
Suzuki,Escudo Grand Vitara Xl 7,2004,5750000,145000,1
Suzuki,Escudo Vitara,2000,4350000,175000,1
Suzuki,Escudo Xl7,2003,5900000,200000,1
Suzuki,Esteem,1999,1850000,135000,1
Suzuki,Esteem,2000,1675000,125000,1
Suzuki,Esteem,2005,2417500,119688,2
Suzuki,Esteem,2007,2550000,75000,1
Suzuki,Estilo,2010,3581667,158667,3
Suzuki,Estilo,2011,3790000,112470,1
Suzuki,Estilo,2020,3770000,140000,1
Suzuki,Estilo Zen Vxi,2010,3490000,162000,1
Suzuki,Every,1998,2240000,147500,2
Suzuki,Every,1999,3122222,113923,9
Suzuki,Every,2000,3080000,129074,3
Suzuki,Every,2001,3498333,168874,6
Suzuki,Every,2002,3450000,185093,5
Suzuki,Every,2003,1183000,142306,5
Suzuki,Every,2004,3379000,176000,5
Suzuki,Every,2005,3350000,1,1
Suzuki,Every,2006,3876667,160000,6
Suzuki,Every,2007,4542857,147571,7
Suzuki,Every,2008,4570000,172000,1
Suzuki,Every,2011,4984000,148732,5
Suzuki,Every,2012,5165833,112583,6
Suzuki,Every,2013,5397500,127333,6
Suzuki,Every,2014,5436136,106593,22
Suzuki,Every,2015,5865000,70222,6
Suzuki,Every,2016,5800625,108684,16
Suzuki,Every,2017,5720682,99365,22
Suzuki,Every,2018,5344923,91431,13
Suzuki,Every,2019,6450000,61333,3
Suzuki,Every,2022,8012500,44069,2
Suzuki,Every,2023,7223000,14960,5
Suzuki,Every,2024,7077500,5502,10
Suzuki,Every,2025,7194167,1226,6
Suzuki,Every Clipper Rio,2023,8275000,12000,1
Suzuki,Every Da 17,2017,5412500,120500,2
Suzuki,Every Da 17 Join,2017,6425000,74850,1
Suzuki,Every Da17,2015,5370000,65085,2
Suzuki,Every Da17,2016,5510000,89742,3
Suzuki,Every Da17,2017,5723750,89625,8
Suzuki,Every Da17,2018,6175000,90500,2
Suzuki,Every Da17,2019,5945000,67500,4
Suzuki,Every Da17,2020,6000000,120000,1
Suzuki,Every Da17,2024,7190000,20,1
Suzuki,Every Da17 Full Join Premium,2024,8275000,5000,1
Suzuki,Every Da17 Ga,2016,5800000,109000,1
Suzuki,Every Da17V,2016,5937500,53206,4
Suzuki,Every Da17V,2017,5775000,74000,2
Suzuki,Every Da17V,2019,6400000,110000,1
Suzuki,Every Da51V,2003,1850000,1234,1
Suzuki,Every Da52,1999,3290000,98000,1
Suzuki,Every Da52,2000,3220000,162500,3
Suzuki,Every Da62 Join,2001,3540000,114300,1
Suzuki,Every Da64,2010,5350000,110000,1
Suzuki,Every Da64,2012,4875000,125000,1
Suzuki,Every Da64,2014,5468000,124600,5
Suzuki,Every Da64,2015,5337500,25590,2
Suzuki,Every Da64,2019,5600000,142000,1
Suzuki,Every Da64 Full,2011,4975000,132000,1
Suzuki,Every Da64 Semi Join,2011,5175000,130000,1
Suzuki,Every Da64V,2012,4995000,113000,1
Suzuki,Every Dr17,2015,5585000,76000,1
Suzuki,Every Full,2018,6690000,78000,1
Suzuki,Every Full Join,2002,3850000,208000,1
Suzuki,Every Full Join,2016,5950000,156000,1
Suzuki,Every Full Join,2017,7050000,26000,1
Suzuki,Every Full Join,2024,8462500,5750,2
Suzuki,Every Full Join,2025,8320000,2370,2
Suzuki,Every Full Join Turbo,2010,5275000,147000,1
Suzuki,Every Full Join Turbo,2012,5525000,97260,1
Suzuki,Every Full Join Turbo,2013,5500000,104507,3
Suzuki,Every Full Join Turbo,2014,5500000,120000,1
Suzuki,Every Full Join Turbo,2018,6975000,86000,1
Suzuki,Every Full Join Turbo,2020,6475000,82475,2
Suzuki,Every Full Join Turbo,2024,7950000,9500,1
Suzuki,Every Full Join Turbo,2025,8850000,1,1
Suzuki,Every Full Join Turbo With,2025,8390000,350,1
Suzuki,Every Join,1999,3475000,168000,1
Suzuki,Every Join,2018,6800000,62000,1
Suzuki,Every Join,2023,7600000,6000,1
Suzuki,Every Join,2024,8133333,5557,3
Suzuki,Every Join,2025,8237500,232,2
Suzuki,Every Join Da62,2003,3875000,100000,1
Suzuki,Every Join Safety,2023,7390000,24000,1
Suzuki,Every Pa,2023,6750000,23000,1
Suzuki,Every Pa Limited,2022,6695000,19500,2
Suzuki,Every Pa Limited,2023,6600000,20000,1
Suzuki,Every Pa Limited,2024,7482500,3350,4
Suzuki,Every Pa Limited,2025,7430000,1824,5
Suzuki,Every Pa Limited Da17V,2025,7590000,223,1
Suzuki,Every Pc,2024,7250000,129,2
Suzuki,Every Pc Ltd,2023,7450000,4600,1
Suzuki,Every Pz Turbo,2024,8890000,12000,2
Suzuki,Every Safety Full,2023,6900000,16700,1
Suzuki,Every Semi,2007,4595000,153000,1
Suzuki,Every Semi Join,2001,3300000,190000,1
Suzuki,Every Semi Join,2011,5390000,144000,1
Suzuki,Every Semi Join,2014,5575000,107000,3
Suzuki,Every Turbo,1995,5300000,120000,1
Suzuki,Every Turbo,2015,5985000,97000,1
Suzuki,Every Wagon,2012,5300000,129000,1
Suzuki,Every Wagon,2014,6600000,75000,1
Suzuki,Every Wagon,2015,6237500,111250,2
Suzuki,Every Wagon,2016,7600000,130000,1
Suzuki,Every Wagon,2017,5850000,103750,2
Suzuki,Every Wagon,2018,7145000,108000,2
Suzuki,Every Wagon,2020,6800000,94000,1
Suzuki,Every Wagon,2023,8450000,7500,1
Suzuki,Every Wagon,2024,9000000,22000,1
Suzuki,Every Wagon Da64,2007,5500000,170000,1
Suzuki,Every Wagon Plz Turbo,2022,8700000,15000,1
Suzuki,Every Wagon Pz,2024,8850000,530,1
Suzuki,Every Wagon Pz Turbo,2023,8475000,11100,2
Suzuki,Every Wagon Pz Turbo,2024,8800000,21000,2
Suzuki,Every Wagon Pz Turbo,2025,9266667,1020,3
Suzuki,Every Wagon Pz Turbo Special Edition,2024,8830000,9500,1
Suzuki,Every Wagon Turbo,2014,5900000,107000,1
Suzuki,Every Wagon Turbo,2017,7075000,70500,2
Suzuki,Every Wagon Turbo,2018,8495000,81250,1
Suzuki,Every Wagon Turbo,2023,8650000,4500,1
Suzuki,Fronx,2025,10500000,4250,2
Suzuki,Fronx Turbo Alpha,2025,10600000,690,1
Suzuki,Gixxer Sf,2017,510000,39000,1
Suzuki,Grand Escudo,2001,6200000,120000,1
Suzuki,Grand Escudo,2003,6695000,224450,1
Suzuki,Grand Escudo,2004,4680000,150000,2
Suzuki,Grand Vitara,1998,4475000,176000,1
Suzuki,Grand Vitara,1999,4562500,56588,2
Suzuki,Grand Vitara,2000,4950000,150000,1
Suzuki,Grand Vitara,2005,5795000,195000,1
Suzuki,Grand Vitara,2006,7200000,138000,1
Suzuki,Grand Vitara,2012,8450000,142333,3
Suzuki,Grand Vitara,2013,8233333,143333,3
Suzuki,Grand Vitara,2014,8512500,115500,2
Suzuki,Grand Vitara Sports,2019,9475000,85000,1
Suzuki,Grand Vitara Turbo,1999,2875000,165000,1
Suzuki,Grand Vitara Xl7 V6,2005,5750000,250000,1
Suzuki,Gypsy,1978,2600000,1000,1
Suzuki,Gypsy,1999,1250000,241000,1
Suzuki,Hbd-Da64V Every,2014,6400000,206955,1
Suzuki,Hustler,2015,5650000,109150,4
Suzuki,Hustler,2016,5825000,114885,2
Suzuki,Hustler,2017,6087500,97000,4
Suzuki,Hustler,2018,5980000,97120,1
Suzuki,Hustler,2023,8200000,9200,1
Suzuki,Hustler,2025,7790000,94,1
Suzuki,Hustler G,2016,5885000,115000,1
Suzuki,Hustler J Style,2016,6675000,52156,1
Suzuki,Hustler Tough Wild,2024,8690000,300,1
Suzuki,Hustler Tough Wild Turbo,2024,8595000,10750,1
Suzuki,Hustler X,2024,7950000,7500,1
Suzuki,Jimny,1990,2300000,25000,1
Suzuki,Jimny,2001,4300000,122000,2
Suzuki,Jimny,2016,7000000,55158,1
Suzuki,Jimny,2017,6375000,69444,2
Suzuki,Jimny,2018,6200000,29000,1
Suzuki,Jimny,2020,6750000,41000,1
Suzuki,Jimny,2023,9650000,5400,1
Suzuki,Jimny,2025,10000000,7400,1
Suzuki,Jimny Jb23W,2017,6275000,89000,1
Suzuki,Jimny Jb64 Xl Grade,2023,9000000,28000,1
Suzuki,Kei,2011,4295000,70000,1
Suzuki,Liana,2006,4500000,214000,1
Suzuki,Mariti Own 1,2008,2295000,69000,1
Suzuki,Maruti,1996,1350000,1111,1
Suzuki,Maruti,1998,1485000,185000,1
Suzuki,Maruti,1999,1450000,1,1
Suzuki,Maruti,2002,1695000,7587,1
Suzuki,Maruti,2004,1852500,54832,2
Suzuki,Maruti,2005,1883333,84431,6
Suzuki,Maruti,2006,2069167,112268,6
Suzuki,Maruti,2007,2106000,57074,5
Suzuki,Maruti,2008,2266667,46727,3
Suzuki,Maruti,2009,2220000,75500,2
Suzuki,Maruti,2010,2335000,129000,2
Suzuki,Maruti,2011,2393000,68445,5
Suzuki,Maruti,2012,2364000,95542,5
Suzuki,Maruti,2013,2575000,123456,1
Suzuki,Maruti 800,1995,1380000,95000,2
Suzuki,Maruti 800,1996,1050000,75000,1
Suzuki,Maruti 800,1997,1490000,114000,1
Suzuki,Maruti 800,2000,1400000,1111,1
Suzuki,Maruti 800,2004,1862500,123500,2
Suzuki,Maruti 800,2005,1847000,89239,5
Suzuki,Maruti 800,2006,2290000,56000,1
Suzuki,Maruti 800,2008,2045000,185820,1
Suzuki,Maruti 800,2010,2447500,89750,2
Suzuki,Maruti 800,2011,2451250,77440,4
Suzuki,Maruti 800,2012,2522500,102112,4
Suzuki,Maruti 800,2013,2540000,66950,1
Suzuki,Maruti Alto 800,2007,2850000,190000,1
Suzuki,Maruti Efi,2005,1890000,141000,1
Suzuki,Maruti Jimny,2005,2200000,123,1
Suzuki,Maruti Owner 1 Recrds,2008,2295000,69000,1
Suzuki,Maruti Wagon R,2007,3490000,135000,1
Suzuki,Nexon,2020,7200000,26000,1
Suzuki,Omni,2002,1275000,98542,1
Suzuki,Omni,2003,1750000,67523,1
Suzuki,Omni,2004,6691667,84000,3
Suzuki,Omni,2005,1650000,100000,1
Suzuki,Omni,2006,1975000,30484,2
Suzuki,Omni,2007,2350000,123456,1
Suzuki,Omni,2008,1950000,1,1
Suzuki,Omni,2011,1950000,100000,1
Suzuki,Omni,2012,2250000,130000,1
Suzuki,Omni,2016,2991667,131688,3
Suzuki,Omni E,2008,2150000,67000,1
Suzuki,S Cross,2017,9050000,63000,2
Suzuki,S Cross,2018,9275000,84753,4
Suzuki,S Presso,2019,5800000,43000,1
Suzuki,S-Cross Sx4,2018,9490000,86000,1
Suzuki,Spacia,2015,5500000,130000,2
Suzuki,Spacia,2016,5613333,125000,3
Suzuki,Spacia,2017,6125000,89774,2
Suzuki,Spacia,2018,6642500,84000,2
Suzuki,Spacia,2023,7781667,26460,3
Suzuki,Spacia,2024,7800000,30000,1
Suzuki,Spacia Custom,2015,6290000,81000,1
Suzuki,Spacia Custom,2018,6975000,66500,1
Suzuki,Spacia Custom,2025,9500000,2500,1
Suzuki,Spacia Custom Hybrid Gs,2025,8790000,2500,1
Suzuki,Spacia Custom Turbo,2018,7450000,83000,1
Suzuki,Spacia Custom Xs,2023,8775000,7000,1
Suzuki,Spacia Custom Xs Turbo,2023,8990000,36000,1
Suzuki,Spacia Custom Z,2017,6970000,86000,3
Suzuki,Spacia Turbo,2018,6880000,97000,1
Suzuki,Spacia X,2024,7800000,9300,1
Suzuki,Suzuki,2016,5675000,92000,1
Suzuki,Suzuki,2017,5175000,78000,1
Suzuki,Swift,2001,3450000,96346,1
Suzuki,Swift,2002,3875000,139985,1
Suzuki,Swift,2003,3988000,157300,5
Suzuki,Swift,2004,4280333,158952,15
Suzuki,Swift,2005,4485000,102250,4
Suzuki,Swift,2007,5213333,141667,3
Suzuki,Swift,2008,5130000,128400,5
Suzuki,Swift,2009,5213333,156667,3
Suzuki,Swift,2010,5082143,117567,7
Suzuki,Swift,2017,8133333,93367,3
Suzuki,Swift,2019,1500000,108000,1
Suzuki,Swift,2024,12395000,11300,2
Suzuki,Swift Beetle,2007,5195000,161000,2
Suzuki,Swift Beetle,2010,5540000,130625,2
Suzuki,Swift Beetle,2011,4975000,150,1
Suzuki,Swift Beetle Japan,2004,4875000,155000,1
Suzuki,Swift Beetle Japan,2008,5875000,142676,1
Suzuki,Swift Center Antenna,2003,4275000,168000,1
Suzuki,Swift Center Antenna,2004,4090000,170000,1
Suzuki,Swift Center Antenna,2005,4600000,160,1
Suzuki,Swift Japan,2007,5190000,180000,2
Suzuki,Swift Japan,2008,5390000,119000,1
Suzuki,Swift Rs,2017,7688000,114120,5
Suzuki,Swift Rs,2018,8105500,89000,2
Suzuki,Swift Rs 1000 Turbo Safety,2017,7850000,114000,1
Suzuki,Swift Rs Hybrid Safety,2017,7550000,130000,1
Suzuki,Swift Rs Safety,2017,7850000,100000,1
Suzuki,Swift Rs Turbo,2017,8125000,81333,3
Suzuki,Swift Rs Turbo,2018,8000000,76871,1
Suzuki,Swift Vvt Japan,2007,5190000,105000,1
Suzuki,Swift Vvt Japan,2008,5425000,125000,1
Suzuki,Swift Zc71S,2008,5425000,190000,1
Suzuki,Sx4,2008,5450000,137490,1
Suzuki,Sx4,2010,4965000,81000,1
Suzuki,Sx4 S-Cross Boosterjet Turbo,2019,10400000,52000,1
Suzuki,Tank Custom Gs,2019,7790000,95000,1
Suzuki,V17,2022,3800000,11000,1
Suzuki,Vitara,1991,3300000,1,1
Suzuki,Vitara,1996,2500000,1,1
Suzuki,Vitara,1997,3716667,213000,3
Suzuki,Vitara,1998,4100000,131800,2
Suzuki,Vitara,2000,3975000,310000,1
Suzuki,Vitara,2003,5650000,175000,2
Suzuki,Vitara,2007,7650000,139000,1
Suzuki,Vitara,2013,8800000,120667,3
Suzuki,Vitara,2019,9933333,93917,6
Suzuki,Vitara V6,2003,5800000,195000,1
Suzuki,Wagon R,2001,4475000,119000,1
Suzuki,Wagon R,2004,2890000,138546,1
Suzuki,Wagon R,2005,3290000,127000,1
Suzuki,Wagon R,2006,3470000,109000,2
Suzuki,Wagon R,2007,3490000,122000,1
Suzuki,Wagon R,2012,3990000,160000,1
Suzuki,Wagon R,2014,5275000,109500,2
Suzuki,Wagon R,2015,5667857,111076,7
Suzuki,Wagon R,2016,5625000,59300,2
Suzuki,Wagon R,2017,6180625,85422,8
Suzuki,Wagon R,2018,6449167,103750,6
Suzuki,Wagon R,2024,7450000,4900,2
Suzuki,Wagon R,2025,8890000,900,1
Suzuki,Wagon R Custom Z,2024,8550000,7000,1
Suzuki,Wagon R Custom Z Turbo,2025,8790000,250,1
Suzuki,Wagon R Custom Zx,2025,8850000,275,1
Suzuki,Wagon R Fx,2016,5850000,98500,2
Suzuki,Wagon R Fx,2017,6063889,104667,9
Suzuki,Wagon R Fx,2018,6350000,91000,1
Suzuki,Wagon R Fx,2023,7250000,15600,1
Suzuki,Wagon R Fx,2024,7357857,8829,7
Suzuki,Wagon R Fx,2025,7650000,180,1
Suzuki,Wagon R Fx Hybrid,2024,7950000,7600,1
Suzuki,Wagon R Fx Safet,2018,6285000,86000,1
Suzuki,Wagon R Fx Safety,2017,6276667,65334,3
Suzuki,Wagon R Fx Safety,2018,6305000,95055,5
Suzuki,Wagon R Fx Safety,2023,7490000,6700,1
Suzuki,Wagon R Fx Safety,2024,7450000,24000,1
Suzuki,Wagon R Fx Safety,2025,7550000,3800,1
Suzuki,Wagon R Fx Safety Import,2024,6950000,3000,1
Suzuki,Wagon R Fz,2014,5692500,110371,10
Suzuki,Wagon R Fz,2015,5720000,89466,2
Suzuki,Wagon R Fz,2016,5765000,87000,1
Suzuki,Wagon R Fz,2017,6361000,101400,10
Suzuki,Wagon R Fz,2018,6679737,89559,19
Suzuki,Wagon R Fz,2019,6875000,74500,1
Suzuki,Wagon R Fz Premium,2018,6590000,101793,3
Suzuki,Wagon R Fz Safety,2014,5650000,105000,1
Suzuki,Wagon R Fz Safety,2015,5400000,184000,1
Suzuki,Wagon R Fz Safety,2017,6547143,92786,7
Suzuki,Wagon R Fz Safety,2018,6635000,85100,4
Suzuki,Wagon R Fz Safety,2019,6990000,87000,1
Suzuki,Wagon R Hybrid Zx Model,2025,9150000,256,1
Suzuki,Wagon R Indian,2020,62000,81000,1
Suzuki,Wagon R Premium,2018,6762500,61000,2
Suzuki,Wagon R Safety,2015,5450000,116000,1
Suzuki,Wagon R Safety,2018,6190000,88325,1
Suzuki,Wagon R Smile,2023,7275000,17250,2
Suzuki,Wagon R Stingray,2014,5611667,109200,6
Suzuki,Wagon R Stingray,2015,5775417,208258,12
Suzuki,Wagon R Stingray,2016,5550000,131267,2
Suzuki,Wagon R Stingray,2017,6860455,112733,11
Suzuki,Wagon R Stingray,2018,7144318,80996,22
Suzuki,Wagon R Stingray,2023,8850000,4000,1
Suzuki,Wagon R Stingray J Style,2014,5723333,143953,3
Suzuki,Wagon R Stingray J Style,2015,5557500,120625,4
Suzuki,Wagon R Stingray J Style,2016,5900000,100000,1
Suzuki,Wagon R Stingray Safety,2018,7875000,24000,1
Suzuki,Wagon R Stingray Turbo,2016,6150000,126000,1
Suzuki,Wagon R Stingray Turbo,2018,7390000,58000,1
Suzuki,Wagon R Stingray Turbo,2019,7375000,50000,2
Suzuki,Wagon R Stinray J Style,2015,5825000,145000,1
Suzuki,Wagon R Vxi,2004,3070000,12345,1
Suzuki,Xbee,2018,7662500,102000,2
Suzuki,Xbee,2024,10150000,7315,2
Suzuki,Xbee Hybrid,2023,9850000,49500,1
Suzuki,Xbee Mz,2018,7840000,79500,1
Suzuki,Xbee Mz,2023,9950000,16000,1
Suzuki,Xbee Mz Hybrid,2018,8350000,62000,1
Suzuki,Zen,2005,2457500,109000,2
Suzuki,Zen,2006,2403750,82354,4
Suzuki,Zen,2007,2475000,125000,1
Tata,207,2004,1375000,83741,3
Tata,207,2005,2362500,140000,2
Tata,207,2006,1580000,170306,5
Tata,207,2007,1816667,91693,3
Tata,207,2010,1990000,123456,1
Tata,207,2011,2291667,69704,3
Tata,207,2012,2379167,116146,6
Tata,207,2014,2093000,126470,5
Tata,207,2015,2955000,108667,3
Tata,207,2016,2830000,68750,2
Tata,207,2017,3191667,31167,3
Tata,207,2025,1450000,165853,1
Tata,207 Di,2005,1375000,142000,1
Tata,207 Di,2006,2250000,1,2
Tata,207 Di,2007,1475000,147500,2
Tata,207 Di,2011,1999999,10000,1
Tata,207 Di,2012,1781250,85213,4
Tata,207 Rx,2015,2850000,91508,3
Tata,207 Rx,2016,2550000,81000,1
Tata,Cab,2011,2150000,165000,1
Tata,Indica,2005,1725000,123456,1
Tata,Indica,2014,2675000,95500,2
Tata,Indica,2015,2575000,135000,1
Tata,Indica Ev2 Glx,2014,2675000,95000,1
Tata,Indica V2,2007,1775000,125000,1
Tata,Indica V2 Xeta Glx,2015,2750000,132500,1
Tata,Indica Xeta,2006,2350000,122523,1
Tata,Indica Xeta Glx,2015,2875000,80000,1
Tata,Indigo,2006,1950000,139000,1
Tata,Indigo,2007,2000000,5000,1
Tata,Indigo,2015,3250000,83450,1
Tata,Nano,2011,1365000,75942,3
Tata,Nano,2012,1470833,161216,6
Tata,Nano,2014,1850000,94000,1
Tata,Nano,2015,2033333,147667,3
Tata,Nano,2016,2750000,35000,1
Tata,Nano,2017,2295000,1,1
Tata,Nano,2018,2450000,162000,1
Tata,Nano Cx,2011,1407500,141735,2
Tata,Nano Cx,2012,1250000,159000,1
Tata,Nano Lx,2011,1435000,181725,2
Tata,Nano Lx,2012,1447500,13750,2
Tata,Nexon,2018,7800000,60000,1
Tata,Safari,2000,1975000,100000,1
Tata,Safari,2003,3025000,148484,2
Tata,Safari,2005,3400000,128333,3
Tata,Sumo,2003,3850000,95000,1
Tata,Sumo,2006,4575000,204463,1
Tata,Sumo Victa,2005,2500000,50000,1
Tata,Sumo Victa,2006,4575000,204325,1
Tata,Sumo Victa Gx Turbo,2007,3650000,156025,2
Tata,Sumo Victa Gx Turbo Intercooler,2007,4400000,180000,1
Tata,Tata,2012,5475000,161000,1
Tata,Telcoline,2004,2700000,200000,1
Tata,Telcoline,2011,4000000,198000,1
Tata,Unknown,1994,2500000,1,1
Tata,Water Bowser Heavy-Duty,2011,8000000,140000,1
Tata,Xenon,2011,2750004,86223,2
Tata,Xenon,2012,2575000,93250,2
Tata,Xenon,2014,2932778,90000,9
Tata,Xenon,2015,3250833,75759,12
Tata,Xenon,2016,3463333,86146,9
Tata,Xenon,2017,4620000,52088,2
Tata,Xenon,2018,4000000,60767,3
Tata,Xenon,2019,3537500,162500,2
Tata,Xenon 207,2015,3275000,31000,1
Tata,Xenon 3L Turbo Acps,2016,3885000,120,1
Tata,Xenon Smart Cab,2011,3400000,88000,1
Tata,Yodha,2017,3550000,40000,1
Tata,Yodha,2018,3600000,78000,1
Tata,Yodha,2019,3825000,79971,3
Tesla,Model 3,2025,28000000,4000,1
Tesla,Model 3 Highland,2024,28600000,14000,1
Toyota,102,1993,6800000,258000,1
Toyota,106,1994,6500000,111111,1
Toyota,110,1996,3120000,123456,2
Toyota,110,1997,3850000,250000,1
Toyota,110,2000,3870000,212162,2
Toyota,110,2008,3850000,187,1
Toyota,110 Corolla Xe Saloon,2000,3550000,225000,1
Toyota,110 Cristal Light,1997,3670000,210000,1
Toyota,113,1995,9650000,1234,1
Toyota,170,1990,1950000,75,1
Toyota,Aa60,1985,955000,8233,2
Toyota,Ae100 Sprinter,1992,2600000,185000,1
Toyota,Ae110 Sprinter,1997,4000000,165000,1
Toyota,Ae80,1987,975000,100,1
Toyota,Ae91,1989,1575000,225000,1
Toyota,Ae91,1992,2400000,11111,1
Toyota,Allion,2002,6216667,223000,3
Toyota,Allion,2003,6950000,186417,4
Toyota,Allion,2004,6983333,194667,3
Toyota,Allion,2005,4825000,137300,2
Toyota,Allion,2006,7175000,151728,2
Toyota,Allion,2007,8103000,203392,5
Toyota,Allion,2008,8465833,151000,6
Toyota,Allion,2010,9220000,152800,5
Toyota,Allion,2011,9025000,171833,6
Toyota,Allion,2012,9662500,47750,2
Toyota,Allion,2013,10500000,155000,1
Toyota,Allion,2014,9825000,1,1
Toyota,Allion,2016,13272500,144250,4
Toyota,Allion,2017,13000000,113000,1
Toyota,Allion,2018,14250000,70500,1
Toyota,Allion 240,2002,6400000,192050,2
Toyota,Allion 240,2003,6912500,176500,4
Toyota,Allion 240,2004,6670000,215000,1
Toyota,Allion 240,2005,7850000,170000,2
Toyota,Allion 240,2006,7450000,105000,1
Toyota,Allion 240 Anniversary,2007,8650000,167000,1
Toyota,Allion 240 G,2003,7625000,172500,2
Toyota,Allion 240 G,2005,7050000,142500,1
Toyota,Allion 240 G,2007,7150000,153056,1
Toyota,Allion 240 G Grade,2007,7550000,170000,1
Toyota,Allion 240 G Limited,2004,7450000,218000,1
Toyota,Allion 260,2007,8037500,185250,4
Toyota,Allion 260,2008,8277000,172000,5
Toyota,Allion 260,2009,8350000,202000,1
Toyota,Allion 260,2010,9020000,105110,2
Toyota,Allion 260,2011,9062500,158440,2
Toyota,Allion 260,2016,13300000,212800,1
Toyota,Allion 260 G,2009,8700000,137000,1
Toyota,Allion 260 G Grade,2010,9500000,58800,1
Toyota,Allion 260 G Plus,2014,12250000,110000,1
Toyota,Allion 260 G Plus,2016,13500000,115000,1
Toyota,Allion A18 S Grade,2007,8300000,182000,1
Toyota,Allion G 260,2010,9250000,178000,1
Toyota,Allion G Grade,2011,9950000,108000,1
Toyota,Allion G Plus,2010,8975000,162000,1
Toyota,Alphard,2008,12000000,155000,1
Toyota,Alphard E 4,2008,11590000,176000,1
Toyota,Alphard Executive Lounge,2014,25000000,104000,1
Toyota,Aqua,2012,6825500,163906,10
Toyota,Aqua,2013,7469615,129623,13
Toyota,Aqua,2014,7541500,144890,10
Toyota,Aqua,2015,8171500,136450,10
Toyota,Aqua,2016,8700000,97830,2
Toyota,Aqua,2017,8600000,127000,1
Toyota,Aqua Eagle Eye,2018,9875000,84650,1
Toyota,Aqua G Grade,2012,7000000,79572,2
Toyota,Aqua G Grade,2013,7309286,149889,7
Toyota,Aqua G Grade,2014,7550000,130000,1
Toyota,Aqua G Grade,2015,8325000,137500,2
Toyota,Aqua G Limited,2013,7290000,198718,2
Toyota,Aqua G Limited,2014,7788333,135633,3
Toyota,Aqua G Sport,2014,8390000,127000,1
Toyota,Aqua Gr Sport,2019,11750000,75000,1
Toyota,Aqua S,2012,7050000,99,1
Toyota,Aqua S Grade,2012,7200000,125000,1
Toyota,Aqua S Grade,2013,7000000,125036,4
Toyota,Aqua S Grade,2014,7550000,113667,3
Toyota,Aqua S Limited,2013,7450000,115200,1
Toyota,Aqua Urban,2015,8637500,132250,4
Toyota,Aqua Urban Body S Limited,2015,8250000,97000,1
Toyota,Aqua Urban S Type,2016,8500000,100000,1
Toyota,Aqua X,2023,12850000,6000,1
Toyota,Aqua X Urban,2015,8263333,121667,3
Toyota,Aqua Z,2025,14800000,1498,1
Toyota,At 140,1984,725000,258000,1
Toyota,At150 Corona,1985,850000,185000,1
Toyota,At212,1996,4275000,141122,1
Toyota,Avanza,2010,6300000,215000,1
Toyota,Avanza,2011,8225000,184450,2
Toyota,Avanza,2013,6575000,155000,1
Toyota,Avanza,2014,8690000,132000,1
Toyota,Avanza,2016,9400000,70000,1
Toyota,Axio,2007,6950000,176000,5
Toyota,Axio,2008,7322222,161222,9
Toyota,Axio,2010,7212500,95056,2
Toyota,Axio,2011,7850000,138199,5
Toyota,Axio,2012,8950000,180000,1
Toyota,Axio,2013,8656250,135628,4
Toyota,Axio,2014,8950000,152730,8
Toyota,Axio,2015,9812500,161934,4
Toyota,Axio,2016,10434375,116348,8
Toyota,Axio,2018,12250000,116500,2
Toyota,Axio,2020,12900000,143000,1
Toyota,Axio,2024,16000000,4900,1
Toyota,Axio 165,2013,8990000,130000,1
Toyota,Axio Fielder,2010,6750000,175000,1
Toyota,Axio G,2007,7150000,154000,1
Toyota,Axio G,2015,9850000,164000,1
Toyota,Axio G Grade,2007,7175000,202500,2
Toyota,Axio G Grade,2011,7990000,125000,1
Toyota,Axio G Grade,2015,9687500,113290,4
Toyota,Axio G Grade,2016,10690000,126000,1
Toyota,Axio G Grade,2017,11250000,147000,1
Toyota,Axio Hybrid G Grade,2014,8550000,88000,1
Toyota,Axio Hybrid G Grade,2016,10200000,78000,1
Toyota,Axio Hybrid G Grade,2017,10750000,127456,1
Toyota,Axio Wxb,2016,11475000,140000,1
Toyota,Axio Wxb,2017,11887500,112983,6
Toyota,Axio Wxb,2018,12862500,94250,4
Toyota,Axio Wxb,2019,13500000,93500,1
Toyota,Axio X Grade,2015,9250000,154280,1
Toyota,Axio X Limited,2010,7450000,198500,1
Toyota,Belta,2006,5710000,242825,2
Toyota,Belta,2007,6049000,120943,5
Toyota,Belta,2008,6320000,122531,4
Toyota,Belta,2009,6401250,185700,4
Toyota,Belta,2010,5975000,164000,1
Toyota,Belta,2011,6575000,133000,2
Toyota,Belta G Grade,2007,6390000,192000,1
Toyota,Box Prado,1984,9250000,123,1
Toyota,Box Prado,1987,12000000,120000,1
Toyota,Box Prado,1988,8900000,1,1
Toyota,Box Prado,1990,9200000,350000,1
Toyota,C E 110,1997,3650000,1,1
Toyota,C27,1984,2560000,85623,1
Toyota,Cab,1997,4085000,180000,1
Toyota,Caldina,1996,3000000,313917,1
Toyota,Caldina,1997,3270000,99850,2
Toyota,Cami,2000,4400000,140000,1
Toyota,Cami,2003,5500000,135870,1
Toyota,Camry,2002,5765000,193000,1
Toyota,Camry,2004,5250000,123000,1
Toyota,Camry,2007,7500000,165000,1
Toyota,Camry,2013,11800000,115000,1
Toyota,Camry,2015,15975000,120000,1
Toyota,Camry Av50,2012,11500000,127000,1
Toyota,Carib,1997,2875000,215969,1
Toyota,Carina,1983,820000,198333,3
Toyota,Carina,1986,1200000,65000,1
Toyota,Carina,1987,1407500,147000,2
Toyota,Carina,1989,1662500,205000,2
Toyota,Carina,1991,2250000,269000,1
Toyota,Carina,1994,1750000,160000,1
Toyota,Carina,1995,3650000,1,1
Toyota,Carina,1996,4200000,200000,2
Toyota,Carina,1997,4652500,215000,2
Toyota,Carina,1998,4680000,61790,2
Toyota,Carina,2002,5350000,198000,1
Toyota,Carina,2006,3890000,153000,1
Toyota,Carina,2010,5200000,250000,1
Toyota,Carina 170,1991,2050000,1,1
Toyota,Carina At 150,1989,950000,196500,1
Toyota,Carina At150,1984,1100000,150000,1
Toyota,Carina At150,1986,1525000,30000,1
Toyota,Carina At212 Ti My Aroad,2001,5250000,153421,1
Toyota,Carina At212 Ti My Road,2008,6550000,146231,1
Toyota,Carina Ct170,1993,2950000,150000,1
Toyota,Carina Ct190,1992,3000000,224930,1
Toyota,Carina Si My Road,1998,4675000,180000,1
Toyota,Carina Ti,1996,4550000,156000,1
Toyota,Carina Ti,1997,4450000,469000,1
Toyota,Carina Ti 212,2000,5400000,196000,1
Toyota,Carina Ti My Road,1998,4675000,162000,1
Toyota,Carina Ti My Road At212,1997,4250000,256700,1
Toyota,Carina Ti Myroad,1998,4680000,200000,1
Toyota,Cbf Trm200V Regius A,2006,16000000,245530,1
Toyota,Ce 108,1997,2990000,4,1
Toyota,Ce100,1992,2600000,123,1
Toyota,Chr,2017,12688462,106915,13
Toyota,Chr,2018,13442167,77722,30
Toyota,Chr,2019,13225000,80000,2
Toyota,Chr,2020,13166667,94609,3
Toyota,Chr,2023,16495000,10507,2
Toyota,Chr Bruno Gt Turbo,2019,13800000,54000,1
Toyota,Chr Dea Ngx10,2018,14500000,110000,1
Toyota,Chr Gt,2017,11600000,107600,1
Toyota,Chr Gt,2018,13066667,90333,3
Toyota,Chr Gt Line Nero Edition,2023,16350000,12000,1
Toyota,Chr Gt Ngx 10,2018,13250000,83000,1
Toyota,Chr Gt Ngx 50,2017,11800000,116000,1
Toyota,Chr Gt Ngx10,2018,13350000,91000,1
Toyota,Chr Gt Turbo,2018,12225000,30080,2
Toyota,Chr Gt Turbo 2Wd,2018,13507500,81500,2
Toyota,Chr Gt Turbo Boost Impulse,2018,12650000,72000,1
Toyota,Chr Ngx 10,2018,13503125,75500,8
Toyota,Chr Ngx 10 2Wd Bruno,2019,15000000,74000,1
Toyota,Chr Ngx 10 Bruno,2019,14575000,52000,1
Toyota,Chr Ngx 10 Gt Turbo,2018,13100000,75000,1
Toyota,Chr Ngx 50,2017,12175000,103500,2
Toyota,Chr Ngx 50,2018,13400000,98000,2
Toyota,Chr Ngx 50,2019,14100000,44000,1
Toyota,Chr Ngx10,2018,13190000,83135,10
Toyota,Chr Ngx10,2023,15600000,12000,1
Toyota,Chr Ngx10 Boost Impulse,2018,14490000,72100,1
Toyota,Chr Ngx10 Browno,2019,15000000,53132,2
Toyota,Chr Ngx10 Gt Turbo,2018,12800000,160000,1
Toyota,Chr Ngx50,2017,12875000,97750,4
Toyota,Chr Ngx50,2018,12850000,116383,3
Toyota,Chr Ngx50,2019,13500000,75000,1
Toyota,Chr Ngx50 Gt Turbo,2018,13600000,133350,1
Toyota,Chr Turbo 2Wd,2018,12990000,86000,1
Toyota,Chrngx 50,2017,11700000,160000,1
Toyota,Chrngx 50,2018,13800000,65960,1
Toyota,Cm36,1990,3300000,131712,1
Toyota,Cm36,1991,3500000,2,1
Toyota,Commuter,2025,27500000,300,1
Toyota,Corolla,1980,675000,159658,3
Toyota,Corolla,1985,1025000,150000,1
Toyota,Corolla,1988,1250000,200000,2
Toyota,Corolla,1990,2012500,128728,2
Toyota,Corolla,1991,2375000,100090,1
Toyota,Corolla,1993,1875000,150000,1
Toyota,Corolla,1994,2750000,168000,1
Toyota,Corolla,1995,2690000,86000,1
Toyota,Corolla,1997,3262500,153997,2
Toyota,Corolla,1999,3875000,186000,1
Toyota,Corolla,2001,5150000,250000,1
Toyota,Corolla 110,1996,3362500,267273,2
Toyota,Corolla 110,1997,3596667,130817,3
Toyota,Corolla 110,1998,4750000,200700,1
Toyota,Corolla 110,2000,3270000,201000,2
Toyota,Corolla 110 Xe Saloon,1997,4200000,189000,1
Toyota,Corolla 121,2001,5450000,190000,1
Toyota,Corolla 121,2002,5925000,179500,2
Toyota,Corolla 121,2003,5825000,110000,3
Toyota,Corolla 121,2004,5400000,178000,3
Toyota,Corolla 121,2005,6200000,175000,1
Toyota,Corolla 121,2006,6050000,78595,2
Toyota,Corolla 121 G,2007,6375000,137250,1
Toyota,Corolla 121 G Grade,2001,5650000,225000,1
Toyota,Corolla 121 G Grade,2003,6137500,78400,2
Toyota,Corolla 121 G Grade,2006,6350000,180000,1
Toyota,Corolla 121 G Grade Japan,2003,5800000,174089,1
Toyota,Corolla 121 Lx,2002,5100000,74360,1
Toyota,Corolla 121 Lx,2006,6495000,210000,1
Toyota,Corolla 121 X Grade,2003,5690000,138900,1
Toyota,Corolla 141,2007,6616667,163000,3
Toyota,Corolla 141,2008,6626250,138408,12
Toyota,Corolla 141 Lx,2008,6475000,210000,3
Toyota,Corolla 2,1986,1500000,180000,1
Toyota,Corolla 2,1990,1275000,345800,1
Toyota,Corolla Ae100,1991,2950000,190000,1
Toyota,Corolla Ae100,1992,3150000,108000,1
Toyota,Corolla Ae100,1993,2675000,170000,1
Toyota,Corolla Ae100,1994,3250000,231000,1
Toyota,Corolla Ae100 Efi,1995,2875000,228000,1
Toyota,Corolla Ae110,1996,3137500,260727,2
Toyota,Corolla Ae110,1997,3500000,180000,2
Toyota,Corolla Ae110,1998,4100000,350000,1
Toyota,Corolla Ae18,1983,1175,200000,1
Toyota,Corolla Ae80,1985,1150000,1111,1
Toyota,Corolla Ae80,1987,1160000,111,1
Toyota,Corolla Ae91,1987,2050000,177713,1
Toyota,Corolla Axio 141,2010,2875000,189000,1
Toyota,Corolla Black Edition,2024,17895000,7000,1
Toyota,Corolla Ce100 Se Limited,1995,2450000,197000,1
Toyota,Corolla Ce106,1991,2400000,220000,1
Toyota,Corolla Ce106 Elephant Back,1991,2390000,318000,1
Toyota,Corolla Ce110,1996,2990000,390472,1
Toyota,Corolla Ce110,1997,3695000,3,1
Toyota,Corolla Ce110,2000,3590000,200000,1
Toyota,Corolla Ce110 Crystal Light,1997,3695000,3,1
Toyota,Corolla Ce96,1988,2295000,326850,1
Toyota,Corolla Ce96 Wagon,1993,1875000,120000,1
Toyota,Corolla Cross,2024,25816667,5200,3
Toyota,Corolla Cross,2025,27700000,150,1
Toyota,Corolla Cross Z Hybrid,2024,26400000,1600,1
Toyota,Corolla Dx,1985,975000,123500,1
Toyota,Corolla Dx,1987,900000,150000,1
Toyota,Corolla Dx,1988,1250000,200000,2
Toyota,Corolla Dx,1989,1750000,167000,1
Toyota,Corolla Dx,1996,2900000,250000,1
Toyota,Corolla Dx Wagon,1981,600000,240000,1
Toyota,Corolla Dx Wagon,1984,1235000,150000,1
Toyota,Corolla Dx Wagon,1987,1237500,196240,2
Toyota,Corolla Dx Wagon Ke72,1986,1525000,149559,1
Toyota,Corolla Ee90,1987,1725000,224321,1
Toyota,Corolla Ee90,1989,1995000,200000,1
Toyota,Corolla Ee96 Dx Wagon,1990,1850000,123456,1
Toyota,Corolla Elephant Back 109,1997,4250000,200000,1
Toyota,Corolla Elephant Back Ee102,1996,2775000,279000,1
Toyota,Corolla Elephant Bank,1992,2345000,235722,1
Toyota,Corolla Ke50,1976,740000,72000,1
Toyota,Corolla Ke50,1978,690000,150000,1
Toyota,Corolla Ke50,1980,660000,12222,1
Toyota,Corolla Ke55,1981,650000,1,1
Toyota,Corolla Lx 110,2000,3625000,1,1
Toyota,Corolla Lxi 121,2003,5990000,131000,1
Toyota,Corolla Sprinter Ae110,1997,3975000,200000,1
Toyota,Corolla Wagon Ee106,1993,2250000,123456,1
Toyota,Corolla Wxb,2023,17000000,10000,1
Toyota,Corolladx Wagon Ke72,1987,930000,80000,1
Toyota,Corona,1991,2055000,236333,1
Toyota,Corona,1992,2575000,198670,1
Toyota,Corona,1994,1200000,1,1
Toyota,Corona,1996,3650000,245000,1
Toyota,Corona 210,1997,4600000,325000,1
Toyota,Corona At 150,1986,1525000,186000,1
Toyota,Corona At 170,1991,1795000,253000,1
Toyota,Corona At150,1987,1090000,1111111,1
Toyota,Corona Ct170,1991,1750000,150000,1
Toyota,Corona Premio,1996,3812500,234750,2
Toyota,Corsa,1992,2650000,285000,1
Toyota,Corsa,1994,2550000,111,1
Toyota,Corsa,1997,3255000,194500,2
Toyota,Corsa,1998,3150000,85000,1
Toyota,Corsa Tercel,1996,3090000,170000,1
Toyota,Cr26,1986,2525000,1234,1
Toyota,Cr26,1989,2286667,241078,3
Toyota,Cr27,1985,4300000,150000,1
Toyota,Cr27,1989,2990000,256000,1
Toyota,Cr27,1990,3200000,195686,2
Toyota,Cr27,1991,3018571,210338,7
Toyota,Cr27,1992,3500000,230000,1
Toyota,Cr27,1993,3643750,139704,4
Toyota,Cr27,1994,4800000,222000,1
Toyota,Cr27,1995,5187500,195000,2
Toyota,Cr27,2000,4850000,195784,1
Toyota,Cr36,1994,4380000,11111,1
Toyota,Cr36 Lotto,1992,4400000,139896,1
Toyota,Cr41,1996,5950000,200000,1
Toyota,Cr41,1997,5716667,280124,3
Toyota,Cr41,1998,6175000,198953,1
Toyota,Cr41,1999,5975000,16500,1
Toyota,Cr41,2000,7200000,210000,1
Toyota,Cr41,2002,6850000,290,1
Toyota,Cr41 High Roof,1998,6000000,236000,1
Toyota,Cr41 Townace,1998,6350000,180000,1
Toyota,Cr42,1996,7100000,175000,1
Toyota,Cr42,1999,6975000,210000,4
Toyota,Cr42,2000,7450000,212500,4
Toyota,Cr42,2001,7056667,196000,3
Toyota,Cr42,2003,6550000,200000,1
Toyota,Cr51,1996,5297500,300526,2
Toyota,Cr51,1998,5650000,120000,1
Toyota,Cr51,1999,9000000,195000,1
Toyota,Cr52 4Wd,1999,5550000,238000,1
Toyota,Cresta,1994,3750000,123456,1
Toyota,Cresta,2006,5000000,123456,1
Toyota,Crown,1986,2200000,123456,1
Toyota,Crown,1996,4990000,69000,1
Toyota,Crown Athlete,2008,16250000,180000,1
Toyota,Crown Gws204,2008,13800000,176000,1
Toyota,Cruiser Sahara 105,2005,20500000,295000,1
Toyota,Ct 210,1996,3600000,390000,1
Toyota,Cygnus,2005,17950000,150000,1
Toyota,Cynos,1994,2707500,180000,2
Toyota,Dolphin,1986,8200000,2,1
Toyota,Dolphin,1989,6250000,230000,1
Toyota,Dolphin,1990,7030000,189514,5
Toyota,Dolphin,1991,5273333,149819,12
Toyota,Dolphin,1992,7007632,148220,19
Toyota,Dolphin,1993,7871500,115995,10
Toyota,Dolphin,1994,7430000,141943,13
Toyota,Dolphin,1995,8983182,217114,11
Toyota,Dolphin,1996,8154000,190824,5
Toyota,Dolphin,1997,8885500,203870,10
Toyota,Dolphin,1998,10200000,190745,3
Toyota,Dolphin,1999,13483333,190068,3
Toyota,Dolphin,2000,8666667,187933,3
Toyota,Dolphin,2003,10912500,179345,4
Toyota,Dolphin,2005,13000000,120000,1
Toyota,Dolphin,2006,11666667,117322,3
Toyota,Dolphin 102,1993,7700000,196755,1
Toyota,Dolphin 103,1997,8950000,176000,1
Toyota,Dolphin 109,1994,6950000,1,1
Toyota,Dolphin 110,1990,5250000,2,1
Toyota,Dolphin 113,1989,5825000,290000,1
Toyota,Dolphin 113,1990,6900000,98000,2
Toyota,Dolphin 113,1991,5837500,63476,2
Toyota,Dolphin 113,1992,8500000,200000,1
Toyota,Dolphin 113,1993,8200000,45000,1
Toyota,Dolphin 113,1994,9050000,252500,2
Toyota,Dolphin 113,1996,9850000,245000,1
Toyota,Dolphin 113,1997,10700000,187000,1
Toyota,Dolphin 113 High Roof,1996,9850000,150000,1
Toyota,Dolphin 119,1991,6400000,1,1
Toyota,Dolphin 123,1994,10500000,1,1
Toyota,Dolphin 123,1996,11400000,1,1
Toyota,Dolphin 172 Super Gl,1998,13500000,120000,1
Toyota,Dolphin Diga,2005,10100000,275000,1
Toyota,Dolphin Gl,1993,7200000,13456,1
Toyota,Dolphin Grand Cabin,1996,8500000,180000,1
Toyota,Dolphin Hiace,1994,7850000,320000,1
Toyota,Dolphin Hiace Lh113,1995,9500000,350000,1
Toyota,Dolphin Hiace Long Lh113,1995,8200000,215000,1
Toyota,Dolphin High Roof,1991,9000000,1234,1
Toyota,Dolphin High Roof,1993,8350000,200000,1
Toyota,Dolphin High Roof,1997,9250000,160000,1
Toyota,Dolphin High Roof,1998,11000000,219000,1
Toyota,Dolphin High Roof,1999,13500000,250000,1
Toyota,Dolphin High Roof 123 Super Long,1998,10600000,125890,1
Toyota,Dolphin High Roof Lh123,2003,11800000,300000,1
Toyota,Dolphin High Roof Super Long,1992,8500000,500000,1
Toyota,Dolphin High Roof Super Long Hiace,2003,11500000,1234,1
Toyota,Dolphin Lh 103,1993,7850000,234567,1
Toyota,Dolphin Lh 123,1993,8650000,167000,1
Toyota,Dolphin Lh102,1990,6033333,4125,3
Toyota,Dolphin Lh102,1992,6725000,1734,2
Toyota,Dolphin Lh102,1993,8400000,350000,1
Toyota,Dolphin Lh103,1995,8600000,98000,1
Toyota,Dolphin Lh109,1994,2500000,275000,1
Toyota,Dolphin Lh1123,1993,9650000,1234,1
Toyota,Dolphin Lh113,1990,4875000,211728,2
Toyota,Dolphin Lh113,1991,6806250,68673,4
Toyota,Dolphin Lh113,1992,6940000,191152,3
Toyota,Dolphin Lh113,1993,7475000,172500,2
Toyota,Dolphin Lh113,1995,5375000,237930,2
Toyota,Dolphin Lh113,1998,9245000,187000,1
Toyota,Dolphin Lh113,2001,11000000,200000,1
Toyota,Dolphin Lh113 3L Engine,1990,7200000,360000,1
Toyota,Dolphin Lh113 Hiace,1996,12100000,165000,1
Toyota,Dolphin Lh119,1994,6300000,120000,1
Toyota,Dolphin Lh123,1989,7700000,250000,1
Toyota,Dolphin Lh123 Super Long,1994,9600000,156409,1
Toyota,Dolphin Lh172,1992,7225000,100,1
Toyota,Dolphin Lh172,1998,11300000,215000,1
Toyota,Dolphin Lh172,2003,11200000,1000,1
Toyota,Dolphin Lh172,2004,18950000,240000,1
Toyota,Dolphin Lh172 Long 4 Door,1999,11600000,310000,1
Toyota,Dolphin Lh178,1999,9875000,99000,1
Toyota,Dolphin Lh178,2001,11000000,325000,1
Toyota,Dolphin Lh178 Super Gl,2005,12500000,365000,1
Toyota,Dolphin Rzh 102,2001,8750000,250000,1
Toyota,Dolphin Rzh112,2001,11450000,157000,1
Toyota,Dolphin Rzh112,2002,13750000,1,1
Toyota,Dolphin Super Gl,2001,10000000,1,1
Toyota,Double Cab,1987,2950000,300000,1
Toyota,Double Cab,2005,9150000,300000,1
Toyota,Double Cab,2020,20150000,95000,1
Toyota,Duet,1999,2932500,158869,2
Toyota,Dx,1985,775000,11111111,1
Toyota,Dx Ke72,1986,1525000,220000,1
Toyota,Dx Wagon,1985,1320000,205756,2
Toyota,Dx Wagon,1986,1350000,158148,3
Toyota,Dx Wagon,1987,1375000,75994,2
Toyota,Dx Wagon,1992,1750000,200000,2
Toyota,Dx Wagon Ke72,1985,975000,195000,1
Toyota,Dx Wagon Ke72,1986,1332500,70616,2
Toyota,Dyna,1994,4700000,450000,1
Toyota,Dyna,1997,3275000,112,1
Toyota,Dyna,2018,3250000,1,1
Toyota,Echo,2000,3785000,153210,1
Toyota,Ee 111,1997,3150000,243000,1
Toyota,Ee101,1993,2475000,125350,1
Toyota,Ee96,1990,1775000,305000,1
Toyota,Elephant Back,1997,2675000,245848,1
Toyota,Elephant Back Ce 108,1997,2780000,400000,1
Toyota,Esquire,2014,19000000,165000,1
Toyota,Esquire G,2015,19950000,49000,1
Toyota,Estima,2006,4650000,123,1
Toyota,Estima,2007,9875000,185000,1
Toyota,Estima,2008,8583333,52343,3
Toyota,Estima,2010,12200000,65000,1
Toyota,Estima Hybrid,2009,9275000,152000,1
Toyota,Fortuner,2006,6532500,196500,2
Toyota,Fortuner,2007,16200000,180000,1
Toyota,Fortuner,2011,16000000,242150,1
Toyota,Fortuner,2013,18378500,186550,10
Toyota,Fortuner,2014,17375000,122500,2
Toyota,Fortuner,2015,22500000,95000,1
Toyota,Fortuner,2016,24500000,183266,1
Toyota,Fortuner,2017,29750000,28000,1
Toyota,Fortuner 3Cc,2013,16500000,140000,1
Toyota,Fortuner Srv,2016,27800000,101000,1
Toyota,Fortuner V Grade,2010,17200000,96000,1
Toyota,Fun,2006,3850000,14,1
Toyota,Gdh,2020,22500000,121500,1
Toyota,Gdh223 B Gl,2025,29000000,1000,1
Toyota,Glanza,1997,5650000,180,1
Toyota,Grand Cabin,2000,8583333,213333,3
Toyota,Grand Hiace,2007,7900000,236000,1
Toyota,Grand Hiace Granvia,2008,8175000,160000,1
Toyota,Grandhiace,2007,8850000,230000,1
Toyota,Granvia Grand Hiace,2007,7425000,178500,2
Toyota,Harrier,1999,5082500,180000,2
Toyota,Harrier,2004,7000000,157000,1
Toyota,Harrier,2007,9575000,243000,2
Toyota,Harrier,2008,8362500,161000,4
Toyota,Harrier,2009,10000000,274500,1
Toyota,Harrier,2014,17575000,147000,2
Toyota,Harrier,2015,18333333,130000,3
Toyota,Harrier,2016,23333333,97333,3
Toyota,Harrier,2017,23100000,106980,5
Toyota,Harrier,2020,22900000,76000,1
Toyota,Harrier 240 G,2007,8750000,183000,1
Toyota,Harrier 240G,2009,9800000,113500,1
Toyota,Harrier 4Wd Advanced Premium,2015,25750000,100000,1
Toyota,Harrier Advance Premium,2015,24000000,64900,1
Toyota,Harrier Advanced Premium,2015,19750000,120000,1
Toyota,Harrier Gs,2016,22000000,68700,1
Toyota,Harrier Hybrid,2007,9450000,210000,1
Toyota,Harrier Premium,2017,24500000,144500,1
Toyota,Harrier Rx300,2002,6000000,94000,1
Toyota,Harrier V6 Hybrid,2008,8500000,130000,1
Toyota,Harrier240,2007,9750000,117455,1
Toyota,Harrior,1999,4495000,25000,1
Toyota,Hiace,1980,600000,14500,1
Toyota,Hiace,1981,750000,1000,1
Toyota,Hiace,1982,885000,300000,2
Toyota,Hiace,1983,2375000,99999,1
Toyota,Hiace,1985,4275000,45000,1
Toyota,Hiace,1987,3837500,67345,2
Toyota,Hiace,1988,4087500,235330,4
Toyota,Hiace,1989,4125000,170782,3
Toyota,Hiace,1990,5336667,122726,3
Toyota,Hiace,1991,7011667,361363,3
Toyota,Hiace,1992,8750000,123456,1
Toyota,Hiace,1993,7416667,184560,3
Toyota,Hiace,1995,9800000,268000,1
Toyota,Hiace,1997,9875000,524995,1
Toyota,Hiace,1998,8200000,88167,3
Toyota,Hiace,2002,7825000,94134,2
Toyota,Hiace,2003,9550000,1,1
Toyota,Hiace,2004,15725000,225002,2
Toyota,Hiace,2007,14500000,305000,2
Toyota,Hiace,2008,17500000,344000,1
Toyota,Hiace,2010,12750000,256896,1
Toyota,Hiace,2017,19500000,10000,1
Toyota,Hiace,2025,21450000,1500,1
Toyota,Hiace 102,1989,4800000,433000,1
Toyota,Hiace 113,1990,7750000,440000,1
Toyota,Hiace 119 Dolphin,1990,5925000,12345,1
Toyota,Hiace 61,1985,3350000,30000,1
Toyota,Hiace Dolphin,1991,6150000,200000,1
Toyota,Hiace Dolphin,1995,8783333,249947,3
Toyota,Hiace Dolphin,1998,7800000,32000,1
Toyota,Hiace Dolphin Lh113,1998,11150000,3,1
Toyota,Hiace Dolphin Lh113 Gl,1994,8500000,300000,1
Toyota,Hiace Dolphin Lh113 Long,1992,7200000,200000,1
Toyota,Hiace Dolphin Super Gl Short,1999,10800000,197000,1
Toyota,Hiace Gb Rch42V,1998,6250000,300000,1
Toyota,Hiace Gdh 223B Gl,2025,25500000,1,1
Toyota,Hiace Gdh Kdh,2023,26700000,56000,1
Toyota,Hiace Gdh223B,2025,25500000,50,1
Toyota,Hiace Grand Cabin,1995,11300000,1111,1
Toyota,Hiace Kdh 200 Super Gl,2006,17200000,168000,1
Toyota,Hiace Kdh 201 Gl,2013,17700000,142500,1
Toyota,Hiace Kdh 201 Super Gl,2012,19800000,197000,1
Toyota,Hiace Kdh 201V Gl,2014,18650000,137000,1
Toyota,Hiace Lh102,1991,6800000,475000,1
Toyota,Hiace Lh102,1993,7090000,248466,1
Toyota,Hiace Lh113,1991,6900000,10,1
Toyota,Hiace Lh113 Gl,1994,9800000,480000,1
Toyota,Hiace Lh30,1980,1200000,300000,1
Toyota,Hiace Lh61V,1989,4850000,150000,1
Toyota,Hiace Regius,1997,6950000,260000,1
Toyota,Hiace Shell,1987,3550000,1,1
Toyota,Hiace Shell,1988,3875000,1111,1
Toyota,Hiace Shell Lh51,1987,2950000,278000,2
Toyota,Hiace Shell Lh61V,1988,4200000,99000,1
Toyota,Hiace Super Custom Limited,1989,4650000,1,1
Toyota,Hilux,1983,2000000,12345,1
Toyota,Hilux,1986,2050000,175000,1
Toyota,Hilux,1987,3250000,150000,1
Toyota,Hilux,1992,6850000,285000,2
Toyota,Hilux,1993,6550000,180000,1
Toyota,Hilux,1994,7900000,325000,1
Toyota,Hilux,1997,6000000,349947,1
Toyota,Hilux,1998,6412500,209781,4
Toyota,Hilux,1999,5350000,123,1
Toyota,Hilux,2000,7800000,400000,1
Toyota,Hilux,2001,7500000,245337,1
Toyota,Hilux,2002,8275000,276300,1
Toyota,Hilux,2005,10700000,280000,1
Toyota,Hilux,2006,10265714,162651,7
Toyota,Hilux,2007,10000000,187547,24
Toyota,Hilux,2008,10731000,191817,15
Toyota,Hilux,2009,10133333,163000,3
Toyota,Hilux,2010,9858889,220818,9
Toyota,Hilux,2011,12450000,135000,6
Toyota,Hilux,2014,14000000,170000,1
Toyota,Hilux,2015,16045000,178972,3
Toyota,Hilux,2016,16478000,146700,5
Toyota,Hilux,2017,18250000,129333,3
Toyota,Hilux,2018,18300000,99450,6
Toyota,Hilux,2019,19750000,45000,1
Toyota,Hilux,2020,20500000,33000,1
Toyota,Hilux,2025,24868750,11564,4
Toyota,Hilux 106,1994,5350000,120000,1
Toyota,Hilux 107,1992,5975000,12345,1
Toyota,Hilux 107,1993,7650000,200000,1
Toyota,Hilux 107,1994,7000000,100000,1
Toyota,Hilux 107,1996,6700000,4588,1
Toyota,Hilux 107 Ssr,1992,6575000,161000,2
Toyota,Hilux 107 Ssrx,1992,6450000,2000,1
Toyota,Hilux 107 Ssrx,1996,8600000,225000,1
Toyota,Hilux 166R,2003,7650000,165000,1
Toyota,Hilux 4X4,2017,17700000,263000,1
Toyota,Hilux Cab,2008,13800000,180000,1
Toyota,Hilux Champ,2011,12150000,200000,1
Toyota,Hilux Champ,2014,13800000,160500,2
Toyota,Hilux E Grade,2016,14200000,165000,1
Toyota,Hilux G Grade,2011,13590000,154500,1
Toyota,Hilux Gr Sport,2023,23347500,20268,2
Toyota,Hilux Gr Sport,2024,26310000,9346,5
Toyota,Hilux Gr Sport,2025,28250000,4680,2
Toyota,Hilux Gr Sport 2 8 Thailand,2023,23800000,9000,1
Toyota,Hilux Gr Sport Z,2023,24800000,17680,1
Toyota,Hilux Hl3,2009,10000000,165000,1
Toyota,Hilux Invicible D4,2007,10200000,170000,1
Toyota,Hilux Invincible,2006,9300000,215751,1
Toyota,Hilux Invincible D4D,2007,9800000,25000,1
Toyota,Hilux Ln 107,1991,6750000,10,1
Toyota,Hilux Ln 107,1997,6650000,25400,1
Toyota,Hilux Ln106,1990,5083333,285667,3
Toyota,Hilux Ln106,1994,5650000,280000,1
Toyota,Hilux Ln106,1996,5400000,300000,1
Toyota,Hilux Ln106 Ssr,1994,6550000,301000,1
Toyota,Hilux Ln107 Ssrx,1995,7350000,183000,1
Toyota,Hilux Ln107 Ssrx,1996,7087500,261002,2
Toyota,Hilux Ln116,2001,7475000,370000,1
Toyota,Hilux Ln145,1999,5675000,327500,1
Toyota,Hilux Ln147,2001,6600000,300000,1
Toyota,Hilux Ln166,1998,7800000,268000,1
Toyota,Hilux Ln40,1986,1490000,10,1
Toyota,Hilux Ln46,1983,3600000,10000,1
Toyota,Hilux Ln65,1988,3800000,35,1
Toyota,Hilux Ln65,1993,5650000,185000,1
Toyota,Hilux Ln85,1990,2600000,1111,1
Toyota,Hilux Ln85,1991,2600000,217,1
Toyota,Hilux Ln85,1995,4650000,14556,1
Toyota,Hilux Ln85,1997,2000000,180000,1
Toyota,Hilux Revo,2016,16400000,157000,2
Toyota,Hilux Revo,2017,18500000,61000,1
Toyota,Hilux Revo,2018,19000000,112251,2
Toyota,Hilux Revo 3L Thailand,2016,13650000,182000,1
Toyota,Hilux Revo Gr Sport,2024,26600000,18000,1
Toyota,Hilux Revo Rocco,2025,26245000,18,2
Toyota,Hilux Revo Single Cab,2023,11500000,38000,1
Toyota,Hilux Revolution,2016,20500000,155000,1
Toyota,Hilux Revolution,2018,17900000,138000,1
Toyota,Hilux Rocco,2016,17800000,130000,1
Toyota,Hilux Rocco,2018,20750000,99500,2
Toyota,Hilux Rocco,2020,22600000,66000,2
Toyota,Hilux Rocco,2022,24350000,22000,1
Toyota,Hilux Rocco,2025,25412500,5,2
Toyota,Hilux Rocco 2 8L,2025,25900000,6,1
Toyota,Hilux Rocco B5,2018,19800000,124000,1
Toyota,Hilux Rocco B5,2020,22075000,90125,4
Toyota,Hilux Rocco Gr Sport,2018,17750000,120000,1
Toyota,Hilux Rocco Thailand,2024,25975000,8500,1
Toyota,Hilux Single Cab,2010,8450000,196000,1
Toyota,Hilux Smart,2010,8850000,167000,1
Toyota,Hilux Smart Cab,2009,7350000,111500,2
Toyota,Hilux Smart Cab,2010,8985000,175050,4
Toyota,Hilux Sportivo,2015,18000000,120000,2
Toyota,Hilux Sportivo,2016,18500000,112000,2
Toyota,Hilux Ssr 107,1994,7250000,1,1
Toyota,Hilux Ssr X Ln107,1998,6550000,1,1
Toyota,Hilux Surf,1991,5750000,178000,1
Toyota,Hilux Surf,2008,8300000,344000,1
Toyota,Hilux Thailand,2009,13500000,215000,1
Toyota,Hilux Travo,2025,29250000,25,1
Toyota,Hilux Travo 4Trex Overland Plus,2025,29000000,60,1
Toyota,Hilux Travo Overland,2025,28600000,1,1
Toyota,Hilux Uk,2008,11450000,158000,1
Toyota,Hilux V Grade 2 8 Lt 4X4,2025,25000000,2500,1
Toyota,Hilux Vigo,2006,11250000,179000,2
Toyota,Hilux Vigo,2007,11400000,245684,4
Toyota,Hilux Vigo,2008,12000000,131500,2
Toyota,Hilux Vigo,2009,11283333,176667,3
Toyota,Hilux Vigo,2010,9100000,238500,2
Toyota,Hilux Vigo,2011,13650000,280000,2
Toyota,Hilux Vigo,2012,14500000,218000,1
Toyota,Hilux Vigo Champ,2012,14816667,167000,3
Toyota,Hilux Vigo Champ,2015,14000000,125000,1
Toyota,Hilux Vigo Champ Invincible,2011,13450000,130000,1
Toyota,Hilux Vigo G Grade,2008,12900000,175000,1
Toyota,Hilux Vigo G Grade Thailand,2006,13000000,165000,1
Toyota,Hilux Vigo Japan,2007,14000000,259000,1
Toyota,Hilux Vigo Smart,2009,7490000,360000,1
Toyota,Hilux Vigo Smart,2010,8600000,147000,1
Toyota,Hilux Vigo Smart Cab,2010,8912500,87500,2
Toyota,Hilux Vigo Smart Cab 2Wd,2010,7250000,283000,1
Toyota,Hilux Z Gr Sport,2022,22100000,11000,2
Toyota,Hilux Z Gr Sport,2023,24000000,7000,1
Toyota,Hilux Z Gr Sport,2025,21200000,55000,1
Toyota,Hilux Z Japan,2021,21050000,35000,1
Toyota,Hilux Z Japan,2023,21875000,13000,1
Toyota,Ist,2003,4750000,82501,2
Toyota,Ist,2004,5020000,158500,2
Toyota,Ist,2006,4875000,155500,2
Toyota,Ist Fl Grade,2003,4700000,183500,1
Toyota,Kdh,2005,10450000,206062,2
Toyota,Kdh,2006,15087500,119000,4
Toyota,Kdh,2007,16860714,263093,7
Toyota,Kdh,2008,18183333,172333,3
Toyota,Kdh,2009,18175000,151000,2
Toyota,Kdh,2010,17383333,214189,3
Toyota,Kdh,2011,13737500,264000,4
Toyota,Kdh,2012,16987500,165000,2
Toyota,Kdh,2013,18200000,116000,1
Toyota,Kdh,2014,20608333,191830,6
Toyota,Kdh,2015,23238636,134097,11
Toyota,Kdh,2016,24062500,109198,6
Toyota,Kdh,2017,20320833,121799,6
Toyota,Kdh,2018,24700000,195044,2
Toyota,Kdh,2025,21400000,1267,3
Toyota,Kdh 200,2005,18250000,11111,1
Toyota,Kdh 200,2006,16150000,260000,2
Toyota,Kdh 200,2007,17760000,236200,10
Toyota,Kdh 200,2011,14950000,213000,1
Toyota,Kdh 200 Gl,2005,15275000,140000,1
Toyota,Kdh 201,2008,18500000,192000,1
Toyota,Kdh 201,2013,23650000,157253,3
Toyota,Kdh 201,2014,21775000,241782,2
Toyota,Kdh 201,2016,21200000,155000,1
Toyota,Kdh 201,2017,27500000,100000,1
Toyota,Kdh 201 Dark Prime,2015,23850000,110000,1
Toyota,Kdh 201 Gl,2011,18475000,217500,2
Toyota,Kdh 201 Gl,2014,21000000,83000,1
Toyota,Kdh 201 Super Gl,2012,21000000,110000,1
Toyota,Kdh 201 Super Gl,2013,20800000,160000,1
Toyota,Kdh 201 Super Gl,2014,23200000,174750,2
Toyota,Kdh 201 Super Gl,2015,24037500,141205,4
Toyota,Kdh 201 Super Gl,2017,28975000,73500,1
Toyota,Kdh 205,2007,15900000,400000,1
Toyota,Kdh 205 Gl,2006,16500000,211000,1
Toyota,Kdh 205 Gl,2007,15850000,175000,1
Toyota,Kdh 211 Super Gl,2008,15200000,240000,1
Toyota,Kdh 221,2011,21300000,268200,1
Toyota,Kdh 221,2014,23000000,330000,1
Toyota,Kdh 221,2015,25300000,262000,1
Toyota,Kdh 221,2016,20500000,570000,1
Toyota,Kdh 221 Gl,2011,19000000,235000,1
Toyota,Kdh 221 Gl,2013,22000000,150000,1
Toyota,Kdh 221 Gl High Roof,2007,19800000,195000,1
Toyota,Kdh 222,2007,16500000,254786,1
Toyota,Kdh 222,2009,15500000,412000,1
Toyota,Kdh 222 Vip,2012,17500000,329000,1
Toyota,Kdh 222B,2007,18500000,318000,1
Toyota,Kdh 223,2013,20500000,130000,1
Toyota,Kdh 223B,2024,28800000,18500,1
Toyota,Kdh Dark Prime,2015,28200000,48000,1
Toyota,Kdh Dark Prime,2016,28500000,74000,1
Toyota,Kdh Dark Prime,2017,26500000,165000,1
Toyota,Kdh Gdh,2025,23000000,35,1
Toyota,Kdh Gdh 301,2025,23400000,6000,1
Toyota,Kdh Gdh Dark Prime,2018,29250000,101000,1
Toyota,Kdh Gdh223 B Gl Higroof,2025,28600000,1500,1
Toyota,Kdh Gl,2007,15087500,255000,2
Toyota,Kdh Gl,2014,6000000,163000,1
Toyota,Kdh Hiace,2012,17300000,224000,1
Toyota,Kdh High Roof,2010,17250000,185000,1
Toyota,Kdh High Roof,2015,21500000,240000,1
Toyota,Kdh High Roof 222,2006,1580000,220000,1
Toyota,Kdh Super Gl,2006,18500000,398413,2
Toyota,Kdh Super Gl,2011,21000000,150000,1
Toyota,Kdh Super Gl,2012,17950000,140000,1
Toyota,Kdh Super Gl,2015,23725000,100000,2
Toyota,Kdh Super Gl,2016,25200000,120000,2
Toyota,Kdh Super Gl,2017,24800000,161000,2
Toyota,Kdh Super Gl,2019,21800000,110000,1
Toyota,Kdh Super Gl 200,2006,16250000,165000,1
Toyota,Kdh Super Gl 200,2007,19000000,242000,2
Toyota,Kdh Super Gl 201,2008,17000000,254000,1
Toyota,Kdh Super Gl 201 Dark Prime,2015,25975000,122500,1
Toyota,Kdh Trh,2018,26750000,80000,1
Toyota,Kdh Trh 200,2007,16850000,175000,1
Toyota,Kdh Trh 200,2018,21000000,154680,1
Toyota,Kdh Trh 200 Dark Prime Gl,2017,23475000,76000,1
Toyota,Kdh Trh 200 Gl,2015,18975000,124000,1
Toyota,Kdh Trh 200 Super Gl,2006,16950000,225000,1
Toyota,Kdh Trh 200 Super Gl,2014,19600000,144000,1
Toyota,Kdh Trh 200 Super Gl,2015,23500000,58000,1
Toyota,Kdh Trh 200 Super Gl,2019,22500000,110000,1
Toyota,Kdh223,2014,22500000,97000,1
Toyota,Kdh223,2015,23800000,160000,1
Toyota,Ke20,1973,1150000,192000,1
Toyota,Ke55,1979,465000,100000,1
Toyota,Ke55,1980,825000,100000,1
Toyota,Ke55 Hi Deluxe,1978,775000,185485,1
Toyota,Ke72,1987,950000,2,1
Toyota,Ke72 Dx Wagon,1986,1250000,286000,1
Toyota,Ke73,1987,2375000,123000,1
Toyota,Khz110 Grand Cabin,1995,7500000,200000,1
Toyota,Kijang,1998,5085000,448056,1
Toyota,Kluger Acu25,2001,7100000,180000,1
Toyota,Kr26,1985,2100000,1,1
Toyota,Kr41,1998,6150000,143592,2
Toyota,Kr42,1997,5600000,348690,1
Toyota,Kr42,1998,6243750,162750,4
Toyota,Kr42,2000,5950000,323490,1
Toyota,Kr42,2001,8250000,163000,1
Toyota,Kr42,2002,9325000,208500,2
Toyota,Kr42,2006,7816667,124004,3
Toyota,Kr42,2007,7629167,152995,6
Toyota,Kr42 7K Noah,2001,8250000,180000,3
Toyota,Kr42 Townace,2002,7300000,125000,1
Toyota,Kr42 Townace,2006,7650000,112000,1
Toyota,Land Cruiser,1983,5500000,125000,1
Toyota,Land Cruiser,1992,14800000,276000,1
Toyota,Land Cruiser,1994,13500000,1,1
Toyota,Land Cruiser,1996,11500000,275,1
Toyota,Land Cruiser,2000,15650000,187303,2
Toyota,Land Cruiser,2002,13650000,120000,1
Toyota,Land Cruiser,2004,15975000,144228,2
Toyota,Land Cruiser,2008,17590000,181000,1
Toyota,Land Cruiser,2011,29000000,375000,1
Toyota,Land Cruiser,2018,28500000,140000,1
Toyota,Land Cruiser 81,1994,17000000,259000,1
Toyota,Land Cruiser Bj60,1988,8500000,100000,1
Toyota,Land Cruiser Box Prado,1988,15500000,262500,1
Toyota,Land Cruiser Box Prado,1991,15900000,315000,1
Toyota,Land Cruiser Cygnus V8,2000,16700000,145000,1
Toyota,Land Cruiser Cygnus V8,2006,22500000,124500,1
Toyota,Land Cruiser Lj79,1991,14500000,100000,1
Toyota,Land Cruiser Prado,1991,11000000,475000,1
Toyota,Land Cruiser Prado,1996,11800000,290000,1
Toyota,Land Cruiser Prado,1997,12500000,318000,1
Toyota,Land Cruiser Prado,2000,13550000,197000,2
Toyota,Land Cruiser Prado,2002,14600000,260000,1
Toyota,Land Cruiser Prado,2006,13800000,100000,1
Toyota,Land Cruiser Prado,2008,16883333,170333,3
Toyota,Land Cruiser Prado,2010,16350000,82000,2
Toyota,Land Cruiser Prado,2011,26850000,187212,2
Toyota,Land Cruiser Prado,2012,26600000,208750,4
Toyota,Land Cruiser Prado,2013,24500000,172000,1
Toyota,Land Cruiser Prado 120,2002,13000000,152000,1
Toyota,Land Cruiser Prado 120,2003,12812500,163500,2
Toyota,Land Cruiser Prado 120,2004,14425000,147771,2
Toyota,Land Cruiser Prado 120,2006,15000000,220000,1
Toyota,Land Cruiser Prado 120,2007,16450000,197500,1
Toyota,Land Cruiser Prado 120,2008,17966667,180000,3
Toyota,Land Cruiser Prado 150,2010,22300000,210000,1
Toyota,Land Cruiser Prado 150,2014,29500000,257000,1
Toyota,Land Cruiser Prado 150 5L,2010,24750000,195623,1
Toyota,Land Cruiser Prado 150 Tx,2010,26900000,165000,1
Toyota,Land Cruiser Prado 4 0L V6,2010,29500000,125000,1
Toyota,Land Cruiser Prado 95,1997,11782500,115000,2
Toyota,Land Cruiser Prado 95,1998,11500000,350000,1
Toyota,Land Cruiser Prado Gx 120,2004,13250000,115000,1
Toyota,Land Cruiser Prado J95,1997,12800000,287000,1
Toyota,Land Cruiser Prado Kzj95,1997,11800000,236000,1
Toyota,Land Cruiser Prado Sahara,1998,18500000,212000,1
Toyota,Land Cruiser Prado Trj120,2007,12700000,160200,1
Toyota,Land Cruiser Prado Tx,2010,24800000,141000,1
Toyota,Land Cruiser Prado Tx Limited,2010,27000000,129000,1
Toyota,Land Cruiser Sahara,1999,15500000,271000,1
Toyota,Land Cruiser Sahara 101,1999,24500000,200000,1
Toyota,Land Cruiser Sahara Vx V8,2004,21350000,78900,1
Toyota,Land Cruiser Vx 250 Edition,2025,5750000,27,1
Toyota,Landcruser Prado,2004,13200000,178000,1
Toyota,Ldf Kdh 201 Hiace,2011,16500000,220000,1
Toyota,Lexus,2007,8450000,95074,1
Toyota,Lexus Nx300H,2015,19800000,180000,1
Toyota,Lexus Rx 400H,2007,10500000,177000,1
Toyota,Lh 103 Dolphin,1993,7850000,243323,1
Toyota,Lh 110,1995,6500000,180000,1
Toyota,Lh 119,1993,7800000,120000,1
Toyota,Lh 162,1999,9800000,252876,1
Toyota,Lh 172,2000,12000000,240000,1
Toyota,Lh 172,2004,12800000,350000,1
Toyota,Lh 40,1981,400000,10000,1
Toyota,Lh 50,1988,750000,98665,1
Toyota,Lh102,1989,4850000,1172,2
Toyota,Lh102,1992,650000,551,1
Toyota,Lh102,1993,8125000,270000,2
Toyota,Lh109,1994,2500000,235000,1
Toyota,Lh113,1993,9425000,187556,2
Toyota,Lh113,1994,8875000,1,1
Toyota,Lh113,1996,9850000,190000,1
Toyota,Lh113,1997,10500000,233600,1
Toyota,Lh123 High Roof Super Long,1990,7400000,150000,1
Toyota,Lh162,1999,10000000,165000,1
Toyota,Lh172,1999,12000000,2,1
Toyota,Lh172 Hiace,2004,9340000,247000,1
Toyota,Lh20,1978,1300000,300000,1
Toyota,Lh20,1980,1375000,140000,2
Toyota,Lh20,1981,800000,242582,1
Toyota,Lh20,1982,950000,100000,1
Toyota,Lh20,1985,1412500,55056,2
Toyota,Lh20,1990,1050000,25000,1
Toyota,Lh30,1977,376667,138634,3
Toyota,Lh30,1979,750000,100000,1
Toyota,Lh30,1980,1253000,216359,5
Toyota,Lh30,1981,1490000,265174,3
Toyota,Lh30,1982,1003571,103522,7
Toyota,Lh30,1983,650000,1,1
Toyota,Lh30,1984,1000000,55556,2
Toyota,Lh30,1985,1300000,92324,2
Toyota,Lh30,1987,1075000,180000,1
Toyota,Lh30V,1981,700000,14213,1
Toyota,Lh40B,1981,1100000,1234,1
Toyota,Lh51,1985,3550000,12345,1
Toyota,Lh51,1986,3600000,123456,1
Toyota,Lh51,1987,6250000,110000,1
Toyota,Lh51,1988,2941667,154928,6
Toyota,Lh51,1989,4300000,112556,2
Toyota,Lh51 Shell,1986,3350000,146285,1
Toyota,Lh61,1985,2475000,250000,1
Toyota,Lh61,1989,4837500,206172,2
Toyota,Lh61 Gl,1989,4375000,356435,1
Toyota,Lh61 Shell Hiace,1989,4450000,1,1
Toyota,Lh61V,1987,3980000,250000,1
Toyota,Lh71B,1986,4800000,1,1
Toyota,Liteace,1976,1850000,50500,2
Toyota,Liteace,1983,1450000,92874,2
Toyota,Liteace,1984,1325000,125000,1
Toyota,Liteace,1985,2000000,67334,3
Toyota,Liteace,1986,1933000,160349,5
Toyota,Liteace,1987,2235000,2501,4
Toyota,Liteace,1988,2733333,362306,3
Toyota,Liteace,1989,2787500,76250,4
Toyota,Liteace,1990,2837500,298000,2
Toyota,Liteace,1991,3136429,122130,7
Toyota,Liteace,1992,3016667,56125,3
Toyota,Liteace,1994,1550000,40000,1
Toyota,Liteace,1995,1962500,179056,2
Toyota,Liteace,1996,3550000,200000,1
Toyota,Liteace,2012,7383333,159533,3
Toyota,Liteace Cm36,1988,2550000,85000,1
Toyota,Liteace Cm36,1989,2450000,123456,1
Toyota,Liteace Cm36,1990,3120000,220,3
Toyota,Liteace Cm36,1991,3112500,149000,2
Toyota,Liteace Noah,1996,5250000,272022,1
Toyota,Liteace S402M,2008,6900000,190000,1
Toyota,Ln106,1990,5650000,12345,1
Toyota,Ln106,1991,7400000,361518,1
Toyota,Ln65,1988,3800000,350000,1
Toyota,Ln85,1989,2590000,223000,1
Toyota,Loato,1994,52,198000,1
Toyota,Lotto,1992,4575000,156672,2
Toyota,Lotto,1993,4233333,149884,3
Toyota,Lotto,1994,5000000,200000,1
Toyota,Lotto,1995,5250000,230000,1
Toyota,Lotto,1998,5150000,157354,1
Toyota,Lotto Cr27,1990,4550000,123,1
Toyota,Lotto Cr27,1992,4050000,340674,2
Toyota,Lotto Cr27,1993,4137500,193750,2
Toyota,Lotto Cr27,1994,4796667,89251,3
Toyota,Lotto Cr27,1995,5650000,236144,1
Toyota,Lotto Cr27,1996,5475000,243000,1
Toyota,Lotto Cr27,1997,4350000,1148000,1
Toyota,Lotto Cr27,2000,4500000,200000,1
Toyota,Lotto Cr27,2007,3850000,185000,1
Toyota,Lotto Dx,1994,4500000,170000,1
Toyota,Marino,1998,3395000,220000,1
Toyota,Marino Ceres,1995,3990000,216700,1
Toyota,Mark 2,2006,6950000,228000,1
Toyota,Modified Yaris Cross Hybrid Z Adventure,2025,16950000,9500,1
Toyota,Montero Gls V6,2011,16800000,182000,1
Toyota,Musso,1998,2975000,34421,1
Toyota,Noah,1991,6300000,340000,1
Toyota,Noah,1997,6249000,220482,5
Toyota,Noah,1998,6606111,167263,9
Toyota,Noah,1999,7070000,218856,7
Toyota,Noah,2000,6725000,182921,2
Toyota,Noah,2001,7565909,166383,11
Toyota,Noah,2002,6579167,199033,6
Toyota,Noah,2007,8250000,190000,2
Toyota,Noah,2008,10075000,176000,2
Toyota,Noah,2012,11000000,186500,1
Toyota,Noah,2014,16833333,113945,3
Toyota,Noah 41,1997,11111,11,1
Toyota,Noah Cr 52,2000,7750000,225000,1
Toyota,Noah Cr41,1997,5690000,310000,1
Toyota,Noah Cr41,1998,6178750,179955,4
Toyota,Noah Cr41,1999,5200000,140000,1
Toyota,Noah Cr41,2002,5850000,292000,1
Toyota,Noah Cr41,2005,7500000,50000,1
Toyota,Noah Cr41 Gl,1998,6100000,235000,1
Toyota,Noah Cr42,1999,7375000,129000,5
Toyota,Noah Cr42,2000,6850000,175000,1
Toyota,Noah Cr42,2001,7950000,176771,2
Toyota,Noah Cr42,2002,7800000,223228,2
Toyota,Noah Cr42,2003,6975000,300000,1
Toyota,Noah Cr42,2007,7500000,117993,1
Toyota,Noah Cr50,2008,7490000,220000,1
Toyota,Noah Cr51,1997,5500000,123456,1
Toyota,Noah Kb Cr51J,2000,7950000,111000,1
Toyota,Noah Kr41,1997,6490000,380000,1
Toyota,Noah Kr41,1998,6750000,1,1
Toyota,Noah Kr42,1997,6075000,198778,2
Toyota,Noah Kr42,1998,6312500,67172,2
Toyota,Noah Kr42,1999,6450000,111505,2
Toyota,Noah Kr42,2000,6788333,192833,3
Toyota,Noah Kr42,2001,7833333,183800,3
Toyota,Noah Kr42,2002,7804167,199167,6
Toyota,Noah Kr42,2006,8041667,137452,6
Toyota,Noah Kr42,2007,8050000,128375,4
Toyota,Noah Kr42,2011,7575000,174500,2
Toyota,Noah Kr42 3C Efi,1999,7350000,200000,1
Toyota,Noah Kr42 3C Intercooler Tubo,2007,7850000,190500,1
Toyota,Noah Kr42 Gl,2005,7495000,1,1
Toyota,Noah Kr42 Gl,2007,7775000,174100,2
Toyota,Passo,2004,4432500,84596,2
Toyota,Passo,2005,4650000,110000,1
Toyota,Passo,2007,5045000,138000,2
Toyota,Passo,2008,4687500,130500,2
Toyota,Passo,2011,4787500,137500,2
Toyota,Passo,2013,5600000,140000,1
Toyota,Passo,2016,6595000,72000,1
Toyota,Passo,2019,7400000,60000,1
Toyota,Passo,2023,8471667,6698,3
Toyota,Passo G Grade,2018,7550000,22000,1
Toyota,Passo Kgc10,2008,4750000,125966,1
Toyota,Passo Moda,2016,7050000,100000,2
Toyota,Passo Moda,2023,8700000,21000,1
Toyota,Passo Safety,2016,6535000,90000,2
Toyota,Passo Xl Grade,2018,7550000,34750,1
Toyota,Passo Xl Grand,2025,8150000,13600,1
Toyota,Pixis,2012,5450000,203724,1
Toyota,Pixis,2018,6650000,41000,1
Toyota,Pixis,2023,7600000,6000,1
Toyota,Pixis,2024,6890000,8450,2
Toyota,Pixis Epoch,2018,6300000,74700,1
Toyota,Pixis G Grade,2024,7350000,3900,1
Toyota,Pixismira,2015,5495000,97000,1
Toyota,Prado,1992,16000000,178000,1
Toyota,Prado,1997,12687500,172000,2
Toyota,Prado,2000,13100000,200000,1
Toyota,Prado,2003,13500000,168000,1
Toyota,Prado,2007,17000000,156000,2
Toyota,Prado,2012,27900000,160000,1
Toyota,Prado 120,2002,15500000,210000,1
Toyota,Prado 120,2003,13530000,158491,5
Toyota,Prado 120,2005,8133333,74444,3
Toyota,Prado 120,2006,15700000,75570,2
Toyota,Prado 120,2007,18650000,135000,2
Toyota,Prado 120,2008,17325000,104850,2
Toyota,Prado 120,2012,18800000,118000,1
Toyota,Prado 120 5L,2007,14500000,270000,1
Toyota,Prado 120 Tx,2008,16300000,173000,1
Toyota,Prado 150,2010,26500000,151750,2
Toyota,Prado 150,2011,25187500,136250,4
Toyota,Prado 95,1997,14000000,285000,1
Toyota,Prado 95,1998,13050000,200000,1
Toyota,Prado 95,1999,12650000,190500,2
Toyota,Prado 95,2000,13500000,200000,1
Toyota,Prado 95,2002,13300000,225000,2
Toyota,Prado 95 Tz,1997,12000000,157000,1
Toyota,Prado Lc5,2013,29900000,195000,1
Toyota,Prado Vx,2011,28500000,188000,1
Toyota,Premio,2002,6695000,190823,1
Toyota,Premio,2007,8855000,144162,4
Toyota,Premio,2008,8650000,165000,1
Toyota,Premio,2010,9125000,164333,3
Toyota,Premio,2011,9725000,141333,3
Toyota,Premio,2012,10075000,159830,4
Toyota,Premio,2013,10920000,165000,5
Toyota,Premio,2014,11350000,100401,3
Toyota,Premio,2015,12500000,150,1
Toyota,Premio,2017,15175000,91000,3
Toyota,Premio,2018,15827778,235803,9
Toyota,Premio,2019,15900000,113789,1
Toyota,Premio 260,2010,9775000,167000,1
Toyota,Premio 260,2013,12450000,120000,1
Toyota,Premio 260 G Superior,2020,16450000,32500,1
Toyota,Premio F,2010,8925000,63800,1
Toyota,Premio G,2018,15750000,88000,1
Toyota,Premio G Superior,2007,8637500,165000,2
Toyota,Premio G Superior,2010,10275000,162000,1
Toyota,Premio G Superior,2013,10450000,169500,1
Toyota,Premio G Superior,2015,12550000,191425,1
Toyota,Premio G Superior,2017,14210714,89143,7
Toyota,Premio G Superior,2018,15363000,103000,5
Toyota,Premio G Superior,2019,17200000,48000,1
Toyota,Prius,1998,3300000,160000,1
Toyota,Prius,2007,6300000,230000,2
Toyota,Prius,2008,6567000,190200,5
Toyota,Prius,2009,8750000,204000,1
Toyota,Prius,2010,8500000,180000,1
Toyota,Prius,2011,9378571,132247,7
Toyota,Prius,2012,10164500,164200,10
Toyota,Prius,2013,10279167,135717,6
Toyota,Prius,2014,10450000,200500,2
Toyota,Prius,2015,12200000,183000,1
Toyota,Prius,2016,12500000,156000,1
Toyota,Prius 20,2007,6200000,217000,1
Toyota,Prius 3Rd Gen,2009,8000000,240000,1
Toyota,Prius 3Rd Gen,2012,9500000,230000,1
Toyota,Prius 4Th Gen,2015,11900000,124000,1
Toyota,Prius Alpha,2012,11500000,25,1
Toyota,Prius Anniversary,2008,6550000,185000,1
Toyota,Prius G Grade,2009,8875000,208500,1
Toyota,Prius G Sport,2013,12245000,178000,1
Toyota,Prius G Touring Solar,2010,9700000,193120,1
Toyota,Prius Jbl Headup 8Ab,2015,11800000,110000,1
Toyota,Prius My Coordination S Touring,2013,11350000,224000,1
Toyota,Prius S Grade,2012,9700000,150000,1
Toyota,Prius S Led,2013,11500000,170000,1
Toyota,Prius S Touring,2011,9400000,150000,1
Toyota,Prius S Touring,2012,11000000,136500,1
Toyota,Prius S Touring,2013,11095000,179000,1
Toyota,Raiz Z Grade,2025,12795000,30,1
Toyota,Raiz Z Hybride Higest,2025,13950000,13,1
Toyota,Raize,2019,10700000,55250,2
Toyota,Raize,2020,11237500,82700,4
Toyota,Raize,2022,11925000,38500,2
Toyota,Raize,2023,12550667,20867,15
Toyota,Raize,2024,12597222,12176,9
Toyota,Raize,2025,13596875,3324,24
Toyota,Raize,2026,13800000,1,1
Toyota,Raize 1200 Hybrid,2025,14150000,290,1
Toyota,Raize G,2023,12200000,6167,3
Toyota,Raize G Grade,2023,12750000,6000,1
Toyota,Raize G Grade,2024,12895000,19000,1
Toyota,Raize Highest Jdm Z Grade,2024,14025000,10000,1
Toyota,Raize Hybrid,2024,13412500,11000,2
Toyota,Raize Hybrid,2025,13850000,280,1
Toyota,Raize Hybrid,2026,14350000,4,1
Toyota,Raize Hybrid Z,2023,12900000,52000,1
Toyota,Raize Hybrid Z,2025,13950000,1900,1
Toyota,Raize Hybrid Z Grade,2024,12950000,44100,1
Toyota,Raize Hybrid Z Parking,2025,14300000,1,1
Toyota,Raize Japan,2025,14200000,10,1
Toyota,Raize Turbo,2024,11725000,7000,1
Toyota,Raize Turbo,2025,12100000,17,1
Toyota,Raize Z,2022,12800000,42000,1
Toyota,Raize Z,2023,12562500,13850,2
Toyota,Raize Z,2024,13086250,14125,4
Toyota,Raize Z,2025,13597500,16000,2
Toyota,Raize Z,2026,13100000,35,1
Toyota,Raize Z 1 2L Hybrid,2024,13450000,18000,1
Toyota,Raize Z 1 2L Hybrid,2025,13850000,1,1
Toyota,Raize Z 1200,2023,13350000,2500,1
Toyota,Raize Z Bsa,2025,13990000,10,1
Toyota,Raize Z Bsm,2026,14250000,1,1
Toyota,Raize Z Grade,2020,10750000,74000,1
Toyota,Raize Z Grade,2022,12500000,30000,1
Toyota,Raize Z Grade,2023,12191667,5867,3
Toyota,Raize Z Grade,2024,13400000,301,1
Toyota,Raize Z Grade,2025,13129167,4132,6
Toyota,Raize Z Grade,2026,14412500,15,2
Toyota,Raize Z Grade Japan,2025,12600000,5000,1
Toyota,Raize Z Grade With Led Bodykit,2026,14775000,28,1
Toyota,Raize Z Hybrid,2024,12895000,16500,2
Toyota,Raize Z Hybrid,2025,14125000,367,3
Toyota,Raize Z Hybrid A202A,2025,12500000,4000,1
Toyota,Raize Z Safety,2025,13990000,5,1
Toyota,Raize Z Turbo,2025,12850000,2000,1
Toyota,Rav,2004,6150000,205000,1
Toyota,Rav4,1995,3650000,200000,1
Toyota,Rav4,1996,4121250,189750,4
Toyota,Rav4,1997,2982500,157500,2
Toyota,Rav4,1998,4350000,190000,1
Toyota,Rav4,2002,6021667,164722,6
Toyota,Rav4,2003,5775000,167000,1
Toyota,Rav4,2004,6575000,208000,1
Toyota,Rav4,2007,7750000,140667,3
Toyota,Rav4,2008,7856250,159071,4
Toyota,Rav4,2009,8500000,165000,1
Toyota,Rav4,2012,10500000,102000,1
Toyota,Rav4,2013,12450000,149000,2
Toyota,Rav4,2020,5700000,200000,1
Toyota,Rav4 G Grade,2007,7500000,168000,1
Toyota,Rav4 L,2000,7350000,182800,1
Toyota,Rave4,1998,4500000,160000,1
Toyota,Regius,1998,7550000,185000,1
Toyota,Regius,2001,7250000,125000,1
Toyota,Regius,2002,6600000,123456,1
Toyota,Regius,2003,7500000,316875,1
Toyota,Rh 20,1979,1250000,200000,1
Toyota,Roomy,2017,7680000,79900,1
Toyota,Roomy,2018,7990000,95000,1
Toyota,Roomy,2023,10075000,32995,2
Toyota,Roomy,2024,9947500,9498,4
Toyota,Roomy Custom G,2022,9650000,30000,1
Toyota,Roomy Custom G,2023,9700000,16000,1
Toyota,Roomy Custom G,2025,10190000,1800,1
Toyota,Roomy Custom Gt,2023,9700000,13400,1
Toyota,Roomy G,2023,9375000,9965,1
Toyota,Roomy G,2025,8990000,1400,1
Toyota,Roomy Gt Turbo,2017,7700000,83500,1
Toyota,Roomy Thor Custom G,2024,9500000,8200,1
Toyota,Rush,2006,6825000,193600,1
Toyota,Rush,2007,7032500,178883,6
Toyota,Rush,2008,6878333,187667,3
Toyota,Rush,2009,7162500,186046,2
Toyota,Rush,2010,7350000,134000,3
Toyota,Rush,2013,7500000,198000,1
Toyota,Rush,2018,14044000,64647,10
Toyota,Rush,2025,16660000,6116,5
Toyota,Rush G,2009,6975000,152442,1
Toyota,Sahara,1999,16500000,123456,1
Toyota,Sahara 105,2005,22200000,325000,1
Toyota,Sahara 80,1997,16800000,187000,1
Toyota,Sb 14,1998,2685000,136000,1
Toyota,Shell,1983,2641667,69197,3
Toyota,Shell,1984,3570000,233500,2
Toyota,Shell,1985,3825000,75000,2
Toyota,Shell,1986,3075,264350,1
Toyota,Shell,1987,3925000,38220,2
Toyota,Shell,1988,3683333,123964,3
Toyota,Shell,1989,4010714,127531,7
Toyota,Shell,1994,4187500,556,2
Toyota,Shell Custom,1988,3750000,1,1
Toyota,Shell Hiace,1983,3885000,219000,1
Toyota,Shell Hiace,1987,4100000,5,1
Toyota,Shell High Roof Lh71 Super Long,1987,4625000,1234,1
Toyota,Shell Lh51,1986,3187500,100617,2
Toyota,Shell Lh60,1983,3350000,26500,1
Toyota,Shell Lh61,1986,3100000,123456,1
Toyota,Shell Lh61,1987,3550000,262000,1
Toyota,Single Cab,2008,5700000,247000,1
Toyota,Skylight Roof,1988,2985000,213500,1
Toyota,Smart Cab,2008,6850000,100000,1
Toyota,Soluna,2000,3263333,159419,3
Toyota,Soluna,2001,3390000,138000,1
Toyota,Soluna,2004,3050000,163000,1
Toyota,Spinter Ae81,1984,1325000,134000,1
Toyota,Sprinter,1996,3635000,213950,2
Toyota,Sprinter,1997,3566667,158667,3
Toyota,Sprinter Xe Vintage Ae110 Corolla,1997,3550000,196000,1
Toyota,Starlet,1985,2150000,262000,1
Toyota,Starlet,1990,895000,12345,1
Toyota,Starlet,1993,3675000,180000,1
Toyota,Starlet,1995,2975000,15438,1
Toyota,Starlet,1996,3600000,184000,2
Toyota,Starlet,1997,3500000,195667,3
Toyota,Starlet,1998,3900000,234000,1
Toyota,Starlet,2002,3600000,220000,1
Toyota,Starlet Ep82,1993,3195000,77590,1
Toyota,Starlet Ep82,1995,3090000,257000,1
Toyota,Starlet Ep91,1997,3700000,200000,1
Toyota,Starlet Ep91,1998,4083333,148000,3
Toyota,Starlet Ep91,2000,3375000,195000,1
Toyota,Starlet Ep91,2002,4175000,191567,1
Toyota,Starlet Gt,1993,3050000,200000,1
Toyota,Starlet Turbo Mint,1996,3375000,168000,1
Toyota,Starlet Turbo Mint,1997,3365000,168000,1
Toyota,Sup Glkdh,2015,24000000,83000,1
Toyota,Super Gl,2006,18800000,179000,1
Toyota,Super Gl,2008,18800000,189000,1
Toyota,Super Gl,2015,24000000,82000,1
Toyota,Taisor,2024,10650000,1560,1
Toyota,Taisor,2025,11687500,2200,2
Toyota,Taisor,2026,10990000,1,1
Toyota,Taisor G At Turbo,2026,10500000,1,1
Toyota,Taisor Urban Cruiser V Grade,2025,12000000,1,1
Toyota,Taisor Urban Cruiser V Grade,2026,11700000,40,1
Toyota,Taisor V,2026,12000000,1,1
Toyota,Taisor V 1 L,2024,11200000,200,1
Toyota,Taisor V Grade,2025,11950000,146,1
Toyota,Taisor V Grade,2026,12176667,7,3
Toyota,Taisor V Grade Urban Cruiser,2025,11750000,100,1
Toyota,Tank,2017,7825000,101500,2
Toyota,Te20,1980,900000,1,1
Toyota,Tercel,1991,2690000,160000,1
Toyota,Tercel,1995,2600000,254785,1
Toyota,Tercel,1996,2688333,135895,3
Toyota,Tercel,1997,3000000,100000,2
Toyota,Ti My Road Ct 210,1997,4250000,296000,1
Toyota,Townace,1973,1225000,75000,1
Toyota,Townace,1980,590000,1,1
Toyota,Townace,1983,1950000,12345,1
Toyota,Townace,1984,2300000,200000,1
Toyota,Townace,1985,1653333,86582,6
Toyota,Townace,1986,2500000,123,1
Toyota,Townace,1987,2390000,161185,6
Toyota,Townace,1988,2456250,211314,4
Toyota,Townace,1989,3319000,250983,5
Toyota,Townace,1990,2873636,11335947,11
Toyota,Townace,1991,3259375,118125,8
Toyota,Townace,1992,3661250,150083,8
Toyota,Townace,1993,4439091,170000,11
Toyota,Townace,1994,4920556,189770,18
Toyota,Townace,1995,4641071,121844,14
Toyota,Townace,1996,4950000,190000,2
Toyota,Townace,1997,7250000,250000,1
Toyota,Townace,1998,6075000,220963,4
Toyota,Townace,1999,6400000,99500,2
Toyota,Townace,2000,6716667,224485,3
Toyota,Townace,2002,6270000,241500,2
Toyota,Townace,2005,6550000,190000,1
Toyota,Townace,2006,8950000,103000,1
Toyota,Townace,2007,7995000,175,1
Toyota,Townace,2008,6470000,131728,2
Toyota,Townace,2011,6250000,220000,1
Toyota,Townace,2012,7190000,1,1
Toyota,Townace,2013,8100000,105000,2
Toyota,Townace,2015,6950000,241000,1
Toyota,Townace Cr26,1982,1750000,452136,1
Toyota,Townace Cr26,1983,1650000,80000,1
Toyota,Townace Cr26,1985,2400000,38056,2
Toyota,Townace Cr26,1986,2075000,185000,1
Toyota,Townace Cr26,1987,1950000,245000,1
Toyota,Townace Cr26,1988,2198333,91193,3
Toyota,Townace Cr27,1989,3005000,97080,3
Toyota,Townace Cr27,1990,3358000,309691,5
Toyota,Townace Cr27,1991,3495556,158345,9
Toyota,Townace Cr27,1992,3800000,79061,2
Toyota,Townace Cr27,1993,4303750,280000,4
Toyota,Townace Cr27,1994,5133333,79167,3
Toyota,Townace Cr27,1995,4050000,217839,2
Toyota,Townace Cr27,1996,5050000,141000,3
Toyota,Townace Cr27 2C Engine,1989,2900000,111,1
Toyota,Townace Cr36,1991,3150000,1,1
Toyota,Townace Cr36,1995,2500000,1,1
Toyota,Townace Cr41,1997,5875000,204000,1
Toyota,Townace Cr42,1999,6850000,265000,2
Toyota,Townace Gl Abs,2001,7800000,150000,1
Toyota,Townace High Roof,1991,3725000,250000,1
Toyota,Townace Kr26,1985,2475000,189000,1
Toyota,Townace Kr42,1999,6600000,264000,1
Toyota,Townace Kr42,2006,7500000,135000,1
Toyota,Townace Kr52,2006,7850000,96658,1
Toyota,Townace Lotto,1993,4375000,175000,1
Toyota,Townace Lotto,1994,5166667,298333,3
Toyota,Townace Lotto,1995,4850000,117500,2
Toyota,Townace Lotto,1996,5333333,202645,3
Toyota,Townace Lotto,2000,5295000,275,1
Toyota,Townace Lotto,2001,6200000,123,1
Toyota,Townace Lotto Cr27,1992,4122500,276496,4
Toyota,Townace Lotto Cr27,1993,4650000,192442,4
Toyota,Townace Lotto Cr27,1994,4900000,160365,4
Toyota,Townace Lotto Cr27,1995,4983333,141834,3
Toyota,Townace Lotto Cr27,1996,6200000,185000,1
Toyota,Townace Lotto Cr27 Gg,1996,6200000,185000,1
Toyota,Townace Lotto Cr36,1992,3875000,168000,1
Toyota,Townace Noah,1997,6450000,240000,1
Toyota,Townace Noah,1998,5875000,220000,1
Toyota,Townace Noah,1999,6125000,235000,2
Toyota,Townace Noah Cr41,2002,6725000,233450,2
Toyota,Townace Noah Cr42,1999,7800000,150000,1
Toyota,Townace Noah Cr42,2000,7200000,235075,1
Toyota,Townace Noah Cr42 Gl,2000,7850000,217300,1
Toyota,Townace Noah Cr42 Gl,2004,7750000,192000,1
Toyota,Townace Noah Kr42,1997,5650000,22400,1
Toyota,Townace Noah Kr42,1998,6875000,225000,1
Toyota,Townace Noah Kr42,1999,6825000,198000,1
Toyota,Townace Noah Kr42,2006,7700000,1,1
Toyota,Townace Noah Kr42,2007,8812500,214630,2
Toyota,Townace Noah Kr42 3C Turbo,2000,7425000,145000,1
Toyota,Townace Noah Kr42 3C Turbo Road Tourer,2013,12750000,122000,1
Toyota,Townace Noah Kr42 7K Efi American Billet,2012,10350000,135000,1
Toyota,Townace Yr 26,1985,2750000,2,1
Toyota,Toyota,1985,325000,85255,1
Toyota,Toyota,2009,17500000,146000,1
Toyota,Trd,1999,1750000,1,1
Toyota,Trh200,2008,17950000,22444,1
Toyota,Tx 150,2010,24900000,173000,1
Toyota,Urban Cruiser Taisor,2024,12000000,20000,1
Toyota,Urban Cruiser Taisor,2026,11983333,107,3
Toyota,Vanguard,2009,10535000,183000,2
Toyota,Vanguard,2013,11000000,194000,1
Toyota,Vanguard Rav4,2011,9185000,148000,1
Toyota,Vellfire,2012,29500000,190000,1
Toyota,Verossa,2001,5750000,172000,1
Toyota,Vigo,2010,8750000,440001,1
Toyota,Vios,2003,5180000,178294,6
Toyota,Vios,2004,4897500,191720,2
Toyota,Vios,2005,5295000,99501,2
Toyota,Vios,2006,5425000,165000,1
Toyota,Vios,2007,5933750,177250,4
Toyota,Vios,2008,6072500,137500,2
Toyota,Vios,2010,6700000,191500,2
Toyota,Vios,2011,6095000,190000,1
Toyota,Vios Belta,2007,5950000,166000,1
Toyota,Vios E,2003,5690000,172000,1
Toyota,Vios E,2007,6900000,140000,1
Toyota,Vios Japan,2004,5100000,215000,1
Toyota,Vios Japan,2006,5150000,132000,1
Toyota,Vios Yaris Body,2007,5850000,145000,1
Toyota,Vista,1991,2100000,150000,1
Toyota,Vista Cv 40,1998,2750000,1234,1
Toyota,Vista Cv40,1996,2800000,125000,1
Toyota,Vitz,1999,3661667,127260,3
Toyota,Vitz,2000,3700000,230000,1
Toyota,Vitz,2001,3958333,182500,3
Toyota,Vitz,2003,3995000,1,1
Toyota,Vitz,2004,7950000,168000,1
Toyota,Vitz,2005,5385000,174377,1
Toyota,Vitz,2006,5050000,156000,1
Toyota,Vitz,2007,5403409,127493,22
Toyota,Vitz,2008,5507500,140617,14
Toyota,Vitz,2009,5460000,141450,4
Toyota,Vitz,2010,5588333,143900,3
Toyota,Vitz,2011,6025000,30500,2
Toyota,Vitz,2013,6675000,121317,3
Toyota,Vitz,2015,7128667,100945,15
Toyota,Vitz,2016,7264000,85950,10
Toyota,Vitz,2017,7491364,90882,11
Toyota,Vitz,2018,8178125,82442,16
Toyota,Vitz,2019,8484000,68220,5
Toyota,Vitz 1000 Vvti,2004,3925000,220000,1
Toyota,Vitz Edition 1,2017,7497500,97340,2
Toyota,Vitz Edition 2,2018,8006250,87875,4
Toyota,Vitz Edition 3,2019,8478750,87250,4
Toyota,Vitz Edition 3 Led,2019,8275000,46000,1
Toyota,Vitz Jewela,2018,8650000,89,1
Toyota,Vitz Ksp130,2015,6695000,115000,2
Toyota,Vitz Ksp130,2017,7600000,130000,1
Toyota,Vitz Ksp130,2018,7850000,79000,1
Toyota,Vitz Ksp210,2024,9500000,14500,1
Toyota,Vitz Ksp90,2007,5184167,126506,6
Toyota,Vitz Ksp90,2008,5361250,138695,8
Toyota,Vitz Ksp90,2009,5585000,115000,1
Toyota,Vitz Ksp90,2010,5250000,125000,1
Toyota,Vitz Led,2016,7050000,95000,1
Toyota,Vitz Limited Edition,2015,7000000,130000,1
Toyota,Vitz Rs,2000,4250000,2,1
Toyota,Vitz Rs,2008,5875000,127000,1
Toyota,Vitz Safety,2018,7795000,79000,1
Toyota,Vitz Safety Edition,2016,7250000,85000,1
Toyota,Vitz Safety Edition,2018,7800000,69900,1
Toyota,Vitz Safety Edition,2019,8350000,104000,1
Toyota,Vitz Safety Edition 3,2018,9000000,30500,1
Toyota,Vitz Scp 90,2009,6025000,169808,1
Toyota,Vitz Scp90 Ill,2008,5875000,143000,1
Toyota,Vitz U Grade,2007,5400000,85000,1
Toyota,Voxy,2014,15575000,188364,4
Toyota,Voxy,2015,17500000,150000,2
Toyota,Voxy,2016,15495000,1,1
Toyota,Voxy Esquire,2015,16500000,160000,1
Toyota,Wigo,2017,6005000,70067,3
Toyota,Wigo,2018,6550000,98000,1
Toyota,Wigo G,2017,6700000,85406,1
Toyota,Wigo G Grade,2018,6925000,80896,1
Toyota,Yaris,2006,5725000,176550,1
Toyota,Yaris,2007,6046250,154554,4
Toyota,Yaris,2008,6317143,124871,7
Toyota,Yaris,2011,6627000,157311,5
Toyota,Yaris,2012,6785000,141000,1
Toyota,Yaris,2017,9450000,82400,1
Toyota,Yaris,2023,8100000,92000,1
Toyota,Yaris,2024,9690000,21667,3
Toyota,Yaris,2025,10985000,1900,1
Toyota,Yaris Ativ,2019,11187500,125736,2
Toyota,Yaris Ativ Grade,2019,11200000,89620,1
Toyota,Yaris Cross,2023,15405000,26346,3
Toyota,Yaris Cross,2024,15800000,16000,1
Toyota,Yaris Cross,2025,16500000,1482,2
Toyota,Yaris Cross G,2022,14500000,52000,1
Toyota,Yaris Cross Gr Sport,2024,16995000,23000,1
Toyota,Yaris Cross Hybrid Z Adventure Modified,2025,16950000,9500,1
Toyota,Yaris Cross Hybrid Z Grade,2023,14850000,49991,1
Toyota,Yaris Cross Hybrid Z Urbano,2025,18500000,4500,1
Toyota,Yaris Cross Mxpj10,2025,17250000,25,1
Toyota,Yaris Cross Premium Luxury,2025,19200000,4950,1
Toyota,Yaris Cross Z,2023,15490000,29500,1
Toyota,Yaris Cross Z,2024,15987500,9495,2
Toyota,Yaris Cross Z Adventure,2023,16500000,9500,1
Toyota,Yaris Cross Z Adventure,2024,16895000,23000,1
Toyota,Yaris Cross Z Grade,2023,15875000,13050,2
Toyota,Yaris Cross Z Hev,2023,16300000,6200,1
Toyota,Yaris Cross Z Pb,2023,15790000,25000,1
Toyota,Yaris G Grade,2023,9750000,51000,1
Toyota,Yaris G Grade Safety,2023,9550000,16500,1
Toyota,Yaris G Led,2025,11150000,260,1
Toyota,Yaris X,2023,8850000,24000,2
Toyota,Yaris X Limited,2023,8650000,33358,1
Tvs,Apache,2017,468000,79000,1
Tvs,N Torq,2024,610000,17500,1
Tvs,Xl Super,2016,125000,2000,1
Volkswagen,Beetle 1302,1980,4500000,10000,1
Volkswagen,Cc,2013,10500000,130300,1
Volkswagen,Jetta,2008,4950000,150000,1
Volkswagen,Jetta,2016,8400000,125000,1
Volkswagen,Kombi,1961,2475000,132000,1
Volkswagen,Passat B7,2011,8975000,112000,1
Volkswagen,Polo,2018,8750000,51000,1
Volkswagen,Polo Gt,2015,6675000,159000,1
Volkswagen,T Cross,2022,12250000,10000,1
Volkswagen,Tiguan,2011,9500000,180000,1
Volkswagen,Tiguan,2018,16000000,135000,1
Volkswagen,Tiguan Allspace,2018,14250000,131500,2
Volkswagen,Touareg,2014,20500000,152000,1
Volkswagen,Touareg 7P,2014,22000000,136000,1
Volkswagen,Transporter,1985,985000,26531,1
Volvo,240 Glt 23,1988,4000000,102000,1
Volvo,940Gl,1995,1375000,125000,1
Volvo,S40,1999,2695000,71000,1
Volvo,S40,2000,2875000,86626,1
Volvo,Xc 90,2018,29500000,170000,1
Volvo,Xc40,2019,29000000,41000,1
Willys,Cj6,1980,3300000,123,1
Willys,Willys,1967,2350000,150000,1
Yadea,T5 L,2026,519950,1,1
Yamaha,Ray,2013,235000,2,1
Zotye,Extreme,2012,3850000,71304,1
Zotye,Nomad,1996,4800000,210000,1
Zotye,Nomad,2007,3850000,100000,1
Zotye,Nomad,2008,3366667,73157,3
Zotye,Nomad,2010,3292500,131000,2
Zotye,Nomad,2011,3350000,120140,2
Zotye,Nomad,2012,3300000,96000,1
Zotye,Nomad,2014,4200000,89000,1
Zotye,Nomad 2,2011,3670000,146786,7
Zotye,Nomad 2,2012,3390000,70000,1
Zotye,Nomad Extreme,2012,3975000,120500,1
Zotye,Nomad Extreme,2013,4285000,73000,1
Zotye,Z100,2016,3195000,1,1
Zotye,Z100,2017,3078333,34874,3
Zotye,Z100,2018,3025000,57000,1
Zotye,Z100,2019,3250000,25900,1
Zotye,Z100,2020,3400000,160000,1
Zotye,Z100 Limited Edition,2020,3350000,25000,1
