Unnamed: 0,Vehicle Type,Make,Model,Year,Price,Milleage,District,published date,Vehicle URL,Condition
3,Car,Suzuki,Alto Japan,2023.0,6590000.0,9900.0,Kiribathgoda,2/7/2026,https://riyasewana.com/buy/suzuki-alto-japan-sale-kiribathgoda-11167345,Recondition
11,Car,Suzuki,Spacia Custom Xs,2024.0,8700000.0,15000.0,Puttalam,2/6/2026,https://riyasewana.com/buy/suzuki-spacia-custom-sale-puttalam-11167325,Recondition
36,Car,Daihatsu,Tanto,2024.0,7500000.0,7000.0,Colombo,2/6/2026,https://riyasewana.com/buy/daihatsu-tanto-sale-colombo-11167272,Recondition
38,Car,Nissan,Dayz,2023.0,7500000.0,4000.0,Colombo,2/6/2026,https://riyasewana.com/buy/nissan-dayz-sale-colombo-11167268,Brand New
61,Car,Toyota,Yaris,2024.0,9500000.0,6000.0,Colombo,2/5/2026,https://riyasewana.com/buy/toyota-yaris-sale-colombo-11161368,Recondition
62,Car,Audi,A3 S Line,2023.0,22500000.0,10000.0,Colombo,2/4/2026,https://riyasewana.com/buy/audi-a3-s-sale-colombo-11155681,Recondition
89,Car,Mercedes-Benz,A180 AMG PREMIUM Registered,2024.0,26500000.0,9500.0,Colombo,2/6/2026,https://riyasewana.com/buy/mercedes-benz-a180-amg-sale-colombo-11167137,Recondition
90,Car,Toyota,Vitz,2023.0,8875000.0,4100.0,Polgahawela,2/6/2026,https://riyasewana.com/buy/toyota-vitz-sale-polgahawela-11167136,Brand New
120,Car,Toyota,Yaris,2023.0,8875000.0,4132.0,Polgahawela,2/6/2026,https://riyasewana.com/buy/toyota-yaris-sale-polgahawela-11167038,Brand New
188,Car,DFSK,I-Auto Limited Edition,2024.0,1395000.0,17100.0,Panadura,2/6/2026,https://riyasewana.com/buy/dfsk-i-auto-limited-sale-panadura-11166870,Recondition
191,Car,Suzuki,Wagon R FX Safety,2024.0,7150000.0,9000.0,Homagama,2/6/2026,https://riyasewana.com/buy/suzuki-wagon-r-sale-homagama-11166863,Recondition
205,Car,Toyota,Yaris G,2023.0,9975000.0,25000.0,Colombo,2/6/2026,https://riyasewana.com/buy/toyota-yaris-g-sale-colombo-11166827,Recondition
223,Car,Suzuki,Custom Zx,2023.0,3275000.0,34000.0,Gampaha,2/6/2026,https://riyasewana.com/buy/suzuki-custom-zx-sale-gampaha-11166786,Recondition
230,Car,Suzuki,Spacia Custom,2024.0,8600000.0,3000.0,Panadura,2/6/2026,https://riyasewana.com/buy/suzuki-spacia-custom-sale-panadura-11166776,Brand New
284,Car,Tesla,Model 3 Highland,2024.0,28500000.0,14000.0,Kotte,2/6/2026,https://riyasewana.com/buy/tesla-model-3-sale-kotte-11166632,Recondition
298,Car,Suzuki,Wagon R FX Safety,2024.0,7200000.0,20350.0,Colombo,2/6/2026,https://riyasewana.com/buy/suzuki-wagon-r-sale-colombo-11166589,Recondition
305,Car,Nissan,Roox Highway Star Pro Pilot,2024.0,8975000.0,3000.0,Kadawatha,2/2/2026,https://riyasewana.com/buy/nissan-roox-highway-sale-kadawatha-11143791,Brand New
337,Car,Honda,N Box Coordinate Style,2024.0,8750000.0,4200.0,Mirigama,2/6/2026,https://riyasewana.com/buy/honda-n-box-sale-mirigama-11166484,Brand New
354,Car,Daihatsu,Mira X Limited Sa3,2025.0,6880000.0,28.0,Colombo,2/3/2026,https://riyasewana.com/buy/daihatsu-mira-x-sale-colombo-11149374,Brand New
361,Car,Toyota,Yaris,2023.0,8850000.0,50000.0,Gampaha,2/6/2026,https://riyasewana.com/buy/toyota-yaris-sale-gampaha-11166387,Recondition
364,Car,Suzuki,Spacia,2023.0,8200000.0,5380.0,Polgahawela,2/5/2026,https://riyasewana.com/buy/suzuki-spacia-sale-polgahawela-11159305,Recondition
391,Car,Suzuki,Wagon R,2023.0,7075000.0,8000.0,Katunayake,2/6/2026,https://riyasewana.com/buy/suzuki-wagon-r-sale-katunayake-11166288,Recondition
411,Car,Mitsubishi,EK WAGON SAFETY DAYZ,2023.0,7175000.0,9000.0,Homagama,2/6/2026,https://riyasewana.com/buy/mitsubishi-ek-wagon-sale-homagama-11166251,Recondition
478,Car,Suzuki,Wagon R Custom ZX,2024.0,8550000.0,8000.0,Nittambuwa,2/1/2026,https://riyasewana.com/buy/suzuki-wagon-r-sale-nittambuwa-11138601,Recondition
489,Car,Suzuki,Wagon R FX Safety,2024.0,7250000.0,900.0,Homagama,2/6/2026,https://riyasewana.com/buy/suzuki-wagon-r-sale-homagama-11166048,Brand New
530,Car,Suzuki,Wagon R ZX,2023.0,8000000.0,10.0,Wennappuwa,2/6/2026,https://riyasewana.com/buy/suzuki-wagon-r-sale-wennappuwa-11165963,Brand New
581,Car,Toyota,Axio EX HYBRID,2023.0,12900000.0,30000.0,Colombo,2/6/2026,https://riyasewana.com/buy/toyota-axio-ex-sale-colombo-11165841,Recondition
588,Car,Suzuki,Wagon R FX Hybrid Interior,2024.0,7625000.0,3600.0,Mirigama,2/6/2026,https://riyasewana.com/buy/suzuki-wagon-r-sale-mirigama-11165823,Brand New
608,Car,Toyota,Yaris,2024.0,9350000.0,33000.0,Colombo,2/6/2026,https://riyasewana.com/buy/toyota-yaris-sale-colombo-11165766,Recondition
612,Car,Toyota,Roomy G,2023.0,9450000.0,2000.0,Colombo,2/6/2026,https://riyasewana.com/buy/toyota-roomy-g-sale-colombo-11165055,Brand New
616,Car,Suzuki,Wagon RMH85S FX SAFETY PEARL,2025.0,7100000.0,5.0,Colombo,2/6/2026,https://riyasewana.com/buy/suzuki-wagon-rmh85s-sale-colombo-11165721,Brand New
646,Car,Toyota,Passo,2023.0,9500000.0,1490.0,Polgahawela,1/30/2026,https://riyasewana.com/buy/toyota-passo-sale-polgahawela-11129820,Brand New
665,Car,Suzuki,Wagon R Custom Hybrid ZX,2024.0,8400000.0,3000.0,Colombo,1/28/2026,https://riyasewana.com/buy/suzuki-wagon-r-sale-colombo-11119916,Brand New
669,Car,Toyota,YARIS X GRADE,2024.0,9800000.0,4000.0,Welisara,2/6/2026,https://riyasewana.com/buy/toyota-yaris-x-sale-welisara-11165589,Brand New
713,Car,Honda,N-Box JF5 Fashion Style,2023.0,7300000.0,20000.0,Colombo,2/6/2026,https://riyasewana.com/buy/honda-n-box-jf5-sale-colombo-11165426,Recondition
721,Car,Toyota,Yaris CrossZ Black,2023.0,14700000.0,25000.0,Colombo,2/6/2026,https://riyasewana.com/buy/toyota-yaris-crossz-sale-colombo-11165397,Recondition
730,Car,Suzuki,Wagon R Custom Z,2023.0,8100000.0,40000.0,Galle,2/6/2026,https://riyasewana.com/buy/suzuki-wagon-r-sale-galle-11165376,Recondition
745,Car,Nissan,Roox B45A Highway Star G Turbo Pro Pilot Edition,2023.0,8000000.0,25000.0,Colombo,2/6/2026,https://riyasewana.com/buy/nissan-roox-b45a-sale-colombo-11165319,Recondition
755,Car,Suzuki,WAGON R FX,2024.0,7175000.0,600.0,Kottawa,2/6/2026,https://riyasewana.com/buy/suzuki-wagon-r-sale-kottawa-11165277,Brand New
758,Car,Nissan,Dayz B44W Highway Star X,2023.0,7000000.0,20000.0,Colombo,2/6/2026,https://riyasewana.com/buy/nissan-dayz-b44w-sale-colombo-11165266,Recondition
763,Car,Toyota,Roomy Custom G Turbo,2024.0,10450000.0,5192.0,Wattala,2/6/2026,https://riyasewana.com/buy/toyota-roomy-custom-sale-wattala-11165248,Recondition
766,Car,Daihatsu,TAFT,2024.0,8250000.0,220.0,Matugama,2/6/2026,https://riyasewana.com/buy/daihatsu-taft-sale-matugama-11165238,Brand New
768,Car,Toyota,Roomy G,2024.0,9350000.0,10034.0,Wattala,2/6/2026,https://riyasewana.com/buy/toyota-roomy-g-sale-wattala-11165236,Recondition
776,Car,Suzuki,Wagon R Safety Sensing,2024.0,7450000.0,14100.0,Panadura,2/6/2026,https://riyasewana.com/buy/suzuki-wagon-r-sale-panadura-11165210,Recondition
777,Car,Toyota,Roomy G,2024.0,9350000.0,5467.0,Wattala,2/6/2026,https://riyasewana.com/buy/toyota-roomy-g-sale-wattala-11165208,Recondition
785,Car,Honda,N BOX,2023.0,6980000.0,23000.0,Kurunegala,2/6/2026,https://riyasewana.com/buy/honda-n-box-sale-kurunegala-11165186,Recondition
828,Car,Volkswagen,T-cross,2024.0,14500000.0,3000.0,Colombo,2/6/2026,https://riyasewana.com/buy/volkswagen-t-cross-sale-colombo-11165061,Brand New
830,Car,Honda,City,2025.0,1385000.0,5000.0,Negombo,2/6/2026,https://riyasewana.com/buy/honda-city-sale-negombo-11165058,Recondition
846,Car,Suzuki,Alto Japan,2023.0,6400000.0,11400.0,Galle,2/6/2026,https://riyasewana.com/buy/suzuki-alto-japan-sale-galle-11165018,Recondition
856,Car,Audi,A3 Sedan Urban Style,2023.0,17450000.0,5470.0,Colombo,2/6/2026,https://riyasewana.com/buy/audi-a3-sedan-sale-colombo-11164991,Recondition
863,Car,Daihatsu,Mira Es G Grade,2024.0,6975000.0,25000.0,Eheliyagoda,2/6/2026,https://riyasewana.com/buy/daihatsu-mira-es-sale-eheliyagoda-11164963,Recondition
898,Car,Daihatsu,HIJET CARGO,2024.0,7700000.0,300.0,Gampaha,2/1/2026,https://riyasewana.com/buy/daihatsu-hijet-cargo-sale-gampaha-11140284,Brand New
902,Car,Nissan,DAYZ X-LIMITED SAFETY,2023.0,7375000.0,9000.0,Homagama,2/6/2026,https://riyasewana.com/buy/nissan-dayz-x-limited-sale-homagama-11164838,Recondition
906,Car,Suzuki,Wagon R FX Safety,2024.0,7500000.0,6700.0,Dankotuwa,2/6/2026,https://riyasewana.com/buy/suzuki-wagon-r-sale-dankotuwa-11164827,Recondition
938,Car,Suzuki,Wagon R ZX Custom Upgrade,2025.0,9150000.0,12.0,Piliyandala,1/30/2026,https://riyasewana.com/buy/suzuki-wagon-r-sale-piliyandala-11127625,Brand New
945,Car,Suzuki,Swift,2023.0,12000000.0,4000.0,Dehiwala-Mount-Lavinia,2/6/2026,https://riyasewana.com/buy/suzuki-swift-sale-dehiwala-mount-lavinia-11164707,Brand New
979,Car,Suzuki,Wagon R Fx Safety Hybrid,2023.0,7580000.0,7000.0,Nittambuwa,2/6/2026,https://riyasewana.com/buy/suzuki-wagon-r-sale-nittambuwa-11164534,Recondition
982,Car,Suzuki,SPACIA CUSTOM,2024.0,8875000.0,3800.0,Kurunegala,2/6/2026,https://riyasewana.com/buy/suzuki-spacia-custom-sale-kurunegala-11164524,Brand New
989,Car,Suzuki,Wagon R FX,2024.0,7180000.0,1400.0,Kandy,2/6/2026,https://riyasewana.com/buy/suzuki-wagon-r-sale-kandy-11164506,Brand New
1013,Car,Toyota,Yaris X Grade Safety,2025.0,9825000.0,10000.0,Colombo,2/6/2026,https://riyasewana.com/buy/toyota-yaris-x-sale-colombo-11164418,Recondition
1073,Car,Other,Lencar Elactrik,2023.0,265000.0,11422.0,Moratuwa,2/6/2026,https://riyasewana.com/buy/other-lencar-elactrik-sale-moratuwa-11164200,Recondition
1085,Car,Daihatsu,TAFT G TURBO DARK CHROME VENTURE,2024.0,8675000.0,400.0,Colombo,2/6/2026,https://riyasewana.com/buy/daihatsu-taft-g-sale-colombo-11164175,Brand New
1096,Car,Other,Lencar Elactrik,2023.0,265000.0,12652.0,Moratuwa,2/6/2026,https://riyasewana.com/buy/other-lencar-elactrik-sale-moratuwa-11164153,Recondition
1101,Car,Mazda,Flair XG Hybrid,2023.0,7750000.0,2943.0,Colombo,2/2/2026,https://riyasewana.com/buy/mazda-flair-xg-sale-colombo-11145386,Brand New
1125,Car,Daihatsu,Mira ES X Limited Safety,2023.0,6875000.0,19000.0,Kandy,2/6/2026,https://riyasewana.com/buy/daihatsu-mira-es-sale-kandy-11164060,Recondition
1138,Car,Toyota,Yaris X Grade,2024.0,9075000.0,28450.0,Kesbewa,2/6/2026,https://riyasewana.com/buy/toyota-yaris-x-sale-kesbewa-11163989,Recondition
1191,Car,Toyota,Yaris,2023.0,9050000.0,38000.0,Minuwangoda,2/6/2026,https://riyasewana.com/buy/toyota-yaris-sale-minuwangoda-11163810,Recondition
1206,Car,Suzuki,Wagon R Custom Z,2025.0,8599000.0,5.0,Colombo,1/30/2026,https://riyasewana.com/buy/suzuki-wagon-r-sale-colombo-11129637,Brand New
1212,Car,Daihatsu,Mira X GRADE SAFETY,2024.0,6690000.0,3000.0,Moratuwa,2/6/2026,https://riyasewana.com/buy/daihatsu-mira-x-sale-moratuwa-11163744,Brand New
1235,Car,Suzuki,Wagon R,2025.0,8550000.0,210.0,Gampaha,2/6/2026,https://riyasewana.com/buy/suzuki-wagon-r-sale-gampaha-11163639,Brand New
1246,Car,Suzuki,Carry,2024.0,5650000.0,13000.0,Kurunegala,2/6/2026,https://riyasewana.com/buy/suzuki-carry-sale-kurunegala-11163613,Recondition
1248,Car,Audi,A3,2023.0,18500000.0,8000.0,Colombo,2/6/2026,https://riyasewana.com/buy/audi-a3-sale-colombo-11163607,Recondition
1409,Car,Toyota,Yaris X Limited,2023.0,9100000.0,15000.0,Nittambuwa,2/6/2026,https://riyasewana.com/buy/toyota-yaris-x-sale-nittambuwa-11163004,Recondition
1440,Car,Toyota,Yaris X,2024.0,9200000.0,22000.0,Battaramulla,2/6/2026,https://riyasewana.com/buy/toyota-yaris-x-sale-battaramulla-11162911,Recondition
1471,Car,Suzuki,Spacia XS CUSTOM,2023.0,8650000.0,3000.0,Mawanella,2/6/2026,https://riyasewana.com/buy/suzuki-spacia-xs-sale-mawanella-11162804,Brand New
1472,Car,Toyota,Yaris,2024.0,9525000.0,15000.0,Colombo,2/6/2026,https://riyasewana.com/buy/toyota-yaris-sale-colombo-11162799,Recondition
1491,Car,Nissan,Sakura Japan Electric,2023.0,7850000.0,9800.0,Horana,2/6/2026,https://riyasewana.com/buy/nissan-sakura-japan-sale-horana-11162739,Recondition
1526,Car,Daihatsu,Taft G Turbo Chrome Wench,2023.0,8275000.0,31000.0,Horana,2/6/2026,https://riyasewana.com/buy/daihatsu-taft-g-sale-horana-11162611,Recondition
1542,Car,Daihatsu,Mira X Grade,2025.0,6750000.0,2000.0,Kandy,2/6/2026,https://riyasewana.com/buy/daihatsu-mira-x-sale-kandy-11162555,Brand New
1633,Car,Suzuki,Wagon R Custom ZX,2025.0,8950000.0,490.0,Anuradapura,2/6/2026,https://riyasewana.com/buy/suzuki-wagon-r-sale-anuradapura-11162243,Brand New
1664,Car,Suzuki,Wagon R Fx,2025.0,8500000.0,18000.0,Ampara,2/5/2026,https://riyasewana.com/buy/suzuki-wagon-r-sale-ampara-11162123,Recondition
1690,Car,Suzuki,Carry,2024.0,5150000.0,2000.0,Battaramulla,2/5/2026,https://riyasewana.com/buy/suzuki-carry-sale-battaramulla-11162003,Brand New
1703,Car,Daihatsu,Taft Dark Chrome Turbo,2024.0,8095000.0,8000.0,Colombo,2/5/2026,https://riyasewana.com/buy/daihatsu-taft-dark-sale-colombo-11161954,Recondition
1730,Car,Toyota,Yaris X Grade,2023.0,9200000.0,4422.0,Kadawatha,2/5/2026,https://riyasewana.com/buy/toyota-yaris-x-sale-kadawatha-11161870,Brand New
1826,Car,Daihatsu,TAFT,2024.0,7625000.0,3500.0,Colombo,2/5/2026,https://riyasewana.com/buy/daihatsu-taft-sale-colombo-11161408,Brand New
1927,Car,Toyota,YARIS X LIMITED,2023.0,8950000.0,25000.0,Nittambuwa,2/5/2026,https://riyasewana.com/buy/toyota-yaris-x-sale-nittambuwa-11160828,Recondition
1932,Car,Toyota,COROLLA TOURING X,2023.0,14650000.0,34000.0,Negombo,2/5/2026,https://riyasewana.com/buy/toyota-corolla-touring-sale-negombo-11160809,Recondition
1935,Car,Nissan,DAYZ X GRADE,2023.0,7000000.0,45000.0,Negombo,2/5/2026,https://riyasewana.com/buy/nissan-dayz-x-sale-negombo-11160797,Recondition
1938,Car,Honda,N WGN G,2023.0,7000000.0,15000.0,Negombo,2/5/2026,https://riyasewana.com/buy/honda-n-wgn-sale-negombo-11160785,Recondition
1945,Car,Daihatsu,MOVE X LIMITED,2023.0,7250000.0,19000.0,Negombo,2/5/2026,https://riyasewana.com/buy/daihatsu-move-x-sale-negombo-11160759,Recondition
1997,Car,Suzuki,Wagon R Stingray Turbo,2025.0,8875000.0,297.0,Mawanella,2/5/2026,https://riyasewana.com/buy/suzuki-wagon-r-sale-mawanella-11160588,Brand New
2001,Car,Nissan,Dayz X,2024.0,7600000.0,1400.0,Mawanella,2/5/2026,https://riyasewana.com/buy/nissan-dayz-x-sale-mawanella-11160570,Brand New
2030,Car,Toyota,Roomy Custom G,2023.0,9850000.0,7500.0,Galle,2/5/2026,https://riyasewana.com/buy/toyota-roomy-custom-sale-galle-11160424,Recondition
2059,Car,Nissan,DAYZ X Grade,2023.0,7350000.0,12700.0,Kottawa,2/5/2026,https://riyasewana.com/buy/nissan-dayz-x-sale-kottawa-11160315,Recondition
2079,Car,Suzuki,WAGON R FX,2023.0,7775000.0,3872.0,Malabe,2/5/2026,https://riyasewana.com/buy/suzuki-wagon-r-sale-malabe-11160219,Brand New
2083,Car,Toyota,Roomy Custom G Navi Premium,2024.0,10495000.0,5000.0,Colombo,2/5/2026,https://riyasewana.com/buy/toyota-roomy-custom-sale-colombo-11160205,Recondition
2099,Car,Suzuki,Spacia XS Turbo,2024.0,9350000.0,1200.0,Mawanella,2/5/2026,https://riyasewana.com/buy/suzuki-spacia-xs-sale-mawanella-11160132,Brand New
2101,Car,Daihatsu,Mira ES L SA3,2025.0,6390000.0,1900.0,Matugama,2/5/2026,https://riyasewana.com/buy/daihatsu-mira-es-sale-matugama-11160130,Brand New
2163,Car,Toyota,YARIS G LED,2023.0,9750000.0,19000.0,Kandy,2/5/2026,https://riyasewana.com/buy/toyota-yaris-g-sale-kandy-11159869,Recondition
2219,Car,Daihatsu,MIRA,2024.0,6290000.0,29000.0,Mirigama,2/5/2026,https://riyasewana.com/buy/daihatsu-mira-sale-mirigama-11159641,Recondition
2230,Car,Toyota,Roomy Custom G,2023.0,9400000.0,14000.0,Pannala,2/5/2026,https://riyasewana.com/buy/toyota-roomy-custom-sale-pannala-11159602,Recondition
2231,Car,Suzuki,Spacia XS Custom Turbo,2024.0,9500000.0,3000.0,Kandy,2/5/2026,https://riyasewana.com/buy/suzuki-spacia-xs-sale-kandy-11159593,Brand New
2262,Car,Daihatsu,TANTO,2024.0,7995000.0,9074.0,Malabe,2/5/2026,https://riyasewana.com/buy/daihatsu-tanto-sale-malabe-11159442,Recondition
2263,Car,Toyota,Roomy Custom G,2023.0,9900000.0,14000.0,Colombo,2/5/2026,https://riyasewana.com/buy/toyota-roomy-custom-sale-colombo-11159441,Recondition
2277,Car,Toyota,Roomy Custom GT,2023.0,10300000.0,19000.0,Dehiwala-Mount-Lavinia,2/5/2026,https://riyasewana.com/buy/toyota-roomy-custom-sale-dehiwala-mount-lavinia-11159370,Recondition
2281,Car,Suzuki,WAGON R CUSTOM Z UPGRADE,2025.0,8550000.0,3.0,Katunayake,2/5/2026,https://riyasewana.com/buy/suzuki-wagon-r-sale-katunayake-11159350,Brand New
2290,Car,Mitsubishi,EK Space Hybrid G,2023.0,7150000.0,62000.0,Nugegoda,2/5/2026,https://riyasewana.com/buy/mitsubishi-ek-space-sale-nugegoda-11159312,Used
2335,Car,Toyota,ROOMY CUSTOM GT TURBO,2023.0,10490000.0,19800.0,Galle,2/5/2026,https://riyasewana.com/buy/toyota-roomy-custom-sale-galle-11159093,Recondition
2377,Car,Suzuki,Wagon R FX Safety Auction Grade 5,2024.0,7345000.0,2000.0,Colombo,2/5/2026,https://riyasewana.com/buy/suzuki-wagon-r-sale-colombo-11158906,Brand New
2384,Car,Suzuki,Carry,2025.0,5750000.0,344.0,Malabe,2/5/2026,https://riyasewana.com/buy/suzuki-carry-sale-malabe-11158838,Brand New
2478,Car,Nissan,Roox S PRO G TURBO,2023.0,8650000.0,12500.0,Gampaha,2/5/2026,https://riyasewana.com/buy/nissan-roox-s-sale-gampaha-11158273,Recondition
2479,Car,Suzuki,Wagon R FX,2023.0,6750000.0,11895.0,Gampaha,2/5/2026,https://riyasewana.com/buy/suzuki-wagon-r-sale-gampaha-11158272,Recondition
2490,Car,Toyota,COROLLAG WINE,2023.0,15850000.0,3166.0,Gampaha,2/5/2026,https://riyasewana.com/buy/toyota-corollag-wine-sale-gampaha-11158229,Brand New
2497,Car,Toyota,Yaris Ativ GR SPORT HYBRID,2025.0,18200000.0,3.0,Kelaniya,2/5/2026,https://riyasewana.com/buy/toyota-yaris-ativ-sale-kelaniya-11158195,Brand New
2502,Car,Toyota,Roomy GT Turbo,2025.0,11050000.0,109.0,Piliyandala,2/5/2026,https://riyasewana.com/buy/toyota-roomy-gt-sale-piliyandala-11158166,Brand New
2621,Car,Toyota,Yaris,2024.0,9800000.0,7000.0,Colombo,2/5/2026,https://riyasewana.com/buy/toyota-yaris-sale-colombo-11157567,Recondition
2640,Car,Toyota,Roomy GT Turbo,2023.0,9600000.0,19000.0,Colombo,2/5/2026,https://riyasewana.com/buy/toyota-roomy-gt-sale-colombo-11157468,Recondition
2693,Car,Suzuki,Carry,2023.0,4850000.0,11000.0,Gampaha,2/4/2026,https://riyasewana.com/buy/suzuki-carry-sale-gampaha-11157235,Recondition
2741,Car,Suzuki,Wagon R Fx Safety,2024.0,7400000.0,12000.0,Wennappuwa,2/4/2026,https://riyasewana.com/buy/suzuki-wagon-r-sale-wennappuwa-11157011,Recondition
2750,Car,Toyota,Yaris X Limited,2023.0,9250000.0,38800.0,Homagama,2/4/2026,https://riyasewana.com/buy/toyota-yaris-x-sale-homagama-11156957,Recondition
2755,Car,Suzuki,Wagon R Custom,2025.0,8750000.0,282.0,Wattala,2/4/2026,https://riyasewana.com/buy/suzuki-wagon-r-sale-wattala-11156928,Brand New
2779,Car,BMW,218i,2024.0,26500000.0,6000.0,Colombo,2/4/2026,https://riyasewana.com/buy/bmw-218i-sale-colombo-11156760,Recondition
2780,Car,BMW,218i,2024.0,26500000.0,5000.0,Colombo,2/4/2026,https://riyasewana.com/buy/bmw-218i-sale-colombo-11156759,Recondition
2797,Car,BMW,218i,2023.0,25500000.0,13000.0,Colombo,2/4/2026,https://riyasewana.com/buy/bmw-218i-sale-colombo-11156699,Recondition
2799,Car,Audi,A3,2023.0,18500000.0,1500.0,Colombo,2/4/2026,https://riyasewana.com/buy/audi-a3-sale-colombo-11156663,Brand New
2803,Car,Audi,A3,2023.0,16000000.0,8000.0,Colombo,2/4/2026,https://riyasewana.com/buy/audi-a3-sale-colombo-11156629,Recondition
2860,Car,Nissan,Aura G Grade,2025.0,12990000.0,25000.0,Colombo,2/4/2026,https://riyasewana.com/buy/nissan-aura-g-sale-colombo-11156275,Recondition
2906,Car,Suzuki,Carol,2023.0,6590000.0,9900.0,Kiribathgoda,2/4/2026,https://riyasewana.com/buy/suzuki-carol-sale-kiribathgoda-11155981,Recondition
2928,Car,Suzuki,Wagon R FZ,2024.0,7350000.0,11752.0,Anuradapura,2/4/2026,https://riyasewana.com/buy/suzuki-wagon-r-sale-anuradapura-11155848,Recondition
2944,Car,Nissan,Dayz,2023.0,8125000.0,12700.0,Gampaha,2/4/2026,https://riyasewana.com/buy/nissan-dayz-sale-gampaha-11155751,Recondition
2949,Car,Daihatsu,MIRA X GRADE,2025.0,6750000.0,1900.0,Kandy,2/4/2026,https://riyasewana.com/buy/daihatsu-mira-x-sale-kandy-11155704,Brand New
2973,Car,Suzuki,Spacia Custom,2024.0,8650000.0,3100.0,Panadura,2/4/2026,https://riyasewana.com/buy/suzuki-spacia-custom-sale-panadura-11155557,Brand New
2998,Car,Suzuki,Wagon R Custom Z,2025.0,8850000.0,258.0,Hanwella,2/4/2026,https://riyasewana.com/buy/suzuki-wagon-r-sale-hanwella-11155389,Brand New
3034,Car,Daihatsu,TANTO,2023.0,7550000.0,14323.0,Malabe,2/4/2026,https://riyasewana.com/buy/daihatsu-tanto-sale-malabe-11155204,Recondition
3043,Car,Daihatsu,Mira,2023.0,6500000.0,16000.0,Mirigama,2/4/2026,https://riyasewana.com/buy/daihatsu-mira-sale-mirigama-11155148,Recondition
3107,Car,Toyota,Corolla WXB,2023.0,15300000.0,15000.0,Matara,2/4/2026,https://riyasewana.com/buy/toyota-corolla-wxb-sale-matara-11154852,Recondition
3110,Car,Suzuki,Wagon R FX,2024.0,7075000.0,6000.0,Matara,2/4/2026,https://riyasewana.com/buy/suzuki-wagon-r-sale-matara-11154845,Recondition
3129,Car,Other,Haval Jolion,2025.0,12900000.0,6000.0,Battaramulla,2/4/2026,https://riyasewana.com/buy/other-haval-jolion-sale-battaramulla-11154734,Recondition
3164,Car,Daihatsu,Mira G,2024.0,6990000.0,4628.0,Anuradapura,2/4/2026,https://riyasewana.com/buy/daihatsu-mira-g-sale-anuradapura-11154555,Brand New
3204,Car,Suzuki,Alto L,2024.0,6500000.0,200.0,Battaramulla,2/4/2026,https://riyasewana.com/buy/suzuki-alto-l-sale-battaramulla-11154342,Brand New
3234,Car,Toyota,Roomy Custom G,2026.0,9150000.0,14000.0,Galle,2/4/2026,https://riyasewana.com/buy/toyota-roomy-custom-sale-galle-11154180,Recondition
3235,Car,Toyota,Roomy Custom GT Turbo 360 Cam,2024.0,9990000.0,13300.0,Ambalangoda,2/4/2026,https://riyasewana.com/buy/toyota-roomy-custom-sale-ambalangoda-11154177,Recondition
3250,Car,Honda,N Box,2023.0,7550000.0,11000.0,Nugegoda,2/4/2026,https://riyasewana.com/buy/honda-n-box-sale-nugegoda-11154082,Recondition
3251,Car,Toyota,Roomy Custome GT,2025.0,10850000.0,100.0,Matale,2/4/2026,https://riyasewana.com/buy/toyota-roomy-custome-sale-matale-11154079,Brand New
3261,Car,Daihatsu,Mira ES,2023.0,6000000.0,30000.0,Colombo,2/4/2026,https://riyasewana.com/buy/daihatsu-mira-es-sale-colombo-11154048,Recondition
3262,Car,Daihatsu,Move,2023.0,6850000.0,9000.0,Nugegoda,2/4/2026,https://riyasewana.com/buy/daihatsu-move-sale-nugegoda-11154043,Recondition
3270,Car,Mitsubishi,Ek Wagon,2024.0,7050000.0,3500.0,Nugegoda,2/4/2026,https://riyasewana.com/buy/mitsubishi-ek-wagon-sale-nugegoda-11153998,Brand New
3276,Car,Toyota,Axio Ex,2024.0,13750000.0,49000.0,Nugegoda,2/4/2026,https://riyasewana.com/buy/toyota-axio-ex-sale-nugegoda-11153970,Recondition
3283,Car,Nissan,Dayz X,2023.0,7275000.0,19000.0,Nugegoda,2/4/2026,https://riyasewana.com/buy/nissan-dayz-x-sale-nugegoda-11153927,Recondition
3290,Car,Toyota,Passo,2023.0,8100000.0,15000.0,Nugegoda,2/4/2026,https://riyasewana.com/buy/toyota-passo-sale-nugegoda-11153894,Recondition
3303,Car,Toyota,Roomy G,2023.0,8550000.0,49000.0,Nugegoda,2/4/2026,https://riyasewana.com/buy/toyota-roomy-g-sale-nugegoda-11153818,Recondition
3304,Car,Toyota,Passo,2023.0,8275000.0,4900.0,Kadawatha,2/4/2026,https://riyasewana.com/buy/toyota-passo-sale-kadawatha-11153803,Brand New
3307,Car,Suzuki,Spacia,2023.0,8275000.0,17000.0,Kadawatha,2/4/2026,https://riyasewana.com/buy/suzuki-spacia-sale-kadawatha-11153790,Recondition
3329,Car,Daihatsu,TAFT G TURBO DARK CHROME VENTURE,2025.0,8125000.0,9200.0,Hikkaduwa,2/4/2026,https://riyasewana.com/buy/daihatsu-taft-g-sale-hikkaduwa-11153693,Recondition
3361,Car,Daihatsu,Mira Pixis G Grade,2023.0,6950000.0,3500.0,Ragama,2/4/2026,https://riyasewana.com/buy/daihatsu-mira-pixis-sale-ragama-11153495,Brand New
3408,Car,Nissan,Roox,2024.0,8250000.0,9000.0,Kurunegala,2/4/2026,https://riyasewana.com/buy/nissan-roox-sale-kurunegala-11153279,Recondition
3424,Car,Nissan,Roox X,2024.0,7900000.0,11700.0,Homagama,2/4/2026,https://riyasewana.com/buy/nissan-roox-x-sale-homagama-11153204,Recondition
3427,Car,Suzuki,Wagon R FX,2023.0,6950000.0,6100.0,Negombo,2/4/2026,https://riyasewana.com/buy/suzuki-wagon-r-sale-negombo-11153190,Recondition
3474,Car,Suzuki,Wagon R Custom ZT,2023.0,8550000.0,2500.0,Kotte,2/4/2026,https://riyasewana.com/buy/suzuki-wagon-r-sale-kotte-11152892,Brand New
3535,Car,Suzuki,Wagon R FX Safety,2024.0,6390000.0,20.0,Kiribathgoda,2/4/2026,https://riyasewana.com/buy/suzuki-wagon-r-sale-kiribathgoda-11152514,Brand New
3580,Car,Suzuki,WAGON R FX SAFETY,2023.0,7250000.0,11000.0,Colombo,2/4/2026,https://riyasewana.com/buy/suzuki-wagon-r-sale-colombo-11152208,Recondition
3581,Car,Daihatsu,THOR ROOMY CUSTOM GT,2023.0,9950000.0,18000.0,Colombo,2/4/2026,https://riyasewana.com/buy/daihatsu-thor-roomy-sale-colombo-11152206,Recondition
3582,Car,Suzuki,WAGON R FX SAFETY,2024.0,7250000.0,11000.0,Colombo,2/4/2026,https://riyasewana.com/buy/suzuki-wagon-r-sale-colombo-11152203,Recondition
3583,Car,Nissan,DAYZ HIGHWAY STAR PRO PILOT G TURBO,2023.0,8550000.0,11000.0,Colombo,2/4/2026,https://riyasewana.com/buy/nissan-dayz-highway-sale-colombo-11152200,Recondition
3584,Car,Nissan,Almera Vl,2025.0,13000000.0,500.0,Kadawatha,2/4/2026,https://riyasewana.com/buy/nissan-almera-vl-sale-kadawatha-11152199,Brand New
3592,Car,Daihatsu,Mira ES G Limited,2024.0,7250000.0,12982.0,Matara,2/4/2026,https://riyasewana.com/buy/daihatsu-mira-es-sale-matara-11152166,Recondition
3632,Car,Toyota,Roomy Custom G,2024.0,10200000.0,7500.0,Colombo,2/3/2026,https://riyasewana.com/buy/toyota-roomy-custom-sale-colombo-11151934,Recondition
3688,Car,Micro,Proton,2023.0,6600000.0,13000.0,Gampaha,2/3/2026,https://riyasewana.com/buy/micro-proton-sale-gampaha-11151651,Recondition
3723,Car,Toyota,Roomy,2024.0,9625000.0,7400.0,Beruwala,2/3/2026,https://riyasewana.com/buy/toyota-roomy-sale-beruwala-11151429,Recondition
3743,Car,Daihatsu,Mira,2024.0,6500000.0,275.0,Panadura,2/3/2026,https://riyasewana.com/buy/daihatsu-mira-sale-panadura-11151341,Brand New
3795,Car,Suzuki,Alto HA37S L Grade,2023.0,6100000.0,25000.0,Colombo,2/3/2026,https://riyasewana.com/buy/suzuki-alto-ha37s-sale-colombo-11150993,Recondition
3796,Car,Toyota,Yaris KSP 210 X,2023.0,8200000.0,40000.0,Colombo,2/3/2026,https://riyasewana.com/buy/toyota-yaris-ksp-sale-colombo-11150992,Recondition
3797,Car,Mitsubishi,Ek Wagon,2023.0,6200000.0,25000.0,Colombo,2/3/2026,https://riyasewana.com/buy/mitsubishi-ek-wagon-sale-colombo-11150991,Recondition
3798,Car,Toyota,Roomy M900A X,2023.0,7700000.0,20000.0,Colombo,2/3/2026,https://riyasewana.com/buy/toyota-roomy-m900a-sale-colombo-11150990,Recondition
3808,Car,Suzuki,Wagon R Hybrid,2025.0,7950000.0,5000.0,Horana,2/3/2026,https://riyasewana.com/buy/suzuki-wagon-r-sale-horana-11150893,Recondition
3822,Car,Honda,N Box,2025.0,8950000.0,550.0,Mawanella,2/3/2026,https://riyasewana.com/buy/honda-n-box-sale-mawanella-11150833,Brand New
3824,Car,Toyota,Roomy X,2023.0,8150000.0,25000.0,Mawanella,2/3/2026,https://riyasewana.com/buy/toyota-roomy-x-sale-mawanella-11150821,Recondition
3830,Car,Suzuki,WAGON R FX SAFETY,2025.0,7690000.0,32.0,Gampaha,2/3/2026,https://riyasewana.com/buy/suzuki-wagon-r-sale-gampaha-11150761,Brand New
3847,Car,Nissan,Dayz Highway Star S-Hybrid Safety,2023.0,7790000.0,3600.0,Homagama,2/3/2026,https://riyasewana.com/buy/nissan-dayz-highway-sale-homagama-11150677,Brand New
3850,Car,Nissan,Dayz Highway Star Pro Pilot,2025.0,8700000.0,1500.0,Kandy,2/3/2026,https://riyasewana.com/buy/nissan-dayz-highway-sale-kandy-11150665,Brand New
3860,Car,Suzuki,Spacia XS Turbo,2024.0,9650000.0,1200.0,Mawanella,2/3/2026,https://riyasewana.com/buy/suzuki-spacia-xs-sale-mawanella-11150629,Brand New
3936,Car,Suzuki,Wagon R Hybrid,2025.0,8175000.0,5.0,Kottawa,2/3/2026,https://riyasewana.com/buy/suzuki-wagon-r-sale-kottawa-11150059,Brand New
3947,Car,Toyota,Roomy Custom GT,2025.0,11000000.0,275.0,Kandy,2/3/2026,https://riyasewana.com/buy/toyota-roomy-custom-sale-kandy-11149971,Brand New
3952,Car,Daihatsu,TAFT Dark Chrome Venture,2025.0,8460000.0,850.0,Pannipitiya,2/3/2026,https://riyasewana.com/buy/daihatsu-taft-dark-sale-pannipitiya-11149943,Brand New
3979,Car,Daihatsu,Canbus G,2023.0,6850000.0,12100.0,Colombo,2/3/2026,https://riyasewana.com/buy/daihatsu-canbus-g-sale-colombo-11149781,Recondition
3981,Car,Toyota,Roomy Custom G,2023.0,9675000.0,15000.0,Kurunegala,2/3/2026,https://riyasewana.com/buy/toyota-roomy-custom-sale-kurunegala-11149763,Recondition
3984,Car,Nissan,Dayz,2024.0,7500000.0,12400.0,Matara,2/3/2026,https://riyasewana.com/buy/nissan-dayz-sale-matara-11149744,Recondition
4017,Car,Daihatsu,Mira L Safety,2023.0,6100000.0,3167.0,Colombo,2/3/2026,https://riyasewana.com/buy/daihatsu-mira-l-sale-colombo-11149524,Brand New
4027,Car,Suzuki,Wagon R Stingray,2024.0,8600000.0,2800.0,Boralesgamuwa,2/3/2026,https://riyasewana.com/buy/suzuki-wagon-r-sale-boralesgamuwa-11149488,Brand New
4106,Car,Suzuki,Wagon R FX Safety,2025.0,7650000.0,2600.0,Gampaha,2/3/2026,https://riyasewana.com/buy/suzuki-wagon-r-sale-gampaha-11148887,Brand New
4116,Car,Suzuki,WAGON R SMILE,2024.0,8000000.0,300.0,Kadawatha,2/3/2026,https://riyasewana.com/buy/suzuki-wagon-r-sale-kadawatha-11148807,Brand New
4160,Car,Suzuki,Wagon R Fx Safety,2024.0,7350000.0,4000.0,Wennappuwa,2/3/2026,https://riyasewana.com/buy/suzuki-wagon-r-sale-wennappuwa-11148542,Brand New
4166,Car,Toyota,Yaris Ativ NIGHT SHADE PACK,2025.0,16200000.0,3.0,Kelaniya,2/3/2026,https://riyasewana.com/buy/toyota-yaris-ativ-sale-kelaniya-11148508,Brand New
4181,Car,Audi,A3 S Line Sedan,2023.0,20990000.0,10000.0,Colombo,2/3/2026,https://riyasewana.com/buy/audi-a3-s-sale-colombo-11148403,Recondition
4193,Car,Audi,A3 Advanced Sportback,2023.0,15750000.0,10000.0,Colombo,2/3/2026,https://riyasewana.com/buy/audi-a3-advanced-sale-colombo-11148298,Recondition
4194,Car,Mitsubishi,EK Wagon,2023.0,7100000.0,19000.0,Colombo,2/3/2026,https://riyasewana.com/buy/mitsubishi-ek-wagon-sale-colombo-11148295,Recondition
4199,Car,Nissan,Dayz,2023.0,7350000.0,21000.0,Colombo,2/3/2026,https://riyasewana.com/buy/nissan-dayz-sale-colombo-11148266,Recondition
4216,Car,Toyota,Yaris G,2023.0,9200000.0,38000.0,Colombo,2/3/2026,https://riyasewana.com/buy/toyota-yaris-g-sale-colombo-11148146,Recondition
4222,Car,Suzuki,Wagon R Fx,2023.0,7100000.0,6800.0,Colombo,2/3/2026,https://riyasewana.com/buy/suzuki-wagon-r-sale-colombo-11148109,Recondition
4228,Car,Suzuki,Wagon R Fx,2024.0,7200000.0,2680.0,Colombo,2/3/2026,https://riyasewana.com/buy/suzuki-wagon-r-sale-colombo-11148080,Brand New
4340,Car,Nissan,NT100 Carry,2023.0,4890000.0,8600.0,Kurunegala,2/2/2026,https://riyasewana.com/buy/nissan-nt100-carry-sale-kurunegala-11147082,Recondition
4363,Car,Suzuki,Wagon R Custom Z,2023.0,7850000.0,15000.0,Kadawatha,2/2/2026,https://riyasewana.com/buy/suzuki-wagon-r-sale-kadawatha-11146917,Recondition
4433,Car,Suzuki,Wagon R FXS Hybrid,2024.0,7550000.0,4700.0,Wattala,2/2/2026,https://riyasewana.com/buy/suzuki-wagon-r-sale-wattala-11146383,Brand New
4453,Car,Toyota,ROOMY,2024.0,10500000.0,6000.0,Colombo,2/2/2026,https://riyasewana.com/buy/toyota-roomy-sale-colombo-11146240,Recondition
4455,Car,Toyota,Yaris,2025.0,10700000.0,1.0,Colombo,2/2/2026,https://riyasewana.com/buy/toyota-yaris-sale-colombo-11146219,Brand New
4494,Car,Daihatsu,Thor Gs Custom,2024.0,9775000.0,11000.0,Matale,2/2/2026,https://riyasewana.com/buy/daihatsu-thor-gs-sale-matale-11145959,Recondition
4508,Car,Toyota,Corolla,2024.0,16500000.0,4000.0,Colombo,2/2/2026,https://riyasewana.com/buy/toyota-corolla-sale-colombo-11145884,Brand New
4509,Car,Daihatsu,Taft,2024.0,8450000.0,650.0,Colombo,2/2/2026,https://riyasewana.com/buy/daihatsu-taft-sale-colombo-11145883,Brand New
4512,Car,Daihatsu,Mira,2024.0,7400000.0,2950.0,Moratuwa,2/2/2026,https://riyasewana.com/buy/daihatsu-mira-sale-moratuwa-11145869,Brand New
4530,Car,Suzuki,Wagon R FX,2024.0,7950000.0,12400.0,Colombo,2/2/2026,https://riyasewana.com/buy/suzuki-wagon-r-sale-colombo-11145748,Recondition
4538,Car,Toyota,Axio,2024.0,13800000.0,51000.0,Colombo,2/2/2026,https://riyasewana.com/buy/toyota-axio-sale-colombo-11145715,Used
4559,Car,Suzuki,Alto Japan,2024.0,6750000.0,1400.0,Gampaha,2/2/2026,https://riyasewana.com/buy/suzuki-alto-japan-sale-gampaha-11145586,Brand New
4589,Car,Suzuki,Wagon R FX,2023.0,7290000.0,10000.0,Malabe,2/2/2026,https://riyasewana.com/buy/suzuki-wagon-r-sale-malabe-11145321,Recondition
4663,Car,Daihatsu,MIRA ES L GRADE,2024.0,6390000.0,6900.0,Kadawatha,2/2/2026,https://riyasewana.com/buy/daihatsu-mira-es-sale-kadawatha-11144808,Recondition
4669,Car,Baic,Beijing X55,2024.0,15500000.0,4100.0,Nugegoda,2/2/2026,https://riyasewana.com/buy/baic-beijing-x55-sale-nugegoda-11144737,Brand New
4700,Car,Suzuki,Wagon R Custom ZX,2025.0,8650000.0,200.0,Colombo,2/2/2026,https://riyasewana.com/buy/suzuki-wagon-r-sale-colombo-11144502,Brand New
4712,Car,Daihatsu,MIRA X GRADE PLEO Plus,2023.0,6450000.0,10000.0,Kurunegala,2/2/2026,https://riyasewana.com/buy/daihatsu-mira-x-sale-kurunegala-11144412,Recondition
4733,Car,Suzuki,Wagon R FXHybrid,2024.0,7675000.0,7600.0,Ampara,2/2/2026,https://riyasewana.com/buy/suzuki-wagon-r-sale-ampara-11144264,Recondition
4740,Car,Suzuki,Wagon R Fx,2024.0,7750000.0,70000.0,Kegalle,2/2/2026,https://riyasewana.com/buy/suzuki-wagon-r-sale-kegalle-11144234,Used
4751,Car,Suzuki,Alto Japan,2024.0,7100000.0,5000.0,Kegalle,2/2/2026,https://riyasewana.com/buy/suzuki-alto-japan-sale-kegalle-11144207,Recondition
4766,Car,BYD,Seal,2025.0,20850000.0,6200.0,Colombo,2/2/2026,https://riyasewana.com/buy/byd-seal-sale-colombo-11144096,Recondition
4790,Car,Toyota,AQUA Z GRADE,2025.0,14200000.0,2000.0,Kadawatha,2/2/2026,https://riyasewana.com/buy/toyota-aqua-z-sale-kadawatha-11143915,Brand New
4804,Car,Toyota,Roomy,2023.0,9550000.0,24000.0,Weligama,2/2/2026,https://riyasewana.com/buy/toyota-roomy-sale-weligama-11143688,Recondition
4806,Car,Toyota,Roomy Custom GT,2023.0,10350000.0,19000.0,Wennappuwa,2/2/2026,https://riyasewana.com/buy/toyota-roomy-custom-sale-wennappuwa-11143676,Recondition
5042,Car,Suzuki,Wagon R FX,2024.0,7150000.0,2400.0,Dehiwala-Mount-Lavinia,2/1/2026,https://riyasewana.com/buy/suzuki-wagon-r-sale-dehiwala-mount-lavinia-11141529,Brand New
5052,Car,Suzuki,HustlerTough Wild Turbo,2024.0,8550000.0,10500.0,Homagama,2/1/2026,https://riyasewana.com/buy/suzuki-hustlertough-wild-sale-homagama-11141478,Recondition
5075,Car,Suzuki,Wagon R FX,2025.0,6990000.0,5000.0,Kalutara,2/1/2026,https://riyasewana.com/buy/suzuki-wagon-r-sale-kalutara-11141273,Recondition
5078,Car,Honda,Freed,2024.0,16495000.0,21850.0,Weligama,2/1/2026,https://riyasewana.com/buy/honda-freed-sale-weligama-11141253,Recondition
5166,Car,Nissan,Note,2024.0,12650000.0,1450.0,Nittambuwa,2/1/2026,https://riyasewana.com/buy/nissan-note-sale-nittambuwa-11140435,Brand New
5175,Car,Toyota,YARIS X GRADE,2023.0,9000000.0,24520.0,Matugama,2/1/2026,https://riyasewana.com/buy/toyota-yaris-x-sale-matugama-11140333,Recondition
5205,Car,Daihatsu,Hijet Cargo Deluxe,2024.0,6990000.0,25000.0,Peliyagoda,2/1/2026,https://riyasewana.com/buy/daihatsu-hijet-cargo-sale-peliyagoda-11140091,Recondition
5212,Car,Toyota,Roomy,2025.0,12000000.0,1.0,Kandy,2/1/2026,https://riyasewana.com/buy/toyota-roomy-sale-kandy-11140056,Brand New
5224,Car,Suzuki,SPACIA G Grade,2023.0,7850000.0,850.0,Matara,2/1/2026,https://riyasewana.com/buy/suzuki-spacia-g-sale-matara-11139921,Brand New
5272,Car,Daihatsu,Mira X Limited,2024.0,6975000.0,3180.0,Horana,2/1/2026,https://riyasewana.com/buy/daihatsu-mira-x-sale-horana-11139504,Brand New
5278,Car,Suzuki,Wagon R Hybrid,2023.0,7980000.0,9000.0,Galle,2/1/2026,https://riyasewana.com/buy/suzuki-wagon-r-sale-galle-11139404,Recondition
5288,Car,Suzuki,Wagon Custom Z,2025.0,8700000.0,320.0,Nittambuwa,2/1/2026,https://riyasewana.com/buy/suzuki-wagon-custom-sale-nittambuwa-11139318,Brand New
5317,Car,Daihatsu,Taft G Grade,2024.0,8425000.0,3260.0,Matugama,2/1/2026,https://riyasewana.com/buy/daihatsu-taft-g-sale-matugama-11138995,Brand New
5382,Car,Suzuki,Wagon R FX,2024.0,7725000.0,2300.0,Embilipitiya,2/1/2026,https://riyasewana.com/buy/suzuki-wagon-r-sale-embilipitiya-11138292,Brand New
5440,Car,Suzuki,Wagon R FX Safety,2024.0,7200000.0,3000.0,Kiribathgoda,2/1/2026,https://riyasewana.com/buy/suzuki-wagon-r-sale-kiribathgoda-11137638,Brand New
5491,Car,Daihatsu,Mira ES L Grade,2025.0,6475000.0,100.0,Ragama,1/31/2026,https://riyasewana.com/buy/daihatsu-mira-es-sale-ragama-11137178,Brand New
5502,Car,Suzuki,Wagon R,2025.0,8550000.0,250.0,Mirigama,1/31/2026,https://riyasewana.com/buy/suzuki-wagon-r-sale-mirigama-11137113,Brand New
5536,Car,Honda,City RS Turbo,2025.0,13200000.0,15400.0,Kaduwela,1/31/2026,https://riyasewana.com/buy/honda-city-rs-sale-kaduwela-11136797,Recondition
5574,Car,Suzuki,Wagon R FX,2023.0,6995000.0,20356.0,Malabe,1/31/2026,https://riyasewana.com/buy/suzuki-wagon-r-sale-malabe-11136403,Recondition
5594,Car,BMW,218i M Sports Anniversary,2023.0,24000000.0,1900.0,Malabe,1/31/2026,https://riyasewana.com/buy/bmw-218i-m-sale-malabe-11136228,Brand New
5601,Car,Suzuki,CARRY FREEZER TRUCK,2025.0,8750000.0,190.0,Battaramulla,1/31/2026,https://riyasewana.com/buy/suzuki-carry-freezer-sale-battaramulla-11136147,Brand New
5605,Car,Suzuki,Wagon R FX Safety,2024.0,7290000.0,6259.0,Gampaha,1/31/2026,https://riyasewana.com/buy/suzuki-wagon-r-sale-gampaha-11136106,Recondition
5607,Car,Nissan,Aura G Leather,2024.0,12500000.0,8200.0,Kadawatha,1/31/2026,https://riyasewana.com/buy/nissan-aura-g-sale-kadawatha-11136090,Recondition
5642,Car,BMW,218i M Sports Vorsteiner Edition,2024.0,24000000.0,12000.0,Malabe,1/31/2026,https://riyasewana.com/buy/bmw-218i-m-sale-malabe-11135761,Recondition
5644,Car,Suzuki,Wagon R Custom Z,2025.0,8940000.0,398.0,Wennappuwa,1/31/2026,https://riyasewana.com/buy/suzuki-wagon-r-sale-wennappuwa-11135743,Brand New
5660,Car,Toyota,ROOMY CUSTOM G,2024.0,9490000.0,23500.0,Battaramulla,1/31/2026,https://riyasewana.com/buy/toyota-roomy-custom-sale-battaramulla-11135591,Recondition
5661,Car,Daihatsu,MIRA L SAFETY,2024.0,6350000.0,3900.0,Battaramulla,1/31/2026,https://riyasewana.com/buy/daihatsu-mira-l-sale-battaramulla-11135587,Brand New
5663,Car,Daihatsu,MIRA X LIMITED,2024.0,6890000.0,6000.0,Battaramulla,1/31/2026,https://riyasewana.com/buy/daihatsu-mira-x-sale-battaramulla-11135561,Recondition
5669,Car,Toyota,Yaris 360 Limited,2023.0,9475000.0,2000.0,Nugegoda,1/31/2026,https://riyasewana.com/buy/toyota-yaris-360-sale-nugegoda-11135500,Brand New
5672,Car,Daihatsu,MIRA G SA III,2025.0,7390000.0,600.0,Malabe,1/31/2026,https://riyasewana.com/buy/daihatsu-mira-g-sale-malabe-11135485,Brand New
5701,Car,Daihatsu,Mira,2024.0,6500000.0,3800.0,Kegalle,1/31/2026,https://riyasewana.com/buy/daihatsu-mira-sale-kegalle-11135177,Brand New
5717,Car,Toyota,Roomy Custom G,2024.0,9900000.0,6853.0,Malabe,1/31/2026,https://riyasewana.com/buy/toyota-roomy-custom-sale-malabe-11135038,Recondition
5757,Car,Suzuki,Alto Hybrid S,2024.0,6950000.0,2400.0,Panadura,1/31/2026,https://riyasewana.com/buy/suzuki-alto-hybrid-sale-panadura-11134674,Brand New
5758,Car,Daihatsu,MIRA ES,2024.0,6490000.0,7425.0,Kottawa,1/31/2026,https://riyasewana.com/buy/daihatsu-mira-es-sale-kottawa-11134671,Recondition
5761,Car,Suzuki,Wagon R Smile,2023.0,7200000.0,32000.0,Kandy,1/31/2026,https://riyasewana.com/buy/suzuki-wagon-r-sale-kandy-11134633,Recondition
5762,Car,Mitsubishi,Ek Wagon,2023.0,6900000.0,9500.0,Negombo,1/31/2026,https://riyasewana.com/buy/mitsubishi-ek-wagon-sale-negombo-11134626,Recondition
5765,Car,Toyota,Yaris X,2024.0,9050000.0,30000.0,Kandy,1/31/2026,https://riyasewana.com/buy/toyota-yaris-x-sale-kandy-11134619,Recondition
5773,Car,Toyota,Axio,2025.0,14500000.0,2700.0,Colombo,1/31/2026,https://riyasewana.com/buy/toyota-axio-sale-colombo-11134531,Brand New
5774,Car,Suzuki,Wagon R FX Safety Special Edition,2024.0,7250000.0,3750.0,Gampaha,1/31/2026,https://riyasewana.com/buy/suzuki-wagon-r-sale-gampaha-11134512,Brand New
5783,Car,Suzuki,Wagon R Stingray ZT TURBO,2024.0,9050000.0,2000.0,Piliyandala,1/31/2026,https://riyasewana.com/buy/suzuki-wagon-r-sale-piliyandala-11134404,Brand New
5787,Car,Suzuki,Wagon R FX SAFETY,2023.0,7390000.0,2000.0,Piliyandala,1/31/2026,https://riyasewana.com/buy/suzuki-wagon-r-sale-piliyandala-11134386,Brand New
5789,Car,Honda,N Wgn,2023.0,7650000.0,20000.0,Kuliyapitiya,1/31/2026,https://riyasewana.com/buy/honda-n-wgn-sale-kuliyapitiya-11134383,Recondition
5820,Car,Suzuki,Wagon R Custom Z,2024.0,8350000.0,400.0,Nugegoda,1/31/2026,https://riyasewana.com/buy/suzuki-wagon-r-sale-nugegoda-11134116,Brand New
5821,Car,Daihatsu,Tanto Spacia Model,2024.0,8590000.0,400.0,Nugegoda,1/31/2026,https://riyasewana.com/buy/daihatsu-tanto-spacia-sale-nugegoda-11134117,Brand New
5848,Car,Suzuki,Wagon R Custom Z,2023.0,7835000.0,18000.0,Kadawatha,1/31/2026,https://riyasewana.com/buy/suzuki-wagon-r-sale-kadawatha-11133927,Recondition
5869,Car,Suzuki,Wagon R CUSTOM Z,2024.0,8325000.0,2500.0,Kandana,1/31/2026,https://riyasewana.com/buy/suzuki-wagon-r-sale-kandana-11133760,Brand New
5885,Car,Nissan,Clipper,2024.0,7250000.0,3573.0,Matara,1/31/2026,https://riyasewana.com/buy/nissan-clipper-sale-matara-11133661,Brand New
5886,Car,Toyota,Yaris X,2024.0,9450000.0,6775.0,Matara,1/31/2026,https://riyasewana.com/buy/toyota-yaris-x-sale-matara-11133662,Recondition
5926,Car,Daihatsu,Mira ES,2023.0,6290000.0,700.0,Nugegoda,1/31/2026,https://riyasewana.com/buy/daihatsu-mira-es-sale-nugegoda-11133345,Brand New
5940,Car,Nissan,DAYZ HIGHWAY STAR,2023.0,8175000.0,5550.0,Kottawa,1/31/2026,https://riyasewana.com/buy/nissan-dayz-highway-sale-kottawa-11133285,Recondition
5941,Car,Daihatsu,TAFT G CHROME VENTURE,2023.0,8075000.0,325.0,Kottawa,1/31/2026,https://riyasewana.com/buy/daihatsu-taft-g-sale-kottawa-11133286,Brand New
5997,Car,Toyota,Roomy G,2023.0,8775000.0,123.0,Matara,1/31/2026,https://riyasewana.com/buy/toyota-roomy-g-sale-matara-11132799,Brand New
6028,Car,Mazda,Alto Japan,2023.0,6200000.0,1.0,Gampaha,1/31/2026,https://riyasewana.com/buy/mazda-alto-japan-sale-gampaha-11132459,Brand New
6031,Car,Nissan,Dayz,2023.0,7100000.0,7780.0,Gampaha,1/31/2026,https://riyasewana.com/buy/nissan-dayz-sale-gampaha-11132452,Recondition
6036,Car,Daihatsu,MIRA ES G LIMITED,2023.0,7175000.0,6000.0,Homagama,1/31/2026,https://riyasewana.com/buy/daihatsu-mira-es-sale-homagama-11132392,Recondition
6056,Car,Toyota,Passo Moda,2023.0,8750000.0,29500.0,Ja-Ela,1/31/2026,https://riyasewana.com/buy/toyota-passo-moda-sale-ja-ela-11132202,Recondition
6087,Car,Toyota,Yaris X,2025.0,9850000.0,1800.0,Kiribathgoda,1/31/2026,https://riyasewana.com/buy/toyota-yaris-x-sale-kiribathgoda-11131946,Brand New
6088,Car,Suzuki,Spacia Xs Custom,2024.0,9250000.0,11000.0,Kandy,1/31/2026,https://riyasewana.com/buy/suzuki-spacia-xs-sale-kandy-11131932,Recondition
6102,Car,Daihatsu,Taft G Chrom,2023.0,7650000.0,11000.0,Matara,1/31/2026,https://riyasewana.com/buy/daihatsu-taft-g-sale-matara-11131732,Recondition
6120,Car,Suzuki,Wagon R Custom ZX,2023.0,7950000.0,3700.0,Kandy,1/31/2026,https://riyasewana.com/buy/suzuki-wagon-r-sale-kandy-11131627,Brand New
6180,Car,Suzuki,Wagon R FX S,2023.0,6975000.0,19000.0,Homagama,1/30/2026,https://riyasewana.com/buy/suzuki-wagon-r-sale-homagama-11131042,Recondition
6278,Car,Nissan,Dayz Highway Star,2024.0,8390000.0,3000.0,Homagama,1/30/2026,https://riyasewana.com/buy/nissan-dayz-highway-sale-homagama-11130023,Brand New
6330,Car,Daihatsu,MIRA L GRADE SAFETY,2024.0,6550000.0,3800.0,Kurunegala,1/30/2026,https://riyasewana.com/buy/daihatsu-mira-l-sale-kurunegala-11129458,Brand New
6332,Car,Toyota,Yaris,2024.0,9000000.0,28000.0,Colombo,1/30/2026,https://riyasewana.com/buy/toyota-yaris-sale-colombo-11129448,Recondition
6334,Car,Toyota,Pixis EPOCH X GRADE,2024.0,6600000.0,9000.0,Kurunegala,1/30/2026,https://riyasewana.com/buy/toyota-pixis-epoch-sale-kurunegala-11129420,Recondition
6345,Car,Suzuki,Hustler X,2023.0,7750000.0,14000.0,Matugama,1/30/2026,https://riyasewana.com/buy/suzuki-hustler-x-sale-matugama-11129319,Recondition
6354,Car,Suzuki,Alto LAPIN,2023.0,6950000.0,4000.0,Matara,1/30/2026,https://riyasewana.com/buy/suzuki-alto-lapin-sale-matara-11129258,Brand New
6404,Car,Toyota,Aqua X Grade,2023.0,12190000.0,17000.0,Boralesgamuwa,1/30/2026,https://riyasewana.com/buy/toyota-aqua-x-sale-boralesgamuwa-11128809,Recondition
6411,Car,Daihatsu,Taft,2024.0,8200000.0,2070.0,Wattala,1/30/2026,https://riyasewana.com/buy/daihatsu-taft-sale-wattala-11128697,Brand New
6475,Car,Daihatsu,Mira X Grade,2025.0,6750000.0,10000.0,Ragama,1/30/2026,https://riyasewana.com/buy/daihatsu-mira-x-sale-ragama-11128081,Recondition
6488,Car,Nissan,ROOX Highway Star G,2024.0,9650000.0,12800.0,Kegalle,1/30/2026,https://riyasewana.com/buy/nissan-roox-highway-sale-kegalle-11127982,Recondition
6511,Car,Daihatsu,Mira G Limited,2024.0,7150000.0,9250.0,Gampaha,1/30/2026,https://riyasewana.com/buy/daihatsu-mira-g-sale-gampaha-11127780,Recondition
6604,Car,Suzuki,Wagon R FX Safety,2024.0,7325000.0,6000.0,Gampaha,1/30/2026,https://riyasewana.com/buy/suzuki-wagon-r-sale-gampaha-11126395,Recondition
6611,Car,Suzuki,Alto,2024.0,6650000.0,1800.0,Ragama,1/30/2026,https://riyasewana.com/buy/suzuki-alto-sale-ragama-10979922,Brand New
6625,Car,Suzuki,Alto Japan,2023.0,6900000.0,25000.0,Ragama,1/29/2026,https://riyasewana.com/buy/suzuki-alto-japan-sale-ragama-11126256,Recondition
6635,Car,Toyota,Roomy G,2023.0,8790000.0,17650.0,Kurunegala,1/29/2026,https://riyasewana.com/buy/toyota-roomy-g-sale-kurunegala-11126109,Recondition
6650,Car,Daihatsu,Taft G Chrome Venture,2024.0,7875000.0,4000.0,Colombo,1/29/2026,https://riyasewana.com/buy/daihatsu-taft-g-sale-colombo-11126014,Brand New
6696,Car,Suzuki,Hustler,2023.0,8500000.0,3500.0,Colombo,1/29/2026,https://riyasewana.com/buy/suzuki-hustler-sale-colombo-11125535,Brand New
6698,Car,Toyota,Corolla WXB Limited Edition,2025.0,18495000.0,2990.0,Colombo,1/29/2026,https://riyasewana.com/buy/toyota-corolla-wxb-sale-colombo-11125520,Brand New
6701,Car,Daihatsu,MIRA ES SAFETY,2024.0,6550000.0,800.0,Nugegoda,1/29/2026,https://riyasewana.com/buy/daihatsu-mira-es-sale-nugegoda-11125468,Brand New
6716,Car,Suzuki,Wagon R Custom Z,2025.0,9050000.0,290.0,Gampaha,1/29/2026,https://riyasewana.com/buy/suzuki-wagon-r-sale-gampaha-11125307,Brand New
6764,Car,Honda,N Box,2023.0,1990000.0,39000.0,Avissawella,1/29/2026,https://riyasewana.com/buy/honda-n-box-sale-avissawella-11124858,Recondition
6791,Car,Suzuki,Wagon R Customs Z,2025.0,8540000.0,450.0,Anuradapura,1/29/2026,https://riyasewana.com/buy/suzuki-wagon-r-sale-anuradapura-11124581,Brand New
6813,Car,Toyota,Roomy GT Custom,2023.0,9990000.0,28000.0,Kurunegala,1/29/2026,https://riyasewana.com/buy/toyota-roomy-gt-sale-kurunegala-11124300,Recondition
6815,Car,Toyota,Roomy Custom G,2023.0,9590000.0,29000.0,Kurunegala,1/29/2026,https://riyasewana.com/buy/toyota-roomy-custom-sale-kurunegala-11124288,Recondition
6820,Car,Toyota,Roomy,2025.0,10800000.0,3000.0,Dehiwala-Mount-Lavinia,1/29/2026,https://riyasewana.com/buy/toyota-roomy-sale-dehiwala-mount-lavinia-11124254,Brand New
6833,Car,Suzuki,Carry,2024.0,5200000.0,2500.0,Nittambuwa,1/29/2026,https://riyasewana.com/buy/suzuki-carry-sale-nittambuwa-11124079,Brand New
6848,Car,Suzuki,Carry,2023.0,5050000.0,2000.0,Nittambuwa,1/29/2026,https://riyasewana.com/buy/suzuki-carry-sale-nittambuwa-11123911,Brand New
6857,Car,Suzuki,WAGON R CUSTOM ZX Hybrid,2024.0,8750000.0,4800.0,Nittambuwa,1/29/2026,https://riyasewana.com/buy/suzuki-wagon-r-sale-nittambuwa-11123839,Brand New
6886,Car,Daihatsu,Mira ES X Limited,2024.0,6950000.0,4500.0,Galle,1/29/2026,https://riyasewana.com/buy/daihatsu-mira-es-sale-galle-11123453,Brand New
6887,Car,Daihatsu,MIRA X LIMITED,2024.0,7150000.0,8.0,Horana,1/29/2026,https://riyasewana.com/buy/daihatsu-mira-x-sale-horana-11123444,Brand New
6900,Car,Suzuki,Wagon R FX Safety,2024.0,7050000.0,12000.0,Nittambuwa,1/29/2026,https://riyasewana.com/buy/suzuki-wagon-r-sale-nittambuwa-11123348,Recondition
6904,Car,Suzuki,Wagon R MH85S,2025.0,7380000.0,2000.0,Kottawa,1/29/2026,https://riyasewana.com/buy/suzuki-wagon-r-sale-kottawa-11123332,Brand New
6973,Car,Suzuki,Spacia HYBRID X,2023.0,7525000.0,31000.0,Kelaniya,1/29/2026,https://riyasewana.com/buy/suzuki-spacia-hybrid-sale-kelaniya-11122181,Recondition
6979,Car,Daihatsu,Tanto Custom X,2023.0,7990000.0,14000.0,Kelaniya,1/29/2026,https://riyasewana.com/buy/daihatsu-tanto-custom-sale-kelaniya-11122083,Recondition
6985,Car,Daihatsu,Taft G Turbo Chrome,2024.0,7950000.0,2000.0,Kelaniya,1/29/2026,https://riyasewana.com/buy/daihatsu-taft-g-sale-kelaniya-11121980,Brand New
6990,Car,Honda,N Box Custom Turbo,2023.0,8290000.0,20000.0,Kelaniya,1/29/2026,https://riyasewana.com/buy/honda-n-box-sale-kelaniya-11121915,Recondition
6994,Car,Daihatsu,Taft X Limited Moonroof,2025.0,7750000.0,5600.0,Kegalle,1/29/2026,https://riyasewana.com/buy/daihatsu-taft-x-sale-kegalle-11121860,Recondition
6999,Car,Daihatsu,Mira X Limited,2024.0,6825000.0,13700.0,Kaduwela,1/29/2026,https://riyasewana.com/buy/daihatsu-mira-x-sale-kaduwela-11121668,Recondition
7025,Car,Audi,A3 30 TFSI,2023.0,14800000.0,20000.0,Kurunegala,1/28/2026,https://riyasewana.com/buy/audi-a3-30-sale-kurunegala-11121316,Recondition
7080,Car,Toyota,Yaris,2023.0,9400000.0,5600.0,Badulla,1/28/2026,https://riyasewana.com/buy/toyota-yaris-sale-badulla-11120503,Recondition
7096,Car,Daihatsu,Mira,2023.0,6125000.0,3900.0,Horana,1/28/2026,https://riyasewana.com/buy/daihatsu-mira-sale-horana-11120285,Brand New
7104,Car,Daihatsu,Move,2023.0,7300000.0,11960.0,Gampaha,1/28/2026,https://riyasewana.com/buy/daihatsu-move-sale-gampaha-11120170,Recondition
7124,Car,Mini,MINICOOPER EFI,2026.0,2400000.0,1.0,Dambulla,1/28/2026,https://riyasewana.com/buy/mini-minicooper-efi-sale-dambulla-11119940,Brand New
7138,Car,Daihatsu,Hijet Cargo,2023.0,6990000.0,17500.0,Matara,1/28/2026,https://riyasewana.com/buy/daihatsu-hijet-cargo-sale-matara-11119866,Recondition
7139,Car,Suzuki,Spacia Custom Xs,2023.0,8775000.0,5000.0,Ragama,1/28/2026,https://riyasewana.com/buy/suzuki-spacia-custom-sale-ragama-11119865,Recondition
7142,Car,Toyota,Passo,2023.0,8200000.0,8050.0,Dehiwala-Mount-Lavinia,1/28/2026,https://riyasewana.com/buy/toyota-passo-sale-dehiwala-mount-lavinia-11119841,Recondition
7158,Car,Daihatsu,Taft G Chrome Special Edition,2023.0,7990000.0,2000.0,Ambalangoda,1/28/2026,https://riyasewana.com/buy/daihatsu-taft-g-sale-ambalangoda-11119715,Brand New
7188,Car,Daihatsu,Mira Es,2023.0,6650000.0,9000.0,Dehiwala-Mount-Lavinia,1/28/2026,https://riyasewana.com/buy/daihatsu-mira-es-sale-dehiwala-mount-lavinia-11119445,Recondition
7209,Car,Suzuki,Hustler X,2023.0,7750000.0,14000.0,Matugama,1/28/2026,https://riyasewana.com/buy/suzuki-hustler-x-sale-matugama-11119121,Recondition
7215,Car,Nissan,Dayz Turbo Pro Pilot,2024.0,8370000.0,2432.0,Panadura,1/28/2026,https://riyasewana.com/buy/nissan-dayz-turbo-sale-panadura-11119054,Brand New
7225,Car,Daihatsu,TAFT G CHROME VENTURE,2024.0,7950000.0,9600.0,Kurunegala,1/28/2026,https://riyasewana.com/buy/daihatsu-taft-g-sale-kurunegala-11118903,Recondition
7293,Car,Toyota,Roomy,2024.0,10200000.0,5200.0,Battaramulla,1/28/2026,https://riyasewana.com/buy/toyota-roomy-sale-battaramulla-11118145,Recondition
7298,Car,Daihatsu,Mira Es SA3 X,2024.0,6950000.0,450.0,Kandy,1/28/2026,https://riyasewana.com/buy/daihatsu-mira-es-sale-kandy-11118086,Brand New
7303,Car,Toyota,Yaris X Grade,2024.0,9890000.0,6000.0,Kottawa,1/28/2026,https://riyasewana.com/buy/toyota-yaris-x-sale-kottawa-11118035,Recondition
7322,Car,Suzuki,WAGON R,2024.0,8450000.0,2100.0,Gampaha,1/28/2026,https://riyasewana.com/buy/suzuki-wagon-r-sale-gampaha-11117739,Brand New
7379,Car,Toyota,Yaris,2024.0,9500000.0,18000.0,Kiribathgoda,1/28/2026,https://riyasewana.com/buy/toyota-yaris-sale-kiribathgoda-11116782,Recondition
7407,Car,Daihatsu,Taft G Chrome Venture,2023.0,7800000.0,14000.0,Homagama,1/27/2026,https://riyasewana.com/buy/daihatsu-taft-g-sale-homagama-11116497,Recondition
7430,Car,Nissan,ROOX HIGHWAY STAR,2023.0,8675000.0,16000.0,Anuradapura,1/27/2026,https://riyasewana.com/buy/nissan-roox-highway-sale-anuradapura-11116311,Recondition
7440,Car,Suzuki,Wagon R Costum ZX,2025.0,8650000.0,325.0,Kuliyapitiya,1/27/2026,https://riyasewana.com/buy/suzuki-wagon-r-sale-kuliyapitiya-11116245,Brand New
7455,Car,Hyundai,Grand I10,2025.0,8650000.0,200.0,Kurunegala,1/27/2026,https://riyasewana.com/buy/hyundai-grand-i10-sale-kurunegala-11116120,Brand New
7497,Car,Suzuki,Wagon R Fx Safety,2024.0,7550000.0,4100.0,Negombo,1/27/2026,https://riyasewana.com/buy/suzuki-wagon-r-sale-negombo-11115625,Brand New
7525,Car,Suzuki,Spacia X Grade Auction Grade 5,2024.0,7975000.0,2500.0,Colombo,1/27/2026,https://riyasewana.com/buy/suzuki-spacia-x-sale-colombo-11115269,Brand New
7537,Car,Suzuki,Spacia,2025.0,8900000.0,4000.0,Kurunegala,1/27/2026,https://riyasewana.com/buy/suzuki-spacia-sale-kurunegala-11115126,Brand New
7546,Car,Daihatsu,Tanto,2024.0,8395000.0,340.0,Wattala,1/27/2026,https://riyasewana.com/buy/daihatsu-tanto-sale-wattala-11115032,Brand New
7554,Car,Toyota,Roomy Custom GT,2024.0,10400000.0,9818.0,Colombo,1/27/2026,https://riyasewana.com/buy/toyota-roomy-custom-sale-colombo-11114933,Recondition
7585,Car,Toyota,Yaris CROSS,2023.0,15950000.0,31900.0,Ja-Ela,1/27/2026,https://riyasewana.com/buy/toyota-yaris-cross-sale-ja-ela-11114557,Recondition
7592,Car,Suzuki,Wagon R FX Safety,2023.0,7490000.0,6700.0,Ja-Ela,1/27/2026,https://riyasewana.com/buy/suzuki-wagon-r-sale-ja-ela-11114524,Recondition
7617,Car,Nissan,Dayz Safety,2023.0,7990000.0,5200.0,Ja-Ela,1/27/2026,https://riyasewana.com/buy/nissan-dayz-safety-sale-ja-ela-11114308,Recondition
7620,Car,Toyota,Passo XL,2023.0,8590000.0,18500.0,Kadawatha,1/27/2026,https://riyasewana.com/buy/toyota-passo-xl-sale-kadawatha-11114262,Recondition
7621,Car,Suzuki,Wagon R Custom Zx,2023.0,7890000.0,4500.0,Ragama,1/27/2026,https://riyasewana.com/buy/suzuki-wagon-r-sale-ragama-11114252,Brand New
7624,Car,Suzuki,Wagon R Custom Z,2023.0,8350000.0,15000.0,Matara,1/27/2026,https://riyasewana.com/buy/suzuki-wagon-r-sale-matara-11114244,Recondition
7650,Car,Audi,A3 Sline Highest Spec,2023.0,23500000.0,10000.0,Colombo,1/27/2026,https://riyasewana.com/buy/audi-a3-sline-sale-colombo-11114041,Recondition
7675,Car,Daihatsu,Taft,2024.0,8200000.0,272.0,Matugama,1/27/2026,https://riyasewana.com/buy/daihatsu-taft-sale-matugama-11113811,Brand New
7694,Car,Toyota,YARIS G GRADE HIGH SPEC,2023.0,9490000.0,33000.0,Galle,1/27/2026,https://riyasewana.com/buy/toyota-yaris-g-sale-galle-11113416,Recondition
7698,Car,Suzuki,Wagon R Custom Z,2024.0,8450000.0,7000.0,Hambantota,1/27/2026,https://riyasewana.com/buy/suzuki-wagon-r-sale-hambantota-11113388,Recondition
7712,Car,Daihatsu,Mira L Safety,2024.0,6300000.0,3800.0,Homagama,1/27/2026,https://riyasewana.com/buy/daihatsu-mira-l-sale-homagama-11113255,Brand New
7717,Car,Suzuki,Wagon R FX Safety,2023.0,7250000.0,3180.0,Anuradapura,1/27/2026,https://riyasewana.com/buy/suzuki-wagon-r-sale-anuradapura-11113202,Brand New
7724,Car,Suzuki,Carry Truck KC,2023.0,4700000.0,5000.0,Homagama,1/27/2026,https://riyasewana.com/buy/suzuki-carry-truck-sale-homagama-11113115,Recondition
7749,Car,Suzuki,WAGON R STINGRAY TURBO HYBRID,2023.0,8525000.0,1900.0,Colombo,1/27/2026,https://riyasewana.com/buy/suzuki-wagon-r-sale-colombo-11112650,Brand New
7752,Car,Toyota,Yaris,2023.0,9350000.0,33000.0,Galle,1/27/2026,https://riyasewana.com/buy/toyota-yaris-sale-galle-11112586,Recondition
7790,Car,Suzuki,Wagon R Custom Z,2023.0,8150000.0,4000.0,Hambantota,1/27/2026,https://riyasewana.com/buy/suzuki-wagon-r-sale-hambantota-11111775,Brand New
7814,Car,Honda,N Box Custom,2025.0,8950000.0,150.0,Hambantota,1/26/2026,https://riyasewana.com/buy/honda-n-box-sale-hambantota-11111608,Brand New
7841,Car,Nissan,Dayz X Grade Safety,2024.0,7795000.0,15000.0,Kegalle,1/26/2026,https://riyasewana.com/buy/nissan-dayz-x-sale-kegalle-11111337,Recondition
7875,Car,BYD,Atto 3 Superior,2025.0,16600000.0,11000.0,Colombo,1/26/2026,https://riyasewana.com/buy/byd-atto-3-sale-colombo-11110883,Recondition
7877,Car,Toyota,Yaris X Grade,2025.0,10600000.0,700.0,Kelaniya,1/26/2026,https://riyasewana.com/buy/toyota-yaris-x-sale-kelaniya-11110869,Brand New
7884,Car,Audi,A3 Advanced Sedan,2023.0,18350000.0,9700.0,Colombo,1/26/2026,https://riyasewana.com/buy/audi-a3-advanced-sale-colombo-11110662,Recondition
7885,Car,Toyota,Yaris G Grade,2023.0,9500000.0,20000.0,Colombo,1/26/2026,https://riyasewana.com/buy/toyota-yaris-g-sale-colombo-11110626,Recondition
7891,Car,Suzuki,Wagon R Fx,2024.0,7275000.0,5002.0,Elpitiya,1/26/2026,https://riyasewana.com/buy/suzuki-wagon-r-sale-elpitiya-11110579,Recondition
7899,Car,Suzuki,Spacia Custom,2023.0,9500000.0,5750.0,Negombo,1/26/2026,https://riyasewana.com/buy/suzuki-spacia-custom-sale-negombo-11110495,Recondition
7913,Car,Nissan,Alto Japan,2023.0,7650000.0,45000.0,Pannipitiya,1/26/2026,https://riyasewana.com/buy/nissan-alto-japan-sale-pannipitiya-11110305,Recondition
7914,Car,Toyota,Roomy G,2023.0,8750000.0,17000.0,Nugegoda,1/26/2026,https://riyasewana.com/buy/toyota-roomy-g-sale-nugegoda-11110288,Recondition
7923,Car,Toyota,Yaris,2023.0,9275000.0,9000.0,Matugama,1/26/2026,https://riyasewana.com/buy/toyota-yaris-sale-matugama-11110233,Recondition
7947,Car,Toyota,YARIS G,2024.0,10195000.0,6000.0,Hendala,1/26/2026,https://riyasewana.com/buy/toyota-yaris-g-sale-hendala-11109989,Recondition
7950,Car,Lexus,LBX Highest Spec,2024.0,24950000.0,12000.0,Colombo,1/26/2026,https://riyasewana.com/buy/lexus-lbx-highest-sale-colombo-11109965,Recondition
7958,Car,Toyota,Roomy Custom GT Turbo,2024.0,11250000.0,6000.0,Colombo,1/26/2026,https://riyasewana.com/buy/toyota-roomy-custom-sale-colombo-11109907,Recondition
7961,Car,BAW,E7,2025.0,4800000.0,189.0,Colombo,1/26/2026,https://riyasewana.com/buy/baw-e7-sale-colombo-11109832,Brand New
7980,Car,Suzuki,Wagon R FX,2023.0,7050000.0,2000.0,Kandy,1/26/2026,https://riyasewana.com/buy/suzuki-wagon-r-sale-kandy-11109617,Brand New
7992,Car,Suzuki,Spacia Custom,2023.0,8800000.0,4500.0,Badulla,1/26/2026,https://riyasewana.com/buy/suzuki-spacia-custom-sale-badulla-11109435,Brand New
8022,Car,Suzuki,WAGON R SMILE,2023.0,7775000.0,9691.0,Kurunegala,1/26/2026,https://riyasewana.com/buy/suzuki-wagon-r-sale-kurunegala-11109118,Recondition
8023,Car,Suzuki,Spacia XZ Intercooler Turbo,2023.0,7800000.0,18525.0,Kurunegala,1/26/2026,https://riyasewana.com/buy/suzuki-spacia-xz-sale-kurunegala-11109093,Recondition
8028,Car,Daihatsu,Taft GDark Chrome Venture,2025.0,8650000.0,1.0,Colombo,1/26/2026,https://riyasewana.com/buy/daihatsu-taft-gdark-sale-colombo-11109048,Brand New
8032,Car,Toyota,Yaris X Grade,2024.0,9450000.0,20000.0,Colombo,1/26/2026,https://riyasewana.com/buy/toyota-yaris-x-sale-colombo-11109019,Recondition
8084,Car,Suzuki,Alto Japan,2024.0,6300000.0,2744.0,Kandy,1/26/2026,https://riyasewana.com/buy/suzuki-alto-japan-sale-kandy-11108314,Brand New
8089,Car,Daihatsu,TAFT G CHROME VENTURE,2023.0,8075000.0,300.0,Piliyandala,1/26/2026,https://riyasewana.com/buy/daihatsu-taft-g-sale-piliyandala-11108246,Brand New
8121,Car,Toyota,Axio,2024.0,13800000.0,49000.0,Pannipitiya,1/26/2026,https://riyasewana.com/buy/toyota-axio-sale-pannipitiya-11107761,Recondition
8124,Car,Toyota,Roomy X,2023.0,8100000.0,78000.0,Pannipitiya,1/26/2026,https://riyasewana.com/buy/toyota-roomy-x-sale-pannipitiya-11107726,Used
8144,Car,Toyota,Yaris,2024.0,9400000.0,4100.0,Colombo,1/26/2026,https://riyasewana.com/buy/toyota-yaris-sale-colombo-11107200,Brand New
8203,Car,Suzuki,Wagon R,2024.0,6500000.0,5000.0,Ragama,1/25/2026,https://riyasewana.com/buy/suzuki-wagon-r-sale-ragama-11106557,Recondition
8314,Car,Toyota,Roomy GT Turbo,2023.0,10850000.0,16000.0,Mawanella,1/25/2026,https://riyasewana.com/buy/toyota-roomy-gt-sale-mawanella-11105146,Recondition
8324,Car,Toyota,YARIS,2024.0,9375000.0,2500.0,Boralesgamuwa,1/25/2026,https://riyasewana.com/buy/toyota-yaris-sale-boralesgamuwa-11105042,Brand New
8328,Car,Toyota,Passo X Safety Limited,2024.0,8195000.0,11000.0,Colombo,1/25/2026,https://riyasewana.com/buy/toyota-passo-x-sale-colombo-11104984,Recondition
8343,Car,Suzuki,Wagon R Custom Z,2025.0,9250000.0,235.0,Gampola,1/25/2026,https://riyasewana.com/buy/suzuki-wagon-r-sale-gampola-11104870,Brand New
8348,Car,Suzuki,Wagon R,2024.0,7450000.0,4000.0,Gampola,1/25/2026,https://riyasewana.com/buy/suzuki-wagon-r-sale-gampola-11104801,Brand New
8381,Car,Daihatsu,Mira Es X Limited,2024.0,6900000.0,2350.0,Pannipitiya,1/25/2026,https://riyasewana.com/buy/daihatsu-mira-es-sale-pannipitiya-11104427,Brand New
8438,Car,Nissan,Roox Highway Star X Limited,2023.0,8350000.0,22700.0,Kegalle,1/25/2026,https://riyasewana.com/buy/nissan-roox-highway-sale-kegalle-11103529,Recondition
8440,Car,Toyota,Passo,2023.0,8250000.0,5100.0,Kadawatha,1/25/2026,https://riyasewana.com/buy/toyota-passo-sale-kadawatha-11103521,Recondition
8442,Car,Suzuki,Spacia,2023.0,8425000.0,14000.0,Kadawatha,1/25/2026,https://riyasewana.com/buy/suzuki-spacia-sale-kadawatha-11103510,Recondition
8461,Car,Daihatsu,Mira L Grade Safety,2024.0,6450000.0,1800.0,Panadura,1/25/2026,https://riyasewana.com/buy/daihatsu-mira-l-sale-panadura-11103359,Brand New
8475,Car,Suzuki,Wagon R Custom Z Upgrade,2025.0,8550000.0,8.0,Kurunegala,1/25/2026,https://riyasewana.com/buy/suzuki-wagon-r-sale-kurunegala-11103223,Brand New
8480,Car,Suzuki,Wagon R,2025.0,8675000.0,7.0,Matara,1/25/2026,https://riyasewana.com/buy/suzuki-wagon-r-sale-matara-11103132,Brand New
8490,Car,Suzuki,WAGON R,2024.0,7025000.0,7000.0,Ambalangoda,1/25/2026,https://riyasewana.com/buy/suzuki-wagon-r-sale-ambalangoda-11102984,Recondition
8503,Car,Nissan,ROOX HIGHWAY STAR PROPILOT,2023.0,8250000.0,24000.0,Homagama,1/25/2026,https://riyasewana.com/buy/nissan-roox-highway-sale-homagama-11102765,Recondition
8525,Car,Daihatsu,Mira,2024.0,6350000.0,2200.0,Colombo,1/25/2026,https://riyasewana.com/buy/daihatsu-mira-sale-colombo-11101991,Brand New
8527,Car,Suzuki,Wagon R FX,2024.0,7600000.0,5300.0,Kandy,1/25/2026,https://riyasewana.com/buy/suzuki-wagon-r-sale-kandy-11101953,Recondition
8528,Car,Toyota,Roomy GT,2023.0,10250000.0,27000.0,Gampaha,1/25/2026,https://riyasewana.com/buy/toyota-roomy-gt-sale-gampaha-11101918,Recondition
8559,Car,Nissan,Roox Highway Star S X Hybrid,2025.0,8750000.0,2000.0,Kandy,1/24/2026,https://riyasewana.com/buy/nissan-roox-highway-sale-kandy-11101378,Brand New
8561,Car,Suzuki,Wagon R,2025.0,9100000.0,250.0,Negombo,1/24/2026,https://riyasewana.com/buy/suzuki-wagon-r-sale-negombo-11101371,Brand New
8568,Car,Daihatsu,TAFT G Inercooler Turbo,2023.0,7650000.0,14000.0,Gampaha,1/24/2026,https://riyasewana.com/buy/daihatsu-taft-g-sale-gampaha-11101293,Recondition
8621,Car,Daihatsu,Taft,2024.0,8600000.0,2900.0,Malabe,1/24/2026,https://riyasewana.com/buy/daihatsu-taft-sale-malabe-11100476,Brand New
8624,Car,Suzuki,SWIFT MZ,2024.0,12350000.0,6500.0,Dehiwala-Mount-Lavinia,1/24/2026,https://riyasewana.com/buy/suzuki-swift-mz-sale-dehiwala-mount-lavinia-11100446,Recondition
8709,Car,Daihatsu,Taft,2024.0,8300000.0,1200.0,Nittambuwa,1/24/2026,https://riyasewana.com/buy/daihatsu-taft-sale-nittambuwa-11099421,Brand New
8717,Car,Mitsubishi,EK Wagon,2024.0,7650000.0,5116.0,Polgahawela,1/24/2026,https://riyasewana.com/buy/mitsubishi-ek-wagon-sale-polgahawela-11099332,Recondition
8768,Car,Suzuki,Carry Truck AT,2023.0,5350000.0,17000.0,Nugegoda,1/24/2026,https://riyasewana.com/buy/suzuki-carry-truck-sale-nugegoda-11098480,Recondition
8784,Car,Toyota,Yaris G,2025.0,11450000.0,840.0,Gampaha,1/24/2026,https://riyasewana.com/buy/toyota-yaris-g-sale-gampaha-11098195,Brand New
8791,Car,Suzuki,Wagon R FX Safety,2023.0,7490000.0,9000.0,Kottawa,1/24/2026,https://riyasewana.com/buy/suzuki-wagon-r-sale-kottawa-11098136,Recondition
8792,Car,Suzuki,Wagon R Custom Z,2024.0,8490000.0,8000.0,Kottawa,1/24/2026,https://riyasewana.com/buy/suzuki-wagon-r-sale-kottawa-11098137,Recondition
8793,Car,Suzuki,Wagon R FX Safety,2024.0,6950000.0,3000.0,Kottawa,1/24/2026,https://riyasewana.com/buy/suzuki-wagon-r-sale-kottawa-11098138,Brand New
8807,Car,Suzuki,SWIFT SPORT ZC33S FINAL EDITION IMPORT,2024.0,13450000.0,4000.0,Homagama,1/24/2026,https://riyasewana.com/buy/suzuki-swift-sport-sale-homagama-11097987,Brand New
8818,Car,Suzuki,Wagon R FX Safety,2024.0,7050000.0,13600.0,Matara,1/24/2026,https://riyasewana.com/buy/suzuki-wagon-r-sale-matara-11097791,Recondition
8819,Car,Suzuki,Wagon R,2025.0,8200000.0,1200.0,Ambalangoda,1/24/2026,https://riyasewana.com/buy/suzuki-wagon-r-sale-ambalangoda-11097784,Brand New
8895,Car,Suzuki,Wagon R FX Safety,2024.0,7400000.0,6000.0,Dankotuwa,1/24/2026,https://riyasewana.com/buy/suzuki-wagon-r-sale-dankotuwa-11096718,Recondition
8900,Car,Suzuki,Carry,2023.0,5000000.0,4500.0,Horana,1/24/2026,https://riyasewana.com/buy/suzuki-carry-sale-horana-11096594,Brand New
8922,Car,Nissan,Almera,2025.0,12500000.0,4500.0,Matara,1/24/2026,https://riyasewana.com/buy/nissan-almera-sale-matara-11096251,Brand New
8928,Car,Volkswagen,T- Cross R-Line,2023.0,13900000.0,13500.0,Ratnapura,1/24/2026,https://riyasewana.com/buy/volkswagen-t--cross-sale-ratnapura-11096085,Recondition
8941,Car,Daihatsu,TAFT,2024.0,2000000.0,4065.0,Kaduwela,1/24/2026,https://riyasewana.com/buy/daihatsu-taft-sale-kaduwela-11095753,Brand New
8965,Car,Daihatsu,Mira ES,2024.0,6350000.0,12000.0,Colombo,1/24/2026,https://riyasewana.com/buy/daihatsu-mira-es-sale-colombo-11095386,Recondition
8968,Car,Toyota,Roomy Custom,2023.0,9750000.0,11500.0,Kurunegala,1/24/2026,https://riyasewana.com/buy/toyota-roomy-custom-sale-kurunegala-11095362,Recondition
8999,Car,Audi,A3 Advanced,2023.0,18150000.0,8500.0,Kiribathgoda,1/23/2026,https://riyasewana.com/buy/audi-a3-advanced-sale-kiribathgoda-11095057,Recondition
9010,Car,Audi,A3 Advanced,2023.0,18600000.0,19500.0,Kiribathgoda,1/23/2026,https://riyasewana.com/buy/audi-a3-advanced-sale-kiribathgoda-11094963,Recondition
9024,Car,Toyota,Yaris G Grade,2025.0,11000000.0,2000.0,Malabe,1/23/2026,https://riyasewana.com/buy/toyota-yaris-g-sale-malabe-11094780,Brand New
9028,Car,Daihatsu,Tanto,2023.0,8250000.0,1450.0,Wattala,1/23/2026,https://riyasewana.com/buy/daihatsu-tanto-sale-wattala-11094760,Brand New
9072,Car,Toyota,YARIS HYBRID Z,2023.0,14800000.0,6980.0,Anuradapura,1/23/2026,https://riyasewana.com/buy/toyota-yaris-hybrid-sale-anuradapura-11094201,Recondition
9084,Car,Toyota,Passo Moda Limited,2023.0,8495000.0,10000.0,Colombo,1/23/2026,https://riyasewana.com/buy/toyota-passo-moda-sale-colombo-11093857,Recondition
9090,Car,Suzuki,Wagon R Zx,2025.0,8950000.0,200.0,Colombo,1/23/2026,https://riyasewana.com/buy/suzuki-wagon-r-sale-colombo-11093767,Brand New
9091,Car,Suzuki,Alto Japan,2024.0,6565000.0,6945.0,Rajagiriya,1/23/2026,https://riyasewana.com/buy/suzuki-alto-japan-sale-rajagiriya-11093765,Recondition
9094,Car,Toyota,Roomy GT,2023.0,10500000.0,25000.0,Colombo,1/23/2026,https://riyasewana.com/buy/toyota-roomy-gt-sale-colombo-11093718,Recondition
9121,Car,Toyota,Roomy Custom G Turbo,2023.0,10350000.0,3500.0,Wattala,1/23/2026,https://riyasewana.com/buy/toyota-roomy-custom-sale-wattala-11093228,Brand New
9122,Car,Toyota,Roomy Custom G Turbo,2023.0,10350000.0,7044.0,Wattala,1/23/2026,https://riyasewana.com/buy/toyota-roomy-custom-sale-wattala-11093202,Recondition
9126,Car,Honda,N Box Safety,2023.0,7350000.0,18000.0,Wattala,1/23/2026,https://riyasewana.com/buy/honda-n-box-sale-wattala-11093158,Recondition
9136,Car,Baic,X55 I Luxury,2025.0,15650000.0,6400.0,Battaramulla,1/23/2026,https://riyasewana.com/buy/baic-x55-i-sale-battaramulla-11092980,Recondition
9138,Car,Nissan,Leaf X V Selection,2024.0,16995000.0,15000.0,Colombo,1/23/2026,https://riyasewana.com/buy/nissan-leaf-x-sale-colombo-11092900,Recondition
9162,Car,Toyota,Corolla Black Edition,2024.0,17795000.0,7000.0,Colombo,1/23/2026,https://riyasewana.com/buy/toyota-corolla-black-sale-colombo-11092574,Recondition
9183,Car,Toyota,Yaris X Grade,2024.0,9250000.0,13739.0,Galle,1/23/2026,https://riyasewana.com/buy/toyota-yaris-x-sale-galle-11092267,Recondition
9185,Car,Proton,Saga,2023.0,7990000.0,5800.0,Panadura,1/23/2026,https://riyasewana.com/buy/proton-saga-sale-panadura-11092254,Recondition
9193,Car,Suzuki,Swift MZ Highest Spec,2024.0,12450000.0,8000.0,Colombo,1/23/2026,https://riyasewana.com/buy/suzuki-swift-mz-sale-colombo-11092123,Recondition
9232,Car,Suzuki,Wagon R FX Safety,2024.0,7525000.0,6100.0,Ratnapura,1/23/2026,https://riyasewana.com/buy/suzuki-wagon-r-sale-ratnapura-11091416,Recondition
9237,Car,Suzuki,Swift RS,2024.0,11750000.0,10000.0,Colombo,1/23/2026,https://riyasewana.com/buy/suzuki-swift-rs-sale-colombo-11091149,Recondition
9248,Car,Toyota,Yaris Cross Z Limited,2025.0,17250000.0,12.0,Colombo,1/23/2026,https://riyasewana.com/buy/toyota-yaris-cross-sale-colombo-11090965,Brand New
9287,Car,Toyota,Roomy Custom GT Turbo,2025.0,10875000.0,250.0,Kaduwela,1/22/2026,https://riyasewana.com/buy/toyota-roomy-custom-sale-kaduwela-11089961,Brand New
9343,Car,Daihatsu,Mira X Limited,2023.0,6600000.0,12000.0,Kadawatha,1/22/2026,https://riyasewana.com/buy/daihatsu-mira-x-sale-kadawatha-11089356,Recondition
9351,Car,Daihatsu,MIRA G GRADE ANNIVERSARY,2025.0,7550000.0,4000.0,Colombo,1/22/2026,https://riyasewana.com/buy/daihatsu-mira-g-sale-colombo-11089192,Brand New
9367,Car,Toyota,Roomy GT,2023.0,8975000.0,24478.0,Colombo,1/22/2026,https://riyasewana.com/buy/toyota-roomy-gt-sale-colombo-11089074,Recondition
9375,Car,Audi,A3 URBAN STYLE,2023.0,18900000.0,11000.0,Ambalangoda,1/22/2026,https://riyasewana.com/buy/audi-a3-urban-sale-ambalangoda-11088882,Recondition
9382,Car,Daihatsu,Taft,2023.0,7800000.0,13000.0,Kurunegala,1/22/2026,https://riyasewana.com/buy/daihatsu-taft-sale-kurunegala-11088756,Recondition
9404,Car,Daihatsu,Taft G Chrome Venture,2025.0,8395000.0,11000.0,Colombo,1/22/2026,https://riyasewana.com/buy/daihatsu-taft-g-sale-colombo-11088452,Recondition
9410,Car,Suzuki,Wagon R Custom Z Hybrid,2025.0,8320000.0,25.0,Gampaha,1/22/2026,https://riyasewana.com/buy/suzuki-wagon-r-sale-gampaha-11088389,Brand New
9413,Car,Nissan,Highway Star X Import,2024.0,7850000.0,3000.0,Homagama,1/22/2026,https://riyasewana.com/buy/nissan-highway-star-sale-homagama-11088358,Brand New
9417,Car,Toyota,Yaris Safety Edition,2024.0,9095000.0,21000.0,Colombo,1/22/2026,https://riyasewana.com/buy/toyota-yaris-safety-sale-colombo-11088321,Recondition
9421,Car,Toyota,Roomy Custom G Limited,2024.0,10395000.0,12000.0,Colombo,1/22/2026,https://riyasewana.com/buy/toyota-roomy-custom-sale-colombo-11088302,Recondition
9422,Car,Nissan,Sakura EV,2024.0,7995000.0,5000.0,Colombo,1/22/2026,https://riyasewana.com/buy/nissan-sakura-ev-sale-colombo-11088298,Recondition
9424,Car,Daihatsu,Mira G SA3 Safety,2024.0,7295000.0,6000.0,Colombo,1/22/2026,https://riyasewana.com/buy/daihatsu-mira-g-sale-colombo-11088293,Recondition
9425,Car,Suzuki,Wagon R Hybrid Custom ZT Turbo,2025.0,8525000.0,164.0,Colombo,1/22/2026,https://riyasewana.com/buy/suzuki-wagon-r-sale-colombo-11088263,Brand New
9426,Car,Suzuki,Spacia Custom GS,2024.0,8600000.0,4569.0,Colombo,1/22/2026,https://riyasewana.com/buy/suzuki-spacia-custom-sale-colombo-11088264,Brand New
9429,Car,Nissan,Dayz X,2024.0,7000000.0,3000.0,Homagama,1/22/2026,https://riyasewana.com/buy/nissan-dayz-x-sale-homagama-11088210,Brand New
9438,Car,Suzuki,Wagon R FX Safety Hybrid MH95S,2024.0,7650000.0,4500.0,Kandana,1/22/2026,https://riyasewana.com/buy/suzuki-wagon-r-sale-kandana-11088082,Brand New
9463,Car,Perodua,Axia,2025.0,7650000.0,17220.0,Kandy,1/22/2026,https://riyasewana.com/buy/perodua-axia-sale-kandy-11087598,Recondition
9526,Car,Peugeot,408 GT Line Fastback,2023.0,28500000.0,7400.0,Colombo,1/22/2026,https://riyasewana.com/buy/peugeot-408-gt-sale-colombo-11086770,Recondition
9535,Car,Suzuki,Wagon R Custom ZX,2023.0,8190000.0,7000.0,Moratuwa,1/22/2026,https://riyasewana.com/buy/suzuki-wagon-r-sale-moratuwa-11086500,Recondition
9583,Car,Suzuki,Wagon R,2024.0,7400000.0,3700.0,Boralesgamuwa,1/22/2026,https://riyasewana.com/buy/suzuki-wagon-r-sale-boralesgamuwa-11085297,Brand New
9649,Car,Toyota,ROOMY CUSTOM G,2025.0,10500000.0,9000.0,Kadawatha,1/21/2026,https://riyasewana.com/buy/toyota-roomy-custom-sale-kadawatha-11084111,Recondition
9675,Car,Suzuki,Wagon R FX Safety,2025.0,7850000.0,25.0,Colombo,1/21/2026,https://riyasewana.com/buy/suzuki-wagon-r-sale-colombo-11083692,Brand New
9685,Car,Toyota,Yaris,2023.0,9350000.0,28000.0,Colombo,1/21/2026,https://riyasewana.com/buy/toyota-yaris-sale-colombo-11083542,Recondition
9704,Car,Other,E7,2025.0,4850000.0,558.0,Marawila,1/21/2026,https://riyasewana.com/buy/other-e7-sale-marawila-11083238,Brand New
9708,Car,Suzuki,Wagon R,2025.0,8700000.0,15.0,Matara,1/21/2026,https://riyasewana.com/buy/suzuki-wagon-r-sale-matara-11083211,Brand New
9726,Car,Toyota,Yaris,2024.0,9350000.0,2600.0,Boralesgamuwa,1/21/2026,https://riyasewana.com/buy/toyota-yaris-sale-boralesgamuwa-11082940,Brand New
9739,Car,Daihatsu,Taft,2025.0,8000000.0,2500.0,Kandy,1/21/2026,https://riyasewana.com/buy/daihatsu-taft-sale-kandy-11082732,Brand New
9742,Car,Suzuki,SPACIA,2023.0,8750000.0,4000.0,Gampaha,1/21/2026,https://riyasewana.com/buy/suzuki-spacia-sale-gampaha-11082707,Brand New
9771,Car,Audi,A3,2023.0,15250000.0,24000.0,Colombo,1/21/2026,https://riyasewana.com/buy/audi-a3-sale-colombo-11082336,Recondition
9802,Car,Suzuki,Alto L Safety,2023.0,6575000.0,11000.0,Nawala,1/21/2026,https://riyasewana.com/buy/suzuki-alto-l-sale-nawala-11082027,Recondition
9806,Car,Daihatsu,TAFT X Dark Chrome,2025.0,7975000.0,1500.0,Colombo,1/21/2026,https://riyasewana.com/buy/daihatsu-taft-x-sale-colombo-11081983,Brand New
9847,Car,Suzuki,Wagon R FX Safety,2024.0,7175000.0,33000.0,Nawala,1/21/2026,https://riyasewana.com/buy/suzuki-wagon-r-sale-nawala-11081185,Recondition
9853,Car,Suzuki,Alto L Safety,2024.0,6495000.0,6000.0,Nawala,1/21/2026,https://riyasewana.com/buy/suzuki-alto-l-sale-nawala-11081133,Recondition
9857,Car,Daihatsu,TAFT,2024.0,8150000.0,7800.0,Tangalle,1/21/2026,https://riyasewana.com/buy/daihatsu-taft-sale-tangalle-11080981,Recondition
9868,Car,Suzuki,Wagon R Custom Z Upgraded Version,2024.0,8450000.0,2000.0,Ja-Ela,1/21/2026,https://riyasewana.com/buy/suzuki-wagon-r-sale-ja-ela-11080528,Brand New
9874,Car,Suzuki,Wagon R Stingray,2023.0,8650000.0,7386.0,Kurunegala,1/21/2026,https://riyasewana.com/buy/suzuki-wagon-r-sale-kurunegala-11080397,Recondition
9878,Car,Suzuki,Wagon R FX,2024.0,7350000.0,2400.0,Dehiwala-Mount-Lavinia,1/21/2026,https://riyasewana.com/buy/suzuki-wagon-r-sale-dehiwala-mount-lavinia-11080336,Brand New
9911,Car,Suzuki,Wagon R FX,2024.0,7300000.0,1500.0,Badulla,1/20/2026,https://riyasewana.com/buy/suzuki-wagon-r-sale-badulla-11079765,Brand New
9926,Car,Daihatsu,Mira X Limited,2023.0,6550000.0,1500.0,Kalutara,1/20/2026,https://riyasewana.com/buy/daihatsu-mira-x-sale-kalutara-11079536,Brand New
9933,Car,Toyota,Axio,2023.0,16000000.0,17000.0,Kurunegala,1/20/2026,https://riyasewana.com/buy/toyota-axio-sale-kurunegala-11079452,Recondition
9975,Car,Suzuki,Wagon R,2023.0,7795000.0,13500.0,Galle,1/20/2026,https://riyasewana.com/buy/suzuki-wagon-r-sale-galle-11078638,Recondition
9984,Car,Toyota,Aqua,2023.0,12190000.0,18500.0,Battaramulla,1/20/2026,https://riyasewana.com/buy/toyota-aqua-sale-battaramulla-11078531,Recondition
9998,Car,Suzuki,Wagon R FX,2024.0,7950000.0,1650.0,Kadawatha,1/20/2026,https://riyasewana.com/buy/suzuki-wagon-r-sale-kadawatha-11078375,Brand New
10049,Car,Suzuki,Wagon R FX Safety Import,2024.0,6850000.0,5000.0,Homagama,1/20/2026,https://riyasewana.com/buy/suzuki-wagon-r-sale-homagama-11077505,Recondition
10052,Car,Suzuki,WAGON R FX,2024.0,8050000.0,12000.0,Kiribathgoda,1/20/2026,https://riyasewana.com/buy/suzuki-wagon-r-sale-kiribathgoda-11077406,Recondition
10057,Car,Suzuki,Wagon R,2025.0,9600000.0,500.0,Colombo,1/20/2026,https://riyasewana.com/buy/suzuki-wagon-r-sale-colombo-11077365,Brand New
10062,Car,Suzuki,Wagon R Fx Safety,2023.0,7300000.0,11000.0,Anuradapura,1/20/2026,https://riyasewana.com/buy/suzuki-wagon-r-sale-anuradapura-11077292,Recondition
10074,Car,Audi,A3,2023.0,17850000.0,11200.0,Kiribathgoda,1/20/2026,https://riyasewana.com/buy/audi-a3-sale-kiribathgoda-11077104,Recondition
10076,Car,Toyota,Yaris G Grade,2025.0,10250000.0,5.0,Wennappuwa,1/20/2026,https://riyasewana.com/buy/toyota-yaris-g-sale-wennappuwa-11077076,Brand New
10089,Car,Toyota,Roomy Custom GT,2023.0,10800000.0,22000.0,Colombo,1/20/2026,https://riyasewana.com/buy/toyota-roomy-custom-sale-colombo-11076887,Recondition
10093,Car,Suzuki,Wagon R ZX,2023.0,8350000.0,12000.0,Colombo,1/20/2026,https://riyasewana.com/buy/suzuki-wagon-r-sale-colombo-11076843,Recondition
10119,Car,Suzuki,Wagon R FX,2024.0,7300000.0,19000.0,Horana,1/20/2026,https://riyasewana.com/buy/suzuki-wagon-r-sale-horana-11076381,Recondition
10125,Car,Nissan,Dayz Safety,2023.0,8190000.0,5700.0,Ja-Ela,1/20/2026,https://riyasewana.com/buy/nissan-dayz-safety-sale-ja-ela-11076320,Recondition
10126,Car,Toyota,Roomy G SAFETY,2023.0,9850000.0,21000.0,Ja-Ela,1/20/2026,https://riyasewana.com/buy/toyota-roomy-g-sale-ja-ela-11076296,Recondition
10134,Car,Daihatsu,Mira G Grade,2025.0,7500000.0,200.0,Kaduwela,1/20/2026,https://riyasewana.com/buy/daihatsu-mira-g-sale-kaduwela-11076075,Brand New
10136,Car,Daihatsu,Taft G Chrome Venture Cruze,2024.0,8750000.0,250.0,Moratuwa,1/20/2026,https://riyasewana.com/buy/daihatsu-taft-g-sale-moratuwa-11076042,Brand New
10168,Car,Daihatsu,Mira ES,2024.0,6390000.0,11000.0,Kurunegala,1/20/2026,https://riyasewana.com/buy/daihatsu-mira-es-sale-kurunegala-11075294,Recondition
10177,Car,Daihatsu,Mira,2024.0,6190000.0,3200.0,Gampaha,1/20/2026,https://riyasewana.com/buy/daihatsu-mira-sale-gampaha-11075018,Brand New
10197,Car,Daihatsu,Mira ES X LED,2025.0,6990000.0,610.0,Kandy,1/19/2026,https://riyasewana.com/buy/daihatsu-mira-es-sale-kandy-11074802,Brand New
10246,Car,Suzuki,Wagon R FX,2024.0,7300000.0,8000.0,Embilipitiya,1/19/2026,https://riyasewana.com/buy/suzuki-wagon-r-sale-embilipitiya-11074019,Recondition
10248,Car,Audi,A3 Advanced Sportback MHEV,2023.0,15700000.0,20000.0,Colombo,1/19/2026,https://riyasewana.com/buy/audi-a3-advanced-sale-colombo-11073969,Recondition
10336,Car,Suzuki,Wagon R FX Safety,2024.0,7100000.0,10000.0,Embilipitiya,1/19/2026,https://riyasewana.com/buy/suzuki-wagon-r-sale-embilipitiya-11072613,Recondition
10346,Car,Daihatsu,Move Custom LED,2023.0,7550000.0,40000.0,Hanwella,1/19/2026,https://riyasewana.com/buy/daihatsu-move-custom-sale-hanwella-11072465,Recondition
10361,Car,Suzuki,Wagon R FX,2024.0,7500000.0,6000.0,Nugegoda,1/19/2026,https://riyasewana.com/buy/suzuki-wagon-r-sale-nugegoda-11072304,Recondition
10390,Car,Toyota,Roomy,2023.0,9700000.0,15200.0,Chilaw,1/19/2026,https://riyasewana.com/buy/toyota-roomy-sale-chilaw-11071727,Recondition
10412,Car,Toyota,Roomy G Turbo,2025.0,10850000.0,450.0,Pannala,1/19/2026,https://riyasewana.com/buy/toyota-roomy-g-sale-pannala-11071325,Brand New
10448,Car,Suzuki,Wagon R FX Safety Import,2024.0,6850000.0,5000.0,Colombo,1/19/2026,https://riyasewana.com/buy/suzuki-wagon-r-sale-colombo-11070373,Recondition
10449,Car,Suzuki,Wagon R Fx Safety IMPORT,2024.0,6750000.0,4000.0,Colombo,1/19/2026,https://riyasewana.com/buy/suzuki-wagon-r-sale-colombo-11070361,Brand New
10462,Car,Daihatsu,TAFT G,2024.0,8190000.0,9000.0,Kottawa,1/19/2026,https://riyasewana.com/buy/daihatsu-taft-g-sale-kottawa-11070154,Recondition
10476,Car,Nissan,Almera,2025.0,11650000.0,9000.0,Moratuwa,1/18/2026,https://riyasewana.com/buy/nissan-almera-sale-moratuwa-11069932,Recondition
10494,Car,Honda,N Box,2025.0,8700000.0,150.0,Colombo,1/18/2026,https://riyasewana.com/buy/honda-n-box-sale-colombo-11069786,Brand New
10495,Car,Toyota,Roomy Custom GT Turbo,2025.0,10795000.0,3000.0,Hendala,1/18/2026,https://riyasewana.com/buy/toyota-roomy-custom-sale-hendala-11069783,Brand New
10574,Car,Suzuki,Wagon R FX Safety,2025.0,7575000.0,2000.0,Homagama,1/18/2026,https://riyasewana.com/buy/suzuki-wagon-r-sale-homagama-11068517,Brand New
10601,Car,Suzuki,Carry Clipper 4WD,2024.0,5175000.0,270.0,Kotte,1/18/2026,https://riyasewana.com/buy/suzuki-carry-clipper-sale-kotte-11068163,Brand New
10661,Car,Audi,A3 Advance Pack,2023.0,17950000.0,6000.0,Colombo,1/18/2026,https://riyasewana.com/buy/audi-a3-advance-sale-colombo-11067189,Recondition
10703,Car,Nissan,Dayz,2025.0,7075000.0,10000.0,Dehiwala-Mount-Lavinia,1/18/2026,https://riyasewana.com/buy/nissan-dayz-sale-dehiwala-mount-lavinia-11066683,Recondition
10714,Car,Suzuki,Spacia Custom XZ,2024.0,8400000.0,7800.0,Colombo,1/18/2026,https://riyasewana.com/buy/suzuki-spacia-custom-sale-colombo-11066557,Recondition
10716,Car,Toyota,Yaris X,2023.0,9225000.0,13500.0,Colombo,1/18/2026,https://riyasewana.com/buy/toyota-yaris-x-sale-colombo-11066546,Recondition
10729,Car,Suzuki,Wagon R Custom Z,2025.0,8600000.0,235.0,Pannipitiya,1/18/2026,https://riyasewana.com/buy/suzuki-wagon-r-sale-pannipitiya-11066233,Brand New
10744,Car,Suzuki,WAGON R FX,2023.0,7400000.0,5180.0,Matugama,1/18/2026,https://riyasewana.com/buy/suzuki-wagon-r-sale-matugama-11066046,Recondition
10751,Car,Nissan,Roox,2025.0,9200000.0,1097.0,Beruwala,1/18/2026,https://riyasewana.com/buy/nissan-roox-sale-beruwala-11065972,Brand New
10752,Car,Daihatsu,EXCLUSIVE G Chrome,2024.0,8090000.0,900.0,Colombo,1/18/2026,https://riyasewana.com/buy/daihatsu-exclusive-g-sale-colombo-11065939,Brand New
10793,Car,Toyota,Yaris,2023.0,9300000.0,13000.0,Kiribathgoda,1/18/2026,https://riyasewana.com/buy/toyota-yaris-sale-kiribathgoda-11064930,Recondition
10802,Car,Suzuki,WAGON R FX SAFETY,2024.0,7150000.0,2999.0,Kegalle,1/18/2026,https://riyasewana.com/buy/suzuki-wagon-r-sale-kegalle-11064664,Brand New
10809,Car,Daihatsu,Hijet Cargo,2023.0,7125000.0,17500.0,Matara,1/18/2026,https://riyasewana.com/buy/daihatsu-hijet-cargo-sale-matara-11064581,Recondition
10845,Car,Daihatsu,Mira ES L,2024.0,6590000.0,2600.0,Colombo,1/17/2026,https://riyasewana.com/buy/daihatsu-mira-es-sale-colombo-11064103,Brand New
10849,Car,Daihatsu,Mira ES X,2024.0,6750000.0,2400.0,Colombo,1/17/2026,https://riyasewana.com/buy/daihatsu-mira-es-sale-colombo-11064060,Brand New
10853,Car,Daihatsu,Taft G,2025.0,8550000.0,10.0,Colombo,1/17/2026,https://riyasewana.com/buy/daihatsu-taft-g-sale-colombo-11063999,Brand New
10888,Car,Daihatsu,Mira X Limited SA3,2024.0,6775000.0,1600.0,Colombo,1/17/2026,https://riyasewana.com/buy/daihatsu-mira-x-sale-colombo-11063396,Brand New
10895,Car,Suzuki,Wagon R Hybrid FX S,2024.0,7450000.0,2000.0,Panadura,1/17/2026,https://riyasewana.com/buy/suzuki-wagon-r-sale-panadura-11063279,Brand New
10915,Car,Suzuki,Wagon R MH85S,2024.0,7490000.0,7500.0,Minuwangoda,1/17/2026,https://riyasewana.com/buy/suzuki-wagon-r-sale-minuwangoda-11062971,Recondition
10939,Car,Suzuki,Wagon R Fx Safety,2024.0,8300000.0,3000.0,Ratnapura,1/17/2026,https://riyasewana.com/buy/suzuki-wagon-r-sale-ratnapura-11062693,Brand New
10945,Car,Nissan,Dayz Highway Star X Propilot,2025.0,7700000.0,4000.0,Colombo,1/17/2026,https://riyasewana.com/buy/nissan-dayz-highway-sale-colombo-11062646,Brand New
10950,Car,Toyota,Yaris Ativ,2025.0,17400000.0,30.0,Colombo,1/17/2026,https://riyasewana.com/buy/toyota-yaris-ativ-sale-colombo-11062536,Brand New
10974,Car,Toyota,Yaris X,2024.0,8400000.0,7800.0,Colombo,1/17/2026,https://riyasewana.com/buy/toyota-yaris-x-sale-colombo-11062209,Recondition
11001,Car,Daihatsu,Mira L,2025.0,5900000.0,3000.0,Colombo,1/17/2026,https://riyasewana.com/buy/daihatsu-mira-l-sale-colombo-11061879,Brand New
11002,Car,Daihatsu,TAFT G Dark Chrome Venture,2025.0,7900000.0,4000.0,Colombo,1/17/2026,https://riyasewana.com/buy/daihatsu-taft-g-sale-colombo-11061880,Brand New
11013,Car,Toyota,Roomy X,2025.0,8300000.0,4500.0,Colombo,1/17/2026,https://riyasewana.com/buy/toyota-roomy-x-sale-colombo-11061584,Brand New
11015,Car,Nissan,Dayz,2023.0,7450000.0,8000.0,Kandy,1/17/2026,https://riyasewana.com/buy/nissan-dayz-sale-kandy-11061537,Recondition
11019,Car,Daihatsu,Mira L,2024.0,6450000.0,19000.0,Kandy,1/17/2026,https://riyasewana.com/buy/daihatsu-mira-l-sale-kandy-11061495,Recondition
11074,Car,Toyota,Passo,2023.0,7650000.0,17000.0,Boralesgamuwa,1/17/2026,https://riyasewana.com/buy/toyota-passo-sale-boralesgamuwa-11060540,Recondition
11082,Car,Daihatsu,MIRA,2024.0,6250000.0,9.0,Kandy,1/17/2026,https://riyasewana.com/buy/daihatsu-mira-sale-kandy-11060199,Brand New
11097,Car,Daihatsu,Tanto,2023.0,7350000.0,8100.0,Dehiwala-Mount-Lavinia,1/17/2026,https://riyasewana.com/buy/daihatsu-tanto-sale-dehiwala-mount-lavinia-11059908,Recondition
11099,Car,Daihatsu,Mira,2024.0,6450000.0,5674.0,Kandy,1/17/2026,https://riyasewana.com/buy/daihatsu-mira-sale-kandy-11059872,Recondition
11103,Car,Suzuki,Wagon R,2024.0,7300000.0,2200.0,Kandy,1/17/2026,https://riyasewana.com/buy/suzuki-wagon-r-sale-kandy-11059823,Brand New
11106,Car,Toyota,Roomy Custom G,2025.0,10800000.0,5087.0,Kandy,1/17/2026,https://riyasewana.com/buy/toyota-roomy-custom-sale-kandy-11059750,Recondition
11110,Car,Toyota,Roomy Custom GT,2023.0,10300000.0,3476.0,Kandy,1/17/2026,https://riyasewana.com/buy/toyota-roomy-custom-sale-kandy-11059661,Brand New
11113,Car,Daihatsu,Mira,2024.0,2000000.0,1050.0,Homagama,1/17/2026,https://riyasewana.com/buy/daihatsu-mira-sale-homagama-11059581,Brand New
11148,Car,Suzuki,WAGON R FX Hybrid,2023.0,7875000.0,9900.0,Matara,1/17/2026,https://riyasewana.com/buy/suzuki-wagon-r-sale-matara-11058628,Recondition
11160,Car,Audi,A3 Advanced Safety,2023.0,18200000.0,18000.0,Kiribathgoda,1/16/2026,https://riyasewana.com/buy/audi-a3-advanced-sale-kiribathgoda-11058383,Recondition
11162,Car,Mitsubishi,Delica G Premium,2024.0,9450000.0,7500.0,Kandy,1/16/2026,https://riyasewana.com/buy/mitsubishi-delica-g-sale-kandy-11058350,Recondition
11166,Car,Daihatsu,Mira,2024.0,3000000.0,1050.0,Homagama,1/16/2026,https://riyasewana.com/buy/daihatsu-mira-sale-homagama-11058283,Brand New
11212,Car,Daihatsu,Taft G,2024.0,8190000.0,5200.0,Nittambuwa,1/16/2026,https://riyasewana.com/buy/daihatsu-taft-g-sale-nittambuwa-11057579,Recondition
11215,Car,Daihatsu,Mira LSA3 Safety,2024.0,6590000.0,1290.0,Nittambuwa,1/16/2026,https://riyasewana.com/buy/daihatsu-mira-lsa3-sale-nittambuwa-11057527,Brand New
11221,Car,Toyota,Yaris X Grade,2024.0,9550000.0,15000.0,Kaduwela,1/16/2026,https://riyasewana.com/buy/toyota-yaris-x-sale-kaduwela-11057370,Recondition
11251,Car,Suzuki,Carry,2025.0,5200000.0,2.0,Horana,1/16/2026,https://riyasewana.com/buy/suzuki-carry-sale-horana-11056842,Brand New
11291,Car,Toyota,Yaris X Grade,2025.0,9600000.0,240.0,Colombo,1/16/2026,https://riyasewana.com/buy/toyota-yaris-x-sale-colombo-11056200,Brand New
11297,Car,Suzuki,Hustler X,2023.0,7750000.0,14000.0,Matugama,1/16/2026,https://riyasewana.com/buy/suzuki-hustler-x-sale-matugama-11056106,Recondition
11300,Car,Nissan,Aura G Leather Edition,2024.0,13975000.0,13600.0,Malabe,1/16/2026,https://riyasewana.com/buy/nissan-aura-g-sale-malabe-11056072,Recondition
11302,Car,Toyota,Roomy G,2023.0,9500000.0,16000.0,Kurunegala,1/16/2026,https://riyasewana.com/buy/toyota-roomy-g-sale-kurunegala-11056040,Recondition
11320,Car,Suzuki,Spacia Custom XS Hybrid,2023.0,9400000.0,264.0,Colombo,1/16/2026,https://riyasewana.com/buy/suzuki-spacia-custom-sale-colombo-11055788,Brand New
11326,Car,BYD,ATTO 3 SUPERIOR,2025.0,16800000.0,990.0,Colombo,1/16/2026,https://riyasewana.com/buy/byd-atto-3-sale-colombo-11055735,Brand New
11342,Car,Toyota,Passo,2023.0,7900000.0,14480.0,Gampaha,1/16/2026,https://riyasewana.com/buy/toyota-passo-sale-gampaha-11055329,Recondition
11343,Car,Daihatsu,Mira L SA3 Import,2024.0,5950000.0,4000.0,Colombo,1/16/2026,https://riyasewana.com/buy/daihatsu-mira-l-sale-colombo-11055307,Brand New
11367,Car,Daihatsu,Boon Same Passo,2023.0,7790000.0,7900.0,Kaduwela,1/16/2026,https://riyasewana.com/buy/daihatsu-boon-same-sale-kaduwela-11054784,Recondition
11394,Car,Suzuki,Wagon R FX Safety,2023.0,6990000.0,10700.0,Kelaniya,1/16/2026,https://riyasewana.com/buy/suzuki-wagon-r-sale-kelaniya-11054061,Recondition
11423,Car,Suzuki,Fronx,2025.0,10600000.0,25.0,Nugegoda,1/15/2026,https://riyasewana.com/buy/suzuki-fronx-sale-nugegoda-11053258,Brand New
11428,Car,Other,BAW E7,2025.0,4350000.0,1650.0,Kurunegala,1/15/2026,https://riyasewana.com/buy/other-baw-e7-sale-kurunegala-11053187,Brand New
11438,Car,Suzuki,Wagon R FX Safety,2024.0,7350000.0,17500.0,Maharagama,1/15/2026,https://riyasewana.com/buy/suzuki-wagon-r-sale-maharagama-11053085,Recondition
11467,Car,Toyota,Roomy Custom GT,2023.0,9875000.0,12000.0,Colombo,1/15/2026,https://riyasewana.com/buy/toyota-roomy-custom-sale-colombo-11052569,Recondition
11491,Car,Suzuki,Wagon R,2024.0,7100000.0,8500.0,Gampaha,1/15/2026,https://riyasewana.com/buy/suzuki-wagon-r-sale-gampaha-11052109,Recondition
11495,Car,Toyota,Yaris X,2024.0,9450000.0,2000.0,Colombo,1/15/2026,https://riyasewana.com/buy/toyota-yaris-x-sale-colombo-11052072,Brand New
11497,Car,Toyota,YariSXSafety,2024.0,9450000.0,7000.0,Anuradapura,1/15/2026,https://riyasewana.com/buy/toyota-yarisxsafety-sale-anuradapura-11052058,Recondition
11509,Car,Daihatsu,TAFT,2024.0,8450000.0,5000.0,Kaduwela,1/15/2026,https://riyasewana.com/buy/daihatsu-taft-sale-kaduwela-11051774,Recondition
11515,Car,Suzuki,Spacia Custom XS Turbo,2024.0,9850000.0,3000.0,Colombo,1/15/2026,https://riyasewana.com/buy/suzuki-spacia-custom-sale-colombo-11051589,Brand New
11516,Car,Suzuki,Spacia Custom XS Turbo,2024.0,9850000.0,18.0,Colombo,1/15/2026,https://riyasewana.com/buy/suzuki-spacia-custom-sale-colombo-11051590,Brand New
11550,Car,Daihatsu,TAFT,2023.0,7350000.0,3000.0,Colombo,1/15/2026,https://riyasewana.com/buy/daihatsu-taft-sale-colombo-11051063,Brand New
11555,Car,Daihatsu,Thor,2024.0,11300000.0,2000.0,Colombo,1/15/2026,https://riyasewana.com/buy/daihatsu-thor-sale-colombo-11050969,Brand New
11556,Car,Suzuki,Spacia,2024.0,9600000.0,800.0,Colombo,1/15/2026,https://riyasewana.com/buy/suzuki-spacia-sale-colombo-11050970,Brand New
11557,Car,Suzuki,Spacia,2023.0,9600000.0,2000.0,Colombo,1/15/2026,https://riyasewana.com/buy/suzuki-spacia-sale-colombo-11050975,Brand New
11565,Car,Toyota,Roomy,2023.0,8350000.0,8200.0,Bandaragama,1/15/2026,https://riyasewana.com/buy/toyota-roomy-sale-bandaragama-11050810,Recondition
11568,Car,Toyota,YARIS G,2024.0,10390000.0,12598.0,Kiribathgoda,1/15/2026,https://riyasewana.com/buy/toyota-yaris-g-sale-kiribathgoda-11050794,Recondition
11582,Car,Daihatsu,Mira L,2024.0,6650000.0,2400.0,Padukka,1/15/2026,https://riyasewana.com/buy/daihatsu-mira-l-sale-padukka-11050496,Brand New
11590,Car,Nissan,Dayz,2023.0,8425000.0,14200.0,Padukka,1/15/2026,https://riyasewana.com/buy/nissan-dayz-sale-padukka-11050356,Recondition
11593,Car,Suzuki,Spacia MK94s,2024.0,7950000.0,500.0,Colombo,1/15/2026,https://riyasewana.com/buy/suzuki-spacia-mk94s-sale-colombo-11050283,Brand New
11598,Car,Toyota,Yaris X Grade,2023.0,9100000.0,24500.0,Matugama,1/15/2026,https://riyasewana.com/buy/toyota-yaris-x-sale-matugama-11050231,Recondition
11604,Car,Daihatsu,MIRA ES L GRADE,2024.0,6400000.0,12.0,Matugama,1/15/2026,https://riyasewana.com/buy/daihatsu-mira-es-sale-matugama-11050125,Brand New
11618,Car,Toyota,Yaris,2023.0,9275000.0,16500.0,Dehiwala-Mount-Lavinia,1/15/2026,https://riyasewana.com/buy/toyota-yaris-sale-dehiwala-mount-lavinia-11049877,Recondition
11621,Car,Suzuki,Wagon R Custom Z Hybrid,2023.0,8040000.0,4300.0,Veyangoda,1/15/2026,https://riyasewana.com/buy/suzuki-wagon-r-sale-veyangoda-11049761,Brand New
11625,Car,Toyota,Roomy Custom GT,2023.0,10000000.0,10000.0,Kandana,1/15/2026,https://riyasewana.com/buy/toyota-roomy-custom-sale-kandana-11049679,Recondition
11629,Car,Suzuki,Spacia Custom XS Turbo,2024.0,9400000.0,4900.0,Kegalle,1/15/2026,https://riyasewana.com/buy/suzuki-spacia-custom-sale-kegalle-11049636,Brand New
11633,Car,Daihatsu,Mira,2024.0,6775000.0,6399.0,Malabe,1/15/2026,https://riyasewana.com/buy/daihatsu-mira-sale-malabe-11049516,Recondition
11643,Car,Daihatsu,Mira Safety SA 3 L,2023.0,6275000.0,14000.0,Nawala,1/15/2026,https://riyasewana.com/buy/daihatsu-mira-safety-sale-nawala-11049348,Recondition
11657,Car,Honda,N Box,2025.0,7800000.0,4000.0,Matara,1/15/2026,https://riyasewana.com/buy/honda-n-box-sale-matara-11048694,Brand New
11669,Car,Daihatsu,Mira ES X Limited LA350S,2024.0,6750000.0,2100.0,Matara,1/15/2026,https://riyasewana.com/buy/daihatsu-mira-es-sale-matara-11048394,Brand New
11670,Car,Suzuki,Wagon R Fx Safety,2025.0,7395000.0,1500.0,Kalutara,1/15/2026,https://riyasewana.com/buy/suzuki-wagon-r-sale-kalutara-11048354,Brand New
11706,Car,Suzuki,Wagon R FX SAFETY,2024.0,7275000.0,2000.0,Kadawatha,1/14/2026,https://riyasewana.com/buy/suzuki-wagon-r-sale-kadawatha-11047684,Brand New
11747,Car,Subaru,Daihutsu MiraPleo,2023.0,5950000.0,33400.0,Kurunegala,1/14/2026,https://riyasewana.com/buy/subaru-daihutsu-mirapleo-sale-kurunegala-11046776,Recondition
11757,Car,Suzuki,Alto L,2024.0,6150000.0,2354.0,Nittambuwa,1/14/2026,https://riyasewana.com/buy/suzuki-alto-l-sale-nittambuwa-11046476,Brand New
11770,Car,Suzuki,Hustler X,2024.0,8400000.0,6500.0,Kurunegala,1/14/2026,https://riyasewana.com/buy/suzuki-hustler-x-sale-kurunegala-11046257,Recondition
11771,Car,Daihatsu,Mira,2023.0,6400000.0,6000.0,Kurunegala,1/14/2026,https://riyasewana.com/buy/daihatsu-mira-sale-kurunegala-11046258,Recondition
11772,Car,Suzuki,Spacia Custom,2025.0,9200000.0,800.0,Kurunegala,1/14/2026,https://riyasewana.com/buy/suzuki-spacia-custom-sale-kurunegala-11046259,Brand New
11786,Car,Toyota,Roomy GT,2023.0,10650000.0,12000.0,Gampaha,1/14/2026,https://riyasewana.com/buy/toyota-roomy-gt-sale-gampaha-11046002,Recondition
11801,Car,Mitsubishi,Ek Wagon,2023.0,6925000.0,8000.0,Polgahawela,1/14/2026,https://riyasewana.com/buy/mitsubishi-ek-wagon-sale-polgahawela-11045772,Recondition
11804,Car,Toyota,Roomy G,2023.0,8550000.0,4500.0,Pannipitiya,1/14/2026,https://riyasewana.com/buy/toyota-roomy-g-sale-pannipitiya-11045749,Brand New
11817,Car,Suzuki,Alto A Grade,2024.0,6400000.0,3000.0,Nittambuwa,1/14/2026,https://riyasewana.com/buy/suzuki-alto-a-sale-nittambuwa-11045529,Brand New
11864,Car,Suzuki,Wagon R ZD,2023.0,8300000.0,23582.0,Colombo,1/14/2026,https://riyasewana.com/buy/suzuki-wagon-r-sale-colombo-11044709,Recondition
11876,Car,Toyota,Axio,2025.0,15350000.0,30.0,Colombo,1/14/2026,https://riyasewana.com/buy/toyota-axio-sale-colombo-11044407,Brand New
11878,Car,Daihatsu,MIRA,2024.0,6200000.0,4900.0,Kurunegala,1/14/2026,https://riyasewana.com/buy/daihatsu-mira-sale-kurunegala-11044392,Brand New
11881,Car,Suzuki,WAGON R Custom,2025.0,8500000.0,500.0,Colombo,1/14/2026,https://riyasewana.com/buy/suzuki-wagon-r-sale-colombo-11044303,Brand New
11911,Car,Suzuki,Spacia,2024.0,8975000.0,3000.0,Kurunegala,1/14/2026,https://riyasewana.com/buy/suzuki-spacia-sale-kurunegala-11043226,Brand New
11952,Car,Daihatsu,Mira Es X Limited,2024.0,6975000.0,3000.0,Galle,1/13/2026,https://riyasewana.com/buy/daihatsu-mira-es-sale-galle-11042603,Brand New
11958,Car,Suzuki,WAGON R ZT,2024.0,8675000.0,3100.0,Colombo,1/13/2026,https://riyasewana.com/buy/suzuki-wagon-r-sale-colombo-11042474,Brand New
11986,Car,Nissan,Dayz Highway Star X,2025.0,7600000.0,5000.0,Kiribathgoda,1/13/2026,https://riyasewana.com/buy/nissan-dayz-highway-sale-kiribathgoda-11041883,Recondition
11995,Car,Suzuki,Wagon R Custom Z,2023.0,8250000.0,6000.0,Maharagama,1/13/2026,https://riyasewana.com/buy/suzuki-wagon-r-sale-maharagama-11041709,Recondition
12005,Car,Suzuki,Hustler X,2023.0,7800000.0,14000.0,Matugama,1/13/2026,https://riyasewana.com/buy/suzuki-hustler-x-sale-matugama-11041566,Recondition
12046,Car,Suzuki,Wagon R CUSTOM ZX,2025.0,8500000.0,5.0,Gampaha,1/13/2026,https://riyasewana.com/buy/suzuki-wagon-r-sale-gampaha-11040706,Brand New
12107,Car,Audi,A3 Sedan Safety Line,2023.0,18150000.0,5960.0,Colombo,1/13/2026,https://riyasewana.com/buy/audi-a3-sedan-sale-colombo-11039069,Recondition
12114,Car,Suzuki,Wagon R FX Safety,2024.0,7100000.0,4500.0,Colombo,1/13/2026,https://riyasewana.com/buy/suzuki-wagon-r-sale-colombo-11038913,Brand New
12118,Car,Mitsubishi,EK Wagon G,2023.0,7080000.0,10830.0,Galle,1/13/2026,https://riyasewana.com/buy/mitsubishi-ek-wagon-sale-galle-11038780,Recondition
12129,Car,Toyota,Yaris G Grade,2025.0,12950000.0,300.0,Dehiwala-Mount-Lavinia,1/13/2026,https://riyasewana.com/buy/toyota-yaris-g-sale-dehiwala-mount-lavinia-11038255,Brand New
12154,Car,Toyota,Roomy Custom G,2023.0,9400000.0,15000.0,Colombo,1/12/2026,https://riyasewana.com/buy/toyota-roomy-custom-sale-colombo-11037828,Recondition
12156,Car,Toyota,Yaris X,2023.0,8500000.0,25000.0,Colombo,1/12/2026,https://riyasewana.com/buy/toyota-yaris-x-sale-colombo-11037804,Recondition
12162,Car,Daihatsu,Mira LS3 Safety,2024.0,6550000.0,1732.0,Nawalapitiya,1/12/2026,https://riyasewana.com/buy/daihatsu-mira-ls3-sale-nawalapitiya-11037722,Brand New
12171,Car,Nissan,Dayz X Grade Safety,2024.0,7900000.0,15000.0,Kegalle,1/12/2026,https://riyasewana.com/buy/nissan-dayz-x-sale-kegalle-11037629,Recondition
12202,Car,Suzuki,Hustler G Grade,2025.0,8000000.0,244.0,Dehiwala-Mount-Lavinia,1/12/2026,https://riyasewana.com/buy/suzuki-hustler-g-sale-dehiwala-mount-lavinia-11037185,Brand New
12203,Car,Suzuki,Spacia,2024.0,7900000.0,9700.0,Mawanella,1/12/2026,https://riyasewana.com/buy/suzuki-spacia-sale-mawanella-11037166,Recondition
12205,Car,Suzuki,Wagon R,2024.0,6850000.0,1000.0,Kurunegala,1/12/2026,https://riyasewana.com/buy/suzuki-wagon-r-sale-kurunegala-11037124,Brand New
12227,Car,Daihatsu,Mira ES X LTD,2023.0,6750000.0,7300.0,Dehiwala-Mount-Lavinia,1/12/2026,https://riyasewana.com/buy/daihatsu-mira-es-sale-dehiwala-mount-lavinia-11036810,Recondition
12228,Car,Suzuki,Hustler Tough Wild Turbo,2024.0,8800000.0,245.0,Dehiwala-Mount-Lavinia,1/12/2026,https://riyasewana.com/buy/suzuki-hustler-tough-sale-dehiwala-mount-lavinia-11036808,Brand New
12229,Car,Toyota,Yaris G Grade,2024.0,10650000.0,6000.0,Dehiwala-Mount-Lavinia,1/12/2026,https://riyasewana.com/buy/toyota-yaris-g-sale-dehiwala-mount-lavinia-11036807,Recondition
12230,Car,Toyota,Yaris G Grade,2024.0,10350000.0,2600.0,Colombo,1/12/2026,https://riyasewana.com/buy/toyota-yaris-g-sale-colombo-11036805,Brand New
12250,Car,BYD,Atto 3,2025.0,15500000.0,15000.0,Tangalle,1/12/2026,https://riyasewana.com/buy/byd-atto-3-sale-tangalle-11036418,Recondition
12256,Car,Toyota,Roomy,2023.0,10580000.0,7465.0,Kottawa,1/12/2026,https://riyasewana.com/buy/toyota-roomy-sale-kottawa-11036339,Recondition
12266,Car,Suzuki,Spacia,2024.0,7600000.0,32000.0,Nittambuwa,1/12/2026,https://riyasewana.com/buy/suzuki-spacia-sale-nittambuwa-11036134,Recondition
12292,Car,Daihatsu,TAFT,2024.0,8650000.0,280.0,Gampaha,1/12/2026,https://riyasewana.com/buy/daihatsu-taft-sale-gampaha-11035594,Brand New
12308,Car,Nissan,ROOX HIGHWAY STAR PROPILOT,2023.0,8275000.0,29000.0,Homagama,1/12/2026,https://riyasewana.com/buy/nissan-roox-highway-sale-homagama-11035258,Recondition
12318,Car,Suzuki,Carry,2023.0,5100000.0,250.0,Kurunegala,1/12/2026,https://riyasewana.com/buy/suzuki-carry-sale-kurunegala-11034836,Brand New
12338,Car,Nissan,ROOX HIGHWAY STAR G TURBO PROPILOT,2023.0,8350000.0,11000.0,Homagama,1/12/2026,https://riyasewana.com/buy/nissan-roox-highway-sale-homagama-11034254,Recondition
12341,Car,Daihatsu,Mira ES,2024.0,6000000.0,38000.0,Wennappuwa,1/12/2026,https://riyasewana.com/buy/daihatsu-mira-es-sale-wennappuwa-11034169,Recondition
12411,Car,Volkswagen,T Cross,2023.0,13790000.0,3400.0,Ratnapura,1/11/2026,https://riyasewana.com/buy/volkswagen-t-cross-sale-ratnapura-11032734,Brand New
12416,Car,BYD,ATTO3,2025.0,15300000.0,6500.0,Padukka,1/11/2026,https://riyasewana.com/buy/byd-atto3-sale-padukka-11032699,Recondition
12447,Car,Suzuki,Spacia Custom,2025.0,9500000.0,4000.0,Colombo,1/11/2026,https://riyasewana.com/buy/suzuki-spacia-custom-sale-colombo-11032042,Brand New
12475,Car,Suzuki,Wagon R FX,2024.0,7230000.0,9500.0,Colombo,1/11/2026,https://riyasewana.com/buy/suzuki-wagon-r-sale-colombo-11031508,Recondition
12481,Car,Toyota,PIXIS EPOCH,2025.0,7550000.0,1150.0,Kurunegala,1/11/2026,https://riyasewana.com/buy/toyota-pixis-epoch-sale-kurunegala-11031374,Brand New
12494,Car,Honda,N Box Wagon,2023.0,7350000.0,22000.0,Chilaw,1/11/2026,https://riyasewana.com/buy/honda-n-box-sale-chilaw-11031253,Recondition
12498,Car,Daihatsu,Tanto,2025.0,8650000.0,2500.0,Gampaha,1/11/2026,https://riyasewana.com/buy/daihatsu-tanto-sale-gampaha-11031187,Brand New
12541,Car,Toyota,Yaris G LED,2023.0,10300000.0,17000.0,Colombo,1/11/2026,https://riyasewana.com/buy/toyota-yaris-g-sale-colombo-11030448,Recondition
12555,Car,Daihatsu,Mira SA3 X Safety,2025.0,6795000.0,3000.0,Colombo,1/11/2026,https://riyasewana.com/buy/daihatsu-mira-sa3-sale-colombo-11030129,Brand New
12556,Car,Nissan,Sakura EV,2024.0,7995000.0,5000.0,Colombo,1/11/2026,https://riyasewana.com/buy/nissan-sakura-ev-sale-colombo-11030130,Recondition
12558,Car,Nissan,Dayz Highway Star PROPILOT,2023.0,8190000.0,900.0,Battaramulla,1/11/2026,https://riyasewana.com/buy/nissan-dayz-highway-sale-battaramulla-11030111,Brand New
12559,Car,Toyota,YARIS X GRADE,2023.0,9050000.0,24000.0,Matugama,1/11/2026,https://riyasewana.com/buy/toyota-yaris-x-sale-matugama-11030107,Recondition
12592,Car,Nissan,AURA FE13 G LEATHER EDITION,2024.0,14250000.0,5000.0,Gampaha,1/11/2026,https://riyasewana.com/buy/nissan-aura-fe13-sale-gampaha-11029134,Recondition
12703,Car,Suzuki,Carry,2024.0,5950000.0,2000.0,Kandy,1/10/2026,https://riyasewana.com/buy/suzuki-carry-sale-kandy-11027068,Brand New
12708,Car,Toyota,Roomy Custom GT Turbo,2025.0,11250000.0,350.0,Badulla,1/10/2026,https://riyasewana.com/buy/toyota-roomy-custom-sale-badulla-11026905,Brand New
12709,Car,Nissan,Dayz X,2023.0,7600000.0,3000.0,Dehiwala-Mount-Lavinia,1/10/2026,https://riyasewana.com/buy/nissan-dayz-x-sale-dehiwala-mount-lavinia-11026896,Brand New
12747,Car,Nissan,Roox Highway Star X,2023.0,8100000.0,30000.0,Colombo,1/10/2026,https://riyasewana.com/buy/nissan-roox-highway-sale-colombo-11026114,Recondition
12769,Car,Suzuki,Wagon R Custom ZX,2025.0,8550000.0,1900.0,Nittambuwa,1/10/2026,https://riyasewana.com/buy/suzuki-wagon-r-sale-nittambuwa-11025527,Brand New
12820,Car,Daihatsu,MIRA X LIMITED LED,2024.0,6850000.0,1400.0,Battaramulla,1/10/2026,https://riyasewana.com/buy/daihatsu-mira-x-sale-battaramulla-11024352,Brand New
12824,Car,Suzuki,WAGON R FX,2024.0,7125000.0,4200.0,Gampaha,1/10/2026,https://riyasewana.com/buy/suzuki-wagon-r-sale-gampaha-11024278,Brand New
12832,Car,Tata,Tiago,2023.0,7900000.0,35000.0,Maharagama,1/10/2026,https://riyasewana.com/buy/tata-tiago-sale-maharagama-11024091,Recondition
12834,Car,Suzuki,Wagon R FX Safety,2023.0,7290000.0,9000.0,Kottawa,1/10/2026,https://riyasewana.com/buy/suzuki-wagon-r-sale-kottawa-11024075,Recondition
12835,Car,Suzuki,Wagon R FX Safety,2024.0,7100000.0,7000.0,Kottawa,1/10/2026,https://riyasewana.com/buy/suzuki-wagon-r-sale-kottawa-11024076,Recondition
12836,Car,Suzuki,Wagon R Custom Z,2024.0,8490000.0,8000.0,Kottawa,1/10/2026,https://riyasewana.com/buy/suzuki-wagon-r-sale-kottawa-11024078,Recondition
12844,Car,Toyota,YariS Safety,2024.0,9375000.0,24000.0,Kurunegala,1/10/2026,https://riyasewana.com/buy/toyota-yaris-safety-sale-kurunegala-11023899,Recondition
12865,Car,Nissan,ROOX HIGHWAY STAR G TURBO PROPILOT,2023.0,8275000.0,29000.0,Homagama,1/10/2026,https://riyasewana.com/buy/nissan-roox-highway-sale-homagama-11023277,Recondition
12870,Car,Suzuki,Spacia,2024.0,8950000.0,10400.0,Kaduwela,1/10/2026,https://riyasewana.com/buy/suzuki-spacia-sale-kaduwela-11023037,Recondition
12889,Car,Suzuki,Wagon R FX Safety,2024.0,7180000.0,22946.0,Mirigama,1/10/2026,https://riyasewana.com/buy/suzuki-wagon-r-sale-mirigama-11022596,Recondition
12928,Car,Daihatsu,TAFT G Chrome Venture Edition,2023.0,1800000.0,8400.0,Gampola,1/9/2026,https://riyasewana.com/buy/daihatsu-taft-g-sale-gampola-11021530,Recondition
12960,Car,Nissan,Dayz,2024.0,8450000.0,6400.0,Wennappuwa,1/9/2026,https://riyasewana.com/buy/nissan-dayz-sale-wennappuwa-11020806,Recondition
12965,Car,Daihatsu,Mira X SA3 IMPORT,2024.0,6550000.0,7000.0,Gampaha,1/9/2026,https://riyasewana.com/buy/daihatsu-mira-x-sale-gampaha-11020531,Recondition
12999,Car,Honda,Civic,2026.0,3500000.0,123.0,Colombo,1/9/2026,https://riyasewana.com/buy/honda-civic-sale-colombo-11019942,Brand New
13008,Car,Toyota,Yaris X Grade,2023.0,9100000.0,33560.0,Kandy,1/9/2026,https://riyasewana.com/buy/toyota-yaris-x-sale-kandy-11019762,Recondition
13044,Car,Toyota,ROOMY CUSTOM G SAFETY,2023.0,9575000.0,29900.0,Colombo,1/9/2026,https://riyasewana.com/buy/toyota-roomy-custom-sale-colombo-11018989,Recondition
13092,Car,Toyota,Yaris Ativ,2025.0,15700000.0,3000.0,Kadawatha,1/9/2026,https://riyasewana.com/buy/toyota-yaris-ativ-sale-kadawatha-11018171,Brand New
13112,Car,Toyota,Roomy G Custom,2023.0,10200000.0,18000.0,Nugegoda,1/9/2026,https://riyasewana.com/buy/toyota-roomy-g-sale-nugegoda-11017588,Recondition
13131,Car,Toyota,Roomy,2023.0,7890000.0,91000.0,Colombo,1/9/2026,https://riyasewana.com/buy/toyota-roomy-sale-colombo-11016827,Used
13147,Car,Toyota,YARIS,2025.0,1070000.0,15000.0,Colombo,1/8/2026,https://riyasewana.com/buy/toyota-yaris-sale-colombo-11016484,Recondition
13148,Car,Daihatsu,Mira L Grade,2024.0,6190000.0,5188.0,Gampaha,1/8/2026,https://riyasewana.com/buy/daihatsu-mira-l-sale-gampaha-11016481,Recondition
13164,Car,Toyota,Yaris G,2023.0,9300000.0,18000.0,Colombo,1/8/2026,https://riyasewana.com/buy/toyota-yaris-g-sale-colombo-11016293,Recondition
13167,Car,Audi,A3 Advanced,2023.0,17980000.0,19500.0,Kiribathgoda,1/8/2026,https://riyasewana.com/buy/audi-a3-advanced-sale-kiribathgoda-11016263,Recondition
13171,Car,Audi,A3 Advanced,2023.0,19500000.0,8500.0,Kiribathgoda,1/8/2026,https://riyasewana.com/buy/audi-a3-advanced-sale-kiribathgoda-11016202,Recondition
13226,Car,Suzuki,Wagon R FX Safety,2023.0,7150000.0,7300.0,Negombo,1/8/2026,https://riyasewana.com/buy/suzuki-wagon-r-sale-negombo-11014672,Recondition
13246,Car,Suzuki,Spacia Hybrid X MK94S,2024.0,8200000.0,2400.0,Colombo,1/8/2026,https://riyasewana.com/buy/suzuki-spacia-hybrid-sale-colombo-11014284,Brand New
13247,Car,Honda,N Box,2023.0,6400000.0,63000.0,Jaffna,1/8/2026,https://riyasewana.com/buy/honda-n-box-sale-jaffna-11014212,Used
13257,Car,Mitsubishi,Ek Wagon,2024.0,7200000.0,2500.0,Peliyagoda,1/8/2026,https://riyasewana.com/buy/mitsubishi-ek-wagon-sale-peliyagoda-11014013,Brand New
13273,Car,Suzuki,Spacia,2024.0,8890000.0,14000.0,Colombo,1/8/2026,https://riyasewana.com/buy/suzuki-spacia-sale-colombo-11013598,Recondition
13275,Car,Daihatsu,Mira L Grade,2023.0,645000.0,2000.0,Ambalangoda,1/8/2026,https://riyasewana.com/buy/daihatsu-mira-l-sale-ambalangoda-11013582,Brand New
13276,Car,Daihatsu,MIRA X Grade,2024.0,6850000.0,3000.0,Ambalangoda,1/8/2026,https://riyasewana.com/buy/daihatsu-mira-x-sale-ambalangoda-11013583,Brand New
13279,Car,Daihatsu,Mira Eis LSA3,2023.0,6290000.0,3000.0,Malabe,1/8/2026,https://riyasewana.com/buy/daihatsu-mira-eis-sale-malabe-11013467,Brand New
13283,Car,Daihatsu,MIRA ES L,2024.0,6350000.0,3669.0,Kaduwela,1/8/2026,https://riyasewana.com/buy/daihatsu-mira-es-sale-kaduwela-11013368,Brand New
13289,Car,Suzuki,Wagon R,2023.0,7650000.0,2100.0,Ragama,1/8/2026,https://riyasewana.com/buy/suzuki-wagon-r-sale-ragama-11013036,Brand New
13298,Car,Suzuki,Wagon R Fx Safety,2024.0,7190000.0,1800.0,Boralesgamuwa,1/8/2026,https://riyasewana.com/buy/suzuki-wagon-r-sale-boralesgamuwa-11012821,Brand New
13388,Car,Nissan,Dayz,2023.0,7100000.0,10000.0,Colombo,1/7/2026,https://riyasewana.com/buy/nissan-dayz-sale-colombo-11010430,Recondition
13394,Car,Toyota,Yaris Ativ,2025.0,14500000.0,60.0,Colombo,1/7/2026,https://riyasewana.com/buy/toyota-yaris-ativ-sale-colombo-11010332,Brand New
13411,Car,Suzuki,Wagon R Fx,2024.0,7375000.0,5300.0,Tangalle,1/7/2026,https://riyasewana.com/buy/suzuki-wagon-r-sale-tangalle-11010002,Recondition
13430,Car,Nissan,Dayz,2023.0,7350000.0,6000.0,Piliyandala,1/7/2026,https://riyasewana.com/buy/nissan-dayz-sale-piliyandala-11009661,Recondition
13443,Car,Daihatsu,Mira L Grade,2024.0,6150000.0,3420.0,Gampaha,1/7/2026,https://riyasewana.com/buy/daihatsu-mira-l-sale-gampaha-11009444,Brand New
13449,Car,Suzuki,WAGON R FX,2023.0,7175000.0,9000.0,Ambalangoda,1/7/2026,https://riyasewana.com/buy/suzuki-wagon-r-sale-ambalangoda-11009348,Recondition
13503,Car,Hyundai,I10,2023.0,6300000.0,109127.0,Malabe,1/7/2026,https://riyasewana.com/buy/hyundai-i10-sale-malabe-11007890,Used
13504,Car,Suzuki,Spacia XS Custom Turbo,2024.0,9425000.0,1700.0,Kandy,1/7/2026,https://riyasewana.com/buy/suzuki-spacia-xs-sale-kandy-11007868,Brand New
13538,Car,Suzuki,WAGON R FX S,2023.0,7850000.0,3100.0,Gampaha,1/7/2026,https://riyasewana.com/buy/suzuki-wagon-r-sale-gampaha-11006908,Brand New
13586,Car,Nissan,Dayz,2023.0,8200000.0,1800.0,Gampaha,1/6/2026,https://riyasewana.com/buy/nissan-dayz-sale-gampaha-11006144,Brand New
13606,Car,Daihatsu,Taft,2023.0,7850000.0,120000.0,Kurunegala,1/6/2026,https://riyasewana.com/buy/daihatsu-taft-sale-kurunegala-11005662,Used
13653,Car,Suzuki,Alto Japan,2024.0,6550000.0,2560.0,Kaduwela,1/6/2026,https://riyasewana.com/buy/suzuki-alto-japan-sale-kaduwela-11004737,Brand New
13654,Car,Daihatsu,Mira ES L,2024.0,6500000.0,3347.0,Kaduwela,1/6/2026,https://riyasewana.com/buy/daihatsu-mira-es-sale-kaduwela-11004716,Brand New
13655,Car,Suzuki,Wagon R Custom Z,2024.0,8475000.0,3500.0,Kaduwela,1/6/2026,https://riyasewana.com/buy/suzuki-wagon-r-sale-kaduwela-11004692,Brand New
13696,Car,Daihatsu,Hijet Cargo,2023.0,6695000.0,17000.0,Kadawatha,1/6/2026,https://riyasewana.com/buy/daihatsu-hijet-cargo-sale-kadawatha-11003713,Recondition
13713,Car,Nissan,Roox,2023.0,8500000.0,15000.0,Matara,1/6/2026,https://riyasewana.com/buy/nissan-roox-sale-matara-11003370,Recondition
13716,Car,Nissan,Dayz Highway Star X S-Hybrid,2024.0,8600000.0,1600.0,Homagama,1/6/2026,https://riyasewana.com/buy/nissan-dayz-highway-sale-homagama-11003351,Brand New
13720,Car,Suzuki,Wagon R Stingray Turbo,2023.0,9350000.0,9500.0,Negombo,1/6/2026,https://riyasewana.com/buy/suzuki-wagon-r-sale-negombo-11003173,Recondition
13726,Car,Toyota,Yaris,2023.0,9450000.0,9000.0,Kurunegala,1/6/2026,https://riyasewana.com/buy/toyota-yaris-sale-kurunegala-11002977,Recondition
13737,Car,Daihatsu,Tanto,2025.0,8100000.0,1000.0,Kurunegala,1/6/2026,https://riyasewana.com/buy/daihatsu-tanto-sale-kurunegala-11002595,Brand New
13745,Car,Nissan,Aura G Leather,2025.0,14590000.0,2000.0,Ragama,1/6/2026,https://riyasewana.com/buy/nissan-aura-g-sale-ragama-11002211,Brand New
13790,Car,Suzuki,Wagon R,2024.0,7300000.0,1555.0,Kandy,1/5/2026,https://riyasewana.com/buy/suzuki-wagon-r-sale-kandy-11001256,Brand New
13831,Car,Suzuki,Spacia,2024.0,9100000.0,3000.0,Colombo,1/5/2026,https://riyasewana.com/buy/suzuki-spacia-sale-colombo-11000381,Brand New
13835,Car,Toyota,Roony G Custom,2023.0,10511333.0,9000.0,Colombo,1/5/2026,https://riyasewana.com/buy/toyota-roony-g-sale-colombo-11000273,Recondition
13844,Car,Daewoo,MIRA L GRADE,2024.0,6250000.0,3000.0,Gampaha,1/5/2026,https://riyasewana.com/buy/daewoo-mira-l-sale-gampaha-11000102,Brand New
13846,Car,Daihatsu,MIRA L GRADE,2024.0,6250000.0,1500.0,Gampaha,1/5/2026,https://riyasewana.com/buy/daihatsu-mira-l-sale-gampaha-11000077,Brand New
13852,Car,Honda,City RS,2025.0,13400000.0,56.0,Nugegoda,1/5/2026,https://riyasewana.com/buy/honda-city-rs-sale-nugegoda-10999975,Brand New
13876,Car,Daihatsu,Mira X Limited LED Safety,2024.0,6800000.0,17000.0,Kadawatha,1/5/2026,https://riyasewana.com/buy/daihatsu-mira-x-sale-kadawatha-10999449,Recondition
13900,Car,Suzuki,Flair Wagon,2024.0,8500000.0,10000.0,Polonnaruwa,1/5/2026,https://riyasewana.com/buy/suzuki-flair-wagon-sale-polonnaruwa-10998687,Recondition
13915,Car,Nissan,Dayz X Grade,2025.0,8250000.0,1800.0,Panadura,1/5/2026,https://riyasewana.com/buy/nissan-dayz-x-sale-panadura-10998376,Brand New
13930,Car,Daihatsu,Mira X Limited LED,2023.0,6350000.0,19000.0,Nittambuwa,1/5/2026,https://riyasewana.com/buy/daihatsu-mira-x-sale-nittambuwa-10997791,Recondition
13934,Car,Daihatsu,Mira X IMPORT,2024.0,6390000.0,3000.0,Homagama,1/5/2026,https://riyasewana.com/buy/daihatsu-mira-x-sale-homagama-10997657,Brand New
13960,Car,Honda,N-BOX CUSTOM,2023.0,8100000.0,18800.0,Kurunegala,1/4/2026,https://riyasewana.com/buy/honda-n-box-custom-sale-kurunegala-10996968,Recondition
13985,Car,Toyota,Roomy X,2023.0,8600000.0,33574.0,Wennappuwa,1/4/2026,https://riyasewana.com/buy/toyota-roomy-x-sale-wennappuwa-10996450,Recondition
13995,Car,Daihatsu,TAFT,2023.0,8050000.0,46000.0,Kottawa,1/4/2026,https://riyasewana.com/buy/daihatsu-taft-sale-kottawa-10996165,Recondition
14004,Car,Suzuki,Fronx Alpha Turbo,2025.0,1060000.0,23.0,Gampaha,1/4/2026,https://riyasewana.com/buy/suzuki-fronx-alpha-sale-gampaha-10995913,Brand New
14007,Car,Daihatsu,Mira Es L Safety,2024.0,5900000.0,3000.0,Colombo,1/4/2026,https://riyasewana.com/buy/daihatsu-mira-es-sale-colombo-10995893,Brand New
14011,Car,Nissan,Note,2024.0,12500000.0,5210.0,Kandy,1/4/2026,https://riyasewana.com/buy/nissan-note-sale-kandy-10995838,Recondition
14022,Car,Proton,Saga,2024.0,7990000.0,5800.0,Panadura,1/4/2026,https://riyasewana.com/buy/proton-saga-sale-panadura-10995571,Recondition
14032,Car,Suzuki,Wagon R Fx Safety,2024.0,7400000.0,5500.0,Matara,1/4/2026,https://riyasewana.com/buy/suzuki-wagon-r-sale-matara-10995367,Recondition
14034,Car,Suzuki,Wagon R Custom Z,2024.0,8000000.0,6500.0,Ja-Ela,1/4/2026,https://riyasewana.com/buy/suzuki-wagon-r-sale-ja-ela-10995345,Recondition
14043,Car,Suzuki,Carry,2025.0,5375000.0,280.0,Kotte,1/4/2026,https://riyasewana.com/buy/suzuki-carry-sale-kotte-10995246,Brand New
14048,Car,Toyota,YARIS G GRADE GR SPORT,2024.0,11200000.0,2590.0,Ratnapura,1/4/2026,https://riyasewana.com/buy/toyota-yaris-g-sale-ratnapura-10995206,Brand New
14056,Car,Toyota,Yaris X Grade,2023.0,9200000.0,23000.0,Matara,1/4/2026,https://riyasewana.com/buy/toyota-yaris-x-sale-matara-10995088,Recondition
14070,Car,Suzuki,Carry Truck Freezer,2025.0,7900000.0,900.0,Dehiwala-Mount-Lavinia,1/4/2026,https://riyasewana.com/buy/suzuki-carry-truck-sale-dehiwala-mount-lavinia-10994627,Brand New
14074,Car,Toyota,Yaris X,2024.0,9150000.0,20000.0,Kurunegala,1/4/2026,https://riyasewana.com/buy/toyota-yaris-x-sale-kurunegala-10994502,Recondition
14077,Car,Honda,N Box,2025.0,9850000.0,25.0,Gampaha,1/4/2026,https://riyasewana.com/buy/honda-n-box-sale-gampaha-10994442,Brand New
14080,Car,Suzuki,Wagon R,2023.0,7150000.0,5500.0,Colombo,1/4/2026,https://riyasewana.com/buy/suzuki-wagon-r-sale-colombo-10994424,Recondition
14082,Car,Daihatsu,MIRA ES SAFETY,2025.0,6320000.0,12.0,Colombo,1/4/2026,https://riyasewana.com/buy/daihatsu-mira-es-sale-colombo-10994401,Brand New
14100,Car,Toyota,Sienta GZ Navi Premium Highest Specs,2025.0,17000000.0,250.0,Dehiwala-Mount-Lavinia,1/4/2026,https://riyasewana.com/buy/toyota-sienta-gz-sale-dehiwala-mount-lavinia-10993809,Brand New
14136,Car,Suzuki,Wagon R Fx Hybrid,2023.0,7850000.0,2995.0,Gampaha,1/4/2026,https://riyasewana.com/buy/suzuki-wagon-r-sale-gampaha-10992680,Brand New
14137,Car,Suzuki,Wagon R FX Safety,2024.0,7400000.0,5600.0,Nittambuwa,1/4/2026,https://riyasewana.com/buy/suzuki-wagon-r-sale-nittambuwa-10992428,Recondition
14168,Car,Daihatsu,Mira ES,2023.0,6650000.0,1900.0,Badulla,1/3/2026,https://riyasewana.com/buy/daihatsu-mira-es-sale-badulla-10991254,Brand New
14200,Car,Nissan,Dayz Hybrid,2024.0,3200000.0,15500.0,Homagama,1/3/2026,https://riyasewana.com/buy/nissan-dayz-hybrid-sale-homagama-10990538,Recondition
14244,Car,Toyota,Yaris G,2024.0,9600000.0,2600.0,Colombo,1/3/2026,https://riyasewana.com/buy/toyota-yaris-g-sale-colombo-10989529,Brand New
14283,Car,Nissan,Aura Face-lift,2025.0,14495000.0,6000.0,Colombo,1/3/2026,https://riyasewana.com/buy/nissan-aura-face-lift-sale-colombo-10988485,Recondition
14309,Car,Daihatsu,Mira,2023.0,6400000.0,36000.0,Matara,1/3/2026,https://riyasewana.com/buy/daihatsu-mira-sale-matara-10987772,Recondition
14365,Car,Suzuki,Wagon R FX,2024.0,7250000.0,5000.0,Gampaha,1/2/2026,https://riyasewana.com/buy/suzuki-wagon-r-sale-gampaha-10986101,Recondition
14407,Car,Nissan,Roox Highway Star X,2025.0,8700000.0,100.0,Middeniya,1/2/2026,https://riyasewana.com/buy/nissan-roox-highway-sale-middeniya-10985071,Brand New
14428,Car,Daihatsu,Mira X LIMITED Safety,2024.0,6790000.0,2900.0,Matara,1/2/2026,https://riyasewana.com/buy/daihatsu-mira-x-sale-matara-10984707,Brand New
14429,Car,Suzuki,Wagon R FX Safety,2024.0,7090000.0,4094.0,Colombo,1/2/2026,https://riyasewana.com/buy/suzuki-wagon-r-sale-colombo-10984607,Brand New
14435,Car,Nissan,Roox,2024.0,8600000.0,3650.0,Kandy,1/2/2026,https://riyasewana.com/buy/nissan-roox-sale-kandy-10984529,Brand New
14443,Car,Suzuki,Spacia,2023.0,7520000.0,9680.0,Galle,1/2/2026,https://riyasewana.com/buy/suzuki-spacia-sale-galle-10984263,Recondition
14450,Car,Suzuki,WAGON R CUSTOM Z,2023.0,8275000.0,20000.0,Matara,1/2/2026,https://riyasewana.com/buy/suzuki-wagon-r-sale-matara-10984069,Recondition
14480,Car,Toyota,Roomy,2023.0,11100000.0,40000.0,Wennappuwa,1/2/2026,https://riyasewana.com/buy/toyota-roomy-sale-wennappuwa-10983107,Recondition
14531,Car,Toyota,Pixis Joy G Grade,2023.0,7600000.0,500.0,Kaduwela,1/1/2026,https://riyasewana.com/buy/toyota-pixis-joy-sale-kaduwela-10981238,Brand New
14569,Car,Honda,N Box Custom,2024.0,8800000.0,5000.0,Kegalle,1/1/2026,https://riyasewana.com/buy/honda-n-box-sale-kegalle-10980464,Recondition
14601,Car,Suzuki,Alto Japan,2024.0,6550000.0,8000.0,Gampaha,1/1/2026,https://riyasewana.com/buy/suzuki-alto-japan-sale-gampaha-10979625,Recondition
14608,Car,Suzuki,Hustler J Style,2024.0,7900000.0,3000.0,Kadawatha,1/1/2026,https://riyasewana.com/buy/suzuki-hustler-j-sale-kadawatha-10979362,Brand New
14615,Car,Toyota,Yaris,2023.0,9300000.0,10000.0,Welisara,1/1/2026,https://riyasewana.com/buy/toyota-yaris-sale-welisara-10979078,Recondition
14621,Car,Toyota,Roomy,2023.0,11325000.0,6200.0,Nugegoda,1/1/2026,https://riyasewana.com/buy/toyota-roomy-sale-nugegoda-10978766,Recondition
14646,Car,Suzuki,WAGON R,2025.0,8950000.0,18.0,Dehiwala-Mount-Lavinia,12/31/2025,https://riyasewana.com/buy/suzuki-wagon-r-sale-dehiwala-mount-lavinia-10977524,Brand New
14677,Car,Suzuki,Hustler,2025.0,8175000.0,750.0,Kurunegala,12/31/2025,https://riyasewana.com/buy/suzuki-hustler-sale-kurunegala-10976742,Brand New
14691,Car,Suzuki,Wagon R,2024.0,7600000.0,4000.0,Kandy,12/31/2025,https://riyasewana.com/buy/suzuki-wagon-r-sale-kandy-10976446,Brand New
14715,Car,Daihatsu,Taft G Chrome Venture,2024.0,8400000.0,6000.0,Gampaha,12/31/2025,https://riyasewana.com/buy/daihatsu-taft-g-sale-gampaha-10975701,Recondition
14718,Car,Suzuki,Spacia Custom GS Hybrid,2023.0,9000000.0,3800.0,Kiribathgoda,12/31/2025,https://riyasewana.com/buy/suzuki-spacia-custom-sale-kiribathgoda-10975643,Brand New
14746,Car,Toyota,Roomy G Grade,2023.0,9450000.0,40000.0,Gampaha,12/31/2025,https://riyasewana.com/buy/toyota-roomy-g-sale-gampaha-10974301,Recondition
14787,Car,Daihatsu,TAFT G Chrome TURBO,2024.0,8800000.0,3000.0,Gampaha,12/30/2025,https://riyasewana.com/buy/daihatsu-taft-g-sale-gampaha-10972530,Brand New
14790,Car,Toyota,Yaris G,2023.0,9900000.0,14000.0,Kurunegala,12/30/2025,https://riyasewana.com/buy/toyota-yaris-g-sale-kurunegala-10972468,Recondition
14794,Car,Suzuki,SPACIA,2024.0,9650000.0,2000.0,Kandy,12/30/2025,https://riyasewana.com/buy/suzuki-spacia-sale-kandy-10972312,Brand New
14803,Car,Toyota,Roomy Custom GT,2023.0,10600000.0,16000.0,Dehiwala-Mount-Lavinia,12/30/2025,https://riyasewana.com/buy/toyota-roomy-custom-sale-dehiwala-mount-lavinia-10972088,Recondition
14811,Car,Mitsubishi,EK X CROSS G Grade,2023.0,7950000.0,7000.0,Tangalle,12/30/2025,https://riyasewana.com/buy/mitsubishi-ek-x-sale-tangalle-10971983,Recondition
14823,Car,Daihatsu,Mira ES,2024.0,6525000.0,5000.0,Tangalle,12/30/2025,https://riyasewana.com/buy/daihatsu-mira-es-sale-tangalle-10971590,Recondition
14841,Car,Audi,A3 TFSI Advance,2023.0,18500000.0,24000.0,Matara,12/30/2025,https://riyasewana.com/buy/audi-a3-tfsi-sale-matara-10971243,Recondition
14845,Car,Suzuki,Alto L Safety,2024.0,6525000.0,7000.0,Negombo,12/30/2025,https://riyasewana.com/buy/suzuki-alto-l-sale-negombo-10971100,Recondition
14846,Car,Daihatsu,Mira ES,2023.0,6475000.0,3.0,Negombo,12/30/2025,https://riyasewana.com/buy/daihatsu-mira-es-sale-negombo-10971101,Brand New
14847,Car,Suzuki,Wagon R Custom Z,2023.0,7995000.0,26000.0,Negombo,12/30/2025,https://riyasewana.com/buy/suzuki-wagon-r-sale-negombo-10971102,Recondition
14852,Car,Daihatsu,Thor GT Turbo,2023.0,9875000.0,10000.0,Colombo,12/30/2025,https://riyasewana.com/buy/daihatsu-thor-gt-sale-colombo-10971000,Recondition
14926,Car,Suzuki,Carry 4WD,2023.0,5290000.0,1520.0,Kotte,12/29/2025,https://riyasewana.com/buy/suzuki-carry-4wd-sale-kotte-10968364,Brand New
14927,Car,Toyota,Yaris KSP 210,2024.0,10500000.0,13000.0,Kandy,12/29/2025,https://riyasewana.com/buy/toyota-yaris-ksp-sale-kandy-10968359,Recondition
14939,Car,Toyota,Yaris X GRADE,2023.0,9150000.0,26500.0,Bandarawela,12/29/2025,https://riyasewana.com/buy/toyota-yaris-x-sale-bandarawela-10968042,Recondition
14955,Car,Honda,N Box,2023.0,8450000.0,18000.0,Kandy,12/29/2025,https://riyasewana.com/buy/honda-n-box-sale-kandy-10967627,Recondition
14956,Car,Toyota,Roomy GT Turbo,2023.0,10490000.0,18000.0,Kandy,12/29/2025,https://riyasewana.com/buy/toyota-roomy-gt-sale-kandy-10967628,Recondition
14959,Car,Daihatsu,Mira L Limited,2025.0,6400000.0,500.0,Wennappuwa,12/29/2025,https://riyasewana.com/buy/daihatsu-mira-l-sale-wennappuwa-10967547,Brand New
14960,Car,Suzuki,Wagon R FX Safety,2024.0,7445000.0,6450.0,Kiribathgoda,12/29/2025,https://riyasewana.com/buy/suzuki-wagon-r-sale-kiribathgoda-10967540,Recondition
14976,Car,Daihatsu,Tanto Custom RS Turbo,2023.0,8350000.0,7100.0,Malabe,12/29/2025,https://riyasewana.com/buy/daihatsu-tanto-custom-sale-malabe-10967324,Recondition
14988,Car,Mitsubishi,Ek Wagon,2024.0,7140000.0,8100.0,Kegalle,12/29/2025,https://riyasewana.com/buy/mitsubishi-ek-wagon-sale-kegalle-10967091,Recondition
14995,Car,Honda,City,2024.0,14800000.0,8000.0,Colombo,12/29/2025,https://riyasewana.com/buy/honda-city-sale-colombo-10966799,Recondition
15013,Car,Daihatsu,Tanto X,2025.0,7500000.0,1000.0,Malabe,12/29/2025,https://riyasewana.com/buy/daihatsu-tanto-x-sale-malabe-10966392,Brand New
15014,Car,Suzuki,Wagon R Fx,2024.0,7850000.0,4000.0,Kandy,12/29/2025,https://riyasewana.com/buy/suzuki-wagon-r-sale-kandy-10966383,Brand New
15023,Car,Nissan,Almera VL CVT 1 0L Turbo,2025.0,13150000.0,17.0,Colombo,12/29/2025,https://riyasewana.com/buy/nissan-almera-vl-sale-colombo-10941128,Brand New
15033,Car,Nissan,Roox G TURBO HIGHWAY STAR PROPILOT,2023.0,8575000.0,15000.0,Colombo,12/29/2025,https://riyasewana.com/buy/nissan-roox-g-sale-colombo-10965955,Recondition
15076,Car,Suzuki,Wagon R Stingray,2023.0,8800000.0,7386.0,Kurunegala,12/29/2025,https://riyasewana.com/buy/suzuki-wagon-r-sale-kurunegala-10964718,Recondition
15081,Car,Toyota,Yaris Cross Z Premium Panoramic,2023.0,15650000.0,7000.0,Ja-Ela,12/29/2025,https://riyasewana.com/buy/toyota-yaris-cross-sale-ja-ela-10964402,Recondition
15083,Car,Daihatsu,Mira,2023.0,659000.0,4500.0,Malabe,12/29/2025,https://riyasewana.com/buy/daihatsu-mira-sale-malabe-10964329,Brand New
15106,Car,Daihatsu,Mira,2023.0,6300000.0,8700.0,Horana,12/28/2025,https://riyasewana.com/buy/daihatsu-mira-sale-horana-10963876,Recondition
15113,Car,Volkswagen,ID4,2024.0,25800000.0,25000.0,Kiribathgoda,12/28/2025,https://riyasewana.com/buy/volkswagen-id4-sale-kiribathgoda-10963739,Recondition
15117,Car,Daihatsu,Mira Es X Limited,2024.0,6850000.0,4600.0,Matara,12/28/2025,https://riyasewana.com/buy/daihatsu-mira-es-sale-matara-10963663,Brand New
15173,Car,Daihatsu,Mira Eis X,2024.0,7085000.0,329.0,Gampaha,12/28/2025,https://riyasewana.com/buy/daihatsu-mira-eis-sale-gampaha-10962037,Brand New
15208,Car,Toyota,ROOMY Custom G,2023.0,9950000.0,11000.0,Moratuwa,12/28/2025,https://riyasewana.com/buy/toyota-roomy-custom-sale-moratuwa-10961318,Recondition
15210,Car,Suzuki,Wagon R FX,2024.0,7950000.0,7500.0,Avissawella,12/28/2025,https://riyasewana.com/buy/suzuki-wagon-r-sale-avissawella-10961303,Recondition
15218,Car,Suzuki,Wagon R FX,2024.0,7900000.0,9000.0,Kandana,12/28/2025,https://riyasewana.com/buy/suzuki-wagon-r-sale-kandana-10961238,Recondition
15221,Car,Suzuki,Wagon R FX,2024.0,7975000.0,7000.0,Kuliyapitiya,12/28/2025,https://riyasewana.com/buy/suzuki-wagon-r-sale-kuliyapitiya-10961209,Recondition
15248,Car,Toyota,Roomy G Grade,2023.0,9250000.0,15400.0,Pannipitiya,12/28/2025,https://riyasewana.com/buy/toyota-roomy-g-sale-pannipitiya-10960591,Recondition
15253,Car,Toyota,Roomy G Grade,2023.0,9200000.0,29000.0,Pannipitiya,12/28/2025,https://riyasewana.com/buy/toyota-roomy-g-sale-pannipitiya-10960432,Recondition
15283,Car,Daihatsu,Taft G Chrome Venture,2024.0,8450000.0,3100.0,Kegalle,12/27/2025,https://riyasewana.com/buy/daihatsu-taft-g-sale-kegalle-10959112,Brand New
15303,Car,Daihatsu,Taft G Chrome,2023.0,7850000.0,10900.0,Colombo,12/27/2025,https://riyasewana.com/buy/daihatsu-taft-g-sale-colombo-10958702,Recondition
15319,Car,Daihatsu,Mira G Limited SA III,2024.0,7265000.0,1709.0,Tangalle,12/27/2025,https://riyasewana.com/buy/daihatsu-mira-g-sale-tangalle-10958304,Brand New
15321,Car,Toyota,Yaris,2024.0,9400000.0,9000.0,Welisara,12/27/2025,https://riyasewana.com/buy/toyota-yaris-sale-welisara-10958195,Recondition
15333,Car,Daihatsu,TAFT,2025.0,8000000.0,900.0,Kandy,12/27/2025,https://riyasewana.com/buy/daihatsu-taft-sale-kandy-10957935,Brand New
15347,Car,BYD,Dolphin Dynamic 70,2025.0,11650000.0,16000.0,Kesbewa,12/27/2025,https://riyasewana.com/buy/byd-dolphin-dynamic-sale-kesbewa-10957605,Recondition
15360,Car,Suzuki,Spacia Custom,2023.0,8750000.0,6400.0,Divulapitiya,12/27/2025,https://riyasewana.com/buy/suzuki-spacia-custom-sale-divulapitiya-10957277,Recondition
15367,Car,Toyota,Roomy GT Turbo,2024.0,10500000.0,9000.0,Colombo,12/27/2025,https://riyasewana.com/buy/toyota-roomy-gt-sale-colombo-10956955,Recondition
15369,Car,Suzuki,Alto Japan Safety,2023.0,6390000.0,4000.0,Divulapitiya,12/27/2025,https://riyasewana.com/buy/suzuki-alto-japan-sale-divulapitiya-10956940,Brand New
15387,Car,Daihatsu,Mira L Safety,2023.0,6390000.0,3400.0,Divulapitiya,12/27/2025,https://riyasewana.com/buy/daihatsu-mira-l-sale-divulapitiya-10956574,Brand New
15403,Car,Toyota,Yaris,2023.0,9450000.0,12000.0,Gampaha,12/27/2025,https://riyasewana.com/buy/toyota-yaris-sale-gampaha-10956156,Recondition
15405,Car,Suzuki,Wagon R FX Safety,2023.0,7150000.0,5500.0,Malabe,12/27/2025,https://riyasewana.com/buy/suzuki-wagon-r-sale-malabe-10956130,Recondition
15407,Car,Daihatsu,Mira Es X Limited,2024.0,6975000.0,1000.0,Wennappuwa,12/27/2025,https://riyasewana.com/buy/daihatsu-mira-es-sale-wennappuwa-10956085,Brand New
15414,Car,Nissan,Roox Highway Star X,2024.0,8350000.0,6653.0,Negombo,12/27/2025,https://riyasewana.com/buy/nissan-roox-highway-sale-negombo-10955957,Recondition
15415,Car,Suzuki,Wagon R Stingray,2024.0,8725000.0,4650.0,Negombo,12/27/2025,https://riyasewana.com/buy/suzuki-wagon-r-sale-negombo-10955959,Brand New
15427,Car,Suzuki,Wagon R,2024.0,7900000.0,9000.0,Kandana,12/27/2025,https://riyasewana.com/buy/suzuki-wagon-r-sale-kandana-10955822,Recondition
15453,Car,Toyota,Roomy,2023.0,9600000.0,13700.0,Kiribathgoda,12/27/2025,https://riyasewana.com/buy/toyota-roomy-sale-kiribathgoda-10954613,Recondition
15463,Car,Suzuki,Carry,2023.0,5650000.0,320.0,Kurunegala,12/27/2025,https://riyasewana.com/buy/suzuki-carry-sale-kurunegala-10954079,Brand New
15468,Car,Daihatsu,Taft G Grade,2024.0,8250000.0,30.0,Ragama,12/27/2025,https://riyasewana.com/buy/daihatsu-taft-g-sale-ragama-10953765,Brand New
15480,Car,Suzuki,Wagon R Custom Z,2025.0,8900000.0,340.0,Kurunegala,12/26/2025,https://riyasewana.com/buy/suzuki-wagon-r-sale-kurunegala-10953447,Brand New
15486,Car,Toyota,Roomy Custom GT Turbo,2024.0,11400000.0,8000.0,Kurunegala,12/26/2025,https://riyasewana.com/buy/toyota-roomy-custom-sale-kurunegala-10953269,Recondition
15495,Car,Toyota,Yaris X,2023.0,8950000.0,20000.0,Kurunegala,12/26/2025,https://riyasewana.com/buy/toyota-yaris-x-sale-kurunegala-10953194,Recondition
15549,Car,Toyota,Roomy Custom GT,2024.0,11250000.0,3600.0,Nugegoda,12/26/2025,https://riyasewana.com/buy/toyota-roomy-custom-sale-nugegoda-10951673,Brand New
15550,Car,Toyota,Yaris X,2025.0,9700000.0,200.0,Nugegoda,12/26/2025,https://riyasewana.com/buy/toyota-yaris-x-sale-nugegoda-10951618,Brand New
15555,Car,Suzuki,Wagon R FX Safety Hybrid,2024.0,7800000.0,2200.0,Kuliyapitiya,12/26/2025,https://riyasewana.com/buy/suzuki-wagon-r-sale-kuliyapitiya-10951471,Brand New
15566,Car,Nissan,Dayz,2024.0,8650000.0,6000.0,Boralesgamuwa,12/26/2025,https://riyasewana.com/buy/nissan-dayz-sale-boralesgamuwa-10950992,Recondition
15568,Car,Mitsubishi,Ek Wagon,2023.0,7190000.0,10000.0,Boralesgamuwa,12/26/2025,https://riyasewana.com/buy/mitsubishi-ek-wagon-sale-boralesgamuwa-10950982,Recondition
15576,Car,Toyota,ROOMY G TURBO,2023.0,9550000.0,19000.0,Malabe,12/26/2025,https://riyasewana.com/buy/toyota-roomy-g-sale-malabe-10950836,Recondition
15577,Car,Daihatsu,TAFT G MOON ROOF,2023.0,7850000.0,12000.0,Kotte,12/26/2025,https://riyasewana.com/buy/daihatsu-taft-g-sale-kotte-10950754,Recondition
15595,Car,Toyota,YariSXSafety,2024.0,8950000.0,46000.0,Colombo,12/26/2025,https://riyasewana.com/buy/toyota-yarisxsafety-sale-colombo-10950465,Recondition
15608,Car,Suzuki,Alto L Grade,2023.0,6575000.0,17000.0,Matale,12/26/2025,https://riyasewana.com/buy/suzuki-alto-l-sale-matale-10950011,Recondition
15646,Car,Suzuki,Wagon R FX,2024.0,7450000.0,7000.0,Dehiwala-Mount-Lavinia,12/25/2025,https://riyasewana.com/buy/suzuki-wagon-r-sale-dehiwala-mount-lavinia-10948480,Recondition
15692,Car,Daihatsu,Canbus Stripes G,2023.0,7690000.0,7000.0,Kurunegala,12/25/2025,https://riyasewana.com/buy/daihatsu-canbus-stripes-sale-kurunegala-10947218,Recondition
15693,Car,Nissan,Roox X,2023.0,7790000.0,17000.0,Kurunegala,12/25/2025,https://riyasewana.com/buy/nissan-roox-x-sale-kurunegala-10947202,Recondition
15694,Car,Toyota,Yaris G,2024.0,10190000.0,11000.0,Kurunegala,12/25/2025,https://riyasewana.com/buy/toyota-yaris-g-sale-kurunegala-10947182,Recondition
15710,Car,Suzuki,Spacia Custom Hybrid XS,2023.0,8900000.0,16000.0,Kalutara,12/25/2025,https://riyasewana.com/buy/suzuki-spacia-custom-sale-kalutara-10946857,Recondition
15749,Car,Suzuki,Wagon R Custom Z,2025.0,9190000.0,7.0,Ja-Ela,12/25/2025,https://riyasewana.com/buy/suzuki-wagon-r-sale-ja-ela-10945532,Brand New
15803,Car,Daihatsu,Mira,2024.0,6400000.0,2000.0,Colombo,12/24/2025,https://riyasewana.com/buy/daihatsu-mira-sale-colombo-10943889,Brand New
15820,Car,Suzuki,Wagon R FX Safety,2024.0,7300000.0,6300.0,Gampaha,12/24/2025,https://riyasewana.com/buy/suzuki-wagon-r-sale-gampaha-10943679,Recondition
15824,Car,Suzuki,Wagon R FX,2024.0,7295000.0,5700.0,Mirigama,12/24/2025,https://riyasewana.com/buy/suzuki-wagon-r-sale-mirigama-10943626,Recondition
15827,Car,Honda,N-Box Custom G,2025.0,8800000.0,6.0,Colombo,12/24/2025,https://riyasewana.com/buy/honda-n-box-custom-sale-colombo-10943496,Brand New
15841,Car,Suzuki,Wagon R Stingray,2024.0,8900000.0,1800.0,Dehiwala-Mount-Lavinia,12/24/2025,https://riyasewana.com/buy/suzuki-wagon-r-sale-dehiwala-mount-lavinia-10943223,Brand New
15846,Car,Daihatsu,Hijet Cargo,2023.0,7150000.0,17000.0,Matara,12/24/2025,https://riyasewana.com/buy/daihatsu-hijet-cargo-sale-matara-10943102,Recondition
15854,Car,Suzuki,Wagon R ZX,2024.0,8850000.0,1500.0,Ragama,12/24/2025,https://riyasewana.com/buy/suzuki-wagon-r-sale-ragama-10942959,Brand New
15855,Car,Toyota,Roomy,2023.0,8850000.0,8200.0,Kiribathgoda,12/24/2025,https://riyasewana.com/buy/toyota-roomy-sale-kiribathgoda-10942955,Recondition
15860,Car,Daihatsu,Taft,2024.0,8200000.0,6000.0,Ambalangoda,12/24/2025,https://riyasewana.com/buy/daihatsu-taft-sale-ambalangoda-10942714,Recondition
15871,Car,Suzuki,Wagon R,2024.0,7800000.0,3703.0,Colombo,12/24/2025,https://riyasewana.com/buy/suzuki-wagon-r-sale-colombo-10942470,Brand New
15910,Car,Suzuki,SPACIA CUSTOM XS TURBO,2024.0,9650000.0,400.0,Matale,12/24/2025,https://riyasewana.com/buy/suzuki-spacia-custom-sale-matale-10941158,Brand New
15917,Car,Toyota,ROOX,2023.0,9350000.0,12500.0,Gampaha,12/24/2025,https://riyasewana.com/buy/toyota-roox-sale-gampaha-10940586,Recondition
15918,Car,Toyota,WXB COROLLA,2023.0,17350000.0,3166.0,Gampaha,12/24/2025,https://riyasewana.com/buy/toyota-wxb-corolla-sale-gampaha-10940530,Brand New
15919,Car,Toyota,YARIS,2024.0,9550000.0,2700.0,Gampaha,12/24/2025,https://riyasewana.com/buy/toyota-yaris-sale-gampaha-10940466,Brand New
15960,Car,Suzuki,Wagon R ZX UPGRADE,2023.0,8650000.0,4000.0,Matara,12/23/2025,https://riyasewana.com/buy/suzuki-wagon-r-sale-matara-10939418,Brand New
15979,Car,Suzuki,Wagon R Custom Z,2023.0,8460000.0,27000.0,Matara,12/23/2025,https://riyasewana.com/buy/suzuki-wagon-r-sale-matara-10938919,Recondition
15982,Car,Suzuki,Wagon R FX Safety,2024.0,7160000.0,6000.0,Horana,12/23/2025,https://riyasewana.com/buy/suzuki-wagon-r-sale-horana-10938860,Recondition
15989,Car,Suzuki,Wagon R FX,2024.0,7390000.0,6400.0,Gampaha,12/23/2025,https://riyasewana.com/buy/suzuki-wagon-r-sale-gampaha-10938616,Recondition
16021,Car,Toyota,Yaris,2024.0,9350000.0,3500.0,Kaduwela,12/23/2025,https://riyasewana.com/buy/toyota-yaris-sale-kaduwela-10937707,Brand New
16029,Car,Daihatsu,Mira L Grade Safety,2023.0,6500000.0,8900.0,Matara,12/23/2025,https://riyasewana.com/buy/daihatsu-mira-l-sale-matara-10937514,Recondition
16032,Car,Daihatsu,Mira L Safety,2024.0,6400000.0,3100.0,Maharagama,12/23/2025,https://riyasewana.com/buy/daihatsu-mira-l-sale-maharagama-10937345,Brand New
16047,Car,Toyota,YARIS CROSS Z,2023.0,15950000.0,27500.0,Nittambuwa,12/23/2025,https://riyasewana.com/buy/toyota-yaris-cross-sale-nittambuwa-10936705,Recondition
16054,Car,Suzuki,WAGON R ZX CUSTOM,2024.0,8750000.0,10000.0,Matara,12/23/2025,https://riyasewana.com/buy/suzuki-wagon-r-sale-matara-10936382,Recondition
16056,Car,Suzuki,Wagon R FX,2023.0,7250000.0,4000.0,Matara,12/23/2025,https://riyasewana.com/buy/suzuki-wagon-r-sale-matara-10936139,Brand New
16057,Car,Daihatsu,Mira ES,2025.0,6900000.0,22.0,Gampaha,12/23/2025,https://riyasewana.com/buy/daihatsu-mira-es-sale-gampaha-10936094,Brand New
16075,Car,Honda,City RS 1.0L Turbo,2025.0,13790000.0,19.0,Colombo,12/22/2025,https://riyasewana.com/buy/honda-city-rs-sale-colombo-10935218,Brand New
16085,Car,Toyota,Yaris X Grade,2024.0,9350000.0,30500.0,Kurunegala,12/22/2025,https://riyasewana.com/buy/toyota-yaris-x-sale-kurunegala-10935030,Recondition
16124,Car,Nissan,ROOX X Pro Pilot,2025.0,9400000.0,870.0,Beruwala,12/22/2025,https://riyasewana.com/buy/nissan-roox-x-sale-beruwala-10934042,Brand New
16141,Car,Suzuki,Swift MZ Safety,2024.0,13200000.0,4800.0,Kadawatha,12/22/2025,https://riyasewana.com/buy/suzuki-swift-mz-sale-kadawatha-10933644,Brand New
16149,Car,Toyota,Roomy GT TURBO,2025.0,11450000.0,1.0,Colombo,12/22/2025,https://riyasewana.com/buy/toyota-roomy-gt-sale-colombo-10933395,Brand New
16159,Car,Suzuki,Wagon R Custom Z Hybrid ZX,2025.0,8750000.0,20.0,Pannipitiya,12/22/2025,https://riyasewana.com/buy/suzuki-wagon-r-sale-pannipitiya-10933206,Brand New
16165,Car,Daihatsu,Mira X SA3,2024.0,6800000.0,1929.0,Nugegoda,12/22/2025,https://riyasewana.com/buy/daihatsu-mira-x-sale-nugegoda-10933007,Brand New
16217,Car,Daihatsu,Mira Es Safety X Limited,2025.0,6990000.0,2000.0,Kadawatha,12/22/2025,https://riyasewana.com/buy/daihatsu-mira-es-sale-kadawatha-10930985,Brand New
16236,Car,Suzuki,Alto Japan,2024.0,6950000.0,6.0,Galle,12/21/2025,https://riyasewana.com/buy/suzuki-alto-japan-sale-galle-10930417,Brand New
16250,Car,Toyota,ROOMY,2023.0,10850000.0,8300.0,Gampaha,12/21/2025,https://riyasewana.com/buy/toyota-roomy-sale-gampaha-10929767,Recondition
16260,Car,Honda,N Box,2023.0,7300000.0,7500.0,Malabe,12/21/2025,https://riyasewana.com/buy/honda-n-box-sale-malabe-10929501,Recondition
16273,Car,Suzuki,Wagon R FX Safety,2025.0,6890000.0,1000.0,Kalutara,12/21/2025,https://riyasewana.com/buy/suzuki-wagon-r-sale-kalutara-10929167,Brand New
16291,Car,Toyota,Roomy Custom GT,2024.0,11450000.0,2710.0,Colombo,12/21/2025,https://riyasewana.com/buy/toyota-roomy-custom-sale-colombo-10928642,Brand New
16296,Car,Suzuki,Wagon R,2024.0,7490000.0,5600.0,Kottawa,12/21/2025,https://riyasewana.com/buy/suzuki-wagon-r-sale-kottawa-10928520,Recondition
16303,Car,Suzuki,Spacia Custom Turbo,2024.0,9875000.0,8000.0,Colombo,12/21/2025,https://riyasewana.com/buy/suzuki-spacia-custom-sale-colombo-10928287,Recondition
16304,Car,Honda,City Luxury SV,2023.0,13150000.0,9000.0,Colombo,12/21/2025,https://riyasewana.com/buy/honda-city-luxury-sale-colombo-10928288,Recondition
16305,Car,Suzuki,Carry Truck KC,2024.0,5190000.0,2000.0,Colombo,12/21/2025,https://riyasewana.com/buy/suzuki-carry-truck-sale-colombo-10928293,Brand New
16306,Car,Mazda,Spacia Custom Flair,2024.0,8975000.0,2000.0,Colombo,12/21/2025,https://riyasewana.com/buy/mazda-spacia-custom-sale-colombo-10928295,Brand New
16307,Car,Suzuki,Spacia Custom Z,2023.0,8775000.0,15000.0,Colombo,12/21/2025,https://riyasewana.com/buy/suzuki-spacia-custom-sale-colombo-10928307,Recondition
16338,Car,Suzuki,Wagon R FX Safety,2023.0,6990000.0,16000.0,Kottawa,12/21/2025,https://riyasewana.com/buy/suzuki-wagon-r-sale-kottawa-10927520,Recondition
16342,Car,Suzuki,Wagon R,2024.0,7250000.0,8000.0,Nittambuwa,12/21/2025,https://riyasewana.com/buy/suzuki-wagon-r-sale-nittambuwa-10927288,Recondition
16345,Car,Suzuki,Spacia G,2023.0,7650000.0,5000.0,Nittambuwa,12/21/2025,https://riyasewana.com/buy/suzuki-spacia-g-sale-nittambuwa-10927245,Recondition
16348,Car,Suzuki,Alto,2024.0,6930000.0,2270.0,Homagama,12/21/2025,https://riyasewana.com/buy/suzuki-alto-sale-homagama-10927124,Brand New
16349,Car,Daihatsu,Mirra G GRADE,2023.0,7600000.0,6192.0,Homagama,12/21/2025,https://riyasewana.com/buy/daihatsu-mirra-g-sale-homagama-10927126,Recondition
16351,Car,Nissan,Dayz Hightway Star Hybrid,2023.0,8600000.0,14531.0,Homagama,12/21/2025,https://riyasewana.com/buy/nissan-dayz-hightway-sale-homagama-10927128,Recondition
16352,Car,Suzuki,Alto Hybrid,2023.0,6575000.0,2300.0,Homagama,12/21/2025,https://riyasewana.com/buy/suzuki-alto-hybrid-sale-homagama-10927129,Brand New
16354,Car,Suzuki,WAGON R FX,2024.0,7350000.0,4000.0,Galle,12/21/2025,https://riyasewana.com/buy/suzuki-wagon-r-sale-galle-10927100,Brand New
16368,Car,Suzuki,Wagon R Custom Z,2025.0,8700000.0,317.0,Gampaha,12/21/2025,https://riyasewana.com/buy/suzuki-wagon-r-sale-gampaha-10926004,Brand New
16372,Car,Toyota,Roomy,2023.0,10890000.0,17000.0,Ambalangoda,12/21/2025,https://riyasewana.com/buy/toyota-roomy-sale-ambalangoda-10925421,Recondition
16400,Car,Suzuki,Wagon R Smile,2023.0,7750000.0,12585.0,Nugegoda,12/20/2025,https://riyasewana.com/buy/suzuki-wagon-r-sale-nugegoda-10924743,Recondition
16437,Car,Daihatsu,Mira X Limited,2023.0,6750000.0,5120.0,Matara,12/20/2025,https://riyasewana.com/buy/daihatsu-mira-x-sale-matara-10923778,Recondition
16445,Car,Suzuki,Spacia,2024.0,9300000.0,4200.0,Negombo,12/20/2025,https://riyasewana.com/buy/suzuki-spacia-sale-negombo-10923601,Brand New
16460,Car,Daihatsu,Tanto Custom RS Turbo,2024.0,8350000.0,16000.0,Malabe,12/20/2025,https://riyasewana.com/buy/daihatsu-tanto-custom-sale-malabe-10923143,Recondition
16461,Car,Toyota,Roomy Custom GT,2023.0,10250000.0,18800.0,Colombo,12/20/2025,https://riyasewana.com/buy/toyota-roomy-custom-sale-colombo-10923114,Recondition
16463,Car,Toyota,Yaris,2023.0,12700000.0,22068.0,Wattala,12/20/2025,https://riyasewana.com/buy/toyota-yaris-sale-wattala-10923050,Recondition
16468,Car,Daihatsu,Mira ES3,2024.0,6600000.0,4500.0,Kadawatha,12/20/2025,https://riyasewana.com/buy/daihatsu-mira-es3-sale-kadawatha-10922970,Brand New
16469,Car,Daihatsu,Mira,2024.0,6750000.0,3500.0,Mirigama,12/20/2025,https://riyasewana.com/buy/daihatsu-mira-sale-mirigama-10922963,Brand New
16474,Car,Toyota,Roomy Custom GT,2023.0,1000000.0,19500.0,Colombo,12/20/2025,https://riyasewana.com/buy/toyota-roomy-custom-sale-colombo-10922802,Recondition
16478,Car,Suzuki,Spacia Hybrid X,2024.0,8125000.0,6700.0,Colombo,12/20/2025,https://riyasewana.com/buy/suzuki-spacia-hybrid-sale-colombo-10922771,Recondition
16482,Car,Honda,N Box Custom L,2023.0,8875000.0,18000.0,Colombo,12/20/2025,https://riyasewana.com/buy/honda-n-box-sale-colombo-10922722,Recondition
16496,Car,Toyota,Axio WXB,2025.0,16295000.0,5600.0,Colombo,12/20/2025,https://riyasewana.com/buy/toyota-axio-wxb-sale-colombo-10922261,Recondition
16503,Car,Daihatsu,THOR,2024.0,10700000.0,300.0,Boralesgamuwa,12/20/2025,https://riyasewana.com/buy/daihatsu-thor-sale-boralesgamuwa-10922068,Brand New
16507,Car,Suzuki,Alto,2023.0,6300000.0,10890.0,Colombo,12/20/2025,https://riyasewana.com/buy/suzuki-alto-sale-colombo-10921940,Recondition
16513,Car,Daihatsu,Mira,2025.0,6650000.0,350.0,Piliyandala,12/20/2025,https://riyasewana.com/buy/daihatsu-mira-sale-piliyandala-10921779,Brand New
16555,Car,Nissan,Dayz Highway Star Pro Pilot,2023.0,7950000.0,17000.0,Ragama,12/20/2025,https://riyasewana.com/buy/nissan-dayz-highway-sale-ragama-10919641,Recondition
16556,Car,Nissan,Dayz Highway Star Pro Pilot,2023.0,7950000.0,4000.0,Ragama,12/20/2025,https://riyasewana.com/buy/nissan-dayz-highway-sale-ragama-10919638,Brand New
16570,Car,Suzuki,Alto Japan,2024.0,6650000.0,2560.0,Kaduwela,12/19/2025,https://riyasewana.com/buy/suzuki-alto-japan-sale-kaduwela-10919293,Brand New
16572,Car,Daihatsu,MIRA ES L,2025.0,6500000.0,3347.0,Kaduwela,12/19/2025,https://riyasewana.com/buy/daihatsu-mira-es-sale-kaduwela-10919289,Brand New
16586,Car,Daihatsu,TANTO,2023.0,7650000.0,17000.0,Kaduwela,12/19/2025,https://riyasewana.com/buy/daihatsu-tanto-sale-kaduwela-10918784,Recondition
16598,Car,Nissan,Roox Highway Star Pro Pilot,2023.0,8800000.0,21786.0,Kandy,12/19/2025,https://riyasewana.com/buy/nissan-roox-highway-sale-kandy-10918486,Recondition
16661,Car,Mitsubishi,Ek Wagon,2024.0,7335000.0,690.0,Ja-Ela,12/19/2025,https://riyasewana.com/buy/mitsubishi-ek-wagon-sale-ja-ela-10916548,Brand New
16666,Car,Daihatsu,Mira Es,2024.0,6450000.0,2800.0,Kottawa,12/19/2025,https://riyasewana.com/buy/daihatsu-mira-es-sale-kottawa-10916419,Brand New
16669,Car,Daihatsu,Mira SA3,2023.0,6650000.0,10000.0,Colombo,12/19/2025,https://riyasewana.com/buy/daihatsu-mira-sa3-sale-colombo-10916352,Recondition
16677,Car,Toyota,Roomy,2023.0,9190000.0,66.0,Kadawatha,12/19/2025,https://riyasewana.com/buy/toyota-roomy-sale-kadawatha-10916233,Brand New
16683,Car,MG,MG4,2024.0,16500000.0,200.0,Colombo,12/19/2025,https://riyasewana.com/buy/mg-mg4-sale-colombo-10915904,Brand New
16704,Car,Toyota,Roomy,2023.0,8550000.0,21000.0,Boralesgamuwa,12/19/2025,https://riyasewana.com/buy/toyota-roomy-sale-boralesgamuwa-10914851,Recondition
16721,Car,Suzuki,Wagon R FX Safety Edition,2024.0,7650000.0,4500.0,Kandana,12/18/2025,https://riyasewana.com/buy/suzuki-wagon-r-sale-kandana-10914361,Brand New
16724,Car,Toyota,Roomy,2023.0,9750000.0,32000.0,Kurunegala,12/18/2025,https://riyasewana.com/buy/toyota-roomy-sale-kurunegala-10914238,Recondition
16733,Car,Toyota,Roomy,2024.0,10600000.0,4500.0,Tangalle,12/18/2025,https://riyasewana.com/buy/toyota-roomy-sale-tangalle-10913968,Brand New
16754,Car,Honda,City RS Turbo,2025.0,13800000.0,39.0,Dehiwala-Mount-Lavinia,12/18/2025,https://riyasewana.com/buy/honda-city-rs-sale-dehiwala-mount-lavinia-10913434,Brand New
16755,Car,Honda,City RS Turbo,2025.0,13800000.0,34.0,Dehiwala-Mount-Lavinia,12/18/2025,https://riyasewana.com/buy/honda-city-rs-sale-dehiwala-mount-lavinia-10913435,Brand New
16799,Car,Honda,City Turbo,2025.0,14150000.0,2350.0,Kadawatha,12/18/2025,https://riyasewana.com/buy/honda-city-turbo-sale-kadawatha-10911980,Brand New
16817,Car,Daihatsu,Mira ES X Limited,2024.0,6990000.0,250.0,Gampaha,12/18/2025,https://riyasewana.com/buy/daihatsu-mira-es-sale-gampaha-10911208,Brand New
16825,Car,Honda,N Box,2025.0,8499999.0,800.0,Kuliyapitiya,12/18/2025,https://riyasewana.com/buy/honda-n-box-sale-kuliyapitiya-10910929,Brand New
16834,Car,Mitsubishi,EK-X,2023.0,8450000.0,4900.0,Battaramulla,12/18/2025,https://riyasewana.com/buy/mitsubishi-ek-x-sale-battaramulla-10910542,Brand New
16837,Car,Toyota,Roomy Custom G,2023.0,10350000.0,13815.0,Kelaniya,12/18/2025,https://riyasewana.com/buy/toyota-roomy-custom-sale-kelaniya-10910419,Recondition
16852,Car,Suzuki,Alto Japan Hybrid,2024.0,6850000.0,1600.0,Gampaha,12/17/2025,https://riyasewana.com/buy/suzuki-alto-japan-sale-gampaha-10909507,Brand New
16855,Car,Suzuki,Wagon R,2024.0,7300000.0,5500.0,Gampaha,12/17/2025,https://riyasewana.com/buy/suzuki-wagon-r-sale-gampaha-10909487,Recondition
16921,Car,Daihatsu,Mira X Grade,2024.0,6850000.0,2000.0,Piliyandala,12/17/2025,https://riyasewana.com/buy/daihatsu-mira-x-sale-piliyandala-10907689,Brand New
16931,Car,Toyota,Roomy,2023.0,11200000.0,12500.0,Galle,12/17/2025,https://riyasewana.com/buy/toyota-roomy-sale-galle-10907240,Recondition
16932,Car,Audi,Q4 E-tron,2024.0,28500000.0,900.0,Colombo,12/17/2025,https://riyasewana.com/buy/audi-q4-e-tron-sale-colombo-10907205,Brand New
16934,Car,Suzuki,Wagon R FX,2023.0,7000000.0,14000.0,Kadawatha,12/17/2025,https://riyasewana.com/buy/suzuki-wagon-r-sale-kadawatha-10907158,Recondition
16937,Car,Nissan,Aura G Leather Edition,2024.0,13495000.0,2000.0,Colombo,12/17/2025,https://riyasewana.com/buy/nissan-aura-g-sale-colombo-10907074,Brand New
16938,Car,Suzuki,Wagon R FX,2024.0,7650000.0,5300.0,Matara,12/17/2025,https://riyasewana.com/buy/suzuki-wagon-r-sale-matara-10907044,Recondition
16987,Car,Suzuki,Wagon R Custom Z,2025.0,8740000.0,50.0,Kandana,12/17/2025,https://riyasewana.com/buy/suzuki-wagon-r-sale-kandana-10904772,Brand New
16991,Car,Suzuki,Wagon R Custom Z Hybrid ZT Turbo Version,2024.0,8650000.0,2761.0,Kegalle,12/16/2025,https://riyasewana.com/buy/suzuki-wagon-r-sale-kegalle-10904720,Brand New
17048,Car,Suzuki,WAGON R FX,2024.0,7450000.0,38000.0,Moneragala,12/16/2025,https://riyasewana.com/buy/suzuki-wagon-r-sale-moneragala-10902697,Recondition
17067,Car,MG,MG4,2024.0,13000000.0,12900.0,Gampaha,12/16/2025,https://riyasewana.com/buy/mg-mg4-sale-gampaha-10902392,Recondition
17086,Car,Daihatsu,MIRA,2024.0,6650000.0,4000.0,Kurunegala,12/16/2025,https://riyasewana.com/buy/daihatsu-mira-sale-kurunegala-10901718,Brand New
17110,Car,Toyota,Yaris X Import,2024.0,8850000.0,5000.0,Colombo,12/16/2025,https://riyasewana.com/buy/toyota-yaris-x-sale-colombo-10900540,Recondition
17124,Car,Daihatsu,Mira,2023.0,6150000.0,30000.0,Colombo,12/16/2025,https://riyasewana.com/buy/daihatsu-mira-sale-colombo-10899962,Recondition
17125,Car,Honda,Wagon R Custom Z,2024.0,8750000.0,4300.0,Pannala,12/16/2025,https://riyasewana.com/buy/honda-wagon-r-sale-pannala-10899905,Brand New
17127,Car,Nissan,DAYZ G TURBO With Cruze Pro Pilot,2024.0,8900000.0,4000.0,Boralesgamuwa,12/15/2025,https://riyasewana.com/buy/nissan-dayz-g-sale-boralesgamuwa-10899842,Brand New
17156,Car,Daihatsu,Taft X Grade,2023.0,7950000.0,15000.0,Gampaha,12/15/2025,https://riyasewana.com/buy/daihatsu-taft-x-sale-gampaha-10899035,Recondition
17164,Car,Nissan,ROOX HIGHWAY STAR X S-Hybrid,2023.0,8690000.0,12500.0,Gampaha,12/15/2025,https://riyasewana.com/buy/nissan-roox-highway-sale-gampaha-10898751,Recondition
17196,Car,Mahindra,XUV 3XO AX7L,2025.0,12850000.0,4100.0,Colombo,12/15/2025,https://riyasewana.com/buy/mahindra-xuv-3xo-sale-colombo-10897666,Brand New
17200,Car,Nissan,Roox,2024.0,8800000.0,10000.0,Tangalle,12/15/2025,https://riyasewana.com/buy/nissan-roox-sale-tangalle-10897535,Recondition
17209,Car,Daihatsu,Taft,2023.0,8050000.0,3500.0,Colombo,12/15/2025,https://riyasewana.com/buy/daihatsu-taft-sale-colombo-10897178,Brand New
17210,Car,Nissan,Dayz,2023.0,7050000.0,7800.0,Minuwangoda,12/15/2025,https://riyasewana.com/buy/nissan-dayz-sale-minuwangoda-10897122,Recondition
17212,Car,Mazda,Carol,2023.0,6390000.0,11000.0,Minuwangoda,12/15/2025,https://riyasewana.com/buy/mazda-carol-sale-minuwangoda-10897056,Recondition
17225,Car,Daihatsu,Boon,2023.0,7600000.0,20000.0,Colombo,12/15/2025,https://riyasewana.com/buy/daihatsu-boon-sale-colombo-10896678,Recondition
17242,Car,Daihatsu,MIRA ES X LIMITED LED,2024.0,7190000.0,300.0,Matale,12/15/2025,https://riyasewana.com/buy/daihatsu-mira-es-sale-matale-10895844,Brand New
17270,Car,Audi,A3 Sportback S Line,2023.0,19225000.0,13500.0,Colombo,12/14/2025,https://riyasewana.com/buy/audi-a3-sportback-sale-colombo-10894524,Recondition
17272,Car,Suzuki,Wagon R FX,2024.0,7500000.0,8000.0,Embilipitiya,12/14/2025,https://riyasewana.com/buy/suzuki-wagon-r-sale-embilipitiya-10894444,Recondition
17299,Car,Honda,City,2025.0,13000000.0,11000.0,Colombo,12/14/2025,https://riyasewana.com/buy/honda-city-sale-colombo-10893588,Recondition
17317,Car,Suzuki,Wagon R ZX Custom,2025.0,8650000.0,23.0,Battaramulla,12/14/2025,https://riyasewana.com/buy/suzuki-wagon-r-sale-battaramulla-10893063,Brand New
17348,Car,Daihatsu,Tanto,2023.0,8250000.0,8400.0,Kiribathgoda,12/14/2025,https://riyasewana.com/buy/daihatsu-tanto-sale-kiribathgoda-10891814,Recondition
17373,Car,Nissan,Roox HIGHWAY STAR X,2024.0,8250000.0,2800.0,Colombo,12/14/2025,https://riyasewana.com/buy/nissan-roox-highway-sale-colombo-10890298,Brand New
17379,Car,Daihatsu,Mira,2024.0,7300000.0,900.0,Homagama,12/13/2025,https://riyasewana.com/buy/daihatsu-mira-sale-homagama-10890147,Brand New
17404,Car,Nissan,Dayz Highway Star Grade 6,2024.0,8250000.0,4400.0,Matara,12/13/2025,https://riyasewana.com/buy/nissan-dayz-highway-sale-matara-10889641,Brand New
17418,Car,Nissan,Roox Highway Star X Propilot,2023.0,8990000.0,22000.0,Gampaha,12/13/2025,https://riyasewana.com/buy/nissan-roox-highway-sale-gampaha-10889187,Recondition
17422,Car,Suzuki,Wagon R Custom ZX,2023.0,8350000.0,20000.0,Colombo,12/13/2025,https://riyasewana.com/buy/suzuki-wagon-r-sale-colombo-10889062,Recondition
17426,Car,Daihatsu,Mira X Limited,2024.0,6675000.0,250.0,Kalutara,12/13/2025,https://riyasewana.com/buy/daihatsu-mira-x-sale-kalutara-10888922,Brand New
17429,Car,Suzuki,Wagon R Fx,2024.0,7650000.0,32.0,Ampara,12/13/2025,https://riyasewana.com/buy/suzuki-wagon-r-sale-ampara-10888905,Brand New
17430,Car,Suzuki,Wagon R FX,2024.0,7150000.0,8761.0,Gampaha,12/13/2025,https://riyasewana.com/buy/suzuki-wagon-r-sale-gampaha-10888876,Recondition
17462,Car,Daihatsu,Mira Es,2023.0,6450000.0,6000.0,Kaduwela,12/13/2025,https://riyasewana.com/buy/daihatsu-mira-es-sale-kaduwela-10887721,Recondition
17479,Car,Nissan,Dayz Highway Star XS Hybrid,2024.0,8150000.0,7000.0,Ampara,12/13/2025,https://riyasewana.com/buy/nissan-dayz-highway-sale-ampara-10887273,Recondition
17489,Car,Toyota,Roomy Custom G Turbo,2025.0,11300000.0,300.0,Kandy,12/13/2025,https://riyasewana.com/buy/toyota-roomy-custom-sale-kandy-10886923,Brand New
17495,Car,Toyota,Roomy Custom GT Turbo,2025.0,11845000.0,3000.0,Colombo,12/13/2025,https://riyasewana.com/buy/toyota-roomy-custom-sale-colombo-10886522,Brand New
17557,Car,Suzuki,Alto,2023.0,5900000.0,6000.0,Homagama,12/12/2025,https://riyasewana.com/buy/suzuki-alto-sale-homagama-10883430,Recondition
17560,Car,Honda,N Box Custom L Turbo,2023.0,9000000.0,21000.0,Kottawa,12/12/2025,https://riyasewana.com/buy/honda-n-box-sale-kottawa-10883362,Recondition
17576,Car,Honda,N Box,2023.0,9100000.0,23000.0,Nugegoda,12/12/2025,https://riyasewana.com/buy/honda-n-box-sale-nugegoda-10882987,Recondition
17614,Car,Suzuki,Wagon R FX Safety,2024.0,7950000.0,4000.0,Kaduwela,12/12/2025,https://riyasewana.com/buy/suzuki-wagon-r-sale-kaduwela-10881993,Brand New
17623,Car,Toyota,Yaris,2024.0,10375000.0,6000.0,Colombo,12/12/2025,https://riyasewana.com/buy/toyota-yaris-sale-colombo-10881740,Recondition
17625,Car,Toyota,Roomy Custom,2025.0,9500000.0,322.0,Marawila,12/12/2025,https://riyasewana.com/buy/toyota-roomy-custom-sale-marawila-10881710,Brand New
17650,Car,Suzuki,Hustler G,2023.0,7590000.0,22000.0,Kurunegala,12/12/2025,https://riyasewana.com/buy/suzuki-hustler-g-sale-kurunegala-10880882,Recondition
17662,Car,Audi,A3 Advanced,2023.0,18800000.0,11500.0,Kiribathgoda,12/12/2025,https://riyasewana.com/buy/audi-a3-advanced-sale-kiribathgoda-10880446,Recondition
17678,Car,Suzuki,Alto Japan,2023.0,6600000.0,4000.0,Kalutara,12/11/2025,https://riyasewana.com/buy/suzuki-alto-japan-sale-kalutara-10879491,Brand New
17737,Car,Daihatsu,MIRA L LIMITED SA3 HATCHBACK,2023.0,6295000.0,6700.0,Colombo,12/11/2025,https://riyasewana.com/buy/daihatsu-mira-l-sale-colombo-10877356,Recondition
17747,Car,Honda,City,2025.0,13400000.0,50.0,Pannipitiya,12/11/2025,https://riyasewana.com/buy/honda-city-sale-pannipitiya-10877077,Brand New
17750,Car,Toyota,Yaris G LED Safety Plus,2025.0,11450000.0,35.0,Colombo,12/11/2025,https://riyasewana.com/buy/toyota-yaris-g-sale-colombo-10877053,Brand New
17833,Car,Suzuki,HUSTLER J STYLE,2024.0,8600000.0,9800.0,Battaramulla,12/10/2025,https://riyasewana.com/buy/suzuki-hustler-j-sale-battaramulla-10873931,Recondition
17835,Car,Honda,City RS Turbo,2025.0,14600000.0,11.0,Colombo,12/10/2025,https://riyasewana.com/buy/honda-city-rs-sale-colombo-10873882,Brand New
17840,Car,Suzuki,Wagon R FX Safety,2025.0,7500000.0,5150.0,Nugegoda,12/10/2025,https://riyasewana.com/buy/suzuki-wagon-r-sale-nugegoda-10873728,Recondition
17845,Car,Nissan,DAYZ Highway Star X Propilot Edition,2025.0,10500000.0,250.0,Pannipitiya,12/10/2025,https://riyasewana.com/buy/nissan-dayz-highway-sale-pannipitiya-10873647,Brand New
17860,Car,Suzuki,WAGON R FX SAFETY,2024.0,7125000.0,13400.0,Veyangoda,12/10/2025,https://riyasewana.com/buy/suzuki-wagon-r-sale-veyangoda-10873062,Recondition
17861,Car,Nissan,DAZY HIGH WAY STAR X,2023.0,7625000.0,41600.0,Veyangoda,12/10/2025,https://riyasewana.com/buy/nissan-dazy-high-sale-veyangoda-10873000,Recondition
17863,Car,Suzuki,WAGON R CUSTOM Z,2024.0,9290000.0,1000.0,Gampaha,12/10/2025,https://riyasewana.com/buy/suzuki-wagon-r-sale-gampaha-10872888,Brand New
17877,Car,Daihatsu,Taft G Chrome Venture,2023.0,7700000.0,6000.0,Kelaniya,12/10/2025,https://riyasewana.com/buy/daihatsu-taft-g-sale-kelaniya-10872292,Recondition
17887,Car,Mitsubishi,EK Wagon,2023.0,7100000.0,15000.0,Kurunegala,12/10/2025,https://riyasewana.com/buy/mitsubishi-ek-wagon-sale-kurunegala-10871935,Recondition
17896,Car,Toyota,Roomy G,2023.0,9700000.0,7000.0,Colombo,12/10/2025,https://riyasewana.com/buy/toyota-roomy-g-sale-colombo-10871704,Recondition
17922,Car,Daihatsu,TAFT G Chrome Venture,2024.0,8685000.0,2000.0,Homagama,12/9/2025,https://riyasewana.com/buy/daihatsu-taft-g-sale-homagama-10870585,Brand New
17928,Car,Daihatsu,Mira ES SA III L Grade,2024.0,6425000.0,7100.0,Anuradapura,12/9/2025,https://riyasewana.com/buy/daihatsu-mira-es-sale-anuradapura-10870368,Recondition
17929,Car,Suzuki,Wagon R ZX,2024.0,8450000.0,2300.0,Gampaha,12/9/2025,https://riyasewana.com/buy/suzuki-wagon-r-sale-gampaha-10870315,Brand New
17958,Car,Suzuki,Wagon R FX Safety,2024.0,7390000.0,6000.0,Negombo,12/9/2025,https://riyasewana.com/buy/suzuki-wagon-r-sale-negombo-10869313,Recondition
17988,Car,Toyota,Raize Z Grade Apple Carplay,2024.0,12975000.0,3000.0,Nugegoda,12/9/2025,https://riyasewana.com/buy/toyota-raize-z-sale-nugegoda-10868221,Brand New
17995,Car,Suzuki,Wagon R Fx,2024.0,7325000.0,8200.0,Nittambuwa,12/9/2025,https://riyasewana.com/buy/suzuki-wagon-r-sale-nittambuwa-10867952,Recondition
17999,Car,Suzuki,Wagon R SMILE,2024.0,7785000.0,6500.0,Kandana,12/9/2025,https://riyasewana.com/buy/suzuki-wagon-r-sale-kandana-10867902,Recondition
18046,Car,Daihatsu,MIRA,2024.0,6950000.0,500.0,Kadawatha,12/8/2025,https://riyasewana.com/buy/daihatsu-mira-sale-kadawatha-10865314,Brand New
18061,Car,Suzuki,Spacia Hybrid X,2024.0,7900000.0,14000.0,Kandy,12/8/2025,https://riyasewana.com/buy/suzuki-spacia-hybrid-sale-kandy-10864873,Recondition
18062,Car,Suzuki,Carry,2023.0,5500000.0,2800.0,Kandy,12/8/2025,https://riyasewana.com/buy/suzuki-carry-sale-kandy-10864828,Brand New
18068,Car,Suzuki,Hustler G,2024.0,7850000.0,6000.0,Kaduwela,12/8/2025,https://riyasewana.com/buy/suzuki-hustler-g-sale-kaduwela-10864798,Recondition
18073,Car,Honda,N BOX,2023.0,7500000.0,11000.0,Colombo,12/8/2025,https://riyasewana.com/buy/honda-n-box-sale-colombo-10864652,Recondition
18076,Car,Mitsubishi,EK X,2024.0,8450000.0,10000.0,Kaduwela,12/8/2025,https://riyasewana.com/buy/mitsubishi-ek-x-sale-kaduwela-10864641,Recondition
18084,Car,Nissan,Roox,2024.0,8100000.0,3000.0,Kaduwela,12/8/2025,https://riyasewana.com/buy/nissan-roox-sale-kaduwela-10864342,Brand New
18086,Car,Suzuki,Wagon R FX Safety,2024.0,7325000.0,565.0,Colombo,12/8/2025,https://riyasewana.com/buy/suzuki-wagon-r-sale-colombo-10864262,Brand New
18090,Car,Nissan,Dayz X Highway Star Pro Pilot,2024.0,1495000.0,1.0,Kandana,12/8/2025,https://riyasewana.com/buy/nissan-dayz-x-sale-kandana-10864113,Brand New
18109,Car,Suzuki,Spacia,2024.0,9200000.0,600.0,Colombo,12/8/2025,https://riyasewana.com/buy/suzuki-spacia-sale-colombo-10863396,Brand New
18115,Car,Suzuki,Wagon R Custom Z,2023.0,8250000.0,3000.0,Gampaha,12/8/2025,https://riyasewana.com/buy/suzuki-wagon-r-sale-gampaha-10863193,Brand New
18117,Car,Daihatsu,TAFT G Chrome Venture,2025.0,8550000.0,4000.0,Battaramulla,12/8/2025,https://riyasewana.com/buy/daihatsu-taft-g-sale-battaramulla-10863112,Brand New
18153,Car,MG,4 I Smart,2024.0,13200000.0,13000.0,Embilipitiya,12/7/2025,https://riyasewana.com/buy/mg-4-i-sale-embilipitiya-10861261,Recondition
18165,Car,Daihatsu,Taft,2025.0,8000000.0,1700.0,Kurunegala,12/7/2025,https://riyasewana.com/buy/daihatsu-taft-sale-kurunegala-10860821,Brand New
18173,Car,Suzuki,ALTO L,2024.0,6600000.0,1000.0,Katunayake,12/7/2025,https://riyasewana.com/buy/suzuki-alto-l-sale-katunayake-10860379,Brand New
18174,Car,Nissan,G TURBO,2023.0,8600000.0,5000.0,Katunayake,12/7/2025,https://riyasewana.com/buy/nissan-g-turbo-sale-katunayake-10860380,Recondition
18176,Car,Daihatsu,DARK CROME VENTURE,2024.0,8600000.0,4000.0,Katunayake,12/7/2025,https://riyasewana.com/buy/daihatsu-dark-crome-sale-katunayake-10860383,Brand New
18180,Car,Suzuki,Wagon R Fx Safety,2024.0,6800000.0,5000.0,Anuradapura,12/7/2025,https://riyasewana.com/buy/suzuki-wagon-r-sale-anuradapura-10860210,Recondition
18181,Car,Daihatsu,Mira Pixis,2023.0,6850000.0,3000.0,Kadawatha,12/7/2025,https://riyasewana.com/buy/daihatsu-mira-pixis-sale-kadawatha-10860180,Brand New
18197,Car,Suzuki,Spacia Custom Hybrid XS,2024.0,9950000.0,12000.0,Hikkaduwa,12/7/2025,https://riyasewana.com/buy/suzuki-spacia-custom-sale-hikkaduwa-10859618,Recondition
18211,Car,Nissan,N16 Super Saloon,2023.0,5000000.0,180000.0,Vavuniya,12/7/2025,https://riyasewana.com/buy/nissan-n16-super-sale-vavuniya-10859142,Used
18212,Car,Toyota,Roomy Custom G,2023.0,10300000.0,4300.0,Kandy,12/7/2025,https://riyasewana.com/buy/toyota-roomy-custom-sale-kandy-10859136,Brand New
18228,Car,Daihatsu,Mira Es,2024.0,6585000.0,2600.0,Nittambuwa,12/7/2025,https://riyasewana.com/buy/daihatsu-mira-es-sale-nittambuwa-10858428,Brand New
18230,Car,Suzuki,Wagon R Safety,2024.0,7350000.0,4500.0,Galle,12/7/2025,https://riyasewana.com/buy/suzuki-wagon-r-sale-galle-10858403,Brand New
18240,Car,Mitsubishi,EK X Hybrid,2023.0,8350000.0,9000.0,Ragama,12/7/2025,https://riyasewana.com/buy/mitsubishi-ek-x-sale-ragama-10857883,Recondition
18245,Car,Daihatsu,MIRA X Limited,2024.0,6975000.0,3000.0,Galle,12/7/2025,https://riyasewana.com/buy/daihatsu-mira-x-sale-galle-10857554,Brand New
18313,Car,Suzuki,Wagon R Custom ZX,2025.0,8850000.0,18.0,Kurunegala,12/6/2025,https://riyasewana.com/buy/suzuki-wagon-r-sale-kurunegala-10855313,Brand New
18322,Car,Nissan,Dayz Highway Star,2024.0,8200000.0,200.0,Kurunegala,12/6/2025,https://riyasewana.com/buy/nissan-dayz-highway-sale-kurunegala-10855048,Brand New
18330,Car,Suzuki,Wagon R Custom Zx,2023.0,8450000.0,19750.0,Kadawatha,12/6/2025,https://riyasewana.com/buy/suzuki-wagon-r-sale-kadawatha-10854773,Recondition
18331,Car,Suzuki,Spacia Hybrid,2025.0,8300000.0,838.0,Kottawa,12/6/2025,https://riyasewana.com/buy/suzuki-spacia-hybrid-sale-kottawa-10854750,Brand New
18352,Car,Suzuki,Wagon R Customs Z,2025.0,8800000.0,300.0,Ragama,12/6/2025,https://riyasewana.com/buy/suzuki-wagon-r-sale-ragama-10853656,Brand New
18374,Car,Daihatsu,Move,2023.0,7250000.0,4600.0,Kurunegala,12/6/2025,https://riyasewana.com/buy/daihatsu-move-sale-kurunegala-10852388,Brand New
18403,Car,Suzuki,Wagon R FX,2024.0,7600000.0,1733.0,Kiribathgoda,12/5/2025,https://riyasewana.com/buy/suzuki-wagon-r-sale-kiribathgoda-10850978,Brand New
18409,Car,Daihatsu,Taft G Dark Chrome Venture,2023.0,8450000.0,17.0,Dehiwala-Mount-Lavinia,12/5/2025,https://riyasewana.com/buy/daihatsu-taft-g-sale-dehiwala-mount-lavinia-10850798,Brand New
18421,Car,Daihatsu,Taft G,2023.0,8200000.0,4000.0,Kurunegala,12/5/2025,https://riyasewana.com/buy/daihatsu-taft-g-sale-kurunegala-10850364,Brand New
18423,Car,Toyota,Raiz Z,2023.0,13450000.0,25000.0,Kurunegala,12/5/2025,https://riyasewana.com/buy/toyota-raiz-z-sale-kurunegala-10850337,Recondition
18424,Car,Toyota,Raiz Z,2023.0,13200000.0,3500.0,Kurunegala,12/5/2025,https://riyasewana.com/buy/toyota-raiz-z-sale-kurunegala-10850298,Brand New
18434,Car,Daihatsu,Mira G Auction S AA,2025.0,7495000.0,20.0,Ragama,12/5/2025,https://riyasewana.com/buy/daihatsu-mira-g-sale-ragama-10849792,Brand New
18448,Car,Daihatsu,Mira,2024.0,7000000.0,6087.0,Matugama,12/5/2025,https://riyasewana.com/buy/daihatsu-mira-sale-matugama-10849161,Recondition
18485,Car,Audi,A3 S Line,2023.0,23500000.0,13000.0,Colombo,12/4/2025,https://riyasewana.com/buy/audi-a3-s-sale-colombo-10847123,Recondition
18509,Car,Toyota,Yaris X,2023.0,9400000.0,19000.0,Colombo,12/4/2025,https://riyasewana.com/buy/toyota-yaris-x-sale-colombo-10846544,Recondition
18517,Car,Suzuki,Wagon R Fx Safety,2024.0,7750000.0,5000.0,Marawila,12/4/2025,https://riyasewana.com/buy/suzuki-wagon-r-sale-marawila-10846373,Recondition
18521,Car,Honda,City RS,2025.0,13950000.0,20.0,Boralesgamuwa,12/4/2025,https://riyasewana.com/buy/honda-city-rs-sale-boralesgamuwa-10846216,Brand New
18524,Car,Nissan,ROOX Highway Star G Turbo Propilot,2025.0,9350000.0,900.0,Kegalle,12/4/2025,https://riyasewana.com/buy/nissan-roox-highway-sale-kegalle-10846187,Brand New
18534,Car,Daihatsu,Mira,2023.0,7195000.0,10500.0,Colombo,12/4/2025,https://riyasewana.com/buy/daihatsu-mira-sale-colombo-10845937,Recondition
18535,Car,Suzuki,WAGON R FX,2023.0,7225000.0,7000.0,Ambalangoda,12/4/2025,https://riyasewana.com/buy/suzuki-wagon-r-sale-ambalangoda-10845934,Recondition
18564,Car,Suzuki,Wagon R FZ,2024.0,8650000.0,1700.0,Anuradapura,12/4/2025,https://riyasewana.com/buy/suzuki-wagon-r-sale-anuradapura-10844997,Brand New
18579,Car,Daihatsu,Mira L SA3 660cc Import,2023.0,6100000.0,10000.0,Batticaloa,12/4/2025,https://riyasewana.com/buy/daihatsu-mira-l-sale-batticaloa-10844493,Recondition
18580,Car,Daihatsu,Mira ES L Grade,2023.0,6300000.0,19000.0,Colombo,12/4/2025,https://riyasewana.com/buy/daihatsu-mira-es-sale-colombo-10844460,Recondition
18584,Car,Daihatsu,MIRA L Safety,2024.0,6490000.0,4000.0,Colombo,12/4/2025,https://riyasewana.com/buy/daihatsu-mira-l-sale-colombo-10844348,Brand New
18597,Car,Suzuki,Wagon R,2024.0,7325000.0,3600.0,Horana,12/4/2025,https://riyasewana.com/buy/suzuki-wagon-r-sale-horana-10843065,Brand New
18602,Car,Volkswagen,T Cross,2023.0,15500000.0,11800.0,Colombo,12/3/2025,https://riyasewana.com/buy/volkswagen-t-cross-sale-colombo-10842959,Recondition
18644,Car,Daihatsu,TAFT G CHROME VENTURE,2024.0,8350000.0,4230.0,Colombo,12/3/2025,https://riyasewana.com/buy/daihatsu-taft-g-sale-colombo-10841091,Brand New
18651,Car,Suzuki,Carry,2023.0,4850000.0,5885.0,Batticaloa,12/3/2025,https://riyasewana.com/buy/suzuki-carry-sale-batticaloa-10840518,Recondition
18667,Car,Suzuki,WAGON R CUSTOM Z HV ZX,2025.0,8500000.0,1500.0,Moneragala,12/3/2025,https://riyasewana.com/buy/suzuki-wagon-r-sale-moneragala-10839392,Brand New
18672,Car,Suzuki,ALTO HYBRID,2023.0,6690000.0,5500.0,Matara,12/2/2025,https://riyasewana.com/buy/suzuki-alto-hybrid-sale-matara-10839094,Recondition
18683,Car,Audi,A3 Advanced,2023.0,19450000.0,11500.0,Kiribathgoda,12/2/2025,https://riyasewana.com/buy/audi-a3-advanced-sale-kiribathgoda-10838869,Recondition
18688,Car,Suzuki,Wagon R Custom Z ZX,2025.0,8680000.0,89.0,Dankotuwa,12/2/2025,https://riyasewana.com/buy/suzuki-wagon-r-sale-dankotuwa-10838725,Brand New
18709,Car,Suzuki,Wagon R Fx,2024.0,7450000.0,2800.0,Tangalle,12/2/2025,https://riyasewana.com/buy/suzuki-wagon-r-sale-tangalle-10837990,Brand New
18724,Car,Suzuki,Wagon R Custom Z,2024.0,8400000.0,328.0,Homagama,12/2/2025,https://riyasewana.com/buy/suzuki-wagon-r-sale-homagama-10837404,Brand New
18734,Car,Mitsubishi,EK WAGON,2023.0,7375000.0,3500.0,Kadawatha,12/2/2025,https://riyasewana.com/buy/mitsubishi-ek-wagon-sale-kadawatha-10836330,Brand New
18736,Car,Suzuki,Spacia Custom XS,2023.0,9900000.0,5000.0,Ambalangoda,12/2/2025,https://riyasewana.com/buy/suzuki-spacia-custom-sale-ambalangoda-10836069,Recondition
18751,Car,Daihatsu,THOR ROOMY,2023.0,8975000.0,10000.0,Colombo,12/1/2025,https://riyasewana.com/buy/daihatsu-thor-roomy-sale-colombo-10835305,Recondition
18757,Car,Suzuki,Alto HA97S Hybrid S,2023.0,6350000.0,4700.0,Batticaloa,12/1/2025,https://riyasewana.com/buy/suzuki-alto-ha97s-sale-batticaloa-10835176,Brand New
18763,Car,Nissan,Aura 90th Anniversary,2025.0,14395000.0,900.0,Colombo,12/1/2025,https://riyasewana.com/buy/nissan-aura-90th-sale-colombo-10834622,Brand New
18766,Car,Suzuki,Wagon R FX,2023.0,7500000.0,2040.0,Piliyandala,12/1/2025,https://riyasewana.com/buy/suzuki-wagon-r-sale-piliyandala-10834451,Brand New
18767,Car,Suzuki,Wagon R,2023.0,7500000.0,2500.0,Piliyandala,12/1/2025,https://riyasewana.com/buy/suzuki-wagon-r-sale-piliyandala-10834443,Brand New
18790,Car,Toyota,Yaris,2023.0,10550000.0,9000.0,Kurunegala,12/1/2025,https://riyasewana.com/buy/toyota-yaris-sale-kurunegala-10833842,Recondition
18816,Car,Toyota,Yaris X,2023.0,9000000.0,400000.0,Moratuwa,12/1/2025,https://riyasewana.com/buy/toyota-yaris-x-sale-moratuwa-10832900,Used
18830,Car,Audi,A3 Advance,2024.0,20500000.0,17000.0,Dehiwala-Mount-Lavinia,11/30/2025,https://riyasewana.com/buy/audi-a3-advance-sale-dehiwala-mount-lavinia-10832233,Recondition
18844,Car,Toyota,YARIS X GRADE,2023.0,9650000.0,24550.0,Matugama,11/30/2025,https://riyasewana.com/buy/toyota-yaris-x-sale-matugama-10831788,Recondition
18845,Car,Toyota,Roomy GT Safety Turbo,2023.0,9750000.0,7850.0,Pannipitiya,11/30/2025,https://riyasewana.com/buy/toyota-roomy-gt-sale-pannipitiya-10831635,Recondition
18879,Car,Toyota,Yaris X,2023.0,8750000.0,44000.0,Batticaloa,11/29/2025,https://riyasewana.com/buy/toyota-yaris-x-sale-batticaloa-10829789,Recondition
18900,Car,Suzuki,WAGON R CUSTOM Z ZX,2024.0,8500000.0,1892.0,Divulapitiya,11/29/2025,https://riyasewana.com/buy/suzuki-wagon-r-sale-divulapitiya-10829230,Brand New
18901,Car,Other,BAW E7,2025.0,4800000.0,586.0,Gampaha,11/29/2025,https://riyasewana.com/buy/other-baw-e7-sale-gampaha-10829225,Brand New
18912,Car,Suzuki,Spacia Custom XS Turbo,2023.0,9500000.0,9000.0,Matara,11/29/2025,https://riyasewana.com/buy/suzuki-spacia-custom-sale-matara-10828778,Recondition
18915,Car,Nissan,Dayz Highway Star PrPilot,2024.0,8950000.0,300.0,Kadawatha,11/29/2025,https://riyasewana.com/buy/nissan-dayz-highway-sale-kadawatha-10828654,Brand New
18928,Car,Daihatsu,TAFT G MOON ROOF,2024.0,8250000.0,2000.0,Homagama,11/29/2025,https://riyasewana.com/buy/daihatsu-taft-g-sale-homagama-10827980,Brand New
18937,Car,Suzuki,Wagon R Stingray,2025.0,5500000.0,285000.0,Kalutara,11/28/2025,https://riyasewana.com/buy/suzuki-wagon-r-sale-kalutara-10827634,Used
18954,Car,Tesla,Model Y,2023.0,25000000.0,7000.0,Colombo,11/28/2025,https://riyasewana.com/buy/tesla-model-y-sale-colombo-10694229,Recondition
18965,Car,Suzuki,Wagon Z Custom T,2024.0,9450000.0,3000.0,Kurunegala,11/28/2025,https://riyasewana.com/buy/suzuki-wagon-z-sale-kurunegala-10827046,Brand New
18982,Car,Daihatsu,Mira X Grade,2024.0,6850000.0,2000.0,Piliyandala,11/27/2025,https://riyasewana.com/buy/daihatsu-mira-x-sale-piliyandala-10826409,Brand New
18989,Car,Mitsubishi,Ek Wagon Cross Grade G,2024.0,8500000.0,2850.0,Ratnapura,11/27/2025,https://riyasewana.com/buy/mitsubishi-ek-wagon-sale-ratnapura-10826197,Brand New
18995,Car,Suzuki,Wagon R,2025.0,8950000.0,300.0,Kegalle,11/27/2025,https://riyasewana.com/buy/suzuki-wagon-r-sale-kegalle-10826009,Brand New
18996,Car,Toyota,Roomy Custom Gt,2024.0,11450000.0,4000.0,Kurunegala,11/27/2025,https://riyasewana.com/buy/toyota-roomy-custom-sale-kurunegala-10825986,Brand New
19005,Car,Honda,CITY RS TURBO,2025.0,14000000.0,24.0,Kadawatha,11/27/2025,https://riyasewana.com/buy/honda-city-rs-sale-kadawatha-10825761,Brand New
19028,Car,Suzuki,Spacia Xs Custom Turbo,2024.0,9400000.0,5000.0,Kandy,11/27/2025,https://riyasewana.com/buy/suzuki-spacia-xs-sale-kandy-10825115,Recondition
19049,Car,Suzuki,Spacia XS,2025.0,9825000.0,50.0,Nugegoda,11/27/2025,https://riyasewana.com/buy/suzuki-spacia-xs-sale-nugegoda-10824486,Brand New
19061,Car,Suzuki,SPACIA CUSTOM TURBO,2025.0,10250000.0,12.0,Colombo,11/27/2025,https://riyasewana.com/buy/suzuki-spacia-custom-sale-colombo-10823369,Brand New
19071,Car,Daihatsu,TAFT G MOON ROOF,2024.0,7950000.0,5000.0,Homagama,11/27/2025,https://riyasewana.com/buy/daihatsu-taft-g-sale-homagama-10823110,Recondition
19073,Car,Suzuki,Spacia,2023.0,9500000.0,16000.0,Colombo,11/27/2025,https://riyasewana.com/buy/suzuki-spacia-sale-colombo-10823097,Recondition
19092,Car,Nissan,DAYZ Highway Star G Turbo Hybrid,2023.0,8150000.0,13500.0,Colombo,11/26/2025,https://riyasewana.com/buy/nissan-dayz-highway-sale-colombo-10822597,Recondition
19117,Car,Suzuki,WAGON R Custom Z HYBRID ZX,2024.0,8300000.0,3000.0,Piliyandala,11/26/2025,https://riyasewana.com/buy/suzuki-wagon-r-sale-piliyandala-10821862,Brand New
19121,Car,Suzuki,Wagon R Fx Safety,2024.0,7500000.0,2000.0,Kadawatha,11/26/2025,https://riyasewana.com/buy/suzuki-wagon-r-sale-kadawatha-10821739,Brand New
19151,Car,Suzuki,Alto Japan,2024.0,6900000.0,2560.0,Kaduwela,11/26/2025,https://riyasewana.com/buy/suzuki-alto-japan-sale-kaduwela-10820968,Brand New
19152,Car,Daihatsu,MIRA ES L,2024.0,6900000.0,3347.0,Kaduwela,11/26/2025,https://riyasewana.com/buy/daihatsu-mira-es-sale-kaduwela-10820943,Brand New
19174,Car,Suzuki,Alto Japan,2023.0,6500000.0,8000.0,Kurunegala,11/26/2025,https://riyasewana.com/buy/suzuki-alto-japan-sale-kurunegala-10820389,Recondition
19177,Car,Suzuki,Wagon R Fx Hybrid,2024.0,7900000.0,10000.0,Dehiwala-Mount-Lavinia,11/26/2025,https://riyasewana.com/buy/suzuki-wagon-r-sale-dehiwala-mount-lavinia-10820307,Recondition
19180,Car,Suzuki,Cary,2023.0,5150000.0,7600.0,Kadawatha,11/26/2025,https://riyasewana.com/buy/suzuki-cary-sale-kadawatha-10820256,Recondition
19190,Car,Honda,N Box Custom,2023.0,8625000.0,37000.0,Maharagama,11/26/2025,https://riyasewana.com/buy/honda-n-box-sale-maharagama-10819861,Recondition
19201,Car,Toyota,Yaris G Grade,2023.0,10475000.0,10000.0,Colombo,11/26/2025,https://riyasewana.com/buy/toyota-yaris-g-sale-colombo-10819391,Recondition
19203,Car,Suzuki,Alto X Grade,2024.0,7400000.0,1480.0,Kurunegala,11/26/2025,https://riyasewana.com/buy/suzuki-alto-x-sale-kurunegala-10819257,Brand New
19206,Car,Suzuki,Spacia Custom XS,2023.0,9900000.0,5000.0,Ambalangoda,11/26/2025,https://riyasewana.com/buy/suzuki-spacia-custom-sale-ambalangoda-10819131,Recondition
19230,Car,Suzuki,Wagon PZ Premium Turbo Edition,2025.0,9875000.0,100.0,Colombo,11/25/2025,https://riyasewana.com/buy/suzuki-wagon-pz-sale-colombo-10817873,Brand New
19235,Car,Nissan,Dayz Highway Star X Grade,2024.0,8695000.0,5443.0,Colombo,11/25/2025,https://riyasewana.com/buy/nissan-dayz-highway-sale-colombo-10817730,Recondition
19250,Car,Suzuki,Wagon R Custom ZX,2024.0,8500000.0,14000.0,Peliyagoda,11/25/2025,https://riyasewana.com/buy/suzuki-wagon-r-sale-peliyagoda-10816945,Recondition
19256,Car,Toyota,Yaris G Limited,2023.0,10400000.0,5200.0,Colombo,11/25/2025,https://riyasewana.com/buy/toyota-yaris-g-sale-colombo-10816861,Recondition
19257,Car,Toyota,Roomy G,2023.0,9250000.0,9900.0,Matugama,11/25/2025,https://riyasewana.com/buy/toyota-roomy-g-sale-matugama-10816859,Recondition
19258,Car,Suzuki,Wagon R Custom ZX,2025.0,9300000.0,300.0,Colombo,11/25/2025,https://riyasewana.com/buy/suzuki-wagon-r-sale-colombo-10816855,Brand New
19260,Car,Daihatsu,MIRA,2024.0,6875000.0,1100.0,Kiribathgoda,11/25/2025,https://riyasewana.com/buy/daihatsu-mira-sale-kiribathgoda-10816798,Brand New
19280,Car,Nissan,Dayz Highway Star,2024.0,8350000.0,17000.0,Gampaha,11/25/2025,https://riyasewana.com/buy/nissan-dayz-highway-sale-gampaha-10816336,Recondition
19288,Car,Suzuki,Spacia,2023.0,7750000.0,200003.0,Pannipitiya,11/25/2025,https://riyasewana.com/buy/suzuki-spacia-sale-pannipitiya-10816252,Used
19289,Car,Toyota,Yaris,2024.0,9625000.0,1433.0,Kaduwela,11/25/2025,https://riyasewana.com/buy/toyota-yaris-sale-kaduwela-10816219,Brand New
19296,Car,Daihatsu,Mira L,2023.0,6575000.0,8000.0,Nittambuwa,11/25/2025,https://riyasewana.com/buy/daihatsu-mira-l-sale-nittambuwa-10816025,Recondition
19300,Car,Daihatsu,Tanto Custom X,2023.0,9000000.0,17000.0,Chilaw,11/25/2025,https://riyasewana.com/buy/daihatsu-tanto-custom-sale-chilaw-10815953,Recondition
19311,Car,Suzuki,Spacia Custom XS Hybrid Safety,2024.0,9775000.0,900.0,Kelaniya,11/25/2025,https://riyasewana.com/buy/suzuki-spacia-custom-sale-kelaniya-10815760,Brand New
19328,Car,Nissan,Dayz Highway Star Pro Pilot,2023.0,8650000.0,7000.0,Kaduwela,11/25/2025,https://riyasewana.com/buy/nissan-dayz-highway-sale-kaduwela-10815311,Recondition
19331,Car,Daihatsu,Mira,2025.0,6800000.0,5000.0,Colombo,11/25/2025,https://riyasewana.com/buy/daihatsu-mira-sale-colombo-10815069,Recondition
19340,Car,Mercedes-Benz,A250e Advance Premium Plus,2023.0,29950000.0,7500.0,Dehiwala-Mount-Lavinia,11/25/2025,https://riyasewana.com/buy/mercedes-benz-a250e-advance-sale-dehiwala-mount-lavinia-10814685,Recondition
19344,Car,Daihatsu,Mira,2023.0,6200000.0,45000.0,Kurunegala,11/25/2025,https://riyasewana.com/buy/daihatsu-mira-sale-kurunegala-10814562,Recondition
19345,Car,Nissan,Roox Hybrid Highway Star,2023.0,8750000.0,12000.0,Nugegoda,11/25/2025,https://riyasewana.com/buy/nissan-roox-hybrid-sale-nugegoda-10814550,Recondition
19354,Car,Audi,A3 Urdan Style,2023.0,19000000.0,19000.0,Kelaniya,11/25/2025,https://riyasewana.com/buy/audi-a3-urdan-sale-kelaniya-10814272,Recondition
19363,Car,Daihatsu,TAFT G Chrome Venture,2023.0,8300000.0,8000.0,Ambalangoda,11/25/2025,https://riyasewana.com/buy/daihatsu-taft-g-sale-ambalangoda-10813918,Recondition
19367,Car,Suzuki,Wagon R ZX UPG 360cam,2025.0,9250000.0,5.0,Moratuwa,11/25/2025,https://riyasewana.com/buy/suzuki-wagon-r-sale-moratuwa-10813725,Brand New
19368,Car,Mazda,Flair,2023.0,7150000.0,15000.0,Gampaha,11/25/2025,https://riyasewana.com/buy/mazda-flair-sale-gampaha-10813696,Recondition
19380,Car,Daihatsu,Mira L Grade Safety,2023.0,6600000.0,900.0,Nittambuwa,11/25/2025,https://riyasewana.com/buy/daihatsu-mira-l-sale-nittambuwa-10813109,Brand New
19387,Car,Nissan,ALMERA EL,2025.0,12575000.0,50.0,Pannipitiya,11/24/2025,https://riyasewana.com/buy/nissan-almera-el-sale-pannipitiya-10812996,Brand New
19398,Car,Daihatsu,TAFT G Dark Chrome Venture,2025.0,8490000.0,12.0,Moratuwa,11/24/2025,https://riyasewana.com/buy/daihatsu-taft-g-sale-moratuwa-10812759,Brand New
19401,Car,Toyota,Roomy,2025.0,10700000.0,1500.0,Panadura,11/24/2025,https://riyasewana.com/buy/toyota-roomy-sale-panadura-10812628,Brand New
19405,Car,Toyota,Roomy G S Custom,2023.0,10650000.0,45000.0,Matugama,11/24/2025,https://riyasewana.com/buy/toyota-roomy-g-sale-matugama-10812491,Recondition
19442,Car,Suzuki,Spacia,2023.0,7290000.0,40000.0,Pannipitiya,11/24/2025,https://riyasewana.com/buy/suzuki-spacia-sale-pannipitiya-10811727,Recondition
19443,Car,Suzuki,Wagon R Fx,2023.0,7225000.0,6000.0,Kottawa,11/24/2025,https://riyasewana.com/buy/suzuki-wagon-r-sale-kottawa-10811724,Recondition
19445,Car,Suzuki,Spacia,2023.0,7650000.0,20000.0,Kottawa,11/24/2025,https://riyasewana.com/buy/suzuki-spacia-sale-kottawa-10811671,Recondition
19464,Car,Toyota,Yaris,2023.0,9150000.0,29000.0,Colombo,11/24/2025,https://riyasewana.com/buy/toyota-yaris-sale-colombo-10811190,Recondition
19481,Car,Suzuki,Wagon R FX S Hybrid,2024.0,8000000.0,3100.0,Ratnapura,11/24/2025,https://riyasewana.com/buy/suzuki-wagon-r-sale-ratnapura-10810807,Brand New
19494,Car,Toyota,Yaris X,2024.0,9900000.0,2000.0,Wattala,11/24/2025,https://riyasewana.com/buy/toyota-yaris-x-sale-wattala-10810450,Brand New
19506,Car,Daihatsu,MIRA,2025.0,6900000.0,280.0,Gampaha,11/24/2025,https://riyasewana.com/buy/daihatsu-mira-sale-gampaha-10809938,Brand New
19509,Car,Nissan,ROOX X,2024.0,8050000.0,10500.0,Colombo,11/24/2025,https://riyasewana.com/buy/nissan-roox-x-sale-colombo-10809825,Recondition
19516,Car,Suzuki,Alto Japan,2024.0,6675000.0,5700.0,Nittambuwa,11/24/2025,https://riyasewana.com/buy/suzuki-alto-japan-sale-nittambuwa-10809418,Recondition
19529,Car,Toyota,Yaris,2024.0,9350000.0,29000.0,Kadawatha,11/24/2025,https://riyasewana.com/buy/toyota-yaris-sale-kadawatha-10808819,Recondition
19531,Car,Daihatsu,Mira L Grade,2023.0,6350000.0,4000.0,Colombo,11/24/2025,https://riyasewana.com/buy/daihatsu-mira-l-sale-colombo-10808757,Brand New
19533,Car,Nissan,ROOX,2023.0,7950000.0,8000.0,Kiribathgoda,11/24/2025,https://riyasewana.com/buy/nissan-roox-sale-kiribathgoda-10808667,Recondition
19541,Car,Suzuki,Wagon R ZX,2025.0,9250000.0,5.0,Moratuwa,11/24/2025,https://riyasewana.com/buy/suzuki-wagon-r-sale-moratuwa-10808436,Brand New
19546,Car,Daihatsu,MIRA X LIMITED,2023.0,7250000.0,5000.0,Kalutara,11/24/2025,https://riyasewana.com/buy/daihatsu-mira-x-sale-kalutara-10808241,Recondition
19551,Car,Suzuki,Spacia XS Custom Turbo,2025.0,10200000.0,3000.0,Kandy,11/24/2025,https://riyasewana.com/buy/suzuki-spacia-xs-sale-kandy-10807840,Brand New
19595,Car,Daihatsu,Mira,2024.0,7200000.0,11500.0,Homagama,11/23/2025,https://riyasewana.com/buy/daihatsu-mira-sale-homagama-10806590,Recondition
19614,Car,Suzuki,Wagon R ZX,2025.0,9250000.0,5.0,Moratuwa,11/23/2025,https://riyasewana.com/buy/suzuki-wagon-r-sale-moratuwa-10806225,Brand New
19619,Car,Daihatsu,TAFT G,2023.0,7650000.0,17000.0,Kiribathgoda,11/23/2025,https://riyasewana.com/buy/daihatsu-taft-g-sale-kiribathgoda-10806122,Recondition
19622,Car,Daihatsu,Mira ES L SA3,2023.0,6550000.0,26000.0,Wattala,11/23/2025,https://riyasewana.com/buy/daihatsu-mira-es-sale-wattala-10806074,Recondition
19623,Car,Toyota,Roomy,2024.0,9500000.0,21000.0,Gampaha,11/23/2025,https://riyasewana.com/buy/toyota-roomy-sale-gampaha-10806048,Recondition
19633,Car,Suzuki,Alto Hybrid S,2024.0,7400000.0,1792.0,Kaduwela,11/23/2025,https://riyasewana.com/buy/suzuki-alto-hybrid-sale-kaduwela-10805866,Brand New
19634,Car,Suzuki,Spacia,2023.0,8165000.0,4000.0,Kurunegala,11/23/2025,https://riyasewana.com/buy/suzuki-spacia-sale-kurunegala-10805850,Brand New
19635,Car,Daihatsu,Taft G Chrome Venture,2024.0,8350000.0,5500.0,Marawila,11/23/2025,https://riyasewana.com/buy/daihatsu-taft-g-sale-marawila-10805846,Recondition
19641,Car,Nissan,Aura Nismo Sport Limited,2024.0,14795000.0,30000.0,Colombo,11/23/2025,https://riyasewana.com/buy/nissan-aura-nismo-sale-colombo-10805689,Recondition
19647,Car,Toyota,Roomy GT TURBO CUSTOM,2023.0,11500000.0,12000.0,Mawanella,11/23/2025,https://riyasewana.com/buy/toyota-roomy-gt-sale-mawanella-10805341,Recondition
19654,Car,Toyota,Roomy Custom GT Turbo,2023.0,11700000.0,11500.0,Kolonnawa,11/23/2025,https://riyasewana.com/buy/toyota-roomy-custom-sale-kolonnawa-10805150,Recondition
19657,Car,Suzuki,SPACIA CUSTOM TURBO,2023.0,9075000.0,12000.0,Kiribathgoda,11/23/2025,https://riyasewana.com/buy/suzuki-spacia-custom-sale-kiribathgoda-10804882,Recondition
19661,Car,Daihatsu,TAFT G,2023.0,7650000.0,17000.0,Kadawatha,11/23/2025,https://riyasewana.com/buy/daihatsu-taft-g-sale-kadawatha-10804743,Recondition
19665,Car,Nissan,Dayz,2023.0,7200000.0,8000.0,Pannipitiya,11/23/2025,https://riyasewana.com/buy/nissan-dayz-sale-pannipitiya-10804548,Recondition
19680,Car,Nissan,Dayz Highway Star Propilot Hybrid,2024.0,8950000.0,3000.0,Kadawatha,11/23/2025,https://riyasewana.com/buy/nissan-dayz-highway-sale-kadawatha-10804165,Brand New
19685,Car,Suzuki,Wagon R,2023.0,7250000.0,5800.0,Negombo,11/23/2025,https://riyasewana.com/buy/suzuki-wagon-r-sale-negombo-10803944,Recondition
19689,Car,Toyota,Roomy GT Custom Turbo,2025.0,12650000.0,21.0,Galle,11/23/2025,https://riyasewana.com/buy/toyota-roomy-gt-sale-galle-10803827,Brand New
19700,Car,Daihatsu,Mira L SA3,2024.0,6600000.0,9200.0,Kandy,11/23/2025,https://riyasewana.com/buy/daihatsu-mira-l-sale-kandy-10803482,Recondition
19711,Car,Nissan,Dayz X Limited,2024.0,7500000.0,1850.0,Marawila,11/23/2025,https://riyasewana.com/buy/nissan-dayz-x-sale-marawila-10802959,Brand New
19716,Car,Toyota,Roomy X,2023.0,8450000.0,16000.0,Pannipitiya,11/23/2025,https://riyasewana.com/buy/toyota-roomy-x-sale-pannipitiya-10802806,Recondition
19728,Car,Toyota,Roomy Custom G,2024.0,1090000.0,6000.0,Kandy,11/23/2025,https://riyasewana.com/buy/toyota-roomy-custom-sale-kandy-10802205,Recondition
19734,Car,Suzuki,Wagon R Fx,2024.0,7550000.0,4500.0,Dankotuwa,11/22/2025,https://riyasewana.com/buy/suzuki-wagon-r-sale-dankotuwa-10802069,Brand New
19761,Car,Suzuki,Wagon R Fx HYBRID,2024.0,8200000.0,100.0,Kadawatha,11/22/2025,https://riyasewana.com/buy/suzuki-wagon-r-sale-kadawatha-10801308,Brand New
19775,Car,Daihatsu,Mira Es L Grade,2024.0,6800000.0,2910.0,Dehiwala-Mount-Lavinia,11/22/2025,https://riyasewana.com/buy/daihatsu-mira-es-sale-dehiwala-mount-lavinia-10800730,Brand New
19781,Car,Honda,Civic FL1 EX Turbo,2024.0,24800000.0,3900.0,Kadawatha,11/22/2025,https://riyasewana.com/buy/honda-civic-fl1-sale-kadawatha-10800542,Brand New
19792,Car,Mitsubishi,EK Wagon,2023.0,7350000.0,5000.0,Homagama,11/22/2025,https://riyasewana.com/buy/mitsubishi-ek-wagon-sale-homagama-10800246,Recondition
19804,Car,Suzuki,SPACIA CUSTOM,2023.0,8600000.0,13000.0,Kiribathgoda,11/22/2025,https://riyasewana.com/buy/suzuki-spacia-custom-sale-kiribathgoda-10799842,Recondition
19805,Car,Suzuki,SPACIA CUSTOM,2023.0,8750000.0,10000.0,Kiribathgoda,11/22/2025,https://riyasewana.com/buy/suzuki-spacia-custom-sale-kiribathgoda-10799831,Recondition
19810,Car,Toyota,Roomy Custom G,2024.0,10850000.0,600.0,Kandy,11/22/2025,https://riyasewana.com/buy/toyota-roomy-custom-sale-kandy-10799726,Brand New
19814,Car,Nissan,Roox Highway Star Pro Pilot,2025.0,9650000.0,1300.0,Kadawatha,11/22/2025,https://riyasewana.com/buy/nissan-roox-highway-sale-kadawatha-10799632,Brand New
19819,Car,Daihatsu,Mira X Limited,2023.0,7275000.0,11000.0,Colombo,11/22/2025,https://riyasewana.com/buy/daihatsu-mira-x-sale-colombo-10799430,Recondition
19821,Car,Nissan,ROOX,2023.0,9350000.0,12500.0,Gampaha,11/22/2025,https://riyasewana.com/buy/nissan-roox-sale-gampaha-10799397,Recondition
19822,Car,Suzuki,Wagon R ZT,2023.0,8875000.0,3000.0,Colombo,11/22/2025,https://riyasewana.com/buy/suzuki-wagon-r-sale-colombo-10799388,Brand New
19825,Car,Suzuki,Spacia,2023.0,7250000.0,38000.0,Pannipitiya,11/22/2025,https://riyasewana.com/buy/suzuki-spacia-sale-pannipitiya-10799333,Recondition
19832,Car,Suzuki,Spacia,2023.0,7350000.0,38000.0,Pannipitiya,11/22/2025,https://riyasewana.com/buy/suzuki-spacia-sale-pannipitiya-10798947,Recondition
19834,Car,Suzuki,Wagon R Custom Z ZX,2025.0,9500000.0,7.0,Kadawatha,11/22/2025,https://riyasewana.com/buy/suzuki-wagon-r-sale-kadawatha-10798905,Brand New
19857,Car,Toyota,Roomy,2023.0,8550000.0,16000.0,Pannipitiya,11/22/2025,https://riyasewana.com/buy/toyota-roomy-sale-pannipitiya-10798195,Recondition
19860,Car,Honda,City RS,2025.0,1430000.0,500.0,Colombo,11/22/2025,https://riyasewana.com/buy/honda-city-rs-sale-colombo-10798024,Brand New
19861,Car,Toyota,Yaris G LED,2023.0,10475000.0,10000.0,Colombo,11/22/2025,https://riyasewana.com/buy/toyota-yaris-g-sale-colombo-10797910,Recondition
19867,Car,Suzuki,Wagon R FX Safety,2024.0,8200000.0,3200.0,Horana,11/22/2025,https://riyasewana.com/buy/suzuki-wagon-r-sale-horana-10797586,Brand New
19879,Car,Suzuki,Alto Hybrid,2023.0,7650000.0,1500.0,Kandy,11/22/2025,https://riyasewana.com/buy/suzuki-alto-hybrid-sale-kandy-10796616,Brand New
19889,Car,Daihatsu,TAFT G DARK CHROME VENTURE,2023.0,8500000.0,370.0,Gampaha,11/22/2025,https://riyasewana.com/buy/daihatsu-taft-g-sale-gampaha-10796036,Brand New
19892,Car,Daihatsu,Mira L SA3,2023.0,6390000.0,17007.0,Gampaha,11/22/2025,https://riyasewana.com/buy/daihatsu-mira-l-sale-gampaha-10795896,Recondition
19893,Car,Daihatsu,Mira Es X Limited,2025.0,7075000.0,258.0,Gampaha,11/22/2025,https://riyasewana.com/buy/daihatsu-mira-es-sale-gampaha-10795889,Brand New
19895,Car,Audi,A3,2023.0,19950000.0,4300.0,Dehiwala-Mount-Lavinia,11/22/2025,https://riyasewana.com/buy/audi-a3-sale-dehiwala-mount-lavinia-10795843,Brand New
19903,Car,Toyota,Roomy Custom Gt Turbo,2025.0,12295000.0,3000.0,Wattala,11/21/2025,https://riyasewana.com/buy/toyota-roomy-custom-sale-wattala-10795501,Brand New
19911,Car,Suzuki,WAGON R FX Safety,2024.0,7625000.0,3500.0,Boralesgamuwa,11/21/2025,https://riyasewana.com/buy/suzuki-wagon-r-sale-boralesgamuwa-10795200,Brand New
19914,Car,Daihatsu,MIRA L- SA3,2024.0,6510000.0,4101.0,Piliyandala,11/21/2025,https://riyasewana.com/buy/daihatsu-mira-l--sale-piliyandala-10795072,Brand New
19919,Car,Nissan,Dayz Highway Star X Propilot Edition,2023.0,8200000.0,7300.0,Colombo,11/21/2025,https://riyasewana.com/buy/nissan-dayz-highway-sale-colombo-10794970,Recondition
19937,Car,Nissan,HIGH WAR STAR G TURBO,2023.0,8700000.0,5000.0,Katunayake,11/21/2025,https://riyasewana.com/buy/nissan-high-war-sale-katunayake-10794314,Recondition
19941,Car,Daihatsu,Taft G Crome Premium Venture,2023.0,8190000.0,40000.0,Colombo,11/21/2025,https://riyasewana.com/buy/daihatsu-taft-g-sale-colombo-10794293,Recondition
19942,Car,Daihatsu,Mira Sa3 Premium X Grade,2024.0,6975000.0,1000.0,Colombo,11/21/2025,https://riyasewana.com/buy/daihatsu-mira-sa3-sale-colombo-10794285,Brand New
19943,Car,Toyota,Roomy Custom G,2023.0,10500000.0,16250.0,Panadura,11/21/2025,https://riyasewana.com/buy/toyota-roomy-custom-sale-panadura-10794282,Recondition
19945,Car,Suzuki,ALTO L Grade,2024.0,6700000.0,1000.0,Katunayake,11/21/2025,https://riyasewana.com/buy/suzuki-alto-l-sale-katunayake-10794265,Brand New
19946,Car,Daihatsu,Taft G VENTURE,2024.0,8700000.0,4000.0,Katunayake,11/21/2025,https://riyasewana.com/buy/daihatsu-taft-g-sale-katunayake-10794258,Brand New
19955,Car,Suzuki,Wagon R Custom ZX,2024.0,8900000.0,3900.0,Kandy,11/21/2025,https://riyasewana.com/buy/suzuki-wagon-r-sale-kandy-10794109,Brand New
19959,Car,Volkswagen,POLO R LINE SPORTS,2023.0,14490000.0,3000.0,Dehiwala-Mount-Lavinia,11/21/2025,https://riyasewana.com/buy/volkswagen-polo-r-sale-dehiwala-mount-lavinia-10793908,Brand New
19967,Car,Toyota,Roomy Custom Gt Turbo,2024.0,11975000.0,5850.0,Kandy,11/21/2025,https://riyasewana.com/buy/toyota-roomy-custom-sale-kandy-10793730,Recondition
19981,Car,Suzuki,Wagon R Custom ZX,2024.0,8975000.0,3400.0,Kottawa,11/21/2025,https://riyasewana.com/buy/suzuki-wagon-r-sale-kottawa-10793291,Brand New
19982,Car,Toyota,Roomy Custom G M900A,2023.0,10500000.0,45000.0,Horana,11/21/2025,https://riyasewana.com/buy/toyota-roomy-custom-sale-horana-10793203,Recondition
19990,Car,Perodua,Bezza,2025.0,3900000.0,6000.0,Kadawatha,11/21/2025,https://riyasewana.com/buy/perodua-bezza-sale-kadawatha-10793072,Recondition
20001,Car,Toyota,Yaris X Limited,2024.0,9600000.0,28000.0,Kandy,11/21/2025,https://riyasewana.com/buy/toyota-yaris-x-sale-kandy-10792891,Recondition
20012,Car,Nissan,Carry,2023.0,4950000.0,8000.0,Maharagama,11/21/2025,https://riyasewana.com/buy/nissan-carry-sale-maharagama-10792445,Recondition
20013,Car,Suzuki,Spacia,2023.0,8050000.0,700.0,Kalutara,11/21/2025,https://riyasewana.com/buy/suzuki-spacia-sale-kalutara-10792434,Brand New
20019,Car,Toyota,Roomy G Custom,2024.0,11500000.0,4000.0,Colombo,11/21/2025,https://riyasewana.com/buy/toyota-roomy-g-sale-colombo-10792108,Brand New
20022,Car,Suzuki,Alto Japan,2023.0,7300000.0,8200.0,Pannipitiya,11/21/2025,https://riyasewana.com/buy/suzuki-alto-japan-sale-pannipitiya-10792012,Recondition
20029,Car,Suzuki,Alto,2024.0,6550000.0,6600.0,Kottawa,11/21/2025,https://riyasewana.com/buy/suzuki-alto-sale-kottawa-10791816,Recondition
20031,Car,Suzuki,Alto Japan,2024.0,6550000.0,6500.0,Pannipitiya,11/21/2025,https://riyasewana.com/buy/suzuki-alto-japan-sale-pannipitiya-10791787,Recondition
20032,Car,Toyota,Roomy,2023.0,8675000.0,16000.0,Nugegoda,11/21/2025,https://riyasewana.com/buy/toyota-roomy-sale-nugegoda-10791749,Recondition
20036,Car,Daihatsu,Mira,2024.0,7350000.0,52.0,Nawala,11/21/2025,https://riyasewana.com/buy/daihatsu-mira-sale-nawala-10791597,Brand New
20046,Car,Toyota,Yaris X,2023.0,9050000.0,42000.0,Moratuwa,11/21/2025,https://riyasewana.com/buy/toyota-yaris-x-sale-moratuwa-10790928,Recondition
20048,Car,Daihatsu,Mira,2024.0,6750000.0,2300.0,Piliyandala,11/21/2025,https://riyasewana.com/buy/daihatsu-mira-sale-piliyandala-10790775,Brand New
20054,Car,Toyota,Roomy X,2023.0,8650000.0,16000.0,Maharagama,11/21/2025,https://riyasewana.com/buy/toyota-roomy-x-sale-maharagama-10790383,Recondition
20077,Car,Daihatsu,Mira Es,2024.0,6875000.0,3800.0,Matara,11/20/2025,https://riyasewana.com/buy/daihatsu-mira-es-sale-matara-10789907,Brand New
20088,Car,Toyota,Yaris,2023.0,9300000.0,23000.0,Panadura,11/20/2025,https://riyasewana.com/buy/toyota-yaris-sale-panadura-10789643,Recondition
20112,Car,Daihatsu,Thor,2023.0,9225000.0,3000.0,Kottawa,11/20/2025,https://riyasewana.com/buy/daihatsu-thor-sale-kottawa-10788908,Brand New
20114,Car,Mazda,Flair,2023.0,7375000.0,40000.0,Kottawa,11/20/2025,https://riyasewana.com/buy/mazda-flair-sale-kottawa-10788871,Recondition
20116,Car,Mazda,Flair Wagon,2023.0,8190000.0,40000.0,Kottawa,11/20/2025,https://riyasewana.com/buy/mazda-flair-wagon-sale-kottawa-10788854,Recondition
20118,Car,Daihatsu,TAFT G DARK CHROME VENTURE,2023.0,8550000.0,370.0,Gampaha,11/20/2025,https://riyasewana.com/buy/daihatsu-taft-g-sale-gampaha-10788848,Brand New
20120,Car,Mazda,Flair,2023.0,7275000.0,40000.0,Kottawa,11/20/2025,https://riyasewana.com/buy/mazda-flair-sale-kottawa-10788826,Recondition
20121,Car,Mazda,Flair,2023.0,7725000.0,4083.0,Kottawa,11/20/2025,https://riyasewana.com/buy/mazda-flair-sale-kottawa-10788816,Brand New
20123,Car,Daihatsu,Boon,2023.0,8575000.0,180.0,Kottawa,11/20/2025,https://riyasewana.com/buy/daihatsu-boon-sale-kottawa-10788775,Brand New
20125,Car,Suzuki,Spacia,2023.0,7725000.0,22000.0,Kottawa,11/20/2025,https://riyasewana.com/buy/suzuki-spacia-sale-kottawa-10788763,Recondition
20126,Car,Nissan,Dayz,2023.0,7375000.0,3200.0,Kottawa,11/20/2025,https://riyasewana.com/buy/nissan-dayz-sale-kottawa-10788749,Brand New
20128,Car,Daihatsu,Mira L Grade,2023.0,6350000.0,12000.0,Chilaw,11/20/2025,https://riyasewana.com/buy/daihatsu-mira-l-sale-chilaw-10788670,Recondition
20132,Car,Nissan,Dayz Brown Top,2024.0,7750000.0,11000.0,Kelaniya,11/20/2025,https://riyasewana.com/buy/nissan-dayz-brown-sale-kelaniya-10788563,Recondition
20138,Car,Daihatsu,Canbus,2023.0,7925000.0,9200.0,Kottawa,11/20/2025,https://riyasewana.com/buy/daihatsu-canbus-sale-kottawa-10788457,Recondition
20141,Car,Subaru,Stella,2023.0,7190000.0,11000.0,Kottawa,11/20/2025,https://riyasewana.com/buy/subaru-stella-sale-kottawa-10788366,Recondition
20156,Car,Daihatsu,Mira ES,2024.0,6850000.0,600.0,Moratuwa,11/20/2025,https://riyasewana.com/buy/daihatsu-mira-es-sale-moratuwa-10787713,Brand New
20158,Car,Suzuki,Wagon R FX Hybrid,2023.0,7900000.0,5000.0,Colombo,11/20/2025,https://riyasewana.com/buy/suzuki-wagon-r-sale-colombo-10787663,Recondition
20161,Car,Suzuki,Wagon R FX Safety,2024.0,7500000.0,2500.0,Colombo,11/20/2025,https://riyasewana.com/buy/suzuki-wagon-r-sale-colombo-10787561,Brand New
20162,Car,Suzuki,Wagon R FX Safety,2024.0,7500000.0,4000.0,Colombo,11/20/2025,https://riyasewana.com/buy/suzuki-wagon-r-sale-colombo-10787530,Brand New
20165,Car,Suzuki,Wagon R,2024.0,7500000.0,2500.0,Colombo,11/20/2025,https://riyasewana.com/buy/suzuki-wagon-r-sale-colombo-10787474,Brand New
20200,Car,Honda,City RS Turbo,2025.0,14500000.0,11.0,Colombo,11/20/2025,https://riyasewana.com/buy/honda-city-rs-sale-colombo-10786212,Brand New
20203,Car,Suzuki,Wagon R FX Safety,2025.0,7395000.0,5000.0,Colombo,11/20/2025,https://riyasewana.com/buy/suzuki-wagon-r-sale-colombo-10786074,Recondition
20211,Car,Mitsubishi,Ek Wagon Turbo,2023.0,8790000.0,23000.0,Kaduwela,11/20/2025,https://riyasewana.com/buy/mitsubishi-ek-wagon-sale-kaduwela-10785707,Recondition
20225,Car,Suzuki,Wagon R Fx Safety,2024.0,7700000.0,2200.0,Kurunegala,11/20/2025,https://riyasewana.com/buy/suzuki-wagon-r-sale-kurunegala-10784700,Brand New
20246,Car,Suzuki,Wagon R ZX,2023.0,8650000.0,12000.0,Colombo,11/19/2025,https://riyasewana.com/buy/suzuki-wagon-r-sale-colombo-10784005,Recondition
20247,Car,Suzuki,Wagon R Custom Z,2025.0,8800000.0,310.0,Kurunegala,11/19/2025,https://riyasewana.com/buy/suzuki-wagon-r-sale-kurunegala-10784000,Brand New
20255,Car,BYD,Atto 3,2025.0,17200000.0,15000.0,Colombo,11/19/2025,https://riyasewana.com/buy/byd-atto-3-sale-colombo-10783834,Recondition
20259,Car,BYD,Dolphin,2025.0,6850000.0,8500.0,Gampola,11/19/2025,https://riyasewana.com/buy/byd-dolphin-sale-gampola-10783775,Recondition
20284,Car,Nissan,Dayz Highway Star Pro Pilot Hybrid,2023.0,8950000.0,5000.0,Kadawatha,11/19/2025,https://riyasewana.com/buy/nissan-dayz-highway-sale-kadawatha-10783015,Recondition
20286,Car,Toyota,Roomy Custom G,2024.0,11500000.0,5000.0,Kandy,11/19/2025,https://riyasewana.com/buy/toyota-roomy-custom-sale-kandy-10782940,Recondition
20287,Car,Toyota,Roomy Custom GT,2023.0,11290000.0,15000.0,Colombo,11/19/2025,https://riyasewana.com/buy/toyota-roomy-custom-sale-colombo-10782933,Recondition
20288,Car,Toyota,Roomy Custom G,2023.0,11600000.0,33500.0,Kandy,11/19/2025,https://riyasewana.com/buy/toyota-roomy-custom-sale-kandy-10782914,Recondition
20291,Car,Daihatsu,Taft G,2024.0,8150000.0,600.0,Kaduwela,11/19/2025,https://riyasewana.com/buy/daihatsu-taft-g-sale-kaduwela-10782831,Brand New
20294,Car,Mitsubishi,EK X Hybrid,2023.0,8450000.0,5000.0,Kelaniya,11/19/2025,https://riyasewana.com/buy/mitsubishi-ek-x-sale-kelaniya-10782733,Recondition
20296,Car,Nissan,Dayz Highway Star,2023.0,7700000.0,48000.0,Pannipitiya,11/19/2025,https://riyasewana.com/buy/nissan-dayz-highway-sale-pannipitiya-10782699,Recondition
20298,Car,Toyota,Roomy Custom G,2024.0,10800000.0,4000.0,Marawila,11/19/2025,https://riyasewana.com/buy/toyota-roomy-custom-sale-marawila-10782627,Brand New
20304,Car,Suzuki,Spacia XS TURBO,2024.0,9990000.0,19.0,Colombo,11/19/2025,https://riyasewana.com/buy/suzuki-spacia-xs-sale-colombo-10782267,Brand New
20327,Car,Toyota,Roomy,2024.0,11700000.0,4000.0,Kolonnawa,11/19/2025,https://riyasewana.com/buy/toyota-roomy-sale-kolonnawa-10781603,Brand New
20335,Car,Suzuki,Spacia Custom XS,2024.0,9850000.0,9000.0,Colombo,11/19/2025,https://riyasewana.com/buy/suzuki-spacia-custom-sale-colombo-10781439,Recondition
20337,Car,Suzuki,Wagon R FX Safety,2024.0,7750000.0,13000.0,Colombo,11/19/2025,https://riyasewana.com/buy/suzuki-wagon-r-sale-colombo-10781422,Recondition
20338,Car,Suzuki,Alto,2025.0,7500000.0,2500.0,Kotte,11/19/2025,https://riyasewana.com/buy/suzuki-alto-sale-kotte-10781362,Brand New
20357,Car,Daihatsu,MIRA L SAFETY,2024.0,6950000.0,7000.0,Ragama,11/19/2025,https://riyasewana.com/buy/daihatsu-mira-l-sale-ragama-10780739,Recondition
20359,Car,Suzuki,WAGON R FX,2024.0,7950000.0,8400.0,Ragama,11/19/2025,https://riyasewana.com/buy/suzuki-wagon-r-sale-ragama-10780650,Recondition
20361,Car,Suzuki,WAGON R CUSTOM Z,2024.0,9300000.0,1500.0,Ragama,11/19/2025,https://riyasewana.com/buy/suzuki-wagon-r-sale-ragama-10780603,Brand New
20362,Car,Toyota,Passo,2023.0,8200000.0,7500.0,Pannipitiya,11/19/2025,https://riyasewana.com/buy/toyota-passo-sale-pannipitiya-10780531,Recondition
20366,Car,Suzuki,Wagon R FX,2024.0,7400000.0,10000.0,Kurunegala,11/19/2025,https://riyasewana.com/buy/suzuki-wagon-r-sale-kurunegala-10780434,Recondition
20368,Car,Suzuki,Spacia,2023.0,7400000.0,38000.0,Pannipitiya,11/19/2025,https://riyasewana.com/buy/suzuki-spacia-sale-pannipitiya-10780415,Recondition
20369,Car,Suzuki,Suzuki,2023.0,8000000.0,45000.0,Pannipitiya,11/19/2025,https://riyasewana.com/buy/suzuki-suzuki-sale-pannipitiya-10780393,Recondition
20372,Car,Daihatsu,Canbus,2023.0,7700000.0,11000.0,Pannipitiya,11/19/2025,https://riyasewana.com/buy/daihatsu-canbus-sale-pannipitiya-10780288,Recondition
20391,Car,Daihatsu,Taft-G Chrome,2024.0,8300000.0,8980.0,Homagama,11/19/2025,https://riyasewana.com/buy/daihatsu-taft-g-chrome-sale-homagama-10779346,Recondition
20437,Car,Daihatsu,Taft G Chrome Venture,2023.0,7900000.0,5000.0,Kelaniya,11/18/2025,https://riyasewana.com/buy/daihatsu-taft-g-sale-kelaniya-10777529,Recondition
20441,Car,Daihatsu,Mira Es X Limited,2023.0,6975000.0,6000.0,Gampaha,11/18/2025,https://riyasewana.com/buy/daihatsu-mira-es-sale-gampaha-10777474,Recondition
20452,Car,Nissan,Dayz Highway Star G Pro Pilot Turbo,2023.0,8950000.0,4000.0,Homagama,11/18/2025,https://riyasewana.com/buy/nissan-dayz-highway-sale-homagama-10777181,Brand New
20456,Car,Suzuki,Spacia,2023.0,7575000.0,18000.0,Pannipitiya,11/18/2025,https://riyasewana.com/buy/suzuki-spacia-sale-pannipitiya-10777037,Recondition
20457,Car,Nissan,Dayz Highway Star,2024.0,8650000.0,6000.0,Homagama,11/18/2025,https://riyasewana.com/buy/nissan-dayz-highway-sale-homagama-10777011,Recondition
20471,Car,Toyota,Roomy,2025.0,9000000.0,5500.0,Pannipitiya,11/18/2025,https://riyasewana.com/buy/toyota-roomy-sale-pannipitiya-10776661,Recondition
20472,Car,Suzuki,Spacia,2023.0,7450000.0,40000.0,Pannipitiya,11/18/2025,https://riyasewana.com/buy/suzuki-spacia-sale-pannipitiya-10776651,Recondition
20473,Car,Suzuki,Wagon R FX,2023.0,7750000.0,5000.0,Colombo,11/18/2025,https://riyasewana.com/buy/suzuki-wagon-r-sale-colombo-10776605,Recondition
20488,Car,BYD,Dolphin,2025.0,6650000.0,8000.0,Gampola,11/18/2025,https://riyasewana.com/buy/byd-dolphin-sale-gampola-10776013,Recondition
20492,Car,Suzuki,Wagon R FX Safety,2024.0,7290000.0,15000.0,Homagama,11/18/2025,https://riyasewana.com/buy/suzuki-wagon-r-sale-homagama-10775880,Recondition
20510,Car,Suzuki,Spacia Custom XS Turbo,2025.0,10500000.0,450.0,Kandy,11/18/2025,https://riyasewana.com/buy/suzuki-spacia-custom-sale-kandy-10774921,Brand New
20511,Car,Nissan,Dayz,2023.0,7500000.0,2.0,Padukka,11/18/2025,https://riyasewana.com/buy/nissan-dayz-sale-padukka-10774893,Brand New
20541,Car,Daihatsu,Mira X Limited,2024.0,7350000.0,10.0,Gampaha,11/17/2025,https://riyasewana.com/buy/daihatsu-mira-x-sale-gampaha-10773828,Brand New
20546,Car,Toyota,Yaris X Limited,2023.0,9800000.0,38300.0,Colombo,11/17/2025,https://riyasewana.com/buy/toyota-yaris-x-sale-colombo-10773783,Recondition
20550,Car,Suzuki,Wagon R Fx Safety,2024.0,7750000.0,6000.0,Moratuwa,11/17/2025,https://riyasewana.com/buy/suzuki-wagon-r-sale-moratuwa-10773631,Recondition
20557,Car,Nissan,Roox Highway Star G Turbo Propilot,2023.0,8600000.0,18550.0,Matara,11/17/2025,https://riyasewana.com/buy/nissan-roox-highway-sale-matara-10773309,Recondition
20569,Car,Suzuki,Spacia,2024.0,10390000.0,6828.0,Kandy,11/17/2025,https://riyasewana.com/buy/suzuki-spacia-sale-kandy-10772920,Recondition
20571,Car,Suzuki,Wagon R Fx Safety,2024.0,7650000.0,8000.0,Moratuwa,11/17/2025,https://riyasewana.com/buy/suzuki-wagon-r-sale-moratuwa-10772845,Recondition
20582,Car,Suzuki,Spacia,2024.0,9790000.0,2800.0,Colombo,11/17/2025,https://riyasewana.com/buy/suzuki-spacia-sale-colombo-10772690,Brand New
20591,Car,Toyota,Roomy Custom GT,2025.0,11800000.0,240.0,Kurunegala,11/17/2025,https://riyasewana.com/buy/toyota-roomy-custom-sale-kurunegala-10772518,Brand New
20592,Car,Daihatsu,MIRA,2023.0,6600000.0,4000.0,Veyangoda,11/17/2025,https://riyasewana.com/buy/daihatsu-mira-sale-veyangoda-10772501,Brand New
20593,Car,Nissan,Aura,2023.0,13390000.0,18000.0,Embilipitiya,11/17/2025,https://riyasewana.com/buy/nissan-aura-sale-embilipitiya-10772500,Recondition
20606,Car,Daihatsu,Mira X Limted LED,2024.0,6800000.0,2000.0,Colombo,11/17/2025,https://riyasewana.com/buy/daihatsu-mira-x-sale-colombo-10772169,Brand New
20623,Car,Suzuki,Wagon R Fx,2024.0,7800000.0,13600.0,Anuradapura,11/17/2025,https://riyasewana.com/buy/suzuki-wagon-r-sale-anuradapura-10771573,Recondition
20624,Car,Suzuki,Alto,2024.0,7200000.0,6500.0,Colombo,11/17/2025,https://riyasewana.com/buy/suzuki-alto-sale-colombo-10771542,Recondition
20631,Car,Honda,N Box Custom,2025.0,8225000.0,2050.0,Eheliyagoda,11/17/2025,https://riyasewana.com/buy/honda-n-box-sale-eheliyagoda-10771235,Brand New
20635,Car,Toyota,Roomy Custom Gt,2023.0,11390000.0,10800.0,Kandy,11/17/2025,https://riyasewana.com/buy/toyota-roomy-custom-sale-kandy-10771176,Recondition
20642,Car,Toyota,Passo Moda,2023.0,9000000.0,12000.0,Colombo,11/17/2025,https://riyasewana.com/buy/toyota-passo-moda-sale-colombo-10771036,Recondition
20643,Car,Toyota,Passo,2023.0,8375000.0,16000.0,Kottawa,11/17/2025,https://riyasewana.com/buy/toyota-passo-sale-kottawa-10771026,Recondition
20646,Car,Nissan,Roox,2023.0,8100000.0,58000.0,Pannipitiya,11/17/2025,https://riyasewana.com/buy/nissan-roox-sale-pannipitiya-10770830,Used
20648,Car,Suzuki,Spacia,2023.0,8125000.0,23000.0,Gampola,11/17/2025,https://riyasewana.com/buy/suzuki-spacia-sale-gampola-10770695,Recondition
20653,Car,Suzuki,Wagon R Custom Z,2025.0,8750000.0,5.0,Colombo,11/17/2025,https://riyasewana.com/buy/suzuki-wagon-r-sale-colombo-10770528,Brand New
20657,Car,Daihatsu,Mira L Grade,2023.0,7200000.0,7949.0,Wattala,11/17/2025,https://riyasewana.com/buy/daihatsu-mira-l-sale-wattala-10770283,Recondition
20659,Car,Nissan,Dayz Highway Star X,2024.0,8650000.0,6100.0,Piliyandala,11/17/2025,https://riyasewana.com/buy/nissan-dayz-highway-sale-piliyandala-10770144,Recondition
20690,Car,Perodua,Axia,2025.0,8650000.0,1350.0,Malabe,11/16/2025,https://riyasewana.com/buy/perodua-axia-sale-malabe-10768675,Brand New
20691,Car,Toyota,ROOMY Custom G,2023.0,11275000.0,7000.0,Mawanella,11/16/2025,https://riyasewana.com/buy/toyota-roomy-custom-sale-mawanella-10768655,Recondition
20698,Car,Suzuki,Wagon R Fx Safety,2025.0,8350000.0,7.0,Piliyandala,11/16/2025,https://riyasewana.com/buy/suzuki-wagon-r-sale-piliyandala-10768462,Brand New
20703,Car,Daihatsu,Mira,2024.0,6985000.0,2000.0,Matara,11/16/2025,https://riyasewana.com/buy/daihatsu-mira-sale-matara-10768299,Brand New
20707,Car,Toyota,Yaris X,2024.0,9950000.0,24000.0,Colombo,11/16/2025,https://riyasewana.com/buy/toyota-yaris-x-sale-colombo-10768113,Recondition
20714,Car,Toyota,Roomy Custom G,2023.0,10650000.0,28000.0,Kurunegala,11/16/2025,https://riyasewana.com/buy/toyota-roomy-custom-sale-kurunegala-10767921,Recondition
20729,Car,Daihatsu,Taft Dark Chrome,2024.0,8500000.0,19000.0,Kalutara,11/16/2025,https://riyasewana.com/buy/daihatsu-taft-dark-sale-kalutara-10767523,Recondition
20732,Car,Toyota,Pixis JOY G,2023.0,7650000.0,11000.0,Battaramulla,11/16/2025,https://riyasewana.com/buy/toyota-pixis-joy-sale-battaramulla-10767424,Recondition
20733,Car,Mitsubishi,EK X HYBRID,2023.0,8450000.0,2000.0,Battaramulla,11/16/2025,https://riyasewana.com/buy/mitsubishi-ek-x-sale-battaramulla-10767404,Brand New
20735,Car,Suzuki,WAGON R FX SAFETY,2024.0,7450000.0,6000.0,Battaramulla,11/16/2025,https://riyasewana.com/buy/suzuki-wagon-r-sale-battaramulla-10767319,Recondition
20743,Car,Suzuki,WAGON R FX,2024.0,7350000.0,5100.0,Negombo,11/16/2025,https://riyasewana.com/buy/suzuki-wagon-r-sale-negombo-10767001,Recondition
20769,Car,Mitsubishi,EK X,2023.0,8750000.0,5000.0,Battaramulla,11/16/2025,https://riyasewana.com/buy/mitsubishi-ek-x-sale-battaramulla-10766121,Recondition
20799,Car,Toyota,Yaris X Limited,2024.0,10300000.0,28000.0,Kandy,11/16/2025,https://riyasewana.com/buy/toyota-yaris-x-sale-kandy-10764964,Recondition
20801,Car,Daihatsu,Taft G,2023.0,7950000.0,16000.0,Kurunegala,11/16/2025,https://riyasewana.com/buy/daihatsu-taft-g-sale-kurunegala-10764949,Recondition
20815,Car,Suzuki,Wagon R Custom Zx,2023.0,8850000.0,3000.0,Kandy,11/16/2025,https://riyasewana.com/buy/suzuki-wagon-r-sale-kandy-10764307,Brand New
20825,Car,Suzuki,Wagon R Fx Safety,2024.0,7650000.0,8000.0,Gampaha,11/16/2025,https://riyasewana.com/buy/suzuki-wagon-r-sale-gampaha-10763972,Recondition
20855,Car,Daihatsu,Mira,2023.0,1500000.0,10900.0,Kandy,11/15/2025,https://riyasewana.com/buy/daihatsu-mira-sale-kandy-10763091,Recondition
20857,Car,Daihatsu,Mira,2023.0,1500000.0,10900.0,Kandy,11/15/2025,https://riyasewana.com/buy/daihatsu-mira-sale-kandy-10762987,Recondition
20859,Car,Suzuki,Wagon R,2024.0,7500000.0,7000.0,Panadura,11/15/2025,https://riyasewana.com/buy/suzuki-wagon-r-sale-panadura-10762866,Recondition
20863,Car,Toyota,Roomy GT Line Turbo,2025.0,12950000.0,50.0,Colombo,11/15/2025,https://riyasewana.com/buy/toyota-roomy-gt-sale-colombo-10762790,Brand New
20865,Car,Mitsubishi,EK WAGON,2023.0,7375000.0,6000.0,Homagama,11/15/2025,https://riyasewana.com/buy/mitsubishi-ek-wagon-sale-homagama-10762769,Recondition
20867,Car,Daihatsu,Mira X,2024.0,6975000.0,2700.0,Anuradapura,11/15/2025,https://riyasewana.com/buy/daihatsu-mira-x-sale-anuradapura-10762714,Brand New
20877,Car,Suzuki,Spacia Custom XS,2024.0,9650000.0,7000.0,Kandana,11/15/2025,https://riyasewana.com/buy/suzuki-spacia-custom-sale-kandana-10762439,Recondition
20886,Car,Suzuki,Wagon R Custom Z,2025.0,9100000.0,145.0,Balangoda,11/15/2025,https://riyasewana.com/buy/suzuki-wagon-r-sale-balangoda-10762136,Brand New
20892,Car,Mazda,Flair,2023.0,7250000.0,12000.0,Nittambuwa,11/15/2025,https://riyasewana.com/buy/mazda-flair-sale-nittambuwa-10761976,Recondition
20895,Car,Suzuki,Wagon R Custom Z,2025.0,9500000.0,400.0,Colombo,11/15/2025,https://riyasewana.com/buy/suzuki-wagon-r-sale-colombo-10761900,Brand New
20898,Car,Nissan,DAYZ B43W SAFETY,2023.0,7485000.0,9100.0,Homagama,11/15/2025,https://riyasewana.com/buy/nissan-dayz-b43w-sale-homagama-10761850,Recondition
20908,Car,Daihatsu,Fun Cross,2023.0,8670000.0,7250.0,Gampaha,11/15/2025,https://riyasewana.com/buy/daihatsu-fun-cross-sale-gampaha-10761200,Recondition
20922,Car,Suzuki,Wagon R FX,2024.0,7295000.0,10350.0,Kurunegala,11/15/2025,https://riyasewana.com/buy/suzuki-wagon-r-sale-kurunegala-10760694,Recondition
20941,Car,Toyota,Yaris,2023.0,9800000.0,18000.0,Negombo,11/15/2025,https://riyasewana.com/buy/toyota-yaris-sale-negombo-10760269,Recondition
20942,Car,Suzuki,Zx,2023.0,8950000.0,4200.0,Kurunegala,11/15/2025,https://riyasewana.com/buy/suzuki-zx-sale-kurunegala-10760265,Brand New
20962,Car,Kia,CARENS CLAVIS,2025.0,24000000.0,60.0,Colombo,11/15/2025,https://riyasewana.com/buy/kia-carens-clavis-sale-colombo-10759447,Brand New
20972,Car,Daihatsu,Taft,2024.0,7750000.0,9200.0,Elpitiya,11/15/2025,https://riyasewana.com/buy/daihatsu-taft-sale-elpitiya-10759184,Recondition
20987,Car,Suzuki,Spacia XS Turbo,2023.0,9195000.0,18020.0,Kurunegala,11/15/2025,https://riyasewana.com/buy/suzuki-spacia-xs-sale-kurunegala-10757955,Recondition
21000,Car,Suzuki,Wagon R FX Hybrid,2024.0,8450000.0,1500.0,Kelaniya,11/14/2025,https://riyasewana.com/buy/suzuki-wagon-r-sale-kelaniya-10756700,Brand New
21005,Car,Daihatsu,Mira X Limited,2025.0,7250000.0,258.0,Gampaha,11/14/2025,https://riyasewana.com/buy/daihatsu-mira-x-sale-gampaha-10756648,Brand New
21015,Car,Toyota,Roomy,2024.0,10500000.0,17000.0,Colombo,11/14/2025,https://riyasewana.com/buy/toyota-roomy-sale-colombo-10756213,Recondition
21038,Car,Toyota,Yaris,2023.0,9400000.0,12500.0,Kandy,11/14/2025,https://riyasewana.com/buy/toyota-yaris-sale-kandy-10755462,Recondition
21039,Car,Daihatsu,Taft,2024.0,8500000.0,4000.0,Colombo,11/14/2025,https://riyasewana.com/buy/daihatsu-taft-sale-colombo-10755379,Brand New
21045,Car,Daihatsu,MIRA ES L SA3 Safety Edition,2024.0,6550000.0,2000.0,Colombo,11/14/2025,https://riyasewana.com/buy/daihatsu-mira-es-sale-colombo-10755215,Brand New
21052,Car,Toyota,Roomy,2025.0,11800000.0,3017.0,Kegalle,11/14/2025,https://riyasewana.com/buy/toyota-roomy-sale-kegalle-10754856,Brand New
21062,Car,Suzuki,Wagon R FX SAFETY,2024.0,7385000.0,9000.0,Homagama,11/14/2025,https://riyasewana.com/buy/suzuki-wagon-r-sale-homagama-10754608,Recondition
21070,Car,Suzuki,Wagon R Stingray Turbo,2024.0,9600000.0,2600.0,Kandy,11/14/2025,https://riyasewana.com/buy/suzuki-wagon-r-sale-kandy-10754307,Brand New
21083,Car,Toyota,Roomy G Safety,2023.0,10200000.0,1700.0,Colombo,11/14/2025,https://riyasewana.com/buy/toyota-roomy-g-sale-colombo-10753796,Brand New
21084,Car,Suzuki,Alto,2024.0,6950000.0,2500.0,Panadura,11/14/2025,https://riyasewana.com/buy/suzuki-alto-sale-panadura-10753794,Brand New
21090,Car,Suzuki,Alto,2023.0,7350000.0,2500.0,Panadura,11/14/2025,https://riyasewana.com/buy/suzuki-alto-sale-panadura-10753718,Brand New
21098,Car,Suzuki,Wagon R FX Hybrid,2023.0,8150000.0,1500.0,Colombo,11/14/2025,https://riyasewana.com/buy/suzuki-wagon-r-sale-colombo-10753465,Brand New
21104,Car,Nissan,Roox Highway Star G Turbo,2023.0,9350000.0,6000.0,Kandy,11/14/2025,https://riyasewana.com/buy/nissan-roox-highway-sale-kandy-10753279,Recondition
21122,Car,Suzuki,SPACIA CUSTOM XS,2024.0,8950000.0,15000.0,Nugegoda,11/14/2025,https://riyasewana.com/buy/suzuki-spacia-custom-sale-nugegoda-10752214,Recondition
21128,Car,Toyota,Roomy Custom G,2023.0,10500000.0,13800.0,Wennappuwa,11/14/2025,https://riyasewana.com/buy/toyota-roomy-custom-sale-wennappuwa-10751953,Recondition
21129,Car,Suzuki,Wagon R Custom Z,2024.0,9050000.0,2330.0,Matara,11/14/2025,https://riyasewana.com/buy/suzuki-wagon-r-sale-matara-10751885,Brand New
21147,Car,Suzuki,Alto Japan,2024.0,7350000.0,2000.0,Panadura,11/13/2025,https://riyasewana.com/buy/suzuki-alto-japan-sale-panadura-10751230,Brand New
21160,Car,Toyota,Yaris,2023.0,9550000.0,24100.0,Matugama,11/13/2025,https://riyasewana.com/buy/toyota-yaris-sale-matugama-10750660,Recondition
21163,Car,Honda,N-Box,2025.0,12000000.0,300.0,Batticaloa,11/13/2025,https://riyasewana.com/buy/honda-n-box-sale-batticaloa-10750559,Brand New
21169,Car,Suzuki,Spacia Custom,2024.0,10000000.0,8000.0,Colombo,11/13/2025,https://riyasewana.com/buy/suzuki-spacia-custom-sale-colombo-10750420,Recondition
21173,Car,Suzuki,Wagon R Custom Z Hybrid ZX,2025.0,8950000.0,320.0,Wattala,11/13/2025,https://riyasewana.com/buy/suzuki-wagon-r-sale-wattala-10750315,Brand New
21175,Car,Volkswagen,POLO TSI,2023.0,13500000.0,10000.0,Colombo,11/13/2025,https://riyasewana.com/buy/volkswagen-polo-tsi-sale-colombo-10750160,Recondition
21184,Car,Toyota,Roomy,2024.0,10680000.0,9800.0,Kaduwela,11/13/2025,https://riyasewana.com/buy/toyota-roomy-sale-kaduwela-10749678,Recondition
21207,Car,Toyota,Yaris,2023.0,9950000.0,15000.0,Kegalle,11/13/2025,https://riyasewana.com/buy/toyota-yaris-sale-kegalle-10749202,Recondition
21218,Car,Suzuki,Wagon R FX,2023.0,7900000.0,12000.0,Kalmunai,11/13/2025,https://riyasewana.com/buy/suzuki-wagon-r-sale-kalmunai-10748845,Recondition
21219,Car,Daihatsu,Taft Turbo G,2023.0,8400000.0,29000.0,Kandy,11/13/2025,https://riyasewana.com/buy/daihatsu-taft-turbo-sale-kandy-10748824,Recondition
21236,Car,Suzuki,Swift Beetle,2024.0,4600000.0,140023.0,Anuradapura,11/13/2025,https://riyasewana.com/buy/suzuki-swift-beetle-sale-anuradapura-10748114,Used
21247,Car,Suzuki,Spacia,2023.0,7800000.0,6000.0,Pannipitiya,11/13/2025,https://riyasewana.com/buy/suzuki-spacia-sale-pannipitiya-10747819,Recondition
21248,Car,Nissan,Dayz Highway Star,2023.0,8000000.0,53000.0,Pannipitiya,11/13/2025,https://riyasewana.com/buy/nissan-dayz-highway-sale-pannipitiya-10747808,Used
21249,Car,Nissan,Dayz,2023.0,7475000.0,8500.0,Pannipitiya,11/13/2025,https://riyasewana.com/buy/nissan-dayz-sale-pannipitiya-10747794,Recondition
21250,Car,Daihatsu,Taft,2023.0,7790000.0,15000.0,Pannipitiya,11/13/2025,https://riyasewana.com/buy/daihatsu-taft-sale-pannipitiya-10747734,Recondition
21258,Car,Suzuki,Spacia Custom,2024.0,10200000.0,520.0,Gampaha,11/13/2025,https://riyasewana.com/buy/suzuki-spacia-custom-sale-gampaha-10747462,Brand New
21262,Car,Toyota,Yaris X Limited,2023.0,9975000.0,11500.0,Negombo,11/13/2025,https://riyasewana.com/buy/toyota-yaris-x-sale-negombo-10747220,Recondition
21278,Car,Suzuki,WAGON R FX Safety,2024.0,7850000.0,4000.0,Nugegoda,11/13/2025,https://riyasewana.com/buy/suzuki-wagon-r-sale-nugegoda-10746417,Brand New
21298,Car,Suzuki,Hustler,2023.0,7450000.0,7200.0,Kurunegala,11/12/2025,https://riyasewana.com/buy/suzuki-hustler-sale-kurunegala-10745591,Recondition
21306,Car,Daihatsu,Mira,2024.0,6650000.0,1400.0,Kuliyapitiya,11/12/2025,https://riyasewana.com/buy/daihatsu-mira-sale-kuliyapitiya-10745305,Brand New
21309,Car,Suzuki,Wagon R FX SAFETY,2023.0,1800000.0,6000.0,Kandana,11/12/2025,https://riyasewana.com/buy/suzuki-wagon-r-sale-kandana-10745276,Recondition
21311,Car,Suzuki,Wagon R FX SAFETY,2024.0,2000000.0,4000.0,Kandana,11/12/2025,https://riyasewana.com/buy/suzuki-wagon-r-sale-kandana-10745253,Brand New
21314,Car,Suzuki,Wagon R FX SAFETY,2023.0,7375000.0,6000.0,Homagama,11/12/2025,https://riyasewana.com/buy/suzuki-wagon-r-sale-homagama-10745193,Recondition
21321,Car,Toyota,Yaris ATIV Luxury Premium,2025.0,17150000.0,30.0,Colombo,11/12/2025,https://riyasewana.com/buy/toyota-yaris-ativ-sale-colombo-10744973,Brand New
21333,Car,Audi,A3,2023.0,19800000.0,7000.0,Maharagama,11/12/2025,https://riyasewana.com/buy/audi-a3-sale-maharagama-10744606,Recondition
21336,Car,Suzuki,Hustler,2024.0,9200000.0,5000.0,Kalutara,11/12/2025,https://riyasewana.com/buy/suzuki-hustler-sale-kalutara-10744449,Recondition
21337,Car,Toyota,Yaris,2023.0,9800000.0,45000.0,Kalutara,11/12/2025,https://riyasewana.com/buy/toyota-yaris-sale-kalutara-10744427,Recondition
21339,Car,Suzuki,Wagon R Custom Z,2025.0,9075000.0,12.0,Divulapitiya,11/12/2025,https://riyasewana.com/buy/suzuki-wagon-r-sale-divulapitiya-10744375,Brand New
21342,Car,Suzuki,WAGON R CUSTOM Z,2023.0,8950000.0,3450.0,Gampaha,11/12/2025,https://riyasewana.com/buy/suzuki-wagon-r-sale-gampaha-10744312,Brand New
21343,Car,Toyota,Roomy G,2023.0,9350000.0,20000.0,Nittambuwa,11/12/2025,https://riyasewana.com/buy/toyota-roomy-g-sale-nittambuwa-10744302,Recondition
21362,Car,Suzuki,Wagon R FX Safety,2024.0,7590000.0,5000.0,Anuradapura,11/12/2025,https://riyasewana.com/buy/suzuki-wagon-r-sale-anuradapura-10743709,Recondition
21368,Car,Toyota,Yaris X,2023.0,9300000.0,37000.0,Maharagama,11/12/2025,https://riyasewana.com/buy/toyota-yaris-x-sale-maharagama-10743344,Recondition
21385,Car,Toyota,Roomy Custom Gs,2024.0,11000000.0,5000.0,Kurunegala,11/12/2025,https://riyasewana.com/buy/toyota-roomy-custom-sale-kurunegala-10742031,Recondition
21386,Car,Suzuki,Wagon R Custom ZX,2023.0,8850000.0,3000.0,Kadawatha,11/12/2025,https://riyasewana.com/buy/suzuki-wagon-r-sale-kadawatha-10741996,Brand New
21388,Car,Suzuki,Wagon R,2024.0,7350000.0,17000.0,Kurunegala,11/12/2025,https://riyasewana.com/buy/suzuki-wagon-r-sale-kurunegala-10741967,Recondition
21397,Car,Toyota,Yaris X,2023.0,9600000.0,10300.0,Ambalangoda,11/12/2025,https://riyasewana.com/buy/toyota-yaris-x-sale-ambalangoda-10741493,Recondition
21403,Car,Toyota,Axio Hybrid,2024.0,16650000.0,1765.0,Galle,11/12/2025,https://riyasewana.com/buy/toyota-axio-hybrid-sale-galle-10741314,Brand New
21404,Car,Toyota,Corolla WXB,2023.0,19150000.0,3975.0,Galle,11/12/2025,https://riyasewana.com/buy/toyota-corolla-wxb-sale-galle-10741315,Brand New
21459,Car,Suzuki,Spacia,2023.0,7600000.0,38000.0,Pannipitiya,11/11/2025,https://riyasewana.com/buy/suzuki-spacia-sale-pannipitiya-10739289,Recondition
21462,Car,Daihatsu,Hijet Cargo,2023.0,7175000.0,12500.0,Kottawa,11/11/2025,https://riyasewana.com/buy/daihatsu-hijet-cargo-sale-kottawa-10739246,Recondition
21480,Car,Suzuki,Wagon R FX,2025.0,7500000.0,34.0,Battaramulla,11/11/2025,https://riyasewana.com/buy/suzuki-wagon-r-sale-battaramulla-10738781,Brand New
21481,Car,Toyota,Yaris,2023.0,16200000.0,20000.0,Galle,11/11/2025,https://riyasewana.com/buy/toyota-yaris-sale-galle-10738746,Recondition
21484,Car,Nissan,Dayz,2024.0,9000000.0,2500.0,Kuliyapitiya,11/11/2025,https://riyasewana.com/buy/nissan-dayz-sale-kuliyapitiya-10738710,Brand New
21507,Car,Suzuki,Hustler J Style Hybrid,2023.0,8700000.0,17000.0,Kandy,11/11/2025,https://riyasewana.com/buy/suzuki-hustler-j-sale-kandy-10738110,Recondition
21509,Car,Daihatsu,TAFT,2025.0,9200000.0,3500.0,Gampaha,11/11/2025,https://riyasewana.com/buy/daihatsu-taft-sale-gampaha-10737962,Brand New
21514,Car,Nissan,Roox Highway Star G Turbo,2024.0,9350000.0,2350.0,Tangalle,11/11/2025,https://riyasewana.com/buy/nissan-roox-highway-sale-tangalle-10737820,Brand New
21529,Car,Suzuki,Spacia,2023.0,7800000.0,3400.0,Kottawa,11/11/2025,https://riyasewana.com/buy/suzuki-spacia-sale-kottawa-10737380,Brand New
21559,Car,Suzuki,Alto Hybrid S,2024.0,7140000.0,5000.0,Kottawa,11/11/2025,https://riyasewana.com/buy/suzuki-alto-hybrid-sale-kottawa-10735305,Recondition
21575,Car,Suzuki,Wagon R ZX,2024.0,8890000.0,5000.0,Colombo,11/10/2025,https://riyasewana.com/buy/suzuki-wagon-r-sale-colombo-10734785,Recondition
21580,Car,Toyota,Yaris,2024.0,2500000.0,2500.0,Kandana,11/10/2025,https://riyasewana.com/buy/toyota-yaris-sale-kandana-10734460,Brand New
21585,Car,Suzuki,Wagon R Custom Z,2023.0,8800000.0,3000.0,Gampaha,11/10/2025,https://riyasewana.com/buy/suzuki-wagon-r-sale-gampaha-10734310,Brand New
21590,Car,Daihatsu,TAFT G TURBO Dark Chrome Venture,2024.0,8590000.0,8.0,Gampaha,11/10/2025,https://riyasewana.com/buy/daihatsu-taft-g-sale-gampaha-10734224,Brand New
21605,Car,Suzuki,Wagon R,2024.0,7500000.0,3000.0,Kandy,11/10/2025,https://riyasewana.com/buy/suzuki-wagon-r-sale-kandy-10733684,Brand New
21619,Car,Toyota,Roomy Custom GT,2023.0,11200000.0,18000.0,Kandy,11/10/2025,https://riyasewana.com/buy/toyota-roomy-custom-sale-kandy-10733228,Recondition
21624,Car,Honda,N Box,2023.0,9575000.0,9000.0,Kurunegala,11/10/2025,https://riyasewana.com/buy/honda-n-box-sale-kurunegala-10733054,Recondition
21636,Car,Suzuki,Alto,2023.0,6950000.0,10000.0,Kandy,11/10/2025,https://riyasewana.com/buy/suzuki-alto-sale-kandy-10732606,Recondition
21637,Car,Toyota,Yaris X,2023.0,9650000.0,46000.0,Dehiwala-Mount-Lavinia,11/10/2025,https://riyasewana.com/buy/toyota-yaris-x-sale-dehiwala-mount-lavinia-10732576,Recondition
21683,Car,Suzuki,SWIFT RS HYBRID,2024.0,12990000.0,4000.0,Boralesgamuwa,11/10/2025,https://riyasewana.com/buy/suzuki-swift-rs-sale-boralesgamuwa-10730358,Brand New
21695,Car,Toyota,Yaris,2023.0,8950000.0,33500.0,Kurunegala,11/9/2025,https://riyasewana.com/buy/toyota-yaris-sale-kurunegala-10729876,Recondition
21705,Car,Toyota,Yaris,2023.0,16500000.0,18000.0,Negombo,11/9/2025,https://riyasewana.com/buy/toyota-yaris-sale-negombo-10729475,Recondition
21707,Car,Toyota,Roomy,2024.0,1118000.0,4700.0,Colombo,11/9/2025,https://riyasewana.com/buy/toyota-roomy-sale-colombo-10729373,Brand New
21711,Car,Daihatsu,Mira,2024.0,6750000.0,2900.0,Avissawella,11/9/2025,https://riyasewana.com/buy/daihatsu-mira-sale-avissawella-10729264,Brand New
21715,Car,Suzuki,Wagon R FX,2024.0,7300000.0,3000.0,Gampaha,11/9/2025,https://riyasewana.com/buy/suzuki-wagon-r-sale-gampaha-10729185,Brand New
21719,Car,Toyota,Yaris GZ,2023.0,11200000.0,8000.0,Dehiwala-Mount-Lavinia,11/9/2025,https://riyasewana.com/buy/toyota-yaris-gz-sale-dehiwala-mount-lavinia-10729091,Recondition
21721,Car,Suzuki,Spacia XS Custom Turbo,2024.0,9900000.0,3500.0,Dehiwala-Mount-Lavinia,11/9/2025,https://riyasewana.com/buy/suzuki-spacia-xs-sale-dehiwala-mount-lavinia-10729069,Brand New
21727,Car,Daihatsu,Boon,2023.0,8350000.0,250.0,Pannipitiya,11/9/2025,https://riyasewana.com/buy/daihatsu-boon-sale-pannipitiya-10728899,Brand New
21728,Car,Daihatsu,Taft X Grade,2025.0,8775000.0,32.0,Nittambuwa,11/9/2025,https://riyasewana.com/buy/daihatsu-taft-x-sale-nittambuwa-10728898,Brand New
21734,Car,Daihatsu,Thor,2023.0,8900000.0,4500.0,Pannipitiya,11/9/2025,https://riyasewana.com/buy/daihatsu-thor-sale-pannipitiya-10728820,Brand New
21735,Car,Mitsubishi,Ek Wagon,2023.0,7150000.0,8500.0,Pannipitiya,11/9/2025,https://riyasewana.com/buy/mitsubishi-ek-wagon-sale-pannipitiya-10728811,Recondition
21736,Car,Suzuki,Spacia,2023.0,7650000.0,22000.0,Pannipitiya,11/9/2025,https://riyasewana.com/buy/suzuki-spacia-sale-pannipitiya-10728795,Recondition
21740,Car,Toyota,Passo,2023.0,8300000.0,15000.0,Pannipitiya,11/9/2025,https://riyasewana.com/buy/toyota-passo-sale-pannipitiya-10728760,Recondition
21741,Car,Mitsubishi,Ek Wagon,2023.0,7275000.0,1500.0,Pannipitiya,11/9/2025,https://riyasewana.com/buy/mitsubishi-ek-wagon-sale-pannipitiya-10728749,Brand New
21743,Car,Suzuki,Spacia,2023.0,7750000.0,12000.0,Pannipitiya,11/9/2025,https://riyasewana.com/buy/suzuki-spacia-sale-pannipitiya-10728721,Recondition
21744,Car,Mitsubishi,Ek Wagon,2023.0,7225000.0,15000.0,Pannipitiya,11/9/2025,https://riyasewana.com/buy/mitsubishi-ek-wagon-sale-pannipitiya-10728708,Recondition
21747,Car,Suzuki,Spacia,2023.0,7650000.0,38000.0,Pannipitiya,11/9/2025,https://riyasewana.com/buy/suzuki-spacia-sale-pannipitiya-10728684,Recondition
21773,Car,Suzuki,Wagon R Custom ZX,2024.0,8300000.0,6200.0,Gampaha,11/9/2025,https://riyasewana.com/buy/suzuki-wagon-r-sale-gampaha-10727684,Recondition
21790,Car,Nissan,Dayz Highway Star G Turbo Propilot,2023.0,8950000.0,7000.0,Kadawatha,11/9/2025,https://riyasewana.com/buy/nissan-dayz-highway-sale-kadawatha-10726799,Recondition
21793,Car,Daihatsu,Mira ES,2024.0,6650000.0,600.0,Galle,11/9/2025,https://riyasewana.com/buy/daihatsu-mira-es-sale-galle-10726572,Brand New
21811,Car,Suzuki,Spacia G Grade,2024.0,8450000.0,10000.0,Kotikawatta,11/9/2025,https://riyasewana.com/buy/suzuki-spacia-g-sale-kotikawatta-10725809,Recondition
21834,Car,Daihatsu,TAFT G CHROME VENTURE,2023.0,8075000.0,325.0,Kottawa,2/7/2026,https://riyasewana.com/buy/daihatsu-taft-g-sale-kottawa-11167400,Brand New
21835,Car,Nissan,DAYZ HIGHWAY STAR,2023.0,8175000.0,5550.0,Kottawa,2/7/2026,https://riyasewana.com/buy/nissan-dayz-highway-sale-kottawa-11167399,Recondition
21851,Pickup,JAC,T9,2025.0,17500000.0,3100.0,Colombo,2/7/2026,https://riyasewana.com/buy/jac-t9-sale-colombo-11167347,Brand New
21871,Pickup,Mahindra,Bolero City,2026.0,4995000.0,16.0,Gampaha,2/5/2026,https://riyasewana.com/buy/mahindra-bolero-city-sale-gampaha-11162135,Brand New
21951,Pickup,JAC,T9,2025.0,17000000.0,300.0,Colombo,2/5/2026,https://riyasewana.com/buy/jac-t9-sale-colombo-11161463,Brand New
21957,Pickup,Toyota,Hilux,2025.0,23975000.0,5655.0,Kelaniya,2/5/2026,https://riyasewana.com/buy/toyota-hilux-sale-kelaniya-11160795,Recondition
21963,Pickup,Toyota,Hilux GR Sport,2024.0,28950000.0,6354.0,Malabe,2/5/2026,https://riyasewana.com/buy/toyota-hilux-gr-sale-malabe-11160325,Recondition
21966,Pickup,Toyota,HILUX GR SPORT,2025.0,28450000.0,9500.0,Kesbewa,2/5/2026,https://riyasewana.com/buy/toyota-hilux-gr-sale-kesbewa-11160015,Recondition
21974,Pickup,Toyota,Hilux Travo,2025.0,29250000.0,25.0,Divulapitiya,2/5/2026,https://riyasewana.com/buy/toyota-hilux-travo-sale-divulapitiya-11159592,Brand New
22026,Pickup,Toyota,Hilux GR Sport Z,2023.0,24800000.0,17680.0,Embilipitiya,2/4/2026,https://riyasewana.com/buy/toyota-hilux-gr-sale-embilipitiya-11155600,Recondition
22037,Pickup,Toyota,Hilux,2025.0,25500000.0,16600.0,Kurunegala,2/4/2026,https://riyasewana.com/buy/toyota-hilux-sale-kurunegala-11154472,Recondition
22061,Pickup,Toyota,HILUX GR SPORT,2024.0,24200000.0,375.0,Boralesgamuwa,2/4/2026,https://riyasewana.com/buy/toyota-hilux-gr-sale-boralesgamuwa-11153576,Brand New
22083,Pickup,JAC,T9,2025.0,16000000.0,15000.0,Colombo,2/3/2026,https://riyasewana.com/buy/jac-t9-sale-colombo-11150774,Recondition
22087,Pickup,Toyota,HiLUX Rocco,2025.0,25450000.0,5.0,Minuwangoda,2/3/2026,https://riyasewana.com/buy/toyota-hilux-rocco-sale-minuwangoda-11149856,Brand New
22132,Pickup,Toyota,Hilux GR Sport,2025.0,29000000.0,60.0,Kurunegala,2/2/2026,https://riyasewana.com/buy/toyota-hilux-gr-sale-kurunegala-11144135,Brand New
22171,Pickup,Toyota,Hilux,2025.0,24650000.0,650.0,Piliyandala,2/1/2026,https://riyasewana.com/buy/toyota-hilux-sale-piliyandala-11139322,Brand New
22191,Pickup,Toyota,Hilux V Grade 2 8 Lt 4X4,2025.0,25000000.0,2500.0,Ragama,1/31/2026,https://riyasewana.com/buy/toyota-hilux-v-sale-ragama-11135489,Brand New
22201,Pickup,Toyota,Hilux ROCCO,2025.0,26100000.0,8.0,Kelaniya,1/31/2026,https://riyasewana.com/buy/toyota-hilux-rocco-sale-kelaniya-11133761,Brand New
22252,Pickup,JAC,T9,2026.0,16900000.0,1.0,Piliyandala,1/29/2026,https://riyasewana.com/buy/jac-t9-sale-piliyandala-11123644,Brand New
22346,Pickup,Tata,207,2025.0,1450000.0,165853.0,Kegalle,1/25/2026,https://riyasewana.com/buy/tata-207-sale-kegalle-11101721,Used
22384,Pickup,Toyota,HILUX,2025.0,26500000.0,12000.0,Colombo,1/23/2026,https://riyasewana.com/buy/toyota-hilux-sale-colombo-11091996,Recondition
22491,Pickup,Toyota,Hilux Rocco,2025.0,26950000.0,25.0,Kottawa,1/18/2026,https://riyasewana.com/buy/toyota-hilux-rocco-sale-kottawa-11066178,Brand New
22610,Pickup,Toyota,HILUX Rocco,2025.0,25450000.0,5.0,Minuwangoda,1/10/2026,https://riyasewana.com/buy/toyota-hilux-rocco-sale-minuwangoda-11024482,Brand New
22616,Pickup,Mitsubishi,L200,2025.0,22500000.0,4200.0,Homagama,1/9/2026,https://riyasewana.com/buy/mitsubishi-l200-sale-homagama-11021261,Brand New
22633,Pickup,BYD,Shark 6,2025.0,24300000.0,21000.0,Gampaha,1/8/2026,https://riyasewana.com/buy/byd-shark-6-sale-gampaha-11015759,Recondition
22637,Pickup,Toyota,Hilux Rocco,2025.0,25990000.0,10.0,Ja-Ela,1/8/2026,https://riyasewana.com/buy/toyota-hilux-rocco-sale-ja-ela-11014785,Brand New
22696,Pickup,Toyota,Hilux GR Sport,2024.0,23900000.0,23000.0,Gampaha,1/3/2026,https://riyasewana.com/buy/toyota-hilux-gr-sale-gampaha-10987722,Recondition
22700,Pickup,Toyota,HILUX Z JAPAN,2023.0,21875000.0,13000.0,Kadawatha,1/2/2026,https://riyasewana.com/buy/toyota-hilux-z-sale-kadawatha-10984931,Recondition
22719,Pickup,Mahindra,Bolero,2025.0,4995000.0,10.0,Galle,12/31/2025,https://riyasewana.com/buy/mahindra-bolero-sale-galle-10976587,Brand New
22785,Pickup,Ford,Raptor,2025.0,19000000.0,11000.0,Colombo,12/24/2025,https://riyasewana.com/buy/ford-raptor-sale-colombo-10940090,Recondition
22830,Pickup,Toyota,Hilux,2025.0,25200000.0,400.0,Horana,12/19/2025,https://riyasewana.com/buy/toyota-hilux-sale-horana-10916259,Brand New
22860,Pickup,Toyota,Hilux,2025.0,23500000.0,900.0,Colombo,12/16/2025,https://riyasewana.com/buy/toyota-hilux-sale-colombo-10903575,Brand New
22919,Pickup,Toyota,Hilux Rocco,2024.0,25800000.0,390.0,Kegalle,12/11/2025,https://riyasewana.com/buy/toyota-hilux-rocco-sale-kegalle-10876199,Brand New
22924,Pickup,Toyota,Hilux,2024.0,23500000.0,30000.0,Gampaha,12/10/2025,https://riyasewana.com/buy/toyota-hilux-sale-gampaha-10874938,Recondition
22930,Pickup,BYD,Shack 6,2025.0,25000000.0,3000.0,Ratnapura,12/10/2025,https://riyasewana.com/buy/byd-shack-6-sale-ratnapura-10871632,Brand New
23035,Pickup,Toyota,Hilux,2025.0,15500000.0,170187.0,Matara,11/26/2025,https://riyasewana.com/buy/toyota-hilux-sale-matara-10819261,Used
23045,Pickup,Toyota,HILUX GR SPORT,2023.0,23300000.0,18000.0,Colombo,11/25/2025,https://riyasewana.com/buy/toyota-hilux-gr-sale-colombo-10815157,Recondition
23057,Pickup,Mahindra,Bolero,2023.0,4700000.0,5000.0,Horana,11/24/2025,https://riyasewana.com/buy/mahindra-bolero-sale-horana-10811927,Recondition
23069,Pickup,Mahindra,Bolero,2023.0,4700000.0,55000.0,Homagama,11/23/2025,https://riyasewana.com/buy/mahindra-bolero-sale-homagama-10807533,Used
23104,Pickup,BYD,Shark 6,2025.0,26000000.0,6500.0,Kottawa,11/21/2025,https://riyasewana.com/buy/byd-shark-6-sale-kottawa-10790407,Recondition
23111,Pickup,Toyota,Hilux Z GR Sport,2023.0,24200000.0,16000.0,Kandy,11/20/2025,https://riyasewana.com/buy/toyota-hilux-z-sale-kandy-10786264,Recondition
23121,Pickup,Toyota,HILUX GR SPORT,2025.0,29000000.0,567.0,Kurunegala,11/19/2025,https://riyasewana.com/buy/toyota-hilux-gr-sale-kurunegala-10784462,Brand New
23148,Pickup,Toyota,HILUX ROCCO,2024.0,25900000.0,390.0,Kegalle,11/17/2025,https://riyasewana.com/buy/toyota-hilux-rocco-sale-kegalle-10771840,Brand New
23166,Pickup,Toyota,HILUX,2025.0,26500000.0,120.0,Nugegoda,11/15/2025,https://riyasewana.com/buy/toyota-hilux-sale-nugegoda-10762780,Brand New
23188,Pickup,Toyota,Hilux GR Sport Z,2024.0,24000000.0,3800.0,Gampaha,11/14/2025,https://riyasewana.com/buy/toyota-hilux-gr-sale-gampaha-10752253,Brand New
23191,Pickup,Mitsubishi,L200 Triton GSR Ultra,2024.0,27500000.0,3800.0,Piliyandala,11/13/2025,https://riyasewana.com/buy/mitsubishi-l200-triton-sale-piliyandala-10749802,Brand New
23193,Pickup,Toyota,Hilux Gr Sport,2023.0,23800000.0,8000.0,Kandy,11/13/2025,https://riyasewana.com/buy/toyota-hilux-gr-sale-kandy-10749044,Recondition
23232,Pickup,Toyota,Hilux GR Sport Thailand,2024.0,29000000.0,3000.0,Pannala,11/11/2025,https://riyasewana.com/buy/toyota-hilux-gr-sale-pannala-10738066,Brand New
23236,Pickup,Toyota,Hilux Revo Rocco,2025.0,26000000.0,1500.0,Colombo,11/11/2025,https://riyasewana.com/buy/toyota-hilux-revo-sale-colombo-10736686,Brand New
23238,Pickup,Mahindra,BOLERO,2024.0,5190000.0,6250.0,Jaffna,11/11/2025,https://riyasewana.com/buy/mahindra-bolero-sale-jaffna-10735399,Recondition
23243,Pickup,JAC,T9,2025.0,17200000.0,798.0,Colombo,11/10/2025,https://riyasewana.com/buy/jac-t9-sale-colombo-10735086,Brand New
23268,SUV,Nissan,Magnite,2025.0,7990000.0,2500.0,Kurunegala,2/7/2026,https://riyasewana.com/buy/nissan-magnite-sale-kurunegala-11167350,Brand New
23274,SUV,Toyota,Raize,2023.0,14000000.0,1000.0,Colombo,2/6/2026,https://riyasewana.com/buy/toyota-raize-sale-colombo-11167275,Brand New
23295,SUV,Toyota,Raize,2024.0,14500000.0,30000.0,Pannipitiya,2/6/2026,https://riyasewana.com/buy/toyota-raize-sale-pannipitiya-11167037,Recondition
23307,SUV,Toyota,Raize,2025.0,11750000.0,6500.0,Ja-Ela,2/1/2026,https://riyasewana.com/buy/toyota-raize-sale-ja-ela-11140589,Recondition
23341,SUV,Honda,Vezel Z Premium,2023.0,17600000.0,14000.0,Gampaha,2/6/2026,https://riyasewana.com/buy/honda-vezel-z-sale-gampaha-11166397,Recondition
23375,SUV,Toyota,Raize,2025.0,13700000.0,4.0,Wennappuwa,2/6/2026,https://riyasewana.com/buy/toyota-raize-sale-wennappuwa-11165962,Brand New
23379,SUV,Honda,Vezel Z Grade,2023.0,15650000.0,19700.0,Wennappuwa,2/6/2026,https://riyasewana.com/buy/honda-vezel-z-sale-wennappuwa-11165943,Recondition
23380,SUV,Honda,Vezel Z,2023.0,15600000.0,50000.0,Wennappuwa,2/6/2026,https://riyasewana.com/buy/honda-vezel-z-sale-wennappuwa-11165942,Recondition
23387,SUV,Nissan,Magnite,2025.0,9600000.0,3200.0,Colombo,2/6/2026,https://riyasewana.com/buy/nissan-magnite-sale-colombo-11165836,Brand New
23391,SUV,Honda,Vezel Z Play,2025.0,19200000.0,10.0,Colombo,2/6/2026,https://riyasewana.com/buy/honda-vezel-z-sale-colombo-11165754,Brand New
23415,SUV,Honda,Vezel,2025.0,18250000.0,25.0,Divulapitiya,2/6/2026,https://riyasewana.com/buy/honda-vezel-sale-divulapitiya-11165404,Brand New
23442,SUV,Honda,Vezel Z,2025.0,17350000.0,17000.0,Kandy,2/6/2026,https://riyasewana.com/buy/honda-vezel-z-sale-kandy-11164953,Recondition
23456,SUV,Honda,Vezel,2023.0,16990000.0,6000.0,Kandana,2/6/2026,https://riyasewana.com/buy/honda-vezel-sale-kandana-11164639,Recondition
23460,SUV,Chery,Tiggo 4pro,2025.0,11000000.0,10500.0,Colombo,2/6/2026,https://riyasewana.com/buy/chery-tiggo-4pro-sale-colombo-11164584,Recondition
23471,SUV,Nissan,Magnite Tekna,2025.0,9100000.0,4700.0,Homagama,2/6/2026,https://riyasewana.com/buy/nissan-magnite-tekna-sale-homagama-11164461,Brand New
23503,SUV,Nissan,Magnite Accenta,2025.0,7750000.0,5670.0,Kurunegala,2/6/2026,https://riyasewana.com/buy/nissan-magnite-accenta-sale-kurunegala-11164018,Recondition
23518,SUV,Toyota,Rush,2025.0,16500000.0,180.0,Wattala,2/6/2026,https://riyasewana.com/buy/toyota-rush-sale-wattala-11163872,Brand New
23535,SUV,Honda,Vezel X Grade,2025.0,16500000.0,300.0,Kandy,2/6/2026,https://riyasewana.com/buy/honda-vezel-x-sale-kandy-11163666,Brand New
23618,SUV,Honda,Vezel Z Play With Moon Roof.,2023.0,19200000.0,26000.0,Kandana,2/5/2026,https://riyasewana.com/buy/honda-vezel-z-sale-kandana-11162088,Recondition
23632,SUV,Nissan,Magnite Tekna Plus,2025.0,8575000.0,11000.0,Piliyandala,2/5/2026,https://riyasewana.com/buy/nissan-magnite-tekna-sale-piliyandala-11161785,Recondition
23654,SUV,Toyota,Raize Z Grade,2024.0,14100000.0,23.0,Ja-Ela,2/5/2026,https://riyasewana.com/buy/toyota-raize-z-sale-ja-ela-11161284,Brand New
23655,SUV,Honda,Vezel EHEV Z Premium,2025.0,18900000.0,250.0,Colombo,2/5/2026,https://riyasewana.com/buy/honda-vezel-ehev-sale-colombo-11161248,Brand New
23658,SUV,Toyota,Raize Hybrid,2025.0,13700000.0,8200.0,Colombo,2/5/2026,https://riyasewana.com/buy/toyota-raize-hybrid-sale-colombo-11161188,Recondition
23678,SUV,Nissan,Magnite,2025.0,9100000.0,3400.0,Colombo,2/5/2026,https://riyasewana.com/buy/nissan-magnite-sale-colombo-11160879,Brand New
23701,SUV,Toyota,Raize,2025.0,11950000.0,8000.0,Kalmunai,2/5/2026,https://riyasewana.com/buy/toyota-raize-sale-kalmunai-11160548,Recondition
23712,SUV,Toyota,RAIZE TURBO,2023.0,11390000.0,11400.0,Kurunegala,2/5/2026,https://riyasewana.com/buy/toyota-raize-turbo-sale-kurunegala-11160419,Recondition
23728,SUV,Toyota,Raize Z Grade Hybrid,2025.0,14200000.0,100.0,Colombo,2/5/2026,https://riyasewana.com/buy/toyota-raize-z-sale-colombo-11160188,Brand New
23739,SUV,Honda,CRV,2025.0,29500000.0,1500.0,Colombo,2/5/2026,https://riyasewana.com/buy/honda-crv-sale-colombo-11160044,Brand New
23751,SUV,Toyota,Raize 1000cc Turbo,2025.0,12350000.0,3050.0,Kurunegala,2/5/2026,https://riyasewana.com/buy/toyota-raize-1000cc-sale-kurunegala-11159777,Brand New
23761,SUV,Toyota,Yaris Cross PREMIUM LUXURY,2025.0,20700000.0,3.0,Kelaniya,2/5/2026,https://riyasewana.com/buy/toyota-yaris-cross-sale-kelaniya-11159569,Brand New
23778,SUV,Honda,VEZEL Z-PLAY Moon Roof,2025.0,20300000.0,287.0,Colombo,2/5/2026,https://riyasewana.com/buy/honda-vezel-z-play-sale-colombo-11159277,Brand New
23780,SUV,Toyota,Raize,2025.0,14350000.0,287.0,Colombo,2/5/2026,https://riyasewana.com/buy/toyota-raize-sale-colombo-11159268,Brand New
23791,SUV,Toyota,Raize,2025.0,13150000.0,7000.0,Kandy,2/5/2026,https://riyasewana.com/buy/toyota-raize-sale-kandy-11159071,Recondition
23795,SUV,BYD,ATTO 3,2025.0,14900000.0,8000.0,Gampaha,2/5/2026,https://riyasewana.com/buy/byd-atto-3-sale-gampaha-11159033,Recondition
23799,SUV,Toyota,Raize Z Grade Turbo,2023.0,11800000.0,35000.0,Pannipitiya,2/5/2026,https://riyasewana.com/buy/toyota-raize-z-sale-pannipitiya-11158986,Recondition
23807,SUV,Baic,X55 11,2024.0,13500000.0,30000.0,Maharagama,2/5/2026,https://riyasewana.com/buy/baic-x55-11-sale-maharagama-11158842,Recondition
23823,SUV,Toyota,Raize,2025.0,14000000.0,6.0,Kurunegala,2/5/2026,https://riyasewana.com/buy/toyota-raize-sale-kurunegala-11158423,Brand New
23824,SUV,BYD,Atto 3,2024.0,16800000.0,33000.0,Colombo,2/5/2026,https://riyasewana.com/buy/byd-atto-3-sale-colombo-11158388,Recondition
23843,SUV,Kia,Syros,2025.0,9000000.0,7000.0,Galle,2/5/2026,https://riyasewana.com/buy/kia-syros-sale-galle-11157839,Recondition
23862,SUV,Toyota,Raize Hybrid,2023.0,12800000.0,44000.0,Kaduwela,2/4/2026,https://riyasewana.com/buy/toyota-raize-hybrid-sale-kaduwela-11157339,Recondition
23878,SUV,Mahindra,Kuv 100,2024.0,6490000.0,19000.0,Colombo,2/4/2026,https://riyasewana.com/buy/mahindra-kuv-100-sale-colombo-11156985,Recondition
23886,SUV,Volkswagen,T Cross,2023.0,15500000.0,7000.0,Colombo,2/4/2026,https://riyasewana.com/buy/volkswagen-t-cross-sale-colombo-11156698,Recondition
23889,SUV,Volkswagen,T Cross,2023.0,15500000.0,3000.0,Colombo,2/4/2026,https://riyasewana.com/buy/volkswagen-t-cross-sale-colombo-11156664,Brand New
23890,SUV,BYD,Atto 3,2024.0,16500000.0,33000.0,Kesbewa,2/4/2026,https://riyasewana.com/buy/byd-atto-3-sale-kesbewa-11156658,Recondition
23909,SUV,Toyota,Raize Z Grade,2025.0,13850000.0,12.0,Gampaha,2/4/2026,https://riyasewana.com/buy/toyota-raize-z-sale-gampaha-11156043,Brand New
23953,SUV,Honda,Vezel Z Premium,2024.0,18275000.0,6000.0,Matara,2/4/2026,https://riyasewana.com/buy/honda-vezel-z-sale-matara-11154877,Recondition
23954,SUV,Daihatsu,ROCKY E-Smart Premium,2023.0,12200000.0,11000.0,Matara,2/4/2026,https://riyasewana.com/buy/daihatsu-rocky-e-smart-sale-matara-11154866,Recondition
23955,SUV,Toyota,Raize Hybrid G Grade,2023.0,12500000.0,26000.0,Matara,2/4/2026,https://riyasewana.com/buy/toyota-raize-hybrid-sale-matara-11154825,Recondition
23958,SUV,Toyota,Raize,2023.0,12785000.0,7000.0,Colombo,2/4/2026,https://riyasewana.com/buy/toyota-raize-sale-colombo-11154752,Recondition
23961,SUV,Toyota,Raize Z Grade,2023.0,12200000.0,36000.0,Gampaha,2/4/2026,https://riyasewana.com/buy/toyota-raize-z-sale-gampaha-11154711,Recondition
23972,SUV,Toyota,Yaris Cross GR Sport,2023.0,15900000.0,7600.0,Maharagama,2/4/2026,https://riyasewana.com/buy/toyota-yaris-cross-sale-maharagama-11154114,Recondition
23979,SUV,Honda,Vezel Z,2023.0,16300000.0,65000.0,Nugegoda,2/4/2026,https://riyasewana.com/buy/honda-vezel-z-sale-nugegoda-11153866,Used
23986,SUV,Honda,Vezel Z Grade,2024.0,16790000.0,11000.0,Colombo,2/4/2026,https://riyasewana.com/buy/honda-vezel-z-sale-colombo-11153660,Recondition
23988,SUV,Toyota,Yaris Cross GR SPORT,2023.0,15550000.0,19000.0,Dehiwala-Mount-Lavinia,2/4/2026,https://riyasewana.com/buy/toyota-yaris-cross-sale-dehiwala-mount-lavinia-11153610,Recondition
23998,SUV,Honda,Vezel Z,2025.0,18350000.0,280.0,Kadawatha,2/4/2026,https://riyasewana.com/buy/honda-vezel-z-sale-kadawatha-11153313,Brand New
24003,SUV,DFSK,Glory I-Auto,2024.0,14280000.0,27000.0,Keselwatta,2/4/2026,https://riyasewana.com/buy/dfsk-glory-i-auto-sale-keselwatta-11153213,Recondition
24004,SUV,Toyota,Raize,2024.0,12800000.0,9700.0,Kandy,2/4/2026,https://riyasewana.com/buy/toyota-raize-sale-kandy-11153201,Recondition
24009,SUV,Toyota,RAIZE Z Japan,2023.0,11485000.0,10400.0,Malabe,2/4/2026,https://riyasewana.com/buy/toyota-raize-z-sale-malabe-11152965,Recondition
24010,SUV,DFSK,GLORY I,2023.0,11095000.0,98000.0,Piliyandala,2/4/2026,https://riyasewana.com/buy/dfsk-glory-i-sale-piliyandala-11152870,Used
24016,SUV,Suzuki,Xbee,2024.0,10300000.0,6030.0,Malabe,2/4/2026,https://riyasewana.com/buy/suzuki-xbee-sale-malabe-11152603,Recondition
24017,SUV,Honda,Vezel,2024.0,16200000.0,20000.0,Kadawatha,2/4/2026,https://riyasewana.com/buy/honda-vezel-sale-kadawatha-11152573,Recondition
24023,SUV,DFSK,Glory I-Auto,2024.0,14850000.0,19500.0,Kandy,2/4/2026,https://riyasewana.com/buy/dfsk-glory-i-auto-sale-kandy-11152424,Recondition
24030,SUV,Mitsubishi,Eclipse Cross G Limited,2023.0,18850000.0,31000.0,Colombo,2/4/2026,https://riyasewana.com/buy/mitsubishi-eclipse-cross-sale-colombo-11152211,Recondition
24031,SUV,Toyota,YARIS CROSS Z,2023.0,15500000.0,18000.0,Colombo,2/4/2026,https://riyasewana.com/buy/toyota-yaris-cross-sale-colombo-11152198,Recondition
24033,SUV,Daihatsu,ROCKY 1.2 PREMIUM G RAIZE,2024.0,12650000.0,2000.0,Colombo,2/4/2026,https://riyasewana.com/buy/daihatsu-rocky-1-2-sale-colombo-11152196,Brand New
24040,SUV,Honda,VEZEL Z PREMIUM,2024.0,18350000.0,8800.0,Kandy,2/3/2026,https://riyasewana.com/buy/honda-vezel-z-sale-kandy-11151972,Recondition
24041,SUV,Honda,Vezel Premium,2025.0,20500000.0,400.0,Kalutara,2/3/2026,https://riyasewana.com/buy/honda-vezel-premium-sale-kalutara-11151956,Brand New
24046,SUV,Toyota,Yaris Cross Z Grade,2023.0,15800000.0,20000.0,Kandy,2/3/2026,https://riyasewana.com/buy/toyota-yaris-cross-sale-kandy-11151878,Recondition
24052,SUV,Toyota,Raize Z Grade,2023.0,11200000.0,7000.0,Colombo,2/3/2026,https://riyasewana.com/buy/toyota-raize-z-sale-colombo-11151636,Recondition
24055,SUV,Honda,Vezel,2025.0,20485000.0,2025.0,Nugegoda,2/3/2026,https://riyasewana.com/buy/honda-vezel-sale-nugegoda-11151413,Brand New
24057,SUV,Suzuki,XBee Hybrid,2023.0,9590000.0,49500.0,Ja-Ela,2/3/2026,https://riyasewana.com/buy/suzuki-xbee-hybrid-sale-ja-ela-11151273,Recondition
24061,SUV,Toyota,Raize Z,2023.0,12250000.0,13700.0,Ja-Ela,2/3/2026,https://riyasewana.com/buy/toyota-raize-z-sale-ja-ela-11151163,Recondition
24063,SUV,Toyota,Raize Z 1 2 Hybrid,2025.0,13950000.0,13800.0,Ja-Ela,2/3/2026,https://riyasewana.com/buy/toyota-raize-z-sale-ja-ela-11151018,Recondition
24069,SUV,Toyota,Raize Z Grade,2024.0,12100000.0,6000.0,Nugegoda,2/3/2026,https://riyasewana.com/buy/toyota-raize-z-sale-nugegoda-11150848,Recondition
24072,SUV,DFSK,Glory I-Auto,2024.0,14200000.0,29000.0,Kalutara,2/3/2026,https://riyasewana.com/buy/dfsk-glory-i-auto-sale-kalutara-11150720,Recondition
24087,SUV,Toyota,Taisor V Grade,2025.0,3500000.0,1.0,Anuradapura,2/3/2026,https://riyasewana.com/buy/toyota-taisor-v-sale-anuradapura-11150340,Brand New
24096,SUV,Honda,Vezel Z Great12,2023.0,16300000.0,51000.0,Matara,2/3/2026,https://riyasewana.com/buy/honda-vezel-z-sale-matara-11150155,Used
24105,SUV,Honda,VEZEL Z PREMIUM,2025.0,18800000.0,10.0,Battaramulla,2/3/2026,https://riyasewana.com/buy/honda-vezel-z-sale-battaramulla-11149991,Brand New
24108,SUV,Kia,Sonet GTX Plus,2025.0,12150000.0,1000.0,Rajagiriya,2/3/2026,https://riyasewana.com/buy/kia-sonet-gtx-sale-rajagiriya-11149963,Brand New
24162,SUV,Toyota,Raize 1200 Hybrid,2025.0,13750000.0,35.0,Colombo,2/3/2026,https://riyasewana.com/buy/toyota-raize-1200-sale-colombo-11148606,Brand New
24174,SUV,Honda,Vezel Z,2024.0,16550000.0,8500.0,Pannipitiya,2/3/2026,https://riyasewana.com/buy/honda-vezel-z-sale-pannipitiya-11148183,Recondition
24191,SUV,Toyota,Raize Hybrid,2025.0,13375000.0,3500.0,Kuliyapitiya,2/3/2026,https://riyasewana.com/buy/toyota-raize-hybrid-sale-kuliyapitiya-11147486,Brand New
24201,SUV,DFSK,Glory I-Auto,2024.0,14350000.0,16500.0,Colombo,2/2/2026,https://riyasewana.com/buy/dfsk-glory-i-auto-sale-colombo-11146977,Recondition
24215,SUV,Honda,Vezel Z Play,2025.0,20290000.0,269.0,Panadura,2/2/2026,https://riyasewana.com/buy/honda-vezel-z-sale-panadura-11146398,Brand New
24220,SUV,Honda,CRV Spec 7-Seater,2024.0,27990000.0,90.0,Gampaha,2/2/2026,https://riyasewana.com/buy/honda-crv-spec-sale-gampaha-11146167,Brand New
24222,SUV,Toyota,RAIZE Z HYBRID,2025.0,14100000.0,800.0,Colombo,2/2/2026,https://riyasewana.com/buy/toyota-raize-z-sale-colombo-11146083,Brand New
24225,SUV,Toyota,Yaris Cross Z Grade,2023.0,15675000.0,8000.0,Matale,2/2/2026,https://riyasewana.com/buy/toyota-yaris-cross-sale-matale-11145979,Recondition
24226,SUV,Volkswagen,T Cross Tsi Active,2023.0,12925000.0,7700.0,Matale,2/2/2026,https://riyasewana.com/buy/volkswagen-t-cross-sale-matale-11145967,Recondition
24281,SUV,Honda,Vezel Z Premium,2024.0,18850000.0,6000.0,Colombo,2/2/2026,https://riyasewana.com/buy/honda-vezel-z-sale-colombo-11144106,Recondition
24289,SUV,Honda,Vezel RS,2025.0,20000000.0,10.0,Colombo,2/2/2026,https://riyasewana.com/buy/honda-vezel-rs-sale-colombo-11050871,Brand New
24294,SUV,Toyota,Raize Z Grade,2024.0,12300000.0,27000.0,Kelaniya,2/2/2026,https://riyasewana.com/buy/toyota-raize-z-sale-kelaniya-11143968,Recondition
24305,SUV,Toyota,Raize Z Grade,2024.0,13400000.0,301.0,Colombo,2/2/2026,https://riyasewana.com/buy/toyota-raize-z-sale-colombo-11143567,Brand New
24307,SUV,Suzuki,Fronx,2025.0,10150000.0,7000.0,Nugegoda,2/2/2026,https://riyasewana.com/buy/suzuki-fronx-sale-nugegoda-11143556,Recondition
24312,SUV,Toyota,Raize Z Grade,2023.0,11750000.0,23000.0,Hambantota,2/2/2026,https://riyasewana.com/buy/toyota-raize-z-sale-hambantota-11143443,Recondition
24323,SUV,Toyota,Rush,2025.0,17100000.0,12000.0,Matara,2/1/2026,https://riyasewana.com/buy/toyota-rush-sale-matara-11142392,Recondition
24326,SUV,Toyota,Yaris Cross Z,2023.0,15490000.0,29500.0,Ja-Ela,2/1/2026,https://riyasewana.com/buy/toyota-yaris-cross-sale-ja-ela-11142352,Recondition
24329,SUV,Kia,Syros HTX Plus O,2025.0,13300000.0,200.0,Kandy,2/1/2026,https://riyasewana.com/buy/kia-syros-htx-sale-kandy-11142187,Brand New
24371,SUV,Honda,Vezel Z Play,2025.0,20200000.0,243.0,Pannipitiya,2/1/2026,https://riyasewana.com/buy/honda-vezel-z-sale-pannipitiya-11140968,Brand New
24388,SUV,Toyota,Yaris Cross Hybrid Z Grade,2023.0,15490000.0,49991.0,Kalutara,2/1/2026,https://riyasewana.com/buy/toyota-yaris-cross-sale-kalutara-11140669,Recondition
24396,SUV,Daihatsu,ROCKY Premium G,2023.0,11690000.0,8900.0,Pannipitiya,2/1/2026,https://riyasewana.com/buy/daihatsu-rocky-premium-sale-pannipitiya-11140437,Recondition
24403,SUV,Nissan,MAGNITE TEKNA EZSHIFT,2025.0,9200000.0,60.0,Kotikawatta,2/1/2026,https://riyasewana.com/buy/nissan-magnite-tekna-sale-kotikawatta-11140040,Brand New
24407,SUV,Honda,Vezel,2023.0,17200000.0,12500.0,Ambalangoda,2/1/2026,https://riyasewana.com/buy/honda-vezel-sale-ambalangoda-11139914,Recondition
24408,SUV,Toyota,Raize Z Grade,2023.0,11500000.0,1.0,Nugegoda,2/1/2026,https://riyasewana.com/buy/toyota-raize-z-sale-nugegoda-11139901,Brand New
24410,SUV,Daihatsu,Roky Raiz G Grade,2023.0,11650000.0,180004.0,Nugegoda,2/1/2026,https://riyasewana.com/buy/daihatsu-roky-raiz-sale-nugegoda-11139886,Used
24414,SUV,Kia,Sonet GTX Plus,2026.0,12500000.0,12.0,Colombo,2/1/2026,https://riyasewana.com/buy/kia-sonet-gtx-sale-colombo-11139603,Brand New
24416,SUV,Nissan,MAGNITE CVT TURBO,2025.0,9950000.0,200.0,Kotikawatta,2/1/2026,https://riyasewana.com/buy/nissan-magnite-cvt-sale-kotikawatta-11139524,Brand New
24417,SUV,Nissan,MAGNITE TEKNA PLUS EZ-SHIFT,2025.0,9200000.0,50.0,Kotikawatta,2/1/2026,https://riyasewana.com/buy/nissan-magnite-tekna-sale-kotikawatta-11139506,Brand New
24418,SUV,Nissan,MAGNITE TEKNA PLUS EZ-SHIFT,2025.0,9200000.0,100.0,Kotikawatta,2/1/2026,https://riyasewana.com/buy/nissan-magnite-tekna-sale-kotikawatta-11139455,Brand New
24433,SUV,Toyota,Raize,2023.0,11600000.0,31000.0,Kalutara,2/1/2026,https://riyasewana.com/buy/toyota-raize-sale-kalutara-11139037,Recondition
24435,SUV,Toyota,Raize Hybrid Japan,2025.0,14050000.0,10.0,Battaramulla,2/1/2026,https://riyasewana.com/buy/toyota-raize-hybrid-sale-battaramulla-11139000,Brand New
24446,SUV,Toyota,Raize,2023.0,13800000.0,30000.0,Colombo,2/1/2026,https://riyasewana.com/buy/toyota-raize-sale-colombo-11138588,Recondition
24454,SUV,Toyota,Yaris Cross Z,2024.0,16000000.0,12000.0,Gampaha,2/1/2026,https://riyasewana.com/buy/toyota-yaris-cross-sale-gampaha-11138193,Recondition
24461,SUV,DFSK,Glory I-Auto,2024.0,14200000.0,26000.0,Hanwella,2/1/2026,https://riyasewana.com/buy/dfsk-glory-i-auto-sale-hanwella-11137819,Recondition
24466,SUV,BYD,Atto 3,2025.0,16500000.0,15000.0,Colombo,2/1/2026,https://riyasewana.com/buy/byd-atto-3-sale-colombo-11137569,Recondition
24472,SUV,Toyota,Raize,2023.0,12600000.0,12000.0,Colombo,2/1/2026,https://riyasewana.com/buy/toyota-raize-sale-colombo-11137353,Recondition
24502,SUV,Honda,Vezel Z Grade,2023.0,16875000.0,38000.0,Colombo,1/31/2026,https://riyasewana.com/buy/honda-vezel-z-sale-colombo-11136314,Recondition
24507,SUV,Toyota,Raize,2023.0,12500000.0,40000.0,Colombo,1/31/2026,https://riyasewana.com/buy/toyota-raize-sale-colombo-11136136,Recondition
24513,SUV,Toyota,Raize,2023.0,12600000.0,40000.0,Colombo,1/31/2026,https://riyasewana.com/buy/toyota-raize-sale-colombo-11136030,Recondition
24515,SUV,BYD,Sealion 5 Dynamic,2025.0,18200000.0,200.0,Colombo,1/31/2026,https://riyasewana.com/buy/byd-sealion-5-sale-colombo-11135917,Brand New
24531,SUV,Honda,CRV L7 AUSTRALIA,2024.0,29800000.0,100.0,Dehiwala-Mount-Lavinia,1/31/2026,https://riyasewana.com/buy/honda-crv-l7-sale-dehiwala-mount-lavinia-11135303,Brand New
24541,SUV,Toyota,Taisor V Grade,2025.0,11950000.0,146.0,Colombo,1/31/2026,https://riyasewana.com/buy/toyota-taisor-v-sale-colombo-11135025,Brand New
24561,SUV,Honda,Vezel Z Premium,2024.0,16800000.0,23000.0,Kandy,1/31/2026,https://riyasewana.com/buy/honda-vezel-z-sale-kandy-11134594,Recondition
24568,SUV,Toyota,Raize 2WD,2023.0,12690000.0,12000.0,Colombo,1/31/2026,https://riyasewana.com/buy/toyota-raize-2wd-sale-colombo-11134440,Recondition
24573,SUV,Honda,Vezel Z,2024.0,18350000.0,16000.0,Nugegoda,1/31/2026,https://riyasewana.com/buy/honda-vezel-z-sale-nugegoda-11134129,Recondition
24580,SUV,Toyota,Raize,2025.0,13975000.0,265.0,Gampaha,1/31/2026,https://riyasewana.com/buy/toyota-raize-sale-gampaha-11133784,Brand New
24586,SUV,Honda,Vezel Z,2024.0,17500000.0,9000.0,Nugegoda,1/31/2026,https://riyasewana.com/buy/honda-vezel-z-sale-nugegoda-11133343,Recondition
24606,SUV,Honda,Vezel Z Premium,2024.0,18100000.0,6000.0,Matara,1/31/2026,https://riyasewana.com/buy/honda-vezel-z-sale-matara-11132676,Recondition
24652,SUV,Honda,Vezel Z,2024.0,18650000.0,6000.0,Nugegoda,1/30/2026,https://riyasewana.com/buy/honda-vezel-z-sale-nugegoda-11130729,Recondition
24671,SUV,DFSK,Glory I-Auto,2024.0,14200000.0,28500.0,Avissawella,1/30/2026,https://riyasewana.com/buy/dfsk-glory-i-auto-sale-avissawella-11129872,Recondition
24673,SUV,Suzuki,Jimny JB64W XC,2025.0,9650000.0,5800.0,Malabe,1/30/2026,https://riyasewana.com/buy/suzuki-jimny-jb64w-sale-malabe-11129776,Recondition
24674,SUV,Honda,VEZEL Z GRADE,2023.0,16500000.0,19800.0,Negombo,1/30/2026,https://riyasewana.com/buy/honda-vezel-z-sale-negombo-11129774,Recondition
24678,SUV,BYD,SEALION 6,2025.0,20775000.0,7000.0,Colombo,1/30/2026,https://riyasewana.com/buy/byd-sealion-6-sale-colombo-11129656,Recondition
24679,SUV,DFSK,GLORY I,2023.0,11975000.0,17200.0,Malabe,1/30/2026,https://riyasewana.com/buy/dfsk-glory-i-sale-malabe-11129650,Recondition
24685,SUV,Honda,Vezel X,2024.0,15300000.0,13499.0,Colombo,1/30/2026,https://riyasewana.com/buy/honda-vezel-x-sale-colombo-11129565,Recondition
24686,SUV,Honda,Vezel Z,2025.0,18950000.0,3.0,Colombo,1/30/2026,https://riyasewana.com/buy/honda-vezel-z-sale-colombo-11129545,Brand New
24700,SUV,Honda,Vezel Z Premium,2024.0,18000000.0,5000.0,Colombo,1/30/2026,https://riyasewana.com/buy/honda-vezel-z-sale-colombo-11129206,Recondition
24707,SUV,Toyota,Corolla Cross,2024.0,25300000.0,4600.0,Battaramulla,1/30/2026,https://riyasewana.com/buy/toyota-corolla-cross-sale-battaramulla-11129018,Brand New
24708,SUV,Honda,Vezel E HEV Z,2025.0,18400000.0,40.0,Colombo,1/30/2026,https://riyasewana.com/buy/honda-vezel-e-sale-colombo-11129015,Brand New
24716,SUV,DFSK,Glory I-Auto,2024.0,14275000.0,25000.0,Colombo,1/30/2026,https://riyasewana.com/buy/dfsk-glory-i-auto-sale-colombo-11128840,Recondition
24719,SUV,Toyota,Raize Hybrid,2024.0,13375000.0,5000.0,Kesbewa,1/30/2026,https://riyasewana.com/buy/toyota-raize-hybrid-sale-kesbewa-11128725,Recondition
24722,SUV,DFSK,Glory I-Auto,2024.0,14050000.0,38000.0,Colombo,1/30/2026,https://riyasewana.com/buy/dfsk-glory-i-auto-sale-colombo-11128633,Recondition
24752,SUV,Nissan,Magnite Tekna Plus EZ-Shift,2025.0,8650000.0,750.0,Anuradapura,1/30/2026,https://riyasewana.com/buy/nissan-magnite-tekna-sale-anuradapura-11127514,Brand New
24795,SUV,DFSK,I-Auto,2023.0,11400000.0,48850.0,Hatton,1/29/2026,https://riyasewana.com/buy/dfsk-i-auto-sale-hatton-11126063,Recondition
24823,SUV,Toyota,Raize Z Grade,2025.0,12900000.0,5000.0,Moneragala,1/29/2026,https://riyasewana.com/buy/toyota-raize-z-sale-moneragala-11124883,Recondition
24839,SUV,Honda,Vezel Z Play,2025.0,18500000.0,10.0,Kurunegala,1/29/2026,https://riyasewana.com/buy/honda-vezel-z-sale-kurunegala-11124339,Brand New
24841,SUV,Toyota,Raize 1 2L Hybrid,2023.0,12800000.0,20000.0,Dehiwala-Mount-Lavinia,1/29/2026,https://riyasewana.com/buy/toyota-raize-1-sale-dehiwala-mount-lavinia-11124318,Recondition
24863,SUV,Honda,Vezel Z,2024.0,16950000.0,8000.0,Matara,1/29/2026,https://riyasewana.com/buy/honda-vezel-z-sale-matara-11123597,Recondition
24868,SUV,Toyota,Raize,2025.0,13000000.0,925.0,Colombo,1/29/2026,https://riyasewana.com/buy/toyota-raize-sale-colombo-11123127,Brand New
24893,SUV,DFSK,Glory I-Auto,2024.0,13000000.0,11200.0,Galle,1/29/2026,https://riyasewana.com/buy/dfsk-glory-i-auto-sale-galle-11121587,Recondition
24902,SUV,Toyota,Raize G Japan,2023.0,11800000.0,9000.0,Gampaha,1/28/2026,https://riyasewana.com/buy/toyota-raize-g-sale-gampaha-11121153,Recondition
24939,SUV,Honda,Vezel EHev Z PlayL HEV,2024.0,19900000.0,8500.0,Dehiwala-Mount-Lavinia,1/28/2026,https://riyasewana.com/buy/honda-vezel-ehev-sale-dehiwala-mount-lavinia-11119419,Recondition
24940,SUV,Toyota,YARIS CROSS Z HEV,2023.0,16800000.0,6200.0,Dehiwala-Mount-Lavinia,1/28/2026,https://riyasewana.com/buy/toyota-yaris-cross-sale-dehiwala-mount-lavinia-11119417,Recondition
24943,SUV,Honda,Vezel Z Premium,2025.0,18875000.0,350.0,Kandy,1/28/2026,https://riyasewana.com/buy/honda-vezel-z-sale-kandy-11119210,Brand New
24954,SUV,Honda,Vezel,2025.0,17900000.0,100.0,Kandy,1/28/2026,https://riyasewana.com/buy/honda-vezel-sale-kandy-11118630,Brand New
24960,SUV,Toyota,Raize,2024.0,13100000.0,17800.0,Gampaha,1/28/2026,https://riyasewana.com/buy/toyota-raize-sale-gampaha-11118449,Recondition
24966,SUV,Honda,Vezel Z Sunlight,2023.0,17300000.0,10500.0,Matale,1/28/2026,https://riyasewana.com/buy/honda-vezel-z-sale-matale-11118223,Recondition
24973,SUV,Honda,VEZEL Z PLAY MOONROOF,2025.0,20050000.0,5.0,Tangalle,1/28/2026,https://riyasewana.com/buy/honda-vezel-z-sale-tangalle-11117819,Brand New
25001,SUV,DFSK,Glory I-Auto,2023.0,13475000.0,4000.0,Colombo,1/27/2026,https://riyasewana.com/buy/dfsk-glory-i-auto-sale-colombo-11116161,Brand New
25016,SUV,Mahindra,KUV 100 Nxt K6,2024.0,6500000.0,19000.0,Colombo,1/27/2026,https://riyasewana.com/buy/mahindra-kuv-100-sale-colombo-11115322,Recondition
25026,SUV,Nissan,Magnite Tekna AMT ACCENTA,2025.0,7900000.0,5000.0,Kurunegala,1/27/2026,https://riyasewana.com/buy/nissan-magnite-tekna-sale-kurunegala-11114853,Recondition
25032,SUV,DFSK,Glory I-Auto,2023.0,11990000.0,17000.0,Colombo,1/27/2026,https://riyasewana.com/buy/dfsk-glory-i-auto-sale-colombo-11114782,Recondition
25054,SUV,Honda,Vezel Z Grade,2025.0,17950000.0,600.0,Kiribathgoda,1/27/2026,https://riyasewana.com/buy/honda-vezel-z-sale-kiribathgoda-11113816,Brand New
25060,SUV,Daihatsu,ROCKY PREMIUM G HEV,2025.0,13350000.0,2656.0,Piliyandala,1/27/2026,https://riyasewana.com/buy/daihatsu-rocky-premium-sale-piliyandala-11113522,Brand New
25061,SUV,Toyota,Yaris Cross Z,2023.0,14600000.0,26000.0,Malabe,1/27/2026,https://riyasewana.com/buy/toyota-yaris-cross-sale-malabe-11113273,Recondition
25062,SUV,Honda,Vezel Z Grade,2025.0,17600000.0,230.0,Homagama,1/27/2026,https://riyasewana.com/buy/honda-vezel-z-sale-homagama-11113307,Brand New
25067,SUV,Honda,Vezel X,2023.0,16400000.0,26000.0,Galle,1/27/2026,https://riyasewana.com/buy/honda-vezel-x-sale-galle-11113218,Recondition
25068,SUV,Honda,VEZEL Z,2025.0,17900000.0,6000.0,Panadura,1/27/2026,https://riyasewana.com/buy/honda-vezel-z-sale-panadura-11113220,Recondition
25075,SUV,Toyota,Raize Hybrid Z Premium,2025.0,13850000.0,23.0,Colombo,1/27/2026,https://riyasewana.com/buy/toyota-raize-hybrid-sale-colombo-11112893,Brand New
25102,SUV,Tesla,Model Y,2023.0,25000000.0,23000.0,Colombo,1/26/2026,https://riyasewana.com/buy/tesla-model-y-sale-colombo-11111253,Recondition
25111,SUV,Volkswagen,Id4,2024.0,28000000.0,1500.0,Negombo,1/26/2026,https://riyasewana.com/buy/volkswagen-id4-sale-negombo-11110727,Brand New
25117,SUV,Kia,Syros,2025.0,12700000.0,500.0,Boralesgamuwa,1/26/2026,https://riyasewana.com/buy/kia-syros-sale-boralesgamuwa-11110552,Brand New
25121,SUV,Toyota,Voxy SZ Highest Spec,2024.0,29750000.0,7000.0,Colombo,1/26/2026,https://riyasewana.com/buy/toyota-voxy-sz-sale-colombo-11110321,Recondition
25124,SUV,DFSK,Glory I-Auto,2024.0,14350000.0,25000.0,Padukka,1/26/2026,https://riyasewana.com/buy/dfsk-glory-i-auto-sale-padukka-11110166,Recondition
25128,SUV,Honda,Vezel Z Play,2025.0,19850000.0,10.0,Kandy,1/26/2026,https://riyasewana.com/buy/honda-vezel-z-sale-kandy-11109956,Brand New
25152,SUV,DFSK,Glory I-Auto,2023.0,13000000.0,21000.0,Tangalle,1/26/2026,https://riyasewana.com/buy/dfsk-glory-i-auto-sale-tangalle-11108995,Recondition
25170,SUV,Honda,Vezel Z Play,2025.0,20300000.0,3500.0,Wattala,1/26/2026,https://riyasewana.com/buy/honda-vezel-z-sale-wattala-11108155,Brand New
25188,SUV,Honda,Vezel Z Play,2023.0,17000000.0,14000.0,Kalutara,1/25/2026,https://riyasewana.com/buy/honda-vezel-z-sale-kalutara-11106830,Recondition
25221,SUV,Kia,Sonet GTX Plus,2025.0,12600000.0,1.0,Kandy,1/25/2026,https://riyasewana.com/buy/kia-sonet-gtx-sale-kandy-11105008,Brand New
25224,SUV,Honda,Vezel Z,2024.0,17500000.0,11850.0,Moratuwa,1/25/2026,https://riyasewana.com/buy/honda-vezel-z-sale-moratuwa-11104892,Recondition
25253,SUV,Nissan,MAGNITE ACCENTA,2025.0,8100000.0,50.0,Kotikawatta,1/25/2026,https://riyasewana.com/buy/nissan-magnite-accenta-sale-kotikawatta-11103407,Brand New
25254,SUV,Nissan,MAGNITE TEKNA EZ-SHIFT,2025.0,9200000.0,50.0,Kotikawatta,1/25/2026,https://riyasewana.com/buy/nissan-magnite-tekna-sale-kotikawatta-11103408,Brand New
25258,SUV,Honda,Vezel Z Play Premium With Moon Roof,2024.0,19700000.0,10000.0,Galle,1/25/2026,https://riyasewana.com/buy/honda-vezel-z-sale-galle-11103145,Recondition
25260,SUV,Subaru,Rez,2023.0,11950000.0,11000.0,Galle,1/25/2026,https://riyasewana.com/buy/subaru-rez-sale-galle-11103107,Recondition
25264,SUV,Honda,ZRV,2023.0,21700000.0,5300.0,Colombo,1/25/2026,https://riyasewana.com/buy/honda-zrv-sale-colombo-11102903,Recondition
25269,SUV,Honda,Vezel,2023.0,14950000.0,25000.0,Kotte,1/25/2026,https://riyasewana.com/buy/honda-vezel-sale-kotte-11102427,Recondition
25299,SUV,Mahindra,KUV 100,2024.0,7000000.0,3935.0,Colombo,1/24/2026,https://riyasewana.com/buy/mahindra-kuv-100-sale-colombo-11100075,Brand New
25317,SUV,Peugeot,408 GT Line Fastback,2023.0,28500000.0,8900.0,Colombo,1/24/2026,https://riyasewana.com/buy/peugeot-408-gt-sale-colombo-11099337,Recondition
25325,SUV,Toyota,Raize,2024.0,12975000.0,1500.0,Colombo,1/24/2026,https://riyasewana.com/buy/toyota-raize-sale-colombo-11098606,Brand New
25330,SUV,Nissan,Magnite,2025.0,7850000.0,2456.0,Kurunegala,1/24/2026,https://riyasewana.com/buy/nissan-magnite-sale-kurunegala-11098458,Brand New
25337,SUV,Toyota,Raize Z Grade Hybrid,2024.0,13490000.0,9000.0,Kottawa,1/24/2026,https://riyasewana.com/buy/toyota-raize-z-sale-kottawa-11098135,Recondition
25344,SUV,Toyota,Raize Z Hybrid,2025.0,13925000.0,12.0,Colombo,1/24/2026,https://riyasewana.com/buy/toyota-raize-z-sale-colombo-11097862,Brand New
25366,SUV,Honda,Vezel Z,2024.0,17500000.0,1.0,Kurunegala,1/24/2026,https://riyasewana.com/buy/honda-vezel-z-sale-kurunegala-11096088,Brand New
25370,SUV,DFSK,Glory I-Auto,2024.0,14350000.0,30000.0,Ja-Ela,1/24/2026,https://riyasewana.com/buy/dfsk-glory-i-auto-sale-ja-ela-11095703,Recondition
25378,SUV,DFSK,Glory I-Auto,2023.0,10800000.0,65000.0,Kadawatha,1/23/2026,https://riyasewana.com/buy/dfsk-glory-i-auto-sale-kadawatha-11095245,Used
25398,SUV,Toyota,Raize Z,2025.0,12700000.0,10.0,Katunayake,1/23/2026,https://riyasewana.com/buy/toyota-raize-z-sale-katunayake-11093770,Brand New
25399,SUV,Mahindra,Kuv 100,2024.0,6590000.0,19000.0,Colombo,1/23/2026,https://riyasewana.com/buy/mahindra-kuv-100-sale-colombo-11093728,Recondition
25401,SUV,MG,ZS MCE,2025.0,12050000.0,1000.0,Homagama,1/23/2026,https://riyasewana.com/buy/mg-zs-mce-sale-homagama-11093607,Brand New
25409,SUV,Toyota,Raize Hybrid,2024.0,13650000.0,5000.0,Piliyandala,1/23/2026,https://riyasewana.com/buy/toyota-raize-hybrid-sale-piliyandala-11093112,Recondition
25426,SUV,DFSK,GLORY I,2023.0,13475000.0,4000.0,Malabe,1/23/2026,https://riyasewana.com/buy/dfsk-glory-i-sale-malabe-11092346,Brand New
25438,SUV,Honda,Vezel Z PREMIUM,2025.0,18675000.0,4.0,Colombo,1/23/2026,https://riyasewana.com/buy/honda-vezel-z-sale-colombo-11091762,Brand New
25453,SUV,Honda,Vezel Z Grade,2025.0,17800000.0,300.0,Colombo,1/23/2026,https://riyasewana.com/buy/honda-vezel-z-sale-colombo-11091036,Brand New
25455,SUV,DFSK,GLORY 580,2024.0,8800000.0,57000.0,Horana,1/23/2026,https://riyasewana.com/buy/dfsk-glory-580-sale-horana-11090720,Used
25457,SUV,DFSK,Glory I-Auto,2024.0,2875000.0,70000.0,Gampaha,1/23/2026,https://riyasewana.com/buy/dfsk-glory-i-auto-sale-gampaha-11090494,Used
25487,SUV,Daihatsu,ROCKY PREMIUM G,2023.0,1150000.0,15000.0,Nugegoda,1/22/2026,https://riyasewana.com/buy/daihatsu-rocky-premium-sale-nugegoda-11089170,Recondition
25489,SUV,Daihatsu,Rocky G Premim,2023.0,12950000.0,18537.0,Polgahawela,1/22/2026,https://riyasewana.com/buy/daihatsu-rocky-g-sale-polgahawela-11089093,Recondition
25494,SUV,Mahindra,KUV 100 NXT,2023.0,6375000.0,54000.0,Balangoda,1/22/2026,https://riyasewana.com/buy/mahindra-kuv-100-sale-balangoda-11088716,Used
25496,SUV,Honda,Vezel Z Grade,2025.0,17550000.0,20.0,Colombo,1/22/2026,https://riyasewana.com/buy/honda-vezel-z-sale-colombo-11088523,Brand New
25497,SUV,Kia,Syros HTX Plus,2025.0,12950000.0,1.0,Colombo,1/22/2026,https://riyasewana.com/buy/kia-syros-htx-sale-colombo-11088515,Brand New
25499,SUV,Nissan,X-TRAIL E-POWER Limited,2024.0,25995000.0,19900.0,Colombo,1/22/2026,https://riyasewana.com/buy/nissan-x-trail-e-power-sale-colombo-11088474,Recondition
25500,SUV,Toyota,Yaris Cross GR Sport,2024.0,16995000.0,23000.0,Colombo,1/22/2026,https://riyasewana.com/buy/toyota-yaris-cross-sale-colombo-11088459,Recondition
25504,SUV,Toyota,Raize Z,2025.0,13495000.0,11000.0,Colombo,1/22/2026,https://riyasewana.com/buy/toyota-raize-z-sale-colombo-11088362,Recondition
25505,SUV,Nissan,X-TRAIL E-POWER,2024.0,26995000.0,900.0,Colombo,1/22/2026,https://riyasewana.com/buy/nissan-x-trail-e-power-sale-colombo-11088333,Brand New
25506,SUV,Toyota,Raize Z,2024.0,13495000.0,18000.0,Colombo,1/22/2026,https://riyasewana.com/buy/toyota-raize-z-sale-colombo-11088315,Recondition
25507,SUV,Toyota,Urban Cruiser,2025.0,17450000.0,1.0,Colombo,1/22/2026,https://riyasewana.com/buy/toyota-urban-cruiser-sale-colombo-11088276,Brand New
25508,SUV,Honda,VEZEL X,2024.0,16250000.0,20000.0,Gampaha,1/22/2026,https://riyasewana.com/buy/honda-vezel-x-sale-gampaha-11088274,Recondition
25524,SUV,Toyota,Raize Z Hybrid,2024.0,13800000.0,5000.0,Malabe,1/22/2026,https://riyasewana.com/buy/toyota-raize-z-sale-malabe-11087686,Recondition
25526,SUV,DFSK,Glory I-Auto,2024.0,14490000.0,25000.0,Moratuwa,1/22/2026,https://riyasewana.com/buy/dfsk-glory-i-auto-sale-moratuwa-11087606,Recondition
25527,SUV,BYD,Sealion 6,2025.0,20750000.0,5000.0,Colombo,1/22/2026,https://riyasewana.com/buy/byd-sealion-6-sale-colombo-11087498,Recondition
25538,SUV,Daihatsu,Rocky Premium G Hybrid,2024.0,13500000.0,14800.0,Nittambuwa,1/22/2026,https://riyasewana.com/buy/daihatsu-rocky-premium-sale-nittambuwa-11086508,Recondition
25573,SUV,DFSK,Glory I-Auto,2024.0,16200000.0,10000.0,Kegalle,1/22/2026,https://riyasewana.com/buy/dfsk-glory-i-auto-sale-kegalle-11084991,Recondition
25592,SUV,Honda,CRV Vti-L7,2023.0,29000000.0,9000.0,Dehiwala-Mount-Lavinia,1/21/2026,https://riyasewana.com/buy/honda-crv-vti-l7-sale-dehiwala-mount-lavinia-11083977,Recondition
25594,SUV,Nissan,KICKSXSTYLE EDITION PRO PILOT,2024.0,14400000.0,8000.0,Gampaha,1/21/2026,https://riyasewana.com/buy/nissan-kicksxstyle-edition-sale-gampaha-11083760,Recondition
25597,SUV,DFSK,Glory I-Auto,2024.0,14750000.0,17000.0,Kotte,1/21/2026,https://riyasewana.com/buy/dfsk-glory-i-auto-sale-kotte-11083567,Recondition
25623,SUV,Nissan,MAGNITE TEKNA PLUS EZ-SHIFT,2025.0,9000000.0,50.0,Kotikawatta,1/21/2026,https://riyasewana.com/buy/nissan-magnite-tekna-sale-kotikawatta-11082298,Brand New
25624,SUV,Nissan,MAGNITE TEKNA PLUS EZ-SHIFT,2025.0,9250000.0,100.0,Kotikawatta,1/21/2026,https://riyasewana.com/buy/nissan-magnite-tekna-sale-kotikawatta-11082299,Brand New
25655,SUV,Honda,Vezel Z Play,2024.0,19800000.0,250.0,Gampaha,1/20/2026,https://riyasewana.com/buy/honda-vezel-z-sale-gampaha-11079859,Brand New
25656,SUV,Honda,Vezel Z Grade,2025.0,18000000.0,200.0,Colombo,1/20/2026,https://riyasewana.com/buy/honda-vezel-z-sale-colombo-11079848,Brand New
25662,SUV,Kia,SONET,2025.0,12800000.0,8300.0,Nugegoda,1/20/2026,https://riyasewana.com/buy/kia-sonet-sale-nugegoda-11079286,Recondition
25688,SUV,Toyota,Yaris Cross Z,2025.0,17800000.0,28.0,Galle,1/20/2026,https://riyasewana.com/buy/toyota-yaris-cross-sale-galle-11077710,Brand New
25692,SUV,Honda,Vezel Z E-HEV Play,2024.0,17800000.0,8000.0,Gampaha,1/20/2026,https://riyasewana.com/buy/honda-vezel-z-sale-gampaha-11077517,Recondition
25695,SUV,Toyota,Raize Z Grade 1 2L,2023.0,12990000.0,5600.0,Kalutara,1/20/2026,https://riyasewana.com/buy/toyota-raize-z-sale-kalutara-11077397,Recondition
25697,SUV,DFSK,Glory I-Auto,2023.0,12500000.0,38459.0,Colombo,1/20/2026,https://riyasewana.com/buy/dfsk-glory-i-auto-sale-colombo-11077165,Recondition
25704,SUV,Nissan,Magnite,2025.0,9850000.0,2500.0,Ja-Ela,1/20/2026,https://riyasewana.com/buy/nissan-magnite-sale-ja-ela-11076811,Brand New
25714,SUV,Honda,Vezel Z,2025.0,18000000.0,240.0,Colombo,1/20/2026,https://riyasewana.com/buy/honda-vezel-z-sale-colombo-11076430,Brand New
25754,SUV,Toyota,Raize,2023.0,12200000.0,23000.0,Galle,1/19/2026,https://riyasewana.com/buy/toyota-raize-sale-galle-11073662,Recondition
25755,SUV,Toyota,Raize G Grade,2024.0,13800000.0,3300.0,Panadura,1/19/2026,https://riyasewana.com/buy/toyota-raize-g-sale-panadura-11073579,Brand New
25756,SUV,DFSK,Glory I-Auto,2024.0,14450000.0,19500.0,Kesbewa,1/19/2026,https://riyasewana.com/buy/dfsk-glory-i-auto-sale-kesbewa-11073538,Recondition
25801,SUV,Mahindra,KUV 100,2024.0,6950000.0,33000.0,Marawila,1/19/2026,https://riyasewana.com/buy/mahindra-kuv-100-sale-marawila-11071164,Recondition
25805,SUV,Toyota,Raize Z Grade Hybrid,2025.0,13800000.0,1.0,Gampaha,1/19/2026,https://riyasewana.com/buy/toyota-raize-z-sale-gampaha-11070406,Brand New
25806,SUV,Toyota,Raize,2025.0,12600000.0,1.0,Gampaha,1/19/2026,https://riyasewana.com/buy/toyota-raize-sale-gampaha-11070407,Brand New
25809,SUV,Mahindra,KUV 100,2024.0,7300000.0,13000.0,Negombo,1/19/2026,https://riyasewana.com/buy/mahindra-kuv-100-sale-negombo-11070178,Recondition
25818,SUV,Lexus,LBX- Relax,2024.0,25000000.0,2000.0,Maharagama,1/18/2026,https://riyasewana.com/buy/lexus-lbx--relax-sale-maharagama-11069742,Brand New
25822,SUV,Mahindra,KUV 100,2024.0,6550000.0,55000.0,Bandaragama,1/18/2026,https://riyasewana.com/buy/mahindra-kuv-100-sale-bandaragama-11069642,Used
25823,SUV,DFSK,Glory I-Auto,2024.0,14190000.0,17500.0,Colombo,1/18/2026,https://riyasewana.com/buy/dfsk-glory-i-auto-sale-colombo-11069615,Recondition
25863,SUV,Suzuki,JIMNY JAPAN,2023.0,10700000.0,12000.0,Nittambuwa,1/18/2026,https://riyasewana.com/buy/suzuki-jimny-japan-sale-nittambuwa-11067540,Recondition
25872,SUV,Honda,Vezel,2025.0,17700000.0,6.0,Matara,1/18/2026,https://riyasewana.com/buy/honda-vezel-sale-matara-11066882,Brand New
25897,SUV,BYD,Sealion 6,2025.0,22000000.0,6000.0,Homagama,1/18/2026,https://riyasewana.com/buy/byd-sealion-6-sale-homagama-11064704,Recondition
25903,SUV,Honda,VEZEL Z PLAY MOONROOF,2023.0,18500000.0,48000.0,Colombo,1/18/2026,https://riyasewana.com/buy/honda-vezel-z-sale-colombo-11064575,Recondition
25904,SUV,Honda,Vezel Z Premium,2024.0,18450000.0,900.0,Battaramulla,1/17/2026,https://riyasewana.com/buy/honda-vezel-z-sale-battaramulla-11064482,Brand New
25918,SUV,Honda,Vezel Z Grade,2025.0,17650000.0,21.0,Moratuwa,1/17/2026,https://riyasewana.com/buy/honda-vezel-z-sale-moratuwa-11063606,Brand New
25919,SUV,Toyota,Raize Z Grade,2023.0,11700000.0,22000.0,Moratuwa,1/17/2026,https://riyasewana.com/buy/toyota-raize-z-sale-moratuwa-11063607,Recondition
25934,SUV,Toyota,Raize,2025.0,14350000.0,380.0,Kandy,1/17/2026,https://riyasewana.com/buy/toyota-raize-sale-kandy-11062736,Brand New
25962,SUV,Honda,Vezel Z,2025.0,18850000.0,2.0,Kandy,1/17/2026,https://riyasewana.com/buy/honda-vezel-z-sale-kandy-11061439,Brand New
25969,SUV,Toyota,Raize Z Grade,2023.0,12390000.0,17900.0,Mirigama,1/17/2026,https://riyasewana.com/buy/toyota-raize-z-sale-mirigama-11060952,Recondition
25984,SUV,Honda,Vezel,2025.0,17750000.0,1500.0,Colombo,1/17/2026,https://riyasewana.com/buy/honda-vezel-sale-colombo-11059770,Brand New
25985,SUV,DFSK,Glory I-Auto,2024.0,14100000.0,16000.0,Hanwella,1/17/2026,https://riyasewana.com/buy/dfsk-glory-i-auto-sale-hanwella-11059719,Recondition
25986,SUV,Honda,Vezel Z Play Premium,2025.0,21000000.0,26.0,Colombo,1/17/2026,https://riyasewana.com/buy/honda-vezel-z-sale-colombo-11059667,Brand New
25991,SUV,Toyota,Raize HYBRID,2023.0,12450000.0,8000.0,Colombo,1/17/2026,https://riyasewana.com/buy/toyota-raize-hybrid-sale-colombo-11059116,Recondition
25999,SUV,Toyota,Yaris Cross,2023.0,15525000.0,15000.0,Kotte,1/16/2026,https://riyasewana.com/buy/toyota-yaris-cross-sale-kotte-11058363,Recondition
26000,SUV,DFSK,Glory 580 Turbo,2023.0,9450000.0,24999.0,Piliyandala,1/16/2026,https://riyasewana.com/buy/dfsk-glory-580-sale-piliyandala-11058360,Recondition
26011,SUV,Honda,Vezel Z Play Moonroof,2025.0,20200000.0,15.0,Colombo,1/16/2026,https://riyasewana.com/buy/honda-vezel-z-sale-colombo-11057668,Brand New
26024,SUV,DFSK,I-Auto,2024.0,14250000.0,12900.0,Pannipitiya,1/16/2026,https://riyasewana.com/buy/dfsk-i-auto-sale-pannipitiya-11056775,Recondition
26027,SUV,Honda,Vezel Z Play Moon Roof,2025.0,20500000.0,5.0,Horana,1/16/2026,https://riyasewana.com/buy/honda-vezel-z-sale-horana-11056656,Brand New
26043,SUV,Toyota,Raize Z Hybrid,2024.0,13750000.0,900.0,Colombo,1/16/2026,https://riyasewana.com/buy/toyota-raize-z-sale-colombo-11055605,Brand New
26055,SUV,Baic,Highest Grade,2025.0,14500000.0,10000.0,Colombo,1/16/2026,https://riyasewana.com/buy/baic-highest-grade-sale-colombo-11054786,Recondition
26064,SUV,Toyota,Raize G Turbo,2023.0,12300000.0,19400.0,Ragama,1/16/2026,https://riyasewana.com/buy/toyota-raize-g-sale-ragama-11053887,Recondition
26070,SUV,Toyota,Raize,2024.0,13000000.0,11.0,Matale,1/15/2026,https://riyasewana.com/buy/toyota-raize-sale-matale-11053407,Brand New
26072,SUV,Toyota,Taisor V Grade,2025.0,12100000.0,100.0,Colombo,1/15/2026,https://riyasewana.com/buy/toyota-taisor-v-sale-colombo-11053321,Brand New
26076,SUV,Kia,Sonet GTX Plus,2025.0,12500000.0,52.0,Negombo,1/15/2026,https://riyasewana.com/buy/kia-sonet-gtx-sale-negombo-11053269,Brand New
26077,SUV,Toyota,Rush,2025.0,17000000.0,2300.0,Maharagama,1/15/2026,https://riyasewana.com/buy/toyota-rush-sale-maharagama-11053213,Brand New
26081,SUV,Mahindra,KUV 100 Nxt K6,2025.0,8200000.0,6000.0,Balangoda,1/15/2026,https://riyasewana.com/buy/mahindra-kuv-100-sale-balangoda-11053021,Recondition
26083,SUV,Toyota,Raize Z Hybrid A202A,2025.0,12500000.0,4000.0,Gampaha,1/15/2026,https://riyasewana.com/buy/toyota-raize-z-sale-gampaha-11052952,Brand New
26088,SUV,Honda,Vezel Z,2025.0,17900000.0,4500.0,Colombo,1/15/2026,https://riyasewana.com/buy/honda-vezel-z-sale-colombo-11052380,Brand New
26093,SUV,Honda,Vezel Z Play,2024.0,19400000.0,6000.0,Colombo,1/15/2026,https://riyasewana.com/buy/honda-vezel-z-sale-colombo-11052071,Recondition
26095,SUV,BYD,SEALION 6,2025.0,20700000.0,8200.0,Colombo,1/15/2026,https://riyasewana.com/buy/byd-sealion-6-sale-colombo-11052000,Recondition
26119,SUV,Toyota,RAIZE 1200cc,2023.0,12390000.0,17900.0,Mirigama,1/15/2026,https://riyasewana.com/buy/toyota-raize-1200cc-sale-mirigama-11050411,Recondition
26123,SUV,Honda,VEZEL,2024.0,18700000.0,32000.0,Colombo,1/15/2026,https://riyasewana.com/buy/honda-vezel-sale-colombo-11050265,Recondition
26133,SUV,Toyota,Raize,2024.0,13600000.0,23331.0,Malabe,1/15/2026,https://riyasewana.com/buy/toyota-raize-sale-malabe-11049523,Recondition
26140,SUV,Toyota,Raize Turbo,2024.0,11290000.0,7900.0,Nugegoda,1/15/2026,https://riyasewana.com/buy/toyota-raize-turbo-sale-nugegoda-11048667,Recondition
26141,SUV,Toyota,Yaris Cross GR Sports Hybrid,2023.0,16790000.0,8196.0,Matara,1/15/2026,https://riyasewana.com/buy/toyota-yaris-cross-sale-matara-11048604,Recondition
26145,SUV,DFSK,Glory I-Auto,2024.0,14175000.0,28000.0,Nawala,1/15/2026,https://riyasewana.com/buy/dfsk-glory-i-auto-sale-nawala-11048142,Recondition
26153,SUV,Toyota,Raize Z,2025.0,13500000.0,230.0,Colombo,1/14/2026,https://riyasewana.com/buy/toyota-raize-z-sale-colombo-11047534,Brand New
26167,SUV,Toyota,Raize X,2023.0,11300000.0,17000.0,Pannipitiya,1/14/2026,https://riyasewana.com/buy/toyota-raize-x-sale-pannipitiya-11045828,Recondition
26188,SUV,Toyota,RAIZE,2023.0,11390000.0,11000.0,Kurunegala,1/14/2026,https://riyasewana.com/buy/toyota-raize-sale-kurunegala-11044371,Recondition
26200,SUV,Toyota,Raize,2024.0,13500000.0,17000.0,Gampaha,1/14/2026,https://riyasewana.com/buy/toyota-raize-sale-gampaha-11043439,Recondition
26238,SUV,Toyota,Yaris Cross Adventure,2025.0,17500000.0,4000.0,Nugegoda,1/13/2026,https://riyasewana.com/buy/toyota-yaris-cross-sale-nugegoda-11040306,Brand New
26245,SUV,Honda,VEZEL Z PLAY MOON ROOF,2025.0,20100000.0,25.0,Pannipitiya,1/13/2026,https://riyasewana.com/buy/honda-vezel-z-sale-pannipitiya-11039550,Brand New
26248,SUV,Toyota,Yaris Cross Z Premium,2024.0,17475000.0,6990.0,Colombo,1/13/2026,https://riyasewana.com/buy/toyota-yaris-cross-sale-colombo-11039288,Recondition
26258,SUV,DFSK,Glory I Limited Edition,2024.0,13500000.0,9500.0,Colombo,1/13/2026,https://riyasewana.com/buy/dfsk-glory-i-sale-colombo-11038300,Recondition
26259,SUV,Kia,SONET,2025.0,13500000.0,300.0,Dehiwala-Mount-Lavinia,1/13/2026,https://riyasewana.com/buy/kia-sonet-sale-dehiwala-mount-lavinia-11038254,Brand New
26272,SUV,Lexus,LBX,2024.0,24900000.0,4000.0,Nittambuwa,1/12/2026,https://riyasewana.com/buy/lexus-lbx-sale-nittambuwa-11037579,Brand New
26278,SUV,Baic,X 55 Ii,2025.0,15600000.0,30.0,Colombo,1/12/2026,https://riyasewana.com/buy/baic-x-55-sale-colombo-11037194,Brand New
26280,SUV,Honda,Vezel X,2023.0,16300000.0,20500.0,Nugegoda,1/12/2026,https://riyasewana.com/buy/honda-vezel-x-sale-nugegoda-11036925,Recondition
26282,SUV,Honda,Vezel X,2023.0,16550000.0,13000.0,Dehiwala-Mount-Lavinia,1/12/2026,https://riyasewana.com/buy/honda-vezel-x-sale-dehiwala-mount-lavinia-11036809,Recondition
26284,SUV,Honda,Vezel Z Premium,2023.0,17625000.0,36600.0,Wennappuwa,1/12/2026,https://riyasewana.com/buy/honda-vezel-z-sale-wennappuwa-11036539,Recondition
26288,SUV,Honda,VEZEL Z-PLAY,2025.0,18950000.0,287.0,Colombo,1/12/2026,https://riyasewana.com/buy/honda-vezel-z-play-sale-colombo-11036394,Brand New
26289,SUV,Daihatsu,Rocky Premium G,2023.0,12500000.0,29000.0,Kalutara,1/12/2026,https://riyasewana.com/buy/daihatsu-rocky-premium-sale-kalutara-11036391,Recondition
26296,SUV,Honda,Vezel Premium Plus,2025.0,19200000.0,13.0,Piliyandala,1/12/2026,https://riyasewana.com/buy/honda-vezel-premium-sale-piliyandala-11035900,Brand New
26303,SUV,Toyota,Raize G Turbo,2024.0,12200000.0,8000.0,Ragama,1/12/2026,https://riyasewana.com/buy/toyota-raize-g-sale-ragama-11035047,Recondition
26304,SUV,Toyota,Raize X Turbo,2024.0,11500000.0,13000.0,Ragama,1/12/2026,https://riyasewana.com/buy/toyota-raize-x-sale-ragama-11035023,Recondition
26308,SUV,Daihatsu,Rocky G Premium,2023.0,12500000.0,12000.0,Kandy,1/12/2026,https://riyasewana.com/buy/daihatsu-rocky-g-sale-kandy-11034517,Recondition
26309,SUV,Honda,Vezel,2024.0,17600000.0,3000.0,Colombo,1/12/2026,https://riyasewana.com/buy/honda-vezel-sale-colombo-11034305,Brand New
26344,SUV,Toyota,Raize,2024.0,13200000.0,21000.0,Kandy,1/11/2026,https://riyasewana.com/buy/toyota-raize-sale-kandy-11031530,Recondition
26351,SUV,Mitsubishi,Eclipse Cross,2024.0,21500000.0,2900.0,Dehiwala-Mount-Lavinia,1/11/2026,https://riyasewana.com/buy/mitsubishi-eclipse-cross-sale-dehiwala-mount-lavinia-11031148,Brand New
26358,SUV,Toyota,CHR GT Nero Safety Plus 3,2024.0,16795000.0,15000.0,Colombo,1/11/2026,https://riyasewana.com/buy/toyota-chr-gt-sale-colombo-11030757,Recondition
26365,SUV,Toyota,Raize Z Hybrid 1200,2025.0,13650000.0,200.0,Chilaw,1/11/2026,https://riyasewana.com/buy/toyota-raize-z-sale-chilaw-11030146,Brand New
26367,SUV,DFSK,Glory 580,2024.0,11200000.0,29500.0,Hendala,1/11/2026,https://riyasewana.com/buy/dfsk-glory-580-sale-hendala-11029743,Recondition
26369,SUV,Toyota,Yaris Cross GR Sport,2024.0,16995000.0,8000.0,Colombo,1/11/2026,https://riyasewana.com/buy/toyota-yaris-cross-sale-colombo-11029687,Recondition
26376,SUV,Toyota,Raize,2025.0,12250000.0,2000.0,Moneragala,1/11/2026,https://riyasewana.com/buy/toyota-raize-sale-moneragala-11028533,Brand New
26388,SUV,DFSK,Glory I-Auto,2023.0,11200000.0,28593.0,Malabe,1/10/2026,https://riyasewana.com/buy/dfsk-glory-i-auto-sale-malabe-11027150,Recondition
26393,SUV,DFSK,Glory 330,2023.0,6290000.0,20500.0,Boralesgamuwa,1/10/2026,https://riyasewana.com/buy/dfsk-glory-330-sale-boralesgamuwa-11026833,Recondition
26397,SUV,Toyota,Raize,2023.0,11650000.0,11500.0,Kadawatha,1/10/2026,https://riyasewana.com/buy/toyota-raize-sale-kadawatha-11026491,Recondition
26412,SUV,Honda,Vezel Z Grade,2023.0,17200000.0,11000.0,Negombo,1/10/2026,https://riyasewana.com/buy/honda-vezel-z-sale-negombo-11025166,Recondition
26414,SUV,Nissan,Magnite,2025.0,8000000.0,1800.0,Kelaniya,1/10/2026,https://riyasewana.com/buy/nissan-magnite-sale-kelaniya-11024970,Brand New
26415,SUV,Honda,Vezel,2024.0,17850000.0,13000.0,Kesbewa,1/10/2026,https://riyasewana.com/buy/honda-vezel-sale-kesbewa-11024876,Recondition
26420,SUV,Toyota,Raize Z Grade,2024.0,13490000.0,9000.0,Kottawa,1/10/2026,https://riyasewana.com/buy/toyota-raize-z-sale-kottawa-11024074,Recondition
26430,SUV,Kia,Sonet GTX Plus,2025.0,12600000.0,1.0,Kandy,1/10/2026,https://riyasewana.com/buy/kia-sonet-gtx-sale-kandy-11022271,Brand New
26443,SUV,Toyota,Taisor Urban Cruiser V,2025.0,12200000.0,100.0,Colombo,1/9/2026,https://riyasewana.com/buy/toyota-taisor-urban-sale-colombo-11021208,Brand New
26450,SUV,Nissan,Magnite N Connecta CVT Turbo,2025.0,9650000.0,6400.0,Kiribathgoda,1/9/2026,https://riyasewana.com/buy/nissan-magnite-n-sale-kiribathgoda-11020735,Recondition
26457,SUV,Baic,X55 Ii,2025.0,15600000.0,30.0,Boralesgamuwa,1/9/2026,https://riyasewana.com/buy/baic-x55-ii-sale-boralesgamuwa-11020218,Brand New
26468,SUV,Daihatsu,Rocky Premium G 1200,2024.0,12000000.0,5260.0,Galle,1/9/2026,https://riyasewana.com/buy/daihatsu-rocky-premium-sale-galle-11019343,Recondition
26481,SUV,Daihatsu,ROCKY ESmart G Premium,2024.0,13000000.0,6000.0,Kalutara,1/9/2026,https://riyasewana.com/buy/daihatsu-rocky-esmart-sale-kalutara-11018415,Recondition
26484,SUV,Toyota,Raize Z Grade,2024.0,13900000.0,8830.0,Matara,1/9/2026,https://riyasewana.com/buy/toyota-raize-z-sale-matara-11018308,Recondition
26493,SUV,Toyota,Raize,2023.0,12950000.0,20000.0,Nugegoda,1/9/2026,https://riyasewana.com/buy/toyota-raize-sale-nugegoda-11017640,Recondition
26494,SUV,Toyota,Raize Z Grade,2025.0,13950000.0,10.0,Nugegoda,1/9/2026,https://riyasewana.com/buy/toyota-raize-z-sale-nugegoda-11017620,Brand New
26495,SUV,Honda,Vezel Z Grade,2025.0,18200000.0,200.0,Nugegoda,1/9/2026,https://riyasewana.com/buy/honda-vezel-z-sale-nugegoda-11017600,Brand New
26510,SUV,Toyota,Yaris Cross Z Grade,2023.0,16000000.0,23000.0,Kandy,1/8/2026,https://riyasewana.com/buy/toyota-yaris-cross-sale-kandy-11016249,Recondition
26516,SUV,Chery,Tiggo 4 Pro,2024.0,9800000.0,15000.0,Battaramulla,1/8/2026,https://riyasewana.com/buy/chery-tiggo-4-sale-battaramulla-11015558,Recondition
26522,SUV,Toyota,Raize Z Grade,2025.0,14100000.0,3000.0,Kelaniya,1/8/2026,https://riyasewana.com/buy/toyota-raize-z-sale-kelaniya-11014897,Brand New
26523,SUV,Honda,Vezel RV5,2024.0,15600000.0,12000.0,Piliyandala,1/8/2026,https://riyasewana.com/buy/honda-vezel-rv5-sale-piliyandala-11014895,Recondition
26527,SUV,Toyota,COROLLA CROSS Z HYBRID,2024.0,26400000.0,1600.0,Kadawatha,1/8/2026,https://riyasewana.com/buy/toyota-corolla-cross-sale-kadawatha-11014686,Brand New
26528,SUV,Toyota,RAIZE Z,2023.0,11950000.0,15000.0,Nittambuwa,1/8/2026,https://riyasewana.com/buy/toyota-raize-z-sale-nittambuwa-11014653,Recondition
26538,SUV,Suzuki,HUSTLER TOUGH WILD,2024.0,8150000.0,8300.0,Matale,1/8/2026,https://riyasewana.com/buy/suzuki-hustler-tough-sale-matale-11013553,Recondition
26551,SUV,Honda,Vezel Z,2023.0,17200000.0,12800.0,Minuwangoda,1/8/2026,https://riyasewana.com/buy/honda-vezel-z-sale-minuwangoda-11012828,Recondition
26570,SUV,BYD,Atto 3 150KW,2024.0,16000000.0,24000.0,Colombo,1/7/2026,https://riyasewana.com/buy/byd-atto-3-sale-colombo-11011408,Recondition
26587,SUV,Honda,Vezel Z Premium,2025.0,18600000.0,500.0,Negombo,1/7/2026,https://riyasewana.com/buy/honda-vezel-z-sale-negombo-11010318,Brand New
26595,SUV,Honda,Vezel Z Premium 10 Speakers,2023.0,17550000.0,31000.0,Colombo,1/7/2026,https://riyasewana.com/buy/honda-vezel-z-sale-colombo-11009996,Recondition
26596,SUV,Hyundai,Venue HX 10,2025.0,12700000.0,18.0,Ganemulla,1/7/2026,https://riyasewana.com/buy/hyundai-venue-hx-sale-ganemulla-11009929,Brand New
26611,SUV,Toyota,Raize,2024.0,13500000.0,6600.0,Horana,1/7/2026,https://riyasewana.com/buy/toyota-raize-sale-horana-11009280,Recondition
26622,SUV,Honda,CRV VTI-L,2023.0,27200000.0,10000.0,Colombo,1/7/2026,https://riyasewana.com/buy/honda-crv-vti-l-sale-colombo-11008551,Recondition
26623,SUV,DFSK,Glory I-Auto,2023.0,12500000.0,31000.0,Gampaha,1/7/2026,https://riyasewana.com/buy/dfsk-glory-i-auto-sale-gampaha-11008515,Recondition
26633,SUV,BYD,Atto 3,2025.0,15500000.0,8000.0,Kotte,1/7/2026,https://riyasewana.com/buy/byd-atto-3-sale-kotte-11007626,Recondition
26634,SUV,BYD,Atto 3 Superior,2025.0,16950000.0,7200.0,Galle,1/7/2026,https://riyasewana.com/buy/byd-atto-3-sale-galle-11007533,Recondition
26649,SUV,Toyota,Corolla Cross,2024.0,26500000.0,6000.0,Colombo,1/6/2026,https://riyasewana.com/buy/toyota-corolla-cross-sale-colombo-11006228,Recondition
26658,SUV,Toyota,Yaris Cross,2023.0,14650000.0,19000.0,Kurunegala,1/6/2026,https://riyasewana.com/buy/toyota-yaris-cross-sale-kurunegala-11005431,Recondition
26662,SUV,Toyota,Corolla Cross Z,2024.0,28500000.0,5000.0,Colombo,1/6/2026,https://riyasewana.com/buy/toyota-corolla-cross-sale-colombo-11005273,Recondition
26666,SUV,Toyota,Raize Z Grade,2023.0,12600000.0,15000.0,Wennappuwa,1/6/2026,https://riyasewana.com/buy/toyota-raize-z-sale-wennappuwa-11005106,Recondition
26687,SUV,BYD,Sealion5,2025.0,18200000.0,100.0,Colombo,1/6/2026,https://riyasewana.com/buy/byd-sealion5-sale-colombo-11003897,Brand New
26692,SUV,Toyota,Raize,2025.0,12500000.0,40.0,Ragama,1/6/2026,https://riyasewana.com/buy/toyota-raize-sale-ragama-11003344,Brand New
26701,SUV,Honda,Vezel Z Play,2025.0,19850000.0,300.0,Colombo,1/6/2026,https://riyasewana.com/buy/honda-vezel-z-sale-colombo-11002543,Brand New
26702,SUV,Toyota,Raize Hybrid,2025.0,13850000.0,100.0,Colombo,1/6/2026,https://riyasewana.com/buy/toyota-raize-hybrid-sale-colombo-11002525,Brand New
26733,SUV,Toyota,Raize,2025.0,13250000.0,540.0,Wennappuwa,1/5/2026,https://riyasewana.com/buy/toyota-raize-sale-wennappuwa-10999769,Brand New
26738,SUV,Toyota,Yaris Cross Hybrid,2024.0,17500000.0,16000.0,Colombo,1/5/2026,https://riyasewana.com/buy/toyota-yaris-cross-sale-colombo-10999079,Recondition
26743,SUV,Nissan,X-TRAIL E-POWER Limited,2024.0,25495000.0,7000.0,Colombo,1/5/2026,https://riyasewana.com/buy/nissan-x-trail-e-power-sale-colombo-10998412,Recondition
26748,SUV,Toyota,Yaris Cross Z Adventure,2024.0,16895000.0,23000.0,Colombo,1/5/2026,https://riyasewana.com/buy/toyota-yaris-cross-sale-colombo-10998041,Recondition
26764,SUV,Toyota,Raize Z,2025.0,13000000.0,350.0,Kurunegala,1/4/2026,https://riyasewana.com/buy/toyota-raize-z-sale-kurunegala-10996981,Brand New
26777,SUV,Toyota,Raize,2024.0,13200000.0,10000.0,Gampaha,1/4/2026,https://riyasewana.com/buy/toyota-raize-sale-gampaha-10996020,Recondition
26781,SUV,Nissan,Magnite,2025.0,8800000.0,6000.0,Malabe,1/4/2026,https://riyasewana.com/buy/nissan-magnite-sale-malabe-10995864,Recondition
26785,SUV,Toyota,Raize Z Grade,2024.0,13490000.0,14200.0,Ja-Ela,1/4/2026,https://riyasewana.com/buy/toyota-raize-z-sale-ja-ela-10995516,Recondition
26798,SUV,Toyota,Yaris Cross Z Premium,2024.0,16750000.0,4900.0,Wattala,1/4/2026,https://riyasewana.com/buy/toyota-yaris-cross-sale-wattala-10994270,Brand New
26807,SUV,Daihatsu,Rocky Premium G 1200,2024.0,12000000.0,5200.0,Galle,1/4/2026,https://riyasewana.com/buy/daihatsu-rocky-premium-sale-galle-10993200,Recondition
26824,SUV,Honda,Vezel,2025.0,17600000.0,2242.0,Malabe,1/3/2026,https://riyasewana.com/buy/honda-vezel-sale-malabe-10990657,Brand New
26826,SUV,Honda,Vezel Z,2023.0,16550000.0,11000.0,Kurunegala,1/3/2026,https://riyasewana.com/buy/honda-vezel-z-sale-kurunegala-10990544,Recondition
26832,SUV,Toyota,Raize Z Grade Turbo,2025.0,12450000.0,20.0,Colombo,1/3/2026,https://riyasewana.com/buy/toyota-raize-z-sale-colombo-10990203,Brand New
26835,SUV,Nissan,Magnite Tekna Plus CVT Turbo,2025.0,9900000.0,3100.0,Pannala,1/3/2026,https://riyasewana.com/buy/nissan-magnite-tekna-sale-pannala-10990123,Brand New
26843,SUV,Honda,Vezel EHEV Z PLaY,2025.0,18975000.0,380.0,Kandana,1/3/2026,https://riyasewana.com/buy/honda-vezel-ehev-sale-kandana-10989628,Brand New
26846,SUV,BYD,Atto 3,2025.0,8000000.0,8500.0,Galle,1/3/2026,https://riyasewana.com/buy/byd-atto-3-sale-galle-10989486,Recondition
26893,SUV,Toyota,Raize,2023.0,12000000.0,10000.0,Kadawatha,1/2/2026,https://riyasewana.com/buy/toyota-raize-sale-kadawatha-10984591,Recondition
26902,SUV,Toyota,Raize,2025.0,13500000.0,2000.0,Colombo,1/2/2026,https://riyasewana.com/buy/toyota-raize-sale-colombo-10983930,Brand New
26905,SUV,Toyota,Raize G,2024.0,12895000.0,19000.0,Colombo,1/2/2026,https://riyasewana.com/buy/toyota-raize-g-sale-colombo-10983583,Recondition
26910,SUV,Toyota,RAIZE,2025.0,12850000.0,200.0,Boralesgamuwa,1/2/2026,https://riyasewana.com/buy/toyota-raize-sale-boralesgamuwa-10983340,Brand New
26912,SUV,Toyota,RAIZE,2025.0,13000000.0,200.0,Boralesgamuwa,1/2/2026,https://riyasewana.com/buy/toyota-raize-sale-boralesgamuwa-10983174,Brand New
26938,SUV,Toyota,Raize,2023.0,12000000.0,32800.0,Kandy,1/1/2026,https://riyasewana.com/buy/toyota-raize-sale-kandy-10979060,Recondition
26961,SUV,Honda,Vezel Z Grade,2025.0,18200000.0,4350.0,Gampaha,12/31/2025,https://riyasewana.com/buy/honda-vezel-z-sale-gampaha-10976319,Brand New
26968,SUV,Daihatsu,Rocky Premium G HEV,2025.0,13095000.0,11000.0,Colombo,12/31/2025,https://riyasewana.com/buy/daihatsu-rocky-premium-sale-colombo-10975554,Recondition
26971,SUV,Toyota,Raize Hybrid Z Grade,2025.0,14200000.0,264.0,Gampaha,12/31/2025,https://riyasewana.com/buy/toyota-raize-hybrid-sale-gampaha-10975302,Brand New
26977,SUV,Toyota,Raize Z,2025.0,13800000.0,144.0,Matara,12/31/2025,https://riyasewana.com/buy/toyota-raize-z-sale-matara-10974916,Brand New
26985,SUV,Toyota,Raize,2024.0,11590000.0,26000.0,Nittambuwa,12/31/2025,https://riyasewana.com/buy/toyota-raize-sale-nittambuwa-10973751,Recondition
26996,SUV,Honda,Vezel Z Highest,2025.0,17725000.0,13.0,Battaramulla,12/30/2025,https://riyasewana.com/buy/honda-vezel-z-sale-battaramulla-10972636,Brand New
27002,SUV,Mahindra,KUV 100 NXT AMT D75,2023.0,6500000.0,57000.0,Colombo,12/30/2025,https://riyasewana.com/buy/mahindra-kuv-100-sale-colombo-10972234,Used
27010,SUV,Honda,Vezel X Grade,2025.0,17000000.0,4000.0,Nugegoda,12/30/2025,https://riyasewana.com/buy/honda-vezel-x-sale-nugegoda-10971416,Brand New
27014,SUV,Toyota,Raize Z Hybrid 1200,2025.0,13900000.0,200.0,Nugegoda,12/30/2025,https://riyasewana.com/buy/toyota-raize-z-sale-nugegoda-10971254,Brand New
27019,SUV,Toyota,Raize,2023.0,12400000.0,22000.0,Nugegoda,12/30/2025,https://riyasewana.com/buy/toyota-raize-sale-nugegoda-10970780,Recondition
27030,SUV,BYD,Atto 3 Superior,2025.0,16950000.0,7200.0,Galle,12/30/2025,https://riyasewana.com/buy/byd-atto-3-sale-galle-10969389,Recondition
27031,SUV,Mahindra,KUV 100,2023.0,6350000.0,40000.0,Moratuwa,12/30/2025,https://riyasewana.com/buy/mahindra-kuv-100-sale-moratuwa-10969192,Recondition
27051,SUV,Toyota,Raize,2025.0,14000000.0,300.0,Kandy,12/29/2025,https://riyasewana.com/buy/toyota-raize-sale-kandy-10967615,Brand New
27059,SUV,DFSK,Glory I-Auto,2024.0,14255000.0,25000.0,Ja-Ela,12/29/2025,https://riyasewana.com/buy/dfsk-glory-i-auto-sale-ja-ela-10966842,Recondition
27060,SUV,Suzuki,Jimny,2023.0,9800000.0,8000.0,Moratuwa,12/29/2025,https://riyasewana.com/buy/suzuki-jimny-sale-moratuwa-10966832,Recondition
27062,SUV,Toyota,RAIZE HYBRID,2024.0,13300000.0,7300.0,Ragama,12/29/2025,https://riyasewana.com/buy/toyota-raize-hybrid-sale-ragama-10966610,Recondition
27066,SUV,Toyota,Raize,2025.0,13250000.0,540.0,Wennappuwa,12/29/2025,https://riyasewana.com/buy/toyota-raize-sale-wennappuwa-10966399,Brand New
27067,SUV,Volkswagen,T Cross,2023.0,12890000.0,15000.0,Colombo,12/29/2025,https://riyasewana.com/buy/volkswagen-t-cross-sale-colombo-10966373,Recondition
27073,SUV,Toyota,Raize,2024.0,14000000.0,3200.0,Ja-Ela,12/29/2025,https://riyasewana.com/buy/toyota-raize-sale-ja-ela-10965994,Brand New
27083,SUV,Micro,Tiggo 4 Pro,2024.0,10300000.0,9700.0,Kolonnawa,12/29/2025,https://riyasewana.com/buy/micro-tiggo-4-sale-kolonnawa-10964081,Recondition
27085,SUV,Honda,Vezel Z Grade,2023.0,17000000.0,23000.0,Piliyandala,12/28/2025,https://riyasewana.com/buy/honda-vezel-z-sale-piliyandala-10963972,Recondition
27094,SUV,Honda,Vezel Z Play Premium,2025.0,20500000.0,200.0,Dehiwala-Mount-Lavinia,12/28/2025,https://riyasewana.com/buy/honda-vezel-z-sale-dehiwala-mount-lavinia-10963531,Brand New
27100,SUV,Honda,Vezel Z Premium,2025.0,18765000.0,499.0,Colombo,12/28/2025,https://riyasewana.com/buy/honda-vezel-z-sale-colombo-10962897,Brand New
27116,SUV,Honda,Vezel Z Connect,2024.0,19500000.0,4000.0,Kandy,12/28/2025,https://riyasewana.com/buy/honda-vezel-z-sale-kandy-10961543,Brand New
27143,SUV,Toyota,Raize,2025.0,14250000.0,15.0,Kurunegala,12/27/2025,https://riyasewana.com/buy/toyota-raize-sale-kurunegala-10957576,Brand New
27144,SUV,Honda,Vezel Z,2025.0,17500000.0,100.0,Gampaha,12/27/2025,https://riyasewana.com/buy/honda-vezel-z-sale-gampaha-10957342,Brand New
27173,SUV,Toyota,Raize,2025.0,13200000.0,295.0,Gampaha,12/27/2025,https://riyasewana.com/buy/toyota-raize-sale-gampaha-10954528,Brand New
27177,SUV,Nissan,Magnite,2025.0,8800000.0,6000.0,Malabe,12/27/2025,https://riyasewana.com/buy/nissan-magnite-sale-malabe-10953874,Recondition
27179,SUV,Toyota,Raize Z Grade,2024.0,12390000.0,13000.0,Kelaniya,12/26/2025,https://riyasewana.com/buy/toyota-raize-z-sale-kelaniya-10953511,Recondition
27206,SUV,Honda,Vezel Z,2023.0,16890000.0,25000.0,Dehiwala-Mount-Lavinia,12/26/2025,https://riyasewana.com/buy/honda-vezel-z-sale-dehiwala-mount-lavinia-10950506,Recondition
27209,SUV,Toyota,Raize Z Premium With BSM,2025.0,12800000.0,30.0,Kandana,12/26/2025,https://riyasewana.com/buy/toyota-raize-z-sale-kandana-10950058,Brand New
27211,SUV,Honda,Vezel,2025.0,21350000.0,300.0,Matale,12/26/2025,https://riyasewana.com/buy/honda-vezel-sale-matale-10950007,Brand New
27220,SUV,Toyota,Roomy GR Turbo,2024.0,11150000.0,4000.0,Colombo,12/25/2025,https://riyasewana.com/buy/toyota-roomy-gr-sale-colombo-10948702,Brand New
27226,SUV,DFSK,580,2023.0,10000000.0,29000.0,Kalutara,12/25/2025,https://riyasewana.com/buy/dfsk-580-sale-kalutara-10947806,Recondition
27234,SUV,Honda,Vezel Z Play,2025.0,19700000.0,4000.0,Battaramulla,12/25/2025,https://riyasewana.com/buy/honda-vezel-z-sale-battaramulla-10945970,Brand New
27248,SUV,Toyota,Raize Z Grade,2025.0,12900000.0,9.0,Ratnapura,12/24/2025,https://riyasewana.com/buy/toyota-raize-z-sale-ratnapura-10944236,Brand New
27277,SUV,BYD,ATTO 3,2025.0,15900000.0,8000.0,Ampara,12/24/2025,https://riyasewana.com/buy/byd-atto-3-sale-ampara-10940107,Recondition
27285,SUV,Toyota,Raize,2024.0,14200000.0,13000.0,Kurunegala,12/23/2025,https://riyasewana.com/buy/toyota-raize-sale-kurunegala-10939046,Recondition
27286,SUV,Honda,Vezel Z PREMIUM,2025.0,19350000.0,18.0,Negombo,12/23/2025,https://riyasewana.com/buy/honda-vezel-z-sale-negombo-10938935,Brand New
27295,SUV,Daihatsu,Rocky Hybrid G Premium,2023.0,12250000.0,14200.0,Kurunegala,12/23/2025,https://riyasewana.com/buy/daihatsu-rocky-hybrid-sale-kurunegala-10938260,Recondition
27299,SUV,Honda,Vezel Z Play,2025.0,20300000.0,1600.0,Colombo,12/23/2025,https://riyasewana.com/buy/honda-vezel-z-sale-colombo-10938097,Brand New
27303,SUV,Honda,Vezel Z,2025.0,17950000.0,14.0,Kaduwela,12/23/2025,https://riyasewana.com/buy/honda-vezel-z-sale-kaduwela-10937724,Brand New
27315,SUV,Toyota,Raize,2024.0,13850000.0,4400.0,Colombo,12/22/2025,https://riyasewana.com/buy/toyota-raize-sale-colombo-10934997,Brand New
27320,SUV,Mahindra,Kuv 100,2023.0,6400000.0,49000.0,Badulla,12/22/2025,https://riyasewana.com/buy/mahindra-kuv-100-sale-badulla-10934849,Recondition
27325,SUV,Toyota,Raize,2024.0,12200000.0,22000.0,Malabe,12/22/2025,https://riyasewana.com/buy/toyota-raize-sale-malabe-10934103,Recondition
27328,SUV,Toyota,Raize Z Premium,2023.0,12450000.0,12000.0,Homagama,12/22/2025,https://riyasewana.com/buy/toyota-raize-z-sale-homagama-10934053,Recondition
27343,SUV,Honda,Vezel Z,2025.0,17500000.0,240.0,Pannipitiya,12/22/2025,https://riyasewana.com/buy/honda-vezel-z-sale-pannipitiya-10932236,Brand New
27345,SUV,Toyota,Raize,2025.0,12600000.0,1000.0,Moneragala,12/22/2025,https://riyasewana.com/buy/toyota-raize-sale-moneragala-10932032,Brand New
27348,SUV,Toyota,Raize,2024.0,11950000.0,13000.0,Ratnapura,12/22/2025,https://riyasewana.com/buy/toyota-raize-sale-ratnapura-10931451,Recondition
27350,SUV,Honda,Vezel EHev Z Play,2024.0,22500000.0,16500.0,Gampaha,12/21/2025,https://riyasewana.com/buy/honda-vezel-ehev-sale-gampaha-10930418,Recondition
27372,SUV,Honda,Vezel,2025.0,18000000.0,2000.0,Nugegoda,12/21/2025,https://riyasewana.com/buy/honda-vezel-sale-nugegoda-10928492,Brand New
27374,SUV,Toyota,Raize Z Limited 1200cc,2024.0,14500000.0,4000.0,Colombo,12/21/2025,https://riyasewana.com/buy/toyota-raize-z-sale-colombo-10928291,Brand New
27375,SUV,Toyota,Raize Z,2023.0,13275000.0,8000.0,Colombo,12/21/2025,https://riyasewana.com/buy/toyota-raize-z-sale-colombo-10928292,Recondition
27376,SUV,Nissan,Magnite Accenta,2025.0,8000000.0,600.0,Kesbewa,12/21/2025,https://riyasewana.com/buy/nissan-magnite-accenta-sale-kesbewa-10927990,Brand New
27377,SUV,Toyota,Raize Hybrid Z,2025.0,13600000.0,5.0,Colombo,12/21/2025,https://riyasewana.com/buy/toyota-raize-hybrid-sale-colombo-10927885,Brand New
27384,SUV,Honda,Vezel Z,2024.0,18025000.0,5421.0,Homagama,12/21/2025,https://riyasewana.com/buy/honda-vezel-z-sale-homagama-10927123,Recondition
27385,SUV,Honda,Vezel Z,2025.0,17200000.0,3.0,Colombo,12/21/2025,https://riyasewana.com/buy/honda-vezel-z-sale-colombo-10926895,Brand New
27390,SUV,Toyota,Raize,2023.0,12450000.0,11500.0,Kadawatha,12/20/2025,https://riyasewana.com/buy/toyota-raize-sale-kadawatha-10925256,Recondition
27392,SUV,Daihatsu,Rocky,2025.0,13800000.0,7500.0,Colombo,12/20/2025,https://riyasewana.com/buy/daihatsu-rocky-sale-colombo-10925149,Recondition
27396,SUV,BYD,Atto 3,2025.0,17300000.0,7500.0,Ambalangoda,12/20/2025,https://riyasewana.com/buy/byd-atto-3-sale-ambalangoda-10925018,Recondition
27407,SUV,Toyota,RAIZE Z GRADE,2024.0,14000000.0,5000.0,Dehiwala-Mount-Lavinia,12/20/2025,https://riyasewana.com/buy/toyota-raize-z-sale-dehiwala-mount-lavinia-10923805,Recondition
27410,SUV,Toyota,Raize,2024.0,12300000.0,11800.0,Matara,12/20/2025,https://riyasewana.com/buy/toyota-raize-sale-matara-10923779,Recondition
27411,SUV,Nissan,MAGNITE Tekna Plus,2025.0,8950000.0,2000.0,Piliyandala,12/20/2025,https://riyasewana.com/buy/nissan-magnite-tekna-sale-piliyandala-10923678,Brand New
27413,SUV,Honda,VEZEL Z PLAY MOONROOF,2023.0,18500000.0,7500.0,Kandy,12/20/2025,https://riyasewana.com/buy/honda-vezel-z-sale-kandy-10923673,Recondition
27414,SUV,DFSK,Glory I-Auto,2024.0,13750000.0,12000.0,Kelaniya,12/20/2025,https://riyasewana.com/buy/dfsk-glory-i-auto-sale-kelaniya-10923586,Recondition
27432,SUV,Honda,VEZEL Z PLAY MOON ROOF,2025.0,19950000.0,20.0,Pannipitiya,12/20/2025,https://riyasewana.com/buy/honda-vezel-z-sale-pannipitiya-10921656,Brand New
27437,SUV,Suzuki,Fronx,2025.0,10500000.0,16.0,Wennappuwa,12/20/2025,https://riyasewana.com/buy/suzuki-fronx-sale-wennappuwa-10921102,Brand New
27471,SUV,Kia,Sonet,2025.0,13500000.0,1110.0,Rajagiriya,12/19/2025,https://riyasewana.com/buy/kia-sonet-sale-rajagiriya-10916190,Brand New
27485,SUV,Honda,Vezel Z Premium,2025.0,18850000.0,3.0,Kadawatha,12/19/2025,https://riyasewana.com/buy/honda-vezel-z-sale-kadawatha-10915596,Brand New
27497,SUV,MG,ZS,2025.0,12100000.0,4249.0,Ambalangoda,12/18/2025,https://riyasewana.com/buy/mg-zs-sale-ambalangoda-10913546,Brand New
27501,SUV,Toyota,RAIZE,2025.0,13450000.0,200.0,Boralesgamuwa,12/18/2025,https://riyasewana.com/buy/toyota-raize-sale-boralesgamuwa-10913248,Brand New
27503,SUV,Toyota,Raize Z Hybrid,2025.0,14000000.0,345.0,Kurunegala,12/18/2025,https://riyasewana.com/buy/toyota-raize-z-sale-kurunegala-10913062,Brand New
27504,SUV,Toyota,Raize Z Premium,2025.0,13100000.0,30.0,Kandana,12/18/2025,https://riyasewana.com/buy/toyota-raize-z-sale-kandana-10912898,Brand New
27508,SUV,Toyota,Yaris Cross Z Adventure,2025.0,16500000.0,5.0,Colombo,12/18/2025,https://riyasewana.com/buy/toyota-yaris-cross-sale-colombo-10912489,Brand New
27511,SUV,Honda,Vezel Z Play,2025.0,18500000.0,4.0,Colombo,12/18/2025,https://riyasewana.com/buy/honda-vezel-z-sale-colombo-10912421,Brand New
27514,SUV,Honda,Vezel Z,2023.0,17190000.0,10500.0,Colombo,12/18/2025,https://riyasewana.com/buy/honda-vezel-z-sale-colombo-10912284,Recondition
27516,SUV,Toyota,Raize Z Premium Hybrid,2025.0,14300000.0,50.0,Kandana,12/18/2025,https://riyasewana.com/buy/toyota-raize-z-sale-kandana-10912226,Brand New
27517,SUV,Toyota,Raize Hybrid Z,2025.0,14300000.0,6.0,Moratuwa,12/18/2025,https://riyasewana.com/buy/toyota-raize-hybrid-sale-moratuwa-10911764,Brand New
27519,SUV,Honda,VEZEL Z,2025.0,20500000.0,67.0,Negombo,12/18/2025,https://riyasewana.com/buy/honda-vezel-z-sale-negombo-10911524,Brand New
27523,SUV,DFSK,I-AUTO,2023.0,11400000.0,47000.0,Hatton,12/18/2025,https://riyasewana.com/buy/dfsk-i-auto-sale-hatton-10911091,Recondition
27525,SUV,Toyota,Raize G Hybrid,2024.0,14375000.0,3300.0,Panadura,12/18/2025,https://riyasewana.com/buy/toyota-raize-g-sale-panadura-10910880,Brand New
27544,SUV,Toyota,Raize Z,2025.0,13975000.0,6.0,Matugama,12/17/2025,https://riyasewana.com/buy/toyota-raize-z-sale-matugama-10909037,Brand New
27553,SUV,Honda,Vezel Z Premium,2025.0,18400000.0,300.0,Matugama,12/17/2025,https://riyasewana.com/buy/honda-vezel-z-sale-matugama-10908095,Brand New
27556,SUV,DFSK,Glory I-AUTO,2025.0,15650000.0,25.0,Kadawatha,12/17/2025,https://riyasewana.com/buy/dfsk-glory-i-auto-sale-kadawatha-10902710,Brand New
27569,SUV,BYD,Atto 3 Superior,2025.0,17700000.0,6900.0,Kadawatha,12/17/2025,https://riyasewana.com/buy/byd-atto-3-sale-kadawatha-10906607,Recondition
27572,SUV,Toyota,Raize,2023.0,11850000.0,8000.0,Colombo,12/17/2025,https://riyasewana.com/buy/toyota-raize-sale-colombo-10906353,Recondition
27581,SUV,Baic,X55,2025.0,15750000.0,15000.0,Colombo,12/17/2025,https://riyasewana.com/buy/baic-x55-sale-colombo-10905213,Recondition
27584,SUV,Toyota,Raize,2025.0,14450000.0,44.0,Dambulla,12/17/2025,https://riyasewana.com/buy/toyota-raize-sale-dambulla-10904960,Brand New
27589,SUV,Lexus,LBX RELAX,2025.0,27000000.0,232.0,Kuliyapitiya,12/16/2025,https://riyasewana.com/buy/lexus-lbx-relax-sale-kuliyapitiya-10904538,Brand New
27608,SUV,Toyota,Raize Z,2025.0,12900000.0,10.0,Colombo,12/16/2025,https://riyasewana.com/buy/toyota-raize-z-sale-colombo-10902189,Brand New
27618,SUV,Toyota,Raize,2024.0,13500000.0,10000.0,Panadura,12/16/2025,https://riyasewana.com/buy/toyota-raize-sale-panadura-10901182,Recondition
27630,SUV,Nissan,Magnite,2025.0,9100000.0,2450.0,Kiribathgoda,12/15/2025,https://riyasewana.com/buy/nissan-magnite-sale-kiribathgoda-10899362,Brand New
27631,SUV,Daihatsu,Rocky Premium G,2023.0,12950000.0,20000.0,Gampaha,12/15/2025,https://riyasewana.com/buy/daihatsu-rocky-premium-sale-gampaha-10899324,Recondition
27632,SUV,Toyota,Raize Z Grade Hybrid,2025.0,13950000.0,287.0,Colombo,12/15/2025,https://riyasewana.com/buy/toyota-raize-z-sale-colombo-10898955,Brand New
27657,SUV,Toyota,Raize,2023.0,11500000.0,20000.0,Piliyandala,12/15/2025,https://riyasewana.com/buy/toyota-raize-sale-piliyandala-10895547,Recondition
27665,SUV,BYD,Sealion 6,2025.0,21000000.0,5200.0,Colombo,12/14/2025,https://riyasewana.com/buy/byd-sealion-6-sale-colombo-10894357,Recondition
27668,SUV,Honda,Vezel Z Premium,2025.0,19300000.0,813.0,Gampaha,12/14/2025,https://riyasewana.com/buy/honda-vezel-z-sale-gampaha-10893803,Brand New
27677,SUV,Toyota,Raize,2025.0,14700000.0,250.0,Pannipitiya,12/14/2025,https://riyasewana.com/buy/toyota-raize-sale-pannipitiya-10892585,Brand New
27678,SUV,Daihatsu,Rocky Premium G,2023.0,13500000.0,600.0,Pannipitiya,12/14/2025,https://riyasewana.com/buy/daihatsu-rocky-premium-sale-pannipitiya-10892455,Brand New
27691,SUV,MG,ZS,2023.0,11000000.0,82460.0,Kurunegala,12/13/2025,https://riyasewana.com/buy/mg-zs-sale-kurunegala-10890219,Used
27701,SUV,Honda,Vezel Z,2025.0,18200000.0,3900.0,Gampaha,12/13/2025,https://riyasewana.com/buy/honda-vezel-z-sale-gampaha-10889186,Brand New
27704,SUV,Honda,Vezel Z,2024.0,18200000.0,18000.0,Gampola,12/13/2025,https://riyasewana.com/buy/honda-vezel-z-sale-gampola-10888847,Recondition
27720,SUV,Honda,Vezel,2024.0,19250000.0,15000.0,Kandy,12/13/2025,https://riyasewana.com/buy/honda-vezel-sale-kandy-10887093,Recondition
27722,SUV,Toyota,Raize Z Hybrid,2023.0,13600000.0,19000.0,Tangalle,12/13/2025,https://riyasewana.com/buy/toyota-raize-z-sale-tangalle-10886824,Recondition
27724,SUV,Toyota,Yaris G Grade,2024.0,10495000.0,6000.0,Colombo,12/13/2025,https://riyasewana.com/buy/toyota-yaris-g-sale-colombo-10886468,Recondition
27726,SUV,Honda,Vezel Z,2025.0,18300000.0,1000.0,Gampaha,12/13/2025,https://riyasewana.com/buy/honda-vezel-z-sale-gampaha-10886262,Brand New
27736,SUV,Suzuki,XBEE MZ,2023.0,10000000.0,5000.0,Kurunegala,12/12/2025,https://riyasewana.com/buy/suzuki-xbee-mz-sale-kurunegala-10884052,Recondition
27740,SUV,Honda,Vezel Z Play,2024.0,19600000.0,5650.0,Dehiwala-Mount-Lavinia,12/12/2025,https://riyasewana.com/buy/honda-vezel-z-sale-dehiwala-mount-lavinia-10883586,Recondition
27749,SUV,Toyota,Yarris Cross Z Grade,2023.0,16500000.0,29200.0,Moratuwa,12/12/2025,https://riyasewana.com/buy/toyota-yarris-cross-sale-moratuwa-10882402,Recondition
27750,SUV,Peugeot,408 GT Fastback,2023.0,28500000.0,7000.0,Colombo,12/12/2025,https://riyasewana.com/buy/peugeot-408-gt-sale-colombo-10882275,Recondition
27761,SUV,Honda,Vezel X Grade,2023.0,16000000.0,18000.0,Ambalangoda,12/12/2025,https://riyasewana.com/buy/honda-vezel-x-sale-ambalangoda-10881176,Recondition
27762,SUV,Honda,Vezel,2025.0,18300000.0,20.0,Colombo,12/12/2025,https://riyasewana.com/buy/honda-vezel-sale-colombo-10880578,Brand New
27774,SUV,Honda,Vezel Z Premium,2024.0,19900000.0,12000.0,Boralesgamuwa,12/11/2025,https://riyasewana.com/buy/honda-vezel-z-sale-boralesgamuwa-10878994,Recondition
27787,SUV,Toyota,Raize G Grade,2023.0,11800000.0,30000.0,Nugegoda,12/11/2025,https://riyasewana.com/buy/toyota-raize-g-sale-nugegoda-10878230,Recondition
27793,SUV,Toyota,Raize Z Limited,2024.0,14195000.0,9000.0,Colombo,12/11/2025,https://riyasewana.com/buy/toyota-raize-z-sale-colombo-10877276,Recondition
27806,SUV,Kia,Sonet GTX Plus,2025.0,12700000.0,1.0,Kiribathgoda,12/11/2025,https://riyasewana.com/buy/kia-sonet-gtx-sale-kiribathgoda-10875503,Brand New
27820,SUV,Toyota,Yaris Cross Premium Luxury,2025.0,20500000.0,1500.0,Colombo,12/10/2025,https://riyasewana.com/buy/toyota-yaris-cross-sale-colombo-10873907,Brand New
27851,SUV,Honda,Vezel,2024.0,17950000.0,9000.0,Battaramulla,12/9/2025,https://riyasewana.com/buy/honda-vezel-sale-battaramulla-10870561,Recondition
27869,SUV,Toyota,Raize,2023.0,11690000.0,8900.0,Pannipitiya,12/9/2025,https://riyasewana.com/buy/toyota-raize-sale-pannipitiya-10868792,Recondition
27871,SUV,Toyota,Raize Hybrid Z,2023.0,13200000.0,18500.0,Tangalle,12/9/2025,https://riyasewana.com/buy/toyota-raize-hybrid-sale-tangalle-10868528,Recondition
27879,SUV,Honda,Vezel Z,2024.0,17675000.0,9000.0,Nittambuwa,12/9/2025,https://riyasewana.com/buy/honda-vezel-z-sale-nittambuwa-10868074,Recondition
27893,SUV,Toyota,Yaris Cross,2024.0,16900000.0,22800.0,Kottawa,12/9/2025,https://riyasewana.com/buy/toyota-yaris-cross-sale-kottawa-10866910,Recondition
27900,SUV,Honda,Vezel Hybrid,2023.0,17200000.0,11000.0,Kurunegala,12/8/2025,https://riyasewana.com/buy/honda-vezel-hybrid-sale-kurunegala-10865766,Recondition
27915,SUV,Honda,Vezel Z Hybrid,2025.0,18250000.0,150.0,Boralesgamuwa,12/8/2025,https://riyasewana.com/buy/honda-vezel-z-sale-boralesgamuwa-10864263,Brand New
27917,SUV,Honda,Vezel Z Premium,2024.0,18500000.0,4000.0,Kalutara,12/8/2025,https://riyasewana.com/buy/honda-vezel-z-sale-kalutara-10864135,Brand New
27919,SUV,Toyota,Raize Z Grade,2025.0,13550000.0,2200.0,Boralesgamuwa,12/8/2025,https://riyasewana.com/buy/toyota-raize-z-sale-boralesgamuwa-10863786,Brand New
27922,SUV,Honda,Vezel Z Play,2025.0,20750000.0,11.0,Ratnapura,12/8/2025,https://riyasewana.com/buy/honda-vezel-z-sale-ratnapura-10863398,Brand New
27938,SUV,Honda,Vezel Z Grade,2025.0,18250000.0,350.0,Hikkaduwa,12/7/2025,https://riyasewana.com/buy/honda-vezel-z-sale-hikkaduwa-10861008,Brand New
27949,SUV,Toyota,Raize Z Grade,2024.0,14000000.0,10000.0,Kiribathgoda,12/7/2025,https://riyasewana.com/buy/toyota-raize-z-sale-kiribathgoda-10859997,Recondition
27964,SUV,Toyota,Raize Hybrid Z 360 Cam,2025.0,14650000.0,1.0,Kadawatha,12/7/2025,https://riyasewana.com/buy/toyota-raize-hybrid-sale-kadawatha-10858334,Brand New
27965,SUV,Toyota,Raize,2025.0,14500000.0,44.0,Dambulla,12/7/2025,https://riyasewana.com/buy/toyota-raize-sale-dambulla-10857805,Brand New
27966,SUV,Toyota,Raize,2025.0,13500000.0,2500.0,Colombo,12/7/2025,https://riyasewana.com/buy/toyota-raize-sale-colombo-10857776,Brand New
27967,SUV,Toyota,RAIZE HYBRID Z GRADE,2025.0,13900000.0,150.0,Dehiwala-Mount-Lavinia,12/7/2025,https://riyasewana.com/buy/toyota-raize-hybrid-sale-dehiwala-mount-lavinia-10857594,Brand New
27976,SUV,Honda,Vezel Z,2023.0,17350000.0,18000.0,Colombo,12/6/2025,https://riyasewana.com/buy/honda-vezel-z-sale-colombo-10856400,Recondition
27986,SUV,Toyota,Raize,2023.0,12300000.0,12700.0,Colombo,12/6/2025,https://riyasewana.com/buy/toyota-raize-sale-colombo-10855580,Recondition
27989,SUV,Toyota,Raize Hybrid Cam,2025.0,13990000.0,31.0,Colombo,12/6/2025,https://riyasewana.com/buy/toyota-raize-hybrid-sale-colombo-10855250,Brand New
27995,SUV,Toyota,Raize Z Grade Hybrid,2024.0,14400000.0,7500.0,Welisara,12/6/2025,https://riyasewana.com/buy/toyota-raize-z-sale-welisara-10855033,Recondition
27996,SUV,Toyota,Taisor V Grade,2025.0,10900000.0,18.0,Colombo,12/6/2025,https://riyasewana.com/buy/toyota-taisor-v-sale-colombo-10854917,Brand New
27997,SUV,Toyota,Raize Hybrid,2024.0,14050000.0,1196.0,Hambantota,12/6/2025,https://riyasewana.com/buy/toyota-raize-hybrid-sale-hambantota-10854883,Brand New
28004,SUV,Volkswagen,ID5,2023.0,26900000.0,40000.0,Dompe,12/6/2025,https://riyasewana.com/buy/volkswagen-id5-sale-dompe-10854224,Recondition
28017,SUV,Toyota,Raize Hybrid,2025.0,13550000.0,8800.0,Kurunegala,12/6/2025,https://riyasewana.com/buy/toyota-raize-hybrid-sale-kurunegala-10852165,Recondition
28025,SUV,Subaru,REX Z Grade Raize,2024.0,12550000.0,1200.0,Colombo,12/5/2025,https://riyasewana.com/buy/subaru-rex-z-sale-colombo-10850256,Brand New
28028,SUV,Honda,Vezel Z Play,2025.0,21200000.0,21.0,Kurunegala,12/5/2025,https://riyasewana.com/buy/honda-vezel-z-sale-kurunegala-10849833,Brand New
28029,SUV,Honda,Vezel Z Premium,2025.0,19650000.0,200.0,Kurunegala,12/5/2025,https://riyasewana.com/buy/honda-vezel-z-sale-kurunegala-10849812,Brand New
28031,SUV,Honda,VEZEL Z PLAY PREMIUM Moonroof,2025.0,20500000.0,7.0,Kurunegala,12/5/2025,https://riyasewana.com/buy/honda-vezel-z-sale-kurunegala-10849427,Brand New
28036,SUV,Honda,Vezel Z,2024.0,17900000.0,15000.0,Kurunegala,12/5/2025,https://riyasewana.com/buy/honda-vezel-z-sale-kurunegala-10848145,Recondition
28055,SUV,Daihatsu,Rocky,2024.0,13600000.0,5600.0,Kelaniya,12/4/2025,https://riyasewana.com/buy/daihatsu-rocky-sale-kelaniya-10843350,Recondition
28059,SUV,BYD,SEALION 6,2025.0,21500000.0,6900.0,Colombo,12/3/2025,https://riyasewana.com/buy/byd-sealion-6-sale-colombo-10842831,Recondition
28065,SUV,Nissan,Magnite Tekna CVT Turbo,2025.0,9850000.0,10.0,Colombo,12/3/2025,https://riyasewana.com/buy/nissan-magnite-tekna-sale-colombo-10841934,Brand New
28066,SUV,Honda,Vezel Z Premium 10 Speaker,2025.0,19100000.0,60.0,Kandana,12/3/2025,https://riyasewana.com/buy/honda-vezel-z-sale-kandana-10841932,Brand New
28076,SUV,Honda,Vezel Z Play Premium,2024.0,19900000.0,12000.0,Ja-Ela,12/3/2025,https://riyasewana.com/buy/honda-vezel-z-sale-ja-ela-10840356,Recondition
28077,SUV,Honda,Vezel,2023.0,16500000.0,11000.0,Kegalle,12/3/2025,https://riyasewana.com/buy/honda-vezel-sale-kegalle-10840274,Recondition
28085,SUV,Toyota,Raize,2024.0,12850000.0,12000.0,Puttalam,12/2/2025,https://riyasewana.com/buy/toyota-raize-sale-puttalam-10838715,Recondition
28102,SUV,Toyota,Raize Hybrid Z Blacktop 360,2025.0,14250000.0,300.0,Dehiwala-Mount-Lavinia,12/2/2025,https://riyasewana.com/buy/toyota-raize-hybrid-sale-dehiwala-mount-lavinia-10836501,Brand New
28105,SUV,BYD,Sealion 6,2025.0,2120000.0,6700.0,Galle,12/2/2025,https://riyasewana.com/buy/byd-sealion-6-sale-galle-10835529,Recondition
28112,SUV,Toyota,Raize G Grade,2023.0,11850000.0,32000.0,Nugegoda,12/1/2025,https://riyasewana.com/buy/toyota-raize-g-sale-nugegoda-10834683,Recondition
28113,SUV,Toyota,Yaris Cross Z Hybrid,2025.0,18400000.0,500.0,Kalutara,12/1/2025,https://riyasewana.com/buy/toyota-yaris-cross-sale-kalutara-10834559,Brand New
28115,SUV,Toyota,Raize Z Grade,2024.0,13800000.0,1.0,Gampaha,12/1/2025,https://riyasewana.com/buy/toyota-raize-z-sale-gampaha-10834207,Brand New
28118,SUV,Toyota,Raize,2023.0,11950000.0,15000.0,Kadawatha,12/1/2025,https://riyasewana.com/buy/toyota-raize-sale-kadawatha-10833989,Recondition
28121,SUV,Toyota,Raize Z Grade Japan 1000cc,2025.0,13150000.0,1.0,Moratuwa,12/1/2025,https://riyasewana.com/buy/toyota-raize-z-sale-moratuwa-10832970,Brand New
28130,SUV,Honda,VEZEL Z GRADE,2024.0,17650000.0,7000.0,Horana,11/30/2025,https://riyasewana.com/buy/honda-vezel-z-sale-horana-10830687,Recondition
28146,SUV,Honda,Vezel Z Grade Import,2025.0,16900000.0,6.0,Homagama,11/29/2025,https://riyasewana.com/buy/honda-vezel-z-sale-homagama-10828743,Brand New
28161,SUV,DFSK,Glory I-Auto,2023.0,12900000.0,12500.0,Colombo,11/28/2025,https://riyasewana.com/buy/dfsk-glory-i-auto-sale-colombo-10826935,Recondition
28182,SUV,BYD,Atto 3,2025.0,17500000.0,11000.0,Colombo,11/27/2025,https://riyasewana.com/buy/byd-atto-3-sale-colombo-10825357,Recondition
28191,SUV,Toyota,CHR NGX10 NERO,2023.0,15800000.0,7000.0,Colombo,11/27/2025,https://riyasewana.com/buy/toyota-chr-ngx10-sale-colombo-10824585,Recondition
28204,SUV,Honda,Vezel Z Play Moon Roof,2023.0,19690000.0,13000.0,Colombo,11/26/2025,https://riyasewana.com/buy/honda-vezel-z-sale-colombo-10822602,Recondition
28224,SUV,Volkswagen,T CROSS STYLE TRIM,2023.0,14300000.0,27000.0,Colombo,11/26/2025,https://riyasewana.com/buy/volkswagen-t-cross-sale-colombo-10820971,Recondition
28234,SUV,Toyota,RAIZE G,2025.0,12000000.0,8000.0,Ganemulla,11/26/2025,https://riyasewana.com/buy/toyota-raize-g-sale-ganemulla-10819736,Recondition
28245,SUV,Toyota,Raize,2025.0,14650000.0,300.0,Colombo,11/25/2025,https://riyasewana.com/buy/toyota-raize-sale-colombo-10817511,Brand New
28246,SUV,Toyota,Raize Z Turbo,2024.0,12850000.0,2000.0,Ja-Ela,11/25/2025,https://riyasewana.com/buy/toyota-raize-z-sale-ja-ela-10816998,Brand New
28251,SUV,Honda,Vezel Z Play,2023.0,19300000.0,18000.0,Galle,11/25/2025,https://riyasewana.com/buy/honda-vezel-z-sale-galle-10816481,Recondition
28254,SUV,Honda,N Box,2024.0,9850000.0,100.0,Dehiwala-Mount-Lavinia,11/25/2025,https://riyasewana.com/buy/honda-n-box-sale-dehiwala-mount-lavinia-10816290,Brand New
28262,SUV,Toyota,CHR GT Bruno,2023.0,17750000.0,16000.0,Dehiwala-Mount-Lavinia,11/25/2025,https://riyasewana.com/buy/toyota-chr-gt-sale-dehiwala-mount-lavinia-10815890,Recondition
28263,SUV,Toyota,Raize,2024.0,14700000.0,9000.0,Malabe,11/25/2025,https://riyasewana.com/buy/toyota-raize-sale-malabe-10815885,Recondition
28264,SUV,Suzuki,Spacia Custom G,2023.0,8990000.0,4500.0,Dehiwala-Mount-Lavinia,11/25/2025,https://riyasewana.com/buy/suzuki-spacia-custom-sale-dehiwala-mount-lavinia-10815870,Brand New
28271,SUV,Toyota,Raize X Grade,2023.0,12250000.0,6000.0,Nugegoda,11/25/2025,https://riyasewana.com/buy/toyota-raize-x-sale-nugegoda-10815624,Recondition
28277,SUV,Honda,Vezel Z Play,2024.0,21450000.0,6500.0,Dehiwala-Mount-Lavinia,11/25/2025,https://riyasewana.com/buy/honda-vezel-z-sale-dehiwala-mount-lavinia-10815412,Recondition
28278,SUV,Toyota,Raize Z Premium,2025.0,14990000.0,50.0,Dehiwala-Mount-Lavinia,11/25/2025,https://riyasewana.com/buy/toyota-raize-z-sale-dehiwala-mount-lavinia-10815285,Brand New
28284,SUV,Suzuki,Spacia Custom XS Turbo,2023.0,9775000.0,1000.0,Dehiwala-Mount-Lavinia,11/25/2025,https://riyasewana.com/buy/suzuki-spacia-custom-sale-dehiwala-mount-lavinia-10814854,Brand New
28290,SUV,Toyota,Raize X Grade,2024.0,12190000.0,1750.0,Nugegoda,11/25/2025,https://riyasewana.com/buy/toyota-raize-x-sale-nugegoda-10814322,Brand New
28291,SUV,Toyota,Raize Z Grade,2025.0,13200000.0,95.0,Moratuwa,11/25/2025,https://riyasewana.com/buy/toyota-raize-z-sale-moratuwa-10813712,Brand New
28301,SUV,Honda,Vezel Z Premium,2025.0,19500000.0,5.0,Hendala,11/24/2025,https://riyasewana.com/buy/honda-vezel-z-sale-hendala-10812519,Brand New
28306,SUV,Toyota,Raize Z Grade,2025.0,15500000.0,1000.0,Negombo,11/24/2025,https://riyasewana.com/buy/toyota-raize-z-sale-negombo-10812211,Brand New
28310,SUV,Honda,Vezel Z Play,2025.0,20600000.0,270.0,Minuwangoda,11/24/2025,https://riyasewana.com/buy/honda-vezel-z-sale-minuwangoda-10811813,Brand New
28312,SUV,Suzuki,XBee,2023.0,10400000.0,16000.0,Pannipitiya,11/24/2025,https://riyasewana.com/buy/suzuki-xbee-sale-pannipitiya-10811660,Recondition
28325,SUV,Toyota,RAIZE,2023.0,13590000.0,2500.0,Colombo,11/24/2025,https://riyasewana.com/buy/toyota-raize-sale-colombo-10811010,Brand New
28326,SUV,Toyota,RAIZE Z GRADE,2024.0,13490000.0,5000.0,Colombo,11/24/2025,https://riyasewana.com/buy/toyota-raize-z-sale-colombo-10810973,Recondition
28330,SUV,Toyota,RAIZE G,2023.0,11990000.0,19365.0,Colombo,11/24/2025,https://riyasewana.com/buy/toyota-raize-g-sale-colombo-10810838,Recondition
28332,SUV,Toyota,RAIZE X,2023.0,11990000.0,6000.0,Colombo,11/24/2025,https://riyasewana.com/buy/toyota-raize-x-sale-colombo-10810821,Recondition
28341,SUV,Honda,Vezel Z,2024.0,18800000.0,4000.0,Kandy,11/24/2025,https://riyasewana.com/buy/honda-vezel-z-sale-kandy-10810029,Brand New
28344,SUV,Honda,Vezel,2025.0,19200000.0,60.0,Colombo,11/24/2025,https://riyasewana.com/buy/honda-vezel-sale-colombo-10809869,Brand New
28345,SUV,Honda,Vezel Z Premium,2025.0,19200000.0,20.0,Colombo,11/24/2025,https://riyasewana.com/buy/honda-vezel-z-sale-colombo-10809836,Brand New
28351,SUV,Honda,Vezel Z Play Moonroof,2024.0,20700000.0,4500.0,Colombo,11/24/2025,https://riyasewana.com/buy/honda-vezel-z-sale-colombo-10809391,Brand New
28352,SUV,Toyota,Raize Turbo 4WD,2024.0,12150000.0,25000.0,Kaduwela,11/24/2025,https://riyasewana.com/buy/toyota-raize-turbo-sale-kaduwela-10809388,Recondition
28357,SUV,Toyota,Raize Z Grade Japan,2025.0,13200000.0,95.0,Moratuwa,11/24/2025,https://riyasewana.com/buy/toyota-raize-z-sale-moratuwa-10808457,Brand New
28358,SUV,Toyota,Yaris Cross Z,2024.0,16800000.0,26000.0,Kadawatha,11/24/2025,https://riyasewana.com/buy/toyota-yaris-cross-sale-kadawatha-10807717,Recondition
28361,SUV,Chery,Tiggo 4 Pro,2024.0,10000000.0,12000.0,Wattala,11/23/2025,https://riyasewana.com/buy/chery-tiggo-4-sale-wattala-10807120,Recondition
28364,SUV,Toyota,Raize G,2024.0,12300000.0,20000.0,Nugegoda,11/23/2025,https://riyasewana.com/buy/toyota-raize-g-sale-nugegoda-10806892,Recondition
28366,SUV,Toyota,Raize,2025.0,13700000.0,250.0,Kandy,11/23/2025,https://riyasewana.com/buy/toyota-raize-sale-kandy-10806529,Brand New
28381,SUV,Toyota,Roomy Custom GT,2023.0,10790000.0,17000.0,Kandy,11/23/2025,https://riyasewana.com/buy/toyota-roomy-custom-sale-kandy-10805386,Recondition
28383,SUV,Honda,Vezel Z Premium,2024.0,17995000.0,29000.0,Colombo,11/23/2025,https://riyasewana.com/buy/honda-vezel-z-sale-colombo-10805228,Recondition
28386,SUV,Toyota,RAIZE,2024.0,12100000.0,10.0,Kiribathgoda,11/23/2025,https://riyasewana.com/buy/toyota-raize-sale-kiribathgoda-10804841,Brand New
28387,SUV,Honda,Vezel Z,2025.0,18975000.0,10000.0,Colombo,11/23/2025,https://riyasewana.com/buy/honda-vezel-z-sale-colombo-10804836,Recondition
28388,SUV,Toyota,RAIZE,2024.0,11800000.0,21000.0,Kiribathgoda,11/23/2025,https://riyasewana.com/buy/toyota-raize-sale-kiribathgoda-10804768,Recondition
28389,SUV,Toyota,RAIZE,2024.0,11900000.0,21000.0,Kadawatha,11/23/2025,https://riyasewana.com/buy/toyota-raize-sale-kadawatha-10804719,Recondition
28396,SUV,Honda,Vezel Z Premium,2024.0,19300000.0,15.0,Colombo,11/23/2025,https://riyasewana.com/buy/honda-vezel-z-sale-colombo-10804357,Brand New
28397,SUV,Toyota,Raize,2025.0,14500000.0,6000.0,Kadawatha,11/23/2025,https://riyasewana.com/buy/toyota-raize-sale-kadawatha-10804328,Recondition
28398,SUV,Toyota,Raize,2024.0,11500000.0,23000.0,Ragama,11/23/2025,https://riyasewana.com/buy/toyota-raize-sale-ragama-10804234,Recondition
28400,SUV,Toyota,Raize,2025.0,16150000.0,150.0,Galle,11/23/2025,https://riyasewana.com/buy/toyota-raize-sale-galle-10803884,Brand New
28402,SUV,Honda,Vezel Z Play,2023.0,18900000.0,10500.0,Kurunegala,11/23/2025,https://riyasewana.com/buy/honda-vezel-z-sale-kurunegala-10803547,Recondition
28403,SUV,Honda,Vezel Z Play,2024.0,19900000.0,9000.0,Ambalangoda,11/23/2025,https://riyasewana.com/buy/honda-vezel-z-sale-ambalangoda-10803470,Recondition
28411,SUV,Toyota,YARIS CROSS Z,2024.0,15775000.0,8000.0,Colombo,11/22/2025,https://riyasewana.com/buy/toyota-yaris-cross-sale-colombo-10801885,Recondition
28419,SUV,DFSK,Glory I-Auto,2023.0,12000000.0,37000.0,Ratnapura,11/22/2025,https://riyasewana.com/buy/dfsk-glory-i-auto-sale-ratnapura-10801243,Recondition
28428,SUV,Honda,Vezel X Grade,2024.0,19000000.0,6300.0,Kiribathgoda,11/22/2025,https://riyasewana.com/buy/honda-vezel-x-sale-kiribathgoda-10800547,Recondition
28450,SUV,Honda,Vezel Z Play,2025.0,21200000.0,4000.0,Colombo,11/22/2025,https://riyasewana.com/buy/honda-vezel-z-sale-colombo-10798217,Brand New
28459,SUV,Toyota,Raize,2024.0,13500000.0,5000.0,Kurunegala,11/22/2025,https://riyasewana.com/buy/toyota-raize-sale-kurunegala-10797131,Recondition
28473,SUV,Honda,Vezel,2023.0,19700000.0,17000.0,Kadawatha,11/21/2025,https://riyasewana.com/buy/honda-vezel-sale-kadawatha-10794968,Recondition
28486,SUV,Toyota,Raize,2023.0,13200000.0,41000.0,Matara,11/21/2025,https://riyasewana.com/buy/toyota-raize-sale-matara-10793870,Recondition
28502,SUV,Toyota,Raize Z Grade,2023.0,13925000.0,36500.0,Dehiwala-Mount-Lavinia,11/21/2025,https://riyasewana.com/buy/toyota-raize-z-sale-dehiwala-mount-lavinia-10792051,Recondition
28510,SUV,Honda,Vezel Z Grade,2023.0,16575000.0,25000.0,Colombo,11/21/2025,https://riyasewana.com/buy/honda-vezel-z-sale-colombo-10791209,Recondition
28513,SUV,Toyota,Raize Z Grade,2023.0,13300000.0,7000.0,Ambalangoda,11/21/2025,https://riyasewana.com/buy/toyota-raize-z-sale-ambalangoda-10791075,Recondition
28536,SUV,Toyota,CORolla Cross,2024.0,26550000.0,600.0,Colombo,11/20/2025,https://riyasewana.com/buy/toyota-corolla-cross-sale-colombo-10788065,Brand New
28541,SUV,Nissan,Magnite,2025.0,8750000.0,1563.0,Kiribathgoda,11/20/2025,https://riyasewana.com/buy/nissan-magnite-sale-kiribathgoda-10787602,Brand New
28549,SUV,Toyota,Yaris Cross,2025.0,21900000.0,60.0,Dehiwala-Mount-Lavinia,11/20/2025,https://riyasewana.com/buy/toyota-yaris-cross-sale-dehiwala-mount-lavinia-10786767,Brand New
28560,SUV,Honda,Vezel Z Grade,2025.0,18200000.0,300.0,Colombo,11/20/2025,https://riyasewana.com/buy/honda-vezel-z-sale-colombo-10785686,Brand New
28561,SUV,Honda,Vezel Z Grade,2023.0,17800000.0,30000.0,Kadawatha,11/20/2025,https://riyasewana.com/buy/honda-vezel-z-sale-kadawatha-10785256,Recondition
28563,SUV,Toyota,Raize Z,2025.0,13500000.0,4.0,Gampaha,11/20/2025,https://riyasewana.com/buy/toyota-raize-z-sale-gampaha-10784901,Brand New
28569,SUV,DFSK,Glory I-Auto,2023.0,11800000.0,17960.0,Colombo,11/19/2025,https://riyasewana.com/buy/dfsk-glory-i-auto-sale-colombo-10784292,Recondition
28573,SUV,Honda,Vezel Z Play,2025.0,21300000.0,300.0,Kurunegala,11/19/2025,https://riyasewana.com/buy/honda-vezel-z-sale-kurunegala-10784027,Brand New
28579,SUV,Mercedes-Benz,GLB200 PREMIUM,2024.0,6500000.0,12000.0,Kandana,11/19/2025,https://riyasewana.com/buy/mercedes-benz-glb200-premium-sale-kandana-10783172,Recondition
28616,SUV,Toyota,Raize Z Grade,2024.0,13500000.0,13000.0,Ragama,11/19/2025,https://riyasewana.com/buy/toyota-raize-z-sale-ragama-10781033,Recondition
28639,SUV,Honda,Vezel Z Premium,2025.0,19675000.0,250.0,Panadura,11/18/2025,https://riyasewana.com/buy/honda-vezel-z-sale-panadura-10777278,Brand New
28640,SUV,Honda,Vezel Z Premium,2024.0,19800000.0,925.0,Hambantota,11/18/2025,https://riyasewana.com/buy/honda-vezel-z-sale-hambantota-10777208,Brand New
28641,SUV,Toyota,Raize,2025.0,13750000.0,10.0,Colombo,11/18/2025,https://riyasewana.com/buy/toyota-raize-sale-colombo-10777176,Brand New
28646,SUV,Baic,BEIJING X55 II LUXURY,2025.0,6500000.0,19065.0,Colombo,11/18/2025,https://riyasewana.com/buy/baic-beijing-x55-sale-colombo-10776698,Recondition
28651,SUV,Toyota,Rush,2025.0,17350000.0,1200.0,Maharagama,11/18/2025,https://riyasewana.com/buy/toyota-rush-sale-maharagama-10776087,Brand New
28652,SUV,Toyota,Raize X Grade,2024.0,12575000.0,17000.0,Nugegoda,11/18/2025,https://riyasewana.com/buy/toyota-raize-x-sale-nugegoda-10776075,Recondition
28656,SUV,Honda,Vezel Z Premium,2025.0,19600000.0,250.0,Moratuwa,11/18/2025,https://riyasewana.com/buy/honda-vezel-z-sale-moratuwa-10775681,Brand New
28658,SUV,Honda,Vezel Z,2023.0,17390000.0,10000.0,Colombo,11/18/2025,https://riyasewana.com/buy/honda-vezel-z-sale-colombo-10775586,Recondition
28666,SUV,Honda,VEZEL Z PREMIUM,2025.0,19500000.0,20.0,Gampaha,11/18/2025,https://riyasewana.com/buy/honda-vezel-z-sale-gampaha-10774924,Brand New
28672,SUV,Honda,Vezel X Limited,2023.0,16600000.0,2340.0,Horana,11/18/2025,https://riyasewana.com/buy/honda-vezel-x-sale-horana-10774602,Brand New
28683,SUV,Honda,Vezel Z Grade,2025.0,18975000.0,230.0,Mawanella,11/17/2025,https://riyasewana.com/buy/honda-vezel-z-sale-mawanella-10773388,Brand New
28686,SUV,Suzuki,XBee MZ Hybrid,2024.0,10790000.0,19.0,Colombo,11/17/2025,https://riyasewana.com/buy/suzuki-xbee-mz-sale-colombo-10772825,Brand New
28689,SUV,Toyota,RAIZE Z,2025.0,14300000.0,21.0,Veyangoda,11/17/2025,https://riyasewana.com/buy/toyota-raize-z-sale-veyangoda-10772554,Brand New
28690,SUV,Mitsubishi,Eclipse Cross G Limited,2023.0,18990000.0,3435.0,Colombo,11/17/2025,https://riyasewana.com/buy/mitsubishi-eclipse-cross-sale-colombo-10772495,Brand New
28697,SUV,Honda,VEZEL Z GRADE,2025.0,18200000.0,20.0,Gampaha,11/17/2025,https://riyasewana.com/buy/honda-vezel-z-sale-gampaha-10771451,Brand New
28705,SUV,Honda,VEZEL Z PLAY,2024.0,20200000.0,7200.0,Gampaha,11/17/2025,https://riyasewana.com/buy/honda-vezel-z-sale-gampaha-10770620,Recondition
28707,SUV,Honda,Vezel Z Play,2024.0,20000000.0,7000.0,Battaramulla,11/17/2025,https://riyasewana.com/buy/honda-vezel-z-sale-battaramulla-10770351,Recondition
28709,SUV,Honda,VEZEL Play,2025.0,20900000.0,500.0,Moratuwa,11/17/2025,https://riyasewana.com/buy/honda-vezel-play-sale-moratuwa-10769964,Brand New
28710,SUV,Honda,Vezel Z Premium,2025.0,19250000.0,300.0,Moratuwa,11/17/2025,https://riyasewana.com/buy/honda-vezel-z-sale-moratuwa-10769931,Brand New
28721,SUV,Honda,Vezel Z Play,2025.0,21975000.0,220.0,Mawanella,11/16/2025,https://riyasewana.com/buy/honda-vezel-z-sale-mawanella-10768563,Brand New
28743,SUV,Honda,Vezel Z Play Premium,2024.0,19250000.0,600.0,Colombo,11/16/2025,https://riyasewana.com/buy/honda-vezel-z-sale-colombo-10767114,Brand New
28745,SUV,Suzuki,XBee MZ,2024.0,10500000.0,4000.0,Battaramulla,11/16/2025,https://riyasewana.com/buy/suzuki-xbee-mz-sale-battaramulla-10767079,Brand New
28752,SUV,Honda,Vezel Z Premium,2025.0,19750000.0,2500.0,Panadura,11/16/2025,https://riyasewana.com/buy/honda-vezel-z-sale-panadura-10766608,Brand New
28754,SUV,Suzuki,Xbee Hybrid MZ,2024.0,11100000.0,10000.0,Colombo,11/16/2025,https://riyasewana.com/buy/suzuki-xbee-hybrid-sale-colombo-10766218,Recondition
28767,SUV,Honda,Vezel Z Play,2024.0,20100000.0,13000.0,Colombo,11/15/2025,https://riyasewana.com/buy/honda-vezel-z-sale-colombo-10763382,Recondition
28785,SUV,Honda,Vezel Z Play,2024.0,21000000.0,9900.0,Kadawatha,11/15/2025,https://riyasewana.com/buy/honda-vezel-z-sale-kadawatha-10761842,Recondition
28803,SUV,Toyota,Raize Z Grade Hybrid,2023.0,12200000.0,24000.0,Gampaha,11/15/2025,https://riyasewana.com/buy/toyota-raize-z-sale-gampaha-10760170,Recondition
28805,SUV,Honda,Vezel Z,2025.0,19000000.0,1200.0,Gampaha,11/15/2025,https://riyasewana.com/buy/honda-vezel-z-sale-gampaha-10759964,Brand New
28809,SUV,Honda,Vezel Z Grade,2023.0,17675000.0,10000.0,Boralesgamuwa,11/15/2025,https://riyasewana.com/buy/honda-vezel-z-sale-boralesgamuwa-10759022,Recondition
28822,SUV,Toyota,Raize,2024.0,12700000.0,250000.0,Kaduwela,11/14/2025,https://riyasewana.com/buy/toyota-raize-sale-kaduwela-10755732,Used
28823,SUV,Kia,SYROS,2025.0,13900000.0,60.0,Colombo,11/14/2025,https://riyasewana.com/buy/kia-syros-sale-colombo-10755709,Brand New
28831,SUV,Honda,Vezel Z Premium,2025.0,19690000.0,250.0,Panadura,11/14/2025,https://riyasewana.com/buy/honda-vezel-z-sale-panadura-10754904,Brand New
28844,SUV,Toyota,RAIZE G,2024.0,12200000.0,5424.0,Kuliyapitiya,11/14/2025,https://riyasewana.com/buy/toyota-raize-g-sale-kuliyapitiya-10753806,Recondition
28848,SUV,DFSK,Glory I-Auto,2023.0,14000000.0,30000.0,Gampaha,11/14/2025,https://riyasewana.com/buy/dfsk-glory-i-auto-sale-gampaha-10753674,Recondition
28856,SUV,Honda,Vezel,2025.0,19200000.0,6.0,Tangalle,11/14/2025,https://riyasewana.com/buy/honda-vezel-sale-tangalle-10753268,Brand New
28868,SUV,Suzuki,Xbee,2024.0,11000000.0,300.0,Malabe,11/13/2025,https://riyasewana.com/buy/suzuki-xbee-sale-malabe-10750529,Brand New
28872,SUV,Toyota,CHR NGX10,2023.0,17700000.0,28000.0,Colombo,11/13/2025,https://riyasewana.com/buy/toyota-chr-ngx10-sale-colombo-10750091,Recondition
28874,SUV,Suzuki,Xbee Mz Turbo,2024.0,10390000.0,5700.0,Kandy,11/13/2025,https://riyasewana.com/buy/suzuki-xbee-mz-sale-kandy-10750019,Recondition
28890,SUV,Chery,Tiggo PRO 4,2024.0,11500000.0,2200.0,Colombo,11/13/2025,https://riyasewana.com/buy/chery-tiggo-pro-sale-colombo-10748190,Brand New
28891,SUV,Toyota,Raize Z Limited,2024.0,12990000.0,3000.0,Dehiwala-Mount-Lavinia,11/13/2025,https://riyasewana.com/buy/toyota-raize-z-sale-dehiwala-mount-lavinia-10748117,Brand New
28894,SUV,Toyota,Raize,2024.0,13500000.0,200.0,Embilipitiya,11/13/2025,https://riyasewana.com/buy/toyota-raize-sale-embilipitiya-10747833,Brand New
28900,SUV,Toyota,Raize,2023.0,13700000.0,20000.0,Wattala,11/12/2025,https://riyasewana.com/buy/toyota-raize-sale-wattala-10745815,Recondition
28910,SUV,Honda,Vezel,2023.0,17900000.0,17000.0,Colombo,11/12/2025,https://riyasewana.com/buy/honda-vezel-sale-colombo-10744924,Recondition
28911,SUV,Honda,Vezel Z Grade,2023.0,18200000.0,11000.0,Colombo,11/12/2025,https://riyasewana.com/buy/honda-vezel-z-sale-colombo-10744886,Recondition
28914,SUV,Honda,Vezel Z Play,2025.0,20400000.0,230.0,Kurunegala,11/12/2025,https://riyasewana.com/buy/honda-vezel-z-sale-kurunegala-10744444,Brand New
28927,SUV,Honda,VEZEL Z PREMIUM,2024.0,19100000.0,90001.0,Kurunegala,11/12/2025,https://riyasewana.com/buy/honda-vezel-z-sale-kurunegala-10743367,Used
28933,SUV,Toyota,Raize,2024.0,14390000.0,7.0,Colombo,11/12/2025,https://riyasewana.com/buy/toyota-raize-sale-colombo-10743166,Brand New
28934,SUV,Toyota,Raize Z,2025.0,14190000.0,14.0,Colombo,11/12/2025,https://riyasewana.com/buy/toyota-raize-z-sale-colombo-10743108,Brand New
28935,SUV,Toyota,Raize Z Grade,2024.0,12790000.0,31000.0,Colombo,11/12/2025,https://riyasewana.com/buy/toyota-raize-z-sale-colombo-10743066,Recondition
28936,SUV,Toyota,Raize G Grade,2023.0,11990000.0,19365.0,Colombo,11/12/2025,https://riyasewana.com/buy/toyota-raize-g-sale-colombo-10743052,Recondition
28954,SUV,Toyota,Raize,2023.0,12700000.0,20000.0,Kurunegala,11/11/2025,https://riyasewana.com/buy/toyota-raize-sale-kurunegala-10740553,Recondition
28964,SUV,Toyota,Raize Z,2025.0,15600000.0,300.0,Piliyandala,11/11/2025,https://riyasewana.com/buy/toyota-raize-z-sale-piliyandala-10740032,Brand New
28971,SUV,DFSK,580,2023.0,9560000.0,78000.0,Boralesgamuwa,11/11/2025,https://riyasewana.com/buy/dfsk-580-sale-boralesgamuwa-10739664,Used
28993,SUV,Baic,X55,2025.0,16900000.0,6000.0,Dehiwala-Mount-Lavinia,11/11/2025,https://riyasewana.com/buy/baic-x55-sale-dehiwala-mount-lavinia-10737320,Recondition
28996,SUV,Nissan,Magnite Tekna Plus,2025.0,9200000.0,1300.0,Kadawatha,11/11/2025,https://riyasewana.com/buy/nissan-magnite-tekna-sale-kadawatha-10736894,Brand New
28997,SUV,Honda,Vezel Z Play Moonroof,2024.0,21100000.0,9900.0,Kadawatha,11/11/2025,https://riyasewana.com/buy/honda-vezel-z-sale-kadawatha-10736847,Recondition
28998,SUV,Honda,Vezel Z Grade,2025.0,18900000.0,4.0,Gampaha,11/11/2025,https://riyasewana.com/buy/honda-vezel-z-sale-gampaha-10736414,Brand New
29001,SUV,Volkswagen,T-Cross,2023.0,13250000.0,31500.0,Kalutara,11/11/2025,https://riyasewana.com/buy/volkswagen-t-cross-sale-kalutara-10735689,Recondition
29013,SUV,Toyota,Raize,2024.0,12700000.0,25000.0,Kaduwela,11/10/2025,https://riyasewana.com/buy/toyota-raize-sale-kaduwela-10735033,Recondition
29026,SUV,MG,ZS,2025.0,17000000.0,4937.0,Panadura,11/10/2025,https://riyasewana.com/buy/mg-zs-sale-panadura-10733802,Brand New
29031,SUV,BYD,Atto3,2025.0,16700000.0,2800.0,Kottawa,11/10/2025,https://riyasewana.com/buy/byd-atto3-sale-kottawa-10733332,Brand New
29039,SUV,Honda,Vezel Z,2023.0,17200000.0,9900.0,Kelaniya,11/10/2025,https://riyasewana.com/buy/honda-vezel-z-sale-kelaniya-10732681,Recondition
29040,SUV,Toyota,Taisor Urban Cruiser V Grade,2025.0,12200000.0,3000.0,Negombo,11/10/2025,https://riyasewana.com/buy/toyota-taisor-urban-sale-negombo-10732608,Brand New
29043,SUV,Honda,Vezel,2023.0,17850000.0,10000.0,Kelaniya,11/10/2025,https://riyasewana.com/buy/honda-vezel-sale-kelaniya-10732245,Recondition
29048,SUV,BYD,SEALION 6,2025.0,21000000.0,11000.0,Kandy,11/10/2025,https://riyasewana.com/buy/byd-sealion-6-sale-kandy-10731341,Recondition
29051,SUV,Baic,X55,2025.0,14700000.0,24992.0,Colombo,11/10/2025,https://riyasewana.com/buy/baic-x55-sale-colombo-10730197,Recondition
29070,SUV,Honda,Vezel Z Grade,2025.0,18750000.0,20.0,Pannipitiya,11/9/2025,https://riyasewana.com/buy/honda-vezel-z-sale-pannipitiya-10726314,Brand New
29076,SUV,Honda,Vezel Z,2025.0,19200000.0,9.0,Negombo,11/9/2025,https://riyasewana.com/buy/honda-vezel-z-sale-negombo-10725815,Brand New
29077,SUV,BYD,Atto 3,2025.0,15950000.0,4500.0,Kandy,11/9/2025,https://riyasewana.com/buy/byd-atto-3-sale-kandy-10725730,Brand New
29078,SUV,BYD,ATTO 3 SUPERIOR,2025.0,17500000.0,1850.0,Gampaha,11/9/2025,https://riyasewana.com/buy/byd-atto-3-sale-gampaha-10725145,Brand New
29082,SUV,Honda,Vezel Z Premium,2025.0,18500000.0,2000.0,Colombo,2/7/2026,https://riyasewana.com/buy/honda-vezel-z-sale-colombo-11167388,Brand New
29086,Van,Suzuki,Every Join,2024.0,7400000.0,12300.0,Colombo,2/6/2026,https://riyasewana.com/buy/suzuki-every-join-sale-colombo-11163760,Recondition
29103,Van,Daihatsu,Hijet,2025.0,7200000.0,1980.0,Polgahawela,1/30/2026,https://riyasewana.com/buy/daihatsu-hijet-sale-polgahawela-11129815,Brand New
29166,Van,Suzuki,Every PA Limited,2023.0,6450000.0,19823.0,Kandy,2/6/2026,https://riyasewana.com/buy/suzuki-every-pa-sale-kandy-11166239,Recondition
29170,Van,Suzuki,Every PA Limited,2023.0,6525000.0,34652.0,Kandy,2/6/2026,https://riyasewana.com/buy/suzuki-every-pa-sale-kandy-11166204,Recondition
29247,Van,Suzuki,Every Wagon PZ Turbo,2023.0,8300000.0,6000.0,Gampola,2/6/2026,https://riyasewana.com/buy/suzuki-every-wagon-sale-gampola-11165113,Recondition
29258,Van,Nissan,Clipper GL,2024.0,7100000.0,1234.0,Mawanella,2/6/2026,https://riyasewana.com/buy/nissan-clipper-gl-sale-mawanella-11164940,Brand New
29422,Van,Suzuki,Every PA Limited,2024.0,6925000.0,1800.0,Matale,2/6/2026,https://riyasewana.com/buy/suzuki-every-pa-sale-matale-11162224,Brand New
29432,Van,Toyota,PIXIS EVERY CRUISE WAGON,2023.0,7800000.0,6000.0,Kurunegala,2/5/2026,https://riyasewana.com/buy/toyota-pixis-every-sale-kurunegala-11162139,Recondition
29493,Van,Suzuki,Every Join,2025.0,8300000.0,3300.0,Chilaw,2/5/2026,https://riyasewana.com/buy/suzuki-every-join-sale-chilaw-11160903,Brand New
29499,Van,Suzuki,EVERY WAGON PZ TURBO,2023.0,8475000.0,16000.0,Negombo,2/5/2026,https://riyasewana.com/buy/suzuki-every-wagon-sale-negombo-11160738,Recondition
29516,Van,Suzuki,Every Full Join,2025.0,8175000.0,946.0,Kottawa,2/5/2026,https://riyasewana.com/buy/suzuki-every-full-sale-kottawa-11160441,Brand New
29527,Van,Toyota,KDH GDH 301,2025.0,23500000.0,4000.0,Matara,2/5/2026,https://riyasewana.com/buy/toyota-kdh-gdh-sale-matara-11160194,Brand New
29570,Van,Suzuki,Every Join,2024.0,8100000.0,14900.0,Kandy,2/5/2026,https://riyasewana.com/buy/suzuki-every-join-sale-kandy-11159184,Recondition
29572,Van,Suzuki,Every Wagon,2023.0,8090000.0,17500.0,Kandy,2/5/2026,https://riyasewana.com/buy/suzuki-every-wagon-sale-kandy-11159121,Recondition
29606,Van,Suzuki,Every PA Limited,2025.0,7550000.0,5.0,Nittambuwa,2/5/2026,https://riyasewana.com/buy/suzuki-every-pa-sale-nittambuwa-11158525,Brand New
29662,Van,Suzuki,Every,2025.0,6850000.0,14.0,Veyangoda,2/4/2026,https://riyasewana.com/buy/suzuki-every-sale-veyangoda-11157117,Brand New
29730,Van,Suzuki,Every Wagon Pz,2024.0,8850000.0,530.0,Kandy,2/4/2026,https://riyasewana.com/buy/suzuki-every-wagon-sale-kandy-11155329,Brand New
29763,Van,Suzuki,Every Wagon,2023.0,8490000.0,8000.0,Colombo,2/4/2026,https://riyasewana.com/buy/suzuki-every-wagon-sale-colombo-11154456,Recondition
29770,Van,Suzuki,Every,2025.0,8250000.0,2800.0,Gampaha,2/4/2026,https://riyasewana.com/buy/suzuki-every-sale-gampaha-11154282,Brand New
29778,Van,Suzuki,Every PA,2023.0,6750000.0,17500.0,Kurunegala,2/4/2026,https://riyasewana.com/buy/suzuki-every-pa-sale-kurunegala-11154159,Recondition
29793,Van,Suzuki,Every Wagon Turbo,2024.0,8650000.0,5500.0,Moratuwa,2/4/2026,https://riyasewana.com/buy/suzuki-every-wagon-sale-moratuwa-11153673,Recondition
29890,Van,Suzuki,Every,2024.0,7400000.0,11500.0,Gampaha,2/3/2026,https://riyasewana.com/buy/suzuki-every-sale-gampaha-11151185,Recondition
29899,Van,Suzuki,Every PA Limited,2023.0,6300000.0,20000.0,Colombo,2/3/2026,https://riyasewana.com/buy/suzuki-every-pa-sale-colombo-11150994,Recondition
29910,Van,Suzuki,Every PA LIMITED,2023.0,7000000.0,10000.0,Mawanella,2/3/2026,https://riyasewana.com/buy/suzuki-every-pa-sale-mawanella-11150813,Recondition
29913,Van,Toyota,KDH,2025.0,29500000.0,600.0,Welisara,2/3/2026,https://riyasewana.com/buy/toyota-kdh-sale-welisara-11150731,Brand New
29933,Van,Toyota,KDH GDH,2025.0,23000000.0,35.0,Matara,2/3/2026,https://riyasewana.com/buy/toyota-kdh-gdh-sale-matara-11150007,Brand New
29985,Van,Mazda,Scrum Wagon,2023.0,7850000.0,7000.0,Nugegoda,2/3/2026,https://riyasewana.com/buy/mazda-scrum-wagon-sale-nugegoda-11148450,Recondition
29986,Van,Nissan,Clipper,2023.0,7500000.0,19000.0,Kandy,2/3/2026,https://riyasewana.com/buy/nissan-clipper-sale-kandy-11148420,Recondition
29989,Van,Suzuki,Every,2023.0,6990000.0,10000.0,Colombo,2/3/2026,https://riyasewana.com/buy/suzuki-every-sale-colombo-11148332,Recondition
30173,Van,Suzuki,Every PC Limited,2025.0,7675000.0,200.0,Kottawa,2/2/2026,https://riyasewana.com/buy/suzuki-every-pc-sale-kottawa-11143024,Brand New
30213,Van,Suzuki,Every,2023.0,6775000.0,2300.0,Negombo,2/1/2026,https://riyasewana.com/buy/suzuki-every-sale-negombo-11141527,Brand New
30228,Van,Suzuki,EVERY PC,2024.0,7150000.0,8000.0,Kandy,2/1/2026,https://riyasewana.com/buy/suzuki-every-pc-sale-kandy-11140928,Recondition
30252,Van,Nissan,Clipper,2024.0,7390000.0,7000.0,Kandy,2/1/2026,https://riyasewana.com/buy/nissan-clipper-sale-kandy-11140278,Recondition
30278,Van,Suzuki,Every Full Join,2025.0,8650000.0,1439.0,Kurunegala,2/1/2026,https://riyasewana.com/buy/suzuki-every-full-sale-kurunegala-11139580,Brand New
30294,Van,Nissan,Roox Hybrid,2023.0,7625000.0,17000.0,Kandy,2/1/2026,https://riyasewana.com/buy/nissan-roox-hybrid-sale-kandy-11138868,Recondition
30362,Van,Suzuki,Every,2023.0,6895000.0,61000.0,Galle,1/31/2026,https://riyasewana.com/buy/suzuki-every-sale-galle-11136153,Used
30378,Van,Suzuki,Every,2025.0,8000000.0,2000.0,Chilaw,1/31/2026,https://riyasewana.com/buy/suzuki-every-sale-chilaw-11135509,Brand New
30438,Van,Suzuki,Every Wagon Turbo,2023.0,8650000.0,4500.0,Kalutara,1/31/2026,https://riyasewana.com/buy/suzuki-every-wagon-sale-kalutara-11133491,Brand New
30476,Van,Nissan,Rio,2023.0,8350000.0,6500.0,Matara,1/31/2026,https://riyasewana.com/buy/nissan-rio-sale-matara-11131752,Recondition
30489,Van,Suzuki,Every DA17 Full,2023.0,6675000.0,42000.0,Kottawa,1/30/2026,https://riyasewana.com/buy/suzuki-every-da17-sale-kottawa-11131212,Recondition
30505,Van,Suzuki,Every Wagon,2023.0,8250000.0,28000.0,Matale,1/30/2026,https://riyasewana.com/buy/suzuki-every-wagon-sale-matale-11130523,Recondition
30517,Van,Foton,View CS2,2025.0,17800000.0,111.0,Colombo,1/30/2026,https://riyasewana.com/buy/foton-view-cs2-sale-colombo-11130035,Brand New
30549,Van,Suzuki,Every Wagon PZ Turbo,2025.0,9150000.0,262.0,Gampaha,1/30/2026,https://riyasewana.com/buy/suzuki-every-wagon-sale-gampaha-11129028,Brand New
30559,Van,Suzuki,Every,2024.0,7200000.0,1000.0,Kotte,1/30/2026,https://riyasewana.com/buy/suzuki-every-sale-kotte-11128543,Brand New
30586,Van,Suzuki,EVERY FULL JOIN TURBO,2025.0,8850000.0,1.0,Beruwala,1/30/2026,https://riyasewana.com/buy/suzuki-every-full-sale-beruwala-11126968,Brand New
30607,Van,Suzuki,Every,2024.0,7200000.0,1400.0,Kandy,1/29/2026,https://riyasewana.com/buy/suzuki-every-sale-kandy-11126212,Brand New
30650,Van,Suzuki,Every Wagon PZ Turbo,2024.0,8950000.0,300.0,Kandy,1/29/2026,https://riyasewana.com/buy/suzuki-every-wagon-sale-kandy-11124920,Brand New
30675,Van,Suzuki,Every Wagon Pz Turbo,2023.0,8600000.0,18000.0,Matale,1/29/2026,https://riyasewana.com/buy/suzuki-every-wagon-sale-matale-11123494,Recondition
30751,Van,Nissan,Clipper,2024.0,7550000.0,8832.0,Negombo,1/28/2026,https://riyasewana.com/buy/nissan-clipper-sale-negombo-11119493,Recondition
30758,Van,Suzuki,EVERY S JOIN LIMITED,2024.0,2500000.0,560.0,Dehiwala-Mount-Lavinia,1/28/2026,https://riyasewana.com/buy/suzuki-every-s-sale-dehiwala-mount-lavinia-11118943,Brand New
30761,Van,Suzuki,FULL JOIN CUSTOM TURBO,2025.0,2500000.0,220.0,Dehiwala-Mount-Lavinia,1/28/2026,https://riyasewana.com/buy/suzuki-full-join-sale-dehiwala-mount-lavinia-11118800,Brand New
30763,Van,Suzuki,Every,2025.0,7575000.0,10.0,Homagama,1/28/2026,https://riyasewana.com/buy/suzuki-every-sale-homagama-11118676,Brand New
30769,Van,Suzuki,Every,2023.0,7560000.0,14200.0,Mawanella,1/28/2026,https://riyasewana.com/buy/suzuki-every-sale-mawanella-11118392,Recondition
30784,Van,Nissan,Every DA17 Join GX,2024.0,7590000.0,7000.0,Galle,1/28/2026,https://riyasewana.com/buy/nissan-every-da17-sale-galle-11117614,Recondition
30786,Van,Suzuki,Every DA17,2023.0,6990000.0,6000.0,Galle,1/28/2026,https://riyasewana.com/buy/suzuki-every-da17-sale-galle-11117586,Recondition
30845,Van,Suzuki,Every,2024.0,6890000.0,15000.0,Ragama,1/27/2026,https://riyasewana.com/buy/suzuki-every-sale-ragama-11114079,Recondition
30886,Van,Mazda,Scrum PC Limited,2023.0,7295000.0,17200.0,Kegalle,1/26/2026,https://riyasewana.com/buy/mazda-scrum-pc-sale-kegalle-11111383,Recondition
30891,Van,Toyota,KDH223R HiACE,2025.0,21800000.0,9700.0,Colombo,1/26/2026,https://riyasewana.com/buy/toyota-kdh223r-hiace-sale-colombo-11111255,Recondition
30913,Van,Suzuki,Every DA17 PC Limited,2025.0,7450000.0,1450.0,Kurunegala,1/26/2026,https://riyasewana.com/buy/suzuki-every-da17-sale-kurunegala-11110392,Brand New
30919,Van,Suzuki,Every PA Limited,2025.0,7690000.0,1.0,Rajagiriya,1/26/2026,https://riyasewana.com/buy/suzuki-every-pa-sale-rajagiriya-11109994,Brand New
30927,Van,Suzuki,Every Wagon PZ Turbo,2025.0,9275000.0,300.0,Kandy,1/26/2026,https://riyasewana.com/buy/suzuki-every-wagon-sale-kandy-11109616,Brand New
30939,Van,Suzuki,Every Wagon Pz Turbo,2023.0,8400000.0,14000.0,Kaduwela,1/26/2026,https://riyasewana.com/buy/suzuki-every-wagon-sale-kaduwela-11109258,Recondition
30940,Van,Suzuki,Every Join,2023.0,6750000.0,12000.0,Kandy,1/26/2026,https://riyasewana.com/buy/suzuki-every-join-sale-kandy-11109187,Recondition
30971,Van,Daihatsu,Tanto,2023.0,8600000.0,4700.0,Kadawatha,1/26/2026,https://riyasewana.com/buy/daihatsu-tanto-sale-kadawatha-11107337,Brand New
31015,Van,Suzuki,Every Join,2024.0,7900000.0,1300.0,Kandy,1/25/2026,https://riyasewana.com/buy/suzuki-every-join-sale-kandy-11104804,Brand New
31022,Van,Suzuki,Every PA Limited,2024.0,7225000.0,3000.0,Panadura,1/25/2026,https://riyasewana.com/buy/suzuki-every-pa-sale-panadura-11104410,Brand New
31033,Van,Suzuki,Every PA Limited,2024.0,7150000.0,8000.0,Nittambuwa,1/25/2026,https://riyasewana.com/buy/suzuki-every-pa-sale-nittambuwa-11103650,Recondition
31057,Van,Suzuki,Every,2025.0,6950000.0,14.0,Veyangoda,1/25/2026,https://riyasewana.com/buy/suzuki-every-sale-veyangoda-11101870,Brand New
31071,Van,Toyota,KDH GDH Japan,2025.0,23200000.0,18.0,Matara,1/24/2026,https://riyasewana.com/buy/toyota-kdh-gdh-sale-matara-11100566,Brand New
31083,Van,Suzuki,EVERY PC,2023.0,7150000.0,1800.0,Kandy,1/24/2026,https://riyasewana.com/buy/suzuki-every-pc-sale-kandy-11099981,Brand New
31088,Van,Nissan,Clipper,2024.0,7300000.0,4000.0,Marawila,1/24/2026,https://riyasewana.com/buy/nissan-clipper-sale-marawila-11098654,Brand New
31111,Van,Suzuki,Every PC Limited,2025.0,7650000.0,10.0,Kandy,1/24/2026,https://riyasewana.com/buy/suzuki-every-pc-sale-kandy-11098000,Brand New
31153,Van,Suzuki,Every,2023.0,6950000.0,1800.0,Kandy,1/23/2026,https://riyasewana.com/buy/suzuki-every-sale-kandy-11094473,Brand New
31164,Van,Toyota,KDH,2025.0,20800000.0,30.0,Matara,1/23/2026,https://riyasewana.com/buy/toyota-kdh-sale-matara-11093786,Brand New
31194,Van,Nissan,Roox Highway Star X Pro,2024.0,8575000.0,250.0,Colombo,1/23/2026,https://riyasewana.com/buy/nissan-roox-highway-sale-colombo-11091642,Brand New
31221,Van,Nissan,Clipper,2024.0,8950000.0,2900.0,Malabe,1/22/2026,https://riyasewana.com/buy/nissan-clipper-sale-malabe-11089792,Brand New
31246,Van,Suzuki,Every Full Join,2024.0,7890000.0,8000.0,Dehiwala-Mount-Lavinia,1/22/2026,https://riyasewana.com/buy/suzuki-every-full-sale-dehiwala-mount-lavinia-11088334,Recondition
31247,Van,Suzuki,Every Pc Limited,2024.0,7900000.0,4500.0,Panadura,1/22/2026,https://riyasewana.com/buy/suzuki-every-pc-sale-panadura-11088287,Brand New
31269,Van,Suzuki,EVERY FULL JOIN,2024.0,7900000.0,7000.0,Nittambuwa,1/22/2026,https://riyasewana.com/buy/suzuki-every-full-sale-nittambuwa-11086592,Recondition
31320,Van,Suzuki,Every,2024.0,1600000.0,9000.0,Colombo,1/21/2026,https://riyasewana.com/buy/suzuki-every-sale-colombo-11082916,Recondition
31323,Van,Suzuki,Every Wagon PZ Turbo,2024.0,8990000.0,4500.0,Colombo,1/21/2026,https://riyasewana.com/buy/suzuki-every-wagon-sale-colombo-11082854,Brand New
31375,Van,Toyota,GDH,2025.0,22850000.0,7000.0,Kalutara,1/20/2026,https://riyasewana.com/buy/toyota-gdh-sale-kalutara-11079157,Recondition
31379,Van,Nissan,Clipper GX,2025.0,7290000.0,4055.0,Gampaha,1/20/2026,https://riyasewana.com/buy/nissan-clipper-gx-sale-gampaha-11078892,Brand New
31397,Van,Suzuki,Every,2024.0,7090000.0,1607.0,Gampaha,1/20/2026,https://riyasewana.com/buy/suzuki-every-sale-gampaha-11077920,Brand New
31431,Van,Nissan,Clipper,2024.0,7170000.0,870.0,Gampaha,1/20/2026,https://riyasewana.com/buy/nissan-clipper-sale-gampaha-11076087,Brand New
31443,Van,Suzuki,Every,2024.0,6825000.0,6800.0,Kandy,1/19/2026,https://riyasewana.com/buy/suzuki-every-sale-kandy-11074825,Recondition
31497,Van,Nissan,Clipper GL NV 100 DR 17V,2023.0,6950000.0,8000.0,Minuwangoda,1/19/2026,https://riyasewana.com/buy/nissan-clipper-gl-sale-minuwangoda-11071770,Recondition
31507,Van,Nissan,CLIPPER,2024.0,8000000.0,9100.0,Colombo,1/19/2026,https://riyasewana.com/buy/nissan-clipper-sale-colombo-11070212,Recondition
31512,Van,Suzuki,Every JOIN GX AT,2025.0,7390000.0,25.0,Gampaha,1/18/2026,https://riyasewana.com/buy/suzuki-every-join-sale-gampaha-11069805,Brand New
31646,Van,Suzuki,Every Pa Model,2023.0,7100000.0,17000.0,Kandy,1/17/2026,https://riyasewana.com/buy/suzuki-every-pa-sale-kandy-11061517,Recondition
31742,Van,Suzuki,Every PC Limited,2024.0,7425000.0,12000.0,Colombo,1/15/2026,https://riyasewana.com/buy/suzuki-every-pc-sale-colombo-11052297,Recondition
31757,Van,Toyota,Hiace Gdh,2025.0,24500000.0,8000.0,Hambantota,1/15/2026,https://riyasewana.com/buy/toyota-hiace-gdh-sale-hambantota-11051697,Recondition
31808,Van,Nissan,Clipper,2024.0,7275000.0,275.0,Gampaha,1/14/2026,https://riyasewana.com/buy/nissan-clipper-sale-gampaha-11046763,Brand New
31818,Van,Nissan,Clipper,2023.0,6850000.0,11000.0,Pannipitiya,1/14/2026,https://riyasewana.com/buy/nissan-clipper-sale-pannipitiya-11045800,Recondition
31822,Van,Suzuki,Every Join,2023.0,7700000.0,2700.0,Nittambuwa,1/14/2026,https://riyasewana.com/buy/suzuki-every-join-sale-nittambuwa-11045483,Brand New
31841,Van,Nissan,Clipper,2025.0,7575000.0,1000.0,Ja-Ela,1/14/2026,https://riyasewana.com/buy/nissan-clipper-sale-ja-ela-11043657,Brand New
31845,Van,Suzuki,Every PC Ltd Semi Join,2024.0,6880000.0,20800.0,Batticaloa,1/14/2026,https://riyasewana.com/buy/suzuki-every-pc-sale-batticaloa-11043194,Recondition
31846,Van,Suzuki,Every Wagon PZ Turbo,2024.0,8200000.0,8600.0,Batticaloa,1/14/2026,https://riyasewana.com/buy/suzuki-every-wagon-sale-batticaloa-11043125,Recondition
31904,Van,Suzuki,Every PA DA17,2023.0,6750000.0,11000.0,Kurunegala,1/12/2026,https://riyasewana.com/buy/suzuki-every-pa-sale-kurunegala-11037920,Recondition
31915,Van,Nissan,CLIPPER,2024.0,7000000.0,11000.0,Dehiwala-Mount-Lavinia,1/12/2026,https://riyasewana.com/buy/nissan-clipper-sale-dehiwala-mount-lavinia-11036806,Recondition
31954,Van,Nissan,Clipper,2023.0,7590000.0,21000.0,Kaduwela,1/12/2026,https://riyasewana.com/buy/nissan-clipper-sale-kaduwela-11034032,Recondition
31965,Van,Suzuki,Every,2024.0,7650000.0,5044.0,Gampaha,1/11/2026,https://riyasewana.com/buy/suzuki-every-sale-gampaha-11033301,Recondition
31967,Van,Suzuki,Every,2025.0,7090000.0,22.0,Gampaha,1/11/2026,https://riyasewana.com/buy/suzuki-every-sale-gampaha-11033231,Brand New
31971,Van,Suzuki,Every Full Join Turbo,2024.0,8000000.0,3700.0,Kandy,1/11/2026,https://riyasewana.com/buy/suzuki-every-full-sale-kandy-11032648,Brand New
31975,Van,Suzuki,Every,2024.0,7550000.0,3600.0,Avissawella,1/11/2026,https://riyasewana.com/buy/suzuki-every-sale-avissawella-11031937,Brand New
31981,Van,Nissan,Clipper Rio Wagon,2023.0,8500000.0,16000.0,Colombo,1/11/2026,https://riyasewana.com/buy/nissan-clipper-rio-sale-colombo-11031387,Recondition
31985,Van,Suzuki,Every Wagon Pz,2024.0,8900000.0,5000.0,Kaduwela,1/11/2026,https://riyasewana.com/buy/suzuki-every-wagon-sale-kaduwela-11031213,Recondition
32006,Van,Suzuki,EVERY PA-LTD,2025.0,7550000.0,7.0,Kurunegala,1/11/2026,https://riyasewana.com/buy/suzuki-every-pa-ltd-sale-kurunegala-11029626,Brand New
32061,Van,Suzuki,Every Join,2025.0,7400000.0,1000.0,Nittambuwa,1/10/2026,https://riyasewana.com/buy/suzuki-every-join-sale-nittambuwa-11025042,Brand New
32068,Van,Nissan,Clipper Full Joint,2023.0,7525000.0,23642.0,Gampaha,1/10/2026,https://riyasewana.com/buy/nissan-clipper-full-sale-gampaha-11024269,Recondition
32078,Van,Suzuki,EVERY PA LIMITED,2025.0,7390000.0,290.0,Matale,1/10/2026,https://riyasewana.com/buy/suzuki-every-pa-sale-matale-11022678,Brand New
32090,Van,Suzuki,Wagon,2023.0,8435000.0,32000.0,Dehiwala-Mount-Lavinia,1/10/2026,https://riyasewana.com/buy/suzuki-wagon-sale-dehiwala-mount-lavinia-11022134,Recondition
32102,Van,Suzuki,Every Wagon Pz Turbo Special Edition,2024.0,2650000.0,420.0,Gampola,1/9/2026,https://riyasewana.com/buy/suzuki-every-wagon-sale-gampola-11021536,Brand New
32103,Van,Suzuki,Every Wagon Pz Turbo Special Edition,2025.0,3050000.0,100.0,Gampola,1/9/2026,https://riyasewana.com/buy/suzuki-every-wagon-sale-gampola-11021521,Brand New
32136,Van,Toyota,CUSTOM GT,2025.0,10700000.0,5.0,Colombo,1/9/2026,https://riyasewana.com/buy/toyota-custom-gt-sale-colombo-11018814,Brand New
32152,Van,Suzuki,Every RPM Meter,2024.0,7290000.0,3680.0,Gampaha,1/8/2026,https://riyasewana.com/buy/suzuki-every-rpm-sale-gampaha-11016510,Brand New
32176,Van,Suzuki,Every PA Limited,2024.0,7200000.0,6009.0,Kiribathgoda,1/8/2026,https://riyasewana.com/buy/suzuki-every-pa-sale-kiribathgoda-11014366,Recondition
32222,Van,Toyota,KDH,2025.0,21500000.0,180.0,Colombo,1/7/2026,https://riyasewana.com/buy/toyota-kdh-sale-colombo-11010180,Brand New
32293,Van,Nissan,CLIPPER,2023.0,7250000.0,28000.0,Kandy,1/6/2026,https://riyasewana.com/buy/nissan-clipper-sale-kandy-11003929,Recondition
32304,Van,Toyota,KDH,2025.0,20400000.0,10.0,Homagama,1/6/2026,https://riyasewana.com/buy/toyota-kdh-sale-homagama-11002186,Brand New
32347,Van,Suzuki,Every Wagon PZ IMPORT,2024.0,8550000.0,4000.0,Homagama,1/5/2026,https://riyasewana.com/buy/suzuki-every-wagon-sale-homagama-10997534,Brand New
32396,Van,Suzuki,Every PA Limited,2025.0,7550000.0,13.0,Nittambuwa,1/4/2026,https://riyasewana.com/buy/suzuki-every-pa-sale-nittambuwa-10992440,Brand New
32423,Van,Suzuki,Every Join,2024.0,7975000.0,3200.0,Colombo,1/3/2026,https://riyasewana.com/buy/suzuki-every-join-sale-colombo-10990872,Brand New
32453,Van,Suzuki,Every,2023.0,6950000.0,23000.0,Ratnapura,1/2/2026,https://riyasewana.com/buy/suzuki-every-sale-ratnapura-10986357,Recondition
32461,Van,Suzuki,Every,2023.0,6850000.0,58000.0,Gampaha,1/2/2026,https://riyasewana.com/buy/suzuki-every-sale-gampaha-10985497,Used
32486,Van,Mitsubishi,MiniCab,2023.0,6900000.0,12500.0,Homagama,1/2/2026,https://riyasewana.com/buy/mitsubishi-minicab-sale-homagama-10982492,Recondition
32511,Van,Nissan,CLIPPER PC LIMITED,2025.0,7250000.0,150.0,Panadura,1/1/2026,https://riyasewana.com/buy/nissan-clipper-pc-sale-panadura-10979588,Brand New
32530,Van,Suzuki,Every DA17V Safety,2024.0,1495000.0,9000.0,Kandana,12/31/2025,https://riyasewana.com/buy/suzuki-every-da17v-sale-kandana-10977288,Recondition
32536,Van,Suzuki,Every DA17V Full Join Turbo,2024.0,9350000.0,350.0,Gampola,12/31/2025,https://riyasewana.com/buy/suzuki-every-da17v-sale-gampola-10976766,Brand New
32543,Van,Suzuki,Every Join,2025.0,8275000.0,50.0,Colombo,12/31/2025,https://riyasewana.com/buy/suzuki-every-join-sale-colombo-10975947,Brand New
32560,Van,Suzuki,Every PC,2024.0,7550000.0,20000.0,Colombo,12/31/2025,https://riyasewana.com/buy/suzuki-every-pc-sale-colombo-10974631,Recondition
32604,Van,Toyota,KDH High Roof 223,2025.0,21200000.0,3000.0,Gampaha,12/30/2025,https://riyasewana.com/buy/toyota-kdh-high-sale-gampaha-10970599,Brand New
32622,Van,Nissan,Clipper,2024.0,8200000.0,4000.0,Colombo,12/30/2025,https://riyasewana.com/buy/nissan-clipper-sale-colombo-10968864,Brand New
32648,Van,Suzuki,Every FULL JOIN,2025.0,8170000.0,29.0,Kandy,12/29/2025,https://riyasewana.com/buy/suzuki-every-full-sale-kandy-10965699,Brand New
32684,Van,Nissan,Clipper,2023.0,6990000.0,10000.0,Colombo,12/28/2025,https://riyasewana.com/buy/nissan-clipper-sale-colombo-10961874,Recondition
32737,Van,Suzuki,Every PA Limited,2023.0,7265000.0,1234.0,Matara,12/27/2025,https://riyasewana.com/buy/suzuki-every-pa-sale-matara-10955272,Brand New
32776,Van,Suzuki,Every Join,2025.0,8335000.0,300.0,Matale,12/26/2025,https://riyasewana.com/buy/suzuki-every-join-sale-matale-10950008,Brand New
32832,Van,Honda,NVan L,2024.0,8300000.0,2127.0,Colombo,12/24/2025,https://riyasewana.com/buy/honda-nvan-l-sale-colombo-10943569,Brand New
32859,Van,Suzuki,EVERY WAGON PZ TURBO,2024.0,9475000.0,1000.0,Matale,12/24/2025,https://riyasewana.com/buy/suzuki-every-wagon-sale-matale-10941077,Brand New
32870,Van,Suzuki,Every,2025.0,7300000.0,500.0,Kandy,12/23/2025,https://riyasewana.com/buy/suzuki-every-sale-kandy-10939400,Brand New
32919,Van,Nissan,Clipper,2023.0,6800000.0,11000.0,Pannipitiya,12/22/2025,https://riyasewana.com/buy/nissan-clipper-sale-pannipitiya-10931479,Recondition
32921,Van,Toyota,Voxy,2023.0,29000000.0,15000.0,Kandy,12/22/2025,https://riyasewana.com/buy/toyota-voxy-sale-kandy-10931170,Recondition
32943,Van,Suzuki,Every PA Ltd,2024.0,7050000.0,11950.0,Katunayake,12/21/2025,https://riyasewana.com/buy/suzuki-every-pa-sale-katunayake-10928770,Recondition
32945,Van,Suzuki,Every Wagon PZ,2023.0,8725000.0,12000.0,Colombo,12/21/2025,https://riyasewana.com/buy/suzuki-every-wagon-sale-colombo-10928294,Recondition
32988,Van,Suzuki,Every PC,2023.0,7275000.0,5900.0,Colombo,12/20/2025,https://riyasewana.com/buy/suzuki-every-pc-sale-colombo-10922745,Recondition
32998,Van,Suzuki,CLIPPER JOIN,2023.0,7825000.0,5000.0,Ambalangoda,12/20/2025,https://riyasewana.com/buy/suzuki-clipper-join-sale-ambalangoda-10920681,Recondition
33030,Van,Nissan,Clipper,2024.0,8250000.0,8000.0,Rajagiriya,12/19/2025,https://riyasewana.com/buy/nissan-clipper-sale-rajagiriya-10916082,Recondition
33065,Van,Suzuki,Every PA Limited,2023.0,7125000.0,8800.0,Kegalle,12/18/2025,https://riyasewana.com/buy/suzuki-every-pa-sale-kegalle-10910952,Recondition
33093,Van,Suzuki,Every,2024.0,8850000.0,3500.0,Gampaha,12/17/2025,https://riyasewana.com/buy/suzuki-every-sale-gampaha-10907612,Brand New
33109,Van,Suzuki,EVERY JOIN,2025.0,8590000.0,300.0,Matale,12/17/2025,https://riyasewana.com/buy/suzuki-every-join-sale-matale-10905434,Brand New
33117,Van,Nissan,Clipper NV100,2023.0,6575000.0,11775.0,Gampaha,12/16/2025,https://riyasewana.com/buy/nissan-clipper-nv100-sale-gampaha-10903492,Recondition
33132,Van,Suzuki,Every,2023.0,7375000.0,11000.0,Nugegoda,12/16/2025,https://riyasewana.com/buy/suzuki-every-sale-nugegoda-10901233,Recondition
33141,Van,Suzuki,Every FULL JOIN,2025.0,8250000.0,29.0,Matale,12/15/2025,https://riyasewana.com/buy/suzuki-every-full-sale-matale-10899580,Brand New
33143,Van,Nissan,Clipper PC,2024.0,7550000.0,4000.0,Gampaha,12/15/2025,https://riyasewana.com/buy/nissan-clipper-pc-sale-gampaha-10899550,Brand New
33152,Van,Nissan,Clipper DX NV100,2023.0,6875000.0,12000.0,Colombo,12/15/2025,https://riyasewana.com/buy/nissan-clipper-dx-sale-colombo-10898399,Recondition
33236,Van,Suzuki,Every PA Limited,2024.0,7250000.0,4500.0,Marawila,12/12/2025,https://riyasewana.com/buy/suzuki-every-pa-sale-marawila-10884283,Brand New
33247,Van,Nissan,Clipper,2024.0,8050000.0,3000.0,Nugegoda,12/12/2025,https://riyasewana.com/buy/nissan-clipper-sale-nugegoda-10883122,Brand New
33290,Van,Suzuki,Every Join Turbo,2024.0,8475000.0,2000.0,Nittambuwa,12/11/2025,https://riyasewana.com/buy/suzuki-every-join-sale-nittambuwa-10876526,Brand New
33298,Van,Toyota,KDH 223,2025.0,21800000.0,3200.0,Galle,12/11/2025,https://riyasewana.com/buy/toyota-kdh-223-sale-galle-10875754,Brand New
33304,Van,Toyota,KDHHigroof,2025.0,22800000.0,6000.0,Kurunegala,12/10/2025,https://riyasewana.com/buy/toyota-kdhhigroof-sale-kurunegala-10874945,Recondition
33326,Van,Toyota,Voxy SX,2025.0,29850000.0,11500.0,Colombo,12/9/2025,https://riyasewana.com/buy/toyota-voxy-sx-sale-colombo-10870649,Recondition
33327,Van,Nissan,Clipper PC LTD,2024.0,7575000.0,5000.0,Maharagama,12/9/2025,https://riyasewana.com/buy/nissan-clipper-pc-sale-maharagama-10870537,Recondition
33365,Van,Suzuki,Every,2025.0,7850000.0,1500.0,Kurunegala,12/8/2025,https://riyasewana.com/buy/suzuki-every-sale-kurunegala-10865534,Brand New
33376,Van,Suzuki,Every,2024.0,7650000.0,2000.0,Matara,12/8/2025,https://riyasewana.com/buy/suzuki-every-sale-matara-10863724,Brand New
33379,Van,Suzuki,Every PC Limited,2024.0,7400000.0,2000.0,Kurunegala,12/8/2025,https://riyasewana.com/buy/suzuki-every-pc-sale-kurunegala-10863492,Brand New
33380,Van,Suzuki,Every Join,2025.0,8450000.0,11.0,Gampaha,12/8/2025,https://riyasewana.com/buy/suzuki-every-join-sale-gampaha-10863395,Brand New
33384,Van,Suzuki,Every Join Full,2025.0,8200000.0,4.0,Colombo,12/8/2025,https://riyasewana.com/buy/suzuki-every-join-sale-colombo-10863102,Brand New
33405,Van,Suzuki,EVERY LIMITED,2023.0,7500000.0,8000.0,Katunayake,12/7/2025,https://riyasewana.com/buy/suzuki-every-limited-sale-katunayake-10860381,Recondition
33406,Van,Suzuki,EVERY WAGON TURBO,2024.0,9000000.0,4000.0,Katunayake,12/7/2025,https://riyasewana.com/buy/suzuki-every-wagon-sale-katunayake-10860384,Brand New
33428,Van,Nissan,NV100,2025.0,7350000.0,35.0,Kaduwela,12/7/2025,https://riyasewana.com/buy/nissan-nv100-sale-kaduwela-10857803,Brand New
33440,Van,Toyota,Kdh High Roof,2025.0,20450000.0,6800.0,Kandy,12/6/2025,https://riyasewana.com/buy/toyota-kdh-high-sale-kandy-10856077,Recondition
33449,Van,Suzuki,Every Full,2023.0,6950000.0,10200.0,Kandy,12/6/2025,https://riyasewana.com/buy/suzuki-every-full-sale-kandy-10854931,Recondition
33452,Van,Nissan,NV 100 Clipper,2023.0,7095000.0,5700.0,Kegalle,12/6/2025,https://riyasewana.com/buy/nissan-nv-100-sale-kegalle-10854624,Recondition
33454,Van,Suzuki,Every PA Limited,2024.0,7490000.0,29.0,Negombo,12/6/2025,https://riyasewana.com/buy/suzuki-every-pa-sale-negombo-10854242,Brand New
33455,Van,Suzuki,EVERY PA LIMITED,2024.0,7600000.0,220.0,Horana,12/6/2025,https://riyasewana.com/buy/suzuki-every-pa-sale-horana-10854216,Brand New
33467,Van,Nissan,Voxy,2024.0,23800000.0,3500.0,Kurunegala,12/5/2025,https://riyasewana.com/buy/nissan-voxy-sale-kurunegala-10851426,Brand New
33473,Van,Suzuki,EVERY WAGON,2024.0,9350000.0,4000.0,Pannipitiya,12/5/2025,https://riyasewana.com/buy/suzuki-every-wagon-sale-pannipitiya-10851066,Brand New
33484,Van,Suzuki,Every Join Turbo,2023.0,7650000.0,9000.0,Moratuwa,12/5/2025,https://riyasewana.com/buy/suzuki-every-join-sale-moratuwa-10848963,Recondition
33489,Van,Suzuki,Every Full,2025.0,7550000.0,2190.0,Divulapitiya,12/5/2025,https://riyasewana.com/buy/suzuki-every-full-sale-divulapitiya-10848284,Brand New
33500,Van,Suzuki,Every PA Limited,2024.0,7600000.0,6500.0,Colombo,12/4/2025,https://riyasewana.com/buy/suzuki-every-pa-sale-colombo-10845635,Recondition
33508,Van,Suzuki,Every,2023.0,7025000.0,11000.0,Pannipitiya,12/4/2025,https://riyasewana.com/buy/suzuki-every-sale-pannipitiya-10844873,Recondition
33544,Van,Suzuki,Every Wagon,2023.0,910000.0,25000.0,Katunayake,12/2/2025,https://riyasewana.com/buy/suzuki-every-wagon-sale-katunayake-10839063,Recondition
33565,Van,Suzuki,Every Full Join,2024.0,8850000.0,300.0,Kurunegala,12/1/2025,https://riyasewana.com/buy/suzuki-every-full-sale-kurunegala-10835257,Brand New
33576,Van,Suzuki,Every,2023.0,6950000.0,28000.0,Homagama,12/1/2025,https://riyasewana.com/buy/suzuki-every-sale-homagama-10833882,Recondition
33617,Van,Suzuki,Every,2024.0,8350000.0,4000.0,Kurunegala,11/27/2025,https://riyasewana.com/buy/suzuki-every-sale-kurunegala-10825990,Brand New
33647,Van,Suzuki,Every Wagon,2024.0,9100000.0,270.0,Kaduwela,11/26/2025,https://riyasewana.com/buy/suzuki-every-wagon-sale-kaduwela-10822114,Brand New
33659,Van,Suzuki,Every,2024.0,7000000.0,27.0,Kadawatha,11/26/2025,https://riyasewana.com/buy/suzuki-every-sale-kadawatha-10820178,Brand New
33679,Van,Daihatsu,Hijet,2023.0,6950000.0,11000.0,Ja-Ela,11/25/2025,https://riyasewana.com/buy/daihatsu-hijet-sale-ja-ela-10817042,Recondition
33685,Van,Mazda,Scrum,2023.0,9250000.0,6000.0,Nugegoda,11/25/2025,https://riyasewana.com/buy/mazda-scrum-sale-nugegoda-10816611,Recondition
33690,Van,Nissan,Clipper,2023.0,7275000.0,12000.0,Pannipitiya,11/25/2025,https://riyasewana.com/buy/nissan-clipper-sale-pannipitiya-10816230,Recondition
33693,Van,Suzuki,Every PA,2024.0,7385000.0,15000.0,Nittambuwa,11/25/2025,https://riyasewana.com/buy/suzuki-every-pa-sale-nittambuwa-10816049,Recondition
33694,Van,Suzuki,Every Turbo Join,2024.0,8600000.0,10000.0,Colombo,11/25/2025,https://riyasewana.com/buy/suzuki-every-turbo-sale-colombo-10815486,Recondition
33706,Van,Suzuki,Every,2025.0,6850000.0,125.0,Pannipitiya,11/25/2025,https://riyasewana.com/buy/suzuki-every-sale-pannipitiya-10814444,Brand New
33727,Van,Suzuki,Every Join,2025.0,8250000.0,300.0,Colombo,11/24/2025,https://riyasewana.com/buy/suzuki-every-join-sale-colombo-10812615,Brand New
33748,Van,Suzuki,Every Join,2024.0,8200000.0,11500.0,Colombo,11/24/2025,https://riyasewana.com/buy/suzuki-every-join-sale-colombo-10809632,Recondition
33750,Van,Suzuki,Every PA,2023.0,7285000.0,4000.0,Nittambuwa,11/24/2025,https://riyasewana.com/buy/suzuki-every-pa-sale-nittambuwa-10809467,Brand New
33765,Van,Suzuki,Every,2024.0,9000000.0,3000.0,Nugegoda,11/23/2025,https://riyasewana.com/buy/suzuki-every-sale-nugegoda-10807605,Brand New
33833,Van,Suzuki,Every Wagon,2025.0,9950000.0,5.0,Kandy,11/22/2025,https://riyasewana.com/buy/suzuki-every-wagon-sale-kandy-10800241,Brand New
33837,Van,Suzuki,Every,2025.0,7450000.0,25.0,Pannipitiya,11/22/2025,https://riyasewana.com/buy/suzuki-every-sale-pannipitiya-10799566,Brand New
33853,Van,Toyota,Kdh,2025.0,29800000.0,10.0,Gampaha,11/22/2025,https://riyasewana.com/buy/toyota-kdh-sale-gampaha-10796555,Brand New
33867,Van,Suzuki,EVERY LIMITED,2023.0,7700000.0,8000.0,Katunayake,11/21/2025,https://riyasewana.com/buy/suzuki-every-limited-sale-katunayake-10794288,Recondition
33878,Van,Suzuki,Every WAGON,2024.0,9200000.0,4000.0,Katunayake,11/21/2025,https://riyasewana.com/buy/suzuki-every-wagon-sale-katunayake-10793036,Brand New
33889,Van,Suzuki,Every PC Limited,2024.0,7925000.0,3000.0,Kalutara,11/21/2025,https://riyasewana.com/buy/suzuki-every-pc-sale-kalutara-10790414,Brand New
33890,Van,Toyota,Commuter,2025.0,29800000.0,10.0,Gampaha,11/21/2025,https://riyasewana.com/buy/toyota-commuter-sale-gampaha-10790340,Brand New
33906,Van,Suzuki,DA 17,2025.0,7800000.0,1063.0,Panadura,11/20/2025,https://riyasewana.com/buy/suzuki-da-17-sale-panadura-10788295,Brand New
33934,Van,Toyota,Kdh,2025.0,29800000.0,10.0,Gampaha,11/19/2025,https://riyasewana.com/buy/toyota-kdh-sale-gampaha-10784277,Brand New
33946,Van,Toyota,GDH,2023.0,27900000.0,52000.0,Ambalangoda,11/19/2025,https://riyasewana.com/buy/toyota-gdh-sale-ambalangoda-10782111,Used
33957,Van,Nissan,Clipper,2024.0,7375000.0,250.0,Pannipitiya,11/19/2025,https://riyasewana.com/buy/nissan-clipper-sale-pannipitiya-10780459,Brand New
34007,Van,Suzuki,Every,2024.0,8800000.0,5000.0,Colombo,11/17/2025,https://riyasewana.com/buy/suzuki-every-sale-colombo-10773506,Recondition
34014,Van,Suzuki,Every PC Limited,2025.0,7950000.0,2800.0,Kandy,11/17/2025,https://riyasewana.com/buy/suzuki-every-pc-sale-kandy-10772346,Brand New
34016,Van,Suzuki,Every PC Limited,2025.0,7950000.0,3400.0,Kandy,11/17/2025,https://riyasewana.com/buy/suzuki-every-pc-sale-kandy-10772293,Brand New
34024,Van,Suzuki,Every Wagon,2024.0,9700000.0,1500.0,Colombo,11/17/2025,https://riyasewana.com/buy/suzuki-every-wagon-sale-colombo-10771641,Brand New
34047,Van,Suzuki,Every PA Limited,2024.0,7775000.0,230.0,Mawanella,11/16/2025,https://riyasewana.com/buy/suzuki-every-pa-sale-mawanella-10768583,Brand New
34059,Van,Toyota,Kdh,2025.0,22000000.0,3200.0,Galle,11/16/2025,https://riyasewana.com/buy/toyota-kdh-sale-galle-10766673,Brand New
34123,Van,Nissan,Clipper PA LIMITED,2024.0,7350000.0,250.0,Kadawatha,11/15/2025,https://riyasewana.com/buy/nissan-clipper-pa-sale-kadawatha-10756979,Brand New
34126,Van,Toyota,KDH 223,2025.0,21400000.0,40.0,Homagama,11/14/2025,https://riyasewana.com/buy/toyota-kdh-223-sale-homagama-10756316,Brand New
34131,Van,Suzuki,EVERY PA LIMITED,2023.0,7725000.0,4500.0,Nugegoda,11/14/2025,https://riyasewana.com/buy/suzuki-every-pa-sale-nugegoda-10755543,Brand New
34168,Van,Nissan,Clipper,2025.0,9450000.0,200.0,Kandy,11/13/2025,https://riyasewana.com/buy/nissan-clipper-sale-kandy-10751146,Brand New
34174,Van,Nissan,Clipper Rio,2024.0,9390000.0,11600.0,Kandy,11/13/2025,https://riyasewana.com/buy/nissan-clipper-rio-sale-kandy-10750651,Recondition
34179,Van,Suzuki,Every,2025.0,8850000.0,400.0,Kalutara,11/13/2025,https://riyasewana.com/buy/suzuki-every-sale-kalutara-10750098,Brand New
34195,Van,Suzuki,Every Wagon PZ Turbo,2024.0,9650000.0,9000.0,Gampaha,11/13/2025,https://riyasewana.com/buy/suzuki-every-wagon-sale-gampaha-10748435,Recondition
34199,Van,Nissan,Clipper NV100 GX Safety,2024.0,7975000.0,5400.0,Kandy,11/13/2025,https://riyasewana.com/buy/nissan-clipper-nv100-sale-kandy-10747825,Recondition
34209,Van,Suzuki,Every,2023.0,7550000.0,11000.0,Nugegoda,11/13/2025,https://riyasewana.com/buy/suzuki-every-sale-nugegoda-10746559,Recondition
34221,Van,Nissan,Clipper GX,2024.0,9200000.0,660.0,Maharagama,11/12/2025,https://riyasewana.com/buy/nissan-clipper-gx-sale-maharagama-10744899,Brand New
34229,Van,Toyota,High Roof,2025.0,29200000.0,9.0,Colombo,11/12/2025,https://riyasewana.com/buy/toyota-high-roof-sale-colombo-10743353,Brand New
34239,Van,Suzuki,Every PA Limited,2024.0,7600000.0,4000.0,Kandy,11/12/2025,https://riyasewana.com/buy/suzuki-every-pa-sale-kandy-10742537,Brand New
34263,Van,Nissan,Clipper,2023.0,6975000.0,10000.0,Pannipitiya,11/11/2025,https://riyasewana.com/buy/nissan-clipper-sale-pannipitiya-10739264,Recondition
34293,Van,Toyota,Gdh223,2024.0,28500000.0,7000.0,Gampaha,11/10/2025,https://riyasewana.com/buy/toyota-gdh223-sale-gampaha-10734607,Recondition
34307,Van,Suzuki,Wagon PZ Turbo,2024.0,9700000.0,6000.0,Kandy,11/10/2025,https://riyasewana.com/buy/suzuki-wagon-pz-sale-kandy-10732617,Recondition
34328,Van,Nissan,Clipper GX,2024.0,8100000.0,2500.0,Dehiwala-Mount-Lavinia,11/9/2025,https://riyasewana.com/buy/nissan-clipper-gx-sale-dehiwala-mount-lavinia-10729057,Brand New
34331,Van,Daihatsu,Hijet,2023.0,7100000.0,35000.0,Pannipitiya,11/9/2025,https://riyasewana.com/buy/daihatsu-hijet-sale-pannipitiya-10728741,Recondition
34332,Van,Suzuki,Every,2023.0,7150000.0,12000.0,Pannipitiya,11/9/2025,https://riyasewana.com/buy/suzuki-every-sale-pannipitiya-10728690,Recondition
34335,Van,Suzuki,Every Wagon PZ Turbo,2024.0,9550000.0,12000.0,Dehiwala-Mount-Lavinia,11/9/2025,https://riyasewana.com/buy/suzuki-every-wagon-sale-dehiwala-mount-lavinia-10728556,Recondition
34339,Van,Mitsubishi,Delica Mini,2024.0,9315000.0,25900.0,Colombo,11/9/2025,https://riyasewana.com/buy/mitsubishi-delica-mini-sale-colombo-10728319,Recondition
