Make,Model,Year,Average_Price_LKR,Average_Mileage_km,Listings_Count,Predicted_Next_Week_LKR,Predicted_Next_Month_LKR
ACURA,ZEN,2000,1800000,100000,1,1741169,1741169
ALFA-ROMEO,155,1994,2150000,52000,1,1421354,1421354
ALFA-ROMEO,156,2001,4100000,170,1,4259233,4259233
ALFA-ROMEO,COOPER,1980,1625000,80000,1,1421354,1421354
ASHOK-LEYLAND,1613,2006,4800000,300000,1,5400560,5598834
ASHOK-LEYLAND,1613,2009,7650000,258518,1,7920763,7920763
ASHOK-LEYLAND,20,2013,8500000,12345,1,7703723,7703723
ASHOK-LEYLAND,CARGO,2009,2400000,150000,1,2026134,2026134
ASHOK-LEYLAND,CARGO,2010,3750000,90000,1,4040832,4040832
ASHOK-LEYLAND,CARGO,2011,5275000,212844,2,6457348,6694419
ASHOK-LEYLAND,CARGO,2012,6200000,400000,1,6493286,6493286
AUDI,100,1974,4500000,54000,1,3975401,3975401
AUDI,A,2017,9500000,95000,1,8056443,8056443
AUDI,A06,2006,1975000,168000,1,1844654,1844654
AUDI,A1,2015,8720000,111300,5,8056443,8056443
AUDI,A1,2016,7803000,96414,10,8143202,8143202
AUDI,A1,2017,8662500,176500,8,8056443,8056443
AUDI,A1,2018,9400000,100600,1,8056443,8056443
AUDI,A1,2022,13250000,12000,1,14531806,14531806
AUDI,A3,2015,14750000,93500,2,15352145,15352145
AUDI,A3,2016,14110000,85750,4,15352145,15352145
AUDI,A3,2017,11315556,81056,9,15352145,15352145
AUDI,A3,2018,14194444,77758,9,15352145,15352145
AUDI,A3,2019,14996667,36300,3,15025775,15025775
AUDI,A3,2022,17850000,21000,1,15025775,15025775
AUDI,A3,2023,18648103,12022,29,14715159,14715159
AUDI,A3,2024,20500000,17000,1,15375000,15352145
AUDI,A3S,2018,14850000,218000,1,15352145,15352145
AUDI,A4,2001,4566667,224475,3,5605406,5937875
AUDI,A4,2003,5850000,191200,1,6607387,6607387
AUDI,A4,2004,1233334,140000,1,1726668,2038381
AUDI,A4,2005,6200000,143000,1,6587819,6587819
AUDI,A4,2010,9700000,133000,1,8269317,8269317
AUDI,A4,2011,9796875,132750,8,15352145,15352145
AUDI,A4,2012,10500000,140000,1,8487064,8311446
AUDI,A4,2013,12150000,130500,4,15352145,15352145
AUDI,A4,2014,14000000,110000,1,15352145,15352145
AUDI,A4,2016,17200000,185000,1,15352145,15352145
AUDI,A4,2017,15900000,95000,1,15352145,15352145
AUDI,A4,2018,18750000,54000,2,15025775,15025775
AUDI,A42020,2017,18500000,75000,1,15352145,15352145
AUDI,A5,2018,23850000,62456,10,15210110,15210110
AUDI,A5,2019,23166667,77645,6,15352145,15352145
AUDI,A5P,2019,22500000,5600,1,16875000,14991769
AUDI,A6,2002,5325000,195000,1,5937875,5937875
AUDI,A6,2003,1500000,158000,1,2038381,2038381
AUDI,A6,2004,6163333,189333,3,5937875,5937875
AUDI,A6,2006,9950000,178000,1,8269317,8269317
AUDI,A6,2007,1975000,154500,2,2105267,2105267
AUDI,A6,2010,9500000,125324,1,8269317,8269317
AUDI,A6,2011,11975000,113000,2,15210110,15210110
AUDI,A6,2012,14100000,102950,2,15210110,15210110
AUDI,A6,2013,15507143,126429,7,15352145,15352145
AUDI,A6,2014,13133333,170467,3,15352145,15352145
AUDI,A6,2016,17775000,95188,4,15352145,15352145
AUDI,A6,2017,3875000,75000,1,4262392,4262392
AUDI,AUDI,2017,12790000,85000,1,15352145,15352145
AUDI,Q2,2017,11994444,96706,9,15352145,15352145
AUDI,Q2,2018,13574000,88399,25,15352145,15352145
AUDI,Q2,2019,13896429,90214,7,15352145,15352145
AUDI,Q3,2013,13200000,72500,3,15025775,15025775
AUDI,Q3,2015,12995000,77248,2,15210110,15210110
AUDI,Q3,2016,15350000,91500,2,15352145,15352145
AUDI,Q3,2017,16500000,36000,1,14715159,14715159
AUDI,Q3,2018,15200000,91750,4,15352145,15352145
AUDI,Q3,2019,21200000,72000,5,15352145,15352145
AUDI,Q3,2022,26500000,5000,1,19875000,14991769
AUDI,Q4,2024,28500000,900,1,24225000,19504826
AUDI,Q5,2010,15250000,150000,1,15352145,15352145
AUDI,Q5,2011,13121667,87167,3,15025775,15025775
AUDI,Q7,2011,19900000,117000,1,15210110,15210110
AUDI,Q7,2015,25500000,109000,1,15352145,15352145
AUDI,Q7,2016,26200000,89000,2,15720000,15352145
AUDI,RS3,2016,1550000,130000,1,1886114,1886114
AUSTIN,10,1900,5200000,500,1,4447785,4447785
AUSTIN,7,1980,5500000,5000,1,4687979,4447785
AUSTIN,A,1958,1750000,10000,1,1421354,1421354
AUSTIN,A30,1954,650000,12546,1,877500,1351525
AUSTIN,A30,1955,350000,115000,1,490000,797502
AUSTIN,A30,1969,1300000,1111,1,1421354,1421354
AUSTIN,A35,1957,750000,120000,1,1050000,1421354
AUSTIN,CAMBRIDGE,1957,350000,26000,1,472500,727744
AUSTIN,CAMBRIDGE,1961,1175000,100000,1,1421354,1421354
AUSTIN,MINI,1960,1765000,52500,2,1421354,1421354
AUSTIN,MINI,1962,2875000,100000,1,1977338,1977338
AUSTIN,MINI,1966,2500000,123456,1,1500000,1421354
AUSTIN,MINI,1969,2570000,137500,2,2320084,2077872
AUSTIN,MINI,1970,2400000,89000,1,1440000,1421354
AUSTIN,MINI,1972,4200000,100000,1,3285586,3285586
AUSTIN,MINI,1978,1850000,12345,1,1421354,1421354
AUSTIN,MINI,1980,3990000,66000,1,2906892,2547382
AUSTIN,MINI,1991,2600000,80000,1,1560000,1421354
AUSTIN,ROVER,1960,3000000,850000,1,2470461,2164927
BAIC,BEIJING,2024,15500000,4100,1,14991769,14991769
BAIC,BEIJING,2025,6500000,19065,1,7095338,7095338
BAIC,D20,2018,5850000,86000,1,6436869,6436869
BAIC,HIGHEST,2025,14500000,10000,1,15352145,15352145
BAIC,X,2018,6800000,51000,1,7124126,7124126
BAIC,X,2025,15600000,30,1,14991769,14991769
BAIC,X25,2017,5825000,118500,2,5899437,5899437
BAIC,X25,2018,5850000,97172,3,6636754,6636754
BAIC,X25,2021,6475000,30000,1,6650312,6650312
BAIC,X55,2024,13500000,30000,1,15352145,15352145
BAIC,X55,2025,15720000,10484,5,15352145,15352145
BAJAJ,DISCOVER,2019,475000,45000,1,641250,987653
BAJAJ,QUTE,2018,1266667,40099,3,1710000,1875157
BAJAJ,QUTE,2019,1341818,32020,11,1723500,1810271
BAJAJ,QUTE,2020,1357500,68000,2,1886114,1886114
BAW,E7,2025,4800000,189,1,5276382,5497965
BMW,118I,2010,17000000,40000,1,14991769,14991769
BMW,218I,2017,16500000,72000,1,15352145,15352145
BMW,218I,2018,15750000,77000,1,15352145,15352145
BMW,218I,2023,24750000,7450,2,18562500,14991769
BMW,218I,2024,25666667,7667,3,19250000,14715159
BMW,225XE,2016,12900000,56600,1,15025775,15025775
BMW,225XE,2018,14300000,106000,1,15352145,15352145
BMW,250D,2013,15500000,150000,1,15352145,15352145
BMW,316I,2015,16900000,105000,1,15352145,15352145
BMW,318,2016,19300000,60000,1,15025775,15025775
BMW,318,2017,19750000,129500,2,15352145,15352145
BMW,318I,2010,13900000,114000,1,15210110,15210110
BMW,318I,2016,19028571,93622,7,15352145,15352145
BMW,318I,2017,19386111,83149,9,15352145,15352145
BMW,318I,2018,21136364,91858,11,15352145,15352145
BMW,318I,2019,21500000,85000,1,15352145,15352145
BMW,320D,2000,6891667,227287,3,7059373,7059373
BMW,320D,2008,13750000,174000,1,15352145,15352145
BMW,320D,2009,13650000,210000,1,15352145,15352145
BMW,320D,2011,11890000,149000,14,15352145,15352145
BMW,320D,2012,17600000,134500,2,15352145,15352145
BMW,320D,2013,15691667,121333,3,15352145,15352145
BMW,320D,2015,17500000,218000,1,15352145,15352145
BMW,320DE90,2011,12000000,185000,1,15352145,15352145
BMW,320I,2006,9112500,151852,6,7941447,7941447
BMW,320I,2007,3856250,32389,4,6097500,7747214
BMW,320I,2008,10900000,110000,1,10180103,9918918
BMW,320I,2009,9500000,140000,1,8015606,8015606
BMW,320I,2010,1875000,150000,1,2096770,2096770
BMW,320I,2011,11750000,31006,2,10157063,9896470
BMW,330E,2016,23750000,77950,2,15210110,15210110
BMW,335I,2013,19500000,82000,1,15025775,15025775
BMW,335I,2014,26500000,115000,1,15900000,15352145
BMW,520,2011,14900000,176000,1,15352145,15352145
BMW,520D,2006,500000,199870,1,700000,1139289
BMW,520D,2011,21000000,140000,1,15352145,15352145
BMW,520D,2012,17353500,129175,20,15352145,15352145
BMW,520D,2013,20422619,122810,21,15352145,15352145
BMW,520D,2014,22466000,108300,5,15352145,15352145
BMW,520D,2015,26650000,148500,2,15990000,15352145
BMW,520I,1995,4550000,100000,1,4766548,4766548
BMW,520I,2003,9100000,161000,1,8192810,8192810
BMW,520I,2011,16133333,119333,3,15352145,15352145
BMW,523I,2005,11950000,211500,2,15352145,15352145
BMW,523I,2006,12875000,169000,2,15352145,15352145
BMW,523I,2007,12010000,137280,5,8363537,8192810
BMW,523I,2010,17650000,117097,11,15210110,15210110
BMW,523I,2011,19000000,141000,1,15352145,15352145
BMW,528I,2012,9775000,114000,2,5865000,2402382
BMW,530D,2006,1380000,105000,1,1833937,1833937
BMW,530E,2017,28000000,115000,1,16800000,15352145
BMW,530E,2018,27450000,77333,3,16470000,15352145
BMW,730,2010,18000000,49000,1,14991769,14991769
BMW,730LD,2012,27950000,50000,1,16770000,14991769
BMW,740,2010,23500000,56000,1,14991769,14991769
BMW,920D,2009,10900000,1,1,10478556,10478556
BMW,920D,2011,10900000,67000,2,10066682,9808407
BMW,BMW,2007,5475000,237500,1,5598705,5598705
BMW,BMW,2012,1850000,53000,1,1933541,1933541
BMW,COOPER,2018,16500000,84000,1,15352145,15352145
BMW,E12,1974,1475000,1,1,1421354,1421354
BMW,E34,1992,3150000,180000,1,2912170,2552007
BMW,E34,1993,3300000,130000,1,2914856,2554361
BMW,E36,1999,4550000,179000,1,4703907,4703907
BMW,E39,1996,5500000,55000,1,5578304,5578304
BMW,E39,1998,6300000,48000,1,6604875,6604875
BMW,E39,2003,4950000,170000,1,5353388,5549930
BMW,E46,1999,6400000,97000,1,6648997,6648997
BMW,E46,2000,6487500,179500,2,7038740,7038740
BMW,E46,2001,7000000,220000,1,7215051,7215051
BMW,E46,2002,6800000,200000,1,7104469,7104469
BMW,E60,2004,7216667,160667,3,8026967,8026967
BMW,E90,2008,9800000,136000,1,8192810,8192810
BMW,E90,2011,13250000,157008,1,15352145,15352145
BMW,F10,2011,15500000,101000,1,15025775,15025775
BMW,F30,2015,22000000,107000,1,15352145,15352145
BMW,I3,2016,14990000,55000,1,15025775,15025775
BMW,I8,2016,28000000,40000,1,21000000,14715159
BMW,JCW,2016,13650000,60000,1,15025775,15025775
BMW,MINI,2015,12500000,85000,1,14660837,14660837
BMW,MINI,2017,500000,85000,1,700000,1139289
BMW,X,2016,2750000,28000,1,2518386,2518386
BMW,X1,2010,10200000,66000,1,7761381,7761381
BMW,X1,2011,10787812,178100,16,8269317,8269317
BMW,X1,2016,16263889,89467,9,13891150,15352145
BMW,X1,2017,17391667,61000,6,15025775,15025775
BMW,X1,2018,18620833,89338,12,15352145,15352145
BMW,X1,2019,20021000,69533,15,15352145,15352145
BMW,X1D,2011,10500000,118713,1,8306007,8092904
BMW,X1F48,2020,22500000,79800,1,15352145,15352145
BMW,X2,2018,19992857,88857,7,15352145,15352145
BMW,X2,2019,20500000,47500,2,15375000,15025775
BMW,X2M,2018,19200000,64000,1,15352145,15352145
BMW,X3,2011,15550000,159180,1,15352145,15352145
BMW,X3,2012,16225000,106000,2,15210110,15210110
BMW,X3,2013,15891667,123817,6,15352145,15352145
BMW,X5,2002,8447500,164500,2,7925213,7925213
BMW,X5,2006,13000000,180000,1,15352145,15352145
BMW,X5,2011,20000000,163000,1,15352145,15352145
BMW,X5,2012,19747500,135776,2,15352145,15352145
BMW,X5,2016,25581250,82115,16,15352145,15352145
BMW,X5,2017,26500000,86833,3,15900000,15352145
BMW,X5,2018,27500000,114500,3,16500000,15352145
BORGWARD,BX5,2019,11600000,77000,2,15352145,15352145
BYD,ATTO,2024,16433333,30000,3,15352145,15352145
BYD,ATTO,2025,16046875,8478,16,15352145,15352145
BYD,ATTO3,2025,16000000,4650,2,14402497,14402497
BYD,DOLPHIN,2025,8383333,10833,3,11317500,14797742
BYD,SEAL,2025,20850000,6200,1,15637500,15025775
BYD,SEALION,2025,18671667,6244,9,15025775,15025775
BYD,SEALION5,2025,18200000,100,1,15470000,14991769
BYD,SHACK,2025,25000000,3000,1,21250000,17109497
BYD,SHARK,2025,25150000,13750,2,18862500,15352145
CAT,CR27,1996,5200000,368963,1,5381104,5671700
CHERY,FULWIN,2014,4250000,105000,2,4787587,4787587
CHERY,FULWIN2FL,2014,4065000,162000,1,4584226,4584226
CHERY,J2,2014,4212500,123800,2,4584226,4584226
CHERY,J2,2016,4875000,138000,1,5321890,5545384
CHERY,QQ,2005,1525000,108558,4,1833937,1833937
CHERY,QQ,2006,1847500,135112,14,1787333,1833937
CHERY,QQ,2007,1797059,82176,17,1810271,1810271
CHERY,QQ,2008,1545818,78372,11,1810271,1810271
CHERY,QQ,2009,1800000,38000,1,1810271,1810271
CHERY,QQ,2010,1693750,90000,4,1875157,1875157
CHERY,QQ,2011,2038333,56500,3,1810271,1810271
CHERY,QQ,2012,2195000,39009,2,1810271,1810271
CHERY,QQ,2015,2391667,91667,3,1886114,1886114
CHERY,QQ308,2011,2175000,105000,1,1886114,1886114
CHERY,TIGGO,2014,6975000,104000,2,6995218,6995218
CHERY,TIGGO,2024,10433333,9733,3,7825000,7795657
CHERY,TIGGO,2025,11000000,10500,1,14850000,15024633
CHERY,YOYO,2015,3095000,123,1,3352387,3352387
CHEVROLET,AVEO,2007,2987500,87672,2,3280230,3352387
CHEVROLET,AVEO,2008,3136667,120000,6,3128159,3128159
CHEVROLET,AVEO,2010,4175000,118260,1,4267425,4267425
CHEVROLET,BEAT,2011,2990000,122000,1,3380021,3380021
CHEVROLET,BEAT,2012,3925000,104779,3,4130146,4130146
CHEVROLET,CHEVROLET,2004,4400000,191900,1,4780427,4780427
CHEVROLET,CHEVVOLAT,2004,4350000,17000,1,4701707,4701707
CHEVROLET,CRUZE,2002,3875000,143553,9,3886585,3886585
CHEVROLET,CRUZE,2003,4015625,163410,8,3972489,3972489
CHEVROLET,CRUZE,2004,4057812,155034,16,4409236,4409236
CHEVROLET,CRUZE,2005,4050000,137430,3,3967221,3967221
CHEVROLET,CRUZE,2006,3813333,183000,3,4039357,4039357
CHEVROLET,CRUZE,2007,4650000,170000,1,4812541,4812541
CHEVROLET,OPTRA,2011,4250000,96872,1,4502359,4502359
CHEVROLET,SPARK,2007,2200000,165900,1,1886114,1886114
CHEVROLET,UVA,2008,3200000,191000,1,3787230,3787230
CHRYSLER,300,2012,19000000,33000,1,14991769,14991769
CHRYSLER,300C,2007,8500000,107248,1,7925213,7925213
CHRYSLER,300C,2013,16500000,90000,1,15210110,15210110
CHRYSLER,C300,2012,18500000,108000,1,15210110,15210110
CHRYSLER,GRAND,2004,5425000,77000,2,5622978,5622978
CHRYSLER,GRAND,2006,5300000,143000,1,5664228,5664228
CHRYSLER,P,2007,6250000,103000,1,6385276,6385276
CITROEN,CITROEN,1994,680000,100000,1,952000,1421354
CITROEN,CITROEN,1998,575000,165000,1,805000,1310182
CITROEN,XSARA,2000,2050000,120000,1,1741169,1741169
DAEWOO,CIELO,1996,1300000,186085,1,1728241,1728241
DAEWOO,ESPERO,1993,775000,123562,1,1085000,1421354
DAEWOO,ESPERO,1994,750000,10,1,937500,1287435
DAEWOO,LANOS,2000,1322500,143000,2,1803578,1803578
DAEWOO,LANOS,2001,1975000,100000,1,1741169,1741169
DAEWOO,LANOS,2003,1650000,201000,1,1814117,1814117
DAEWOO,LANOS,2006,1925000,136000,1,1833937,1833937
DAEWOO,LEGANZA,2002,3275000,192015,1,3483135,3483135
DAEWOO,LEGANZA,2003,1650000,128000,1,1803578,1803578
DAEWOO,MARTIZ,2002,1650000,90000,1,1741169,1741169
DAEWOO,MATIZ,1999,1050000,137000,1,1470000,1773993
DAEWOO,MATIZ,2001,1750000,117500,2,1741169,1741169
DAEWOO,MIRA,2024,6250000,3000,1,6449228,6449228
DAEWOO,NUBIRA,2000,2250000,128000,1,1803578,1803578
DAEWOO,RACE,1994,435000,65255,1,609000,991181
DAEWOO,RACER,1993,792500,41429,2,1069875,1421354
DAEWOO,RACER,1995,1000000,123,1,1250000,1668438
DAEWOO,RACER,2001,2600000,161648,1,1803578,1803578
DAIHATSU,320S,2007,4675000,119000,1,4782355,4782355
DAIHATSU,ATRAI,1999,3450000,123456,1,3655655,3655655
DAIHATSU,ATRAI,2000,3390000,142500,2,3849837,3849837
DAIHATSU,ATRAI,2004,3600000,150000,1,3849837,3849837
DAIHATSU,ATRAI,2011,4650000,115124,1,4873364,4873364
DAIHATSU,ATRAI,2013,1475000,146000,1,2065000,2085021
DAIHATSU,ATRAI,2015,5028000,98400,5,6436869,6436869
DAIHATSU,ATRAI,2016,5860000,77853,6,6813564,6813564
DAIHATSU,ATRAI,2017,4688333,110000,3,6563667,6877191
DAIHATSU,ATRAI,2018,5950000,119125,4,6436869,6436869
DAIHATSU,ATRAI,2019,5700000,149000,1,5899437,5899437
DAIHATSU,BOON,2010,5200000,140000,1,5582781,5787744
DAIHATSU,BOON,2017,7100000,75600,2,7292673,7292673
DAIHATSU,BOON,2023,8078750,7082,4,7703723,7703723
DAIHATSU,CANBUS,2023,7541250,9825,4,6978001,6978001
DAIHATSU,CAST,2016,6200000,100000,2,7251810,7251810
DAIHATSU,CAST,2017,6050000,87000,2,6877191,6877191
DAIHATSU,CHARADE,1980,650000,1000,1,812500,1115777
DAIHATSU,CHARADE,1984,875000,1234,1,1093750,1421354
DAIHATSU,CHARADE,1985,987500,122458,2,1382500,1421354
DAIHATSU,CHARADE,1986,1416667,51000,3,1421354,1421354
DAIHATSU,CHARADE,1987,1139167,175015,6,1332333,1421354
DAIHATSU,CHARADE,1988,1150000,96500,2,1421354,1421354
DAIHATSU,CHARADE,1989,1425000,94725,3,1421354,1421354
DAIHATSU,CHARADE,1990,1518750,108090,4,1421354,1421354
DAIHATSU,CHARADE,1991,1412500,79394,2,1421354,1421354
DAIHATSU,CHARADE,1992,1695000,1,1,1440750,1421354
DAIHATSU,CHARADE,1993,2100000,171200,1,1472300,1472300
DAIHATSU,CHARADE,1995,3600000,180000,1,3318251,3318251
DAIHATSU,CHARADE,1997,2890000,161200,1,2529702,2529702
DAIHATSU,CHARADE,2006,1300000,12345,1,1755000,1770478
DAIHATSU,CHARMANT,1987,1358333,84400,3,1421354,1421354
DAIHATSU,CHARMANT,1988,700000,25025,1,945000,1421354
DAIHATSU,CHARMANT,1991,1475000,1111,1,1421354,1421354
DAIHATSU,COPEN,2016,6550000,54000,2,6417807,6417807
DAIHATSU,COPEN,2017,6900000,68000,1,7184717,7184717
DAIHATSU,CUORE,1990,1075000,90000,2,1421354,1421354
DAIHATSU,CUORE,1992,2075000,103000,1,1421354,1421354
DAIHATSU,CUORE,1997,2150000,70000,1,1712607,1712607
DAIHATSU,CUORE,1998,2750000,168000,1,2467917,2467917
DAIHATSU,DARK,2024,8600000,4000,1,7703723,7703723
DAIHATSU,DELTA,1982,590000,166000,1,826000,1344361
DAIHATSU,ESSE,2007,4200000,92000,1,4502359,4502359
DAIHATSU,EXCLUSIVE,2024,8090000,900,1,7703723,7703723
DAIHATSU,EXTOL,2004,2890000,270000,1,2586919,2586919
DAIHATSU,F50,1979,2700000,30630,1,2025000,1557672
DAIHATSU,F50,1981,1600000,1,1,1421354,1421354
DAIHATSU,F55,1980,1200000,340732,1,1480903,1480903
DAIHATSU,FUN,2023,8670000,7250,1,7703723,7703723
DAIHATSU,G,1988,790000,1234,1,987500,1356098
DAIHATSU,G100,1987,1600000,500000,1,1480903,1480903
DAIHATSU,G100,1990,1475000,1111,1,1421354,1421354
DAIHATSU,G11,1984,975000,100000,1,1365000,1421354
DAIHATSU,GD-,1999,2950000,266324,1,2976690,2976690
DAIHATSU,HIJET,1996,1870000,190000,1,1845925,1845925
DAIHATSU,HIJET,1998,2733333,93921,3,2544757,2544757
DAIHATSU,HIJET,1999,2938478,149723,23,3638033,3638033
DAIHATSU,HIJET,2000,2990417,143049,12,3490643,3567429
DAIHATSU,HIJET,2001,3245000,144232,6,2738882,2679930
DAIHATSU,HIJET,2002,2733000,144800,5,3698706,3698706
DAIHATSU,HIJET,2003,2211875,107928,8,1900643,1859734
DAIHATSU,HIJET,2004,2912500,187805,2,2754887,2695590
DAIHATSU,HIJET,2005,3282500,137500,2,3760966,3760966
DAIHATSU,HIJET,2006,4150000,159000,2,4457821,4457821
DAIHATSU,HIJET,2007,4204333,158444,15,3867968,3867968
DAIHATSU,HIJET,2008,4381667,125700,3,4760213,4760213
DAIHATSU,HIJET,2010,4400000,150000,1,4760213,4760213
DAIHATSU,HIJET,2011,4704000,141312,10,5291461,5485729
DAIHATSU,HIJET,2012,4688000,142190,5,5253605,5474231
DAIHATSU,HIJET,2013,4522500,151307,4,4785024,4785024
DAIHATSU,HIJET,2014,4891000,101600,5,4785024,4785024
DAIHATSU,HIJET,2015,3420000,49000,2,2565000,1933541
DAIHATSU,HIJET,2016,5541667,88483,3,5400436,5627229
DAIHATSU,HIJET,2017,5162500,115000,2,5400436,5627229
DAIHATSU,HIJET,2019,3175000,81500,2,2058864,2014549
DAIHATSU,HIJET,2020,1300000,1,1,1625000,1933541
DAIHATSU,HIJET,2021,5390000,65000,1,5627229,5627229
DAIHATSU,HIJET,2022,7100000,3000,1,6711708,6711708
DAIHATSU,HIJET,2023,7026429,18214,7,6888709,6888709
DAIHATSU,HIJET,2024,7345000,12650,2,7562501,7562501
DAIHATSU,HIJET,2025,7200000,1980,1,6711708,6711708
DAIHATSU,MIRA,1985,1630000,213600,5,1637036,1637036
DAIHATSU,MIRA,1987,1737500,190000,2,1637036,1637036
DAIHATSU,MIRA,1989,1100000,200000,1,1540000,1637036
DAIHATSU,MIRA,1991,1475000,85000,1,1630010,1630010
DAIHATSU,MIRA,1997,1712500,134228,2,1916953,1916953
DAIHATSU,MIRA,2001,3048750,170864,4,3633273,3713196
DAIHATSU,MIRA,2002,3490000,98000,1,3797305,3797305
DAIHATSU,MIRA,2003,4112500,152500,2,4063261,4063261
DAIHATSU,MIRA,2006,1250000,131000,1,1750000,2052760
DAIHATSU,MIRA,2008,4278333,145667,3,4685514,4685514
DAIHATSU,MIRA,2010,4900000,82000,1,5323838,5519295
DAIHATSU,MIRA,2014,5395000,76500,1,5661661,5661661
DAIHATSU,MIRA,2015,4717143,104068,7,5268667,5784636
DAIHATSU,MIRA,2016,5248571,98436,14,5667908,5667908
DAIHATSU,MIRA,2017,5678235,146016,17,6199253,6199253
DAIHATSU,MIRA,2018,5580000,114000,1,5784636,5784636
DAIHATSU,MIRA,2019,5650000,180000,2,5899437,5899437
DAIHATSU,MIRA,2020,5890000,60000,1,6436869,6436869
DAIHATSU,MIRA,2022,7045000,12530,2,6682872,6682872
DAIHATSU,MIRA,2023,6091750,10384,48,6938901,6938901
DAIHATSU,MIRA,2024,6618529,4505,102,6732192,6732192
DAIHATSU,MIRA,2025,6843478,1712,23,6732192,6732192
DAIHATSU,MIRRA,2023,7600000,6192,1,7753447,7753447
DAIHATSU,MOVE,2007,4200000,157000,1,4685514,4685514
DAIHATSU,MOVE,2015,6200000,88000,1,6636754,6636754
DAIHATSU,MOVE,2016,5925000,114500,2,6636754,6636754
DAIHATSU,MOVE,2017,6143750,83250,4,5784636,5784636
DAIHATSU,MOVE,2018,6775000,51000,1,6905094,6905094
DAIHATSU,MOVE,2023,7240000,16912,5,7105693,7105693
DAIHATSU,PASSO,2007,4700000,170,1,5311629,5506638
DAIHATSU,PASSO,2017,7590000,75190,1,7961117,7961117
DAIHATSU,PIXIS,2017,4200000,77500,2,5321890,5545384
DAIHATSU,QD,2000,3100000,100,1,3224419,3224419
DAIHATSU,RAIZE,2020,10750000,70000,1,10903095,10903095
DAIHATSU,ROCKY,1984,3850000,175000,1,3268271,3268271
DAIHATSU,ROCKY,2019,11000000,70000,1,15352145,15352145
DAIHATSU,ROCKY,2023,11298889,14360,9,14402497,14402497
DAIHATSU,ROCKY,2024,12791667,6477,6,14991769,14991769
DAIHATSU,ROCKY,2025,13415000,7052,3,15210110,15210110
DAIHATSU,ROKY,2023,11650000,180004,1,15352145,15352145
DAIHATSU,S200,2000,3012500,152500,2,3388364,3462900
DAIHATSU,S200,2001,3150000,153000,1,3339992,3339992
DAIHATSU,S200,2002,2900000,155366,2,2564268,2509075
DAIHATSU,S200V,2002,3150000,140,1,3224419,3224419
DAIHATSU,S210V,1999,3225000,172500,2,3638033,3638033
DAIHATSU,S230V,2005,4100000,160000,1,4483456,4483456
DAIHATSU,S320,2007,4400000,159000,1,4860895,4860895
DAIHATSU,S320V,2007,3950000,145000,1,4130146,4130146
DAIHATSU,TAFT,2023,7779000,15417,30,7721197,7721197
DAIHATSU,TAFT,2024,8134722,3982,36,7703723,7703723
DAIHATSU,TAFT,2025,8321333,2987,15,7703723,7703723
DAIHATSU,TAFT-G,2024,8300000,8980,1,7400917,7400917
DAIHATSU,TANTO,2016,7050000,32000,1,7086614,7086614
DAIHATSU,TANTO,2017,5650000,102000,2,6405164,6674151
DAIHATSU,TANTO,2022,8850000,4800,1,7703723,7703723
DAIHATSU,TANTO,2023,8110000,10230,9,7670840,7670840
DAIHATSU,TANTO,2024,8166000,6563,5,7160817,7160817
DAIHATSU,TANTO,2025,8083333,1500,3,7703723,7703723
DAIHATSU,TERIOS,1997,3150000,172000,1,3652286,3652286
DAIHATSU,TERIOS,1999,4200000,150000,1,4436008,4436008
DAIHATSU,TERIOS,2000,4150000,105060,2,4645786,4645786
DAIHATSU,TERIOS,2001,3585000,127200,1,3849837,3849837
DAIHATSU,TERIOS,2002,4850000,185000,1,5350595,5547034
DAIHATSU,TERIOS,2004,4250000,114000,1,4509988,4509988
DAIHATSU,TERIOS,2005,4975000,170000,1,5439476,5639178
DAIHATSU,TERIOS,2006,5875000,196000,1,6404242,6404242
DAIHATSU,TERIOS,2007,5824400,157800,10,6892828,6892828
DAIHATSU,TERIOS,2008,7050000,152000,3,6842331,6842331
DAIHATSU,TERIOS,2010,7745000,93000,2,7721279,7721279
DAIHATSU,TERIOS,2011,7621429,133429,7,7369111,7369111
DAIHATSU,TERIOS,2012,7500000,130000,1,7406654,7406654
DAIHATSU,TERIOS,2014,7966667,105967,3,8011300,8011300
DAIHATSU,THOR,2017,7500000,68000,1,7409385,7409385
DAIHATSU,THOR,2023,9385000,9100,5,7778014,7778014
DAIHATSU,THOR,2024,10591667,4433,3,9002917,7778014
DAIHATSU,YRV,2002,3575000,165687,1,3720319,3720319
DAIHATSU,ZEBRA,1999,1750000,60000,1,1712607,1712607
DATSUN,510,1969,1400000,123456,1,1421354,1421354
DATSUN,510,1970,1175000,111,1,1421354,1421354
DATSUN,B211,1978,850000,1,1,1062500,1421354
DATSUN,HB11,1985,995000,220534,1,1393000,1472300
DATSUN,HB310,1980,1225000,220000,1,1421354,1421354
DATSUN,REDI-GO,2016,2898846,92056,13,3730683,3730683
DATSUN,REDI-GO,2017,3485833,89280,6,3867968,3867968
DATSUN,SUNNY,1976,620000,67000,1,868000,1412718
DATSUN,SUNNY,1978,700000,1111,1,875000,1201606
DFSK,520,2021,8800000,14000,1,7703723,7703723
DFSK,580,2019,8025000,57800,2,8056443,8056443
DFSK,580,2020,8262500,52850,2,8056443,8056443
DFSK,580,2021,7650000,67994,9,8056443,8056443
DFSK,580,2023,9780000,53500,2,8056443,8056443
DFSK,GLORY,2016,4446154,128834,13,4946590,4946590
DFSK,GLORY,2017,6600000,120500,2,3960000,2096770
DFSK,GLORY,2018,5550000,90000,1,5817231,5817231
DFSK,GLORY,2019,6388125,66693,8,6234185,6234185
DFSK,GLORY,2020,8728571,62729,7,8056443,8056443
DFSK,GLORY,2021,8937317,53411,41,8056443,8056443
DFSK,GLORY,2022,9137333,74076,15,13160000,14881126
DFSK,GLORY,2023,11778125,29201,16,14881126,14881126
DFSK,GLORY,2024,13451667,25488,24,14881126,14881126
DFSK,GLORY,2025,15650000,25,1,14531806,14531806
DFSK,I,2021,9990000,64000,1,8134135,8134135
DFSK,I-AUTO,2021,10475000,184750,2,8441637,8311446
DFSK,I-AUTO,2022,12000000,39000,1,15352145,15352145
DFSK,I-AUTO,2023,11400000,47925,2,15352145,15352145
DFSK,I-AUTO,2024,7822500,15000,2,5866875,3081579
DFSK,UNIMO,2016,2525000,85000,1,1886114,1886114
DFSK,V27,2015,3212500,117000,2,3360696,3360696
DFSK,V27,2016,3200000,73475,1,3787230,3787230
DUCATI,DIAVEL,2018,2000000,7516,1,1810271,1810271
FIAT,1100,1960,2050000,123,1,1742500,1421354
FIAT,500S,2018,7200000,40000,1,7052087,7052087
FIAT,DOBLO,2006,3950000,130000,1,3967221,3967221
FIAT,FIAT,2011,3100000,135000,1,3492838,3492838
FIAT,GRANDE,2007,3500000,229300,1,3867968,3867968
FIAT,LINEA,2011,3403333,192486,3,3867968,3867968
FIAT,PUNTO,1998,1362500,12345,2,1712607,1712607
FIAT,PUNTO,2002,2425000,12000,1,1818750,1741169
FIAT,PUNTO,2007,3500000,140000,1,3621371,3621371
FIAT,UNO,1985,1020000,45000,1,1377000,1421354
FIAT,UNO,1988,850000,130000,1,1190000,1421354
FIAT,UNO,1990,1030000,120000,1,1421354,1421354
FIAT,UNO,1995,960000,58000,1,1344000,1668438
FORD,ANGLIA,1961,500000,68000,1,700000,1139289
FORD,ANGLIA,1968,1100000,56000,1,1421354,1421354
FORD,BJ5,2000,2975000,15433,1,2904639,2545408
FORD,CAPRI,1975,350000,15000,1,472500,727744
FORD,CORTINA,1979,1075000,60500,2,1421354,1421354
FORD,DELUXE,1956,2200000,58432,1,1421354,1421354
FORD,ECOSPORT,2014,7500000,75000,1,7202667,7202667
FORD,ECOSPORT,2015,7141667,105667,3,7292673,7292673
FORD,ECOSPORT,2017,7662500,129000,2,7389512,7389512
FORD,ESCORT,1969,3900000,40000,1,3132508,3132508
FORD,EVEREST,2011,11500000,128000,1,15352145,15352145
FORD,EVEREST,2013,13000000,96000,1,15210110,15210110
FORD,FESTIVA,1993,1200000,150000,1,1421354,1421354
FORD,FESTIVA,1994,1440000,135000,3,1421354,1421354
FORD,FESTIVA,1995,1750000,239838,1,1738340,1738340
FORD,FESTIVA,1996,1620000,167000,1,1728241,1728241
FORD,FESTIVA,1997,2275000,160000,1,1773993,1773993
FORD,FIESTA,2011,5590000,122000,5,5598834,5598834
FORD,FIESTA,2012,5725000,142485,1,5899437,5899437
FORD,FIESTA,2014,9500000,490000,1,8011300,8011300
FORD,FIESTA,2015,9950000,98451,1,8011300,8011300
FORD,FIESTA,2016,9525000,75215,1,7937181,7937181
FORD,FOCUS,2000,3562500,176500,2,3824290,3824290
FORD,FOCUS,2001,2850000,192000,1,2807445,2807445
FORD,FOCUS,2011,6050000,149000,2,5717122,5717122
FORD,FOCUS,2012,8500000,92000,1,7669452,7669452
FORD,FOCUS,2013,9200000,87300,1,7669452,7669452
FORD,LASER,1982,750000,160000,1,1050000,1421354
FORD,LASER,1983,1250000,2,1,1421354,1421354
FORD,LASER,1984,1170000,111512,2,1421354,1421354
FORD,LASER,1985,875000,10000,1,1181250,1421354
FORD,LASER,1989,1687500,261532,2,1480903,1480903
FORD,LASER,1990,1825000,25476,1,1421354,1421354
FORD,LASER,1991,1575000,196312,2,1472300,1472300
FORD,LASER,1992,1646667,238970,3,1480903,1480903
FORD,LASER,1993,1837500,211301,4,1472300,1472300
FORD,LASER,1994,1850000,55555,1,1421354,1421354
FORD,LASER,1997,2450000,12,1,2082500,1712607
FORD,LASER,1998,2791667,170841,6,2467917,2467917
FORD,LASER,1999,3050000,230602,1,3304401,3304401
FORD,LASER,2000,3262727,169689,11,1803578,1803578
FORD,LASER,2001,3500000,2,1,3343073,3343073
FORD,LASER,2002,3375000,135000,1,3462900,3462900
FORD,LASER,2020,3285000,95680,1,3621371,3621371
FORD,PREFECT,1956,350000,76443,1,490000,797502
FORD,PREFECT,1960,1500000,45687,1,1421354,1421354
FORD,RANGER,2005,6300000,225000,2,6812566,6812566
FORD,RANGER,2013,16500000,140000,3,15352145,15352145
FORD,RANGER,2014,16483333,138333,3,15352145,15352145
FORD,RANGER,2015,16350000,124000,2,15352145,15352145
FORD,RANGER,2016,14250000,141000,2,15352145,15352145
FORD,RANGER,2017,18500000,110000,1,15352145,15352145
FORD,RANGER,2018,19750000,148000,2,15352145,15352145
FORD,RANGER,2020,25500000,105000,1,15352145,15352145
FORD,RAPTOR,2018,20800000,93000,1,15352145,15352145
FORD,RAPTOR,2025,19000000,11000,1,15352145,15352145
FOTON,C22ASN,1987,875000,228000,1,1225000,1472300
FOTON,SAGA,1988,725000,1,1,906250,1244520
FOTON,VIEW,2025,17800000,111,1,15130000,14991769
HILLMAN,AVENGER,1971,2200000,100000,1,1421354,1421354
HONDA,ACCORD,1981,1070000,30000,1,1444500,1531671
HONDA,ACCORD,1992,2500000,230000,1,1571668,1571668
HONDA,ACCORD,1997,3095000,222500,2,3601120,3680335
HONDA,ACCORD,1998,3675000,215000,2,3907326,3907326
HONDA,ACCORD,2000,4325000,187500,2,4706752,4706752
HONDA,ACCORD,2001,4172500,189000,2,4706752,4706752
HONDA,ACCORD,2002,5500000,233500,1,5507123,5507123
HONDA,ACCORD,2004,4600000,183000,1,4706752,4706752
HONDA,ACCORD,2006,7200000,188000,1,6903911,6903911
HONDA,ACCORD,2013,13500000,176000,1,14558475,14558475
HONDA,ACTY,1996,1850000,180000,1,1728241,1728241
HONDA,ACTY,1999,1975000,210000,2,1823610,1784359
HONDA,ACTY,2001,2875000,180000,1,2523737,2523737
HONDA,ACTY,2004,2425000,135500,2,1803578,1803578
HONDA,ACTY,2007,4375000,12345,1,4291622,4291622
HONDA,AIRWAVE,2007,4504167,122006,6,5632962,5632962
HONDA,AIRWAVE,2008,6075000,224925,2,6603113,6603113
HONDA,ARIA,2007,4700000,223245,1,4918668,4918668
HONDA,ARIA,2008,550000,141000,1,770000,1253218
HONDA,BR-V,2017,11080000,109500,5,14886667,15352145
HONDA,CITY,1998,2700000,69311,2,1964019,1964019
HONDA,CITY,1999,3000000,196667,3,3703851,3785327
HONDA,CITY,2000,3622500,212029,4,3884393,3884393
HONDA,CITY,2001,3688333,173673,3,3848455,3848455
HONDA,CITY,2002,4125000,140000,2,4480060,4480060
HONDA,CITY,2003,4513889,187311,9,4577370,4577370
HONDA,CITY,2004,4333000,197048,5,4123969,4123969
HONDA,CITY,2006,4200000,78224,1,4493313,4493313
HONDA,CITY,2007,4344250,164575,4,4193387,4193387
HONDA,CITY,2008,4690000,178000,1,5364723,5561680
HONDA,CITY,2022,3950000,182000,1,4193387,4193387
HONDA,CITY,2023,13150000,9000,1,14434419,14434419
HONDA,CITY,2024,14800000,8000,1,14168092,14168092
HONDA,CITY,2025,12028929,2465,14,7929083,4890593
HONDA,CIVIC,1975,650000,188670,1,910000,1481076
HONDA,CIVIC,1984,1125000,115211,3,1575000,1630010
HONDA,CIVIC,1985,1091143,105934,7,1446667,1630010
HONDA,CIVIC,1987,665000,82108,2,931000,1559152
HONDA,CIVIC,1988,1975000,111111,1,1630010,1630010
HONDA,CIVIC,1989,1875000,157000,1,1614699,1614699
HONDA,CIVIC,1990,1532500,162500,2,1580390,1580390
HONDA,CIVIC,1992,3050000,100000,1,2998124,2998124
HONDA,CIVIC,1994,1875000,213000,2,1637036,1637036
HONDA,CIVIC,1996,3827778,207461,9,3941300,3941300
HONDA,CIVIC,1997,4610000,174855,4,5199045,5199045
HONDA,CIVIC,1998,3912500,247000,4,4083418,4083418
HONDA,CIVIC,1999,4550000,107000,2,4375478,4375478
HONDA,CIVIC,2000,4855000,164202,8,5433480,5632962
HONDA,CIVIC,2001,4953571,189524,7,5052282,4873364
HONDA,CIVIC,2002,5744615,179891,13,5702067,5702067
HONDA,CIVIC,2003,5363077,158282,13,5500138,5702067
HONDA,CIVIC,2004,5525882,188729,17,5639178,5639178
HONDA,CIVIC,2005,5687500,210038,4,5755314,5755314
HONDA,CIVIC,2006,7216667,152667,3,7300933,7300933
HONDA,CIVIC,2007,6466000,179745,15,7920763,7920763
HONDA,CIVIC,2008,7001071,159298,14,6603113,6603113
HONDA,CIVIC,2009,5475000,158386,9,3280000,2085021
HONDA,CIVIC,2010,7569375,171082,8,7310860,7310860
HONDA,CIVIC,2011,7453750,162125,8,7104469,7104469
HONDA,CIVIC,2012,8091250,128982,4,8011300,8011300
HONDA,CIVIC,2013,7875000,182500,1,8097573,8097573
HONDA,CIVIC,2016,9800000,143144,2,8011300,8011300
HONDA,CIVIC,2017,12092857,85488,28,10509358,10509358
HONDA,CIVIC,2018,12074688,76879,48,14797742,14797742
HONDA,CIVIC,2019,13567500,65370,10,14797742,14797742
HONDA,CIVIC,2020,14710000,56860,5,14797742,14797742
HONDA,CIVIC,2022,5100000,267000,1,5551499,5784636
HONDA,CIVIC,2024,24800000,3900,1,21080000,16972621
HONDA,CIVIC,2026,3500000,123,1,3897839,3897839
HONDA,CROSSROAD,2007,8481250,180902,4,8015606,8015606
HONDA,CROSSROAD,2010,9500000,169000,1,8015606,8015606
HONDA,CRV,1995,4900000,470000,1,5359281,5771830
HONDA,CRV,1998,4250000,250000,1,4576372,4576372
HONDA,CRV,1999,5125000,170000,2,5653630,5653630
HONDA,CRV,2000,4545000,181676,6,5402552,5722989
HONDA,CRV,2001,5465000,185000,2,5999692,5999692
HONDA,CRV,2002,5775000,254000,2,6713291,7111471
HONDA,CRV,2003,5950000,182667,3,6713291,7111471
HONDA,CRV,2004,6000000,2,1,6620073,6620073
HONDA,CRV,2006,6485000,195000,1,7059373,7059373
HONDA,CRV,2007,7210000,163246,4,7111471,7111471
HONDA,CRV,2008,8340000,190530,5,8269317,8269317
HONDA,CRV,2009,9000000,117425,1,8192810,8192810
HONDA,CRV,2010,8496667,185333,3,8269317,8269317
HONDA,CRV,2011,8943750,196245,4,8269317,8269317
HONDA,CRV,2012,10687500,153000,4,14583333,15352145
HONDA,CRV,2013,12312500,125250,4,15352145,15352145
HONDA,CRV,2014,12862500,128250,4,15352145,15352145
HONDA,CRV,2015,12600000,163000,1,15352145,15352145
HONDA,CRV,2017,14408667,143667,3,15352145,15352145
HONDA,CRV,2018,16764479,94394,48,15352145,15352145
HONDA,CRV,2019,19055000,86860,25,8328000,3204740
HONDA,CRV,2020,18250000,90000,1,15352145,15352145
HONDA,CRV,2023,28100000,9500,2,21075000,14991769
HONDA,CRV,2024,28895000,95,2,24560750,19604995
HONDA,CRV,2025,29500000,1500,1,25075000,20189206
HONDA,CRV-,2005,7200000,200000,1,7255707,7255707
HONDA,CRV-VTI,2018,1975000,144000,1,1886114,1886114
HONDA,CRV-VTIL,2018,20600000,12000,1,15450000,14991769
HONDA,CRZ,2010,6970000,109000,1,7016341,7016341
HONDA,CRZ,2011,7250000,102000,1,7109511,7109511
HONDA,CRZ,2014,7375000,135000,1,7448390,7448390
HONDA,CRZ-ZF1,2010,6900000,90250,1,6977026,6977026
HONDA,DBA-JFI,2015,6650000,58451,1,6699392,6699392
HONDA,EG8,1993,3450000,93460,1,2914856,2554361
HONDA,EG8,1994,3550000,22222,1,2914856,2554361
HONDA,EK3,1998,4400000,220000,1,4702010,4702010
HONDA,EK3,1999,4750000,111,1,5189830,5189830
HONDA,ES,2000,4575000,190000,1,4841025,4841025
HONDA,ES,2001,5050000,137000,1,5288510,5482669
HONDA,ES,2004,5300000,248000,1,5717122,5717122
HONDA,ES8,2002,5600000,200000,1,5755314,5755314
HONDA,FB4,2010,7600000,90000,1,7702617,7702617
HONDA,FD,2008,7200000,170000,1,7255707,7255707
HONDA,FD3,2007,6550000,207000,1,6842331,6842331
HONDA,FD3,2008,7125000,175500,2,7369111,7369111
HONDA,FD3,2011,6950000,89000,1,6977026,6977026
HONDA,FD4,2008,6937500,166500,2,6931668,6931668
HONDA,FD4,2009,7200000,180000,1,7255707,7255707
HONDA,FIT,2002,4750000,202000,1,5430992,5630382
HONDA,FIT,2003,4848333,159833,6,4900825,4900825
HONDA,FIT,2004,4950000,183340,5,5430992,5630382
HONDA,FIT,2005,4825000,175250,4,5430992,5630382
HONDA,FIT,2007,5240455,149950,11,5582781,5787744
HONDA,FIT,2008,5449722,153651,18,5787744,5787744
HONDA,FIT,2009,5500000,88000,1,5664703,5664703
HONDA,FIT,2010,6233929,147218,14,6202585,6202585
HONDA,FIT,2011,6521413,149096,46,6440329,6440329
HONDA,FIT,2012,7018981,151143,103,6915943,6915943
HONDA,FIT,2013,7537105,152510,95,7180901,7180901
HONDA,FIT,2014,7949038,140745,130,7820358,7820358
HONDA,FIT,2015,8179492,121233,59,8056443,8056443
HONDA,FIT,2016,9500000,114800,5,8056443,8056443
HONDA,FIT,2017,10337500,112600,2,8182639,8056443
HONDA,FIT,2018,10987500,106125,4,14443333,14881126
HONDA,FITGD1,2002,4765000,231000,1,5364723,5561680
HONDA,FITGP5,2014,7495000,170000,1,7448390,7448390
HONDA,FREED,2012,8937500,115588,4,8056443,8056443
HONDA,FREED,2013,9008333,178707,3,8056443,8056443
HONDA,FREED,2015,9900000,88000,3,8056443,8056443
HONDA,FREED,2024,16495000,21850,1,14881126,14881126
HONDA,GB5,2013,7500000,98000,1,7379479,7379479
HONDA,GP1,2013,6800000,135000,1,7140664,7140664
HONDA,GP5,2013,6950000,118000,1,7292673,7292673
HONDA,GP5,2015,7525000,133500,2,8005977,8005977
HONDA,GRACE,2014,9076842,146764,38,8056443,8056443
HONDA,GRACE,2015,9427917,134490,60,8099797,8056443
HONDA,GRACE,2016,10044444,141203,36,8056443,8056443
HONDA,GRACE,2017,10384839,119890,31,8182639,8056443
HONDA,GRACE,2018,8552500,102000,4,4672000,2085159
HONDA,GRACE,2019,10550000,105426,1,8226672,8056443
HONDA,GRAND,1985,1150000,123456,1,1421354,1421354
HONDA,GRAND,1989,1350000,100000,2,1421354,1421354
HONDA,GRAND,1991,2312500,160000,2,1421354,1421354
HONDA,GRAND,1992,2050000,150000,1,1421354,1421354
HONDA,HONDA,1998,2475000,120000,1,1958568,1958568
HONDA,HONDA,2009,7350000,155000,1,7369111,7369111
HONDA,HONDA,2016,5975000,125000,1,6636754,6636754
HONDA,HR-V,1999,1800000,189000,1,1984950,1984950
HONDA,HR-V,2000,4800000,200500,1,5315089,5510225
HONDA,HR-V,2001,5500000,184600,1,5664228,5664228
HONDA,HR-V,2004,5370000,196560,2,5717122,5717122
HONDA,INSIGHT,2009,6802833,179895,30,7144502,7144502
HONDA,INSIGHT,2010,7100000,176201,13,7144502,7144502
HONDA,INSIGHT,2011,7087500,172250,14,8101925,8101925
HONDA,INSIGHT,2012,8211250,158349,12,8056443,8056443
HONDA,INSIGHT,2013,8293000,159542,10,8056443,8056443
HONDA,INSIGHT,2014,8092500,172500,2,8056443,8056443
HONDA,INSIGHT,2015,8300000,170,1,7703723,7703723
HONDA,INSIGHT,2018,17500000,113000,1,14881126,14881126
HONDA,INTEGRA,1990,975000,150000,2,1365000,1421354
HONDA,INTEGRA,1998,4475000,149228,2,3524680,3285204
HONDA,JADE,2016,10850000,86000,1,10903095,10903095
HONDA,LA-GD6,2003,5300000,147423,1,5595582,5595582
HONDA,N,2015,6062500,147254,4,6436869,6436869
HONDA,N,2016,6497500,81218,8,6877191,6877191
HONDA,N,2017,6490455,78659,11,6636754,6636754
HONDA,N,2018,6495000,72200,5,6877191,6877191
HONDA,N,2019,7150000,56750,2,8097573,8097573
HONDA,N,2020,6850000,79000,1,7140664,7140664
HONDA,N,2023,7587353,22088,17,7184717,7184717
HONDA,N,2024,9133333,3100,3,7763333,7660557
HONDA,N,2025,8710714,1104,7,7660557,7660557
HONDA,N-BOX,2015,7800000,98000,1,8143202,8143202
HONDA,N-BOX,2016,6500000,56000,1,6687786,6687786
HONDA,N-BOX,2023,7700000,19400,2,7202667,7202667
HONDA,N-BOX,2025,10400000,153,2,8840000,7703723
HONDA,NVAN,2024,8300000,2127,1,7703723,7703723
HONDA,S660,2015,6672500,45050,4,6916884,6916884
HONDA,SHTTLE,2013,7800000,150000,1,8143202,8143202
HONDA,SR,2017,12500000,26650,1,14991769,14991769
HONDA,STREAM,2007,6300000,1,1,6648997,6648997
HONDA,VEZEL,2013,8979167,114872,6,8311446,8311446
HONDA,VEZEL,2014,9275050,143034,201,8148414,8148414
HONDA,VEZEL,2015,10028095,124066,63,8311446,8311446
HONDA,VEZEL,2016,11117708,113581,48,10734943,10903095
HONDA,VEZEL,2017,11925636,110310,55,15352145,15352145
HONDA,VEZEL,2018,12839091,92989,33,15352145,15352145
HONDA,VEZEL,2019,13950000,94883,6,15352145,15352145
HONDA,VEZEL,2020,12500000,65000,1,15352145,15352145
HONDA,VEZEL,2021,18250000,26000,1,15025775,15025775
HONDA,VEZEL,2022,17577857,21361,14,15025775,15025775
HONDA,VEZEL,2023,17273256,20213,43,15025775,15025775
HONDA,VEZEL,2024,18635636,10958,55,15025775,15025775
HONDA,VEZEL,2025,19049802,891,101,15597500,14991769
HONDA,WAGON R,2024,8750000,4300,1,7703723,7703723
HONDA,ZRV,2023,21700000,5300,1,16275000,14991769
HYUNDAI,ACCENT,2000,2500952,169543,21,2509075,2509075
HYUNDAI,ACCENT,2001,2748214,180090,14,2523737,2523737
HYUNDAI,ACCENT,2002,6509286,126848,7,1843252,1803578
HYUNDAI,ACCENT,2003,2755000,154375,8,1803578,1803578
HYUNDAI,ACCENT,2004,2943000,155268,5,2579253,2523737
HYUNDAI,ACCENT,2005,2460000,150000,1,1844654,1844654
HYUNDAI,ACCENT,2006,2726667,137000,3,2993546,3059397
HYUNDAI,ACCENT,2011,6284286,164979,7,6100897,6100897
HYUNDAI,ATOS,2001,2000000,17,1,1741169,1741169
HYUNDAI,ATOS,2004,2400000,120000,1,1803578,1803578
HYUNDAI,ATOS,2005,2250000,101000,1,1770478,1770478
HYUNDAI,COUPE,2000,4850000,85000,1,4991863,4991863
HYUNDAI,COUPE,2003,3175000,91000,1,3494212,3494212
HYUNDAI,CRETA,2017,10900000,37000,1,10285218,10072392
HYUNDAI,ELANTRA,1999,1575000,167000,1,1773993,1773993
HYUNDAI,ELANTRA,2000,2627667,148938,15,1803578,1803578
HYUNDAI,ELANTRA,2001,1750000,105000,1,1741169,1741169
HYUNDAI,ELANTRA,2002,2690000,110000,1,1908160,1908160
HYUNDAI,ELANTRA,2011,6500000,235000,1,6321921,6321921
HYUNDAI,ELANTRA,2012,7800000,120000,1,7438576,7438576
HYUNDAI,ELANTRA,2013,6400000,155000,1,6354129,6354129
HYUNDAI,EON,2014,3770000,97750,4,4130146,4130146
HYUNDAI,EON,2015,3985789,98085,19,4130146,4130146
HYUNDAI,EON,2016,4168750,89661,20,4130146,4130146
HYUNDAI,EON,2017,4062500,95382,4,4584226,4584226
HYUNDAI,EON,2018,4625000,65500,3,4584226,4584226
HYUNDAI,EXCEL,1991,1200000,150000,1,1421354,1421354
HYUNDAI,EXCEL,1992,1300000,120000,1,1421354,1421354
HYUNDAI,EXCEL,1994,1450000,1,1,1421354,1421354
HYUNDAI,GETZ,2002,3350000,114000,1,3570720,3570720
HYUNDAI,GETZ,2004,2937500,192500,2,3511041,3588275
HYUNDAI,GETZ,2006,3350000,132000,1,3760966,3760966
HYUNDAI,GRAND,2016,5450000,120000,1,5746249,5746249
HYUNDAI,GRAND,2017,5450000,111500,2,5746249,5746249
HYUNDAI,GRAND,2018,5575000,60795,4,5693086,5693086
HYUNDAI,GRAND,2025,8650000,200,1,7652095,7652095
HYUNDAI,H1,2015,12500000,210000,1,15352145,15352145
HYUNDAI,H1,2018,12800000,45000,1,15025775,15025775
HYUNDAI,H100,2000,3806250,296030,8,4409236,4409236
HYUNDAI,H100,2001,4912500,167000,2,4044786,3901547
HYUNDAI,H100,2005,3975000,310000,1,4039357,4039357
HYUNDAI,HIJET,1999,3375000,152957,1,3638033,3638033
HYUNDAI,HYUNDAI,1992,2200000,1111,1,1870000,1505636
HYUNDAI,HYUNDAI,1994,1370000,111111,1,1421354,1421354
HYUNDAI,HYUNDAI,2000,2800000,100556,2,1779470,1741169
HYUNDAI,I10,2008,4775000,104000,1,5250674,5443445
HYUNDAI,I10,2016,5050000,96850,1,5403380,5630296
HYUNDAI,I10,2023,6300000,109127,1,6831554,6831554
HYUNDAI,IONIQ,2018,10750000,93000,1,10903095,10903095
HYUNDAI,KONA,2020,9950000,79000,1,8134135,8134135
HYUNDAI,MAGNA,2016,4200000,104000,1,4584226,4584226
HYUNDAI,MATRIX,2001,2925000,177000,2,2031838,1988104
HYUNDAI,MATRIX,2002,2962500,126250,4,2509075,2509075
HYUNDAI,MATRIX,2003,2750000,187000,1,2523737,2523737
HYUNDAI,MATRIX,2005,1800000,150000,1,1844654,1844654
HYUNDAI,MATRIX,2007,3150000,109000,1,3472547,3472547
HYUNDAI,SANTA,2000,4583333,204667,3,4918873,4918873
HYUNDAI,SANTA,2001,4050000,180000,1,4565317,4565317
HYUNDAI,SANTA,2002,3700000,225000,1,3910342,3910342
HYUNDAI,SANTA,2003,5725000,196000,2,5869534,5869534
HYUNDAI,SANTA,2004,2837500,173500,2,3972500,4607948
HYUNDAI,SANTA,2006,7075000,180500,2,6842331,6842331
HYUNDAI,SANTA,2007,7100000,177173,3,7215051,7215051
HYUNDAI,SANTA,2008,4311579,176637,19,6505622,6892828
HYUNDAI,SANTA,2009,7650000,191500,2,8056527,8056527
HYUNDAI,SANTA,2010,8733333,126000,3,7970692,7970692
HYUNDAI,SANTA,2011,7553571,194179,7,8056527,8056527
HYUNDAI,SANTA,2012,8800000,175333,3,8011300,8011300
HYUNDAI,SANTA,2013,11757143,148286,7,14797742,14797742
HYUNDAI,SANTA,2014,12500000,125000,2,14797742,14797742
HYUNDAI,SANTRO,2000,1950000,160000,1,1803578,1803578
HYUNDAI,SANTRO,2002,2033000,181958,5,1814117,1814117
HYUNDAI,SANTRO,2004,1416667,55823,3,1741169,1741169
HYUNDAI,SANTRO,2005,2033333,113667,3,1833937,1833937
HYUNDAI,SANTRO,2006,975000,150000,1,1365000,1844654
HYUNDAI,SONATA,1997,1550000,245876,1,1784359,1784359
HYUNDAI,SONATA,2000,2385000,128179,8,1803578,1803578
HYUNDAI,SONATA,2001,2942857,240532,7,3287199,3359509
HYUNDAI,SONATA,2004,2795000,152604,2,1854023,1814117
HYUNDAI,SONATA,2005,3475000,195000,1,3541766,3541766
HYUNDAI,SONATA,2010,3070000,101500,2,3128159,3128159
HYUNDAI,SONATA,2011,7750000,195000,2,7276155,7276155
HYUNDAI,STEALLAR,1989,975000,163114,1,1365000,1421354
HYUNDAI,STELLAR,1986,775000,364616,2,1085000,1480903
HYUNDAI,STELLAR,1987,705000,32500,2,951750,1421354
HYUNDAI,STELLAR,1988,1275000,142000,1,1421354,1421354
HYUNDAI,STELLAR,1989,1490000,259000,1,1480903,1480903
HYUNDAI,TERRACAN,2006,7900000,250000,1,8101925,8101925
HYUNDAI,TIBURON,2006,4600000,750000,1,4886231,4886231
HYUNDAI,TRAJET,2000,3800000,155620,4,3888782,3888782
HYUNDAI,TRAJET,2001,3725000,192500,2,3720319,3720319
HYUNDAI,TRAJET,2004,3722500,106250,2,3570720,3570720
HYUNDAI,TRAJET,2005,4890000,198500,1,5175145,5175145
HYUNDAI,TUCSON,2005,3980000,124253,4,4862667,5550395
HYUNDAI,TUCSON,2006,5350000,56750,3,5043750,4865134
HYUNDAI,TUCSON,2007,5475000,175300,2,6405164,6640320
HYUNDAI,TUCSON,2008,5650000,113398,3,5664703,5664703
HYUNDAI,TUCSON,2009,5787500,73509,2,5587407,5587407
HYUNDAI,TUCSON,2011,7857143,141429,7,8101925,8101925
HYUNDAI,TUCSON,2012,8223571,156429,7,8056443,8056443
HYUNDAI,TUCSON,2013,8468750,137475,4,8056443,8056443
HYUNDAI,TUCSON,2014,9733333,140700,3,8099797,8056443
HYUNDAI,VENUE,2019,8780000,76667,3,8056443,8056443
HYUNDAI,VENUE,2020,8825000,62000,2,8056443,8056443
HYUNDAI,VENUE,2025,12700000,18,1,14531806,14531806
ISUZU,BIGHORN,1984,7450000,175000,2,6106376,6106376
ISUZU,BIGHORN,1985,5500000,240000,1,4691426,4451055
ISUZU,BIGHORN,1991,7500000,179000,1,5888637,5888637
ISUZU,BIGHORN,1994,7950000,167000,1,6203191,6203191
ISUZU,BIGHORN,1996,7500000,245000,1,7351757,7351757
ISUZU,BIGHORN,2002,7650000,240000,1,7965395,7965395
ISUZU,CAB,1994,3750000,125000,1,3064650,3064650
ISUZU,DOUBLE,1987,1499000,100,1,1518141,1518141
ISUZU,DOUBLE,1998,5400000,68000,1,5272777,5272777
ISUZU,ELF,1980,1200000,100000,1,1421354,1421354
ISUZU,ELF,1982,1150000,320000,1,1480903,1480903
ISUZU,ELF,1987,1550000,361500,1,1480903,1480903
ISUZU,ELF,1993,6000000,200000,1,4839193,4510406
ISUZU,FARGO,1983,2300000,300000,1,1480903,1480903
ISUZU,FARGO,1985,1580000,41412,1,1421354,1421354
ISUZU,FARGO,1986,2262500,178282,2,1421354,1421354
ISUZU,FARGO,1987,2190000,156000,1,1421354,1421354
ISUZU,FARGO,1988,2675000,150000,2,2575508,2306630
ISUZU,FARGO,1989,2293750,95865,4,1421354,1421354
ISUZU,FARGO,1990,2440000,110834,6,1557672,1557672
ISUZU,FARGO,1991,1700000,55000,1,1421354,1421354
ISUZU,FARGO,1992,2728750,80560,4,1723000,1421354
ISUZU,FARGO,1993,3191250,291216,4,1885000,1480903
ISUZU,FARGO,1994,3058333,196667,3,2456109,2152349
ISUZU,FARGO,1998,3100000,300000,1,3304401,3304401
ISUZU,GEMINI,1978,1050000,425000,1,1470000,1480903
ISUZU,GEMINI,1985,820000,50000,1,1148000,1421354
ISUZU,GEMINI,1988,1049167,133625,6,1421354,1421354
ISUZU,GEMINI,1989,1268000,178691,5,1421354,1421354
ISUZU,GEMINI,1991,1600000,123456,1,1421354,1421354
ISUZU,GEMINI,1992,1775000,295000,2,1480903,1480903
ISUZU,GEMINI,1994,1500000,23500,1,1421354,1421354
ISUZU,JT641,1991,1795000,210000,1,1472300,1472300
ISUZU,KB,1990,3775000,245600,1,3172704,3172704
ISUZU,KB,1995,4250000,180000,1,4225617,4225617
ISUZU,KB,2000,6000000,591779,1,6318361,6318361
ISUZU,MUX,2014,15150000,242500,2,15352145,15352145
ISUZU,SMART,1996,4000000,450000,1,3806554,3806554
ISUZU,TFR,1994,3875000,200000,1,3184917,3184917
ISUZU,TFR54H,1994,2050000,160000,1,1472300,1472300
ISUZU,TROOPER,1984,4900000,216500,2,4729421,4729421
ISUZU,TROOPER,1985,5200000,92562,2,3301672,3132508
ISUZU,TROOPER,1988,850000,120000,1,1190000,1531671
ISUZU,TROOPER,1989,575000,250000,1,805000,1310182
ISUZU,TROOPER,1990,5500000,370000,1,4591388,4356143
ISUZU,TROOPER,1991,3900000,1234,1,3315000,3132508
JAC,GRAND,2016,6250000,139000,2,6636754,6636754
JAC,GRAND,2017,7250000,152000,1,7348107,7348107
JAC,T9,2025,16925000,4800,4,14402497,14402497
JAC,T9,2026,16900000,1,1,14991769,14991769
JAC,ZX,2016,6500000,139000,1,6877191,6877191
JAGUAR,S,2000,1950000,115666,1,1859734,1859734
JAGUAR,S,2001,4875000,117000,1,4937854,4937854
JAGUAR,X,2002,5575000,98700,3,6298148,6298148
JAGUAR,X,2003,6000000,170000,1,6542022,6542022
JAGUAR,X,2008,7300000,121000,1,7126004,7126004
JAGUAR,X-,2003,5275000,151000,1,5595582,5595582
JAGUAR,XF,2013,14133333,77500,3,15025775,15025775
JAGUAR,XF,2014,14000000,79540,1,15025775,15025775
JEEP,CHEROKEE,2004,5850000,185000,1,6404242,6404242
JEEP,CHEROKEE,2005,6750000,143500,2,6977026,6977026
JEEP,CHEROKEE,2006,6700000,150000,1,6829057,6829057
JEEP,CHEROKEE,2015,17900000,237000,1,14797742,14797742
JEEP,COMPASS,2019,13865000,68550,5,15352145,15352145
JEEP,GRAND,2005,7987500,125000,2,7682059,7682059
JEEP,GRAND,2016,18995000,102000,1,14881126,14881126
JEEP,RENEGADE,2017,12590000,104500,1,15352145,15352145
JEEP,RENEGADE,2019,14000000,38000,1,15025775,15025775
JEEP,WRANGLER,2010,22000000,186376,1,15352145,15352145
JMC,BORDING,2011,3950000,228000,1,4130146,4130146
JMC,CARRY,2012,2925000,235632,1,2757303,2757303
JMC,JMC,2009,2375000,270000,1,2071185,2071185
JMC,JMC,2012,6500000,117200,1,6831554,6831554
JMC,JMC,2014,4800000,250000,1,5364723,5590015
JMC,SINGLE,2008,1875000,170000,1,1886114,1886114
JONWAY,A380,2012,5000000,120000,1,5403380,5630296
KIA,CAREN,2001,2550000,85000,1,1741169,1741169
KIA,CARENS,2001,2437500,125058,2,1926392,1926392
KIA,CARENS,2003,3595000,109935,2,3570720,3570720
KIA,CARENS,2008,3100000,150000,1,3730683,3730683
KIA,CARENS,2025,24000000,60,1,20400000,16425117
KIA,CARNIVAL,2000,2850000,167565,1,2679930,2679930
KIA,CARNIVAL,2001,3750000,79500,2,3570720,3570720
KIA,CERATO,2004,3860000,260742,1,4151518,4151518
KIA,CERATO,2009,5850000,180000,1,6404242,6404242
KIA,CERATO,2010,5890000,180000,1,6404242,6404242
KIA,CERATO,2011,6216667,168000,3,6404242,6404242
KIA,CERATO,2012,5945000,194500,2,6636754,6636754
KIA,CLARUS,1999,1600000,150000,1,1773993,1773993
KIA,GRAND,2015,19000000,127500,2,15352145,15352145
KIA,KIA,1998,1375000,25000,1,1856250,1996338
KIA,KIA,2012,14450000,136500,2,14792916,15024633
KIA,KIA,2015,11000000,170000,1,15024633,15024633
KIA,MENTOR,2000,1850000,32560,2,1741169,1741169
KIA,OPTIMA,2001,2750000,110400,1,2726550,2726550
KIA,OPTIMA,2009,5000000,240000,1,5470126,5670954
KIA,OPTIMA,2012,9250000,133500,2,8056443,8056443
KIA,OPTIMA,2013,9850000,115000,1,8056443,8056443
KIA,OPTIMA,2015,12800000,80000,1,14743448,14743448
KIA,PICANTO,2005,3250000,168480,2,2964415,3309969
KIA,PICANTO,2011,5100000,139000,1,5551499,5755314
KIA,PICANTO,2016,5662759,89424,29,4918873,4918873
KIA,PICANTO,2017,6007778,74638,9,6636754,6636754
KIA,PICANTO,2018,5975000,59000,1,6575352,6575352
KIA,PICANTO-MINT,2016,5550000,65000,1,5661661,5661661
KIA,PRIDE,1999,1750000,75000,1,1712607,1712607
KIA,RIO,1997,2475000,1500,1,2103750,1712607
KIA,RIO,2000,2058750,161550,4,1803578,1803578
KIA,RIO,2001,2239286,100974,7,1741169,1741169
KIA,RIO,2002,1978750,150875,8,1803578,1803578
KIA,RIO,2003,2602778,133787,9,2943990,3008751
KIA,RIO,2004,2550000,132500,2,2509075,2509075
KIA,RIO,2005,2675000,170000,1,2021570,2021570
KIA,RIO,2011,5575000,134000,1,5335723,5335723
KIA,RIO,2015,7666667,116600,3,6789229,6789229
KIA,RIO,2022,2550000,150000,1,1886114,1886114
KIA,SELTOS,2020,16200000,38000,1,15025775,15025775
KIA,SELTOS,2021,13700000,39000,1,15210110,15210110
KIA,SEPHIA,1998,1525000,137500,2,1773993,1773993
KIA,SEPHIA,2002,2475000,148740,2,1803578,1803578
KIA,SONET,2025,12793750,1346,8,14991769,14991769
KIA,SONET,2026,12500000,12,1,14991769,14991769
KIA,SORENTO,2002,3300000,162728,1,3887220,3887220
KIA,SORENTO,2003,4500000,210000,1,4966637,4966637
KIA,SORENTO,2004,5308333,143000,3,5694369,5694369
KIA,SORENTO,2005,5500000,89500,1,5732341,5732341
KIA,SORENTO,2006,5212500,172500,2,5605406,5937875
KIA,SORENTO,2007,6500000,183000,1,7059373,7059373
KIA,SORENTO,2008,6525000,220000,1,7059373,7059373
KIA,SORENTO,2009,8900000,150000,1,8269317,8269317
KIA,SORENTO,2010,9350000,172250,4,8269317,8269317
KIA,SORENTO,2011,9487097,143389,31,8269317,8269317
KIA,SORENTO,2012,10957174,162724,46,10734943,10903095
KIA,SORENTO,2013,13500000,150000,4,15352145,15352145
KIA,SORENTO,2014,13231250,148164,12,15352145,15352145
KIA,SORENTO,2015,19571875,134202,8,15352145,15352145
KIA,SORENTO,2016,19275000,115000,1,15352145,15352145
KIA,SORENTO,2017,22850000,94250,4,15352145,15352145
KIA,SOUL,2011,6000000,116000,1,6542022,6542022
KIA,SOUL,2012,6900000,105000,1,7184717,7184717
KIA,SPECTRA,2000,2575000,89900,1,1741169,1741169
KIA,SPECTRA,2001,6493000,146839,5,11737303,12922588
KIA,SPECTRA,2004,2775000,167018,2,2586919,2586919
KIA,SPECTRA,2006,2700000,188564,1,2021570,2021570
KIA,SPECTRA,2011,1800000,240000,1,1886114,1886114
KIA,SPORTAGE,1998,600000,133969,1,840000,1367147
KIA,SPORTAGE,2000,2850000,220000,1,2868665,2868665
KIA,SPORTAGE,2001,3250000,130000,1,3871530,3871530
KIA,SPORTAGE,2005,4775000,212000,2,5582781,5787744
KIA,SPORTAGE,2006,5600000,198000,1,5787744,5787744
KIA,SPORTAGE,2007,4728750,183000,4,6202585,6202585
KIA,SPORTAGE,2008,6315000,181750,4,6440329,6440329
KIA,SPORTAGE,2010,8300000,171410,6,7178403,7178403
KIA,SPORTAGE,2011,8639615,144933,26,8015606,8015606
KIA,SPORTAGE,2012,9132143,154870,14,8056443,8056443
KIA,SPORTAGE,2013,9895312,142134,16,8056443,8056443
KIA,SPORTAGE,2014,10570000,123770,5,14881126,14881126
KIA,SPORTAGE,2015,10866667,162667,3,10568577,10568577
KIA,STONIC,2019,11250000,38500,2,14564769,14564769
KIA,STONIC,2020,5228571,79008,7,2096770,2096770
KIA,SYROS,2025,12370000,1552,5,9916667,7947562
KOMATSU,60,2012,3500000,5000,1,3712431,3712431
LAND-ROVER,DEFENDER,1962,4000000,283883,1,3198828,3198828
LAND-ROVER,DEFENDER,1967,7475000,275050,1,5808795,5808795
LAND-ROVER,DEFENDER,1969,7500000,150000,1,6046460,6046460
LAND-ROVER,DEFENDER,1975,4500000,300000,1,3978324,3978324
LAND-ROVER,DEFENDER,1980,8500000,50000,1,6324066,6324066
LAND-ROVER,DEFENDER,1981,15750000,95000,2,11418873,11418873
LAND-ROVER,DEFENDER,1985,14733333,119333,3,11418873,11418873
LAND-ROVER,DEFENDER,1986,18500000,68000,1,11418873,11418873
LAND-ROVER,DEFENDER,1987,10600000,172500,2,10746105,10970038
LAND-ROVER,DEFENDER,1989,12000000,170000,1,10970038,10970038
LAND-ROVER,DEFENDER,1991,16266667,126815,3,11418873,11418873
LAND-ROVER,DEFENDER,1996,24833333,117262,3,14900000,14598247
LAND-ROVER,DEFENDER,2001,22500000,99000,1,14715159,14715159
LAND-ROVER,DEFENDER,2003,17946250,47942,4,14991769,14991769
LAND-ROVER,DEFENDER,2005,26500000,121000,1,15900000,15025775
LAND-ROVER,DEFENDER,2007,5300000,150000,1,5937875,5937875
LAND-ROVER,DEFENDER,2008,25500000,53000,2,15300000,14991769
LAND-ROVER,DEFENDER,2009,29000000,25000,1,21750000,14991769
LAND-ROVER,DEFENDER,2010,18500000,140000,1,15352145,15352145
LAND-ROVER,DEFENDER,2011,26000000,120400,2,15600000,15352145
LAND-ROVER,DEFENDER,2016,22000000,97000,1,15352145,15352145
LAND-ROVER,DISCOVERY,1994,6400000,197000,1,5609298,5609298
LAND-ROVER,DISCOVERY,1995,5500000,22,1,5793696,5793696
LAND-ROVER,DISCOVERY,2001,8600000,150000,1,7925213,7925213
LAND-ROVER,DISCOVERY,2006,14275000,174500,2,15038759,15352145
LAND-ROVER,DISCOVERY,2009,14316667,152000,3,14196721,15352145
LAND-ROVER,DISCOVERY,2010,25166667,154667,3,15352145,15352145
LAND-ROVER,DISCOVERY,2011,22300000,238121,2,15352145,15352145
LAND-ROVER,DISCOVERY,2012,25333333,141000,3,15352145,15352145
LAND-ROVER,DISCOVERY,2015,24500000,41000,2,18375000,14991769
LAND-ROVER,DISCOVERY,2016,28800000,144000,1,17280000,15352145
LAND-ROVER,DISCOVERY,2020,395000,107000,1,553000,900038
LAND-ROVER,EVOQUE,2013,17500000,74000,1,15025775,15025775
LAND-ROVER,FREELANDER,1998,4750000,220000,1,5311971,5598834
LAND-ROVER,FREELANDER,1999,4633333,170362,3,4735330,4735330
LAND-ROVER,FREELANDER,2000,5716667,195809,3,6110767,6110767
LAND-ROVER,FREELANDER,2001,5262500,240000,2,5639178,5639178
LAND-ROVER,FREELANDER,2006,1475000,155000,1,2065000,2065731
LAND-ROVER,FREELANDER,2011,8545833,92352,6,4535000,2041392
LAND-ROVER,FREELANDER,2012,12200000,126667,3,14797742,14797742
LAND-ROVER,FREELANDER,2013,13500000,124000,2,14797742,14797742
LAND-ROVER,GS,2009,9000000,79000,1,7363403,7363403
LAND-ROVER,LAND,2013,28000000,193000,1,16800000,15352145
LAND-ROVER,MILITARY,1967,5850000,15267,1,5182238,4916720
LAND-ROVER,RANGE,1999,9500000,71000,1,7907277,7907277
LAND-ROVER,RANGE,2011,12958000,96800,1,15025775,15025775
LAND-ROVER,RANGE,2012,16475000,103828,2,15210110,15210110
LAND-ROVER,RANGE,2013,19533333,116333,3,15352145,15352145
LAND-ROVER,RANGE,2018,5650000,31000,1,5875890,5875890
LAND-ROVER,SERIES,1967,5750000,9500,1,5016217,4759206
LAND-ROVER,SPORT,2017,24500000,94000,1,15352145,15352145
LEXUS,CT200H,2012,8450000,170000,2,8056443,8056443
LEXUS,LBX,2024,24925000,8000,2,18693750,14715159
LEXUS,LBX,2025,27000000,232,1,22950000,18478256
LEXUS,LBX-,2024,25000000,2000,1,21250000,17109497
LEXUS,NX300H,2014,21900000,162000,2,15352145,15352145
LEXUS,RS300,2004,8750000,178000,1,8015606,8015606
LEXUS,RX,2006,2750000,89000,1,2783682,2783682
LEXUS,RX,2008,12000000,215000,1,15024633,15024633
LEXUS,RX,2011,11000000,100000,1,14705225,14705225
LEXUS,RX,2012,8990000,85000,1,7795657,7795657
LEXUS,RX300,2003,8000000,170000,1,7941447,7941447
LEXUS,RX350,2007,10900000,1,1,10478556,10478556
LEXUS,RX400H,2007,8800000,95074,1,7682059,7682059
LEXUS,RX450H,2011,16590000,111000,1,15210110,15210110
MAHINDRA,.,2011,4250000,260000,1,4584226,4584226
MAHINDRA,100,2020,5195000,49750,2,5514660,5746249
MAHINDRA,BIG,2019,4375000,80000,1,4860895,4860895
MAHINDRA,BOLERO,2003,4200000,140000,1,4332942,4332942
MAHINDRA,BOLERO,2004,3950000,125000,1,3903752,3903752
MAHINDRA,BOLERO,2006,1900000,147000,1,1970266,1970266
MAHINDRA,BOLERO,2007,2141667,250782,3,2014549,2014549
MAHINDRA,BOLERO,2008,2583750,90160,4,2856045,2856045
MAHINDRA,BOLERO,2009,2600000,900000,1,2014549,2014549
MAHINDRA,BOLERO,2010,2650000,1759,3,2252500,1933541
MAHINDRA,BOLERO,2011,2930455,72305,11,3580667,3580667
MAHINDRA,BOLERO,2012,2995357,94507,14,3765228,3765228
MAHINDRA,BOLERO,2013,3284375,102299,8,3867968,3867968
MAHINDRA,BOLERO,2014,3428500,109980,10,3730683,3730683
MAHINDRA,BOLERO,2015,3510938,105404,16,4018142,4106531
MAHINDRA,BOLERO,2016,3859231,106304,13,4106531,4106531
MAHINDRA,BOLERO,2017,3919167,96935,6,4106531,4106531
MAHINDRA,BOLERO,2018,5300000,135000,2,4749430,4558015
MAHINDRA,BOLERO,2019,4312500,98750,4,4558015,4558015
MAHINDRA,BOLERO,2020,4381250,76075,4,4760213,4760213
MAHINDRA,BOLERO,2021,3275000,275869,1,3867968,3867968
MAHINDRA,BOLERO,2023,4700000,30000,2,5253605,5474231
MAHINDRA,BOLERO,2024,5190000,6250,1,5200364,5200364
MAHINDRA,BOLERO,2025,4995000,10,1,5095426,5095426
MAHINDRA,BOLERO,2026,4995000,16,1,5095426,5095426
MAHINDRA,CAMPER,2016,5000000,255000,1,5403380,5630296
MAHINDRA,E20,2016,1950000,32000,1,1810271,1810271
MAHINDRA,E20,2018,19500000,47200,1,14625000,13213035
MAHINDRA,E20,2021,1950000,12345,1,1810271,1810271
MAHINDRA,E2O,2018,2200000,20000,1,1810271,1810271
MAHINDRA,KUV,2020,4913611,61432,18,5551499,5784636
MAHINDRA,KUV,2021,5241500,61768,20,6177446,6436869
MAHINDRA,KUV,2022,5773000,46121,10,6636754,6636754
MAHINDRA,KUV,2023,6406250,50000,4,6877191,6877191
MAHINDRA,KUV,2024,6768571,23134,7,6877191,6877191
MAHINDRA,KUV,2025,8200000,6000,1,7677933,7677933
MAHINDRA,LX,2007,3437500,212820,2,3867968,3867968
MAHINDRA,MAHINDRA,1977,1950000,50500,2,1421354,1421354
MAHINDRA,SCORPIO,2003,4250000,151728,2,4330494,4330494
MAHINDRA,SCORPIO,2008,3500000,166000,1,3890211,3890211
MAHINDRA,SCORPIO,2011,4400000,163000,2,4584226,4584226
MAHINDRA,SCORPIO,2014,5850000,130000,1,6297723,6297723
MAHINDRA,XENON,2016,3100000,95000,1,3492838,3492838
MAHINDRA,XUV,2025,12850000,4100,1,14715159,14715159
MASSEY-FERGUSON,135DL,1990,1100000,36399,1,1421354,1421354
MAZDA,2,2015,8875000,178500,1,8056443,8056443
MAZDA,2,2016,9000000,153686,1,8056443,8056443
MAZDA,3,2004,5500000,200000,1,5787744,5787744
MAZDA,3,2006,5750000,153000,1,6145200,6145200
MAZDA,3,2007,5957857,155340,7,6440329,6440329
MAZDA,3,2008,6000000,173000,1,6640320,6640320
MAZDA,3,2011,6975000,135500,1,7255707,7255707
MAZDA,3,2013,7700000,153500,2,8005977,8005977
MAZDA,3,2014,9666667,128667,3,8056443,8056443
MAZDA,3,2015,9550000,135714,7,8056443,8056443
MAZDA,3,2017,12300000,150000,1,14881126,14881126
MAZDA,3,2019,16000000,59000,1,14881126,14881126
MAZDA,323,1987,1050000,11111,1,1417500,1421354
MAZDA,323,1988,1050000,45231,1,1417500,1421354
MAZDA,323,1992,1250000,95000,1,1421354,1421354
MAZDA,323,1997,1250000,12345,1,1687500,1712607
MAZDA,323,1999,3500000,143000,1,3406095,3406095
MAZDA,323,2000,1975000,56000,1,1741169,1741169
MAZDA,6,2013,11770000,107800,5,15352145,15352145
MAZDA,6,2014,13362500,115000,2,15352145,15352145
MAZDA,6,2015,13641667,156333,3,15352145,15352145
MAZDA,6,2016,13200000,107000,1,15352145,15352145
MAZDA,AD,1999,2500000,100000,1,1712607,1712607
MAZDA,ALTO,2023,6200000,1,1,6449228,6449228
MAZDA,ASTINA,1988,2200000,725000,1,1480903,1480903
MAZDA,ASTINA,1989,3375000,194564,1,2826840,2477231
MAZDA,ASTINA,1990,2166667,152967,3,1421354,1421354
MAZDA,ASTINA,1991,2975000,170000,1,2456109,2152349
MAZDA,ASTINA,1994,1895000,200000,1,1472300,1472300
MAZDA,AXELA,2004,5365000,207933,3,5551499,5755314
MAZDA,AXELA,2005,5301667,177080,3,5551499,5755314
MAZDA,AXELA,2006,1975000,158000,1,2085021,2085021
MAZDA,AXELA,2007,5593571,169905,7,5869534,5869534
MAZDA,AXELA,2009,6357500,152000,2,5755314,5755314
MAZDA,AXELA,2012,10600000,172000,1,8180576,8011300
MAZDA,AXELA,2013,9741250,161725,4,8011300,8011300
MAZDA,AXELA,2014,7125000,135000,3,4275000,2085021
MAZDA,AXELA,2015,12475000,189000,2,14797742,14797742
MAZDA,AXELA,2017,11700000,114000,1,14797742,14797742
MAZDA,AXELA,2018,11800000,12,1,14450381,14450381
MAZDA,BDJ051,1982,1350000,285000,1,1472300,1472300
MAZDA,BF,1987,1200000,190,1,1421354,1421354
MAZDA,BG3P,1992,1750000,150000,1,1421354,1421354
MAZDA,BG5P,1992,1325000,46854,1,1421354,1421354
MAZDA,BH3P,1997,3200000,100000,1,3438836,3438836
MAZDA,BJ,2000,3450000,178000,1,3698706,3698706
MAZDA,BJ3,1999,2925000,295000,1,2608547,2608547
MAZDA,BJ3P,2002,3500000,262144,1,3720319,3720319
MAZDA,BJ5P,1998,3300000,289000,1,3680335,3680335
MAZDA,BJ5P,1999,3450000,141000,1,3635978,3635978
MAZDA,BJ5P,2001,3850000,162000,1,3901547,3901547
MAZDA,BJ5P,2002,3657500,205000,2,3972489,3972489
MAZDA,BJ5P,2003,4400000,159335,1,4604834,4604834
MAZDA,BJ5P,2006,3950000,100000,1,3967221,3967221
MAZDA,BONGO,1991,3900000,280000,1,3366486,3366486
MAZDA,BONGO,1992,3670000,188086,4,3121851,3121851
MAZDA,BONGO,1993,3910000,148243,5,3595296,3595296
MAZDA,BONGO,1994,3616667,254000,3,3366486,3366486
MAZDA,BONGO,1995,3450000,200000,1,3664545,3664545
MAZDA,BONGO,1996,4100000,300000,1,4466514,4466514
MAZDA,BONGO,1997,4233333,281891,3,5424199,5717122
MAZDA,BONGO,1998,4612000,215280,10,4018792,4018792
MAZDA,BONGO,1999,5383333,340750,3,5531848,5830584
MAZDA,BONGO,2000,5716667,247809,3,6126901,6126901
MAZDA,BONGO,2001,5700000,18,1,5734572,5734572
MAZDA,BONGO,2002,5990000,187469,5,5664228,5664228
MAZDA,BONGO,2004,5306250,224003,4,5601756,5601756
MAZDA,BONGO,2005,4450000,300000,1,4886231,4886231
MAZDA,BONGO,2006,6900000,288000,1,7167172,7167172
MAZDA,BONGO,2007,6660000,191078,10,6126901,6126901
MAZDA,BONGO,2010,8325000,205250,2,7961888,7961888
MAZDA,BONGO,2011,8575000,175000,1,7961888,7961888
MAZDA,BRAWNY,1987,2800000,300000,1,2291779,2291779
MAZDA,BRAWNY,1988,2895000,275000,1,2349154,2349154
MAZDA,BRAWNY,1989,4500000,36254,1,3975401,3975401
MAZDA,BRAWNY,1990,2650000,205000,1,1637036,1637036
MAZDA,BRAWNY,1991,3700000,197823,2,3121851,3121851
MAZDA,BRAWNY,1992,3225000,205000,3,1935000,1637036
MAZDA,BRAWNY,1995,4345833,84926,6,4942623,4689382
MAZDA,BRAWNY,1997,4950000,222222,1,5265573,5549930
MAZDA,BRAWNY,1999,6400000,392000,1,6796926,6796926
MAZDA,BRAWNY,2000,1060000,89563,1,1484000,1996774
MAZDA,BRAWNY,2006,6850000,175800,1,7057324,7057324
MAZDA,BRAWNY,2007,7025000,209132,4,7167172,7167172
MAZDA,BRAWNY,2008,6800000,159000,1,7057324,7057324
MAZDA,BRAWNY,2009,6850000,512000,1,7057324,7057324
MAZDA,BRAWNY,2010,7700000,245000,1,7868201,7868201
MAZDA,BT50,2012,8500000,1234,1,7703723,7703723
MAZDA,BUTTERFLY,1997,2600000,141672,2,1773993,1773993
MAZDA,CAPELLA,2000,1500000,168,1,1741169,1741169
MAZDA,CAROL,2004,3275000,153000,1,3874164,3874164
MAZDA,CAROL,2015,5440000,114992,2,5784636,5784636
MAZDA,CAROL,2017,5575000,43000,1,5465751,5465751
MAZDA,CAROL,2023,6390000,11000,1,6682872,6682872
MAZDA,CX,2014,12500000,180000,1,15352145,15352145
MAZDA,CX5,2013,11625000,157000,2,15352145,15352145
MAZDA,CX6,2014,12200000,124000,1,15352145,15352145
MAZDA,DA,2004,4200000,110000,1,4330494,4330494
MAZDA,DELUXE,1985,750000,66449,1,1050000,1421354
MAZDA,DEMIO,1998,3037500,92500,2,3276401,3276401
MAZDA,DEMIO,1999,3448333,145955,3,3219699,3290525
MAZDA,DEMIO,2000,3737500,113056,4,3772107,3772107
MAZDA,DEMIO,2001,2575000,178100,2,3605000,3848455
MAZDA,DEMIO,2004,3450000,165000,1,3848455,3848455
MAZDA,DEMIO,2006,3650000,130000,1,3888664,3888664
MAZDA,DEMIO,2007,4910000,155960,5,5364723,5561680
MAZDA,DEMIO,2008,5100000,158844,5,5561680,5561680
MAZDA,DEMIO,2009,5361429,150037,7,5717122,5717122
MAZDA,DEMIO,2010,5575000,102000,2,5595582,5595582
MAZDA,EBD-DG64V,2007,4250000,190,1,4428270,4428270
MAZDA,EUNOS,1995,2250000,73632,1,1668438,1668438
MAZDA,EVERY,2007,4400000,180000,1,4860895,4860895
MAZDA,FAMILIA,1980,990000,145000,1,1386000,1421354
MAZDA,FAMILIA,1982,700000,123153,1,980000,1421354
MAZDA,FAMILIA,1985,1001000,155646,5,1288000,1421354
MAZDA,FAMILIA,1986,1111111,11111,1,1421354,1421354
MAZDA,FAMILIA,1987,1635000,184201,7,1421354,1421354
MAZDA,FAMILIA,1988,1320000,1111,1,1421354,1421354
MAZDA,FAMILIA,1989,1150000,74228,2,1421354,1421354
MAZDA,FAMILIA,1990,1950000,115430,2,1421354,1421354
MAZDA,FAMILIA,1991,1800000,144476,10,1421354,1421354
MAZDA,FAMILIA,1992,1675000,177086,2,1472300,1472300
MAZDA,FAMILIA,1993,2250000,159524,1,1472300,1472300
MAZDA,FAMILIA,1994,1726250,87308,4,1421354,1421354
MAZDA,FAMILIA,1995,2320000,103250,2,1668438,1668438
MAZDA,FAMILIA,1996,2950000,150000,1,2883072,2526508
MAZDA,FAMILIA,1997,2885312,158587,8,1773993,1773993
MAZDA,FAMILIA,1999,3046667,204818,3,3352258,3425999
MAZDA,FAMILIA,2000,3398000,184431,10,3410430,3410430
MAZDA,FAMILIA,2001,3150000,159890,8,1843252,1803578
MAZDA,FAMILIA,2002,4146250,182500,4,4381484,4381484
MAZDA,FAMILIA,2003,4005000,155167,6,4330429,4330429
MAZDA,FAMILIA,2004,3756667,139403,3,3654873,3654873
MAZDA,FLAIR,2014,5500000,118000,1,5784636,5784636
MAZDA,FLAIR,2015,5831250,118250,4,5784636,5784636
MAZDA,FLAIR,2016,5900000,134500,3,6636754,6636754
MAZDA,FLAIR,2017,6120000,45798,2,6699392,6699392
MAZDA,FLAIR,2018,6450000,80000,1,6877191,6877191
MAZDA,FLAIR,2023,7530714,22004,7,8022656,8022656
MAZDA,GRN7,2016,14200000,82000,1,15352145,15352145
MAZDA,K2200,1992,4025000,125000,1,3132508,3132508
MAZDA,KR-SKF6V,2006,5800000,149999,1,6110767,6110767
MAZDA,LA,2002,3600000,169233,1,3720319,3720319
MAZDA,LION,2000,5850000,220000,1,6404242,6404242
MAZDA,LION,2001,6300000,459341,1,6842331,6842331
MAZDA,LION,2005,6100000,220000,1,6603113,6603113
MAZDA,LION,2006,6950000,156000,1,7148299,7148299
MAZDA,M-3,2016,10500000,79300,1,8306007,8134135
MAZDA,MAZDA,1993,2992500,50556,2,1795500,1518141
MAZDA,MAZDA,1994,3840000,11111,1,3104837,3104837
MAZDA,MAZDA,1995,3700000,123456,1,3421567,3421567
MAZDA,MAZDA,2007,5495000,205000,1,5598705,5598705
MAZDA,MILLENIA,1999,3350000,18000,1,3512147,3512147
MAZDA,MISTER,1995,1600000,114101,1,1668438,1668438
MAZDA,MISTER-LX,1995,1050000,128000,1,1470000,1668438
MAZDA,MR,1993,1650000,58000,1,1421354,1421354
MAZDA,MX3,1996,3600000,98000,1,3421567,3421567
MAZDA,RX-8,2007,7320000,87000,2,6863502,6863502
MAZDA,RX-8,2008,5995000,111108,1,6421256,6421256
MAZDA,RX-8,2009,8416667,64000,3,7523254,7523254
MAZDA,RX-8,2018,6600000,73000,1,6966983,6966983
MAZDA,SCRUM,1998,2150000,111,2,1977140,1977140
MAZDA,SCRUM,2002,3500000,100000,1,3797305,3797305
MAZDA,SCRUM,2016,6950000,69200,1,7184717,7184717
MAZDA,SCRUM,2023,8131667,10067,3,7660557,7660557
MAZDA,SK82,2000,5475000,221700,1,5717122,5717122
MAZDA,SKYACTIV,2014,9775000,146000,1,8134135,8134135
MAZDA,SPACIA,2024,8975000,2000,1,7703723,7703723
MAZDA,TRIBUTE,2001,4570000,145800,1,4814303,4814303
MAZDA,TRIBUTE,2003,6350000,123456,1,6616602,6616602
MAZDA,TRIBUTE,2005,5800000,118000,1,6027365,6027365
MAZDA,VANETTE,1991,2950000,185800,1,2730924,2393177
MAZDA,VANETTE,1992,3800000,100000,1,3311050,3311050
MAZDA,VANETTE,2001,5750000,300000,1,6167830,6167830
MAZDA,VANETTE,2006,5600000,1,1,5660541,5660541
MAZDA,VANETTE,2007,6550000,242500,2,6892828,6892828
MAZDA,VANETTE,2011,5750000,450000,1,6167830,6167830
MAZDA,VANETTE,2019,8550000,68000,2,8011300,8011300
MERCEDES-BENZ,-GLA,2015,1495000,120000,1,1886114,1886114
MERCEDES-BENZ,115,1978,350000,5600,1,472500,727744
MERCEDES-BENZ,116,2017,23000000,190000,1,15352145,15352145
MERCEDES-BENZ,180,2016,20500000,65500,1,15025775,15025775
MERCEDES-BENZ,250D,1990,2500000,78000,1,1500000,1421354
MERCEDES-BENZ,A180,2024,26500000,9500,1,19875000,14402497
MERCEDES-BENZ,A200,2019,22750000,13000,1,17062500,14991769
MERCEDES-BENZ,A250E,2022,28990000,11000,1,21742500,14991769
MERCEDES-BENZ,A250E,2023,29950000,7500,1,22462500,15429970
MERCEDES-BENZ,AMG,2014,14000000,76200,1,15025775,15025775
MERCEDES-BENZ,AMG,2020,29000000,51000,1,17400000,15352145
MERCEDES-BENZ,AVENGUARD,2010,14600000,109000,1,15025775,15025775
MERCEDES-BENZ,B250E,2015,9500000,84000,2,8106935,7981906
MERCEDES-BENZ,BLUETEC,2015,18000000,133500,1,15352145,15352145
MERCEDES-BENZ,C-180,2019,28000000,47000,1,21000000,15025775
MERCEDES-BENZ,C-200,2019,28900000,34000,1,21675000,15025775
MERCEDES-BENZ,C-320,2000,7000000,158000,1,6977026,6977026
MERCEDES-BENZ,C160,2017,18833333,60833,3,15025775,15025775
MERCEDES-BENZ,C160,2018,20500000,38000,1,15375000,14402497
MERCEDES-BENZ,C180,2003,8690000,200250,1,8269317,8269317
MERCEDES-BENZ,C180,2004,8500000,112000,1,7925213,7925213
MERCEDES-BENZ,C180,2009,10500000,109667,3,8090363,7925213
MERCEDES-BENZ,C180,2010,8675714,125528,7,7638285,8269317
MERCEDES-BENZ,C180,2011,11687500,152250,4,15352145,15352145
MERCEDES-BENZ,C180,2012,12000000,109500,1,15210110,15210110
MERCEDES-BENZ,C180,2013,11800000,104000,1,15352145,15352145
MERCEDES-BENZ,C180,2014,17150000,143500,2,15352145,15352145
MERCEDES-BENZ,C180,2015,16900000,171000,1,15352145,15352145
MERCEDES-BENZ,C180,2016,18900000,6800,1,14991769,14991769
MERCEDES-BENZ,C180,2017,20521429,79571,7,15352145,15352145
MERCEDES-BENZ,C180,2018,21666667,35667,3,16250000,14402497
MERCEDES-BENZ,C1890,1995,670000,150000,1,938000,1526647
MERCEDES-BENZ,C200,1994,4358333,88745,3,3763484,3763484
MERCEDES-BENZ,C200,2000,6250000,171500,2,7088015,7088015
MERCEDES-BENZ,C200,2011,12750000,96000,1,15025775,15025775
MERCEDES-BENZ,C200,2015,22250000,92125,4,15352145,15352145
MERCEDES-BENZ,C200,2017,12325000,57500,2,7395000,2907760
MERCEDES-BENZ,C200,2018,23950000,53900,6,15025775,15025775
MERCEDES-BENZ,C200,2019,24754545,48851,11,20000000,15210110
MERCEDES-BENZ,C200,2020,22517000,56600,5,15897000,15352145
MERCEDES-BENZ,C200AMG,2019,25000000,42000,1,18750000,15025775
MERCEDES-BENZ,C200D,2017,23900000,76000,1,15352145,15352145
MERCEDES-BENZ,C220,1994,485000,229000,1,679000,1105110
MERCEDES-BENZ,C220,1995,3475000,287455,1,3747003,3747003
MERCEDES-BENZ,C220,2001,6850000,187000,2,6829057,6829057
MERCEDES-BENZ,C220,2013,14000000,114000,1,14797742,14797742
MERCEDES-BENZ,C240,1994,4250000,125000,1,3475267,3475267
MERCEDES-BENZ,C250,1996,4350000,189000,1,4565487,4565487
MERCEDES-BENZ,C300,2015,23750000,89500,2,15352145,15352145
MERCEDES-BENZ,C300,2016,21800000,70000,1,15210110,15210110
MERCEDES-BENZ,C300,2017,24200000,50000,1,15025775,15025775
MERCEDES-BENZ,C350,2016,26500000,149000,1,15900000,15352145
MERCEDES-BENZ,C350E,2015,17990000,70000,1,15025775,15025775
MERCEDES-BENZ,C350E,2016,17062500,99250,4,15352145,15352145
MERCEDES-BENZ,C350E,2017,22500000,46000,1,16875000,15025775
MERCEDES-BENZ,CLA,2013,18450000,106200,1,15352145,15352145
MERCEDES-BENZ,CLA,2014,1400000,120000,1,1960000,2105267
MERCEDES-BENZ,CLA,2015,20500000,91750,4,15352145,15352145
MERCEDES-BENZ,CLA,2016,19191667,68792,12,15210110,15210110
MERCEDES-BENZ,CLA,2017,19316500,67773,10,15210110,15210110
MERCEDES-BENZ,CLA,2018,20037500,72270,4,15352145,15352145
MERCEDES-BENZ,CLA,2019,22887500,59381,16,15352145,15352145
MERCEDES-BENZ,CLA,2020,24920000,43920,5,18462500,15210110
MERCEDES-BENZ,CLA,2022,27990000,14000,1,20992500,14991769
MERCEDES-BENZ,CLK,2002,10500000,129000,1,7960376,7756142
MERCEDES-BENZ,CLK,2003,9000000,61000,1,7738588,7738588
MERCEDES-BENZ,CLS350,2005,13900000,83000,1,14715159,14715159
MERCEDES-BENZ,D2,1980,2150000,268510,1,1472300,1472300
MERCEDES-BENZ,E180,2020,29500000,44000,1,22125000,15210110
MERCEDES-BENZ,E200,1994,3975000,134000,1,3268271,3268271
MERCEDES-BENZ,E200,1996,4950000,94000,1,5271029,5676786
MERCEDES-BENZ,E200,1997,5000000,178000,1,5287356,5694369
MERCEDES-BENZ,E200,1998,4933333,141333,3,5287356,5694369
MERCEDES-BENZ,E200,2003,8633333,160000,3,8192810,8192810
MERCEDES-BENZ,E200,2010,14288889,114937,9,15210110,15210110
MERCEDES-BENZ,E200,2011,14712500,141000,4,15352145,15352145
MERCEDES-BENZ,E200,2012,14116667,130220,3,15352145,15352145
MERCEDES-BENZ,E200,2013,22500000,90000,2,15210110,15210110
MERCEDES-BENZ,E200,2014,18000000,127000,1,15352145,15352145
MERCEDES-BENZ,E200,2015,25200000,43100,1,18900000,14715159
MERCEDES-BENZ,E200,2016,28000000,99650,1,16800000,15352145
MERCEDES-BENZ,E200,2018,29500000,80000,1,17700000,15352145
MERCEDES-BENZ,E240,1999,6250000,188000,1,6578885,6578885
MERCEDES-BENZ,E240,2004,10495000,110359,1,7884343,7682059
MERCEDES-BENZ,E240,2005,7800000,164000,1,8026967,8026967
MERCEDES-BENZ,E250,2010,18600000,50000,1,14991769,14991769
MERCEDES-BENZ,E250,2011,21000000,55000,1,14991769,14991769
MERCEDES-BENZ,E250,2014,20500000,85000,1,15210110,15210110
MERCEDES-BENZ,E300,2013,15500000,126000,1,15352145,15352145
MERCEDES-BENZ,E300,2014,17647500,110250,4,15352145,15352145
MERCEDES-BENZ,E300,2015,18060000,82200,5,15210110,15210110
MERCEDES-BENZ,E300,2016,11487500,97500,2,6892500,4014774
MERCEDES-BENZ,E300,2017,28500000,78000,1,17100000,15352145
MERCEDES-BENZ,E300-,2015,21500000,80000,1,15210110,15210110
MERCEDES-BENZ,E350,2017,26737500,72500,2,16042500,15352145
MERCEDES-BENZ,E350E,2017,27533333,96083,6,16200000,15352145
MERCEDES-BENZ,GLA,2015,15950000,73686,2,15025775,15025775
MERCEDES-BENZ,GLA,2019,26500000,61000,1,15900000,15352145
MERCEDES-BENZ,GLA180,2016,18500000,30000,1,14991769,14991769
MERCEDES-BENZ,GLA180,2017,15750000,55000,1,15025775,15025775
MERCEDES-BENZ,GLA180,2018,20000000,39500,2,15025775,15025775
MERCEDES-BENZ,GLA200,2015,17000000,130000,1,15352145,15352145
MERCEDES-BENZ,GLB,2020,27950000,70667,3,16770000,15352145
MERCEDES-BENZ,GLB200,2020,27990000,86000,1,16794000,15352145
MERCEDES-BENZ,GLB200,2024,6500000,12000,1,6861263,6861263
MERCEDES-BENZ,GLC,2016,27000000,76000,1,16200000,15210110
MERCEDES-BENZ,MB,1999,3690000,131470,1,3406095,3406095
MERCEDES-BENZ,MB,2000,1525000,50000,2,1741169,1741169
MERCEDES-BENZ,MB140,1999,3250000,155556,2,3160916,3160916
MERCEDES-BENZ,MB140,2002,6000000,120000,1,6134612,6134612
MERCEDES-BENZ,MB140D,2000,2195000,550,2,2743750,3837344
MERCEDES-BENZ,MB140D,2001,5500000,188408,1,5507123,5507123
MERCEDES-BENZ,S300,2010,20250000,83500,2,15025775,15025775
MERCEDES-BENZ,S300,2011,20800000,81000,1,15025775,15025775
MERCEDES-BENZ,S320,2000,8700000,101000,1,7523254,7523254
MERCEDES-BENZ,S320,2001,7500000,135000,1,7166158,7166158
MERCEDES-BENZ,S320L,2004,11200000,190000,1,15352145,15352145
MERCEDES-BENZ,S350,2004,8900000,107000,1,7925213,7925213
MERCEDES-BENZ,S350,2006,18000000,153000,1,15210110,15210110
MERCEDES-BENZ,S350L,2011,19800000,166000,1,15352145,15352145
MERCEDES-BENZ,SLK,2014,20800000,50000,1,14715159,14715159
MERCEDES-BENZ,SPORTS,2016,9800000,20000,1,7778014,7778014
MERCEDES-BENZ,V6,1984,19000000,26000,1,14250000,11418873
MERCEDES-BENZ,VITO,2016,20500000,168333,3,15352145,15352145
MERCEDES-BENZ,VITO,2017,26166667,76119,3,15700000,15352145
MERCEDES-BENZ,W,1983,1800000,325000,1,1647381,1647381
MERCEDES-BENZ,W,1988,3500000,11,1,3108452,3108452
MERCEDES-BENZ,W,1997,5850000,141000,1,6185531,6185531
MERCEDES-BENZ,W,1999,5550000,150000,1,5595582,5595582
MERCEDES-BENZ,W,2002,6500000,130000,1,6572695,6572695
MERCEDES-BENZ,W,2003,2200000,132000,1,2005381,2005381
MERCEDES-BENZ,W115,1969,1375000,100,1,1421354,1421354
MERCEDES-BENZ,W123,1977,1300000,100000,1,1421354,1421354
MERCEDES-BENZ,W123,1980,2100000,8000,1,1575000,1421354
MERCEDES-BENZ,W123,1981,2350000,160,1,1997500,1608293
MERCEDES-BENZ,W124,1987,3575000,1111,1,3038750,2940834
MERCEDES-BENZ,W124,1988,4950000,121387,1,4123035,4123035
MERCEDES-BENZ,W124,1994,5700000,198000,1,4598887,4363258
MERCEDES-BENZ,W124,1995,4250000,185000,1,4225617,4225617
MERCEDES-BENZ,W124,1998,3850000,173000,1,3837547,3837547
MERCEDES-BENZ,W201,1989,2780000,189000,1,2048212,2048212
MERCEDES-BENZ,W202,1994,4250000,260000,1,3665288,3665288
MERCEDES-BENZ,W202,1995,3450000,197000,1,3542205,3542205
MERCEDES-BENZ,W202,1996,3987500,169228,2,3542205,3542205
MERCEDES-BENZ,W203,2000,6900000,160000,1,6977026,6977026
MERCEDES-BENZ,W203,2002,5990000,90000,1,6416538,6416538
MERCEDES-BENZ,W203,2006,7600000,135000,1,7659457,7659457
MERCEDES-BENZ,W210,1997,5400000,195500,2,5718547,6027365
MERCEDES-BENZ,W210,1998,5150000,173000,2,4675566,4436008
MERCEDES-BENZ,W210,1999,5875000,170000,1,6226852,6226852
MERCEDES-BENZ,W210,2000,5650000,119748,1,5545969,5545969
MERCEDES-BENZ,W211,2002,9450000,62500,1,7664674,7664674
MERCEDES-BENZ,W211,2003,7050000,179500,2,7188578,7188578
MERCEDES-BENZ,W211,2004,9350000,147500,2,7842143,7682059
MERCEDES-BENZ,W211,2005,11500000,123000,1,14564769,14564769
MERCEDES-BENZ,W211,2006,10000000,235000,1,8015606,8015606
MERCEDES-BENZ,W211E320,2004,9500000,126000,1,7682059,7682059
MERCEDES-BENZ,W220,2001,5000000,142000,1,5323838,5519295
MERCEDES-BENZ,W220,2003,7300000,110,1,7160892,7160892
MERCEDES-BENZ,WW20,2003,9200000,109000,1,7363403,7363403
MG,4,2022,13000000,40000,1,15352145,15352145
MG,4,2024,13200000,13000,1,15025775,15025775
MG,6,2014,5870000,85000,1,6377317,6377317
MG,MG,2018,9475000,41500,1,7721197,7721197
MG,MG,2021,9325000,89451,2,8056443,8056443
MG,MG4,2024,14750000,6550,2,14991769,14991769
MG,MGZS1,2019,7900000,254318,1,8143202,8143202
MG,SZ,2018,8500000,67000,1,8056443,8056443
MG,TURBO,2014,6950000,105000,1,7251810,7251810
MG,ZS,2018,8877963,88592,27,8056443,8056443
MG,ZS,2019,9033114,90026,35,8056443,8056443
MG,ZS,2020,9900000,56000,1,8056443,8056443
MG,ZS,2021,9225000,83296,2,8056443,8056443
MG,ZS,2023,11000000,82460,1,14881126,14881126
MG,ZS,2025,13716667,3395,3,14531806,14531806
MG,ZS1,2019,8170000,186517,5,8056443,8056443
MICRO,ACTYON,2008,4959286,123226,14,6572695,6572695
MICRO,ACTYON,2009,4950000,102727,3,5397424,5595582
MICRO,ACTYON,2010,5400000,171171,2,5717122,5717122
MICRO,ACTYON,2012,4800000,150000,1,5364723,5590015
MICRO,ALMAZ,2022,13145000,40500,2,15352145,15352145
MICRO,BAIC,2017,5608750,92835,4,5784636,5784636
MICRO,BAIC,2018,5962500,97000,2,6199253,6199253
MICRO,BAIC,2019,6650000,37800,1,6699392,6699392
MICRO,BAIC,2020,7150000,37812,2,6905094,6905094
MICRO,D20,2017,4000000,127000,1,4130146,4130146
MICRO,EMGRAND,2014,5546667,98706,3,6394155,6394155
MICRO,EMGRAND,2015,4768750,119225,4,5364723,5590015
MICRO,EMGRAND,2016,7900000,25254,1,7691670,7691670
MICRO,GEELY,2007,2600000,124000,1,1875157,1875157
MICRO,GEELY,2010,2780000,285000,1,2623896,2623896
MICRO,GEELY,2013,3490000,146000,1,3621371,3621371
MICRO,GEELY,2017,3975000,60000,1,3799925,3799925
MICRO,HIGH,2010,6700000,500000,1,6892828,6892828
MICRO,JUNIOR,2005,1450000,125466,1,1833937,1833937
MICRO,KDH,2014,11200000,320000,1,15352145,15352145
MICRO,KORANDO,2011,5500000,68300,1,5438046,5438046
MICRO,KORANDO,2012,6066667,160000,6,6636754,6636754
MICRO,KORANDO,2013,5300000,204000,1,5784636,5784636
MICRO,KORANDO,2014,6962500,131000,2,7251810,7251810
MICRO,KORANDO,2015,7216667,140000,3,6877191,6877191
MICRO,KYRON,2006,1475000,148000,1,2065000,2065731
MICRO,KYRON,2007,5762500,186500,2,6404242,6404242
MICRO,KYRON,2008,5163846,177329,26,4918873,4918873
MICRO,KYRON,2009,5684615,166725,13,5755314,5755314
MICRO,KYRON,2010,9566667,117000,3,6791241,6791241
MICRO,KYRON,2011,6650000,150000,1,6892828,6892828
MICRO,KYRON,2012,6050000,214000,1,6636754,6636754
MICRO,KYRON,2013,7350000,62580,2,6420192,6420192
MICRO,KYRON,2014,7500000,135000,1,7406654,7406654
MICRO,LIFAN,2008,2200000,109500,1,1875157,1875157
MICRO,LIFANG,2009,2550000,135000,1,1886114,1886114
MICRO,M,2015,6500000,79000,1,6813564,6813564
MICRO,MICRO,2006,1200000,1111,1,1500000,2059896
MICRO,MICRO,2008,1750000,28,1,2063796,2063796
MICRO,MICRO,2013,9750000,197000,1,8134135,8134135
MICRO,MICRO,2014,13300000,119000,1,15024633,15024633
MICRO,MICRO,2015,16000000,220000,1,15024633,15024633
MICRO,MPV,2004,1450000,125000,1,1803578,1803578
MICRO,MPV,2005,1085000,89766,1,1519000,1770478
MICRO,MPV,2007,2100000,100000,1,1875157,1875157
MICRO,MPV,2010,1733333,98971,3,1875157,1875157
MICRO,MPV,2012,2212500,55010,2,1810271,1810271
MICRO,MPV,2013,2050000,173000,1,1886114,1886114
MICRO,MPV,2014,2780000,123,4,2518386,2518386
MICRO,MPV,2015,2631250,82717,4,1886114,1886114
MICRO,MPV,2016,3141667,135467,3,2681616,2623896
MICRO,MPV,2017,400000,85000,1,560000,911431
MICRO,MVP,2010,2200000,130000,1,1886114,1886114
MICRO,MX7,2009,2554167,137833,6,2014549,2014549
MICRO,MX7,2010,2750000,163000,1,2802571,2802571
MICRO,MX7,2011,3127000,126600,5,3867968,3867968
MICRO,MX7,2012,3267000,116670,10,3787230,3787230
MICRO,MX7,2013,3420833,138060,6,3867968,3867968
MICRO,MX7,2014,3767500,79269,6,4058680,4058680
MICRO,MX7,2015,3911667,136592,6,4106531,4106531
MICRO,PANDA,2011,2510667,92527,15,1875157,1875157
MICRO,PANDA,2012,2675303,145181,33,2623896,2623896
MICRO,PANDA,2013,3041400,84056,25,3128159,3128159
MICRO,PANDA,2014,3030147,75307,34,2673961,2673961
MICRO,PANDA,2015,3026113,76279,97,3492838,3492838
MICRO,PANDA,2016,3303214,81002,28,3492838,3492838
MICRO,PANDA,2017,3625385,71832,26,3621371,3621371
MICRO,PANDA,2018,4080000,54252,15,3799925,3799925
MICRO,PRIVILEGE,2006,1200000,1111,1,1500000,1770478
MICRO,PROTON,2023,6600000,13000,1,6607977,6607977
MICRO,REXTON,2008,7125000,145594,17,7443915,7443915
MICRO,REXTON,2009,7450000,165000,1,7602862,7602862
MICRO,REXTON,2013,11525000,137472,3,8441637,8311446
MICRO,REXTON,2014,11608333,150037,3,15352145,15352145
MICRO,REXTON,2015,11494167,142936,18,8311446,8311446
MICRO,REXTON,2016,12245000,150000,2,15352145,15352145
MICRO,REXTON,2017,15075000,143500,4,15352145,15352145
MICRO,REXTON,2018,19900000,87000,2,15352145,15352145
MICRO,REXTON,2020,23000000,74000,2,15352145,15352145
MICRO,RHINO,2012,3500000,129,1,3712431,3712431
MICRO,RHINO,2015,2850000,12357,1,2689875,2689875
MICRO,SSANGYONG,2008,7575000,205667,3,8101925,8101925
MICRO,SSANGYONG,2009,8150000,222000,1,8015606,8015606
MICRO,SSANGYONG,2015,8500000,135667,3,8099797,8056443
MICRO,SSANGYONG,2016,6900000,99,1,7086614,7086614
MICRO,SSANGYONG,2017,6995000,1,1,7086614,7086614
MICRO,TIGGO,2024,10300000,9700,1,7795657,7795657
MICRO,TIVOLI,2015,7260000,119800,5,8143202,8143202
MICRO,TIVOLI,2016,7256000,93305,5,7389512,7389512
MICRO,TIVOLI,2017,8240000,80712,5,8056443,8056443
MICRO,TIVOLI,2018,8500000,94000,1,8056443,8056443
MICRO,TOURER,2012,10200000,380000,1,8056443,8056443
MICRO,TOURER,2013,1300000,373000,1,1820000,2096770
MICRO,TOURER,2014,9500000,142101,2,8056443,8056443
MICRO,TREND,2007,2395000,123,1,2035750,1810271
MICRO,TREND,2008,1925000,93750,4,1875157,1875157
MICRO,TREND,2009,2028750,71062,4,1810271,1810271
MICRO,TREND,2010,1860000,90728,3,1875157,1875157
MICRO,TREND,2011,1891667,75667,3,1875157,1875157
MICRO,TREND,2012,1982692,90662,13,1875157,1875157
MICRO,TREND,2014,1500000,42000,1,1810271,1810271
MICRO,VOLEEX,2012,3975000,128000,1,4130146,4130146
MICRO,X25,2017,5700000,106732,3,5899437,5899437
MICRO,X25,2018,6250000,90000,1,6636754,6636754
MICRO,X25,2019,6525000,48800,1,6813564,6813564
MICRO,X25,2020,6150000,88000,1,6636754,6636754
MINI,AUSTIN,1960,2550000,67200,1,1530000,1421354
MINI,COOPER,1959,2000000,48400,2,1630010,1630010
MINI,COOPER,1960,2750000,105000,2,1665866,1630010
MINI,COOPER,1966,4300000,18000,1,3742396,3742396
MINI,COOPER,1975,2300000,10,1,1955000,1630010
MINI,COOPER,1989,3000000,200000,1,2730924,2393177
MINI,COOPER,1996,1650000,12000,1,1926148,1926148
MINI,COOPER,1997,2400000,71000,1,1977140,1977140
MINI,COOPER,2002,6500000,32000,1,6648997,6648997
MINI,COOPER,2010,9800000,1,1,8330000,7621726
MINI,COOPER,2014,12750000,30250,1,14450381,14450381
MINI,COOPER,2015,13500000,15000,1,14450381,14450381
MINI,COOPER,2017,15383333,48083,6,14483158,14483158
MINI,COUNTRYMAN,2017,21000000,53000,1,15025775,15025775
MINI,MINI,1999,2800000,38000,1,2382520,2382520
MINI,MINICOOPER,2026,2400000,1,1,2040000,1810271
MINI,MORRIS,1995,3100000,78000,1,3089731,3089731
MINI,MORRIS,1997,2800000,22222,1,2382520,2382520
MITSUBISHI,3G83,2008,4240000,156000,1,4584226,4584226
MITSUBISHI,4D56,1988,6850000,491000,1,5861376,5861376
MITSUBISHI,4DR,1966,2750000,250000,1,2246313,2246313
MITSUBISHI,4DR,1967,4550000,250000,1,3902051,3902051
MITSUBISHI,4DR,1981,4900000,29132,1,4358033,4358033
MITSUBISHI,4DR,1982,4975000,205000,1,4186735,4186735
MITSUBISHI,4DR,1988,2500000,3232,1,2125000,1710950
MITSUBISHI,4DR5,1954,2500000,50000,1,1518141,1518141
MITSUBISHI,4DR5,1964,3450000,1,1,2932500,2554361
MITSUBISHI,4DR5,1967,4500000,200000,1,3727812,3727812
MITSUBISHI,4DR5,1968,3725000,106172,2,3104837,3104837
MITSUBISHI,4DR5,1969,3066667,109667,3,1840000,1518141
MITSUBISHI,4DR5,1970,2150000,8528,1,1612500,1518141
MITSUBISHI,4DR5,1971,2300000,200000,1,1518141,1518141
MITSUBISHI,4DR5,1973,4300000,300000,1,3601866,3601866
MITSUBISHI,4DR5,1979,3850000,6171,1,3104837,3104837
MITSUBISHI,4DR5,1980,3060714,48572,7,2914856,2554361
MITSUBISHI,4DR5,1981,2800000,150000,1,2111985,2111985
MITSUBISHI,4DR5,1989,3750000,110000,1,3064650,3064650
MITSUBISHI,4DR5,1994,3900000,1,1,3315000,3104837
MITSUBISHI,4DR5,1995,5500000,70000,1,5230885,5230885
MITSUBISHI,4DR6,1970,2350000,125000,1,1421354,1421354
MITSUBISHI,4DR6,1981,3500000,100000,1,2729024,2391511
MITSUBISHI,58,1996,4175000,200000,1,4225617,4225617
MITSUBISHI,A172A,1980,2250000,24557,1,1687500,1421354
MITSUBISHI,AL300,1984,1500000,200000,1,1421354,1421354
MITSUBISHI,ASX,2010,8950000,143364,1,8092904,8092904
MITSUBISHI,ASX,2015,10866667,183870,3,14792916,15024633
MITSUBISHI,ATTRAGE,2014,6337500,66572,2,6417807,6417807
MITSUBISHI,ATTRAGE,2015,7100000,200000,1,7251810,7251810
MITSUBISHI,ATTRAGE,2016,6962500,137500,2,7251810,7251810
MITSUBISHI,ATTRAGE,2017,6700000,168000,1,6927945,6927945
MITSUBISHI,ATTRAGE,2019,7850000,69000,1,8097573,8097573
MITSUBISHI,ATTRAGE,2020,9875000,60000,1,8011300,8011300
MITSUBISHI,BUDDY,1999,3990000,132000,1,3837547,3837547
MITSUBISHI,C11,1989,975000,56800,1,1365000,1421354
MITSUBISHI,C11A,1985,1030000,1111,1,1287500,1421354
MITSUBISHI,C12,1984,1375000,24567,1,1421354,1421354
MITSUBISHI,C12,1985,750000,222,1,937500,1287435
MITSUBISHI,C12,1986,4708333,120000,3,2825000,1421354
MITSUBISHI,C12,1989,1000000,200000,1,1400000,1472300
MITSUBISHI,CARRIER,1992,6850000,52000,1,5695759,5695759
MITSUBISHI,CB1,1993,2750000,240000,1,2060181,2060181
MITSUBISHI,CB8,1992,3275000,320000,1,2843359,2491706
MITSUBISHI,CB8,1995,2850000,275825,1,2418318,2418318
MITSUBISHI,CB8,1998,2700000,100000,1,1876859,1876859
MITSUBISHI,CHARIOT,2000,5375000,185225,1,5664228,5664228
MITSUBISHI,CK1A,1999,4350000,242540,1,4702010,4702010
MITSUBISHI,CK2,1999,4300000,345000,1,4336909,4336909
MITSUBISHI,COLT,1974,700000,64000,1,980000,1421354
MITSUBISHI,COLT,1980,1047500,1251,2,1309375,1421354
MITSUBISHI,COLT,1981,587500,122500,2,822500,1370942
MITSUBISHI,COLT,1984,950000,1,1,1187500,1421354
MITSUBISHI,COLT,1985,560000,50000,1,784000,1276004
MITSUBISHI,COLT,1990,1500000,60000,1,1421354,1421354
MITSUBISHI,COLT,2003,3775000,180000,1,3662133,3662133
MITSUBISHI,CS1,2003,4200000,221000,3,5661674,5869534
MITSUBISHI,CS1,2004,5931667,186667,3,6167830,6167830
MITSUBISHI,CS1,2006,6000000,242884,1,6603113,6603113
MITSUBISHI,CS1,2008,5106250,140550,4,6398214,6779027
MITSUBISHI,CS1,2012,6690000,142000,1,6927945,6927945
MITSUBISHI,CS2,2002,5950000,190000,1,6361743,6361743
MITSUBISHI,CS2,2003,4500000,111111,1,4782355,4782355
MITSUBISHI,DELICA,1978,495000,123456,1,693000,1127896
MITSUBISHI,DELICA,1980,1333333,156133,3,1421354,1421354
MITSUBISHI,DELICA,1981,957500,275000,2,1340500,1472300
MITSUBISHI,DELICA,1982,1470000,187504,2,1421354,1421354
MITSUBISHI,DELICA,1983,1140000,219047,5,1472300,1472300
MITSUBISHI,DELICA,1984,1260000,202819,3,1421354,1421354
MITSUBISHI,DELICA,1985,1700000,217500,2,1472300,1472300
MITSUBISHI,DELICA,1986,1690000,185000,1,1421354,1421354
MITSUBISHI,DELICA,1987,1350000,123456,1,1421354,1421354
MITSUBISHI,DELICA,1989,2690000,2,1,2286500,1840982
MITSUBISHI,DELICA,1991,4000000,150000,1,2880313,2524090
MITSUBISHI,DELICA,1992,7450000,218875,1,5378980,5378980
MITSUBISHI,DELICA,1993,5550000,224000,1,4300007,4007853
MITSUBISHI,DELICA,1995,4850000,185000,1,4639347,4639347
MITSUBISHI,DELICA,1998,5790000,212000,5,5561388,5966788
MITSUBISHI,DELICA,1999,4250000,123456,1,3852085,3852085
MITSUBISHI,DELICA,2007,7500000,405000,1,6808635,6808635
MITSUBISHI,DELICA,2024,9382500,16700,2,7400303,7400303
MITSUBISHI,DUAL,1991,3800000,595999,1,3242829,3242829
MITSUBISHI,ECLIPSE,2018,14948421,96336,19,15352145,15352145
MITSUBISHI,ECLIPSE,2019,15110952,69348,21,15352145,15352145
MITSUBISHI,ECLIPSE,2020,15486000,194400,5,15352145,15352145
MITSUBISHI,ECLIPSE,2023,18920000,17218,2,15025775,15025775
MITSUBISHI,ECLIPSE,2024,21500000,2900,1,18275000,14991769
MITSUBISHI,ECONO,1982,475000,100000,1,665000,1082324
MITSUBISHI,EK,2007,4770000,168000,1,5430992,5630382
MITSUBISHI,EK,2015,5875000,90000,3,6473140,6473140
MITSUBISHI,EK,2016,5610000,101000,4,6473140,6473140
MITSUBISHI,EK,2017,6087500,82000,2,5932680,5932680
MITSUBISHI,EK,2019,6562500,99500,2,6473140,6473140
MITSUBISHI,EK,2022,7475000,16570,1,7104386,7104386
MITSUBISHI,EK,2023,7490952,12325,21,6955860,6955860
MITSUBISHI,EK,2024,7617857,4679,7,7086614,7086614
MITSUBISHI,EK-X,2023,8450000,4900,1,7703723,7703723
MITSUBISHI,EVOLUTION,1996,6850000,85000,1,6887471,6887471
MITSUBISHI,EVOLUTION,1997,6625000,153500,2,6653886,6653886
MITSUBISHI,EVOLUTION,1999,8925000,132500,2,7682059,7682059
MITSUBISHI,EVOLUTION,2001,11500000,123,1,14375000,14531806
MITSUBISHI,EVOLUTION,2006,23500000,49000,1,17625000,14531806
MITSUBISHI,EVOLUTION,2007,17500000,111111,1,14564769,14564769
MITSUBISHI,FIORE,1985,395000,10000,1,533250,821311
MITSUBISHI,FLAT,1978,715000,250000,1,1001000,1472300
MITSUBISHI,FO5,1986,2850000,315000,1,2060181,2060181
MITSUBISHI,GALANT,1973,390000,100000,1,546000,888645
MITSUBISHI,GALANT,1979,450000,123456,1,630000,1025360
MITSUBISHI,GALANT,1983,981250,70200,4,1388333,1421354
MITSUBISHI,GALANT,1984,850000,111,1,1062500,1421354
MITSUBISHI,GALANT,1985,1071667,72083,3,1421354,1421354
MITSUBISHI,GALANT,1986,1150000,12345,1,1421354,1421354
MITSUBISHI,GALANT,1989,4687500,201134,2,2812500,1472300
MITSUBISHI,GALANT,1991,1775000,172000,1,1472300,1472300
MITSUBISHI,GALANT,1999,3083333,110411,3,3288235,3288235
MITSUBISHI,GALANT,2000,3531667,178294,3,3462900,3462900
MITSUBISHI,GALANT,2001,4400000,389000,1,4286609,4286609
MITSUBISHI,GALANT,2002,3850000,194000,1,3697963,3697963
MITSUBISHI,GALANT,2003,4350000,196000,1,4286609,4286609
MITSUBISHI,GDI,1999,5885000,182000,1,6226852,6226852
MITSUBISHI,GL,1980,640000,125000,1,896000,1421354
MITSUBISHI,GLX,1985,760000,100000,1,1064000,1421354
MITSUBISHI,I,1966,675000,123456,1,945000,1518141
MITSUBISHI,I,2013,3550000,123500,2,3867968,3867968
MITSUBISHI,INTERCOOLER,1995,1111111,165000,1,1555555,1728241
MITSUBISHI,J,1974,3850000,6850,1,3132508,3132508
MITSUBISHI,J20,1968,2450000,200000,1,1470000,1421354
MITSUBISHI,J24,1980,3350000,2548,1,2914856,2554361
MITSUBISHI,J32,1968,2100000,75000,1,1421354,1421354
MITSUBISHI,J44,1972,3400000,73000,1,2914856,2554361
MITSUBISHI,J44,1980,3850000,100000,1,3104837,3104837
MITSUBISHI,K35T,1998,6500000,251000,1,6842331,6842331
MITSUBISHI,L200,1988,2825000,30617,2,2933592,2627331
MITSUBISHI,L200,1990,4600000,51000,1,3975401,3975401
MITSUBISHI,L200,1991,3700000,300000,1,3170915,3170915
MITSUBISHI,L200,1992,3886667,111897,6,3311050,3311050
MITSUBISHI,L200,1993,4189286,156079,7,3595296,3595296
MITSUBISHI,L200,1994,5000000,275000,2,4522253,4522253
MITSUBISHI,L200,1995,5155000,134091,5,4633607,4633607
MITSUBISHI,L200,1997,4720000,212691,5,4732925,4490429
MITSUBISHI,L200,1998,5056667,150027,6,5450415,5744754
MITSUBISHI,L200,1999,5500000,250000,1,5755314,5755314
MITSUBISHI,L200,2001,5025000,195000,2,5052282,4873364
MITSUBISHI,L200,2002,6650000,12345,1,6698067,6698067
MITSUBISHI,L200,2003,6222500,280000,2,5869534,5869534
MITSUBISHI,L200,2004,5508333,221551,3,6603113,6603113
MITSUBISHI,L200,2005,5530000,300000,1,5755314,5755314
MITSUBISHI,L200,2006,8325000,260500,2,7836374,7836374
MITSUBISHI,L200,2007,8675000,212750,4,7970692,7970692
MITSUBISHI,L200,2008,8200000,155667,3,7970692,7970692
MITSUBISHI,L200,2010,7450000,383000,1,7369111,7369111
MITSUBISHI,L200,2011,8172500,181000,2,7290599,7290599
MITSUBISHI,L200,2013,9525000,161000,1,8011300,8011300
MITSUBISHI,L200,2014,11950000,190000,1,14797742,14797742
MITSUBISHI,L200,2015,11575000,99402,2,14797742,14797742
MITSUBISHI,L200,2016,12450000,228333,3,14797742,14797742
MITSUBISHI,L200,2017,14900000,159000,1,14797742,14797742
MITSUBISHI,L200,2019,18650000,122000,3,14797742,14797742
MITSUBISHI,L200,2020,19603125,59601,8,14797742,14797742
MITSUBISHI,L200,2024,27500000,3800,1,23375000,18820446
MITSUBISHI,L200,2025,22500000,4200,1,19125000,15398547
MITSUBISHI,L300,1979,775000,66666,1,1085000,1421354
MITSUBISHI,L300,1980,1112857,93689,7,1421354,1421354
MITSUBISHI,L300,1981,1010000,45203,6,1066500,1421354
MITSUBISHI,L300,1982,1425000,135465,1,1421354,1421354
MITSUBISHI,L300,1983,2361538,103334,13,1421354,1421354
MITSUBISHI,L300,1984,1226500,127260,10,1421354,1421354
MITSUBISHI,L300,1985,1273500,97892,10,1421354,1421354
MITSUBISHI,L300,1986,1583333,98400,3,1421354,1421354
MITSUBISHI,L300,1987,1816667,187196,3,1421354,1421354
MITSUBISHI,L300,1989,1790000,200000,1,1472300,1472300
MITSUBISHI,L300,1992,4500000,300000,1,3624425,3624425
MITSUBISHI,L300,2010,7500000,95000,1,6648642,6648642
MITSUBISHI,L300,2011,6500000,273695,1,6321921,6321921
MITSUBISHI,L400,1994,3600000,150000,1,3013826,3013826
MITSUBISHI,L400,1995,4516667,181667,3,4918541,4666535
MITSUBISHI,L400,1996,6700000,200000,1,6568597,6568597
MITSUBISHI,L400,1997,6000000,157500,1,6342903,6342903
MITSUBISHI,L400,1998,5450000,210000,1,5664228,5664228
MITSUBISHI,L400,1999,6000000,230000,1,6559295,6559295
MITSUBISHI,L400,2000,2300000,20,1,1996774,1996774
MITSUBISHI,LANCER,1970,475000,63256,1,665000,1082324
MITSUBISHI,LANCER,1973,762500,347500,2,1067500,1472300
MITSUBISHI,LANCER,1974,507500,8342,2,685125,1109074
MITSUBISHI,LANCER,1975,735833,62846,6,945000,1421354
MITSUBISHI,LANCER,1976,1093000,211222,5,1421354,1421354
MITSUBISHI,LANCER,1977,761250,68282,4,1057000,1421354
MITSUBISHI,LANCER,1978,761667,222925,6,1005667,1421354
MITSUBISHI,LANCER,1979,981364,107865,11,1421354,1421354
MITSUBISHI,LANCER,1980,995000,120584,32,1213333,1421354
MITSUBISHI,LANCER,1981,1212708,70934,24,1421354,1421354
MITSUBISHI,LANCER,1982,1076500,98713,20,1421354,1421354
MITSUBISHI,LANCER,1983,970233,114704,43,1008000,1421354
MITSUBISHI,LANCER,1984,1017308,148387,13,1339333,1421354
MITSUBISHI,LANCER,1985,852000,162705,20,1052333,1421354
MITSUBISHI,LANCER,1986,1023571,134520,7,1038333,1421354
MITSUBISHI,LANCER,1987,1190000,163691,5,1421354,1421354
MITSUBISHI,LANCER,1988,1110000,181070,3,1421354,1421354
MITSUBISHI,LANCER,1989,1042500,78844,4,1421354,1421354
MITSUBISHI,LANCER,1991,2046250,159532,4,1452620,1421354
MITSUBISHI,LANCER,1992,2427500,147076,6,2371120,2077872
MITSUBISHI,LANCER,1993,1890909,140882,11,1421354,1421354
MITSUBISHI,LANCER,1994,2154167,115607,6,2320084,2077872
MITSUBISHI,LANCER,1995,2678000,168771,10,1728241,1728241
MITSUBISHI,LANCER,1996,2518750,190000,4,3248987,3248987
MITSUBISHI,LANCER,1997,1000000,180000,1,1400000,1773993
MITSUBISHI,LANCER,1998,3600000,190600,5,3517543,3594920
MITSUBISHI,LANCER,1999,2595000,113751,5,1712607,1712607
MITSUBISHI,LANCER,2000,3794167,184685,6,3973667,4810547
MITSUBISHI,LANCER,2001,4039094,170891,6,4192798,4887375
MITSUBISHI,LANCER,2002,5285625,242662,8,5218434,5218434
MITSUBISHI,LANCER,2003,4670714,182588,14,4944995,5218434
MITSUBISHI,LANCER,2004,5542500,178517,4,4523641,4286609
MITSUBISHI,LANCER,2005,6263333,197267,3,6519755,6519755
MITSUBISHI,LANCER,2007,6180000,148600,5,5937340,5937340
MITSUBISHI,LANCER,2008,6385000,155715,11,6321921,6321921
MITSUBISHI,LANCER,2009,6412500,111000,2,6173365,6173365
MITSUBISHI,LANCER,2010,6300000,254500,2,6666293,6666293
MITSUBISHI,LANCER,2011,6800000,121000,2,6368577,6368577
MITSUBISHI,LANCER,2012,8891667,157097,3,7440127,7400303
MITSUBISHI,LANCER,2014,11100000,172800,5,9543425,9345949
MITSUBISHI,LIBERO,1996,2365000,200000,1,1728241,1728241
MITSUBISHI,LIBERO,2000,2500000,100000,1,1741169,1741169
MITSUBISHI,MINI,1998,1890000,212852,1,1984950,1984950
MITSUBISHI,MINI,1999,5700000,142000,1,5706632,5706632
MITSUBISHI,MINI,2008,4850000,80000,1,5068986,5068986
MITSUBISHI,MINI,2014,4800000,79000,1,5250674,5471178
MITSUBISHI,MINICA,2000,2520000,216589,1,1814117,1814117
MITSUBISHI,MINICA,2002,2750000,210000,1,2523737,2523737
MITSUBISHI,MINICA,2003,2920000,222500,2,2579253,2523737
MITSUBISHI,MINICAB,1998,1908333,209333,3,1916825,1916825
MITSUBISHI,MINICAB,1999,3250000,148223,5,3159131,3159131
MITSUBISHI,MINICAB,2000,3075000,144615,6,3617050,3696616
MITSUBISHI,MINICAB,2001,3175000,225000,1,3663610,3663610
MITSUBISHI,MINICAB,2002,4018333,128333,3,3901547,3901547
MITSUBISHI,MINICAB,2004,3600000,173463,3,3741713,3741713
MITSUBISHI,MINICAB,2006,3901667,180154,3,4039357,4039357
MITSUBISHI,MINICAB,2007,3100000,145664,4,3990000,4130146
MITSUBISHI,MINICAB,2011,3757143,109427,7,4550000,4812541
MITSUBISHI,MINICAB,2012,4175000,108950,2,4130146,4130146
MITSUBISHI,MINICAB,2013,5016667,131367,3,5431492,5659588
MITSUBISHI,MINICAB,2015,5175000,112900,2,5014644,4812541
MITSUBISHI,MINICAB,2016,4790000,127500,1,5283816,5505711
MITSUBISHI,MINICAB,2017,4016667,71334,3,2410000,2026134
MITSUBISHI,MINICAB,2023,6900000,12500,1,6646584,6646584
MITSUBISHI,MIRAGE,1989,1490000,152650,1,1614699,1614699
MITSUBISHI,MIRAGE,1999,3475000,168000,1,3761557,3761557
MITSUBISHI,MIRAGE,2013,5436250,127413,4,5746249,5746249
MITSUBISHI,MIRAGE,2014,5685000,103150,2,5860289,5860289
MITSUBISHI,MIRAGE,2015,5395000,94521,1,5746249,5746249
MITSUBISHI,MITSUBISHI,1989,2000000,289000,1,1480903,1480903
MITSUBISHI,MITSUBISHI,1990,1500000,150000,1,1421354,1421354
MITSUBISHI,MITSUBISHI,2003,6700000,24300,1,5925942,5925942
MITSUBISHI,MITSUBISHI,2007,3950000,125000,1,3799925,3799925
MITSUBISHI,MK1,1989,1350000,222,1,1421354,1421354
MITSUBISHI,MONTERO,1998,9550000,175000,1,7925213,7925213
MITSUBISHI,MONTERO,1999,10225000,267800,2,8313816,8269317
MITSUBISHI,MONTERO,2000,10446429,179449,14,7139807,6994061
MITSUBISHI,MONTERO,2001,12998333,213383,6,15352145,15352145
MITSUBISHI,MONTERO,2002,11902857,182000,14,15210110,15210110
MITSUBISHI,MONTERO,2003,10733462,180326,13,7206480,7059373
MITSUBISHI,MONTERO,2004,11785714,162729,7,15210110,15210110
MITSUBISHI,MONTERO,2005,13320000,217800,5,15352145,15352145
MITSUBISHI,MONTERO,2006,13561111,173003,9,15352145,15352145
MITSUBISHI,MONTERO,2007,14411389,180319,18,15352145,15352145
MITSUBISHI,MONTERO,2008,12945833,173052,12,8441637,8269317
MITSUBISHI,MONTERO,2009,16875000,155000,1,15352145,15352145
MITSUBISHI,MONTERO,2010,18643750,139952,4,15352145,15352145
MITSUBISHI,MONTERO,2011,14506600,165733,25,15352145,15352145
MITSUBISHI,MONTERO,2012,14678205,156189,39,15352145,15352145
MITSUBISHI,MONTERO,2013,22530769,154469,26,15352145,15352145
MITSUBISHI,MONTERO,2014,26500000,112000,1,15900000,15352145
MITSUBISHI,MONTERO,2015,27466667,155878,9,15900000,15352145
MITSUBISHI,MONTERO,2016,29500000,197000,1,17700000,15352145
MITSUBISHI,MONTERO,2017,28025000,110075,4,16560000,15352145
MITSUBISHI,OUTLANDER,2003,6416667,205000,3,6812566,6812566
MITSUBISHI,OUTLANDER,2004,1475000,159000,1,2051261,2051261
MITSUBISHI,OUTLANDER,2006,8950000,132400,1,7925213,7925213
MITSUBISHI,OUTLANDER,2007,8500000,196820,2,8269317,8269317
MITSUBISHI,OUTLANDER,2010,8900000,194,1,7907277,7907277
MITSUBISHI,OUTLANDER,2011,8500000,148000,1,8269317,8269317
MITSUBISHI,OUTLANDER,2012,9375000,176500,2,8311446,8311446
MITSUBISHI,OUTLANDER,2013,11934615,154545,13,15352145,15352145
MITSUBISHI,OUTLANDER,2014,12205417,178036,36,15352145,15352145
MITSUBISHI,OUTLANDER,2015,13978714,141072,35,15352145,15352145
MITSUBISHI,OUTLANDER,2016,16294444,145099,9,15352145,15352145
MITSUBISHI,OUTLANDER,2017,17500000,105000,1,15352145,15352145
MITSUBISHI,P25,1986,4112500,470672,2,4237705,4237705
MITSUBISHI,P25V,1986,4850000,150000,1,4326855,4326855
MITSUBISHI,P25V,1991,5850000,150000,1,5086621,4826002
MITSUBISHI,P45,1997,6000000,56398,1,6416538,6416538
MITSUBISHI,PAJERO,1976,3500000,1000,1,3108452,3108452
MITSUBISHI,PAJERO,1979,3000000,1000,1,2719203,2382905
MITSUBISHI,PAJERO,1981,1778000,396664,1,1662764,1662764
MITSUBISHI,PAJERO,1983,3950000,141000,1,3311050,3311050
MITSUBISHI,PAJERO,1984,5612857,192500,7,4412831,4186735
MITSUBISHI,PAJERO,1985,6590000,278000,5,5756232,5756232
MITSUBISHI,PAJERO,1986,6783333,270273,6,5499159,5499159
MITSUBISHI,PAJERO,1987,6013750,306890,4,4861064,4612002
MITSUBISHI,PAJERO,1988,6922727,241644,11,5668009,5668009
MITSUBISHI,PAJERO,1989,6291667,157795,6,5384385,5384385
MITSUBISHI,PAJERO,1990,7400000,200000,1,5855642,5855642
MITSUBISHI,PAJERO,1991,8250000,282000,1,6436259,6436259
MITSUBISHI,PAJERO,1992,8737500,155300,4,5912562,5912562
MITSUBISHI,PAJERO,1993,8825000,100014,2,6154473,6154473
MITSUBISHI,PAJERO,1994,9358333,252071,6,6436259,6436259
MITSUBISHI,PAJERO,1995,10466667,274877,3,8072143,7907365
MITSUBISHI,PAJERO,1996,8800000,240200,5,10213036,10370057
MITSUBISHI,PAJERO,1997,11700000,206725,2,14660837,14660837
MITSUBISHI,PAJERO,1998,11300000,262000,2,14797742,14797742
MITSUBISHI,PAJERO,1999,5633333,171008,3,6385276,6385276
MITSUBISHI,PAJERO,2000,5584444,174694,9,5632962,5632962
MITSUBISHI,PAJERO,2001,6816250,202250,4,5755314,5755314
MITSUBISHI,PAJERO,2002,6700000,144750,4,5285750,5479809
MITSUBISHI,PAJERO,2003,5350000,156000,1,5632962,5632962
MITSUBISHI,PAJERO,2007,16000000,300000,1,14797742,14797742
MITSUBISHI,PO15,1991,3975000,158000,1,3180904,3180904
MITSUBISHI,PO15,1992,3675000,6,1,3123750,3108452
MITSUBISHI,PO15,1994,4350000,250000,1,3917851,3917851
MITSUBISHI,PO15,1995,4350000,146036,3,4981865,4981865
MITSUBISHI,PO15,1996,3587500,198862,4,2740210,2740210
MITSUBISHI,PO15,1997,4785000,175000,1,5164544,5164544
MITSUBISHI,PO15,1999,3800000,152000,2,3970088,3970088
MITSUBISHI,PO15,2001,4862500,83555,2,4667279,4501995
MITSUBISHI,PO15,2005,6750000,128000,1,6621202,6621202
MITSUBISHI,PO15,2008,7200000,222533,1,7167172,7167172
MITSUBISHI,PO15,2010,6800000,200000,1,7057324,7057324
MITSUBISHI,PO15,2011,7075000,78000,2,7078716,7078716
MITSUBISHI,PO2,1987,1650000,263541,1,1472300,1472300
MITSUBISHI,PO25,1993,6500000,310000,1,5645105,5645105
MITSUBISHI,PO5,1987,3000000,200000,1,2623357,2298913
MITSUBISHI,PO5,1989,2745000,151225,2,1647000,1518141
MITSUBISHI,PO5,1990,3400000,90000,1,2914856,2554361
MITSUBISHI,PO5,1992,3690000,636000,1,3036977,3036977
MITSUBISHI,PO5,1995,4650000,100,1,4397326,4397326
MITSUBISHI,PO5,1996,4275000,270000,1,4277852,4277852
MITSUBISHI,PO5,1998,3687500,5611,2,3512147,3512147
MITSUBISHI,PO5,2000,4750000,100000,2,4937854,4937854
MITSUBISHI,PO5V,1994,3825000,175000,1,3184917,3184917
MITSUBISHI,R,1999,3000000,123345,1,2856993,2503654
MITSUBISHI,RVR,1998,3615000,190000,2,3824991,3824991
MITSUBISHI,RVR,2000,1500000,23000,1,1859734,1859734
MITSUBISHI,SINGLE,1986,950000,12345,1,1282500,1421354
MITSUBISHI,SPORTERO,2018,16000000,80000,1,15352145,15352145
MITSUBISHI,STRADA,1992,5662500,335500,2,4766468,4522253
MITSUBISHI,T,1972,275000,166845,1,385000,626609
MITSUBISHI,TREDIA,1984,850000,1,1,1062500,1421354
MITSUBISHI,TRITON,2007,9150000,249000,1,8015606,8015606
MITSUBISHI,TROJAN,2007,7900000,165000,1,8101925,8101925
MITSUBISHI,U61,2003,3600000,232000,2,3720319,3720319
MITSUBISHI,U61V,2000,3680000,176000,1,3698706,3698706
MITSUBISHI,V,2004,12500000,161000,1,15210110,15210110
MITSUBISHI,V73,2004,14500000,152000,1,15210110,15210110
MITSUBISHI,V75,2000,13000000,110000,1,14715159,14715159
MITSUBISHI,V76W,2007,16000000,132475,1,15210110,15210110
MITSUBISHI,V98,2013,22000000,234533,1,15352145,15352145
MITSUBISHI,VANETTE,2001,5650000,310020,1,5869534,5869534
MITSUBISHI,WAGON R,1975,350000,54284,1,490000,797502
MITSUBISHI,WILLYS,1962,3800000,10000,1,3132508,3132508
MITSUBISHI,WYLLYS,1988,2350000,165000,1,1421354,1421354
MITSUBISHI,XPANDER,2018,12738333,93798,6,15352145,15352145
MITSUBISHI,XPANDER,2019,13383333,102540,3,15352145,15352145
MITSUBISHI,XPANDER,2020,14366667,42667,3,15210110,15210110
MORRIS,4D,1972,2550000,236523,1,1530000,1421354
MORRIS,8,1948,650000,65000,1,910000,1421354
MORRIS,MINI,1959,2550000,60000,1,1530000,1421354
MORRIS,MINI,1961,2650000,1111,1,2252500,1813607
MORRIS,MINI,1962,4875000,19000,1,3826077,3826077
MORRIS,MINI,1972,3600000,50000,1,2729024,2391511
MORRIS,MINI,1975,2350000,94000,1,1421354,1421354
MORRIS,MINI,1978,2150000,280000,1,1472300,1472300
MORRIS,MINOR,1949,1600000,75011,2,1421354,1421354
MORRIS,MINOR,1952,375000,30000,1,506250,779726
MORRIS,MINOR,1953,1350000,100000,1,1421354,1421354
MORRIS,MINOR,1955,795000,100000,1,1113000,1421354
MORRIS,MINOR,1956,1250000,111111,1,1421354,1421354
MORRIS,MINOR,1957,1000000,100000,1,1400000,1421354
MORRIS,MINOR,1958,1700000,144856,3,2380000,2391511
MORRIS,MINOR,1959,350000,98000,1,490000,797502
MORRIS,MINOR,1965,1450000,560000,1,1480903,1480903
MORRIS,MINOR,1969,1045000,100000,2,1421354,1421354
MORRIS,MORRIS,1950,2200000,200000,1,1421354,1421354
MORRIS,OXFORD,1969,815000,129007,2,1141000,1421354
MORRIS,TRAVELLER,1959,950000,169000,1,1330000,1421354
NISSAN,14,1994,2500000,12345,1,1875000,1421354
NISSAN,A33,2001,4350000,12345,1,4701707,4701707
NISSAN,AD,1983,700000,243000,1,980000,1472300
NISSAN,AD,1984,727500,115153,4,821333,1369474
NISSAN,AD,1985,892500,153250,4,1316000,1421354
NISSAN,AD,1987,920000,37000,1,1242000,1421354
NISSAN,AD,1990,1350000,1,1,1421354,1421354
NISSAN,AD,1993,2600000,257000,1,1560000,1480903
NISSAN,AD,1997,2205000,105629,5,2382520,2382520
NISSAN,AD,1998,1841667,135782,3,1773993,1773993
NISSAN,AD,1999,3021667,149078,3,2959396,2959396
NISSAN,AD,2000,2868333,114361,9,3273292,3273292
NISSAN,AD,2001,3257500,195500,2,3359509,3359509
NISSAN,AD,2002,1913333,95868,6,1779470,1741169
NISSAN,AD,2003,3050000,150000,1,3339992,3339992
NISSAN,AD,2005,3712500,212500,2,3541766,3541766
NISSAN,AD,2011,975000,150000,1,1365000,1886114
NISSAN,AD,2022,3390000,156149,1,3621371,3621371
NISSAN,AD11,1985,780000,210000,1,1092000,1472300
NISSAN,AK12,2002,3295000,165000,1,3698706,3698706
NISSAN,AK12,2003,3750000,10000,1,3754219,3754219
NISSAN,AK12,2005,500000,160000,1,700000,1139289
NISSAN,AK12,2006,3700000,160000,1,3782943,3782943
NISSAN,AK12,2007,4350000,130741,1,4760213,4760213
NISSAN,ALMERA,2025,12575000,2813,5,14991769,14991769
NISSAN,ALTO,2023,7650000,45000,1,8005977,8005977
NISSAN,AU720,1983,1950000,300000,1,1480903,1480903
NISSAN,AURA,2023,13390000,18000,1,15025775,15025775
NISSAN,AURA,2024,13803000,11760,5,15025775,15025775
NISSAN,AURA,2025,14117500,8475,4,15352145,15352145
NISSAN,AVENIR,1996,2550000,236000,1,1738340,1738340
NISSAN,AVINIUR,1998,3700000,1234,1,3512147,3512147
NISSAN,AZEO,2015,5900000,100000,1,6436869,6436869
NISSAN,B,1977,760000,51527,2,1064000,1421354
NISSAN,B,1978,725000,225000,1,1015000,1421354
NISSAN,B,1985,1190000,242000,1,1472300,1472300
NISSAN,B,1997,3150000,12345,1,3171526,3171526
NISSAN,B,1998,3150000,12345,1,3171526,3171526
NISSAN,B,1999,2850000,310000,1,2482338,2482338
NISSAN,B11,1980,700000,200000,1,980000,1421354
NISSAN,B11,1983,899545,111277,11,1309000,1421354
NISSAN,B11,1984,917500,55574,12,1306667,1421354
NISSAN,B11,1985,1039375,226656,8,1472300,1472300
NISSAN,B11,1986,912500,252091,2,1277500,1472300
NISSAN,B11,1988,665000,175000,2,931000,1421354
NISSAN,B12,1986,1500000,267001,1,1472300,1472300
NISSAN,B12,1987,1570000,93745,3,1421354,1421354
NISSAN,B12,1988,1470000,5612,2,1421354,1421354
NISSAN,B12,1989,1550000,135400,2,1421354,1421354
NISSAN,B12,1990,1647500,102711,2,1421354,1421354
NISSAN,B13,1991,2100000,157500,2,1421354,1421354
NISSAN,B13,1992,2100000,284000,3,1480903,1480903
NISSAN,B13,1993,1925000,1111,1,1636250,1421354
NISSAN,B14,1994,2690000,215000,1,1614000,1613504
NISSAN,B14,1995,2750000,155000,1,2404268,2404268
NISSAN,B14,1996,2716667,45417,3,2037500,1828454
NISSAN,B14,1997,2350000,264500,2,1823610,1784359
NISSAN,B14,1998,2850000,85000,1,2382520,2382520
NISSAN,B15,2000,4130000,89000,1,4259233,4259233
NISSAN,B15,2001,3908333,246667,3,3972489,3972489
NISSAN,B15,2002,4700000,174000,1,5167668,5167668
NISSAN,B15,2021,1825000,90000,1,2026134,2026134
NISSAN,B210,1976,700000,114000,1,980000,1421354
NISSAN,B210,1979,975000,100000,1,1365000,1421354
NISSAN,B211,1976,900000,111111,1,1260000,1421354
NISSAN,B211,1977,725000,107037,3,1015000,1421354
NISSAN,B211,1978,745000,188183,3,1043000,1421354
NISSAN,B211,1979,700000,200000,1,980000,1421354
NISSAN,B211,1981,766667,74486,3,1073333,1421354
NISSAN,B211,1982,860000,100000,1,1204000,1421354
NISSAN,B211,1983,695000,1111,1,868750,1193023
NISSAN,B310,1977,840000,111,1,1050000,1421354
NISSAN,B310,1978,621667,120370,3,870333,1366593
NISSAN,B310,1979,639000,151888,10,975333,1421354
NISSAN,B310,1980,563750,280867,4,802667,1240108
NISSAN,B310,1981,523333,40816,3,706500,1076983
NISSAN,B310,1982,587500,56000,2,822500,1290893
NISSAN,B310,1983,1085000,168500,1,1421354,1421354
NISSAN,B310,1984,685000,165000,2,959000,1421354
NISSAN,B310,1985,725000,130000,1,1015000,1421354
NISSAN,B310,1988,570000,63650,2,798000,1360763
NISSAN,B310,1997,480000,225000,1,672000,1093717
NISSAN,BIUE,1998,2950000,250000,1,2976690,2976690
NISSAN,BLUEBIRD,1984,1275000,265000,1,1472300,1472300
NISSAN,BLUEBIRD,1989,1240000,95000,1,1421354,1421354
NISSAN,BLUEBIRD,1990,1875000,120000,1,1421354,1421354
NISSAN,BLUEBIRD,1991,1665000,129159,3,1421354,1421354
NISSAN,BLUEBIRD,1992,2350000,255000,1,1480903,1480903
NISSAN,BLUEBIRD,1993,2650000,150000,1,1590000,1421354
NISSAN,BLUEBIRD,1994,2250000,194000,1,1472300,1472300
NISSAN,BLUEBIRD,1995,2150000,200000,1,1728241,1728241
NISSAN,BLUEBIRD,1996,2952000,230952,5,3219179,3219179
NISSAN,BLUEBIRD,1997,2411667,126883,3,2434929,2382520
NISSAN,BLUEBIRD,1998,2632500,158740,4,1773993,1773993
NISSAN,BLUEBIRD,1999,2536000,176219,5,3332782,3406095
NISSAN,BLUEBIRD,2000,2625000,155681,6,1803578,1803578
NISSAN,BLUEBIRD,2001,4243571,188571,7,4810547,4810547
NISSAN,BLUEBIRD,2002,4404167,173498,6,3483135,3483135
NISSAN,BLUEBIRD,2003,4720000,202750,4,4845210,4845210
NISSAN,BLUEBIRD,2006,6375000,171000,1,6182953,6182953
NISSAN,BLUEBIRD,2007,6195000,174500,2,6368577,6368577
NISSAN,BLUEBIRD,2008,4100000,65084,2,5266302,5679759
NISSAN,BLUEBIRD,2010,6575000,215000,2,6564121,6564121
NISSAN,BLUEBIRD,2011,6750000,142000,1,6368577,6368577
NISSAN,BLUEBIRD,2012,8475000,120000,1,7400303,7400303
NISSAN,BOLERO,2009,5075000,11000,1,5423850,5622978
NISSAN,BONGO,1994,3750000,120000,1,3268194,3268194
NISSAN,BONGO,1996,4000000,200000,1,3867698,3867698
NISSAN,BONGO,1998,4990000,246469,1,5314744,5601756
NISSAN,BONGO,1999,5025000,203000,2,5374015,5664228
NISSAN,BONGO,2000,4850000,158514,1,5250674,5443445
NISSAN,BONGO,2003,6000000,224000,1,6559295,6559295
NISSAN,BONGO,2004,5875000,210000,1,6361743,6361743
NISSAN,CALIFORNIA,1983,580000,155000,1,812000,1321575
NISSAN,CALIFORNIA,1984,545000,200000,2,763000,1265065
NISSAN,CALIFORNIA,1985,800000,150000,1,1120000,1421354
NISSAN,CARAVAN,1900,8000000,200000,1,6189152,6189152
NISSAN,CARAVAN,1980,1800000,300000,1,1646261,1646261
NISSAN,CARAVAN,1981,1456250,415622,4,1672134,1672134
NISSAN,CARAVAN,1982,1732284,9000,2,1639195,1639195
NISSAN,CARAVAN,1985,2850000,192500,2,2210972,2210972
NISSAN,CARAVAN,1986,2858333,141594,6,4376574,4472848
NISSAN,CARAVAN,1987,4043750,225045,4,4330037,4330037
NISSAN,CARAVAN,1988,5699000,407673,5,4793327,4547735
NISSAN,CARAVAN,1989,5383333,143333,3,4627410,4390320
NISSAN,CARAVAN,1990,5260000,222375,5,5133871,5530147
NISSAN,CARAVAN,1991,6237500,147366,10,5225419,5225419
NISSAN,CARAVAN,1992,5989062,211486,16,4691426,4451055
NISSAN,CARAVAN,1993,6750000,207942,13,6235273,6235273
NISSAN,CARAVAN,1994,6893704,198934,27,5888637,5888637
NISSAN,CARAVAN,1995,7090000,231553,15,6062618,6062618
NISSAN,CARAVAN,1996,6263426,212451,12,7963193,7963193
NISSAN,CARAVAN,1997,8205682,123325,22,7523254,7523254
NISSAN,CARAVAN,1998,8138750,311105,20,12156667,14881126
NISSAN,CARAVAN,1999,8372059,230095,17,8015606,8015606
NISSAN,CARAVAN,2000,8625000,265474,8,14326667,14881126
NISSAN,CARAVAN,2001,9018750,93015,4,7664674,7664674
NISSAN,CARAVAN,2002,9380000,142602,5,7086240,6941587
NISSAN,CARAVAN,2003,8066667,68603,3,7824394,7664674
NISSAN,CARAVAN,2004,9750000,215000,2,8015606,8015606
NISSAN,CARAVAN,2005,9733333,219485,3,8182639,8015606
NISSAN,CARAVAN,2006,9814286,244443,14,8015606,8015606
NISSAN,CARAVAN,2007,10020455,212909,11,8015606,8015606
NISSAN,CARAVAN,2008,10507500,187845,4,8015606,8015606
NISSAN,CARAVAN,2009,12300000,163000,1,14881126,14881126
NISSAN,CARAVAN,2010,10575000,236500,2,8182639,8015606
NISSAN,CARAVAN,2011,11708000,236400,5,8182639,8015606
NISSAN,CARAVAN,2013,13200000,185000,1,14881126,14881126
NISSAN,CARAVAN,2014,11300000,250000,1,14881126,14881126
NISSAN,CARAVAN,2015,14650000,234000,1,14881126,14881126
NISSAN,CARRY,2023,4950000,8000,1,5314402,5537582
NISSAN,CEDRIC,1988,3000000,210000,1,2730924,2393177
NISSAN,CEDRIC,1994,3300000,176000,1,3121851,3121851
NISSAN,CEDRIC,1995,5275000,145000,1,5359040,5359040
NISSAN,CEDRIC,1997,4650000,140,1,4726937,4726937
NISSAN,CEDRIC,1998,6750000,86000,1,6653619,6653619
NISSAN,CEDRIC,1999,5500000,195000,1,5664228,5664228
NISSAN,CEFIRO,1990,2200000,117000,1,1518141,1518141
NISSAN,CEFIRO,1995,1900000,176000,1,1845925,1845925
NISSAN,CEFIRO,1998,2346667,149333,3,1894793,1894793
NISSAN,CEFIRO,1999,875000,1234,1,1093750,1502007
NISSAN,CEFIRO,2000,3517500,153865,10,3903752,3903752
NISSAN,CEFIRO,2001,3758333,129782,3,3698706,3698706
NISSAN,CEFIRO,2002,3466667,202904,3,3720319,3720319
NISSAN,CEFIRO,2004,5487500,209000,2,6059760,6282235
NISSAN,CEFIRO,2005,7250000,152000,1,6955590,6955590
NISSAN,CEFIRO,2006,6700000,170000,1,6557872,6557872
NISSAN,CEFIRO,2007,6250000,150000,1,6423434,6423434
NISSAN,CEFIRO,2010,11850000,185000,2,14475234,14475234
NISSAN,CHERRY,1981,1300000,131172,2,1421354,1421354
NISSAN,CHERRY,1982,1400000,200000,1,1421354,1421354
NISSAN,CLIPPER,2006,3975000,125000,2,4131658,4131658
NISSAN,CLIPPER,2007,4037500,214325,2,4685514,4685514
NISSAN,CLIPPER,2008,4487500,140800,2,5350595,5547034
NISSAN,CLIPPER,2009,3850000,230000,1,4221400,4221400
NISSAN,CLIPPER,2010,4680000,106500,1,5285750,5479809
NISSAN,CLIPPER,2011,5200000,85000,2,5632962,5632962
NISSAN,CLIPPER,2012,4750000,82400,2,4814303,4814303
NISSAN,CLIPPER,2013,5250000,115368,3,5784636,5784636
NISSAN,CLIPPER,2014,5495000,126869,5,5784636,5784636
NISSAN,CLIPPER,2015,5678636,104090,11,5899437,5899437
NISSAN,CLIPPER,2016,4726364,104169,11,5899437,5899437
NISSAN,CLIPPER,2017,4661667,80446,6,5259333,5784636
NISSAN,CLIPPER,2018,5345000,50062,2,5433480,5661661
NISSAN,CLIPPER,2019,5633333,99667,3,5784636,5784636
NISSAN,CLIPPER,2023,7204231,14878,13,7162309,7162309
NISSAN,CLIPPER,2024,7809524,4450,21,7046906,7046906
NISSAN,CLIPPER,2025,7891250,1351,4,7197375,7197375
NISSAN,CUBE,1999,3300000,159173,1,3635978,3635978
NISSAN,CUBE,2001,4100000,168000,1,4330494,4330494
NISSAN,CUBE,2003,4800000,131000,1,5075382,5075382
NISSAN,CUBE,2006,4290000,198000,1,4483456,4483456
NISSAN,D-21,1988,4675000,700000,1,4041960,4041960
NISSAN,D21,1984,2250000,299999,1,1647381,1647381
NISSAN,D21,1985,2300000,876000,1,1662764,1662764
NISSAN,D21,1986,3175000,5000,2,2381250,1630010
NISSAN,D21,1988,4530000,78901,3,3276317,3108452
NISSAN,D21,1989,5350000,2222,1,4687979,4447785
NISSAN,D21,1990,4112500,72562,2,4358033,4358033
NISSAN,D21,1991,5220000,242070,2,4801551,4801551
NISSAN,D21,1992,5085714,173240,7,4336800,4336800
NISSAN,D21,1993,5766667,242782,3,4722370,4480414
NISSAN,D21,1994,5700000,222222,1,4816090,4569332
NISSAN,D21,1995,2650000,200000,1,1921614,1921614
NISSAN,D21,1996,5937500,235000,2,6742924,6742924
NISSAN,D21,1998,4600000,170000,1,4703907,4703907
NISSAN,D21,1999,4650000,254000,1,4806079,4806079
NISSAN,D22,1997,5500000,239500,2,6883953,7255707
NISSAN,D22,1998,6750000,253333,3,6640320,6640320
NISSAN,D22,1999,6675000,375000,1,6931668,6931668
NISSAN,D22,2001,7000000,300000,1,7255707,7255707
NISSAN,D22,2002,6850000,195000,1,7144502,7144502
NISSAN,D22,2004,8200000,290000,1,8015606,8015606
NISSAN,D22,2005,7950000,165000,1,8015606,8015606
NISSAN,D22,2008,8000000,218500,1,8015606,8015606
NISSAN,D22,2011,8650000,235000,2,8015606,8015606
NISSAN,D22,2012,4700000,175000,2,6580000,8143202
NISSAN,DA17V,2017,5650000,68000,1,5844857,5844857
NISSAN,DASSUN,1980,450000,65000,1,630000,1025360
NISSAN,DASUM,1983,3200000,350000,1,2973585,2973585
NISSAN,DATSUN,1981,1500000,96239,1,1421354,1421354
NISSAN,DATSUN,1982,1833333,105803,3,1421354,1421354
NISSAN,DATSUN,1983,1376667,158596,3,1421354,1421354
NISSAN,DATSUN,1984,2500000,240500,2,1504687,1472300
NISSAN,DATSUN,1985,1675000,264386,1,1472300,1472300
NISSAN,DATSUN,1995,500000,8888,1,675000,1039634
NISSAN,DAYZ,2015,5898333,92628,6,6234185,6234185
NISSAN,DAYZ,2016,5842500,89688,8,6473140,6473140
NISSAN,DAYZ,2017,5202727,87726,11,5462617,5817231
NISSAN,DAYZ,2018,5973000,103689,5,6473140,6473140
NISSAN,DAYZ,2019,6338000,87180,5,6915943,6915943
NISSAN,DAYZ,2022,7600000,20663,1,7741860,7741860
NISSAN,DAYZ,2023,7830641,11503,39,7643013,7643013
NISSAN,DAYZ,2024,7797800,6021,25,7753447,7753447
NISSAN,DAYZ,2025,8304167,3758,6,7703723,7703723
NISSAN,DAZY,2023,7625000,41600,1,8005977,8005977
NISSAN,DBA-SC11,2012,5850000,150268,1,6436869,6436869
NISSAN,DCAB,1981,2200000,214726,1,1421354,1421354
NISSAN,DOCTOR,1982,950000,12580,1,1282500,1421354
NISSAN,DOCTOR,1990,2220000,107985,3,1421354,1421354
NISSAN,DOCTOR,1991,2275000,224242,1,1472300,1472300
NISSAN,DOCTOR,1992,2100000,235728,2,1480903,1480903
NISSAN,DOCTOR,1993,2108750,228750,4,1480903,1480903
NISSAN,DOCTOR,1994,2230000,750,1,1895500,1526167
NISSAN,DOUBLE,1980,1690000,125000,2,1421354,1421354
NISSAN,DOUBLE,1981,1650000,2000,1,1421354,1421354
NISSAN,DOUBLE,1985,1675000,8888,1,1421354,1421354
NISSAN,DUALIS,2007,5983333,182667,3,6603113,6603113
NISSAN,DUALIS,2008,6390000,75400,1,6526318,6526318
NISSAN,E,2017,7900000,98000,1,8143202,8143202
NISSAN,E2,2016,4000000,160000,1,4130146,4130146
NISSAN,E24,1993,7100000,250000,1,5930768,5930768
NISSAN,E25,2001,2175000,69000,1,2021440,2021440
NISSAN,E25,2002,9700000,187485,3,10257056,10414754
NISSAN,E25,2003,8630000,263704,3,8015606,8015606
NISSAN,E25,2004,9812500,250750,4,8015606,8015606
NISSAN,E25,2005,9430000,98323,5,7516845,7363403
NISSAN,E25,2006,9937500,144775,4,7941447,7941447
NISSAN,E25,2007,9294444,138855,9,8106935,7941447
NISSAN,E25,2008,9425000,225000,2,8015606,8015606
NISSAN,E25,2011,9000000,180000,1,8015606,8015606
NISSAN,EA32,1996,3200000,150000,1,3470227,3470227
NISSAN,EMBOSS,1994,4850000,200000,1,4305774,4305774
NISSAN,ENV200,2014,9600000,155000,1,8056443,8056443
NISSAN,EVERY,2024,7590000,7000,1,7753447,7753447
NISSAN,EX,1998,3400000,162000,2,3635978,3635978
NISSAN,EX,1999,4050000,171500,2,3837547,3837547
NISSAN,EX,2001,4225000,242456,2,4604834,4604834
NISSAN,EX,2002,4625000,161500,2,4522599,4522599
NISSAN,EX,2003,4900000,65000,1,5027833,5027833
NISSAN,EX,2008,4850000,176040,1,5283816,5477803
NISSAN,F,1991,2300000,100000,1,1421354,1421354
NISSAN,FB,1993,1780000,86547,1,1421354,1421354
NISSAN,FB,1999,3100000,22222,1,3171526,3171526
NISSAN,FB12,1986,1550000,190000,1,1421354,1421354
NISSAN,FB12,1987,1682500,297500,2,1480903,1480903
NISSAN,FB12,1988,1612500,69226,2,1421354,1421354
NISSAN,FB12,1989,1800000,180536,1,1472300,1472300
NISSAN,FB13,1983,27750000,277015,1,16650000,9948736
NISSAN,FB13,1990,2307857,183388,7,1472300,1472300
NISSAN,FB13,1991,2227083,138800,12,1421354,1421354
NISSAN,FB13,1992,2003500,149636,10,1441000,1421354
NISSAN,FB13,1993,2034375,103331,8,1421354,1421354
NISSAN,FB13,1994,2300625,180154,8,1472300,1472300
NISSAN,FB13,1995,2450000,250000,1,1738340,1738340
NISSAN,FB13,1996,2700000,189610,1,1893991,1893991
NISSAN,FB13,1997,2000000,12345,1,1712607,1712607
NISSAN,FB14,1984,2700000,290000,1,1622933,1622933
NISSAN,FB14,1989,2800000,206000,1,2048212,2048212
NISSAN,FB14,1994,4293750,252621,12,1750000,1480903
NISSAN,FB14,1995,2605000,169691,13,3318251,3318251
NISSAN,FB14,1996,3081111,173253,27,2526508,2526508
NISSAN,FB14,1997,3140357,184441,28,3285204,3285204
NISSAN,FB14,1998,3302857,201966,14,3425999,3425999
NISSAN,FB14,1999,3304375,197014,8,3354486,3354486
NISSAN,FB14,2000,3575000,145250,1,3462900,3462900
NISSAN,FB14,2003,4075000,126700,2,4330429,4330429
NISSAN,FB15,1998,3725000,140255,5,3635978,3635978
NISSAN,FB15,1999,3838182,188664,33,1958990,1916825
NISSAN,FB15,2000,4104123,173044,57,4522599,4522599
NISSAN,FB15,2001,4305172,162676,29,4622697,4622697
NISSAN,FB15,2002,4567000,161455,20,4622697,4622697
NISSAN,FB15,2003,4796250,149793,28,4330494,4330494
NISSAN,FB15,2004,4496875,152697,8,4409236,4409236
NISSAN,FB15,2005,4600000,211397,4,5167668,5167668
NISSAN,FB15,2006,3909000,163200,5,4706752,4706752
NISSAN,FB15,2007,4590000,179000,1,4812541,4812541
NISSAN,FB15EX,1999,3950000,202100,1,3907326,3907326
NISSAN,G,2023,8600000,5000,1,7703723,7703723
NISSAN,G11,2007,6500000,130000,1,6616602,6616602
NISSAN,GC-SK82VN,2022,6000000,225000,1,6636754,6636754
NISSAN,HB,1997,2550000,120000,1,1712607,1712607
NISSAN,HB11,1983,650000,241527,1,910000,1472300
NISSAN,HB11,1984,1056667,125770,9,1421354,1421354
NISSAN,HB11,1985,1223333,185484,6,1421354,1421354
NISSAN,HB12,1986,2150000,240546,1,1472300,1472300
NISSAN,HB12,1987,1453000,115971,5,1421354,1421354
NISSAN,HB12,1990,1650000,142500,1,1421354,1421354
NISSAN,HB15,2002,3700000,200000,1,3720319,3720319
NISSAN,HB310,1979,790000,111111,1,1106000,1421354
NISSAN,HB310,1980,1043333,12982,3,1408500,1421354
NISSAN,HB310,1982,700000,246123,1,980000,1472300
NISSAN,HB310,1983,940000,95000,1,1316000,1421354
NISSAN,HB310,1984,595000,100000,1,833000,1355754
NISSAN,HB310,1989,745000,100000,1,1043000,1421354
NISSAN,HIGH,2023,8700000,5000,1,7703723,7703723
NISSAN,HIGHWAY,2016,6300000,102224,1,6877191,6877191
NISSAN,HIGHWAY,2024,7850000,3000,1,7743053,7743053
NISSAN,JUKE,2010,7950000,136000,1,8015606,8015606
NISSAN,JUKE,2011,7200000,116000,1,7188578,7188578
NISSAN,JUKE,2012,7250000,144000,2,7292673,7292673
NISSAN,JUKE,2013,6900000,158000,1,7292673,7292673
NISSAN,JUKE,2020,13368750,43750,4,14743448,14743448
NISSAN,K-12,2004,3900000,188000,1,3972489,3972489
NISSAN,K10,1986,1215000,202500,2,1472300,1472300
NISSAN,K10,1987,1250000,100000,1,1421354,1421354
NISSAN,K10,1990,1370000,165699,2,1421354,1421354
NISSAN,K12,2002,3490000,142000,1,3698706,3698706
NISSAN,K13,2010,5800000,157000,1,6167830,6167830
NISSAN,KICKSXSTYLE,2024,14400000,8000,1,14715159,14715159
NISSAN,LAFESTA,2013,8800000,125000,1,8056443,8056443
NISSAN,LARGO,1987,2125000,143000,2,1421354,1421354
NISSAN,LARGO,1988,1425000,182500,2,1421354,1421354
NISSAN,LARGO,1989,2141667,173104,3,1421354,1421354
NISSAN,LARGO,1991,1765000,259190,5,1513479,1480903
NISSAN,LARGO,1992,1850000,150563,1,1421354,1421354
NISSAN,LARGO,1994,3462500,71884,2,2077500,1977338
NISSAN,LARGO,1995,2650000,200000,1,1728241,1728241
NISSAN,LARGO,1997,4700000,200000,1,4731636,4731636
NISSAN,LAUREL,1989,1300000,123,1,1421354,1421354
NISSAN,LEAF,2008,6950000,109000,1,6977026,6977026
NISSAN,LEAF,2012,5327273,98619,11,5500138,5731117
NISSAN,LEAF,2013,6107000,106137,25,5125442,4918873
NISSAN,LEAF,2014,6460294,107807,17,6600021,6877191
NISSAN,LEAF,2015,6090000,69517,5,6058073,6058073
NISSAN,LEAF,2016,5650000,100000,1,5899437,5899437
NISSAN,LEAF,2018,12050000,339000,2,14797742,14797742
NISSAN,LEAF,2022,13500000,26000,1,14483158,14483158
NISSAN,LEAF,2024,16995000,15000,1,14660837,14660837
NISSAN,LH,1983,1090000,1111,1,1362500,1421354
NISSAN,LH13,1988,600000,1234,1,750000,1029948
NISSAN,LION,2002,6087500,183534,2,6145200,6145200
NISSAN,LION,2007,7250000,156000,1,7352056,7352056
NISSAN,LION,2014,7350000,165000,1,7448390,7448390
NISSAN,LION,2015,8000000,150000,1,8056443,8056443
NISSAN,LITEACE,1990,3140000,220,1,2669000,2306630
NISSAN,LUCINO,1995,2595000,274015,1,1738340,1738340
NISSAN,MAGNITE,2025,8912586,2519,29,7703723,7703723
NISSAN,MARCH,1986,1130000,165458,4,1518141,1518141
NISSAN,MARCH,1987,1376667,68334,3,1518141,1518141
NISSAN,MARCH,1989,1317500,163364,4,1518141,1518141
NISSAN,MARCH,1990,1287500,18065,4,1518141,1518141
NISSAN,MARCH,1991,1335000,123,2,1518141,1518141
NISSAN,MARCH,1992,2222500,167451,2,1572556,1572556
NISSAN,MARCH,1993,2164000,143460,5,1518141,1518141
NISSAN,MARCH,1994,2237500,182000,2,1572556,1572556
NISSAN,MARCH,1995,6214714,169153,7,2022963,2022963
NISSAN,MARCH,1996,2742500,122529,6,1821251,1782051
NISSAN,MARCH,1997,2718000,131537,10,1829227,1829227
NISSAN,MARCH,1998,2918750,112817,8,1869466,1829227
NISSAN,MARCH,1999,3075385,168966,13,3638033,3638033
NISSAN,MARCH,2000,3400290,166913,31,3213632,3213632
NISSAN,MARCH,2001,3243281,142822,32,3698706,3698706
NISSAN,MARCH,2002,3447967,162453,30,2454200,3698706
NISSAN,MARCH,2003,3599286,144532,21,4332942,4332942
NISSAN,MARCH,2004,3521333,143947,15,3213632,3213632
NISSAN,MARCH,2005,2200000,143689,2,2001908,1958819
NISSAN,MARCH,2006,2332500,44117,2,1932637,1891038
NISSAN,MARCH,2007,4123333,129830,15,4058680,4058680
NISSAN,MARCH,2008,4769545,126650,11,5253605,5446483
NISSAN,MARCH,2009,4675000,114500,2,5337509,5533467
NISSAN,MARCH,2010,4790833,120667,6,5253605,5446483
NISSAN,MARCH,2011,4298333,117333,3,4785024,4785024
NISSAN,MARCH,2021,3400000,165000,1,3867968,3867968
NISSAN,MOCO,2015,5606667,145733,3,5784636,5784636
NISSAN,MODEL,1992,2400000,150000,1,1440000,1421354
NISSAN,MURANO,2004,4980000,116000,2,6972000,7670041
NISSAN,N16,1999,1350000,270000,1,1890000,1916825
NISSAN,N16,2000,3862237,179463,38,5204905,5204905
NISSAN,N16,2001,4188708,176590,24,3933999,3933999
NISSAN,N16,2002,4080000,186372,17,3933999,3933999
NISSAN,N16,2003,4300000,169686,14,4409236,4409236
NISSAN,N16,2004,4066500,194200,10,3886985,3972489
NISSAN,N16,2005,4433333,131667,3,4622697,4622697
NISSAN,N16,2006,4616667,178667,3,4706752,4706752
NISSAN,N16,2007,4698000,182018,5,5431492,5630900
NISSAN,N16,2008,4990000,187000,2,5321890,5517275
NISSAN,N16,2012,5375000,148000,1,5659588,5659588
NISSAN,N16,2023,5000000,180000,1,5321890,5545384
NISSAN,N17,2003,4358333,190320,3,4780427,4780427
NISSAN,N17,2004,4440556,224644,9,4577370,4577370
NISSAN,N17,2005,4790000,192520,1,5364723,5561680
NISSAN,N17,2007,4850000,94055,2,5250674,5443445
NISSAN,N17,2008,5038333,173075,3,5403380,5601756
NISSAN,N17,2010,6200000,150000,1,6559295,6559295
NISSAN,N17,2011,5525000,164000,2,5717122,5717122
NISSAN,N17,2012,5350000,90000,1,5624090,5624090
NISSAN,N17FG,2003,4985000,148000,1,5288510,5482669
NISSAN,NAVARA,2002,685000,147500,1,959000,1560826
NISSAN,NAVARA,2005,5800000,163000,1,6110767,6110767
NISSAN,NAVARA,2006,6958333,165519,3,7369111,7369111
NISSAN,NAVARA,2007,6180217,147490,23,7148299,7148299
NISSAN,NAVARA,2008,5170001,164400,5,6505622,6892828
NISSAN,NAVARA,2010,6062500,179676,4,6404242,6404242
NISSAN,NAVARA,2012,4600000,114117,2,6440000,7961117
NISSAN,NAVARA,2013,2285000,120000,1,2085021,2085021
NISSAN,NAVARA,2018,16850000,152000,1,14797742,14797742
NISSAN,NISSAN,1980,460000,60000,1,644000,1048146
NISSAN,NISSAN,1981,385000,250000,1,539000,877252
NISSAN,NISSAN,1985,1362500,3395,2,1518141,1518141
NISSAN,NISSAN,1986,1743333,82163,3,2440667,2463700
NISSAN,NISSAN,1988,3400000,7000,1,2914856,2554361
NISSAN,NISSAN,1992,2225000,123,1,1891250,1522745
NISSAN,NISSAN,1994,6350000,3000,1,5397500,4880398
NISSAN,NISSAN,1995,3800000,305656,1,3784790,3784790
NISSAN,NISSAN,1997,6550000,166000,1,6356857,6356857
NISSAN,NISSAN,1999,3750000,350000,1,3847343,3847343
NISSAN,NISSAN,2000,4600000,156000,2,5078250,5078250
NISSAN,NISSAN,2010,7845000,92506,2,7584898,7584898
NISSAN,NISSAN,2011,4450000,850000,1,4785024,4785024
NISSAN,NISSAN,2015,9900000,180000,1,7836698,7836698
NISSAN,NOTE,2007,4400000,156000,1,4920941,4920941
NISSAN,NOTE,2012,5100000,150000,1,5582781,5817231
NISSAN,NOTE,2016,7500000,105000,1,7448390,7448390
NISSAN,NOTE,2017,8450000,106500,2,8056443,8056443
NISSAN,NOTE,2024,12575000,3330,2,14531806,14531806
NISSAN,NT100,2023,4890000,8600,1,5314402,5537582
NISSAN,NT30,2005,7250000,189650,1,7352056,7352056
NISSAN,NV,2008,4050000,161896,2,4685514,4685514
NISSAN,NV,2012,4100000,136953,1,4685514,4685514
NISSAN,NV,2013,8250000,190119,2,11550000,14797742
NISSAN,NV,2014,5087500,136690,2,5439476,5667908
NISSAN,NV,2015,10600000,236000,1,8180576,8011300
NISSAN,NV,2016,9255000,134667,3,6501494,6401225
NISSAN,NV,2018,5950000,85650,1,6436869,6436869
NISSAN,NV,2023,7847500,302850,2,8097573,8097573
NISSAN,NV100,2017,7300000,61970,2,7379479,7379479
NISSAN,NV100,2018,5017500,95000,2,3010500,2096770
NISSAN,NV100,2025,7350000,35,1,7237931,7237931
NISSAN,NV200,2009,8180000,183360,3,8015606,8015606
NISSAN,NV200,2011,8950000,120000,2,8015606,8015606
NISSAN,NV200,2012,8918750,57934,4,7561583,7561583
NISSAN,NV200,2013,9800000,119416,2,8182639,8056443
NISSAN,NV200,2014,9900000,131667,3,8056443,8056443
NISSAN,NV200,2015,10200000,75000,1,7721197,7721197
NISSAN,NV200,2016,10750000,112500,2,14881126,14881126
NISSAN,NV200,2018,12950000,44000,2,14564769,14564769
NISSAN,NV350,2013,14800000,127000,1,15352145,15352145
NISSAN,NV350,2016,16200000,198250,1,15352145,15352145
NISSAN,NV350,2017,15500000,145150,1,15352145,15352145
NISSAN,NV350KDH,2016,14250000,350000,1,15352145,15352145
NISSAN,NX,1991,2975000,169000,1,2371120,2077872
NISSAN,ORAGINAL,1993,3150000,200000,1,2726508,2389307
NISSAN,OTTI,2008,4500000,283000,1,4886231,4886231
NISSAN,PATROL,1982,2995000,1,1,2734525,2396332
NISSAN,PATROL,1984,8550000,123,1,7267500,6324066
NISSAN,PATROL,1985,8500000,164000,1,6207382,6207382
NISSAN,PATROL,1995,14000000,200000,1,14906396,14906396
NISSAN,PATROL,2000,15500000,2,1,14991769,14991769
NISSAN,PATROL,2003,11500000,145000,1,15025775,15025775
NISSAN,PATROL,2007,21500000,1,1,18275000,14991769
NISSAN,PATROL,2008,22500000,235000,1,15352145,15352145
NISSAN,PATROL,2013,28500000,75002,2,17100000,15025775
NISSAN,PEAESA,1999,3850000,200000,1,3907326,3907326
NISSAN,PRESEA,1991,3200000,224000,1,2767834,2425522
NISSAN,PRESEA,1992,2310000,168500,2,1472300,1472300
NISSAN,PRESEA,1995,3033333,137767,3,2379183,2379183
NISSAN,PRESEA,1996,2875000,12345,1,2321074,2321074
NISSAN,PRESEA,1997,2825000,194800,5,3285204,3285204
NISSAN,PRESEA,2000,3900000,198000,1,3697963,3697963
NISSAN,PRESEA,2002,3650000,1111,1,3343073,3343073
NISSAN,PRESIDENT,1994,9800000,52000,1,6189152,6189152
NISSAN,PRIMASTAR,2007,6510000,157600,2,6892828,6892828
NISSAN,PRIMASTAR,2013,4533333,87333,3,6026582,6417807
NISSAN,PRIMERA,1995,3200000,261720,1,3490505,3490505
NISSAN,PRIMERA,1998,3250000,12345,1,3512147,3512147
NISSAN,PRIMERA,1999,4150000,168000,1,4261866,4261866
NISSAN,PRIMERA,2001,3797500,163720,4,3903752,3903752
NISSAN,PRIMERA,2002,2425000,100004,2,3395000,3570720
NISSAN,PRIMERA,2003,3950000,150000,1,3903752,3903752
NISSAN,PRIMERA,2004,3400000,126000,1,3698706,3698706
NISSAN,PULSAR,1984,720000,220000,1,1008000,1572556
NISSAN,PULSAR,1986,500000,120000,1,700000,1139289
NISSAN,PULSAR,1989,1700000,107500,2,1518141,1518141
NISSAN,PULSAR,1990,1850000,50000,1,1518141,1518141
NISSAN,PULSAR,1991,2200000,135000,1,1518141,1518141
NISSAN,PULSAR,1992,2150000,189765,1,1572556,1572556
NISSAN,PULSAR,1993,1890000,26000,1,1518141,1518141
NISSAN,PULSAR,1996,2800000,220000,1,2582993,2582993
NISSAN,PULSAR,1997,3045000,211707,7,3582910,3582910
NISSAN,PULSAR,1998,3306250,91134,4,3512147,3512147
NISSAN,PULSAR,1999,3168333,147225,6,3638033,3638033
NISSAN,PULSAR,2000,3516667,146835,9,3698706,3698706
NISSAN,PULSAR,2002,3450000,175434,1,3720319,3720319
NISSAN,PULSAR,2004,3550000,257000,1,3720319,3720319
NISSAN,QASHQAI,2018,13200000,55833,6,15210110,15210110
NISSAN,QASHQAI,2019,14800000,56000,1,15352145,15352145
NISSAN,QD,1996,9250000,235860,1,7951922,7951922
NISSAN,QD32,2004,9200000,340000,1,8015606,8015606
NISSAN,QG18,2001,3750000,350,1,3754219,3754219
NISSAN,RASHEEN,1995,3950000,200000,1,3738575,3738575
NISSAN,RIO,2023,8350000,6500,1,7703723,7703723
NISSAN,ROOX,2023,8454318,19752,22,7721197,7721197
NISSAN,ROOX,2024,8570833,6309,12,7703723,7703723
NISSAN,ROOX,2025,9175000,1044,6,7703723,7703723
NISSAN,RZ1,1987,1700000,144000,1,1421354,1421354
NISSAN,SAKURA,2023,7850000,9800,1,7786684,7786684
NISSAN,SAKURA,2024,7995000,5000,2,7703723,7703723
NISSAN,SALOON,1983,1650000,200000,1,1421354,1421354
NISSAN,SALOON,2001,4000000,200000,1,3697963,3697963
NISSAN,SB13,1991,2000000,235000,2,1472300,1472300
NISSAN,SB13,1992,2050000,12345,2,1537500,1421354
NISSAN,SB13,1993,2350000,150000,1,1421354,1421354
NISSAN,SB14,1994,650000,135000,1,910000,1421354
NISSAN,SB14,1996,2750000,123456,1,2321074,2321074
NISSAN,SB14,1997,2575000,125001,2,1712607,1712607
NISSAN,SB14,1998,2942500,109000,2,2434929,2382520
NISSAN,SB14,1999,3325000,174000,2,3285204,3285204
NISSAN,SB15,2001,4290000,181000,1,4535021,4535021
NISSAN,SB15,2003,4800000,130000,1,5250674,5443445
NISSAN,SD22,1983,1250000,55555,1,1421354,1421354
NISSAN,SD23,1984,1325000,1111,1,1421354,1421354
NISSAN,SD23,1985,2975000,1234,1,2528750,2077872
NISSAN,SERENA,1993,2825000,226428,3,1695000,1472300
NISSAN,SERENA,1994,2887500,249136,2,2417287,2164927
NISSAN,SERENA,1995,3075000,214122,2,2471515,2418318
NISSAN,SERENA,1996,3105000,188264,7,2404268,2404268
NISSAN,SERENA,1997,3265000,139611,5,2856993,2503654
NISSAN,SERENA,1998,3166667,164872,6,3406095,3406095
NISSAN,SERENA,1999,2490000,850000,1,1784359,1784359
NISSAN,SERENA,2004,3600000,185000,1,3483135,3483135
NISSAN,SERENA,2009,5937500,210000,2,5937340,5937340
NISSAN,SERENA,2018,16000000,37000,1,12664950,12664950
NISSAN,SK82,2007,6275000,175000,1,6842331,6842331
NISSAN,SUNNY,1975,715000,11111,1,965250,1421354
NISSAN,SUNNY,1976,1150000,123,1,1421354,1421354
NISSAN,SUNNY,1977,920714,26857,7,1129500,1421354
NISSAN,SUNNY,1978,920000,134500,2,1288000,1421354
NISSAN,SUNNY,1980,595000,102748,7,730333,1087091
NISSAN,SUNNY,1981,1095000,1234,1,1368750,1421354
NISSAN,SUNNY,1983,675000,52537,3,945000,1421354
NISSAN,SUNNY,1984,2811429,223000,7,7063000,9745651
NISSAN,SUNNY,1985,1025000,132884,3,1421354,1421354
NISSAN,SUNNY,1986,1439167,130023,6,1421354,1421354
NISSAN,SUNNY,1987,1243333,110637,3,1421354,1421354
NISSAN,SUNNY,1989,1275000,174129,2,1421354,1421354
NISSAN,SUNNY,1990,2067500,224100,2,1472300,1472300
NISSAN,SUNNY,1991,5773000,146421,5,5010000,2032302
NISSAN,SUNNY,1992,2159286,117402,7,1421354,1421354
NISSAN,SUNNY,1993,2300000,132000,1,1421354,1421354
NISSAN,SUNNY,1994,2420000,145422,5,1452620,1421354
NISSAN,SUNNY,1995,2438000,159300,5,1728241,1728241
NISSAN,SUNNY,1996,2963000,189722,5,3246829,3318251
NISSAN,SUNNY,1997,3166667,189855,9,2959396,2959396
NISSAN,SUNNY,1998,3010000,179250,4,2895698,2593393
NISSAN,SUNNY,1999,3810714,142950,7,3594920,3594920
NISSAN,SUNNY,2000,3960384,193193,13,3483135,3483135
NISSAN,SUNNY,2001,3727750,147171,8,3966667,4056701
NISSAN,SUNNY,2002,3633333,151153,9,4330429,4330429
NISSAN,SUNNY,2003,4490000,186235,10,3697963,3697963
NISSAN,SUNNY,2004,4439000,149800,5,4056701,4056701
NISSAN,SUNNY,2005,4575000,194050,1,4381484,4381484
NISSAN,SUNNY,2006,5100000,170000,1,4944995,4944995
NISSAN,SUNNY,2007,5061667,231667,3,4954111,4954111
NISSAN,SUNNY,2008,4925000,232000,2,5056139,5335723
NISSAN,SUNNY,2011,5947500,97558,2,5957535,5957535
NISSAN,SUNNY,2012,5350000,200000,1,5362907,5362907
NISSAN,SUPER,1996,2650000,125000,1,1781044,1781044
NISSAN,SUPER,1997,11900000,1,1,13656070,13656070
NISSAN,SUPER,1998,4325000,98000,1,4189366,4189366
NISSAN,SUPER,1999,3475000,230000,1,3680335,3680335
NISSAN,SUPER,2001,4300000,130000,1,4330494,4330494
NISSAN,SUPER,2003,2330000,190000,2,3262000,4409236
NISSAN,SUPER,2008,5700000,127320,1,5742651,5742651
NISSAN,SUPER,2011,5370000,158000,2,5820798,6034499
NISSAN,SYLPHY,2005,4350000,390000,1,4920941,4920941
NISSAN,SYLPHY,2007,6575000,175000,1,6931668,6931668
NISSAN,SYLPHY,2009,6137500,95068,2,6653886,6653886
NISSAN,SYLPHY,2013,9450000,100000,1,7981906,7981906
NISSAN,SYLPHY,2014,8931667,145667,3,8056443,8056443
NISSAN,TD,1991,7500000,300000,1,6089531,6089531
NISSAN,TD,1993,7500000,300000,1,6089531,6089531
NISSAN,TEANA,2004,5690000,161470,1,5871698,5871698
NISSAN,TEANA,2008,10500000,150000,1,8306007,8092904
NISSAN,TEANA,2009,11500000,198000,1,15024633,15024633
NISSAN,TEANA,2013,9800000,125000,1,8134135,8134135
NISSAN,TERRANO,2005,7950000,246000,1,8015606,8015606
NISSAN,TIIDA,2004,1890000,19,1,1996774,1996774
NISSAN,TIIDA,2005,5650000,129000,1,5706632,5706632
NISSAN,TIIDA,2007,5373448,191356,29,5514660,5717122
NISSAN,TIIDA,2008,5750000,185381,12,5514660,5717122
NISSAN,TIIDA,2009,5000000,187155,1,5403380,5601756
NISSAN,TIIDA,2010,6116667,176817,3,6847087,6847087
NISSAN,TIIDA,2011,5433333,151000,3,5601756,5601756
NISSAN,TIIDA,2012,675000,114000,1,945000,1538040
NISSAN,TIIDA,2013,8250000,113000,1,8002451,8002451
NISSAN,TRAD,1985,1550000,200000,1,1472300,1472300
NISSAN,TRAD,1986,1463125,130096,8,1421354,1421354
NISSAN,TRAD,1987,1736250,155163,12,1421354,1421354
NISSAN,TRAD,1988,1608750,141583,12,1421354,1421354
NISSAN,TRAD,1989,1908500,192718,10,1472300,1472300
NISSAN,TRAD,1990,1675000,75048,5,1421354,1421354
NISSAN,UG,1985,1750000,12345,1,1421354,1421354
NISSAN,URVAN,2016,15000000,237500,1,15352145,15352145
NISSAN,VANETTE,1982,1593333,258333,3,1571668,1571668
NISSAN,VANETTE,1983,1185000,169455,3,1517283,1517283
NISSAN,VANETTE,1984,1250000,111400,3,1531671,1531671
NISSAN,VANETTE,1985,1441667,282115,3,1590841,1590841
NISSAN,VANETTE,1986,1750000,105000,2,1531671,1531671
NISSAN,VANETTE,1987,2387857,87029,7,1531671,1531671
NISSAN,VANETTE,1988,2598571,219678,7,1571668,1571668
NISSAN,VANETTE,1989,2043750,165954,8,1517283,1517283
NISSAN,VANETTE,1990,2499412,157329,17,2110792,2110792
NISSAN,VANETTE,1991,2808462,158842,13,1615000,1517283
NISSAN,VANETTE,1992,3054643,175317,14,1785000,1571668
NISSAN,VANETTE,1993,2913571,128022,14,1580000,1517283
NISSAN,VANETTE,1994,3005385,141181,13,1550660,1517283
NISSAN,VANETTE,1995,3231250,118269,8,3033333,3419635
NISSAN,VANETTE,1996,3883636,194799,11,3077656,3077656
NISSAN,VANETTE,1997,3874000,147691,10,4448412,4448412
NISSAN,VANETTE,1998,4606667,211650,6,5082899,5082899
NISSAN,VANETTE,1999,4986176,183167,17,4688639,4448412
NISSAN,VANETTE,2000,5615000,205519,10,5692846,5901850
NISSAN,VANETTE,2001,5148750,144966,8,5516117,5516117
NISSAN,VANETTE,2002,5581786,171135,14,5507123,5507123
NISSAN,VANETTE,2003,5362857,281429,7,5901850,5901850
NISSAN,VANETTE,2004,5106250,186000,4,3972489,3972489
NISSAN,VANETTE,2005,5820833,203397,6,6595583,6595583
NISSAN,VANETTE,2006,6781250,163133,16,7709099,7709099
NISSAN,VANETTE,2007,6434130,172001,23,6265800,6265800
NISSAN,VANETTE,2008,6896429,124443,7,6743825,6743825
NISSAN,VANETTE,2010,6200000,174,1,6165790,6165790
NISSAN,VANETTE,2011,7183333,186500,6,6460372,6460372
NISSAN,VANETTE,2012,6711667,123058,3,6297723,6297723
NISSAN,VANETTE,2014,6500000,267000,1,6728525,6728525
NISSAN,VANETTE,2015,9750000,75050,2,7698766,7580032
NISSAN,VB11,1984,825000,200000,1,1155000,1421354
NISSAN,VFY11,2002,3500000,280000,1,3720319,3720319
NISSAN,VOXY,2024,23800000,3500,1,20230000,16288241
NISSAN,VRE24,1994,6350000,200000,1,5458873,5458873
NISSAN,VRG,1970,2300000,3000,1,1955000,1574074
NISSAN,VRG,1981,1650000,150000,1,1421354,1421354
NISSAN,VRG,1985,9350000,708,3,7947500,5082790
NISSAN,VY11,2004,3500000,135000,1,3698706,3698706
NISSAN,WAGON R,1984,1035000,111,1,1293750,1421354
NISSAN,WAGON R,1987,1000000,100000,1,1400000,1421354
NISSAN,WFY11,2000,3300000,298,1,3870536,3870536
NISSAN,WFY11,2005,19950000,160000,1,15210110,15210110
NISSAN,WINGROAD,1985,650000,100000,1,910000,1481076
NISSAN,WINGROAD,1997,2710000,219789,5,1905865,1905865
NISSAN,WINGROAD,1998,2664000,115112,5,2544757,2544757
NISSAN,WINGROAD,1999,3086667,172378,9,1936473,1894793
NISSAN,WINGROAD,2000,3713333,198653,9,3949776,3949776
NISSAN,WINGROAD,2001,3974000,183200,5,4679840,4679840
NISSAN,WINGROAD,2002,3281429,127641,7,3621501,3621501
NISSAN,WINGROAD,2003,4650000,190000,3,4679840,4679840
NISSAN,WINGROAD,2004,4762500,195000,2,5138121,5138121
NISSAN,WINGROAD,2005,5800000,191000,1,5868105,5868105
NISSAN,WINGROAD,2006,5720000,127000,1,5519235,5519235
NISSAN,WINGROAD,2007,5081250,114938,4,5533467,5533467
NISSAN,WINGROAD,2008,5500000,90500,2,5533467,5533467
NISSAN,X-TRAIL,2000,5000000,180000,1,5441481,5641257
NISSAN,X-TRAIL,2001,5700000,190818,11,5757436,5757436
NISSAN,X-TRAIL,2002,5930000,212500,4,5811200,5811200
NISSAN,X-TRAIL,2003,6233333,214000,3,6908772,6908772
NISSAN,X-TRAIL,2004,5650000,213140,4,5811200,5811200
NISSAN,X-TRAIL,2005,5691667,189188,3,5811200,5811200
NISSAN,X-TRAIL,2006,6350000,183248,1,6908772,6908772
NISSAN,X-TRAIL,2007,8412500,144290,2,8018030,8018030
NISSAN,X-TRAIL,2008,6285000,180000,5,4014774,4014774
NISSAN,X-TRAIL,2010,9500000,180000,1,8092904,8092904
NISSAN,X-TRAIL,2011,7116667,201667,3,7677788,8134759
NISSAN,X-TRAIL,2012,10766667,147667,3,14792916,15024633
NISSAN,X-TRAIL,2013,10680000,146900,5,8134135,8134135
NISSAN,X-TRAIL,2014,11033333,128167,3,8261549,8134135
NISSAN,X-TRAIL,2015,10381132,134921,53,8134135,8134135
NISSAN,X-TRAIL,2016,10907759,121280,29,10670496,10670496
NISSAN,X-TRAIL,2017,13333333,99667,3,8306007,8134135
NISSAN,X-TRAIL,2018,10200000,129000,1,8134135,8134135
NISSAN,X-TRAIL,2024,26161667,9267,3,19621250,14095243
NISSAN,Y10,1996,2400000,225000,1,1738340,1738340
NISSAN,Y10,1997,1810000,65824,3,1712607,1712607
NISSAN,Y10,1999,2555000,206667,3,1784359,1784359
NISSAN,Y11,1999,2895000,250000,1,2544484,2544484
NISSAN,Y11,2000,3112500,191500,2,3410430,3410430
NISSAN,Y11,2001,3078333,192967,3,2961194,3026333
NISSAN,Y11,2005,4150000,200000,1,4173619,4173619
NISSAN,Y61,2000,14500000,300000,1,15352145,15352145
NWOW,GONOW,2007,1350000,140000,1,1886114,1886114
OPEL,ASTRA,1994,1037500,80617,2,1421354,1421354
OPEL,ASTRA,1995,800000,10000,1,1080000,1663415
OPEL,ASTRA,1996,1710000,245000,1,1738340,1738340
OPEL,ASTRA,2001,2600000,111111,1,1741169,1741169
OPEL,CORSA,1997,1400000,178000,1,1773993,1773993
OPEL,OPEL,1994,1650000,230000,1,1480903,1480903
OPEL,OPEL,1996,1300000,150000,1,1728241,1728241
OPEL,VECTRA,2001,2150000,25000,1,1741169,1741169
OPEL,WAGON R,1995,1320000,26000,1,1668438,1668438
OTHER,BAW,2025,4575000,1118,2,4780851,4780851
OTHER,CARGIVA,2019,1000000,7189,1,1350000,1810271
OTHER,E7,2025,4850000,558,1,5276382,5497965
OTHER,GRAND,2016,4700000,250000,2,5364723,5590015
OTHER,HAVAL,2025,12900000,6000,1,15025775,15025775
OTHER,KDH,2015,21000000,180000,1,15352145,15352145
OTHER,LENCAR,2023,265000,12037,2,357750,551006
OTHER,MEIYA,2008,4500000,61000,1,4805770,4805770
OTHER,SKODA,2012,12500000,46000,1,14991769,14991769
PERODUA,AMIZHR,2011,4490000,139000,1,4886231,4886231
PERODUA,AXIA,2015,5417059,112861,17,5551499,5784636
PERODUA,AXIA,2016,5599189,100285,37,5784636,5784636
PERODUA,AXIA,2017,5874688,94987,16,6636754,6636754
PERODUA,AXIA,2018,6100000,65000,1,6636754,6636754
PERODUA,AXIA,2019,6598333,55228,6,6877191,6877191
PERODUA,AXIA,2025,8150000,9285,2,7876298,7876298
PERODUA,AXIS,2016,6250000,120000,1,6636754,6636754
PERODUA,BEEZA,2018,7300000,97852,1,7448390,7448390
PERODUA,BEZZA,2017,6530000,128750,8,6636754,6636754
PERODUA,BEZZA,2018,6926500,88369,10,6927945,6927945
PERODUA,BEZZA,2019,7003000,92790,10,6877191,6877191
PERODUA,BEZZA,2020,7350000,47500,2,7348107,7348107
PERODUA,BEZZA,2025,3900000,6000,1,4131658,4131658
PERODUA,GLORY,2022,10200000,24000,1,7795657,7795657
PERODUA,KELISA,2003,3339000,107302,5,3570720,3570720
PERODUA,KELISA,2004,3189000,132192,5,3543551,3621501
PERODUA,KELISA,2005,3455625,146386,8,3782943,3782943
PERODUA,KELISA,2006,3368750,139250,4,3703980,3703980
PERODUA,KELISA,2007,3527222,150144,9,3867968,3867968
PERODUA,KELISA,2008,3650000,173325,2,3867968,3867968
PERODUA,KEMBARA,2000,3850000,192000,1,3972489,3972489
PERODUA,KENARI,2006,3171667,163333,3,3648676,3648676
PERODUA,KENARI,2007,3448000,91679,5,3712431,3712431
PERODUA,KENARI,2008,3379167,155487,6,3730683,3730683
PERODUA,VIVA,2008,3990000,142600,5,3949779,3949779
PERODUA,VIVA,2009,3960000,76119,3,3754105,3754105
PERODUA,VIVA,2010,4215370,113149,27,4815923,4815923
PERODUA,VIVA,2011,4367071,134197,99,4860895,4860895
PERODUA,VIVA,2012,4359054,136013,37,4654421,4654421
PERODUA,VIVA,2013,4509643,130069,14,4886231,4886231
PERODUA,VIVA,2014,4521667,101533,3,5364723,5590015
PEUGEOT,104,1978,300000,250000,1,420000,683573
PEUGEOT,203,1960,4000000,100000,1,3132508,3132508
PEUGEOT,206,2000,5295000,155718,3,3834498,3698706
PEUGEOT,206,2001,4600000,130370,3,6440000,7418168
PEUGEOT,206,2002,2725000,167500,2,2695590,2695590
PEUGEOT,206,2003,5308333,93745,3,3624544,3496186
PEUGEOT,206,2004,3100000,180000,1,3588275,3588275
PEUGEOT,206,2005,3100000,119500,2,3682461,3682461
PEUGEOT,207,2007,4500000,129000,1,4782355,4782355
PEUGEOT,208,2014,6250000,88000,1,6575352,6575352
PEUGEOT,3008,2011,8790000,219000,1,8269317,8269317
PEUGEOT,3008,2012,9500000,170000,1,8311446,8311446
PEUGEOT,3008,2016,12500000,122000,1,15352145,15352145
PEUGEOT,3008,2017,14500000,60000,1,15025775,15025775
PEUGEOT,3008,2018,15095385,72494,13,15352145,15352145
PEUGEOT,3008,2019,16436667,66927,15,15352145,15352145
PEUGEOT,3008,2020,16937500,79250,4,15352145,15352145
PEUGEOT,304,1973,800000,1200,1,1000000,1373264
PEUGEOT,305,1986,470000,200000,1,658000,1070932
PEUGEOT,305,1987,1050000,145000,1,1421354,1421354
PEUGEOT,305GL,1987,1107500,108000,2,1421354,1421354
PEUGEOT,306,2001,1950000,100000,1,1741169,1741169
PEUGEOT,306,2002,1000000,123,1,1250000,1716580
PEUGEOT,307,2001,3175000,175000,1,3642663,3642663
PEUGEOT,307,2003,3650000,175000,1,3720319,3720319
PEUGEOT,307,2004,3350000,125000,1,3698706,3698706
PEUGEOT,405,1992,1950000,393000,1,1480903,1480903
PEUGEOT,405,1993,1875000,247000,1,1480903,1480903
PEUGEOT,405,1994,1700000,235000,1,1480903,1480903
PEUGEOT,406,1996,975000,1234,1,1218750,1668438
PEUGEOT,406,1998,2350000,198000,1,1784359,1784359
PEUGEOT,406,1999,2791667,166667,3,1773993,1773993
PEUGEOT,406,2000,3179545,207682,11,1854023,1814117
PEUGEOT,406,2001,3290625,163954,8,3462900,3462900
PEUGEOT,406,2002,3115000,213819,5,2523737,2523737
PEUGEOT,406,2003,1275000,661,2,1593750,1741169
PEUGEOT,406,2004,950000,127000,1,1330000,1803578
PEUGEOT,407,2006,5909286,197188,7,5717122,5717122
PEUGEOT,407,2007,5724000,161091,5,5561680,5561680
PEUGEOT,407,2008,5350000,185000,2,5514660,5717122
PEUGEOT,408,2023,28500000,7767,3,21375000,14991769
PEUGEOT,5008,2017,15600000,59000,1,15025775,15025775
PEUGEOT,5008,2018,11252500,95200,6,15352145,15352145
PEUGEOT,5008,2019,17422667,68533,15,15352145,15352145
PEUGEOT,5008,2020,17100000,141000,2,15352145,15352145
PEUGEOT,5008GT,2019,19500000,32000,1,14625000,14402497
PEUGEOT,504,1972,445000,82000,2,623000,1094016
PEUGEOT,504,1976,821667,45637,3,1109250,1421354
PEUGEOT,504,1980,901000,61733,2,1261400,1421354
PEUGEOT,505,1988,4850000,64000,1,4326855,4326855
PEUGEOT,508,2011,9750000,100000,2,7797880,7756142
PEUGEOT,508,2012,10600000,154750,4,8261549,8134135
PEUGEOT,508,2013,9800000,120000,1,8134135,8134135
PEUGEOT,508,2016,14950000,107000,1,15024633,15024633
PEUGEOT,909,1978,400000,223,1,500000,686632
PEUGEOT,P,2018,19000000,92500,1,15352145,15352145
PEUGEOT,PEUGEOT,1968,1650000,200000,1,1421354,1421354
PEUGEOT,PEUGEOT,2000,975000,150000,1,1365000,1803578
PORSCHE,CAYENNE,2011,18425000,82589,4,15025775,15025775
PORSCHE,CAYENNE,2013,20000000,112990,1,15352145,15352145
PORSCHE,CAYENNE,2015,29650000,87500,2,17790000,15352145
PROTON,GEN,2005,2400000,40000,1,1800000,1770478
PROTON,GEN2,2006,3200000,135000,2,3682461,3682461
PROTON,HATCHBACK,2004,3300000,185000,1,3720319,3720319
PROTON,SAGA,1988,950000,15000,1,1282500,1630010
PROTON,SAGA,2011,3765000,87650,1,4115814,4115814
PROTON,SAGA,2023,7990000,5800,1,7660557,7660557
PROTON,SAGA,2024,7990000,5800,1,7660557,7660557
PROTON,SAVVY,2008,2450000,112000,1,1875157,1875157
PROTON,WAJA,2000,2150000,195456,1,1814117,1814117
PROTON,WAJA,2001,2250000,235000,1,1814117,1814117
PROTON,WAJA,2005,2750000,185000,1,2566218,2566218
PROTON,WAJA,2006,2875000,190000,2,3011039,3077274
PROTON,WIRA,1994,1250000,172500,2,1472300,1472300
PROTON,WIRA,2000,2950000,138000,1,3008751,3008751
PROTON,WIRA,2001,2310000,155218,5,1803578,1803578
PROTON,WIRA,2003,2150000,75005,2,1741169,1741169
PROTON,WIRA,2004,2197500,99750,2,1741169,1741169
RANGE-ROVER,EVOQUE,2012,9625000,124500,2,5775000,2402382
RANGE-ROVER,EVOQUE,2013,16946429,124749,14,15352145,15352145
RANGE-ROVER,EVOQUE,2017,25000000,42000,1,18750000,14402497
RANGE-ROVER,RAMGE,2013,16950000,112000,1,15352145,15352145
RANGE-ROVER,SPORT,2006,24000000,114000,1,15025775,15025775
RANGE-ROVER,SPORT,2011,25500000,127500,1,15352145,15352145
RANGE-ROVER,SPORT,2018,29000000,85000,1,17400000,15352145
RENAULT,KWID,2016,3583333,90525,57,3867968,3867968
RENAULT,KWID,2017,3303571,101000,7,4066742,4066742
RENAULT,KWID,2018,3523333,97891,6,3867968,3867968
RENAULT,KWID,2019,4550000,71000,1,4785024,4785024
RENAULT,KWID,2020,5176250,57451,4,5400436,5627229
RENAULT,LAGUNA,1997,2600000,108600,1,1712607,1712607
RENAULT,RENAULT,2016,3500000,93000,1,3867968,3867968
SKODA,ESTELLE,1978,775000,54275,1,1085000,1421354
SKODA,FABIA,2020,7950000,30000,1,7721197,7721197
SKODA,FAVORIT,1990,790000,50000,1,1106000,1421354
SKODA,KAROQ,2018,7500000,107000,1,7448390,7448390
SSANGYONG,KYRON,2008,5650000,180000,1,5869534,5869534
SSANGYONG,KYRON,2009,5650000,162000,1,5869534,5869534
SSANGYONG,MUSSO,1998,2985000,35255,1,2856993,2503654
SSANGYONG,REXTON,2008,7280000,168000,1,7542764,7542764
SSANGYONG,REXTON,2014,11000000,106000,1,15352145,15352145
SSANGYONG,REXTON,2016,11500000,140000,1,15352145,15352145
SSANGYONG,TIVOLI,2015,7247500,27500,2,7753447,7753447
SSANGYONG,TIVOLI,2016,7170625,59821,8,7052087,7052087
SUBARU,DAIHUTSU,2023,5950000,33400,1,6436869,6436869
SUBARU,FORESTER,2008,10650000,197000,2,10903095,10903095
SUBARU,IMPREZA,1995,3975000,121000,1,3609210,3609210
SUBARU,IMPREZA,2000,3990000,165000,1,3901547,3901547
SUBARU,IMPREZA,2015,9900000,134000,1,7881764,7881764
SUBARU,J10,1992,1300000,68639,1,1421354,1421354
SUBARU,JAPAN,2012,2890000,81290,1,2673961,2673961
SUBARU,LEGACY,2000,5100000,135000,1,5464097,5664703
SUBARU,LEGACY,2001,9950000,41000,1,7664674,7664674
SUBARU,LEONE,1985,950000,123456,1,1330000,1421354
SUBARU,LEONE,1992,495000,100000,1,693000,1127896
SUBARU,R2,2004,3287500,181750,2,3720319,3720319
SUBARU,R2,2006,2750000,190000,1,2740965,2740965
SUBARU,REX,1981,355000,123456,1,497000,808895
SUBARU,REX,2024,12550000,1200,1,14450381,14450381
SUBARU,REZ,2023,11950000,11000,1,14991769,14991769
SUBARU,SAMBAR,1998,1500000,168000,1,1773993,1773993
SUBARU,SAMBAR,1999,2431250,206181,4,1784359,1784359
SUBARU,SAMBAR,2000,1750000,87950,1,1741169,1741169
SUBARU,SAMBAR,2003,375000,98632,1,525000,854467
SUBARU,STELLA,2023,7190000,11000,1,7086614,7086614
SUBARU,STI,2000,5825000,163200,1,6027365,6027365
SUBARU,STI9,2003,12000000,120000,1,15025775,15025775
SUBARU,SUBARU,1983,1250000,352458,1,1480903,1480903
SUBARU,SUBARU,1989,795000,285000,1,1113000,1480903
SUBARU,SUBARU,2001,29500000,10821,1,22125000,15198134
SUBARU,SUBARU,2006,3200000,215000,1,3467837,3467837
SUBARU,TV1SAMBAR,2007,2875000,148600,1,2623896,2623896
SUBARU,V-KV3,1999,2300000,220000,1,1784359,1784359
SUBARU,WRX,1992,5100000,129600,1,4390320,4390320
SUBARU,WRX,2003,11000000,120000,1,14564769,14564769
SUBARU,XV,2013,9808333,148000,3,8056443,8056443
SUBARU,XV,2014,9475000,150255,1,8056443,8056443
SUBARU,XV,2015,9375000,92500,2,8056443,8056443
SUZUKI,A-STAR,2010,4066500,119027,10,4130146,4130146
SUZUKI,A-STAR,2011,3987361,122215,36,4584226,4584226
SUZUKI,A-STAR,2012,4374737,107338,19,4812541,4812541
SUZUKI,A-STAR,2013,4653000,118762,5,4584226,4584226
SUZUKI,AERIO,2003,3831250,186026,4,3741713,3741713
SUZUKI,AH64S,1993,1790000,130,1,1521500,1421354
SUZUKI,ALTO,1985,1275000,262656,1,1572556,1572556
SUZUKI,ALTO,1997,1950000,175000,1,1894793,1894793
SUZUKI,ALTO,1998,2775000,132000,2,2544757,2544757
SUZUKI,ALTO,1999,2568750,196500,4,2088651,2088651
SUZUKI,ALTO,2000,3195000,123,3,3496186,3496186
SUZUKI,ALTO,2001,3100000,168000,1,3567429,3567429
SUZUKI,ALTO,2002,2973333,159250,6,3698706,3698706
SUZUKI,ALTO,2003,3405455,171532,11,1995000,1937649
SUZUKI,ALTO,2004,3610526,152732,19,3720319,3720319
SUZUKI,ALTO,2005,2955833,136208,12,2784985,2725041
SUZUKI,ALTO,2006,2825476,120922,21,2725041,2725041
SUZUKI,ALTO,2007,3054032,123474,31,2847580,2786289
SUZUKI,ALTO,2008,3000000,126093,10,2864220,2802571
SUZUKI,ALTO,2009,3145000,180786,7,2802571,2802571
SUZUKI,ALTO,2010,3098857,127516,35,2945061,3360696
SUZUKI,ALTO,2011,3115385,121635,78,3705713,3787230
SUZUKI,ALTO,2012,3261129,133157,31,3360696,3360696
SUZUKI,ALTO,2013,3401389,130937,18,3867968,3867968
SUZUKI,ALTO,2014,3614889,115052,45,3867968,3867968
SUZUKI,ALTO,2015,3852099,103791,355,3804941,3804941
SUZUKI,ALTO,2016,4272692,100802,65,4106531,4106531
SUZUKI,ALTO,2017,4693152,90486,46,5513677,5513677
SUZUKI,ALTO,2018,4937750,88059,16,5400436,5627229
SUZUKI,ALTO,2019,5072500,74144,2,5474231,5474231
SUZUKI,ALTO,2020,5475000,100000,1,5627229,5627229
SUZUKI,ALTO,2021,5250000,73000,1,5627229,5627229
SUZUKI,ALTO,2023,6665526,8994,19,6411964,6411964
SUZUKI,ALTO,2024,6768276,3396,29,6364990,6364990
SUZUKI,ALTO,2025,7500000,2500,1,6855020,6855020
SUZUKI,BALENO,1996,8343750,149488,4,6155000,2489025
SUZUKI,BALENO,1997,1275000,109094,2,1785000,1969604
SUZUKI,BALENO,1998,2100000,170000,1,1996851,1996851
SUZUKI,BALENO,1999,2520000,5629,2,2766027,2766027
SUZUKI,BALENO,2016,7524583,97333,12,6966983,6966983
SUZUKI,BALENO,2017,7369000,114940,5,8005977,8005977
SUZUKI,BALENO,2018,7790000,105740,6,8143202,8143202
SUZUKI,BALENO,2019,8242857,69614,7,8056443,8056443
SUZUKI,BALENO,2020,8337500,91000,2,8056443,8056443
SUZUKI,BUDDY,1998,2150000,111,1,1827500,1712607
SUZUKI,BUDDY,2001,3310000,150000,1,3462900,3462900
SUZUKI,CAROL,2023,6590000,9900,1,6732192,6732192
SUZUKI,CARRY,1999,2850000,260000,1,2787179,2787179
SUZUKI,CARRY,2000,2038750,112600,4,2744000,2751749
SUZUKI,CARRY,2001,2288333,129645,3,2005381,2005381
SUZUKI,CARRY,2002,2300000,200000,1,2036898,2036898
SUZUKI,CARRY,2003,2908333,166333,3,2807445,2807445
SUZUKI,CARRY,2008,3000000,120000,1,3401714,3401714
SUZUKI,CARRY,2012,3700000,190000,1,3949779,3949779
SUZUKI,CARRY,2013,3899000,124000,5,3949779,3949779
SUZUKI,CARRY,2014,4650000,74875,2,4782355,4782355
SUZUKI,CARRY,2015,4500000,80000,1,4841025,4841025
SUZUKI,CARRY,2016,4366667,66570,3,4088501,4088501
SUZUKI,CARRY,2017,3110000,77500,2,2116746,2071185
SUZUKI,CARRY,2018,1950000,160000,1,2071185,2071185
SUZUKI,CARRY,2019,7700000,320000,1,7908288,7908288
SUZUKI,CARRY,2020,1000000,110000,1,1400000,2071185
SUZUKI,CARRY,2021,4750000,13800,1,5276382,5497965
SUZUKI,CARRY,2022,6029000,12500,5,5537582,5537582
SUZUKI,CARRY,2023,5134000,5028,10,5276382,5497965
SUZUKI,CARRY,2024,5385833,3628,6,5531491,5763788
SUZUKI,CARRY,2025,6595000,343,5,6047336,6047336
SUZUKI,CARY,2023,5150000,7600,1,5423850,5651626
SUZUKI,CELERIO,2014,4891364,116075,33,5403380,5630296
SUZUKI,CELERIO,2015,4996895,103680,95,5514660,5746249
SUZUKI,CELERIO,2016,5085568,104497,44,5514660,5746249
SUZUKI,CELERIO,2017,5247500,89082,14,5746249,5746249
SUZUKI,CELERIO,2018,5908333,80238,12,6394155,6394155
SUZUKI,CELERIO,2019,5790000,78000,1,6158116,6158116
SUZUKI,CIAZ,2016,6500000,136000,1,6877191,6877191
SUZUKI,CLIPPER,2023,7825000,5000,1,7786684,7786684
SUZUKI,CULTUS,1996,2400000,146728,2,1728241,1728241
SUZUKI,CULTUS,1997,2425000,152350,2,1773993,1773993
SUZUKI,CULTUS,2000,2750000,18600,1,2422254,2422254
SUZUKI,CUSTOM,2023,3275000,34000,1,3867968,3867968
SUZUKI,DA,2025,7800000,1063,1,7786684,7786684
SUZUKI,DA17,2015,4743750,119250,4,2445000,2071185
SUZUKI,DA17,2016,5600000,110000,7,5746249,5746249
SUZUKI,DA17,2017,5460000,110875,4,5746249,5746249
SUZUKI,DA17,2018,585000,84000,1,819000,1332968
SUZUKI,DA17V,2016,5775000,98484,1,6199253,6199253
SUZUKI,DA17V,2017,6350000,73500,1,6877191,6877191
SUZUKI,DA52V,2000,3400000,240000,1,3720319,3720319
SUZUKI,DA64,2006,4525000,163930,2,4886231,4886231
SUZUKI,DA64,2007,4400000,160000,1,4860895,4860895
SUZUKI,DA64,2008,2250000,200000,1,2071185,2071185
SUZUKI,DA64,2011,5100000,150000,1,5514660,5717122
SUZUKI,DA64,2012,5400000,143000,1,5746249,5746249
SUZUKI,DA64,2013,5441667,4938,3,5651626,5651626
SUZUKI,DA64,2014,4733333,161733,3,5746249,5746249
SUZUKI,DA64,2015,5685000,79,1,5763788,5763788
SUZUKI,DA64V,2012,6250000,75550,1,6375219,6375219
SUZUKI,DA64V,2013,5316667,113767,3,5746249,5746249
SUZUKI,DA64V,2014,5650000,106000,1,5860289,5860289
SUZUKI,DAA-MH555,2017,6300000,45000,1,6650312,6650312
SUZUKI,DAA-MH55S,2017,6000000,115374,1,6636754,6636754
SUZUKI,DAA-MH55S,2018,6750000,43258,1,6699392,6699392
SUZUKI,DAA-MN71S-XBEE,2019,8200000,52361,1,7981906,7981906
SUZUKI,DB52,2001,3275000,145000,1,3698706,3698706
SUZUKI,EBD,2017,6750000,95000,1,6927945,6927945
SUZUKI,ERTIGA,2013,6485000,52400,1,6559567,6559567
SUZUKI,ERTIGA,2014,5495000,86200,2,6310347,6575352
SUZUKI,ERTIGA,2018,7087500,167000,2,6927945,6927945
SUZUKI,ESCUDO,1996,3975000,200000,1,3867698,3867698
SUZUKI,ESCUDO,1997,4675000,188114,2,4703907,4703907
SUZUKI,ESCUDO,2000,4295000,175000,1,4480060,4480060
SUZUKI,ESCUDO,2004,4990000,179480,1,5403380,5601756
SUZUKI,ESCUDO,2007,8000000,149000,1,7961888,7961888
SUZUKI,ESTEEM,1999,1920000,113250,2,1712607,1712607
SUZUKI,ESTEEM,2005,2317500,89750,2,1770478,1770478
SUZUKI,ESTEEM,2006,2650000,17000,1,1987500,1770478
SUZUKI,ESTILO,2008,3181667,148262,3,3787230,3787230
SUZUKI,ESTILO,2010,3572333,122781,15,3867968,3867968
SUZUKI,ESTILO,2011,3795000,111842,13,4106531,4106531
SUZUKI,ESTILO,2012,3987500,121500,2,4106531,4106531
SUZUKI,EVERY,1998,2475000,100000,1,1977140,1977140
SUZUKI,EVERY,1999,3146154,163182,13,3786686,3786686
SUZUKI,EVERY,2000,3073182,176364,11,3713196,3713196
SUZUKI,EVERY,2001,3489062,133081,16,3849837,3849837
SUZUKI,EVERY,2002,3722500,148544,4,3849837,3849837
SUZUKI,EVERY,2003,2896667,138182,9,3542000,3713196
SUZUKI,EVERY,2004,3712500,129500,4,4063261,4063261
SUZUKI,EVERY,2005,2713333,91713,3,3779183,3779183
SUZUKI,EVERY,2006,2988500,129244,5,2097915,2052760
SUZUKI,EVERY,2007,4751250,141888,16,2355000,2065731
SUZUKI,EVERY,2008,4494500,149452,10,2235000,2085021
SUZUKI,EVERY,2009,5018750,109911,4,5285750,5479809
SUZUKI,EVERY,2010,5350000,140000,2,5755314,5755314
SUZUKI,EVERY,2011,5263077,114489,13,5500138,5702067
SUZUKI,EVERY,2012,4941500,173605,10,5551499,5784636
SUZUKI,EVERY,2013,5500476,102219,21,5784636,5784636
SUZUKI,EVERY,2014,5512368,84340,38,5731117,5731117
SUZUKI,EVERY,2015,5816935,100603,31,6877191,6877191
SUZUKI,EVERY,2016,6019189,92426,37,5784636,5784636
SUZUKI,EVERY,2017,5749796,87289,49,5899437,5899437
SUZUKI,EVERY,2018,5969655,102121,29,2787000,2085021
SUZUKI,EVERY,2019,6105000,64005,11,6636754,6636754
SUZUKI,EVERY,2020,6202500,59297,10,5899437,5899437
SUZUKI,EVERY,2021,5375000,84000,1,5784636,5784636
SUZUKI,EVERY,2022,6047182,87093,11,6927945,6927945
SUZUKI,EVERY,2023,7221512,15033,43,6650312,6650312
SUZUKI,EVERY,2024,7665000,5483,65,7046906,7046906
SUZUKI,EVERY,2025,7842000,654,40,7660557,7660557
SUZUKI,FLAIR,2024,8500000,10000,1,7721197,7721197
SUZUKI,FREEZER,2017,5850000,172000,1,6436869,6436869
SUZUKI,FRONX,2025,8077500,1766,4,7899849,7778014
SUZUKI,FULL,2025,2500000,220,1,2125000,1810271
SUZUKI,FX,2017,5900000,85000,1,6436869,6436869
SUZUKI,GRAND,1994,2700000,160000,1,1794040,1794040
SUZUKI,GRAND,1998,4500000,230000,1,4838185,4838185
SUZUKI,GRAND,2000,4000000,123456,1,3922661,3922661
SUZUKI,GRAND,2003,6700000,221500,2,7215051,7215051
SUZUKI,GRAND,2005,6056667,182767,3,6842331,6842331
SUZUKI,GRAND,2006,7033333,194000,3,6892828,6892828
SUZUKI,GRAND,2007,6912500,171000,2,7104469,7104469
SUZUKI,GRAND,2008,7490000,187000,1,7369111,7369111
SUZUKI,GRAND,2011,8000000,213000,1,7970692,7970692
SUZUKI,GRAND,2012,8775000,152500,2,8011300,8011300
SUZUKI,GRAND,2013,9045000,94227,5,7937181,7937181
SUZUKI,GRAND,2019,10900000,98000,1,10509358,10509358
SUZUKI,GYPSY,1990,1675000,194000,2,1472300,1472300
SUZUKI,GYPSY,1996,2250000,12585,1,1687500,1668438
SUZUKI,GYPSY,1999,1250000,241000,1,1750000,1784359
SUZUKI,HATCHBACK,2011,4000000,74000,1,4056388,4056388
SUZUKI,HUSTLER,2015,5873824,101163,17,6199253,6199253
SUZUKI,HUSTLER,2016,6026875,102138,8,7251810,7251810
SUZUKI,HUSTLER,2017,5442857,91036,14,6436869,6436869
SUZUKI,HUSTLER,2018,6090000,104260,3,6636754,6636754
SUZUKI,HUSTLER,2019,5950000,94135,1,6436869,6436869
SUZUKI,HUSTLER,2023,7911250,13212,8,7438701,7438701
SUZUKI,HUSTLER,2024,8414286,5549,7,7660557,7660557
SUZUKI,HUSTLER,2025,8087500,497,2,7660557,7660557
SUZUKI,HUSTLERJ,2017,6775000,58000,1,6905094,6905094
SUZUKI,HUSTLERTOUGH,2024,8550000,10500,1,7721197,7721197
SUZUKI,IGNIS,2016,6130000,85990,1,6636754,6636754
SUZUKI,JIMNY,1986,1475000,87524,1,1639195,1639195
SUZUKI,JIMNY,2015,6775000,47000,1,6849251,6849251
SUZUKI,JIMNY,2017,6800000,30500,1,6978001,6978001
SUZUKI,JIMNY,2019,7450000,18000,1,7237931,7237931
SUZUKI,JIMNY,2023,10250000,10000,2,10000416,9946889
SUZUKI,JIMNY,2025,9650000,5800,1,7721197,7721197
SUZUKI,K10,2015,4500000,82500,1,4841025,4841025
SUZUKI,KEI,2007,4650000,100000,1,4782355,4782355
SUZUKI,KEI,2008,4275000,145000,1,4654421,4654421
SUZUKI,LAPIN,2004,4450000,146500,2,4678800,4678800
SUZUKI,LIANA,2002,3400000,178352,1,3720319,3720319
SUZUKI,LIANA,2003,3345000,210500,2,3720319,3720319
SUZUKI,LIANA,2004,3513333,180333,3,4384026,4384026
SUZUKI,LIANA,2005,3700000,112011,3,3760966,3760966
SUZUKI,LIANA,2006,4018333,166667,3,4016262,4016262
SUZUKI,LIANA,2007,4350000,185000,1,4760213,4760213
SUZUKI,M13,2004,1850000,130000,1,1803578,1803578
SUZUKI,MARUTI,1981,650000,350000,1,910000,1480903
SUZUKI,MARUTI,1987,1072500,178500,2,1421354,1421354
SUZUKI,MARUTI,1990,1280000,125000,1,1421354,1421354
SUZUKI,MARUTI,1994,1250000,10000,1,1421354,1421354
SUZUKI,MARUTI,1995,1330000,50000,1,1668438,1668438
SUZUKI,MARUTI,1996,1282500,158362,4,1728241,1728241
SUZUKI,MARUTI,1997,1412500,72385,2,1712607,1712607
SUZUKI,MARUTI,1998,1415833,119358,6,1712607,1712607
SUZUKI,MARUTI,1999,4563000,89000,5,1712607,1712607
SUZUKI,MARUTI,2000,1391667,104370,3,1741169,1741169
SUZUKI,MARUTI,2001,1680000,100000,1,1741169,1741169
SUZUKI,MARUTI,2002,1695000,95000,1,1741169,1741169
SUZUKI,MARUTI,2003,1986364,83429,11,1741169,1741169
SUZUKI,MARUTI,2004,1819750,111783,20,1803578,1803578
SUZUKI,MARUTI,2005,1987109,138496,46,1833937,1833937
SUZUKI,MARUTI,2006,2113846,98830,91,1833937,1833937
SUZUKI,MARUTI,2007,2138241,107764,54,1875157,1875157
SUZUKI,MARUTI,2008,2483056,48843,18,1810271,1810271
SUZUKI,MARUTI,2009,2244583,153297,12,1886114,1886114
SUZUKI,MARUTI,2010,2386944,88145,36,1875157,1875157
SUZUKI,MARUTI,2011,2397411,101828,56,1875157,1875157
SUZUKI,MARUTI,2012,2444286,78111,28,1875157,1875157
SUZUKI,MARUTI,2013,2447500,77250,4,1875157,1875157
SUZUKI,MARUTI,2014,2690000,49000,2,2017500,1983889
SUZUKI,MARUTI,2021,2475000,88122,1,1886114,1886114
SUZUKI,MH,2017,6450000,160000,1,6877191,6877191
SUZUKI,MH,2018,6550000,103000,1,6877191,6877191
SUZUKI,MH44S,2014,5700000,106000,1,5899437,5899437
SUZUKI,OMNI,2000,1825000,200000,1,1814117,1814117
SUZUKI,OMNI,2004,1675000,78000,1,1741169,1741169
SUZUKI,OMNI,2005,2190000,86500,2,1770478,1770478
SUZUKI,OMNI,2006,2200000,75500,1,1770478,1770478
SUZUKI,OMNI,2009,2400000,75000,1,1810271,1810271
SUZUKI,OMNI,2010,2050000,100000,1,1875157,1875157
SUZUKI,OMNI,2011,1950000,100000,1,1875157,1875157
SUZUKI,OMNI,2016,3050000,123762,2,3492838,3492838
SUZUKI,PC,2017,6575000,690000,1,6927945,6927945
SUZUKI,RITZ,2012,4150000,86000,1,4502359,4502359
SUZUKI,S,2017,9683333,67091,3,7981906,7981906
SUZUKI,S,2018,8590000,84333,6,8056443,8056443
SUZUKI,S,2019,5412500,84520,2,6212255,6473140
SUZUKI,S-CROSS,2018,9750000,69000,1,8311446,8311446
SUZUKI,S-CROSS,2019,11500000,54000,1,15210110,15210110
SUZUKI,S-PRESSO,2019,5650000,59000,1,5860289,5860289
SUZUKI,S-PRESSO,2020,5100000,98000,1,5514660,5746249
SUZUKI,SPACIA,2014,6450000,185000,1,6915943,6915943
SUZUKI,SPACIA,2015,4824167,133866,12,5932680,5932680
SUZUKI,SPACIA,2016,6019028,100570,36,6674151,6674151
SUZUKI,SPACIA,2017,6447717,95302,46,6915943,6915943
SUZUKI,SPACIA,2018,7174167,91170,30,7292673,7292673
SUZUKI,SPACIA,2019,7012500,79875,4,7448390,7448390
SUZUKI,SPACIA,2023,8369362,18336,47,7721197,7721197
SUZUKI,SPACIA,2024,9164432,5865,44,7703723,7703723
SUZUKI,SPACIA,2025,9584375,1644,8,7820000,7703723
SUZUKI,STEAM,2005,2485000,108377,1,1833937,1833937
SUZUKI,SUZUKI,2003,4162500,152500,2,4678800,4678800
SUZUKI,SUZUKI,2007,3275000,120000,1,3888664,3888664
SUZUKI,SUZUKI,2010,3400000,98000,1,3888664,3888664
SUZUKI,SUZUKI,2012,4450000,12345,1,4805770,4805770
SUZUKI,SUZUKI,2016,5700000,120000,1,5860289,5860289
SUZUKI,SUZUKI,2023,8000000,45000,1,8002451,8002451
SUZUKI,SWIFI,2007,3790000,156000,1,4130146,4130146
SUZUKI,SWIFT,1991,1750000,1,1,1630010,1630010
SUZUKI,SWIFT,1995,2150000,250000,1,1951815,1951815
SUZUKI,SWIFT,1998,2440000,17728,2,1964019,1964019
SUZUKI,SWIFT,2000,5500000,91000,1,5622978,5622978
SUZUKI,SWIFT,2001,3795000,146675,1,4036298,4036298
SUZUKI,SWIFT,2002,3958438,161414,16,4480060,4480060
SUZUKI,SWIFT,2003,4087340,145419,47,4480060,4480060
SUZUKI,SWIFT,2004,4354795,147835,73,4480060,4480060
SUZUKI,SWIFT,2005,4506286,152896,35,4611359,4611359
SUZUKI,SWIFT,2006,3884688,128028,16,4555473,4555473
SUZUKI,SWIFT,2007,4998429,133005,35,4307120,4154591
SUZUKI,SWIFT,2008,4996220,144427,41,5717122,5717122
SUZUKI,SWIFT,2009,5490652,144591,23,5717122,5717122
SUZUKI,SWIFT,2010,5122920,126529,25,5624104,5830584
SUZUKI,SWIFT,2011,4946071,122086,14,6126901,6126901
SUZUKI,SWIFT,2012,5828750,173625,4,6592712,6592712
SUZUKI,SWIFT,2013,5395000,144000,3,4849884,4654421
SUZUKI,SWIFT,2014,6800000,110009,1,7093279,7093279
SUZUKI,SWIFT,2015,1350000,147000,1,1890000,2071185
SUZUKI,SWIFT,2017,8095769,103684,78,8043838,8043838
SUZUKI,SWIFT,2018,8310000,88750,10,8002451,8002451
SUZUKI,SWIFT,2019,8325000,77000,1,8002451,8002451
SUZUKI,SWIFT,2020,9200000,85000,1,8002451,8002451
SUZUKI,SWIFT,2021,12450000,19000,1,14168092,14168092
SUZUKI,SWIFT,2023,12000000,4000,1,14434419,14434419
SUZUKI,SWIFT,2024,11541429,25332,7,14781397,14781397
SUZUKI,SX4,2007,5375000,120262,2,5433480,5632962
SUZUKI,SX4,2008,5550000,123200,3,5632962,5632962
SUZUKI,SX4,2009,5250000,132000,1,5702067,5702067
SUZUKI,SX4,2010,5550000,131500,2,5755314,5755314
SUZUKI,SX4,2011,5025000,200638,2,6369274,6603113
SUZUKI,SX4,2018,9700000,71500,2,8011300,8011300
SUZUKI,VITARA,1989,2650000,93000,1,1639195,1639195
SUZUKI,VITARA,1995,3900000,168000,1,3915474,3915474
SUZUKI,VITARA,1998,2950000,120000,1,3285717,3285717
SUZUKI,VITARA,1999,2975000,165000,1,3331172,3331172
SUZUKI,VITARA,2001,5037500,156500,2,5464097,5664703
SUZUKI,VITARA,2002,5800000,195000,1,6202585,6202585
SUZUKI,VITARA,2007,6890000,135000,1,7188578,7188578
SUZUKI,VITARA,2013,8700000,113000,1,8056443,8056443
SUZUKI,VITARA,2016,8900000,150000,1,8056443,8056443
SUZUKI,VITARA,2019,10463000,83990,10,8182639,8056443
SUZUKI,VITZ,2017,7500000,88000,1,7448390,7448390
SUZUKI,VXI,2011,4250000,69800,1,4346565,4346565
SUZUKI,WAGON R,1986,3000000,170000,1,2693660,2360522
SUZUKI,WAGON R,2003,2300000,56584,4,2010113,2010113
SUZUKI,WAGON R,2005,2916667,121065,3,2097915,2052760
SUZUKI,WAGON R,2006,3704167,121258,6,3914641,3914641
SUZUKI,WAGON R,2007,3537857,144093,7,3939377,3939377
SUZUKI,WAGON R,2008,3497500,99908,8,3914641,3914641
SUZUKI,WAGON R,2010,3925000,137105,2,3976164,3976164
SUZUKI,WAGON R,2011,3800000,52060,3,3759494,3759494
SUZUKI,WAGON R,2012,4275000,110500,3,4221400,4221400
SUZUKI,WAGON R,2013,4250000,192000,1,4685514,4685514
SUZUKI,WAGON R,2014,5585031,124880,127,5646764,5646764
SUZUKI,WAGON R,2015,5802171,131691,76,6877191,6877191
SUZUKI,WAGON R,2016,5502676,97391,71,5899437,5899437
SUZUKI,WAGON R,2017,6389535,108411,215,6574631,6574631
SUZUKI,WAGON R,2018,6695751,94579,231,7229232,7229232
SUZUKI,WAGON R,2019,6521111,105483,9,7406654,7406654
SUZUKI,WAGON R,2020,5000000,66401,1,5439476,5667908
SUZUKI,WAGON R,2022,8787500,12500,2,7660557,7660557
SUZUKI,WAGON R,2023,7737500,9471,78,7046906,7046906
SUZUKI,WAGON R,2024,7665682,6282,176,6970295,6970295
SUZUKI,WAGON R,2025,8528914,4943,70,7677933,7677933
SUZUKI,XBEE,2017,9000000,65000,1,8058880,8058880
SUZUKI,XBEE,2018,8270000,71477,5,8134135,8134135
SUZUKI,XBEE,2023,9996667,23500,3,8134135,8134135
SUZUKI,XBEE,2024,10680000,4342,6,9120500,7778014
SUZUKI,ZC11S,2006,5200000,85100,1,5323775,5519229
SUZUKI,ZEN,1996,1550000,178500,1,1728241,1728241
SUZUKI,ZEN,1997,1880000,98000,1,1712607,1712607
SUZUKI,ZEN,1998,1530000,80000,1,1712607,1712607
SUZUKI,ZEN,2000,1890000,100000,1,1741169,1741169
SUZUKI,ZEN,2003,2175000,162538,2,1814117,1814117
SUZUKI,ZEN,2004,2332000,124200,5,1803578,1803578
SUZUKI,ZEN,2005,2137000,133291,5,1833937,1833937
SUZUKI,ZEN,2006,2363750,135426,8,1833937,1833937
SUZUKI,ZEN,2008,3460000,169000,2,3621371,3621371
SUZUKI,ZEN,2010,3802929,122856,7,3844724,3844724
SUZUKI,ZEN,2011,3890000,102914,7,3799925,3799925
SUZUKI,ZX,2023,8950000,4200,1,7703723,7703723
TATA,207,1996,1700000,160000,1,1728241,1728241
TATA,207,2004,1466667,116000,3,1803578,1803578
TATA,207,2005,1425000,265000,1,1844654,1844654
TATA,207,2006,1616667,124977,9,1833937,1833937
TATA,207,2007,1462500,200000,2,1886114,1886114
TATA,207,2010,2450000,174000,1,1886114,1886114
TATA,207,2011,2179000,121366,5,1886114,1886114
TATA,207,2012,2199643,100380,14,1886114,1886114
TATA,207,2013,1700000,78000,1,1875157,1875157
TATA,207,2015,2709286,101557,7,1886114,1886114
TATA,207,2016,3000000,75500,2,1927604,1886114
TATA,207,2017,3100000,32129,2,3352387,3352387
TATA,207,2025,1450000,165853,1,1886114,1886114
TATA,BOLT,2015,3983333,140000,3,4130146,4130146
TATA,DICOR,2012,2650000,120000,1,1886114,1886114
TATA,GLX,2015,2690000,120000,1,2067006,2067006
TATA,INDICA,2004,1606250,75575,4,1741169,1741169
TATA,INDICA,2005,1867778,124778,9,1833937,1833937
TATA,INDICA,2006,2059167,169410,6,1844654,1844654
TATA,INDICA,2007,2020714,100851,7,1875157,1875157
TATA,INDICA,2008,2150000,30,1,1827500,1810271
TATA,INDICA,2010,2800000,93000,1,2608653,2608653
TATA,INDICA,2014,2654167,99017,6,1886114,1886114
TATA,INDICA,2015,2891667,99830,9,2623896,2623896
TATA,INDIGO,2004,2391500,212970,5,1814117,1814117
TATA,INDIGO,2006,2033333,136667,3,1833937,1833937
TATA,INDIGO,2007,1250000,40332,2,1687501,1810271
TATA,INDIGO,2008,2250000,13456,1,1810271,1810271
TATA,INDIGO,2014,2550000,140000,1,1886114,1886114
TATA,INDIGO,2015,2858333,82892,6,3492838,3492838
TATA,INDIGO,2016,3600000,70000,1,3621371,3621371
TATA,MARUTI,1985,975000,100000,1,1365000,1421354
TATA,NANO,2011,1401923,149723,13,1886114,1886114
TATA,NANO,2012,1447812,117525,16,1886114,1886114
TATA,NANO,2014,1815000,149500,2,1886114,1886114
TATA,NANO,2015,2009333,124122,15,1886114,1886114
TATA,NANO,2016,2353500,122686,20,1886114,1886114
TATA,NANO,2017,2418125,64810,8,1886114,1886114
TATA,NANO,2018,2500000,111437,2,1886114,1886114
TATA,NEXON,2018,7500000,102300,1,7448390,7448390
TATA,RX,2015,2375000,95000,1,1886114,1886114
TATA,SUMO,2002,3778000,168000,1,3911506,3911506
TATA,SUMO,2003,3164286,142572,7,3903752,3903752
TATA,SUMO,2005,3300000,120328,3,3680014,3760966
TATA,SUMO,2006,4000000,150000,1,4016262,4016262
TATA,TELCOLINE,2004,2700000,200000,1,2123484,2123484
TATA,TELCOLINE,2011,4000000,198000,1,4106531,4106531
TATA,TIAGO,2023,7900000,35000,1,8143202,8143202
TATA,WINGER,2010,2675000,98000,1,2194933,2194933
TATA,WINGER,2011,4000000,100000,1,4058680,4058680
TATA,XENON,2011,3512502,39531,4,4607752,4607752
TATA,XENON,2012,2150000,98000,1,2014549,2014549
TATA,XENON,2014,2934167,134500,6,3288360,3360696
TATA,XENON,2015,3225625,76375,8,3867968,3867968
TATA,XENON,2016,3396111,81069,9,3784714,3867968
TATA,XENON,2017,3550000,120000,1,3867968,3867968
TATA,XENON,2018,2458333,153833,6,3867968,3867968
TATA,XENON,2019,3637500,140500,2,3867968,3867968
TATA,YODHA,2017,3550000,40000,1,3712431,3712431
TATA,YODHA,2018,3600000,78000,1,3867968,3867968
TATA,YODHA,2019,3812500,48206,2,4106531,4106531
TESLA,MODEL,2023,25000000,15000,2,18750000,15025775
TESLA,MODEL,2024,28500000,14000,1,21375000,15210110
TOYOTA,102,1990,1500000,1111,1,1421354,1421354
TOYOTA,103,1996,7990000,214000,1,7878352,7878352
TOYOTA,103,1998,9400000,11,1,7990000,7664674
TOYOTA,106,1994,6500000,111111,1,5485599,5485599
TOYOTA,106,2001,2750000,110,1,2777842,2777842
TOYOTA,107,1996,3100000,12345,1,3089731,3089731
TOYOTA,110,1995,3725000,252539,4,3564918,3564918
TOYOTA,110,1996,3591111,179649,9,3079395,3079395
TOYOTA,110,1997,3617917,122439,12,3387491,3387491
TOYOTA,110,1998,3681250,227000,4,3659292,3659292
TOYOTA,110,1999,3400000,203000,1,3659292,3659292
TOYOTA,110,2000,4375000,98000,2,4465261,4465261
TOYOTA,110,2008,4341667,233000,3,4558015,4558015
TOYOTA,113,1991,7590000,123456,1,6221161,6221161
TOYOTA,113,1995,7890000,260000,1,8037555,8037555
TOYOTA,121,2005,6200000,24,1,6416538,6416538
TOYOTA,141,2008,6975000,133000,2,7148299,7148299
TOYOTA,150,2011,28000000,83000,1,16800000,15025775
TOYOTA,162,1999,10590000,198000,1,8408543,8192810
TOYOTA,182,2000,13275000,325485,1,15352145,15352145
TOYOTA,240,2006,5975000,150818,1,6542022,6542022
TOYOTA,260,2018,16250000,130000,1,15352145,15352145
TOYOTA,940,1994,1150000,123456,1,1421354,1421354
TOYOTA,A15,2004,7800000,152680,1,8026967,8026967
TOYOTA,AA60,1983,1300000,12345,1,1421354,1421354
TOYOTA,ACQUA,2012,7250000,123000,1,7389512,7389512
TOYOTA,AE,1993,2750000,240000,1,2060181,2060181
TOYOTA,AE100,1991,2720000,118512,2,1977338,1977338
TOYOTA,AE100,1994,20900000,160000,1,12540000,9948736
TOYOTA,AE101,1992,2450000,210000,1,1472300,1472300
TOYOTA,AE110,1996,5125000,192946,2,3940469,3738575
TOYOTA,AE110,1997,4025000,114752,3,3510163,3510163
TOYOTA,AE110,1998,4066667,172423,3,3837547,3837547
TOYOTA,AE110,2000,4775000,196500,2,5167668,5167668
TOYOTA,AE110,2008,4450000,191000,1,4812541,4812541
TOYOTA,AE81,1984,900000,123456,1,1260000,1421354
TOYOTA,AE81,1988,1700000,156000,1,1421354,1421354
TOYOTA,AE91,1988,2100000,150000,1,1421354,1421354
TOYOTA,AE91,1990,3900000,245000,1,2983553,2983553
TOYOTA,AE91,1997,3100000,100000,1,3171526,3171526
TOYOTA,AIXO,2017,1210000,200000,1,1694000,1886114
TOYOTA,ALLION,2002,6591500,181566,10,7188578,7188578
TOYOTA,ALLION,2003,7002222,186330,36,7410635,7410635
TOYOTA,ALLION,2004,7363333,196358,15,8101925,8101925
TOYOTA,ALLION,2005,7082143,146884,7,6867538,6867538
TOYOTA,ALLION,2006,7568500,188064,10,7352056,7352056
TOYOTA,ALLION,2007,8418690,179073,42,8015606,8015606
TOYOTA,ALLION,2008,8339875,171419,40,8015606,8015606
TOYOTA,ALLION,2009,8521000,192596,5,8015606,8015606
TOYOTA,ALLION,2010,9114535,162413,43,8015606,8015606
TOYOTA,ALLION,2011,9527955,151747,22,8015606,8015606
TOYOTA,ALLION,2012,9930312,164094,16,8056443,8056443
TOYOTA,ALLION,2013,10843864,132373,22,8056443,8056443
TOYOTA,ALLION,2014,11575000,145827,8,14881126,14881126
TOYOTA,ALLION,2015,10800000,180000,1,10568577,10568577
TOYOTA,ALLION,2016,13868095,109024,21,14881126,14881126
TOYOTA,ALLION,2017,12281250,99500,8,14881126,14881126
TOYOTA,ALLION,2018,12847000,84130,10,13216000,14881126
TOYOTA,ALPHARD,2008,12208333,154000,3,15352145,15352145
TOYOTA,ALPHARD,2015,26500000,110000,1,15900000,15352145
TOYOTA,AQUA,2012,7115870,152000,115,6966983,6966983
TOYOTA,AQUA,2013,7382535,141581,142,7771371,7771371
TOYOTA,AQUA,2014,7655000,142376,104,7389512,7389512
TOYOTA,AQUA,2015,8416350,112345,100,8056443,8056443
TOYOTA,AQUA,2016,8573438,115375,16,8056443,8056443
TOYOTA,AQUA,2017,9105000,112100,5,8056443,8056443
TOYOTA,AQUA,2018,1040000,48000,1,1404000,2064327
TOYOTA,AQUA,2020,9275000,100000,1,8056443,8056443
TOYOTA,AQUA,2023,12190000,17750,2,14564769,14564769
TOYOTA,AQUA,2025,14200000,2000,1,14531806,14531806
TOYOTA,AT,1989,1395000,123456,1,1421354,1421354
TOYOTA,AT,1991,550000,234567,1,770000,1253218
TOYOTA,AT,1992,2250000,217000,1,1472300,1472300
TOYOTA,AT,1996,2850000,146300,1,2404268,2404268
TOYOTA,AT140,1986,1180000,23658,1,1421354,1421354
TOYOTA,AT150,1985,1032500,38117,2,1393875,1421354
TOYOTA,AT170,1989,1800000,1,1,1530000,1421354
TOYOTA,AT192,1993,2650000,180000,1,1590000,1472300
TOYOTA,AURIS,2007,6125000,122000,2,6385276,6385276
TOYOTA,AURIS,2009,5950000,165000,1,6404242,6404242
TOYOTA,AURIS,2011,6600000,125000,1,6892828,6892828
TOYOTA,AUTOCORSA,1992,2850000,300000,1,2060181,2060181
TOYOTA,AVANZA,2007,6230000,127333,3,6616602,6616602
TOYOTA,AVANZA,2008,6583333,137333,3,6542022,6542022
TOYOTA,AVANZA,2009,6575000,120000,1,6829057,6829057
TOYOTA,AVANZA,2010,6300000,250000,1,6842331,6842331
TOYOTA,AVANZA,2011,6103571,194914,7,2905000,2085021
TOYOTA,AVANZA,2013,8350000,97500,1,7937181,7937181
TOYOTA,AVANZA,2014,8500000,79000,1,7677933,7677933
TOYOTA,AVANZA,2017,10500000,89000,1,8180576,8011300
TOYOTA,AXIO,2006,7312500,185750,6,7255707,7255707
TOYOTA,AXIO,2007,7310562,166420,89,7255707,7255707
TOYOTA,AXIO,2008,7341604,150791,53,7352056,7352056
TOYOTA,AXIO,2009,7425000,167375,8,7410635,7410635
TOYOTA,AXIO,2010,7682500,149526,10,7255707,7255707
TOYOTA,AXIO,2011,7774545,157807,11,8101925,8101925
TOYOTA,AXIO,2012,8350000,135000,2,8056443,8056443
TOYOTA,AXIO,2013,8802639,143259,36,8056443,8056443
TOYOTA,AXIO,2014,9073456,148581,68,8056443,8056443
TOYOTA,AXIO,2015,10143519,143678,81,8056443,8056443
TOYOTA,AXIO,2016,11114700,115167,50,8056443,8056443
TOYOTA,AXIO,2017,11760000,106529,38,14881126,14881126
TOYOTA,AXIO,2018,12840789,100822,19,14881126,14881126
TOYOTA,AXIO,2019,13360000,107319,10,14881126,14881126
TOYOTA,AXIO,2023,14450000,23500,2,14881126,14881126
TOYOTA,AXIO,2024,14500000,37691,4,14881126,14881126
TOYOTA,AXIO,2025,15381667,2777,3,14531806,14531806
TOYOTA,AXOI,2010,7300000,173600,1,7410635,7410635
TOYOTA,B20,1973,1000000,90000,1,1400000,1421354
TOYOTA,BELTA,2005,5390000,200000,1,5755314,5755314
TOYOTA,BELTA,2007,6135119,152775,42,5755314,5755314
TOYOTA,BELTA,2008,6632045,157227,22,6842331,6842331
TOYOTA,BELTA,2009,6431786,150148,14,6167830,6167830
TOYOTA,BELTA,2010,5362750,121822,4,6643338,7038740
TOYOTA,BELTA,2011,6816667,134000,3,7215051,7215051
TOYOTA,BELTA,2012,6690000,138500,1,6927945,6927945
TOYOTA,BELTA,2020,7100000,150000,1,7251810,7251810
TOYOTA,BOX,1986,10300000,148000,1,6324066,6324066
TOYOTA,BOX,1987,10900000,260000,1,8224494,8056606
TOYOTA,BOX,1988,9000000,3,1,7650000,6324066
TOYOTA,BOX,1990,9200000,350000,1,6613617,6613617
TOYOTA,BOX,1991,11500000,478000,1,11693363,11693363
TOYOTA,BOX,2001,12500000,275000,1,15352145,15352145
TOYOTA,CAB,1997,4250000,180000,1,4259458,4259458
TOYOTA,CALDINA,1996,3183333,190239,3,1910000,1845925
TOYOTA,CALDINA,1997,3025000,120002,2,3387491,3387491
TOYOTA,CALDINA,1998,3350000,186000,1,3638033,3638033
TOYOTA,CAMI,1999,4200000,171767,3,4406571,4406571
TOYOTA,CAMI,2000,4596667,147333,3,5250674,5443445
TOYOTA,CAMI,2002,4390000,200000,1,4780427,4780427
TOYOTA,CAMI,2003,5500000,135428,1,5595582,5595582
TOYOTA,CAMRY,1988,550000,11234,1,742500,1143598
TOYOTA,CAMRY,1990,2750000,200000,1,2290221,2290221
TOYOTA,CAMRY,1991,2550000,216000,1,1646261,1646261
TOYOTA,CAMRY,1992,1966250,175002,4,1646261,1646261
TOYOTA,CAMRY,1993,2531667,99115,3,2280391,2280391
TOYOTA,CAMRY,1994,2450000,254,1,2082500,1676731
TOYOTA,CAMRY,2003,5700000,133000,1,5777125,5777125
TOYOTA,CAMRY,2004,5775000,248000,1,6202585,6202585
TOYOTA,CAMRY,2006,7500000,1000,1,7201243,7201243
TOYOTA,CAMRY,2007,8511667,185667,3,8015606,8015606
TOYOTA,CAMRY,2008,8900000,154556,2,8015606,8015606
TOYOTA,CAMRY,2009,8500000,90000,1,7682059,7682059
TOYOTA,CAMRY,2010,8450000,190500,2,8015606,8015606
TOYOTA,CAMRY,2012,11500000,124000,1,14881126,14881126
TOYOTA,CAMRY,2013,12430000,157667,3,14881126,14881126
TOYOTA,CAMRY,2014,12750000,117000,1,14881126,14881126
TOYOTA,CARID,1997,3075000,215969,1,3304401,3304401
TOYOTA,CARINA,1983,1192000,48852,5,1531671,1531671
TOYOTA,CARINA,1984,1103750,12811,4,1531671,1531671
TOYOTA,CARINA,1985,1258000,186064,10,1517283,1517283
TOYOTA,CARINA,1986,1270000,296194,5,1530667,1590841
TOYOTA,CARINA,1987,1070714,111291,7,1531671,1531671
TOYOTA,CARINA,1988,1479000,67236,5,1531671,1531671
TOYOTA,CARINA,1989,1600000,94000,2,1531671,1531671
TOYOTA,CARINA,1990,1791250,185722,4,1571668,1571668
TOYOTA,CARINA,1991,2143333,232196,3,1571668,1571668
TOYOTA,CARINA,1992,2533333,250371,3,2596739,2325645
TOYOTA,CARINA,1993,2518750,145430,4,2110792,2110792
TOYOTA,CARINA,1994,3100000,140000,2,2809812,2462308
TOYOTA,CARINA,1995,2916667,228000,3,3048150,3115201
TOYOTA,CARINA,1996,3837500,168914,10,4134665,4225617
TOYOTA,CARINA,1997,4590263,201579,19,5082899,5082899
TOYOTA,CARINA,1998,4747353,181760,17,4546868,4546868
TOYOTA,CARINA,1999,5228529,161699,17,4884676,4992127
TOYOTA,CARINA,2000,5267273,178996,11,5911051,6128066
TOYOTA,CARINA,2001,5850000,139317,3,5979028,5979028
TOYOTA,CARINA,2002,5400000,198000,1,5507123,5507123
TOYOTA,CARINA,2003,5750000,125000,1,5787481,5787481
TOYOTA,CARINA,2007,4250000,180000,1,4584226,4584226
TOYOTA,CARINA,2008,6550000,131423,1,6694419,6694419
TOYOTA,CARINA212,2008,5145000,185000,1,5514660,5717122
TOYOTA,CE,1990,1985000,190000,1,1472300,1472300
TOYOTA,CE,1991,1995000,170000,1,1472300,1472300
TOYOTA,CE,1992,1680000,120000,1,1421354,1421354
TOYOTA,CE,1997,3066667,193370,3,3406095,3406095
TOYOTA,CE100,1991,2550000,223000,1,1530000,1472300
TOYOTA,CE100,1993,2375000,235000,1,1480903,1480903
TOYOTA,CE106,1996,3350000,160000,1,3318251,3318251
TOYOTA,CE106,1997,2738750,200064,4,1784359,1784359
TOYOTA,CE108,1997,2975000,260750,4,2536943,2482338
TOYOTA,CE110,1996,3288000,294000,5,3490505,3490505
TOYOTA,CE110,1997,3341364,170638,11,3824991,3824991
TOYOTA,CE110,1998,3533333,206674,3,3179387,3179387
TOYOTA,CE110,1999,3825000,210500,4,3659292,3659292
TOYOTA,CE90,1990,1875000,1,1,1593750,1421354
TOYOTA,CE90,1991,2245000,215000,2,1472300,1472300
TOYOTA,CE90,1992,2275000,300000,1,1480903,1480903
TOYOTA,CE96,1989,2620000,285000,1,1572000,1480903
TOYOTA,CE96,1990,2500000,250000,1,1500000,1480903
TOYOTA,CE96,1991,2050000,111111,1,1421354,1421354
TOYOTA,CERES,1996,3575000,196804,2,3544207,3544207
TOYOTA,CHAMP,2015,19000000,180000,1,15352145,15352145
TOYOTA,CHARMANT,1981,1000000,111111,1,1400000,1421354
TOYOTA,CHR,2016,12625000,89000,2,15352145,15352145
TOYOTA,CHR,2017,12628387,103698,31,15352145,15352145
TOYOTA,CHR,2018,13588193,84722,83,15352145,15352145
TOYOTA,CHR,2019,14526562,112667,16,15352145,15352145
TOYOTA,CHR,2020,14676250,70003,8,15352145,15352145
TOYOTA,CHR,2023,17083333,17000,3,15025775,15025775
TOYOTA,CHR,2024,16795000,15000,1,15210110,15210110
TOYOTA,CHRNGX10,2019,15300000,70000,1,15352145,15352145
TOYOTA,CM,1986,2380000,80000,1,1428000,1421354
TOYOTA,CM,1999,3375000,12345,1,3288235,3288235
TOYOTA,CM20,1987,1050000,77722,1,1421354,1421354
TOYOTA,CM36,1991,2895000,123456,1,2026842,2026842
TOYOTA,COMMUTER,2025,29800000,10,1,25330000,20394520
TOYOTA,COROLLA,1970,670000,112594,2,938000,1531671
TOYOTA,COROLLA,1973,741667,279333,3,1038333,1571668
TOYOTA,COROLLA,1974,700000,11111,1,945000,1455488
TOYOTA,COROLLA,1975,875000,175000,1,1225000,1531671
TOYOTA,COROLLA,1976,560000,88284,2,784000,1397368
TOYOTA,COROLLA,1977,662000,58319,5,1024333,1531671
TOYOTA,COROLLA,1978,795000,290000,1,1113000,1571668
TOYOTA,COROLLA,1979,882500,402077,2,1235500,1590841
TOYOTA,COROLLA,1980,748000,72744,5,1078000,1531671
TOYOTA,COROLLA,1982,960000,200000,1,1344000,1517283
TOYOTA,COROLLA,1983,3291667,58448,3,1975000,1531671
TOYOTA,COROLLA,1984,1328000,153847,5,1531671,1531671
TOYOTA,COROLLA,1985,1168667,201362,15,1571668,1571668
TOYOTA,COROLLA,1986,1230000,182878,17,1517283,1517283
TOYOTA,COROLLA,1987,1378636,175254,11,1517283,1517283
TOYOTA,COROLLA,1988,1588750,179154,8,1517283,1517283
TOYOTA,COROLLA,1989,1930556,109401,9,1531671,1531671
TOYOTA,COROLLA,1990,1982333,171366,15,1517283,1517283
TOYOTA,COROLLA,1991,2339167,173868,12,1571668,1571668
TOYOTA,COROLLA,1992,2712727,138568,11,2110792,2110792
TOYOTA,COROLLA,1993,2545714,162584,14,2186450,2186450
TOYOTA,COROLLA,1994,2896250,195230,12,2565442,2297615
TOYOTA,COROLLA,1995,3231250,231035,20,2654993,2597847
TOYOTA,COROLLA,1996,3251875,162152,24,2688661,2630791
TOYOTA,COROLLA,1997,3596714,175264,70,3635978,3635978
TOYOTA,COROLLA,1998,3686944,190425,18,3837547,3837547
TOYOTA,COROLLA,1999,3605294,202602,17,3869467,3869467
TOYOTA,COROLLA,2000,4689464,176414,28,2837832,2678416
TOYOTA,COROLLA,2001,5191923,197586,26,3879084,3741713
TOYOTA,COROLLA,2002,5734643,188625,28,5507123,5507123
TOYOTA,COROLLA,2003,5748000,158898,25,5901850,5901850
TOYOTA,COROLLA,2004,5667722,168073,36,6595583,6595583
TOYOTA,COROLLA,2005,6124444,197062,18,6595583,6595583
TOYOTA,COROLLA,2006,5929737,158897,19,6547264,6547264
TOYOTA,COROLLA,2007,6481667,121640,24,6113412,6113412
TOYOTA,COROLLA,2008,6845417,154083,72,6694419,6694419
TOYOTA,COROLLA,2009,7450000,206000,1,7209812,7209812
TOYOTA,COROLLA,2010,7080000,161491,5,6460372,6460372
TOYOTA,COROLLA,2011,7462500,139988,8,7059082,7059082
TOYOTA,COROLLA,2012,8262500,106284,4,7881764,7881764
TOYOTA,COROLLA,2016,9300000,188416,2,7881764,7881764
TOYOTA,COROLLA,2018,4825000,225000,1,5283816,5505711
TOYOTA,COROLLA,2023,16366667,17658,3,14298484,14298484
TOYOTA,COROLLA,2024,23935000,4114,7,16885250,13963003
TOYOTA,COROLLA,2025,18495000,2990,1,15720750,13963003
TOYOTA,COROLLAG,2023,15850000,3166,1,14991769,14991769
TOYOTA,CORONA,1965,280000,200000,1,392000,638002
TOYOTA,CORONA,1972,1300000,250000,1,1421354,1421354
TOYOTA,CORONA,1977,650000,25000,1,877500,1351525
TOYOTA,CORONA,1983,942500,113989,4,1269333,1421354
TOYOTA,CORONA,1984,1222500,224331,6,1472300,1472300
TOYOTA,CORONA,1985,1199000,146800,5,1421354,1421354
TOYOTA,CORONA,1986,965000,64814,3,1351000,1421354
TOYOTA,CORONA,1987,911000,157132,5,1169000,1421354
TOYOTA,CORONA,1988,1717000,102117,5,1421354,1421354
TOYOTA,CORONA,1989,1585000,141667,3,1421354,1421354
TOYOTA,CORONA,1990,1929167,229558,6,1472300,1472300
TOYOTA,CORONA,1991,1998750,239340,8,1472300,1472300
TOYOTA,CORONA,1992,1859000,142126,5,1421354,1421354
TOYOTA,CORONA,1993,1485000,1111,1,1421354,1421354
TOYOTA,CORONA,1994,2250000,144725,2,1421354,1421354
TOYOTA,CORONA,1995,2965000,171105,6,3426824,3502206
TOYOTA,CORONA,1996,3765000,175891,5,3318251,3318251
TOYOTA,CORONA,1997,3628750,214500,4,3637303,3637303
TOYOTA,CORONA,1998,4237500,283500,2,4309611,4309611
TOYOTA,CORONA,1999,3577500,232838,4,3425999,3425999
TOYOTA,CORONA,2000,3645000,232500,2,4838559,4944995
TOYOTA,CORSA,1988,1200000,190000,1,1472300,1472300
TOYOTA,CORSA,1989,1430000,6790,2,1421354,1421354
TOYOTA,CORSA,1992,2650000,245000,1,1590000,1480903
TOYOTA,CORSA,1993,2625000,200350,1,1575000,1472300
TOYOTA,CORSA,1994,2650000,159000,2,1590000,1472300
TOYOTA,CORSA,1995,2775000,247843,2,2418318,2418318
TOYOTA,CORSA,1996,3141667,149333,3,3200477,3200477
TOYOTA,CORSA,1997,3112500,180971,4,3406095,3406095
TOYOTA,CORSA,1998,3287500,100431,4,3171526,3171526
TOYOTA,CORSA,1999,3500000,251095,1,3425999,3425999
TOYOTA,CORSA,2001,3400000,185000,1,3483135,3483135
TOYOTA,CR2,1993,4650000,150,1,3975401,3975401
TOYOTA,CR26,1980,1400000,200000,1,1421354,1421354
TOYOTA,CR26,1985,2350000,350,1,1997500,1608293
TOYOTA,CR26,1987,2270000,269029,5,1480903,1480903
TOYOTA,CR26,1988,1750000,185000,1,1472300,1472300
TOYOTA,CR26,1989,2250000,1234,1,1912500,1539855
TOYOTA,CR26,1990,2300000,160000,1,1421354,1421354
TOYOTA,CR27,1987,2450000,450000,1,1581745,1581745
TOYOTA,CR27,1989,3061667,213333,3,2291783,2242455
TOYOTA,CR27,1990,3278571,209541,7,2187685,2187685
TOYOTA,CR27,1991,3001667,239083,6,2954346,3019334
TOYOTA,CR27,1992,4250000,276250,4,3644331,3644331
TOYOTA,CR27,1993,4058000,154723,5,3613744,3613744
TOYOTA,CR27,1994,4866667,233334,3,4213475,4213475
TOYOTA,CR27,1995,4750000,200000,1,4955263,4955263
TOYOTA,CR27,1997,4500000,208000,1,4603074,4603074
TOYOTA,CR27,1998,5000000,210000,1,5090253,5090253
TOYOTA,CR36,1991,2660000,235654,1,1596000,1472300
TOYOTA,CR41,1996,6500000,133000,1,6336899,6336899
TOYOTA,CR41,1997,5906667,223287,6,5517280,5815230
TOYOTA,CR41,1998,6655000,131869,5,6879423,6879423
TOYOTA,CR41,1999,6200000,254400,2,6842331,6842331
TOYOTA,CR41,2000,6300000,215000,1,6842331,6842331
TOYOTA,CR41,2002,6425000,225000,2,6842331,6842331
TOYOTA,CR4151,2000,5350000,146000,1,5595582,5595582
TOYOTA,CR42,1996,7350000,178000,1,7109223,7109223
TOYOTA,CR42,1999,6643750,110000,4,7068374,7068374
TOYOTA,CR42,2000,7475000,132500,4,7702617,7702617
TOYOTA,CR42,2001,7648750,228500,4,7255707,7255707
TOYOTA,CR42,2002,8785000,240000,1,8015606,8015606
TOYOTA,CR42,2003,7733333,96708,3,7068374,7068374
TOYOTA,CR50,2008,7490000,220000,1,7410635,7410635
TOYOTA,CR51,1998,5600000,250000,1,5755314,5755314
TOYOTA,CRESSIDA,1989,2075000,205000,2,1472300,1472300
TOYOTA,CRESTA,1998,3500000,123456,1,3512147,3512147
TOYOTA,CROWN,1984,1800000,160,1,1639195,1639195
TOYOTA,CROWN,1986,4650000,234000,1,3978324,3978324
TOYOTA,CROWN,1996,4990000,69000,1,5249754,5533256
TOYOTA,CROWN,2007,12000000,150000,1,14881126,14881126
TOYOTA,CROWN,2013,17500000,175000,1,14881126,14881126
TOYOTA,CROWN,2015,27500000,135000,1,16500000,14881126
TOYOTA,CRUSER,2014,27500000,2,1,23375000,18820446
TOYOTA,CT,1989,1875000,600000,1,1480903,1480903
TOYOTA,CT,1991,2150000,325000,1,1480903,1480903
TOYOTA,CT,1996,3899500,123456,2,3203430,3203430
TOYOTA,CUSTOM,2025,10700000,5,1,10478556,10478556
TOYOTA,CYNOS,1991,2867500,228500,2,2099490,2099490
TOYOTA,CYNOS,1992,2675000,86172,2,1977338,1977338
TOYOTA,CYNOS,1999,5900000,113000,1,5504117,5504117
TOYOTA,DBA,2007,8990000,142000,1,8192810,8192810
TOYOTA,DBA,2012,18500000,80000,1,15025775,15025775
TOYOTA,DOLPHIN,1987,375000,175000,1,525000,854467
TOYOTA,DOLPHIN,1989,6659000,115537,5,4714395,4472848
TOYOTA,DOLPHIN,1990,6093438,153305,16,5225419,5225419
TOYOTA,DOLPHIN,1991,6235556,195772,20,5489633,5489633
TOYOTA,DOLPHIN,1992,6743611,142352,18,4627410,4390320
TOYOTA,DOLPHIN,1993,7501800,196656,25,6235273,6235273
TOYOTA,DOLPHIN,1994,8093621,241068,29,6412644,6412644
TOYOTA,DOLPHIN,1995,8385250,220975,20,7878352,7878352
TOYOTA,DOLPHIN,1996,8858636,166613,11,7621026,7621026
TOYOTA,DOLPHIN,1997,9248529,196939,17,7682059,7682059
TOYOTA,DOLPHIN,1998,9921429,234965,14,8015606,8015606
TOYOTA,DOLPHIN,1999,8634444,241408,9,12576667,14881126
TOYOTA,DOLPHIN,2000,8012500,141604,8,7489810,7764787
TOYOTA,DOLPHIN,2001,12150000,217167,3,14577355,14881126
TOYOTA,DOLPHIN,2003,11237500,173689,10,8106935,7941447
TOYOTA,DOLPHIN,2004,14348182,144646,11,14564769,14564769
TOYOTA,DOLPHIN,2005,13000000,365000,1,14881126,14881126
TOYOTA,DOUBLE,1992,650000,150000,1,910000,1481076
TOYOTA,DOUBLE,2005,9150000,300000,1,8015606,8015606
TOYOTA,DOUBLE,2007,10450000,185000,1,8226672,8015606
TOYOTA,DUET,1998,3162500,157500,2,3562095,3562095
TOYOTA,DUET,1999,3387500,112500,2,3512147,3512147
TOYOTA,DUET,2000,3595000,143700,1,3698706,3698706
TOYOTA,DUET,2001,3491667,159000,3,3698706,3698706
TOYOTA,DUET,2002,2950000,182000,1,3232411,3232411
TOYOTA,DUET,2003,3050000,233800,1,3588275,3588275
TOYOTA,DX,1983,952000,180040,5,1393000,1421354
TOYOTA,DX,1984,1073000,150055,10,1421354,1421354
TOYOTA,DX,1985,1229286,112958,7,1421354,1421354
TOYOTA,DX,1986,2763750,113314,8,1421354,1421354
TOYOTA,DX,1987,1290000,172778,4,1421354,1421354
TOYOTA,DX,1988,1260000,52000,1,1421354,1421354
TOYOTA,DX,1989,1360000,137614,4,1421354,1421354
TOYOTA,DX,1990,1550000,11245,1,1421354,1421354
TOYOTA,DX96,1992,1800000,11111,1,1421354,1421354
TOYOTA,DYNA,1995,4500000,350000,1,4767895,4767895
TOYOTA,E100,1994,2785000,123456,1,1977338,1977338
TOYOTA,ECHO,2000,3850000,153130,1,3901547,3901547
TOYOTA,EE,1992,2100000,210000,1,1472300,1472300
TOYOTA,EE,1993,2975000,301000,1,2470461,2164927
TOYOTA,EE,1998,3350000,135000,1,3288235,3288235
TOYOTA,EE101,1991,2290000,210000,1,1472300,1472300
TOYOTA,EE101,1992,2100000,210000,1,1472300,1472300
TOYOTA,EE102,1999,2775000,165000,1,2467917,2467917
TOYOTA,EE111,1999,3050000,182000,1,3285204,3285204
TOYOTA,EE90,1988,1650000,216277,1,1472300,1472300
TOYOTA,EE90,1989,1700000,242000,1,1472300,1472300
TOYOTA,EE90,1990,2000000,173987,1,1472300,1472300
TOYOTA,EE90,1991,1950000,324000,1,1480903,1480903
TOYOTA,EE96,1989,1795714,161195,7,1421354,1421354
TOYOTA,EE96,1990,1875000,50000,1,1421354,1421354
TOYOTA,EE96,1991,1875000,275000,1,1480903,1480903
TOYOTA,EE96,1993,1845000,123562,1,1421354,1421354
TOYOTA,EE96,1994,1615000,100000,1,1421354,1421354
TOYOTA,EE97,1990,1650000,2,1,1421354,1421354
TOYOTA,EE98,1994,1950000,174800,1,1472300,1472300
TOYOTA,EL4,1991,2100000,250000,1,1480903,1480903
TOYOTA,ELEPHANT,1991,2550000,166228,1,1530000,1421354
TOYOTA,ELEPHANT,1996,2650000,181673,3,2404268,2404268
TOYOTA,ELEPHANT,1997,2450000,200000,1,1784359,1784359
TOYOTA,ELEPHANT,1998,1350000,280000,1,1784359,1784359
TOYOTA,ELEPHANT,2004,3500000,256000,1,3483135,3483135
TOYOTA,EP,1987,2075000,200000,1,1472300,1472300
TOYOTA,EP82,1994,3290000,230000,1,3036977,3036977
TOYOTA,ESQUIRE,2014,17500000,239730,1,15352145,15352145
TOYOTA,ESQUIRE,2015,19316667,75667,3,15210110,15210110
TOYOTA,ESTIMA,1996,4050000,165000,2,3664545,3664545
TOYOTA,ESTIMA,2003,4300000,256714,1,4577370,4577370
TOYOTA,ESTIMA,2007,9800000,115000,1,7630577,7630577
TOYOTA,ESTIMA,2008,9800000,172000,1,7961888,7961888
TOYOTA,ET100,1995,2650000,150000,1,1728241,1728241
TOYOTA,FB14,1996,3150000,212000,1,3219179,3219179
TOYOTA,FIELDER,2017,9300000,196106,1,8056443,8056443
TOYOTA,FORTUNER,2006,13850000,148000,1,15210110,15210110
TOYOTA,FORTUNER,2007,15000000,250000,1,15352145,15352145
TOYOTA,FORTUNER,2011,12600000,162000,2,15352145,15352145
TOYOTA,FORTUNER,2013,18596000,189174,15,15352145,15352145
TOYOTA,FORTUNER,2014,21000000,95500,1,15352145,15352145
TOYOTA,FORTUNER,2015,22500000,130500,2,15352145,15352145
TOYOTA,FORTUNER,2016,19975000,117750,4,15480000,15352145
TOYOTA,GDH,2023,27900000,52000,1,16740000,15352145
TOYOTA,GDH,2025,22850000,7000,1,17137500,15210110
TOYOTA,GDH223,2024,28500000,7000,1,21375000,14991769
TOYOTA,GRAND,1998,8895000,352500,2,8015606,8015606
TOYOTA,GRAND,2008,7487500,95001,2,7016341,7016341
TOYOTA,GRANVIA,2007,7600000,178000,2,7410635,7410635
TOYOTA,GRANVIA,2008,7990000,145000,1,8015606,8015606
TOYOTA,GS,2015,1665000,90000,1,1886114,1886114
TOYOTA,GT,2019,8200000,59000,1,8056443,8056443
TOYOTA,GT86,2015,19250000,43000,1,14715159,14715159
TOYOTA,HARRIER,1999,5767500,173818,4,5811642,5811642
TOYOTA,HARRIER,2001,5995000,165000,1,6587819,6587819
TOYOTA,HARRIER,2004,8300000,120000,1,7925213,7925213
TOYOTA,HARRIER,2006,8500000,245000,1,8269317,8269317
TOYOTA,HARRIER,2007,10600000,133505,2,8363537,8192810
TOYOTA,HARRIER,2008,9275000,116638,4,7925213,7925213
TOYOTA,HARRIER,2009,10400000,129435,3,8192810,8192810
TOYOTA,HARRIER,2014,15858333,157333,6,13891150,15352145
TOYOTA,HARRIER,2015,17556250,113400,8,8700000,3379289
TOYOTA,HARRIER,2016,20500000,144571,7,15352145,15352145
TOYOTA,HARRIER,2017,24542857,112586,7,15400000,15352145
TOYOTA,HARRIER,2018,26500000,78000,1,15900000,15352145
TOYOTA,HARRIER,2020,22900000,76000,1,15352145,15352145
TOYOTA,HARRIOR,2014,17975000,137000,1,15352145,15352145
TOYOTA,HDH,2006,1950000,247000,1,1844654,1844654
TOYOTA,HIACE,1978,1692500,150000,2,1630010,1630010
TOYOTA,HIACE,1979,525000,1111,1,656250,901204
TOYOTA,HIACE,1981,2975000,155000,1,2719203,2382905
TOYOTA,HIACE,1982,1098333,174485,3,1537667,1614699
TOYOTA,HIACE,1983,3085000,159989,5,2267613,2267613
TOYOTA,HIACE,1984,2906250,240339,4,3121851,3121851
TOYOTA,HIACE,1985,1846667,57819,3,1630010,1630010
TOYOTA,HIACE,1986,3700000,282422,5,3141578,3141578
TOYOTA,HIACE,1987,3720000,192497,7,2730924,2393177
TOYOTA,HIACE,1988,3402857,228716,7,3294918,3294918
TOYOTA,HIACE,1989,4600000,104315,11,3043567,3043567
TOYOTA,HIACE,1990,6919286,180775,7,5756232,5756232
TOYOTA,HIACE,1991,6980000,160884,10,5085733,4825160
TOYOTA,HIACE,1992,7775000,256667,3,4665000,4390004
TOYOTA,HIACE,1993,6830000,221667,3,5855642,5855642
TOYOTA,HIACE,1994,7933125,261271,8,6055410,6055410
TOYOTA,HIACE,1995,9205000,407045,6,13150667,14680175
TOYOTA,HIACE,1996,13000000,165000,1,14368090,14368090
TOYOTA,HIACE,1997,11675000,277786,2,14797742,14797742
TOYOTA,HIACE,1998,10212500,253838,4,14797742,14797742
TOYOTA,HIACE,1999,12650000,218000,4,14797742,14797742
TOYOTA,HIACE,2000,13450000,195000,1,14660837,14660837
TOYOTA,HIACE,2001,13925000,194500,2,14660837,14660837
TOYOTA,HIACE,2002,5750000,40000,2,7430987,7703804
TOYOTA,HIACE,2004,14975000,126000,1,14483158,14483158
TOYOTA,HIACE,2006,17200000,173000,1,14797742,14797742
TOYOTA,HIACE,2008,19000000,285000,1,14797742,14797742
TOYOTA,HIACE,2009,1350000,104000,1,1890000,2052760
TOYOTA,HIACE,2011,13900000,358018,2,14797742,14797742
TOYOTA,HIACE,2014,22000000,138000,1,14797742,14797742
TOYOTA,HIACE,2016,22800000,159500,2,14797742,14797742
TOYOTA,HIACE,2017,21500000,140000,1,14797742,14797742
TOYOTA,HIACE,2025,24500000,8000,1,18375000,14797742
TOYOTA,HIGH,2025,29200000,9,1,24820000,19983892
TOYOTA,HILUX,1983,2900000,200000,1,2266325,2266325
TOYOTA,HILUX,1985,1985000,34855,1,1639195,1639195
TOYOTA,HILUX,1986,1825000,87505,2,1639195,1639195
TOYOTA,HILUX,1989,4500000,100000,1,3997802,3997802
TOYOTA,HILUX,1990,5087500,372910,8,4121053,3826494
TOYOTA,HILUX,1991,5750000,178000,1,5129331,4762705
TOYOTA,HILUX,1992,6800000,376000,2,5800662,5800662
TOYOTA,HILUX,1993,5737500,195000,2,4284569,3978324
TOYOTA,HILUX,1994,7000000,100000,1,5943810,5943810
TOYOTA,HILUX,1995,7050000,237500,2,6989699,6989699
TOYOTA,HILUX,1996,6212500,85148,4,7176113,7176113
TOYOTA,HILUX,1997,6530000,209289,5,6994061,6994061
TOYOTA,HILUX,1998,6687500,276875,4,7551844,8312084
TOYOTA,HILUX,1999,6325000,70076,2,5840096,5840096
TOYOTA,HILUX,2000,7800000,400000,1,8312084,8312084
TOYOTA,HILUX,2003,8125000,277500,2,8269317,8269317
TOYOTA,HILUX,2006,11094444,184200,9,14653333,15352145
TOYOTA,HILUX,2007,10758600,185226,25,8441637,8269317
TOYOTA,HILUX,2008,10933148,187820,27,15352145,15352145
TOYOTA,HILUX,2009,9187500,186625,8,7111471,7111471
TOYOTA,HILUX,2010,8947000,217722,20,8299383,8129966
TOYOTA,HILUX,2011,12100000,217857,7,8441637,8269317
TOYOTA,HILUX,2012,14443750,186500,8,15352145,15352145
TOYOTA,HILUX,2013,12733333,201333,3,15352145,15352145
TOYOTA,HILUX,2014,12800000,170250,4,15352145,15352145
TOYOTA,HILUX,2015,13544444,185667,9,15352145,15352145
TOYOTA,HILUX,2016,16775385,120166,13,15352145,15352145
TOYOTA,HILUX,2017,16564286,118514,7,15352145,15352145
TOYOTA,HILUX,2018,16729167,100777,24,15352145,15352145
TOYOTA,HILUX,2019,19666667,89833,3,15352145,15352145
TOYOTA,HILUX,2020,20343750,70060,8,15352145,15352145
TOYOTA,HILUX,2021,21050000,35000,1,15787500,15210110
TOYOTA,HILUX,2022,23610000,20710,5,17487500,15025775
TOYOTA,HILUX,2023,23595000,14536,5,17493750,15025775
TOYOTA,HILUX,2024,25656250,8414,8,19262500,14715159
TOYOTA,HILUX,2025,25682368,11617,19,20418750,15352145
TOYOTA,IST,2002,5000000,187500,6,5389151,5587005
TOYOTA,IST,2003,4844333,167576,15,2076223,2031534
TOYOTA,IST,2004,5543556,176451,9,5869534,5869534
TOYOTA,IST,2005,5350000,240000,1,5755314,5755314
TOYOTA,IST,2007,6771562,146688,16,7148299,7148299
TOYOTA,IST,2008,7016667,139250,6,7148299,7148299
TOYOTA,IST,2009,7050000,116000,1,6977026,6977026
TOYOTA,IST,2010,7550000,199000,1,7920763,7920763
TOYOTA,KDH,2004,14725000,450000,2,15352145,15352145
TOYOTA,KDH,2005,17800000,223333,3,15352145,15352145
TOYOTA,KDH,2006,15753125,232931,24,15352145,15352145
TOYOTA,KDH,2007,15075333,235597,30,15352145,15352145
TOYOTA,KDH,2008,14077778,229014,9,15352145,15352145
TOYOTA,KDH,2009,19650000,185000,2,15352145,15352145
TOYOTA,KDH,2010,18360000,194642,5,15352145,15352145
TOYOTA,KDH,2011,19045833,197172,12,15352145,15352145
TOYOTA,KDH,2012,17462500,172591,8,15352145,15352145
TOYOTA,KDH,2013,25213636,183879,11,16100000,15352145
TOYOTA,KDH,2014,20823333,166803,15,15352145,15352145
TOYOTA,KDH,2015,22133673,126570,49,15352145,15352145
TOYOTA,KDH,2016,24280000,143477,13,15352145,15352145
TOYOTA,KDH,2017,26648077,114251,13,16095000,15352145
TOYOTA,KDH,2018,24200000,188949,2,15352145,15352145
TOYOTA,KDH,2025,23453571,1510,14,21533333,16992914
TOYOTA,KDH221,2012,22500000,2,1,19125000,15398547
TOYOTA,KDH221,2015,27500000,348000,1,16500000,15352145
TOYOTA,KDH223R,2025,21800000,9700,1,16350000,15352145
TOYOTA,KDHHIGROOF,2025,22800000,6000,1,17100000,15025775
TOYOTA,KE,1973,630000,111111,1,882000,1421354
TOYOTA,KE,1985,1450000,297500,1,1480903,1480903
TOYOTA,KE20,1970,865000,100,1,1081250,1421354
TOYOTA,KE20,1972,550000,39411,1,742500,1143598
TOYOTA,KE20,1974,630000,100000,1,882000,1421354
TOYOTA,KE20,1976,925000,12345,1,1248750,1421354
TOYOTA,KE50,1976,485000,868390,1,679000,1105110
TOYOTA,KE50,1977,690000,1,1,862500,1184440
TOYOTA,KE50,1979,490000,120000,1,686000,1116503
TOYOTA,KE50,1982,850000,10000,1,1147500,1421354
TOYOTA,KE55,1979,630000,247418,1,882000,1435504
TOYOTA,KE55,1981,875000,1000,1,1093750,1421354
TOYOTA,KE72,1983,712500,105500,2,997500,1421354
TOYOTA,KE72,1984,1100000,235000,1,1472300,1472300
TOYOTA,KE72,1985,1430000,231833,3,1472300,1472300
TOYOTA,KE72,1986,1383333,96317,3,1421354,1421354
TOYOTA,KE72,1987,1238333,200009,6,1472300,1472300
TOYOTA,KE72,1988,975000,250000,1,1365000,1472300
TOYOTA,KE72,1989,1250000,1234,1,1421354,1421354
TOYOTA,KE72,1990,850000,100000,1,1190000,1421354
TOYOTA,KE73,1987,2450000,123000,1,1470000,1421354
TOYOTA,KE74,1985,590000,257000,1,826000,1344361
TOYOTA,KE74,1989,1450000,335632,1,1480903,1480903
TOYOTA,KIJANG,1998,4700000,100000,1,5189830,5189830
TOYOTA,KR,2006,22500000,174000,1,15352145,15352145
TOYOTA,KR41,1998,6250000,185,1,6416538,6416538
TOYOTA,KR42,1997,5650000,180000,1,5777125,5777125
TOYOTA,KR42,1998,5775000,58056,2,5692438,5692438
TOYOTA,KR42,1999,6681250,116675,4,6814533,6814533
TOYOTA,KR42,2000,6931250,163561,4,6653886,6653886
TOYOTA,KR42,2001,7612500,191807,4,7188578,7188578
TOYOTA,KR42,2002,7559000,194040,5,7255707,7255707
TOYOTA,KR42,2003,8108333,77601,3,7124520,7124520
TOYOTA,KR42,2004,9000000,143000,1,7682059,7682059
TOYOTA,KR42,2006,7411667,45038,3,7050693,7050693
TOYOTA,KR42,2007,8240000,151454,6,8015606,8015606
TOYOTA,KR42,2008,7300000,174000,1,7410635,7410635
TOYOTA,KR42NOAH,2003,7375000,221000,1,7410635,7410635
TOYOTA,KR52,2006,7800000,186000,1,8101925,8101925
TOYOTA,KSP130,2016,7750000,58000,1,7804346,7804346
TOYOTA,KZH110,1993,6000000,714000,1,5447743,5447743
TOYOTA,KZJ78,1994,15900000,212200,1,11444775,11444775
TOYOTA,LAND,1979,5200000,123,1,4472848,4472848
TOYOTA,LAND,1982,8600000,166000,2,5804124,5804124
TOYOTA,LAND,1988,15500000,248000,1,11444775,11444775
TOYOTA,LAND,1989,4500000,312000,1,4064736,4064736
TOYOTA,LAND,1995,13200000,280000,1,15230173,15230173
TOYOTA,LAND,1997,12000000,256000,1,15352145,15352145
TOYOTA,LAND,1998,14575000,284250,4,15352145,15352145
TOYOTA,LAND,1999,17350000,295000,2,15352145,15352145
TOYOTA,LAND,2000,13400000,170883,5,15025775,15025775
TOYOTA,LAND,2001,20350000,174000,2,15210110,15210110
TOYOTA,LAND,2002,17791667,195167,3,15352145,15352145
TOYOTA,LAND,2003,15280000,141833,6,15025775,15025775
TOYOTA,LAND,2004,14237500,143750,2,15025775,15025775
TOYOTA,LAND,2005,16250000,137500,2,15025775,15025775
TOYOTA,LAND,2006,21720000,153540,5,15210110,15210110
TOYOTA,LAND,2007,17770000,151665,7,15352145,15352145
TOYOTA,LAND,2008,17923571,181000,7,15352145,15352145
TOYOTA,LAND,2009,23000000,105001,1,15025775,15025775
TOYOTA,LAND,2010,25814286,145571,7,15352145,15352145
TOYOTA,LAND,2011,28587500,166000,8,17040000,15352145
TOYOTA,LAND,2013,3300000,16900,1,3935688,3935688
TOYOTA,LAND,2014,14775000,151950,2,14196721,15352145
TOYOTA,LAND,2015,3800000,55000,1,4171778,4171778
TOYOTA,LAND,2018,28500000,140000,1,17100000,15352145
TOYOTA,LEXUS,2003,8460000,178000,1,7941447,7941447
TOYOTA,LEXUS,2004,5325000,146500,2,3195000,2030153
TOYOTA,LEXUS,2007,8350000,189000,1,8015606,8015606
TOYOTA,LEXUS,2014,20000000,146000,1,14881126,14881126
TOYOTA,LEXUS,2015,22500000,110000,1,14881126,14881126
TOYOTA,LH,1979,900000,122335,1,1260000,1630010
TOYOTA,LH,1982,950000,450000,1,1330000,1662764
TOYOTA,LH,1985,2130000,126695,3,1630010,1630010
TOYOTA,LH,1987,4580000,319982,1,4041960,4041960
TOYOTA,LH,1989,4650000,153,1,3975401,3975401
TOYOTA,LH,1991,7700000,1234,2,6545000,6186302
TOYOTA,LH,1998,9500000,170000,1,7630577,7630577
TOYOTA,LH,1999,13250000,439662,1,14781397,14781397
TOYOTA,LH,2001,13700000,198000,1,14781397,14781397
TOYOTA,LH,2002,12900000,210000,1,14781397,14781397
TOYOTA,LH102,1989,6150000,225000,1,5297707,5297707
TOYOTA,LH102,1990,5750000,315000,1,5136892,4873698
TOYOTA,LH102,1991,7225000,328500,2,5986151,5986151
TOYOTA,LH102,1993,7737500,202000,2,5888637,5888637
TOYOTA,LH109,1990,5500000,600000,2,4766468,4522253
TOYOTA,LH109,1995,7500000,27500,1,7056858,7056858
TOYOTA,LH113,1990,6000000,500000,1,5478441,5478441
TOYOTA,LH113,1991,8900000,22186,1,6675000,6189152
TOYOTA,LH113,1992,7650000,192000,2,5297707,5297707
TOYOTA,LH113,1993,7450000,10000,1,5917468,5917468
TOYOTA,LH113,1994,8350000,123456,1,6074957,6074957
TOYOTA,LH113,1997,10500000,263400,1,8226672,8015606
TOYOTA,LH113,2002,9450000,258000,1,8015606,8015606
TOYOTA,LH119,1993,2500000,111111,1,1500000,1421354
TOYOTA,LH125,1994,10500000,111111,1,6318125,6189152
TOYOTA,LH125,1995,9700000,350000,2,7951922,7951922
TOYOTA,LH172,1998,12350000,318356,1,15352145,15352145
TOYOTA,LH20,1981,921250,136378,4,1358000,1421354
TOYOTA,LH20,1982,1200000,111111,1,1421354,1421354
TOYOTA,LH20,1988,785000,456321,1,1099000,1480903
TOYOTA,LH30,1977,601250,188633,4,865667,1290999
TOYOTA,LH30,1978,885000,1111,1,1106250,1421354
TOYOTA,LH30,1979,1225000,120000,1,1421354,1421354
TOYOTA,LH30,1980,2172857,148134,7,1421354,1421354
TOYOTA,LH30,1981,1360000,141276,7,1421354,1421354
TOYOTA,LH30,1982,937500,218745,2,1312500,1472300
TOYOTA,LH30,1983,1100000,650000,1,1480903,1480903
TOYOTA,LH30,1986,1250000,125000,1,1421354,1421354
TOYOTA,LH30,1987,1500000,75000,1,1421354,1421354
TOYOTA,LH30,1988,825000,200000,1,1155000,1472300
TOYOTA,LH30,1989,1100000,123456,1,1421354,1421354
TOYOTA,LH40,1985,1150000,1110,1,1421354,1421354
TOYOTA,LH51,1982,1900000,11111,1,1518141,1518141
TOYOTA,LH51,1983,2525000,115000,2,2111985,2111985
TOYOTA,LH51,1986,2516667,299745,3,2971609,3036977
TOYOTA,LH51,1987,3387500,188300,2,2811400,2463700
TOYOTA,LH51,1988,3500000,258417,1,3019334,3019334
TOYOTA,LH51,1989,3980000,132977,3,3104837,3104837
TOYOTA,LH51,1991,3600000,250000,1,3036977,3036977
TOYOTA,LH51V,1983,1750000,100000,1,1421354,1421354
TOYOTA,LH60V,1983,2725000,1111,1,2316250,1977338
TOYOTA,LH61,1987,3308750,253317,4,1809000,1571668
TOYOTA,LH61,1989,4125000,123456,1,3540594,3540594
TOYOTA,LH61V,1987,3980000,250000,1,3184917,3184917
TOYOTA,LH61V,1989,4275000,21563,1,3540594,3540594
TOYOTA,LH71B,1986,4900000,508696,1,4430999,4430999
TOYOTA,LITEACE,1979,550000,11,1,687500,944119
TOYOTA,LITEACE,1981,1150000,100000,1,1421354,1421354
TOYOTA,LITEACE,1982,1725000,57556,2,1421354,1421354
TOYOTA,LITEACE,1983,1265000,123456,1,1421354,1421354
TOYOTA,LITEACE,1984,1603750,271778,4,1472300,1472300
TOYOTA,LITEACE,1985,2075000,195000,1,1421354,1421354
TOYOTA,LITEACE,1986,1500000,97500,1,1421354,1421354
TOYOTA,LITEACE,1987,2419286,133041,7,1421354,1421354
TOYOTA,LITEACE,1988,2365000,138458,6,2026842,2026842
TOYOTA,LITEACE,1989,2907857,251167,7,2403243,2152349
TOYOTA,LITEACE,1990,2642333,121348,15,1626000,1421354
TOYOTA,LITEACE,1991,3165000,182470,5,2826840,2477231
TOYOTA,LITEACE,1992,3225000,221728,2,2826840,2477231
TOYOTA,LITEACE,1993,3100000,93742,3,2672059,2341592
TOYOTA,LITEACE,1994,3785000,260000,1,3018728,3018728
TOYOTA,LITEACE,1996,3500000,260785,1,3337641,3337641
TOYOTA,LITEACE,1998,3337500,118478,2,3288235,3288235
TOYOTA,LITEACE,1999,5690000,163128,1,5259985,5259985
TOYOTA,LITEACE,2008,6900000,190000,1,6666293,6666293
TOYOTA,LITEACE,2012,6500000,172000,1,6354129,6354129
TOYOTA,LN,1993,7200000,200000,1,5788667,5788667
TOYOTA,LN106,1989,4550000,44500,1,3975401,3975401
TOYOTA,LN107,1995,6650000,154024,1,6612477,6612477
TOYOTA,LN40,1982,1350000,100000,1,1421354,1421354
TOYOTA,LN56,1987,3800000,150000,1,3074710,3074710
TOYOTA,LN85,1989,2675000,195000,1,1613504,1613504
TOYOTA,LOTTO,1987,2600000,1111,1,2210000,1779388
TOYOTA,LOTTO,1992,4066667,358160,3,3366486,3366486
TOYOTA,LOTTO,1993,4350000,168000,1,3870370,3870370
TOYOTA,LOTTO,1994,4835000,224685,4,4390004,4390004
TOYOTA,LOTTO,1995,4637500,225011,2,4126576,3915146
TOYOTA,LOTTO,1997,6290000,185,1,6604875,6604875
TOYOTA,LX,1993,4450000,250000,1,4004564,4004564
TOYOTA,MARINO,1992,3187500,196000,2,2954346,3019334
TOYOTA,MARINO,1995,3850000,167000,1,3740688,3740688
TOYOTA,MARINO,1996,3637500,185950,2,3544207,3544207
TOYOTA,MARK,1988,1950000,150000,1,1614699,1614699
TOYOTA,MARK,1990,2550000,215500,1,1637036,1637036
TOYOTA,MARK,1996,6675000,165374,2,7267468,7659933
TOYOTA,MARK,1998,3950000,300000,1,4083418,4083418
TOYOTA,MARK,1999,5883333,206000,3,7573024,7981990
TOYOTA,MARK,2000,8450000,145000,1,7639015,7639015
TOYOTA,MARK,2001,7783333,165667,3,5632962,5632962
TOYOTA,MARK,2003,5475000,134000,2,6429388,6665433
TOYOTA,MARK,2006,6640000,121500,2,6977026,6977026
TOYOTA,MARK,2007,10400000,159000,2,8136789,7970692
TOYOTA,NEED,2000,4200000,1,1,4259233,4259233
TOYOTA,NL,1989,1925000,256856,1,1480903,1480903
TOYOTA,NOAH,1996,5950000,1,1,6242603,6242603
TOYOTA,NOAH,1997,5903846,220600,13,6380744,6380744
TOYOTA,NOAH,1998,6293750,168211,24,6702992,6702992
TOYOTA,NOAH,1999,6789200,207895,25,6467938,6817226
TOYOTA,NOAH,2000,7526389,246874,18,8101925,8101925
TOYOTA,NOAH,2001,7889375,193566,16,7284036,7284036
TOYOTA,NOAH,2002,7028000,196660,10,7410635,7410635
TOYOTA,NOAH,2003,8252778,194137,9,8015606,8015606
TOYOTA,NOAH,2004,7813333,186667,3,8101925,8101925
TOYOTA,NOAH,2005,9500000,141700,1,7682059,7682059
TOYOTA,NOAH,2006,8027500,161939,8,7178403,7178403
TOYOTA,NOAH,2007,8282143,161757,14,8015606,8015606
TOYOTA,NOAH,2008,8531250,152500,4,8015606,8015606
TOYOTA,NOAH,2012,11000000,186500,1,14881126,14881126
TOYOTA,NOAH,2014,13125000,145250,4,14061122,14881126
TOYOTA,NOAH,2015,8900000,220000,1,8056443,8056443
TOYOTA,NZE121,2007,6580000,220000,1,6892828,6892828
TOYOTA,NZT260,2011,10350000,127999,1,8092904,8092904
TOYOTA,PASSO,2004,4471250,143974,8,4678800,4678800
TOYOTA,PASSO,2005,4400000,143167,3,4104240,4104240
TOYOTA,PASSO,2006,4625000,162000,1,4886231,4886231
TOYOTA,PASSO,2007,4804783,135448,23,4841025,4841025
TOYOTA,PASSO,2008,4945926,130466,27,4841025,4841025
TOYOTA,PASSO,2009,4968333,142879,6,4886231,4886231
TOYOTA,PASSO,2010,5382857,133559,7,5514660,5717122
TOYOTA,PASSO,2011,4585000,150000,1,4886231,4886231
TOYOTA,PASSO,2013,5600000,62000,1,5429480,5429480
TOYOTA,PASSO,2015,6170000,111270,5,6394155,6394155
TOYOTA,PASSO,2016,6662727,80208,11,7203687,7203687
TOYOTA,PASSO,2017,6767778,95667,9,6831554,6831554
TOYOTA,PASSO,2018,7046000,81300,5,7908288,7908288
TOYOTA,PASSO,2019,7295000,60467,2,7357504,7357504
TOYOTA,PASSO,2020,7500000,36000,1,7114780,7114780
TOYOTA,PASSO,2022,8266667,8968,3,7652095,7652095
TOYOTA,PASSO,2023,8398929,12466,14,7510908,7510908
TOYOTA,PASSO,2024,8195000,11000,1,7669452,7669452
TOYOTA,PIXIS,2013,5500000,104000,1,5784636,5784636
TOYOTA,PIXIS,2014,5250000,97500,1,5784636,5784636
TOYOTA,PIXIS,2015,5609000,99057,5,5667908,5667908
TOYOTA,PIXIS,2016,5888333,71667,3,5731117,5731117
TOYOTA,PIXIS,2017,4966667,103867,6,6636754,6636754
TOYOTA,PIXIS,2018,5900000,115000,2,6436869,6436869
TOYOTA,PIXIS,2023,7683333,5833,3,7743053,7743053
TOYOTA,PIXIS,2024,6600000,9000,1,6467574,6467574
TOYOTA,PIXIS,2025,7550000,1150,1,7710002,7710002
TOYOTA,PLATZ,1999,3550000,170000,1,3638033,3638033
TOYOTA,PLATZ,2000,3650000,152000,1,3698706,3698706
TOYOTA,PLATZ,2002,3390000,13200,1,3570720,3570720
TOYOTA,PLATZ,2003,3890000,130001,2,3698706,3698706
TOYOTA,PRADO,1997,12968000,252700,5,15352145,15352145
TOYOTA,PRADO,1998,13733333,167863,3,8240000,7925213
TOYOTA,PRADO,1999,12733333,183667,3,15025775,15025775
TOYOTA,PRADO,2000,11516667,210000,3,15352145,15352145
TOYOTA,PRADO,2002,16000000,210000,1,15352145,15352145
TOYOTA,PRADO,2003,13944444,167028,9,15210110,15210110
TOYOTA,PRADO,2004,14145000,139000,5,15025775,15025775
TOYOTA,PRADO,2005,14825000,177918,3,15352145,15352145
TOYOTA,PRADO,2006,17125000,200000,2,15352145,15352145
TOYOTA,PRADO,2007,17711250,184562,8,15352145,15352145
TOYOTA,PRADO,2008,18625000,161250,4,15352145,15352145
TOYOTA,PRADO,2009,23250000,96250,2,15025775,15025775
TOYOTA,PRADO,2010,27100000,159282,8,15352145,15352145
TOYOTA,PRADO,2011,26700000,148000,5,15800000,15352145
TOYOTA,PRADO,2012,28400000,155000,1,17040000,15352145
TOYOTA,PRADO,2013,3500000,40000,1,3935688,3935688
TOYOTA,PRADO,2017,4500000,39700,1,4692845,4692845
TOYOTA,PREMIO,1993,3200000,200000,1,3073911,3073911
TOYOTA,PREMIO,1995,3200000,225000,1,3670143,3670143
TOYOTA,PREMIO,1996,3700000,227000,1,3748384,3748384
TOYOTA,PREMIO,2002,6602778,190510,9,6812566,6812566
TOYOTA,PREMIO,2003,7216667,241667,3,7602862,7602862
TOYOTA,PREMIO,2004,7215000,127062,2,7966201,7966201
TOYOTA,PREMIO,2005,7200000,189000,1,7443915,7443915
TOYOTA,PREMIO,2006,7550000,12345,1,7914246,7914246
TOYOTA,PREMIO,2007,9119231,144594,13,8192810,8192810
TOYOTA,PREMIO,2008,9497778,177544,9,8269317,8269317
TOYOTA,PREMIO,2009,9575000,145000,2,8269317,8269317
TOYOTA,PREMIO,2010,9555395,178288,38,8269317,8269317
TOYOTA,PREMIO,2011,9802231,158066,26,8269317,8269317
TOYOTA,PREMIO,2012,10148214,161798,14,8311446,8311446
TOYOTA,PREMIO,2013,11503803,127771,71,10903095,10903095
TOYOTA,PREMIO,2014,12199000,129975,25,15352145,15352145
TOYOTA,PREMIO,2015,13134773,132050,22,15352145,15352145
TOYOTA,PREMIO,2016,14197308,117109,26,15352145,15352145
TOYOTA,PREMIO,2017,15043636,98304,55,15352145,15352145
TOYOTA,PREMIO,2018,15540833,91805,42,15352145,15352145
TOYOTA,PREMIO,2019,16648913,85240,23,15352145,15352145
TOYOTA,PREMIO,2020,17912500,52300,4,15352145,15352145
TOYOTA,PRIUS,2007,6701500,153006,10,6908772,6908772
TOYOTA,PRIUS,2008,6659107,207760,28,6908772,6908772
TOYOTA,PRIUS,2009,8871111,138594,18,8092904,8092904
TOYOTA,PRIUS,2010,9005556,171599,18,8092904,8092904
TOYOTA,PRIUS,2011,9275357,179769,42,8092904,8092904
TOYOTA,PRIUS,2012,9905500,171480,40,8261549,8134135
TOYOTA,PRIUS,2013,10855517,143486,58,8134135,8134135
TOYOTA,PRIUS,2014,11002432,135202,37,8134135,8134135
TOYOTA,PRIUS,2015,11190385,158711,13,14641667,15024633
TOYOTA,PRIUS,2016,13861800,140012,25,15024633,15024633
TOYOTA,PRIUS,2017,14350000,140000,1,15024633,15024633
TOYOTA,PRIUS,2019,8995000,1,1,7778014,7778014
TOYOTA,QDF,2014,19850000,137000,1,15352145,15352145
TOYOTA,RACTIS,2007,7250000,165000,1,7352056,7352056
TOYOTA,RAIZ,2023,13325000,14250,2,14402497,14402497
TOYOTA,RAIZE,2019,10950000,55712,4,15306667,15352145
TOYOTA,RAIZE,2020,10929375,66044,8,8356173,8311446
TOYOTA,RAIZE,2022,12034500,24504,10,15025775,15025775
TOYOTA,RAIZE,2023,12363729,18202,59,15025775,15025775
TOYOTA,RAIZE,2024,13141912,14007,68,15210110,15210110
TOYOTA,RAIZE,2025,13651386,1399,83,14991769,14991769
TOYOTA,RAUM,2001,3950000,180000,1,3972489,3972489
TOYOTA,RAV4,1996,4575000,235000,2,4799746,4799746
TOYOTA,RAV4,1997,3087500,156500,2,2029342,1985662
TOYOTA,RAV4,1999,5087500,132172,2,5236508,5519295
TOYOTA,RAV4,2000,5368182,183749,11,5702067,5702067
TOYOTA,RAV4,2001,6708333,190667,3,7038740,7038740
TOYOTA,RAV4,2002,5937500,183500,2,6542022,6542022
TOYOTA,RAV4,2003,5037500,156000,2,6729947,6977026
TOYOTA,RAV4,2004,6350000,153000,1,6779027,6779027
TOYOTA,RAV4,2005,5885000,160000,1,6344991,6344991
TOYOTA,RAV4,2006,7300000,123000,1,7126004,7126004
TOYOTA,RAV4,2007,7988889,166389,9,7970692,7970692
TOYOTA,RAV4,2008,7170000,114674,7,7126004,7126004
TOYOTA,RAV4,2009,8120000,177000,2,7970692,7970692
TOYOTA,RAV4,2010,9800000,143000,1,7970692,7970692
TOYOTA,RAV4,2013,13000000,101600,1,14660837,14660837
TOYOTA,REGIUS,1997,6350000,1114,2,5660541,5660541
TOYOTA,REGIUS,1998,6991667,256000,3,6842331,6842331
TOYOTA,REGIUS,1999,6800000,216728,2,6892828,6892828
TOYOTA,REVOLUTION,2016,18500000,180000,1,15352145,15352145
TOYOTA,ROOMY,2017,8293750,202784,8,8134135,8134135
TOYOTA,ROOMY,2018,8087500,67688,8,6943971,6943971
TOYOTA,ROOMY,2019,860000,58000,1,1204000,1959577
TOYOTA,ROOMY,2022,8745714,19182,14,7472288,7472288
TOYOTA,ROOMY,2023,9760235,18800,85,7795657,7795657
TOYOTA,ROOMY,2024,10048727,7455,33,7819870,7778014
TOYOTA,ROOMY,2025,11059130,1873,23,13708333,14671945
TOYOTA,ROOMY,2026,9150000,14000,1,8134135,8134135
TOYOTA,ROONY,2023,10511333,9000,1,7942360,7778014
TOYOTA,ROOX,2023,9350000,12500,1,7561583,7561583
TOYOTA,RUSH,1998,7500000,195600,1,7342073,7342073
TOYOTA,RUSH,2006,7408333,148333,3,7342073,7342073
TOYOTA,RUSH,2007,7400000,154286,4,7144502,7144502
TOYOTA,RUSH,2008,6833333,150617,3,6931668,6931668
TOYOTA,RUSH,2009,7700000,119000,1,7891701,7891701
TOYOTA,RUSH,2010,7195000,114896,1,7188578,7188578
TOYOTA,RUSH,2012,8150000,149500,2,8056443,8056443
TOYOTA,RUSH,2013,7800000,198000,1,8143202,8143202
TOYOTA,RUSH,2018,11357778,81606,9,14881126,14881126
TOYOTA,RUSH,2020,15266667,65337,3,14881126,14881126
TOYOTA,RUSH,2025,16987500,3920,4,14336667,14263683
TOYOTA,RZH102,2001,9700000,2,1,8245000,7664674
TOYOTA,SE,1999,4650000,135000,1,4703907,4703907
TOYOTA,SELECT,1994,2900000,123456,1,2026842,2026842
TOYOTA,SGL,1993,1585000,11111,1,1421354,1421354
TOYOTA,SHELL,1980,3700000,250000,1,3017628,3017628
TOYOTA,SHELL,1983,3262500,367499,2,2988698,3054442
TOYOTA,SHELL,1984,3990000,169400,5,3691640,3691640
TOYOTA,SHELL,1985,2943333,123334,3,2288400,2239144
TOYOTA,SHELL,1986,3465000,135013,13,1864000,1531671
TOYOTA,SHELL,1987,3969444,78248,9,3761035,3761035
TOYOTA,SHELL,1988,4175000,196544,6,4162026,4162026
TOYOTA,SHELL,1989,3981364,136645,11,3540594,3540594
TOYOTA,SHELL,1990,4450000,1,1,3782500,3761035
TOYOTA,SHELL,1994,3540000,41523,3,2940834,2940834
TOYOTA,SHELL,1997,3500000,56800,1,3543448,3543448
TOYOTA,SIENTA,2025,17000000,250,1,14991769,14991769
TOYOTA,SINGLE,2003,4600000,250000,1,4946590,4946590
TOYOTA,SINGLE,2011,7875000,174000,2,8101925,8101925
TOYOTA,SMART,2010,7200000,180000,1,7255707,7255707
TOYOTA,SOLUNA,2000,3171667,169416,9,3619095,3698706
TOYOTA,SOLUNA,2001,3161667,185737,6,3720319,3720319
TOYOTA,SOLUNA,2004,3550000,134000,1,3698706,3698706
TOYOTA,SOLUNA,2005,3750000,125000,1,3954241,3954241
TOYOTA,SPRINTER,1987,1540000,75001,2,1518141,1518141
TOYOTA,SPRINTER,1989,1085000,80000,1,1518141,1518141
TOYOTA,SPRINTER,1990,2600000,411854,1,1581745,1581745
TOYOTA,SPRINTER,1991,2390000,225000,1,1572556,1572556
TOYOTA,SPRINTER,1993,2800000,210500,2,1723376,1723376
TOYOTA,SPRINTER,1996,3000000,62500,2,2533662,2479127
TOYOTA,SPRINTER,1997,3450000,213152,6,4406469,4503401
TOYOTA,SPRINTER,1998,4112500,182114,4,3839716,3839716
TOYOTA,SPRINTER,1999,3458333,167667,3,3638033,3638033
TOYOTA,SPRINTER,2000,3975000,200000,1,3949776,3949776
TOYOTA,SPRINTER,2006,775000,175000,1,1085000,1765898
TOYOTA,SPRINTOR,1998,4195000,156000,1,4259458,4259458
TOYOTA,STARLET,1980,1050000,185000,1,1470000,1518141
TOYOTA,STARLET,1984,1250000,200000,1,1518141,1518141
TOYOTA,STARLET,1985,1616250,112347,4,1518141,1518141
TOYOTA,STARLET,1986,1470000,150000,2,1518141,1518141
TOYOTA,STARLET,1987,1325000,64167,3,1518141,1518141
TOYOTA,STARLET,1988,2000000,256628,2,1572556,1572556
TOYOTA,STARLET,1989,1881250,178026,4,1518141,1518141
TOYOTA,STARLET,1991,3525000,111811,4,2852117,2554361
TOYOTA,STARLET,1992,2965000,155250,2,2750887,2463700
TOYOTA,STARLET,1993,3678750,163858,4,2623357,2298913
TOYOTA,STARLET,1994,3600000,123456,1,2914856,2554361
TOYOTA,STARLET,1995,3216500,158303,10,2567987,2567987
TOYOTA,STARLET,1996,3392941,184805,17,3544207,3544207
TOYOTA,STARLET,1997,3733182,168759,11,4549438,4549438
TOYOTA,STARLET,1998,4107692,163556,13,4261866,4261866
TOYOTA,STARLET,1999,3933000,143434,5,3839716,3839716
TOYOTA,STARLET,2000,3564000,166660,5,3698706,3698706
TOYOTA,STARLET,2001,3937500,115000,2,3570720,3570720
TOYOTA,STARLET,2002,3937500,89000,2,3803447,3803447
TOYOTA,STARLET,2005,3350000,12546,1,3630825,3630825
TOYOTA,STATION,1991,1950000,33900,1,1462500,1421354
TOYOTA,SUPER,1993,8650000,390000,1,6613617,6613617
TOYOTA,SUPER,2000,1265000,458800,1,1771000,2070416
TOYOTA,SUPER,2001,10000000,1,1,8500000,7907277
TOYOTA,SUPER,2002,1400000,232000,1,1960000,2070416
TOYOTA,SUPER,2006,18800000,179000,1,15352145,15352145
TOYOTA,SUPER,2008,18800000,189000,1,15352145,15352145
TOYOTA,SUPER,2015,23425000,64333,3,15025775,15025775
TOYOTA,SURF,1992,7300000,276000,1,6089531,6089531
TOYOTA,SURF,2008,8675000,184373,1,8015606,8015606
TOYOTA,SV,1993,600000,150000,1,840000,1367147
TOYOTA,TAISOR,2025,10475000,561,6,7805833,5216290
TOYOTA,TANK,2016,8000000,96500,1,8056443,8056443
TOYOTA,TANK,2017,8159286,93414,7,8056443,8056443
TOYOTA,TANK,2018,8244444,105333,9,8056443,8056443
TOYOTA,TANK,2019,8336250,76500,4,7920680,7920680
TOYOTA,TERCEL,1981,675000,300000,1,945000,1472300
TOYOTA,TERCEL,1988,1510000,250000,1,1472300,1472300
TOYOTA,TERCEL,1993,1990000,280000,1,1480903,1480903
TOYOTA,TERCEL,1996,2830000,185400,5,1728241,1728241
TOYOTA,TERCEL,1997,2740000,131670,3,1712607,1712607
TOYOTA,TERCEL,1998,2810000,192300,5,1813016,1773993
TOYOTA,TERCEL,1999,3275000,248000,1,3425999,3425999
TOYOTA,TOWNACE,1983,2175000,88226,2,1630010,1630010
TOYOTA,TOWNACE,1984,1527500,49617,2,1630010,1630010
TOYOTA,TOWNACE,1985,2821429,180217,7,1580390,1580390
TOYOTA,TOWNACE,1986,2720000,157449,2,1650218,1614699
TOYOTA,TOWNACE,1987,2384615,167727,13,1614699,1614699
TOYOTA,TOWNACE,1988,2840385,163313,13,1695000,1614699
TOYOTA,TOWNACE,1989,3210909,187908,11,1880000,1637036
TOYOTA,TOWNACE,1990,2991000,181887,15,1845000,1637036
TOYOTA,TOWNACE,1991,3209800,170526,25,3121851,3121851
TOYOTA,TOWNACE,1992,4256471,178398,17,3282282,3282282
TOYOTA,TOWNACE,1993,4522800,220234,25,4336800,4336800
TOYOTA,TOWNACE,1994,4751463,224083,41,4004564,4004564
TOYOTA,TOWNACE,1995,4651471,184832,17,5266707,5551125
TOYOTA,TOWNACE,1996,5461923,212331,13,6446978,6446978
TOYOTA,TOWNACE,1997,5476786,228593,14,6361743,6361743
TOYOTA,TOWNACE,1998,6396875,233373,8,6796926,6796926
TOYOTA,TOWNACE,1999,6555000,197543,20,7100863,7100863
TOYOTA,TOWNACE,2000,6286250,214325,4,8003065,8003065
TOYOTA,TOWNACE,2001,5468000,259625,5,6327008,6559295
TOYOTA,TOWNACE,2002,7575000,228714,8,8003065,8003065
TOYOTA,TOWNACE,2004,7750000,192000,1,8003065,8003065
TOYOTA,TOWNACE,2005,6500000,644000,1,6796926,6796926
TOYOTA,TOWNACE,2006,8100000,143219,3,7888226,7888226
TOYOTA,TOWNACE,2007,7947500,174138,4,7961888,7961888
TOYOTA,TOWNACE,2008,6925000,140000,2,6734042,6734042
TOYOTA,TOWNACE,2011,6400000,141500,2,6796926,6796926
TOYOTA,TOWNACE,2012,8782500,144000,2,10335849,10441561
TOYOTA,TOWNACE,2013,10687500,98500,2,14418786,14644643
TOYOTA,TOYOTA,1981,1300000,500,1,1518141,1518141
TOYOTA,TOYOTA,1984,975000,11000,1,1316250,1518141
TOYOTA,TOYOTA,1986,2192500,181426,2,2478070,2219364
TOYOTA,TOYOTA,1987,1950000,125000,1,1518141,1518141
TOYOTA,TOYOTA,1989,1350000,43321,1,1518141,1518141
TOYOTA,TOYOTA,1992,2317500,91944,2,1518141,1518141
TOYOTA,TOYOTA,1993,3650000,180000,1,3019334,3019334
TOYOTA,TOYOTA,1996,6500000,300000,1,6458108,6458108
TOYOTA,TOYOTA,2004,5290000,175000,1,5475635,5475635
TOYOTA,TOYOTA,2007,6400000,165500,2,6656143,6656143
TOYOTA,TOYOTA,2008,6875000,227500,2,7018721,7018721
TOYOTA,TOYOTA,2012,10500000,337000,1,8002285,7836698
TOYOTA,TOYOTA,2014,21000000,130000,1,14475234,14475234
TOYOTA,TRACE,1996,2570000,65000,1,1668438,1668438
TOYOTA,TRAD,1989,8600000,10000,1,6450000,6189152
TOYOTA,TRH200,2008,17950000,22444,1,14991769,14991769
TOYOTA,URBAN,2025,17450000,1,1,14991769,14991769
TOYOTA,V8,2010,12500000,190000,1,15352145,15352145
TOYOTA,VANGUARD,2009,9700000,148000,1,8269317,8269317
TOYOTA,VANGUARD,2012,13166667,189000,3,15352145,15352145
TOYOTA,VANGUARD,2013,11550000,196000,1,15352145,15352145
TOYOTA,VELLFIRE,2014,25000000,130000,1,15352145,15352145
TOYOTA,VEROSSA,2000,8200000,267000,1,7970692,7970692
TOYOTA,VEROSSA,2001,5883333,185833,3,6120294,6344991
TOYOTA,VEROSSA,2002,5990000,188000,1,6603113,6603113
TOYOTA,VEZEL,2014,8700000,170000,1,8056443,8056443
TOYOTA,VIGO,2009,6750000,230000,1,6931668,6931668
TOYOTA,VIGO,2010,8750000,440001,1,8015606,8015606
TOYOTA,VIOS,2003,5032500,171186,38,5510225,5510225
TOYOTA,VIOS,2004,5237368,177208,38,5403380,5601756
TOYOTA,VIOS,2005,5335294,173366,17,5717122,5717122
TOYOTA,VIOS,2006,4838571,178601,7,5588333,5601756
TOYOTA,VIOS,2007,6217667,158627,15,5830584,5830584
TOYOTA,VIOS,2008,5843333,150833,3,7057324,7057324
TOYOTA,VIOS,2010,7000000,90000,1,6930727,6930727
TOYOTA,VIOS,2011,6837500,192500,2,6559295,6559295
TOYOTA,VISTA,1991,2212500,190000,4,1472300,1472300
TOYOTA,VISTA,1992,2441667,216000,3,1472300,1472300
TOYOTA,VISTA,1995,2750000,201250,1,2404268,2404268
TOYOTA,VISTA,1996,2200000,212500,2,2478861,2478861
TOYOTA,VISTA,1999,3500000,185000,1,3406095,3406095
TOYOTA,VISTA,2002,3850000,174700,1,3697963,3697963
TOYOTA,VITZ,1999,4002333,122187,15,4306641,4306641
TOYOTA,VITZ,2000,3930714,191879,7,4136286,4136286
TOYOTA,VITZ,2001,4027500,202800,6,4174911,4174911
TOYOTA,VITZ,2002,4206667,142872,6,4841431,4841431
TOYOTA,VITZ,2003,4445000,174706,5,4794704,4794704
TOYOTA,VITZ,2004,4025000,170150,2,4136286,4136286
TOYOTA,VITZ,2005,5047500,117730,6,5464097,5664703
TOYOTA,VITZ,2006,5025000,165500,2,5470126,5670954
TOYOTA,VITZ,2007,5379558,146048,113,5734197,5734197
TOYOTA,VITZ,2008,5552674,140763,86,5734197,5734197
TOYOTA,VITZ,2009,5596667,149317,27,5582781,5787744
TOYOTA,VITZ,2010,5929400,143248,25,5787744,5787744
TOYOTA,VITZ,2011,6236250,126749,12,6640320,6640320
TOYOTA,VITZ,2012,6400000,106100,5,6851958,6851958
TOYOTA,VITZ,2013,6383125,97681,8,6612403,6612403
TOYOTA,VITZ,2014,7125000,100000,2,7292673,7292673
TOYOTA,VITZ,2015,7152011,99307,87,7448390,7448390
TOYOTA,VITZ,2016,7276055,100016,109,7292673,7292673
TOYOTA,VITZ,2017,7711458,100063,96,7180901,7180901
TOYOTA,VITZ,2018,8156026,85381,156,7820358,7820358
TOYOTA,VITZ,2019,8522157,70937,51,7920680,7920680
TOYOTA,VITZ,2020,7875000,85000,3,8143202,8143202
TOYOTA,VITZ,2023,8875000,4100,1,7703723,7703723
TOYOTA,VOXY,2014,17228571,124949,7,15352145,15352145
TOYOTA,VOXY,2015,16700000,157000,2,15352145,15352145
TOYOTA,VOXY,2023,29000000,15000,1,21750000,15025775
TOYOTA,VOXY,2024,29750000,7000,1,22312500,15326931
TOYOTA,VOXY,2025,29850000,11500,1,22387500,15378451
TOYOTA,WAGON R,1990,1900000,271170,1,1480903,1480903
TOYOTA,WAGON R,1991,1850000,200000,1,1472300,1472300
TOYOTA,WAGON R,1992,1800000,63000,1,1421354,1421354
TOYOTA,WE,1995,3150000,325000,1,3219179,3219179
TOYOTA,WIGO,2017,6158438,99244,16,6199253,6199253
TOYOTA,WIGO,2018,6804000,79301,5,7251810,7251810
TOYOTA,WIGO,2020,7175000,101772,2,7251810,7251810
TOYOTA,WINDY,1993,2250000,180000,1,1472300,1472300
TOYOTA,WXB,2023,17350000,3166,1,14991769,14991769
TOYOTA,YARIS,2006,6010714,165171,7,6640320,6640320
TOYOTA,YARIS,2007,6321825,147156,36,6817226,6817226
TOYOTA,YARIS,2008,6127667,166403,45,6202585,6202585
TOYOTA,YARIS,2009,5875000,150500,2,6440329,6440329
TOYOTA,YARIS,2010,6912500,104250,2,6702992,6702992
TOYOTA,YARIS,2011,6829167,146275,6,7144502,7144502
TOYOTA,YARIS,2012,6875000,141000,1,7180901,7180901
TOYOTA,YARIS,2013,8100000,89500,1,7981906,7981906
TOYOTA,YARIS,2017,9575000,169000,1,8056443,8056443
TOYOTA,YARIS,2018,9213333,79200,3,8056443,8056443
TOYOTA,YARIS,2019,12125000,71994,2,14881126,14881126
TOYOTA,YARIS,2020,11000000,42000,1,14743448,14743448
TOYOTA,YARIS,2022,9798462,16684,13,7561583,7561583
TOYOTA,YARIS,2023,11052975,26265,79,8431250,8056443
TOYOTA,YARIS,2024,10813455,13121,55,7721197,7721197
TOYOTA,YARIS,2025,14159423,1552,26,13805417,9908988
TOYOTA,YARISXSAFETY,2024,9200000,26500,2,8056443,8056443
TOYOTA,YARRIS,2023,16500000,29200,1,15352145,15352145
VOLKSWAGEN,1300,1950,1300000,150000,1,1421354,1421354
VOLKSWAGEN,1300,1972,1800000,10000,1,1421354,1421354
VOLKSWAGEN,1300,1979,2200000,12345,1,1650000,1421354
VOLKSWAGEN,BEETLE,1960,620000,72500,2,868000,1421354
VOLKSWAGEN,BEETLE,1967,1137500,100000,2,1421354,1421354
VOLKSWAGEN,BEETLE,1969,1881250,73231,4,1421354,1421354
VOLKSWAGEN,BEETLE,1970,2195000,275000,2,1472300,1472300
VOLKSWAGEN,BEETLE,1972,2035000,300000,1,1472300,1472300
VOLKSWAGEN,BEETLE,1973,1475000,111111,1,1421354,1421354
VOLKSWAGEN,BEETLE,2000,3990000,150000,1,3654873,3654873
VOLKSWAGEN,GOLF,1978,475000,12345,1,641250,987653
VOLKSWAGEN,GOLF,2001,3300000,208000,1,3483135,3483135
VOLKSWAGEN,ID4,2022,20000000,20000,1,15025775,15025775
VOLKSWAGEN,ID4,2024,26900000,13250,2,20175000,15025775
VOLKSWAGEN,ID5,2023,26900000,40000,1,20175000,15352145
VOLKSWAGEN,JETTA,2013,8350000,90000,2,7981906,7981906
VOLKSWAGEN,JETTA,2016,8200000,162000,1,8056443,8056443
VOLKSWAGEN,PASSAT,2000,2250000,158000,1,1926392,1926392
VOLKSWAGEN,PASSAT,2001,3745000,150000,2,3698706,3698706
VOLKSWAGEN,PASSAT,2012,9000000,155000,1,7836698,7836698
VOLKSWAGEN,POLO,2016,7950000,94500,2,8134135,8134135
VOLKSWAGEN,POLO,2017,11000000,108935,1,15024633,15024633
VOLKSWAGEN,POLO,2019,9900000,66000,1,8134135,8134135
VOLKSWAGEN,POLO,2023,13995000,6500,2,14671945,14671945
VOLKSWAGEN,RUPAVAHINI,1960,1050000,75000,1,1421354,1421354
VOLKSWAGEN,T,2022,12750000,7800,3,14991769,14991769
VOLKSWAGEN,T,2023,14343571,10700,7,14991769,14991769
VOLKSWAGEN,T-,2023,13900000,13500,1,14402497,14402497
VOLKSWAGEN,T-CROSS,2023,13250000,31500,1,15352145,15352145
VOLKSWAGEN,T-CROSS,2024,14500000,3000,1,14991769,14991769
VOLKSWAGEN,T3,1981,1600000,225000,1,1472300,1472300
VOLKSWAGEN,TIGUAN,2010,11000000,118000,1,15210110,15210110
VOLKSWAGEN,TIGUAN,2011,11000000,150000,1,15352145,15352145
VOLKSWAGEN,TIGUAN,2018,15000000,151333,3,15352145,15352145
VOLKSWAGEN,TIGUAN,2019,12500000,124000,1,15352145,15352145
VOLKSWAGEN,TRANSPORTER,1985,3500000,20000,1,3108452,3108452
VOLKSWAGEN,TRANSPORTER,2012,9000000,250000,1,8011300,8011300
VOLKSWAGEN,UP,2016,6000000,98000,1,6636754,6636754
VOLKSWAGEN,VENTO,2012,5850000,145000,1,6436869,6436869
VOLKSWAGEN,VOLKSWAGON,1964,1500000,7500,1,1421354,1421354
VOLVO,850,1995,1566667,122667,3,1668438,1668438
VOLVO,940,1995,1390000,150000,1,1728241,1728241
VOLVO,S40,1998,1200000,63860,2,1680000,1712607
VOLVO,S40,1999,2947500,121500,2,1918145,1876859
VOLVO,S40,2000,2687500,168313,2,1803578,1803578
VOLVO,S60,2009,8000000,83000,1,7682059,7682059
VOLVO,S80,2003,5900000,105000,1,6011385,6011385
VOLVO,S90,2017,29800000,35140,1,22350000,15352691
VOLVO,XC,2020,25500000,55000,1,15352145,15352145
VOLVO,XC40,2019,28000000,40500,1,21000000,15025775
WILLYS,4DR5,1962,3800000,100000,1,3132508,3132508
WILLYS,WILLYS,1968,2300000,200000,1,1421354,1421354
ZOTYE,100,2018,3100000,70000,1,3492838,3492838
ZOTYE,EXTREME,2013,3575000,139800,1,3867968,3867968
ZOTYE,NOMAD,1996,4800000,210000,1,5013684,5013684
ZOTYE,NOMAD,2008,3430000,98640,5,3845497,3845497
ZOTYE,NOMAD,2010,3287500,141500,2,3360696,3360696
ZOTYE,NOMAD,2011,3520000,112858,12,3867968,3867968
ZOTYE,NOMAD,2012,3622500,68950,8,4704745,4704745
ZOTYE,NOMAD,2013,4063000,84820,5,4504904,4504904
ZOTYE,Z100,2016,3195000,123,2,3634940,3634940
ZOTYE,Z100,2017,3250000,59500,6,3762726,3845497
ZOTYE,Z100,2018,3183000,62836,5,3867968,3867968
ZOTYE,Z100,2019,3500000,84050,1,3867968,3867968
ZOTYE,Z100,2020,3376154,57154,13,3867968,3867968
ZOTYE,Z100,2021,2696000,399860,5,3867968,3867968
