Class of Vehicle,Make/Manufa. Name,Model,Country,Fuel Used,Cylinder Capacity,District,Registration Status,YOM,No of vehicle,Model_Code,Clean_Name
CAR,SUZUKI,5BA-MH85S WAGON R,JAPAN,PETROL,657.0,GAMPAHA,RECONDITIONED,2024.0,6,5BA-MH85S,WAGON R
CAR,WULING,BINGUO,INDONESIA,ELECTRIC,49.0,KALUTARA,BRAND NEW,2025.0,2,,BINGUO
CAR,DAIHATSU,3BA-A210S,JAPAN,PETROL,996.0,GAMPAHA,RECONDITIONED,2024.0,1,3BA-A210S,ROCKY
CAR,HONDA,6AA-RV5 VEZEL,JAPAN,PETROL/ELE,1496.0,GAMPAHA,RECONDITIONED,2024.0,49,6AA-RV5,VEZEL
CAR,TOYOTA,6AA-ZVG13 COROLLA,JAPAN,PETROL/ELE,1797.0,JAFFNA,RECONDITIONED,2024.0,1,6AA-ZVG13,COROLLA
CAR,TOYOTA,3BA-A210A RAIZE,JAPAN,PETROL,998.0,RATNAPURA,RECONDITIONED,2023.0,1,3BA-A210A,RAIZE
CAR,SUZUKI,4AA-MK54S SPACIA,JAPAN,PETROL,658.0,GAMPAHA,RECONDITIONED,2025.0,2,4AA-MK54S,SPACIA
CAR,TOYOTA,6AA-MXPJ10 YARIS,JAPAN,PETROL/ELE,1496.0,JAFFNA,RECONDITIONED,2024.0,2,6AA-MXPJ10,YARIS
CAR,NISSAN,ALMERA,THAILAND,PETROL,999.0,GAMPAHA,RECONDITIONED,2025.0,5,,ALMERA
CAR,SUZUKI,5AA-MK94S SPACIA,JAPAN,PETROL,658.0,COLOMBO,RECONDITIONED,2024.0,7,5AA-MK94S,SPACIA
CAR,TOYOTA,6AA-ZVG13 COROLLA,JAPAN,PETROL/ELE,1797.0,COLOMBO,RECONDITIONED,2025.0,6,6AA-ZVG13,COROLLA
CAR,TOYOTA,5AA-A202A RAIZE,JAPAN,PETROL/ELE,78.0,COLOMBO,RECONDITIONED,2025.0,43,5AA-A202A,RAIZE
CAR,HONDA,6AA-RV5 VEZEL,JAPAN,PETROL/ELE,1496.0,JAFFNA,RECONDITIONED,2025.0,7,6AA-RV5,VEZEL
CAR,TOYOTA,5BA-A201A   RAIZE,JAPAN,PETROL,1196.0,GAMPAHA,RECONDITIONED,2023.0,1,5BA-A201A,RAIZE
CAR,HONDA,5BA-RZ3  ZR-V,JAPAN,PETROL,1496.0,COLOMBO,RECONDITIONED,2024.0,2,5BA-RZ3,ZR-V
CAR,BYD,ATTO3-ADVANCED,CHINA,ELECTRIC,100.0,GALLE,BRAND NEW,2025.0,50,ATTO3-ADVANCED,Unknown
CAR,BYD,ATTO-3-SUPERIOR,CHINA,ELECTRIC,100.0,COLOMBO,BRAND NEW,2025.0,88,ATTO-3-SUPERIOR,Unknown
CAR,TOYOTA,5AA-A202A RAIZE,JAPAN,ELECTRIC,78.0,MATALE,RECONDITIONED,2023.0,1,5AA-A202A,RAIZE
CAR,NISSAN,5BD-DR17V CLIPPER,JAPAN,PETROL,658.0,COLOMBO,RECONDITIONED,2024.0,9,5BD-DR17V,CLIPPER
CAR,KIA,SONET,INDIA,PETROL,998.0,GAMPAHA,BRAND NEW,2025.0,11,,SONET
CAR,SUZUKI,5BD-DA17V EVERY,JAPAN,PETROL,650.0,GAMPAHA,RECONDITIONED,2025.0,1,5BD-DA17V,EVERY
CAR,TOYOTA,5BA-M900A ROOMY,JAPAN,PETROL,996.0,GAMPAHA,RECONDITIONED,2023.0,21,5BA-M900A,ROOMY
CAR,NISSAN,DAYZ 5BA-B43W,JAPAN,PETROL,658.0,KALUTARA,RECONDITIONED,2024.0,1,,DAYZ 5BA-B43W
CAR,SUZUKI,5AA-MK94S SPACIA,JAPAN,PETROL,658.0,COLOMBO,RECONDITIONED,2023.0,2,5AA-MK94S,SPACIA
CAR,SUZUKI,5AA-MH95S WAGON R,JAPAN,PETROL,657.0,KALUTARA,RECONDITIONED,2023.0,1,5AA-MH95S,WAGON R
CAR,HONDA,6AA-RV5 VEZEL,JAPAN,PETROL/ELE,1496.0,BADULLA,RECONDITIONED,2024.0,5,6AA-RV5,VEZEL
CAR,SUZUKI,5A-MH95S WAGON R,JAPAN,PETROL,658.0,KANDY,RECONDITIONED,2024.0,1,5A-MH95S,WAGON R
CAR,HONDA,CITY RS,THAILAND,PETROL,988.0,RATNAPURA,RECONDITIONED,2025.0,3,,CITY RS
CAR,DAIHATSU,4BA-M900S THOR,JAPAN,PETROL,996.0,GAMPAHA,RECONDITIONED,2024.0,2,4BA-M900S,THOR
CAR,TOYOTA,5BA-KSP210  YARIS,JAPAN,PETROL,996.0,GAMPAHA,RECONDITIONED,2024.0,3,5BA-KSP210,YARIS
CAR,BYD,ATTO3-ADVANCED,CHINA,ELECTRIC,100.0,RATNAPURA,BRAND NEW,2025.0,15,ATTO3-ADVANCED,Unknown
CAR,BYD,ATTO3-ADVANCED,CHINA,ELECTRIC,100.0,KURUNEGALA,BRAND NEW,2025.0,16,ATTO3-ADVANCED,Unknown
CAR,DAIHATSU,5BA-LA350S MIRA,JAPAN,PETROL,658.0,COLOMBO,RECONDITIONED,2023.0,21,5BA-LA350S,MIRA
CAR,JETOUR,X70 PLUS,CHINA,PETROL,1498.0,COLOMBO,BRAND NEW,2025.0,6,,X70 PLUS
CAR,SUZUKI,5BD-DA17V EVERY,JAPAN,PETROL,658.0,COLOMBO,RECONDITIONED,2023.0,11,5BD-DA17V,EVERY
CAR,TOYOTA,5BA-M910A ROOMY,JAPAN,PETROL,996.0,KANDY,RECONDITIONED,2023.0,1,5BA-M910A,ROOMY
CAR,BYD,DOLPHIN-DYNAMIC 70,CHINA,ELECTRIC,70.0,KALUTARA,BRAND NEW,2025.0,2,,DOLPHIN-DYNAMIC 70
CAR,HONDA,CITY RS,THAILAND,PETROL,988.0,GAMPAHA,RECONDITIONED,2025.0,19,,CITY RS
CAR,WULING,BINGUO,INDONESIA,ELECTRIC,49.0,GAMPAHA,BRAND NEW,2025.0,14,,BINGUO
CAR,HONDA,6AA-RV5 VEZEL,JAPAN,PETROL/ELE,1496.0,RATNAPURA,RECONDITIONED,2025.0,20,6AA-RV5,VEZEL
CAR,HONDA,6AA-RV5 VEZEL,JAPAN,PETROL/ELE,1496.0,KURUNEGALA,RECONDITIONED,2025.0,37,6AA-RV5,VEZEL
CAR,SUZUKI,5BD-DA17V EVERY,JAPAN,PETROL,658.0,COLOMBO,RECONDITIONED,2024.0,17,5BD-DA17V,EVERY
CAR,TOYOTA,5AA-A202A RAIZE,JAPAN,PETROL/ELE,78.0,HAMBANTOTA,RECONDITIONED,2025.0,7,5AA-A202A,RAIZE
CAR,DAIHATSU,5BA-LA350S MIRA ES,JAPAN,PETROL,658.0,MATARA,RECONDITIONED,2024.0,2,5BA-LA350S,MIRA ES
CAR,HONDA,6AA-RV5 VESEL,JAPAN,PETROL/ELE,1496.0,KALUTARA,RECONDITIONED,2025.0,1,6AA-RV5,VESEL
CAR,TOYOTA,6AA-AAHH40W ALPHARD,JAPAN,PETROL/ELE,2487.0,KALUTARA,RECONDITIONED,2025.0,1,6AA-AAHH40W,ALPHARD
CAR,HONDA,6AA-RV5  VEZEL,JAPAN,PETROL/ELE,1496.0,COLOMBO,RECONDITIONED,2023.0,7,6AA-RV5,VEZEL
CAR,WULING,CLOUD EV,INDONESIA,ELECTRIC,49.0,GAMPAHA,BRAND NEW,2025.0,1,,CLOUD EV
CAR,DAIHATSU,3BA-A210S  ROCKY,JAPAN,PETROL,996.0,RATNAPURA,RECONDITIONED,2023.0,1,3BA-A210S,ROCKY
CAR,BYD,SEALION 6 SUPERIOR,CHINA,PETROL/ELE,1498.0,KANDY,BRAND NEW,2025.0,28,,SEALION 6 SUPERIOR
CAR,CHANGAN,L07,CHINA,ELECTRIC,99.0,COLOMBO,BRAND NEW,2025.0,4,,L07
CAR,TOYOTA,5BA-A201A RAIZE,JAPAN,PETROL,1196.0,RATNAPURA,RECONDITIONED,2024.0,2,5BA-A201A,RAIZE
CAR,BYD,ATTO3-ADVANCED,CHINA,ELECTRIC,100.0,MATARA,BRAND NEW,2025.0,15,ATTO3-ADVANCED,Unknown
CAR,TOYOTA,6AA-MXPJ10 YARIS,JAPAN,PETROL/ELE,1490.0,GAMPAHA,RECONDITIONED,2024.0,3,6AA-MXPJ10,YARIS
CAR,TOYOTA,5AA-A202A RAIZE,JAPAN,PETROL/ELE,78.0,GALLE,RECONDITIONED,2025.0,9,5AA-A202A,RAIZE
CAR,PERODUA,BEZZA,MALAYSIA,PETROL,998.0,KALUTARA,BRAND NEW,2025.0,7,,BEZZA
CAR,TOYOTA,A250RA-GBVV RAIZE,INDONESIA,PETROL,998.0,GAMPAHA,BRAND NEW,2025.0,115,,A250RA-GBVV RAIZE
CAR,TOYOTA,3BA-A210A RAIZE,JAPAN,PETROL,996.0,GALLE,RECONDITIONED,2024.0,5,3BA-A210A,RAIZE
CAR,SUZUKI,3BD-DA17V EVERY,JAPAN,PETROL,658.0,COLOMBO,RECONDITIONED,2024.0,8,3BD-DA17V,EVERY
CAR,SUZUKI,5BA-MH85S  WAGON R,JAPAN,PETROL,658.0,GAMPAHA,RECONDITIONED,2024.0,2,5BA-MH85S,WAGON R
CAR,TOYOTA,3BA-TRJ150W  PRADO,JAPAN,PETROL,2693.0,KURUNEGALA,RECONDITIONED,2023.0,2,3BA-TRJ150W,PRADO
CAR,TOYOTA,3BA-A210A RAIZE,JAPAN,PETROL,996.0,GALLE,RECONDITIONED,2023.0,6,3BA-A210A,RAIZE
CAR,WULING,BINGUO,INDONESIA,ELECTRIC,49.0,COLOMBO,BRAND NEW,2025.0,30,,BINGUO
CAR,WULING,BINGUO,INDONESIA,ELECTRIC,49.0,KURUNEGALA,BRAND NEW,2025.0,3,,BINGUO
CAR,DAIHATSU,5BA-LA350S MIRA,JAPAN,PETROL,658.0,GAMPAHA,RECONDITIONED,2023.0,12,5BA-LA350S,MIRA
CAR,BYD,DOLPHIN-DYNAMIC49,CHINA,ELECTRIC,49.0,KANDY,BRAND NEW,2025.0,1,,DOLPHIN-DYNAMIC49
CAR,SUZUKI,5AA-MH95S WAGON R,JAPAN,PETROL,658.0,GAMPAHA,RECONDITIONED,2025.0,18,5AA-MH95S,WAGON R
CAR,SUZUKI,5AA-MH95S WAGON R,JAPAN,PETROL,658.0,PUTTALAM,RECONDITIONED,2025.0,3,5AA-MH95S,WAGON R
CAR,SUZUKI,5BD-DA17V EVERY,JAPAN,PETROL,658.0,GAMPAHA,RECONDITIONED,2023.0,11,5BD-DA17V,EVERY
CAR,TOYOTA,3BA-A210A RAIZE,JAPAN,PETROL,996.0,COLOMBO,RECONDITIONED,2024.0,34,3BA-A210A,RAIZE
CAR,TOYOTA,3BA-A210A RAIZE,JAPAN,PETROL,998.0,COLOMBO,RECONDITIONED,2024.0,3,3BA-A210A,RAIZE
CAR,HONDA,6AA-RV5 VEZEL,JAPAN,PETROL/ELE,1496.0,HAMBANTOTA,RECONDITIONED,2024.0,4,6AA-RV5,VEZEL
CAR,DAIHATSU,5BA-LA150S MOVE,JAPAN,PETROL,658.0,COLOMBO,RECONDITIONED,2022.0,2,5BA-LA150S,MOVE
CAR,HONDA,6AA-RV5 VEZEL,JAPAN,PETROL/ELE,1496.0,COLOMBO,RECONDITIONED,2023.0,51,6AA-RV5,VEZEL
CAR,TOYOTA,5AA-A202A RAIZE,JAPAN,PETROL/ELE,1196.0,HAMBANTOTA,RECONDITIONED,2025.0,2,5AA-A202A,RAIZE
CAR,SUZUKI,3BA-DA17W EVERY,JAPAN,PETROL,658.0,COLOMBO,RECONDITIONED,2024.0,5,3BA-DA17W,EVERY
CAR,TOYOTA,5BA-A201A  RAIZE,JAPAN,PETROL,1196.0,GAMPAHA,RECONDITIONED,2024.0,1,5BA-A201A,RAIZE
CAR,SUZUKI,3BD-DA17V EVERY,JAPAN,PETROL,656.0,COLOMBO,RECONDITIONED,2024.0,1,3BD-DA17V,EVERY
CAR,BYD,SEALION 6 SUPERIOR,CHINA,PETROL/ELE,1498.0,KURUNEGALA,BRAND NEW,2025.0,22,,SEALION 6 SUPERIOR
CAR,DFSK,DXK6470AS4H  GLORY,SRI LANKA,PETROL,1498.0,COLOMBO,LOCALLY ASSEMBLED,2025.0,1,,DXK6470AS4H  GLORY
CAR,TOYOTA,5AA-A202A   RAIZE,JAPAN,PETROL/ELE,1196.0,GAMPAHA,RECONDITIONED,2024.0,1,5AA-A202A,RAIZE
CAR,SUZUKI,4AA-MH55S WAGON R,JAPAN,PETROL,658.0,COLOMBO,RECONDITIONED,2023.0,3,4AA-MH55S,WAGON R
CAR,HONDA,6AA-RV5  VEZEL,JAPAN,PETROL/ELE,1496.0,GAMPAHA,RECONDITIONED,2025.0,7,6AA-RV5,VEZEL
CAR,SUZUKI,3BA-DA17W EVERY,JAPAN,PETROL,658.0,KANDY,RECONDITIONED,2025.0,10,3BA-DA17W,EVERY
CAR,BYD,ATTO-3-SUPERIOR,CHINA,ELECTRIC,100.0,MATARA,BRAND NEW,2025.0,15,ATTO-3-SUPERIOR,Unknown
CAR,SUZUKI,3BA-DA17W EVERY,JAPAN,PETROL,650.0,GAMPAHA,RECONDITIONED,2025.0,1,3BA-DA17W,EVERY
CAR,BYD,ATTO3-ADVANCED,CHINA,ELECTRIC,100.0,ANURADHAPURA,BRAND NEW,2025.0,3,ATTO3-ADVANCED,Unknown
CAR,KIA,SONET,INDIA,PETROL,998.0,KURUNEGALA,BRAND NEW,2025.0,3,,SONET
CAR,TOYOTA,6AA-MXPJ10  YARIS,JAPAN,PETROL/ELE,1496.0,GAMPAHA,RECONDITIONED,2023.0,1,6AA-MXPJ10,YARIS
CAR,KIA,SONET,INDIA,PETROL,998.0,GALLE,BRAND NEW,2025.0,3,,SONET
CAR,HONDA,6AA-RV5 VEZEL,JAPAN,PETROL/ELE,1496.0,COLOMBO,RECONDITIONED,2024.0,61,6AA-RV5,VEZEL
CAR,TOYOTA,5BA-A201A,JAPAN,PETROL,1196.0,MATARA,RECONDITIONED,2022.0,1,5BA-A201A,RAICE
CAR,TOYOTA,5BA-M900A ROOMY,JAPAN,PETROL,996.0,COLOMBO,RECONDITIONED,2023.0,15,5BA-M900A,ROOMY
CAR,TOYOTA,3BA-A210A RAIZE,JAPAN,PETROL,996.0,RATNAPURA,RECONDITIONED,2024.0,3,3BA-A210A,RAIZE
CAR,BYD,ATTO3-ADVANCED,CHINA,ELECTRIC,100.0,COLOMBO,BRAND NEW,2025.0,190,ATTO3-ADVANCED,Unknown
CAR,TOYOTA,4BA-M900A  ROOMY,JAPAN,PETROL,996.0,COLOMBO,RECONDITIONED,2025.0,1,4BA-M900A,ROOMY
CAR,HONDA,6AA-RV5  VEZEL,JAPAN,PETROL/ELE,1496.0,RATNAPURA,RECONDITIONED,2025.0,1,6AA-RV5,VEZEL
CAR,BYD,ATTO3-ADVANCED,CHINA,ELECTRIC,100.0,GAMPAHA,BRAND NEW,2025.0,122,ATTO3-ADVANCED,Unknown
CAR,SUZUKI,5BA-MH85S WAGON R,JAPAN,PETROL,658.0,ANURADHAPURA,RECONDITIONED,2023.0,3,5BA-MH85S,WAGON R
CAR,TOYOTA,6AA-MXPJ10 YARIS,JAPAN,PETROL/ELE,1490.0,GAMPAHA,RECONDITIONED,2025.0,4,6AA-MXPJ10,YARIS
CAR,BYD,DOLPHIN-DYNAMIC49,CHINA,ELECTRIC,49.0,GAMPAHA,BRAND NEW,2025.0,1,,DOLPHIN-DYNAMIC49
CAR,TOYOTA,3BA-A210A RAIZE,JAPAN,PETROL,998.0,COLOMBO,RECONDITIONED,2025.0,3,3BA-A210A,RAIZE
CAR,TOYOTA,3BA-A210A RAIZE,JAPAN,PETROL,996.0,KALUTARA,RECONDITIONED,2024.0,8,3BA-A210A,RAIZE
CAR,BYD,SEAL-COMFORT,CHINA,ELECTRIC,100.0,COLOMBO,BRAND NEW,2025.0,28,SEAL-COMFORT,Unknown
CAR,SUZUKI,5AA-MK94S SPACIA,JAPAN,PETROL,658.0,GAMPAHA,RECONDITIONED,2025.0,4,5AA-MK94S,SPACIA
CAR,TOYOTA,6AA-MXPJ10 YARIS,JAPAN,PETROL/ELE,1496.0,HAMBANTOTA,RECONDITIONED,2025.0,2,6AA-MXPJ10,YARIS
CAR,TOYOTA,5BA-A201A RAIZE,JAPAN,PETROL,1196.0,COLOMBO,RECONDITIONED,2025.0,4,5BA-A201A,RAIZE
CAR,TOYOTA,6AA-MXPJ10 YARIS,JAPAN,PETROL/ELE,1496.0,COLOMBO,RECONDITIONED,2023.0,19,6AA-MXPJ10,YARIS
CAR,DAIHATSU,5BA-LA900S TAFT,JAPAN,PETROL,658.0,PUTTALAM,RECONDITIONED,2024.0,2,5BA-LA900S,TAFT
CAR,TOYOTA,5BA-KSP210 YARIS,JAPAN,PETROL,996.0,KALUTARA,RECONDITIONED,2023.0,7,5BA-KSP210,YARIS
CAR,SUZUKI,5AA-HA97S ALTO,JAPAN,PETROL,658.0,RATNAPURA,RECONDITIONED,2024.0,1,5AA-HA97S,ALTO
CAR,HONDA,CITY RS,THAILAND,PETROL,988.0,KURUNEGALA,RECONDITIONED,2025.0,8,,CITY RS
CAR,HONDA,6AA-RV5 VEZEL,JAPAN,PETROL/ELE,1496.0,KALUTARA,RECONDITIONED,2024.0,13,6AA-RV5,VEZEL
CAR,DAIHATSU,5BA LA350S  MIRA,JAPAN,PETROL,658.0,COLOMBO,RECONDITIONED,2024.0,1,,5BA LA350S  MIRA
CAR,BYD,SEALION 6 SUPERIOR,CHINA,PETROL/ELE,1498.0,COLOMBO,BRAND NEW,2025.0,273,,SEALION 6 SUPERIOR
CAR,BYD,SEALION 6 SUPERIOR,CHINA,PETROL/ELE,1498.0,RATNAPURA,BRAND NEW,2025.0,20,,SEALION 6 SUPERIOR
CAR,DAIHATSU,5BA-LA900S TAFT,JAPAN,PETROL,658.0,GAMPAHA,RECONDITIONED,2023.0,11,5BA-LA900S,TAFT
CAR,TOYOTA,5BA-KSP210 YARIS,JAPAN,PETROL,996.0,GALLE,RECONDITIONED,2023.0,12,5BA-KSP210,YARIS
CAR,BYD,SEAL-COMFORT,CHINA,ELECTRIC,100.0,KALUTARA,BRAND NEW,2025.0,2,SEAL-COMFORT,Unknown
CAR,KIA,CARNIVAL,SOUTH KOREA,PETROL/ELE,1598.0,COLOMBO,BRAND NEW,2025.0,1,,CARNIVAL
CAR,TOYOTA,5BA-M900A ROOMY,JAPAN,PETROL,996.0,KALUTARA,RECONDITIONED,2024.0,4,5BA-M900A,ROOMY
CAR,HONDA,6AA-RV5 VEZEL,JAPAN,PETROL/ELE,1496.0,MATARA,RECONDITIONED,2023.0,6,6AA-RV5,VEZEL
CAR,HONDA,6AA-RV5 VEZEL,JAPAN,PETROL/ELE,1496.0,COLOMBO,RECONDITIONED,2025.0,230,6AA-RV5,VEZEL
CAR,TOYOTA,5BA-M900A ROOMY,JAPAN,PETROL,996.0,PUTTALAM,RECONDITIONED,2023.0,3,5BA-M900A,ROOMY
CAR,DAIHATSU,5BA-LA900S TAFT,JAPAN,PETROL,658.0,KALUTARA,RECONDITIONED,2024.0,2,5BA-LA900S,TAFT
CAR,HONDA,6BA-JH3 N WGN,JAPAN,PETROL,658.0,KURUNEGALA,RECONDITIONED,2023.0,1,6BA-JH3,N WGN
CAR,LAND ROVER,3BA-LE72XAA,UNITED KINGDOM,PETROL,1997.0,KANDY,RECONDITIONED,2023.0,1,3BA-LE72XAA,Unknown
CAR,TOYOTA,5AA-A202A RAIZE,JAPAN,ELECTRIC,78.0,AMPARA,RECONDITIONED,2024.0,1,5AA-A202A,RAIZE
CAR,BYD,SEALION 6 SUPERIOR,CHINA,PETROL/ELE,1498.0,GAMPAHA,BRAND NEW,2025.0,103,,SEALION 6 SUPERIOR
CAR,BYD,SEALION 6 SUPERIOR,CHINA,PETROL/ELE,1498.0,MONERAGALA,BRAND NEW,2025.0,2,,SEALION 6 SUPERIOR
CAR,BYD,ATTO-3-SUPERIOR,CHINA,ELECTRIC,100.0,GAMPAHA,BRAND NEW,2025.0,50,ATTO-3-SUPERIOR,Unknown
CAR,DAIHATSU,5BA-LA910S TAFT,JAPAN,PETROL,658.0,COLOMBO,RECONDITIONED,2024.0,2,5BA-LA910S,TAFT
CAR,TOYOTA,YARIS CROSS,JAPAN,PETROL/ELE,1496.0,COLOMBO,RECONDITIONED,2025.0,1,,YARIS CROSS
CAR,DAIHATSU,5BA-LA900S  TAFT,JAPAN,PETROL,658.0,COLOMBO,RECONDITIONED,2023.0,2,5BA-LA900S,TAFT
CAR,HONDA,CITY RS,THAILAND,PETROL,988.0,KALUTARA,RECONDITIONED,2025.0,5,,CITY RS
CAR,KIA,SONET,INDIA,PETROL,998.0,JAFFNA,BRAND NEW,2025.0,1,,SONET
CAR,TOYOTA,5BA-KSP210  YARIS,JAPAN,PETROL,998.0,GAMPAHA,RECONDITIONED,2022.0,1,5BA-KSP210,YARIS
CAR,HONDA,CITY,THAILAND,PETROL,988.0,COLOMBO,RECONDITIONED,2025.0,5,,CITY
CAR,TOYOTA,5AA-A202A RAIZE,JAPAN,PETROL/ELE,1196.0,COLOMBO,RECONDITIONED,2024.0,5,5AA-A202A,RAIZE
CAR,NISSAN,5BA-B43W DAYZ,JAPAN,PETROL,658.0,KALUTARA,RECONDITIONED,2024.0,3,5BA-B43W,DAYZ
CAR,TOYOTA,LAND CRUISER,JAPAN,DIESEL,3345.0,GAMPAHA,RECONDITIONED,2024.0,1,,LAND CRUISER
CAR,TOYOTA,YARIS CROSS,THAILAND,PETROL/ELE,1496.0,COLOMBO,RECONDITIONED,2025.0,34,,YARIS CROSS
CAR,TOYOTA,5BA-A201A RAIZE,JAPAN,PETROL,1196.0,KALUTARA,RECONDITIONED,2023.0,7,5BA-A201A,RAIZE
CAR,TATA,TIAGO -EV,INDIA,ELECTRIC,48.0,COLOMBO,BRAND NEW,2025.0,1,,TIAGO -EV
CAR,HONDA,6AA-RV5 VEZEL,JAPAN,PETROL/ELE,1496.0,RATNAPURA,RECONDITIONED,2023.0,4,6AA-RV5,VEZEL
CAR,TOYOTA,5AA-A202A RAIZE,JAPAN,PETROL/ELE,78.0,GAMPAHA,RECONDITIONED,2025.0,30,5AA-A202A,RAIZE
CAR,SUZUKI,5BA-MH85S WAGON R,JAPAN,PETROL,658.0,GALLE,RECONDITIONED,2024.0,6,5BA-MH85S,WAGON R
CAR,HONDA,6AA-RV5 VEZEL,JAPAN,PETROL/ELE,1496.0,GAMPAHA,RECONDITIONED,2025.0,113,6AA-RV5,VEZEL
CAR,HONDA,6AA-RV5 VEZEL,JAPAN,PETROL/ELE,1496.0,KALUTARA,RECONDITIONED,2025.0,41,6AA-RV5,VEZEL
CAR,TOYOTA,5AA-A202A RAIZE,JAPAN,ELECTRIC,78.0,GAMPAHA,RECONDITIONED,2023.0,4,5AA-A202A,RAIZE
CAR,TOYOTA,5AA-A202A RAIZE,JAPAN,PETROL/ELE,78.0,BATTICALOA,RECONDITIONED,2025.0,13,5AA-A202A,RAIZE
CAR,SUZUKI,5BD-MK33V SPACIA,JAPAN,PETROL,658.0,MATARA,RECONDITIONED,2023.0,1,5BD-MK33V,SPACIA
CAR,TOYOTA,6AA-MXPK11 AQUA,JAPAN,PETROL/ELE,1496.0,GAMPAHA,RECONDITIONED,2024.0,1,6AA-MXPK11,AQUA
CAR,WULING,CLOUD EV,INDONESIA,ELECTRIC,100.0,COLOMBO,BRAND NEW,2025.0,1,,CLOUD EV
CAR,BYD,DOLPHIN-DYNAMIC 70,CHINA,ELECTRIC,70.0,KEGALLE,BRAND NEW,2025.0,1,,DOLPHIN-DYNAMIC 70
CAR,HONDA,6AA-RV5 VEZEL,JAPAN,PETROL/ELE,1496.0,TRINCOMALEE,RECONDITIONED,2024.0,2,6AA-RV5,VEZEL
CAR,TOYOTA,5AA-A202A RAIZE,JAPAN,ELECTRIC,78.0,RATNAPURA,RECONDITIONED,2025.0,2,5AA-A202A,RAIZE
CAR,TOYOTA,5AA-A202A RAIZE,JAPAN,ELECTRIC,78.0,HAMBANTOTA,RECONDITIONED,2025.0,1,5AA-A202A,RAIZE
CAR,MERCEDES BENZ,4AA-213077C E200,GERMANY,PETROL,1496.0,COLOMBO,RECONDITIONED,2023.0,2,4AA-213077C,E200
CAR,TOYOTA,5AA-A202A SEDAN,JAPAN,ELECTRIC,78.0,COLOMBO,RECONDITIONED,2025.0,1,5AA-A202A,SEDAN
CAR,SUZUKI,5AA-MH95S,JAPAN,PETROL,657.0,JAFFNA,RECONDITIONED,2025.0,1,5AA-MH95S,WOGON R
CAR,TOYOTA,5BA-KSP210 YARIS,JAPAN,PETROL,996.0,RATNAPURA,RECONDITIONED,2023.0,5,5BA-KSP210,YARIS
CAR,SUZUKI,3BA-DA17W EVERY,JAPAN,PETROL,658.0,COLOMBO,RECONDITIONED,2025.0,10,3BA-DA17W,EVERY
CAR,TOYOTA,6AA-ZWR90W VOXY,JAPAN,PETROL/ELE,1797.0,PUTTALAM,RECONDITIONED,2025.0,1,6AA-ZWR90W,VOXY
CAR,SUZUKI,5BA-MH85S WAGON R,JAPAN,PETROL,658.0,KANDY,RECONDITIONED,2025.0,3,5BA-MH85S,WAGON R
CAR,MERCEDES BENZ,5AA-206042C,GERMANY,PETROL,1496.0,COLOMBO,RECONDITIONED,2023.0,2,5AA-206042C,BENZ
CAR,SUZUKI,3BA-DA17W  EVERY,JAPAN,PETROL,656.0,MATARA,RECONDITIONED,2023.0,1,3BA-DA17W,EVERY
CAR,MERCEDES BENZ,GLB200,AUSTRALIA,PETROL,1332.0,COLOMBO,RECONDITIONED,2025.0,1,,GLB200
CAR,TOYOTA,3BA-TRJ150W,JAPAN,PETROL,2693.0,COLOMBO,RECONDITIONED,2023.0,9,3BA-TRJ150W,TXL
CAR,WULING,CLOUD EV,INDONESIA,ELECTRIC,99.0,COLOMBO,BRAND NEW,2025.0,6,,CLOUD EV
CAR,BYD,SEAL-COMFORT,CHINA,ELECTRIC,100.0,MATALE,BRAND NEW,2025.0,1,SEAL-COMFORT,Unknown
CAR,TOYOTA,5BA-KSP210   YARIS,JAPAN,PETROL,996.0,KEGALLE,RECONDITIONED,2023.0,1,5BA-KSP210,YARIS
CAR,SUZUKI,5BA-MH85S WAGON R,JAPAN,PETROL,658.0,MATARA,RECONDITIONED,2024.0,8,5BA-MH85S,WAGON R
CAR,TOYOTA,5BA-KSP210 YARIS,JAPAN,PETROL,996.0,GAMPAHA,RECONDITIONED,2023.0,35,5BA-KSP210,YARIS
CAR,TOYOTA,5BA-KSP210 YARIS,JAPAN,PETROL,996.0,GALLE,RECONDITIONED,2022.0,5,5BA-KSP210,YARIS
CAR,SUZUKI,5BA-MH85S WAGON R,JAPAN,PETROL,658.0,COLOMBO,RECONDITIONED,2023.0,13,5BA-MH85S,WAGON R
CAR,TOYOTA,3BA-A210A RAIZE,JAPAN,PETROL,996.0,JAFFNA,RECONDITIONED,2023.0,2,3BA-A210A,RAIZE
CAR,TOYOTA,5BA-KSP210 YARIS,JAPAN,PETROL,996.0,BATTICALOA,RECONDITIONED,2023.0,4,5BA-KSP210,YARIS
CAR,TOYOTA,3BA-VJA300W,JAPAN,PETROL,3444.0,BADULLA,RECONDITIONED,2024.0,1,3BA-VJA300W,Unknown
CAR,AUDI,3AA-F3DFY  Q3,GERMANY,PETROL,1496.0,COLOMBO,RECONDITIONED,2024.0,1,3AA-F3DFY,Q3
CAR,TOYOTA,3BA-A210A RAIZE,JAPAN,PETROL,996.0,COLOMBO,RECONDITIONED,2025.0,13,3BA-A210A,RAIZE
CAR,BYD,ATTO3-ADVANCED,CHINA,ELECTRIC,100.0,KALUTARA,BRAND NEW,2025.0,32,ATTO3-ADVANCED,Unknown
CAR,HONDA,6AA-RV5 VEZEL,JAPAN,PETROL/ELE,1496.0,KURUNEGALA,RECONDITIONED,2024.0,14,6AA-RV5,VEZEL
CAR,TOYOTA,5AA-A202A RAIZE,JAPAN,ELECTRIC,78.0,COLOMBO,RECONDITIONED,2025.0,28,5AA-A202A,RAIZE
CAR,BYD,ATTO3-ADVANCED,CHINA,ELECTRIC,100.0,KILINOCHCHI,BRAND NEW,2025.0,1,ATTO3-ADVANCED,Unknown
CAR,TOYOTA,WIGO A350RA GBNE,INDONESIA,PETROL,998.0,COLOMBO,BRAND NEW,2025.0,9,,WIGO A350RA GBNE
CAR,DAIHATSU,3BA-A210S ROCKY,JAPAN,PETROL,996.0,BADULLA,RECONDITIONED,2025.0,1,3BA-A210S,ROCKY
CAR,BYD,DOLPHIN-DYNAMIC49,CHINA,ELECTRIC,49.0,COLOMBO,BRAND NEW,2025.0,3,,DOLPHIN-DYNAMIC49
CAR,TOYOTA,5BA-KSP210 YARIS,JAPAN,PETROL,996.0,COLOMBO,RECONDITIONED,2023.0,30,5BA-KSP210,YARIS
CAR,HONDA,6AA-RV5  VEZEL,JAPAN,PETROL/ELE,1496.0,PUTTALAM,RECONDITIONED,2025.0,3,6AA-RV5,VEZEL
CAR,KIA,SONET,INDIA,PETROL,998.0,COLOMBO,BRAND NEW,2025.0,55,,SONET
CAR,BYD,DOLPHIN-DYNAMIC 70,CHINA,ELECTRIC,70.0,GAMPAHA,BRAND NEW,2025.0,3,,DOLPHIN-DYNAMIC 70
CAR,BYD,SEALION 6 PREMIUM,CHINA,PETROL/ELE,1498.0,COLOMBO,BRAND NEW,2025.0,42,,SEALION 6 PREMIUM
CAR,SUZUKI,5AA-MH95S WAGON R,JAPAN,PETROL,658.0,GAMPAHA,RECONDITIONED,2023.0,8,5AA-MH95S,WAGON R
CAR,DAIHATSU,5BA-LA900S TAFT,JAPAN,PETROL,658.0,COLOMBO,RECONDITIONED,2023.0,5,5BA-LA900S,TAFT
CAR,BYD,DOLPHIN-DYNAMIC 70,CHINA,ELECTRIC,70.0,COLOMBO,BRAND NEW,2025.0,9,,DOLPHIN-DYNAMIC 70
CAR,HONDA,6AA-RV5 VEZEL,JAPAN,PETROL/ELE,1496.0,BADULLA,RECONDITIONED,2025.0,9,6AA-RV5,VEZEL
CAR,SUZUKI,5AA-MR92S  HUSTLER,JAPAN,PETROL,658.0,COLOMBO,RECONDITIONED,2023.0,1,5AA-MR92S,HUSTLER
CAR,TOYOTA,3DAFJA300W,JAPAN,DIESEL,3345.0,RATNAPURA,RECONDITIONED,2023.0,1,,3DAFJA300W
CAR,SUZUKI,5AA-MH95S WAGON R,JAPAN,PETROL,658.0,GAMPAHA,RECONDITIONED,2024.0,7,5AA-MH95S,WAGON R
CAR,HONDA,6AA-RV5 VEZEL,JAPAN,PETROL/ELE,1496.0,ANURADHAPURA,RECONDITIONED,2025.0,12,6AA-RV5,VEZEL
CAR,TOYOTA,RAIZE 3BA-A210A,JAPAN,PETROL,996.0,COLOMBO,RECONDITIONED,2024.0,1,,RAIZE 3BA-A210A
CAR,SUZUKI,5AA-MH95S,JAPAN,PETROL,658.0,COLOMBO,RECONDITIONED,2023.0,1,5AA-MH95S,WOGON R
CAR,NISSAN,5BA-B43W,JAPAN,PETROL,656.0,KURUNEGALA,RECONDITIONED,2023.0,1,5BA-B43W,DAYS
CAR,SUZUKI,5AA-MH95S,JAPAN,PETROL,658.0,RATNAPURA,RECONDITIONED,2024.0,1,5AA-MH95S,WOGON R
CAR,SUZUKI,4AA-MK54S SPACIA,JAPAN,PETROL,658.0,GAMPAHA,RECONDITIONED,2023.0,1,4AA-MK54S,SPACIA
CAR,SUZUKI,5AA-MH95S,JAPAN,PETROL,658.0,MATARA,RECONDITIONED,2023.0,1,5AA-MH95S,WOGON R
CAR,NISSAN,5BD-DR17V CLIPPER,JAPAN,PETROL,658.0,KANDY,RECONDITIONED,2024.0,5,5BD-DR17V,CLIPPER
CAR,TOYOTA,5BA-KSP210,JAPAN,PETROL,990.0,COLOMBO,RECONDITIONED,2025.0,1,5BA-KSP210,Unknown
CAR,TOYOTA,NYC200R-DHXHBF,INDONESIA,PETROL/ELE,1496.0,RATNAPURA,BRAND NEW,2025.0,1,,NYC200R-DHXHBF
CAR,NISSAN,5BD-DR17V CLIPPER,JAPAN,PETROL,658.0,KURUNEGALA,RECONDITIONED,2024.0,7,5BD-DR17V,CLIPPER
CAR,SUZUKI,5BD-DA17V EVERY,JAPAN,PETROL,658.0,KALUTARA,RECONDITIONED,2024.0,6,5BD-DA17V,EVERY
CAR,LAND ROVER,DEFENDER,UNITED KINGDOM,DIESEL,2997.0,COLOMBO,RECONDITIONED,2024.0,1,,DEFENDER
CAR,NISSAN,5AA-B44A ROOX,JAPAN,PETROL,658.0,NUWARA-ELIYA,RECONDITIONED,2023.0,1,5AA-B44A,ROOX
CAR,TOYOTA,3BA-TRJ250W,JAPAN,PETROL,2693.0,AMPARA,RECONDITIONED,2024.0,1,3BA-TRJ250W,VX
CAR,NISSAN,5BD- DR17V  CLIPPER,JAPAN,PETROL,658.0,KURUNEGALA,RECONDITIONED,2024.0,1,,5BD- DR17V  CLIPPER
CAR,TOYOTA,3BA-VJA300W,JAPAN,PETROL,3444.0,COLOMBO,RECONDITIONED,2025.0,6,3BA-VJA300W,Unknown
CAR,SUZUKI,5AA-MR92S HUSTLER,JAPAN,PETROL,658.0,COLOMBO,RECONDITIONED,2024.0,4,5AA-MR92S,HUSTLER
CAR,B.M.W.,3BA-7K15 218I,GERMANY,PETROL,1498.0,COLOMBO,RECONDITIONED,2024.0,1,3BA-7K15,218I
CAR,TOYOTA,3BA-TRJ250W,JAPAN,PETROL,2693.0,COLOMBO,RECONDITIONED,2025.0,11,3BA-TRJ250W,VX
CAR,SUZUKI,5AA-MH95S WAGON R,JAPAN,PETROL,658.0,COLOMBO,RECONDITIONED,2025.0,18,5AA-MH95S,WAGON R
CAR,HONDA,6AA-RV5 VEZEL,JAPAN,PETROL/ELE,1496.0,NUWARA-ELIYA,RECONDITIONED,2025.0,4,6AA-RV5,VEZEL
CAR,HONDA,6AA-RV5  VEZEL,JAPAN,PETROL/ELE,1496.0,GALLE,RECONDITIONED,2025.0,10,6AA-RV5,VEZEL
CAR,TOYOTA,3BA-A210A RAIZE,JAPAN,PETROL,996.0,KEGALLE,RECONDITIONED,2023.0,2,3BA-A210A,RAIZE
CAR,HONDA,5BA-DG5 WR-V,JAPAN,PETROL,1496.0,COLOMBO,RECONDITIONED,2024.0,1,5BA-DG5,WR-V
CAR,TOYOTA,6AA-MXPJ10 YARIS,JAPAN,PETROL/ELE,1496.0,BATTICALOA,RECONDITIONED,2025.0,1,6AA-MXPJ10,YARIS
CAR,NISSAN,MAGNITE ACENTA BR10,INDIA,PETROL,999.0,GAMPAHA,BRAND NEW,2025.0,31,,MAGNITE ACENTA BR10
CAR,PERODUA,AXIA CG1GZ,MALAYSIA,PETROL,998.0,GALLE,BRAND NEW,2025.0,1,,AXIA CG1GZ
CAR,WULING,BINGUO,INDONESIA,ELECTRIC,49.0,PUTTALAM,BRAND NEW,2025.0,1,,BINGUO
CAR,TOYOTA,WIGO A350RA GBNE,INDONESIA,PETROL,998.0,GAMPAHA,BRAND NEW,2025.0,3,,WIGO A350RA GBNE
CAR,TOYOTA,5BA-A201A RAIZE,JAPAN,PETROL,1196.0,KURUNEGALA,RECONDITIONED,2023.0,2,5BA-A201A,RAIZE
CAR,MAZDA,5AA-MM94S,JAPAN,PETROL,658.0,KALUTARA,RECONDITIONED,2024.0,1,5AA-MM94S,Unknown
CAR,BYD,ATTO3-ADVANCED,CHINA,ELECTRIC,100.0,KEGALLE,BRAND NEW,2025.0,3,ATTO3-ADVANCED,Unknown
CAR,DONG FENG,BOX E3,CHINA,ELECTRIC,49.5,COLOMBO,BRAND NEW,2025.0,1,,BOX E3
CAR,DAIHATSU,5BA-LA360S MIRA,JAPAN,PETROL,658.0,BADULLA,RECONDITIONED,2023.0,1,5BA-LA360S,MIRA
CAR,TOYOTA,3BA-A210A RAIZE,JAPAN,PETROL,996.0,BADULLA,RECONDITIONED,2024.0,2,3BA-A210A,RAIZE
CAR,DAIHATSU,5BA-LA910S  TAFT,JAPAN,PETROL,658.0,TRINCOMALEE,RECONDITIONED,2024.0,1,5BA-LA910S,TAFT
CAR,TOYOTA,5BA-KSP210 YARIS,JAPAN,PETROL,996.0,MATARA,RECONDITIONED,2024.0,6,5BA-KSP210,YARIS
CAR,SUZUKI,3BA-DA17W WAGON,JAPAN,PETROL,658.0,KURUNEGALA,RECONDITIONED,2023.0,1,3BA-DA17W,WAGON
CAR,BYD,SEALION 6 SUPERIOR,CHINA,PETROL/ELE,1498.0,HAMBANTOTA,BRAND NEW,2025.0,9,,SEALION 6 SUPERIOR
CAR,SUZUKI,5BA-MH85S WAGON R,JAPAN,PETROL,658.0,GAMPAHA,RECONDITIONED,2023.0,17,5BA-MH85S,WAGON R
CAR,NISSAN,MAGNITE ACENTA BR10,INDIA,PETROL,999.0,KURUNEGALA,BRAND NEW,2025.0,3,,MAGNITE ACENTA BR10
CAR,BYD,ATTO-3-SUPERIOR,CHINA,ELECTRIC,100.0,NUWARA-ELIYA,BRAND NEW,2025.0,4,ATTO-3-SUPERIOR,Unknown
CAR,NISSAN,MAGNITE TEKNA PLUS,INDIA,PETROL,999.0,KANDY,BRAND NEW,2025.0,9,,MAGNITE TEKNA PLUS
CAR,PERODUA,BEZZA,MALAYSIA,PETROL,998.0,RATNAPURA,BRAND NEW,2025.0,4,,BEZZA
CAR,PERODUA,AXIA-CG1SZ,MALAYSIA,PETROL,998.0,MATARA,BRAND NEW,2025.0,2,AXIA-CG1SZ,Unknown
CAR,TOYOTA,ROOMY 5BA-M900A,JAPAN,PETROL,996.0,MULLATIVU,RECONDITIONED,2022.0,1,,ROOMY 5BA-M900A
CAR,DAIHATSU,5BA-LA350S MIRA,JAPAN,PETROL,658.0,GALLE,RECONDITIONED,2024.0,3,5BA-LA350S,MIRA
CAR,DAIHATSU,5BA-LA350S,JAPAN,PETROL,658.0,COLOMBO,RECONDITIONED,2024.0,6,5BA-LA350S,MIRA  E S
CAR,TOYOTA,5BA-A201A-RAIZE,JAPAN,PETROL,1196.0,KALUTARA,RECONDITIONED,2024.0,1,5BA-A201A-RAIZE,Unknown
CAR,PERODUA,AXIA CG1GZ,MALAYSIA,PETROL,998.0,JAFFNA,BRAND NEW,2025.0,1,,AXIA CG1GZ
CAR,DAIHATSU,5BA-LA350S MIRA,JAPAN,PETROL,656.0,KEGALLE,RECONDITIONED,2024.0,1,5BA-LA350S,MIRA
CAR,TOYOTA,5AA-A202A RAIZE,JAPAN,PETROL/ELE,1196.0,PUTTALAM,RECONDITIONED,2025.0,4,5AA-A202A,RAIZE
CAR,DFSK,GLORY330 DXK6440AFF,SRI LANKA,DIESEL,1248.0,PUTTALAM,BRAND NEW,2024.0,1,,GLORY330 DXK6440AFF
CAR,HONDA,6AA-RV-5 VEZEL,JAPAN,PETROL/ELE,1490.0,COLOMBO,RECONDITIONED,2025.0,1,6AA-RV-5,VEZEL
CAR,HONDA,6AA-RV5 VEZEL,JAPAN,PETROL/ELE,1496.0,NUWARA-ELIYA,RECONDITIONED,2024.0,3,6AA-RV5,VEZEL
CAR,SUZUKI,3BA-DA17W EVERY,JAPAN,PETROL,658.0,GAMPAHA,RECONDITIONED,2025.0,8,3BA-DA17W,EVERY
CAR,SUZUKI,5AA-MK53S SPACIA,JAPAN,PETROL,658.0,MATALE,RECONDITIONED,2023.0,1,5AA-MK53S,SPACIA
CAR,NISSAN,5BD-DR17V  CLIPPER,JAPAN,PETROL,658.0,GALLE,RECONDITIONED,2024.0,2,5BD-DR17V,CLIPPER
CAR,SUZUKI,3BA-DA17W EVERY,JAPAN,PETROL,658.0,MATALE,RECONDITIONED,2024.0,1,3BA-DA17W,EVERY
CAR,TOYOTA,6AA-MXPJ10 YARIS,JAPAN,PETROL/ELE,1490.0,COLOMBO,RECONDITIONED,2024.0,9,6AA-MXPJ10,YARIS
CAR,TOYOTA,5BA-KSP210 YARIS,JAPAN,PETROL,996.0,BATTICALOA,RECONDITIONED,2024.0,2,5BA-KSP210,YARIS
CAR,SUZUKI,3BD-DA17V EVERY,JAPAN,PETROL,658.0,PUTTALAM,RECONDITIONED,2024.0,3,3BD-DA17V,EVERY
CAR,SUZUKI,5AA-MK53S SPACIA,JAPAN,PETROL,658.0,BATTICALOA,RECONDITIONED,2023.0,1,5AA-MK53S,SPACIA
CAR,DAIHATSU,5BA-M900S THOR,JAPAN,PETROL,996.0,GAMPAHA,RECONDITIONED,2023.0,1,5BA-M900S,THOR
CAR,TOYOTA,5BA-KSP210  YARIS,JAPAN,PETROL,996.0,GALLE,RECONDITIONED,2022.0,1,5BA-KSP210,YARIS
CAR,TOYOTA,5BA-KSP210 YARIS,JAPAN,PETROL,996.0,PUTTALAM,RECONDITIONED,2022.0,3,5BA-KSP210,YARIS
CAR,LAND ROVER,DEFENDER,UNITED KINGDOM,PETROL/ELE,2000.0,COLOMBO,BRAND NEW,2025.0,12,,DEFENDER
CAR,TOYOTA,5BA-M900A ROOMY,JAPAN,PETROL,996.0,RATNAPURA,RECONDITIONED,2024.0,1,5BA-M900A,ROOMY
CAR,NISSAN,5BD-DR17V CLIPPER,JAPAN,PETROL,658.0,GALLE,RECONDITIONED,2024.0,3,5BD-DR17V,CLIPPER
CAR,TOYOTA,3BA-TRJ250W,JAPAN,PETROL/ELE,2693.0,KURUNEGALA,RECONDITIONED,2025.0,1,3BA-TRJ250W,VX
CAR,DAIHATSU,5BA-LA350S MIRA,JAPAN,PETROL,658.0,GAMPAHA,RECONDITIONED,2024.0,10,5BA-LA350S,MIRA
CAR,SUZUKI,4AA-MA55S  WAGON R,JAPAN,PETROL,658.0,ANURADHAPURA,RECONDITIONED,2023.0,1,4AA-MA55S,WAGON R
CAR,DAIHATSU,6BA-LA650S TANTO,JAPAN,PETROL,658.0,KURUNEGALA,RECONDITIONED,2022.0,1,6BA-LA650S,TANTO
CAR,SUZUKI,4AA-MR52S HUSTLER,JAPAN,PETROL,658.0,GALLE,RECONDITIONED,2023.0,1,4AA-MR52S,HUSTLER
CAR,DAIHATSU,5BA-LA650S TANTO,JAPAN,PETROL,658.0,KALUTARA,RECONDITIONED,2023.0,1,5BA-LA650S,TANTO
CAR,PEUGEOT,2008GT,SPAIN,PETROL,1199.0,KURUNEGALA,RECONDITIONED,2025.0,1,,2008GT
CAR,SUZUKI,5BD-DA17V EVERY,JAPAN,PETROL,656.0,KALUTARA,RECONDITIONED,2024.0,1,5BD-DA17V,EVERY
CAR,TOYOTA,FJA300R-GNUZY,JAPAN,DIESEL,3346.0,COLOMBO,BRAND NEW,2025.0,1,,FJA300R-GNUZY
CAR,TOYOTA,6AA-MXPJ10 YARIS,JAPAN,PETROL/ELE,1496.0,BADULLA,RECONDITIONED,2023.0,1,6AA-MXPJ10,YARIS
CAR,TOYOTA,6AA-ZWR90W VOXY,JAPAN,PETROL/ELE,1797.0,GAMPAHA,RECONDITIONED,2025.0,3,6AA-ZWR90W,VOXY
CAR,SUZUKI,5BA-MH85S WAGON R,JAPAN,PETROL,656.0,ANURADHAPURA,RECONDITIONED,2024.0,5,5BA-MH85S,WAGON R
CAR,HONDA,6AA-RV6 VEZEL,JAPAN,PETROL/ELE,1496.0,KALUTARA,RECONDITIONED,2024.0,1,6AA-RV6,VEZEL
CAR,HONDA,6AA-RV5  VEZEL,JAPAN,PETROL/ELE,1496.0,KEGALLE,RECONDITIONED,2025.0,1,6AA-RV5,VEZEL
CAR,TOYOTA,5BA-4201A RAIZE,JAPAN,PETROL,1196.0,KURUNEGALA,RECONDITIONED,2024.0,1,5BA-4201A,RAIZE
CAR,SUZUKI,5AA-MH95S WAGON R,JAPAN,PETROL,657.0,GALLE,RECONDITIONED,2025.0,2,5AA-MH95S,WAGON R
CAR,SUZUKI,3BA-DA17W  EVERY,JAPAN,PETROL,658.0,BADULLA,RECONDITIONED,2025.0,1,3BA-DA17W,EVERY
CAR,TOYOTA,5BA-KSP210 YARIS,JAPAN,PETROL,996.0,JAFFNA,RECONDITIONED,2024.0,3,5BA-KSP210,YARIS
CAR,NISSAN,5BA-B43W DAYZ,JAPAN,PETROL,658.0,GAMPAHA,RECONDITIONED,2024.0,5,5BA-B43W,DAYZ
CAR,SUZUKI,3BA-DA17W EVERY,JAPAN,PETROL,658.0,GAMPAHA,RECONDITIONED,2023.0,4,3BA-DA17W,EVERY
CAR,TOYOTA,3BA-TRJ250W,JAPAN,PETROL,2693.0,BADULLA,RECONDITIONED,2024.0,1,3BA-TRJ250W,VX
CAR,TOYOTA,3DA-GDJ250W,JAPAN,DIESEL,2754.0,COLOMBO,RECONDITIONED,2024.0,5,3DA-GDJ250W,Unknown
CAR,DAIHATSU,5BA-LA900S TAFT,JAPAN,PETROL,656.0,KANDY,RECONDITIONED,2024.0,2,5BA-LA900S,TAFT
CAR,TOYOTA,5BA-M910A,JAPAN,PETROL,996.0,COLOMBO,RECONDITIONED,2023.0,1,5BA-M910A,Unknown
CAR,WULING,CLOUD EV,INDONESIA,ELECTRIC,99.0,GAMPAHA,BRAND NEW,2025.0,1,,CLOUD EV
CAR,TOYOTA,5BA-A201A RAIZE,JAPAN,PETROL,1196.0,COLOMBO,RECONDITIONED,2024.0,11,5BA-A201A,RAIZE
CAR,TOYOTA,KSP210 YARIS,JAPAN,PETROL,996.0,PUTTALAM,RECONDITIONED,2023.0,1,,KSP210 YARIS
CAR,DAIHATSU,5BA-LA350S,JAPAN,PETROL,658.0,KANDY,RECONDITIONED,2024.0,1,5BA-LA350S,MIRA  E S
CAR,TOYOTA,5BA-MZEA17 COROLLA,JAPAN,PETROL,1498.0,COLOMBO,RECONDITIONED,2023.0,1,5BA-MZEA17,COROLLA
CAR,CHANGAN,S 07,CHINA,ELECTRIC,99.0,MATARA,BRAND NEW,2025.0,1,,S 07
CAR,TOYOTA,6AA-MXPJ10 YARIS,JAPAN,PETROL/ELE,1490.0,JAFFNA,RECONDITIONED,2024.0,1,6AA-MXPJ10,YARIS
CAR,TOYOTA,3BA-A210A RAIZE,JAPAN,PETROL,996.0,GAMPAHA,RECONDITIONED,2025.0,9,3BA-A210A,RAIZE
CAR,TOYOTA,3DA-GDJ250W,JAPAN,DIESEL,2754.0,MONERAGALA,RECONDITIONED,2024.0,1,3DA-GDJ250W,Unknown
CAR,SUZUKI,5AA-MH95S WAGON R,JAPAN,PETROL,657.0,KALUTARA,RECONDITIONED,2022.0,1,5AA-MH95S,WAGON R
CAR,TOYOTA,6AA-MXPJ10 YARIS,JAPAN,PETROL/ELE,1496.0,KANDY,RECONDITIONED,2024.0,3,6AA-MXPJ10,YARIS
CAR,HONDA,6AA-RV5 VEZEL,JAPAN,PETROL/ELE,1490.0,KANDY,RECONDITIONED,2024.0,1,6AA-RV5,VEZEL
CAR,HONDA,6AA-RV5 VEZEL,JAPAN,PETROL/ELE,1496.0,JAFFNA,RECONDITIONED,2024.0,1,6AA-RV5,VEZEL
CAR,TOYOTA,6AA-ZVG 13 COROLLA,JAPAN,PETROL/ELE,1797.0,RATNAPURA,RECONDITIONED,2024.0,1,6AA-ZVG,13 COROLLA
CAR,TOYOTA,5BA-MZEA17W COROLLA,JAPAN,PETROL,1490.0,COLOMBO,RECONDITIONED,2023.0,1,5BA-MZEA17W,COROLLA
CAR,HONDA,6AA-RV5 VEZEL,JAPAN,PETROL/ELE,1498.0,KEGALLE,RECONDITIONED,2025.0,1,6AA-RV5,VEZEL
CAR,TOYOTA,YARIS CROSS,THAILAND,PETROL/ELE,1496.0,KALUTARA,RECONDITIONED,2025.0,3,,YARIS CROSS
CAR,MERCEDES BENZ,C200 AMG LINE,GERMANY,PETROL,1496.0,COLOMBO,RECONDITIONED,2025.0,2,,C200 AMG LINE
CAR,SUZUKI,4AA-MK54S  SPACIA,JAPAN,PETROL,658.0,POLONNARUWA,RECONDITIONED,2024.0,1,4AA-MK54S,SPACIA
CAR,NISSAN,5BD-DR17V  CLIPPER,JAPAN,PETROL,658.0,GAMPAHA,RECONDITIONED,2024.0,1,5BD-DR17V,CLIPPER
CAR,SUZUKI,5AA-MH95S WAGON R,JAPAN,PETROL,658.0,MONERAGALA,RECONDITIONED,2024.0,3,5AA-MH95S,WAGON R
CAR,TOYOTA,5BA-M900A ROOMY,JAPAN,PETROL,996.0,AMPARA,RECONDITIONED,2023.0,2,5BA-M900A,ROOMY
CAR,MERCEDES BENZ,GLC 200 4 MATIC,GERMANY,PETROL,1999.0,COLOMBO,BRAND NEW,2025.0,1,,GLC 200 4 MATIC
CAR,TOYOTA,5BA-KSP210 YARIS,JAPAN,PETROL,998.0,KALUTARA,RECONDITIONED,2024.0,1,5BA-KSP210,YARIS
CAR,B.M.W.,3BA-7K15  2181,GERMANY,PETROL,1498.0,MONERAGALA,RECONDITIONED,2024.0,1,3BA-7K15,2181
CAR,TOYOTA,5BA-A201A RAIZE,JAPAN,PETROL,1190.0,NUWARA-ELIYA,RECONDITIONED,2023.0,1,5BA-A201A,RAIZE
CAR,TOYOTA,3BA-TRJ250W,JAPAN,PETROL,2693.0,GALLE,RECONDITIONED,2025.0,1,3BA-TRJ250W,VX
CAR,LAND ROVER,DEFENDER X DYNAMIC,UNITED KINGDOM,PETROL/ELE,1997.0,MATARA,RECONDITIONED,2025.0,1,,DEFENDER X DYNAMIC
CAR,TOYOTA,6BA-MXUA80 HARRIER,JAPAN,PETROL,1986.0,GAMPAHA,RECONDITIONED,2023.0,1,6BA-MXUA80,HARRIER
CAR,MITSUBISHI,5BA-B33W EK WAGON,JAPAN,PETROL,658.0,JAFFNA,RECONDITIONED,2023.0,1,5BA-B33W,EK WAGON
CAR,HONDA,6AA-RV5   VEZEL,JAPAN,PETROL/ELE,1496.0,COLOMBO,RECONDITIONED,2025.0,2,6AA-RV5,VEZEL
CAR,TOYOTA,3BA-TRJ150W,JAPAN,PETROL,2693.0,VAVUNIYA,RECONDITIONED,2023.0,1,3BA-TRJ150W,TXL
CAR,HONDA,6AA-RV5 VEZEL Z,JAPAN,PETROL/ELE,1496.0,COLOMBO,RECONDITIONED,2025.0,1,6AA-RV5,VEZEL Z
CAR,TOYOTA,3BA-A210A RAIZE G,JAPAN,PETROL,996.0,GAMPAHA,RECONDITIONED,2024.0,1,3BA-A210A,RAIZE G
CAR,HONDA,6AA/RV5 VEZEL,JAPAN,PETROL/ELE,1496.0,KALUTARA,RECONDITIONED,2023.0,1,,6AA/RV5 VEZEL
CAR,TOYOTA,5BA/KSP210 YARIS,JAPAN,PETROL,996.0,KURUNEGALA,RECONDITIONED,2024.0,1,,5BA/KSP210 YARIS
CAR,TOYOTA,3BA-A210A RAIZE,JAPAN,PETROL,998.0,GAMPAHA,RECONDITIONED,2024.0,1,3BA-A210A,RAIZE
CAR,TOYOTA,3BA-TRJ150W,JAPAN,PETROL,2693.0,PUTTALAM,RECONDITIONED,2023.0,2,3BA-TRJ150W,TXL
CAR,SUZUKI,5AA-MH95S WAGON R,JAPAN,PETROL,657.0,POLONNARUWA,RECONDITIONED,2023.0,1,5AA-MH95S,WAGON R
CAR,SUZUKI,3BD-DA17V EVERY,JAPAN,PETROL,658.0,KALUTARA,RECONDITIONED,2024.0,2,3BD-DA17V,EVERY
CAR,DAIHATSU,5BA-LA350S,JAPAN,PETROL,658.0,JAFFNA,RECONDITIONED,2024.0,1,5BA-LA350S,MIRA  E S
CAR,TOYOTA,5AA-A202A RAIZE,JAPAN,PETROL/ELE,1196.0,GAMPAHA,RECONDITIONED,2022.0,1,5AA-A202A,RAIZE
CAR,LAND ROVER,DEFENDER,UNITED KINGDOM,DIESEL,3000.0,COLOMBO,BRAND NEW,2025.0,1,,DEFENDER
CAR,HONDA,6BA-JF5 N BOX,JAPAN,PETROL,656.0,COLOMBO,RECONDITIONED,2024.0,1,6BA-JF5,N BOX
CAR,MITSUBISHI,5BA-B33W EK WAGON,JAPAN,PETROL,658.0,KURUNEGALA,RECONDITIONED,2024.0,1,5BA-B33W,EK WAGON
CAR,TOYOTA,5BA-KSP210,JAPAN,PETROL,998.0,MATARA,RECONDITIONED,2024.0,1,5BA-KSP210,Unknown
CAR,TOYOTA,3BA-A210A  RAIZE,JAPAN,PETROL,996.0,BADULLA,RECONDITIONED,2024.0,1,3BA-A210A,RAIZE
CAR,HONDA,6BA-JF3 N BOX CUSTOM,JAPAN,PETROL,658.0,COLOMBO,RECONDITIONED,2023.0,1,6BA-JF3,N BOX CUSTOM
CAR,SUZUKI,5BA-MH85S  WAGON R,JAPAN,PETROL,658.0,KURUNEGALA,RECONDITIONED,2024.0,2,5BA-MH85S,WAGON R
CAR,SUZUKI,5BD-DA17V,JAPAN,PETROL,658.0,ANURADHAPURA,RECONDITIONED,2025.0,1,5BD-DA17V,EVEVRY
CAR,SUZUKI,5AA-MR92S HUSTLER,JAPAN,PETROL,658.0,KURUNEGALA,RECONDITIONED,2023.0,1,5AA-MR92S,HUSTLER
CAR,SUZUKI,4AA-MK54S,JAPAN,PETROL,658.0,KURUNEGALA,RECONDITIONED,2024.0,1,4AA-MK54S,HYBRID XS
CAR,SUZUKI,HBD-DA17V EVERY,JAPAN,PETROL,658.0,COLOMBO,RECONDITIONED,2018.0,1,HBD-DA17V,EVERY
CAR,B.M.W.,3BA-7K15 218I,GERMANY,PETROL,1498.0,COLOMBO,RECONDITIONED,2023.0,1,3BA-7K15,218I
CAR,TOYOTA,A250RA-GBVV RAIZE,INDONESIA,PETROL,998.0,POLONNARUWA,BRAND NEW,2025.0,3,,A250RA-GBVV RAIZE
CAR,SUZUKI,5BD-DA17V EVERY,JAPAN,PETROL,650.0,KURUNEGALA,RECONDITIONED,2022.0,1,5BD-DA17V,EVERY
CAR,KIA,SONET,INDIA,PETROL,998.0,MONERAGALA,BRAND NEW,2025.0,1,,SONET
CAR,SUZUKI,5AA-HA97S  ALTO,JAPAN,PETROL,658.0,KALUTARA,RECONDITIONED,2024.0,1,5AA-HA97S,ALTO
CAR,SUZUKI,5AA-MK53S SPACIA,JAPAN,PETROL,658.0,RATNAPURA,RECONDITIONED,2023.0,1,5AA-MK53S,SPACIA
CAR,SUZUKI,HA37S-167866,JAPAN,PETROL,658.0,KEGALLE,RECONDITIONED,2024.0,1,HA37S-167866,Unknown
CAR,TOYOTA,5AA-A202A RAIZE,JAPAN,PETROL/ELE,1196.0,JAFFNA,RECONDITIONED,2025.0,1,5AA-A202A,RAIZE
CAR,HONDA,CITY,THAILAND,PETROL,988.0,KEGALLE,RECONDITIONED,2025.0,2,,CITY
CAR,TOYOTA,YARIS CROSS,THAILAND,PETROL/ELE,1496.0,GALLE,RECONDITIONED,2025.0,2,,YARIS CROSS
CAR,TOYOTA,YARIS CROSS,JAPAN,PETROL/ELE,1496.0,GAMPAHA,RECONDITIONED,2024.0,1,,YARIS CROSS
CAR,TOYOTA,YARIS ATIV,THAILAND,PETROL,1197.0,JAFFNA,RECONDITIONED,2025.0,2,,YARIS ATIV
CAR,BYD,DOLPHIN-DYNAMIC49,CHINA,ELECTRIC,49.0,MATARA,BRAND NEW,2025.0,2,,DOLPHIN-DYNAMIC49
CAR,SUZUKI,4AA-MK54S SPACIA,JAPAN,PETROL/ELE,658.0,KANDY,RECONDITIONED,2024.0,1,4AA-MK54S,SPACIA
CAR,SUZUKI,5BA-MH85 WAGON R,JAPAN,PETROL,658.0,GAMPAHA,RECONDITIONED,2024.0,1,5BA-MH85,WAGON R
CAR,DAIHATSU,5BA-LA35 MIRA ES,JAPAN,PETROL,656.0,KURUNEGALA,RECONDITIONED,2024.0,1,5BA-LA35,MIRA ES
CAR,MERCEDES BENZ,3CA-465310C  G45D,GERMANY,DIESEL,2980.0,COLOMBO,RECONDITIONED,2024.0,1,3CA-465310C,G45D
CAR,TOYOTA,5BA-KSP210 YARIS,JAPAN,PETROL,996.0,RATNAPURA,RECONDITIONED,2025.0,1,5BA-KSP210,YARIS
CAR,VOLKSWAGEN,3BA-C1DKR,GERMANY,PETROL,999.0,COLOMBO,RECONDITIONED,2024.0,1,3BA-C1DKR,TCROSS
CAR,DAIHATSU,5BA-LA350S  MIRA,JAPAN,PETROL,658.0,COLOMBO,RECONDITIONED,2024.0,3,5BA-LA350S,MIRA
CAR,TOYOTA,6AA-ZVG13 COROLLA,JAPAN,PETROL/ELE,1797.0,GAMPAHA,RECONDITIONED,2025.0,2,6AA-ZVG13,COROLLA
CAR,DAIHATSU,5BA-LA350S MIRA,JAPAN,PETROL,656.0,COLOMBO,RECONDITIONED,2024.0,2,5BA-LA350S,MIRA
CAR,DAIHATSU,5BA-LA30S MIRA,JAPAN,PETROL,658.0,GAMPAHA,RECONDITIONED,2024.0,1,5BA-LA30S,MIRA
CAR,NISSAN,5BD-DR17V  CLIPPER,JAPAN,PETROL,658.0,COLOMBO,RECONDITIONED,2024.0,2,5BD-DR17V,CLIPPER
CAR,SUZUKI,3BA-DA17W EVERY,JAPAN,PETROL,658.0,GALLE,RECONDITIONED,2024.0,1,3BA-DA17W,EVERY
CAR,NISSAN,5BA-B43W DAYZ,JAPAN,PETROL,658.0,COLOMBO,RECONDITIONED,2024.0,4,5BA-B43W,DAYZ
CAR,TOYOTA,3BA-NGX10  C-HR,JAPAN,PETROL,1196.0,JAFFNA,RECONDITIONED,2023.0,1,3BA-NGX10,C-HR
CAR,HONDA,6AA-RV5 VEZEL,JAPAN,PETROL/ELE,1496.0,HAMBANTOTA,RECONDITIONED,2023.0,2,6AA-RV5,VEZEL
CAR,TOYOTA,6AA-MXPL10G SIENTA,JAPAN,PETROL/ELE,1496.0,COLOMBO,RECONDITIONED,2025.0,1,6AA-MXPL10G,SIENTA
CAR,TOYOTA,3BA-A210A RAIZE,JAPAN,PETROL,996.0,JAFFNA,RECONDITIONED,2024.0,4,3BA-A210A,RAIZE
CAR,NISSAN,5BA-B43W  DAYZ,JAPAN,PETROL,658.0,POLONNARUWA,RECONDITIONED,2023.0,1,5BA-B43W,DAYZ
CAR,TOYOTA,6AA-MXPJ10 YARIS,JAPAN,PETROL/ELE,1490.0,KALUTARA,RECONDITIONED,2024.0,1,6AA-MXPJ10,YARIS
CAR,SUZUKI,3BA-JB64W JIMINY,JAPAN,PETROL,658.0,KANDY,RECONDITIONED,2024.0,1,3BA-JB64W,JIMINY
CAR,SUZUKI,5AA-MH95S  WAGON R,JAPAN,PETROL,658.0,GAMPAHA,RECONDITIONED,2024.0,2,5AA-MH95S,WAGON R
CAR,SUZUKI,5AA-MH95S WAGON R,JAPAN,PETROL,657.0,MATARA,RECONDITIONED,2022.0,1,5AA-MH95S,WAGON R
CAR,TOYOTA,6AA-ZVG13 COROLLA,JAPAN,PETROL/ELE,1798.0,MATARA,RECONDITIONED,2024.0,1,6AA-ZVG13,COROLLA
CAR,LAND ROVER,DEFENDER,UNITED KINGDOM,PETROL,3000.0,COLOMBO,BRAND NEW,2025.0,1,,DEFENDER
CAR,TATA,CURVV,INDIA,PETROL,1199.0,JAFFNA,BRAND NEW,2025.0,2,,CURVV
CAR,SUZUKI,5BA-MH85S WAGON R,JAPAN,PETROL,656.0,GALLE,RECONDITIONED,2025.0,1,5BA-MH85S,WAGON R
CAR,TOYOTA,5BA-A201A RAIZE,JAPAN,PETROL,1196.0,MATARA,RECONDITIONED,2025.0,1,5BA-A201A,RAIZE
CAR,TOYOTA,5AA-A202A RAIZE,JAPAN,PETROL/ELE,78.0,KEGALLE,RECONDITIONED,2025.0,3,5AA-A202A,RAIZE
CAR,SUZUKI,5AA-MK94S SPACIA,JAPAN,PETROL,657.0,KALUTARA,BRAND NEW,2024.0,1,5AA-MK94S,SPACIA
CAR,NISSAN,3BD-DR17V CLIPPER,JAPAN,PETROL,658.0,KANDY,RECONDITIONED,2024.0,1,3BD-DR17V,CLIPPER
CAR,SUZUKI,4AA-MN71S,JAPAN,PETROL,996.0,COLOMBO,RECONDITIONED,2023.0,1,4AA-MN71S,X-BEE
CAR,TOYOTA,WIGO A350RA GBNE,INDONESIA,PETROL,998.0,JAFFNA,BRAND NEW,2025.0,1,,WIGO A350RA GBNE
CAR,TOYOTA,5BA-KSP210 YARIS,JAPAN,PETROL,990.0,GAMPAHA,RECONDITIONED,2023.0,1,5BA-KSP210,YARIS
CAR,TOYOTA,3BA-TRJ250W,JAPAN,PETROL,2693.0,BATTICALOA,RECONDITIONED,2024.0,1,3BA-TRJ250W,VX
CAR,TOYOTA,A250RA-GBVV RAIZE,INDONESIA,PETROL,998.0,MATALE,BRAND NEW,2025.0,2,,A250RA-GBVV RAIZE
CAR,HONDA,CITY  SV,THAILAND,PETROL,988.0,COLOMBO,RECONDITIONED,2025.0,1,,CITY  SV
CAR,SUZUKI,5BD-DA17V EVEVRY,JAPAN,PETROL,658.0,GAMPAHA,RECONDITIONED,2025.0,1,5BD-DA17V,EVEVRY
CAR,TOYOTA,3BA-A210A RAIZE,JAPAN,PETROL,996.0,KURUNEGALA,RECONDITIONED,2025.0,5,3BA-A210A,RAIZE
CAR,TOYOTA,3BA-A210A RAIZE,JAPAN,PETROL,996.0,MONERAGALA,RECONDITIONED,2024.0,1,3BA-A210A,RAIZE
CAR,TOYOTA,5BA-KSP210 YARIS,JAPAN,PETROL,996.0,AMPARA,RECONDITIONED,2024.0,3,5BA-KSP210,YARIS
CAR,DONGFENG,BOX E3,CHINA,ELECTRIC,50.0,GALLE,BRAND NEW,2025.0,1,,BOX E3
CAR,SUZUKI,5BA-HA97S ALTO,JAPAN,PETROL,658.0,BADULLA,RECONDITIONED,2024.0,1,5BA-HA97S,ALTO
CAR,SUZUKI,5BD-DA17V EVERY,JAPAN,PETROL,658.0,COLOMBO,RECONDITIONED,2022.0,1,5BD-DA17V,EVERY
CAR,HONDA,6AA-RV5   VEZEL,JAPAN,PETROL/ELE,1496.0,COLOMBO,RECONDITIONED,2023.0,2,6AA-RV5,VEZEL
CAR,TOYOTA,URBAN CRUISER TAISOR,INDIA,PETROL,998.0,GALLE,RECONDITIONED,2024.0,2,,URBAN CRUISER TAISOR
CAR,SUZUKI,5AA-MH95S,JAPAN,PETROL,656.0,ANURADHAPURA,RECONDITIONED,2025.0,1,5AA-MH95S,WOGON R
CAR,HONDA,6BA-JF3 N BOX,JAPAN,PETROL,658.0,BADULLA,RECONDITIONED,2023.0,1,6BA-JF3,N BOX
CAR,TOYOTA,5AA-A202A,JAPAN,ELECTRIC,78.0,COLOMBO,RECONDITIONED,2024.0,1,5AA-A202A,RAIZE Z
CAR,SUZUKI,5AA-MR92S HUSTLER,JAPAN,PETROL,656.0,KANDY,RECONDITIONED,2024.0,2,5AA-MR92S,HUSTLER
CAR,DAIHATSU,5BA-LA350S MIRA,JAPAN,PETROL,656.0,KANDY,RECONDITIONED,2023.0,1,5BA-LA350S,MIRA
CAR,SUZUKI,5AA-MH95S WAGON R,JAPAN,PETROL,658.0,BADULLA,RECONDITIONED,2023.0,1,5AA-MH95S,WAGON R
CAR,SUZUKI,5AA-MR92S,JAPAN,PETROL,658.0,COLOMBO,RECONDITIONED,2024.0,2,5AA-MR92S,HUSLER
CAR,SUZUKI,3BA-HA37S  ALTO,JAPAN,PETROL,656.0,KANDY,RECONDITIONED,2023.0,1,3BA-HA37S,ALTO
CAR,DAIHATSU,5BA-LA900S,JAPAN,PETROL,658.0,GAMPAHA,RECONDITIONED,2023.0,3,5BA-LA900S,GBGF
CAR,TOYOTA,5AA-M900A ROOMY,JAPAN,PETROL,996.0,KEGALLE,RECONDITIONED,2024.0,1,5AA-M900A,ROOMY
CAR,TOYOTA,4BA-M900A ROOMY,JAPAN,PETROL,996.0,KANDY,RECONDITIONED,2024.0,1,4BA-M900A,ROOMY
CAR,SUZUKI,5AA-MH95S WAGON R,JAPAN,PETROL,657.0,MATARA,RECONDITIONED,2025.0,1,5AA-MH95S,WAGON R
CAR,SUZUKI,5AA-HA97S ALTO,JAPAN,PETROL,658.0,ANURADHAPURA,RECONDITIONED,2023.0,1,5AA-HA97S,ALTO
CAR,SUZUKI,5AA-MR92S,JAPAN,PETROL,656.0,KANDY,RECONDITIONED,2025.0,1,5AA-MR92S,HUSLER
CAR,TOYOTA,5AA-A202A,JAPAN,PETROL/ELE,78.0,KALUTARA,RECONDITIONED,2024.0,1,5AA-A202A,RAIZE Z
CAR,HONDA,6AA-RV5   VEZEL,JAPAN,PETROL/ELE,1496.0,GALLE,RECONDITIONED,2023.0,1,6AA-RV5,VEZEL
CAR,MITSUBISHI,4AA-B35A DELICA,JAPAN,PETROL,658.0,BATTICALOA,RECONDITIONED,2025.0,1,4AA-B35A,DELICA
CAR,AUDI,3AA-GYDLA  A3,GERMANY,PETROL,999.0,COLOMBO,RECONDITIONED,2023.0,1,3AA-GYDLA,A3
CAR,SUZUKI,5AA-MK94S,JAPAN,PETROL,658.0,KEGALLE,RECONDITIONED,2025.0,1,5AA-MK94S,Unknown
CAR,NISSAN,NISSAN ALMERA,THAILAND,PETROL,999.0,PUTTALAM,RECONDITIONED,2025.0,1,,NISSAN ALMERA
CAR,NISSAN,5BA-B43W,JAPAN,PETROL,658.0,GAMPAHA,RECONDITIONED,2025.0,1,5BA-B43W,DAYS
CAR,MERCEDES BENZ,C200 AMG LINE,UNITED KINGDOM,PETROL,1496.0,COLOMBO,RECONDITIONED,2025.0,1,,C200 AMG LINE
CAR,HONDA,6AA-RV6 VEZEL,JAPAN,PETROL/ELE,1496.0,KANDY,RECONDITIONED,2023.0,1,6AA-RV6,VEZEL
CAR,B.M.W.,3BA--22EE15 X1,GERMANY,PETROL,1498.0,COLOMBO,RECONDITIONED,2024.0,1,3BA--22EE15,X1
CAR,PERODUA,AXIA CG1GZ,MALAYSIA,PETROL,998.0,MATARA,BRAND NEW,2025.0,1,,AXIA CG1GZ
CAR,NISSAN,5BD-DR17V  CLIPPER,JAPAN,PETROL,658.0,KURUNEGALA,RECONDITIONED,2023.0,1,5BD-DR17V,CLIPPER
CAR,TOYOTA,6AA-ZWR90W VOXY,JAPAN,PETROL/ELE,1797.0,ANURADHAPURA,RECONDITIONED,2025.0,1,6AA-ZWR90W,VOXY
CAR,TOYOTA,5BA-M900A ROOMY,JAPAN,PETROL,996.0,HAMBANTOTA,RECONDITIONED,2023.0,6,5BA-M900A,ROOMY
CAR,MITSUBISHI,GRIWXTPGRV1,INDONESIA,PETROL,1499.0,KANDY,BRAND NEW,2025.0,1,,GRIWXTPGRV1
CAR,MITSUBISHI,GR1WXTPGRV1,INDONESIA,PETROL,1499.0,KALUTARA,BRAND NEW,2025.0,1,,GR1WXTPGRV1
CAR,TOYOTA,5AA-A202A RAIZE,JAPAN,PETROL/ELE,1196.0,PUTTALAM,RECONDITIONED,2024.0,1,5AA-A202A,RAIZE
CAR,HONDA,6AA-RV5 VEZEL,JAPAN,PETROL/ELE,1496.0,KURUNEGALA,RECONDITIONED,2022.0,1,6AA-RV5,VEZEL
CAR,NISSAN,MAGNITE N-CONNECTA,INDIA,PETROL,999.0,ANURADHAPURA,BRAND NEW,2025.0,1,,MAGNITE N-CONNECTA
CAR,SUZUKI,5AA-MH95S  WAGON R,JAPAN,PETROL,657.0,GAMPAHA,RECONDITIONED,2025.0,1,5AA-MH95S,WAGON R
CAR,NISSAN,MAGNITE ACENTA BR10,INDIA,PETROL,999.0,KILINOCHCHI,BRAND NEW,2025.0,1,,MAGNITE ACENTA BR10
CAR,TOYOTA,6AA-NKE165  AX10,JAPAN,PETROL/ELE,1496.0,VAVUNIYA,RECONDITIONED,2023.0,1,6AA-NKE165,AX10
CAR,DAIHATSU,5BA-LA900S TAFT,JAPAN,PETROL,658.0,KANDY,RECONDITIONED,2023.0,1,5BA-LA900S,TAFT
CAR,HONDA,CR-V VTI X PLUS,AUSTRALIA,PETROL,1498.0,COLOMBO,RECONDITIONED,2025.0,1,CR-V,VTI X PLUS
CAR,MERCEDES BENZ,5BA-177184 A180,GERMANY,PETROL,1331.0,GAMPAHA,RECONDITIONED,2022.0,1,5BA-177184,A180
CAR,TOYOTA,6AA-ZWR90W VOXY,JAPAN,PETROL/ELE,1797.0,KANDY,RECONDITIONED,2024.0,2,6AA-ZWR90W,VOXY
CAR,TOYOTA,5BA-MZEA17 COROLLA,JAPAN,PETROL,1496.0,GALLE,RECONDITIONED,2023.0,1,5BA-MZEA17,COROLLA
CAR,SUZUKI,5AA-HA97S ALTO,JAPAN,PETROL,658.0,HAMBANTOTA,RECONDITIONED,2023.0,2,5AA-HA97S,ALTO
CAR,TOYOTA,5AA-A202A  RAIZE,JAPAN,PETROL/ELE,1190.0,GALLE,RECONDITIONED,2025.0,1,5AA-A202A,RAIZE
CAR,TOYOTA,3BA-A210A  RAIZE,JAPAN,PETROL,996.0,KANDY,RECONDITIONED,2023.0,2,3BA-A210A,RAIZE
CAR,RANGE ROVER,VELAR DYNAM SE PHEV,UNITED KINGDOM,PETROL/ELE,1997.0,GAMPAHA,RECONDITIONED,2025.0,1,,VELAR DYNAM SE PHEV
CAR,TOYOTA,URBAN CRUCSER TAISOR,INDIA,PETROL,998.0,COLOMBO,RECONDITIONED,2025.0,1,,URBAN CRUCSER TAISOR
CAR,DAIHATSU,4BA-M900S THOR,JAPAN,PETROL,996.0,GALLE,RECONDITIONED,2022.0,1,4BA-M900S,THOR
CAR,TOYOTA,6AA-MXPJ10 YARIS,JAPAN,PETROL/ELE,1490.0,KURUNEGALA,RECONDITIONED,2024.0,1,6AA-MXPJ10,YARIS
CAR,HONDA,6AA-RV5    VEZEL,JAPAN,PETROL/ELE,1496.0,COLOMBO,RECONDITIONED,2025.0,1,6AA-RV5,VEZEL
CAR,NISSAN,3BD-DR17V,JAPAN,PETROL,658.0,KANDY,RECONDITIONED,2022.0,1,3BD-DR17V,Unknown
CAR,TATA,PUNCH EV,INDIA,ELECTRIC,90.0,KANDY,BRAND NEW,2025.0,1,,PUNCH EV
CAR,DAIHATSU,5BA-LA350S MIRA E S,JAPAN,PETROL,658.0,KANDY,RECONDITIONED,2024.0,1,5BA-LA350S,MIRA E S
CAR,SUZUKI,4AA-MK54S  SPACIA,JAPAN,PETROL,658.0,PUTTALAM,RECONDITIONED,2025.0,1,4AA-MK54S,SPACIA
CAR,NISSAN,MAGNITE ACENTA BR10,INDIA,PETROL,999.0,KALUTARA,BRAND NEW,2025.0,5,,MAGNITE ACENTA BR10
CAR,TOYOTA,3BA-NGX10 C-HR,JAPAN,PETROL,1196.0,KANDY,RECONDITIONED,2022.0,1,3BA-NGX10,C-HR
CAR,NISSAN,MAGNITE TEKNA PLUS,INDIA,PETROL,999.0,AMPARA,BRAND NEW,2025.0,3,,MAGNITE TEKNA PLUS
CAR,TOYOTA,5BA-H900A  ROOMY,JAPAN,PETROL,996.0,GAMPAHA,RECONDITIONED,2024.0,1,5BA-H900A,ROOMY
CAR,TOYOTA,5BA-M900A ROOMY,JAPAN,PETROL,996.0,MONERAGALA,RECONDITIONED,2023.0,1,5BA-M900A,ROOMY
CAR,TOYOTA,5BA-MXPB10 YARIS,JAPAN,PETROL,1490.0,COLOMBO,RECONDITIONED,2023.0,1,5BA-MXPB10,YARIS
CAR,DAIHATSU,5BA-M900S,JAPAN,PETROL,996.0,MONERAGALA,RECONDITIONED,2023.0,1,5BA-M900S,Unknown
CAR,SUZUKI,5BA-MH85S WAGON R,JAPAN,PETROL,657.0,KALUTARA,RECONDITIONED,2024.0,2,5BA-MH85S,WAGON R
CAR,SUZUKI,5AA-MH95SWAGON R,JAPAN,PETROL/ELE,658.0,KURUNEGALA,RECONDITIONED,2024.0,1,5AA-MH95SWAGON,R
CAR,MERCEDES BENZ,E-200,GERMANY,PETROL,1999.0,KURUNEGALA,BRAND NEW,2025.0,1,,E-200
CAR,NISSAN,5BA-B43W DAYS,JAPAN,PETROL,659.0,PUTTALAM,RECONDITIONED,2023.0,1,5BA-B43W,DAYS
CAR,SUZUKI,3BA-DA17W EVERY,JAPAN,PETROL,658.0,KALUTARA,RECONDITIONED,2025.0,1,3BA-DA17W,EVERY
CAR,HONDA,6AA-RV5  VEZEL,JAPAN,PETROL/ELE,1496.0,KEGALLE,RECONDITIONED,2023.0,1,6AA-RV5,VEZEL
CAR,NISSAN,5BA-B43W,JAPAN,PETROL,659.0,PUTTALAM,RECONDITIONED,2024.0,1,5BA-B43W,DAYS
CAR,NISSAN,6AA-T33  X-TRAIL,JAPAN,ELECTRIC,157.0,COLOMBO,RECONDITIONED,2023.0,1,6AA-T33,X-TRAIL
CAR,TOYOTA,3BA-A210A RAIZE,JAPAN,PETROL,996.0,MATARA,RECONDITIONED,2022.0,1,3BA-A210A,RAIZE
CAR,TOYOTA,5BA-M900A ROOMY,JAPAN,PETROL,996.0,MONERAGALA,RECONDITIONED,2022.0,1,5BA-M900A,ROOMY
CAR,LEXUS,3BA-VJA310W,JAPAN,PETROL,3445.0,AMPARA,RECONDITIONED,2024.0,1,3BA-VJA310W,LX600
CAR,TOYOTA,6AA-MXPJ10  YARIS,JAPAN,PETROL/ELE,1496.0,GAMPAHA,RECONDITIONED,2022.0,1,6AA-MXPJ10,YARIS
CAR,TOYOTA,YARIS ATIV,THAILAND,PETROL,1197.0,PUTTALAM,RECONDITIONED,2025.0,1,,YARIS ATIV
CAR,TOYOTA,6BA-MXUA80 HARRIER,JAPAN,PETROL,1980.0,COLOMBO,RECONDITIONED,2024.0,1,6BA-MXUA80,HARRIER
CAR,SUZUKI,5AA-ZCEDS SWIFT,JAPAN,PETROL/ELE,1197.0,COLOMBO,RECONDITIONED,2023.0,1,5AA-ZCEDS,SWIFT
CAR,SUZUKI,5BD-DA17V EVERY,JAPAN,PETROL,656.0,MATARA,RECONDITIONED,2024.0,2,5BD-DA17V,EVERY
CAR,SUZUKI,4AA-MN71S XBEE,JAPAN,PETROL,996.0,GAMPAHA,RECONDITIONED,2022.0,1,4AA-MN71S,XBEE
CAR,TOYOTA,3DA-GDJ250W,JAPAN,DIESEL,2754.0,KALUTARA,RECONDITIONED,2025.0,1,3DA-GDJ250W,Unknown
CAR,MAHINDRA,KUV100 NXT AMT,SRI LANKA,DIESEL,1198.0,KEGALLE,BRAND NEW-L/ASSEMBLE,2025.0,1,,KUV100 NXT AMT
CAR,SUZUKI,5BA-MH85S WAGON R,JAPAN,PETROL,656.0,KEGALLE,RECONDITIONED,2024.0,1,5BA-MH85S,WAGON R
CAR,SUZUKI,5AA-MK54S SPACIA,JAPAN,PETROL,658.0,GAMPAHA,RECONDITIONED,2025.0,1,5AA-MK54S,SPACIA
CAR,DAIHATSU,5BA-LA350S MIRA,JAPAN,PETROL,650.0,MATARA,RECONDITIONED,2024.0,1,5BA-LA350S,MIRA
CAR,MITSUBISHI,5BA-B33W EK WAGON,JAPAN,PETROL,658.0,KURUNEGALA,RECONDITIONED,2023.0,1,5BA-B33W,EK WAGON
CAR,SUZUKI,5AA-MR92S HUSTLER,JAPAN,PETROL,658.0,GALLE,RECONDITIONED,2023.0,1,5AA-MR92S,HUSTLER
CAR,SUZUKI,5BA-DA17V EVERY,JAPAN,PETROL,658.0,COLOMBO,RECONDITIONED,2023.0,1,5BA-DA17V,EVERY
CAR,SUZUKI,3BD-DA17V EVERY,JAPAN,PETROL,658.0,GAMPAHA,RECONDITIONED,2025.0,1,3BD-DA17V,EVERY
CAR,SUZUKI,5BD-DA17V EVERY,JAPAN,PETROL,658.0,JAFFNA,RECONDITIONED,2024.0,1,5BD-DA17V,EVERY
CAR,DAIHATSU,5BA-LA350S MIRA ES,JAPAN,PETROL,658.0,COLOMBO,RECONDITIONED,2024.0,1,5BA-LA350S,MIRA ES
CAR,VOLKSWAGEN,3BA-C1DKR T- CROSS,GERMANY,PETROL,999.0,GAMPAHA,RECONDITIONED,2022.0,1,3BA-C1DKR,T- CROSS
CAR,MERCEDES BENZ,E-200,GERMANY,PETROL,1999.0,GAMPAHA,BRAND NEW,2025.0,1,,E-200
CAR,TOYOTA,5BA-KSP210  YARIS,JAPAN,PETROL,996.0,MONERAGALA,RECONDITIONED,2023.0,1,5BA-KSP210,YARIS
CAR,TOYOTA,6AA-2VG13,JAPAN,PETROL/ELE,1797.0,MATARA,RECONDITIONED,2024.0,1,6AA-2VG13,Unknown
CAR,TOYOTA,6AA-MXPK11 AQUA,JAPAN,PETROL/ELE,1496.0,KURUNEGALA,RECONDITIONED,2023.0,1,6AA-MXPK11,AQUA
CAR,VOLKSWAGEN,3BA-C1DKR T CROSS,GERMANY,PETROL,996.0,COLOMBO,RECONDITIONED,2023.0,1,3BA-C1DKR,T CROSS
CAR,DAIHATSU,5BA-LA350S MIRA ES,JAPAN,PETROL,656.0,GAMPAHA,RECONDITIONED,2023.0,1,5BA-LA350S,MIRA ES
CAR,HONDA,CRV-VTI L7,AUSTRALIA,PETROL,1498.0,COLOMBO,RECONDITIONED,2025.0,1,CRV-VTI,L7
CAR,TOYOTA,4BA-M900A ROOMY,JAPAN,PETROL,996.0,GAMPAHA,RECONDITIONED,2025.0,1,4BA-M900A,ROOMY
CAR,DAIHATSU,5BA-LA350S MIRA,JAPAN,PETROL,658.0,MATALE,RECONDITIONED,2023.0,1,5BA-LA350S,MIRA
CAR,DAIHATSU,5BA-LA650S TANTO,JAPAN,PETROL,658.0,MATALE,RECONDITIONED,2025.0,1,5BA-LA650S,TANTO
CAR,HONDA,6AARV5 VEZEL,JAPAN,PETROL/ELE,1496.0,TRINCOMALEE,RECONDITIONED,2025.0,1,,6AARV5 VEZEL
CAR,TOYOTA,3DA-GDJ250W,JAPAN,DIESEL,2754.0,JAFFNA,RECONDITIONED,2024.0,1,3DA-GDJ250W,Unknown
CAR,TOYOTA,3BA-A210A RAIZE,JAPAN,PETROL,996.0,MATARA,RECONDITIONED,2023.0,3,3BA-A210A,RAIZE
CAR,DAIHATSU,5BA-LA900S TAFT,JAPAN,PETROL,658.0,GAMPAHA,RECONDITIONED,2024.0,13,5BA-LA900S,TAFT
CAR,NISSAN,5BD-DR17V CLIPPER,JAPAN,PETROL,658.0,GAMPAHA,RECONDITIONED,2024.0,12,5BD-DR17V,CLIPPER
CAR,SUZUKI,5AA-MR92S  HUSLER,JAPAN,PETROL,658.0,COLOMBO,RECONDITIONED,2024.0,1,5AA-MR92S,HUSLER
CAR,TOYOTA,3BA-A210A RAIZE,JAPAN,PETROL,996.0,AMPARA,RECONDITIONED,2024.0,1,3BA-A210A,RAIZE
CAR,HONDA,6BA-JH3 N WGN,JAPAN,PETROL,658.0,KALUTARA,RECONDITIONED,2023.0,1,6BA-JH3,N WGN
CAR,HONDA,6AA-RV5  VEZEL,JAPAN,PETROL/ELE,1496.0,KALUTARA,RECONDITIONED,2024.0,5,6AA-RV5,VEZEL
CAR,TOYOTA,4BA-M900A ROOMY,JAPAN,PETROL,996.0,KANDY,RECONDITIONED,2023.0,7,4BA-M900A,ROOMY
CAR,TOYOTA,6AA-AAHH40W ALPHARD,JAPAN,PETROL/ELE,2487.0,GAMPAHA,RECONDITIONED,2023.0,1,6AA-AAHH40W,ALPHARD
CAR,TOYOTA,6AA-MXPJ10 YARIS,JAPAN,PETROL/ELE,1496.0,GAMPAHA,RECONDITIONED,2022.0,2,6AA-MXPJ10,YARIS
CAR,MERCEDES BENZ,5AA-206042C C200,GERMANY,PETROL,1494.0,COLOMBO,RECONDITIONED,2025.0,1,5AA-206042C,C200
CAR,NISSAN,5BD-DR17V    CLIPPER,JAPAN,PETROL,658.0,COLOMBO,RECONDITIONED,2024.0,1,5BD-DR17V,CLIPPER
CAR,TOYOTA,6AA-ZWR90W VOXY,JAPAN,PETROL/ELE,1797.0,KURUNEGALA,RECONDITIONED,2025.0,3,6AA-ZWR90W,VOXY
CAR,NISSAN,5BA-B43W DAYZ,JAPAN,PETROL,658.0,PUTTALAM,RECONDITIONED,2024.0,2,5BA-B43W,DAYZ
CAR,HONDA,5BA-RZ3 ZR-V,JAPAN,PETROL,1490.0,GALLE,RECONDITIONED,2023.0,1,5BA-RZ3,ZR-V
CAR,MAHINDRA,XUV 3XO,INDIA,PETROL,1197.0,GAMPAHA,BRAND NEW,2025.0,2,,XUV 3XO
CAR,HONDA,CITY RS VTEC TURBO,THAILAND,PETROL,988.0,COLOMBO,RECONDITIONED,2025.0,1,,CITY RS VTEC TURBO
CAR,BYD,ATTO-3-SUPERIOR,CHINA,ELECTRIC,100.0,GALLE,BRAND NEW,2025.0,9,ATTO-3-SUPERIOR,Unknown
CAR,MAHINDRA,XUV 3XO,INDIA,PETROL,1197.0,KALUTARA,BRAND NEW,2025.0,1,,XUV 3XO
CAR,TOYOTA,3BA-A201A RAIZE,JAPAN,PETROL,996.0,ANURADHAPURA,RECONDITIONED,2025.0,1,3BA-A201A,RAIZE
CAR,TOYOTA,6AA-MXPJ10,JAPAN,PETROL/ELE,1490.0,NUWARA-ELIYA,RECONDITIONED,2024.0,1,6AA-MXPJ10,CROSS
CAR,DAIHATSU,5BA-LA350S MIRA,JAPAN,PETROL,658.0,ANURADHAPURA,RECONDITIONED,2025.0,1,5BA-LA350S,MIRA
CAR,BYD,SEALION 6 SUPERIOR,CHINA,PETROL/ELE,1498.0,MATARA,BRAND NEW,2025.0,16,,SEALION 6 SUPERIOR
CAR,TOYOTA,5BA-M900A ROOMY,JAPAN,PETROL,996.0,MONERAGALA,RECONDITIONED,2024.0,2,5BA-M900A,ROOMY
CAR,TOYOTA,3BA-TRJ250W,JAPAN,PETROL,2693.0,GAMPAHA,RECONDITIONED,2024.0,6,3BA-TRJ250W,VX
CAR,TOYOTA,5BA-KSP210 YARIS,JAPAN,PETROL,996.0,PUTTALAM,RECONDITIONED,2025.0,1,5BA-KSP210,YARIS
CAR,TOYOTA,4BA-M900A ROOMY,JAPAN,PETROL,996.0,VAVUNIYA,RECONDITIONED,2025.0,1,4BA-M900A,ROOMY
CAR,LAND ROVER,3BA-LE72XCA DEFENDER,GERMANY,PETROL,1997.0,MATALE,RECONDITIONED,2022.0,1,3BA-LE72XCA,DEFENDER
CAR,DAIHATSU,5BA-LA900S TAFT,JAPAN,PETROL,658.0,COLOMBO,RECONDITIONED,2024.0,17,5BA-LA900S,TAFT
CAR,SUZUKI,5AA-MH95S WAGON R,JAPAN,PETROL,658.0,KANDY,RECONDITIONED,2023.0,5,5AA-MH95S,WAGON R
CAR,TOYOTA,5BA-KSP210  YARIS,JAPAN,PETROL,996.0,ANURADHAPURA,RECONDITIONED,2024.0,1,5BA-KSP210,YARIS
CAR,DAIHATSU,5BA-LA350S,JAPAN,PETROL,658.0,PUTTALAM,RECONDITIONED,2023.0,1,5BA-LA350S,MIRA  E S
CAR,AUDI,3AA-GYDLA A3,GERMANY,PETROL,996.0,GAMPAHA,RECONDITIONED,2023.0,1,3AA-GYDLA,A3
CAR,HONDA,6AA-RV5  VEZEL,JAPAN,PETROL/ELE,1496.0,KURUNEGALA,RECONDITIONED,2023.0,1,6AA-RV5,VEZEL
CAR,SUZUKI,5AA-MK53S SPACIA,JAPAN,PETROL,658.0,COLOMBO,RECONDITIONED,2023.0,4,5AA-MK53S,SPACIA
CAR,PERODUA,BEZZA,MALAYSIA,PETROL,998.0,PUTTALAM,BRAND NEW,2025.0,1,,BEZZA
CAR,BYD,SEALION 6 SUPERIOR,CHINA,PETROL/ELE,1498.0,BADULLA,BRAND NEW,2025.0,3,,SEALION 6 SUPERIOR
CAR,TOYOTA,6AA-MXPJ10 YARIS,JAPAN,PETROL/ELE,1496.0,GAMPAHA,RECONDITIONED,2023.0,12,6AA-MXPJ10,YARIS
CAR,AUDI,3BA-F3DXD Q3,GERMANY,PETROL,1497.0,MATARA,RECONDITIONED,2024.0,1,3BA-F3DXD,Q3
CAR,TOYOTA,5AA-A202A RAIZE,JAPAN,PETROL/ELE,78.0,KANDY,RECONDITIONED,2025.0,11,5AA-A202A,RAIZE
CAR,TOYOTA,5BA-A201A RAIZE,JAPAN,PETROL,1196.0,BATTICALOA,RECONDITIONED,2025.0,1,5BA-A201A,RAIZE
CAR,PERODUA,AXIA-CG1SZ,MALAYSIA,PETROL,998.0,GAMPAHA,BRAND NEW,2025.0,9,AXIA-CG1SZ,Unknown
CAR,NISSAN,MAGNITE ACENTA BR10,INDIA,PETROL,999.0,COLOMBO,BRAND NEW,2025.0,28,,MAGNITE ACENTA BR10
CAR,TOYOTA,3BA-A210A  RAIZE,JAPAN,PETROL,996.0,KURUNEGALA,RECONDITIONED,2025.0,1,3BA-A210A,RAIZE
CAR,SUZUKI,4AA-MK54S SPACIA,JAPAN,PETROL,658.0,COLOMBO,RECONDITIONED,2024.0,5,4AA-MK54S,SPACIA
CAR,SUZUKI,5AA-MK94S SPACIA,JAPAN,PETROL,658.0,GALLE,RECONDITIONED,2023.0,1,5AA-MK94S,SPACIA
CAR,TOYOTA,5AA-A202A RAIZE,JAPAN,PETROL/ELE,78.0,AMPARA,RECONDITIONED,2025.0,9,5AA-A202A,RAIZE
CAR,SUZUKI,5BD-DA17V EVERY,JAPAN,PETROL,658.0,KANDY,RECONDITIONED,2024.0,6,5BD-DA17V,EVERY
CAR,WULING,BINGUO,INDONESIA,ELECTRIC,49.0,KANDY,BRAND NEW,2025.0,1,,BINGUO
CAR,HYUNDAI,GRAND I10,SRI LANKA,PETROL,1197.0,BADULLA,BRAND NEW-L/ASSEMBLE,2025.0,1,,GRAND I10
CAR,HONDA,CITY RS,JAPAN,PETROL,988.0,MATARA,RECONDITIONED,2025.0,1,,CITY RS
CAR,MITSUBISHI,5BA-B33W  EK WAGON,JAPAN,PETROL,658.0,KALUTARA,RECONDITIONED,2023.0,1,5BA-B33W,EK WAGON
CAR,MITSUBISHI,5BA-B33W EK WAGON,JAPAN,PETROL,658.0,GALLE,RECONDITIONED,2023.0,1,5BA-B33W,EK WAGON
CAR,TOYOTA,5BA-A201A RAIZE,JAPAN,PETROL,1196.0,KURUNEGALA,RECONDITIONED,2025.0,2,5BA-A201A,RAIZE
CAR,TOYOTA,YARIS CROSS,THAILAND,PETROL/ELE,1496.0,KANDY,RECONDITIONED,2024.0,1,,YARIS CROSS
CAR,SUZUKI,3BA-HA37S ALTO,JAPAN,PETROL,656.0,COLOMBO,RECONDITIONED,2024.0,2,3BA-HA37S,ALTO
CAR,NISSAN,5AA-B44W DAYZ,JAPAN,PETROL,658.0,KALUTARA,RECONDITIONED,2023.0,1,5AA-B44W,DAYZ
CAR,SUZUKI,5AA-MH95S,JAPAN,PETROL,658.0,POLONNARUWA,RECONDITIONED,2024.0,1,5AA-MH95S,WOGON R
CAR,HONDA (DMC),6AA-RV5 VEZEL,JAPAN,PETROL/ELE,1496.0,MATARA,RECONDITIONED,2024.0,1,6AA-RV5,VEZEL
CAR,TOYOTA,5AA-A202A RAIZE,JAPAN,PETROL/ELE,1196.0,COLOMBO,RECONDITIONED,2025.0,10,5AA-A202A,RAIZE
CAR,SUZUKI,FRONX,INDIA,PETROL,998.0,COLOMBO,BRAND NEW,2025.0,57,,FRONX
CAR,TOYOTA,3BA-A210A   RAIZE,JAPAN,PETROL,996.0,KURUNEGALA,RECONDITIONED,2023.0,1,3BA-A210A,RAIZE
CAR,TOYOTA,5AA-A202A RAIZE,JAPAN,ELECTRIC,78.0,GAMPAHA,RECONDITIONED,2025.0,22,5AA-A202A,RAIZE
CAR,TOYOTA,6AA-MXPJ10 YARIS,JAPAN,PETROL/ELE,1490.0,COLOMBO,RECONDITIONED,2025.0,6,6AA-MXPJ10,YARIS
CAR,TOYOTA,5BA-A201A RAIZE,JAPAN,PETROL,1196.0,COLOMBO,RECONDITIONED,2022.0,3,5BA-A201A,RAIZE
CAR,SUZUKI,5BD-DA17V EVERY,JAPAN,PETROL,658.0,KURUNEGALA,RECONDITIONED,2024.0,3,5BD-DA17V,EVERY
CAR,BYD,ATTO3-ADVANCED,CHINA,ELECTRIC,100.0,JAFFNA,BRAND NEW,2025.0,1,ATTO3-ADVANCED,Unknown
CAR,HONDA,6BA-JF3 N BOX,JAPAN,PETROL,659.0,KURUNEGALA,RECONDITIONED,2023.0,1,6BA-JF3,N BOX
CAR,NISSAN,5BD-DR17V CLIPPER,JAPAN,PETROL,658.0,HAMBANTOTA,RECONDITIONED,2024.0,2,5BD-DR17V,CLIPPER
CAR,TOYOTA,6AA-MXPJ10 YARIS,JAPAN,PETROL/ELE,1496.0,KANDY,RECONDITIONED,2023.0,1,6AA-MXPJ10,YARIS
CAR,TOYOTA,5BA-KSP210 YARIS,JAPAN,PETROL,996.0,HAMBANTOTA,RECONDITIONED,2022.0,2,5BA-KSP210,YARIS
CAR,LEXUS,3BA-VJA310W LX600,JAPAN,PETROL,3444.0,COLOMBO,RECONDITIONED,2025.0,1,3BA-VJA310W,LX600
CAR,BYD,SEALION 6 PREMIUM,CHINA,PETROL/ELE,1498.0,RATNAPURA,BRAND NEW,2025.0,1,,SEALION 6 PREMIUM
CAR,TOYOTA,5BA-A201A RAIZE,JAPAN,PETROL,1196.0,RATNAPURA,RECONDITIONED,2023.0,2,5BA-A201A,RAIZE
CAR,SUZUKI,4AA-MH55S WAGON R,JAPAN,PETROL,658.0,GAMPAHA,RECONDITIONED,2024.0,2,4AA-MH55S,WAGON R
CAR,TOYOTA,5AA-A202A RAIZE,JAPAN,PETROL/ELE,78.0,MATARA,RECONDITIONED,2025.0,4,5AA-A202A,RAIZE
CAR,SUZUKI,5BA- MH85S WAGON R,JAPAN,PETROL,656.0,COLOMBO,RECONDITIONED,2024.0,1,,5BA- MH85S WAGON R
CAR,LAND ROVER,3BA-LE72XAA,UNITED KINGDOM,PETROL,1997.0,KURUNEGALA,RECONDITIONED,2023.0,1,3BA-LE72XAA,Unknown
CAR,SUZUKI,5BA-MH85S WAGON R,JAPAN,PETROL,656.0,ANURADHAPURA,RECONDITIONED,2023.0,6,5BA-MH85S,WAGON R
CAR,MAZDA,5AA-MJ95S,JAPAN,PETROL,658.0,COLOMBO,RECONDITIONED,2024.0,1,5AA-MJ95S,FLAIR
CAR,TOYOTA,5BA-KSP210 YARIS,JAPAN,PETROL,996.0,BADULLA,RECONDITIONED,2022.0,2,5BA-KSP210,YARIS
CAR,SUZUKI,5BA-MH85S WAGON R,JAPAN,PETROL,658.0,PUTTALAM,RECONDITIONED,2024.0,1,5BA-MH85S,WAGON R
CAR,PERODUA,AXIA CG1GZ,MALAYSIA,PETROL,998.0,KANDY,BRAND NEW,2025.0,2,,AXIA CG1GZ
CAR,TOYOTA,5AA-A202A  RAIZE,JAPAN,PETROL/ELE,78.0,GAMPAHA,RECONDITIONED,2025.0,4,5AA-A202A,RAIZE
CAR,TOYOTA,5AA-A202A RAIZE,JAPAN,PETROL/ELE,78.0,RATNAPURA,RECONDITIONED,2025.0,6,5AA-A202A,RAIZE
CAR,TOYOTA,URBAN CRUISER TAISOR,INDIA,PETROL,998.0,COLOMBO,RECONDITIONED,2024.0,6,,URBAN CRUISER TAISOR
CAR,DAIHATSU,5AA-A202S  ROCKY,JAPAN,ELECTRIC,78.0,MATALE,RECONDITIONED,2025.0,1,5AA-A202S,ROCKY
CAR,SUZUKI,5BA-MH85S WAGON R,JAPAN,PETROL,650.0,GAMPAHA,RECONDITIONED,2024.0,1,5BA-MH85S,WAGON R
CAR,MAZDA,5AA-MJ95S FLAIR,JAPAN,PETROL,658.0,KURUNEGALA,RECONDITIONED,2022.0,1,5AA-MJ95S,FLAIR
CAR,SUZUKI,5AA-MH95S,JAPAN,PETROL,658.0,JAFFNA,RECONDITIONED,2025.0,1,5AA-MH95S,WOGON R
CAR,SUZUKI,5BA-MH85S WAGON R,JAPAN,PETROL,656.0,GAMPAHA,RECONDITIONED,2023.0,2,5BA-MH85S,WAGON R
CAR,NISSAN,5BD-DA17V CLIPPER,JAPAN,PETROL,656.0,KANDY,RECONDITIONED,2024.0,1,5BD-DA17V,CLIPPER
CAR,HONDA,6AA-RV5,JAPAN,PETROL/ELE,1496.0,COLOMBO,RECONDITIONED,2025.0,9,6AA-RV5,VEVEL
CAR,TOYOTA,5AA-A202A RAIZE,JAPAN,PETROL/ELE,1196.0,AMPARA,RECONDITIONED,2025.0,4,5AA-A202A,RAIZE
CAR,SUZUKI,3BA-DA17W EVERY,JAPAN,PETROL,658.0,KURUNEGALA,RECONDITIONED,2025.0,4,3BA-DA17W,EVERY
CAR,TOYOTA,5BA-KSP210 YARIS,JAPAN,PETROL,996.0,PUTTALAM,RECONDITIONED,2024.0,3,5BA-KSP210,YARIS
CAR,TOYOTA,6AA-ZWR90W VOXY,JAPAN,PETROL/ELE,1797.0,AMPARA,RECONDITIONED,2025.0,1,6AA-ZWR90W,VOXY
CAR,SUZUKI,3BA-DA17W EVERY,JAPAN,PETROL,658.0,KURUNEGALA,RECONDITIONED,2023.0,3,3BA-DA17W,EVERY
CAR,TOYOTA,6AA-MXPJ10 YARIS,JAPAN,PETROL/ELE,1496.0,GALLE,RECONDITIONED,2025.0,3,6AA-MXPJ10,YARIS
CAR,TOYOTA,5AA-A202A RAIZE,JAPAN,PETROL/ELE,78.0,GAMPAHA,RECONDITIONED,2023.0,3,5AA-A202A,RAIZE
CAR,MERCEDES BENZ,5AA-206042C C200,GERMANY,PETROL,1494.0,ANURADHAPURA,RECONDITIONED,2023.0,1,5AA-206042C,C200
CAR,TOYOTA,6AA-MXPJ10,JAPAN,PETROL/ELE,1496.0,GALLE,RECONDITIONED,2022.0,1,6AA-MXPJ10,CROSS
CAR,DAIHATSU,5BA-LA900S  TAFT,JAPAN,PETROL,658.0,RATNAPURA,RECONDITIONED,2024.0,1,5BA-LA900S,TAFT
CAR,MERCEDES BENZ,S450 4MATIC,GERMANY,PETROL,2999.0,COLOMBO,BRAND NEW,2025.0,6,,S450 4MATIC
CAR,NISSAN,NISSAN ALMERA,THAILAND,PETROL,999.0,MONERAGALA,RECONDITIONED,2025.0,1,,NISSAN ALMERA
CAR,SUZUKI,5AA-MH95S WAGON R,JAPAN,PETROL,658.0,KALUTARA,RECONDITIONED,2023.0,3,5AA-MH95S,WAGON R
CAR,SUZUKI,5AA-MK94S SPACIA,JAPAN,PETROL,657.0,GAMPAHA,RECONDITIONED,2023.0,1,5AA-MK94S,SPACIA
CAR,SUZUKI,3BA-DA17W EVERY,JAPAN,PETROL,658.0,COLOMBO,RECONDITIONED,2023.0,2,3BA-DA17W,EVERY
CAR,NISSAN,5BA-B43W DAYZ,JAPAN,PETROL,659.0,KALUTARA,RECONDITIONED,2024.0,1,5BA-B43W,DAYZ
CAR,TOYOTA,5BA-KSP210 YARIS,JAPAN,PETROL,998.0,KALUTARA,RECONDITIONED,2025.0,1,5BA-KSP210,YARIS
CAR,NISSAN,4BA-R35 GT-R,JAPAN,PETROL,3790.0,KURUNEGALA,RECONDITIONED,2024.0,1,4BA-R35,GT-R
CAR,SUZUKI,5AA-MH95S,JAPAN,PETROL,658.0,GAMPAHA,RECONDITIONED,2025.0,4,5AA-MH95S,WOGON R
CAR,AUDI,3AA-GYDLA,GERMANY,PETROL,996.0,COLOMBO,RECONDITIONED,2023.0,1,3AA-GYDLA,A3
CAR,SUZUKI,5BA-MH85S WGON R,JAPAN,PETROL,658.0,GAMPAHA,RECONDITIONED,2024.0,1,5BA-MH85S,WGON R
CAR,SUZUKI,4AA-MK54S SPACIA,JAPAN,PETROL,658.0,MATALE,RECONDITIONED,2024.0,4,4AA-MK54S,SPACIA
CAR,PORSCHE,MACAN,GERMANY,PETROL,1984.0,COLOMBO,BRAND NEW,2025.0,2,,MACAN
CAR,TOYOTA,6AA-MXPK11 AQUA,JAPAN,PETROL/ELE,1496.0,MATARA,RECONDITIONED,2023.0,1,6AA-MXPK11,AQUA
CAR,TOYOTA,5AA-A202A RAIZE,JAPAN,ELECTRIC,78.0,KURUNEGALA,RECONDITIONED,2024.0,3,5AA-A202A,RAIZE
CAR,TOYOTA,5AA-A202A,JAPAN,PETROL/ELE,1196.0,MATARA,RECONDITIONED,2025.0,1,5AA-A202A,RAIZE Z
CAR,TOYOTA,3BA-TRJ250W,JAPAN,PETROL,2693.0,KURUNEGALA,RECONDITIONED,2025.0,2,3BA-TRJ250W,VX
CAR,TOYOTA,3BA-VJA300W,JAPAN,PETROL,3444.0,RATNAPURA,RECONDITIONED,2024.0,1,3BA-VJA300W,Unknown
CAR,NISSAN,ALMERA EL,THAILAND,PETROL,999.0,GAMPAHA,RECONDITIONED,2025.0,1,,ALMERA EL
CAR,TOYOTA,5AA-A202A RAIZE,JAPAN,PETROL/ELE,1196.0,COLOMBO,RECONDITIONED,2023.0,2,5AA-A202A,RAIZE
CAR,TOYOTA,3BA-A210A,JAPAN,PETROL,990.0,COLOMBO,RECONDITIONED,2023.0,1,3BA-A210A,RAIZE G
CAR,TOYOTA,3BA-VJA300W,JAPAN,PETROL,3448.0,COLOMBO,RECONDITIONED,2025.0,1,3BA-VJA300W,Unknown
CAR,SUZUKI,5BA-MH85S,JAPAN,PETROL,657.0,MATARA,RECONDITIONED,2023.0,1,5BA-MH85S,WAGONR
CAR,TOYOTA,6AA-MXPJ10 YARIS,JAPAN,PETROL/ELE,1496.0,KALUTARA,RECONDITIONED,2023.0,3,6AA-MXPJ10,YARIS
CAR,HONDA,6AA-RV5 VESEL,JAPAN,PETROL/ELE,1496.0,KALUTARA,RECONDITIONED,2023.0,1,6AA-RV5,VESEL
CAR,NISSAN,3BA-DR17W CLIPPER,JAPAN,PETROL,658.0,KANDY,RECONDITIONED,2024.0,3,3BA-DR17W,CLIPPER
CAR,TOYOTA,6AA-ZVG13 COROLLA,JAPAN,PETROL/ELE,1797.0,RATNAPURA,RECONDITIONED,2025.0,1,6AA-ZVG13,COROLLA
CAR,MITSUBISHI,GKIWXTHUR,JAPAN,PETROL,1499.0,GAMPAHA,BRAND NEW,2025.0,2,,GKIWXTHUR
CAR,DFSK,GLORY I AUTO,SRI LANKA,PETROL,1498.0,KALUTARA,BRAND NEW-L/ASSEMBLE,2025.0,1,,GLORY I AUTO
CAR,TOYOTA,5AA-A202A  RAIZE,JAPAN,PETROL/ELE,78.0,MATARA,RECONDITIONED,2025.0,1,5AA-A202A,RAIZE
CAR,BYD,SEALION 6 SUPERIOR,CHINA,PETROL/ELE,1498.0,BATTICALOA,BRAND NEW,2025.0,4,,SEALION 6 SUPERIOR
CAR,SUZUKI,5AA-MK954S SPACIA,JAPAN,PETROL,658.0,MATARA,RECONDITIONED,2024.0,1,5AA-MK954S,SPACIA
CAR,TOYOTA,5BA-KSP210 YARIS,JAPAN,PETROL,996.0,PUTTALAM,RECONDITIONED,2023.0,4,5BA-KSP210,YARIS
CAR,HONDA,6AA-RV5 VEZEL,JAPAN,PETROL/ELE,1496.0,GALLE,RECONDITIONED,2022.0,2,6AA-RV5,VEZEL
CAR,SUZUKI,5AA-MK94S SPACIA,JAPAN,PETROL,658.0,PUTTALAM,RECONDITIONED,2023.0,1,5AA-MK94S,SPACIA
CAR,NISSAN,5AA-B44A ROOX,JAPAN,PETROL,658.0,BADULLA,RECONDITIONED,2023.0,1,5AA-B44A,ROOX
CAR,SUZUKI,5AA-MK94S SPACIA,JAPAN,PETROL,658.0,GALLE,RECONDITIONED,2024.0,6,5AA-MK94S,SPACIA
CAR,TOYOTA,6AA-MXPK11 AQUA,JAPAN,PETROL/ELE,1496.0,ANURADHAPURA,RECONDITIONED,2022.0,1,6AA-MXPK11,AQUA
CAR,SUZUKI,4AA-MK54S SPACIA,JAPAN,PETROL,658.0,PUTTALAM,RECONDITIONED,2024.0,1,4AA-MK54S,SPACIA
CAR,DAIHATSU,5BA-LA350S MIRA E.S,JAPAN,PETROL,658.0,VAVUNIYA,RECONDITIONED,2025.0,1,5BA-LA350S,MIRA E.S
CAR,TOYOTA,6AA-RV5 VEZEL,JAPAN,PETROL/ELE,1496.0,GAMPAHA,RECONDITIONED,2025.0,1,6AA-RV5,VEZEL
CAR,SUZUKI,5AA-MK94S  SPACIA,JAPAN,PETROL,658.0,GAMPAHA,RECONDITIONED,2023.0,1,5AA-MK94S,SPACIA
CAR,TOYOTA,5AA-A202A RAIZE,JAPAN,PETROL/ELE,1196.0,AMPARA,RECONDITIONED,2022.0,1,5AA-A202A,RAIZE
CAR,MITSUBISHI,NC1WLRPGRV1 XPANDER,INDONESIA,PETROL,1499.0,GAMPAHA,BRAND NEW,2025.0,1,,NC1WLRPGRV1 XPANDER
CAR,SUZUKI,5BA-MH85S WAGON R,JAPAN,PETROL,656.0,KANDY,RECONDITIONED,2023.0,2,5BA-MH85S,WAGON R
CAR,TOYOTA,5BA-M900A ROOMY,JAPAN,PETROL,996.0,KURUNEGALA,RECONDITIONED,2025.0,1,5BA-M900A,ROOMY
CAR,TOYOTA,5BA-A201A RAIZE,JAPAN,PETROL,1196.0,NUWARA-ELIYA,RECONDITIONED,2024.0,1,5BA-A201A,RAIZE
CAR,TOYOTA,6ASA-MXPJ10 YARIS,JAPAN,PETROL/ELE,1496.0,GAMPAHA,RECONDITIONED,2025.0,1,6ASA-MXPJ10,YARIS
CAR,SUZUKI,3BA-JB64W JIMNY,JAPAN,PETROL,658.0,COLOMBO,RECONDITIONED,2025.0,3,3BA-JB64W,JIMNY
CAR,TOYOTA,6BA-MXUA80 HARRIER,JAPAN,PETROL,1986.0,COLOMBO,RECONDITIONED,2024.0,6,6BA-MXUA80,HARRIER
CAR,HONDA, CITY,JAPAN,PETROL,988.0,COLOMBO,RECONDITIONED,2025.0,1,,CITY
CAR,TOYOTA,5BA-A201A,JAPAN,PETROL,1196.0,GAMPAHA,RECONDITIONED,2023.0,2,5BA-A201A,RAICE
CAR,VOLKSWAGEN,ZAA-E2EBJ ID.4 PRO,GERMANY,ELECTRIC,150.0,GALLE,RECONDITIONED,2024.0,1,ZAA-E2EBJ,ID.4 PRO
CAR,TOYOTA,5BA-M900A,JAPAN,PETROL,996.0,AMPARA,RECONDITIONED,2023.0,1,5BA-M900A,ROOMY
CAR,MITSUBISHI,5AA-B34W  EK X,JAPAN,PETROL,656.0,BADULLA,RECONDITIONED,2023.0,1,5AA-B34W,EK X
CAR,HONDA,6AA-RV5 VEZEL,JAPAN,PETROL/ELE,1496.0,MONERAGALA,RECONDITIONED,2022.0,1,6AA-RV5,VEZEL
CAR,MITSUBISHI,5BA-B33W,JAPAN,PETROL,658.0,KANDY,RECONDITIONED,2024.0,1,5BA-B33W,WAGON EK
CAR,TOYOTA,4BA-M900A ROOMY,JAPAN,PETROL,996.0,GAMPAHA,RECONDITIONED,2024.0,2,4BA-M900A,ROOMY
CAR,MITSUBISHI,5BA-B33W EK WAGON,JAPAN,PETROL,658.0,GAMPAHA,RECONDITIONED,2024.0,3,5BA-B33W,EK WAGON
CAR,NISSAN,6AA-T33 X-TRAIL,JAPAN,PETROL/ELE,157.0,COLOMBO,RECONDITIONED,2024.0,1,6AA-T33,X-TRAIL
CAR,SUZUKI,4AAMN71S XBEE,JAPAN,PETROL,996.0,GAMPAHA,RECONDITIONED,2024.0,1,,4AAMN71S XBEE
CAR,SUZUKI,5BA-MH85S WAGON R,JAPAN,PETROL,656.0,GAMPAHA,RECONDITIONED,2024.0,2,5BA-MH85S,WAGON R
CAR,TOYOTA,URBAN CRUISER TAISOR,INDIA,PETROL,998.0,BATTICALOA,RECONDITIONED,2024.0,1,,URBAN CRUISER TAISOR
CAR,TOYOTA,3BA-A210A,JAPAN,PETROL,998.0,KANDY,RECONDITIONED,2025.0,1,3BA-A210A,RAIZE G
CAR,TOYOTA,3BA-210A  RAIZE,JAPAN,PETROL,996.0,KEGALLE,RECONDITIONED,2022.0,1,3BA-210A,RAIZE
CAR,TOYOTA,3DA-GDJ250W,JAPAN,DIESEL,2755.0,COLOMBO,RECONDITIONED,2024.0,1,3DA-GDJ250W,Unknown
CAR,DAIHATSU,5BA-LA650S TANTO,JAPAN,PETROL,658.0,PUTTALAM,RECONDITIONED,2023.0,1,5BA-LA650S,TANTO
CAR,TOYOTA,5BA-A201A  RAIZE,JAPAN,PETROL,1196.0,KALUTARA,RECONDITIONED,2022.0,1,5BA-A201A,RAIZE
CAR,DAIHATSU,5AA-A202S ROCKY,JAPAN,PETROL/ELE,78.0,RATNAPURA,RECONDITIONED,2024.0,1,5AA-A202S,ROCKY
CAR,HONDA,6BA-RV3 VEZEL,JAPAN,PETROL,1496.0,KEGALLE,RECONDITIONED,2023.0,1,6BA-RV3,VEZEL
CAR,TOYOTA,5AA-A202A,JAPAN,PETROL/ELE,78.0,COLOMBO,RECONDITIONED,2023.0,1,5AA-A202A,RAIZE Z
CAR,NISSAN,5BA-B43W DAYZ,JAPAN,PETROL,658.0,AMPARA,RECONDITIONED,2024.0,1,5BA-B43W,DAYZ
CAR,AUDI,3AA-GYDLA A3,GERMANY,PETROL,999.0,AMPARA,RECONDITIONED,2023.0,1,3AA-GYDLA,A3
CAR,TOYOTA,3BA-A210A RAIZE,JAPAN,PETROL,996.0,PUTTALAM,RECONDITIONED,2024.0,2,3BA-A210A,RAIZE
CAR,TOYOTA,6AA-MXPJ10 YARIS,JAPAN,PETROL/ELE,1496.0,MATARA,RECONDITIONED,2023.0,2,6AA-MXPJ10,YARIS
CAR,TOYOTA,5AA-A202A RAIZE,JAPAN,PETROL/ELE,78.0,KEGALLE,RECONDITIONED,2022.0,1,5AA-A202A,RAIZE
CAR,TOYOTA,5AA-A202A  RAIZE,JAPAN,PETROL/ELE,78.0,KURUNEGALA,RECONDITIONED,2024.0,1,5AA-A202A,RAIZE
CAR,HONDA,6AA-RV5,JAPAN,PETROL/ELE,1496.0,KALUTARA,RECONDITIONED,2024.0,1,6AA-RV5,VEVEL
CAR,NISSAN,5BA-B46W DAYZ,JAPAN,PETROL,658.0,RATNAPURA,RECONDITIONED,2023.0,1,5BA-B46W,DAYZ
CAR,NISSAN,5AA-B44W DAYZ,JAPAN,PETROL,658.0,HAMBANTOTA,RECONDITIONED,2023.0,1,5AA-B44W,DAYZ
CAR,HONDA,6BA-JF5,JAPAN,PETROL,658.0,COLOMBO,RECONDITIONED,2024.0,1,6BA-JF5,N BOX
CAR,HONDA,6AA-RV5 VEZEL,JAPAN,PETROL/ELE,1496.0,AMPARA,RECONDITIONED,2023.0,4,6AA-RV5,VEZEL
CAR,TOYOTA,3BA-TRJ150W PRADO,JAPAN,PETROL,2693.0,GAMPAHA,RECONDITIONED,2022.0,2,3BA-TRJ150W,PRADO
CAR,TOYOTA,5BA-KSP210,JAPAN,PETROL,996.0,KANDY,RECONDITIONED,2023.0,1,5BA-KSP210,Unknown
CAR,AUDI,3AA-F3DFY Q3,GERMANY,PETROL,1496.0,KANDY,RECONDITIONED,2023.0,1,3AA-F3DFY,Q3
CAR,HONDA,6AA-RV5   VEZEL,JAPAN,PETROL/ELE,1496.0,KALUTARA,RECONDITIONED,2025.0,1,6AA-RV5,VEZEL
CAR,NISSAN,5BA-B43W DAYZ,JAPAN,PETROL,658.0,ANURADHAPURA,RECONDITIONED,2024.0,1,5BA-B43W,DAYZ
CAR,DAIHATSU,5BA-LA3505 MIRA E.S,JAPAN,PETROL,658.0,COLOMBO,RECONDITIONED,2025.0,1,5BA-LA3505,MIRA E.S
CAR,TOYOTA,5BA-M900A ROOMY,JAPAN,PETROL,996.0,PUTTALAM,RECONDITIONED,2024.0,2,5BA-M900A,ROOMY
CAR,NISSAN,3BA-DR17W CLIPPER,JAPAN,PETROL,658.0,KANDY,RECONDITIONED,2023.0,1,3BA-DR17W,CLIPPER
CAR,SUZUKI,EVERY 5BD-DA17V,JAPAN,PETROL,658.0,GAMPAHA,RECONDITIONED,2022.0,1,,EVERY 5BD-DA17V
CAR,TOYOTA,5BA-A201A RAIZE,JAPAN,PETROL,1198.0,RATNAPURA,RECONDITIONED,2023.0,1,5BA-A201A,RAIZE
CAR,DAIHATSU,5BA-LA150S MOVE,JAPAN,PETROL,658.0,GAMPAHA,RECONDITIONED,2023.0,1,5BA-LA150S,MOVE
CAR,HONDA,6BA-FL5  CIVIC,JAPAN,PETROL,1996.0,COLOMBO,RECONDITIONED,2025.0,1,6BA-FL5,CIVIC
CAR,HONDA,6AA-RV5  VEZEL,JAPAN,PETROL/ELE,1496.0,MATALE,RECONDITIONED,2025.0,1,6AA-RV5,VEZEL
CAR,KIA,SONET,INDIA,PETROL,998.0,KANDY,BRAND NEW,2025.0,6,,SONET
CAR,TOYOTA,6BA-MXUA80 HARRIER,JAPAN,PETROL,1986.0,RATNAPURA,RECONDITIONED,2024.0,1,6BA-MXUA80,HARRIER
CAR,DAIHATSU,3BA-A210S ROCKY,JAPAN,PETROL,996.0,COLOMBO,RECONDITIONED,2024.0,1,3BA-A210S,ROCKY
CAR,DAIHATSU,5BA-LA350S,JAPAN,PETROL,658.0,GALLE,RECONDITIONED,2023.0,3,5BA-LA350S,MIRA  E S
CAR,DAIHATSU,5AA-A202S ROCKY,JAPAN,PETROL/ELE,78.0,PUTTALAM,RECONDITIONED,2025.0,1,5AA-A202S,ROCKY
CAR,TOYOTA,6AA-ZVG13 COROLLA,JAPAN,PETROL/ELE,1797.0,MATARA,RECONDITIONED,2024.0,1,6AA-ZVG13,COROLLA
CAR,SUZUKI,3BA-DA17W EVREY,JAPAN,PETROL,658.0,KANDY,RECONDITIONED,2025.0,1,3BA-DA17W,EVREY
CAR,SUZUKI,3BA-DA17W EVERY,JAPAN,PETROL,658.0,KEGALLE,RECONDITIONED,2024.0,1,3BA-DA17W,EVERY
CAR,SUZUKI,5BD-DA17V EVERY,JAPAN,PETROL,658.0,JAFFNA,RECONDITIONED,2023.0,1,5BD-DA17V,EVERY
CAR,DAIHATSU,5BA-LA350S MIRA,JAPAN,PETROL,658.0,KEGALLE,RECONDITIONED,2024.0,1,5BA-LA350S,MIRA
CAR,LAND ROVER,RANGE ROVER P460E,UNITED KINGDOM,PETROL/ELE,2996.0,COLOMBO,RECONDITIONED,2025.0,1,,RANGE ROVER P460E
CAR,SUZUKI,5BD-DA17V EVERY,JAPAN,PETROL,658.0,HAMBANTOTA,RECONDITIONED,2024.0,1,5BD-DA17V,EVERY
CAR,TOYOTA,5BA-M700A,JAPAN,PETROL,996.0,GALLE,RECONDITIONED,2023.0,1,5BA-M700A,PASSO
CAR,SUZUKI,3BA-JB64W JIMNY,JAPAN,PETROL,658.0,KALUTARA,RECONDITIONED,2024.0,1,3BA-JB64W,JIMNY
CAR,SUZUKI,4AA-MK54S SPACIA,JAPAN,PETROL/ELE,658.0,KURUNEGALA,RECONDITIONED,2024.0,1,4AA-MK54S,SPACIA
CAR,HONDA,6AA-RV5 VEZEL,JAPAN,PETROL/ELE,1496.0,MONERAGALA,RECONDITIONED,2023.0,1,6AA-RV5,VEZEL
CAR,LEXUS,6AA-MAYH10  LBX,JAPAN,PETROL/ELE,1490.0,KURUNEGALA,RECONDITIONED,2024.0,1,6AA-MAYH10,LBX
CAR,SUZUKI,5BA-MH85S WAGON R,JAPAN,PETROL,658.0,RATNAPURA,RECONDITIONED,2023.0,2,5BA-MH85S,WAGON R
CAR,RANGE ROVER,EVOQUE ABIO PHEV,UNITED KINGDOM,PETROL/ELE,1498.0,COLOMBO,RECONDITIONED,2024.0,1,,EVOQUE ABIO PHEV
CAR,SUZUKI,3BA-DA17W EVERY,JAPAN,PETROL,650.0,RATNAPURA,RECONDITIONED,2023.0,1,3BA-DA17W,EVERY
CAR,HONDA,5BA-RZ3   ZR-V,JAPAN,PETROL,1496.0,COLOMBO,RECONDITIONED,2024.0,1,5BA-RZ3,ZR-V
CAR,NISSAN,5A-B44W DAYZ,JAPAN,PETROL,658.0,BADULLA,RECONDITIONED,2024.0,1,5A-B44W,DAYZ
CAR,DAIHATSU,5BA-LA900S TAFT,JAPAN,PETROL,656.0,GAMPAHA,RECONDITIONED,2024.0,1,5BA-LA900S,TAFT
CAR,DAIHATSU,5BA-LA350S MIRA,JAPAN,PETROL,658.0,KURUNEGALA,RECONDITIONED,2025.0,1,5BA-LA350S,MIRA
CAR,DAIHATSU,5BA-LA150S,JAPAN,PETROL,658.0,ANURADHAPURA,RECONDITIONED,2023.0,1,5BA-LA150S,MOVE
CAR,SUZUKI,5AA-MH95S,JAPAN,PETROL,658.0,GALLE,RECONDITIONED,2025.0,1,5AA-MH95S,WOGON R
CAR,TOYOTA,3BA-TRJ150W,JAPAN,PETROL,2693.0,MATARA,RECONDITIONED,2023.0,2,3BA-TRJ150W,TXL
CAR,HONDA,6AA-RV5,JAPAN,PETROL/ELE,1496.0,GALLE,RECONDITIONED,2023.0,1,6AA-RV5,VEVEL
CAR,TOYOTA,6AA-MXPJ10,JAPAN,PETROL/ELE,1496.0,GAMPAHA,RECONDITIONED,2024.0,3,6AA-MXPJ10,CROSS
CAR,TOYOTA,5BA-A201A  RAIZE,JAPAN,PETROL,1196.0,KURUNEGALA,RECONDITIONED,2023.0,1,5BA-A201A,RAIZE
CAR,SUZUKI,5AA-MH95S,JAPAN,PETROL,658.0,KALUTARA,RECONDITIONED,2024.0,1,5AA-MH95S,WOGON R
CAR,VOLKSWAGEN,3BA-C1DKR,GERMANY,PETROL,996.0,COLOMBO,RECONDITIONED,2023.0,1,3BA-C1DKR,TCROSS
CAR,SUZUKI,3BA-HA37S,JAPAN,PETROL,658.0,KANDY,RECONDITIONED,2024.0,1,3BA-HA37S,Unknown
CAR,TOYOTA,4BA-M900A ROOMY,JAPAN,PETROL,996.0,KURUNEGALA,RECONDITIONED,2022.0,2,4BA-M900A,ROOMY
CAR,BYD,SEALION 6 PREMIUM,CHINA,PETROL/ELE,1498.0,ANURADHAPURA,BRAND NEW,2025.0,1,,SEALION 6 PREMIUM
CAR,TOYOTA,3BA-VJA300W,JAPAN,PETROL,3444.0,GAMPAHA,RECONDITIONED,2025.0,2,3BA-VJA300W,Unknown
CAR,HONDA,6AA-RV 5  VEZEL,JAPAN,PETROL/ELE,1496.0,POLONNARUWA,RECONDITIONED,2023.0,1,6AA-RV,5  VEZEL
CAR,TOYOTA,5BA-MZEA17 COROLLA,JAPAN,PETROL,1490.0,JAFFNA,RECONDITIONED,2024.0,1,5BA-MZEA17,COROLLA
CAR,TOYOTA,6AA-MXPJ10 CROSS,JAPAN,PETROL/ELE,1496.0,AMPARA,RECONDITIONED,2024.0,1,6AA-MXPJ10,CROSS
CAR,SUZUKI,5BA-MH85S WAGON R,JAPAN,PETROL,658.0,HAMBANTOTA,RECONDITIONED,2023.0,1,5BA-MH85S,WAGON R
CAR,PORSCHE,911 CARRERA S-A,UNITED KINGDOM,PETROL,2981.0,COLOMBO,RECONDITIONED,2024.0,1,,911 CARRERA S-A
CAR,TOYOTA,5AA-A202 RAIZE,JAPAN,ELECTRIC,78.0,GAMPAHA,RECONDITIONED,2025.0,1,5AA-A202,RAIZE
CAR,BYD,M6 SUPERIOR,CHINA,ELECTRIC,100.0,GALLE,BRAND NEW,2025.0,1,,M6 SUPERIOR
CAR,NISSAN,4AA-B45W DAYZ,JAPAN,PETROL,658.0,COLOMBO,RECONDITIONED,2023.0,3,4AA-B45W,DAYZ
CAR,NISSAN,5BD-DR17V  CLIPPER,JAPAN,PETROL,658.0,MATALE,RECONDITIONED,2024.0,1,5BD-DR17V,CLIPPER
CAR,DAIHATSU,5BA-LA360S   MIRA,JAPAN,PETROL,658.0,COLOMBO,RECONDITIONED,2023.0,1,5BA-LA360S,MIRA
CAR,SUZUKI,4AA-MH55S WAGON R,JAPAN,PETROL,656.0,RATNAPURA,RECONDITIONED,2024.0,1,4AA-MH55S,WAGON R
CAR,SUZUKI,4AA-MN71S XBEE,JAPAN,PETROL,996.0,RATNAPURA,RECONDITIONED,2024.0,1,4AA-MN71S,XBEE
CAR,SUZUKI,5AA-MR92S  HUSLER,JAPAN,PETROL,658.0,RATNAPURA,RECONDITIONED,2024.0,1,5AA-MR92S,HUSLER
CAR,TOYOTA,5BA-M910A  ROOMY,JAPAN,PETROL,996.0,GAMPAHA,RECONDITIONED,2024.0,1,5BA-M910A,ROOMY
CAR,HONDA,HONDA CITY,THAILAND,PETROL,988.0,KANDY,RECONDITIONED,2025.0,1,,HONDA CITY
CAR,KIA,SONET,INDIA,PETROL,998.0,RATNAPURA,RECONDITIONED,2025.0,1,,SONET
CAR,TOYOTA,6BA-MXUA80 HARRIER,JAPAN,PETROL,1987.0,RATNAPURA,RECONDITIONED,2024.0,1,6BA-MXUA80,HARRIER
CAR,TOYOTA,5AA-A202A RAIZE,JAPAN,ELECTRIC,78.0,MONERAGALA,RECONDITIONED,2025.0,2,5AA-A202A,RAIZE
CAR,TOYOTA,5BA-KSP210 YARIS,JAPAN,PETROL,996.0,MONERAGALA,RECONDITIONED,2022.0,1,5BA-KSP210,YARIS
CAR,SUZUKI,3BD-DA17V  EVERY,JAPAN,PETROL,658.0,KALUTARA,RECONDITIONED,2024.0,1,3BD-DA17V,EVERY
CAR,TOYOTA,5BA-KSP210,JAPAN,PETROL,996.0,COLOMBO,RECONDITIONED,2022.0,1,5BA-KSP210,Unknown
CAR,SUZUKI,3BA-HA37S  ALTO,JAPAN,PETROL,656.0,COLOMBO,RECONDITIONED,2023.0,1,3BA-HA37S,ALTO
CAR,NISSAN,5BD-DA17V CLIPPER,JAPAN,PETROL,658.0,GAMPAHA,RECONDITIONED,2024.0,2,5BD-DA17V,CLIPPER
CAR,LAND ROVER,3BA-LE72XCA DEFENDER,JAPAN,PETROL,1997.0,COLOMBO,RECONDITIONED,2023.0,1,3BA-LE72XCA,DEFENDER
CAR,MAZDA,5AA-MM53S  FLAIR,JAPAN,PETROL,658.0,GAMPAHA,RECONDITIONED,2023.0,1,5AA-MM53S,FLAIR
CAR,SUZUKI,5AA-MH95S WAGON R,JAPAN,PETROL,658.0,AMPARA,RECONDITIONED,2024.0,2,5AA-MH95S,WAGON R
CAR,MERCEDES BENZ,4AA-213077C,GERMANY,PETROL,1496.0,COLOMBO,RECONDITIONED,2023.0,1,4AA-213077C,E200
CAR,VOLKSWAGEN,3AA-CDDFY GOLF E TSI,GERMANY,PETROL,1496.0,COLOMBO,RECONDITIONED,2024.0,1,3AA-CDDFY,GOLF E TSI
CAR,TOYOTA,5AA-A202A RAIZE,JAPAN,PETROL/ELE,78.0,HAMBANTOTA,RECONDITIONED,2024.0,1,5AA-A202A,RAIZE
CAR,TOYOTA,URBAN CRUISE TAISOR,INDIA,PETROL,998.0,KALUTARA,RECONDITIONED,2024.0,1,,URBAN CRUISE TAISOR
CAR,HONDA,6AA-RV5 VEZEL,JAPAN,PETROL/ELE,1496.0,COLOMBO,BRAND NEW,2025.0,1,6AA-RV5,VEZEL
CAR,JETOUR,DASHING,CHINA,PETROL,1498.0,GALLE,BRAND NEW,2025.0,1,,DASHING
CAR,MAZDA,5AA-HB97S CAROL,JAPAN,PETROL,658.0,COLOMBO,RECONDITIONED,2023.0,1,5AA-HB97S,CAROL
CAR,TOYOTA,5AA-A202A  RAIZE,JAPAN,PETROL/ELE,78.0,MATALE,RECONDITIONED,2025.0,1,5AA-A202A,RAIZE
CAR,SUZUKI,5BD-DA17V EVERY,JAPAN,PETROL,656.0,GAMPAHA,RECONDITIONED,2024.0,2,5BD-DA17V,EVERY
CAR,SUZUKI,5BA-MH85S WAGON R,JAPAN,PETROL,657.0,NUWARA-ELIYA,RECONDITIONED,2023.0,1,5BA-MH85S,WAGON R
CAR,SUZUKI,5AA-HA97S ALTO,JAPAN,PETROL,657.0,GAMPAHA,RECONDITIONED,2023.0,1,5AA-HA97S,ALTO
CAR,SUZUKI,5BA-MH85S WAGON R,JAPAN,PETROL,656.0,GAMPAHA,RECONDITIONED,2025.0,1,5BA-MH85S,WAGON R
CAR,JETOUR,DASHING,CHINA,PETROL,1498.0,GAMPAHA,BRAND NEW,2025.0,4,,DASHING
CAR,TOYOTA,6AA-ZVG13 COROLLA,JAPAN,PETROL/ELE,1797.0,KALUTARA,RECONDITIONED,2024.0,1,6AA-ZVG13,COROLLA
CAR,SUZUKI,5BA-MH85S WAGON R,JAPAN,PETROL,657.0,KEGALLE,RECONDITIONED,2023.0,1,5BA-MH85S,WAGON R
CAR,SUZUKI,5AA-HA97S ALTO,JAPAN,PETROL,658.0,GAMPAHA,RECONDITIONED,2025.0,1,5AA-HA97S,ALTO
CAR,TOYOTA,6AA-MXPJ10  YARIS,JAPAN,PETROL/ELE,1496.0,RATNAPURA,RECONDITIONED,2025.0,1,6AA-MXPJ10,YARIS
CAR,TOYOTA,URBAN CRUISER TAISOR,INDIA,PETROL,998.0,PUTTALAM,RECONDITIONED,2024.0,1,,URBAN CRUISER TAISOR
CAR,DAIHATSU,5BA-M700S,JAPAN,PETROL,996.0,COLOMBO,RECONDITIONED,2023.0,1,5BA-M700S,BOON
CAR,HONDA (DMC),6BA-JF5 N BOX,JAPAN,PETROL,658.0,GAMPAHA,RECONDITIONED,2024.0,1,6BA-JF5,N BOX
CAR,AUDI,3BA-GBDKL A1,GERMANY,PETROL,999.0,COLOMBO,RECONDITIONED,2023.0,1,3BA-GBDKL,A1
CAR,MERCEDES BENZ,4AA-465250C  G63,AUSTRIA,PETROL,3986.0,KALUTARA,RECONDITIONED,2024.0,1,4AA-465250C,G63
CAR,MAZDA,5AA-MM53S,JAPAN,PETROL,658.0,BADULLA,RECONDITIONED,2023.0,1,5AA-MM53S,Unknown
CAR,DAIHATSU,5BA-LA350S MIRA E.S,JAPAN,PETROL,658.0,COLOMBO,RECONDITIONED,2025.0,1,5BA-LA350S,MIRA E.S
CAR,TOYOTA,5BA-A201A  RAIZE,JAPAN,PETROL,1196.0,MATARA,RECONDITIONED,2024.0,1,5BA-A201A,RAIZE
CAR,TOYOTA,6AA-MXPK11 AQUA,JAPAN,PETROL/ELE,1490.0,COLOMBO,RECONDITIONED,2023.0,1,6AA-MXPK11,AQUA
CAR,SUZUKI,3BA-HA37S ALTO,JAPAN,PETROL,656.0,KEGALLE,RECONDITIONED,2023.0,1,3BA-HA37S,ALTO
CAR,BAW,E7,CHINA,ELECTRIC,25.0,COLOMBO,BRAND NEW,2025.0,1,,E7
CAR,SUZUKI,5BA-MH85S  WAGON R,JAPAN,PETROL,657.0,KURUNEGALA,RECONDITIONED,2023.0,1,5BA-MH85S,WAGON R
CAR,HONDA,6AA-RV5  VEZEL,JAPAN,PETROL/ELE,1496.0,BADULLA,RECONDITIONED,2024.0,1,6AA-RV5,VEZEL
CAR,TOYOTA,5BA-LA350A PIXIS,JAPAN,PETROL,658.0,MATARA,RECONDITIONED,2023.0,1,5BA-LA350A,PIXIS
CAR,SUZUKI,5BA-MH85S WAGON R,JAPAN,PETROL,656.0,MANNAR,RECONDITIONED,2025.0,1,5BA-MH85S,WAGON R
CAR,DAIHATSU,5AA-A202S ROCKY,JAPAN,PETROL/ELE,1196.0,GAMPAHA,RECONDITIONED,2025.0,1,5AA-A202S,ROCKY
CAR,TOYOTA,URBAN CRUISER TAISOR,INDIA,PETROL,998.0,AMPARA,RECONDITIONED,2024.0,1,,URBAN CRUISER TAISOR
CAR,DAIHATSU,5BA-LA350S MIRA E.S,JAPAN,PETROL,658.0,PUTTALAM,RECONDITIONED,2023.0,1,5BA-LA350S,MIRA E.S
CAR,HONDA,6AA-RV5,JAPAN,PETROL/ELE,1496.0,MONERAGALA,RECONDITIONED,2023.0,1,6AA-RV5,VEVEL
CAR,LEXUS,5AA-TALH17 RX500S,JAPAN,PETROL/ELE,2393.0,COLOMBO,RECONDITIONED,2024.0,1,5AA-TALH17,RX500S
CAR,MITSUBISHI,5BA-GK1W ECLIPSE,JAPAN,PETROL,1496.0,MONERAGALA,RECONDITIONED,2023.0,1,5BA-GK1W,ECLIPSE
CAR,DAIHATSU,5BA-M900S THOR,JAPAN,PETROL,996.0,COLOMBO,RECONDITIONED,2022.0,1,5BA-M900S,THOR
CAR,TOYOTA,5BA-M900A ROOMY,JAPAN,PETROL,998.0,AMPARA,RECONDITIONED,2023.0,1,5BA-M900A,ROOMY
CAR,SUZUKI,4AA-MN71S X BEE,JAPAN,PETROL,996.0,COLOMBO,RECONDITIONED,2023.0,1,4AA-MN71S,X BEE
CAR,SUZUKI,5AA-MH95S WAGON R,JAPAN,PETROL,658.0,BADULLA,RECONDITIONED,2025.0,1,5AA-MH95S,WAGON R
CAR,MAZDA,3BA-HB37S CAROL,JAPAN,PETROL,658.0,KALUTARA,RECONDITIONED,2023.0,1,3BA-HB37S,CAROL
CAR,HONDA,6AA-RV5 VEZEL,JAPAN,PETROL/ELE,1496.0,BADULLA,RECONDITIONED,2023.0,4,6AA-RV5,VEZEL
CAR,NISSAN,MAGNITE TEKNA PLUS,INDIA,PETROL,999.0,GAMPAHA,BRAND NEW,2025.0,52,,MAGNITE TEKNA PLUS
CAR,DAIHATSU,5BA-LA350S MIRA,JAPAN,PETROL,658.0,KALUTARA,RECONDITIONED,2023.0,6,5BA-LA350S,MIRA
CAR,SUZUKI,5AA-HA97S ALTO,JAPAN,PETROL,658.0,COLOMBO,RECONDITIONED,2023.0,1,5AA-HA97S,ALTO
CAR,HONDA,5BA-DG5 WR-V,JAPAN,PETROL,1490.0,GAMPAHA,RECONDITIONED,2024.0,1,5BA-DG5,WR-V
CAR,SUZUKI,5BA-MH85S WAGON R,JAPAN,PETROL,658.0,KEGALLE,RECONDITIONED,2024.0,2,5BA-MH85S,WAGON R
CAR,SUZUKI,5AA-MH95S WAGON R,JAPAN,PETROL,658.0,RATNAPURA,RECONDITIONED,2023.0,3,5AA-MH95S,WAGON R
CAR,DAIHATSU,5BA-M900S THOR,JAPAN,PETROL,996.0,GALLE,RECONDITIONED,2024.0,1,5BA-M900S,THOR
CAR,HONDA,CITY  RS,THAILAND,PETROL,988.0,COLOMBO,RECONDITIONED,2025.0,2,,CITY  RS
CAR,HONDA,6AA-RV5 VEZEL,JAPAN,PETROL/ELE,1496.0,GALLE,RECONDITIONED,2025.0,36,6AA-RV5,VEZEL
CAR,MAHINDRA,XUV 3XO,INDIA,PETROL,1197.0,HAMBANTOTA,BRAND NEW,2025.0,1,,XUV 3XO
CAR,TOYOTA,5BA-M700A PASSO,JAPAN,PETROL,996.0,KANDY,RECONDITIONED,2022.0,1,5BA-M700A,PASSO
CAR,TOYOTA,WIGO A350RA GBNE,INDONESIA,PETROL,998.0,KALUTARA,BRAND NEW,2025.0,2,,WIGO A350RA GBNE
CAR,KIA,SORENTO,MALAYSIA,PETROL/ELE,1598.0,COLOMBO,BRAND NEW,2024.0,8,,SORENTO
CAR,HONDA,6AA-RV5  VEZEL,JAPAN,PETROL/ELE,1496.0,KANDY,RECONDITIONED,2024.0,3,6AA-RV5,VEZEL
CAR,BYD,ATTO3-ADVANCED,CHINA,ELECTRIC,100.0,KANDY,BRAND NEW,2025.0,17,ATTO3-ADVANCED,Unknown
CAR,TATA,CURVV,INDIA,PETROL,1199.0,GAMPAHA,BRAND NEW,2025.0,1,,CURVV
CAR,TOYOTA,6AA-MXPJ10 YARIS,JAPAN,PETROL/ELE,1496.0,GAMPAHA,RECONDITIONED,2024.0,4,6AA-MXPJ10,YARIS
CAR,PERODUA,ARUZ,MALAYSIA,PETROL,1496.0,KALUTARA,BRAND NEW,2025.0,1,,ARUZ
CAR,AUDI,3AA-GYDLA A3,GERMANY,PETROL,999.0,COLOMBO,RECONDITIONED,2023.0,5,3AA-GYDLA,A3
CAR,TOYOTA,5BA-A201A RAIZE,JAPAN,PETROL,1196.0,TRINCOMALEE,RECONDITIONED,2025.0,1,5BA-A201A,RAIZE
CAR,NISSAN,5BA-B43W DAYZ,JAPAN,PETROL,658.0,GAMPAHA,RECONDITIONED,2023.0,3,5BA-B43W,DAYZ
CAR,AUDI,3AA-GYDLA A3,GERMANY,PETROL,996.0,GALLE,RECONDITIONED,2024.0,1,3AA-GYDLA,A3
CAR,MERCEDES BENZ,E-200,GERMANY,PETROL,1999.0,COLOMBO,BRAND NEW,2025.0,11,,E-200
CAR,TOYOTA,5AA-A202A   RAIZE,JAPAN,ELECTRIC,78.0,KANDY,RECONDITIONED,2025.0,1,5AA-A202A,RAIZE
CAR,SUZUKI,3BD-DA17V,JAPAN,PETROL,658.0,COLOMBO,RECONDITIONED,2025.0,1,3BD-DA17V,Unknown
CAR,MERCEDES BENZ,GLB 200,GERMANY,PETROL,1332.0,COLOMBO,RECONDITIONED,2024.0,2,,GLB 200
CAR,PERODUA,AXIA CG1GZ,MALAYSIA,PETROL,998.0,KALUTARA,BRAND NEW,2025.0,1,,AXIA CG1GZ
CAR,SUZUKI,5AA-MK94S SPACIA,JAPAN,PETROL,658.0,GAMPAHA,RECONDITIONED,2023.0,2,5AA-MK94S,SPACIA
CAR,NISSAN,MAGNITE N-CONNECTA,INDIA,PETROL,999.0,COLOMBO,BRAND NEW,2025.0,21,,MAGNITE N-CONNECTA
CAR,DAIHATSU,5BA-LA350S MIRA E.S,JAPAN,PETROL,658.0,AMPARA,RECONDITIONED,2024.0,1,5BA-LA350S,MIRA E.S
CAR,NISSAN,MAGNITE TEKNA PLUS,INDIA,PETROL,999.0,GALLE,BRAND NEW,2025.0,8,,MAGNITE TEKNA PLUS
CAR,NISSAN,MAGNITE N-CONNECTA,INDIA,PETROL,999.0,KALUTARA,BRAND NEW,2025.0,3,,MAGNITE N-CONNECTA
CAR,HONDA,6AA-RV6  VEZEL,JAPAN,PETROL/ELE,1496.0,BATTICALOA,RECONDITIONED,2024.0,1,6AA-RV6,VEZEL
CAR,NISSAN,5AA-B44W DAYZ,JAPAN,PETROL,700.0,PUTTALAM,RECONDITIONED,2024.0,1,5AA-B44W,DAYZ
CAR,BYD,SEALION 6 PREMIUM,CHINA,PETROL/ELE,1498.0,KANDY,BRAND NEW,2025.0,2,,SEALION 6 PREMIUM
CAR,NISSAN,MAGNITE TEKNA PLUS,INDIA,PETROL,999.0,VAVUNIYA,BRAND NEW,2025.0,2,,MAGNITE TEKNA PLUS
CAR,TOYOTA,3BA-TRJ250W,JAPAN,PETROL,2693.0,GAMPAHA,RECONDITIONED,2025.0,4,3BA-TRJ250W,VX
CAR,TOYOTA,5BA-KSP210 YARIS,JAPAN,PETROL,996.0,KANDY,RECONDITIONED,2022.0,1,5BA-KSP210,YARIS
CAR,MERCEDES BENZ,GLE 400E 4 MATIC,U.S.A,PETROL,1999.0,COLOMBO,BRAND NEW,2025.0,5,,GLE 400E 4 MATIC
CAR,TOYOTA,URBAN CRUISER TAISOR,INDIA,PETROL,998.0,KANDY,RECONDITIONED,2025.0,5,,URBAN CRUISER TAISOR
CAR,DAIHATSU,5BA-LA350S MIRA,JAPAN,PETROL,658.0,KANDY,RECONDITIONED,2024.0,4,5BA-LA350S,MIRA
CAR,TOYOTA,5AA-A202A RAIZE,JAPAN,PETROL/ELE,1196.0,KALUTARA,RECONDITIONED,2022.0,3,5AA-A202A,RAIZE
CAR,HONDA,6AA-RV5 VEZEL,JAPAN,PETROL/ELE,1496.0,HAMBANTOTA,RECONDITIONED,2025.0,10,6AA-RV5,VEZEL
CAR,TOYOTA,5AA-A202A RAIZE,JAPAN,PETROL/ELE,78.0,KANDY,RECONDITIONED,2024.0,1,5AA-A202A,RAIZE
CAR,SUZUKI,5BA-MH85S WAGON R,JAPAN,PETROL,658.0,KANDY,RECONDITIONED,2023.0,6,5BA-MH85S,WAGON R
CAR,TOYOTA,TOYOTA YARIS ATIV,THAILAND,PETROL,1197.0,COLOMBO,RECONDITIONED,2025.0,1,,TOYOTA YARIS ATIV
CAR,NISSAN,5AA-B44A ROOX,JAPAN,PETROL,659.0,PUTTALAM,RECONDITIONED,2024.0,1,5AA-B44A,ROOX
CAR,TOYOTA,A250RA-GBVV RAIZE,INDONESIA,PETROL,998.0,MONERAGALA,BRAND NEW,2025.0,3,,A250RA-GBVV RAIZE
CAR,CHANGAN,S 07,CHINA,ELECTRIC,99.0,COLOMBO,BRAND NEW,2025.0,11,,S 07
CAR,HONDA,CITY,THAILAND,PETROL,988.0,GALLE,RECONDITIONED,2025.0,1,,CITY
CAR,AUDI,3AA-GYDLA   A3,GERMANY,PETROL,999.0,GALLE,RECONDITIONED,2022.0,1,3AA-GYDLA,A3
CAR,BYD,ATTO3-ADVANCED,CHINA,ELECTRIC,100.0,AMPARA,BRAND NEW,2025.0,3,ATTO3-ADVANCED,Unknown
CAR,TOYOTA,6AA-MXPJ10 YARIS,JAPAN,PETROL/ELE,1490.0,BADULLA,RECONDITIONED,2024.0,1,6AA-MXPJ10,YARIS
CAR,SUZUKI,5AA-MR92S,JAPAN,PETROL,658.0,MATARA,RECONDITIONED,2024.0,1,5AA-MR92S,HUSLER
CAR,SUZUKI,FRONX,INDIA,PETROL,998.0,MATARA,BRAND NEW,2025.0,5,,FRONX
CAR,HONDA,6BA-JH3 N-WGN,JAPAN,PETROL,658.0,COLOMBO,RECONDITIONED,2025.0,2,6BA-JH3,N-WGN
CAR,SUZUKI,5BA-MH85S,JAPAN,PETROL,658.0,GALLE,RECONDITIONED,2023.0,2,5BA-MH85S,WAGONR
CAR,HONDA,6AA-RV5 VEZEL,JAPAN,PETROL/ELE,1496.0,GALLE,RECONDITIONED,2023.0,6,6AA-RV5,VEZEL
CAR,BYD,ATTO-3-SUPERIOR,CHINA,ELECTRIC,100.0,RATNAPURA,BRAND NEW,2025.0,4,ATTO-3-SUPERIOR,Unknown
CAR,HONDA,6AA-RV5  VEZEL,JAPAN,PETROL/ELE,1496.0,MATARA,RECONDITIONED,2025.0,6,6AA-RV5,VEZEL
CAR,SUZUKI,5AA-MH95S   WAGON R,JAPAN,PETROL,658.0,MATARA,RECONDITIONED,2024.0,1,5AA-MH95S,WAGON R
CAR,TOYOTA,5AA-A202A RAIZE,JAPAN,PETROL/ELE,1196.0,MATALE,RECONDITIONED,2022.0,1,5AA-A202A,RAIZE
CAR,MAZDA,5AA-MH92S FLAIR,JAPAN,PETROL,658.0,COLOMBO,RECONDITIONED,2023.0,1,5AA-MH92S,FLAIR
CAR,TOYOTA,3BA-TRJ150W PRADO,JAPAN,PETROL,2693.0,KURUNEGALA,RECONDITIONED,2023.0,1,3BA-TRJ150W,PRADO
CAR,SUZUKI,5BA-MH85S WAGON R,JAPAN,PETROL,657.0,MATARA,RECONDITIONED,2023.0,1,5BA-MH85S,WAGON R
CAR,SUZUKI,4AA-MH55S WAGON R,JAPAN,PETROL,656.0,GAMPAHA,RECONDITIONED,2022.0,1,4AA-MH55S,WAGON R
CAR,JMEV,JX7001ERCBEV,CHINA,ELECTRIC,99.0,COLOMBO,BRAND NEW,2025.0,1,,JX7001ERCBEV
CAR,DAIHATSU,TAFT,JAPAN,PETROL,658.0,KALUTARA,RECONDITIONED,2024.0,1,,TAFT
CAR,PEUGEOT,2008GT,SPAIN,PETROL,1199.0,KURUNEGALA,BRAND NEW,2025.0,2,,2008GT
CAR,SUZUKI,5AA-MH95S  WAGON R,JAPAN,PETROL,658.0,GAMPAHA,RECONDITIONED,2022.0,1,5AA-MH95S,WAGON R
CAR,NISSAN,6AA-FE13  AURA,JAPAN,PETROL/ELE,100.0,RATNAPURA,RECONDITIONED,2023.0,1,6AA-FE13,AURA
CAR,TOYOTA,5BA-KSP210  YARIS,JAPAN,PETROL,996.0,MONERAGALA,RECONDITIONED,2024.0,1,5BA-KSP210,YARIS
CAR,TOYOTA,5BA-M900A   ROOMY,JAPAN,PETROL,996.0,GAMPAHA,RECONDITIONED,2024.0,1,5BA-M900A,ROOMY
CAR,HONDA,6AA-RV5 VEZEL,JAPAN,PETROL/ELE,1496.0,PUTTALAM,RECONDITIONED,2023.0,6,6AA-RV5,VEZEL
CAR,TOYOTA,3BA-TRJ250W,JAPAN,PETROL/ELE,2693.0,ANURADHAPURA,RECONDITIONED,2025.0,1,3BA-TRJ250W,VX
CAR,LAND ROVER,DEFENDER,UNITED KINGDOM,PETROL/ELE,2000.0,PUTTALAM,BRAND NEW,2025.0,1,,DEFENDER
CAR,TATA,CURVV,INDIA,PETROL,1199.0,BATTICALOA,BRAND NEW,2025.0,1,,CURVV
CAR,HONDA,6AA-RV5 VEZEL,JAPAN,PETROL/ELE,1496.0,PUTTALAM,RECONDITIONED,2025.0,15,6AA-RV5,VEZEL
CAR,HONDA,6AA-RV5-VEZEL,JAPAN,PETROL/ELE,1496.0,RATNAPURA,RECONDITIONED,2024.0,1,6AA-RV5-VEZEL,Unknown
CAR,NISSAN,5BD-DR17V NV 100,JAPAN,PETROL,658.0,COLOMBO,RECONDITIONED,2024.0,1,5BD-DR17V,NV 100
CAR,NISSAN,5AA-B44A ROOX,JAPAN,PETROL,659.0,JAFFNA,RECONDITIONED,2024.0,1,5AA-B44A,ROOX
CAR,HONDA,6AA-RV5,JAPAN,PETROL/ELE,1496.0,GALLE,RECONDITIONED,2025.0,2,6AA-RV5,VEVEL
CAR,DAIHATSU,5BA-LA350S MIRA,JAPAN,PETROL,658.0,GALLE,RECONDITIONED,2025.0,3,5BA-LA350S,MIRA
CAR,SUZUKI,3BA-DA17W EVERY,JAPAN,PETROL,658.0,MATARA,RECONDITIONED,2025.0,1,3BA-DA17W,EVERY
CAR,PEUGEOT,2008GT,SPAIN,PETROL,1199.0,GAMPAHA,BRAND NEW,2025.0,1,,2008GT
CAR,DAIHATSU,5BA-LA350S MIRA,JAPAN,PETROL,658.0,KURUNEGALA,RECONDITIONED,2023.0,10,5BA-LA350S,MIRA
CAR,TOYOTA,6AA-MXPJ10  YARIS,JAPAN,PETROL/ELE,1496.0,KURUNEGALA,RECONDITIONED,2023.0,1,6AA-MXPJ10,YARIS
CAR,TOYOTA,6AA-MXPJ10 YARIS,JAPAN,PETROL/ELE,1496.0,KURUNEGALA,RECONDITIONED,2024.0,3,6AA-MXPJ10,YARIS
CAR,SUZUKI,5BA-MH85S  WAGON R,JAPAN,PETROL,658.0,GAMPAHA,RECONDITIONED,2023.0,1,5BA-MH85S,WAGON R
CAR,TOYOTA,6AA-MXPJ10 YARIS,JAPAN,PETROL/ELE,1490.0,PUTTALAM,RECONDITIONED,2025.0,1,6AA-MXPJ10,YARIS
CAR,TOYOTA,3BA-A210A RAIZE,JAPAN,PETROL,996.0,KURUNEGALA,RECONDITIONED,2024.0,9,3BA-A210A,RAIZE
CAR,SUZUKI,5AA-MH95S WAGON R,JAPAN,PETROL,658.0,JAFFNA,RECONDITIONED,2022.0,1,5AA-MH95S,WAGON R
CAR,DAIHATSU,5BA-LA350S,JAPAN,PETROL,658.0,COLOMBO,RECONDITIONED,2023.0,2,5BA-LA350S,MIRA  E S
CAR,SUZUKI,5AA-MK53S,JAPAN,PETROL,658.0,COLOMBO,RECONDITIONED,2023.0,1,5AA-MK53S,SPECIA
CAR,TOYOTA,5BA-A201A RAIZE,JAPAN,PETROL,1197.0,PUTTALAM,RECONDITIONED,2025.0,1,5BA-A201A,RAIZE
CAR,KIA,SONET,INDIA,PETROL,998.0,KALUTARA,RECONDITIONED,2025.0,1,,SONET
CAR,TOYOTA,URBAN CRUISER TAISOR,INDIA,PETROL,998.0,GAMPAHA,RECONDITIONED,2024.0,3,,URBAN CRUISER TAISOR
CAR,SUZUKI,5AA-MK94S SPACIA,JAPAN,PETROL,658.0,GAMPAHA,RECONDITIONED,2024.0,7,5AA-MK94S,SPACIA
CAR,MITSUBISHI,4AA-B35W EK X,JAPAN,PETROL,658.0,COLOMBO,RECONDITIONED,2024.0,1,4AA-B35W,EK X
CAR,TOYOTA,5BA-M700A PASSO,JAPAN,PETROL,996.0,NUWARA-ELIYA,RECONDITIONED,2022.0,1,5BA-M700A,PASSO
CAR,NISSAN,ALMERA EL,THAILAND,PETROL,999.0,COLOMBO,RECONDITIONED,2025.0,1,,ALMERA EL
CAR,DAIHATSU,5AA-A202S ROCKY,JAPAN,PETROL/ELE,78.0,GAMPAHA,RECONDITIONED,2025.0,1,5AA-A202S,ROCKY
CAR,SUZUKI,5BD- DA17V,JAPAN,PETROL,658.0,KALUTARA,RECONDITIONED,2023.0,1,,5BD- DA17V
CAR,MITSUBISHI,5BA-B33W  EK WAGON,JAPAN,PETROL,660.0,KANDY,RECONDITIONED,2024.0,1,5BA-B33W,EK WAGON
CAR,TOYOTA,5BA-M900A ROOMY,JAPAN,PETROL,996.0,NUWARA-ELIYA,RECONDITIONED,2023.0,1,5BA-M900A,ROOMY
CAR,SUZUKI,5AA-MR92S,JAPAN,PETROL,658.0,KALUTARA,RECONDITIONED,2023.0,2,5AA-MR92S,HUSLER
CAR,MITSUBISHI,GR1WXTPGRV1,INDONESIA,PETROL,1499.0,GAMPAHA,BRAND NEW,2025.0,2,,GR1WXTPGRV1
CAR,SUZUKI,5AA-MK94S,JAPAN,PETROL,658.0,COLOMBO,RECONDITIONED,2024.0,2,5AA-MK94S,Unknown
CAR,TOYOTA,TAISOR,INDIA,PETROL,998.0,COLOMBO,RECONDITIONED,2024.0,2,,TAISOR
CAR,SUZUKI,3BA-DA17W EVERY,JAPAN,PETROL,650.0,COLOMBO,RECONDITIONED,2024.0,1,3BA-DA17W,EVERY
CAR,TOYOTA,TAISOR,INDIA,PETROL,998.0,RATNAPURA,RECONDITIONED,2025.0,1,,TAISOR
CAR,TOYOTA,6AA-2WR90W,JAPAN,PETROL/ELE,1797.0,KANDY,RECONDITIONED,2025.0,1,6AA-2WR90W,Unknown
CAR,TOYOTA,3BS-TRJ250W,JAPAN,PETROL,2693.0,COLOMBO,RECONDITIONED,2024.0,1,3BS-TRJ250W,Unknown
CAR,DAIHATSU,5BA-LA350S MIRA E.S,JAPAN,PETROL,658.0,KURUNEGALA,RECONDITIONED,2024.0,2,5BA-LA350S,MIRA E.S
CAR,TOYOTA,URBAN CRUISER TAISOR,INDIA,PETROL,998.0,KANDY,RECONDITIONED,2024.0,3,,URBAN CRUISER TAISOR
CAR,SUZUKI,5BD-DA17V EVERY,JAPAN,PETROL,658.0,KANDY,RECONDITIONED,2025.0,4,5BD-DA17V,EVERY
CAR,DAIHATSU,5BA-LA350S,JAPAN,PETROL,658.0,GALLE,RECONDITIONED,2024.0,2,5BA-LA350S,MIRA  E S
CAR,TOYOTA,5BA-A201A RAIZE,JAPAN,PETROL,1196.0,GAMPAHA,RECONDITIONED,2023.0,5,5BA-A201A,RAIZE
CAR,SUZUKI,FRONX,INDIA,PETROL,998.0,PUTTALAM,BRAND NEW,2025.0,3,,FRONX
CAR,TOYOTA,6AA-MXPJ10 YARIS,JAPAN,PETROL/ELE,1496.0,GALLE,RECONDITIONED,2024.0,2,6AA-MXPJ10,YARIS
CAR,TOYOTA,5BA-M900A  ROOMY,JAPAN,PETROL,996.0,COLOMBO,RECONDITIONED,2023.0,1,5BA-M900A,ROOMY
CAR,DAIHATSU,3BD-S710V HIJET,JAPAN,PETROL,650.0,KALUTARA,RECONDITIONED,2023.0,1,3BD-S710V,HIJET
CAR,SUZUKI,5BA-MH85S WAGAN R,JAPAN,PETROL,658.0,KURUNEGALA,RECONDITIONED,2024.0,1,5BA-MH85S,WAGAN R
CAR,SUZUKI,4AA-MH55S WAGON R,JAPAN,PETROL,658.0,MATARA,RECONDITIONED,2024.0,1,4AA-MH55S,WAGON R
CAR,SUZUKI,5BA-MH85S WAGON R,JAPAN,PETROL,657.0,COLOMBO,RECONDITIONED,2023.0,3,5BA-MH85S,WAGON R
CAR,NISSAN,5AA-B44A,JAPAN,PETROL,659.0,KALUTARA,RECONDITIONED,2023.0,1,5AA-B44A,ROOX
CAR,MITSUBISHI,4AA-B35W EK X,JAPAN,PETROL,659.0,TRINCOMALEE,RECONDITIONED,2023.0,1,4AA-B35W,EK X
CAR,HONDA,6AA-RV5 VEZEL,JAPAN,PETROL/ELE,1496.0,VAVUNIYA,RECONDITIONED,2023.0,1,6AA-RV5,VEZEL
CAR,TOYOTA,3BA-A210A RAIZE,JAPAN,PETROL,996.0,NUWARA-ELIYA,RECONDITIONED,2024.0,1,3BA-A210A,RAIZE
CAR,SAIC,MG ZS MCE,CHINA,PETROL,999.0,COLOMBO,BRAND NEW,2025.0,29,,MG ZS MCE
CAR,SUZUKI,5AA-MH95S,JAPAN,PETROL,658.0,COLOMBO,RECONDITIONED,2025.0,2,5AA-MH95S,WOGON R
CAR,TOYOTA,6AA-AZSH32 CROWN,JAPAN,PETROL/ELE,2487.0,COLOMBO,RECONDITIONED,2024.0,1,6AA-AZSH32,CROWN
CAR,NISSAN,ALMERA V,JAPAN,PETROL,999.0,PUTTALAM,RECONDITIONED,2024.0,1,,ALMERA V
CAR,SUZUKI,5AA-MK94S SPACIA,JAPAN,PETROL/ELE,658.0,GAMPAHA,RECONDITIONED,2025.0,1,5AA-MK94S,SPACIA
CAR,HONDA,6AA-RV5 VEZEL,JAPAN,PETROL/ELE,1496.0,VAVUNIYA,RECONDITIONED,2025.0,1,6AA-RV5,VEZEL
CAR,TOYOTA,6AA-MXPJ10 YARIS,JAPAN,PETROL/ELE,1496.0,PUTTALAM,RECONDITIONED,2023.0,1,6AA-MXPJ10,YARIS
CAR,SAIC,MG ZS MCE,CHINA,PETROL,999.0,RATNAPURA,BRAND NEW,2025.0,1,,MG ZS MCE
CAR,MERCEDES BENZ,GLS 450 4 MATIC,U.S.A,PETROL,2999.0,COLOMBO,BRAND NEW,2025.0,1,,GLS 450 4 MATIC
CAR,SUZUKI,5BD-DA17V EVERY,JAPAN,PETROL,656.0,AMPARA,RECONDITIONED,2025.0,1,5BD-DA17V,EVERY
CAR,CHERY,TIGGO 4 PRO,SRI LANKA,PETROL,1498.0,KALUTARA,BRAND NEW-L/ASSEMBLE,2025.0,2,,TIGGO 4 PRO
CAR,TOYOTA,3BA-A210A   RAIZE,JAPAN,PETROL,996.0,GALLE,RECONDITIONED,2023.0,1,3BA-A210A,RAIZE
CAR,TOYOTA,5BA-MZEA17 COROLLA,JAPAN,PETROL,1490.0,COLOMBO,RECONDITIONED,2024.0,1,5BA-MZEA17,COROLLA
CAR,HONDA,6AA-RV5  VEZEL,JAPAN,PETROL/ELE,1496.0,HAMBANTOTA,RECONDITIONED,2024.0,1,6AA-RV5,VEZEL
CAR,PEUGEOT,5008,AUSTRALIA,PETROL,1199.0,RATNAPURA,RECONDITIONED,2025.0,1,,5008
CAR,SUZUKI,5AA-MK94S SPACIA,JAPAN,PETROL,658.0,MATALE,RECONDITIONED,2025.0,2,5AA-MK94S,SPACIA
CAR,NISSAN,5BA-B43W DAYZ,JAPAN,PETROL,656.0,COLOMBO,RECONDITIONED,2023.0,2,5BA-B43W,DAYZ
CAR,VOLKSWAGEN,3BA-C1DKR T-CROSS,GERMANY,PETROL,999.0,COLOMBO,RECONDITIONED,2023.0,3,3BA-C1DKR,T-CROSS
CAR,SUZUKI,5AA-MH95S,JAPAN,PETROL,658.0,GAMPAHA,RECONDITIONED,2023.0,1,5AA-MH95S,WOGON R
CAR,SUZUKI,CELERIO,INDIA,PETROL,998.0,COLOMBO,BRAND NEW,2025.0,6,,CELERIO
CAR,SUZUKI,4AA-MR52S HUSTLER,JAPAN,PETROL,658.0,COLOMBO,RECONDITIONED,2023.0,2,4AA-MR52S,HUSTLER
CAR,BYD,ATTO-3-SUPERIOR,CHINA,ELECTRIC,100.0,KALUTARA,BRAND NEW,2025.0,15,ATTO-3-SUPERIOR,Unknown
CAR,MERCEDES BENZ,5AA-206042C,GERMANY,PETROL,1494.0,COLOMBO,RECONDITIONED,2023.0,1,5AA-206042C,BENZ
CAR,NISSAN,5AA-B44W DAYZ,JAPAN,PETROL,658.0,MATARA,RECONDITIONED,2023.0,1,5AA-B44W,DAYZ
CAR,TOYOTA,5BA-A210A RAIZE,JAPAN,PETROL,1196.0,COLOMBO,RECONDITIONED,2024.0,1,5BA-A210A,RAIZE
CAR,DAIHATSU,5AA-A202S ROCKY,JAPAN,PETROL/ELE,78.0,GAMPAHA,RECONDITIONED,2024.0,1,5AA-A202S,ROCKY
CAR,SUZUKI,5BD-DA17V,JAPAN,PETROL,658.0,KALUTARA,RECONDITIONED,2025.0,1,5BD-DA17V,EVEVRY
CAR,TOYOTA,5BA-A201A RAIZE,JAPAN,PETROL,1196.0,KALUTARA,RECONDITIONED,2022.0,1,5BA-A201A,RAIZE
CAR,HONDA,6AA-RV5 VEZEL Z,JAPAN,PETROL/ELE,1496.0,ANURADHAPURA,RECONDITIONED,2025.0,1,6AA-RV5,VEZEL Z
CAR,TOYOTA,6AA-ZWR90W,JAPAN,PETROL/ELE,1797.0,KURUNEGALA,RECONDITIONED,2024.0,1,6AA-ZWR90W,NOAH
CAR,TOYOTA,5BA-KSP210  YARIS,JAPAN,PETROL,996.0,COLOMBO,RECONDITIONED,2024.0,2,5BA-KSP210,YARIS
CAR,TOYOTA,5AA-A202A RAIZE,JAPAN,PETROL/ELE,78.0,NUWARA-ELIYA,RECONDITIONED,2025.0,2,5AA-A202A,RAIZE
CAR,DAIHATSU,5BA-LA900S,JAPAN,PETROL,658.0,GALLE,RECONDITIONED,2025.0,1,5BA-LA900S,GBGF
CAR,MERCEDES BENZ,GLS450 4MATIC,U.S.A,PETROL,2999.0,COLOMBO,BRAND NEW,2025.0,1,,GLS450 4MATIC
CAR,TOYOTA,3BA-TRJ150W,JAPAN,PETROL,2693.0,KURUNEGALA,RECONDITIONED,2023.0,2,3BA-TRJ150W,TXL
CAR,HONDA,CITY,THAILAND,PETROL,988.0,KALUTARA,RECONDITIONED,2025.0,2,,CITY
CAR,NISSAN,4AA-B45A ROOX,JAPAN,PETROL,658.0,KURUNEGALA,RECONDITIONED,2023.0,1,4AA-B45A,ROOX
CAR,TOYOTA,5AA-A202A RAIZE,JAPAN,PETROL/ELE,78.0,AMPARA,RECONDITIONED,2024.0,1,5AA-A202A,RAIZE
CAR,NISSAN,6AA-E13 NOTE,JAPAN,ELECTRIC,85.0,GAMPAHA,RECONDITIONED,2024.0,1,6AA-E13,NOTE
CAR,HONDA,6AA-RV5,JAPAN,PETROL/ELE,1496.0,GAMPAHA,RECONDITIONED,2024.0,2,6AA-RV5,VEVEL
CAR,HONDA,6A-RV5 VEZEL,JAPAN,PETROL/ELE,1496.0,COLOMBO,RECONDITIONED,2023.0,1,6A-RV5,VEZEL
CAR,HYUNDAI,SANTAFE,SOUTH KOREA,PETROL/ELE,1598.0,MATARA,BRAND NEW,2025.0,1,,SANTAFE
CAR,DAIHATSU,5BA-M900S THOR,JAPAN,PETROL,998.0,PUTTALAM,RECONDITIONED,2024.0,1,5BA-M900S,THOR
CAR,TOYOTA,5BA-KSP210 YARIS,JAPAN,PETROL,996.0,KALUTARA,RECONDITIONED,2022.0,3,5BA-KSP210,YARIS
CAR,TOYOTA,6AA-MXPL10G SIENTA,JAPAN,PETROL/ELE,1496.0,GAMPAHA,RECONDITIONED,2025.0,1,6AA-MXPL10G,SIENTA
CAR,SUZUKI,5AA-MH95S  WAGON R,JAPAN,PETROL,657.0,MULLATIVU,RECONDITIONED,2023.0,1,5AA-MH95S,WAGON R
CAR,SUZUKI,4AA-MN71S  X BEE,JAPAN,PETROL,996.0,GAMPAHA,RECONDITIONED,2022.0,1,4AA-MN71S,X BEE
CAR,TOYOTA,3BA-A210A   RAIZE,JAPAN,PETROL,996.0,MATARA,RECONDITIONED,2023.0,1,3BA-A210A,RAIZE
CAR,TOYOTA,5BA-M900A,JAPAN,PETROL,996.0,MATARA,RECONDITIONED,2024.0,1,5BA-M900A,ROOMY
CAR,DAIHATSU,5BA-LA350S MIRA ES,JAPAN,PETROL,658.0,RATNAPURA,RECONDITIONED,2024.0,1,5BA-LA350S,MIRA ES
CAR,SUZUKI,4AA-MN71S XBEE,JAPAN,PETROL,998.0,BATTICALOA,RECONDITIONED,2024.0,1,4AA-MN71S,XBEE
CAR,MERCEDES BENZ,EQV 300,SPAIN,ELECTRIC,150.0,COLOMBO,BRAND NEW,2025.0,1,,EQV 300
CAR,NISSAN,3BD-DR17V,JAPAN,PETROL,658.0,COLOMBO,RECONDITIONED,2024.0,1,3BD-DR17V,Unknown
CAR,TOYOTA,6AA-MXPJ10  YARIS,JAPAN,PETROL/ELE,1490.0,RATNAPURA,RECONDITIONED,2025.0,1,6AA-MXPJ10,YARIS
CAR,TOYOTA,5BA-M900A ROOMY,JAPAN,PETROL,996.0,KEGALLE,RECONDITIONED,2023.0,3,5BA-M900A,ROOMY
CAR,CHANGAN,LUMIN,CHINA,ELECTRIC,35.0,COLOMBO,BRAND NEW,2025.0,1,,LUMIN
CAR,CHERY,TIGGO 4 PRO,SRI LANKA,PETROL,1498.0,COLOMBO,BRAND NEW-L/ASSEMBLE,2025.0,6,,TIGGO 4 PRO
CAR,NISSAN,MAGNITE TEKNA PLUS,INDIA,PETROL,999.0,BADULLA,BRAND NEW,2025.0,2,,MAGNITE TEKNA PLUS
CAR,DAIHATSU,5BA-LA900S,JAPAN,PETROL,658.0,ANURADHAPURA,RECONDITIONED,2024.0,1,5BA-LA900S,GBGF
CAR,NISSAN,5BD-DR17V CLIPPER,JAPAN,PETROL,658.0,JAFFNA,RECONDITIONED,2024.0,1,5BD-DR17V,CLIPPER
CAR,NISSAN,5AA-B44A ROOX,JAPAN,PETROL,659.0,KANDY,RECONDITIONED,2023.0,1,5AA-B44A,ROOX
CAR,TOYOTA,5AA-A202A  RAIZE,JAPAN,PETROL/ELE,78.0,GAMPAHA,RECONDITIONED,2023.0,1,5AA-A202A,RAIZE
CAR,SUZUKI,3BA-JB64W JIMNY,JAPAN,PETROL,658.0,KALUTARA,RECONDITIONED,2025.0,1,3BA-JB64W,JIMNY
CAR,TOYOTA,6AA-MXPJ15  YARIS,JAPAN,PETROL/ELE,1490.0,MATALE,RECONDITIONED,2023.0,1,6AA-MXPJ15,YARIS
CAR,SUZUKI,5AA-MK94S,JAPAN,PETROL,658.0,PUTTALAM,RECONDITIONED,2024.0,1,5AA-MK94S,Unknown
CAR,DAIHATSU,5BA-LA360S,JAPAN,PETROL,658.0,MATARA,RECONDITIONED,2023.0,1,5BA-LA360S,Unknown
CAR,NISSAN,5BA-B43W DAYZ,JAPAN,PETROL,658.0,BATTICALOA,RECONDITIONED,2023.0,1,5BA-B43W,DAYZ
CAR,DFSK,GLORY I AUTO,SRI LANKA,PETROL,1498.0,COLOMBO,BRAND NEW-L/ASSEMBLE,2025.0,1,,GLORY I AUTO
CAR,TOYOTA,5AA-A202A RAIZE,JAPAN,ELECTRIC,78.0,KANDY,RECONDITIONED,2024.0,2,5AA-A202A,RAIZE
CAR,TOYOTA,6AA-ZVG13 COROLLA,JAPAN,PETROL/ELE,1797.0,COLOMBO,RECONDITIONED,2024.0,3,6AA-ZVG13,COROLLA
CAR,SUZUKI,5BA-MH85S WAGON R,JAPAN,PETROL,658.0,BATTICALOA,RECONDITIONED,2024.0,1,5BA-MH85S,WAGON R
CAR,SUZUKI,5BA-HE33S ALTO LAPIN,JAPAN,PETROL,658.0,GAMPAHA,RECONDITIONED,2024.0,1,5BA-HE33S,ALTO LAPIN
CAR,CHERY,TIGGO 4 PRO,SRI LANKA,PETROL,1498.0,KEGALLE,BRAND NEW-L/ASSEMBLE,2025.0,1,,TIGGO 4 PRO
CAR,NISSAN,5BD-DR17,JAPAN,PETROL,658.0,KALUTARA,RECONDITIONED,2023.0,1,5BD-DR17,Unknown
CAR,SUZUKI,5AA-HA97S  ALTO,JAPAN,PETROL,657.0,KURUNEGALA,RECONDITIONED,2023.0,2,5AA-HA97S,ALTO
CAR,TOYOTA,4BA-M900A ROOMY,JAPAN,PETROL,996.0,POLONNARUWA,RECONDITIONED,2022.0,2,4BA-M900A,ROOMY
CAR,TOYOTA,3BA-A210A RAIZE,JAPAN,PETROL,996.0,KURUNEGALA,RECONDITIONED,2023.0,3,3BA-A210A,RAIZE
CAR,HONDA,6BA-JH3 N WGN,JAPAN,PETROL,658.0,GAMPAHA,RECONDITIONED,2024.0,1,6BA-JH3,N WGN
CAR,PERODUA,ARUZ,MALAYSIA,PETROL,1496.0,COLOMBO,BRAND NEW,2025.0,3,,ARUZ
CAR,TOYOTA,6AA-NKE165,JAPAN,PETROL/ELE,1496.0,NUWARA-ELIYA,RECONDITIONED,2024.0,1,6AA-NKE165,AX10
CAR,SUZUKI,5AA-MH95S WAGON R,JAPAN,PETROL,700.0,KURUNEGALA,RECONDITIONED,2025.0,1,5AA-MH95S,WAGON R
CAR,HONDA,6AA-RV5,JAPAN,PETROL/ELE,1496.0,GAMPAHA,RECONDITIONED,2022.0,1,6AA-RV5,VEVEL
CAR,SUZUKI,3BA-DA17W WAGON,JAPAN,PETROL,658.0,KANDY,RECONDITIONED,2023.0,1,3BA-DA17W,WAGON
CAR,TOYOTA,5AA-RV5 RAIZE,JAPAN,PETROL/ELE,78.0,COLOMBO,RECONDITIONED,2023.0,1,5AA-RV5,RAIZE
CAR,SUZUKI,5AA-MH95S WAGON R,JAPAN,PETROL,657.0,KANDY,RECONDITIONED,2024.0,1,5AA-MH95S,WAGON R
CAR,MAZDA,6BA-BP5R MAZDA 3,JAPAN,PETROL,1496.0,GAMPAHA,RECONDITIONED,2024.0,1,6BA-BP5R,MAZDA 3
CAR,TOYOTA,6AA-AXUH80 HARRIER,JAPAN,PETROL/ELE,2487.0,KANDY,RECONDITIONED,2024.0,1,6AA-AXUH80,HARRIER
CAR,TOYOTA,CAMRY AXVH80R-AEXGBW,JAPAN,PETROL/ELE,2487.0,GAMPAHA,BRAND NEW,2025.0,1,,CAMRY AXVH80R-AEXGBW
CAR,SUZUKI,5AA-MH95S,JAPAN,PETROL,658.0,KURUNEGALA,RECONDITIONED,2024.0,1,5AA-MH95S,WOGON R
CAR,TOYOTA,6AA-MXPJ10 YARIS,JAPAN,PETROL/ELE,1490.0,ANURADHAPURA,RECONDITIONED,2023.0,1,6AA-MXPJ10,YARIS
CAR,TOYOTA,5BA-M700A PASSO,JAPAN,PETROL,990.0,NUWARA-ELIYA,RECONDITIONED,2023.0,1,5BA-M700A,PASSO
CAR,SUZUKI,5BD-MK33V SPACIA,JAPAN,PETROL,658.0,COLOMBO,RECONDITIONED,2023.0,1,5BD-MK33V,SPACIA
CAR,NISSAN,5BD-DR17V CLIPPER,JAPAN,PETROL,658.0,GAMPAHA,RECONDITIONED,2023.0,1,5BD-DR17V,CLIPPER
CAR,VOLKSWAGEN,3BA-C1DKR T-CROSS,GERMANY,PETROL,999.0,PUTTALAM,RECONDITIONED,2022.0,1,3BA-C1DKR,T-CROSS
CAR,BYD,ATTO-3-SUPERIOR,CHINA,ELECTRIC,100.0,HAMBANTOTA,BRAND NEW,2025.0,3,ATTO-3-SUPERIOR,Unknown
CAR,TOYOTA,YARIS CROSS,THAILAND,PETROL/ELE,1469.0,COLOMBO,RECONDITIONED,2025.0,1,,YARIS CROSS
CAR,SUZUKI,5BD-DA17V EVERY,JAPAN,PETROL,658.0,PUTTALAM,RECONDITIONED,2024.0,1,5BD-DA17V,EVERY
CAR,LEXUS,6AA-MAYH10 LBX,JAPAN,PETROL/ELE,1490.0,COLOMBO,RECONDITIONED,2024.0,1,6AA-MAYH10,LBX
CAR,HONDA,6AARV5 VEZEL,JAPAN,PETROL,1496.0,KEGALLE,RECONDITIONED,2025.0,1,,6AARV5 VEZEL
CAR,TOYOTA,5BA-KSP210,JAPAN,PETROL,996.0,RATNAPURA,RECONDITIONED,2023.0,1,5BA-KSP210,Unknown
CAR,TOYOTA,3BA- A210A RAIZE,JAPAN,PETROL,996.0,KURUNEGALA,RECONDITIONED,2023.0,1,,3BA- A210A RAIZE
CAR,TOYOTA,5BA-KSP210 YARIS,JAPAN,PETROL,996.0,KANDY,RECONDITIONED,2025.0,1,5BA-KSP210,YARIS
CAR,TOYOTA,6AA-AXAH54 RAV 4,JAPAN,PETROL/ELE,2487.0,COLOMBO,RECONDITIONED,2024.0,1,6AA-AXAH54,RAV 4
CAR,TOYOTA,5AA-A202A,JAPAN,ELECTRIC,78.0,COLOMBO,RECONDITIONED,2022.0,1,5AA-A202A,RAIZE Z
CAR,TOYOTA,5BA-A201A,JAPAN,PETROL,1196.0,GAMPAHA,RECONDITIONED,2022.0,1,5BA-A201A,RAICE
CAR,HONDA,CRV VTI L5,AUSTRALIA,PETROL,1498.0,JAFFNA,RECONDITIONED,2024.0,1,,CRV VTI L5
CAR,MERCEDES BENZ,CLA 250E AMG LINE,GERMANY,PETROL/ELE,1332.0,COLOMBO,RECONDITIONED,2024.0,1,,CLA 250E AMG LINE
CAR,TOYOTA,3DA-GDJ250W,JAPAN,DIESEL,2754.0,COLOMBO,RECONDITIONED,2025.0,1,3DA-GDJ250W,Unknown
CAR,DAIHATSU,5BA-M900S THOR,JAPAN,PETROL,996.0,PUTTALAM,RECONDITIONED,2023.0,1,5BA-M900S,THOR
CAR,TOYOTA,GDJ250R-GNZLY,JAPAN,DIESEL,2755.0,COLOMBO,BRAND NEW,2025.0,1,,GDJ250R-GNZLY
CAR,LAND ROVER,RANGE ROVER P460C,UNITED KINGDOM,PETROL/ELE,2996.0,COLOMBO,RECONDITIONED,2025.0,1,,RANGE ROVER P460C
CAR,TOYOTA,5BA-KSP210  YARIS,JAPAN,PETROL,996.0,GALLE,RECONDITIONED,2024.0,1,5BA-KSP210,YARIS
CAR,SUZUKI,4AA-MR52S HUSLER,JAPAN,PETROL,658.0,KEGALLE,RECONDITIONED,2024.0,1,4AA-MR52S,HUSLER
CAR,TOYOTA,4BA-M900A  ROOMY,JAPAN,PETROL,996.0,KURUNEGALA,RECONDITIONED,2022.0,1,4BA-M900A,ROOMY
CAR,TOYOTA,5AA-A202A RAIZE,JAPAN,ELECTRIC,78.0,GAMPAHA,RECONDITIONED,2022.0,1,5AA-A202A,RAIZE
CAR,DAIHATSU,5BA-M700S BOON,JAPAN,PETROL,996.0,JAFFNA,RECONDITIONED,2023.0,1,5BA-M700S,BOON
CAR,MITSUBISHI,NC1WLRPGRV1,INDONESIA,PETROL,1499.0,COLOMBO,BRAND NEW,2025.0,1,,NC1WLRPGRV1
CAR,MITSUBISHI,GR1WXTHGRV1,INDONESIA,PETROL,1499.0,GAMPAHA,BRAND NEW,2025.0,1,,GR1WXTHGRV1
CAR,SUZUKI,3BA-DA17V EVERY,JAPAN,PETROL,658.0,PUTTALAM,RECONDITIONED,2024.0,1,3BA-DA17V,EVERY
CAR,SUZUKI,5BA-MH85S WAGON R,JAPAN,PETROL,657.0,KANDY,RECONDITIONED,2023.0,1,5BA-MH85S,WAGON R
CAR,DAIHATSU,5BA-LA150S  MOVE,JAPAN,PETROL,658.0,MATARA,RECONDITIONED,2023.0,1,5BA-LA150S,MOVE
CAR,TOYOTA,6AA-MXPJ10  YARIS,JAPAN,PETROL/ELE,1490.0,COLOMBO,RECONDITIONED,2023.0,1,6AA-MXPJ10,YARIS
CAR,LAND ROVER,RANGE ROVER EVOQUE,UNITED KINGDOM,PETROL,1500.0,COLOMBO,BRAND NEW,2025.0,1,,RANGE ROVER EVOQUE
CAR,SUZUKI,3BA-DA17W  EVERY,JAPAN,PETROL,658.0,MATALE,RECONDITIONED,2025.0,1,3BA-DA17W,EVERY
CAR,TOYOTA,URBON CRUISER TAISOR,INDIA,PETROL,988.0,COLOMBO,RECONDITIONED,2025.0,1,,URBON CRUISER TAISOR
CAR,SUZUKI,5BA-MH85S WAGON R,JAPAN,PETROL,657.0,HAMBANTOTA,RECONDITIONED,2024.0,2,5BA-MH85S,WAGON R
CAR,SUZUKI,4AA-MK54S SPACIA,JAPAN,PETROL/ELE,658.0,MATALE,RECONDITIONED,2023.0,1,4AA-MK54S,SPACIA
CAR,SUZUKI,3BD-DA17V EVERY,JAPAN,PETROL,658.0,KANDY,RECONDITIONED,2023.0,1,3BD-DA17V,EVERY
CAR,BYD,ATTO-3-SUPERIOR,CHINA,ELECTRIC,100.0,VAVUNIYA,BRAND NEW,2025.0,1,ATTO-3-SUPERIOR,Unknown
CAR,DAIHATSU,5BA-LA350S MIRA,JAPAN,PETROL,658.0,MATALE,RECONDITIONED,2025.0,1,5BA-LA350S,MIRA
CAR,SUZUKI,3BA-HA37S ALTO,JAPAN,PETROL,658.0,MATARA,RECONDITIONED,2024.0,1,3BA-HA37S,ALTO
CAR,TOYOTA,5AA-A202A  RAIZE,JAPAN,PETROL,78.0,RATNAPURA,RECONDITIONED,2025.0,1,5AA-A202A,RAIZE
CAR,VOLKSWAGEN,3BA-C1DKR  T CROSS,GERMANY,PETROL,996.0,KANDY,RECONDITIONED,2023.0,1,3BA-C1DKR,T CROSS
CAR,SUZUKI,DAA-MR41S HUSTLER,JAPAN,PETROL/ELE,658.0,COLOMBO,BOUGHT FROM AUCTION,2019.0,1,DAA-MR41S,HUSTLER
CAR,SUZUKI,5AA-MH95S WAGON R,JAPAN,PETROL,657.0,RATNAPURA,RECONDITIONED,2024.0,1,5AA-MH95S,WAGON R
CAR,AUDI,3AA-GYDLA A3,GERMANY,PETROL,999.0,GAMPAHA,RECONDITIONED,2023.0,1,3AA-GYDLA,A3
CAR,NISSAN,5BD-DR17V CLIPPER,JAPAN,PETROL,658.0,KALUTARA,RECONDITIONED,2024.0,1,5BD-DR17V,CLIPPER
CAR,CHANGAN,S05,THAILAND,ELECTRIC,99.0,MATARA,BRAND NEW,2025.0,2,,S05
CAR,DAIHATSU,5BA-LA900S TAFT,JAPAN,PETROL,658.0,RATNAPURA,RECONDITIONED,2024.0,1,5BA-LA900S,TAFT
CAR,DAIHATSU,5BA-LA350S  MIRA,JAPAN,PETROL,658.0,JAFFNA,RECONDITIONED,2023.0,1,5BA-LA350S,MIRA
CAR,TOYOTA,URBAN CUISER TAISOR,INDIA,PETROL,998.0,AMPARA,RECONDITIONED,2025.0,1,,URBAN CUISER TAISOR
CAR,SUZUKI,3BA-DA17W EVERY,JAPAN,PETROL,658.0,NUWARA-ELIYA,RECONDITIONED,2025.0,1,3BA-DA17W,EVERY
CAR,NISSAN,4AA-B45A ROOX,JAPAN,PETROL,658.0,KANDY,RECONDITIONED,2024.0,1,4AA-B45A,ROOX
CAR,NISSAN,5BA-B46W DAYZ,JAPAN,PETROL,658.0,KALUTARA,RECONDITIONED,2023.0,1,5BA-B46W,DAYZ
CAR,TOYOTA,3BA-TRJ150W PRADO,JAPAN,PETROL,2693.0,HAMBANTOTA,RECONDITIONED,2023.0,1,3BA-TRJ150W,PRADO
CAR,TOYOTA,6AA-MX9J10 YARIS,JAPAN,PETROL/ELE,1490.0,COLOMBO,RECONDITIONED,2024.0,1,6AA-MX9J10,YARIS
CAR,TOYOTA,5AA-A202A RAIZE,JAPAN,ELECTRIC,78.0,BATTICALOA,RECONDITIONED,2025.0,1,5AA-A202A,RAIZE
CAR,TOYOTA,5AA-A202A RAIZE,JAPAN,PETROL/ELE,1196.0,ANURADHAPURA,RECONDITIONED,2024.0,1,5AA-A202A,RAIZE
CAR,MITSUBISHI,5BA-B33W EK WAGON,JAPAN,PETROL,658.0,HAMBANTOTA,RECONDITIONED,2024.0,1,5BA-B33W,EK WAGON
CAR,DAIHATSU,5BA-LA900S,JAPAN,PETROL,658.0,PUTTALAM,RECONDITIONED,2023.0,1,5BA-LA900S,GBGF
CAR,DAIHATSU,5BA-LA350S MIRA E S,JAPAN,PETROL,658.0,GALLE,RECONDITIONED,2024.0,1,5BA-LA350S,MIRA E S
CAR,G.W.M.,JOLION,SRI LANKA,PETROL,1497.0,MATARA,BRAND NEW-L/ASSEMBLE,2025.0,1,,JOLION
CAR,CHERY,TIGGO 4 PRO,SRI LANKA,PETROL,1498.0,POLONNARUWA,BRAND NEW,2025.0,1,,TIGGO 4 PRO
CAR,SUZUKI,5BD-DA17V  EVERY,JAPAN,PETROL,658.0,MATARA,RECONDITIONED,2024.0,1,5BD-DA17V,EVERY
CAR,TOYOTA,5AA-A202A  RAIZE,JAPAN,PETROL/ELE,78.0,KURUNEGALA,RECONDITIONED,2022.0,1,5AA-A202A,RAIZE
CAR,TOYOTA,3BA-A210A RAIZE,JAPAN,PETROL,996.0,KALUTARA,RECONDITIONED,2022.0,1,3BA-A210A,RAIZE
CAR,TOYOTA,5BA-M900A ROOMY,JAPAN,PETROL,996.0,NUWARA-ELIYA,RECONDITIONED,2025.0,1,5BA-M900A,ROOMY
CAR,NISSAN,MAGNITE ACENTA BR10,INDIA,PETROL,999.0,GAMPAHA,BRAND NEW,2023.0,1,,MAGNITE ACENTA BR10
CAR,JAECOO,J7,MALAYSIA,PETROL/ELE,1499.0,PUTTALAM,RECONDITIONED,2025.0,1,,J7
CAR,HONDA,CITY RS,THAILAND,PETROL,988.0,KEGALLE,RECONDITIONED,2025.0,1,,CITY RS
CAR,TOYOTA,5AA-A202A  RAIZE,JAPAN,ELECTRIC,78.0,PUTTALAM,RECONDITIONED,2025.0,1,5AA-A202A,RAIZE
CAR,PERODUA,AXIA CG1GZ,MALAYSIA,PETROL,998.0,KEGALLE,BRAND NEW,2025.0,1,,AXIA CG1GZ
CAR,AUDI,Q3 TFSI STRONIC,UNITED KINGDOM,PETROL,1498.0,COLOMBO,RECONDITIONED,2025.0,1,,Q3 TFSI STRONIC
CAR,VOLKSWAGEN,3BA-C1DKR  T-CROSS,GERMANY,PETROL,999.0,KANDY,RECONDITIONED,2022.0,1,3BA-C1DKR,T-CROSS
CAR,HONDA,6BA-JF3,JAPAN,PETROL,658.0,KANDY,RECONDITIONED,2023.0,1,6BA-JF3,N-BOX CUSTOM
CAR,KIA,SONET,INDIA,PETROL,998.0,MATALE,BRAND NEW,2025.0,1,,SONET
CAR,HONDA,6AA RV5 VEZEL,JAPAN,PETROL/ELE,1496.0,GAMPAHA,RECONDITIONED,2022.0,1,,6AA RV5 VEZEL
CAR,TOYOTA,4BA-M900A ROOMY,JAPAN,PETROL,996.0,GALLE,RECONDITIONED,2023.0,1,4BA-M900A,ROOMY
CAR,HONDA,6AA RV5 VEZEL,JAPAN,PETROL/ELE,1496.0,KANDY,RECONDITIONED,2025.0,1,,6AA RV5 VEZEL
CAR,HONDA,6AA-RV5  VEZEL,JAPAN,PETROL/ELE,1496.0,MONERAGALA,RECONDITIONED,2023.0,1,6AA-RV5,VEZEL
CAR,TOYOTA,5BA-A201A RAIZE,JAPAN,PETROL,1196.0,GAMPAHA,RECONDITIONED,2022.0,1,5BA-A201A,RAIZE
CAR,B.M.W.,3BA-22EE15  X1,GERMANY,PETROL,1490.0,COLOMBO,RECONDITIONED,2024.0,1,3BA-22EE15,X1
CAR,DAIHATSU,5BA-LA350S,JAPAN,PETROL,658.0,MULLATIVU,RECONDITIONED,2025.0,1,5BA-LA350S,MIRA  E S
CAR,TOYOTA,YARIS CROSS,JAPAN,PETROL/ELE,1496.0,KANDY,RECONDITIONED,2025.0,1,,YARIS CROSS
CAR,PERODUA,BEZZA,MALAYSIA,PETROL,998.0,COLOMBO,BRAND NEW,2025.0,32,,BEZZA
CAR,BYD,ATTO3-ADVANCED,CHINA,ELECTRIC,100.0,NUWARA-ELIYA,BRAND NEW,2025.0,5,ATTO3-ADVANCED,Unknown
CAR,TOYOTA,3BA-TRJ250W,JAPAN,PETROL,2693.0,PUTTALAM,RECONDITIONED,2024.0,2,3BA-TRJ250W,VX
CAR,SUZUKI,3BA-HA37S ALTO,JAPAN,PETROL,658.0,GAMPAHA,RECONDITIONED,2023.0,4,3BA-HA37S,ALTO
CAR,TOYOTA,5BA-M910A ROOMY,JAPAN,PETROL,996.0,ANURADHAPURA,RECONDITIONED,2022.0,1,5BA-M910A,ROOMY
CAR,TOYOTA,YARIS CROSS HEV,THAILAND,PETROL/ELE,1496.0,COLOMBO,RECONDITIONED,2025.0,2,,YARIS CROSS HEV
CAR,PORSCHE,CAYENNE,UNITED KINGDOM,PETROL/ELE,2995.0,COLOMBO,RECONDITIONED,2024.0,1,,CAYENNE
CAR,TOYOTA,5AA-A202A RAIZE,JAPAN,PETROL/ELE,78.0,GAMPAHA,RECONDITIONED,2022.0,1,5AA-A202A,RAIZE
CAR,SUZUKI,5BD-DA17V  EVERY,JAPAN,PETROL,658.0,COLOMBO,RECONDITIONED,2024.0,6,5BD-DA17V,EVERY
CAR,DAIHATSU,5BA-LA350S MIRA,JAPAN,PETROL,658.0,PUTTALAM,RECONDITIONED,2023.0,5,5BA-LA350S,MIRA
CAR,HONDA,6AA-RV5  VEZEL,JAPAN,PETROL/ELE,1496.0,RATNAPURA,RECONDITIONED,2024.0,2,6AA-RV5,VEZEL
CAR,TOYOTA,TAISOR,INDIA,PETROL,998.0,GAMPAHA,RECONDITIONED,2024.0,1,,TAISOR
CAR,HONDA,6AA-RV5 VEZEL,JAPAN,PETROL/ELE,1496.0,KANDY,RECONDITIONED,2022.0,5,6AA-RV5,VEZEL
CAR,NISSAN,ALMERA,THAILAND,PETROL,999.0,BATTICALOA,RECONDITIONED,2025.0,1,,ALMERA
CAR,SUZUKI,3BD-DA17V EVERY,JAPAN,PETROL,658.0,KANDY,RECONDITIONED,2024.0,4,3BD-DA17V,EVERY
CAR,SUZUKI,5AA-MR92S HUSTLER,JAPAN,PETROL,658.0,KANDY,RECONDITIONED,2024.0,1,5AA-MR92S,HUSTLER
CAR,TOYOTA,3DA-GDJ250W  PRADO,JAPAN,DIESEL,2754.0,COLOMBO,RECONDITIONED,2024.0,1,3DA-GDJ250W,PRADO
CAR,SUZUKI,5BD-DA17V EVERY,JAPAN,PETROL,658.0,KURUNEGALA,RECONDITIONED,2022.0,1,5BD-DA17V,EVERY
CAR,TOYOTA,3BA-A210A RAIZE,JAPAN,PETROL,996.0,ANURADHAPURA,RECONDITIONED,2022.0,1,3BA-A210A,RAIZE
CAR,TOYOTA,5BA-KSP210 YARIS,JAPAN,PETROL,996.0,MATARA,RECONDITIONED,2023.0,5,5BA-KSP210,YARIS
CAR,DAIHATSU,5BA-M900S THOR,JAPAN,PETROL,996.0,HAMBANTOTA,RECONDITIONED,2023.0,1,5BA-M900S,THOR
CAR,TOYOTA,6AA-ZWR90W VOXY,JAPAN,PETROL/ELE,1797.0,KALUTARA,RECONDITIONED,2025.0,1,6AA-ZWR90W,VOXY
CAR,HONDA,6BA-JF3 N BOX,JAPAN,PETROL,660.0,GAMPAHA,RECONDITIONED,2023.0,1,6BA-JF3,N BOX
CAR,SUZUKI,3BA-DA17W EVERY,JAPAN,PETROL,658.0,RATNAPURA,RECONDITIONED,2023.0,1,3BA-DA17W,EVERY
CAR,TOYOTA,6AA-MXPK11  AQUA,JAPAN,PETROL/ELE,1496.0,COLOMBO,RECONDITIONED,2023.0,1,6AA-MXPK11,AQUA
CAR,NISSAN,5AA-B44A  ROOX,JAPAN,PETROL,658.0,GALLE,RECONDITIONED,2023.0,1,5AA-B44A,ROOX
CAR,AUDI,3AA-GYDLA  A3,GERMANY,PETROL,999.0,KALUTARA,RECONDITIONED,2023.0,1,3AA-GYDLA,A3
CAR,HONDA,CITY RS,THAILAND,PETROL,988.0,KANDY,RECONDITIONED,2025.0,3,,CITY RS
CAR,SUZUKI,5AA-MH95S  WAGON R,JAPAN,PETROL,658.0,GALLE,RECONDITIONED,2024.0,3,5AA-MH95S,WAGON R
CAR,TOYOTA,4BA-M900A ROOMY,JAPAN,PETROL,996.0,GAMPAHA,RECONDITIONED,2022.0,3,4BA-M900A,ROOMY
CAR,SUZUKI,5AA-MH95S WAGON R,JAPAN,PETROL,658.0,KALUTARA,RECONDITIONED,2025.0,3,5AA-MH95S,WAGON R
CAR,SUZUKI,5AA-MH95S WAGON R,JAPAN,PETROL,658.0,GALLE,RECONDITIONED,2024.0,7,5AA-MH95S,WAGON R
CAR,HONDA,6AA-RV5 VEZEL,JAPAN,PETROL/ELE,1496.0,KEGALLE,RECONDITIONED,2025.0,6,6AA-RV5,VEZEL
CAR,TOYOTA,3BA-NGX10 C-HR,JAPAN,PETROL,1196.0,TRINCOMALEE,RECONDITIONED,2023.0,1,3BA-NGX10,C-HR
CAR,TOYOTA,6AA-MXPJ10 YARIS,JAPAN,PETROL/ELE,1490.0,MATARA,RECONDITIONED,2024.0,2,6AA-MXPJ10,YARIS
CAR,TOYOTA,5BA-MZEA17 COROLLA,JAPAN,PETROL,1496.0,COLOMBO,RECONDITIONED,2024.0,2,5BA-MZEA17,COROLLA
CAR,HONDA,6AA-RV6 VEZEL,JAPAN,PETROL/ELE,1496.0,KANDY,RECONDITIONED,2024.0,1,6AA-RV6,VEZEL
CAR,TOYOTA,5BA-LA350A  PIXIS,JAPAN,PETROL,658.0,HAMBANTOTA,RECONDITIONED,2023.0,1,5BA-LA350A,PIXIS
CAR,SUZUKI,5AA-MH95S WAGON R,JAPAN,PETROL,657.0,KANDY,RECONDITIONED,2025.0,1,5AA-MH95S,WAGON R
CAR,TOYOTA,5BA-M900A ROOMY,JAPAN,PETROL,996.0,KEGALLE,RECONDITIONED,2024.0,1,5BA-M900A,ROOMY
CAR,BYD,SEALION 6 SUPERIOR,CHINA,PETROL/ELE,1498.0,KALUTARA,BRAND NEW,2025.0,27,,SEALION 6 SUPERIOR
CAR,SUZUKI,5BA-MH85S WAGON R,JAPAN,PETROL,658.0,GALLE,RECONDITIONED,2023.0,4,5BA-MH85S,WAGON R
CAR,TOYOTA,3BA-TRJ150W PRADO,JAPAN,PETROL,2693.0,JAFFNA,RECONDITIONED,2023.0,1,3BA-TRJ150W,PRADO
CAR,NISSAN,5AA-B44W DAYZ,JAPAN,PETROL,658.0,GAMPAHA,RECONDITIONED,2023.0,2,5AA-B44W,DAYZ
CAR,SUZUKI,5AA-ZCEDS SWIFT,JAPAN,PETROL,1197.0,COLOMBO,RECONDITIONED,2023.0,1,5AA-ZCEDS,SWIFT
CAR,TOYOTA,5BA-KSP210  YARIS,JAPAN,PETROL,996.0,COLOMBO,RECONDITIONED,2025.0,1,5BA-KSP210,YARIS
CAR,DAIHATSU,5BA-LA350S  MIRA,JAPAN,PETROL,658.0,MATARA,RECONDITIONED,2024.0,3,5BA-LA350S,MIRA
CAR,NISSAN,5BA-B43W   DAYZ,JAPAN,PETROL,658.0,KURUNEGALA,RECONDITIONED,2024.0,1,5BA-B43W,DAYZ
CAR,SUZUKI,5AA-MK94S SPACIA,JAPAN,PETROL,658.0,KANDY,RECONDITIONED,2024.0,4,5AA-MK94S,SPACIA
CAR,MITSUBISHI,5BA-B33W EK WAGON,JAPAN,PETROL,658.0,GAMPAHA,RECONDITIONED,2023.0,6,5BA-B33W,EK WAGON
CAR,BYD,SEALION 6 SUPERIOR,CHINA,PETROL/ELE,1498.0,POLONNARUWA,BRAND NEW,2025.0,5,,SEALION 6 SUPERIOR
CAR,BYD,SEALION 6 SUPERIOR,CHINA,PETROL/ELE,1498.0,GALLE,BRAND NEW,2025.0,24,,SEALION 6 SUPERIOR
CAR,BYD,SEALION 6 SUPERIOR,CHINA,PETROL/ELE,1498.0,KEGALLE,BRAND NEW,2025.0,2,,SEALION 6 SUPERIOR
CAR,NISSAN,MAGNITE TEKNA PLUS,INDIA,PETROL,999.0,KALUTARA,BRAND NEW,2025.0,12,,MAGNITE TEKNA PLUS
CAR,TOYOTA,5BA-KSP210 YARIS,JAPAN,PETROL,996.0,KANDY,RECONDITIONED,2023.0,9,5BA-KSP210,YARIS
CAR,BYD,SEAL-COMFORT,CHINA,ELECTRIC,100.0,GAMPAHA,BRAND NEW,2025.0,12,SEAL-COMFORT,Unknown
CAR,SUZUKI,FRONX,INDIA,PETROL,998.0,GAMPAHA,BRAND NEW,2025.0,24,,FRONX
CAR,BYD,SEALION 6 SUPERIOR,CHINA,PETROL,1498.0,COLOMBO,BRAND NEW,2025.0,3,,SEALION 6 SUPERIOR
CAR,SUZUKI,5BA-MH85S,JAPAN,PETROL,657.0,KEGALLE,RECONDITIONED,2025.0,1,5BA-MH85S,WAGONR
CAR,NISSAN,5BD-DR17V EVERY,JAPAN,PETROL,658.0,KURUNEGALA,RECONDITIONED,2024.0,1,5BD-DR17V,EVERY
CAR,SUZUKI,5BA-MH85S WAGON R,JAPAN,PETROL,658.0,KANDY,RECONDITIONED,2024.0,4,5BA-MH85S,WAGON R
CAR,TOYOTA,5BA-M900A ROOMY,JAPAN,PETROL,996.0,KALUTARA,RECONDITIONED,2023.0,14,5BA-M900A,ROOMY
CAR,SUZUKI,4AA-MH55S WAGON R,JAPAN,PETROL,657.0,COLOMBO,RECONDITIONED,2025.0,1,4AA-MH55S,WAGON R
CAR,SUZUKI,EVERY 5BD-DA17V,JAPAN,PETROL,658.0,GAMPAHA,RECONDITIONED,2023.0,1,,EVERY 5BD-DA17V
CAR,DAIHATSU,5BA-LA350S,JAPAN,PETROL,658.0,RATNAPURA,RECONDITIONED,2023.0,1,5BA-LA350S,MIRA  E S
CAR,TOYOTA,5BA-KSP210 YARIS,JAPAN,PETROL,996.0,AMPARA,RECONDITIONED,2022.0,4,5BA-KSP210,YARIS
CAR,SUZUKI,CELERIO,INDIA,PETROL,998.0,KURUNEGALA,BRAND NEW,2025.0,1,,CELERIO
CAR,SUZUKI,5BA-MH85S  WAGON R,JAPAN,PETROL,658.0,GALLE,RECONDITIONED,2024.0,1,5BA-MH85S,WAGON R
CAR,SUZUKI,5AA-MR92S HUSTLER,JAPAN,PETROL,658.0,KURUNEGALA,RECONDITIONED,2024.0,2,5AA-MR92S,HUSTLER
CAR,SUZUKI,5AA-MH95S WAGON R,JAPAN,PETROL,658.0,MATARA,RECONDITIONED,2022.0,1,5AA-MH95S,WAGON R
CAR,SUZUKI,5AA-MK94S,JAPAN,PETROL,658.0,GAMPAHA,RECONDITIONED,2024.0,3,5AA-MK94S,Unknown
CAR,TOYOTA,4BA-M900A ROOMY,JAPAN,PETROL,996.0,COLOMBO,RECONDITIONED,2024.0,2,4BA-M900A,ROOMY
CAR,LAND ROVER,DEFENDER P300EX,UNITED KINGDOM,PETROL/ELE,1997.0,COLOMBO,RECONDITIONED,2025.0,1,,DEFENDER P300EX
CAR,TOYOTA,5BA-A201A RAIZE,JAPAN,PETROL,1196.0,PUTTALAM,RECONDITIONED,2024.0,3,5BA-A201A,RAIZE
CAR,TOYOTA,4BA-M900A ROOMY,JAPAN,PETROL,996.0,BATTICALOA,RECONDITIONED,2023.0,1,4BA-M900A,ROOMY
CAR,BYD,SEAL-COMFORT,CHINA,ELECTRIC,100.0,KURUNEGALA,BRAND NEW,2025.0,1,SEAL-COMFORT,Unknown
CAR,DAIHATSU,5BA-LA350S MIRA E.S,JAPAN,PETROL,658.0,COLOMBO,RECONDITIONED,2024.0,6,5BA-LA350S,MIRA E.S
CAR,SUZUKI,5AA-MK94S SPACIA,JAPAN,PETROL,658.0,KURUNEGALA,RECONDITIONED,2023.0,2,5AA-MK94S,SPACIA
CAR,TOYOTA,5AA-A202A RAIZE,JAPAN,PETROL/ELE,78.0,COLOMBO,RECONDITIONED,2023.0,4,5AA-A202A,RAIZE
CAR,VOLKSWAGEN,3BA-AWDLA POLO,GERMANY,PETROL,999.0,COLOMBO,RECONDITIONED,2023.0,5,3BA-AWDLA,POLO
CAR,LAND ROVER,DEFENDER,UNITED KINGDOM,PETROL/ELE,2000.0,KANDY,BRAND NEW,2025.0,1,,DEFENDER
CAR,TOYOTA,5BA-MZEA17 COROLLA,JAPAN,PETROL,1490.0,POLONNARUWA,RECONDITIONED,2023.0,1,5BA-MZEA17,COROLLA
CAR,MITSUBISHI,5AA-B37W EK X,JAPAN,PETROL,658.0,COLOMBO,RECONDITIONED,2023.0,1,5AA-B37W,EK X
CAR,NISSAN,ALMERA,THAILAND,PETROL,999.0,ANURADHAPURA,RECONDITIONED,2025.0,1,,ALMERA
CAR,PEUGEOT,2008GT,SPAIN,PETROL,1199.0,TRINCOMALEE,BRAND NEW,2025.0,1,,2008GT
CAR,SUZUKI,5BA-MH85S WAGON R,JAPAN,PETROL,650.0,KURUNEGALA,RECONDITIONED,2024.0,1,5BA-MH85S,WAGON R
CAR,TOYOTA,5BA-A201A RAIZE,JAPAN,PETROL,1198.0,COLOMBO,RECONDITIONED,2025.0,1,5BA-A201A,RAIZE
CAR,TOYOTA,A250RA-GBVV RAIZE,INDONESIA,PETROL,998.0,TRINCOMALEE,BRAND NEW,2025.0,3,,A250RA-GBVV RAIZE
CAR,NISSAN,5BA-B34W DAYZ,JAPAN,PETROL,658.0,GAMPAHA,RECONDITIONED,2024.0,1,5BA-B34W,DAYZ
CAR,NISSAN,MAGNITE ACENTA BR10,INDIA,PETROL,999.0,MATARA,BRAND NEW,2025.0,4,,MAGNITE ACENTA BR10
CAR,HONDA,CITY  GRADE-RS,THAILAND,PETROL,988.0,COLOMBO,RECONDITIONED,2025.0,1,,CITY  GRADE-RS
CAR,TOYOTA,5BA-M700A PASSO,JAPAN,PETROL,996.0,JAFFNA,RECONDITIONED,2024.0,1,5BA-M700A,PASSO
CAR,SUZUKI,5AA-MK94S SPACIA,JAPAN,PETROL,658.0,HAMBANTOTA,RECONDITIONED,2024.0,1,5AA-MK94S,SPACIA
CAR,TOYOTA,5AA A202A RAIZE,JAPAN,PETROL/ELE,78.0,BATTICALOA,RECONDITIONED,2025.0,1,,5AA A202A RAIZE
CAR,TOYOTA,5BA-KSP210 YARIS,JAPAN,PETROL,996.0,AMPARA,RECONDITIONED,2023.0,6,5BA-KSP210,YARIS
CAR,NISSAN,4AA-B45A  ROOX,JAPAN,PETROL,659.0,BADULLA,RECONDITIONED,2024.0,1,4AA-B45A,ROOX
CAR,TOYOTA,3BA-A210A RAIZE,JAPAN,PETROL,996.0,ANURADHAPURA,RECONDITIONED,2024.0,3,3BA-A210A,RAIZE
CAR,SUZUKI,SEDAN,JAPAN,PETROL,658.0,COLOMBO,RECONDITIONED,2025.0,1,,SEDAN
CAR,HONDA,6AA-RV5 VEZEL,JAPAN,PETROL/ELE,1496.0,POLONNARUWA,RECONDITIONED,2023.0,3,6AA-RV5,VEZEL
CAR,TOYOTA,6BA-MXU80 HARRIER,JAPAN,PETROL,1986.0,COLOMBO,RECONDITIONED,2024.0,1,6BA-MXU80,HARRIER
CAR,SUZUKI,5BD-DA17V EVERY,JAPAN,PETROL,658.0,TRINCOMALEE,RECONDITIONED,2022.0,1,5BD-DA17V,EVERY
CAR,MAZDA,3BA-HB37S CAROL,JAPAN,PETROL,658.0,COLOMBO,RECONDITIONED,2023.0,1,3BA-HB37S,CAROL
CAR,SUZUKI,5BA-MH85S  WAGON R,JAPAN,PETROL,658.0,GALLE,RECONDITIONED,2023.0,1,5BA-MH85S,WAGON R
CAR,TOYOTA,3BA-TRJ150W,JAPAN,PETROL,2693.0,ANURADHAPURA,RECONDITIONED,2023.0,1,3BA-TRJ150W,TXL
CAR,NISSAN,5BD-DR17V,JAPAN,PETROL,658.0,KALUTARA,RECONDITIONED,2023.0,1,5BD-DR17V,NV 100
CAR,TOYOTA,3BA-TRJ150W PRADO,JAPAN,PETROL,2693.0,COLOMBO,RECONDITIONED,2023.0,7,3BA-TRJ150W,PRADO
CAR,HONDA,HONDA CITY,THAILAND,PETROL,988.0,COLOMBO,RECONDITIONED,2025.0,4,,HONDA CITY
CAR,TOYOTA,4BA-M900A ROOMY,JAPAN,PETROL,996.0,PUTTALAM,RECONDITIONED,2023.0,2,4BA-M900A,ROOMY
CAR,NISSAN,5AA-B44W DAYZ,JAPAN,PETROL,658.0,COLOMBO,BRAND NEW,2023.0,1,5AA-B44W,DAYZ
CAR,TOYOTA,5BA-KSP210 YARIS,JAPAN,PETROL,996.0,MATARA,RECONDITIONED,2022.0,3,5BA-KSP210,YARIS
CAR,HONDA,HR-V,AUSTRALIA,PETROL/ELE,1498.0,COLOMBO,RECONDITIONED,2025.0,1,HR-V,Unknown
CAR,NISSAN,DBA-B21W DAYZ,JAPAN,PETROL,659.0,KANDY,RECONDITIONED,2018.0,1,DBA-B21W,DAYZ
CAR,PROTON,SAGA,SRI LANKA,PETROL,1299.0,COLOMBO,BRAND NEW-L/ASSEMBLE,2024.0,1,,SAGA
CAR,PERODUA,AXIA CG1GZ,MALAYSIA,PETROL,998.0,MONERAGALA,BRAND NEW,2025.0,1,,AXIA CG1GZ
CAR,TOYOTA,3BA-A210A RAIZE,JAPAN,PETROL,996.0,NUWARA-ELIYA,RECONDITIONED,2025.0,1,3BA-A210A,RAIZE
CAR,AUDI,A3 S LINE,UNITED KINGDOM,PETROL,999.0,KURUNEGALA,RECONDITIONED,2024.0,1,,A3 S LINE
CAR,SUZUKI,5BA-MH85S,JAPAN,PETROL,658.0,KALUTARA,RECONDITIONED,2024.0,2,5BA-MH85S,WAGONR
CAR,AUDI,3AA-F3DFY Q3,GERMANY,PETROL,1497.0,GAMPAHA,RECONDITIONED,2023.0,1,3AA-F3DFY,Q3
CAR,HONDA,6BA-JF3   N BOX,JAPAN,PETROL,658.0,GALLE,RECONDITIONED,2023.0,1,6BA-JF3,N BOX
CAR,SUZUKI,3BA-DA17W EVERY,JAPAN,PETROL,658.0,BATTICALOA,RECONDITIONED,2024.0,2,3BA-DA17W,EVERY
CAR,DAIHATSU,5BA-LA900S,JAPAN,PETROL,658.0,KALUTARA,RECONDITIONED,2023.0,1,5BA-LA900S,GBGF
CAR,NISSAN,ALMERA,THAILAND,PETROL,999.0,NUWARA-ELIYA,RECONDITIONED,2025.0,1,,ALMERA
CAR,HONDA,6AA-RV5V VEZEL,JAPAN,PETROL/ELE,1496.0,MATARA,RECONDITIONED,2024.0,1,6AA-RV5V,VEZEL
CAR,SUZUKI,5BA-MH85S,JAPAN,PETROL,658.0,COLOMBO,RECONDITIONED,2024.0,2,5BA-MH85S,WAGONR
CAR,SUZUKI,4AA-MK54S SPACIA,JAPAN,PETROL,658.0,KANDY,RECONDITIONED,2025.0,2,4AA-MK54S,SPACIA
CAR,PERODUA,BEZZA,MALAYSIA,PETROL,998.0,MATARA,BRAND NEW,2025.0,1,,BEZZA
CAR,SUZUKI,5BA-MH85S,JAPAN,PETROL,658.0,COLOMBO,RECONDITIONED,2023.0,3,5BA-MH85S,WAGONR
CAR,TOYOTA,5BA-KSP210,JAPAN,PETROL,996.0,BADULLA,RECONDITIONED,2024.0,2,5BA-KSP210,Unknown
CAR,DAIHATSU,5BA-LA900S TAFT,JAPAN,PETROL,658.0,GAMPAHA,RECONDITIONED,2025.0,4,5BA-LA900S,TAFT
CAR,TOYOTA,5AA-A202A  RAIZE,JAPAN,PETROL/ELE,78.0,COLOMBO,RECONDITIONED,2025.0,3,5AA-A202A,RAIZE
CAR,SUZUKI,5AA-MA95S WAGON R,JAPAN,PETROL,657.0,GAMPAHA,RECONDITIONED,2024.0,1,5AA-MA95S,WAGON R
CAR,DAIHATSU,5BA-LA350S MIRA,JAPAN,PETROL,658.0,BADULLA,RECONDITIONED,2023.0,2,5BA-LA350S,MIRA
CAR,SUZUKI,5AA-MH95S WAGON R,JAPAN,PETROL,657.0,COLOMBO,RECONDITIONED,2025.0,3,5AA-MH95S,WAGON R
CAR,MAZDA,5AA-MJ95S FLAIR,JAPAN,PETROL,658.0,ANURADHAPURA,RECONDITIONED,2023.0,1,5AA-MJ95S,FLAIR
CAR,NISSAN,4BA-R35,JAPAN,PETROL,3796.0,COLOMBO,RECONDITIONED,2023.0,1,4BA-R35,GT-R
CAR,SUZUKI,5BD-DA17V EVERY,JAPAN,PETROL,658.0,TRINCOMALEE,RECONDITIONED,2023.0,1,5BD-DA17V,EVERY
CAR,NISSAN,6AA-FE13 NOTE AURA,JAPAN,ELECTRIC,100.0,GAMPAHA,RECONDITIONED,2023.0,1,6AA-FE13,NOTE AURA
CAR,TOYOTA,3BA-VJA300W,JAPAN,PETROL,3444.0,GAMPAHA,RECONDITIONED,2023.0,2,3BA-VJA300W,Unknown
CAR,LAND ROVER,RANGE ROVER AUTO BIO,UNITED KINGDOM,PETROL/ELE,2996.0,COLOMBO,RECONDITIONED,2025.0,1,,RANGE ROVER AUTO BIO
CAR,SAIC,MG ZS MCE,CHINA,PETROL,999.0,KURUNEGALA,BRAND NEW,2025.0,1,,MG ZS MCE
CAR,HONDA,6AA-RV5 VEZEL,JAPAN,PETROL/ELE,1496.0,PUTTALAM,RECONDITIONED,2024.0,6,6AA-RV5,VEZEL
CAR,BYD,ATTO3-ADVANCED,CHINA,ELECTRIC,100.0,PUTTALAM,BRAND NEW,2025.0,8,ATTO3-ADVANCED,Unknown
CAR,TOYOTA,3BA-NGX10 C-HR,JAPAN,PETROL,1196.0,KALUTARA,RECONDITIONED,2023.0,1,3BA-NGX10,C-HR
CAR,TOYOTA,5BA-A201A RAIZE,JAPAN,PETROL,1196.0,KEGALLE,RECONDITIONED,2022.0,2,5BA-A201A,RAIZE
CAR,SUZUKI,5AA-MK53S SPACIA,JAPAN,PETROL,658.0,KURUNEGALA,RECONDITIONED,2023.0,2,5AA-MK53S,SPACIA
CAR,HONDA,RV589SJNX  HR-V,THAILAND,PETROL/ELE,1496.0,RATNAPURA,BRAND NEW,2025.0,1,,RV589SJNX  HR-V
CAR,MAZDA,5AA-MS92S FLAIR,JAPAN,PETROL/ELE,658.0,MATARA,RECONDITIONED,2023.0,1,5AA-MS92S,FLAIR
CAR,HONDA,6BA-JF3  N-BOX,JAPAN,PETROL,658.0,GAMPAHA,RECONDITIONED,2022.0,1,6BA-JF3,N-BOX
CAR,TOYOTA,A250RA-GBVV RAIZE,INDONESIA,PETROL,998.0,AMPARA,BRAND NEW,2025.0,4,,A250RA-GBVV RAIZE
CAR,TOYOTA,YARIS ATIV,THAILAND,PETROL,1197.0,COLOMBO,BRAND NEW,2025.0,2,,YARIS ATIV
CAR,TOYOTA,3BA-TRJ150W PRADO,JAPAN,PETROL,2696.0,GAMPAHA,RECONDITIONED,2023.0,1,3BA-TRJ150W,PRADO
CAR,LEXUS,6AA-MAYH10,JAPAN,PETROL/ELE,1496.0,JAFFNA,RECONDITIONED,2024.0,1,6AA-MAYH10,LBX
CAR,TOYOTA,3BA-A210A RAIZE,JAPAN,PETROL,996.0,KILINOCHCHI,RECONDITIONED,2025.0,1,3BA-A210A,RAIZE
CAR,HONDA,6AA-RV5 VEZEL,JAPAN,PETROL/ELE,1490.0,GAMPAHA,RECONDITIONED,2024.0,1,6AA-RV5,VEZEL
CAR,TOYOTA,3BA-NGX10  C-HR,JAPAN,PETROL,1196.0,PUTTALAM,RECONDITIONED,2023.0,1,3BA-NGX10,C-HR
CAR,SAIC,MG 5-1.5T,CHINA,PETROL,1490.0,COLOMBO,BRAND NEW,2025.0,1,,MG 5-1.5T
CAR,JETOUR,X70 PLUS,CHINA,PETROL,1498.0,AMPARA,BRAND NEW,2025.0,1,,X70 PLUS
CAR,TOYOTA,3BA-A210A,JAPAN,PETROL,996.0,NUWARA-ELIYA,RECONDITIONED,2022.0,1,3BA-A210A,RAIZE G
CAR,SUZUKI,5BA-MH85S,JAPAN,PETROL,657.0,KANDY,RECONDITIONED,2024.0,1,5BA-MH85S,WAGONR
CAR,TOYOTA,6AA-MXPJ10 YARIS,JAPAN,PETROL/ELE,1490.0,RATNAPURA,RECONDITIONED,2023.0,1,6AA-MXPJ10,YARIS
CAR,TOYOTA,6BA-MXUA80 HARRIER,JAPAN,PETROL,1986.0,GAMPAHA,RECONDITIONED,2024.0,4,6BA-MXUA80,HARRIER
CAR,NISSAN,5AA-B44A ROOX,JAPAN,PETROL,658.0,GAMPAHA,RECONDITIONED,2024.0,1,5AA-B44A,ROOX
CAR,TOYOTA,6AA-MXPJ10  YARIS,JAPAN,PETROL/ELE,1496.0,KALUTARA,RECONDITIONED,2024.0,1,6AA-MXPJ10,YARIS
CAR,TOYOTA,WIGO A350RA GBNE,INDONESIA,PETROL,998.0,BADULLA,BRAND NEW,2025.0,1,,WIGO A350RA GBNE
CAR,HYUNDAI,SANTAFE,SOUTH KOREA,PETROL/ELE,1598.0,GAMPAHA,BRAND NEW,2025.0,1,,SANTAFE
CAR,DAIHATSU,5BA-M700S BOON,JAPAN,PETROL,996.0,COLOMBO,RECONDITIONED,2023.0,1,5BA-M700S,BOON
CAR,NISSAN,5AA-B44A ROOX,JAPAN,PETROL,659.0,KALUTARA,RECONDITIONED,2023.0,1,5AA-B44A,ROOX
CAR,TOYOTA,5BA-A201A RAIZE,JAPAN,PETROL,1196.0,HAMBANTOTA,RECONDITIONED,2023.0,1,5BA-A201A,RAIZE
CAR,HONDA,6AA-RV5  VEZEL,JAPAN,PETROL/ELE,1496.0,HAMBANTOTA,RECONDITIONED,2025.0,3,6AA-RV5,VEZEL
CAR,NISSAN,5BA-B43W DAYZ,JAPAN,PETROL,659.0,GALLE,RECONDITIONED,2023.0,1,5BA-B43W,DAYZ
CAR,TOYOTA,URBAN CRUISER TAISOR,INDIA,PETROL,998.0,KURUNEGALA,RECONDITIONED,2025.0,4,,URBAN CRUISER TAISOR
CAR,HONDA,5BA-RZ3  ZR-V,JAPAN,PETROL,1496.0,MATARA,RECONDITIONED,2024.0,1,5BA-RZ3,ZR-V
CAR,SUZUKI,4AA-MR52S HUSTLER,JAPAN,PETROL,658.0,GAMPAHA,RECONDITIONED,2024.0,1,4AA-MR52S,HUSTLER
CAR,TOYOTA,URBAN CRUISER TAISOR,INDIA,PETROL,998.0,KALUTARA,RECONDITIONED,2024.0,1,,URBAN CRUISER TAISOR
CAR,TOYOTA,5AA-A202A,JAPAN,ELECTRIC,78.0,PUTTALAM,RECONDITIONED,2025.0,1,5AA-A202A,RAIZE Z
CAR,SUZUKI,5AA-MR92S HUSTLER,JAPAN,PETROL,657.0,COLOMBO,RECONDITIONED,2025.0,2,5AA-MR92S,HUSTLER
CAR,TOYOTA,3BA-VJA300W,JAPAN,PETROL,3444.0,AMPARA,RECONDITIONED,2025.0,1,3BA-VJA300W,Unknown
CAR,TOYOTA, YARIS CROSS,THAILAND,PETROL/ELE,1496.0,COLOMBO,RECONDITIONED,2025.0,1,,YARIS CROSS
CAR,TOYOTA,6AA-MXPJ10 YARIS,JAPAN,PETROL/ELE,1490.0,KANDY,RECONDITIONED,2023.0,2,6AA-MXPJ10,YARIS
CAR,TOYOTA,3DA-GDJ250W,JAPAN,DIESEL,2754.0,MATARA,RECONDITIONED,2024.0,1,3DA-GDJ250W,Unknown
CAR,MG,EP PLUS,THAILAND,ELECTRIC,120.0,COLOMBO,RECONDITIONED,2023.0,1,,EP PLUS
CAR,TOYOTA,WIGO A350RA GBNE,INDONESIA,PETROL,998.0,KURUNEGALA,BRAND NEW,2025.0,1,,WIGO A350RA GBNE
CAR,TOYOTA,4BA-M900A,JAPAN,PETROL,996.0,COLOMBO,RECONDITIONED,2023.0,1,4BA-M900A,Unknown
CAR,SUZUKI,5AA-HA97S,JAPAN,PETROL,658.0,KALUTARA,RECONDITIONED,2023.0,1,5AA-HA97S,ALTO
CAR,HONDA,6BA-JF3 N BOX,JAPAN,PETROL,658.0,COLOMBO,RECONDITIONED,2022.0,1,6BA-JF3,N BOX
CAR,NISSAN,3BA-DR17W,JAPAN,PETROL,658.0,KANDY,RECONDITIONED,2024.0,1,3BA-DR17W,NV100
CAR,SUZUKI,5BD-DA17V,JAPAN,PETROL,658.0,KALUTARA,RECONDITIONED,2024.0,1,5BD-DA17V,EVEVRY
CAR,HONDA,6AA-RV5 VEZEL,JAPAN,PETROL/ELE,1496.0,ANURADHAPURA,RECONDITIONED,2023.0,2,6AA-RV5,VEZEL
CAR,TOYOTA,5AA-A202A RAIZE,JAPAN,ELECTRIC,78.0,POLONNARUWA,RECONDITIONED,2024.0,1,5AA-A202A,RAIZE
CAR,SUZUKI,5BD-DA17V EVERY,JAPAN,PETROL,650.0,COLOMBO,RECONDITIONED,2024.0,1,5BD-DA17V,EVERY
CAR,SUZUKI,5AA-MR92S HUSTLER,JAPAN,PETROL,657.0,COLOMBO,RECONDITIONED,2023.0,1,5AA-MR92S,HUSTLER
CAR,TOYOTA,4BA-M900A ROOMY,JAPAN,PETROL,996.0,POLONNARUWA,RECONDITIONED,2025.0,1,4BA-M900A,ROOMY
CAR,TOYOTA,3BA-TRJ150W PRADO,JAPAN,PETROL,2693.0,ANURADHAPURA,RECONDITIONED,2022.0,1,3BA-TRJ150W,PRADO
CAR,TOYOTA,5BA-M900A ROOMY,JAPAN,PETROL,996.0,KANDY,RECONDITIONED,2024.0,2,5BA-M900A,ROOMY
CAR,SUZUKI,3BA-HA37S ALTO,JAPAN,PETROL,658.0,GALLE,RECONDITIONED,2024.0,2,3BA-HA37S,ALTO
CAR,SUZUKI,5BD-DA17V  EVERY,JAPAN,PETROL,658.0,ANURADHAPURA,RECONDITIONED,2024.0,2,5BD-DA17V,EVERY
CAR,TOYOSTAR,3BA-TRJ250W,JAPAN,PETROL,2693.0,KANDY,RECONDITIONED,2025.0,1,3BA-TRJ250W,VX
CAR,MITSUBISHI,GR1WXTHGRV1,INDONESIA,PETROL,1499.0,COLOMBO,BRAND NEW,2025.0,2,,GR1WXTHGRV1
CAR,MERCEDES BENZ,GLB200,GERMANY,PETROL,1332.0,POLONNARUWA,RECONDITIONED,2024.0,1,,GLB200
CAR,TOYOTA,5BA-MZEA17,JAPAN,PETROL,1496.0,KALUTARA,RECONDITIONED,2023.0,1,5BA-MZEA17,Unknown
CAR,SUZUKI,3BD-DA17V EVERY,JAPAN,PETROL,658.0,KURUNEGALA,RECONDITIONED,2024.0,1,3BD-DA17V,EVERY
CAR,TOYOTA,6AA-AXAH54,JAPAN,PETROL/ELE,2487.0,GALLE,RECONDITIONED,2024.0,1,6AA-AXAH54,RAV 4
CAR,SUZUKI,5BD-DA17V  EVERY,JAPAN,PETROL,658.0,KURUNEGALA,RECONDITIONED,2024.0,1,5BD-DA17V,EVERY
CAR,SUZUKI,4AA-MK54S SPACIA,JAPAN,PETROL/ELE,650.0,BATTICALOA,RECONDITIONED,2025.0,1,4AA-MK54S,SPACIA
CAR,TOYOTA,5BA-M900A ROOMY,JAPAN,PETROL,996.0,KANDY,RECONDITIONED,2022.0,3,5BA-M900A,ROOMY
CAR,TOYOTA,3BA-A210A,JAPAN,PETROL,996.0,COLOMBO,RECONDITIONED,2025.0,1,3BA-A210A,RAIZE G
CAR,LEXUS,5BA-TALA15  RX350,JAPAN,PETROL,2396.0,GALLE,RECONDITIONED,2025.0,1,5BA-TALA15,RX350
CAR,HONDA,6BA-JH3,JAPAN,PETROL,658.0,GAMPAHA,RECONDITIONED,2023.0,1,6BA-JH3,N WAGON
CAR,TOYOTA,VELOZ,THAILAND,PETROL,1496.0,COLOMBO,RECONDITIONED,2025.0,1,,VELOZ
CAR,TOYOTA,5BA-A201A RAIZE,JAPAN,PETROL,1196.0,MATARA,RECONDITIONED,2022.0,1,5BA-A201A,RAIZE
CAR,SUZUKI,3BD-DA17V EVERY,JAPAN,PETROL,658.0,AMPARA,RECONDITIONED,2024.0,1,3BD-DA17V,EVERY
CAR,SUZUKI,5AA-MH95S WAGON R,JAPAN,PETROL,658.0,MATARA,RECONDITIONED,2024.0,2,5AA-MH95S,WAGON R
CAR,SUZUKI,4AA-MN71S XBEE,JAPAN,PETROL,996.0,BATTICALOA,RECONDITIONED,2022.0,1,4AA-MN71S,XBEE
CAR,TOYOTA,3BA-VJA300W,JAPAN,PETROL,3444.0,NUWARA-ELIYA,RECONDITIONED,2024.0,1,3BA-VJA300W,Unknown
CAR,MITSUBISHI,5BA-B33W EK WAGON,JAPAN,PETROL,659.0,MATARA,RECONDITIONED,2024.0,1,5BA-B33W,EK WAGON
CAR,TOYOTA,5AA-A202A RAIZE,JAPAN,ELECTRIC,78.0,COLOMBO,RECONDITIONED,2023.0,3,5AA-A202A,RAIZE
CAR,TOYOTA,YARIS CROSS,THAILAND,PETROL/ELE,1496.0,BADULLA,RECONDITIONED,2025.0,1,,YARIS CROSS
CAR,TOYOTA,3BA-A210A RAIZE,JAPAN,PETROL,996.0,KEGALLE,RECONDITIONED,2025.0,1,3BA-A210A,RAIZE
CAR,SUZUKI,4AA-MK53S SPACIA,JAPAN,PETROL,658.0,COLOMBO,RECONDITIONED,2022.0,1,4AA-MK53S,SPACIA
CAR,NISSAN,5BA-B43W DAYS,JAPAN,PETROL,658.0,POLONNARUWA,RECONDITIONED,2023.0,1,5BA-B43W,DAYS
CAR,SUZUKI,4AA-MK54S SPACIA,JAPAN,PETROL,658.0,BATTICALOA,RECONDITIONED,2024.0,4,4AA-MK54S,SPACIA
CAR,DAIHATSU,5BA-LA350S MIRA E.S,JAPAN,PETROL,658.0,KANDY,RECONDITIONED,2023.0,2,5BA-LA350S,MIRA E.S
CAR,TOYOTA,URBAN CRUISER TAISOR,INDIA,PETROL,998.0,POLONNARUWA,RECONDITIONED,2025.0,1,,URBAN CRUISER TAISOR
CAR,SUZUKI,4AA-MH55S WAGON R,JAPAN,PETROL,658.0,POLONNARUWA,RECONDITIONED,2024.0,1,4AA-MH55S,WAGON R
CAR,TOYOTA,3BA-A210A  RAIZE,JAPAN,PETROL,996.0,PUTTALAM,RECONDITIONED,2023.0,1,3BA-A210A,RAIZE
CAR,TOYOTA,5BA-KSP210,JAPAN,PETROL,996.0,KALUTARA,RECONDITIONED,2024.0,1,5BA-KSP210,Unknown
CAR,SUZUKI,4AA-MH55S  WAGON R,JAPAN,PETROL,657.0,COLOMBO,RECONDITIONED,2023.0,1,4AA-MH55S,WAGON R
CAR,MITSUBISHI,OUT LANDER SPORT,INDONESIA,PETROL,1499.0,PUTTALAM,BRAND NEW,2025.0,1,,OUT LANDER SPORT
CAR,TOYOTA,3BA-VJA300W,JAPAN,PETROL,3444.0,COLOMBO,RECONDITIONED,2023.0,2,3BA-VJA300W,Unknown
CAR,SUZUKI,3BA-DA17W EVERY,JAPAN,PETROL,658.0,HAMBANTOTA,RECONDITIONED,2024.0,1,3BA-DA17W,EVERY
CAR,SUBARU,5BA-LA350F PLEO,JAPAN,PETROL,658.0,MATARA,RECONDITIONED,2023.0,1,5BA-LA350F,PLEO
CAR,NISSAN,4AA-B45W DAYZ,JAPAN,PETROL,658.0,BADULLA,RECONDITIONED,2023.0,1,4AA-B45W,DAYZ
CAR,SUZUKI,5BA-MH85S WAGON R,JAPAN,PETROL,657.0,COLOMBO,RECONDITIONED,2024.0,1,5BA-MH85S,WAGON R
CAR,MITSUBISHI,5BA-B33W EKWAGON,JAPAN,PETROL,658.0,COLOMBO,RECONDITIONED,2023.0,1,5BA-B33W,EKWAGON
CAR,LAND ROVER,3BALE72XAA DEFENDER,UNITED KINGDOM,PETROL,1990.0,COLOMBO,RECONDITIONED,2025.0,1,,3BALE72XAA DEFENDER
CAR,TOYOTA,6AA-ZVG13,JAPAN,PETROL/ELE,1797.0,GAMPAHA,RECONDITIONED,2025.0,1,6AA-ZVG13,COROLLA
CAR,TOYOTA,5AA-A202A RAIZE,JAPAN,PETROL/ELE,1196.0,POLONNARUWA,RECONDITIONED,2024.0,1,5AA-A202A,RAIZE
CAR,SUZUKI,5BA-HE33S LAPIN,JAPAN,PETROL,658.0,AMPARA,RECONDITIONED,2024.0,1,5BA-HE33S,LAPIN
CAR,DAIHATSU,3BA-A210S,JAPAN,PETROL,996.0,MATARA,RECONDITIONED,2023.0,1,3BA-A210S,ROCKY
CAR,TOYOTA,3BA-A210A RAIZE,JAPAN,PETROL,998.0,GALLE,RECONDITIONED,2023.0,1,3BA-A210A,RAIZE
CAR,NISSAN,ALMERA VL,THAILAND,PETROL,999.0,KANDY,RECONDITIONED,2025.0,3,,ALMERA VL
CAR,TOYOTA,3BA-A210A RAIZE,JAPAN,PETROL,996.0,KANDY,RECONDITIONED,2022.0,2,3BA-A210A,RAIZE
CAR,DAIHATSU,5BA-LA350S MIRA,JAPAN,PETROL,658.0,BADULLA,RECONDITIONED,2024.0,2,5BA-LA350S,MIRA
CAR,TOYOTA,3BA-A210A  RAIZE,JAPAN,PETROL,996.0,GAMPAHA,RECONDITIONED,2022.0,3,3BA-A210A,RAIZE
CAR,DAIHATSU,5BA-LA900S  TAFT,JAPAN,PETROL,658.0,GALLE,RECONDITIONED,2024.0,1,5BA-LA900S,TAFT
CAR,DAIHATSU,5BA-LA350S MIRA,JAPAN,PETROL,656.0,COLOMBO,RECONDITIONED,2023.0,1,5BA-LA350S,MIRA
CAR,MITSUBISHI,5BA--GK1W,JAPAN,PETROL,1496.0,GALLE,RECONDITIONED,2024.0,1,5BA--GK1W,Unknown
CAR,TOYOTA,5BA-LA350A PIXIS,JAPAN,PETROL,656.0,GAMPAHA,RECONDITIONED,2022.0,1,5BA-LA350A,PIXIS
CAR,NISSAN,4BA-R35 GT-R,JAPAN,PETROL,3799.0,GAMPAHA,RECONDITIONED,2022.0,1,4BA-R35,GT-R
CAR,TOYOTA,3BA-VJA300W,JAPAN,PETROL,3448.0,KANDY,RECONDITIONED,2024.0,1,3BA-VJA300W,Unknown
CAR,NISSAN,5AA-B44W DAYZ,JAPAN,PETROL,659.0,ANURADHAPURA,RECONDITIONED,2024.0,1,5AA-B44W,DAYZ
CAR,PERODUA,AXIA-CG1SZ,MALAYSIA,PETROL,998.0,GALLE,BRAND NEW,2025.0,1,AXIA-CG1SZ,Unknown
CAR,NISSAN,5AA-B44W DAYZ,JAPAN,PETROL,658.0,BADULLA,RECONDITIONED,2023.0,1,5AA-B44W,DAYZ
CAR,DAIHATSU,5AA-A202S  ROCKY,JAPAN,PETROL/ELE,1196.0,PUTTALAM,RECONDITIONED,2023.0,1,5AA-A202S,ROCKY
CAR,LAND ROVER,RANGE ROVER P460 E,UNITED KINGDOM,PETROL/ELE,2996.0,GAMPAHA,RECONDITIONED,2025.0,1,,RANGE ROVER P460 E
CAR,DAIHATSU,5BA-LA350S MIRA ES,JAPAN,PETROL,658.0,ANURADHAPURA,RECONDITIONED,2024.0,1,5BA-LA350S,MIRA ES
CAR,HONDA,6AA-RV5 2025  VEZEL,JAPAN,PETROL/ELE,1496.0,GAMPAHA,RECONDITIONED,2025.0,1,6AA-RV5,2025  VEZEL
CAR,SUZUKI,5BD-DA17V EVERY,JAPAN,PETROL,658.0,KALUTARA,RECONDITIONED,2023.0,1,5BD-DA17V,EVERY
CAR,TOYOTA,6AA-ZVG13 COROLLA,JAPAN,PETROL/ELE,1797.0,KEGALLE,RECONDITIONED,2024.0,1,6AA-ZVG13,COROLLA
CAR,MITSUBISHI,5AA-B37W-LTSGZ,JAPAN,PETROL,658.0,KALUTARA,RECONDITIONED,2023.0,1,5AA-B37W-LTSGZ,Unknown
CAR,NISSAN,4AA-B45W DAYZ,JAPAN,PETROL,658.0,KURUNEGALA,BRAND NEW,2023.0,1,4AA-B45W,DAYZ
CAR,NISSAN,4AA-B45A ROOX,JAPAN,PETROL,659.0,HAMBANTOTA,RECONDITIONED,2023.0,1,4AA-B45A,ROOX
CAR,TOYOTA,5BA-M900A ROOMY,JAPAN,PETROL,996.0,JAFFNA,RECONDITIONED,2022.0,1,5BA-M900A,ROOMY
CAR,SUZUKI,4AA-MK54S SPACIA,JAPAN,PETROL,658.0,TRINCOMALEE,RECONDITIONED,2024.0,1,4AA-MK54S,SPACIA
CAR,SUZUKI,5AA-MH95S WAGON R,JAPAN,PETROL,658.0,MULLATIVU,RECONDITIONED,2025.0,2,5AA-MH95S,WAGON R
CAR,B.M.W.,3AA-12FM20 525LI,GERMANY,PETROL,1998.0,COLOMBO,RECONDITIONED,2025.0,1,3AA-12FM20,525LI
CAR,PERODUA,BEZZA,MALAYSIA,PETROL,998.0,KURUNEGALA,BRAND NEW,2025.0,1,,BEZZA
CAR,NISSAN,3BA-DR17W CLIPPER,JAPAN,PETROL,658.0,KALUTARA,RECONDITIONED,2024.0,1,3BA-DR17W,CLIPPER
CAR,HONDA,6BA-JF5  N BOX,JAPAN,PETROL,658.0,KURUNEGALA,RECONDITIONED,2024.0,1,6BA-JF5,N BOX
CAR,KYC,IM6,CHINA,ELECTRIC,109.0,COLOMBO,B/N-FACTORY DAMAGED,2025.0,1,,IM6
CAR,HONDA (DMC),6BA-JF3 N BOX,JAPAN,PETROL,658.0,KALUTARA,RECONDITIONED,2023.0,1,6BA-JF3,N BOX
CAR,SUZUKI,5BD-DA17V,JAPAN,PETROL,650.0,GAMPAHA,RECONDITIONED,2023.0,1,5BD-DA17V,EVEVRY
CAR,SUZUKI,5AA-MH95S WAGON R,JAPAN,PETROL,657.0,MULLATIVU,RECONDITIONED,2025.0,1,5AA-MH95S,WAGON R
CAR,SUZUKI,3BA-HA37S ALTO,JAPAN,PETROL,656.0,COLOMBO,RECONDITIONED,2023.0,1,3BA-HA37S,ALTO
CAR,HONDA,6AA-V5 VEZEL,JAPAN,PETROL/ELE,1496.0,RATNAPURA,RECONDITIONED,2025.0,1,6AA-V5,VEZEL
CAR,TOYOTA,6AA-MXPJ10,JAPAN,PETROL/ELE,1496.0,COLOMBO,RECONDITIONED,2023.0,1,6AA-MXPJ10,CROSS
CAR,MITSUBISHI,3BA-DS17W TOWN BOX,JAPAN,PETROL,658.0,COLOMBO,RECONDITIONED,2023.0,1,3BA-DS17W,TOWN BOX
CAR,TOYOTA,YARIS ATIVE,THAILAND,PETROL,1197.0,COLOMBO,RECONDITIONED,2025.0,1,,YARIS ATIVE
CAR,TOYOTA,3BA-A210A RAIZE,JAPAN,PETROL,996.0,TRINCOMALEE,RECONDITIONED,2023.0,1,3BA-A210A,RAIZE
CAR,DAIHATSU,5BA-M900S THOR,JAPAN,PETROL,996.0,COLOMBO,RECONDITIONED,2023.0,1,5BA-M900S,THOR
CAR,TOYOTA,3BA-VJA300W,JAPAN,PETROL,3444.0,PUTTALAM,RECONDITIONED,2024.0,1,3BA-VJA300W,Unknown
CAR,TOYOTA,5BA-A201A,JAPAN,PETROL,1190.0,COLOMBO,RECONDITIONED,2025.0,1,5BA-A201A,RAICE
CAR,LAND ROVER,DEFENDER  HSE,UNITED KINGDOM,PETROL/ELE,1997.0,MATARA,RECONDITIONED,2025.0,1,,DEFENDER  HSE
CAR,SUZUKI,JIMNY,INDIA,PETROL,1462.0,COLOMBO,BRAND NEW,2025.0,1,,JIMNY
CAR,TOYOTA,5AA-A202A  RAIZE,JAPAN,PETROL,78.0,KANDY,RECONDITIONED,2022.0,1,5AA-A202A,RAIZE
CAR,TOYOTA,4BA-M900A ROOMY,JAPAN,PETROL,996.0,KANDY,RECONDITIONED,2022.0,2,4BA-M900A,ROOMY
CAR,TOYOTA,URBAN CRUISER TAISOR,JAPAN,PETROL,998.0,COLOMBO,RECONDITIONED,2025.0,1,,URBAN CRUISER TAISOR
CAR,SUZUKI,4AA-MK54S SPACIA,JAPAN,PETROL,658.0,BADULLA,RECONDITIONED,2024.0,1,4AA-MK54S,SPACIA
CAR,TOYOTA,6AA-MXPJ10 YARIS,JAPAN,PETROL/ELE,1496.0,PUTTALAM,RECONDITIONED,2025.0,1,6AA-MXPJ10,YARIS
CAR,SUZUKI,5BD-DA17V EVERY,JAPAN,PETROL,650.0,GALLE,RECONDITIONED,2023.0,1,5BD-DA17V,EVERY
CAR,BYD,M6 SUPERIOR,CHINA,ELECTRIC,100.0,KANDY,BRAND NEW,2025.0,1,,M6 SUPERIOR
CAR,TOYOTA,5AA-A202A RAIZE,JAPAN,ELECTRIC,78.0,RATNAPURA,RECONDITIONED,2024.0,1,5AA-A202A,RAIZE
CAR,MAHINDRA,XUV 3XO,INDIA,PETROL,1197.0,BADULLA,BRAND NEW,2025.0,1,,XUV 3XO
CAR,BYD,SEALION 6 SUPERIOR,CHINA,PETROL/ELE,1498.0,MATALE,BRAND NEW,2025.0,1,,SEALION 6 SUPERIOR
CAR,SUZUKI,5AA-MK94S,JAPAN,PETROL,656.0,GALLE,RECONDITIONED,2024.0,1,5AA-MK94S,Unknown
CAR,SUZUKI,3BD-DA17V EVERY,JAPAN,PETROL,656.0,PUTTALAM,RECONDITIONED,2024.0,1,3BD-DA17V,EVERY
CAR,TOYOTA,A250RA-GBVV RAIZE,INDONESIA,PETROL,998.0,JAFFNA,BRAND NEW,2025.0,2,,A250RA-GBVV RAIZE
CAR,HONDA,6AA-RV5 VEZEL,THAILAND,PETROL/ELE,1496.0,KURUNEGALA,RECONDITIONED,2025.0,1,6AA-RV5,VEZEL
CAR,SUZUKI,3BD-DA17V EVERY,JAPAN,PETROL,658.0,KEGALLE,RECONDITIONED,2024.0,1,3BD-DA17V,EVERY
CAR,SUZUKI,5BA-MH85S WAGON R,JAPAN,PETROL,657.0,KURUNEGALA,RECONDITIONED,2023.0,2,5BA-MH85S,WAGON R
CAR,NISSAN,5BD-DR17V CLIPPER,JAPAN,PETROL,658.0,MONERAGALA,RECONDITIONED,2024.0,1,5BD-DR17V,CLIPPER
CAR,TOYOTA,6AA-MXPK11 AQUA,JAPAN,PETROL/ELE,1496.0,GALLE,RECONDITIONED,2023.0,1,6AA-MXPK11,AQUA
CAR,AUDI,3AA-GYDLA  A3,GERMANY,PETROL,996.0,COLOMBO,RECONDITIONED,2023.0,1,3AA-GYDLA,A3
CAR,TOYOTA,6AA-MXPJ15,JAPAN,PETROL/ELE,1490.0,PUTTALAM,RECONDITIONED,2023.0,1,6AA-MXPJ15,Unknown
CAR,NISSAN,4AA-B45A ROOX,JAPAN,PETROL,658.0,GALLE,RECONDITIONED,2023.0,1,4AA-B45A,ROOX
CAR,TOYOTA,5AA-A202A RAIZE,JAPAN,ELECTRIC,78.0,KEGALLE,RECONDITIONED,2024.0,1,5AA-A202A,RAIZE
CAR,DAIHATSU,5BA-LA150S MOVE,JAPAN,PETROL,658.0,GAMPAHA,RECONDITIONED,2022.0,1,5BA-LA150S,MOVE
CAR,DAIHATSU,5BA-A201S ROCKY,JAPAN,PETROL,1196.0,BADULLA,RECONDITIONED,2024.0,1,5BA-A201S,ROCKY
CAR,TOYOTA,4BA-M900A  ROOMY,JAPAN,PETROL,996.0,KANDY,RECONDITIONED,2023.0,1,4BA-M900A,ROOMY
CAR,HONDA,VEZEL Z,AUSTRALIA,PETROL/ELE,1496.0,KALUTARA,RECONDITIONED,2023.0,1,,VEZEL Z
CAR,HONDA,6AA RV5 VEZEL,JAPAN,PETROL/ELE,1496.0,GAMPAHA,RECONDITIONED,2023.0,1,,6AA RV5 VEZEL
CAR,MERCEDES BENZ,4AA-465250C  G63,GERMANY,PETROL,3986.0,COLOMBO,RECONDITIONED,2024.0,1,4AA-465250C,G63
CAR,SUZUKI,4AA-MR52S  HUSTLER,JAPAN,PETROL,658.0,COLOMBO,RECONDITIONED,2024.0,1,4AA-MR52S,HUSTLER
CAR,HONDA,6AA-RV5  VEZEL,JAPAN,PETROL/ELE,1490.0,BADULLA,RECONDITIONED,2023.0,1,6AA-RV5,VEZEL
CAR,HONDA,6AA-RV5 VEVEL,JAPAN,PETROL/ELE,1496.0,KURUNEGALA,RECONDITIONED,2024.0,1,6AA-RV5,VEVEL
CAR,TOYOTA,4BA-M900A  ROOMY,JAPAN,PETROL,996.0,KURUNEGALA,RECONDITIONED,2024.0,1,4BA-M900A,ROOMY
CAR,HONDA,6AA-RV6 VEZEL,JAPAN,PETROL/ELE,1496.0,KALUTARA,RECONDITIONED,2025.0,1,6AA-RV6,VEZEL
CAR,TOYOTA,6AA-ZVG13 COROLLA,JAPAN,PETROL/ELE,1797.0,KANDY,RECONDITIONED,2024.0,1,6AA-ZVG13,COROLLA
CAR,TOYOTA,6BA-MXAA54 RAV 4,JAPAN,PETROL,1980.0,COLOMBO,RECONDITIONED,2023.0,1,6BA-MXAA54,RAV 4
CAR,JETOUR,DASHING,CHINA,PETROL,1498.0,ANURADHAPURA,BRAND NEW,2025.0,1,,DASHING
CAR,TOYOTA,5BA-LA350A,JAPAN,PETROL,658.0,VAVUNIYA,RECONDITIONED,2023.0,1,5BA-LA350A,PIXIS
CAR,TOYOTA,5AA-A202A,JAPAN,ELECTRIC,78.0,KURUNEGALA,RECONDITIONED,2024.0,1,5AA-A202A,RAIZE Z
CAR,SUZUKI,5AA-MH95S  WAGON R,JAPAN,PETROL,657.0,AMPARA,RECONDITIONED,2024.0,1,5AA-MH95S,WAGON R
CAR,LAND ROVER,3BA-LE72XAA DEFENDER,UNITED KINGDOM,PETROL,1990.0,COLOMBO,RECONDITIONED,2024.0,1,3BA-LE72XAA,DEFENDER
CAR,TOYOTA,3BA-VJA300W,JAPAN,PETROL,3444.0,GAMPAHA,RECONDITIONED,2024.0,4,3BA-VJA300W,Unknown
CAR,TOYOTA,6AA-NKE165 COROLLA,JAPAN,PETROL/ELE,1496.0,KALUTARA,RECONDITIONED,2023.0,1,6AA-NKE165,COROLLA
CAR,TOYOTA,5BA-A201A RAIZE,JAPAN,PETROL,1196.0,BADULLA,RECONDITIONED,2024.0,1,5BA-A201A,RAIZE
CAR,TOYOTA,3BA-A210A RAIZE,JAPAN,PETROL,996.0,COLOMBO,RECONDITIONED,2022.0,2,3BA-A210A,RAIZE
CAR,SUZUKI,5AA-HA97S ALTO,JAPAN,PETROL,658.0,COLOMBO,RECONDITIONED,2024.0,2,5AA-HA97S,ALTO
CAR,HONDA,6AA-RV5  VEZEL,JAPAN,PETROL/ELE,1496.0,KEGALLE,RECONDITIONED,2024.0,2,6AA-RV5,VEZEL
CAR,TOYOTA,5BA-M700A PASSO,JAPAN,PETROL,996.0,GAMPAHA,RECONDITIONED,2022.0,2,5BA-M700A,PASSO
CAR,NISSAN,ALMERA,THAILAND,PETROL,999.0,COLOMBO,RECONDITIONED,2025.0,12,,ALMERA
CAR,TOYOTA,3BA-A210A RAIZE,JAPAN,PETROL,996.0,HAMBANTOTA,RECONDITIONED,2023.0,3,3BA-A210A,RAIZE
CAR,DAIHATSU,5BA-LA650S TANTO,JAPAN,PETROL,658.0,PUTTALAM,RECONDITIONED,2024.0,1,5BA-LA650S,TANTO
CAR,SUZUKI,5AA-MH95S WAGON R,JAPAN,PETROL,658.0,COLOMBO,RECONDITIONED,2022.0,2,5AA-MH95S,WAGON R
CAR,NISSAN,ALMERA,THAILAND,PETROL,999.0,KURUNEGALA,RECONDITIONED,2025.0,1,,ALMERA
CAR,SUZUKI,4AA-MK54S SPACIA,JAPAN,PETROL,658.0,MATARA,RECONDITIONED,2025.0,1,4AA-MK54S,SPACIA
CAR,TOYOTA,A250RA-GBVV RAIZE,INDONESIA,PETROL,998.0,KURUNEGALA,BRAND NEW,2025.0,13,,A250RA-GBVV RAIZE
CAR,PEUGEOT,2008GT,SPAIN,PETROL,1199.0,GALLE,BRAND NEW,2025.0,1,,2008GT
CAR,TOYOTA,5BA-KSP210  YARIS,JAPAN,PETROL,996.0,KURUNEGALA,RECONDITIONED,2023.0,2,5BA-KSP210,YARIS
CAR,BYD,SEALION 6 SUPERIOR,CHINA,PETROL/ELE,1498.0,PUTTALAM,BRAND NEW,2025.0,17,,SEALION 6 SUPERIOR
CAR,TOYOTA,5BA-KSP210,JAPAN,PETROL,996.0,GAMPAHA,RECONDITIONED,2023.0,6,5BA-KSP210,Unknown
CAR,TOYOTA,5BA-M900A  ROOMY,JAPAN,PETROL,996.0,AMPARA,RECONDITIONED,2022.0,1,5BA-M900A,ROOMY
CAR,TOYOTA,6AA-ZWR90W VOXY,JAPAN,PETROL/ELE,1797.0,KANDY,RECONDITIONED,2025.0,3,6AA-ZWR90W,VOXY
CAR,TOYOTA,6AA-MXPJ10 YARIS,JAPAN,PETROL/ELE,1496.0,KALUTARA,RECONDITIONED,2025.0,2,6AA-MXPJ10,YARIS
CAR,HONDA,6AA-RV5   VEZEL,JAPAN,PETROL/ELE,1496.0,MATARA,RECONDITIONED,2024.0,1,6AA-RV5,VEZEL
CAR,TOYOTA,3BA-A210A  RAIZE,JAPAN,PETROL,996.0,KURUNEGALA,RECONDITIONED,2023.0,2,3BA-A210A,RAIZE
CAR,DAIHATSU,5BA-LA900S TAFT,JAPAN,PETROL,658.0,COLOMBO,RECONDITIONED,2025.0,10,5BA-LA900S,TAFT
CAR,HONDA,5BA-RZ3 ZR-V,JAPAN,PETROL,1496.0,COLOMBO,RECONDITIONED,2023.0,1,5BA-RZ3,ZR-V
CAR,SUZUKI,5AA-MK94S SPACIA,JAPAN,PETROL,658.0,MATALE,RECONDITIONED,2023.0,1,5AA-MK94S,SPACIA
CAR,PERODUA,AXIA-CG1SZ,MALAYSIA,PETROL,998.0,COLOMBO,BRAND NEW,2025.0,31,AXIA-CG1SZ,Unknown
CAR,TOYOTA,5AA-A202A  RAIZE,JAPAN,PETROL/ELE,78.0,COLOMBO,RECONDITIONED,2024.0,1,5AA-A202A,RAIZE
CAR,PERODUA,AXIA CG1GZ,MALAYSIA,PETROL,998.0,COLOMBO,BRAND NEW,2025.0,15,,AXIA CG1GZ
CAR,BYD,DOLPHIN-DYNAMIC49,CHINA,ELECTRIC,49.0,KALUTARA,BRAND NEW,2025.0,3,,DOLPHIN-DYNAMIC49
CAR,SUZUKI,3BA-HA37S ALTO,JAPAN,PETROL,658.0,COLOMBO,RECONDITIONED,2024.0,7,3BA-HA37S,ALTO
CAR,TOYOTA,5AA-A202A RAIZE,JAPAN,PETROL/ELE,78.0,PUTTALAM,RECONDITIONED,2025.0,6,5AA-A202A,RAIZE
CAR,TOYOTA,3BA-NGX10 C-HR,JAPAN,PETROL,1196.0,GAMPAHA,RECONDITIONED,2022.0,1,3BA-NGX10,C-HR
CAR,TOYOTA,6AA-ZVG13 COROLLA,JAPAN,PETROL/ELE,1797.0,MATARA,RECONDITIONED,2025.0,4,6AA-ZVG13,COROLLA
CAR,SUZUKI,5BD-DA17V EVERY,JAPAN,PETROL,658.0,RATNAPURA,RECONDITIONED,2022.0,1,5BD-DA17V,EVERY
CAR,TOYOTA,6AA-MXPJ10  YARIS,JAPAN,PETROL/ELE,1496.0,AMPARA,RECONDITIONED,2025.0,1,6AA-MXPJ10,YARIS
CAR,BYD,ATTO3-ADVANCED,CHINA,ELECTRIC,100.0,HAMBANTOTA,BRAND NEW,2025.0,7,ATTO3-ADVANCED,Unknown
CAR,HONDA,CITY,THAILAND,PETROL,988.0,GAMPAHA,RECONDITIONED,2025.0,4,,CITY
CAR,NISSAN,MAGNITE ACENTA BR10,INDIA,PETROL,999.0,MATALE,BRAND NEW,2025.0,3,,MAGNITE ACENTA BR10
CAR,TOYOTA,3BA-A210A,JAPAN,PETROL,996.0,GAMPAHA,RECONDITIONED,2024.0,3,3BA-A210A,RAIZE G
CAR,TOYOTA,5AA-A202A RAIZE,JAPAN,ELECTRIC,78.0,POLONNARUWA,RECONDITIONED,2022.0,1,5AA-A202A,RAIZE
CAR,HONDA,6AA-RV5,JAPAN,PETROL/ELE,1496.0,KALUTARA,RECONDITIONED,2025.0,4,6AA-RV5,VEVEL
CAR,TOYOTA,3BA-A210A  RAIZE,JAPAN,PETROL,996.0,KALUTARA,RECONDITIONED,2023.0,1,3BA-A210A,RAIZE
CAR,NISSAN,5BA-B43W DAYZ,JAPAN,PETROL,659.0,COLOMBO,RECONDITIONED,2024.0,1,5BA-B43W,DAYZ
CAR,TOYOTA,5AA-A202A RAIZE,JAPAN,PETROL/ELE,78.0,PUTTALAM,RECONDITIONED,2024.0,1,5AA-A202A,RAIZE
CAR,TOYOTA,3BA-A210A RAIZE,JAPAN,PETROL,996.0,MATARA,RECONDITIONED,2024.0,5,3BA-A210A,RAIZE
CAR,TOYOTA,3BA-TRJ150W,JAPAN,PETROL,2693.0,GAMPAHA,RECONDITIONED,2023.0,6,3BA-TRJ150W,TXL
CAR,HONDA,6AA-RV5 VEZEL,JAPAN,PETROL/ELE,1496.0,POLONNARUWA,RECONDITIONED,2025.0,2,6AA-RV5,VEZEL
CAR,BYD,SEALION 6 SUPERIOR,CHINA,PETROL,1498.0,KURUNEGALA,BRAND NEW,2025.0,2,,SEALION 6 SUPERIOR
CAR,PERODUA,BEZZA,MALAYSIA,PETROL,998.0,ANURADHAPURA,BRAND NEW,2025.0,2,,BEZZA
CAR,TOYOTA,5BA-M700A PASSO,JAPAN,PETROL,996.0,KEGALLE,RECONDITIONED,2023.0,1,5BA-M700A,PASSO
CAR,PEUGEOT,2008GT,SPAIN,PETROL,1199.0,COLOMBO,BRAND NEW,2025.0,4,,2008GT
CAR,SUZUKI,5BA-MH85S WAGON R,JAPAN,PETROL,656.0,MATARA,RECONDITIONED,2024.0,3,5BA-MH85S,WAGON R
CAR,PERODUA,AXIA CGISZ,MALAYSIA,PETROL,998.0,COLOMBO,BRAND NEW,2025.0,1,,AXIA CGISZ
CAR,TOYOTA,6AA-MXPJ10,JAPAN,PETROL/ELE,1490.0,COLOMBO,RECONDITIONED,2025.0,1,6AA-MXPJ10,CROSS
CAR,NISSAN,6AA-GFC28 SERENA,JAPAN,PETROL/ELE,1433.0,COLOMBO,RECONDITIONED,2025.0,1,6AA-GFC28,SERENA
CAR,TOYOTA,4BA-M900A ROOMY,JAPAN,PETROL,996.0,COLOMBO,RECONDITIONED,2022.0,4,4BA-M900A,ROOMY
CAR,SUZUKI,5AA-ZCEDS SWIFT,JAPAN,PETROL,1196.0,GAMPAHA,RECONDITIONED,2023.0,1,5AA-ZCEDS,SWIFT
CAR,SUZUKI,FRONX,INDIA,PETROL,998.0,AMPARA,BRAND NEW,2025.0,2,,FRONX
CAR,SUZUKI,FRONX,INDIA,PETROL,998.0,RATNAPURA,BRAND NEW,2025.0,5,,FRONX
CAR,TOYOTA,5BA-M900A  ROOMY,JAPAN,PETROL,996.0,JAFFNA,RECONDITIONED,2023.0,1,5BA-M900A,ROOMY
CAR,NISSAN,MAGNITE TEKNA PLUS,INDIA,PETROL,999.0,KEGALLE,BRAND NEW,2025.0,6,,MAGNITE TEKNA PLUS
CAR,TOYOTA,4BA-M900A ROOMY,JAPAN,PETROL,996.0,KALUTARA,RECONDITIONED,2023.0,2,4BA-M900A,ROOMY
CAR,NISSAN,MAGNITE ACENTA BR10,INDIA,PETROL,999.0,RATNAPURA,BRAND NEW,2025.0,4,,MAGNITE ACENTA BR10
CAR,SUZUKI,5AA-MR92S HUSTLER,JAPAN,PETROL,658.0,GAMPAHA,RECONDITIONED,2024.0,4,5AA-MR92S,HUSTLER
CAR,SUZUKI,5AA-MH95S WAGON R,JAPAN,PETROL,658.0,GAMPAHA,RECONDITIONED,2022.0,1,5AA-MH95S,WAGON R
CAR,TOYOTA,VELOZ,THAILAND,PETROL,1496.0,KURUNEGALA,RECONDITIONED,2025.0,1,,VELOZ
CAR,BYD,DOLPHIN-DYNAMIC 70,CHINA,ELECTRIC,70.0,BADULLA,BRAND NEW,2025.0,1,,DOLPHIN-DYNAMIC 70
CAR,DAIHATSU,5BA-LA350S MIRA,JAPAN,PETROL,658.0,KANDY,RECONDITIONED,2023.0,4,5BA-LA350S,MIRA
CAR,NISSAN,4AA-B45W DAYZ,JAPAN,PETROL,658.0,MATARA,RECONDITIONED,2023.0,1,4AA-B45W,DAYZ
CAR,TOYOTA,3BA-A210 A RAISE,JAPAN,PETROL,996.0,COLOMBO,RECONDITIONED,2025.0,1,3BA-A210,A RAISE
CAR,VOLKSWAGEN,3BA-C1DKR T CROSS,GERMANY,PETROL,999.0,KANDY,RECONDITIONED,2023.0,1,3BA-C1DKR,T CROSS
CAR,SUZUKI,3BA-DA17W EVERY,JAPAN,PETROL,658.0,BATTICALOA,RECONDITIONED,2025.0,2,3BA-DA17W,EVERY
CAR,SUZUKI,5AA-MH95S WAGON R,JAPAN,PETROL,658.0,KANDY,RECONDITIONED,2024.0,5,5AA-MH95S,WAGON R
CAR,TOYOTA,5BA-LA350A PIXIS,JAPAN,PETROL,658.0,COLOMBO,RECONDITIONED,2024.0,2,5BA-LA350A,PIXIS
CAR,TOYOTA,5BA-A201A  RAIZE,JAPAN,PETROL,1196.0,GALLE,RECONDITIONED,2023.0,1,5BA-A201A,RAIZE
CAR,NISSAN,5BD-DR17V CLIPPER,JAPAN,PETROL,658.0,COLOMBO,RECONDITIONED,2025.0,1,5BD-DR17V,CLIPPER
CAR,FEIYEPAI,5AA-MK94S SPACIA,JAPAN,PETROL/ELE,658.0,KURUNEGALA,RECONDITIONED,2025.0,1,5AA-MK94S,SPACIA
CAR,HONDA,6AA-RV5 VEZEL,JAPAN,PETROL/ELE,1496.0,MATALE,RECONDITIONED,2025.0,2,6AA-RV5,VEZEL
CAR,DAIHATSU,5BA-LA850S,JAPAN,PETROL,658.0,COLOMBO,RECONDITIONED,2024.0,1,5BA-LA850S,Unknown
CAR,SUZUKI,3BA-HA37S  ALTO,JAPAN,PETROL,658.0,COLOMBO,RECONDITIONED,2024.0,3,3BA-HA37S,ALTO
CAR,TOYOTA,6AA-MXPJ10 YARIS,JAPAN,PETROL/ELE,1490.0,RATNAPURA,RECONDITIONED,2025.0,1,6AA-MXPJ10,YARIS
CAR,TOYOTA,5AA-A202A RAIZE,JAPAN,PETROL/ELE,1196.0,TRINCOMALEE,RECONDITIONED,2025.0,1,5AA-A202A,RAIZE
CAR,NISSAN,ROOX 5AA-B44A,JAPAN,PETROL,658.0,COLOMBO,RECONDITIONED,2023.0,1,,ROOX 5AA-B44A
CAR,TOYOTA,5BA-KSP210  YARIS,JAPAN,PETROL,996.0,KANDY,RECONDITIONED,2024.0,3,5BA-KSP210,YARIS
CAR,TOYOTA,5AA-A202A  RAIZE,JAPAN,PETROL/ELE,1196.0,COLOMBO,RECONDITIONED,2024.0,1,5AA-A202A,RAIZE
CAR,TOYOTA,5AA-A202A RAIZE,JAPAN,PETROL/ELE,78.0,TRINCOMALEE,RECONDITIONED,2023.0,1,5AA-A202A,RAIZE
CAR,TOYOTA,PRIUS,JAPAN,PETROL/ELE,1798.0,TRINCOMALEE,BRAND NEW,2025.0,1,,PRIUS
CAR,TOYOTA,5AA-A202A RAIZE,JAPAN,PETROL/ELE,78.0,MATARA,RECONDITIONED,2023.0,2,5AA-A202A,RAIZE
CAR,SUZUKI,5AA-MH95S WAGON R,JAPAN,PETROL,657.0,GAMPAHA,RECONDITIONED,2025.0,4,5AA-MH95S,WAGON R
CAR,TOYOTA,5AA-A202A RAIZE,JAPAN,PETROL/ELE,1196.0,MATARA,RECONDITIONED,2025.0,1,5AA-A202A,RAIZE
CAR,TOYOTA,5AA-A202A,JAPAN,ELECTRIC,78.0,HAMBANTOTA,RECONDITIONED,2023.0,1,5AA-A202A,RAIZE Z
CAR,TOYOTA,5BA-M900A ROOMY,JAPAN,PETROL,996.0,MATALE,RECONDITIONED,2022.0,2,5BA-M900A,ROOMY
CAR,SUZUKI,5AA-HA97S ALTO,JAPAN,PETROL,657.0,COLOMBO,RECONDITIONED,2023.0,1,5AA-HA97S,ALTO
CAR,HONDA,CRV VTIL 7,JAPAN,PETROL,1498.0,KALUTARA,RECONDITIONED,2024.0,1,,CRV VTIL 7
CAR,TOYOTA,6AA-ZWR 90W  VOXY,JAPAN,PETROL/ELE,1797.0,KANDY,RECONDITIONED,2025.0,1,6AA-ZWR,90W  VOXY
CAR,TOYOTA,6AA-MXPJ10  YARIS,JAPAN,PETROL/ELE,1490.0,KALUTARA,RECONDITIONED,2024.0,1,6AA-MXPJ10,YARIS
CAR,TOYOTA,5BA-M900A ROOMY,JAPAN,PETROL,996.0,KURUNEGALA,RECONDITIONED,2024.0,1,5BA-M900A,ROOMY
CAR,SUZUKI,5BA-MH85S,JAPAN,PETROL,658.0,RATNAPURA,RECONDITIONED,2024.0,1,5BA-MH85S,WAGONR
CAR,TOYOTA,PASSO 5BA-M700A,JAPAN,PETROL,996.0,NUWARA-ELIYA,RECONDITIONED,2023.0,1,,PASSO 5BA-M700A
CAR,SUZUKI,5AA-MR92S HUSTLER,JAPAN,PETROL,658.0,COLOMBO,RECONDITIONED,2025.0,1,5AA-MR92S,HUSTLER
CAR,SUZUKI,5BA-MH85S WAGON R,JAPAN,PETROL,658.0,MONERAGALA,RECONDITIONED,2024.0,3,5BA-MH85S,WAGON R
CAR,TOYOTA,5BA-A201A  RAIZE,JAPAN,PETROL,1196.0,MATARA,RECONDITIONED,2025.0,1,5BA-A201A,RAIZE
CAR,LAND ROVER,3BA-LE72XAA,UNITED KINGDOM,PETROL,1997.0,COLOMBO,RECONDITIONED,2023.0,1,3BA-LE72XAA,Unknown
CAR,TOYOTA,5AA-A202A  RAIZE,JAPAN,PETROL/ELE,78.0,ANURADHAPURA,RECONDITIONED,2025.0,1,5AA-A202A,RAIZE
CAR,HONDA,CITY HEV ZX CVT,INDIA,PETROL/ELE,1498.0,COLOMBO,BRAND NEW,2025.0,8,,CITY HEV ZX CVT
CAR,WULING,CLOUD,INDONESIA,ELECTRIC,99.0,COLOMBO,BRAND NEW,2025.0,1,,CLOUD
CAR,B.M.W.,3BA-7K15 2181,GERMANY,PETROL,1498.0,MATARA,RECONDITIONED,2023.0,1,3BA-7K15,2181
CAR,TOYOTA,6AA-MXPJ10 YARIS,JAPAN,PETROL/ELE,1496.0,MATARA,RECONDITIONED,2025.0,1,6AA-MXPJ10,YARIS
CAR,TOYOTA,6AA-MXPJ10 YARIS,JAPAN,PETROL/ELE,1496.0,KURUNEGALA,RECONDITIONED,2025.0,4,6AA-MXPJ10,YARIS
CAR,TOYOTA,5BA-M900A ROOMY,JAPAN,PETROL,996.0,GAMPAHA,RECONDITIONED,2025.0,1,5BA-M900A,ROOMY
CAR,SUZUKI,3BA-HA37S ALTO,JAPAN,PETROL,658.0,GAMPAHA,RECONDITIONED,2024.0,6,3BA-HA37S,ALTO
CAR,TOYOTA,5BA-M700A PASSO,JAPAN,PETROL,996.0,GALLE,RECONDITIONED,2022.0,1,5BA-M700A,PASSO
CAR,NISSAN,5AA-B44W DAYS,JAPAN,PETROL,658.0,COLOMBO,RECONDITIONED,2024.0,1,5AA-B44W,DAYS
CAR,HONDA,6AA-RV5   VEZEL,JAPAN,PETROL/ELE,1496.0,KEGALLE,RECONDITIONED,2025.0,1,6AA-RV5,VEZEL
CAR,BYD,SEAL-COMFORT,CHINA,ELECTRIC,100.0,RATNAPURA,BRAND NEW,2025.0,3,SEAL-COMFORT,Unknown
CAR,TOYOTA,6BA-MXUA80  HARRIER,JAPAN,PETROL,1986.0,COLOMBO,RECONDITIONED,2024.0,1,6BA-MXUA80,HARRIER
CAR,SUZUKI,5BA-MH85S WAGONR,JAPAN,PETROL,658.0,KURUNEGALA,RECONDITIONED,2024.0,1,5BA-MH85S,WAGONR
CAR,BYD,ATTO3-ADVANCED,CHINA,ELECTRIC,100.0,BATTICALOA,BRAND NEW,2025.0,1,ATTO3-ADVANCED,Unknown
CAR,NISSAN,5AA-B44A ROOX,JAPAN,PETROL,658.0,MATARA,RECONDITIONED,2023.0,2,5AA-B44A,ROOX
CAR,TOYOTA,3BA-A210A RAIZE,JAPAN,PETROL,996.0,MATALE,RECONDITIONED,2023.0,1,3BA-A210A,RAIZE
CAR,TOYOTA,3BA-TRJ150W PRADO,JAPAN,PETROL,2693.0,COLOMBO,RECONDITIONED,2022.0,1,3BA-TRJ150W,PRADO
CAR,DAIHATSU, 5BA-LA900S TAFT,JAPAN,PETROL,658.0,RATNAPURA,RECONDITIONED,2023.0,1,5BA-LA900S,TAFT
CAR,TOYOTA,5BA-M700A PASSO,JAPAN,PETROL,996.0,GAMPAHA,RECONDITIONED,2023.0,3,5BA-M700A,PASSO
CAR,TOYOTA,3BA-A210A RAIZE,JAPAN,PETROL,996.0,TRINCOMALEE,RECONDITIONED,2024.0,2,3BA-A210A,RAIZE
CAR,SUZUKI,5BA-MH85S,JAPAN,PETROL,658.0,GAMPAHA,RECONDITIONED,2024.0,3,5BA-MH85S,WAGONR
CAR,KIA,EV5,CHINA,ELECTRIC,160.0,KANDY,BRAND NEW,2025.0,1,,EV5
CAR,SUZUKI,3BA-JB64W,JAPAN,PETROL,658.0,KALUTARA,RECONDITIONED,2024.0,1,3BA-JB64W,JIMNY
CAR,SUZUKI,5BD-DA17V EVERY,JAPAN,PETROL,658.0,KANDY,RECONDITIONED,2022.0,1,5BD-DA17V,EVERY
CAR,TOYOTA,5BA-A201A RAIZE,JAPAN,PETROL,1196.0,BATTICALOA,RECONDITIONED,2024.0,3,5BA-A201A,RAIZE
CAR,BYD,SEALION 6 PREMIUM,CHINA,PETROL/ELE,1498.0,MATARA,BRAND NEW,2025.0,1,,SEALION 6 PREMIUM
CAR,HONDA,6AA-RV5 VEZEL Z,JAPAN,PETROL/ELE,1496.0,KALUTARA,RECONDITIONED,2025.0,1,6AA-RV5,VEZEL Z
CAR,SUZUKI,5BA-MH85S WAGON R,JAPAN,PETROL,658.0,MULLATIVU,RECONDITIONED,2024.0,2,5BA-MH85S,WAGON R
CAR,MITSUBISHI,5BA-B33W EK WAGON,JAPAN,PETROL,656.0,COLOMBO,RECONDITIONED,2023.0,1,5BA-B33W,EK WAGON
CAR,SUZUKI,5BA-MH85S WAGON R,JAPAN,PETROL,658.0,BATTICALOA,RECONDITIONED,2023.0,3,5BA-MH85S,WAGON R
CAR,LEXUS,6AA-AAZH25 NX350H,JAPAN,PETROL/ELE,2487.0,COLOMBO,RECONDITIONED,2024.0,1,6AA-AAZH25,NX350H
CAR,DAIHATSU,5BA-LA900S TAFT,JAPAN,PETROL,658.0,JAFFNA,RECONDITIONED,2023.0,1,5BA-LA900S,TAFT
CAR,BYD,SEALION 6 PREMIUM,CHINA,PETROL/ELE,1498.0,KALUTARA,BRAND NEW,2025.0,3,,SEALION 6 PREMIUM
CAR,TOYOTA,A250RA-GBVV RAIZE,INDONESIA,PETROL,998.0,KEGALLE,BRAND NEW,2025.0,11,,A250RA-GBVV RAIZE
CAR,MAZDA,5AA-MJ95S FLAIR,JAPAN,PETROL,658.0,COLOMBO,RECONDITIONED,2023.0,1,5AA-MJ95S,FLAIR
CAR,TOYOTA,3BA-VJA300W,JAPAN,PETROL,3444.0,KURUNEGALA,RECONDITIONED,2024.0,3,3BA-VJA300W,Unknown
CAR,SUZUKI,3BA-HA37S ALTO,JAPAN,PETROL,658.0,KURUNEGALA,RECONDITIONED,2023.0,3,3BA-HA37S,ALTO
CAR,TOYOTA,3BA-A210A RAIZE,JAPAN,PETROL,996.0,PUTTALAM,RECONDITIONED,2025.0,1,3BA-A210A,RAIZE
CAR,TOYOTA,3BA-A210A  RAIZE,JAPAN,PETROL,996.0,RATNAPURA,RECONDITIONED,2024.0,1,3BA-A210A,RAIZE
CAR,SUZUKI,5BD-DA17V EVERY,JAPAN,PETROL,656.0,GAMPAHA,RECONDITIONED,2023.0,1,5BD-DA17V,EVERY
CAR,SUZUKI,4AA-MK54S,JAPAN,PETROL,658.0,GAMPAHA,RECONDITIONED,2024.0,1,4AA-MK54S,HYBRID XS
CAR,TOYOTA,6AA-ZVG13 COROLLA,JAPAN,PETROL/ELE,1797.0,KALUTARA,RECONDITIONED,2025.0,1,6AA-ZVG13,COROLLA
CAR,MITSUBISHI,5AA-B34W  EK,JAPAN,PETROL,658.0,KURUNEGALA,RECONDITIONED,2024.0,1,5AA-B34W,EK
CAR,TOYOTA,YARIS ATIV,THAILAND,PETROL,1197.0,GALLE,RECONDITIONED,2025.0,2,,YARIS ATIV
CAR,SUZUKI,5BA-MH85S WAGON R,JAPAN,PETROL,658.0,KALUTARA,RECONDITIONED,2023.0,4,5BA-MH85S,WAGON R
CAR,KIA,CARNIVAL,KOREA,PETROL/ELE,1598.0,COLOMBO,BRAND NEW,2025.0,1,,CARNIVAL
CAR,TOYOTA,A250RA-GBVV RAIZE,INDONESIA,PETROL,998.0,ANURADHAPURA,BRAND NEW,2025.0,5,,A250RA-GBVV RAIZE
CAR,TOYOTA,LAND CRUISER,JAPAN,DIESEL,4461.0,COLOMBO,BRAND NEW,2020.0,1,,LAND CRUISER
CAR,DAIHATSU,5BA-LA350S MIRA,JAPAN,PETROL,658.0,COLOMBO,RECONDITIONED,2025.0,3,5BA-LA350S,MIRA
CAR,SUZUKI,5AA-MH95S  WAGON R,JAPAN,PETROL,658.0,KEGALLE,RECONDITIONED,2024.0,1,5AA-MH95S,WAGON R
CAR,TOYOTA,5BA-M700A PASSO,JAPAN,PETROL,996.0,PUTTALAM,RECONDITIONED,2022.0,1,5BA-M700A,PASSO
CAR,TOYOTA,5AA-A202A RAIZE,JAPAN,ELECTRIC,78.0,POLONNARUWA,RECONDITIONED,2025.0,1,5AA-A202A,RAIZE
CAR,TOYOTA,5BA-A201A  RAIZE,JAPAN,PETROL,1196.0,COLOMBO,RECONDITIONED,2024.0,3,5BA-A201A,RAIZE
CAR,SUZUKI,5BD-DA17V EVERY,JAPAN,PETROL,650.0,GAMPAHA,RECONDITIONED,2023.0,1,5BD-DA17V,EVERY
CAR,TOYOTA,6AA-MXPJ10,JAPAN,PETROL/ELE,1496.0,COLOMBO,RECONDITIONED,2025.0,1,6AA-MXPJ10,CROSS
CAR,NISSAN,5AA-B44W,JAPAN,PETROL,658.0,KURUNEGALA,RECONDITIONED,2023.0,1,5AA-B44W,Unknown
CAR,SUZUKI,5BA-MH85S,JAPAN,PETROL,658.0,GALLE,RECONDITIONED,2024.0,2,5BA-MH85S,WAGONR
CAR,FERRARI,7LA-173HSF90 SPIDER,ITALY,PETROL/ELE,3986.0,POLONNARUWA,RECONDITIONED,2023.0,1,7LA-173HSF90,SPIDER
CAR,TOYOTA,5AA-A202A,JAPAN,PETROL/ELE,1196.0,PUTTALAM,RECONDITIONED,2025.0,2,5AA-A202A,RAIZE Z
CAR,HONDA,6AA-RV5,JAPAN,PETROL/ELE,1496.0,COLOMBO,RECONDITIONED,2023.0,3,6AA-RV5,VEVEL
CAR,TOYOTA,5BA-M700A  PASSO,JAPAN,PETROL,996.0,RATNAPURA,RECONDITIONED,2023.0,1,5BA-M700A,PASSO
CAR,TOYOTA,6AA-MXPJ10 YARIS,JAPAN,PETROL/ELE,1496.0,KALUTARA,RECONDITIONED,2024.0,1,6AA-MXPJ10,YARIS
CAR,MAZDA,5AA-MJ95S FLAIR,JAPAN,PETROL,658.0,COLOMBO,RECONDITIONED,2024.0,2,5AA-MJ95S,FLAIR
CAR,TOYOTA,6AA-MXPJ10  YARIS,JAPAN,PETROL/ELE,1496.0,MATALE,RECONDITIONED,2023.0,1,6AA-MXPJ10,YARIS
CAR,TOYOTA,3BD-S700M PIXIS,JAPAN,PETROL,658.0,KURUNEGALA,RECONDITIONED,2023.0,1,3BD-S700M,PIXIS
CAR,MERCEDES BENZ,GLC 300 4MATIC COUPE,GERMANY,PETROL,1999.0,COLOMBO,BRAND NEW,2025.0,1,,GLC 300 4MATIC COUPE
CAR,LAND CRUISER,3BA-TRJ150W,JAPAN,PETROL,2698.0,KURUNEGALA,RECONDITIONED,2023.0,1,3BA-TRJ150W,TXL
CAR,TOYOTA,URBARNCRUISER TAISOR,INDIA,PETROL,998.0,COLOMBO,RECONDITIONED,2025.0,1,,URBARNCRUISER TAISOR
CAR,TOYOTA,5BA-MXPB10,JAPAN,PETROL,1496.0,COLOMBO,RECONDITIONED,2023.0,1,5BA-MXPB10,Unknown
CAR,DAIHATSU,5BA-LA350S MIRA,JAPAN,PETROL,658.0,KEGALLE,RECONDITIONED,2023.0,3,5BA-LA350S,MIRA
CAR,TOYOTA,5BA-M900A ROOMY,JAPAN,PETROL,996.0,BATTICALOA,RECONDITIONED,2023.0,1,5BA-M900A,ROOMY
CAR,TOYOTA,5AA-A202A RAIZE,JAPAN,ELECTRIC,78.0,GALLE,RECONDITIONED,2022.0,1,5AA-A202A,RAIZE
CAR,DAIHATSU,5BA-LA350S MIRA E.S,JAPAN,PETROL,658.0,KALUTARA,RECONDITIONED,2023.0,1,5BA-LA350S,MIRA E.S
CAR,B.M.W.,3BA-7K15 218I,GERMANY,PETROL,1498.0,KALUTARA,RECONDITIONED,2023.0,1,3BA-7K15,218I
CAR,DAIHATSU,5BA-LA900S TAFT,JAPAN,PETROL,658.0,MATALE,RECONDITIONED,2024.0,1,5BA-LA900S,TAFT
CAR,DAIHATSU,3BD-S700V HIJET,JAPAN,PETROL,658.0,GAMPAHA,RECONDITIONED,2023.0,1,3BD-S700V,HIJET
CAR,MITSUBISHI,5AA-B34W EK X,JAPAN,PETROL,656.0,ANURADHAPURA,RECONDITIONED,2023.0,1,5AA-B34W,EK X
CAR,SUZUKI,5BD-DA17V EVREY,JAPAN,PETROL,656.0,GAMPAHA,RECONDITIONED,2023.0,1,5BD-DA17V,EVREY
CAR,TOYOTA,5AA-A202A- RAIZE,JAPAN,PETROL/ELE,78.0,COLOMBO,RECONDITIONED,2023.0,1,5AA-A202A,- RAIZE
CAR,SUZUKI,WAGON R 5AA-MH95S,JAPAN,PETROL,658.0,COLOMBO,RECONDITIONED,2024.0,1,,WAGON R 5AA-MH95S
CAR,TOYOTA,6AA-ZVG13,JAPAN,PETROL/ELE,1797.0,GAMPAHA,RECONDITIONED,2024.0,1,6AA-ZVG13,COROLLA
CAR,TOYOTA,YARIS CROSS,THAILAND,PETROL/ELE,1496.0,KURUNEGALA,RECONDITIONED,2025.0,2,,YARIS CROSS
CAR,TOYOTA,6AA-NKE165 COROLLA,JAPAN,PETROL/ELE,1496.0,POLONNARUWA,RECONDITIONED,2023.0,1,6AA-NKE165,COROLLA
CAR,TOYOTA,5BA-KSP210 YARIS,JAPAN,PETROL,996.0,KANDY,RECONDITIONED,2024.0,3,5BA-KSP210,YARIS
CAR,SUZUKI,4AA-MH55S,JAPAN,PETROL,658.0,GAMPAHA,RECONDITIONED,2023.0,1,4AA-MH55S,WAGON R CU
CAR,TOYOTA,6AA-ZWR90W,JAPAN,PETROL/ELE,1797.0,KURUNEGALA,RECONDITIONED,2025.0,1,6AA-ZWR90W,NOAH
CAR,SUZUKI,5AA-MR92S  HUSTLER,JAPAN,PETROL,658.0,MATARA,RECONDITIONED,2023.0,1,5AA-MR92S,HUSTLER
CAR,TOYOTA,6AA-MXPJ10  YARIS,JAPAN,PETROL/ELE,1496.0,COLOMBO,RECONDITIONED,2025.0,3,6AA-MXPJ10,YARIS
CAR,SUZUKI,3BA-DA17VW,JAPAN,PETROL,658.0,COLOMBO,RECONDITIONED,2024.0,1,3BA-DA17VW,Unknown
CAR,TOYOTA,YARIS CROSS HEV,THAILAND,PETROL/ELE,1496.0,GAMPAHA,RECONDITIONED,2025.0,1,,YARIS CROSS HEV
CAR,TOYOTA,6AA-MXP10 YARIS,JAPAN,PETROL/ELE,1490.0,GAMPAHA,RECONDITIONED,2024.0,1,6AA-MXP10,YARIS
CAR,LAND ROVER,EVOQUE,UNITED KINGDOM,PETROL/ELE,1498.0,PUTTALAM,RECONDITIONED,2024.0,1,,EVOQUE
CAR,LAND ROVER,3BA-LE72XAA DEFENDER,UNITED KINGDOM,PETROL,1997.0,COLOMBO,RECONDITIONED,2023.0,2,3BA-LE72XAA,DEFENDER
CAR,TOYOTA,5BA-KSP210  YARIS,JAPAN,PETROL,996.0,RATNAPURA,RECONDITIONED,2023.0,1,5BA-KSP210,YARIS
CAR,SUZUKI,4AA-MH55S,JAPAN,PETROL,658.0,BATTICALOA,RECONDITIONED,2024.0,1,4AA-MH55S,WAGON R CU
CAR,TOYOTA,5AA-A202A RAIZE,JAPAN,ELECTRIC,78.0,VAVUNIYA,RECONDITIONED,2025.0,1,5AA-A202A,RAIZE
CAR,TOYOTA,3BA-A201A RAIZE,JAPAN,PETROL,996.0,KANDY,RECONDITIONED,2023.0,1,3BA-A201A,RAIZE
CAR,TOYOTA,5BA-KSP210 YARIS,JAPAN,PETROL,996.0,GAMPAHA,RECONDITIONED,2025.0,5,5BA-KSP210,YARIS
CAR,NISSAN,MAGNITE ACENTA BR10,INDIA,PETROL,999.0,MONERAGALA,BRAND NEW,2025.0,2,,MAGNITE ACENTA BR10
CAR,MITSUBISHI,GR1WXTPGRV1,INDONESIA,PETROL,1499.0,COLOMBO,BRAND NEW,2025.0,6,,GR1WXTPGRV1
CAR,SUZUKI,5BD MK33V SPACIA,JAPAN,PETROL,658.0,COLOMBO,RECONDITIONED,2024.0,1,,5BD MK33V SPACIA
CAR,TOYOTA,5BA-KSP210  YARIS,JAPAN,PETROL,996.0,KALUTARA,RECONDITIONED,2022.0,1,5BA-KSP210,YARIS
CAR,SUZUKI,5BD-DA17V  EVERY,JAPAN,PETROL,658.0,KALUTARA,RECONDITIONED,2025.0,1,5BD-DA17V,EVERY
CAR,NISSAN,5BD-DR17V CLIPPER,JAPAN,PETROL,658.0,BADULLA,RECONDITIONED,2024.0,2,5BD-DR17V,CLIPPER
CAR,TOYOTA,5AA-A202A RAIZE,JAPAN,PETROL/ELE,78.0,KILINOCHCHI,RECONDITIONED,2025.0,1,5AA-A202A,RAIZE
CAR,TOYOTA,5BA-A201A RAIZE,JAPAN,PETROL,1196.0,POLONNARUWA,RECONDITIONED,2023.0,1,5BA-A201A,RAIZE
CAR,HONDA,6BA-JH3 N WAGON,JAPAN,PETROL,658.0,GAMPAHA,RECONDITIONED,2023.0,1,6BA-JH3,N WAGON
CAR,TOYOTA,3BA-TRJ250W,JAPAN,PETROL,2693.0,MATALE,RECONDITIONED,2024.0,1,3BA-TRJ250W,VX
CAR,TOYOTA,5BA-KSP210 YARIS,JAPAN,PETROL,996.0,ANURADHAPURA,RECONDITIONED,2025.0,1,5BA-KSP210,YARIS
CAR,TOYOTA,6AA-MXPJ10 YARIS,JAPAN,PETROL/ELE,1496.0,POLONNARUWA,RECONDITIONED,2023.0,2,6AA-MXPJ10,YARIS
CAR,SUZUKI,5BA-MH85S,JAPAN,PETROL,658.0,KURUNEGALA,RECONDITIONED,2023.0,1,5BA-MH85S,WAGONR
CAR,SUZUKI,5AA-MH95S WAGON R,JAPAN,PETROL,656.0,ANURADHAPURA,RECONDITIONED,2025.0,1,5AA-MH95S,WAGON R
CAR,SUZUKI,5BA-MH85 WAGON R,JAPAN,PETROL,657.0,COLOMBO,RECONDITIONED,2023.0,1,5BA-MH85,WAGON R
CAR,SUZUKI,5AA-MH95S,JAPAN,PETROL,658.0,BADULLA,RECONDITIONED,2024.0,1,5AA-MH95S,WOGON R
CAR,TOYOTA,NYC200R-DHXHBF,INDONESIA,PETROL/ELE,1496.0,ANURADHAPURA,BRAND NEW,2025.0,1,,NYC200R-DHXHBF
CAR,HYUNDAI,GRAND I10,SRI LANKA,PETROL,1197.0,COLOMBO,BRAND NEW-L/ASSEMBLE,2025.0,2,,GRAND I10
CAR,TOYOTA,3BA-A210A RAIZE,JAPAN,PETROL,996.0,MONERAGALA,RECONDITIONED,2025.0,1,3BA-A210A,RAIZE
CAR,SUZUKI,5BD-DA17V EVERY,JAPAN,PETROL,658.0,MATARA,RECONDITIONED,2024.0,3,5BD-DA17V,EVERY
CAR,TOYOTA,6AA-ZWR90W VOXY,JAPAN,PETROL/ELE,1797.0,AMPARA,RECONDITIONED,2024.0,1,6AA-ZWR90W,VOXY
CAR,SUZUKI,4AA-MN71S  X-BEE,JAPAN,PETROL,996.0,KURUNEGALA,RECONDITIONED,2024.0,1,4AA-MN71S,X-BEE
CAR,TOYOTA,3BA-A210A,JAPAN,PETROL,996.0,COLOMBO,RECONDITIONED,2023.0,1,3BA-A210A,RAIZE G
CAR,TOYOTA,5BA-M700A PASSO,JAPAN,PETROL,996.0,POLONNARUWA,RECONDITIONED,2022.0,1,5BA-M700A,PASSO
CAR,NISSAN,5AA-B44W DAYZ,JAPAN,PETROL,659.0,GAMPAHA,RECONDITIONED,2023.0,1,5AA-B44W,DAYZ
CAR,TOYOTA,5BA-KSP210 YARIS,JAPAN,PETROL,996.0,RATNAPURA,RECONDITIONED,2024.0,1,5BA-KSP210,YARIS
CAR,HONDA,6AA-RV5  VEZEL,JAPAN,PETROL/ELE,1496.0,MATARA,RECONDITIONED,2024.0,1,6AA-RV5,VEZEL
CAR,BYD,ATTO3-ADVANCED,CHINA,ELECTRIC,100.0,BADULLA,BRAND NEW,2025.0,1,ATTO3-ADVANCED,Unknown
CAR,KIA,SONET,INDIA,PETROL,998.0,BATTICALOA,BRAND NEW,2025.0,1,,SONET
CAR,TOYOTA,6AA-NKE165 COROLLA,JAPAN,PETROL/ELE,1496.0,COLOMBO,RECONDITIONED,2023.0,1,6AA-NKE165,COROLLA
CAR,NISSAN,5AA-B44W,JAPAN,PETROL,658.0,COLOMBO,RECONDITIONED,2024.0,1,5AA-B44W,Unknown
CAR,TOYOTA,F800RE-GQGF RUSH,INDONESIA,PETROL,1496.0,MATARA,BRAND NEW,2025.0,1,,F800RE-GQGF RUSH
CAR,TOYOTA,A250RA-GBVV RAIZE,INDONESIA,PETROL,998.0,PUTTALAM,BRAND NEW,2025.0,12,,A250RA-GBVV RAIZE
CAR,TOYOTA,3BA-A210A RAIZE,JAPAN,PETROL,996.0,COLOMBO,BRAND NEW,2024.0,1,3BA-A210A,RAIZE
CAR,TOYOTA,3BA-TRJ150W PRADO,JAPAN,PETROL,2693.0,GALLE,RECONDITIONED,2023.0,1,3BA-TRJ150W,PRADO
CAR,AUDI,3AA-GYDLA,GERMANY,PETROL,999.0,MATARA,RECONDITIONED,2022.0,1,3AA-GYDLA,A3
CAR,TOYOTA,5AA-A202A RAIZE,JAPAN,PETROL/ELE,1196.0,MATALE,RECONDITIONED,2025.0,1,5AA-A202A,RAIZE
CAR,SUZUKI,4AA-MK54S SPACIA,JAPAN,PETROL,658.0,BADULLA,RECONDITIONED,2025.0,1,4AA-MK54S,SPACIA
CAR,SUZUKI,5AA-HA97S  ALTO,JAPAN,PETROL,658.0,KALUTARA,RECONDITIONED,2023.0,1,5AA-HA97S,ALTO
CAR,TOYOTA,6AA-ZVG13  COROLLA,JAPAN,PETROL/ELE,1797.0,KANDY,RECONDITIONED,2024.0,1,6AA-ZVG13,COROLLA
CAR,HONDA,6BA-JH3 N-WGN,JAPAN,PETROL,656.0,KANDY,RECONDITIONED,2024.0,1,6BA-JH3,N-WGN
CAR,WULING,BINGUO,INDONESIA,ELECTRIC,49.0,KEGALLE,BRAND NEW,2025.0,1,,BINGUO
CAR,LAND ROVER,RANGE ROVER SV P460E,UNITED KINGDOM,PETROL/ELE,2996.0,COLOMBO,RECONDITIONED,2025.0,1,,RANGE ROVER SV P460E
CAR,HONDA,6BA-JF3 NBOX,JAPAN,PETROL,658.0,GAMPAHA,RECONDITIONED,2023.0,1,6BA-JF3,NBOX
CAR,HONDA,6BA-JF3 N BOX,JAPAN,PETROL,658.0,MATARA,RECONDITIONED,2023.0,1,6BA-JF3,N BOX
CAR,NISSAN,5AA-B44A ROOX,JAPAN,PETROL,659.0,AMPARA,RECONDITIONED,2023.0,1,5AA-B44A,ROOX
CAR,TOYOTA,3BA-VJA300W,JAPAN,PETROL,3444.0,ANURADHAPURA,RECONDITIONED,2024.0,1,3BA-VJA300W,Unknown
CAR,MITSUBISHI,NC1WLRPLRV1,INDONESIA,PETROL,1499.0,COLOMBO,BRAND NEW,2025.0,1,,NC1WLRPLRV1
CAR,SUZUKI,4AA-MH55S WAGON R,JAPAN,PETROL,658.0,KURUNEGALA,RECONDITIONED,2023.0,1,4AA-MH55S,WAGON R
CAR,SUZUKI,5BD-DA17V,JAPAN,PETROL,658.0,GAMPAHA,RECONDITIONED,2023.0,1,5BD-DA17V,EVEVRY
CAR,DAIHATSU,5BA-LA350S MIRA,JAPAN,PETROL,658.0,JAFFNA,RECONDITIONED,2025.0,1,5BA-LA350S,MIRA
CAR,MAZDA,5AA-MJ95S FLAIR,JAPAN,PETROL,658.0,MATARA,RECONDITIONED,2024.0,1,5AA-MJ95S,FLAIR
CAR,TOYOTA,5BA-M900A,JAPAN,PETROL,996.0,KALUTARA,RECONDITIONED,2025.0,1,5BA-M900A,ROOMY
CAR,TOYOTA,6AA-MXPJ10 YARIS,JAPAN,PETROL/ELE,1496.0,RATNAPURA,RECONDITIONED,2024.0,1,6AA-MXPJ10,YARIS
CAR,TOYOTA,5BA-A201A RAIZE,JAPAN,PETROL,1196.0,PUTTALAM,RECONDITIONED,2023.0,1,5BA-A201A,RAIZE
CAR,TOYOTA,5AA-A202A RAIZE,JAPAN,PETROL/ELE,1196.0,KEGALLE,RECONDITIONED,2025.0,1,5AA-A202A,RAIZE
CAR,TOYOTA,YARIS ATIVE,JAPAN,PETROL,1197.0,COLOMBO,RECONDITIONED,2025.0,1,,YARIS ATIVE
CAR,TOYOTA,A250RA-GBVV RAIZE,INDONESIA,PETROL,998.0,BATTICALOA,BRAND NEW,2025.0,1,,A250RA-GBVV RAIZE
CAR,TOYOTA,5BA-M900A ROOMY,JAPAN,PETROL,658.0,GAMPAHA,RECONDITIONED,2022.0,1,5BA-M900A,ROOMY
CAR,SUZUKI,4AA-MR52S HUSTLER,JAPAN,PETROL,658.0,KALUTARA,RECONDITIONED,2024.0,1,4AA-MR52S,HUSTLER
CAR,TOYOTA,3BA-A210A   RAIZE,JAPAN,PETROL,996.0,GALLE,RECONDITIONED,2024.0,1,3BA-A210A,RAIZE
CAR,MITSUBISHI,4AA-B35W  EK X,JAPAN,PETROL,658.0,KALUTARA,RECONDITIONED,2024.0,1,4AA-B35W,EK X
CAR,HONDA,6AA-RV5  VEZEL,JAPAN,PETROL/ELE,1496.0,KANDY,RECONDITIONED,2025.0,2,6AA-RV5,VEZEL
CAR,PORSCHE,911 CARRERA S S A,UNITED KINGDOM,PETROL,2981.0,COLOMBO,RECONDITIONED,2025.0,1,,911 CARRERA S S A
CAR,AVATR,AVATR II,CHINA,ELECTRIC,190.0,COLOMBO,BRAND NEW,2024.0,1,,AVATR II
CAR,DAIHATSU,3BD-S700V HIJET,JAPAN,PETROL,658.0,COLOMBO,RECONDITIONED,2023.0,1,3BD-S700V,HIJET
CAR,MITSUBISHI,5AA-B34W EK X,JAPAN,PETROL,660.0,GAMPAHA,RECONDITIONED,2023.0,1,5AA-B34W,EK X
CAR,NISSAN,5AA-B44W DAYZ,JAPAN,PETROL,658.0,KEGALLE,RECONDITIONED,2024.0,1,5AA-B44W,DAYZ
CAR,PERODUA,BEZZA,MALAYSIA,PETROL,998.0,MONERAGALA,BRAND NEW,2025.0,1,,BEZZA
CAR,TOYOTA,5AA-A202A  RAIZE,JAPAN,PETROL/ELE,1196.0,PUTTALAM,RECONDITIONED,2025.0,1,5AA-A202A,RAIZE
CAR,TOYOTA,5BA-A201A RAIZE,JAPAN,PETROL,1196.0,BATTICALOA,RECONDITIONED,2023.0,2,5BA-A201A,RAIZE
CAR,DAIHATSU,5BA-LA900S TAFT,JAPAN,PETROL,658.0,KALUTARA,RECONDITIONED,2025.0,1,5BA-LA900S,TAFT
CAR,VOLKSWAGEN,3BA-C1DKR,GERMANY,PETROL,996.0,KEGALLE,RECONDITIONED,2023.0,1,3BA-C1DKR,TCROSS
CAR,SUZUKI,3BA-HA37S ALTO,JAPAN,PETROL,650.0,COLOMBO,RECONDITIONED,2024.0,1,3BA-HA37S,ALTO
CAR,TOYOTA,5BA-MXPB10 YARIS,JAPAN,PETROL,1496.0,COLOMBO,RECONDITIONED,2024.0,1,5BA-MXPB10,YARIS
CAR,TOYOTA,URBAN CRUISER TAISOR,INDIA,PETROL,998.0,MATARA,RECONDITIONED,2024.0,1,,URBAN CRUISER TAISOR
CAR,NISSAN,5BA-B43W DAYZ,JAPAN,PETROL,656.0,KALUTARA,RECONDITIONED,2023.0,1,5BA-B43W,DAYZ
CAR,TOYOTA,5BA-A201A,JAPAN,PETROL,1196.0,COLOMBO,RECONDITIONED,2023.0,1,5BA-A201A,RAICE
CAR,DAIHATSU,5BA-LA350S MIRA  ES,JAPAN,PETROL,658.0,GAMPAHA,RECONDITIONED,2025.0,1,5BA-LA350S,MIRA  ES
CAR,BAW,E6,CHINA,ELECTRIC,25.0,COLOMBO,BRAND NEW,2025.0,1,,E6
CAR,SUZUKI,4AA-MK54S  SPACIA,JAPAN,PETROL,658.0,KURUNEGALA,RECONDITIONED,2025.0,1,4AA-MK54S,SPACIA
CAR,DAIHATSU,5BA-LA650S TANTO,JAPAN,PETROL,658.0,KANDY,RECONDITIONED,2025.0,1,5BA-LA650S,TANTO
CAR,SUZUKI,4AA-MH55S WAGON R,JAPAN,PETROL,658.0,KEGALLE,RECONDITIONED,2023.0,1,4AA-MH55S,WAGON R
CAR,NISSAN,5AA-B44A  ROOX,JAPAN,PETROL,650.0,BADULLA,RECONDITIONED,2023.0,1,5AA-B44A,ROOX
CAR,SUZUKI,5BA-MH85S WAGON R,JAPAN,PETROL,656.0,ANURADHAPURA,RECONDITIONED,2025.0,1,5BA-MH85S,WAGON R
CAR,DAIHATSU,5BA-LA350S  MIRA,JAPAN,PETROL,658.0,HAMBANTOTA,RECONDITIONED,2025.0,1,5BA-LA350S,MIRA
CAR,HONDA,6AA-RV5  VEZEL,JAPAN,PETROL/ELE,1496.0,GALLE,RECONDITIONED,2023.0,1,6AA-RV5,VEZEL
CAR,SUZUKI,5AA-MK94S  SPACIA,JAPAN,PETROL,650.0,KURUNEGALA,RECONDITIONED,2023.0,1,5AA-MK94S,SPACIA
CAR,DAIHATSU,5BA-LA350S MIRA ES,JAPAN,PETROL,658.0,GAMPAHA,RECONDITIONED,2023.0,1,5BA-LA350S,MIRA ES
CAR,SUZUKI,5AA-MH95S   WAGON R,JAPAN,PETROL,658.0,MATALE,RECONDITIONED,2024.0,1,5AA-MH95S,WAGON R
CAR,TOYOTA,5AA-A202A  RAIZE,JAPAN,PETROL/ELE,1196.0,KURUNEGALA,RECONDITIONED,2025.0,1,5AA-A202A,RAIZE
CAR,TOYOTA,6AA-ZWR90W VOXY,JAPAN,PETROL/ELE,1797.0,JAFFNA,RECONDITIONED,2025.0,1,6AA-ZWR90W,VOXY
CAR,DAIHATSU,5BA-LA350S MIRA,JAPAN,PETROL,658.0,MONERAGALA,RECONDITIONED,2023.0,1,5BA-LA350S,MIRA
CAR,TOYOTA,6AA-NKE165,JAPAN,PETROL/ELE,1496.0,COLOMBO,RECONDITIONED,2022.0,1,6AA-NKE165,AX10
CAR,TOYOTA,3BA-TRJ250W,JAPAN,PETROL,2698.0,GALLE,RECONDITIONED,2024.0,1,3BA-TRJ250W,VX
CAR,TOYOTA,3BA-A210A,JAPAN,PETROL,996.0,POLONNARUWA,RECONDITIONED,2023.0,1,3BA-A210A,RAIZE G
CAR,TOYOTA,5AA-A202A,JAPAN,ELECTRIC,78.0,HAMBANTOTA,RECONDITIONED,2025.0,1,5AA-A202A,RAIZE Z
CAR,TOYOTA,5AA-A202A   RAIZE,JAPAN,ELECTRIC,78.0,GALLE,RECONDITIONED,2024.0,1,5AA-A202A,RAIZE
CAR,TOYOTA,5AA-A202A RAIZE,JAPAN,PETROL/ELE,1196.0,GALLE,RECONDITIONED,2024.0,1,5AA-A202A,RAIZE
CAR,TOYOTA,3BA-A210A  RAIZE,JAPAN,PETROL,996.0,KILINOCHCHI,RECONDITIONED,2024.0,1,3BA-A210A,RAIZE
CAR,TOYOTA,5AA-A202A RAIZE,JAPAN,PETROL/ELE,1190.0,KANDY,RECONDITIONED,2025.0,2,5AA-A202A,RAIZE
CAR,TOYOTA,5BA-KSP210 YARIS,JAPAN,PETROL,996.0,RATNAPURA,RECONDITIONED,2022.0,2,5BA-KSP210,YARIS
CAR,SUZUKI,5AA-MH95S WAGON R,JAPAN,PETROL,658.0,KANDY,RECONDITIONED,2025.0,2,5AA-MH95S,WAGON R
CAR,NISSAN,5BA-B43W DAYZ,JAPAN,PETROL,656.0,KEGALLE,RECONDITIONED,2024.0,1,5BA-B43W,DAYZ
CAR,TOYOTA,6AA-MXPJ10 YARIS,JAPAN,PETROL/ELE,1490.0,COLOMBO,RECONDITIONED,2023.0,5,6AA-MXPJ10,YARIS
CAR,NISSAN,5BA-B43W DAYZ,JAPAN,PETROL,658.0,COLOMBO,RECONDITIONED,2023.0,6,5BA-B43W,DAYZ
CAR,TOYOTA,5BA-LA350A  PIXIS,JAPAN,PETROL,658.0,KURUNEGALA,RECONDITIONED,2022.0,1,5BA-LA350A,PIXIS
CAR,TOYOTA,3BA-A210A RAIZE,JAPAN,PETROL,998.0,PUTTALAM,RECONDITIONED,2025.0,1,3BA-A210A,RAIZE
CAR,SUZUKI,5AA-MK94S SPACIA,JAPAN,PETROL,658.0,PUTTALAM,RECONDITIONED,2024.0,3,5AA-MK94S,SPACIA
CAR,TOYOTA,ROOMY 4BA-M900A,JAPAN,PETROL,996.0,COLOMBO,RECONDITIONED,2022.0,1,,ROOMY 4BA-M900A
CAR,TOYOTA,5BA-M900A ROOMY,JAPAN,PETROL,996.0,BADULLA,RECONDITIONED,2023.0,2,5BA-M900A,ROOMY
CAR,TOYOTA,A250RA-GBVV RAIZE,INDONESIA,PETROL,998.0,KANDY,BRAND NEW,2025.0,21,,A250RA-GBVV RAIZE
CAR,SUZUKI,5BA-MH85S WAGON R,JAPAN,PETROL,658.0,GAMPAHA,RECONDITIONED,2024.0,22,5BA-MH85S,WAGON R
CAR,SUZUKI,5AA-MH95S WAGON R,JAPAN,PETROL,658.0,COLOMBO,RECONDITIONED,2024.0,21,5AA-MH95S,WAGON R
CAR,SUZUKI,5BA-MH85S WAGON R,JAPAN,PETROL,657.0,MONERAGALA,RECONDITIONED,2023.0,1,5BA-MH85S,WAGON R
CAR,TATA,CURVV,INDIA,PETROL,1199.0,COLOMBO,BRAND NEW,2025.0,7,,CURVV
CAR,BYD,SEALION 6 PREMIUM,CHINA,PETROL/ELE,1498.0,GAMPAHA,BRAND NEW,2025.0,9,,SEALION 6 PREMIUM
CAR,TOYOTA,5BA-KSP210 YARIS,JAPAN,PETROL,996.0,COLOMBO,RECONDITIONED,2022.0,14,5BA-KSP210,YARIS
CAR,DAIHATSU,5BA-LA350S  MIRA,JAPAN,PETROL,658.0,KALUTARA,RECONDITIONED,2024.0,1,5BA-LA350S,MIRA
CAR,DAIHATSU,5BA-M900S THOR,JAPAN,PETROL,996.0,KALUTARA,RECONDITIONED,2023.0,1,5BA-M900S,THOR
CAR,TOYOTA,5AA-A202A RAIZE,JAPAN,ELECTRIC,78.0,HAMBANTOTA,RECONDITIONED,2024.0,1,5AA-A202A,RAIZE
CAR,SUZUKI,5BD-DA17V EVERY,JAPAN,PETROL,658.0,GAMPAHA,RECONDITIONED,2024.0,9,5BD-DA17V,EVERY
CAR,TOYOTA,5AA-A202A RAIZE,JAPAN,ELECTRIC,78.0,COLOMBO,RECONDITIONED,2024.0,12,5AA-A202A,RAIZE
CAR,HONDA,6AA-RV5  VEZEL,JAPAN,PETROL/ELE,1496.0,COLOMBO,RECONDITIONED,2025.0,20,6AA-RV5,VEZEL
CAR,TOYOTA,5AA-A202A  RAIZE,JAPAN,PETROL/ELE,78.0,RATNAPURA,RECONDITIONED,2024.0,1,5AA-A202A,RAIZE
CAR,TOYOTA,3BA-A210A,JAPAN,PETROL,996.0,RATNAPURA,RECONDITIONED,2024.0,1,3BA-A210A,RAIZE G
CAR,SUZUKI,5AA-MH95S  WAGON R,JAPAN,PETROL,657.0,JAFFNA,RECONDITIONED,2022.0,1,5AA-MH95S,WAGON R
CAR,TOYOTA,5BA-KSP210,JAPAN,PETROL,996.0,JAFFNA,RECONDITIONED,2025.0,1,5BA-KSP210,Unknown
CAR,SUZUKI,3BA-HA37S ALTO,JAPAN,PETROL,658.0,COLOMBO,RECONDITIONED,2023.0,5,3BA-HA37S,ALTO
CAR,DAIHATSU,5BA-LA350S MIRA,JAPAN,PETROL,658.0,HAMBANTOTA,RECONDITIONED,2023.0,2,5BA-LA350S,MIRA
CAR,TOYOTA,A250RA-GBVV RAIZE,INDONESIA,PETROL,998.0,GALLE,BRAND NEW,2025.0,12,,A250RA-GBVV RAIZE
CAR,BYD,DOLPHIN-DYNAMIC49,CHINA,ELECTRIC,49.0,GALLE,BRAND NEW,2025.0,1,,DOLPHIN-DYNAMIC49
CAR,TOYOTA,3BA-TRJ250W,JAPAN,PETROL,2693.0,KANDY,RECONDITIONED,2024.0,5,3BA-TRJ250W,VX
CAR,TOYOTA,5AA-A202A RAIZE,JAPAN,ELECTRIC,78.0,KALUTARA,RECONDITIONED,2025.0,6,5AA-A202A,RAIZE
CAR,TOYOTA,3BA-A210A RAIZE,JAPAN,PETROL,996.0,KANDY,RECONDITIONED,2025.0,6,3BA-A210A,RAIZE
CAR,TOYOTA,5BA-A201A,JAPAN,PETROL,1198.0,COLOMBO,RECONDITIONED,2023.0,1,5BA-A201A,RAICE
CAR,SUZUKI,5AA-MH95S WAGON R,JAPAN,PETROL,650.0,MATARA,RECONDITIONED,2025.0,1,5AA-MH95S,WAGON R
CAR,NISSAN,MAGNITE TEKNA PLUS,INDIA,PETROL,999.0,HAMBANTOTA,BRAND NEW,2025.0,5,,MAGNITE TEKNA PLUS
CAR,SUZUKI,5BA-MH85S WAGON R,JAPAN,PETROL,658.0,AMPARA,RECONDITIONED,2024.0,2,5BA-MH85S,WAGON R
CAR,TOYOTA,53A-KSP210 YARIS,JAPAN,PETROL,996.0,GAMPAHA,RECONDITIONED,2023.0,1,53A-KSP210,YARIS
CAR,DAIHATSU,5AA-A202S ROCKY,JAPAN,PETROL/ELE,78.0,GAMPAHA,RECONDITIONED,2023.0,3,5AA-A202S,ROCKY
CAR,HYUNDAI,SANTAFE,SOUTH KOREA,PETROL/ELE,1598.0,COLOMBO,BRAND NEW,2025.0,10,,SANTAFE
CAR,SUZUKI,4AA-MN71S,JAPAN,PETROL,990.0,GAMPAHA,RECONDITIONED,2023.0,1,4AA-MN71S,X-BEE
CAR,TOYOTA,5BA-A201A RAIZE,JAPAN,PETROL,1196.0,AMPARA,RECONDITIONED,2024.0,2,5BA-A201A,RAIZE
CAR,DAIHATSU,5BA-LA900S TAFT,JAPAN,PETROL,658.0,MATARA,RECONDITIONED,2024.0,3,5BA-LA900S,TAFT
CAR,SUZUKI,5BD-DA17V  EVERY,JAPAN,PETROL,658.0,GALLE,RECONDITIONED,2024.0,1,5BD-DA17V,EVERY
CAR,TOYOTA,5BA-A201A RAIZE,JAPAN,PETROL,1196.0,MATARA,RECONDITIONED,2023.0,2,5BA-A201A,RAIZE
CAR,TOYOTA,4BA-M900A ROOMY,JAPAN,PETROL,996.0,GAMPAHA,RECONDITIONED,2023.0,3,4BA-M900A,ROOMY
CAR,TOYOTA,3BA-TRJ150W,JAPAN,PETROL,2693.0,GALLE,RECONDITIONED,2023.0,2,3BA-TRJ150W,TXL
CAR,TOYOTA,5BA-M900A ROOMY,JAPAN,PETROL,996.0,KURUNEGALA,RECONDITIONED,2022.0,6,5BA-M900A,ROOMY
CAR,NISSAN,MAGNITE N-CONNECTA,INDIA,PETROL,999.0,PUTTALAM,BRAND NEW,2025.0,3,,MAGNITE N-CONNECTA
CAR,SUZUKI,5BA-MH85S,JAPAN,PETROL,657.0,MATARA,RECONDITIONED,2024.0,1,5BA-MH85S,WAGONR
CAR,TOYOTA,5BA-M900A  ROOMY,JAPAN,PETROL,996.0,KALUTARA,RECONDITIONED,2024.0,1,5BA-M900A,ROOMY
CAR,DAIHATSU,5BA-M900S THOR,JAPAN,PETROL,996.0,RATNAPURA,RECONDITIONED,2023.0,1,5BA-M900S,THOR
CAR,DAIHATSU,5BA-LA350S MIRA ES,JAPAN,PETROL,658.0,POLONNARUWA,RECONDITIONED,2024.0,2,5BA-LA350S,MIRA ES
CAR,SUZUKI,3BA-DA17W EVERY,JAPAN,PETROL,658.0,KANDY,RECONDITIONED,2023.0,2,3BA-DA17W,EVERY
CAR,SUZUKI,5AA-HA97S ALTO,JAPAN,PETROL/ELE,658.0,COLOMBO,RECONDITIONED,2025.0,1,5AA-HA97S,ALTO
CAR,SUZUKI,5BD-DA17V EVERY,JAPAN,PETROL,658.0,RATNAPURA,RECONDITIONED,2025.0,1,5BD-DA17V,EVERY
CAR,SUZUKI,5BA-MH85S,JAPAN,PETROL,658.0,HAMBANTOTA,RECONDITIONED,2024.0,1,5BA-MH85S,WAGONR
CAR,TOYOTA,4BA-M900A ROOMY,JAPAN,PETROL,996.0,COLOMBO,RECONDITIONED,2025.0,4,4BA-M900A,ROOMY
CAR,HONDA,6AA-RV6 VEZEL,JAPAN,PETROL/ELE,1496.0,GAMPAHA,RECONDITIONED,2024.0,2,6AA-RV6,VEZEL
CAR,TOYOTA,5BA-KSP210  YARIS,JAPAN,PETROL,996.0,KILINOCHCHI,RECONDITIONED,2023.0,1,5BA-KSP210,YARIS
CAR,TOYOTA,5BA-KSP210 YARIS,JAPAN,PETROL,998.0,GAMPAHA,RECONDITIONED,2022.0,4,5BA-KSP210,YARIS
CAR,TOYOTA,5BA-M900A ROOMY,JAPAN,PETROL,996.0,AMPARA,RECONDITIONED,2024.0,1,5BA-M900A,ROOMY
CAR,TOYOTA,5BA-KSP210,JAPAN,PETROL,996.0,PUTTALAM,RECONDITIONED,2022.0,1,5BA-KSP210,Unknown
CAR,TOYOTA,URNAN CRUISER TAISOR,INDIA,PETROL,998.0,COLOMBO,RECONDITIONED,2025.0,1,,URNAN CRUISER TAISOR
CAR,MITSUBISHI,5BA-B33W EK WAGON,JAPAN,PETROL,658.0,MATARA,RECONDITIONED,2023.0,2,5BA-B33W,EK WAGON
CAR,NISSAN,5BD-DR17V   CLIPPER,JAPAN,PETROL,658.0,KURUNEGALA,RECONDITIONED,2023.0,1,5BD-DR17V,CLIPPER
CAR,SUBARU,5BA-LA350F PLEO PLUS,JAPAN,PETROL,658.0,KANDY,RECONDITIONED,2023.0,1,5BA-LA350F,PLEO PLUS
CAR,TOYOTA,5BA-M900A  ROOMY,JAPAN,PETROL,996.0,KURUNEGALA,RECONDITIONED,2023.0,1,5BA-M900A,ROOMY
CAR,SUZUKI,3BA-DA17W  EVERY,JAPAN,PETROL,658.0,KANDY,RECONDITIONED,2023.0,2,3BA-DA17W,EVERY
CAR,TOYOTA,5BA-M700A  PASSO,JAPAN,PETROL,996.0,KALUTARA,RECONDITIONED,2022.0,1,5BA-M700A,PASSO
CAR,NISSAN,3BD-DR17V CLIPPER,JAPAN,PETROL,658.0,GAMPAHA,RECONDITIONED,2023.0,1,3BD-DR17V,CLIPPER
CAR,TOYOTA,3BA-A210A RAIZE,JAPAN,PETROL,996.0,KEGALLE,RECONDITIONED,2024.0,3,3BA-A210A,RAIZE
CAR,TOYOTA,5BA-MZEA17  COROLLA,JAPAN,PETROL,1490.0,KANDY,RECONDITIONED,2023.0,1,5BA-MZEA17,COROLLA
CAR,TOYOTA,5BA-KSP210 YARIS,JAPAN,PETROL,996.0,GAMPAHA,RECONDITIONED,2022.0,6,5BA-KSP210,YARIS
CAR,TOYOTA,3BA-TRJ250W,JAPAN,PETROL,2693.0,KANDY,RECONDITIONED,2025.0,1,3BA-TRJ250W,VX
CAR,NISSAN,5BD-DR17V CLIPPER,JAPAN,PETROL,658.0,KURUNEGALA,RECONDITIONED,2023.0,1,5BD-DR17V,CLIPPER
CAR,MERCEDES BENZ,EQS 450 4 MATIC,U.S.A,ELECTRIC,265.0,COLOMBO,BRAND NEW,2025.0,1,,EQS 450 4 MATIC
CAR,SUZUKI,3BA-DA17V EVERY,JAPAN,PETROL,658.0,BADULLA,RECONDITIONED,2023.0,1,3BA-DA17V,EVERY
CAR,TOYOTA,6AA-MXPJ10  YARIS,JAPAN,PETROL/ELE,1496.0,KANDY,RECONDITIONED,2023.0,1,6AA-MXPJ10,YARIS
CAR,TOYOTA,5BA-KSP210  YARIS,JAPAN,PETROL,996.0,COLOMBO,RECONDITIONED,2023.0,4,5BA-KSP210,YARIS
CAR,PERODUA,AXIA CG1GZ,MALAYSIA,PETROL,998.0,RATNAPURA,BRAND NEW,2025.0,1,,AXIA CG1GZ
CAR,TOYOTA,4BA-M900A ROOMY,JAPAN,PETROL,996.0,BADULLA,RECONDITIONED,2024.0,1,4BA-M900A,ROOMY
CAR,HONDA,6AA-RV5  VEZEL,JAPAN,PETROL/ELE,1490.0,GAMPAHA,RECONDITIONED,2025.0,1,6AA-RV5,VEZEL
CAR,TOYOTA,5BA-KSP210  YARIS,JAPAN,PETROL,996.0,JAFFNA,RECONDITIONED,2025.0,1,5BA-KSP210,YARIS
CAR,LAND ROVER,3BA-LE72XAA DEFENDER,UNITED KINGDOM,PETROL,1996.0,COLOMBO,RECONDITIONED,2023.0,1,3BA-LE72XAA,DEFENDER
CAR,SUZUKI,4AA-MH55S WAGON R,JAPAN,PETROL,658.0,POLONNARUWA,RECONDITIONED,2023.0,1,4AA-MH55S,WAGON R
CAR,TOYOTA,5AA-A202A RAIZE,JAPAN,PETROL/ELE,78.0,JAFFNA,RECONDITIONED,2025.0,5,5AA-A202A,RAIZE
CAR,LAND ROVER,3BA-LE72XCA,UNITED KINGDOM,PETROL,1997.0,PUTTALAM,RECONDITIONED,2023.0,1,3BA-LE72XCA,DEFENDER
CAR,NISSAN,5BD-DA17 CLIPPER,JAPAN,PETROL,658.0,GAMPAHA,RECONDITIONED,2024.0,1,5BD-DA17,CLIPPER
CAR,HONDA,6AA-RV5,JAPAN,PETROL/ELE,1496.0,KALUTARA,RECONDITIONED,2023.0,1,6AA-RV5,VEVEL
CAR,SUZUKI,3BA-JB64W JIMNY,JAPAN,PETROL,658.0,GALLE,RECONDITIONED,2024.0,1,3BA-JB64W,JIMNY
CAR,TOYOTA,5BA-KSP210  YARIS,JAPAN,PETROL,996.0,KURUNEGALA,RECONDITIONED,2022.0,1,5BA-KSP210,YARIS
CAR,TOYOTA,6AA-MX9J10 YARIS,JAPAN,PETROL/ELE,1490.0,KURUNEGALA,RECONDITIONED,2024.0,1,6AA-MX9J10,YARIS
CAR,TOYOTA,5BA-KSP210 YARIS,JAPAN,PETROL,996.0,JAFFNA,RECONDITIONED,2025.0,5,5BA-KSP210,YARIS
CAR,SUZUKI,5BD-DA17V EVERY,JAPAN,PETROL,656.0,ANURADHAPURA,RECONDITIONED,2024.0,1,5BD-DA17V,EVERY
CAR,HONDA,6BA-JF3 N BOX,JAPAN,PETROL,658.0,COLOMBO,RECONDITIONED,2023.0,1,6BA-JF3,N BOX
CAR,HONDA,6AA-RV5 VEZEL,JAPAN,PETROL/ELE,1496.0,MONERAGALA,RECONDITIONED,2025.0,3,6AA-RV5,VEZEL
CAR,NISSAN,5AA-B44W DAYZ,JAPAN,PETROL,659.0,GAMPAHA,RECONDITIONED,2024.0,1,5AA-B44W,DAYZ
CAR,TOYOTA,3BA-A210A,JAPAN,PETROL,996.0,GAMPAHA,RECONDITIONED,2023.0,2,3BA-A210A,RAIZE G
CAR,NISSAN,5AA-B44A  ROOX,JAPAN,PETROL,658.0,MATALE,RECONDITIONED,2023.0,1,5AA-B44A,ROOX
CAR,TOYOTA,3BA-TRJ250W,JAPAN,PETROL,2690.0,KURUNEGALA,RECONDITIONED,2024.0,1,3BA-TRJ250W,VX
CAR,PERODUA,BEZZA,MALAYSIA,PETROL,998.0,COLOMBO,BRAND NEW,,1,,BEZZA
CAR,NISSAN,5BA-B43W DAYZ,JAPAN,PETROL,659.0,GALLE,RECONDITIONED,2024.0,1,5BA-B43W,DAYZ
CAR,TOYOTA,5BA-KSP210  YARIS,JAPAN,PETROL,996.0,RATNAPURA,RECONDITIONED,2024.0,1,5BA-KSP210,YARIS
CAR,TOYOTA,5AA-A202A  RAIZE,JAPAN,ELECTRIC,78.0,GAMPAHA,RECONDITIONED,2023.0,2,5AA-A202A,RAIZE
CAR,HONDA,6AA-RV5 VEZEL,JAPAN,PETROL/ELE,1498.0,KALUTARA,RECONDITIONED,2023.0,1,6AA-RV5,VEZEL
CAR,TOYOTA,5BA-KSP210   YARIS,JAPAN,PETROL,990.0,KALUTARA,RECONDITIONED,2022.0,1,5BA-KSP210,YARIS
CAR,DAIHATSU,5BA-LA900S TAFT,JAPAN,PETROL,568.0,COLOMBO,RECONDITIONED,2024.0,1,5BA-LA900S,TAFT
CAR,TOYOTA,URBAN CRUISER HYRYDR,INDIA,PETROL/ELE,1490.0,COLOMBO,RECONDITIONED,2025.0,1,,URBAN CRUISER HYRYDR
CAR,HONDA,6BA- JF5  N BOX,JAPAN,PETROL,658.0,NUWARA-ELIYA,RECONDITIONED,2025.0,1,,6BA- JF5  N BOX
CAR,HYUNDAI,SANTAFE,SOUTH KOREA,PETROL/ELE,1598.0,KURUNEGALA,BRAND NEW,2025.0,1,,SANTAFE
CAR,TOYOTA,5BA-KSP210  YARIS,JAPAN,PETROL,996.0,GALLE,RECONDITIONED,2023.0,3,5BA-KSP210,YARIS
CAR,BYD,SEALION 6 SUPERIOR,CHINA,PETROL/ELE,1498.0,VAVUNIYA,BRAND NEW,2025.0,2,,SEALION 6 SUPERIOR
CAR,DAIHATSU,5BA-LA900S  TAFT,JAPAN,PETROL,658.0,COLOMBO,RECONDITIONED,2024.0,2,5BA-LA900S,TAFT
CAR,TOYOTA,5AA-A202A RAIZE,JAPAN,PETROL/ELE,1196.0,KANDY,RECONDITIONED,2022.0,1,5AA-A202A,RAIZE
CAR,SUZUKI,FRONX,INDIA,PETROL,998.0,JAFFNA,BRAND NEW,2025.0,2,,FRONX
CAR,TOYOTA,5AA-A202A  RAIZE,JAPAN,ELECTRIC,78.0,TRINCOMALEE,RECONDITIONED,2025.0,1,5AA-A202A,RAIZE
CAR,AUDI,3AA-GYDLA A3,GERMANY,PETROL,996.0,COLOMBO,RECONDITIONED,2023.0,2,3AA-GYDLA,A3
CAR,TOYOTA,6AA-ZWR90W VOXY,JAPAN,PETROL/ELE,1797.0,KANDY,RECONDITIONED,2022.0,1,6AA-ZWR90W,VOXY
CAR,SUZUKI,5AA-MH95S WAGON R,JAPAN,PETROL,658.0,KILINOCHCHI,RECONDITIONED,2023.0,1,5AA-MH95S,WAGON R
CAR,SUZUKI,5BD-MH85S WAGON R,JAPAN,PETROL,658.0,KALUTARA,RECONDITIONED,2023.0,1,5BD-MH85S,WAGON R
CAR,DAIHATSU,5BA-LA900S TAFT,JAPAN,PETROL,658.0,GALLE,RECONDITIONED,2024.0,3,5BA-LA900S,TAFT
CAR,NISSAN,4AA-B45W DAYZ,JAPAN,PETROL,658.0,AMPARA,RECONDITIONED,2023.0,2,4AA-B45W,DAYZ
CAR,TOYOTA,6AA-MXPJ10 YARIS,JAPAN,PETROL/ELE,1490.0,KALUTARA,RECONDITIONED,2025.0,1,6AA-MXPJ10,YARIS
CAR,TOYOTA,5AA-A202A RAIZE,JAPAN,ELECTRIC,78.0,JAFFNA,RECONDITIONED,2024.0,1,5AA-A202A,RAIZE
CAR,TOYOTA,6AA-ZVG13 COROLLA,JAPAN,PETROL/ELE,1797.0,GALLE,RECONDITIONED,2025.0,1,6AA-ZVG13,COROLLA
CAR,TOYOTA,3BA-A210A RAIZE,JAPAN,PETROL,996.0,ANURADHAPURA,RECONDITIONED,2023.0,2,3BA-A210A,RAIZE
CAR,TOYOTA,3BA-NGX10  C-HR,JAPAN,PETROL,1196.0,COLOMBO,RECONDITIONED,2023.0,1,3BA-NGX10,C-HR
CAR,TOYOTA,3BA-A210A  RAIZE,JAPAN,PETROL,996.0,COLOMBO,RECONDITIONED,2024.0,2,3BA-A210A,RAIZE
CAR,TOYOTA,3BA-A210A RAIZE,JAPAN,PETROL,996.0,RATNAPURA,RECONDITIONED,2023.0,3,3BA-A210A,RAIZE
CAR,HONDA,6AA-RV5,JAPAN,PETROL/ELE,1496.0,KURUNEGALA,RECONDITIONED,2024.0,1,6AA-RV5,VEVEL
CAR,SUZUKI,3BA-DA17W EVERY,JAPAN,PETROL,658.0,MATARA,RECONDITIONED,2024.0,1,3BA-DA17W,EVERY
CAR,MERCEDES BENZ,5AA-206042C C200,GERMANY,PETROL,1494.0,COLOMBO,RECONDITIONED,2023.0,2,5AA-206042C,C200
CAR,TOYOTA,5AA-A202A,JAPAN,PETROL/ELE,78.0,MATARA,RECONDITIONED,2023.0,1,5AA-A202A,RAIZE Z
CAR,TOYOTA,3DA-FJA300W,JAPAN,DIESEL,3344.0,KALUTARA,RECONDITIONED,2024.0,1,3DA-FJA300W,Unknown
CAR,NISSAN,5AA-B44W DAYZ,JAPAN,PETROL,658.0,NUWARA-ELIYA,RECONDITIONED,2023.0,1,5AA-B44W,DAYZ
CAR,B.M.W.,3AA-12FJ20 523I M,GERMANY,PETROL,1998.0,GAMPAHA,RECONDITIONED,2024.0,1,3AA-12FJ20,523I M
CAR,LAND ROVER,RANGE ROVER,UNITED KINGDOM,PETROL/ELE,1498.0,COLOMBO,RECONDITIONED,2024.0,1,,RANGE ROVER
CAR,SUZUKI,5BD-DA17V,JAPAN,PETROL,658.0,COLOMBO,RECONDITIONED,2023.0,1,5BD-DA17V,EVEVRY
CAR,DAIHATSU,5BA-LA910S  TAFT,JAPAN,PETROL,658.0,KEGALLE,RECONDITIONED,2024.0,1,5BA-LA910S,TAFT
CAR,NISSAN,5AA-B44A,JAPAN,PETROL,659.0,KEGALLE,RECONDITIONED,2023.0,1,5AA-B44A,ROOX
CAR,MITSUBISHI,NC1WXRPGRV1,INDONESIA,PETROL,1499.0,COLOMBO,BRAND NEW,2025.0,4,,NC1WXRPGRV1
CAR,TOYOTA,5BA-A201A RAIZE,JAPAN,PETROL,1196.0,GAMPAHA,RECONDITIONED,2025.0,4,5BA-A201A,RAIZE
CAR,SUZUKI,3BA-DA17W EVERY,JAPAN,PETROL,658.0,GAMPAHA,RECONDITIONED,2024.0,2,3BA-DA17W,EVERY
CAR,TOYOTA,5BA-KSP210 YARIS,JAPAN,PETROL,996.0,ANURADHAPURA,RECONDITIONED,2024.0,1,5BA-KSP210,YARIS
CAR,TOYOTA,3BA-A210A RAIZE,JAPAN,PETROL,996.0,AMPARA,RECONDITIONED,2025.0,1,3BA-A210A,RAIZE
CAR,TOYOTA,3BA-A210A RAIZE,JAPAN,PETROL,998.0,GAMPAHA,RECONDITIONED,2023.0,1,3BA-A210A,RAIZE
CAR,TOYOTA,6AA-MXPJ10 YARIS,JAPAN,PETROL/ELE,1496.0,KILINOCHCHI,RECONDITIONED,2024.0,1,6AA-MXPJ10,YARIS
CAR,SUZUKI,4AA-MK54S,JAPAN,PETROL,658.0,VAVUNIYA,RECONDITIONED,2024.0,1,4AA-MK54S,HYBRID XS
CAR,SUZUKI,3BD-DA17W EVERY,JAPAN,PETROL,658.0,PUTTALAM,RECONDITIONED,2025.0,1,3BD-DA17W,EVERY
CAR,SUZUKI,4AA-MH53S SPACIA,JAPAN,PETROL,658.0,GALLE,RECONDITIONED,2023.0,1,4AA-MH53S,SPACIA
CAR,DAIHATSU,5BA-LA900S TAFT,JAPAN,PETROL,658.0,KANDY,RECONDITIONED,2024.0,3,5BA-LA900S,TAFT
CAR,TOYOTA,YARISS CROSS,THAILAND,PETROL/ELE,1496.0,COLOMBO,RECONDITIONED,2025.0,1,,YARISS CROSS
CAR,TOYOTA,3BA-A210 A  RAIZE,JAPAN,PETROL,996.0,GAMPAHA,RECONDITIONED,2025.0,1,3BA-A210,A  RAIZE
CAR,HONDA,6AA-RV5 VEZEL,JAPAN,PETROL/ELE,1490.0,KURUNEGALA,RECONDITIONED,2023.0,1,6AA-RV5,VEZEL
CAR,SUZUKI,5BDDA17V,JAPAN,PETROL,658.0,GALLE,RECONDITIONED,2023.0,1,,5BDDA17V
CAR,NISSAN,ALMERA VL,THAILAND,PETROL,999.0,RATNAPURA,RECONDITIONED,2025.0,1,,ALMERA VL
CAR,TOYOTA,NYC200R-DHXHBF,INDONESIA,PETROL/ELE,1496.0,GAMPAHA,BRAND NEW,2025.0,5,,NYC200R-DHXHBF
CAR,SUZUKI,5BD-DA17V EVERY,JAPAN,PETROL,656.0,KALUTARA,RECONDITIONED,2023.0,1,5BD-DA17V,EVERY
CAR,TOYOTA,5BA-KSP210,JAPAN,PETROL,996.0,ANURADHAPURA,RECONDITIONED,2023.0,1,5BA-KSP210,Unknown
CAR,NISSAN,4AA-B45A ROOX,JAPAN,PETROL,658.0,PUTTALAM,RECONDITIONED,2023.0,1,4AA-B45A,ROOX
CAR,SUZUKI,5BD-DA17V EVERY,JAPAN,PETROL,658.0,HAMBANTOTA,RECONDITIONED,2023.0,3,5BD-DA17V,EVERY
CAR,NISSAN,4AA-B45W DAYZ,JAPAN,PETROL,658.0,GALLE,RECONDITIONED,2023.0,1,4AA-B45W,DAYZ
CAR,SUZUKI,5AA-MK94S SPACIA,JAPAN,PETROL,657.0,GAMPAHA,RECONDITIONED,2024.0,3,5AA-MK94S,SPACIA
CAR,DAIHATSU,5BA-LA350S,JAPAN,PETROL,658.0,KALUTARA,RECONDITIONED,2024.0,1,5BA-LA350S,MIRA  E S
CAR,DFSK,DXK6470AS4H-I-AUTO,SRI LANKA,PETROL,1498.0,VAVUNIYA,BRAND NEW-L/ASSEMBLE,2025.0,1,,DXK6470AS4H-I-AUTO
CAR,TOYOTA,3BA-TRJ250W,JAPAN,PETROL,2693.0,KEGALLE,RECONDITIONED,2024.0,2,3BA-TRJ250W,VX
CAR,LAND ROVER,RANGE ROVER P460E,UNITED KINGDOM,PETROL/ELE,2996.0,BADULLA,RECONDITIONED,2025.0,1,,RANGE ROVER P460E
CAR,LEXUS,6AA-MAYH10 LBX,JAPAN,PETROL/ELE,1496.0,COLOMBO,RECONDITIONED,2024.0,3,6AA-MAYH10,LBX
CAR,SUZUKI,4AA-MK54S SPACIA,JAPAN,PETROL,658.0,COLOMBO,RECONDITIONED,2025.0,5,4AA-MK54S,SPACIA
CAR,TOYOTA,6BA-MXUA80 HARRIER,JAPAN,PETROL,1986.0,KANDY,RECONDITIONED,2025.0,1,6BA-MXUA80,HARRIER
CAR,TOYOTA,5BA-A201A RAIZE,JAPAN,PETROL,1198.0,COLOMBO,RECONDITIONED,2023.0,1,5BA-A201A,RAIZE
CAR,HONDA,6AA-RV5,JAPAN,PETROL/ELE,1496.0,KANDY,RECONDITIONED,2022.0,1,6AA-RV5,VEVEL
CAR,TOYOTA,6AA-MHPJ10 YARIS,JAPAN,PETROL/ELE,1496.0,GAMPAHA,RECONDITIONED,2024.0,1,6AA-MHPJ10,YARIS
CAR,TOYOTA,5AA-A202A RAIZE,JAPAN,PETROL/ELE,78.0,KANDY,RECONDITIONED,2022.0,2,5AA-A202A,RAIZE
CAR,SUZUKI,4AA-MKI54S SPALI,JAPAN,PETROL,658.0,KURUNEGALA,RECONDITIONED,2025.0,1,4AA-MKI54S,SPALI
CAR,NISSAN,5AA-B44A,JAPAN,PETROL,658.0,COLOMBO,RECONDITIONED,2024.0,2,5AA-B44A,ROOX
CAR,TOYOTA,5BA-A201A,JAPAN,PETROL,1196.0,COLOMBO,RECONDITIONED,2024.0,1,5BA-A201A,RAICE
CAR,TOYOTA,6AA-MXPJ10,JAPAN,PETROL/ELE,1496.0,KEGALLE,RECONDITIONED,2024.0,1,6AA-MXPJ10,CROSS
CAR,TOYOTA,5BA-M900A ROOMY,JAPAN,PETROL,996.0,MONERAGALA,RECONDITIONED,2025.0,1,5BA-M900A,ROOMY
CAR,TOYOTA,5BA-M900A ROOMY,JAPAN,PETROL,996.0,MATARA,RECONDITIONED,2024.0,2,5BA-M900A,ROOMY
CAR,TOYOTA,WIGO A350RA GBNE,INDONESIA,PETROL,998.0,MATARA,BRAND NEW,2025.0,1,,WIGO A350RA GBNE
CAR,DAIHATSU,5BA-LA900S TAFT,JAPAN,PETROL,658.0,HAMBANTOTA,RECONDITIONED,2024.0,1,5BA-LA900S,TAFT
CAR,SUZUKI,5BA-MH85S  WAGON R,JAPAN,PETROL,658.0,KALUTARA,RECONDITIONED,2024.0,1,5BA-MH85S,WAGON R
CAR,CHERY,TIGGO 4 PRO,SRI LANKA,PETROL,1498.0,JAFFNA,BRAND NEW-L/ASSEMBLE,2025.0,1,,TIGGO 4 PRO
CAR,TOYOTA,5AA-A202A RAIZE,JAPAN,PETROL/ELE,1200.0,MATARA,RECONDITIONED,2025.0,1,5AA-A202A,RAIZE
CAR,SUZUKI,4AA-MH55S WAGON R,JAPAN,PETROL,658.0,KANDY,RECONDITIONED,2023.0,1,4AA-MH55S,WAGON R
CAR,NISSAN,4AA-B45W DAYS,JAPAN,PETROL,658.0,RATNAPURA,RECONDITIONED,2024.0,1,4AA-B45W,DAYS
CAR,TOYOTA,3BA-A210ARAIZE,JAPAN,PETROL,996.0,COLOMBO,RECONDITIONED,2024.0,1,3BA-A210ARAIZE,Unknown
CAR,DAIHATSU,5BA-LA660S,JAPAN,PETROL,658.0,MATARA,RECONDITIONED,2024.0,1,5BA-LA660S,Unknown
CAR,MITSUBISHI,5BA-B33W WAGON EK,JAPAN,PETROL,658.0,COLOMBO,RECONDITIONED,2024.0,1,5BA-B33W,WAGON EK
CAR,SUZUKI,5AA-MK94S SPACIA,JAPAN,PETROL,658.0,KEGALLE,RECONDITIONED,2024.0,2,5AA-MK94S,SPACIA
CAR,SUZUKI,5BD-DA17V,JAPAN,PETROL,658.0,PUTTALAM,RECONDITIONED,2023.0,1,5BD-DA17V,EVEVRY
CAR,TOYOTA,4BA-M900A ROOMY,JAPAN,PETROL,996.0,JAFFNA,RECONDITIONED,2023.0,1,4BA-M900A,ROOMY
CAR,SUZUKI,3BA-DA17W,JAPAN,PETROL,658.0,NUWARA-ELIYA,RECONDITIONED,2023.0,1,3BA-DA17W,EVREY
CAR,NISSAN,5BA-B43W,JAPAN,PETROL,658.0,GAMPAHA,RECONDITIONED,2024.0,1,5BA-B43W,DAYS
CAR,BYD,ATTO-3-SUPERIOR,CHINA,ELECTRIC,100.0,MATALE,BRAND NEW,2025.0,2,ATTO-3-SUPERIOR,Unknown
CAR,MINI,COUNTRY MAN SPORT C,UNITED KINGDOM,PETROL,1499.0,COLOMBO,RECONDITIONED,2025.0,1,,COUNTRY MAN SPORT C
CAR,TOYOTA,4BA-M900A ROOMY,JAPAN,PETROL,996.0,KURUNEGALA,RECONDITIONED,2024.0,1,4BA-M900A,ROOMY
CAR,HONDA, CITY  RS,THAILAND,PETROL,988.0,COLOMBO,RECONDITIONED,2025.0,1,,CITY  RS
CAR,NISSAN,5BA-B43W DAYS,JAPAN,PETROL,656.0,KALUTARA,RECONDITIONED,2023.0,1,5BA-B43W,DAYS
CAR,SUZUKI,5AA-MH95S WAGON R,JAPAN,PETROL,658.0,TRINCOMALEE,RECONDITIONED,2023.0,2,5AA-MH95S,WAGON R
CAR,TOYOTA,6AA-MXPJ10 YARIS,JAPAN,PETROL/ELE,1496.0,VAVUNIYA,RECONDITIONED,2024.0,1,6AA-MXPJ10,YARIS
CAR,SUZUKI,5AA-MH95S,JAPAN,PETROL,658.0,GALLE,RECONDITIONED,2024.0,1,5AA-MH95S,WOGON R
CAR,TOYOTA,5BA-A201A RAIZE,JAPAN,PETROL,1196.0,POLONNARUWA,RECONDITIONED,2024.0,1,5BA-A201A,RAIZE
CAR,NISSAN,5BA-B46W,JAPAN,PETROL,658.0,GAMPAHA,RECONDITIONED,2023.0,1,5BA-B46W,Unknown
CAR,TOYOTA,4BA-900A ROOMY,JAPAN,PETROL,996.0,PUTTALAM,RECONDITIONED,2024.0,1,4BA-900A,ROOMY
CAR,DAIHATSU,5BA-LA350S,JAPAN,PETROL,658.0,KALUTARA,RECONDITIONED,2023.0,2,5BA-LA350S,MIRA  E S
CAR,HONDA,6BA-JF3,JAPAN,PETROL,658.0,GAMPAHA,RECONDITIONED,2022.0,1,6BA-JF3,N-BOX CUSTOM
CAR,TOYOTA,6AA-MXPJ10  YARIS,JAPAN,PETROL/ELE,1496.0,PUTTALAM,RECONDITIONED,2022.0,1,6AA-MXPJ10,YARIS
CAR,SUZUKI,5BA-MH85S WAGON R,JAPAN,PETROL,656.0,BADULLA,RECONDITIONED,2024.0,1,5BA-MH85S,WAGON R
CAR,TOYOTA,TAISOR,INDIA,PETROL,998.0,KALUTARA,RECONDITIONED,2025.0,1,,TAISOR
CAR,DONG FENG,FRIDAY EV,CHINA,ELECTRIC,99.0,GAMPAHA,BRAND NEW,2025.0,1,,FRIDAY EV
CAR,NISSAN,MAGNITE ACENTA BR10,INDIA,PETROL,999.0,POLONNARUWA,BRAND NEW,2025.0,3,,MAGNITE ACENTA BR10
CAR,NISSAN,MAGNITE N-CONNECTA,INDIA,PETROL,999.0,AMPARA,BRAND NEW,2025.0,1,,MAGNITE N-CONNECTA
CAR,LAND ROVER,DEFENDER 110X,UNITED KINGDOM,PETROL/ELE,1997.0,COLOMBO,RECONDITIONED,2025.0,1,,DEFENDER 110X
CAR,TOYOTA,3BA-A210 A RAIZE,JAPAN,PETROL,996.0,COLOMBO,RECONDITIONED,2024.0,1,3BA-A210,A RAIZE
CAR,TOYOTA,6AA-MXPJ10 YARIS,JAPAN,PETROL/ELE,1496.0,GALLE,RECONDITIONED,2023.0,3,6AA-MXPJ10,YARIS
CAR,TOYOTA,5BA-KSP210 YARIS,JAPAN,PETROL,996.0,KURUNEGALA,RECONDITIONED,2025.0,1,5BA-KSP210,YARIS
CAR,DAIHATSU,5BA-LA900S TAFT,JAPAN,PETROL,658.0,MATARA,RECONDITIONED,2025.0,1,5BA-LA900S,TAFT
CAR,HONDA,RV589SJNX  HR-V,THAILAND,PETROL/ELE,1496.0,GAMPAHA,BRAND NEW,2025.0,1,,RV589SJNX  HR-V
CAR,TOYOTA,5BK-KSP210 YARIS,JAPAN,PETROL,996.0,KALUTARA,RECONDITIONED,2025.0,1,5BK-KSP210,YARIS
CAR,SUZUKI,5BA-MH85S  WAGON R,JAPAN,PETROL,658.0,BATTICALOA,RECONDITIONED,2024.0,1,5BA-MH85S,WAGON R
CAR,SUZUKI,5BA-MH85S WAGON R,JAPAN,PETROL,657.0,JAFFNA,RECONDITIONED,2024.0,2,5BA-MH85S,WAGON R
CAR,NISSAN,5AA-B44W DAYZ,JAPAN,PETROL,658.0,POLONNARUWA,RECONDITIONED,2023.0,1,5AA-B44W,DAYZ
CAR,SUZUKI,5BA-MH85S,JAPAN,PETROL,658.0,MATARA,RECONDITIONED,2024.0,1,5BA-MH85S,WAGONR
CAR,TOYOTA,5BA-A201A RAIZE,JAPAN,PETROL,1196.0,KALUTARA,RECONDITIONED,2024.0,1,5BA-A201A,RAIZE
CAR,TOYOTA,3BA-VJA300WL.CRUISER,JAPAN,PETROL,3444.0,KANDY,RECONDITIONED,2023.0,1,3BA-VJA300WL,.CRUISER
CAR,SUZUKI,5AA-HA97S ALTO,JAPAN,PETROL,658.0,GAMPAHA,RECONDITIONED,2024.0,1,5AA-HA97S,ALTO
CAR,MERCEDES BENZ,5BA-247684M GLB 35,GERMANY,PETROL,1332.0,COLOMBO,RECONDITIONED,2023.0,1,5BA-247684M,GLB 35
CAR,HONDA,6AA-RV5,JAPAN,PETROL/ELE,1496.0,GALLE,RECONDITIONED,2024.0,1,6AA-RV5,VEVEL
CAR,TOYOTA,5BA-KSP210 YARIS,JAPAN,PETROL,996.0,AMPARA,RECONDITIONED,2025.0,1,5BA-KSP210,YARIS
CAR,MERCEDES BENZ,GLS 450 4MATIC,UNITED KINGDOM,DIESEL,2989.0,KALUTARA,RECONDITIONED,2024.0,1,,GLS 450 4MATIC
CAR,TOYOTA,5AA-A202A  RAIZE,JAPAN,ELECTRIC,78.0,GALLE,RECONDITIONED,2025.0,1,5AA-A202A,RAIZE
CAR,MAZDA,3BA-HB37S CAROL,JAPAN,PETROL,658.0,POLONNARUWA,RECONDITIONED,2024.0,1,3BA-HB37S,CAROL
CAR,TOYOTA,3BA-A210A,JAPAN,PETROL,996.0,MATARA,RECONDITIONED,2022.0,1,3BA-A210A,RAIZE G
CAR,NISSAN,MAGNITE TEKNA PLUS,INDIA,PETROL,999.0,PUTTALAM,BRAND NEW,2025.0,2,,MAGNITE TEKNA PLUS
CAR,MERCEDES BENZ,4AA-21450C E200,GERMANY,PETROL,1997.0,GAMPAHA,RECONDITIONED,2023.0,1,4AA-21450C,E200
CAR,TOYOTA,5BA-MZEA 17 COROLLA,JAPAN,PETROL,1496.0,KALUTARA,RECONDITIONED,2022.0,1,5BA-MZEA,17 COROLLA
CAR,MITSUBISHI,XPENDER CROSS,INDONESIA,PETROL,1499.0,COLOMBO,BRAND NEW,2025.0,1,,XPENDER CROSS
CAR,TOYOTA,6AA-MXPJ10 YARIS,JAPAN,PETROL/ELE,1496.0,MATARA,RECONDITIONED,2024.0,1,6AA-MXPJ10,YARIS
CAR,TOYOTA,5AA-A202A,JAPAN,ELECTRIC,78.0,KEGALLE,RECONDITIONED,2025.0,1,5AA-A202A,RAIZE Z
CAR,TOYOTA,5AA-A202A,JAPAN,ELECTRIC,78.0,KEGALLE,RECONDITIONED,2024.0,1,5AA-A202A,RAIZE Z
CAR,TOYOTA,6AA-ZWR900W VOXY,JAPAN,PETROL/ELE,1797.0,COLOMBO,RECONDITIONED,2024.0,1,6AA-ZWR900W,VOXY
CAR,TOYOTA,5BA-M900A ROOMY,JAPAN,PETROL,996.0,GALLE,RECONDITIONED,2025.0,1,5BA-M900A,ROOMY
CAR,SUZUKI,5AA-MK53S SPACIA,JAPAN,PETROL,658.0,TRINCOMALEE,RECONDITIONED,2023.0,1,5AA-MK53S,SPACIA
CAR,TOYOTA,5BA-VJA300W,JAPAN,PETROL,3444.0,GAMPAHA,RECONDITIONED,2025.0,1,5BA-VJA300W,Unknown
CAR,TOYOTA,6AA-MXPJ10 YARIS,JAPAN,PETROL/ELE,1490.0,MATARA,RECONDITIONED,2023.0,1,6AA-MXPJ10,YARIS
CAR,KIA,SONET,JAPAN,PETROL,998.0,COLOMBO,RECONDITIONED,2025.0,1,,SONET
CAR,DAIHATSU,5BA-LA900S TAFT,JAPAN,PETROL,658.0,KANDY,RECONDITIONED,2025.0,1,5BA-LA900S,TAFT
CAR,MITSUBISHI,3BD-DS17V MINI CAB,JAPAN,PETROL,658.0,COLOMBO,RECONDITIONED,2023.0,1,3BD-DS17V,MINI CAB
CAR,LAND ROVER,DEFENDER HSE,UNITED KINGDOM,PETROL/ELE,1997.0,COLOMBO,RECONDITIONED,2025.0,1,,DEFENDER HSE
CAR,NISSAN,5AA-B44A ROOX,JAPAN,PETROL,660.0,PUTTALAM,RECONDITIONED,2023.0,1,5AA-B44A,ROOX
CAR,SUZUKI,5BA-MH85 WAGON R,JAPAN,PETROL,658.0,AMPARA,RECONDITIONED,2024.0,1,5BA-MH85,WAGON R
CAR,DAIHATSU,5BA-LA350S MIRA,JAPAN,PETROL,658.0,POLONNARUWA,RECONDITIONED,2023.0,2,5BA-LA350S,MIRA
CAR,TOYOTA,5BA-LA350A PIXIS,JAPAN,PETROL,658.0,COLOMBO,RECONDITIONED,2022.0,1,5BA-LA350A,PIXIS
CAR,NISSAN,4AA-B45W DAYZ,JAPAN,PETROL,659.0,AMPARA,RECONDITIONED,2023.0,1,4AA-B45W,DAYZ
CAR,DAIHATSU,5BA-LA350S  MIRA,JAPAN,PETROL,658.0,GAMPAHA,RECONDITIONED,2023.0,1,5BA-LA350S,MIRA
CAR,HONDA,6BA-JF3 NBOX,JAPAN,PETROL,658.0,COLOMBO,RECONDITIONED,2022.0,1,6BA-JF3,NBOX
CAR,HONDA,6AA-RV6 VEZEL,JAPAN,PETROL/ELE,1496.0,COLOMBO,RECONDITIONED,2024.0,1,6AA-RV6,VEZEL
CAR,DAIHATSU,5BA-LA160S MOVE,JAPAN,PETROL,656.0,GAMPAHA,RECONDITIONED,2023.0,1,5BA-LA160S,MOVE
CAR,SUZUKI,5AA-MR92S HUSTLER,JAPAN,PETROL,657.0,COLOMBO,RECONDITIONED,2024.0,1,5AA-MR92S,HUSTLER
CAR,MAZDA,5AA-MJ95S  FLAIR,JAPAN,PETROL,658.0,KALUTARA,RECONDITIONED,2023.0,1,5AA-MJ95S,FLAIR
CAR,SUZUKI,5BD-DA17V EVERY,JAPAN,PETROL,658.0,HAMBANTOTA,RECONDITIONED,2025.0,1,5BD-DA17V,EVERY
CAR,SUZUKI,5AA-MK94S SPACIA,JAPAN,PETROL,658.0,MATALE,RECONDITIONED,2024.0,1,5AA-MK94S,SPACIA
CAR,DAIHATSU,5AA-A202S ROCKY,JAPAN,PETROL/ELE,1196.0,KURUNEGALA,RECONDITIONED,2024.0,1,5AA-A202S,ROCKY
CAR,NISSAN,MAGNITE ACENTA BR10,INDIA,PETROL,999.0,ANURADHAPURA,BRAND NEW,2025.0,1,,MAGNITE ACENTA BR10
CAR,TOYOTA,5AA-A202A  RAIZE,JAPAN,PETROL/ELE,1196.0,GALLE,RECONDITIONED,2025.0,1,5AA-A202A,RAIZE
CAR,TOYOTA,3BA-TRJ150W  TXL,JAPAN,PETROL,2693.0,KURUNEGALA,RECONDITIONED,2023.0,1,3BA-TRJ150W,TXL
CAR,DAIHATSU,5BA-LA350S MIRA,JAPAN,PETROL,658.0,PUTTALAM,RECONDITIONED,2024.0,1,5BA-LA350S,MIRA
CAR,NISSAN,5AA-B44W  DAYS,JAPAN,PETROL,658.0,KURUNEGALA,RECONDITIONED,2024.0,1,5AA-B44W,DAYS
CAR,DAIHATSU,3BD-S700V CARGO,JAPAN,PETROL,658.0,KALUTARA,RECONDITIONED,2023.0,1,3BD-S700V,CARGO
CAR,SUZUKI,4AA-MH55S WAGON R,JAPAN,PETROL,658.0,KURUNEGALA,RECONDITIONED,2025.0,1,4AA-MH55S,WAGON R
CAR,TOYOTA,5AA-A202A RAIZE,JAPAN,PETROL/ELE,1196.0,RATNAPURA,RECONDITIONED,2024.0,1,5AA-A202A,RAIZE
CAR,NISSAN,4AA-B45W DAYZ,JAPAN,PETROL,658.0,COLOMBO,RECONDITIONED,2024.0,1,4AA-B45W,DAYZ
CAR,TOYOTA,5AA-A202A RAIZE,JAPAN,PETROL/ELE,1196.0,HAMBANTOTA,RECONDITIONED,2022.0,1,5AA-A202A,RAIZE
CAR,HONDA,6AA-RV5 VEZEL,JAPAN,PETROL/ELE,1490.0,COLOMBO,RECONDITIONED,2025.0,1,6AA-RV5,VEZEL
CAR,TOYOTA,5BA-M900A  ROOMY,JAPAN,PETROL,996.0,COLOMBO,RECONDITIONED,2022.0,1,5BA-M900A,ROOMY
CAR,TOYOTA,6AA-MXPJ15 YARIS,JAPAN,PETROL/ELE,1496.0,GAMPAHA,RECONDITIONED,2024.0,1,6AA-MXPJ15,YARIS
CAR,PERODUA,BEZZA,MALAYSIA,PETROL,998.0,GALLE,BRAND NEW,2025.0,5,,BEZZA
CAR,TOYOTA,3BA-A210A  RAIZE,JAPAN,PETROL,996.0,GAMPAHA,RECONDITIONED,2024.0,1,3BA-A210A,RAIZE
CAR,TOYOTA,5BA-KSP210 YARIS,JAPAN,PETROL,996.0,COLOMBO,RECONDITIONED,2024.0,20,5BA-KSP210,YARIS
CAR,TOYOTA,3BA-A210A RAIZE,JAPAN,PETROL,996.0,KANDY,RECONDITIONED,2024.0,9,3BA-A210A,RAIZE
CAR,NISSAN,5BD-DR17V  CLIPPER,JAPAN,PETROL,658.0,KALUTARA,RECONDITIONED,2024.0,1,5BD-DR17V,CLIPPER
CAR,HONDA,6AA-RV5 VEZEL,JAPAN,PETROL/ELE,1496.0,KANDY,RECONDITIONED,2025.0,40,6AA-RV5,VEZEL
CAR,AUDI,3AA-GYDLA,GERMANY,PETROL,999.0,COLOMBO,RECONDITIONED,2023.0,3,3AA-GYDLA,A3
CAR,TOYOTA,6AA-MXPJ10 YARIS,JAPAN,PETROL/ELE,1490.0,GALLE,RECONDITIONED,2023.0,1,6AA-MXPJ10,YARIS
CAR,TOYOTA,3BA-A210A  RAIZE,JAPAN,PETROL,996.0,GALLE,RECONDITIONED,2024.0,2,3BA-A210A,RAIZE
CAR,HONDA,6AA-RV5 VEZEL,JAPAN,PETROL/ELE,1496.0,GAMPAHA,RECONDITIONED,2022.0,8,6AA-RV5,VEZEL
CAR,HONDA,6AA-RV5  VEZEL,JAPAN,PETROL/ELE,1496.0,AMPARA,RECONDITIONED,2025.0,1,6AA-RV5,VEZEL
CAR,TOYOTA,F800RE-GQGF RUSH,INDONESIA,PETROL,1496.0,COLOMBO,BRAND NEW,2025.0,8,,F800RE-GQGF RUSH
CAR,SUZUKI,4AA-MK54S SPACIA,JAPAN,PETROL,658.0,KEGALLE,RECONDITIONED,2024.0,1,4AA-MK54S,SPACIA
CAR,DAIHATSU,5BA-LA350S MIRA,JAPAN,PETROL,658.0,GAMPAHA,RECONDITIONED,2025.0,2,5BA-LA350S,MIRA
CAR,TOYOTA,5BA-KSP210 YARIS,JAPAN,PETROL,996.0,GAMPAHA,RECONDITIONED,2024.0,16,5BA-KSP210,YARIS
CAR,SUZUKI,5BD-DA17V EVERY,JAPAN,PETROL,658.0,RATNAPURA,RECONDITIONED,2024.0,1,5BD-DA17V,EVERY
CAR,TOYOTA,5BA-KSP210  YARIS,JAPAN,PETROL,996.0,COLOMBO,RECONDITIONED,2022.0,1,5BA-KSP210,YARIS
CAR,HONDA,6AA-RV5 VEZEL,JAPAN,PETROL/ELE,1496.0,KANDY,RECONDITIONED,2023.0,9,6AA-RV5,VEZEL
CAR,HONDA,6AA-RV5-VEZEL,JAPAN,PETROL/ELE,1496.0,MATARA,RECONDITIONED,2025.0,1,6AA-RV5-VEZEL,Unknown
CAR,LAND ROVER,3BA-LE72XAA DEFENDER,UNITED KINGDOM,PETROL,1995.0,COLOMBO,RECONDITIONED,2023.0,2,3BA-LE72XAA,DEFENDER
CAR,TOYOTA,3BA-VJA300W,JAPAN,PETROL,3444.0,KANDY,RECONDITIONED,2024.0,2,3BA-VJA300W,Unknown
CAR,TOYOTA,3BA-A210A RAIZE,JAPAN,PETROL,996.0,GAMPAHA,RECONDITIONED,2024.0,21,3BA-A210A,RAIZE
CAR,NISSAN,MAGNITE TEKNA PLUS,INDIA,PETROL,999.0,COLOMBO,BRAND NEW,2025.0,66,,MAGNITE TEKNA PLUS
CAR,TOYOTA,5BA-A201A RAIZE,JAPAN,PETROL,1196.0,KEGALLE,RECONDITIONED,2025.0,1,5BA-A201A,RAIZE
CAR,SUZUKI,4AA-MK54S,JAPAN,PETROL,658.0,POLONNARUWA,RECONDITIONED,2024.0,1,4AA-MK54S,HYBRID XS
CAR,TOYOTA,URBAN CRUISER TAISOR,INDIA,PETROL,998.0,COLOMBO,RECONDITIONED,2025.0,24,,URBAN CRUISER TAISOR
CAR,NISSAN,ALMERA,THAILAND,PETROL,999.0,KALUTARA,RECONDITIONED,2025.0,4,,ALMERA
CAR,TOYOTA,RAIZE 5BA-A201A,JAPAN,PETROL,1196.0,KALUTARA,RECONDITIONED,2025.0,1,,RAIZE 5BA-A201A
CAR,TOYOTA,5BA-A201A RAIZE,JAPAN,PETROL,1196.0,GAMPAHA,RECONDITIONED,2024.0,4,5BA-A201A,RAIZE
CAR,TOYOTA,3BA-TRJ250W,JAPAN,PETROL,2693.0,COLOMBO,RECONDITIONED,2024.0,25,3BA-TRJ250W,VX
CAR,DAIHATSU,5BA-LA350S  MIRA,JAPAN,PETROL,658.0,COLOMBO,RECONDITIONED,2023.0,3,5BA-LA350S,MIRA
CAR,PERODUA,AXIA CG1GZ,MALAYSIA,PETROL,998.0,GAMPAHA,BRAND NEW,2025.0,4,,AXIA CG1GZ
CAR,BYD,DOLPHIN-DYNAMIC49,CHINA,ELECTRIC,49.0,PUTTALAM,BRAND NEW,2025.0,1,,DOLPHIN-DYNAMIC49
CAR,TOYOTA,A250RA-GBVV RAIZE,INDONESIA,PETROL,998.0,KALUTARA,BRAND NEW,2025.0,15,,A250RA-GBVV RAIZE
CAR,BYD,DOLPHIN-DYNAMIC 70,CHINA,ELECTRIC,70.0,MATARA,BRAND NEW,2025.0,1,,DOLPHIN-DYNAMIC 70
CAR,BYD,SEAL-COMFORT,CHINA,ELECTRIC,100.0,HAMBANTOTA,BRAND NEW,2025.0,1,SEAL-COMFORT,Unknown
CAR,AUDI,3AA-GYDLA  A3,GERMANY,PETROL,999.0,GALLE,RECONDITIONED,2023.0,2,3AA-GYDLA,A3
CAR,CHANGAN,LUMIN,CHINA,ELECTRIC,35.0,GAMPAHA,BRAND NEW,2025.0,1,,LUMIN
CAR,NISSAN,6AA-FE13 AURA,JAPAN,PETROL/ELE,100.0,COLOMBO,RECONDITIONED,2023.0,1,6AA-FE13,AURA
CAR,TOYOTA,A250RA-GBVV RAIZE,INDONESIA,PETROL,998.0,HAMBANTOTA,BRAND NEW,2025.0,2,,A250RA-GBVV RAIZE
CAR,SUZUKI,5BD-DA17V EVERY,JAPAN,PETROL,658.0,KANDY,RECONDITIONED,2023.0,4,5BD-DA17V,EVERY
CAR,SUZUKI,5AA-MK94S SPACIA,JAPAN,PETROL,658.0,ANURADHAPURA,RECONDITIONED,2023.0,1,5AA-MK94S,SPACIA
CAR,TOYOTA,5BA-A900A ROOMY,JAPAN,PETROL,996.0,TRINCOMALEE,RECONDITIONED,2023.0,1,5BA-A900A,ROOMY
CAR,DONGFENG,BOX E3,CHINA,ELECTRIC,50.0,KALUTARA,BRAND NEW,2025.0,3,,BOX E3
CAR,HONDA,6AA-RV5 VEZEL,JAPAN,PETROL/ELE,1496.0,KEGALLE,RECONDITIONED,2024.0,7,6AA-RV5,VEZEL
CAR,WULING,BINGUO,INDONESIA,ELECTRIC,99.0,JAFFNA,BRAND NEW,2025.0,1,,BINGUO
CAR,TOYOTA,3DA-GDJ150W,JAPAN,DIESEL,2754.0,KURUNEGALA,RECONDITIONED,2023.0,1,3DA-GDJ150W,Unknown
CAR,TOYOTA,6AA-MXPJ10  YARIS,JAPAN,PETROL/ELE,1490.0,KURUNEGALA,RECONDITIONED,2023.0,1,6AA-MXPJ10,YARIS
CAR,SUZUKI,4AA-MH55S WAGON R,JAPAN,PETROL,658.0,COLOMBO,RECONDITIONED,2024.0,3,4AA-MH55S,WAGON R
CAR,TOYOTA,6AA-ZWR90W VOXY,JAPAN,PETROL/ELE,1797.0,COLOMBO,RECONDITIONED,2025.0,9,6AA-ZWR90W,VOXY
CAR,ROVER,MINI COOPER,UNITED KINGDOM,PETROL,1275.0,COLOMBO,BOUGHT FROM AUCTION,1996.0,1,,MINI COOPER
CAR,DAIHATSU,5BA-LA350S MIRA,JAPAN,PETROL,656.0,HAMBANTOTA,RECONDITIONED,2023.0,1,5BA-LA350S,MIRA
CAR,TOYOTA,5BA-A201A RAIZE,JAPAN,PETROL,1196.0,JAFFNA,RECONDITIONED,2024.0,1,5BA-A201A,RAIZE
CAR,SUZUKI,5BD-DA17V EVERY,JAPAN,PETROL,656.0,BADULLA,RECONDITIONED,2023.0,1,5BD-DA17V,EVERY
CAR,TOYOTA,3BA-A210A   RAIZE,JAPAN,PETROL,996.0,GALLE,RECONDITIONED,2025.0,1,3BA-A210A,RAIZE
CAR,NISSAN,MAGNITE ACENTA BR10,INDIA,PETROL,999.0,KANDY,BRAND NEW,2025.0,7,,MAGNITE ACENTA BR10
CAR,DAIHATSU,5BA-M700S BOON,JAPAN,PETROL,996.0,KALUTARA,RECONDITIONED,2023.0,1,5BA-M700S,BOON
CAR,TOYOTA,5BA-KSP210 YARIS,JAPAN,PETROL,998.0,COLOMBO,RECONDITIONED,2023.0,2,5BA-KSP210,YARIS
CAR,DAIHATSU,5BA-LA350SMIRA E.S,JAPAN,PETROL,658.0,COLOMBO,RECONDITIONED,2023.0,1,5BA-LA350SMIRA,E.S
CAR,DAIHATSU,3BD-S700V   HIJET,JAPAN,PETROL,658.0,GAMPAHA,RECONDITIONED,2024.0,1,3BD-S700V,HIJET
CAR,TOYOTA,5BA-3700A PASSO,JAPAN,PETROL,996.0,GAMPAHA,RECONDITIONED,2023.0,1,5BA-3700A,PASSO
CAR,HONDA,6AA-RV5 VEZEL,JAPAN,PETROL/ELE,1496.0,POLONNARUWA,RECONDITIONED,2024.0,5,6AA-RV5,VEZEL
CAR,TOYOTA,5AA-A202A RAIZE,JAPAN,ELECTRIC,78.0,ANURADHAPURA,RECONDITIONED,2025.0,4,5AA-A202A,RAIZE
CAR,SUZUKI,5BA-MH85S,JAPAN,PETROL,657.0,GALLE,RECONDITIONED,2023.0,1,5BA-MH85S,WAGONR
CAR,SUZUKI,5AA-MK94S SPACIA,JAPAN,PETROL/ELE,657.0,COLOMBO,RECONDITIONED,2025.0,1,5AA-MK94S,SPACIA
CAR,VOLKSWAGEN,3BA-C1DKR T CROSS,GERMANY,PETROL,999.0,COLOMBO,RECONDITIONED,2024.0,1,3BA-C1DKR,T CROSS
CAR,SUZUKI,FRONX,INDIA,PETROL,998.0,KANDY,BRAND NEW,2025.0,2,,FRONX
CAR,HONDA,HRV E HEV RS,THAILAND,PETROL/ELE,1498.0,GAMPAHA,RECONDITIONED,2025.0,1,,HRV E HEV RS
CAR,TOYOTA,URBAN CRUISER TAISOR,INDIA,PETROL,998.0,GALLE,RECONDITIONED,2025.0,5,,URBAN CRUISER TAISOR
CAR,LAND ROVER,EVOQUE PHEV,UNITED KINGDOM,PETROL/ELE,1498.0,GAMPAHA,RECONDITIONED,2024.0,1,,EVOQUE PHEV
CAR,SUZUKI,5BAMH85S WAGON R,JAPAN,PETROL,658.0,COLOMBO,RECONDITIONED,2024.0,1,,5BAMH85S WAGON R
CAR,HONDA,6AA-RV5  VEZEL,JAPAN,PETROL/ELE,1496.0,KURUNEGALA,RECONDITIONED,2025.0,5,6AA-RV5,VEZEL
CAR,BYD,SEALION 6 SUPERIOR,CHINA,PETROL/ELE,1498.0,JAFFNA,BRAND NEW,2025.0,4,,SEALION 6 SUPERIOR
CAR,SUZUKI,3BA-HA37S ALTO,JAPAN,PETROL,657.0,MATARA,RECONDITIONED,2024.0,1,3BA-HA37S,ALTO
CAR,SUZUKI,5AA-MH95S WAGON R,JAPAN,PETROL,658.0,MONERAGALA,RECONDITIONED,2023.0,2,5AA-MH95S,WAGON R
CAR,SUZUKI,5AA-MH95S WAGON R,JAPAN,PETROL,658.0,POLONNARUWA,RECONDITIONED,2024.0,1,5AA-MH95S,WAGON R
CAR,LAND ROVER,RANGE ROVER SPORT,UNITED KINGDOM,PETROL/ELE,3000.0,KANDY,BRAND NEW,2025.0,1,,RANGE ROVER SPORT
CAR,TOYOTA,5AA-A202A RAIZE,JAPAN,ELECTRIC,78.0,GALLE,RECONDITIONED,2025.0,7,5AA-A202A,RAIZE
CAR,LAND ROVER,RANGE ROVER SPORT,UNITED KINGDOM,PETROL/ELE,3000.0,COLOMBO,BRAND NEW,2025.0,1,,RANGE ROVER SPORT
CAR,SUZUKI,FRONX,INDIA,PETROL,998.0,GALLE,BRAND NEW,2025.0,5,,FRONX
CAR,TOYOTA,6AA-MXPJ10 YARIS,JAPAN,PETROL/ELE,1496.0,KANDY,RECONDITIONED,2025.0,3,6AA-MXPJ10,YARIS
CAR,SUZUKI,4AA-MN71S  XBEE,JAPAN,PETROL,996.0,COLOMBO,RECONDITIONED,2023.0,1,4AA-MN71S,XBEE
CAR,HONDA,HONDA CITY,THAILAND,PETROL,988.0,GAMPAHA,RECONDITIONED,2025.0,1,,HONDA CITY
CAR,TOYOTA,5AA-A202A RAIZE,JAPAN,PETROL/ELE,78.0,KALUTARA,RECONDITIONED,2025.0,9,5AA-A202A,RAIZE
CAR,PERODUA,AXIA-CG1SZ,MALAYSIA,PETROL,998.0,KANDY,BRAND NEW,2025.0,2,AXIA-CG1SZ,Unknown
CAR,SUZUKI,4AA-MK54S SPACIA,JAPAN,PETROL,658.0,KURUNEGALA,RECONDITIONED,2024.0,7,4AA-MK54S,SPACIA
CAR,NISSAN,6AA-T33 X TRAIL,JAPAN,PETROL/ELE,1496.0,COLOMBO,RECONDITIONED,2025.0,1,6AA-T33,X TRAIL
CAR,TOYOTA,5BA-MXPB10 YARIS,JAPAN,PETROL,1490.0,COLOMBO,RECONDITIONED,2024.0,2,5BA-MXPB10,YARIS
CAR,SUZUKI,5BA-MH85S WAGON R,JAPAN,PETROL,658.0,ANURADHAPURA,RECONDITIONED,2024.0,3,5BA-MH85S,WAGON R
CAR,SUZUKI,3BD-DA17V  EVERY,JAPAN,PETROL,658.0,KEGALLE,RECONDITIONED,2023.0,1,3BD-DA17V,EVERY
CAR,TOYOTA,5BA-M900A ROOMY,JAPAN,PETROL,990.0,MATARA,RECONDITIONED,2023.0,1,5BA-M900A,ROOMY
CAR,TOYOTA,6AA-ZWR90W VOXY,JAPAN,PETROL/ELE,1797.0,COLOMBO,RECONDITIONED,2024.0,2,6AA-ZWR90W,VOXY
CAR,HONDA,RV589SJNX  HR-V,THAILAND,PETROL/ELE,1496.0,KALUTARA,BRAND NEW,2025.0,1,,RV589SJNX  HR-V
CAR,HONDA,CITY RS,THAILAND,PETROL,988.0,COLOMBO,RECONDITIONED,2024.0,1,,CITY RS
CAR,TOYOTA,5BA-MZEA17 COROLLA,JAPAN,PETROL,1496.0,ANURADHAPURA,RECONDITIONED,2023.0,1,5BA-MZEA17,COROLLA
CAR,TOYOTA,5AA-A202A RAIZE,JAPAN,ELECTRIC,78.0,KANDY,RECONDITIONED,2025.0,4,5AA-A202A,RAIZE
CAR,TOYOTA,5AA-A202A RAIZE,JAPAN,ELECTRIC,78.0,GALLE,RECONDITIONED,2024.0,1,5AA-A202A,RAIZE
CAR,SUZUKI,3BA-HA37S ALTO,JAPAN,PETROL,656.0,GAMPAHA,RECONDITIONED,2023.0,2,3BA-HA37S,ALTO
CAR,TOYOTA,5BA-KSP210 YARIS,JAPAN,PETROL,996.0,MATALE,RECONDITIONED,2023.0,2,5BA-KSP210,YARIS
CAR,DAIHATSU,5BA-LA350S MIRA,JAPAN,PETROL,658.0,GALLE,RECONDITIONED,2023.0,5,5BA-LA350S,MIRA
CAR,TOYOTA,5BA-M900A ROOMY,JAPAN,PETROL,996.0,COLOMBO,RECONDITIONED,2025.0,4,5BA-M900A,ROOMY
CAR,DAIHATSU,5BA-LA350S MIRA,JAPAN,PETROL,658.0,KANDY,RECONDITIONED,2025.0,2,5BA-LA350S,MIRA
CAR,TOYOTA,YARIS 6AA-MXPJ10,JAPAN,PETROL/ELE,1496.0,KANDY,RECONDITIONED,2025.0,1,,YARIS 6AA-MXPJ10
CAR,HONDA,6AA-RV5  VEZEL,JAPAN,PETROL/ELE,1496.0,HAMBANTOTA,RECONDITIONED,2022.0,1,6AA-RV5,VEZEL
CAR,SUZUKI,5BD-MK33V SPACIA,JAPAN,PETROL,658.0,KANDY,RECONDITIONED,2022.0,1,5BD-MK33V,SPACIA
CAR,TOYOTA,5AA-A202A,JAPAN,PETROL/ELE,1196.0,KALUTARA,RECONDITIONED,2022.0,1,5AA-A202A,RAIZE Z
CAR,TOYOTA,3BA-A210A,JAPAN,PETROL,996.0,KANDY,RECONDITIONED,2024.0,1,3BA-A210A,RAIZE G
CAR,TOYOTA,4BA-M900A ROOMY,JAPAN,PETROL,996.0,KALUTARA,RECONDITIONED,2024.0,1,4BA-M900A,ROOMY
CAR,TOYOTA,6AA-AZSH32  CROWN,JAPAN,PETROL/ELE,2487.0,COLOMBO,RECONDITIONED,2024.0,1,6AA-AZSH32,CROWN
CAR,DAIHATSU,5BA-LA350S MIRA ES,JAPAN,PETROL,658.0,AMPARA,RECONDITIONED,2024.0,1,5BA-LA350S,MIRA ES
CAR,TOYOTA,VELOZ,THAILAND,PETROL,1496.0,GAMPAHA,RECONDITIONED,2024.0,1,,VELOZ
CAR,NISSAN,4AA-B45W DAYZ,JAPAN,PETROL,658.0,JAFFNA,RECONDITIONED,2024.0,1,4AA-B45W,DAYZ
CAR,NISSAN,NISSAN ALMERA,THAILAND,PETROL,999.0,GAMPAHA,RECONDITIONED,2025.0,1,,NISSAN ALMERA
CAR,SUZUKI,5AA-MK94S,JAPAN,PETROL,657.0,KURUNEGALA,RECONDITIONED,2024.0,1,5AA-MK94S,Unknown
CAR,DAIHATSU,5BA-LA350S MIRA ES,JAPAN,PETROL,656.0,MATARA,RECONDITIONED,2023.0,1,5BA-LA350S,MIRA ES
CAR,TOYOTA,5BA-A202A-RAIZE,JAPAN,ELECTRIC,78.0,MONERAGALA,RECONDITIONED,2025.0,1,5BA-A202A-RAIZE,Unknown
CAR,HONDA,6AA-RV5  VEZEL,JAPAN,PETROL/ELE,1496.0,PUTTALAM,RECONDITIONED,2024.0,1,6AA-RV5,VEZEL
CAR,TOYOTA,4BA-M900A  ROOMY,JAPAN,PETROL,996.0,MATALE,RECONDITIONED,2023.0,1,4BA-M900A,ROOMY
CAR,TOYOTA,5BA-KSP210,JAPAN,PETROL,996.0,KANDY,RECONDITIONED,2022.0,1,5BA-KSP210,Unknown
CAR,NISSAN,6AA-FE13,JAPAN,ELECTRIC,100.0,GAMPAHA,RECONDITIONED,2023.0,1,6AA-FE13,NOTE AURA
CAR,TOYOTA,NYC200R YARIS CROSS,THAILAND,PETROL/ELE,1496.0,GAMPAHA,RECONDITIONED,2025.0,1,,NYC200R YARIS CROSS
CAR,SUZUKI,3BA-HA37S ALTO,JAPAN,PETROL,657.0,COLOMBO,RECONDITIONED,2024.0,1,3BA-HA37S,ALTO
CAR,TOYOTA,6BA-MXAA54 RAV4,JAPAN,PETROL,1980.0,COLOMBO,RECONDITIONED,2023.0,1,6BA-MXAA54,RAV4
CAR,TOYOTA,5BA-M900A,JAPAN,PETROL,996.0,COLOMBO,RECONDITIONED,2023.0,1,5BA-M900A,ROOMY
CAR,TOYOTA,5BA-A202A RAIZE,JAPAN,PETROL/ELE,78.0,MATALE,RECONDITIONED,2022.0,1,5BA-A202A,RAIZE
CAR,TOYOTA,5BA-M900A  ROOMY,JAPAN,PETROL,996.0,GALLE,RECONDITIONED,2024.0,2,5BA-M900A,ROOMY
CAR,SUZUKI,5AA-MH95S WAGON R,JAPAN,PETROL,658.0,KEGALLE,RECONDITIONED,2025.0,2,5AA-MH95S,WAGON R
CAR,MERCEDES BENZ,EQB 250 PLUS,HUNGARY,ELECTRIC,140.0,COLOMBO,BRAND NEW,2025.0,1,,EQB 250 PLUS
CAR,DAIHATSU,5BA-LA900S TAFT,JAPAN,PETROL,658.0,JAFFNA,RECONDITIONED,2024.0,1,5BA-LA900S,TAFT
CAR,TOYOTA,6AA-ZWR90W  VOXY,JAPAN,PETROL/ELE,1797.0,GALLE,RECONDITIONED,2025.0,1,6AA-ZWR90W,VOXY
CAR,SUZUKI,5AA-MH95S,JAPAN,PETROL,658.0,COLOMBO,RECONDITIONED,2024.0,2,5AA-MH95S,WOGON R
CAR,TOYOTA,5BA-M900A  ROOMY,JAPAN,PETROL,996.0,GALLE,RECONDITIONED,2023.0,1,5BA-M900A,ROOMY
CAR,TOYOTA,5BA-A201A- RAIZE,JAPAN,PETROL,1196.0,PUTTALAM,RECONDITIONED,2023.0,1,5BA-A201A,- RAIZE
CAR,SUZUKI,5AA-MH95S WAGON R,JAPAN,PETROL,657.0,KURUNEGALA,RECONDITIONED,2024.0,1,5AA-MH95S,WAGON R
CAR,DAIHATSU,5BA-LA350S MIRA ES,JAPAN,PETROL,658.0,KEGALLE,RECONDITIONED,2024.0,1,5BA-LA350S,MIRA ES
CAR,TOYOTA,5BA-M900S ROOMY,JAPAN,PETROL,996.0,KALUTARA,RECONDITIONED,2022.0,1,5BA-M900S,ROOMY
CAR,TOYOTA,5BA-M900A ROOMY,JAPAN,PETROL,996.0,BADULLA,RECONDITIONED,2024.0,1,5BA-M900A,ROOMY
CAR,TOYOTA,5BA-M710A PASSO,JAPAN,PETROL,996.0,KANDY,RECONDITIONED,2023.0,1,5BA-M710A,PASSO
CAR,TOYOTA,6BA-MXUA80 HARRIER,JAPAN,PETROL,1986.0,KEGALLE,RECONDITIONED,2025.0,1,6BA-MXUA80,HARRIER
CAR,SAIC,MG ZS MCE,CHINA,PETROL,999.0,PUTTALAM,BRAND NEW,2025.0,4,,MG ZS MCE
CAR,TOYOTA,5AA-A202A   RAIZE,JAPAN,PETROL/ELE,78.0,COLOMBO,RECONDITIONED,2025.0,1,5AA-A202A,RAIZE
CAR,SUZUKI,5BA-MHG85S WAGON R,JAPAN,PETROL,658.0,KURUNEGALA,RECONDITIONED,2024.0,1,5BA-MHG85S,WAGON R
CAR,NISSAN,ALMERA,THAILAND,PETROL,999.0,MATARA,RECONDITIONED,2025.0,1,,ALMERA
CAR,SUZUKI,3BD-DA17V EVERY,JAPAN,PETROL,658.0,TRINCOMALEE,RECONDITIONED,2024.0,1,3BD-DA17V,EVERY
CAR,SUZUKI,5AA-ZCEDS SWIFT,JAPAN,PETROL,1198.0,COLOMBO,RECONDITIONED,2023.0,1,5AA-ZCEDS,SWIFT
CAR,NISSAN,5AA-B44A ROOX,JAPAN,PETROL,658.0,KEGALLE,RECONDITIONED,2023.0,2,5AA-B44A,ROOX
CAR,SUZUKI,5BD-DA17V EVERY,JAPAN,PETROL,658.0,MONERAGALA,RECONDITIONED,2023.0,2,5BD-DA17V,EVERY
CAR,CHERY,TIGGO CROSS,CHINA,PETROL/ELE,1498.0,GAMPAHA,BRAND NEW,2025.0,1,,TIGGO CROSS
CAR,DAIHATSU,5AA-A202S ROCKY,JAPAN,PETROL/ELE,78.0,KURUNEGALA,RECONDITIONED,2024.0,1,5AA-A202S,ROCKY
CAR,TOYOTA,6AA-MXPJ10,JAPAN,PETROL/ELE,1496.0,COLOMBO,RECONDITIONED,2022.0,1,6AA-MXPJ10,CROSS
CAR,SUZUKI,3BA-DA17W,JAPAN,PETROL,658.0,COLOMBO,RECONDITIONED,2025.0,2,3BA-DA17W,EVREY
CAR,DAIHATSU,5BA-LA350S MIRA,JAPAN,PETROL,656.0,KURUNEGALA,RECONDITIONED,2024.0,1,5BA-LA350S,MIRA
CAR,TOYOTA,5BA-KSP210 YARIS,JAPAN,PETROL,998.0,MATARA,RECONDITIONED,2024.0,1,5BA-KSP210,YARIS
CAR,DAIHATSU,5BA-LA900S TAFT,JAPAN,PETROL,658.0,ANURADHAPURA,RECONDITIONED,2023.0,1,5BA-LA900S,TAFT
CAR,HONDA,6AA-RV5,JAPAN,PETROL/ELE,1496.0,GAMPAHA,RECONDITIONED,2025.0,7,6AA-RV5,VEVEL
CAR,SUZUKI,5BD-DA17V  EVERY,JAPAN,PETROL,658.0,KALUTARA,RECONDITIONED,2024.0,1,5BD-DA17V,EVERY
CAR,TOYOTA,3BA-NGX50 C-HR,JAPAN,PETROL,1196.0,JAFFNA,RECONDITIONED,2023.0,1,3BA-NGX50,C-HR
CAR,TOYOTA,3BA-TRJ150W PRADO,JAPAN,PETROL,2693.0,BATTICALOA,RECONDITIONED,2023.0,1,3BA-TRJ150W,PRADO
CAR,HONDA,6BA-JH3 N-WGN,JAPAN,PETROL,658.0,COLOMBO,RECONDITIONED,2024.0,1,6BA-JH3,N-WGN
CAR,SUZUKI,5AA-MH95S WAGON R,JAPAN,PETROL,658.0,MATALE,RECONDITIONED,2023.0,1,5AA-MH95S,WAGON R
CAR,TOYOTA,5BA-A201A RAIZE,JAPAN,PETROL,1196.0,KANDY,RECONDITIONED,2025.0,2,5BA-A201A,RAIZE
CAR,HONDA,6AA-RV5-VEZEL,JAPAN,PETROL/ELE,1496.0,GALLE,RECONDITIONED,2025.0,1,6AA-RV5-VEZEL,Unknown
CAR,SUZUKI,5AA-MH95S WAGON R,JAPAN,PETROL,657.0,PUTTALAM,RECONDITIONED,2025.0,1,5AA-MH95S,WAGON R
CAR,AUDI,3AA-GYDLA,JAPAN,PETROL,998.0,GALLE,RECONDITIONED,2023.0,1,3AA-GYDLA,A3
CAR,TOYOTA,5BA-A210A RAIZE,JAPAN,PETROL,1196.0,HAMBANTOTA,RECONDITIONED,2023.0,1,5BA-A210A,RAIZE
CAR,TOYOTA,3BA-TRJ250W,JAPAN,PETROL,2693.0,KURUNEGALA,RECONDITIONED,2024.0,5,3BA-TRJ250W,VX
CAR,MITSUBISHI,5BA-B33W EK WAGON,JAPAN,PETROL,658.0,KANDY,RECONDITIONED,2024.0,1,5BA-B33W,EK WAGON
CAR,SUZUKI,5AA-MH85S WAGON R,JAPAN,PETROL,658.0,MATARA,RECONDITIONED,2024.0,1,5AA-MH85S,WAGON R
CAR,SUZUKI,FRONX,INDIA,PETROL,998.0,HAMBANTOTA,BRAND NEW,2025.0,1,,FRONX
CAR,SUZUKI,5AA-MK53S,JAPAN,PETROL,658.0,NUWARA-ELIYA,RECONDITIONED,2023.0,1,5AA-MK53S,SPECIA
CAR,MAZDA,5BD-DG17V SCRUM,JAPAN,PETROL,658.0,KANDY,RECONDITIONED,2023.0,1,5BD-DG17V,SCRUM
CAR,DAIHATSU,3BD-S700V CARGO,JAPAN,PETROL,658.0,COLOMBO,RECONDITIONED,2023.0,1,3BD-S700V,CARGO
CAR,TOYOTA,5AA-A202A RAIZE,JAPAN,PETROL/ELE,78.0,KURUNEGALA,RECONDITIONED,2024.0,1,5AA-A202A,RAIZE
CAR,MITSUBISHI,4AA-B35A,JAPAN,PETROL,659.0,GAMPAHA,RECONDITIONED,2023.0,1,4AA-B35A,DELICA
CAR,TOYOTA,5BA-KSP210 YARIS,JAPAN,PETROL,990.0,COLOMBO,RECONDITIONED,2023.0,2,5BA-KSP210,YARIS
CAR,SUZUKI,3BD-DA17V EVERY,JAPAN,PETROL,658.0,COLOMBO,RECONDITIONED,2025.0,1,3BD-DA17V,EVERY
CAR,TOYOTA,5AA-A202A  RAIZE,JAPAN,PETROL/ELE,1196.0,GAMPAHA,RECONDITIONED,2025.0,1,5AA-A202A,RAIZE
CAR,NISSAN,ALMERA,THAILAND,PETROL,999.0,MATALE,RECONDITIONED,2025.0,2,,ALMERA
CAR,NISSAN,5AA-B44W  DAYZ,JAPAN,PETROL,659.0,KURUNEGALA,RECONDITIONED,2023.0,1,5AA-B44W,DAYZ
CAR,TOYOTA,3BA-A210A RAIZE,JAPAN,PETROL,996.0,KALUTARA,RECONDITIONED,2023.0,8,3BA-A210A,RAIZE
CAR,NISSAN,5AA-B44W DAYZ,JAPAN,PETROL,658.0,ANURADHAPURA,RECONDITIONED,2024.0,1,5AA-B44W,DAYZ
CAR,TOYOTA,6AA-MXPJ10 YARIS,JAPAN,PETROL/ELE,1490.0,MATARA,RECONDITIONED,2025.0,1,6AA-MXPJ10,YARIS
CAR,TOYOTA,6AA-ZVG13 COROLLA,JAPAN,PETROL/ELE,1797.0,MATALE,RECONDITIONED,2024.0,1,6AA-ZVG13,COROLLA
CAR,TOYOTA,3AA-NGX10-CH-R,JAPAN,PETROL,1196.0,COLOMBO,RECONDITIONED,2023.0,1,3AA-NGX10-CH-R,Unknown
CAR,SUZUKI,5AA-MH95S WAGON R,JAPAN,PETROL,658.0,AMPARA,RECONDITIONED,2025.0,1,5AA-MH95S,WAGON R
CAR,HONDA,CRV VTIX,AUSTRALIA,PETROL,1498.0,COLOMBO,RECONDITIONED,2023.0,1,,CRV VTIX
CAR,NISSAN,5AA-B47W DAYZ,JAPAN,PETROL,658.0,COLOMBO,RECONDITIONED,2023.0,1,5AA-B47W,DAYZ
CAR,BYD,ATTO3-ADVANCED,CHINA,PETROL/ELE,1498.0,COLOMBO,BRAND NEW,2025.0,1,ATTO3-ADVANCED,Unknown
CAR,VOLKSWAGEN,3AA-CDDLA GOLF,GERMANY,PETROL,999.0,KALUTARA,RECONDITIONED,2023.0,1,3AA-CDDLA,GOLF
CAR,TOYOTA,6AA-AAHH40W ALPHARD,JAPAN,PETROL/ELE,2487.0,COLOMBO,RECONDITIONED,2025.0,3,6AA-AAHH40W,ALPHARD
CAR,SUZUKI,5AA-MX91S  WAGON R,JAPAN,PETROL,658.0,KEGALLE,RECONDITIONED,2024.0,1,5AA-MX91S,WAGON R
CAR,SUZUKI,5AA-HA97S,JAPAN,PETROL,658.0,MATARA,RECONDITIONED,2024.0,1,5AA-HA97S,ALTO
CAR,SUZUKI,4AA-MK53S SPACIA,JAPAN,PETROL,658.0,KURUNEGALA,RECONDITIONED,2022.0,1,4AA-MK53S,SPACIA
CAR,TOYOTA,3BA-A210A RAIZE,JAPAN,PETROL,996.0,POLONNARUWA,RECONDITIONED,2024.0,2,3BA-A210A,RAIZE
CAR,SUZUKI,5AA-MK53S SPACIA,JAPAN,PETROL,658.0,KANDY,RECONDITIONED,2023.0,1,5AA-MK53S,SPACIA
CAR,TOYOTA,5AA-A202A RAIZE,JAPAN,PETROL/ELE,78.0,GALLE,RECONDITIONED,2023.0,1,5AA-A202A,RAIZE
CAR,LAND ROVER,RANGE ROVER,UNITED KINGDOM,PETROL/ELE,3000.0,GAMPAHA,BRAND NEW,2025.0,2,,RANGE ROVER
CAR,SUZUKI,5BD-DA17V EVERY,JAPAN,PETROL,658.0,GALLE,RECONDITIONED,2023.0,2,5BD-DA17V,EVERY
CAR,TOYOTA,5BA-A201A,JAPAN,PETROL,1196.0,KANDY,RECONDITIONED,2024.0,1,5BA-A201A,RAICE
CAR,TOYOTA,5AA-A202A RAIZE,JAPAN,PETROL/ELE,1196.0,KURUNEGALA,RECONDITIONED,2024.0,1,5AA-A202A,RAIZE
CAR,SUZUKI,5AA-MK53S SPACIA,JAPAN,PETROL,658.0,AMPARA,RECONDITIONED,2023.0,1,5AA-MK53S,SPACIA
CAR,TOYOTA,3BA-NGX10  C-HR,JAPAN,PETROL,1196.0,GAMPAHA,RECONDITIONED,2022.0,1,3BA-NGX10,C-HR
CAR,SUZUKI,5AA-MH95S WAGON R,JAPAN,PETROL,658.0,ANURADHAPURA,RECONDITIONED,2025.0,3,5AA-MH95S,WAGON R
CAR,SUZUKI,5BA-MH85S WAGON R,JAPAN,PETROL,658.0,MATARA,RECONDITIONED,2023.0,5,5BA-MH85S,WAGON R
CAR,SUZUKI,5BA-MH85S WAGON R,JAPAN,PETROL,658.0,BADULLA,RECONDITIONED,2023.0,2,5BA-MH85S,WAGON R
CAR,NISSAN,5BA-B43W DAYZ,JAPAN,PETROL,658.0,KANDY,RECONDITIONED,2023.0,1,5BA-B43W,DAYZ
CAR,TOYOTA,5BA-KSP210 YARIS,JAPAN,PETROL,996.0,BATTICALOA,RECONDITIONED,2022.0,1,5BA-KSP210,YARIS
CAR,SUZUKI,4AA-MH55S  WAGON R,JAPAN,PETROL,658.0,COLOMBO,RECONDITIONED,2023.0,1,4AA-MH55S,WAGON R
CAR,DAIHATSU,5BA-LA350S MIRA E.S,JAPAN,PETROL,658.0,KALUTARA,RECONDITIONED,2025.0,1,5BA-LA350S,MIRA E.S
CAR,TOYOTA,5BA KSP210 YARIS,JAPAN,PETROL,996.0,COLOMBO,RECONDITIONED,2023.0,2,,5BA KSP210 YARIS
CAR,HONDA,CITY-RS,THAILAND,PETROL,988.0,COLOMBO,RECONDITIONED,2025.0,1,CITY-RS,Unknown
CAR,NISSAN,ZAA-B6AW SAKURA,JAPAN,ELECTRIC,47.0,GALLE,RECONDITIONED,2023.0,1,ZAA-B6AW,SAKURA
CAR,SUZUKI,4AA-MK54S SPACIA,JAPAN,PETROL,658.0,ANURADHAPURA,RECONDITIONED,2024.0,1,4AA-MK54S,SPACIA
CAR,TOYOTA,URBAN BRUISER TAISOR,INDIA,PETROL,998.0,GALLE,RECONDITIONED,2025.0,1,,URBAN BRUISER TAISOR
CAR,TOYOTA,5AA-A202A RAIZE,JAPAN,ELECTRIC,78.0,MATARA,RECONDITIONED,2025.0,3,5AA-A202A,RAIZE
CAR,TOYOTA,F800RE-GQGF RUSH,INDONESIA,PETROL,1496.0,KEGALLE,BRAND NEW,2025.0,1,,F800RE-GQGF RUSH
CAR,MERCEDES BENZ,4AA-465250C G63,GERMANY,PETROL,3986.0,COLOMBO,RECONDITIONED,2024.0,1,4AA-465250C,G63
CAR,VOLKSWAGEN,3BA-C1DKR,GERMANY,PETROL,999.0,GALLE,RECONDITIONED,2023.0,1,3BA-C1DKR,TCROSS
CAR,BYD,ATTO-3-SUPERIOR,CHINA,ELECTRIC,100.0,MONERAGALA,BRAND NEW,2025.0,2,ATTO-3-SUPERIOR,Unknown
CAR,HONDA,6AA-RV5,JAPAN,PETROL/ELE,1496.0,KANDY,RECONDITIONED,2023.0,1,6AA-RV5,VEVEL
CAR,TOYOTA,5BA-KSP210,JAPAN,PETROL,996.0,BADULLA,RECONDITIONED,2022.0,1,5BA-KSP210,Unknown
CAR,HONDA,6AA-RV5,JAPAN,PETROL/ELE,1496.0,JAFFNA,RECONDITIONED,2025.0,1,6AA-RV5,VEVEL
CAR,TOYOTA,3BA-TRJ250W,JAPAN,PETROL,2693.0,RATNAPURA,RECONDITIONED,2024.0,2,3BA-TRJ250W,VX
CAR,TOYOTA,3BA-VJA300W,JAPAN,PETROL,3444.0,GALLE,RECONDITIONED,2024.0,2,3BA-VJA300W,Unknown
CAR,TOYOTA,6AA-MXPJ15  YARIS,JAPAN,PETROL/ELE,1490.0,MATARA,RECONDITIONED,2025.0,1,6AA-MXPJ15,YARIS
CAR,TOYOTA,5BA-KSP210 YARIS,JAPAN,PETROL,998.0,GAMPAHA,RECONDITIONED,2023.0,1,5BA-KSP210,YARIS
CAR,SUZUKI,5BA-MX81S,JAPAN,PETROL,658.0,RATNAPURA,RECONDITIONED,2023.0,1,5BA-MX81S,Unknown
CAR,DAIHATSU,ROCKY 5AA-A202S,JAPAN,ELECTRIC,78.0,GAMPAHA,RECONDITIONED,2023.0,1,,ROCKY 5AA-A202S
CAR,DAIHATSU,5AA-A202S,JAPAN,ELECTRIC,78.0,GALLE,RECONDITIONED,2024.0,1,5AA-A202S,ROKCY
CAR,SUZUKI,5BD-DA17V EVERY,JAPAN,PETROL,658.0,BADULLA,RECONDITIONED,2024.0,1,5BD-DA17V,EVERY
CAR,BYD,ATTO-3-SUPERIOR,CHINA,ELECTRIC,100.0,PUTTALAM,BRAND NEW,2025.0,4,ATTO-3-SUPERIOR,Unknown
CAR,NISSAN,4AA-B45W,JAPAN,PETROL,658.0,ANURADHAPURA,RECONDITIONED,2023.0,1,4AA-B45W,Unknown
CAR,TOYOTA,5AA-A202A RAIZE,JAPAN,PETROL/ELE,1190.0,GAMPAHA,RECONDITIONED,2025.0,1,5AA-A202A,RAIZE
CAR,TOYOTA,5BA-M900A ROOMY,JAPAN,PETROL,996.0,MANNAR,RECONDITIONED,2022.0,1,5BA-M900A,ROOMY
CAR,MAZDA,5AA-HB97S CAROL,JAPAN,PETROL,658.0,KURUNEGALA,RECONDITIONED,2025.0,1,5AA-HB97S,CAROL
CAR,TOYOTA,5BA-NRE161,JAPAN,PETROL,1496.0,COLOMBO,RECONDITIONED,2025.0,1,5BA-NRE161,Unknown
CAR,NISSAN,5A-B49W   DAYZ,JAPAN,PETROL,659.0,GALLE,RECONDITIONED,2024.0,1,5A-B49W,DAYZ
CAR,HONDA,CITY RS,JAPAN,PETROL,988.0,POLONNARUWA,RECONDITIONED,2025.0,1,,CITY RS
CAR,TOYOTA,6AA-MXPJ10 YARIS,JAPAN,PETROL/ELE,1490.0,BADULLA,RECONDITIONED,2025.0,1,6AA-MXPJ10,YARIS
CAR,DAIHATSU,4BA-M900S,JAPAN,PETROL,996.0,RATNAPURA,RECONDITIONED,2023.0,1,4BA-M900S,THCR
CAR,DAIHATSU,5BA-LA350S MIRA ES,JAPAN,PETROL,658.0,KANDY,RECONDITIONED,2023.0,1,5BA-LA350S,MIRA ES
CAR,DAIHATSU,5BA-LA350S MIRA ES,JAPAN,PETROL,658.0,GALLE,RECONDITIONED,2023.0,1,5BA-LA350S,MIRA ES
CAR,HONDA,6AA-RV6 VEZEL,JAPAN,PETROL/ELE,1496.0,COLOMBO,RECONDITIONED,2023.0,1,6AA-RV6,VEZEL
CAR,MERCEDES BENZ,GLE 400E 4 MATIC,U.S.A,PETROL/ELE,1999.0,COLOMBO,BRAND NEW,2025.0,1,,GLE 400E 4 MATIC
CAR,MERCEDES BENZ,AMG G63,AUSTRIA,PETROL,3982.0,GAMPAHA,BRAND NEW,2025.0,1,,AMG G63
CAR,SUZUKI,5AA-MH95S  WAGON R,JAPAN,PETROL,658.0,COLOMBO,RECONDITIONED,2025.0,3,5AA-MH95S,WAGON R
CAR,MERCEDES BENZ,EQB 250,GERMANY,ELECTRIC,140.0,COLOMBO,RECONDITIONED,2024.0,1,,EQB 250
CAR,LAND ROVER,RANGE ROVER EVOQUE,UNITED KINGDOM,PETROL,2000.0,COLOMBO,BRAND NEW,2025.0,1,,RANGE ROVER EVOQUE
CAR,MAZDA,5AA-MS92S FLAIR,JAPAN,PETROL,658.0,COLOMBO,RECONDITIONED,2024.0,1,5AA-MS92S,FLAIR
CAR,B.M.W.,3BA-22EE15 X 1,GERMANY,PETROL,1499.0,COLOMBO,RECONDITIONED,2024.0,1,3BA-22EE15,X 1
CAR,NISSAN,5AA-B44A-ROOX,JAPAN,PETROL,659.0,MATARA,RECONDITIONED,2023.0,1,5AA-B44A-ROOX,Unknown
CAR,NISSAN,5BD-DR17V NV 100,JAPAN,PETROL,658.0,KANDY,RECONDITIONED,2023.0,1,5BD-DR17V,NV 100
CAR,HONDA,6AA-RVS   VEZEL,JAPAN,PETROL/ELE,1496.0,COLOMBO,RECONDITIONED,2025.0,1,6AA-RVS,VEZEL
CAR,SUZUKI,5BA-MH85S,JAPAN,PETROL,658.0,GAMPAHA,RECONDITIONED,2023.0,1,5BA-MH85S,WAGONR
CAR,TOYOTA,5AA-A202A RAIZE,JAPAN,PETROL/ELE,78.0,MONERAGALA,RECONDITIONED,2025.0,1,5AA-A202A,RAIZE
CAR,SUZUKI,5AA-MR92S HUSTLER,JAPAN,PETROL,658.0,COLOMBO,RECONDITIONED,2023.0,1,5AA-MR92S,HUSTLER
CAR,TOYOTA,5BA KSP210 YARIS,JAPAN,PETROL,996.0,GALLE,RECONDITIONED,2022.0,1,,5BA KSP210 YARIS
CAR,SUZUKI,5BA-MH85S WAGON R,JAPAN,PETROL,656.0,MATALE,RECONDITIONED,2024.0,1,5BA-MH85S,WAGON R
CAR,SUZUKI,4AA-MN71S XBEE,JAPAN,PETROL,996.0,GAMPAHA,RECONDITIONED,2023.0,1,4AA-MN71S,XBEE
CAR,HONDA,HONDA CITY,THAILAND,PETROL,988.0,RATNAPURA,RECONDITIONED,2025.0,1,,HONDA CITY
CAR,TOYOTA,5BA-A201A RAIZE,JAPAN,PETROL,1196.0,KANDY,RECONDITIONED,2023.0,2,5BA-A201A,RAIZE
CAR,TOYOTA,A250RA-GBVV RAIZE,INDONESIA,PETROL,998.0,BADULLA,BRAND NEW,2025.0,4,,A250RA-GBVV RAIZE
CAR,NISSAN,5BA-B43W  DAYZ,JAPAN,PETROL,658.0,GAMPAHA,RECONDITIONED,2024.0,1,5BA-B43W,DAYZ
CAR,MITSUBISHI,5BA-B33W EK WAGON,JAPAN,PETROL,658.0,ANURADHAPURA,RECONDITIONED,2023.0,1,5BA-B33W,EK WAGON
CAR,DAIHATSU,5BA-LA350SMIRA ES,JAPAN,PETROL,658.0,GAMPAHA,RECONDITIONED,2023.0,1,5BA-LA350SMIRA,ES
CAR,TOYOTA,5AA-A202A RAIZE,JAPAN,PETROL/ELE,78.0,MULLATIVU,RECONDITIONED,2025.0,1,5AA-A202A,RAIZE
CAR,DAIHATSU,5BA-LA910S,JAPAN,PETROL,658.0,KEGALLE,RECONDITIONED,2024.0,1,5BA-LA910S,Unknown
CAR,TOYOTA,3DA-FJA300W,JAPAN,DIESEL,3345.0,KURUNEGALA,RECONDITIONED,2024.0,1,3DA-FJA300W,Unknown
CAR,SUZUKI,5AA-MH95S WAGON R,JAPAN,PETROL,658.0,HAMBANTOTA,RECONDITIONED,2025.0,1,5AA-MH95S,WAGON R
CAR,TOYOTA,3BA-A210A,JAPAN,PETROL,996.0,RATNAPURA,RECONDITIONED,2023.0,1,3BA-A210A,RAIZE G
CAR,BYD,ATTO 3 SUPERIOR,CHINA,ELECTRIC,100.0,KANDY,BRAND NEW,2025.0,1,,ATTO 3 SUPERIOR
CAR,SUZUKI,3BA-HA37S ALTO,JAPAN,PETROL,658.0,KANDY,RECONDITIONED,2024.0,1,3BA-HA37S,ALTO
CAR,DAIHATSU,5BA-LA350S MIRA,JAPAN,PETROL,658.0,KALUTARA,RECONDITIONED,2025.0,1,5BA-LA350S,MIRA
CAR,SUZUKI,4AA-MH55S  WAGON R,JAPAN,PETROL,658.0,BATTICALOA,RECONDITIONED,2022.0,1,4AA-MH55S,WAGON R
CAR,SUZUKI,5BA-DA17V EVERY,JAPAN,PETROL,658.0,KURUNEGALA,RECONDITIONED,2024.0,1,5BA-DA17V,EVERY
CAR,TOYOTA,6BA-MXUA80 HARRIER,JAPAN,PETROL,1987.0,GAMPAHA,RECONDITIONED,2023.0,1,6BA-MXUA80,HARRIER
CAR,TOYOTA,YARIS ATIV PREMIUM,THAILAND,PETROL,1197.0,PUTTALAM,RECONDITIONED,2025.0,1,,YARIS ATIV PREMIUM
CAR,SUZUKI,3BA-DA17W  EVERY,JAPAN,PETROL,658.0,BATTICALOA,RECONDITIONED,2024.0,1,3BA-DA17W,EVERY
CAR,TOYOTA,4BA-M900A  ROOMY,JAPAN,PETROL,996.0,PUTTALAM,RECONDITIONED,2024.0,1,4BA-M900A,ROOMY
CAR,TOYOTA,YARIS ATIV PRE LUX,THAILAND,PETROL,1197.0,KALUTARA,RECONDITIONED,2025.0,1,,YARIS ATIV PRE LUX
CAR,SUZUKI,3BA-DA17W  EVERY,JAPAN,PETROL,658.0,COLOMBO,RECONDITIONED,2022.0,1,3BA-DA17W,EVERY
CAR,SUZUKI,4AA-MN71S XBEE,JAPAN,PETROL,998.0,GAMPAHA,RECONDITIONED,2023.0,1,4AA-MN71S,XBEE
CAR,HONDA,6AA-RV5 VEZEL,JAPAN,PETROL,1496.0,GALLE,RECONDITIONED,2025.0,1,6AA-RV5,VEZEL
CAR,TOYOTA,5BA-M900A ROOMY,JAPAN,PETROL,996.0,ANURADHAPURA,RECONDITIONED,2023.0,1,5BA-M900A,ROOMY
CAR,NISSAN,4AA-B45A,JAPAN,PETROL,658.0,KANDY,RECONDITIONED,2023.0,1,4AA-B45A,Unknown
CAR,HONDA,6AA-RV5,JAPAN,PETROL/ELE,1490.0,GAMPAHA,RECONDITIONED,2024.0,1,6AA-RV5,VEVEL
CAR,VOLKSWAGEN,3BA-C1DKR T-CROSS,GERMANY,PETROL,996.0,KANDY,RECONDITIONED,2023.0,1,3BA-C1DKR,T-CROSS
CAR,DAIHATSU,5BA-A201S ROCKY,JAPAN,PETROL,1196.0,KANDY,RECONDITIONED,2023.0,1,5BA-A201S,ROCKY
CAR,TOYOTA,3BA-NGX50 C HR,JAPAN,PETROL,1196.0,COLOMBO,RECONDITIONED,2022.0,1,3BA-NGX50,C HR
CAR,MITSUBISHI,XPANDER CROSS,INDONESIA,PETROL,1499.0,COLOMBO,BRAND NEW,2025.0,1,,XPANDER CROSS
CAR,MAZDA,5AA-MJ95S,JAPAN,PETROL,656.0,GAMPAHA,RECONDITIONED,2022.0,1,5AA-MJ95S,FLAIR
CAR,SUZUKI,5BD-DA17V  EVERY,JAPAN,PETROL,658.0,PUTTALAM,RECONDITIONED,2023.0,1,5BD-DA17V,EVERY
CAR,TOYOTA,5BA-KSP210 YARIS,JAPAN,PETROL,996.0,ANURADHAPURA,RECONDITIONED,2022.0,1,5BA-KSP210,YARIS
CAR,SUZUKI,3AA-MH95S WAGON R,JAPAN,PETROL,658.0,KURUNEGALA,RECONDITIONED,2025.0,1,3AA-MH95S,WAGON R
CAR,VOLKSWAGEN,3BA-AWDLA POLO,GERMANY,PETROL,999.0,COLOMBO,RECONDITIONED,2024.0,1,3BA-AWDLA,POLO
CAR,MERCEDES BENZ,E-200,GERMANY,PETROL,1999.0,KANDY,BRAND NEW,2025.0,1,,E-200
CAR,KIA,SONET  G1,INDIA,PETROL,998.0,COLOMBO,RECONDITIONED,2025.0,1,,SONET  G1
CAR,PEUGEOT,3BA-P54HN05  408,FRANCE,PETROL,1199.0,COLOMBO,RECONDITIONED,2023.0,1,3BA-P54HN05,408
CAR,TOYOTA,URBAN CRUISER TAISOR,INDIA,PETROL,998.0,MATARA,RECONDITIONED,2025.0,1,,URBAN CRUISER TAISOR
CAR,TOYOTA,3BA-A210A RAIZE,JAPAN,PETROL,996.0,HAMBANTOTA,RECONDITIONED,2025.0,1,3BA-A210A,RAIZE
CAR,TOYOTA,4BA-M900A ROOMY,JAPAN,PETROL,996.0,GALLE,RECONDITIONED,2025.0,1,4BA-M900A,ROOMY
CAR,SUZUKI,4AA-MH55S WAGON R CU,JAPAN,PETROL,658.0,PUTTALAM,RECONDITIONED,2025.0,1,4AA-MH55S,WAGON R CU
CAR,TOYOTA,URBAN CRUISER TAISOR,INDIA,PETROL,998.0,NUWARA-ELIYA,RECONDITIONED,2024.0,1,,URBAN CRUISER TAISOR
CAR,TOYOTA,3BA-VJA300WLCRUISER,JAPAN,PETROL,3440.0,COLOMBO,RECONDITIONED,2023.0,1,3BA-VJA300WLCRUISER,Unknown
CAR,TOYOTA,5BA-M900A ROOMY,JAPAN,PETROL,996.0,POLONNARUWA,RECONDITIONED,2023.0,1,5BA-M900A,ROOMY
CAR,NISSAN,MAGNITE N-CONNECTA,INDIA,PETROL,999.0,MATARA,BRAND NEW,2025.0,2,,MAGNITE N-CONNECTA
CAR,HONDA,6AA-RV5 VEZEL,JAPAN,PETROL,1496.0,COLOMBO,RECONDITIONED,2025.0,1,6AA-RV5,VEZEL
CAR,TOYOTA,3BA-A210A RAIZE,JAPAN,PETROL,996.0,RATNAPURA,RECONDITIONED,2025.0,1,3BA-A210A,RAIZE
CAR,JETOUR,DASHING,CHINA,PETROL,1498.0,KALUTARA,BRAND NEW,2025.0,1,,DASHING
CAR,SUZUKI,4AA-MH55S WAGON R,JAPAN,PETROL,658.0,GALLE,RECONDITIONED,2025.0,1,4AA-MH55S,WAGON R
CAR,HONDA,6AA-RV5 VEZEL,JAPAN,PETROL/ELE,1490.0,COLOMBO,RECONDITIONED,2024.0,1,6AA-RV5,VEZEL
CAR,DAIHATSU,5BA-LA900S TAFT,JAPAN,PETROL,658.0,HAMBANTOTA,RECONDITIONED,2025.0,1,5BA-LA900S,TAFT
CAR,HONDA,6BA-JH3 N WGN,JAPAN,PETROL,658.0,GAMPAHA,RECONDITIONED,2022.0,1,6BA-JH3,N WGN
CAR,TOYOTA,6AA-MXPK11 AQUA,JAPAN,PETROL,1496.0,KANDY,RECONDITIONED,2024.0,1,6AA-MXPK11,AQUA
CAR,TOYOTA,URBAN CRUISER TAISOR,INDIA,PETROL,998.0,RATNAPURA,RECONDITIONED,2025.0,2,,URBAN CRUISER TAISOR
CAR,TOYOTA,5AA-A202A-RAIZE,JAPAN,PETROL/ELE,1196.0,COLOMBO,RECONDITIONED,2022.0,1,5AA-A202A-RAIZE,Unknown
CAR,DAIHATSU,5AA-A202S ROCKY,JAPAN,PETROL/ELE,78.0,MATARA,RECONDITIONED,2023.0,1,5AA-A202S,ROCKY
CAR,HONDA,6AA-RV5 VEZEL,JAPAN,PETROL/ELE,1496.0,TRINCOMALEE,RECONDITIONED,2022.0,1,6AA-RV5,VEZEL
CAR,DAIHATSU,5BA-LA350S MIRA E S,JAPAN,PETROL,658.0,POLONNARUWA,RECONDITIONED,2024.0,1,5BA-LA350S,MIRA E S
CAR,SUZUKI,5AA-MK94S SPACIA,JAPAN,PETROL,658.0,KURUNEGALA,RECONDITIONED,2024.0,1,5AA-MK94S,SPACIA
CAR,TOYOTA,5BA-M700A PASSO,JAPAN,PETROL,996.0,MATALE,RECONDITIONED,2023.0,1,5BA-M700A,PASSO
CAR,NISSAN,5BA-B43W DAYZ,JAPAN,PETROL,658.0,KANDY,RECONDITIONED,2024.0,1,5BA-B43W,DAYZ
CAR,BYD,SEALION 6 PREMIUM,CHINA,PETROL/ELE,1498.0,PUTTALAM,BRAND NEW,2025.0,1,,SEALION 6 PREMIUM
CAR,DAIHATSU,5BA-M900S THOR,JAPAN,PETROL,996.0,POLONNARUWA,RECONDITIONED,2023.0,1,5BA-M900S,THOR
CAR,TOYOTA,3BA-TRJ150W  PRADO,JAPAN,PETROL,2693.0,GAMPAHA,RECONDITIONED,2023.0,1,3BA-TRJ150W,PRADO
CAR,TOYOTA,5AA-A202A RAIZE,JAPAN,PETROL,78.0,BADULLA,RECONDITIONED,2025.0,1,5AA-A202A,RAIZE
CAR,TOYOTA,A250RA-GBVV RAIZE,INDONESIA,PETROL,998.0,COLOMBO,BRAND NEW,2025.0,161,,A250RA-GBVV RAIZE
CAR,HONDA,6AA-RV5 VEZEL,JAPAN,PETROL/ELE,1496.0,TRINCOMALEE,RECONDITIONED,2025.0,4,6AA-RV5,VEZEL
CAR,HONDA,6AA-RV5 VEZEL,JAPAN,PETROL/ELE,1496.0,KURUNEGALA,RECONDITIONED,2023.0,11,6AA-RV5,VEZEL
CAR,TOYOTA,3BA-NGX10   C-HR,JAPAN,PETROL,1196.0,MONERAGALA,RECONDITIONED,2022.0,1,3BA-NGX10,C-HR
CAR,HONDA,6AA-RV5 VEZEL,JAPAN,PETROL/ELE,1496.0,GALLE,RECONDITIONED,2024.0,10,6AA-RV5,VEZEL
CAR,TOYOTA,5BA-M900A ROOMY,JAPAN,PETROL,996.0,GAMPAHA,RECONDITIONED,2022.0,9,5BA-M900A,ROOMY
CAR,TOYOTA,6AA-RV5 VEZEL,JAPAN,PETROL/ELE,1496.0,KANDY,RECONDITIONED,2025.0,1,6AA-RV5,VEZEL
CAR,HONDA,6AA-RV6 VEZEL,JAPAN,PETROL/ELE,1496.0,BATTICALOA,RECONDITIONED,2024.0,1,6AA-RV6,VEZEL
CAR,TOYOTA,YARIS CROSS,THAILAND,PETROL/ELE,1496.0,GAMPAHA,RECONDITIONED,2025.0,14,,YARIS CROSS
CAR,NISSAN,5BA-B43W DAYZ,JAPAN,PETROL,659.0,KURUNEGALA,RECONDITIONED,2024.0,1,5BA-B43W,DAYZ
CAR,DAIHATSU,5BA-LA350S,JAPAN,PETROL,658.0,KANDY,RECONDITIONED,2023.0,2,5BA-LA350S,MIRA  E S
CAR,HONDA,6AA-RV5 VEZEL,JAPAN,PETROL/ELE,1496.0,MATARA,RECONDITIONED,2024.0,19,6AA-RV5,VEZEL
CAR,TOYOTA,RAIZE 5AA-A202A,JAPAN,ELECTRIC,78.0,RATNAPURA,RECONDITIONED,2024.0,1,,RAIZE 5AA-A202A
CAR,PEUGEOT,PEUGEOT  5008,FRANCE,PETROL/ELE,1199.0,RATNAPURA,RECONDITIONED,2025.0,1,,PEUGEOT  5008
CAR,HONDA,6AA-RV5  VEZEL,JAPAN,PETROL/ELE,1496.0,KANDY,RECONDITIONED,2023.0,1,6AA-RV5,VEZEL
CAR,TOYOTA,6AA-MXPK11 AQUA,JAPAN,PETROL/ELE,1496.0,COLOMBO,RECONDITIONED,2024.0,1,6AA-MXPK11,AQUA
CAR,TOYOTA,5BA-KSP210,JAPAN,PETROL,996.0,MATARA,RECONDITIONED,2023.0,2,5BA-KSP210,Unknown
CAR,PEUGEOT,3008 GT,FRANCE,PETROL,1598.0,COLOMBO,BRAND NEW,2025.0,1,,3008 GT
CAR,DAIHATSU,5BA-LA900S,JAPAN,PETROL,658.0,KALUTARA,RECONDITIONED,2024.0,1,5BA-LA900S,GBGF
CAR,TOYOTA,4BA-M900A ROOMY,JAPAN,PETROL,996.0,KURUNEGALA,RECONDITIONED,2025.0,1,4BA-M900A,ROOMY
CAR,DAIHATSU,5BA-LA350S MIRA,JAPAN,PETROL,658.0,COLOMBO,RECONDITIONED,2024.0,18,5BA-LA350S,MIRA
CAR,SUZUKI,5AA-MH95S WAGON R,JAPAN,PETROL,658.0,KURUNEGALA,RECONDITIONED,2024.0,4,5AA-MH95S,WAGON R
CAR,DAIHATSU,5BA-LA350S MIRA,JAPAN,PETROL,658.0,RATNAPURA,RECONDITIONED,2023.0,2,5BA-LA350S,MIRA
CAR,SUZUKI,SWIFT 5AA-ZCEDS,JAPAN,PETROL,1196.0,COLOMBO,RECONDITIONED,2024.0,1,,SWIFT 5AA-ZCEDS
CAR,DAIHATSU,5BA-LA650S TANTO,JAPAN,PETROL,658.0,COLOMBO,RECONDITIONED,2023.0,2,5BA-LA650S,TANTO
CAR,SUZUKI,5BA-MH85S WAGON R,JAPAN,PETROL,658.0,KURUNEGALA,RECONDITIONED,2024.0,5,5BA-MH85S,WAGON R
CAR,TOYOTA,5AA-A202A  RAIZE,JAPAN,ELECTRIC,78.0,COLOMBO,RECONDITIONED,2025.0,3,5AA-A202A,RAIZE
CAR,HONDA,6AA-GR3 FIT,JAPAN,PETROL/ELE,1496.0,COLOMBO,RECONDITIONED,2023.0,2,6AA-GR3,FIT
CAR,NISSAN,5AA-B47W DAYZ,JAPAN,PETROL,659.0,KALUTARA,RECONDITIONED,2024.0,1,5AA-B47W,DAYZ
CAR,HONDA,6AA-RV5 VEZEL,JAPAN,PETROL/ELE,1496.0,ANURADHAPURA,RECONDITIONED,2024.0,4,6AA-RV5,VEZEL
CAR,NISSAN,5BA-B43W  DAYZ,JAPAN,PETROL,650.0,GALLE,RECONDITIONED,2022.0,1,5BA-B43W,DAYZ
CAR,TOYOTA,WIGO A350RA GBNE,INDONESIA,PETROL,998.0,KANDY,BRAND NEW,2025.0,6,,WIGO A350RA GBNE
CAR,NISSAN,MAGNITE ACENTA BR10,INDIA,PETROL,999.0,HAMBANTOTA,BRAND NEW,2025.0,1,,MAGNITE ACENTA BR10
CAR,TOYOTA,NYC200R-DHXHBF,INDONESIA,PETROL/ELE,1496.0,GALLE,BRAND NEW,2025.0,2,,NYC200R-DHXHBF
CAR,DAIHATSU,5BA-LA350S  MIRA,JAPAN,PETROL,658.0,KURUNEGALA,RECONDITIONED,2023.0,1,5BA-LA350S,MIRA
CAR,DONGFENG,BOX E3,CHINA,ELECTRIC,50.0,HAMBANTOTA,BRAND NEW,2025.0,1,,BOX E3
CAR,SUZUKI,3BD-DA17V EVERY,JAPAN,PETROL,656.0,ANURADHAPURA,RECONDITIONED,2025.0,1,3BD-DA17V,EVERY
CAR,DAIHATSU,5AA-A202S ROCKY,JAPAN,PETROL/ELE,78.0,COLOMBO,RECONDITIONED,2024.0,2,5AA-A202S,ROCKY
CAR,DAIHATSU,5AA-A202S  ROCKY,JAPAN,PETROL/ELE,78.0,KURUNEGALA,RECONDITIONED,2024.0,1,5AA-A202S,ROCKY
CAR,SUZUKI,5AA-MH95S WAGON R,JAPAN,PETROL,658.0,COLOMBO,RECONDITIONED,2023.0,13,5AA-MH95S,WAGON R
CAR,NISSAN,5AA-B44A ROOX,JAPAN,PETROL,658.0,COLOMBO,RECONDITIONED,2023.0,6,5AA-B44A,ROOX
CAR,TOYOTA,5BA-M700A PASSO,JAPAN,PETROL,996.0,KALUTARA,RECONDITIONED,2023.0,1,5BA-M700A,PASSO
CAR,TOYOTA,3BA-A210A RAIZE,JAPAN,PETROL,996.0,MATARA,RECONDITIONED,2025.0,2,3BA-A210A,RAIZE
CAR,HONDA,6BA-JF3 N BOX,JAPAN,PETROL,656.0,KALUTARA,RECONDITIONED,2023.0,1,6BA-JF3,N BOX
CAR,SUZUKI,5AA-MH95S WAGON R,JAPAN,PETROL,658.0,KURUNEGALA,RECONDITIONED,2022.0,1,5AA-MH95S,WAGON R
CAR,BYD,SEALION 6 SUPERIOR,CHINA,PETROL/ELE,1498.0,TRINCOMALEE,BRAND NEW,2025.0,3,,SEALION 6 SUPERIOR
CAR,DONGFENG,BOX E3,CHINA,ELECTRIC,50.0,COLOMBO,BRAND NEW,2025.0,15,,BOX E3
CAR,SUZUKI,5AA-MK94S SPACIA,JAPAN,PETROL,658.0,MATARA,RECONDITIONED,2024.0,2,5AA-MK94S,SPACIA
CAR,TOYOTA,5AA-A202A RAIZE,JAPAN,PETROL/ELE,1196.0,KANDY,RECONDITIONED,2025.0,6,5AA-A202A,RAIZE
CAR,SUZUKI,S-PRESSO VX1,INDIA,PETROL,998.0,GAMPAHA,BRAND NEW,2025.0,1,,S-PRESSO VX1
CAR,NISSAN,5AA-B44W DAYZ,JAPAN,PETROL,658.0,COLOMBO,RECONDITIONED,2024.0,6,5AA-B44W,DAYZ
CAR,KIA,SPORTAGE,KOREA,PETROL/ELE,1598.0,GAMPAHA,BRAND NEW,2025.0,1,,SPORTAGE
CAR,NISSAN,MAGNITE N-CONNECTA,INDIA,PETROL,999.0,GALLE,BRAND NEW,2025.0,1,,MAGNITE N-CONNECTA
CAR,HONDA,6AA-RV5,JAPAN,PETROL/ELE,1496.0,COLOMBO,RECONDITIONED,2024.0,7,6AA-RV5,VEVEL
CAR,SUZUKI,5BA-MH85S WAGON R,JAPAN,PETROL,656.0,GALLE,RECONDITIONED,2024.0,1,5BA-MH85S,WAGON R
CAR,MAZDA,5AA-MM53S FLAIR,JAPAN,PETROL,658.0,BADULLA,RECONDITIONED,2023.0,1,5AA-MM53S,FLAIR
CAR,TOYOTA,3BA-210A RAIZE,JAPAN,PETROL,996.0,KURUNEGALA,RECONDITIONED,2023.0,1,3BA-210A,RAIZE
CAR,HONDA,5BA-RP6 SPADA,JAPAN,PETROL,1496.0,COLOMBO,RECONDITIONED,2024.0,1,5BA-RP6,SPADA
CAR,CHANGAN,S 07,CHINA,ELECTRIC,99.0,GAMPAHA,BRAND NEW,2025.0,7,,S 07
CAR,SUZUKI,FRONX,INDIA,PETROL,998.0,KALUTARA,BRAND NEW,2025.0,5,,FRONX
CAR,NISSAN,MAGNITE ACENTA BR10,INDIA,PETROL,999.0,GALLE,BRAND NEW,2025.0,3,,MAGNITE ACENTA BR10
CAR,SUZUKI,5AA-MK94S SPACIA,JAPAN,PETROL,658.0,MATARA,RECONDITIONED,2023.0,1,5AA-MK94S,SPACIA
CAR,SUZUKI,FRONX,INDIA,PETROL,998.0,MATALE,BRAND NEW,2025.0,2,,FRONX
CAR,TOYOTA,5AA-A202A RAIZE,JAPAN,PETROL/ELE,78.0,KANDY,RECONDITIONED,2023.0,3,5AA-A202A,RAIZE
CAR,HONDA,6BA-JH3 N-WGN,JAPAN,PETROL,658.0,KANDY,RECONDITIONED,2025.0,1,6BA-JH3,N-WGN
CAR,BYD,ATTO-3-SUPERIOR,CHINA,ELECTRIC,100.0,KEGALLE,BRAND NEW,2025.0,4,ATTO-3-SUPERIOR,Unknown
CAR,BYD,SEALION 6 SUPERIOR,CHINA,PETROL/ELE,1498.0,ANURADHAPURA,BRAND NEW,2025.0,6,,SEALION 6 SUPERIOR
CAR,TOYOTA,5BA-M900A ROOMY,JAPAN,PETROL,996.0,KURUNEGALA,RECONDITIONED,2023.0,8,5BA-M900A,ROOMY
CAR,TOYOTA,5BA-LA360A PIXIS,JAPAN,PETROL,658.0,KANDY,RECONDITIONED,2024.0,1,5BA-LA360A,PIXIS
CAR,DAIHATSU,5BA-LA350S MIRA,JAPAN,PETROL,658.0,RATNAPURA,RECONDITIONED,2024.0,2,5BA-LA350S,MIRA
CAR,TOYOTA,5BA-KSP210 YARIS,JAPAN,PETROL,996.0,JAFFNA,RECONDITIONED,2023.0,3,5BA-KSP210,YARIS
CAR,SUZUKI,4AA-MH55S WAGON R,JAPAN,PETROL,658.0,KALUTARA,RECONDITIONED,2023.0,1,4AA-MH55S,WAGON R
CAR,SUZUKI,4AA-MK54S SPACIA,JAPAN,PETROL,568.0,KURUNEGALA,RECONDITIONED,2024.0,1,4AA-MK54S,SPACIA
CAR,MERCEDES BENZ,5AA-206042C C200,GERMANY,PETROL,1496.0,ANURADHAPURA,RECONDITIONED,2023.0,1,5AA-206042C,C200
CAR,SUZUKI,5BA-MH85S WAGON R,JAPAN,PETROL,656.0,COLOMBO,RECONDITIONED,2024.0,9,5BA-MH85S,WAGON R
CAR,NISSAN,ALMERA-VL,THAILAND,PETROL,999.0,COLOMBO,RECONDITIONED,2025.0,1,,ALMERA-VL
CAR,NISSAN,5AA-B44W DAYZ,JAPAN,PETROL,656.0,GAMPAHA,RECONDITIONED,2024.0,1,5AA-B44W,DAYZ
CAR,NISSAN,5BA-B43W  DAYZ,JAPAN,PETROL,658.0,GAMPAHA,RECONDITIONED,2023.0,1,5BA-B43W,DAYZ
CAR,TOYOTA,5BA-A201A RAIZE,JAPAN,PETROL,1196.0,KURUNEGALA,RECONDITIONED,2024.0,2,5BA-A201A,RAIZE
CAR,NISSAN,5BA-B43W DAYZ,JAPAN,PETROL,658.0,MATARA,RECONDITIONED,2023.0,4,5BA-B43W,DAYZ
CAR,HONDA,6AA-RV5  VEZEL,JAPAN,PETROL/ELE,1496.0,GAMPAHA,RECONDITIONED,2024.0,3,6AA-RV5,VEZEL
CAR,TOYOTA,5BA-KSP210  YARIS,JAPAN,PETROL,996.0,ANURADHAPURA,RECONDITIONED,2022.0,1,5BA-KSP210,YARIS
CAR,DAIHATSU,5BA-LA350S  MIRA,JAPAN,PETROL,658.0,GALLE,RECONDITIONED,2023.0,3,5BA-LA350S,MIRA
CAR,TOYOTA,3BA-A210A RAIZE,JAPAN,PETROL,996.0,GAMPAHA,RECONDITIONED,2022.0,1,3BA-A210A,RAIZE
CAR,DAIHATSU,5BA-LA900STAFT,JAPAN,PETROL,658.0,GAMPAHA,RECONDITIONED,2023.0,1,5BA-LA900STAFT,Unknown
CAR,TOYOTA,3BA-A210A RAIZE,JAPAN,PETROL,996.0,COLOMBO,RECONDITIONED,2023.0,18,3BA-A210A,RAIZE
CAR,TOYOTA,5BA-M700A PASSO,JAPAN,PETROL,996.0,COLOMBO,RECONDITIONED,2023.0,3,5BA-M700A,PASSO
CAR,DAIHATSU,5BA-LA900S,JAPAN,PETROL,658.0,COLOMBO,RECONDITIONED,2023.0,2,5BA-LA900S,GBGF
CAR,SUZUKI,5AA-HA97S ALTO,JAPAN,PETROL,658.0,GAMPAHA,RECONDITIONED,2023.0,1,5AA-HA97S,ALTO
CAR,SUZUKI,3BA-HA37S ALTO,JAPAN,PETROL,658.0,GALLE,RECONDITIONED,2023.0,3,3BA-HA37S,ALTO
CAR,SUZUKI,4AA-MH55S WAGON R,JAPAN,PETROL,658.0,COLOMBO,RECONDITIONED,2025.0,2,4AA-MH55S,WAGON R
CAR,TOYOTA,3BA-A210A  RAIZE,JAPAN,PETROL,996.0,TRINCOMALEE,RECONDITIONED,2022.0,1,3BA-A210A,RAIZE
CAR,HONDA,HONDA CITY RS,THAILAND,PETROL,988.0,COLOMBO,RECONDITIONED,2025.0,1,,HONDA CITY RS
CAR,MITSUBISHI,5AA-B34W,JAPAN,PETROL,659.0,KALUTARA,RECONDITIONED,2023.0,1,5AA-B34W,EK
CAR,SUZUKI,4AA-MK54S SPACIA,JAPAN,PETROL,658.0,PUTTALAM,RECONDITIONED,2025.0,1,4AA-MK54S,SPACIA
CAR,TOYOTA,3BA-A210A RAIZE,JAPAN,PETROL,996.0,KALUTARA,RECONDITIONED,2025.0,4,3BA-A210A,RAIZE
CAR,TOYOTA,3BA-TRJ250W PRADO,JAPAN,PETROL,2693.0,PUTTALAM,RECONDITIONED,2024.0,1,3BA-TRJ250W,PRADO
CAR,SUZUKI,5AA-MK94S SPACIA,JAPAN,PETROL,657.0,BATTICALOA,RECONDITIONED,2024.0,1,5AA-MK94S,SPACIA
CAR,TOYOTA,5BA-M900A ROOMY,JAPAN,PETROL,996.0,BADULLA,RECONDITIONED,2022.0,1,5BA-M900A,ROOMY
CAR,DAIHATSU,3BD-S700V HIJET,JAPAN,PETROL,658.0,COLOMBO,RECONDITIONED,2024.0,2,3BD-S700V,HIJET
CAR,SUZUKI,3BA-HA37S,JAPAN,PETROL,658.0,HAMBANTOTA,RECONDITIONED,2023.0,1,3BA-HA37S,Unknown
CAR,TOYOTA,3BA-A210A,JAPAN,PETROL,996.0,COLOMBO,RECONDITIONED,2024.0,3,3BA-A210A,RAIZE G
CAR,DAIHATSU,5BA-LA350S MIRA ES,JAPAN,PETROL,658.0,RATNAPURA,RECONDITIONED,2023.0,1,5BA-LA350S,MIRA ES
CAR,HONDA,6AA-RV5   VEZEL,JAPAN,PETROL/ELE,1496.0,COLOMBO,RECONDITIONED,2024.0,1,6AA-RV5,VEZEL
CAR,MAZDA,5AA-MJ95S,JAPAN,PETROL,658.0,GAMPAHA,RECONDITIONED,2023.0,1,5AA-MJ95S,FLAIR
CAR,TOYOTA,5AA-A202A RAIZE,JAPAN,ELECTRIC,78.0,PUTTALAM,RECONDITIONED,2025.0,5,5AA-A202A,RAIZE
CAR,TOYOTA,5BA-KSP210 YARIS,JAPAN,PETROL,996.0,BADULLA,RECONDITIONED,2023.0,3,5BA-KSP210,YARIS
CAR,SUZUKI,5AA-MH95S WAGON R,JAPAN,PETROL,656.0,HAMBANTOTA,RECONDITIONED,2025.0,1,5AA-MH95S,WAGON R
CAR,HONDA,CITY TURBO RS,THAILAND,PETROL,988.0,PUTTALAM,RECONDITIONED,2025.0,1,,CITY TURBO RS
CAR,SUZUKI,5AA-MK53S  SPACIA,JAPAN,PETROL,658.0,KURUNEGALA,RECONDITIONED,2023.0,1,5AA-MK53S,SPACIA
CAR,TOYOTA,5AA-A202A RAIZE,JAPAN,PETROL/ELE,78.0,GALLE,RECONDITIONED,2024.0,2,5AA-A202A,RAIZE
CAR,BYD,SEALION 6 SUPERIOR,CHINA,PETROL/ELE,1498.0,AMPARA,BRAND NEW,2025.0,3,,SEALION 6 SUPERIOR
CAR,HONDA,CITY RS,THAILAND,PETROL,988.0,MATARA,RECONDITIONED,2025.0,4,,CITY RS
CAR,BYD,M6 SUPERIOR,CHINA,ELECTRIC,100.0,GAMPAHA,BRAND NEW,2025.0,3,,M6 SUPERIOR
CAR,SUZUKI,5AA-ZCEDS SWIFT,JAPAN,PETROL,1196.0,COLOMBO,RECONDITIONED,2024.0,3,5AA-ZCEDS,SWIFT
CAR,TOYOTA,5BA--LA350A PIXIS,JAPAN,PETROL,656.0,GAMPAHA,RECONDITIONED,2024.0,1,5BA--LA350A,PIXIS
CAR,SUZUKI,5BA-MH85S,JAPAN,PETROL,658.0,KURUNEGALA,RECONDITIONED,2024.0,2,5BA-MH85S,WAGONR
CAR,SUZUKI,3BD-DA17V EVERY,JAPAN,PETROL,658.0,KALUTARA,RECONDITIONED,2025.0,1,3BD-DA17V,EVERY
CAR,TOYOTA,5BA-KSP210 YARIS,JAPAN,PETROL,996.0,MONERAGALA,RECONDITIONED,2023.0,1,5BA-KSP210,YARIS
CAR,TOYOTA,5AA-A202A,JAPAN,PETROL/ELE,1196.0,GAMPAHA,RECONDITIONED,2024.0,1,5AA-A202A,RAIZE Z
CAR,PERODUA,AXIA CG1GZ,MALAYSIA,PETROL,998.0,POLONNARUWA,BRAND NEW,2025.0,1,,AXIA CG1GZ
CAR,LAND ROVER,RANGE ROVER AUTOBIO,UNITED KINGDOM,PETROL/ELE,2996.0,GALLE,RECONDITIONED,2025.0,1,,RANGE ROVER AUTOBIO
CAR,MITSUBISHI,4AA-B35W EK X,JAPAN,PETROL,658.0,AMPARA,RECONDITIONED,2024.0,1,4AA-B35W,EK X
CAR,SUZUKI,5AA-HA97S,JAPAN,PETROL,658.0,GAMPAHA,RECONDITIONED,2024.0,1,5AA-HA97S,ALTO
CAR,MG4,MG 4 ICON X,THAILAND,ELECTRIC,125.0,COLOMBO,RECONDITIONED,2024.0,1,,MG 4 ICON X
CAR,NISSAN,MAGNITE N-CONNECTA,INDIA,PETROL,999.0,KURUNEGALA,BRAND NEW,2025.0,2,,MAGNITE N-CONNECTA
CAR,SUZUKI,4AA-MN71S XBEE,JAPAN,PETROL,996.0,COLOMBO,RECONDITIONED,2023.0,2,4AA-MN71S,XBEE
CAR,TOYOTA,6AA-MXPJ10 YARIS,JAPAN,PETROL/ELE,1490.0,KANDY,RECONDITIONED,2024.0,2,6AA-MXPJ10,YARIS
CAR,SUZUKI,5AA-MK94S SPACIA,JAPAN,PETROL,657.0,KURUNEGALA,RECONDITIONED,2023.0,1,5AA-MK94S,SPACIA
CAR,TOYOTA,3BA-TRJ250W,JAPAN,PETROL,2698.0,KURUNEGALA,RECONDITIONED,2024.0,1,3BA-TRJ250W,VX
CAR,SUZUKI,4AA-MK54S,JAPAN,PETROL,658.0,KANDY,RECONDITIONED,2024.0,1,4AA-MK54S,HYBRID XS
CAR,TOYOTA,YARIS ATIVE,THAILAND,PETROL,1197.0,MONERAGALA,RECONDITIONED,2025.0,1,,YARIS ATIVE
CAR,TOYOTA,5AA-A202A RAIZE,JAPAN,PETROL/ELE,1196.0,KURUNEGALA,RECONDITIONED,2025.0,4,5AA-A202A,RAIZE
CAR,HONDA,CR-V VTI-L7,AUSTRALIA,PETROL,1498.0,MATALE,RECONDITIONED,2024.0,1,CR-V,VTI-L7
CAR,HONDA,CITY RS TURBO,THAILAND,PETROL,988.0,KURUNEGALA,RECONDITIONED,2025.0,1,,CITY RS TURBO
CAR,TOYOTA,5BA-A201A RAIZE,JAPAN,PETROL,1196.0,GALLE,RECONDITIONED,2024.0,4,5BA-A201A,RAIZE
CAR,NISSAN,5BA-B43W  DAYS,JAPAN,PETROL,658.0,GAMPAHA,RECONDITIONED,2024.0,1,5BA-B43W,DAYS
CAR,HONDA,CITY,THAILAND,PETROL,988.0,MATARA,RECONDITIONED,2025.0,1,,CITY
CAR,SUZUKI,3BA-DA17W WAGON,JAPAN,PETROL,658.0,KURUNEGALA,RECONDITIONED,2025.0,1,3BA-DA17W,WAGON
CAR,SUZUKI,DA64V EVERY,JAPAN,PETROL,658.0,HAMBANTOTA,BOUGHT FROM AUCTION,2007.0,1,,DA64V EVERY
CAR,TOYOTA,5BA-A201A RAIZE,JAPAN,PETROL,1196.0,KANDY,RECONDITIONED,2022.0,1,5BA-A201A,RAIZE
CAR,DAIHATSU,5BA-LA350S MIRA E.S,JAPAN,PETROL,658.0,MATARA,RECONDITIONED,2024.0,1,5BA-LA350S,MIRA E.S
CAR,TOYOTA,5AA-A202A,JAPAN,PETROL/ELE,78.0,RATNAPURA,RECONDITIONED,2025.0,1,5AA-A202A,RAIZE Z
CAR,HONDA,6AA-RV5 VEZEL,JAPAN,PETROL/ELE,1496.0,BATTICALOA,RECONDITIONED,2024.0,2,6AA-RV5,VEZEL
CAR,NISSAN,5AA-B44W DAYZ,JAPAN,PETROL,658.0,COLOMBO,RECONDITIONED,2023.0,3,5AA-B44W,DAYZ
CAR,DAIHATSU,5BA-LA350S MIRA ES,JAPAN,PETROL,658.0,GAMPAHA,RECONDITIONED,2024.0,5,5BA-LA350S,MIRA ES
CAR,NISSAN,5AA-B44A ROOX,JAPAN,PETROL,658.0,HAMBANTOTA,RECONDITIONED,2023.0,1,5AA-B44A,ROOX
CAR,MITSUBISHI,5BD-DS17V MINICAB,JAPAN,PETROL,658.0,COLOMBO,RECONDITIONED,2023.0,1,5BD-DS17V,MINICAB
CAR,NISSAN,5AA-B44W DAYZ,JAPAN,PETROL/ELE,659.0,COLOMBO,RECONDITIONED,2025.0,1,5AA-B44W,DAYZ
CAR,TOYOTA,5AA-A202A RAIZE,JAPAN,PETROL,1196.0,MATALE,RECONDITIONED,2025.0,1,5AA-A202A,RAIZE
CAR,TOYOTA,3BA-A210A RAIZE,JAPAN,PETROL,996.0,HAMBANTOTA,RECONDITIONED,2024.0,2,3BA-A210A,RAIZE
CAR,SUZUKI,4AA-MK54S SPACIA,JAPAN,PETROL,658.0,KANDY,RECONDITIONED,2023.0,1,4AA-MK54S,SPACIA
CAR,DAIHATSU,5BA-LA350S,JAPAN,PETROL,650.0,RATNAPURA,RECONDITIONED,2024.0,1,5BA-LA350S,MIRA  E S
CAR,DAIHATSU,3BA-A210S ROCKY,JAPAN,PETROL,996.0,COLOMBO,RECONDITIONED,2023.0,1,3BA-A210S,ROCKY
CAR,HONDA,6BA-JF5 N-BOX,JAPAN,PETROL,658.0,GAMPAHA,RECONDITIONED,2024.0,1,6BA-JF5,N-BOX
CAR,TOYOTA,6AA-MXPJ10 YARIS,JAPAN,PETROL/ELE,1496.0,JAFFNA,RECONDITIONED,2025.0,2,6AA-MXPJ10,YARIS
CAR,HONDA,6AA-RV5 VEZEL,JAPAN,PETROL/ELE,1496.0,MATALE,RECONDITIONED,2023.0,1,6AA-RV5,VEZEL
CAR,TOYOTA,6AA-MXPJ10  YARIS,JAPAN,PETROL/ELE,1496.0,GALLE,RECONDITIONED,2023.0,1,6AA-MXPJ10,YARIS
CAR,LAND ROVER,RANGE ROVER AUTOBIO,UNITED KINGDOM,PETROL/ELE,2996.0,COLOMBO,RECONDITIONED,2025.0,3,,RANGE ROVER AUTOBIO
CAR,MERCEDES BENZ,5AA-206042C C200,GERMANY,PETROL,1496.0,COLOMBO,RECONDITIONED,2023.0,2,5AA-206042C,C200
CAR,SUZUKI,5AA-MH95S WAGON R,JAPAN,PETROL,658.0,VAVUNIYA,RECONDITIONED,2025.0,1,5AA-MH95S,WAGON R
CAR,HONDA,CITY RS,THAILAND,PETROL,988.0,PUTTALAM,RECONDITIONED,2025.0,1,,CITY RS
CAR,TOYOTA,5AA-A202A,JAPAN,PETROL/ELE,78.0,KALUTARA,RECONDITIONED,2025.0,1,5AA-A202A,RAIZE Z
CAR,TOYOTA,4BA-M900A ROOMY,JAPAN,PETROL,996.0,COLOMBO,RECONDITIONED,2023.0,6,4BA-M900A,ROOMY
CAR,DAIHATSU,5BA-LA350S,JAPAN,PETROL,658.0,BADULLA,RECONDITIONED,2023.0,1,5BA-LA350S,MIRA  E S
CAR,SUZUKI,5AA-HA97S ALTO,JAPAN,PETROL,658.0,KALUTARA,RECONDITIONED,2023.0,1,5AA-HA97S,ALTO
CAR,TOYOTA,NYC200R-DHXHBF,INDONESIA,PETROL/ELE,1496.0,JAFFNA,BRAND NEW,2025.0,2,,NYC200R-DHXHBF
CAR,SUZUKI,5BD-DA17V EVERY,JAPAN,PETROL,658.0,MATALE,RECONDITIONED,2025.0,1,5BD-DA17V,EVERY
CAR,SUZUKI,5BD-DA17V EVERY,JAPAN,PETROL,650.0,KALUTARA,RECONDITIONED,2025.0,1,5BD-DA17V,EVERY
CAR,TOYOTA,6AA-MXPJ10,JAPAN,PETROL/ELE,1490.0,COLOMBO,RECONDITIONED,2023.0,1,6AA-MXPJ10,CROSS
CAR,MITSUBISHI,4AA-B35W EK X,JAPAN,PETROL,658.0,COLOMBO,RECONDITIONED,2023.0,1,4AA-B35W,EK X
CAR,TOYOTA,5BA-A202A RAIZE,JAPAN,PETROL/ELE,1196.0,GAMPAHA,RECONDITIONED,2025.0,1,5BA-A202A,RAIZE
CAR,TOYOTA,5BA-M900A  ROOMY,JAPAN,PETROL,996.0,MATALE,RECONDITIONED,2023.0,1,5BA-M900A,ROOMY
CAR,TOYOTA,3BA-A210A RAIZE,JAPAN,PETROL,996.0,PUTTALAM,RECONDITIONED,2023.0,3,3BA-A210A,RAIZE
CAR,TOYOTA,3BA-TRJ150W  PRADO,JAPAN,PETROL,2696.0,ANURADHAPURA,RECONDITIONED,2023.0,1,3BA-TRJ150W,PRADO
CAR,AUDI,Q7,GERMANY,PETROL,1984.0,COLOMBO,RECONDITIONED,2025.0,1,,Q7
CAR,SUZUKI,5BD-DA17V EVERY,JAPAN,PETROL,658.0,BADULLA,RECONDITIONED,2023.0,1,5BD-DA17V,EVERY
CAR,AUDI,3AA-F3DFY Q3,GERMANY,PETROL,1497.0,COLOMBO,RECONDITIONED,2024.0,2,3AA-F3DFY,Q3
CAR,NISSAN,5AA-B44W DAYZ,JAPAN,PETROL,658.0,GALLE,RECONDITIONED,2024.0,1,5AA-B44W,DAYZ
CAR,NISSAN,6AA-GFC28 SERENA,JAPAN,PETROL/ELE,1433.0,GAMPAHA,RECONDITIONED,2025.0,1,6AA-GFC28,SERENA
CAR,TOYOTA,6AA-ZVG13 CROSS,JAPAN,PETROL/ELE,1797.0,KANDY,RECONDITIONED,2024.0,1,6AA-ZVG13,CROSS
CAR,HONDA,CITY SV,THAILAND,PETROL,988.0,GALLE,RECONDITIONED,2025.0,1,,CITY SV
CAR,SUZUKI,5BD-DA17V,JAPAN,PETROL,658.0,COLOMBO,RECONDITIONED,2024.0,1,5BD-DA17V,EVEVRY
CAR,TOYOTA,6AA-MXPJ10,JAPAN,PETROL/ELE,1496.0,KEGALLE,RECONDITIONED,2023.0,1,6AA-MXPJ10,CROSS
CAR,SUZUKI,5AA-MH95S WAGON R,JAPAN,PETROL,658.0,VAVUNIYA,RECONDITIONED,2024.0,2,5AA-MH95S,WAGON R
CAR,MAZDA,3BA-DG17W SCRUM,JAPAN,PETROL,658.0,KANDY,RECONDITIONED,2023.0,1,3BA-DG17W,SCRUM
CAR,HONDA,5BA-RZ3 ZR-V,JAPAN,PETROL,1490.0,COLOMBO,RECONDITIONED,2024.0,1,5BA-RZ3,ZR-V
CAR,MITSUBISHI,NC1WXRPGRV1 XPANDER,INDONESIA,PETROL,1499.0,COLOMBO,BRAND NEW,2025.0,2,,NC1WXRPGRV1 XPANDER
CAR,SUZUKI,5AA-MK94S SPACIA,JAPAN,PETROL,658.0,KANDY,RECONDITIONED,2025.0,2,5AA-MK94S,SPACIA
CAR,TOYOTA,5BA-M900A,JAPAN,PETROL,996.0,GAMPAHA,RECONDITIONED,2023.0,1,5BA-M900A,ROOMY
CAR,NISSAN,3BA-DR17W CLIPPER,JAPAN,PETROL,658.0,KURUNEGALA,RECONDITIONED,2024.0,1,3BA-DR17W,CLIPPER
CAR,SUZUKI,5BD-DA17V EVERY,JAPAN,PETROL,658.0,KEGALLE,RECONDITIONED,2024.0,2,5BD-DA17V,EVERY
CAR,MAZDA,5AA-MM53S FLAIR,JAPAN,PETROL,658.0,COLOMBO,RECONDITIONED,2023.0,1,5AA-MM53S,FLAIR
CAR,NISSAN,5BD-DR17V CLIPPER,JAPAN,PETROL,658.0,JAFFNA,RECONDITIONED,2025.0,1,5BD-DR17V,CLIPPER
CAR,NISSAN,4AA-B45A  ROOX,JAPAN,PETROL,658.0,KANDY,RECONDITIONED,2024.0,1,4AA-B45A,ROOX
CAR,NISSAN,5BD-DR17V  CLIPPER,JAPAN,PETROL,658.0,KURUNEGALA,RECONDITIONED,2024.0,1,5BD-DR17V,CLIPPER
CAR,TOYOTA,5BA-M900A ROOMY,JAPAN,PETROL,996.0,POLONNARUWA,RECONDITIONED,2024.0,2,5BA-M900A,ROOMY
CAR,KIA,SONET,INDIA,PETROL,998.0,MATARA,BRAND NEW,2025.0,1,,SONET
CAR,DAIHATSU,5BA-LA350S   MIRA,JAPAN,PETROL,658.0,COLOMBO,RECONDITIONED,2023.0,1,5BA-LA350S,MIRA
CAR,SUZUKI,5BD-DA17V EVERY,JAPAN,PETROL,658.0,GALLE,RECONDITIONED,2024.0,4,5BD-DA17V,EVERY
CAR,TOYOTA,3BA-A210A RAIZE,JAPAN,PETROL,996.0,BATTICALOA,RECONDITIONED,2023.0,2,3BA-A210A,RAIZE
CAR,LAND ROVER,RANGE ROVER P400,UNITED KINGDOM,PETROL,2996.0,COLOMBO,RECONDITIONED,2025.0,1,,RANGE ROVER P400
CAR,SUZUKI,5AA-MH95S WAGON R,JAPAN,PETROL,658.0,VAVUNIYA,RECONDITIONED,2022.0,1,5AA-MH95S,WAGON R
CAR,TOYOTA,5AA-A202A,JAPAN,PETROL/ELE,78.0,COLOMBO,RECONDITIONED,2022.0,1,5AA-A202A,RAIZE Z
CAR,MAHINDRA,KUV100 NXT AMT,SRI LANKA,DIESEL,1198.0,GAMPAHA,BRAND NEW-L/ASSEMBLE,2025.0,1,,KUV100 NXT AMT
CAR,NISSAN,6AA-T33  X TRAIL,JAPAN,PETROL/ELE,157.0,COLOMBO,RECONDITIONED,2023.0,1,6AA-T33,X TRAIL
CAR,TOYOTA,5AA-A202A  RAIZE,JAPAN,ELECTRIC,78.0,COLOMBO,RECONDITIONED,2022.0,2,5AA-A202A,RAIZE
CAR,JETOUR,X70 PLUS,CHINA,PETROL,1498.0,PUTTALAM,BRAND NEW,2025.0,1,,X70 PLUS
CAR,SUZUKI,5BA MH85S WAGON R,JAPAN,PETROL,658.0,COLOMBO,RECONDITIONED,2023.0,1,,5BA MH85S WAGON R
CAR,HONDA,CR-V VTI LX AWD,AUSTRALIA,PETROL,1498.0,COLOMBO,RECONDITIONED,2024.0,1,CR-V,VTI LX AWD
CAR,TOYOTA,5BA-KSP210 YARIS,JAPAN,PETROL,996.0,KALUTARA,RECONDITIONED,2025.0,1,5BA-KSP210,YARIS
CAR,HONDA,6AA RV5 VEZEL,JAPAN,PETROL/ELE,1496.0,PUTTALAM,RECONDITIONED,2025.0,1,,6AA RV5 VEZEL
CAR,LAND ROVER,3BA-LE72XAA,JAPAN,PETROL,1997.0,COLOMBO,RECONDITIONED,2025.0,1,3BA-LE72XAA,Unknown
CAR,TOYOTA,5AA-A202A RAIZE,JAPAN,PETROL/ELE,78.0,KALUTARA,RECONDITIONED,2022.0,2,5AA-A202A,RAIZE
CAR,SUZUKI,3BA DA17W  EVERY,JAPAN,PETROL,658.0,GAMPAHA,RECONDITIONED,2024.0,1,,3BA DA17W  EVERY
CAR,TOYOTA,3BA-A201A RAIZE,JAPAN,PETROL,996.0,COLOMBO,RECONDITIONED,2022.0,1,3BA-A201A,RAIZE
CAR,SUZUKI,5BA-MH85S WAGON R,JAPAN,PETROL,656.0,KANDY,RECONDITIONED,2025.0,2,5BA-MH85S,WAGON R
CAR,TOYOTA,3BA-VJA300W,JAPAN,PETROL,3444.0,KURUNEGALA,RECONDITIONED,2025.0,1,3BA-VJA300W,Unknown
CAR,TOYOTA,5BA-A201A RAIZE,JAPAN,PETROL,1196.0,MATALE,RECONDITIONED,2025.0,1,5BA-A201A,RAIZE
CAR,TOYOTA,5BA-KSP210 YARIS,JAPAN,PETROL,996.0,BADULLA,RECONDITIONED,2025.0,2,5BA-KSP210,YARIS
CAR,NISSAN,MAGNITE N-CONNECTA,INDIA,PETROL,999.0,MATALE,BRAND NEW,2025.0,1,,MAGNITE N-CONNECTA
CAR,DAIHATSU,5AA-A202S ROCKY,JAPAN,ELECTRIC,78.0,GAMPAHA,RECONDITIONED,2022.0,1,5AA-A202S,ROCKY
CAR,SUZUKI,3BD-DA17V EVERY,JAPAN,PETROL,658.0,GAMPAHA,RECONDITIONED,2024.0,3,3BD-DA17V,EVERY
CAR,TOYOTA,URBAN CRUISER TRISOR,INDIA,PETROL,998.0,KURUNEGALA,RECONDITIONED,2025.0,1,,URBAN CRUISER TRISOR
CAR,VOLKSWAGEN,TAIGUN GT LINE 1.0,INDIA,PETROL,999.0,COLOMBO,RECONDITIONED,2025.0,1,,TAIGUN GT LINE 1.0
CAR,TOYOTA,5AA-A202A  RAIZE,JAPAN,PETROL/ELE,78.0,KALUTARA,RECONDITIONED,2025.0,1,5AA-A202A,RAIZE
CAR,SUBARU,5BA-LA650F CHIFFON,JAPAN,PETROL,658.0,COLOMBO,RECONDITIONED,2023.0,1,5BA-LA650F,CHIFFON
CAR,TOYOTA,URBAN CRUISER TAISER,INDIA,PETROL,998.0,MONERAGALA,RECONDITIONED,2025.0,1,,URBAN CRUISER TAISER
CAR,SUZUKI,4AA-MK54S SPACIA,JAPAN,PETROL,658.0,NUWARA-ELIYA,RECONDITIONED,2024.0,2,4AA-MK54S,SPACIA
CAR,SUZUKI,4AA-MR525  HUSTLER,JAPAN,PETROL,658.0,COLOMBO,RECONDITIONED,2024.0,1,4AA-MR525,HUSTLER
CAR,SUZUKI,5AA-MH95S,JAPAN,PETROL,650.0,COLOMBO,RECONDITIONED,2024.0,1,5AA-MH95S,WOGON R
CAR,DAIHATSU,5BA-LA350S,JAPAN,PETROL,658.0,GAMPAHA,RECONDITIONED,2024.0,2,5BA-LA350S,MIRA  E S
CAR,LEXUS,3BA-VJA310W  LX600,JAPAN,PETROL,3444.0,COLOMBO,RECONDITIONED,2023.0,1,3BA-VJA310W,LX600
CAR,TOYOTA,5BA-KSP210  YARIS,JAPAN,PETROL,996.0,MATARA,RECONDITIONED,2022.0,1,5BA-KSP210,YARIS
CAR,DAIHATSU,5BA-LA350S MIRA E.S,JAPAN,PETROL,658.0,PUTTALAM,RECONDITIONED,2025.0,1,5BA-LA350S,MIRA E.S
CAR,SUZUKI,5AA-MK53S SPACIA,JAPAN,PETROL,658.0,KALUTARA,RECONDITIONED,2023.0,1,5AA-MK53S,SPACIA
CAR,HONDA,6BA-JF5 N BOX,JAPAN,PETROL,658.0,COLOMBO,RECONDITIONED,2024.0,1,6BA-JF5,N BOX
CAR,TOYOTA,YARIS CROSS,THAILAND,PETROL/ELE,1496.0,KANDY,RECONDITIONED,2025.0,2,,YARIS CROSS
CAR,TOYOTA,3BA-A210A RAIZE,JAPAN,PETROL,996.0,JAFFNA,RECONDITIONED,2025.0,1,3BA-A210A,RAIZE
CAR,NISSAN,MAGNITE TEKNA PLUS,INDIA,PETROL,999.0,NUWARA-ELIYA,BRAND NEW,2025.0,1,,MAGNITE TEKNA PLUS
CAR,CHANGAN,S05,THAILAND,ELECTRIC,99.0,COLOMBO,BRAND NEW,2025.0,3,,S05
CAR,TOYOTA,5BA-KSP210,JAPAN,PETROL,996.0,POLONNARUWA,RECONDITIONED,2023.0,1,5BA-KSP210,Unknown
CAR,SUZUKI,4AA-MH55S WAGON R,JAPAN,PETROL,658.0,PUTTALAM,RECONDITIONED,2023.0,1,4AA-MH55S,WAGON R
CAR,DAIHATSU,5BA-LA650S TANTO,JAPAN,PETROL,658.0,ANURADHAPURA,RECONDITIONED,2024.0,1,5BA-LA650S,TANTO
CAR,HONDA,CITY RS,THAILAND,PETROL,988.0,JAFFNA,RECONDITIONED,2025.0,1,,CITY RS
CAR,DAIHATSU,5BA-LA350S MIRA,JAPAN,PETROL,658.0,COLOMBO,RECONDITIONED,2022.0,1,5BA-LA350S,MIRA
CAR,NISSAN,5AA-B44A,JAPAN,PETROL,659.0,ANURADHAPURA,RECONDITIONED,2023.0,1,5AA-B44A,ROOX
CAR,TOYOTA,5AA-A202A  RAIZE,JAPAN,PETROL/ELE,78.0,MATALE,RECONDITIONED,2022.0,1,5AA-A202A,RAIZE
CAR,KIA,SONET,INDIA,PETROL,998.0,BADULLA,BRAND NEW,2025.0,2,,SONET
CAR,DAIHATSU,5BA-LA650S TANTO,JAPAN,PETROL,658.0,GAMPAHA,RECONDITIONED,2024.0,1,5BA-LA650S,TANTO
CAR,TOYOTA,6AA-ZWR90W NOAH,JAPAN,PETROL/ELE,1797.0,KURUNEGALA,RECONDITIONED,2024.0,1,6AA-ZWR90W,NOAH
CAR,TOYOTA,URBANCRUISER TAISOR,INDIA,PETROL,998.0,VAVUNIYA,RECONDITIONED,2025.0,1,,URBANCRUISER TAISOR
CAR,BYD,M6 SUPERIOR,CHINA,ELECTRIC,100.0,MATARA,BRAND NEW,2025.0,2,,M6 SUPERIOR
CAR,TOYOTA,5BA-M900Q,JAPAN,PETROL,996.0,KANDY,RECONDITIONED,2025.0,1,5BA-M900Q,Unknown
CAR,MITSUBISHI,GR1WXTPGRV1 XPENDER,INDONESIA,PETROL,1499.0,GAMPAHA,BRAND NEW,2025.0,1,,GR1WXTPGRV1 XPENDER
CAR,HONDA,CIVIC,THAILAND,PETROL,1498.0,COLOMBO,BRAND NEW,2025.0,1,,CIVIC
CAR,NISSAN,5BA-B43W DAYZ,JAPAN,PETROL,658.0,GALLE,RECONDITIONED,2024.0,1,5BA-B43W,DAYZ
CAR,SUZUKI,5BA-MH85S WAGON R,JAPAN,PETROL,658.0,HAMBANTOTA,RECONDITIONED,2024.0,1,5BA-MH85S,WAGON R
CAR,MAZDA,5BD-DG17V SCRUM,JAPAN,PETROL,658.0,KALUTARA,RECONDITIONED,2023.0,1,5BD-DG17V,SCRUM
CAR,KIA,SONET,INDIA,PETROL,998.0,GAMPAHA,RECONDITIONED,2025.0,2,,SONET
CAR,NISSAN,5BA-B43W DAYS,JAPAN,PETROL,658.0,GAMPAHA,RECONDITIONED,2023.0,1,5BA-B43W,DAYS
CAR,TOYOTA,5BA-A201A RAIZE,JAPAN,PETROL,1196.0,KANDY,RECONDITIONED,2024.0,1,5BA-A201A,RAIZE
CAR,TOYOTA,4BA-M900A ROOMY,JAPAN,PETROL,996.0,KANDY,RECONDITIONED,2025.0,1,4BA-M900A,ROOMY
CAR,SUZUKI,5BA-MH85S WAGON R,JAPAN,PETROL,658.0,BADULLA,RECONDITIONED,2024.0,1,5BA-MH85S,WAGON R
CAR,SUZUKI,5AA-MH95S WAGON R,JAPAN,PETROL,658.0,MATALE,RECONDITIONED,2025.0,1,5AA-MH95S,WAGON R
CAR,TOYOTA,6AA-ZVG13  COROLLA,JAPAN,PETROL/ELE,1797.0,COLOMBO,RECONDITIONED,2025.0,1,6AA-ZVG13,COROLLA
CAR,TOYOTA,6AA-MXPK11 AQUA,JAPAN,PETROL/ELE,1496.0,VAVUNIYA,RECONDITIONED,2023.0,1,6AA-MXPK11,AQUA
CAR,SUZUKI,5AA-MK94S SPACIA,JAPAN,PETROL,656.0,COLOMBO,RECONDITIONED,2025.0,1,5AA-MK94S,SPACIA
CAR,HONDA,CITY SV,JAPAN,PETROL,988.0,GAMPAHA,RECONDITIONED,2025.0,1,,CITY SV
CAR,TOYOTA,5BA-KSP210,JAPAN,PETROL,996.0,PUTTALAM,RECONDITIONED,2024.0,1,5BA-KSP210,Unknown
CAR,NISSAN,5AA-B44A  ROOX,JAPAN,PETROL,650.0,HAMBANTOTA,RECONDITIONED,2023.0,1,5AA-B44A,ROOX
CAR,TOYOTA,6AA-MXPJ10  YARIS,JAPAN,PETROL/ELE,1496.0,ANURADHAPURA,RECONDITIONED,2024.0,1,6AA-MXPJ10,YARIS
CAR,SUZUKI,5AA-MH85S WAGON R,JAPAN,PETROL,658.0,MONERAGALA,RECONDITIONED,2024.0,1,5AA-MH85S,WAGON R
CAR,TOYOTA,3BA-TRJ250W,JAPAN,PETROL,2693.0,HAMBANTOTA,RECONDITIONED,2025.0,1,3BA-TRJ250W,VX
CAR,DAIHATSU,5BA-LA900S TAFT,JAPAN,PETROL,658.0,NUWARA-ELIYA,RECONDITIONED,2024.0,1,5BA-LA900S,TAFT
CAR,SUZUKI,3BD-DA17V EVERY,JAPAN,PETROL,656.0,GAMPAHA,RECONDITIONED,2023.0,1,3BD-DA17V,EVERY
CAR,DAIHATSU,5AA-A202S ROCKY,JAPAN,ELECTRIC,78.0,COLOMBO,RECONDITIONED,2024.0,1,5AA-A202S,ROCKY
CAR,HONDA,6AA-RV5  VEZEL,JAPAN,PETROL/ELE,1496.0,HAMBANTOTA,RECONDITIONED,2023.0,1,6AA-RV5,VEZEL
CAR,TOYOTA,5AA-A202A RAIZE,JAPAN,PETROL/ELE,78.0,KALUTARA,RECONDITIONED,2024.0,2,5AA-A202A,RAIZE
CAR,HONDA,6BA-JF5 N BOX,JAPAN,PETROL,658.0,GAMPAHA,RECONDITIONED,2024.0,1,6BA-JF5,N BOX
CAR,SUZUKI,5BD-DA17V EVERY,JAPAN,PETROL,656.0,KURUNEGALA,RECONDITIONED,2025.0,1,5BD-DA17V,EVERY
CAR,G.W.M.,JOLION,SRI LANKA,PETROL,1497.0,COLOMBO,BRAND NEW-L/ASSEMBLE,2025.0,3,,JOLION
CAR,KIA,SONET,INDIA,PETROL,998.0,POLONNARUWA,BRAND NEW,2025.0,1,,SONET
CAR,TOYOTA,3BA-NGX10,JAPAN,PETROL,1196.0,GAMPAHA,RECONDITIONED,2023.0,1,3BA-NGX10,C-HR
CAR,SUZUKI,5AA-MR92S HUSTLER,JAPAN,PETROL,658.0,GAMPAHA,RECONDITIONED,2025.0,1,5AA-MR92S,HUSTLER
CAR,DAIHATSU,5BA-LA350S   MIRA,JAPAN,PETROL,658.0,KURUNEGALA,RECONDITIONED,2022.0,1,5BA-LA350S,MIRA
CAR,SUZUKI,5BA-MH85S WAGON R,JAPAN,PETROL,656.0,MATALE,RECONDITIONED,2025.0,1,5BA-MH85S,WAGON R
CAR,SUZUKI,5BD-DA17V EVERY,JAPAN,PETROL,656.0,GALLE,RECONDITIONED,2024.0,1,5BD-DA17V,EVERY
CAR,TOYOTA,6AA-MXPJ10 YARIS,JAPAN,PETROL,1496.0,POLONNARUWA,RECONDITIONED,2025.0,1,6AA-MXPJ10,YARIS
CAR,SUZUKI,5AA-HA97S ALTO,JAPAN,PETROL,660.0,COLOMBO,RECONDITIONED,2023.0,1,5AA-HA97S,ALTO
CAR,TOYOTA,5BA-M700A PASSO,JAPAN,PETROL,996.0,ANURADHAPURA,RECONDITIONED,2023.0,1,5BA-M700A,PASSO
CAR,DAIHATSU,5BA- LA900S TAFT,JAPAN,PETROL,658.0,KALUTARA,RECONDITIONED,2025.0,1,,5BA- LA900S TAFT
CAR,SUZUKI,5AA-MK94S SPACIA,JAPAN,PETROL,658.0,RATNAPURA,RECONDITIONED,2024.0,1,5AA-MK94S,SPACIA
CAR,NISSAN,5AA-B44A,JAPAN,PETROL,659.0,BADULLA,RECONDITIONED,2023.0,1,5AA-B44A,ROOX
CAR,B.M.W.,3BA-7K15  218I,GERMANY,PETROL,1498.0,COLOMBO,RECONDITIONED,2024.0,1,3BA-7K15,218I
CAR,DAIHATSU,5BA-LA150S,JAPAN,PETROL,658.0,MATARA,RECONDITIONED,2023.0,1,5BA-LA150S,MOVE
CAR,MAHINDRA,XUV 3XO,INDIA,PETROL,1197.0,COLOMBO,BRAND NEW,2025.0,15,,XUV 3XO
CAR,DAIHATSU,5BA-LA350S MIRA E.S,JAPAN,PETROL,658.0,COLOMBO,RECONDITIONED,2023.0,4,5BA-LA350S,MIRA E.S
CAR,TOYOTA,3BA-TRJ250W,JAPAN,PETROL,2693.0,GALLE,RECONDITIONED,2024.0,4,3BA-TRJ250W,VX
CAR,SUZUKI,4AA-MH55S WAGON R,JAPAN,PETROL,658.0,JAFFNA,RECONDITIONED,2025.0,2,4AA-MH55S,WAGON R
CAR,TOYOTA,6AA-MXPJ10 YARIS,JAPAN,PETROL/ELE,1496.0,COLOMBO,RECONDITIONED,2025.0,14,6AA-MXPJ10,YARIS
CAR,DAIHATSU,5BA-LA350S MIRA E.S,JAPAN,PETROL,658.0,AMPARA,RECONDITIONED,2025.0,1,5BA-LA350S,MIRA E.S
CAR,SUZUKI,5AA-MH95S WAGON R,JAPAN,PETROL,658.0,KURUNEGALA,RECONDITIONED,2025.0,9,5AA-MH95S,WAGON R
CAR,HONDA,6BA-JF5 N BOX,JAPAN,PETROL,650.0,COLOMBO,RECONDITIONED,2024.0,1,6BA-JF5,N BOX
CAR,TOYOTA,3BA-A210A RAIZE,JAPAN,PETROL,996.0,GAMPAHA,RECONDITIONED,2023.0,12,3BA-A210A,RAIZE
CAR,HONDA,6AA-RV5 VEZEL,JAPAN,PETROL/ELE,1496.0,AMPARA,RECONDITIONED,2024.0,7,6AA-RV5,VEZEL
CAR,SUZUKI,4AA-MK53S SPACIA,JAPAN,PETROL,658.0,BATTICALOA,RECONDITIONED,2023.0,1,4AA-MK53S,SPACIA
CAR,SUZUKI,5BA-MH85S WAGON R,JAPAN,PETROL,658.0,COLOMBO,RECONDITIONED,2024.0,27,5BA-MH85S,WAGON R
CAR,TOYOTA,URBAN CRUISER TAISOR,INDIA,PETROL,998.0,KALUTARA,RECONDITIONED,2025.0,5,,URBAN CRUISER TAISOR
CAR,TOYOTA,5BA-KSP210  YARIS,JAPAN,PETROL,996.0,GAMPAHA,RECONDITIONED,2023.0,1,5BA-KSP210,YARIS
CAR,BYD,DOLPHIN-DYNAMIC49,CHINA,ELECTRIC,49.0,RATNAPURA,BRAND NEW,2025.0,1,,DOLPHIN-DYNAMIC49
CAR,HONDA,CR-V,THAILAND,PETROL,1498.0,COLOMBO,BRAND NEW,2025.0,9,CR-V,VTIL 17
CAR,TOYOTA,6AA-MXPK11 AQUA,JAPAN,PETROL/ELE,1496.0,GAMPAHA,RECONDITIONED,2023.0,1,6AA-MXPK11,AQUA
CAR,HONDA,6AA-RV5 VEZEL,JAPAN,PETROL/ELE,1496.0,AMPARA,RECONDITIONED,2025.0,10,6AA-RV5,VEZEL
CAR,HONDA,6AA-RV5 VEZEL,JAPAN,PETROL/ELE,1496.0,MATARA,RECONDITIONED,2025.0,22,6AA-RV5,VEZEL
CAR,TOYOTA,5BA-KSP 210 YARIS,JAPAN,PETROL,996.0,COLOMBO,RECONDITIONED,2023.0,1,5BA-KSP,210 YARIS
CAR,HONDA,6AA-RV5 VEZEL,JAPAN,PETROL/ELE,1496.0,KANDY,RECONDITIONED,2024.0,16,6AA-RV5,VEZEL
CAR,DAIHATSU,5BA-LA350S MIRA E.S,JAPAN,PETROL,658.0,PUTTALAM,RECONDITIONED,2024.0,1,5BA-LA350S,MIRA E.S
CAR,TOYOTA,5AA-A202A RAIZE,JAPAN,PETROL/ELE,78.0,MATALE,RECONDITIONED,2025.0,2,5AA-A202A,RAIZE
CAR,TOYOTA,A250RA-GBVV RAIZE,INDONESIA,PETROL,998.0,RATNAPURA,BRAND NEW,2025.0,8,,A250RA-GBVV RAIZE
CAR,SUZUKI,5AA-MH95S WAGON R,JAPAN,PETROL,658.0,JAFFNA,RECONDITIONED,2024.0,7,5AA-MH95S,WAGON R
CAR,MITSUBISHI,5BA-B33W EK WAGON,JAPAN,PETROL,658.0,TRINCOMALEE,RECONDITIONED,2024.0,1,5BA-B33W,EK WAGON
CAR,NISSAN,5AA-B44A ROOX,JAPAN,PETROL,658.0,GALLE,RECONDITIONED,2023.0,3,5AA-B44A,ROOX
CAR,TOYOTA,5BA-KSP210 YARIS,JAPAN,PETROL,996.0,KURUNEGALA,RECONDITIONED,2023.0,11,5BA-KSP210,YARIS
CAR,DAIHATSU,3BD-S710V  HIJET,JAPAN,PETROL,658.0,KANDY,RECONDITIONED,2023.0,1,3BD-S710V,HIJET
CAR,NISSAN,MAGNITE TEKNA PLUS,INDIA,PETROL,999.0,ANURADHAPURA,BRAND NEW,2025.0,4,,MAGNITE TEKNA PLUS
CAR,TOYOTA,5BA-KSP210 YARIS,JAPAN,PETROL,996.0,KURUNEGALA,RECONDITIONED,2022.0,10,5BA-KSP210,YARIS
CAR,TOYOTA,6AA-MXPJ10  YARIS,JAPAN,PETROL/ELE,1496.0,COLOMBO,RECONDITIONED,2023.0,3,6AA-MXPJ10,YARIS
CAR,PERODUA,BEZZA,MALAYSIA,PETROL,998.0,KANDY,BRAND NEW,2025.0,6,,BEZZA
CAR,TOYOTA,5BA-KSP210 YARIS,JAPAN,PETROL,996.0,KALUTARA,RECONDITIONED,2024.0,6,5BA-KSP210,YARIS
CAR,SUZUKI,5AA-MH95S,JAPAN,PETROL,657.0,COLOMBO,RECONDITIONED,2023.0,2,5AA-MH95S,WOGON R
CAR,VOLKSWAGEN,3BA-AWDLA,GERMANY,PETROL,999.0,COLOMBO,RECONDITIONED,2023.0,1,3BA-AWDLA,POLO
CAR,TOYOTA,6AA-MXPJ10 YARIS,JAPAN,PETROL/ELE,1496.0,COLOMBO,RECONDITIONED,2024.0,7,6AA-MXPJ10,YARIS
CAR,DONGFENG,BOX E3,CHINA,ELECTRIC,50.0,POLONNARUWA,BRAND NEW,2025.0,1,,BOX E3
CAR,SUZUKI,4AA-MK54S SPACIA,JAPAN,PETROL,658.0,KANDY,RECONDITIONED,2024.0,7,4AA-MK54S,SPACIA
CAR,BYD,ATTO3-ADVANCED,CHINA,ELECTRIC,100.0,MONERAGALA,BRAND NEW,2025.0,5,ATTO3-ADVANCED,Unknown
CAR,NISSAN,ALMERA,THAILAND,PETROL,999.0,AMPARA,RECONDITIONED,2025.0,3,,ALMERA
CAR,BYD,M6 SUPERIOR,CHINA,ELECTRIC,100.0,COLOMBO,BRAND NEW,2025.0,17,,M6 SUPERIOR
CAR,KIA,EV5,CHINA,ELECTRIC,160.0,COLOMBO,BRAND NEW,2025.0,2,,EV5
CAR,PERODUA,BEZZA,MALAYSIA,PETROL,998.0,BADULLA,BRAND NEW,2025.0,3,,BEZZA
CAR,SUZUKI,3BA-DA17W EVERY,JAPAN,PETROL,658.0,KANDY,RECONDITIONED,2024.0,6,3BA-DA17W,EVERY
CAR,TOYOTA,4BA-M900A ROOMY,JAPAN,PETROL,996.0,KURUNEGALA,RECONDITIONED,2023.0,5,4BA-M900A,ROOMY
CAR,DAIHATSU,5BA-LA900S TAFT,JAPAN,PETROL,658.0,KALUTARA,RECONDITIONED,2023.0,2,5BA-LA900S,TAFT
CAR,TOYOTA,5BA-LA350A  PIXIS,JAPAN,PETROL,658.0,JAFFNA,RECONDITIONED,2025.0,1,5BA-LA350A,PIXIS
CAR,TOYOTA,5AA-A202A RAIZE,JAPAN,ELECTRIC,78.0,MATALE,RECONDITIONED,2025.0,1,5AA-A202A,RAIZE
CAR,RANGE ROVER,EVOQUE 270E,UNITED KINGDOM,PETROL/ELE,1498.0,COLOMBO,RECONDITIONED,2025.0,1,,EVOQUE 270E
CAR,SUZUKI,3BD-DA17V EVERY,JAPAN,PETROL,656.0,KURUNEGALA,RECONDITIONED,2024.0,1,3BD-DA17V,EVERY
CAR,TOYOTA,5BA-KSP210 YARIS,JAPAN,PETROL,996.0,MATALE,RECONDITIONED,2024.0,1,5BA-KSP210,YARIS
CAR,TOYOTA,5BA-A201A RAIZE,JAPAN,PETROL,1196.0,VAVUNIYA,RECONDITIONED,2023.0,1,5BA-A201A,RAIZE
CAR,SUZUKI,FRONX,INDIA,PETROL,998.0,NUWARA-ELIYA,BRAND NEW,2025.0,3,,FRONX
CAR,TOYOTA,5BA-M900A ROOMY,JAPAN,PETROL,996.0,GAMPAHA,RECONDITIONED,2024.0,7,5BA-M900A,ROOMY
CAR,DAIHATSU,5AA-A202S,JAPAN,PETROL/ELE,1196.0,COLOMBO,RECONDITIONED,2024.0,1,5AA-A202S,ROKCY
CAR,DAIHATSU,5BA-LA350S MIRA ES,JAPAN,PETROL,656.0,GAMPAHA,RECONDITIONED,2022.0,1,5BA-LA350S,MIRA ES
CAR,TOYOTA,5BA-KSP210,JAPAN,PETROL,996.0,COLOMBO,RECONDITIONED,2023.0,4,5BA-KSP210,Unknown
CAR,TOYOTA,5AA-A202A RAIZE,JAPAN,PETROL/ELE,78.0,BADULLA,RECONDITIONED,2023.0,1,5AA-A202A,RAIZE
CAR,NISSAN,3BD-DR17V CLIPPER,JAPAN,PETROL,658.0,KURUNEGALA,RECONDITIONED,2024.0,1,3BD-DR17V,CLIPPER
CAR,BYD,ATTO-3-SUPERIOR,CHINA,ELECTRIC,100.0,ANURADHAPURA,BRAND NEW,2025.0,4,ATTO-3-SUPERIOR,Unknown
CAR,NISSAN,3BD-DR17V CLIPPER,JAPAN,PETROL,658.0,GAMPAHA,RECONDITIONED,2024.0,2,3BD-DR17V,CLIPPER
CAR,SUZUKI,5BD-DA17V  EVERY,JAPAN,PETROL,658.0,GAMPAHA,RECONDITIONED,2023.0,1,5BD-DA17V,EVERY
CAR,TOYOTA,5AA-A202A RAIZE,JAPAN,ELECTRIC,78.0,MATARA,RECONDITIONED,2022.0,1,5AA-A202A,RAIZE
CAR,DAIHATSU,5BA-LA350S MIRA,JAPAN,PETROL,658.0,MATARA,RECONDITIONED,2024.0,5,5BA-LA350S,MIRA
CAR,TOYOTA,F800RE-GQGF RUSH,INDONESIA,PETROL,1496.0,GAMPAHA,BRAND NEW,2025.0,5,,F800RE-GQGF RUSH
CAR,BYD,SEALION 6 PREMIUM,CHINA,PETROL/ELE,1498.0,AMPARA,BRAND NEW,2025.0,1,,SEALION 6 PREMIUM
CAR,BYD,DOLPHIN-DYNAMIC 70,CHINA,ELECTRIC,70.0,GALLE,BRAND NEW,2025.0,2,,DOLPHIN-DYNAMIC 70
CAR,TOYOTA,5BA-A210A RAIZE,JAPAN,PETROL,996.0,HAMBANTOTA,RECONDITIONED,2023.0,1,5BA-A210A,RAIZE
CAR,TOYOTA,5BA-KSP210 YARIS,JAPAN,PETROL,996.0,KURUNEGALA,RECONDITIONED,2024.0,7,5BA-KSP210,YARIS
CAR,TOYOTA,YARIS ATIV,THAILAND,PETROL,1197.0,GAMPAHA,RECONDITIONED,2025.0,6,,YARIS ATIV
CAR,SUZUKI,3BD-DA17V  EVERY,JAPAN,PETROL,658.0,GAMPAHA,RECONDITIONED,2023.0,1,3BD-DA17V,EVERY
CAR,PERODUA,AXIA CG1GZ,MALAYSIA,PETROL,998.0,ANURADHAPURA,BRAND NEW,2025.0,1,,AXIA CG1GZ
CAR,PERODUA,BEZZA,MALAYSIA,PETROL,998.0,HAMBANTOTA,BRAND NEW,2025.0,1,,BEZZA
CAR,TOYOTA,3BA-VJA300W,JAPAN,PETROL,3446.0,COLOMBO,RECONDITIONED,2024.0,1,3BA-VJA300W,Unknown
CAR,PERODUA,BEZZA,MALAYSIA,PETROL,998.0,TRINCOMALEE,BRAND NEW,2025.0,1,,BEZZA
CAR,TOYOTA,6AA-MXPJ10 YARIS,JAPAN,PETROL/ELE,1496.0,KURUNEGALA,RECONDITIONED,2023.0,5,6AA-MXPJ10,YARIS
CAR,SUZUKI,5BA-DA17V EVERY,JAPAN,PETROL,658.0,GALLE,RECONDITIONED,2023.0,2,5BA-DA17V,EVERY
CAR,SUZUKI,5AA-MK94S SPACIA,JAPAN,PETROL,658.0,MATARA,RECONDITIONED,2025.0,1,5AA-MK94S,SPACIA
CAR,TOYOTA,5AA-A202A  RAISE,JAPAN,PETROL/ELE,78.0,KURUNEGALA,RECONDITIONED,2024.0,1,5AA-A202A,RAISE
CAR,SUZUKI,5AA-MH95S,JAPAN,PETROL,658.0,RATNAPURA,RECONDITIONED,2025.0,1,5AA-MH95S,WOGON R
CAR,SUZUKI,3BA-DA17W  EVERY,JAPAN,PETROL,658.0,BATTICALOA,RECONDITIONED,2025.0,3,3BA-DA17W,EVERY
CAR,HONDA,6AA-RV5   VEZEL,JAPAN,PETROL/ELE,1496.0,KANDY,RECONDITIONED,2023.0,1,6AA-RV5,VEZEL
CAR,SUZUKI,5BA-MH85S WAGON R,JAPAN,PETROL,658.0,KALUTARA,RECONDITIONED,2024.0,6,5BA-MH85S,WAGON R
CAR,TOYOTA,5AA-A202A RAIZE,JAPAN,PETROL/ELE,1196.0,GAMPAHA,RECONDITIONED,2024.0,2,5AA-A202A,RAIZE
CAR,TOYOTA,5BA-MZEA17  COROLLA,JAPAN,PETROL,1490.0,COLOMBO,RECONDITIONED,2024.0,1,5BA-MZEA17,COROLLA
CAR,SUZUKI,4AA-MN71S XBEE,JAPAN,PETROL,996.0,COLOMBO,RECONDITIONED,2024.0,2,4AA-MN71S,XBEE
CAR,TOYOTA,4BA-M900A ROOMY,JAPAN,PETROL,996.0,MATARA,RECONDITIONED,2023.0,1,4BA-M900A,ROOMY
CAR,TOYOTA,5BA-KSP210  YARIS,JAPAN,PETROL,996.0,ANURADHAPURA,BRAND NEW,2022.0,1,5BA-KSP210,YARIS
CAR,MAZDA,5AA-MJ95S FLAIR,JAPAN,PETROL,658.0,GAMPAHA,RECONDITIONED,2023.0,1,5AA-MJ95S,FLAIR
CAR,TOYOTA,5AA-A202A RAIZE,JAPAN,PETROL/ELE,1196.0,NUWARA-ELIYA,RECONDITIONED,2025.0,2,5AA-A202A,RAIZE
CAR,TOYOTA,5AA-A202A,JAPAN,ELECTRIC,78.0,COLOMBO,RECONDITIONED,2025.0,3,5AA-A202A,RAIZE Z
CAR,TOYOTA,5BA-A201A RAIZE,JAPAN,PETROL,1196.0,KEGALLE,RECONDITIONED,2024.0,3,5BA-A201A,RAIZE
CAR,TOYOTA,3DA-FJA300W,JAPAN,DIESEL,3345.0,COLOMBO,RECONDITIONED,2024.0,1,3DA-FJA300W,Unknown
CAR,LAND ROVER,3BA-LE72XAA,UNITED KINGDOM,PETROL,1997.0,COLOMBO,RECONDITIONED,2024.0,1,3BA-LE72XAA,Unknown
CAR,TOYOTA,3BA-TRJ250W,JAPAN,PETROL,2696.0,COLOMBO,RECONDITIONED,2025.0,2,3BA-TRJ250W,VX
CAR,TOYOTA,6AA-MXPJ10 YARIS,JAPAN,PETROL/ELE,1496.0,PUTTALAM,RECONDITIONED,2022.0,1,6AA-MXPJ10,YARIS
CAR,HONDA,6AA-RV5  VEZEL,JAPAN,PETROL/ELE,1496.0,KURUNEGALA,RECONDITIONED,2024.0,4,6AA-RV5,VEZEL
CAR,SUZUKI,5BD-DA17V EVERY,JAPAN,PETROL,658.0,ANURADHAPURA,RECONDITIONED,2023.0,1,5BD-DA17V,EVERY
CAR,TOYOTA,4BA-M900A ROOMY,JAPAN,PETROL,996.0,MATALE,RECONDITIONED,2023.0,1,4BA-M900A,ROOMY
CAR,DAIHATSU,5BA-LA350S MIRA,JAPAN,PETROL,658.0,GAMPAHA,RECONDITIONED,2022.0,3,5BA-LA350S,MIRA
CAR,NISSAN,ALMERA,THAILAND,PETROL,999.0,RATNAPURA,RECONDITIONED,2025.0,1,,ALMERA
CAR,HONDA,6AA-RV5,JAPAN,PETROL/ELE,1496.0,BATTICALOA,RECONDITIONED,2025.0,2,6AA-RV5,VEVEL
CAR,HONDA,6AA-RV5 VEZEL,JAPAN,PETROL/ELE,1496.0,KURUNEGALA,BRAND NEW,2024.0,1,6AA-RV5,VEZEL
CAR,TOYOTA,6AA-MXPJ10,JAPAN,PETROL/ELE,1490.0,GAMPAHA,RECONDITIONED,2023.0,1,6AA-MXPJ10,CROSS
CAR,TOYOTA,3DA-GDJ250W,JAPAN,DIESEL,2754.0,GAMPAHA,RECONDITIONED,2025.0,1,3DA-GDJ250W,Unknown
CAR,TOYOTA,6AA-ZWR90W  VOXY,JAPAN,PETROL/ELE,1797.0,COLOMBO,RECONDITIONED,2025.0,1,6AA-ZWR90W,VOXY
CAR,PEUGEOT,GT2008,AUSTRALIA,PETROL,1199.0,GAMPAHA,RECONDITIONED,2024.0,1,,GT2008
CAR,TOYOTA,YARIS ATIVE,THAILAND,PETROL,1197.0,JAFFNA,RECONDITIONED,2025.0,1,,YARIS ATIVE
CAR,BYD,SHARK 6,CHINA,PETROL/ELE,1498.0,COLOMBO,BRAND NEW,2025.0,3,,SHARK 6
CAR,HYUNDAI,SANTAFE,SOUTH KOREA,PETROL/ELE,1598.0,JAFFNA,BRAND NEW,2025.0,1,,SANTAFE
CAR,SUZUKI,5BA-MH85S WAGON R,JAPAN,PETROL,657.0,RATNAPURA,RECONDITIONED,2023.0,1,5BA-MH85S,WAGON R
CAR,SUZUKI,5BA-MH85S  WAGON R,JAPAN,PETROL,656.0,GALLE,RECONDITIONED,2024.0,2,5BA-MH85S,WAGON R
CAR,MITSUBISHI,5BA-B33W EK WAGON,JAPAN,PETROL,658.0,MATALE,RECONDITIONED,2023.0,1,5BA-B33W,EK WAGON
CAR,SUZUKI,5BA-MH85S WAGON R,JAPAN,PETROL,658.0,MONERAGALA,RECONDITIONED,2023.0,1,5BA-MH85S,WAGON R
CAR,SUZUKI,5AA-ZCEDS SWIFT,JAPAN,PETROL,1197.0,RATNAPURA,RECONDITIONED,2024.0,1,5AA-ZCEDS,SWIFT
CAR,SUZUKI,3BD-DA17V  EVERY,JAPAN,PETROL,658.0,COLOMBO,RECONDITIONED,2025.0,1,3BD-DA17V,EVERY
CAR,NISSAN,5AA-B44A ROOX,JAPAN,PETROL,659.0,GAMPAHA,RECONDITIONED,2023.0,1,5AA-B44A,ROOX
CAR,HONDA,6AA-GB7 FREED,JAPAN,PETROL/ELE,1496.0,KANDY,RECONDITIONED,2023.0,1,6AA-GB7,FREED
CAR,DAIHATSU,5AA-A202S ROKCY,JAPAN,PETROL/ELE,78.0,COLOMBO,RECONDITIONED,2024.0,1,5AA-A202S,ROKCY
CAR,SUZUKI,5AA-MH95S WAGON R,JAPAN,PETROL,658.0,POLONNARUWA,RECONDITIONED,2025.0,2,5AA-MH95S,WAGON R
CAR,DAIHATSU,5BA-LA900S TAFT,JAPAN,PETROL,658.0,KURUNEGALA,RECONDITIONED,2024.0,2,5BA-LA900S,TAFT
CAR,SAIC,MG ZS MCE,CHINA,PETROL,999.0,GAMPAHA,BRAND NEW,2025.0,11,,MG ZS MCE
CAR,TOYOTA,5BA-M900A ROOMY,JAPAN,PETROL,996.0,KEGALLE,RECONDITIONED,2022.0,2,5BA-M900A,ROOMY
CAR,TOYOTA,4BA-M900A ROOMY,JAPAN,PETROL,996.0,PUTTALAM,RECONDITIONED,2025.0,1,4BA-M900A,ROOMY
CAR,TOYOTA,6AA-AAHH40W ALPHAD,JAPAN,PETROL/ELE,2487.0,KANDY,RECONDITIONED,2025.0,1,6AA-AAHH40W,ALPHAD
CAR,TOYOTA,A250RA-GBVV RAIZE,INDONESIA,PETROL,998.0,MATARA,BRAND NEW,2025.0,8,,A250RA-GBVV RAIZE
CAR,TOYOTA,4BA-M900A ROOMY,JAPAN,PETROL,990.0,POLONNARUWA,RECONDITIONED,2023.0,1,4BA-M900A,ROOMY
CAR,SUZUKI,5AA-MK53S SPACIA,JAPAN,PETROL,658.0,GALLE,RECONDITIONED,2023.0,1,5AA-MK53S,SPACIA
CAR,SUZUKI,5BD-DA17V EVERY,JAPAN,PETROL,658.0,PUTTALAM,RECONDITIONED,2023.0,1,5BD-DA17V,EVERY
CAR,SAIC,MG ZS MCE,CHINA,PETROL,999.0,GALLE,BRAND NEW,2025.0,2,,MG ZS MCE
CAR,DAIHATSU,5BA-LA350S MIRA ES,JAPAN,PETROL,650.0,GALLE,RECONDITIONED,2024.0,1,5BA-LA350S,MIRA ES
CAR,DAIHATSU,5BA-LA900S  TAFT,JAPAN,PETROL,658.0,POLONNARUWA,RECONDITIONED,2024.0,1,5BA-LA900S,TAFT
CAR,SUZUKI,5BD-DA17V EVERY,JAPAN,PETROL,658.0,KEGALLE,RECONDITIONED,2025.0,1,5BD-DA17V,EVERY
CAR,SAIC,MG ZS MCE,CHINA,PETROL,999.0,KANDY,BRAND NEW,2025.0,1,,MG ZS MCE
CAR,TOYOTA,5BA-A210A RAIZE,JAPAN,PETROL,1196.0,GAMPAHA,RECONDITIONED,2023.0,1,5BA-A210A,RAIZE
CAR,NISSAN,5AA-B44W DAYZ,JAPAN,PETROL/ELE,658.0,HAMBANTOTA,RECONDITIONED,2024.0,1,5AA-B44W,DAYZ
CAR,SUZUKI,5AA-MH95S WAGON R,JAPAN,PETROL,658.0,ANURADHAPURA,RECONDITIONED,2024.0,2,5AA-MH95S,WAGON R
CAR,TOYOTA,5BA-KSP210,JAPAN,PETROL,996.0,KANDY,RECONDITIONED,2024.0,1,5BA-KSP210,Unknown
CAR,HONDA,6AA-RV5 VEZEL,JAPAN,PETROL/ELE,1496.0,MATALE,RECONDITIONED,2024.0,4,6AA-RV5,VEZEL
CAR,TOYOTA,5BA-KSP210 YARIS,JAPAN,PETROL,998.0,RATNAPURA,RECONDITIONED,2022.0,1,5BA-KSP210,YARIS
CAR,SUZUKI,5BA-MH85S WAGON R,JAPAN,PETROL,658.0,KURUNEGALA,RECONDITIONED,2023.0,2,5BA-MH85S,WAGON R
CAR,BYD,M6 STANDARD,CHINA,ELECTRIC,100.0,COLOMBO,BRAND NEW,2025.0,2,,M6 STANDARD
CAR,DAIHATSU,5BA-LA350S MIRA ES,JAPAN,PETROL,658.0,MATARA,RECONDITIONED,2025.0,1,5BA-LA350S,MIRA ES
CAR,TOYOTA,6AA-ZVG13 COROLLA,JAPAN,PETROL/ELE,1796.0,GAMPAHA,RECONDITIONED,2025.0,1,6AA-ZVG13,COROLLA
CAR,TOYOTA,5AA-A202A RAIZE,JAPAN,ELECTRIC,78.0,KURUNEGALA,RECONDITIONED,2022.0,1,5AA-A202A,RAIZE
CAR,SUZUKI,5AA-MR92S HUSTLER,JAPAN,PETROL,658.0,GAMPAHA,RECONDITIONED,2023.0,1,5AA-MR92S,HUSTLER
CAR,MERCEDES BENZ,5AA-206041C C 180,GERMANY,PETROL,1494.0,COLOMBO,RECONDITIONED,2022.0,1,5AA-206041C,C 180
CAR,SUZUKI,5AA-MH95S,JAPAN,PETROL,658.0,GALLE,RECONDITIONED,2023.0,1,5AA-MH95S,WOGON R
CAR,SUZUKI,5AA-MH95S  WAGON R,JAPAN,PETROL,658.0,JAFFNA,RECONDITIONED,2025.0,4,5AA-MH95S,WAGON R
CAR,MITSUBISHI,GRIWXTHGRVI,INDONESIA,PETROL,1499.0,COLOMBO,BRAND NEW,2025.0,1,,GRIWXTHGRVI
CAR,SUZUKI,3BD-DA17V EVERY,JAPAN,PETROL,658.0,KURUNEGALA,RECONDITIONED,2025.0,1,3BD-DA17V,EVERY
CAR,MAZDA,DEMIO,JAPAN,PETROL,1300.0,COLOMBO,BOUGHT FROM AUCTION,2010.0,1,,DEMIO
CAR,TOYOTA,5AA-A202A  RAIZE,JAPAN,PETROL/ELE,78.0,KURUNEGALA,RECONDITIONED,2025.0,1,5AA-A202A,RAIZE
CAR,SUZUKI,5AA-MH95S WAGON R,JAPAN,PETROL,658.0,MULLATIVU,RECONDITIONED,2023.0,1,5AA-MH95S,WAGON R
CAR,DONGFENG,BOX E3,CHINA,ELECTRIC,50.0,GAMPAHA,BRAND NEW,2025.0,4,,BOX E3
CAR,SUZUKI,5BD-DA17V EVERY,JAPAN,PETROL,658.0,KURUNEGALA,RECONDITIONED,2025.0,3,5BD-DA17V,EVERY
CAR,TOYOTA,5AA-A202A RAIZE,JAPAN,PETROL/ELE,1196.0,MATARA,RECONDITIONED,2024.0,1,5AA-A202A,RAIZE
CAR,HONDA,CITY RS,THAILAND,PETROL,988.0,GALLE,RECONDITIONED,2025.0,2,,CITY RS
CAR,TOYOTA,6AA-MXPJ10 YARIS,JAPAN,PETROL/ELE,1496.0,NUWARA-ELIYA,RECONDITIONED,2023.0,1,6AA-MXPJ10,YARIS
CAR,NISSAN,5BA-B43W,JAPAN,PETROL,658.0,GALLE,RECONDITIONED,2024.0,2,5BA-B43W,DAYS
CAR,DAIHATSU,5BA-LA350S  MIRA,JAPAN,PETROL,658.0,MATARA,RECONDITIONED,2023.0,1,5BA-LA350S,MIRA
CAR,SUZUKI,CELERIO,INDIA,PETROL,998.0,GAMPAHA,BRAND NEW,2025.0,2,,CELERIO
CAR,TOYOTA,3BA-A210A,JAPAN,PETROL,996.0,GALLE,RECONDITIONED,2024.0,1,3BA-A210A,RAIZE G
CAR,SUZUKI,5BD-DA17V EVERY,JAPAN,PETROL,658.0,KURUNEGALA,RECONDITIONED,2023.0,4,5BD-DA17V,EVERY
CAR,DAIHATSU,5BA-LA900S GBGF,JAPAN,PETROL,658.0,KANDY,RECONDITIONED,2024.0,1,5BA-LA900S,GBGF
CAR,TOYOTA,3BA-A210A RAIZE,JAPAN,PETROL,996.0,VAVUNIYA,RECONDITIONED,2025.0,1,3BA-A210A,RAIZE
CAR,TOYOTA,3BA-A210A RAIZE,JAPAN,PETROL,996.0,KURUNEGALA,RECONDITIONED,2022.0,1,3BA-A210A,RAIZE
CAR,TOYOTA,5BA-A201A RAIZE,JAPAN,PETROL,1196.0,JAFFNA,RECONDITIONED,2023.0,1,5BA-A201A,RAIZE
CAR,SUZUKI,5AA-MH95S,JAPAN,PETROL,658.0,KANDY,RECONDITIONED,2024.0,1,5AA-MH95S,WOGON R
CAR,NISSAN,5AA-B44A ROOX,JAPAN,PETROL,658.0,KALUTARA,RECONDITIONED,2023.0,3,5AA-B44A,ROOX
CAR,DAIHATSU,5BA-LA900S  TAFT,JAPAN,PETROL,658.0,GAMPAHA,RECONDITIONED,2023.0,1,5BA-LA900S,TAFT
CAR,TOYOTA,5BA-MXPB10 YARIS,JAPAN,PETROL,1496.0,GAMPAHA,RECONDITIONED,2023.0,1,5BA-MXPB10,YARIS
CAR,DAIHATSU,5BA-LA650STANTO,JAPAN,PETROL,658.0,COLOMBO,RECONDITIONED,2023.0,1,5BA-LA650STANTO,Unknown
CAR,TOYOTA,3BD-S700M,JAPAN,PETROL,658.0,COLOMBO,RECONDITIONED,2023.0,2,3BD-S700M,Unknown
CAR,TOYOTA,3BA-A210A,JAPAN,PETROL,996.0,MATARA,RECONDITIONED,2023.0,1,3BA-A210A,RAIZE G
CAR,SUZUKI,5BD-DA17V,JAPAN,PETROL,658.0,RATNAPURA,RECONDITIONED,2024.0,1,5BD-DA17V,EVEVRY
CAR,DFSK,GLORY I AUTO,SRI LANKA,PETROL,1498.0,GAMPAHA,BRAND NEW-L/ASSEMBLE,2025.0,1,,GLORY I AUTO
CAR,TOYOTA,5BA-A201A,JAPAN,PETROL,1196.0,ANURADHAPURA,RECONDITIONED,2023.0,1,5BA-A201A,RAICE
CAR,NISSAN,MAGNITE ACENTA BR10,INDIA,PETROL,999.0,KEGALLE,BRAND NEW,2025.0,3,,MAGNITE ACENTA BR10
CAR,TOYOTA,5AA-A202A,JAPAN,ELECTRIC,78.0,GAMPAHA,RECONDITIONED,2024.0,1,5AA-A202A,RAIZE Z
CAR,TOYOTA,5AA-A202A,JAPAN,ELECTRIC,78.0,GAMPAHA,RECONDITIONED,2025.0,3,5AA-A202A,RAIZE Z
CAR,MAHINDRA,KUV100 NXT AMT,SRI LANKA,DIESEL,1198.0,JAFFNA,BRAND NEW-L/ASSEMBLE,2025.0,1,,KUV100 NXT AMT
CAR,MITSUBISHI,5BA-B33W,JAPAN,PETROL,658.0,COLOMBO,RECONDITIONED,2023.0,1,5BA-B33W,WAGON EK
CAR,DAIHATSU,5BA-LA350S  MIRA,JAPAN,PETROL,658.0,COLOMBO,RECONDITIONED,2022.0,1,5BA-LA350S,MIRA
CAR,SUZUKI,5AA-MH95S  WAGON R,JAPAN,PETROL,658.0,RATNAPURA,RECONDITIONED,2025.0,1,5AA-MH95S,WAGON R
CAR,TOYOTA,3BA-NGX10 C-HR,JAPAN,PETROL,1196.0,RATNAPURA,RECONDITIONED,2023.0,1,3BA-NGX10,C-HR
CAR,TOYOTA,3BA-A210A,JAPAN,PETROL,996.0,KALUTARA,RECONDITIONED,2023.0,1,3BA-A210A,RAIZE G
CAR,SUZUKI,5BD-DA17V EVERY,JAPAN,PETROL,658.0,AMPARA,RECONDITIONED,2022.0,1,5BD-DA17V,EVERY
CAR,TOYOTA,3BA-A210A   RAIZE,JAPAN,PETROL,996.0,KURUNEGALA,RECONDITIONED,2024.0,1,3BA-A210A,RAIZE
CAR,SUZUKI,4AA-MH55S WAGON R,JAPAN,PETROL,658.0,KURUNEGALA,RECONDITIONED,2024.0,2,4AA-MH55S,WAGON R
CAR,MITSUBISHI,5AA-B34W,JAPAN,PETROL,658.0,COLOMBO,RECONDITIONED,2023.0,1,5AA-B34W,EK
CAR,SUZUKI,5AA-MR92S  HUSTLER,JAPAN,PETROL,658.0,COLOMBO,RECONDITIONED,2024.0,1,5AA-MR92S,HUSTLER
CAR,TOYOTA,3BA-TRJ250W,JAPAN,PETROL,2693.0,MATALE,RECONDITIONED,2025.0,1,3BA-TRJ250W,VX
CAR,HONDA,6BA-JF5 N BOX,JAPAN,PETROL,659.0,KURUNEGALA,RECONDITIONED,2025.0,1,6BA-JF5,N BOX
CAR,NISSAN,5BA-B43W DAYZ,JAPAN,PETROL,658.0,COLOMBO,RECONDITIONED,2025.0,1,5BA-B43W,DAYZ
CAR,VOLKSWAGEN,3BA-C1DKR T CROSS,GERMANY,PETROL,999.0,COLOMBO,RECONDITIONED,2023.0,1,3BA-C1DKR,T CROSS
CAR,SUZUKI,5BA-MH85S,JAPAN,PETROL,658.0,JAFFNA,RECONDITIONED,2023.0,1,5BA-MH85S,WAGONR
CAR,SUZUKI,5BD-MK33V  SPACIA,JAPAN,PETROL,658.0,COLOMBO,RECONDITIONED,2023.0,1,5BD-MK33V,SPACIA
CAR,SUZUKI,3BA-JB64W JIMNY,JAPAN,PETROL,660.0,COLOMBO,RECONDITIONED,2025.0,1,3BA-JB64W,JIMNY
CAR,TOYOTA,3BA-TRJ150W,JAPAN,PETROL,2693.0,NUWARA-ELIYA,RECONDITIONED,2023.0,1,3BA-TRJ150W,TXL
CAR,SUZUKI,5BA-MH85S  WAGON R,JAPAN,PETROL,657.0,COLOMBO,RECONDITIONED,2024.0,1,5BA-MH85S,WAGON R
CAR,SUZUKI,5BA-MH85S  WAGON R,JAPAN,PETROL,658.0,VAVUNIYA,RECONDITIONED,2024.0,1,5BA-MH85S,WAGON R
CAR,TOYOTA,URBAN CRUISER TRISOR,INDIA,PETROL,998.0,COLOMBO,RECONDITIONED,2025.0,1,,URBAN CRUISER TRISOR
CAR,KIA,SONET,INDIA,PETROL,998.0,KANDY,RECONDITIONED,2025.0,1,,SONET
CAR,NISSAN,MAGNITE TEKNA PLUS,INDIA,PETROL,999.0,COLOMBO,RECONDITIONED,2025.0,1,,MAGNITE TEKNA PLUS
CAR,SUZUKI,3BD-DA17V EVERY,JAPAN,PETROL,660.0,GAMPAHA,RECONDITIONED,2024.0,1,3BD-DA17V,EVERY
CAR,NISSAN,5AA-B44A ROOX,JAPAN,PETROL,658.0,COLOMBO,RECONDITIONED,2024.0,1,5AA-B44A,ROOX
CAR,HONDA,6AA-RV5 VEZEL,JAPAN,PETROL/ELE,1490.0,KEGALLE,RECONDITIONED,2024.0,1,6AA-RV5,VEZEL
CAR,B.M.W.,3AA-12FJ20 523I,JAPAN,PETROL,1998.0,GALLE,RECONDITIONED,2023.0,1,3AA-12FJ20,523I
CAR,SUZUKI,4AA-MR52S HUSTLER,JAPAN,PETROL,658.0,GALLE,RECONDITIONED,2024.0,1,4AA-MR52S,HUSTLER
CAR,TOYOTA,5BA-LA350A PIXIS,JAPAN,PETROL,658.0,GALLE,RECONDITIONED,2023.0,1,5BA-LA350A,PIXIS
CAR,TOYOTA,5AA-A202A RAIZE,JAPAN,PETROL/ELE,78.0,BADULLA,RECONDITIONED,2025.0,1,5AA-A202A,RAIZE
CAR,MAZDA,5AA-MM53S,JAPAN,PETROL,658.0,GALLE,RECONDITIONED,2023.0,1,5AA-MM53S,Unknown
CAR,TOYOTA,6AA-MXPJ10 YARIS,JAPAN,PETROL/ELE,1490.0,KALUTARA,RECONDITIONED,2022.0,1,6AA-MXPJ10,YARIS
CAR,SUZUKI,5AA-MH95S  WAGON R,JAPAN,PETROL,658.0,COLOMBO,RECONDITIONED,2024.0,1,5AA-MH95S,WAGON R
CAR,HONDA,CITY RS,THAILAND,PETROL,988.0,POLONNARUWA,RECONDITIONED,2025.0,1,,CITY RS
CAR,MAZDA,5AA-MM94S FLAIR,JAPAN,PETROL,658.0,COLOMBO,RECONDITIONED,2024.0,1,5AA-MM94S,FLAIR
CAR,DAIHATSU,5BA-LA350S MIRA E.S,JAPAN,PETROL,658.0,MATARA,RECONDITIONED,2023.0,3,5BA-LA350S,MIRA E.S
CAR,NISSAN,5BA-B43W  DAYZ,JAPAN,PETROL,658.0,KANDY,RECONDITIONED,2024.0,1,5BA-B43W,DAYZ
CAR,TOYOTA,3BA-TRJ250W,JAPAN,PETROL,2693.0,MATARA,RECONDITIONED,2024.0,1,3BA-TRJ250W,VX
CAR,TOYOTA,3BA-TRJ250W,JAPAN,PETROL,2693.0,ANURADHAPURA,RECONDITIONED,2024.0,1,3BA-TRJ250W,VX
CAR,MITSUBISHI,NC1WXRPGRV1,INDONESIA,PETROL,1499.0,GALLE,BRAND NEW,2025.0,1,,NC1WXRPGRV1
CAR,TOYOTA,6AA-ZWR90W VOXY,JAPAN,PETROL/ELE,1797.0,MATARA,RECONDITIONED,2025.0,1,6AA-ZWR90W,VOXY
CAR,TATA,CURVV,INDIA,PETROL,1199.0,KALUTARA,BRAND NEW,2025.0,1,,CURVV
CAR,MITSUBISHI,NC1WLRPGRV1,INDONESIA,PETROL,1499.0,GAMPAHA,BRAND NEW,2025.0,1,,NC1WLRPGRV1
CAR,SUZUKI,5BA-MH85S  WAGON R,JAPAN,PETROL,657.0,GALLE,RECONDITIONED,2023.0,1,5BA-MH85S,WAGON R
CAR,SUZUKI,5BD-DA17V  EVERY,JAPAN,PETROL,658.0,GAMPAHA,RECONDITIONED,2025.0,1,5BD-DA17V,EVERY
CAR,TOYOTA,5AA-A202A  RAIZE,JAPAN,ELECTRIC,78.0,KURUNEGALA,RECONDITIONED,2025.0,1,5AA-A202A,RAIZE
CAR,NISSAN,MAGNITE TEKNA PLUS,INDIA,PETROL,999.0,POLONNARUWA,BRAND NEW,2025.0,1,,MAGNITE TEKNA PLUS
CAR,MITSUBISHI,GKIWXTHUR,JAPAN,PETROL,1499.0,COLOMBO,BRAND NEW,2025.0,1,,GKIWXTHUR
CAR,HONDA,6AA-RV5 VEZEL,JAPAN,PETROL,1496.0,COLOMBO,RECONDITIONED,2024.0,1,6AA-RV5,VEZEL
CAR,TOYOTA,5AA-A202A RAIZE,JAPAN,ELECTRIC,78.0,KALUTARA,RECONDITIONED,2023.0,1,5AA-A202A,RAIZE
CAR,SUZUKI,3BA-JB64W JIMNY,JAPAN,PETROL,658.0,GAMPAHA,RECONDITIONED,2025.0,1,3BA-JB64W,JIMNY
CAR,SUZUKI,4AA-MH55S WAGON R,JAPAN,PETROL,658.0,GAMPAHA,RECONDITIONED,2025.0,1,4AA-MH55S,WAGON R
CAR,TOYOTA,5BA-MZEA17 COROLLA,JAPAN,PETROL,1496.0,GAMPAHA,RECONDITIONED,2023.0,2,5BA-MZEA17,COROLLA
CAR,TOYOTA,3BA-TRJ150W,JAPAN,PETROL,2693.0,RATNAPURA,RECONDITIONED,2023.0,1,3BA-TRJ150W,TXL
CAR,DAIHATSU,3BA-A210S  ROCKY,JAPAN,PETROL,990.0,GAMPAHA,RECONDITIONED,2023.0,1,3BA-A210S,ROCKY
CAR,JETOUR,DASHING,CHINA,PETROL,1498.0,COLOMBO,BRAND NEW,2025.0,8,,DASHING
CAR,SUZUKI,4AA-MH55S WAGON R,JAPAN,PETROL,658.0,KEGALLE,RECONDITIONED,2022.0,1,4AA-MH55S,WAGON R
CAR,SUZUKI,5AA-MH95S  WAGON R,JAPAN,PETROL,658.0,KURUNEGALA,RECONDITIONED,2024.0,1,5AA-MH95S,WAGON R
CAR,MITSUBISHI,5BA-B33W EK WAGON,JAPAN,PETROL,658.0,KANDY,RECONDITIONED,2023.0,1,5BA-B33W,EK WAGON
CAR,SUZUKI,5BA-MH85S   WAGON R,JAPAN,PETROL,656.0,KURUNEGALA,RECONDITIONED,2024.0,1,5BA-MH85S,WAGON R
CAR,SUZUKI,5BA-MH85S WAGON R,JAPAN,PETROL,658.0,JAFFNA,RECONDITIONED,2023.0,1,5BA-MH85S,WAGON R
CAR,SUZUKI,5AA-MH95S WOGON R,JAPAN,PETROL,658.0,KEGALLE,RECONDITIONED,2025.0,1,5AA-MH95S,WOGON R
CAR,TOYOTA,6AA-MXPJ10 YARIS,JAPAN,PETROL/ELE,1496.0,ANURADHAPURA,RECONDITIONED,2024.0,1,6AA-MXPJ10,YARIS
CAR,SUZUKI,5AA-MH95S WAGON R,JAPAN,PETROL,650.0,ANURADHAPURA,RECONDITIONED,2023.0,1,5AA-MH95S,WAGON R
CAR,HONDA,5BA-DG5   WR-V,JAPAN,PETROL,1490.0,KURUNEGALA,RECONDITIONED,2024.0,1,5BA-DG5,WR-V
CAR,NISSAN,5AA-B44W,JAPAN,PETROL,659.0,GAMPAHA,RECONDITIONED,2023.0,1,5AA-B44W,Unknown
CAR,NISSAN,4AA-B45W  DAYZ,JAPAN,PETROL,658.0,GAMPAHA,RECONDITIONED,2023.0,1,4AA-B45W,DAYZ
CAR,SUZUKI,5AA-MH95S WAGON R,JAPAN,PETROL,658.0,VAVUNIYA,RECONDITIONED,2023.0,1,5AA-MH95S,WAGON R
CAR,TOYOTA,4BA-M900A  ROOMY,JAPAN,PETROL,996.0,KURUNEGALA,RECONDITIONED,2025.0,1,4BA-M900A,ROOMY
CAR,DAIHATSU,5BA-M900S THOR,JAPAN,PETROL,996.0,COLOMBO,RECONDITIONED,2024.0,1,5BA-M900S,THOR
CAR,DAIHATSU,4BA-M900A THOR,JAPAN,PETROL,996.0,HAMBANTOTA,RECONDITIONED,2023.0,1,4BA-M900A,THOR
CAR,TOYOTA,5BA-A201A RAIZE,JAPAN,PETROL,1196.0,AMPARA,RECONDITIONED,2023.0,1,5BA-A201A,RAIZE
CAR,BYD,ATTO-3-SUPERIOR,CHINA,ELECTRIC,100.0,KALUTARA,BRAND NEW-L/ASSEMBLE,2025.0,1,ATTO-3-SUPERIOR,Unknown
CAR,TOYOTA,5BA-M700A PASSO,JAPAN,PETROL,996.0,KALUTARA,RECONDITIONED,2022.0,1,5BA-M700A,PASSO
CAR,TOYOTA,6AA-MXPK11 AQUA,JAPAN,PETROL/ELE,1496.0,KALUTARA,RECONDITIONED,2024.0,1,6AA-MXPK11,AQUA
CAR,HONDA,6AA-RV5 VEZEL,JAPAN,PETROL/ELE,1496.0,ANURADHAPURA,RECONDITIONED,2022.0,1,6AA-RV5,VEZEL
CAR,TOYOTA,5BA-A201A RAIZE,JAPAN,PETROL,1198.0,KALUTARA,RECONDITIONED,2023.0,1,5BA-A201A,RAIZE
CAR,SUZUKI,5BD-DA17V EVEVRY,JAPAN,PETROL,658.0,KEGALLE,RECONDITIONED,2023.0,1,5BD-DA17V,EVEVRY
CAR,TOYOTA,5BA-A201A RAIZE,JAPAN,PETROL,1196.0,TRINCOMALEE,RECONDITIONED,2024.0,1,5BA-A201A,RAIZE
CAR,TOYOTA,4BA-M900A ROOMY,JAPAN,PETROL,996.0,RATNAPURA,RECONDITIONED,2024.0,1,4BA-M900A,ROOMY
CAR,NISSAN,MAGNITE TEKNA PLUS,INDIA,PETROL,999.0,KEGALLE,BRAND NEW-L/ASSEMBLE,2025.0,1,,MAGNITE TEKNA PLUS
CAR,PERODUA,AXIA-CG1SZ,MALAYSIA,PETROL,998.0,BADULLA,BRAND NEW,2025.0,1,AXIA-CG1SZ,Unknown
CAR,TOYOTA,6BA-MXUA80 HARRIER,JAPAN,PETROL,1986.0,KALUTARA,RECONDITIONED,2025.0,1,6BA-MXUA80,HARRIER
CAR,TOYOTA,3BA VJA300W,JAPAN,PETROL,3444.0,COLOMBO,RECONDITIONED,2025.0,1,,3BA VJA300W
CAR,SUZUKI,4AA-MN71S XBEE,JAPAN,PETROL,996.0,COLOMBO,RECONDITIONED,2025.0,1,4AA-MN71S,XBEE
CAR,TOYOTA,6AA-ZVG13 COROLLA,JAPAN,PETROL/ELE,1797.0,KANDY,RECONDITIONED,2025.0,1,6AA-ZVG13,COROLLA
CAR,SUZUKI,3BA-HA37S,JAPAN,PETROL,658.0,BADULLA,RECONDITIONED,2024.0,1,3BA-HA37S,Unknown
CAR,NISSAN,5BA-B43W DAYZ,JAPAN,PETROL,650.0,MONERAGALA,RECONDITIONED,2023.0,1,5BA-B43W,DAYZ
CAR,DAIHATSU,5BA-LA360S MIRA E.S,JAPAN,PETROL,658.0,GAMPAHA,RECONDITIONED,2023.0,1,5BA-LA360S,MIRA E.S
CAR,DAIHATSU,5BA-LA350S MIRA  E S,JAPAN,PETROL,658.0,COLOMBO,RECONDITIONED,2023.0,1,5BA-LA350S,MIRA  E S
CAR,TOYOTA,5AA-A202A  RAIZE,JAPAN,PETROL/ELE,78.0,HAMBANTOTA,RECONDITIONED,2022.0,1,5AA-A202A,RAIZE
CAR,SUZUKI,5AA-MH95S WAGON R,JAPAN,PETROL,658.0,MATARA,RECONDITIONED,2023.0,3,5AA-MH95S,WAGON R
CAR,VOLKSWAGEN,3BA-C1DKR TCROSS,GERMANY,PETROL,996.0,GAMPAHA,RECONDITIONED,2024.0,1,3BA-C1DKR,TCROSS
CAR,NISSAN,ALMERA,THAILAND,PETROL,999.0,GALLE,RECONDITIONED,2025.0,1,,ALMERA
CAR,SUZUKI,5AA-MH95S,JAPAN,PETROL,658.0,MONERAGALA,RECONDITIONED,2025.0,1,5AA-MH95S,WOGON R
CAR,MITSUBISHI,5AA-B34A EK SPACE,JAPAN,PETROL,660.0,GAMPAHA,RECONDITIONED,2023.0,1,5AA-B34A,EK SPACE
CAR,TOYOTA,5AA-A202A   RAIZE,JAPAN,ELECTRIC,78.0,GAMPAHA,RECONDITIONED,2025.0,1,5AA-A202A,RAIZE
CAR,TOYOTA,RAIZE 3BA-A210A,JAPAN,PETROL,996.0,KURUNEGALA,RECONDITIONED,2024.0,1,,RAIZE 3BA-A210A
CAR,SUZUKI,5AA-MH95S WAGON R,JAPAN,PETROL,658.0,GALLE,RECONDITIONED,2023.0,4,5AA-MH95S,WAGON R
CAR,TOYOTA,5AA-A202A RAIZE,JAPAN,PETROL/ELE,78.0,POLONNARUWA,RECONDITIONED,2025.0,1,5AA-A202A,RAIZE
CAR,DAIHATSU,5BA-LA350S  MIRA,JAPAN,PETROL,658.0,GAMPAHA,RECONDITIONED,2024.0,2,5BA-LA350S,MIRA
CAR,SUZUKI,5AA-MH95S WAGON R,JAPAN,PETROL,658.0,ANURADHAPURA,RECONDITIONED,2023.0,2,5AA-MH95S,WAGON R
CAR,SUZUKI,5BA-HE33S,JAPAN,PETROL,656.0,COLOMBO,RECONDITIONED,2023.0,1,5BA-HE33S,LAPIN
CAR,TOYOTA,5BA-M700A  PASSO,JAPAN,PETROL,996.0,KURUNEGALA,RECONDITIONED,2022.0,1,5BA-M700A,PASSO
CAR,TOYOTA,5AA-A202A RAIZE,JAPAN,PETROL/ELE,1196.0,GAMPAHA,RECONDITIONED,2025.0,12,5AA-A202A,RAIZE
CAR,MAZDA,5AA-MJ95S,JAPAN,PETROL,658.0,COLOMBO,RECONDITIONED,2023.0,1,5AA-MJ95S,FLAIR
CAR,HONDA,6AA-RV5  VEZEL,JAPAN,PETROL/ELE,1496.0,ANURADHAPURA,RECONDITIONED,2024.0,1,6AA-RV5,VEZEL
CAR,TOYOTA,5BA-KSP210 YARIS,JAPAN,PETROL,996.0,COLOMBO,RECONDITIONED,2025.0,10,5BA-KSP210,YARIS
CAR,SUZUKI,5BD-DA17V EVERY,JAPAN,PETROL,656.0,KURUNEGALA,RECONDITIONED,2023.0,3,5BD-DA17V,EVERY
CAR,TOYOTA,5BA-A201A RAIZE,JAPAN,PETROL,1190.0,GAMPAHA,RECONDITIONED,2023.0,1,5BA-A201A,RAIZE
CAR,MERCEDES BENZ,GLB 200 AMG LINE,UNITED KINGDOM,PETROL,1332.0,COLOMBO,RECONDITIONED,2025.0,1,,GLB 200 AMG LINE
CAR,TOYOTA,5AA-A202A RAIZE,JAPAN,PETROL/ELE,1196.0,ANURADHAPURA,RECONDITIONED,2025.0,1,5AA-A202A,RAIZE
CAR,HONDA,6AA-RV5 VEZEL,JAPAN,PETROL/ELE,1498.0,COLOMBO,RECONDITIONED,2024.0,1,6AA-RV5,VEZEL
CAR,TOYOTA,5AA-A202A RAIZE,JAPAN,PETROL/ELE,78.0,COLOMBO,RECONDITIONED,2024.0,9,5AA-A202A,RAIZE
CAR,TOYOTA,3BA-A210A,JAPAN,PETROL,996.0,GALLE,RECONDITIONED,2025.0,3,3BA-A210A,RAIZE G
CAR,TOYOTA,5BA-A201A RAIZE,JAPAN,PETROL,1196.0,GALLE,RECONDITIONED,2023.0,1,5BA-A201A,RAIZE
CAR,SUZUKI,5BD-MK33V SPACIA,JAPAN,PETROL,658.0,GAMPAHA,RECONDITIONED,2023.0,1,5BD-MK33V,SPACIA
CAR,SUZUKI,5AA-MH95S WAGON R,JAPAN,PETROL,658.0,JAFFNA,RECONDITIONED,2025.0,9,5AA-MH95S,WAGON R
CAR,TOYOTA,5AA-A202A RAIZE,JAPAN,PETROL/ELE,1190.0,COLOMBO,RECONDITIONED,2025.0,2,5AA-A202A,RAIZE
CAR,HONDA,6AA-RV5 VEZEL,JAPAN,PETROL/ELE,1496.0,GAMPAHA,RECONDITIONED,2023.0,37,6AA-RV5,VEZEL
CAR,SUZUKI,5BD-DA17V EVERY,JAPAN,PETROL,658.0,TRINCOMALEE,RECONDITIONED,2025.0,1,5BD-DA17V,EVERY
CAR,TOYOTA,5BA-M700A  PASSO,JAPAN,PETROL,996.0,COLOMBO,RECONDITIONED,2023.0,1,5BA-M700A,PASSO
CAR,HONDA,6AA-RV5 VEZEL,JAPAN,PETROL/ELE,1496.0,KALUTARA,RECONDITIONED,2023.0,17,6AA-RV5,VEZEL
CAR,PERODUA,AXIA-CG1SZ,MALAYSIA,PETROL,998.0,KEGALLE,BRAND NEW,2025.0,1,AXIA-CG1SZ,Unknown
CAR,BYD,DOLPHIN-DYNAMIC49,CHINA,ELECTRIC,49.0,KURUNEGALA,BRAND NEW,2025.0,2,,DOLPHIN-DYNAMIC49
CAR,TOYOTA,3BA-NGX10 C-HR,JAPAN,PETROL,1196.0,COLOMBO,RECONDITIONED,2023.0,3,3BA-NGX10,C-HR
CAR,NISSAN,MAGNITE N-CONNECTA,INDIA,PETROL,999.0,GAMPAHA,BRAND NEW,2025.0,14,,MAGNITE N-CONNECTA
CAR,TOYOTA,5BA-M900A ROOMY,JAPAN,PETROL,996.0,COLOMBO,RECONDITIONED,2022.0,15,5BA-M900A,ROOMY
CAR,NISSAN,MAGNITE TEKNA PLUS,INDIA,PETROL,999.0,KURUNEGALA,BRAND NEW,2025.0,5,,MAGNITE TEKNA PLUS
CAR,NISSAN,MAGNITE TEKNA PLUS,INDIA,PETROL,999.0,RATNAPURA,BRAND NEW,2025.0,7,,MAGNITE TEKNA PLUS
CAR,SUZUKI,5AA-MH95S,JAPAN,PETROL,658.0,KANDY,RECONDITIONED,2025.0,3,5AA-MH95S,WOGON R
CAR,TOYOTA,YARIS ATIV PREMIUM,THAILAND,PETROL,1197.0,COLOMBO,RECONDITIONED,2025.0,2,,YARIS ATIV PREMIUM
CAR,SUZUKI,3BA-HA37S ALTO,JAPAN,PETROL,658.0,KALUTARA,RECONDITIONED,2024.0,3,3BA-HA37S,ALTO
CAR,TOYOTA,5AA-A202A  RAIZE,JAPAN,ELECTRIC,78.0,AMPARA,RECONDITIONED,2025.0,1,5AA-A202A,RAIZE
CAR,TOYOTA,6AA-AAHH40W ALPHARD,JAPAN,PETROL/ELE,2487.0,KURUNEGALA,RECONDITIONED,2023.0,1,6AA-AAHH40W,ALPHARD
CAR,DAIHATSU,5BA-LA900S TAFT,JAPAN,PETROL,658.0,MONERAGALA,RECONDITIONED,2024.0,1,5BA-LA900S,TAFT
CAR,TOYOTA,5AA-A202A  RAIZE,JAPAN,PETROL/ELE,78.0,MATARA,RECONDITIONED,2023.0,1,5AA-A202A,RAIZE
CAR,TOYOTA,5BA-M700A PASSO,JAPAN,PETROL,996.0,COLOMBO,RECONDITIONED,2022.0,6,5BA-M700A,PASSO
CAR,NISSAN,5AA-B44A ROOX,JAPAN,PETROL,658.0,ANURADHAPURA,RECONDITIONED,2023.0,1,5AA-B44A,ROOX
CAR,HONDA,6AA-RV5 VEZEL,JAPAN,PETROL/ELE,1496.0,KEGALLE,RECONDITIONED,2023.0,4,6AA-RV5,VEZEL
CAR,SUZUKI,5AA-MH95S WAGON R,JAPAN,PETROL,660.0,COLOMBO,RECONDITIONED,2023.0,1,5AA-MH95S,WAGON R
CAR,DAIHATSU,5BA-LA350S MIRA,JAPAN,PETROL,658.0,JAFFNA,RECONDITIONED,2024.0,5,5BA-LA350S,MIRA
CAR,DAIHATSU,5BA-LA350S  MIRA,JAPAN,PETROL,658.0,GALLE,RECONDITIONED,2024.0,3,5BA-LA350S,MIRA
CAR,TOYOTA,5BA-A201A RAIZE,JAPAN,PETROL,1196.0,COLOMBO,RECONDITIONED,2023.0,10,5BA-A201A,RAIZE
CAR,NISSAN,MAGNITE ACENTA BR10,INDIA,PETROL,999.0,BADULLA,BRAND NEW,2025.0,1,,MAGNITE ACENTA BR10
CAR,SUZUKI,5BA-MH85S WAGON R,JAPAN,PETROL,658.0,MATALE,RECONDITIONED,2024.0,1,5BA-MH85S,WAGON R
CAR,PERODUA,AXIA-CG1SZ,MALAYSIA,PETROL,998.0,HAMBANTOTA,BRAND NEW,2025.0,1,AXIA-CG1SZ,Unknown
CAR,PERODUA,BEZZA,MALAYSIA,PETROL,998.0,KEGALLE,BRAND NEW,2025.0,5,,BEZZA
CAR,BYD,SEALION 6 PREMIUM,CHINA,PETROL/ELE,1498.0,GALLE,BRAND NEW,2025.0,1,,SEALION 6 PREMIUM
CAR,CHANGAN,S 07,CHINA,ELECTRIC,99.0,MATALE,BRAND NEW,2025.0,1,,S 07
CAR,TOYOTA,URBAN CRUISER TAISER,INDIA,PETROL,998.0,COLOMBO,RECONDITIONED,2025.0,2,,URBAN CRUISER TAISER
CAR,CHERY,TIGGO CROSS,CHINA,PETROL/ELE,1498.0,COLOMBO,BRAND NEW,2025.0,4,,TIGGO CROSS
CAR,NISSAN,5AA-B44A ROOX,JAPAN,PETROL,658.0,GAMPAHA,RECONDITIONED,2023.0,4,5AA-B44A,ROOX
CAR,SUZUKI,5AA-MH95S WAGON R,JAPAN,PETROL,658.0,HAMBANTOTA,RECONDITIONED,2024.0,4,5AA-MH95S,WAGON R
CAR,TOYOTA,YARIS 5BA-KSP210,JAPAN,PETROL,996.0,MATARA,RECONDITIONED,2023.0,1,,YARIS 5BA-KSP210
CAR,SUZUKI,5AA-MH95S  WAGON R,JAPAN,PETROL,657.0,KURUNEGALA,BRAND NEW,2025.0,1,5AA-MH95S,WAGON R
CAR,TOYOTA,3BA-VJA300W,JAPAN,PETROL,3444.0,PUTTALAM,RECONDITIONED,2025.0,1,3BA-VJA300W,Unknown
CAR,TOYOTA,5AA-A202A RAIZE,JAPAN,PETROL/ELE,1496.0,PUTTALAM,RECONDITIONED,2025.0,1,5AA-A202A,RAIZE
CAR,TOYOTA,5BA-M900A ROOMY,JAPAN,PETROL,996.0,KANDY,RECONDITIONED,2023.0,7,5BA-M900A,ROOMY
CAR,NISSAN,ALMERA,THAILAND,PETROL,999.0,COLOMBO,RECONDITIONED,2024.0,1,,ALMERA
CAR,TOYOTA,5AA-A202A  RAIZE,JAPAN,PETROL/ELE,78.0,GALLE,RECONDITIONED,2025.0,1,5AA-A202A,RAIZE
CAR,SUZUKI,5AA-MH95S WAGON R,JAPAN,PETROL,658.0,GALLE,RECONDITIONED,2025.0,4,5AA-MH95S,WAGON R
CAR,LAND ROVER,RANGE ROVER,UNITED KINGDOM,PETROL/ELE,3000.0,COLOMBO,BRAND NEW,2025.0,3,,RANGE ROVER
CAR,SUZUKI,4AA-MH55S WAGON R,JAPAN,PETROL,658.0,BADULLA,RECONDITIONED,2024.0,1,4AA-MH55S,WAGON R
CAR,TOYOTA,6AA-MXPJ10 YARIS,JAPAN,PETROL/ELE,1490.0,HAMBANTOTA,RECONDITIONED,2023.0,1,6AA-MXPJ10,YARIS
CAR,TOYOTA,4BA-M900A ROOMY,JAPAN,PETROL,996.0,NUWARA-ELIYA,RECONDITIONED,2022.0,1,4BA-M900A,ROOMY
CAR,TOYOTA,NYC200R-DHXHBF,INDONESIA,PETROL/ELE,1496.0,COLOMBO,BRAND NEW,2025.0,11,,NYC200R-DHXHBF
CAR,SUZUKI,3BA-HA37S ALTO,JAPAN,PETROL,656.0,GAMPAHA,RECONDITIONED,2024.0,1,3BA-HA37S,ALTO
CAR,MERCEDES BENZ,GLS 450 4MATIC,U.S.A,PETROL,2999.0,COLOMBO,BRAND NEW,2025.0,5,,GLS 450 4MATIC
CAR,PEUGEOT,2008GT,SPAIN,PETROL,1199.0,KANDY,BRAND NEW,2025.0,1,,2008GT
CAR,NISSAN,5AA-B44W DAYS,JAPAN,PETROL,658.0,KANDY,RECONDITIONED,2024.0,1,5AA-B44W,DAYS
CAR,TOYOTA,4BA-M900A  ROOMY,JAPAN,PETROL,996.0,MONERAGALA,RECONDITIONED,2024.0,1,4BA-M900A,ROOMY
CAR,TOYOTA,3BA-A210A RAIZE,JAPAN,PETROL,996.0,KANDY,RECONDITIONED,2023.0,6,3BA-A210A,RAIZE
CAR,HONDA,6AA-RV5 VEZEL,JAPAN,PETROL/ELE,1496.0,BATTICALOA,RECONDITIONED,2025.0,5,6AA-RV5,VEZEL
CAR,TOYOTA,5BA-KSP210 YARIS,JAPAN,PETROL,996.0,KEGALLE,RECONDITIONED,2023.0,7,5BA-KSP210,YARIS
CAR,SUZUKI,5AA-MH95S WAGON R,JAPAN,PETROL,658.0,MATARA,RECONDITIONED,2025.0,6,5AA-MH95S,WAGON R
CAR,DAIHATSU,5BA-LA350S MIRA,JAPAN,PETROL,658.0,MATARA,RECONDITIONED,2023.0,10,5BA-LA350S,MIRA
CAR,AUDI,E-TRON 50 QUATTRO,BELGIUM,ELECTRIC,230.0,COLOMBO,BRAND NEW,2024.0,1,,E-TRON 50 QUATTRO
CAR,VOLKSWAGEN,3BA-CIDKR T- CROSS,GERMANY,PETROL,996.0,PUTTALAM,RECONDITIONED,2023.0,1,3BA-CIDKR,T- CROSS
CAR,MITSUBISHI,5BA-B33W,JAPAN,PETROL,658.0,JAFFNA,RECONDITIONED,2024.0,1,5BA-B33W,WAGON EK
CAR,MERCEDES BENZ,CLA 200 COUPE,HUNGARY,PETROL,1332.0,COLOMBO,BRAND NEW,2025.0,1,,CLA 200 COUPE
CAR,MITSUBISHI,5AA-B34W  EK X,JAPAN,PETROL,658.0,HAMBANTOTA,RECONDITIONED,2023.0,1,5AA-B34W,EK X
CAR,SUZUKI,5BD-DA17V,JAPAN,PETROL,656.0,COLOMBO,RECONDITIONED,2023.0,1,5BD-DA17V,EVEVRY
CAR,TOYOTA,3BA-TRJ150W,JAPAN,PETROL,2696.0,MATALE,RECONDITIONED,2023.0,1,3BA-TRJ150W,TXL
CAR,DAIHATSU,5BA-LA350S MIRA ES,JAPAN,PETROL,658.0,COLOMBO,RECONDITIONED,2023.0,8,5BA-LA350S,MIRA ES
CAR,TOYOTA,5BA-MXPB10 YARIS,JAPAN,PETROL,1496.0,KURUNEGALA,RECONDITIONED,2023.0,1,5BA-MXPB10,YARIS
CAR,SUZUKI,5AA-MK94S SPACIA,JAPAN,PETROL,658.0,PUTTALAM,RECONDITIONED,2025.0,1,5AA-MK94S,SPACIA
CAR,DAIHATSU,5BA-LA350S  MIRA,JAPAN,PETROL,658.0,GALLE,BRAND NEW,2024.0,1,5BA-LA350S,MIRA
CAR,MITSUBISHI,5BA-B33W EK WAGON,JAPAN,PETROL,658.0,COLOMBO,RECONDITIONED,2023.0,2,5BA-B33W,EK WAGON
CAR,HONDA,CITY,THAILAND,PETROL,988.0,MATALE,RECONDITIONED,2025.0,1,,CITY
CAR,TOYOTA,3BA-A210A RAIZE,JAPAN,PETROL,998.0,RATNAPURA,RECONDITIONED,2024.0,1,3BA-A210A,RAIZE
CAR,PORSCHE,718 CAYMAN STYLE,GERMANY,PETROL,1988.0,COLOMBO,BRAND NEW,2025.0,1,,718 CAYMAN STYLE
CAR,SUZUKI,5BA-MH85S WAGON R,JAPAN,PETROL,658.0,JAFFNA,RECONDITIONED,2024.0,3,5BA-MH85S,WAGON R
CAR,HONDA,6AA-RV5V VEZEL,JAPAN,PETROL/ELE,1496.0,KURUNEGALA,RECONDITIONED,2024.0,1,6AA-RV5V,VEZEL
CAR,DAIHATSU,5BA-LA350S,JAPAN,PETROL,658.0,MATARA,RECONDITIONED,2024.0,2,5BA-LA350S,MIRA  E S
CAR,TOYOTA,5BA-KSP210,JAPAN,PETROL,996.0,COLOMBO,RECONDITIONED,2024.0,2,5BA-KSP210,Unknown
CAR,PROTON,SAGA,SRI LANKA,PETROL,1299.0,GAMPAHA,BRAND NEW-L/ASSEMBLE,2024.0,5,,SAGA
CAR,HONDA,6AA-RV5,JAPAN,PETROL/ELE,1496.0,MATARA,RECONDITIONED,2024.0,2,6AA-RV5,VEVEL
CAR,HONDA,6AA-RV5 VEZEL,JAPAN,PETROL/ELE,1496.0,COLOMBO,RECONDITIONED,2022.0,5,6AA-RV5,VEZEL
CAR,SUZUKI,5AA-MH95S WAGON R,JAPAN,PETROL,657.0,JAFFNA,RECONDITIONED,2025.0,5,5AA-MH95S,WAGON R
CAR,VOLKSWAGEN,3BA-AWDLA  POLO,GERMANY,PETROL,999.0,COLOMBO,RECONDITIONED,2023.0,1,3BA-AWDLA,POLO
CAR,MERCEDES BENZ,5BA-118384M CLA180,GERMANY,PETROL,1332.0,COLOMBO,RECONDITIONED,2022.0,1,5BA-118384M,CLA180
CAR,SUZUKI,5BD-DA17V EVERY,JAPAN,PETROL,658.0,PUTTALAM,RECONDITIONED,2025.0,1,5BD-DA17V,EVERY
CAR,TOYOTA,5BA-M900A ROOMY,JAPAN,PETROL,996.0,COLOMBO,RECONDITIONED,2024.0,5,5BA-M900A,ROOMY
CAR,MERCEDES BENZ,4AA-214050C E200,GERMANY,PETROL,1997.0,COLOMBO,RECONDITIONED,2024.0,2,4AA-214050C,E200
CAR,TOYOTA,5BA-KSP210,JAPAN,PETROL,996.0,MATARA,RECONDITIONED,2025.0,1,5BA-KSP210,Unknown
CAR,SUZUKI,FRONX,INDIA,PETROL,998.0,BATTICALOA,BRAND NEW,2025.0,1,,FRONX
CAR,BYD,SEALION 6 SUPERIOR,CHINA,PETROL/ELE,1498.0,NUWARA-ELIYA,BRAND NEW,2025.0,2,,SEALION 6 SUPERIOR
CAR,TOYOTA,5AA-A202A RAIZE,JAPAN,ELECTRIC,78.0,KEGALLE,RECONDITIONED,2025.0,1,5AA-A202A,RAIZE
CAR,DAIHATSU,5BA-LA350S,JAPAN,PETROL,658.0,POLONNARUWA,RECONDITIONED,2024.0,1,5BA-LA350S,MIRA  E S
CAR,TOYOTA,6BA-MXUA80 HARRIER,JAPAN,PETROL,1986.0,COLOMBO,RECONDITIONED,2025.0,2,6BA-MXUA80,HARRIER
CAR,TOYOTA,3BA-TRJ150W PRADO,JAPAN,PETROL,2693.0,KEGALLE,RECONDITIONED,2023.0,1,3BA-TRJ150W,PRADO
CAR,TOYOTA,YARIS ATIV,THAILAND,PETROL,1197.0,COLOMBO,RECONDITIONED,2025.0,6,,YARIS ATIV
CAR,TOYOTA,5BA-M900A ROOMY,JAPAN,PETROL,998.0,MATARA,RECONDITIONED,2025.0,1,5BA-M900A,ROOMY
CAR,TOYOTA,3BA-NGX10 C-HR,JAPAN,PETROL,1196.0,GALLE,RECONDITIONED,2023.0,1,3BA-NGX10,C-HR
CAR,TOYOTA,3BA-A210A RAIZE,JAPAN,PETROL,996.0,PUTTALAM,RECONDITIONED,2022.0,2,3BA-A210A,RAIZE
CAR,TOYOTA,YARIS CROSS,THAILAND,PETROL/ELE,1496.0,ANURADHAPURA,RECONDITIONED,2025.0,2,,YARIS CROSS
CAR,MITSUBISHI,NC1WXRPGRV1 XPANDER,INDONESIA,PETROL,1499.0,GALLE,BRAND NEW,2025.0,1,,NC1WXRPGRV1 XPANDER
CAR,DAIHATSU,5BA-LA650S TANTO,JAPAN,PETROL,658.0,GAMPAHA,RECONDITIONED,2023.0,1,5BA-LA650S,TANTO
CAR,MITSUBISHI,NC1WLRPGRV1 XPANDER,INDONESIA,PETROL,1499.0,COLOMBO,BRAND NEW,2025.0,1,,NC1WLRPGRV1 XPANDER
CAR,TOYOTA,A250RA-GBVV RAIZE,INDONESIA,PETROL,998.0,NUWARA-ELIYA,BRAND NEW,2025.0,2,,A250RA-GBVV RAIZE
CAR,HONDA,6AA-RV5,JAPAN,PETROL/ELE,1496.0,KANDY,RECONDITIONED,2024.0,1,6AA-RV5,VEVEL
CAR,TOYOTA,5BA-M900A ROOMY,JAPAN,PETROL,996.0,GALLE,RECONDITIONED,2023.0,8,5BA-M900A,ROOMY
CAR,TOYOTA,KSP210 YARIS,JAPAN,PETROL,996.0,GALLE,RECONDITIONED,2023.0,1,,KSP210 YARIS
CAR,SUZUKI,5BA-MH85S WAGONR,JAPAN,PETROL,658.0,PUTTALAM,RECONDITIONED,2023.0,1,5BA-MH85S,WAGONR
CAR,DAIHATSU,3BA-A210S  ROCKY,JAPAN,PETROL,996.0,HAMBANTOTA,RECONDITIONED,2024.0,1,3BA-A210S,ROCKY
CAR,TOYOTA,5BA-A202A RAIZE,JAPAN,ELECTRIC,78.0,MATARA,RECONDITIONED,2025.0,1,5BA-A202A,RAIZE
CAR,SUZUKI,5AA-MR92S  HUSTLER,JAPAN,PETROL,658.0,KANDY,RECONDITIONED,2024.0,1,5AA-MR92S,HUSTLER
CAR,MERCEDES BENZ,5AA-206041C  C180,GERMANY,PETROL,1494.0,COLOMBO,RECONDITIONED,2023.0,1,5AA-206041C,C180
CAR,SUZUKI,3BA-DA17W EVERY,JAPAN,PETROL,658.0,JAFFNA,RECONDITIONED,2024.0,1,3BA-DA17W,EVERY
CAR,TOYOTA,5BA-M900A,JAPAN,PETROL,996.0,KANDY,RECONDITIONED,2023.0,1,5BA-M900A,ROOMY
CAR,SUZUKI,5AA-MH95S WAGON R,JAPAN,PETROL,658.0,RATNAPURA,RECONDITIONED,2025.0,5,5AA-MH95S,WAGON R
CAR,DAIHATSU,5BA-LA350S MIRA ES,JAPAN,PETROL,658.0,VAVUNIYA,RECONDITIONED,2025.0,1,5BA-LA350S,MIRA ES
CAR,SUZUKI,4AA-MH55S WAGON R,JAPAN,PETROL,658.0,PUTTALAM,RECONDITIONED,2024.0,1,4AA-MH55S,WAGON R
CAR,NISSAN,5AA-B44A,JAPAN,PETROL,658.0,KURUNEGALA,RECONDITIONED,2023.0,1,5AA-B44A,ROOX
CAR,TOYOTA,3BA-TRJ250W,JAPAN,PETROL,2690.0,COLOMBO,RECONDITIONED,2024.0,1,3BA-TRJ250W,VX
CAR,SUZUKI,5AA-MH95S WAGON R,JAPAN,PETROL,658.0,BATTICALOA,RECONDITIONED,2024.0,3,5AA-MH95S,WAGON R
CAR,SUZUKI,5AA-MK94S,JAPAN,PETROL,657.0,MATARA,RECONDITIONED,2025.0,1,5AA-MK94S,Unknown
CAR,SUZUKI,4AA-MN71S,JAPAN,PETROL,998.0,KANDY,RECONDITIONED,2023.0,1,4AA-MN71S,X-BEE
CAR,SUZUKI,FRONX,INDIA,PETROL,998.0,KEGALLE,BRAND NEW,2025.0,3,,FRONX
CAR,TOYOTA,6AA-AAHH40W VELLFIRE,JAPAN,PETROL/ELE,2487.0,COLOMBO,RECONDITIONED,2024.0,1,6AA-AAHH40W,VELLFIRE
CAR,TOYOTA,3BA-A210A,JAPAN,PETROL,996.0,GAMPAHA,RECONDITIONED,2025.0,2,3BA-A210A,RAIZE G
CAR,NISSAN,5AA-B44A ROOX,JAPAN,PETROL,659.0,MATARA,RECONDITIONED,2023.0,2,5AA-B44A,ROOX
CAR,SUZUKI,5BA-MH85S WAGON R,JAPAN,PETROL,658.0,GAMPAHA,RECONDITIONED,2025.0,1,5BA-MH85S,WAGON R
CAR,TOYOTA,6AA-ZVG13,JAPAN,PETROL/ELE,1797.0,GALLE,RECONDITIONED,2024.0,1,6AA-ZVG13,COROLLA
CAR,TOYOTA,6AA-MXPJ10  YARIS,JAPAN,PETROL/ELE,1496.0,GAMPAHA,RECONDITIONED,2024.0,1,6AA-MXPJ10,YARIS
CAR,TOYOTA,5BA-A201A RAICE,JAPAN,PETROL,1196.0,HAMBANTOTA,RECONDITIONED,2023.0,1,5BA-A201A,RAICE
CAR,DAIHATSU,5BA-LA350S MIRA,JAPAN,PETROL,658.0,KALUTARA,RECONDITIONED,2024.0,5,5BA-LA350S,MIRA
CAR,LAND CRUISER,3BA-VJA300W,JAPAN,PETROL,3444.0,GAMPAHA,RECONDITIONED,2025.0,1,3BA-VJA300W,Unknown
CAR,SUZUKI,5BD-DA17V EVERY,JAPAN,PETROL,658.0,NUWARA-ELIYA,RECONDITIONED,2024.0,1,5BD-DA17V,EVERY
CAR,TOYOTA,F800RE-GQGF RUSH,INDONESIA,PETROL,1496.0,KANDY,BRAND NEW,2025.0,1,,F800RE-GQGF RUSH
CAR,SUZUKI,4AA-MK54S SPACIA,JAPAN,PETROL,658.0,GAMPAHA,RECONDITIONED,2024.0,3,4AA-MK54S,SPACIA
CAR,HONDA,CRV VTIX,AUSTRALIA,PETROL,1498.0,GAMPAHA,RECONDITIONED,2023.0,1,,CRV VTIX
CAR,TOYOTA,URBAN CRUISERHYRYDER,INDIA,PETROL/ELE,1490.0,KURUNEGALA,RECONDITIONED,2025.0,1,,URBAN CRUISERHYRYDER
CAR,TOYOTA,3BA-A210A  RAIZE,JAPAN,PETROL,996.0,COLOMBO,RECONDITIONED,2023.0,2,3BA-A210A,RAIZE
CAR,SUZUKI,5BA-MH85S,JAPAN,PETROL,656.0,COLOMBO,RECONDITIONED,2024.0,1,5BA-MH85S,WAGONR
CAR,SUZUKI,5BA-MH85S  WAGON R,JAPAN,PETROL,658.0,KURUNEGALA,RECONDITIONED,2023.0,2,5BA-MH85S,WAGON R
CAR,TOYOTA,5BA-M900A ROOMY,JAPAN,PETROL,996.0,KALUTARA,RECONDITIONED,2022.0,1,5BA-M900A,ROOMY
CAR,DAIHATSU,5BA-KA350S MIRA,JAPAN,PETROL,658.0,BADULLA,RECONDITIONED,2023.0,1,5BA-KA350S,MIRA
CAR,NISSAN,5BA-B43W,JAPAN,PETROL,658.0,GAMPAHA,RECONDITIONED,2023.0,2,5BA-B43W,DAYS
CAR,TOYOTA,3BA-VJA300W,JAPAN,PETROL,3445.0,GAMPAHA,RECONDITIONED,2024.0,1,3BA-VJA300W,Unknown
CAR,SUZUKI,5BA-DA17V EVERY,JAPAN,PETROL,658.0,BADULLA,RECONDITIONED,2025.0,1,5BA-DA17V,EVERY
CAR,HONDA,6BA-JF5 N-BOX,JAPAN,PETROL,658.0,COLOMBO,RECONDITIONED,2025.0,1,6BA-JF5,N-BOX
CAR,HONDA,6BA-JH3,JAPAN,PETROL,658.0,GAMPAHA,RECONDITIONED,2024.0,1,6BA-JH3,N WAGON
CAR,NISSAN,5BD-DR17V CLIPPER,JAPAN,PETROL,658.0,TRINCOMALEE,RECONDITIONED,2024.0,1,5BD-DR17V,CLIPPER
CAR,TOYOTA,5BA-M900A,JAPAN,PETROL,996.0,COLOMBO,RECONDITIONED,2024.0,2,5BA-M900A,ROOMY
CAR,SUZUKI,MH85S WAGON R,JAPAN,PETROL,658.0,MATARA,RECONDITIONED,2024.0,1,,MH85S WAGON R
CAR,SUZUKI,3BA-DA17W  EVERY,JAPAN,PETROL,658.0,KURUNEGALA,RECONDITIONED,2025.0,1,3BA-DA17W,EVERY
CAR,SUZUKI,5AA-MH95S WAGON R,JAPAN,PETROL,657.0,MATARA,RECONDITIONED,2023.0,1,5AA-MH95S,WAGON R
CAR,TOYOTA,F800RE-GQGF RUSH,INDONESIA,PETROL,1496.0,PUTTALAM,BRAND NEW,2025.0,1,,F800RE-GQGF RUSH
CAR,TOYOTA,5BA-KSP210  YARIS,JAPAN,PETROL,996.0,JAFFNA,RECONDITIONED,2023.0,1,5BA-KSP210,YARIS
CAR,TOYOTA,6AA-MXPJ1 YARIS,JAPAN,PETROL/ELE,1490.0,GAMPAHA,RECONDITIONED,2025.0,1,6AA-MXPJ1,YARIS
CAR,DAIHATSU,5BA-LA350S  MIRA,JAPAN,PETROL,650.0,ANURADHAPURA,RECONDITIONED,2024.0,1,5BA-LA350S,MIRA
CAR,TOYOTA,3BA-A210A,JAPAN,PETROL,996.0,MATARA,RECONDITIONED,2025.0,1,3BA-A210A,RAIZE G
CAR,DAIHATSU,4BA-M900S THCR,JAPAN,PETROL,996.0,GAMPAHA,RECONDITIONED,2022.0,1,4BA-M900S,THCR
CAR,SUZUKI,5AA-MH95S   WAGON R,JAPAN,PETROL,658.0,COLOMBO,RECONDITIONED,2023.0,1,5AA-MH95S,WAGON R
CAR,HONDA,CR-V VTIL 17,AUSTRALIA,PETROL,1498.0,COLOMBO,RECONDITIONED,2024.0,1,CR-V,VTIL 17
CAR,DAIHATSU,5BA-LA350S MIRA ES,JAPAN,PETROL,658.0,MATARA,RECONDITIONED,2023.0,1,5BA-LA350S,MIRA ES
CAR,TOYOTA,4BA-M900A ROOMY,JAPAN,PETROL,996.0,MONERAGALA,RECONDITIONED,2025.0,1,4BA-M900A,ROOMY
CAR,DAIHATSU,5BA-LA350S MIRA ES,JAPAN,PETROL,658.0,COLOMBO,RECONDITIONED,2025.0,2,5BA-LA350S,MIRA ES
CAR,TOYOTA,5BA-M910A ROOMY,JAPAN,PETROL,996.0,COLOMBO,RECONDITIONED,2024.0,1,5BA-M910A,ROOMY
CAR,TOYOTA,5BA-MXPB10 YARIS,JAPAN,PETROL,1490.0,JAFFNA,RECONDITIONED,2023.0,1,5BA-MXPB10,YARIS
CAR,TOYOTA,5BA-M900A,JAPAN,PETROL,996.0,KEGALLE,RECONDITIONED,2023.0,1,5BA-M900A,ROOMY
CAR,NISSAN,5AA-B44A ROOX,JAPAN,PETROL,660.0,ANURADHAPURA,RECONDITIONED,2023.0,1,5AA-B44A,ROOX
CAR,TOYOTA,3BA-NGX10 C-HR,JAPAN,PETROL,1196.0,PUTTALAM,RECONDITIONED,2023.0,1,3BA-NGX10,C-HR
CAR,TOYOTA,5BA-M900A ROOMY,JAPAN,PETROL,996.0,MATALE,RECONDITIONED,2023.0,1,5BA-M900A,ROOMY
CAR,DAIHATSU,5AA-A202S ROCKY,JAPAN,PETROL/ELE,1196.0,KANDY,RECONDITIONED,2023.0,1,5AA-A202S,ROCKY
CAR,DAIHATSU,5BA-LA150S,JAPAN,PETROL,658.0,MONERAGALA,RECONDITIONED,2023.0,1,5BA-LA150S,MOVE
CAR,SUZUKI,5BA-MH85S,JAPAN,PETROL,656.0,GALLE,RECONDITIONED,2025.0,1,5BA-MH85S,WAGONR
CAR,HONDA,6AA-RV5,JAPAN,PETROL/ELE,1496.0,MATARA,RECONDITIONED,2025.0,1,6AA-RV5,VEVEL
CAR,LAND ROVER,DEFENDER,UNITED KINGDOM,PETROL/ELE,1997.0,COLOMBO,RECONDITIONED,2025.0,2,,DEFENDER
CAR,HONDA,6AA-RV6 VEZEL,JAPAN,PETROL/ELE,1496.0,COLOMBO,RECONDITIONED,2025.0,1,6AA-RV6,VEZEL
CAR,DAIHATSU,5AA-A202S ROCKY,JAPAN,PETROL,1190.0,RATNAPURA,RECONDITIONED,2024.0,1,5AA-A202S,ROCKY
CAR,SUZUKI,4AA-MK54S SPACIA,JAPAN,PETROL,658.0,KURUNEGALA,RECONDITIONED,2025.0,2,4AA-MK54S,SPACIA
CAR,SUZUKI,3BD-DA17V,JAPAN,PETROL,658.0,PUTTALAM,RECONDITIONED,2025.0,1,3BD-DA17V,Unknown
CAR,MERCEDES BENZ,5AA-206042C C200,GERMANY,PETROL,1494.0,COLOMBO,RECONDITIONED,2022.0,1,5AA-206042C,C200
CAR,TOYOTA,3BA-A210A RAIZE,JAPAN,PETROL,996.0,ANURADHAPURA,RECONDITIONED,2025.0,1,3BA-A210A,RAIZE
CAR,NISSAN,6AA-FE13 AURA,JAPAN,ELECTRIC,100.0,COLOMBO,RECONDITIONED,2024.0,1,6AA-FE13,AURA
CAR,TOYOTA,5AA-A202A RAIZE,JAPAN,ELECTRIC,78.0,BADULLA,RECONDITIONED,2024.0,1,5AA-A202A,RAIZE
CAR,AUDI,3AA-GYDLA,GERMANY,PETROL,999.0,KURUNEGALA,RECONDITIONED,2023.0,1,3AA-GYDLA,A3
CAR,TOYOTA,5BA-MZEA17 COROLLA,JAPAN,PETROL,1490.0,BATTICALOA,RECONDITIONED,2023.0,1,5BA-MZEA17,COROLLA
CAR,HONDA,6BA-JF3 N-BOX CUSTOM,JAPAN,PETROL,658.0,KURUNEGALA,RECONDITIONED,2023.0,1,6BA-JF3,N-BOX CUSTOM
CAR,MERCEDES BENZ,EQA 250 PLUS,GERMANY,ELECTRIC,140.0,COLOMBO,BRAND NEW,2025.0,1,,EQA 250 PLUS
CAR,SUZUKI,3BA-DA17W EVERY,JAPAN,PETROL,650.0,KANDY,RECONDITIONED,2023.0,1,3BA-DA17W,EVERY
CAR,CHERY,TIGGO 4 PRO,SRI LANKA,PETROL,1498.0,COLOMBO,BRAND NEW,2025.0,2,,TIGGO 4 PRO
CAR,DAIHATSU,5BA-LA350S MIRA ES,JAPAN,PETROL,658.0,KEGALLE,RECONDITIONED,2023.0,1,5BA-LA350S,MIRA ES
CAR,NISSAN,5BA-B43W DAYS,JAPAN,PETROL,659.0,GAMPAHA,RECONDITIONED,2024.0,1,5BA-B43W,DAYS
CAR,HONDA,6BA-FL1 CIVIC,JAPAN,PETROL,1496.0,KANDY,RECONDITIONED,2023.0,1,6BA-FL1,CIVIC
CAR,SUZUKI,5AA-MR92S,JAPAN,PETROL,658.0,KURUNEGALA,RECONDITIONED,2023.0,1,5AA-MR92S,HUSLER
CAR,SUZUKI,4AA-MN71S,JAPAN,PETROL,996.0,PUTTALAM,RECONDITIONED,2024.0,1,4AA-MN71S,X-BEE
CAR,NISSAN,5AA-B44A ROOX,JAPAN,PETROL,658.0,MONERAGALA,RECONDITIONED,2023.0,1,5AA-B44A,ROOX
CAR,SUZUKI,4AA-HK54S SPACIA,JAPAN,PETROL,658.0,GALLE,RECONDITIONED,2024.0,1,4AA-HK54S,SPACIA
CAR,DONGFENG,BOX E3,CHINA,ELECTRIC,50.0,RATNAPURA,BRAND NEW,2025.0,1,,BOX E3
CAR,TOYOTA,F800RE-GQGF RUSH,INDONESIA,PETROL,1496.0,HAMBANTOTA,BRAND NEW,2025.0,1,,F800RE-GQGF RUSH
CAR,SUZUKI,4AA-MH55S WAGON R,JAPAN,PETROL,658.0,MULLATIVU,RECONDITIONED,2024.0,1,4AA-MH55S,WAGON R
CAR,MERCEDES BENZ,GLB200 AMG LINE PREM,UNITED KINGDOM,PETROL,1332.0,COLOMBO,RECONDITIONED,2024.0,1,,GLB200 AMG LINE PREM
CAR,TOYOTA,5AA-A202A RAIZE,JAPAN,PETROL/ELE,1196.0,KALUTARA,RECONDITIONED,2025.0,1,5AA-A202A,RAIZE
CAR,NISSAN,3BA-DR17W NV100,JAPAN,PETROL,658.0,JAFFNA,RECONDITIONED,2023.0,1,3BA-DR17W,NV100
CAR,NISSAN,MAGNITE N-CONNECTA,INDIA,PETROL,999.0,HAMBANTOTA,BRAND NEW,2025.0,2,,MAGNITE N-CONNECTA
CAR,MAZDA,5AA-MJ95S,JAPAN,PETROL,658.0,KALUTARA,RECONDITIONED,2023.0,1,5AA-MJ95S,FLAIR
CAR,AUDI,Q3 3AA-F3DFY,GERMANY,PETROL,1496.0,COLOMBO,RECONDITIONED,2024.0,1,,Q3 3AA-F3DFY
CAR,NISSAN,5BA-B46W DAYZ,JAPAN,PETROL,659.0,GAMPAHA,RECONDITIONED,2024.0,1,5BA-B46W,DAYZ
CAR,B.M.W.,XI,AUSTRALIA,PETROL,1499.0,GAMPAHA,RECONDITIONED,2025.0,1,,XI
CAR,SUZUKI,5AA-MH95S  WAGON R,JAPAN,PETROL,658.0,BADULLA,RECONDITIONED,2023.0,1,5AA-MH95S,WAGON R
CAR,SUZUKI,5BA-MH85S WAGON R,JAPAN,PETROL,658.0,KEGALLE,RECONDITIONED,2023.0,3,5BA-MH85S,WAGON R
CAR,KIA,SONET,INDIA,PETROL,998.0,KALUTARA,BRAND NEW,2025.0,3,,SONET
CAR,TOYOTA,5AA-A202A RAIZE,JAPAN,PETROL,78.0,KALUTARA,RECONDITIONED,2025.0,1,5AA-A202A,RAIZE
CAR,DAIHATSU,5BA-LA350S MIRA,JAPAN,PETROL,658.0,MONERAGALA,RECONDITIONED,2024.0,1,5BA-LA350S,MIRA
CAR,DAIHATSU,5BA-LA900S TAFT,JAPAN,PETROL,658.0,ANURADHAPURA,RECONDITIONED,2024.0,1,5BA-LA900S,TAFT
CAR,SUZUKI,3BA-JB64W JIMNY,JAPAN,PETROL,660.0,KANDY,RECONDITIONED,2023.0,1,3BA-JB64W,JIMNY
CAR,MITSUBISHI,5AA-B34W,JAPAN,PETROL,658.0,COLOMBO,RECONDITIONED,2024.0,1,5AA-B34W,EK
CAR,XPENG,G6,CHINA,ELECTRIC,190.0,COLOMBO,BRAND NEW,2025.0,2,,G6
CAR,HONDA,6BA-JF3  N-BOX,JAPAN,PETROL,658.0,KALUTARA,RECONDITIONED,2023.0,1,6BA-JF3,N-BOX
CAR,DAIHATSU,5BA-LA350S MIRA,JAPAN,PETROL,656.0,GALLE,RECONDITIONED,2023.0,1,5BA-LA350S,MIRA
CAR,SUZUKI,5BD-DA17V EVERY,JAPAN,PETROL,658.0,MATALE,RECONDITIONED,2024.0,2,5BD-DA17V,EVERY
CAR,SUZUKI,5AA-MK94S SPACIA,JAPAN,PETROL,657.0,COLOMBO,RECONDITIONED,2024.0,2,5AA-MK94S,SPACIA
CAR,NISSAN,4AA-B45W DAYZ,JAPAN,PETROL,658.0,GAMPAHA,RECONDITIONED,2024.0,1,4AA-B45W,DAYZ
CAR,MAZDA,5AA-MJ95S FLAIR,JAPAN,PETROL,658.0,KALUTARA,RECONDITIONED,2023.0,2,5AA-MJ95S,FLAIR
CAR,SUZUKI,5AA-MH95S  WAGON R,JAPAN,PETROL,658.0,GALLE,RECONDITIONED,2023.0,1,5AA-MH95S,WAGON R
CAR,BYD,ATTO-3-SUPERIOR,CHINA,ELECTRIC,100.0,BADULLA,BRAND NEW,2025.0,1,ATTO-3-SUPERIOR,Unknown
CAR,BYD,DOLPHIN-DYNAMIC 70,CHINA,ELECTRIC,70.0,KURUNEGALA,BRAND NEW,2025.0,1,,DOLPHIN-DYNAMIC 70
CAR,TOYOTA,4BA-M900A,JAPAN,PETROL,996.0,COLOMBO,RECONDITIONED,2025.0,1,4BA-M900A,Unknown
CAR,TOYOTA,5BA-KSP210  YARIS,JAPAN,PETROL,996.0,KEGALLE,RECONDITIONED,2023.0,1,5BA-KSP210,YARIS
CAR,TOYOTA,5BA-KSP210  YARIS,JAPAN,PETROL,996.0,KALUTARA,RECONDITIONED,2023.0,1,5BA-KSP210,YARIS
CAR,TOYOTA,5BA-A201A RAIZE,JAPAN,PETROL,1198.0,COLOMBO,RECONDITIONED,2024.0,1,5BA-A201A,RAIZE
CAR,LEXUS,6AA-AALH15 RX350H,JAPAN,PETROL/ELE,2487.0,COLOMBO,RECONDITIONED,2023.0,1,6AA-AALH15,RX350H
CAR,TOYOTA,3BA-A210A  RAIZE,JAPAN,PETROL,996.0,HAMBANTOTA,RECONDITIONED,2023.0,1,3BA-A210A,RAIZE
CAR,TOYOTA,5BA-M910A ROOMY,JAPAN,PETROL,996.0,GAMPAHA,RECONDITIONED,2024.0,2,5BA-M910A,ROOMY
CAR,TOYOTA,URBAN CRUISER TAISOR,INDIA,PETROL,998.0,PUTTALAM,RECONDITIONED,2025.0,2,,URBAN CRUISER TAISOR
CAR,HONDA,CITY SV,THAILAND,PETROL,988.0,COLOMBO,RECONDITIONED,2025.0,1,,CITY SV
CAR,NISSAN,4AA-B45A  ROOX,JAPAN,PETROL,658.0,COLOMBO,RECONDITIONED,2022.0,1,4AA-B45A,ROOX
CAR,TOYOTA,5AA-A202A RAIZE,JAPAN,PETROL/ELE,1196.0,RATNAPURA,RECONDITIONED,2025.0,1,5AA-A202A,RAIZE
CAR,NISSAN,5AA-B44A ROOX,JAPAN,PETROL,658.0,AMPARA,RECONDITIONED,2023.0,1,5AA-B44A,ROOX
CAR,MAHINDRA,XUV3XO AX5,INDIA,PETROL,1197.0,COLOMBO,BRAND NEW,2025.0,1,,XUV3XO AX5
CAR,SUZUKI,5BA-MH85SWAGON R,JAPAN,PETROL,658.0,KURUNEGALA,RECONDITIONED,2024.0,1,5BA-MH85SWAGON,R
CAR,NISSAN,MAGNITE TEKNA PLUS,INDIA,PETROL,999.0,MATARA,BRAND NEW,2025.0,3,,MAGNITE TEKNA PLUS
CAR,AUDI,A3 S LINE 30 TFSI,GERMANY,PETROL,999.0,GAMPAHA,RECONDITIONED,2023.0,1,,A3 S LINE 30 TFSI
CAR,TOYOTA,URBAN CRUISER TAISOR,INDIA,PETROL,998.0,BADULLA,RECONDITIONED,2024.0,1,,URBAN CRUISER TAISOR
CAR,TOYOTA,YARIS  ATIV,THAILAND,PETROL,1197.0,RATNAPURA,RECONDITIONED,2025.0,1,,YARIS  ATIV
CAR,KYC,V7EX,CHINA,ELECTRIC,50.0,KALUTARA,BRAND NEW,2025.0,1,,V7EX
CAR,SUZUKI,3BA-DA17W WAGON,JAPAN,PETROL,658.0,MATALE,RECONDITIONED,2023.0,1,3BA-DA17W,WAGON
CAR,HONDA,6AA-RV5 VEZEL,JAPAN,PETROL,1490.0,GAMPAHA,RECONDITIONED,2025.0,1,6AA-RV5,VEZEL
CAR,TOYOTA,YARIS CROSS,THAILAND,PETROL/ELE,1496.0,RATNAPURA,RECONDITIONED,2025.0,2,,YARIS CROSS
CAR,SUZUKI,5AA-MK94S SPACIA,JAPAN,PETROL,700.0,KANDY,RECONDITIONED,2023.0,1,5AA-MK94S,SPACIA
CAR,B.M.W.,3BA-22EE15   X1,GERMANY,PETROL,1499.0,COLOMBO,RECONDITIONED,2025.0,1,3BA-22EE15,X1
CAR,TOYOTA,6AA-ZVG13  COROLLA,JAPAN,PETROL/ELE,1797.0,ANURADHAPURA,RECONDITIONED,2025.0,1,6AA-ZVG13,COROLLA
CAR,TOYOTA,3DA-JA300W,JAPAN,DIESEL,3345.0,GAMPAHA,RECONDITIONED,2025.0,1,3DA-JA300W,Unknown
CAR,SUZUKI,5AA-MK94S SPACIA,JAPAN,PETROL,658.0,KEGALLE,RECONDITIONED,2025.0,1,5AA-MK94S,SPACIA
CAR,TOYOTA,3DA-FJ300W,JAPAN,DIESEL,3345.0,COLOMBO,RECONDITIONED,2025.0,1,3DA-FJ300W,Unknown
CAR,SUZUKI,3BD-DA17V EVERY,JAPAN,PETROL,658.0,BATTICALOA,RECONDITIONED,2025.0,1,3BD-DA17V,EVERY
CAR,TOYOTA,6AA-ZWR90W  VOXY,JAPAN,PETROL/ELE,1797.0,COLOMBO,RECONDITIONED,2024.0,1,6AA-ZWR90W,VOXY
CAR,TOYOTA,3BA-TRJ150W PRADO,JAPAN,PETROL,2693.0,PUTTALAM,RECONDITIONED,2023.0,1,3BA-TRJ150W,PRADO
CAR,TOYOTA,3BA-TRJ150W  PRADO,JAPAN,PETROL,2693.0,KALUTARA,RECONDITIONED,2023.0,1,3BA-TRJ150W,PRADO
CAR,AUDI,A3 S LINE 30 TFSI,UNITED KINGDOM,PETROL,990.0,COLOMBO,RECONDITIONED,2024.0,1,,A3 S LINE 30 TFSI
CAR,TOYOTA,3BA-TRJ150WL CRUISER,JAPAN,PETROL,2693.0,KEGALLE,RECONDITIONED,2023.0,1,3BA-TRJ150WL,CRUISER
CAR,TOYOTA,6AA-MXPJ10,JAPAN,PETROL/ELE,1496.0,KANDY,RECONDITIONED,2023.0,1,6AA-MXPJ10,CROSS
CAR,TOYOTA,5BA-KSP210 YARIS,JAPAN,PETROL,996.0,TRINCOMALEE,RECONDITIONED,2025.0,1,5BA-KSP210,YARIS
CAR,LAND ROVER,RANGE ROVER,UNITED KINGDOM,PETROL/ELE,2996.0,COLOMBO,RECONDITIONED,2025.0,2,,RANGE ROVER
CAR,DAIHATSU,5BA-LA350S  MIRA E.S,JAPAN,PETROL,658.0,KURUNEGALA,RECONDITIONED,2024.0,1,5BA-LA350S,MIRA E.S
CAR,DAIHATSU,5BA-LA150S,JAPAN,PETROL,658.0,COLOMBO,RECONDITIONED,2023.0,1,5BA-LA150S,MOVE
CAR,TOYOTA,3BA-A210A RAIZE,JAPAN,PETROL,996.0,BADULLA,RECONDITIONED,2023.0,1,3BA-A210A,RAIZE
CAR,TOYOTA,5AA-A202A   RAIZE,JAPAN,ELECTRIC,78.0,COLOMBO,RECONDITIONED,2025.0,1,5AA-A202A,RAIZE
CAR,MITSUBISHI,OUTLANDER,AUSTRALIA,PETROL,2500.0,KALUTARA,RECONDITIONED,2023.0,1,,OUTLANDER
CAR,PERODUA,BEZZA,MALAYSIA,PETROL,998.0,GAMPAHA,BRAND NEW,2025.0,28,,BEZZA
CAR,TOYOTA,5AA-A202A RAIZE,JAPAN,PETROL/ELE,78.0,TRINCOMALEE,RECONDITIONED,2025.0,3,5AA-A202A,RAIZE
CAR,TOYOTA,5AA-A202A RAIZE,JAPAN,PETROL/ELE,78.0,KURUNEGALA,RECONDITIONED,2025.0,8,5AA-A202A,RAIZE
CAR,HONDA,6AA-RV5 VEZEL,JAPAN,PETROL/ELE,1496.0,RATNAPURA,RECONDITIONED,2024.0,12,6AA-RV5,VEZEL
CAR,HONDA,6AA-RV5  VEZEL,JAPAN,PETROL/ELE,1496.0,KALUTARA,RECONDITIONED,2025.0,7,6AA-RV5,VEZEL
CAR,SUZUKI,5BA-MH85S  WAGON R,JAPAN,PETROL,658.0,KANDY,RECONDITIONED,2023.0,1,5BA-MH85S,WAGON R
CAR,SUZUKI,5AA-MH95S WAGON R,JAPAN,PETROL,658.0,PUTTALAM,RECONDITIONED,2024.0,4,5AA-MH95S,WAGON R
CAR,SUZUKI,5BD-DA17V EVERY,JAPAN,PETROL,650.0,COLOMBO,RECONDITIONED,2023.0,1,5BD-DA17V,EVERY
CAR,HONDA,CITY RS,THAILAND,PETROL,988.0,COLOMBO,RECONDITIONED,2025.0,18,,CITY RS
CAR,SUZUKI,4AA-MR52S HUSTLER,JAPAN,PETROL,658.0,COLOMBO,RECONDITIONED,2024.0,3,4AA-MR52S,HUSTLER
CAR,HONDA,6AA-RV5  VEZEL,JAPAN,PETROL/ELE,1496.0,COLOMBO,RECONDITIONED,2024.0,6,6AA-RV5,VEZEL
CAR,SUZUKI,4AA-MK54S  HYBRID XS,JAPAN,PETROL,658.0,KURUNEGALA,RECONDITIONED,2025.0,1,4AA-MK54S,HYBRID XS
CAR,SUZUKI,4AA-MH55S WAGON R,JAPAN,PETROL,658.0,KANDY,RECONDITIONED,2024.0,1,4AA-MH55S,WAGON R
CAR,TOYOTA,URBAN CRUISER TAISOR,INDIA,PETROL,998.0,AMPARA,RECONDITIONED,2025.0,2,,URBAN CRUISER TAISOR
CAR,HONDA,6AA-GP7  SHUTTLE,JAPAN,PETROL/ELE,1496.0,GALLE,RECONDITIONED,2022.0,1,6AA-GP7,SHUTTLE
CAR,TOYOTA,3BA-NGX10 C-HR,JAPAN,PETROL,1196.0,GAMPAHA,RECONDITIONED,2023.0,4,3BA-NGX10,C-HR
CAR,AUDI,3AA-GYDLA A3,GERMANY,PETROL,999.0,GALLE,RECONDITIONED,2023.0,2,3AA-GYDLA,A3
CAR,TOYOTA,3BA-TRJ150W PRADO,JAPAN,PETROL,2693.0,GAMPAHA,RECONDITIONED,2023.0,3,3BA-TRJ150W,PRADO
CAR,TOYOTA,YARIS CROSS,THAILAND,PETROL/ELE,1496.0,MATARA,RECONDITIONED,2025.0,1,,YARIS CROSS
CAR,KIA,CARNIVAL,KOREA,PETROL/ELE,1598.0,GAMPAHA,BRAND NEW,2025.0,1,,CARNIVAL
CAR,TOYOTA,5BA-KSP210 YARIS,JAPAN,PETROL,996.0,JAFFNA,RECONDITIONED,2022.0,1,5BA-KSP210,YARIS
CAR,NISSAN,ALMERA VL,THAILAND,PETROL,999.0,ANURADHAPURA,RECONDITIONED,2025.0,1,,ALMERA VL
CAR,SUZUKI,5BD-DA17V EVERY,JAPAN,PETROL,658.0,MATALE,RECONDITIONED,2023.0,1,5BD-DA17V,EVERY
CAR,TOYOTA,6AA-ZWR90W VOXY,JAPAN,PETROL/ELE,1797.0,KURUNEGALA,RECONDITIONED,2023.0,1,6AA-ZWR90W,VOXY
CAR,SUZUKI,5AA-MH95S WAGON R,JAPAN,PETROL,658.0,KURUNEGALA,RECONDITIONED,2023.0,3,5AA-MH95S,WAGON R
CAR,TOYOTA,6AA-MXPJ10 YARIS,JAPAN,PETROL/ELE,1490.0,PUTTALAM,RECONDITIONED,2024.0,1,6AA-MXPJ10,YARIS
CAR,TOYOTA,6AA-MXPK11 AQUA,JAPAN,PETROL/ELE,1496.0,COLOMBO,RECONDITIONED,2023.0,5,6AA-MXPK11,AQUA
CAR,PERODUA,AXIA-CG1SZ,MALAYSIA,PETROL,998.0,RATNAPURA,BRAND NEW,2025.0,1,AXIA-CG1SZ,Unknown
CAR,NISSAN,5BD-DR17V CLIPPER,JAPAN,PETROL,658.0,COLOMBO,RECONDITIONED,2023.0,3,5BD-DR17V,CLIPPER
CAR,TOYOTA,5AA-A202A RAIZE,JAPAN,ELECTRIC,78.0,JAFFNA,RECONDITIONED,2025.0,2,5AA-A202A,RAIZE
CAR,NISSAN,MAGNITE N-CONNECTA,INDIA,PETROL,999.0,KANDY,BRAND NEW,2025.0,5,,MAGNITE N-CONNECTA
CAR,TOYOTA,5BA-KSP210 YARIS,JAPAN,PETROL,996.0,BADULLA,RECONDITIONED,2024.0,1,5BA-KSP210,YARIS
CAR,TOYOTA,6AA-MXPK11 AQUA,JAPAN,PETROL/ELE,1496.0,MATARA,RECONDITIONED,2022.0,1,6AA-MXPK11,AQUA
CAR,TOYOTA,6AA-MXPJ10 YARIS,JAPAN,PETROL/ELE,1496.0,TRINCOMALEE,RECONDITIONED,2023.0,2,6AA-MXPJ10,YARIS
CAR,TOYOTA,6AA-AAHH40W ALPHARD,JAPAN,PETROL/ELE,2487.0,COLOMBO,RECONDITIONED,2024.0,2,6AA-AAHH40W,ALPHARD
CAR,SUZUKI,5BD-DA17V EVERY,JAPAN,PETROL,658.0,GAMPAHA,RECONDITIONED,2025.0,6,5BD-DA17V,EVERY
CAR,HONDA,CR-V,THAILAND,PETROL,1498.0,GAMPAHA,BRAND NEW,2025.0,4,CR-V,VTIL 17
CAR,NISSAN,4AA-B45W DAYZ,JAPAN,PETROL,658.0,GAMPAHA,RECONDITIONED,2023.0,3,4AA-B45W,DAYZ
CAR,HONDA,6BA- JF3 N BOX,JAPAN,PETROL,658.0,COLOMBO,RECONDITIONED,2023.0,1,,6BA- JF3 N BOX
CAR,LAND ROVER,3LA-LZ15TB EVOQUE,JAPAN,PETROL/ELE,1498.0,COLOMBO,RECONDITIONED,2024.0,1,3LA-LZ15TB,EVOQUE
CAR,TOYOTA,3BA-TRJ150W,JAPAN,PETROL,2693.0,KANDY,RECONDITIONED,2023.0,3,3BA-TRJ150W,TXL
CAR,TOYOTA,URBAN CRUISER TAISOR,INDIA,PETROL,998.0,GAMPAHA,RECONDITIONED,2025.0,9,,URBAN CRUISER TAISOR
CAR,TOYOTA,5BA-KSP210  YARIS,JAPAN,PETROL,996.0,MATARA,RECONDITIONED,2024.0,1,5BA-KSP210,YARIS
CAR,TOYOTA,6AA-MXPJ10 YARIS,JAPAN,PETROL/ELE,1496.0,RATNAPURA,RECONDITIONED,2023.0,2,6AA-MXPJ10,YARIS
CAR,TOYOTA,5BA-M700A PASSO,JAPAN,PETROL,996.0,BATTICALOA,RECONDITIONED,2023.0,1,5BA-M700A,PASSO
CAR,BYD,ATTO-3-SUPERIOR,CHINA,ELECTRIC,100.0,KANDY,BRAND NEW,2025.0,24,ATTO-3-SUPERIOR,Unknown
CAR,BYD,ATTO-3-SUPERIOR,CHINA,ELECTRIC,100.0,KURUNEGALA,BRAND NEW,2025.0,13,ATTO-3-SUPERIOR,Unknown
CAR,TOYOTA,3BA-A210A RAIZE,JAPAN,PETROL,996.0,GALLE,RECONDITIONED,2025.0,4,3BA-A210A,RAIZE
CAR,PERODUA,AXIA-CG1SZ,MALAYSIA,PETROL,998.0,PUTTALAM,BRAND NEW,2025.0,1,AXIA-CG1SZ,Unknown
CAR,SUZUKI,3BA-HA37S ALTO,JAPAN,PETROL,658.0,BADULLA,RECONDITIONED,2023.0,1,3BA-HA37S,ALTO
CAR,MAZDA,MAZDA 3,JAPAN,PETROL,1496.0,COLOMBO,BRAND NEW,2025.0,1,,MAZDA 3
CAR,TOYOTA,5BA-M900A ROOMY,JAPAN,PETROL,996.0,AMPARA,RECONDITIONED,2022.0,2,5BA-M900A,ROOMY
CAR,TOYOTA,3BA-A210A  RAIZE,JAPAN,PETROL,996.0,ANURADHAPURA,RECONDITIONED,2022.0,1,3BA-A210A,RAIZE
CAR,TOYOTA,5BA-KSP210 YARIS,JAPAN,PETROL,996.0,ANURADHAPURA,RECONDITIONED,2023.0,4,5BA-KSP210,YARIS
CAR,BYD,SEAL-COMFORT,CHINA,ELECTRIC,100.0,GALLE,BRAND NEW,2025.0,1,SEAL-COMFORT,Unknown
CAR,TOYOTA,URBAN CRUISER TAISOR,INDIA,PETROL,998.0,KEGALLE,RECONDITIONED,2025.0,1,,URBAN CRUISER TAISOR
CAR,TOYOTA,6AA-MXPJ10 YARIS,JAPAN,PETROL/ELE,1490.0,GALLE,RECONDITIONED,2024.0,2,6AA-MXPJ10,YARIS
CAR,TOYOTA,5AA-A202A RAIZE,JAPAN,PETROL/ELE,78.0,COLOMBO,RECONDITIONED,2022.0,2,5AA-A202A,RAIZE
CAR,DAIHATSU,5BA-LA900S,JAPAN,PETROL,658.0,KALUTARA,RECONDITIONED,2025.0,2,5BA-LA900S,GBGF
CAR,NISSAN,5AA-B44W DAYZ,JAPAN,PETROL,659.0,MATALE,RECONDITIONED,2024.0,1,5AA-B44W,DAYZ
CAR,TOYOTA,5BA-KSP210 YARIS,JAPAN,PETROL,996.0,HAMBANTOTA,RECONDITIONED,2023.0,2,5BA-KSP210,YARIS
CAR,TOYOTA,5AA-A202A RAIZE,JAPAN,PETROL/ELE,78.0,VAVUNIYA,RECONDITIONED,2025.0,1,5AA-A202A,RAIZE
CAR,NISSAN,4AA-B45W  DAYZ,JAPAN,PETROL,658.0,HAMBANTOTA,RECONDITIONED,2023.0,1,4AA-B45W,DAYZ
CAR,SUZUKI,5AA-MK53S  SPACIA,JAPAN,PETROL,658.0,GALLE,RECONDITIONED,2023.0,1,5AA-MK53S,SPACIA
CAR,TOYOTA,6AA-MXPJ10 YARIS,JAPAN,PETROL/ELE,1496.0,COLOMBO,RECONDITIONED,2022.0,1,6AA-MXPJ10,YARIS
CAR,DAIHATSU,5BA-LA350S MIRA,JAPAN,PETROL,658.0,KURUNEGALA,RECONDITIONED,2024.0,4,5BA-LA350S,MIRA
CAR,HONDA,CITY RS,THAILAND,PETROL,988.0,ANURADHAPURA,RECONDITIONED,2025.0,2,,CITY RS
CAR,TOYOTA,5AA-A202A RAIZE,JAPAN,PETROL/ELE,1196.0,GAMPAHA,RECONDITIONED,2023.0,1,5AA-A202A,RAIZE
CAR,PERODUA,ARUZ,MALAYSIA,PETROL,1496.0,GAMPAHA,BRAND NEW,2025.0,1,,ARUZ
CAR,TOYOTA,5BA-M900A ROOMY,JAPAN,PETROL,996.0,HAMBANTOTA,RECONDITIONED,2024.0,2,5BA-M900A,ROOMY
CAR,SUZUKI,FRONX,INDIA,PETROL,998.0,POLONNARUWA,BRAND NEW,2025.0,2,,FRONX
CAR,TOYOTA,6AA-ZVG13 COROLLA,JAPAN,PETROL/ELE,1797.0,RATNAPURA,RECONDITIONED,2024.0,1,6AA-ZVG13,COROLLA
CAR,NISSAN,5AA-B44W  DAYZ,JAPAN,PETROL,658.0,JAFFNA,RECONDITIONED,2024.0,1,5AA-B44W,DAYZ
CAR,TOYOTA,5BA-KSP210 YARIS,JAPAN,PETROL,996.0,GALLE,RECONDITIONED,2024.0,7,5BA-KSP210,YARIS
CAR,DAIHATSU,5BA-LA350S MIRA E.S,JAPAN,PETROL,658.0,GALLE,RECONDITIONED,2023.0,2,5BA-LA350S,MIRA E.S
CAR,HONDA,6AA-RV5,JAPAN,PETROL/ELE,1496.0,HAMBANTOTA,RECONDITIONED,2024.0,1,6AA-RV5,VEVEL
CAR,SUZUKI,5BA-MH8S WAGON R,JAPAN,PETROL,658.0,GAMPAHA,RECONDITIONED,2024.0,1,5BA-MH8S,WAGON R
CAR,SUZUKI,5BD-DA17V  EVERY,JAPAN,PETROL,658.0,KURUNEGALA,RECONDITIONED,2023.0,2,5BD-DA17V,EVERY
CAR,SUZUKI,5BA-MH85S WAGON R,JAPAN,PETROL,656.0,HAMBANTOTA,RECONDITIONED,2024.0,1,5BA-MH85S,WAGON R
CAR,TOYOTA,3BA-A210A  RAIZE,JAPAN,PETROL,996.0,MATARA,RECONDITIONED,2024.0,1,3BA-A210A,RAIZE
CAR,NISSAN,5BA-B43W DAYS,JAPAN,PETROL,658.0,GAMPAHA,RECONDITIONED,2024.0,1,5BA-B43W,DAYS
CAR,TOYOTA,3BA-NGX10 C-HR,JAPAN,PETROL,1196.0,ANURADHAPURA,RECONDITIONED,2023.0,2,3BA-NGX10,C-HR
CAR,HONDA,6AA-RV5 VEZEL,JAPAN,PETROL/ELE,1498.0,COLOMBO,RECONDITIONED,2025.0,1,6AA-RV5,VEZEL
CAR,DAIHATSU,5BA-LA350S  MIRA,JAPAN,PETROL,650.0,MATARA,RECONDITIONED,2023.0,1,5BA-LA350S,MIRA
CAR,MERCEDES BENZ,GLE 400E 4MATIC,U.S.A,PETROL,1999.0,COLOMBO,BRAND NEW,2025.0,1,,GLE 400E 4MATIC
CAR,HONDA,6AA-RVS,JAPAN,PETROL/ELE,1496.0,COLOMBO,RECONDITIONED,2025.0,1,6AA-RVS,Unknown
CAR,NISSAN,4AA-B45A ROOX,JAPAN,PETROL,658.0,KANDY,RECONDITIONED,2023.0,1,4AA-B45A,ROOX
CAR,DAIHATSU,5AA-A202S ROCKY,JAPAN,PETROL/ELE,1190.0,BADULLA,RECONDITIONED,2024.0,1,5AA-A202S,ROCKY
CAR,MITSUBISHI,5BA-GK1W ECLIPSE,JAPAN,PETROL,1496.0,POLONNARUWA,RECONDITIONED,2023.0,1,5BA-GK1W,ECLIPSE
CAR,HONDA,RV589SJNX  HR-V,THAILAND,PETROL/ELE,1496.0,COLOMBO,BRAND NEW,2025.0,3,,RV589SJNX  HR-V
CAR,SUZUKI,5AA-MK94S SPACIA,JAPAN,PETROL,656.0,COLOMBO,RECONDITIONED,2023.0,1,5AA-MK94S,SPACIA
CAR,TOYOTA,5BA-M900A ROOMY,JAPAN,PETROL,996.0,PUTTALAM,RECONDITIONED,2025.0,2,5BA-M900A,ROOMY
CAR,DAIHATSU,3BA-A210S ROCKY,JAPAN,PETROL,996.0,BADULLA,RECONDITIONED,2023.0,1,3BA-A210S,ROCKY
CAR,MITSUBISHI,NCIWXRPGRVI,INDONESIA,PETROL,1499.0,COLOMBO,BRAND NEW,2025.0,1,,NCIWXRPGRVI
CAR,SUZUKI,3BA-HA37S  ALTO,JAPAN,PETROL,658.0,KURUNEGALA,RECONDITIONED,2023.0,1,3BA-HA37S,ALTO
CAR,SUZUKI,3BA-HA37S  ALTO,JAPAN,PETROL,658.0,KALUTARA,RECONDITIONED,2023.0,1,3BA-HA37S,ALTO
CAR,HONDA,6AA-RV5 VEZEL Z,JAPAN,PETROL/ELE,1496.0,COLOMBO,RECONDITIONED,2024.0,1,6AA-RV5,VEZEL Z
CAR,TOYOTA,3BA-TRJ150W,JAPAN,PETROL,2693.0,TRINCOMALEE,RECONDITIONED,2023.0,1,3BA-TRJ150W,TXL
CAR,SUZUKI,5BD-DA17V EVERY,JAPAN,PETROL,658.0,COLOMBO,RECONDITIONED,2025.0,7,5BD-DA17V,EVERY
CAR,DAIHATSU,5AA-A202S ROCKY,JAPAN,PETROL/ELE,78.0,MATALE,RECONDITIONED,2024.0,1,5AA-A202S,ROCKY
CAR,MITSUBISHI,5BA-B33W,JAPAN,PETROL,658.0,KALUTARA,RECONDITIONED,2023.0,1,5BA-B33W,WAGON EK
CAR,DAIHATSU,5BA-LA350S,JAPAN,PETROL,658.0,MATARA,RECONDITIONED,2023.0,4,5BA-LA350S,MIRA  E S
CAR,SUZUKI,5AA-MH958 WAGON R,JAPAN,PETROL,656.0,GALLE,RECONDITIONED,2023.0,1,5AA-MH958,WAGON R
CAR,SUZUKI,5BD-DA17V EVERY,JAPAN,PETROL,658.0,ANURADHAPURA,RECONDITIONED,2024.0,1,5BD-DA17V,EVERY
CAR,DAIHATSU,4BA-M900S THOR,JAPAN,PETROL,996.0,RATNAPURA,RECONDITIONED,2023.0,1,4BA-M900S,THOR
CAR,TOYOTA,5AA-A202A RAIZE,JAPAN,PETROL/ELE,1196.0,GALLE,RECONDITIONED,2023.0,2,5AA-A202A,RAIZE
CAR,DAIHATSU,5BA-LA900S,JAPAN,PETROL,656.0,GAMPAHA,RECONDITIONED,2024.0,1,5BA-LA900S,GBGF
CAR,HONDA,6AA-RV6 VEZEL,JAPAN,PETROL/ELE,1496.0,KALUTARA,RECONDITIONED,2023.0,2,6AA-RV6,VEZEL
CAR,HONDA,CITY RS,THAILAND,PETROL,988.0,MULLATIVU,RECONDITIONED,2025.0,1,,CITY RS
CAR,CHERY,TIGGO 4 PRO,SRI LANKA,PETROL,1498.0,GAMPAHA,BRAND NEW-L/ASSEMBLE,2025.0,6,,TIGGO 4 PRO
CAR,DAIHATSU,5BA-LA360S MIRA,JAPAN,PETROL,658.0,GAMPAHA,RECONDITIONED,2023.0,1,5BA-LA360S,MIRA
CAR,BYD,SEAL-COMFORT,CHINA,ELECTRIC,100.0,PUTTALAM,BRAND NEW,2025.0,1,SEAL-COMFORT,Unknown
CAR,MERCEDES BENZ,5AA-206042C  BENZ,GERMANY,PETROL,1496.0,MATALE,RECONDITIONED,2023.0,1,5AA-206042C,BENZ
CAR,SUZUKI,FRONX,INDIA,PETROL,998.0,KURUNEGALA,BRAND NEW,2025.0,4,,FRONX
CAR,SUZUKI,5BD-DA17V,JAPAN,PETROL,658.0,HAMBANTOTA,RECONDITIONED,2024.0,1,5BD-DA17V,EVEVRY
CAR,TOYOTA,5BA-A210A RAIZE,JAPAN,PETROL,1196.0,JAFFNA,RECONDITIONED,2023.0,1,5BA-A210A,RAIZE
CAR,SUZUKI,5AA-MH95S WAGON R,JAPAN,PETROL,658.0,POLONNARUWA,RECONDITIONED,2023.0,2,5AA-MH95S,WAGON R
CAR,NISSAN,5AA-B44W DAYZ,JAPAN,PETROL,658.0,KALUTARA,RECONDITIONED,2024.0,2,5AA-B44W,DAYZ
CAR,TOYOTA,5BA-M900A  ROOMY,JAPAN,PETROL,996.0,KURUNEGALA,RECONDITIONED,2022.0,1,5BA-M900A,ROOMY
CAR,TOYOTA,3BA-VJA300W,JAPAN,PETROL,3444.0,COLOMBO,RECONDITIONED,2024.0,8,3BA-VJA300W,Unknown
CAR,TOYOTA,5AA-A202A,JAPAN,PETROL/ELE,78.0,COLOMBO,RECONDITIONED,2025.0,3,5AA-A202A,RAIZE Z
CAR,SUZUKI,5BA-MH85S WAGON R,JAPAN,PETROL,658.0,PUTTALAM,RECONDITIONED,2023.0,1,5BA-MH85S,WAGON R
CAR,SUZUKI,41AA-MH55S WAGON R,JAPAN,PETROL,658.0,JAFFNA,RECONDITIONED,2024.0,1,41AA-MH55S,WAGON R
CAR,TOYOTA,5AA-A202A RAIZE Z,JAPAN,PETROL/ELE,78.0,GAMPAHA,RECONDITIONED,2025.0,1,5AA-A202A,RAIZE Z
CAR,TOYOTA,5AA-A202A RAIZE,JAPAN,PETROL/ELE,1196.0,KANDY,RECONDITIONED,2024.0,2,5AA-A202A,RAIZE
CAR,TOYOTA,5BA-A201A RAIZE,JAPAN,PETROL,1198.0,KURUNEGALA,RECONDITIONED,2023.0,1,5BA-A201A,RAIZE
CAR,SUZUKI,5AA-HA97S ALTO,JAPAN,PETROL,657.0,COLOMBO,RECONDITIONED,2024.0,1,5AA-HA97S,ALTO
CAR,SUZUKI,4AA-MN71S XBEE,JAPAN,PETROL,996.0,COLOMBO,RECONDITIONED,2022.0,1,4AA-MN71S,XBEE
CAR,SAIC,MG ZS MCE,CHINA,PETROL,999.0,KALUTARA,BRAND NEW,2025.0,1,,MG ZS MCE
CAR,SAIC,MG ZS MCE,CHINA,PETROL,999.0,AMPARA,BRAND NEW,2025.0,1,,MG ZS MCE
CAR,SUZUKI,3BA-DA17W EVERY,JAPAN,PETROL,658.0,RATNAPURA,RECONDITIONED,2025.0,1,3BA-DA17W,EVERY
CAR,NISSAN,ALMERA VL,THAILAND,PETROL,999.0,COLOMBO,RECONDITIONED,2025.0,2,,ALMERA VL
CAR,TOYOTA,5BA-KSP210 YARIS,JAPAN,PETROL,996.0,VAVUNIYA,RECONDITIONED,2023.0,1,5BA-KSP210,YARIS
CAR,DAIHATSU,5BA-LA350S  MIRA,JAPAN,PETROL,658.0,HAMBANTOTA,RECONDITIONED,2023.0,1,5BA-LA350S,MIRA
CAR,LAND ROVER,DEFENDER  X-DYNAMIC,UNITED KINGDOM,PETROL/ELE,1997.0,COLOMBO,RECONDITIONED,2024.0,1,,DEFENDER  X-DYNAMIC
CAR,TOYOTA,5AA-A202A  RAIZE,JAPAN,PETROL,1196.0,JAFFNA,RECONDITIONED,2025.0,1,5AA-A202A,RAIZE
CAR,TOYOTA,3BA-A210A RAIZE,JAPAN,PETROL,990.0,KANDY,RECONDITIONED,2024.0,1,3BA-A210A,RAIZE
CAR,DAIHATSU,5BA-LA900S TAFT,JAPAN,PETROL,658.0,GALLE,RECONDITIONED,2023.0,2,5BA-LA900S,TAFT
CAR,TOYOTA,5BA-MXPB10,JAPAN,PETROL,1490.0,GAMPAHA,RECONDITIONED,2023.0,1,5BA-MXPB10,Unknown
CAR,TOYOTA,5AA-A202A,JAPAN,PETROL/ELE,78.0,KURUNEGALA,RECONDITIONED,2025.0,1,5AA-A202A,RAIZE Z
CAR,MITSUBISHI,5BA-B33W WAGON EK,JAPAN,PETROL,658.0,ANURADHAPURA,RECONDITIONED,2023.0,1,5BA-B33W,WAGON EK
CAR,TOYOTA,6AA-MXPJ10 YARIS,JAPAN,PETROL/ELE,1490.0,GAMPAHA,RECONDITIONED,2023.0,4,6AA-MXPJ10,YARIS
CAR,NISSAN,5BA-B43W DAYZ,JAPAN,PETROL,658.0,KALUTARA,RECONDITIONED,2023.0,3,5BA-B43W,DAYZ
CAR,NISSAN,5BD-DR17V,JAPAN,PETROL,658.0,GALLE,RECONDITIONED,2023.0,1,5BD-DR17V,NV 100
CAR,DAIHATSU,5AA-A202S ROCKY,JAPAN,PETROL,78.0,AMPARA,RECONDITIONED,2023.0,1,5AA-A202S,ROCKY
CAR,SUZUKI,3BD-DA17V,JAPAN,PETROL,658.0,COLOMBO,RECONDITIONED,2024.0,1,3BD-DA17V,Unknown
CAR,SUZUKI,4AA-MK54S SPACIA,JAPAN,PETROL,658.0,MATALE,RECONDITIONED,2023.0,1,4AA-MK54S,SPACIA
CAR,NISSAN,5BD-DR17V CLIPPER,JAPAN,PETROL,658.0,RATNAPURA,RECONDITIONED,2024.0,1,5BD-DR17V,CLIPPER
CAR,MERCEDES BENZ,5AA-118384M CLA180,GERMANY,PETROL,1331.0,COLOMBO,RECONDITIONED,2024.0,1,5AA-118384M,CLA180
CAR,SUZUKI,5AA-MR92S HUSTLER,JAPAN,PETROL,658.0,KALUTARA,RECONDITIONED,2024.0,2,5AA-MR92S,HUSTLER
CAR,TOYOTA,5BA-M900A,JAPAN,PETROL,996.0,GALLE,RECONDITIONED,2025.0,1,5BA-M900A,ROOMY
CAR,SUZUKI,5AA-MH95S,JAPAN,PETROL,658.0,COLOMBO,RECONDITIONED,2022.0,1,5AA-MH95S,WOGON R
CAR,TOYOTA,5BA-A210A RAIZE,JAPAN,PETROL,1196.0,COLOMBO,RECONDITIONED,2023.0,2,5BA-A210A,RAIZE
CAR,TOYOTA,URBAN CRUISER HYRYDE,INDIA,PETROL/ELE,1490.0,COLOMBO,RECONDITIONED,2025.0,1,,URBAN CRUISER HYRYDE
CAR,TOYOTA,5BA-KSP210 YARIS,JAPAN,PETROL,996.0,MATARA,RECONDITIONED,2025.0,3,5BA-KSP210,YARIS
CAR,TOYOTA,3BA-AGH40W ALPHARD,JAPAN,PETROL,2493.0,COLOMBO,RECONDITIONED,2025.0,1,3BA-AGH40W,ALPHARD
CAR,SUZUKI,5BA-MH85S WAGON R,JAPAN,PETROL,658.0,AMPARA,RECONDITIONED,2023.0,1,5BA-MH85S,WAGON R
CAR,MERCEDES BENZ,4AA-213077C E200,GERMANY,PETROL,1496.0,AMPARA,RECONDITIONED,2023.0,1,4AA-213077C,E200
CAR,NISSAN,6AA-FE13 AURA,JAPAN,PETROL/ELE,100.0,GAMPAHA,RECONDITIONED,2024.0,1,6AA-FE13,AURA
CAR,LAND ROVER,DEFENDER,AUSTRALIA,PETROL,1997.0,COLOMBO,RECONDITIONED,2024.0,2,,DEFENDER
CAR,TOYOTA,5AA-A202A RAIZE,JAPAN,PETROL/ELE,1196.0,KALUTARA,RECONDITIONED,2024.0,1,5AA-A202A,RAIZE
CAR,HONDA,6BA-JH3 N WGN,JAPAN,PETROL,658.0,KEGALLE,RECONDITIONED,2023.0,1,6BA-JH3,N WGN
CAR,TOYOTA,5AA-A202A RAIZE,JAPAN,ELECTRIC,78.0,BADULLA,RECONDITIONED,2025.0,1,5AA-A202A,RAIZE
CAR,TOYOTA,6AA-MXPJ10 YARIS,JAPAN,PETROL/ELE,1498.0,GALLE,RECONDITIONED,2025.0,1,6AA-MXPJ10,YARIS
CAR,TOYOTA,5AA-A202A RAIZE,JAPAN,ELECTRIC,78.0,RATNAPURA,RECONDITIONED,2022.0,1,5AA-A202A,RAIZE
CAR,NISSAN,6AA-FE13,JAPAN,PETROL/ELE,100.0,KALUTARA,RECONDITIONED,2023.0,1,6AA-FE13,NOTE AURA
CAR,TOYOTA,6AA-MXPJ10,JAPAN,PETROL/ELE,1490.0,COLOMBO,RECONDITIONED,2024.0,1,6AA-MXPJ10,CROSS
CAR,LEXUS,6AA-MAYH10 LBX,JAPAN,PETROL/ELE,1496.0,BATTICALOA,RECONDITIONED,2024.0,1,6AA-MAYH10,LBX
CAR,NISSAN,5BA-B43W DAYZ,JAPAN,PETROL,658.0,VAVUNIYA,RECONDITIONED,2023.0,1,5BA-B43W,DAYZ
CAR,HONDA,6ASA-RV5 VEZEL,JAPAN,PETROL/ELE,1496.0,PUTTALAM,RECONDITIONED,2025.0,1,6ASA-RV5,VEZEL
CAR,SUZUKI,5BA-MH85S WAGON R,JAPAN,PETROL,658.0,RATNAPURA,RECONDITIONED,2024.0,3,5BA-MH85S,WAGON R
CAR,TOYOTA,3BA-210A RAIZE,JAPAN,PETROL,996.0,GAMPAHA,RECONDITIONED,2025.0,1,3BA-210A,RAIZE
CAR,TOYOTA,3BA-TRJ150W   PRADO,JAPAN,PETROL,2693.0,GALLE,RECONDITIONED,2023.0,1,3BA-TRJ150W,PRADO
CAR,KIA,SONET,INDIA,PETROL,998.0,COLOMBO,RECONDITIONED,2025.0,6,,SONET
CAR,DAIHATSU,5BA-LA360S,JAPAN,PETROL,658.0,COLOMBO,RECONDITIONED,2023.0,2,5BA-LA360S,Unknown
CAR,TOYOTA,6AA-AAHH40W ALPHARD,JAPAN,PETROL/ELE,2487.0,KANDY,RECONDITIONED,2025.0,2,6AA-AAHH40W,ALPHARD
CAR,TOYOTA,3BA-TRJ150W  PRADO,JAPAN,PETROL,2693.0,HAMBANTOTA,RECONDITIONED,2023.0,1,3BA-TRJ150W,PRADO
CAR,MERCEDES BENZ,EQE 300,GERMANY,ELECTRIC,180.0,PUTTALAM,RECONDITIONED,2023.0,1,,EQE 300
CAR,SUZUKI,4AA-MK53S SPACIA,JAPAN,PETROL,658.0,KURUNEGALA,RECONDITIONED,2023.0,1,4AA-MK53S,SPACIA
CAR,MAZDA,5AA-MJ95S FLAIR,JAPAN,PETROL,658.0,KALUTARA,RECONDITIONED,2024.0,1,5AA-MJ95S,FLAIR
CAR,SUZUKI,3BA-HA37S ALTO,JAPAN,PETROL,658.0,JAFFNA,RECONDITIONED,2024.0,1,3BA-HA37S,ALTO
CAR,TOYOTA,5AA-A202A,JAPAN,ELECTRIC,78.0,ANURADHAPURA,RECONDITIONED,2025.0,1,5AA-A202A,RAIZE Z
CAR,MITSUBISHI,4AA-B35W EK X,JAPAN,PETROL,650.0,MATARA,RECONDITIONED,2023.0,1,4AA-B35W,EK X
CAR,MERCEDES BENZ,4AA-213077C,GERMANY,PETROL,1496.0,COLOMBO,RECONDITIONED,2022.0,1,4AA-213077C,E200
CAR,TOYOTA,6AA-ZVG13 COROLLA,JAPAN,PETROL/ELE,1797.0,NUWARA-ELIYA,RECONDITIONED,2025.0,1,6AA-ZVG13,COROLLA
CAR,TOYOTA,5BA-KSP210,JAPAN,PETROL,996.0,KALUTARA,RECONDITIONED,2023.0,1,5BA-KSP210,Unknown
CAR,TOYOTA,5BA-M900A ROOMY,JAPAN,PETROL,996.0,NUWARA-ELIYA,RECONDITIONED,2024.0,1,5BA-M900A,ROOMY
CAR,JETOUR,X70 PLUS,CHINA,PETROL,1498.0,GAMPAHA,BRAND NEW,2025.0,1,,X70 PLUS
CAR,TOYOTA,5BA-M900A ROOMY,JAPAN,PETROL,996.0,JAFFNA,RECONDITIONED,2024.0,2,5BA-M900A,ROOMY
CAR,MERCEDES BENZ,CLA200 AMG LINE,UNITED KINGDOM,PETROL,1332.0,COLOMBO,RECONDITIONED,2025.0,1,,CLA200 AMG LINE
CAR,SUZUKI,4AA-MH55S  WAGON R,JAPAN,PETROL,658.0,KURUNEGALA,RECONDITIONED,2023.0,1,4AA-MH55S,WAGON R
CAR,TOYOTA,3BA-A210A,JAPAN,PETROL,996.0,KURUNEGALA,RECONDITIONED,2024.0,1,3BA-A210A,RAIZE G
CAR,NISSAN,5BD-DR17V CLIPPER,JAPAN,PETROL,658.0,KALUTARA,RECONDITIONED,2023.0,1,5BD-DR17V,CLIPPER
CAR,HONDA,6BA-JF3  N BOX,JAPAN,PETROL,658.0,MONERAGALA,RECONDITIONED,2023.0,1,6BA-JF3,N BOX
CAR,HONDA,6AA-RV5 VEZEL,JAPAN,PETROL/ELE,1496.0,VAVUNIYA,RECONDITIONED,2024.0,1,6AA-RV5,VEZEL
CAR,SUZUKI,4AA-MK35S SPACIA,JAPAN,PETROL,658.0,MATARA,RECONDITIONED,2023.0,1,4AA-MK35S,SPACIA
CAR,TOYOTA,5AA-A202A,JAPAN,PETROL/ELE,1196.0,AMPARA,RECONDITIONED,2025.0,1,5AA-A202A,RAIZE Z
CAR,MERCEDES BENZ,GLB200 AMG LNE PREM,UNITED KINGDOM,PETROL,1332.0,COLOMBO,RECONDITIONED,2024.0,1,,GLB200 AMG LNE PREM
CAR,TOYOTA,5BA-MZEA17W,JAPAN,PETROL,1496.0,GAMPAHA,RECONDITIONED,2023.0,1,5BA-MZEA17W,Unknown
CAR,DAIHATSU,5BA-LA360S,JAPAN,PETROL,658.0,KALUTARA,RECONDITIONED,2023.0,1,5BA-LA360S,Unknown
CAR,TOYOTA,5BA-A201A RAIZE,JAPAN,PETROL,1196.0,AMPARA,RECONDITIONED,2025.0,1,5BA-A201A,RAIZE
CAR,MITSUBISHI,NC1WXRPGRV1,INDONESIA,PETROL,1499.0,GAMPAHA,BRAND NEW,2025.0,1,,NC1WXRPGRV1
CAR,HONDA,6AA-RV5  VEZEL,JAPAN,PETROL/ELE,1496.0,ANURADHAPURA,RECONDITIONED,2023.0,1,6AA-RV5,VEZEL
CAR,TOYOTA,5BA-KSP210,JAPAN,PETROL,996.0,AMPARA,RECONDITIONED,2023.0,1,5BA-KSP210,Unknown
CAR,HONDA,6AA-RV5,JAPAN,PETROL/ELE,1496.0,AMPARA,RECONDITIONED,2024.0,1,6AA-RV5,VEVEL
CAR,KIA,SONET,INDIA,PETROL,998.0,PUTTALAM,BRAND NEW,2025.0,2,,SONET
CAR,TOYOTA,6AA-AAHH40W VELLFIRE,JAPAN,PETROL/ELE,2487.0,AMPARA,RECONDITIONED,2025.0,1,6AA-AAHH40W,VELLFIRE
CAR,SUZUKI,5AA-MH95S WAGON R,JAPAN,PETROL,658.0,KALUTARA,RECONDITIONED,2024.0,5,5AA-MH95S,WAGON R
CAR,HONDA,6AA-GB7 FREED,JAPAN,PETROL/ELE,1496.0,GAMPAHA,RECONDITIONED,2023.0,1,6AA-GB7,FREED
CAR,TOYOTA,5BA-LA350A,JAPAN,PETROL,658.0,GALLE,RECONDITIONED,2023.0,1,5BA-LA350A,PIXIS
CAR,DAIHATSU,5BA-LA910S TAFT,JAPAN,PETROL,658.0,COLOMBO,RECONDITIONED,2023.0,1,5BA-LA910S,TAFT
CAR,TOYOTA,6AA-MXPJ10  YARIS,JAPAN,PETROL/ELE,1490.0,KALUTARA,RECONDITIONED,2023.0,1,6AA-MXPJ10,YARIS
CAR,SUZUKI,5AA-MH95S,JAPAN,PETROL,658.0,KANDY,RECONDITIONED,2023.0,1,5AA-MH95S,WOGON R
CAR,TOYOTA,6AA-AXUH85 HARRIER,JAPAN,PETROL/ELE,2487.0,COLOMBO,RECONDITIONED,2025.0,1,6AA-AXUH85,HARRIER
CAR,SUZUKI,4AA-MN71S  XBEE,JAPAN,PETROL,996.0,KEGALLE,RECONDITIONED,2024.0,1,4AA-MN71S,XBEE
CAR,AUDI,3AA-GYDLA A3,GERMANY,PETROL,999.0,MATARA,RECONDITIONED,2022.0,1,3AA-GYDLA,A3
CAR,WULING,BINGUO,INDONESIA,ELECTRIC,49.0,GALLE,BRAND NEW,2025.0,1,,BINGUO
CAR,DAIHATSU,3BA-A210S ROCKY,JAPAN,PETROL,996.0,KURUNEGALA,RECONDITIONED,2025.0,1,3BA-A210S,ROCKY
CAR,TOYOTA,3BD-S700M PIXIS,JAPAN,PETROL,656.0,GAMPAHA,RECONDITIONED,2024.0,1,3BD-S700M,PIXIS
CAR,TOYOTA,3BA-NGX10  C-HR,JAPAN,PETROL,1196.0,KANDY,RECONDITIONED,2023.0,1,3BA-NGX10,C-HR
CAR,BYD,ATTO3-ADVANCED,CHINA,ELECTRIC,100.0,MATALE,BRAND NEW,2025.0,2,ATTO3-ADVANCED,Unknown
CAR,DAIHATSU,5BA-LA350S,JAPAN,PETROL,658.0,GAMPAHA,RECONDITIONED,2023.0,1,5BA-LA350S,MIRA  E S
CAR,SUZUKI,5AA-MK53S SPECIA,JAPAN,PETROL,658.0,COLOMBO,RECONDITIONED,2023.0,1,5AA-MK53S,SPECIA
CAR,TOYOTA,5BA-M700A PASSO,JAPAN,PETROL,996.0,KANDY,RECONDITIONED,2023.0,2,5BA-M700A,PASSO
CAR,HONDA (DMC),6AA-RV5 VEZEL,JAPAN,PETROL/ELE,1496.0,ANURADHAPURA,RECONDITIONED,2025.0,1,6AA-RV5,VEZEL
CAR,BYD,M6 SUPERIOR,CHINA,ELECTRIC,100.0,KURUNEGALA,BRAND NEW,2025.0,1,,M6 SUPERIOR
CAR,SUZUKI,5BA-MH85S WAGON R,JAPAN,PETROL,656.0,POLONNARUWA,RECONDITIONED,2024.0,1,5BA-MH85S,WAGON R
CAR,MITSUBISHI,5BA-B33W EK WAGON,JAPAN,PETROL,658.0,COLOMBO,RECONDITIONED,2024.0,1,5BA-B33W,EK WAGON
CAR,HONDA,6AA-RV5  VEZEL,JAPAN,PETROL/ELE,1496.0,ANURADHAPURA,RECONDITIONED,2025.0,2,6AA-RV5,VEZEL
CAR,TOYOTA,5BA-KSP210 YARIS,JAPAN,PETROL,996.0,GALLE,RECONDITIONED,2025.0,2,5BA-KSP210,YARIS
CAR,TOYOTA,3BA-A201A RAIZE,JAPAN,PETROL,996.0,ANURADHAPURA,RECONDITIONED,2024.0,1,3BA-A201A,RAIZE
CAR,SUZUKI,5BA-MH85S  WAGON R,JAPAN,PETROL,658.0,KANDY,RECONDITIONED,2024.0,1,5BA-MH85S,WAGON R
CAR,JAECOO,J7,MALAYSIA,PETROL/ELE,1499.0,COLOMBO,RECONDITIONED,2025.0,1,,J7
CAR,DAIHATSU,5AA-A202S ROCKY,JAPAN,ELECTRIC,78.0,COLOMBO,RECONDITIONED,2023.0,1,5AA-A202S,ROCKY
CAR,LAND ROVER,DISCOVERY SPORT PHEV,UNITED KINGDOM,PETROL/ELE,1498.0,COLOMBO,RECONDITIONED,2024.0,1,,DISCOVERY SPORT PHEV
CAR,SUZUKI,5AA-MH95S  WAGON R,JAPAN,PETROL,650.0,MATARA,RECONDITIONED,2023.0,1,5AA-MH95S,WAGON R
CAR,LAMBORGHINI,URUS V8,UNITED KINGDOM,PETROL,3996.0,GAMPAHA,RECONDITIONED,2024.0,1,,URUS V8
CAR,B.M.W.,X1 SDRIVE 20I MSPORT,UNITED KINGDOM,PETROL,1499.0,KEGALLE,RECONDITIONED,2025.0,1,,X1 SDRIVE 20I MSPORT
CAR,NISSAN,ALMERA GRADE-EL,THAILAND,PETROL,999.0,PUTTALAM,RECONDITIONED,2025.0,1,,ALMERA GRADE-EL
CAR,SUZUKI,5BD-DA17V EVERY,JAPAN,PETROL,656.0,COLOMBO,RECONDITIONED,2025.0,1,5BD-DA17V,EVERY
CAR,TOYOTA,6AA-MXPJ10 YARIS,JAPAN,PETROL/ELE,1496.0,GAMPAHA,RECONDITIONED,2025.0,3,6AA-MXPJ10,YARIS
CAR,TOYOTA,6AA-MXPJ10 YARIS,JAPAN,PETROL/ELE,1498.0,KANDY,RECONDITIONED,2025.0,1,6AA-MXPJ10,YARIS
CAR,TOYOTA,5BA-M900A  ROOMY,JAPAN,PETROL,996.0,GAMPAHA,RECONDITIONED,2023.0,1,5BA-M900A,ROOMY
CAR,SUZUKI,4AA-MK54S SPACIA,JAPAN,PETROL,658.0,MATALE,RECONDITIONED,2025.0,1,4AA-MK54S,SPACIA
CAR,SUZUKI,3BA-DA17W EVERY,JAPAN,PETROL,658.0,KALUTARA,RECONDITIONED,2024.0,1,3BA-DA17W,EVERY
CAR,DAIHATSU,5BA-LA360S MIRA ES,JAPAN,PETROL,658.0,GAMPAHA,RECONDITIONED,2023.0,1,5BA-LA360S,MIRA ES
CAR,MITSUBISHI,5AA-B34W EK X,JAPAN,PETROL,659.0,COLOMBO,RECONDITIONED,2024.0,1,5AA-B34W,EK X
CAR,TATA,CURVV EV,INDIA,ELECTRIC,98.0,COLOMBO,BRAND NEW,2025.0,1,,CURVV EV
CAR,SUZUKI,5AA-MK94S SPACIA,JAPAN,PETROL,657.0,BATTICALOA,RECONDITIONED,2025.0,1,5AA-MK94S,SPACIA
CAR,TOYOTA,3BA-TRJ250W  VX,JAPAN,PETROL,2693.0,KANDY,RECONDITIONED,2025.0,1,3BA-TRJ250W,VX
CAR,TOYOTA,5AA-A202A,JAPAN,PETROL/ELE,78.0,COLOMBO,RECONDITIONED,2024.0,1,5AA-A202A,RAIZE Z
CAR,TOYOTA,3BA-TRJ250W,JAPAN,PETROL,2698.0,ANURADHAPURA,RECONDITIONED,2024.0,1,3BA-TRJ250W,VX
CAR,SUZUKI,5BD-DA17V EVERY,JAPAN,PETROL,658.0,MATARA,RECONDITIONED,2023.0,3,5BD-DA17V,EVERY
CAR,LEXUS,3BA-VJA310W LX600,JAPAN,PETROL,3444.0,COLOMBO,RECONDITIONED,2023.0,1,3BA-VJA310W,LX600
CAR,NISSAN,5BA-B43W DAYZ,JAPAN,PETROL,659.0,HAMBANTOTA,RECONDITIONED,2024.0,1,5BA-B43W,DAYZ
CAR,TOYOTA,A250RA-GBVV RAIZE,INDONESIA,PETROL,998.0,BADULLA,BRAND NEW-L/ASSEMBLE,2025.0,1,,A250RA-GBVV RAIZE
CAR,SUZUKI,3BD-DA17V EVERY,JAPAN,PETROL,658.0,KALUTARA,RECONDITIONED,2022.0,1,3BD-DA17V,EVERY
CAR,SUZUKI,5AA-MH95S WAGON R,JAPAN,PETROL,658.0,HAMBANTOTA,RECONDITIONED,2023.0,2,5AA-MH95S,WAGON R
CAR,DAIHATSU,5BA-LA900S  TAFT,JAPAN,PETROL,658.0,MATARA,RECONDITIONED,2024.0,1,5BA-LA900S,TAFT
CAR,DAIHATSU,5BA-LA350S  MIRA E S,JAPAN,PETROL,658.0,KURUNEGALA,RECONDITIONED,2023.0,1,5BA-LA350S,MIRA E S
CAR,TOYOTA,5AA-A202A RAIZE,JAPAN,ELECTRIC,78.0,KURUNEGALA,RECONDITIONED,2025.0,2,5AA-A202A,RAIZE
CAR,AUDI,3AA-GYDLA A3,GERMANY,PETROL,996.0,MATARA,RECONDITIONED,2023.0,1,3AA-GYDLA,A3
CAR,TOYOTA,6AA-MXPJ10 YARIS,JAPAN,PETROL/ELE,1490.0,KALUTARA,RECONDITIONED,2023.0,1,6AA-MXPJ10,YARIS
CAR,HONDA,6AA-RV5  VEZEL,JAPAN,PETROL/ELE,1496.0,NUWARA-ELIYA,RECONDITIONED,2025.0,1,6AA-RV5,VEZEL
CAR,JETOUR,DASHING,CHINA,PETROL,1498.0,KURUNEGALA,BRAND NEW,2025.0,1,,DASHING
CAR,TOYOTA,5BA-M900A ROOMY,JAPAN,PETROL,996.0,AMPARA,RECONDITIONED,2025.0,1,5BA-M900A,ROOMY
CAR,TOYOTA,3BA-A210A  RAIZE,JAPAN,PETROL,996.0,COLOMBO,RECONDITIONED,2025.0,1,3BA-A210A,RAIZE
CAR,TOYOTA,3BA-TRJ250W,JAPAN,PETROL,2693.0,PUTTALAM,RECONDITIONED,2025.0,1,3BA-TRJ250W,VX
CAR,TOYOTA,6AA-MXPJ10 YARIS,JAPAN,PETROL/ELE,1496.0,KEGALLE,RECONDITIONED,2023.0,1,6AA-MXPJ10,YARIS
CAR,HONDA,CRV VTI L7,AUSTRALIA,PETROL,1498.0,COLOMBO,RECONDITIONED,2025.0,1,,CRV VTI L7
CAR,CHANGAN,S05,THAILAND,ELECTRIC,99.0,GAMPAHA,BRAND NEW,2025.0,2,,S05
CAR,TOYOTA,3BA-A210A   RAIZE,JAPAN,PETROL,996.0,BADULLA,RECONDITIONED,2024.0,1,3BA-A210A,RAIZE
CAR,HONDA,6BA-JF3 N BOX,JAPAN,PETROL,658.0,KALUTARA,RECONDITIONED,2023.0,1,6BA-JF3,N BOX
CAR,BYD,M6 SUPERIOR,CHINA,ELECTRIC,100.0,AMPARA,BRAND NEW,2025.0,1,,M6 SUPERIOR
CAR,TOYOTA,5BA-KSP210 YARIS,JAPAN,PETROL,996.0,KEGALLE,RECONDITIONED,2024.0,1,5BA-KSP210,YARIS
CAR,TOYOTA,3BD-S700M PIXIS,JAPAN,PETROL,658.0,JAFFNA,RECONDITIONED,2023.0,1,3BD-S700M,PIXIS
CAR,NISSAN,3BD-DR17V CLIPPER,JAPAN,PETROL,658.0,COLOMBO,RECONDITIONED,2024.0,1,3BD-DR17V,CLIPPER
CAR,TOYOTA,6AA-ZVG13 COROLLA,JAPAN,PETROL/ELE,1797.0,BATTICALOA,RECONDITIONED,2025.0,1,6AA-ZVG13,COROLLA
CAR,PORSCHE,718 CAYMAN,GERMANY,PETROL,1988.0,COLOMBO,BRAND NEW,2025.0,1,,718 CAYMAN
CAR,MERCEDES BENZ,4AA-213077C,GERMANY,PETROL,1496.0,GAMPAHA,RECONDITIONED,2023.0,1,4AA-213077C,E200
CAR,DAIHATSU,5BA-LA350S  MIRA,JAPAN,PETROL,658.0,KEGALLE,RECONDITIONED,2023.0,1,5BA-LA350S,MIRA
CAR,SUZUKI,5AA-MH95S  WAGON R,JAPAN,PETROL,657.0,PUTTALAM,RECONDITIONED,2025.0,1,5AA-MH95S,WAGON R
CAR,TOYOTA,YARIS CROSS,JAPAN,PETROL/ELE,1496.0,POLONNARUWA,RECONDITIONED,2025.0,1,,YARIS CROSS
CAR,NISSAN,5BA-B43W DAYZ,JAPAN,PETROL,650.0,KANDY,RECONDITIONED,2023.0,1,5BA-B43W,DAYZ
CAR,SUZUKI,5AA-MK94S  SPACIA,JAPAN,PETROL/ELE,658.0,BATTICALOA,RECONDITIONED,2024.0,1,5AA-MK94S,SPACIA
CAR,NISSAN,MAGNITE ACENTA BR10,INDIA,PETROL,999.0,AMPARA,BRAND NEW,2025.0,2,,MAGNITE ACENTA BR10
CAR,NISSAN,ALMERA,THAILAND,PETROL,999.0,KANDY,RECONDITIONED,2025.0,1,,ALMERA
CAR,TOYOTA,5AA-A202A     RAIZE,JAPAN,PETROL/ELE,78.0,GAMPAHA,RECONDITIONED,2025.0,1,5AA-A202A,RAIZE
CAR,NISSAN,5BD-DR17V CLIPPER,JAPAN,PETROL,658.0,MATARA,RECONDITIONED,2023.0,1,5BD-DR17V,CLIPPER
CAR,CHANGAN,S05,THAILAND,ELECTRIC,99.0,KURUNEGALA,BRAND NEW,2025.0,1,,S05
CAR,DAIHATSU,6BA-LA650S TANTO,JAPAN,PETROL,658.0,GAMPAHA,RECONDITIONED,2022.0,1,6BA-LA650S,TANTO
CAR,SUZUKI,5AA-MH95S WAGON R,JAPAN,PETROL,657.0,BATTICALOA,RECONDITIONED,2025.0,1,5AA-MH95S,WAGON R
CAR,TOYOTA,5BA-KSP230 YARIS,JAPAN,PETROL,996.0,COLOMBO,RECONDITIONED,2024.0,1,5BA-KSP230,YARIS
CAR,SUZUKI,4AA-MR52S HUSTLER,JAPAN,PETROL,658.0,MATALE,RECONDITIONED,2024.0,1,4AA-MR52S,HUSTLER
CAR,SUZUKI,5BA-DA17V EVERY,JAPAN,PETROL,658.0,JAFFNA,RECONDITIONED,2025.0,1,5BA-DA17V,EVERY
COMMERCIAL,TOYOTA,3DF-GDH223B HIACE,JAPAN,DIESEL,2756.0,KURUNEGALA,RECONDITIONED,2024.0,1,3DF-GDH223B,HIACE
COMMERCIAL,TOYOTA,COMMUTER,THAILAND,DIESEL,2755.0,GALLE,RECONDITIONED,2025.0,1,,COMMUTER
COMMERCIAL,MITSUBISHI,FUSO,JAPAN,DIESEL,2998.0,KURUNEGALA,BRAND NEW,2025.0,5,,FUSO
COMMERCIAL,LANKA ASHOK LEYLAND,VIKING,INDIA,DIESEL,6014.0,MATARA,BRAND NEW,2025.0,1,,VIKING
COMMERCIAL,MITSUBISHI,FUSO,JAPAN,DIESEL,2998.0,PUTTALAM,BRAND NEW,2025.0,1,,FUSO
COMMERCIAL,TOYOTA,3DF-GDH223B HIACE,JAPAN,DIESEL,2755.0,GAMPAHA,RECONDITIONED,2024.0,1,3DF-GDH223B,HIACE
COMMERCIAL,LANKA ASHOK LEYLAND,VIKING,INDIA,DIESEL,6014.0,RATNAPURA,BRAND NEW,2025.0,3,,VIKING
COMMERCIAL,TOYOTA,HIACE-GDH301E-GDTDY,JAPAN,DIESEL,2755.0,KURUNEGALA,BRAND NEW,2025.0,2,HIACE-GDH301E-GDTDY,Unknown
COMMERCIAL,TOYOTA,3DF-GDH223B,JAPAN,DIESEL,2750.0,COLOMBO,RECONDITIONED,2024.0,1,3DF-GDH223B,GL HIACE
COMMERCIAL,FOTON,VIEW CS 2,SRI LANKA,DIESEL,1968.0,COLOMBO,BRAND NEW-L/ASSEMBLE,2025.0,1,,VIEW CS 2
COMMERCIAL,TOYOTA,HIACE-GDH301E-GDTDY,JAPAN,DIESEL,2755.0,KALUTARA,BRAND NEW,2025.0,4,HIACE-GDH301E-GDTDY,Unknown
COMMERCIAL,TOYOTA,HIACE-GDH301E-GDTDY,JAPAN,DIESEL,2755.0,GALLE,BRAND NEW,2025.0,3,HIACE-GDH301E-GDTDY,Unknown
COMMERCIAL,TOYOTA,KDH223R-LEMDYT HIACE,JAPAN,DIESEL,2982.0,KURUNEGALA,BRAND NEW,2025.0,2,,KDH223R-LEMDYT HIACE
COMMERCIAL,TATA,LPO 1515,INDIA,DIESEL,5883.0,MATALE,BRAND NEW,2025.0,1,,LPO 1515
COMMERCIAL,TOYOTA,3DF-GDH223B  HIACE,JAPAN,DIESEL,2754.0,KALUTARA,RECONDITIONED,2025.0,1,3DF-GDH223B,HIACE
COMMERCIAL,MITSUBISHI,FUSO,JAPAN,DIESEL,2998.0,GAMPAHA,BRAND NEW,2025.0,5,,FUSO
COMMERCIAL,TOYOTA,XZB70R ZGMNY COASTER,JAPAN,DIESEL,4009.0,KURUNEGALA,BRAND NEW,2025.0,1,,XZB70R ZGMNY COASTER
COMMERCIAL,TOYOTA,KDH223R-LEMDYT HIACE,JAPAN,DIESEL,2982.0,COLOMBO,BRAND NEW,2025.0,26,,KDH223R-LEMDYT HIACE
COMMERCIAL,TOYOTA,3DF-GDH223B HIACE,JAPAN,DIESEL,2754.0,KURUNEGALA,RECONDITIONED,2021.0,1,3DF-GDH223B,HIACE
COMMERCIAL,SUNLONG,SK12M24,CHINA,DIESEL,1030.0,VAVUNIYA,BRAND NEW,2024.0,1,,SK12M24
COMMERCIAL,FOTON,BJ6126,CHINA,DIESEL,7700.0,COLOMBO,BRAND NEW,2025.0,2,,BJ6126
COMMERCIAL,TOYOTA,3DF-GDH223B HIACE,JAPAN,DIESEL,2754.0,COLOMBO,RECONDITIONED,2025.0,1,3DF-GDH223B,HIACE
COMMERCIAL,ZHONGTONG,LCK6909H - H9,CHINA,DIESEL,6800.0,ANURADHAPURA,BRAND NEW,2025.0,1,,LCK6909H - H9
COMMERCIAL,YUTONG,ZK6907H,CHINA,DIESEL,7520.0,KALUTARA,BRAND NEW,2025.0,2,,ZK6907H
COMMERCIAL,LANKA ASHOK LEYLAND,VIKING,INDIA,DIESEL,6014.0,COLOMBO,BRAND NEW,2025.0,6,,VIKING
COMMERCIAL,TOYOTA,HIACE-GDH301E-GDTDY,JAPAN,DIESEL,2755.0,GAMPAHA,BRAND NEW,2025.0,2,HIACE-GDH301E-GDTDY,Unknown
COMMERCIAL,TOYOTA,3DF-GDH223B HIACE,JAPAN,DIESEL,2754.0,MATARA,RECONDITIONED,2025.0,1,3DF-GDH223B,HIACE
COMMERCIAL,SUNLONG,SK09M24,CHINA,DIESEL,7800.0,VAVUNIYA,BRAND NEW,2024.0,1,,SK09M24
COMMERCIAL,SUNLONG,SKO9M24,CHINA,DIESEL,7800.0,COLOMBO,BRAND NEW,2024.0,1,,SKO9M24
COMMERCIAL,SUNLONG,SK12 M24,CHINA,DIESEL,10300.0,HAMBANTOTA,BRAND NEW,2024.0,1,,SK12 M24
COMMERCIAL,FOTON,VIEW CS 2,SRI LANKA,DIESEL,1968.0,GAMPAHA,BRAND NEW-L/ASSEMBLE,2025.0,1,,VIEW CS 2
COMMERCIAL,TOYOTA,XZB70R ZGMNY COASTER,JAPAN,DIESEL,4009.0,KALUTARA,BRAND NEW,2025.0,1,,XZB70R ZGMNY COASTER
COMMERCIAL,TOYOTA,HIACE-GDH301E-GDTDY,JAPAN,DIESEL,2755.0,KEGALLE,BRAND NEW,2025.0,1,HIACE-GDH301E-GDTDY,Unknown
COMMERCIAL,TATA,LP407,INDIA,DIESEL,2956.0,KALUTARA,BRAND NEW,2025.0,2,,LP407
COMMERCIAL,YUTONG,2K6128H,CHINA,DIESEL,9500.0,RATNAPURA,BRAND NEW,2025.0,1,,2K6128H
COMMERCIAL,TOYOTA,3DF-GDH223B HIACE,JAPAN,DIESEL,2754.0,JAFFNA,RECONDITIONED,2025.0,1,3DF-GDH223B,HIACE
COMMERCIAL,TATA,LP407,INDIA,DIESEL,2956.0,RATNAPURA,BRAND NEW,2025.0,1,,LP407
COMMERCIAL,TATA,LP407,INDIA,DIESEL,2956.0,GAMPAHA,BRAND NEW,2025.0,1,,LP407
COMMERCIAL,TOYOTA,HIACE-GDH301E-GDTDY,JAPAN,DIESEL,2755.0,HAMBANTOTA,BRAND NEW,2025.0,1,HIACE-GDH301E-GDTDY,Unknown
COMMERCIAL,TOYOTA,3BF-TRH223B COMMUTER,JAPAN,PETROL,2693.0,COLOMBO,RECONDITIONED,2025.0,1,3BF-TRH223B,COMMUTER
COMMERCIAL,EICHER,10.75E STARLINE,INDIA,DIESEL,3298.0,ANURADHAPURA,BRAND NEW,2025.0,1,,10.75E STARLINE
COMMERCIAL,ZHONGTONG,LCK6128H-MAGNATE,INDIA,DIESEL,9500.0,AMPARA,BRAND NEW,2025.0,1,,LCK6128H-MAGNATE
COMMERCIAL,TOYOTA,3DF-GDH223B GL HIACE,JAPAN,DIESEL,2754.0,GAMPAHA,RECONDITIONED,2025.0,1,3DF-GDH223B,GL HIACE
COMMERCIAL,MITSUBISHI,FUSO,JAPAN,DIESEL,2998.0,ANURADHAPURA,BRAND NEW,2025.0,1,,FUSO
COMMERCIAL,YUTONG,ZK6729D2,CHINA,DIESEL,4295.0,COLOMBO,BRAND NEW,2025.0,4,,ZK6729D2
COMMERCIAL,YUTONG,ZK6128H,CHINA,DIESEL,9500.0,COLOMBO,BRAND NEW,2025.0,2,,ZK6128H
COMMERCIAL,LANKA ASHOK LEYLAND,VIKING ULE,INDIA,DIESEL,6014.0,COLOMBO,BRAND NEW,2012.0,1,,VIKING ULE
COMMERCIAL,TATA,LP407,INDIA,DIESEL,2956.0,KURUNEGALA,BRAND NEW,2025.0,1,,LP407
COMMERCIAL,TATA,ULTRA PRIME LPO 8.6,INDIA,DIESEL,3300.0,KALUTARA,BRAND NEW,2025.0,1,,ULTRA PRIME LPO 8.6
COMMERCIAL,TOYOTA,3DF-GDH223B-HIACE,JAPAN,DIESEL,2754.0,JAFFNA,RECONDITIONED,2025.0,1,3DF-GDH223B-HIACE,Unknown
COMMERCIAL,TOYOTA,COMMUTER 2.8L,THAILAND,DIESEL,2755.0,COLOMBO,RECONDITIONED,2025.0,1,,COMMUTER 2.8L
COMMERCIAL,MITSUBISHI,FUSO,JAPAN,DIESEL,2998.0,MATALE,BRAND NEW,2025.0,1,,FUSO
COMMERCIAL,LANKA ASHOK LEYLAND,VIKING,INDIA,DIESEL,6014.0,MATALE,BRAND NEW,2025.0,1,,VIKING
COMMERCIAL,TOYOTA,HIACE COMMUTER,THAILAND,DIESEL,2755.0,COLOMBO,RECONDITIONED,2025.0,1,,HIACE COMMUTER
COMMERCIAL,EICHER,10.75H SKYLINE,INDIA,DIESEL,3298.0,COLOMBO,BRAND NEW,2025.0,2,,10.75H SKYLINE
COMMERCIAL,MITSUBISHI,BE741JRMSDEB,JAPAN,DIESEL,2998.0,JAFFNA,BRAND NEW,2025.0,1,,BE741JRMSDEB
COMMERCIAL,SUNLONG,SK12M34,CHINA,DIESEL,10300.0,HAMBANTOTA,BRAND NEW,2024.0,1,,SK12M34
COMMERCIAL,TOYOTA,HIACE-GDH301E-GDTDY,JAPAN,DIESEL,2755.0,POLONNARUWA,BRAND NEW,2025.0,1,HIACE-GDH301E-GDTDY,Unknown
COMMERCIAL,SUNLONG,SK09M24,CHINA,DIESEL,7800.0,COLOMBO,BRAND NEW,2024.0,1,,SK09M24
COMMERCIAL,FOTON,VIEW CS 2,SRI LANKA,DIESEL,1968.0,MATARA,BRAND NEW-L/ASSEMBLE,2025.0,1,,VIEW CS 2
COMMERCIAL,TOYOTA,KDH223R-LEMDYT HIACE,JAPAN,DIESEL,2982.0,KANDY,BRAND NEW,2025.0,8,,KDH223R-LEMDYT HIACE
COMMERCIAL,TATA,LP 712,INDIA,DIESEL,3783.0,KALUTARA,BRAND NEW,2025.0,4,,LP 712
COMMERCIAL,TOYOTA,HIACE-GDH301E-GDTDY,JAPAN,DIESEL,2755.0,KANDY,BRAND NEW,2025.0,4,HIACE-GDH301E-GDTDY,Unknown
COMMERCIAL,FOTON,VIEW CS 2,SRI LANKA,DIESEL,1968.0,KANDY,BRAND NEW-L/ASSEMBLE,2025.0,1,,VIEW CS 2
COMMERCIAL,TATA,LP 712,INDIA,DIESEL,3783.0,ANURADHAPURA,BRAND NEW,2025.0,1,,LP 712
COMMERCIAL,TATA,LP407,INDIA,DIESEL,2956.0,PUTTALAM,BRAND NEW,2025.0,1,,LP407
COMMERCIAL,TOYOTA,HIACE-GDH301E-GDTDY,JAPAN,DIESEL,2755.0,COLOMBO,BRAND NEW,2025.0,10,HIACE-GDH301E-GDTDY,Unknown
COMMERCIAL,MITSUBISHI,BE741JRMSDSB,JAPAN,DIESEL,2998.0,GAMPAHA,BRAND NEW,2025.0,1,,BE741JRMSDSB
COMMERCIAL,FOTON,BJ6946,CHINA,DIESEL,7700.0,COLOMBO,BRAND NEW,2025.0,3,,BJ6946
COMMERCIAL,MITSUBISHI,BE741JRMSDSB,JAPAN,DIESEL,2998.0,RATNAPURA,BRAND NEW,2025.0,1,,BE741JRMSDSB
COMMERCIAL,TOYOTA,HIACE-GDH301E-GDTDY,JAPAN,DIESEL,2755.0,ANURADHAPURA,BRAND NEW,2025.0,1,HIACE-GDH301E-GDTDY,Unknown
COMMERCIAL,KING LONG,XMQ6112AY,CHINA,DIESEL,8424.0,GALLE,BRAND NEW,2025.0,1,,XMQ6112AY
COMMERCIAL,TOYOTA,3DF-GDH223B HIACE,JAPAN,DIESEL,2750.0,COLOMBO,RECONDITIONED,2024.0,1,3DF-GDH223B,HIACE
COMMERCIAL,YUTONG,2K6128H,CHINA,DIESEL,9500.0,AMPARA,BRAND NEW,2025.0,2,,2K6128H
COMMERCIAL,ZHONGTONG,LCK6128H-MAGNATE,CHINA,DIESEL,9500.0,AMPARA,BRAND NEW,2025.0,1,,LCK6128H-MAGNATE
COMMERCIAL,LANKA ASHOK LEYLAND,VIKING,INDIA,DIESEL,6014.0,POLONNARUWA,BRAND NEW,2025.0,1,,VIKING
COMMERCIAL,TOYOTA,COMMUTER AT,THAILAND,DIESEL,2755.0,COLOMBO,RECONDITIONED,2025.0,1,,COMMUTER AT
COMMERCIAL,TOYOTA,COMMUTER,THAILAND,DIESEL,2755.0,GAMPAHA,RECONDITIONED,2025.0,1,,COMMUTER
COMMERCIAL,TOYOTA,KDH223R-LEMDYT HIACE,JAPAN,DIESEL,2982.0,GAMPAHA,BRAND NEW,2025.0,10,,KDH223R-LEMDYT HIACE
COMMERCIAL,TATA,LP407,INDIA,DIESEL,2956.0,BADULLA,BRAND NEW,2025.0,2,,LP407
COMMERCIAL,TATA,LP407,INDIA,DIESEL,2956.0,GALLE,BRAND NEW,2025.0,1,,LP407
COMMERCIAL,TATA,LP407,INDIA,DIESEL,2956.0,ANURADHAPURA,BRAND NEW,2025.0,1,,LP407
COMMERCIAL,LANKA ASHOK LEYLAND,VIKING,INDIA,DIESEL,6014.0,HAMBANTOTA,BRAND NEW,2025.0,1,,VIKING
COMMERCIAL,TATA,LP 712,INDIA,DIESEL,3783.0,RATNAPURA,BRAND NEW,2025.0,2,,LP 712
COMMERCIAL,TOYOTA,KDH223R-LEMDYT HIACE,JAPAN,DIESEL,2982.0,JAFFNA,BRAND NEW,2025.0,1,,KDH223R-LEMDYT HIACE
COMMERCIAL,TOYOTA,COMMUTER,THAILAND,DIESEL,2755.0,HAMBANTOTA,RECONDITIONED,2025.0,1,,COMMUTER
COMMERCIAL,TOYOTA,HIACE-GDH301E-GDTDY,JAPAN,DIESEL,2755.0,MATARA,BRAND NEW,2025.0,1,HIACE-GDH301E-GDTDY,Unknown
COMMERCIAL,SUNLONG,SK09M24,CHINA,DIESEL,7800.0,GAMPAHA,BRAND NEW,2024.0,2,,SK09M24
COMMERCIAL,TOYOTA,3DF-GDH223B HIACE,JAPAN,DIESEL,2800.0,COLOMBO,RECONDITIONED,2024.0,1,3DF-GDH223B,HIACE
COMMERCIAL,YUTONG,2K6128H,CHINA,DIESEL,9500.0,HAMBANTOTA,BRAND NEW,2025.0,1,,2K6128H
COMMERCIAL,TATA,LP 712,INDIA,DIESEL,3783.0,HAMBANTOTA,BRAND NEW,2025.0,1,,LP 712
COMMERCIAL,TATA,LPO 1515,INDIA,DIESEL,5883.0,POLONNARUWA,BRAND NEW,2025.0,1,,LPO 1515
COMMERCIAL,TOYOTA,HIACE-GDH301E-GDTDY,JAPAN,DIESEL,2755.0,MULLATIVU,BRAND NEW,2025.0,1,HIACE-GDH301E-GDTDY,Unknown
COMMERCIAL,TATA,ULTRA PRIME LPO 8.6,INDIA,DIESEL,3300.0,KANDY,BRAND NEW,2025.0,1,,ULTRA PRIME LPO 8.6
COMMERCIAL,TOYOTA,3DF-GDH223B  HIACE,JAPAN,DIESEL,2754.0,KURUNEGALA,RECONDITIONED,2025.0,1,3DF-GDH223B,HIACE
COMMERCIAL,ZHONGTONG,LCK6128H MAGNATE,CHINA,DIESEL,9500.0,JAFFNA,BRAND NEW,2025.0,1,,LCK6128H MAGNATE
COMMERCIAL,MERCEDES BENZ,SPRINTER BASE 414,GERMANY,DIESEL,2143.0,COLOMBO,BRAND NEW,2024.0,1,,SPRINTER BASE 414
COMMERCIAL,YUTONG,2K6128H,CHINA,DIESEL,9500.0,MATARA,BRAND NEW,2025.0,3,,2K6128H
COMMERCIAL,TOYOTA,COMMUTER,THAILAND,DIESEL,2755.0,COLOMBO,RECONDITIONED,2025.0,3,,COMMUTER
COMMERCIAL,TATA,LP 712,INDIA,DIESEL,3783.0,MATARA,BRAND NEW,2025.0,2,,LP 712
COMMERCIAL,LANKA ASHOK LEYLAND,VIKING ULE,INDIA,DIESEL,5759.0,COLOMBO,BRAND NEW,2012.0,2,,VIKING ULE
COMMERCIAL,TOYOTA,KDH223R-LEMDYT HIACE,JAPAN,DIESEL,2982.0,MATARA,BRAND NEW,2025.0,4,,KDH223R-LEMDYT HIACE
COMMERCIAL,TOYOTA,XZB70R ZGMNY COASTER,JAPAN,DIESEL,4009.0,GAMPAHA,BRAND NEW,2025.0,3,,XZB70R ZGMNY COASTER
COMMERCIAL,TOYOTA,KDH223R-LEMDYT HIACE,JAPAN,DIESEL,2982.0,KALUTARA,BRAND NEW,2025.0,3,,KDH223R-LEMDYT HIACE
COMMERCIAL,KING LONG,XMQ6127DY,CHINA,DIESEL,7698.0,HAMBANTOTA,BRAND NEW,2025.0,1,,XMQ6127DY
COMMERCIAL,ZHONGTONG,LCK6128H MAGNATE,CHINA,DIESEL,9500.0,KURUNEGALA,BRAND NEW,2025.0,1,,LCK6128H MAGNATE
COMMERCIAL,GOLDEN DRAGON,XML6122J34,CHINA,DIESEL,8400.0,GAMPAHA,BRAND NEW,2025.0,1,,XML6122J34
COMMERCIAL,TOYOTA,GDH322R EDTDY  HIACE,JAPAN,DIESEL,2755.0,COLOMBO,BRAND NEW,2025.0,21,,GDH322R EDTDY  HIACE
COMMERCIAL,NISSAN,PDG-EHW41 CIVILIAN,JAPAN,DIESEL,2950.0,GAMPAHA,RECONDITIONED,2011.0,1,PDG-EHW41,CIVILIAN
COMMERCIAL,TATA,LP 712,INDIA,DIESEL,3783.0,COLOMBO,BRAND NEW,2025.0,1,,LP 712
COMMERCIAL,TOYOTA,HIACE-GDH301E-GDTDY,JAPAN,DIESEL,2755.0,MANNAR,BRAND NEW,2025.0,1,HIACE-GDH301E-GDTDY,Unknown
COMMERCIAL,TATA,LP 712,INDIA,DIESEL,3783.0,MATALE,BRAND NEW,2025.0,1,,LP 712
COMMERCIAL,TATA,LP 712,INDIA,DIESEL,3783.0,GALLE,BRAND NEW,2025.0,3,,LP 712
COMMERCIAL,MITSUBISHI,FUSO,JAPAN,DIESEL,2998.0,GALLE,BRAND NEW,2025.0,1,,FUSO
COMMERCIAL,TOYOTA,3DF-GDH223B HIACE,JAPAN,DIESEL,2755.0,GALLE,RECONDITIONED,2024.0,1,3DF-GDH223B,HIACE
COMMERCIAL,GOLDEN DRAGON,XML6907J34,CHINA,DIESEL,6494.0,GAMPAHA,BRAND NEW,2025.0,1,,XML6907J34
COMMERCIAL,SUNLONG,SK10M24,CHINA,DIESEL,7800.0,VAVUNIYA,BRAND NEW,2024.0,1,,SK10M24
COMMERCIAL,TOYOTA,HIACE-GDH301E-GDTDY,JAPAN,DIESEL,2755.0,BATTICALOA,BRAND NEW,2025.0,1,HIACE-GDH301E-GDTDY,Unknown
COMMERCIAL,LANKA ASHOK LEYLAND,VIKING,INDIA,DIESEL,6014.0,BADULLA,BRAND NEW,2025.0,2,,VIKING
COMMERCIAL,TOYOTA,KDH223R-LEMDYT HIACE,JAPAN,DIESEL,2982.0,GALLE,BRAND NEW,2025.0,3,,KDH223R-LEMDYT HIACE
COMMERCIAL,TOYOTA,KDH223R-LEMDYT HIACE,JAPAN,DIESEL,2982.0,MONERAGALA,BRAND NEW,2025.0,1,,KDH223R-LEMDYT HIACE
COMMERCIAL,LANKA ASHOK LEYLAND,VIKING,INDIA,DIESEL,6014.0,KALUTARA,BRAND NEW,2019.0,1,,VIKING
COMMERCIAL,ZHONGTONG,LCK6128H MAGNATE,CHINA,DIESEL,9500.0,COLOMBO,BRAND NEW,2025.0,1,,LCK6128H MAGNATE
COMMERCIAL,ZHONGTONG,LCK6128H MAGNATE,CHINA,DIESEL,9500.0,RATNAPURA,BRAND NEW,2025.0,1,,LCK6128H MAGNATE
COMMERCIAL,TOYOTA,XZB70R ZGMNY COASTER,JAPAN,DIESEL,4009.0,COLOMBO,BRAND NEW,2025.0,1,,XZB70R ZGMNY COASTER
DUAL PURPOSE (COMMERCIAL),FORD,RANGER RAPTOR,THAILAND,DIESEL,1996.0,COLOMBO,RECONDITIONED,2025.0,13,,RANGER RAPTOR
DUAL PURPOSE (COMMERCIAL),BYD,SHARK 6,CHINA,PETROL/ELE,1498.0,MATARA,BRAND NEW,2025.0,1,,SHARK 6
DUAL PURPOSE (COMMERCIAL),FORD,RANGER RAPTOR,THAILAND,DIESEL,1996.0,KURUNEGALA,RECONDITIONED,2025.0,2,,RANGER RAPTOR
DUAL PURPOSE (COMMERCIAL),TOYOTA,GUN126R-DTTHX  HILUX,THAILAND,DIESEL,2755.0,KALUTARA,BRAND NEW,2025.0,4,,GUN126R-DTTHX  HILUX
DUAL PURPOSE (COMMERCIAL),FORD,RANGER RAPTOR,THAILAND,PETROL,2956.0,COLOMBO,BRAND NEW,2025.0,6,,RANGER RAPTOR
DUAL PURPOSE (COMMERCIAL),TOYOTA,HILUX REVO,THAILAND,DIESEL,2755.0,MATARA,RECONDITIONED,2025.0,1,,HILUX REVO
DUAL PURPOSE (COMMERCIAL),JAC,HFC1037D3,SRI LANKA,DIESEL,1999.0,COLOMBO,BRAND NEW-L/ASSEMBLE,2025.0,10,,HFC1037D3
DUAL PURPOSE (COMMERCIAL),BYD,SHARK 6,CHINA,PETROL/ELE,1498.0,GALLE,BRAND NEW,2025.0,1,,SHARK 6
DUAL PURPOSE (COMMERCIAL),BYD,SHARK 6,CHINA,PETROL/ELE,1498.0,KALUTARA,BRAND NEW,2025.0,1,,SHARK 6
DUAL PURPOSE (COMMERCIAL),MITSUBISHI,TRITON ATHLETE,THAILAND,DIESEL,2442.0,JAFFNA,RECONDITIONED,2024.0,1,,TRITON ATHLETE
DUAL PURPOSE (COMMERCIAL),TOYOTA,3DF-GUN125 HILUX,JAPAN,DIESEL,2396.0,KANDY,RECONDITIONED,2024.0,1,3DF-GUN125,HILUX
DUAL PURPOSE (COMMERCIAL),TOYOTA,HILUX REVO ROCCO,THAILAND,DIESEL,2755.0,GALLE,RECONDITIONED,2025.0,4,,HILUX REVO ROCCO
DUAL PURPOSE (COMMERCIAL),TOYOTA,HILUX REVO,THAILAND,DIESEL,2755.0,JAFFNA,RECONDITIONED,2025.0,1,,HILUX REVO
DUAL PURPOSE (COMMERCIAL),TOYOTA,3DF-GUN125 HILUX,THAILAND,DIESEL,2393.0,COLOMBO,RECONDITIONED,2024.0,2,3DF-GUN125,HILUX
DUAL PURPOSE (COMMERCIAL),TOYOTA,3DF-GUN125 HILUX,THAILAND,DIESEL,2393.0,KALUTARA,RECONDITIONED,2022.0,1,3DF-GUN125,HILUX
DUAL PURPOSE (COMMERCIAL),NISSAN,DBF-VM20 NV200,JAPAN,PETROL,1597.0,KANDY,RECONDITIONED,2016.0,1,DBF-VM20,NV200
DUAL PURPOSE (COMMERCIAL),FORD,RANGER,THAILAND,DIESEL,2993.0,COLOMBO,RECONDITIONED,2024.0,1,,RANGER
DUAL PURPOSE (COMMERCIAL),FORD,RANGER WILD TRAK,THAILAND,DIESEL,1996.0,KEGALLE,BRAND NEW,2025.0,1,,RANGER WILD TRAK
DUAL PURPOSE (COMMERCIAL),MITSUBISHI,LC1TJLHGCR L-200,THAILAND,DIESEL,2442.0,COLOMBO,BRAND NEW,2025.0,1,,LC1TJLHGCR L-200
DUAL PURPOSE (COMMERCIAL),MITSUBISHI,LC1TJJHGCR,THAILAND,DIESEL,2442.0,COLOMBO,BRAND NEW,2025.0,1,,LC1TJJHGCR
DUAL PURPOSE (COMMERCIAL),FORD,RAPTOR,THAILAND,DIESEL,1996.0,AMPARA,RECONDITIONED,2025.0,1,,RAPTOR
DUAL PURPOSE (COMMERCIAL),TOYOTA,HILUX REVO GR SPORT,THAILAND,DIESEL,2755.0,COLOMBO,RECONDITIONED,2023.0,2,,HILUX REVO GR SPORT
DUAL PURPOSE (COMMERCIAL),FORD,RAPTOR,THAILAND,DIESEL,1996.0,GAMPAHA,RECONDITIONED,2025.0,1,,RAPTOR
DUAL PURPOSE (COMMERCIAL),TOYOTA,HILUX REVO,THAILAND,DIESEL,2755.0,KURUNEGALA,RECONDITIONED,2025.0,4,,HILUX REVO
DUAL PURPOSE (COMMERCIAL),TOYOTA,HILUX GUN125R-DTTLX,THAILAND,DIESEL,2393.0,COLOMBO,BRAND NEW,2025.0,9,,HILUX GUN125R-DTTLX
DUAL PURPOSE (COMMERCIAL),TOYOTA,GUN126R-DTTHX  HILUX,THAILAND,DIESEL,2755.0,KURUNEGALA,BRAND NEW,2025.0,5,,GUN126R-DTTHX  HILUX
DUAL PURPOSE (COMMERCIAL),TOYOTA,HILUX REVO ROCCO,THAILAND,DIESEL,2755.0,KURUNEGALA,RECONDITIONED,2025.0,5,,HILUX REVO ROCCO
DUAL PURPOSE (COMMERCIAL),GEELY,RIDDARA RD6,CHINA,ELECTRIC,100.0,GAMPAHA,BRAND NEW,2025.0,1,,RIDDARA RD6
DUAL PURPOSE (COMMERCIAL),MITSUBISHI,LC1TJLHGCR L200,THAILAND,DIESEL,2442.0,MATARA,BRAND NEW,2025.0,1,,LC1TJLHGCR L200
DUAL PURPOSE (COMMERCIAL),JEEP,GLADIATOR RUBICON,U.S.A,PETROL,3604.0,COLOMBO,BRAND NEW,2025.0,4,,GLADIATOR RUBICON
DUAL PURPOSE (COMMERCIAL),TOYOTA,GUN126R-DTTHX  HILUX,THAILAND,DIESEL,2755.0,MANNAR,BRAND NEW,2025.0,1,,GUN126R-DTTHX  HILUX
DUAL PURPOSE (COMMERCIAL),TOYOTA,HILUX REVO ROCCO,THAILAND,DIESEL,2755.0,JAFFNA,RECONDITIONED,2025.0,2,,HILUX REVO ROCCO
DUAL PURPOSE (COMMERCIAL),FORD,RANGER RAPTOR,THAILAND,DIESEL,1996.0,BADULLA,RECONDITIONED,2025.0,1,,RANGER RAPTOR
DUAL PURPOSE (COMMERCIAL),MITSUBISHI,LCITJJHGCR L200,THAILAND,DIESEL,2442.0,COLOMBO,BRAND NEW,2025.0,1,,LCITJJHGCR L200
DUAL PURPOSE (COMMERCIAL),BYD,SHARK 6,CHINA,PETROL/ELE,1498.0,KURUNEGALA,BRAND NEW,2025.0,3,,SHARK 6
DUAL PURPOSE (COMMERCIAL),TOYOTA,HILUX REVO,THAILAND,DIESEL,2755.0,PUTTALAM,RECONDITIONED,2025.0,2,,HILUX REVO
DUAL PURPOSE (COMMERCIAL),TOYOTA,3DF-GUN125 GR SPORT,THAILAND,DIESEL,2393.0,MATARA,RECONDITIONED,2023.0,2,3DF-GUN125,GR SPORT
DUAL PURPOSE (COMMERCIAL),TOYOTA,HILUX GR SPORT 2.8L,THAILAND,DIESEL,2755.0,COLOMBO,RECONDITIONED,2025.0,1,,HILUX GR SPORT 2.8L
DUAL PURPOSE (COMMERCIAL),FORD,RANGER RAPTOR,THAILAND,DIESEL,1996.0,GAMPAHA,BRAND NEW,2025.0,1,,RANGER RAPTOR
DUAL PURPOSE (COMMERCIAL),JAC,HFC1037D3,SRI LANKA,DIESEL,1999.0,PUTTALAM,BRAND NEW-L/ASSEMBLE,2025.0,1,,HFC1037D3
DUAL PURPOSE (COMMERCIAL),TOYOTA,HILUX  REVO,THAILAND,DIESEL,2755.0,GAMPAHA,RECONDITIONED,2025.0,1,,HILUX  REVO
DUAL PURPOSE (COMMERCIAL),TOYOTA,HILUX ROCCO,THAILAND,DIESEL,2755.0,RATNAPURA,RECONDITIONED,2025.0,1,,HILUX ROCCO
DUAL PURPOSE (COMMERCIAL),TOYOTA,HILUX REVO GR SPORT,THAILAND,DIESEL,2755.0,MONERAGALA,RECONDITIONED,2025.0,1,,HILUX REVO GR SPORT
DUAL PURPOSE (COMMERCIAL),FORD,RANGER RAPTOR,THAILAND,PETROL,2956.0,GAMPAHA,BRAND NEW,2025.0,1,,RANGER RAPTOR
DUAL PURPOSE (COMMERCIAL),TOYOTA,HILUX REVO ROCCO,THAILAND,DIESEL,2755.0,TRINCOMALEE,RECONDITIONED,2025.0,1,,HILUX REVO ROCCO
DUAL PURPOSE (COMMERCIAL),BYD,SHARK 6,CHINA,PETROL/ELE,1498.0,BADULLA,BRAND NEW,2025.0,1,,SHARK 6
DUAL PURPOSE (COMMERCIAL),TOYOTA,3DF-GUN125   HILUX,THAILAND,DIESEL,2393.0,KURUNEGALA,RECONDITIONED,2022.0,1,3DF-GUN125,HILUX
DUAL PURPOSE (COMMERCIAL),TOYOTA,3DF-GUN125 HILUX GR,JAPAN,DIESEL,2393.0,COLOMBO,RECONDITIONED,2024.0,1,3DF-GUN125,HILUX GR
DUAL PURPOSE (COMMERCIAL),MITSUBISHI,LC1TJLHGCR,THAILAND,DIESEL,2442.0,COLOMBO,BRAND NEW,2025.0,1,,LC1TJLHGCR
DUAL PURPOSE (COMMERCIAL),J M C,VIGUS PRO,SRI LANKA,DIESEL,1998.0,COLOMBO,BRAND NEW,2025.0,1,,VIGUS PRO
DUAL PURPOSE (COMMERCIAL),TOYOTA,HILUX REVO GR SPORT,THAILAND,DIESEL,2755.0,MANNAR,RECONDITIONED,2025.0,1,,HILUX REVO GR SPORT
DUAL PURPOSE (COMMERCIAL),FORD,RANGER RAPTOR,THAILAND,DIESEL,1996.0,COLOMBO,BRAND NEW,2025.0,2,,RANGER RAPTOR
DUAL PURPOSE (COMMERCIAL),TOYOTA,3DF-GUN125 HILUX,THAILAND,DIESEL,2393.0,GAMPAHA,RECONDITIONED,2024.0,2,3DF-GUN125,HILUX
DUAL PURPOSE (COMMERCIAL),TOYOTA,GUN126R-DTTHX  HILUX,THAILAND,DIESEL,2393.0,COLOMBO,BRAND NEW,2025.0,1,,GUN126R-DTTHX  HILUX
DUAL PURPOSE (COMMERCIAL),TOYOTA,3DF-GUN125 HILUX,THAILAND,DIESEL,2396.0,GAMPAHA,RECONDITIONED,2023.0,1,3DF-GUN125,HILUX
DUAL PURPOSE (COMMERCIAL),TOYOTA,HILUX  REVO ROCCO,THAILAND,DIESEL,2755.0,KEGALLE,RECONDITIONED,2025.0,1,,HILUX  REVO ROCCO
DUAL PURPOSE (COMMERCIAL),JAC,HFC1037D3,CHINA,DIESEL,1999.0,GAMPAHA,BRAND NEW,2025.0,1,,HFC1037D3
DUAL PURPOSE (COMMERCIAL),TOYOTA,HILUX REVO ROCCO,THAILAND,DIESEL,2755.0,COLOMBO,RECONDITIONED,2025.0,11,,HILUX REVO ROCCO
DUAL PURPOSE (COMMERCIAL),TOYOTA,3DF-GUN125,JAPAN,DIESEL,2393.0,KANDY,RECONDITIONED,2024.0,1,3DF-GUN125,ROCCO
DUAL PURPOSE (COMMERCIAL),FORD,RANGER -XLT,THAILAND,DIESEL,1996.0,COLOMBO,BRAND NEW,2025.0,2,,RANGER -XLT
DUAL PURPOSE (COMMERCIAL),JAC,HFC 1037D3,SRI LANKA,DIESEL,1999.0,COLOMBO,BRAND NEW-L/ASSEMBLE,2025.0,1,,HFC 1037D3
DUAL PURPOSE (COMMERCIAL),TOYOTA,HILUX REVO ROCCO,THAILAND,DIESEL,2755.0,HAMBANTOTA,RECONDITIONED,2025.0,3,,HILUX REVO ROCCO
DUAL PURPOSE (COMMERCIAL),FORD,RANGER RAPTOR,THAILAND,PETROL,2956.0,MATALE,RECONDITIONED,2025.0,1,,RANGER RAPTOR
DUAL PURPOSE (COMMERCIAL),MITSUBISHI,LC1TJLHGCR-L200,THAILAND,DIESEL,2442.0,COLOMBO,BRAND NEW,2025.0,2,,LC1TJLHGCR-L200
DUAL PURPOSE (COMMERCIAL),FORD,RANGER RAPTOR,THAILAND,DIESEL,1996.0,PUTTALAM,RECONDITIONED,2025.0,3,,RANGER RAPTOR
DUAL PURPOSE (COMMERCIAL),TMT,3DF-GUN125,THAILAND,DIESEL,2393.0,COLOMBO,RECONDITIONED,2023.0,1,3DF-GUN125,ROCCO
DUAL PURPOSE (COMMERCIAL),FORD,RANGER RAPTOR,THAILAND,DIESEL,1996.0,KANDY,RECONDITIONED,2025.0,2,,RANGER RAPTOR
DUAL PURPOSE (COMMERCIAL),TOYOTA,LITEACE S403RM-BQRFJ,INDONESIA,PETROL,1496.0,GAMPAHA,BRAND NEW,2025.0,3,,LITEACE S403RM-BQRFJ
DUAL PURPOSE (COMMERCIAL),FORD,RANGER RAPTOR,THAILAND,DIESEL,1996.0,KALUTARA,RECONDITIONED,2025.0,1,,RANGER RAPTOR
DUAL PURPOSE (COMMERCIAL),TOYOTA,HILUX ROCCO,THAILAND,DIESEL,2755.0,GAMPAHA,RECONDITIONED,2025.0,1,,HILUX ROCCO
DUAL PURPOSE (COMMERCIAL),TOYOTA,HILUX REVO ROCCO,THAILAND,DIESEL,2393.0,HAMBANTOTA,RECONDITIONED,2025.0,1,,HILUX REVO ROCCO
DUAL PURPOSE (COMMERCIAL),JAC,HFC1037D3,CHINA,DIESEL,1999.0,TRINCOMALEE,BRAND NEW,2025.0,1,,HFC1037D3
DUAL PURPOSE (COMMERCIAL),TOYOTA,3DF-GUN125 GR SPORT,JAPAN,DIESEL,2393.0,KURUNEGALA,RECONDITIONED,2023.0,1,3DF-GUN125,GR SPORT
DUAL PURPOSE (COMMERCIAL),TOYOTA,HILUX REVO GR SPORT,THAILAND,DIESEL,2755.0,RATNAPURA,RECONDITIONED,2025.0,4,,HILUX REVO GR SPORT
DUAL PURPOSE (COMMERCIAL),TOYOTA,GUN126R-DTTHX  HILUX,THAILAND,DIESEL,2755.0,COLOMBO,BRAND NEW,2025.0,26,,GUN126R-DTTHX  HILUX
DUAL PURPOSE (COMMERCIAL),TOYOTA,HILUX REVO,THAILAND,DIESEL,2755.0,COLOMBO,RECONDITIONED,2025.0,4,,HILUX REVO
DUAL PURPOSE (COMMERCIAL),TOYOTA,GUN126R-DTTHX  HILUX,THAILAND,DIESEL,2755.0,GAMPAHA,BRAND NEW,2025.0,11,,GUN126R-DTTHX  HILUX
DUAL PURPOSE (COMMERCIAL),MITSUBISHI,LCITJLHGCR-L200,THAILAND,DIESEL,2442.0,GAMPAHA,BRAND NEW,2025.0,1,,LCITJLHGCR-L200
DUAL PURPOSE (COMMERCIAL),MITSUBISHI,LC1TJLHGCR L200,THAILAND,DIESEL,2442.0,KANDY,BRAND NEW,2025.0,2,,LC1TJLHGCR L200
DUAL PURPOSE (COMMERCIAL),FORD,RANGER RAPTOR,THAILAND,PETROL,2956.0,KALUTARA,BRAND NEW,2025.0,1,,RANGER RAPTOR
DUAL PURPOSE (COMMERCIAL),TOYOTA,3DF-GUN125 HILUX,THAILAND,DIESEL,2393.0,KALUTARA,RECONDITIONED,2023.0,1,3DF-GUN125,HILUX
DUAL PURPOSE (COMMERCIAL),BYD,SHARK 6,CHINA,PETROL/ELE,1498.0,MONERAGALA,BRAND NEW,2025.0,1,,SHARK 6
DUAL PURPOSE (COMMERCIAL),TOYOTA,3DF-GUN125 HILUX,THAILAND,DIESEL,2393.0,GAMPAHA,RECONDITIONED,2023.0,1,3DF-GUN125,HILUX
DUAL PURPOSE (COMMERCIAL),TOYOTA,GUN126R-DTTHX  HILUX,THAILAND,DIESEL,2755.0,JAFFNA,BRAND NEW,2025.0,1,,GUN126R-DTTHX  HILUX
DUAL PURPOSE (COMMERCIAL),TOYOTA,3DF-GUN125 HILUX,JAPAN,DIESEL,2393.0,KURUNEGALA,RECONDITIONED,2023.0,1,3DF-GUN125,HILUX
DUAL PURPOSE (COMMERCIAL),MITSUBISHI,LCITJLHGCR-L200,THAILAND,DIESEL,2442.0,KALUTARA,BRAND NEW,2025.0,1,,LCITJLHGCR-L200
DUAL PURPOSE (COMMERCIAL),TOYOTA,3DF-GUN125 HILUX,THAILAND,DIESEL,2393.0,MATARA,RECONDITIONED,2023.0,2,3DF-GUN125,HILUX
DUAL PURPOSE (COMMERCIAL),MITSUBISHI,LC1TJLHGCR L 200,THAILAND,DIESEL,2442.0,COLOMBO,BRAND NEW,2025.0,1,,LC1TJLHGCR L 200
DUAL PURPOSE (COMMERCIAL),TOYOTA,HILUX REVO,THAILAND,DIESEL,2755.0,KALUTARA,RECONDITIONED,2025.0,1,,HILUX REVO
DUAL PURPOSE (COMMERCIAL),TOYOTA,HILUX ROCCO,THAILAND,DIESEL,2755.0,MONERAGALA,RECONDITIONED,2025.0,1,,HILUX ROCCO
DUAL PURPOSE (COMMERCIAL),BYD,SHARK 6,CHINA,PETROL/ELE,1498.0,GAMPAHA,BRAND NEW,2025.0,5,,SHARK 6
DUAL PURPOSE (COMMERCIAL),ISUZU,TFS4SJDRPADE-JRA006,THAILAND,DIESEL,2999.0,PUTTALAM,BRAND NEW,2025.0,1,,TFS4SJDRPADE-JRA006
DUAL PURPOSE (COMMERCIAL),FORD,RANGER RAPTOR,THAILAND,PETROL,2956.0,PUTTALAM,BRAND NEW,2025.0,1,,RANGER RAPTOR
DUAL PURPOSE (COMMERCIAL),TOYOTA,HILUX REVO GR SPORT,THAILAND,DIESEL,2755.0,JAFFNA,RECONDITIONED,2025.0,2,,HILUX REVO GR SPORT
DUAL PURPOSE (COMMERCIAL),MITSUBISHI,LC1TJLHGCR-L200,THAILAND,DIESEL,2442.0,GALLE,BRAND NEW,2025.0,1,,LC1TJLHGCR-L200
DUAL PURPOSE (COMMERCIAL),TOYOTA,3DF-GUN125,THAILAND,DIESEL,2400.0,HAMBANTOTA,RECONDITIONED,2023.0,1,3DF-GUN125,ROCCO
DUAL PURPOSE (COMMERCIAL),MITSUBISHI,LC1TJJHGCR L 200,THAILAND,DIESEL,2442.0,COLOMBO,BRAND NEW,2025.0,1,,LC1TJJHGCR L 200
DUAL PURPOSE (COMMERCIAL),MITSUBISHI,LC1TJHGCR  L200,THAILAND,DIESEL,2442.0,COLOMBO,BRAND NEW,2025.0,1,,LC1TJHGCR  L200
DUAL PURPOSE (COMMERCIAL),TOYOTA,REVO ROCCO,THAILAND,DIESEL,2755.0,COLOMBO,RECONDITIONED,2025.0,1,,REVO ROCCO
DUAL PURPOSE (COMMERCIAL),TOYOTA,HILUX REVO,THAILAND,DIESEL,2755.0,MATALE,RECONDITIONED,2025.0,1,,HILUX REVO
DUAL PURPOSE (COMMERCIAL),JAC,HFC1037D3,SRI LANKA,DIESEL,1999.0,GALLE,BRAND NEW-L/ASSEMBLE,2025.0,1,,HFC1037D3
DUAL PURPOSE (COMMERCIAL),TOYOTA,HILUX REVO ROCCO,THAILAND,DIESEL,2393.0,COLOMBO,RECONDITIONED,2025.0,1,,HILUX REVO ROCCO
DUAL PURPOSE (COMMERCIAL),TOYOTA,HILUX REVO GR,THAILAND,DIESEL,2755.0,KALUTARA,RECONDITIONED,2024.0,1,,HILUX REVO GR
DUAL PURPOSE (COMMERCIAL),TOYOTA,DBF-S402M,JAPAN,PETROL,1495.0,KANDY,RECONDITIONED,2016.0,1,DBF-S402M,Unknown
DUAL PURPOSE (COMMERCIAL),TOYOTA,3DF-GUN125 HILUX,THAILAND,DIESEL,2393.0,KURUNEGALA,RECONDITIONED,2024.0,1,3DF-GUN125,HILUX
DUAL PURPOSE (COMMERCIAL),TOYOTA,HILUX REVO ROCCO,THAILAND,DIESEL,2755.0,PUTTALAM,RECONDITIONED,2025.0,6,,HILUX REVO ROCCO
DUAL PURPOSE (COMMERCIAL),TOYOTA,GUN126R-DTTHX  HILUX,THAILAND,DIESEL,2755.0,KANDY,BRAND NEW,2025.0,3,,GUN126R-DTTHX  HILUX
DUAL PURPOSE (COMMERCIAL),FORD,RANGER RAPTOR,THAILAND,PETROL,2956.0,KANDY,BRAND NEW,2025.0,1,,RANGER RAPTOR
DUAL PURPOSE (COMMERCIAL),JAC,HFC1037D3,SRI LANKA,DIESEL,1999.0,GAMPAHA,BRAND NEW-L/ASSEMBLE,2025.0,5,,HFC1037D3
DUAL PURPOSE (COMMERCIAL),GEELY,RIDDARA RD6,CHINA,ELECTRIC,100.0,ANURADHAPURA,BRAND NEW,2025.0,1,,RIDDARA RD6
DUAL PURPOSE (COMMERCIAL),BYD,SHARK 6,CHINA,PETROL/ELE,1498.0,COLOMBO,BRAND NEW,2025.0,15,,SHARK 6
DUAL PURPOSE (COMMERCIAL),FORD,RANGER RAPTOR,THAILAND,PETROL,2956.0,KURUNEGALA,RECONDITIONED,2025.0,1,,RANGER RAPTOR
DUAL PURPOSE (COMMERCIAL),TOYOTA,GUN126R-DTTHX  HILUX,THAILAND,DIESEL,2755.0,RATNAPURA,BRAND NEW,2025.0,3,,GUN126R-DTTHX  HILUX
DUAL PURPOSE (COMMERCIAL),TOYOTA,3DF-GUN125 HILUX,JAPAN,DIESEL,2393.0,COLOMBO,RECONDITIONED,2024.0,1,3DF-GUN125,HILUX
DUAL PURPOSE (COMMERCIAL),MITSUBISHI,LC1TJJHGCR L200,THAILAND,DIESEL,2442.0,COLOMBO,BRAND NEW,2025.0,3,,LC1TJJHGCR L200
DUAL PURPOSE (COMMERCIAL),FORD,FORD RANGER STORMTRA,THAILAND,DIESEL,1996.0,MATARA,RECONDITIONED,2025.0,1,,FORD RANGER STORMTRA
DUAL PURPOSE (COMMERCIAL),TOYOTA,HILUX REVO,THAILAND,DIESEL,2755.0,HAMBANTOTA,RECONDITIONED,2025.0,1,,HILUX REVO
DUAL PURPOSE (COMMERCIAL),TOYOTA,REVO D-CAB ROCCO,THAILAND,DIESEL,2755.0,PUTTALAM,RECONDITIONED,2025.0,1,,REVO D-CAB ROCCO
DUAL PURPOSE (COMMERCIAL),FORD,RANGER RAPTOR,THAILAND,DIESEL,1996.0,GALLE,BRAND NEW,2025.0,1,,RANGER RAPTOR
DUAL PURPOSE (COMMERCIAL),MITSUBISHI,LC1TJLHGCR-L200,THAILAND,DIESEL,2442.0,GAMPAHA,BRAND NEW,2025.0,1,,LC1TJLHGCR-L200
DUAL PURPOSE (COMMERCIAL),TOYOTA,GUN126R-DTTHX  HILUX,THAILAND,DIESEL,2755.0,MATALE,BRAND NEW,2025.0,1,,GUN126R-DTTHX  HILUX
DUAL PURPOSE (COMMERCIAL),TOYOTA,3DF-GUN125 HILUX,JAPAN,DIESEL,2755.0,RATNAPURA,RECONDITIONED,2023.0,1,3DF-GUN125,HILUX
DUAL PURPOSE (COMMERCIAL),TOYOTA,HILUX REVO ROCCO,THAILAND,DIESEL,2755.0,POLONNARUWA,RECONDITIONED,2025.0,2,,HILUX REVO ROCCO
DUAL PURPOSE (COMMERCIAL),KYC,V7,CHINA,ELECTRIC,60.0,COLOMBO,BRAND NEW,2024.0,1,,V7
DUAL PURPOSE (COMMERCIAL),TOYOTA,HILUX REVO,THAILAND,DIESEL,2755.0,NUWARA-ELIYA,RECONDITIONED,2025.0,1,,HILUX REVO
DUAL PURPOSE (COMMERCIAL),MITSUBISHI,LC1TJLHGCR L200,THAILAND,DIESEL,2442.0,NUWARA-ELIYA,BRAND NEW,2025.0,1,,LC1TJLHGCR L200
DUAL PURPOSE (COMMERCIAL),TOYOTA,LITEACE S403RM-BQRFJ,INDONESIA,PETROL,1496.0,COLOMBO,BRAND NEW,2025.0,5,,LITEACE S403RM-BQRFJ
DUAL PURPOSE (COMMERCIAL),TOYOTA,GUN126R-DTTHX  HILUX,THAILAND,DIESEL,2755.0,MATARA,BRAND NEW,2025.0,2,,GUN126R-DTTHX  HILUX
DUAL PURPOSE (COMMERCIAL),JAC,HFC1037D3,SRI LANKA,DIESEL,1999.0,KURUNEGALA,BRAND NEW-L/ASSEMBLE,2025.0,1,,HFC1037D3
DUAL PURPOSE (COMMERCIAL),FORD,RANGER RAPTOR,THAILAND,PETROL,2956.0,KEGALLE,RECONDITIONED,2025.0,1,,RANGER RAPTOR
DUAL PURPOSE (COMMERCIAL),TOYOTA,3DF-GUN125 HILUX,JAPAN,DIESEL,2393.0,KURUNEGALA,RECONDITIONED,2024.0,1,3DF-GUN125,HILUX
DUAL PURPOSE (COMMERCIAL),TOYOTA,HIACE GDH300R GBFDY,JAPAN,DIESEL,2755.0,COLOMBO,BRAND NEW,2025.0,1,,HIACE GDH300R GBFDY
DUAL PURPOSE (COMMERCIAL),TOYOTA,3DF-GUN125 HILUX GR,THAILAND,DIESEL,2393.0,COLOMBO,RECONDITIONED,2024.0,1,3DF-GUN125,HILUX GR
DUAL PURPOSE (COMMERCIAL),FORD,RANGER RAPTOR,THAILAND,PETROL,2956.0,KALUTARA,RECONDITIONED,2025.0,1,,RANGER RAPTOR
DUAL PURPOSE (COMMERCIAL),FORD,RANGER STORMTRAK,THAILAND,DIESEL,1996.0,MONERAGALA,RECONDITIONED,2025.0,1,,RANGER STORMTRAK
DUAL PURPOSE (COMMERCIAL),TOYOTA,HILUX REVO ROCCO,THAILAND,DIESEL,2755.0,KEGALLE,RECONDITIONED,2025.0,1,,HILUX REVO ROCCO
DUAL PURPOSE (COMMERCIAL),MAHINDRA,SCORPIO,INDIA,DIESEL,2179.0,COLOMBO,BRAND NEW,2025.0,1,,SCORPIO
DUAL PURPOSE (COMMERCIAL),MITSUBISHI,LCITJLHGCR L200,THAILAND,DIESEL,2442.0,COLOMBO,BRAND NEW,2025.0,1,,LCITJLHGCR L200
DUAL PURPOSE (COMMERCIAL),J M C,VIGUS PRO,SRI LANKA,DIESEL,1998.0,COLOMBO,BRAND NEW-L/ASSEMBLE,2025.0,2,,VIGUS PRO
DUAL PURPOSE (COMMERCIAL),TOYOTA,HILUX REVO GR,THAILAND,DIESEL,2755.0,PUTTALAM,RECONDITIONED,2025.0,1,,HILUX REVO GR
DUAL PURPOSE (COMMERCIAL),MITSUBISHI,3DF-LC2T TRITON,THAILAND,DIESEL,2430.0,GAMPAHA,RECONDITIONED,2024.0,1,3DF-LC2T,TRITON
DUAL PURPOSE (COMMERCIAL),TOYOTA,3DF-GUN125  ROCCO,THAILAND,DIESEL,2393.0,MATARA,RECONDITIONED,2024.0,1,3DF-GUN125,ROCCO
DUAL PURPOSE (COMMERCIAL),TOYOTA,HILUX ROCCO REVO,THAILAND,DIESEL,2755.0,PUTTALAM,RECONDITIONED,2025.0,1,,HILUX ROCCO REVO
DUAL PURPOSE (COMMERCIAL),TOYOTA,HILUX REVO GR SPORT,THAILAND,DIESEL,2755.0,PUTTALAM,RECONDITIONED,2025.0,2,,HILUX REVO GR SPORT
DUAL PURPOSE (COMMERCIAL),TOYOTA,HILUX REVO ROCCO,THAILAND,DIESEL,2755.0,GAMPAHA,RECONDITIONED,2025.0,12,,HILUX REVO ROCCO
DUAL PURPOSE (COMMERCIAL),FORD,RANGER RAPTOR,THAILAND,PETROL,2956.0,COLOMBO,RECONDITIONED,2025.0,7,,RANGER RAPTOR
DUAL PURPOSE (COMMERCIAL),GEELY,RIDDARA RD6,CHINA,ELECTRIC,100.0,COLOMBO,BRAND NEW,2025.0,3,,RIDDARA RD6
DUAL PURPOSE (COMMERCIAL),TOYOTA,3DF-GUN125  HILUX,JAPAN,DIESEL,2393.0,GAMPAHA,RECONDITIONED,2023.0,1,3DF-GUN125,HILUX
DUAL PURPOSE (COMMERCIAL),JEEP,GLADIATOR RUBICON,U.S.A,PETROL,3604.0,PUTTALAM,BRAND NEW,2025.0,1,,GLADIATOR RUBICON
DUAL PURPOSE (COMMERCIAL),ISUZU,TFS4SJDRPADE-JRA006,THAILAND,DIESEL,2999.0,GAMPAHA,BRAND NEW,2025.0,1,,TFS4SJDRPADE-JRA006
DUAL PURPOSE (COMMERCIAL),TOYOTA,HILUX REVO,THAILAND,DIESEL,2755.0,GALLE,RECONDITIONED,2025.0,1,,HILUX REVO
DUAL PURPOSE (COMMERCIAL),TOYOTA,HILUX REVO GR SPORT,THAILAND,DIESEL,2755.0,KURUNEGALA,RECONDITIONED,2025.0,3,,HILUX REVO GR SPORT
DUAL PURPOSE (COMMERCIAL),MITSUBISHI,LCITJJHGCR-L200,THAILAND,DIESEL,2442.0,COLOMBO,BRAND NEW,2025.0,1,,LCITJJHGCR-L200
DUAL PURPOSE (COMMERCIAL),TMT,3DF-GUN125 GR SPORT,THAILAND,DIESEL,2396.0,KANDY,RECONDITIONED,2024.0,1,3DF-GUN125,GR SPORT
DUAL PURPOSE (COMMERCIAL),TOYOTA,HILUX REVO  ROCCO,THAILAND,DIESEL,2755.0,GAMPAHA,RECONDITIONED,2025.0,1,,HILUX REVO  ROCCO
DUAL PURPOSE (COMMERCIAL),JAC,HFC1037D3,SRI LANKA,DIESEL,1999.0,AMPARA,BRAND NEW-L/ASSEMBLE,2025.0,1,,HFC1037D3
DUAL PURPOSE (COMMERCIAL),TOYOTA,HILUX REVO ROCCO,THAILAND,DIESEL,2755.0,MATALE,RECONDITIONED,2025.0,1,,HILUX REVO ROCCO
DUAL PURPOSE (COMMERCIAL),TOYOTA,HILUX REVO GR SPORT,THAILAND,DIESEL,2755.0,COLOMBO,RECONDITIONED,2024.0,1,,HILUX REVO GR SPORT
DUAL PURPOSE (COMMERCIAL),JEEP,7BF-JT36 RUBICON,U.S.A,PETROL,3604.0,COLOMBO,RECONDITIONED,2022.0,1,7BF-JT36,RUBICON
DUAL PURPOSE (COMMERCIAL),MITSUBISHI,3DF-LC2T  TRITON,JAPAN,DIESEL,2430.0,ANURADHAPURA,RECONDITIONED,2025.0,1,3DF-LC2T,TRITON
DUAL PURPOSE (COMMERCIAL),TOYOTA,HILUX REVO GR SPORT,THAILAND,DIESEL,2800.0,KANDY,RECONDITIONED,2025.0,1,,HILUX REVO GR SPORT
DUAL PURPOSE (COMMERCIAL),TOYOTA,3DF-GUN125 GR SPORT,JAPAN,DIESEL,2396.0,GAMPAHA,RECONDITIONED,2023.0,1,3DF-GUN125,GR SPORT
DUAL PURPOSE (COMMERCIAL),TOYOTA,HILUX REVO,THAILAND,DIESEL,2755.0,GAMPAHA,RECONDITIONED,2025.0,4,,HILUX REVO
DUAL PURPOSE (COMMERCIAL),TOYOTA,HILUX REVO ROCCO,THAILAND,DIESEL,2755.0,ANURADHAPURA,RECONDITIONED,2025.0,2,,HILUX REVO ROCCO
DUAL PURPOSE (COMMERCIAL),GEELY,RIDDARA RD6,CHINA,ELECTRIC,100.0,KURUNEGALA,BRAND NEW,2025.0,1,,RIDDARA RD6
DUAL PURPOSE (COMMERCIAL),TOYOTA,3DF-GUN125 HILUX,THAILAND,DIESEL,2393.0,BADULLA,RECONDITIONED,2023.0,1,3DF-GUN125,HILUX
DUAL PURPOSE (COMMERCIAL),JAC,HFC1037D3,CHINA,DIESEL,1999.0,GALLE,BRAND NEW,2025.0,2,,HFC1037D3
DUAL PURPOSE (COMMERCIAL),MITSUBISHI,LCITJJHGCR- L 200,THAILAND,DIESEL,2442.0,COLOMBO,BRAND NEW,2025.0,1,,LCITJJHGCR- L 200
DUAL PURPOSE (COMMERCIAL),FORD,RANGER RAPTOR,THAILAND,DIESEL,1996.0,GALLE,RECONDITIONED,2025.0,3,,RANGER RAPTOR
DUAL PURPOSE (COMMERCIAL),MITSUBISHI,TRITON ATHLETE,THAILAND,DIESEL,2442.0,COLOMBO,RECONDITIONED,2025.0,1,,TRITON ATHLETE
DUAL PURPOSE (COMMERCIAL),VOLKSWAGEN,AMAROK,AUSTRALIA,DIESEL,2993.0,COLOMBO,RECONDITIONED,2024.0,1,,AMAROK
DUAL PURPOSE (COMMERCIAL),TOYOTA,3DF-GUN125 HILUX,THAILAND,DIESEL,2393.0,COLOMBO,RECONDITIONED,2023.0,3,3DF-GUN125,HILUX
DUAL PURPOSE (COMMERCIAL),TOYOTA,3DF-GUN125,THAILAND,DIESEL,2393.0,KANDY,RECONDITIONED,2023.0,1,3DF-GUN125,ROCCO
DUAL PURPOSE (COMMERCIAL),TOYOTA,GUN126R-DTTHX  HILUX,THAILAND,DIESEL,2755.0,NUWARA-ELIYA,BRAND NEW,2025.0,1,,GUN126R-DTTHX  HILUX
DUAL PURPOSE (COMMERCIAL),MITSUBISHI,3DF-LC2T TRITON,JAPAN,DIESEL,2430.0,GAMPAHA,RECONDITIONED,2024.0,1,3DF-LC2T,TRITON
DUAL PURPOSE (COMMERCIAL),FORD,RANGER RAPTOR,AUSTRALIA,PETROL,2956.0,GAMPAHA,RECONDITIONED,2025.0,1,,RANGER RAPTOR
DUAL PURPOSE (COMMERCIAL),MITSUBISHI,LC1TJLHGCR L200,THAILAND,DIESEL,2442.0,KURUNEGALA,BRAND NEW,2025.0,2,,LC1TJLHGCR L200
DUAL PURPOSE (COMMERCIAL),TOYOTA,HILUX REVO ROCCO,THAILAND,DIESEL,2755.0,RATNAPURA,RECONDITIONED,2025.0,3,,HILUX REVO ROCCO
DUAL PURPOSE (COMMERCIAL),TOYOTA,HILUX REVO GR,THAILAND,DIESEL,2755.0,COLOMBO,RECONDITIONED,2025.0,1,,HILUX REVO GR
DUAL PURPOSE (COMMERCIAL),TOYOTA,GUN126R-DTTHX  HILUX,THAILAND,DIESEL,2755.0,PUTTALAM,BRAND NEW,2025.0,4,,GUN126R-DTTHX  HILUX
DUAL PURPOSE (COMMERCIAL),TOYOTA,HILUX REVO ROCCO,THAILAND,DIESEL,2755.0,KALUTARA,RECONDITIONED,2025.0,5,,HILUX REVO ROCCO
DUAL PURPOSE (COMMERCIAL),GEELY,RIDDARA RD6,CHINA,ELECTRIC,100.0,KEGALLE,BRAND NEW,2025.0,1,,RIDDARA RD6
DUAL PURPOSE (COMMERCIAL),TOYOTA,GUN126R-DTTHX  HILUX,THAILAND,DIESEL,2755.0,KEGALLE,BRAND NEW,2025.0,1,,GUN126R-DTTHX  HILUX
DUAL PURPOSE (COMMERCIAL),TOYOTA,3DF-GUN125   HILUX,THAILAND,DIESEL,2393.0,KURUNEGALA,RECONDITIONED,2024.0,1,3DF-GUN125,HILUX
DUAL PURPOSE (COMMERCIAL),JEEP,GLADIATOR RUBICON,U.S.A,PETROL,3604.0,KALUTARA,BRAND NEW,2025.0,1,,GLADIATOR RUBICON
DUAL PURPOSE (COMMERCIAL),TOYOTA,HILUX REVO ROCCO,THAILAND,DIESEL,2755.0,VAVUNIYA,RECONDITIONED,2025.0,1,,HILUX REVO ROCCO
DUAL PURPOSE (COMMERCIAL),BYD,SHARK 6,CHINA,PETROL/ELE,1498.0,RATNAPURA,BRAND NEW,2025.0,1,,SHARK 6
DUAL PURPOSE (COMMERCIAL),TOYOTA,GUN126R-DTTHX  HILUX,THAILAND,DIESEL,2755.0,VAVUNIYA,BRAND NEW-L/ASSEMBLE,2025.0,1,,GUN126R-DTTHX  HILUX
DUAL PURPOSE (COMMERCIAL),JAC,HFC1037D3,CHINA,DIESEL,1999.0,RATNAPURA,BRAND NEW,2025.0,1,,HFC1037D3
DUAL PURPOSE (COMMERCIAL),MITSUBISHI,TRITON,THAILAND,DIESEL,2442.0,GAMPAHA,RECONDITIONED,2025.0,1,,TRITON
DUAL PURPOSE (COMMERCIAL),JEEP,GLADIATOR RUBICON,U.S.A,PETROL,3604.0,GAMPAHA,BRAND NEW,2025.0,1,,GLADIATOR RUBICON
DUAL PURPOSE (COMMERCIAL),JEEP,7BF-JT36 GLADIATOR,U.S.A,PETROL,3604.0,COLOMBO,RECONDITIONED,2022.0,1,7BF-JT36,GLADIATOR
DUAL PURPOSE (COMMERCIAL),MITSUBISHI,3DF-LC2T,THAILAND,DIESEL,2430.0,COLOMBO,RECONDITIONED,2024.0,1,3DF-LC2T,TRITON
DUAL PURPOSE (COMMERCIAL),FORD,RANGER RAPTOR,THAILAND,DIESEL,1996.0,POLONNARUWA,RECONDITIONED,2025.0,1,,RANGER RAPTOR
DUAL PURPOSE (COMMERCIAL),TOYOTA,HILUX REVO GR SPORT,THAILAND,DIESEL,2755.0,COLOMBO,RECONDITIONED,2025.0,6,,HILUX REVO GR SPORT
DUAL PURPOSE (COMMERCIAL),TOYOTA,HILUX REVO GR SPORT,THAILAND,DIESEL,2755.0,GAMPAHA,RECONDITIONED,2025.0,7,,HILUX REVO GR SPORT
DUAL PURPOSE (COMMERCIAL),MITSUBISHI,LCITJLHGCR,THAILAND,DIESEL,2442.0,COLOMBO,BRAND NEW,2025.0,1,,LCITJLHGCR
DUAL PURPOSE (COMMERCIAL),TOYOTA,3DF-GUN125 HILUX,JAPAN,DIESEL,2393.0,GAMPAHA,RECONDITIONED,2023.0,1,3DF-GUN125,HILUX
DUAL PURPOSE (COMMERCIAL),TOYOTA,GUN126R-DTTHX  HILUX,THAILAND,DIESEL,2755.0,MULLATIVU,BRAND NEW,2025.0,2,,GUN126R-DTTHX  HILUX
DUAL PURPOSE (COMMERCIAL),MITSUBISHI,LC1TJLHGCR L200,THAILAND,DIESEL,2442.0,COLOMBO,BRAND NEW,2025.0,12,,LC1TJLHGCR L200
DUAL PURPOSE (COMMERCIAL),TOYOTA,GUN126R-DTTHX  HILUX,THAILAND,DIESEL,2755.0,GALLE,BRAND NEW,2025.0,3,,GUN126R-DTTHX  HILUX
DUAL PURPOSE (COMMERCIAL),FORD,RANGER RAPTOR,THAILAND,PETROL,2956.0,GAMPAHA,RECONDITIONED,2025.0,3,,RANGER RAPTOR
DUAL PURPOSE (COMMERCIAL),TOYOTA,3DF-GUN 125  HILUX,THAILAND,DIESEL,2393.0,COLOMBO,RECONDITIONED,2023.0,1,3DF-GUN,125  HILUX
DUAL PURPOSE (COMMERCIAL),TOYOTA,HILUX REVO ROCCO,THAILAND,DIESEL,2800.0,KANDY,RECONDITIONED,2025.0,1,,HILUX REVO ROCCO
DUAL PURPOSE (COMMERCIAL),MITSUBISHI,LC17JLHGCR-L200,THAILAND,DIESEL,2442.0,KURUNEGALA,BRAND NEW,2025.0,1,,LC17JLHGCR-L200
DUAL PURPOSE (COMMERCIAL),JAC,HFC1037D3,CHINA,DIESEL,1999.0,COLOMBO,BRAND NEW,2025.0,4,,HFC1037D3
DUAL PURPOSE (COMMERCIAL),JAC,HFC1037D3,SRI LANKA,DIESEL,1999.0,MONERAGALA,BRAND NEW-L/ASSEMBLE,2025.0,1,,HFC1037D3
DUAL PURPOSE (COMMERCIAL),TOYOTA,GDH300R-GBFDY HIACE,JAPAN,DIESEL,2755.0,COLOMBO,BRAND NEW,2025.0,2,,GDH300R-GBFDY HIACE
DUAL PURPOSE (COMMERCIAL),TOYOTA,HILUX REVO GR-SPORT,THAILAND,DIESEL,2755.0,COLOMBO,RECONDITIONED,2025.0,1,,HILUX REVO GR-SPORT
DUAL PURPOSE (COMMERCIAL),FORD,RANGER RAPTOR,THAILAND,DIESEL,1996.0,NUWARA-ELIYA,RECONDITIONED,2025.0,1,,RANGER RAPTOR
DUAL PURPOSE (COMMERCIAL),FORD,RANGER RAPTER,THAILAND,DIESEL,1996.0,GAMPAHA,RECONDITIONED,2025.0,1,,RANGER RAPTER
DUAL PURPOSE (COMMERCIAL),ISUZU,TFS4SJDRPADE-JRA006,THAILAND,DIESEL,2999.0,COLOMBO,BRAND NEW,2025.0,4,,TFS4SJDRPADE-JRA006
DUAL PURPOSE (COMMERCIAL),TOYOTA,HILUX REVO ROCCO,THAILAND,DIESEL,2755.0,KANDY,RECONDITIONED,2025.0,3,,HILUX REVO ROCCO
DUAL PURPOSE (COMMERCIAL),TOYOTA,3DF-GUN125 HILUX,JAPAN,DIESEL,2393.0,GAMPAHA,RECONDITIONED,2024.0,1,3DF-GUN125,HILUX
DUAL PURPOSE (COMMERCIAL),FORD,RANGER RAPTOR,THAILAND,DIESEL,1996.0,GAMPAHA,RECONDITIONED,2025.0,6,,RANGER RAPTOR
DUAL PURPOSE (COMMERCIAL),MITSUBISHI,LCITJLHGCR TRITON,THAILAND,DIESEL,2442.0,COLOMBO,BRAND NEW,2025.0,2,,LCITJLHGCR TRITON
DUAL PURPOSE (COMMERCIAL),TOYOTA,HILUX GUN125R DTFLX,THAILAND,DIESEL,2393.0,TRINCOMALEE,BRAND NEW,2025.0,1,,HILUX GUN125R DTFLX
DUAL PURPOSE (COMMERCIAL),TOYOTA,3DF-GUN125,THAILAND,DIESEL,2393.0,ANURADHAPURA,RECONDITIONED,2024.0,1,3DF-GUN125,ROCCO
DUAL PURPOSE (COMMERCIAL),TOYOTA,3DF-GUN125 HILUX,JAPAN,DIESEL,2393.0,KANDY,RECONDITIONED,2023.0,1,3DF-GUN125,HILUX
DUAL PURPOSE (COMMERCIAL),FORD,RANGER RAPTOR,THAILAND,DIESEL,1996.0,RATNAPURA,RECONDITIONED,2025.0,1,,RANGER RAPTOR
DUAL PURPOSE (COMMERCIAL),FORD,RANGER RAPTOR,THAILAND,DIESEL,1996.0,HAMBANTOTA,RECONDITIONED,2025.0,1,,RANGER RAPTOR
LAND VEHICLE,MAHINDRA,YUVO TECH PLUS 575DI,INDIA,DIESEL,2979.0,KILINOCHCHI,BRAND NEW,2025.0,2,,YUVO TECH PLUS 575DI
LAND VEHICLE,JOHN DEERE,5047D,INDIA,DIESEL,2940.0,AMPARA,BRAND NEW,2025.0,12,,5047D
LAND VEHICLE,MAHINDRA,YUVO TECH PLUS 575DI,INDIA,DIESEL,2979.0,ANURADHAPURA,BRAND NEW,2025.0,58,,YUVO TECH PLUS 575DI
LAND VEHICLE,JOHN DEERE,5047D,INDIA,DIESEL,2940.0,MANNAR,BRAND NEW,2025.0,1,,5047D
LAND VEHICLE,JOHN DEERE,5050D,INDIA,DIESEL,2940.0,BATTICALOA,BRAND NEW,2025.0,1,,5050D
LAND VEHICLE,JOHN DEERE,5050D,INDIA,DIESEL,2940.0,HAMBANTOTA,BRAND NEW,2025.0,1,,5050D
LAND VEHICLE,MAHINDRA,YUVO TECH PLUS 585DI,INDIA,DIESEL,2979.0,ANURADHAPURA,BRAND NEW,2025.0,14,,YUVO TECH PLUS 585DI
LAND VEHICLE,SOLIS,5020,INDIA,DIESEL,3067.0,MULLATIVU,BRAND NEW,2024.0,1,,5020
LAND VEHICLE,JOHN DEERE,5045D,INDIA,DIESEL,2940.0,AMPARA,BRAND NEW,2025.0,3,,5045D
LAND VEHICLE,JOHN DEERE,5050D,INDIA,DIESEL,2940.0,VAVUNIYA,BRAND NEW,2025.0,1,,5050D
LAND VEHICLE,TAFE,45DI,INDIA,DIESEL,2500.0,MULLATIVU,BRAND NEW,2025.0,13,,45DI
LAND VEHICLE,YANMAR,YM358R,THAILAND,DIESEL,3319.0,ANURADHAPURA,BRAND NEW,2025.0,6,,YM358R
LAND VEHICLE,JOHN DEERE,5045D,INDIA,DIESEL,2940.0,KURUNEGALA,BRAND NEW,2025.0,3,,5045D
LAND VEHICLE,TAFE,45DI,INDIA,DIESEL,2500.0,POLONNARUWA,BRAND NEW,2025.0,5,,45DI
LAND VEHICLE,TAFE,45DI,INDIA,DIESEL,2500.0,MATALE,BRAND NEW,2025.0,2,,45DI
LAND VEHICLE,JOHN DEERE,5047D,INDIA,DIESEL,2940.0,BADULLA,BRAND NEW,2025.0,1,,5047D
LAND VEHICLE,SWARAJ,855,INDIA,DIESEL,3478.2,BATTICALOA,BRAND NEW,2025.0,13,,855
LAND VEHICLE,TAFE,45DI,INDIA,DIESEL,2500.0,KURUNEGALA,BRAND NEW,2024.0,1,,45DI
LAND VEHICLE,JOHN DEERE,5050D,INDIA,DIESEL,2940.0,ANURADHAPURA,BRAND NEW,2025.0,3,,5050D
LAND VEHICLE,JOHN DEERE,5045D,INDIA,DIESEL,2940.0,ANURADHAPURA,BRAND NEW,2025.0,13,,5045D
LAND VEHICLE,TAFE,45DI,INDIA,DIESEL,2500.0,ANURADHAPURA,BRAND NEW,2025.0,17,,45DI
LAND VEHICLE,TAFE,45DI,INDIA,DIESEL,2500.0,AMPARA,BRAND NEW,2025.0,8,,45DI
LAND VEHICLE,MAHINDRA,YUVO TECH PLUS 575DI,INDIA,DIESEL,2979.0,JAFFNA,BRAND NEW,2025.0,37,,YUVO TECH PLUS 575DI
LAND VEHICLE,JOHN DEERE,5047D,INDIA,DIESEL,2940.0,VAVUNIYA,BRAND NEW,2025.0,5,,5047D
LAND VEHICLE,SOLIS,4520,INDIA,DIESEL,2893.0,KILINOCHCHI,BRAND NEW,2024.0,2,,4520
LAND VEHICLE,YANMAR,YM358R,THAILAND,DIESEL,3319.0,KURUNEGALA,BRAND NEW,2025.0,8,,YM358R
LAND VEHICLE,JOHN DEERE,5045D,INDIA,DIESEL,2940.0,MULLATIVU,BRAND NEW,2025.0,3,,5045D
LAND VEHICLE,JOHN DEERE,5047D,INDIA,DIESEL,2940.0,COLOMBO,BRAND NEW,2025.0,2,,5047D
LAND VEHICLE,TAFE,45DI,INDIA,DIESEL,2700.0,KURUNEGALA,BRAND NEW,2025.0,12,,45DI
LAND VEHICLE,TAFE,45DI,INDIA,DIESEL,2500.0,KURUNEGALA,BRAND NEW,2025.0,8,,45DI
LAND VEHICLE,JOHN DEERE,5045D,INDIA,DIESEL,2940.0,MANNAR,BRAND NEW,2025.0,3,,5045D
LAND VEHICLE,TAFE,45DI,INDIA,DIESEL,2500.0,PUTTALAM,BRAND NEW,2024.0,1,,45DI
LAND VEHICLE,TAFE,45DI,INDIA,DIESEL,2500.0,BATTICALOA,BRAND NEW,2025.0,19,,45DI
LAND VEHICLE,KUBOTA,L 4508,JAPAN,DIESEL,2197.0,TRINCOMALEE,BRAND NEW,2025.0,10,,L 4508
LAND VEHICLE,TAFE,45DI,INDIA,DIESEL,2500.0,KILINOCHCHI,BRAND NEW,2025.0,13,,45DI
LAND VEHICLE,TAFE,45DI,INDIA,DIESEL,2700.0,POLONNARUWA,BRAND NEW,2025.0,2,,45DI
LAND VEHICLE,KUBOTA,L 4508,JAPAN,DIESEL,2197.0,POLONNARUWA,BRAND NEW,2025.0,7,,L 4508
LAND VEHICLE,SWARAJ,855,INDIA,DIESEL,3478.2,POLONNARUWA,BRAND NEW,2025.0,2,,855
LAND VEHICLE,KARTAR,GLOBETRAC 4736 4WD,INDIA,DIESEL,3117.0,KURUNEGALA,BRAND NEW,2025.0,1,,GLOBETRAC 4736 4WD
LAND VEHICLE,SONALIKA,D150RX-2WD,INDIA,DIESEL,2893.0,TRINCOMALEE,BRAND NEW,2025.0,1,,D150RX-2WD
LAND VEHICLE,TAFE,45DI,INDIA,DIESEL,2700.0,MATALE,BRAND NEW,2025.0,1,,45DI
LAND VEHICLE,MASSEY FERGUSON,MF 240,UNITED KINGDOM,DIESEL,2490.0,ANURADHAPURA,RECONDITIONED,2003.0,1,,MF 240
LAND VEHICLE,E KUBOTA,EK3-471 4WD,INDIA,DIESEL,2761.0,KURUNEGALA,BRAND NEW,2025.0,1,EK3-471,4WD
LAND VEHICLE,E KUBOTA,EK3-471 4WD,INDIA,DIESEL,2761.0,MATALE,BRAND NEW,2025.0,1,EK3-471,4WD
LAND VEHICLE,YANMAR,YM358R,THAILAND,DIESEL,3319.0,PUTTALAM,BRAND NEW,2025.0,1,,YM358R
LAND VEHICLE,YANMAR,YM358R,THAILAND,DIESEL,3319.0,TRINCOMALEE,BRAND NEW,2025.0,2,,YM358R
LAND VEHICLE,E KUBOTA,EK3-471 4WD,INDIA,DIESEL,2761.0,TRINCOMALEE,BRAND NEW,2025.0,1,EK3-471,4WD
LAND VEHICLE,MAHINDRA,YUVO TECH PLUS 585DI,INDIA,DIESEL,2979.0,KURUNEGALA,BRAND NEW,2024.0,1,,YUVO TECH PLUS 585DI
LAND VEHICLE,MAHINDRA,YUVO TECH PLUS 585DI,INDIA,DIESEL,2979.0,KURUNEGALA,BRAND NEW,2025.0,7,,YUVO TECH PLUS 585DI
LAND VEHICLE,MAHINDRA,YUVO TECH PLUS 575DI,INDIA,DIESEL,2979.0,POLONNARUWA,BRAND NEW,2025.0,6,,YUVO TECH PLUS 575DI
LAND VEHICLE,TAFE,45DI,INDIA,DIESEL,2500.0,VAVUNIYA,BRAND NEW,2025.0,5,,45DI
LAND VEHICLE,MAHINDRA,YUVO TECH PLUS 575DI,INDIA,DIESEL,2979.0,TRINCOMALEE,BRAND NEW,2025.0,5,,YUVO TECH PLUS 575DI
LAND VEHICLE,KARTAR,GLOBETRAC 4736 4WD,INDIA,DIESEL,3117.0,MULLATIVU,BRAND NEW,2025.0,1,,GLOBETRAC 4736 4WD
LAND VEHICLE,SWARAJ,855,INDIA,DIESEL,3478.2,VAVUNIYA,BRAND NEW,2024.0,1,,855
LAND VEHICLE,JOHN DEERE,5047D,INDIA,DIESEL,2940.0,PUTTALAM,BRAND NEW,2025.0,1,,5047D
LAND VEHICLE,JOHN DEERE,5047D,INDIA,DIESEL,2940.0,KILINOCHCHI,BRAND NEW,2025.0,2,,5047D
LAND VEHICLE,ASIA TRAC,500,CHINA,DIESEL,3170.0,VAVUNIYA,BRAND NEW,2021.0,1,,500
LAND VEHICLE,MAHINDRA,YUVO TECH PLUS 585DI,INDIA,DIESEL,2979.0,VAVUNIYA,BRAND NEW,2025.0,1,,YUVO TECH PLUS 585DI
LAND VEHICLE,SWARAJ,855,INDIA,DIESEL,3478.2,ANURADHAPURA,BRAND NEW,2024.0,1,,855
LAND VEHICLE,TAFE,45DI,INDIA,DIESEL,2500.0,TRINCOMALEE,BRAND NEW,2025.0,18,,45DI
LAND VEHICLE,TAFE,45DI,INDIA,DIESEL,2700.0,MONERAGALA,BRAND NEW,2025.0,8,,45DI
LAND VEHICLE,TAFE,45DI,INDIA,DIESEL,2700.0,BATTICALOA,BRAND NEW,2025.0,3,,45DI
LAND VEHICLE,TAFE,45DI,INDIA,DIESEL,2700.0,AMPARA,BRAND NEW,2025.0,2,,45DI
LAND VEHICLE,NEW HOLLAND,4710,INDIA,DIESEL,2700.0,PUTTALAM,BRAND NEW,2024.0,1,,4710
LAND VEHICLE,NEW HOLLAND,3230 TX,INDIA,DIESEL,2700.0,AMPARA,BRAND NEW,2021.0,1,,3230 TX
LAND VEHICLE,AVENGER,A45XM,INDIA,DIESEL,2892.0,KURUNEGALA,BRAND NEW,2021.0,1,,A45XM
LAND VEHICLE,TAFE,7250.DI,INDIA,DIESEL,2500.0,COLOMBO,BRAND NEW,2024.0,1,,7250.DI
LAND VEHICLE,KUBOTA,L 4508,JAPAN,DIESEL,2197.0,MATALE,BRAND NEW,2025.0,1,,L 4508
LAND VEHICLE,TAFE,45DI,INDIA,DIESEL,2500.0,RATNAPURA,BRAND NEW,2024.0,1,,45DI
LAND VEHICLE,KUBOTA,L 4508,JAPAN,DIESEL,2197.0,VAVUNIYA,BRAND NEW,2025.0,5,,L 4508
LAND VEHICLE,MASSEY FERGUSON,MF1552,JAPAN,DIESEL,2955.0,COLOMBO,BRAND NEW,2019.0,1,,MF1552
LAND VEHICLE,TAFE,45DI,INDIA,DIESEL,2500.0,KURUNEGALA,BRAND NEW,2023.0,1,,45DI
LAND VEHICLE,MAHINDRA,YUVO TECH PLUS 585DI,INDIA,DIESEL,2979.0,AMPARA,BRAND NEW,2025.0,4,,YUVO TECH PLUS 585DI
LAND VEHICLE,SOLIS,5020,INDIA,DIESEL,3067.0,POLONNARUWA,BRAND NEW,2024.0,1,,5020
LAND VEHICLE,E KUBOTA,EK3-471 4WD,JAPAN,DIESEL,2761.0,VAVUNIYA,BRAND NEW,2025.0,1,EK3-471,4WD
LAND VEHICLE,E KUBOTA,EK3-471 4WD,INDIA,DIESEL,2761.0,AMPARA,BRAND NEW,2025.0,5,EK3-471,4WD
LAND VEHICLE,KUBOTA,L 4508,JAPAN,DIESEL,2197.0,AMPARA,BRAND NEW,2025.0,1,,L 4508
LAND VEHICLE,TAFE,45DI,INDIA,DIESEL,2700.0,TRINCOMALEE,BRAND NEW,2025.0,3,,45DI
LAND VEHICLE,TAFE,45DI,INDIA,DIESEL,2700.0,BADULLA,BRAND NEW,2025.0,2,,45DI
LAND VEHICLE,E KUBOTA,EK3-471 4WD,INDIA,DIESEL,2761.0,POLONNARUWA,BRAND NEW,2025.0,2,EK3-471,4WD
LAND VEHICLE,SWARAJ,855,INDIA,DIESEL,3478.2,AMPARA,BRAND NEW,2025.0,4,,855
LAND VEHICLE,KUBOTA,L 4508,JAPAN,DIESEL,2197.0,MONERAGALA,BRAND NEW,2025.0,3,,L 4508
LAND VEHICLE,KARTAR,GLOBETRAC 4736 4WD,INDIA,DIESEL,3117.0,RATNAPURA,BRAND NEW,2025.0,1,,GLOBETRAC 4736 4WD
LAND VEHICLE,KARTAR,GLOBETRAC 4736 4WD,INDIA,DIESEL,3117.0,MULLATIVU,BRAND NEW,2024.0,1,,GLOBETRAC 4736 4WD
LAND VEHICLE,SONALIKA,DI-50RX-4WD,INDIA,DIESEL,3067.0,ANURADHAPURA,BRAND NEW,2024.0,1,DI-50RX-4WD,Unknown
LAND VEHICLE,KUBOTA,L 4508,JAPAN,DIESEL,2197.0,RATNAPURA,BRAND NEW,2025.0,1,,L 4508
LAND VEHICLE,KUBOTA,L 4508,JAPAN,DIESEL,2197.0,COLOMBO,BRAND NEW,2025.0,1,,L 4508
LAND VEHICLE,JOHN DEERE,5045D,INDIA,DIESEL,2940.0,TRINCOMALEE,BRAND NEW,2025.0,1,,5045D
LAND VEHICLE,MAHINDRA,YUVO TECH PLUS 585DI,INDIA,DIESEL,2979.0,POLONNARUWA,BRAND NEW,2025.0,2,,YUVO TECH PLUS 585DI
LAND VEHICLE,EURO TRAC,240 2WD,UNITED KINGDOM,DIESEL,2500.0,JAFFNA,BRAND NEW,2021.0,1,,240 2WD
LAND VEHICLE,JOHN DEERE,5050D,INDIA,DIESEL,2940.0,MONERAGALA,BRAND NEW,2025.0,1,,5050D
LAND VEHICLE,SONALIKA,DI-50RX-4WD,INDIA,DIESEL,3067.0,POLONNARUWA,BRAND NEW,2024.0,1,DI-50RX-4WD,Unknown
LAND VEHICLE,TAFE,45DI,INDIA,DIESEL,2500.0,MONERAGALA,BRAND NEW,2025.0,3,,45DI
LAND VEHICLE,SWARAJ,855,INDIA,DIESEL,3478.2,BATTICALOA,BRAND NEW,2024.0,2,,855
LAND VEHICLE,KUBOTA,L 4508,JAPAN,DIESEL,2197.0,KURUNEGALA,BRAND NEW,2025.0,8,,L 4508
LAND VEHICLE,E KUBOTA,EK3-471 4WD,INDIA,DIESEL,2761.0,ANURADHAPURA,BRAND NEW,2025.0,2,EK3-471,4WD
LAND VEHICLE,KUBOTA,L 4508,JAPAN,DIESEL,2197.0,GALLE,BRAND NEW,2025.0,1,,L 4508
LAND VEHICLE,MASSEY FERGUSON,MF 135,UNITED KINGDOM,DIESEL,2500.0,KILINOCHCHI,RECONDITIONED,2015.0,1,,MF 135
LAND VEHICLE,MAHINDRA,YUVO TECH PLUS 585DI,INDIA,DIESEL,2979.0,MATALE,BRAND NEW,2025.0,2,,YUVO TECH PLUS 585DI
LAND VEHICLE,TAFE,45DI,INDIA,DIESEL,2700.0,GAMPAHA,BRAND NEW,2025.0,2,,45DI
LAND VEHICLE,FARMTRAC,FT6050,INDIA,DIESEL,3147.0,MONERAGALA,BRAND NEW,2016.0,1,,FT6050
LAND VEHICLE,MAHINDRA,YUVO TECH PLUS 585DI,INDIA,DIESEL,2979.0,BADULLA,BRAND NEW,2025.0,1,,YUVO TECH PLUS 585DI
LAND VEHICLE,SONALIKA,D150RX-2WD,INDIA,DIESEL,2893.0,POLONNARUWA,BRAND NEW,2024.0,1,,D150RX-2WD
LAND VEHICLE,MAHINDRA,YUVO TECH PLUS 575DI,INDIA,DIESEL,2979.0,VAVUNIYA,BRAND NEW,2025.0,26,,YUVO TECH PLUS 575DI
LAND VEHICLE,MAHINDRA,YUVO TECH PLUS 575DI,INDIA,DIESEL,2979.0,PUTTALAM,BRAND NEW,2025.0,2,,YUVO TECH PLUS 575DI
LAND VEHICLE,JOHN DEERE,5045D,INDIA,DIESEL,2940.0,POLONNARUWA,BRAND NEW,2025.0,3,,5045D
LAND VEHICLE,TAFE,45DI,INDIA,DIESEL,2500.0,COLOMBO,BRAND NEW,2025.0,4,,45DI
LAND VEHICLE,KUBOTA,L 4508,JAPAN,DIESEL,2197.0,MANNAR,BRAND NEW,2025.0,2,,L 4508
LAND VEHICLE,TAFE,45DI,INDIA,DIESEL,2700.0,COLOMBO,BRAND NEW,2025.0,2,,45DI
LAND VEHICLE,TAFE,45DI,INDIA,DIESEL,2500.0,MULLATIVU,BRAND NEW,2024.0,1,,45DI
LAND VEHICLE,SOLIS,5020,INDIA,DIESEL,3067.0,KURUNEGALA,BRAND NEW,2024.0,3,,5020
LAND VEHICLE,MASSEY FERGUSON,MF240,UNITED KINGDOM,DIESEL,2500.0,COLOMBO,RECONDITIONED,2016.0,1,,MF240
LAND VEHICLE,SOLIS,5020,INDIA,DIESEL,3067.0,ANURADHAPURA,BRAND NEW,2024.0,5,,5020
LAND VEHICLE,TAFE,7250.DI,INDIA,DIESEL,2500.0,KURUNEGALA,BRAND NEW,2025.0,1,,7250.DI
LAND VEHICLE,YANMAR,YM351A,THAILAND,DIESEL,2190.0,KURUNEGALA,BRAND NEW,2019.0,1,,YM351A
LAND VEHICLE,SWARAJ,855,INDIA,DIESEL,3478.2,VAVUNIYA,BRAND NEW,2025.0,3,,855
LAND VEHICLE,TAFE,45DI,INDIA,DIESEL,2500.0,NUWARA-ELIYA,BRAND NEW,2025.0,1,,45DI
LAND VEHICLE,MASSEY FERGUSON,MF135,UNITED KINGDOM,DIESEL,2500.0,JAFFNA,RECONDITIONED,2016.0,2,,MF135
LAND VEHICLE,YANMAR,YM358R,THAILAND,DIESEL,3319.0,GAMPAHA,BRAND NEW,2025.0,1,,YM358R
LAND VEHICLE,MAHINDRA,YUVO TECH PLUS 585DI,INDIA,DIESEL,2979.0,JAFFNA,BRAND NEW,2025.0,2,,YUVO TECH PLUS 585DI
LAND VEHICLE,KUBOTA,EK3-471 4WD,INDIA,DIESEL,2761.0,KURUNEGALA,BRAND NEW,2025.0,1,EK3-471,4WD
LAND VEHICLE,MAHINDRA,575 DI SP PLUS,INDIA,DIESEL,2979.0,BATTICALOA,BRAND NEW,2025.0,2,,575 DI SP PLUS
LAND VEHICLE,MAHINDRA,YUVO TECH PLUS 575DI,INDIA,DIESEL,2979.0,MONERAGALA,BRAND NEW,2025.0,6,,YUVO TECH PLUS 575DI
LAND VEHICLE,JOHN DEERE,5047D,INDIA,DIESEL,2940.0,KURUNEGALA,BRAND NEW,2025.0,4,,5047D
LAND VEHICLE,E KUBOTA,EK3-471 4WD,INDIA,DIESEL,2761.0,TRINCOMALEE,BRAND NEW,2024.0,1,EK3-471,4WD
LAND VEHICLE,NEW HOLLAND,4710,INDIA,DIESEL,2700.0,MULLATIVU,BRAND NEW,2024.0,2,,4710
LAND VEHICLE,SONALIKA,DI-50RX-4WD,INDIA,DIESEL,3067.0,MONERAGALA,BRAND NEW,2024.0,2,DI-50RX-4WD,Unknown
LAND VEHICLE,TAFE,45DI,INDIA,DIESEL,2500.0,JAFFNA,BRAND NEW,2025.0,1,,45DI
LAND VEHICLE,JOHN DEERE,5050D,INDIA,DIESEL,2940.0,AMPARA,BRAND NEW,2025.0,1,,5050D
LAND VEHICLE,SOLIS,5020,INDIA,DIESEL,3067.0,AMPARA,BRAND NEW,2024.0,1,,5020
LAND VEHICLE,KARTAR,GLOBETRAC 4736 2WD,INDIA,DIESEL,3117.0,BADULLA,BRAND NEW,2025.0,1,,GLOBETRAC 4736 2WD
LAND VEHICLE,E KUBOTA,EK3-471 4WD,INDIA,DIESEL,2761.0,RATNAPURA,BRAND NEW,2025.0,1,EK3-471,4WD
LAND VEHICLE,MAHINDRA,YUVO TECH PLUS 575DI,INDIA,DIESEL,2979.0,AMPARA,BRAND NEW,2025.0,19,,YUVO TECH PLUS 575DI
LAND VEHICLE,TAFE,45DI,INDIA,DIESEL,2700.0,ANURADHAPURA,BRAND NEW,2025.0,11,,45DI
LAND VEHICLE,TAFE,45DI,INDIA,DIESEL,2700.0,VAVUNIYA,BRAND NEW,2025.0,2,,45DI
LAND VEHICLE,MAHINDRA,YUVO TECH PLUS 575DI,INDIA,DIESEL,2979.0,BADULLA,BRAND NEW,2025.0,2,,YUVO TECH PLUS 575DI
LAND VEHICLE,TAFE,7250.DI,INDIA,DIESEL,2500.0,MONERAGALA,BRAND NEW,2025.0,2,,7250.DI
LAND VEHICLE,TAFE,7250.DI,INDIA,DIESEL,2500.0,BADULLA,BRAND NEW,2025.0,1,,7250.DI
LAND VEHICLE,KARTAR,GLOBETRAC 4736 4WD,INDIA,DIESEL,3117.0,BADULLA,BRAND NEW,2024.0,1,,GLOBETRAC 4736 4WD
LAND VEHICLE,MAHINDRA,YUVO TECH PLUS 585DI,INDIA,DIESEL,2979.0,PUTTALAM,BRAND NEW,2025.0,1,,YUVO TECH PLUS 585DI
LAND VEHICLE,JOHN DEERE,5050D,INDIA,DIESEL,2940.0,MATALE,BRAND NEW,2025.0,1,,5050D
LAND VEHICLE,SOLIS,4520,INDIA,DIESEL,2893.0,AMPARA,BRAND NEW,2024.0,1,,4520
LAND VEHICLE,SOLIS,5020,INDIA,DIESEL,3067.0,BATTICALOA,BRAND NEW,2024.0,1,,5020
LAND VEHICLE,MAHINDRA,YUVO TECH PLUS 575DI,INDIA,DIESEL,2979.0,KURUNEGALA,BRAND NEW,2025.0,3,,YUVO TECH PLUS 575DI
LAND VEHICLE,SWARAJ,855,INDIA,DIESEL,3478.2,ANURADHAPURA,BRAND NEW,2025.0,1,,855
LAND VEHICLE,JOHN DEERE,5047D,INDIA,DIESEL,2940.0,MULLATIVU,BRAND NEW,2025.0,12,,5047D
LAND VEHICLE,TAFE,45DI,INDIA,DIESEL,2500.0,MANNAR,BRAND NEW,2025.0,9,,45DI
LAND VEHICLE,E KUBOTA,EK3-471 4WD,INDIA,DIESEL,2761.0,ANURADHAPURA,BRAND NEW,2024.0,1,EK3-471,4WD
LAND VEHICLE,E KUBOTA,EK3-471 4WD,INDIA,DIESEL,2761.0,VAVUNIYA,BRAND NEW,2024.0,3,EK3-471,4WD
LAND VEHICLE,TAFE,45DI,INDIA,DIESEL,2700.0,PUTTALAM,BRAND NEW,2025.0,4,,45DI
LAND VEHICLE,TAFE,45DI,INDIA,DIESEL,2500.0,HAMBANTOTA,BRAND NEW,2025.0,2,,45DI
LAND VEHICLE,SONALIKA,D150RX-2WD,INDIA,DIESEL,2893.0,BADULLA,BRAND NEW,2025.0,1,,D150RX-2WD
LAND VEHICLE,AVENGER,50HT,INDIA,DIESEL,3364.0,MONERAGALA,BRAND NEW,2025.0,1,,50HT
LAND VEHICLE,E KUBOTA,EK3-471 4WD,INDIA,DIESEL,2761.0,KANDY,BRAND NEW,2025.0,1,EK3-471,4WD
LAND VEHICLE,TAFE,7250.DI,INDIA,DIESEL,2500.0,PUTTALAM,BRAND NEW,2025.0,2,,7250.DI
LAND VEHICLE,TAFE,45DI,INDIA,DIESEL,2700.0,ANURADHAPURA,BRAND NEW,2024.0,1,,45DI
LAND VEHICLE,KUBOTA,L 4508,JAPAN,DIESEL,2197.0,PUTTALAM,BRAND NEW,2025.0,5,,L 4508
LAND VEHICLE,TAFE,45DI,INDIA,DIESEL,2500.0,BATTICALOA,BRAND NEW,2024.0,2,,45DI
LAND VEHICLE,KUBOTA,L 4508,JAPAN,DIESEL,2197.0,ANURADHAPURA,BRAND NEW,2025.0,24,,L 4508
LAND VEHICLE,TAFE,45DI,INDIA,DIESEL,2500.0,GAMPAHA,BRAND NEW,2025.0,2,,45DI
LAND VEHICLE,JOHN DEERE,5045D,INDIA,DIESEL,2940.0,VAVUNIYA,BRAND NEW,2025.0,1,,5045D
LAND VEHICLE,KUBOTA,L 4508,JAPAN,DIESEL,2197.0,RATNAPURA,RECONDITIONED,2025.0,1,,L 4508
LAND VEHICLE,JOHN DEERE,5045D,INDIA,DIESEL,2940.0,AMPARA,BRAND NEW,2024.0,1,,5045D
LAND VEHICLE,SWARAJ,855,INDIA,DIESEL,3478.2,KURUNEGALA,BRAND NEW,2025.0,2,,855
LAND VEHICLE,JOHN DEERE,5047D,INDIA,DIESEL,2940.0,TRINCOMALEE,BRAND NEW,2025.0,1,,5047D
LAND VEHICLE,E KUBOTA,EK3-471 4WD,INDIA,DIESEL,2761.0,COLOMBO,BRAND NEW,2025.0,2,EK3-471,4WD
LAND VEHICLE,TAFE,45DI,INDIA,DIESEL,2500.0,TRINCOMALEE,BRAND NEW,2024.0,1,,45DI
LAND VEHICLE,TAFE,45DI,INDIA,DIESEL,2700.0,MULLATIVU,BRAND NEW,2025.0,1,,45DI
LAND VEHICLE,MAHINDRA,YUVO TECH PLUS 575DI,INDIA,DIESEL,2979.0,BATTICALOA,BRAND NEW,2025.0,5,,YUVO TECH PLUS 575DI
LAND VEHICLE,MAHINDRA,YUVO TECH PLUS 585DI,INDIA,DIESEL,2979.0,TRINCOMALEE,BRAND NEW,2025.0,5,,YUVO TECH PLUS 585DI
LAND VEHICLE,TAFE,45DI,INDIA,DIESEL,2500.0,ANURADHAPURA,BRAND NEW,2024.0,2,,45DI
LAND VEHICLE,TAFE,45DI,INDIA,DIESEL,2500.0,PUTTALAM,BRAND NEW,2025.0,3,,45DI
LAND VEHICLE,TAFE,7250.DI,INDIA,DIESEL,2500.0,BATTICALOA,BRAND NEW,2025.0,1,,7250.DI
LAND VEHICLE,KUBOTA,L 4508,JAPAN,DIESEL,2197.0,HAMBANTOTA,BRAND NEW,2025.0,5,,L 4508
LAND VEHICLE,MASSEY FERGUSON,MF135,UNITED KINGDOM,DIESEL,2500.0,PUTTALAM,RECONDITIONED,2017.0,1,,MF135
LAND VEHICLE,SOLIS,5020,INDIA,DIESEL,3067.0,VAVUNIYA,BRAND NEW,2025.0,1,,5020
LAND VEHICLE,TAFE,7250.DI,INDIA,DIESEL,2500.0,RATNAPURA,BRAND NEW,2025.0,1,,7250.DI
LAND VEHICLE,SOLIS,4520,INDIA,DIESEL,2893.0,BATTICALOA,BRAND NEW,2025.0,1,,4520
LAND VEHICLE,KUBOTA,L 4508,JAPAN,DIESEL,2197.0,GAMPAHA,BRAND NEW,2025.0,2,,L 4508
LAND VEHICLE,KUBOTA,L 4508,JAPAN,DIESEL,2197.0,KALUTARA,BRAND NEW,2025.0,1,,L 4508
LAND VEHICLE,TAFE,7250.DI,INDIA,DIESEL,2500.0,AMPARA,BRAND NEW,2025.0,1,,7250.DI
LAND VEHICLE,MAHINDRA,575 DI SP PLUS,INDIA,DIESEL,2979.0,AMPARA,BRAND NEW,2025.0,1,,575 DI SP PLUS
LAND VEHICLE (SMALL),VIKYNO,RV125-2,VIETNAM,DIESEL,624.0,KURUNEGALA,BRAND NEW,2024.0,1,RV125-2,Unknown
LAND VEHICLE (SMALL),LAND FORCE,RK125,THAILAND,DIESEL,624.0,TRINCOMALEE,BRAND NEW,2025.0,1,,RK125
LAND VEHICLE (SMALL),TAFE,45DI,CHINA,DIESEL,815.0,PUTTALAM,BRAND NEW,2024.0,1,,45DI
LAND VEHICLE (SMALL),VIKYNO,RV80,VIETNAM,DIESEL,443.0,ANURADHAPURA,BRAND NEW,2025.0,1,,RV80
LAND VEHICLE (SMALL),VIKYNO,RV125-2,VIETNAM,DIESEL,624.0,ANURADHAPURA,BRAND NEW,2025.0,8,RV125-2,Unknown
LAND VEHICLE (SMALL),VIKYNO,RV125-2,VIETNAM,DIESEL,624.0,POLONNARUWA,BRAND NEW,2023.0,1,RV125-2,Unknown
LAND VEHICLE (SMALL),VIKYNO,RV80,VIETNAM,DIESEL,443.0,HAMBANTOTA,BRAND NEW,2025.0,1,,RV80
LAND VEHICLE (SMALL),FARM MASTER,RV125-2,CHINA,DIESEL,624.0,GAMPAHA,BRAND NEW,2023.0,1,RV125-2,Unknown
LAND VEHICLE (SMALL),VIKYNO,RV125-2,VIETNAM,DIESEL,624.0,BADULLA,BRAND NEW,2024.0,1,RV125-2,Unknown
LAND VEHICLE (SMALL),VIKYNO,RV125-2,VIETNAM,DIESEL,624.0,BADULLA,BRAND NEW,2025.0,1,RV125-2,Unknown
LAND VEHICLE (SMALL),LAND FORCE,RK80,THAILAND,DIESEL,443.0,TRINCOMALEE,BRAND NEW,2018.0,3,,RK80
LAND VEHICLE (SMALL),KUBOTA,K7,JAPAN,DIESEL,395.0,KURUNEGALA,RECONDITIONED,2016.0,1,,K7
LAND VEHICLE (SMALL),KUBOTA,K8,JAPAN,DIESEL,395.0,KURUNEGALA,RECONDITIONED,2016.0,1,,K8
LAND VEHICLE (SMALL),SIFANG,GN12DI,CHINA,DIESEL,815.0,KURUNEGALA,BRAND NEW,2022.0,1,,GN12DI
LAND VEHICLE (SMALL),VIKYNO,RV125-2,VIETNAM,DIESEL,624.0,PUTTALAM,BRAND NEW,2023.0,1,RV125-2,Unknown
LAND VEHICLE (SMALL),LAND FORCE,LF240,THAILAND,DIESEL,1248.0,ANURADHAPURA,BRAND NEW,2024.0,1,,LF240
LAND VEHICLE (SMALL),FARM MASTER,RV125-2,CHINA,DIESEL,624.0,ANURADHAPURA,BRAND NEW,2024.0,1,RV125-2,Unknown
LAND VEHICLE (SMALL),LAND FORCE,GN121,THAILAND,DIESEL,624.0,ANURADHAPURA,BRAND NEW,2024.0,2,,GN121
LAND VEHICLE (SMALL),KUBOTA,SP 155,THAILAND,DIESEL,770.0,ANURADHAPURA,BRAND NEW,2024.0,2,,SP 155
LAND VEHICLE (SMALL),KUBOTA,K7,JAPAN,DIESEL,465.0,MONERAGALA,RECONDITIONED,2002.0,1,,K7
LAND VEHICLE (SMALL),VIKYNO,RV80,VIETNAM,DIESEL,443.0,MATALE,BRAND NEW,2025.0,1,,RV80
LAND VEHICLE (SMALL),FARM MASTER,RV125-2,CHINA,DIESEL,624.0,KURUNEGALA,BRAND NEW,2024.0,1,RV125-2,Unknown
LAND VEHICLE (SMALL),LAND FORCE,GN121,THAILAND,DIESEL,624.0,POLONNARUWA,BRAND NEW,2024.0,1,,GN121
LAND VEHICLE (SMALL),VIKYNO,RV125-2,VIETNAM,DIESEL,624.0,MONERAGALA,BRAND NEW,2025.0,1,RV125-2,Unknown
LAND VEHICLE (SMALL),NEW LION,RV125-2,CHINA,DIESEL,624.0,POLONNARUWA,BRAND NEW,2024.0,2,RV125-2,Unknown
LAND VEHICLE (SMALL),FARM MASTER,RV125-2,CHINA,DIESEL,624.0,ANURADHAPURA,BRAND NEW,2025.0,1,RV125-2,Unknown
LAND VEHICLE (SMALL),FARM MASTER,RV125-2,CHINA,DIESEL,624.0,KURUNEGALA,BRAND NEW,2023.0,2,RV125-2,Unknown
LAND VEHICLE (SMALL),KUBOTA,K8,JAPAN,DIESEL,465.0,HAMBANTOTA,RECONDITIONED,2015.0,1,,K8
LAND VEHICLE (SMALL),KUBOTA,K8,JAPAN,DIESEL,395.0,ANURADHAPURA,RECONDITIONED,2016.0,1,,K8
LAND VEHICLE (SMALL),VIKYNO,RV125-2,VIETNAM,DIESEL,624.0,COLOMBO,BRAND NEW,2021.0,1,RV125-2,Unknown
LAND VEHICLE (SMALL),VIKYNO,RV125-2,VIETNAM,DIESEL,624.0,GAMPAHA,BRAND NEW,2025.0,1,RV125-2,Unknown
LAND VEHICLE (SMALL),FARM MASTER,RV125-2,CHINA,DIESEL,624.0,POLONNARUWA,BRAND NEW,2024.0,2,RV125-2,Unknown
LAND VEHICLE (SMALL),VIKYNO,RV125-2,VIETNAM,DIESEL,624.0,MATARA,BRAND NEW,2025.0,1,RV125-2,Unknown
LAND VEHICLE (SMALL),SIFANG,GN12DI,CHINA,DIESEL,815.0,ANURADHAPURA,BRAND NEW,2022.0,1,,GN12DI
LAND VEHICLE (SMALL),VIKYNO,RV125-2,VIETNAM,DIESEL,624.0,AMPARA,BRAND NEW,2023.0,1,RV125-2,Unknown
LAND VEHICLE (SMALL),VIKYNO,RV125-2,VIETNAM,DIESEL,624.0,POLONNARUWA,BRAND NEW,2025.0,6,RV125-2,Unknown
LAND VEHICLE (SMALL),YANMAR,YC70,JAPAN,DIESEL,395.0,KURUNEGALA,RECONDITIONED,2018.0,1,,YC70
LAND VEHICLE (SMALL),KUBOTA,K600,JAPAN,DIESEL,422.0,ANURADHAPURA,RECONDITIONED,2016.0,1,,K600
LAND VEHICLE (SMALL),KUBOTA,K600A,JAPAN,DIESEL,422.0,POLONNARUWA,RECONDITIONED,2020.0,1,,K600A
LAND VEHICLE (SMALL),VIKYNO,RV125-2,VIETNAM,DIESEL,624.0,HAMBANTOTA,BRAND NEW,2025.0,2,RV125-2,Unknown
LAND VEHICLE (SMALL),SIFANG,GN12DI,CHINA,DIESEL,815.0,ANURADHAPURA,BRAND NEW,2025.0,1,,GN12DI
LAND VEHICLE (SMALL),FARM MASTER,RV125-2,CHINA,DIESEL,624.0,POLONNARUWA,BRAND NEW,2025.0,1,RV125-2,Unknown
LAND VEHICLE (SMALL),LAND FORCE,RK125,THAILAND,DIESEL,624.0,KURUNEGALA,BRAND NEW,2024.0,1,,RK125
LAND VEHICLE (SMALL),NEW LION,RV125-2,CHINA,DIESEL,624.0,POLONNARUWA,BRAND NEW,2023.0,1,RV125-2,Unknown
LAND VEHICLE (SMALL),KUBOTA,K550,JAPAN,DIESEL,375.0,RATNAPURA,RECONDITIONED,2016.0,1,,K550
LAND VEHICLE (SMALL),KUBOTA,K600,JAPAN,DIESEL,422.0,RATNAPURA,RECONDITIONED,2017.0,1,,K600
LAND VEHICLE (SMALL),KUBOTA,K8,JAPAN,DIESEL,465.0,RATNAPURA,RECONDITIONED,2020.0,1,,K8
LAND VEHICLE (SMALL),KUBOTA,K600,JAPAN,DIESEL,422.0,HAMBANTOTA,RECONDITIONED,2018.0,1,,K600
LAND VEHICLE (SMALL),KUBOTA,K600,JAPAN,DIESEL,422.0,RATNAPURA,RECONDITIONED,2019.0,1,,K600
LAND VEHICLE (SMALL),KUBOTA,K18,JAPAN,DIESEL,443.0,ANURADHAPURA,RECONDITIONED,2016.0,1,,K18
LAND VEHICLE (SMALL),LAND FORCE,RK125,THAILAND,DIESEL,624.0,MONERAGALA,BRAND NEW,2025.0,1,,RK125
LAND VEHICLE (SMALL),KUBOTA,K550A,JAPAN,DIESEL,375.0,POLONNARUWA,RECONDITIONED,2020.0,1,,K550A
LAND VEHICLE (SMALL),SIFANG,GN12DI,CHINA,DIESEL,815.0,PUTTALAM,BRAND NEW,2024.0,1,,GN12DI
LAND VEHICLE (SMALL),SIFANG,GN12DI,CHINA,DIESEL,815.0,KURUNEGALA,BRAND NEW,2024.0,1,,GN12DI
LAND VEHICLE (SMALL),VIKYNO,RV145 2,VIETNAM,DIESEL,738.0,KURUNEGALA,BRAND NEW,2014.0,1,,RV145 2
LAND VEHICLE (SMALL),VIKYNO,RV125-2,VIETNAM,DIESEL,624.0,KURUNEGALA,BRAND NEW,2025.0,1,RV125-2,Unknown
LAND VEHICLE (SMALL),KUBOTA,K700,JAPAN,DIESEL,422.0,GALLE,RECONDITIONED,2016.0,1,,K700
LAND VEHICLE (SMALL),SIFANG,GN12DI,CHINA,DIESEL,815.0,ANURADHAPURA,BRAND NEW,2024.0,2,,GN12DI
LAND VEHICLE (SMALL),VIKYNO,RV125-2,VIETNAM,DIESEL,624.0,HAMBANTOTA,BRAND NEW,2024.0,1,RV125-2,Unknown
LAND VEHICLE (SMALL),KUBOTA,K8,JAPAN,DIESEL,798.0,ANURADHAPURA,RECONDITIONED,2022.0,1,,K8
LAND VEHICLE (SMALL),VIKYNO,RV125-2,VIETNAM,DIESEL,624.0,KURUNEGALA,BRAND NEW,2023.0,1,RV125-2,Unknown
LAND VEHICLE (SMALL),KUBOTA,K8,JAPAN,DIESEL,395.0,GAMPAHA,RECONDITIONED,2016.0,1,,K8
LAND VEHICLE (SMALL),KUBOTA,K600A,JAPAN,DIESEL,395.0,POLONNARUWA,RECONDITIONED,2016.0,1,,K600A
LORRY TRAILER/BOWSER,TANTRI,TSK-40,SWEDEN,NOT STATED,0.0,COLOMBO,LOCALLY BUILT,2025.0,1,TSK-40,Unknown
LORRY TRAILER/BOWSER,TANTRI,TSK -40,SRI LANKA,NOT STATED,0.0,GAMPAHA,LOCALLY BUILT,2025.0,2,,TSK -40
LORRY TRAILER/BOWSER,DUTCH LANKA TRAILER,DLFT -40/50T,SRI LANKA,NOT STATED,0.0,COLOMBO,LOCALLY BUILT,2025.0,1,,DLFT -40/50T
LORRY TRAILER/BOWSER,DUTCH LANKA TRAILER,DLFT-40/40T,SRI LANKA,NOT STATED,0.0,COLOMBO,LOCALLY BUILT,2025.0,1,DLFT-40,/40T
LORRY TRAILER/BOWSER,DUTCH LANKA TRAILER,DLST- 40/40T,SRI LANKA,NOT STATED,0.0,COLOMBO,LOCALLY BUILT,2025.0,1,,DLST- 40/40T
LORRY TRAILER/BOWSER,DUTCH LANKA TRAILER,DLST-40/40T,SRI LANKA,NOT STATED,0.0,COLOMBO,LOCALLY BUILT,2025.0,4,DLST-40,/40T
LORRY TRAILER/BOWSER,DYNAMIC,BOWSER TRAILER,SRI LANKA,NOT STATED,0.0,ANURADHAPURA,LOCALLY BUILT,2025.0,1,,BOWSER TRAILER
LORRY TRAILER/BOWSER,DUTCH LANKA TRAILER,DLST 40/40T,SRI LANKA,NOT STATED,0.0,PUTTALAM,LOCALLY BUILT,2025.0,1,,DLST 40/40T
LORRY TRAILER/BOWSER,DUTCH LANKA TRAILER,DLST-40/40T,SRI LANKA,NOT STATED,0.0,KALUTARA,LOCALLY BUILT,2025.0,4,DLST-40,/40T
LORRY TRAILER/BOWSER,TANTRI,TSK-40,SRI LANKA,NOT STATED,0.0,GAMPAHA,LOCALLY BUILT,2025.0,7,TSK-40,Unknown
LORRY TRAILER/BOWSER,DUTCH LANKA TRAILER,DLST- 40/40T,SRI LANKA,NOT STATED,0.0,KALUTARA,LOCALLY BUILT,2025.0,3,,DLST- 40/40T
LORRY TRAILER/BOWSER,CIMC,7C79390TDPJ TRAILER,CHINA,NOT STATED,0.0,GAMPAHA,BRAND NEW,2025.0,1,,7C79390TDPJ TRAILER
LORRY TRAILER/BOWSER,DUTCH LANKA TRAILER,DLST 40/40T,SRI LANKA,NOT STATED,0.0,GAMPAHA,LOCALLY BUILT,2025.0,2,,DLST 40/40T
LORRY TRAILER/BOWSER,DUTCH LANKA TRAILER,DLST-40/50T,SRI LANKA,NOT STATED,0.0,COLOMBO,LOCALLY BUILT,2025.0,2,DLST-40,/50T
LORRY TRAILER/BOWSER,DUTCH LANKA TRAILER,DLFT-40/40T,SRI LANKA,NOT STATED,0.0,KEGALLE,LOCALLY BUILT,2025.0,1,DLFT-40,/40T
LORRY TRAILER/BOWSER,LANKA ASHOK LEYLAND,TAILER,SRI LANKA,NOT STATED,0.0,MATARA,LOCALLY BUILT,2025.0,1,,TAILER
LORRY TRAILER/BOWSER,DUTCH LANKA TRAILER,DLFT-40/50T,SRI LANKA,NOT STATED,0.0,COLOMBO,LOCALLY BUILT,2025.0,3,DLFT-40,/50T
LORRY TRAILER/BOWSER,DYNAMIC,SKELITAL TRAILER,SRI LANKA,NOT STATED,0.0,COLOMBO,LOCALLY BUILT,2025.0,2,,SKELITAL TRAILER
LORRY TRAILER/BOWSER,TANTRI,TSK-40,SRI LANKA,NOT STATED,0.0,COLOMBO,LOCALLY BUILT,2025.0,7,TSK-40,Unknown
LORRY TRAILER/BOWSER,DUTCH LANKA TRAILER,DLST 40/40T,SRI LANKA,NOT STATED,0.0,COLOMBO,LOCALLY BUILT,2025.0,2,,DLST 40/40T
LORRY TRAILER/BOWSER,DUTCH LANKA TRAILER,DLST 40/40T,SRI LANKA,NOT STATED,0.0,KURUNEGALA,LOCALLY BUILT,2025.0,1,,DLST 40/40T
LORRY TRAILER/BOWSER,DUTCH LANKA TRAILER,DLST-20/30T,SRI LANKA,NOT STATED,0.0,COLOMBO,LOCALLY BUILT,2025.0,2,DLST-20,/30T
LORRY TRAILER/BOWSER,DYNAMIC,FLAT BED TRAILER,SRI LANKA,NOT STATED,0.0,PUTTALAM,LOCALLY BUILT,2025.0,1,,FLAT BED TRAILER
LORRY TRAILER/BOWSER,CIMC,7C79390TDPJ TRAILER,CHINA,DIESEL,0.0,GAMPAHA,BRAND NEW,2025.0,3,,7C79390TDPJ TRAILER
MOTOR CYCLE,LUYUAN,MNK3,CHINA,ELECTRIC,1.5,MONERAGALA,BRAND NEW,2025.0,9,,MNK3
MOTOR CYCLE,HONDA,PCX-160,JAPAN,PETROL,157.0,PUTTALAM,RECONDITIONED,2025.0,1,PCX-160,Unknown
MOTOR CYCLE,TMR QUANLE,ZS,CHINA,ELECTRIC,1.2,GAMPAHA,BRAND NEW,2025.0,7,,ZS
MOTOR CYCLE,TMR QUANLE,XGW,CHINA,ELECTRIC,1.2,KURUNEGALA,BRAND NEW,2025.0,12,,XGW
MOTOR CYCLE,TVS,TVS NTORQ 125 CC,INDIA,PETROL,124.8,COLOMBO,BRAND NEW,2025.0,562,,TVS NTORQ 125 CC
MOTOR CYCLE,TVS,NTORQ 125,SRI LANKA,PETROL,124.8,ANURADHAPURA,BRAND NEW-L/ASSEMBLE,2025.0,29,,NTORQ 125
MOTOR CYCLE,RANOMOTO,GN125H,CHINA,PETROL,124.0,COLOMBO,BRAND NEW,2025.0,47,,GN125H
MOTOR CYCLE,RANOMOTO,GN125H,CHINA,PETROL,124.0,MONERAGALA,BRAND NEW,2025.0,20,,GN125H
MOTOR CYCLE,RANOMOTO,GN125H,CHINA,PETROL,124.0,GAMPAHA,BRAND NEW,2025.0,80,,GN125H
MOTOR CYCLE,TVS,TVS RAIDER 125,INDIA,PETROL,124.66,GALLE,BRAND NEW,2025.0,49,,TVS RAIDER 125
MOTOR CYCLE,TVS,IQUBE,INDIA,ELECTRIC,3.34,COLOMBO,BRAND NEW,2025.0,41,,IQUBE
MOTOR CYCLE,TVS,TVS RAIDER 125,INDIA,PETROL,124.66,NUWARA-ELIYA,BRAND NEW,2025.0,14,,TVS RAIDER 125
MOTOR CYCLE,RANOMOTO,GN125H,CHINA,PETROL,124.0,PUTTALAM,BRAND NEW,2025.0,9,,GN125H
MOTOR CYCLE,TVS,TVS RAIDER 125,INDIA,PETROL,124.66,BADULLA,BRAND NEW,2025.0,16,,TVS RAIDER 125
MOTOR CYCLE,BAJAJ,PULSAR NS 200,INDIA,PETROL,199.5,JAFFNA,BRAND NEW,2025.0,90,,PULSAR NS 200
MOTOR CYCLE,BAJAJ,CT 100 ES,SRI LANKA,PETROL,102.0,MATALE,BRAND NEW-L/ASSEMBLE,2025.0,85,,CT 100 ES
MOTOR CYCLE,BAJAJ,CT 100 ES,SRI LANKA,PETROL,102.0,RATNAPURA,BRAND NEW-L/ASSEMBLE,2025.0,181,,CT 100 ES
MOTOR CYCLE,BAJAJ,PULSAR N 160,INDIA,PETROL,164.32,PUTTALAM,BRAND NEW,2025.0,134,,PULSAR N 160
MOTOR CYCLE,BAJAJ,PULSAR N 160,INDIA,PETROL,164.32,KALUTARA,BRAND NEW,2025.0,98,,PULSAR N 160
MOTOR CYCLE,BAJAJ,CT 100 ES,SRI LANKA,PETROL,102.0,MULLATIVU,BRAND NEW-L/ASSEMBLE,2025.0,40,,CT 100 ES
MOTOR CYCLE,AIMA,MANA,CHINA,ELECTRIC,1.5,ANURADHAPURA,BRAND NEW,2025.0,7,,MANA
MOTOR CYCLE,AIMA,ARIA,CHINA,ELECTRIC,0.8,ANURADHAPURA,BRAND NEW,2025.0,7,,ARIA
MOTOR CYCLE,AIMA,LIBERTY,CHINA,ELECTRIC,1.2,KURUNEGALA,BRAND NEW,2025.0,38,,LIBERTY
MOTOR CYCLE,HERO,XOOM-110,INDIA,PETROL,110.9,GAMPAHA,BRAND NEW,2025.0,203,XOOM-110,Unknown
MOTOR CYCLE,YADEA,T 9,CHINA,ELECTRIC,2.0,ANURADHAPURA,BRAND NEW,2025.0,22,,T 9
MOTOR CYCLE,HERO,XTREME 125 R,INDIA,PETROL,124.7,GALLE,BRAND NEW,2025.0,33,,XTREME 125 R
MOTOR CYCLE,SENARO,GN125,SRI LANKA,PETROL,125.0,KALUTARA,BRAND NEW-L/ASSEMBLE,2025.0,11,,GN125
MOTOR CYCLE,SENARO,GN125,SRI LANKA,PETROL,125.0,BADULLA,BRAND NEW-L/ASSEMBLE,2025.0,14,,GN125
MOTOR CYCLE,TVS,TVS NTORQ 125 CC,INDIA,PETROL,124.8,HAMBANTOTA,BRAND NEW,2025.0,94,,TVS NTORQ 125 CC
MOTOR CYCLE,TVS,TVS XL 100,SRI LANKA,PETROL,99.7,PUTTALAM,BRAND NEW-L/ASSEMBLE,2025.0,81,,TVS XL 100
MOTOR CYCLE,TVS,TVS RAIDER 125,INDIA,PETROL,124.66,BATTICALOA,BRAND NEW,2025.0,51,,TVS RAIDER 125
MOTOR CYCLE,RANOMOTO,GN125H,CHINA,PETROL,124.0,POLONNARUWA,BRAND NEW,2025.0,5,,GN125H
MOTOR CYCLE,RANOMOTO,GN125H,CHINA,PETROL,124.0,AMPARA,BRAND NEW,2025.0,61,,GN125H
MOTOR CYCLE,TVS,TVS NTORQ 125 CC,INDIA,PETROL,124.8,GALLE,BRAND NEW,2025.0,329,,TVS NTORQ 125 CC
MOTOR CYCLE,RANOMOTO,PATTAYA DOUBLE POWER,CHINA,PETROL,80.0,GALLE,BRAND NEW,2025.0,25,,PATTAYA DOUBLE POWER
MOTOR CYCLE,RANOMOTO,PATTAYA DOUBLE POWER,CHINA,PETROL,80.0,AMPARA,BRAND NEW,2025.0,6,,PATTAYA DOUBLE POWER
MOTOR CYCLE,TVS,TVS RAIDER 125,INDIA,PETROL,124.66,ANURADHAPURA,BRAND NEW,2025.0,113,,TVS RAIDER 125
MOTOR CYCLE,TVS,IQUBE,INDIA,ELECTRIC,3.34,KURUNEGALA,BRAND NEW,2025.0,3,,IQUBE
MOTOR CYCLE,RANOMOTO,FLASH,CHINA,PETROL,79.0,KANDY,BRAND NEW,2025.0,1,,FLASH
MOTOR CYCLE,TVS,TVS NTORQ 125 CC,INDIA,PETROL,124.8,PUTTALAM,BRAND NEW,2025.0,198,,TVS NTORQ 125 CC
MOTOR CYCLE,BAJAJ,PULSAR N 125,INDIA,PETROL,124.58,KALUTARA,BRAND NEW,2025.0,36,,PULSAR N 125
MOTOR CYCLE,BAJAJ,PULSAR NS 200,INDIA,PETROL,199.5,BATTICALOA,BRAND NEW,2025.0,82,,PULSAR NS 200
MOTOR CYCLE,BAJAJ,PULSAR N 125,INDIA,PETROL,124.58,MULLATIVU,BRAND NEW,2025.0,9,,PULSAR N 125
MOTOR CYCLE,BAJAJ,PULSAR NS 200,INDIA,PETROL,199.5,COLOMBO,BRAND NEW,2025.0,196,,PULSAR NS 200
MOTOR CYCLE,BAJAJ,PULSAR N 160,INDIA,PETROL,164.32,GALLE,BRAND NEW,2025.0,147,,PULSAR N 160
MOTOR CYCLE,BAJAJ,DISCOVER 125,SRI LANKA,PETROL,124.5,KANDY,BRAND NEW-L/ASSEMBLE,2025.0,3,,DISCOVER 125
MOTOR CYCLE,BAJAJ,PULSAR N 160,INDIA,PETROL,164.32,KILINOCHCHI,BRAND NEW,2025.0,21,,PULSAR N 160
MOTOR CYCLE,AIMA,LIBERTY,CHINA,ELECTRIC,1.2,HAMBANTOTA,BRAND NEW,2025.0,16,,LIBERTY
MOTOR CYCLE,AIMA,LIBERTY,CHINA,ELECTRIC,1.2,MONERAGALA,BRAND NEW,2025.0,8,,LIBERTY
MOTOR CYCLE,AIMA,MANA,CHINA,ELECTRIC,1.5,KURUNEGALA,BRAND NEW,2025.0,11,,MANA
MOTOR CYCLE,AIMA,MAVERICK,CHINA,ELECTRIC,2.0,AMPARA,BRAND NEW,2025.0,2,,MAVERICK
MOTOR CYCLE,AIMA,LIBERTY,CHINA,ELECTRIC,1.2,MULLATIVU,BRAND NEW,2025.0,5,,LIBERTY
MOTOR CYCLE,AIMA,BREEZY,CHINA,ELECTRIC,0.8,COLOMBO,BRAND NEW,2025.0,5,,BREEZY
MOTOR CYCLE,AIMA,MAVERICK,CHINA,ELECTRIC,2.0,KALUTARA,BRAND NEW,2025.0,10,,MAVERICK
MOTOR CYCLE,ATHER,450X,INDIA,ELECTRIC,3.0,COLOMBO,BRAND NEW,2025.0,14,,450X
MOTOR CYCLE,AIMA,BREEZY,CHINA,ELECTRIC,0.8,KALUTARA,BRAND NEW,2025.0,6,,BREEZY
MOTOR CYCLE,AIMA,BREEZY,CHINA,ELECTRIC,0.8,MONERAGALA,BRAND NEW,2025.0,13,,BREEZY
MOTOR CYCLE,TMR QUANLE,ZS,CHINA,ELECTRIC,1.2,RATNAPURA,BRAND NEW,2025.0,5,,ZS
MOTOR CYCLE,LUYUAN,MNK3,CHINA,ELECTRIC,1.5,TRINCOMALEE,BRAND NEW,2025.0,6,,MNK3
MOTOR CYCLE,TMR QUANLE,XGW,CHINA,ELECTRIC,1.2,GALLE,BRAND NEW,2025.0,6,,XGW
MOTOR CYCLE,TVS,TVS NTORQ 125 CC,INDIA,PETROL,124.8,MATARA,BRAND NEW,2025.0,201,,TVS NTORQ 125 CC
MOTOR CYCLE,LUYUAN,MNK3,CHINA,ELECTRIC,1.5,ANURADHAPURA,BRAND NEW,2025.0,8,,MNK3
MOTOR CYCLE,SENARO,GN125,SRI LANKA,PETROL,125.0,GAMPAHA,BRAND NEW-L/ASSEMBLE,2025.0,13,,GN125
MOTOR CYCLE,TVS,TVS RAIDER 125,INDIA,PETROL,124.66,MATARA,BRAND NEW,2025.0,20,,TVS RAIDER 125
MOTOR CYCLE,TVS,TVS RAIDER 125,INDIA,PETROL,124.66,KALUTARA,BRAND NEW,2025.0,54,,TVS RAIDER 125
MOTOR CYCLE,TVS,TVS NTORQ 125 CC,INDIA,PETROL,124.8,BADULLA,BRAND NEW,2025.0,89,,TVS NTORQ 125 CC
MOTOR CYCLE,TVS,IQUBE,INDIA,ELECTRIC,3.34,AMPARA,BRAND NEW,2025.0,2,,IQUBE
MOTOR CYCLE,BAJAJ,PULSAR NS 200,INDIA,PETROL,199.5,KANDY,BRAND NEW,2025.0,39,,PULSAR NS 200
MOTOR CYCLE,BAJAJ,CT 100 ES,SRI LANKA,PETROL,102.0,AMPARA,BRAND NEW-L/ASSEMBLE,2025.0,149,,CT 100 ES
MOTOR CYCLE,AIMA,LIBERTY,CHINA,ELECTRIC,1.2,POLONNARUWA,BRAND NEW,2025.0,26,,LIBERTY
MOTOR CYCLE,AIMA,BREEZY,CHINA,ELECTRIC,0.8,MATARA,BRAND NEW,2025.0,8,,BREEZY
MOTOR CYCLE,HERO,HUNK 160,INDIA,PETROL,163.14,PUTTALAM,BRAND NEW,2025.0,10,,HUNK 160
MOTOR CYCLE,HERO,XTREME 125 R,INDIA,PETROL,124.7,HAMBANTOTA,BRAND NEW,2025.0,36,,XTREME 125 R
MOTOR CYCLE,HERO,XTREME 125 R,INDIA,PETROL,124.7,AMPARA,BRAND NEW,2025.0,18,,XTREME 125 R
MOTOR CYCLE,HERO,XTREME 125 R,INDIA,PETROL,124.7,COLOMBO,BRAND NEW,2025.0,90,,XTREME 125 R
MOTOR CYCLE,HERO,XOOM-110,INDIA,PETROL,110.9,KURUNEGALA,BRAND NEW,2025.0,271,XOOM-110,Unknown
MOTOR CYCLE,YADEA,RUIBIN,CHINA,ELECTRIC,0.8,KURUNEGALA,BRAND NEW,2025.0,67,,RUIBIN
MOTOR CYCLE,TMR QUANLE,XGW,CHINA,ELECTRIC,1.2,MONERAGALA,BRAND NEW,2025.0,6,,XGW
MOTOR CYCLE,SENARO,GN125,SRI LANKA,PETROL,125.0,POLONNARUWA,BRAND NEW-L/ASSEMBLE,2025.0,18,,GN125
MOTOR CYCLE,TVS,TVS XL 100,SRI LANKA,PETROL,99.7,POLONNARUWA,BRAND NEW-L/ASSEMBLE,2025.0,180,,TVS XL 100
MOTOR CYCLE,TVS,NTORQ 125,SRI LANKA,PETROL,124.8,POLONNARUWA,BRAND NEW-L/ASSEMBLE,2025.0,2,,NTORQ 125
MOTOR CYCLE,RANOMOTO,PATTAYA DOUBLE POWER,CHINA,PETROL,80.0,BATTICALOA,BRAND NEW,2025.0,12,,PATTAYA DOUBLE POWER
MOTOR CYCLE,TVS,NTORQ 125,SRI LANKA,PETROL,124.8,AMPARA,BRAND NEW-L/ASSEMBLE,2025.0,8,,NTORQ 125
MOTOR CYCLE,BAJAJ,PULSAR NS 200,INDIA,PETROL,199.5,TRINCOMALEE,BRAND NEW,2025.0,78,,PULSAR NS 200
MOTOR CYCLE,BAJAJ,PULSAR N 125,INDIA,PETROL,124.58,GALLE,BRAND NEW,2025.0,81,,PULSAR N 125
MOTOR CYCLE,BAJAJ,CT 100 ES,SRI LANKA,PETROL,102.0,TRINCOMALEE,BRAND NEW-L/ASSEMBLE,2025.0,123,,CT 100 ES
MOTOR CYCLE,BAJAJ,PULSAR N 160,INDIA,PETROL,164.32,RATNAPURA,BRAND NEW,2025.0,63,,PULSAR N 160
MOTOR CYCLE,BAJAJ,CT 100 ES,INDIA,PETROL,102.0,MULLATIVU,BRAND NEW,2025.0,1,,CT 100 ES
MOTOR CYCLE,BAJAJ,CT 100 ES,SRI LANKA,PETROL,102.0,VAVUNIYA,BRAND NEW-L/ASSEMBLE,2025.0,57,,CT 100 ES
MOTOR CYCLE,AIMA,LIBERTY,CHINA,ELECTRIC,1.2,ANURADHAPURA,BRAND NEW,2025.0,20,,LIBERTY
MOTOR CYCLE,AIMA,LIBERTY,CHINA,ELECTRIC,1.2,TRINCOMALEE,BRAND NEW,2025.0,7,,LIBERTY
MOTOR CYCLE,AIMA,MAVERICK,CHINA,ELECTRIC,2.0,MATARA,BRAND NEW,2025.0,5,,MAVERICK
MOTOR CYCLE,HERO,XTREME 125 R,INDIA,PETROL,124.7,GAMPAHA,BRAND NEW,2025.0,75,,XTREME 125 R
MOTOR CYCLE,YADEA,T5,CHINA,ELECTRIC,1.2,GALLE,BRAND NEW,2025.0,81,,T5
MOTOR CYCLE,TMR QUANLE,ZL,CHINA,ELECTRIC,2.0,GALLE,BRAND NEW,2025.0,2,,ZL
MOTOR CYCLE,TMR LUYUAN,S18,CHINA,ELECTRIC,1.2,MONERAGALA,BRAND NEW,2025.0,1,,S18
MOTOR CYCLE,SENARO,GN125,SRI LANKA,PETROL,125.0,RATNAPURA,BRAND NEW-L/ASSEMBLE,2025.0,32,,GN125
MOTOR CYCLE,TVS,TVS XL 100,SRI LANKA,PETROL,99.7,MONERAGALA,BRAND NEW-L/ASSEMBLE,2025.0,117,,TVS XL 100
MOTOR CYCLE,TVS,TVS XL 100,SRI LANKA,PETROL,99.7,TRINCOMALEE,BRAND NEW-L/ASSEMBLE,2025.0,47,,TVS XL 100
MOTOR CYCLE,SENARO,CLICK 150,SRI LANKA,PETROL,150.0,COLOMBO,BRAND NEW-L/ASSEMBLE,2025.0,34,,CLICK 150
MOTOR CYCLE,TVS,TVS NTORQ 125 CC,INDIA,PETROL,124.8,GAMPAHA,BRAND NEW,2025.0,616,,TVS NTORQ 125 CC
MOTOR CYCLE,TVS,TVS XL 100,SRI LANKA,PETROL,99.7,GALLE,BRAND NEW-L/ASSEMBLE,2025.0,52,,TVS XL 100
MOTOR CYCLE,TVS,TVS XL 100,SRI LANKA,PETROL,99.7,MATARA,BRAND NEW-L/ASSEMBLE,2025.0,34,,TVS XL 100
MOTOR CYCLE,TVS,TVS NTORQ 125 CC,INDIA,PETROL,124.8,RATNAPURA,BRAND NEW,2025.0,184,,TVS NTORQ 125 CC
MOTOR CYCLE,TVS,NTORQ 125,SRI LANKA,PETROL,124.8,COLOMBO,BRAND NEW-L/ASSEMBLE,2025.0,14,,NTORQ 125
MOTOR CYCLE,SENARO,GN125,SRI LANKA,PETROL,125.0,MONERAGALA,BRAND NEW-L/ASSEMBLE,2025.0,13,,GN125
MOTOR CYCLE,TVS,TVS RAIDER 125,INDIA,PETROL,124.66,RATNAPURA,BRAND NEW,2025.0,35,,TVS RAIDER 125
MOTOR CYCLE,TVS,TVS NTORQ 125 CC,INDIA,PETROL,124.8,MULLATIVU,BRAND NEW,2025.0,26,,TVS NTORQ 125 CC
MOTOR CYCLE,BAJAJ,CT 100 ES,SRI LANKA,PETROL,102.0,KURUNEGALA,BRAND NEW-L/ASSEMBLE,2025.0,522,,CT 100 ES
MOTOR CYCLE,BAJAJ,CT 100 ES,SRI LANKA,PETROL,102.0,COLOMBO,BRAND NEW-L/ASSEMBLE,2025.0,468,,CT 100 ES
MOTOR CYCLE,BAJAJ,PULSAR NS 200,INDIA,PETROL,199.5,HAMBANTOTA,BRAND NEW,2025.0,37,,PULSAR NS 200
MOTOR CYCLE,BAJAJ,PULSAR N 125,INDIA,PETROL,124.58,GAMPAHA,BRAND NEW,2025.0,80,,PULSAR N 125
MOTOR CYCLE,BAJAJ,PULSAR N160,SRI LANKA,PETROL,164.82,MANNAR,BRAND NEW-L/ASSEMBLE,2025.0,10,,PULSAR N160
MOTOR CYCLE,BAJAJ,PULSAR N 160,INDIA,PETROL,164.32,KEGALLE,BRAND NEW,2025.0,61,,PULSAR N 160
MOTOR CYCLE,BAJAJ,PULSAR NS 200,INDIA,PETROL,199.5,MULLATIVU,BRAND NEW,2025.0,20,,PULSAR NS 200
MOTOR CYCLE,BAJAJ,PULSAR N 125,INDIA,PETROL,124.58,HAMBANTOTA,BRAND NEW,2025.0,22,,PULSAR N 125
MOTOR CYCLE,BAJAJ,CT 100 ES,INDIA,PETROL,102.0,BATTICALOA,BRAND NEW,2025.0,5,,CT 100 ES
MOTOR CYCLE,BAJAJ,DISCOVER 125,SRI LANKA,PETROL,124.5,MANNAR,BRAND NEW-L/ASSEMBLE,2025.0,2,,DISCOVER 125
MOTOR CYCLE,BAJAJ,DISCOVER 125,SRI LANKA,PETROL,124.5,KURUNEGALA,BRAND NEW-L/ASSEMBLE,2025.0,2,,DISCOVER 125
MOTOR CYCLE,AIMA,MANA,CHINA,ELECTRIC,1.5,COLOMBO,BRAND NEW,2025.0,2,,MANA
MOTOR CYCLE,YADEA,T5,CHINA,ELECTRIC,1.2,JAFFNA,BRAND NEW,2025.0,26,,T5
MOTOR CYCLE,HERO,HUNK 160,INDIA,PETROL,163.14,GAMPAHA,BRAND NEW,2025.0,53,,HUNK 160
MOTOR CYCLE,HERO,XTREME 125 R,INDIA,PETROL,124.7,JAFFNA,BRAND NEW,2025.0,21,,XTREME 125 R
MOTOR CYCLE,HERO,XOOM-110,INDIA,PETROL,110.9,GALLE,BRAND NEW,2025.0,156,XOOM-110,Unknown
MOTOR CYCLE,NWOW,SE,CHINA,ELECTRIC,0.8,KALUTARA,BRAND NEW,2024.0,1,,SE
MOTOR CYCLE,HONDA,PCX125,VIETNAM,PETROL,124.0,GALLE,RECONDITIONED,2025.0,1,,PCX125
MOTOR CYCLE,LUYUAN,MNK3,CHINA,ELECTRIC,1.5,HAMBANTOTA,BRAND NEW,2025.0,23,,MNK3
MOTOR CYCLE,TMR QUANLE,XGW,CHINA,ELECTRIC,1.2,MATARA,BRAND NEW,2025.0,3,,XGW
MOTOR CYCLE,LUYUAN,MNK3,CHINA,ELECTRIC,1.5,RATNAPURA,BRAND NEW,2025.0,9,,MNK3
MOTOR CYCLE,HONDA,PCX,JAPAN,PETROL,124.0,GAMPAHA,RECONDITIONED,2025.0,2,,PCX
MOTOR CYCLE,TVS,TVS XL 100,SRI LANKA,PETROL,99.7,ANURADHAPURA,BRAND NEW-L/ASSEMBLE,2025.0,404,,TVS XL 100
MOTOR CYCLE,TVS,TVS XL 100,SRI LANKA,PETROL,99.7,KURUNEGALA,BRAND NEW-L/ASSEMBLE,2025.0,216,,TVS XL 100
MOTOR CYCLE,LUYUAN,MNK3,CHINA,ELECTRIC,1.5,GALLE,BRAND NEW,2025.0,8,,MNK3
MOTOR CYCLE,TVS,NTORQ 125,SRI LANKA,PETROL,124.8,HAMBANTOTA,BRAND NEW-L/ASSEMBLE,2025.0,3,,NTORQ 125
MOTOR CYCLE,RANOMOTO,FLASH,CHINA,PETROL,79.0,KALUTARA,BRAND NEW,2025.0,19,,FLASH
MOTOR CYCLE,TVS,IQUBE,INDIA,ELECTRIC,3.34,KEGALLE,BRAND NEW,2025.0,3,,IQUBE
MOTOR CYCLE,RANOMOTO,FLASH,CHINA,PETROL,79.0,RATNAPURA,BRAND NEW,2025.0,5,,FLASH
MOTOR CYCLE,TVS,TVS NTORQ 125 CC,INDIA,PETROL,124.8,NUWARA-ELIYA,BRAND NEW,2025.0,47,,TVS NTORQ 125 CC
MOTOR CYCLE,RANOMOTO,PATTAYA DOUBLE POWER,CHINA,PETROL,80.0,MATALE,BRAND NEW,2025.0,1,,PATTAYA DOUBLE POWER
MOTOR CYCLE,TVS,TVS RAIDER 125,INDIA,PETROL,124.66,AMPARA,BRAND NEW,2025.0,37,,TVS RAIDER 125
MOTOR CYCLE,BAJAJ,CT 100 ES,SRI LANKA,PETROL,102.0,KILINOCHCHI,BRAND NEW-L/ASSEMBLE,2025.0,38,,CT 100 ES
MOTOR CYCLE,BAJAJ,PULSAR N 125,INDIA,PETROL,124.58,KURUNEGALA,BRAND NEW,2025.0,75,,PULSAR N 125
MOTOR CYCLE,BAJAJ,PULSAR N 160,INDIA,PETROL,164.32,ANURADHAPURA,BRAND NEW,2025.0,115,,PULSAR N 160
MOTOR CYCLE,BAJAJ,PULSAR N 160,INDIA,PETROL,164.32,BATTICALOA,BRAND NEW,2025.0,103,,PULSAR N 160
MOTOR CYCLE,BAJAJ,PULSAR N 160,INDIA,PETROL,164.32,KANDY,BRAND NEW,2025.0,55,,PULSAR N 160
MOTOR CYCLE,BAJAJ,PULSAR N 125,INDIA,PETROL,124.58,AMPARA,BRAND NEW,2025.0,32,,PULSAR N 125
MOTOR CYCLE,BAJAJ,DISCOVER 125,SRI LANKA,PETROL,124.5,COLOMBO,BRAND NEW-L/ASSEMBLE,2025.0,25,,DISCOVER 125
MOTOR CYCLE,AIMA,BREEZY,CHINA,ELECTRIC,0.8,KURUNEGALA,BRAND NEW,2025.0,31,,BREEZY
MOTOR CYCLE,RISE,LEADER R 100,SRI LANKA,ELECTRIC,2.0,JAFFNA,BRAND NEW-L/MANUFACT,2025.0,3,,LEADER R 100
MOTOR CYCLE,AIMA,BREEZY,CHINA,ELECTRIC,0.8,HAMBANTOTA,BRAND NEW,2025.0,18,,BREEZY
MOTOR CYCLE,ATHER,450X,INDIA,ELECTRIC,3.0,MATARA,BRAND NEW,2025.0,8,,450X
MOTOR CYCLE,REVOLT,RV 400,INDIA,ELECTRIC,3.0,GAMPAHA,BRAND NEW,2024.0,1,,RV 400
MOTOR CYCLE,HERO,HUNK 160,INDIA,PETROL,163.14,KURUNEGALA,BRAND NEW,2025.0,48,,HUNK 160
MOTOR CYCLE,HONDA,PCX-125,JAPAN,PETROL,124.0,PUTTALAM,RECONDITIONED,2025.0,1,PCX-125,Unknown
MOTOR CYCLE,TMR LUYUAN,COLA 5,CHINA,ELECTRIC,0.4,GAMPAHA,BRAND NEW,2025.0,3,,COLA 5
MOTOR CYCLE,TMR QUANLE,ZL,CHINA,ELECTRIC,2.0,POLONNARUWA,BRAND NEW,2025.0,2,,ZL
MOTOR CYCLE,SENARO,GN125,SRI LANKA,PETROL,125.0,BATTICALOA,BRAND NEW-L/ASSEMBLE,2025.0,18,,GN125
MOTOR CYCLE,SENARO,GN125,SRI LANKA,PETROL,125.0,MATARA,BRAND NEW-L/ASSEMBLE,2025.0,9,,GN125
MOTOR CYCLE,HONDA,PCX 160,JAPAN,PETROL,157.0,ANURADHAPURA,RECONDITIONED,2025.0,2,,PCX 160
MOTOR CYCLE,HONDA,PCX 160,JAPAN,PETROL,157.0,KANDY,RECONDITIONED,2025.0,2,,PCX 160
MOTOR CYCLE,SENARO,GN125,SRI LANKA,PETROL,125.0,HAMBANTOTA,BRAND NEW-L/ASSEMBLE,2025.0,6,,GN125
MOTOR CYCLE,TVS,TVS NTORQ 125 CC,INDIA,PETROL,124.8,MATALE,BRAND NEW,2025.0,55,,TVS NTORQ 125 CC
MOTOR CYCLE,TVS,TVS XL 100,SRI LANKA,PETROL,99.7,RATNAPURA,BRAND NEW-L/ASSEMBLE,2025.0,27,,TVS XL 100
MOTOR CYCLE,RISE,LEADE R 80 V2.0,SRI LANKA,ELECTRIC,1.5,COLOMBO,BRAND NEW-L/MANUFACT,2025.0,1,,LEADE R 80 V2.0
MOTOR CYCLE,TVS,IQUBE,INDIA,ELECTRIC,3.34,ANURADHAPURA,BRAND NEW,2025.0,14,,IQUBE
MOTOR CYCLE,TVS,NTORQ 125,SRI LANKA,PETROL,124.8,RATNAPURA,BRAND NEW-L/ASSEMBLE,2025.0,3,,NTORQ 125
MOTOR CYCLE,RANOMOTO,FLASH,CHINA,PETROL,79.0,NUWARA-ELIYA,BRAND NEW,2025.0,2,,FLASH
MOTOR CYCLE,BAJAJ,CT 100 ES,SRI LANKA,PETROL,102.0,NUWARA-ELIYA,BRAND NEW-L/ASSEMBLE,2025.0,66,,CT 100 ES
MOTOR CYCLE,BAJAJ,CT 100 ES,SRI LANKA,PETROL,102.0,KALUTARA,BRAND NEW-L/ASSEMBLE,2025.0,272,,CT 100 ES
MOTOR CYCLE,BAJAJ,CT 100 ES,SRI LANKA,PETROL,102.0,ANURADHAPURA,BRAND NEW-L/ASSEMBLE,2025.0,375,,CT 100 ES
MOTOR CYCLE,BAJAJ,PULSAR NS 200,INDIA,PETROL,199.5,KEGALLE,BRAND NEW,2025.0,27,,PULSAR NS 200
MOTOR CYCLE,AIMA,MAVERICK,CHINA,ELECTRIC,2.0,TRINCOMALEE,BRAND NEW,2025.0,1,,MAVERICK
MOTOR CYCLE,AIMA,MAVERICK,CHINA,ELECTRIC,2.0,GALLE,BRAND NEW,2025.0,13,,MAVERICK
MOTOR CYCLE,ATHER,450X,INDIA,ELECTRIC,3.0,GAMPAHA,BRAND NEW,2025.0,6,,450X
MOTOR CYCLE,HERO,HUNK 160,INDIA,PETROL,163.14,GALLE,BRAND NEW,2025.0,22,,HUNK 160
MOTOR CYCLE,YADEA,T5,CHINA,ELECTRIC,1.2,MATARA,BRAND NEW,2025.0,52,,T5
MOTOR CYCLE,LUYUAN,MNK3,CHINA,ELECTRIC,1.5,KURUNEGALA,BRAND NEW,2025.0,36,,MNK3
MOTOR CYCLE,TVS,NTORQ 125,SRI LANKA,PETROL,124.8,PUTTALAM,BRAND NEW-L/ASSEMBLE,2025.0,12,,NTORQ 125
MOTOR CYCLE,HONDA,PCX125,JAPAN,PETROL,124.0,PUTTALAM,RECONDITIONED,2025.0,6,,PCX125
MOTOR CYCLE,HONDA,PCX,JAPAN,PETROL,124.0,PUTTALAM,RECONDITIONED,2025.0,5,,PCX
MOTOR CYCLE,TVS,TVS NTORQ 125 CC,INDIA,PETROL,124.8,KANDY,BRAND NEW,2025.0,276,,TVS NTORQ 125 CC
MOTOR CYCLE,TVS,TVS NTORQ 125 CC,INDIA,PETROL,124.8,ANURADHAPURA,BRAND NEW,2025.0,278,,TVS NTORQ 125 CC
MOTOR CYCLE,TVS,TVS RAIDER 125,SRI LANKA,PETROL,124.79,KANDY,BRAND NEW-L/ASSEMBLE,2025.0,1,,TVS RAIDER 125
MOTOR CYCLE,RANOMOTO,PATTAYA DOUBLE POWER,CHINA,PETROL,80.0,PUTTALAM,BRAND NEW,2025.0,6,,PATTAYA DOUBLE POWER
MOTOR CYCLE,TVS,NTORQ 125,SRI LANKA,PETROL,124.8,GAMPAHA,BRAND NEW-L/ASSEMBLE,2025.0,12,,NTORQ 125
MOTOR CYCLE,TVS,TVS RAIDER 125,INDIA,PETROL,124.66,MULLATIVU,BRAND NEW,2025.0,8,,TVS RAIDER 125
MOTOR CYCLE,TVS,TVS RAIDER 125,INDIA,PETROL,124.66,MONERAGALA,BRAND NEW,2025.0,17,,TVS RAIDER 125
MOTOR CYCLE,BAJAJ,CT 100 ES,SRI LANKA,PETROL,102.0,KEGALLE,BRAND NEW-L/ASSEMBLE,2025.0,126,,CT 100 ES
MOTOR CYCLE,BAJAJ,CT 100 ES,SRI LANKA,PETROL,102.0,KANDY,BRAND NEW-L/ASSEMBLE,2025.0,145,,CT 100 ES
MOTOR CYCLE,BAJAJ,PULSAR N 160,INDIA,PETROL,164.32,KURUNEGALA,BRAND NEW,2025.0,217,,PULSAR N 160
MOTOR CYCLE,BAJAJ,PULSAR N 160,INDIA,PETROL,164.32,HAMBANTOTA,BRAND NEW,2025.0,49,,PULSAR N 160
MOTOR CYCLE,BAJAJ,PULSAR N 160,INDIA,PETROL,164.32,COLOMBO,BRAND NEW,2025.0,270,,PULSAR N 160
MOTOR CYCLE,BAJAJ,PULSAR N 160,INDIA,PETROL,164.32,JAFFNA,BRAND NEW,2025.0,96,,PULSAR N 160
MOTOR CYCLE,BAJAJ,PULSAR NS 200,INDIA,PETROL,199.5,GAMPAHA,BRAND NEW,2025.0,116,,PULSAR NS 200
MOTOR CYCLE,BAJAJ,PULSAR N160,SRI LANKA,PETROL,164.82,POLONNARUWA,BRAND NEW-L/ASSEMBLE,2025.0,24,,PULSAR N160
MOTOR CYCLE,BAJAJ,CT 100 ES,SRI LANKA,PETROL,102.0,POLONNARUWA,BRAND NEW-L/ASSEMBLE,2025.0,240,,CT 100 ES
MOTOR CYCLE,BAJAJ,CT 100 ES,SRI LANKA,PETROL,102.0,HAMBANTOTA,BRAND NEW-L/ASSEMBLE,2025.0,131,,CT 100 ES
MOTOR CYCLE,AIMA,LIBERTY,CHINA,ELECTRIC,1.2,MATARA,BRAND NEW,2025.0,10,,LIBERTY
MOTOR CYCLE,AIMA,MAVERICK,CHINA,ELECTRIC,2.0,KURUNEGALA,BRAND NEW,2025.0,18,,MAVERICK
MOTOR CYCLE,ATHER,450X,INDIA,ELECTRIC,3.0,TRINCOMALEE,BRAND NEW,2024.0,1,,450X
MOTOR CYCLE,ATHER,450X,INDIA,ELECTRIC,3.0,BADULLA,BRAND NEW,2025.0,2,,450X
MOTOR CYCLE,YADEA,T5,CHINA,ELECTRIC,1.2,KURUNEGALA,BRAND NEW,2025.0,225,,T5
MOTOR CYCLE,HERO,HUNK 160,INDIA,PETROL,163.14,KEGALLE,BRAND NEW,2025.0,15,,HUNK 160
MOTOR CYCLE,YADEA,T5,CHINA,ELECTRIC,1.2,KURUNEGALA,BRAND NEW-L/ASSEMBLE,2025.0,1,,T5
MOTOR CYCLE,YADEA,T5,CHINA,ELECTRIC,1.2,MANNAR,BRAND NEW,2025.0,7,,T5
MOTOR CYCLE,HERO,XTREME 125 R,INDIA,PETROL,124.7,KALUTARA,BRAND NEW,2025.0,43,,XTREME 125 R
MOTOR CYCLE,HONDA,PCX160,JAPAN,PETROL,157.0,PUTTALAM,RECONDITIONED,2025.0,7,,PCX160
MOTOR CYCLE,TMR QUANLE,XGW,CHINA,ELECTRIC,1.2,POLONNARUWA,BRAND NEW,2025.0,3,,XGW
MOTOR CYCLE,TVS,TVS XL 100,SRI LANKA,PETROL,99.7,HAMBANTOTA,BRAND NEW-L/ASSEMBLE,2025.0,227,,TVS XL 100
MOTOR CYCLE,TVS,TVS NTORQ 125 CC,INDIA,PETROL,124.8,KURUNEGALA,BRAND NEW,2025.0,358,,TVS NTORQ 125 CC
MOTOR CYCLE,TVS,TVS RAIDER 125,INDIA,PETROL,124.66,COLOMBO,BRAND NEW,2025.0,195,,TVS RAIDER 125
MOTOR CYCLE,LUYUAN,MNK3,CHINA,ELECTRIC,1.5,MATARA,BRAND NEW,2025.0,3,,MNK3
MOTOR CYCLE,TVS,NTORQ 125,SRI LANKA,PETROL,124.8,GALLE,BRAND NEW-L/ASSEMBLE,2025.0,8,,NTORQ 125
MOTOR CYCLE,TVS,TVS XL 100,SRI LANKA,PETROL,99.7,KALUTARA,BRAND NEW-L/ASSEMBLE,2025.0,9,,TVS XL 100
MOTOR CYCLE,TVS,TVS XL 100,SRI LANKA,PETROL,99.7,BADULLA,BRAND NEW-L/ASSEMBLE,2025.0,10,,TVS XL 100
MOTOR CYCLE,TVS,TVS NTORQ 125 CC,INDIA,PETROL,124.8,KILINOCHCHI,BRAND NEW,2025.0,33,,TVS NTORQ 125 CC
MOTOR CYCLE,RANOMOTO,GN125H,CHINA,PETROL,124.0,GALLE,BRAND NEW,2025.0,21,,GN125H
MOTOR CYCLE,TVS,TVS NTORQ 125 CC,INDIA,PETROL,124.8,JAFFNA,BRAND NEW,2025.0,169,,TVS NTORQ 125 CC
MOTOR CYCLE,TVS,TVS RAIDER 125,INDIA,PETROL,124.66,KEGALLE,BRAND NEW,2025.0,34,,TVS RAIDER 125
MOTOR CYCLE,TVS,TVS RAIDER 125,INDIA,PETROL,124.66,POLONNARUWA,BRAND NEW,2025.0,34,,TVS RAIDER 125
MOTOR CYCLE,BAJAJ,CT 100 ES,SRI LANKA,PETROL,102.0,JAFFNA,BRAND NEW-L/ASSEMBLE,2025.0,71,,CT 100 ES
MOTOR CYCLE,BAJAJ,CT 100 ES,SRI LANKA,PETROL,102.0,MANNAR,BRAND NEW-L/ASSEMBLE,2025.0,55,,CT 100 ES
MOTOR CYCLE,BAJAJ,PULSAR N 160,INDIA,PETROL,164.32,AMPARA,BRAND NEW,2025.0,137,,PULSAR N 160
MOTOR CYCLE,BAJAJ,PULSAR NS 200,INDIA,PETROL,199.5,KILINOCHCHI,BRAND NEW,2025.0,16,,PULSAR NS 200
MOTOR CYCLE,BAJAJ,CT 100 ES,INDIA,PETROL,102.0,GAMPAHA,BRAND NEW,2025.0,4,,CT 100 ES
MOTOR CYCLE,BAJAJ,PULSAR NS 200,INDIA,PETROL,199.5,PUTTALAM,BRAND NEW,2025.0,81,,PULSAR NS 200
MOTOR CYCLE,BAJAJ,PULSAR N 125,INDIA,PETROL,124.58,PUTTALAM,BRAND NEW,2025.0,50,,PULSAR N 125
MOTOR CYCLE,BAJAJ,PULSAR N 125,INDIA,PETROL,124.58,KILINOCHCHI,BRAND NEW,2025.0,6,,PULSAR N 125
MOTOR CYCLE,AIMA,MAVERICK,CHINA,ELECTRIC,2.0,POLONNARUWA,BRAND NEW,2025.0,6,,MAVERICK
MOTOR CYCLE,AIMA,BREEZY,CHINA,ELECTRIC,0.8,ANURADHAPURA,BRAND NEW,2025.0,17,,BREEZY
MOTOR CYCLE,HERO,HUNK 160,INDIA,PETROL,163.14,KANDY,BRAND NEW,2025.0,16,,HUNK 160
MOTOR CYCLE,HERO,HUNK 160,INDIA,PETROL,163.14,VAVUNIYA,BRAND NEW,2025.0,7,,HUNK 160
MOTOR CYCLE,TMR LUYUAN,COLA 5,CHINA,ELECTRIC,0.4,POLONNARUWA,BRAND NEW,2025.0,1,,COLA 5
MOTOR CYCLE,TMR QUANLE,XGW,CHINA,ELECTRIC,1.2,PUTTALAM,BRAND NEW,2025.0,4,,XGW
MOTOR CYCLE,TMR LUYUAN,MQQ6,CHINA,ELECTRIC,0.8,GALLE,BRAND NEW,2025.0,1,,MQQ6
MOTOR CYCLE,TVS,TVS NTORQ 125 CC,INDIA,PETROL,124.8,KALUTARA,BRAND NEW,2025.0,327,,TVS NTORQ 125 CC
MOTOR CYCLE,LUYUAN,MNK3,CHINA,ELECTRIC,1.5,GAMPAHA,BRAND NEW,2025.0,17,,MNK3
MOTOR CYCLE,SENARO,GN125,SRI LANKA,PETROL,125.0,PUTTALAM,BRAND NEW-L/ASSEMBLE,2025.0,7,,GN125
MOTOR CYCLE,TVS,TVS NTORQ 125 CC,INDIA,PETROL,124.8,AMPARA,BRAND NEW,2025.0,46,,TVS NTORQ 125 CC
MOTOR CYCLE,TVS,TVS RAIDER 125,INDIA,PETROL,124.66,GAMPAHA,BRAND NEW,2025.0,142,,TVS RAIDER 125
MOTOR CYCLE,TVS,TVS NTORQ 125 CC,INDIA,PETROL,124.8,POLONNARUWA,BRAND NEW,2025.0,74,,TVS NTORQ 125 CC
MOTOR CYCLE,RANOMOTO,GN125H,CHINA,PETROL,124.0,BADULLA,BRAND NEW,2025.0,26,,GN125H
MOTOR CYCLE,TVS,TVS RAIDER 125,INDIA,PETROL,124.66,KANDY,BRAND NEW,2025.0,48,,TVS RAIDER 125
MOTOR CYCLE,RANOMOTO,PATTAYA DOUBLE POWER,CHINA,PETROL,80.0,TRINCOMALEE,BRAND NEW,2025.0,3,,PATTAYA DOUBLE POWER
MOTOR CYCLE,BAJAJ,PULSAR NS 200,INDIA,PETROL,199.5,ANURADHAPURA,BRAND NEW,2025.0,89,,PULSAR NS 200
MOTOR CYCLE,BAJAJ,CT 100 ES,SRI LANKA,PETROL,102.0,BADULLA,BRAND NEW-L/ASSEMBLE,2025.0,104,,CT 100 ES
MOTOR CYCLE,BAJAJ,CT 100 ES,SRI LANKA,PETROL,102.0,GALLE,BRAND NEW-L/ASSEMBLE,2025.0,294,,CT 100 ES
MOTOR CYCLE,BAJAJ,CT 100 ES,SRI LANKA,PETROL,102.0,MATARA,BRAND NEW-L/ASSEMBLE,2025.0,130,,CT 100 ES
MOTOR CYCLE,BAJAJ,CT 100 ES,SRI LANKA,PETROL,102.0,GAMPAHA,BRAND NEW-L/ASSEMBLE,2025.0,404,,CT 100 ES
MOTOR CYCLE,BAJAJ,PULSAR N 160,INDIA,PETROL,164.32,GAMPAHA,BRAND NEW,2025.0,159,,PULSAR N 160
MOTOR CYCLE,BAJAJ,PULSAR NS 200,INDIA,PETROL,199.5,AMPARA,BRAND NEW,2025.0,96,,PULSAR NS 200
MOTOR CYCLE,BAJAJ,CT 100 ES,INDIA,PETROL,102.0,ANURADHAPURA,BRAND NEW,2025.0,13,,CT 100 ES
MOTOR CYCLE,BAJAJ,DISCOVER 125,SRI LANKA,PETROL,124.5,ANURADHAPURA,BRAND NEW-L/ASSEMBLE,2025.0,5,,DISCOVER 125
MOTOR CYCLE,BAJAJ,PULSAR N 160,INDIA,PETROL,164.32,TRINCOMALEE,BRAND NEW,2025.0,71,,PULSAR N 160
MOTOR CYCLE,BAJAJ,PULSAR N 125,INDIA,PETROL,124.58,COLOMBO,BRAND NEW,2025.0,92,,PULSAR N 125
MOTOR CYCLE,AIMA,LIBERTY,CHINA,ELECTRIC,1.2,COLOMBO,BRAND NEW,2025.0,4,,LIBERTY
MOTOR CYCLE,ATHER,450X,INDIA,ELECTRIC,3.0,KANDY,BRAND NEW,2025.0,2,,450X
MOTOR CYCLE,ATHER,450X,INDIA,ELECTRIC,3.0,RATNAPURA,BRAND NEW,2025.0,8,,450X
MOTOR CYCLE,YADEA,RUIBIN,CHINA,ELECTRIC,0.8,HAMBANTOTA,BRAND NEW,2025.0,11,,RUIBIN
MOTOR CYCLE,YADEA,T5,CHINA,ELECTRIC,1.2,PUTTALAM,BRAND NEW,2025.0,87,,T5
MOTOR CYCLE,YADEA,T5,CHINA,ELECTRIC,1.2,ANURADHAPURA,BRAND NEW,2025.0,144,,T5
MOTOR CYCLE,HERO,HUNK 160,INDIA,PETROL,163.14,JAFFNA,BRAND NEW,2025.0,19,,HUNK 160
MOTOR CYCLE,HONDA,PCX 125,JAPAN,PETROL,124.0,PUTTALAM,RECONDITIONED,2025.0,7,,PCX 125
MOTOR CYCLE,SENARO,GN125,SRI LANKA,PETROL,125.0,KANDY,BRAND NEW-L/ASSEMBLE,2025.0,6,,GN125
MOTOR CYCLE,TVS,TVS RAIDER 125,INDIA,PETROL,124.66,TRINCOMALEE,BRAND NEW,2025.0,25,,TVS RAIDER 125
MOTOR CYCLE,HONDA,PCX-160,JAPAN,PETROL,157.0,KANDY,RECONDITIONED,2025.0,1,PCX-160,Unknown
MOTOR CYCLE,TVS,TVS RAIDER 125,INDIA,PETROL,124.66,KURUNEGALA,BRAND NEW,2025.0,105,,TVS RAIDER 125
MOTOR CYCLE,TMR QUANLE,XGW,CHINA,ELECTRIC,1.2,RATNAPURA,BRAND NEW,2025.0,4,,XGW
MOTOR CYCLE,TVS,TVS NTORQ 125 CC,INDIA,PETROL,124.8,KEGALLE,BRAND NEW,2025.0,132,,TVS NTORQ 125 CC
MOTOR CYCLE,TMR LUYUAN,COLA 5,CHINA,ELECTRIC,0.4,AMPARA,BRAND NEW,2025.0,3,,COLA 5
MOTOR CYCLE,SENARO,GN125,SRI LANKA,PETROL,125.0,JAFFNA,BRAND NEW-L/ASSEMBLE,2025.0,3,,GN125
MOTOR CYCLE,TVS,TVS NTORQ 125 CC,INDIA,PETROL,124.8,MONERAGALA,BRAND NEW,2025.0,52,,TVS NTORQ 125 CC
MOTOR CYCLE,TVS,TVS XL 100,SRI LANKA,PETROL,99.7,COLOMBO,BRAND NEW-L/ASSEMBLE,2025.0,35,,TVS XL 100
MOTOR CYCLE,TVS,NTORQ 125,SRI LANKA,PETROL,124.8,BATTICALOA,BRAND NEW-L/ASSEMBLE,2025.0,12,,NTORQ 125
MOTOR CYCLE,TVS,TVS NTORQ 125 CC,INDIA,PETROL,124.8,BATTICALOA,BRAND NEW,2025.0,71,,TVS NTORQ 125 CC
MOTOR CYCLE,RANOMOTO,GN125H,CHINA,PETROL,124.0,RATNAPURA,BRAND NEW,2025.0,66,,GN125H
MOTOR CYCLE,TVS,TVS XL 100,SRI LANKA,PETROL,99.7,MATALE,BRAND NEW-L/ASSEMBLE,2025.0,19,,TVS XL 100
MOTOR CYCLE,TVS,IQUBE,INDIA,ELECTRIC,3.34,JAFFNA,BRAND NEW,2025.0,24,,IQUBE
MOTOR CYCLE,TVS,TVS RAIDER 125,INDIA,PETROL,124.66,MATALE,BRAND NEW,2025.0,10,,TVS RAIDER 125
MOTOR CYCLE,TVS,TVS RAIDER 125,INDIA,PETROL,124.66,JAFFNA,BRAND NEW,2025.0,12,,TVS RAIDER 125
MOTOR CYCLE,TVS,TVS RAIDER 125,INDIA,PETROL,124.66,PUTTALAM,BRAND NEW,2025.0,47,,TVS RAIDER 125
MOTOR CYCLE,BAJAJ,CT 100 ES,SRI LANKA,PETROL,102.0,PUTTALAM,BRAND NEW-L/ASSEMBLE,2025.0,239,,CT 100 ES
MOTOR CYCLE,BAJAJ,PULSAR NS 200,INDIA,PETROL,199.5,KURUNEGALA,BRAND NEW,2025.0,106,,PULSAR NS 200
MOTOR CYCLE,RANOMOTO,GN125H,CHINA,PETROL,124.0,KANDY,BRAND NEW,2025.0,12,,GN125H
MOTOR CYCLE,RANOMOTO,GN125H,CHINA,PETROL,124.0,MATALE,BRAND NEW,2025.0,4,,GN125H
MOTOR CYCLE,BAJAJ,PULSAR NS 200,INDIA,PETROL,199.5,GALLE,BRAND NEW,2025.0,95,,PULSAR NS 200
MOTOR CYCLE,BAJAJ,CT 100 ES,SRI LANKA,PETROL,102.0,MONERAGALA,BRAND NEW-L/ASSEMBLE,2025.0,119,,CT 100 ES
MOTOR CYCLE,BAJAJ,PULSAR NS 200,INDIA,PETROL,199.5,MATARA,BRAND NEW,2025.0,33,,PULSAR NS 200
MOTOR CYCLE,BAJAJ,PULSAR N 160,INDIA,PETROL,164.32,BADULLA,BRAND NEW,2025.0,86,,PULSAR N 160
MOTOR CYCLE,RANOMOTO,GN125H,CHINA,PETROL,124.0,JAFFNA,BRAND NEW,2025.0,1,,GN125H
MOTOR CYCLE,AIMA,ARIA,CHINA,ELECTRIC,0.8,KURUNEGALA,BRAND NEW,2025.0,12,,ARIA
MOTOR CYCLE,AIMA,MAVERICK,CHINA,ELECTRIC,2.0,BATTICALOA,BRAND NEW,2025.0,1,,MAVERICK
MOTOR CYCLE,ATHER,450X,INDIA,ELECTRIC,3.0,GALLE,BRAND NEW,2025.0,18,,450X
MOTOR CYCLE,HERO,HUNK 160,INDIA,PETROL,163.14,RATNAPURA,BRAND NEW,2025.0,14,,HUNK 160
MOTOR CYCLE,YADEA,T5,CHINA,ELECTRIC,1.2,AMPARA,BRAND NEW,2025.0,23,,T5
MOTOR CYCLE,HERO,HF-DELUXE,INDIA,PETROL,97.2,BATTICALOA,BRAND NEW,2025.0,237,HF-DELUXE,Unknown
MOTOR CYCLE,HERO,HUNK 160,INDIA,PETROL,163.14,MATARA,BRAND NEW,2025.0,17,,HUNK 160
MOTOR CYCLE,HERO,XTREME 125 R,INDIA,PETROL,124.7,KANDY,BRAND NEW,2025.0,17,,XTREME 125 R
MOTOR CYCLE,YAMAHA,FZ  VER 2.0,INDIA,PETROL,149.0,MATARA,BRAND NEW,2025.0,37,,FZ  VER 2.0
MOTOR CYCLE,HERO,HUNK 160,INDIA,PETROL,163.14,KALUTARA,BRAND NEW,2025.0,29,,HUNK 160
MOTOR CYCLE,YADEA,T 9,CHINA,ELECTRIC,2.0,GAMPAHA,BRAND NEW,2025.0,25,,T 9
MOTOR CYCLE,YAMAHA,RAY ZR STREET RALLY,INDIA,PETROL,113.0,MONERAGALA,BRAND NEW,2025.0,4,,RAY ZR STREET RALLY
MOTOR CYCLE,YAMAHA,RAY ZR 125,INDIA,PETROL,125.0,COLOMBO,BRAND NEW,2025.0,62,,RAY ZR 125
MOTOR CYCLE,YAMAHA,RAY ZR,INDIA,PETROL,113.0,MONERAGALA,BRAND NEW,2025.0,29,,RAY ZR
MOTOR CYCLE,YAMAHA,RAY ZR,INDIA,PETROL,113.0,RATNAPURA,BRAND NEW,2025.0,17,,RAY ZR
MOTOR CYCLE,YAMAHA,FZ S FI VER 4.0,INDIA,PETROL,149.0,MANNAR,BRAND NEW,2025.0,16,,FZ S FI VER 4.0
MOTOR CYCLE,YAMAHA,FZ S FI VER 4.0,INDIA,PETROL,149.0,KALUTARA,BRAND NEW,2025.0,38,,FZ S FI VER 4.0
MOTOR CYCLE,YAMAHA,FZ  VER 2.0,INDIA,PETROL,149.0,POLONNARUWA,BRAND NEW,2025.0,35,,FZ  VER 2.0
MOTOR CYCLE,HERO,XOOM-110,INDIA,PETROL,110.9,MATARA,BRAND NEW,2025.0,89,XOOM-110,Unknown
MOTOR CYCLE,HERO,XOOM-110,INDIA,PETROL,110.9,BADULLA,BRAND NEW,2025.0,37,XOOM-110,Unknown
MOTOR CYCLE,YAMAHA,FZ  VER 2.0,INDIA,PETROL,149.0,NUWARA-ELIYA,BRAND NEW,2025.0,14,,FZ  VER 2.0
MOTOR CYCLE,YAMAHA,RAY ZRSTREETRALLY125,INDIA,PETROL,125.0,JAFFNA,BRAND NEW,2025.0,18,,RAY ZRSTREETRALLY125
MOTOR CYCLE,YAMAHA,MT 15 VER 2.0,INDIA,PETROL,155.0,VAVUNIYA,BRAND NEW,2025.0,17,,MT 15 VER 2.0
MOTOR CYCLE,YAMAHA,RAY ZR 125,INDIA,PETROL,125.0,MATALE,BRAND NEW,2025.0,14,,RAY ZR 125
MOTOR CYCLE,YAMAHA,FZ  VER 2.0,INDIA,PETROL,149.0,PUTTALAM,BRAND NEW,2025.0,27,,FZ  VER 2.0
MOTOR CYCLE,HONDA,DIO DLX,INDIA,PETROL,109.0,TRINCOMALEE,BRAND NEW,2025.0,38,,DIO DLX
MOTOR CYCLE,HONDA,DIO STD,INDIA,PETROL,109.0,PUTTALAM,BRAND NEW,2025.0,30,,DIO STD
MOTOR CYCLE,HONDA,DIO DLX,INDIA,PETROL,109.0,POLONNARUWA,BRAND NEW,2025.0,30,,DIO DLX
MOTOR CYCLE,HONDA,DIO STD,INDIA,PETROL,109.0,GAMPAHA,BRAND NEW,2025.0,93,,DIO STD
MOTOR CYCLE,HONDA,DIO DLX,INDIA,PETROL,109.0,JAFFNA,BRAND NEW,2025.0,51,,DIO DLX
MOTOR CYCLE,HONDA,DIO STD,INDIA,PETROL,109.0,KILINOCHCHI,BRAND NEW,2025.0,6,,DIO STD
MOTOR CYCLE,YAMAHA,YZF R15 VER 4.0,INDIA,PETROL,155.0,VAVUNIYA,BRAND NEW,2025.0,3,,YZF R15 VER 4.0
MOTOR CYCLE,YAMAHA,MT 15 VER 2.0,INDIA,PETROL,155.0,KEGALLE,BRAND NEW,2025.0,4,,MT 15 VER 2.0
MOTOR CYCLE,YAMAHA,FZ  VER 2.0,INDIA,PETROL,149.0,JAFFNA,BRAND NEW,2025.0,7,,FZ  VER 2.0
MOTOR CYCLE,YAMAHA,RAY ZR,INDIA,PETROL,113.0,GALLE,BRAND NEW,2025.0,10,,RAY ZR
MOTOR CYCLE,BAJAJ,DISCOVER 125,SRI LANKA,PETROL,124.5,RATNAPURA,BRAND NEW-L/ASSEMBLE,2025.0,3,,DISCOVER 125
MOTOR CYCLE,BAJAJ,PULSAR N160,SRI LANKA,PETROL,164.82,AMPARA,BRAND NEW-L/ASSEMBLE,2025.0,44,,PULSAR N160
MOTOR CYCLE,YAMAHA,RAY ZR,INDIA,PETROL,113.0,MANNAR,BRAND NEW,2025.0,2,,RAY ZR
MOTOR CYCLE,BAJAJ,PULSAR NS 200,INDIA,PETROL,199.5,VAVUNIYA,BRAND NEW,2025.0,25,,PULSAR NS 200
MOTOR CYCLE,YAMAHA,RAY ZRSTREETRALLY125,INDIA,PETROL,125.0,KANDY,BRAND NEW,2025.0,13,,RAY ZRSTREETRALLY125
MOTOR CYCLE,RANOMOTO,PATTAYA DOUBLE POWER,CHINA,PETROL,80.0,KURUNEGALA,BRAND NEW,2025.0,9,,PATTAYA DOUBLE POWER
MOTOR CYCLE,RISE,LEADER R80 V2.0,SRI LANKA,ELECTRIC,1.5,COLOMBO,BRAND NEW-L/MANUFACT,2025.0,8,,LEADER R80 V2.0
MOTOR CYCLE,BAJAJ,PULSAR N 160,INDIA,PETROL,164.32,MATALE,BRAND NEW,2025.0,31,,PULSAR N 160
MOTOR CYCLE,BAJAJ,PULSAR N 125,INDIA,PETROL,124.5,GAMPAHA,BRAND NEW,2025.0,1,,PULSAR N 125
MOTOR CYCLE,YAMAHA,RAY ZR STREET RALLY,INDIA,PETROL,113.0,KANDY,BRAND NEW,2025.0,2,,RAY ZR STREET RALLY
MOTOR CYCLE,AIMA,ARIA,CHINA,ELECTRIC,0.8,GALLE,BRAND NEW,2025.0,5,,ARIA
MOTOR CYCLE,YAMAHA,MT 15 VER 2.0,INDIA,PETROL,155.0,PUTTALAM,BRAND NEW,2025.0,10,,MT 15 VER 2.0
MOTOR CYCLE,BAJAJ,PULSAR N160,SRI LANKA,PETROL,164.82,KALUTARA,BRAND NEW-L/ASSEMBLE,2025.0,60,,PULSAR N160
MOTOR CYCLE,NWOW,ARS,CHINA,ELECTRIC,0.45,MATARA,BRAND NEW,2025.0,8,,ARS
MOTOR CYCLE,TVS,IQUBE,INDIA,ELECTRIC,3.34,MATARA,BRAND NEW,2025.0,5,,IQUBE
MOTOR CYCLE,YAMAHA,RAY ZRSTREETRALLY125,INDIA,PETROL,125.0,MANNAR,BRAND NEW,2025.0,4,,RAY ZRSTREETRALLY125
MOTOR CYCLE,LIMA,EL07,CHINA,ELECTRIC,1.5,KURUNEGALA,BRAND NEW,2024.0,1,,EL07
MOTOR CYCLE,AIMA,MAVERICK,CHINA,ELECTRIC,2.0,HAMBANTOTA,BRAND NEW,2025.0,9,,MAVERICK
MOTOR CYCLE,HERO,HUNK 160,INDIA,PETROL,163.14,AMPARA,BRAND NEW,2025.0,43,,HUNK 160
MOTOR CYCLE,HERO,XTREME 125 R,INDIA,PETROL,124.7,BATTICALOA,BRAND NEW,2025.0,9,,XTREME 125 R
MOTOR CYCLE,BAJAJ,PULSAR N160,SRI LANKA,PETROL,164.82,TRINCOMALEE,BRAND NEW-L/ASSEMBLE,2025.0,36,,PULSAR N160
MOTOR CYCLE,HONDA,CD 125T BENLY,JAPAN,PETROL,125.0,MATARA,RECONDITIONED,1999.0,1,,CD 125T BENLY
MOTOR CYCLE,BAJAJ,BOXER BM 100,INDIA,PETROL,99.27,MATARA,BRAND NEW,2010.0,1,,BOXER BM 100
MOTOR CYCLE,BAJAJ,BOXER DELUXE,INDIA,PETROL,99.35,MATARA,BRAND NEW,2003.0,3,,BOXER DELUXE
MOTOR CYCLE,HONDA,MD 90,JAPAN,PETROL,90.0,MATARA,RECONDITIONED,2001.0,1,,MD 90
MOTOR CYCLE,BAJAJ,CT 100,INDIA,PETROL,99.27,MATARA,BRAND NEW,2006.0,1,,CT 100
MOTOR CYCLE,SENARO,CLICK 150,SRI LANKA,PETROL,150.0,COLOMBO,BRAND NEW-L/ASSEMBLE,2024.0,1,,CLICK 150
MOTOR CYCLE,RANOMOTO,FLASH,CHINA,PETROL,79.0,PUTTALAM,BRAND NEW,2025.0,1,,FLASH
MOTOR CYCLE,BAJAJ,CT 100 ES,INDIA,PETROL,102.0,GALLE,BRAND NEW,2025.0,10,,CT 100 ES
MOTOR CYCLE,BAJAJ,DISCOVER  125,INDIA,PETROL,124.5,NUWARA-ELIYA,BRAND NEW,2025.0,1,,DISCOVER  125
MOTOR CYCLE,HERO,XOOM-110,INDIA,PETROL,110.9,KEGALLE,BRAND NEW,2025.0,37,XOOM-110,Unknown
MOTOR CYCLE,HERO,XOOM-110,INDIA,PETROL,110.9,BATTICALOA,BRAND NEW,2025.0,80,XOOM-110,Unknown
MOTOR CYCLE,RANOMOTO,MOPED SUPER,SRI LANKA,PETROL,49.0,KURUNEGALA,BRAND NEW-L/ASSEMBLE,2024.0,2,,MOPED SUPER
MOTOR CYCLE,HONDA,ADV 160,JAPAN,PETROL,157.0,KALUTARA,RECONDITIONED,2025.0,1,,ADV 160
MOTOR CYCLE,RANOMOTO,MOPED SUPER,SRI LANKA,PETROL,49.0,KALUTARA,BRAND NEW-L/ASSEMBLE,2024.0,2,,MOPED SUPER
MOTOR CYCLE,LUYUAN ALFA,MKK-Z23E-12-C,CHINA,ELECTRIC,1.2,POLONNARUWA,BRAND NEW,2025.0,6,MKK-Z23E-12-C,Unknown
MOTOR CYCLE,YADEA,EPOC H,CHINA,ELECTRIC,2.0,KALUTARA,BRAND NEW,2025.0,7,,EPOC H
MOTOR CYCLE,HERO,XOOM-110,INDIA,PETROL,110.9,KANDY,BRAND NEW,2025.0,54,XOOM-110,Unknown
MOTOR CYCLE,HERO,XOOM-110,INDIA,PETROL,110.9,NUWARA-ELIYA,BRAND NEW,2025.0,16,XOOM-110,Unknown
MOTOR CYCLE,YAMAHA,RAY ZRSTREETRALLY125,INDIA,PETROL,125.0,GALLE,BRAND NEW,2025.0,17,,RAY ZRSTREETRALLY125
MOTOR CYCLE,YADEA,T 9,CHINA,ELECTRIC,2.0,HAMBANTOTA,BRAND NEW,2025.0,23,,T 9
MOTOR CYCLE,ATHER,450X,INDIA,ELECTRIC,3.0,MATARA,BRAND NEW,2024.0,1,,450X
MOTOR CYCLE,YAMAHA,RAY ZR 125,INDIA,PETROL,125.0,KEGALLE,BRAND NEW,2025.0,8,,RAY ZR 125
MOTOR CYCLE,YADEA,EZEEGO,CHINA,ELECTRIC,1.2,GAMPAHA,BRAND NEW,2025.0,1,,EZEEGO
MOTOR CYCLE,NWOW,SE,CHINA,ELECTRIC,0.8,GAMPAHA,BRAND NEW,2024.0,7,,SE
MOTOR CYCLE,BAJAJ,DISCOVER 125,SRI LANKA,PETROL,124.5,AMPARA,BRAND NEW-L/ASSEMBLE,2025.0,3,,DISCOVER 125
MOTOR CYCLE,TMR QUANLE,Q1,CHINA,ELECTRIC,1.2,ANURADHAPURA,BRAND NEW,2024.0,1,,Q1
MOTOR CYCLE,HONDA,PCX,JAPAN,PETROL,157.0,KANDY,RECONDITIONED,2023.0,1,,PCX
MOTOR CYCLE,YADEA,RUIBIN,CHINA,ELECTRIC,0.8,TRINCOMALEE,BRAND NEW,2025.0,5,,RUIBIN
MOTOR CYCLE,BAJAJ,CT 100 ES,INDIA,PETROL,102.0,KANDY,BRAND NEW,2025.0,1,,CT 100 ES
MOTOR CYCLE,GALLANT,TM-70,SRI LANKA,PETROL,70.0,POLONNARUWA,BRAND NEW-L/MANUFACT,2024.0,1,TM-70,Unknown
MOTOR CYCLE,TMR QUANLE,ZL,CHINA,ELECTRIC,2.0,KURUNEGALA,BRAND NEW,2025.0,7,,ZL
MOTOR CYCLE,RANOMOTO,TANK,CHINA,PETROL,80.0,HAMBANTOTA,BRAND NEW,2025.0,1,,TANK
MOTOR CYCLE,HONDA,PCX 160,JAPAN,PETROL,156.0,GAMPAHA,RECONDITIONED,2025.0,1,,PCX 160
MOTOR CYCLE,HONDA,PCX,VIETNAM,PETROL,124.0,KURUNEGALA,RECONDITIONED,2024.0,1,,PCX
MOTOR CYCLE,HERO,HF-DELUXE,INDIA,PETROL,97.2,KANDY,BRAND NEW,2025.0,2,HF-DELUXE,Unknown
MOTOR CYCLE,AIMA,ARIA,CHINA,ELECTRIC,0.8,COLOMBO,BRAND NEW,2025.0,2,,ARIA
MOTOR CYCLE,TVS,IQUBE,INDIA,ELECTRIC,3.34,TRINCOMALEE,BRAND NEW,2025.0,3,,IQUBE
MOTOR CYCLE,HONDA,PCX-160,JAPAN,PETROL,156.0,TRINCOMALEE,RECONDITIONED,2025.0,1,PCX-160,Unknown
MOTOR CYCLE,SENARO,CLICK 150,SRI LANKA,PETROL,150.0,PUTTALAM,BRAND NEW-L/ASSEMBLE,2025.0,1,,CLICK 150
MOTOR CYCLE,BAJAJ,DISCOVER  125,INDIA,PETROL,124.5,MATALE,BRAND NEW,2025.0,1,,DISCOVER  125
MOTOR CYCLE,HONDA,PCX125,JAPAN,PETROL,125.0,PUTTALAM,RECONDITIONED,2025.0,1,,PCX125
MOTOR CYCLE,YADEA,M6,CHINA,ELECTRIC,1.2,JAFFNA,BRAND NEW,2025.0,2,,M6
MOTOR CYCLE,YADEA,EPOC H,CHINA,ELECTRIC,2.0,VAVUNIYA,BRAND NEW,2025.0,1,,EPOC H
MOTOR CYCLE,RANOMOTO,TANK,CHINA,PETROL,80.0,GAMPAHA,BRAND NEW,2025.0,3,,TANK
MOTOR CYCLE,TVS,TVS RAIDER 125,INDIA,PETROL,124.66,GAMPAHA,BRAND NEW,2015.0,1,,TVS RAIDER 125
MOTOR CYCLE,YADEA,RUIBIN,CHINA,ELECTRIC,0.8,POLONNARUWA,BRAND NEW,2025.0,13,,RUIBIN
MOTOR CYCLE,TVS,TVS RAIDER 125,INDIA,PETROL,124.66,invalid ampara,BRAND NEW,2025.0,1,,TVS RAIDER 125
MOTOR CYCLE,HERO,HUNK 160,INDIA,PETROL,163.14,BATTICALOA,BRAND NEW,2005.0,1,,HUNK 160
MOTOR CYCLE,TMR LUYUAN,COLA 5,CHINA,ELECTRIC,0.4,KEGALLE,BRAND NEW,2025.0,1,,COLA 5
MOTOR CYCLE,TMR QUANLE,G18,CHINA,ELECTRIC,2.0,RATNAPURA,BRAND NEW,2025.0,1,,G18
MOTOR CYCLE,AIMA,BREEZY,CHINA,ELECTRIC,0.8,BATTICALOA,BRAND NEW,2025.0,2,,BREEZY
MOTOR CYCLE,YAMAHA,NMAX,JAPAN,PETROL,125.0,KANDY,RECONDITIONED,2025.0,1,,NMAX
MOTOR CYCLE,HONDA,ADV 160,JAPAN,PETROL,157.0,ANURADHAPURA,RECONDITIONED,2024.0,1,,ADV 160
MOTOR CYCLE,BAJAJ,PULSAR N160,SRI LANKA,PETROL,164.82,BADULLA,BRAND NEW-L/ASSEMBLE,2025.0,15,,PULSAR N160
MOTOR CYCLE,RANOMOTO,PATTAYA DOUBLE POWER,CHINA,PETROL,80.0,JAFFNA,BRAND NEW,2025.0,2,,PATTAYA DOUBLE POWER
MOTOR CYCLE,NWOW,GB2,CHINA,ELECTRIC,0.4,COLOMBO,BRAND NEW,2025.0,1,,GB2
MOTOR CYCLE,BAJAJ,PULSAR N 160,INDIA,PETROL,164.82,PUTTALAM,BRAND NEW,2025.0,1,,PULSAR N 160
MOTOR CYCLE,VEDRIVE,E-BIKE,CHINA,ELECTRIC,0.4,COLOMBO,BRAND NEW,2025.0,1,,E-BIKE
MOTOR CYCLE,TMR QUANLE,G18,CHINA,ELECTRIC,2.0,TRINCOMALEE,BRAND NEW,2025.0,1,,G18
MOTOR CYCLE,ROYAL ENFIELD,CLASSIC 350,INDIA,PETROL,349.0,AMPARA,BRAND NEW,2025.0,1,,CLASSIC 350
MOTOR CYCLE,HONDA,ADV 160,JAPAN,PETROL,157.0,HAMBANTOTA,RECONDITIONED,2025.0,1,,ADV 160
MOTOR CYCLE,TMR LUYUAN,MQQ6,CHINA,ELECTRIC,0.8,AMPARA,BRAND NEW,2025.0,1,,MQQ6
MOTOR CYCLE,NWOW,SE,CHINA,ELECTRIC,0.8,COLOMBO,BRAND NEW,2018.0,1,,SE
MOTOR CYCLE,HERO,XTREME 125 R,INDIA,PETROL,124.7,MATARA,BRAND NEW,2025.0,15,,XTREME 125 R
MOTOR CYCLE,HERO,XTREME 125 R,INDIA,PETROL,124.7,MATALE,BRAND NEW,2025.0,18,,XTREME 125 R
MOTOR CYCLE,HERO,HUNK 160,INDIA,PETROL,163.14,HAMBANTOTA,BRAND NEW,2025.0,22,,HUNK 160
MOTOR CYCLE,YADEA,RUIBIN,CHINA,ELECTRIC,0.8,KANDY,BRAND NEW,2025.0,4,,RUIBIN
MOTOR CYCLE,YADEA,T5,CHINA,ELECTRIC,1.2,COLOMBO,BRAND NEW,2025.0,73,,T5
MOTOR CYCLE,YADEA,RUIBIN,CHINA,ELECTRIC,0.8,PUTTALAM,BRAND NEW,2025.0,27,,RUIBIN
MOTOR CYCLE,YADEA,T5,CHINA,ELECTRIC,1.2,TRINCOMALEE,BRAND NEW,2025.0,12,,T5
MOTOR CYCLE,YAMAHA,FZ S FI VER 4.0,INDIA,PETROL,149.0,BATTICALOA,BRAND NEW,2025.0,129,,FZ S FI VER 4.0
MOTOR CYCLE,YAMAHA,RAY ZR STREET RALLY,INDIA,PETROL,113.0,KALUTARA,BRAND NEW,2025.0,14,,RAY ZR STREET RALLY
MOTOR CYCLE,YAMAHA,RAY ZR 125,INDIA,PETROL,125.0,KILINOCHCHI,BRAND NEW,2025.0,25,,RAY ZR 125
MOTOR CYCLE,YAMAHA,FZ  VER 2.0,INDIA,PETROL,149.0,BADULLA,BRAND NEW,2025.0,10,,FZ  VER 2.0
MOTOR CYCLE,YAMAHA,RAY ZR,INDIA,PETROL,113.0,AMPARA,BRAND NEW,2025.0,24,,RAY ZR
MOTOR CYCLE,HERO,HF-DELUXE,INDIA,PETROL,97.2,COLOMBO,BRAND NEW,2025.0,6,HF-DELUXE,Unknown
MOTOR CYCLE,LUYUAN ALFA,MKK-Z23E-12-C,CHINA,ELECTRIC,1.2,MONERAGALA,BRAND NEW,2025.0,2,MKK-Z23E-12-C,Unknown
MOTOR CYCLE,DIMEN,D60,CHINA,ELECTRIC,1.2,GALLE,BRAND NEW,2025.0,1,,D60
MOTOR CYCLE,TVS,IQUBE,INDIA,ELECTRIC,3.34,GAMPAHA,BRAND NEW,2025.0,19,,IQUBE
MOTOR CYCLE,YAMAHA,RAY ZR,INDIA,PETROL,113.0,KANDY,BRAND NEW,2025.0,16,,RAY ZR
MOTOR CYCLE,YAMAHA,FZ  VER 2.0,INDIA,PETROL,149.0,MANNAR,BRAND NEW,2025.0,9,,FZ  VER 2.0
MOTOR CYCLE,YAMAHA,FZ S FI VER 4.0,INDIA,PETROL,149.0,GAMPAHA,BRAND NEW,2025.0,119,,FZ S FI VER 4.0
MOTOR CYCLE,HONDA,DIO DLX,INDIA,PETROL,109.0,KURUNEGALA,BRAND NEW,2025.0,92,,DIO DLX
MOTOR CYCLE,HONDA,DIO DLX,INDIA,PETROL,109.0,KALUTARA,BRAND NEW,2025.0,80,,DIO DLX
MOTOR CYCLE,YAMAHA,RAY ZRSTREETRALLY125,INDIA,PETROL,125.0,KURUNEGALA,BRAND NEW,2025.0,16,,RAY ZRSTREETRALLY125
MOTOR CYCLE,YAMAHA,RAY ZR STREET RALLY,INDIA,PETROL,113.0,RATNAPURA,BRAND NEW,2025.0,1,,RAY ZR STREET RALLY
MOTOR CYCLE,YAMAHA,FZ S FI VER 4.0,INDIA,PETROL,149.0,ANURADHAPURA,BRAND NEW,2025.0,34,,FZ S FI VER 4.0
MOTOR CYCLE,YAMAHA,RAY ZR STREET RALLY,INDIA,PETROL,113.0,HAMBANTOTA,BRAND NEW,2025.0,9,,RAY ZR STREET RALLY
MOTOR CYCLE,YAMAHA,FZ S FI VER 4.0,INDIA,PETROL,149.0,NUWARA-ELIYA,BRAND NEW,2025.0,10,,FZ S FI VER 4.0
MOTOR CYCLE,YAMAHA,RAY ZR,INDIA,PETROL,113.0,KALUTARA,BRAND NEW,2025.0,10,,RAY ZR
MOTOR CYCLE,YAMAHA,RAY ZR STREET RALLY,INDIA,PETROL,113.0,BADULLA,BRAND NEW,2025.0,6,,RAY ZR STREET RALLY
MOTOR CYCLE,YAMAHA,RAY ZR 125,INDIA,PETROL,125.0,KALUTARA,BRAND NEW,2025.0,31,,RAY ZR 125
MOTOR CYCLE,BAJAJ,CT 100 ES,INDIA,PETROL,102.0,COLOMBO,BRAND NEW,2025.0,23,,CT 100 ES
MOTOR CYCLE,TVS,IQUBE,INDIA,ELECTRIC,3.34,GALLE,BRAND NEW,2025.0,6,,IQUBE
MOTOR CYCLE,SUPER SOCO,TS STREET HUNTER,CHINA,ELECTRIC,2.5,COLOMBO,BRAND NEW,2024.0,1,,TS STREET HUNTER
MOTOR CYCLE,RANOMOTO,FLASH,CHINA,PETROL,79.0,GAMPAHA,BRAND NEW,2025.0,59,,FLASH
MOTOR CYCLE,RISE,LEADER R80 V2.0,SRI LANKA,ELECTRIC,1.5,GALLE,BRAND NEW-L/MANUFACT,2025.0,11,,LEADER R80 V2.0
MOTOR CYCLE,LUYUAN ALFA,M-MKK-Z30LJ-12-C,CHINA,ELECTRIC,1.8,COLOMBO,BRAND NEW,2025.0,7,,M-MKK-Z30LJ-12-C
MOTOR CYCLE,BAJAJ,PULSAR N160,SRI LANKA,PETROL,164.82,BATTICALOA,BRAND NEW-L/ASSEMBLE,2025.0,28,,PULSAR N160
MOTOR CYCLE,RANOMOTO,GN125H,CHINA,PETROL,124.0,KEGALLE,BRAND NEW,2025.0,17,,GN125H
MOTOR CYCLE,BAJAJ,PULSAR N160,SRI LANKA,PETROL,164.82,KANDY,BRAND NEW-L/ASSEMBLE,2025.0,17,,PULSAR N160
MOTOR CYCLE,BAJAJ,PULSAR NS 200,INDIA,PETROL,199.5,MANNAR,BRAND NEW,2025.0,22,,PULSAR NS 200
MOTOR CYCLE,HUSKEY,ADV TE 1S,CHINA,PETROL,150.0,JAFFNA,BRAND NEW,2025.0,1,,ADV TE 1S
MOTOR CYCLE,YAMAHA,RAY ZR STREET RALLY,INDIA,PETROL,113.0,KURUNEGALA,BRAND NEW,2025.0,12,,RAY ZR STREET RALLY
MOTOR CYCLE,AIMA,MAVERICK,CHINA,ELECTRIC,2.0,PUTTALAM,BRAND NEW,2025.0,3,,MAVERICK
MOTOR CYCLE,AIMA,MAVERICK,CHINA,ELECTRIC,2.0,MONERAGALA,BRAND NEW,2025.0,10,,MAVERICK
MOTOR CYCLE,AIMA,MANA,CHINA,ELECTRIC,1.5,PUTTALAM,BRAND NEW,2025.0,1,,MANA
MOTOR CYCLE,YAMAHA,MT 15 VER 2.0,INDIA,PETROL,155.0,ANURADHAPURA,BRAND NEW,2025.0,4,,MT 15 VER 2.0
MOTOR CYCLE,YAMAHA,RAY ZR STREET RALLY,INDIA,PETROL,113.0,KEGALLE,BRAND NEW,2025.0,2,,RAY ZR STREET RALLY
MOTOR CYCLE,LIMA,EL07,CHINA,ELECTRIC,1.5,PUTTALAM,BRAND NEW,2025.0,6,,EL07
MOTOR CYCLE,LIMA,EL07,CHINA,ELECTRIC,1.5,RATNAPURA,BRAND NEW,2025.0,1,,EL07
MOTOR CYCLE,BAJAJ,PULSAR N 125,INDIA,PETROL,124.58,MATARA,BRAND NEW,2025.0,25,,PULSAR N 125
MOTOR CYCLE,ATHER,450X,INDIA,ELECTRIC,3.0,KURUNEGALA,BRAND NEW,2025.0,6,,450X
MOTOR CYCLE,BAJAJ,CT 100,INDIA,PETROL,100.0,MATARA,BRAND NEW,2004.0,1,,CT 100
MOTOR CYCLE,HONDA,C 50,JAPAN,PETROL,50.0,MATARA,RECONDITIONED,1998.0,1,,C 50
MOTOR CYCLE,BAJAJ,BOXER CT-DX,INDIA,PETROL,99.35,MATARA,BRAND NEW,2001.0,4,,BOXER CT-DX
MOTOR CYCLE,BAJAJ,BOXER CT -DX,INDIA,PETROL,99.35,MATARA,BRAND NEW,2002.0,1,,BOXER CT -DX
MOTOR CYCLE,HONDA,MD 90,JAPAN,PETROL,90.0,MATARA,RECONDITIONED,2002.0,1,,MD 90
MOTOR CYCLE,RISE,LEADER PLUS,SRI LANKA,ELECTRIC,2.0,ANURADHAPURA,BRAND NEW-L/MANUFACT,2025.0,1,,LEADER PLUS
MOTOR CYCLE,QUANLE,N9 (NINEBOT),CHINA,ELECTRIC,1.5,GALLE,BRAND NEW,2025.0,1,,N9 (NINEBOT)
MOTOR CYCLE,TMR LUYUAN,COLA 5,CHINA,ELECTRIC,0.4,HAMBANTOTA,BRAND NEW,2025.0,5,,COLA 5
MOTOR CYCLE,SENARO,GN125,SRI LANKA,PETROL,125.0,TRINCOMALEE,BRAND NEW-L/ASSEMBLE,2025.0,9,,GN125
MOTOR CYCLE,LUYUAN,MS70 Z23E,CHINA,ELECTRIC,1.2,MONERAGALA,BRAND NEW,2025.0,1,,MS70 Z23E
MOTOR CYCLE,BAJAJ,PULSAR N160,SRI LANKA,PETROL,164.82,MATALE,BRAND NEW-L/ASSEMBLE,2025.0,7,,PULSAR N160
MOTOR CYCLE,YADEA,RUIBIN,CHINA,ELECTRIC,0.8,JAFFNA,BRAND NEW,2025.0,8,,RUIBIN
MOTOR CYCLE,HONDA,MD 90,JAPAN,PETROL,90.0,MATARA,RECONDITIONED,2009.0,1,,MD 90
MOTOR CYCLE,RANOMOTO,MOPED SUPER,SRI LANKA,PETROL,49.0,ANURADHAPURA,BRAND NEW-L/ASSEMBLE,2024.0,18,,MOPED SUPER
MOTOR CYCLE,ROYAL ENFIELD,HUNTER 350,INDIA,PETROL,349.0,KEGALLE,RECONDITIONED,2024.0,1,,HUNTER 350
MOTOR CYCLE,KAWASAKI,EX 250 K,JAPAN,PETROL,248.0,KURUNEGALA,BOUGHT FROM AUCTION,2019.0,1,,EX 250 K
MOTOR CYCLE,BAJAJ,DISCOVER  125,INDIA,PETROL,124.5,BADULLA,BRAND NEW,2025.0,2,,DISCOVER  125
MOTOR CYCLE,YAMAHA,RAY ZR,INDIA,PETROL,113.0,MATARA,BRAND NEW,2025.0,13,,RAY ZR
MOTOR CYCLE,YAMAHA,RAY ZR 125,INDIA,PETROL,125.0,GALLE,BRAND NEW,2025.0,20,,RAY ZR 125
MOTOR CYCLE,HONDA,8BK-KF47,JAPAN,PETROL,156.0,KANDY,RECONDITIONED,2025.0,1,8BK-KF47,Unknown
MOTOR CYCLE,LUYUAN,S90 PLUS,CHINA,ELECTRIC,1.5,KALUTARA,BRAND NEW,2025.0,2,,S90 PLUS
MOTOR CYCLE,NWOW,SE,CHINA,ELECTRIC,0.8,COLOMBO,BRAND NEW,2024.0,4,,SE
MOTOR CYCLE,NWOW,V11,CHINA,ELECTRIC,1.0,GALLE,BRAND NEW,2024.0,2,,V11
MOTOR CYCLE,NWOW,WSP,CHINA,ELECTRIC,1.5,COLOMBO,BRAND NEW,2024.0,2,,WSP
MOTOR CYCLE,YAMAHA,YZF R15 VER 4.0,INDIA,PETROL,155.0,BADULLA,BRAND NEW,2025.0,1,,YZF R15 VER 4.0
MOTOR CYCLE,HONDA,PCX,JAPAN,PETROL,125.0,KURUNEGALA,RECONDITIONED,2025.0,2,,PCX
MOTOR CYCLE,TVS,NTORQ 125,SRI LANKA,PETROL,124.8,MATARA,BRAND NEW-L/ASSEMBLE,2025.0,1,,NTORQ 125
MOTOR CYCLE,BAJAJ,PULSAR N160,SRI LANKA,PETROL,164.82,KURUNEGALA,BRAND NEW-L/ASSEMBLE,2025.0,37,,PULSAR N160
MOTOR CYCLE,RAPTOR,MAX,INDIA,ELECTRIC,1.0,KANDY,BRAND NEW,2022.0,1,,MAX
MOTOR CYCLE,SENARO,CLICK 150,SRI LANKA,PETROL,150.0,KURUNEGALA,BRAND NEW-L/ASSEMBLE,2025.0,2,,CLICK 150
MOTOR CYCLE,YAMAHA,MT 15 VER 2.0,INDIA,PETROL,155.0,NUWARA-ELIYA,BRAND NEW,2025.0,6,,MT 15 VER 2.0
MOTOR CYCLE,YAMAHA,YZF R15 VER 4.0,INDIA,PETROL,155.0,MATARA,BRAND NEW,2025.0,1,,YZF R15 VER 4.0
MOTOR CYCLE,BAJAJ,PULSAR N160,SRI LANKA,PETROL,164.82,MULLATIVU,BRAND NEW-L/ASSEMBLE,2025.0,10,,PULSAR N160
MOTOR CYCLE,HERO,HF-DELUXE,INDIA,PETROL,97.2,NUWARA-ELIYA,BRAND NEW,2025.0,2,HF-DELUXE,Unknown
MOTOR CYCLE,HERO,HF-DELUXE,INDIA,PETROL,97.2,KALUTARA,BRAND NEW,2025.0,5,HF-DELUXE,Unknown
MOTOR CYCLE,HERO,HF-DELUXE,INDIA,PETROL,97.2,ANURADHAPURA,BRAND NEW,2025.0,5,HF-DELUXE,Unknown
MOTOR CYCLE,AIMA,MANA,CHINA,ELECTRIC,1.5,GALLE,BRAND NEW,2025.0,4,,MANA
MOTOR CYCLE,SENARO,CLICK 150,SRI LANKA,PETROL,150.0,MATALE,BRAND NEW-L/ASSEMBLE,2025.0,3,,CLICK 150
MOTOR CYCLE,AIMA,MANA,CHINA,ELECTRIC,1.5,MATARA,BRAND NEW,2025.0,2,,MANA
MOTOR CYCLE,TMR QUANLE,ZL,CHINA,ELECTRIC,2.0,COLOMBO,BRAND NEW,2025.0,2,,ZL
MOTOR CYCLE,SHANGLING,E- BILKE,CHINA,ELECTRIC,1.0,GAMPAHA,BRAND NEW,2022.0,1,,E- BILKE
MOTOR CYCLE,HONDA,PCX 125,JAPAN,PETROL,125.0,GAMPAHA,RECONDITIONED,2025.0,1,,PCX 125
MOTOR CYCLE,HERO,XOOM-110,INDIA,PETROL,1.2,GAMPAHA,BRAND NEW,2025.0,1,XOOM-110,Unknown
MOTOR CYCLE,RANOMOTO,FLASH,CHINA,PETROL,79.0,BADULLA,BRAND NEW,2025.0,5,,FLASH
MOTOR CYCLE,RANOMOTO,C 50 CUSTOM,SRI LANKA,PETROL,49.0,PUTTALAM,BRAND NEW-L/ASSEMBLE,2025.0,2,,C 50 CUSTOM
MOTOR CYCLE,YAMAHA,YZF R15 VER 4.0,INDIA,PETROL,155.0,TRINCOMALEE,BRAND NEW,2025.0,2,,YZF R15 VER 4.0
MOTOR CYCLE,LENCAR,ERC80,SRI LANKA,ELECTRIC,1.2,KALUTARA,BRAND NEW-L/ASSEMBLE,2023.0,1,,ERC80
MOTOR CYCLE,RISE,LEADER 125,SRI LANKA,PETROL,125.0,KURUNEGALA,BRAND NEW-L/MANUFACT,2025.0,5,,LEADER 125
MOTOR CYCLE,HONDA,PCX-160,JAPAN,PETROL,157.0,KURUNEGALA,RECONDITIONED,2025.0,2,PCX-160,Unknown
MOTOR CYCLE,N MOTO,NCS-W-Y1,CHINA,ELECTRIC,1.5,COLOMBO,BRAND NEW,2025.0,1,NCS-W-Y1,Unknown
MOTOR CYCLE,HONDA,8BK-KF47,JAPAN,PETROL,157.0,KALUTARA,RECONDITIONED,2025.0,1,8BK-KF47,Unknown
MOTOR CYCLE,TMR QUANLE,ZL,CHINA,ELECTRIC,2.0,GAMPAHA,BRAND NEW,2025.0,2,,ZL
MOTOR CYCLE,HONDA,PCX 160,VIETNAM,PETROL,157.0,GAMPAHA,RECONDITIONED,2025.0,1,,PCX 160
MOTOR CYCLE,SLING,EBIKE,INDIA,ELECTRIC,1.8,COLOMBO,BRAND NEW,2024.0,1,,EBIKE
MOTOR CYCLE,N MOTO,LX05-W-Y1,CHINA,ELECTRIC,1.5,COLOMBO,BRAND NEW,2025.0,1,LX05-W-Y1,Unknown
MOTOR CYCLE,LIMA,EL07,CHINA,ELECTRIC,1.5,KEGALLE,BRAND NEW,2025.0,2,,EL07
MOTOR CYCLE,TVS,IQUBE,INDIA,ELECTRIC,3.34,VAVUNIYA,BRAND NEW,2025.0,1,,IQUBE
MOTOR CYCLE,AIMA,LIBERTY,CHINA,ELECTRIC,1.2,KANDY,BRAND NEW,2025.0,1,,LIBERTY
MOTOR CYCLE,RISE,LEADER R80 V2.0,SRI LANKA,ELECTRIC,1.5,BADULLA,BRAND NEW-L/MANUFACT,2025.0,1,,LEADER R80 V2.0
MOTOR CYCLE,YADEA,T 9,CHINA,ELECTRIC,2.0,RATNAPURA,BRAND NEW,2025.0,2,,T 9
MOTOR CYCLE,YADEA,T5,CHINA,ELECTRIC,1.2,AMPARA,BRAND NEW,2024.0,1,,T5
MOTOR CYCLE,RISE,LEADER R80 V2.0,SRI LANKA,ELECTRIC,1.5,KALUTARA,BRAND NEW-L/MANUFACT,2025.0,1,,LEADER R80 V2.0
MOTOR CYCLE,HERO,HF-DELUXE,INDIA,PETROL,97.2,RATNAPURA,BRAND NEW,2025.0,1,HF-DELUXE,Unknown
MOTOR CYCLE,TMR QUANLE,ZL,CHINA,ELECTRIC,2.0,KEGALLE,BRAND NEW,2025.0,1,,ZL
MOTOR CYCLE,HONDA,PCX160,VIETNAM,PETROL,156.0,GAMPAHA,RECONDITIONED,2025.0,1,,PCX160
MOTOR CYCLE,AIMA,ARIA,CHINA,ELECTRIC,0.8,BATTICALOA,BRAND NEW,2025.0,1,,ARIA
MOTOR CYCLE,NWOW,SE,SRI LANKA,ELECTRIC,0.8,KALUTARA,BRAND NEW-L/ASSEMBLE,2023.0,1,,SE
MOTOR CYCLE,LUYUAN,MYT,CHINA,ELECTRIC,0.8,RATNAPURA,BRAND NEW,2025.0,1,,MYT
MOTOR CYCLE,SENARO,CLICK 150,SRI LANKA,PETROL,150.0,RATNAPURA,BRAND NEW-L/ASSEMBLE,2025.0,1,,CLICK 150
MOTOR CYCLE,HERO,HUNK 160,INDIA,PETROL,163.14,COLOMBO,BRAND NEW,2025.0,85,,HUNK 160
MOTOR CYCLE,YADEA,RUIBIN,CHINA,ELECTRIC,0.8,ANURADHAPURA,BRAND NEW,2025.0,37,,RUIBIN
MOTOR CYCLE,YAMAHA,MT 15 VER 2.0,INDIA,PETROL,155.0,HAMBANTOTA,BRAND NEW,2025.0,2,,MT 15 VER 2.0
MOTOR CYCLE,YAMAHA,FZ S FI VER 4.0,INDIA,PETROL,149.0,POLONNARUWA,BRAND NEW,2025.0,31,,FZ S FI VER 4.0
MOTOR CYCLE,YAMAHA,MT 15 VER 2.0,INDIA,PETROL,155.0,JAFFNA,BRAND NEW,2025.0,73,,MT 15 VER 2.0
MOTOR CYCLE,YAMAHA,FZ S FI VER 4.0,INDIA,PETROL,149.0,COLOMBO,BRAND NEW,2025.0,93,,FZ S FI VER 4.0
MOTOR CYCLE,HERO HONDA,CD 100 SPLENDOR,INDIA,PETROL,100.0,AMPARA,BRAND NEW,2002.0,3,,CD 100 SPLENDOR
MOTOR CYCLE,HONDA,MD 70 12V,JAPAN,PETROL,70.0,AMPARA,RECONDITIONED,2002.0,1,,MD 70 12V
MOTOR CYCLE,HONDA,C 50,JAPAN,PETROL,50.0,AMPARA,RECONDITIONED,2000.0,1,,C 50
MOTOR CYCLE,YAMAHA,RAY ZRSTREETRALLY125,INDIA,PETROL,125.0,GAMPAHA,BRAND NEW,2025.0,49,,RAY ZRSTREETRALLY125
MOTOR CYCLE,LIMA,EL07,CHINA,ELECTRIC,1.5,KANDY,BRAND NEW,2025.0,11,,EL07
MOTOR CYCLE,VMOTO,CITI,CHINA,ELECTRIC,2.0,KURUNEGALA,BRAND NEW,2025.0,1,,CITI
MOTOR CYCLE,HERO,XTREME 125 R,INDIA,PETROL,124.7,NUWARA-ELIYA,BRAND NEW,2025.0,10,,XTREME 125 R
MOTOR CYCLE,YAMAHA,RAY ZR 125,INDIA,PETROL,125.0,KURUNEGALA,BRAND NEW,2025.0,33,,RAY ZR 125
MOTOR CYCLE,HONDA,DIO STD,INDIA,PETROL,109.0,KURUNEGALA,BRAND NEW,2025.0,56,,DIO STD
MOTOR CYCLE,HONDA,DIO DLX,INDIA,PETROL,109.0,ANURADHAPURA,BRAND NEW,2025.0,81,,DIO DLX
MOTOR CYCLE,HONDA,DIO STD,INDIA,PETROL,109.0,ANURADHAPURA,BRAND NEW,2025.0,47,,DIO STD
MOTOR CYCLE,YAMAHA,RAY ZR 125,INDIA,PETROL,125.0,VAVUNIYA,BRAND NEW,2025.0,19,,RAY ZR 125
MOTOR CYCLE,YAMAHA,RAY ZRSTREETRALLY125,INDIA,PETROL,125.0,PUTTALAM,BRAND NEW,2025.0,12,,RAY ZRSTREETRALLY125
MOTOR CYCLE,YAMAHA,RAY ZR 125,INDIA,PETROL,125.0,POLONNARUWA,BRAND NEW,2025.0,19,,RAY ZR 125
MOTOR CYCLE,BAJAJ,CT 100 ES,SRI LANKA,PETROL,102.0,BATTICALOA,BRAND NEW-L/ASSEMBLE,2025.0,53,,CT 100 ES
MOTOR CYCLE,TVS,NTORQ 125,SRI LANKA,PETROL,124.8,TRINCOMALEE,BRAND NEW-L/ASSEMBLE,2025.0,13,,NTORQ 125
MOTOR CYCLE,TVS,TVS RAIDER 125,SRI LANKA,PETROL,124.79,JAFFNA,BRAND NEW-L/ASSEMBLE,2025.0,1,,TVS RAIDER 125
MOTOR CYCLE,TVS,NTORQ 125,SRI LANKA,PETROL,124.8,JAFFNA,BRAND NEW-L/ASSEMBLE,2025.0,4,,NTORQ 125
MOTOR CYCLE,TVS,IQUBE,INDIA,ELECTRIC,3.34,KALUTARA,BRAND NEW,2025.0,16,,IQUBE
MOTOR CYCLE,OYFLY,TDM-LTW,CHINA,ELECTRIC,2.0,KALUTARA,BRAND NEW,2025.0,1,TDM-LTW,Unknown
MOTOR CYCLE,OYFLY,VRS,CHINA,ELECTRIC,1.5,GAMPAHA,BRAND NEW,2025.0,1,,VRS
MOTOR CYCLE,RANOMOTO,GN125H,CHINA,PETROL,124.0,TRINCOMALEE,BRAND NEW,2025.0,1,,GN125H
MOTOR CYCLE,RISE,LEADER R80 V2.0,SRI LANKA,ELECTRIC,1.5,MULLATIVU,BRAND NEW-L/MANUFACT,2025.0,3,,LEADER R80 V2.0
MOTOR CYCLE,BAJAJ,DISCOVER 125,SRI LANKA,PETROL,124.5,KALUTARA,BRAND NEW-L/ASSEMBLE,2025.0,6,,DISCOVER 125
MOTOR CYCLE,HONDA,8BK-KF47,JAPAN,PETROL,157.0,KANDY,RECONDITIONED,2025.0,1,8BK-KF47,Unknown
MOTOR CYCLE,NWOW,SE,CHINA,ELECTRIC,0.8,PUTTALAM,BRAND NEW,2025.0,2,,SE
MOTOR CYCLE,NWOW,TK 10,CHINA,ELECTRIC,0.8,MATARA,BRAND NEW,2025.0,5,,TK 10
MOTOR CYCLE,NWOW,SE,CHINA,ELECTRIC,0.8,KALUTARA,BRAND NEW,2025.0,9,,SE
MOTOR CYCLE,MM,ZOOM X3,CHINA,ELECTRIC,3.0,COLOMBO,BRAND NEW,2024.0,2,,ZOOM X3
MOTOR CYCLE,TVS,NTORQ 125,SRI LANKA,PETROL,124.8,MATALE,BRAND NEW-L/ASSEMBLE,2025.0,1,,NTORQ 125
MOTOR CYCLE,ROYAL ENFIELD,CLASSIC 350,INDIA,PETROL,349.0,COLOMBO,RECONDITIONED,2024.0,1,,CLASSIC 350
MOTOR CYCLE,SOLID,G6,CHINA,ELECTRIC,1.5,ANURADHAPURA,BRAND NEW,2025.0,1,,G6
MOTOR CYCLE,HERO,HUNK 160,INDIA,PETROL,163.14,MULLATIVU,BRAND NEW,2025.0,9,,HUNK 160
MOTOR CYCLE,BAJAJ,PULSAR N 125,INDIA,PETROL,124.58,TRINCOMALEE,BRAND NEW,2025.0,15,,PULSAR N 125
MOTOR CYCLE,BAJAJ,PULSAR N160,SRI LANKA,PETROL,164.82,NUWARA-ELIYA,BRAND NEW-L/ASSEMBLE,2025.0,11,,PULSAR N160
MOTOR CYCLE,BAJAJ,CALIBER,INDIA,PETROL,111.6,MATARA,BRAND NEW,2004.0,1,,CALIBER
MOTOR CYCLE,HONDA,C 50 PRESS CUB,JAPAN,PETROL,50.0,MATARA,RECONDITIONED,2002.0,1,,C 50 PRESS CUB
MOTOR CYCLE,LENCAR,ERC80,SRI LANKA,ELECTRIC,1.2,KALUTARA,BRAND NEW-L/ASSEMBLE,2025.0,4,,ERC80
MOTOR CYCLE,TMR QUANLE,XGW,CHINA,ELECTRIC,1.2,HAMBANTOTA,BRAND NEW,2025.0,5,,XGW
MOTOR CYCLE,QUANLE,N9 (NINEBOT),CHINA,ELECTRIC,1.5,ANURADHAPURA,BRAND NEW,2025.0,1,,N9 (NINEBOT)
MOTOR CYCLE,TVS,IQUBE,INDIA,ELECTRIC,3.34,MANNAR,BRAND NEW,2025.0,1,,IQUBE
MOTOR CYCLE,LUYUAN,M-MHH-Z30LJ,CHINA,ELECTRIC,2.0,HAMBANTOTA,BRAND NEW,2025.0,1,,M-MHH-Z30LJ
MOTOR CYCLE,HERO,HF-DELUXE,INDIA,PETROL,97.2,MULLATIVU,BRAND NEW,2025.0,104,HF-DELUXE,Unknown
MOTOR CYCLE,HERO,HF-DELUXE,INDIA,PETROL,97.2,TRINCOMALEE,BRAND NEW,2025.0,64,HF-DELUXE,Unknown
MOTOR CYCLE,HONDA,PCX160,JAPAN,PETROL,157.0,PUTTALAM,RECONDITIONED,2024.0,1,,PCX160
MOTOR CYCLE,RANOMOTO,MOPED SUPER,SRI LANKA,PETROL,49.0,GALLE,BRAND NEW-L/ASSEMBLE,2024.0,2,,MOPED SUPER
MOTOR CYCLE,HONDA,ADV 160,JAPAN,PETROL,157.0,COLOMBO,RECONDITIONED,2025.0,7,,ADV 160
MOTOR CYCLE,OYFLY,TDM BO2,CHINA,ELECTRIC,1.0,GAMPAHA,BRAND NEW,2025.0,2,,TDM BO2
MOTOR CYCLE,YADEA,RUIBIN,CHINA,ELECTRIC,0.8,KALUTARA,BRAND NEW,2025.0,13,,RUIBIN
MOTOR CYCLE,SENARO,GN125,SRI LANKA,PETROL,125.0,KEGALLE,BRAND NEW-L/ASSEMBLE,2025.0,4,,GN125
MOTOR CYCLE,LUYUAN,MYT,CHINA,ELECTRIC,0.8,AMPARA,BRAND NEW,2025.0,2,,MYT
MOTOR CYCLE,YADEA,EPOC H,CHINA,ELECTRIC,2.0,MATALE,BRAND NEW,2025.0,2,,EPOC H
MOTOR CYCLE,YADEA,RUIBIN,CHINA,ELECTRIC,0.8,GAMPAHA,BRAND NEW,2025.0,7,,RUIBIN
MOTOR CYCLE,YADEA,T 9,CHINA,ELECTRIC,2.0,KALUTARA,BRAND NEW,2025.0,15,,T 9
MOTOR CYCLE,HERO,HF-DELUXE,INDIA,ELECTRIC,97.2,PUTTALAM,BRAND NEW,2025.0,1,HF-DELUXE,Unknown
MOTOR CYCLE,HONDA,DIO STD,INDIA,PETROL,109.0,NUWARA-ELIYA,BRAND NEW,2025.0,2,,DIO STD
MOTOR CYCLE,YAMAHA,RAY ZR STREET RALLY,INDIA,PETROL,113.0,MATARA,BRAND NEW,2025.0,7,,RAY ZR STREET RALLY
MOTOR CYCLE,YADEA,EPOC H,CHINA,ELECTRIC,2.0,ANURADHAPURA,BRAND NEW,2025.0,2,,EPOC H
MOTOR CYCLE,TVS,NTORQ 125,SRI LANKA,PETROL,124.8,MONERAGALA,BRAND NEW-L/ASSEMBLE,2025.0,3,,NTORQ 125
MOTOR CYCLE,NWOW,WSP,CHINA,ELECTRIC,1.5,PUTTALAM,BRAND NEW,2024.0,1,,WSP
MOTOR CYCLE,NWOW,WSP,CHINA,ELECTRIC,1.5,MATARA,BRAND NEW,2025.0,4,,WSP
MOTOR CYCLE,TAILG,S2 SCOOTER,CHINA,ELECTRIC,2.0,AMPARA,BRAND NEW,2024.0,1,,S2 SCOOTER
MOTOR CYCLE,YAMAHA,YZF R15 VER 4.0,INDIA,PETROL,155.0,RATNAPURA,BRAND NEW,2025.0,2,,YZF R15 VER 4.0
MOTOR CYCLE,ROYAL ENFIELD,CLASSIC 350,INDIA,PETROL,349.0,GALLE,BRAND NEW,2025.0,1,,CLASSIC 350
MOTOR CYCLE,HONDA,PCX 160,JAPAN,PETROL,156.0,BATTICALOA,RECONDITIONED,2025.0,1,,PCX 160
MOTOR CYCLE,YAMAHA,RAY ZR STREET RALLY,INDIA,PETROL,113.0,KILINOCHCHI,BRAND NEW,2025.0,1,,RAY ZR STREET RALLY
MOTOR CYCLE,AIMA,ARIA,CHINA,ELECTRIC,0.8,AMPARA,BRAND NEW,2025.0,1,,ARIA
MOTOR CYCLE,YAMAHA,MT 15 VER 2.0,INDIA,PETROL,155.0,KANDY,BRAND NEW,2025.0,10,,MT 15 VER 2.0
MOTOR CYCLE,GALLANT,TM-70,SRI LANKA,PETROL,70.0,GAMPAHA,BRAND NEW-L/MANUFACT,2024.0,1,TM-70,Unknown
MOTOR CYCLE,TMR LUYUAN,COLA 5,CHINA,ELECTRIC,0.4,GALLE,BRAND NEW,2025.0,3,,COLA 5
MOTOR CYCLE,RANOMOTO,FLASH,CHINA,PETROL,79.0,AMPARA,BRAND NEW,2025.0,1,,FLASH
MOTOR CYCLE,HONDA,DIO STD,INDIA,PETROL,109.0,VAVUNIYA,BRAND NEW,2025.0,8,,DIO STD
MOTOR CYCLE,QCIX,QCIX LH,CHINA,ELECTRIC,1.5,KURUNEGALA,BRAND NEW,2024.0,1,,QCIX LH
MOTOR CYCLE,BAJAJ,PULSAR N160,SRI LANKA,PETROL,164.82,KILINOCHCHI,BRAND NEW-L/ASSEMBLE,2025.0,5,,PULSAR N160
MOTOR CYCLE,AIMA,MAVERICK,CHINA,ELECTRIC,2.0,RATNAPURA,BRAND NEW,2025.0,2,,MAVERICK
MOTOR CYCLE,YAMAHA,RAY ZRSTREETRALLY125,INDIA,PETROL,125.0,POLONNARUWA,BRAND NEW,2025.0,4,,RAY ZRSTREETRALLY125
MOTOR CYCLE,DASTOL,DW-28,CHINA,ELECTRIC,2.0,NUWARA-ELIYA,BRAND NEW,2025.0,1,DW-28,Unknown
MOTOR CYCLE,KAWASAKI,ZX25R NINJA,JAPAN,PETROL,249.0,COLOMBO,RECONDITIONED,2022.0,1,,ZX25R NINJA
MOTOR CYCLE,LUYUAN,M-MHH-Z30LJ,CHINA,ELECTRIC,2.0,MATARA,BRAND NEW,2025.0,1,,M-MHH-Z30LJ
MOTOR CYCLE,AIMA,ARIA,CHINA,ELECTRIC,0.8,MONERAGALA,BRAND NEW,2025.0,2,,ARIA
MOTOR CYCLE,SENARO,GN125,SRI LANKA,PETROL,125.0,GAMPAHA,BRAND NEW-L/ASSEMBLE,2023.0,2,,GN125
MOTOR CYCLE,YADEA,RUIBIN,CHINA,ELECTRIC,0.8,RATNAPURA,BRAND NEW,2025.0,7,,RUIBIN
MOTOR CYCLE,HONDA,PCX160,INDONESIA,PETROL,157.0,MATALE,BRAND NEW,2025.0,1,,PCX160
MOTOR CYCLE,YAMAHA,RAY ZRSTREETRALLY125,INDIA,PETROL,125.0,MULLATIVU,BRAND NEW,2025.0,1,,RAY ZRSTREETRALLY125
MOTOR CYCLE,BAJAJ,CT 100 ES,INDIA,PETROL,102.0,VAVUNIYA,BRAND NEW,2025.0,1,,CT 100 ES
MOTOR CYCLE,HONDA,PCX160,JAPAN,PETROL,157.0,COLOMBO,RECONDITIONED,2025.0,2,,PCX160
MOTOR CYCLE,TMR QUANLE,XGW,CHINA,ELECTRIC,1.2,ANURADHAPURA,BRAND NEW,2025.0,3,,XGW
MOTOR CYCLE,LUYUAN,MNK3,CHINA,ELECTRIC,1.5,MATALE,BRAND NEW,2025.0,3,,MNK3
MOTOR CYCLE,HONDA,PCX,JAPAN,PETROL,156.0,GAMPAHA,RECONDITIONED,2025.0,2,,PCX
MOTOR CYCLE,HONDA,PCX 160,VIETNAM,PETROL,157.0,KANDY,RECONDITIONED,2024.0,1,,PCX 160
MOTOR CYCLE,AIMA,MANA,CHINA,ELECTRIC,1.5,GAMPAHA,BRAND NEW,2025.0,1,,MANA
MOTOR CYCLE,LUYUAN ALFA,MKK-Z23E-12-C,CHINA,ELECTRIC,1.2,KANDY,BRAND NEW,2025.0,1,MKK-Z23E-12-C,Unknown
MOTOR CYCLE,RISE,LEADER R 100,SRI LANKA,ELECTRIC,2.0,MONERAGALA,BRAND NEW-L/MANUFACT,2025.0,2,,LEADER R 100
MOTOR CYCLE,VMOTO,CPX,CHINA,ELECTRIC,4.3,KURUNEGALA,BRAND NEW,2024.0,1,,CPX
MOTOR CYCLE,BAJAJ,CT 100 ES,INDIA,PETROL,102.0,HAMBANTOTA,BRAND NEW,2025.0,1,,CT 100 ES
MOTOR CYCLE,RANOMOTO,MOPED SUPER,SRI LANKA,PETROL,49.0,ANURADHAPURA,BRAND NEW-L/ASSEMBLE,2025.0,1,,MOPED SUPER
MOTOR CYCLE,NWOW,TK 10,CHINA,ELECTRIC,0.8,GAMPAHA,BRAND NEW,2022.0,1,,TK 10
MOTOR CYCLE,YADEA,EPOC H,CHINA,ELECTRIC,2.0,POLONNARUWA,BRAND NEW,2025.0,1,,EPOC H
MOTOR CYCLE,REVOLT,RV 400,INDIA,ELECTRIC,3.0,KALUTARA,BRAND NEW,2025.0,2,,RV 400
MOTOR CYCLE,REVOLT,RV 400,INDIA,ELECTRIC,3.0,RATNAPURA,BRAND NEW,2025.0,1,,RV 400
MOTOR CYCLE,KAWASAKI,8BK-EX250Y-NINJA,JAPAN,PETROL,248.0,GAMPAHA,RECONDITIONED,2024.0,1,8BK-EX250Y-NINJA,Unknown
MOTOR CYCLE,HERO,HF-DELUXE,INDIA,PETROL,97.2,MATARA,BRAND NEW,2025.0,1,HF-DELUXE,Unknown
MOTOR CYCLE,TVS,IQUBE,INDIA,ELECTRIC,3.34,BATTICALOA,BRAND NEW,2025.0,1,,IQUBE
MOTOR CYCLE,HERO,XTREME 125 R,INDIA,PETROL,124.7,PUTTALAM,BRAND NEW,2025.0,30,,XTREME 125 R
MOTOR CYCLE,HERO,HUNK 160,INDIA,PETROL,163.14,MATALE,BRAND NEW,2025.0,16,,HUNK 160
MOTOR CYCLE,YAMAHA,FZ  VER 2.0,INDIA,PETROL,149.0,RATNAPURA,BRAND NEW,2025.0,27,,FZ  VER 2.0
MOTOR CYCLE,YAMAHA,FZ  VER 2.0,INDIA,PETROL,149.0,GALLE,BRAND NEW,2025.0,29,,FZ  VER 2.0
MOTOR CYCLE,YAMAHA,RAY ZR,INDIA,PETROL,113.0,GAMPAHA,BRAND NEW,2025.0,53,,RAY ZR
MOTOR CYCLE,YAMAHA,FZ S FI VER 4.0,INDIA,PETROL,149.0,KURUNEGALA,BRAND NEW,2025.0,45,,FZ S FI VER 4.0
MOTOR CYCLE,YAMAHA,RAY ZRSTREETRALLY125,INDIA,PETROL,125.0,BATTICALOA,BRAND NEW,2025.0,44,,RAY ZRSTREETRALLY125
MOTOR CYCLE,BAJAJ,CT 100,INDIA,PETROL,99.27,MATARA,BRAND NEW,2005.0,4,,CT 100
MOTOR CYCLE,BAJAJ,BOXER AT,INDIA,PETROL,100.0,AMPARA,BRAND NEW,2002.0,1,,BOXER AT
MOTOR CYCLE,HONDA,C 50,JAPAN,PETROL,50.0,ANURADHAPURA,RECONDITIONED,2006.0,1,,C 50
MOTOR CYCLE,HUAIHAI,ZL9,CHINA,ELECTRIC,1.2,KURUNEGALA,BRAND NEW,2024.0,1,,ZL9
MOTOR CYCLE,LUYUAN,S90 PLUS,CHINA,ELECTRIC,1.5,MONERAGALA,BRAND NEW,2025.0,2,,S90 PLUS
MOTOR CYCLE,SENARO,GN125,SRI LANKA,PETROL,125.0,KURUNEGALA,BRAND NEW-L/ASSEMBLE,2025.0,33,,GN125
MOTOR CYCLE,YAMAHA,FZ S FI VER 4.0,INDIA,PETROL,149.0,HAMBANTOTA,BRAND NEW,2025.0,25,,FZ S FI VER 4.0
MOTOR CYCLE,YAMAHA,FZ  VER 2.0,INDIA,PETROL,149.0,TRINCOMALEE,BRAND NEW,2025.0,54,,FZ  VER 2.0
MOTOR CYCLE,YAMAHA,RAY ZR,INDIA,PETROL,113.0,NUWARA-ELIYA,BRAND NEW,2025.0,11,,RAY ZR
MOTOR CYCLE,HONDA,DIO STD,INDIA,PETROL,109.0,GALLE,BRAND NEW,2025.0,45,,DIO STD
MOTOR CYCLE,HONDA,DIO DLX,INDIA,PETROL,109.0,AMPARA,BRAND NEW,2025.0,48,,DIO DLX
MOTOR CYCLE,HONDA,DIO DLX,INDIA,PETROL,109.0,PUTTALAM,BRAND NEW,2025.0,73,,DIO DLX
MOTOR CYCLE,HONDA,DIO STD,INDIA,PETROL,109.0,TRINCOMALEE,BRAND NEW,2025.0,18,,DIO STD
MOTOR CYCLE,YAMAHA,FZ  VER 2.0,INDIA,PETROL,149.0,HAMBANTOTA,BRAND NEW,2025.0,39,,FZ  VER 2.0
MOTOR CYCLE,HERO,XOOM-110,INDIA,PETROL,110.9,PUTTALAM,BRAND NEW,2025.0,127,XOOM-110,Unknown
MOTOR CYCLE,HERO,XOOM-110,INDIA,PETROL,110.9,KALUTARA,BRAND NEW,2025.0,125,XOOM-110,Unknown
MOTOR CYCLE,YAMAHA,YZF R15 VER 4.0,INDIA,PETROL,155.0,GAMPAHA,BRAND NEW,2025.0,3,,YZF R15 VER 4.0
MOTOR CYCLE,YAMAHA,FZ  VER 2.0,INDIA,PETROL,149.0,MATALE,BRAND NEW,2025.0,10,,FZ  VER 2.0
MOTOR CYCLE,YAMAHA,RAY ZRSTREETRALLY125,INDIA,PETROL,125.0,NUWARA-ELIYA,BRAND NEW,2025.0,7,,RAY ZRSTREETRALLY125
MOTOR CYCLE,YAMAHA,YZF R15 VER 4.0,INDIA,PETROL,155.0,NUWARA-ELIYA,BRAND NEW,2025.0,2,,YZF R15 VER 4.0
MOTOR CYCLE,BAJAJ,PULSAR NS 200,INDIA,PETROL,199.5,NUWARA-ELIYA,BRAND NEW,2025.0,26,,PULSAR NS 200
MOTOR CYCLE,BAJAJ,PULSAR NS 200,INDIA,PETROL,199.5,MONERAGALA,BRAND NEW,2025.0,34,,PULSAR NS 200
MOTOR CYCLE,BAJAJ,PULSAR N 160,INDIA,PETROL,164.32,MULLATIVU,BRAND NEW,2025.0,29,,PULSAR N 160
MOTOR CYCLE,SUPER SOCO,TS STREET HUNTER,CHINA,ELECTRIC,2.5,COLOMBO,BRAND NEW,2025.0,3,,TS STREET HUNTER
MOTOR CYCLE,ROYAL ENFIELD,CLASSIC 350,INDIA,PETROL,349.0,KANDY,BRAND NEW,2025.0,1,,CLASSIC 350
MOTOR CYCLE,RANOMOTO,GN125H,CHINA,PETROL,124.0,KURUNEGALA,BRAND NEW,2025.0,18,,GN125H
MOTOR CYCLE,RANOMOTO,FLASH,CHINA,PETROL,79.0,COLOMBO,BRAND NEW,2025.0,17,,FLASH
MOTOR CYCLE,RANOMOTO,GN125H,CHINA,PETROL,124.0,MATARA,BRAND NEW,2025.0,8,,GN125H
MOTOR CYCLE,RISE,LEADER R80 V2.0,SRI LANKA,ELECTRIC,1.5,MATARA,BRAND NEW-L/MANUFACT,2025.0,2,,LEADER R80 V2.0
MOTOR CYCLE,NWOW,SE,CHINA,ELECTRIC,0.8,KURUNEGALA,BRAND NEW,2024.0,2,,SE
MOTOR CYCLE,TVS,TVS XL 100,SRI LANKA,PETROL,99.7,MANNAR,BRAND NEW-L/ASSEMBLE,2025.0,17,,TVS XL 100
MOTOR CYCLE,YAMAHA,RAY ZR STREET RALLY,INDIA,PETROL,113.0,ANURADHAPURA,BRAND NEW,2025.0,8,,RAY ZR STREET RALLY
MOTOR CYCLE,HONDA,DIO DLX,INDIA,PETROL,109.0,MATARA,BRAND NEW,2025.0,33,,DIO DLX
MOTOR CYCLE,LIMA,EL07,CHINA,ELECTRIC,1.5,POLONNARUWA,BRAND NEW,2025.0,3,,EL07
MOTOR CYCLE,HERO,XTREME 125 R,INDIA,PETROL,124.7,VAVUNIYA,BRAND NEW,2025.0,6,,XTREME 125 R
MOTOR CYCLE,YAMAHA,RAY ZR,INDIA,PETROL,113.0,VAVUNIYA,BRAND NEW,2025.0,11,,RAY ZR
MOTOR CYCLE,BAJAJ,CALIBER 115,INDIA,PETROL,111.9,MATARA,BRAND NEW,2004.0,1,,CALIBER 115
MOTOR CYCLE,BAJAJ,CT 100,INDIA,PETROL,99.35,MATARA,BRAND NEW,2005.0,1,,CT 100
MOTOR CYCLE,TMR QUANLE,XGW,CHINA,ELECTRIC,1.2,AMPARA,BRAND NEW,2025.0,1,,XGW
MOTOR CYCLE,QUANLE,N9 (NINEBOT),CHINA,ELECTRIC,1.5,KURUNEGALA,BRAND NEW,2025.0,1,,N9 (NINEBOT)
MOTOR CYCLE,SOLID,G6,CHINA,ELECTRIC,1.5,PUTTALAM,BRAND NEW,2025.0,1,,G6
MOTOR CYCLE,LUYUAN,MNK3,CHINA,ELECTRIC,1.5,AMPARA,BRAND NEW,2025.0,8,,MNK3
MOTOR CYCLE,RANOMOTO,GN125H,CHINA,PETROL,124.0,KALUTARA,BRAND NEW,2025.0,51,,GN125H
MOTOR CYCLE,RANOMOTO,GN125H,CHINA,PETROL,124.0,ANURADHAPURA,BRAND NEW,2025.0,8,,GN125H
MOTOR CYCLE,HERO,XOOM-110,INDIA,PETROL,110.9,MULLATIVU,BRAND NEW,2025.0,33,XOOM-110,Unknown
MOTOR CYCLE,RANOMOTO,MOPED SUPER,SRI LANKA,PETROL,49.0,GAMPAHA,BRAND NEW-L/ASSEMBLE,2024.0,3,,MOPED SUPER
MOTOR CYCLE,RANOMOTO,MOPED SUPER,SRI LANKA,PETROL,49.0,MONERAGALA,BRAND NEW-L/ASSEMBLE,2024.0,4,,MOPED SUPER
MOTOR CYCLE,HERO,XOOM-110,INDIA,PETROL,110.9,MANNAR,BRAND NEW,2025.0,17,XOOM-110,Unknown
MOTOR CYCLE,YADEA,T 9,CHINA,ELECTRIC,2.0,KURUNEGALA,BRAND NEW,2025.0,40,,T 9
MOTOR CYCLE,YADEA,EPOC H,CHINA,ELECTRIC,2.0,GALLE,BRAND NEW,2025.0,10,,EPOC H
MOTOR CYCLE,YADEA,T5,CHINA,ELECTRIC,1.2,RATNAPURA,BRAND NEW,2025.0,23,,T5
MOTOR CYCLE,YAMAHA,MT 15 VER 2.0,INDIA,PETROL,155.0,BADULLA,BRAND NEW,2025.0,3,,MT 15 VER 2.0
MOTOR CYCLE,YAMAHA,FZ S FI VER 4.0,INDIA,PETROL,149.0,MONERAGALA,BRAND NEW,2025.0,10,,FZ S FI VER 4.0
MOTOR CYCLE,YAMAHA,RAY ZR,INDIA,PETROL,113.0,HAMBANTOTA,BRAND NEW,2025.0,21,,RAY ZR
MOTOR CYCLE,YADEA,RUIBIN,CHINA,ELECTRIC,0.8,MANNAR,BRAND NEW,2025.0,1,,RUIBIN
MOTOR CYCLE,YAMAHA,RAY ZRSTREETRALLY125,INDIA,PETROL,125.0,KEGALLE,BRAND NEW,2025.0,7,,RAY ZRSTREETRALLY125
MOTOR CYCLE,SOLID,G6,CHINA,ELECTRIC,1.5,RATNAPURA,BRAND NEW,2025.0,1,,G6
MOTOR CYCLE,ATHER,450X,INDIA,ELECTRIC,3.0,KILINOCHCHI,BRAND NEW,2024.0,1,,450X
MOTOR CYCLE,YADEA,T 9,CHINA,ELECTRIC,2.0,JAFFNA,BRAND NEW,2025.0,11,,T 9
MOTOR CYCLE,HONDA,PCX160,VIETNAM,PETROL,157.0,PUTTALAM,RECONDITIONED,2025.0,1,,PCX160
MOTOR CYCLE,NWOW,WSP,CHINA,ELECTRIC,1.5,COLOMBO,BRAND NEW,2025.0,6,,WSP
MOTOR CYCLE,NWOW,SE,CHINA,ELECTRIC,0.8,MATARA,BRAND NEW,2025.0,3,,SE
MOTOR CYCLE,NWOW,WSP,CHINA,ELECTRIC,1.5,GALLE,BRAND NEW,2025.0,1,,WSP
MOTOR CYCLE,TVS,TVS XL 100,SRI LANKA,PETROL,99.7,ANURADHAPURA,BRAND NEW,2025.0,2,,TVS XL 100
MOTOR CYCLE,TAILG,RED RABBIT,CHINA,ELECTRIC,1.2,PUTTALAM,BRAND NEW,2025.0,7,,RED RABBIT
MOTOR CYCLE,BAJAJ,CT 100 ES,INDIA,PETROL,102.0,MATARA,BRAND NEW,2025.0,3,,CT 100 ES
MOTOR CYCLE,VMOTO,CITI,CHINA,ELECTRIC,2.0,KALUTARA,BRAND NEW,2025.0,1,,CITI
MOTOR CYCLE,TMR QUANLE,ZS,CHINA,ELECTRIC,1.2,AMPARA,BRAND NEW,2025.0,1,,ZS
MOTOR CYCLE,AIMA,ARIA,CHINA,ELECTRIC,0.8,KALUTARA,BRAND NEW,2025.0,7,,ARIA
MOTOR CYCLE,YADEA,RUIBIN,CHINA,ELECTRIC,0.8,MONERAGALA,BRAND NEW,2025.0,7,,RUIBIN
MOTOR CYCLE,LIMA,EL07,CHINA,ELECTRIC,1.5,GAMPAHA,BRAND NEW,2025.0,1,,EL07
MOTOR CYCLE,RANOMOTO,GN125H,CHINA,PETROL,124.0,HAMBANTOTA,BRAND NEW,2025.0,5,,GN125H
MOTOR CYCLE,BAJAJ,DISCOVER 125,SRI LANKA,PETROL,124.5,AMPARA,BRAND NEW,2025.0,1,,DISCOVER 125
MOTOR CYCLE,HERO,HF-DELUXE,INDIA,PETROL,97.2,MATALE,BRAND NEW,2025.0,3,HF-DELUXE,Unknown
MOTOR CYCLE,TMR QUANLE,G18,CHINA,ELECTRIC,2.0,PUTTALAM,BRAND NEW,2025.0,3,,G18
MOTOR CYCLE,TMR LUYUAN,COLA 5,CHINA,ELECTRIC,0.4,RATNAPURA,BRAND NEW,2025.0,2,,COLA 5
MOTOR CYCLE,NWOW,V11,CHINA,ELECTRIC,1.0,COLOMBO,BRAND NEW,2024.0,2,,V11
MOTOR CYCLE,TVS,TVS RAIDER 125,INDIA,PETROL,124.66,VAVUNIYA,BRAND NEW,2025.0,4,,TVS RAIDER 125
MOTOR CYCLE,HONDA,PCX 125,VIETNAM,PETROL,125.0,KANDY,RECONDITIONED,2025.0,1,,PCX 125
MOTOR CYCLE,SUZUKI,BURGMAN STREET,INDIA,PETROL,125.0,KALUTARA,BRAND NEW,2025.0,1,,BURGMAN STREET
MOTOR CYCLE,SOLID,S9,CHINA,ELECTRIC,2.0,GAMPAHA,BRAND NEW,2025.0,6,,S9
MOTOR CYCLE,HONDA,PCX,JAPAN,PETROL,124.0,COLOMBO,RECONDITIONED,2021.0,1,,PCX
MOTOR CYCLE,TAILG,S2 SCOOTER,CHINA,ELECTRIC,0.2,AMPARA,BRAND NEW,2024.0,1,,S2 SCOOTER
MOTOR CYCLE,TAILG,RED RABBIT,CHINA,ELECTRIC,1.2,ANURADHAPURA,BRAND NEW,2025.0,1,,RED RABBIT
MOTOR CYCLE,BAJAJ,CT 100 ES,SRI LANKA,PETROL,102.0,KALUTARA,B/N-FACTORY DAMAGED,2025.0,1,,CT 100 ES
MOTOR CYCLE,YADEA,EZEEGO,CHINA,ELECTRIC,1.2,COLOMBO,BRAND NEW,2024.0,1,,EZEEGO
MOTOR CYCLE,YADEA,T 9,CHINA,ELECTRIC,2.0,KANDY,BRAND NEW,2025.0,1,,T 9
MOTOR CYCLE,YAMAHA,YZF R15 VER 4.0,INDIA,PETROL,155.0,KANDY,BRAND NEW,2025.0,3,,YZF R15 VER 4.0
MOTOR CYCLE,TMR QUANLE,G18,CHINA,ELECTRIC,2.0,MONERAGALA,BRAND NEW,2025.0,4,,G18
MOTOR CYCLE,ROVER,TKWS,CHINA,PETROL,125.0,BATTICALOA,BRAND NEW,2025.0,1,,TKWS
MOTOR CYCLE,EMAX,ES-4,CHINA,ELECTRIC,1.2,COLOMBO,BRAND NEW,2025.0,1,ES-4,Unknown
MOTOR CYCLE,YAMAHA,FZ  VER 2.0,INDIA,PETROL,149.0,ANURADHAPURA,BRAND NEW,2052.0,1,,FZ  VER 2.0
MOTOR CYCLE,TMR QUANLE,ZL,CHINA,ELECTRIC,2.0,KALUTARA,BRAND NEW,2025.0,1,,ZL
MOTOR CYCLE,GAROW,SHIZHIZUO,CHINA,ELECTRIC,3.0,KURUNEGALA,BRAND NEW,2024.0,2,,SHIZHIZUO
MOTOR CYCLE,LUYUAN ALFA,MKK-Z23E-12-C,CHINA,ELECTRIC,1.2,PUTTALAM,BRAND NEW,2025.0,1,MKK-Z23E-12-C,Unknown
MOTOR CYCLE,N MOTO,LX01-W-Y11,CHINA,ELECTRIC,1.2,COLOMBO,BRAND NEW,2025.0,1,LX01-W-Y11,Unknown
MOTOR CYCLE,YADEA,EPOC H,CHINA,ELECTRIC,2.0,RATNAPURA,BRAND NEW,2025.0,2,,EPOC H
MOTOR CYCLE,LENCAR,ERC80,SRI LANKA,ELECTRIC,1.2,HAMBANTOTA,BRAND NEW-L/ASSEMBLE,2025.0,1,,ERC80
MOTOR CYCLE,AIMA,ARIA,CHINA,ELECTRIC,0.8,POLONNARUWA,BRAND NEW,2025.0,1,,ARIA
MOTOR CYCLE,RISE,LEADER 125,SRI LANKA,PETROL,125.0,ANURADHAPURA,BRAND NEW-L/MANUFACT,2025.0,1,,LEADER 125
MOTOR CYCLE,YAMAHA,MT 15 VER 2.0,INDIA,PETROL,155.0,GALLE,BRAND NEW-L/ASSEMBLE,2025.0,1,,MT 15 VER 2.0
MOTOR CYCLE,HONDA,PCX160,JAPAN,PETROL,157.0,TRINCOMALEE,RECONDITIONED,2025.0,1,,PCX160
MOTOR CYCLE,BAJAJ,PULSAR N 160,INDIA,PETROL,164.82,COLOMBO,BRAND NEW,2025.0,2,,PULSAR N 160
MOTOR CYCLE,AIMA,LIBERTY,CHINA,ELECTRIC,1.2,KEGALLE,BRAND NEW,2025.0,1,,LIBERTY
MOTOR CYCLE,TVS,TVS NTORQ 125 CC,INDIA,PETROL,124.8,POLONNARUWA,BRAND NEW,205.0,1,,TVS NTORQ 125 CC
MOTOR CYCLE,TMR QUANLE,XGW,CHINA,ELECTRIC,1.2,BADULLA,BRAND NEW,2025.0,1,,XGW
MOTOR CYCLE,NWOW,ARS,CHINA,ELECTRIC,0.45,PUTTALAM,BRAND NEW,2025.0,1,,ARS
MOTOR CYCLE,NWOW,SE,CHINA,ELECTRIC,0.8,NUWARA-ELIYA,BRAND NEW,2025.0,1,,SE
MOTOR CYCLE,YADEA,T5,CHINA,ELECTRIC,1.2,KALUTARA,BRAND NEW,2025.0,84,,T5
MOTOR CYCLE,YADEA,T5,CHINA,ELECTRIC,1.2,KANDY,BRAND NEW,2025.0,6,,T5
MOTOR CYCLE,YADEA,T5,CHINA,ELECTRIC,1.2,BATTICALOA,BRAND NEW,2025.0,7,,T5
MOTOR CYCLE,HERO,HUNK 160,INDIA,PETROL,163.14,ANURADHAPURA,BRAND NEW,2025.0,62,,HUNK 160
MOTOR CYCLE,HERO,HF-DELUXE,INDIA,PETROL,97.2,POLONNARUWA,BRAND NEW,2025.0,47,HF-DELUXE,Unknown
MOTOR CYCLE,YADEA,T5,CHINA,ELECTRIC,1.2,MULLATIVU,BRAND NEW,2025.0,13,,T5
MOTOR CYCLE,HERO,XTREME 125 R,INDIA,PETROL,124.7,POLONNARUWA,BRAND NEW,2025.0,22,,XTREME 125 R
MOTOR CYCLE,YAMAHA,FZ  VER 2.0,INDIA,PETROL,149.0,ANURADHAPURA,BRAND NEW,2025.0,44,,FZ  VER 2.0
MOTOR CYCLE,YAMAHA,FZ  VER 2.0,INDIA,PETROL,149.0,BATTICALOA,BRAND NEW,2025.0,68,,FZ  VER 2.0
MOTOR CYCLE,YAMAHA,RAY ZR,INDIA,PETROL,113.0,KEGALLE,BRAND NEW,2025.0,10,,RAY ZR
MOTOR CYCLE,YAMAHA,YZF R15 VER 4.0,INDIA,PETROL,155.0,COLOMBO,BRAND NEW,2025.0,12,,YZF R15 VER 4.0
MOTOR CYCLE,HERO HONDA,CD 100 PASSION,INDIA,PETROL,100.0,AMPARA,BRAND NEW,2002.0,2,,CD 100 PASSION
MOTOR CYCLE,LUYUAN ALFA,MKK-Z23E-12-C,CHINA,ELECTRIC,1.2,COLOMBO,BRAND NEW,2025.0,3,MKK-Z23E-12-C,Unknown
MOTOR CYCLE,VMOTO,CITI,CHINA,ELECTRIC,2.0,PUTTALAM,BRAND NEW,2025.0,6,,CITI
MOTOR CYCLE,REVOLT,RV 1,INDIA,ELECTRIC,1.8,COLOMBO,BRAND NEW,2024.0,1,,RV 1
MOTOR CYCLE,HONDA,PCX-125,VIETNAM,PETROL,124.0,PUTTALAM,RECONDITIONED,2025.0,3,PCX-125,Unknown
MOTOR CYCLE,TVS,TVS XL 100,SRI LANKA,PETROL,99.7,KEGALLE,BRAND NEW-L/ASSEMBLE,2025.0,8,,TVS XL 100
MOTOR CYCLE,HERO,XOOM-110,INDIA,PETROL,110.9,COLOMBO,BRAND NEW,2025.0,184,XOOM-110,Unknown
MOTOR CYCLE,YAMAHA,RAY ZR 125,INDIA,PETROL,125.0,NUWARA-ELIYA,BRAND NEW,2025.0,17,,RAY ZR 125
MOTOR CYCLE,YAMAHA,RAY ZR 125,INDIA,PETROL,125.0,MULLATIVU,BRAND NEW,2025.0,13,,RAY ZR 125
MOTOR CYCLE,HONDA,DIO DLX,INDIA,PETROL,109.0,GALLE,BRAND NEW,2025.0,85,,DIO DLX
MOTOR CYCLE,HONDA,DIO DLX,INDIA,PETROL,109.0,COLOMBO,BRAND NEW,2025.0,153,,DIO DLX
MOTOR CYCLE,HONDA,DIO DLX,INDIA,PETROL,109.0,MATALE,BRAND NEW,2025.0,9,,DIO DLX
MOTOR CYCLE,YAMAHA,RAY ZR 125,INDIA,PETROL,125.0,BADULLA,BRAND NEW,2025.0,11,,RAY ZR 125
MOTOR CYCLE,YAMAHA,YZF R15 VER 4.0,INDIA,PETROL,155.0,MATALE,BRAND NEW,2025.0,3,,YZF R15 VER 4.0
MOTOR CYCLE,TVS,NTORQ 125,SRI LANKA,PETROL,124.8,KALUTARA,BRAND NEW-L/ASSEMBLE,2025.0,6,,NTORQ 125
MOTOR CYCLE,RANOMOTO,PATTAYA DOUBLE POWER,CHINA,PETROL,80.0,COLOMBO,BRAND NEW,2025.0,2,,PATTAYA DOUBLE POWER
MOTOR CYCLE,RISE,LEADER R80 V2.0,SRI LANKA,ELECTRIC,1.5,ANURADHAPURA,BRAND NEW-L/MANUFACT,2025.0,7,,LEADER R80 V2.0
MOTOR CYCLE,BAJAJ,CT 100 ES,INDIA,PETROL,102.0,RATNAPURA,BRAND NEW,2025.0,1,,CT 100 ES
MOTOR CYCLE,YAMAHA,FZ  VER 2.0,INDIA,PETROL,149.0,KILINOCHCHI,BRAND NEW,2025.0,6,,FZ  VER 2.0
MOTOR CYCLE,YAMAHA,FZ S FI VER 4.0,INDIA,PETROL,149.0,RATNAPURA,BRAND NEW,2025.0,20,,FZ S FI VER 4.0
MOTOR CYCLE,AIMA,BREEZY,CHINA,ELECTRIC,0.8,GALLE,BRAND NEW,2025.0,14,,BREEZY
MOTOR CYCLE,YAMAHA,MT 15 VER 2.0,INDIA,PETROL,155.0,MANNAR,BRAND NEW,2025.0,6,,MT 15 VER 2.0
MOTOR CYCLE,LIMA,ELO-07,CHINA,ELECTRIC,1.5,KURUNEGALA,BRAND NEW,2025.0,1,ELO-07,Unknown
MOTOR CYCLE,LIMA,EL07,CHINA,ELECTRIC,1.5,HAMBANTOTA,BRAND NEW,2025.0,5,,EL07
MOTOR CYCLE,HONDA,DIO STD,INDIA,PETROL,109.0,HAMBANTOTA,BRAND NEW,2025.0,19,,DIO STD
MOTOR CYCLE,HONDA,DIO DLX,INDIA,PETROL,109.0,HAMBANTOTA,BRAND NEW,2025.0,33,,DIO DLX
MOTOR CYCLE,TVS,TVS XL 100,SRI LANKA,PETROL,99.7,NUWARA-ELIYA,BRAND NEW-L/ASSEMBLE,2025.0,4,,TVS XL 100
MOTOR CYCLE,AIMA,LIBERTY,CHINA,ELECTRIC,1.2,MATALE,BRAND NEW,2025.0,3,,LIBERTY
MOTOR CYCLE,BAJAJ,PULSAR N 125,INDIA,PETROL,124.58,KEGALLE,BRAND NEW,2025.0,27,,PULSAR N 125
MOTOR CYCLE,BAJAJ,PULSAR N 125,INDIA,PETROL,124.58,MONERAGALA,BRAND NEW,2025.0,10,,PULSAR N 125
MOTOR CYCLE,TMR LUYUAN,COLA 5,CHINA,ELECTRIC,0.4,ANURADHAPURA,BRAND NEW,2025.0,3,,COLA 5
MOTOR CYCLE,TMR QUANLE,ZS,CHINA,ELECTRIC,1.2,PUTTALAM,BRAND NEW,2025.0,1,,ZS
MOTOR CYCLE,ATHER,450X,INDIA,ELECTRIC,3.0,KALUTARA,BRAND NEW,2025.0,5,,450X
MOTOR CYCLE,LUYUAN,M-MHH-Z45LJ,CHINA,ELECTRIC,2.0,HAMBANTOTA,BRAND NEW,2025.0,1,,M-MHH-Z45LJ
MOTOR CYCLE,LUYUAN,M-MHH-Z30LJ,CHINA,ELECTRIC,2.0,HAMBANTOTA,BRAND NEW,2024.0,1,,M-MHH-Z30LJ
MOTOR CYCLE,HERO,HF-DELUXE,INDIA,PETROL,97.2,JAFFNA,BRAND NEW,2025.0,227,HF-DELUXE,Unknown
MOTOR CYCLE,HERO,XOOM-110,INDIA,PETROL,110.9,JAFFNA,BRAND NEW,2025.0,238,XOOM-110,Unknown
MOTOR CYCLE,BAJAJ,DISCOVER 125,SRI LANKA,PETROL,124.5,MATALE,BRAND NEW-L/ASSEMBLE,2025.0,2,,DISCOVER 125
MOTOR CYCLE,RANOMOTO,MOPED SUPER,SRI LANKA,PETROL,49.0,AMPARA,BRAND NEW-L/ASSEMBLE,2024.0,8,,MOPED SUPER
MOTOR CYCLE,RANOMOTO,MOPED SUPER,SRI LANKA,PETROL,49.0,TRINCOMALEE,BRAND NEW-L/ASSEMBLE,2024.0,4,,MOPED SUPER
MOTOR CYCLE,HONDA,PCX160,JAPAN,PETROL,157.0,VAVUNIYA,RECONDITIONED,2025.0,1,,PCX160
MOTOR CYCLE,B.M.W.,G310GS,INDIA,PETROL,313.0,COLOMBO,RECONDITIONED,2023.0,1,,G310GS
MOTOR CYCLE,HONDA,PCX160,JAPAN,PETROL,157.0,GAMPAHA,RECONDITIONED,2025.0,3,,PCX160
MOTOR CYCLE,BAJAJ,DISCOVER 125,SRI LANKA,PETROL,124.5,KILINOCHCHI,BRAND NEW-L/ASSEMBLE,2025.0,2,,DISCOVER 125
MOTOR CYCLE,HONDA,PCX160,JAPAN,PETROL,157.0,GALLE,RECONDITIONED,2025.0,1,,PCX160
MOTOR CYCLE,TVS,TVS XL 100,SRI LANKA,PETROL,99.7,BATTICALOA,BRAND NEW-L/ASSEMBLE,2025.0,28,,TVS XL 100
MOTOR CYCLE,YADEA,T5,CHINA,ELECTRIC,1.2,MATALE,BRAND NEW,2025.0,7,,T5
MOTOR CYCLE,YAMAHA,RAY ZR 125,INDIA,PETROL,125.0,TRINCOMALEE,BRAND NEW,2025.0,15,,RAY ZR 125
MOTOR CYCLE,YAMAHA,RAY ZRSTREETRALLY125,INDIA,PETROL,125.0,HAMBANTOTA,BRAND NEW,2025.0,9,,RAY ZRSTREETRALLY125
MOTOR CYCLE,ATHER,450X,INDIA,ELECTRIC,3.0,KEGALLE,BRAND NEW,2025.0,3,,450X
MOTOR CYCLE,NWOW,ARS,CHINA,ELECTRIC,0.45,COLOMBO,BRAND NEW,2025.0,13,,ARS
MOTOR CYCLE,NWOW,WSP,CHINA,ELECTRIC,1.5,KALUTARA,BRAND NEW,2025.0,6,,WSP
MOTOR CYCLE,NWOW,WSP,CHINA,ELECTRIC,1.5,GAMPAHA,BRAND NEW,2024.0,4,,WSP
MOTOR CYCLE,NWOW,WSP,CHINA,ELECTRIC,1.5,RATNAPURA,BRAND NEW,2024.0,1,,WSP
MOTOR CYCLE,NWOW,ARS,CHINA,ELECTRIC,0.45,GAMPAHA,BRAND NEW,2018.0,1,,ARS
MOTOR CYCLE,HONDA,PCX125,JAPAN,PETROL,125.0,MATALE,RECONDITIONED,2025.0,1,,PCX125
MOTOR CYCLE,HONDA,PCX 125,JAPAN,PETROL,125.0,KURUNEGALA,RECONDITIONED,2025.0,1,,PCX 125
MOTOR CYCLE,HONDA,8BK-KF47,JAPAN,PETROL,157.0,GAMPAHA,RECONDITIONED,2025.0,1,8BK-KF47,Unknown
MOTOR CYCLE,AIMA,MAVERICK,CHINA,ELECTRIC,2.0,COLOMBO,BRAND NEW,2025.0,1,,MAVERICK
MOTOR CYCLE,HONDA,ADV160,JAPAN,PETROL,157.0,KEGALLE,RECONDITIONED,2025.0,1,,ADV160
MOTOR CYCLE,YAMAHA,RAY ZR,INDIA,PETROL,113.0,TRINCOMALEE,BRAND NEW,2025.0,8,,RAY ZR
MOTOR CYCLE,YADEA,RUIBIN,CHINA,ELECTRIC,0.8,BATTICALOA,BRAND NEW,2025.0,2,,RUIBIN
MOTOR CYCLE,TMR LUYUAN,MQQ6,CHINA,ELECTRIC,0.8,HAMBANTOTA,BRAND NEW,2025.0,2,,MQQ6
MOTOR CYCLE,TMR LUYUAN,COLA 5,CHINA,ELECTRIC,0.4,PUTTALAM,BRAND NEW,2025.0,3,,COLA 5
MOTOR CYCLE,TMR QUANLE,G18,CHINA,ELECTRIC,2.0,ANURADHAPURA,BRAND NEW,2025.0,1,,G18
MOTOR CYCLE,BAJAJ,DISCOVER  125,INDIA,PETROL,124.5,KURUNEGALA,BRAND NEW,2025.0,1,,DISCOVER  125
MOTOR CYCLE,BAJAJ,PULSAR N160,SRI LANKA,PETROL,164.82,PUTTALAM,BRAND NEW-L/ASSEMBLE,2025.0,23,,PULSAR N160
MOTOR CYCLE,BAJAJ,PULSAR N160,SRI LANKA,PETROL,164.82,VAVUNIYA,BRAND NEW-L/ASSEMBLE,2025.0,11,,PULSAR N160
MOTOR CYCLE,AIMA,LIBERTY,CHINA,ELECTRIC,1.2,AMPARA,BRAND NEW,2025.0,3,,LIBERTY
MOTOR CYCLE,NWOW,GB2,CHINA,ELECTRIC,0.4,KALUTARA,BRAND NEW,2025.0,3,,GB2
MOTOR CYCLE,SOLID,G6,CHINA,ELECTRIC,1.5,GAMPAHA,BRAND NEW,2024.0,2,,G6
MOTOR CYCLE,HONDA,PCX160,JAPAN,PETROL,156.0,PUTTALAM,RECONDITIONED,2025.0,2,,PCX160
MOTOR CYCLE,LIMA,EL07,CHINA,ELECTRIC,1.5,MULLATIVU,BRAND NEW,2025.0,1,,EL07
MOTOR CYCLE,SOLID,REO,CHINA,ELECTRIC,2.5,GAMPAHA,BRAND NEW,2017.0,2,,REO
MOTOR CYCLE,RISE,LEADER 125,SRI LANKA,PETROL,125.0,AMPARA,BRAND NEW-L/MANUFACT,2025.0,5,,LEADER 125
MOTOR CYCLE,YAMAHA,FZ  VER 2.0,INDIA,PETROL,149.0,VAVUNIYA,BRAND NEW,2025.0,4,,FZ  VER 2.0
MOTOR CYCLE,BAJAJ,CT 100 ES,INDIA,PETROL,102.0,KILINOCHCHI,BRAND NEW,2025.0,2,,CT 100 ES
MOTOR CYCLE,BAJAJ,CT 100 ES,SRI LANKA,PETROL,113.0,KALUTARA,BRAND NEW-L/ASSEMBLE,2025.0,1,,CT 100 ES
MOTOR CYCLE,BAJAJ,DISCOVER  125,INDIA,PETROL,124.5,GALLE,BRAND NEW,2025.0,1,,DISCOVER  125
MOTOR CYCLE,HONDA,ADV160,JAPAN,PETROL,157.0,KALUTARA,RECONDITIONED,2025.0,1,,ADV160
MOTOR CYCLE,YAMAHA,RAY ZR,INDIA,PETROL,113.0,KILINOCHCHI,BRAND NEW,2025.0,3,,RAY ZR
MOTOR CYCLE,NWOW,ARS,CHINA,ELECTRIC,0.45,GALLE,BRAND NEW,2023.0,1,,ARS
MOTOR CYCLE,NWOW,WSP,CHINA,ELECTRIC,1.5,GAMPAHA,BRAND NEW,2025.0,4,,WSP
MOTOR CYCLE,DAYWANG(DW)SL,E-MOTOR CYCLE,CHINA,ELECTRIC,0.8,AMPARA,BRAND NEW,2024.0,1,,E-MOTOR CYCLE
MOTOR CYCLE,HONDA,ADV,JAPAN,PETROL,157.0,GAMPAHA,RECONDITIONED,2025.0,1,,ADV
MOTOR CYCLE,HONDA,PCX,VIETNAM,PETROL,157.0,COLOMBO,RECONDITIONED,2025.0,1,,PCX
MOTOR CYCLE,AIMA,ARIA,CHINA,ELECTRIC,0.8,RATNAPURA,BRAND NEW,2025.0,2,,ARIA
MOTOR CYCLE,HONDA,8BK-KF47,JAPAN,PETROL,157.0,KURUNEGALA,RECONDITIONED,2024.0,1,8BK-KF47,Unknown
MOTOR CYCLE,I - MOTOR,VAPOR,THAILAND,ELECTRIC,3.0,COLOMBO,BRAND NEW,2024.0,1,,VAPOR
MOTOR CYCLE,HERO,HUNK 160,INDIA,PETROL,163.14,NUWARA-ELIYA,BRAND NEW,2025.0,3,,HUNK 160
MOTOR CYCLE,BAJAJ,CT 100 ES,INDIA,PETROL,102.0,JAFFNA,BRAND NEW,2025.0,1,,CT 100 ES
MOTOR CYCLE,HONDA,PCX-160,JAPAN,PETROL,157.0,BADULLA,RECONDITIONED,2025.0,1,PCX-160,Unknown
MOTOR CYCLE,SOLID,S9,CHINA,ELECTRIC,2.0,PUTTALAM,BRAND NEW,2025.0,2,,S9
MOTOR CYCLE,BAJAJ,CHETAK 3503,INDIA,ELECTRIC,3.5,COLOMBO,BRAND NEW,2025.0,2,,CHETAK 3503
MOTOR CYCLE,RISE,LEADER PLUS,SRI LANKA,ELECTRIC,2.0,KEGALLE,BRAND NEW-L/MANUFACT,2025.0,1,,LEADER PLUS
MOTOR CYCLE,YADEA,RUIBIN,CHINA,ELECTRIC,0.8,POLONNARUWA,BRAND NEW,2024.0,1,,RUIBIN
MOTOR CYCLE,TMR LUYUAN,COLA 5,CHINA,ELECTRIC,0.4,BATTICALOA,BRAND NEW,2025.0,1,,COLA 5
MOTOR CYCLE,LUYUAN,MNK3,CHINA,ELECTRIC,1.5,KALUTARA,BRAND NEW,2025.0,1,,MNK3
MOTOR CYCLE,NWOW,SE,CHINA,ELECTRIC,0.8,PUTTALAM,BRAND NEW,2024.0,1,,SE
MOTOR CYCLE,TVS,TVS XL 100,SRI LANKA,PETROL,99.7,RATNAPURA,BRAND NEW,2025.0,1,,TVS XL 100
MOTOR CYCLE,YADEA,T 9,CHINA,ELECTRIC,2.0,HAMBANTOTA,BRAND NEW,2019.0,1,,T 9
MOTOR CYCLE,HERO,HUNK 160,INDIA,PETROL,163.14,MONERAGALA,BRAND NEW,2025.0,18,,HUNK 160
MOTOR CYCLE,YAMAHA,RAY ZR,INDIA,PETROL,113.0,JAFFNA,BRAND NEW,2025.0,16,,RAY ZR
MOTOR CYCLE,YAMAHA,RAY ZR 125,INDIA,PETROL,125.0,GAMPAHA,BRAND NEW,2025.0,72,,RAY ZR 125
MOTOR CYCLE,LUYUAN ALFA,MKK-Z23E-12-C,CHINA,ELECTRIC,1.2,ANURADHAPURA,BRAND NEW,2025.0,2,MKK-Z23E-12-C,Unknown
MOTOR CYCLE,DIMEN,D60,CHINA,ELECTRIC,1.2,ANURADHAPURA,BRAND NEW,2025.0,4,,D60
MOTOR CYCLE,YAMAHA,FZ S FI VER 4.0,INDIA,PETROL,149.0,AMPARA,BRAND NEW,2025.0,167,,FZ S FI VER 4.0
MOTOR CYCLE,YAMAHA,FZ S FI VER 4.0,INDIA,PETROL,149.0,GALLE,BRAND NEW,2025.0,51,,FZ S FI VER 4.0
MOTOR CYCLE,HONDA,DIO DLX,INDIA,PETROL,109.0,BATTICALOA,BRAND NEW,2025.0,49,,DIO DLX
MOTOR CYCLE,HONDA,DIO DLX,INDIA,PETROL,109.0,MONERAGALA,BRAND NEW,2025.0,11,,DIO DLX
MOTOR CYCLE,BAJAJ,PULSAR N 160,INDIA,PETROL,164.32,MANNAR,BRAND NEW,2025.0,27,,PULSAR N 160
MOTOR CYCLE,ROYAL ENFIELD,CLASSIC 350,INDIA,PETROL,349.0,TRINCOMALEE,BRAND NEW,2025.0,3,,CLASSIC 350
MOTOR CYCLE,RANOMOTO,FLASH,CHINA,PETROL,79.0,KEGALLE,BRAND NEW,2025.0,4,,FLASH
MOTOR CYCLE,RISE,LEADER R80 V2.0,SRI LANKA,ELECTRIC,1.5,KURUNEGALA,BRAND NEW-L/MANUFACT,2025.0,2,,LEADER R80 V2.0
MOTOR CYCLE,BAJAJ,PULSAR N 125,INDIA,PETROL,124.58,POLONNARUWA,BRAND NEW,2025.0,20,,PULSAR N 125
MOTOR CYCLE,BAJAJ,PULSAR N 160,INDIA,PETROL,164.32,NUWARA-ELIYA,BRAND NEW,2025.0,42,,PULSAR N 160
MOTOR CYCLE,BAJAJ,DISCOVER  125,INDIA,PETROL,124.5,MATARA,BRAND NEW,2025.0,1,,DISCOVER  125
MOTOR CYCLE,BAJAJ,PULSAR NS 200,INDIA,PETROL,199.5,BADULLA,BRAND NEW,2025.0,42,,PULSAR NS 200
MOTOR CYCLE,BAJAJ,DISCOVER  125,INDIA,PETROL,124.5,GAMPAHA,BRAND NEW,2025.0,1,,DISCOVER  125
MOTOR CYCLE,BAJAJ,PULSAR N 125,INDIA,PETROL,124.58,MATALE,BRAND NEW,2025.0,21,,PULSAR N 125
MOTOR CYCLE,YAMAHA,RAY ZR,INDIA,PETROL,113.0,ANURADHAPURA,BRAND NEW,2025.0,3,,RAY ZR
MOTOR CYCLE,SOLID,G6,CHINA,ELECTRIC,1.5,MATARA,BRAND NEW,2025.0,1,,G6
MOTOR CYCLE,TVS,TVS RAIDER 125,INDIA,PETROL,124.66,KILINOCHCHI,BRAND NEW,2025.0,2,,TVS RAIDER 125
MOTOR CYCLE,HONDA,DIO STD,INDIA,PETROL,109.0,RATNAPURA,BRAND NEW,2025.0,14,,DIO STD
MOTOR CYCLE,LIMA,ELO-07,CHINA,ELECTRIC,1.5,KURUNEGALA,BRAND NEW,2024.0,1,ELO-07,Unknown
MOTOR CYCLE,AIMA,BREEZY,CHINA,ELECTRIC,0.8,BADULLA,BRAND NEW,2025.0,1,,BREEZY
MOTOR CYCLE,BAJAJ,PULSAR NS 400 Z,INDIA,PETROL,373.27,COLOMBO,BRAND NEW,2025.0,1,,PULSAR NS 400 Z
MOTOR CYCLE,BAJAJ,CALLIBER 115,INDIA,PETROL,111.6,MATARA,BRAND NEW,2003.0,1,,CALLIBER 115
MOTOR CYCLE,BAJAJ,BOXER -AR,INDIA,PETROL,99.35,MATARA,BRAND NEW,2003.0,1,,BOXER -AR
MOTOR CYCLE,HONDA,C 50,JAPAN,PETROL,49.0,MATARA,RECONDITIONED,2002.0,1,,C 50
MOTOR CYCLE,AIMA,LIBERTY,CHINA,ELECTRIC,1.2,GAMPAHA,BRAND NEW,2025.0,4,,LIBERTY
MOTOR CYCLE,TMR QUANLE,XGW,CHINA,ELECTRIC,1.2,GAMPAHA,BRAND NEW,2025.0,9,,XGW
MOTOR CYCLE,TMR LUYUAN,COLA 5,CHINA,ELECTRIC,0.4,TRINCOMALEE,BRAND NEW,2025.0,2,,COLA 5
MOTOR CYCLE,TVS,TVS XL 100,SRI LANKA,PETROL,99.7,KILINOCHCHI,BRAND NEW-L/ASSEMBLE,2025.0,17,,TVS XL 100
MOTOR CYCLE,TVS,TVS XL 100,SRI LANKA,PETROL,99.7,VAVUNIYA,BRAND NEW-L/ASSEMBLE,2025.0,13,,TVS XL 100
MOTOR CYCLE,RANOMOTO,PATTAYA DOUBLE POWER,CHINA,PETROL,80.0,MATARA,BRAND NEW,2025.0,3,,PATTAYA DOUBLE POWER
MOTOR CYCLE,BAJAJ,CT 100 ES,SRI LANKA,PETROL,102.0,MATARA,BRAND NEW,2025.0,1,,CT 100 ES
MOTOR CYCLE,HERO,HF-DELUXE,INDIA,PETROL,97.2,MANNAR,BRAND NEW,2025.0,28,HF-DELUXE,Unknown
MOTOR CYCLE,BAJAJ,BOXER DELUXE,INDIA,PETROL,99.35,MATARA,BRAND NEW,2002.0,1,,BOXER DELUXE
MOTOR CYCLE,RANOMOTO,MOPED SUPER,SRI LANKA,PETROL,49.0,POLONNARUWA,BRAND NEW-L/ASSEMBLE,2024.0,3,,MOPED SUPER
MOTOR CYCLE,RANOMOTO,MOPED SUPER,SRI LANKA,PETROL,49.0,COLOMBO,BRAND NEW-L/ASSEMBLE,2024.0,1,,MOPED SUPER
MOTOR CYCLE,RANOMOTO,MOPED SUPER,SRI LANKA,PETROL,49.0,MULLATIVU,BRAND NEW-L/ASSEMBLE,2024.0,1,,MOPED SUPER
MOTOR CYCLE,HONDA,PCX125,VIETNAM,PETROL,124.0,PUTTALAM,RECONDITIONED,2025.0,2,,PCX125
MOTOR CYCLE,YADEA,EPOC H,CHINA,ELECTRIC,2.0,KURUNEGALA,BRAND NEW,2025.0,18,,EPOC H
MOTOR CYCLE,YADEA,EPOC H,CHINA,ELECTRIC,2.0,PUTTALAM,BRAND NEW,2025.0,7,,EPOC H
MOTOR CYCLE,YADEA,T 9,CHINA,ELECTRIC,2.0,GALLE,BRAND NEW,2025.0,28,,T 9
MOTOR CYCLE,TVS,TVS XL 100,SRI LANKA,PETROL,99.7,KURUNEGALA,BRAND NEW,2025.0,1,,TVS XL 100
MOTOR CYCLE,HERO,XTREME 125 R,INDIA,PETROL,124.7,MULLATIVU,BRAND NEW,2025.0,2,,XTREME 125 R
MOTOR CYCLE,YAMAHA,RAY ZR,INDIA,PETROL,113.0,BATTICALOA,BRAND NEW,2025.0,53,,RAY ZR
MOTOR CYCLE,YAMAHA,RAY ZRSTREETRALLY125,INDIA,PETROL,125.0,KALUTARA,BRAND NEW,2025.0,13,,RAY ZRSTREETRALLY125
MOTOR CYCLE,YAMAHA,YZF R15 VER 4.0,INDIA,PETROL,155.0,KILINOCHCHI,BRAND NEW,2025.0,9,,YZF R15 VER 4.0
MOTOR CYCLE,BAJAJ,PULSAR NS 200,INDIA,PETROL,199.0,VAVUNIYA,BRAND NEW,2025.0,1,,PULSAR NS 200
MOTOR CYCLE,TVS,TVS NTORQ 125 CC,INDIA,PETROL,124.8,MANNAR,BRAND NEW,2025.0,21,,TVS NTORQ 125 CC
MOTOR CYCLE,HONDA,ADV160,JAPAN,PETROL,159.0,COLOMBO,RECONDITIONED,2025.0,1,,ADV160
MOTOR CYCLE,LUYUAN,MS70 Z23E,CHINA,ELECTRIC,1.2,MATARA,BRAND NEW,2025.0,1,,MS70 Z23E
MOTOR CYCLE,ATHER,450X,INDIA,ELECTRIC,3.0,KURUNEGALA,BRAND NEW,2024.0,1,,450X
MOTOR CYCLE,AIMA,LIBERTY,CHINA,ELECTRIC,1.2,BADULLA,BRAND NEW,2025.0,3,,LIBERTY
MOTOR CYCLE,AIMA,BREEZY,CHINA,ELECTRIC,0.8,GAMPAHA,BRAND NEW,2025.0,4,,BREEZY
MOTOR CYCLE,AIMA,MANA,CHINA,ELECTRIC,1.5,BADULLA,BRAND NEW,2025.0,2,,MANA
MOTOR CYCLE,LUYUAN,MNK3,CHINA,ELECTRIC,1.5,POLONNARUWA,BRAND NEW,2025.0,3,,MNK3
MOTOR CYCLE,SENARO,CLICK 150,SRI LANKA,PETROL,150.0,KEGALLE,BRAND NEW-L/ASSEMBLE,2025.0,2,,CLICK 150
MOTOR CYCLE,AIMA,MAVERICK,CHINA,ELECTRIC,2.0,MULLATIVU,BRAND NEW,2025.0,2,,MAVERICK
MOTOR CYCLE,YADEA,EPOC H,CHINA,ELECTRIC,2.0,MATARA,BRAND NEW,2025.0,4,,EPOC H
MOTOR CYCLE,HERO,HF-DELUXE,INDIA,PETROL,97.2,BADULLA,BRAND NEW,2025.0,6,HF-DELUXE,Unknown
MOTOR CYCLE,HONDA,DIO STD,INDIA,PETROL,109.0,MATALE,BRAND NEW,2025.0,7,,DIO STD
MOTOR CYCLE,HERO,XTREME 125 R,INDIA,PETROL,124.7,KILINOCHCHI,BRAND NEW,2025.0,3,,XTREME 125 R
MOTOR CYCLE,BAJAJ,DISCOVER 125,SRI LANKA,PETROL,124.5,MULLATIVU,BRAND NEW-L/ASSEMBLE,2025.0,1,,DISCOVER 125
MOTOR CYCLE,AIMA,MANA,CHINA,ELECTRIC,1.5,KEGALLE,BRAND NEW,2025.0,3,,MANA
MOTOR CYCLE,REVOLT,RV 1,INDIA,ELECTRIC,1.8,KALUTARA,BRAND NEW,2025.0,1,,RV 1
MOTOR CYCLE,HONDA,ADV160,INDONESIA,PETROL,157.0,COLOMBO,BRAND NEW,2025.0,1,,ADV160
MOTOR CYCLE,SUPER SOCO,TS STREET HUNTER,CHINA,ELECTRIC,2.5,GALLE,BRAND NEW,2025.0,1,,TS STREET HUNTER
MOTOR CYCLE,LUYUAN ALFA,M-MKK-Z30LJ-12-C,CHINA,ELECTRIC,1.8,POLONNARUWA,BRAND NEW,2025.0,1,,M-MKK-Z30LJ-12-C
MOTOR CYCLE,AIMA,BREEZY,CHINA,ELECTRIC,0.8,MATALE,BRAND NEW,2025.0,2,,BREEZY
MOTOR CYCLE,AIMA,MANA,CHINA,ELECTRIC,1.5,MONERAGALA,BRAND NEW,2025.0,2,,MANA
MOTOR CYCLE,YADEA,T5,CHINA,ELECTRIC,1.2,KEGALLE,BRAND NEW,2025.0,5,,T5
MOTOR CYCLE,HERO,XOOM-110,INDIA,PETROL,110.9,MATALE,BRAND NEW,2020.0,1,XOOM-110,Unknown
MOTOR CYCLE,ROYAL ENFIELD,METEOR 350,INDIA,PETROL,350.0,COLOMBO,BRAND NEW,2025.0,2,,METEOR 350
MOTOR CYCLE,YAMAHA,YZF R15 VER 4.0,INDIA,PETROL,155.0,KEGALLE,BRAND NEW,2025.0,1,,YZF R15 VER 4.0
MOTOR CYCLE,RISE,LEADER R80 V2.0,SRI LANKA,ELECTRIC,1.5,NUWARA-ELIYA,BRAND NEW-L/MANUFACT,2025.0,1,,LEADER R80 V2.0
MOTOR CYCLE,NWOW,ARS,CHINA,ELECTRIC,0.45,GAMPAHA,BRAND NEW,2023.0,2,,ARS
MOTOR CYCLE,TVS,IQUBE,INDIA,ELECTRIC,3.34,KANDY,BRAND NEW,2025.0,2,,IQUBE
MOTOR CYCLE,YADEA,T5,CHINA,PETROL,1.2,HAMBANTOTA,BRAND NEW,2025.0,1,,T5
MOTOR CYCLE,YAMAHA,MT 15 VER 2.0,INDIA,PETROL,155.0,MATALE,BRAND NEW,2025.0,3,,MT 15 VER 2.0
MOTOR CYCLE,ATHER,450X,INDIA,ELECTRIC,3.0,KILINOCHCHI,BRAND NEW,2025.0,1,,450X
MOTOR CYCLE,BAJAJ,PULSAR N160,SRI LANKA,PETROL,164.82,KEGALLE,BRAND NEW-L/ASSEMBLE,2025.0,11,,PULSAR N160
MOTOR CYCLE,SOLID,S9,CHINA,ELECTRIC,2.0,KURUNEGALA,BRAND NEW,2025.0,1,,S9
MOTOR CYCLE,YAMAHA,YZF R15 VER 4.0,INDIA,PETROL,155.0,KALUTARA,BRAND NEW,2025.0,1,,YZF R15 VER 4.0
MOTOR CYCLE,HONDA,8BK-KF47,JAPAN,PETROL,157.0,KANDY,RECONDITIONED,2024.0,1,8BK-KF47,Unknown
MOTOR CYCLE,HONDA,PCX-160,JAPAN,PETROL,157.0,COLOMBO,RECONDITIONED,2025.0,1,PCX-160,Unknown
MOTOR CYCLE,TMR QUANLE,G18,CHINA,ELECTRIC,2.0,AMPARA,BRAND NEW,2025.0,1,,G18
MOTOR CYCLE,YADEA,T5,CHINA,ELECTRIC,1.2,KALUTARA,CONVERTED,2025.0,1,,T5
MOTOR CYCLE,LIMA,EL07,CHINA,ELECTRIC,1.5,AMPARA,BRAND NEW,2025.0,1,,EL07
MOTOR CYCLE,AIMA,LIBERTY,CHINA,ELECTRIC,1.2,KILINOCHCHI,BRAND NEW,2025.0,3,,LIBERTY
MOTOR CYCLE,LUYUAN,MNK3,CHINA,ELECTRIC,1.5,PUTTALAM,BRAND NEW,2025.0,1,,MNK3
MOTOR CYCLE,HERO,HF-DELUXE,INDIA,PETROL,97.2,GALLE,BRAND NEW,2025.0,1,HF-DELUXE,Unknown
MOTOR CYCLE,TMR QUANLE,XGW,CHINA,ELECTRIC,1.2,MATALE,BRAND NEW,2025.0,1,,XGW
MOTOR CYCLE,YADEA,T5,CHINA,ELECTRIC,1.2,HAMBANTOTA,BRAND NEW,2025.0,80,,T5
MOTOR CYCLE,HERO,XTREME 125 R,INDIA,PETROL,124.7,KURUNEGALA,BRAND NEW,2025.0,61,,XTREME 125 R
MOTOR CYCLE,HERO,HF-DELUXE,INDIA,PETROL,97.2,GAMPAHA,BRAND NEW,2025.0,4,HF-DELUXE,Unknown
MOTOR CYCLE,HERO,XTREME 125 R,INDIA,PETROL,124.7,BADULLA,BRAND NEW,2025.0,20,,XTREME 125 R
MOTOR CYCLE,YAMAHA,FZ  VER 2.0,INDIA,PETROL,149.0,KANDY,BRAND NEW,2025.0,14,,FZ  VER 2.0
MOTOR CYCLE,YAMAHA,FZ  VER 2.0,INDIA,PETROL,149.0,GAMPAHA,BRAND NEW,2025.0,65,,FZ  VER 2.0
MOTOR CYCLE,YAMAHA,RAY ZR STREET RALLY,INDIA,PETROL,113.0,MANNAR,BRAND NEW,2025.0,6,,RAY ZR STREET RALLY
MOTOR CYCLE,YAMAHA,MT 15 VER 2.0,INDIA,PETROL,155.0,GALLE,BRAND NEW,2025.0,10,,MT 15 VER 2.0
MOTOR CYCLE,HONDA,CD 50,JAPAN,PETROL,49.0,AMPARA,RECONDITIONED,1999.0,1,,CD 50
MOTOR CYCLE,TAILG,RED RABBIT,CHINA,ELECTRIC,1.2,KURUNEGALA,BRAND NEW,2025.0,11,,RED RABBIT
MOTOR CYCLE,LUYUAN,MYT,CHINA,ELECTRIC,0.8,ANURADHAPURA,BRAND NEW,2025.0,6,,MYT
MOTOR CYCLE,DIMEN,D60,CHINA,ELECTRIC,1.2,KURUNEGALA,BRAND NEW,2025.0,1,,D60
MOTOR CYCLE,YAMAHA,RAY ZR,INDIA,PETROL,113.0,MATALE,BRAND NEW,2025.0,6,,RAY ZR
MOTOR CYCLE,YAMAHA,FZ  VER 2.0,INDIA,PETROL,149.0,MONERAGALA,BRAND NEW,2025.0,13,,FZ  VER 2.0
MOTOR CYCLE,YAMAHA,RAY ZR STREET RALLY,INDIA,PETROL,113.0,AMPARA,BRAND NEW,2025.0,4,,RAY ZR STREET RALLY
MOTOR CYCLE,HERO,XOOM-110,INDIA,PETROL,110.9,ANURADHAPURA,BRAND NEW,2025.0,130,XOOM-110,Unknown
MOTOR CYCLE,YAMAHA,RAY ZR,INDIA,PETROL,113.0,KURUNEGALA,BRAND NEW,2025.0,11,,RAY ZR
MOTOR CYCLE,YAMAHA,YZF R15 VER 4.0,INDIA,PETROL,155.0,HAMBANTOTA,BRAND NEW,2025.0,2,,YZF R15 VER 4.0
MOTOR CYCLE,HONDA,DIO STD,INDIA,PETROL,109.0,POLONNARUWA,BRAND NEW,2025.0,20,,DIO STD
MOTOR CYCLE,YAMAHA,FZ S FI VER 4.0,INDIA,PETROL,149.0,KANDY,BRAND NEW,2025.0,32,,FZ S FI VER 4.0
MOTOR CYCLE,YAMAHA,YZF R15 VER 4.0,INDIA,PETROL,155.0,MULLATIVU,BRAND NEW,2025.0,5,,YZF R15 VER 4.0
MOTOR CYCLE,BAJAJ,DISCOVER 125,SRI LANKA,PETROL,124.5,TRINCOMALEE,BRAND NEW-L/ASSEMBLE,2025.0,3,,DISCOVER 125
MOTOR CYCLE,YAMAHA,FZ S FI VER 4.0,INDIA,PETROL,149.0,KILINOCHCHI,BRAND NEW,2025.0,5,,FZ S FI VER 4.0
MOTOR CYCLE,TVS,NTORQ 125,SRI LANKA,PETROL,124.8,BADULLA,BRAND NEW-L/ASSEMBLE,2025.0,6,,NTORQ 125
MOTOR CYCLE,LUYUAN ALFA,M-MKK-Z30LJ-12-C,CHINA,ELECTRIC,1.8,KALUTARA,BRAND NEW,2025.0,1,,M-MKK-Z30LJ-12-C
MOTOR CYCLE,RANOMOTO,GN125H,CHINA,PETROL,124.0,BATTICALOA,BRAND NEW,2025.0,11,,GN125H
MOTOR CYCLE,RANOMOTO,PATTAYA DOUBLE POWER,CHINA,PETROL,80.0,KILINOCHCHI,BRAND NEW,2025.0,2,,PATTAYA DOUBLE POWER
MOTOR CYCLE,RISE,LEADER R80 V2.0,SRI LANKA,ELECTRIC,1.5,AMPARA,BRAND NEW-L/MANUFACT,2025.0,5,,LEADER R80 V2.0
MOTOR CYCLE,RISE,LEADER R80 V2.0,SRI LANKA,ELECTRIC,1.5,MONERAGALA,BRAND NEW-L/MANUFACT,2025.0,5,,LEADER R80 V2.0
MOTOR CYCLE,BAJAJ,PULSAR N 125,INDIA,PETROL,124.58,NUWARA-ELIYA,BRAND NEW,2025.0,24,,PULSAR N 125
MOTOR CYCLE,BAJAJ,DISCOVER  125,INDIA,PETROL,124.5,ANURADHAPURA,BRAND NEW,2025.0,3,,DISCOVER  125
MOTOR CYCLE,BAJAJ,PULSAR N 125,INDIA,PETROL,124.5,PUTTALAM,BRAND NEW,2025.0,2,,PULSAR N 125
MOTOR CYCLE,NWOW,V11,CHINA,ELECTRIC,1.0,PUTTALAM,BRAND NEW,2024.0,1,,V11
MOTOR CYCLE,LIMA,EL07,CHINA,ELECTRIC,1.5,MATARA,BRAND NEW,2025.0,1,,EL07
MOTOR CYCLE,HERO,XTREME 125 R,INDIA,PETROL,124.7,MANNAR,BRAND NEW,2025.0,2,,XTREME 125 R
MOTOR CYCLE,YAMAHA,RAY ZRSTREETRALLY125,INDIA,PETROL,125.0,MONERAGALA,BRAND NEW,2025.0,4,,RAY ZRSTREETRALLY125
MOTOR CYCLE,DYNO,SCOOBY 125  EFI,SRI LANKA,PETROL,124.6,AMPARA,BRAND NEW-L/ASSEMBLE,2024.0,1,,SCOOBY 125  EFI
MOTOR CYCLE,BAJAJ,BOXER,INDIA,PETROL,99.35,MATARA,BRAND NEW,2004.0,1,,BOXER
MOTOR CYCLE,TVS,WEGO,INDIA,PETROL,110.0,MATARA,BRAND NEW,2011.0,1,,WEGO
MOTOR CYCLE,RISE,LEADER R 100,SRI LANKA,ELECTRIC,2.0,GALLE,BRAND NEW-L/MANUFACT,2025.0,1,,LEADER R 100
MOTOR CYCLE,LENCAR,ERC80,SRI LANKA,ELECTRIC,1.2,GAMPAHA,BRAND NEW-L/ASSEMBLE,2025.0,1,,ERC80
MOTOR CYCLE,HONDA,PCX160,VIETNAM,PETROL,157.0,COLOMBO,RECONDITIONED,2025.0,1,,PCX160
MOTOR CYCLE,TVS,IQUBE,INDIA,ELECTRIC,3.34,RATNAPURA,BRAND NEW,2025.0,6,,IQUBE
MOTOR CYCLE,HONDA,DIO DLX,INDIA,PETROL,109.0,PUTTALAM,BOUGHT FROM AUCTION,2025.0,1,,DIO DLX
MOTOR CYCLE,RANOMOTO,FLASH,CHINA,PETROL,79.0,MULLATIVU,BRAND NEW,2025.0,1,,FLASH
MOTOR CYCLE,BAJAJ,CT 100 ES,INDIA,PETROL,102.0,TRINCOMALEE,BRAND NEW,2025.0,6,,CT 100 ES
MOTOR CYCLE,BAJAJ,PULSAR N160,SRI LANKA,PETROL,164.82,ANURADHAPURA,BRAND NEW-L/ASSEMBLE,2025.0,34,,PULSAR N160
MOTOR CYCLE,HERO,HF-DELUXE,INDIA,PETROL,97.2,VAVUNIYA,BRAND NEW,2025.0,21,HF-DELUXE,Unknown
MOTOR CYCLE,HONDA,PCX 160,JAPAN,PETROL,157.0,PUTTALAM,RECONDITIONED,2025.0,2,,PCX 160
MOTOR CYCLE,HERO,HF-DELUXE,INDIA,PETROL,97.2,AMPARA,BRAND NEW,2025.0,198,HF-DELUXE,Unknown
MOTOR CYCLE,AIMA,MAVERICK,CHINA,ELECTRIC,2.0,ANURADHAPURA,BRAND NEW,2025.0,4,,MAVERICK
MOTOR CYCLE,YAMAHA,RAY ZRSTREETRALLY125,INDIA,PETROL,125.0,AMPARA,BRAND NEW,2025.0,21,,RAY ZRSTREETRALLY125
MOTOR CYCLE,TVS,NTORQ 125,SRI LANKA,PETROL,124.8,KURUNEGALA,BRAND NEW-L/ASSEMBLE,2025.0,13,,NTORQ 125
MOTOR CYCLE,YADEA,RUIBIN,CHINA,ELECTRIC,0.8,KILINOCHCHI,BRAND NEW,2025.0,8,,RUIBIN
MOTOR CYCLE,YAMAHA,MT 15 VER 2.0,INDIA,PETROL,155.0,TRINCOMALEE,BRAND NEW,2025.0,22,,MT 15 VER 2.0
MOTOR CYCLE,YAMAHA,RAY ZR 125,INDIA,PETROL,125.0,MONERAGALA,BRAND NEW,2025.0,11,,RAY ZR 125
MOTOR CYCLE,SOLID,G6,CHINA,ELECTRIC,1.5,GALLE,BRAND NEW,2025.0,1,,G6
MOTOR CYCLE,SOLID,G6,CHINA,ELECTRIC,1.5,KURUNEGALA,BRAND NEW,2025.0,5,,G6
MOTOR CYCLE,TVS,TVS XL 100,SRI LANKA,PETROL,99.7,AMPARA,BRAND NEW-L/ASSEMBLE,2025.0,13,,TVS XL 100
MOTOR CYCLE,LUYUAN ALFA,MKK-Z23E-12-C,CHINA,ELECTRIC,1.2,BADULLA,BRAND NEW,2025.0,1,MKK-Z23E-12-C,Unknown
MOTOR CYCLE,NWOW,TK 10,CHINA,ELECTRIC,0.8,COLOMBO,BRAND NEW,2024.0,5,,TK 10
MOTOR CYCLE,NWOW,ARS,CHINA,ELECTRIC,0.45,KALUTARA,BRAND NEW,2025.0,6,,ARS
MOTOR CYCLE,NWOW,V11,CHINA,ELECTRIC,1.0,MATARA,BRAND NEW,2024.0,4,,V11
MOTOR CYCLE,HONDA,ADV160,THAILAND,PETROL,157.0,COLOMBO,RECONDITIONED,2025.0,1,,ADV160
MOTOR CYCLE,HONDA,PCX 125,JAPAN,PETROL,124.0,COLOMBO,RECONDITIONED,2025.0,1,,PCX 125
MOTOR CYCLE,TVS,TVS XL 100,SRI LANKA,PETROL,99.7,GALLE,BRAND NEW,2025.0,2,,TVS XL 100
MOTOR CYCLE,AIMA,ARIA,CHINA,ELECTRIC,0.8,MATARA,BRAND NEW,2025.0,2,,ARIA
MOTOR CYCLE,AIMA,MANA,CHINA,ELECTRIC,1.5,KALUTARA,BRAND NEW,2025.0,3,,MANA
MOTOR CYCLE,HONDA,PCX,JAPAN,PETROL,157.0,GAMPAHA,RECONDITIONED,2025.0,2,,PCX
MOTOR CYCLE,YAMAHA,RAY ZR STREET RALLY,INDIA,PETROL,113.0,JAFFNA,BRAND NEW,2025.0,5,,RAY ZR STREET RALLY
MOTOR CYCLE,AIMA,ARIA,CHINA,ELECTRIC,0.8,GAMPAHA,BRAND NEW,2025.0,2,,ARIA
MOTOR CYCLE,RANOMOTO,MOPED SUPER,SRI LANKA,PETROL,49.0,KILINOCHCHI,BRAND NEW-L/ASSEMBLE,2024.0,1,,MOPED SUPER
MOTOR CYCLE,HERO,HF-DELUXE,INDIA,PETROL,97.2,PUTTALAM,BRAND NEW,2025.0,7,HF-DELUXE,Unknown
MOTOR CYCLE,TMR QUANLE,G18,CHINA,ELECTRIC,2.0,KURUNEGALA,BRAND NEW,2025.0,4,,G18
MOTOR CYCLE,HONDA,ADV160,JAPAN,PETROL,157.0,KANDY,RECONDITIONED,2025.0,1,,ADV160
MOTOR CYCLE,HONDA,PCX,JAPAN,PETROL,124.0,KURUNEGALA,RECONDITIONED,2025.0,1,,PCX
MOTOR CYCLE,BAJAJ,CT 100 ES,INDIA,PETROL,102.0,KALUTARA,BRAND NEW,2025.0,3,,CT 100 ES
MOTOR CYCLE,AIMA,ARIA,CHINA,ELECTRIC,0.8,MATALE,BRAND NEW,2025.0,2,,ARIA
MOTOR CYCLE,YAMAHA,RAY ZR STREET RALLY,INDIA,PETROL,113.0,GALLE,BRAND NEW,2025.0,1,,RAY ZR STREET RALLY
MOTOR CYCLE,HONDA,DIO DLX,INDIA,PETROL,109.0,MULLATIVU,BRAND NEW,2025.0,2,,DIO DLX
MOTOR CYCLE,LUYUAN,S90 PLUS,CHINA,ELECTRIC,1.5,AMPARA,BRAND NEW,2025.0,1,,S90 PLUS
MOTOR CYCLE,LUYUAN,MS70 Z23E,CHINA,ELECTRIC,1.2,ANURADHAPURA,BRAND NEW,2025.0,1,,MS70 Z23E
MOTOR CYCLE,RISE,LEADER 125,SRI LANKA,PETROL,125.0,KILINOCHCHI,BRAND NEW-L/MANUFACT,2025.0,6,,LEADER 125
MOTOR CYCLE,YADEA,T 9,CHINA,ELECTRIC,2.0,BADULLA,BRAND NEW,2025.0,2,,T 9
MOTOR CYCLE,TVS,IQUBE,INDIA,ELECTRIC,3.34,MONERAGALA,BRAND NEW,2025.0,2,,IQUBE
MOTOR CYCLE,HONDA,PCX  125,VIETNAM,PETROL,124.0,PUTTALAM,RECONDITIONED,2025.0,1,,PCX  125
MOTOR CYCLE,TMR QUANLE,G18,CHINA,ELECTRIC,2.0,POLONNARUWA,BRAND NEW,2025.0,1,,G18
MOTOR CYCLE,TVS,TVS RAIDER 125,INDIA,PETROL,124.66,MANNAR,BRAND NEW,2025.0,7,,TVS RAIDER 125
MOTOR CYCLE,RISE,LEADER 125,SRI LANKA,PETROL,125.0,COLOMBO,BRAND NEW-L/MANUFACT,2025.0,4,,LEADER 125
MOTOR CYCLE,HONDA,PCX160,INDONESIA,PETROL,157.0,KEGALLE,BRAND NEW,2025.0,1,,PCX160
MOTOR CYCLE,HERO,XOOM-110,INDIA,PETROL,110.9,AMPARA,BOUGHT FROM AUCTION,2025.0,1,XOOM-110,Unknown
MOTOR CYCLE,TMR QUANLE,ZL,CHINA,ELECTRIC,2.0,PUTTALAM,BRAND NEW,2025.0,2,,ZL
MOTOR CYCLE,HONDA,ADV-160,JAPAN,PETROL,157.0,PUTTALAM,RECONDITIONED,2025.0,1,ADV-160,Unknown
MOTOR CYCLE,ROYAL ENFIELD,CLASSIC 350,INDIA,PETROL,349.0,KANDY,RECONDITIONED,2025.0,1,,CLASSIC 350
MOTOR CYCLE,REVOLT,RV 400,INDIA,ELECTRIC,3.0,COLOMBO,BRAND NEW,2025.0,1,,RV 400
MOTOR CYCLE,REVOLT,RV 400,INDIA,ELECTRIC,3.0,HAMBANTOTA,BRAND NEW,2025.0,1,,RV 400
MOTOR CYCLE,YADEA,M6,CHINA,ELECTRIC,1.2,COLOMBO,BRAND NEW,2025.0,1,,M6
MOTOR CYCLE,HONDA,PCX  160,JAPAN,PETROL,156.0,KURUNEGALA,RECONDITIONED,2025.0,1,,PCX  160
MOTOR CYCLE,HONDA,PCX160,VIETNAM,PETROL,157.0,MATARA,RECONDITIONED,2025.0,1,,PCX160
MOTOR CYCLE,BAJAJ,PULSAR N 160,INDIA,PETROL,164.32,KILINOCHCHI,BRAND NEW,2022.0,1,,PULSAR N 160
MOTOR CYCLE,YADEA,T5,CHINA,ELECTRIC,1.2,MONERAGALA,BRAND NEW,2025.0,28,,T5
MOTOR CYCLE,HERO,XTREME 125 R,INDIA,PETROL,124.7,MONERAGALA,BRAND NEW,2025.0,11,,XTREME 125 R
MOTOR CYCLE,HERO,XTREME 125 R,INDIA,PETROL,124.7,ANURADHAPURA,BRAND NEW,2025.0,27,,XTREME 125 R
MOTOR CYCLE,YAMAHA,YZF R15 VER 4.0,INDIA,PETROL,155.0,AMPARA,BRAND NEW,2025.0,6,,YZF R15 VER 4.0
MOTOR CYCLE,HONDA,PCX 160,JAPAN,PETROL,157.0,KEGALLE,RECONDITIONED,2025.0,1,,PCX 160
MOTOR CYCLE,AIMA,BREEZY,CHINA,ELECTRIC,0.8,AMPARA,BRAND NEW,2025.0,6,,BREEZY
MOTOR CYCLE,LUYUAN ALFA,MKK-Z23E-12-C,CHINA,ELECTRIC,1.2,GALLE,BRAND NEW,2025.0,2,MKK-Z23E-12-C,Unknown
MOTOR CYCLE,HONDA,PCX,JAPAN,PETROL,157.0,PUTTALAM,RECONDITIONED,2024.0,1,,PCX
MOTOR CYCLE,TVS,TVS XL 100,SRI LANKA,PETROL,99.7,GAMPAHA,BRAND NEW-L/ASSEMBLE,2025.0,35,,TVS XL 100
MOTOR CYCLE,YAMAHA,FZ S FI VER 4.0,INDIA,PETROL,149.0,BADULLA,BRAND NEW,2025.0,11,,FZ S FI VER 4.0
MOTOR CYCLE,YAMAHA,RAY ZR,INDIA,PETROL,113.0,POLONNARUWA,BRAND NEW,2025.0,9,,RAY ZR
MOTOR CYCLE,YAMAHA,FZ  VER 2.0,INDIA,PETROL,149.0,COLOMBO,BRAND NEW,2025.0,22,,FZ  VER 2.0
MOTOR CYCLE,HONDA,DIO STD,INDIA,PETROL,109.0,BATTICALOA,BRAND NEW,2025.0,21,,DIO STD
MOTOR CYCLE,HONDA,DIO DLX,INDIA,PETROL,109.0,VAVUNIYA,BRAND NEW,2025.0,16,,DIO DLX
MOTOR CYCLE,YAMAHA,RAY ZR 125,INDIA,PETROL,125.0,HAMBANTOTA,BRAND NEW,2025.0,17,,RAY ZR 125
MOTOR CYCLE,YAMAHA,RAY ZRSTREETRALLY125,INDIA,PETROL,125.0,RATNAPURA,BRAND NEW,2025.0,11,,RAY ZRSTREETRALLY125
MOTOR CYCLE,BAJAJ,PULSAR N 160,INDIA,PETROL,164.32,POLONNARUWA,BRAND NEW,2025.0,75,,PULSAR N 160
MOTOR CYCLE,BAJAJ,PULSAR N 160,INDIA,PETROL,164.32,MATARA,BRAND NEW,2025.0,82,,PULSAR N 160
MOTOR CYCLE,YAMAHA,MT 15 VER 2.0,INDIA,PETROL,155.0,COLOMBO,BRAND NEW,2025.0,33,,MT 15 VER 2.0
MOTOR CYCLE,BAJAJ,PULSAR NS 200,INDIA,PETROL,199.5,MATALE,BRAND NEW,2025.0,28,,PULSAR NS 200
MOTOR CYCLE,ROYAL ENFIELD,METEOR 350,INDIA,PETROL,350.0,AMPARA,BRAND NEW,2025.0,1,,METEOR 350
MOTOR CYCLE,ROYAL ENFIELD,CLASSIC 350,INDIA,PETROL,349.0,COLOMBO,BRAND NEW,2025.0,7,,CLASSIC 350
MOTOR CYCLE,RANOMOTO,FLASH,CHINA,PETROL,79.0,GALLE,BRAND NEW,2025.0,1,,FLASH
MOTOR CYCLE,RANOMOTO,MOPED SUPER,SRI LANKA,PETROL,49.0,MONERAGALA,BRAND NEW-L/ASSEMBLE,2025.0,1,,MOPED SUPER
MOTOR CYCLE,RANOMOTO,PATTAYA DOUBLE POWER,CHINA,PETROL,80.0,GAMPAHA,BRAND NEW,2025.0,11,,PATTAYA DOUBLE POWER
MOTOR CYCLE,RISE,LEADER R80 V2.0,SRI LANKA,ELECTRIC,1.5,KILINOCHCHI,BRAND NEW-L/MANUFACT,2025.0,3,,LEADER R80 V2.0
MOTOR CYCLE,SENARO,CLICK 150,SRI LANKA,PETROL,150.0,GAMPAHA,BRAND NEW-L/ASSEMBLE,2025.0,13,,CLICK 150
MOTOR CYCLE,YAMAHA,MT 15 VER 2.0,INDIA,PETROL,155.0,KURUNEGALA,BRAND NEW,2025.0,9,,MT 15 VER 2.0
MOTOR CYCLE,LIMA,EL07,CHINA,ELECTRIC,1.5,ANURADHAPURA,BRAND NEW,2025.0,7,,EL07
MOTOR CYCLE,LIMA,ELO-07,CHINA,ELECTRIC,1.5,GAMPAHA,BRAND NEW,2024.0,1,ELO-07,Unknown
MOTOR CYCLE,NWOW,SE,CHINA,ELECTRIC,0.8,COLOMBO,BRAND NEW,2025.0,29,,SE
MOTOR CYCLE,TVS,NTORQ 125,SRI LANKA,PETROL,124.8,KEGALLE,BRAND NEW-L/ASSEMBLE,2025.0,4,,NTORQ 125
MOTOR CYCLE,SOLID,ROBOT,CHINA,ELECTRIC,1.2,COLOMBO,BRAND NEW,2025.0,2,,ROBOT
MOTOR CYCLE,HONDA,DIO DLX,INDIA,PETROL,109.0,RATNAPURA,BRAND NEW,2025.0,34,,DIO DLX
MOTOR CYCLE,BAJAJ,PULSAR N 125,INDIA,PETROL,124.5,ANURADHAPURA,BRAND NEW,2025.0,1,,PULSAR N 125
MOTOR CYCLE,BAJAJ,PULSAR N 125,INDIA,PETROL,124.58,MANNAR,BRAND NEW,2025.0,5,,PULSAR N 125
MOTOR CYCLE,ATHER,450X,INDIA,ELECTRIC,3.0,MATALE,BRAND NEW,2025.0,1,,450X
MOTOR CYCLE,QINGQI,QS90-C,CHINA,PETROL,90.0,MATARA,BRAND NEW,1999.0,1,QS90-C,Unknown
MOTOR CYCLE,KINGPIN,KP90-2,CHINA,PETROL,89.0,MATARA,BRAND NEW,2004.0,1,KP90-2,Unknown
MOTOR CYCLE,ZONGSHEN,CUSTOM 90,CHINA,PETROL,90.0,MATARA,BRAND NEW,2005.0,1,,CUSTOM 90
MOTOR CYCLE,BAJAJ,PLATINA 125,INDIA,PETROL,125.0,MATARA,BRAND NEW,2009.0,1,,PLATINA 125
MOTOR CYCLE,HONDA,PCX125,VIETNAM,PETROL,124.0,KURUNEGALA,RECONDITIONED,2024.0,1,,PCX125
MOTOR CYCLE,LENCAR,ERC80,SRI LANKA,ELECTRIC,1.2,PUTTALAM,BRAND NEW-L/ASSEMBLE,2025.0,1,,ERC80
MOTOR CYCLE,SOLID,ROBOT,CHINA,ELECTRIC,1.2,GAMPAHA,BRAND NEW,2025.0,3,,ROBOT
MOTOR CYCLE,SENARO,GN125,SRI LANKA,PETROL,125.0,COLOMBO,BRAND NEW-L/ASSEMBLE,2025.0,21,,GN125
MOTOR CYCLE,LUYUAN,MS70 Z23E,CHINA,ELECTRIC,1.2,GALLE,BRAND NEW,2025.0,3,,MS70 Z23E
MOTOR CYCLE,BAJAJ,PULSAR NS 200,INDIA,PETROL,199.5,RATNAPURA,BRAND NEW,2025.0,37,,PULSAR NS 200
MOTOR CYCLE,HERO,XOOM-110,INDIA,PETROL,110.9,TRINCOMALEE,BRAND NEW,2025.0,63,XOOM-110,Unknown
MOTOR CYCLE,HERO,XOOM-110,INDIA,PETROL,110.9,RATNAPURA,BRAND NEW,2025.0,71,XOOM-110,Unknown
MOTOR CYCLE,HONDA,C 50 CUSTOM,JAPAN,PETROL,50.0,MATARA,RECONDITIONED,2000.0,1,,C 50 CUSTOM
MOTOR CYCLE,RANOMOTO,MOPED SUPER,SRI LANKA,PETROL,49.0,MATALE,BRAND NEW-L/ASSEMBLE,2024.0,2,,MOPED SUPER
MOTOR CYCLE,RANOMOTO,MOPED SUPER,SRI LANKA,PETROL,49.0,RATNAPURA,BRAND NEW-L/ASSEMBLE,2025.0,1,,MOPED SUPER
MOTOR CYCLE,YADEA,EPOC H,CHINA,ELECTRIC,2.0,COLOMBO,BRAND NEW,2025.0,7,,EPOC H
MOTOR CYCLE,SENARO,GN125,SRI LANKA,PETROL,125.0,GALLE,BRAND NEW-L/ASSEMBLE,2024.0,1,,GN125
MOTOR CYCLE,VMOTO,CITI,CHINA,ELECTRIC,2.0,ANURADHAPURA,BRAND NEW,2025.0,4,,CITI
MOTOR CYCLE,YADEA,T5,CHINA,ELECTRIC,1.2,BATTICALOA,BRAND NEW,2024.0,1,,T5
MOTOR CYCLE,YADEA,EPOC H,CHINA,ELECTRIC,2.0,KANDY,BRAND NEW,2025.0,3,,EPOC H
MOTOR CYCLE,BAJAJ,CT 100 ES,INDIA,PETROL,102.0,NUWARA-ELIYA,BRAND NEW,2025.0,1,,CT 100 ES
MOTOR CYCLE,BAJAJ,PULSAR N 125,INDIA,PETROL,124.58,VAVUNIYA,BRAND NEW,2025.0,9,,PULSAR N 125
MOTOR CYCLE,YADEA,T 9,CHINA,ELECTRIC,2.0,MONERAGALA,BRAND NEW,2025.0,3,,T 9
MOTOR CYCLE,SENARO,CLICK 150,SRI LANKA,PETROL,150.0,KALUTARA,BRAND NEW-L/ASSEMBLE,2025.0,12,,CLICK 150
MOTOR CYCLE,YAMAHA,MT 15 VER 2.0,INDIA,PETROL,155.0,MATARA,BRAND NEW,2025.0,11,,MT 15 VER 2.0
MOTOR CYCLE,BAJAJ,DISCOVER 125,SRI LANKA,PETROL,124.5,GALLE,BRAND NEW-L/ASSEMBLE,2025.0,3,,DISCOVER 125
MOTOR CYCLE,YADEA,T5,CHINA,ELECTRIC,1.2,BADULLA,BRAND NEW,2025.0,9,,T5
MOTOR CYCLE,HONDA,PCX,JAPAN,PETROL,157.0,KANDY,RECONDITIONED,2024.0,2,,PCX
MOTOR CYCLE,NWOW,ARS,CHINA,ELECTRIC,0.45,COLOMBO,BRAND NEW,2023.0,3,,ARS
MOTOR CYCLE,YAMAHA,FZ S FI VER 4.0,INDIA,PETROL,149.0,MULLATIVU,BRAND NEW,2025.0,1,,FZ S FI VER 4.0
MOTOR CYCLE,YADEA,RUIBIN,CHINA,ELECTRIC,0.8,KEGALLE,BRAND NEW,2025.0,1,,RUIBIN
MOTOR CYCLE,AIMA,MANA,CHINA,ELECTRIC,1.5,POLONNARUWA,BRAND NEW,2025.0,8,,MANA
MOTOR CYCLE,LIMA,EL07,CHINA,ELECTRIC,1.5,MATALE,BRAND NEW,2025.0,1,,EL07
MOTOR CYCLE,BAJAJ,PULSAR N160,SRI LANKA,PETROL,164.82,GALLE,BRAND NEW-L/ASSEMBLE,2025.0,38,,PULSAR N160
MOTOR CYCLE,HERO,HF-DELUXE,INDIA,PETROL,97.2,KURUNEGALA,BRAND NEW,2025.0,10,HF-DELUXE,Unknown
MOTOR CYCLE,HERO,HF-DELUXE,INDIA,PETROL,97.2,KEGALLE,BRAND NEW,2025.0,2,HF-DELUXE,Unknown
MOTOR CYCLE,TMR QUANLE,ZL,CHINA,ELECTRIC,2.0,MONERAGALA,BRAND NEW,2025.0,5,,ZL
MOTOR CYCLE,RANOMOTO,PATTAYA DOUBLE POWER,CHINA,PETROL,80.0,MULLATIVU,BRAND NEW,2025.0,1,,PATTAYA DOUBLE POWER
MOTOR CYCLE,HONDA,PCX,VIETNAM,PETROL,124.0,PUTTALAM,RECONDITIONED,2025.0,2,,PCX
MOTOR CYCLE,SOLID,G6,CHINA,ELECTRIC,1.5,KURUNEGALA,BRAND NEW,2024.0,1,,G6
MOTOR CYCLE,LE,FAMILIA M8A2,CHINA,ELECTRIC,1.0,GAMPAHA,BRAND NEW,2022.0,1,,FAMILIA M8A2
MOTOR CYCLE,NWOW,SE,CHINA,ELECTRIC,0.8,GAMPAHA,BRAND NEW,2019.0,2,,SE
MOTOR CYCLE,HONDA,ADV-160,JAPAN,PETROL,157.0,COLOMBO,RECONDITIONED,2025.0,2,ADV-160,Unknown
MOTOR CYCLE,HONDA,PCX160,INDONESIA,PETROL,157.0,COLOMBO,BRAND NEW,2025.0,3,,PCX160
MOTOR CYCLE,SENARO,CLICK 150,SRI LANKA,PETROL,150.0,GALLE,BRAND NEW-L/ASSEMBLE,2025.0,1,,CLICK 150
MOTOR CYCLE,AIMA,BREEZY,CHINA,ELECTRIC,0.8,KEGALLE,BRAND NEW,2025.0,1,,BREEZY
MOTOR CYCLE,YADEA,EPOC H,CHINA,ELECTRIC,2.0,JAFFNA,BRAND NEW,2025.0,1,,EPOC H
MOTOR CYCLE,YADEA,T 9,CHINA,ELECTRIC,2.0,AMPARA,BRAND NEW,2025.0,4,,T 9
MOTOR CYCLE,YADEA,M6,CHINA,ELECTRIC,1.2,GALLE,BRAND NEW,2025.0,2,,M6
MOTOR CYCLE,YADEA,M6,CHINA,ELECTRIC,1.2,KURUNEGALA,BRAND NEW,2025.0,7,,M6
MOTOR CYCLE,SUPER SOCO,CPX,CHINA,ELECTRIC,4.0,COLOMBO,BRAND NEW,2025.0,1,,CPX
MOTOR CYCLE,YAMAHA,RAY ZR 125,INDIA,PETROL,0.8,KILINOCHCHI,BRAND NEW,2025.0,1,,RAY ZR 125
MOTOR CYCLE,TVS,TVS RAIDER 125,INDIA,PETROL,124.66,HAMBANTOTA,BRAND NEW,2025.0,7,,TVS RAIDER 125
MOTOR CYCLE,TMR QUANLE,ZL,CHINA,ELECTRIC,2.0,AMPARA,BRAND NEW,2025.0,3,,ZL
MOTOR CYCLE,TVS,NTORQ 125,SRI LANKA,PETROL,124.79,PUTTALAM,BRAND NEW-L/ASSEMBLE,2025.0,1,,NTORQ 125
MOTOR CYCLE,YAMAHA,RAY ZR STREET RALLY,INDIA,PETROL,113.0,NUWARA-ELIYA,BRAND NEW,2025.0,1,,RAY ZR STREET RALLY
MOTOR CYCLE,HONDA,ADV 160,INDONESIA,PETROL,157.0,COLOMBO,BRAND NEW,2025.0,1,,ADV 160
MOTOR CYCLE,YADEA,YD400W-48,CHINA,ELECTRIC,0.4,GAMPAHA,RECONDITIONED,2025.0,1,,YD400W-48
MOTOR CYCLE,YAMAHA,YZF R15 VER 4.0,INDIA,PETROL,155.0,GALLE,BRAND NEW,2025.0,1,,YZF R15 VER 4.0
MOTOR CYCLE,HONDA,PCX125,JAPAN,PETROL,124.0,KANDY,RECONDITIONED,2024.0,1,,PCX125
MOTOR CYCLE,TAILG,UNIVERSE,CHINA,ELECTRIC,2.0,AMPARA,BRAND NEW,2024.0,1,,UNIVERSE
MOTOR CYCLE,HONDA,PCX 160,JAPAN,PETROL,157.0,MANNAR,RECONDITIONED,2025.0,1,,PCX 160
MOTOR CYCLE,AIMA,ARIA,CHINA,ELECTRIC,0.8,BADULLA,BRAND NEW,2025.0,1,,ARIA
MOTOR CYCLE,AIMA,LIBERTY,CHINA,ELECTRIC,1.2,PUTTALAM,BRAND NEW,2025.0,1,,LIBERTY
MOTOR CYCLE,BAJAJ,PULSAR N 160,INDIA,PETROL,164.82,GALLE,BRAND NEW,2025.0,1,,PULSAR N 160
MOTOR CYCLE,REVOLT,RV 400,INDIA,ELECTRIC,3.0,KANDY,BRAND NEW,2025.0,1,,RV 400
MOTOR CYCLE,ATHER,450X,INDIA,ELECTRIC,3.0,MULLATIVU,BRAND NEW,2025.0,1,,450X
MOTOR CYCLE,BAJAJ,PULSAR NS 200,INDIA,PETROL,199.5,BADULLA,BRAND NEW,2020.0,1,,PULSAR NS 200
MOTOR CYCLE,HONDA,PCX 125,JAPAN,PETROL,124.0,MATALE,RECONDITIONED,2025.0,1,,PCX 125
MOTOR CYCLE,HONDA,PCX 160,JAPAN,PETROL,157.0,KANDY,RECONDITIONED,2024.0,1,,PCX 160
MOTOR CYCLE,NWOW,TK 10,CHINA,ELECTRIC,0.8,PUTTALAM,BRAND NEW,2025.0,1,,TK 10
MOTOR CYCLE,YADEA,RUIBIN,CHINA,ELECTRIC,0.8,BADULLA,BRAND NEW,2025.0,3,,RUIBIN
MOTOR CYCLE,YADEA,T5,CHINA,ELECTRIC,1.2,KILINOCHCHI,BRAND NEW,2025.0,17,,T5
MOTOR CYCLE,HERO,HUNK 160,INDIA,PETROL,163.14,TRINCOMALEE,BRAND NEW,2025.0,9,,HUNK 160
MOTOR CYCLE,YADEA,RUIBIN,CHINA,ELECTRIC,0.8,MULLATIVU,BRAND NEW,2025.0,2,,RUIBIN
MOTOR CYCLE,YAMAHA,FZ S FI VER 4.0,INDIA,PETROL,149.0,PUTTALAM,BRAND NEW,2025.0,32,,FZ S FI VER 4.0
MOTOR CYCLE,YAMAHA,MT 15 VER 2.0,INDIA,PETROL,155.0,BATTICALOA,BRAND NEW,2025.0,55,,MT 15 VER 2.0
MOTOR CYCLE,LIMA,EL07,CHINA,ELECTRIC,1.5,GALLE,BRAND NEW,2025.0,3,,EL07
MOTOR CYCLE,ATHER,450X,INDIA,ELECTRIC,3.0,KALUTARA,BRAND NEW,2024.0,1,,450X
MOTOR CYCLE,HERO,XTREME 125 R,INDIA,PETROL,124.7,KEGALLE,BRAND NEW,2025.0,22,,XTREME 125 R
MOTOR CYCLE,HERO,XOOM-110,INDIA,PETROL,110.9,MATALE,BRAND NEW,2025.0,67,XOOM-110,Unknown
MOTOR CYCLE,YAMAHA,RAY ZR 125,INDIA,PETROL,125.0,RATNAPURA,BRAND NEW,2025.0,12,,RAY ZR 125
MOTOR CYCLE,HONDA,DIO DLX,INDIA,PETROL,109.0,KANDY,BRAND NEW,2025.0,55,,DIO DLX
MOTOR CYCLE,HONDA,DIO STD,INDIA,PETROL,109.0,MATARA,BRAND NEW,2025.0,17,,DIO STD
MOTOR CYCLE,HONDA,DIO STD,INDIA,PETROL,109.0,KANDY,BRAND NEW,2025.0,35,,DIO STD
MOTOR CYCLE,HONDA,DIO DLX,INDIA,PETROL,109.0,KILINOCHCHI,BRAND NEW,2025.0,15,,DIO DLX
MOTOR CYCLE,YAMAHA,FZ  VER 2.0,INDIA,PETROL,149.0,AMPARA,BRAND NEW,2025.0,34,,FZ  VER 2.0
MOTOR CYCLE,YAMAHA,RAY ZR STREET RALLY,INDIA,PETROL,113.0,COLOMBO,BRAND NEW,2025.0,32,,RAY ZR STREET RALLY
MOTOR CYCLE,YAMAHA,RAY ZR 125,INDIA,PETROL,125.0,MATARA,BRAND NEW,2025.0,20,,RAY ZR 125
MOTOR CYCLE,YAMAHA,RAY ZRSTREETRALLY125,INDIA,PETROL,125.0,TRINCOMALEE,BRAND NEW,2025.0,13,,RAY ZRSTREETRALLY125
MOTOR CYCLE,YAMAHA,MT 15 VER 2.0,INDIA,PETROL,155.0,MULLATIVU,BRAND NEW,2025.0,16,,MT 15 VER 2.0
MOTOR CYCLE,TVS,TVS NTORQ 125 CC,INDIA,PETROL,124.8,TRINCOMALEE,BRAND NEW,2025.0,51,,TVS NTORQ 125 CC
MOTOR CYCLE,HONDA,ADV 160,JAPAN,PETROL,157.0,GAMPAHA,RECONDITIONED,2025.0,4,,ADV 160
MOTOR CYCLE,SENARO,CLICK 150,SRI LANKA,PETROL,150.0,KANDY,BRAND NEW-L/ASSEMBLE,2025.0,10,,CLICK 150
MOTOR CYCLE,RANOMOTO,MOPED SUPER,SRI LANKA,PETROL,49.0,HAMBANTOTA,BRAND NEW-L/ASSEMBLE,2025.0,1,,MOPED SUPER
MOTOR CYCLE,BAJAJ,CT 100 ES,INDIA,PETROL,102.0,AMPARA,BRAND NEW,2025.0,8,,CT 100 ES
MOTOR CYCLE,BAJAJ,PULSAR N 125,INDIA,PETROL,124.58,BADULLA,BRAND NEW,2025.0,30,,PULSAR N 125
MOTOR CYCLE,YAMAHA,FZ  VER 2.0,INDIA,PETROL,149.0,MULLATIVU,BRAND NEW,2025.0,2,,FZ  VER 2.0
MOTOR CYCLE,AIMA,BREEZY,CHINA,ELECTRIC,0.8,PUTTALAM,BRAND NEW,2025.0,3,,BREEZY
MOTOR CYCLE,LIMA,EL07,CHINA,ELECTRIC,1.5,COLOMBO,BRAND NEW,2025.0,2,,EL07
MOTOR CYCLE,ROYAL ENFIELD,CLASSIC 350,INDIA,PETROL,349.0,BATTICALOA,BRAND NEW,2025.0,2,,CLASSIC 350
MOTOR CYCLE,YAMAHA,RAY ZR 125,INDIA,PETROL,125.0,PUTTALAM,BRAND NEW,2025.0,21,,RAY ZR 125
MOTOR CYCLE,SENARO,GN125,SRI LANKA,PETROL,125.0,VAVUNIYA,BRAND NEW-L/ASSEMBLE,2025.0,2,,GN125
MOTOR CYCLE,YAMAHA,YZF R15 VER 4.0,INDIA,PETROL,155.0,ANURADHAPURA,BRAND NEW,2025.0,4,,YZF R15 VER 4.0
MOTOR CYCLE,YAMAHA,MT 15 VER 2.0,INDIA,PETROL,155.0,POLONNARUWA,BRAND NEW,2025.0,5,,MT 15 VER 2.0
MOTOR CYCLE,TVS,TVS XL 100,SRI LANKA,PETROL,99.7,KANDY,BRAND NEW-L/ASSEMBLE,2025.0,5,,TVS XL 100
MOTOR CYCLE,BAJAJ,PULSAR N 125,INDIA,PETROL,124.58,JAFFNA,BRAND NEW,2025.0,17,,PULSAR N 125
MOTOR CYCLE,BAJAJ,PULSAR N 125,INDIA,PETROL,124.58,KANDY,BRAND NEW,2025.0,21,,PULSAR N 125
MOTOR CYCLE,BAJAJ,BOXER CT,INDIA,PETROL,99.35,MATARA,BRAND NEW,2001.0,1,,BOXER CT
MOTOR CYCLE,BAJAJ,BOXER,INDIA,PETROL,99.35,MATARA,BRAND NEW,2003.0,1,,BOXER
MOTOR CYCLE,BAJAJ,CALIBER 115,INDIA,PETROL,111.6,MATARA,BRAND NEW,2003.0,2,,CALIBER 115
MOTOR CYCLE,HONDA,C 50 -PRESS CUB,JAPAN,PETROL,50.0,MATARA,RECONDITIONED,2000.0,1,,C 50 -PRESS CUB
MOTOR CYCLE,HONDA,PCX 160,JAPAN,PETROL,156.0,PUTTALAM,RECONDITIONED,2025.0,3,,PCX 160
MOTOR CYCLE,TMR QUANLE,ZS,CHINA,ELECTRIC,1.2,HAMBANTOTA,BRAND NEW,2025.0,1,,ZS
MOTOR CYCLE,SENARO,GN125,SRI LANKA,PETROL,125.0,GALLE,BRAND NEW-L/ASSEMBLE,2025.0,3,,GN125
MOTOR CYCLE,SENARO,GN125,SRI LANKA,PETROL,125.0,NUWARA-ELIYA,BRAND NEW-L/ASSEMBLE,2025.0,4,,GN125
MOTOR CYCLE,HONDA,DIO DLX,INDIA,PETROL,109.0,KEGALLE,BRAND NEW,2025.0,11,,DIO DLX
MOTOR CYCLE,LUYUAN,MS70 Z23E,CHINA,ELECTRIC,1.2,HAMBANTOTA,BRAND NEW,2025.0,5,,MS70 Z23E
MOTOR CYCLE,HERO,XOOM-110,INDIA,PETROL,110.9,POLONNARUWA,BRAND NEW,2025.0,67,XOOM-110,Unknown
MOTOR CYCLE,RANOMOTO,MOPED SUPER,SRI LANKA,PETROL,49.0,PUTTALAM,BRAND NEW-L/ASSEMBLE,2022.0,1,,MOPED SUPER
MOTOR CYCLE,HONDA,PCX 160,JAPAN,PETROL,157.0,KURUNEGALA,RECONDITIONED,2025.0,4,,PCX 160
MOTOR CYCLE,RANOMOTO,MOPED SUPER,SRI LANKA,PETROL,49.0,JAFFNA,BRAND NEW-L/ASSEMBLE,2024.0,2,,MOPED SUPER
MOTOR CYCLE,OYFLY,TDM-LTW,CHINA,ELECTRIC,2.0,GAMPAHA,BRAND NEW,2025.0,2,TDM-LTW,Unknown
MOTOR CYCLE,HONDA,ADV 160,JAPAN,PETROL,157.0,PUTTALAM,RECONDITIONED,2025.0,1,,ADV 160
MOTOR CYCLE,YADEA,EPOC H,CHINA,ELECTRIC,2.0,GAMPAHA,BRAND NEW,2025.0,16,,EPOC H
MOTOR CYCLE,LUYUAN,MYT,CHINA,ELECTRIC,0.8,POLONNARUWA,BRAND NEW,2025.0,5,,MYT
MOTOR CYCLE,TAILG,RED RABBIT,CHINA,ELECTRIC,1.2,MONERAGALA,BRAND NEW,2025.0,2,,RED RABBIT
MOTOR CYCLE,YADEA,T 9,CHINA,ELECTRIC,2.0,KEGALLE,BRAND NEW,2025.0,6,,T 9
MOTOR CYCLE,YAMAHA,RAY ZR STREET RALLY,INDIA,PETROL,113.0,POLONNARUWA,BRAND NEW,2025.0,9,,RAY ZR STREET RALLY
MOTOR CYCLE,BAJAJ,PULSAR N 125,INDIA,PETROL,124.58,BATTICALOA,BRAND NEW,2025.0,16,,PULSAR N 125
MOTOR CYCLE,YAMAHA,RAY ZR,INDIA,PETROL,113.0,PUTTALAM,BRAND NEW,2025.0,3,,RAY ZR
MOTOR CYCLE,YAMAHA,RAY ZR 125,INDIA,PETROL,125.0,AMPARA,BRAND NEW,2025.0,14,,RAY ZR 125
MOTOR CYCLE,YAMAHA,MT 15 VER 2.0,INDIA,PETROL,155.0,KILINOCHCHI,BRAND NEW,2025.0,20,,MT 15 VER 2.0
MOTOR CYCLE,LUYUAN ALFA,MKK-Z23E-12-C,CHINA,ELECTRIC,1.2,KURUNEGALA,BRAND NEW,2025.0,1,MKK-Z23E-12-C,Unknown
MOTOR CYCLE,BAJAJ,PULSAR N160,SRI LANKA,PETROL,164.82,JAFFNA,BRAND NEW-L/ASSEMBLE,2025.0,22,,PULSAR N160
MOTOR CYCLE,BAJAJ,DISCOVER  125,INDIA,PETROL,124.5,COLOMBO,BRAND NEW,2025.0,5,,DISCOVER  125
MOTOR CYCLE,YADEA,T5,CHINA,ELECTRIC,1.2,VAVUNIYA,BRAND NEW,2025.0,5,,T5
MOTOR CYCLE,YADEA,EPOC H,CHINA,ELECTRIC,2.0,MONERAGALA,BRAND NEW,2025.0,2,,EPOC H
MOTOR CYCLE,YADEA,EPOC H,CHINA,ELECTRIC,2.0,BADULLA,BRAND NEW,2025.0,2,,EPOC H
MOTOR CYCLE,REVOLT,RV 1,INDIA,ELECTRIC,1.8,KURUNEGALA,BRAND NEW,2025.0,2,,RV 1
MOTOR CYCLE,AIMA,LIBERTY,CHINA,ELECTRIC,1.2,KALUTARA,BRAND NEW,2025.0,10,,LIBERTY
MOTOR CYCLE,ROYAL ENFIELD,CLASSIC 350,INDIA,PETROL,349.0,GAMPAHA,BRAND NEW,2025.0,3,,CLASSIC 350
MOTOR CYCLE,HONDA,PCX 160,VIETNAM,PETROL,157.0,KURUNEGALA,RECONDITIONED,2024.0,1,,PCX 160
MOTOR CYCLE,TMR QUANLE,ZS,CHINA,ELECTRIC,1.2,BADULLA,BRAND NEW,2025.0,1,,ZS
MOTOR CYCLE,TMR QUANLE,G18,CHINA,ELECTRIC,2.0,GAMPAHA,BRAND NEW,2025.0,7,,G18
MOTOR CYCLE,TMR QUANLE,G18,CHINA,ELECTRIC,2.0,GALLE,BRAND NEW,2025.0,2,,G18
MOTOR CYCLE,VMOTO,CITI,CHINA,ELECTRIC,2.0,GALLE,BRAND NEW,2025.0,5,,CITI
MOTOR CYCLE,VMOTO,CITI,CHINA,ELECTRIC,125.0,COLOMBO,BRAND NEW,2025.0,1,,CITI
MOTOR CYCLE,BAJAJ,DISCOVER 125,SRI LANKA,PETROL,124.5,PUTTALAM,BRAND NEW-L/ASSEMBLE,2025.0,1,,DISCOVER 125
MOTOR CYCLE,AIMA,BREEZY,CHINA,ELECTRIC,0.8,TRINCOMALEE,BRAND NEW,2025.0,1,,BREEZY
MOTOR CYCLE,XIAODAO,REN,CHINA,ELECTRIC,4.5,KANDY,BRAND NEW,2025.0,1,,REN
MOTOR CYCLE,NWOW,TK 10,CHINA,ELECTRIC,0.8,KALUTARA,BRAND NEW,2025.0,2,,TK 10
MOTOR CYCLE,NWOW,SE,CHINA,ELECTRIC,0.8,GAMPAHA,BRAND NEW,2018.0,2,,SE
MOTOR CYCLE,BAJAJ,DISCOVER-ES BLACK AW,INDIA,PETROL,124.52,HAMBANTOTA,BRAND NEW,2007.0,1,,DISCOVER-ES BLACK AW
MOTOR CYCLE,HONDA,PCX 160,INDONESIA,PETROL,157.0,COLOMBO,BRAND NEW,2025.0,3,,PCX 160
MOTOR CYCLE,HONDA,PCX 125,JAPAN,PETROL,125.0,PUTTALAM,RECONDITIONED,2025.0,2,,PCX 125
MOTOR CYCLE,HONDA,PCX 160,INDONESIA,PETROL,157.0,MATALE,BRAND NEW,2025.0,2,,PCX 160
MOTOR CYCLE,LUYUAN ALFA,M-MKK-Z30LJ-12-C,CHINA,ELECTRIC,1.8,HAMBANTOTA,BRAND NEW,2025.0,1,,M-MKK-Z30LJ-12-C
MOTOR CYCLE,ATHER,450X,INDIA,ELECTRIC,3.0,MONERAGALA,BRAND NEW,2025.0,1,,450X
MOTOR CYCLE,RISE,LEADER 125,SRI LANKA,PETROL,125.0,JAFFNA,BRAND NEW-L/MANUFACT,2025.0,5,,LEADER 125
MOTOR CYCLE,YADEA,EPOC H,CHINA,ELECTRIC,2.0,KILINOCHCHI,BRAND NEW,2025.0,1,,EPOC H
MOTOR CYCLE,ROYAL ENFIELD,CLASSIC 350,INDIA,PETROL,349.0,POLONNARUWA,BRAND NEW,2025.0,1,,CLASSIC 350
MOTOR CYCLE,AIMA,MAVERICK,CHINA,ELECTRIC,2.0,MATALE,BRAND NEW,2025.0,4,,MAVERICK
MOTOR CYCLE,DASTOL,DW-28,CHINA,ELECTRIC,2.0,RATNAPURA,BRAND NEW,2025.0,1,DW-28,Unknown
MOTOR CYCLE,EMAX,EG-1,CHINA,ELECTRIC,4.5,COLOMBO,BRAND NEW,2025.0,1,EG-1,Unknown
MOTOR CYCLE,AIMA,MAVERICK,CHINA,ELECTRIC,2.0,GAMPAHA,BRAND NEW,2025.0,1,,MAVERICK
MOTOR CYCLE,BAJAJ,PULSAR N160,SRI LANKA,PETROL,164.82,MONERAGALA,BRAND NEW-L/ASSEMBLE,2025.0,10,,PULSAR N160
MOTOR CYCLE,YADEA,RUIBIN,CHINA,ELECTRIC,0.8,GALLE,BRAND NEW,2025.0,2,,RUIBIN
MOTOR CYCLE,TMR QUANLE,XGW,CHINA,ELECTRIC,1.2,KALUTARA,BRAND NEW,2025.0,1,,XGW
MOTOR CYCLE,HONDA,PCX 125,JAPAN,PETROL,124.0,KURUNEGALA,RECONDITIONED,2024.0,1,,PCX 125
MOTOR CYCLE,LUYUAN,MYT,CHINA,ELECTRIC,0.8,VAVUNIYA,BRAND NEW,2025.0,1,,MYT
MOTOR CYCLE,LUYUAN,MYT,CHINA,ELECTRIC,0.8,KALUTARA,BRAND NEW,2025.0,1,,MYT
MOTOR CYCLE,HONDA,PCX160,JAPAN,PETROL,157.0,GALLE,RECONDITIONED,2024.0,1,,PCX160
MOTOR CYCLE,HONDA,PCX,VIETNAM,PETROL,124.0,GALLE,RECONDITIONED,2025.0,1,,PCX
MOTOR CYCLE,HONDA,PCX 125,JAPAN,PETROL,124.0,GAMPAHA,RECONDITIONED,2025.0,1,,PCX 125
MOTOR CYCLE,TMR QUANLE,ZL,CHINA,ELECTRIC,2.0,HAMBANTOTA,BRAND NEW,2025.0,3,,ZL
MOTOR CYCLE,HONDA,REBEL,JAPAN,PETROL,249.0,COLOMBO,RECONDITIONED,2022.0,1,,REBEL
MOTOR CYCLE,AIMA,LIBERTY,CHINA,ELECTRIC,1.2,RATNAPURA,BRAND NEW,2025.0,1,,LIBERTY
MOTOR CYCLE,YADEA,M6,CHINA,ELECTRIC,1.2,GAMPAHA,BRAND NEW,2025.0,2,,M6
MOTOR CYCLE,BAJAJ,PULSAR N160,SRI LANKA,PETROL,164.32,POLONNARUWA,BRAND NEW-L/ASSEMBLE,2025.0,1,,PULSAR N160
MOTOR CYCLE,LUYUAN ALFA,MKK-Z23E-12-C,CHINA,ELECTRIC,1.2,HAMBANTOTA,BRAND NEW,2025.0,1,MKK-Z23E-12-C,Unknown
MOTOR CYCLE,LUYUAN ALFA,M-MKK-Z30LJ-12-C,CHINA,ELECTRIC,1.8,ANURADHAPURA,BRAND NEW,2025.0,1,,M-MKK-Z30LJ-12-C
MOTOR CYCLE,BAJAJ,CT 100 ES,SRI LANKA,PETROL,102.0,TRINCOMALEE,BRAND NEW,2025.0,1,,CT 100 ES
MOTOR CYCLE,TMR QUANLE,XGW,CHINA,ELECTRIC,1.2,TRINCOMALEE,BRAND NEW,2025.0,1,,XGW
MOTOR CYCLE,HERO,XTREME 125 R,INDIA,PETROL,124.7,RATNAPURA,BRAND NEW,2025.0,21,,XTREME 125 R
MOTOR CYCLE,YADEA,RUIBIN,CHINA,ELECTRIC,0.8,AMPARA,BRAND NEW,2025.0,8,,RUIBIN
MOTOR CYCLE,YADEA,T5,CHINA,ELECTRIC,1.2,POLONNARUWA,BRAND NEW,2025.0,45,,T5
MOTOR CYCLE,HERO,XTREME 125 R,INDIA,PETROL,124.7,TRINCOMALEE,BRAND NEW,2025.0,10,,XTREME 125 R
MOTOR CYCLE,HERO,HUNK 160,INDIA,PETROL,163.14,MANNAR,BRAND NEW,2025.0,5,,HUNK 160
MOTOR CYCLE,YADEA,T 9,CHINA,ELECTRIC,2.0,COLOMBO,BRAND NEW,2025.0,10,,T 9
MOTOR CYCLE,YADEA,RUIBIN,CHINA,ELECTRIC,0.8,VAVUNIYA,BRAND NEW,2025.0,1,,RUIBIN
MOTOR CYCLE,YAMAHA,RAY ZR STREET RALLY,INDIA,PETROL,113.0,PUTTALAM,BRAND NEW,2025.0,10,,RAY ZR STREET RALLY
MOTOR CYCLE,YAMAHA,RAY ZR,INDIA,PETROL,113.0,COLOMBO,BRAND NEW,2025.0,48,,RAY ZR
MOTOR CYCLE,RANOMOTO,GN 125H,CHINA,PETROL,124.0,RATNAPURA,BRAND NEW,2025.0,1,,GN 125H
MOTOR CYCLE,YADEA,TDR3538Z,CHINA,ELECTRIC,0.4,COLOMBO,RECONDITIONED,2025.0,1,,TDR3538Z
MOTOR CYCLE,SENARO,GN125,SRI LANKA,PETROL,125.0,AMPARA,BRAND NEW-L/ASSEMBLE,2025.0,27,,GN125
MOTOR CYCLE,REVOLT,RV 400,INDIA,ELECTRIC,3.0,COLOMBO,BRAND NEW,2024.0,1,,RV 400
MOTOR CYCLE,TVS,TVS RAIDER 125,SRI LANKA,PETROL,124.79,COLOMBO,BRAND NEW-L/ASSEMBLE,2025.0,1,,TVS RAIDER 125
MOTOR CYCLE,YAMAHA,FZ  VER 2.0,INDIA,PETROL,149.0,KEGALLE,BRAND NEW,2025.0,16,,FZ  VER 2.0
MOTOR CYCLE,YAMAHA,FZ S FI VER 4.0,INDIA,PETROL,149.0,TRINCOMALEE,BRAND NEW,2025.0,20,,FZ S FI VER 4.0
MOTOR CYCLE,YAMAHA,YZF R15 VER 4.0,INDIA,PETROL,155.0,JAFFNA,BRAND NEW,2025.0,25,,YZF R15 VER 4.0
MOTOR CYCLE,HONDA,DIO DLX,INDIA,PETROL,109.0,BADULLA,BRAND NEW,2025.0,24,,DIO DLX
MOTOR CYCLE,HONDA,DIO STD,INDIA,PETROL,109.0,BADULLA,BRAND NEW,2025.0,17,,DIO STD
MOTOR CYCLE,HONDA,DIO STD,INDIA,PETROL,109.0,MONERAGALA,BRAND NEW,2025.0,13,,DIO STD
MOTOR CYCLE,YAMAHA,FZ  VER 2.0,INDIA,PETROL,149.0,KURUNEGALA,BRAND NEW,2025.0,48,,FZ  VER 2.0
MOTOR CYCLE,YAMAHA,FZ S FI VER 4.0,INDIA,PETROL,149.0,MATALE,BRAND NEW,2025.0,13,,FZ S FI VER 4.0
MOTOR CYCLE,YAMAHA,YZF R15 VER 4.0,INDIA,PETROL,155.0,BATTICALOA,BRAND NEW,2025.0,19,,YZF R15 VER 4.0
MOTOR CYCLE,YAMAHA,RAY ZR 125,INDIA,PETROL,125.0,KANDY,BRAND NEW,2025.0,15,,RAY ZR 125
MOTOR CYCLE,BAJAJ,PULSAR N 160,INDIA,PETROL,164.32,MONERAGALA,BRAND NEW,2025.0,34,,PULSAR N 160
MOTOR CYCLE,BAJAJ,PULSAR N 160,INDIA,PETROL,164.32,VAVUNIYA,BRAND NEW,2025.0,38,,PULSAR N 160
MOTOR CYCLE,BAJAJ,PULSAR NS 200,INDIA,PETROL,199.5,POLONNARUWA,BRAND NEW,2025.0,64,,PULSAR NS 200
MOTOR CYCLE,BAJAJ,DISCOVER 125,SRI LANKA,PETROL,124.5,GAMPAHA,BRAND NEW-L/ASSEMBLE,2025.0,3,,DISCOVER 125
MOTOR CYCLE,DIMEN,D60,CHINA,ELECTRIC,1.2,COLOMBO,BRAND NEW,2025.0,1,,D60
MOTOR CYCLE,RANOMOTO,MOPED SUPER,SRI LANKA,PETROL,49.0,MATARA,BRAND NEW-L/ASSEMBLE,2025.0,2,,MOPED SUPER
MOTOR CYCLE,RANOMOTO,PATTAYA DOUBLE POWER,CHINA,PETROL,80.0,KEGALLE,BRAND NEW,2025.0,2,,PATTAYA DOUBLE POWER
MOTOR CYCLE,RISE,LEADER R80 V2.0,SRI LANKA,ELECTRIC,1.5,HAMBANTOTA,BRAND NEW-L/MANUFACT,2025.0,13,,LEADER R80 V2.0
MOTOR CYCLE,RISE,LEADER R80 V2.0,SRI LANKA,ELECTRIC,1.5,RATNAPURA,BRAND NEW-L/MANUFACT,2025.0,7,,LEADER R80 V2.0
MOTOR CYCLE,RISE,LEADER R80 V2.0,SRI LANKA,ELECTRIC,1.5,POLONNARUWA,BRAND NEW-L/MANUFACT,2025.0,2,,LEADER R80 V2.0
MOTOR CYCLE,BAJAJ,PULSAR N160,SRI LANKA,PETROL,164.82,COLOMBO,BRAND NEW-L/ASSEMBLE,2025.0,111,,PULSAR N160
MOTOR CYCLE,YAMAHA,RAY ZRSTREETRALLY125,INDIA,PETROL,125.0,MATARA,BRAND NEW,2025.0,20,,RAY ZRSTREETRALLY125
MOTOR CYCLE,AIMA,LIBERTY,CHINA,ELECTRIC,1.2,GALLE,BRAND NEW,2025.0,5,,LIBERTY
MOTOR CYCLE,LIMA,EL07,CHINA,ELECTRIC,1.5,KURUNEGALA,BRAND NEW,2025.0,54,,EL07
MOTOR CYCLE,LIMA,EL07,CHINA,ELECTRIC,1.5,MONERAGALA,BRAND NEW,2025.0,6,,EL07
MOTOR CYCLE,NWOW,TK 10,CHINA,ELECTRIC,0.8,GAMPAHA,BRAND NEW,2024.0,3,,TK 10
MOTOR CYCLE,SENARO,GN125,SRI LANKA,PETROL,125.0,KILINOCHCHI,BRAND NEW-L/ASSEMBLE,2025.0,7,,GN125
MOTOR CYCLE,SUPER SOCO,TS STREET HUNTER,CHINA,ELECTRIC,2.5,PUTTALAM,BRAND NEW,2025.0,2,,TS STREET HUNTER
MOTOR CYCLE,BAJAJ,PULSAR N 125,INDIA,PETROL,124.5,KURUNEGALA,BRAND NEW,2025.0,1,,PULSAR N 125
MOTOR CYCLE,BAJAJ,PULSAR N 125,INDIA,PETROL,124.5,POLONNARUWA,BRAND NEW,2025.0,1,,PULSAR N 125
MOTOR CYCLE,BAJAJ,PULSAR N 125,INDIA,PETROL,124.58,ANURADHAPURA,BRAND NEW,2025.0,27,,PULSAR N 125
MOTOR CYCLE,GAROW,FENGSHEN,CHINA,ELECTRIC,3.0,GAMPAHA,BRAND NEW,2024.0,1,,FENGSHEN
MOTOR CYCLE,HONDA,C 50 CUSTOM,JAPAN,PETROL,50.0,MATARA,RECONDITIONED,1999.0,1,,C 50 CUSTOM
MOTOR CYCLE,BAJAJ,BOXER,INDIA,PETROL,99.35,MATARA,BRAND NEW,2001.0,1,,BOXER
MOTOR CYCLE,HERO HONDA,SPLENDOR,INDIA,PETROL,100.0,MATARA,BRAND NEW,2002.0,1,,SPLENDOR
MOTOR CYCLE,LENCAR,ERC80,SRI LANKA,ELECTRIC,1.2,KURUNEGALA,BRAND NEW-L/ASSEMBLE,2025.0,3,,ERC80
MOTOR CYCLE,TMR LUYUAN,COLA 5,CHINA,ELECTRIC,0.4,MONERAGALA,BRAND NEW,2025.0,3,,COLA 5
MOTOR CYCLE,SOLID,ROBOT,CHINA,ELECTRIC,1.2,KURUNEGALA,BRAND NEW,2025.0,1,,ROBOT
MOTOR CYCLE,TMR LUYUAN,COLA 5,CHINA,ELECTRIC,0.4,KURUNEGALA,BRAND NEW,2025.0,6,,COLA 5
MOTOR CYCLE,HONDA,DIO STD,INDIA,PETROL,109.0,JAFFNA,BRAND NEW,2025.0,27,,DIO STD
MOTOR CYCLE,BAJAJ,CT 100 ES,INDIA,PETROL,102.0,PUTTALAM,BRAND NEW,2025.0,5,,CT 100 ES
MOTOR CYCLE,HERO,XOOM-110,INDIA,PETROL,110.9,MONERAGALA,BRAND NEW,2025.0,37,XOOM-110,Unknown
MOTOR CYCLE,HERO,HF-DELUXE,INDIA,PETROL,97.2,KILINOCHCHI,BRAND NEW,2025.0,138,HF-DELUXE,Unknown
MOTOR CYCLE,HONDA,PCX160,VIETNAM,PETROL,157.0,KANDY,RECONDITIONED,2025.0,1,,PCX160
MOTOR CYCLE,YADEA,T 9,CHINA,ELECTRIC,2.0,MATALE,BRAND NEW,2025.0,7,,T 9
MOTOR CYCLE,TVS,TVS XL 100,SRI LANKA,PETROL,99.7,MULLATIVU,BRAND NEW-L/ASSEMBLE,2025.0,20,,TVS XL 100
MOTOR CYCLE,TVS,TVS XL 100,SRI LANKA,PETROL,99.7,JAFFNA,BRAND NEW-L/ASSEMBLE,2025.0,27,,TVS XL 100
MOTOR CYCLE,TVS,NTORQ 125,SRI LANKA,PETROL,124.8,KANDY,BRAND NEW-L/ASSEMBLE,2025.0,3,,NTORQ 125
MOTOR CYCLE,YADEA,T 9,CHINA,ELECTRIC,2.0,PUTTALAM,BRAND NEW,2025.0,9,,T 9
MOTOR CYCLE,YAMAHA,RAY ZR,INDIA,PETROL,113.0,BADULLA,BRAND NEW,2025.0,12,,RAY ZR
MOTOR CYCLE,BAJAJ,CT 100 ES,INDIA,PETROL,102.0,BADULLA,BRAND NEW,2025.0,2,,CT 100 ES
MOTOR CYCLE,YAMAHA,RAY ZRSTREETRALLY125,INDIA,PETROL,125.0,VAVUNIYA,BRAND NEW,2025.0,4,,RAY ZRSTREETRALLY125
MOTOR CYCLE,YAMAHA,RAY ZRSTREETRALLY125,INDIA,PETROL,125.0,MATALE,BRAND NEW,2025.0,7,,RAY ZRSTREETRALLY125
MOTOR CYCLE,YAMAHA,VINO,JAPAN,PETROL,49.0,PUTTALAM,RECONDITIONED,2015.0,1,,VINO
MOTOR CYCLE,TVS,TVS NTORQ 125 CC,INDIA,PETROL,124.8,KURUNEGALA,BRAND NEW,205.0,1,,TVS NTORQ 125 CC
MOTOR CYCLE,BAJAJ,DISCOVER 125,SRI LANKA,PETROL,124.5,JAFFNA,BRAND NEW-L/ASSEMBLE,2025.0,4,,DISCOVER 125
MOTOR CYCLE,YADEA,RUIBIN,CHINA,ELECTRIC,0.8,MATARA,BRAND NEW,2025.0,3,,RUIBIN
MOTOR CYCLE,YADEA,T 9,CHINA,ELECTRIC,2.0,POLONNARUWA,BRAND NEW,2025.0,8,,T 9
MOTOR CYCLE,BAJAJ,DISCOVER 125,SRI LANKA,PETROL,124.5,MONERAGALA,BRAND NEW-L/ASSEMBLE,2025.0,1,,DISCOVER 125
MOTOR CYCLE,GAROW,SHIZHIZUO,CHINA,ELECTRIC,3.0,GAMPAHA,BRAND NEW,2024.0,1,,SHIZHIZUO
MOTOR CYCLE,NWOW,TK 10,CHINA,ELECTRIC,0.8,COLOMBO,BRAND NEW,2025.0,3,,TK 10
MOTOR CYCLE,HONDA,ADV 160,JAPAN,PETROL,157.0,BATTICALOA,RECONDITIONED,2025.0,1,,ADV 160
MOTOR CYCLE,AIMA,ARIA,CHINA,ELECTRIC,0.8,HAMBANTOTA,BRAND NEW,2025.0,2,,ARIA
MOTOR CYCLE,BAJAJ,PULSAR N160,SRI LANKA,PETROL,164.82,GAMPAHA,BRAND NEW-L/ASSEMBLE,2025.0,38,,PULSAR N160
MOTOR CYCLE,HONDA,PCX,JAPAN,PETROL,157.0,KANDY,RECONDITIONED,2025.0,3,,PCX
MOTOR CYCLE,YAMAHA,RAY ZRSTREETRALLY125,INDIA,PETROL,125.0,ANURADHAPURA,BRAND NEW,2025.0,7,,RAY ZRSTREETRALLY125
MOTOR CYCLE,SENARO,CLICK 150,SRI LANKA,PETROL,150.0,NUWARA-ELIYA,BRAND NEW-L/ASSEMBLE,2025.0,1,,CLICK 150
MOTOR CYCLE,YAMAHA,RAY ZRSTREETRALLY125,INDIA,PETROL,125.0,KILINOCHCHI,BRAND NEW,2025.0,2,,RAY ZRSTREETRALLY125
MOTOR CYCLE,YADEA,T 9,CHINA,ELECTRIC,2.0,KILINOCHCHI,BRAND NEW,2025.0,4,,T 9
MOTOR CYCLE,RANOMOTO,PATTAYA DOUBLE POWER,CHINA,PETROL,80.0,MONERAGALA,BRAND NEW,2025.0,3,,PATTAYA DOUBLE POWER
MOTOR CYCLE,HERO,XOOM-110,INDIA,PETROL,110.9,VAVUNIYA,BRAND NEW,2025.0,10,XOOM-110,Unknown
MOTOR CYCLE,HERO,XOOM-110,INDIA,PETROL,110.9,KILINOCHCHI,BRAND NEW,2025.0,48,XOOM-110,Unknown
MOTOR CYCLE,TMR QUANLE,G18,CHINA,ELECTRIC,2.0,KALUTARA,BRAND NEW,2025.0,1,,G18
MOTOR CYCLE,TMR LUYUAN,S18,CHINA,ELECTRIC,1.2,KURUNEGALA,BRAND NEW,2025.0,1,,S18
MOTOR CYCLE,HONDA,PCX125,JAPAN,PETROL,125.0,GAMPAHA,RECONDITIONED,2025.0,1,,PCX125
MOTOR CYCLE,AIMA,ARIA,CHINA,ELECTRIC,0.8,PUTTALAM,BRAND NEW,2025.0,1,,ARIA
MOTOR CYCLE,HONDA,PCX160,INDONESIA,PETROL,157.0,KANDY,BRAND NEW,2025.0,2,,PCX160
MOTOR CYCLE,BAJAJ,CT 100 ES,INDIA,PETROL,102.0,MANNAR,BRAND NEW,2025.0,1,,CT 100 ES
MOTOR CYCLE,RISE,LEADER R80,SRI LANKA,ELECTRIC,2.0,COLOMBO,BRAND NEW-L/MANUFACT,2025.0,1,,LEADER R80
MOTOR CYCLE,RISE,LEADER R80 V2.0,SRI LANKA,ELECTRIC,1.5,KEGALLE,BRAND NEW-L/MANUFACT,2025.0,1,,LEADER R80 V2.0
MOTOR CYCLE,YADEA,EPOC H,CHINA,ELECTRIC,2.0,KEGALLE,BRAND NEW,2025.0,3,,EPOC H
MOTOR CYCLE,ROYAL ENFIELD,CLASSIC 350,INDIA,PETROL,349.0,JAFFNA,BRAND NEW,2025.0,5,,CLASSIC 350
MOTOR CYCLE,SUPER SOCO,CPX,CHINA,ELECTRIC,4.3,COLOMBO,BRAND NEW,2025.0,1,,CPX
MOTOR CYCLE,TMR QUANLE,ZL,CHINA,ELECTRIC,2.0,TRINCOMALEE,BRAND NEW,2025.0,1,,ZL
MOTOR CYCLE,SURYA,SR COOL,CHINA,ELECTRIC,1.2,GAMPAHA,BRAND NEW,2023.0,1,,SR COOL
MOTOR CYCLE,TVS,IQUBE,INDIA,ELECTRIC,3.34,BADULLA,BRAND NEW,2025.0,2,,IQUBE
MOTOR CYCLE,RANOMOTO,FLASH,CHINA,PETROL,79.0,MATALE,BRAND NEW,2025.0,1,,FLASH
MOTOR CYCLE,LENCAR,ERC80,SRI LANKA,ELECTRIC,1.2,COLOMBO,BRAND NEW-L/ASSEMBLE,2025.0,1,,ERC80
MOTOR CYCLE,HONDA,PCX,JAPAN,PETROL,157.0,MATALE,RECONDITIONED,2025.0,1,,PCX
MOTOR CYCLE,AIMA,BREEZY,CHINA,ELECTRIC,0.8,KANDY,BRAND NEW,2025.0,1,,BREEZY
MOTOR CYCLE,YAMAHA,YZF-R15M,MALAYSIA,PETROL,155.0,KANDY,RECONDITIONED,2023.0,1,YZF-R15M,Unknown
MOTOR CYCLE,TVS,TVS NTORQ 125 CC,INDIA,PETROL,124.8,VAVUNIYA,NEW,2025.0,1,,TVS NTORQ 125 CC
MOTOR CYCLE,TMR QUANLE,ZL,CHINA,ELECTRIC,2.0,RATNAPURA,BRAND NEW,2025.0,2,,ZL
MOTOR CYCLE,TMR QUANLE,G18,CHINA,ELECTRIC,2.0,COLOMBO,BRAND NEW,2025.0,1,,G18
MOTOR CYCLE,HONDA,PCX,INDONESIA,PETROL,157.0,COLOMBO,BRAND NEW,2025.0,1,,PCX
MOTOR CYCLE,EMAX,EH-5,CHINA,ELECTRIC,1.5,COLOMBO,BRAND NEW,2025.0,1,EH-5,Unknown
MOTOR CYCLE,LUYUAN,M-MHH-Z30LJ,CHINA,ELECTRIC,2.0,GALLE,BRAND NEW,2025.0,1,,M-MHH-Z30LJ
MOTOR CYCLE,SOLID,S9,CHINA,ELECTRIC,2.0,HAMBANTOTA,BRAND NEW,2025.0,1,,S9
MOTOR CYCLE,YAMAHA,RAY ZR 125,INDIA,PETROL,125.0,MANNAR,BRAND NEW,2025.0,7,,RAY ZR 125
MOTOR CYCLE,HONDA,PCX  125,VIETNAM,PETROL,124.0,KURUNEGALA,RECONDITIONED,2025.0,1,,PCX  125
MOTOR CYCLE,RISE,LEADER 125,SRI LANKA,PETROL,125.0,HAMBANTOTA,BRAND NEW-L/MANUFACT,2025.0,2,,LEADER 125
MOTOR CYCLE,REVOLT,RV 400,INDIA,ELECTRIC,3.0,GALLE,BRAND NEW,2025.0,1,,RV 400
MOTOR CYCLE,BAJAJ,PULSAR N160,SRI LANKA,PETROL,164.32,BADULLA,BRAND NEW-L/ASSEMBLE,2025.0,1,,PULSAR N160
MOTOR CYCLE,YADEA,M6,CHINA,ELECTRIC,1.2,ANURADHAPURA,BRAND NEW,2025.0,1,,M6
MOTOR CYCLE,LIMA,EL07,CHINA,ELECTRIC,1.5,JAFFNA,BRAND NEW,2025.0,1,,EL07
MOTOR CYCLE,YADEA,M6,CHINA,ELECTRIC,1.2,POLONNARUWA,BRAND NEW,2025.0,1,,M6
MOTOR CYCLE,YADEA,RUIBIN,CHINA,ELECTRIC,0.8,MATALE,BRAND NEW,2025.0,1,,RUIBIN
MOTOR CYCLE,AIMA,MANA,CHINA,ELECTRIC,1.5,KILINOCHCHI,BRAND NEW,2025.0,1,,MANA
MOTOR CYCLE,YAMAHA,FZ S FI VER 4.0,INDIA,PETROL,149.0,KALUTARA,BOUGHT FROM AUCTION,2025.0,1,,FZ S FI VER 4.0
MOTOR CYCLE,TMR QUANLE,XGW,CHINA,ELECTRIC,1.2,COLOMBO,BRAND NEW,2025.0,1,,XGW
MOTOR CYCLE,TMR QUANLE,ZL,CHINA,ELECTRIC,2.0,BADULLA,BRAND NEW,2025.0,1,,ZL
MOTOR CYCLE,HERO,HUNK 160,INDIA,PETROL,163.14,POLONNARUWA,BRAND NEW,2025.0,21,,HUNK 160
MOTOR CYCLE,YAMAHA,RAY ZR STREET RALLY,INDIA,PETROL,113.0,BATTICALOA,BRAND NEW,2025.0,18,,RAY ZR STREET RALLY
MOTOR CYCLE,YAMAHA,FZ S FI VER 4.0,INDIA,PETROL,149.0,VAVUNIYA,BRAND NEW,2025.0,3,,FZ S FI VER 4.0
MOTOR CYCLE,YAMAHA,FZ S FI VER 4.0,INDIA,PETROL,149.0,JAFFNA,BRAND NEW,2025.0,18,,FZ S FI VER 4.0
MOTOR CYCLE,YAMAHA,RAY ZR,INDIA,PETROL,113.0,MULLATIVU,BRAND NEW,2025.0,6,,RAY ZR
MOTOR CYCLE,YAMAHA,RAY ZR STREET RALLY,INDIA,PETROL,113.0,GAMPAHA,BRAND NEW,2025.0,42,,RAY ZR STREET RALLY
MOTOR CYCLE,BAJAJ,M 80 4S,INDIA,PETROL,80.0,AMPARA,BRAND NEW,2002.0,1,,M 80 4S
MOTOR CYCLE,VMOTO,CITI,CHINA,ELECTRIC,2.0,COLOMBO,BRAND NEW,2025.0,6,,CITI
MOTOR CYCLE,SENARO,GN125,SRI LANKA,PETROL,125.0,ANURADHAPURA,BRAND NEW-L/ASSEMBLE,2025.0,15,,GN125
MOTOR CYCLE,HERO,XOOM-110,INDIA,PETROL,110.9,AMPARA,BRAND NEW,2025.0,96,XOOM-110,Unknown
MOTOR CYCLE,YAMAHA,RAY ZR 125,INDIA,PETROL,125.0,BATTICALOA,BRAND NEW,2025.0,48,,RAY ZR 125
MOTOR CYCLE,YAMAHA,RAY ZRSTREETRALLY125,INDIA,PETROL,125.0,BADULLA,BRAND NEW,2025.0,11,,RAY ZRSTREETRALLY125
MOTOR CYCLE,YAMAHA,RAY ZRSTREETRALLY125,INDIA,PETROL,125.0,COLOMBO,BRAND NEW,2025.0,58,,RAY ZRSTREETRALLY125
MOTOR CYCLE,YAMAHA,FZ S FI VER 4.0,INDIA,PETROL,149.0,KEGALLE,BRAND NEW,2025.0,14,,FZ S FI VER 4.0
MOTOR CYCLE,HONDA,DIO STD,INDIA,PETROL,109.0,AMPARA,BRAND NEW,2025.0,18,,DIO STD
MOTOR CYCLE,HONDA,DIO STD,INDIA,PETROL,109.0,COLOMBO,BRAND NEW,2025.0,78,,DIO STD
MOTOR CYCLE,HONDA,DIO DLX,INDIA,PETROL,109.0,GAMPAHA,BRAND NEW,2025.0,187,,DIO DLX
MOTOR CYCLE,HONDA,DIO STD,INDIA,PETROL,109.0,KALUTARA,BRAND NEW,2025.0,54,,DIO STD
MOTOR CYCLE,YAMAHA,FZ  VER 2.0,INDIA,PETROL,149.0,KALUTARA,BRAND NEW,2025.0,32,,FZ  VER 2.0
MOTOR CYCLE,YAMAHA,RAY ZR 125,INDIA,PETROL,125.0,JAFFNA,BRAND NEW,2025.0,55,,RAY ZR 125
MOTOR CYCLE,YAMAHA,FZ S FI VER 4.0,INDIA,PETROL,149.0,MATARA,BRAND NEW,2025.0,34,,FZ S FI VER 4.0
MOTOR CYCLE,YAMAHA,YZF R15 VER 4.0,INDIA,PETROL,155.0,MANNAR,BRAND NEW,2025.0,3,,YZF R15 VER 4.0
MOTOR CYCLE,BAJAJ,PULSAR NS 200,INDIA,PETROL,199.5,KALUTARA,BRAND NEW,2025.0,99,,PULSAR NS 200
MOTOR CYCLE,E-LUNA,NEXT,INDIA,ELECTRIC,2.0,COLOMBO,BRAND NEW,2025.0,15,,NEXT
MOTOR CYCLE,TVS,IQUBE,INDIA,ELECTRIC,3.34,PUTTALAM,BRAND NEW,2025.0,11,,IQUBE
MOTOR CYCLE,HONDA,PCX 160,JAPAN,PETROL,156.0,KANDY,RECONDITIONED,2025.0,1,,PCX 160
MOTOR CYCLE,RANOMOTO,FLASH,CHINA,PETROL,79.0,MATARA,BRAND NEW,2025.0,1,,FLASH
MOTOR CYCLE,RANOMOTO,PATTAYA DOUBLE POWER,CHINA,PETROL,80.0,KALUTARA,BRAND NEW,2025.0,3,,PATTAYA DOUBLE POWER
MOTOR CYCLE,RISE,LEADER R80 V2.0,SRI LANKA,ELECTRIC,1.5,PUTTALAM,BRAND NEW-L/MANUFACT,2025.0,1,,LEADER R80 V2.0
MOTOR CYCLE,RISE,LEADER R80 V2.0,SRI LANKA,ELECTRIC,1.5,JAFFNA,BRAND NEW-L/MANUFACT,2025.0,2,,LEADER R80 V2.0
MOTOR CYCLE,RISE,LEADER R80 V2.0,SRI LANKA,ELECTRIC,1.5,GAMPAHA,BRAND NEW-L/MANUFACT,2025.0,2,,LEADER R80 V2.0
MOTOR CYCLE,RISE,LEADER R80 V2.0,SRI LANKA,ELECTRIC,1.5,MATALE,BRAND NEW-L/MANUFACT,2025.0,5,,LEADER R80 V2.0
MOTOR CYCLE,BAJAJ,PULSAR N160,SRI LANKA,PETROL,164.82,HAMBANTOTA,BRAND NEW-L/ASSEMBLE,2025.0,29,,PULSAR N160
MOTOR CYCLE,BAJAJ,PULSAR N160,SRI LANKA,PETROL,164.82,RATNAPURA,BRAND NEW-L/ASSEMBLE,2025.0,22,,PULSAR N160
MOTOR CYCLE,BAJAJ,PULSAR N 125,INDIA,PETROL,124.58,RATNAPURA,BRAND NEW,2025.0,24,,PULSAR N 125
MOTOR CYCLE,OYFLY,TDM-LTW,CHINA,ELECTRIC,2.0,COLOMBO,BRAND NEW,2025.0,1,TDM-LTW,Unknown
MOTOR CYCLE,TVS,TVS NTORQ 125 CC,INDIA,PETROL,124.8,VAVUNIYA,BRAND NEW,2025.0,46,,TVS NTORQ 125 CC
MOTOR CYCLE,NWOW,SE,CHINA,ELECTRIC,0.8,GALLE,BRAND NEW,2025.0,2,,SE
MOTOR CYCLE,NWOW,SE,CHINA,ELECTRIC,0.8,GAMPAHA,BRAND NEW,2025.0,31,,SE
MOTOR CYCLE,AIMA,BREEZY,CHINA,ELECTRIC,0.8,POLONNARUWA,BRAND NEW,2025.0,19,,BREEZY
MOTOR CYCLE,HERO,HUNK 160,INDIA,PETROL,163.14,BATTICALOA,BRAND NEW,2025.0,28,,HUNK 160
MOTOR CYCLE,HERO,HUNK 160,INDIA,PETROL,163.14,BADULLA,BRAND NEW,2025.0,8,,HUNK 160
MOTOR CYCLE,HONDA,C 50,JAPAN,PETROL,50.0,MATARA,RECONDITIONED,2002.0,1,,C 50
MOTOR CYCLE,HONDA,CD 125T,JAPAN,PETROL,125.0,MATARA,RECONDITIONED,1999.0,1,,CD 125T
MOTOR CYCLE,QUANLE,N9 (NINEBOT),CHINA,ELECTRIC,1.5,GAMPAHA,BRAND NEW,2025.0,3,,N9 (NINEBOT)
MOTOR CYCLE,SOLID,G6,CHINA,ELECTRIC,1.5,GAMPAHA,BRAND NEW,2025.0,7,,G6
MOTOR CYCLE,HONDA,DIO STD,INDIA,PETROL,109.0,KEGALLE,BRAND NEW,2025.0,10,,DIO STD
MOTOR CYCLE,HERO,XOOM-110,INDIA,PETROL,110.9,HAMBANTOTA,BRAND NEW,2025.0,85,XOOM-110,Unknown
MOTOR CYCLE,RANOMOTO,MOPED SUPER,SRI LANKA,PETROL,49.0,HAMBANTOTA,BRAND NEW-L/ASSEMBLE,2024.0,3,,MOPED SUPER
MOTOR CYCLE,RANOMOTO,MOPED SUPER,SRI LANKA,PETROL,49.0,BATTICALOA,BRAND NEW-L/ASSEMBLE,2024.0,4,,MOPED SUPER
MOTOR CYCLE,RANOMOTO,MOPED SUPER,SRI LANKA,PETROL,49.0,VAVUNIYA,BRAND NEW-L/ASSEMBLE,2024.0,2,,MOPED SUPER
MOTOR CYCLE,RANOMOTO,MOPED SUPER,SRI LANKA,PETROL,49.0,RATNAPURA,BRAND NEW-L/ASSEMBLE,2024.0,2,,MOPED SUPER
MOTOR CYCLE,ROYAL ENFIELD,METEOR 350,INDIA,PETROL,350.0,JAFFNA,BRAND NEW,2025.0,1,,METEOR 350
MOTOR CYCLE,HONDA,PCX 160,JAPAN,PETROL,157.0,COLOMBO,RECONDITIONED,2025.0,3,,PCX 160
MOTOR CYCLE,SENARO,GN125,SRI LANKA,PETROL,125.0,MULLATIVU,BRAND NEW-L/ASSEMBLE,2025.0,3,,GN125
MOTOR CYCLE,VMOTO,CITI,CHINA,ELECTRIC,2.0,GAMPAHA,BRAND NEW,2025.0,2,,CITI
MOTOR CYCLE,YADEA,T5,CHINA,ELECTRIC,1.2,GAMPAHA,BRAND NEW,2025.0,99,,T5
MOTOR CYCLE,BAJAJ,DISCOVER 125,SRI LANKA,PETROL,124.5,POLONNARUWA,BRAND NEW-L/ASSEMBLE,2025.0,10,,DISCOVER 125
MOTOR CYCLE,YADEA,T5,CHINA,ELECTRIC,1.2,NUWARA-ELIYA,BRAND NEW,2025.0,3,,T5
MOTOR CYCLE,BAJAJ,CT 100 ES,INDIA,PETROL,102.0,POLONNARUWA,BRAND NEW,2025.0,1,,CT 100 ES
MOTOR CYCLE,TVS,TVS XL 100,SRI LANKA,PETROL,99.7,ANURADHAPURA,BRAND NEW-L/ASSEMBLE,2022.0,1,,TVS XL 100
MOTOR CYCLE,YADEA,T 9,CHINA,ELECTRIC,2.0,MATARA,BRAND NEW,2025.0,14,,T 9
MOTOR CYCLE,HONDA,DIO DLX,INDIA,PETROL,109.0,MANNAR,BRAND NEW,2025.0,2,,DIO DLX
MOTOR CYCLE,YAMAHA,MT 15 VER 2.0,INDIA,PETROL,155.0,GAMPAHA,BRAND NEW,2025.0,30,,MT 15 VER 2.0
MOTOR CYCLE,YAMAHA,RAY ZR 125,INDIA,PETROL,125.0,ANURADHAPURA,BRAND NEW,2025.0,16,,RAY ZR 125
MOTOR CYCLE,TAILG,SAI BEI,CHINA,ELECTRIC,1.5,KURUNEGALA,BRAND NEW,2024.0,1,,SAI BEI
MOTOR CYCLE,SENARO,CLICK 150,SRI LANKA,PETROL,150.0,BADULLA,BRAND NEW-L/ASSEMBLE,2025.0,1,,CLICK 150
MOTOR CYCLE,ATHER,450X,INDIA,ELECTRIC,3.0,JAFFNA,BRAND NEW,2025.0,2,,450X
MOTOR CYCLE,YADEA,EPOC H,CHINA,ELECTRIC,2.0,HAMBANTOTA,BRAND NEW,2025.0,4,,EPOC H
MOTOR CYCLE,YADEA,T 9,CHINA,ELECTRIC,2.0,MULLATIVU,BRAND NEW,2025.0,3,,T 9
MOTOR CYCLE,HONDA,PCX 160,VIETNAM,PETROL,156.0,MATARA,RECONDITIONED,2024.0,1,,PCX 160
MOTOR CYCLE,NWOW,TK 10,CHINA,ELECTRIC,0.8,GAMPAHA,BRAND NEW,2025.0,2,,TK 10
MOTOR CYCLE,NWOW,ARS,CHINA,ELECTRIC,0.45,KURUNEGALA,BRAND NEW,2025.0,1,,ARS
MOTOR CYCLE,NWOW,SE,CHINA,ELECTRIC,0.8,MATARA,BRAND NEW,2024.0,1,,SE
MOTOR CYCLE,HONDA,ADV160,JAPAN,PETROL,157.0,COLOMBO,RECONDITIONED,2025.0,6,,ADV160
MOTOR CYCLE,HONDA,PCX 125,VIETNAM,PETROL,124.0,KURUNEGALA,RECONDITIONED,2025.0,2,,PCX 125
MOTOR CYCLE,HONDA,ADV160,JAPAN,PETROL,157.0,GAMPAHA,RECONDITIONED,2025.0,3,,ADV160
MOTOR CYCLE,REVOLT,RV 400,INDIA,ELECTRIC,3.0,TRINCOMALEE,BRAND NEW,2025.0,1,,RV 400
MOTOR CYCLE,ATHER,450X,INDIA,ELECTRIC,3.0,PUTTALAM,BRAND NEW,2025.0,1,,450X
MOTOR CYCLE,OYFLY,TDM-LTW,CHINA,ELECTRIC,2.0,MATARA,BRAND NEW,2025.0,1,TDM-LTW,Unknown
MOTOR CYCLE,HONDA,PCX,JAPAN,PETROL,156.0,KANDY,RECONDITIONED,2025.0,1,,PCX
MOTOR CYCLE,SENARO,GN125,SRI LANKA,PETROL,125.0,MATALE,BRAND NEW-L/ASSEMBLE,2025.0,6,,GN125
MOTOR CYCLE,BAJAJ,PULSAR N160,SRI LANKA,PETROL,164.82,MATARA,BRAND NEW-L/ASSEMBLE,2025.0,15,,PULSAR N160
MOTOR CYCLE,YAMAHA,MT 15 VER 2.0,INDIA,PETROL,155.0,AMPARA,BRAND NEW,2025.0,24,,MT 15 VER 2.0
MOTOR CYCLE,TMR LUYUAN,MQQ6,CHINA,ELECTRIC,0.8,KURUNEGALA,BRAND NEW,2025.0,3,,MQQ6
MOTOR CYCLE,AIMA,BREEZY,CHINA,ELECTRIC,0.8,RATNAPURA,BRAND NEW,2025.0,3,,BREEZY
MOTOR CYCLE,AIMA,MANA,CHINA,ELECTRIC,1.5,HAMBANTOTA,BRAND NEW,2025.0,2,,MANA
MOTOR CYCLE,AIMA,BREEZY,CHINA,ELECTRIC,0.8,MULLATIVU,BRAND NEW,2025.0,1,,BREEZY
MOTOR CYCLE,REVOLT,RV 400,INDIA,ELECTRIC,3.0,KALUTARA,BRAND NEW,2024.0,1,,RV 400
MOTOR CYCLE,NWOW,GB2,CHINA,ELECTRIC,0.4,GAMPAHA,BRAND NEW,2025.0,1,,GB2
MOTOR CYCLE,NWOW,ARS,CHINA,ELECTRIC,0.45,GAMPAHA,BRAND NEW,2025.0,8,,ARS
MOTOR CYCLE,YAMAHA,MT 15 VER 2.0,INDIA,PETROL,155.0,RATNAPURA,BRAND NEW,2025.0,5,,MT 15 VER 2.0
MOTOR CYCLE,VMOTO,CITI,CHINA,ELECTRIC,2.0,MATARA,BRAND NEW,2025.0,2,,CITI
MOTOR CYCLE,HONDA,DIO STD,INDIA,PETROL,109.0,MULLATIVU,BRAND NEW,2025.0,2,,DIO STD
MOTOR CYCLE,LUYUAN,S90 PLUS,CHINA,ELECTRIC,1.5,POLONNARUWA,BRAND NEW,2025.0,1,,S90 PLUS
MOTOR CYCLE,LUYUAN,MYT,CHINA,ELECTRIC,0.8,GALLE,BRAND NEW,2025.0,2,,MYT
MOTOR CYCLE,TAENT,ID113872,CHINA,ELECTRIC,0.35,ANURADHAPURA,RECONDITIONED,2024.0,1,,ID113872
MOTOR CYCLE,HONDA,PCX,JAPAN,PETROL,157.0,PUTTALAM,RECONDITIONED,2025.0,2,,PCX
MOTOR CYCLE,RISE,LEADER 125,SRI LANKA,PETROL,125.0,POLONNARUWA,BRAND NEW-L/MANUFACT,2025.0,1,,LEADER 125
MOTOR CYCLE,BAJAJ,CT 100 ES,SRI LANKA,PETROL,102.0,KALUTARA,BRAND NEW,2025.0,1,,CT 100 ES
MOTOR CYCLE,YADEA,RUIBIN,CHINA,ELECTRIC,0.8,COLOMBO,BRAND NEW,2025.0,14,,RUIBIN
MOTOR CYCLE,YADEA,M6,CHINA,ELECTRIC,1.2,KILINOCHCHI,BRAND NEW,2025.0,1,,M6
MOTOR CYCLE,TVS,TVS RAIDER 125,SRI LANKA,PETROL,124.79,KILINOCHCHI,BRAND NEW-L/ASSEMBLE,2025.0,1,,TVS RAIDER 125
MOTOR CYCLE,HONDA,PCX 160,INDONESIA,PETROL,157.0,KANDY,BRAND NEW,2025.0,1,,PCX 160
MOTOR CYCLE,EMAX,EH-1,CHINA,ELECTRIC,1.5,COLOMBO,BRAND NEW,2025.0,1,EH-1,Unknown
MOTOR CYCLE,HONDA,PCX160,JAPAN,PETROL,157.0,KURUNEGALA,RECONDITIONED,2024.0,1,,PCX160
MOTOR CYCLE,HONDA,PCX,JAPAN,PETROL,156.0,GALLE,RECONDITIONED,2025.0,2,,PCX
MOTOR CYCLE,HONDA,PCX 160,JAPAN,PETROL,156.0,GALLE,RECONDITIONED,2025.0,1,,PCX 160
MOTOR CYCLE,YAMAHA,MT 15 VER 2.0,INDIA,PETROL,155.0,KALUTARA,BRAND NEW,2025.0,10,,MT 15 VER 2.0
MOTOR CYCLE,ROYAL ENFIELD,METEOR 350,INDIA,PETROL,350.0,VAVUNIYA,BRAND NEW,2025.0,1,,METEOR 350
MOTOR CYCLE,TVS,TVS XL 100,SRI LANKA,PETROL,99.7,HAMBANTOTA,BRAND NEW,2025.0,1,,TVS XL 100
MOTOR CYCLE,HERO,HUNK 160,INDIA,PETROL,163.14,KILINOCHCHI,BRAND NEW,2025.0,2,,HUNK 160
MOTOR CYCLE,HONDA,PCX 160,VIETNAM,PETROL,156.0,GAMPAHA,RECONDITIONED,2025.0,1,,PCX 160
MOTOR CYCLE,ATHER,450X,INDIA,ELECTRIC,3.0,GALLE,BRAND NEW,2024.0,1,,450X
MOTOR CYCLE,ROYAL ENFIELD,CLASSIC 350,INDIA,PETROL,349.0,KURUNEGALA,BRAND NEW,2025.0,1,,CLASSIC 350
MOTOR CYCLE,HONDA,PCX,JAPAN,PETROL,157.0,VAVUNIYA,RECONDITIONED,2025.0,1,,PCX
MOTOR CYCLE,HONDA,PCX 160,VIETNAM,PETROL,157.0,COLOMBO,RECONDITIONED,2025.0,1,,PCX 160
MOTOR CYCLE,HONDA,PCX,JAPAN,PETROL,156.0,MATALE,RECONDITIONED,2025.0,1,,PCX
MOTOR CYCLE,SUPER SOCO,CUX PRO,CHINA,ELECTRIC,2.1,COLOMBO,BRAND NEW,2024.0,1,,CUX PRO
MOTOR CYCLE,BAJAJ,CT 100 ES,SRI LANKA,PETROL,102.0,GAMPAHA,BRAND NEW,2025.0,1,,CT 100 ES
MOTOR CYCLE,RANOMOTO,GN125H,CHINA,PETROL,124.0,NUWARA-ELIYA,BRAND NEW,2025.0,1,,GN125H
MOTOR CYCLE,NWOW,V11,CHINA,ELECTRIC,1.0,KALUTARA,BRAND NEW,2024.0,1,,V11
MOTOR CYCLE,NWOW,ARS,CHINA,ELECTRIC,0.45,GAMPAHA,BRAND NEW,2019.0,1,,ARS
MOTOR CYCLE,SENARO,CLICK 150,SRI LANKA,PETROL,150.0,MATARA,BRAND NEW-L/ASSEMBLE,2025.0,1,,CLICK 150
MOTOR CYCLE,BAJAJ,PULSAR NS 200,INDIA,PETROL,199.5,MONERAGALA,BRAND NEW,2020.0,1,,PULSAR NS 200
MOTOR CYCLE,LUYUAN,S90 PLUS,CHINA,ELECTRIC,1.5,COLOMBO,BRAND NEW,2025.0,1,,S90 PLUS
MOTOR LORRY (COMMERCIAL),ISUZU,FSR34SU-LCN,JAPAN,DIESEL,7790.0,PUTTALAM,BRAND NEW,2025.0,1,,FSR34SU-LCN
MOTOR LORRY (COMMERCIAL),LANKA ASHOK LEYLAND,TUSKER SUPER 1618,SRI LANKA,DIESEL,5759.0,AMPARA,BRAND NEW-L/ASSEMBLE,2025.0,1,,TUSKER SUPER 1618
MOTOR LORRY (COMMERCIAL),JAC,HFC1045E4,CHINA,DIESEL,2746.0,COLOMBO,BRAND NEW,2025.0,1,,HFC1045E4
MOTOR LORRY (COMMERCIAL),J M C,JX1044TC2R,SRI LANKA,DIESEL,2771.0,COLOMBO,BRAND NEW-L/ASSEMBLE,2025.0,2,,JX1044TC2R
MOTOR LORRY (COMMERCIAL),ISUZU,NQR75U-LN5VAYN,JAPAN,DIESEL,5193.0,COLOMBO,BRAND NEW,2025.0,5,,NQR75U-LN5VAYN
MOTOR LORRY (COMMERCIAL),ISUZU,NPR75U-HLSVAYN,JAPAN,DIESEL,5193.0,GAMPAHA,BRAND NEW,2025.0,1,,NPR75U-HLSVAYN
MOTOR LORRY (COMMERCIAL),UD TRUCKS,BDG-LK37E,JAPAN,DIESEL,7680.0,COLOMBO,RECONDITIONED,2011.0,1,BDG-LK37E,Unknown
MOTOR LORRY (COMMERCIAL),ISUZU,TKG-FRR90T2,JAPAN,DIESEL,5190.0,HAMBANTOTA,RECONDITIONED,2017.0,1,TKG-FRR90T2,Unknown
MOTOR LORRY (COMMERCIAL),ISUZU,NQR75U -HL5 VAYN,JAPAN,DIESEL,5193.0,COLOMBO,BRAND NEW,2025.0,1,,NQR75U -HL5 VAYN
MOTOR LORRY (COMMERCIAL),ISUZU,NPR75U-HL5VAYN,JAPAN,DIESEL,5193.0,KURUNEGALA,BRAND NEW,2025.0,2,,NPR75U-HL5VAYN
MOTOR LORRY (COMMERCIAL),ISUZU,FTR34UU-PDN,JAPAN,DIESEL,7790.0,RATNAPURA,BRAND NEW,2025.0,1,,FTR34UU-PDN
MOTOR LORRY (COMMERCIAL),ISUZU,NPR75U-HL5VAYN,JAPAN,DIESEL,5193.0,ANURADHAPURA,BRAND NEW,2025.0,1,,NPR75U-HL5VAYN
MOTOR LORRY (COMMERCIAL),ISUZU,NPR7SU-HL5VAYN,JAPAN,DIESEL,5193.0,GAMPAHA,BRAND NEW,2025.0,1,,NPR7SU-HL5VAYN
MOTOR LORRY (COMMERCIAL),MAZDA,TKG-LKR85R TITAN,JAPAN,DIESEL,2990.0,GALLE,RECONDITIONED,2012.0,1,TKG-LKR85R,TITAN
MOTOR LORRY (COMMERCIAL),EICHER,PR01080F,INDIA,DIESEL,3298.0,GAMPAHA,BRAND NEW,2025.0,1,,PR01080F
MOTOR LORRY (COMMERCIAL),FOTON,BJ1044V9JB3-R1,CHINA,DIESEL,2490.0,BATTICALOA,BRAND NEW,2025.0,1,,BJ1044V9JB3-R1
MOTOR LORRY (COMMERCIAL),ISUZU,NMR85U-HH5AY,JAPAN,DIESEL,2999.0,PUTTALAM,BRAND NEW,2025.0,1,,NMR85U-HH5AY
MOTOR LORRY (COMMERCIAL),ISUZU,NQR75U-LN5 VAYN,JAPAN,DIESEL,5193.0,KANDY,BRAND NEW,2025.0,1,,NQR75U-LN5 VAYN
MOTOR LORRY (COMMERCIAL),ISUZU,NMR8SU-EH5AY,JAPAN,DIESEL,2999.0,MATARA,BRAND NEW,2025.0,2,,NMR8SU-EH5AY
MOTOR LORRY (COMMERCIAL),EICHER,1080E CBC TRUCK,INDIA,DIESEL,3298.0,COLOMBO,BRAND NEW,2025.0,5,,1080E CBC TRUCK
MOTOR LORRY (COMMERCIAL),LANKA ASHOK LEYLAND,PARTNER,INDIA,DIESEL,2953.0,GAMPAHA,BRAND NEW,2025.0,2,,PARTNER
MOTOR LORRY (COMMERCIAL),LANKA ASHOK LEYLAND,TUSKER SUPER 1618,SRI LANKA,DIESEL,5759.0,HAMBANTOTA,BRAND NEW-L/ASSEMBLE,2023.0,1,,TUSKER SUPER 1618
MOTOR LORRY (COMMERCIAL),MITSUBISHI,FECXIGR4SDSC,JAPAN,DIESEL,2998.0,KALUTARA,BRAND NEW,2025.0,1,,FECXIGR4SDSC
MOTOR LORRY (COMMERCIAL),TATA,LPT2518,INDIA,DIESEL,5883.0,COLOMBO,BRAND NEW,2025.0,1,,LPT2518
MOTOR LORRY (COMMERCIAL),ISUZU,FTR34UU-PDN,JAPAN,DIESEL,7790.0,KANDY,BRAND NEW,2025.0,1,,FTR34UU-PDN
MOTOR LORRY (COMMERCIAL),ISUZU,NMR85U-HH5WY,JAPAN,DIESEL,2999.0,GAMPAHA,BRAND NEW,2025.0,3,,NMR85U-HH5WY
MOTOR LORRY (COMMERCIAL),ISUZU,NMR85U-HH5AY,JAPAN,DIESEL,2999.0,RATNAPURA,BRAND NEW,2025.0,1,,NMR85U-HH5AY
MOTOR LORRY (COMMERCIAL),J M C,JX1044TC2R,SRI LANKA,DIESEL,2771.0,MATARA,BRAND NEW-L/ASSEMBLE,2025.0,1,,JX1044TC2R
MOTOR LORRY (COMMERCIAL),J M C,JX1044TG2R,CHINA,DIESEL,2771.0,KALUTARA,BRAND NEW,2025.0,1,,JX1044TG2R
MOTOR LORRY (COMMERCIAL),LANKA ASHOK LEYLAND,TUSKER SUPER 1618,SRI LANKA,DIESEL,5759.0,MATARA,BRAND NEW-L/ASSEMBLE,2025.0,1,,TUSKER SUPER 1618
MOTOR LORRY (COMMERCIAL),ISUZU,2RG-NPR88YN ELF,JAPAN,DIESEL,2990.0,KURUNEGALA,RECONDITIONED,2018.0,1,2RG-NPR88YN,ELF
MOTOR LORRY (COMMERCIAL),LANKA ASHOK LEYLAND,TUSKER SUPER 1618,SRI LANKA,DIESEL,5759.0,NUWARA-ELIYA,BRAND NEW-L/ASSEMBLE,2025.0,1,,TUSKER SUPER 1618
MOTOR LORRY (COMMERCIAL),LANKA ASHOK LEYLAND,TUSKER SPER 1618,SRI LANKA,DIESEL,5759.0,KILINOCHCHI,BRAND NEW-L/ASSEMBLE,2025.0,1,,TUSKER SPER 1618
MOTOR LORRY (COMMERCIAL),JAC,HFC1045E4,CHINA,DIESEL,2746.0,KALUTARA,BRAND NEW,2025.0,1,,HFC1045E4
MOTOR LORRY (COMMERCIAL),LANKA ASHOK LEYLAND,TUSKER SUPER 1618,SRI LANKA,DIESEL,5759.0,GAMPAHA,BRAND NEW-L/ASSEMBLE,2025.0,1,,TUSKER SUPER 1618
MOTOR LORRY (COMMERCIAL),ISUZU,TRG-NPR85AN ELF,JAPAN,DIESEL,2990.0,MONERAGALA,RECONDITIONED,2019.0,1,TRG-NPR85AN,ELF
MOTOR LORRY (COMMERCIAL),MITSUBISHI,FEB51ER4SDSC,JAPAN,DIESEL,2998.0,BADULLA,BRAND NEW,2025.0,1,,FEB51ER4SDSC
MOTOR LORRY (COMMERCIAL),EICHER,PRO 1080F,INDIA,DIESEL,3298.0,COLOMBO,BRAND NEW,2025.0,1,,PRO 1080F
MOTOR LORRY (COMMERCIAL),ISUZU,NMR85U-HH5AY,JAPAN,DIESEL,2999.0,COLOMBO,BRAND NEW,2025.0,1,,NMR85U-HH5AY
MOTOR LORRY (COMMERCIAL),LANKA ASHOK LEYLAND,TUSKER SUPPER 1618,SRI LANKA,DIESEL,5759.0,AMPARA,BRAND NEW-L/ASSEMBLE,2025.0,1,,TUSKER SUPPER 1618
MOTOR LORRY (COMMERCIAL),JAC,HFC1091P7,CHINA,DIESEL,3760.0,GAMPAHA,BRAND NEW,2025.0,1,,HFC1091P7
MOTOR LORRY (COMMERCIAL),LANKA ASHOK LEYLAND,TUSKER SUPER 1618,SRI LANKA,DIESEL,5759.0,JAFFNA,BRAND NEW-L/ASSEMBLE,2025.0,1,,TUSKER SUPER 1618
MOTOR LORRY (COMMERCIAL),LANKA ASHOK LEYLAND,PARTNER,INDIA,DIESEL,2953.0,COLOMBO,BRAND NEW,2025.0,2,,PARTNER
MOTOR LORRY (COMMERCIAL),ISUZU,TPG-NPR85AN ELF,JAPAN,DIESEL,2990.0,PUTTALAM,RECONDITIONED,2017.0,1,TPG-NPR85AN,ELF
MOTOR LORRY (COMMERCIAL),ISUZU,TRG-NKR85A ELF,JAPAN,DIESEL,2990.0,COLOMBO,RECONDITIONED,2017.0,1,TRG-NKR85A,ELF
MOTOR LORRY (COMMERCIAL),MITSUBISHI,FECXIHR4SDSC,JAPAN,DIESEL,2998.0,GAMPAHA,BRAND NEW,2025.0,1,,FECXIHR4SDSC
MOTOR LORRY (COMMERCIAL),LANKA ASHOK LEYLAND,TUSKER SUPER 1618,SRI LANKA,DIESEL,5759.0,KILINOCHCHI,BRAND NEW-L/ASSEMBLE,2025.0,2,,TUSKER SUPER 1618
MOTOR LORRY (COMMERCIAL),ISUZU,PDG-CYZ52Q8,JAPAN,DIESEL,15680.0,COLOMBO,RECONDITIONED,2010.0,1,PDG-CYZ52Q8,Unknown
MOTOR LORRY (COMMERCIAL),TATA,LPT  2518,INDIA,DIESEL,5883.0,COLOMBO,BRAND NEW,2025.0,1,,LPT  2518
MOTOR LORRY (COMMERCIAL),ISUZU,NQR750-KNSVAYN,JAPAN,DIESEL,5193.0,POLONNARUWA,BRAND NEW,2025.0,1,,NQR750-KNSVAYN
MOTOR LORRY (COMMERCIAL),LANKA ASHOK LEYLAND,TUSKER SUPER 1618,SRI LANKA,DIESEL,5759.0,TRINCOMALEE,BRAND NEW-L/ASSEMBLE,2025.0,1,,TUSKER SUPER 1618
MOTOR LORRY (COMMERCIAL),LANKA ASHOK LEYLAND,PARTNER,INDIA,DIESEL,2953.0,VAVUNIYA,BRAND NEW,2025.0,3,,PARTNER
MOTOR LORRY (COMMERCIAL),ISUZU,TPG-NKS85AN ELF,JAPAN,DIESEL,2990.0,COLOMBO,RECONDITIONED,2016.0,1,TPG-NKS85AN,ELF
MOTOR LORRY (COMMERCIAL),ISUZU,TPG-NMR85N ELF,JAPAN,DIESEL,2990.0,GALLE,RECONDITIONED,2019.0,1,TPG-NMR85N,ELF
MOTOR LORRY (COMMERCIAL),LANKA ASHOK LEYLAND,E COMET  1212,SRI LANKA,DIESEL,3839.0,MATARA,BRAND NEW-L/ASSEMBLE,2025.0,1,,E COMET  1212
MOTOR LORRY (COMMERCIAL),ISUZU,TKG NPR85YN-ELF,JAPAN,DIESEL,2990.0,MATARA,RECONDITIONED,2016.0,1,,TKG NPR85YN-ELF
MOTOR LORRY (COMMERCIAL),MITSUBISHI,FEA51ER4SDSC,JAPAN,DIESEL,2998.0,COLOMBO,BRAND NEW,2025.0,1,,FEA51ER4SDSC
MOTOR LORRY (COMMERCIAL),FUSO,FJY4WLIRDSB,INDIA,DIESEL,6372.0,PUTTALAM,BRAND NEW,2025.0,2,,FJY4WLIRDSB
MOTOR LORRY (COMMERCIAL),ISUZU,FTR34UU-PDN,JAPAN,DIESEL,7790.0,MATALE,BRAND NEW,2025.0,1,,FTR34UU-PDN
MOTOR LORRY (COMMERCIAL),ISUZU,NMR85U-EH5AY,JAPAN,DIESEL,2999.0,COLOMBO,BRAND NEW,2025.0,2,,NMR85U-EH5AY
MOTOR LORRY (COMMERCIAL),ISUZU,NQR75U LN5VAYN,JAPAN,DIESEL,5193.0,GAMPAHA,BRAND NEW,2025.0,1,,NQR75U LN5VAYN
MOTOR LORRY (COMMERCIAL),MITSUBISHI,FEA5ER4SDSC,JAPAN,DIESEL,2998.0,KALUTARA,BRAND NEW,2025.0,1,,FEA5ER4SDSC
MOTOR LORRY (COMMERCIAL),MITSUBISHI,FEB71GR4WDSC,JAPAN,DIESEL,2998.0,GAMPAHA,BRAND NEW,2025.0,3,,FEB71GR4WDSC
MOTOR LORRY (COMMERCIAL),ISUZU,TRG-NPR85AN-KAI,JAPAN,DIESEL,2990.0,KALUTARA,RECONDITIONED,2017.0,1,TRG-NPR85AN-KAI,Unknown
MOTOR LORRY (COMMERCIAL),ISUZU,NMR85U-EH5MAD1,JAPAN,DIESEL,2999.0,KANDY,BRAND NEW,2025.0,1,,NMR85U-EH5MAD1
MOTOR LORRY (COMMERCIAL),EICHER,PRO1080F,INDIA,DIESEL,3298.0,JAFFNA,BRAND NEW,2025.0,1,,PRO1080F
MOTOR LORRY (COMMERCIAL),J M C,JX1044TCZR CARRYING,SRI LANKA,DIESEL,2771.0,COLOMBO,BRAND NEW-L/ASSEMBLE,2025.0,1,,JX1044TCZR CARRYING
MOTOR LORRY (COMMERCIAL),ISUZU,NMR85U-EH5AY,JAPAN,DIESEL,2999.0,ANURADHAPURA,BRAND NEW,2025.0,1,,NMR85U-EH5AY
MOTOR LORRY (COMMERCIAL),J M C,JX1044TC2R,SRI LANKA,DIESEL,2771.0,KALUTARA,BRAND NEW-L/ASSEMBLE,2025.0,1,,JX1044TC2R
MOTOR LORRY (COMMERCIAL),LANKA ASHOK LEYLAND,TUSKER SUPER  1618,SRI LANKA,DIESEL,5759.0,KANDY,BRAND NEW-L/ASSEMBLE,2025.0,1,,TUSKER SUPER  1618
MOTOR LORRY (COMMERCIAL),LANKA ASHOK LEYLAND,TUSKER SUPER 1618,SRI LANKA,DIESEL,5759.0,KURUNEGALA,BRAND NEW-L/ASSEMBLE,2025.0,6,,TUSKER SUPER 1618
MOTOR LORRY (COMMERCIAL),ISUZU,2RG-FRR90S2 FORWARD,JAPAN,DIESEL,5190.0,COLOMBO,RECONDITIONED,2021.0,1,2RG-FRR90S2,FORWARD
MOTOR LORRY (COMMERCIAL),MITSUBISHI,FECX1GR4SDSC,JAPAN,DIESEL,2998.0,COLOMBO,BRAND NEW,2025.0,1,,FECX1GR4SDSC
MOTOR LORRY (COMMERCIAL),ISUZU,NMR85U-HH5AY,JAPAN,DIESEL,2999.0,HAMBANTOTA,BRAND NEW,2025.0,1,,NMR85U-HH5AY
MOTOR LORRY (COMMERCIAL),ISUZU,2RG NPR88AN ELF,JAPAN,DIESEL,2990.0,COLOMBO,RECONDITIONED,2021.0,1,,2RG NPR88AN ELF
MOTOR LORRY (COMMERCIAL),LANKA ASHOK LEYLAND,TUSKER SUPER 1618,SRI LANKA,DIESEL,5759.0,RATNAPURA,BRAND NEW-L/ASSEMBLE,2025.0,1,,TUSKER SUPER 1618
MOTOR LORRY (COMMERCIAL),TATA,LPT2518,INDIA,DIESEL,5883.0,KANDY,BRAND NEW,2025.0,1,,LPT2518
MOTOR LORRY (COMMERCIAL),ISUZU,NMR85U-HH5WY,JAPAN,DIESEL,2999.0,COLOMBO,BRAND NEW,2025.0,2,,NMR85U-HH5WY
MOTOR LORRY (COMMERCIAL),ISUZU,NMR85U-EH5MAD1,JAPAN,DIESEL,2999.0,KEGALLE,BRAND NEW,2025.0,1,,NMR85U-EH5MAD1
MOTOR LORRY (COMMERCIAL),MITSUBISHI,FEB51ER4SDSC,JAPAN,DIESEL,2998.0,KALUTARA,BRAND NEW,2025.0,1,,FEB51ER4SDSC
MOTOR LORRY (COMMERCIAL),EICHER,1080E CBE TRUK,INDIA,DIESEL,3298.0,COLOMBO,BRAND NEW,2025.0,1,,1080E CBE TRUK
MOTOR LORRY (COMMERCIAL),LANKA ASHOK LEYLAND,TUSKER SUPER 1618,SRI LANKA,DIESEL,5759.0,HAMBANTOTA,BRAND NEW-L/ASSEMBLE,2025.0,2,,TUSKER SUPER 1618
MOTOR LORRY (COMMERCIAL),MITSUBISHI,TPG-FEB50 CANTER,JAPAN,DIESEL,2990.0,COLOMBO,RECONDITIONED,2017.0,1,TPG-FEB50,CANTER
MOTOR LORRY (COMMERCIAL),MITSUBISHI,FEA61BR4SDSC,JAPAN,DIESEL,2998.0,GAMPAHA,BRAND NEW,2025.0,1,,FEA61BR4SDSC
MOTOR LORRY (COMMERCIAL),LANKA ASHOK LEYLAND,E-COMET 1212,SRI LANKA,DIESEL,3839.0,COLOMBO,BRAND NEW-L/ASSEMBLE,2025.0,1,,E-COMET 1212
MOTOR LORRY (COMMERCIAL),TATA,LPT 2518,INDIA,DIESEL,5883.0,KEGALLE,BRAND NEW,2025.0,1,,LPT 2518
MOTOR LORRY (COMMERCIAL),MITSUBISHI,FECXIER4SDSC,JAPAN,DIESEL,2998.0,GAMPAHA,BRAND NEW,2025.0,1,,FECXIER4SDSC
MOTOR LORRY (COMMERCIAL),ISUZU,2PG-FRR90T2,JAPAN,DIESEL,5190.0,GAMPAHA,RECONDITIONED,2019.0,1,2PG-FRR90T2,Unknown
MOTOR LORRY (COMMERCIAL),LANKA ASHOK LEYLAND,E COMENT 1212,SRI LANKA,DIESEL,3839.0,COLOMBO,BRAND NEW-L/ASSEMBLE,2024.0,1,,E COMENT 1212
MOTOR LORRY (COMMERCIAL),ISUZU,NMR 85U-EH5AY,JAPAN,DIESEL,2999.0,PUTTALAM,BRAND NEW,2025.0,1,,NMR 85U-EH5AY
MOTOR LORRY (COMMERCIAL),EICHER,PRO 1080 F,INDIA,DIESEL,3298.0,JAFFNA,BRAND NEW,2025.0,1,,PRO 1080 F
MOTOR LORRY (COMMERCIAL),ISUZU,NMR85U-EH5AY,JAPAN,DIESEL,2999.0,KURUNEGALA,BRAND NEW,2025.0,2,,NMR85U-EH5AY
MOTOR LORRY (COMMERCIAL),TATA,LPT-2518,INDIA,DIESEL,5883.0,ANURADHAPURA,BRAND NEW,2025.0,1,LPT-2518,Unknown
MOTOR LORRY (COMMERCIAL),J M C,JX1044TC2R,SRI LANKA,DIESEL,2771.0,RATNAPURA,BRAND NEW-L/ASSEMBLE,2025.0,1,,JX1044TC2R
MOTOR LORRY (COMMERCIAL),EICHER,PRO 1080,INDIA,DIESEL,3298.0,KURUNEGALA,BRAND NEW,2025.0,1,,PRO 1080
MOTOR LORRY (COMMERCIAL),ISUZU,TRG-NPR85AN,JAPAN,DIESEL,2990.0,GAMPAHA,RECONDITIONED,2018.0,1,TRG-NPR85AN,Unknown
MOTOR LORRY (COMMERCIAL),LANKA ASHOK LEYLAND,TAURUS 2518,SRI LANKA,DIESEL,5759.0,HAMBANTOTA,BRAND NEW-L/ASSEMBLE,2025.0,1,,TAURUS 2518
MOTOR LORRY (COMMERCIAL),ISUZU,NLR77U-EE1AYN,JAPAN,DIESEL,2999.0,GALLE,BRAND NEW,2025.0,1,,NLR77U-EE1AYN
MOTOR LORRY (COMMERCIAL),ISUZU,TRG-NPR85AN ELF,JAPAN,DIESEL,2990.0,MATARA,RECONDITIONED,2017.0,1,TRG-NPR85AN,ELF
MOTOR LORRY (COMMERCIAL),ISUZU,NPR-75U-HL5VAYN,JAPAN,DIESEL,5193.0,GAMPAHA,BRAND NEW,2025.0,1,NPR-75U-HL5VAYN,Unknown
MOTOR LORRY (COMMERCIAL),ISUZU,NMR85U-EHSAY,JAPAN,DIESEL,2999.0,MATARA,BRAND NEW,2025.0,1,,NMR85U-EHSAY
MOTOR LORRY (COMMERCIAL),NISSAN,SDG-SZ5F24 ATLAS,JAPAN,DIESEL,2950.0,ANURADHAPURA,RECONDITIONED,2014.0,1,SDG-SZ5F24,ATLAS
MOTOR LORRY (COMMERCIAL),LANKA ASHOK LEYLAND,TUSKER SUPER 1618,SRI LANKA,DIESEL,5759.0,PUTTALAM,BRAND NEW-L/ASSEMBLE,2022.0,4,,TUSKER SUPER 1618
MOTOR LORRY (COMMERCIAL),ISUZU,NLR77U EE1AYN,JAPAN,DIESEL,2999.0,COLOMBO,BRAND NEW,2025.0,1,,NLR77U EE1AYN
MOTOR LORRY (COMMERCIAL),ISUZU,NLR77U-EE1AYN,JAPAN,DIESEL,2999.0,COLOMBO,BRAND NEW,2025.0,1,,NLR77U-EE1AYN
MOTOR LORRY (COMMERCIAL),ISUZU,TRG-NPR85AN ELF,JAPAN,DIESEL,2990.0,GALLE,RECONDITIONED,2017.0,1,TRG-NPR85AN,ELF
MOTOR LORRY (COMMERCIAL),LANKA ASHOK LEYLAND,E COMET 1212,SRI LANKA,DIESEL,3839.0,MATARA,BRAND NEW-L/ASSEMBLE,2025.0,1,,E COMET 1212
MOTOR LORRY (COMMERCIAL),ISUZU,TPG-NPR85YN ELF,JAPAN,DIESEL,2990.0,KURUNEGALA,RECONDITIONED,2017.0,1,TPG-NPR85YN,ELF
MOTOR LORRY (COMMERCIAL),LANKA ASHOK LEYLAND,E COMET 1212,SRI LANKA,DIESEL,3839.0,HAMBANTOTA,BRAND NEW-L/ASSEMBLE,2025.0,2,,E COMET 1212
MOTOR LORRY (COMMERCIAL),MITSUBISHI,FEA51ER4SDSC,JAPAN,DIESEL,2998.0,RATNAPURA,BRAND NEW,2025.0,1,,FEA51ER4SDSC
MOTOR LORRY (COMMERCIAL),ISUZU,TRG-NPR85AN ELF,JAPAN,DIESEL,2990.0,KURUNEGALA,RECONDITIONED,2017.0,1,TRG-NPR85AN,ELF
MOTOR LORRY (COMMERCIAL),J M C,JX1044TC2R,SRI LANKA,DIESEL,2771.0,BADULLA,BRAND NEW-L/ASSEMBLE,2025.0,1,,JX1044TC2R
MOTOR LORRY (COMMERCIAL),ISUZU,TKG-FRR90S2,JAPAN,DIESEL,5190.0,GALLE,RECONDITIONED,2017.0,1,TKG-FRR90S2,Unknown
MOTOR LORRY (COMMERCIAL),ISUZU,TPG-NPR85YN ELF,JAPAN,DIESEL,2990.0,KANDY,RECONDITIONED,2017.0,1,TPG-NPR85YN,ELF
MOTOR LORRY (COMMERCIAL),ISUZU,FTR34UU-PDN,JAPAN,DIESEL,7790.0,COLOMBO,BRAND NEW,2025.0,3,,FTR34UU-PDN
MOTOR LORRY (COMMERCIAL),LANKA ASHOK LEYLAND,E COMET 1212,SRI LANKA,DIESEL,3839.0,PUTTALAM,BRAND NEW-L/ASSEMBLE,2025.0,1,,E COMET 1212
MOTOR LORRY (COMMERCIAL),ISUZU,2RG-NMR88AN ELF,JAPAN,DIESEL,2990.0,COLOMBO,RECONDITIONED,2022.0,2,2RG-NMR88AN,ELF
MOTOR LORRY (COMMERCIAL),ISUZU,TSG-NPR85AN  FREEZER,JAPAN,DIESEL,2990.0,HAMBANTOTA,RECONDITIONED,2019.0,1,TSG-NPR85AN,FREEZER
MOTOR LORRY (COMMERCIAL),ISUZU,TPG-NPR85AN ELF,JAPAN,DIESEL,2990.0,COLOMBO,RECONDITIONED,2016.0,1,TPG-NPR85AN,ELF
MOTOR LORRY (COMMERCIAL),ISUZU,TKG-NPR85YN-ELF,JAPAN,DIESEL,2990.0,GALLE,RECONDITIONED,2017.0,1,TKG-NPR85YN-ELF,Unknown
MOTOR LORRY (COMMERCIAL),TATA,LPT-2518,INDIA,DIESEL,5883.0,COLOMBO,BRAND NEW,2025.0,2,LPT-2518,Unknown
MOTOR LORRY (COMMERCIAL),J M C,JMT5040XLCXC2,CHINA,DIESEL,2771.0,POLONNARUWA,BRAND NEW,2025.0,1,,JMT5040XLCXC2
MOTOR LORRY (COMMERCIAL),ISUZU,TPG-NMR85AN ELF,JAPAN,DIESEL,2990.0,MATARA,RECONDITIONED,2016.0,1,TPG-NMR85AN,ELF
MOTOR LORRY (COMMERCIAL),ISUZU,TPG-NPR85AN FREEZER,JAPAN,DIESEL,2990.0,COLOMBO,RECONDITIONED,2016.0,1,TPG-NPR85AN,FREEZER
MOTOR LORRY (COMMERCIAL),J M C,JX1064TG24R,CHINA,DIESEL,2771.0,COLOMBO,BRAND NEW,2025.0,5,,JX1064TG24R
MOTOR LORRY (COMMERCIAL),LANKA ASHOK LEYLAND,TUSKER SUPER 1618,SRI LANKA,DIESEL,5759.0,MULLATIVU,BRAND NEW-L/ASSEMBLE,2025.0,2,,TUSKER SUPER 1618
MOTOR LORRY (COMMERCIAL),LANKA ASHOK LEYLAND,E COMET 1212,SRI LANKA,DIESEL,3839.0,COLOMBO,BRAND NEW-L/ASSEMBLE,2024.0,1,,E COMET 1212
MOTOR LORRY (COMMERCIAL),ISUZU,NPR75U-HL5VAYN,JAPAN,DIESEL,5193.0,HAMBANTOTA,BRAND NEW,2025.0,1,,NPR75U-HL5VAYN
MOTOR LORRY (COMMERCIAL),ISUZU,NQR75U-HL5VAYN,JAPAN,DIESEL,5193.0,COLOMBO,BRAND NEW,2025.0,1,,NQR75U-HL5VAYN
MOTOR LORRY (COMMERCIAL),ISUZU,NPR75U-HL5VAYN,JAPAN,DIESEL,5193.0,COLOMBO,BRAND NEW,2025.0,6,,NPR75U-HL5VAYN
MOTOR LORRY (COMMERCIAL),ISUZU,TRG-NPR85AN,JAPAN,DIESEL,2996.0,KALUTARA,RECONDITIONED,2018.0,1,TRG-NPR85AN,Unknown
MOTOR LORRY (COMMERCIAL),ISUZU,TPG-NMR85AN ELF,JAPAN,DIESEL,2990.0,COLOMBO,RECONDITIONED,2016.0,1,TPG-NMR85AN,ELF
MOTOR LORRY (COMMERCIAL),LANKA ASHOK LEYLAND,TAURUS  2518,SRI LANKA,DIESEL,5759.0,MONERAGALA,BRAND NEW-L/ASSEMBLE,2025.0,1,,TAURUS  2518
MOTOR LORRY (COMMERCIAL),ISUZU,NPR75U-HL5 VAYN,JAPAN,DIESEL,5193.0,GAMPAHA,BRAND NEW,2025.0,1,,NPR75U-HL5 VAYN
MOTOR LORRY (COMMERCIAL),ISUZU,NQR75U-LN5VAYN,JAPAN,DIESEL,5193.0,GAMPAHA,BRAND NEW,2025.0,1,,NQR75U-LN5VAYN
MOTOR LORRY (COMMERCIAL),ISUZU,NMR8SU-EHSAY,JAPAN,DIESEL,2999.0,MATARA,BRAND NEW,2025.0,1,,NMR8SU-EHSAY
MOTOR LORRY (COMMERCIAL),ISUZU,FTR34UU-PDN  TANKER,JAPAN,DIESEL,7790.0,PUTTALAM,BRAND NEW,2025.0,1,,FTR34UU-PDN  TANKER
MOTOR LORRY (COMMERCIAL),JAC,HFC1120P7,CHINA,DIESEL,4460.0,COLOMBO,BRAND NEW,2025.0,1,,HFC1120P7
MOTOR LORRY (COMMERCIAL),ISUZU,TPGNPR85AN ELF,JAPAN,DIESEL,2990.0,KEGALLE,RECONDITIONED,2016.0,1,,TPGNPR85AN ELF
MOTOR LORRY (COMMERCIAL),JAC,HFC1091P7,CHINA,DIESEL,3760.0,COLOMBO,BRAND NEW,2025.0,1,,HFC1091P7
MOTOR LORRY (COMMERCIAL),ISUZU,TRG-NPR85AN ELF,JAPAN,DIESEL,2990.0,KURUNEGALA,RECONDITIONED,2018.0,1,TRG-NPR85AN,ELF
MOTOR LORRY (COMMERCIAL),ISUZU,TRG-NPR85AN,JAPAN,DIESEL,2990.0,GALLE,RECONDITIONED,2019.0,1,TRG-NPR85AN,Unknown
MOTOR LORRY (COMMERCIAL),ISUZU,TPG NMR85AN ELF,JAPAN,DIESEL,2990.0,GAMPAHA,RECONDITIONED,2015.0,1,,TPG NMR85AN ELF
MOTOR LORRY (COMMERCIAL),ISUZU,TPG-NPR85AN,JAPAN,DIESEL,2990.0,KURUNEGALA,RECONDITIONED,2017.0,1,TPG-NPR85AN,Unknown
MOTOR LORRY (COMMERCIAL),ISUZU,TSG-NPR85AN ELF,JAPAN,DIESEL,2990.0,COLOMBO,RECONDITIONED,2019.0,1,TSG-NPR85AN,ELF
MOTOR LORRY (COMMERCIAL),ISUZU,SKG-NPR85YN,JAPAN,DIESEL,2990.0,NUWARA-ELIYA,RECONDITIONED,2012.0,1,SKG-NPR85YN,Unknown
MOTOR LORRY (COMMERCIAL),FOTON,BJ1044VAJA5-1R,CHINA,DIESEL,1990.0,JAFFNA,BRAND NEW,2025.0,2,,BJ1044VAJA5-1R
MOTOR LORRY (COMMERCIAL),LANKA ASHOK LEYLAND,TUSKER SUPER 1618,SRI LANKA,DIESEL,5759.0,BATTICALOA,BRAND NEW-L/ASSEMBLE,2025.0,2,,TUSKER SUPER 1618
MOTOR LORRY (COMMERCIAL),LANKA ASHOK LEYLAND,TAURUS 2518,SRI LANKA,DIESEL,5759.0,RATNAPURA,BRAND NEW-L/ASSEMBLE,2025.0,1,,TAURUS 2518
MOTOR LORRY (COMMERCIAL),LANKA ASHOK LEYLAND,TUSKER SUPER 1618,SRI LANKA,DIESEL,5759.0,COLOMBO,BRAND NEW-L/ASSEMBLE,2025.0,7,,TUSKER SUPER 1618
MOTOR LORRY (COMMERCIAL),J M C,JX1044TC2R,CHINA,DIESEL,2771.0,COLOMBO,BRAND NEW-L/ASSEMBLE,25.0,1,,JX1044TC2R
MOTOR LORRY (COMMERCIAL),ISUZU,NQR750-KN5YAYN,JAPAN,DIESEL,5193.0,POLONNARUWA,BRAND NEW,2025.0,1,,NQR750-KN5YAYN
MOTOR LORRY (COMMERCIAL),ISUZU,FSR34SU-LCN,JAPAN,DIESEL,7790.0,GAMPAHA,BRAND NEW,2025.0,1,,FSR34SU-LCN
MOTOR LORRY (COMMERCIAL),ISUZU,TSG-NPR85AN ELF,JAPAN,DIESEL,2990.0,TRINCOMALEE,RECONDITIONED,2018.0,1,TSG-NPR85AN,ELF
MOTOR LORRY (COMMERCIAL),FUSO,FJ4WLIRDSB,INDIA,DIESEL,6372.0,PUTTALAM,BRAND NEW,2025.0,1,,FJ4WLIRDSB
MOTOR LORRY (COMMERCIAL),ISUZU,TPG-NPR85AN ELF,JAPAN,DIESEL,2990.0,GAMPAHA,RECONDITIONED,2016.0,1,TPG-NPR85AN,ELF
MOTOR LORRY (COMMERCIAL),ISUZU,TPG-NPR85 ELF,JAPAN,DIESEL,2990.0,GALLE,RECONDITIONED,2018.0,1,TPG-NPR85,ELF
MOTOR LORRY (COMMERCIAL),MITSUBISHI,FECX1GR45DSC,JAPAN,DIESEL,2998.0,KALUTARA,BRAND NEW,2025.0,1,,FECX1GR45DSC
MOTOR LORRY (COMMERCIAL),TATA,LPK 1618,INDIA,DIESEL,5883.0,POLONNARUWA,BRAND NEW,2025.0,1,,LPK 1618
MOTOR LORRY (COMMERCIAL),ISUZU,NPR75U HL5VAYN,JAPAN,DIESEL,5193.0,COLOMBO,BRAND NEW,2025.0,1,,NPR75U HL5VAYN
MOTOR LORRY (COMMERCIAL),EICHER,1080 E CBC TRUCK,INDIA,DIESEL,3770.0,COLOMBO,BRAND NEW,2025.0,1,,1080 E CBC TRUCK
MOTOR LORRY (COMMERCIAL),TATA,LPT 2518,INDIA,DIESEL,5883.0,COLOMBO,BRAND NEW,2025.0,5,,LPT 2518
MOTOR LORRY (COMMERCIAL),TATA,LPT 2518,INDIA,DIESEL,5883.0,ANURADHAPURA,BRAND NEW,2025.0,1,,LPT 2518
MOTOR LORRY (COMMERCIAL),LANKA ASHOK LEYLAND,TAURUS 2518,SRI LANKA,DIESEL,5759.0,AMPARA,BRAND NEW-L/ASSEMBLE,2025.0,1,,TAURUS 2518
MOTOR LORRY (COMMERCIAL),LANKA ASHOK LEYLAND,PARTNER,INDIA,DIESEL,2953.0,BADULLA,BRAND NEW,2025.0,1,,PARTNER
MOTOR LORRY (COMMERCIAL),ISUZU,NQR75U-KN5VAYN,JAPAN,DIESEL,5193.0,COLOMBO,BRAND NEW,2025.0,4,,NQR75U-KN5VAYN
MOTOR LORRY (COMMERCIAL),ISUZU,NMR85U-EH5AY,JAPAN,DIESEL,2999.0,KALUTARA,BRAND NEW,2025.0,1,,NMR85U-EH5AY
MOTOR LORRY (COMMERCIAL),ISUZU,FRR90SU-JAN,JAPAN,DIESEL,5193.0,KANDY,BRAND NEW,2025.0,1,,FRR90SU-JAN
MOTOR LORRY (COMMERCIAL),MITSUBISHI,2PG-FEAV0 CANTER,JAPAN,DIESEL,2990.0,GALLE,RECONDITIONED,2020.0,1,2PG-FEAV0,CANTER
MOTOR LORRY (COMMERCIAL),ISUZU,NRP75U-HL5VAYN,JAPAN,DIESEL,5193.0,KANDY,BRAND NEW,2025.0,1,,NRP75U-HL5VAYN
MOTOR LORRY (COMMERCIAL),ISUZU,NPR75U-HL5VAYN,JAPAN,DIESEL,5193.0,GAMPAHA,BRAND NEW,2025.0,3,,NPR75U-HL5VAYN
MOTOR LORRY (COMMERCIAL),ISUZU,NPR75U-HL5VAYN,JAPAN,DIESEL,5193.0,KEGALLE,BRAND NEW,2025.0,1,,NPR75U-HL5VAYN
MOTOR LORRY (COMMERCIAL),ISUZU,FTR34UU-PDN,JAPAN,DIESEL,7790.0,NUWARA-ELIYA,BRAND NEW,2025.0,1,,FTR34UU-PDN
MOTOR LORRY (COMMERCIAL),ISUZU,FTR34UU-PDN,JAPAN,DIESEL,7790.0,KURUNEGALA,BRAND NEW,2025.0,2,,FTR34UU-PDN
MOTOR LORRY (COMMERCIAL),ISUZU,TRG-NPR85AN,JAPAN,DIESEL,2990.0,COLOMBO,RECONDITIONED,2018.0,1,TRG-NPR85AN,Unknown
MOTOR LORRY (COMMERCIAL),ISUZU,NMR85U-HH5AY,JAPAN,DIESEL,2999.0,GAMPAHA,BRAND NEW,2025.0,4,,NMR85U-HH5AY
MOTOR LORRY (COMMERCIAL),LANKA ASHOK LEYLAND,E COMET 1212,SRI LANKA,DIESEL,3839.0,GAMPAHA,BRAND NEW-L/ASSEMBLE,2025.0,5,,E COMET 1212
MOTOR LORRY (COMMERCIAL),LANKA ASHOK LEYLAND,TUSKER SUPER 1618,SRI LANKA,DIESEL,5759.0,PUTTALAM,BRAND NEW-L/ASSEMBLE,2025.0,2,,TUSKER SUPER 1618
MOTOR LORRY (COMMERCIAL),ISUZU,NMR85U -HH5AY,JAPAN,DIESEL,2999.0,HAMBANTOTA,BRAND NEW,2025.0,1,,NMR85U -HH5AY
MOTOR LORRY (COMMERCIAL),ASHOK LEYLAND,PARTNER,INDIA,DIESEL,2953.0,COLOMBO,BRAND NEW,2025.0,1,,PARTNER
MOTOR LORRY (COMMERCIAL),LANKA ASHOK LEYLAND,PARTNER,INDIA,DIESEL,2953.0,AMPARA,BRAND NEW,2025.0,1,,PARTNER
MOTOR LORRY (COMMERCIAL),ISUZU,NMR85U-HH5AY,JAPAN,DIESEL,2999.0,MATARA,BRAND NEW,2025.0,2,,NMR85U-HH5AY
MOTOR LORRY (COMMERCIAL),TATA,LPT-2518,INDIA,DIESEL,5883.0,GAMPAHA,BRAND NEW,2025.0,1,LPT-2518,Unknown
MOTOR LORRY (COMMERCIAL),ISUZU,TSG-NPR85 ELF,JAPAN,DIESEL,2990.0,TRINCOMALEE,RECONDITIONED,2018.0,1,TSG-NPR85,ELF
MOTOR LORRY (COMMERCIAL),MITSUBISHI,TKG FEA50 CANTER,JAPAN,DIESEL,2990.0,GAMPAHA,RECONDITIONED,2014.0,1,,TKG FEA50 CANTER
MOTOR LORRY (COMMERCIAL),ISUZU,TPG NKR85AD,JAPAN,DIESEL,2990.0,KANDY,RECONDITIONED,2015.0,1,,TPG NKR85AD
MOTOR LORRY (COMMERCIAL),EICHER,PRO 1112XP,INDIA,DIESEL,3770.0,MATARA,BRAND NEW,2025.0,1,,PRO 1112XP
MOTOR LORRY (COMMERCIAL),EICHER,PRO 1112XP,INDIA,DIESEL,3770.0,GAMPAHA,BRAND NEW,2025.0,1,,PRO 1112XP
MOTOR LORRY (COMMERCIAL),EICHER,PRO-1080F,INDIA,DIESEL,3298.0,BADULLA,BRAND NEW,2025.0,1,PRO-1080F,Unknown
MOTOR LORRY (COMMERCIAL),ISUZU,NLR77U-EE1AYN,JAPAN,DIESEL,2999.0,KANDY,BRAND NEW,2025.0,2,,NLR77U-EE1AYN
MOTOR LORRY (COMMERCIAL),ISUZU,NQR75U-LNSUAYN,JAPAN,DIESEL,5193.0,KANDY,BRAND NEW,2025.0,1,,NQR75U-LNSUAYN
MOTOR LORRY (COMMERCIAL),YUEJIN,NJ1043DAG,CHINA,DIESEL,3660.0,GALLE,RECONDITIONED,2015.0,1,,NJ1043DAG
MOTOR LORRY (COMMERCIAL),ISUZU,NQR75U-KN5VAYN,JAPAN,DIESEL,5193.0,HAMBANTOTA,BRAND NEW,2025.0,1,,NQR75U-KN5VAYN
MOTOR LORRY (COMMERCIAL),ISUZU,2RG-FRR90S2,JAPAN,DIESEL,5190.0,PUTTALAM,RECONDITIONED,2019.0,1,2RG-FRR90S2,FORWARD
MOTOR LORRY (COMMERCIAL),JAC,HFC1120P7,CHINA,DIESEL,4460.0,KEGALLE,BRAND NEW,2025.0,1,,HFC1120P7
MOTOR LORRY (COMMERCIAL),ISUZU,TRG-NMR85AN ELF,JAPAN,DIESEL,2990.0,COLOMBO,RECONDITIONED,2016.0,1,TRG-NMR85AN,ELF
MOTOR LORRY (COMMERCIAL),ISUZU,TPG-NMR85N ELF,JAPAN,DIESEL,2990.0,COLOMBO,RECONDITIONED,2017.0,1,TPG-NMR85N,ELF
MOTOR LORRY (COMMERCIAL),EICHER,1080 E CBC TRUCK,INDIA,DIESEL,3298.0,COLOMBO,BRAND NEW,2025.0,5,,1080 E CBC TRUCK
MOTOR LORRY (COMMERCIAL),MITSUBISHI,FECX1GR4SDDSC,JAPAN,DIESEL,2998.0,KALUTARA,BRAND NEW,2025.0,1,,FECX1GR4SDDSC
MOTOR LORRY (COMMERCIAL),MITSUBISHI,TSG-FEB73 CANTER,JAPAN,DIESEL/ELE,2990.0,KANDY,RECONDITIONED,2015.0,1,TSG-FEB73,CANTER
MOTOR LORRY (COMMERCIAL),ISUZU,TRG-NPR85AN ELF,JAPAN,DIESEL,2990.0,COLOMBO,RECONDITIONED,2019.0,1,TRG-NPR85AN,ELF
MOTOR LORRY (COMMERCIAL),EICHER,PRO 1080 E,INDIA,DIESEL,3298.0,COLOMBO,BRAND NEW,2025.0,1,,PRO 1080 E
MOTOR LORRY (COMMERCIAL),HINO,BDG-XZU414M,JAPAN,DIESEL,4000.0,GAMPAHA,RECONDITIONED,2007.0,1,BDG-XZU414M,Unknown
MOTOR LORRY (COMMERCIAL),ISUZU,NQR75U-LN5VAYN,JAPAN,DIESEL,5193.0,KANDY,BRAND NEW,2025.0,2,,NQR75U-LN5VAYN
MOTOR LORRY (COMMERCIAL),ISUZU,TRG-NPR85AN ELF,JAPAN,DIESEL,2990.0,BADULLA,RECONDITIONED,2019.0,1,TRG-NPR85AN,ELF
MOTOR LORRY (COMMERCIAL),J M C,JX1064TG24R,CHINA,DIESEL,2771.0,KANDY,BRAND NEW,2025.0,1,,JX1064TG24R
MOTOR LORRY (COMMERCIAL),LANKA ASHOK LEYLAND,E COMET 1212,SRI LANKA,DIESEL,3839.0,BATTICALOA,BRAND NEW-L/ASSEMBLE,2025.0,1,,E COMET 1212
MOTOR LORRY (COMMERCIAL),MITSUBISHI,FECX1ER4SDSC CANTER,JAPAN,DIESEL,2998.0,COLOMBO,BRAND NEW,2025.0,1,,FECX1ER4SDSC CANTER
MOTOR LORRY (COMMERCIAL),ISUZU,NQR75U-LN5VAYN,JAPAN,DIESEL,5193.0,KEGALLE,BRAND NEW,2025.0,1,,NQR75U-LN5VAYN
MOTOR LORRY (COMMERCIAL),ISUZU,TPG-NMR85AN ELF,JAPAN,DIESEL,2990.0,GAMPAHA,RECONDITIONED,2016.0,1,TPG-NMR85AN,ELF
MOTOR LORRY (COMMERCIAL),ISUZU,NPR75U-HL5VAYN,JAPAN,DIESEL,5193.0,KANDY,BRAND NEW,2025.0,1,,NPR75U-HL5VAYN
MOTOR LORRY (COMMERCIAL),EICHER,PRO1080E,INDIA,DIESEL,3298.0,COLOMBO,BRAND NEW,2025.0,1,,PRO1080E
MOTOR LORRY (COMMERCIAL),ISUZU,TPG-NPR85AN ELF,JAPAN,DIESEL,0.0,KEGALLE,RECONDITIONED,2016.0,1,TPG-NPR85AN,ELF
MOTOR LORRY (COMMERCIAL),ISUZU,2RG-NPR88AN ELF,JAPAN,DIESEL,2990.0,KURUNEGALA,RECONDITIONED,2019.0,1,2RG-NPR88AN,ELF
MOTOR LORRY (COMMERCIAL),ISUZU,2PG-FRR90S2 FORWARD,JAPAN,DIESEL,5190.0,RATNAPURA,RECONDITIONED,2017.0,1,2PG-FRR90S2,FORWARD
MOTOR LORRY (COMMERCIAL),ISUZU,SKG-NPR85YN ELF,JAPAN,DIESEL,2990.0,KEGALLE,RECONDITIONED,2011.0,1,SKG-NPR85YN,ELF
MOTOR LORRY (COMMERCIAL),ISUZU,TSG-NPR85AN ELF,JAPAN,DIESEL,2990.0,GAMPAHA,RECONDITIONED,2018.0,1,TSG-NPR85AN,ELF
MOTOR LORRY (COMMERCIAL),MITSUBISHI,FEC81CR45DSC,JAPAN,DIESEL,2998.0,KANDY,BRAND NEW,2025.0,1,,FEC81CR45DSC
MOTOR TRICYCLE VAN,MAHINDRA,ALFA LOAD CARRIER,INDIA,DIESEL,436.0,KALUTARA,BRAND NEW,2025.0,1,,ALFA LOAD CARRIER
MOTOR TRICYCLE VAN,MAHINDRA,ALFA LOAD CARRIER,INDIA,DIESEL,436.0,MATARA,BRAND NEW,2025.0,2,,ALFA LOAD CARRIER
MOTOR TRICYCLE VAN,PIAGGIO,APE-XTRA-DX,INDIA,DIESEL,435.0,KURUNEGALA,BRAND NEW,2025.0,2,APE-XTRA-DX,Unknown
MOTOR TRICYCLE VAN,PIAGGIO,APE-XTRA-DX,INDIA,DIESEL,435.0,MATARA,BRAND NEW,2025.0,9,APE-XTRA-DX,Unknown
MOTOR TRICYCLE VAN,PIAGGIO,APE-XTRA-DX,INDIA,DIESEL,435.0,RATNAPURA,BRAND NEW,2025.0,6,APE-XTRA-DX,Unknown
MOTOR TRICYCLE VAN,PIAGGIO,APE-XTRA-DX,INDIA,DIESEL,435.0,COLOMBO,BRAND NEW,2025.0,3,APE-XTRA-DX,Unknown
MOTOR TRICYCLE VAN,MAHINDRA,ALFA LOAD CARRIER,INDIA,DIESEL,436.0,JAFFNA,BRAND NEW,2025.0,1,,ALFA LOAD CARRIER
MOTOR TRICYCLE VAN,PIAGGIO,APE-XTRA-DX,INDIA,DIESEL,435.0,KANDY,BRAND NEW,2025.0,1,APE-XTRA-DX,Unknown
MOTOR TRICYCLE VAN,PIAGGIO,APE-XTRA-DX,INDIA,DIESEL,435.0,GAMPAHA,BRAND NEW,2025.0,1,APE-XTRA-DX,Unknown
MOTOR TRICYCLE VAN,PIAGGIO,APE-XTRA-DX,INDIA,DIESEL,435.0,BADULLA,BRAND NEW,2025.0,3,APE-XTRA-DX,Unknown
MOTOR TRICYCLE VAN,MAHINDRA,ALFA LOAD CARRIER,INDIA,DIESEL,436.0,COLOMBO,BRAND NEW,2025.0,1,,ALFA LOAD CARRIER
MOTOR TRICYCLE VAN,PIAGGIO,APE-XTRA-DX,INDIA,DIESEL,435.0,MONERAGALA,BRAND NEW,2025.0,1,APE-XTRA-DX,Unknown
MOTOR TRICYCLE VAN,PIAGGIO,APE-XTRA-DX,INDIA,DIESEL,435.0,KALUTARA,BRAND NEW,2025.0,1,APE-XTRA-DX,Unknown
MOTOR TRICYCLE VAN,MAHINDRA,TREO ZOR DV,INDIA,ELECTRIC,3.5,MATARA,BRAND NEW,2025.0,1,,TREO ZOR DV
MOTOR TRICYCLE VAN,ATUL,GEM,INDIA,DIESEL,435.6,COLOMBO,BRAND NEW,2025.0,1,,GEM
MOTOR TRICYCLE VAN,ATUL,GEM,INDIA,DIESEL,435.6,NUWARA-ELIYA,BRAND NEW,2025.0,1,,GEM
MOTOR TRICYCLE VAN,MAHINDRA,ALFA LOAD CARRIER,INDIA,DIESEL,436.0,GAMPAHA,BRAND NEW,2025.0,1,,ALFA LOAD CARRIER
MOTOR TRICYCLE VAN,PIAGGIO,APE-XTRA-DX,INDIA,DIESEL,435.0,HAMBANTOTA,BRAND NEW,2025.0,2,APE-XTRA-DX,Unknown
MOTOR TRICYCLE VAN,PIAGGIO,APE-XTRA-DX,INDIA,DIESEL,435.0,GALLE,BRAND NEW,2025.0,4,APE-XTRA-DX,Unknown
MOTOR TRICYCLE VAN,DAYUN,DY200ZH-2,CHINA,PETROL,200.0,PUTTALAM,BRAND NEW,2025.0,1,,DY200ZH-2
MOTOR TRICYCLE VAN,MAHINDRA,TREO ZOR DV,INDIA,ELECTRIC,3.5,KURUNEGALA,BRAND NEW,2025.0,1,,TREO ZOR DV
MOTOR TRICYCLE VAN,PIAGGIO,APE-XTRA-DX,INDIA,DIESEL,435.0,POLONNARUWA,BRAND NEW,2025.0,1,APE-XTRA-DX,Unknown
MOTOR TRICYCLE VAN,PIAGGIO,APE-XTRA-DX,INDIA,DIESEL,435.0,MANNAR,BRAND NEW,2025.0,1,APE-XTRA-DX,Unknown
MOTOR TRICYCLE VAN,PIAGGIO,APE-XTRA-DX,INDIA,DIESEL,435.0,MATALE,BRAND NEW,2025.0,4,APE-XTRA-DX,Unknown
PRIMER MOVER,LANKA ASHOK LEYLAND,U4019,INDIA,DIESEL,5759.0,COLOMBO,BRAND NEW,2025.0,8,,U4019
PRIMER MOVER,DAF,H4GN3-XF 480,NETHERLANDS,DIESEL,12902.0,COLOMBO,RECONDITIONED,2021.0,2,H4GN3-XF,480
PRIMER MOVER,TATA,SIGNA 4018,INDIA,DIESEL,5883.0,COLOMBO,BRAND NEW,2025.0,28,,SIGNA 4018
PRIMER MOVER,FUSO,FZY1WFR2R,INDIA,DIESEL,6372.0,KEGALLE,BRAND NEW,2025.0,1,,FZY1WFR2R
PRIMER MOVER,TATA,SIGNA 5530,INDIA,DIESEL,6702.0,COLOMBO,BRAND NEW,2025.0,2,,SIGNA 5530
PRIMER MOVER,TATA,PRIMA 5530,INDIA,DIESEL,6692.4,MATARA,BRAND NEW,2025.0,1,,PRIMA 5530
PRIMER MOVER,MAN,TGX 26.470,UNITED KINGDOM,DIESEL,12419.0,COLOMBO,RECONDITIONED,2020.0,5,,TGX 26.470
PRIMER MOVER,MAN,TGX 26.470,UNITED KINGDOM,DIESEL,12419.0,GAMPAHA,RECONDITIONED,2021.0,2,,TGX 26.470
PRIMER MOVER,LANKA ASHOK LEYLAND,U4019,INDIA,DIESEL,5759.0,AMPARA,BRAND NEW,2025.0,1,,U4019
PRIMER MOVER,DAF,XF480,UNITED KINGDOM,DIESEL,12902.0,KURUNEGALA,RECONDITIONED,2020.0,1,,XF480
PRIMER MOVER,TATA,SIGNA 4018,INDIA,DIESEL,5883.0,KALUTARA,BRAND NEW,2025.0,2,,SIGNA 4018
PRIMER MOVER,TATA,SIGNA 4018,INDIA,DIESEL,5883.0,PUTTALAM,BRAND NEW,2025.0,2,,SIGNA 4018
PRIMER MOVER,MAN,TGX 26.470,UNITED KINGDOM,DIESEL,12419.0,KEGALLE,RECONDITIONED,2020.0,1,,TGX 26.470
PRIMER MOVER,LANKA ASHOK LEYLAND,U4019,INDIA,DIESEL,5759.0,MATARA,BRAND NEW,2025.0,1,,U4019
PRIMER MOVER,TATA,SIGNA 4018,INDIA,DIESEL,5883.0,GAMPAHA,BRAND NEW,2025.0,7,,SIGNA 4018
PRIMER MOVER,MAN,TGX 26.470,UNITED KINGDOM,DIESEL,1241.0,GAMPAHA,RECONDITIONED,2020.0,2,,TGX 26.470
PRIMER MOVER,MAN,TGX  26.470,UNITED KINGDOM,DIESEL,12419.0,PUTTALAM,RECONDITIONED,2020.0,1,,TGX  26.470
PRIMER MOVER,LANKA ASHOK LEYLAND,U4019,INDIA,DIESEL,5759.0,JAFFNA,BRAND NEW,2025.0,2,,U4019
PRIMER MOVER,TATA,SIGNA 4018,INDIA,DIESEL,5883.0,KEGALLE,BRAND NEW,2025.0,1,,SIGNA 4018
PRIMER MOVER,MAN,TGX 26.470,UNITED KINGDOM,DIESEL,12419.0,GAMPAHA,RECONDITIONED,2020.0,2,,TGX 26.470
PRIMER MOVER,DAF,XF480,UNITED KINGDOM,DIESEL,12902.0,VAVUNIYA,RECONDITIONED,2021.0,1,,XF480
PRIMER MOVER,DAF,H4GN3-XF480,UNITED KINGDOM,DIESEL,12902.0,COLOMBO,RECONDITIONED,2021.0,4,H4GN3-XF480,Unknown
PRIMER MOVER,MAN,TGX 26 470,UNITED KINGDOM,DIESEL,12419.0,TRINCOMALEE,RECONDITIONED,2020.0,1,,TGX 26 470
PRIMER MOVER,MAN,TGX26.470,UNITED KINGDOM,DIESEL,12419.0,COLOMBO,RECONDITIONED,2020.0,1,,TGX26.470
PRIMER MOVER,LANKA ASHOK LEYLAND,U4019,INDIA,DIESEL,5759.0,KEGALLE,BRAND NEW,2025.0,2,,U4019
SINGLE CAB,LANKA ASHOK LEYLAND,BADA DOST,SRI LANKA,DIESEL,1478.0,COLOMBO,BRAND NEW-L/ASSEMBLE,2025.0,6,,BADA DOST
SINGLE CAB,LANKA ASHOK LEYLAND,DOST,SRI LANKA,DIESEL,1478.0,GALLE,BRAND NEW-L/ASSEMBLE,2025.0,1,,DOST
SINGLE CAB,SUZUKI,3BD-DA16T CARRY,JAPAN,PETROL,658.0,NUWARA-ELIYA,RECONDITIONED,2023.0,2,3BD-DA16T,CARRY
SINGLE CAB,SUZUKI,3BD-DA16T CARRY,JAPAN,PETROL,658.0,GAMPAHA,RECONDITIONED,2023.0,3,3BD-DA16T,CARRY
SINGLE CAB,SUZUKI,3BD-DA16T CARRY,JAPAN,PETROL,657.0,BADULLA,RECONDITIONED,2021.0,1,3BD-DA16T,CARRY
SINGLE CAB,LANKA ASHOK LEYLAND,BADA DOST,SRI LANKA,DIESEL,1478.0,GAMPAHA,BRAND NEW-L/ASSEMBLE,2025.0,14,,BADA DOST
SINGLE CAB,LANKA ASHOK LEYLAND,DOST,SRI LANKA,DIESEL,1478.0,COLOMBO,BRAND NEW-L/ASSEMBLE,2025.0,13,,DOST
SINGLE CAB,MAHINDRA,BOLERO CITY PICKUP,INDIA,DIESEL,2523.0,KURUNEGALA,BRAND NEW,2025.0,9,,BOLERO CITY PICKUP
SINGLE CAB,TOYOTA,LITEACE,INDONESIA,PETROL,1496.0,KALUTARA,BRAND NEW,2025.0,1,,LITEACE
SINGLE CAB,MAHINDRA,BOLERO CITY PICKUP,INDIA,DIESEL,2523.0,MANNAR,BRAND NEW,2025.0,6,,BOLERO CITY PICKUP
SINGLE CAB,TOYOTA,LITE ACE,INDONESIA,PETROL,1496.0,COLOMBO,BRAND NEW,2025.0,2,,LITE ACE
SINGLE CAB,LANKA ASHOK LEYLAND,DOST,SRI LANKA,DIESEL,1478.0,GAMPAHA,BRAND NEW-L/ASSEMBLE,2025.0,4,,DOST
SINGLE CAB,MAHINDRA,BOLERO CITY PICKUP,INDIA,DIESEL,2523.0,AMPARA,BRAND NEW,2025.0,4,,BOLERO CITY PICKUP
SINGLE CAB,SUZUKI,3BD-DA16T CARRY,JAPAN,PETROL,658.0,PUTTALAM,RECONDITIONED,2025.0,1,3BD-DA16T,CARRY
SINGLE CAB,TATA,YODHA,INDIA,DIESEL,2956.0,COLOMBO,BRAND NEW,2025.0,4,,YODHA
SINGLE CAB,TATA,ACE HT2,INDIA,DIESEL,702.0,KEGALLE,BRAND NEW,2025.0,1,,ACE HT2
SINGLE CAB,SUZUKI,3BD-DA16T CARRY,JAPAN,PETROL,658.0,COLOMBO,RECONDITIONED,2025.0,1,3BD-DA16T,CARRY
SINGLE CAB,DONG FENG,VA91-101,CHINA,DIESEL,2300.0,GAMPAHA,BRAND NEW,2025.0,1,VA91-101,Unknown
SINGLE CAB,SUZUKI,3BD-DA16T,JAPAN,PETROL,656.0,MATARA,RECONDITIONED,2024.0,1,3BD-DA16T,TRUCK
SINGLE CAB,TATA,YODHA,INDIA,DIESEL,2956.0,JAFFNA,BRAND NEW,2025.0,4,,YODHA
SINGLE CAB,SUZUKI,3BD-DA16T,JAPAN,PETROL,658.0,MATARA,RECONDITIONED,2023.0,1,3BD-DA16T,TRUCK
SINGLE CAB,LANKA ASHOK LEYLAND,DOST,SRI LANKA,DIESEL,1478.0,BATTICALOA,BRAND NEW-L/ASSEMBLE,2025.0,1,,DOST
SINGLE CAB,TATA,ACE HT 2,INDIA,DIESEL,702.0,ANURADHAPURA,BRAND NEW,2025.0,1,,ACE HT 2
SINGLE CAB,SUZUKI,3BD-DA16T CARRY,JAPAN,PETROL,658.0,KURUNEGALA,RECONDITIONED,2024.0,1,3BD-DA16T,CARRY
SINGLE CAB,MAHINDRA,BOLERO CITY PICKUP,INDIA,DIESEL,2523.0,GAMPAHA,BRAND NEW,2025.0,27,,BOLERO CITY PICKUP
SINGLE CAB,TOYOTA,LITEACE S403RU TMRFJ,INDONESIA,PETROL,1496.0,COLOMBO,BRAND NEW,2025.0,1,,LITEACE S403RU TMRFJ
SINGLE CAB,SUZUKI,3BD-DA16T CARRY,JAPAN,PETROL,658.0,KEGALLE,RECONDITIONED,2023.0,1,3BD-DA16T,CARRY
SINGLE CAB,SUZUKI,3BD-DA16T CARRY,JAPAN,PETROL,658.0,JAFFNA,RECONDITIONED,2022.0,1,3BD-DA16T,CARRY
SINGLE CAB,LANKA ASHOK LEYLAND,BADA DOST,SRI LANKA,DIESEL,1478.0,KURUNEGALA,BRAND NEW-L/ASSEMBLE,2025.0,1,,BADA DOST
SINGLE CAB,NISSAN,3BD-DR16T,JAPAN,PETROL,658.0,COLOMBO,RECONDITIONED,2024.0,1,3BD-DR16T,NT100
SINGLE CAB,TATA,SUPER ACE,INDIA,DIESEL,1396.0,BATTICALOA,BRAND NEW,2025.0,1,,SUPER ACE
SINGLE CAB,NISSAN,3BD-DR16T CLIPPER,JAPAN,PETROL,658.0,COLOMBO,RECONDITIONED,2024.0,1,3BD-DR16T,CLIPPER
SINGLE CAB,LANKA ASHOK LEYLAND,DOST,SRI LANKA,DIESEL,1478.0,JAFFNA,BRAND NEW-L/ASSEMBLE,2025.0,1,,DOST
SINGLE CAB,TOYOTA,3BD-S510U PIXIS,JAPAN,PETROL,658.0,NUWARA-ELIYA,RECONDITIONED,2023.0,1,3BD-S510U,PIXIS
SINGLE CAB,TATA, YODHA,INDIA,DIESEL,2956.0,GAMPAHA,BRAND NEW,2025.0,1,,YODHA
SINGLE CAB,DAIHATSU,FREEZER TRUCK,JAPAN,PETROL,658.0,GAMPAHA,RECONDITIONED,2022.0,1,,FREEZER TRUCK
SINGLE CAB,TATA,YODHA,INDIA,DIESEL,2956.0,GAMPAHA,BRAND NEW,2025.0,2,,YODHA
SINGLE CAB,SUZUKI,3BD-DA16T CARRY,JAPAN,PETROL,658.0,KALUTARA,RECONDITIONED,2023.0,1,3BD-DA16T,CARRY
SINGLE CAB,SUZUKI,3BD-DA16T CARRY,JAPAN,PETROL,650.0,GAMPAHA,RECONDITIONED,2023.0,1,3BD-DA16T,CARRY
SINGLE CAB,SUZUKI,3BD-DA16T CARRY,JAPAN,PETROL,658.0,KALUTARA,RECONDITIONED,2025.0,1,3BD-DA16T,CARRY
SINGLE CAB,MAHINDRA,BOLERO CITY PICKUP,INDIA,DIESEL,2523.0,GALLE,BRAND NEW,2025.0,25,,BOLERO CITY PICKUP
SINGLE CAB,NISSAN,3BD-DR16T CLIPPER,JAPAN,PETROL,658.0,COLOMBO,RECONDITIONED,2022.0,2,3BD-DR16T,CLIPPER
SINGLE CAB,DAIHATSU,3BD-S500P HIJET,JAPAN,PETROL,658.0,COLOMBO,RECONDITIONED,2022.0,1,3BD-S500P,HIJET
SINGLE CAB,TOYOTA,HILUX REVO,THAILAND,DIESEL,2755.0,HAMBANTOTA,RECONDITIONED,2025.0,1,,HILUX REVO
SINGLE CAB,TATA,ACE HT2,INDIA,DIESEL,702.0,GAMPAHA,BRAND NEW,2025.0,5,,ACE HT2
SINGLE CAB,MAHINDRA,BOLERO CITY PICKUP,INDIA,DIESEL,2523.0,BADULLA,BRAND NEW,2025.0,9,,BOLERO CITY PICKUP
SINGLE CAB,TATA,ACE HT2,INDIA,DIESEL,702.0,POLONNARUWA,BRAND NEW,2025.0,4,,ACE HT2
SINGLE CAB,TATA,ACE HT2,INDIA,DIESEL,702.0,PUTTALAM,BRAND NEW,2025.0,3,,ACE HT2
SINGLE CAB,TATA,YODHA,INDIA,DIESEL,2956.0,NUWARA-ELIYA,BRAND NEW,2025.0,1,,YODHA
SINGLE CAB,MITSUBISHI,3BD-DS16T MINICAB,JAPAN,PETROL,650.0,COLOMBO,RECONDITIONED,2022.0,1,3BD-DS16T,MINICAB
SINGLE CAB,DAIHATSU,3BD-S500P HIJET,JAPAN,PETROL,658.0,KALUTARA,RECONDITIONED,2023.0,1,3BD-S500P,HIJET
SINGLE CAB,TATA,SUPER AC,INDIA,DIESEL,1396.0,COLOMBO,BRAND NEW,2025.0,1,,SUPER AC
SINGLE CAB,SUZUKI,3BD-DA16T  CARRY,JAPAN,PETROL,658.0,MATALE,RECONDITIONED,2023.0,1,3BD-DA16T,CARRY
SINGLE CAB,TATA,ACE HT 2,INDIA,DIESEL,702.0,KEGALLE,BRAND NEW,2025.0,1,,ACE HT 2
SINGLE CAB,DAIHATSU,3BD-S500P,JAPAN,PETROL,658.0,JAFFNA,RECONDITIONED,2023.0,1,3BD-S500P,Unknown
SINGLE CAB,DAIHATSU,3BD-S500P HIJET,JAPAN,PETROL,658.0,COLOMBO,RECONDITIONED,2023.0,3,3BD-S500P,HIJET
SINGLE CAB,MAHINDRA,BOLERO CITY PICKUP,INDIA,DIESEL,2523.0,JAFFNA,BRAND NEW,2025.0,25,,BOLERO CITY PICKUP
SINGLE CAB,MAHINDRA,BOLERO CITY PICKUP,INDIA,DIESEL,2523.0,HAMBANTOTA,BRAND NEW,2025.0,10,,BOLERO CITY PICKUP
SINGLE CAB,NISSAN,3BD-DR16T NT100,JAPAN,PETROL,658.0,NUWARA-ELIYA,RECONDITIONED,2022.0,1,3BD-DR16T,NT100
SINGLE CAB,MAHINDRA,BOLERO CITY PICKUP,INDIA,DIESEL,2523.0,KANDY,BRAND NEW,2025.0,7,,BOLERO CITY PICKUP
SINGLE CAB,MAHINDRA,BOLERO CITY PICKUP,INDIA,DIESEL,2523.0,HAMBANTOTA,BRAND NEW-L/ASSEMBLE,2025.0,1,,BOLERO CITY PICKUP
SINGLE CAB,LANKA ASHOK LEYLAND,DOST,SRI LANKA,DIESEL,1478.0,BADULLA,BRAND NEW-L/ASSEMBLE,2025.0,1,,DOST
SINGLE CAB,TATA,SUPER ACE,INDIA,DIESEL,1396.0,VAVUNIYA,BRAND NEW,2025.0,1,,SUPER ACE
SINGLE CAB,DAIHATSU,3BD-S500P  HIJET,JAPAN,PETROL,658.0,COLOMBO,RECONDITIONED,2023.0,1,3BD-S500P,HIJET
SINGLE CAB,SUZUKI,3BD-DA16T  CARRY,JAPAN,PETROL,658.0,KURUNEGALA,RECONDITIONED,2022.0,1,3BD-DA16T,CARRY
SINGLE CAB,SUZUKI,3BD-DA16T CARRY,JAPAN,PETROL,658.0,PUTTALAM,RECONDITIONED,2024.0,3,3BD-DA16T,CARRY
SINGLE CAB,TATA,ACE HT2,INDIA,DIESEL,702.0,ANURADHAPURA,BRAND NEW,2025.0,7,,ACE HT2
SINGLE CAB,TATA,ACE HT2,INDIA,DIESEL,702.0,BATTICALOA,BRAND NEW,2025.0,4,,ACE HT2
SINGLE CAB,TATA,ACE HT2,SRI LANKA,DIESEL,702.0,RATNAPURA,BRAND NEW-L/ASSEMBLE,2025.0,1,,ACE HT2
SINGLE CAB,TOYOTA,LITE ACE,INDONESIA,PETROL,1496.0,GAMPAHA,BRAND NEW,2025.0,2,,LITE ACE
SINGLE CAB,SUZUKI,3BD-DA16T CARRY,JAPAN,PETROL,658.0,ANURADHAPURA,RECONDITIONED,2024.0,1,3BD-DA16T,CARRY
SINGLE CAB,DAIHATSU,3BD-S510P HIJET,JAPAN,PETROL,658.0,KALUTARA,RECONDITIONED,2023.0,1,3BD-S510P,HIJET
SINGLE CAB,LANKA ASHOK LEYLAND,BADA  DOST,SRI LANKA,DIESEL,1478.0,GAMPAHA,BRAND NEW-L/ASSEMBLE,2025.0,1,,BADA  DOST
SINGLE CAB,TATA,ACE HT2,SRI LANKA,DIESEL,702.0,GAMPAHA,BRAND NEW-L/ASSEMBLE,2025.0,2,,ACE HT2
SINGLE CAB,MAHINDRA,BOLERO CITY PICKUP,INDIA,DIESEL,2523.0,PUTTALAM,BRAND NEW,2025.0,7,,BOLERO CITY PICKUP
SINGLE CAB,SUZUKI,3BD-DA16T TRUCK,JAPAN,PETROL,650.0,KANDY,RECONDITIONED,2022.0,1,3BD-DA16T,TRUCK
SINGLE CAB,DAIHATSU,38D-S510P,JAPAN,PETROL,658.0,COLOMBO,RECONDITIONED,2023.0,1,38D-S510P,Unknown
SINGLE CAB,NISSAN,3BD-DR16T CLIPPER,JAPAN,PETROL,658.0,GALLE,RECONDITIONED,2024.0,1,3BD-DR16T,CLIPPER
SINGLE CAB,TATA,YODHA,INDIA,DIESEL,2956.0,MATARA,BRAND NEW,2025.0,1,,YODHA
SINGLE CAB,MAHINDRA,BOLERO CITY PICK UP,INDIA,DIESEL,2523.0,COLOMBO,BRAND NEW,2025.0,2,,BOLERO CITY PICK UP
SINGLE CAB,SUZUKI,EBD-DA16T CARRY,JAPAN,PETROL,658.0,KURUNEGALA,RECONDITIONED,2021.0,1,EBD-DA16T,CARRY
SINGLE CAB,TATA,ACE HT2,INDIA,DIESEL,702.0,AMPARA,BRAND NEW,2025.0,2,,ACE HT2
SINGLE CAB,TATA,YODHA LIGHT TRUCK,SRI LANKA,DIESEL,2956.0,BATTICALOA,BRAND NEW-L/ASSEMBLE,2025.0,2,,YODHA LIGHT TRUCK
SINGLE CAB,MAHINDRA,BOLERO CITY PICKUP,SRI LANKA,DIESEL,2523.0,COLOMBO,BRAND NEW,2025.0,1,,BOLERO CITY PICKUP
SINGLE CAB,TOYOTA,HILUX REVO,THAILAND,DIESEL,2755.0,KANDY,RECONDITIONED,2025.0,1,,HILUX REVO
SINGLE CAB,TOYOTA,LITEACE S403RU TMRFJ,INDONESIA,PETROL,1478.0,COLOMBO,BRAND NEW,2025.0,1,,LITEACE S403RU TMRFJ
SINGLE CAB,NISSAN,3BD-DR16T CLIPPER,JAPAN,PETROL,658.0,COLOMBO,RECONDITIONED,2023.0,1,3BD-DR16T,CLIPPER
SINGLE CAB,TATA,ACE HT2,INDIA,DIESEL,702.0,KALUTARA,BRAND NEW,2025.0,3,,ACE HT2
SINGLE CAB,TATA,ACE HT2,INDIA,DIESEL,702.0,JAFFNA,BRAND NEW,2025.0,4,,ACE HT2
SINGLE CAB,SUZUKI,3BD DA16T CARRY,JAPAN,PETROL,658.0,GALLE,RECONDITIONED,2023.0,1,,3BD DA16T CARRY
SINGLE CAB,MAHINDRA,BOLERO CITY PICKUP,INDIA,DIESEL,2523.0,MULLATIVU,BRAND NEW,2025.0,4,,BOLERO CITY PICKUP
SINGLE CAB,MAHINDRA,BOLERO CITY PICKUP,INDIA,DIESEL,2523.0,VAVUNIYA,BRAND NEW,2025.0,2,,BOLERO CITY PICKUP
SINGLE CAB,MAHINDRA,BOLERA CITY,INDIA,DIESEL,2523.0,TRINCOMALEE,BRAND NEW,2025.0,1,,BOLERA CITY
SINGLE CAB,TATA,YODHA LIGHT TRUCK,SRI LANKA,DIESEL,2956.0,TRINCOMALEE,BRAND NEW-L/ASSEMBLE,2025.0,1,,YODHA LIGHT TRUCK
SINGLE CAB,LANKA ASHOK LEYLAND,DOST,SRI LANKA,DIESEL,1478.0,RATNAPURA,BRAND NEW-L/ASSEMBLE,2025.0,2,,DOST
SINGLE CAB,LANKA ASHOK LEYLAND,BADA DOST,SRI LANKA,DIESEL,1478.0,POLONNARUWA,BRAND NEW-L/ASSEMBLE,2025.0,1,,BADA DOST
SINGLE CAB,TOYOTA,3BD-S500U,JAPAN,PETROL,658.0,COLOMBO,RECONDITIONED,2023.0,1,3BD-S500U,Unknown
SINGLE CAB,NISSAN,3BD-DR16T CLIPPER,JAPAN,PETROL,658.0,MONERAGALA,RECONDITIONED,2024.0,1,3BD-DR16T,CLIPPER
SINGLE CAB,LANKA ASHOK LEYLAND,BADA DOST,SRI LANKA,DIESEL,1478.0,RATNAPURA,BRAND NEW-L/ASSEMBLE,2025.0,1,,BADA DOST
SINGLE CAB,MAHINDRA,BOLERO CITY PICKUP,INDIA,DIESEL,2523.0,RATNAPURA,BRAND NEW,2025.0,17,,BOLERO CITY PICKUP
SINGLE CAB,MAHINDRA,BOLERO CITY PICKUP,INDIA,DIESEL,2523.0,MATARA,BRAND NEW,2025.0,12,,BOLERO CITY PICKUP
SINGLE CAB,LANKA ASHOK LEYLAND,DOST,SRI LANKA,DIESEL,1478.0,PUTTALAM,BRAND NEW-L/ASSEMBLE,2025.0,5,,DOST
SINGLE CAB,SUZUKI,3BD-DA16T CARRY,JAPAN,PETROL,658.0,AMPARA,RECONDITIONED,2022.0,1,3BD-DA16T,CARRY
SINGLE CAB,LANKA ASHOK LEYLAND,BADA DOST,SRI LANKA,DIESEL,1478.0,GAMPAHA,LOCALLY ASSEMBLED,2025.0,1,,BADA DOST
SINGLE CAB,TATA,SUPER ACE,INDIA,DIESEL,1396.0,KURUNEGALA,BRAND NEW,2025.0,1,,SUPER ACE
SINGLE CAB,TATA,YODHA LIGHT TRUCK,SRI LANKA,DIESEL,2956.0,COLOMBO,BRAND NEW-L/ASSEMBLE,2025.0,3,,YODHA LIGHT TRUCK
SINGLE CAB,MAHINDRA,BOLERO CITY PICKUP,INDIA,DIESEL,2523.0,TRINCOMALEE,BRAND NEW,2025.0,3,,BOLERO CITY PICKUP
SINGLE CAB,TOYOTA,QDF-KDY231 TOYOACE,JAPAN,DIESEL,2982.0,KURUNEGALA,RECONDITIONED,2016.0,1,QDF-KDY231,TOYOACE
SINGLE CAB,TATA,YODHA LIGHT TRUCK,SRI LANKA,DIESEL,2956.0,PUTTALAM,BRAND NEW-L/ASSEMBLE,2025.0,1,,YODHA LIGHT TRUCK
SINGLE CAB,TATA,YODHA LIGHT TRUCK,SRI LANKA,DIESEL,2956.0,ANURADHAPURA,BRAND NEW-L/ASSEMBLE,2025.0,2,,YODHA LIGHT TRUCK
SINGLE CAB,DAIHATSU,3BD-S510P HIJET,JAPAN,PETROL,658.0,COLOMBO,RECONDITIONED,2022.0,1,3BD-S510P,HIJET
SINGLE CAB,SUZUKI,3BD-DA16T CARRY,JAPAN,PETROL,657.0,KEGALLE,RECONDITIONED,2023.0,1,3BD-DA16T,CARRY
SINGLE CAB,SUZUKI,3BD-DA16T,JAPAN,PETROL,658.0,GAMPAHA,RECONDITIONED,2024.0,1,3BD-DA16T,TRUCK
SINGLE CAB,MAHINDRA,BOLERO CITY PICKUP,INDIA,DIESEL,2523.0,COLOMBO,BRAND NEW,2025.0,56,,BOLERO CITY PICKUP
SINGLE CAB,TATA,ACE HT2,INDIA,DIESEL,702.0,HAMBANTOTA,BRAND NEW,2025.0,2,,ACE HT2
SINGLE CAB,MAHINDRA,BOLERO CITY PICKUP,INDIA,DIESEL,2523.0,MATALE,BRAND NEW,2025.0,6,,BOLERO CITY PICKUP
SINGLE CAB,NISSAN,3BD-DR16T CLIPPER,JAPAN,PETROL,658.0,TRINCOMALEE,RECONDITIONED,2023.0,1,3BD-DR16T,CLIPPER
SINGLE CAB,NISSAN,3BD-DR16T CLIPPER,JAPAN,PETROL,658.0,PUTTALAM,RECONDITIONED,2023.0,1,3BD-DR16T,CLIPPER
SINGLE CAB,SUZUKI,3BD-DA16T CARRY,JAPAN,PETROL,650.0,GALLE,RECONDITIONED,2022.0,1,3BD-DA16T,CARRY
SINGLE CAB,MAHINDRA,BOLERO CITY PICKUP,INDIA,DIESEL,2523.0,POLONNARUWA,BRAND NEW,2025.0,1,,BOLERO CITY PICKUP
SINGLE CAB,SUZUKI,3BD-DA16T CARRY,JAPAN,PETROL,658.0,GAMPAHA,RECONDITIONED,2024.0,1,3BD-DA16T,CARRY
SINGLE CAB,TOYOTA,S403RU-TMRFJ-LITEACE,INDONESIA,PETROL,1496.0,KALUTARA,BRAND NEW,2025.0,1,,S403RU-TMRFJ-LITEACE
SINGLE CAB,TATA,ACE HT2,INDIA,DIESEL,702.0,KURUNEGALA,BRAND NEW,2025.0,9,,ACE HT2
SINGLE CAB,DAIHATSU,3BD-S500P  HIJET,JAPAN,PETROL,658.0,COLOMBO,RECONDITIONED,2022.0,1,3BD-S500P,HIJET
SINGLE CAB,MAHINDRA,BOLERO CITY PICKUP,INDIA,DIESEL,2523.0,KALUTARA,BRAND NEW,2025.0,14,,BOLERO CITY PICKUP
SINGLE CAB,MAHINDRA,BOLERO CITY PICKUP,INDIA,DIESEL,2523.0,KILINOCHCHI,BRAND NEW,2025.0,6,,BOLERO CITY PICKUP
SINGLE CAB,TATA,ACE HT2,INDIA,DIESEL,702.0,GALLE,BRAND NEW,2025.0,2,,ACE HT2
SINGLE CAB,MAHINDRA,BOLERO CITY PICKUP,INDIA,DIESEL,2523.0,KEGALLE,BRAND NEW,2025.0,4,,BOLERO CITY PICKUP
SINGLE CAB,MAHINDRA,BOLERO CITY PICKUP,INDIA,DIESEL,2523.0,ANURADHAPURA,BRAND NEW,2025.0,5,,BOLERO CITY PICKUP
SINGLE CAB,TATA,SUPER ACE,INDIA,DIESEL,1396.0,COLOMBO,BRAND NEW,2025.0,4,,SUPER ACE
SINGLE CAB,TATA,ACE HT2,INDIA,DIESEL,702.0,COLOMBO,BRAND NEW,2025.0,6,,ACE HT2
SINGLE CAB,SUZUKI,3BD-DA16T  CARRY,JAPAN,PETROL,658.0,GALLE,RECONDITIONED,2023.0,1,3BD-DA16T,CARRY
SINGLE CAB,TATA,YODHA,INDIA,DIESEL,2956.0,TRINCOMALEE,BRAND NEW,2025.0,1,,YODHA
SINGLE CAB,DAIHATSU,3BD-S500P HIJET,JAPAN,PETROL,656.0,PUTTALAM,RECONDITIONED,2024.0,1,3BD-S500P,HIJET
SINGLE CAB,MAHINDRA,BOLERO CITY PICK UP,INDIA,DIESEL,2523.0,GAMPAHA,BRAND NEW,2025.0,2,,BOLERO CITY PICK UP
SINGLE CAB,DONG FENG,VA91-101,CHINA,DIESEL,2300.0,COLOMBO,BRAND NEW,2025.0,1,VA91-101,Unknown
SINGLE CAB,TATA,ACE HT2,SRI LANKA,DIESEL,702.0,PUTTALAM,BRAND NEW-L/ASSEMBLE,2025.0,1,,ACE HT2
SINGLE CAB,TATA,ACE HT2,INDIA,DIESEL,702.0,VAVUNIYA,BRAND NEW,2025.0,1,,ACE HT2
SINGLE CAB,DAIHATSU,3BD-S510P,JAPAN,PETROL,658.0,GAMPAHA,RECONDITIONED,2024.0,1,3BD-S510P,Unknown
SINGLE CAB,DAIHATSU,3BD-S500P,JAPAN,PETROL,658.0,KURUNEGALA,RECONDITIONED,2023.0,1,3BD-S500P,Unknown
SINGLE CAB,TOYOTA,CHAMP SINGLE CAB,THAILAND,DIESEL,2393.0,GAMPAHA,RECONDITIONED,2025.0,5,,CHAMP SINGLE CAB
SINGLE CAB,SUZUKI,3BD-DA16T,JAPAN,PETROL,658.0,COLOMBO,RECONDITIONED,2022.0,1,3BD-DA16T,TRUCK
SINGLE CAB,TOYOTA,3BD-S510U PIXIS,JAPAN,PETROL,658.0,COLOMBO,RECONDITIONED,2023.0,1,3BD-S510U,PIXIS
SINGLE CAB,SUZUKI,3BA-DA16T CARRY,JAPAN,PETROL,658.0,KURUNEGALA,RECONDITIONED,2024.0,1,3BA-DA16T,CARRY
SINGLE CAB,SUZUKI,3BD-DA16T CARRY,JAPAN,PETROL,658.0,KALUTARA,RECONDITIONED,2024.0,2,3BD-DA16T,CARRY
SINGLE CAB,MAHINDRA,BOLERO CITY PICKUP,INDIA,DIESEL,2523.0,MONERAGALA,BRAND NEW,2025.0,11,,BOLERO CITY PICKUP
SINGLE CAB,MAHINDRA,BOLERO CITY PICKUP,INDIA,DIESEL,2523.0,NUWARA-ELIYA,BRAND NEW,2025.0,8,,BOLERO CITY PICKUP
SINGLE CAB,MAHINDRA,BOLERO CITY PICKUP,INDIA,DIESEL,2523.0,BATTICALOA,BRAND NEW,2025.0,2,,BOLERO CITY PICKUP
SINGLE CAB,SUZUKI,3BD-DA16T CARRY,JAPAN,PETROL,658.0,NUWARA-ELIYA,RECONDITIONED,2024.0,1,3BD-DA16T,CARRY
SINGLE CAB,NISSAN,3BD-DR16T CLIPPER,JAPAN,PETROL,658.0,GAMPAHA,RECONDITIONED,2024.0,1,3BD-DR16T,CLIPPER
SINGLE CAB,LANKA ASHOK LEYLAND,DOST,SRI LANKA,DIESEL,1478.0,NUWARA-ELIYA,BRAND NEW-L/ASSEMBLE,2025.0,1,,DOST
SINGLE CAB,TOYOTA,LITEACE S403RU TMRFJ,INDONESIA,PETROL,1496.0,GAMPAHA,BRAND NEW,2025.0,1,,LITEACE S403RU TMRFJ
SINGLE CAB,TATA,ACE HT2,INDIA,DIESEL,702.0,RATNAPURA,BRAND NEW,2025.0,1,,ACE HT2
SINGLE CAB,TATA,ACE-HT2,INDIA,DIESEL,702.0,KALUTARA,BRAND NEW,2025.0,1,ACE-HT2,Unknown
SINGLE CAB,TOYOTA,LITEACE,INDONESIA,PETROL,1496.0,GAMPAHA,BRAND NEW,2025.0,2,,LITEACE
SINGLE CAB,SUZUKI,3BD-DA16T CARRY,JAPAN,PETROL,658.0,COLOMBO,RECONDITIONED,2024.0,1,3BD-DA16T,CARRY
SINGLE CAB,MAHINDRA,BOLERO CITY PICK UP,INDIA,DIESEL,2523.0,KALUTARA,BRAND NEW,2025.0,1,,BOLERO CITY PICK UP
SINGLE CAB,DAIHATSU,3BD-S500P HIJET,JAPAN,PETROL,658.0,KANDY,RECONDITIONED,2024.0,1,3BD-S500P,HIJET
SINGLE CAB,MAHINDRA,BOLERO CITY PICK UP,INDIA,DIESEL,2523.0,KURUNEGALA,BRAND NEW,2025.0,2,,BOLERO CITY PICK UP
SINGLE CAB,MAHINDRA,BOLERO CIYI PICKUP,INDIA,DIESEL,2523.0,COLOMBO,BRAND NEW,2025.0,1,,BOLERO CIYI PICKUP
SINGLE CAB,SUZUKI,3BD-DA16T CARRY,JAPAN,PETROL,656.0,HAMBANTOTA,RECONDITIONED,2024.0,1,3BD-DA16T,CARRY
SINGLE CAB,SUZUKI,3BD-DA16T CARRY,JAPAN,PETROL,658.0,COLOMBO,RECONDITIONED,2023.0,2,3BD-DA16T,CARRY
SINGLE CAB,DAIHATSU,HIJET FED S500P,JAPAN,PETROL,650.0,KANDY,RECONDITIONED,2016.0,1,,HIJET FED S500P
SINGLE CAB,SUZUKI,3BD-DA16T CARRY,JAPAN,PETROL,650.0,COLOMBO,RECONDITIONED,2024.0,1,3BD-DA16T,CARRY
SPECIAL PURPOSE VEHICLE,KOMATSU,FD25T - 17,JAPAN,DIESEL,3000.0,GAMPAHA,RECONDITIONED,2019.0,1,,FD25T - 17
SPECIAL PURPOSE VEHICLE,MAHINDRA,EARTH MASTER VX 90,INDIA,DIESEL,3532.0,KANDY,BRAND NEW,2024.0,1,,EARTH MASTER VX 90
SPECIAL PURPOSE VEHICLE,KOBELCO,RK250-3,JAPAN,DIESEL,7545.0,GAMPAHA,RECONDITIONED,1992.0,1,RK250-3,Unknown
SPECIAL PURPOSE VEHICLE,TOYOTA,FD2N30,CHINA,DIESEL,2486.0,VAVUNIYA,BRAND NEW,2025.0,1,,FD2N30
SPECIAL PURPOSE VEHICLE,J.C.B,3DX,INDIA,DIESEL,4400.0,GAMPAHA,BRAND NEW,2025.0,1,,3DX
SPECIAL PURPOSE VEHICLE,KOMATSU,WA100-1 WHEEL LOADER,JAPAN,DIESEL,4890.0,POLONNARUWA,RECONDITIONED,2007.0,1,WA100-1,WHEEL LOADER
SPECIAL PURPOSE VEHICLE,KOMATSU,WA100-3 WHEEL LODER,JAPAN,DIESEL,4412.0,BATTICALOA,RECONDITIONED,2020.0,1,WA100-3,WHEEL LODER
SPECIAL PURPOSE VEHICLE,KOBELCO,RK 70 M2,JAPAN,DIESEL,3000.0,GAMPAHA,RECONDITIONED,2010.0,1,,RK 70 M2
SPECIAL PURPOSE VEHICLE,MITSUBISHI,WS3  WHEEL LOADER,JAPAN,DIESEL,2305.0,PUTTALAM,RECONDITIONED,2011.0,1,,WS3  WHEEL LOADER
SPECIAL PURPOSE VEHICLE,YANMAR,V3  WHEEL LOADER,JAPAN,DIESEL,1496.0,COLOMBO,RECONDITIONED,2018.0,1,,V3  WHEEL LOADER
SPECIAL PURPOSE VEHICLE,TOYOTA,FDZN 25,CHINA,DIESEL,2486.0,COLOMBO,BRAND NEW,2025.0,1,,FDZN 25
SPECIAL PURPOSE VEHICLE,MITSUBISHI,FG25,JAPAN,PETROL,860.0,COLOMBO,RECONDITIONED,2016.0,1,,FG25
SPECIAL PURPOSE VEHICLE,KATO,KR250 CRANE,JAPAN,DIESEL,6557.0,GAMPAHA,RECONDITIONED,1999.0,1,,KR250 CRANE
SPECIAL PURPOSE VEHICLE,J.C.B,TELIHANDLER 530 70,INDIA,DIESEL,4401.0,COLOMBO,BRAND NEW,2025.0,1,,TELIHANDLER 530 70
SPECIAL PURPOSE VEHICLE,TEU,TEU 35,CHINA,DIESEL,3500.0,KALUTARA,BRAND NEW,2017.0,1,,TEU 35
SPECIAL PURPOSE VEHICLE,CAT,DP25PT,CHINA,DIESEL,3331.0,GAMPAHA,BRAND NEW,2025.0,1,,DP25PT
SPECIAL PURPOSE VEHICLE,MANITOU,MT1637,SWAZILAND,DIESEL,4500.0,JAFFNA,RECONDITIONED,1998.0,1,,MT1637
SPECIAL PURPOSE VEHICLE,MANITOU,MT-1637,SWAZILAND,DIESEL,3900.0,JAFFNA,RECONDITIONED,2002.0,1,MT-1637,Unknown
SPECIAL PURPOSE VEHICLE,KOMATSU,FD30T-16,JAPAN,DIESEL,3000.0,COLOMBO,RECONDITIONED,2018.0,1,FD30T-16,Unknown
SPECIAL PURPOSE VEHICLE,J.C.B,3DX,INDIA,DIESEL,4400.0,KILINOCHCHI,BRAND NEW,2025.0,1,,3DX
SPECIAL PURPOSE VEHICLE,ISUZU,U-FRR32DB MIXERTRUCK,JAPAN,DIESEL,7120.0,KURUNEGALA,RECONDITIONED,1990.0,1,,U-FRR32DB MIXERTRUCK
SPECIAL PURPOSE VEHICLE,MITSUBISHI,FD25,JAPAN,DIESEL,2610.0,COLOMBO,RECONDITIONED,2010.0,1,,FD25
SPECIAL PURPOSE VEHICLE,XCMG,XC958 WHEEL LOADER,CHINA,DIESEL,9726.0,COLOMBO,BRAND NEW,2025.0,1,,XC958 WHEEL LOADER
SPECIAL PURPOSE VEHICLE,TOYOTA,FDZN 25,CHINA,DIESEL,2486.0,GAMPAHA,BRAND NEW,2025.0,1,,FDZN 25
SPECIAL PURPOSE VEHICLE,KOMATSU,WA100  WHEEL LOADER,JAPAN,DIESEL,4900.0,AMPARA,RECONDITIONED,2014.0,1,,WA100  WHEEL LOADER
SPECIAL PURPOSE VEHICLE,HITACHI,LX70 WHEEL LOADER,JAPAN,DIESEL,3800.0,KANDY,RECONDITIONED,2012.0,1,,LX70 WHEEL LOADER
SPECIAL PURPOSE VEHICLE,KOMATSU,WA100-3E,JAPAN,DIESEL,3900.0,TRINCOMALEE,RECONDITIONED,2009.0,1,WA100-3E,Unknown
SPECIAL PURPOSE VEHICLE,XCMG,XC 958 WHEEL LOADER,CHINA,DIESEL,9726.0,KEGALLE,BRAND NEW,2025.0,1,,XC 958 WHEEL LOADER
SPECIAL PURPOSE VEHICLE,KOMATSU,FD40-4,JAPAN,DIESEL,4890.0,COLOMBO,RECONDITIONED,2018.0,1,FD40-4,Unknown
SPECIAL PURPOSE VEHICLE,CAT,910F WHEEL LOADER,JAPAN,DIESEL,1650.0,AMPARA,RECONDITIONED,2016.0,1,,910F WHEEL LOADER
SPECIAL PURPOSE VEHICLE,UD TRUCKS,LDG-PW39L  CONDER,JAPAN,DIESEL,7010.0,RATNAPURA,RECONDITIONED,2012.0,1,LDG-PW39L,CONDER
SPECIAL PURPOSE VEHICLE,NISSAN,EH02A20,JAPAN,DIESEL,2488.0,COLOMBO,RECONDITIONED,2020.0,1,,EH02A20
SPECIAL PURPOSE VEHICLE,TEU,FD-35T,CHINA,DIESEL,2650.0,VAVUNIYA,BRAND NEW,2025.0,1,FD-35T,Unknown
THREE WHEELER,BAJAJ,RE 4S AUTORICKSHAW,INDIA,PETROL,237.0,POLONNARUWA,BRAND NEW,2025.0,64,,RE 4S AUTORICKSHAW
THREE WHEELER,BAJAJ,RE 4S AUTORICKSHAW,INDIA,PETROL,237.0,MATALE,BRAND NEW,2025.0,53,,RE 4S AUTORICKSHAW
THREE WHEELER,BAJAJ,RE 4S AUTORICKSHAW,INDIA,PETROL,237.0,GAMPAHA,BRAND NEW,2025.0,254,,RE 4S AUTORICKSHAW
THREE WHEELER,BAJAJ,RE 4S AUTORICKSHAW,INDIA,PETROL,237.0,RATNAPURA,BRAND NEW,2025.0,73,,RE 4S AUTORICKSHAW
THREE WHEELER,BAJAJ,RE 4S AUTORICKSHAW,INDIA,PETROL,237.0,KILINOCHCHI,BRAND NEW,2025.0,34,,RE 4S AUTORICKSHAW
THREE WHEELER,BAJAJ,RE 4S AUTORICKSHAW,INDIA,PETROL,237.0,TRINCOMALEE,BRAND NEW,2025.0,110,,RE 4S AUTORICKSHAW
THREE WHEELER,BAJAJ,RE 4S AUTORICKSHAW,INDIA,PETROL,237.0,KEGALLE,BRAND NEW,2025.0,105,,RE 4S AUTORICKSHAW
THREE WHEELER,BAJAJ,RE 4S AUTORICKSHAW,INDIA,PETROL,237.0,BATTICALOA,BRAND NEW,2025.0,196,,RE 4S AUTORICKSHAW
THREE WHEELER,BAJAJ,RE 4S AUTORICKSHAW,INDIA,PETROL,237.0,HAMBANTOTA,BRAND NEW,2025.0,46,,RE 4S AUTORICKSHAW
THREE WHEELER,BAJAJ,RE 4S AUTORICKSHAW,INDIA,PETROL,237.0,ANURADHAPURA,BRAND NEW,2025.0,80,,RE 4S AUTORICKSHAW
THREE WHEELER,BAJAJ,RE 4S AUTORICKSHAW,INDIA,PETROL,237.0,KANDY,BRAND NEW,2025.0,176,,RE 4S AUTORICKSHAW
THREE WHEELER,BAJAJ,RE 4S AUTORICKSHAW,INDIA,PETROL,237.0,COLOMBO,BRAND NEW,2025.0,241,,RE 4S AUTORICKSHAW
THREE WHEELER,BAJAJ,RE 4S AUTORICKSHAW,INDIA,PETROL,237.0,AMPARA,BRAND NEW,2025.0,162,,RE 4S AUTORICKSHAW
THREE WHEELER,BAJAJ,RE 4S AUTORICKSHAW,INDIA,PETROL,237.0,VAVUNIYA,BRAND NEW,2025.0,47,,RE 4S AUTORICKSHAW
THREE WHEELER,MAHINDRA,TREO,INDIA,ELECTRIC,3.5,GAMPAHA,BRAND NEW,2025.0,6,,TREO
THREE WHEELER,TVS,KING,INDIA,PETROL,199.26,COLOMBO,BRAND NEW,2025.0,105,,KING
THREE WHEELER,BAJAJ,RE 4S AUTORICKSHAW,INDIA,PETROL,237.0,NUWARA-ELIYA,BRAND NEW,2025.0,54,,RE 4S AUTORICKSHAW
THREE WHEELER,BAJAJ,RE 4S AUTORICKSHAW,INDIA,PETROL,237.0,BADULLA,BRAND NEW,2025.0,96,,RE 4S AUTORICKSHAW
THREE WHEELER,BAJAJ,RE 4S AUTORICKSHAW,INDIA,PETROL,237.0,PUTTALAM,BRAND NEW,2025.0,71,,RE 4S AUTORICKSHAW
THREE WHEELER,BAJAJ,RE 4S AUTORICKSHAW,INDIA,PETROL,237.0,GALLE,BRAND NEW,2025.0,128,,RE 4S AUTORICKSHAW
THREE WHEELER,BAJAJ,RE 4S AUTORICKSHAW,INDIA,PETROL,237.0,MATARA,BRAND NEW,2025.0,84,,RE 4S AUTORICKSHAW
THREE WHEELER,BAJAJ,RE 4S AUTORICKSHAW,INDIA,PETROL,237.0,KALUTARA,BRAND NEW,2025.0,108,,RE 4S AUTORICKSHAW
THREE WHEELER,BAJAJ,RE 4S AUTORICKSHAW,INDIA,PETROL,237.0,JAFFNA,BRAND NEW,2025.0,137,,RE 4S AUTORICKSHAW
THREE WHEELER,BAJAJ,RE 4S AUTORICKSHAW,INDIA,PETROL,237.0,KURUNEGALA,BRAND NEW,2025.0,154,,RE 4S AUTORICKSHAW
THREE WHEELER,BAJAJ,RE 4S AUTORICKSHOW,INDIA,PETROL,237.0,KURUNEGALA,BRAND NEW,2025.0,1,,RE 4S AUTORICKSHOW
THREE WHEELER,BAJAJ,RE 4S AUTORICKSHAW,INDIA,PETROL,237.0,MULLATIVU,BRAND NEW,2025.0,28,,RE 4S AUTORICKSHAW
THREE WHEELER,PIAGGIO,APE AUTO DX,INDIA,DIESEL,435.0,KANDY,BRAND NEW,2025.0,8,,APE AUTO DX
THREE WHEELER,BAJAJ,RE 4S AUTORICKSHAW,JAPAN,PETROL,237.0,KURUNEGALA,BRAND NEW,2025.0,1,,RE 4S AUTORICKSHAW
THREE WHEELER,TVS,KING,INDIA,PETROL,199.26,JAFFNA,BRAND NEW,2025.0,17,,KING
THREE WHEELER,MAHINDRA,TREO,INDIA,ELECTRIC,3.5,COLOMBO,BRAND NEW,2025.0,2,,TREO
THREE WHEELER,TVS,KING,INDIA,PETROL,199.26,MANNAR,BRAND NEW,2025.0,1,,KING
THREE WHEELER,NWOW,ERVS4 PLUS,CHINA,ELECTRIC,0.8,POLONNARUWA,BRAND NEW,2024.0,1,,ERVS4 PLUS
THREE WHEELER,PIAGGIO,APE AUTO DX,INDIA,DIESEL,435.0,TRINCOMALEE,BRAND NEW,2025.0,1,,APE AUTO DX
THREE WHEELER,MAHINDRA,TREO,INDIA,ELECTRIC,3.5,KALUTARA,BRAND NEW,2025.0,2,,TREO
THREE WHEELER,PIAGGIO,APE AUTO DX,INDIA,DIESEL,435.0,PUTTALAM,BRAND NEW,2025.0,1,,APE AUTO DX
THREE WHEELER,ELEKTRATEQ,ETX,SRI LANKA,PETROL,5.0,JAFFNA,RECONDITIONED,2025.0,1,,ETX
THREE WHEELER,NWOW,ERVS4 PLUS,CHINA,ELECTRIC,0.8,MATARA,BRAND NEW,2025.0,2,,ERVS4 PLUS
THREE WHEELER,MAHINDRA,TREO ZOR DV,INDIA,ELECTRIC,3.5,TRINCOMALEE,BRAND NEW,2025.0,1,,TREO ZOR DV
THREE WHEELER,PIAGGIO,APE AUTO DX,INDIA,DIESEL,435.0,GAMPAHA,BRAND NEW,2025.0,22,,APE AUTO DX
THREE WHEELER,PIAGGIO,APE AUTO DX,INDIA,DIESEL,435.0,BADULLA,BRAND NEW,2025.0,10,,APE AUTO DX
THREE WHEELER,PIAGGIO,APE AUTO DX,INDIA,DIESEL,435.0,COLOMBO,BRAND NEW,2025.0,10,,APE AUTO DX
THREE WHEELER,PIAGGIO,APE AUTO DX,INDIA,DIESEL,435.0,GALLE,BRAND NEW,2025.0,8,,APE AUTO DX
THREE WHEELER,BAJAJ,RE 4S AUTORICKSHAW,INDIA,PETROL,237.0,AMPARA,BRAND NEW-L/ASSEMBLE,2025.0,1,,RE 4S AUTORICKSHAW
THREE WHEELER,NWOW,ERVS4 PLUS,CHINA,ELECTRIC,0.8,COLOMBO,BRAND NEW,2025.0,5,,ERVS4 PLUS
THREE WHEELER,TVS,KING,INDIA,PETROL,199.26,KANDY,BRAND NEW,2025.0,19,,KING
THREE WHEELER,TVS,KING,INDIA,PETROL,199.26,ANURADHAPURA,BRAND NEW,2025.0,11,,KING
THREE WHEELER,TVS,KING,INDIA,PETROL,199.26,GAMPAHA,BRAND NEW,2025.0,45,,KING
THREE WHEELER,PIAGGIO,APE AUTO DX,INDIA,DIESEL,435.0,KALUTARA,BRAND NEW,2025.0,5,,APE AUTO DX
THREE WHEELER,MM,WH 5000 DZK,CHINA,ELECTRIC,5.0,KURUNEGALA,BRAND NEW,2025.0,1,,WH 5000 DZK
THREE WHEELER,TVS,KING,INDIA,PETROL,199.26,TRINCOMALEE,BRAND NEW,2025.0,3,,KING
THREE WHEELER,MAHINDRA,TREO,INDIA,ELECTRIC,3.5,BATTICALOA,BRAND NEW,2025.0,1,,TREO
THREE WHEELER,MAHINDRA,TREO,INDIA,ELECTRIC,3.5,KURUNEGALA,BRAND NEW,2025.0,1,,TREO
THREE WHEELER,TVS,KING,INDIA,PETROL,199.26,KEGALLE,BRAND NEW,2025.0,3,,KING
THREE WHEELER,PIAGGIO,APE-XTRA-DX,INDIA,DIESEL,435.0,MATARA,BRAND NEW,2025.0,1,APE-XTRA-DX,Unknown
THREE WHEELER,MAHINDRA,TREO,INDIA,ELECTRIC,3.5,GALLE,BRAND NEW,2025.0,2,,TREO
THREE WHEELER,NWOW,ERVS4 PLUS,CHINA,ELECTRIC,0.8,GAMPAHA,BRAND NEW,2024.0,6,,ERVS4 PLUS
THREE WHEELER,NWOW,ERVS4 PLUS,CHINA,ELECTRIC,0.8,COLOMBO,BRAND NEW,2024.0,2,,ERVS4 PLUS
THREE WHEELER,MM,WH 5000 DZK,CHINA,ELECTRIC,5.0,COLOMBO,BRAND NEW,2025.0,1,,WH 5000 DZK
THREE WHEELER,PIAGGIO,APE AUTO DX,INDIA,DIESEL,435.0,RATNAPURA,BRAND NEW,2025.0,10,,APE AUTO DX
THREE WHEELER,PIAGGIO,APE AUTO DX,INDIA,DIESEL,435.0,KEGALLE,BRAND NEW,2025.0,12,,APE AUTO DX
THREE WHEELER,BAJAJ,RE 4S AUTORICKSHAW,INDIA,PETROL,237.0,MONERAGALA,BRAND NEW,2025.0,19,,RE 4S AUTORICKSHAW
THREE WHEELER,TVS,KING,INDIA,PETROL,199.26,KALUTARA,BRAND NEW,2025.0,12,,KING
THREE WHEELER,TVS,KING,INDIA,PETROL,199.26,PUTTALAM,BRAND NEW,2025.0,2,,KING
THREE WHEELER,PIAGGIO,APE AUTO DX,INDIA,DIESEL,435.0,HAMBANTOTA,BRAND NEW,2025.0,6,,APE AUTO DX
THREE WHEELER,MAHINDRA,TREO,INDIA,ELECTRIC,3.5,KEGALLE,BRAND NEW,2025.0,2,,TREO
THREE WHEELER,TVS,KING,INDIA,PETROL,199.26,NUWARA-ELIYA,BRAND NEW,2025.0,11,,KING
THREE WHEELER,TVS,KING,INDIA,PETROL,199.26,HAMBANTOTA,BRAND NEW,2025.0,1,,KING
THREE WHEELER,NWOW,ERVS4 PLUS,CHINA,ELECTRIC,0.8,PUTTALAM,BRAND NEW,2025.0,1,,ERVS4 PLUS
THREE WHEELER,ATUL,RIK,INDIA,PETROL,198.6,TRINCOMALEE,BRAND NEW,2025.0,4,,RIK
THREE WHEELER,BAJAJ,RE 4S AUTORICKSHAW,INDIA,PETROL,237.0,BATTICALOA,BRAND NEW,2102.0,1,,RE 4S AUTORICKSHAW
THREE WHEELER,PIAGGIO,APE AUTO DX,INDIA,DIESEL,435.0,KURUNEGALA,BRAND NEW,2025.0,4,,APE AUTO DX
THREE WHEELER,BAJAJ,RE 4S AUTORICKSHAW,INDIA,PETROL,237.0,MANNAR,BRAND NEW,2025.0,13,,RE 4S AUTORICKSHAW
THREE WHEELER,TVS,KING,INDIA,PETROL,199.26,BATTICALOA,BRAND NEW,2025.0,20,,KING
THREE WHEELER,MAHINDRA,TREO,INDIA,ELECTRIC,3.5,HAMBANTOTA,BRAND NEW,2025.0,1,,TREO
THREE WHEELER,ELEKTRATEQ,ETX,SRI LANKA,PETROL,5.0,POLONNARUWA,RECONDITIONED,2025.0,1,,ETX
THREE WHEELER,ELEKTRATEQ,ETX,SRI LANKA,PETROL,5.0,VAVUNIYA,BRAND NEW,2025.0,1,,ETX
THREE WHEELER,ELEKTRATEQ,ETX,SRI LANKA,PETROL,5.0,MULLATIVU,BRAND NEW,2025.0,1,,ETX
THREE WHEELER,PIAGGIO,APE AUTO DX,INDIA,DIESEL,435.0,MONERAGALA,BRAND NEW,2025.0,8,,APE AUTO DX
THREE WHEELER,PIAGGIO,APE AUTO DX,INDIA,DIESEL,435.0,AMPARA,BRAND NEW,2025.0,1,,APE AUTO DX
THREE WHEELER,PIAGGIO,APE AUTO DX,INDIA,DIESEL,435.0,MATARA,BRAND NEW,2025.0,10,,APE AUTO DX
THREE WHEELER,MAHINDRA,TREO,INDIA,ELECTRIC,3.5,ANURADHAPURA,BRAND NEW,2025.0,1,,TREO
THREE WHEELER,NWOW,ERVS4 PLUS,CHINA,ELECTRIC,0.8,GAMPAHA,BRAND NEW,2025.0,2,,ERVS4 PLUS
THREE WHEELER,PIAGGIO,APE E CITY MAX,INDIA,ELECTRIC,5.44,COLOMBO,BRAND NEW,2025.0,1,,APE E CITY MAX
THREE WHEELER,TVS,KING,INDIA,PETROL,199.26,VAVUNIYA,BRAND NEW,2025.0,3,,KING
THREE WHEELER,ELEKTRATEQ,ETX,SRI LANKA,PETROL,5.0,JAFFNA,BRAND NEW,2025.0,1,,ETX
THREE WHEELER,MAHINDRA,TREO,INDIA,ELECTRIC,3.5,PUTTALAM,BRAND NEW,2025.0,1,,TREO
THREE WHEELER,ELEKTRATEQ,ETX,SRI LANKA,ELECTRIC,5.0,GAMPAHA,BRAND NEW-L/MANUFACT,2025.0,3,,ETX
THREE WHEELER,PIAGGIO,APE AUTO DX,INDIA,DIESEL,435.0,ANURADHAPURA,BRAND NEW,2025.0,2,,APE AUTO DX
THREE WHEELER,TVS,KING,INDIA,PETROL,199.26,KURUNEGALA,BRAND NEW,2025.0,9,,KING
THREE WHEELER,ELEKTRATEQ,ETX,SRI LANKA,ELECTRIC,5.0,COLOMBO,BRAND NEW-L/MANUFACT,2025.0,2,,ETX
THREE WHEELER,ATUL,RIK,INDIA,PETROL,198.6,KURUNEGALA,BRAND NEW,2025.0,2,,RIK
THREE WHEELER,NWOW,ERVS4 PLUS,CHINA,ELECTRIC,0.8,GALLE,BRAND NEW,2025.0,1,,ERVS4 PLUS
THREE WHEELER,BAJAJ,RE 4S AUTORICKSHAW,INDIA,PETROL,237.0,KILINOCHCHI,BRAND NEW,2005.0,1,,RE 4S AUTORICKSHAW
THREE WHEELER,MAHINDRA,TREO,INDIA,ELECTRIC,3.5,POLONNARUWA,BRAND NEW,2025.0,1,,TREO
THREE WHEELER,PIAGGIO,APE AUTO DX,INDIA,DIESEL,435.0,MATALE,BRAND NEW,2025.0,5,,APE AUTO DX
THREE WHEELER,MAHINDRA,TREO,INDIA,ELECTRIC,3.5,MANNAR,BRAND NEW,2025.0,2,,TREO
TRACTOR TRAILER/BOWSER,LOCALLY BUILT,FOOD CABIN TRILER,SRI LANKA,NOT STATED,0.0,COLOMBO,LOCALLY BUILT,2025.0,1,,FOOD CABIN TRILER
TRACTOR TRAILER/BOWSER,LOCALLY BUILT,TRACTOR  TRAILER,SRI LANKA,NOT STATED,0.0,MULLATIVU,LOCALLY BUILT,2025.0,10,,TRACTOR  TRAILER
TRACTOR TRAILER/BOWSER,LOCALLY BUILT,TRACTOR  TRAILER,SRI LANKA,NOT STATED,0.0,BADULLA,LOCALLY BUILT,2025.0,1,,TRACTOR  TRAILER
TRACTOR TRAILER/BOWSER,LOCALLY BUILT,TRACTOR  TRAILER,SRI LANKA,NOT STATED,0.0,JAFFNA,LOCALLY BUILT,2025.0,22,,TRACTOR  TRAILER
TRACTOR TRAILER/BOWSER,LOCALLY BUILT,TRACTOR TRAILER,SRI LANKA,NOT STATED,0.0,POLONNARUWA,LOCALLY BUILT,2025.0,8,,TRACTOR TRAILER
TRACTOR TRAILER/BOWSER,LOCALLY BUILT,TRACTOR  TRAILER,SRI LANKA,NOT STATED,0.0,KANDY,LOCALLY BUILT,2025.0,2,,TRACTOR  TRAILER
TRACTOR TRAILER/BOWSER,WIMAL AGRO,TRACTOR BOWSER,SRI LANKA,NOT STATED,0.0,MATALE,LOCALLY BUILT,2021.0,1,,TRACTOR BOWSER
TRACTOR TRAILER/BOWSER,LOCALLY BUILT,TRACTOR  TRAILER,SRI LANKA,NOT STATED,0.0,KILINOCHCHI,LOCALLY BUILT,2025.0,10,,TRACTOR  TRAILER
TRACTOR TRAILER/BOWSER,LOCALLY BUILT,TRACTOR  TRAILER,SRI LANKA,NOT STATED,0.0,PUTTALAM,LOCALLY BUILT,2025.0,3,,TRACTOR  TRAILER
TRACTOR TRAILER/BOWSER,LOCALLY BUILT,TRACTOR  TRAILER,SRI LANKA,NOT STATED,0.0,TRINCOMALEE,LOCALLY BUILT,2025.0,6,,TRACTOR  TRAILER
TRACTOR TRAILER/BOWSER,LOCALLY BUILT,TRACTOR TRAILER,SRI LANKA,NOT STATED,0.0,GAMPAHA,LOCALLY BUILT,2025.0,3,,TRACTOR TRAILER
TRACTOR TRAILER/BOWSER,LOCALLY BUILT,TRACTOR TRAILER,SRI LANKA,NOT STATED,0.0,MONERAGALA,LOCALLY BUILT,2025.0,9,,TRACTOR TRAILER
TRACTOR TRAILER/BOWSER,LOCALLY BUILT,TRACTOR TRAILER,SRI LANKA,NOT STATED,0.0,TRINCOMALEE,LOCALLY BUILT,2025.0,7,,TRACTOR TRAILER
TRACTOR TRAILER/BOWSER,LOCALLY BUILT,TANKER BOWSER,SRI LANKA,NOT STATED,0.0,KURUNEGALA,LOCALLY BUILT,2025.0,1,,TANKER BOWSER
TRACTOR TRAILER/BOWSER,LOCALLY BUILT,TRACTOR TRAILER,SRI LANKA,NOT STATED,0.0,COLOMBO,LOCALLY BUILT,2025.0,1,,TRACTOR TRAILER
TRACTOR TRAILER/BOWSER,LOCALLY BUILT,TRAILER BOWSER,SRI LANKA,NOT STATED,0.0,BATTICALOA,LOCALLY BUILT,2025.0,1,,TRAILER BOWSER
TRACTOR TRAILER/BOWSER,LOCALLY BUILT,TRACTOR  TRAILER,SRI LANKA,NOT STATED,0.0,ANURADHAPURA,LOCALLY BUILT,2025.0,17,,TRACTOR  TRAILER
TRACTOR TRAILER/BOWSER,LOCALLY BUILT,TRACTOR TRAILER,SRI LANKA,NOT STATED,0.0,ANURADHAPURA,LOCALLY BUILT,2025.0,20,,TRACTOR TRAILER
TRACTOR TRAILER/BOWSER,SACHINTHA,TRAILER BOWSER,SRI LANKA,NOT STATED,0.0,ANURADHAPURA,LOCALLY BUILT,2024.0,1,,TRAILER BOWSER
TRACTOR TRAILER/BOWSER,NIROSH TRAILER,TRACTOR TRAILER,SRI LANKA,NOT STATED,0.0,HAMBANTOTA,BRAND NEW,2025.0,1,,TRACTOR TRAILER
TRACTOR TRAILER/BOWSER,LOCALLY BUILT,TRACTOR TRAILER,SRI LANKA,NOT STATED,0.0,HAMBANTOTA,LOCALLY BUILT,2025.0,6,,TRACTOR TRAILER
TRACTOR TRAILER/BOWSER,LOCALLY BUILT,TRACTOR TRAILER,SRI LANKA,NOT STATED,0.0,KEGALLE,LOCALLY BUILT,2025.0,1,,TRACTOR TRAILER
TRACTOR TRAILER/BOWSER,LOCALLY BUILT,TRACTOR  TRAILER,SRI LANKA,NOT STATED,0.0,BATTICALOA,LOCALLY BUILT,2025.0,15,,TRACTOR  TRAILER
TRACTOR TRAILER/BOWSER,LOCALLY BUILT,TRACTOR  TRAILER,SRI LANKA,NOT STATED,0.0,MATALE,LOCALLY BUILT,2025.0,6,,TRACTOR  TRAILER
TRACTOR TRAILER/BOWSER,LOCALLY BUILT,TRACTOR  TRAILER,SRI LANKA,NOT STATED,0.0,HAMBANTOTA,LOCALLY BUILT,2023.0,1,,TRACTOR  TRAILER
TRACTOR TRAILER/BOWSER,LOCALLY BUILT,LOW BED TRAILER,SRI LANKA,NOT STATED,0.0,KURUNEGALA,LOCALLY BUILT,2025.0,2,,LOW BED TRAILER
TRACTOR TRAILER/BOWSER,WIMAL AGRO,TRACTOR BOWSER,SRI LANKA,NOT STATED,0.0,TRINCOMALEE,LOCALLY BUILT,2025.0,2,,TRACTOR BOWSER
TRACTOR TRAILER/BOWSER,LOCALLY BUILT,TRACTOR  TRAILER,SRI LANKA,NOT STATED,0.0,MULLATIVU,BRAND NEW,2025.0,1,,TRACTOR  TRAILER
TRACTOR TRAILER/BOWSER,LOCALLY BUILT,LOW BED TRAILER,SRI LANKA,NOT STATED,0.0,MATALE,LOCALLY BUILT,2025.0,1,,LOW BED TRAILER
TRACTOR TRAILER/BOWSER,LOCALLY BUILT,TANKER BOWSER,SRI LANKA,NOT STATED,0.0,HAMBANTOTA,LOCALLY BUILT,2025.0,1,,TANKER BOWSER
TRACTOR TRAILER/BOWSER,LOCALLY BUILT,TRACTOR  TRAILER,SRI LANKA,NOT STATED,0.0,VAVUNIYA,LOCALLY BUILT,2025.0,4,,TRACTOR  TRAILER
TRACTOR TRAILER/BOWSER,LOCALLY BUILT,TRACTOR  TRAILER,SRI LANKA,NOT STATED,0.0,MANNAR,LOCALLY BUILT,2025.0,1,,TRACTOR  TRAILER
TRACTOR TRAILER/BOWSER,LOCALLY BUILT,TRACTOR  TRAILER,SRI LANKA,NOT STATED,0.0,GAMPAHA,LOCALLY BUILT,2025.0,4,,TRACTOR  TRAILER
TRACTOR TRAILER/BOWSER,SACHINTHA,TRAILER BOWSER,SRI LANKA,NOT STATED,0.0,GAMPAHA,LOCALLY BUILT,2024.0,1,,TRAILER BOWSER
TRACTOR TRAILER/BOWSER,LOCALLY BUILT,TRACTOR  TRAILER,SRI LANKA,NOT STATED,0.0,KURUNEGALA,LOCALLY BUILT,2025.0,2,,TRACTOR  TRAILER
TRACTOR TRAILER/BOWSER,LOCALLY BUILT,TRACTOR  TRAILER,SRI LANKA,NOT STATED,0.0,VAVUNIYA,BRAND NEW,2025.0,1,,TRACTOR  TRAILER
TRACTOR TRAILER/BOWSER,LOCALLY BUILT,TRACTOR TRAILER,SRI LANKA,NOT STATED,0.0,TRINCOMALEE,BRAND NEW,2025.0,2,,TRACTOR TRAILER
TRACTOR TRAILER/BOWSER,LOCALLY BUILT,TRAILER BOWSER,SRI LANKA,NOT STATED,0.0,AMPARA,LOCALLY BUILT,2025.0,2,,TRAILER BOWSER
TRACTOR TRAILER/BOWSER,LOCALLY BUILT,TRACTOR TRAILER,SRI LANKA,NOT STATED,0.0,KILINOCHCHI,LOCALLY BUILT,2025.0,1,,TRACTOR TRAILER
TRACTOR TRAILER/BOWSER,WIMAL AGRO,TRACTOR BOWSER,SRI LANKA,NOT STATED,0.0,RATNAPURA,LOCALLY BUILT,2025.0,1,,TRACTOR BOWSER
TRACTOR TRAILER/BOWSER,LOCALLY BUILT,TANKER BOWSER,SRI LANKA,NOT STATED,0.0,MANNAR,LOCALLY BUILT,2025.0,1,,TANKER BOWSER
TRACTOR TRAILER/BOWSER,LOCALLY BUILT,LOW BED TRAILER,SRI LANKA,NOT STATED,0.0,POLONNARUWA,LOCALLY BUILT,2025.0,4,,LOW BED TRAILER
TRACTOR TRAILER/BOWSER,LOCALLY BUILT,TRACTOR  TRAILER,SRI LANKA,NOT STATED,0.0,POLONNARUWA,LOCALLY BUILT,2025.0,7,,TRACTOR  TRAILER
TRACTOR TRAILER/BOWSER,LOCALLY BUILT,LOW BED TRAILER,SRI LANKA,NOT STATED,0.0,TRINCOMALEE,LOCALLY BUILT,2025.0,2,,LOW BED TRAILER
TRACTOR TRAILER/BOWSER,LOCALLY BUILT,TRACTOR  TRAILER,SRI LANKA,NOT STATED,0.0,MATARA,LOCALLY BUILT,2025.0,1,,TRACTOR  TRAILER
TRACTOR TRAILER/BOWSER,LOCALLY BUILT,TRACTOR  TRAILER,SRI LANKA,NOT STATED,0.0,MONERAGALA,LOCALLY BUILT,2025.0,3,,TRACTOR  TRAILER
TRACTOR TRAILER/BOWSER,LOCALLY BUILT,TRACTOR TRAILER,SRI LANKA,NOT STATED,0.0,RATNAPURA,LOCALLY BUILT,2025.0,3,,TRACTOR TRAILER
TRACTOR TRAILER/BOWSER,LOCALLY BUILT,TANKER BOWSER,SRI LANKA,NOT STATED,0.0,BADULLA,LOCALLY BUILT,2025.0,3,,TANKER BOWSER
TRACTOR TRAILER/BOWSER,LOCALLY BUILT,LOW BED TRAILER,SRI LANKA,NOT STATED,0.0,MULLATIVU,LOCALLY BUILT,2025.0,1,,LOW BED TRAILER
TRACTOR TRAILER/BOWSER,LOCALLY BUILT,TRACTOR TRAILER,SRI LANKA,NOT STATED,0.0,MATALE,LOCALLY BUILT,2025.0,1,,TRACTOR TRAILER
TRACTOR TRAILER/BOWSER,LOCALLY BUILT,TRACTOR TRAILER,SRI LANKA,NOT STATED,0.0,BADULLA,LOCALLY BUILT,2025.0,2,,TRACTOR TRAILER
TRACTOR TRAILER/BOWSER,LOCALLY BUILT,TANKER BOWSER,SRI LANKA,NOT STATED,0.0,GAMPAHA,LOCALLY BUILT,2025.0,1,,TANKER BOWSER
TRACTOR TRAILER/BOWSER,LOCALLY BUILT,TRAILER BOWSER,SRI LANKA,NOT STATED,0.0,MATALE,LOCALLY BUILT,2025.0,1,,TRAILER BOWSER
TRACTOR TRAILER/BOWSER,LOCALLY BUILT,TRACTOR TRAILER,SRI LANKA,NOT STATED,0.0,AMPARA,LOCALLY BUILT,2025.0,8,,TRACTOR TRAILER
TRACTOR TRAILER/BOWSER,LOCALLY BUILT,TRACTOR TRAILER,SRI LANKA,NOT STATED,0.0,MULLATIVU,LOCALLY BUILT,2025.0,4,,TRACTOR TRAILER
TRACTOR TRAILER/BOWSER,LOCALLY BUILT,LOW BED TRAILER,SRI LANKA,NOT STATED,0.0,ANURADHAPURA,LOCALLY BUILT,2025.0,2,,LOW BED TRAILER
TRACTOR TRAILER/BOWSER,LOCALLY BUILT,TRACTOR TRAILER,SRI LANKA,NOT STATED,0.0,BATTICALOA,LOCALLY BUILT,2025.0,2,,TRACTOR TRAILER
TRACTOR TRAILER/BOWSER,NIROSH TRAILER,TRACTOR TRAILER,SRI LANKA,NOT STATED,0.0,COLOMBO,LOCALLY BUILT,2025.0,3,,TRACTOR TRAILER
TRACTOR TRAILER/BOWSER,LOCALLY BUILT,LOW BED TRAILER,SRI LANKA,NOT STATED,0.0,MONERAGALA,LOCALLY BUILT,2025.0,3,,LOW BED TRAILER
TRACTOR TRAILER/BOWSER,LOCALLY BUILT,TRACTOR  TRAILER,SRI LANKA,NOT STATED,0.0,RATNAPURA,LOCALLY BUILT,2025.0,1,,TRACTOR  TRAILER
TRACTOR TRAILER/BOWSER,SACHINTHA,TRACTOR TRAILER,SRI LANKA,NOT STATED,0.0,GAMPAHA,LOCALLY BUILT,2024.0,1,,TRACTOR TRAILER
TRACTOR TRAILER/BOWSER,LOCALLY BUILT,TANKER BOWSER,SRI LANKA,NOT STATED,0.0,ANURADHAPURA,LOCALLY BUILT,2025.0,1,,TANKER BOWSER
TRACTOR TRAILER/BOWSER,LOCALLY BUILT,TRACTOR  TRAILER,SRI LANKA,NOT STATED,0.0,AMPARA,LOCALLY BUILT,2025.0,14,,TRACTOR  TRAILER
TRACTOR TRAILER/BOWSER,LOCALLY BUILT,TRACTOR TRAILER,SRI LANKA,NOT STATED,0.0,KURUNEGALA,LOCALLY BUILT,2025.0,28,,TRACTOR TRAILER
TRACTOR TRAILER/BOWSER,LOCALLY BUILT,TRACTOR TRAILER,SRI LANKA,DIESEL,0.0,KURUNEGALA,LOCALLY BUILT,2025.0,1,,TRACTOR TRAILER
TRACTOR TRAILER/BOWSER,LOCALLY BUILT,LOW BED TRAILER,SRI LANKA,NOT STATED,0.0,HAMBANTOTA,LOCALLY BUILT,2025.0,8,,LOW BED TRAILER
TRACTOR TRAILER/BOWSER,LOCALLY BUILT,TRACTOR  TRAILER,SRI LANKA,NOT STATED,0.0,HAMBANTOTA,LOCALLY BUILT,2025.0,2,,TRACTOR  TRAILER
TRACTOR TRAILER/BOWSER,LOCALLY BUILT,TRACTOR TRAILER,SRI LANKA,NOT STATED,0.0,MANNAR,LOCALLY BUILT,2025.0,1,,TRACTOR TRAILER
TRACTOR TRAILER/BOWSER,LOCALLY BUILT,TRACTOR TRAILER,SRI LANKA,NOT STATED,0.0,PUTTALAM,LOCALLY BUILT,2025.0,5,,TRACTOR TRAILER
TRACTOR TRAILER/BOWSER,LOCALLY BUILT,TRACTOR TRAILER,SRI LANKA,NOT STATED,0.0,KANDY,LOCALLY BUILT,2025.0,1,,TRACTOR TRAILER
TRACTOR TRAILER/BOWSER,NIROSH TRAILER,TRACTOR TRAILER,SRI LANKA,NOT STATED,0.0,COLOMBO,BRAND NEW,2025.0,4,,TRACTOR TRAILER
TRACTOR TRAILER/BOWSER,LOCALLY BUILT,TANKER BOWSER,SRI LANKA,NOT STATED,0.0,KALUTARA,LOCALLY BUILT,2025.0,1,,TANKER BOWSER
TRACTOR TRAILER/BOWSER,LOCALLY BUILT,TRACTOR TRAILER,SRI LANKA,NOT STATED,0.0,VAVUNIYA,LOCALLY BUILT,2025.0,2,,TRACTOR TRAILER
