Class of Vehicle,Make/Manufa. Name,Model,Country,Fuel Used,Cylinder Capacity,District,Registration Status,No of vehicle,Model_Code,Clean_Name
MOTOR CYCLE,RISE,LEADER R 100,SRI LANKA,ELECTRIC,2.0,RATNAPURA,BRAND NEW-L/MANUFACT,1,,LEADER R 100
MOTOR CYCLE,RISE,LEADER R80,SRI LANKA,ELECTRIC,2.0,PUTTALAM,BRAND NEW-L/MANUFACT,2,,LEADER R80
MOTOR CYCLE,RISE,LEADER R80,SRI LANKA,PETROL,2.0,GALLE,BRAND NEW-L/MANUFACT,1,,LEADER R80
MOTOR CYCLE,HONDA,C90 CUSTOM,JAPAN,PETROL,90.0,PUTTALAM,RECONDITIONED,1,,C90 CUSTOM
CAR,VOLKSWAGEN,3AA-CDDLA GOLF,GERMANY,PETROL,996.0,COLOMBO,RECONDITIONED,1,3AA-CDDLA,GOLF
DUAL PURPOSE (COMMERCIAL),TOYOTA,HILUX REVO GR SPORT,THAILAND,DIESEL,2755.0,GALLE,RECONDITIONED,5,,HILUX REVO GR SPORT
DUAL PURPOSE (COMMERCIAL),TOYOTA,HILUX REVO,THAILAND,DIESEL,2755.0,NUWARA-ELIYA,RECONDITIONED,1,,HILUX REVO
CAR,AUDI,3AA-GYDLA A3,GERMANY,PETROL,999.0,COLOMBO,RECONDITIONED,1,3AA-GYDLA,A3
CAR,TOYOTA,3BA NGX10 C-HR,JAPAN,PETROL,1196.0,KALUTARA,RECONDITIONED,1,,3BA NGX10 C-HR
CAR,TOYOTA,3BA TRJ150W,JAPAN,PETROL,2693.0,COLOMBO,RECONDITIONED,1,,3BA TRJ150W
MOTOR CYCLE,HONDA,PCX 125,VIETNAM,PETROL,124.0,KURUNEGALA,RECONDITIONED,7,,PCX 125
CAR,TOYOTA,3BA VJA300W GNUZZ,JAPAN,PETROL,3444.0,PUTTALAM,RECONDITIONED,1,,3BA VJA300W GNUZZ
CAR,B.M.W.,3BA-7K15 218I MSPORT,GERMANY,PETROL,1499.0,COLOMBO,RECONDITIONED,1,3BA-7K15,218I MSPORT
CAR,B.M.W.,3BA-7K15 218IM SPORT,GERMANY,PETROL,1490.0,GAMPAHA,RECONDITIONED,1,3BA-7K15,218IM SPORT
MOTOR CYCLE,HONDA,PCX 160,VIETNAM,PETROL,157.0,KURUNEGALA,RECONDITIONED,4,,PCX 160
MOTOR CYCLE,HONDA,PCX,JAPAN,PETROL,157.0,KANDY,RECONDITIONED,3,,PCX
MOTOR CYCLE,HONDA,ADV 160,JAPAN,PETROL,157.0,PUTTALAM,RECONDITIONED,3,,ADV 160
SPECIAL PURPOSE VEHICLE,CLARK,FX70D,KOREA,DIESEL,2400.0,GAMPAHA,RECONDITIONED,1,,FX70D
SPECIAL PURPOSE VEHICLE,FURUKAWA,FL60A WHEEL LOADER,JAPAN,DIESEL,2369.0,PUTTALAM,RECONDITIONED,1,,FL60A WHEEL LOADER
MOTOR CYCLE,HONDA,8BK-KF47,JAPAN,PETROL,157.0,PUTTALAM,RECONDITIONED,1,8BK-KF47,Unknown
CAR,TOYOTA,3BA-A210 A RAIZE,JAPAN,PETROL,996.0,KANDY,RECONDITIONED,1,3BA-A210,A RAIZE
CAR,TOYOTA,3BA-A210A,JAPAN,PETROL,997.0,COLOMBO,RECONDITIONED,1,3BA-A210A,RAIZE
MOTOR CYCLE,HONDA,PCX 125,JAPAN,PETROL,124.0,AMPARA,RECONDITIONED,1,,PCX 125
CAR,TOYOTA,3BA-A210A,JAPAN,PETROL,996.0,COLOMBO,RECONDITIONED,1,3BA-A210A,RAIZE
CAR,TOYOTA,3BA-A210A,JAPAN,PETROL,996.0,GALLE,RECONDITIONED,2,3BA-A210A,RAIZE
CAR,TOYOTA,3BA-A210A,JAPAN,PETROL,996.0,GAMPAHA,RECONDITIONED,1,3BA-A210A,RAIZE
LAND VEHICLE (SMALL),KUBOTA,K7,JAPAN,DIESEL,401.0,RATNAPURA,RECONDITIONED,1,,K7
MOTOR CYCLE,HONDA,JK05 / PCX,JAPAN,PETROL,124.0,PUTTALAM,RECONDITIONED,1,,JK05 / PCX
CAR,TOYOTA,3BA-A210A,JAPAN,PETROL,996.0,KALUTARA,RECONDITIONED,1,3BA-A210A,RAIZE
CAR,TOYOTA,3BA-A210A  RAIZE,JAPAN,PETROL,996.0,BADULLA,RECONDITIONED,1,3BA-A210A,RAIZE
CAR,TOYOTA,3BA-A210A  RAIZE,JAPAN,PETROL,996.0,MONERAGALA,RECONDITIONED,1,3BA-A210A,RAIZE
MOTOR CYCLE,HONDA,PCX,JAPAN,PETROL,156.0,POLONNARUWA,RECONDITIONED,1,,PCX
CAR,TOYOTA,3BA-A210A RAIZE,JAPAN,PETROL,996.0,AMPARA,RECONDITIONED,3,3BA-A210A,RAIZE
CAR,TOYOTA,3BA-A210A RAIZE,JAPAN,PETROL,996.0,ANURADHAPURA,RECONDITIONED,2,3BA-A210A,RAIZE
CAR,TOYOTA,3BA-A210A RAIZE,JAPAN,PETROL,996.0,BADULLA,RECONDITIONED,5,3BA-A210A,RAIZE
SINGLE CAB,TOYOTA,3BD-S500U PIXIS,JAPAN,PETROL,658.0,GALLE,RECONDITIONED,1,3BD-S500U,PIXIS
MOTOR CYCLE,HONDA,PCX125,JAPAN,PETROL,124.0,PUTTALAM,RECONDITIONED,1,,PCX125
CAR,TOYOTA,3BA-A210A RAIZE,JAPAN,PETROL,996.0,BATTICALOA,RECONDITIONED,1,3BA-A210A,RAIZE
CAR,TOYOTA,3BA-A210A RAIZE,JAPAN,PETROL,996.0,COLOMBO,RECONDITIONED,19,3BA-A210A,RAIZE
CAR,TOYOTA,3BA-A210A RAIZE,JAPAN,PETROL,990.0,COLOMBO,RECONDITIONED,2,3BA-A210A,RAIZE
CAR,TOYOTA,3BA-A210A RAIZE,JAPAN,PETROL,996.0,GALLE,RECONDITIONED,5,3BA-A210A,RAIZE
CAR,TOYOTA,3BA-A210A RAIZE,JAPAN,PETROL,996.0,GAMPAHA,RECONDITIONED,19,3BA-A210A,RAIZE
CAR,TOYOTA,3BA-A210A RAIZE,JAPAN,PETROL,998.0,GAMPAHA,RECONDITIONED,1,3BA-A210A,RAIZE
CAR,TOYOTA,3BA-A210A RAIZE,JAPAN,PETROL,996.0,JAFFNA,RECONDITIONED,2,3BA-A210A,RAIZE
CAR,TOYOTA,3BA-A210A RAIZE,JAPAN,PETROL,996.0,KALUTARA,RECONDITIONED,4,3BA-A210A,RAIZE
CAR,TOYOTA,3BA-A210A RAIZE,JAPAN,PETROL,996.0,KANDY,RECONDITIONED,3,3BA-A210A,RAIZE
DUAL PURPOSE (COMMERCIAL),TOYOTA,3DF-GUN125 HILUX,JAPAN,DIESEL,2393.0,GAMPAHA,RECONDITIONED,1,3DF-GUN125,HILUX
CAR,TOYOTA,3BA-A210A RAIZE,JAPAN,PETROL,990.0,KANDY,RECONDITIONED,1,3BA-A210A,RAIZE
LAND VEHICLE (SMALL),KUBOTA,K600,JAPAN,DIESEL,422.0,JAFFNA,RECONDITIONED,1,,K600
COMMERCIAL,TOYOTA,3DF-GDH223B HIACE,JAPAN,DIESEL,2754.0,GALLE,RECONDITIONED,1,3DF-GDH223B,HIACE
CAR,TOYOTA,3BA-A210A RAIZE,JAPAN,PETROL,990.0,KEGALLE,RECONDITIONED,1,3BA-A210A,RAIZE
CAR,TOYOTA,3BA-A210A RAIZE,JAPAN,PETROL,996.0,KEGALLE,RECONDITIONED,3,3BA-A210A,RAIZE
DUAL PURPOSE (COMMERCIAL),FORD,RAPTOR 4WD,THAILAND,PETROL,2956.0,KANDY,RECONDITIONED,1,,RAPTOR 4WD
CAR,TOYOTA,3BA-A210A RAIZE,JAPAN,PETROL,996.0,KURUNEGALA,RECONDITIONED,9,3BA-A210A,RAIZE
SINGLE CAB,TOYOTA,HILUX REVO,THAILAND,DIESEL,2755.0,HAMBANTOTA,RECONDITIONED,1,,HILUX REVO
MOTOR CYCLE,RISE,LEADER R80,SRI LANKA,ELECTRIC,2.0,KURUNEGALA,BRAND NEW-L/MANUFACT,1,,LEADER R80
MOTOR CYCLE,RISE,LEADER PLUS,SRI LANKA,ELECTRIC,2.0,KANDY,BRAND NEW-L/MANUFACT,1,,LEADER PLUS
MOTOR CYCLE,RISE,LEADER PLUS,SRI LANKA,ELECTRIC,2.0,HAMBANTOTA,BRAND NEW-L/MANUFACT,1,,LEADER PLUS
SPECIAL PURPOSE VEHICLE,J.C.B,3CX,UNITED KINGDOM,DIESEL,4400.0,KALUTARA,RECONDITIONED,1,,3CX
COMMERCIAL,TOYOTA,HIACE COMMUTER,THAILAND,DIESEL,2755.0,COLOMBO,RECONDITIONED,1,,HIACE COMMUTER
CAR,TOYOTA,3BA-A210A RAIZE,JAPAN,PETROL,990.0,KURUNEGALA,RECONDITIONED,2,3BA-A210A,RAIZE
CAR,TOYOTA,3BA-A210A RAIZE,JAPAN,PETROL,996.0,MANNAR,RECONDITIONED,1,3BA-A210A,RAIZE
CAR,TOYOTA,3BA-A210A RAIZE,JAPAN,PETROL,996.0,MATARA,RECONDITIONED,2,3BA-A210A,RAIZE
DUAL PURPOSE (COMMERCIAL),TMT,3DF-GUN125 HILUX,JAPAN,DIESEL,2393.0,KURUNEGALA,RECONDITIONED,1,3DF-GUN125,HILUX
CAR,TOYOTA,3BA-A210A RAIZE,JAPAN,PETROL,996.0,MONERAGALA,RECONDITIONED,1,3BA-A210A,RAIZE
MOTOR CYCLE,HONDA,PCX JK 05,JAPAN,PETROL,124.0,JAFFNA,RECONDITIONED,1,,PCX JK 05
DUAL PURPOSE (COMMERCIAL),TOYOTA,HILUX REVO GR SPORT,THAILAND,DIESEL,2755.0,KURUNEGALA,RECONDITIONED,4,,HILUX REVO GR SPORT
DUAL PURPOSE (COMMERCIAL),TOYOTA,HILUX GR SPORT,THAILAND,DIESEL,2755.0,GALLE,RECONDITIONED,1,,HILUX GR SPORT
SPECIAL PURPOSE VEHICLE,T.C.M,810A WHEEL LOADER,JAPAN,DIESEL,1500.0,AMPARA,RECONDITIONED,1,,810A WHEEL LOADER
CAR,TOYOTA,3BA-A210A RAIZE,JAPAN,PETROL,996.0,MULLATIVU,RECONDITIONED,1,3BA-A210A,RAIZE
CAR,TOYOTA,3BA-A210A RAIZE,JAPAN,PETROL,996.0,NUWARA-ELIYA,RECONDITIONED,1,3BA-A210A,RAIZE
MOTOR CYCLE,HONDA,PCX 125,JAPAN,PETROL,124.0,GAMPAHA,RECONDITIONED,2,,PCX 125
CAR,TOYOTA,3BA-A210A RAIZE,JAPAN,PETROL,996.0,PUTTALAM,RECONDITIONED,3,3BA-A210A,RAIZE
LAND VEHICLE,KUBOTA,L2002 DT,JAPAN,DIESEL,1300.0,RATNAPURA,RECONDITIONED,1,,L2002 DT
CAR,TOYOTA,3BA-A210A RAIZE,JAPAN,PETROL,996.0,RATNAPURA,RECONDITIONED,3,3BA-A210A,RAIZE
CAR,TOYOTA,3BA-A210A RAIZE,JAPAN,PETROL,990.0,TRINCOMALEE,RECONDITIONED,1,3BA-A210A,RAIZE
CAR,TOYOTA,3BA-A210A-RAIZE,JAPAN,PETROL,996.0,TRINCOMALEE,RECONDITIONED,1,3BA-A210A-RAIZE,Unknown
SPECIAL PURPOSE VEHICLE,J.C.B,3CX,UNITED KINGDOM,DIESEL,3990.0,GALLE,RECONDITIONED,1,,3CX
CAR,DAIHATSU,3BA-A210S,JAPAN,PETROL,996.0,COLOMBO,RECONDITIONED,1,3BA-A210S,ROCKY
CAR,DAIHATSU,3BA-A210S ROCKY,JAPAN,PETROL,996.0,GAMPAHA,RECONDITIONED,1,3BA-A210S,ROCKY
MOTOR CYCLE,HONDA,ADV160,JAPAN,PETROL,157.0,COLOMBO,RECONDITIONED,4,,ADV160
CAR,DAIHATSU,3BA-A210S ROCKY,JAPAN,PETROL,996.0,MATARA,RECONDITIONED,1,3BA-A210S,ROCKY
CAR,VOLKSWAGEN,3BA-C1DKR,GERMANY,PETROL,999.0,COLOMBO,RECONDITIONED,1,3BA-C1DKR,Unknown
LAND VEHICLE (SMALL),KUBOTA,K550,JAPAN,DIESEL,375.0,MATARA,RECONDITIONED,1,,K550
LAND VEHICLE (SMALL),KUBOTA,K600A,JAPAN,DIESEL,598.0,KALUTARA,RECONDITIONED,1,,K600A
CAR,SUZUKI,3BA-DA17W,JAPAN,PETROL,650.0,GAMPAHA,RECONDITIONED,1,3BA-DA17W,EVERYWAGON
CAR,SUZUKI,3BA-DA17W,JAPAN,PETROL,658.0,GAMPAHA,RECONDITIONED,1,3BA-DA17W,EVERYWAGON
DUAL PURPOSE (COMMERCIAL),TOYOTA,HILUX REVO ROCCO,THAILAND,DIESEL,2755.0,HAMBANTOTA,RECONDITIONED,1,,HILUX REVO ROCCO
CAR,SUZUKI,3BA-DA17W,JAPAN,PETROL,658.0,KANDY,RECONDITIONED,1,3BA-DA17W,EVERYWAGON
DUAL PURPOSE (COMMERCIAL),TOYOTA,HILUX REVO GR SPORT,THAILAND,DIESEL,2755.0,POLONNARUWA,RECONDITIONED,1,,HILUX REVO GR SPORT
CAR,SUZUKI,3BA-DA17W EVERY,JAPAN,PETROL,658.0,COLOMBO,RECONDITIONED,7,3BA-DA17W,EVERY
CAR,SUZUKI,3BA-DA17W EVERY,JAPAN,PETROL,658.0,GALLE,RECONDITIONED,1,3BA-DA17W,EVERY
DUAL PURPOSE (COMMERCIAL),FORD,RANGER RAPTOR,THAILAND,DIESEL,1996.0,PUTTALAM,RECONDITIONED,2,,RANGER RAPTOR
CAR,SUZUKI,3BA-DA17W EVERY,JAPAN,PETROL,658.0,GAMPAHA,RECONDITIONED,1,3BA-DA17W,EVERY
CAR,SUZUKI,3BA-DA17W EVERY,JAPAN,PETROL,658.0,KALUTARA,RECONDITIONED,1,3BA-DA17W,EVERY
CAR,SUZUKI,3BA-DA17W EVERY,JAPAN,PETROL,658.0,KURUNEGALA,RECONDITIONED,1,3BA-DA17W,EVERY
CAR,SUZUKI,3BA-DA17W EVERYWAGON,JAPAN,PETROL,658.0,BADULLA,RECONDITIONED,1,3BA-DA17W,EVERYWAGON
CAR,SUZUKI,3BA-DA17W EVERYWAGON,JAPAN,PETROL,658.0,COLOMBO,RECONDITIONED,2,3BA-DA17W,EVERYWAGON
LAND VEHICLE (SMALL),KUBOTA,K600,JAPAN,DIESEL,422.0,MONERAGALA,RECONDITIONED,1,,K600
CAR,SUZUKI,3BA-DA17W EVERYWAGON,JAPAN,PETROL,658.0,GAMPAHA,RECONDITIONED,1,3BA-DA17W,EVERYWAGON
CAR,AUDI,3BA-GBDKL,GERMANY,PETROL,999.0,KURUNEGALA,RECONDITIONED,1,3BA-GBDKL,Unknown
CAR,SUZUKI,3BA-HA37S,JAPAN,PETROL,658.0,COLOMBO,RECONDITIONED,2,3BA-HA37S,ALTO
CAR,SUZUKI,3BA-HA37S ALTO,JAPAN,PETROL,658.0,BADULLA,RECONDITIONED,2,3BA-HA37S,ALTO
MOTOR LORRY (COMMERCIAL),ISUZU,TKG-NKR85A ELF,JAPAN,DIESEL,2990.0,COLOMBO,RECONDITIONED,1,TKG-NKR85A,ELF
CAR,SUZUKI,3BA-HA37S ALTO,JAPAN,PETROL,658.0,COLOMBO,RECONDITIONED,2,3BA-HA37S,ALTO
CAR,SUZUKI,3BA-HA37S ALTO,JAPAN,PETROL,656.0,GALLE,RECONDITIONED,1,3BA-HA37S,ALTO
CAR,SUZUKI,3BA-HA37S ALTO,JAPAN,PETROL,658.0,GAMPAHA,RECONDITIONED,3,3BA-HA37S,ALTO
MOTOR CYCLE,RISE,LEADER PLUS,SRI LANKA,ELECTRIC,2.0,MULLATIVU,BRAND NEW-L/MANUFACT,2,,LEADER PLUS
MOTOR CYCLE,RISE,LEADER PLUS,SRI LANKA,ELECTRIC,2.0,TRINCOMALEE,BRAND NEW-L/MANUFACT,1,,LEADER PLUS
MOTOR CYCLE,RISE,LEADER PLUS,SRI LANKA,ELECTRIC,2.0,RATNAPURA,BRAND NEW-L/MANUFACT,2,,LEADER PLUS
MOTOR CYCLE,RISE,LEADER R80,SRI LANKA,ELECTRIC,2.0,GAMPAHA,BRAND NEW-L/MANUFACT,1,,LEADER R80
MOTOR CYCLE,RISE,LEADER R80,SRI LANKA,ELECTRIC,2.0,MATARA,BRAND NEW-L/MANUFACT,1,,LEADER R80
DUAL PURPOSE (COMMERCIAL),FORD,RANGER RAPTOR,THAILAND,DIESEL,1996.0,COLOMBO,NEW,1,,RANGER RAPTOR
CAR,SUZUKI,3BA-HA37S ALTO,JAPAN,PETROL,658.0,KANDY,RECONDITIONED,1,3BA-HA37S,ALTO
DUAL PURPOSE (COMMERCIAL),TOYOTA,HILUX REVO GR SPORT,THAILAND,DIESEL,2755.0,COLOMBO,RECONDITIONED,12,,HILUX REVO GR SPORT
CAR,SUZUKI,3BA-HA37S ALTO,JAPAN,PETROL,650.0,KEGALLE,RECONDITIONED,1,3BA-HA37S,ALTO
DUAL PURPOSE (COMMERCIAL),FORD,RANGER MS RT,THAILAND,DIESEL,2993.0,PUTTALAM,RECONDITIONED,1,,RANGER MS RT
CAR,SUZUKI,3BA-HA37S ALTO,JAPAN,PETROL,658.0,KURUNEGALA,RECONDITIONED,1,3BA-HA37S,ALTO
CAR,SUZUKI,3BA-HA37S ALTO,JAPAN,PETROL,656.0,POLONNARUWA,RECONDITIONED,1,3BA-HA37S,ALTO
CAR,SUZUKI,3BA-JB64W JIMNY,JAPAN,PETROL,658.0,COLOMBO,RECONDITIONED,2,3BA-JB64W,JIMNY
CAR,SUZUKI,3BA-JB64W JIMNY,JAPAN,PETROL,650.0,COLOMBO,RECONDITIONED,1,3BA-JB64W,JIMNY
DUAL PURPOSE (COMMERCIAL),TOYOTA,HILUX REVO GR SPORT,THAILAND,DIESEL,2755.0,PUTTALAM,RECONDITIONED,1,,HILUX REVO GR SPORT
MOTOR CYCLE,HONDA,PCX-160,JAPAN,PETROL,156.0,KANDY,RECONDITIONED,1,PCX-160,Unknown
CAR,SUZUKI,3BA-JB64W JIMNY,JAPAN,PETROL,658.0,KALUTARA,RECONDITIONED,1,3BA-JB64W,JIMNY
CAR,LAND ROVER,3BA-LE72XAA DEFENDER,UNITED KINGDOM,PETROL,1997.0,COLOMBO,RECONDITIONED,1,3BA-LE72XAA,DEFENDER
MOTOR CYCLE,HONDA,ADV 160,JAPAN,PETROL,157.0,RATNAPURA,RECONDITIONED,2,,ADV 160
CAR,LAND ROVER,3BA-LE72XAA DEFENDER,JAPAN,PETROL,1990.0,GAMPAHA,RECONDITIONED,1,3BA-LE72XAA,DEFENDER
MOTOR CYCLE,HONDA,PCX,JAPAN,PETROL,124.0,PUTTALAM,RECONDITIONED,6,,PCX
CAR,TOYOTA,3BA-NGX10 C-HR,JAPAN,PETROL,1196.0,ANURADHAPURA,RECONDITIONED,1,3BA-NGX10,C-HR
CAR,TOYOTA,3BA-NGX10 C-HR,JAPAN,PETROL,1196.0,BATTICALOA,RECONDITIONED,1,3BA-NGX10,C-HR
CAR,TOYOTA,3BA-NGX10 C-HR,JAPAN,PETROL,1190.0,COLOMBO,RECONDITIONED,1,3BA-NGX10,C-HR
CAR,TOYOTA,3BA-NGX10 C-HR,JAPAN,PETROL,1196.0,COLOMBO,RECONDITIONED,3,3BA-NGX10,C-HR
CAR,TOYOTA,3BA-NGX10 C-HR,JAPAN,PETROL,1196.0,GAMPAHA,RECONDITIONED,2,3BA-NGX10,C-HR
CAR,TOYOTA,3BA-NGX10 CH-R,JAPAN,PETROL,1196.0,COLOMBO,RECONDITIONED,1,3BA-NGX10,CH-R
SPECIAL PURPOSE VEHICLE,KATO,KR-25H-V5,JAPAN,DIESEL,7500.0,MONERAGALA,RECONDITIONED,1,KR-25H-V5,Unknown
SINGLE CAB,TOYOTA,HILUX REVO,THAILAND,DIESEL,2755.0,KURUNEGALA,RECONDITIONED,1,,HILUX REVO
LAND VEHICLE (SMALL),KUBOTA,K550,JAPAN,DIESEL,375.0,GAMPAHA,RECONDITIONED,1,,K550
CAR,TOYOTA,3BA-NGX50,JAPAN,PETROL,1196.0,GAMPAHA,RECONDITIONED,1,3BA-NGX50,Unknown
CAR,TOYOTA,3BA-NGX50 C-HR,JAPAN,PETROL,1196.0,ANURADHAPURA,RECONDITIONED,1,3BA-NGX50,C-HR
CAR,TOYOTA,3BA-NGX50 C-HR,JAPAN,PETROL,1196.0,GAMPAHA,RECONDITIONED,1,3BA-NGX50,C-HR
CAR,TOYOTA,3BA-TRJ150W,JAPAN,PETROL,2693.0,BADULLA,RECONDITIONED,1,3BA-TRJ150W,PRADO
CAR,TOYOTA,3BA-TRJ150W,JAPAN,PETROL,2693.0,COLOMBO,RECONDITIONED,1,3BA-TRJ150W,PRADO
MOTOR CYCLE,HONDA,ADV 160,JAPAN,PETROL,157.0,TRINCOMALEE,RECONDITIONED,1,,ADV 160
CAR,TOYOTA,3BA-TRJ150W,JAPAN,PETROL,2690.0,KANDY,RECONDITIONED,1,3BA-TRJ150W,PRADO
CAR,TOYOTA,3BA-TRJ150W,JAPAN,PETROL,2693.0,KURUNEGALA,RECONDITIONED,1,3BA-TRJ150W,PRADO
CAR,TOYOTA,3BA-TRJ150W,JAPAN,PETROL,2690.0,MATARA,RECONDITIONED,2,3BA-TRJ150W,PRADO
DUAL PURPOSE (COMMERCIAL),TOYOTA,HILUX-GR SPORT,THAILAND,DIESEL,2755.0,COLOMBO,RECONDITIONED,1,HILUX-GR,SPORT
CAR,TOYOTA,3BA-TRJ150W,JAPAN,PETROL,2693.0,PUTTALAM,RECONDITIONED,1,3BA-TRJ150W,PRADO
CAR,TOYOTA,3BA-TRJ150W PRADO,JAPAN,PETROL,2693.0,BATTICALOA,RECONDITIONED,1,3BA-TRJ150W,PRADO
CAR,TOYOTA,3BA-TRJ150W PRADO,JAPAN,PETROL,2693.0,COLOMBO,RECONDITIONED,4,3BA-TRJ150W,PRADO
MOTOR CYCLE,HONDA,PCX160,JAPAN,PETROL,157.0,KALUTARA,RECONDITIONED,1,,PCX160
DUAL PURPOSE (COMMERCIAL),FORD,RANGER MS RT,THAILAND,DIESEL,2993.0,COLOMBO,RECONDITIONED,1,,RANGER MS RT
MOTOR LORRY (COMMERCIAL),HINO,LKG-FJ7JKAA,JAPAN,DIESEL,6400.0,ANURADHAPURA,RECONDITIONED,1,LKG-FJ7JKAA,Unknown
CAR,TOYOTA,3BA-TRJ150W PRADO,JAPAN,PETROL,2693.0,GAMPAHA,RECONDITIONED,2,3BA-TRJ150W,PRADO
MOTOR CYCLE,RISE,LEADER R 100,SRI LANKA,ELECTRIC,2.0,GALLE,BRAND NEW-L/MANUFACT,5,,LEADER R 100
MOTOR CYCLE,RISE,LEADER R80,SRI LANKA,ELECTRIC,2.0,KALUTARA,BRAND NEW-L/MANUFACT,1,,LEADER R80
MOTOR CYCLE,RISE,LEADER PLUS,SRI LANKA,ELECTRIC,2.0,JAFFNA,BRAND NEW-L/MANUFACT,3,,LEADER PLUS
MOTOR CYCLE,RISE,LEADER R 100,SRI LANKA,PETROL,2.0,ANURADHAPURA,BRAND NEW-L/MANUFACT,1,,LEADER R 100
MOTOR CYCLE,RISE,LEADER R80,SRI LANKA,ELECTRIC,2.0,COLOMBO,BRAND NEW-L/MANUFACT,1,,LEADER R80
MOTOR CYCLE,RISE,LEADER,SRI LANKA,ELECTRIC,2.0,MATALE,BRAND NEW-L/MANUFACT,1,,LEADER
MOTOR CYCLE,HONDA,PCX 160,JAPAN,PETROL,157.0,PUTTALAM,RECONDITIONED,13,,PCX 160
CAR,TOYOTA,3BA-TRJ150W PRADO,JAPAN,PETROL,2693.0,KANDY,RECONDITIONED,1,3BA-TRJ150W,PRADO
CAR,TOYOTA,3BA-TRJ150W PRADO,JAPAN,PETROL,2693.0,MATARA,RECONDITIONED,1,3BA-TRJ150W,PRADO
MOTOR CYCLE,HONDA,ADV 160,JAPAN,PETROL,157.0,KURUNEGALA,RECONDITIONED,2,,ADV 160
MOTOR CYCLE,HONDA,PCX 160,JAPAN,PETROL,156.0,KANDY,RECONDITIONED,3,,PCX 160
CAR,TOYOTA,3BA-TRJ250W,JAPAN,PETROL,2693.0,ANURADHAPURA,RECONDITIONED,1,3BA-TRJ250W,GZTTK
CAR,TOYOTA,3BA-TRJ250W,JAPAN,PETROL,2693.0,BADULLA,RECONDITIONED,1,3BA-TRJ250W,GZTTK
DUAL PURPOSE (COMMERCIAL),TOYOTA,HILUX REVO,THAILAND,DIESEL,2755.0,GAMPAHA,RECONDITIONED,3,,HILUX REVO
CAR,TOYOTA,3BA-TRJ250W,JAPAN,PETROL,2693.0,COLOMBO,RECONDITIONED,15,3BA-TRJ250W,GZTTK
MOTOR CYCLE,HONDA,PCX,JAPAN,PETROL,124.0,GAMPAHA,RECONDITIONED,2,,PCX
CAR,TOYOTA,3BA-TRJ250W,JAPAN,PETROL,2696.0,COLOMBO,RECONDITIONED,1,3BA-TRJ250W,GZTTK
CAR,TOYOTA,3BA-TRJ250W,JAPAN,PETROL,2690.0,COLOMBO,RECONDITIONED,2,3BA-TRJ250W,GZTTK
CAR,TOYOTA,3BA-TRJ250W,JAPAN,PETROL,2693.0,GALLE,RECONDITIONED,1,3BA-TRJ250W,GZTTK
CAR,TOYOTA,3BA-TRJ250W,JAPAN,PETROL,2693.0,GAMPAHA,RECONDITIONED,5,3BA-TRJ250W,GZTTK
CAR,TOYOTA,3BA-TRJ250W,JAPAN,PETROL,2693.0,KANDY,RECONDITIONED,1,3BA-TRJ250W,GZTTK
CAR,TOYOTA,3BA-TRJ250W,JAPAN,PETROL,2693.0,KEGALLE,RECONDITIONED,1,3BA-TRJ250W,GZTTK
CAR,TOYOTA,3BA-TRJ250W,JAPAN,PETROL,2696.0,KURUNEGALA,RECONDITIONED,1,3BA-TRJ250W,GZTTK
CAR,TOYOTA,3BA-TRJ250W,JAPAN,PETROL,2693.0,KURUNEGALA,RECONDITIONED,4,3BA-TRJ250W,GZTTK
MOTOR CYCLE,HONDA,PCX 125,VIETNAM,PETROL,124.0,GAMPAHA,RECONDITIONED,5,,PCX 125
CAR,TOYOTA,3BA-TRJ250W,JAPAN,PETROL,2693.0,MATARA,RECONDITIONED,4,3BA-TRJ250W,GZTTK
MOTOR CYCLE,HONDA,ADV - 160,THAILAND,PETROL,160.0,KALUTARA,RECONDITIONED,1,,ADV - 160
CAR,TOYOTA,3BA-TRJ250W,JAPAN,PETROL,2693.0,PUTTALAM,RECONDITIONED,3,3BA-TRJ250W,GZTTK
MOTOR CYCLE,HONDA,8BK-KF54,JAPAN,PETROL,157.0,KANDY,RECONDITIONED,1,8BK-KF54,Unknown
MOTOR CYCLE,HONDA,PCX 160,VIETNAM,PETROL,157.0,MATALE,RECONDITIONED,1,,PCX 160
DUAL PURPOSE (COMMERCIAL),FORD,RAPTOR D-CAB,THAILAND,DIESEL,1996.0,KURUNEGALA,RECONDITIONED,1,,RAPTOR D-CAB
CAR,TOYOTA,3BA-TRJ250W,JAPAN,PETROL,2693.0,RATNAPURA,RECONDITIONED,1,3BA-TRJ250W,GZTTK
CAR,TOYOTA,3BA-TRJ250W GZTTK,JAPAN,PETROL,2693.0,GALLE,RECONDITIONED,1,3BA-TRJ250W,GZTTK
CAR,TOYOTA,3BA-TRJ250W PRADO,JAPAN,PETROL,2693.0,AMPARA,RECONDITIONED,1,3BA-TRJ250W,PRADO
MOTOR CYCLE,HONDA,PCX 160,JAPAN,PETROL,156.0,PUTTALAM,RECONDITIONED,1,,PCX 160
CAR,TOYOTA,3BA-TRJ250W PRADO,JAPAN,PETROL,2693.0,COLOMBO,RECONDITIONED,2,3BA-TRJ250W,PRADO
CAR,TOYOTA,3BA-TRJ250W PRADO,JAPAN,PETROL,2693.0,MATARA,RECONDITIONED,1,3BA-TRJ250W,PRADO
CAR,TOYOTA,3BA-TRJ250W-PRADO,JAPAN,PETROL,2693.0,COLOMBO,RECONDITIONED,1,3BA-TRJ250W-PRADO,Unknown
CAR,TOYOTA,3BA-VJA300W,JAPAN,PETROL,3444.0,AMPARA,RECONDITIONED,1,3BA-VJA300W,Unknown
MOTOR CYCLE,HONDA,PCX 160,JAPAN,PETROL,157.0,RATNAPURA,RECONDITIONED,1,,PCX 160
MOTOR CYCLE,HONDA,ADV 150,JAPAN,PETROL,149.0,KALUTARA,RECONDITIONED,1,,ADV 150
DUAL PURPOSE (COMMERCIAL),NISSAN,NAVARA AVENTURA,JAPAN,DIESEL,2488.0,PUTTALAM,RECONDITIONED,1,,NAVARA AVENTURA
DUAL PURPOSE (COMMERCIAL),TOYOTA,HILUX REVO ROCCO,THAILAND,DIESEL,2755.0,ANURADHAPURA,RECONDITIONED,1,,HILUX REVO ROCCO
CAR,TOYOTA,3BA-VJA300W,JAPAN,PETROL,3444.0,BATTICALOA,RECONDITIONED,1,3BA-VJA300W,Unknown
CAR,TOYOTA,3BA-VJA300W,JAPAN,PETROL,3444.0,COLOMBO,RECONDITIONED,13,3BA-VJA300W,Unknown
MOTOR CYCLE,FEIYE,FY1200DT-5,CHINA,ELECTRIC,1.5,BADULLA,RECONDITIONED,1,,FY1200DT-5
CAR,TOYOTA,3BA-VJA300W,JAPAN,PETROL,3444.0,GALLE,RECONDITIONED,3,3BA-VJA300W,Unknown
MOTOR CYCLE,HONDA,PCX 125,VIETNAM,PETROL,124.0,PUTTALAM,RECONDITIONED,4,,PCX 125
CAR,TOYOTA LEXUS,3BA-VJA300W,JAPAN,PETROL,3444.0,GAMPAHA,RECONDITIONED,1,3BA-VJA300W,Unknown
CAR,TOYOTA,3BA-VJA300W,JAPAN,PETROL,3444.0,GAMPAHA,RECONDITIONED,5,3BA-VJA300W,Unknown
CAR,TOYOTA,3BA-VJA300W,JAPAN,PETROL,3444.0,KALUTARA,RECONDITIONED,4,3BA-VJA300W,Unknown
CAR,TOYOTA,3BA-VJA300W,JAPAN,PETROL,3444.0,KANDY,RECONDITIONED,2,3BA-VJA300W,Unknown
MOTOR CYCLE,RISE,LEADER PLUS,SRI LANKA,PETROL,2.0,KILINOCHCHI,BRAND NEW-L/MANUFACT,1,,LEADER PLUS
MOTOR CYCLE,RISE,LEADER PLUS,SRI LANKA,ELECTRIC,2.0,PUTTALAM,BRAND NEW-L/MANUFACT,2,,LEADER PLUS
MOTOR CYCLE,RISE,LEADER PLUS,SRI LANKA,ELECTRIC,2.0,GALLE,BRAND NEW-L/MANUFACT,3,,LEADER PLUS
MOTOR CYCLE,RISE,LEADER R 100,SRI LANKA,PETROL,2.0,COLOMBO,BRAND NEW-L/MANUFACT,1,,LEADER R 100
MOTOR CYCLE,RISE,LEADER,SRI LANKA,ELECTRIC,2.0,GAMPAHA,BRAND NEW-L/MANUFACT,1,,LEADER
MOTOR CYCLE,RISE,LEADER R 100,SRI LANKA,ELECTRIC,2.0,KEGALLE,BRAND NEW-L/MANUFACT,1,,LEADER R 100
MOTOR CYCLE,ROHAN WINGS,60V12AH,CHINA,ELECTRIC,3.0,KURUNEGALA,NEW,1,,60V12AH
CAR,TOYOTA,3BA-VJA300W,JAPAN,PETROL,3444.0,KEGALLE,RECONDITIONED,1,3BA-VJA300W,Unknown
CAR,TOYOTA,3BA-VJA300W,JAPAN,PETROL,3444.0,KURUNEGALA,RECONDITIONED,3,3BA-VJA300W,Unknown
CAR,TOYOTA,3BA-VJA300W,JAPAN,PETROL,3444.0,MATARA,RECONDITIONED,2,3BA-VJA300W,Unknown
MOTOR CYCLE,HONDA,PCX 160,JAPAN,PETROL,157.0,ANURADHAPURA,RECONDITIONED,3,,PCX 160
CAR,TOYOTA,3BA-VJA300W,JAPAN,PETROL,3444.0,MONERAGALA,RECONDITIONED,1,3BA-VJA300W,Unknown
DUAL PURPOSE (COMMERCIAL),FORD,FORD-RANGER MS-RT,THAILAND,DIESEL,2993.0,MATALE,RECONDITIONED,1,FORD-RANGER,MS-RT
CAR,TOYOTA,3BA-VJA300W,JAPAN,PETROL,3444.0,PUTTALAM,RECONDITIONED,1,3BA-VJA300W,Unknown
CAR,LEXUS,3BA-VJA310W,JAPAN,PETROL,3444.0,COLOMBO,RECONDITIONED,1,3BA-VJA310W,LX600
CAR,TOYOTA,3BA-VJA310W,JAPAN,PETROL,3444.0,KEGALLE,RECONDITIONED,1,3BA-VJA310W,LX600
CAR,LEXUS,3BA-VJA310W LX 600,JAPAN,PETROL,3440.0,GAMPAHA,RECONDITIONED,1,3BA-VJA310W,LX 600
LAND VEHICLE (SMALL),KUBOTA,K600,JAPAN,DIESEL,422.0,HAMBANTOTA,RECONDITIONED,4,,K600
CAR,LEXUS,3BA-VJA310W LX600,JAPAN,PETROL,3444.0,COLOMBO,RECONDITIONED,4,3BA-VJA310W,LX600
LAND VEHICLE (SMALL),KUBOTA,K8,JAPAN,DIESEL,465.0,HAMBANTOTA,RECONDITIONED,1,,K8
CAR,LEXUS,3BA-VJA310W LX600,JAPAN,PETROL,3440.0,COLOMBO,RECONDITIONED,1,3BA-VJA310W,LX600
LAND VEHICLE (SMALL),KUBOTA,K7,JAPAN,DIESEL,395.0,POLONNARUWA,RECONDITIONED,1,,K7
CAR,LEXUS,3BA-VJA310W LX600,JAPAN,PETROL,3444.0,GALLE,RECONDITIONED,1,3BA-VJA310W,LX600
CAR,LEXUS,3BA-VJA310W LX600,JAPAN,PETROL,3444.0,GAMPAHA,RECONDITIONED,1,3BA-VJA310W,LX600
CAR,SUZUKI,3BD DA17V EVERY,JAPAN,PETROL,658.0,COLOMBO,RECONDITIONED,1,,3BD DA17V EVERY
CAR,SUZUKI,3BD-DA17V,JAPAN,PETROL,658.0,COLOMBO,RECONDITIONED,1,3BD-DA17V,Unknown
CAR,SUZUKI,3BD-DA17V EVERY,JAPAN,PETROL,658.0,COLOMBO,RECONDITIONED,3,3BD-DA17V,EVERY
CAR,SUZUKI,3BD-DA17V EVERY,JAPAN,PETROL,658.0,GAMPAHA,RECONDITIONED,1,3BD-DA17V,EVERY
CAR,SUZUKI,3BD-DA17V EVERY,JAPAN,PETROL,658.0,KALUTARA,RECONDITIONED,1,3BD-DA17V,EVERY
CAR,SUZUKI,3BD-DA17V EVERY,JAPAN,PETROL,658.0,KANDY,RECONDITIONED,1,3BD-DA17V,EVERY
CAR,SUZUKI,3BD-DA17V EVERY,JAPAN,PETROL,658.0,KURUNEGALA,RECONDITIONED,2,3BD-DA17V,EVERY
CAR,SUZUKI,3BD-DA17V EVERY,JAPAN,PETROL,658.0,MATALE,RECONDITIONED,1,3BD-DA17V,EVERY
CAR,SUZUKI,3BD-DA17V EVERY,JAPAN,PETROL,658.0,NUWARA-ELIYA,RECONDITIONED,1,3BD-DA17V,EVERY
COMMERCIAL,MITSUBISHI,BKG-MS96JP,JAPAN,DIESEL,12880.0,COLOMBO,RECONDITIONED,1,BKG-MS96JP,Unknown
CAR,TOYOTA,3DA FJA300W,JAPAN,DIESEL,3345.0,COLOMBO,RECONDITIONED,1,,3DA FJA300W
CAR,TOYOTA,3DA-FJA300W,JAPAN,DIESEL,3345.0,AMPARA,RECONDITIONED,1,3DA-FJA300W,Unknown
CAR,TOYOTA,3DA-FJA300W,JAPAN,DIESEL,3345.0,COLOMBO,RECONDITIONED,1,3DA-FJA300W,Unknown
CAR,TOYOTA,3DA-FJA300W,JAPAN,DIESEL,3345.0,GAMPAHA,RECONDITIONED,1,3DA-FJA300W,Unknown
DUAL PURPOSE (COMMERCIAL),TMT,3DF-GUN125 HILUX,JAPAN,DIESEL,2390.0,COLOMBO,RECONDITIONED,1,3DF-GUN125,HILUX
CAR,TOYOTA,3DA-FJA300W,JAPAN,DIESEL,3345.0,MONERAGALA,RECONDITIONED,1,3DA-FJA300W,Unknown
CAR,TOYOTA,3DA-FJA300W,JAPAN,DIESEL,3345.0,POLONNARUWA,RECONDITIONED,1,3DA-FJA300W,Unknown
DUAL PURPOSE (COMMERCIAL),FORD,RANGER RAPTOR,THAILAND,DIESEL,1996.0,NUWARA-ELIYA,RECONDITIONED,1,,RANGER RAPTOR
CAR,TOYOTA,3DA-FJA300W,JAPAN,DIESEL,3345.0,PUTTALAM,RECONDITIONED,1,3DA-FJA300W,Unknown
CAR,TOYOTA,3DA-GDJ250W,JAPAN,DIESEL,2754.0,GALLE,RECONDITIONED,2,3DA-GDJ250W,Unknown
DUAL PURPOSE (COMMERCIAL),TOYOTA,HILUX REVO ROCCO,THAILAND,DIESEL,2755.0,VAVUNIYA,RECONDITIONED,2,,HILUX REVO ROCCO
DUAL PURPOSE (COMMERCIAL),FORD,RAPTOR,THAILAND,PETROL,2956.0,COLOMBO,RECONDITIONED,2,,RAPTOR
LAND VEHICLE,KUBOTA,L1802,JAPAN,DIESEL,1119.0,GALLE,RECONDITIONED,1,,L1802
SINGLE CAB,SUZUKI,3BD-DA16T CARRY,JAPAN,PETROL,658.0,COLOMBO,RECONDITIONED,1,3BD-DA16T,CARRY
MOTOR CYCLE,HONDA,PCX 125,VIETNAM,PETROL,125.0,KANDY,RECONDITIONED,1,,PCX 125
LAND VEHICLE (SMALL),KUBOTA,K7,JAPAN,DIESEL,395.0,GALLE,RECONDITIONED,1,,K7
CAR,TOYOTA,3DA-GDJ250W,JAPAN,DIESEL,2754.0,GAMPAHA,RECONDITIONED,1,3DA-GDJ250W,Unknown
CAR,MERCEDES BENZ,4AA-213077C,GERMANY,PETROL,1490.0,COLOMBO,RECONDITIONED,1,4AA-213077C,E200
CAR,MERCEDES BENZ,4AA-213077C E200,GERMANY,PETROL,1496.0,COLOMBO,RECONDITIONED,1,4AA-213077C,E200
CAR,MITSUBISHI,4AA-B35W EK X,JAPAN,PETROL,658.0,COLOMBO,RECONDITIONED,1,4AA-B35W,EK X
MOTOR CYCLE,RISE,LEADER R 100,SRI LANKA,ELECTRIC,2.0,TRINCOMALEE,BRAND NEW-L/MANUFACT,1,,LEADER R 100
MOTOR CYCLE,RISE,LEADER R 100,SRI LANKA,ELECTRIC,2.0,ANURADHAPURA,BRAND NEW-L/MANUFACT,11,,LEADER R 100
MOTOR CYCLE,RISE,LEADER,SRI LANKA,ELECTRIC,2.0,KILINOCHCHI,BRAND NEW-L/MANUFACT,3,,LEADER
MOTOR CYCLE,RISE,LEADER R80,SRI LANKA,ELECTRIC,2.0,JAFFNA,BRAND NEW-L/MANUFACT,1,,LEADER R80
MOTOR CYCLE,BAJAJ,DISCOVER 125,SRI LANKA,PETROL,124.5,COLOMBO,BRAND NEW-L/MANUFACT,1,,DISCOVER 125
MOTOR CYCLE,RISE,LEADER,SRI LANKA,ELECTRIC,2.0,HAMBANTOTA,BRAND NEW-L/MANUFACT,1,,LEADER
MOTOR CYCLE,RISE,LEADER R 100,SRI LANKA,ELECTRIC,2.0,GAMPAHA,BRAND NEW-L/MANUFACT,2,,LEADER R 100
MOTOR CYCLE,RISE,LEADER R80,SRI LANKA,ELECTRIC,2.0,MATALE,BRAND NEW-L/MANUFACT,1,,LEADER R80
CAR,NISSAN,4AA-B45A,JAPAN,PETROL,658.0,MATALE,RECONDITIONED,1,4AA-B45A,Unknown
DUAL PURPOSE (COMMERCIAL),FORD,RANGER RAPTER,THAILAND,DIESEL,1996.0,KANDY,RECONDITIONED,1,,RANGER RAPTER
DUAL PURPOSE (COMMERCIAL),FORD,RAPTOR MS-RT,THAILAND,DIESEL,2993.0,GAMPAHA,RECONDITIONED,1,,RAPTOR MS-RT
DUAL PURPOSE (COMMERCIAL),TOYOTA,REVO ROCCO,THAILAND,DIESEL,2755.0,GAMPAHA,RECONDITIONED,1,,REVO ROCCO
CAR,SUZUKI,4AA-MH55S,JAPAN,PETROL/ELE,650.0,PUTTALAM,RECONDITIONED,1,4AA-MH55S,WAGON R
MOTOR CYCLE,ROYAL ENFIELD,HUNTER 350,INDIA,PETROL,349.0,GAMPAHA,RECONDITIONED,1,,HUNTER 350
CAR,SUZUKI,4AA-MH55S,JAPAN,PETROL,658.0,RATNAPURA,RECONDITIONED,1,4AA-MH55S,WAGON R
CAR,SUZUKI,4AA-MH55S WAGON R,JAPAN,PETROL/ELE,658.0,COLOMBO,RECONDITIONED,3,4AA-MH55S,WAGON R
CAR,SUZUKI,4AA-MH55S WAGON R,JAPAN,PETROL,657.0,COLOMBO,RECONDITIONED,2,4AA-MH55S,WAGON R
DUAL PURPOSE (COMMERCIAL),FORD,RANGER RAPTOR,THAILAND,DIESEL,1996.0,COLOMBO,RECONDITIONED,7,,RANGER RAPTOR
CAR,SUZUKI,4AA-MH55S WAGON R,JAPAN,PETROL,658.0,COLOMBO,RECONDITIONED,1,4AA-MH55S,WAGON R
SPECIAL PURPOSE VEHICLE,MITSUBISHI,F18,JAPAN,DIESEL,2610.0,GAMPAHA,RECONDITIONED,1,,F18
CAR,SUZUKI,4AA-MH55S WAGON R,JAPAN,PETROL/ELE,658.0,GAMPAHA,RECONDITIONED,1,4AA-MH55S,WAGON R
MOTOR CYCLE,HONDA,PCX 160,JAPAN,PETROL,157.0,KURUNEGALA,RECONDITIONED,4,,PCX 160
MOTOR CYCLE,HONDA,PCX,VIETNAM,PETROL,124.0,ANURADHAPURA,RECONDITIONED,1,,PCX
SINGLE CAB,SUZUKI,3BD-DA16T CARRY,JAPAN,PETROL,658.0,KANDY,RECONDITIONED,1,3BD-DA16T,CARRY
MOTOR LORRY (COMMERCIAL),ISUZU,SKG-NKR85R ELF,JAPAN,DIESEL,2990.0,COLOMBO,RECONDITIONED,1,SKG-NKR85R,ELF
CAR,SUZUKI,4AA-MH55S WAGON R,JAPAN,PETROL,658.0,GAMPAHA,RECONDITIONED,2,4AA-MH55S,WAGON R
CAR,SUZUKI,4AA-MH55S WAGON R,JAPAN,PETROL,650.0,GAMPAHA,RECONDITIONED,1,4AA-MH55S,WAGON R
SPECIAL PURPOSE VEHICLE,J.C.B,3CX,UNITED KINGDOM,DIESEL,3990.0,RATNAPURA,RECONDITIONED,1,,3CX
DUAL PURPOSE (COMMERCIAL),TOYOTA,HILUX REVO,THAILAND,DIESEL,2755.0,KURUNEGALA,RECONDITIONED,2,,HILUX REVO
CAR,SUZUKI,4AA-MH55S WAGON R,JAPAN,PETROL,658.0,JAFFNA,RECONDITIONED,1,4AA-MH55S,WAGON R
LAND VEHICLE (SMALL),KUBOTA,K550,JAPAN,DIESEL,375.0,ANURADHAPURA,RECONDITIONED,1,,K550
CAR,SUZUKI,4AA-MH55S WAGON R,JAPAN,PETROL,658.0,KANDY,RECONDITIONED,1,4AA-MH55S,WAGON R
CAR,SUZUKI,4AA-MH55S WAGON R,JAPAN,PETROL,658.0,KURUNEGALA,RECONDITIONED,3,4AA-MH55S,WAGON R
CAR,SUZUKI,4AA-MH55S WAGON R,JAPAN,PETROL/ELE,658.0,MATALE,RECONDITIONED,2,4AA-MH55S,WAGON R
LAND VEHICLE (SMALL),KUBOTA,K7,JAPAN,DIESEL,395.0,MATARA,RECONDITIONED,1,,K7
CAR,SUZUKI,4AA-MH55S WAGON R,JAPAN,PETROL/ELE,656.0,NUWARA-ELIYA,RECONDITIONED,1,4AA-MH55S,WAGON R
LAND VEHICLE,MASSEY FERGUSON,MF135,UNITED KINGDOM,DIESEL,2500.0,JAFFNA,RECONDITIONED,1,,MF135
CAR,SUZUKI,4AA-MH55S WAGON R,JAPAN,PETROL,650.0,PUTTALAM,RECONDITIONED,1,4AA-MH55S,WAGON R
CAR,SUZUKI,4AA-MH55S WAGON R,JAPAN,PETROL,650.0,TRINCOMALEE,RECONDITIONED,1,4AA-MH55S,WAGON R
CAR,SUZUKI,4AA-MK53S SPACIA,JAPAN,PETROL,658.0,KANDY,RECONDITIONED,1,4AA-MK53S,SPACIA
CAR,SUZUKI,4AA-MK54S,JAPAN,PETROL/ELE,650.0,PUTTALAM,RECONDITIONED,1,4AA-MK54S,Unknown
DUAL PURPOSE (COMMERCIAL),FORD,RANGER RAPTOR,THAILAND,PETROL,2956.0,COLOMBO,RECONDITIONED,4,,RANGER RAPTOR
CAR,SUZUKI,4AA-MK54S SPACIA,JAPAN,PETROL/ELE,658.0,BATTICALOA,RECONDITIONED,1,4AA-MK54S,SPACIA
DUAL PURPOSE (COMMERCIAL),TOYOTA,HILUX GR SPORT,THAILAND,DIESEL,2755.0,COLOMBO,RECONDITIONED,3,,HILUX GR SPORT
CAR,SUZUKI,4AA-MK54S SPACIA,JAPAN,PETROL/ELE,658.0,COLOMBO,RECONDITIONED,4,4AA-MK54S,SPACIA
CAR,SUZUKI,4AA-MK54S SPACIA,JAPAN,PETROL,658.0,COLOMBO,RECONDITIONED,3,4AA-MK54S,SPACIA
CAR,SUZUKI,4AA-MK54S SPACIA,JAPAN,PETROL,657.0,COLOMBO,RECONDITIONED,1,4AA-MK54S,SPACIA
MOTOR CYCLE,HONDA,PCX 160,JAPAN,PETROL,157.0,KALUTARA,RECONDITIONED,4,,PCX 160
CAR,SUZUKI,4AA-MK54S SPACIA,JAPAN,PETROL,658.0,GAMPAHA,RECONDITIONED,1,4AA-MK54S,SPACIA
CAR,SUZUKI,4AA-MK54S SPACIA,JAPAN,PETROL,657.0,GAMPAHA,RECONDITIONED,1,4AA-MK54S,SPACIA
DUAL PURPOSE (COMMERCIAL),FORD,RANGER RAPTOR,THAILAND,DIESEL,1996.0,AMPARA,RECONDITIONED,1,,RANGER RAPTOR
CAR,SUZUKI,4AA-MK54S SPACIA,JAPAN,PETROL/ELE,650.0,GAMPAHA,RECONDITIONED,1,4AA-MK54S,SPACIA
CAR,SUZUKI,4AA-MK54S SPACIA,JAPAN,PETROL,658.0,HAMBANTOTA,RECONDITIONED,1,4AA-MK54S,SPACIA
CAR,SUZUKI,4AA-MK54S SPACIA,JAPAN,PETROL,658.0,JAFFNA,RECONDITIONED,2,4AA-MK54S,SPACIA
CAR,SUZUKI,4AA-MK54S SPACIA,JAPAN,PETROL/ELE,658.0,JAFFNA,RECONDITIONED,1,4AA-MK54S,SPACIA
DUAL PURPOSE (COMMERCIAL),TOYOTA,HILUX GR SPORT,THAILAND,DIESEL,2755.0,GAMPAHA,RECONDITIONED,1,,HILUX GR SPORT
MOTOR CYCLE,KONGKECHENG,JH-DC60V-20,CHINA,ELECTRIC,1.5,KURUNEGALA,RECONDITIONED,1,JH-DC60V-20,Unknown
CAR,SUZUKI,4AA-MK54S SPACIA,JAPAN,PETROL/ELE,658.0,KANDY,RECONDITIONED,1,4AA-MK54S,SPACIA
CAR,SUZUKI,4AA-MK54S SPACIA,JAPAN,PETROL,658.0,KANDY,RECONDITIONED,1,4AA-MK54S,SPACIA
CAR,SUZUKI,4AA-MK54S SPACIA,JAPAN,PETROL,658.0,KEGALLE,RECONDITIONED,1,4AA-MK54S,SPACIA
CAR,SUZUKI,4AA-MK54S SPACIA,JAPAN,PETROL/ELE,650.0,KURUNEGALA,RECONDITIONED,2,4AA-MK54S,SPACIA
MOTOR CYCLE,RISE,LEADER,SRI LANKA,ELECTRIC,2.0,KANDY,BRAND NEW-L/MANUFACT,1,,LEADER
MOTOR CYCLE,RISE,LEADER R80,SRI LANKA,ELECTRIC,2.0,RATNAPURA,BRAND NEW-L/MANUFACT,1,,LEADER R80
THREE WHEELER,ELEKTRATEQ,ETX,SRI LANKA,ELECTRIC,5.0,KURUNEGALA,BRAND NEW-L/MANUFACT,1,,ETX
MOTOR CYCLE,RISE,LEADER PLUS,SRI LANKA,ELECTRIC,2.0,MATARA,BRAND NEW-L/MANUFACT,1,,LEADER PLUS
CAR,SUZUKI,4AA-MK54S SPACIA,JAPAN,PETROL,658.0,KURUNEGALA,RECONDITIONED,1,4AA-MK54S,SPACIA
CAR,SUZUKI,4AA-MK54S SPACIA,JAPAN,PETROL/ELE,658.0,KURUNEGALA,RECONDITIONED,3,4AA-MK54S,SPACIA
CAR,SUZUKI,4AA-MK54S SPACIA,JAPAN,PETROL,657.0,MATALE,RECONDITIONED,1,4AA-MK54S,SPACIA
CAR,SUZUKI,4AA-MK54S SPACIA,JAPAN,PETROL,658.0,MATARA,RECONDITIONED,1,4AA-MK54S,SPACIA
CAR,SUZUKI,4AA-MK54S SPACIA,JAPAN,PETROL,658.0,NUWARA-ELIYA,RECONDITIONED,1,4AA-MK54S,SPACIA
CAR,SUZUKI,4AA-MK54S SPACIA,JAPAN,PETROL/ELE,658.0,PUTTALAM,RECONDITIONED,1,4AA-MK54S,SPACIA
CAR,SUZUKI,4AA-MN 71S X-BEE,JAPAN,PETROL,996.0,COLOMBO,RECONDITIONED,1,4AA-MN,71S X-BEE
CAR,SUZUKI,4AA-MN-71S,JAPAN,PETROL,996.0,COLOMBO,RECONDITIONED,1,4AA-MN-71S,Unknown
MOTOR LORRY (COMMERCIAL),ISUZU,NMR85,JAPAN,DIESEL,2990.0,COLOMBO,RECONDITIONED,1,,NMR85
DUAL PURPOSE (COMMERCIAL),TOYOTA,HI-LUX REVO,THAILAND,DIESEL,2755.0,TRINCOMALEE,RECONDITIONED,1,HI-LUX,REVO
CAR,SUZUKI,4AA-MN71S,JAPAN,PETROL,990.0,COLOMBO,RECONDITIONED,1,4AA-MN71S,XBEE
CAR,SUZUKI,4AA-MN71S,JAPAN,PETROL/ELE,990.0,GAMPAHA,RECONDITIONED,1,4AA-MN71S,XBEE
CAR,SUZUKI,4AA-MN71S X BEE,JAPAN,PETROL/ELE,990.0,BATTICALOA,RECONDITIONED,1,4AA-MN71S,X BEE
MOTOR CYCLE,HONDA,PCX 125,JAPAN,PETROL,124.0,COLOMBO,RECONDITIONED,3,,PCX 125
CAR,SUZUKI,4AA-MN71S X BEE,JAPAN,PETROL/ELE,996.0,COLOMBO,RECONDITIONED,2,4AA-MN71S,X BEE
CAR,SUZUKI,4AA-MN71S X BEE,JAPAN,PETROL/ELE,996.0,GAMPAHA,RECONDITIONED,1,4AA-MN71S,X BEE
MOTOR CYCLE,HONDA,ADV160,JAPAN,PETROL,157.0,GAMPAHA,RECONDITIONED,1,,ADV160
CAR,SUZUKI,4AA-MN71S X BEE,JAPAN,PETROL,996.0,POLONNARUWA,RECONDITIONED,1,4AA-MN71S,X BEE
MOTOR CYCLE,HONDA,PCX,JAPAN,PETROL,124.0,ANURADHAPURA,RECONDITIONED,1,,PCX
CAR,SUZUKI,4AA-MN71S XBEE,JAPAN,PETROL,996.0,COLOMBO,RECONDITIONED,3,4AA-MN71S,XBEE
SPECIAL PURPOSE VEHICLE,J.C.B,3 CX,UNITED KINGDOM,DIESEL,3990.0,GAMPAHA,RECONDITIONED,1,,3 CX
CAR,SUZUKI,4AA-MN71S XBEE,JAPAN,PETROL/ELE,996.0,COLOMBO,RECONDITIONED,2,4AA-MN71S,XBEE
CAR,SUZUKI,4AA-MN71S XBEE,JAPAN,PETROL/ELE,996.0,GAMPAHA,RECONDITIONED,3,4AA-MN71S,XBEE
CAR,SUZUKI,4AA-MN71S XBEE,JAPAN,PETROL,996.0,GAMPAHA,RECONDITIONED,2,4AA-MN71S,XBEE
CAR,SUZUKI,4AA-MN71S XBEE,JAPAN,PETROL,996.0,KURUNEGALA,RECONDITIONED,1,4AA-MN71S,XBEE
CAR,SUZUKI,4AA-MN71S XBEE,JAPAN,PETROL,996.0,MATARA,RECONDITIONED,1,4AA-MN71S,XBEE
CAR,SUZUKI,4AA-MN71S XBEE,JAPAN,PETROL/ELE,996.0,MATARA,RECONDITIONED,1,4AA-MN71S,XBEE
SINGLE CAB,SUZUKI,3BD-DA16T CARRY,JAPAN,PETROL,658.0,GALLE,RECONDITIONED,1,3BD-DA16T,CARRY
CAR,SUZUKI,4AA-MR52S HUSTLER,JAPAN,PETROL/ELE,658.0,COLOMBO,RECONDITIONED,1,4AA-MR52S,HUSTLER
CAR,TOYOTA,4BA-M900A,JAPAN,PETROL,996.0,KANDY,RECONDITIONED,1,4BA-M900A,ROOMY
LAND VEHICLE (SMALL),KUBOTA,K75,JAPAN,DIESEL,443.0,KEGALLE,RECONDITIONED,1,,K75
CAR,TOYOTA,4BA-M900A ROOMY,JAPAN,PETROL,996.0,AMPARA,RECONDITIONED,1,4BA-M900A,ROOMY
DUAL PURPOSE (COMMERCIAL),TOYOTA,TUNDRA,AUSTRALIA,PETROL/ELE,3445.0,COLOMBO,RECONDITIONED,1,,TUNDRA
CAR,TOYOTA,4BA-M900A ROOMY,JAPAN,PETROL,996.0,GAMPAHA,RECONDITIONED,3,4BA-M900A,ROOMY
CAR,TOYOTA,4BA-M900A ROOMY,JAPAN,PETROL,996.0,KALUTARA,RECONDITIONED,1,4BA-M900A,ROOMY
LAND VEHICLE (SMALL),KUBOTA,K8,JAPAN,DIESEL,401.0,GALLE,RECONDITIONED,1,,K8
DUAL PURPOSE (COMMERCIAL),TOYOTA,HILUX REVO GR SPORT,THAILAND,DIESEL,2755.0,ANURADHAPURA,RECONDITIONED,1,,HILUX REVO GR SPORT
CAR,TOYOTA,4BA-M900A ROOMY,JAPAN,PETROL,996.0,KANDY,RECONDITIONED,3,4BA-M900A,ROOMY
MOTOR CYCLE,B.M.W.,BMW G 310 R,INDIA,PETROL,313.0,GAMPAHA,RECONDITIONED,1,,BMW G 310 R
CAR,SUZUKI,5AA MH95S WAGON R,JAPAN,PETROL,657.0,JAFFNA,RECONDITIONED,1,,5AA MH95S WAGON R
THREE WHEELER,ELEKTRATEQ,ETX,SRI LANKA,ELECTRIC,5.0,TRINCOMALEE,BRAND NEW-L/MANUFACT,1,,ETX
MOTOR CYCLE,RISE,LEADER,SRI LANKA,ELECTRIC,2.0,MATARA,BRAND NEW-L/MANUFACT,1,,LEADER
MOTOR CYCLE,RISE,LEADER R80,SRI LANKA,ELECTRIC,2.0,GALLE,BRAND NEW-L/MANUFACT,2,,LEADER R80
MOTOR CYCLE,RISE,LEADER,SRI LANKA,ELECTRIC,2.0,GALLE,BRAND NEW-L/MANUFACT,1,,LEADER
MOTOR CYCLE,RISE,LEADER PLUS,SRI LANKA,ELECTRIC,2.0,MONERAGALA,BRAND NEW-L/MANUFACT,2,,LEADER PLUS
MOTOR CYCLE,RISE,LEADER R 100,SRI LANKA,ELECTRIC,2.0,AMPARA,BRAND NEW-L/MANUFACT,1,,LEADER R 100
MOTOR CYCLE,HONDA,PCX 160,JAPAN,PETROL,157.0,GAMPAHA,RECONDITIONED,7,,PCX 160
CAR,SUZUKI,5AA MH95S WAGON R,JAPAN,PETROL,658.0,KANDY,RECONDITIONED,1,,5AA MH95S WAGON R
CAR,SUZUKI,5AA MH95S WAGON R,JAPAN,PETROL,657.0,PUTTALAM,RECONDITIONED,1,,5AA MH95S WAGON R
CAR,MERCEDES BENZ,5AA-177184 A180,GERMANY,PETROL/ELE,1339.0,KURUNEGALA,RECONDITIONED,1,5AA-177184,A180
CAR,NISSAN,5AA-344W DAYS,JAPAN,PETROL,659.0,KEGALLE,RECONDITIONED,1,5AA-344W,DAYS
CAR,MITSUBISHI,5AA-B34A,JAPAN,PETROL/ELE,658.0,GAMPAHA,RECONDITIONED,1,5AA-B34A,EK X SPACE
CAR,MITSUBISHI,5AA-B34A EK SPAACE,JAPAN,PETROL,658.0,COLOMBO,RECONDITIONED,1,5AA-B34A,EK SPAACE
CAR,MITSUBISHI,5AA-B34A EK X SPACE,JAPAN,PETROL/ELE,658.0,COLOMBO,RECONDITIONED,1,5AA-B34A,EK X SPACE
CAR,NISSAN,5AA-B44W,JAPAN,PETROL,658.0,HAMBANTOTA,RECONDITIONED,1,5AA-B44W,DAYZ
CAR,NISSAN,5AA-B44W,JAPAN,PETROL,659.0,KALUTARA,RECONDITIONED,1,5AA-B44W,DAYZ
CAR,NISSAN,5AA-B44W DAYS,JAPAN,PETROL,658.0,GALLE,RECONDITIONED,1,5AA-B44W,DAYS
CAR,NISSAN,5AA-B44W DAYZ,JAPAN,PETROL,650.0,COLOMBO,RECONDITIONED,1,5AA-B44W,DAYZ
LAND VEHICLE (SMALL),KUBOTA,K600,JAPAN,DIESEL,422.0,RATNAPURA,RECONDITIONED,3,,K600
LAND VEHICLE (SMALL),KUBOTA,K7,JAPAN,DIESEL,401.0,HAMBANTOTA,RECONDITIONED,5,,K7
DUAL PURPOSE (COMMERCIAL),TOYOTA,HILUX REVO GR SPORT,THAILAND,DIESEL,2755.0,GAMPAHA,RECONDITIONED,10,,HILUX REVO GR SPORT
CAR,NISSAN,5AA-B44W DAYZ,JAPAN,PETROL/ELE,659.0,KANDY,RECONDITIONED,1,5AA-B44W,DAYZ
COMMERCIAL,TOYOTA,3DF-GDH223B HIACE,JAPAN,DIESEL,2750.0,COLOMBO,RECONDITIONED,1,3DF-GDH223B,HIACE
MOTOR CYCLE,HONDA,PCX,VIETNAM,PETROL,124.0,PUTTALAM,RECONDITIONED,2,,PCX
CAR,SUZUKI,5AA-HA97S,JAPAN,PETROL,658.0,KANDY,RECONDITIONED,1,5AA-HA97S,Unknown
CAR,SUZUKI,5AA-HA97S ALTO,JAPAN,PETROL,658.0,COLOMBO,RECONDITIONED,4,5AA-HA97S,ALTO
SPECIAL PURPOSE VEHICLE,J.C.B,3CX,UNITED KINGDOM,DIESEL,4400.0,POLONNARUWA,RECONDITIONED,1,,3CX
CAR,SUZUKI,5AA-HA97S ALTO,JAPAN,PETROL,650.0,COLOMBO,RECONDITIONED,3,5AA-HA97S,ALTO
CAR,SUZUKI,5AA-HA97S ALTO,JAPAN,PETROL/ELE,658.0,COLOMBO,RECONDITIONED,1,5AA-HA97S,ALTO
CAR,SUZUKI,5AA-HA97S ALTO,JAPAN,PETROL,657.0,COLOMBO,RECONDITIONED,1,5AA-HA97S,ALTO
CAR,SUZUKI,5AA-HA97S ALTO,JAPAN,PETROL,650.0,GALLE,RECONDITIONED,1,5AA-HA97S,ALTO
DUAL PURPOSE (COMMERCIAL),TOYOTA,HILUX REVO GR SPORT,THAILAND,DIESEL,2755.0,RATNAPURA,RECONDITIONED,2,,HILUX REVO GR SPORT
CAR,SUZUKI,5AA-HA97S ALTO,JAPAN,PETROL/ELE,658.0,GALLE,RECONDITIONED,1,5AA-HA97S,ALTO
CAR,SUZUKI,5AA-HA97S ALTO,JAPAN,PETROL,657.0,GAMPAHA,RECONDITIONED,1,5AA-HA97S,ALTO
CAR,SUZUKI,5AA-HA97S ALTO,JAPAN,PETROL,650.0,GAMPAHA,RECONDITIONED,3,5AA-HA97S,ALTO
MOTOR LORRY (COMMERCIAL),ISUZU,PKG-FRR90T2,JAPAN,DIESEL,5190.0,ANURADHAPURA,RECONDITIONED,1,PKG-FRR90T2,Unknown
CAR,SUZUKI,5AA-HA97S ALTO,JAPAN,PETROL,658.0,GAMPAHA,RECONDITIONED,4,5AA-HA97S,ALTO
MOTOR CYCLE,HONDA,NX 125,JAPAN,PETROL,124.0,PUTTALAM,RECONDITIONED,1,,NX 125
MOTOR LORRY (COMMERCIAL),ISUZU,TKG-FRR90T2 FORWARD,JAPAN,DIESEL,5190.0,ANURADHAPURA,RECONDITIONED,1,TKG-FRR90T2,FORWARD
DUAL PURPOSE (COMMERCIAL),TOYOTA,HILUX REVO,THAILAND,DIESEL,2755.0,RATNAPURA,RECONDITIONED,1,,HILUX REVO
CAR,SUZUKI,5AA-HA97S ALTO,JAPAN,PETROL,657.0,KALUTARA,RECONDITIONED,1,5AA-HA97S,ALTO
DUAL PURPOSE (COMMERCIAL),FORD,RANGER PAPTOR,THAILAND,DIESEL,1996.0,KANDY,RECONDITIONED,1,,RANGER PAPTOR
LAND VEHICLE (SMALL),KUBOTA,K600,JAPAN,DIESEL,422.0,TRINCOMALEE,RECONDITIONED,1,,K600
CAR,SUZUKI,5AA-HA97S ALTO,JAPAN,PETROL,657.0,KANDY,RECONDITIONED,1,5AA-HA97S,ALTO
CAR,SUZUKI,5AA-HA97S ALTO,JAPAN,PETROL,656.0,KANDY,RECONDITIONED,1,5AA-HA97S,ALTO
CAR,SUZUKI,5AA-HA97S ALTO,JAPAN,PETROL,658.0,KANDY,RECONDITIONED,1,5AA-HA97S,ALTO
CAR,SUZUKI,5AA-HA97S ALTO,JAPAN,PETROL/ELE,657.0,KEGALLE,RECONDITIONED,1,5AA-HA97S,ALTO
CAR,SUZUKI,5AA-HA97S ALTO,JAPAN,PETROL,658.0,KURUNEGALA,RECONDITIONED,1,5AA-HA97S,ALTO
CAR,SUZUKI,5AA-HA97S ALTO,JAPAN,PETROL,656.0,MATARA,RECONDITIONED,1,5AA-HA97S,ALTO
CAR,SUZUKI,5AA-HA97S ALTO,JAPAN,PETROL,657.0,PUTTALAM,RECONDITIONED,1,5AA-HA97S,ALTO
CAR,SUZUKI,5AA-HA97S ALTO,JAPAN,PETROL/ELE,658.0,RATNAPURA,RECONDITIONED,1,5AA-HA97S,ALTO
CAR,MAZDA,5AA-HB97S,JAPAN,PETROL,650.0,GALLE,RECONDITIONED,1,5AA-HB97S,Unknown
CAR,TOYOTA,5AA-KSP210 YARIS,JAPAN,PETROL,996.0,COLOMBO,RECONDITIONED,1,5AA-KSP210,YARIS
MOTOR CYCLE,RISE,LEADER,SRI LANKA,ELECTRIC,2.0,AMPARA,BRAND NEW-L/MANUFACT,1,,LEADER
CAR,TOYOTA,5AA-M900A ROOMY,JAPAN,PETROL,996.0,COLOMBO,RECONDITIONED,1,5AA-M900A,ROOMY
MOTOR CYCLE,HONDA,ADV 160,JAPAN,PETROL,157.0,GAMPAHA,RECONDITIONED,9,,ADV 160
CAR,SUZUKI,5AA-MH85S WAGON R,JAPAN,PETROL,658.0,COLOMBO,RECONDITIONED,1,5AA-MH85S,WAGON R
MOTOR CYCLE,HONDA,PCX,JAPAN,PETROL,125.0,PUTTALAM,RECONDITIONED,3,,PCX
MOTOR CYCLE,HONDA,PCX,JAPAN,PETROL,125.0,GAMPAHA,RECONDITIONED,1,,PCX
MOTOR CYCLE,HONDA,PCX  125,JAPAN,PETROL,124.0,KURUNEGALA,RECONDITIONED,1,,PCX  125
CAR,SUZUKI,5AA-MH95S,JAPAN,PETROL,658.0,COLOMBO,RECONDITIONED,3,5AA-MH95S,- WAGON R
MOTOR CYCLE,HONDA,PCX 160,VIETNAM,PETROL,157.0,PUTTALAM,RECONDITIONED,2,,PCX 160
CAR,SUZUKI,5AA-MH95S,JAPAN,PETROL/ELE,658.0,COLOMBO,RECONDITIONED,1,5AA-MH95S,- WAGON R
SPECIAL PURPOSE VEHICLE,J.C.B,3CX SITE MASTER,UNITED KINGDOM,DIESEL,4400.0,COLOMBO,RECONDITIONED,1,,3CX SITE MASTER
MOTOR CYCLE,HONDA,PCX,VIETNAM,PETROL,124.0,KURUNEGALA,RECONDITIONED,2,,PCX
CAR,SUZUKI,5AA-MH95S,JAPAN,PETROL/ELE,658.0,GALLE,RECONDITIONED,1,5AA-MH95S,- WAGON R
CAR,SUZUKI,5AA-MH95S,JAPAN,PETROL/ELE,658.0,KURUNEGALA,RECONDITIONED,1,5AA-MH95S,- WAGON R
CAR,SUZUKI,5AA-MH95S,JAPAN,PETROL/ELE,658.0,NUWARA-ELIYA,RECONDITIONED,1,5AA-MH95S,- WAGON R
DUAL PURPOSE (COMMERCIAL),TOYOTA,REVO GR SPORT,THAILAND,DIESEL,2755.0,KALUTARA,RECONDITIONED,1,,REVO GR SPORT
CAR,SUZUKI,5AA-MH95S,JAPAN,PETROL,658.0,PUTTALAM,RECONDITIONED,1,5AA-MH95S,- WAGON R
CAR,SUZUKI,5AA-MH95S,JAPAN,PETROL,650.0,VAVUNIYA,RECONDITIONED,1,5AA-MH95S,- WAGON R
CAR,SUZUKI,5AA-MH95S  WAGON R,JAPAN,PETROL,658.0,GALLE,RECONDITIONED,1,5AA-MH95S,WAGON R
LAND VEHICLE (SMALL),KUBOTA,K7,JAPAN,DIESEL,395.0,ANURADHAPURA,RECONDITIONED,1,,K7
CAR,SUZUKI,5AA-MH95S CUSTOM Z,JAPAN,PETROL,650.0,KEGALLE,RECONDITIONED,1,5AA-MH95S,CUSTOM Z
CAR,SUZUKI,5AA-MH95S WAGAN R,JAPAN,PETROL/ELE,658.0,GAMPAHA,RECONDITIONED,1,5AA-MH95S,WAGAN R
CAR,SUZUKI,5AA-MH95S WAGON R,JAPAN,PETROL,658.0,AMPARA,RECONDITIONED,1,5AA-MH95S,WAGON R
CAR,SUZUKI,5AA-MH95S WAGON R,JAPAN,PETROL/ELE,658.0,AMPARA,RECONDITIONED,2,5AA-MH95S,WAGON R
CAR,SUZUKI,5AA-MH95S WAGON R,JAPAN,PETROL,657.0,ANURADHAPURA,RECONDITIONED,1,5AA-MH95S,WAGON R
CAR,SUZUKI,5AA-MH95S WAGON R,JAPAN,PETROL/ELE,658.0,BADULLA,RECONDITIONED,1,5AA-MH95S,WAGON R
CAR,SUZUKI,5AA-MH95S WAGON R,JAPAN,PETROL,650.0,BATTICALOA,RECONDITIONED,1,5AA-MH95S,WAGON R
CAR,SUZUKI,5AA-MH95S WAGON R,JAPAN,PETROL/ELE,658.0,COLOMBO,RECONDITIONED,16,5AA-MH95S,WAGON R
CAR,SUZUKI,5AA-MH95S WAGON R,JAPAN,PETROL,658.0,COLOMBO,RECONDITIONED,18,5AA-MH95S,WAGON R
CAR,SUZUKI,5AA-MH95S WAGON R,JAPAN,PETROL,650.0,COLOMBO,RECONDITIONED,2,5AA-MH95S,WAGON R
CAR,SUZUKI,5AA-MH95S WAGON R,JAPAN,PETROL,657.0,COLOMBO,RECONDITIONED,4,5AA-MH95S,WAGON R
DUAL PURPOSE (COMMERCIAL),TOYOTA,HILUX  REVO ROCCO,THAILAND,DIESEL,2755.0,KURUNEGALA,RECONDITIONED,1,,HILUX  REVO ROCCO
CAR,SUZUKI,5AA-MH95S WAGON R,JAPAN,PETROL/ELE,658.0,GALLE,RECONDITIONED,4,5AA-MH95S,WAGON R
CAR,SUZUKI,5AA-MH95S WAGON R,JAPAN,PETROL,657.0,GALLE,RECONDITIONED,1,5AA-MH95S,WAGON R
CAR,SUZUKI,5AA-MH95S WAGON R,JAPAN,PETROL,650.0,GAMPAHA,RECONDITIONED,1,5AA-MH95S,WAGON R
MOTOR CYCLE,HONDA,PCX 160,VIETNAM,PETROL,156.0,COLOMBO,RECONDITIONED,1,,PCX 160
LAND VEHICLE,MASSEY FERGUSON,MF135,JAPAN,DIESEL,2500.0,JAFFNA,RECONDITIONED,2,,MF135
CAR,SUZUKI,5AA-MH95S WAGON R,JAPAN,PETROL,658.0,GAMPAHA,RECONDITIONED,12,5AA-MH95S,WAGON R
DUAL PURPOSE (COMMERCIAL),TOYOTA,HILUX REVO,THAILAND,DIESEL,2755.0,KEGALLE,RECONDITIONED,2,,HILUX REVO
CAR,SUZUKI,5AA-MH95S WAGON R,JAPAN,PETROL/ELE,658.0,GAMPAHA,RECONDITIONED,5,5AA-MH95S,WAGON R
CAR,SUZUKI,5AA-MH95S WAGON R,JAPAN,PETROL,657.0,GAMPAHA,RECONDITIONED,4,5AA-MH95S,WAGON R
DUAL PURPOSE (COMMERCIAL),FORD,RAPTOR,THAILAND,DIESEL,1996.0,RATNAPURA,RECONDITIONED,1,,RAPTOR
DUAL PURPOSE (COMMERCIAL),TOYOTA,3DF- GUN125 HILUX,JAPAN,DIESEL,2393.0,ANURADHAPURA,RECONDITIONED,1,,3DF- GUN125 HILUX
DUAL PURPOSE (COMMERCIAL),FORD,RANGER RAPTOR,THAILAND,DIESEL,1996.0,GAMPAHA,RECONDITIONED,7,,RANGER RAPTOR
CAR,SUZUKI,5AA-MH95S WAGON R,JAPAN,PETROL,658.0,HAMBANTOTA,RECONDITIONED,1,5AA-MH95S,WAGON R
CAR,SUZUKI,5AA-MH95S WAGON R,JAPAN,PETROL/ELE,658.0,HAMBANTOTA,RECONDITIONED,1,5AA-MH95S,WAGON R
SINGLE CAB,SUZUKI,3BD-DA16T CARRY,JAPAN,PETROL,658.0,GAMPAHA,RECONDITIONED,1,3BD-DA16T,CARRY
CAR,SUZUKI,5AA-MH95S WAGON R,JAPAN,PETROL/ELE,658.0,JAFFNA,RECONDITIONED,1,5AA-MH95S,WAGON R
MOTOR CYCLE,HONDA,PCX,VIETNAM,PETROL,157.0,KURUNEGALA,RECONDITIONED,1,,PCX
CAR,SUZUKI,5AA-MH95S WAGON R,JAPAN,PETROL,658.0,JAFFNA,RECONDITIONED,1,5AA-MH95S,WAGON R
CAR,SUZUKI,5AA-MH95S WAGON R,JAPAN,PETROL,657.0,JAFFNA,RECONDITIONED,1,5AA-MH95S,WAGON R
CAR,SUZUKI,5AA-MH95S WAGON R,JAPAN,PETROL,650.0,JAFFNA,RECONDITIONED,1,5AA-MH95S,WAGON R
CAR,SUZUKI,5AA-MH95S WAGON R,JAPAN,PETROL,658.0,KALUTARA,RECONDITIONED,1,5AA-MH95S,WAGON R
MOTOR CYCLE,RISE,LEADER PLUS,SRI LANKA,ELECTRIC,2.0,ANURADHAPURA,BRAND NEW-L/MANUFACT,3,,LEADER PLUS
MOTOR CYCLE,RISE,LEADER R 100,SRI LANKA,ELECTRIC,2.0,HAMBANTOTA,BRAND NEW-L/MANUFACT,4,,LEADER R 100
MOTOR CYCLE,RISE,LEADER PLUS,SRI LANKA,ELECTRIC,2.0,KILINOCHCHI,BRAND NEW-L/MANUFACT,1,,LEADER PLUS
MOTOR CYCLE,RISE,LEADER,SRI LANKA,ELECTRIC,2.0,KURUNEGALA,BRAND NEW-L/MANUFACT,1,,LEADER
MOTOR CYCLE,RISE,LEADER R 100,SRI LANKA,PETROL,2.0,RATNAPURA,BRAND NEW-L/MANUFACT,1,,LEADER R 100
MOTOR CYCLE,RISE,LEADER R 100,SRI LANKA,PETROL,2.0,HAMBANTOTA,BRAND NEW-L/MANUFACT,1,,LEADER R 100
CAR,SUZUKI,5AA-MH95S WAGON R,JAPAN,PETROL/ELE,658.0,KANDY,RECONDITIONED,1,5AA-MH95S,WAGON R
CAR,SUZUKI,5AA-MH95S WAGON R,JAPAN,PETROL,657.0,KEGALLE,RECONDITIONED,2,5AA-MH95S,WAGON R
CAR,SUZUKI,5AA-MH95S WAGON R,JAPAN,PETROL/ELE,650.0,KEGALLE,RECONDITIONED,1,5AA-MH95S,WAGON R
DUAL PURPOSE (COMMERCIAL),TOYOTA,HILUX REVO ROCCO,THAILAND,DIESEL,2755.0,GAMPAHA,RECONDITIONED,2,,HILUX REVO ROCCO
MOTOR CYCLE,HONDA,2BK-KF30,JAPAN,PETROL,149.0,KURUNEGALA,RECONDITIONED,1,2BK-KF30,Unknown
MOTOR CYCLE,HONDA,ADV 160,JAPAN,PETROL,157.0,COLOMBO,RECONDITIONED,16,,ADV 160
DUAL PURPOSE (COMMERCIAL),FORD,RANGER RAPTOR,THAILAND,PETROL,2956.0,GAMPAHA,RECONDITIONED,3,,RANGER RAPTOR
DUAL PURPOSE (COMMERCIAL),NISSAN,KG-SR4F23,JAPAN,DIESEL,2660.0,COLOMBO,RECONDITIONED,1,KG-SR4F23,Unknown
CAR,SUZUKI,5AA-MH95S WAGON R,JAPAN,PETROL/ELE,657.0,KURUNEGALA,RECONDITIONED,3,5AA-MH95S,WAGON R
MOTOR CYCLE,HONDA,PCX 125,JAPAN,PETROL,124.0,PUTTALAM,RECONDITIONED,8,,PCX 125
MOTOR CYCLE,HONDA,PCX 160,JAPAN,PETROL,156.0,KURUNEGALA,RECONDITIONED,1,,PCX 160
CAR,SUZUKI,5AA-MH95S WAGON R,JAPAN,PETROL,657.0,KURUNEGALA,RECONDITIONED,2,5AA-MH95S,WAGON R
LAND VEHICLE (SMALL),KUBOTA,K750,JAPAN,DIESEL,401.0,HAMBANTOTA,RECONDITIONED,1,,K750
CAR,SUZUKI,5AA-MH95S WAGON R,JAPAN,PETROL/ELE,658.0,KURUNEGALA,RECONDITIONED,1,5AA-MH95S,WAGON R
LAND VEHICLE (SMALL),KUBOTA,K7,JAPAN,DIESEL,401.0,MONERAGALA,RECONDITIONED,2,,K7
CAR,SUZUKI,5AA-MH95S WAGON R,JAPAN,PETROL,658.0,KURUNEGALA,RECONDITIONED,2,5AA-MH95S,WAGON R
CAR,SUZUKI,5AA-MH95S WAGON R,JAPAN,PETROL/ELE,650.0,MANNAR,RECONDITIONED,1,5AA-MH95S,WAGON R
CAR,SUZUKI,5AA-MH95S WAGON R,JAPAN,PETROL/ELE,658.0,MATALE,RECONDITIONED,1,5AA-MH95S,WAGON R
DUAL PURPOSE (COMMERCIAL),TOYOTA,HILUX REVO ROCCO,THAILAND,DIESEL,2755.0,COLOMBO,RECONDITIONED,3,,HILUX REVO ROCCO
CAR,SUZUKI,5AA-MH95S WAGON R,JAPAN,PETROL,658.0,MATARA,RECONDITIONED,1,5AA-MH95S,WAGON R
CAR,SUZUKI,5AA-MH95S WAGON R,JAPAN,PETROL/ELE,658.0,MATARA,RECONDITIONED,1,5AA-MH95S,WAGON R
MOTOR CYCLE,HONDA,PCX 160,JAPAN,PETROL,159.0,ANURADHAPURA,RECONDITIONED,1,,PCX 160
CAR,SUZUKI,5AA-MH95S WAGON R,JAPAN,PETROL,657.0,MULLATIVU,RECONDITIONED,1,5AA-MH95S,WAGON R
CAR,SUZUKI,5AA-MH95S WAGON R,JAPAN,PETROL,658.0,MULLATIVU,RECONDITIONED,1,5AA-MH95S,WAGON R
CAR,SUZUKI,5AA-MH95S WAGON R,JAPAN,PETROL,657.0,POLONNARUWA,RECONDITIONED,1,5AA-MH95S,WAGON R
CAR,SUZUKI,5AA-MH95S WAGON R,JAPAN,PETROL,650.0,PUTTALAM,RECONDITIONED,2,5AA-MH95S,WAGON R
CAR,SUZUKI,5AA-MH95S WAGON R,JAPAN,PETROL/ELE,658.0,PUTTALAM,RECONDITIONED,3,5AA-MH95S,WAGON R
CAR,SUZUKI,5AA-MH95S WAGON R,JAPAN,PETROL/ELE,657.0,PUTTALAM,RECONDITIONED,1,5AA-MH95S,WAGON R
COMMERCIAL,TOYOTA,COMMUTER,THAILAND,DIESEL,2755.0,MATARA,RECONDITIONED,1,,COMMUTER
CAR,SUZUKI,5AA-MH95S WAGON R,JAPAN,PETROL,658.0,PUTTALAM,RECONDITIONED,2,5AA-MH95S,WAGON R
SPECIAL PURPOSE VEHICLE,KOMATSU,FD25T-16,JAPAN,DIESEL,3000.0,BADULLA,RECONDITIONED,1,FD25T-16,Unknown
MOTOR CYCLE,HONDA, PCX 160,JAPAN,PETROL,157.0,KANDY,RECONDITIONED,1,,PCX 160
CAR,SUZUKI,5AA-MH95S WAGON R,JAPAN,PETROL/ELE,658.0,RATNAPURA,RECONDITIONED,2,5AA-MH95S,WAGON R
CAR,SUZUKI,5AA-MH95S WAGON R,JAPAN,PETROL,658.0,RATNAPURA,RECONDITIONED,1,5AA-MH95S,WAGON R
CAR,SUZUKI,5AA-MH95S WAGON R,JAPAN,PETROL,658.0,TRINCOMALEE,RECONDITIONED,2,5AA-MH95S,WAGON R
MOTOR LORRY (COMMERCIAL),MITSUBISHI,PDG-FE83DY CANTER,JAPAN,DIESEL,4890.0,KANDY,RECONDITIONED,1,PDG-FE83DY,CANTER
CAR,SUZUKI,5AA-MH95S WAGON R,JAPAN,PETROL/ELE,658.0,TRINCOMALEE,RECONDITIONED,1,5AA-MH95S,WAGON R
CAR,SUZUKI,5AA-MH95S WAGON R,JAPAN,PETROL/ELE,658.0,VAVUNIYA,RECONDITIONED,2,5AA-MH95S,WAGON R
MOTOR CYCLE,YOUNIU,YN1800DT-2,CHINA,ELECTRIC,1.8,GAMPAHA,RECONDITIONED,1,,YN1800DT-2
LAND VEHICLE (SMALL),KUBOTA,K700,JAPAN,DIESEL,508.0,JAFFNA,RECONDITIONED,1,,K700
DUAL PURPOSE (COMMERCIAL),MITSUBISHI,GBD-U61V,JAPAN,PETROL,650.0,GALLE,RECONDITIONED,1,GBD-U61V,Unknown
MOTOR LORRY (COMMERCIAL),ISUZU,PJ-CXG77X6,JAPAN,DIESEL,9830.0,GALLE,RECONDITIONED,1,PJ-CXG77X6,Unknown
CAR,SUZUKI,5AA-MH95S- WAGON R,JAPAN,PETROL,657.0,COLOMBO,RECONDITIONED,1,5AA-MH95S,- WAGON R
CAR,SUZUKI,5AA-MH95S-WAGON R,JAPAN,PETROL,657.0,ANURADHAPURA,RECONDITIONED,1,5AA-MH95S-WAGON,R
CAR,SUZUKI,5AA-MH95S-WAGON R,JAPAN,PETROL,657.0,GAMPAHA,RECONDITIONED,1,5AA-MH95S-WAGON,R
CAR,SUZUKI,5AA-MH95S-WAGON R,JAPAN,PETROL,658.0,KALUTARA,RECONDITIONED,1,5AA-MH95S-WAGON,R
CAR,MAZDA,5AA-MJ95S,JAPAN,PETROL/ELE,658.0,COLOMBO,RECONDITIONED,1,5AA-MJ95S,FLAIR
CAR,MAZDA,5AA-MJ95S,JAPAN,PETROL,658.0,COLOMBO,RECONDITIONED,1,5AA-MJ95S,FLAIR
MOTOR CYCLE,HONDA,PCX 160,VIETNAM,PETROL,157.0,GAMPAHA,RECONDITIONED,3,,PCX 160
CAR,MAZDA,5AA-MJ95S FLAIR,JAPAN,PETROL,658.0,MATARA,RECONDITIONED,1,5AA-MJ95S,FLAIR
MOTOR CYCLE,RISE,LEADER PLUS,SRI LANKA,ELECTRIC,2.0,KURUNEGALA,BRAND NEW-L/MANUFACT,8,,LEADER PLUS
MOTOR CYCLE,BAJAJ,CT 100 ES,SRI LANKA,PETROL,102.0,GAMPAHA,BRAND NEW-L/MANUFACT,1,,CT 100 ES
MOTOR CYCLE,RISE,LEADER,SRI LANKA,ELECTRIC,2.0,RATNAPURA,BRAND NEW-L/MANUFACT,1,,LEADER
MOTOR CYCLE,RISE,LEADER R 100,SRI LANKA,ELECTRIC,2.0,KURUNEGALA,BRAND NEW-L/MANUFACT,3,,LEADER R 100
MOTOR CYCLE,BAJAJ,DISCOVER 125,SRI LANKA,PETROL,124.5,KEGALLE,BRAND NEW-L/MANUFACT,1,,DISCOVER 125
MOTOR CYCLE,RISE,LEADER R 100,SRI LANKA,ELECTRIC,2.0,MATALE,BRAND NEW-L/MANUFACT,1,,LEADER R 100
MOTOR CYCLE,RISE,LEADER PLUS,SRI LANKA,PETROL,2.0,MONERAGALA,BRAND NEW-L/MANUFACT,2,,LEADER PLUS
MOTOR CYCLE,RISE,LEADER PLUS,SRI LANKA,PETROL,2.0,ANURADHAPURA,BRAND NEW-L/MANUFACT,1,,LEADER PLUS
MOTOR CYCLE,RISE,LEADER,SRI LANKA,ELECTRIC,2.0,ANURADHAPURA,BRAND NEW-L/MANUFACT,1,,LEADER
MOTOR CYCLE,RISE,LEADER R 100,SRI LANKA,ELECTRIC,2.0,MATARA,BRAND NEW-L/MANUFACT,1,,LEADER R 100
CAR,SUZUKI,5AA-MK53S SPACIA,JAPAN,PETROL/ELE,658.0,COLOMBO,RECONDITIONED,2,5AA-MK53S,SPACIA
MOTOR CYCLE,HONDA,SUPER CUB 110,JAPAN,PETROL,109.0,PUTTALAM,RECONDITIONED,1,,SUPER CUB 110
CAR,SUZUKI,5AA-MK53S SPACIA,JAPAN,PETROL/ELE,656.0,GALLE,RECONDITIONED,1,5AA-MK53S,SPACIA
MOTOR CYCLE,HONDA,PCX 160,JAPAN,PETROL,157.0,KANDY,RECONDITIONED,9,,PCX 160
DUAL PURPOSE (COMMERCIAL),TOYOTA,HILUX REVO,THAILAND,DIESEL,2755.0,ANURADHAPURA,RECONDITIONED,1,,HILUX REVO
CAR,SUZUKI,5AA-MK53S SPACIA,JAPAN,PETROL/ELE,658.0,JAFFNA,RECONDITIONED,1,5AA-MK53S,SPACIA
CAR,SUZUKI,5AA-MK53S SPACIA,JAPAN,PETROL/ELE,658.0,KALUTARA,RECONDITIONED,2,5AA-MK53S,SPACIA
DUAL PURPOSE (COMMERCIAL),TOYOTA,HILUX REVO,THAILAND,DIESEL,2755.0,POLONNARUWA,RECONDITIONED,1,,HILUX REVO
CAR,SUZUKI,5AA-MK94S,JAPAN,PETROL,658.0,COLOMBO,RECONDITIONED,2,5AA-MK94S,SPECIA
CAR,SUZUKI,5AA-MK94S,JAPAN,PETROL/ELE,658.0,COLOMBO,RECONDITIONED,1,5AA-MK94S,SPECIA
CAR,SUZUKI,5AA-MK94S,JAPAN,PETROL,657.0,GAMPAHA,RECONDITIONED,1,5AA-MK94S,SPECIA
CAR,SUZUKI,5AA-MK94S,JAPAN,PETROL,657.0,KURUNEGALA,RECONDITIONED,1,5AA-MK94S,SPECIA
MOTOR CYCLE,HONDA,PCX 160,VIETNAM,PETROL,156.0,PUTTALAM,RECONDITIONED,2,,PCX 160
MOTOR CYCLE,HONDA,PCX 125,VIETNAM,PETROL,125.0,COLOMBO,RECONDITIONED,1,,PCX 125
LAND VEHICLE (SMALL),KUBOTA,K600,JAPAN,DIESEL,422.0,MATARA,RECONDITIONED,1,,K600
CAR,SUZUKI,5AA-MK94S,JAPAN,PETROL/ELE,658.0,TRINCOMALEE,RECONDITIONED,1,5AA-MK94S,SPECIA
CAR,SUZUKI,5AA-MK94S SPACIA,JAPAN,PETROL/ELE,658.0,BADULLA,RECONDITIONED,1,5AA-MK94S,SPACIA
CAR,SUZUKI,5AA-MK94S SPACIA,JAPAN,PETROL,658.0,COLOMBO,RECONDITIONED,3,5AA-MK94S,SPACIA
CAR,SUZUKI,5AA-MK94S SPACIA,JAPAN,PETROL/ELE,658.0,COLOMBO,RECONDITIONED,2,5AA-MK94S,SPACIA
MOTOR CYCLE,HONDA,PCX 125,JAPAN,PETROL,124.0,KURUNEGALA,RECONDITIONED,3,,PCX 125
CAR,SUZUKI,5AA-MK94S SPACIA,JAPAN,PETROL,650.0,COLOMBO,RECONDITIONED,2,5AA-MK94S,SPACIA
LAND VEHICLE (SMALL),KUBOTA,K550,JAPAN,DIESEL,375.0,JAFFNA,RECONDITIONED,2,,K550
DUAL PURPOSE (COMMERCIAL),TOYOTA,HILUX REVO ROCCO,THAILAND,DIESEL,2755.0,KALUTARA,RECONDITIONED,2,,HILUX REVO ROCCO
CAR,SUZUKI,5AA-MK94S SPACIA,JAPAN,PETROL/ELE,657.0,COLOMBO,RECONDITIONED,2,5AA-MK94S,SPACIA
CAR,SUZUKI,5AA-MK94S SPACIA,JAPAN,PETROL/ELE,658.0,GALLE,RECONDITIONED,2,5AA-MK94S,SPACIA
PRIMER MOVER,MAN,TGX26.470,UNITED KINGDOM,DIESEL,12419.0,GAMPAHA,RECONDITIONED,1,,TGX26.470
CAR,SUZUKI,5AA-MK94S SPACIA,JAPAN,PETROL,650.0,GAMPAHA,RECONDITIONED,3,5AA-MK94S,SPACIA
CAR,SUZUKI,5AA-MK94S SPACIA,JAPAN,PETROL/ELE,658.0,GAMPAHA,RECONDITIONED,3,5AA-MK94S,SPACIA
CAR,SUZUKI,5AA-MK94S SPACIA,JAPAN,PETROL/ELE,657.0,GAMPAHA,RECONDITIONED,1,5AA-MK94S,SPACIA
MOTOR LORRY (COMMERCIAL),HINO,TKG-XZU605M DUTRO,JAPAN,DIESEL,4000.0,GALLE,RECONDITIONED,1,TKG-XZU605M,DUTRO
CAR,SUZUKI,5AA-MK94S SPACIA,JAPAN,PETROL,658.0,GAMPAHA,RECONDITIONED,3,5AA-MK94S,SPACIA
OTHER SPECIAL PURPOSE VEHICLE,TOYOTA,QDF-KDH201V HIACE,JAPAN,DIESEL,2982.0,MULLATIVU,RECONDITIONED,1,QDF-KDH201V,HIACE
MOTOR CYCLE,HONDA,PCX,VIETNAM,PETROL,124.0,GAMPAHA,RECONDITIONED,1,,PCX
MOTOR CYCLE,HONDA,8BK-KF47,JAPAN,PETROL,157.0,MATALE,RECONDITIONED,2,8BK-KF47,Unknown
CAR,SUZUKI,5AA-MK94S SPACIA,JAPAN,PETROL,650.0,HAMBANTOTA,RECONDITIONED,1,5AA-MK94S,SPACIA
MOTOR CYCLE,YADEA,E10,CHINA,ELECTRIC,0.4,KEGALLE,RECONDITIONED,1,,E10
CAR,SUZUKI,5AA-MK94S SPACIA,JAPAN,PETROL/ELE,658.0,JAFFNA,RECONDITIONED,1,5AA-MK94S,SPACIA
CAR,SUZUKI,5AA-MK94S SPACIA,JAPAN,PETROL/ELE,658.0,KALUTARA,RECONDITIONED,4,5AA-MK94S,SPACIA
CAR,SUZUKI,5AA-MK94S SPACIA,JAPAN,PETROL/ELE,656.0,KANDY,RECONDITIONED,1,5AA-MK94S,SPACIA
CAR,SUZUKI,5AA-MK94S SPACIA,JAPAN,PETROL/ELE,658.0,KANDY,RECONDITIONED,1,5AA-MK94S,SPACIA
DUAL PURPOSE (COMMERCIAL),TOYOTA,TUNDRA,AUSTRALIA,PETROL,3445.0,COLOMBO,RECONDITIONED,1,,TUNDRA
SPECIAL PURPOSE VEHICLE,MITSUBISHI,MG230 MOTOR GRADER,JAPAN,DIESEL,4940.0,JAFFNA,RECONDITIONED,1,,MG230 MOTOR GRADER
CAR,SUZUKI,5AA-MK94S SPACIA,JAPAN,PETROL/ELE,657.0,KANDY,RECONDITIONED,1,5AA-MK94S,SPACIA
CAR,SUZUKI,5AA-MK94S SPACIA,JAPAN,PETROL/ELE,657.0,KURUNEGALA,RECONDITIONED,1,5AA-MK94S,SPACIA
CAR,SUZUKI,5AA-MK94S SPACIA,JAPAN,PETROL/ELE,658.0,KURUNEGALA,RECONDITIONED,1,5AA-MK94S,SPACIA
CAR,SUZUKI,5AA-MK94S SPACIA,JAPAN,PETROL,658.0,KURUNEGALA,RECONDITIONED,1,5AA-MK94S,SPACIA
CAR,SUZUKI,5AA-MK94S SPACIA,JAPAN,PETROL/ELE,658.0,MONERAGALA,RECONDITIONED,2,5AA-MK94S,SPACIA
CAR,SUZUKI,5AA-MK94S SPACIA,JAPAN,PETROL/ELE,658.0,MULLATIVU,RECONDITIONED,1,5AA-MK94S,SPACIA
MOTOR CYCLE,HONDA,SUPER CUB C125,JAPAN,PETROL,124.0,PUTTALAM,RECONDITIONED,1,,SUPER CUB C125
CAR,SUZUKI,5AA-MK94S SPACIA,JAPAN,PETROL,658.0,MULLATIVU,RECONDITIONED,1,5AA-MK94S,SPACIA
CAR,SUZUKI,5AA-MK94S SPACIA,JAPAN,PETROL/ELE,657.0,TRINCOMALEE,RECONDITIONED,1,5AA-MK94S,SPACIA
CAR,SUZUKI,5AA-MK94S SPECIA,JAPAN,PETROL,650.0,GAMPAHA,RECONDITIONED,1,5AA-MK94S,SPECIA
CAR,SUZUKI,5AA-MR92S,JAPAN,PETROL,657.0,GAMPAHA,RECONDITIONED,1,5AA-MR92S,SEDAN
CAR,SUZUKI,5AA-MR92S HUSTLER,JAPAN,PETROL/ELE,658.0,COLOMBO,RECONDITIONED,4,5AA-MR92S,HUSTLER
CAR,SUZUKI,5AA-MR92S HUSTLER,JAPAN,PETROL,650.0,COLOMBO,RECONDITIONED,1,5AA-MR92S,HUSTLER
CAR,SUZUKI,5AA-MR92S HUSTLER,JAPAN,PETROL/ELE,658.0,GAMPAHA,RECONDITIONED,1,5AA-MR92S,HUSTLER
CAR,SUZUKI,5AA-MR92S HUSTLER,JAPAN,PETROL/ELE,658.0,HAMBANTOTA,RECONDITIONED,1,5AA-MR92S,HUSTLER
CAR,SUZUKI,5AA-MR92S HUSTLER,JAPAN,PETROL,658.0,KEGALLE,RECONDITIONED,1,5AA-MR92S,HUSTLER
CAR,SUZUKI,5AA-MR92S HUSTLER,JAPAN,PETROL/ELE,656.0,PUTTALAM,RECONDITIONED,1,5AA-MR92S,HUSTLER
CAR,SUZUKI,5AA-MR92S HUSTLER,JAPAN,PETROL/ELE,658.0,RATNAPURA,RECONDITIONED,2,5AA-MR92S,HUSTLER
CAR,SUZUKI,5AA-MR92S SEDAN,JAPAN,PETROL,658.0,COLOMBO,RECONDITIONED,1,5AA-MR92S,SEDAN
CAR,MAZDA,5AA-MS92S,JAPAN,PETROL,658.0,GAMPAHA,RECONDITIONED,1,5AA-MS92S,Unknown
CAR,HONDA,5AA-RV5 VEZEL,JAPAN,PETROL/ELE,1496.0,KURUNEGALA,RECONDITIONED,1,5AA-RV5,VEZEL
CAR,LEXUS,5AA-TALH17 F SPORT,JAPAN,PETROL/ELE,2393.0,BADULLA,RECONDITIONED,1,5AA-TALH17,F SPORT
CAR,LEXUS,5AA-TAWH15W,JAPAN,PETROL/ELE,2393.0,COLOMBO,RECONDITIONED,1,5AA-TAWH15W,Unknown
CAR,SUZUKI,5AA-ZCEDS SWIFT,JAPAN,PETROL/ELE,1190.0,COLOMBO,RECONDITIONED,2,5AA-ZCEDS,SWIFT
CAR,SUZUKI,5AA-ZCEDS SWIFT,JAPAN,PETROL/ELE,1196.0,COLOMBO,RECONDITIONED,2,5AA-ZCEDS,SWIFT
CAR,SUZUKI,5AA-ZCEDS SWIFT,JAPAN,PETROL,1190.0,COLOMBO,RECONDITIONED,1,5AA-ZCEDS,SWIFT
CAR,SUZUKI,5AA-ZCEDS SWIFT,JAPAN,PETROL/ELE,1197.0,COLOMBO,RECONDITIONED,1,5AA-ZCEDS,SWIFT
CAR,SUZUKI,5AA-ZCEDS SWIFT,JAPAN,PETROL/ELE,1190.0,GAMPAHA,RECONDITIONED,1,5AA-ZCEDS,SWIFT
CAR,SUZUKI,5AA-ZCEDS SWIFT,JAPAN,PETROL,1196.0,GAMPAHA,RECONDITIONED,1,5AA-ZCEDS,SWIFT
CAR,SUZUKI,5AA-ZCEDS SWIFT,JAPAN,PETROL,1197.0,PUTTALAM,RECONDITIONED,1,5AA-ZCEDS,SWIFT
CAR,SUZUKI,5AA-ZDEDS SWIFT,JAPAN,PETROL,1196.0,MATARA,RECONDITIONED,1,5AA-ZDEDS,SWIFT
CAR,TOYOTA,5B-KSP210 YARIS,JAPAN,PETROL,996.0,GALLE,RECONDITIONED,1,5B-KSP210,YARIS
CAR,TOYOTA,5BA KSP 210 YARIS,JAPAN,PETROL,996.0,GALLE,RECONDITIONED,1,,5BA KSP 210 YARIS
CAR,TOYOTA,5BA KSP210 YARIS,JAPAN,PETROL,996.0,GAMPAHA,RECONDITIONED,1,,5BA KSP210 YARIS
CAR,TOYOTA,5BA KSP210 YARIS,JAPAN,PETROL,990.0,PUTTALAM,RECONDITIONED,1,,5BA KSP210 YARIS
CAR,TOYOTA,5BA LA350A PIXIS,JAPAN,PETROL,650.0,COLOMBO,RECONDITIONED,1,,5BA LA350A PIXIS
DUAL PURPOSE (COMMERCIAL),TOYOTA,HILUX REVO ROCCO,THAILAND,DIESEL,2755.0,JAFFNA,RECONDITIONED,1,,HILUX REVO ROCCO
DUAL PURPOSE (COMMERCIAL),FORD,RANGER RAPTOR,THAILAND,PETROL,2956.0,MATARA,RECONDITIONED,1,,RANGER RAPTOR
MOTOR CYCLE,HONDA,PCX125,JAPAN,PETROL,125.0,GAMPAHA,RECONDITIONED,1,,PCX125
CAR,DAIHATSU,5BA LA350S MIRA,JAPAN,PETROL,650.0,COLOMBO,RECONDITIONED,1,,5BA LA350S MIRA
CAR,TOYOTA,5BA M900A ROOMY,JAPAN,PETROL,996.0,BATTICALOA,RECONDITIONED,1,,5BA M900A ROOMY
CAR,SUZUKI,5BA MH85S WAGON R,JAPAN,PETROL,658.0,GAMPAHA,RECONDITIONED,3,,5BA MH85S WAGON R
CAR,SUZUKI,5BA MH85S WAGON R,JAPAN,PETROL,657.0,KALUTARA,RECONDITIONED,1,,5BA MH85S WAGON R
CAR,SUZUKI,5BA MH85S WAGON R,JAPAN,PETROL,656.0,MATARA,RECONDITIONED,1,,5BA MH85S WAGON R
TRACTOR TRAILER/BOWSER,LOCALLY BUILT,LOW BED TRAILER,SRI LANKA,NOT STATED,0.0,TRINCOMALEE,LOCALLY BUILT,2,,LOW BED TRAILER
CAR,SUZUKI,5BA- MH85S WAGON R,JAPAN,PETROL,658.0,COLOMBO,RECONDITIONED,1,,5BA- MH85S WAGON R
CAR,TOYOTA,5BA-A201A,JAPAN,PETROL,1196.0,COLOMBO,RECONDITIONED,2,5BA-A201A,Unknown
TRACTOR TRAILER/BOWSER,LOCALLY BUILT,TRACTOR  TRAILER,SRI LANKA,NOT STATED,0.0,BADULLA,LOCALLY BUILT,1,,TRACTOR  TRAILER
TRACTOR TRAILER/BOWSER,LOCALLY BUILT,TRACTOR  TRAILER,SRI LANKA,NOT STATED,0.0,KURUNEGALA,LOCALLY BUILT,1,,TRACTOR  TRAILER
MOTOR CYCLE,SOLID,G6,CHINA,ELECTRIC,1.5,RATNAPURA,BRAND NEW,1,,G6
MOTOR CYCLE,QUANLE,ZL,CHINA,ELECTRIC,2.0,MONERAGALA,BRAND NEW,2,,ZL
MOTOR CYCLE,QUANLE,ZL,CHINA,ELECTRIC,2.0,HAMBANTOTA,BRAND NEW,6,,ZL
MOTOR CYCLE,DAYWANG(DW)SL,E-MOTOR CYCLE,CHINA,ELECTRIC,0.8,AMPARA,BRAND NEW,5,,E-MOTOR CYCLE
MOTOR CYCLE,LUYUAN,MNK3,CHINA,ELECTRIC,1.5,MONERAGALA,BRAND NEW,3,,MNK3
CAR,TOYOTA,5BA-A201A  RAIZE,JAPAN,PETROL,1196.0,RATNAPURA,RECONDITIONED,1,5BA-A201A,RAIZE
CAR,TOYOTA,5BA-A201A RAIZE,JAPAN,PETROL,1196.0,AMPARA,RECONDITIONED,1,5BA-A201A,RAIZE
MOTOR CYCLE,NWOW,WSP,CHINA,ELECTRIC,1.5,COLOMBO,BRAND NEW,5,,WSP
MOTOR CYCLE,YADEA,RUIBIN,CHINA,ELECTRIC,0.8,KURUNEGALA,BRAND NEW,28,,RUIBIN
MOTOR CYCLE,NWOW,TK 10,CHINA,ELECTRIC,0.8,GAMPAHA,BRAND NEW,10,,TK 10
MOTOR CYCLE,DASTOL,DW-28,CHINA,ELECTRIC,2.0,COLOMBO,BRAND NEW,14,DW-28,Unknown
MOTOR CYCLE,YADEA,RUIBIN,CHINA,ELECTRIC,0.8,KILINOCHCHI,BRAND NEW,6,,RUIBIN
MOTOR CYCLE,TVS,IQUBE,INDIA,ELECTRIC,3.34,KURUNEGALA,BRAND NEW,1,,IQUBE
THREE WHEELER,BAJAJ,RE 4S AUTORICKSHOW,INDIA,PETROL,237.0,GALLE,BRAND NEW,19,,RE 4S AUTORICKSHOW
MOTOR CYCLE,LUYUAN ALFA,M-MKK-Z30LJ-12-C,CHINA,ELECTRIC,1.8,COLOMBO,BRAND NEW,11,,M-MKK-Z30LJ-12-C
THREE WHEELER,BAJAJ,RE 4S AUTORICKSHOW,INDIA,PETROL,237.0,GAMPAHA,BRAND NEW,64,,RE 4S AUTORICKSHOW
THREE WHEELER,BAJAJ,RE 4S AUTORICKSHOW,INDIA,PETROL,237.0,KALUTARA,BRAND NEW,27,,RE 4S AUTORICKSHOW
LAND VEHICLE,TAFE,45DI,INDIA,DIESEL,2700.0,ANURADHAPURA,BRAND NEW,13,,45DI
LAND VEHICLE,TAFE,45DI,INDIA,DIESEL,2500.0,MANNAR,BRAND NEW,4,,45DI
CAR,TOYOTA,5BA-A201A RAIZE,JAPAN,PETROL,1196.0,BADULLA,RECONDITIONED,1,5BA-A201A,RAIZE
CAR,TOYOTA,5BA-A201A RAIZE,JAPAN,PETROL,1196.0,BATTICALOA,RECONDITIONED,1,5BA-A201A,RAIZE
CAR,TOYOTA,5BA-A201A RAIZE,JAPAN,PETROL,1190.0,COLOMBO,RECONDITIONED,2,5BA-A201A,RAIZE
LAND VEHICLE (SMALL),FARM MASTER,RV125-2,CHINA,DIESEL,624.0,KEGALLE,BRAND NEW,1,RV125-2,Unknown
MOTOR CYCLE,QUANLE,G18,CHINA,ELECTRIC,2.0,HAMBANTOTA,BRAND NEW,2,,G18
MOTOR CYCLE,QUANLE,ZL,CHINA,ELECTRIC,2.0,BADULLA,BRAND NEW,1,,ZL
LAND VEHICLE (SMALL),KUBOTA,SP 155,THAILAND,DIESEL,770.0,HAMBANTOTA,BRAND NEW,3,,SP 155
LAND VEHICLE (SMALL),KUBOTA,SP 155,THAILAND,DIESEL,770.0,ANURADHAPURA,BRAND NEW,5,,SP 155
CAR,TOYOTA,5BA-A201A RAIZE,JAPAN,PETROL,1196.0,COLOMBO,RECONDITIONED,11,5BA-A201A,RAIZE
LAND VEHICLE,KIOTI,DS4510,SOUTH KOREA,DIESEL,2197.0,HAMBANTOTA,BRAND NEW,1,,DS4510
MOTOR CYCLE,QUANLE,ZL,CHINA,ELECTRIC,2.0,PUTTALAM,BRAND NEW,2,,ZL
MOTOR CYCLE,LUYUAN,MYT,CHINA,ELECTRIC,0.8,GALLE,BRAND NEW,2,,MYT
LAND VEHICLE,NEW HOLLAND,4710,INDIA,DIESEL,2700.0,ANURADHAPURA,BRAND NEW,4,,4710
MOTOR CYCLE,YADEA,T5,CHINA,ELECTRIC,1.2,MATALE,BRAND NEW,18,,T5
CAR,TOYOTA,5BA-A201A RAIZE,JAPAN,PETROL,1196.0,GALLE,RECONDITIONED,2,5BA-A201A,RAIZE
MOTOR CYCLE,YADEA,EZEEGO,CHINA,ELECTRIC,1.2,GAMPAHA,BRAND NEW,2,,EZEEGO
LAND VEHICLE,TAFE,45DI,INDIA,DIESEL,2500.0,POLONNARUWA,BRAND NEW,9,,45DI
MOTOR CYCLE,TAILG,RED RABBIT,CHINA,ELECTRIC,1.2,KURUNEGALA,BRAND NEW,1,,RED RABBIT
SPECIAL PURPOSE VEHICLE,CATERPILLAR,426,INDIA,DIESEL,4400.0,COLOMBO,BRAND NEW,2,,426
MOTOR CYCLE,LIMA,ELO-07,CHINA,ELECTRIC,1.5,GAMPAHA,BRAND NEW,2,ELO-07,Unknown
LAND VEHICLE,NEW HOLLAND,4710,INDIA,DIESEL,2700.0,MULLATIVU,BRAND NEW,1,,4710
LAND VEHICLE,NEW HOLLAND,3230 TX 2WD,INDIA,DIESEL,2700.0,KURUNEGALA,BRAND NEW,1,,3230 TX 2WD
LAND VEHICLE,EURO TRAC,240 4WD,UNITED KINGDOM,DIESEL,2500.0,VAVUNIYA,BRAND NEW,1,,240 4WD
LAND VEHICLE,MAHINDRA,YUVO TECH PLUS 575DI,INDIA,DIESEL,2979.0,POLONNARUWA,BRAND NEW,5,,YUVO TECH PLUS 575DI
MOTOR CYCLE,NWOW,WSP,CHINA,ELECTRIC,1.5,KALUTARA,BRAND NEW,4,,WSP
MOTOR CYCLE,VMOTO,CITI,CHINA,ELECTRIC,2.0,NUWARA-ELIYA,BRAND NEW,1,,CITI
LAND VEHICLE (SMALL),LAND FORCE,RK125,THAILAND,DIESEL,624.0,TRINCOMALEE,BRAND NEW,1,,RK125
LAND VEHICLE,TAFE,45DI,INDIA,DIESEL,2700.0,KILINOCHCHI,BRAND NEW,1,,45DI
LAND VEHICLE,TAFE,45DI,INDIA,DIESEL,2500.0,PUTTALAM,BRAND NEW,3,,45DI
MOTOR CYCLE,LUYUAN,MS70 Z23E,CHINA,ELECTRIC,1.2,GALLE,BRAND NEW,2,,MS70 Z23E
LAND VEHICLE,YANMAR,YM358R,THAILAND,DIESEL,3319.0,TRINCOMALEE,BRAND NEW,5,,YM358R
CAR,TOYOTA,5BA-A201A RAIZE,JAPAN,PETROL,1196.0,GAMPAHA,RECONDITIONED,6,5BA-A201A,RAIZE
CAR,TOYOTA,5BA-A201A RAIZE,JAPAN,PETROL,1196.0,KALUTARA,RECONDITIONED,1,5BA-A201A,RAIZE
CAR,TOYOTA,5BA-A201A RAIZE,JAPAN,PETROL,1196.0,KANDY,RECONDITIONED,2,5BA-A201A,RAIZE
LAND VEHICLE,E KUBOTA,EK3-471 4WD,INDIA,DIESEL,2761.0,BADULLA,BRAND NEW,2,EK3-471,4WD
MOTOR CYCLE,ATHER,450X,INDIA,ELECTRIC,3.0,KALUTARA,BRAND NEW,1,,450X
CAR,TOYOTA,5BA-A201A RAIZE,JAPAN,PETROL,1196.0,KURUNEGALA,RECONDITIONED,2,5BA-A201A,RAIZE
THREE WHEELER,BAJAJ,RE 4S AUTORICKSHAW,INDIA,PETROL,237.0,COLOMBO,BRAND NEW,14,,RE 4S AUTORICKSHAW
MOTOR CYCLE,QUANLE,ZS,CHINA,ELECTRIC,1.2,COLOMBO,BRAND NEW,2,,ZS
MOTOR CYCLE,QUANLE,XGW,CHINA,ELECTRIC,1.2,AMPARA,BRAND NEW,1,,XGW
THREE WHEELER,BAJAJ,RE 4S AUTORICKSHAW,INDIA,PETROL,237.0,HAMBANTOTA,BRAND NEW,2,,RE 4S AUTORICKSHAW
MOTOR CYCLE,YADEA,T 9,CHINA,ELECTRIC,2.0,BADULLA,BRAND NEW,2,,T 9
MOTOR CYCLE,BAJAJ,CT 100 ES,SRI LANKA,PETROL,102.0,KURUNEGALA,BRAND NEW,1,,CT 100 ES
LAND VEHICLE,TAFE,7250.DI,INDIA,DIESEL,2500.0,AMPARA,BRAND NEW,1,,7250.DI
SINGLE CAB,MAHINDRA,BOLERO CITY PICKUP,INDIA,DIESEL,2523.0,JAFFNA,BRAND NEW,1,,BOLERO CITY PICKUP
TRACTOR TRAILER/BOWSER,NIROSH TRAILER,TRACTOR TRAILER,SRI LANKA,NOT STATED,0.0,COLOMBO,BRAND NEW,1,,TRACTOR TRAILER
LAND VEHICLE (SMALL),LAND FORCE,GN121,THAILAND,DIESEL,624.0,POLONNARUWA,BRAND NEW,1,,GN121
MOTOR CYCLE,TVS,TVS RAIDER 125,SRI LANKA,PETROL,124.79,KANDY,BRAND NEW-L/ASSEMBLE,16,,TVS RAIDER 125
MOTOR CYCLE,TVS,TVS RAIDER 125,SRI LANKA,PETROL,124.79,BADULLA,BRAND NEW-L/ASSEMBLE,20,,TVS RAIDER 125
MOTOR CYCLE,TVS,NTORQ 125,SRI LANKA,PETROL,124.79,HAMBANTOTA,BRAND NEW-L/ASSEMBLE,32,,NTORQ 125
MOTOR CYCLE,SENARO,GN125,SRI LANKA,PETROL,125.0,MATARA,BRAND NEW-L/ASSEMBLE,11,,GN125
MOTOR CYCLE,TVS,NTORQ 125,SRI LANKA,PETROL,124.8,GAMPAHA,BRAND NEW-L/ASSEMBLE,235,,NTORQ 125
MOTOR CYCLE,TVS,NTORQ 125,SRI LANKA,PETROL,124.8,MATALE,BRAND NEW-L/ASSEMBLE,30,,NTORQ 125
MOTOR CYCLE,TVS,NTORQ 125,SRI LANKA,PETROL,124.8,KURUNEGALA,BRAND NEW-L/ASSEMBLE,111,,NTORQ 125
MOTOR CYCLE,BAJAJ,CT 100 ES,SRI LANKA,PETROL,102.0,ANURADHAPURA,BRAND NEW-L/ASSEMBLE,266,,CT 100 ES
MOTOR CYCLE,BAJAJ,CT 100 ES,SRI LANKA,PETROL,102.0,MANNAR,BRAND NEW-L/ASSEMBLE,41,,CT 100 ES
MOTOR CYCLE,BAJAJ,PULSAR N160,SRI LANKA,PETROL,164.82,PUTTALAM,BRAND NEW-L/ASSEMBLE,58,,PULSAR N160
MOTOR CYCLE,TVS,NTORQ 125,SRI LANKA,PETROL,124.8,GALLE,BRAND NEW-L/ASSEMBLE,116,,NTORQ 125
MOTOR CYCLE,SENARO,GN125,SRI LANKA,PETROL,125.0,MULLATIVU,BRAND NEW-L/ASSEMBLE,11,,GN125
MOTOR CYCLE,TVS,TVS XL 100,SRI LANKA,PETROL,99.7,MATARA,BRAND NEW-L/ASSEMBLE,8,,TVS XL 100
SINGLE CAB,TATA,ACE HT2,SRI LANKA,DIESEL,702.0,ANURADHAPURA,BRAND NEW-L/ASSEMBLE,3,,ACE HT2
MOTOR CYCLE,LENCAR,ERC80,SRI LANKA,ELECTRIC,1.2,GALLE,BRAND NEW-L/ASSEMBLE,2,,ERC80
CAR,TOYOTA,5BA-A201A RAIZE,JAPAN,PETROL,1200.0,MATARA,RECONDITIONED,1,5BA-A201A,RAIZE
MOTOR CYCLE,DYNO,SCOOBY 125  EFI,SRI LANKA,PETROL,124.6,MATARA,BRAND NEW-L/ASSEMBLE,1,,SCOOBY 125  EFI
MOTOR CYCLE,BAJAJ,PULSAR N160,SRI LANKA,PETROL,164.82,MATARA,BRAND NEW-L/ASSEMBLE,19,,PULSAR N160
MOTOR CYCLE,TVS,NTORQ 125,SRI LANKA,PETROL,124.8,NUWARA-ELIYA,BRAND NEW-L/ASSEMBLE,10,,NTORQ 125
MOTOR CYCLE,TVS,NTORQ 125,SRI LANKA,PETROL,124.8,MULLATIVU,BRAND NEW-L/ASSEMBLE,10,,NTORQ 125
MOTOR CYCLE,SENARO,GN125,SRI LANKA,PETROL,125.0,NUWARA-ELIYA,BRAND NEW-L/ASSEMBLE,5,,GN125
MOTOR CYCLE,BAJAJ,DISCOVER 125,SRI LANKA,PETROL,124.5,KALUTARA,BRAND NEW-L/ASSEMBLE,34,,DISCOVER 125
MOTOR CYCLE,BAJAJ,DISCOVER 125,SRI LANKA,PETROL,124.5,KILINOCHCHI,BRAND NEW-L/ASSEMBLE,6,,DISCOVER 125
CAR,TOYOTA,5BA-A201A RAIZE,JAPAN,PETROL,1190.0,PUTTALAM,RECONDITIONED,1,5BA-A201A,RAIZE
MOTOR CYCLE,YADEA,RUIBIN,CHINA,ELECTRIC,0.8,COLOMBO,BRAND NEW-L/ASSEMBLE,1,,RUIBIN
CAR,TOYOTA,5BA-A201A RAIZE,JAPAN,PETROL,1190.0,RATNAPURA,RECONDITIONED,1,5BA-A201A,RAIZE
SINGLE CAB,MAHINDRA,BOLERO CITY PICKUP,SRI LANKA,DIESEL,2523.0,MATALE,BRAND NEW-L/ASSEMBLE,1,,BOLERO CITY PICKUP
MOTOR CYCLE,LUYUAN ALFA,M-MKK-Z30LJ-12-C,CHINA,ELECTRIC,1.8,COLOMBO,BRAND NEW-L/ASSEMBLE,1,,M-MKK-Z30LJ-12-C
SINGLE CAB,LANKA ASHOK LEYLAND,DOST,SRI LANKA,DIESEL,1478.0,JAFFNA,BRAND NEW-L/ASSEMBLE,1,,DOST
CAR,TOYOTA,5BA-A210A RAIZE,JAPAN,PETROL,1196.0,COLOMBO,RECONDITIONED,1,5BA-A210A,RAIZE
CAR,TOYOTA,5BA-A210A RAIZE,JAPAN,PETROL,1196.0,GAMPAHA,RECONDITIONED,1,5BA-A210A,RAIZE
CAR,NISSAN,5BA-B43W DAYS,JAPAN,PETROL,658.0,KEGALLE,RECONDITIONED,1,5BA-B43W,DAYS
CAR,NISSAN,5BA-B43W DAYZ,JAPAN,PETROL,658.0,GAMPAHA,RECONDITIONED,1,5BA-B43W,DAYZ
CAR,DAIHATSU,5BA-H900S,JAPAN,PETROL,996.0,KALUTARA,RECONDITIONED,1,5BA-H900S,Unknown
CAR,TOYOTA,5BA-KS9210 YARIS,JAPAN,PETROL,990.0,COLOMBO,RECONDITIONED,1,5BA-KS9210,YARIS
CAR,TOYOTA,5BA-KSP-210 YARIS,JAPAN,PETROL,996.0,COLOMBO,RECONDITIONED,1,5BA-KSP-210,YARIS
CAR,TOYOTA,5BA-KSP21 YARIS,JAPAN,PETROL,996.0,GAMPAHA,RECONDITIONED,1,5BA-KSP21,YARIS
COMMERCIAL,TOYOTA,3DF-GDH223B LETNY,JAPAN,DIESEL,2754.0,KURUNEGALA,RECONDITIONED,1,3DF-GDH223B,LETNY
CAR,TOYOTA,5BA-KSP210,JAPAN,PETROL,996.0,COLOMBO,RECONDITIONED,5,5BA-KSP210,YARIS X
CAR,TOYOTA,5BA-KSP210,JAPAN,PETROL,996.0,GALLE,RECONDITIONED,1,5BA-KSP210,YARIS X
CAR,TOYOTA,5BA-KSP210,JAPAN,PETROL,996.0,GAMPAHA,RECONDITIONED,5,5BA-KSP210,YARIS X
CAR,TOYOTA,5BA-KSP210,JAPAN,PETROL,996.0,JAFFNA,RECONDITIONED,1,5BA-KSP210,YARIS X
CAR,TOYOTA,5BA-KSP210,JAPAN,PETROL,996.0,KALUTARA,RECONDITIONED,1,5BA-KSP210,YARIS X
DUAL PURPOSE (COMMERCIAL),TOYOTA,HILUX Z GR SPORT,JAPAN,DIESEL,2393.0,GAMPAHA,RECONDITIONED,1,,HILUX Z GR SPORT
CAR,TOYOTA,5BA-KSP210,JAPAN,PETROL,996.0,KURUNEGALA,RECONDITIONED,2,5BA-KSP210,YARIS X
CAR,TOYOTA,5BA-KSP210,JAPAN,PETROL,996.0,MATARA,RECONDITIONED,1,5BA-KSP210,YARIS X
CAR,TOYOTA,5BA-KSP210,JAPAN,PETROL,996.0,RATNAPURA,RECONDITIONED,1,5BA-KSP210,YARIS X
CAR,TOYOTA,5BA-KSP210  YARIS,JAPAN,PETROL,996.0,BADULLA,RECONDITIONED,1,5BA-KSP210,YARIS
LAND VEHICLE (SMALL),KUBOTA,K 8,JAPAN,DIESEL,465.0,KURUNEGALA,RECONDITIONED,1,,K 8
CAR,TOYOTA,5BA-KSP210  YARIS,JAPAN,PETROL,996.0,GALLE,RECONDITIONED,1,5BA-KSP210,YARIS
LAND VEHICLE (SMALL),KUBOTA,K 700,JAPAN,DIESEL,508.0,KURUNEGALA,RECONDITIONED,1,,K 700
CAR,TOYOTA,5BA-KSP210 YARIS,JAPAN,PETROL,990.0,AMPARA,RECONDITIONED,1,5BA-KSP210,YARIS
CAR,TOYOTA,5BA-KSP210 YARIS,JAPAN,PETROL,996.0,AMPARA,RECONDITIONED,1,5BA-KSP210,YARIS
CAR,TOYOTA,5BA-KSP210 YARIS,JAPAN,PETROL,996.0,ANURADHAPURA,RECONDITIONED,3,5BA-KSP210,YARIS
CAR,TOYOTA,5BA-KSP210 YARIS,JAPAN,PETROL,996.0,BADULLA,RECONDITIONED,2,5BA-KSP210,YARIS
CAR,TOYOTA,5BA-KSP210 YARIS,JAPAN,PETROL,996.0,BATTICALOA,RECONDITIONED,3,5BA-KSP210,YARIS
DUAL PURPOSE (COMMERCIAL),MITSUBISHI,3DF-LC2T,THAILAND,DIESEL,2430.0,COLOMBO,RECONDITIONED,1,3DF-LC2T,Unknown
CAR,TOYOTA,5BA-KSP210 YARIS,JAPAN,PETROL,996.0,COLOMBO,RECONDITIONED,65,5BA-KSP210,YARIS
CAR,TOYOTA,5BA-KSP210 YARIS,JAPAN,PETROL,990.0,COLOMBO,RECONDITIONED,2,5BA-KSP210,YARIS
CAR,TOYOTA,5BA-KSP210 YARIS,JAPAN,PETROL,996.0,COLOMBO,BRAND NEW,1,5BA-KSP210,YARIS
CAR,TOYOTA,5BA-KSP210 YARIS,JAPAN,PETROL,996.0,GALLE,RECONDITIONED,11,5BA-KSP210,YARIS
CAR,TOYOTA,5BA-KSP210 YARIS,JAPAN,PETROL,990.0,GALLE,RECONDITIONED,1,5BA-KSP210,YARIS
CAR,TOYOTA,5BA-KSP210 YARIS,JAPAN,PETROL,996.0,GAMPAHA,RECONDITIONED,22,5BA-KSP210,YARIS
COMMERCIAL,MITSUBISHI,FUSO-TPG-BE640G ROSA,JAPAN,DIESEL,2990.0,NUWARA-ELIYA,RECONDITIONED,1,FUSO-TPG-BE640G,ROSA
CAR,TOYOTA,5BA-KSP210 YARIS,JAPAN,PETROL,990.0,GAMPAHA,RECONDITIONED,2,5BA-KSP210,YARIS
CAR,TOYOTA,5BA-KSP210 YARIS,JAPAN,PETROL,1000.0,GAMPAHA,RECONDITIONED,1,5BA-KSP210,YARIS
MOTOR CYCLE,HONDA,PCX 160,VIETNAM,PETROL,156.0,GAMPAHA,RECONDITIONED,1,,PCX 160
DUAL PURPOSE (COMMERCIAL),TOYOTA,3DF-GUN125 HILUX,THAILAND,DIESEL,2393.0,COLOMBO,RECONDITIONED,2,3DF-GUN125,HILUX
CAR,TOYOTA,5BA-KSP210 YARIS,JAPAN,PETROL,996.0,HAMBANTOTA,RECONDITIONED,3,5BA-KSP210,YARIS
CAR,TOYOTA,5BA-KSP210 YARIS,JAPAN,PETROL,990.0,JAFFNA,RECONDITIONED,1,5BA-KSP210,YARIS
CAR,TOYOTA,5BA-KSP210 YARIS,JAPAN,PETROL,996.0,JAFFNA,RECONDITIONED,3,5BA-KSP210,YARIS
CAR,TOYOTA,5BA-KSP210 YARIS,JAPAN,PETROL,966.0,JAFFNA,RECONDITIONED,1,5BA-KSP210,YARIS
CAR,TOYOTA,5BA-KSP210 YARIS,JAPAN,PETROL,998.0,JAFFNA,RECONDITIONED,1,5BA-KSP210,YARIS
CAR,TOYOTA,5BA-KSP210 YARIS,JAPAN,PETROL,996.0,KALUTARA,RECONDITIONED,13,5BA-KSP210,YARIS
CAR,TOYOTA,5BA-KSP210 YARIS,JAPAN,PETROL,996.0,KANDY,RECONDITIONED,10,5BA-KSP210,YARIS
CAR,TOYOTA,5BA-KSP210 YARIS,JAPAN,PETROL,990.0,KANDY,RECONDITIONED,1,5BA-KSP210,YARIS
MOTOR CYCLE,YAMAHA,SEROW,JAPAN,PETROL,249.0,PUTTALAM,RECONDITIONED,1,,SEROW
MOTOR CYCLE,HONDA,JK05,JAPAN,PETROL,124.0,KURUNEGALA,RECONDITIONED,1,,JK05
CAR,TOYOTA,5BA-KSP210 YARIS,JAPAN,PETROL,996.0,KEGALLE,RECONDITIONED,3,5BA-KSP210,YARIS
CAR,TOYOTA,5BA-KSP210 YARIS,JAPAN,PETROL,996.0,KURUNEGALA,RECONDITIONED,15,5BA-KSP210,YARIS
CAR,TOYOTA,5BA-KSP210 YARIS,JAPAN,PETROL,990.0,KURUNEGALA,RECONDITIONED,1,5BA-KSP210,YARIS
CAR,TOYOTA,5BA-KSP210 YARIS,JAPAN,PETROL,996.0,MATARA,RECONDITIONED,2,5BA-KSP210,YARIS
CAR,TOYOTA,5BA-KSP210 YARIS,JAPAN,PETROL,996.0,MULLATIVU,RECONDITIONED,1,5BA-KSP210,YARIS
CAR,TOYOTA,5BA-KSP210 YARIS,JAPAN,PETROL,996.0,NUWARA-ELIYA,RECONDITIONED,1,5BA-KSP210,YARIS
CAR,TOYOTA,5BA-KSP210 YARIS,JAPAN,PETROL,996.0,POLONNARUWA,RECONDITIONED,1,5BA-KSP210,YARIS
DUAL PURPOSE (COMMERCIAL),TOYOTA,3DF-GUN125 HILUX,JAPAN,DIESEL,2393.0,KURUNEGALA,RECONDITIONED,1,3DF-GUN125,HILUX
CAR,TOYOTA,5BA-KSP210 YARIS,JAPAN,PETROL,996.0,PUTTALAM,RECONDITIONED,7,5BA-KSP210,YARIS
MOTOR CYCLE,ROYAL ENFIELD,CLASSIC 350,INDIA,PETROL,349.0,JAFFNA,RECONDITIONED,1,,CLASSIC 350
MOTOR CYCLE,HONDA,PCX160,JAPAN,PETROL,157.0,COLOMBO,RECONDITIONED,1,,PCX160
CAR,TOYOTA,5BA-KSP210 YARIS,JAPAN,PETROL,996.0,RATNAPURA,RECONDITIONED,5,5BA-KSP210,YARIS
CAR,TOYOTA,5BA-KSP210 YARIS X,JAPAN,PETROL,996.0,GAMPAHA,RECONDITIONED,1,5BA-KSP210,YARIS X
CAR,TOYOTA,5BA-KSP210-YARIS,JAPAN,PETROL,996.0,GAMPAHA,RECONDITIONED,2,5BA-KSP210-YARIS,Unknown
CAR,TOYOTA,5BA-KSP210YARIS,JAPAN,PETROL,996.0,COLOMBO,RECONDITIONED,1,5BA-KSP210YARIS,Unknown
MOTOR CYCLE,HONDA,ADV-160,JAPAN,PETROL,157.0,COLOMBO,RECONDITIONED,1,ADV-160,Unknown
CAR,SUBARU,5BA-LA150F STELLA,JAPAN,PETROL,658.0,BADULLA,RECONDITIONED,1,5BA-LA150F,STELLA
CAR,TOYOTA,5BA-LA350A PIXIS,JAPAN,PETROL,658.0,GAMPAHA,RECONDITIONED,2,5BA-LA350A,PIXIS
CAR,DAIHATSU,5BA-LA350S,JAPAN,PETROL,658.0,COLOMBO,RECONDITIONED,1,5BA-LA350S,MIRA ES
CAR,DAIHATSU,5BA-LA350S,JAPAN,PETROL,658.0,GAMPAHA,RECONDITIONED,1,5BA-LA350S,MIRA ES
MOTOR CYCLE,YAMAHA,R15,INDIA,PETROL,155.0,BATTICALOA,RECONDITIONED,1,,R15
CAR,DAIHATSU,5BA-LA350S,JAPAN,PETROL,658.0,KANDY,RECONDITIONED,1,5BA-LA350S,MIRA ES
DUAL PURPOSE (COMMERCIAL),TOYOTA,GUN126R- REVO ROCCO,THAILAND,DIESEL,2755.0,GALLE,RECONDITIONED,1,,GUN126R- REVO ROCCO
LAND VEHICLE,KUBOTA,L4508DT,THAILAND,DIESEL,2500.0,COLOMBO,RECONDITIONED,1,,L4508DT
CAR,DAIHATSU,5BA-LA350S,JAPAN,PETROL,658.0,MATARA,RECONDITIONED,2,5BA-LA350S,MIRA ES
TRACTOR TRAILER/BOWSER,LOCALLY BUILT,TRACTOR TRAILER,SRI LANKA,NOT STATED,0.0,PUTTALAM,LOCALLY BUILT,1,,TRACTOR TRAILER
TRACTOR TRAILER/BOWSER,LOCALLY BUILT,LOW BED TRAILER,SRI LANKA,NOT STATED,0.0,ANURADHAPURA,LOCALLY BUILT,2,,LOW BED TRAILER
MOTOR CYCLE,KAWASAKI,LX250E,JAPAN,PETROL,249.0,KALUTARA,BOUGHT FROM AUCTION,1,,LX250E
LORRY TRAILER/BOWSER,DYNAMIC,FLATBED  TRAILER,SRI LANKA,NOT STATED,0.0,TRINCOMALEE,LOCALLY BUILT,1,,FLATBED  TRAILER
TRACTOR TRAILER/BOWSER,LOCALLY BUILT,TRACTOR  TRAILER,SRI LANKA,NOT STATED,0.0,POLONNARUWA,LOCALLY BUILT,2,,TRACTOR  TRAILER
TRACTOR TRAILER/BOWSER,LOCALLY BUILT,LOW BED TRAILER,SRI LANKA,NOT STATED,0.0,KEGALLE,LOCALLY BUILT,1,,LOW BED TRAILER
CAR,DAIHATSU,5BA-LA350S  MIRA,JAPAN,PETROL,658.0,GAMPAHA,RECONDITIONED,1,5BA-LA350S,MIRA
LORRY TRAILER/BOWSER,TANTRI,TFB-40,SRI LANKA,NOT STATED,0.0,GAMPAHA,LOCALLY BUILT,1,TFB-40,Unknown
TRACTOR TRAILER/BOWSER,LOCALLY BUILT,TRACTOR TRAILER,SRI LANKA,NOT STATED,0.0,COLOMBO,LOCALLY BUILT,2,,TRACTOR TRAILER
TRACTOR TRAILER/BOWSER,LOCALLY BUILT,TRACTOR  TRAILER,SRI LANKA,NOT STATED,0.0,MANNAR,LOCALLY BUILT,1,,TRACTOR  TRAILER
MOTOR CYCLE,ATHER,450X,INDIA,ELECTRIC,3.0,VAVUNIYA,BRAND NEW,1,,450X
CAR,DAIHATSU,5BA-LA350S MARA ES,JAPAN,PETROL,658.0,GAMPAHA,RECONDITIONED,1,5BA-LA350S,MARA ES
CAR,DAIHATSU,5BA-LA350S MIRA,JAPAN,PETROL,658.0,COLOMBO,RECONDITIONED,5,5BA-LA350S,MIRA
LAND VEHICLE (SMALL),LAND FORCE,RK125,THAILAND,DIESEL,624.0,AMPARA,BRAND NEW,1,,RK125
MOTOR CYCLE,NWOW,SE,CHINA,ELECTRIC,0.8,GAMPAHA,BRAND NEW,12,,SE
MOTOR CYCLE,YADEA,T5,CHINA,ELECTRIC,1.2,AMPARA,BRAND NEW,10,,T5
CAR,DAIHATSU,5BA-LA350S MIRA,JAPAN,PETROL,650.0,GAMPAHA,RECONDITIONED,1,5BA-LA350S,MIRA
MOTOR CYCLE,YADEA,RUIBIN,CHINA,ELECTRIC,0.8,JAFFNA,BRAND NEW,4,,RUIBIN
MOTOR CYCLE,YADEA,T5,CHINA,ELECTRIC,1.2,HAMBANTOTA,BRAND NEW,108,,T5
MOTOR CYCLE,YADEA,RUIBIN,CHINA,ELECTRIC,0.8,GALLE,BRAND NEW,14,,RUIBIN
MOTOR CYCLE,VMOTO,CITI,CHINA,ELECTRIC,2.0,KURUNEGALA,BRAND NEW,1,,CITI
MOTOR CYCLE,TVS,IQUBE,INDIA,ELECTRIC,3.34,RATNAPURA,BRAND NEW,1,,IQUBE
MOTOR CYCLE,ATHER,450X,INDIA,ELECTRIC,3.0,COLOMBO,BRAND NEW,10,,450X
THREE WHEELER,BAJAJ,RE 4S AUTORICKSHOW,INDIA,PETROL,237.0,MATALE,BRAND NEW,5,,RE 4S AUTORICKSHOW
MOTOR CYCLE,TAILG,SAI BEI,CHINA,ELECTRIC,1.5,KURUNEGALA,BRAND NEW,2,,SAI BEI
CAR,DAIHATSU,5BA-LA350S MIRA,JAPAN,PETROL,658.0,GAMPAHA,RECONDITIONED,1,5BA-LA350S,MIRA
LAND VEHICLE,KUBOTA,L3408,JAPAN,DIESEL,1647.0,TRINCOMALEE,BRAND NEW,2,,L3408
MOTOR CYCLE,QUANLE,G 18,CHINA,ELECTRIC,2.0,KURUNEGALA,BRAND NEW,2,,G 18
MOTOR CYCLE,LUYUAN ALFA,MKK-Z23E-12-C,CHINA,ELECTRIC,1.2,POLONNARUWA,BRAND NEW,7,MKK-Z23E-12-C,Unknown
MOTOR CYCLE,LUYUAN ALFA,MKK-Z23E-12-C,CHINA,ELECTRIC,1.2,HAMBANTOTA,BRAND NEW,9,MKK-Z23E-12-C,Unknown
MOTOR CYCLE,SOLID,G6,CHINA,ELECTRIC,1.5,GAMPAHA,BRAND NEW,6,,G6
THREE WHEELER,BAJAJ,RE 4S AUTORICKSHOW,INDIA,PETROL,237.0,VAVUNIYA,BRAND NEW,4,,RE 4S AUTORICKSHOW
MOTOR CYCLE,BAJAJ,CT 100 ES,SRI LANKA,PETROL,102.0,KEGALLE,BRAND NEW,2,,CT 100 ES
LAND VEHICLE,ARBOS,P504-3,CHINA,DIESEL,2189.0,TRINCOMALEE,BRAND NEW,1,P504-3,Unknown
CAR,DAIHATSU,5BA-LA350S MIRA,JAPAN,PETROL,658.0,KANDY,RECONDITIONED,2,5BA-LA350S,MIRA
MOTOR CYCLE,SOLID,G6,CHINA,ELECTRIC,1.5,ANURADHAPURA,BRAND NEW,1,,G6
MOTOR CYCLE,VMOTO,CITI,CHINA,ELECTRIC,2.0,MATARA,BRAND NEW,2,,CITI
LAND VEHICLE,JOHN DEERE,5045D,INDIA,DIESEL,2940.0,ANURADHAPURA,BRAND NEW,7,,5045D
LAND VEHICLE,TAFE,9500DI,INDIA,DIESEL,2700.0,KILINOCHCHI,BRAND NEW,1,,9500DI
LAND VEHICLE (SMALL),SIFANG,GN12DI,CHINA,DIESEL,815.0,PUTTALAM,BRAND NEW,3,,GN12DI
MOTOR CYCLE,DAYUN,DY125,CHINA,PETROL,125.0,PUTTALAM,BRAND NEW,2,,DY125
MOTOR CYCLE,SUPER SOCO,TS STREET HUNTER,CHINA,ELECTRIC,2.5,KURUNEGALA,BRAND NEW,1,,TS STREET HUNTER
SPECIAL PURPOSE VEHICLE,J.C.B,SSL115,UNITED KINGDOM,DIESEL,1496.0,PUTTALAM,BRAND NEW,1,,SSL115
LAND VEHICLE,JOHN DEERE,5045D,INDIA,DIESEL,2940.0,PUTTALAM,BRAND NEW,1,,5045D
LAND VEHICLE,MAHINDRA,YUVO TECH PLUS 575DI,INDIA,DIESEL,2979.0,MONERAGALA,BRAND NEW,1,,YUVO TECH PLUS 575DI
MOTOR CYCLE,YADEA,T 9,CHINA,ELECTRIC,2.0,HAMBANTOTA,BRAND NEW,28,,T 9
MOTOR CYCLE,YADEA,T 9,CHINA,ELECTRIC,2.0,RATNAPURA,BRAND NEW,6,,T 9
LAND VEHICLE,TAFE,TAFE9500,INDIA,DIESEL,2700.0,COLOMBO,BRAND NEW,3,,TAFE9500
MOTOR CYCLE,NWOW,SE,CHINA,ELECTRIC,0.8,PUTTALAM,BRAND NEW,1,,SE
LAND VEHICLE,YANMAR,YM358R,THAILAND,DIESEL,3319.0,ANURADHAPURA,BRAND NEW,2,,YM358R
CAR,DAIHATSU,5BA-LA350S MIRA,JAPAN,PETROL,658.0,MATARA,RECONDITIONED,1,5BA-LA350S,MIRA
MOTOR CYCLE,ROYAL ENFIELD,CLASSIC 350,INDIA,PETROL,349.0,GALLE,BRAND NEW,1,,CLASSIC 350
MOTOR CYCLE,QCIX,QCIX-LH,CHINA,ELECTRIC,1.5,KURUNEGALA,BRAND NEW,2,QCIX-LH,Unknown
SPECIAL PURPOSE VEHICLE,JAC,CPD 25,CHINA,ELECTRIC,80.0,COLOMBO,BRAND NEW,1,,CPD 25
LAND VEHICLE,MAHINDRA,YUVO TECH PLUS 585DI,INDIA,DIESEL,2979.0,PUTTALAM,BRAND NEW,2,,YUVO TECH PLUS 585DI
MOTOR CYCLE,YADEA,E8S PRO,CHINA,ELECTRIC,2.0,MATALE,BRAND NEW,1,,E8S PRO
CAR,DAIHATSU,5BA-LA350S MIRA,JAPAN,PETROL,658.0,PUTTALAM,RECONDITIONED,1,5BA-LA350S,MIRA
LAND VEHICLE (SMALL),FARM MASTER,RV125-2,VIETNAM,DIESEL,624.0,ANURADHAPURA,BRAND NEW,2,RV125-2,Unknown
LAND VEHICLE,MAHINDRA,YUVO TECH PLUS 585DI,INDIA,DIESEL,2979.0,MONERAGALA,BRAND NEW,1,,YUVO TECH PLUS 585DI
CAR,DAIHATSU,5BA-LA350S MIRA E S,JAPAN,PETROL,658.0,COLOMBO,RECONDITIONED,1,5BA-LA350S,MIRA E S
COMMERCIAL,TOYOTA,XZB70R ZGMNY COASTER,JAPAN,DIESEL,4009.0,GALLE,BRAND NEW,1,,XZB70R ZGMNY COASTER
COMMERCIAL,TOYOTA,XZB70R ZGMNY COASTER,JAPAN,DIESEL,4009.0,KURUNEGALA,BRAND NEW,2,,XZB70R ZGMNY COASTER
THREE WHEELER,BAJAJ,RE 4S AUTORICKSHAW,INDIA,PETROL,237.0,GAMPAHA,BRAND NEW,18,,RE 4S AUTORICKSHAW
CAR,DAIHATSU,5BA-LA350S MIRA E.S,JAPAN,PETROL,658.0,COLOMBO,RECONDITIONED,3,5BA-LA350S,MIRA E.S
COMMERCIAL,TOYOTA,XZB70R-ZGMNY COASTER,JAPAN,DIESEL,4009.0,MATARA,BRAND NEW,1,,XZB70R-ZGMNY COASTER
MOTOR CYCLE,QUANLE,ZS,CHINA,ELECTRIC,1.2,MONERAGALA,BRAND NEW,2,,ZS
MOTOR CYCLE,YADEA,T 9,CHINA,ELECTRIC,2.0,KEGALLE,BRAND NEW,4,,T 9
MOTOR CYCLE,QUANLE,G18,CHINA,ELECTRIC,2.0,KANDY,BRAND NEW,1,,G18
LAND VEHICLE,NEW HOLLAND,4710,INDIA,DIESEL,2700.0,BATTICALOA,BRAND NEW,1,,4710
CAR,DAIHATSU,5BA-LA350S MIRA E.S,JAPAN,PETROL,658.0,MATARA,RECONDITIONED,1,5BA-LA350S,MIRA E.S
THREE WHEELER,BAJAJ,RE 4S AUTORICKSHAW,INDIA,PETROL,237.0,VAVUNIYA,BRAND NEW,5,,RE 4S AUTORICKSHAW
LAND VEHICLE,SONALIKA,DI50RX - 4WD,INDIA,DIESEL,3067.0,PUTTALAM,BRAND NEW,1,,DI50RX - 4WD
LAND VEHICLE,JOHN DEERE,5047D,INDIA,DIESEL,2940.0,COLOMBO,BRAND NEW,1,,5047D
CAR,DAIHATSU,5BA-LA350S MIRA ES,JAPAN,PETROL,658.0,COLOMBO,RECONDITIONED,2,5BA-LA350S,MIRA ES
MOTOR CYCLE,TVS,NTORQ 125,SRI LANKA,PETROL,124.79,COLOMBO,BRAND NEW-L/ASSEMBLE,153,,NTORQ 125
MOTOR CYCLE,TVS,NTORQ 125,SRI LANKA,PETROL,124.79,GAMPAHA,BRAND NEW-L/ASSEMBLE,160,,NTORQ 125
MOTOR CYCLE,TVS,NTORQ 125,SRI LANKA,PETROL,124.79,MATARA,BRAND NEW-L/ASSEMBLE,48,,NTORQ 125
MOTOR CYCLE,SENARO,GN125,SRI LANKA,PETROL,125.0,KALUTARA,BRAND NEW-L/ASSEMBLE,15,,GN125
MOTOR CYCLE,TVS,NTORQ 125,SRI LANKA,PETROL,124.8,KANDY,BRAND NEW-L/ASSEMBLE,86,,NTORQ 125
MOTOR CYCLE,TVS,TVS XL 100,SRI LANKA,PETROL,99.7,TRINCOMALEE,BRAND NEW-L/ASSEMBLE,29,,TVS XL 100
MOTOR CYCLE,BAJAJ,CT 100 ES,SRI LANKA,PETROL,102.0,COLOMBO,BRAND NEW-L/ASSEMBLE,352,,CT 100 ES
MOTOR CYCLE,BAJAJ,CT 100 ES,SRI LANKA,PETROL,102.0,KURUNEGALA,BRAND NEW-L/ASSEMBLE,379,,CT 100 ES
MOTOR CYCLE,BAJAJ,PULSAR N160,SRI LANKA,PETROL,164.82,BATTICALOA,BRAND NEW-L/ASSEMBLE,90,,PULSAR N160
MOTOR CYCLE,BAJAJ,PULSAR N160,SRI LANKA,PETROL,164.82,AMPARA,BRAND NEW-L/ASSEMBLE,113,,PULSAR N160
MOTOR CYCLE,BAJAJ,DISCOVER 125,SRI LANKA,PETROL,124.5,COLOMBO,BRAND NEW-L/ASSEMBLE,89,,DISCOVER 125
MOTOR CYCLE,BAJAJ,PULSAR N160,SRI LANKA,PETROL,164.82,KURUNEGALA,BRAND NEW-L/ASSEMBLE,70,,PULSAR N160
SINGLE CAB,MAHINDRA,BOLERO CITY PICKUP,SRI LANKA,DIESEL,2523.0,JAFFNA,BRAND NEW-L/ASSEMBLE,1,,BOLERO CITY PICKUP
MOTOR CYCLE,SENARO,GN125,SRI LANKA,PETROL,125.0,KILINOCHCHI,BRAND NEW-L/ASSEMBLE,12,,GN125
MOTOR CYCLE,TVS,TVS XL 100,SRI LANKA,PETROL,99.7,MATALE,BRAND NEW-L/ASSEMBLE,3,,TVS XL 100
MOTOR CYCLE,SENARO,GN125,SRI LANKA,PETROL,125.0,GALLE,BRAND NEW-L/ASSEMBLE,11,,GN125
MOTOR CYCLE,DYNO,SCOOBY 125  EFI,SRI LANKA,PETROL,124.6,POLONNARUWA,BRAND NEW-L/ASSEMBLE,3,,SCOOBY 125  EFI
CAR,DAIHATSU,5BA-LA350S MIRA ES,JAPAN,PETROL,658.0,GAMPAHA,RECONDITIONED,1,5BA-LA350S,MIRA ES
SINGLE CAB,MAHINDRA,BOLERO CITY PICKUP,SRI LANKA,DIESEL,2523.0,BADULLA,BRAND NEW-L/ASSEMBLE,2,,BOLERO CITY PICKUP
CAR,DAIHATSU,5BA-LA350S MIRA ES,JAPAN,PETROL,658.0,KURUNEGALA,RECONDITIONED,1,5BA-LA350S,MIRA ES
MOTOR CYCLE,TVS,NTORQ 125,SRI LANKA,PETROL,124.8,KEGALLE,BRAND NEW-L/ASSEMBLE,46,,NTORQ 125
SINGLE CAB,LANKA ASHOK LEYLAND,DOST,SRI LANKA,DIESEL,1478.0,GALLE,BRAND NEW-L/ASSEMBLE,5,,DOST
SINGLE CAB,TATA,ACE HT2,SRI LANKA,DIESEL,702.0,TRINCOMALEE,BRAND NEW-L/ASSEMBLE,1,,ACE HT2
MOTOR CYCLE,TVS,NTORQ 125,SRI LANKA,PETROL,124.8,AMPARA,BRAND NEW-L/ASSEMBLE,24,,NTORQ 125
MOTOR LORRY (COMMERCIAL),LANKA ASHOK LEYLAND,E COMET 1212,SRI LANKA,DIESEL,3839.0,COLOMBO,BRAND NEW-L/ASSEMBLE,1,,E COMET 1212
DUAL PURPOSE (COMMERCIAL),J M C,VIGUS PRO,SRI LANKA,DIESEL,1998.0,COLOMBO,BRAND NEW-L/ASSEMBLE,2,,VIGUS PRO
MOTOR CYCLE,TVS,NTORQ 125,SRI LANKA,PETROL,124.8,BATTICALOA,BRAND NEW-L/ASSEMBLE,44,,NTORQ 125
MOTOR CYCLE,TVS,TVS XL 100,SRI LANKA,PETROL,99.7,AMPARA,BRAND NEW-L/ASSEMBLE,5,,TVS XL 100
SINGLE CAB,TATA,ACE HT2,SRI LANKA,DIESEL,702.0,POLONNARUWA,BRAND NEW-L/ASSEMBLE,1,,ACE HT2
CAR,DAIHATSU,5BA-LA650S,JAPAN,PETROL,650.0,COLOMBO,RECONDITIONED,1,5BA-LA650S,Unknown
COMMERCIAL,FOTON,BJ6549B-VIEW-CS2,SRI LANKA,DIESEL,1968.0,COLOMBO,BRAND NEW-L/ASSEMBLE,1,,BJ6549B-VIEW-CS2
SINGLE CAB,MAHINDRA,BOLERO CITY PICKUP,SRI LANKA,DIESEL,2523.0,KURUNEGALA,BRAND NEW-L/ASSEMBLE,1,,BOLERO CITY PICKUP
THREE WHEELER,BAJAJ,RE 4S AUTORICKSHOW,INDIA,PETROL,237.0,POLONNARUWA,BRAND NEW-L/ASSEMBLE,1,,RE 4S AUTORICKSHOW
MOTOR CYCLE,DYNO,SCOOBY 125  EFI,SRI LANKA,PETROL,124.6,AMPARA,BRAND NEW-L/ASSEMBLE,1,,SCOOBY 125  EFI
DUAL PURPOSE (COMMERCIAL),J M C,JX1035TSE VIGUS PRO,SRI LANKA,DIESEL,1998.0,COLOMBO,BRAND NEW-L/ASSEMBLE,1,,JX1035TSE VIGUS PRO
MOTOR CYCLE,RISE,LEADER R 100,SRI LANKA,ELECTRIC,2.0,RATNAPURA,BRAND NEW-L/ASSEMBLE,1,,LEADER R 100
MOTOR CYCLE,RANOMOTO,PATTAYA DOUBLE POWER,SRI LANKA,PETROL,48.0,KEGALLE,BRAND NEW-L/ASSEMBLE,2,,PATTAYA DOUBLE POWER
THREE WHEELER,BAJAJ,RE 4S AUTORICKSHAW,INDIA,PETROL,237.0,GAMPAHA,BRAND NEW-L/ASSEMBLE,1,,RE 4S AUTORICKSHAW
CAR,DAIHATSU,5BA-LA900S,JAPAN,PETROL,658.0,COLOMBO,RECONDITIONED,2,5BA-LA900S,TAFT
MOTOR CYCLE,RANOMOTO,GN 125,SRI LANKA,PETROL,118.0,GALLE,BRAND NEW-L/ASSEMBLE,1,,GN 125
MOTOR CYCLE,TVS,TVS XL 100,SRI LANKA,PETROL,99.7,BADULLA,BRAND NEW-L/ASSEMBLE,1,,TVS XL 100
MOTOR CYCLE,HONDA,PCX 125,VIETNAM,PETROL,124.0,COLOMBO,RECONDITIONED,1,,PCX 125
CAR,DAIHATSU,5BA-LA900S,JAPAN,PETROL,658.0,GALLE,RECONDITIONED,1,5BA-LA900S,TAFT
CAR,DAIHATSU,5BA-LA900S TAFT,JAPAN,PETROL,658.0,COLOMBO,RECONDITIONED,6,5BA-LA900S,TAFT
CAR,DAIHATSU,5BA-LA900S TAFT,JAPAN,PETROL,658.0,GAMPAHA,RECONDITIONED,2,5BA-LA900S,TAFT
CAR,DAIHATSU,5BA-LA900S TAFT,JAPAN,PETROL,658.0,KALUTARA,RECONDITIONED,1,5BA-LA900S,TAFT
LAND VEHICLE (SMALL),KUBOTA,K550A,JAPAN,DIESEL,375.0,JAFFNA,RECONDITIONED,3,,K550A
CAR,DAIHATSU,5BA-LA900S TAFT,JAPAN,PETROL,658.0,KEGALLE,RECONDITIONED,1,5BA-LA900S,TAFT
CAR,DAIHATSU,5BA-LA900S TAFT,JAPAN,PETROL,658.0,KURUNEGALA,RECONDITIONED,2,5BA-LA900S,TAFT
CAR,DAIHATSU,5BA-LA900S TAFT,JAPAN,PETROL,658.0,MATARA,RECONDITIONED,1,5BA-LA900S,TAFT
CAR,DAIHATSU,5BA-LA900STAFT,JAPAN,PETROL,658.0,COLOMBO,RECONDITIONED,1,5BA-LA900STAFT,Unknown
CAR,TOYOTA,5BA-M700A,JAPAN,PETROL,996.0,COLOMBO,RECONDITIONED,1,5BA-M700A,PASSO
CAR,TOYOTA,5BA-M700A,JAPAN,PETROL,996.0,GAMPAHA,RECONDITIONED,1,5BA-M700A,PASSO
CAR,TOYOTA,5BA-M700A PASSO,JAPAN,PETROL,996.0,ANURADHAPURA,RECONDITIONED,1,5BA-M700A,PASSO
CAR,TOYOTA,5BA-M700A PASSO,JAPAN,PETROL,996.0,COLOMBO,RECONDITIONED,5,5BA-M700A,PASSO
CAR,TOYOTA,5BA-M700A PASSO,JAPAN,PETROL,996.0,GAMPAHA,RECONDITIONED,1,5BA-M700A,PASSO
CAR,TOYOTA,5BA-M700A PASSO,JAPAN,PETROL,996.0,MATALE,RECONDITIONED,1,5BA-M700A,PASSO
CAR,DAIHATSU,5BA-M700S BOON CILQ,JAPAN,PETROL,996.0,JAFFNA,RECONDITIONED,1,5BA-M700S,BOON CILQ
SINGLE CAB,TOYOTA,HILUX CHAMP,THAILAND,DIESEL,2393.0,RATNAPURA,RECONDITIONED,1,,HILUX CHAMP
CAR,TOYOTA,5BA-M900A,JAPAN,PETROL,996.0,GALLE,RECONDITIONED,1,5BA-M900A,Unknown
CAR,TOYOTA,5BA-M900A ROOMY,JAPAN,PETROL,996.0,BATTICALOA,RECONDITIONED,1,5BA-M900A,ROOMY
CAR,TOYOTA,5BA-M900A ROOMY,JAPAN,PETROL,996.0,COLOMBO,RECONDITIONED,11,5BA-M900A,ROOMY
CAR,TOYOTA,5BA-M900A ROOMY,JAPAN,PETROL,998.0,COLOMBO,RECONDITIONED,1,5BA-M900A,ROOMY
CAR,TOYOTA,5BA-M900A ROOMY,JAPAN,PETROL,996.0,GALLE,RECONDITIONED,2,5BA-M900A,ROOMY
CAR,TOYOTA,5BA-M900A ROOMY,JAPAN,PETROL,996.0,GAMPAHA,RECONDITIONED,2,5BA-M900A,ROOMY
CAR,TOYOTA,5BA-M900A ROOMY,JAPAN,PETROL,996.0,HAMBANTOTA,RECONDITIONED,1,5BA-M900A,ROOMY
CAR,TOYOTA,5BA-M900A ROOMY,JAPAN,PETROL,996.0,KALUTARA,RECONDITIONED,1,5BA-M900A,ROOMY
CAR,TOYOTA,5BA-M900A ROOMY,JAPAN,PETROL,996.0,KANDY,RECONDITIONED,2,5BA-M900A,ROOMY
CAR,TOYOTA,5BA-M900A ROOMY,JAPAN,PETROL,996.0,KEGALLE,RECONDITIONED,1,5BA-M900A,ROOMY
COMMERCIAL,TOYOTA,3DF-GDH223BLETNY,JAPAN,DIESEL,2754.0,GAMPAHA,RECONDITIONED,1,3DF-GDH223BLETNY,Unknown
CAR,TOYOTA,5BA-M900A ROOMY,JAPAN,PETROL,996.0,MANNAR,RECONDITIONED,1,5BA-M900A,ROOMY
CAR,TOYOTA,5BA-M900A ROOMY,JAPAN,PETROL,996.0,MATARA,RECONDITIONED,1,5BA-M900A,ROOMY
CAR,TOYOTA,5BA-M900A ROOMY,JAPAN,PETROL,996.0,NUWARA-ELIYA,RECONDITIONED,1,5BA-M900A,ROOMY
MOTOR CYCLE,YAMAHA,YAMAHA FZS,INDIA,PETROL,149.0,AMPARA,RECONDITIONED,1,,YAMAHA FZS
CAR,TOYOTA,5BA-M900A ROOMY,JAPAN,PETROL,996.0,PUTTALAM,RECONDITIONED,1,5BA-M900A,ROOMY
CAR,TOYOTA,5BA-M900A ROOMY,JAPAN,PETROL,990.0,PUTTALAM,RECONDITIONED,1,5BA-M900A,ROOMY
CAR,SUZUKI,5BA-MH85S,JAPAN,PETROL,657.0,COLOMBO,RECONDITIONED,1,5BA-MH85S,Unknown
DUAL PURPOSE (COMMERCIAL),TOYOTA,HILUX ROCCO,THAILAND,DIESEL,2755.0,GAMPAHA,RECONDITIONED,1,,HILUX ROCCO
CAR,SUZUKI,5BA-MH85S,JAPAN,PETROL,656.0,KANDY,RECONDITIONED,1,5BA-MH85S,Unknown
CAR,SUZUKI,5BA-MH85S WAGON R,JAPAN,PETROL,656.0,AMPARA,RECONDITIONED,1,5BA-MH85S,WAGON R
CAR,SUZUKI,5BA-MH85S WAGON R,JAPAN,PETROL,656.0,ANURADHAPURA,RECONDITIONED,1,5BA-MH85S,WAGON R
CAR,SUZUKI,5BA-MH85S WAGON R,JAPAN,PETROL,656.0,COLOMBO,RECONDITIONED,1,5BA-MH85S,WAGON R
CAR,SUZUKI,5BA-MH85S WAGON R,JAPAN,PETROL,658.0,COLOMBO,RECONDITIONED,16,5BA-MH85S,WAGON R
MOTOR CYCLE,HONDA,8BK-MC51,JAPAN,PETROL,249.0,RATNAPURA,RECONDITIONED,1,8BK-MC51,Unknown
DUAL PURPOSE (COMMERCIAL),TOYOTA,3DF-GUN125 HILUX,THAILAND,DIESEL,2393.0,KURUNEGALA,RECONDITIONED,1,3DF-GUN125,HILUX
CAR,SUZUKI,5BA-MH85S WAGON R,JAPAN,PETROL,657.0,COLOMBO,RECONDITIONED,4,5BA-MH85S,WAGON R
CAR,SUZUKI,5BA-MH85S WAGON R,JAPAN,PETROL,650.0,COLOMBO,RECONDITIONED,2,5BA-MH85S,WAGON R
CAR,SUZUKI,5BA-MH85S WAGON R,JAPAN,PETROL,656.0,GALLE,RECONDITIONED,2,5BA-MH85S,WAGON R
CAR,SUZUKI,5BA-MH85S WAGON R,JAPAN,PETROL,658.0,GALLE,RECONDITIONED,1,5BA-MH85S,WAGON R
CAR,SUZUKI,5BA-MH85S WAGON R,JAPAN,PETROL,657.0,GALLE,RECONDITIONED,2,5BA-MH85S,WAGON R
COMMERCIAL,TOYOTA,3DF-GDH223B,JAPAN,DIESEL,2754.0,PUTTALAM,RECONDITIONED,1,3DF-GDH223B,LETNY
CAR,SUZUKI,5BA-MH85S WAGON R,JAPAN,PETROL,657.0,GAMPAHA,RECONDITIONED,3,5BA-MH85S,WAGON R
CAR,SUZUKI,5BA-MH85S WAGON R,JAPAN,PETROL,658.0,GAMPAHA,RECONDITIONED,11,5BA-MH85S,WAGON R
COMMERCIAL,TOYOTA,3DF-GDH223B,JAPAN,DIESEL,2754.0,KALUTARA,RECONDITIONED,1,3DF-GDH223B,LETNY
LAND VEHICLE,KUBOTA,L4508 DT,THAILAND,DIESEL,2500.0,ANURADHAPURA,RECONDITIONED,1,,L4508 DT
TRACTOR TRAILER/BOWSER,LOCALLY BUILT,TRACTOR TRAILER,SRI LANKA,NOT STATED,0.0,MANNAR,LOCALLY BUILT,9,,TRACTOR TRAILER
TRACTOR TRAILER/BOWSER,LOCALLY BUILT,TRACTOR TRAILER,SRI LANKA,NOT STATED,0.0,KILINOCHCHI,LOCALLY BUILT,2,,TRACTOR TRAILER
CAR,SUZUKI,5BA-MH85S WAGON R,JAPAN,PETROL,650.0,GAMPAHA,RECONDITIONED,2,5BA-MH85S,WAGON R
CAR,SUZUKI,5BA-MH85S WAGON R,JAPAN,PETROL,657.0,HAMBANTOTA,RECONDITIONED,1,5BA-MH85S,WAGON R
TRACTOR TRAILER/BOWSER,LOCALLY BUILT,TRACTOR TRAILER,SRI LANKA,NOT STATED,0.0,JAFFNA,LOCALLY BUILT,1,,TRACTOR TRAILER
TRACTOR TRAILER/BOWSER,LOCALLY BUILT,TRACTOR  TRAILER,SRI LANKA,NOT STATED,0.0,PUTTALAM,LOCALLY BUILT,1,,TRACTOR  TRAILER
DUAL PURPOSE (COMMERCIAL),J M C,VIGUS PRO,SRI LANKA,DIESEL,1998.0,COLOMBO,LOCALLY BUILT,1,,VIGUS PRO
MOTOR CYCLE,SOLID,LEO,CHINA,ELECTRIC,1.2,PUTTALAM,BRAND NEW,3,,LEO
MOTOR CYCLE,RIKODA,YSY,CHINA,ELECTRIC,0.8,JAFFNA,BRAND NEW,2,,YSY
MOTOR CYCLE,ATHER,450X,INDIA,ELECTRIC,3.0,RATNAPURA,BRAND NEW,3,,450X
MOTOR CYCLE,LUYUAN,MNK3,CHINA,ELECTRIC,1.5,HAMBANTOTA,BRAND NEW,15,,MNK3
MOTOR CYCLE,SUPER SOCO,CUX PRO,CHINA,ELECTRIC,2.1,ANURADHAPURA,BRAND NEW,2,,CUX PRO
MOTOR CYCLE,SUPER SOCO,TS STREET HUNTER,CHINA,ELECTRIC,2.5,KALUTARA,BRAND NEW,1,,TS STREET HUNTER
LAND VEHICLE,E KUBOTA,EK3-471 4WD,INDIA,DIESEL,2761.0,ANURADHAPURA,BRAND NEW,7,EK3-471,4WD
CAR,SUZUKI,5BA-MH85S WAGON R,JAPAN,PETROL,658.0,HAMBANTOTA,RECONDITIONED,1,5BA-MH85S,WAGON R
CAR,SUZUKI,5BA-MH85S WAGON R,JAPAN,PETROL,657.0,JAFFNA,RECONDITIONED,1,5BA-MH85S,WAGON R
MOTOR CYCLE,SOLID,ROBOT,CHINA,ELECTRIC,1.5,GAMPAHA,BRAND NEW,1,,ROBOT
MOTOR CYCLE,SOLID,G6,CHINA,ELECTRIC,1.5,POLONNARUWA,BRAND NEW,2,,G6
MOTOR CYCLE,YADEA,RUIBIN,CHINA,ELECTRIC,0.8,PUTTALAM,BRAND NEW,13,,RUIBIN
MOTOR CYCLE,YADEA,T5,CHINA,ELECTRIC,1.2,POLONNARUWA,BRAND NEW,62,,T5
MOTOR CYCLE,YADEA,RUIBIN,CHINA,ELECTRIC,0.8,RATNAPURA,BRAND NEW,5,,RUIBIN
MOTOR CYCLE,NWOW,SE,CHINA,ELECTRIC,0.8,GALLE,BRAND NEW,2,,SE
MOTOR CYCLE,YADEA,RUIBIN,CHINA,ELECTRIC,0.8,HAMBANTOTA,BRAND NEW,30,,RUIBIN
CAR,SUZUKI,5BA-MH85S WAGON R,JAPAN,PETROL,658.0,KALUTARA,RECONDITIONED,1,5BA-MH85S,WAGON R
LAND VEHICLE (SMALL),VIKYNO,RV125-2,VIETNAM,DIESEL,624.0,HAMBANTOTA,BRAND NEW,10,RV125-2,Unknown
MOTOR CYCLE,OYFLY,TDM-LTW,CHINA,ELECTRIC,2.0,RATNAPURA,BRAND NEW,1,TDM-LTW,Unknown
PRIMER MOVER,TATA,SIGNA 4018,INDIA,DIESEL,5883.0,COLOMBO,BRAND NEW,4,,SIGNA 4018
COMMERCIAL,TATA,LP 712,INDIA,DIESEL,3783.0,COLOMBO,BRAND NEW,2,,LP 712
MOTOR CYCLE,LUYUAN,MNK3,CHINA,ELECTRIC,1.5,PUTTALAM,BRAND NEW,4,,MNK3
MOTOR CYCLE,HUAIHAI,ZL9,CHINA,ELECTRIC,1.2,COLOMBO,BRAND NEW,1,,ZL9
MOTOR CYCLE,TVS,IQUBE,INDIA,ELECTRIC,3.34,MATARA,BRAND NEW,3,,IQUBE
MOTOR CYCLE,QUANLE,Q1,CHINA,ELECTRIC,1.2,AMPARA,BRAND NEW,1,,Q1
MOTOR CYCLE,SOLID,G6,CHINA,ELECTRIC,1.5,COLOMBO,BRAND NEW,1,,G6
MOTOR CYCLE,QUANLE,Q1,CHINA,ELECTRIC,1.2,KURUNEGALA,BRAND NEW,1,,Q1
THREE WHEELER,BAJAJ,RE 4S AUTORICKSHOW,INDIA,PETROL,237.0,POLONNARUWA,BRAND NEW,3,,RE 4S AUTORICKSHOW
MOTOR CYCLE,YADEA,T5,CHINA,ELECTRIC,1.2,MONERAGALA,BRAND NEW,20,,T5
MOTOR CYCLE,YADEA,T5,CHINA,ELECTRIC,1.2,JAFFNA,BRAND NEW,15,,T5
MOTOR CYCLE,ATHER,450X,INDIA,ELECTRIC,3.0,TRINCOMALEE,BRAND NEW,1,,450X
CAR,SUZUKI,5BA-MH85S WAGON R,JAPAN,PETROL,650.0,KANDY,RECONDITIONED,1,5BA-MH85S,WAGON R
LAND VEHICLE,JOHN DEERE,5050D,INDIA,DIESEL,2940.0,PUTTALAM,BRAND NEW,1,,5050D
LAND VEHICLE,JOHN DEERE,5047D,INDIA,DIESEL,2940.0,POLONNARUWA,BRAND NEW,5,,5047D
MOTOR CYCLE,OYFLY,TDM-LTW,CHINA,ELECTRIC,2.0,KEGALLE,BRAND NEW,1,TDM-LTW,Unknown
MOTOR CYCLE,YADEA,T5,CHINA,ELECTRIC,1.2,MANNAR,BRAND NEW,5,,T5
MOTOR CYCLE,YADEA,T 9,CHINA,ELECTRIC,2.0,GALLE,BRAND NEW,26,,T 9
MOTOR CYCLE,YADEA,E8S PRO,CHINA,ELECTRIC,2.0,POLONNARUWA,BRAND NEW,1,,E8S PRO
LAND VEHICLE,NEW HOLLAND,3230 TX 2WD,INDIA,DIESEL,2700.0,MULLATIVU,BRAND NEW,1,,3230 TX 2WD
MOTOR CYCLE,NWOW,ARS,CHINA,ELECTRIC,0.45,KALUTARA,BRAND NEW,2,,ARS
MOTOR CYCLE,NWOW,SE,CHINA,ELECTRIC,0.8,NUWARA-ELIYA,BRAND NEW,1,,SE
MOTOR CYCLE,TVS,IQUBE,INDIA,ELECTRIC,3.34,PUTTALAM,BRAND NEW,5,,IQUBE
CAR,SUZUKI,5BA-MH85S WAGON R,JAPAN,PETROL,658.0,KANDY,RECONDITIONED,3,5BA-MH85S,WAGON R
MOTOR CYCLE,NWOW,TK 10,CHINA,ELECTRIC,0.8,PUTTALAM,BRAND NEW,1,,TK 10
MOTOR CYCLE,QCIX,QCIX -LH,CHINA,ELECTRIC,1.5,GAMPAHA,BRAND NEW,1,,QCIX -LH
CAR,SUZUKI,5BA-MH85S WAGON R,JAPAN,PETROL,656.0,KANDY,RECONDITIONED,4,5BA-MH85S,WAGON R
CAR,SUZUKI,5BA-MH85S WAGON R,JAPAN,PETROL,656.0,KURUNEGALA,RECONDITIONED,1,5BA-MH85S,WAGON R
LAND VEHICLE,SWARAJ,855,INDIA,DIESEL,3478.2,VAVUNIYA,BRAND NEW,2,,855
MOTOR CYCLE,OYFLY,TDM-LTW,CHINA,ELECTRIC,2.0,KURUNEGALA,BRAND NEW,1,TDM-LTW,Unknown
CAR,SUZUKI,5BA-MH85S WAGON R,JAPAN,PETROL,650.0,KURUNEGALA,RECONDITIONED,1,5BA-MH85S,WAGON R
LAND VEHICLE,KUBOTA,L3408,JAPAN,DIESEL,1647.0,PUTTALAM,BRAND NEW,1,,L3408
LAND VEHICLE (SMALL),FARM MASTER,RV125-2,CHINA,DIESEL,624.0,GAMPAHA,BRAND NEW,1,RV125-2,Unknown
LAND VEHICLE,E KUBOTA,EK3-471 4WD,INDIA,DIESEL,2761.0,MANNAR,BRAND NEW,1,EK3-471,4WD
THREE WHEELER,BAJAJ,RE 4S AUTORICKSHAW,INDIA,PETROL,237.0,KEGALLE,BRAND NEW,8,,RE 4S AUTORICKSHAW
MOTOR CYCLE,OYFLY,TDM-LTW,CHINA,ELECTRIC,2.0,MATARA,BRAND NEW,1,TDM-LTW,Unknown
MOTOR CYCLE,QUANLE,ZS,CHINA,ELECTRIC,1.2,KURUNEGALA,BRAND NEW,1,,ZS
MOTOR CYCLE,QUANLE,XGW,CHINA,ELECTRIC,1.2,KURUNEGALA,BRAND NEW,6,,XGW
MOTOR CYCLE,YADEA,E8S PRO,CHINA,ELECTRIC,2.0,KEGALLE,BRAND NEW,1,,E8S PRO
MOTOR CYCLE,QUANLE,G18,CHINA,ELECTRIC,2.0,KEGALLE,BRAND NEW,1,,G18
MOTOR CYCLE,YADEA,EZEEGO,CHINA,ELECTRIC,1.2,AMPARA,BRAND NEW,1,,EZEEGO
CAR,SUZUKI,5BA-MH85S WAGON R,JAPAN,PETROL,657.0,KURUNEGALA,RECONDITIONED,1,5BA-MH85S,WAGON R
MOTOR CYCLE,LUYUAN ALFA,MKK-Z23E-12-C,CHINA,ELECTRIC,1.2,AMPARA,BRAND NEW,1,MKK-Z23E-12-C,Unknown
COMMERCIAL,LANKA ASHOK LEYLAND,LUXURA 12M,INDIA,DIESEL,6014.0,VAVUNIYA,BRAND NEW,1,,LUXURA 12M
LAND VEHICLE,JOHN DEERE,5045D,INDIA,DIESEL,2940.0,KURUNEGALA,BRAND NEW,2,,5045D
SPECIAL PURPOSE VEHICLE,TOYOTA,FDZN25,CHINA,DIESEL,2486.0,GAMPAHA,BRAND NEW,1,,FDZN25
MOTOR CYCLE,TVS,TVS RAIDER 125,SRI LANKA,PETROL,124.79,COLOMBO,BRAND NEW-L/ASSEMBLE,115,,TVS RAIDER 125
MOTOR CYCLE,TVS,NTORQ 125,SRI LANKA,PETROL,124.79,MULLATIVU,BRAND NEW-L/ASSEMBLE,14,,NTORQ 125
MOTOR CYCLE,TVS,TVS RAIDER 125,SRI LANKA,PETROL,124.79,KEGALLE,BRAND NEW-L/ASSEMBLE,18,,TVS RAIDER 125
MOTOR CYCLE,SENARO,GN125,SRI LANKA,PETROL,125.0,PUTTALAM,BRAND NEW-L/ASSEMBLE,4,,GN125
MOTOR CYCLE,SENARO,GN125,SRI LANKA,PETROL,125.0,AMPARA,BRAND NEW-L/ASSEMBLE,36,,GN125
MOTOR CYCLE,TVS,TVS XL 100,SRI LANKA,PETROL,99.7,KALUTARA,BRAND NEW-L/ASSEMBLE,2,,TVS XL 100
MOTOR CYCLE,SENARO,GN125,SRI LANKA,PETROL,125.0,MATALE,BRAND NEW-L/ASSEMBLE,7,,GN125
MOTOR CYCLE,BAJAJ,PULSAR N160,SRI LANKA,PETROL,164.82,BADULLA,BRAND NEW-L/ASSEMBLE,28,,PULSAR N160
MOTOR CYCLE,BAJAJ,CT 100 ES,SRI LANKA,PETROL,102.0,AMPARA,BRAND NEW-L/ASSEMBLE,122,,CT 100 ES
MOTOR CYCLE,BAJAJ,CT 100 ES,SRI LANKA,PETROL,102.0,KANDY,BRAND NEW-L/ASSEMBLE,107,,CT 100 ES
MOTOR CYCLE,BAJAJ,CT 100 ES,SRI LANKA,PETROL,102.0,MATALE,BRAND NEW-L/ASSEMBLE,94,,CT 100 ES
MOTOR CYCLE,BAJAJ,PULSAR N160,SRI LANKA,PETROL,164.82,JAFFNA,BRAND NEW-L/ASSEMBLE,66,,PULSAR N160
MOTOR CYCLE,BAJAJ,CT 100 ES,SRI LANKA,PETROL,102.0,PUTTALAM,BRAND NEW-L/ASSEMBLE,210,,CT 100 ES
MOTOR CYCLE,BAJAJ,DISCOVER 125,SRI LANKA,PETROL,124.5,GALLE,BRAND NEW-L/ASSEMBLE,65,,DISCOVER 125
MOTOR CYCLE,BAJAJ,PULSAR N160,SRI LANKA,PETROL,164.82,KEGALLE,BRAND NEW-L/ASSEMBLE,30,,PULSAR N160
CAR,SUZUKI,5BA-MH85S WAGON R,JAPAN,PETROL,658.0,MATARA,RECONDITIONED,2,5BA-MH85S,WAGON R
CAR,SUZUKI,5BA-MH85S WAGON R,JAPAN,PETROL,658.0,MULLATIVU,RECONDITIONED,1,5BA-MH85S,WAGON R
MOTOR CYCLE,SENARO,GN125,SRI LANKA,PETROL,125.0,JAFFNA,BRAND NEW-L/ASSEMBLE,8,,GN125
CAR,SUZUKI,5BA-MH85S WAGON R,JAPAN,PETROL,656.0,NUWARA-ELIYA,RECONDITIONED,1,5BA-MH85S,WAGON R
MOTOR CYCLE,LENCAR,ERC80,SRI LANKA,ELECTRIC,1.2,COLOMBO,BRAND NEW-L/ASSEMBLE,10,,ERC80
MOTOR CYCLE,TVS,TVS XL 100,SRI LANKA,PETROL,99.7,GALLE,BRAND NEW-L/ASSEMBLE,7,,TVS XL 100
MOTOR CYCLE,BAJAJ,PULSAR N160,SRI LANKA,PETROL,164.82,HAMBANTOTA,BRAND NEW-L/ASSEMBLE,24,,PULSAR N160
SINGLE CAB,LANKA ASHOK LEYLAND,DOST,SRI LANKA,DIESEL,1478.0,MATARA,BRAND NEW-L/ASSEMBLE,2,,DOST
MOTOR CYCLE,TVS,NTORQ 125,SRI LANKA,PETROL,124.8,HAMBANTOTA,BRAND NEW-L/ASSEMBLE,28,,NTORQ 125
MOTOR CYCLE,BAJAJ,DISCOVER 125,SRI LANKA,PETROL,124.5,MATALE,BRAND NEW-L/ASSEMBLE,12,,DISCOVER 125
SINGLE CAB,MAHINDRA,BOLERO CITY PICKUP,SRI LANKA,DIESEL,2523.0,KANDY,BRAND NEW-L/ASSEMBLE,1,,BOLERO CITY PICKUP
MOTOR LORRY (COMMERCIAL),LANKA ASHOK LEYLAND,TUSKER SUPER 1618,SRI LANKA,DIESEL,5759.0,RATNAPURA,BRAND NEW-L/ASSEMBLE,1,,TUSKER SUPER 1618
MOTOR CYCLE,RANOMOTO,C 50 CUSTOM,SRI LANKA,PETROL,49.0,KALUTARA,BRAND NEW-L/ASSEMBLE,1,,C 50 CUSTOM
MOTOR CYCLE,RANOMOTO,GN 125,SRI LANKA,PETROL,118.0,BADULLA,BRAND NEW-L/ASSEMBLE,1,,GN 125
DUAL PURPOSE (COMMERCIAL),FORD,RANGER MSRT,THAILAND,DIESEL,2993.0,GALLE,RECONDITIONED,1,,RANGER MSRT
CAR,SUZUKI,5BA-MH85S WAGON R,JAPAN,PETROL,658.0,RATNAPURA,RECONDITIONED,1,5BA-MH85S,WAGON R
CAR,SUZUKI,5BA-MH85S WAGON R,JAPAN,PETROL,657.0,RATNAPURA,RECONDITIONED,1,5BA-MH85S,WAGON R
CAR,SUZUKI,5BA-MH85S-WAGON-R,JAPAN,PETROL,658.0,GAMPAHA,RECONDITIONED,1,5BA-MH85S-WAGON-R,Unknown
DUAL PURPOSE (COMMERCIAL),TOYOTA,3DF-GUN125 HILUX,JAPAN,DIESEL,2393.0,COLOMBO,RECONDITIONED,2,3DF-GUN125,HILUX
CAR,SUZUKI,5BA-MH95S WAGON R,JAPAN,PETROL/ELE,658.0,PUTTALAM,RECONDITIONED,1,5BA-MH95S,WAGON R
CAR,TOYOTA,5BA-MZEA17,JAPAN,PETROL,1490.0,COLOMBO,RECONDITIONED,1,5BA-MZEA17,COROLLA
CAR,TOYOTA,5BA-MZEA17,JAPAN,PETROL,1490.0,GAMPAHA,RECONDITIONED,1,5BA-MZEA17,COROLLA
CAR,TOYOTA,5BA-MZEA17 COROLLA,JAPAN,PETROL,1490.0,BADULLA,RECONDITIONED,1,5BA-MZEA17,COROLLA
COMMERCIAL,TOYOTA,HAICE COMMUTER,THAILAND,DIESEL,2755.0,COLOMBO,RECONDITIONED,1,,HAICE COMMUTER
CAR,TOYOTA,5BA-MZEA17 COROLLA,JAPAN,PETROL,1490.0,COLOMBO,RECONDITIONED,2,5BA-MZEA17,COROLLA
CAR,TOYOTA,5BA-MZEA17 COROLLA,JAPAN,PETROL,1490.0,GALLE,RECONDITIONED,1,5BA-MZEA17,COROLLA
CAR,TOYOTA,5BA-MZEA17 COROLLA,JAPAN,PETROL,1496.0,GALLE,RECONDITIONED,1,5BA-MZEA17,COROLLA
CAR,TOYOTA,5BA-MZEA17 COROLLA,JAPAN,PETROL,1490.0,KURUNEGALA,RECONDITIONED,1,5BA-MZEA17,COROLLA
CAR,HONDA,5BA-RZ3  ZR-V,JAPAN,PETROL,1496.0,COLOMBO,RECONDITIONED,2,5BA-RZ3,ZR-V
CAR,MITSUBISHI,5BAGK1W,JAPAN,PETROL,1498.0,COLOMBO,RECONDITIONED,1,,5BAGK1W
DUAL PURPOSE (COMMERCIAL),TOYOTA,HILUX REVO GR SPORT,THAILAND,DIESEL,2755.0,MONERAGALA,RECONDITIONED,2,,HILUX REVO GR SPORT
CAR,SUZUKI,5BD--DA17V EVERY,JAPAN,PETROL,658.0,KANDY,RECONDITIONED,1,5BD--DA17V,EVERY
CAR,SUZUKI,5BD-DA17V,JAPAN,PETROL,658.0,COLOMBO,RECONDITIONED,1,5BD-DA17V,Unknown
CAR,SUZUKI,5BD-DA17V,JAPAN,PETROL,650.0,COLOMBO,RECONDITIONED,1,5BD-DA17V,Unknown
COMMERCIAL,TOYOTA,3DF-GDH223B HIACE,JAPAN,DIESEL,2754.0,COLOMBO,RECONDITIONED,1,3DF-GDH223B,HIACE
CAR,SUZUKI,5BD-DA17V,JAPAN,PETROL,658.0,GAMPAHA,RECONDITIONED,1,5BD-DA17V,Unknown
CAR,SUZUKI,5BD-DA17V  EVERY,JAPAN,PETROL,658.0,GAMPAHA,RECONDITIONED,1,5BD-DA17V,EVERY
SPECIAL PURPOSE VEHICLE,YANMAR,V2 WHEEL LOADER,JAPAN,DIESEL,2000.0,KANDY,RECONDITIONED,1,,V2 WHEEL LOADER
CAR,SUZUKI,5BD-DA17V EVERY,JAPAN,PETROL,658.0,AMPARA,RECONDITIONED,1,5BD-DA17V,EVERY
CAR,SUZUKI,5BD-DA17V EVERY,JAPAN,PETROL,658.0,COLOMBO,RECONDITIONED,5,5BD-DA17V,EVERY
CAR,SUZUKI,5BD-DA17V EVERY,JAPAN,PETROL,650.0,COLOMBO,RECONDITIONED,2,5BD-DA17V,EVERY
MOTOR CYCLE,HONDA,ADV 160,THAILAND,PETROL,157.0,GAMPAHA,RECONDITIONED,1,,ADV 160
CAR,SUZUKI,5BD-DA17V EVERY,JAPAN,PETROL,656.0,COLOMBO,RECONDITIONED,1,5BD-DA17V,EVERY
LAND VEHICLE (SMALL),KUBOTA,K600A,JAPAN,DIESEL,422.0,KEGALLE,RECONDITIONED,1,,K600A
CAR,SUZUKI,5BD-DA17V EVERY,JAPAN,PETROL,658.0,GALLE,RECONDITIONED,1,5BD-DA17V,EVERY
CAR,SUZUKI,5BD-DA17V EVERY,JAPAN,PETROL,658.0,GAMPAHA,RECONDITIONED,12,5BD-DA17V,EVERY
CAR,SUZUKI,5BD-DA17V EVERY,JAPAN,PETROL,656.0,GAMPAHA,RECONDITIONED,1,5BD-DA17V,EVERY
CAR,SUZUKI,5BD-DA17V EVERY,JAPAN,PETROL,656.0,KALUTARA,RECONDITIONED,1,5BD-DA17V,EVERY
CAR,SUZUKI,5BD-DA17V EVERY,JAPAN,PETROL,658.0,KALUTARA,RECONDITIONED,1,5BD-DA17V,EVERY
DUAL PURPOSE (COMMERCIAL),TOYOTA,HILUX GR SPORT,THAILAND,DIESEL,2755.0,KURUNEGALA,RECONDITIONED,1,,HILUX GR SPORT
CAR,SUZUKI,5BD-DA17V EVERY,JAPAN,PETROL,658.0,KANDY,RECONDITIONED,3,5BD-DA17V,EVERY
DUAL PURPOSE (COMMERCIAL),TOYOTA,3DF-GUN125 HILUX,JAPAN,DIESEL,2393.0,KANDY,RECONDITIONED,1,3DF-GUN125,HILUX
CAR,SUZUKI,5BD-DA17V EVERY,JAPAN,PETROL,658.0,KEGALLE,RECONDITIONED,1,5BD-DA17V,EVERY
CAR,SUZUKI,5BD-DA17V EVERY,JAPAN,PETROL,658.0,KILINOCHCHI,RECONDITIONED,1,5BD-DA17V,EVERY
CAR,SUZUKI,5BD-DA17V EVERY,JAPAN,PETROL,658.0,KURUNEGALA,RECONDITIONED,4,5BD-DA17V,EVERY
TRACTOR TRAILER/BOWSER,LOCALLY BUILT,TRACTOR  TRAILER,SRI LANKA,NOT STATED,0.0,KILINOCHCHI,LOCALLY BUILT,4,,TRACTOR  TRAILER
TRACTOR TRAILER/BOWSER,LOCALLY BUILT,TRACTOR  TRAILER,SRI LANKA,NOT STATED,0.0,MULLATIVU,LOCALLY BUILT,2,,TRACTOR  TRAILER
TRACTOR TRAILER/BOWSER,LOCALLY BUILT,TRACTOR TRAILER,SRI LANKA,NOT STATED,0.0,MONERAGALA,LOCALLY BUILT,14,,TRACTOR TRAILER
TRACTOR TRAILER/BOWSER,WIMAL AGRO,TRACTOR BOWSER,SRI LANKA,NOT STATED,0.0,GAMPAHA,LOCALLY BUILT,2,,TRACTOR BOWSER
TRACTOR TRAILER/BOWSER,LOCALLY BUILT,TRACTOR  TRAILER,SRI LANKA,NOT STATED,0.0,ANURADHAPURA,LOCALLY BUILT,2,,TRACTOR  TRAILER
COMMERCIAL,NISSAN,CWGE25 CARAVAN,JAPAN,DIESEL,2953.0,KANDY,BOUGHT FROM AUCTION,1,,CWGE25 CARAVAN
THREE WHEELER,BAJAJ,RE 4S AUTORICKSHOW,INDIA,PETROL,237.0,TRINCOMALEE,BRAND NEW,16,,RE 4S AUTORICKSHOW
LAND VEHICLE,YANMAR,YM358R,THAILAND,DIESEL,3319.0,AMPARA,BRAND NEW,1,,YM358R
LAND VEHICLE,KUBOTA,L 4508,JAPAN,DIESEL,2197.0,ANURADHAPURA,BRAND NEW,2,,L 4508
CAR,SUZUKI,5BD-DA17V EVERY,JAPAN,PETROL,658.0,MATALE,RECONDITIONED,1,5BD-DA17V,EVERY
MOTOR CYCLE,YADEA,RUIBIN,CHINA,ELECTRIC,0.8,ANURADHAPURA,BRAND NEW,14,,RUIBIN
MOTOR CYCLE,LUYUAN,MYT,CHINA,ELECTRIC,0.8,HAMBANTOTA,BRAND NEW,10,,MYT
MOTOR CYCLE,YADEA,T5,CHINA,ELECTRIC,1.2,KALUTARA,BRAND NEW,36,,T5
MOTOR CYCLE,YADEA,T5,CHINA,ELECTRIC,1.2,TRINCOMALEE,BRAND NEW,17,,T5
LAND VEHICLE,TAFE,45DI,INDIA,DIESEL,2500.0,KILINOCHCHI,BRAND NEW,6,,45DI
THREE WHEELER,BAJAJ,RE 4S AUTORICKSHOW,INDIA,PETROL,237.0,BADULLA,BRAND NEW,13,,RE 4S AUTORICKSHOW
MOTOR CYCLE,LIMA,ELO-07,CHINA,ELECTRIC,1.5,KALUTARA,BRAND NEW,7,ELO-07,Unknown
PRIMER MOVER,TATA,SIGNA 4018,INDIA,DIESEL,5883.0,GAMPAHA,BRAND NEW,3,,SIGNA 4018
MOTOR CYCLE,QUANLE,G18,CHINA,ELECTRIC,2.0,GALLE,BRAND NEW,1,,G18
MOTOR CYCLE,LUYUAN,MNK3,CHINA,ELECTRIC,1.5,TRINCOMALEE,BRAND NEW,1,,MNK3
MOTOR CYCLE,LUYUAN,MNK3,CHINA,ELECTRIC,1.5,KALUTARA,BRAND NEW,1,,MNK3
MOTOR CYCLE,TVS,IQUBE,INDIA,ELECTRIC,3.34,TRINCOMALEE,BRAND NEW,3,,IQUBE
LAND VEHICLE (SMALL),LAND FORCE,RK125,THAILAND,DIESEL,624.0,ANURADHAPURA,BRAND NEW,1,,RK125
MOTOR CYCLE,QUANLE,ZS,CHINA,ELECTRIC,1.2,RATNAPURA,BRAND NEW,1,,ZS
MOTOR CYCLE,DAYWANG(DW)SL,E-MOTOR CYCLE,CHINA,ELECTRIC,0.8,HAMBANTOTA,BRAND NEW,1,,E-MOTOR CYCLE
CAR,SUZUKI,5BD-DA17V EVERY,JAPAN,PETROL,658.0,MATARA,RECONDITIONED,1,5BD-DA17V,EVERY
MOTOR CYCLE,YADEA,T5,CHINA,ELECTRIC,1.2,KILINOCHCHI,BRAND NEW,15,,T5
MOTOR CYCLE,YADEA,E8S PRO,CHINA,ELECTRIC,2.0,MONERAGALA,BRAND NEW,3,,E8S PRO
MOTOR CYCLE,YADEA,T5,CHINA,ELECTRIC,1.2,KEGALLE,BRAND NEW,11,,T5
LAND VEHICLE,KUBOTA,L3408,JAPAN,DIESEL,1647.0,HAMBANTOTA,BRAND NEW,1,,L3408
CAR,SUZUKI,5BD-DA17V-EVERY,JAPAN,PETROL,658.0,KALUTARA,RECONDITIONED,1,5BD-DA17V-EVERY,Unknown
LAND VEHICLE,KARTAR,GLOBETRAC 4736 2WD,INDIA,DIESEL,3117.0,VAVUNIYA,BRAND NEW,1,,GLOBETRAC 4736 2WD
MOTOR CYCLE,SOLID,LEO,CHINA,ELECTRIC,1.2,GAMPAHA,BRAND NEW,2,,LEO
MOTOR CYCLE,TAILG,RED RABBIT,CHINA,ELECTRIC,1.2,ANURADHAPURA,BRAND NEW,1,,RED RABBIT
MOTOR CYCLE,YADEA,M6,CHINA,ELECTRIC,1.2,KALUTARA,BRAND NEW,1,,M6
LAND VEHICLE,NEW HOLLAND,3230 TX 2WD,INDIA,DIESEL,2700.0,ANURADHAPURA,BRAND NEW,1,,3230 TX 2WD
LAND VEHICLE,MAHINDRA,YUVO TECH PLUS 585DI,INDIA,DIESEL,2979.0,KURUNEGALA,BRAND NEW,2,,YUVO TECH PLUS 585DI
MOTOR CYCLE,REVOLT,RV 400,INDIA,ELECTRIC,3.0,MATARA,BRAND NEW,1,,RV 400
LAND VEHICLE,JOHN DEERE,5045D,INDIA,DIESEL,2940.0,MULLATIVU,BRAND NEW,2,,5045D
MOTOR CYCLE,OKAYA,FAAST F4,INDIA,ELECTRIC,4.4,BATTICALOA,BRAND NEW,1,,FAAST F4
MOTOR CYCLE,ATHER,450X,INDIA,ELECTRIC,3.0,PUTTALAM,BRAND NEW,2,,450X
MOTOR CYCLE,YADEA,T 9,CHINA,ELECTRIC,2.0,TRINCOMALEE,BRAND NEW,3,,T 9
LAND VEHICLE,TAFE,45DI,INDIA,DIESEL,2500.0,KURUNEGALA,BRAND NEW,4,,45DI
LAND VEHICLE,SOLIS,4520,INDIA,DIESEL,2893.0,AMPARA,BRAND NEW,2,,4520
CAR,MAZDA,5BD-DG17V,JAPAN,PETROL,658.0,COLOMBO,RECONDITIONED,1,5BD-DG17V,SCRUM
MOTOR CYCLE,DECO,EBIKE,CHINA,ELECTRIC,1.2,COLOMBO,BRAND NEW,1,,EBIKE
CAR,MAZDA,5BD-DG17V SCRUM,JAPAN,PETROL,650.0,GAMPAHA,RECONDITIONED,1,5BD-DG17V,SCRUM
MOTOR CYCLE,DAYUN,BOXER 125,CHINA,PETROL,125.0,COLOMBO,BRAND NEW,1,,BOXER 125
SINGLE CAB,MAHINDRA,BOLERO CITY PICKUP,INDIA,DIESEL,2523.0,COLOMBO,BRAND NEW,7,,BOLERO CITY PICKUP
CAR,NISSAN,5BD-DR17V,JAPAN,PETROL,658.0,KALUTARA,RECONDITIONED,1,5BD-DR17V,NV100
LAND VEHICLE (SMALL),LAND FORCE,RK80,THAILAND,DIESEL,416.0,KURUNEGALA,BRAND NEW,1,,RK80
CAR,NISSAN,5BD-DR17V CLIPPER,JAPAN,PETROL,658.0,GAMPAHA,RECONDITIONED,1,5BD-DR17V,CLIPPER
MOTOR CYCLE,LIMA,ELO-07,CHINA,ELECTRIC,1.5,KILINOCHCHI,BRAND NEW,1,ELO-07,Unknown
MOTOR CYCLE,QUANLE,G18,CHINA,ELECTRIC,2.0,POLONNARUWA,BRAND NEW,1,,G18
MOTOR CYCLE,QUANLE,ZL,CHINA,ELECTRIC,2.0,COLOMBO,BRAND NEW,1,,ZL
LAND VEHICLE,JOHN DEERE,5045D,INDIA,DIESEL,2940.0,JAFFNA,BRAND NEW,1,,5045D
LAND VEHICLE,TAFE,45DI,INDIA,DIESEL,2700.0,KALUTARA,BRAND NEW,1,,45DI
THREE WHEELER,BAJAJ,RE 4S AUTORICKSHAW,INDIA,PETROL,237.0,MANNAR,BRAND NEW,3,,RE 4S AUTORICKSHAW
LAND VEHICLE (SMALL),VIKYNO,RV80 - POWER TILLER,VIETNAM,DIESEL,443.0,KALUTARA,BRAND NEW,2,,RV80 - POWER TILLER
LAND VEHICLE,E KUBOTA,EK3-471 4WD,INDIA,DIESEL,2761.0,PUTTALAM,BRAND NEW,1,EK3-471,4WD
THREE WHEELER,BAJAJ,RE 4S AUTORICKSHAW,INDIA,PETROL,237.0,TRINCOMALEE,BRAND NEW,3,,RE 4S AUTORICKSHAW
COMMERCIAL,TATA,LP 712,INDIA,DIESEL,3783.0,KANDY,BRAND NEW,1,,LP 712
MOTOR CYCLE,BAJA,PULSAR N 125,INDIA,PETROL,124.58,COLOMBO,BRAND NEW,1,,PULSAR N 125
MOTOR CYCLE,TVS,TVS XL 100,SRI LANKA,PETROL,99.7,RATNAPURA,BRAND NEW-L/ASSEMBLE,4,,TVS XL 100
MOTOR CYCLE,TVS,TVS RAIDER 125,SRI LANKA,PETROL,124.79,GAMPAHA,BRAND NEW-L/ASSEMBLE,115,,TVS RAIDER 125
MOTOR CYCLE,TVS,NTORQ 125,SRI LANKA,PETROL,124.79,KEGALLE,BRAND NEW-L/ASSEMBLE,20,,NTORQ 125
MOTOR CYCLE,TVS,NTORQ 125,SRI LANKA,PETROL,124.79,TRINCOMALEE,BRAND NEW-L/ASSEMBLE,35,,NTORQ 125
MOTOR CYCLE,TVS,TVS XL 100,SRI LANKA,PETROL,99.7,HAMBANTOTA,BRAND NEW-L/ASSEMBLE,98,,TVS XL 100
MOTOR CYCLE,TVS,NTORQ 125,SRI LANKA,PETROL,124.79,NUWARA-ELIYA,BRAND NEW-L/ASSEMBLE,14,,NTORQ 125
MOTOR CYCLE,SENARO,GN125,SRI LANKA,PETROL,125.0,TRINCOMALEE,BRAND NEW-L/ASSEMBLE,17,,GN125
MOTOR CYCLE,TVS,TVS RAIDER 125,SRI LANKA,PETROL,124.79,HAMBANTOTA,BRAND NEW-L/ASSEMBLE,17,,TVS RAIDER 125
MOTOR CYCLE,SENARO,GN125,SRI LANKA,PETROL,125.0,KEGALLE,BRAND NEW-L/ASSEMBLE,8,,GN125
MOTOR CYCLE,BAJAJ,CT 100 ES,SRI LANKA,PETROL,102.0,RATNAPURA,BRAND NEW-L/ASSEMBLE,131,,CT 100 ES
MOTOR CYCLE,TVS,TVS RAIDER 125,SRI LANKA,PETROL,124.79,AMPARA,BRAND NEW-L/ASSEMBLE,35,,TVS RAIDER 125
MOTOR CYCLE,TVS,TVS RAIDER 125,SRI LANKA,PETROL,124.79,MONERAGALA,BRAND NEW-L/ASSEMBLE,15,,TVS RAIDER 125
MOTOR CYCLE,BAJAJ,PULSAR N160,SRI LANKA,PETROL,164.82,ANURADHAPURA,BRAND NEW-L/ASSEMBLE,44,,PULSAR N160
MOTOR CYCLE,BAJAJ,CT 100 ES,SRI LANKA,PETROL,102.0,KILINOCHCHI,BRAND NEW-L/ASSEMBLE,42,,CT 100 ES
MOTOR CYCLE,TVS,NTORQ 125,SRI LANKA,PETROL,124.8,TRINCOMALEE,BRAND NEW-L/ASSEMBLE,35,,NTORQ 125
MOTOR LORRY (COMMERCIAL),LANKA ASHOK LEYLAND,TUSKER SUPER 1618,SRI LANKA,DIESEL,5759.0,GAMPAHA,BRAND NEW-L/ASSEMBLE,4,,TUSKER SUPER 1618
MOTOR LORRY (COMMERCIAL),LANKA ASHOK LEYLAND,E COMET 1212,SRI LANKA,DIESEL,3839.0,KILINOCHCHI,BRAND NEW-L/ASSEMBLE,1,,E COMET 1212
SINGLE CAB,MAHINDRA,BOLERO CITY PICKUP,SRI LANKA,DIESEL,2523.0,GAMPAHA,BRAND NEW-L/ASSEMBLE,4,,BOLERO CITY PICKUP
MOTOR CYCLE,TVS,TVS RAIDER 125,SRI LANKA,PETROL,124.79,MULLATIVU,BRAND NEW-L/ASSEMBLE,7,,TVS RAIDER 125
MOTOR CYCLE,DYNO,SCOOBY 125  EFI,SRI LANKA,PETROL,124.6,KURUNEGALA,BRAND NEW-L/ASSEMBLE,2,,SCOOBY 125  EFI
MOTOR CYCLE,DYNO,SCOOBY 125  EFI,SRI LANKA,PETROL,124.6,GAMPAHA,BRAND NEW-L/ASSEMBLE,1,,SCOOBY 125  EFI
MOTOR CYCLE,DYNO,SCOOBY 125  EFI,SRI LANKA,PETROL,124.6,COLOMBO,BRAND NEW-L/ASSEMBLE,2,,SCOOBY 125  EFI
MOTOR CYCLE,TVS,NTORQ 125,SRI LANKA,PETROL,124.8,MONERAGALA,BRAND NEW-L/ASSEMBLE,10,,NTORQ 125
MOTOR CYCLE,TVS,TVS RAIDER 125,SRI LANKA,PETROL,124.79,VAVUNIYA,BRAND NEW-L/ASSEMBLE,6,,TVS RAIDER 125
MOTOR CYCLE,BAJAJ,DISCOVER 125,SRI LANKA,PETROL,124.5,KURUNEGALA,BRAND NEW-L/ASSEMBLE,60,,DISCOVER 125
MOTOR CYCLE,BAJAJ,DISCOVER 125,SRI LANKA,PETROL,124.5,JAFFNA,BRAND NEW-L/ASSEMBLE,22,,DISCOVER 125
MOTOR CYCLE,BAJAJ,DISCOVER 125,SRI LANKA,PETROL,124.5,POLONNARUWA,BRAND NEW-L/ASSEMBLE,16,,DISCOVER 125
MOTOR CYCLE,BAJAJ,DISCOVER 125,SRI LANKA,PETROL,124.5,HAMBANTOTA,BRAND NEW-L/ASSEMBLE,25,,DISCOVER 125
SINGLE CAB,TATA,ACE HT2,SRI LANKA,DIESEL,702.0,GALLE,BRAND NEW-L/ASSEMBLE,1,,ACE HT2
SINGLE CAB,MAHINDRA,BOLERO CITY PICKUP,SRI LANKA,DIESEL,2523.0,NUWARA-ELIYA,BRAND NEW-L/ASSEMBLE,1,,BOLERO CITY PICKUP
SINGLE CAB,LANKA ASHOK LEYLAND,DOST,SRI LANKA,DIESEL,1478.0,HAMBANTOTA,BRAND NEW-L/ASSEMBLE,1,,DOST
MOTOR CYCLE,DYNO,SCOOBY 125  EFI,SRI LANKA,PETROL,124.6,MONERAGALA,BRAND NEW-L/ASSEMBLE,1,,SCOOBY 125  EFI
MOTOR CYCLE,RANOMOTO,C 50 CUSTOM,SRI LANKA,PETROL,49.0,JAFFNA,BRAND NEW-L/ASSEMBLE,2,,C 50 CUSTOM
SINGLE CAB,MAHINDRA,BOLERO CITY PICK UP,SRI LANKA,DIESEL,2523.0,TRINCOMALEE,BRAND NEW-L/ASSEMBLE,1,,BOLERO CITY PICK UP
MOTOR LORRY (COMMERCIAL),JAC,HFC1027E4,SRI LANKA,DIESEL,2746.0,MONERAGALA,BRAND NEW-L/ASSEMBLE,1,,HFC1027E4
MOTOR CYCLE,TVS,TVS XL 100,SRI LANKA,PETROL,99.7,KILINOCHCHI,BRAND NEW-L/ASSEMBLE,1,,TVS XL 100
CAR,NISSAN,5BD-DR17V NV100,JAPAN,PETROL,658.0,GAMPAHA,RECONDITIONED,1,5BD-DR17V,NV100
DUAL PURPOSE (COMMERCIAL),FORD,RAPTOR,THAILAND,DIESEL,1996.0,GAMPAHA,RECONDITIONED,1,,RAPTOR
CAR,MITSUBISHI,5BD-DS17V,JAPAN,PETROL,650.0,KALUTARA,RECONDITIONED,1,5BD-DS17V,Unknown
CAR,SUZUKI,5BDA-DA17V EVERY,JAPAN,PETROL,650.0,KURUNEGALA,RECONDITIONED,1,5BDA-DA17V,EVERY
CAR,DAIHATSU,5BL-LA350S MIRA E.S,JAPAN,PETROL,658.0,VAVUNIYA,RECONDITIONED,1,5BL-LA350S,MIRA E.S
LAND VEHICLE (SMALL),KUBOTA,K550 A,JAPAN,DIESEL,375.0,KURUNEGALA,RECONDITIONED,1,,K550 A
CAR,TOYOTA,6AA MXPJ10 YARIS,JAPAN,PETROL/ELE,1496.0,KALUTARA,RECONDITIONED,1,,6AA MXPJ10 YARIS
CAR,TOYOTA,6AA MXPJ10 YARIS,JAPAN,PETROL/ELE,1490.0,KEGALLE,RECONDITIONED,1,,6AA MXPJ10 YARIS
CAR,HONDA,6AA RV5,JAPAN,PETROL/ELE,1490.0,COLOMBO,RECONDITIONED,1,,6AA RV5
CAR,HONDA,6AA RV5 VEZEL,JAPAN,PETROL/ELE,1496.0,COLOMBO,RECONDITIONED,2,,6AA RV5 VEZEL
DUAL PURPOSE (COMMERCIAL),TOYOTA,HILUX REVO GR,THAILAND,DIESEL,2755.0,COLOMBO,RECONDITIONED,1,,HILUX REVO GR
CAR,HONDA,6AA RV5 VEZEL,JAPAN,PETROL/ELE,1490.0,COLOMBO,RECONDITIONED,1,,6AA RV5 VEZEL
CAR,HONDA,6AA RV5 VEZEL,JAPAN,PETROL/ELE,1496.0,GAMPAHA,RECONDITIONED,1,,6AA RV5 VEZEL
MOTOR CYCLE,HONDA,PCX 160,JAPAN,PETROL,157.0,AMPARA,RECONDITIONED,1,,PCX 160
CAR,HONDA,6AA RV5 VEZEL,JAPAN,PETROL/ELE,1496.0,KALUTARA,RECONDITIONED,1,,6AA RV5 VEZEL
DUAL PURPOSE (COMMERCIAL),TOYOTA,HILUX REVO ROCCO,THAILAND,DIESEL,2755.0,MANNAR,RECONDITIONED,1,,HILUX REVO ROCCO
CAR,HONDA,6AA- RV5,JAPAN,PETROL/ELE,1490.0,GAMPAHA,RECONDITIONED,1,,6AA- RV5
SPECIAL PURPOSE VEHICLE,TADANO,GR-120N MOBILE CRANE,JAPAN,DIESEL,4900.0,COLOMBO,RECONDITIONED,1,GR-120N,MOBILE CRANE
SPECIAL PURPOSE VEHICLE,KOMATSU,510 WHEEL LOADER,JAPAN,DIESEL,4300.0,BATTICALOA,RECONDITIONED,1,,510 WHEEL LOADER
CAR,HONDA,6AA--RV5 VEZEL,JAPAN,PETROL/ELE,1496.0,GAMPAHA,RECONDITIONED,1,6AA--RV5,VEZEL
CAR,TOYOTA,6AA-AAHH40W ALPHARD,JAPAN,PETROL/ELE,2487.0,COLOMBO,RECONDITIONED,1,6AA-AAHH40W,ALPHARD
COMMERCIAL,TOYOTA,3DF-GDH223B LETNY,JAPAN,DIESEL,2754.0,GALLE,RECONDITIONED,1,3DF-GDH223B,LETNY
CAR,TOYOTA,6AA-AAHH40W ALPHARD,JAPAN,PETROL/ELE,2487.0,GAMPAHA,RECONDITIONED,1,6AA-AAHH40W,ALPHARD
CAR,TOYOTA,6AA-AAHH40W VELLFIRE,JAPAN,PETROL/ELE,2487.0,MATARA,RECONDITIONED,1,6AA-AAHH40W,VELLFIRE
DUAL PURPOSE (COMMERCIAL),TOYOTA,REVO GR SPORT,THAILAND,DIESEL,2755.0,GAMPAHA,RECONDITIONED,1,,REVO GR SPORT
CAR,TOYOTA,6AA-AAHH45W,JAPAN,PETROL/ELE,2487.0,COLOMBO,RECONDITIONED,1,6AA-AAHH45W,Unknown
CAR,TOYOTA,6AA-AAHH45W VELLFIRE,JAPAN,PETROL/ELE,2487.0,COLOMBO,RECONDITIONED,1,6AA-AAHH45W,VELLFIRE
CAR,LEXUS,6AA-AAZH25,JAPAN,PETROL/ELE,2487.0,COLOMBO,RECONDITIONED,1,6AA-AAZH25,Unknown
CAR,TOYOTA,6AA-AXUH80 HARRIER,JAPAN,PETROL/ELE,2487.0,COLOMBO,RECONDITIONED,1,6AA-AXUH80,HARRIER
CAR,TOYOTA,6AA-AZSH32,JAPAN,PETROL/ELE,2487.0,GAMPAHA,RECONDITIONED,1,6AA-AZSH32,CROWN
CAR,TOYOTA,6AA-AZSH32 CROWN,JAPAN,PETROL/ELE,2487.0,KALUTARA,RECONDITIONED,1,6AA-AZSH32,CROWN
CAR,LEXUS,6AA-MAYH10 LBX,JAPAN,PETROL/ELE,1490.0,GAMPAHA,RECONDITIONED,1,6AA-MAYH10,LBX
CAR,TOYOTA,6AA-MKE165,JAPAN,PETROL/ELE,1496.0,COLOMBO,RECONDITIONED,1,6AA-MKE165,Unknown
CAR,TOYOTA,6AA-MXPJ10,JAPAN,PETROL/ELE,1496.0,COLOMBO,RECONDITIONED,1,6AA-MXPJ10,Unknown
SPECIAL PURPOSE VEHICLE,MITSUBISHI,WS300 WHEEL LOADER,JAPAN,DIESEL,2660.0,KANDY,RECONDITIONED,1,,WS300 WHEEL LOADER
CAR,TOYOTA,6AA-MXPJ10,JAPAN,PETROL/ELE,1490.0,COLOMBO,RECONDITIONED,1,6AA-MXPJ10,Unknown
CAR,TOYOTA,6AA-MXPJ10,JAPAN,PETROL/ELE,1490.0,GALLE,RECONDITIONED,1,6AA-MXPJ10,Unknown
COMMERCIAL,TOYOTA,HIACE,JAPAN,DIESEL,2754.0,GAMPAHA,RECONDITIONED,1,,HIACE
CAR,TOYOTA,6AA-MXPJ10,JAPAN,PETROL/ELE,1490.0,GAMPAHA,RECONDITIONED,2,6AA-MXPJ10,Unknown
CAR,TOYOTA,6AA-MXPJ10,JAPAN,PETROL/ELE,1490.0,JAFFNA,RECONDITIONED,1,6AA-MXPJ10,Unknown
CAR,TOYOTA,6AA-MXPJ10,JAPAN,PETROL/ELE,1496.0,KEGALLE,RECONDITIONED,1,6AA-MXPJ10,Unknown
CAR,TOYOTA,6AA-MXPJ10 YARIS,JAPAN,PETROL/ELE,1496.0,AMPARA,RECONDITIONED,1,6AA-MXPJ10,YARIS
SPECIAL PURPOSE VEHICLE,TCM,WHEEL LOADER 850-2,JAPAN,DIESEL,6925.0,MATARA,RECONDITIONED,1,,WHEEL LOADER 850-2
CAR,TOYOTA,6AA-MXPJ10 YARIS,JAPAN,PETROL/ELE,1490.0,ANURADHAPURA,RECONDITIONED,1,6AA-MXPJ10,YARIS
CAR,TOYOTA,6AA-MXPJ10 YARIS,JAPAN,PETROL/ELE,1490.0,BADULLA,RECONDITIONED,1,6AA-MXPJ10,YARIS
CAR,TOYOTA,6AA-MXPJ10 YARIS,JAPAN,PETROL/ELE,1496.0,COLOMBO,RECONDITIONED,4,6AA-MXPJ10,YARIS
CAR,TOYOTA,6AA-MXPJ10 YARIS,JAPAN,PETROL/ELE,1490.0,COLOMBO,RECONDITIONED,18,6AA-MXPJ10,YARIS
CAR,TOYOTA,6AA-MXPJ10 YARIS,JAPAN,PETROL,1490.0,COLOMBO,RECONDITIONED,2,6AA-MXPJ10,YARIS
CAR,TOYOTA,6AA-MXPJ10 YARIS,JAPAN,PETROL/ELE,1490.0,GALLE,RECONDITIONED,1,6AA-MXPJ10,YARIS
CAR,TOYOTA,6AA-MXPJ10 YARIS,JAPAN,PETROL/ELE,1496.0,GALLE,RECONDITIONED,3,6AA-MXPJ10,YARIS
CAR,TOYOTA,6AA-MXPJ10 YARIS,JAPAN,PETROL/ELE,1490.0,GAMPAHA,RECONDITIONED,6,6AA-MXPJ10,YARIS
CAR,TOYOTA,6AA-MXPJ10 YARIS,JAPAN,PETROL/ELE,1496.0,GAMPAHA,RECONDITIONED,7,6AA-MXPJ10,YARIS
CAR,TOYOTA,6AA-MXPJ10 YARIS,JAPAN,PETROL/ELE,1490.0,HAMBANTOTA,RECONDITIONED,1,6AA-MXPJ10,YARIS
SINGLE CAB,TOYOTA,HILUX-CHAMP,THAILAND,DIESEL,2393.0,POLONNARUWA,RECONDITIONED,1,HILUX-CHAMP,Unknown
TRACTOR TRAILER/BOWSER,LOCALLY BUILT,LOW BED TRAILER,SRI LANKA,NOT STATED,0.0,AMPARA,LOCALLY BUILT,1,,LOW BED TRAILER
TRACTOR TRAILER/BOWSER,LOCALLY BUILT,LOW BED TRAILER,SRI LANKA,NOT STATED,0.0,HAMBANTOTA,LOCALLY BUILT,1,,LOW BED TRAILER
TRACTOR TRAILER/BOWSER,LOCALLY BUILT,TRACTOR TRAILER,SRI LANKA,NOT STATED,0.0,MATALE,LOCALLY BUILT,2,,TRACTOR TRAILER
TRACTOR TRAILER/BOWSER,LOCALLY BUILT,TRACTOR  TRAILER,SRI LANKA,NOT STATED,0.0,BATTICALOA,LOCALLY BUILT,9,,TRACTOR  TRAILER
TRACTOR TRAILER/BOWSER,LOCALLY BUILT,TRAILER BOWSER,SRI LANKA,NOT STATED,0.0,JAFFNA,LOCALLY BUILT,2,,TRAILER BOWSER
MOTOR CYCLE,SOLID,G6,CHINA,ELECTRIC,1.5,PUTTALAM,BRAND NEW,2,,G6
MOTOR CYCLE,ATHER,450X,INDIA,ELECTRIC,3.0,GAMPAHA,BRAND NEW,1,,450X
MOTOR CYCLE,LUYUAN,M-MHH-Z30LJ,CHINA,ELECTRIC,2.0,GALLE,BRAND NEW,2,,M-MHH-Z30LJ
CAR,TOYOTA,6AA-MXPJ10 YARIS,JAPAN,PETROL/ELE,1496.0,JAFFNA,RECONDITIONED,2,6AA-MXPJ10,YARIS
LAND VEHICLE,TAFE,45DI,INDIA,DIESEL,2500.0,BATTICALOA,BRAND NEW,14,,45DI
LAND VEHICLE (SMALL),LAND FORCE,RK80,THAILAND,DIESEL,416.0,TRINCOMALEE,BRAND NEW,1,,RK80
MOTOR CYCLE,NWOW,ARS,CHINA,ELECTRIC,0.45,GAMPAHA,BRAND NEW,3,,ARS
MOTOR CYCLE,YADEA,E8S PRO,CHINA,ELECTRIC,2.0,KURUNEGALA,BRAND NEW,5,,E8S PRO
MOTOR CYCLE,YADEA,T5,CHINA,ELECTRIC,1.2,COLOMBO,BRAND NEW,36,,T5
MOTOR CYCLE,LUYUAN ALFA,MKK-Z23E-12-C,CHINA,ELECTRIC,1.2,GALLE,BRAND NEW,2,MKK-Z23E-12-C,Unknown
CAR,TOYOTA,6AA-MXPJ10 YARIS,JAPAN,PETROL/ELE,1490.0,KALUTARA,RECONDITIONED,1,6AA-MXPJ10,YARIS
THREE WHEELER,BAJAJ,RE 4S AUTORICKSHOW,INDIA,PETROL,237.0,PUTTALAM,BRAND NEW,10,,RE 4S AUTORICKSHOW
THREE WHEELER,BAJAJ,RE 4S AUTORICKSHOW,INDIA,PETROL,237.0,KEGALLE,BRAND NEW,16,,RE 4S AUTORICKSHOW
CAR,TOYOTA,6AA-MXPJ10 YARIS,JAPAN,PETROL/ELE,1496.0,KALUTARA,RECONDITIONED,2,6AA-MXPJ10,YARIS
LAND VEHICLE,JOHN DEERE,5045D,INDIA,DIESEL,2940.0,AMPARA,BRAND NEW,5,,5045D
LAND VEHICLE (SMALL),FARM MASTER,RV125-2,CHINA,DIESEL,624.0,HAMBANTOTA,BRAND NEW,1,RV125-2,Unknown
MOTOR CYCLE,LIMA,ELO-07,CHINA,ELECTRIC,1.5,KEGALLE,BRAND NEW,2,ELO-07,Unknown
MOTOR CYCLE,LIMA,ELO-07,CHINA,ELECTRIC,1.5,KURUNEGALA,BRAND NEW,49,ELO-07,Unknown
MOTOR CYCLE,LIMA,ELO-07,CHINA,ELECTRIC,1.5,GALLE,BRAND NEW,7,ELO-07,Unknown
MOTOR CYCLE,LUYUAN,MNK3,CHINA,ELECTRIC,1.5,GAMPAHA,BRAND NEW,17,,MNK3
MOTOR CYCLE,LUYUAN,MNK3,CHINA,ELECTRIC,1.5,ANURADHAPURA,BRAND NEW,8,,MNK3
MOTOR CYCLE,QUANLE,ZL,CHINA,ELECTRIC,2.0,GALLE,BRAND NEW,1,,ZL
MOTOR CYCLE,TAILG,RED RABBIT,CHINA,ELECTRIC,1.2,MATALE,BRAND NEW,1,,RED RABBIT
LAND VEHICLE,NEW HOLLAND,4710,INDIA,DIESEL,2700.0,KURUNEGALA,BRAND NEW,2,,4710
MOTOR CYCLE,YADEA,T5,CHINA,ELECTRIC,1.2,RATNAPURA,BRAND NEW,18,,T5
LAND VEHICLE,SONALIKA,DI-50RX-2WD,INDIA,DIESEL,2893.0,POLONNARUWA,BRAND NEW,3,DI-50RX-2WD,Unknown
LAND VEHICLE,SONALIKA,DI-50RX-2WD,INDIA,DIESEL,2893.0,PUTTALAM,BRAND NEW,1,DI-50RX-2WD,Unknown
LAND VEHICLE,ARBOS,P504-3,CHINA,DIESEL,2189.0,ANURADHAPURA,BRAND NEW,2,P504-3,Unknown
CAR,TOYOTA,6AA-MXPJ10 YARIS,JAPAN,PETROL/ELE,1496.0,KANDY,RECONDITIONED,2,6AA-MXPJ10,YARIS
MOTOR CYCLE,DAYUN,DY90-20,CHINA,PETROL,90.0,PUTTALAM,BRAND NEW,1,DY90-20,Unknown
CAR,TOYOTA,6AA-MXPJ10 YARIS,JAPAN,PETROL,1490.0,KEGALLE,RECONDITIONED,1,6AA-MXPJ10,YARIS
LAND VEHICLE,TAFE,45DI,INDIA,DIESEL,2500.0,HAMBANTOTA,BRAND NEW,2,,45DI
MOTOR CYCLE,HUAIHAI,HUAIHAI,CHINA,ELECTRIC,2.0,ANURADHAPURA,BRAND NEW,1,,HUAIHAI
MOTOR CYCLE,QUANLE,ZS,CHINA,ELECTRIC,1.2,TRINCOMALEE,BRAND NEW,1,,ZS
LAND VEHICLE,KUBOTA,L 4508,JAPAN,DIESEL,2197.0,POLONNARUWA,BRAND NEW,2,,L 4508
LAND VEHICLE,TAFE,7250.DI,INDIA,DIESEL,2500.0,POLONNARUWA,BRAND NEW,2,,7250.DI
MOTOR CYCLE,NWOW,V11,CHINA,ELECTRIC,1.0,COLOMBO,BRAND NEW,4,,V11
SPECIAL PURPOSE VEHICLE,SHAKTHIMAAN,SCH 3737,INDIA,DIESEL,5900.0,COLOMBO,BRAND NEW,3,,SCH 3737
COMMERCIAL,LANKA ASHOK LEYLAND,LUXURA 12M,INDIA,DIESEL,6014.0,COLOMBO,BRAND NEW,2,,LUXURA 12M
LAND VEHICLE,YANMAR,YM351A,THAILAND,DIESEL,2190.0,ANURADHAPURA,BRAND NEW,2,,YM351A
COMMERCIAL,EICHER,10.75E ABPS STARLINE,INDIA,DIESEL,3298.0,COLOMBO,BRAND NEW,3,,10.75E ABPS STARLINE
MOTOR CYCLE,TVS,IQUBE,INDIA,ELECTRIC,3.34,MANNAR,BRAND NEW,1,,IQUBE
MOTOR CYCLE,ROYAL ENFIELD,CLASSIC 350,INDIA,PETROL,349.0,COLOMBO,BRAND NEW,1,,CLASSIC 350
MOTOR CYCLE,HUAIHAI,HUAIHAI,CHINA,ELECTRIC,2.0,MATARA,BRAND NEW,1,,HUAIHAI
MOTOR CYCLE,ROYAL ENFIELD,CLASSIC 350,INDIA,PETROL,349.0,MULLATIVU,BRAND NEW,1,,CLASSIC 350
CAR,TOYOTA,6AA-MXPJ10 YARIS,JAPAN,PETROL/ELE,1490.0,KURUNEGALA,RECONDITIONED,1,6AA-MXPJ10,YARIS
CAR,TOYOTA,6AA-MXPJ10 YARIS,JAPAN,PETROL/ELE,1490.0,MATALE,RECONDITIONED,1,6AA-MXPJ10,YARIS
LAND VEHICLE,MAHINDRA,YUVO TECH PLUS 575DI,INDIA,DIESEL,2979.0,VAVUNIYA,BRAND NEW,4,,YUVO TECH PLUS 575DI
SPECIAL PURPOSE VEHICLE,J.C.B,3DX,INDIA,DIESEL,4400.0,JAFFNA,BRAND NEW,1,,3DX
MOTOR CYCLE,YADEA,T5,CHINA,ELECTRIC,1.2,VAVUNIYA,BRAND NEW,2,,T5
CAR,TOYOTA,6AA-MXPJ10 YARIS,JAPAN,PETROL/ELE,1490.0,RATNAPURA,RECONDITIONED,2,6AA-MXPJ10,YARIS
THREE WHEELER,BAJAJ,RE 4S AUTORICKSHAW,INDIA,PETROL,237.0,KURUNEGALA,BRAND NEW,17,,RE 4S AUTORICKSHAW
THREE WHEELER,BAJAJ,RE 4S AUTORICKSHAW,INDIA,PETROL,237.0,JAFFNA,BRAND NEW,29,,RE 4S AUTORICKSHAW
CAR,TOYOTA,6AA-MXPK11 AQUA,JAPAN,PETROL/ELE,1490.0,COLOMBO,RECONDITIONED,2,6AA-MXPK11,AQUA
MOTOR CYCLE,QUANLE,XGW,CHINA,ELECTRIC,1.2,ANURADHAPURA,BRAND NEW,1,,XGW
MOTOR CYCLE,QUANLE,XGW,CHINA,ELECTRIC,1.2,PUTTALAM,BRAND NEW,1,,XGW
THREE WHEELER,BAJAJ,RE 4S AUTORICKSHAW,INDIA,PETROL,237.0,NUWARA-ELIYA,BRAND NEW,3,,RE 4S AUTORICKSHAW
THREE WHEELER,BAJAJ,RE 4S AUTORICKSHAW,INDIA,PETROL,237.0,MATARA,BRAND NEW,13,,RE 4S AUTORICKSHAW
LAND VEHICLE,JOHN DEERE,5047D,INDIA,DIESEL,2940.0,MATALE,BRAND NEW,2,,5047D
LAND VEHICLE,JOHN DEERE,5047D,INDIA,DIESEL,2940.0,MONERAGALA,BRAND NEW,1,,5047D
MOTOR CYCLE,YADEA,E8S PRO,CHINA,ELECTRIC,2.0,HAMBANTOTA,BRAND NEW,1,,E8S PRO
MOTOR LORRY (COMMERCIAL),SHACMAN,SX5188JSQMR561R,CHINA,DIESEL,9726.0,COLOMBO,BRAND NEW,1,,SX5188JSQMR561R
SINGLE CAB,LANKA ASHOK LEYLAND,DOST,SRI LANKA,DIESEL,1478.0,RATNAPURA,BRAND NEW,1,,DOST
THREE WHEELER,BAJAJ,RE 4S AUTORICKSHAW,INDIA,PETROL,237.0,ANURADHAPURA,BRAND NEW,5,,RE 4S AUTORICKSHAW
THREE WHEELER,BAJAJ,RE 4S AUTORICKSHAW,INDIA,PETROL,237.0,BATTICALOA,BRAND NEW,9,,RE 4S AUTORICKSHAW
CAR,TOYOTA,6AA-MXPK11 AQUA,JAPAN,PETROL/ELE,1490.0,GAMPAHA,RECONDITIONED,2,6AA-MXPK11,AQUA
LAND VEHICLE,KARTAR,GLOBETRAC 4736 4WD,INDIA,DIESEL,3117.0,AMPARA,BRAND NEW,1,,GLOBETRAC 4736 4WD
SINGLE CAB,MAHINDRA,BOLERO CITY PICKUP,INDIA,DIESEL,2523.0,POLONNARUWA,BRAND NEW,1,,BOLERO CITY PICKUP
LAND VEHICLE (SMALL),VIKYNO,RV80 - POWER TILLER,VIETNAM,DIESEL,443.0,MATARA,BRAND NEW,1,,RV80 - POWER TILLER
LAND VEHICLE,TAFE,45DI,INDIA,DIESEL,2700.0,POLONNARUWA,BRAND NEW,2,,45DI
MOTOR CYCLE,TVS,NTORQ 125,SRI LANKA,PETROL,124.79,JAFFNA,BRAND NEW-L/ASSEMBLE,114,,NTORQ 125
MOTOR CYCLE,TVS,NTORQ 125,SRI LANKA,PETROL,124.79,ANURADHAPURA,BRAND NEW-L/ASSEMBLE,90,,NTORQ 125
MOTOR CYCLE,TVS,NTORQ 125,SRI LANKA,PETROL,124.79,AMPARA,BRAND NEW-L/ASSEMBLE,16,,NTORQ 125
MOTOR CYCLE,TVS,TVS RAIDER 125,SRI LANKA,PETROL,124.79,GALLE,BRAND NEW-L/ASSEMBLE,56,,TVS RAIDER 125
MOTOR CYCLE,TVS,NTORQ 125,SRI LANKA,PETROL,124.79,KANDY,BRAND NEW-L/ASSEMBLE,50,,NTORQ 125
MOTOR CYCLE,TVS,TVS XL 100,SRI LANKA,PETROL,99.7,POLONNARUWA,BRAND NEW-L/ASSEMBLE,55,,TVS XL 100
MOTOR CYCLE,BAJAJ,PULSAR N160,SRI LANKA,PETROL,164.82,RATNAPURA,BRAND NEW-L/ASSEMBLE,41,,PULSAR N160
MOTOR CYCLE,TVS,NTORQ 125,SRI LANKA,PETROL,124.8,PUTTALAM,BRAND NEW-L/ASSEMBLE,65,,NTORQ 125
MOTOR CYCLE,TVS,TVS XL 100,SRI LANKA,PETROL,99.7,PUTTALAM,BRAND NEW-L/ASSEMBLE,26,,TVS XL 100
MOTOR CYCLE,TVS,TVS XL 100,SRI LANKA,PETROL,99.7,GAMPAHA,BRAND NEW-L/ASSEMBLE,7,,TVS XL 100
SINGLE CAB,TATA,ACE HT2,SRI LANKA,DIESEL,702.0,BATTICALOA,BRAND NEW-L/ASSEMBLE,3,,ACE HT2
MOTOR LORRY (COMMERCIAL),LANKA ASHOK LEYLAND,E COMET 1012,SRI LANKA,DIESEL,3839.0,KANDY,BRAND NEW-L/ASSEMBLE,1,,E COMET 1012
MOTOR CYCLE,TVS,TVS RAIDER 125,SRI LANKA,PETROL,124.79,JAFFNA,BRAND NEW-L/ASSEMBLE,40,,TVS RAIDER 125
MOTOR CYCLE,TVS,NTORQ 125,SRI LANKA,PETROL,124.8,BADULLA,BRAND NEW-L/ASSEMBLE,25,,NTORQ 125
MOTOR CYCLE,BAJAJ,PULSAR N160,SRI LANKA,PETROL,164.82,KILINOCHCHI,BRAND NEW-L/ASSEMBLE,15,,PULSAR N160
MOTOR CYCLE,BAJAJ,PULSAR N160,SRI LANKA,PETROL,164.82,VAVUNIYA,BRAND NEW-L/ASSEMBLE,21,,PULSAR N160
MOTOR CYCLE,LENCAR,ERC80,SRI LANKA,ELECTRIC,1.2,GAMPAHA,BRAND NEW-L/ASSEMBLE,4,,ERC80
MOTOR LORRY (COMMERCIAL),LANKA ASHOK LEYLAND,TAURUS 2518,SRI LANKA,DIESEL,5759.0,GAMPAHA,BRAND NEW-L/ASSEMBLE,2,,TAURUS 2518
MOTOR CYCLE,TVS,NTORQ 125,SRI LANKA,PETROL,124.8,KILINOCHCHI,BRAND NEW-L/ASSEMBLE,15,,NTORQ 125
MOTOR LORRY (COMMERCIAL),LANKA ASHOK LEYLAND,TUSKER SUPER 1618,SRI LANKA,DIESEL,5759.0,KILINOCHCHI,BRAND NEW-L/ASSEMBLE,1,,TUSKER SUPER 1618
MOTOR CYCLE,BAJAJ,PULSAR N160,SRI LANKA,PETROL,164.82,KANDY,BRAND NEW-L/ASSEMBLE,27,,PULSAR N160
MOTOR CYCLE,BAJAJ,PULSAR N160,SRI LANKA,PETROL,164.82,MATALE,BRAND NEW-L/ASSEMBLE,9,,PULSAR N160
MOTOR LORRY (COMMERCIAL),LANKA ASHOK LEYLAND,E-COMET 1212,SRI LANKA,DIESEL,3839.0,COLOMBO,BRAND NEW-L/ASSEMBLE,1,,E-COMET 1212
MOTOR CYCLE,BAJAJ,DISCOVER 125,SRI LANKA,PETROL,124.5,TRINCOMALEE,BRAND NEW-L/ASSEMBLE,19,,DISCOVER 125
MOTOR CYCLE,BAJAJ,DISCOVER 125,SRI LANKA,PETROL,124.5,KEGALLE,BRAND NEW-L/ASSEMBLE,21,,DISCOVER 125
SINGLE CAB,TATA,ACE HT2,SRI LANKA,DIESEL,702.0,COLOMBO,BRAND NEW-L/ASSEMBLE,6,,ACE HT2
MOTOR CYCLE,TVS,TVS RAIDER 125,SRI LANKA,PETROL,124.76,MATARA,BRAND NEW-L/ASSEMBLE,1,,TVS RAIDER 125
SINGLE CAB,MAHINDRA,BOLERO CITY PICKUP,SRI LANKA,DIESEL,2523.0,KILINOCHCHI,BRAND NEW-L/ASSEMBLE,1,,BOLERO CITY PICKUP
CAR,TOYOTA,6AA-MXPK11 AQUA,JAPAN,PETROL/ELE,1490.0,PUTTALAM,RECONDITIONED,1,6AA-MXPK11,AQUA
CAR,TOYOTA,6AA-MXPK11 AQUA,JAPAN,PETROL/ELE,1490.0,VAVUNIYA,RECONDITIONED,1,6AA-MXPK11,AQUA
SINGLE CAB,SUZUKI,3BD-DA16T CARRY,JAPAN,PETROL,650.0,PUTTALAM,RECONDITIONED,2,3BD-DA16T,CARRY
CAR,TOYOTA,6AA-NKE165,JAPAN,PETROL/ELE,1496.0,COLOMBO,RECONDITIONED,1,6AA-NKE165,AXIO
CAR,TOYOTA,6AA-NKE165 AXIO,JAPAN,PETROL/ELE,1496.0,COLOMBO,RECONDITIONED,1,6AA-NKE165,AXIO
CAR,TOYOTA,6AA-NKE165 COROLLA,JAPAN,PETROL/ELE,1496.0,COLOMBO,RECONDITIONED,1,6AA-NKE165,COROLLA
CAR,HONDA,6AA-RV5,JAPAN,PETROL/ELE,1496.0,COLOMBO,RECONDITIONED,10,6AA-RV5,Z PLAY
CAR,HONDA,6AA-RV5,JAPAN,PETROL/ELE,1496.0,GAMPAHA,RECONDITIONED,3,6AA-RV5,Z PLAY
CAR,HONDA,6AA-RV5,JAPAN,PETROL/ELE,1490.0,GAMPAHA,RECONDITIONED,1,6AA-RV5,Z PLAY
CAR,HONDA,6AA-RV5,JAPAN,PETROL/ELE,1496.0,KALUTARA,RECONDITIONED,1,6AA-RV5,Z PLAY
CAR,HONDA,6AA-RV5,JAPAN,PETROL/ELE,1496.0,KANDY,RECONDITIONED,1,6AA-RV5,Z PLAY
CAR,HONDA,6AA-RV5,JAPAN,PETROL/ELE,1490.0,MATARA,RECONDITIONED,1,6AA-RV5,Z PLAY
CAR,HONDA,6AA-RV5,JAPAN,PETROL/ELE,1496.0,PUTTALAM,RECONDITIONED,1,6AA-RV5,Z PLAY
CAR,HONDA,6AA-RV5  VEZEL,JAPAN,PETROL/ELE,1490.0,GAMPAHA,RECONDITIONED,1,6AA-RV5,VEZEL
COMMERCIAL,TOYOTA,3DF-GDH223B LETNY,JAPAN,DIESEL,2754.0,BATTICALOA,RECONDITIONED,1,3DF-GDH223B,LETNY
CAR,HONDA,6AA-RV5  VEZEL,JAPAN,PETROL/ELE,1496.0,KANDY,RECONDITIONED,1,6AA-RV5,VEZEL
CAR,HONDA,6AA-RV5 VESEL,JAPAN,PETROL/ELE,1496.0,AMPARA,RECONDITIONED,1,6AA-RV5,VESEL
CAR,HONDA,6AA-RV5 VESEL,JAPAN,PETROL/ELE,1496.0,COLOMBO,RECONDITIONED,2,6AA-RV5,VESEL
CAR,HONDA,6AA-RV5 VESEL,JAPAN,PETROL/ELE,1496.0,GAMPAHA,RECONDITIONED,1,6AA-RV5,VESEL
CAR,HONDA,6AA-RV5 VEZEL,JAPAN,PETROL/ELE,1496.0,AMPARA,RECONDITIONED,2,6AA-RV5,VEZEL
CAR,HONDA,6AA-RV5 VEZEL,JAPAN,PETROL/ELE,1490.0,AMPARA,RECONDITIONED,1,6AA-RV5,VEZEL
CAR,HONDA,6AA-RV5 VEZEL,JAPAN,PETROL/ELE,1496.0,ANURADHAPURA,RECONDITIONED,6,6AA-RV5,VEZEL
LAND VEHICLE (SMALL),KUBOTA,K75,JAPAN,DIESEL,443.0,KANDY,RECONDITIONED,1,,K75
COMMERCIAL,TOYOTA,3DF-GDH223B,JAPAN,DIESEL,2754.0,KURUNEGALA,RECONDITIONED,1,3DF-GDH223B,LETNY
MOTOR CYCLE,HONDA,PCX 160,VIETNAM,PETROL,157.0,COLOMBO,RECONDITIONED,1,,PCX 160
CAR,HONDA,6AA-RV5 VEZEL,JAPAN,PETROL/ELE,1496.0,BATTICALOA,RECONDITIONED,2,6AA-RV5,VEZEL
MOTOR CYCLE,HONDA,PCX 160,JAPAN,PETROL,157.0,BATTICALOA,RECONDITIONED,1,,PCX 160
CAR,HONDA,6AA-RV5 VEZEL,JAPAN,PETROL/ELE,1496.0,COLOMBO,RECONDITIONED,102,6AA-RV5,VEZEL
MOTOR CYCLE,YAMAHA,X-MAX 250,JAPAN,PETROL,249.0,COLOMBO,RECONDITIONED,1,,X-MAX 250
SINGLE CAB,SUZUKI,3BD-DA16T CARRY,JAPAN,PETROL,658.0,PUTTALAM,RECONDITIONED,3,3BD-DA16T,CARRY
CAR,HONDA,6AA-RV5 VEZEL,JAPAN,PETROL/ELE,1490.0,COLOMBO,RECONDITIONED,10,6AA-RV5,VEZEL
CAR,HONDA,6AA-RV5 VEZEL,JAPAN,PETROL/ELE,1498.0,COLOMBO,RECONDITIONED,1,6AA-RV5,VEZEL
CAR,HONDA,6AA-RV5 VEZEL,JAPAN,PETROL,1490.0,COLOMBO,RECONDITIONED,1,6AA-RV5,VEZEL
CAR,HONDA,6AA-RV5 VEZEL,JAPAN,PETROL/ELE,1490.0,GALLE,RECONDITIONED,1,6AA-RV5,VEZEL
CAR,HONDA,6AA-RV5 VEZEL,JAPAN,PETROL/ELE,1496.0,GALLE,RECONDITIONED,11,6AA-RV5,VEZEL
CAR,HONDA,6AA-RV5 VEZEL,JAPAN,PETROL,1490.0,GALLE,RECONDITIONED,3,6AA-RV5,VEZEL
CAR,HONDA,6AA-RV5 VEZEL,JAPAN,PETROL/ELE,1498.0,GALLE,RECONDITIONED,1,6AA-RV5,VEZEL
CAR,HONDA,6AA-RV5 VEZEL,JAPAN,PETROL/ELE,1496.0,GAMPAHA,RECONDITIONED,54,6AA-RV5,VEZEL
CAR,HONDA,6AA-RV5 VEZEL,JAPAN,PETROL/ELE,1490.0,GAMPAHA,RECONDITIONED,4,6AA-RV5,VEZEL
CAR,HONDA,6AA-RV5 VEZEL,JAPAN,PETROL,1490.0,GAMPAHA,RECONDITIONED,1,6AA-RV5,VEZEL
CAR,HONDA,6AA-RV5 VEZEL,JAPAN,PETROL/ELE,1496.0,HAMBANTOTA,RECONDITIONED,2,6AA-RV5,VEZEL
CAR,HONDA,6AA-RV5 VEZEL,JAPAN,PETROL/ELE,1490.0,JAFFNA,RECONDITIONED,1,6AA-RV5,VEZEL
DUAL PURPOSE (COMMERCIAL),BYD,SHARK 6,AUSTRALIA,PETROL/ELE,1499.0,COLOMBO,RECONDITIONED,1,,SHARK 6
CAR,HONDA,6AA-RV5 VEZEL,JAPAN,PETROL/ELE,1496.0,KALUTARA,RECONDITIONED,12,6AA-RV5,VEZEL
DUAL PURPOSE (COMMERCIAL),FORD,RANGER RAPTOR,THAILAND,DIESEL,1996.0,MATARA,RECONDITIONED,1,,RANGER RAPTOR
DUAL PURPOSE (COMMERCIAL),TOYOTA,3DF-GUN125 HILUX,JAPAN,DIESEL,2390.0,GAMPAHA,RECONDITIONED,1,3DF-GUN125,HILUX
CAR,HONDA,6AA-RV5 VEZEL,JAPAN,PETROL,1496.0,KALUTARA,RECONDITIONED,2,6AA-RV5,VEZEL
DUAL PURPOSE (COMMERCIAL),TOYOTA,HILUX REVO ROCCO,THAILAND,DIESEL,2755.0,AMPARA,RECONDITIONED,1,,HILUX REVO ROCCO
CAR,HONDA,6AA-RV5 VEZEL,JAPAN,PETROL/ELE,1496.0,KANDY,RECONDITIONED,10,6AA-RV5,VEZEL
DUAL PURPOSE (COMMERCIAL),TOYOTA,HILUX REVO,THAILAND,DIESEL,2755.0,COLOMBO,RECONDITIONED,1,,HILUX REVO
DUAL PURPOSE (COMMERCIAL),FORD,RANGER,THAILAND,DIESEL,2993.0,GAMPAHA,RECONDITIONED,1,,RANGER
CAR,HONDA,6AA-RV5 VEZEL,JAPAN,PETROL/ELE,1490.0,KANDY,RECONDITIONED,1,6AA-RV5,VEZEL
CAR,HONDA,6AA-RV5 VEZEL,JAPAN,PETROL,1496.0,KANDY,RECONDITIONED,1,6AA-RV5,VEZEL
DUAL PURPOSE (COMMERCIAL),FORD,RANCER-MS.RT.,THAILAND,DIESEL,2993.0,COLOMBO,RECONDITIONED,1,,RANCER-MS.RT.
TRACTOR TRAILER/BOWSER,LOCALLY BUILT,TRACTOR TRAILER,SRI LANKA,NOT STATED,0.0,HAMBANTOTA,LOCALLY BUILT,7,,TRACTOR TRAILER
TRACTOR TRAILER/BOWSER,LOCALLY BUILT,TRACTOR TRAILER,SRI LANKA,NOT STATED,0.0,VAVUNIYA,LOCALLY BUILT,3,,TRACTOR TRAILER
TRACTOR TRAILER/BOWSER,LOCALLY BUILT,TRACTOR TRAILER,SRI LANKA,NOT STATED,0.0,TRINCOMALEE,LOCALLY BUILT,9,,TRACTOR TRAILER
TRACTOR TRAILER/BOWSER,LOCALLY BUILT,LAW BED TRAILER,SRI LANKA,NOT STATED,0.0,MONERAGALA,LOCALLY BUILT,2,,LAW BED TRAILER
TRACTOR TRAILER/BOWSER,LOCALLY BUILT,TRACTOR TRAILER,SRI LANKA,NOT STATED,0.0,KURUNEGALA,LOCALLY BUILT,3,,TRACTOR TRAILER
LORRY TRAILER/BOWSER,TANTRI,TSK-40,SRI LANKA,NOT STATED,0.0,MATALE,LOCALLY BUILT,1,TSK-40,Unknown
CAR,HONDA,6AA-RV5 VEZEL,JAPAN,PETROL/ELE,1496.0,KEGALLE,RECONDITIONED,3,6AA-RV5,VEZEL
TRACTOR TRAILER/BOWSER,LOCALLY BUILT,TRACTOR TRAILER,SRI LANKA,NOT STATED,0.0,GAMPAHA,LOCALLY BUILT,1,,TRACTOR TRAILER
MOTOR CYCLE,NWOW,V11,CHINA,ELECTRIC,1.0,GAMPAHA,BRAND NEW,3,,V11
MOTOR CYCLE,DIMEN,D60,CHINA,ELECTRIC,1.2,ANURADHAPURA,BRAND NEW,10,,D60
LAND VEHICLE,YANMAR,YM358R,THAILAND,DIESEL,3319.0,KURUNEGALA,BRAND NEW,9,,YM358R
MOTOR CYCLE,TVS,IQUBE,INDIA,ELECTRIC,3.34,COLOMBO,BRAND NEW,25,,IQUBE
LAND VEHICLE,TAFE,45DI,INDIA,DIESEL,2500.0,TRINCOMALEE,BRAND NEW,25,,45DI
MOTOR CYCLE,YADEA,E8S PRO,CHINA,ELECTRIC,2.0,BADULLA,BRAND NEW,5,,E8S PRO
MOTOR CYCLE,YADEA,RUIBIN,CHINA,ELECTRIC,0.8,AMPARA,BRAND NEW,9,,RUIBIN
MOTOR CYCLE,NWOW,SE,CHINA,ELECTRIC,0.8,KALUTARA,BRAND NEW,1,,SE
MOTOR CYCLE,YADEA,RUIBIN,CHINA,ELECTRIC,0.8,POLONNARUWA,BRAND NEW,13,,RUIBIN
CAR,HONDA,6AA-RV5 VEZEL,JAPAN,PETROL/ELE,1496.0,KILINOCHCHI,RECONDITIONED,1,6AA-RV5,VEZEL
MOTOR CYCLE,NWOW,SE,CHINA,ELECTRIC,0.8,COLOMBO,BRAND NEW,4,,SE
MOTOR CYCLE,YADEA,RUIBIN,CHINA,ELECTRIC,0.8,GAMPAHA,BRAND NEW,17,,RUIBIN
MOTOR CYCLE,YADEA,RUIBIN,CHINA,ELECTRIC,0.8,VAVUNIYA,BRAND NEW,1,,RUIBIN
CAR,HONDA,6AA-RV5 VEZEL,JAPAN,PETROL/ELE,1496.0,KURUNEGALA,RECONDITIONED,10,6AA-RV5,VEZEL
MOTOR CYCLE,YADEA,T5,CHINA,ELECTRIC,1.2,ANURADHAPURA,BRAND NEW,116,,T5
THREE WHEELER,BAJAJ,RE 4S AUTORICKSHOW,INDIA,PETROL,237.0,KURUNEGALA,BRAND NEW,29,,RE 4S AUTORICKSHOW
CAR,HONDA,6AA-RV5 VEZEL,JAPAN,PETROL/ELE,1498.0,KURUNEGALA,RECONDITIONED,1,6AA-RV5,VEZEL
LAND VEHICLE (SMALL),VIKYNO,RV125-2,VIETNAM,DIESEL,624.0,POLONNARUWA,BRAND NEW,5,RV125-2,Unknown
LAND VEHICLE (SMALL),FARM MASTER,RV125-2,VIETNAM,DIESEL,624.0,HAMBANTOTA,BRAND NEW,1,RV125-2,Unknown
LAND VEHICLE (SMALL),VIKYNO,RV125-2,VIETNAM,DIESEL,624.0,KURUNEGALA,BRAND NEW,3,RV125-2,Unknown
MOTOR CYCLE,LIMA,ELO-07,CHINA,ELECTRIC,1.5,RATNAPURA,BRAND NEW,6,ELO-07,Unknown
MOTOR CYCLE,LIMA,ELO-07,CHINA,ELECTRIC,1.5,MATALE,BRAND NEW,2,ELO-07,Unknown
MOTOR CYCLE,LIMA,ELO-07,CHINA,ELECTRIC,1.5,MATARA,BRAND NEW,6,ELO-07,Unknown
LAND VEHICLE (SMALL),LAND FORCE,RK80,THAILAND,DIESEL,416.0,ANURADHAPURA,BRAND NEW,2,,RK80
MOTOR CYCLE,QUANLE,ZL,CHINA,ELECTRIC,2.0,KURUNEGALA,BRAND NEW,3,,ZL
CAR,HONDA,6AA-RV5 VEZEL,JAPAN,PETROL/ELE,1490.0,KURUNEGALA,RECONDITIONED,2,6AA-RV5,VEZEL
LAND VEHICLE,NEW HOLLAND,3230 TX 2WD,INDIA,DIESEL,2700.0,AMPARA,BRAND NEW,2,,3230 TX 2WD
LAND VEHICLE,E KUBOTA,EK3-471 4WD,INDIA,DIESEL,2761.0,MATALE,BRAND NEW,1,EK3-471,4WD
MOTOR CYCLE,YADEA,T5,CHINA,ELECTRIC,1.2,BADULLA,BRAND NEW,4,,T5
LAND VEHICLE,JOHN DEERE,5047D,INDIA,DIESEL,2940.0,ANURADHAPURA,BRAND NEW,2,,5047D
LAND VEHICLE (SMALL),SIFANG,GN12DI,CHINA,DIESEL,815.0,GAMPAHA,BRAND NEW,1,,GN12DI
MOTOR CYCLE,LUYUAN,MYT,CHINA,ELECTRIC,0.8,ANURADHAPURA,BRAND NEW,2,,MYT
MOTOR CYCLE,YADEA,EZEEGO,CHINA,ELECTRIC,1.2,HAMBANTOTA,BRAND NEW,1,,EZEEGO
LAND VEHICLE,MAHINDRA,YUVO TECH PLUS 575DI,INDIA,DIESEL,2979.0,ANURADHAPURA,BRAND NEW,12,,YUVO TECH PLUS 575DI
LAND VEHICLE,MAHINDRA,YUVO TECH PLUS 575DI,INDIA,DIESEL,2979.0,JAFFNA,BRAND NEW,2,,YUVO TECH PLUS 575DI
MOTOR CYCLE,REVOLT,RV 400,INDIA,ELECTRIC,3.0,COLOMBO,BRAND NEW,1,,RV 400
LAND VEHICLE,JOHN DEERE,5050D,INDIA,DIESEL,2940.0,ANURADHAPURA,BRAND NEW,1,,5050D
LAND VEHICLE,JOHN DEERE,5050D,INDIA,DIESEL,2940.0,VAVUNIYA,BRAND NEW,2,,5050D
LAND VEHICLE,SWARAJ,855,INDIA,DIESEL,3478.2,MONERAGALA,BRAND NEW,1,,855
MOTOR CYCLE,BAJAJ,DISCOVER 125,SRI LANKA,PETROL,124.5,COLOMBO,BRAND NEW,2,,DISCOVER 125
MOTOR CYCLE,TVS,NTORQ 125,SRI LANKA,PETROL,124.79,COLOMBO,BRAND NEW,1,,NTORQ 125
MOTOR CYCLE,DIMEN,D60,CHINA,ELECTRIC,1.2,COLOMBO,BRAND NEW,3,,D60
MOTOR CYCLE,YADEA,T5,CHINA,ELECTRIC,1.2,KANDY,BRAND NEW,3,,T5
MOTOR CYCLE,NWOW,SE,CHINA,ELECTRIC,0.8,KURUNEGALA,BRAND NEW,1,,SE
LAND VEHICLE,SOLIS,4520,INDIA,DIESEL,2893.0,BATTICALOA,BRAND NEW,1,,4520
PRIMER MOVER,LANKA ASHOK LEYLAND,U4019,INDIA,DIESEL,5759.0,COLOMBO,BRAND NEW,2,,U4019
LAND VEHICLE,MAHINDRA,YUVO TECH PLUS 575DI,INDIA,DIESEL,2979.0,KILINOCHCHI,BRAND NEW,2,,YUVO TECH PLUS 575DI
MOTOR CYCLE,TVS,IQUBE,INDIA,ELECTRIC,3.34,KILINOCHCHI,BRAND NEW,1,,IQUBE
LAND VEHICLE (SMALL),FARMERS,GN-15,CHINA,DIESEL,903.0,COLOMBO,BRAND NEW,7,GN-15,Unknown
LAND VEHICLE,NEW HOLLAND,4710,INDIA,DIESEL,2700.0,AMPARA,BRAND NEW,2,,4710
MOTOR CYCLE,TVS,NTORQ 125,SRI LANKA,PETROL,124.8,HAMBANTOTA,BRAND NEW,1,,NTORQ 125
SINGLE CAB,MAHINDRA,BOLERO CITY PICKUP,INDIA,DIESEL,2523.0,GALLE,BRAND NEW,1,,BOLERO CITY PICKUP
MOTOR CYCLE,QUANLE,XGW,CHINA,ELECTRIC,1.2,GAMPAHA,BRAND NEW,11,,XGW
MOTOR CYCLE,QUANLE,ZL,CHINA,ELECTRIC,2.0,AMPARA,BRAND NEW,2,,ZL
CAR,HONDA,6AA-RV5 VEZEL,JAPAN,PETROL,1490.0,KURUNEGALA,RECONDITIONED,1,6AA-RV5,VEZEL
THREE WHEELER,BAJAJ,RE 4S AUTORICKSHAW,INDIA,PETROL,237.0,KANDY,BRAND NEW,5,,RE 4S AUTORICKSHAW
SINGLE CAB,MAHINDRA,BOLERO CITY PICKUP,INDIA,DIESEL,2523.0,HAMBANTOTA,BRAND NEW,1,,BOLERO CITY PICKUP
DUAL PURPOSE (COMMERCIAL),TOYOTA,HILUX GUN126R-DTTHX,THAILAND,DIESEL,2755.0,COLOMBO,BRAND NEW,1,,HILUX GUN126R-DTTHX
MOTOR CYCLE,YADEA,RUIBIN,CHINA,ELECTRIC,0.8,KANDY,BRAND NEW,1,,RUIBIN
LAND VEHICLE,YANMAR,YM358R,THAILAND,DIESEL,3319.0,POLONNARUWA,BRAND NEW,4,,YM358R
LAND VEHICLE (SMALL),KUBOTA,SP 155,THAILAND,DIESEL,770.0,POLONNARUWA,BRAND NEW,2,,SP 155
LAND VEHICLE,SWARAJ,855,INDIA,DIESEL,3478.2,HAMBANTOTA,BRAND NEW,1,,855
COMMERCIAL,LANKA ASHOK LEYLAND,LUXURA 12M,INDIA,DIESEL,6014.0,ANURADHAPURA,BRAND NEW,1,,LUXURA 12M
MOTOR CYCLE,TVS,XL 100 CC,INDIA,PETROL,99.7,HAMBANTOTA,BRAND NEW,1,,XL 100 CC
MOTOR CYCLE,YADEA,T 9,CHINA,ELECTRIC,2.0,MULLATIVU,BRAND NEW,1,,T 9
LAND VEHICLE (SMALL),FARM MASTER,RV125-2,CHINA,DIESEL,624.0,MULLATIVU,BRAND NEW,1,RV125-2,Unknown
CAR,HONDA,6AA-RV5 VEZEL,JAPAN,PETROL/ELE,1496.0,MATALE,RECONDITIONED,2,6AA-RV5,VEZEL
MOTOR CYCLE,TVS,NTORQ 125,SRI LANKA,PETROL,124.79,MATALE,BRAND NEW-L/ASSEMBLE,18,,NTORQ 125
MOTOR CYCLE,TVS,TVS XL 100,SRI LANKA,PETROL,99.7,ANURADHAPURA,BRAND NEW-L/ASSEMBLE,246,,TVS XL 100
MOTOR CYCLE,TVS,TVS RAIDER 125,SRI LANKA,PETROL,124.79,KALUTARA,BRAND NEW-L/ASSEMBLE,36,,TVS RAIDER 125
MOTOR CYCLE,TVS,NTORQ 125,SRI LANKA,PETROL,124.79,BATTICALOA,BRAND NEW-L/ASSEMBLE,32,,NTORQ 125
MOTOR CYCLE,TVS,TVS RAIDER 125,SRI LANKA,PETROL,124.79,TRINCOMALEE,BRAND NEW-L/ASSEMBLE,31,,TVS RAIDER 125
MOTOR CYCLE,TVS,NTORQ 125,SRI LANKA,PETROL,124.79,BADULLA,BRAND NEW-L/ASSEMBLE,20,,NTORQ 125
MOTOR CYCLE,TVS,TVS RAIDER 125,SRI LANKA,PETROL,124.79,ANURADHAPURA,BRAND NEW-L/ASSEMBLE,92,,TVS RAIDER 125
MOTOR CYCLE,TVS,NTORQ 125,SRI LANKA,PETROL,124.8,ANURADHAPURA,BRAND NEW-L/ASSEMBLE,112,,NTORQ 125
MOTOR CYCLE,BAJAJ,PULSAR N160,SRI LANKA,PETROL,164.82,GALLE,BRAND NEW-L/ASSEMBLE,71,,PULSAR N160
MOTOR CYCLE,BAJAJ,CT 100 ES,SRI LANKA,PETROL,102.0,NUWARA-ELIYA,BRAND NEW-L/ASSEMBLE,45,,CT 100 ES
MOTOR CYCLE,BAJAJ,PULSAR N160,SRI LANKA,PETROL,164.82,COLOMBO,BRAND NEW-L/ASSEMBLE,151,,PULSAR N160
MOTOR CYCLE,TVS,TVS XL 100,SRI LANKA,PETROL,99.7,COLOMBO,BRAND NEW-L/ASSEMBLE,5,,TVS XL 100
MOTOR CYCLE,TVS,TVS XL 100,SRI LANKA,PETROL,99.7,VAVUNIYA,BRAND NEW-L/ASSEMBLE,3,,TVS XL 100
MOTOR CYCLE,BAJAJ,PULSAR N160,SRI LANKA,PETROL,164.82,TRINCOMALEE,BRAND NEW-L/ASSEMBLE,45,,PULSAR N160
SINGLE CAB,LANKA ASHOK LEYLAND,DOST,SRI LANKA,DIESEL,1478.0,KALUTARA,BRAND NEW-L/ASSEMBLE,3,,DOST
SINGLE CAB,TATA,YODHA LIGHT TRUCK,SRI LANKA,DIESEL,2956.0,COLOMBO,BRAND NEW-L/ASSEMBLE,2,,YODHA LIGHT TRUCK
MOTOR CYCLE,SENARO,CLICK 150,SRI LANKA,PETROL,150.0,MATARA,BRAND NEW-L/ASSEMBLE,1,,CLICK 150
MOTOR CYCLE,BAJAJ,DISCOVER 125,SRI LANKA,PETROL,124.5,BADULLA,BRAND NEW-L/ASSEMBLE,22,,DISCOVER 125
MOTOR CYCLE,SENARO,GN125,SRI LANKA,PETROL,125.0,HAMBANTOTA,BRAND NEW-L/ASSEMBLE,1,,GN125
MOTOR CYCLE,RANOMOTO,PATTAYA DOUBLE POWER,SRI LANKA,PETROL,48.0,KALUTARA,BRAND NEW-L/ASSEMBLE,2,,PATTAYA DOUBLE POWER
MOTOR CYCLE,RANOMOTO,MOPED SUPER,SRI LANKA,PETROL,49.0,KALUTARA,BRAND NEW-L/ASSEMBLE,2,,MOPED SUPER
MOTOR CYCLE,BAJAJ,DISCOVER 125,SRI LANKA,PETROL,124.5,VAVUNIYA,BRAND NEW-L/ASSEMBLE,8,,DISCOVER 125
MOTOR LORRY (COMMERCIAL),LANKA ASHOK LEYLAND,TAURUS 2518,SRI LANKA,DIESEL,5759.0,COLOMBO,BRAND NEW-L/ASSEMBLE,2,,TAURUS 2518
MOTOR CYCLE,TVS,TVS RAIDER 125,SRI LANKA,PETROL,124.79,invalid ampara,BRAND NEW-L/ASSEMBLE,1,,TVS RAIDER 125
MOTOR CYCLE,SENARO,GN125,SRI LANKA,PETROL,125.0,VAVUNIYA,BRAND NEW-L/ASSEMBLE,8,,GN125
CAR,HONDA,6AA-RV5 VEZEL,JAPAN,PETROL/ELE,1490.0,MATALE,RECONDITIONED,1,6AA-RV5,VEZEL
MOTOR CYCLE,RANOMOTO,PATTAYA DOUBLE POWER,SRI LANKA,PETROL,48.0,MONERAGALA,BRAND NEW-L/ASSEMBLE,1,,PATTAYA DOUBLE POWER
MOTOR CYCLE,RANOMOTO,C 50 CUSTOM,SRI LANKA,PETROL,49.0,COLOMBO,BRAND NEW-L/ASSEMBLE,1,,C 50 CUSTOM
MOTOR LORRY (COMMERCIAL),LANKA ASHOK LEYLAND,TUSKER SUPER 1618,SRI LANKA,DIESEL,5759.0,HAMBANTOTA,BRAND NEW-L/ASSEMBLE,1,,TUSKER SUPER 1618
MOTOR LORRY (COMMERCIAL),LANKA ASHOK LEYLAND,TUSKER SUPER 1618,SRI LANKA,DIESEL,5759.0,NUWARA-ELIYA,BRAND NEW-L/ASSEMBLE,1,,TUSKER SUPER 1618
MOTOR LORRY (COMMERCIAL),J M C,JX1044TC2R,SRI LANKA,DIESEL,2771.0,GAMPAHA,BRAND NEW-L/ASSEMBLE,1,,JX1044TC2R
MOTOR LORRY (COMMERCIAL),DAIHATSU,V116R-H0C5,JAPAN,DIESEL,3660.0,KANDY,RECONDITIONED,1,V116R-H0C5,Unknown
CAR,HONDA,6AA-RV5 VEZEL,JAPAN,PETROL/ELE,1496.0,MATARA,RECONDITIONED,5,6AA-RV5,VEZEL
CAR,HONDA,6AA-RV5 VEZEL,JAPAN,PETROL/ELE,1490.0,MATARA,RECONDITIONED,2,6AA-RV5,VEZEL
CAR,HONDA,6AA-RV5 VEZEL,JAPAN,PETROL/ELE,1496.0,MULLATIVU,RECONDITIONED,2,6AA-RV5,VEZEL
CAR,HONDA,6AA-RV5 VEZEL,JAPAN,PETROL/ELE,1496.0,NUWARA-ELIYA,RECONDITIONED,2,6AA-RV5,VEZEL
CAR,HONDA,6AA-RV5 VEZEL,JAPAN,PETROL/ELE,1496.0,POLONNARUWA,RECONDITIONED,1,6AA-RV5,VEZEL
CAR,HONDA,6AA-RV5 VEZEL,JAPAN,PETROL/ELE,1496.0,PUTTALAM,RECONDITIONED,8,6AA-RV5,VEZEL
CAR,HONDA,6AA-RV5 VEZEL,JAPAN,PETROL/ELE,1496.0,RATNAPURA,RECONDITIONED,7,6AA-RV5,VEZEL
CAR,HONDA,6AA-RV5 VEZEL,JAPAN,PETROL/ELE,1490.0,RATNAPURA,RECONDITIONED,1,6AA-RV5,VEZEL
DUAL PURPOSE (COMMERCIAL),FORD,RANGER MS-RT,THAILAND,DIESEL,2993.0,GALLE,RECONDITIONED,1,,RANGER MS-RT
CAR,HONDA,6AA-RV5 VEZEL,JAPAN,PETROL/ELE,1496.0,TRINCOMALEE,RECONDITIONED,3,6AA-RV5,VEZEL
CAR,HONDA,6AA-RV5 VEZEL,JAPAN,PETROL/ELE,1490.0,TRINCOMALEE,RECONDITIONED,1,6AA-RV5,VEZEL
SPECIAL PURPOSE VEHICLE,MITSUBISHI,WS 200  WHEEL LOADER,JAPAN,DIESEL,1299.0,MATALE,RECONDITIONED,1,,WS 200  WHEEL LOADER
CAR,HONDA,6AA-RV5 VEZEL E- HEV,JAPAN,PETROL/ELE,1496.0,GALLE,RECONDITIONED,1,6AA-RV5,VEZEL E- HEV
CAR,HONDA,6AA-RV5 VEZEL Z PLAY,JAPAN,PETROL/ELE,1496.0,COLOMBO,RECONDITIONED,1,6AA-RV5,VEZEL Z PLAY
CAR,HONDA,6AA-RV5 Z PLAY,JAPAN,PETROL/ELE,1490.0,PUTTALAM,RECONDITIONED,1,6AA-RV5,Z PLAY
CAR,HONDA,6AA-RV5-VEZEL,JAPAN,PETROL/ELE,1496.0,GAMPAHA,RECONDITIONED,1,6AA-RV5-VEZEL,Unknown
CAR,HONDA,6AA-RV5-VEZEL,JAPAN,PETROL/ELE,1496.0,PUTTALAM,RECONDITIONED,1,6AA-RV5-VEZEL,Unknown
CAR,HONDA,6AA-RV6 VEZEL,JAPAN,PETROL/ELE,1496.0,GAMPAHA,RECONDITIONED,1,6AA-RV6,VEZEL
CAR,HONDA,6AA-VY2 ACCORD,THAILAND,PETROL/ELE,1993.0,COLOMBO,RECONDITIONED,1,6AA-VY2,ACCORD
CAR,TOYOTA,6AA-ZVG13 COROLLA,JAPAN,PETROL/ELE,1797.0,COLOMBO,RECONDITIONED,3,6AA-ZVG13,COROLLA
CAR,TOYOTA,6AA-ZVG13 COROLLA,JAPAN,PETROL/ELE,1797.0,GALLE,RECONDITIONED,2,6AA-ZVG13,COROLLA
CAR,TOYOTA,6AA-ZWR90W,JAPAN,PETROL/ELE,1797.0,RATNAPURA,RECONDITIONED,1,6AA-ZWR90W,VOXY HB
CAR,TOYOTA,6AA-ZWR90W NOAH,JAPAN,PETROL/ELE,1797.0,COLOMBO,RECONDITIONED,1,6AA-ZWR90W,NOAH
CAR,TOYOTA,6AA-ZWR90W VOKY,JAPAN,PETROL/ELE,1797.0,COLOMBO,RECONDITIONED,1,6AA-ZWR90W,VOKY
CAR,TOYOTA,6AA-ZWR90W VOXY,JAPAN,PETROL/ELE,1797.0,COLOMBO,RECONDITIONED,1,6AA-ZWR90W,VOXY
CAR,TOYOTA,6AA-ZWR90W VOXY,JAPAN,PETROL/ELE,1797.0,GAMPAHA,RECONDITIONED,2,6AA-ZWR90W,VOXY
CAR,TOYOTA,6AA-ZWR90W VOXY,JAPAN,PETROL/ELE,1797.0,JAFFNA,RECONDITIONED,1,6AA-ZWR90W,VOXY
DUAL PURPOSE (COMMERCIAL),TOYOTA,HILUX REVO GR SPORT,THAILAND,DIESEL,2755.0,HAMBANTOTA,RECONDITIONED,2,,HILUX REVO GR SPORT
CAR,TOYOTA,6AA-ZWR90W VOXY,JAPAN,PETROL/ELE,1797.0,KURUNEGALA,RECONDITIONED,1,6AA-ZWR90W,VOXY
LAND VEHICLE,KUBOTA,LA508,JAPAN,DIESEL,2197.0,MONERAGALA,RECONDITIONED,1,,LA508
DUAL PURPOSE (COMMERCIAL),TOYOTA,HILUX REVO ROCCO,THAILAND,DIESEL,2755.0,KURUNEGALA,RECONDITIONED,1,,HILUX REVO ROCCO
CAR,TOYOTA,6AA-ZWR90W VOXY,JAPAN,PETROL/ELE,1797.0,MATARA,RECONDITIONED,1,6AA-ZWR90W,VOXY
CAR,TOYOTA,6AA-ZWR90W VOXY HB,JAPAN,PETROL/ELE,1797.0,NUWARA-ELIYA,RECONDITIONED,1,6AA-ZWR90W,VOXY HB
CAR,HONDA,6BA- JF3,JAPAN,PETROL,660.0,KALUTARA,RECONDITIONED,1,,6BA- JF3
CAR,HONDA,6BA-FL1 CIVIC,JAPAN,PETROL,1496.0,GALLE,RECONDITIONED,1,6BA-FL1,CIVIC
CAR,HONDA,6BA-JF5 N BOX,JAPAN,PETROL,658.0,GAMPAHA,RECONDITIONED,1,6BA-JF5,N BOX
CAR,HONDA,6BA-JH3 N-WGN,JAPAN,PETROL,650.0,COLOMBO,RECONDITIONED,1,6BA-JH3,N-WGN
MOTOR CYCLE,HONDA,PCX 160,JAPAN,PETROL,157.0,KEGALLE,RECONDITIONED,1,,PCX 160
CAR,TOYOTA,6BA-MXAA54,JAPAN,PETROL,1980.0,COLOMBO,RECONDITIONED,1,6BA-MXAA54,Unknown
CAR,TOYOTA,6BA-MXUA80,JAPAN,PETROL,1986.0,COLOMBO,RECONDITIONED,1,6BA-MXUA80,Unknown
CAR,TOYOTA,6BA-MXUA80 HARRIER,JAPAN,PETROL,1986.0,COLOMBO,RECONDITIONED,1,6BA-MXUA80,HARRIER
CAR,TOYOTA,6BA-MXUA80 HARRIER,JAPAN,PETROL,1986.0,GAMPAHA,RECONDITIONED,1,6BA-MXUA80,HARRIER
CAR,TOYOTA,6LA-AXUP85 HARRIER,JAPAN,PETROL/ELE,2487.0,COLOMBO,RECONDITIONED,1,6LA-AXUP85,HARRIER
CAR,NISSAN,ALMERA,THAILAND,PETROL,999.0,COLOMBO,RECONDITIONED,5,,ALMERA
CAR,NISSAN,ALMERA,THAILAND,PETROL,999.0,GALLE,RECONDITIONED,1,,ALMERA
CAR,NISSAN,ALMERA,THAILAND,PETROL,999.0,GAMPAHA,RECONDITIONED,1,,ALMERA
CAR,NISSAN,ALMERA,THAILAND,PETROL,999.0,HAMBANTOTA,RECONDITIONED,1,,ALMERA
CAR,NISSAN,ALMERA,THAILAND,PETROL,999.0,KANDY,RECONDITIONED,2,,ALMERA
CAR,NISSAN,ALMERA,THAILAND,PETROL,999.0,MATARA,RECONDITIONED,1,,ALMERA
MOTOR TRICYCLE VAN,PIAGGIO,APE EXTRA LD,INDIA,DIESEL,435.0,TRINCOMALEE,BOUGHT FROM AUCTION,1,,APE EXTRA LD
DUAL PURPOSE (COMMERCIAL),TOYOTA,REVO ROCCO,THAILAND,DIESEL,2755.0,COLOMBO,RECONDITIONED,1,,REVO ROCCO
MOTOR TRICYCLE VAN,PIAGGIO,APE XTRA  LD,INDIA,DIESEL,435.0,BADULLA,BOUGHT FROM AUCTION,1,,APE XTRA  LD
DUAL PURPOSE (COMMERCIAL),TOYOTA,HILUX GR SPORT,THAILAND,DIESEL,2755.0,MATARA,RECONDITIONED,1,,HILUX GR SPORT
MOTOR TRICYCLE VAN,PIAGGIO,APE XTRA LD,INDIA,DIESEL,435.0,BADULLA,BOUGHT FROM AUCTION,1,,APE XTRA LD
MOTOR TRICYCLE VAN,PIAGGIO,APE XTRA LD,INDIA,DIESEL,435.0,MATARA,BOUGHT FROM AUCTION,2,,APE XTRA LD
MOTOR TRICYCLE VAN,PIAGGIO,APE XTRA LD,INDIA,DIESEL,435.0,MONERAGALA,BOUGHT FROM AUCTION,1,,APE XTRA LD
MOTOR CYCLE,HONDA,ADV 160,JAPAN,PETROL,157.0,KALUTARA,RECONDITIONED,1,,ADV 160
CAR,PERODUA,ARUZ,MALAYSIA,PETROL,1496.0,COLOMBO,BRAND NEW,4,,ARUZ
CAR,PERODUA,ARUZ,MALAYSIA,PETROL,1496.0,GAMPAHA,BRAND NEW,3,,ARUZ
DUAL PURPOSE (COMMERCIAL),TOYOTA,3DF-GUN125 HILUX,THAILAND,DIESEL,2396.0,KURUNEGALA,RECONDITIONED,1,3DF-GUN125,HILUX
DUAL PURPOSE (COMMERCIAL),TOYOTA,GUN126R- HILUX REVO,THAILAND,DIESEL,2755.0,COLOMBO,RECONDITIONED,1,,GUN126R- HILUX REVO
TRACTOR TRAILER/BOWSER,LOCALLY BUILT,TRACTOR TRAILER,SRI LANKA,NOT STATED,0.0,ANURADHAPURA,LOCALLY BUILT,17,,TRACTOR TRAILER
CAR,PERODUA,ARUZ,MALAYSIA,PETROL,1496.0,KANDY,BRAND NEW,1,,ARUZ
TRACTOR TRAILER/BOWSER,WIMAL AGRO,TRACTOR TRAILER,SRI LANKA,NOT STATED,0.0,GAMPAHA,LOCALLY BUILT,1,,TRACTOR TRAILER
TRACTOR TRAILER/BOWSER,LOCALLY BUILT,LOW BED TRAILER,SRI LANKA,NOT STATED,0.0,MONERAGALA,LOCALLY BUILT,1,,LOW BED TRAILER
TRACTOR TRAILER/BOWSER,SACHINTHA,TRAILER BOWSER,SRI LANKA,NOT STATED,0.0,GAMPAHA,LOCALLY BUILT,2,,TRAILER BOWSER
TRACTOR TRAILER/BOWSER,LOCALLY BUILT,TRACTOR  TRAILER,SRI LANKA,NOT STATED,0.0,KALUTARA,LOCALLY BUILT,1,,TRACTOR  TRAILER
TRACTOR TRAILER/BOWSER,LOCALLY BUILT,LAW BED TRAILER,SRI LANKA,NOT STATED,0.0,KANDY,LOCALLY BUILT,1,,LAW BED TRAILER
TRACTOR TRAILER/BOWSER,LOCALLY BUILT,TRACTOR TRAILER,SRI LANKA,NOT STATED,0.0,AMPARA,LOCALLY BUILT,5,,TRACTOR TRAILER
MOTOR CYCLE,QUANLE,G18,CHINA,ELECTRIC,2.0,AMPARA,BRAND NEW,2,,G18
THREE WHEELER,BAJAJ,RE 4S AUTORICKSHOW,INDIA,PETROL,237.0,JAFFNA,BRAND NEW,46,,RE 4S AUTORICKSHOW
THREE WHEELER,BAJAJ,RE 4S AUTORICKSHOW,INDIA,PETROL,237.0,BATTICALOA,BRAND NEW,28,,RE 4S AUTORICKSHOW
MOTOR CYCLE,ATHER,450X,INDIA,ELECTRIC,3.0,ANURADHAPURA,BRAND NEW,1,,450X
MOTOR CYCLE,SUPER SOCO,TS STREET HUNTER,CHINA,ELECTRIC,2.5,COLOMBO,BRAND NEW,1,,TS STREET HUNTER
LAND VEHICLE,SOLIS,5020,INDIA,DIESEL,3067.0,KURUNEGALA,BRAND NEW,2,,5020
CAR,BYD,ATTO 3 ELECTRIC,THAILAND,ELECTRIC,150.0,VAVUNIYA,RECONDITIONED,1,,ATTO 3 ELECTRIC
CAR,BYD,ATTO-3-SUPERIOR,CHINA,ELECTRIC,100.0,BADULLA,BRAND NEW,1,ATTO-3-SUPERIOR,Unknown
MOTOR CYCLE,YADEA,E8S PRO,CHINA,ELECTRIC,2.0,KANDY,BRAND NEW,4,,E8S PRO
MOTOR CYCLE,YADEA,RUIBIN,CHINA,ELECTRIC,0.8,MONERAGALA,BRAND NEW,11,,RUIBIN
MOTOR CYCLE,YADEA,T5,CHINA,ELECTRIC,1.2,GAMPAHA,BRAND NEW,56,,T5
MOTOR CYCLE,LUYUAN,MYT,CHINA,ELECTRIC,0.8,POLONNARUWA,BRAND NEW,17,,MYT
MOTOR CYCLE,YADEA,E8S PRO,CHINA,ELECTRIC,2.0,ANURADHAPURA,BRAND NEW,4,,E8S PRO
MOTOR CYCLE,YADEA,RUIBIN,CHINA,ELECTRIC,0.8,COLOMBO,BRAND NEW,15,,RUIBIN
THREE WHEELER,BAJAJ,RE 4S AUTORICKSHOW,INDIA,PETROL,237.0,MATARA,BRAND NEW,27,,RE 4S AUTORICKSHOW
MOTOR CYCLE,SUPER SOCO,CUX PRO,CHINA,ELECTRIC,2.1,GAMPAHA,BRAND NEW,1,,CUX PRO
CAR,BYD,ATTO-3-SUPERIOR,CHINA,ELECTRIC,100.0,COLOMBO,BRAND NEW,88,ATTO-3-SUPERIOR,Unknown
CAR,BYD,ATTO-3-SUPERIOR,CHINA,ELECTRIC,100.0,GALLE,BRAND NEW,1,ATTO-3-SUPERIOR,Unknown
MOTOR CYCLE,OYFLY,TDM-LTW,CHINA,ELECTRIC,2.0,HAMBANTOTA,BRAND NEW,3,TDM-LTW,Unknown
MOTOR CYCLE,LIMA,ELO-07,CHINA,ELECTRIC,1.5,ANURADHAPURA,BRAND NEW,12,ELO-07,Unknown
MOTOR CYCLE,QUANLE,ZS,CHINA,ELECTRIC,1.2,GALLE,BRAND NEW,2,,ZS
MOTOR CYCLE,NWOW,SE,CHINA,ELECTRIC,0.8,MATARA,BRAND NEW,1,,SE
COMMERCIAL,MERCEDES BENZ,1623L,INDIA,DIESEL,6393.0,COLOMBO,BRAND NEW,1,,1623L
MOTOR CYCLE,HUAIHAI,ZL9,CHINA,ELECTRIC,1.2,ANURADHAPURA,BRAND NEW,1,,ZL9
MOTOR CYCLE,SOLID,G6,CHINA,ELECTRIC,1.5,GALLE,BRAND NEW,1,,G6
MOTOR CYCLE,SOLID,G6,CHINA,ELECTRIC,1.5,KURUNEGALA,BRAND NEW,3,,G6
LAND VEHICLE,SOLIS,4520,INDIA,DIESEL,2893.0,ANURADHAPURA,BRAND NEW,3,,4520
CAR,BYD,ATTO-3-SUPERIOR,CHINA,ELECTRIC,100.0,GAMPAHA,BRAND NEW,24,ATTO-3-SUPERIOR,Unknown
LAND VEHICLE,KARTAR,GLOBETRAC 4736 4WD,INDIA,DIESEL,3117.0,POLONNARUWA,BRAND NEW,1,,GLOBETRAC 4736 4WD
LAND VEHICLE,KARTAR,GLOBETRAC 4736 4WD,INDIA,DIESEL,3117.0,MONERAGALA,BRAND NEW,3,,GLOBETRAC 4736 4WD
CAR,BYD,ATTO-3-SUPERIOR,CHINA,ELECTRIC,100.0,KALUTARA,BRAND NEW,2,ATTO-3-SUPERIOR,Unknown
MOTOR CYCLE,NWOW,ARS,CHINA,ELECTRIC,0.45,COLOMBO,BRAND NEW,2,,ARS
LAND VEHICLE,JOHN DEERE,5047D,INDIA,DIESEL,2940.0,KANDY,BRAND NEW,1,,5047D
LAND VEHICLE,TAFE,45DI,INDIA,DIESEL,2700.0,MONERAGALA,BRAND NEW,4,,45DI
LAND VEHICLE (SMALL),FARM MASTER,FM300,VIETNAM,DIESEL,666.0,ANURADHAPURA,BRAND NEW,1,,FM300
LAND VEHICLE (SMALL),SIFANG,GN12DI,CHINA,DIESEL,815.0,MONERAGALA,BRAND NEW,1,,GN12DI
MOTOR CYCLE,OYFLY,TDM-LTW,CHINA,ELECTRIC,2.0,GAMPAHA,BRAND NEW,3,TDM-LTW,Unknown
MOTOR CYCLE,DAYUN,DY 125,CHINA,PETROL,125.0,PUTTALAM,BRAND NEW,1,,DY 125
MOTOR CYCLE,LUYUAN,MYT,CHINA,ELECTRIC,0.8,JAFFNA,BRAND NEW,1,,MYT
MOTOR CYCLE,LUYUAN ALFA,M-MKK-Z30LJ-12-C,CHINA,ELECTRIC,1.8,KURUNEGALA,BRAND NEW,1,,M-MKK-Z30LJ-12-C
LAND VEHICLE,E KUBOTA,EK3-471 4WD,INDIA,DIESEL,2761.0,POLONNARUWA,BRAND NEW,2,EK3-471,4WD
LAND VEHICLE,NEW HOLLAND,4710,INDIA,DIESEL,2700.0,VAVUNIYA,BRAND NEW,1,,4710
MOTOR CYCLE,GALLANT,ZX-TDR718,CHINA,ELECTRIC,1.0,GALLE,BRAND NEW,1,ZX-TDR718,Unknown
MOTOR CYCLE,LUYUAN,MYT,CHINA,ELECTRIC,0.8,AMPARA,BRAND NEW,1,,MYT
MOTOR CYCLE,YADEA,RUIBIN,CHINA,ELECTRIC,0.8,MATARA,BRAND NEW,3,,RUIBIN
SPECIAL PURPOSE VEHICLE,XCMG,XC938 WHEEL LOADER,CHINA,DIESEL,6750.0,COLOMBO,BRAND NEW,1,,XC938 WHEEL LOADER
MOTOR CYCLE,SOLID,G6,CHINA,ELECTRIC,1.5,HAMBANTOTA,BRAND NEW,2,,G6
LAND VEHICLE (SMALL),SIFANG,GN12DI,CHINA,DIESEL,815.0,ANURADHAPURA,BRAND NEW,5,,GN12DI
MOTOR CYCLE,TVS,NTORQ 125,SRI LANKA,PETROL,124.8,TRINCOMALEE,BRAND NEW,1,,NTORQ 125
MOTOR CYCLE,DASTOL,DW-28,CHINA,ELECTRIC,2.0,HAMBANTOTA,BRAND NEW,1,DW-28,Unknown
MOTOR CYCLE,ROYAL ENFIELD,CLASSIC 350,INDIA,PETROL,349.0,VAVUNIYA,BRAND NEW,1,,CLASSIC 350
LAND VEHICLE (SMALL),LAND FORCE,RK 125,THAILAND,DIESEL,624.0,KURUNEGALA,BRAND NEW,1,,RK 125
MOTOR CYCLE,YADEA,T 9,CHINA,ELECTRIC,2.0,KANDY,BRAND NEW,3,,T 9
MOTOR CYCLE,QUANLE,Q1,CHINA,ELECTRIC,1.2,GAMPAHA,BRAND NEW,2,,Q1
LAND VEHICLE,E KUBOTA,EK3-471 4WD,INDIA,DIESEL,2761.0,KURUNEGALA,BRAND NEW,1,EK3-471,4WD
LAND VEHICLE,E KUBOTA,EK3-471 4WD,INDIA,DIESEL,2761.0,HAMBANTOTA,BRAND NEW,1,EK3-471,4WD
LAND VEHICLE,TAFE,45DI,INDIA,DIESEL,2700.0,HAMBANTOTA,BRAND NEW,1,,45DI
SPECIAL PURPOSE VEHICLE,TOYOTA,FDZN30,CHINA,DIESEL,2486.0,KANDY,BRAND NEW,1,,FDZN30
THREE WHEELER,BAJAJ,RE 4S AUTORICKSHAW,INDIA,PETROL,237.0,RATNAPURA,BRAND NEW,5,,RE 4S AUTORICKSHAW
CAR,BYD,ATTO-3-SUPERIOR,CHINA,ELECTRIC,100.0,KANDY,BRAND NEW,2,ATTO-3-SUPERIOR,Unknown
SINGLE CAB,MAHINDRA,BOLERO CITY PICKUP,INDIA,DIESEL,2523.0,GAMPAHA,BRAND NEW,6,,BOLERO CITY PICKUP
MOTOR CYCLE,DAYWANG(DW)SL,DU,CHINA,ELECTRIC,3.0,AMPARA,BRAND NEW,1,,DU
MOTOR CYCLE,BAJAJ,CT 100 ES,SRI LANKA,PETROL,102.0,PUTTALAM,BRAND NEW,1,,CT 100 ES
THREE WHEELER,BAJAJ,RE 4S AUTORICKSHAW,INDIA,PETROL,237.0,MONERAGALA,BRAND NEW,4,,RE 4S AUTORICKSHAW
LAND VEHICLE,JOHN DEERE,5045D,INDIA,DIESEL,2940.0,VAVUNIYA,BRAND NEW,1,,5045D
THREE WHEELER,BAJAJ,RE 4S AUTORICKSHAW,INDIA,PETROL,237.0,MATALE,BRAND NEW,4,,RE 4S AUTORICKSHAW
LAND VEHICLE,TAFE,7250.DI,INDIA,DIESEL,2500.0,KURUNEGALA,BRAND NEW,1,,7250.DI
LAND VEHICLE,MAHINDRA,YUVO TECH PLUS 585DI,INDIA,DIESEL,2979.0,BADULLA,BRAND NEW,1,,YUVO TECH PLUS 585DI
LAND VEHICLE,KARTAR,GLOBETRAC 4736 2WD,INDIA,DIESEL,3117.0,MULLATIVU,BRAND NEW,1,,GLOBETRAC 4736 2WD
LAND VEHICLE,SONALIKA,DI50RX - 4WD,INDIA,DIESEL,3067.0,ANURADHAPURA,BRAND NEW,1,,DI50RX - 4WD
LAND VEHICLE,YANMAR,YM358R,THAILAND,DIESEL,3319.0,HAMBANTOTA,BRAND NEW,1,,YM358R
CAR,BYD,ATTO-3-SUPERIOR,CHINA,ELECTRIC,100.0,KEGALLE,BRAND NEW,2,ATTO-3-SUPERIOR,Unknown
MOTOR CYCLE,TVS,NTORQ 125,SRI LANKA,PETROL,124.79,RATNAPURA,BRAND NEW-L/ASSEMBLE,58,,NTORQ 125
MOTOR CYCLE,TVS,NTORQ 125,SRI LANKA,PETROL,124.79,GALLE,BRAND NEW-L/ASSEMBLE,113,,NTORQ 125
MOTOR CYCLE,TVS,TVS RAIDER 125,SRI LANKA,PETROL,124.79,PUTTALAM,BRAND NEW-L/ASSEMBLE,40,,TVS RAIDER 125
MOTOR CYCLE,TVS,NTORQ 125,SRI LANKA,PETROL,124.79,KURUNEGALA,BRAND NEW-L/ASSEMBLE,82,,NTORQ 125
MOTOR CYCLE,TVS,NTORQ 125,SRI LANKA,PETROL,124.79,MONERAGALA,BRAND NEW-L/ASSEMBLE,15,,NTORQ 125
MOTOR CYCLE,TVS,NTORQ 125,SRI LANKA,PETROL,124.79,MANNAR,BRAND NEW-L/ASSEMBLE,12,,NTORQ 125
MOTOR CYCLE,RANOMOTO,MOPED SUPER,SRI LANKA,PETROL,49.0,VAVUNIYA,BRAND NEW-L/ASSEMBLE,1,,MOPED SUPER
MOTOR CYCLE,SENARO,GN125,SRI LANKA,PETROL,125.0,COLOMBO,BRAND NEW-L/ASSEMBLE,31,,GN125
MOTOR CYCLE,SENARO,GN125,SRI LANKA,PETROL,125.0,RATNAPURA,BRAND NEW-L/ASSEMBLE,36,,GN125
MOTOR CYCLE,SENARO,GN125,SRI LANKA,PETROL,125.0,BATTICALOA,BRAND NEW-L/ASSEMBLE,26,,GN125
MOTOR CYCLE,RANOMOTO,PATTAYA DOUBLE POWER,SRI LANKA,PETROL,48.0,RATNAPURA,BRAND NEW-L/ASSEMBLE,3,,PATTAYA DOUBLE POWER
MOTOR CYCLE,TVS,NTORQ 125,SRI LANKA,PETROL,124.8,COLOMBO,BRAND NEW-L/ASSEMBLE,212,,NTORQ 125
MOTOR CYCLE,TVS,NTORQ 125,SRI LANKA,PETROL,124.8,KALUTARA,BRAND NEW-L/ASSEMBLE,99,,NTORQ 125
MOTOR CYCLE,BAJAJ,CT 100 ES,SRI LANKA,PETROL,102.0,JAFFNA,BRAND NEW-L/ASSEMBLE,64,,CT 100 ES
MOTOR CYCLE,BAJAJ,CT 100 ES,SRI LANKA,PETROL,102.0,MULLATIVU,BRAND NEW-L/ASSEMBLE,46,,CT 100 ES
MOTOR CYCLE,BAJAJ,PULSAR N160,SRI LANKA,PETROL,164.82,NUWARA-ELIYA,BRAND NEW-L/ASSEMBLE,20,,PULSAR N160
MOTOR CYCLE,BAJAJ,CT 100 ES,SRI LANKA,PETROL,102.0,POLONNARUWA,BRAND NEW-L/ASSEMBLE,159,,CT 100 ES
MOTOR CYCLE,TVS,TVS RAIDER 125,SRI LANKA,PETROL,124.79,MATALE,BRAND NEW-L/ASSEMBLE,15,,TVS RAIDER 125
MOTOR LORRY (COMMERCIAL),LANKA ASHOK LEYLAND,E COMET 1012,SRI LANKA,DIESEL,3839.0,PUTTALAM,BRAND NEW-L/ASSEMBLE,1,,E COMET 1012
MOTOR CYCLE,SENARO,GN125,SRI LANKA,PETROL,125.0,KANDY,BRAND NEW-L/ASSEMBLE,17,,GN125
MOTOR CYCLE,TVS,TVS XL 100,SRI LANKA,PETROL,99.7,KURUNEGALA,BRAND NEW-L/ASSEMBLE,60,,TVS XL 100
MOTOR CYCLE,TVS,NTORQ 125,SRI LANKA,PETROL,124.8,VAVUNIYA,BRAND NEW-L/ASSEMBLE,11,,NTORQ 125
SINGLE CAB,LANKA ASHOK LEYLAND,DOST,SRI LANKA,DIESEL,1478.0,COLOMBO,BRAND NEW-L/ASSEMBLE,6,,DOST
CAR,BYD,ATTO-3-SUPERIOR,CHINA,ELECTRIC,100.0,MONERAGALA,BRAND NEW,1,ATTO-3-SUPERIOR,Unknown
MOTOR CYCLE,BAJAJ,DISCOVER 125,SRI LANKA,PETROL,124.5,MULLATIVU,BRAND NEW-L/ASSEMBLE,10,,DISCOVER 125
MOTOR LORRY (COMMERCIAL),LANKA ASHOK LEYLAND,TUSKER SUPER 1618,SRI LANKA,DIESEL,5759.0,MULLATIVU,BRAND NEW-L/ASSEMBLE,1,,TUSKER SUPER 1618
CAR,BYD,ATTO-3-SUPERIOR,CHINA,ELECTRIC,100.0,NUWARA-ELIYA,BRAND NEW,1,ATTO-3-SUPERIOR,Unknown
CAR,BYD,ATTO-3-SUPERIOR,CHINA,ELECTRIC,100.0,PUTTALAM,BRAND NEW,2,ATTO-3-SUPERIOR,Unknown
MOTOR CYCLE,BAJAJ,DISCOVER 125,SRI LANKA,PETROL,124.5,PUTTALAM,BRAND NEW-L/ASSEMBLE,33,,DISCOVER 125
CAR,BYD,ATTO-3-SUPERIOR,CHINA,ELECTRIC,100.0,RATNAPURA,BRAND NEW,3,ATTO-3-SUPERIOR,Unknown
SINGLE CAB,LANKA ASHOK LEYLAND,BADA DOST,SRI LANKA,DIESEL,1478.0,JAFFNA,BRAND NEW-L/ASSEMBLE,1,,BADA DOST
MOTOR CYCLE,RANOMOTO,WAVE SCOOTER,SRI LANKA,PETROL,100.0,PUTTALAM,BRAND NEW-L/ASSEMBLE,1,,WAVE SCOOTER
CAR,BYD,ATTO3-ADVANCED,CHINA,ELECTRIC,100.0,COLOMBO,BRAND NEW,53,ATTO3-ADVANCED,Unknown
MOTOR LORRY (COMMERCIAL),LANKA ASHOK LEYLAND,TAURUS 2518,SRI LANKA,DIESEL,5759.0,KURUNEGALA,BRAND NEW-L/ASSEMBLE,1,,TAURUS 2518
SINGLE CAB,MAHINDRA,BOLERO CITY PICKUP,SRI LANKA,DIESEL,2523.0,ANURADHAPURA,BRAND NEW-L/ASSEMBLE,1,,BOLERO CITY PICKUP
MOTOR CYCLE,LENCAR,ERC80,SRI LANKA,ELECTRIC,1.2,PUTTALAM,BRAND NEW-L/ASSEMBLE,1,,ERC80
MOTOR LORRY (COMMERCIAL),LANKA ASHOK LEYLAND,E COMET 1012,SRI LANKA,DIESEL,3839.0,COLOMBO,BRAND NEW-L/ASSEMBLE,1,,E COMET 1012
MOTOR LORRY (COMMERCIAL),ISUZU,JAANPR71L,JAPAN,DIESEL,4570.0,KANDY,RECONDITIONED,1,,JAANPR71L
CAR,BYD,ATTO3-ADVANCED,CHINA,ELECTRIC,100.0,GAMPAHA,BRAND NEW,16,ATTO3-ADVANCED,Unknown
CAR,BYD,ATTO3-ADVANCED,CHINA,ELECTRIC,100.0,KALUTARA,BRAND NEW,2,ATTO3-ADVANCED,Unknown
CAR,BYD,ATTO3-ADVANCED,CHINA,ELECTRIC,100.0,KANDY,BRAND NEW,1,ATTO3-ADVANCED,Unknown
SINGLE CAB,DAIHATSU,3BD S500P HIJET,JAPAN,PETROL,650.0,KANDY,RECONDITIONED,1,,3BD S500P HIJET
CAR,BYD,ATTO3-ADVANCED,CHINA,ELECTRIC,100.0,KURUNEGALA,BRAND NEW,1,ATTO3-ADVANCED,Unknown
CAR,BYD,ATTO3-ADVANCED,CHINA,ELECTRIC,100.0,MATARA,BRAND NEW,1,ATTO3-ADVANCED,Unknown
CAR,BYD,ATTO3-ADVANCED,CHINA,ELECTRIC,100.0,RATNAPURA,BRAND NEW,1,ATTO3-ADVANCED,Unknown
CAR,PERODUA,AXIA CG1GZ,MALAYSIA,PETROL,998.0,COLOMBO,BRAND NEW,5,,AXIA CG1GZ
CAR,PERODUA,AXIA CG1GZ,MALAYSIA,PETROL,998.0,GAMPAHA,BRAND NEW,21,,AXIA CG1GZ
SPECIAL PURPOSE VEHICLE,J.C.B,3 CX,UNITED KINGDOM,DIESEL,3990.0,MATALE,RECONDITIONED,1,,3 CX
CAR,PERODUA,AXIA CG1GZ,MALAYSIA,PETROL,998.0,KURUNEGALA,BRAND NEW,1,,AXIA CG1GZ
MOTOR CYCLE,HONDA,PCX,VIETNAM,PETROL,124.0,KALUTARA,RECONDITIONED,1,,PCX
CAR,PERODUA,AXIA-CG1SZ,MALAYSIA,PETROL,998.0,AMPARA,BRAND NEW,1,AXIA-CG1SZ,Unknown
CAR,PERODUA,AXIA-CG1SZ,MALAYSIA,PETROL,998.0,BADULLA,BRAND NEW,1,AXIA-CG1SZ,Unknown
CAR,PERODUA,AXIA-CG1SZ,MALAYSIA,PETROL,998.0,COLOMBO,BRAND NEW,11,AXIA-CG1SZ,Unknown
CAR,PERODUA,AXIA-CG1SZ,MALAYSIA,PETROL,998.0,GALLE,BRAND NEW,2,AXIA-CG1SZ,Unknown
MOTOR CYCLE,HONDA,CBR250RR,JAPAN,PETROL,249.0,COLOMBO,RECONDITIONED,1,,CBR250RR
CAR,PERODUA,AXIA-CG1SZ,MALAYSIA,PETROL,998.0,GAMPAHA,BRAND NEW,5,AXIA-CG1SZ,Unknown
CAR,PERODUA,AXIA-CG1SZ,MALAYSIA,PETROL,998.0,KALUTARA,BRAND NEW,2,AXIA-CG1SZ,Unknown
DUAL PURPOSE (COMMERCIAL),TOYOTA,HILUX REVO GR SPORT,THAILAND,DIESEL,2755.0,VAVUNIYA,RECONDITIONED,1,,HILUX REVO GR SPORT
DUAL PURPOSE (COMMERCIAL),FORD,RANGER RAPTOR,THAILAND,DIESEL,1996.0,TRINCOMALEE,RECONDITIONED,1,,RANGER RAPTOR
CAR,PERODUA,AXIA-CG1SZ,MALAYSIA,PETROL,998.0,KURUNEGALA,BRAND NEW,2,AXIA-CG1SZ,Unknown
SPECIAL PURPOSE VEHICLE,TCM,TCMFHD115Z,JAPAN,DIESEL,6490.0,GAMPAHA,RECONDITIONED,1,,TCMFHD115Z
CAR,PERODUA,BEZZA,MALAYSIA,PETROL,998.0,ANURADHAPURA,BRAND NEW,1,,BEZZA
CAR,PERODUA,BEZZA,MALAYSIA,PETROL,999.0,COLOMBO,BRAND NEW,7,,BEZZA
LAND VEHICLE (SMALL),LAND FORCE,RK125,THAILAND,DIESEL,624.0,TRINCOMALEE,RECONDITIONED,1,,RK125
SINGLE CAB,SUZUKI,3BD-DA16T CARRY,JAPAN,PETROL,650.0,KURUNEGALA,RECONDITIONED,1,3BD-DA16T,CARRY
CAR,PERODUA,BEZZA,MALAYSIA,PETROL,998.0,COLOMBO,BRAND NEW,36,,BEZZA
CAR,PERODUA,BEZZA,MALAYSIA,PETROL,998.0,GAMPAHA,BRAND NEW,17,,BEZZA
CAR,PERODUA,BEZZA,MALAYSIA,PETROL,988.0,GAMPAHA,BRAND NEW,1,,BEZZA
CAR,PERODUA,BEZZA,MALAYSIA,PETROL,999.0,GAMPAHA,BRAND NEW,9,,BEZZA
CAR,PERODUA,BEZZA,MALAYSIA,PETROL,998.0,HAMBANTOTA,BRAND NEW,1,,BEZZA
CAR,PERODUA,BEZZA,MALAYSIA,PETROL,998.0,KALUTARA,BRAND NEW,1,,BEZZA
CAR,PERODUA,BEZZA,MALAYSIA,PETROL,998.0,KANDY,BRAND NEW,2,,BEZZA
CAR,PERODUA,BEZZA,MALAYSIA,PETROL,998.0,KURUNEGALA,BRAND NEW,3,,BEZZA
CAR,PERODUA,BEZZA,MALAYSIA,PETROL,998.0,KURUNEGALA,RECONDITIONED,1,,BEZZA
MOTOR LORRY (COMMERCIAL),MITSUBISHI,TKG-FEA80 CANTER,JAPAN,DIESEL,2990.0,ANURADHAPURA,RECONDITIONED,1,TKG-FEA80,CANTER
CAR,PERODUA,BEZZA,MALAYSIA,PETROL,998.0,RATNAPURA,BRAND NEW,1,,BEZZA
CAR,PERODUA,BEZZA,MALAYSIA,PETROL,998.0,VAVUNIYA,BRAND NEW,1,,BEZZA
CAR,ISUZU,BIGHORNUBS73GW,JAPAN,DIESEL,2999.0,GAMPAHA,BOUGHT FROM AUCTION,1,,BIGHORNUBS73GW
CAR,BYD,BYD ATTO 3,THAILAND,ELECTRIC,150.0,GAMPAHA,RECONDITIONED,1,,BYD ATTO 3
CAR,HONDA,CITY,THAILAND,PETROL,988.0,COLOMBO,RECONDITIONED,3,,CITY
CAR,HONDA,CITY,THAILAND,PETROL,988.0,GALLE,RECONDITIONED,2,,CITY
LAND VEHICLE (SMALL),KUBOTA,K8,JAPAN,DIESEL,508.0,KALUTARA,RECONDITIONED,1,,K8
CAR,HONDA,CITY  RS,THAILAND,PETROL,988.0,COLOMBO,RECONDITIONED,1,,CITY  RS
CAR,HONDA,CITY RS,THAILAND,PETROL,988.0,COLOMBO,RECONDITIONED,15,,CITY RS
LAND VEHICLE,MASSEY FERGUSON,MF135,UNITED KINGDOM,DIESEL,2500.0,KILINOCHCHI,RECONDITIONED,1,,MF135
DUAL PURPOSE (COMMERCIAL),FORD,RANGER RAPTOR,THAILAND,PETROL,2956.0,KURUNEGALA,RECONDITIONED,1,,RANGER RAPTOR
CAR,HONDA,CITY RS,THAILAND,PETROL,988.0,GALLE,RECONDITIONED,2,,CITY RS
CAR,HONDA,CITY RS,THAILAND,PETROL,988.0,GAMPAHA,RECONDITIONED,4,,CITY RS
CAR,HONDA,CITY RS,THAILAND,PETROL,988.0,KALUTARA,RECONDITIONED,2,,CITY RS
CAR,HONDA,CITY RS,THAILAND,PETROL,988.0,KANDY,RECONDITIONED,1,,CITY RS
CAR,HONDA,CITY RS,THAILAND,PETROL,988.0,KURUNEGALA,RECONDITIONED,3,,CITY RS
CAR,HONDA,CITY RS,THAILAND,PETROL,988.0,PUTTALAM,RECONDITIONED,4,,CITY RS
LAND VEHICLE,KUBOTA,L4508 DI,THAILAND,DIESEL,2500.0,KURUNEGALA,RECONDITIONED,1,,L4508 DI
CAR,HONDA,CITY RS,THAILAND,PETROL,988.0,RATNAPURA,RECONDITIONED,1,,CITY RS
CAR,HONDA,CITY TURBO RS,THAILAND,PETROL,988.0,PUTTALAM,RECONDITIONED,1,,CITY TURBO RS
LORRY TRAILER/BOWSER,DYNAMIC,FLAT BED TRAILER,SRI LANKA,NOT STATED,0.0,KANDY,LOCALLY BUILT,1,,FLAT BED TRAILER
TRACTOR TRAILER/BOWSER,LOCALLY BUILT,LAW BED TRAILER,SRI LANKA,NOT STATED,0.0,ANURADHAPURA,LOCALLY BUILT,2,,LAW BED TRAILER
THREE WHEELER,BAJAJ,RE 4S AUTORICKSHOW,INDIA,PETROL,237.0,TRINCOMALEE,BOUGHT FROM AUCTION,1,,RE 4S AUTORICKSHOW
CAR,HONDA,CITY-RS,THAILAND,PETROL,988.0,COLOMBO,RECONDITIONED,1,CITY-RS,Unknown
TRACTOR TRAILER/BOWSER,LOCALLY BUILT,TRAILER BOWSER,SRI LANKA,NOT STATED,0.0,COLOMBO,LOCALLY BUILT,1,,TRAILER BOWSER
MOTOR CYCLE,QUANLE,ZS,CHINA,ELECTRIC,1.2,GAMPAHA,BRAND NEW,7,,ZS
PRIMER MOVER,LANKA ASHOK LEYLAND,U4019,INDIA,DIESEL,5759.0,GAMPAHA,BRAND NEW,2,,U4019
CAR,MERCEDES BENZ,CLA 200,UNITED KINGDOM,PETROL,1332.0,GAMPAHA,RECONDITIONED,1,,CLA 200
CAR,MERCEDES BENZ,CLA 250 E AMG LINE,GERMANY,PETROL/ELE,1332.0,GAMPAHA,RECONDITIONED,1,,CLA 250 E AMG LINE
LAND VEHICLE,TAFE,45DI,INDIA,DIESEL,2500.0,ANURADHAPURA,BRAND NEW,19,,45DI
LAND VEHICLE,TAFE,45DI,INDIA,DIESEL,2500.0,AMPARA,BRAND NEW,11,,45DI
MOTOR CYCLE,YADEA,T5,CHINA,ELECTRIC,1.2,MULLATIVU,BRAND NEW,15,,T5
COMMERCIAL,TOYOTA,HIACE GDH322R- EDTDY,JAPAN,DIESEL,2755.0,COLOMBO,BRAND NEW,1,,HIACE GDH322R- EDTDY
COMMERCIAL,TOYOTA,HIACE GDH322R-EDTDY,JAPAN,DIESEL,2755.0,COLOMBO,BRAND NEW,4,,HIACE GDH322R-EDTDY
MOTOR CYCLE,YADEA,RUIBIN,CHINA,ELECTRIC,0.8,MATALE,BRAND NEW,5,,RUIBIN
MOTOR CYCLE,YADEA,RUIBIN,CHINA,ELECTRIC,0.8,TRINCOMALEE,BRAND NEW,5,,RUIBIN
MOTOR CYCLE,HUAIHAI,ZL9,CHINA,ELECTRIC,1.2,KURUNEGALA,BRAND NEW,1,,ZL9
CAR,MERCEDES,CLA 250E,UNITED KINGDOM,PETROL/ELE,1332.0,GALLE,RECONDITIONED,1,,CLA 250E
LAND VEHICLE (SMALL),FARM MASTER,RV125-2,CHINA,DIESEL,624.0,ANURADHAPURA,BRAND NEW,2,RV125-2,Unknown
LAND VEHICLE (SMALL),VIKYNO,RV125-2,VIETNAM,DIESEL,624.0,ANURADHAPURA,BRAND NEW,8,RV125-2,Unknown
MOTOR CYCLE,LUYUAN,MNK3,CHINA,ELECTRIC,1.5,KURUNEGALA,BRAND NEW,15,,MNK3
COMMERCIAL,LANKA ASHOK LEYLAND,VIKING,INDIA,DIESEL,6014.0,KURUNEGALA,BRAND NEW,1,,VIKING
MOTOR CYCLE,LUYUAN,MNK3,CHINA,ELECTRIC,1.5,COLOMBO,BRAND NEW,4,,MNK3
MOTOR CYCLE,LUYUAN,MNK3,CHINA,ELECTRIC,1.5,KEGALLE,BRAND NEW,2,,MNK3
LAND VEHICLE,E KUBOTA,EK3-471 4WD,INDIA,DIESEL,2761.0,VAVUNIYA,BRAND NEW,2,EK3-471,4WD
LAND VEHICLE (SMALL),NEW LION,RK 125,THAILAND,DIESEL,624.0,MONERAGALA,BRAND NEW,1,,RK 125
LAND VEHICLE,KUBOTA,L3408,JAPAN,DIESEL,1647.0,RATNAPURA,BRAND NEW,1,,L3408
CAR,HONDA,CR -V,AUSTRALIA,PETROL,1498.0,COLOMBO,RECONDITIONED,1,,CR -V
MOTOR CYCLE,QUANLE,Q1,CHINA,ELECTRIC,1.2,HAMBANTOTA,BRAND NEW,1,,Q1
MOTOR CYCLE,YADEA,T5,CHINA,ELECTRIC,1.2,KURUNEGALA,BRAND NEW,177,,T5
MOTOR CYCLE,YADEA,T5,CHINA,ELECTRIC,1.2,MATARA,BRAND NEW,59,,T5
MOTOR CYCLE,YADEA,T 9,CHINA,ELECTRIC,2.0,MATARA,BRAND NEW,25,,T 9
CAR,HONDA,CR-V,AUSTRALIA,PETROL,1498.0,COLOMBO,RECONDITIONED,2,CR-V,50
LAND VEHICLE,SONALIKA,DI-50RX-2WD,INDIA,DIESEL,2893.0,TRINCOMALEE,BRAND NEW,2,DI-50RX-2WD,Unknown
MOTOR CYCLE,YADEA,RUIBIN,CHINA,ELECTRIC,0.8,BADULLA,BRAND NEW,6,,RUIBIN
MOTOR CYCLE,NWOW,WSP,CHINA,ELECTRIC,1.5,PUTTALAM,BRAND NEW,1,,WSP
MOTOR CYCLE,NWOW,TK 10,CHINA,ELECTRIC,0.8,COLOMBO,BRAND NEW,6,,TK 10
LAND VEHICLE,TAFE,45DI,INDIA,DIESEL,2500.0,MONERAGALA,BRAND NEW,6,,45DI
LAND VEHICLE (SMALL),SIFANG,GN12DI,CHINA,DIESEL,815.0,POLONNARUWA,BRAND NEW,2,,GN12DI
LAND VEHICLE (SMALL),FARM MASTER,FM300,VIETNAM,DIESEL,666.0,KURUNEGALA,BRAND NEW,1,,FM300
MOTOR CYCLE,LUYUAN ALFA,MKK-Z23E-12-C,CHINA,ELECTRIC,1.2,JAFFNA,BRAND NEW,2,MKK-Z23E-12-C,Unknown
MOTOR CYCLE,SUPER SOCO,CUX PRO,CHINA,ELECTRIC,2.1,KURUNEGALA,BRAND NEW,2,,CUX PRO
LAND VEHICLE,KUBOTA,L3408,JAPAN,DIESEL,1647.0,AMPARA,BRAND NEW,2,,L3408
MOTOR CYCLE,ATHER,450X,INDIA,ELECTRIC,3.0,JAFFNA,BRAND NEW,3,,450X
LAND VEHICLE,JOHN DEERE,5047D,INDIA,DIESEL,2940.0,MULLATIVU,BRAND NEW,6,,5047D
MOTOR CYCLE,TVS,XL SUPER 100,INDIA,PETROL,99.7,RATNAPURA,BRAND NEW,1,,XL SUPER 100
MOTOR CYCLE,YADEA,T 9,CHINA,ELECTRIC,2.0,PUTTALAM,BRAND NEW,19,,T 9
MOTOR CYCLE,YADEA,T 9,CHINA,ELECTRIC,2.0,KURUNEGALA,BRAND NEW,35,,T 9
SPECIAL PURPOSE VEHICLE,MAHINDRA,EARTH MASTER VX90,INDIA,DIESEL,3532.0,KALUTARA,BRAND NEW,1,,EARTH MASTER VX90
MOTOR CYCLE,ATHER,450X,INDIA,ELECTRIC,3.0,MONERAGALA,BRAND NEW,1,,450X
MOTOR CYCLE,NWOW,TK 10,CHINA,ELECTRIC,0.8,KALUTARA,BRAND NEW,4,,TK 10
MOTOR CYCLE,YADEA,T 9,CHINA,ELECTRIC,2.0,ANURADHAPURA,BRAND NEW,21,,T 9
LAND VEHICLE,TAFE,45DI,INDIA,DIESEL,2500.0,MULLATIVU,BRAND NEW,7,,45DI
MOTOR CYCLE,YADEA,E8S PRO,CHINA,ELECTRIC,2.0,GAMPAHA,BRAND NEW,4,,E8S PRO
LAND VEHICLE,TAFE,45DI,INDIA,DIESEL,2500.0,VAVUNIYA,BRAND NEW,3,,45DI
CAR,HONDA,CR-V,AUSTRALIA,PETROL,1498.0,VAVUNIYA,RECONDITIONED,1,CR-V,50
MOTOR CYCLE,DASTOL,DW-28,CHINA,ELECTRIC,2.0,MANNAR,BRAND NEW,1,DW-28,Unknown
THREE WHEELER,BAJAJ,RE 4S AUTORICKSHOW,INDIA,PETROL,237.0,KILINOCHCHI,BRAND NEW,2,,RE 4S AUTORICKSHOW
MOTOR CYCLE,BAJAJ,PULSAR N160,SRI LANKA,PETROL,164.82,GAMPAHA,BRAND NEW,1,,PULSAR N160
CAR,HONDA,CR-V 50,AUSTRALIA,PETROL,1498.0,GALLE,RECONDITIONED,1,CR-V,50
MOTOR CYCLE,YADEA,RUIBIN,CHINA,ELECTRIC,0.8,BATTICALOA,BRAND NEW,5,,RUIBIN
SINGLE CAB,MAHINDRA,BOLERO CITY PICKUP,INDIA,DIESEL,2523.0,KALUTARA,BRAND NEW,1,,BOLERO CITY PICKUP
THREE WHEELER,BAJAJ,RE 4S AUTORICKSHAW,INDIA,PETROL,237.0,GALLE,BRAND NEW,9,,RE 4S AUTORICKSHAW
CAR,HONDA,CRV,AUSTRALIA,PETROL,1498.0,COLOMBO,RECONDITIONED,2,,CRV
LAND VEHICLE,TAFE,8515,INDIA,DIESEL,4000.0,MONERAGALA,BRAND NEW,1,,8515
MOTOR CYCLE,LUYUAN ALFA,M-MKK-Z30LJ-12-C,CHINA,ELECTRIC,1.8,MATARA,BRAND NEW,2,,M-MKK-Z30LJ-12-C
MOTOR CYCLE,TVS,TVS RAIDER 125,SRI LANKA,PETROL,124.79,MATARA,BRAND NEW,1,,TVS RAIDER 125
THREE WHEELER,BAJAJ,RE 4S AUTORICKSHAW,INDIA,PETROL,237.0,MULLATIVU,BRAND NEW,1,,RE 4S AUTORICKSHAW
LAND VEHICLE,SOLIS,5020,INDIA,DIESEL,3067.0,MULLATIVU,BRAND NEW,1,,5020
LAND VEHICLE,SONALIKA,DI-50RX-2WD,INDIA,DIESEL,2893.0,MONERAGALA,BRAND NEW,3,DI-50RX-2WD,Unknown
LAND VEHICLE (SMALL),SIFANG,GN12,CHINA,DIESEL,815.0,ANURADHAPURA,BRAND NEW,1,,GN12
MOTOR CYCLE,TVS,TVS RAIDER 125,SRI LANKA,PETROL,124.79,BATTICALOA,BRAND NEW-L/ASSEMBLE,40,,TVS RAIDER 125
MOTOR CYCLE,TVS,TVS RAIDER 125,SRI LANKA,PETROL,124.79,NUWARA-ELIYA,BRAND NEW-L/ASSEMBLE,17,,TVS RAIDER 125
MOTOR CYCLE,TVS,NTORQ 125,SRI LANKA,PETROL,124.79,PUTTALAM,BRAND NEW-L/ASSEMBLE,65,,NTORQ 125
MOTOR CYCLE,RANOMOTO,C 50 CUSTOM,SRI LANKA,PETROL,49.0,KURUNEGALA,BRAND NEW-L/ASSEMBLE,1,,C 50 CUSTOM
MOTOR CYCLE,TVS,NTORQ 125,SRI LANKA,PETROL,124.79,VAVUNIYA,BRAND NEW-L/ASSEMBLE,14,,NTORQ 125
MOTOR CYCLE,BAJAJ,CT 100 ES,SRI LANKA,PETROL,102.0,HAMBANTOTA,BRAND NEW-L/ASSEMBLE,99,,CT 100 ES
MOTOR CYCLE,BAJAJ,CT 100 ES,SRI LANKA,PETROL,102.0,BADULLA,BRAND NEW-L/ASSEMBLE,94,,CT 100 ES
SINGLE CAB,MAHINDRA,BOLERO CITY PICK UP,SRI LANKA,DIESEL,2523.0,COLOMBO,BRAND NEW-L/ASSEMBLE,1,,BOLERO CITY PICK UP
SINGLE CAB,LANKA ASHOK LEYLAND,DOST,SRI LANKA,DIESEL,1478.0,MONERAGALA,BRAND NEW-L/ASSEMBLE,1,,DOST
MOTOR CYCLE,TVS,TVS XL 100,SRI LANKA,PETROL,99.7,MANNAR,BRAND NEW-L/ASSEMBLE,12,,TVS XL 100
MOTOR CYCLE,DYNO,SCOOBY 125  EFI,SRI LANKA,PETROL,124.6,ANURADHAPURA,BRAND NEW-L/ASSEMBLE,1,,SCOOBY 125  EFI
MOTOR CYCLE,BAJAJ,DISCOVER 125,SRI LANKA,PETROL,124.5,GAMPAHA,BRAND NEW-L/ASSEMBLE,78,,DISCOVER 125
MOTOR CYCLE,TVS,NTORQ 125,SRI LANKA,PETROL,124.8,MATARA,BRAND NEW-L/ASSEMBLE,37,,NTORQ 125
MOTOR LORRY (COMMERCIAL),LANKA ASHOK LEYLAND,TAURUS 2518,SRI LANKA,DIESEL,5759.0,RATNAPURA,BRAND NEW-L/ASSEMBLE,1,,TAURUS 2518
MOTOR CYCLE,BAJAJ,DISCOVER 125,SRI LANKA,PETROL,124.5,AMPARA,BRAND NEW-L/ASSEMBLE,23,,DISCOVER 125
CAR,HONDA,CRV VT17,AUSTRALIA,PETROL,1499.0,COLOMBO,RECONDITIONED,1,,CRV VT17
SINGLE CAB,LANKA ASHOK LEYLAND,DOST,SRI LANKA,DIESEL,1478.0,VAVUNIYA,BRAND NEW-L/ASSEMBLE,1,,DOST
SINGLE CAB,MAHINDRA,BOLERO CITY PICKUP,SRI LANKA,DIESEL,2523.0,HAMBANTOTA,BRAND NEW-L/ASSEMBLE,2,,BOLERO CITY PICKUP
MOTOR CYCLE,LENCAR,ERC80,SRI LANKA,ELECTRIC,1.2,KURUNEGALA,BRAND NEW-L/ASSEMBLE,2,,ERC80
SINGLE CAB,TATA,ACE HT2,SRI LANKA,DIESEL,702.0,MATARA,BRAND NEW-L/ASSEMBLE,1,,ACE HT2
MOTOR LORRY (COMMERCIAL),LANKA ASHOK LEYLAND,E COMET 1212,SRI LANKA,DIESEL,3839.0,GAMPAHA,BRAND NEW-L/ASSEMBLE,1,,E COMET 1212
MOTOR LORRY (COMMERCIAL),LANKA ASHOK LEYLAND,TUSKER SUPER 1618,SRI LANKA,DIESEL,5759.0,JAFFNA,BRAND NEW-L/ASSEMBLE,1,,TUSKER SUPER 1618
SINGLE CAB,LANKA ASHOK LEYLAND,DOST,SRI LANKA,DIESEL,1478.0,RATNAPURA,BRAND NEW-L/ASSEMBLE,1,,DOST
MOTOR CYCLE,LENCAR,ERC80,SRI LANKA,ELECTRIC,1.2,MATARA,BRAND NEW-L/ASSEMBLE,1,,ERC80
CAR,HONDA,CRV VTI,AUSTRALIA,PETROL,1498.0,GAMPAHA,RECONDITIONED,1,,CRV VTI
CAR,HONDA,CRV VTI 7,AUSTRALIA,PETROL,1499.0,POLONNARUWA,RECONDITIONED,1,,CRV VTI 7
CAR,HONDA,CRV VTI 7,AUSTRALIA,PETROL,1498.0,RATNAPURA,RECONDITIONED,1,,CRV VTI 7
LAND VEHICLE (SMALL),KUBOTA,K600A,JAPAN,DIESEL,422.0,JAFFNA,RECONDITIONED,7,,K600A
MOTOR CYCLE,HONDA,PCX 160,JAPAN,PETROL,157.0,COLOMBO,RECONDITIONED,3,,PCX 160
CAR,HONDA,CRV VTI L7,AUSTRALIA,PETROL,1498.0,COLOMBO,RECONDITIONED,1,,CRV VTI L7
MOTOR CYCLE,HONDA,ADV,JAPAN,PETROL,157.0,COLOMBO,RECONDITIONED,1,,ADV
CAR,HONDA (DMC),CRV VTI L7,AUSTRALIA,PETROL,1498.0,COLOMBO,RECONDITIONED,1,,CRV VTI L7
CAR,HONDA,CRV VTI L7,AUSTRALIA,PETROL,1498.0,KEGALLE,RECONDITIONED,1,,CRV VTI L7
CAR,HONDA,CRV VTI L7,AUSTRALIA,PETROL,1498.0,PUTTALAM,RECONDITIONED,1,,CRV VTI L7
CAR,HONDA,CRV VTIL7,AUSTRALIA,PETROL,1498.0,MATARA,RECONDITIONED,1,,CRV VTIL7
CAR,HONDA,CRV-VTI L7,AUSTRALIA,PETROL,1498.0,COLOMBO,RECONDITIONED,1,CRV-VTI,L7
CAR,TATA,CURVV,INDIA,PETROL,1199.0,COLOMBO,BRAND NEW,1,,CURVV
CAR,TATA,CURVV CREATIVE,INDIA,PETROL,1199.0,COLOMBO,BRAND NEW,2,,CURVV CREATIVE
CAR,DENZA,D9 ADVANCED,CHINA,ELECTRIC,230.0,COLOMBO,BRAND NEW,6,,D9 ADVANCED
MOTOR CYCLE,HONDA,ADV 160,JAPAN,PETROL,157.0,GALLE,RECONDITIONED,1,,ADV 160
LAND VEHICLE (SMALL),KUBOTA,K 550,JAPAN,DIESEL,375.0,GAMPAHA,RECONDITIONED,1,,K 550
LAND VEHICLE (SMALL),KUBOTA,K550,JAPAN,DIESEL,375.0,BADULLA,RECONDITIONED,1,,K550
CAR,HONDA,DAA-GP2 FIT- SHUTTLE,JAPAN,PETROL/ELE,1330.0,COLOMBO,RECONDITIONED,1,DAA-GP2,FIT- SHUTTLE
CAR,HONDA,DAA-GP5,JAPAN,PETROL/ELE,1490.0,COLOMBO,RECONDITIONED,1,DAA-GP5,Unknown
CAR,HONDA,DAA-GP5,JAPAN,PETROL/ELE,1490.0,GALLE,RECONDITIONED,1,DAA-GP5,Unknown
LAND VEHICLE,MASSEY FERGUSON,MF 135,JAPAN,DIESEL,2500.0,JAFFNA,RECONDITIONED,2,,MF 135
CAR,HONDA,DAA-GP5,JAPAN,PETROL/ELE,1490.0,GAMPAHA,RECONDITIONED,2,DAA-GP5,Unknown
CAR,HONDA,DAA-GPS,JAPAN,PETROL/ELE,1490.0,GAMPAHA,RECONDITIONED,1,DAA-GPS,F-GRADE
DUAL PURPOSE (COMMERCIAL),TOYOTA,REVO ROCCO,THAILAND,DIESEL,2755.0,KANDY,RECONDITIONED,1,,REVO ROCCO
CAR,HONDA,DAA-GPS F-GRADE,JAPAN,PETROL/ELE,1490.0,GAMPAHA,RECONDITIONED,1,DAA-GPS,F-GRADE
CAR,SUZUKI,DAA-MH55S WAGON R,JAPAN,PETROL/ELE,650.0,KANDY,RECONDITIONED,1,DAA-MH55S,WAGON R
CAR,TOYOTA,DAA-NHP10 AQUA,JAPAN,PETROL/ELE,1490.0,GAMPAHA,RECONDITIONED,1,DAA-NHP10,AQUA
SINGLE CAB,SUZUKI,3BD-DA16T CARRY,JAPAN,PETROL,658.0,KURUNEGALA,RECONDITIONED,1,3BD-DA16T,CARRY
CAR,NISSAN,DBA-B21A DAYZ ROOX,JAPAN,PETROL,658.0,KANDY,RECONDITIONED,1,DBA-B21A,DAYZ ROOX
DUAL PURPOSE (COMMERCIAL),FORD,RANGER RAPTOR,THAILAND,DIESEL,1996.0,KALUTARA,RECONDITIONED,1,,RANGER RAPTOR
DUAL PURPOSE (COMMERCIAL),TOYOTA,3DF-GUN125 HILUX,THAILAND,DIESEL,2393.0,GAMPAHA,RECONDITIONED,1,3DF-GUN125,HILUX
SPECIAL PURPOSE VEHICLE,CATERPILLAR,910F WHEEL LOADER,JAPAN,DIESEL,3800.0,BATTICALOA,RECONDITIONED,1,,910F WHEEL LOADER
CAR,NISSAN,DBA-B21W DAYS,JAPAN,PETROL,658.0,KALUTARA,RECONDITIONED,1,DBA-B21W,DAYS
CAR,SUZUKI,DBA-HA36S ALTO,JAPAN,PETROL,658.0,COLOMBO,RECONDITIONED,1,DBA-HA36S,ALTO
SPECIAL PURPOSE VEHICLE,J.C.B,3CX WHEEL LOADER,UNITED KINGDOM,DIESEL,4400.0,MONERAGALA,RECONDITIONED,1,,3CX WHEEL LOADER
CAR,SUZUKI,DBA-HA36S ALTO,JAPAN,PETROL,650.0,GALLE,RECONDITIONED,1,DBA-HA36S,ALTO
MOTOR CYCLE,HONDA,PCX 125,JAPAN,PETROL,124.0,KALUTARA,RECONDITIONED,1,,PCX 125
CAR,SUZUKI,DBA-HA36S ALTO,JAPAN,PETROL,650.0,GAMPAHA,RECONDITIONED,1,DBA-HA36S,ALTO
CAR,TOYOTA,DBA-KSP130 VITZ,JAPAN,PETROL,996.0,GAMPAHA,RECONDITIONED,1,DBA-KSP130,VITZ
CAR,LAND ROVER,DEFENDER X DYNAMIC,UNITED KINGDOM,PETROL/ELE,1997.0,COLOMBO,RECONDITIONED,1,,DEFENDER X DYNAMIC
CAR,BYD,DOLPHIN-DYNAMIC 70,CHINA,ELECTRIC,70.0,COLOMBO,BRAND NEW,24,,DOLPHIN-DYNAMIC 70
SINGLE CAB,SUZUKI,3BD-DA16T,JAPAN,PETROL,658.0,COLOMBO,RECONDITIONED,1,3BD-DA16T,CARRY
CAR,BYD,DOLPHIN-DYNAMIC 70,CHINA,ELECTRIC,70.0,GALLE,BRAND NEW,1,,DOLPHIN-DYNAMIC 70
CAR,BYD,DOLPHIN-DYNAMIC 70,CHINA,ELECTRIC,70.0,GAMPAHA,BRAND NEW,2,,DOLPHIN-DYNAMIC 70
CAR,BYD,DOLPHIN-DYNAMIC 70,CHINA,ELECTRIC,70.0,KALUTARA,BRAND NEW,2,,DOLPHIN-DYNAMIC 70
CAR,BYD,DOLPHIN-DYNAMIC 70,CHINA,ELECTRIC,70.0,KANDY,BRAND NEW,1,,DOLPHIN-DYNAMIC 70
CAR,BYD,DOLPHIN-DYNAMIC 70,CHINA,ELECTRIC,70.0,KEGALLE,BRAND NEW,1,,DOLPHIN-DYNAMIC 70
CAR,BYD,DOLPHIN-DYNAMIC 70,CHINA,ELECTRIC,70.0,KURUNEGALA,BRAND NEW,2,,DOLPHIN-DYNAMIC 70
CAR,BYD,DOLPHIN-DYNAMIC 70,CHINA,ELECTRIC,70.0,PUTTALAM,BRAND NEW,1,,DOLPHIN-DYNAMIC 70
CAR,BYD,DOLPHIN-DYNAMIC49,CHINA,ELECTRIC,49.0,COLOMBO,BRAND NEW,11,,DOLPHIN-DYNAMIC49
CAR,BYD,DOLPHIN-DYNAMIC49,CHINA,ELECTRIC,49.0,GAMPAHA,BRAND NEW,1,,DOLPHIN-DYNAMIC49
DUAL PURPOSE (COMMERCIAL),TOYOTA,HILUX GR SPORT,THAILAND,DIESEL,2755.0,KALUTARA,RECONDITIONED,1,,HILUX GR SPORT
CAR,BYD,DOLPHIN-DYNAMIC49,CHINA,ELECTRIC,49.0,KALUTARA,BRAND NEW,1,,DOLPHIN-DYNAMIC49
MOTOR CYCLE,HONDA,CD 200,JAPAN,PETROL,194.0,KURUNEGALA,BOUGHT FROM AUCTION,1,,CD 200
TRACTOR TRAILER/BOWSER,LOCALLY BUILT,TRACTOR  TRAILER,SRI LANKA,NOT STATED,0.0,TRINCOMALEE,LOCALLY BUILT,7,,TRACTOR  TRAILER
TRACTOR TRAILER/BOWSER,LOCALLY BUILT,LOW BED TRAILER,SRI LANKA,NOT STATED,0.0,KURUNEGALA,LOCALLY BUILT,2,,LOW BED TRAILER
MOTOR CYCLE,SOLID,G6,CHINA,ELECTRIC,1.5,MATARA,BRAND NEW,1,,G6
MOTOR CYCLE,QUANLE,G18,CHINA,ELECTRIC,2.0,MONERAGALA,BRAND NEW,2,,G18
MOTOR CYCLE,LUYUAN,MNK3,CHINA,ELECTRIC,1.5,AMPARA,BRAND NEW,4,,MNK3
LAND VEHICLE (SMALL),KUBOTA,SP 155,THAILAND,DIESEL,770.0,KURUNEGALA,BRAND NEW,3,,SP 155
LAND VEHICLE,SOLIS,5020,INDIA,DIESEL,3067.0,AMPARA,BRAND NEW,1,,5020
LAND VEHICLE,SOLIS,5020,INDIA,DIESEL,3067.0,ANURADHAPURA,BRAND NEW,3,,5020
CAR,BYD,DOLPHIN-DYNAMIC49,CHINA,ELECTRIC,49.0,KANDY,BRAND NEW,3,,DOLPHIN-DYNAMIC49
CAR,BYD,DOLPHIN-DYNAMIC49,CHINA,ELECTRIC,49.0,KURUNEGALA,BRAND NEW,1,,DOLPHIN-DYNAMIC49
MOTOR CYCLE,WUYANG HONDA,WH 150-3,CHINA,PETROL,150.0,KURUNEGALA,BRAND NEW,1,,WH 150-3
SPECIAL PURPOSE VEHICLE,SDLG,L956F WHEEL LOADER,CHINA,DIESEL,9726.0,AMPARA,BRAND NEW,1,,L956F WHEEL LOADER
MOTOR CYCLE,TVS,IQUBE,INDIA,ELECTRIC,3.34,KALUTARA,BRAND NEW,3,,IQUBE
LAND VEHICLE,TAFE,45DI,INDIA,DIESEL,2700.0,TRINCOMALEE,BRAND NEW,1,,45DI
MOTOR CYCLE,YADEA,RUIBIN,CHINA,ELECTRIC,0.8,KALUTARA,BRAND NEW,19,,RUIBIN
MOTOR CYCLE,YADEA,E8S PRO,CHINA,ELECTRIC,2.0,RATNAPURA,BRAND NEW,2,,E8S PRO
MOTOR CYCLE,YADEA,EZEEGO,CHINA,ELECTRIC,1.2,KURUNEGALA,BRAND NEW,2,,EZEEGO
MOTOR CYCLE,LUYUAN ALFA,MKK-Z23E-12-C,CHINA,ELECTRIC,1.2,ANURADHAPURA,BRAND NEW,5,MKK-Z23E-12-C,Unknown
THREE WHEELER,BAJAJ,RE 4S AUTORICKSHOW,INDIA,PETROL,237.0,KANDY,BRAND NEW,23,,RE 4S AUTORICKSHOW
THREE WHEELER,BAJAJ,RE 4S AUTORICKSHOW,INDIA,PETROL,237.0,AMPARA,BRAND NEW,23,,RE 4S AUTORICKSHOW
MOTOR CYCLE,HERO HONDA,GLAMOUR,INDIA,PETROL,125.0,ANURADHAPURA,BRAND NEW,1,,GLAMOUR
MOTOR CYCLE,ATHER,450X,INDIA,ELECTRIC,3.0,GALLE,BRAND NEW,1,,450X
MOTOR CYCLE,RAPTOR,MAX,INDIA,ELECTRIC,1.0,POLONNARUWA,BRAND NEW,1,,MAX
LAND VEHICLE (SMALL),FARM MASTER,RV125-2,CHINA,DIESEL,624.0,POLONNARUWA,BRAND NEW,1,RV125-2,Unknown
LAND VEHICLE (SMALL),FARM MASTER,RV125-2,CHINA,DIESEL,624.0,KURUNEGALA,BRAND NEW,2,RV125-2,Unknown
MOTOR CYCLE,LIMA,ELO-07,CHINA,ELECTRIC,1.5,HAMBANTOTA,BRAND NEW,8,ELO-07,Unknown
MOTOR CYCLE,LIMA,ELO-07,CHINA,ELECTRIC,1.5,KANDY,BRAND NEW,2,ELO-07,Unknown
MOTOR CYCLE,YADEA,YD-ET-66,CHINA,ELECTRIC,0.8,AMPARA,BRAND NEW,1,YD-ET-66,Unknown
LAND VEHICLE (SMALL),VIKYNO,RV125-2,VIETNAM,DIESEL,624.0,MONERAGALA,BRAND NEW,2,RV125-2,Unknown
MOTOR CYCLE,LUYUAN,MNK3,CHINA,ELECTRIC,1.5,GALLE,BRAND NEW,3,,MNK3
CAR,PEUGEOT,E 2008 GT,UNITED KINGDOM,ELECTRIC,100.0,KALUTARA,RECONDITIONED,1,,E 2008 GT
THREE WHEELER,BAJAJ,RE 4S AUTORICKSHOW,INDIA,PETROL,237.0,MANNAR,BRAND NEW,3,,RE 4S AUTORICKSHOW
LAND VEHICLE,NEW HOLLAND,3230 TX 2WD,INDIA,DIESEL,2700.0,POLONNARUWA,BRAND NEW,1,,3230 TX 2WD
LAND VEHICLE,SOLIS,4520,INDIA,DIESEL,2893.0,JAFFNA,BRAND NEW,1,,4520
THREE WHEELER,BAJAJ,RE 4S AUTORICKSHOW,INDIA,PETROL,237.0,NUWARA-ELIYA,BRAND NEW,11,,RE 4S AUTORICKSHOW
CAR,MERCEDES BENZ,E 220,GERMANY,DIESEL,2143.0,COLOMBO,BOUGHT FROM AUCTION,1,,E 220
MOTOR CYCLE,ATHER,450X,INDIA,ELECTRIC,3.0,HAMBANTOTA,BRAND NEW,3,,450X
CAR,AUDI,E TRON 50 QUATTRO,GERMANY,ELECTRIC,230.0,COLOMBO,BRAND NEW,1,,E TRON 50 QUATTRO
MOTOR CYCLE,NWOW,V11,CHINA,ELECTRIC,1.0,JAFFNA,BRAND NEW,1,,V11
LAND VEHICLE (SMALL),SIFANG,GN12DI,CHINA,DIESEL,815.0,VAVUNIYA,BRAND NEW,1,,GN12DI
LAND VEHICLE (SMALL),SIFANG,GN12DI,CHINA,DIESEL,815.0,TRINCOMALEE,BRAND NEW,2,,GN12DI
MOTOR CYCLE,YADEA,T 9,CHINA,ELECTRIC,2.0,COLOMBO,BRAND NEW,11,,T 9
MOTOR CYCLE,YADEA,T 9,CHINA,ELECTRIC,2.0,MATALE,BRAND NEW,6,,T 9
MOTOR CYCLE,YADEA,T 9,CHINA,ELECTRIC,2.0,GAMPAHA,BRAND NEW,11,,T 9
LAND VEHICLE,E KUBOTA,EK3-471 4WD,INDIA,DIESEL,2761.0,AMPARA,BRAND NEW,2,EK3-471,4WD
LAND VEHICLE,JOHN DEERE,5047D,INDIA,DIESEL,2940.0,KILINOCHCHI,BRAND NEW,4,,5047D
MOTOR CYCLE,TVS,IQUBE,INDIA,ELECTRIC,3.34,GALLE,BRAND NEW,3,,IQUBE
MOTOR CYCLE,YADEA,EZEEGO,CHINA,ELECTRIC,1.2,ANURADHAPURA,BRAND NEW,1,,EZEEGO
MOTOR CYCLE,YADEA,E8S PRO,CHINA,ELECTRIC,2.0,GALLE,BRAND NEW,4,,E8S PRO
MOTOR CYCLE,YADEA,M6,CHINA,ELECTRIC,1.2,MONERAGALA,BRAND NEW,1,,M6
CAR,CITROAN,E-C4,UNITED KINGDOM,ELECTRIC,100.0,KALUTARA,RECONDITIONED,1,,E-C4
MOTOR CYCLE,QUANLE,G18,CHINA,ELECTRIC,2.0,MATARA,BRAND NEW,1,,G18
MOTOR CYCLE,OYFLY,TDM-LTW,CHINA,ELECTRIC,2.0,COLOMBO,BRAND NEW,1,TDM-LTW,Unknown
MOTOR CYCLE,YADEA,T 9,CHINA,ELECTRIC,2.0,MONERAGALA,BRAND NEW,4,,T 9
MOTOR CYCLE,YADEA,M6,CHINA,ELECTRIC,1.2,COLOMBO,BRAND NEW,1,,M6
LAND VEHICLE,TAFE,45DI,INDIA,DIESEL,2700.0,KURUNEGALA,BRAND NEW,5,,45DI
LAND VEHICLE,TAFE,45DI,INDIA,DIESEL,2700.0,BATTICALOA,BRAND NEW,1,,45DI
LAND VEHICLE,SOLIS,5020,INDIA,DIESEL,3067.0,BADULLA,BRAND NEW,1,,5020
MOTOR CYCLE,YADEA,EZEEGO,CHINA,ELECTRIC,1.2,COLOMBO,BRAND NEW,1,,EZEEGO
MOTOR CYCLE,VMOTO,CITI,CHINA,ELECTRIC,2.0,KALUTARA,BRAND NEW,1,,CITI
LAND VEHICLE (SMALL),FARM MASTER,FM300,VIETNAM,DIESEL,666.0,RATNAPURA,BRAND NEW,1,,FM300
SPECIAL PURPOSE VEHICLE,CAT,GP 30 PT,CHINA,PETROL,2488.0,COLOMBO,BRAND NEW,1,,GP 30 PT
MOTOR CYCLE,REVOLT,RV 400,INDIA,ELECTRIC,3.0,RATNAPURA,BRAND NEW,1,,RV 400
COMMERCIAL,TOYOTA,XZB70R ZGMNY COASTER,JAPAN,DIESEL,4009.0,KANDY,BRAND NEW,1,,XZB70R ZGMNY COASTER
THREE WHEELER,BAJAJ,RE 4S AUTORICKSHAW,INDIA,PETROL,237.0,BADULLA,BRAND NEW,5,,RE 4S AUTORICKSHAW
MOTOR CYCLE,QUANLE,ZS,CHINA,ELECTRIC,1.2,ANURADHAPURA,BRAND NEW,4,,ZS
LAND VEHICLE,TAFE,45DI,INDIA,DIESEL,2500.0,KANDY,BRAND NEW,1,,45DI
MOTOR CYCLE,YADEA,T 9,CHINA,ELECTRIC,2.0,JAFFNA,BRAND NEW,2,,T 9
LAND VEHICLE,SWARAJ,855,INDIA,DIESEL,3478.2,MANNAR,BRAND NEW,1,,855
LAND VEHICLE,JOHN DEERE,5047D,INDIA,DIESEL,2940.0,VAVUNIYA,BRAND NEW,1,,5047D
MOTOR CYCLE,LUYUAN ALFA,M-MKK-Z30LJ-12-C,CHINA,ELECTRIC,1.8,KALUTARA,BRAND NEW,1,,M-MKK-Z30LJ-12-C
MOTOR CYCLE,LUYUAN,MYT,CHINA,ELECTRIC,0.8,MATALE,BRAND NEW,1,,MYT
THREE WHEELER,BAJAJ,RE 4S AUTORICKSHAW,INDIA,PETROL,237.0,KILINOCHCHI,BRAND NEW,4,,RE 4S AUTORICKSHAW
LAND VEHICLE,KARTAR,GLOBETRAC 4736 4WD,INDIA,DIESEL,3117.0,VAVUNIYA,BRAND NEW,1,,GLOBETRAC 4736 4WD
COMMERCIAL,LANKA ASHOK LEYLAND,LUXURA 12M,INDIA,DIESEL,6014.0,BADULLA,BRAND NEW,1,,LUXURA 12M
MOTOR CYCLE,LIMA,ELO-07,CHINA,ELECTRIC,1.5,VAVUNIYA,BRAND NEW,1,ELO-07,Unknown
MOTOR CYCLE,TVS,NTORQ 125,SRI LANKA,PETROL,124.8,GAMPAHA,BRAND NEW,1,,NTORQ 125
MOTOR CYCLE,YADEA,T 9,CHINA,ELECTRIC,2.0,MANNAR,BRAND NEW,2,,T 9
CAR,AUDI,E-TRON 50,GERMANY,ELECTRIC,230.0,COLOMBO,BRAND NEW,2,,E-TRON 50
CAR,AUDI,E-TRON 50 QUATTRO,GERMANY,ELECTRIC,230.0,COLOMBO,BRAND NEW,1,,E-TRON 50 QUATTRO
CAR,AUDI,E-TRON 50 QUATTRO,BELGIUM,ELECTRIC,230.0,COLOMBO,BRAND NEW,1,,E-TRON 50 QUATTRO
CAR,AUDI,E-TRON 50 QUATTRO,BELGIUM,ELECTRIC,230.0,GAMPAHA,BRAND NEW,1,,E-TRON 50 QUATTRO
MOTOR CYCLE,BAJAJ,PULSAR N 160,INDIA,PETROL,164.32,GAMPAHA,BRAND NEW,1,,PULSAR N 160
MOTOR CYCLE,TVS,NTORQ 125,SRI LANKA,PETROL,124.79,POLONNARUWA,BRAND NEW-L/ASSEMBLE,25,,NTORQ 125
MOTOR CYCLE,TVS,TVS RAIDER 125,SRI LANKA,PETROL,124.79,KURUNEGALA,BRAND NEW-L/ASSEMBLE,65,,TVS RAIDER 125
MOTOR CYCLE,RANOMOTO,PATTAYA DOUBLE POWER,SRI LANKA,PETROL,48.0,GAMPAHA,BRAND NEW-L/ASSEMBLE,21,,PATTAYA DOUBLE POWER
MOTOR CYCLE,SENARO,GN125,SRI LANKA,PETROL,125.0,KURUNEGALA,BRAND NEW-L/ASSEMBLE,53,,GN125
MOTOR CYCLE,SENARO,GN125,SRI LANKA,PETROL,125.0,ANURADHAPURA,BRAND NEW-L/ASSEMBLE,23,,GN125
MOTOR CYCLE,SENARO,GN125,SRI LANKA,PETROL,125.0,POLONNARUWA,BRAND NEW-L/ASSEMBLE,23,,GN125
MOTOR CYCLE,RANOMOTO,MOPED SUPER,SRI LANKA,PETROL,49.0,AMPARA,BRAND NEW-L/ASSEMBLE,2,,MOPED SUPER
MOTOR CYCLE,BAJAJ,CT 100 ES,SRI LANKA,PETROL,102.0,KALUTARA,BRAND NEW-L/ASSEMBLE,197,,CT 100 ES
MOTOR CYCLE,BAJAJ,CT 100 ES,SRI LANKA,PETROL,102.0,GAMPAHA,BRAND NEW-L/ASSEMBLE,332,,CT 100 ES
MOTOR CYCLE,BAJAJ,CT 100 ES,SRI LANKA,PETROL,102.0,KEGALLE,BRAND NEW-L/ASSEMBLE,107,,CT 100 ES
MOTOR CYCLE,BAJAJ,CT 100 ES,SRI LANKA,PETROL,102.0,MATARA,BRAND NEW-L/ASSEMBLE,131,,CT 100 ES
MOTOR CYCLE,TVS,NTORQ 125,SRI LANKA,PETROL,124.8,MANNAR,BRAND NEW-L/ASSEMBLE,17,,NTORQ 125
MOTOR CYCLE,DYNO,SCOOBY 125  EFI,SRI LANKA,PETROL,124.6,KANDY,BRAND NEW-L/ASSEMBLE,1,,SCOOBY 125  EFI
MOTOR CYCLE,TVS,NTORQ 125,SRI LANKA,PETROL,124.8,POLONNARUWA,BRAND NEW-L/ASSEMBLE,40,,NTORQ 125
SINGLE CAB,TATA,ACE HT 2,SRI LANKA,DIESEL,702.0,GAMPAHA,BRAND NEW-L/ASSEMBLE,1,,ACE HT 2
MOTOR LORRY (COMMERCIAL),LANKA ASHOK LEYLAND,TAURUS 2518,SRI LANKA,DIESEL,5759.0,JAFFNA,BRAND NEW-L/ASSEMBLE,1,,TAURUS 2518
MOTOR CYCLE,BAJAJ,PULSAR N160,SRI LANKA,PETROL,164.82,MANNAR,BRAND NEW-L/ASSEMBLE,9,,PULSAR N160
SINGLE CAB,TATA,ACE HT2,SRI LANKA,DIESEL,702.0,KURUNEGALA,BRAND NEW-L/ASSEMBLE,1,,ACE HT2
SINGLE CAB,TATA,ACE HT2,SRI LANKA,DIESEL,702.0,GAMPAHA,BRAND NEW-L/ASSEMBLE,3,,ACE HT2
CAR,AUDI,E-TRON 50 QUATTRO,BELGIUM,ELECTRIC,230.0,KURUNEGALA,BRAND NEW,1,,E-TRON 50 QUATTRO
MOTOR CYCLE,BAJAJ,DISCOVER 125,SRI LANKA,PETROL,124.5,BATTICALOA,BRAND NEW-L/ASSEMBLE,21,,DISCOVER 125
MOTOR CYCLE,BAJAJ,DISCOVER 125,SRI LANKA,PETROL,124.5,KANDY,BRAND NEW-L/ASSEMBLE,22,,DISCOVER 125
MOTOR CYCLE,BAJAJ,DISCOVER 125,SRI LANKA,PETROL,124.5,MANNAR,BRAND NEW-L/ASSEMBLE,9,,DISCOVER 125
MOTOR CYCLE,SENARO,GN 125,SRI LANKA,PETROL,125.0,BATTICALOA,BRAND NEW-L/ASSEMBLE,1,,GN 125
MOTOR LORRY (COMMERCIAL),JAC,HFC1027E4,SRI LANKA,DIESEL,2746.0,COLOMBO,BRAND NEW-L/ASSEMBLE,1,,HFC1027E4
MOTOR CYCLE,LENCAR,ERC80,SRI LANKA,ELECTRIC,1.2,HAMBANTOTA,BRAND NEW-L/ASSEMBLE,1,,ERC80
MOTOR CYCLE,YADEA,T5,CHINA,ELECTRIC,1.2,ANURADHAPURA,BRAND NEW-L/ASSEMBLE,1,,T5
MOTOR CYCLE,TVS,TVS RAIDER 125,SRI LANKA,PETROL,124.76,MANNAR,BRAND NEW-L/ASSEMBLE,1,,TVS RAIDER 125
MOTOR CYCLE,RANOMOTO,PATTAYA DOUBLE POWER,SRI LANKA,PETROL,48.0,BATTICALOA,BRAND NEW-L/ASSEMBLE,1,,PATTAYA DOUBLE POWER
MOTOR CYCLE,RANOMOTO,PATTAYA DOUBLE POWER,SRI LANKA,PETROL,48.0,COLOMBO,BRAND NEW-L/ASSEMBLE,2,,PATTAYA DOUBLE POWER
MOTOR LORRY (COMMERCIAL),ISUZU,TRG-NPR85AR ELF,JAPAN,DIESEL,2990.0,GAMPAHA,RECONDITIONED,1,TRG-NPR85AR,ELF
CAR,MITSUBISHI,ECLIPSE CROSS,AUSTRALIA,PETROL,1499.0,GAMPAHA,RECONDITIONED,1,,ECLIPSE CROSS
CAR,MITSUBISHI,ECLIPSE CROSS GK,AUSTRALIA,PETROL,1499.0,KALUTARA,RECONDITIONED,1,,ECLIPSE CROSS GK
CAR,MERCEDES BENZ,EQE 300 SUV,GERMANY,ELECTRIC,180.0,COLOMBO,RECONDITIONED,1,,EQE 300 SUV
CAR,MERCEDES BENZ,EQE 300 SUV,GERMANY,ELECTRIC,180.0,NUWARA-ELIYA,RECONDITIONED,1,,EQE 300 SUV
CAR,LAND ROVER,EVOQUE P300E,UNITED KINGDOM,PETROL/ELE,1498.0,GAMPAHA,RECONDITIONED,1,,EVOQUE P300E
CAR,MERCEDES BENZ,GLB 200,AUSTRALIA,PETROL,1332.0,COLOMBO,RECONDITIONED,1,,GLB 200
CAR,MERCEDES BENZ,GLB200,GERMANY,PETROL,1332.0,GAMPAHA,RECONDITIONED,1,,GLB200
CAR,DFSK,GLORY I AUTO,SRI LANKA,PETROL,1498.0,COLOMBO,BRAND NEW-L/ASSEMBLE,1,,GLORY I AUTO
DUAL PURPOSE (COMMERCIAL),TOYOTA,HILUX REVO GR SPORT,THAILAND,DIESEL,2755.0,KALUTARA,RECONDITIONED,2,,HILUX REVO GR SPORT
CAR,DFSK,GLORY I AUTO,SRI LANKA,PETROL,1498.0,GALLE,BRAND NEW-L/ASSEMBLE,1,,GLORY I AUTO
CAR,HYUNDAI,GRAND I10,SRI LANKA,PETROL,1197.0,COLOMBO,BRAND NEW-L/ASSEMBLE,6,,GRAND I10
LAND VEHICLE (SMALL),KUBOTA,K 8,JAPAN,DIESEL,465.0,KILINOCHCHI,RECONDITIONED,1,,K 8
CAR,SUZUKI,HBD-HA36V ALTO,JAPAN,PETROL,658.0,GAMPAHA,RECONDITIONED,1,HBD-HA36V,ALTO
CAR,SUZUKI,HBD-HA36V ALTO,JAPAN,PETROL,650.0,NUWARA-ELIYA,RECONDITIONED,1,HBD-HA36V,ALTO
CAR,HONDA,HONDA CITY RS,THAILAND,PETROL,988.0,COLOMBO,RECONDITIONED,1,,HONDA CITY RS
CAR,VOLKSWAGEN,ID.4,GERMANY,ELECTRIC,150.0,COLOMBO,RECONDITIONED,1,,ID.4
MOTOR CYCLE,YAMAHA,FZ-S,INDIA,PETROL,149.0,AMPARA,RECONDITIONED,1,FZ-S,Unknown
DUAL PURPOSE (COMMERCIAL),FORD,RANGER RAPTOR,THAILAND,DIESEL,1996.0,KURUNEGALA,RECONDITIONED,1,,RANGER RAPTOR
CAR,B.M.W.,IX X DRIVE 40,GERMANY,ELECTRIC,240.0,RATNAPURA,RECONDITIONED,1,,IX X DRIVE 40
CAR,MAHINDRA,KUV100 NXT AMT,SRI LANKA,DIESEL,1198.0,COLOMBO,BRAND NEW-L/ASSEMBLE,5,,KUV100 NXT AMT
CAR,MAHINDRA,KUV100 NXT AMT,SRI LANKA,DIESEL,1198.0,GAMPAHA,BRAND NEW-L/ASSEMBLE,1,,KUV100 NXT AMT
CAR,MAHINDRA,KUV100 NXT AMT,SRI LANKA,DIESEL,1198.0,KANDY,BRAND NEW-L/ASSEMBLE,1,,KUV100 NXT AMT
LAND VEHICLE (SMALL),KUBOTA,K18,JAPAN,DIESEL,443.0,ANURADHAPURA,RECONDITIONED,1,,K18
CAR,MAHINDRA,KUV100 NXT AMT,SRI LANKA,DIESEL,1198.0,KURUNEGALA,BRAND NEW-L/ASSEMBLE,1,,KUV100 NXT AMT
CAR,MAHINDRA,KUV100 NXT AMT,SRI LANKA,DIESEL,1198.0,MATARA,BRAND NEW-L/ASSEMBLE,1,,KUV100 NXT AMT
CAR,MAHINDRA,KUV100 NXT AMT,SRI LANKA,DIESEL,1198.0,VAVUNIYA,BRAND NEW-L/ASSEMBLE,1,,KUV100 NXT AMT
COMMERCIAL,TOYOTA,3DF-GDH223B HIACE,JAPAN,DIESEL,2754.0,JAFFNA,RECONDITIONED,1,3DF-GDH223B,HIACE
MOTOR CYCLE,ROYAL ENFIELD,CLASSIC 350,INDIA,PETROL,350.0,KURUNEGALA,RECONDITIONED,1,,CLASSIC 350
CAR,TOYOTA,LAND CRUISER PRADO,JAPAN,PETROL,2693.0,GAMPAHA,RECONDITIONED,1,,LAND CRUISER PRADO
CAR,TOYOTA,LAND CRUISER ZX,JAPAN,PETROL,3444.0,COLOMBO,RECONDITIONED,1,,LAND CRUISER ZX
MOTOR CYCLE,HONDA,LEAD 100,JAPAN,PETROL,99.0,GAMPAHA,RECONDITIONED,1,,LEAD 100
CAR,LEXUS,LX 600,JAPAN,PETROL,3445.0,COLOMBO,RECONDITIONED,1,,LX 600
CAR,LEXUS,LX600 3BA-VJA310W,JAPAN,PETROL,3444.0,COLOMBO,RECONDITIONED,1,,LX600 3BA-VJA310W
CAR,LEXUS,LX600 SUV,JAPAN,PETROL,3445.0,COLOMBO,RECONDITIONED,1,,LX600 SUV
CAR,BYD,M6 STANDARD,CHINA,ELECTRIC,100.0,COLOMBO,BRAND NEW,1,,M6 STANDARD
CAR,NISSAN,MAGNITE ACENTA BR10,INDIA,PETROL,999.0,KURUNEGALA,BRAND NEW,1,,MAGNITE ACENTA BR10
CAR,NISSAN,MAGNITE N-CONNECTA,INDIA,PETROL,999.0,GAMPAHA,BRAND NEW,1,,MAGNITE N-CONNECTA
CAR,NISSAN,MAGNITE TEKNA PLUS,INDIA,PETROL,999.0,COLOMBO,BRAND NEW,1,,MAGNITE TEKNA PLUS
DUAL PURPOSE (COMMERCIAL),TOYOTA,HILUX REVO GR SPORT,THAILAND,DIESEL,2755.0,JAFFNA,RECONDITIONED,1,,HILUX REVO GR SPORT
CAR,MG,MG4,THAILAND,ELECTRIC,125.0,COLOMBO,RECONDITIONED,1,,MG4
MOTOR CYCLE,HONDA,8BK-KF47,JAPAN,PETROL,157.0,KANDY,RECONDITIONED,1,8BK-KF47,Unknown
CAR,MG,MG4 ELECTRIC X,THAILAND,ELECTRIC,125.0,COLOMBO,RECONDITIONED,1,,MG4 ELECTRIC X
CAR,M.G.,MINI COOPER ROVER,UNITED KINGDOM,PETROL,1300.0,COLOMBO,BOUGHT FROM AUCTION,1,,MINI COOPER ROVER
CAR,DAIHATSU,MIRA E S 5BA- LA350S,JAPAN,PETROL,658.0,GAMPAHA,RECONDITIONED,1,,MIRA E S 5BA- LA350S
CAR,TESLA,MODEL Y,AUSTRALIA,ELECTRIC,194.0,COLOMBO,RECONDITIONED,1,,MODEL Y
CAR,TESLA,MODEL Y,U.S.A,ELECTRIC,194.0,COLOMBO,RECONDITIONED,1,,MODEL Y
CAR,TESLA,MODEL Y ELECTRIC,U.S.A,ELECTRIC,194.0,COLOMBO,RECONDITIONED,1,,MODEL Y ELECTRIC
TRACTOR TRAILER/BOWSER,LOCALLY BUILT,TRACTOR TRAILER,SRI LANKA,NOT STATED,0.0,GALLE,LOCALLY BUILT,1,,TRACTOR TRAILER
TRACTOR TRAILER/BOWSER,LOCALLY BUILT,TRACTOR TRAILER,SRI LANKA,NOT STATED,0.0,BATTICALOA,LOCALLY BUILT,1,,TRACTOR TRAILER
MOTOR CYCLE,QUANLE,ZL,CHINA,ELECTRIC,2.0,GAMPAHA,BRAND NEW,6,,ZL
MOTOR CYCLE,LUYUAN,MYY-Z35J,CHINA,ELECTRIC,2.0,GALLE,BRAND NEW,3,MYY-Z35J,Unknown
MOTOR CYCLE,QUANLE,ZL,CHINA,ELECTRIC,2.0,ANURADHAPURA,BRAND NEW,4,,ZL
MOTOR CYCLE,TVS,IQUBE,INDIA,ELECTRIC,3.34,GAMPAHA,BRAND NEW,15,,IQUBE
MOTOR CYCLE,VMOTO,CITI,CHINA,ELECTRIC,2.0,COLOMBO,BRAND NEW,4,,CITI
CAR,TATA,PUNCH CREATIVE,INDIA,PETROL,1199.0,COLOMBO,BRAND NEW,3,,PUNCH CREATIVE
LAND VEHICLE,KUBOTA,L3408,JAPAN,DIESEL,1647.0,ANURADHAPURA,BRAND NEW,4,,L3408
CAR,TATA,PUNCH CREATIVE,INDIA,PETROL,1199.0,KANDY,BRAND NEW,1,,PUNCH CREATIVE
CAR,TATA,PUNCH EV,INDIA,ELECTRIC,90.0,COLOMBO,BRAND NEW,1,,PUNCH EV
CAR,AUDI,Q4 40 ETRON ADVANCED,GERMANY,ELECTRIC,150.0,COLOMBO,RECONDITIONED,1,,Q4 40 ETRON ADVANCED
CAR,AUDI,Q4 40 ETRON S-LINE,UNITED KINGDOM,ELECTRIC,150.0,COLOMBO,RECONDITIONED,1,,Q4 40 ETRON S-LINE
MOTOR CYCLE,NWOW,WSP,CHINA,ELECTRIC,1.5,GAMPAHA,BRAND NEW,5,,WSP
MOTOR CYCLE,YADEA,T 9,CHINA,ELECTRIC,2.0,POLONNARUWA,BRAND NEW,9,,T 9
LAND VEHICLE,JOHN DEERE,5047D,INDIA,DIESEL,2940.0,KURUNEGALA,BRAND NEW,2,,5047D
MOTOR CYCLE,LUYUAN,MNK3,CHINA,ELECTRIC,1.5,RATNAPURA,BRAND NEW,3,,MNK3
LAND VEHICLE,EURO TRAC,240 2WD,UNITED KINGDOM,DIESEL,2500.0,AMPARA,BRAND NEW,1,,240 2WD
MOTOR CYCLE,LUYUAN ALFA,MKK-Z23E-12-C,CHINA,ELECTRIC,1.2,MONERAGALA,BRAND NEW,2,MKK-Z23E-12-C,Unknown
MOTOR CYCLE,LUYUAN,MS70 Z23E,CHINA,ELECTRIC,1.2,HAMBANTOTA,BRAND NEW,2,,MS70 Z23E
LAND VEHICLE,NEW HOLLAND,3230 TX 2WD,INDIA,DIESEL,2700.0,BATTICALOA,BRAND NEW,2,,3230 TX 2WD
LAND VEHICLE,SONALIKA,DI-50RX-2WD,INDIA,DIESEL,2893.0,AMPARA,BRAND NEW,2,DI-50RX-2WD,Unknown
THREE WHEELER,BAJAJ,RE 4S AUTORICKSHOW,INDIA,PETROL,237.0,MONERAGALA,BRAND NEW,5,,RE 4S AUTORICKSHOW
CAR,AUDI,Q4 E-TRON,GERMANY,ELECTRIC,150.0,COLOMBO,RECONDITIONED,1,,Q4 E-TRON
MOTOR CYCLE,YADEA,T 9,CHINA,ELECTRIC,2.0,KALUTARA,BRAND NEW,15,,T 9
LAND VEHICLE,KARTAR,GLOBETRAC 4736 2WD,INDIA,DIESEL,3117.0,KURUNEGALA,BRAND NEW,1,,GLOBETRAC 4736 2WD
MOTOR CYCLE,SOLID,G6,CHINA,ELECTRIC,1.5,JAFFNA,BRAND NEW,1,,G6
LAND VEHICLE,TAFE,7250.DI,INDIA,DIESEL,2500.0,MONERAGALA,BRAND NEW,3,,7250.DI
MOTOR CYCLE,YADEA,T 9,CHINA,ELECTRIC,2.0,KILINOCHCHI,BRAND NEW,4,,T 9
MOTOR CYCLE,LIMA,ELO-07,CHINA,ELECTRIC,1.5,PUTTALAM,BRAND NEW,4,ELO-07,Unknown
CAR,LAND ROVER,RANGE ROVER,UNITED KINGDOM,PETROL/ELE,2996.0,GAMPAHA,RECONDITIONED,1,,RANGE ROVER
LAND VEHICLE,MAHINDRA,YUVO TECH PLUS 575DI,INDIA,DIESEL,2979.0,TRINCOMALEE,BRAND NEW,3,,YUVO TECH PLUS 575DI
LAND VEHICLE,MAHINDRA,YUVO TECH PLUS 585DI,INDIA,DIESEL,2979.0,TRINCOMALEE,BRAND NEW,2,,YUVO TECH PLUS 585DI
LAND VEHICLE,MAHINDRA,YUVO TECH PLUS 585DI,INDIA,DIESEL,2979.0,ANURADHAPURA,BRAND NEW,10,,YUVO TECH PLUS 585DI
CAR,MERCEDES BENZ,S 580E L AMG LN PREM,GERMANY,PETROL/ELE,2999.0,COLOMBO,RECONDITIONED,1,,S 580E L AMG LN PREM
MOTOR CYCLE,YADEA,RUIBIN,CHINA,ELECTRIC,0.8,MULLATIVU,BRAND NEW,1,,RUIBIN
MOTOR CYCLE,YADEA,E8S PRO,CHINA,ELECTRIC,2.0,KILINOCHCHI,BRAND NEW,1,,E8S PRO
MOTOR CYCLE,ROYAL ENFIELD,CLASSIC 350,INDIA,PETROL,349.0,JAFFNA,BRAND NEW,1,,CLASSIC 350
COMMERCIAL,TOYOTA,XZB70R ZGMNY COASTER,JAPAN,DIESEL,4009.0,MATARA,BRAND NEW,1,,XZB70R ZGMNY COASTER
LAND VEHICLE,MAHINDRA,YUVO TECH PLUS 575DI,INDIA,DIESEL,2979.0,MULLATIVU,BRAND NEW,1,,YUVO TECH PLUS 575DI
CAR,BYD,SEAL,THAILAND,ELECTRIC,150.0,GAMPAHA,RECONDITIONED,1,,SEAL
MOTOR CYCLE,BAJAJ,CT 100 ES,SRI LANKA,PETROL,102.0,GALLE,BRAND NEW,1,,CT 100 ES
LAND VEHICLE,SWARAJ,855,INDIA,DIESEL,3478.2,BATTICALOA,BRAND NEW,5,,855
COMMERCIAL,TOYOTA,XZB70R-ZGMNY COASTER,JAPAN,DIESEL,4009.0,GAMPAHA,BRAND NEW,1,,XZB70R-ZGMNY COASTER
MOTOR CYCLE,QUANLE,G18,CHINA,ELECTRIC,2.0,GAMPAHA,BRAND NEW,7,,G18
LAND VEHICLE,KUBOTA,L 4508,JAPAN,DIESEL,2197.0,AMPARA,BRAND NEW,1,,L 4508
LAND VEHICLE,TAFE,45DI,INDIA,DIESEL,2700.0,RATNAPURA,BRAND NEW,1,,45DI
CAR,BYD,SEAL,THAILAND,ELECTRIC,150.0,HAMBANTOTA,RECONDITIONED,1,,SEAL
COMMERCIAL,TOYOTA,XZB70R ZGMNY COASTER,JAPAN,DIESEL,4009.0,KALUTARA,BRAND NEW,1,,XZB70R ZGMNY COASTER
MOTOR CYCLE,NWOW,ARS,CHINA,ELECTRIC,0.45,MATALE,BRAND NEW,1,,ARS
MOTOR CYCLE,QUANLE,ZS,CHINA,ELECTRIC,1.2,PUTTALAM,BRAND NEW,1,,ZS
MOTOR CYCLE,BAJAJ,CT 100 ES,SRI LANKA,PETROL,102.0,POLONNARUWA,BRAND NEW,1,,CT 100 ES
LAND VEHICLE,TAFE,45DI,INDIA,DIESEL,2700.0,MANNAR,BRAND NEW,1,,45DI
LAND VEHICLE,NEW HOLLAND,4710,INDIA,DIESEL,2700.0,PUTTALAM,BRAND NEW,3,,4710
LAND VEHICLE,NEW HOLLAND,4710,INDIA,DIESEL,2700.0,GAMPAHA,BRAND NEW,1,,4710
MOTOR CYCLE,HUAIHAI,HUAIHAI,CHINA,ELECTRIC,2.0,MONERAGALA,BRAND NEW,1,,HUAIHAI
COMMERCIAL,TOYOTA,XZB70R ZGMNY COASTER,JAPAN,DIESEL,4009.0,GAMPAHA,BRAND NEW,1,,XZB70R ZGMNY COASTER
MOTOR CYCLE,DIMEN,D60,CHINA,ELECTRIC,1.2,KURUNEGALA,BRAND NEW,1,,D60
LAND VEHICLE (SMALL),VIKYNO,RV80 - POWER TILLER,VIETNAM,DIESEL,443.0,ANURADHAPURA,BRAND NEW,3,,RV80 - POWER TILLER
LAND VEHICLE,SOLIS,4520,INDIA,DIESEL,2893.0,TRINCOMALEE,BRAND NEW,1,,4520
CAR,BYD,SEAL-COMFORT,CHINA,ELECTRIC,100.0,COLOMBO,BRAND NEW,17,SEAL-COMFORT,Unknown
LAND VEHICLE,ARBOS,P504-3,CHINA,DIESEL,2189.0,MATALE,BRAND NEW,1,P504-3,Unknown
LAND VEHICLE,SONALIKA,DI50RX - 4WD,INDIA,DIESEL,3067.0,MATALE,BRAND NEW,1,,DI50RX - 4WD
LAND VEHICLE,YANMAR,YM358R,THAILAND,DIESEL,3319.0,PUTTALAM,BRAND NEW,1,,YM358R
THREE WHEELER,BAJAJ,RE 4S AUTORICKSHAW,INDIA,PETROL,237.0,POLONNARUWA,BRAND NEW,1,,RE 4S AUTORICKSHAW
LAND VEHICLE,JOHN DEERE,5047D,INDIA,DIESEL,2940.0,BADULLA,BRAND NEW,1,,5047D
CAR,BYD,SEAL-COMFORT,CHINA,ELECTRIC,100.0,GAMPAHA,BRAND NEW,5,SEAL-COMFORT,Unknown
MOTOR CYCLE,LUYUAN,MS70 Z23E,CHINA,ELECTRIC,1.2,COLOMBO,BRAND NEW,1,,MS70 Z23E
SPECIAL PURPOSE VEHICLE,TOYOTA,FDZN25,CHINA,DIESEL,2486.0,COLOMBO,BRAND NEW,1,,FDZN25
COMMERCIAL,LANKA ASHOK LEYLAND,LYNX,INDIA,DIESEL,3839.0,GALLE,BRAND NEW,1,,LYNX
LAND VEHICLE (SMALL),SIFANG,GN12DI,CHINA,DIESEL,815.0,KURUNEGALA,BRAND NEW,2,,GN12DI
MOTOR CYCLE,TVS,TVS RAIDER 125,SRI LANKA,PETROL,124.79,RATNAPURA,BRAND NEW-L/ASSEMBLE,26,,TVS RAIDER 125
MOTOR CYCLE,TVS,TVS RAIDER 125,SRI LANKA,PETROL,124.79,MATARA,BRAND NEW-L/ASSEMBLE,21,,TVS RAIDER 125
MOTOR CYCLE,RANOMOTO,MOPED SUPER,SRI LANKA,PETROL,49.0,ANURADHAPURA,BRAND NEW-L/ASSEMBLE,5,,MOPED SUPER
MOTOR CYCLE,SENARO,GN125,SRI LANKA,PETROL,125.0,BADULLA,BRAND NEW-L/ASSEMBLE,11,,GN125
MOTOR CYCLE,SENARO,GN125,SRI LANKA,PETROL,125.0,GAMPAHA,BRAND NEW-L/ASSEMBLE,29,,GN125
MOTOR CYCLE,TVS,TVS XL 100,SRI LANKA,PETROL,99.7,MONERAGALA,BRAND NEW-L/ASSEMBLE,27,,TVS XL 100
MOTOR CYCLE,RANOMOTO,MOPED SUPER,SRI LANKA,PETROL,49.0,BATTICALOA,BRAND NEW-L/ASSEMBLE,1,,MOPED SUPER
MOTOR CYCLE,TVS,TVS XL 100,SRI LANKA,PETROL,99.7,JAFFNA,BRAND NEW-L/ASSEMBLE,10,,TVS XL 100
MOTOR CYCLE,TVS,TVS RAIDER 125,SRI LANKA,PETROL,124.79,POLONNARUWA,BRAND NEW-L/ASSEMBLE,25,,TVS RAIDER 125
MOTOR CYCLE,BAJAJ,PULSAR N160,SRI LANKA,PETROL,164.82,GAMPAHA,BRAND NEW-L/ASSEMBLE,145,,PULSAR N160
MOTOR CYCLE,BAJAJ,CT 100 ES,SRI LANKA,PETROL,102.0,GALLE,BRAND NEW-L/ASSEMBLE,336,,CT 100 ES
MOTOR CYCLE,BAJAJ,CT 100 ES,SRI LANKA,PETROL,102.0,VAVUNIYA,BRAND NEW-L/ASSEMBLE,38,,CT 100 ES
MOTOR CYCLE,BAJAJ,PULSAR N160,SRI LANKA,PETROL,164.82,MONERAGALA,BRAND NEW-L/ASSEMBLE,18,,PULSAR N160
MOTOR CYCLE,TVS,TVS XL 100,SRI LANKA,PETROL,99.7,MULLATIVU,BRAND NEW-L/ASSEMBLE,12,,TVS XL 100
MOTOR CYCLE,BAJAJ,DISCOVER 125,SRI LANKA,PETROL,124.5,ANURADHAPURA,BRAND NEW-L/ASSEMBLE,48,,DISCOVER 125
MOTOR CYCLE,LIMA,ELO-07,CHINA,ELECTRIC,1.5,KURUNEGALA,BRAND NEW-L/ASSEMBLE,1,ELO-07,Unknown
MOTOR CYCLE,LENCAR,ERC80,SRI LANKA,ELECTRIC,1.2,KALUTARA,BRAND NEW-L/ASSEMBLE,13,,ERC80
MOTOR CYCLE,TVS,TVS RAIDER 125,SRI LANKA,PETROL,124.79,KILINOCHCHI,BRAND NEW-L/ASSEMBLE,9,,TVS RAIDER 125
MOTOR LORRY (COMMERCIAL),LANKA ASHOK LEYLAND,TUSKER SUPER 1618,SRI LANKA,DIESEL,5759.0,VAVUNIYA,BRAND NEW-L/ASSEMBLE,1,,TUSKER SUPER 1618
CAR,BYD,SEAL-COMFORT,CHINA,ELECTRIC,100.0,KALUTARA,BRAND NEW,3,SEAL-COMFORT,Unknown
MOTOR CYCLE,DYNO,SCOOBY 125  EFI,SRI LANKA,PETROL,124.6,BADULLA,BRAND NEW-L/ASSEMBLE,1,,SCOOBY 125  EFI
CAR,BYD,SEAL-COMFORT,CHINA,ELECTRIC,100.0,KURUNEGALA,BRAND NEW,1,SEAL-COMFORT,Unknown
SINGLE CAB,MAHINDRA,BOLERO CITY PICKUP,SRI LANKA,DIESEL,2523.0,COLOMBO,BRAND NEW-L/ASSEMBLE,6,,BOLERO CITY PICKUP
MOTOR CYCLE,RANOMOTO,PATTAYA DOUBLE POWER,SRI LANKA,PETROL,48.0,AMPARA,BRAND NEW-L/ASSEMBLE,1,,PATTAYA DOUBLE POWER
MOTOR CYCLE,NWOW,ARS,CHINA,ELECTRIC,0.45,GAMPAHA,BRAND NEW-L/ASSEMBLE,1,,ARS
CAR,BYD,SEALION 6 PREMIUM,CHINA,PETROL/ELE,1498.0,KALUTARA,BRAND NEW,2,,SEALION 6 PREMIUM
CAR,BYD,SEALION 6 SUPERIOR,CHINA,PETROL/ELE,1498.0,AMPARA,BRAND NEW,1,,SEALION 6 SUPERIOR
CAR,BYD,SEALION 6 SUPERIOR,CHINA,PETROL/ELE,1498.0,COLOMBO,BRAND NEW,172,,SEALION 6 SUPERIOR
CAR,BYD,SEALION 6 SUPERIOR,CHINA,PETROL/ELE,1498.0,GALLE,BRAND NEW,1,,SEALION 6 SUPERIOR
CAR,BYD,SEALION 6 SUPERIOR,CHINA,PETROL/ELE,1498.0,GAMPAHA,BRAND NEW,29,,SEALION 6 SUPERIOR
CAR,BYD,SEALION 6 SUPERIOR,CHINA,PETROL/ELE,1498.0,HAMBANTOTA,BRAND NEW,1,,SEALION 6 SUPERIOR
CAR,BYD,SEALION 6 SUPERIOR,CHINA,PETROL/ELE,1498.0,KALUTARA,BRAND NEW,8,,SEALION 6 SUPERIOR
CAR,BYD,SEALION 6 SUPERIOR,CHINA,PETROL/ELE,1498.0,KALUTARA,RECONDITIONED,1,,SEALION 6 SUPERIOR
CAR,BYD,SEALION 6 SUPERIOR,CHINA,PETROL/ELE,1498.0,KANDY,BRAND NEW,8,,SEALION 6 SUPERIOR
CAR,BYD,SEALION 6 SUPERIOR,CHINA,PETROL/ELE,1498.0,KEGALLE,BRAND NEW,1,,SEALION 6 SUPERIOR
CAR,BYD,SEALION 6 SUPERIOR,CHINA,PETROL/ELE,1498.0,KURUNEGALA,BRAND NEW,4,,SEALION 6 SUPERIOR
CAR,BYD,SEALION 6 SUPERIOR,CHINA,PETROL/ELE,1498.0,MATARA,BRAND NEW,1,,SEALION 6 SUPERIOR
CAR,BYD,SEALION 6 SUPERIOR,CHINA,PETROL/ELE,1498.0,NUWARA-ELIYA,BRAND NEW,1,,SEALION 6 SUPERIOR
CAR,BYD,SEALION 6 SUPERIOR,CHINA,PETROL/ELE,1498.0,PUTTALAM,BRAND NEW,1,,SEALION 6 SUPERIOR
CAR,KIA,SELTOS,INDIA,PETROL,1497.0,GAMPAHA,BRAND NEW,1,,SELTOS
CAR,MITSUBISHI,SHOGUNDI-DELEGCELWBA,UNITED KINGDOM,DIESEL,3200.0,KANDY,BOUGHT FROM AUCTION,1,,SHOGUNDI-DELEGCELWBA
CAR,KIA,SONET,INDIA,PETROL,998.0,COLOMBO,BRAND NEW,2,,SONET
CAR,KIA,SONET,INDIA,PETROL,998.0,GALLE,BRAND NEW,1,,SONET
CAR,KIA,SONET,INDIA,PETROL,998.0,GAMPAHA,BRAND NEW,1,,SONET
CAR,KIA,SONET,INDIA,PETROL,998.0,KANDY,BRAND NEW,1,,SONET
CAR,KIA,SONET,INDIA,PETROL,998.0,MATARA,BRAND NEW,1,,SONET
MOTOR CYCLE,HONDA,PCX,JAPAN,PETROL,124.0,KALUTARA,RECONDITIONED,1,,PCX
CAR,KIA,SORENTO,MALAYSIA,PETROL,1598.0,MATARA,BRAND NEW,1,,SORENTO
CAR,TATA,TIAGO -EV,INDIA,ELECTRIC,55.0,COLOMBO,BRAND NEW,1,,TIAGO -EV
MOTOR CYCLE,HONDA,ADV 160,THAILAND,PETROL,156.0,KURUNEGALA,RECONDITIONED,1,,ADV 160
DUAL PURPOSE (COMMERCIAL),TOYOTA,3DF-GUN125 HILUX,THAILAND,DIESEL,2390.0,COLOMBO,RECONDITIONED,1,3DF-GUN125,HILUX
CAR,CHERY,TIGGO 4 PRO,SRI LANKA,PETROL,1498.0,AMPARA,BRAND NEW-L/ASSEMBLE,1,,TIGGO 4 PRO
CAR,CHERY,TIGGO 4 PRO,SRI LANKA,PETROL,1498.0,COLOMBO,BRAND NEW-L/ASSEMBLE,28,,TIGGO 4 PRO
LAND VEHICLE,MASSEY FERGUSON,MF135,UNITED KINGDOM,DIESEL,2000.0,JAFFNA,RECONDITIONED,1,,MF135
DUAL PURPOSE (COMMERCIAL),TOYOTA,HLUX REVO GR SPORT,THAILAND,DIESEL,2755.0,PUTTALAM,RECONDITIONED,1,,HLUX REVO GR SPORT
CAR,CHERY,TIGGO 4 PRO,SRI LANKA,PETROL,1498.0,GALLE,BRAND NEW-L/ASSEMBLE,1,,TIGGO 4 PRO
CAR,CHERY,TIGGO 4 PRO,SRI LANKA,PETROL,1498.0,GAMPAHA,BRAND NEW-L/ASSEMBLE,17,,TIGGO 4 PRO
CAR,CHERY,TIGGO 4 PRO,SRI LANKA,PETROL,1498.0,KALUTARA,BRAND NEW-L/ASSEMBLE,5,,TIGGO 4 PRO
CAR,CHERY,TIGGO 4 PRO,SRI LANKA,PETROL,1498.0,KANDY,BRAND NEW-L/ASSEMBLE,2,,TIGGO 4 PRO
CAR,CHERY,TIGGO 4 PRO,SRI LANKA,PETROL,1498.0,MATARA,BRAND NEW-L/ASSEMBLE,1,,TIGGO 4 PRO
CAR,CHERY,TIGGO 4 PRO,SRI LANKA,PETROL,1498.0,RATNAPURA,BRAND NEW-L/ASSEMBLE,1,,TIGGO 4 PRO
CAR,TOYOTA,TRJ250W-PRADO,JAPAN,PETROL,2693.0,COLOMBO,RECONDITIONED,1,,TRJ250W-PRADO
CAR,TOYOTA,VELOZ,THAILAND,PETROL,1496.0,BADULLA,RECONDITIONED,1,,VELOZ
CAR,TOYOTA,VELOZ TM,THAILAND,PETROL,1496.0,MULLATIVU,RECONDITIONED,1,,VELOZ TM
CAR,HONDA,VEZEL,JAPAN,PETROL/ELE,1496.0,MATARA,RECONDITIONED,1,,VEZEL
CAR,HONDA,VEZEL 6AA-RV5,JAPAN,PETROL/ELE,1496.0,GAMPAHA,RECONDITIONED,1,,VEZEL 6AA-RV5
MOTOR CYCLE,HONDA,PCX160,VIETNAM,PETROL,156.0,GAMPAHA,RECONDITIONED,1,,PCX160
CAR,SUZUKI,WAGON R 4AA-MH55S,JAPAN,PETROL/ELE,658.0,GALLE,RECONDITIONED,1,,WAGON R 4AA-MH55S
CAR,SUZUKI,WAGON R 4AA-MH55S,JAPAN,PETROL/ELE,650.0,PUTTALAM,RECONDITIONED,1,,WAGON R 4AA-MH55S
CAR,SUZUKI,WAGON-R,JAPAN,PETROL,658.0,COLOMBO,RECONDITIONED,1,WAGON-R,Unknown
DUAL PURPOSE (COMMERCIAL),TOYOTA,HILUX REVO GUN126R,THAILAND,DIESEL,2755.0,COLOMBO,RECONDITIONED,2,,HILUX REVO GUN126R
CAR,BAIC,X55 II LUXURY,SRI LANKA,PETROL,1498.0,AMPARA,BRAND NEW-L/ASSEMBLE,1,,X55 II LUXURY
CAR,BAIC,X55 II LUXURY,SRI LANKA,PETROL,1498.0,COLOMBO,BRAND NEW-L/ASSEMBLE,72,,X55 II LUXURY
CAR,BAIC,X55 II LUXURY,SRI LANKA,PETROL,1498.0,COLOMBO,BRAND NEW,3,,X55 II LUXURY
MOTOR CYCLE,HONDA,ADV160,JAPAN,PETROL,157.0,BATTICALOA,RECONDITIONED,1,,ADV160
CAR,BAIC,X55 II LUXURY,SRI LANKA,PETROL,1498.0,GAMPAHA,BRAND NEW,3,,X55 II LUXURY
CAR,BAIC,X55 II LUXURY,SRI LANKA,PETROL,1498.0,GAMPAHA,BRAND NEW-L/ASSEMBLE,8,,X55 II LUXURY
CAR,BAIC,X55 II LUXURY,SRI LANKA,PETROL,1498.0,HAMBANTOTA,BRAND NEW-L/ASSEMBLE,1,,X55 II LUXURY
MOTOR CYCLE,HONDA,PCX 125,JAPAN,PETROL,124.0,KANDY,RECONDITIONED,1,,PCX 125
CAR,BAIC,X55 II LUXURY,SRI LANKA,PETROL,1498.0,JAFFNA,BRAND NEW-L/ASSEMBLE,1,,X55 II LUXURY
CAR,BAIC,X55 II LUXURY,SRI LANKA,PETROL,1498.0,KALUTARA,BRAND NEW-L/ASSEMBLE,2,,X55 II LUXURY
CAR,BAIC,X55 II LUXURY,SRI LANKA,PETROL,1498.0,KANDY,BRAND NEW-L/ASSEMBLE,1,,X55 II LUXURY
DUAL PURPOSE (COMMERCIAL),TOYOTA,HILUX REVO,THAILAND,DIESEL,2755.0,JAFFNA,RECONDITIONED,1,,HILUX REVO
DUAL PURPOSE (COMMERCIAL),TOYOTA,HILUX REVO ROCCO,THAILAND,DIESEL,2755.0,PUTTALAM,RECONDITIONED,1,,HILUX REVO ROCCO
TRACTOR TRAILER/BOWSER,LOCALLY BUILT,TRACTOR  TRAILER,SRI LANKA,NOT STATED,0.0,MONERAGALA,LOCALLY BUILT,5,,TRACTOR  TRAILER
TRACTOR TRAILER/BOWSER,LOCALLY BUILT,TRACTOR  TRAILER,SRI LANKA,NOT STATED,0.0,AMPARA,LOCALLY BUILT,4,,TRACTOR  TRAILER
TRACTOR TRAILER/BOWSER,LOCALLY BUILT,TRACTOR TRAILER,SRI LANKA,NOT STATED,0.0,KANDY,LOCALLY BUILT,1,,TRACTOR TRAILER
TRACTOR TRAILER/BOWSER,SACHINTHA,TRACTOR TRAILER,SRI LANKA,NOT STATED,0.0,KURUNEGALA,LOCALLY BUILT,2,,TRACTOR TRAILER
TRACTOR TRAILER/BOWSER,LOCALLY BUILT,TRACTOR  TRAILER,SRI LANKA,NOT STATED,0.0,JAFFNA,LOCALLY BUILT,10,,TRACTOR  TRAILER
TRACTOR TRAILER/BOWSER,LOCALLY BUILT,TRACTOR TRAILER,SRI LANKA,NOT STATED,0.0,POLONNARUWA,LOCALLY BUILT,4,,TRACTOR TRAILER
MOTOR CYCLE,HONDA,MC31-HORNET,JAPAN,PETROL,249.0,GAMPAHA,BOUGHT FROM AUCTION,1,MC31-HORNET,Unknown
MOTOR CYCLE,YADEA,T5,CHINA,ELECTRIC,1.2,GAMPAHA,BOUGHT FROM AUCTION,1,,T5
MOTOR CYCLE,QUANLE,ZS,CHINA,ELECTRIC,1.2,HAMBANTOTA,BRAND NEW,2,,ZS
MOTOR CYCLE,QUANLE,G18,CHINA,ELECTRIC,2.0,KURUNEGALA,BRAND NEW,5,,G18
MOTOR CYCLE,VMOTO,CITI,CHINA,ELECTRIC,2.0,ANURADHAPURA,BRAND NEW,4,,CITI
MOTOR CYCLE,DIMEN,D60,CHINA,ELECTRIC,1.2,VAVUNIYA,BRAND NEW,1,,D60
CAR,BAIC,X55 II LUXURY,SRI LANKA,PETROL,1498.0,KEGALLE,BRAND NEW-L/ASSEMBLE,1,,X55 II LUXURY
CAR,BAIC,X55 II LUXURY,SRI LANKA,PETROL,1498.0,KURUNEGALA,BRAND NEW-L/ASSEMBLE,1,,X55 II LUXURY
LAND VEHICLE (SMALL),LAND FORCE,RK160,THAILAND,DIESEL,780.0,AMPARA,BRAND NEW,1,,RK160
MOTOR CYCLE,YADEA,T5,CHINA,ELECTRIC,1.2,GALLE,BRAND NEW,84,,T5
MOTOR CYCLE,YADEA,T5,CHINA,ELECTRIC,1.2,PUTTALAM,BRAND NEW,62,,T5
COMMERCIAL,TOYOTA,GDH322R-EDTDY,JAPAN,DIESEL,2755.0,COLOMBO,BRAND NEW,3,,GDH322R-EDTDY
THREE WHEELER,BAJAJ,RE 4S AUTORICKSHOW,INDIA,PETROL,237.0,COLOMBO,BRAND NEW,82,,RE 4S AUTORICKSHOW
THREE WHEELER,BAJAJ,RE 4S AUTORICKSHOW,INDIA,PETROL,237.0,MULLATIVU,BRAND NEW,5,,RE 4S AUTORICKSHOW
THREE WHEELER,BAJAJ,RE 4S AUTORICKSHOW,INDIA,PETROL,237.0,RATNAPURA,BRAND NEW,17,,RE 4S AUTORICKSHOW
THREE WHEELER,BAJAJ,RE 4S AUTORICKSHOW,INDIA,PETROL,237.0,HAMBANTOTA,BRAND NEW,4,,RE 4S AUTORICKSHOW
MOTOR CYCLE,ATHER,450X,INDIA,ELECTRIC,3.0,MATARA,BRAND NEW,2,,450X
MOTOR CYCLE,ATHER,450X,INDIA,ELECTRIC,3.0,MANNAR,BRAND NEW,1,,450X
CAR,MITSUBISHI,XPANDER MIVEC,MALAYSIA,PETROL,1499.0,COLOMBO,RECONDITIONED,1,,XPANDER MIVEC
LAND VEHICLE (SMALL),FARM MASTER,RV125-2,CHINA,DIESEL,624.0,TRINCOMALEE,BRAND NEW,1,RV125-2,Unknown
MOTOR CYCLE,LIMA,ELO-07,CHINA,ELECTRIC,1.5,POLONNARUWA,BRAND NEW,7,ELO-07,Unknown
MOTOR CYCLE,LIMA,ELO-07,CHINA,ELECTRIC,1.5,MONERAGALA,BRAND NEW,6,ELO-07,Unknown
CAR,MAHINDRA,XUV 700,INDIA,PETROL,1997.0,COLOMBO,BRAND NEW,1,,XUV 700
MOTOR CYCLE,LUYUAN,M-MHH-Z30LJ,CHINA,ELECTRIC,2.0,HAMBANTOTA,BRAND NEW,2,,M-MHH-Z30LJ
THREE WHEELER,BAJAJ,RE 4S AUTORICKSHOW,INDIA,PETROL,237.0,ANURADHAPURA,BRAND NEW,15,,RE 4S AUTORICKSHOW
MOTOR CYCLE,YADEA,T5,CHINA,ELECTRIC,1.2,BATTICALOA,BRAND NEW,4,,T5
MOTOR CYCLE,YADEA,E8S PRO,CHINA,ELECTRIC,2.0,COLOMBO,BRAND NEW,5,,E8S PRO
CAR,TOYOTA,YARIS,JAPAN,PETROL,996.0,COLOMBO,RECONDITIONED,3,,YARIS
MOTOR CYCLE,ATHER,450X,INDIA,ELECTRIC,3.0,KANDY,BRAND NEW,2,,450X
LAND VEHICLE,JOHN DEERE,5047D,INDIA,DIESEL,2940.0,AMPARA,BRAND NEW,10,,5047D
CAR,TOYOTA,YARIS 5BA-KSP210,JAPAN,PETROL,996.0,GALLE,RECONDITIONED,1,,YARIS 5BA-KSP210
MOTOR CYCLE,YADEA,E8S PRO,CHINA,ELECTRIC,2.0,KALUTARA,BRAND NEW,3,,E8S PRO
MOTOR CYCLE,LIMA,ELO-07,CHINA,ELECTRIC,1.5,JAFFNA,BRAND NEW,1,ELO-07,Unknown
LAND VEHICLE,KUBOTA,L3408,JAPAN,DIESEL,1647.0,POLONNARUWA,BRAND NEW,1,,L3408
MOTOR CYCLE,DYNAMIC,SL,CHINA,ELECTRIC,2.0,KALUTARA,BRAND NEW,1,,SL
LAND VEHICLE,MAHINDRA,YUVO TECH PLUS 575DI,INDIA,DIESEL,2979.0,AMPARA,BRAND NEW,5,,YUVO TECH PLUS 575DI
SPECIAL PURPOSE VEHICLE,XCMG,ZL50GN WHEEL LOADER,CHINA,DIESEL,9726.0,GAMPAHA,BRAND NEW,1,,ZL50GN WHEEL LOADER
SPECIAL PURPOSE VEHICLE,MAHINDRA,EARTH MASTER VX90,INDIA,DIESEL,3532.0,GAMPAHA,BRAND NEW,3,,EARTH MASTER VX90
MOTOR CYCLE,TVS,IQUBE,INDIA,ELECTRIC,3.34,ANURADHAPURA,BRAND NEW,6,,IQUBE
MOTOR CYCLE,TVS,IQUBE,INDIA,ELECTRIC,3.34,JAFFNA,BRAND NEW,4,,IQUBE
LAND VEHICLE,TAFE,TAFE 9500,INDIA,DIESEL,2700.0,COLOMBO,BRAND NEW,2,,TAFE 9500
LAND VEHICLE (SMALL),LAND FORCE,RK125,THAILAND,DIESEL,624.0,POLONNARUWA,BRAND NEW,3,,RK125
SPECIAL PURPOSE VEHICLE,XCMG,XC 958 WHEEL LOADER,CHINA,DIESEL,9726.0,KURUNEGALA,BRAND NEW,1,,XC 958 WHEEL LOADER
LAND VEHICLE,MAHINDRA,YUVO TECH PLUS 585DI,INDIA,DIESEL,2979.0,POLONNARUWA,BRAND NEW,5,,YUVO TECH PLUS 585DI
CAR,TOYOTA,YARIS 5BA-KSP210,JAPAN,PETROL,996.0,GAMPAHA,RECONDITIONED,1,,YARIS 5BA-KSP210
LAND VEHICLE,MAHINDRA,YUVO TECH PLUS 585DI,INDIA,DIESEL,2979.0,AMPARA,BRAND NEW,3,,YUVO TECH PLUS 585DI
COMMERCIAL,TOYOTA,COASTER XZB70R-ZGMNY,JAPAN,DIESEL,4009.0,KALUTARA,BRAND NEW,1,,COASTER XZB70R-ZGMNY
LAND VEHICLE (SMALL),LAND FORCE,RK125,THAILAND,DIESEL,624.0,MATARA,BRAND NEW,1,,RK125
CAR,TOYOTA,YARIS ATIV,THAILAND,PETROL,1197.0,COLOMBO,RECONDITIONED,1,,YARIS ATIV
MOTOR CYCLE,LIMA,ELO-07,CHINA,ELECTRIC,1.5,BATTICALOA,BRAND NEW,2,ELO-07,Unknown
MOTOR CYCLE,QUANLE,G18,CHINA,ELECTRIC,2.0,ANURADHAPURA,BRAND NEW,1,,G18
MOTOR CYCLE,QUANLE,XGW,CHINA,ELECTRIC,1.2,COLOMBO,BRAND NEW,2,,XGW
MOTOR CYCLE,QUANLE,XGW,CHINA,ELECTRIC,1.2,GALLE,BRAND NEW,1,,XGW
MOTOR CYCLE,BAJAJ,CT 100 ES,SRI LANKA,PETROL,102.0,MATALE,BRAND NEW,1,,CT 100 ES
THREE WHEELER,BAJAJ,RE 4S AUTORICKSHAW,INDIA,PETROL,237.0,AMPARA,BRAND NEW,15,,RE 4S AUTORICKSHAW
THREE WHEELER,BAJAJ,RE 4S AUTORICKSHAW,INDIA,PETROL,237.0,KALUTARA,BRAND NEW,3,,RE 4S AUTORICKSHAW
THREE WHEELER,BAJAJ,RE 4S AUTORICKSHAW,INDIA,PETROL,237.0,PUTTALAM,BRAND NEW,4,,RE 4S AUTORICKSHAW
CAR,TOYOTA,YARIS ATIV,THAILAND,PETROL,1197.0,GAMPAHA,RECONDITIONED,2,,YARIS ATIV
SINGLE CAB,MAHINDRA,BOLERO CITY PICKUP,INDIA,DIESEL,2523.0,RATNAPURA,BRAND NEW,1,,BOLERO CITY PICKUP
LAND VEHICLE,JOHN DEERE,5045D,INDIA,DIESEL,2940.0,KILINOCHCHI,BRAND NEW,1,,5045D
MOTOR CYCLE,DASTOL,DW-28,CHINA,ELECTRIC,2.0,GAMPAHA,BRAND NEW,1,DW-28,Unknown
LAND VEHICLE,SONALIKA,DI-50RX-2WD,INDIA,DIESEL,2893.0,BATTICALOA,BRAND NEW,1,DI-50RX-2WD,Unknown
LAND VEHICLE,JOHN DEERE,5050D,INDIA,DIESEL,2940.0,POLONNARUWA,BRAND NEW,1,,5050D
LAND VEHICLE (SMALL),LAND FORCE,RK 80,THAILAND,DIESEL,416.0,POLONNARUWA,BRAND NEW,1,,RK 80
MOTOR CYCLE,TVS,NTORQ 125,SRI LANKA,PETROL,124.79,KALUTARA,BRAND NEW-L/ASSEMBLE,107,,NTORQ 125
MOTOR CYCLE,TVS,NTORQ 125,SRI LANKA,PETROL,124.79,KILINOCHCHI,BRAND NEW-L/ASSEMBLE,9,,NTORQ 125
MOTOR CYCLE,RANOMOTO,C 50 CUSTOM,SRI LANKA,PETROL,49.0,GAMPAHA,BRAND NEW-L/ASSEMBLE,4,,C 50 CUSTOM
MOTOR CYCLE,TVS,NTORQ 125,SRI LANKA,PETROL,124.8,RATNAPURA,BRAND NEW-L/ASSEMBLE,55,,NTORQ 125
MOTOR CYCLE,TVS,TVS XL 100,SRI LANKA,PETROL,99.7,BATTICALOA,BRAND NEW-L/ASSEMBLE,6,,TVS XL 100
MOTOR CYCLE,BAJAJ,CT 100 ES,SRI LANKA,PETROL,102.0,MONERAGALA,BRAND NEW-L/ASSEMBLE,128,,CT 100 ES
MOTOR CYCLE,BAJAJ,CT 100 ES,SRI LANKA,PETROL,102.0,BATTICALOA,BRAND NEW-L/ASSEMBLE,46,,CT 100 ES
MOTOR CYCLE,BAJAJ,CT 100 ES,SRI LANKA,PETROL,102.0,TRINCOMALEE,BRAND NEW-L/ASSEMBLE,111,,CT 100 ES
MOTOR CYCLE,BAJAJ,PULSAR N160,SRI LANKA,PETROL,164.82,KALUTARA,BRAND NEW-L/ASSEMBLE,52,,PULSAR N160
MOTOR LORRY (COMMERCIAL),LANKA ASHOK LEYLAND,TUSKER SUPER 1618,SRI LANKA,DIESEL,5759.0,MONERAGALA,BRAND NEW-L/ASSEMBLE,1,,TUSKER SUPER 1618
MOTOR CYCLE,SENARO,GN125,SRI LANKA,PETROL,125.0,MONERAGALA,BRAND NEW-L/ASSEMBLE,15,,GN125
MOTOR CYCLE,TVS,NTORQ 125,SRI LANKA,PETROL,124.8,JAFFNA,BRAND NEW-L/ASSEMBLE,138,,NTORQ 125
MOTOR CYCLE,BAJAJ,PULSAR N160,SRI LANKA,PETROL,164.82,POLONNARUWA,BRAND NEW-L/ASSEMBLE,20,,PULSAR N160
MOTOR CYCLE,BAJAJ,PULSAR N160,SRI LANKA,PETROL,164.82,MULLATIVU,BRAND NEW-L/ASSEMBLE,8,,PULSAR N160
SINGLE CAB,LANKA ASHOK LEYLAND,DOST,SRI LANKA,DIESEL,1478.0,GAMPAHA,BRAND NEW-L/ASSEMBLE,2,,DOST
MOTOR LORRY (COMMERCIAL),LANKA ASHOK LEYLAND,TUSKER SUPER 1618,SRI LANKA,DIESEL,5759.0,COLOMBO,BRAND NEW-L/ASSEMBLE,10,,TUSKER SUPER 1618
MOTOR CYCLE,TVS,TVS RAIDER 125,SRI LANKA,PETROL,124.79,MANNAR,BRAND NEW-L/ASSEMBLE,6,,TVS RAIDER 125
MOTOR CYCLE,BAJAJ,DISCOVER 125,SRI LANKA,PETROL,124.5,MONERAGALA,BRAND NEW-L/ASSEMBLE,13,,DISCOVER 125
MOTOR CYCLE,BAJAJ,DISCOVER 125,SRI LANKA,PETROL,124.5,RATNAPURA,BRAND NEW-L/ASSEMBLE,23,,DISCOVER 125
MOTOR CYCLE,BAJAJ,DISCOVER 125,SRI LANKA,PETROL,124.5,MATARA,BRAND NEW-L/ASSEMBLE,24,,DISCOVER 125
MOTOR CYCLE,BAJAJ,DISCOVER 125,SRI LANKA,PETROL,124.5,NUWARA-ELIYA,BRAND NEW-L/ASSEMBLE,10,,DISCOVER 125
CAR,TOYOTA,YARIS CROSS,THAILAND,PETROL/ELE,1496.0,COLOMBO,RECONDITIONED,3,,YARIS CROSS
CAR,MERCEDES BENZ,ZAA-296624 EQS 450,GERMANY,ELECTRIC,265.0,GAMPAHA,RECONDITIONED,1,ZAA-296624,EQS 450
CAR,TESLA,ZAA-3L13T MODEL 3,U.S.A,ELECTRIC,194.0,GAMPAHA,RECONDITIONED,1,ZAA-3L13T,MODEL 3
SINGLE CAB,MAHINDRA,BOLERO CITY PICKUP,SRI LANKA,DIESEL,2523.0,MATARA,BRAND NEW-L/ASSEMBLE,2,,BOLERO CITY PICKUP
CAR,VOLKSWAGEN,ZAA-E2 EBJ ID4 PRO,GERMANY,ELECTRIC,150.0,COLOMBO,RECONDITIONED,1,ZAA-E2,EBJ ID4 PRO
MOTOR CYCLE,RISE,LEADER,SRI LANKA,ELECTRIC,2.0,KILINOCHCHI,BRAND NEW-L/ASSEMBLE,1,,LEADER
MOTOR LORRY (COMMERCIAL),J M C,JX1044TC2R,SRI LANKA,DIESEL,2771.0,COLOMBO,BRAND NEW-L/ASSEMBLE,1,,JX1044TC2R
