Class of Vehicle,Make/Manufa. Name,Model,Country,Fuel Used,Cylinder Capacity,District,Registration Status,No of vehicle,Model_Code,Clean_Name
AMBULANCE,TOYOTA,HIACE,JAPAN,DIESEL,2982.0,GAMPAHA,BRAND NEW,1,,HIACE
CAR,SUZUKI,4AA-MN71S XBEE,JAPAN,PETROL/ELE,990.0,COLOMBO,RECONDITIONED,1,4AA-MN71S,XBEE
CAR,SUZUKI,5BD-DA17V EVERY,JAPAN,PETROL,658.0,COLOMBO,RECONDITIONED,31,5BD-DA17V,EVERY
CAR,HONDA,6AA-RV5 VEZEL,JAPAN,PETROL/ELE,1496.0,COLOMBO,RECONDITIONED,166,6AA-RV5,VEZEL
CAR,SUZUKI,5AA-MK53S SPACIA,JAPAN,PETROL,658.0,COLOMBO,RECONDITIONED,1,5AA-MK53S,SPACIA
CAR,HONDA,VEZEL 6AA-RV5,JAPAN,PETROL/ELE,1496.0,KALUTARA,RECONDITIONED,1,,VEZEL 6AA-RV5
CAR,TOYOTA,5BA-KSP210 YARIS,JAPAN,PETROL,996.0,COLOMBO,RECONDITIONED,71,5BA-KSP210,YARIS
CAR,TOYOTA,5BA-KSP210 YARIS,JAPAN,PETROL,996.0,KANDY,RECONDITIONED,24,5BA-KSP210,YARIS
CAR,VOLKSWAGEN,3BA-AWDLA POLO,GERMANY,PETROL,990.0,COLOMBO,RECONDITIONED,1,3BA-AWDLA,POLO
CAR,TOYOTA,5BA-KSP210 YARIS,JAPAN,PETROL,990.0,COLOMBO,RECONDITIONED,2,5BA-KSP210,YARIS
CAR,TOYOTA,6AA-MXPJ10 YARIS,JAPAN,PETROL/ELE,1490.0,KANDY,RECONDITIONED,1,6AA-MXPJ10,YARIS
CAR,TOYOTA,3BA-A210A RAIZE,JAPAN,PETROL,996.0,MATARA,RECONDITIONED,4,3BA-A210A,RAIZE
CAR,DAIHATSU,5BA-LA900S,JAPAN,PETROL,650.0,KANDY,RECONDITIONED,2,5BA-LA900S,TALF
CAR,TOYOTA,5BA-KSP210 YARIS,JAPAN,PETROL,996.0,NUWARA-ELIYA,RECONDITIONED,1,5BA-KSP210,YARIS
CAR,DAIHATSU,5BA-LA900S TAFT,JAPAN,PETROL,658.0,GAMPAHA,RECONDITIONED,19,5BA-LA900S,TAFT
CAR,AUDI,3AA-GYDLA A3,GERMANY,PETROL,990.0,GALLE,RECONDITIONED,1,3AA-GYDLA,A3
CAR,SUZUKI,3BA-DA17W EVERY,JAPAN,PETROL,658.0,COLOMBO,RECONDITIONED,6,3BA-DA17W,EVERY
CAR,SUZUKI,5BA-MH85S WAGON R,JAPAN,PETROL,656.0,MATALE,RECONDITIONED,3,5BA-MH85S,WAGON R
CAR,SUZUKI,3BA-HA37S ALTO,JAPAN,PETROL,650.0,GAMPAHA,RECONDITIONED,1,3BA-HA37S,ALTO
CAR,HONDA,6AA-RV5 VEZEL,JAPAN,PETROL/ELE,1500.0,GALLE,RECONDITIONED,1,6AA-RV5,VEZEL
CAR,TOYOTA,6AA-ZWR90W VOXY,JAPAN,PETROL/ELE,1797.0,COLOMBO,RECONDITIONED,6,6AA-ZWR90W,VOXY
CAR,HONDA,6AA-RV5-VEZEL,JAPAN,PETROL/ELE,1496.0,GAMPAHA,RECONDITIONED,4,6AA-RV5-VEZEL,Unknown
CAR,TOYOTA,5BA-KSP210 YARIS,JAPAN,PETROL,996.0,ANURADHAPURA,RECONDITIONED,8,5BA-KSP210,YARIS
CAR,HONDA,6BA-JH3 NWGN,JAPAN,PETROL,658.0,COLOMBO,RECONDITIONED,1,6BA-JH3,NWGN
CAR,MINI,3BA-XU15MW COOPER,GERMANY,PETROL,1498.0,KURUNEGALA,RECONDITIONED,1,3BA-XU15MW,COOPER
CAR,HONDA,6AA-RV5-VEZEL,JAPAN,PETROL/ELE,1496.0,MATARA,RECONDITIONED,1,6AA-RV5-VEZEL,Unknown
CAR,HONDA,CRV VTIL 7,THAILAND,PETROL,1498.0,COLOMBO,RECONDITIONED,1,,CRV VTIL 7
CAR,DAIHATSU,5BA-LA350S MIRA ES,JAPAN,PETROL,650.0,KURUNEGALA,RECONDITIONED,1,5BA-LA350S,MIRA ES
CAR,DAIHATSU,5BA-LA350S MIRA,JAPAN,PETROL,658.0,KURUNEGALA,RECONDITIONED,2,5BA-LA350S,MIRA
CAR,TOYOTA,6AA-NKE165 COROLLA,JAPAN,PETROL/ELE,1496.0,GALLE,RECONDITIONED,1,6AA-NKE165,COROLLA
CAR,SUZUKI,3BA-JB64W GIMNY,JAPAN,PETROL,650.0,KANDY,RECONDITIONED,1,3BA-JB64W,GIMNY
CAR,TOYOTA,3BA-A210A,JAPAN,PETROL,996.0,KALUTARA,RECONDITIONED,1,3BA-A210A,- RAIZE
CAR,TOYOTA,5BA-KSP210 YARIS,JAPAN,PETROL,996.0,KEGALLE,RECONDITIONED,4,5BA-KSP210,YARIS
CAR,SUZUKI,3BA-HA37S ALTO,JAPAN,PETROL,658.0,COLOMBO,RECONDITIONED,10,3BA-HA37S,ALTO
CAR,SUZUKI,5AA-MH95S,JAPAN,PETROL/ELE,658.0,KANDY,RECONDITIONED,1,5AA-MH95S,WAGON 4
CAR,SUZUKI,5BD-DA17V EVERY,JAPAN,PETROL,658.0,RATNAPURA,RECONDITIONED,1,5BD-DA17V,EVERY
CAR,DAIHATSU,5BA-LA350S MIRA E.S,JAPAN,PETROL,658.0,GAMPAHA,RECONDITIONED,6,5BA-LA350S,MIRA E.S
CAR,HONDA,5BA-DG5,JAPAN,PETROL,1496.0,COLOMBO,RECONDITIONED,1,5BA-DG5,Unknown
CAR,DAIHATSU,5BA-LA900S,JAPAN,PETROL,658.0,COLOMBO,RECONDITIONED,7,5BA-LA900S,TALF
CAR,TOYOTA,5BA-LA350A,JAPAN,PETROL,658.0,GAMPAHA,RECONDITIONED,2,5BA-LA350A,Unknown
CAR,NISSAN,5AA-B44W DAYZ,JAPAN,PETROL/ELE,650.0,COLOMBO,RECONDITIONED,1,5AA-B44W,DAYZ
CAR,SUZUKI,4AA-MK53S SPACIA,JAPAN,PETROL/ELE,658.0,COLOMBO,RECONDITIONED,1,4AA-MK53S,SPACIA
CAR,SUZUKI,5AA-MH95S WAGON R,JAPAN,PETROL,658.0,JAFFNA,RECONDITIONED,3,5AA-MH95S,WAGON R
CAR,HONDA,CR-V VTIL7,AUSTRALIA,PETROL,1498.0,COLOMBO,RECONDITIONED,1,CR-V,VTIL7
CAR,TOYOTA,5BA-M900A,JAPAN,PETROL,996.0,KALUTARA,RECONDITIONED,1,5BA-M900A,ROOMY
CAR,SUZUKI,5AAMH95S WAGON R,JAPAN,PETROL,658.0,COLOMBO,RECONDITIONED,1,,5AAMH95S WAGON R
CAR,HONDA,6AA-RV5 VEZEL,JAPAN,PETROL/ELE,1490.0,KEGALLE,RECONDITIONED,1,6AA-RV5,VEZEL
CAR,TOYOTA,6AA-MXPJ10 YARIS,JAPAN,PETROL/ELE,1496.0,MONERAGALA,RECONDITIONED,1,6AA-MXPJ10,YARIS
CAR,TOYOTA,5BA-M900A ROOMY,JAPAN,PETROL,996.0,AMPARA,RECONDITIONED,2,5BA-M900A,ROOMY
CAR,NISSAN,5BD-DR17V CLIPPER,JAPAN,PETROL,658.0,COLOMBO,RECONDITIONED,7,5BD-DR17V,CLIPPER
CAR,TOYOTA,3BA-TRJ250W,JAPAN,PETROL,2696.0,COLOMBO,RECONDITIONED,1,3BA-TRJ250W,Unknown
CAR,DAIHATSU,5AA-A202S,JAPAN,PETROL/ELE,1196.0,BADULLA,RECONDITIONED,1,5AA-A202S,Unknown
CAR,SUZUKI,5BA-MH85S WAGON R,JAPAN,PETROL,657.0,MATARA,RECONDITIONED,1,5BA-MH85S,WAGON R
CAR,TOYOTA,3BA-NGX10,JAPAN,PETROL,1196.0,PUTTALAM,RECONDITIONED,1,3BA-NGX10,CH-R
CAR,SUZUKI,5BA-MH85S WAGON R,JAPAN,PETROL,658.0,MATARA,RECONDITIONED,1,5BA-MH85S,WAGON R
CAR,TOYOTA,3BA-TRJ150W,JAPAN,PETROL,2693.0,KURUNEGALA,RECONDITIONED,1,3BA-TRJ150W,TX-L
CAR,SUZUKI,5AA-ZCEDS SWIFT,JAPAN,PETROL,1197.0,COLOMBO,RECONDITIONED,2,5AA-ZCEDS,SWIFT
CAR,HONDA,CRV,AUSTRALIA,PETROL,1498.0,COLOMBO,RECONDITIONED,3,,CRV
CAR,MERCEDES BENZ,5BA-247784M GLA 180,GERMANY,PETROL,1339.0,GALLE,RECONDITIONED,1,5BA-247784M,GLA 180
CAR,TOYOTA,6AAMXPJ10,JAPAN,PETROL/ELE,1490.0,GAMPAHA,RECONDITIONED,1,,6AAMXPJ10
CAR,TOYOTA,6AA-MXPJ10 YARIS,JAPAN,PETROL/ELE,1490.0,GAMPAHA,RECONDITIONED,7,6AA-MXPJ10,YARIS
CAR,AUDI,3AA-GYDLA,JAPAN,PETROL,999.0,MATARA,RECONDITIONED,1,3AA-GYDLA,A3
CAR,MG,MG4,THAILAND,ELECTRIC,125.0,COLOMBO,RECONDITIONED,1,,MG4
CAR,SUZUKI,5AA-MH95S WAGON R,JAPAN,PETROL/ELE,658.0,KALUTARA,RECONDITIONED,5,5AA-MH95S,WAGON R
CAR,HONDA,CITY RS,THAILAND,PETROL,988.0,COLOMBO,RECONDITIONED,14,,CITY RS
CAR,HONDA,6BA-JF5 N-BOX,JAPAN,PETROL,658.0,KEGALLE,RECONDITIONED,1,6BA-JF5,N-BOX
CAR,NISSAN,5BA-B43W DAYZ,JAPAN,PETROL,658.0,COLOMBO,RECONDITIONED,1,5BA-B43W,DAYZ
CAR,TOYOTA,3BA-A210A RAIZE,JAPAN,PETROL,996.0,GALLE,RECONDITIONED,11,3BA-A210A,RAIZE
CAR,SUZUKI,5AA-MK94S-SPACIA,JAPAN,PETROL,658.0,KALUTARA,RECONDITIONED,1,5AA-MK94S-SPACIA,Unknown
CAR,TOYOTA,3BA-A210A RAIZE,JAPAN,PETROL,996.0,KURUNEGALA,RECONDITIONED,7,3BA-A210A,RAIZE
CAR,TOYOTA,4BA-M900A ROOMY,JAPAN,PETROL,996.0,JAFFNA,RECONDITIONED,2,4BA-M900A,ROOMY
CAR,TOYOTA,5BA-M900A ROOMY,JAPAN,PETROL,996.0,KURUNEGALA,RECONDITIONED,4,5BA-M900A,ROOMY
CAR,TOYOTA,5BA-KSP210 YARIS,JAPAN,PETROL,996.0,MATARA,RECONDITIONED,12,5BA-KSP210,YARIS
CAR,SUZUKI,5BA-MH85S WAGON R,JAPAN,PETROL,658.0,GALLE,RECONDITIONED,2,5BA-MH85S,WAGON R
CAR,LAND ROVER,3LA-LZ15TB EVOQUE,UNITED KINGDOM,PETROL/ELE,1490.0,GAMPAHA,RECONDITIONED,1,3LA-LZ15TB,EVOQUE
CAR,TOYOTA,5BA-M900 A ROOMY,JAPAN,PETROL,996.0,MATALE,RECONDITIONED,1,5BA-M900,A ROOMY
CAR,TOYOTA,5BA-A201A RAIZE,JAPAN,PETROL,1196.0,AMPARA,RECONDITIONED,5,5BA-A201A,RAIZE
CAR,TOYOTA,5BA-KSP210 YARIS,JAPAN,PETROL,996.0,JAFFNA,RECONDITIONED,5,5BA-KSP210,YARIS
CAR,TOYOTA,3BA-NGX50 C-HR,JAPAN,PETROL,1196.0,COLOMBO,RECONDITIONED,2,3BA-NGX50,C-HR
CAR,TOYOTA,3BA-TRJ150W  PRADO,JAPAN,PETROL,2693.0,GAMPAHA,RECONDITIONED,1,3BA-TRJ150W,PRADO
CAR,SUZUKI,5 AA-MH95S WAGON R,JAPAN,PETROL/ELE,658.0,PUTTALAM,RECONDITIONED,1,,5 AA-MH95S WAGON R
CAR,TOYOTA,3BA-TRJ150W,JAPAN,PETROL,2690.0,ANURADHAPURA,RECONDITIONED,1,3BA-TRJ150W,TX-L
CAR,SUZUKI,4AA-MN71S,JAPAN,PETROL,996.0,ANURADHAPURA,RECONDITIONED,1,4AA-MN71S,X BEE
CAR,SUZUKI,EVERY JOIN 660 AUTO,JAPAN,PETROL,658.0,KEGALLE,RECONDITIONED,1,,EVERY JOIN 660 AUTO
CAR,TOYOTA,KSP210 YARIS,JAPAN,PETROL,969.0,MATARA,RECONDITIONED,1,,KSP210 YARIS
CAR,SUZUKI,5AA-MR92S HUSTLER,JAPAN,PETROL/ELE,658.0,GALLE,RECONDITIONED,1,5AA-MR92S,HUSTLER
CAR,TOYOTA,3DA-FJA300W,JAPAN,DIESEL,3345.0,GALLE,RECONDITIONED,2,3DA-FJA300W,Unknown
CAR,TOYOTA,3BA-TRJ150W,JAPAN,PETROL,2690.0,COLOMBO,RECONDITIONED,1,3BA-TRJ150W,TX-L
CAR,SUZUKI,3BA-DA17W EVERYWAGON,JAPAN,PETROL,658.0,ANURADHAPURA,RECONDITIONED,1,3BA-DA17W,EVERYWAGON
CAR,NISSAN,5BA-B43W DAYS,JAPAN,PETROL,658.0,RATNAPURA,RECONDITIONED,1,5BA-B43W,DAYS
CAR,TOYOTA,5BA-M700A PASSO,JAPAN,PETROL,996.0,COLOMBO,RECONDITIONED,7,5BA-M700A,PASSO
CAR,HONDA,CITY RS,THAILAND,PETROL,996.0,KANDY,RECONDITIONED,1,,CITY RS
CAR,SUZUKI,5AA-MH95S WAGON R,JAPAN,PETROL,650.0,GAMPAHA,RECONDITIONED,1,5AA-MH95S,WAGON R
CAR,HONDA,6AA-RV5 VEZEL,JAPAN,PETROL/ELE,1496.0,ANURADHAPURA,RECONDITIONED,10,6AA-RV5,VEZEL
CAR,SUZUKI,5AA-MH95S,JAPAN,PETROL,658.0,GALLE,RECONDITIONED,2,5AA-MH95S,WAGON 4
CAR,SUZUKI,5AA-MK94S SPACIA,JAPAN,PETROL,658.0,COLOMBO,RECONDITIONED,4,5AA-MK94S,SPACIA
CAR,TOYOTA,3DA-GDJ151W,JAPAN,DIESEL,2754.0,HAMBANTOTA,RECONDITIONED,1,3DA-GDJ151W,Unknown
CAR,SUZUKI,5AA-HA97S,JAPAN,PETROL,658.0,TRINCOMALEE,RECONDITIONED,1,5AA-HA97S,/ ALTO
CAR,DAIHATSU,5BA-LA650S TANTO,JAPAN,PETROL,658.0,GAMPAHA,RECONDITIONED,1,5BA-LA650S,TANTO
CAR,TOYOTA,6AA-MXPJ10,JAPAN,PETROL/ELE,1496.0,GALLE,RECONDITIONED,1,6AA-MXPJ10,/YARIS
CAR,SUZUKI,5AA-MH95S WAGON R,JAPAN,PETROL/ELE,658.0,GAMPAHA,RECONDITIONED,6,5AA-MH95S,WAGON R
CAR,HONDA,6AA-RV5 VEZEL,JAPAN,PETROL/ELE,1496.0,AMPARA,RECONDITIONED,11,6AA-RV5,VEZEL
CAR,DAIHATSU,5BA-LA350S MIRA,JAPAN,PETROL,658.0,COLOMBO,RECONDITIONED,10,5BA-LA350S,MIRA
CAR,TOYOTA,6AA-MXPK11 AQUA,JAPAN,PETROL/ELE,1490.0,GAMPAHA,RECONDITIONED,3,6AA-MXPK11,AQUA
CAR,TOYOTA,6AA-MXPJ10 YARIS,JAPAN,PETROL/ELE,1496.0,KURUNEGALA,RECONDITIONED,3,6AA-MXPJ10,YARIS
CAR,SUZUKI,3BA-DA17W EVERY,JAPAN,PETROL,658.0,GAMPAHA,RECONDITIONED,5,3BA-DA17W,EVERY
CAR,SUZUKI,5AA-MK94S SPACIA,JAPAN,PETROL,650.0,GALLE,RECONDITIONED,1,5AA-MK94S,SPACIA
CAR,SUZUKI,5BA-MH85S WAGON R,JAPAN,PETROL,657.0,GALLE,RECONDITIONED,1,5BA-MH85S,WAGON R
CAR,HONDA,CITY RS,THAILAND,PETROL,988.0,KALUTARA,RECONDITIONED,6,,CITY RS
CAR,LEXUS,6AA-MAYH10 LBX,JAPAN,PETROL/ELE,1490.0,MATARA,RECONDITIONED,1,6AA-MAYH10,LBX
CAR,TOYOTA,3DA-FJA300W,JAPAN,DIESEL,3340.0,COLOMBO,RECONDITIONED,1,3DA-FJA300W,Unknown
CAR,SUZUKI,4AA-MH55S WAGON R,JAPAN,PETROL/ELE,657.0,JAFFNA,RECONDITIONED,1,4AA-MH55S,WAGON R
CAR,HONDA,6AA-RV5 VEZEL,JAPAN,PETROL/ELE,1498.0,COLOMBO,RECONDITIONED,3,6AA-RV5,VEZEL
CAR,DAIHATSU,5BA-LA350S MIRA,JAPAN,PETROL,658.0,KEGALLE,RECONDITIONED,2,5BA-LA350S,MIRA
CAR,HONDA,6AA-RV5-VEZEL,JAPAN,PETROL/ELE,1496.0,COLOMBO,RECONDITIONED,3,6AA-RV5-VEZEL,Unknown
CAR,SUZUKI,5AA-MH95S WAGON R,JAPAN,PETROL,658.0,GAMPAHA,RECONDITIONED,17,5AA-MH95S,WAGON R
CAR,TOYOTA,6AA-NKE165,JAPAN,PETROL/ELE,1496.0,COLOMBO,RECONDITIONED,1,6AA-NKE165,AX10
CAR,TOYOTA,5BA-M700A,JAPAN,PETROL,996.0,COLOMBO,RECONDITIONED,1,5BA-M700A,PASSO
CAR,SUZUKI,5AA-MK94S,JAPAN,PETROL/ELE,658.0,COLOMBO,RECONDITIONED,1,5AA-MK94S,Unknown
CAR,TOYOTA,6AA-MXPJ10 YARIS,JAPAN,PETROL/ELE,1496.0,ANURADHAPURA,RECONDITIONED,1,6AA-MXPJ10,YARIS
CAR,SUZUKI,4AA-MH55S WAGON R,JAPAN,PETROL/ELE,650.0,BATTICALOA,RECONDITIONED,1,4AA-MH55S,WAGON R
CAR,SUZUKI,5AA-MH95S WAGON R,JAPAN,PETROL,657.0,AMPARA,RECONDITIONED,1,5AA-MH95S,WAGON R
CAR,SUZUKI,5AA-ZCEDS SWIFT,JAPAN,PETROL,1196.0,COLOMBO,RECONDITIONED,4,5AA-ZCEDS,SWIFT
CAR,TOYOTA,5BA-M900A ROOMY,JAPAN,PETROL,996.0,KALUTARA,RECONDITIONED,7,5BA-M900A,ROOMY
CAR,DAIHATSU,5BA-LA350S MIRA ES,JAPAN,PETROL,658.0,COLOMBO,RECONDITIONED,4,5BA-LA350S,MIRA ES
CAR,SUZUKI,4AA-MK54S SPACIA,JAPAN,PETROL/ELE,658.0,COLOMBO,RECONDITIONED,2,4AA-MK54S,SPACIA
CAR,SUZUKI,5BA-MH85S WAGON R,JAPAN,PETROL,656.0,RATNAPURA,RECONDITIONED,1,5BA-MH85S,WAGON R
CAR,TOYOTA,3BA-TRJ150W,JAPAN,PETROL,2693.0,GALLE,RECONDITIONED,2,3BA-TRJ150W,TX-L
CAR,TOYOTA,5BA-MZEA17 COROLLA,JAPAN,PETROL,1490.0,BADULLA,RECONDITIONED,1,5BA-MZEA17,COROLLA
CAR,HONDA,6AA -RV 5 VEZEL,JAPAN,PETROL/ELE,1496.0,MATARA,RECONDITIONED,1,,6AA -RV 5 VEZEL
CAR,TOYOTA,3BA-TRJ150W PRADO,JAPAN,PETROL,2693.0,KURUNEGALA,RECONDITIONED,1,3BA-TRJ150W,PRADO
CAR,DAIHATSU,5BA-M900S THOR,JAPAN,PETROL,996.0,COLOMBO,RECONDITIONED,1,5BA-M900S,THOR
CAR,NISSAN,5BD-DR17V CLIPER,JAPAN,PETROL,658.0,GAMPAHA,RECONDITIONED,1,5BD-DR17V,CLIPER
CAR,TOYOTA,3BA-JRJ250W,JAPAN,PETROL,2693.0,GAMPAHA,RECONDITIONED,1,3BA-JRJ250W,Unknown
CAR,HONDA,6AA-RV5 VEZEL,JAPAN,PETROL,1496.0,GAMPAHA,RECONDITIONED,1,6AA-RV5,VEZEL
CAR,MITSUBISHI,5BA-B33W EK WAGON,JAPAN,PETROL,658.0,COLOMBO,RECONDITIONED,1,5BA-B33W,EK WAGON
CAR,SUZUKI,4AA-MH55S WAGON R,JAPAN,PETROL,658.0,GAMPAHA,RECONDITIONED,1,4AA-MH55S,WAGON R
CAR,HONDA,CR-V VTILX,AUSTRIA,PETROL,1498.0,COLOMBO,RECONDITIONED,1,CR-V,VTILX
CAR,TOYOTA,5BA-KSP210,JAPAN,PETROL,996.0,MATARA,RECONDITIONED,1,5BA-KSP210,YARIS X
CAR,HONDA,CITY RS,THAILAND,PETROL,988.0,KURUNEGALA,RECONDITIONED,2,,CITY RS
CAR,HONDA,6AA-RV5 VEZEL,JAPAN,PETROL/ELE,1496.0,BADULLA,RECONDITIONED,9,6AA-RV5,VEZEL
CAR,HONDA,6AA-RV5 VEZEL,JAPAN,PETROL/ELE,1496.0,PUTTALAM,RECONDITIONED,13,6AA-RV5,VEZEL
CAR,TOYOTA,5BA-M900A ROOMY,JAPAN,PETROL,996.0,KANDY,RECONDITIONED,6,5BA-M900A,ROOMY
CAR,DAIHATSU,5BA-LA350S MIRS E.S,JAPAN,PETROL,658.0,PUTTALAM,RECONDITIONED,1,5BA-LA350S,MIRS E.S
CAR,TOYOTA,5BA-M900A ROOMY,JAPAN,PETROL,996.0,MATARA,RECONDITIONED,2,5BA-M900A,ROOMY
CAR,TOYOTA,6BA-MXUA80 HARRIER,JAPAN,PETROL,1986.0,COLOMBO,RECONDITIONED,3,6BA-MXUA80,HARRIER
CAR,TOYOTA,5BA-KSP210 YARIS,JAPAN,PETROL,996.0,GAMPAHA,RECONDITIONED,72,5BA-KSP210,YARIS
CAR,TOYOTA,5BA-KSP210 YARIS,JAPAN,PETROL,996.0,KURUNEGALA,RECONDITIONED,14,5BA-KSP210,YARIS
CAR,HONDA,6AA-RV5 VEZEL,JAPAN,PETROL/ELE,1496.0,BATTICALOA,RECONDITIONED,4,6AA-RV5,VEZEL
CAR,SUZUKI,5AA-MH95S WAGON R,JAPAN,PETROL,658.0,COLOMBO,RECONDITIONED,15,5AA-MH95S,WAGON R
CAR,SUZUKI,3BD-DA17V EVERY,JAPAN,PETROL,658.0,KANDY,RECONDITIONED,4,3BD-DA17V,EVERY
CAR,TOYOTA,5BA-A201A RAIZE,JAPAN,PETROL,1196.0,KALUTARA,RECONDITIONED,5,5BA-A201A,RAIZE
CAR,HONDA,6AA-RV5  VEZEL,JAPAN,PETROL/ELE,1496.0,GALLE,RECONDITIONED,6,6AA-RV5,VEZEL
CAR,TOYOTA,3BA-TRJ250W,JAPAN,PETROL,2693.0,COLOMBO,RECONDITIONED,41,3BA-TRJ250W,Unknown
CAR,NISSAN,5AA-B44W DAYZ,JAPAN,PETROL,658.0,PUTTALAM,RECONDITIONED,1,5AA-B44W,DAYZ
CAR,SUZUKI,5AA-ZCEDS SWIFT,JAPAN,PETROL/ELE,1196.0,COLOMBO,RECONDITIONED,2,5AA-ZCEDS,SWIFT
CAR,TOYOTA,5BA-A201A RAIZE,JAPAN,PETROL,1190.0,KEGALLE,RECONDITIONED,1,5BA-A201A,RAIZE
CAR,SUZUKI,5AA MH95S WAGON R,JAPAN,PETROL,658.0,COLOMBO,RECONDITIONED,1,,5AA MH95S WAGON R
CAR,TOYOTA,3DA-GDJ250W,JAPAN,DIESEL,2754.0,COLOMBO,RECONDITIONED,4,3DA-GDJ250W,Unknown
CAR,DAIHATSU,5BA-LA350S MIRA ES,JAPAN,PETROL,658.0,GALLE,RECONDITIONED,1,5BA-LA350S,MIRA ES
CAR,SUZUKI,4AA-MN71S XBEE,JAPAN,PETROL,996.0,KANDY,RECONDITIONED,1,4AA-MN71S,XBEE
CAR,SUZUKI,5AA-MH95S WAGON R,JAPAN,PETROL/ELE,658.0,COLOMBO,RECONDITIONED,8,5AA-MH95S,WAGON R
CAR,SUZUKI,3BA-DA17W EVERY,JAPAN,PETROL,658.0,MATALE,RECONDITIONED,4,3BA-DA17W,EVERY
CAR,SUZUKI,5BD-DA17V EVERY,JAPAN,PETROL,656.0,GAMPAHA,RECONDITIONED,2,5BD-DA17V,EVERY
CAR,DAIHATSU,3BA-A210S ROCKY,JAPAN,PETROL,996.0,BADULLA,RECONDITIONED,1,3BA-A210S,ROCKY
CAR,TOYOTA,6AA-ZWR90W VOXY,JAPAN,PETROL/ELE,1797.0,KALUTARA,RECONDITIONED,1,6AA-ZWR90W,VOXY
CAR,HONDA,6AA-RV5 VEZEL,JAPAN,PETROL/ELE,1496.0,TRINCOMALEE,RECONDITIONED,5,6AA-RV5,VEZEL
CAR,TOYOTA,5BA-M700A PASSO,JAPAN,PETROL,998.0,GALLE,RECONDITIONED,1,5BA-M700A,PASSO
CAR,SUZUKI,5AA-MH95S WAGON R,JAPAN,PETROL/ELE,657.0,HAMBANTOTA,RECONDITIONED,1,5AA-MH95S,WAGON R
CAR,TOYOTA,5AA-TZSH35 CROWN,JAPAN,PETROL/ELE,2393.0,COLOMBO,RECONDITIONED,1,5AA-TZSH35,CROWN
CAR,DAIHATSU,5BA-LA900S,JAPAN,PETROL,650.0,KURUNEGALA,RECONDITIONED,1,5BA-LA900S,TALF
CAR,TOYOTA,3BA-VJA300W,JAPAN,PETROL,3444.0,KANDY,RECONDITIONED,2,3BA-VJA300W,Unknown
CAR,TOYOTA,3BA-TRJ150W,JAPAN,PETROL,2693.0,GAMPAHA,RECONDITIONED,7,3BA-TRJ150W,TX-L
CAR,SUZUKI,5AA-HA97S ALTO,JAPAN,PETROL,657.0,MATARA,RECONDITIONED,1,5AA-HA97S,ALTO
CAR,TOYOTA,5BA-KSP-210,JAPAN,PETROL,996.0,GALLE,RECONDITIONED,1,5BA-KSP-210,Unknown
CAR,SUZUKI,3DB-DA17V EVERY,JAPAN,PETROL,658.0,KANDY,RECONDITIONED,1,3DB-DA17V,EVERY
CAR,TOYOTA,6AA-ZWR90W VOXY,JAPAN,PETROL/ELE,1797.0,KANDY,RECONDITIONED,2,6AA-ZWR90W,VOXY
CAR,NISSAN,NV100 CLIPPER,JAPAN,PETROL,658.0,COLOMBO,RECONDITIONED,1,,NV100 CLIPPER
CAR,HONDA,6AA-RV5 VEZEL,JAPAN,PETROL,1496.0,PUTTALAM,RECONDITIONED,1,6AA-RV5,VEZEL
CAR,TOYOTA,5BA-KSP210 YARIS,JAPAN,PETROL,996.0,KALUTARA,RECONDITIONED,14,5BA-KSP210,YARIS
CAR,DAIHATSU,5BA-LA900S TAFT,JAPAN,PETROL,658.0,KANDY,RECONDITIONED,4,5BA-LA900S,TAFT
CAR,TOYOTA,3BA-VJA300W,JAPAN,PETROL,3444.0,COLOMBO,RECONDITIONED,28,3BA-VJA300W,Unknown
CAR,SUZUKI,5AA-MK94S SPACIA,JAPAN,PETROL/ELE,658.0,COLOMBO,RECONDITIONED,2,5AA-MK94S,SPACIA
CAR,TOYOTA,6AA-MXPJ10 YARIS,JAPAN,PETROL/ELE,1496.0,COLOMBO,RECONDITIONED,14,6AA-MXPJ10,YARIS
CAR,TOYOTA,3BA-A210A RAIZE,JAPAN,PETROL,996.0,BADULLA,RECONDITIONED,6,3BA-A210A,RAIZE
CAR,TOYOTA,3BA-A210A RAIZE,JAPAN,PETROL,996.0,KANDY,RECONDITIONED,7,3BA-A210A,RAIZE
CAR,DAIHATSU,5BA-LA350S MIRA,JAPAN,PETROL,658.0,MATALE,RECONDITIONED,1,5BA-LA350S,MIRA
CAR,SUZUKI,5BD-DA17V EVERY,JAPAN,PETROL,658.0,GAMPAHA,RECONDITIONED,24,5BD-DA17V,EVERY
CAR,TOYOTA,6AA-MXPJ YARIS,JAPAN,PETROL/ELE,1490.0,GAMPAHA,RECONDITIONED,1,6AA-MXPJ,YARIS
CAR,SUZUKI,5BD-DA17V EVERY,JAPAN,PETROL,658.0,KEGALLE,RECONDITIONED,1,5BD-DA17V,EVERY
CAR,LAND ROVER,RANGE ROVER,UNITED KINGDOM,PETROL/ELE,2996.0,GAMPAHA,RECONDITIONED,1,,RANGE ROVER
CAR,HONDA,6AA-RV5 VEZEL,JAPAN,PETROL/ELE,1496.0,JAFFNA,RECONDITIONED,8,6AA-RV5,VEZEL
CAR,HONDA,CITY RS,THAILAND,PETROL,988.0,PUTTALAM,RECONDITIONED,4,,CITY RS
CAR,SUZUKI,5AA-MK94S-SPACIA,JAPAN,PETROL,657.0,GAMPAHA,RECONDITIONED,1,5AA-MK94S-SPACIA,Unknown
CAR,HONDA,6AA-RV5,JAPAN,PETROL/ELE,1496.0,RATNAPURA,RECONDITIONED,1,6AA-RV5,VEZAL
CAR,HONDA,CRV VTI L7,AUSTRALIA,PETROL,1498.0,KALUTARA,RECONDITIONED,1,,CRV VTI L7
CAR,NISSAN,5AA-B44A,JAPAN,PETROL,650.0,COLOMBO,RECONDITIONED,1,5AA-B44A,ROOX
CAR,HONDA,CR-V,AUSTRALIA,PETROL,1498.0,GAMPAHA,RECONDITIONED,3,CR-V,50
CAR,SUZUKI,5AA-MH95S WAGON R,JAPAN,PETROL,658.0,GALLE,RECONDITIONED,4,5AA-MH95S,WAGON R
CAR,SUZUKI,5AA-MH95S WAGON R,JAPAN,PETROL/ELE,658.0,VAVUNIYA,RECONDITIONED,1,5AA-MH95S,WAGON R
CAR,HONDA,6AA-RV5 VEZEL,JAPAN,PETROL/ELE,1496.0,KEGALLE,RECONDITIONED,9,6AA-RV5,VEZEL
CAR,TOYOTA,3BA-TRJ150W,JAPAN,PETROL,2693.0,PUTTALAM,RECONDITIONED,2,3BA-TRJ150W,TX-L
CAR,SUZUKI,5AA-HA97S ALTO,JAPAN,PETROL,658.0,COLOMBO,RECONDITIONED,1,5AA-HA97S,ALTO
CAR,TOYOTA,6AA-MXPL10G SIENTA,JAPAN,PETROL/ELE,1496.0,GAMPAHA,RECONDITIONED,1,6AA-MXPL10G,SIENTA
CAR,SUZUKI,5BD-DA17V EVERY,JAPAN,PETROL,656.0,KURUNEGALA,RECONDITIONED,2,5BD-DA17V,EVERY
CAR,TOYOTA,4BA-M900A ROOMY,JAPAN,PETROL,996.0,GAMPAHA,RECONDITIONED,2,4BA-M900A,ROOMY
CAR,TOYOTA,3BA-TRJ250W,JAPAN,PETROL,2693.0,KALUTARA,RECONDITIONED,3,3BA-TRJ250W,Unknown
CAR,SUZUKI,5AA-MH95S WAGON R,JAPAN,PETROL,657.0,GAMPAHA,RECONDITIONED,2,5AA-MH95S,WAGON R
CAR,TOYOTA,3BA-NGX10 C-HR,JAPAN,PETROL,1196.0,KALUTARA,RECONDITIONED,1,3BA-NGX10,C-HR
CAR,NISSAN,5BA-B43W,JAPAN,PETROL,658.0,GAMPAHA,RECONDITIONED,1,5BA-B43W,DAYS
CAR,TOYOTA,3DA-FJA300W,JAPAN,DIESEL,3345.0,GAMPAHA,RECONDITIONED,1,3DA-FJA300W,Unknown
CAR,SUZUKI,4AA-MH55S WAGON R,JAPAN,PETROL/ELE,658.0,PUTTALAM,RECONDITIONED,1,4AA-MH55S,WAGON R
CAR,SUZUKI,5BA-MH85S WAGON R,JAPAN,PETROL,657.0,NUWARA-ELIYA,RECONDITIONED,1,5BA-MH85S,WAGON R
CAR,TOYOTA,5BA-201A RAIZE,JAPAN,PETROL,1196.0,COLOMBO,RECONDITIONED,1,5BA-201A,RAIZE
CAR,NISSAN,5AA-B44W,JAPAN,PETROL/ELE,659.0,COLOMBO,RECONDITIONED,1,5AA-B44W,DAYZ
CAR,TOYOTA,3BA-TRJ250W,JAPAN,PETROL,2693.0,KANDY,RECONDITIONED,4,3BA-TRJ250W,Unknown
CAR,MERCEDES BENZ,3CA-465310C G450D,GERMANY,DIESEL,2989.0,COLOMBO,RECONDITIONED,1,3CA-465310C,G450D
CAR,SUZUKI,5AA-HA97S ALTO,JAPAN,PETROL,658.0,KURUNEGALA,RECONDITIONED,3,5AA-HA97S,ALTO
CAR,SUZUKI,5AA-MH95S WAGON R,JAPAN,PETROL,650.0,PUTTALAM,RECONDITIONED,1,5AA-MH95S,WAGON R
CAR,TOYOTA,5AA-A202A RAIZE,JAPAN,PETROL/ELE,78.0,MATARA,RECONDITIONED,4,5AA-A202A,RAIZE
CAR,DAIHATSU,5BA-LA350S MIRA ES,JAPAN,PETROL,658.0,KANDY,RECONDITIONED,1,5BA-LA350S,MIRA ES
CAR,SUZUKI,3BD-DA17V EVERY,JAPAN,PETROL,658.0,COLOMBO,RECONDITIONED,6,3BD-DA17V,EVERY
CAR,SUZUKI,3BA-HA37S ALTO,JAPAN,PETROL,658.0,KURUNEGALA,RECONDITIONED,3,3BA-HA37S,ALTO
CAR,TOYOTA,5BA-A201A RAIZE,JAPAN,PETROL,1196.0,COLOMBO,RECONDITIONED,23,5BA-A201A,RAIZE
CAR,TOYOTA,5BA-MZEA17 COROLLA,JAPAN,PETROL,1490.0,GALLE,RECONDITIONED,3,5BA-MZEA17,COROLLA
CAR,TOYOTA,3BA-A210A RAIZE,JAPAN,PETROL,998.0,COLOMBO,RECONDITIONED,2,3BA-A210A,RAIZE
CAR,TOYOTA,6AA-ZWR90W NOAH,JAPAN,PETROL/ELE,1797.0,GAMPAHA,RECONDITIONED,1,6AA-ZWR90W,NOAH
CAR,SUZUKI,5AA-MX91S,JAPAN,PETROL/ELE,658.0,COLOMBO,RECONDITIONED,1,5AA-MX91S,Unknown
CAR,TOYOTA,3BA-NGX10 CHR,JAPAN,PETROL,1196.0,TRINCOMALEE,RECONDITIONED,1,3BA-NGX10,CHR
CAR,TOYOTA,6BA-MXUA80 HARRIER,JAPAN,PETROL,1986.0,GAMPAHA,RECONDITIONED,1,6BA-MXUA80,HARRIER
CAR,TOYOTA,3BA-TRJ150W PRADO,JAPAN,PETROL,2693.0,COLOMBO,RECONDITIONED,7,3BA-TRJ150W,PRADO
CAR,SUZUKI,5BA-MH85S WAGON R,JAPAN,PETROL,658.0,KALUTARA,RECONDITIONED,4,5BA-MH85S,WAGON R
CAR,HONDA,6AA-RV5 VEZEL,JAPAN,PETROL/ELE,1496.0,MATALE,RECONDITIONED,10,6AA-RV5,VEZEL
CAR,SUZUKI,5AA-MH95S WAGON R,JAPAN,PETROL,658.0,KALUTARA,RECONDITIONED,8,5AA-MH95S,WAGON R
CAR,TOYOTA,5BA-M900A ROOMY,JAPAN,PETROL,996.0,COLOMBO,RECONDITIONED,9,5BA-M900A,ROOMY
CAR,MAZDA,5AA-MJ95S FLAIR,JAPAN,PETROL/ELE,658.0,KALUTARA,RECONDITIONED,1,5AA-MJ95S,FLAIR
CAR,SUZUKI,5AA-MK94S SPACIA,JAPAN,PETROL/ELE,658.0,BADULLA,RECONDITIONED,1,5AA-MK94S,SPACIA
CAR,MITSUBISHI,5AA-B34W EK X,JAPAN,PETROL/ELE,658.0,COLOMBO,RECONDITIONED,2,5AA-B34W,EK X
CAR,SUZUKI,4AA-MK54S SPACIA,JAPAN,PETROL,650.0,KURUNEGALA,RECONDITIONED,1,4AA-MK54S,SPACIA
CAR,HONDA,6AA-RV5 VEZEL,JAPAN,PETROL/ELE,1496.0,HAMBANTOTA,RECONDITIONED,9,6AA-RV5,VEZEL
CAR,TOYOTA,5BA-MZEA17 COROLLA,JAPAN,PETROL,1490.0,COLOMBO,RECONDITIONED,2,5BA-MZEA17,COROLLA
CAR,SUZUKI,5AA-MH95S WAGON R,JAPAN,PETROL,658.0,VAVUNIYA,RECONDITIONED,2,5AA-MH95S,WAGON R
CAR,SUZUKI,5AA-MK94S SPACIA,JAPAN,PETROL,658.0,HAMBANTOTA,RECONDITIONED,3,5AA-MK94S,SPACIA
CAR,LEXUS,6AA-AXZH11 ES300H,JAPAN,PETROL/ELE,2487.0,COLOMBO,RECONDITIONED,1,6AA-AXZH11,ES300H
CAR,SUZUKI,5AA-MR92S HUSTLER,JAPAN,PETROL/ELE,658.0,MONERAGALA,RECONDITIONED,1,5AA-MR92S,HUSTLER
CAR,SUZUKI,4AA-MN71S XBEE,JAPAN,PETROL,996.0,PUTTALAM,RECONDITIONED,1,4AA-MN71S,XBEE
CAR,HONDA,6AA RV5 VEZEL,JAPAN,PETROL/ELE,1496.0,COLOMBO,RECONDITIONED,1,,6AA RV5 VEZEL
CAR,TOYOTA,5BA-KSP210 YARIS,JAPAN,PETROL,996.0,TRINCOMALEE,RECONDITIONED,2,5BA-KSP210,YARIS
CAR,SUZUKI,3BA-DA17WEVERY,JAPAN,PETROL,658.0,KANDY,RECONDITIONED,1,3BA-DA17WEVERY,Unknown
CAR,HONDA,6BA-JF5 N-BOX,JAPAN,PETROL,658.0,JAFFNA,RECONDITIONED,1,6BA-JF5,N-BOX
CAR,LEXUS,3BA-VJA310W,JAPAN,PETROL,3444.0,KURUNEGALA,RECONDITIONED,1,3BA-VJA310W,LX600
CAR,NISSAN,ALMERA,THAILAND,PETROL,999.0,GAMPAHA,RECONDITIONED,7,,ALMERA
CAR,SUZUKI,5AA-MH95S WAGON R,JAPAN,PETROL/ELE,658.0,PUTTALAM,RECONDITIONED,4,5AA-MH95S,WAGON R
CAR,SUZUKI,5AA-ZCEDS,JAPAN,PETROL,1196.0,RATNAPURA,RECONDITIONED,1,5AA-ZCEDS,SWIFT
CAR,SUZUKI,5AA-HA97S ALTO,JAPAN,PETROL,657.0,BADULLA,RECONDITIONED,1,5AA-HA97S,ALTO
CAR,HONDA,6AA-RV5  VEZEL,JAPAN,PETROL/ELE,1496.0,MATARA,RECONDITIONED,2,6AA-RV5,VEZEL
CAR,HONDA,6AA-RV5 VEZEL,JAPAN,PETROL/ELE,1490.0,GALLE,RECONDITIONED,1,6AA-RV5,VEZEL
CAR,SUZUKI,5AA-MH95S WAGON R,JAPAN,PETROL/ELE,657.0,COLOMBO,RECONDITIONED,4,5AA-MH95S,WAGON R
CAR,TOYOTA,3BA-A210A RAIZE,JAPAN,PETROL,990.0,COLOMBO,RECONDITIONED,2,3BA-A210A,RAIZE
CAR,SUZUKI,5BD-DA17V EVERY,JAPAN,PETROL,658.0,AMPARA,RECONDITIONED,1,5BD-DA17V,EVERY
CAR,TOYOTA,5BA-KSP210,JAPAN,PETROL,996.0,COLOMBO,RECONDITIONED,9,5BA-KSP210,YARIS X
CAR,NISSAN,5BD-DR17V CLIPPER,JAPAN,PETROL,658.0,KALUTARA,RECONDITIONED,2,5BD-DR17V,CLIPPER
CAR,SUZUKI,5AA-MH95S WAGON R,JAPAN,PETROL,658.0,MANNAR,RECONDITIONED,1,5AA-MH95S,WAGON R
CAR,HONDA,6AA-RV5 VEZEL,JAPAN,PETROL/ELE,1496.0,KURUNEGALA,RECONDITIONED,23,6AA-RV5,VEZEL
CAR,SUZUKI,5AA-MH95S WEGON R,JAPAN,PETROL,657.0,COLOMBO,RECONDITIONED,1,5AA-MH95S,WEGON R
CAR,HONDA,6AA-RV5 VEZEL,JAPAN,PETROL/ELE,1498.0,POLONNARUWA,RECONDITIONED,1,6AA-RV5,VEZEL
CAR,HONDA,6AA-RV5 VEZEL,JAPAN,PETROL/ELE,1496.0,GALLE,RECONDITIONED,19,6AA-RV5,VEZEL
CAR,TOYOTA,5BA-KSP210 YARIS,JAPAN,PETROL,996.0,GALLE,RECONDITIONED,17,5BA-KSP210,YARIS
CAR,SUZUKI,4AA-MK54S SPACIA,JAPAN,PETROL/ELE,658.0,NUWARA-ELIYA,RECONDITIONED,1,4AA-MK54S,SPACIA
CAR,SUZUKI,5BA-MH85S WAGON R,JAPAN,PETROL,658.0,ANURADHAPURA,RECONDITIONED,3,5BA-MH85S,WAGON R
CAR,HONDA,CR-V VTI LX,AUSTRALIA,PETROL,1498.0,GALLE,RECONDITIONED,1,CR-V,VTI LX
CAR,HONDA,CITY,THAILAND,PETROL,988.0,COLOMBO,RECONDITIONED,12,,CITY
CAR,SUZUKI,5BA-MH85S WAGON R,JAPAN,PETROL,658.0,TRINCOMALEE,RECONDITIONED,2,5BA-MH85S,WAGON R
CAR,TOYOTA,3BA-TRJ250W,JAPAN,PETROL,2693.0,MATARA,RECONDITIONED,4,3BA-TRJ250W,Unknown
CAR,TOYOTA,5BA-KSP210 - YARIS,JAPAN,PETROL,996.0,COLOMBO,RECONDITIONED,1,5BA-KSP210,- YARIS
CAR,SUZUKI,5BA-MH85S WAGON R,JAPAN,PETROL,657.0,GAMPAHA,RECONDITIONED,4,5BA-MH85S,WAGON R
CAR,TOYOTA,5BA-M900A ROOMY,JAPAN,PETROL,996.0,GAMPAHA,RECONDITIONED,2,5BA-M900A,ROOMY
CAR,SUZUKI,3BD-DA17V EVERY,JAPAN,PETROL,658.0,MATALE,RECONDITIONED,1,3BD-DA17V,EVERY
CAR,TOYOTA,6AA-MXPJ10 YARIS,JAPAN,PETROL/ELE,1490.0,COLOMBO,RECONDITIONED,14,6AA-MXPJ10,YARIS
CAR,SUZUKI,4AA-MN71S XBEE,JAPAN,PETROL/ELE,996.0,COLOMBO,RECONDITIONED,2,4AA-MN71S,XBEE
CAR,HONDA,CRV VTI-L7,AUSTRALIA,PETROL,1498.0,COLOMBO,RECONDITIONED,1,,CRV VTI-L7
CAR,SUZUKI,4AA-MR52S HUSTLER,JAPAN,PETROL,658.0,NUWARA-ELIYA,RECONDITIONED,1,4AA-MR52S,HUSTLER
CAR,SUZUKI,5BD-DA17V EVERY,JAPAN,PETROL,658.0,KALUTARA,RECONDITIONED,7,5BD-DA17V,EVERY
CAR,TOYOTA,5BA-M900A ROOMY,JAPAN,PETROL,996.0,GALLE,RECONDITIONED,1,5BA-M900A,ROOMY
CAR,SUZUKI,5BD-DA17V EVERY,JAPAN,PETROL,658.0,KANDY,RECONDITIONED,3,5BD-DA17V,EVERY
CAR,TOYOTA,5BA-LA250A,JAPAN,PETROL,658.0,AMPARA,RECONDITIONED,1,5BA-LA250A,Unknown
CAR,TOYOTA,4BA-M900A,JAPAN,PETROL,996.0,COLOMBO,RECONDITIONED,1,4BA-M900A,Unknown
CAR,HONDA,CR-V VTI L7,AUSTRALIA,PETROL,1498.0,BADULLA,RECONDITIONED,1,CR-V,VTI L7
CAR,TOYOTA,5BA-KSP210,JAPAN,PETROL,996.0,NUWARA-ELIYA,RECONDITIONED,1,5BA-KSP210,YARIS X
CAR,TOYOTA,5BA-M700A PASSO,JAPAN,PETROL,996.0,JAFFNA,RECONDITIONED,2,5BA-M700A,PASSO
CAR,SUZUKI,5BA-MH85S WAGON R,JAPAN,PETROL,650.0,COLOMBO,RECONDITIONED,1,5BA-MH85S,WAGON R
CAR,TOYOTA,6AA-MXPJ10 YARIS,JAPAN,PETROL/ELE,1496.0,KALUTARA,RECONDITIONED,2,6AA-MXPJ10,YARIS
CAR,SUZUKI,5BA-MH85S WAGON R,JAPAN,PETROL,656.0,POLONNARUWA,RECONDITIONED,2,5BA-MH85S,WAGON R
CAR,SUZUKI,3BD-DA17V EVERY JOIN,JAPAN,PETROL,658.0,GAMPAHA,RECONDITIONED,1,3BD-DA17V,EVERY JOIN
CAR,SUZUKI,3BA-HA37S ALTO,JAPAN,PETROL,658.0,GAMPAHA,RECONDITIONED,9,3BA-HA37S,ALTO
CAR,SUZUKI,5BD-DA17V EVERY,JAPAN,PETROL,656.0,KANDY,RECONDITIONED,1,5BD-DA17V,EVERY
CAR,SUZUKI,5BA-MH85S WAGON R,JAPAN,PETROL,658.0,KEGALLE,RECONDITIONED,2,5BA-MH85S,WAGON R
CAR,TOYOTA,6AA-MXPJ10,JAPAN,PETROL/ELE,1490.0,COLOMBO,RECONDITIONED,4,6AA-MXPJ10,/YARIS
CAR,AUDI,3AA-F3DFY,JAPAN,PETROL,1490.0,COLOMBO,RECONDITIONED,1,3AA-F3DFY,Q3 S LINE
CAR,TOYOTA,3BA-TRJ150W,JAPAN,PETROL,2693.0,MONERAGALA,RECONDITIONED,1,3BA-TRJ150W,TX-L
CAR,HONDA,6AA-RV5 VEZEL,JAPAN,PETROL,1496.0,GALLE,RECONDITIONED,1,6AA-RV5,VEZEL
CAR,SUZUKI,5BA-MH85,JAPAN,PETROL,658.0,COLOMBO,RECONDITIONED,1,5BA-MH85,Unknown
CAR,TOYOTA,5BA-A201A,JAPAN,PETROL,1196.0,KURUNEGALA,RECONDITIONED,1,5BA-A201A,Unknown
CAR,SUZUKI,3BD-DA17V EVERY,JAPAN,PETROL,658.0,PUTTALAM,RECONDITIONED,1,3BD-DA17V,EVERY
CAR,SUZUKI,5AA-MK94S SPACIA,JAPAN,PETROL/ELE,656.0,GALLE,RECONDITIONED,1,5AA-MK94S,SPACIA
CAR,TOYOTA,3BA-A210A RAIZE,JAPAN,PETROL,996.0,MATALE,RECONDITIONED,1,3BA-A210A,RAIZE
CAR,SUZUKI,5AA-MK94S SPACIA,JAPAN,PETROL,657.0,BATTICALOA,RECONDITIONED,1,5AA-MK94S,SPACIA
CAR,DAIHATSU,5BA-LA350S MIRA ES,JAPAN,PETROL,658.0,KALUTARA,RECONDITIONED,3,5BA-LA350S,MIRA ES
CAR,TOYOTA,5BA-KSP210 YARIS,JAPAN,PETROL,996.0,POLONNARUWA,RECONDITIONED,6,5BA-KSP210,YARIS
CAR,SUZUKI,5AA-MH95S WAGAN R,JAPAN,PETROL/ELE,657.0,COLOMBO,RECONDITIONED,1,5AA-MH95S,WAGAN R
CAR,SUZUKI,5BA-MH85S WAGON R,JAPAN,PETROL,658.0,GAMPAHA,RECONDITIONED,22,5BA-MH85S,WAGON R
CAR,SUZUKI,5BA-MH85S WAGON R,JAPAN,PETROL,658.0,KURUNEGALA,RECONDITIONED,6,5BA-MH85S,WAGON R
CAR,SUZUKI,4AA-MK54S SPACIA,JAPAN,PETROL,658.0,GAMPAHA,RECONDITIONED,4,4AA-MK54S,SPACIA
CAR,HONDA,6AA-RV5 VEZEL,JAPAN,PETROL/ELE,1496.0,GAMPAHA,RECONDITIONED,103,6AA-RV5,VEZEL
CAR,SUZUKI,5SS-MH95S WAGON R,JAPAN,PETROL/ELE,658.0,COLOMBO,RECONDITIONED,1,5SS-MH95S,WAGON R
CAR,TOYOTA,3BA-A210A RAIZE,JAPAN,PETROL,996.0,KEGALLE,RECONDITIONED,5,3BA-A210A,RAIZE
CAR,NISSAN,5BD-DR17V CLIPPER,JAPAN,PETROL,658.0,KANDY,RECONDITIONED,2,5BD-DR17V,CLIPPER
CAR,TOYOTA,5BA-KSP210 YARIS,JAPAN,PETROL,996.0,HAMBANTOTA,RECONDITIONED,4,5BA-KSP210,YARIS
CAR,TOYOTA,6AA-NKE165 AX10,JAPAN,PETROL/ELE,1496.0,COLOMBO,RECONDITIONED,1,6AA-NKE165,AX10
CAR,HONDA,6AA-RV5 VEZEL,JAPAN,PETROL/ELE,1496.0,KALUTARA,RECONDITIONED,19,6AA-RV5,VEZEL
CAR,HONDA,6AA-RV5 VEZEL,JAPAN,PETROL/ELE,1496.0,KANDY,RECONDITIONED,24,6AA-RV5,VEZEL
CAR,DAIHATSU,5BA-LA150S MOVE,JAPAN,PETROL,658.0,GAMPAHA,RECONDITIONED,1,5BA-LA150S,MOVE
CAR,B.M.W.,3AA-12FJ20 523 I,GERMANY,PETROL,1999.0,COLOMBO,RECONDITIONED,1,3AA-12FJ20,523 I
CAR,SUZUKI,3BA-HA37S ALTO,JAPAN,PETROL,658.0,RATNAPURA,RECONDITIONED,2,3BA-HA37S,ALTO
CAR,TOYOTA,6AA-MXPJ10 YARIS,JAPAN,PETROL/ELE,1496.0,GAMPAHA,RECONDITIONED,7,6AA-MXPJ10,YARIS
CAR,HONDA,6AA-RV5 VEZEL,JAPAN,PETROL/ELE,1496.0,VAVUNIYA,RECONDITIONED,1,6AA-RV5,VEZEL
CAR,TOYOTA,5BA-A201A RAIZE,JAPAN,PETROL,1196.0,BATTICALOA,RECONDITIONED,2,5BA-A201A,RAIZE
CAR,TOYOTA,3BA-A210A,JAPAN,PETROL,996.0,GAMPAHA,RECONDITIONED,2,3BA-A210A,- RAIZE
CAR,SUZUKI,5AA-MH95S WAGON R,JAPAN,PETROL/ELE,657.0,KEGALLE,RECONDITIONED,1,5AA-MH95S,WAGON R
CAR,SUZUKI,4AA-MK54S SPACIA,JAPAN,PETROL/ELE,658.0,KANDY,RECONDITIONED,7,4AA-MK54S,SPACIA
CAR,DAIHATSU,5BA-LA900S TAFT,JAPAN,PETROL,658.0,RATNAPURA,RECONDITIONED,2,5BA-LA900S,TAFT
CAR,DAIHATSU,5BA-LA350S MIRA,JAPAN,PETROL,658.0,GAMPAHA,RECONDITIONED,8,5BA-LA350S,MIRA
CAR,SUZUKI,4AA-MN71S XBEE,JAPAN,PETROL,996.0,KALUTARA,RECONDITIONED,1,4AA-MN71S,XBEE
CAR,SUZUKI,4AA-MH55S WAGON R,JAPAN,PETROL/ELE,658.0,POLONNARUWA,RECONDITIONED,1,4AA-MH55S,WAGON R
CAR,SUZUKI,5AA-MK94S SPACIA,JAPAN,PETROL/ELE,658.0,KANDY,RECONDITIONED,1,5AA-MK94S,SPACIA
CAR,TOYOTA,5BA-KSP210,JAPAN,PETROL,996.0,ANURADHAPURA,RECONDITIONED,2,5BA-KSP210,YARIS X
CAR,TOYOTA,3BA-A210A,JAPAN,PETROL,996.0,COLOMBO,RECONDITIONED,6,3BA-A210A,- RAIZE
CAR,TOYOTA,5BA-A210A RAIZE,JAPAN,PETROL,1190.0,AMPARA,RECONDITIONED,1,5BA-A210A,RAIZE
CAR,DAIHATSU,3BA-A210S ROCKY,JAPAN,PETROL,996.0,COLOMBO,RECONDITIONED,1,3BA-A210S,ROCKY
CAR,TOYOTA,5BA-A210A RAIZE,JAPAN,PETROL,1196.0,KALUTARA,RECONDITIONED,1,5BA-A210A,RAIZE
CAR,TOYOTA,5BA-M900A,JAPAN,PETROL,996.0,COLOMBO,RECONDITIONED,3,5BA-M900A,ROOMY
CAR,HONDA,CITY,THAILAND,PETROL,988.0,KALUTARA,RECONDITIONED,4,,CITY
CAR,SUZUKI,5AA-MK53S SPACIA,JAPAN,PETROL,657.0,MATARA,RECONDITIONED,1,5AA-MK53S,SPACIA
CAR,TOYOTA,6AA-ZWR90W NOAH,JAPAN,PETROL/ELE,1797.0,COLOMBO,RECONDITIONED,1,6AA-ZWR90W,NOAH
CAR,MERCEDES BENZ,EQB300 4 MATIC,GERMANY,ELECTRIC,168.0,COLOMBO,RECONDITIONED,1,,EQB300 4 MATIC
CAR,AUDI,3AA-F3DFY Q3,GERMANY,PETROL,1497.0,COLOMBO,RECONDITIONED,1,3AA-F3DFY,Q3
CAR,SUZUKI,4AAMH55S WAGON R,JAPAN,PETROL/ELE,658.0,GAMPAHA,RECONDITIONED,1,,4AAMH55S WAGON R
CAR,MERCEDES BENZ,5AA-206043C C200,GERMANY,PETROL,1496.0,PUTTALAM,RECONDITIONED,1,5AA-206043C,C200
CAR,SUZUKI,5AA-MK94S SPACIA,JAPAN,PETROL/ELE,658.0,MATARA,RECONDITIONED,1,5AA-MK94S,SPACIA
CAR,HONDA,6AA-RV5  VEZEL,JAPAN,PETROL/ELE,1496.0,GAMPAHA,RECONDITIONED,3,6AA-RV5,VEZEL
CAR,HONDA,CITY TURBO,THAILAND,PETROL,988.0,MATARA,RECONDITIONED,1,,CITY TURBO
CAR,MAZDA,5AA-HB97S CAROL,JAPAN,PETROL/ELE,656.0,KALUTARA,NOT STATED,1,5AA-HB97S,CAROL
CAR,TOYOTA,3BA-A210A RAIZE,JAPAN,PETROL,990.0,PUTTALAM,CONVERTED,1,3BA-A210A,RAIZE
CAR,TOYOTA,5BA-A201A RAIZE,JAPAN,PETROL,1198.0,COLOMBO,RECONDITIONED,1,5BA-A201A,RAIZE
CAR,SUZUKI,5BD-DA17V EVERY,JAPAN,PETROL,658.0,PUTTALAM,RECONDITIONED,7,5BD-DA17V,EVERY
CAR,SUZUKI,5AA-MH95S,JAPAN,PETROL/ELE,658.0,COLOMBO,RECONDITIONED,2,5AA-MH95S,WAGON 4
CAR,TOYOTA,6AA-ZVG13 COROLLA,JAPAN,PETROL/ELE,1797.0,COLOMBO,RECONDITIONED,4,6AA-ZVG13,COROLLA
CAR,TOYOTA,5BA-A201A RAIZE,JAPAN,PETROL,1196.0,RATNAPURA,RECONDITIONED,3,5BA-A201A,RAIZE
CAR,LAND ROVER,RANGE ROVER P460E,UNITED KINGDOM,PETROL/ELE,2996.0,KANDY,RECONDITIONED,1,,RANGE ROVER P460E
CAR,HONDA,6AA-RV5 VEZEL,JAPAN,PETROL/ELE,1496.0,MATARA,RECONDITIONED,12,6AA-RV5,VEZEL
CAR,TOYOTA,5BA-KSP210-YARIS,JAPAN,PETROL,996.0,RATNAPURA,RECONDITIONED,1,5BA-KSP210-YARIS,Unknown
CAR,TOYOTA,5BA-A201A RAIZE,JAPAN,PETROL,1196.0,ANURADHAPURA,RECONDITIONED,3,5BA-A201A,RAIZE
CAR,TOYOTA,5BA-KSP210 YARIS,JAPAN,PETROL,996.0,RATNAPURA,RECONDITIONED,11,5BA-KSP210,YARIS
CAR,HONDA,6AA-RV5 VEZEL,JAPAN,PETROL/ELE,1496.0,RATNAPURA,RECONDITIONED,8,6AA-RV5,VEZEL
CAR,SUZUKI,5AA-MK94S SPACIA,JAPAN,PETROL,658.0,GAMPAHA,RECONDITIONED,8,5AA-MK94S,SPACIA
CAR,HONDA,6AA-GR3 FIT,JAPAN,PETROL/ELE,1496.0,BATTICALOA,RECONDITIONED,1,6AA-GR3,FIT
CAR,SUZUKI,5BD-DA17V EVERY,JAPAN,PETROL,658.0,ANURADHAPURA,RECONDITIONED,2,5BD-DA17V,EVERY
CAR,SUZUKI,4AA-MK53S SPACIA,JAPAN,PETROL/ELE,657.0,COLOMBO,RECONDITIONED,1,4AA-MK53S,SPACIA
CAR,TOYOTA,3BA-A210A,JAPAN,PETROL,996.0,MONERAGALA,RECONDITIONED,1,3BA-A210A,- RAIZE
CAR,TOYOTA,5BA-KSP210 YARIS,JAPAN,PETROL,998.0,GAMPAHA,RECONDITIONED,1,5BA-KSP210,YARIS
CAR,DAIHATSU,5BA-LA900S TAFT X,JAPAN,PETROL,658.0,KALUTARA,RECONDITIONED,1,5BA-LA900S,TAFT X
CAR,TOYOTA,3BA-A210A RAIZE,JAPAN,PETROL,996.0,AMPARA,RECONDITIONED,4,3BA-A210A,RAIZE
CAR,MERCEDES BENZ,5AA-206043C C200,GERMANY,PETROL,1496.0,KURUNEGALA,RECONDITIONED,1,5AA-206043C,C200
CAR,DAIHATSU,5BA-LA910S TAFT,JAPAN,PETROL,658.0,COLOMBO,RECONDITIONED,2,5BA-LA910S,TAFT
CAR,DAIHATSU,5BA-LA350S,JAPAN,PETROL,658.0,GAMPAHA,RECONDITIONED,7,5BA-LA350S,MIRA  ES
CAR,HONDA,6AA-RV5,JAPAN,PETROL/ELE,1496.0,HAMBANTOTA,RECONDITIONED,1,6AA-RV5,VEZAL
CAR,SUZUKI,5AA-HA97S ALTO,JAPAN,PETROL/ELE,657.0,RATNAPURA,RECONDITIONED,1,5AA-HA97S,ALTO
CAR,SUZUKI,5AA-MK94S SPACIA,JAPAN,PETROL,650.0,AMPARA,RECONDITIONED,1,5AA-MK94S,SPACIA
CAR,NISSAN,4AA-B45A,JAPAN,PETROL/ELE,658.0,TRINCOMALEE,RECONDITIONED,1,4AA-B45A,Unknown
CAR,BYD,SEAL,THAILAND,ELECTRIC,150.0,GAMPAHA,RECONDITIONED,1,,SEAL
CAR,SUZUKI,4AA-MH55S WAGON R,JAPAN,PETROL/ELE,656.0,GAMPAHA,RECONDITIONED,1,4AA-MH55S,WAGON R
CAR,TOYOTA,KSP210 YARIS,JAPAN,PETROL,996.0,HAMBANTOTA,RECONDITIONED,1,,KSP210 YARIS
CAR,TOYOTA,6AA-ZVG130 COROLLA,JAPAN,PETROL/ELE,1797.0,KALUTARA,RECONDITIONED,1,6AA-ZVG130,COROLLA
CAR,TOYOTA,5AA-A202A RAIZE,JAPAN,PETROL/ELE,78.0,KALUTARA,RECONDITIONED,7,5AA-A202A,RAIZE
CAR,TOYOTA,3BA-A210A RAIZE,JAPAN,PETROL,996.0,GAMPAHA,RECONDITIONED,45,3BA-A210A,RAIZE
CAR,SUZUKI,5BA-MH85S WAGON R,JAPAN,PETROL,658.0,JAFFNA,RECONDITIONED,1,5BA-MH85S,WAGON R
CAR,TOYOTA,5BA-KSP210 YARIS,JAPAN,PETROL,996.0,PUTTALAM,RECONDITIONED,10,5BA-KSP210,YARIS
CAR,TOYOTA,5BA-A201A RAIZE,JAPAN,PETROL,1196.0,TRINCOMALEE,RECONDITIONED,3,5BA-A201A,RAIZE
CAR,TOYOTA,6AA-ZWR90W VOXY,JAPAN,PETROL/ELE,1797.0,BATTICALOA,RECONDITIONED,1,6AA-ZWR90W,VOXY
CAR,HONDA,6AA-RV5 VEZEL,JAPAN,PETROL,1490.0,KURUNEGALA,RECONDITIONED,1,6AA-RV5,VEZEL
CAR,TOYOTA,6AA-MXPK11 AQUA,JAPAN,PETROL/ELE,1490.0,MATALE,RECONDITIONED,1,6AA-MXPK11,AQUA
CAR,SUZUKI,5AA-MH95S WAGON R,JAPAN,PETROL/ELE,658.0,BADULLA,RECONDITIONED,3,5AA-MH95S,WAGON R
CAR,HONDA,6AA-RV5 VEZEL,JAPAN,PETROL,1490.0,ANURADHAPURA,RECONDITIONED,1,6AA-RV5,VEZEL
CAR,HONDA,6AA-RV5 VESEL,JAPAN,PETROL/ELE,1496.0,COLOMBO,RECONDITIONED,1,6AA-RV5,VESEL
CAR,MERCEDES BENZ,4AA-213077C,GERMANY,PETROL,1496.0,COLOMBO,RECONDITIONED,2,4AA-213077C,Unknown
CAR,TOYOTA,3BA-VJA300W,JAPAN,PETROL,3444.0,GAMPAHA,RECONDITIONED,14,3BA-VJA300W,Unknown
CAR,HONDA,6AA-RV5,JAPAN,PETROL/ELE,1490.0,KANDY,RECONDITIONED,1,6AA-RV5,VEZAL
CAR,SUZUKI,4AA-MN71S XBEE,JAPAN,PETROL,996.0,GAMPAHA,RECONDITIONED,3,4AA-MN71S,XBEE
CAR,TOYOTA,5BA-A201A RAIZE,JAPAN,PETROL,1196.0,GAMPAHA,RECONDITIONED,9,5BA-A201A,RAIZE
CAR,LEXUS,3BA-VJA310W LX600,JAPAN,PETROL,3444.0,KANDY,RECONDITIONED,1,3BA-VJA310W,LX600
CAR,HONDA,CR-V,AUSTRALIA,PETROL,1498.0,GALLE,RECONDITIONED,2,CR-V,50
CAR,TOYOTA,3BA-VJA300W,JAPAN,PETROL,3444.0,KURUNEGALA,RECONDITIONED,3,3BA-VJA300W,Unknown
CAR,TOYOTA,3BA-TRJ250W,JAPAN,PETROL,2693.0,GAMPAHA,RECONDITIONED,14,3BA-TRJ250W,Unknown
CAR,TOYOTA,3BA-A210A RAIZE,JAPAN,PETROL,996.0,PUTTALAM,RECONDITIONED,5,3BA-A210A,RAIZE
CAR,TOYOTA,3BA-A210A RAIZE,JAPAN,PETROL,996.0,KALUTARA,RECONDITIONED,8,3BA-A210A,RAIZE
CAR,HONDA,6BA-JF3 N BOX,JAPAN,PETROL,658.0,COLOMBO,RECONDITIONED,2,6BA-JF3,N BOX
CAR,DAIHATSU,5BA-LA350S MIRA ES,JAPAN,PETROL,658.0,GAMPAHA,RECONDITIONED,4,5BA-LA350S,MIRA ES
CAR,TOYOTA,5BA-A210A RAIZE,JAPAN,PETROL,996.0,KALUTARA,RECONDITIONED,1,5BA-A210A,RAIZE
CAR,SUZUKI,5BA-HE33S ALTO LAPIN,JAPAN,PETROL,650.0,GALLE,RECONDITIONED,1,5BA-HE33S,ALTO LAPIN
CAR,SUZUKI,5AA-MH95SWAGON R,JAPAN,PETROL,658.0,GALLE,RECONDITIONED,1,5AA-MH95SWAGON,R
CAR,TOYOTA,5BA-A201A RAIZE,JAPAN,PETROL,1198.0,GAMPAHA,RECONDITIONED,1,5BA-A201A,RAIZE
CAR,SUZUKI,5AA-MR92S HUSTLER,JAPAN,PETROL,658.0,KEGALLE,RECONDITIONED,1,5AA-MR92S,HUSTLER
CAR,HONDA,6AA-RV5 VEZEL,JAPAN,PETROL,1496.0,KALUTARA,RECONDITIONED,1,6AA-RV5,VEZEL
CAR,NISSAN,ALMERA,THAILAND,PETROL,999.0,KALUTARA,RECONDITIONED,2,,ALMERA
CAR,TOYOTA,6AA-MXPJ10 YARIS,JAPAN,PETROL/ELE,1490.0,PUTTALAM,RECONDITIONED,1,6AA-MXPJ10,YARIS
CAR,HONDA,6AA-RV5 VEZEL,JAPAN,PETROL/ELE,1496.0,MANNAR,RECONDITIONED,2,6AA-RV5,VEZEL
CAR,SUZUKI,5AA-MK94S SPACIA,JAPAN,PETROL,650.0,COLOMBO,RECONDITIONED,1,5AA-MK94S,SPACIA
CAR,TOYOTA,6AA-ZVG13 COROLLA,JAPAN,PETROL/ELE,1797.0,GALLE,RECONDITIONED,1,6AA-ZVG13,COROLLA
CAR,LEXUS,3BA-VJA-310W,JAPAN,PETROL,3444.0,COLOMBO,RECONDITIONED,1,3BA-VJA-310W,Unknown
CAR,LEXUS,6AA-MAYH10,JAPAN,PETROL/ELE,1490.0,GAMPAHA,RECONDITIONED,1,6AA-MAYH10,LBX RELAX
CAR,DAIHATSU,5BA-M700S BOON,JAPAN,PETROL,996.0,GAMPAHA,RECONDITIONED,1,5BA-M700S,BOON
CAR,TOYOTA,3DA-GDJ250W,JAPAN,DIESEL,2754.0,GALLE,RECONDITIONED,1,3DA-GDJ250W,Unknown
CAR,HONDA,6AA-RV5  VEZEL,JAPAN,PETROL/ELE,1496.0,COLOMBO,RECONDITIONED,6,6AA-RV5,VEZEL
CAR,TOYOTA,6AA-MXPJ10 YARIS,JAPAN,PETROL/ELE,1496.0,GALLE,RECONDITIONED,2,6AA-MXPJ10,YARIS
CAR,LAND ROVER,DISCOVERY SPORT,UNITED KINGDOM,PETROL/ELE,1498.0,COLOMBO,RECONDITIONED,1,,DISCOVERY SPORT
CAR,HONDA,6AA-RV5 VEZEL,JAPAN,PETROL/ELE,1496.0,GAMPAHA,NOT STATED,1,6AA-RV5,VEZEL
CAR,SUZUKI,5AA-MH95S,JAPAN,PETROL/ELE,658.0,KALUTARA,RECONDITIONED,1,5AA-MH95S,WAGON 4
CAR,HONDA,CITY RS,THAILAND,PETROL,988.0,MONERAGALA,RECONDITIONED,1,,CITY RS
CAR,TOYOTA,5BA-A201A RAIZE,JAPAN,PETROL,1196.0,KURUNEGALA,RECONDITIONED,2,5BA-A201A,RAIZE
CAR,SUZUKI,5BD-DA17V EVERY,JAPAN,PETROL,658.0,KURUNEGALA,RECONDITIONED,8,5BD-DA17V,EVERY
CAR,HONDA,CRV VTI L7,AUSTRALIA,PETROL,1498.0,PUTTALAM,RECONDITIONED,1,,CRV VTI L7
CAR,DAIHATSU,5BA-LA910S,JAPAN,PETROL,658.0,GAMPAHA,RECONDITIONED,1,5BA-LA910S,Unknown
CAR,TOYOTA,5BA-KSP-210 YARIS,JAPAN,PETROL,996.0,GAMPAHA,RECONDITIONED,1,5BA-KSP-210,YARIS
CAR,HONDA,6AA-RV5,JAPAN,PETROL/ELE,1496.0,KANDY,RECONDITIONED,3,6AA-RV5,VEZAL
CAR,SUZUKI,5BA-MH85S WAGON R,JAPAN,PETROL,658.0,COLOMBO,RECONDITIONED,17,5BA-MH85S,WAGON R
CAR,TOYOTA,3BA-A210A RAIZE,JAPAN,PETROL,996.0,COLOMBO,RECONDITIONED,42,3BA-A210A,RAIZE
CAR,SUZUKI,4AA-MK54S SPACIA,JAPAN,PETROL/ELE,658.0,KURUNEGALA,RECONDITIONED,3,4AA-MK54S,SPACIA
CAR,DAIHATSU,5BA-LA350S MIRA E.S,JAPAN,PETROL,658.0,COLOMBO,RECONDITIONED,4,5BA-LA350S,MIRA E.S
CAR,NISSAN,ALMERA,THAILAND,PETROL,999.0,COLOMBO,RECONDITIONED,7,,ALMERA
CAR,SUZUKI,5AA-MH95S WAGON R,JAPAN,PETROL,657.0,COLOMBO,RECONDITIONED,3,5AA-MH95S,WAGON R
CAR,SUZUKI,5BD-DA17V EVERY,JAPAN,PETROL,650.0,GAMPAHA,RECONDITIONED,1,5BD-DA17V,EVERY
CAR,DAIHATSU,5BA-LA350S-MIRA E.S,JAPAN,PETROL,658.0,KURUNEGALA,RECONDITIONED,1,5BA-LA350S-MIRA,E.S
CAR,SUZUKI,5BA-MH85S WAGON R,JAPAN,PETROL,658.0,HAMBANTOTA,RECONDITIONED,3,5BA-MH85S,WAGON R
CAR,DAIHATSU,5BA-LA900S TAFT,JAPAN,PETROL,658.0,GALLE,RECONDITIONED,7,5BA-LA900S,TAFT
CAR,TOYOTA,3BA-TRJ150W,JAPAN,PETROL,2693.0,COLOMBO,RECONDITIONED,10,3BA-TRJ150W,TX-L
CAR,DAIHATSU,3BA-A210S ROCKY,JAPAN,PETROL,996.0,KANDY,RECONDITIONED,1,3BA-A210S,ROCKY
CAR,DAIHATSU,5BA-LA900S TAFT,JAPAN,PETROL,658.0,COLOMBO,RECONDITIONED,15,5BA-LA900S,TAFT
CAR,HONDA,6AA-RV 5 VEZEL,JAPAN,PETROL/ELE,1496.0,COLOMBO,RECONDITIONED,1,6AA-RV,5 VEZEL
CAR,TOYOTA,5AA-A202A RAIZE,JAPAN,PETROL/ELE,1190.0,GAMPAHA,RECONDITIONED,2,5AA-A202A,RAIZE
CAR,SUZUKI,4AA-MK54S SPACIA,JAPAN,PETROL,658.0,POLONNARUWA,RECONDITIONED,1,4AA-MK54S,SPACIA
CAR,TOYOTA,5BA-KSP210 YARIS,JAPAN,PETROL,996.0,BADULLA,RECONDITIONED,2,5BA-KSP210,YARIS
CAR,DAIHATSU,5BA-LA850S CANBUS,JAPAN,PETROL,658.0,PUTTALAM,RECONDITIONED,1,5BA-LA850S,CANBUS
CAR,TOYOTA,3BA-A210A RAIZE,JAPAN,PETROL,996.0,ANURADHAPURA,RECONDITIONED,5,3BA-A210A,RAIZE
CAR,SUZUKI,4AA-MN71S XBEE,JAPAN,PETROL/ELE,996.0,GALLE,RECONDITIONED,2,4AA-MN71S,XBEE
CAR,NISSAN,5BA-B43W DAYS,JAPAN,PETROL,658.0,BADULLA,RECONDITIONED,1,5BA-B43W,DAYS
CAR,TOYOTA,6AA-MXPH14  YARIS,JAPAN,PETROL/ELE,1496.0,GAMPAHA,RECONDITIONED,1,6AA-MXPH14,YARIS
CAR,SUZUKI,4AA-MK54S SPACIA,JAPAN,PETROL,658.0,KANDY,RECONDITIONED,3,4AA-MK54S,SPACIA
CAR,SUZUKI,5AA-MH95S WAGON R,JAPAN,PETROL,657.0,ANURADHAPURA,RECONDITIONED,1,5AA-MH95S,WAGON R
CAR,TOYOTA,3BA-A210A RAIZE,JAPAN,PETROL,990.0,KANDY,RECONDITIONED,2,3BA-A210A,RAIZE
CAR,DAIHATSU,5BA LA650 S TANTO,JAPAN,PETROL,658.0,COLOMBO,RECONDITIONED,1,,5BA LA650 S TANTO
CAR,SUZUKI,5AA-MK53S SPACIA,JAPAN,PETROL/ELE,658.0,PUTTALAM,RECONDITIONED,1,5AA-MK53S,SPACIA
CAR,NISSAN,DBA-B21W DAYS,JAPAN,PETROL,650.0,KEGALLE,RECONDITIONED,1,DBA-B21W,DAYS
CAR,LAND ROVER,3BA-LE72XAA DEFENDER,UNITED KINGDOM,PETROL,1990.0,COLOMBO,RECONDITIONED,1,3BA-LE72XAA,DEFENDER
CAR,TOYOTA,5AA-A202A RAIZE,JAPAN,PETROL/ELE,1196.0,COLOMBO,RECONDITIONED,8,5AA-A202A,RAIZE
CAR,SUZUKI,4AA-MN71S XBEE,JAPAN,PETROL,996.0,JAFFNA,RECONDITIONED,1,4AA-MN71S,XBEE
CAR,HONDA,6AA-RV5,JAPAN,PETROL/ELE,1496.0,KALUTARA,RECONDITIONED,1,6AA-RV5,VEZAL
CAR,MERCEDES BENZ,5AA-118384M CLA180,GERMANY,PETROL,1331.0,KALUTARA,RECONDITIONED,1,5AA-118384M,CLA180
CAR,SUZUKI,5AA-MH95S WAGON R,JAPAN,PETROL,658.0,HAMBANTOTA,RECONDITIONED,1,5AA-MH95S,WAGON R
CAR,SUZUKI,5AA-MR92S HUSTLER,JAPAN,PETROL/ELE,658.0,ANURADHAPURA,RECONDITIONED,1,5AA-MR92S,HUSTLER
CAR,SUZUKI,5AA-HA97S ALTO,JAPAN,PETROL,658.0,KALUTARA,RECONDITIONED,1,5AA-HA97S,ALTO
CAR,HONDA,6AA-RV 5 VEZEL,JAPAN,PETROL/ELE,1496.0,KALUTARA,RECONDITIONED,1,6AA-RV,5 VEZEL
CAR,TOYOTA,5BA-KSP210  YARIS,JAPAN,PETROL,996.0,ANURADHAPURA,RECONDITIONED,1,5BA-KSP210,YARIS
CAR,TOYOTA,4BA-M900A ROOMY,JAPAN,PETROL,996.0,RATNAPURA,RECONDITIONED,1,4BA-M900A,ROOMY
CAR,TOYOTA,3DA-GDJ250 W,JAPAN,DIESEL,2754.0,GAMPAHA,RECONDITIONED,1,3DA-GDJ250,W
CAR,TOYOTA,3BA-TRJ150W,JAPAN,PETROL,2693.0,KALUTARA,RECONDITIONED,2,3BA-TRJ150W,TX-L
CAR,SUZUKI,5AA-MK94S SPACIA,JAPAN,PETROL,658.0,PUTTALAM,RECONDITIONED,1,5AA-MK94S,SPACIA
CAR,MAZDA,5AA-MM94S FLAIR,JAPAN,PETROL,658.0,KURUNEGALA,RECONDITIONED,1,5AA-MM94S,FLAIR
CAR,NISSAN,5BD-DR17V CLIPPER,JAPAN,PETROL,658.0,GAMPAHA,RECONDITIONED,2,5BD-DR17V,CLIPPER
CAR,SUZUKI,5BD-DA17V,JAPAN,PETROL,658.0,GAMPAHA,RECONDITIONED,1,5BD-DA17V,EVERY
CAR,SUZUKI,5AA-MH95S WAGON R,JAPAN,PETROL,658.0,POLONNARUWA,RECONDITIONED,1,5AA-MH95S,WAGON R
CAR,SUZUKI,4AA-MN71S  XBEE,JAPAN,PETROL,996.0,KANDY,RECONDITIONED,1,4AA-MN71S,XBEE
CAR,TOYOTA,3BA-NGX10 CH-R,JAPAN,PETROL,1196.0,COLOMBO,RECONDITIONED,1,3BA-NGX10,CH-R
CAR,MAZDA,5AA-MJ95S FLAIR,JAPAN,PETROL/ELE,658.0,ANURADHAPURA,RECONDITIONED,1,5AA-MJ95S,FLAIR
CAR,TOYOTA,6AA-MXPJ10 YARIS,JAPAN,PETROL/ELE,1490.0,KURUNEGALA,RECONDITIONED,1,6AA-MXPJ10,YARIS
CAR,TOYOTA,4BA-LA700A PIXIS,JAPAN,PETROL,658.0,KURUNEGALA,RECONDITIONED,1,4BA-LA700A,PIXIS
CAR,SUZUKI,5AA-MH95S WAGON R,JAPAN,PETROL/ELE,657.0,ANURADHAPURA,RECONDITIONED,2,5AA-MH95S,WAGON R
CAR,HONDA,6AA-RV5,JAPAN,PETROL/ELE,1496.0,GALLE,RECONDITIONED,2,6AA-RV5,VEZAL
CAR,TOYOTA,5BA-KSP210 YARIS,JAPAN,PETROL,990.0,POLONNARUWA,RECONDITIONED,1,5BA-KSP210,YARIS
CAR,SUZUKI,5AA-MK94S,JAPAN,PETROL,658.0,KALUTARA,RECONDITIONED,1,5AA-MK94S,Unknown
CAR,PEUGEOT,2008 GT,AUSTRALIA,PETROL,1199.0,KANDY,RECONDITIONED,1,,2008 GT
CAR,HONDA,6AA-GB7 FREED,JAPAN,PETROL,1496.0,NUWARA-ELIYA,RECONDITIONED,1,6AA-GB7,FREED
CAR,TOYOTA,5BA-KSP210,JAPAN,PETROL,996.0,BATTICALOA,RECONDITIONED,2,5BA-KSP210,YARIS X
CAR,VOLVO,S60,SWEDEN,PETROL,1969.0,RATNAPURA,RECONDITIONED,1,,S60
CAR,HONDA,6AA-RV5 VEZEL,JAPAN,PETROL/ELE,1496.0,MONERAGALA,RECONDITIONED,4,6AA-RV5,VEZEL
CAR,SUZUKI,4AA-MH55S WAGON R,JAPAN,PETROL,658.0,MATALE,RECONDITIONED,1,4AA-MH55S,WAGON R
CAR,SUZUKI,5BA-MH85S WAGON R,JAPAN,PETROL,657.0,COLOMBO,RECONDITIONED,9,5BA-MH85S,WAGON R
CAR,SUZUKI,5BA-MH85S WAGON R,JAPAN,PETROL,656.0,COLOMBO,RECONDITIONED,5,5BA-MH85S,WAGON R
CAR,TOYOTA,3BA-TRJ250W,JAPAN,PETROL,2690.0,GAMPAHA,RECONDITIONED,1,3BA-TRJ250W,Unknown
CAR,HONDA,CITY,THAILAND,PETROL,988.0,RATNAPURA,RECONDITIONED,1,,CITY
CAR,SUZUKI,5BD-DA17V EVERY JOIN,JAPAN,PETROL,658.0,COLOMBO,RECONDITIONED,2,5BD-DA17V,EVERY JOIN
CAR,TOYOTA,5BA-KSP210 YARIS,JAPAN,PETROL,996.0,MATALE,RECONDITIONED,4,5BA-KSP210,YARIS
CAR,HONDA,6AA RV5 VEZEL,JAPAN,PETROL/ELE,1496.0,KURUNEGALA,RECONDITIONED,1,,6AA RV5 VEZEL
CAR,SUZUKI,5AA-HA97S/ ALTO,JAPAN,PETROL/ELE,658.0,BADULLA,RECONDITIONED,1,5AA-HA97S,/ ALTO
CAR,DAIHATSU,5AA-A202S ROCKY,JAPAN,ELECTRIC,78.0,KURUNEGALA,RECONDITIONED,1,5AA-A202S,ROCKY
CAR,TOYOTA,5AA-A202A RAIZE,JAPAN,PETROL,1196.0,COLOMBO,RECONDITIONED,1,5AA-A202A,RAIZE
CAR,AUDI,3AA-GYDLA A3,GERMANY,PETROL,990.0,HAMBANTOTA,RECONDITIONED,1,3AA-GYDLA,A3
CAR,SUZUKI,5AA-MK53S SPACIA,JAPAN,PETROL/ELE,658.0,ANURADHAPURA,RECONDITIONED,1,5AA-MK53S,SPACIA
CAR,SUZUKI,5AA-HA97S ALTO,JAPAN,PETROL/ELE,657.0,GAMPAHA,RECONDITIONED,1,5AA-HA97S,ALTO
CAR,B.M.W.,ZAA-32FK45 I5 EDRIVE,GERMANY,ELECTRIC,250.0,COLOMBO,RECONDITIONED,1,ZAA-32FK45,I5 EDRIVE
CAR,TOYOTA,6AA-MXPJ10,JAPAN,PETROL/ELE,1496.0,MATARA,RECONDITIONED,1,6AA-MXPJ10,/YARIS
CAR,HONDA,CRV VTI 7,AUSTRALIA,PETROL,1498.0,RATNAPURA,RECONDITIONED,1,,CRV VTI 7
CAR,HONDA,CRV VTI L7,AUSTRALIA,PETROL,1498.0,COLOMBO,RECONDITIONED,4,,CRV VTI L7
CAR,TOYOTA,5AA-A202A RAIZE,JAPAN,PETROL/ELE,1196.0,KANDY,RECONDITIONED,1,5AA-A202A,RAIZE
CAR,MITSUBISHI,5AA-B34A,JAPAN,PETROL,658.0,COLOMBO,RECONDITIONED,1,5AA-B34A,DELICA MINI
CAR,TOYOTA,5AA-A202A RAIZE,JAPAN,PETROL/ELE,78.0,TRINCOMALEE,RECONDITIONED,1,5AA-A202A,RAIZE
CAR,SUZUKI,5BD DA17V EVERY,JAPAN,PETROL,658.0,COLOMBO,RECONDITIONED,1,,5BD DA17V EVERY
CAR,SUZUKI,5BDA-DA17V-EVERY,JAPAN,PETROL,658.0,COLOMBO,RECONDITIONED,1,5BDA-DA17V-EVERY,Unknown
CAR,HONDA (DMC),6AA-RV5 VEZEL,JAPAN,PETROL/ELE,1496.0,COLOMBO,RECONDITIONED,1,6AA-RV5,VEZEL
CAR,NISSAN,ALMERA,THAILAND,PETROL,999.0,MATARA,RECONDITIONED,1,,ALMERA
CAR,SUZUKI,4AA-MK54S SPICIA,JAPAN,PETROL/ELE,658.0,ANURADHAPURA,RECONDITIONED,1,4AA-MK54S,SPICIA
CAR,TOYOTA,5AA-A202A RAIZE,JAPAN,PETROL/ELE,1196.0,VAVUNIYA,RECONDITIONED,1,5AA-A202A,RAIZE
CAR,SUZUKI,5BD-DA17V EVERY,JAPAN,PETROL,650.0,MATARA,RECONDITIONED,1,5BD-DA17V,EVERY
CAR,TOYOTA,5AA-A202A RAIZE,JAPAN,PETROL/ELE,78.0,MATALE,RECONDITIONED,1,5AA-A202A,RAIZE
CAR,HONDA,5BA-RZ3 ZR-V,JAPAN,PETROL,1496.0,COLOMBO,RECONDITIONED,1,5BA-RZ3,ZR-V
CAR,SUZUKI,4AA-MK54S,JAPAN,PETROL,658.0,PUTTALAM,RECONDITIONED,1,4AA-MK54S,SPICIA
CAR,SUZUKI,5AA-HA97S ALTO,JAPAN,PETROL,658.0,MATARA,RECONDITIONED,1,5AA-HA97S,ALTO
CAR,TOYOTA,RAIZE  5BA-A201A,JAPAN,PETROL,1196.0,COLOMBO,RECONDITIONED,1,,RAIZE  5BA-A201A
CAR,HONDA,CRV VTI L7,AUSTRALIA,PETROL,1498.0,JAFFNA,RECONDITIONED,1,,CRV VTI L7
CAR,SUZUKI,3BA -DA17W EVERY,JAPAN,PETROL,658.0,BATTICALOA,RECONDITIONED,1,,3BA -DA17W EVERY
CAR,DAIHATSU,5BA-LA150S MOVE,JAPAN,PETROL,658.0,JAFFNA,RECONDITIONED,1,5BA-LA150S,MOVE
CAR,TOYOTA,3BA-TRJ150W,JAPAN,PETROL,2693.0,RATNAPURA,RECONDITIONED,2,3BA-TRJ150W,TX-L
CAR,DAIHATSU,5BA-LA900S TAFT,JAPAN,PETROL,658.0,ANURADHAPURA,RECONDITIONED,1,5BA-LA900S,TAFT
CAR,TOYOTA,5BA-MXPJ10 YARIS,JAPAN,PETROL,1490.0,KURUNEGALA,RECONDITIONED,1,5BA-MXPJ10,YARIS
CAR,DAIHATSU,5BA-LA350S MIRA ES,JAPAN,PETROL,658.0,MATALE,RECONDITIONED,1,5BA-LA350S,MIRA ES
CAR,SUZUKI,3BA-DA17W EVERY,JAPAN,PETROL,658.0,PUTTALAM,RECONDITIONED,2,3BA-DA17W,EVERY
CAR,TOYOTA,KSP210  YARIS,JAPAN,PETROL,996.0,GAMPAHA,RECONDITIONED,1,,KSP210  YARIS
CAR,HONDA,CR V,AUSTRALIA,PETROL,1498.0,KURUNEGALA,RECONDITIONED,1,,CR V
CAR,TOYOTA,5BA-M900A ROOMY,JAPAN,PETROL,996.0,MONERAGALA,RECONDITIONED,1,5BA-M900A,ROOMY
CAR,SUZUKI,5AA-MR92S HUSTLER,JAPAN,PETROL/ELE,658.0,MATARA,RECONDITIONED,1,5AA-MR92S,HUSTLER
CAR,HONDA,CRV- VTI L,AUSTRALIA,PETROL,1498.0,COLOMBO,RECONDITIONED,1,,CRV- VTI L
CAR,TOYOTA,5BA-MZEA17 COROLLA,JAPAN,PETROL,1490.0,RATNAPURA,RECONDITIONED,1,5BA-MZEA17,COROLLA
CAR,TOYOTA,6AA-NKE165 COROLLA,JAPAN,PETROL/ELE,1496.0,KURUNEGALA,RECONDITIONED,1,6AA-NKE165,COROLLA
CAR,TOYOTA,5BA-M900A ROOMY,JAPAN,PETROL,996.0,RATNAPURA,RECONDITIONED,1,5BA-M900A,ROOMY
CAR,SUZUKI,4AA-MH55S-WAGON R,JAPAN,PETROL/ELE,658.0,KANDY,RECONDITIONED,1,4AA-MH55S-WAGON,R
CAR,TOYOTA,3BA-VJA300W-GNUZZ,JAPAN,PETROL,3444.0,BADULLA,RECONDITIONED,1,3BA-VJA300W-GNUZZ,Unknown
CAR,SUZUKI,3BD DA17V EVERY,JAPAN,PETROL,658.0,COLOMBO,RECONDITIONED,1,,3BD DA17V EVERY
CAR,DAIHATSU,3BD-S700V HIJET,JAPAN,PETROL,658.0,KURUNEGALA,RECONDITIONED,1,3BD-S700V,HIJET
CAR,LAND ROVER,DEFFENDER,UNITED KINGDOM,PETROL,1990.0,GAMPAHA,RECONDITIONED,1,,DEFFENDER
CAR,DAIHATSU,5BA-LA350S MIRA,JAPAN,PETROL,658.0,AMPARA,RECONDITIONED,1,5BA-LA350S,MIRA
CAR,HONDA,6AA-RV5   VEZEL,JAPAN,PETROL/ELE,1496.0,PUTTALAM,RECONDITIONED,1,6AA-RV5,VEZEL
CAR,DAIHATSU,5BA-LA3505 MIRA,JAPAN,PETROL,658.0,COLOMBO,RECONDITIONED,1,5BA-LA3505,MIRA
CAR,TOYOTA,6AA NKE 165,JAPAN,PETROL/ELE,1496.0,KALUTARA,RECONDITIONED,1,,6AA NKE 165
CAR,NISSAN,3BA-DR17W CLIPPER,JAPAN,PETROL,658.0,KALUTARA,RECONDITIONED,1,3BA-DR17W,CLIPPER
CAR,SUZUKI,5AA-MH95 WAGON R,JAPAN,PETROL/ELE,658.0,COLOMBO,RECONDITIONED,1,5AA-MH95,WAGON R
CAR,AUDI,A3 30 TFSI-S LINE,UNITED KINGDOM,PETROL,999.0,COLOMBO,RECONDITIONED,1,,A3 30 TFSI-S LINE
CAR,SUZUKI,4AA-MH55S WAGON R,JAPAN,PETROL/ELE,658.0,COLOMBO,RECONDITIONED,1,4AA-MH55S,WAGON R
CAR,PERODUA,BEZZA,MALAYSIA,PETROL,998.0,COLOMBO,BRAND NEW,44,,BEZZA
CAR,BYD,SEAL-COMFORT,CHINA,ELECTRIC,100.0,COLOMBO,BRAND NEW,38,SEAL-COMFORT,Unknown
CAR,BYD,SEAL-COMFORT,CHINA,ELECTRIC,100.0,KALUTARA,BRAND NEW,3,SEAL-COMFORT,Unknown
CAR,PERODUA,AXIA CG1GZ,MALAYSIA,PETROL,998.0,COLOMBO,BRAND NEW,9,,AXIA CG1GZ
CAR,BYD,ATTO-3-SUPERIOR,CHINA,ELECTRIC,100.0,RATNAPURA,BRAND NEW,4,ATTO-3-SUPERIOR,Unknown
CAR,BYD,ATTO-3-SUPERIOR,CHINA,ELECTRIC,100.0,MATARA,BRAND NEW,2,ATTO-3-SUPERIOR,Unknown
CAR,BYD,M6 STANDARD,CHINA,ELECTRIC,100.0,KALUTARA,BRAND NEW,1,,M6 STANDARD
CAR,BYD,DOLPHIN-DYNAMIC 70,CHINA,ELECTRIC,70.0,ANURADHAPURA,BRAND NEW,1,,DOLPHIN-DYNAMIC 70
CAR,BYD,DOLPHIN-DYNAMIC 70,CHINA,ELECTRIC,70.0,GAMPAHA,BRAND NEW,3,,DOLPHIN-DYNAMIC 70
CAR,PERODUA,BEZZA,MALAYSIA,PETROL,999.0,COLOMBO,BRAND NEW,1,,BEZZA
CAR,TOYOTA,FJA300R-GNUZY,JAPAN,DIESEL,3346.0,COLOMBO,BRAND NEW,1,,FJA300R-GNUZY
CAR,BYD,ATTO-3-SUPERIOR,CHINA,ELECTRIC,100.0,ANURADHAPURA,BRAND NEW,1,ATTO-3-SUPERIOR,Unknown
CAR,TATA,CURVV,INDIA,PETROL,1199.0,MATALE,BRAND NEW,2,,CURVV
CAR,TATA,CURVV CREATIVE,INDIA,PETROL,1199.0,COLOMBO,BRAND NEW,1,,CURVV CREATIVE
CAR,TATA,PUNCH CREATIVE,INDIA,PETROL,1199.0,COLOMBO,BRAND NEW,1,,PUNCH CREATIVE
CAR,HYUNDAI,GRAND I10,SRI LANKA,PETROL,1197.0,COLOMBO,BRAND NEW-L/ASSEMBLE,17,,GRAND I10
CAR,CHERY,TIGGO 4 PRO,SRI LANKA,PETROL,1498.0,KEGALLE,BRAND NEW-L/ASSEMBLE,1,,TIGGO 4 PRO
CAR,DAIHATSU,5BA-LA350 MIRA E S,JAPAN,PETROL,658.0,GAMPAHA,RECONDITIONED,1,5BA-LA350,MIRA E S
CAR,SUZUKI,5AA-MH95S WAGON R,JAPAN,PETROL/ELE,658.0,KANDY,RECONDITIONED,2,5AA-MH95S,WAGON R
CAR,HONDA,6AA-RV6 VEZEL,JAPAN,PETROL/ELE,1496.0,COLOMBO,RECONDITIONED,1,6AA-RV6,VEZEL
CAR,NISSAN,5BA-B43W DAYZ,JAPAN,PETROL,650.0,GAMPAHA,RECONDITIONED,1,5BA-B43W,DAYZ
CAR,TOYOTA,6AA-AXUH80,JAPAN,PETROL/ELE,2487.0,COLOMBO,RECONDITIONED,1,6AA-AXUH80,Unknown
CAR,TOYOTA,6AA-MXPJ10,JAPAN,PETROL/ELE,1496.0,COLOMBO,RECONDITIONED,2,6AA-MXPJ10,/YARIS
CAR,SUZUKI,5AA-MH95S WAGON R,JAPAN,PETROL,657.0,JAFFNA,RECONDITIONED,1,5AA-MH95S,WAGON R
CAR,SUZUKI,5AA-MH95S,JAPAN,PETROL,658.0,COLOMBO,RECONDITIONED,3,5AA-MH95S,WAGON 4
CAR,SUZUKI,5BA-MH85S WAGON R,JAPAN,PETROL,658.0,RATNAPURA,RECONDITIONED,1,5BA-MH85S,WAGON R
CAR,SUZUKI,5AA-MH95S,JAPAN,PETROL,658.0,GAMPAHA,RECONDITIONED,1,5AA-MH95S,WAGON 4
CAR,SUZUKI,5AA-HA97S ALTO,JAPAN,PETROL,658.0,GAMPAHA,RECONDITIONED,1,5AA-HA97S,ALTO
CAR,TOYOTA,KSP210 YARIS,JAPAN,PETROL,996.0,COLOMBO,RECONDITIONED,1,,KSP210 YARIS
CAR,DAIHATSU,5BA-LA900S TAFT,JAPAN,PETROL,650.0,GAMPAHA,RECONDITIONED,1,5BA-LA900S,TAFT
CAR,SUZUKI,4AA-MH55S WAGON R,JAPAN,PETROL,658.0,BATTICALOA,RECONDITIONED,1,4AA-MH55S,WAGON R
CAR,NISSAN,4AA-B45W,JAPAN,PETROL,658.0,COLOMBO,RECONDITIONED,1,4AA-B45W,Unknown
CAR,SUZUKI, 4AA-MK53S SPACIA,JAPAN,PETROL,658.0,COLOMBO,RECONDITIONED,1,4AA-MK53S,SPACIA
CAR,SUZUKI,4AA-MN71S X BEE,JAPAN,PETROL/ELE,996.0,GAMPAHA,RECONDITIONED,2,4AA-MN71S,X BEE
CAR,TOYOTA,3BA-A210A RAIZE,JAPAN,PETROL,998.0,GALLE,RECONDITIONED,1,3BA-A210A,RAIZE
CAR,DAIHATSU,5BA-LA900S TAFT,JAPAN,PETROL,658.0,KALUTARA,RECONDITIONED,7,5BA-LA900S,TAFT
CAR,TOYOTA,6BA-MXUA80,JAPAN,PETROL,1986.0,KALUTARA,RECONDITIONED,1,6BA-MXUA80,HARRIER
CAR,DAIHATSU,5BA-LA650S TANTO,JAPAN,PETROL,658.0,KURUNEGALA,RECONDITIONED,1,5BA-LA650S,TANTO
CAR,AUDI,3AA-GYDLA A3,GERMANY,PETROL,999.0,COLOMBO,RECONDITIONED,1,3AA-GYDLA,A3
CAR,TOYOTA,5BA-A201A RAIZE,JAPAN,PETROL,1196.0,JAFFNA,RECONDITIONED,2,5BA-A201A,RAIZE
CAR,TOYOTA,5BA-MZEA17 COROLLA,JAPAN,PETROL,1496.0,KALUTARA,RECONDITIONED,1,5BA-MZEA17,COROLLA
CAR,SUZUKI,5AA-HA97S ALTO,JAPAN,PETROL/ELE,658.0,COLOMBO,RECONDITIONED,1,5AA-HA97S,ALTO
CAR,SUZUKI,3BA-DA17W EVERY,JAPAN,PETROL,658.0,KANDY,RECONDITIONED,5,3BA-DA17W,EVERY
CAR,TOYOTA,5AA-A202A,JAPAN,PETROL/ELE,1196.0,COLOMBO,RECONDITIONED,1,5AA-A202A,Unknown
CAR,SUZUKI,5BA-MH85S WAGON R,JAPAN,PETROL,656.0,KURUNEGALA,RECONDITIONED,1,5BA-MH85S,WAGON R
CAR,TOYOTA,LAND CRUISER,JAPAN,DIESEL,3346.0,COLOMBO,RECONDITIONED,1,,LAND CRUISER
CAR,LEXUS,3BA-VJA310W,JAPAN,PETROL,3444.0,COLOMBO,RECONDITIONED,2,3BA-VJA310W,LX600
CAR,SUZUKI,3BA-JB64W JIMNY,JAPAN,PETROL,658.0,PUTTALAM,RECONDITIONED,1,3BA-JB64W,JIMNY
CAR,SUZUKI,4AA-MN71S X BEE,JAPAN,PETROL,996.0,GAMPAHA,RECONDITIONED,1,4AA-MN71S,X BEE
CAR,SUZUKI,5BD-DA17V EVERY,JAPAN,PETROL,658.0,KILINOCHCHI,RECONDITIONED,1,5BD-DA17V,EVERY
CAR,SUZUKI,3BA-HA37S  ALTO,JAPAN,PETROL,658.0,COLOMBO,RECONDITIONED,1,3BA-HA37S,ALTO
CAR,DAIHATSU,5BA-LA350S8,JAPAN,PETROL,658.0,HAMBANTOTA,RECONDITIONED,1,5BA-LA350S8,Unknown
CAR,TOYOTA,5BA-A201A RAIZE,JAPAN,PETROL,1196.0,KANDY,RECONDITIONED,1,5BA-A201A,RAIZE
CAR,TOYOTA,6AA-MXPK11 AQUA,JAPAN,PETROL/ELE,1490.0,KURUNEGALA,RECONDITIONED,1,6AA-MXPK11,AQUA
CAR,SUZUKI,5AA-MH95S WAGON R,JAPAN,PETROL,658.0,AMPARA,RECONDITIONED,4,5AA-MH95S,WAGON R
CAR,HONDA,6AA-RV5-VEZEL,JAPAN,PETROL/ELE,1496.0,PUTTALAM,RECONDITIONED,1,6AA-RV5-VEZEL,Unknown
CAR,TOYOTA,6AA-MXPL10G SIENTA,JAPAN,PETROL/ELE,1490.0,MANNAR,RECONDITIONED,1,6AA-MXPL10G,SIENTA
CAR,DAIHATSU,5BA-LA850S  CANBUS,JAPAN,PETROL,658.0,KURUNEGALA,RECONDITIONED,1,5BA-LA850S,CANBUS
CAR,SUZUKI,5BA-MH85S,JAPAN,PETROL,657.0,GAMPAHA,RECONDITIONED,1,5BA-MH85S,WAGON R
CAR,MITSUBISHI,ECLIPSE CROSS EXCEED,AUSTRALIA,PETROL,1499.0,GAMPAHA,RECONDITIONED,1,,ECLIPSE CROSS EXCEED
CAR,DAIHATSU,5BA-LA350S MIRA,JAPAN,PETROL,658.0,BADULLA,RECONDITIONED,1,5BA-LA350S,MIRA
CAR,MERCEDES BENZ,GLB200 AMG LNE PREM,UNITED KINGDOM,PETROL/ELE,1332.0,COLOMBO,RECONDITIONED,1,,GLB200 AMG LNE PREM
CAR,SUZUKI,5BD DA17V-EVERY,JAPAN,PETROL,658.0,GAMPAHA,RECONDITIONED,1,,5BD DA17V-EVERY
CAR,SUZUKI,ALTO 5AA-HA97S,JAPAN,PETROL,657.0,COLOMBO,RECONDITIONED,1,,ALTO 5AA-HA97S
CAR,TOYOTA,6AA-AXUH80 HARRIER,JAPAN,PETROL/ELE,2487.0,KANDY,RECONDITIONED,1,6AA-AXUH80,HARRIER
CAR,HONDA,CRV VTI L7,AUSTRALIA,PETROL,1498.0,GAMPAHA,RECONDITIONED,1,,CRV VTI L7
CAR,TOYOTA,ROOMY 5BA-M900A,JAPAN,PETROL,996.0,KANDY,RECONDITIONED,1,,ROOMY 5BA-M900A
CAR,TOYOTA,6AA-ZWE219 COROLLA,JAPAN,PETROL/ELE,1790.0,COLOMBO,RECONDITIONED,1,6AA-ZWE219,COROLLA
CAR,TOYOTA,3BA-VJA300W,JAPAN,PETROL,3447.0,GAMPAHA,RECONDITIONED,1,3BA-VJA300W,Unknown
CAR,NISSAN,5AA-B44W DAYZ,JAPAN,PETROL,659.0,GAMPAHA,RECONDITIONED,1,5AA-B44W,DAYZ
CAR,LAND ROVER,3BA-LE72XAA DEFENDER,UNITED KINGDOM,PETROL,1999.0,GALLE,RECONDITIONED,1,3BA-LE72XAA,DEFENDER
CAR,TESLA,ZAA-3L13T MODEL3,CHINA,ELECTRIC,194.0,KURUNEGALA,RECONDITIONED,1,ZAA-3L13T,MODEL3
CAR,HONDA,6AA RV5  VEZEL,JAPAN,PETROL/ELE,1496.0,COLOMBO,RECONDITIONED,1,,6AA RV5  VEZEL
CAR,SUZUKI,4AA-MH55S WAGON R,JAPAN,PETROL,658.0,KANDY,RECONDITIONED,1,4AA-MH55S,WAGON R
CAR,HONDA,6BA-JF3    N BOX,JAPAN,PETROL,658.0,COLOMBO,RECONDITIONED,1,6BA-JF3,N BOX
CAR,SUZUKI,WAGON R 5BA-MH85S,JAPAN,PETROL,656.0,GAMPAHA,RECONDITIONED,1,,WAGON R 5BA-MH85S
CAR,HONDA,5BA-RP6,JAPAN,PETROL,1496.0,PUTTALAM,RECONDITIONED,1,5BA-RP6,Unknown
CAR,SUZUKI,5AA-MH95S WAGON R,JAPAN,PETROL/ELE,658.0,KILINOCHCHI,RECONDITIONED,1,5AA-MH95S,WAGON R
CAR,SUZUKI,3BA-HA37S ALTO,JAPAN,PETROL,650.0,COLOMBO,RECONDITIONED,1,3BA-HA37S,ALTO
CAR,DAIHATSU,MIRA 5BA-LA350S,JAPAN,PETROL,658.0,KALUTARA,RECONDITIONED,1,,MIRA 5BA-LA350S
CAR,TOYOTA,3BA-VJA300W,JAPAN,PETROL,3440.0,KURUNEGALA,RECONDITIONED,1,3BA-VJA300W,Unknown
CAR,SUZUKI,5AA-MK94S SPACIA,JAPAN,PETROL/ELE,658.0,PUTTALAM,RECONDITIONED,1,5AA-MK94S,SPACIA
CAR,TOYOTA, LAND CRUISE,JAPAN,PETROL,3444.0,COLOMBO,RECONDITIONED,1,,LAND CRUISE
CAR,LAND ROVER,3BA-LE72XAA,UNITED KINGDOM,PETROL,1990.0,COLOMBO,RECONDITIONED,1,3BA-LE72XAA,DEFENDER
CAR,SUZUKI,3BA-HA37S ALTO,JAPAN,PETROL,658.0,MONERAGALA,RECONDITIONED,1,3BA-HA37S,ALTO
CAR,TOYOTA,5BA-A210A RAIZE,JAPAN,PETROL,1196.0,VAVUNIYA,RECONDITIONED,1,5BA-A210A,RAIZE
CAR,TOYOTA,5BA KSP210 YARIS,JAPAN,PETROL,996.0,COLOMBO,RECONDITIONED,1,,5BA KSP210 YARIS
CAR,TOYOTA,4BA-M900A  ROOMY,JAPAN,PETROL,996.0,ANURADHAPURA,RECONDITIONED,1,4BA-M900A,ROOMY
CAR,TOYOTA,YARIS CROSS,THAILAND,PETROL/ELE,1496.0,GALLE,RECONDITIONED,1,,YARIS CROSS
CAR,TOYOTA,4BA-M900A ROOMY,JAPAN,PETROL,990.0,COLOMBO,RECONDITIONED,1,4BA-M900A,ROOMY
CAR,TOYOTA,5BA-KSP210 YARIS,JAPAN,PETROL,996.0,VAVUNIYA,RECONDITIONED,1,5BA-KSP210,YARIS
CAR,SUZUKI,5AA-ZCEDS SWIFT,JAPAN,PETROL/ELE,1190.0,COLOMBO,RECONDITIONED,1,5AA-ZCEDS,SWIFT
CAR,TOYOTA,5AA-A202A-RAIZE,JAPAN,PETROL/ELE,1196.0,KANDY,RECONDITIONED,1,5AA-A202A-RAIZE,Unknown
CAR,NISSAN,5AA-B44W DAYS,JAPAN,PETROL,659.0,COLOMBO,RECONDITIONED,1,5AA-B44W,DAYS
CAR,SUZUKI,5AA-MR92S HUSTELER,JAPAN,PETROL/ELE,658.0,GAMPAHA,RECONDITIONED,1,5AA-MR92S,HUSTELER
CAR,HONDA,CR-V,AUSTRALIA,PETROL,1499.0,PUTTALAM,RECONDITIONED,1,CR-V,50
CAR,TOYOTA,5BA-KSP210 YARIS X,JAPAN,PETROL,996.0,COLOMBO,RECONDITIONED,1,5BA-KSP210,YARIS X
CAR,TOYOTA,3BA-TRJ150W,JAPAN,PETROL,2693.0,AMPARA,RECONDITIONED,1,3BA-TRJ150W,TX-L
CAR,LAND ROVER,DEFENDER X - DYNAMIC,UNITED KINGDOM,PETROL/ELE,1997.0,PUTTALAM,RECONDITIONED,1,,DEFENDER X - DYNAMIC
CAR,TOYOTA,ALPHARD 6AA-AAHH45W,JAPAN,PETROL/ELE,2487.0,COLOMBO,RECONDITIONED,1,,ALPHARD 6AA-AAHH45W
CAR,BYD,DOLPHIN-DYNAMIC49,CHINA,ELECTRIC,49.0,COLOMBO,BRAND NEW,4,,DOLPHIN-DYNAMIC49
CAR,PERODUA,BEZZA,MALAYSIA,PETROL,998.0,GAMPAHA,BRAND NEW,16,,BEZZA
CAR,BYD,SEALION 6 SUPERIOR,CHINA,PETROL/ELE,1498.0,KANDY,BRAND NEW,12,,SEALION 6 SUPERIOR
CAR,NISSAN,MAGNITE ACENTA BR10,INDIA,PETROL,999.0,GALLE,BRAND NEW,1,,MAGNITE ACENTA BR10
CAR,NISSAN,MAGNITE N-CONNECTA,INDIA,PETROL,999.0,COLOMBO,BRAND NEW,3,,MAGNITE N-CONNECTA
CAR,BYD,DOLPHIN-DYNAMIC 70,CHINA,ELECTRIC,70.0,KANDY,BRAND NEW,2,,DOLPHIN-DYNAMIC 70
CAR,NISSAN,MAGNITE TEKNA PLUS,INDIA,PETROL,999.0,HAMBANTOTA,BRAND NEW,1,,MAGNITE TEKNA PLUS
CAR,BYD,ATTO-3-SUPERIOR,CHINA,ELECTRIC,100.0,KURUNEGALA,BRAND NEW,8,ATTO-3-SUPERIOR,Unknown
CAR,PERODUA,BEZZA,MALAYSIA,PETROL,998.0,KALUTARA,BRAND NEW,7,,BEZZA
CAR,KIA,SORENTO,MALAYSIA,PETROL/ELE,1598.0,GAMPAHA,BRAND NEW,4,,SORENTO
CAR,TOYOTA,A250RA-GBVV RAIZE,INDONESIA,PETROL,998.0,COLOMBO,BRAND NEW,12,,A250RA-GBVV RAIZE
CAR,TATA,TIAGO -EV,INDIA,ELECTRIC,48.0,COLOMBO,BRAND NEW,1,,TIAGO -EV
CAR,PERODUA,BEZZA,MALAYSIA,PETROL,998.0,KURUNEGALA,BRAND NEW,1,,BEZZA
CAR,BYD,SEALION 6 SUPERIOR,CHINA,PETROL/ELE,1498.0,MATARA,BRAND NEW,3,,SEALION 6 SUPERIOR
CAR,BYD,DOLPHIN-DYNAMIC49,CHINA,ELECTRIC,49.0,GAMPAHA,BRAND NEW,1,,DOLPHIN-DYNAMIC49
CAR,BYD,SEALION 6 SUPERIOR,CHINA,PETROL/ELE,1498.0,MATALE,BRAND NEW,1,,SEALION 6 SUPERIOR
CAR,CHERY,TIGGO 4 PRO,SRI LANKA,PETROL,1498.0,COLOMBO,BRAND NEW-L/ASSEMBLE,2,,TIGGO 4 PRO
CAR,MAHINDRA,KUV100 NXT AMT,SRI LANKA,DIESEL,1198.0,GAMPAHA,BRAND NEW-L/ASSEMBLE,1,,KUV100 NXT AMT
CAR,BAIC,X55 II LUXURY,SRI LANKA,PETROL,1498.0,AMPARA,BRAND NEW-L/ASSEMBLE,1,,X55 II LUXURY
CAR,DFSK,GLORY I AUTO,SRI LANKA,PETROL,1498.0,BATTICALOA,BRAND NEW-L/ASSEMBLE,1,,GLORY I AUTO
CAR,DFSK,GLORY I AUTO,SRI LANKA,PETROL,1498.0,BADULLA,BRAND NEW-L/ASSEMBLE,1,,GLORY I AUTO
CAR,LAND ROVER,3BA-LE72XAA DEFENDER,UNITED KINGDOM,PETROL,1990.0,VAVUNIYA,RECONDITIONED,1,3BA-LE72XAA,DEFENDER
CAR,NISSAN,3BD-DR17V CLIPPER,JAPAN,PETROL,658.0,COLOMBO,RECONDITIONED,1,3BD-DR17V,CLIPPER
CAR,TOYOTA,3BA-TRJ250W,JAPAN,PETROL,2693.0,TRINCOMALEE,RECONDITIONED,1,3BA-TRJ250W,Unknown
CAR,TOYOTA,3BA-VJA300W,JAPAN,PETROL,3444.0,PUTTALAM,RECONDITIONED,3,3BA-VJA300W,Unknown
CAR,SUZUKI,5BD-DA17V EVERY,JAPAN,PETROL,658.0,HAMBANTOTA,RECONDITIONED,1,5BD-DA17V,EVERY
CAR,SUZUKI,5AA-MH95S WAGON R,JAPAN,PETROL,657.0,KEGALLE,RECONDITIONED,1,5AA-MH95S,WAGON R
CAR,MERCEDES BENZ,EQE 300 SUV,GERMANY,ELECTRIC,180.0,COLOMBO,RECONDITIONED,1,,EQE 300 SUV
CAR,SUZUKI,5BD DA17V EVERY,JAPAN,PETROL,658.0,HAMBANTOTA,RECONDITIONED,1,,5BD DA17V EVERY
CAR,SUZUKI,3BD-DA17V EVERY,JAPAN,PETROL,658.0,MATARA,RECONDITIONED,1,3BD-DA17V,EVERY
CAR,TOYOTA,3BA-VJA300W,JAPAN,PETROL,3444.0,JAFFNA,RECONDITIONED,2,3BA-VJA300W,Unknown
CAR,NISSAN,5BD-DR17V,JAPAN,PETROL,658.0,COLOMBO,RECONDITIONED,2,5BD-DR17V,CLIPER
CAR,HONDA,6AA-RV 5 VEZEL,JAPAN,PETROL/ELE,1496.0,PUTTALAM,RECONDITIONED,1,6AA-RV,5 VEZEL
CAR,HONDA,6AA-RV5 VEZEL,JAPAN,PETROL/ELE,1496.0,NUWARA-ELIYA,RECONDITIONED,6,6AA-RV5,VEZEL
CAR,TOYOTA,3BA-A210A,JAPAN,PETROL,996.0,BADULLA,RECONDITIONED,1,3BA-A210A,- RAIZE
CAR,SUZUKI,5AA-MK94S,JAPAN,PETROL/ELE,658.0,KURUNEGALA,RECONDITIONED,1,5AA-MK94S,Unknown
CAR,DAIHATSU,5BA-LA650STANTO,JAPAN,PETROL,658.0,BATTICALOA,RECONDITIONED,1,5BA-LA650STANTO,Unknown
CAR,SUZUKI,5AA-MH95S,JAPAN,PETROL,658.0,RATNAPURA,RECONDITIONED,1,5AA-MH95S,WAGON 4
CAR,TOYOTA,6AA-MXPJ10 YARIS,JAPAN,PETROL/ELE,1496.0,KANDY,RECONDITIONED,1,6AA-MXPJ10,YARIS
CAR,SUZUKI,5BA-MH85S WAGON R,JAPAN,PETROL,656.0,NUWARA-ELIYA,RECONDITIONED,1,5BA-MH85S,WAGON R
CAR,SUZUKI,5AA-MH95S WAGON R,JAPAN,PETROL,658.0,MULLATIVU,RECONDITIONED,1,5AA-MH95S,WAGON R
CAR,SUZUKI,5AA-MH 95S WAGON R,JAPAN,PETROL/ELE,658.0,MATALE,RECONDITIONED,1,5AA-MH,95S WAGON R
CAR,DAIHATSU,5BA-LA350 S MIRA,JAPAN,PETROL,658.0,MATARA,RECONDITIONED,1,5BA-LA350,S MIRA
CAR,TOYOTA,5AA-A202A RAIZE,JAPAN,ELECTRIC,78.0,KURUNEGALA,RECONDITIONED,2,5AA-A202A,RAIZE
CAR,HONDA,6BA-JF3 N-BOX,JAPAN,PETROL,658.0,GAMPAHA,RECONDITIONED,1,6BA-JF3,N-BOX
CAR,HONDA,6AA RV5 VEZEL,JAPAN,PETROL/ELE,1496.0,KALUTARA,RECONDITIONED,1,,6AA RV5 VEZEL
CAR,TOYOTA,FJA300R GNUVYQ,AUSTRALIA,DIESEL,3346.0,COLOMBO,RECONDITIONED,1,,FJA300R GNUVYQ
CAR,SUZUKI,3BD-DA17V EVERY,JAPAN,PETROL,658.0,AMPARA,RECONDITIONED,1,3BD-DA17V,EVERY
CAR,SUZUKI,5AA-MH95S WAGON R,JAPAN,PETROL,658.0,KURUNEGALA,RECONDITIONED,1,5AA-MH95S,WAGON R
CAR,DAIHATSU,5BA-LA900S,JAPAN,PETROL,658.0,GAMPAHA,RECONDITIONED,3,5BA-LA900S,TALF
CAR,TOYOTA,5BA-KSP210 YARIS,JAPAN,PETROL,996.0,AMPARA,RECONDITIONED,5,5BA-KSP210,YARIS
CAR,TOYOTA,6AA-MXPJ10 YARIS,JAPAN,PETROL/ELE,1496.0,KEGALLE,RECONDITIONED,2,6AA-MXPJ10,YARIS
CAR,TOYOTA,4BA-M900A ROOMY,JAPAN,PETROL,996.0,PUTTALAM,RECONDITIONED,1,4BA-M900A,ROOMY
CAR,SUZUKI,5AA-ZCEDS SWIFT,JAPAN,PETROL,1198.0,COLOMBO,RECONDITIONED,1,5AA-ZCEDS,SWIFT
CAR,SUZUKI,5BA-MH85S,JAPAN,PETROL,658.0,GAMPAHA,RECONDITIONED,2,5BA-MH85S,WAGON R
CAR,SUZUKI,4AA-MH55S WAGON R,JAPAN,PETROL,658.0,VAVUNIYA,RECONDITIONED,1,4AA-MH55S,WAGON R
CAR,NISSAN,5BD-DR17V,JAPAN,PETROL,658.0,KANDY,RECONDITIONED,1,5BD-DR17V,CLIPER
CAR,SUZUKI,5AA-MR92S HUSTLER,JAPAN,PETROL,658.0,POLONNARUWA,RECONDITIONED,1,5AA-MR92S,HUSTLER
CAR,NISSAN,ALMERA,THAILAND,PETROL,999.0,KURUNEGALA,RECONDITIONED,1,,ALMERA
CAR,SUZUKI,5BA-MH85S,JAPAN,PETROL,658.0,HAMBANTOTA,RECONDITIONED,1,5BA-MH85S,WAGON R
CAR,SUZUKI,5AA-HA97S ALTO,JAPAN,PETROL,657.0,KALUTARA,RECONDITIONED,1,5AA-HA97S,ALTO
CAR,SUZUKI,5AA-ZCEDS SWIFT,JAPAN,PETROL/ELE,1198.0,COLOMBO,RECONDITIONED,1,5AA-ZCEDS,SWIFT
CAR,MITSUBISHI,5AA-B34W EK X,JAPAN,PETROL,658.0,COLOMBO,RECONDITIONED,1,5AA-B34W,EK X
CAR,TOYOTA,YAARIS,THAILAND,PETROL,1197.0,COLOMBO,RECONDITIONED,1,,YAARIS
CAR,TOYOTA,RAIZE  3BA-A210A,JAPAN,PETROL,996.0,COLOMBO,RECONDITIONED,1,,RAIZE  3BA-A210A
CAR,SUZUKI,3BD-DR17V CLIPPER,JAPAN,PETROL,658.0,KALUTARA,RECONDITIONED,1,3BD-DR17V,CLIPPER
CAR,TOYOTA,3BD-S700M PIXIS,JAPAN,PETROL,658.0,KURUNEGALA,RECONDITIONED,1,3BD-S700M,PIXIS
CAR,TOYOTA,6AA-MXPJ10 YARIS,JAPAN,PETROL,1496.0,RATNAPURA,RECONDITIONED,1,6AA-MXPJ10,YARIS
CAR,HONDA,6AA-RV5 VEZEL,JAPAN,PETROL/ELE,1498.0,HAMBANTOTA,RECONDITIONED,1,6AA-RV5,VEZEL
CAR,TESLA,3RWD,U.S.A,ELECTRIC,194.0,GAMPAHA,RECONDITIONED,1,,3RWD
CAR,NISSAN,4AA-B45W DAYZ,JAPAN,PETROL,658.0,COLOMBO,RECONDITIONED,1,4AA-B45W,DAYZ
CAR,SUZUKI,3BA-HA37S ALTO,JAPAN,PETROL,658.0,KANDY,RECONDITIONED,1,3BA-HA37S,ALTO
CAR,B.M.W.,3AA-12FJ20 523I,GERMANY,PETROL,1999.0,COLOMBO,RECONDITIONED,1,3AA-12FJ20,523I
CAR,SUZUKI,4AA-MH55S WAGON R,JAPAN,PETROL,658.0,KURUNEGALA,RECONDITIONED,2,4AA-MH55S,WAGON R
CAR,NISSAN,5AA-B44A,JAPAN,PETROL,658.0,COLOMBO,RECONDITIONED,1,5AA-B44A,ROOX
CAR,LEXUS,5AA-TAWH15W,JAPAN,PETROL,2393.0,GAMPAHA,RECONDITIONED,1,5AA-TAWH15W,Unknown
CAR,HONDA,CR-V VTI L7,THAILAND,PETROL,1498.0,GAMPAHA,RECONDITIONED,1,CR-V,VTI L7
CAR,TOYOTA,3BA-A210A,JAPAN,PETROL,998.0,GALLE,RECONDITIONED,1,3BA-A210A,- RAIZE
CAR,TOYOTA,3BA-TRJ150W,JAPAN,PETROL,2693.0,KEGALLE,RECONDITIONED,1,3BA-TRJ150W,TX-L
CAR,TOYOTA,5AA-A202A,JAPAN,PETROL/ELE,78.0,GALLE,RECONDITIONED,1,5AA-A202A,Unknown
CAR,MAZDA,3BA-DG17W SCRUM,JAPAN,PETROL,658.0,KANDY,RECONDITIONED,1,3BA-DG17W,SCRUM
CAR,DAIHATSU,5BA-LA350S MIRA,JAPAN,PETROL,658.0,MONERAGALA,RECONDITIONED,1,5BA-LA350S,MIRA
CAR,TOYOTA,3BA-TRJ250W,JAPAN,PETROL,2693.0,KEGALLE,RECONDITIONED,1,3BA-TRJ250W,Unknown
CAR,MERCEDES BENZ,4AA-214050C E200,GERMANY,PETROL,1991.0,COLOMBO,RECONDITIONED,1,4AA-214050C,E200
CAR,HONDA,6BA-RV5 VEZEL,JAPAN,PETROL/ELE,1496.0,COLOMBO,RECONDITIONED,1,6BA-RV5,VEZEL
CAR,SUZUKI,5AA-MR92S HUSTLER,JAPAN,PETROL/ELE,656.0,KURUNEGALA,RECONDITIONED,1,5AA-MR92S,HUSTLER
CAR,LAND ROVER,3BA-LE72XAA DEFENDER,UNITED KINGDOM,PETROL,1997.0,PUTTALAM,RECONDITIONED,1,3BA-LE72XAA,DEFENDER
CAR,TOYOTA,5BA-KSP120 YARIS,JAPAN,PETROL,996.0,GAMPAHA,RECONDITIONED,1,5BA-KSP120,YARIS
CAR,SUZUKI,4AA-MR52S  HUSTLER,JAPAN,PETROL,658.0,ANURADHAPURA,RECONDITIONED,1,4AA-MR52S,HUSTLER
CAR,SUZUKI,5BA-MH85S,JAPAN,PETROL,658.0,MANNAR,RECONDITIONED,1,5BA-MH85S,WAGON R
CAR,TOYOTA,5AA-A202A RAIZE,JAPAN,ELECTRIC,78.0,RATNAPURA,RECONDITIONED,1,5AA-A202A,RAIZE
CAR,TOYOTA,3DA-GDJ250W,JAPAN,DIESEL,2754.0,KANDY,RECONDITIONED,1,3DA-GDJ250W,Unknown
CAR,NISSAN,ALMERA,THAILAND,PETROL,999.0,GALLE,RECONDITIONED,1,,ALMERA
CAR,SUZUKI,5BD-DA17V   EVERY,JAPAN,PETROL,658.0,KALUTARA,RECONDITIONED,1,5BD-DA17V,EVERY
CAR,HONDA,6AA-RV   VEZEL,JAPAN,PETROL/ELE,1496.0,NUWARA-ELIYA,RECONDITIONED,1,6AA-RV,VEZEL
CAR,NISSAN,5AA-B44A ROOX,JAPAN,PETROL/ELE,658.0,COLOMBO,RECONDITIONED,1,5AA-B44A,ROOX
CAR,TOYOTA,3BA-VJA300W,JAPAN,PETROL,3446.0,BATTICALOA,RECONDITIONED,1,3BA-VJA300W,Unknown
CAR,TOYOTA,YARIS CROSS,THAILAND,PETROL/ELE,1496.0,JAFFNA,RECONDITIONED,1,,YARIS CROSS
CAR,SUZUKI,5AA-MH95S  269139,JAPAN,PETROL/ELE,658.0,RATNAPURA,RECONDITIONED,1,5AA-MH95S,269139
CAR,SUZUKI,4AA-MK54S SPACIA,JAPAN,PETROL,658.0,COLOMBO,RECONDITIONED,1,4AA-MK54S,SPACIA
CAR,TOYOTA,3BA  NGX10  C-HR,JAPAN,PETROL,1196.0,GAMPAHA,RECONDITIONED,1,,3BA  NGX10  C-HR
CAR,SUZUKI,5AA-MK53S SPACIA,JAPAN,PETROL/ELE,658.0,KALUTARA,RECONDITIONED,1,5AA-MK53S,SPACIA
CAR,DAIHATSU,5BA-LA350S MIRA E.S,JAPAN,PETROL,658.0,PUTTALAM,RECONDITIONED,1,5BA-LA350S,MIRA E.S
CAR,KIA,SORENTO,MALAYSIA,PETROL/ELE,1598.0,COLOMBO,BRAND NEW,4,,SORENTO
CAR,BYD,DOLPHIN-DYNAMIC49,CHINA,ELECTRIC,49.0,GALLE,BRAND NEW,1,,DOLPHIN-DYNAMIC49
CAR,BYD,SEALION 6 PREMIUM,CHINA,PETROL/ELE,1498.0,COLOMBO,BRAND NEW,28,,SEALION 6 PREMIUM
CAR,BYD,ATTO 3 SUPERIOR,CHINA,ELECTRIC,100.0,GAMPAHA,BRAND NEW,1,,ATTO 3 SUPERIOR
CAR,TATA,TIAGO EV,INDIA,ELECTRIC,55.0,KALUTARA,BRAND NEW,1,,TIAGO EV
CAR,BYD,SEAL-COMFORT,CHINA,ELECTRIC,100.0,PUTTALAM,BRAND NEW,1,SEAL-COMFORT,Unknown
CAR,BYD,ATTO-3-SUPERIOR,CHINA,ELECTRIC,100.0,BADULLA,BRAND NEW,1,ATTO-3-SUPERIOR,Unknown
CAR,BYD,ATTO-3-SUPERIOR,CHINA,ELECTRIC,100.0,NUWARA-ELIYA,BRAND NEW,1,ATTO-3-SUPERIOR,Unknown
CAR,KIA,STONIC,SOUTH KOREA,PETROL,998.0,COLOMBO,BRAND NEW,1,,STONIC
CAR,PERODUA,AXIA-CG1SZ,MALAYSIA,PETROL,998.0,KALUTARA,BRAND NEW,1,AXIA-CG1SZ,Unknown
CAR,PERODUA,BEZZA,MALAYSIA,PETROL,998.0,NUWARA-ELIYA,BRAND NEW,2,,BEZZA
CAR,BYD,ATTO-3-SUPERIOR,CHINA,ELECTRIC,100.0,MATALE,BRAND NEW,1,ATTO-3-SUPERIOR,Unknown
CAR,BAIC,X55 II LUXURY,SRI LANKA,PETROL,1498.0,COLOMBO,BRAND NEW-L/ASSEMBLE,43,,X55 II LUXURY
CAR,BAIC,X55 II LUXURY,SRI LANKA,PETROL,1498.0,GAMPAHA,BRAND NEW-L/ASSEMBLE,10,,X55 II LUXURY
CAR,DFSK,GLORY I AUTO,SRI LANKA,PETROL,1498.0,JAFFNA,BRAND NEW-L/ASSEMBLE,1,,GLORY I AUTO
CAR,MAZDA,5AA-MM94S,JAPAN,PETROL,658.0,GALLE,RECONDITIONED,1,5AA-MM94S,Unknown
CAR,AUDI,3AA-GYDLA,GERMANY,PETROL,999.0,GALLE,RECONDITIONED,2,3AA-GYDLA,A3
CAR,SUZUKI,5AA-MH95S WAGON R,JAPAN,PETROL,658.0,ANURADHAPURA,RECONDITIONED,1,5AA-MH95S,WAGON R
CAR,SUZUKI,5AA-MH95S WAGON R,JAPAN,PETROL/ELE,657.0,KURUNEGALA,RECONDITIONED,3,5AA-MH95S,WAGON R
CAR,TOYOTA,3DA-FJA300W,JAPAN,DIESEL,3345.0,KURUNEGALA,RECONDITIONED,2,3DA-FJA300W,Unknown
CAR,LAND ROVER,RANGE ROVER P400,UNITED KINGDOM,PETROL,2996.0,COLOMBO,RECONDITIONED,1,,RANGE ROVER P400
CAR,TOYOTA,3BA-VJA300W,JAPAN,PETROL,3444.0,ANURADHAPURA,RECONDITIONED,1,3BA-VJA300W,Unknown
CAR,TOYOTA,5BA-KSP210,JAPAN,PETROL,996.0,VAVUNIYA,RECONDITIONED,1,5BA-KSP210,YARIS X
CAR,TOYOTA,3BA-A210A RAIZE,JAPAN,PETROL,998.0,KANDY,RECONDITIONED,2,3BA-A210A,RAIZE
CAR,TOYOTA,5AA-A202A  RAIZE,JAPAN,PETROL/ELE,1190.0,KEGALLE,RECONDITIONED,1,5AA-A202A,RAIZE
CAR,TOYOTA,6AA-MXPJ10 YARIS,JAPAN,PETROL,1490.0,COLOMBO,RECONDITIONED,1,6AA-MXPJ10,YARIS
CAR,NISSAN,5AA-B44A ROOX,JAPAN,PETROL,658.0,COLOMBO,RECONDITIONED,1,5AA-B44A,ROOX
CAR,HONDA,CITY RS,THAILAND,PETROL,988.0,GALLE,RECONDITIONED,1,,CITY RS
CAR,LEXUS,3BA-VJA310W LX600,JAPAN,PETROL,3444.0,COLOMBO,RECONDITIONED,2,3BA-VJA310W,LX600
CAR,TOYOTA,3BA-TRJ150W,JAPAN,PETROL,2693.0,ANURADHAPURA,RECONDITIONED,5,3BA-TRJ150W,TX-L
CAR,NISSAN,5AA-B44W DAYZ,JAPAN,PETROL,658.0,GAMPAHA,RECONDITIONED,3,5AA-B44W,DAYZ
CAR,TOYOTA,CH-R,JAPAN,PETROL,1196.0,KALUTARA,RECONDITIONED,1,CH-R,Unknown
CAR,TOYOTA,YARIS  ATIV,THAILAND,PETROL,1197.0,MATALE,RECONDITIONED,1,,YARIS  ATIV
CAR,TOYOTA,5BA-M900A ROOMY,JAPAN,PETROL,996.0,PUTTALAM,RECONDITIONED,2,5BA-M900A,ROOMY
CAR,SUZUKI,5BD-DA17V EVERY,JAPAN,PETROL,658.0,GALLE,RECONDITIONED,1,5BD-DA17V,EVERY
CAR,TOYOTA,5BA-MZEA17 COROLLA,JAPAN,PETROL,1490.0,KURUNEGALA,RECONDITIONED,1,5BA-MZEA17,COROLLA
CAR,TOYOTA,5BA-M700A PASSO,JAPAN,PETROL,996.0,GAMPAHA,RECONDITIONED,1,5BA-M700A,PASSO
CAR,SUZUKI,5AA-MH95S WAGON R,JAPAN,PETROL,658.0,KANDY,RECONDITIONED,3,5AA-MH95S,WAGON R
CAR,HONDA,CRV VTIL,AUSTRALIA,PETROL,1498.0,COLOMBO,RECONDITIONED,1,,CRV VTIL
CAR,TOYOTA,YARIS CROSS,THAILAND,PETROL/ELE,1496.0,KALUTARA,RECONDITIONED,1,,YARIS CROSS
CAR,TOYOTA,YARIS ATIV,THAILAND,PETROL,1197.0,GAMPAHA,RECONDITIONED,1,,YARIS ATIV
CAR,SUZUKI,5BA-MH85S WAGON R,JAPAN,PETROL,656.0,PUTTALAM,RECONDITIONED,1,5BA-MH85S,WAGON R
CAR,HONDA,6AA RV5 VEZEL,JAPAN,PETROL/ELE,1496.0,VAVUNIYA,RECONDITIONED,1,,6AA RV5 VEZEL
CAR,SUZUKI,5BD-DA17V,JAPAN,PETROL,656.0,BADULLA,RECONDITIONED,1,5BD-DA17V,EVERY
CAR,TOYOTA,YARIS CROSS,THAILAND,PETROL/ELE,1496.0,COLOMBO,RECONDITIONED,6,,YARIS CROSS
CAR,SUZUKI,5AA-MK94S SPACIA,JAPAN,PETROL,658.0,BATTICALOA,RECONDITIONED,2,5AA-MK94S,SPACIA
CAR,SUZUKI,5AA-MH95S WAGON R,JAPAN,PETROL,657.0,PUTTALAM,RECONDITIONED,2,5AA-MH95S,WAGON R
CAR,DAIHATSU,5AA A202S  ROCKY,JAPAN,PETROL/ELE,78.0,MATARA,RECONDITIONED,1,,5AA A202S  ROCKY
CAR,SUZUKI,4AA-MK53S SPACIA,JAPAN,PETROL,658.0,KURUNEGALA,RECONDITIONED,1,4AA-MK53S,SPACIA
CAR,SUZUKI,5BD DA17 V,JAPAN,PETROL,658.0,MATARA,RECONDITIONED,1,,5BD DA17 V
CAR,SUZUKI,5AA-MK94S SPACIA,JAPAN,PETROL/ELE,657.0,GAMPAHA,RECONDITIONED,1,5AA-MK94S,SPACIA
CAR,SUZUKI,5AA-MK94S SPACIA,JAPAN,PETROL/ELE,658.0,KALUTARA,RECONDITIONED,1,5AA-MK94S,SPACIA
CAR,MAZDA,5AA-MM53S FLAIR,JAPAN,PETROL/ELE,658.0,COLOMBO,RECONDITIONED,1,5AA-MM53S,FLAIR
CAR,TOYOTA,5BA-KSP210  YARIS,JAPAN,PETROL,996.0,MATARA,RECONDITIONED,1,5BA-KSP210,YARIS
CAR,SUZUKI,5AA-MH95S WAGON R,JAPAN,PETROL,658.0,PUTTALAM,RECONDITIONED,1,5AA-MH95S,WAGON R
CAR,TOYOTA,3BA-A210ARAIZE,JAPAN,PETROL,996.0,GALLE,RECONDITIONED,1,3BA-A210ARAIZE,Unknown
CAR,SUZUKI,5BD-DA17V EVERY,JAPAN,PETROL,658.0,MATALE,RECONDITIONED,3,5BD-DA17V,EVERY
CAR,SUZUKI,4AA-MK54S SPACIA,JAPAN,PETROL/ELE,658.0,KALUTARA,RECONDITIONED,1,4AA-MK54S,SPACIA
CAR,TOYOTA,5AA-A202A RAIZE,JAPAN,PETROL/ELE,1196.0,POLONNARUWA,RECONDITIONED,1,5AA-A202A,RAIZE
CAR,BYD,SEALION 6 SUPERIOR,CHINA,PETROL/ELE,1498.0,GAMPAHA,RECONDITIONED,1,,SEALION 6 SUPERIOR
CAR,DAIHATSU,5BA-LA350S MIRA,JAPAN,PETROL,658.0,KALUTARA,RECONDITIONED,2,5BA-LA350S,MIRA
CAR,SUZUKI,WAGON R 5AA-MH95S,JAPAN,PETROL,657.0,COLOMBO,RECONDITIONED,2,,WAGON R 5AA-MH95S
CAR,HONDA,6AA-RV5,JAPAN,PETROL/ELE,1496.0,MATARA,RECONDITIONED,1,6AA-RV5,VEZAL
CAR,SUZUKI,5AA-MR92S HUSTLER,JAPAN,PETROL/ELE,657.0,COLOMBO,RECONDITIONED,2,5AA-MR92S,HUSTLER
CAR,HONDA,6AA-RV5  VEZEL,JAPAN,PETROL/ELE,1496.0,KURUNEGALA,RECONDITIONED,2,6AA-RV5,VEZEL
CAR,TOYOTA,3BA-TRJ250W,JAPAN,PETROL,2693.0,ANURADHAPURA,RECONDITIONED,1,3BA-TRJ250W,Unknown
CAR,TOYOTA,6AA-ZWR90W VOXY,JAPAN,PETROL/ELE,1797.0,RATNAPURA,RECONDITIONED,1,6AA-ZWR90W,VOXY
CAR,VOLKSWAGEN,3BA-AWDLA  POLO,GERMANY,PETROL,999.0,GALLE,RECONDITIONED,1,3BA-AWDLA,POLO
CAR,SUZUKI,4AA-MK54S SPACIA,JAPAN,PETROL,658.0,PUTTALAM,RECONDITIONED,1,4AA-MK54S,SPACIA
CAR,TOYOTA,YARIS ATIV,THAILAND,PETROL,1197.0,ANURADHAPURA,RECONDITIONED,1,,YARIS ATIV
CAR,SUZUKI,5AA-HA97S ALTO,JAPAN,PETROL/ELE,658.0,GAMPAHA,RECONDITIONED,1,5AA-HA97S,ALTO
CAR,HONDA,6BA-JF5,JAPAN,PETROL,658.0,POLONNARUWA,RECONDITIONED,1,6BA-JF5,N-BOX
CAR,SUZUKI,3BA-DA17W EVERY,JAPAN,PETROL,658.0,BATTICALOA,RECONDITIONED,1,3BA-DA17W,EVERY
CAR,SUZUKI,5BD-DA17V EVERY JOIN,JAPAN,PETROL,658.0,KANDY,RECONDITIONED,1,5BD-DA17V,EVERY JOIN
CAR,SUZUKI,5AA-MH-95S WAGON R,JAPAN,PETROL/ELE,656.0,BADULLA,RECONDITIONED,1,5AA-MH-95S,WAGON R
CAR,TOYOTA,5AA-A202A RAIZE,JAPAN,PETROL/ELE,78.0,PUTTALAM,RECONDITIONED,1,5AA-A202A,RAIZE
CAR,NISSAN,5BA-B43W,JAPAN,PETROL,658.0,COLOMBO,RECONDITIONED,1,5BA-B43W,DAYS
CAR,MERCEDES BENZ,MAYBACH S 580,GERMANY,PETROL/ELE,3982.0,COLOMBO,RECONDITIONED,1,,MAYBACH S 580
CAR,DAIHATSU,MIRA E.S 5BA-LA350S,JAPAN,PETROL,658.0,COLOMBO,RECONDITIONED,1,,MIRA E.S 5BA-LA350S
CAR,TOYOTA,3BA-TRJ250W PRADO,JAPAN,PETROL,2693.0,JAFFNA,RECONDITIONED,1,3BA-TRJ250W,PRADO
CAR,SUZUKI,5AA-MH95S WAGON R,JAPAN,PETROL/ELE,660.0,KURUNEGALA,RECONDITIONED,1,5AA-MH95S,WAGON R
CAR,TOYOTA,5BA-KSP 210 YARIS,JAPAN,PETROL,996.0,PUTTALAM,RECONDITIONED,1,5BA-KSP,210 YARIS
CAR,SUZUKI,3BA-DA17W EVERY,JAPAN,PETROL,658.0,TRINCOMALEE,RECONDITIONED,1,3BA-DA17W,EVERY
CAR,TOYOTA,5BA-MZEA17 COROLLA,JAPAN,PETROL,1490.0,AMPARA,RECONDITIONED,1,5BA-MZEA17,COROLLA
CAR,SUZUKI,5BA-MH85S,JAPAN,PETROL/ELE,658.0,GALLE,RECONDITIONED,1,5BA-MH85S,WAGON R
CAR,LAND ROVER,3BA-LE72XAA DEFENDER,UNITED KINGDOM,PETROL,1997.0,KANDY,RECONDITIONED,1,3BA-LE72XAA,DEFENDER
CAR,TOYOTA,6AA-MXPJ15 YARIS,JAPAN,PETROL/ELE,1496.0,GALLE,RECONDITIONED,1,6AA-MXPJ15,YARIS
CAR,DAIHATSU,5BA LA900S TAFT,JAPAN,PETROL,658.0,COLOMBO,RECONDITIONED,1,,5BA LA900S TAFT
CAR,TOYOTA,3BA-TRJ205W,JAPAN,PETROL,2693.0,KALUTARA,RECONDITIONED,1,3BA-TRJ205W,Unknown
CAR,HONDA,6AA-RV5,JAPAN,PETROL/ELE,1496.0,PUTTALAM,RECONDITIONED,1,6AA-RV5,VEZAL
CAR,B.M.W.,3AA-12FJ20,GERMANY,PETROL,1998.0,COLOMBO,RECONDITIONED,1,3AA-12FJ20,523I
CAR,LEXUS,LX500D,NEW ZEALAND,DIESEL,3346.0,COLOMBO,RECONDITIONED,1,,LX500D
CAR,HONDA,CITY RS,THAILAND,PETROL,998.0,MATALE,RECONDITIONED,1,,CITY RS
CAR,BYD,DOLPHIN-DYNAMIC 70,CHINA,ELECTRIC,70.0,COLOMBO,BRAND NEW,11,,DOLPHIN-DYNAMIC 70
CAR,BYD,SEALION 6 SUPERIOR,CHINA,PETROL/ELE,1498.0,GALLE,BRAND NEW,13,,SEALION 6 SUPERIOR
CAR,PERODUA,AXIA-CG1SZ,MALAYSIA,PETROL,998.0,GALLE,BRAND NEW,3,AXIA-CG1SZ,Unknown
CAR,TATA,CURVV CREATIVE,INDIA,PETROL,1199.0,GAMPAHA,BRAND NEW,1,,CURVV CREATIVE
CAR,PERODUA,AXIA CG1GZ,MALAYSIA,PETROL,998.0,BADULLA,BRAND NEW,1,,AXIA CG1GZ
CAR,BYD,ATTO-3-SUPERIOR,CHINA,ELECTRIC,100.0,PUTTALAM,BRAND NEW,4,ATTO-3-SUPERIOR,Unknown
CAR,BYD,SEALION 6 SUPERIOR,CHINA,PETROL/ELE,1498.0,KURUNEGALA,BRAND NEW,4,,SEALION 6 SUPERIOR
CAR,PERODUA,AXIA CG1GZ,MALAYSIA,PETROL,998.0,KALUTARA,BRAND NEW,2,,AXIA CG1GZ
CAR,BYD,ATTO3-ADVANCED,CHINA,ELECTRIC,100.0,MATARA,BRAND NEW,3,ATTO3-ADVANCED,Unknown
CAR,BYD,ATTO3-ADVANCED,CHINA,ELECTRIC,100.0,BADULLA,BRAND NEW,1,ATTO3-ADVANCED,Unknown
CAR,KIA,SONET,INDIA,PETROL,998.0,BATTICALOA,BRAND NEW,1,,SONET
CAR,AUDI,E-TRON 50 QUATTRO,GERMANY,ELECTRIC,230.0,KURUNEGALA,BRAND NEW,1,,E-TRON 50 QUATTRO
CAR,TOYOTA,A250RA-GBVV RAIZE,INDONESIA,PETROL,998.0,ANURADHAPURA,BRAND NEW,1,,A250RA-GBVV RAIZE
CAR,DFSK,GLORY I AUTO,SRI LANKA,PETROL,1498.0,GAMPAHA,BRAND NEW-L/ASSEMBLE,1,,GLORY I AUTO
CAR,BAIC,X55 II LUXURY,SRI LANKA,PETROL,1498.0,KURUNEGALA,BRAND NEW-L/ASSEMBLE,2,,X55 II LUXURY
CAR,BAIC,X55 II LUXURY,SRI LANKA,PETROL,1498.0,ANURADHAPURA,BRAND NEW-L/ASSEMBLE,1,,X55 II LUXURY
CAR,TOYOTA,5BA-KSP210,JAPAN,PETROL,996.0,KALUTARA,RECONDITIONED,2,5BA-KSP210,YARIS X
CAR,SUZUKI,5AA-HA97S ALTO,JAPAN,PETROL,658.0,GALLE,RECONDITIONED,1,5AA-HA97S,ALTO
CAR,TOYOTA,6AA-MXPJ10 YARIS,JAPAN,PETROL/ELE,1496.0,MATARA,RECONDITIONED,2,6AA-MXPJ10,YARIS
CAR,SUZUKI,5AA-MH95S WAGON R,JAPAN,PETROL,657.0,KALUTARA,RECONDITIONED,1,5AA-MH95S,WAGON R
CAR,SUZUKI,5AA-MR92S,JAPAN,PETROL/ELE,658.0,KALUTARA,RECONDITIONED,1,5AA-MR92S,HUSTELER
CAR,SUZUKI,5AA-MR92S HUSTLER,JAPAN,PETROL,658.0,GALLE,RECONDITIONED,2,5AA-MR92S,HUSTLER
CAR,NISSAN,5BD-DR17V,JAPAN,PETROL,658.0,GAMPAHA,RECONDITIONED,1,5BD-DR17V,CLIPER
CAR,SUZUKI,5BA-MH85S,JAPAN,PETROL,658.0,PUTTALAM,RECONDITIONED,1,5BA-MH85S,WAGON R
CAR,SUZUKI,5AA-MH95S WAGON R,JAPAN,PETROL/ELE,657.0,VAVUNIYA,RECONDITIONED,1,5AA-MH95S,WAGON R
CAR,TOYOTA,5BA-MZEA17 COROLLA,JAPAN,PETROL,1496.0,COLOMBO,RECONDITIONED,4,5BA-MZEA17,COROLLA
CAR,HONDA,6AA RV5 VEZEL,JAPAN,PETROL/ELE,1496.0,JAFFNA,RECONDITIONED,1,,6AA RV5 VEZEL
CAR,TOYOTA,5BA-M700A PASSO,JAPAN,PETROL,996.0,RATNAPURA,RECONDITIONED,1,5BA-M700A,PASSO
CAR,NISSAN,ALMERA,THAILAND,PETROL,996.0,COLOMBO,RECONDITIONED,1,,ALMERA
CAR,SUZUKI,5AA-MH95 WAGON R,JAPAN,PETROL/ELE,658.0,GAMPAHA,RECONDITIONED,1,5AA-MH95,WAGON R
CAR,SUZUKI,5AA-MH95S,JAPAN,PETROL,658.0,KALUTARA,RECONDITIONED,1,5AA-MH95S,WAGON 4
CAR,MITSUBISHI,4AA-B35W EK X,JAPAN,PETROL,658.0,GAMPAHA,RECONDITIONED,1,4AA-B35W,EK X
CAR,SUZUKI,4AA-MN71S,JAPAN,PETROL,996.0,COLOMBO,RECONDITIONED,1,4AA-MN71S,X BEE
CAR,BENTLEY,FLYING SPUR AZURE,UNITED KINGDOM,PETROL/ELE,2894.0,COLOMBO,RECONDITIONED,1,,FLYING SPUR AZURE
CAR,TOYOTA,5BA-KSP210 YARIS,JAPAN,PETROL,996.0,MONERAGALA,RECONDITIONED,1,5BA-KSP210,YARIS
CAR,TOYOTA,5AA-A202A,JAPAN,PETROL/ELE,78.0,MATARA,RECONDITIONED,1,5AA-A202A,Unknown
CAR,TOYOTA,6AA-MXPJ10 YARIS,JAPAN,PETROL/ELE,1490.0,NUWARA-ELIYA,RECONDITIONED,1,6AA-MXPJ10,YARIS
CAR,NISSAN,3BD-DR17V CLIPPER,JAPAN,PETROL,658.0,KANDY,RECONDITIONED,1,3BD-DR17V,CLIPPER
CAR,TOYOTA,LAND CRUISER PRADO,JAPAN,DIESEL,2800.0,COLOMBO,RECONDITIONED,1,,LAND CRUISER PRADO
CAR,HONDA,CR V VTI L7,AUSTRALIA,PETROL,1498.0,COLOMBO,RECONDITIONED,1,,CR V VTI L7
CAR,MERCEDES BENZ,4AA-213077C E200,GERMANY,PETROL,1496.0,PUTTALAM,RECONDITIONED,1,4AA-213077C,E200
CAR,SUZUKI,5BA-MH85S WAGON R,JAPAN,PETROL,657.0,KURUNEGALA,RECONDITIONED,1,5BA-MH85S,WAGON R
CAR,SUZUKI,5AA-MR92S,JAPAN,PETROL/ELE,658.0,KANDY,RECONDITIONED,1,5AA-MR92S,HUSTELER
CAR,HONDA,6AA- RV5 VEZEL,JAPAN,PETROL/ELE,1496.0,KALUTARA,RECONDITIONED,1,,6AA- RV5 VEZEL
CAR,DAIHATSU,5BA-LA350S MIRA E.S,JAPAN,PETROL,698.0,COLOMBO,RECONDITIONED,1,5BA-LA350S,MIRA E.S
CAR,DAIHATSU,5BA-M700S BOON,JAPAN,PETROL,996.0,GALLE,RECONDITIONED,1,5BA-M700S,BOON
CAR,MAZDA,5AA-MJ95S FLAIR,JAPAN,PETROL/ELE,658.0,MONERAGALA,RECONDITIONED,1,5AA-MJ95S,FLAIR
CAR,SUZUKI,5AA-MH95S WAGON R,JAPAN,PETROL/ELE,658.0,ANURADHAPURA,RECONDITIONED,1,5AA-MH95S,WAGON R
CAR,TOYOTA,6AA-ZWR90W VOXY,JAPAN,PETROL/ELE,1796.0,TRINCOMALEE,RECONDITIONED,1,6AA-ZWR90W,VOXY
CAR,AUDI,3AA-F3DFY Q3 S LINE,GERMANY,PETROL,1498.0,COLOMBO,RECONDITIONED,1,3AA-F3DFY,Q3 S LINE
CAR,VOLKSWAGEN,3BA-AWDLA POLO,GERMANY,PETROL,996.0,COLOMBO,RECONDITIONED,1,3BA-AWDLA,POLO
CAR,NISSAN,6AA-FE13,JAPAN,PETROL/ELE,100.0,GAMPAHA,RECONDITIONED,1,6AA-FE13,NOTE AURA
CAR,TOYOTA,5BA-KSP210  YARIS,JAPAN,PETROL,996.0,COLOMBO,RECONDITIONED,3,5BA-KSP210,YARIS
CAR,DAIHATSU,5BA-LA350S,JAPAN,PETROL,658.0,COLOMBO,RECONDITIONED,2,5BA-LA350S,MIRA  ES
CAR,TOYOTA,3BA-A210A RAIZE,JAPAN,PETROL,996.0,BATTICALOA,RECONDITIONED,1,3BA-A210A,RAIZE
CAR,NISSAN,3BA-DR17W,JAPAN,PETROL,658.0,BATTICALOA,RECONDITIONED,1,3BA-DR17W,Unknown
CAR,SUZUKI,4AA-MN71S XBEE,JAPAN,PETROL,1000.0,KURUNEGALA,RECONDITIONED,1,4AA-MN71S,XBEE
CAR,B.M.W.,3BA-7K15 218 I,GERMANY,PETROL,1496.0,KALUTARA,RECONDITIONED,1,3BA-7K15,218 I
CAR,SUZUKI,WAGON R  4AA-MH55S,JAPAN,PETROL,658.0,COLOMBO,RECONDITIONED,1,,WAGON R  4AA-MH55S
CAR,SUZUKI,4AA-MN71S X BEE,JAPAN,PETROL,996.0,COLOMBO,RECONDITIONED,1,4AA-MN71S,X BEE
CAR,LAND ROVER,3LA LZ15TB,UNITED KINGDOM,PETROL/ELE,1498.0,GALLE,RECONDITIONED,1,,3LA LZ15TB
CAR,SUZUKI,5AA-MH95S WAGON R,JAPAN,PETROL/ELE,658.0,KURUNEGALA,RECONDITIONED,1,5AA-MH95S,WAGON R
CAR,MITSUBISHI,5AA-B34W  EK X,JAPAN,PETROL,658.0,GAMPAHA,RECONDITIONED,1,5AA-B34W,EK X
CAR,SUZUKI,3BA-HA37S ALTO,JAPAN,PETROL,658.0,KEGALLE,RECONDITIONED,2,3BA-HA37S,ALTO
CAR,SUZUKI,3BA-DA17W EVERYWAGON,JAPAN,PETROL,658.0,GAMPAHA,RECONDITIONED,1,3BA-DA17W,EVERYWAGON
CAR,LAND ROVER,3BA-LE72XAA DEFENDER,JAPAN,PETROL,1990.0,COLOMBO,RECONDITIONED,1,3BA-LE72XAA,DEFENDER
CAR,SUBARU,5BA-M900F JUSTY,JAPAN,PETROL,996.0,COLOMBO,RECONDITIONED,1,5BA-M900F,JUSTY
CAR,SUZUKI,5AA-ZCEDS SWIFT,JAPAN,PETROL,1198.0,GAMPAHA,RECONDITIONED,1,5AA-ZCEDS,SWIFT
CAR,TOYOTA,6AA-MXPJ15 YARIS,JAPAN,PETROL/ELE,1496.0,COLOMBO,RECONDITIONED,1,6AA-MXPJ15,YARIS
CAR,SUZUKI,5AA-MH95S WAGON R,JAPAN,PETROL,650.0,GALLE,RECONDITIONED,1,5AA-MH95S,WAGON R
CAR,DAIHATSU,5BA-LA900S,JAPAN,PETROL,658.0,KURUNEGALA,RECONDITIONED,1,5BA-LA900S,TALF
CAR,SUZUKI,5BD-DA17V EVERY,JAPAN,PETROL,658.0,BATTICALOA,RECONDITIONED,2,5BD-DA17V,EVERY
CAR,TOYOTA,4BA-M900A ROOMY,JAPAN,PETROL,996.0,AMPARA,RECONDITIONED,1,4BA-M900A,ROOMY
CAR,LAND ROVER,3BA-LE72XAADEFENDER,UNITED KINGDOM,PETROL,1997.0,COLOMBO,RECONDITIONED,1,3BA-LE72XAADEFENDER,Unknown
CAR,SUZUKI,5BD-DA17V EVERY,JAPAN,PETROL,658.0,MATARA,RECONDITIONED,1,5BD-DA17V,EVERY
CAR,MERCEDES BENZ,GLB 200 AMG LINE,UNITED KINGDOM,PETROL,1332.0,GAMPAHA,RECONDITIONED,1,,GLB 200 AMG LINE
CAR,LEXUS,5AA-TALH17,JAPAN,PETROL/ELE,2393.0,COLOMBO,RECONDITIONED,1,5AA-TALH17,Unknown
CAR,TOYOTA,5AA-A202A RAIZE,JAPAN,PETROL/ELE,78.0,HAMBANTOTA,RECONDITIONED,1,5AA-A202A,RAIZE
CAR,SUZUKI,5AA-MK94S SPACIA,JAPAN,PETROL/ELE,658.0,ANURADHAPURA,RECONDITIONED,1,5AA-MK94S,SPACIA
CAR,DAIHATSU,5BA-LA150S MOVE,JAPAN,PETROL,658.0,KANDY,RECONDITIONED,1,5BA-LA150S,MOVE
CAR,SUZUKI,5AA-MK53S SPACIA,JAPAN,PETROL/ELE,658.0,KURUNEGALA,RECONDITIONED,1,5AA-MK53S,SPACIA
CAR,SUZUKI,5BA-MH85S WAGON R,JAPAN,PETROL,656.0,KEGALLE,RECONDITIONED,1,5BA-MH85S,WAGON R
CAR,TOYOTA,5BA KSP210 YARIS,JAPAN,PETROL,996.0,HAMBANTOTA,RECONDITIONED,1,,5BA KSP210 YARIS
CAR,TOYOTA,3BA-VJA300W,JAPAN,PETROL,3440.0,COLOMBO,RECONDITIONED,1,3BA-VJA300W,Unknown
CAR,SUZUKI,5AA-MX91S WAGON R,JAPAN,PETROL/ELE,658.0,GAMPAHA,RECONDITIONED,1,5AA-MX91S,WAGON R
CAR,SUZUKI,5AA-MR92S HUSTLER,JAPAN,PETROL/ELE,657.0,MATARA,RECONDITIONED,1,5AA-MR92S,HUSTLER
CAR,SUZUKI,3BD-DA17V,JAPAN,PETROL,658.0,KURUNEGALA,RECONDITIONED,1,3BD-DA17V,EVERY JOIN
CAR,NISSAN,ALMERA VL,THAILAND,PETROL,999.0,COLOMBO,RECONDITIONED,1,,ALMERA VL
CAR,LAND ROVER,RANGE ROVER EVOQUE,UNITED KINGDOM,PETROL/ELE,1498.0,COLOMBO,RECONDITIONED,1,,RANGE ROVER EVOQUE
CAR,VOLKSWAGEN,3BA-AWDLA,GERMANY,PETROL,996.0,COLOMBO,RECONDITIONED,1,3BA-AWDLA,POLO
CAR,TOYOTA,4BA-M900A  ROOMY,JAPAN,PETROL,996.0,COLOMBO,RECONDITIONED,1,4BA-M900A,ROOMY
CAR,SUZUKI,5AA-MR92S HUSTLER,JAPAN,PETROL,657.0,GAMPAHA,RECONDITIONED,1,5AA-MR92S,HUSTLER
CAR,SUZUKI,3BA-DA17W  EVERY,JAPAN,PETROL,650.0,KEGALLE,RECONDITIONED,1,3BA-DA17W,EVERY
CAR,SUZUKI,5AA-MH95S WAGON R,JAPAN,PETROL,650.0,JAFFNA,RECONDITIONED,1,5AA-MH95S,WAGON R
CAR,HONDA,6BA-JF3  N-BOX,JAPAN,PETROL,658.0,GAMPAHA,RECONDITIONED,1,6BA-JF3,N-BOX
CAR,PERODUA,AXIA-CG1SZ,MALAYSIA,PETROL,998.0,COLOMBO,BRAND NEW,7,AXIA-CG1SZ,Unknown
CAR,NISSAN,MAGNITE TEKNA PLUS,INDIA,PETROL,999.0,COLOMBO,BRAND NEW,4,,MAGNITE TEKNA PLUS
CAR,PERODUA,BEZZA,MALAYSIA,PETROL,998.0,RATNAPURA,BRAND NEW,2,,BEZZA
CAR,BYD,ATTO3-ADVANCED,CHINA,ELECTRIC,100.0,KALUTARA,BRAND NEW,12,ATTO3-ADVANCED,Unknown
CAR,BYD,SEAL-COMFORT,CHINA,ELECTRIC,100.0,KANDY,BRAND NEW,4,SEAL-COMFORT,Unknown
CAR,BYD,ATTO3-ADVANCED,CHINA,ELECTRIC,100.0,MONERAGALA,BRAND NEW,2,ATTO3-ADVANCED,Unknown
CAR,BYD,ATTO-3-SUPERIOR,CHINA,ELECTRIC,100.0,GALLE,BRAND NEW,16,ATTO-3-SUPERIOR,Unknown
CAR,BYD,ATTO-3-SUPERIOR,CHINA,ELECTRIC,100.0,HAMBANTOTA,BRAND NEW,4,ATTO-3-SUPERIOR,Unknown
CAR,TOYOTA,A250RA-GBVV RAIZE,INDONESIA,PETROL,998.0,KEGALLE,BRAND NEW,1,,A250RA-GBVV RAIZE
CAR,PERODUA,BEZZA,MALAYSIA,PETROL,998.0,GALLE,BRAND NEW,1,,BEZZA
CAR,PERODUA,BEZZA,MALAYSIA,PETROL,998.0,BADULLA,BRAND NEW,2,,BEZZA
CAR,BYD,ATTO3-ADVANCED,CHINA,ELECTRIC,100.0,KURUNEGALA,BRAND NEW,3,ATTO3-ADVANCED,Unknown
CAR,PERODUA,BEZZA,MALAYSIA,PETROL,998.0,ANURADHAPURA,BRAND NEW,1,,BEZZA
CAR,HYUNDAI,GRAND I10,SRI LANKA,PETROL,1197.0,JAFFNA,BRAND NEW-L/ASSEMBLE,1,,GRAND I10
CAR,BAIC,X55II HONOR,SRI LANKA,PETROL,1498.0,COLOMBO,BRAND NEW-L/ASSEMBLE,1,,X55II HONOR
CAR,BAIC,X55 II LUXURY,SRI LANKA,PETROL,1498.0,GALLE,BRAND NEW-L/ASSEMBLE,1,,X55 II LUXURY
CAR,MERCEDES BENZ,5AA-206041C  C180,GERMANY,PETROL,1496.0,COLOMBO,RECONDITIONED,1,5AA-206041C,C180
CAR,TOYOTA,4BA-M900A ROOMY,JAPAN,PETROL,996.0,KANDY,RECONDITIONED,6,4BA-M900A,ROOMY
CAR,TOYOTA,3BA-A210A- RAIZE,JAPAN,PETROL,996.0,COLOMBO,RECONDITIONED,1,3BA-A210A,- RAIZE
CAR,LEXUS,6AA-MAYH10 LBX,JAPAN,PETROL/ELE,1490.0,COLOMBO,RECONDITIONED,4,6AA-MAYH10,LBX
CAR,TOYOTA,5BA-MZEA17 COROLLA,JAPAN,PETROL,1496.0,PUTTALAM,RECONDITIONED,1,5BA-MZEA17,COROLLA
CAR,TOYOTA,5BA-KSP210,JAPAN,PETROL,996.0,GAMPAHA,RECONDITIONED,6,5BA-KSP210,YARIS X
CAR,SUZUKI,5AA-MX91S WAGON R,JAPAN,PETROL,650.0,ANURADHAPURA,RECONDITIONED,1,5AA-MX91S,WAGON R
CAR,SUZUKI,5AA-MK94S SPACIA,JAPAN,PETROL,658.0,GALLE,RECONDITIONED,1,5AA-MK94S,SPACIA
CAR,TOYOTA,4BA-M900A ROOMY,JAPAN,PETROL,996.0,COLOMBO,RECONDITIONED,4,4BA-M900A,ROOMY
CAR,TOYOTA,3BA -A210A  RAIZE,JAPAN,PETROL,996.0,COLOMBO,RECONDITIONED,1,,3BA -A210A  RAIZE
CAR,SUZUKI,5AA-MH95S WAGON R,JAPAN,PETROL,658.0,RATNAPURA,RECONDITIONED,3,5AA-MH95S,WAGON R
CAR,TOYOTA,5AA-A202A RAIZE,JAPAN,PETROL/ELE,78.0,GALLE,RECONDITIONED,5,5AA-A202A,RAIZE
CAR,TOYOTA,6AA-MXPJ10 YARIS,JAPAN,PETROL/ELE,1490.0,GALLE,RECONDITIONED,3,6AA-MXPJ10,YARIS
CAR,TOYOTA,6AA-ZWR90W VOXY,JAPAN,PETROL/ELE,1797.0,GAMPAHA,RECONDITIONED,2,6AA-ZWR90W,VOXY
CAR,TOYOTA,5AA-A202A RAIZE,JAPAN,PETROL/ELE,1196.0,GALLE,RECONDITIONED,2,5AA-A202A,RAIZE
CAR,SUZUKI,5BD-DA17V,JAPAN,PETROL,658.0,GALLE,RECONDITIONED,1,5BD-DA17V,EVERY
CAR,SUZUKI,5AA-MH95S WAGON R,JAPAN,PETROL,656.0,COLOMBO,RECONDITIONED,1,5AA-MH95S,WAGON R
CAR,TOYOTA,3BA-VJA300W,JAPAN,PETROL,3446.0,PUTTALAM,RECONDITIONED,1,3BA-VJA300W,Unknown
CAR,HONDA,CRV-VTI-L7,AUSTRALIA,PETROL,1498.0,GAMPAHA,RECONDITIONED,1,CRV-VTI-L7,Unknown
CAR,SUZUKI,5BA-MH85S WAGON R,JAPAN,PETROL,656.0,MATARA,RECONDITIONED,6,5BA-MH85S,WAGON R
CAR,TOYOTA,5AA-A202A RAIZE,JAPAN,PETROL/ELE,78.0,RATNAPURA,RECONDITIONED,1,5AA-A202A,RAIZE
CAR,HONDA,CRV VTIL AWD,AUSTRALIA,PETROL,1498.0,GAMPAHA,RECONDITIONED,1,,CRV VTIL AWD
CAR,SUZUKI,5BD-DA17V EVERY,JAPAN,PETROL,658.0,NUWARA-ELIYA,RECONDITIONED,1,5BD-DA17V,EVERY
CAR,TOYOTA,5BA-KSP210 RAIZE,JAPAN,PETROL,996.0,GALLE,RECONDITIONED,1,5BA-KSP210,RAIZE
CAR,HONDA,HONDA CITY,THAILAND,PETROL,988.0,KANDY,RECONDITIONED,1,,HONDA CITY
CAR,HONDA,CR V VTI L7,AUSTRALIA,PETROL,1498.0,GAMPAHA,RECONDITIONED,1,,CR V VTI L7
CAR,NISSAN,5BD-DR17V,JAPAN,PETROL,658.0,KALUTARA,RECONDITIONED,1,5BD-DR17V,CLIPER
CAR,MERCEDES BENZ,4AA-213077C E200,GERMANY,PETROL,1496.0,GALLE,RECONDITIONED,1,4AA-213077C,E200
CAR,SUZUKI,5AA-MH95S,JAPAN,PETROL,658.0,MATARA,RECONDITIONED,2,5AA-MH95S,WAGON 4
CAR,SUZUKI,4AA-MH55S WAGON R,JAPAN,PETROL/ELE,658.0,MATARA,RECONDITIONED,1,4AA-MH55S,WAGON R
CAR,MITSUBISHI,5BA-GK1W,JAPAN,PETROL,1498.0,KURUNEGALA,RECONDITIONED,1,5BA-GK1W,Unknown
CAR,SUZUKI,5BD-DA17VEVERY,JAPAN,PETROL,658.0,COLOMBO,RECONDITIONED,1,5BD-DA17VEVERY,Unknown
CAR,DAIHATSU,5BA-M700S B00N,JAPAN,PETROL,996.0,BADULLA,RECONDITIONED,1,5BA-M700S,B00N
CAR,HONDA,6AA RV5 VEZEL,JAPAN,PETROL/ELE,1496.0,GAMPAHA,RECONDITIONED,1,,6AA RV5 VEZEL
CAR,TOYOTA,3DA-GDJ76W,JAPAN,DIESEL,2754.0,COLOMBO,RECONDITIONED,1,3DA-GDJ76W,Unknown
CAR,SUZUKI,5AA-HA97S ALTO,JAPAN,PETROL,658.0,KANDY,RECONDITIONED,1,5AA-HA97S,ALTO
CAR,NISSAN,4AA-B45W,JAPAN,PETROL,659.0,KEGALLE,RECONDITIONED,1,4AA-B45W,Unknown
CAR,SUZUKI,5AA-MH95S WAGON R,JAPAN,PETROL,657.0,NUWARA-ELIYA,RECONDITIONED,1,5AA-MH95S,WAGON R
CAR,SUZUKI,5BA-MH85S WAGON R,JAPAN,PETROL,656.0,KALUTARA,RECONDITIONED,1,5BA-MH85S,WAGON R
CAR,TOYOTA,6AA-AXUH85 HARRIER Z,JAPAN,PETROL/ELE,2493.0,MATARA,RECONDITIONED,1,6AA-AXUH85,HARRIER Z
CAR,SUZUKI,5AA MH95S  WAGON R,JAPAN,PETROL/ELE,658.0,COLOMBO,RECONDITIONED,1,,5AA MH95S  WAGON R
CAR,TOYOTA,5AA-A202A RAIZE,JAPAN,ELECTRIC,78.0,KALUTARA,RECONDITIONED,1,5AA-A202A,RAIZE
CAR,SUZUKI,DBA-MH34S WAGON R,JAPAN,PETROL,650.0,COLOMBO,RECONDITIONED,1,DBA-MH34S,WAGON R
CAR,SUZUKI,3BA-DA17W EVERY,JAPAN,PETROL,658.0,ANURADHAPURA,RECONDITIONED,2,3BA-DA17W,EVERY
CAR,SUZUKI,5AA-MH95S WAGON R,JAPAN,PETROL/ELE,658.0,JAFFNA,RECONDITIONED,1,5AA-MH95S,WAGON R
CAR,TOYOTA,4BA-M900A ROOMY,JAPAN,PETROL,996.0,KALUTARA,RECONDITIONED,1,4BA-M900A,ROOMY
CAR,HONDA,6AA-RV5  VEZEL,JAPAN,PETROL/ELE,1496.0,KALUTARA,RECONDITIONED,1,6AA-RV5,VEZEL
CAR,HONDA,6AA RV5  VEZEL,JAPAN,PETROL/ELE,1496.0,GALLE,RECONDITIONED,1,,6AA RV5  VEZEL
CAR,TOYOTA,PASSO 5BA-M700A,JAPAN,PETROL,966.0,COLOMBO,RECONDITIONED,1,,PASSO 5BA-M700A
CAR,SUZUKI,5AA-MK53S SPACIA,JAPAN,PETROL/ELE,658.0,MATALE,RECONDITIONED,1,5AA-MK53S,SPACIA
CAR,SUZUKI,4AA-MH55S,JAPAN,PETROL/ELE,658.0,KURUNEGALA,RECONDITIONED,1,4AA-MH55S,Unknown
CAR,NISSAN,ALMERA SEDAN,THAILAND,PETROL,999.0,COLOMBO,RECONDITIONED,1,,ALMERA SEDAN
CAR,HONDA,CR-V VTI LX,AUSTRALIA,PETROL,1498.0,COLOMBO,RECONDITIONED,1,CR-V,VTI LX
CAR,TOYOTA,3BF-TRH200V HIACE,JAPAN,PETROL,1996.0,COLOMBO,RECONDITIONED,1,3BF-TRH200V,HIACE
CAR,TOYOTA,4BA-M900A ROOMY,JAPAN,PETROL,996.0,MATALE,RECONDITIONED,1,4BA-M900A,ROOMY
CAR,SUZUKI,5BA-MH85S WAGON R,JAPAN,PETROL,656.0,HAMBANTOTA,RECONDITIONED,2,5BA-MH85S,WAGON R
CAR,SUZUKI,5BA MH85 S WAGON R,JAPAN,PETROL,658.0,JAFFNA,RECONDITIONED,1,,5BA MH85 S WAGON R
CAR,MERCEDES BENZ,E200,GERMANY,PETROL,1999.0,GALLE,RECONDITIONED,1,,E200
CAR,SUZUKI,5AA-MR92S HUSTLER,JAPAN,PETROL,658.0,KURUNEGALA,RECONDITIONED,1,5AA-MR92S,HUSTLER
CAR,HONDA,6BA-JF5  N-BOX,JAPAN,PETROL,658.0,GAMPAHA,RECONDITIONED,1,6BA-JF5,N-BOX
CAR,SUZUKI,5AA-MH95S WAGON R,JAPAN,PETROL,650.0,MATARA,RECONDITIONED,1,5AA-MH95S,WAGON R
CAR,SUZUKI,5AA-ZCEDS SWIFT,JAPAN,PETROL/ELE,1197.0,PUTTALAM,RECONDITIONED,1,5AA-ZCEDS,SWIFT
CAR,SUZUKI,5AA-MH95S,JAPAN,PETROL/ELE,658.0,RATNAPURA,RECONDITIONED,1,5AA-MH95S,WAGON 4
CAR,SUZUKI,3BA-HA37S ALTO,JAPAN,PETROL,658.0,KALUTARA,RECONDITIONED,1,3BA-HA37S,ALTO
CAR,DAIHATSU,5BA-LA350S MIRA ES,JAPAN,PETROL,658.0,RATNAPURA,RECONDITIONED,1,5BA-LA350S,MIRA ES
CAR,SUZUKI,5BD-DA17 V EVERY,JAPAN,PETROL,658.0,GAMPAHA,RECONDITIONED,1,5BD-DA17,V EVERY
CAR,SUZUKI,5AA-HA97S,JAPAN,PETROL/ELE,657.0,COLOMBO,RECONDITIONED,1,5AA-HA97S,/ ALTO
CAR,SUZUKI,5AA-MK94S SPACIA,JAPAN,PETROL/ELE,658.0,BATTICALOA,RECONDITIONED,1,5AA-MK94S,SPACIA
CAR,TOYOTA,5AA-A202A,JAPAN,PETROL/ELE,78.0,COLOMBO,RECONDITIONED,1,5AA-A202A,Unknown
CAR,SUZUKI,3BA-DA17W EVERYWAGON,JAPAN,PETROL,658.0,COLOMBO,RECONDITIONED,1,3BA-DA17W,EVERYWAGON
CAR,DAIHATSU,5BA-LA350S MIRA,JAPAN,PETROL,658.0,POLONNARUWA,RECONDITIONED,1,5BA-LA350S,MIRA
CAR,TOYOTA,5AA-A202A RAIZE,JAPAN,PETROL/ELE,1196.0,KURUNEGALA,RECONDITIONED,1,5AA-A202A,RAIZE
CAR,TOYOTA,5BA-A201A-RAIZE,JAPAN,PETROL,1196.0,GALLE,RECONDITIONED,1,5BA-A201A-RAIZE,Unknown
CAR,SUZUKI,5AA-ZCEDS SWIFT,JAPAN,PETROL,1196.0,BADULLA,RECONDITIONED,1,5AA-ZCEDS,SWIFT
CAR,TOYOTA,5AA-A202A  RAIZE,JAPAN,PETROL/ELE,1196.0,GAMPAHA,RECONDITIONED,1,5AA-A202A,RAIZE
CAR,MERCEDES BENZ,5AA-206043C,GERMANY,PETROL,1496.0,COLOMBO,RECONDITIONED,1,5AA-206043C,C200
CAR,SUZUKI,5AA MR92S HUSTLER,JAPAN,PETROL/ELE,656.0,COLOMBO,RECONDITIONED,1,,5AA MR92S HUSTLER
CAR,SUZUKI,5AA-MH95S WAGON R,JAPAN,PETROL/ELE,658.0,AMPARA,RECONDITIONED,1,5AA-MH95S,WAGON R
CAR,BYD,RWD-L-BYD SEAL,THAILAND,ELECTRIC,150.0,GAMPAHA,RECONDITIONED,1,RWD-L-BYD,SEAL
CAR,DAIHATSU,5BA-LA3505,JAPAN,PETROL,658.0,GAMPAHA,RECONDITIONED,1,5BA-LA3505,Unknown
CAR,SUZUKI,5BD-DA17V,JAPAN,PETROL,658.0,KALUTARA,RECONDITIONED,1,5BD-DA17V,EVERY
CAR,HONDA,CITY-S,THAILAND,PETROL,988.0,KURUNEGALA,RECONDITIONED,1,CITY-S,Unknown
CAR,SUZUKI,3BD-DA17V EVERY,JAPAN,PETROL,658.0,ANURADHAPURA,RECONDITIONED,1,3BD-DA17V,EVERY
CAR,NISSAN,ALMERA VL CVT,THAILAND,PETROL,999.0,COLOMBO,RECONDITIONED,1,,ALMERA VL CVT
CAR,LAND ROVER,3BA-LE722XAADEFENDER,UNITED KINGDOM,PETROL,1990.0,GAMPAHA,RECONDITIONED,1,3BA-LE722XAADEFENDER,Unknown
CAR,BYD,ATTO3-ADVANCED,CHINA,ELECTRIC,100.0,GALLE,BRAND NEW,13,ATTO3-ADVANCED,Unknown
CAR,NISSAN,MAGNITE ACENTA BR10,INDIA,PETROL,999.0,COLOMBO,BRAND NEW,6,,MAGNITE ACENTA BR10
CAR,BYD,SEALION 6 SUPERIOR,CHINA,PETROL/ELE,1498.0,KALUTARA,BRAND NEW,9,,SEALION 6 SUPERIOR
CAR,TATA,NEXON FEARLESS,INDIA,PETROL,1199.0,COLOMBO,BRAND NEW,2,,NEXON FEARLESS
CAR,BYD,SEALION 6 SUPERIOR,CHINA,PETROL/ELE,1498.0,PUTTALAM,BRAND NEW,2,,SEALION 6 SUPERIOR
CAR,KIA,SONET,INDIA,PETROL,998.0,KURUNEGALA,BRAND NEW,1,,SONET
CAR,BYD,ATTO3-ADVANCED,CHINA,ELECTRIC,100.0,ANURADHAPURA,BRAND NEW,1,ATTO3-ADVANCED,Unknown
CAR,BYD,SEALION 6 PREMIUM,CHINA,PETROL/ELE,1498.0,PUTTALAM,BRAND NEW,1,,SEALION 6 PREMIUM
CAR,BYD,ATTO3-ADVANCED,CHINA,ELECTRIC,100.0,NUWARA-ELIYA,BRAND NEW,1,ATTO3-ADVANCED,Unknown
CAR,DFSK,GLORY I AUTO,SRI LANKA,PETROL,1498.0,COLOMBO,BRAND NEW-L/ASSEMBLE,1,,GLORY I AUTO
CAR,DFSK,GLORY I AUTO,SRI LANKA,PETROL,1498.0,KANDY,BRAND NEW-L/ASSEMBLE,1,,GLORY I AUTO
CAR,SUZUKI,5AA-MH95S,JAPAN,PETROL,650.0,KALUTARA,RECONDITIONED,1,5AA-MH95S,WAGON 4
CAR,TOYOTA,5BA-M700A  PASSO,JAPAN,PETROL,996.0,COLOMBO,RECONDITIONED,1,5BA-M700A,PASSO
CAR,SUZUKI,3BA-JB64W JIMNY,JAPAN,PETROL,658.0,COLOMBO,RECONDITIONED,3,3BA-JB64W,JIMNY
CAR,TOYOTA,3BA-VJA300W,JAPAN,PETROL,3444.0,KALUTARA,RECONDITIONED,3,3BA-VJA300W,Unknown
CAR,TOYOTA,5BA-KSP210  YARIS,JAPAN,PETROL,996.0,GAMPAHA,RECONDITIONED,3,5BA-KSP210,YARIS
CAR,TOYOTA,6AA-AAHH40W ALPHARD,JAPAN,PETROL/ELE,2487.0,COLOMBO,RECONDITIONED,3,6AA-AAHH40W,ALPHARD
CAR,MERCEDES BENZ,C200,AUSTRALIA,PETROL,1496.0,COLOMBO,RECONDITIONED,3,,C200
CAR,TOYOTA,3BA-A210A,JAPAN,PETROL,996.0,MATARA,RECONDITIONED,1,3BA-A210A,- RAIZE
CAR,NISSAN,5AA-B44A,JAPAN,PETROL,658.0,PUTTALAM,RECONDITIONED,1,5AA-B44A,ROOX
CAR,NISSAN,5BA-B46W DAYZ,JAPAN,PETROL,650.0,MATARA,RECONDITIONED,1,5BA-B46W,DAYZ
CAR,SUZUKI,5AA-MR92S HUSTLER,JAPAN,PETROL,658.0,COLOMBO,RECONDITIONED,3,5AA-MR92S,HUSTLER
CAR,SUZUKI,4AA-MK54S,JAPAN,PETROL,658.0,KANDY,RECONDITIONED,1,4AA-MK54S,SPICIA
CAR,NISSAN,5BD DR17V CLIPPER,JAPAN,PETROL,658.0,GAMPAHA,RECONDITIONED,1,,5BD DR17V CLIPPER
CAR,TOYOTA,5BA-A201A RAIZE,JAPAN,PETROL,1197.0,COLOMBO,RECONDITIONED,1,5BA-A201A,RAIZE
CAR,TOYOTA,5AA-A202A RAIZE,JAPAN,PETROL/ELE,1196.0,KEGALLE,RECONDITIONED,1,5AA-A202A,RAIZE
CAR,TOYOTA,3BA-TRJ250W,JAPAN,PETROL,2693.0,PUTTALAM,RECONDITIONED,2,3BA-TRJ250W,Unknown
CAR,SUBARU,5BA-LA360F,JAPAN,PETROL,658.0,KURUNEGALA,RECONDITIONED,1,5BA-LA360F,Unknown
CAR,SUZUKI,5AA-MH95S,JAPAN,PETROL/ELE,657.0,MATARA,RECONDITIONED,1,5AA-MH95S,WAGON 4
CAR,NISSAN,DBA-B21A DAYZ,JAPAN,PETROL,650.0,KANDY,RECONDITIONED,1,DBA-B21A,DAYZ
CAR,MERCEDES BENZ,S580 MYBCH1ST,UNITED KINGDOM,PETROL/ELE,3982.0,KANDY,RECONDITIONED,1,,S580 MYBCH1ST
CAR,TOYOTA,5AA-A202A  RAIZE,JAPAN,PETROL/ELE,78.0,COLOMBO,RECONDITIONED,2,5AA-A202A,RAIZE
CAR,MERCEDES BENZ,4AA-213077C E200,GERMANY,PETROL,1496.0,COLOMBO,RECONDITIONED,1,4AA-213077C,E200
CAR,MERCEDES BENZ,GLS450,GERMANY,PETROL,2999.0,COLOMBO,RECONDITIONED,1,,GLS450
CAR,TOYOTA,3BA-A210A,JAPAN,PETROL,996.0,GALLE,RECONDITIONED,2,3BA-A210A,- RAIZE
CAR,HONDA,6AA-RV5 VEZEL,JAPAN,PETROL/ELE,1490.0,PUTTALAM,RECONDITIONED,1,6AA-RV5,VEZEL
CAR,SUZUE,5AA-MK94S SPACIA,JAPAN,PETROL/ELE,656.0,PUTTALAM,RECONDITIONED,1,5AA-MK94S,SPACIA
CAR,TOYOTA,3BA-A210A RAIZE,JAPAN,PETROL,996.0,HAMBANTOTA,RECONDITIONED,1,3BA-A210A,RAIZE
CAR,TOYOTA,6AA-MXPJ10,JAPAN,PETROL/ELE,1496.0,KURUNEGALA,RECONDITIONED,1,6AA-MXPJ10,/YARIS
CAR,SUZUKI,5AA-ZCEDS,JAPAN,PETROL/ELE,1197.0,TRINCOMALEE,RECONDITIONED,1,5AA-ZCEDS,SWIFT
CAR,TOYOTA,3DA GDJ250W,JAPAN,DIESEL,2754.0,COLOMBO,RECONDITIONED,1,,3DA GDJ250W
CAR,HONDA,6AA-RV5 VEZEL,JAPAN,PETROL/ELE,1496.0,POLONNARUWA,RECONDITIONED,3,6AA-RV5,VEZEL
CAR,DAIHATSU,5BA-LA350S MIRA,JAPAN,PETROL,658.0,GALLE,RECONDITIONED,5,5BA-LA350S,MIRA
CAR,SUZUKI,5AA-MR92S HUSTLER,JAPAN,PETROL,658.0,KANDY,RECONDITIONED,2,5AA-MR92S,HUSTLER
CAR,HONDA,6AA RV5 VEZEL,JAPAN,PETROL/ELE,1496.0,MATARA,RECONDITIONED,2,,6AA RV5 VEZEL
CAR,DAIHATSU,5BA-LA350S MIRA ES,JAPAN,PETROL,658.0,BADULLA,RECONDITIONED,1,5BA-LA350S,MIRA ES
CAR,TOYOTA,3BA-TRJ250W,JAPAN,PETROL,2693.0,JAFFNA,RECONDITIONED,1,3BA-TRJ250W,Unknown
CAR,SUZUKI,5AA-HA97S ALTO,JAPAN,PETROL,657.0,COLOMBO,RECONDITIONED,1,5AA-HA97S,ALTO
CAR,TOYOTA,6AA-ZWR90W VOXY,JAPAN,PETROL/ELE,1797.0,AMPARA,RECONDITIONED,2,6AA-ZWR90W,VOXY
CAR,SUZUKI,5BA-MH85S WAGON R,JAPAN,PETROL,656.0,GAMPAHA,RECONDITIONED,2,5BA-MH85S,WAGON R
CAR,HONDA,5BA-RZ3 ZR V,JAPAN,PETROL,1496.0,COLOMBO,RECONDITIONED,2,5BA-RZ3,ZR V
CAR,MAZDA,5AA-MS92S,JAPAN,PETROL,658.0,KALUTARA,RECONDITIONED,1,5AA-MS92S,Unknown
CAR,MAZDA,5AA-MJ95S,JAPAN,PETROL,657.0,KANDY,RECONDITIONED,1,5AA-MJ95S,FLAIR
CAR,HONDA,CITY RS,THAILAND,PETROL,988.0,BATTICALOA,RECONDITIONED,1,,CITY RS
CAR,HONDA,CRV,AUSTRALIA,PETROL,1498.0,JAFFNA,RECONDITIONED,1,,CRV
CAR,SUZUKI,5BD-DA17V EVERY,JAPAN,PETROL,650.0,AMPARA,RECONDITIONED,1,5BD-DA17V,EVERY
CAR,NISSAN,ALMERA,THAILAND,PETROL,999.0,MANNAR,RECONDITIONED,1,,ALMERA
CAR,TOYOTA,5BA-M900A,JAPAN,PETROL,996.0,VAVUNIYA,RECONDITIONED,1,5BA-M900A,ROOMY
CAR,HONDA,CR-V 50,AUSTRALIA,PETROL,1498.0,COLOMBO,RECONDITIONED,1,CR-V,50
CAR,NISSAN,5AA-B44A,JAPAN,PETROL/ELE,659.0,GALLE,RECONDITIONED,1,5AA-B44A,ROOX
CAR,VOLKSWAGEN,3BA-C1DKR T-CROSS,GERMANY,PETROL,996.0,KANDY,RECONDITIONED,1,3BA-C1DKR,T-CROSS
CAR,HONDA,6BA-JH3 N WGN CUSTOM,JAPAN,PETROL,658.0,COLOMBO,RECONDITIONED,1,6BA-JH3,N WGN CUSTOM
CAR,TOYOTA,5AA-A202A RAIZE,JAPAN,PETROL/ELE,1196.0,MATARA,RECONDITIONED,1,5AA-A202A,RAIZE
CAR,AUDI,3AA-GYDLA,GERMANY,PETROL,999.0,COLOMBO,RECONDITIONED,1,3AA-GYDLA,A3
CAR,TOYOTA,3BA-NGX10 CH-R,JAPAN,PETROL,1196.0,RATNAPURA,RECONDITIONED,1,3BA-NGX10,CH-R
CAR,SUZUKI,3BA-HA37S,JAPAN,PETROL,658.0,COLOMBO,RECONDITIONED,1,3BA-HA37S,ALTO
CAR,TOYOTA,3DA-FJA300W,JAPAN,DIESEL,3345.0,ANURADHAPURA,RECONDITIONED,1,3DA-FJA300W,Unknown
CAR,TOYOTA,5BA-M900A-ROOMY,JAPAN,PETROL,996.0,GAMPAHA,RECONDITIONED,1,5BA-M900A-ROOMY,Unknown
CAR,SUZUKI,5AA-MK94S SPACIA,JAPAN,PETROL/ELE,657.0,KALUTARA,RECONDITIONED,1,5AA-MK94S,SPACIA
CAR,NISSAN,5AA-B44W,JAPAN,PETROL,659.0,GAMPAHA,RECONDITIONED,1,5AA-B44W,DAYZ
CAR,NISSAN,ALMERA SEDAN 1.0L,THAILAND,PETROL,999.0,COLOMBO,RECONDITIONED,1,,ALMERA SEDAN 1.0L
CAR,TOYOTA,5BA-KSP210,JAPAN,PETROL,996.0,POLONNARUWA,RECONDITIONED,2,5BA-KSP210,YARIS X
CAR,MERCEDES BENZ,EQB250 PLUS AMG LINE,GERMANY,ELECTRIC,140.0,COLOMBO,RECONDITIONED,1,,EQB250 PLUS AMG LINE
CAR,NISSAN,3BA-DR17W CLIPPER,JAPAN,PETROL,658.0,COLOMBO,RECONDITIONED,1,3BA-DR17W,CLIPPER
CAR,DAIHATSU,5BA-LA900S TAFT,JAPAN,PETROL,658.0,MATARA,RECONDITIONED,1,5BA-LA900S,TAFT
CAR,TOYOTA,5BA-MXPB10 YARIS,JAPAN,PETROL,1496.0,GALLE,RECONDITIONED,1,5BA-MXPB10,YARIS
CAR,HONDA,6AA-RV5 VESEL,JAPAN,PETROL/ELE,1496.0,KANDY,RECONDITIONED,1,6AA-RV5,VESEL
CAR,DAIHATSU,TAFT G 5BA-LA900S,JAPAN,PETROL,658.0,GALLE,RECONDITIONED,1,,TAFT G 5BA-LA900S
CAR,LEXUS,3BA-VJA310W LX600,JAPAN,PETROL,3444.0,GAMPAHA,RECONDITIONED,2,3BA-VJA310W,LX600
CAR,LEXUS,6AA-MAYH10,JAPAN,PETROL,1496.0,COLOMBO,RECONDITIONED,1,6AA-MAYH10,LBX RELAX
CAR,SUZUKI,3BD-DA17 V EVERY,JAPAN,PETROL,658.0,KANDY,RECONDITIONED,1,3BD-DA17,V EVERY
CAR,HONDA,VEZEL 6AA-RV5,JAPAN,PETROL,1496.0,COLOMBO,RECONDITIONED,1,,VEZEL 6AA-RV5
CAR,SUZUKI,5BD-DA17V EVERY,JAPAN,PETROL,656.0,MATALE,RECONDITIONED,1,5BD-DA17V,EVERY
CAR,TOYOTA,5BA-KSP210,JAPAN,PETROL,996.0,AMPARA,RECONDITIONED,1,5BA-KSP210,YARIS X
CAR,HONDA,6AA-RV5    VEZEL,JAPAN,PETROL/ELE,1496.0,COLOMBO,RECONDITIONED,1,6AA-RV5,VEZEL
CAR,LAND ROVER,DEFENDER- X DYNAMIC,UNITED KINGDOM,PETROL/ELE,1997.0,GALLE,RECONDITIONED,1,,DEFENDER- X DYNAMIC
CAR,TOYOTA,6AA-ZWR90W NOAH,JAPAN,PETROL/ELE,1797.0,KALUTARA,RECONDITIONED,1,6AA-ZWR90W,NOAH
CAR,TOYOTA,3BD-S700M PIXIS,JAPAN,PETROL,658.0,KALUTARA,RECONDITIONED,1,3BD-S700M,PIXIS
CAR,TOYOTA,3BA-A210A RAIZE,JAPAN,PETROL,996.0,RATNAPURA,RECONDITIONED,2,3BA-A210A,RAIZE
CAR,MERCEDES BENZ,3DA-463350 G400D,GERMANY,DIESEL,2920.0,COLOMBO,RECONDITIONED,1,3DA-463350,G400D
CAR,TOYOTA,3BA-A210A RAIZE,JAPAN,PETROL,996.0,JAFFNA,RECONDITIONED,1,3BA-A210A,RAIZE
CAR,TOYOTA,3BA-TRJ150W TX-L,JAPAN,PETROL,2693.0,GALLE,RECONDITIONED,1,3BA-TRJ150W,TX-L
CAR,TOYOTA,6AA-AAHH40W,JAPAN,PETROL/ELE,2487.0,COLOMBO,RECONDITIONED,1,6AA-AAHH40W,ALPHARD
CAR,DAIHATSU,5BA-LA3505S MIRA E.S,JAPAN,PETROL,658.0,MATARA,RECONDITIONED,1,5BA-LA3505S,MIRA E.S
CAR,TOYOTA,5BA KSP210 YARIS,JAPAN,PETROL,996.0,GAMPAHA,RECONDITIONED,1,,5BA KSP210 YARIS
CAR,SUZUKI,5AA-MH95S,JAPAN,PETROL/ELE,657.0,COLOMBO,RECONDITIONED,1,5AA-MH95S,WAGON 4
CAR,TOYOTA,3BA-NGX10 C-HR,JAPAN,PETROL,1196.0,ANURADHAPURA,RECONDITIONED,1,3BA-NGX10,C-HR
CAR,TOYOTA,6AA-AAHH40W ALPHARD,JAPAN,PETROL/ELE,2487.0,KANDY,RECONDITIONED,1,6AA-AAHH40W,ALPHARD
CAR,HONDA,6AA-RV5  VEZEL,JAPAN,PETROL/ELE,1496.0,POLONNARUWA,RECONDITIONED,1,6AA-RV5,VEZEL
CAR,SUZUKI,EVERY  5BD-DA17V,JAPAN,PETROL,658.0,PUTTALAM,RECONDITIONED,1,,EVERY  5BD-DA17V
CAR,SUZUKI,3BA-DA17W EVERYWAGON,JAPAN,PETROL,658.0,BATTICALOA,RECONDITIONED,1,3BA-DA17W,EVERYWAGON
CAR,SUZUKI,5AA-MH95S WAGON R,JAPAN,PETROL,658.0,TRINCOMALEE,RECONDITIONED,1,5AA-MH95S,WAGON R
CAR,SUZUKI,5AA-MK94S,JAPAN,PETROL/ELE,657.0,GAMPAHA,RECONDITIONED,1,5AA-MK94S,Unknown
CAR,TOYOTA,6BA-MXUA80 HARRIER,JAPAN,PETROL,1986.0,BADULLA,RECONDITIONED,1,6BA-MXUA80,HARRIER
CAR,BYD,SEAL-COMFORT,CHINA,ELECTRIC,100.0,COLOMBO,BOUGHT FROM AUCTION,1,SEAL-COMFORT,Unknown
CAR,BYD,ATTO3-ADVANCED,CHINA,ELECTRIC,100.0,GAMPAHA,BRAND NEW,23,ATTO3-ADVANCED,Unknown
CAR,BYD,ATTO3-ADVANCED,CHINA,ELECTRIC,100.0,PUTTALAM,BRAND NEW,4,ATTO3-ADVANCED,Unknown
CAR,BYD,SEAL-COMFORT,CHINA,ELECTRIC,100.0,VAVUNIYA,BRAND NEW,1,SEAL-COMFORT,Unknown
CAR,BYD,M6 STANDARD,CHINA,ELECTRIC,100.0,COLOMBO,BRAND NEW,1,,M6 STANDARD
CAR,BYD,DOLPHIN-DYNAMIC 70,CHINA,ELECTRIC,70.0,KALUTARA,BRAND NEW,1,,DOLPHIN-DYNAMIC 70
CAR,BYD,DOLPHIN-DYNAMIC 70,CHINA,ELECTRIC,70.0,KEGALLE,BRAND NEW,1,,DOLPHIN-DYNAMIC 70
CAR,PERODUA,AXIA-CG1SZ,MALAYSIA,PETROL,998.0,ANURADHAPURA,BRAND NEW,1,AXIA-CG1SZ,Unknown
CAR,BYD,SEAL-COMFORT,CHINA,ELECTRIC,100.0,HAMBANTOTA,BRAND NEW,1,SEAL-COMFORT,Unknown
CAR,TOYOTA,A250RA-GBVV RAIZE,INDONESIA,PETROL,998.0,GAMPAHA,BRAND NEW,3,,A250RA-GBVV RAIZE
CAR,BYD,SEALION 6 SUPERIOR,CHINA,PETROL/ELE,1498.0,POLONNARUWA,BRAND NEW,1,,SEALION 6 SUPERIOR
CAR,TATA,NEXON EV,INDIA,ELECTRIC,98.0,GAMPAHA,BRAND NEW,1,,NEXON EV
CAR,PERODUA,BEZZA,MALAYSIA,PETROL,998.0,KANDY,BRAND NEW,2,,BEZZA
CAR,MAHINDRA,KUV100 NXT AMT,SRI LANKA,DIESEL,1198.0,KANDY,BRAND NEW-L/ASSEMBLE,1,,KUV100 NXT AMT
CAR,TESLA,ZAA-YLIYT MODEL J,U.S.A,ELECTRIC,194.0,KANDY,RECONDITIONED,1,ZAA-YLIYT,MODEL J
CAR,DAIHATSU,5BA-LA350 S,JAPAN,PETROL,658.0,GAMPAHA,RECONDITIONED,1,5BA-LA350,S
CAR,LAND ROVER,RABGE ROVER P460E,UNITED KINGDOM,PETROL/ELE,2996.0,COLOMBO,RECONDITIONED,1,,RABGE ROVER P460E
CAR,TOYOTA,5BA-M900A ROOMY,JAPAN,PETROL,996.0,ANURADHAPURA,RECONDITIONED,1,5BA-M900A,ROOMY
CAR,SUZUKI,5AA-ZCEDS SWIFT,JAPAN,PETROL/ELE,1196.0,PUTTALAM,RECONDITIONED,1,5AA-ZCEDS,SWIFT
CAR,SUZUKI,4AA-MN71S XBEE,JAPAN,PETROL/ELE,996.0,GAMPAHA,RECONDITIONED,1,4AA-MN71S,XBEE
CAR,MERCEDES BENZ,5BA-247684M GLB 180,JAPAN,PETROL,1331.0,KANDY,RECONDITIONED,1,5BA-247684M,GLB 180
CAR,TOYOTA,6AA-ZWR90W VOXY,JAPAN,PETROL/ELE,1797.0,KURUNEGALA,RECONDITIONED,1,6AA-ZWR90W,VOXY
CAR,SUZUKI,5AA-HA97S ALTO,JAPAN,PETROL,658.0,RATNAPURA,RECONDITIONED,1,5AA-HA97S,ALTO
CAR,HONDA,CR-V,AUSTRALIA,PETROL,1499.0,COLOMBO,RECONDITIONED,1,CR-V,50
CAR,TOYOTA,3BA-NGX10 C-HR,JAPAN,PETROL,1196.0,HAMBANTOTA,RECONDITIONED,1,3BA-NGX10,C-HR
CAR,NISSAN,5BA-B43W  DAYS,JAPAN,PETROL,658.0,KEGALLE,RECONDITIONED,1,5BA-B43W,DAYS
CAR,LAND ROVER,RANGE ROVER,UNITED KINGDOM,PETROL/ELE,2996.0,COLOMBO,RECONDITIONED,2,,RANGE ROVER
CAR,SUZUKI,5BA-MH85S WAGON R,JAPAN,PETROL,658.0,PUTTALAM,RECONDITIONED,4,5BA-MH85S,WAGON R
CAR,SUZUKI,4AA-MH55S WAGON R,JAPAN,PETROL/ELE,658.0,JAFFNA,RECONDITIONED,2,4AA-MH55S,WAGON R
CAR,TOYOTA,5AA-A202A RAIZE,JAPAN,PETROL/ELE,78.0,COLOMBO,RECONDITIONED,21,5AA-A202A,RAIZE
CAR,TOYOTA,3BA-TRJ250W,JAPAN,PETROL,2693.0,POLONNARUWA,RECONDITIONED,1,3BA-TRJ250W,Unknown
CAR,SUZUKI,5AA-MK94S SPACIA,JAPAN,PETROL,658.0,KALUTARA,RECONDITIONED,1,5AA-MK94S,SPACIA
CAR,SUZUKI,3BA-HA37S,JAPAN,PETROL,658.0,GAMPAHA,RECONDITIONED,1,3BA-HA37S,ALTO
CAR,SUZUKI,5AA-MK53S SPACIA,JAPAN,PETROL,658.0,KANDY,RECONDITIONED,1,5AA-MK53S,SPACIA
CAR,SUZUKI,5AA-MR92S HUSTLER,JAPAN,PETROL,658.0,GAMPAHA,RECONDITIONED,1,5AA-MR92S,HUSTLER
CAR,VOLKSWAGEN,3BA-C1DKR T-CROSS,GERMANY,PETROL,996.0,GAMPAHA,RECONDITIONED,1,3BA-C1DKR,T-CROSS
CAR,NISSAN,5AA-B44W DAYS,JAPAN,PETROL,658.0,KALUTARA,RECONDITIONED,1,5AA-B44W,DAYS
CAR,SUZUKI,5AA-MK94S SPACIA,JAPAN,PETROL,658.0,KURUNEGALA,RECONDITIONED,2,5AA-MK94S,SPACIA
CAR,HONDA,CITY,THAILAND,PETROL,988.0,KANDY,RECONDITIONED,1,,CITY
CAR,DAIHATSU,5BA-LA350S /MIRA ES,JAPAN,PETROL,658.0,GAMPAHA,RECONDITIONED,1,5BA-LA350S,/MIRA ES
CAR,TOYOTA,5AA-A202A RAIZE,JAPAN,ELECTRIC,78.0,PUTTALAM,RECONDITIONED,2,5AA-A202A,RAIZE
CAR,TOYOTA,6AA-MXPJ10 YARIS,JAPAN,PETROL/ELE,1496.0,PUTTALAM,RECONDITIONED,4,6AA-MXPJ10,YARIS
CAR,TOYOTA,3BA-TRJ150W PRADO,JAPAN,PETROL,2693.0,KANDY,RECONDITIONED,1,3BA-TRJ150W,PRADO
CAR,BYD,SEAL,THAILAND,ELECTRIC,150.0,MONERAGALA,RECONDITIONED,1,,SEAL
CAR,SUZUKI,5AA-ZCEDS SWIFT,JAPAN,PETROL/ELE,1197.0,COLOMBO,RECONDITIONED,1,5AA-ZCEDS,SWIFT
CAR,MERCEDES BENZ,G 450 D,GERMANY,DIESEL,2989.0,COLOMBO,RECONDITIONED,1,,G 450 D
CAR,TESLA,3 RWD,CHINA,ELECTRIC,194.0,GAMPAHA,RECONDITIONED,1,,3 RWD
CAR,TOYOTA,5BA-M900A ROOMY,JAPAN,PETROL,996.0,POLONNARUWA,RECONDITIONED,1,5BA-M900A,ROOMY
CAR,TOYOTA,3DA-GD1250W,JAPAN,DIESEL,2754.0,COLOMBO,RECONDITIONED,1,3DA-GD1250W,Unknown
CAR,TOYOTA,3BA-NGX10 C-HR,JAPAN,PETROL,1196.0,COLOMBO,RECONDITIONED,4,3BA-NGX10,C-HR
CAR,AUDI,3AA-GYDLA A3,GERMANY,PETROL,999.0,AMPARA,RECONDITIONED,1,3AA-GYDLA,A3
CAR,TOYOTA,4BA-M900A,JAPAN,PETROL,996.0,JAFFNA,RECONDITIONED,1,4BA-M900A,Unknown
CAR,LAND ROVER,3BA-LE72XAA,UNITED KINGDOM,PETROL,1990.0,KURUNEGALA,RECONDITIONED,1,3BA-LE72XAA,DEFENDER
CAR,DAIHATSU,MIRA 5BA-LA350S,JAPAN,PETROL,658.0,BADULLA,RECONDITIONED,1,,MIRA 5BA-LA350S
CAR,DAIHATSU,5BA-LA350 MIRA E.S,JAPAN,PETROL,658.0,KURUNEGALA,RECONDITIONED,1,5BA-LA350,MIRA E.S
CAR,TOYOTA,5BA-A201A  RAIZE,JAPAN,PETROL,1196.0,COLOMBO,RECONDITIONED,1,5BA-A201A,RAIZE
CAR,HONDA,CITY RS,THAILAND,PETROL,988.0,HAMBANTOTA,RECONDITIONED,1,,CITY RS
CAR,SUZUKI,3BD- DA17V EVERY,JAPAN,PETROL,658.0,KANDY,RECONDITIONED,1,,3BD- DA17V EVERY
CAR,TOYOTA,HARRIER 6AA AXUH85,JAPAN,PETROL/ELE,2487.0,COLOMBO,RECONDITIONED,1,,HARRIER 6AA AXUH85
CAR,TOYOTA,3BA-VJA300W,JAPAN,PETROL,3444.0,RATNAPURA,RECONDITIONED,2,3BA-VJA300W,Unknown
CAR,TOYOTA,YARIS  5BA-KSP210,JAPAN,PETROL,996.0,COLOMBO,RECONDITIONED,1,,YARIS  5BA-KSP210
CAR,SUZUKI,5AA-MH95S WAGON 4,JAPAN,PETROL,658.0,BATTICALOA,RECONDITIONED,1,5AA-MH95S,WAGON 4
CAR,TOYOTA,5BA-M700A PASSO,JAPAN,PETROL,996.0,MATARA,RECONDITIONED,1,5BA-M700A,PASSO
CAR,SUZUKI,5BA-MH85S WAGON R,JAPAN,PETROL/ELE,658.0,BATTICALOA,RECONDITIONED,1,5BA-MH85S,WAGON R
CAR,SUZUKI,4AA-MK54S SPACIA,JAPAN,PETROL,658.0,VAVUNIYA,RECONDITIONED,1,4AA-MK54S,SPACIA
CAR,TOYOTA,3BA-TRJ250W,JAPAN,PETROL,2693.0,BATTICALOA,RECONDITIONED,1,3BA-TRJ250W,Unknown
CAR,TOYOTA,6AA-MXPJ10 YARIS,JAPAN,PETROL/ELE,1496.0,BATTICALOA,RECONDITIONED,1,6AA-MXPJ10,YARIS
CAR,TOYOTA,RAIZE 3BA-A210A,JAPAN,PETROL,996.0,POLONNARUWA,RECONDITIONED,1,,RAIZE 3BA-A210A
CAR,TOYOTA,3BA-NGX50 C-HR,JAPAN,PETROL,1196.0,GAMPAHA,RECONDITIONED,1,3BA-NGX50,C-HR
CAR,B.M.W.,840I M SPORT,GERMANY,PETROL,2998.0,COLOMBO,RECONDITIONED,1,,840I M SPORT
CAR,DAIHATSU,5BA-LA900S TAFT,JAPAN,PETROL,658.0,KEGALLE,RECONDITIONED,1,5BA-LA900S,TAFT
CAR,HONDA,6AA-RV5  VEZEL,JAPAN,PETROL/ELE,1496.0,KEGALLE,RECONDITIONED,1,6AA-RV5,VEZEL
CAR,DAIHATSU,5BA-LA350S MIRA ES,JAPAN,PETROL,658.0,JAFFNA,RECONDITIONED,1,5BA-LA350S,MIRA ES
CAR,TOYOTA,5BA-KSP210    YARIS,JAPAN,PETROL,996.0,KURUNEGALA,RECONDITIONED,1,5BA-KSP210,YARIS
CAR,TOYOTA,6AA-MXPJ10,JAPAN,PETROL/ELE,1490.0,GAMPAHA,RECONDITIONED,1,6AA-MXPJ10,/YARIS
CAR,SUZUKI,5AA-HA97S  ALTO,JAPAN,PETROL/ELE,658.0,MATARA,RECONDITIONED,1,5AA-HA97S,ALTO
CAR,HONDA,6AA-RV5,JAPAN,PETROL/ELE,1496.0,GAMPAHA,RECONDITIONED,1,6AA-RV5,VEZAL
CAR,TOYOTA,3BA-VJA300W,JAPAN,PETROL,3444.0,MONERAGALA,RECONDITIONED,1,3BA-VJA300W,Unknown
CAR,TOYOTA,3BD-S700M PIXIS,JAPAN,PETROL,658.0,COLOMBO,RECONDITIONED,1,3BD-S700M,PIXIS
CAR,TOYOTA,5AA-A202A RAIZE,JAPAN,PETROL/ELE,78.0,MONERAGALA,RECONDITIONED,1,5AA-A202A,RAIZE
CAR,TOYOTA,5AA-A202A  RAIZE,JAPAN,PETROL/ELE,78.0,MONERAGALA,RECONDITIONED,1,5AA-A202A,RAIZE
CAR,TOYOTA,3BA-TRJ150W PRADO,JAPAN,PETROL,2696.0,MONERAGALA,RECONDITIONED,1,3BA-TRJ150W,PRADO
CAR,TOYOTA,3BA-NGX10 C-HR,JAPAN,PETROL,1196.0,VAVUNIYA,RECONDITIONED,1,3BA-NGX10,C-HR
CAR,SUZUKI,3BD-DA17V EVERY,JAPAN,PETROL,658.0,GAMPAHA,RECONDITIONED,1,3BD-DA17V,EVERY
CAR,SUZUKI,3BA-HA37S  ALTO,JAPAN,PETROL,658.0,GALLE,RECONDITIONED,1,3BA-HA37S,ALTO
CAR,HONDA,6AA-RV5   VEZEL,JAPAN,PETROL/ELE,1496.0,COLOMBO,RECONDITIONED,1,6AA-RV5,VEZEL
CAR,HONDA,CRV VTI L7,JAPAN,PETROL,1498.0,COLOMBO,RECONDITIONED,1,,CRV VTI L7
CAR,NISSAN,5BD-DR17V,JAPAN,PETROL,658.0,KURUNEGALA,RECONDITIONED,1,5BD-DR17V,CLIPER
CAR,NISSAN,5AA-B44W DAYZ,JAPAN,PETROL,658.0,COLOMBO,RECONDITIONED,1,5AA-B44W,DAYZ
CAR,SUZUKI,3BA-DA17W EVERY,JAPAN,PETROL,658.0,KALUTARA,RECONDITIONED,1,3BA-DA17W,EVERY
CAR,TOYOTA,6BA-MXUA80 HARRIER,JAPAN,PETROL,1996.0,GALLE,RECONDITIONED,1,6BA-MXUA80,HARRIER
CAR,BYD,SEAL-COMFORT,CHINA,ELECTRIC,100.0,GAMPAHA,BRAND NEW,14,SEAL-COMFORT,Unknown
CAR,BYD,ATTO-3-SUPERIOR,CHINA,ELECTRIC,100.0,COLOMBO,BRAND NEW,130,ATTO-3-SUPERIOR,Unknown
CAR,SUZUKI,HUSTLER,JAPAN,PETROL,658.0,COLOMBO,BRAND NEW,1,,HUSTLER
CAR,NISSAN,MAGNITE TEKNA PLUS,INDIA,PETROL,999.0,GAMPAHA,BRAND NEW,4,,MAGNITE TEKNA PLUS
CAR,BYD,SEALION 6 SUPERIOR,CHINA,PETROL/ELE,1498.0,GAMPAHA,BRAND NEW,32,,SEALION 6 SUPERIOR
CAR,TATA,CURVV CREATIVE,INDIA,PETROL,1199.0,MATALE,BRAND NEW,1,,CURVV CREATIVE
CAR,BYD,ATTO3-ADVANCED,CHINA,ELECTRIC,100.0,HAMBANTOTA,BRAND NEW,1,ATTO3-ADVANCED,Unknown
CAR,BYD,SEAL-COMFORT,CHINA,ELECTRIC,100.0,GALLE,BRAND NEW,1,SEAL-COMFORT,Unknown
CAR,BYD,ATTO3-ADVANCED,CHINA,ELECTRIC,100.0,MATALE,BRAND NEW,1,ATTO3-ADVANCED,Unknown
CAR,NISSAN,5AA-B44W,JAPAN,PETROL,658.0,COLOMBO,RECONDITIONED,1,5AA-B44W,DAYZ
CAR,TOYOTA,5BA-KSP 210 YARIS,JAPAN,PETROL,996.0,GAMPAHA,RECONDITIONED,3,5BA-KSP,210 YARIS
CAR,TOYOTA,3BA-TRJ250W,JAPAN,PETROL,2693.0,GALLE,RECONDITIONED,4,3BA-TRJ250W,Unknown
CAR,MITSUBISHI,4AA-B35W EK X,JAPAN,PETROL,658.0,JAFFNA,RECONDITIONED,1,4AA-B35W,EK X
CAR,SUZUKI,5AA-ZCEDS SWIFT,JAPAN,PETROL/ELE,1196.0,VAVUNIYA,RECONDITIONED,1,5AA-ZCEDS,SWIFT
CAR,SUZUKI,5AA-MH95S WAGON R,JAPAN,PETROL,650.0,KURUNEGALA,RECONDITIONED,1,5AA-MH95S,WAGON R
CAR,SUZUKI,5AA-MK53S SPACIA,JAPAN,PETROL,658.0,GAMPAHA,RECONDITIONED,1,5AA-MK53S,SPACIA
CAR,SUZUKI,5AA-MH95S WAGON R,JAPAN,PETROL,658.0,MATARA,RECONDITIONED,1,5AA-MH95S,WAGON R
CAR,HONDA,6AA-RV5 VEZEL,JAPAN,PETROL/ELE,1490.0,COLOMBO,RECONDITIONED,2,6AA-RV5,VEZEL
CAR,SUZUKI,5AA-MR92S HUSTLER,JAPAN,PETROL/ELE,657.0,KURUNEGALA,RECONDITIONED,1,5AA-MR92S,HUSTLER
CAR,DAIHATSU,5BA-M700S BOON,JAPAN,PETROL,996.0,COLOMBO,RECONDITIONED,1,5BA-M700S,BOON
CAR,TOYOTA,YARIS CROSS,THAILAND,PETROL/ELE,1496.0,GAMPAHA,RECONDITIONED,3,,YARIS CROSS
CAR,HONDA,CITY RS,THAILAND,PETROL,988.0,GAMPAHA,RECONDITIONED,5,,CITY RS
CAR,SUZUKI,4AA-MK54S,JAPAN,PETROL,658.0,JAFFNA,RECONDITIONED,1,4AA-MK54S,SPICIA
CAR,TOYOTA,3BA-TRJ150W PRADO,JAPAN,PETROL,2693.0,GAMPAHA,RECONDITIONED,2,3BA-TRJ150W,PRADO
CAR,SUZUKI,4AA-MH55S WAGON R,JAPAN,PETROL,658.0,PUTTALAM,RECONDITIONED,2,4AA-MH55S,WAGON R
CAR,HONDA,CITY,THAILAND,PETROL,988.0,GAMPAHA,RECONDITIONED,2,,CITY
CAR,MAZDA,5BD-DG17V SCRUM,JAPAN,PETROL,658.0,COLOMBO,RECONDITIONED,1,5BD-DG17V,SCRUM
CAR,NISSAN,4AA-B45W,JAPAN,PETROL,658.0,MATARA,RECONDITIONED,1,4AA-B45W,Unknown
CAR,DAIHATSU,5AA-A202S ROCKY,JAPAN,PETROL/ELE,78.0,MATARA,RECONDITIONED,1,5AA-A202S,ROCKY
CAR,HONDA,6AA-RV5 VEZEL,JAPAN,PETROL/ELE,1490.0,GAMPAHA,RECONDITIONED,3,6AA-RV5,VEZEL
CAR,M.G.,MG4 V ELECTRIC,THAILAND,ELECTRIC,125.0,HAMBANTOTA,RECONDITIONED,1,,MG4 V ELECTRIC
CAR,DAIHATSU,5BA-LA350S MIRA,JAPAN,PETROL,658.0,ANURADHAPURA,RECONDITIONED,1,5BA-LA350S,MIRA
CAR,AUDI,3AA-GYDLA A3,GERMANY,PETROL,996.0,GAMPAHA,RECONDITIONED,2,3AA-GYDLA,A3
CAR,MITSUBISHI,5BD-DS17V,JAPAN,PETROL,650.0,KALUTARA,RECONDITIONED,1,5BD-DS17V,Unknown
CAR,MERCEDES BENZ,5AA206043C C200,GERMANY,PETROL/ELE,1496.0,COLOMBO,RECONDITIONED,1,,5AA206043C C200
CAR,TOYOTA,5AA-A202A RAIZE,JAPAN,ELECTRIC,78.0,GAMPAHA,RECONDITIONED,4,5AA-A202A,RAIZE
CAR,DAIHATSU,3BA-A210S ROCKY,JAPAN,PETROL,996.0,KURUNEGALA,RECONDITIONED,2,3BA-A210S,ROCKY
CAR,DAIHATSU,5BA-LA900S TALF,JAPAN,PETROL,658.0,COLOMBO,RECONDITIONED,1,5BA-LA900S,TALF
CAR,SUZUKI,5BA-MH85S WAGON R,JAPAN,PETROL,656.0,ANURADHAPURA,RECONDITIONED,9,5BA-MH85S,WAGON R
CAR,SUZUKI,3BA-DA17W,JAPAN,PETROL,658.0,BATTICALOA,RECONDITIONED,1,3BA-DA17W,EVERYWAGON
CAR,LEXUS,3BA-VJA310W LX600,JAPAN,PETROL,3444.0,RATNAPURA,RECONDITIONED,2,3BA-VJA310W,LX600
CAR,TOYOTA,3BA-NGX10 C-HR,JAPAN,PETROL,1196.0,KURUNEGALA,RECONDITIONED,1,3BA-NGX10,C-HR
CAR,DAIHATSU,5BA-LA900S TAFT,JAPAN,PETROL,658.0,HAMBANTOTA,RECONDITIONED,1,5BA-LA900S,TAFT
CAR,LEXUS,3BA-VJA 310W,JAPAN,PETROL,3444.0,COLOMBO,RECONDITIONED,1,3BA-VJA,310W
CAR,LEXUS,LX600,JAPAN,PETROL,3445.0,NUWARA-ELIYA,RECONDITIONED,1,,LX600
CAR,SUZUKI,4AA-MK54S SPACIA,JAPAN,PETROL,658.0,RATNAPURA,RECONDITIONED,1,4AA-MK54S,SPACIA
CAR,TOYOTA,RAIZE 5AA-A202A,JAPAN,PETROL/ELE,78.0,RATNAPURA,RECONDITIONED,1,,RAIZE 5AA-A202A
CAR,TOYOTA,5AA-A202A RAIZE,JAPAN,PETROL/ELE,1196.0,JAFFNA,RECONDITIONED,1,5AA-A202A,RAIZE
CAR,TOYOTA,YARIS ATIV,THAILAND,PETROL,1197.0,COLOMBO,RECONDITIONED,2,,YARIS ATIV
CAR,SUZUKI,5AA-MH95S,JAPAN,PETROL,658.0,POLONNARUWA,RECONDITIONED,1,5AA-MH95S,WAGON 4
CAR,HONDA,6BA-JH3,JAPAN,PETROL,658.0,COLOMBO,RECONDITIONED,1,6BA-JH3,N- WGN
CAR,MAZDA,5AA-MJ95S,JAPAN,PETROL/ELE,658.0,KALUTARA,RECONDITIONED,1,5AA-MJ95S,FLAIR
CAR,TOYOTA,5BA-A201A RAIZE,JAPAN,PETROL,1196.0,BADULLA,RECONDITIONED,2,5BA-A201A,RAIZE
CAR,TOYOTA,YARIS 5BA-KSP210,JAPAN,PETROL,996.0,COLOMBO,RECONDITIONED,1,,YARIS 5BA-KSP210
CAR,B.M.W.,3AA-12FJ20523I,GERMANY,PETROL,1998.0,HAMBANTOTA,RECONDITIONED,1,3AA-12FJ20523I,Unknown
CAR,TOYOTA,5AA-A202A RAIZE,JAPAN,PETROL/ELE,1196.0,KALUTARA,RECONDITIONED,1,5AA-A202A,RAIZE
CAR,DAIHATSU,MIRA ES 5BA-LA350S,JAPAN,PETROL,658.0,COLOMBO,RECONDITIONED,1,,MIRA ES 5BA-LA350S
CAR,TOYOTA,5BAKSP210 YARIS,JAPAN,PETROL,996.0,COLOMBO,RECONDITIONED,1,,5BAKSP210 YARIS
CAR,SUZUKI,WAGON R 5AA MH95S,JAPAN,PETROL,650.0,COLOMBO,RECONDITIONED,1,,WAGON R 5AA MH95S
CAR,SUZUKI,5AA-MK94S SPACIA,JAPAN,PETROL/ELE,658.0,GAMPAHA,RECONDITIONED,2,5AA-MK94S,SPACIA
CAR,SUZUKI,5AA-MK53S SPACIA,JAPAN,PETROL/ELE,657.0,MATALE,RECONDITIONED,1,5AA-MK53S,SPACIA
CAR,TOYOTA,5BA-LA350A PIXIS,JAPAN,PETROL,658.0,JAFFNA,RECONDITIONED,1,5BA-LA350A,PIXIS
CAR,MERCEDES BENZ,GLC 200,AUSTRALIA,PETROL,1999.0,COLOMBO,RECONDITIONED,1,,GLC 200
CAR,TOYOTA,3BA-A210A RAIZE,JAPAN,PETROL,998.0,KURUNEGALA,RECONDITIONED,1,3BA-A210A,RAIZE
CAR,BYD,ATTO3-ADVANCED,CHINA,ELECTRIC,100.0,COLOMBO,RECONDITIONED,1,ATTO3-ADVANCED,Unknown
CAR,HONDA,CITY RS,THAILAND,PETROL,988.0,TRINCOMALEE,RECONDITIONED,1,,CITY RS
CAR,HONDA,CRV VTI L7,THAILAND,PETROL,1499.0,COLOMBO,RECONDITIONED,1,,CRV VTI L7
CAR,MAZDA,5AA-MJ95S FLAIR,JAPAN,PETROL/ELE,658.0,COLOMBO,RECONDITIONED,1,5AA-MJ95S,FLAIR
CAR,TOYOTA,3BA-TRIJ250W,JAPAN,PETROL,2693.0,COLOMBO,RECONDITIONED,1,3BA-TRIJ250W,Unknown
CAR,DAIHATSU,3BD-S700V HIJET,JAPAN,PETROL,658.0,COLOMBO,RECONDITIONED,1,3BD-S700V,HIJET
CAR,SUZUKI,3BA-JB64W JIMNY,JAPAN,PETROL,660.0,COLOMBO,RECONDITIONED,1,3BA-JB64W,JIMNY
CAR,SUZUKI,5AA-MR925 HUSTLER,JAPAN,PETROL,658.0,KURUNEGALA,RECONDITIONED,1,5AA-MR925,HUSTLER
CAR,TOYOTA,YARIS 6AA-MXPJ10,JAPAN,PETROL/ELE,1496.0,GAMPAHA,RECONDITIONED,1,,YARIS 6AA-MXPJ10
CAR,SUZUKI,4AA-MK54S SPACIA,JAPAN,PETROL,658.0,TRINCOMALEE,RECONDITIONED,1,4AA-MK54S,SPACIA
CAR,MAZDA,5BD-DG17V,JAPAN,PETROL,658.0,COLOMBO,RECONDITIONED,1,5BD-DG17V,Unknown
CAR,TOYOTA,5AA-A202A RAIZE,JAPAN,PETROL/ELE,78.0,NUWARA-ELIYA,RECONDITIONED,1,5AA-A202A,RAIZE
CAR,SUZUKI,3BD-DA17V EVERY,JAPAN,PETROL,656.0,GAMPAHA,RECONDITIONED,1,3BD-DA17V,EVERY
CAR,TOYOTA,5BA-A201A,JAPAN,PETROL,1196.0,GAMPAHA,RECONDITIONED,1,5BA-A201A,Unknown
CAR,HONDA,6BA-JF3 N BOX CUSTOM,JAPAN,PETROL,658.0,GAMPAHA,RECONDITIONED,1,6BA-JF3,N BOX CUSTOM
CAR,SUZUKI,3BD-DA17V  EVERY,JAPAN,PETROL,658.0,JAFFNA,RECONDITIONED,1,3BD-DA17V,EVERY
CAR,TOYOTA,3BA-NGX10 C-HR,JAPAN,PETROL,1196.0,JAFFNA,RECONDITIONED,1,3BA-NGX10,C-HR
CAR,NISSAN,5AA-B44A ROOX,JAPAN,PETROL,658.0,GAMPAHA,RECONDITIONED,1,5AA-B44A,ROOX
CAR,HONDA,CR-V VTI L7,AUSTRALIA,PETROL,1498.0,KURUNEGALA,RECONDITIONED,1,CR-V,VTI L7
CAR,DAIHATSU,5BA-LA900S,JAPAN,PETROL,658.0,KALUTARA,RECONDITIONED,1,5BA-LA900S,TALF
CAR,NISSAN,5BD-DR17V,JAPAN,PETROL,658.0,GALLE,RECONDITIONED,2,5BD-DR17V,CLIPER
CAR,VOLKSWAGEN,3BA-AWDLA POLO,GERMANY,PETROL,999.0,COLOMBO,RECONDITIONED,2,3BA-AWDLA,POLO
CAR,HONDA,6AA-RV5 VEZEL,JAPAN,PETROL/ELE,1490.0,MATALE,RECONDITIONED,1,6AA-RV5,VEZEL
CAR,TOYOTA,4BA M900A ROOMY,JAPAN,PETROL,996.0,COLOMBO,RECONDITIONED,1,,4BA M900A ROOMY
CAR,TOYOTA,6AA-MXP10,JAPAN,PETROL,1496.0,KEGALLE,RECONDITIONED,1,6AA-MXP10,Unknown
CAR,HONDA,6AA RV5  VEZEL,JAPAN,PETROL/ELE,1496.0,GAMPAHA,RECONDITIONED,1,,6AA RV5  VEZEL
CAR,TOYOTA,6AA-MXPJ10   YARIS,JAPAN,PETROL/ELE,1490.0,RATNAPURA,RECONDITIONED,1,6AA-MXPJ10,YARIS
CAR,TOYOTA,PASSO 5BA- M700A,JAPAN,PETROL,996.0,GAMPAHA,RECONDITIONED,1,,PASSO 5BA- M700A
CAR,DAIHATSU,5BA-LA350S  MIRA  ES,JAPAN,PETROL,658.0,GAMPAHA,RECONDITIONED,1,5BA-LA350S,MIRA  ES
CAR,TOYOTA,HIACE-Q-LH100G,JAPAN,DIESEL,2400.0,AMPARA,BOUGHT FROM AUCTION,1,HIACE-Q-LH100G,Unknown
CAR,KIA,SELTOS,INDIA,PETROL,1497.0,COLOMBO,BRAND NEW,1,,SELTOS
CAR,BYD,SEALION 6 SUPERIOR,CHINA,PETROL/ELE,1498.0,COLOMBO,BRAND NEW,167,,SEALION 6 SUPERIOR
CAR,BYD,ATTO3-ADVANCED,CHINA,ELECTRIC,100.0,KANDY,BRAND NEW,8,ATTO3-ADVANCED,Unknown
CAR,NISSAN,MAGNITE ACENTA BR10,INDIA,PETROL,999.0,GAMPAHA,BRAND NEW,4,,MAGNITE ACENTA BR10
CAR,BYD,ATTO3-ADVANCED,CHINA,ELECTRIC,100.0,KEGALLE,BRAND NEW,1,ATTO3-ADVANCED,Unknown
CAR,BYD,SEAL-COMFORT,CHINA,ELECTRIC,100.0,RATNAPURA,BRAND NEW,2,SEAL-COMFORT,Unknown
CAR,PERODUA,ARUZ,MALAYSIA,PETROL,1496.0,COLOMBO,BRAND NEW,1,,ARUZ
CAR,TATA,CURVV,INDIA,PETROL,1199.0,GAMPAHA,BRAND NEW,1,,CURVV
CAR,PERODUA,BEZZA,MALAYSIA,PETROL,998.0,HAMBANTOTA,BRAND NEW,1,,BEZZA
CAR,SUZUKI,5AA-MH95S,JAPAN,PETROL/ELE,658.0,GAMPAHA,RECONDITIONED,1,5AA-MH95S,WAGON 4
CAR,HONDA,5BA-RZ3 ZR-V,JAPAN,PETROL,1496.0,GALLE,RECONDITIONED,1,5BA-RZ3,ZR-V
CAR,SUZUKI,5AA-MH95S WAGON R,JAPAN,PETROL/ELE,657.0,GAMPAHA,RECONDITIONED,2,5AA-MH95S,WAGON R
CAR,TOYOTA,3BA-A210A  RAIZE,JAPAN,PETROL,996.0,COLOMBO,RECONDITIONED,3,3BA-A210A,RAIZE
CAR,SUZUKI,3BA-DA17W,JAPAN,PETROL,658.0,COLOMBO,RECONDITIONED,1,3BA-DA17W,EVERYWAGON
CAR,DAIHATSU,5BA-LA350S MIRA,JAPAN,PETROL,658.0,MATARA,RECONDITIONED,3,5BA-LA350S,MIRA
CAR,TOYOTA,5BA-A201A RAIZE,JAPAN,PETROL,1196.0,GALLE,RECONDITIONED,3,5BA-A201A,RAIZE
CAR,TOYOTA,5AA-A202A RAIZE,JAPAN,PETROL/ELE,78.0,KANDY,RECONDITIONED,4,5AA-A202A,RAIZE
CAR,DAIHATSU,5BA-LA900S TAFT,JAPAN,PETROL,658.0,KURUNEGALA,RECONDITIONED,4,5BA-LA900S,TAFT
CAR,HONDA,6BA-JH3 N-WGN CUSTOM,JAPAN,PETROL,658.0,GAMPAHA,RECONDITIONED,1,6BA-JH3,N-WGN CUSTOM
CAR,MITSUBISHI,5AA-B34A DELICA MINI,JAPAN,PETROL/ELE,659.0,COLOMBO,RECONDITIONED,1,5AA-B34A,DELICA MINI
CAR,SUZUKI,4AA-MH55S WAGON R,JAPAN,PETROL/ELE,658.0,GAMPAHA,RECONDITIONED,1,4AA-MH55S,WAGON R
CAR,TOYOTA,3BA-VJA300W,JAPAN,PETROL,3444.0,BATTICALOA,RECONDITIONED,1,3BA-VJA300W,Unknown
CAR,SUZUKI,3BD-DA17V EVERY,JAPAN,PETROL,658.0,KURUNEGALA,RECONDITIONED,2,3BD-DA17V,EVERY
CAR,HONDA,6AA-RV5,JAPAN,PETROL/ELE,1496.0,KURUNEGALA,RECONDITIONED,1,6AA-RV5,VEZAL
CAR,SUZUKI,5BA-MH85S WAGON R,JAPAN,PETROL,656.0,KANDY,RECONDITIONED,8,5BA-MH85S,WAGON R
CAR,MAZDA,5AA-MJ95S FLAIR,JAPAN,PETROL/ELE,657.0,MATARA,RECONDITIONED,1,5AA-MJ95S,FLAIR
CAR,TOYOTA,3DA-FJA300W,JAPAN,DIESEL,3345.0,COLOMBO,RECONDITIONED,3,3DA-FJA300W,Unknown
CAR,SUZUKI,4AA-MH55S WAGON R,JAPAN,PETROL,658.0,JAFFNA,RECONDITIONED,3,4AA-MH55S,WAGON R
CAR,TOYOTA,6AA-MXPJ10 /YARIS,JAPAN,PETROL/ELE,1490.0,KALUTARA,RECONDITIONED,1,6AA-MXPJ10,/YARIS
CAR,TOYOTA,6AA-MXPJ10,JAPAN,PETROL/ELE,1496.0,GAMPAHA,RECONDITIONED,2,6AA-MXPJ10,/YARIS
CAR,HONDA,CR-V VTI L7,AUSTRALIA,PETROL,1498.0,KANDY,RECONDITIONED,1,CR-V,VTI L7
CAR,TOYOTA,5AA-A202A RAIZE,JAPAN,PETROL/ELE,1190.0,COLOMBO,RECONDITIONED,1,5AA-A202A,RAIZE
CAR,TOYOTA,5BA-KSP210,JAPAN,PETROL,996.0,JAFFNA,RECONDITIONED,1,5BA-KSP210,YARIS X
CAR,NISSAN,4AA-B45W DAYZ,JAPAN,PETROL,659.0,KURUNEGALA,RECONDITIONED,1,4AA-B45W,DAYZ
CAR,DAIHATSU,5BA-LA350S,JAPAN,PETROL,658.0,POLONNARUWA,RECONDITIONED,1,5BA-LA350S,MIRA  ES
CAR,DAIHATSU,3BA-A210S  ROCKY,JAPAN,PETROL,996.0,GAMPAHA,RECONDITIONED,1,3BA-A210S,ROCKY
CAR,SUZUKI,5AA- MH95S WAGON R,JAPAN,PETROL,658.0,MATARA,RECONDITIONED,1,,5AA- MH95S WAGON R
CAR,DAIHATSU,5BA-LA350S MIRA E.S,JAPAN,PETROL,658.0,MULLATIVU,RECONDITIONED,1,5BA-LA350S,MIRA E.S
CAR,TOYOTA,3BA-VJA300W,JAPAN,PETROL,3444.0,BADULLA,RECONDITIONED,1,3BA-VJA300W,Unknown
CAR,TOYOTA,5AA-A202A  RAIZE,JAPAN,PETROL/ELE,1196.0,COLOMBO,RECONDITIONED,1,5AA-A202A,RAIZE
CAR,TOYOTA,3BA-TRJ150 W-GKTEK-L,JAPAN,PETROL,2693.0,BATTICALOA,RECONDITIONED,1,3BA-TRJ150,W-GKTEK-L
CAR,TOYOTA,3BA-KSP210 YARIS,JAPAN,PETROL,996.0,KANDY,RECONDITIONED,1,3BA-KSP210,YARIS
CAR,TOYOTA,3BA-TRJ250W,JAPAN,PETROL,2696.0,GAMPAHA,RECONDITIONED,1,3BA-TRJ250W,Unknown
CAR,SUZUKI,3BA-DA17W,JAPAN,PETROL,658.0,GAMPAHA,RECONDITIONED,1,3BA-DA17W,EVERYWAGON
CAR,TOYOTA,3BA-TRJ150W,JAPAN,PETROL,2693.0,KANDY,RECONDITIONED,1,3BA-TRJ150W,TX-L
CAR,HONDA,6AA-RV5  VEZEL,JAPAN,PETROL/ELE,1496.0,TRINCOMALEE,RECONDITIONED,1,6AA-RV5,VEZEL
CAR,TOYOTA,6AA-AXUH85 HARRIER,JAPAN,PETROL/ELE,2487.0,COLOMBO,RECONDITIONED,1,6AA-AXUH85,HARRIER
CAR,TOYOTA,5BA-KSP210 YARIS X,JAPAN,PETROL,990.0,AMPARA,RECONDITIONED,1,5BA-KSP210,YARIS X
CAR,NISSAN,5BA-B43W DAYZ,JAPAN,PETROL,658.0,GAMPAHA,RECONDITIONED,3,5BA-B43W,DAYZ
CAR,TOYOTA,3BA-A210A RAIZE,JAPAN,PETROL,996.0,TRINCOMALEE,RECONDITIONED,1,3BA-A210A,RAIZE
CAR,SUZUKI,5BD-DA17V  EVERY,JAPAN,PETROL,650.0,GAMPAHA,RECONDITIONED,1,5BD-DA17V,EVERY
CAR,TOYOTA,3BA-VJA300W,JAPAN,PETROL,3440.0,MATALE,RECONDITIONED,1,3BA-VJA300W,Unknown
CAR,HONDA,6AA-RV5 VEZEL,JAPAN,PETROL/ELE,1498.0,GAMPAHA,RECONDITIONED,1,6AA-RV5,VEZEL
CAR,HONDA,VEZEL 6AA-RV 5,JAPAN,PETROL/ELE,1496.0,COLOMBO,RECONDITIONED,1,,VEZEL 6AA-RV 5
CAR,TOYOTA,VELOZ,THAILAND,PETROL,1496.0,COLOMBO,RECONDITIONED,1,,VELOZ
CAR,TOYOTA,6AA-ZWR90W,JAPAN,PETROL/ELE,1797.0,JAFFNA,RECONDITIONED,1,6AA-ZWR90W,NOAH
CAR,MERCEDES BENZ,5BA-247684M,JAPAN,PETROL,1332.0,COLOMBO,RECONDITIONED,1,5BA-247684M,GLB 180
CAR,PORSCHE,CAYMAN 718,UNITED KINGDOM,PETROL,1988.0,KALUTARA,RECONDITIONED,1,,CAYMAN 718
CAR,TOYOTA,6AA-MXPJ10 YARIS,JAPAN,PETROL/ELE,1496.0,AMPARA,RECONDITIONED,1,6AA-MXPJ10,YARIS
CAR,SUZUKI,5AA-MK94S SPACIA,JAPAN,PETROL/ELE,650.0,GAMPAHA,RECONDITIONED,1,5AA-MK94S,SPACIA
CAR,SUZUKI,4AA-MH55S WAGON R,JAPAN,PETROL,658.0,BADULLA,RECONDITIONED,1,4AA-MH55S,WAGON R
CAR,HONDA,6AA-RV5 VEZE,JAPAN,PETROL/ELE,1496.0,COLOMBO,RECONDITIONED,1,6AA-RV5,VEZE
CAR,TOYOTA,5AA-A202A RAIZE,JAPAN,PETROL/ELE,78.0,BATTICALOA,RECONDITIONED,1,5AA-A202A,RAIZE
CAR,TOYOTA,5BA-A201A,JAPAN,PETROL,1196.0,COLOMBO,RECONDITIONED,1,5BA-A201A,Unknown
CAR,TOYOTA,5BA-A201A RAIZE,JAPAN,PETROL,1196.0,MATARA,RECONDITIONED,2,5BA-A201A,RAIZE
CAR,SUZUKI,5AA-MK94S SPACIA,JAPAN,PETROL/ELE,657.0,COLOMBO,RECONDITIONED,1,5AA-MK94S,SPACIA
CAR,MERCEDES BENZ,GLB200,GERMANY,PETROL,1332.0,GAMPAHA,RECONDITIONED,1,,GLB200
CAR,TOYOTA,4BA-M900A  ROOMY,JAPAN,PETROL,996.0,KANDY,RECONDITIONED,1,4BA-M900A,ROOMY
CAR,TOYOTA,4BA-M900A ROOMY,JAPAN,PETROL,996.0,BATTICALOA,RECONDITIONED,1,4BA-M900A,ROOMY
CAR,TOYOTA,5AA-A202A RAIZE,JAPAN,ELECTRIC,78.0,COLOMBO,RECONDITIONED,1,5AA-A202A,RAIZE
CAR,NISSAN,ALMERA VL,THAILAND,PETROL,999.0,GAMPAHA,RECONDITIONED,1,,ALMERA VL
CAR,SUZUKI,4AA-MH55S WAGON R,JAPAN,PETROL,658.0,COLOMBO,RECONDITIONED,1,4AA-MH55S,WAGON R
CAR,TOYOTA,3BA -A210A,JAPAN,PETROL,996.0,GAMPAHA,RECONDITIONED,1,,3BA -A210A
CAR,TOYOTA,5BA-A201A RAIZE,JAPAN,PETROL,1196.0,HAMBANTOTA,RECONDITIONED,1,5BA-A201A,RAIZE
CAR,NISSAN,LEAF,JAPAN,ELECTRIC,80.0,COLOMBO,BOUGHT FROM AUCTION,1,,LEAF
CAR,BYD,ATTO3-ADVANCED,CHINA,ELECTRIC,100.0,COLOMBO,BRAND NEW,118,ATTO3-ADVANCED,Unknown
CAR,PERODUA,BEZZA,MALAYSIA,PETROL,990.0,COLOMBO,BRAND NEW,1,,BEZZA
CAR,TATA,CURVV,INDIA,PETROL,1199.0,COLOMBO,BRAND NEW,5,,CURVV
CAR,BYD,ATTO-3-SUPERIOR,CHINA,ELECTRIC,100.0,KANDY,BRAND NEW,13,ATTO-3-SUPERIOR,Unknown
CAR,BYD,ATTO-3-SUPERIOR,CHINA,ELECTRIC,100.0,GAMPAHA,BRAND NEW,36,ATTO-3-SUPERIOR,Unknown
CAR,PERODUA,AXIA-CG1SZ,MALAYSIA,PETROL,998.0,GAMPAHA,BRAND NEW,2,AXIA-CG1SZ,Unknown
CAR,TOYOTA,A250RA-GBVV RAIZE,INDONESIA,PETROL,998.0,KALUTARA,BRAND NEW,1,,A250RA-GBVV RAIZE
CAR,TOYOTA,RAV4,JAPAN,PETROL,1987.0,COLOMBO,BRAND NEW,1,,RAV4
CAR,PERODUA,BEZZA,MALAYSIA,PETROL,998.0,MATARA,BRAND NEW,3,,BEZZA
CAR,KIA,STONIC,SOUTH KOREA,PETROL,998.0,GAMPAHA,BRAND NEW,3,,STONIC
CAR,TATA,PUNCH EV,INDIA,ELECTRIC,90.0,COLOMBO,BRAND NEW,2,,PUNCH EV
CAR,PERODUA,BEZZA,MALAYSIA,PETROL,998.0,MATALE,BRAND NEW,1,,BEZZA
CAR,TOYOTA,A250RA-GBVV RAIZE,INDONESIA,PETROL,998.0,GALLE,BRAND NEW,1,,A250RA-GBVV RAIZE
CAR,BYD,ATTO-3-SUPERIOR,CHINA,ELECTRIC,100.0,BATTICALOA,BRAND NEW,1,ATTO-3-SUPERIOR,Unknown
CAR,DFSK,GLORY I AUTO,SRI LANKA,PETROL,1498.0,KURUNEGALA,BRAND NEW-L/ASSEMBLE,1,,GLORY I AUTO
CAR,BAIC,X55 II LUXURY,SRI LANKA,PETROL,1498.0,PUTTALAM,BRAND NEW-L/ASSEMBLE,1,,X55 II LUXURY
CAR,SUZUKI,4AA-MN71S,JAPAN,PETROL,990.0,COLOMBO,RECONDITIONED,1,4AA-MN71S,X BEE
CAR,TOYOTA,VOXY,JAPAN,PETROL/ELE,1797.0,COLOMBO,RECONDITIONED,1,,VOXY
CAR,NISSAN,4AA-B45A ROOX,JAPAN,PETROL,658.0,KANDY,RECONDITIONED,1,4AA-B45A,ROOX
CAR,TOYOTA,5AA-A202A RAIZE,JAPAN,PETROL/ELE,78.0,GAMPAHA,RECONDITIONED,19,5AA-A202A,RAIZE
CAR,DAIHATSU,5BA-A201S,JAPAN,PETROL,1196.0,GAMPAHA,RECONDITIONED,1,5BA-A201S,Unknown
CAR,NISSAN,5BA-B43W  DAYZ,JAPAN,PETROL,658.0,KALUTARA,RECONDITIONED,1,5BA-B43W,DAYZ
CAR,LAND ROVER,3CA-LE72WA,JAPAN,DIESEL,2990.0,MATARA,RECONDITIONED,1,3CA-LE72WA,Unknown
CAR,DAIHATSU,5BA-LA350S MIRA E.S,JAPAN,PETROL,658.0,JAFFNA,RECONDITIONED,1,5BA-LA350S,MIRA E.S
CAR,LEXUS,6AA-MAYH10,JAPAN,PETROL/ELE,1490.0,COLOMBO,RECONDITIONED,1,6AA-MAYH10,LBX RELAX
CAR,TOYOTA,3DA-FJA300W,JAPAN,DIESEL,3345.0,MATARA,RECONDITIONED,2,3DA-FJA300W,Unknown
CAR,B.M.W.,X5 XDRIVE 50E,GERMANY,PETROL/ELE,2998.0,COLOMBO,RECONDITIONED,1,,X5 XDRIVE 50E
CAR,TOYOTA,6AA-ZWR90W NOAH,JAPAN,PETROL/ELE,1797.0,KANDY,RECONDITIONED,1,6AA-ZWR90W,NOAH
CAR,TOYOTA,3BA-VJA300W,JAPAN,PETROL,3346.0,COLOMBO,RECONDITIONED,1,3BA-VJA300W,Unknown
CAR,NISSAN,6AA-FE13 NOTE AURA,JAPAN,PETROL/ELE,100.0,GALLE,RECONDITIONED,1,6AA-FE13,NOTE AURA
CAR,TOYOTA,5AA-A202A RAIZE,JAPAN,PETROL/ELE,1196.0,GAMPAHA,RECONDITIONED,7,5AA-A202A,RAIZE
CAR,TOYOTA,6AA-MXPJ10 YARIS,JAPAN,PETROL/ELE,1490.0,MATALE,RECONDITIONED,2,6AA-MXPJ10,YARIS
CAR,TOYOTA,5BA KSP210  YARIS,JAPAN,PETROL,996.0,KALUTARA,RECONDITIONED,1,,5BA KSP210  YARIS
CAR,TOYOTA,3BA-NGX50 CH-R,JAPAN,PETROL,1196.0,GALLE,RECONDITIONED,1,3BA-NGX50,CH-R
CAR,SUZUKI,5AA-MR92S HUSTLER,JAPAN,PETROL/ELE,658.0,KURUNEGALA,RECONDITIONED,2,5AA-MR92S,HUSTLER
CAR,SUZUKI,5BA-MH85S WAGON R,JAPAN,PETROL,657.0,KALUTARA,RECONDITIONED,1,5BA-MH85S,WAGON R
CAR,SUZUKI,5AA-HA97S ALTO,JAPAN,PETROL,658.0,POLONNARUWA,RECONDITIONED,1,5AA-HA97S,ALTO
CAR,DAIHATSU,5BA-LA650S TANTO,JAPAN,PETROL,658.0,KANDY,RECONDITIONED,1,5BA-LA650S,TANTO
CAR,SUZUKI,3BA-DA17W,JAPAN,PETROL,658.0,KANDY,RECONDITIONED,3,3BA-DA17W,EVERYWAGON
CAR,SUZUKI,4AA-MH55S WAGON R,JAPAN,PETROL/ELE,656.0,MATALE,RECONDITIONED,1,4AA-MH55S,WAGON R
CAR,SUZUKI,5AA-MR92S HUSTLER,JAPAN,PETROL/ELE,658.0,COLOMBO,RECONDITIONED,4,5AA-MR92S,HUSTLER
CAR,SUZUKI,5AA- MH95S WAGON R,JAPAN,PETROL/ELE,658.0,MATALE,RECONDITIONED,1,,5AA- MH95S WAGON R
CAR,TOYOTA,6AA-NKE165  COROLLA,JAPAN,PETROL/ELE,1496.0,KALUTARA,RECONDITIONED,1,6AA-NKE165,COROLLA
CAR,TOYOTA,6AA AAHH40W  ALPHARD,JAPAN,PETROL/ELE,2487.0,COLOMBO,RECONDITIONED,1,,6AA AAHH40W  ALPHARD
CAR,TOYOTA,3BA-TRJ250W PRADO,JAPAN,PETROL,2693.0,COLOMBO,RECONDITIONED,1,3BA-TRJ250W,PRADO
CAR,HONDA,CR-V VTI L7,AUSTRALIA,PETROL,1498.0,GAMPAHA,RECONDITIONED,1,CR-V,VTI L7
CAR,TOYOTA,5AA-A202A  RAIZE,JAPAN,PETROL/ELE,78.0,GALLE,RECONDITIONED,1,5AA-A202A,RAIZE
CAR,DAIHATSU,5BA-LA350 MIRA,JAPAN,PETROL,658.0,GAMPAHA,RECONDITIONED,1,5BA-LA350,MIRA
CAR,DAIHATSU,5BA-LA350S MIRA E.S,JAPAN,PETROL,658.0,GALLE,RECONDITIONED,1,5BA-LA350S,MIRA E.S
CAR,SUZUKI,5AA-MR92S HUSTLER,JAPAN,PETROL,658.0,KALUTARA,RECONDITIONED,2,5AA-MR92S,HUSTLER
CAR,SUZUKI,3BA-DA17W EVERY,JAPAN,PETROL,658.0,KURUNEGALA,RECONDITIONED,1,3BA-DA17W,EVERY
CAR,TOYOTA,5BA-MXPB10 YARIS,JAPAN,PETROL,1490.0,KANDY,RECONDITIONED,1,5BA-MXPB10,YARIS
CAR,TOYOTA,5AA-A202A RAIZE,JAPAN,PETROL/ELE,78.0,KURUNEGALA,RECONDITIONED,3,5AA-A202A,RAIZE
CAR,TOYOTA,5BA-A201A RAIZE,JAPAN,PETROL,1196.0,KEGALLE,RECONDITIONED,2,5BA-A201A,RAIZE
CAR,SUZUKI,5AA-MK94S SPACIA,JAPAN,PETROL,657.0,GAMPAHA,RECONDITIONED,1,5AA-MK94S,SPACIA
CAR,HONDA,CR-V,AUSTRALIA,PETROL,1498.0,COLOMBO,RECONDITIONED,1,CR-V,50
CAR,TOYOTA,6AA-MXPJ10 YARIS,JAPAN,PETROL/ELE,1496.0,BADULLA,RECONDITIONED,1,6AA-MXPJ10,YARIS
CAR,SUZUKI,5AA-MK94S SPACIA,JAPAN,PETROL,658.0,TRINCOMALEE,RECONDITIONED,1,5AA-MK94S,SPACIA
CAR,MITSUBISHI,5BA-B33W EK WAGON,JAPAN,PETROL,659.0,ANURADHAPURA,RECONDITIONED,1,5BA-B33W,EK WAGON
CAR,HONDA,6AA-RV5,JAPAN,PETROL/ELE,1496.0,COLOMBO,RECONDITIONED,2,6AA-RV5,VEZAL
CAR,SUZUKI,5AA-MH95S WAGON R,JAPAN,PETROL/ELE,657.0,POLONNARUWA,RECONDITIONED,1,5AA-MH95S,WAGON R
CAR,LEXUS,3BA-VJA310W,JAPAN,PETROL,3440.0,COLOMBO,RECONDITIONED,1,3BA-VJA310W,LX600
CAR,TOYOTA,3BA-A210A   RAIZE,JAPAN,PETROL,996.0,KALUTARA,RECONDITIONED,1,3BA-A210A,RAIZE
CAR,SUZUKI,5BA-MH85S WAGON R,JAPAN,PETROL,656.0,TRINCOMALEE,RECONDITIONED,1,5BA-MH85S,WAGON R
CAR,SUZUKI,5BD-DA17V EVERY,JAPAN,PETROL,658.0,POLONNARUWA,RECONDITIONED,2,5BD-DA17V,EVERY
CAR,LEXUS,6AA-MAYH10 LBX RELAX,JAPAN,PETROL/ELE,1490.0,COLOMBO,RECONDITIONED,1,6AA-MAYH10,LBX RELAX
CAR,TOYOTA,6AA-MXPJ10,JAPAN,PETROL/ELE,1490.0,KURUNEGALA,RECONDITIONED,1,6AA-MXPJ10,/YARIS
CAR,HONDA,CR-V VTI L7,AUSTRALIA,PETROL,1498.0,COLOMBO,RECONDITIONED,2,CR-V,VTI L7
CAR,TOYOTA, 5BA-KSP210   YARIS,JAPAN,PETROL,996.0,GALLE,RECONDITIONED,1,5BA-KSP210,YARIS
CAR,TOYOTA,YARIS 5BA-KSP210,JAPAN,PETROL,996.0,GAMPAHA,RECONDITIONED,1,,YARIS 5BA-KSP210
CAR,SUZUKI,5AA-MK94S,JAPAN,PETROL/ELE,657.0,COLOMBO,RECONDITIONED,1,5AA-MK94S,Unknown
CAR,TOYOTA,5AA-A202A RAIZE,JAPAN,PETROL/ELE,78.0,JAFFNA,RECONDITIONED,2,5AA-A202A,RAIZE
CAR,SUZUKI,4AA-MR52S HUSTLER,JAPAN,PETROL,658.0,KALUTARA,RECONDITIONED,1,4AA-MR52S,HUSTLER
CAR,HONDA,CITY,THAILAND,PETROL,988.0,POLONNARUWA,RECONDITIONED,1,,CITY
CAR,HONDA,6AA-RVS VEZEL,JAPAN,PETROL/ELE,1496.0,COLOMBO,RECONDITIONED,1,6AA-RVS,VEZEL
CAR,TOYOTA,6AA-MXPJ10 YARIS,JAPAN,PETROL/ELE,1490.0,BATTICALOA,RECONDITIONED,2,6AA-MXPJ10,YARIS
CAR,TOYOTA,3BA-VJA 300W,JAPAN,PETROL,3440.0,COLOMBO,RECONDITIONED,1,3BA-VJA,300W
CAR,TOYOTA,5BA-M900A  ROOMY,JAPAN,PETROL,996.0,PUTTALAM,RECONDITIONED,1,5BA-M900A,ROOMY
CAR,HONDA,6AA-RV5  VEZAL,JAPAN,PETROL/ELE,1496.0,KANDY,RECONDITIONED,1,6AA-RV5,VEZAL
CAR,DAIHATSU,5BA-LA550S  MIRA,JAPAN,PETROL,658.0,KANDY,RECONDITIONED,1,5BA-LA550S,MIRA
CAR,HONDA,6AA-RV6 VEZEL,JAPAN,PETROL/ELE,1496.0,KANDY,RECONDITIONED,1,6AA-RV6,VEZEL
CAR,SUZUKI,3BA-DA17W EVERY,JAPAN,PETROL,658.0,GALLE,RECONDITIONED,2,3BA-DA17W,EVERY
CAR,TOYOTA,6BA-MXAA54 RAV4,JAPAN,PETROL,1986.0,MATARA,RECONDITIONED,1,6BA-MXAA54,RAV4
CAR,SUZUKI,4AA-MH55S WAGON R,JAPAN,PETROL/ELE,657.0,TRINCOMALEE,RECONDITIONED,1,4AA-MH55S,WAGON R
CAR,HONDA,6BA-JH3 N- WGN,JAPAN,PETROL,658.0,KANDY,RECONDITIONED,1,6BA-JH3,N- WGN
CAR,HONDA,6AA-RV5,JAPAN,PETROL/ELE,1496.0,NUWARA-ELIYA,RECONDITIONED,1,6AA-RV5,VEZAL
CAR,B.M.W.,530E M SPORT PHEV,GERMANY,PETROL/ELE,1998.0,KALUTARA,RECONDITIONED,1,,530E M SPORT PHEV
CAR,HONDA,6AA-RV5,JAPAN,PETROL/ELE,1496.0,AMPARA,RECONDITIONED,1,6AA-RV5,VEZAL
CAR,TOYOTA,5BA-A201A RAIZE,JAPAN,PETROL,1196.0,PUTTALAM,RECONDITIONED,1,5BA-A201A,RAIZE
CAR,TOYOTA,3BA-TRJ250W,JAPAN,PETROL,2693.0,NUWARA-ELIYA,RECONDITIONED,1,3BA-TRJ250W,Unknown
CAR,B.M.W.,3AA-12FJ20 523I,GERMANY,PETROL,1990.0,COLOMBO,RECONDITIONED,1,3AA-12FJ20,523I
CAR,DAIHATSU,5BA-LA350S MIRA E.S,JAPAN,PETROL,658.0,MONERAGALA,RECONDITIONED,1,5BA-LA350S,MIRA E.S
CAR,SUZUKI,5AA-MH95S,JAPAN,PETROL,658.0,JAFFNA,RECONDITIONED,1,5AA-MH95S,WAGON 4
CAR,SUZUKI,4AA-MH55S WAGON R,JAPAN,PETROL/ELE,658.0,KANDY,RECONDITIONED,1,4AA-MH55S,WAGON R
CAR,HONDA,6AA-RV5-VEZEL,JAPAN,PETROL/ELE,1496.0,POLONNARUWA,RECONDITIONED,1,6AA-RV5-VEZEL,Unknown
CAR,TOYOTA,3BA-VJA300W,JAPAN,PETROL,3444.0,TRINCOMALEE,RECONDITIONED,1,3BA-VJA300W,Unknown
CAR,HONDA,CR-V VTILX,THAILAND,PETROL,1498.0,COLOMBO,RECONDITIONED,1,CR-V,VTILX
CAR,TOYOTA,3BA A210A RAIZE,JAPAN,PETROL,996.0,COLOMBO,RECONDITIONED,1,,3BA A210A RAIZE
CAR,TOYOTA,C-HR  3BA- NGX10,JAPAN,PETROL,1196.0,COLOMBO,RECONDITIONED,1,,C-HR  3BA- NGX10
CAR,HONDA,VEZEL  6AA-RV5,JAPAN,PETROL/ELE,1496.0,COLOMBO,RECONDITIONED,1,,VEZEL  6AA-RV5
CAR,HONDA,CITY RS,THAILAND,PETROL,988.0,KEGALLE,RECONDITIONED,1,,CITY RS
CAR,TOYOTA,5BA-KSP210,JAPAN,PETROL,996.0,KEGALLE,RECONDITIONED,1,5BA-KSP210,YARIS X
CAR,TOYOTA,5BA-KSP210  YARIS,JAPAN,PETROL,996.0,JAFFNA,RECONDITIONED,1,5BA-KSP210,YARIS
CAR,LEXUS,6AA-MAYH10 LBX,JAPAN,PETROL/ELE,1490.0,GAMPAHA,RECONDITIONED,1,6AA-MAYH10,LBX
CAR,PERODUA,BEZZA,MALAYSIA,PETROL,999.0,GAMPAHA,BRAND NEW,4,,BEZZA
CAR,PERODUA,AXIA CG1GZ,MALAYSIA,PETROL,998.0,GAMPAHA,BRAND NEW,7,,AXIA CG1GZ
CAR,NISSAN,MAGNITE N-CONNECTA,INDIA,PETROL,999.0,GAMPAHA,BRAND NEW,3,,MAGNITE N-CONNECTA
CAR,BYD,ATTO-3-SUPERIOR,CHINA,ELECTRIC,100.0,KALUTARA,BRAND NEW,12,ATTO-3-SUPERIOR,Unknown
CAR,BYD,SEALION 6 SUPERIOR,CHINA,PETROL/ELE,1498.0,RATNAPURA,BRAND NEW,4,,SEALION 6 SUPERIOR
CAR,TOYOTA,GDJ250R-GNZLY,JAPAN,DIESEL,2755.0,COLOMBO,BRAND NEW,4,,GDJ250R-GNZLY
CAR,PERODUA,AXIA CG1GZ,MALAYSIA,PETROL,998.0,KANDY,BRAND NEW,2,,AXIA CG1GZ
CAR,TOYOTA,A250RA-GBVV RAIZE,INDONESIA,PETROL,998.0,POLONNARUWA,BRAND NEW,1,,A250RA-GBVV RAIZE
CAR,TATA,NEXON FEARLESS,INDIA,PETROL,1199.0,JAFFNA,BRAND NEW,1,,NEXON FEARLESS
CAR,BAIC,X55 II LUXURY,SRI LANKA,PETROL,1498.0,HAMBANTOTA,BRAND NEW-L/ASSEMBLE,1,,X55 II LUXURY
CAR,MAHINDRA,KUV100 NXT AMT,SRI LANKA,DIESEL,1198.0,COLOMBO,BRAND NEW-L/ASSEMBLE,2,,KUV100 NXT AMT
CAR,BAIC,X55 II LUXURY,SRI LANKA,PETROL,1498.0,JAFFNA,BRAND NEW-L/ASSEMBLE,1,,X55 II LUXURY
COMMERCIAL,TOYOTA,3DF-GDH223B HIACE,JAPAN,DIESEL,2754.0,GALLE,RECONDITIONED,2,3DF-GDH223B,HIACE
COMMERCIAL,TOYOTA,3DF-GDH223B LETNY,JAPAN,DIESEL,2754.0,KURUNEGALA,RECONDITIONED,1,3DF-GDH223B,LETNY
COMMERCIAL,TOYOTA,3DF-GDH223B HIACE,JAPAN,DIESEL,2754.0,COLOMBO,RECONDITIONED,5,3DF-GDH223B,HIACE
COMMERCIAL,TOYOTA,3DF-GDH223B HIACE,JAPAN,DIESEL,2754.0,JAFFNA,RECONDITIONED,3,3DF-GDH223B,HIACE
COMMERCIAL,TOYOTA,3DF-GDH223B HIACE,JAPAN,DIESEL,2754.0,MATALE,RECONDITIONED,1,3DF-GDH223B,HIACE
COMMERCIAL,TOYOTA,3DF-GDH223B HIACE,JAPAN,DIESEL,2750.0,KALUTARA,RECONDITIONED,1,3DF-GDH223B,HIACE
COMMERCIAL,TOYOTA,3DF-GDH223B LETNY,JAPAN,DIESEL,2754.0,PUTTALAM,RECONDITIONED,1,3DF-GDH223B,LETNY
COMMERCIAL,TOYOTA,3DF-GDH223B,JAPAN,DIESEL,2750.0,GAMPAHA,RECONDITIONED,1,3DF-GDH223B,LETNY
COMMERCIAL,TATA,LP407,INDIA,DIESEL,2956.0,HAMBANTOTA,BRAND NEW,3,,LP407
COMMERCIAL,YUTONG,ZK6907HC,CHINA,DIESEL,7520.0,COLOMBO,BRAND NEW,1,,ZK6907HC
COMMERCIAL,TOYOTA,COASTER XZB70R-ZGMNY,JAPAN,DIESEL,4009.0,GALLE,BRAND NEW,2,,COASTER XZB70R-ZGMNY
COMMERCIAL,LANKA ASHOK LEYLAND,VIKING,INDIA,DIESEL,6014.0,RATNAPURA,BRAND NEW,1,,VIKING
COMMERCIAL,TOYOTA,KDH223R-LEMDYT HIACE,JAPAN,DIESEL,2982.0,COLOMBO,BRAND NEW,3,,KDH223R-LEMDYT HIACE
COMMERCIAL,TOYOTA,XZB70R ZGMNY COASTER,JAPAN,DIESEL,4009.0,GALLE,BRAND NEW,4,,XZB70R ZGMNY COASTER
COMMERCIAL,LANKA ASHOK LEYLAND,VIKING,INDIA,DIESEL,6014.0,KALUTARA,BRAND NEW,1,,VIKING
COMMERCIAL,TATA,ULTRA PRIME LPO 11.6,INDIA,DIESEL,3300.0,RATNAPURA,BRAND NEW,1,,ULTRA PRIME LPO 11.6
COMMERCIAL,TATA,LP 712,INDIA,DIESEL,3783.0,COLOMBO,BRAND NEW,4,,LP 712
COMMERCIAL,LANKA ASHOK LEYLAND,LUXURA 12M,INDIA,DIESEL,6014.0,GALLE,BRAND NEW,2,,LUXURA 12M
COMMERCIAL,EICHER,10.75E STARLINE,INDIA,DIESEL,3298.0,COLOMBO,BRAND NEW,1,,10.75E STARLINE
COMMERCIAL,TATA,LP407,INDIA,DIESEL,2956.0,PUTTALAM,BRAND NEW,1,,LP407
COMMERCIAL,TOYOTA,KDH223R-LEMDYT HIACE,JAPAN,DIESEL,2982.0,KANDY,BRAND NEW,1,,KDH223R-LEMDYT HIACE
COMMERCIAL,TATA,ULTRA PRIME LPO 11.6,INDIA,DIESEL,3300.0,GALLE,BRAND NEW,1,,ULTRA PRIME LPO 11.6
COMMERCIAL,TOYOTA,HICE GDH322R EDTDY,JAPAN,DIESEL,2755.0,COLOMBO,BRAND NEW,1,,HICE GDH322R EDTDY
COMMERCIAL,TOYOTA,COMMUTR,THAILAND,DIESEL,2577.0,COLOMBO,RECONDITIONED,1,,COMMUTR
COMMERCIAL,TOYOTA,3DF-GDH223B HIACE,JAPAN,DIESEL,2754.0,GAMPAHA,RECONDITIONED,1,3DF-GDH223B,HIACE
COMMERCIAL,TOYOTA,3DF GDH223B LETNY,JAPAN,DIESEL,2754.0,COLOMBO,RECONDITIONED,1,,3DF GDH223B LETNY
COMMERCIAL,TOYOTA,XZB70R ZGMNY COASTER,JAPAN,DIESEL,4009.0,COLOMBO,BRAND NEW,7,,XZB70R ZGMNY COASTER
COMMERCIAL,TOYOTA,KDH223R-LEMDYT HIACE,JAPAN,DIESEL,2982.0,GAMPAHA,BRAND NEW,5,,KDH223R-LEMDYT HIACE
COMMERCIAL,TOYOTA,XZB70R ZGMNY COASTER,JAPAN,DIESEL,4009.0,AMPARA,BRAND NEW,1,,XZB70R ZGMNY COASTER
COMMERCIAL,TOYOTA,3DF-GDH223B LETNY,JAPAN,DIESEL,2754.0,MATARA,RECONDITIONED,1,3DF-GDH223B,LETNY
COMMERCIAL,TOYOTA,XZB70R ZGMNY COASTER,JAPAN,DIESEL,4009.0,BADULLA,BRAND NEW,1,,XZB70R ZGMNY COASTER
COMMERCIAL,LANKA ASHOK LEYLAND,VIKING,INDIA,DIESEL,6014.0,HAMBANTOTA,BRAND NEW,1,,VIKING
COMMERCIAL,YUTONG,ZK6117HQ,CHINA,DIESEL,8424.0,COLOMBO,BRAND NEW,1,,ZK6117HQ
COMMERCIAL,TOYOTA,GDH301R-GDTDY HIACE,JAPAN,DIESEL,2755.0,COLOMBO,BRAND NEW,2,,GDH301R-GDTDY HIACE
COMMERCIAL,TOYOTA,GDH322R EDTDY HIACE,JAPAN,DIESEL,2755.0,COLOMBO,BRAND NEW,1,,GDH322R EDTDY HIACE
COMMERCIAL,MITSUBISHI,FUSO,JAPAN,DIESEL,2998.0,GAMPAHA,BRAND NEW,1,,FUSO
COMMERCIAL,TOYOTA,HIACE 3DF-GDH223B,JAPAN,DIESEL,2754.0,KANDY,RECONDITIONED,1,,HIACE 3DF-GDH223B
COMMERCIAL,TOYOTA,COMMUTER,THAILAND,DIESEL,2755.0,GAMPAHA,RECONDITIONED,1,,COMMUTER
COMMERCIAL,LANKA ASHOK LEYLAND,LUXURA 12M,INDIA,DIESEL,6014.0,MANNAR,BRAND NEW,1,,LUXURA 12M
COMMERCIAL,EICHER,10.75E STARLINE,INDIA,DIESEL,3298.0,GALLE,BRAND NEW,1,,10.75E STARLINE
COMMERCIAL,TOYOTA,3DF-GDH223B HIACE,JAPAN,DIESEL,2754.0,BADULLA,RECONDITIONED,1,3DF-GDH223B,HIACE
COMMERCIAL,LANKA ASHOK LEYLAND,VIKING,INDIA,DIESEL,6014.0,BADULLA,BRAND NEW,1,,VIKING
COMMERCIAL,TOYOTA,3DF-GDH223B HIACE,JAPAN,DIESEL,2750.0,COLOMBO,RECONDITIONED,1,3DF-GDH223B,HIACE
COMMERCIAL,TOYOTA,PDG-XZB40  COSTER,JAPAN,DIESEL,4000.0,GAMPAHA,RECONDITIONED,1,PDG-XZB40,COSTER
COMMERCIAL,TOYOTA,3DF-GDH223B HIACE,JAPAN,DIESEL,2750.0,HAMBANTOTA,RECONDITIONED,1,3DF-GDH223B,HIACE
COMMERCIAL,TOYOTA,3DF-GDH223B HIACE,JAPAN,DIESEL,2574.0,KURUNEGALA,RECONDITIONED,1,3DF-GDH223B,HIACE
COMMERCIAL,TOYOTA,3DF-DH223B   HIACE,JAPAN,DIESEL,2754.0,GAMPAHA,RECONDITIONED,1,3DF-DH223B,HIACE
COMMERCIAL,TOYOTA,HIACE GDH322R-EDTDY,JAPAN,DIESEL,2755.0,COLOMBO,BRAND NEW,1,,HIACE GDH322R-EDTDY
COMMERCIAL,TOYOTA,3DF-GDH223B HIACE,JAPAN,DIESEL,2754.0,KALUTARA,RECONDITIONED,2,3DF-GDH223B,HIACE
COMMERCIAL,LANKA ASHOK LEYLAND,LUXURA 12M,INDIA,DIESEL,6014.0,MATARA,BRAND NEW,2,,LUXURA 12M
COMMERCIAL,TOYOTA,GDH322R-EDTDY HIACE,JAPAN,DIESEL,2755.0,COLOMBO,BRAND NEW,27,,GDH322R-EDTDY HIACE
COMMERCIAL,TOYOTA,COMMUTER,THAILAND,DIESEL,2755.0,PUTTALAM,RECONDITIONED,1,,COMMUTER
COMMERCIAL,TOYOTA,3DF-GDH223B  HIACE,JAPAN,DIESEL,2754.0,RATNAPURA,RECONDITIONED,1,3DF-GDH223B,HIACE
COMMERCIAL,TOYOTA,XZB70R ZGMNY COASTER,JAPAN,DIESEL,4009.0,GAMPAHA,BRAND NEW,7,,XZB70R ZGMNY COASTER
COMMERCIAL,YUTONG,ZK6128H,CHINA,DIESEL,8424.0,COLOMBO,BRAND NEW,1,,ZK6128H
COMMERCIAL,TOYOTA,3DF-GDH223B HIACE,JAPAN,DIESEL,2754.0,HAMBANTOTA,RECONDITIONED,1,3DF-GDH223B,HIACE
COMMERCIAL,TOYOTA,KDH223R-LEMDYT HIACE,JAPAN,DIESEL,2982.0,JAFFNA,BRAND NEW,1,,KDH223R-LEMDYT HIACE
COMMERCIAL,TOYOTA,GDH322R-EDTDY,JAPAN,DIESEL,2755.0,COLOMBO,BRAND NEW,4,,GDH322R-EDTDY
COMMERCIAL,MITSUBISHI,FUSO ROSA,JAPAN,DIESEL,2998.0,GAMPAHA,BRAND NEW,2,,FUSO ROSA
COMMERCIAL,MITSUBISHI,FUSO ROSA,JAPAN,DIESEL,2998.0,KURUNEGALA,BRAND NEW,1,,FUSO ROSA
DUAL PURPOSE (COMMERCIAL),FORD,FORD RANGER RAPTOR,THAILAND,DIESEL,1966.0,GAMPAHA,RECONDITIONED,1,,FORD RANGER RAPTOR
DUAL PURPOSE (COMMERCIAL),TOYOTA,3DF-GUN125 HILUX,JAPAN,DIESEL,2393.0,GAMPAHA,RECONDITIONED,6,3DF-GUN125,HILUX
DUAL PURPOSE (COMMERCIAL),TOYOTA,3DF-GUN125 HILUX,THAILAND,DIESEL,2390.0,KURUNEGALA,RECONDITIONED,1,3DF-GUN125,HILUX
DUAL PURPOSE (COMMERCIAL),TOYOTA,3DF - GUN125 HILUX,THAILAND,DIESEL,2390.0,KALUTARA,RECONDITIONED,1,,3DF - GUN125 HILUX
DUAL PURPOSE (COMMERCIAL),TOYOTA,3DF-GUN125,THAILAND,DIESEL,2393.0,GAMPAHA,RECONDITIONED,1,3DF-GUN125,HILUX GR
DUAL PURPOSE (COMMERCIAL),TOYOTA,HILUX REVO GR SPORT,THAILAND,DIESEL,2755.0,KURUNEGALA,RECONDITIONED,8,,HILUX REVO GR SPORT
DUAL PURPOSE (COMMERCIAL),TOYOTA,3DF-GUN125 HILUX,THAILAND,DIESEL,2393.0,COLOMBO,RECONDITIONED,3,3DF-GUN125,HILUX
DUAL PURPOSE (COMMERCIAL),FORD,RANGER RAPTOR,THAILAND,DIESEL,1996.0,HAMBANTOTA,RECONDITIONED,1,,RANGER RAPTOR
DUAL PURPOSE (COMMERCIAL),TOYOTA,3DF-GUN125,JAPAN,DIESEL,2393.0,COLOMBO,RECONDITIONED,2,3DF-GUN125,HILUX GR
DUAL PURPOSE (COMMERCIAL),TOYOTA,HILUX REVO GR SPORT,THAILAND,DIESEL,2755.0,PUTTALAM,RECONDITIONED,6,,HILUX REVO GR SPORT
DUAL PURPOSE (COMMERCIAL),TOYOTA,HILUX REVO GR SPORT,THAILAND,DIESEL,2755.0,COLOMBO,RECONDITIONED,10,,HILUX REVO GR SPORT
DUAL PURPOSE (COMMERCIAL),FORD,RANGER RAPTOR,THAILAND,DIESEL,1996.0,GALLE,RECONDITIONED,1,,RANGER RAPTOR
DUAL PURPOSE (COMMERCIAL),TOYOTA,3DF-GUN125 HILUX,THAILAND,DIESEL,2390.0,NUWARA-ELIYA,RECONDITIONED,1,3DF-GUN125,HILUX
DUAL PURPOSE (COMMERCIAL),JEEP,GLADIATOR RUBICON,AUSTRALIA,PETROL,3604.0,COLOMBO,RECONDITIONED,2,,GLADIATOR RUBICON
DUAL PURPOSE (COMMERCIAL),TOYOTA,HILUX GR SPORT,THAILAND,DIESEL,2755.0,HAMBANTOTA,RECONDITIONED,2,,HILUX GR SPORT
DUAL PURPOSE (COMMERCIAL),TOYOTA,HILUX REVO,THAILAND,DIESEL,2755.0,GAMPAHA,RECONDITIONED,4,,HILUX REVO
DUAL PURPOSE (COMMERCIAL),TOYOTA,3DF-GUN125 HILUX,THAILAND,DIESEL,2393.0,GALLE,RECONDITIONED,2,3DF-GUN125,HILUX
DUAL PURPOSE (COMMERCIAL),TOYOTA,HILUX REVO,THAILAND,DIESEL,2393.0,COLOMBO,RECONDITIONED,1,,HILUX REVO
DUAL PURPOSE (COMMERCIAL),TOYOTA,3DF-GUN125 HILUX,JAPAN,DIESEL,2393.0,COLOMBO,RECONDITIONED,3,3DF-GUN125,HILUX
DUAL PURPOSE (COMMERCIAL),TOYOTA,HILUX REVO ROCCO,THAILAND,DIESEL,2755.0,ANURADHAPURA,RECONDITIONED,4,,HILUX REVO ROCCO
DUAL PURPOSE (COMMERCIAL),TOYOTA,3DF-GUN125 HILUX,THAILAND,DIESEL,2393.0,KALUTARA,RECONDITIONED,1,3DF-GUN125,HILUX
DUAL PURPOSE (COMMERCIAL),TOYOTA,HILUX GR SPORT,THAILAND,DIESEL,2755.0,KURUNEGALA,RECONDITIONED,1,,HILUX GR SPORT
DUAL PURPOSE (COMMERCIAL),TOYOTA,HILUX REVO ROCCO,THAILAND,DIESEL,2755.0,VAVUNIYA,RECONDITIONED,1,,HILUX REVO ROCCO
DUAL PURPOSE (COMMERCIAL),FORD,RAPTOR,THAILAND,DIESEL,1996.0,GAMPAHA,RECONDITIONED,1,,RAPTOR
DUAL PURPOSE (COMMERCIAL),TOYOTA,HILUX REVO,THAILAND,DIESEL,2755.0,KURUNEGALA,RECONDITIONED,2,,HILUX REVO
DUAL PURPOSE (COMMERCIAL),TOYOTA,HILUX GR SPORT,THAILAND,DIESEL,2755.0,COLOMBO,RECONDITIONED,2,,HILUX GR SPORT
DUAL PURPOSE (COMMERCIAL),FORD,RANGER RAPTOR,THAILAND,DIESEL,1996.0,COLOMBO,RECONDITIONED,13,,RANGER RAPTOR
DUAL PURPOSE (COMMERCIAL),FORD,RAPTOR RANGER,THAILAND,PETROL,2956.0,COLOMBO,RECONDITIONED,1,,RAPTOR RANGER
DUAL PURPOSE (COMMERCIAL),TOYOTA,REVO ROCCO,THAILAND,DIESEL,2755.0,COLOMBO,RECONDITIONED,1,,REVO ROCCO
DUAL PURPOSE (COMMERCIAL),TOYOTA,HILUX GR SPORT,THAILAND,DIESEL,2755.0,MATARA,RECONDITIONED,1,,HILUX GR SPORT
DUAL PURPOSE (COMMERCIAL),TOYOTA,HILUX REVO GR SPORT,THAILAND,DIESEL,2755.0,GAMPAHA,RECONDITIONED,6,,HILUX REVO GR SPORT
DUAL PURPOSE (COMMERCIAL),TOYOTA,HILUX REVO GR SPORT,THAILAND,DIESEL,2755.0,RATNAPURA,RECONDITIONED,2,,HILUX REVO GR SPORT
DUAL PURPOSE (COMMERCIAL),FORD,RANGER RAPTOR,THAILAND,DIESEL,1996.0,GAMPAHA,RECONDITIONED,7,,RANGER RAPTOR
DUAL PURPOSE (COMMERCIAL),TOYOTA,3DF-GUN125 HILUX,JAPAN,DIESEL,2390.0,KURUNEGALA,RECONDITIONED,1,3DF-GUN125,HILUX
DUAL PURPOSE (COMMERCIAL),FORD,RANGER,THAILAND,DIESEL,1996.0,MATARA,RECONDITIONED,2,,RANGER
DUAL PURPOSE (COMMERCIAL),TOYOTA,3DF-GUN125 HILUX,THAILAND,DIESEL,2393.0,GAMPAHA,RECONDITIONED,7,3DF-GUN125,HILUX
DUAL PURPOSE (COMMERCIAL),JEEP,GLADIATOR RUBICON,AUSTRALIA,PETROL,3604.0,KALUTARA,RECONDITIONED,1,,GLADIATOR RUBICON
DUAL PURPOSE (COMMERCIAL),FORD,RANGER RAPTOR,THAILAND,DIESEL,1996.0,KURUNEGALA,RECONDITIONED,2,,RANGER RAPTOR
DUAL PURPOSE (COMMERCIAL),TOYOTA,HILUX REVO ROCCO,THAILAND,DIESEL,2755.0,GAMPAHA,RECONDITIONED,4,,HILUX REVO ROCCO
DUAL PURPOSE (COMMERCIAL),MITSUBISHI,TRITON,AUSTRALIA,DIESEL,2399.0,PUTTALAM,RECONDITIONED,1,,TRITON
DUAL PURPOSE (COMMERCIAL),FORD,RANGER RAPTOR,THAILAND,DIESEL,1996.0,KEGALLE,RECONDITIONED,1,,RANGER RAPTOR
DUAL PURPOSE (COMMERCIAL),FORD,RANGER RAPTER,THAILAND,DIESEL,1966.0,GALLE,RECONDITIONED,1,,RANGER RAPTER
DUAL PURPOSE (COMMERCIAL),TOYOTA,HILUX REVO ROCCO,THAILAND,DIESEL,2755.0,PUTTALAM,RECONDITIONED,1,,HILUX REVO ROCCO
DUAL PURPOSE (COMMERCIAL),MITSUBISHI,TRITON,AUSTRALIA,DIESEL,2399.0,RATNAPURA,RECONDITIONED,1,,TRITON
DUAL PURPOSE (COMMERCIAL),TOYOTA,HILUX REVO ROCCO,THAILAND,DIESEL,2755.0,KALUTARA,RECONDITIONED,2,,HILUX REVO ROCCO
DUAL PURPOSE (COMMERCIAL),TOYOTA,HILUX REVO GR SPORT,THAILAND,DIESEL,2755.0,GALLE,RECONDITIONED,2,,HILUX REVO GR SPORT
DUAL PURPOSE (COMMERCIAL),TOYOTA,HILUX 2.8L,THAILAND,DIESEL,2755.0,COLOMBO,RECONDITIONED,2,,HILUX 2.8L
DUAL PURPOSE (COMMERCIAL),TOYOTA,TUNDRA,AUSTRALIA,PETROL,3445.0,COLOMBO,RECONDITIONED,1,,TUNDRA
DUAL PURPOSE (COMMERCIAL),FORD,RAPTOR 2.0L,THAILAND,DIESEL,1996.0,KALUTARA,RECONDITIONED,1,,RAPTOR 2.0L
DUAL PURPOSE (COMMERCIAL),TOYOTA,3DF-GUN125 HILUX,JAPAN,DIESEL,2393.0,TRINCOMALEE,RECONDITIONED,1,3DF-GUN125,HILUX
DUAL PURPOSE (COMMERCIAL),FORD,RANGER,THAILAND,PETROL,2956.0,GAMPAHA,RECONDITIONED,1,,RANGER
DUAL PURPOSE (COMMERCIAL),TOYOTA,3DF-GUN 125,THAILAND,DIESEL,2393.0,KEGALLE,RECONDITIONED,1,3DF-GUN,125
DUAL PURPOSE (COMMERCIAL),FORD,RAPTOR 2.0L,THAILAND,DIESEL,1996.0,POLONNARUWA,RECONDITIONED,1,,RAPTOR 2.0L
DUAL PURPOSE (COMMERCIAL),FORD,RANGER MS- RT,THAILAND,DIESEL,2993.0,PUTTALAM,RECONDITIONED,1,,RANGER MS- RT
DUAL PURPOSE (COMMERCIAL),JAC,HFC1037D3,CHINA,DIESEL,1999.0,GALLE,BRAND NEW,2,,HFC1037D3
DUAL PURPOSE (COMMERCIAL),BYD,SHARK 6,CHINA,PETROL/ELE,1498.0,COLOMBO,BRAND NEW,7,,SHARK 6
DUAL PURPOSE (COMMERCIAL),BYD,SHARK 6,CHINA,PETROL/ELE,1498.0,GAMPAHA,BRAND NEW,1,,SHARK 6
DUAL PURPOSE (COMMERCIAL),FORD,FORD RANGER RAPTOR,THAILAND,DIESEL,1966.0,MATALE,RECONDITIONED,1,,FORD RANGER RAPTOR
DUAL PURPOSE (COMMERCIAL),TOYOTA,HILUX REVO,THAILAND,DIESEL,2755.0,KANDY,RECONDITIONED,2,,HILUX REVO
DUAL PURPOSE (COMMERCIAL),TOYOTA,HILUX REVO ROCCO,THAILAND,DIESEL,2755.0,KANDY,RECONDITIONED,2,,HILUX REVO ROCCO
DUAL PURPOSE (COMMERCIAL),TOYOTA,HILUX GR SPORT 2.8L,THAILAND,DIESEL,2755.0,PUTTALAM,RECONDITIONED,1,,HILUX GR SPORT 2.8L
DUAL PURPOSE (COMMERCIAL),TMT, 3DF- GUN125 HILUX,JAPAN,DIESEL,2393.0,MATARA,RECONDITIONED,1,,3DF- GUN125 HILUX
DUAL PURPOSE (COMMERCIAL),TOYOTA,3DF-GUN125-HILUX,JAPAN,DIESEL,2390.0,KURUNEGALA,RECONDITIONED,1,3DF-GUN125-HILUX,Unknown
DUAL PURPOSE (COMMERCIAL),TMT,3DF-GUN125 HILUX,THAILAND,DIESEL,2393.0,COLOMBO,RECONDITIONED,1,3DF-GUN125,HILUX
DUAL PURPOSE (COMMERCIAL),FORD,MS-RT RANGER,THAILAND,DIESEL,2993.0,COLOMBO,RECONDITIONED,1,MS-RT,RANGER
DUAL PURPOSE (COMMERCIAL),FORD,FORD RANGER RAPTOR,THAILAND,DIESEL,1996.0,KANDY,RECONDITIONED,1,,FORD RANGER RAPTOR
DUAL PURPOSE (COMMERCIAL),TOYOTA,HILUX REVO GR SPORT,THAILAND,DIESEL,2755.0,POLONNARUWA,RECONDITIONED,1,,HILUX REVO GR SPORT
DUAL PURPOSE (COMMERCIAL),FORD,RANGER MSRT,THAILAND,DIESEL,2993.0,COLOMBO,RECONDITIONED,2,,RANGER MSRT
DUAL PURPOSE (COMMERCIAL),TOYOTA,3DF-GUN125 HILUX,JAPAN,DIESEL,2393.0,KURUNEGALA,RECONDITIONED,1,3DF-GUN125,HILUX
DUAL PURPOSE (COMMERCIAL),FORD,RANGER RAPTOR,THAILAND,DIESEL,1996.0,PUTTALAM,RECONDITIONED,1,,RANGER RAPTOR
DUAL PURPOSE (COMMERCIAL),TOYOTA,HILUX REVO ROCCO,THAILAND,DIESEL,2755.0,HAMBANTOTA,RECONDITIONED,1,,HILUX REVO ROCCO
DUAL PURPOSE (COMMERCIAL),JAC,HFC1037D3,CHINA,DIESEL,1999.0,COLOMBO,BRAND NEW,23,,HFC1037D3
DUAL PURPOSE (COMMERCIAL),JAC,HFC1037D3,CHINA,DIESEL,1999.0,KALUTARA,BRAND NEW,3,,HFC1037D3
DUAL PURPOSE (COMMERCIAL),TOYOTA,LITE ACE,INDONESIA,PETROL,1496.0,COLOMBO,BRAND NEW,1,,LITE ACE
DUAL PURPOSE (COMMERCIAL),J M C,VIGUS PRO,SRI LANKA,DIESEL,1998.0,COLOMBO,BRAND NEW-L/ASSEMBLE,5,,VIGUS PRO
DUAL PURPOSE (COMMERCIAL),TOYOTA,HILUX REVO GR SPORT,THAILAND,DIESEL,2800.0,JAFFNA,RECONDITIONED,1,,HILUX REVO GR SPORT
DUAL PURPOSE (COMMERCIAL),TOYOTA,HILUX ROCCO,THAILAND,DIESEL,2755.0,GAMPAHA,RECONDITIONED,1,,HILUX ROCCO
DUAL PURPOSE (COMMERCIAL),TOYOTA,HILUX REVO ROCCO,THAILAND,DIESEL,2755.0,MATARA,RECONDITIONED,1,,HILUX REVO ROCCO
DUAL PURPOSE (COMMERCIAL),TOYOTA,3DF-GUN125  GR SPORT,JAPAN,DIESEL,2393.0,KALUTARA,RECONDITIONED,1,3DF-GUN125,GR SPORT
DUAL PURPOSE (COMMERCIAL),TOYOTA,HILUX REVO GR SPORT,THAILAND,DIESEL,2800.0,MONERAGALA,RECONDITIONED,1,,HILUX REVO GR SPORT
DUAL PURPOSE (COMMERCIAL),FORD,RAPTOR,THAILAND,PETROL,2956.0,GAMPAHA,RECONDITIONED,1,,RAPTOR
DUAL PURPOSE (COMMERCIAL),TOYOTA,HILUX REVO GR SPORT,THAILAND,DIESEL,2755.0,KANDY,RECONDITIONED,1,,HILUX REVO GR SPORT
DUAL PURPOSE (COMMERCIAL),TOYOTA,HILUX REVO GR SPORT,THAILAND,DIESEL,2755.0,MATARA,RECONDITIONED,1,,HILUX REVO GR SPORT
DUAL PURPOSE (COMMERCIAL),TOYOTA,GUN126R-DTTHX  HILUX,THAILAND,DIESEL,2755.0,COLOMBO,BRAND NEW,1,,GUN126R-DTTHX  HILUX
DUAL PURPOSE (COMMERCIAL),J M C,VIGUS PRO,SRI LANKA,DIESEL,1998.0,GAMPAHA,BRAND NEW-L/ASSEMBLE,1,,VIGUS PRO
DUAL PURPOSE (COMMERCIAL),TOYOTA,HILUX REVO GR SPORT,THAILAND,DIESEL,2755.0,BADULLA,RECONDITIONED,1,,HILUX REVO GR SPORT
DUAL PURPOSE (COMMERCIAL),TOYOTA,3DF-GUN125 HILUX,JAPAN,DIESEL,2393.0,HAMBANTOTA,RECONDITIONED,1,3DF-GUN125,HILUX
DUAL PURPOSE (COMMERCIAL),FORD,RANGER RAPTEOR,THAILAND,PETROL,2956.0,COLOMBO,RECONDITIONED,1,,RANGER RAPTEOR
DUAL PURPOSE (COMMERCIAL),TOYOTA,3DF-GUN125 HILUX,JAPAN,DIESEL,2393.0,KANDY,RECONDITIONED,1,3DF-GUN125,HILUX
DUAL PURPOSE (COMMERCIAL),TOYOTA,HILUX REVO GR SPORT,THAILAND,DIESEL,2755.0,MONERAGALA,RECONDITIONED,1,,HILUX REVO GR SPORT
DUAL PURPOSE (COMMERCIAL),FORD,RAPTOR 2.OL,THAILAND,DIESEL,1996.0,COLOMBO,RECONDITIONED,1,,RAPTOR 2.OL
DUAL PURPOSE (COMMERCIAL),TOYOTA,REVO D-CAB GR SPORT,THAILAND,DIESEL,2755.0,COLOMBO,RECONDITIONED,1,,REVO D-CAB GR SPORT
DUAL PURPOSE (COMMERCIAL),TOYOTA,ROCCO,THAILAND,DIESEL,2755.0,ANURADHAPURA,RECONDITIONED,1,,ROCCO
DUAL PURPOSE (COMMERCIAL),TOYOTA,HILUX REVO,THAILAND,DIESEL,2755.0,KALUTARA,RECONDITIONED,1,,HILUX REVO
DUAL PURPOSE (COMMERCIAL),FORD,RANGER RAPTOR,THAILAND,DIESEL,1996.0,MATARA,BRAND NEW,1,,RANGER RAPTOR
DUAL PURPOSE (COMMERCIAL),FORD,RANGER RAPTOR,THAILAND,PETROL,2956.0,GAMPAHA,BRAND NEW,1,,RANGER RAPTOR
DUAL PURPOSE (COMMERCIAL),TOYOTA,HILUX REVO ROCCO,THAILAND,DIESEL,2755.0,MATALE,RECONDITIONED,1,,HILUX REVO ROCCO
DUAL PURPOSE (COMMERCIAL),FORD,RAPTOR,THAILAND,PETROL,2956.0,COLOMBO,RECONDITIONED,1,,RAPTOR
DUAL PURPOSE (COMMERCIAL),TOYOTA,3DF-GUN125 HILUX GR,THAILAND,DIESEL,2393.0,KANDY,RECONDITIONED,1,3DF-GUN125,HILUX GR
DUAL PURPOSE (COMMERCIAL),FORD,RANGER RAPTOR,THAILAND,DIESEL,1996.0,BATTICALOA,RECONDITIONED,1,,RANGER RAPTOR
DUAL PURPOSE (COMMERCIAL),NISSAN,HBD-DR17V,JAPAN,PETROL,658.0,COLOMBO,BOUGHT FROM AUCTION,1,HBD-DR17V,Unknown
DUAL PURPOSE (COMMERCIAL),J M C,VIGUS PRO,SRI LANKA,DIESEL,1998.0,RATNAPURA,BRAND NEW-L/ASSEMBLE,1,,VIGUS PRO
DUAL PURPOSE (COMMERCIAL),FORD,RANGER RAPTOR,THAILAND,PETROL,2956.0,COLOMBO,RECONDITIONED,5,,RANGER RAPTOR
DUAL PURPOSE (COMMERCIAL),TOYOTA,HILUX REVO,THAILAND,DIESEL,2755.0,COLOMBO,RECONDITIONED,4,,HILUX REVO
DUAL PURPOSE (COMMERCIAL),FORD,RANGER RAPTOR,THAILAND,DIESEL,1996.0,AMPARA,RECONDITIONED,2,,RANGER RAPTOR
DUAL PURPOSE (COMMERCIAL),TOYOTA,REVO GR SPORT,THAILAND,DIESEL,2755.0,KURUNEGALA,RECONDITIONED,1,,REVO GR SPORT
DUAL PURPOSE (COMMERCIAL),TOYOTA,HILUX REVO ROCCO,THAILAND,DIESEL,2755.0,AMPARA,RECONDITIONED,1,,HILUX REVO ROCCO
DUAL PURPOSE (COMMERCIAL),TOYOTA,HILUX GR SPORT,THAILAND,DIESEL,2755.0,GAMPAHA,RECONDITIONED,2,,HILUX GR SPORT
DUAL PURPOSE (COMMERCIAL),FORD,RAPTOR 2.0L,THAILAND,DIESEL,1996.0,KANDY,RECONDITIONED,1,,RAPTOR 2.0L
DUAL PURPOSE (COMMERCIAL),TOYOTA,HILUX GR SPORT 2.8 L,THAILAND,DIESEL,2755.0,HAMBANTOTA,RECONDITIONED,1,,HILUX GR SPORT 2.8 L
DUAL PURPOSE (COMMERCIAL),TOYOTA,3DF-GUN125 HILUX,JAPAN,DIESEL,2390.0,GAMPAHA,RECONDITIONED,1,3DF-GUN125,HILUX
DUAL PURPOSE (COMMERCIAL),TOYOTA,3DF-GUN125 HILUX,THAILAND,DIESEL,2390.0,GALLE,RECONDITIONED,1,3DF-GUN125,HILUX
DUAL PURPOSE (COMMERCIAL),JAC,HFC1037D3,CHINA,DIESEL,1999.0,GAMPAHA,BRAND NEW,1,,HFC1037D3
DUAL PURPOSE (COMMERCIAL),TOYOTA,3DF-GUN 125 HILUX,JAPAN,DIESEL,2390.0,GAMPAHA,RECONDITIONED,1,3DF-GUN,125 HILUX
DUAL PURPOSE (COMMERCIAL),TOYOTA,3DF-GUN125 HILUX,JAPAN,DIESEL,2393.0,GALLE,RECONDITIONED,1,3DF-GUN125,HILUX
DUAL PURPOSE (COMMERCIAL),TOYOTA,ROCCO REVO,THAILAND,DIESEL,2755.0,COLOMBO,RECONDITIONED,1,,ROCCO REVO
DUAL PURPOSE (COMMERCIAL),FORD,RANGER MS-RT,THAILAND,DIESEL,2993.0,COLOMBO,RECONDITIONED,3,,RANGER MS-RT
DUAL PURPOSE (COMMERCIAL),TOYOTA,REVO ROCCO,THAILAND,DIESEL,2755.0,ANURADHAPURA,RECONDITIONED,1,,REVO ROCCO
DUAL PURPOSE (COMMERCIAL),TOYOTA,HILUX REVO GR SPORT,THAILAND,DIESEL,2755.0,HAMBANTOTA,RECONDITIONED,1,,HILUX REVO GR SPORT
DUAL PURPOSE (COMMERCIAL),TOYOTA,HILUX  REVO GR SPORT,THAILAND,DIESEL,2755.0,KANDY,RECONDITIONED,1,,HILUX  REVO GR SPORT
DUAL PURPOSE (COMMERCIAL),TOYOTA,HILUX REVO ROCCO,THAILAND,DIESEL,2755.0,KURUNEGALA,RECONDITIONED,1,,HILUX REVO ROCCO
DUAL PURPOSE (COMMERCIAL),TOYOTA,3DF-GUN125 HILUX,JAPAN,DIESEL,2393.0,BATTICALOA,RECONDITIONED,1,3DF-GUN125,HILUX
DUAL PURPOSE (COMMERCIAL),MITSUBISHI,TRITON ATHELETE,THAILAND,DIESEL,2442.0,GAMPAHA,RECONDITIONED,1,,TRITON ATHELETE
DUAL PURPOSE (COMMERCIAL),JAC,HFC1037D3,CHINA,DIESEL,1999.0,PUTTALAM,BRAND NEW,1,,HFC1037D3
DUAL PURPOSE (COMMERCIAL),FORD,RANGER RAPTOR,THAILAND,DIESEL,1996.0,PUTTALAM,BRAND NEW,1,,RANGER RAPTOR
DUAL PURPOSE (COMMERCIAL),TOYOTA,REVO GR SPORT,THAILAND,DIESEL,2755.0,COLOMBO,RECONDITIONED,1,,REVO GR SPORT
DUAL PURPOSE (COMMERCIAL),TOYOTA,REVO ROCCO HILUX,THAILAND,DIESEL,2755.0,KURUNEGALA,RECONDITIONED,1,,REVO ROCCO HILUX
DUAL PURPOSE (COMMERCIAL),FORD,RAPTOR  2.0L,THAILAND,DIESEL,1996.0,KANDY,RECONDITIONED,1,,RAPTOR  2.0L
DUAL PURPOSE (COMMERCIAL),TOYOTA,REVO GR SPORT HILUX,THAILAND,DIESEL,2755.0,KEGALLE,RECONDITIONED,1,,REVO GR SPORT HILUX
DUAL PURPOSE (COMMERCIAL),FORD,RANGER RAPTOR,THAILAND,DIESEL,1996.0,KANDY,RECONDITIONED,1,,RANGER RAPTOR
DUAL PURPOSE (COMMERCIAL),FORD,RANGER MS-RT,THAILAND,DIESEL,2993.0,GAMPAHA,RECONDITIONED,1,,RANGER MS-RT
DUAL PURPOSE (COMMERCIAL),TOYOTA,3DF-GUN125 HILUX,JAPAN,DIESEL,2393.0,PUTTALAM,RECONDITIONED,1,3DF-GUN125,HILUX
DUAL PURPOSE (COMMERCIAL),TOYOTA,HILUX REVO GR SPORT,THAILAND,PETROL,2755.0,BATTICALOA,RECONDITIONED,1,,HILUX REVO GR SPORT
DUAL PURPOSE (COMMERCIAL),FORD,RANGER  MS-RT,THAILAND,DIESEL,2993.0,GALLE,RECONDITIONED,1,,RANGER  MS-RT
DUAL PURPOSE (COMMERCIAL),TOYOTA,HILUX REVO,THAILAND,DIESEL,2755.0,PUTTALAM,RECONDITIONED,1,,HILUX REVO
DUAL PURPOSE (COMMERCIAL),TOYOTA,REVO D-CAB GR SPORT,THAILAND,DIESEL,2755.0,PUTTALAM,RECONDITIONED,1,,REVO D-CAB GR SPORT
DUAL PURPOSE (COMMERCIAL),FORD,RANGER RAPTOR,THAILAND,DIESEL,1996.0,KALUTARA,RECONDITIONED,1,,RANGER RAPTOR
DUAL PURPOSE (COMMERCIAL),FORD,RANGER RAPTOR,THAILAND,PETROL,2956.0,COLOMBO,BRAND NEW,4,,RANGER RAPTOR
DUAL PURPOSE (COMMERCIAL),TOYOTA,GUN126R-DTTHX  HILUX,THAILAND,DIESEL,2755.0,GAMPAHA,BRAND NEW,1,,GUN126R-DTTHX  HILUX
DUAL PURPOSE (COMMERCIAL),FORD,RANGER -XLT,THAILAND,DIESEL,1996.0,COLOMBO,BRAND NEW,1,,RANGER -XLT
DUAL PURPOSE (COMMERCIAL),TOYOTA,HILUX REVO ROCCO,THAILAND,DIESEL,2800.0,KILINOCHCHI,RECONDITIONED,1,,HILUX REVO ROCCO
DUAL PURPOSE (COMMERCIAL),TOYOTA,HILUX REVO GR SPORT,THAILAND,DIESEL,2755.0,KALUTARA,RECONDITIONED,2,,HILUX REVO GR SPORT
DUAL PURPOSE (COMMERCIAL),TOYOTA,3DF-GUN125,THAILAND,DIESEL,2393.0,COLOMBO,RECONDITIONED,1,3DF-GUN125,HILUX GR
DUAL PURPOSE (COMMERCIAL),FORD,RANGER,THAILAND,PETROL,2993.0,COLOMBO,RECONDITIONED,1,,RANGER
DUAL PURPOSE (COMMERCIAL),FORD,RANGER RAPTOR,THAILAND,PETROL,2956.0,GAMPAHA,RECONDITIONED,2,,RANGER RAPTOR
DUAL PURPOSE (COMMERCIAL),TOYOTA,3DF GUN125 HILUX,JAPAN,DIESEL,2393.0,GAMPAHA,RECONDITIONED,1,,3DF GUN125 HILUX
DUAL PURPOSE (COMMERCIAL),TOYOTA,HILUX REVO ROCCO,THAILAND,DIESEL,2755.0,COLOMBO,RECONDITIONED,1,,HILUX REVO ROCCO
DUAL PURPOSE (COMMERCIAL),MITSUBISHI,3DF-LC2T,JAPAN,DIESEL,2439.0,COLOMBO,RECONDITIONED,1,3DF-LC2T,Unknown
DUAL PURPOSE (COMMERCIAL),TOYOTA,3DF-GUN125 HILUX,JAPAN,DIESEL,2390.0,KANDY,RECONDITIONED,1,3DF-GUN125,HILUX
DUAL PURPOSE (COMMERCIAL),TOYOTA,3DF-GUN125 HILUX,JAPAN,DIESEL,2390.0,POLONNARUWA,RECONDITIONED,1,3DF-GUN125,HILUX
DUAL PURPOSE (COMMERCIAL),TOYOTA,HILUX REVO ROCCO,THAILAND,DIESEL,2755.0,MULLATIVU,RECONDITIONED,1,,HILUX REVO ROCCO
DUAL PURPOSE (COMMERCIAL),TOYOTA,GUN126R REVO ROCCO,THAILAND,DIESEL,2755.0,KALUTARA,RECONDITIONED,1,,GUN126R REVO ROCCO
DUAL PURPOSE (COMMERCIAL),TOYOTA,3DF-GUN125,THAILAND,DIESEL,2393.0,KURUNEGALA,RECONDITIONED,1,3DF-GUN125,HILUX GR
DUAL PURPOSE (COMMERCIAL),FORD,RANGER RAPTOR,THAILAND,PETROL,2956.0,PUTTALAM,RECONDITIONED,1,,RANGER RAPTOR
DUAL PURPOSE (COMMERCIAL),TMT,3DF-GUN12S HILUS,JAPAN,DIESEL,2390.0,KURUNEGALA,RECONDITIONED,1,3DF-GUN12S,HILUS
DUAL PURPOSE (COMMERCIAL),FORD,RAPTOR 3.OL,THAILAND,PETROL,2956.0,KEGALLE,RECONDITIONED,1,,RAPTOR 3.OL
DUAL PURPOSE (COMMERCIAL),FORD,RAPTOR D-CAB 3.0L,THAILAND,PETROL,2956.0,KANDY,RECONDITIONED,1,,RAPTOR D-CAB 3.0L
DUAL PURPOSE (COMMERCIAL),TOYOTA,3DF-GUN125-HILUX,JAPAN,DIESEL,2396.0,GAMPAHA,RECONDITIONED,1,3DF-GUN125-HILUX,Unknown
DUAL PURPOSE (COMMERCIAL),FORD,RANGER RAPTOR,THAILAND,PETROL,2956.0,ANURADHAPURA,BRAND NEW,1,,RANGER RAPTOR
LAND VEHICLE,MASSEY FERGUSON,MF240,UNITED KINGDOM,DIESEL,2490.0,HAMBANTOTA,RECONDITIONED,1,,MF240
LAND VEHICLE,JOHN DEERE,5050D,INDIA,DIESEL,2940.0,ANURADHAPURA,BOUGHT FROM AUCTION,1,,5050D
LAND VEHICLE,NEW HOLLAND,3230 TX 2WD,INDIA,DIESEL,2700.0,KURUNEGALA,BRAND NEW,1,,3230 TX 2WD
LAND VEHICLE,MAHINDRA,YUVO TECH PLUS 575DI,INDIA,DIESEL,2979.0,POLONNARUWA,BRAND NEW,5,,YUVO TECH PLUS 575DI
LAND VEHICLE,TAFE,45DI,INDIA,DIESEL,2500.0,MANNAR,BRAND NEW,7,,45DI
LAND VEHICLE,TAFE,45DI,INDIA,DIESEL,2700.0,ANURADHAPURA,BRAND NEW,5,,45DI
LAND VEHICLE,TAFE,45DI,INDIA,DIESEL,2500.0,POLONNARUWA,BRAND NEW,5,,45DI
LAND VEHICLE,NEW HOLLAND,4710,INDIA,DIESEL,2700.0,ANURADHAPURA,BRAND NEW,3,,4710
LAND VEHICLE,PREET,2549 WD,INDIA,DIESEL,1854.0,PUTTALAM,BRAND NEW,1,,2549 WD
LAND VEHICLE,YANMAR,YM358R,THAILAND,DIESEL,3319.0,TRINCOMALEE,BRAND NEW,1,,YM358R
LAND VEHICLE,TAFE,45DI,INDIA,DIESEL,2500.0,PUTTALAM,BRAND NEW,1,,45DI
LAND VEHICLE,MASSEY FERGUSON,MF135,UNITED KINGDOM,DIESEL,2500.0,PUTTALAM,RECONDITIONED,1,,MF135
LAND VEHICLE,MAHINDRA,575 DI SP PLUS,INDIA,DIESEL,2979.0,ANURADHAPURA,BRAND NEW,2,,575 DI SP PLUS
LAND VEHICLE,ARBOS,P504-3,CHINA,DIESEL,2189.0,TRINCOMALEE,BRAND NEW,2,P504-3,Unknown
LAND VEHICLE,KUBOTA,L3408,JAPAN,DIESEL,1647.0,TRINCOMALEE,BRAND NEW,1,,L3408
LAND VEHICLE,MAHINDRA,YUVO TECH PLUS 585DI,INDIA,DIESEL,2979.0,MONERAGALA,BRAND NEW,1,,YUVO TECH PLUS 585DI
LAND VEHICLE,SOLIS,5020,INDIA,DIESEL,3067.0,VAVUNIYA,BRAND NEW,1,,5020
LAND VEHICLE,JOHN DEERE,5045D,INDIA,DIESEL,2940.0,ANURADHAPURA,BRAND NEW,7,,5045D
LAND VEHICLE,JOHN DEERE,5047D,INDIA,DIESEL,2940.0,MANNAR,BRAND NEW,1,,5047D
LAND VEHICLE,JOHN DEERE,5050D,INDIA,DIESEL,2940.0,MATALE,BRAND NEW,1,,5050D
LAND VEHICLE,JOHN DEERE,5047D,INDIA,DIESEL,2940.0,COLOMBO,BRAND NEW,1,,5047D
LAND VEHICLE,JOHN DEERE,5047D,INDIA,DIESEL,2940.0,POLONNARUWA,BRAND NEW,6,,5047D
LAND VEHICLE,E KUBOTA,EK3-471 4WD,INDIA,DIESEL,2761.0,ANURADHAPURA,BRAND NEW,1,EK3-471,4WD
LAND VEHICLE,TAFE,45DI,INDIA,DIESEL,2700.0,KANDY,BRAND NEW,1,,45DI
LAND VEHICLE,E KUBOTA,EK3-471 4WD,INDIA,DIESEL,2761.0,MANNAR,BRAND NEW,2,EK3-471,4WD
LAND VEHICLE,SWARAJ,855,INDIA,DIESEL,3478.2,VAVUNIYA,BRAND NEW,2,,855
LAND VEHICLE,JOHN DEERE,5047D,INDIA,DIESEL,2940.0,PUTTALAM,BRAND NEW,1,,5047D
LAND VEHICLE,JOHN DEERE,5045D,INDIA,DIESEL,2940.0,KURUNEGALA,BRAND NEW,2,,5045D
LAND VEHICLE,NEW HOLLAND,3230 TX 2WD,INDIA,DIESEL,2700.0,ANURADHAPURA,BRAND NEW,1,,3230 TX 2WD
LAND VEHICLE,TAFE,45DI,INDIA,DIESEL,2500.0,KURUNEGALA,BRAND NEW,4,,45DI
LAND VEHICLE,TAFE,45DI,INDIA,DIESEL,2500.0,KILINOCHCHI,BRAND NEW,2,,45DI
LAND VEHICLE,TAFE,45DI,INDIA,DIESEL,2700.0,KALUTARA,BRAND NEW,1,,45DI
LAND VEHICLE,KARTAR,GLOBETRAC 4736 4WD,INDIA,DIESEL,3117.0,ANURADHAPURA,BRAND NEW,1,,GLOBETRAC 4736 4WD
LAND VEHICLE,JOHN DEERE,5045D,INDIA,DIESEL,2940.0,MULLATIVU,BRAND NEW,2,,5045D
LAND VEHICLE,JOHN DEERE,5050D,INDIA,DIESEL,2940.0,MULLATIVU,BRAND NEW,1,,5050D
LAND VEHICLE,JOHN DEERE,5045D,INDIA,DIESEL,2940.0,BADULLA,BRAND NEW,1,,5045D
LAND VEHICLE,MAHINDRA,575 DI SP PLUS,INDIA,DIESEL,2979.0,JAFFNA,BRAND NEW,1,,575 DI SP PLUS
LAND VEHICLE,TAFE,45DI,INDIA,DIESEL,2700.0,POLONNARUWA,BRAND NEW,4,,45DI
LAND VEHICLE,ARBOS,P504-3,CHINA,DIESEL,2189.0,ANURADHAPURA,BRAND NEW,1,P504-3,Unknown
LAND VEHICLE,TAFE,7250.DI,INDIA,DIESEL,2500.0,POLONNARUWA,BRAND NEW,1,,7250.DI
LAND VEHICLE,JOHN DEERE,5047D,INDIA,DIESEL,2940.0,MONERAGALA,BRAND NEW,2,,5047D
LAND VEHICLE,MAHINDRA,YUVO TECH PLUS 575DI,INDIA,DIESEL,2979.0,VAVUNIYA,BRAND NEW,2,,YUVO TECH PLUS 575DI
LAND VEHICLE,TAFE,45DI,INDIA,DIESEL,2500.0,BATTICALOA,BRAND NEW,4,,45DI
LAND VEHICLE,JOHN DEERE,5045D,INDIA,DIESEL,2940.0,AMPARA,BRAND NEW,3,,5045D
LAND VEHICLE,JOHN DEERE,5045D,INDIA,DIESEL,2940.0,KANDY,BRAND NEW,2,,5045D
LAND VEHICLE,JOHN DEERE,5045D,INDIA,DIESEL,2940.0,POLONNARUWA,BRAND NEW,1,,5045D
LAND VEHICLE,JOHN DEERE,5047D,INDIA,DIESEL,2940.0,MATALE,BRAND NEW,1,,5047D
LAND VEHICLE,MASSEY FERGUSON,MF135,JAPAN,DIESEL,2500.0,KILINOCHCHI,RECONDITIONED,1,,MF135
LAND VEHICLE,MAHINDRA,YUVO TECH PLUS 575DI,INDIA,DIESEL,2979.0,ANURADHAPURA,BRAND NEW,5,,YUVO TECH PLUS 575DI
LAND VEHICLE,MAHINDRA,YUVO TECH PLUS 575DI,INDIA,DIESEL,2979.0,JAFFNA,BRAND NEW,5,,YUVO TECH PLUS 575DI
LAND VEHICLE,TAFE,45DI,INDIA,DIESEL,2500.0,TRINCOMALEE,BRAND NEW,18,,45DI
LAND VEHICLE,NEW HOLLAND,3230 TX 2WD,INDIA,DIESEL,2700.0,AMPARA,BRAND NEW,1,,3230 TX 2WD
LAND VEHICLE,KARTAR,GLOBETRAC 4736 4WD,INDIA,DIESEL,3117.0,BADULLA,BRAND NEW,1,,GLOBETRAC 4736 4WD
LAND VEHICLE,KARTAR,GLOBETRAC 4736 2WD,INDIA,DIESEL,3117.0,BATTICALOA,BRAND NEW,1,,GLOBETRAC 4736 2WD
LAND VEHICLE,SWARAJ,855,INDIA,DIESEL,3478.2,MONERAGALA,BRAND NEW,2,,855
LAND VEHICLE,TAFE,7250.DI,INDIA,DIESEL,2500.0,BATTICALOA,BRAND NEW,1,,7250.DI
LAND VEHICLE,SWARAJ,855,INDIA,DIESEL,3478.2,HAMBANTOTA,BRAND NEW,1,,855
LAND VEHICLE,YANMAR,YM358R,THAILAND,DIESEL,3319.0,KURUNEGALA,BRAND NEW,2,,YM358R
LAND VEHICLE,YANMAR,YM358R,THAILAND,DIESEL,3319.0,POLONNARUWA,BRAND NEW,1,,YM358R
LAND VEHICLE,JOHN DEERE,5050D,INDIA,DIESEL,2940.0,VAVUNIYA,BRAND NEW,2,,5050D
LAND VEHICLE,JOHN DEERE,5050D,INDIA,DIESEL,2940.0,ANURADHAPURA,BRAND NEW,1,,5050D
LAND VEHICLE,JOHN DEERE,5047D,INDIA,DIESEL,2940.0,TRINCOMALEE,BRAND NEW,1,,5047D
LAND VEHICLE,JOHN DEERE,5045D,INDIA,DIESEL,2940.0,MANNAR,BRAND NEW,1,,5045D
LAND VEHICLE,SONALIKA,DI50RX - 4WD,INDIA,DIESEL,3067.0,MONERAGALA,BRAND NEW,1,,DI50RX - 4WD
LAND VEHICLE,KARTAR,GLOBETRAC 4736 4WD,INDIA,DIESEL,3117.0,POLONNARUWA,BRAND NEW,1,,GLOBETRAC 4736 4WD
LAND VEHICLE,TAFE,45DI,INDIA,DIESEL,2700.0,AMPARA,BRAND NEW,3,,45DI
LAND VEHICLE,TAFE,45DI,INDIA,DIESEL,2500.0,JAFFNA,BRAND NEW,2,,45DI
LAND VEHICLE,E KUBOTA,EK3-471 4WD,INDIA,DIESEL,2761.0,HAMBANTOTA,BRAND NEW,1,EK3-471,4WD
LAND VEHICLE,E KUBOTA,EK3-471 4WD,INDIA,DIESEL,2761.0,POLONNARUWA,BRAND NEW,1,EK3-471,4WD
LAND VEHICLE,TAFE,45DI,INDIA,DIESEL,2700.0,MONERAGALA,BRAND NEW,1,,45DI
LAND VEHICLE,SONALIKA,DI50RX - 4WD,INDIA,DIESEL,3067.0,ANURADHAPURA,BRAND NEW,1,,DI50RX - 4WD
LAND VEHICLE,TAFE,45DI,INDIA,DIESEL,2700.0,HAMBANTOTA,BRAND NEW,4,,45DI
LAND VEHICLE,SOLIS,4520,INDIA,DIESEL,2893.0,MONERAGALA,BRAND NEW,1,,4520
LAND VEHICLE,MAHINDRA,YUVO TECH PLUS 585DI,INDIA,DIESEL,2979.0,BADULLA,BRAND NEW,1,,YUVO TECH PLUS 585DI
LAND VEHICLE,TAFE,9500,INDIA,DIESEL,2700.0,BATTICALOA,BRAND NEW,1,,9500
LAND VEHICLE,TAFE,7250.DI,INDIA,DIESEL,2500.0,KURUNEGALA,BRAND NEW,1,,7250.DI
LAND VEHICLE,JOHN DEERE,5050D,INDIA,DIESEL,2940.0,MANNAR,BRAND NEW,1,,5050D
LAND VEHICLE,JOHN DEERE,5045D,INDIA,DIESEL,2940.0,VAVUNIYA,BRAND NEW,2,,5045D
LAND VEHICLE,TAFE,45DI,INDIA,DIESEL,2500.0,ANURADHAPURA,BRAND NEW,3,,45DI
LAND VEHICLE,TAFE,45DI,INDIA,DIESEL,2500.0,MONERAGALA,BRAND NEW,1,,45DI
LAND VEHICLE,TAFE,45DI,INDIA,DIESEL,2500.0,MULLATIVU,BRAND NEW,3,,45DI
LAND VEHICLE,TAFE,45DI,INDIA,DIESEL,2500.0,AMPARA,BRAND NEW,5,,45DI
LAND VEHICLE,KARTAR,GLOBETRAC 4736 4WD,INDIA,DIESEL,3117.0,KURUNEGALA,BRAND NEW,2,,GLOBETRAC 4736 4WD
LAND VEHICLE,JOHN DEERE,5047D,INDIA,DIESEL,2940.0,MULLATIVU,BRAND NEW,3,,5047D
LAND VEHICLE,TAFE,45DI,INDIA,DIESEL,2700.0,VAVUNIYA,BRAND NEW,1,,45DI
LAND VEHICLE,TAFE,45DI,INDIA,DIESEL,2700.0,PUTTALAM,BRAND NEW,1,,45DI
LAND VEHICLE,SOLIS,5020,INDIA,DIESEL,3067.0,PUTTALAM,BRAND NEW,1,,5020
LAND VEHICLE,SOLIS,5020,INDIA,DIESEL,3067.0,MATALE,BRAND NEW,2,,5020
LAND VEHICLE,E KUBOTA,EK3-471 4WD,INDIA,DIESEL,2761.0,KANDY,BRAND NEW,1,EK3-471,4WD
LAND VEHICLE,TAFE,45DI,INDIA,DIESEL,2500.0,VAVUNIYA,BRAND NEW,1,,45DI
LAND VEHICLE,MASSEY FERGUSON,MF 135,UNITED KINGDOM,DIESEL,2000.0,JAFFNA,RECONDITIONED,1,,MF 135
LAND VEHICLE,ISEKI,TX 1500F,JAPAN,DIESEL,764.0,GAMPAHA,RECONDITIONED,1,,TX 1500F
LAND VEHICLE,NEW HOLLAND,3230 TX 2WD,INDIA,DIESEL,2700.0,MONERAGALA,BRAND NEW,2,,3230 TX 2WD
LAND VEHICLE,TAFE,45DI,INDIA,DIESEL,2700.0,KURUNEGALA,BRAND NEW,5,,45DI
LAND VEHICLE,TAFE,45DI,INDIA,DIESEL,2700.0,BATTICALOA,BRAND NEW,2,,45DI
LAND VEHICLE,ARBOS,P504-3,CHINA,DIESEL,2189.0,POLONNARUWA,BRAND NEW,1,P504-3,Unknown
LAND VEHICLE,SOLIS,5020,INDIA,DIESEL,3067.0,AMPARA,BRAND NEW,1,,5020
LAND VEHICLE,SOLIS,5020,INDIA,DIESEL,3067.0,TRINCOMALEE,BRAND NEW,1,,5020
LAND VEHICLE,TAFE,45DI,INDIA,DIESEL,2500.0,KANDY,BRAND NEW,1,,45DI
LAND VEHICLE,TAFE,45DI,INDIA,DIESEL,2700.0,TRINCOMALEE,BRAND NEW,1,,45DI
LAND VEHICLE,E KUBOTA,EK3-471 4WD,INDIA,DIESEL,2761.0,AMPARA,BRAND NEW,1,EK3-471,4WD
LAND VEHICLE,JOHN DEERE,5047D,INDIA,DIESEL,2940.0,VAVUNIYA,BRAND NEW,2,,5047D
LAND VEHICLE,NEW HOLLAND,3230 TX 2WD,INDIA,DIESEL,2700.0,BATTICALOA,BRAND NEW,1,,3230 TX 2WD
LAND VEHICLE,SWARAJ,855,INDIA,DIESEL,3478.2,BATTICALOA,BRAND NEW,1,,855
LAND VEHICLE,MAHINDRA,YUVO TECH PLUS 575DI,INDIA,DIESEL,2979.0,PUTTALAM,BRAND NEW,1,,YUVO TECH PLUS 575DI
LAND VEHICLE,TAFE,45DI,INDIA,DIESEL,2500.0,MATALE,BRAND NEW,1,,45DI
LAND VEHICLE,MAHINDRA,YUVO TECH PLUS 585DI,INDIA,DIESEL,2979.0,ANURADHAPURA,BRAND NEW,1,,YUVO TECH PLUS 585DI
LAND VEHICLE,KARTAR,GLOBETRAC 4736 4WD,INDIA,DIESEL,3117.0,TRINCOMALEE,BRAND NEW,1,,GLOBETRAC 4736 4WD
LAND VEHICLE,TAFE,7250.DI,INDIA,DIESEL,2500.0,MONERAGALA,BRAND NEW,1,,7250.DI
LAND VEHICLE,TAFE,7250.DI,INDIA,DIESEL,2500.0,PUTTALAM,BRAND NEW,1,,7250.DI
LAND VEHICLE,SWARAJ,855,INDIA,DIESEL,3478.2,AMPARA,BRAND NEW,1,,855
LAND VEHICLE,TAFE,45DI,INDIA,DIESEL,2700.0,RATNAPURA,BRAND NEW,1,,45DI
LAND VEHICLE,TAFE,7250.DI,INDIA,DIESEL,2500.0,KANDY,BRAND NEW,1,,7250.DI
LAND VEHICLE,SONALIKA,DI50RX - 4WD,INDIA,DIESEL,3067.0,POLONNARUWA,BRAND NEW,1,,DI50RX - 4WD
LAND VEHICLE,JOHN DEERE,5047D,INDIA,DIESEL,2940.0,BADULLA,BRAND NEW,1,,5047D
LAND VEHICLE,SONALIKA,DI50RX - 4WD,INDIA,DIESEL,3067.0,MATALE,BRAND NEW,1,,DI50RX - 4WD
LAND VEHICLE,SONALIKA,DI50RX - 4WD,INDIA,DIESEL,3067.0,POLONNARUWA,RECONDITIONED,1,,DI50RX - 4WD
LAND VEHICLE,JOHN DEERE,5047D,INDIA,DIESEL,2940.0,MULLATIVU,BOUGHT FROM AUCTION,1,,5047D
LAND VEHICLE,NEW HOLLAND,4710,INDIA,DIESEL,2700.0,POLONNARUWA,BRAND NEW,1,,4710
LAND VEHICLE,MAHINDRA,YUVO TECH PLUS 575DI,INDIA,DIESEL,2979.0,AMPARA,BRAND NEW,3,,YUVO TECH PLUS 575DI
LAND VEHICLE,MAHINDRA,YUVO TECH PLUS 575DI,INDIA,DIESEL,2979.0,COLOMBO,BRAND NEW,1,,YUVO TECH PLUS 575DI
LAND VEHICLE,MAHINDRA,YUVO TECH PLUS 585DI,INDIA,DIESEL,2979.0,AMPARA,BRAND NEW,3,,YUVO TECH PLUS 585DI
LAND VEHICLE,JOHN DEERE,5047D,INDIA,DIESEL,2940.0,AMPARA,BRAND NEW,4,,5047D
LAND VEHICLE,JOHN DEERE,5050D,INDIA,DIESEL,2940.0,POLONNARUWA,BRAND NEW,1,,5050D
LAND VEHICLE (SMALL),KUBOTA,K600,JAPAN,DIESEL,422.0,JAFFNA,RECONDITIONED,1,,K600
LAND VEHICLE (SMALL),KUBOTA,K600,JAPAN,DIESEL,422.0,MONERAGALA,RECONDITIONED,1,,K600
LAND VEHICLE (SMALL),KUBOTA,K8,JAPAN,DIESEL,465.0,HAMBANTOTA,RECONDITIONED,2,,K8
LAND VEHICLE (SMALL),KUBOTA,K600A,JAPAN,DIESEL,422.0,ANURADHAPURA,RECONDITIONED,2,,K600A
LAND VEHICLE (SMALL),KUBOTA,K7,JAPAN,DIESEL,401.0,HAMBANTOTA,RECONDITIONED,3,,K7
LAND VEHICLE (SMALL),KUBOTA,K600A,JAPAN,DIESEL,422.0,JAFFNA,RECONDITIONED,6,,K600A
LAND VEHICLE (SMALL),KUBOTA,K750,JAPAN,DIESEL,401.0,HAMBANTOTA,RECONDITIONED,1,,K750
LAND VEHICLE (SMALL),KUBOJA,K8,JAPAN,DIESEL,395.0,AMPARA,RECONDITIONED,1,,K8
LAND VEHICLE (SMALL),KUBOTA,K550,JAPAN,DIESEL,375.0,AMPARA,RECONDITIONED,1,,K550
LAND VEHICLE (SMALL),VIKYNO,RV125-2,VIETNAM,DIESEL,624.0,TRINCOMALEE,BRAND NEW,2,RV125-2,Unknown
LAND VEHICLE (SMALL),VIKYNO,RV80 - POWER TILLER,VIETNAM,DIESEL,443.0,PUTTALAM,BRAND NEW,2,,RV80 - POWER TILLER
LAND VEHICLE (SMALL),LAND FORCE,LF1100,THAILAND,DIESEL,312.0,BATTICALOA,BRAND NEW,1,,LF1100
LAND VEHICLE (SMALL),KUBOTA,SP 155,THAILAND,DIESEL,770.0,ANURADHAPURA,BRAND NEW,1,,SP 155
LAND VEHICLE (SMALL),KUBOTA,K600,JAPAN,DIESEL,422.0,MATALE,RECONDITIONED,1,,K600
LAND VEHICLE (SMALL),VIKYNO,RV125-2,VIETNAM,DIESEL,624.0,ANURADHAPURA,BOUGHT FROM AUCTION,1,RV125-2,Unknown
LAND VEHICLE (SMALL),FARM MASTER,RV125-2,CHINA,DIESEL,624.0,MONERAGALA,BRAND NEW,1,RV125-2,Unknown
LAND VEHICLE (SMALL),SIFANG,GN12DI,CHINA,DIESEL,815.0,PUTTALAM,BRAND NEW,2,,GN12DI
LAND VEHICLE (SMALL),VIKYNO,RV125-2,VIETNAM,DIESEL,624.0,MATALE,BRAND NEW,8,RV125-2,Unknown
LAND VEHICLE (SMALL),KUBOTA,K600A,JAPAN,DIESEL,422.0,MATALE,RECONDITIONED,1,,K600A
LAND VEHICLE (SMALL),KUBOTA,K600A,JAPAN,DIESEL,422.0,GAMPAHA,RECONDITIONED,1,,K600A
LAND VEHICLE (SMALL),YANMAR,YC 60,JAPAN,DIESEL,398.0,POLONNARUWA,RECONDITIONED,1,,YC 60
LAND VEHICLE (SMALL),KUBOTA,K550A,JAPAN,DIESEL,375.0,JAFFNA,RECONDITIONED,1,,K550A
LAND VEHICLE (SMALL),VIKYNO,RV125-2,VIETNAM,DIESEL,624.0,HAMBANTOTA,BRAND NEW,17,RV125-2,Unknown
LAND VEHICLE (SMALL),SIFANG,GN12DI,CHINA,DIESEL,815.0,AMPARA,BRAND NEW,1,,GN12DI
LAND VEHICLE (SMALL),NEW LION,RV125-2,CHINA,DIESEL,624.0,AMPARA,BRAND NEW,1,RV125-2,Unknown
LAND VEHICLE (SMALL),VOLTA,RT140,CHINA,DIESEL,739.0,POLONNARUWA,BRAND NEW,1,,RT140
LAND VEHICLE (SMALL),NUBOTA VIKYNO,RV125-2,VIETNAM,DIESEL,624.0,POLONNARUWA,BRAND NEW,1,RV125-2,Unknown
LAND VEHICLE (SMALL),KUBOTA,K7,JAPAN,DIESEL,395.0,POLONNARUWA,RECONDITIONED,1,,K7
LAND VEHICLE (SMALL),LAND FORCE,RK 125,THAILAND,DIESEL,624.0,PUTTALAM,BRAND NEW,1,,RK 125
LAND VEHICLE (SMALL),FARM MASTER,RV125-2,CHINA,DIESEL,624.0,HAMBANTOTA,BRAND NEW,1,RV125-2,Unknown
LAND VEHICLE (SMALL),NEW LION,RV125-2,CHINA,DIESEL,624.0,POLONNARUWA,BRAND NEW,3,RV125-2,Unknown
LAND VEHICLE (SMALL),KUBOTA,SP 155,THAILAND,DIESEL,770.0,JAFFNA,BRAND NEW,1,,SP 155
LAND VEHICLE (SMALL),KUBOTA,K550A,JAPAN,DIESEL,375.0,POLONNARUWA,RECONDITIONED,1,,K550A
LAND VEHICLE (SMALL),VIKYNO,RV125-2,VIETNAM,DIESEL,624.0,KURUNEGALA,BRAND NEW,2,RV125-2,Unknown
LAND VEHICLE (SMALL),VIKYNO,RV125-2,VIETNAM,DIESEL,624.0,POLONNARUWA,BRAND NEW,14,RV125-2,Unknown
LAND VEHICLE (SMALL),VIKYNO,RV125-2,VIETNAM,DIESEL,624.0,MATARA,BRAND NEW,1,RV125-2,Unknown
LAND VEHICLE (SMALL),LAND FORCE,RK80,THAILAND,DIESEL,416.0,ANURADHAPURA,BRAND NEW,1,,RK80
LAND VEHICLE (SMALL),SIFANG,GN12DI,CHINA,DIESEL,815.0,ANURADHAPURA,BRAND NEW,3,,GN12DI
LAND VEHICLE (SMALL),FARM MASTER,RV125-2,CHINA,DIESEL,624.0,PUTTALAM,BRAND NEW,1,RV125-2,Unknown
LAND VEHICLE (SMALL),KUBOTA,K600,JAPAN,DIESEL,422.0,TRINCOMALEE,RECONDITIONED,1,,K600
LAND VEHICLE (SMALL),VIKYNO,RV125-2,VIETNAM,DIESEL,624.0,ANURADHAPURA,BRAND NEW,5,RV125-2,Unknown
LAND VEHICLE (SMALL),FARM MASTER,RV125-2,CHINA,DIESEL,624.0,ANURADHAPURA,BRAND NEW,4,RV125-2,Unknown
LAND VEHICLE (SMALL),KUBOTA,K8,JAPAN,DIESEL,465.0,ANURADHAPURA,RECONDITIONED,1,,K8
LAND VEHICLE (SMALL),KUBOTA,K7,JAPAN,DIESEL,375.0,POLONNARUWA,RECONDITIONED,3,,K7
LAND VEHICLE (SMALL),KUBOTA,K600,JAPAN,DIESEL,422.0,POLONNARUWA,RECONDITIONED,1,,K600
LAND VEHICLE (SMALL),KUBOTA,K75,JAPAN,DIESEL,443.0,ANURADHAPURA,RECONDITIONED,1,,K75
LAND VEHICLE (SMALL),VIKYNO,RV125-2,VIETNAM,DIESEL,624.0,MONERAGALA,BRAND NEW,2,RV125-2,Unknown
LAND VEHICLE (SMALL),FARM MASTER,RV125-2,CHINA,DIESEL,624.0,BADULLA,BRAND NEW,1,RV125-2,Unknown
LAND VEHICLE (SMALL),KUBOTA,SP 155,THAILAND,DIESEL,770.0,PUTTALAM,BRAND NEW,2,,SP 155
LAND VEHICLE (SMALL),FARM MASTER,RV125-2,CHINA,DIESEL,624.0,POLONNARUWA,BRAND NEW,1,RV125-2,Unknown
LAND VEHICLE (SMALL),KUBOTA,SP 155,THAILAND,DIESEL,770.0,KURUNEGALA,BRAND NEW,1,,SP 155
LAND VEHICLE (SMALL),KUBOTA,K7,JAPAN,DIESEL,401.0,BADULLA,RECONDITIONED,1,,K7
LAND VEHICLE (SMALL),SIFANG,GN12DI,CHINA,DIESEL,815.0,KURUNEGALA,BRAND NEW,2,,GN12DI
LAND VEHICLE (SMALL),LAND FORCE,RK125,THAILAND,DIESEL,624.0,KURUNEGALA,BRAND NEW,1,,RK125
LAND VEHICLE (SMALL),KUBOTA,K550,JAPAN,DIESEL,375.0,JAFFNA,RECONDITIONED,1,,K550
LAND VEHICLE (SMALL),LAND FORCE,RK125,THAILAND,DIESEL,624.0,POLONNARUWA,BRAND NEW,1,,RK125
LAND VEHICLE (SMALL),NUBOTA VIKYNO,K80,VIETNAM,DIESEL,443.0,JAFFNA,BRAND NEW,1,,K80
LORRY TRAILER/BOWSER,DUTCH LANKA TRAILER,DLST-40/40T,SRI LANKA,NOT STATED,0.0,NUWARA-ELIYA,LOCALLY BUILT,1,DLST-40,/40T
LORRY TRAILER/BOWSER,TANTRI,TSK-40,SRI LANKA,NOT STATED,0.0,COLOMBO,LOCALLY BUILT,1,TSK-40,Unknown
LORRY TRAILER/BOWSER,DUTCH LANKA TRAILER,DLST-40/40T,SRI LANKA,NOT STATED,,COLOMBO,LOCALLY BUILT,1,DLST-40,/40T
LORRY TRAILER/BOWSER,DUTCH LANKA TRAILER,DLST-40/40T,SRI LANKA,NOT STATED,0.0,COLOMBO,LOCALLY BUILT,2,DLST-40,/40T
LORRY TRAILER/BOWSER,DYNAMIC,FLATBED TRAILER,SRI LANKA,NOT STATED,0.0,KANDY,LOCALLY BUILT,1,,FLATBED TRAILER
LORRY TRAILER/BOWSER,TANTRI,TCC40,SRI LANKA,NOT STATED,0.0,COLOMBO,LOCALLY BUILT,3,,TCC40
LORRY TRAILER/BOWSER,DUTCH LANKA TRAILER,DLST-40/50T,SRI LANKA,NOT STATED,0.0,COLOMBO,LOCALLY BUILT,8,DLST-40,/50T
LORRY TRAILER/BOWSER,TANTRI,TSK-40,SRI LANKA,NOT STATED,0.0,GAMPAHA,LOCALLY BUILT,1,TSK-40,Unknown
LORRY TRAILER/BOWSER,DYNAMIC,FLAT BED TRAILER,SRI LANKA,NOT STATED,0.0,KANDY,LOCALLY BUILT,1,,FLAT BED TRAILER
LORRY TRAILER/BOWSER,DUTCH LANKA TRAILER,DLST 40/40T,SRI LANKA,NOT STATED,0.0,GAMPAHA,LOCALLY BUILT,1,,DLST 40/40T
LORRY TRAILER/BOWSER,DUTCH LANKA TRAILER,DLST-40/40T,SRI LANKA,NOT STATED,0.0,GAMPAHA,LOCALLY BUILT,4,DLST-40,/40T
LORRY TRAILER/BOWSER,TANTRI,TSK-40,SRI LANKA,NOT STATED,0.0,PUTTALAM,LOCALLY BUILT,1,TSK-40,Unknown
LORRY TRAILER/BOWSER,DUTCH LANKA TRAILER,DLST-40/40T,SRI LANKA,NOT STATED,0.0,KALUTARA,LOCALLY BUILT,3,DLST-40,/40T
LORRY TRAILER/BOWSER,LANKA ASHOK LEYLAND,TAILER,SRI LANKA,NOT STATED,0.0,KALUTARA,LOCALLY BUILT,1,,TAILER
LORRY TRAILER/BOWSER,TANTRI,TSK40,SRI LANKA,NOT STATED,0.0,GAMPAHA,LOCALLY BUILT,1,,TSK40
MOTOR CYCLE,HONDA,PCX,JAPAN,PETROL,156.0,COLOMBO,RECONDITIONED,1,,PCX
MOTOR CYCLE,HONDA,PCX125,JAPAN,PETROL,124.0,GAMPAHA,RECONDITIONED,2,,PCX125
MOTOR CYCLE,HONDA,PCX160,JAPAN,PETROL,157.0,COLOMBO,RECONDITIONED,3,,PCX160
MOTOR CYCLE,HONDA,ADV160,JAPAN,PETROL,157.0,COLOMBO,RECONDITIONED,4,,ADV160
MOTOR CYCLE,HONDA,PCX 125,JAPAN,PETROL,124.0,BATTICALOA,RECONDITIONED,1,,PCX 125
MOTOR CYCLE,HONDA,SUPER CUB,JAPAN,PETROL,49.0,KURUNEGALA,RECONDITIONED,1,,SUPER CUB
MOTOR CYCLE,HONDA,GIORNO 50,JAPAN,PETROL,49.0,MATALE,RECONDITIONED,1,,GIORNO 50
MOTOR CYCLE,HONDA,PCX 125,VIETNAM,PETROL,124.0,COLOMBO,RECONDITIONED,1,,PCX 125
MOTOR CYCLE,HONDA,PCX125,VIETNAM,PETROL,124.0,PUTTALAM,RECONDITIONED,4,,PCX125
MOTOR CYCLE,HONDA,PCX 125,VIETNAM,PETROL,124.0,GAMPAHA,RECONDITIONED,4,,PCX 125
MOTOR CYCLE,HONDA,PCX 125,VIETNAM,PETROL,124.0,PUTTALAM,RECONDITIONED,9,,PCX 125
MOTOR CYCLE,HONDA,PCX 160,JAPAN,PETROL,157.0,PUTTALAM,RECONDITIONED,8,,PCX 160
MOTOR CYCLE,HONDA,PCX,JAPAN,PETROL,157.0,KURUNEGALA,RECONDITIONED,3,,PCX
MOTOR CYCLE,HONDA,PCX 8BK-KF47,JAPAN,PETROL,157.0,GAMPAHA,RECONDITIONED,1,,PCX 8BK-KF47
MOTOR CYCLE,HONDA,PCX 160,JAPAN,PETROL,157.0,KURUNEGALA,RECONDITIONED,4,,PCX 160
MOTOR CYCLE,HONDA,PCX125,VIETNAM,PETROL,124.0,KURUNEGALA,RECONDITIONED,2,,PCX125
MOTOR CYCLE,ROYAL ENFIELD,CLASSIC,INDIA,PETROL,349.0,AMPARA,RECONDITIONED,1,,CLASSIC
MOTOR CYCLE,HONDA,PCX 160,JAPAN,PETROL,157.0,KALUTARA,RECONDITIONED,2,,PCX 160
MOTOR CYCLE,YAMAHA,FZS FIV4,INDIA,PETROL,149.0,BATTICALOA,RECONDITIONED,1,,FZS FIV4
MOTOR CYCLE,HONDA,ADV160,JAPAN,PETROL,157.0,GAMPAHA,RECONDITIONED,2,,ADV160
MOTOR CYCLE,HONDA,PCX160,VIETNAM,PETROL,157.0,COLOMBO,RECONDITIONED,1,,PCX160
MOTOR CYCLE,HONDA,PCX125,JAPAN,PETROL,124.0,KANDY,RECONDITIONED,1,,PCX125
MOTOR CYCLE,HONDA,PCX 160,JAPAN,PETROL,157.0,GAMPAHA,RECONDITIONED,2,,PCX 160
MOTOR CYCLE,HONDA,ADV160,JAPAN,PETROL,157.0,AMPARA,RECONDITIONED,1,,ADV160
MOTOR CYCLE,HONDA,SUPER CUB,JAPAN,PETROL,50.0,PUTTALAM,RECONDITIONED,1,,SUPER CUB
MOTOR CYCLE,HONDA,ADV 160,JAPAN,PETROL,157.0,GAMPAHA,RECONDITIONED,6,,ADV 160
MOTOR CYCLE,HONDA,PCX,JAPAN,PETROL,125.0,GAMPAHA,RECONDITIONED,2,,PCX
MOTOR CYCLE,HONDA,PCX160,JAPAN,PETROL,157.0,KANDY,RECONDITIONED,2,,PCX160
MOTOR CYCLE,HONDA,8BK-KF47 PCX160,JAPAN,PETROL,157.0,KALUTARA,RECONDITIONED,1,8BK-KF47,PCX160
MOTOR CYCLE,HONDA,PCX 125,JAPAN,PETROL,124.0,PUTTALAM,RECONDITIONED,10,,PCX 125
MOTOR CYCLE,HONDA,PCX-8BK-KF47,JAPAN,PETROL,157.0,PUTTALAM,RECONDITIONED,1,PCX-8BK-KF47,Unknown
MOTOR CYCLE,HONDA,ADV 160,JAPAN,PETROL,157.0,COLOMBO,RECONDITIONED,10,,ADV 160
MOTOR CYCLE,HONDA,8BK-KF47,JAPAN,PETROL,157.0,KANDY,RECONDITIONED,4,8BK-KF47,PCX160
MOTOR CYCLE,HONDA,PCX,JAPAN,PETROL,156.0,GAMPAHA,RECONDITIONED,1,,PCX
MOTOR CYCLE,HONDA,PCX-125,VIETNAM,PETROL,125.0,KALUTARA,RECONDITIONED,1,PCX-125,Unknown
MOTOR CYCLE,HONDA,PCX 160,JAPAN,PETROL,157.0,KANDY,RECONDITIONED,9,,PCX 160
MOTOR CYCLE,HONDA,PCX125,JAPAN,PETROL,124.0,KALUTARA,RECONDITIONED,1,,PCX125
MOTOR CYCLE,HONDA,PCX,VIETNAM,PETROL,160.0,GAMPAHA,RECONDITIONED,1,,PCX
MOTOR CYCLE,HONDA,PCX 125,JAPAN,PETROL,124.0,KURUNEGALA,RECONDITIONED,3,,PCX 125
MOTOR CYCLE,HONDA,PCX125,JAPAN,PETROL,124.0,PUTTALAM,RECONDITIONED,3,,PCX125
MOTOR CYCLE,YADEA,G35H,CHINA,ELECTRIC,0.4,JAFFNA,RECONDITIONED,1,,G35H
MOTOR CYCLE,HONDA,PCX 125,VIETNAM,PETROL,124.0,KURUNEGALA,RECONDITIONED,3,,PCX 125
MOTOR CYCLE,HONDA,ADV 160,JAPAN,PETROL,157.0,PUTTALAM,RECONDITIONED,2,,ADV 160
MOTOR CYCLE,HONDA,PCX,JAPAN,PETROL,124.0,GALLE,RECONDITIONED,1,,PCX
MOTOR CYCLE,HONDA,PCX,JAPAN,PETROL,157.0,KANDY,RECONDITIONED,1,,PCX
MOTOR CYCLE,HONDA,PCX 160,JAPAN,PETROL,156.0,HAMBANTOTA,RECONDITIONED,1,,PCX 160
MOTOR CYCLE,YAMAHA,FZS-2,INDIA,PETROL,149.0,BATTICALOA,RECONDITIONED,1,FZS-2,Unknown
MOTOR CYCLE,RISE,LEADER R80,SRI LANKA,ELECTRIC,2.0,PUTTALAM,BRAND NEW-L/MANUFACT,1,,LEADER R80
MOTOR CYCLE,RISE,LEADER R 100,SRI LANKA,ELECTRIC,2.0,RATNAPURA,BRAND NEW-L/MANUFACT,1,,LEADER R 100
MOTOR CYCLE,BAJAJ,PULSAR N160,SRI LANKA,PETROL,164.82,BATTICALOA,BRAND NEW-L/MANUFACT,1,,PULSAR N160
MOTOR CYCLE,RISE,LEADER,SRI LANKA,ELECTRIC,2.0,MULLATIVU,BRAND NEW-L/MANUFACT,1,,LEADER
MOTOR CYCLE,RISE,LOEADER 125,SRI LANKA,PETROL,125.0,COLOMBO,BRAND NEW-L/MANUFACT,1,,LOEADER 125
MOTOR CYCLE,HONDA,SUPER CUB,JAPAN,PETROL,49.0,KALUTARA,BOUGHT FROM AUCTION,1,,SUPER CUB
MOTOR CYCLE,KAWASAKI,ZZR250,JAPAN,PETROL,248.0,KALUTARA,BOUGHT FROM AUCTION,1,,ZZR250
MOTOR CYCLE,YAMAHA,VINO,JAPAN,PETROL,49.0,KALUTARA,BOUGHT FROM AUCTION,1,,VINO
MOTOR CYCLE,HONDA,LITTLE  CUB,JAPAN,PETROL,49.0,KALUTARA,BOUGHT FROM AUCTION,1,,LITTLE  CUB
MOTOR CYCLE,TVS,IQUBE,INDIA,ELECTRIC,3.34,KEGALLE,BRAND NEW,2,,IQUBE
MOTOR CYCLE,QUANLE,ZL,CHINA,ELECTRIC,2.0,HAMBANTOTA,BRAND NEW,6,,ZL
MOTOR CYCLE,QUANLE,G18,CHINA,ELECTRIC,2.0,HAMBANTOTA,BRAND NEW,7,,G18
MOTOR CYCLE,QUANLE,XGW,CHINA,ELECTRIC,1.2,AMPARA,BRAND NEW,2,,XGW
MOTOR CYCLE,QUANLE,ZS,CHINA,ELECTRIC,1.2,COLOMBO,BRAND NEW,3,,ZS
MOTOR CYCLE,OKAYA,FREEDUM,INDIA,ELECTRIC,0.25,BATTICALOA,BRAND NEW,1,,FREEDUM
MOTOR CYCLE,NWOW,WSP,CHINA,ELECTRIC,1.5,KALUTARA,BRAND NEW,4,,WSP
MOTOR CYCLE,YADEA,RUIBIN,CHINA,ELECTRIC,0.8,KURUNEGALA,BRAND NEW,49,,RUIBIN
MOTOR CYCLE,YADEA,EZEEGO,CHINA,ELECTRIC,1.2,GAMPAHA,BRAND NEW,2,,EZEEGO
MOTOR CYCLE,NWOW,WSP,CHINA,ELECTRIC,1.5,COLOMBO,BRAND NEW,13,,WSP
MOTOR CYCLE,DYNAMIC,SL,CHINA,ELECTRIC,2.0,GAMPAHA,BRAND NEW,1,,SL
MOTOR CYCLE,SOLID,G6,CHINA,ELECTRIC,1.5,RATNAPURA,BRAND NEW,2,,G6
MOTOR CYCLE,LENCAR,ERC80,SRI LANKA,ELECTRIC,1.2,KALUTARA,BRAND NEW,2,,ERC80
MOTOR CYCLE,LIMA,ELO-07,CHINA,ELECTRIC,1.5,GAMPAHA,BRAND NEW,6,ELO-07,Unknown
MOTOR CYCLE,QUANLE,ZL,CHINA,ELECTRIC,2.0,MONERAGALA,BRAND NEW,1,,ZL
MOTOR CYCLE,YADEA,RUIBIN,CHINA,ELECTRIC,0.8,NUWARA-ELIYA,BRAND NEW,2,,RUIBIN
MOTOR CYCLE,LUYUAN ALFA,M-MKK-Z30LJ-12-C,CHINA,ELECTRIC,1.8,COLOMBO,BRAND NEW,1,,M-MKK-Z30LJ-12-C
MOTOR CYCLE,BAJAJ,PULSAR NS 200,INDIA,PETROL,199.5,MANNAR,BRAND NEW,4,,PULSAR NS 200
MOTOR CYCLE,BAJAJ,PULSAR NS 200,INDIA,PETROL,199.5,HAMBANTOTA,BRAND NEW,4,,PULSAR NS 200
MOTOR CYCLE,TVS,IQUBE,INDIA,ELECTRIC,3.34,MONERAGALA,BRAND NEW,2,,IQUBE
MOTOR CYCLE,TVS,IQUBE,INDIA,ELECTRIC,3.34,KURUNEGALA,BRAND NEW,3,,IQUBE
MOTOR CYCLE,BAJAJ,PULSAR N 160,INDIA,PETROL,164.32,BADULLA,BRAND NEW,24,,PULSAR N 160
MOTOR CYCLE,BAJAJ,PULSAR N 160,INDIA,PETROL,164.32,MATARA,BRAND NEW,34,,PULSAR N 160
MOTOR CYCLE,BAJAJ,PULSAR N 125,INDIA,PETROL,124.58,KURUNEGALA,BRAND NEW,82,,PULSAR N 125
MOTOR CYCLE,BAJAJ,PULSAR N 160,INDIA,PETROL,164.32,KANDY,BRAND NEW,14,,PULSAR N 160
MOTOR CYCLE,NWOW,TK 10,CHINA,ELECTRIC,0.8,GAMPAHA,BRAND NEW,4,,TK 10
MOTOR CYCLE,TMR LUYUAN,S18,CHINA,ELECTRIC,1.2,KURUNEGALA,BRAND NEW,7,,S18
MOTOR CYCLE,NWOW,TK 10,CHINA,ELECTRIC,0.8,KURUNEGALA,BRAND NEW,1,,TK 10
MOTOR CYCLE,DAYWANG(DW)SL,E-MOTOR CYCLE,CHINA,ELECTRIC,0.8,AMPARA,BRAND NEW,3,,E-MOTOR CYCLE
MOTOR CYCLE,BAJAJ,PULSAR N 125,INDIA,PETROL,124.58,MULLATIVU,BRAND NEW,4,,PULSAR N 125
MOTOR CYCLE,RANOMOTO,GN125H,CHINA,PETROL,124.0,COLOMBO,BRAND NEW,9,,GN125H
MOTOR CYCLE,ATHER,450X,INDIA,ELECTRIC,3.0,KALUTARA,BRAND NEW,4,,450X
MOTOR CYCLE,HERO,XOOM-110,INDIA,PETROL,110.9,KURUNEGALA,BRAND NEW,64,XOOM-110,Unknown
MOTOR CYCLE,HERO,XOOM-110,INDIA,PETROL,110.9,ANURADHAPURA,BRAND NEW,18,XOOM-110,Unknown
MOTOR CYCLE,HERO,HF-DELUXE,INDIA,PETROL,97.2,RATNAPURA,BRAND NEW,2,HF-DELUXE,Unknown
MOTOR CYCLE,YADEA,T5,CHINA,ELECTRIC,1.2,MATALE,BRAND NEW,8,,T5
MOTOR CYCLE,LUYUAN,S90 PLUS,CHINA,ELECTRIC,1.5,HAMBANTOTA,BRAND NEW,1,,S90 PLUS
MOTOR CYCLE,BAJAJ,PULSAR NS 200,INDIA,PETROL,199.5,KEGALLE,BRAND NEW,4,,PULSAR NS 200
MOTOR CYCLE,TVS,TVS NTORQ 125 CC,INDIA,PETROL,124.8,JAFFNA,BRAND NEW,91,,TVS NTORQ 125 CC
MOTOR CYCLE,RANOMOTO,GN125H,CHINA,PETROL,124.0,KALUTARA,BRAND NEW,13,,GN125H
MOTOR CYCLE,LUYUAN,MYY-Z35J,CHINA,ELECTRIC,2.0,HAMBANTOTA,BRAND NEW,1,MYY-Z35J,Unknown
MOTOR CYCLE,YADEA,RUIBIN,CHINA,ELECTRIC,0.8,MANNAR,BRAND NEW,1,,RUIBIN
MOTOR CYCLE,YADEA,RUIBIN,CHINA,ELECTRIC,0.8,KILINOCHCHI,BRAND NEW,5,,RUIBIN
MOTOR CYCLE,TVS,TVS NTORQ 125 CC,INDIA,PETROL,124.8,BADULLA,BRAND NEW,6,,TVS NTORQ 125 CC
MOTOR CYCLE,DASTOL,DW-28,CHINA,ELECTRIC,2.0,COLOMBO,BRAND NEW,2,DW-28,Unknown
MOTOR CYCLE,LUYUAN,S90 PLUS,CHINA,ELECTRIC,1.5,POLONNARUWA,BRAND NEW,1,,S90 PLUS
MOTOR CYCLE,YAMAHA,RAY ZRSTREETRALLY125,INDIA,PETROL,125.0,COLOMBO,BRAND NEW,1,,RAY ZRSTREETRALLY125
MOTOR CYCLE,TVS,XL SUPER HD-70,INDIA,PETROL,70.0,KURUNEGALA,BRAND NEW,1,,XL SUPER HD-70
MOTOR CYCLE,SOLID,V8,CHINA,ELECTRIC,1.5,GAMPAHA,BRAND NEW,1,,V8
MOTOR CYCLE,TVS,NTORQ 125,SRI LANKA,PETROL,124.8,GALLE,BRAND NEW-L/ASSEMBLE,9,,NTORQ 125
MOTOR CYCLE,TVS,TVS RAIDER 125,SRI LANKA,PETROL,124.79,BADULLA,BRAND NEW-L/ASSEMBLE,4,,TVS RAIDER 125
MOTOR CYCLE,TVS,TVS RAIDER 125,SRI LANKA,PETROL,124.79,KANDY,BRAND NEW-L/ASSEMBLE,13,,TVS RAIDER 125
MOTOR CYCLE,TVS,NTORQ 125,SRI LANKA,PETROL,124.8,NUWARA-ELIYA,BRAND NEW-L/ASSEMBLE,6,,NTORQ 125
MOTOR CYCLE,TVS,NTORQ 125,SRI LANKA,PETROL,124.8,GAMPAHA,BRAND NEW-L/ASSEMBLE,34,,NTORQ 125
MOTOR CYCLE,TVS,TVS XL 100,SRI LANKA,PETROL,99.7,MATARA,BRAND NEW-L/ASSEMBLE,16,,TVS XL 100
MOTOR CYCLE,TVS,NTORQ 125,SRI LANKA,PETROL,124.8,KURUNEGALA,BRAND NEW-L/ASSEMBLE,10,,NTORQ 125
MOTOR CYCLE,BAJAJ,CT 100 ES,SRI LANKA,PETROL,102.0,MANNAR,BRAND NEW-L/ASSEMBLE,23,,CT 100 ES
MOTOR CYCLE,BAJAJ,PULSAR N160,SRI LANKA,PETROL,164.82,MATARA,BRAND NEW-L/ASSEMBLE,27,,PULSAR N160
MOTOR CYCLE,BAJAJ,CT 100 ES,SRI LANKA,PETROL,102.0,ANURADHAPURA,BRAND NEW-L/ASSEMBLE,213,,CT 100 ES
MOTOR CYCLE,BAJAJ,PULSAR N160,SRI LANKA,PETROL,164.82,PUTTALAM,BRAND NEW-L/ASSEMBLE,31,,PULSAR N160
MOTOR CYCLE,BAJAJ,DISCOVER 125,SRI LANKA,PETROL,124.5,KALUTARA,BRAND NEW-L/ASSEMBLE,47,,DISCOVER 125
MOTOR CYCLE,SENARO,GN125,SRI LANKA,PETROL,125.0,MATARA,BRAND NEW-L/ASSEMBLE,4,,GN125
MOTOR CYCLE,TVS,NTORQ 125,SRI LANKA,PETROL,124.8,MATALE,BRAND NEW-L/ASSEMBLE,4,,NTORQ 125
MOTOR CYCLE,SENARO,GN125,SRI LANKA,PETROL,125.0,NUWARA-ELIYA,BRAND NEW-L/ASSEMBLE,3,,GN125
MOTOR CYCLE,SENARO,GN125,SRI LANKA,PETROL,125.0,MULLATIVU,BRAND NEW-L/ASSEMBLE,4,,GN125
MOTOR CYCLE,BAJAJ,DISCOVER 125,SRI LANKA,PETROL,124.5,KILINOCHCHI,BRAND NEW-L/ASSEMBLE,10,,DISCOVER 125
MOTOR CYCLE,TVS,TVS XL 100,SRI LANKA,PETROL,100.0,GALLE,BRAND NEW-L/ASSEMBLE,1,,TVS XL 100
MOTOR CYCLE,DYNO,SCOOBY 125  EFI,SRI LANKA,PETROL,124.6,MATARA,BRAND NEW-L/ASSEMBLE,1,,SCOOBY 125  EFI
MOTOR CYCLE,HONDA,PCX124,JAPAN,PETROL,124.0,GAMPAHA,RECONDITIONED,1,,PCX124
MOTOR CYCLE,HONDA,PCX160,JAPAN,PETROL,157.0,GAMPAHA,RECONDITIONED,6,,PCX160
MOTOR CYCLE,HONDA,PCX 125,JAPAN,PETROL,125.0,GAMPAHA,RECONDITIONED,1,,PCX 125
MOTOR CYCLE,HONDA,PCX 160,VIETNAM,PETROL,156.0,GAMPAHA,RECONDITIONED,1,,PCX 160
MOTOR CYCLE,HONDA,ADV-160,JAPAN,PETROL,157.0,COLOMBO,RECONDITIONED,1,ADV-160,Unknown
MOTOR CYCLE,HONDA,PCX 125,JAPAN,PETROL,124.0,GAMPAHA,RECONDITIONED,2,,PCX 125
MOTOR CYCLE,KAWASAKI,2BK-ZX250E,THAILAND,PETROL,249.0,COLOMBO,RECONDITIONED,1,2BK-ZX250E,Unknown
MOTOR CYCLE,HONDA,8BK-KF47,JAPAN,PETROL,156.0,TRINCOMALEE,RECONDITIONED,1,8BK-KF47,PCX160
MOTOR CYCLE,RISE,LEADER R80,SRI LANKA,ELECTRIC,2.0,KURUNEGALA,BRAND NEW-L/MANUFACT,3,,LEADER R80
MOTOR CYCLE,RISE,LEADER R80,SRI LANKA,ELECTRIC,2.0,HAMBANTOTA,BRAND NEW-L/MANUFACT,2,,LEADER R80
MOTOR CYCLE,RISE,LEADER PLUS,SRI LANKA,ELECTRIC,2.0,HAMBANTOTA,BRAND NEW-L/MANUFACT,2,,LEADER PLUS
MOTOR CYCLE,RISE,LEADER PLUS,SRI LANKA,ELECTRIC,2.0,KANDY,BRAND NEW-L/MANUFACT,1,,LEADER PLUS
MOTOR CYCLE,RISE,LEADER R 100,SRI LANKA,ELECTRIC,2.0,JAFFNA,BRAND NEW-L/MANUFACT,1,,LEADER R 100
MOTOR CYCLE,YAMAHA, V 90,JAPAN,PETROL,89.0,KURUNEGALA,BOUGHT FROM AUCTION,1,,V 90
MOTOR CYCLE,TVS,IQUBE,INDIA,ELECTRIC,3.34,RATNAPURA,BRAND NEW,2,,IQUBE
MOTOR CYCLE,QUANLE,ZS,CHINA,ELECTRIC,1.2,AMPARA,BRAND NEW,1,,ZS
MOTOR CYCLE,ATHER,450X,INDIA,ELECTRIC,3.0,COLOMBO,BRAND NEW,6,,450X
MOTOR CYCLE,NWOW,SE,CHINA,ELECTRIC,0.8,GAMPAHA,BRAND NEW,10,,SE
MOTOR CYCLE,YADEA,RUIBIN,CHINA,ELECTRIC,0.8,GALLE,BRAND NEW,18,,RUIBIN
MOTOR CYCLE,YADEA,T5,CHINA,ELECTRIC,1.2,AMPARA,BRAND NEW,7,,T5
MOTOR CYCLE,YADEA,T 9,CHINA,ELECTRIC,2.0,RATNAPURA,BRAND NEW,5,,T 9
MOTOR CYCLE,YADEA,T5,CHINA,ELECTRIC,1.2,HAMBANTOTA,BRAND NEW,66,,T5
MOTOR CYCLE,TERRA,A40001,VIETNAM,ELECTRIC,1.9,KEGALLE,BRAND NEW,1,,A40001
MOTOR CYCLE,LUYUAN ALFA,MKK-Z23E-12-C,CHINA,ELECTRIC,1.2,POLONNARUWA,BRAND NEW,10,MKK-Z23E-12-C,Unknown
MOTOR CYCLE,SOLID,G6,CHINA,ELECTRIC,1.5,GAMPAHA,BRAND NEW,10,,G6
MOTOR CYCLE,LUYUAN ALFA,MKK-Z23E-12-C,CHINA,ELECTRIC,1.2,HAMBANTOTA,BRAND NEW,6,MKK-Z23E-12-C,Unknown
MOTOR CYCLE,QUANLE,ZS,CHINA,ELECTRIC,1.2,MONERAGALA,BRAND NEW,1,,ZS
MOTOR CYCLE,YADEA,T 9,CHINA,ELECTRIC,2.0,HAMBANTOTA,BRAND NEW,13,,T 9
MOTOR CYCLE,BAJAJ,PULSAR NS 200,INDIA,PETROL,199.5,JAFFNA,BRAND NEW,23,,PULSAR NS 200
MOTOR CYCLE,BAJAJ,PULSAR NS 200,INDIA,PETROL,199.5,MATALE,BRAND NEW,6,,PULSAR NS 200
MOTOR CYCLE,DAYUN,DY110-30,CHINA,PETROL,110.0,KURUNEGALA,BRAND NEW,1,DY110-30,Unknown
MOTOR CYCLE,BAJAJ,PULSAR NS 200,INDIA,PETROL,199.5,MULLATIVU,BRAND NEW,2,,PULSAR NS 200
MOTOR CYCLE,BAJAJ,PULSAR N 160,INDIA,PETROL,164.32,MULLATIVU,BRAND NEW,3,,PULSAR N 160
MOTOR CYCLE,OPAI,YW-06,CHINA,ELECTRIC,2.0,POLONNARUWA,BRAND NEW,1,YW-06,Unknown
MOTOR CYCLE,NWOW,SE,CHINA,ELECTRIC,0.8,PUTTALAM,BRAND NEW,3,,SE
MOTOR CYCLE,TMR LUYUAN,S18,CHINA,ELECTRIC,1.2,AMPARA,BRAND NEW,1,,S18
MOTOR CYCLE,TMR LUYUAN,S18,CHINA,ELECTRIC,1.2,PUTTALAM,BRAND NEW,1,,S18
MOTOR CYCLE,QUANLE,XGW,CHINA,ELECTRIC,1.2,KEGALLE,BRAND NEW,1,,XGW
MOTOR CYCLE,BAJAJ,PULSAR N 125,INDIA,PETROL,124.58,MONERAGALA,BRAND NEW,7,,PULSAR N 125
MOTOR CYCLE,BAJAJ,PULSAR N 125,INDIA,PETROL,124.58,MATARA,BRAND NEW,13,,PULSAR N 125
MOTOR CYCLE,BAJAJ,PULSAR N 160,INDIA,PETROL,164.32,MATALE,BRAND NEW,5,,PULSAR N 160
MOTOR CYCLE,HERO,XOOM-110,INDIA,PETROL,110.9,BADULLA,BRAND NEW,3,XOOM-110,Unknown
MOTOR CYCLE,HERO,XOOM-110,INDIA,PETROL,110.9,KALUTARA,BRAND NEW,26,XOOM-110,Unknown
MOTOR CYCLE,TVS,TVS NTORQ 125 CC,INDIA,PETROL,124.8,COLOMBO,BRAND NEW,240,,TVS NTORQ 125 CC
MOTOR CYCLE,YADEA,T 9,CHINA,ELECTRIC,2.0,KEGALLE,BRAND NEW,2,,T 9
MOTOR CYCLE,TVS,TVS NTORQ 125 CC,INDIA,PETROL,124.8,GAMPAHA,BRAND NEW,230,,TVS NTORQ 125 CC
MOTOR CYCLE,TVS,TVS NTORQ 125 CC,INDIA,PETROL,124.8,KURUNEGALA,BRAND NEW,81,,TVS NTORQ 125 CC
MOTOR CYCLE,TVS,TVS NTORQ 125 CC,INDIA,PETROL,124.8,VAVUNIYA,BRAND NEW,11,,TVS NTORQ 125 CC
MOTOR CYCLE,RANOMOTO,GN125H,CHINA,PETROL,124.0,KURUNEGALA,BRAND NEW,5,,GN125H
MOTOR CYCLE,RANOMOTO,GN125H,CHINA,PETROL,124.0,GAMPAHA,BRAND NEW,22,,GN125H
MOTOR CYCLE,SOLID,G6,CHINA,ELECTRIC,1.5,ANURADHAPURA,BRAND NEW,1,,G6
MOTOR CYCLE,HERO,HF-DELUXE,INDIA,PETROL,97.2,MANNAR,BRAND NEW,7,HF-DELUXE,Unknown
MOTOR CYCLE,HERO,HF-DELUXE,INDIA,PETROL,97.2,KALUTARA,BRAND NEW,2,HF-DELUXE,Unknown
MOTOR CYCLE,YADEA,RUIBIN,CHINA,ELECTRIC,0.8,JAFFNA,BRAND NEW,5,,RUIBIN
MOTOR CYCLE,SOLID,CHALLENGER,CHINA,ELECTRIC,1.5,GAMPAHA,BRAND NEW,1,,CHALLENGER
MOTOR CYCLE,HERO,XOOM-110,INDIA,PETROL,110.9,HAMBANTOTA,BRAND NEW,11,XOOM-110,Unknown
MOTOR CYCLE,HERO,HF-DELUXE,INDIA,PETROL,97.2,MONERAGALA,BRAND NEW,2,HF-DELUXE,Unknown
MOTOR CYCLE,TVS,TVS NTORQ 125 CC,INDIA,PETROL,124.8,POLONNARUWA,BRAND NEW,16,,TVS NTORQ 125 CC
MOTOR CYCLE,VMOTO,CITI,CHINA,ELECTRIC,2.0,KURUNEGALA,BRAND NEW,1,,CITI
MOTOR CYCLE,BAJAJ,PULSAR NS 200,INDIA,PETROL,199.5,POLONNARUWA,BRAND NEW,4,,PULSAR NS 200
MOTOR CYCLE,REVOLT,RV 400,INDIA,ELECTRIC,3.0,MONERAGALA,BRAND NEW,1,,RV 400
MOTOR CYCLE,HERO,XOOM-110,INDIA,PETROL,110.9,VAVUNIYA,BRAND NEW,4,XOOM-110,Unknown
MOTOR CYCLE,HERO,XOOM-110,INDIA,PETROL,110.9,MONERAGALA,BRAND NEW,1,XOOM-110,Unknown
MOTOR CYCLE,BAJAJ,PULSAR N 160,INDIA,PETROL,164.82,COLOMBO,BRAND NEW,1,,PULSAR N 160
MOTOR CYCLE,TVS,TVS XL 100,SRI LANKA,PETROL,99.7,TRINCOMALEE,BRAND NEW-L/ASSEMBLE,34,,TVS XL 100
MOTOR CYCLE,TVS,TVS XL 100,SRI LANKA,PETROL,99.7,MATALE,BRAND NEW-L/ASSEMBLE,9,,TVS XL 100
MOTOR CYCLE,TVS,NTORQ 125,SRI LANKA,PETROL,124.8,AMPARA,BRAND NEW-L/ASSEMBLE,9,,NTORQ 125
MOTOR CYCLE,BAJAJ,CT 100 ES,SRI LANKA,PETROL,102.0,KURUNEGALA,BRAND NEW-L/ASSEMBLE,197,,CT 100 ES
MOTOR CYCLE,BAJAJ,CT 100 ES,SRI LANKA,PETROL,102.0,COLOMBO,BRAND NEW-L/ASSEMBLE,199,,CT 100 ES
MOTOR CYCLE,BAJAJ,PULSAR N160,SRI LANKA,PETROL,164.82,BATTICALOA,BRAND NEW-L/ASSEMBLE,65,,PULSAR N160
MOTOR CYCLE,BAJAJ,PULSAR N160,SRI LANKA,PETROL,164.82,AMPARA,BRAND NEW-L/ASSEMBLE,103,,PULSAR N160
MOTOR CYCLE,SENARO,GN125,SRI LANKA,PETROL,125.0,KILINOCHCHI,BRAND NEW-L/ASSEMBLE,3,,GN125
MOTOR CYCLE,BAJAJ,DISCOVER 125,SRI LANKA,PETROL,124.5,COLOMBO,BRAND NEW-L/ASSEMBLE,101,,DISCOVER 125
MOTOR CYCLE,TVS,NTORQ 125,SRI LANKA,PETROL,124.8,BATTICALOA,BRAND NEW-L/ASSEMBLE,5,,NTORQ 125
MOTOR CYCLE,TVS,TVS XL 100,SRI LANKA,PETROL,99.7,AMPARA,BRAND NEW-L/ASSEMBLE,8,,TVS XL 100
MOTOR CYCLE,TVS,NTORQ 125,SRI LANKA,PETROL,124.8,KANDY,BRAND NEW-L/ASSEMBLE,28,,NTORQ 125
MOTOR CYCLE,BAJAJ,PULSAR N160,SRI LANKA,PETROL,164.82,KURUNEGALA,BRAND NEW-L/ASSEMBLE,51,,PULSAR N160
MOTOR CYCLE,SENARO,GN125,SRI LANKA,PETROL,125.0,KALUTARA,BRAND NEW-L/ASSEMBLE,9,,GN125
MOTOR CYCLE,TVS,NTORQ 125,SRI LANKA,PETROL,124.8,KEGALLE,BRAND NEW-L/ASSEMBLE,8,,NTORQ 125
MOTOR CYCLE,SENARO,GN125,SRI LANKA,PETROL,125.0,GALLE,BRAND NEW-L/ASSEMBLE,3,,GN125
MOTOR CYCLE,TVS,NTORQ 125,SRI LANKA,PETROL,124.79,GAMPAHA,BRAND NEW-L/ASSEMBLE,1,,NTORQ 125
MOTOR CYCLE,RANOMOTO,MOPED SUPER,SRI LANKA,PETROL,49.0,MANNAR,BRAND NEW-L/ASSEMBLE,1,,MOPED SUPER
MOTOR CYCLE,RANOMOTO,MOPED SUPER,SRI LANKA,PETROL,49.0,MATARA,BRAND NEW-L/ASSEMBLE,1,,MOPED SUPER
MOTOR CYCLE,TVS,TVS XL 100,SRI LANKA,PETROL,99.7,BADULLA,BRAND NEW-L/ASSEMBLE,3,,TVS XL 100
MOTOR CYCLE,BAJAJ,PULSAR N 160,INDIA,PETROL,164.32,PUTTALAM,BRAND NEW-L/ASSEMBLE,1,,PULSAR N 160
MOTOR CYCLE,HONDA,8BK-KF47PCX160,JAPAN,PETROL,157.0,KALUTARA,RECONDITIONED,1,8BK-KF47PCX160,Unknown
MOTOR CYCLE,HONDA,88K-KF54,JAPAN,PETROL,157.0,KANDY,RECONDITIONED,1,88K-KF54,Unknown
MOTOR CYCLE,HONDA,AX-1,JAPAN,PETROL,249.0,KURUNEGALA,RECONDITIONED,1,AX-1,Unknown
MOTOR CYCLE,SUZUKI,2BK-DN11A,JAPAN,PETROL,250.0,KANDY,RECONDITIONED,1,2BK-DN11A,Unknown
MOTOR CYCLE,HONDA,PCX,JAPAN,PETROL,124.0,PUTTALAM,RECONDITIONED,1,,PCX
MOTOR CYCLE,HONDA,PCX 160,VIETNAM,PETROL,157.0,BATTICALOA,RECONDITIONED,2,,PCX 160
MOTOR CYCLE,RISE,LEADER PLUS,SRI LANKA,ELECTRIC,2.0,RATNAPURA,BRAND NEW-L/MANUFACT,3,,LEADER PLUS
MOTOR CYCLE,TVS,IQUBE,INDIA,ELECTRIC,3.34,PUTTALAM,BRAND NEW,4,,IQUBE
MOTOR CYCLE,TVS,IQUBE,INDIA,ELECTRIC,3.34,MATARA,BRAND NEW,6,,IQUBE
MOTOR CYCLE,QUANLE,XGW,CHINA,ELECTRIC,1.2,KURUNEGALA,BRAND NEW,19,,XGW
MOTOR CYCLE,QUANLE,ZS,CHINA,ELECTRIC,1.2,KURUNEGALA,BRAND NEW,7,,ZS
MOTOR CYCLE,SUPER SOCO,CUX PRO,CHINA,ELECTRIC,1.3,ANURADHAPURA,BRAND NEW,2,,CUX PRO
MOTOR CYCLE,LUYUAN,MNK3,CHINA,ELECTRIC,1.5,PUTTALAM,BRAND NEW,1,,MNK3
MOTOR CYCLE,LUYUAN,MNK3,CHINA,ELECTRIC,1.5,HAMBANTOTA,BRAND NEW,3,,MNK3
MOTOR CYCLE,QUANLE,G18,CHINA,ELECTRIC,2.0,KALUTARA,BRAND NEW,1,,G18
MOTOR CYCLE,YADEA,T5,CHINA,ELECTRIC,1.2,POLONNARUWA,BRAND NEW,50,,T5
MOTOR CYCLE,YADEA,T 9,CHINA,ELECTRIC,2.0,GALLE,BRAND NEW,15,,T 9
MOTOR CYCLE,YADEA,T 9,CHINA,ELECTRIC,2.0,AMPARA,BRAND NEW,3,,T 9
MOTOR CYCLE,YADEA,T5,CHINA,ELECTRIC,1.2,MONERAGALA,BRAND NEW,19,,T5
MOTOR CYCLE,QUANLE,Q1,CHINA,ELECTRIC,1.2,AMPARA,BRAND NEW,3,,Q1
MOTOR CYCLE,SUPER SOCO,TS STREET HUNTER,CHINA,ELECTRIC,2.5,KALUTARA,BRAND NEW,3,,TS STREET HUNTER
MOTOR CYCLE,YADEA,RUIBIN,CHINA,ELECTRIC,0.8,HAMBANTOTA,BRAND NEW,20,,RUIBIN
MOTOR CYCLE,SLING,EBIKE,INDIA,ELECTRIC,1.8,COLOMBO,BRAND NEW,1,,EBIKE
MOTOR CYCLE,QUANLE,ZL,CHINA,ELECTRIC,2.0,NUWARA-ELIYA,BRAND NEW,1,,ZL
MOTOR CYCLE,BAJAJ,PULSAR NS 200,INDIA,PETROL,199.5,BATTICALOA,BRAND NEW,30,,PULSAR NS 200
MOTOR CYCLE,BAJAJ,PULSAR N 160,INDIA,PETROL,164.32,COLOMBO,BRAND NEW,150,,PULSAR N 160
MOTOR CYCLE,BAJAJ,PULSAR NS 200,INDIA,PETROL,199.5,RATNAPURA,BRAND NEW,5,,PULSAR NS 200
MOTOR CYCLE,ATHER,450X,INDIA,ELECTRIC,3.0,RATNAPURA,BRAND NEW,2,,450X
MOTOR CYCLE,YADEA,EZEEGO,CHINA,ELECTRIC,1.2,KALUTARA,BRAND NEW,1,,EZEEGO
MOTOR CYCLE,BAJAJ,PULSAR N 160,INDIA,PETROL,164.32,POLONNARUWA,BRAND NEW,20,,PULSAR N 160
MOTOR CYCLE,OYFLY,TDM-LTW,CHINA,ELECTRIC,2.0,MATARA,BRAND NEW,2,TDM-LTW,Unknown
MOTOR CYCLE,BAJAJ,PULSAR N 125,INDIA,PETROL,124.58,HAMBANTOTA,BRAND NEW,6,,PULSAR N 125
MOTOR CYCLE,NWOW,TK 10,CHINA,ELECTRIC,0.8,PUTTALAM,BRAND NEW,1,,TK 10
MOTOR CYCLE,TAILG,SAI BEI,CHINA,ELECTRIC,1.5,MONERAGALA,BRAND NEW,2,,SAI BEI
MOTOR CYCLE,HONDA,PCX 160 ABS,INDONESIA,PETROL,160.0,KURUNEGALA,BRAND NEW,1,,PCX 160 ABS
MOTOR CYCLE,RIKODA,YSY,CHINA,ELECTRIC,0.8,JAFFNA,BRAND NEW,2,,YSY
MOTOR CYCLE,SUPER SOCO,CUX PRO,CHINA,ELECTRIC,2.1,ANURADHAPURA,BRAND NEW,1,,CUX PRO
MOTOR CYCLE,NEO,AVATER,CHINA,ELECTRIC,0.8,PUTTALAM,BRAND NEW,1,,AVATER
MOTOR CYCLE,YADEA,T5,CHINA,ELECTRIC,1.2,JAFFNA,BRAND NEW,9,,T5
MOTOR CYCLE,HONDA,PCX 160 ABS,INDONESIA,PETROL,160.0,GAMPAHA,BRAND NEW,1,,PCX 160 ABS
MOTOR CYCLE,TVS,TVS NTORQ 125 CC,INDIA,ELECTRIC,3.34,COLOMBO,BRAND NEW,1,,TVS NTORQ 125 CC
MOTOR CYCLE,OKAYA,FAAST F2,INDIA,ELECTRIC,2.2,BATTICALOA,BRAND NEW,1,,FAAST F2
MOTOR CYCLE,RANOMOTO,GN125H,CHINA,PETROL,124.0,POLONNARUWA,BRAND NEW,3,,GN125H
MOTOR CYCLE,REVOLT,RV 400,INDIA,ELECTRIC,3.0,GALLE,BRAND NEW,1,,RV 400
MOTOR CYCLE,QUANLE,ZS,CHINA,ELECTRIC,1.2,KEGALLE,BRAND NEW,1,,ZS
MOTOR CYCLE,QUANLE,Q1,CHINA,ELECTRIC,1.2,KURUNEGALA,BRAND NEW,3,,Q1
MOTOR CYCLE,QUANLE,G18,CHINA,ELECTRIC,2.0,KEGALLE,BRAND NEW,1,,G18
MOTOR CYCLE,BAJAJ,PULSAR N 125,INDIA,PETROL,124.58,MATALE,BRAND NEW,6,,PULSAR N 125
MOTOR CYCLE,YADEA,RUIBIN,CHINA,ELECTRIC,0.8,PUTTALAM,BRAND NEW,21,,RUIBIN
MOTOR CYCLE,HERO,XOOM-110,INDIA,PETROL,110.9,MULLATIVU,BRAND NEW,9,XOOM-110,Unknown
MOTOR CYCLE,RANOMOTO,GN125H,CHINA,PETROL,124.0,ANURADHAPURA,BRAND NEW,3,,GN125H
MOTOR CYCLE,LUYUAN ALFA,MKK-Z23E-12-C,CHINA,ELECTRIC,1.2,AMPARA,BRAND NEW,1,MKK-Z23E-12-C,Unknown
MOTOR CYCLE,YADEA,T5,CHINA,ELECTRIC,1.2,MANNAR,BRAND NEW,3,,T5
MOTOR CYCLE,HUAIHAI,ZL9,CHINA,ELECTRIC,1.2,PUTTALAM,BRAND NEW,1,,ZL9
MOTOR CYCLE,YADEA,RUIBIN,CHINA,ELECTRIC,0.8,RATNAPURA,BRAND NEW,1,,RUIBIN
MOTOR CYCLE,YAMAHA,RAY ZR 125,INDIA,PETROL,125.0,AMPARA,BRAND NEW,1,,RAY ZR 125
MOTOR CYCLE,YADEA,E8S PRO,CHINA,ELECTRIC,2.0,VAVUNIYA,BRAND NEW,1,,E8S PRO
MOTOR CYCLE,NWOW,SE,CHINA,ELECTRIC,0.8,GALLE,BRAND NEW,1,,SE
MOTOR CYCLE,RANOMOTO,GN125H,CHINA,PETROL,124.0,MATARA,BRAND NEW,1,,GN125H
MOTOR CYCLE,YADEA,EPOC H,CHINA,ELECTRIC,2.0,GALLE,BRAND NEW,1,,EPOC H
MOTOR CYCLE,TVS,TVS RAIDER 125,SRI LANKA,PETROL,124.79,COLOMBO,BRAND NEW-L/ASSEMBLE,53,,TVS RAIDER 125
MOTOR CYCLE,TVS,TVS XL 100,SRI LANKA,PETROL,99.7,GALLE,BRAND NEW-L/ASSEMBLE,34,,TVS XL 100
MOTOR CYCLE,TVS,TVS XL 100,SRI LANKA,PETROL,99.7,KALUTARA,BRAND NEW-L/ASSEMBLE,6,,TVS XL 100
MOTOR CYCLE,TVS,TVS RAIDER 125,SRI LANKA,PETROL,124.79,KEGALLE,BRAND NEW-L/ASSEMBLE,8,,TVS RAIDER 125
MOTOR CYCLE,BAJAJ,CT 100 ES,SRI LANKA,PETROL,102.0,MATALE,BRAND NEW-L/ASSEMBLE,48,,CT 100 ES
MOTOR CYCLE,BAJAJ,CT 100 ES,SRI LANKA,PETROL,102.0,KANDY,BRAND NEW-L/ASSEMBLE,64,,CT 100 ES
MOTOR CYCLE,BAJAJ,CT 100 ES,SRI LANKA,PETROL,102.0,PUTTALAM,BRAND NEW-L/ASSEMBLE,121,,CT 100 ES
MOTOR CYCLE,TVS,NTORQ 125,SRI LANKA,PETROL,124.8,HAMBANTOTA,BRAND NEW-L/ASSEMBLE,4,,NTORQ 125
MOTOR CYCLE,BAJAJ,PULSAR N160,SRI LANKA,PETROL,164.82,BADULLA,BRAND NEW-L/ASSEMBLE,42,,PULSAR N160
MOTOR CYCLE,BAJAJ,CT 100 ES,SRI LANKA,PETROL,102.0,AMPARA,BRAND NEW-L/ASSEMBLE,95,,CT 100 ES
MOTOR CYCLE,BAJAJ,PULSAR N160,SRI LANKA,PETROL,164.82,JAFFNA,BRAND NEW-L/ASSEMBLE,56,,PULSAR N160
MOTOR CYCLE,SENARO,GN125,SRI LANKA,PETROL,125.0,MATALE,BRAND NEW-L/ASSEMBLE,6,,GN125
MOTOR CYCLE,SENARO,GN125,SRI LANKA,PETROL,125.0,PUTTALAM,BRAND NEW-L/ASSEMBLE,2,,GN125
MOTOR CYCLE,SENARO,GN125,SRI LANKA,PETROL,125.0,AMPARA,BRAND NEW-L/ASSEMBLE,16,,GN125
MOTOR CYCLE,SENARO,GN125,SRI LANKA,PETROL,125.0,JAFFNA,BRAND NEW-L/ASSEMBLE,4,,GN125
MOTOR CYCLE,BAJAJ,PULSAR N160,SRI LANKA,PETROL,164.82,HAMBANTOTA,BRAND NEW-L/ASSEMBLE,35,,PULSAR N160
MOTOR CYCLE,BAJAJ,DISCOVER 125,SRI LANKA,PETROL,124.5,GALLE,BRAND NEW-L/ASSEMBLE,59,,DISCOVER 125
MOTOR CYCLE,BAJAJ,PULSAR N160,SRI LANKA,PETROL,164.82,KEGALLE,BRAND NEW-L/ASSEMBLE,26,,PULSAR N160
MOTOR CYCLE,BAJAJ,DISCOVER 125,SRI LANKA,PETROL,124.5,MATALE,BRAND NEW-L/ASSEMBLE,15,,DISCOVER 125
MOTOR CYCLE,RANOMOTO,MOPED SUPER,SRI LANKA,PETROL,49.0,TRINCOMALEE,BRAND NEW-L/ASSEMBLE,5,,MOPED SUPER
MOTOR CYCLE,RANOMOTO,C 50 CUSTOM,SRI LANKA,PETROL,49.0,KALUTARA,BRAND NEW-L/ASSEMBLE,1,,C 50 CUSTOM
MOTOR CYCLE,LENCAR,ERC80,SRI LANKA,ELECTRIC,1.2,COLOMBO,BRAND NEW-L/ASSEMBLE,2,,ERC80
MOTOR CYCLE,YAMAHA,R-15M,INDIA,PETROL,155.0,BATTICALOA,RECONDITIONED,1,,R-15M
MOTOR CYCLE,KAWASAKI,KLX125,JAPAN,PETROL,125.0,PUTTALAM,RECONDITIONED,1,,KLX125
MOTOR CYCLE,HONDA,PCX 160,JAPAN,PETROL,156.0,PUTTALAM,RECONDITIONED,2,,PCX 160
MOTOR CYCLE,HONDA,PCX,JAPAN,PETROL,156.0,KALUTARA,RECONDITIONED,1,,PCX
MOTOR CYCLE,HONDA,PCX125,JAPAN,PETROL,124.0,COLOMBO,RECONDITIONED,1,,PCX125
MOTOR CYCLE,VESPA,GTS 300 SUPER,ITALY,PETROL,278.0,KALUTARA,RECONDITIONED,1,,GTS 300 SUPER
MOTOR CYCLE,HONDA,LEAD 50,JAPAN,PETROL,49.0,GAMPAHA,RECONDITIONED,1,,LEAD 50
MOTOR CYCLE,RISE,LEADER PLUS,SRI LANKA,ELECTRIC,2.0,JAFFNA,BRAND NEW-L/MANUFACT,4,,LEADER PLUS
MOTOR CYCLE,RISE,LEADER R80,SRI LANKA,ELECTRIC,2.0,COLOMBO,BRAND NEW-L/MANUFACT,1,,LEADER R80
MOTOR CYCLE,TVS,IQUBE,INDIA,ELECTRIC,3.34,TRINCOMALEE,BRAND NEW,3,,IQUBE
MOTOR CYCLE,LUYUAN,MYT,CHINA,ELECTRIC,0.8,HAMBANTOTA,BRAND NEW,4,,MYT
MOTOR CYCLE,QUANLE,XGW,CHINA,ELECTRIC,1.2,HAMBANTOTA,BRAND NEW,8,,XGW
MOTOR CYCLE,QUANLE,G18,CHINA,ELECTRIC,2.0,GALLE,BRAND NEW,3,,G18
MOTOR CYCLE,QUANLE,ZL,CHINA,ELECTRIC,2.0,COLOMBO,BRAND NEW,1,,ZL
MOTOR CYCLE,REVOLT,RV 400,INDIA,ELECTRIC,3.0,MATARA,BRAND NEW,1,,RV 400
MOTOR CYCLE,SUPER SOCO,CUX PRO,CHINA,ELECTRIC,1.3,KURUNEGALA,BRAND NEW,1,,CUX PRO
MOTOR CYCLE,QUANLE,ZS,CHINA,ELECTRIC,1.2,RATNAPURA,BRAND NEW,1,,ZS
MOTOR CYCLE,LUYUAN,MNK3,CHINA,ELECTRIC,1.5,KALUTARA,BRAND NEW,1,,MNK3
MOTOR CYCLE,YADEA,T 9,CHINA,ELECTRIC,2.0,TRINCOMALEE,BRAND NEW,2,,T 9
MOTOR CYCLE,YADEA,T5,CHINA,ELECTRIC,1.2,KALUTARA,BRAND NEW,53,,T5
MOTOR CYCLE,YADEA,T5,CHINA,ELECTRIC,1.2,TRINCOMALEE,BRAND NEW,12,,T5
MOTOR CYCLE,TAILG,RED RABBIT,CHINA,ELECTRIC,1.2,ANURADHAPURA,BRAND NEW,1,,RED RABBIT
MOTOR CYCLE,QUANLE,ZL,CHINA,ELECTRIC,2.0,MATALE,BRAND NEW,1,,ZL
MOTOR CYCLE,LIMA,ELO-07,CHINA,ELECTRIC,1.5,KALUTARA,BRAND NEW,2,ELO-07,Unknown
MOTOR CYCLE,YADEA,T5,CHINA,ELECTRIC,1.2,KEGALLE,BRAND NEW,4,,T5
MOTOR CYCLE,QUANLE,G18,CHINA,ELECTRIC,2.0,POLONNARUWA,BRAND NEW,1,,G18
MOTOR CYCLE,BAJAJ,PULSAR NS 200,INDIA,PETROL,199.5,PUTTALAM,BRAND NEW,6,,PULSAR NS 200
MOTOR CYCLE,REVOLT,RV 400,INDIA,ELECTRIC,3.0,GAMPAHA,BRAND NEW,1,,RV 400
MOTOR CYCLE,ATHER,450X,INDIA,ELECTRIC,3.0,PUTTALAM,BRAND NEW,3,,450X
MOTOR CYCLE,YADEA,T5,CHINA,ELECTRIC,1.2,KILINOCHCHI,BRAND NEW,11,,T5
MOTOR CYCLE,BAJAJ,PULSAR N 160,INDIA,PETROL,164.32,KALUTARA,BRAND NEW,66,,PULSAR N 160
MOTOR CYCLE,BAJAJ,PULSAR N 125,INDIA,PETROL,124.58,RATNAPURA,BRAND NEW,9,,PULSAR N 125
MOTOR CYCLE,OPAI,YW-06,CHINA,ELECTRIC,2.0,AMPARA,BRAND NEW,1,YW-06,Unknown
MOTOR CYCLE,TMR LUYUAN,S18,CHINA,ELECTRIC,1.2,RATNAPURA,BRAND NEW,3,,S18
MOTOR CYCLE,LUYUAN,MNK3,CHINA,ELECTRIC,1.5,TRINCOMALEE,BRAND NEW,1,,MNK3
MOTOR CYCLE,BAJAJ,PULSAR N 125,INDIA,PETROL,124.58,BADULLA,BRAND NEW,9,,PULSAR N 125
MOTOR CYCLE,NWOW,V11,CHINA,ELECTRIC,1.0,MATARA,BRAND NEW,2,,V11
MOTOR CYCLE,YADEA,RUIBIN,CHINA,ELECTRIC,0.8,ANURADHAPURA,BRAND NEW,37,,RUIBIN
MOTOR CYCLE,HERO,HF-DELUXE,INDIA,PETROL,97.2,MATARA,BRAND NEW,1,HF-DELUXE,Unknown
MOTOR CYCLE,REVOLT,RV 400,INDIA,ELECTRIC,3.0,HAMBANTOTA,BRAND NEW,1,,RV 400
MOTOR CYCLE,YADEA,E8S PRO,CHINA,ELECTRIC,2.0,MONERAGALA,BRAND NEW,4,,E8S PRO
MOTOR CYCLE,HERO,XOOM-110,INDIA,PETROL,110.9,TRINCOMALEE,BRAND NEW,13,XOOM-110,Unknown
MOTOR CYCLE,TVS,TVS NTORQ 125 CC,INDIA,PETROL,124.8,KALUTARA,BRAND NEW,152,,TVS NTORQ 125 CC
MOTOR CYCLE,TVS,TVS NTORQ 125 CC,INDIA,PETROL,124.8,ANURADHAPURA,BRAND NEW,78,,TVS NTORQ 125 CC
MOTOR CYCLE,RANOMOTO,GN125H,CHINA,PETROL,124.0,PUTTALAM,BRAND NEW,4,,GN125H
MOTOR CYCLE,RANOMOTO,GN125H,CHINA,PETROL,124.0,HAMBANTOTA,BRAND NEW,1,,GN125H
MOTOR CYCLE,TVS,TVS NTORQ 125 CC,INDIA,PETROL,124.8,AMPARA,BRAND NEW,1,,TVS NTORQ 125 CC
MOTOR CYCLE,TVS,TVS NTORQ 125 CC,INDIA,PETROL,124.8,KILINOCHCHI,BRAND NEW,11,,TVS NTORQ 125 CC
MOTOR CYCLE,RANOMOTO,GN125H,CHINA,PETROL,124.0,RATNAPURA,BRAND NEW,3,,GN125H
MOTOR CYCLE,TVS,TVS RAIDER 125,SRI LANKA,PETROL,124.79,GAMPAHA,BRAND NEW-L/ASSEMBLE,42,,TVS RAIDER 125
MOTOR CYCLE,TVS,NTORQ 125,SRI LANKA,PETROL,124.8,TRINCOMALEE,BRAND NEW-L/ASSEMBLE,6,,NTORQ 125
MOTOR CYCLE,TVS,TVS XL 100,SRI LANKA,PETROL,99.7,KANDY,BRAND NEW-L/ASSEMBLE,1,,TVS XL 100
MOTOR CYCLE,TVS,TVS RAIDER 125,SRI LANKA,PETROL,124.79,AMPARA,BRAND NEW-L/ASSEMBLE,17,,TVS RAIDER 125
MOTOR CYCLE,TVS,TVS XL 100,SRI LANKA,PETROL,99.7,KILINOCHCHI,BRAND NEW-L/ASSEMBLE,19,,TVS XL 100
MOTOR CYCLE,TVS,TVS RAIDER 125,SRI LANKA,PETROL,124.79,MONERAGALA,BRAND NEW-L/ASSEMBLE,6,,TVS RAIDER 125
MOTOR CYCLE,TVS,TVS XL 100,SRI LANKA,PETROL,99.7,HAMBANTOTA,BRAND NEW-L/ASSEMBLE,138,,TVS XL 100
MOTOR CYCLE,TVS,NTORQ 125,SRI LANKA,PETROL,124.8,MONERAGALA,BRAND NEW-L/ASSEMBLE,6,,NTORQ 125
MOTOR CYCLE,TVS,TVS XL 100,SRI LANKA,PETROL,99.7,RATNAPURA,BRAND NEW-L/ASSEMBLE,21,,TVS XL 100
MOTOR CYCLE,BAJAJ,CT 100 ES,SRI LANKA,PETROL,102.0,RATNAPURA,BRAND NEW-L/ASSEMBLE,77,,CT 100 ES
MOTOR CYCLE,BAJAJ,PULSAR N160,SRI LANKA,PETROL,164.82,ANURADHAPURA,BRAND NEW-L/ASSEMBLE,44,,PULSAR N160
MOTOR CYCLE,TVS,TVS RAIDER 125,SRI LANKA,PETROL,124.79,HAMBANTOTA,BRAND NEW-L/ASSEMBLE,6,,TVS RAIDER 125
MOTOR CYCLE,BAJAJ,CT 100 ES,SRI LANKA,PETROL,102.0,KILINOCHCHI,BRAND NEW-L/ASSEMBLE,23,,CT 100 ES
MOTOR CYCLE,SENARO,GN125,SRI LANKA,PETROL,125.0,KEGALLE,BRAND NEW-L/ASSEMBLE,7,,GN125
MOTOR CYCLE,SENARO,GN125,SRI LANKA,PETROL,125.0,TRINCOMALEE,BRAND NEW-L/ASSEMBLE,6,,GN125
MOTOR CYCLE,BAJAJ,DISCOVER 125,SRI LANKA,PETROL,124.5,KURUNEGALA,BRAND NEW-L/ASSEMBLE,58,,DISCOVER 125
MOTOR CYCLE,BAJAJ,DISCOVER 125,SRI LANKA,PETROL,124.5,POLONNARUWA,BRAND NEW-L/ASSEMBLE,14,,DISCOVER 125
MOTOR CYCLE,RANOMOTO,C 50 CUSTOM,SRI LANKA,PETROL,49.0,PUTTALAM,BRAND NEW-L/ASSEMBLE,1,,C 50 CUSTOM
MOTOR CYCLE,BAJAJ,DISCOVER 125,SRI LANKA,PETROL,124.5,HAMBANTOTA,BRAND NEW-L/ASSEMBLE,14,,DISCOVER 125
MOTOR CYCLE,BAJAJ,DISCOVER 125,SRI LANKA,PETROL,124.5,JAFFNA,BRAND NEW-L/ASSEMBLE,25,,DISCOVER 125
MOTOR CYCLE,TVS,NTORQ 125,SRI LANKA,PETROL,124.79,KEGALLE,BRAND NEW-L/ASSEMBLE,1,,NTORQ 125
MOTOR CYCLE,RANOMOTO,MOPED SUPER,SRI LANKA,PETROL,49.0,GAMPAHA,BRAND NEW-L/ASSEMBLE,4,,MOPED SUPER
MOTOR CYCLE,HONDA,PCX 125,JAPAN,PETROL,125.0,PUTTALAM,RECONDITIONED,2,,PCX 125
MOTOR CYCLE,HONDA,PCX 160,JAPAN,PETROL,157.0,AMPARA,RECONDITIONED,1,,PCX 160
MOTOR CYCLE,HONDA,PCX 160,JAPAN,PETROL,157.0,ANURADHAPURA,RECONDITIONED,2,,PCX 160
MOTOR CYCLE,HONDA,PCX125,JAPAN,PETROL,124.0,KURUNEGALA,RECONDITIONED,2,,PCX125
MOTOR CYCLE,B.M.W.,8BL-C40AA,JAPAN,PETROL,350.0,COLOMBO,RECONDITIONED,1,8BL-C40AA,Unknown
MOTOR CYCLE,HONDA,PCX,JAPAN,PETROL,124.0,KANDY,RECONDITIONED,1,,PCX
MOTOR CYCLE,HONDA,ADV160,MALAYSIA,PETROL,157.0,POLONNARUWA,RECONDITIONED,1,,ADV160
MOTOR CYCLE,HONDA,PCX160,JAPAN,PETROL,157.0,AMPARA,RECONDITIONED,1,,PCX160
MOTOR CYCLE,HONDA,PCX125,JAPAN,PETROL,125.0,KEGALLE,RECONDITIONED,1,,PCX125
MOTOR CYCLE,RISE,LEADER,SRI LANKA,ELECTRIC,2.0,PUTTALAM,BRAND NEW-L/MANUFACT,1,,LEADER
MOTOR CYCLE,RISE,LEADER PLUS,SRI LANKA,ELECTRIC,2.0,GALLE,BRAND NEW-L/MANUFACT,3,,LEADER PLUS
MOTOR CYCLE,RISE,LEADER PLUS,SRI LANKA,ELECTRIC,2.0,PUTTALAM,BRAND NEW-L/MANUFACT,1,,LEADER PLUS
MOTOR CYCLE,SUZUKI,LETS4,JAPAN,PETROL,49.0,KALUTARA,BOUGHT FROM AUCTION,1,,LETS4
MOTOR CYCLE,HONDA,DIO CESTA,JAPAN,PETROL,49.0,KALUTARA,BOUGHT FROM AUCTION,1,,DIO CESTA
MOTOR CYCLE,YAMAHA,TW-200,JAPAN,PETROL,199.0,GAMPAHA,BOUGHT FROM AUCTION,1,TW-200,Unknown
MOTOR CYCLE,QUANLE,XGW,CHINA,ELECTRIC,1.2,PUTTALAM,BRAND NEW,1,,XGW
MOTOR CYCLE,QUANLE,XGW,CHINA,ELECTRIC,1.2,ANURADHAPURA,BRAND NEW,5,,XGW
MOTOR CYCLE,QUANLE,ZL,CHINA,ELECTRIC,2.0,KALUTARA,BRAND NEW,2,,ZL
MOTOR CYCLE,QUANLE,ZL,CHINA,ELECTRIC,2.0,GALLE,BRAND NEW,2,,ZL
MOTOR CYCLE,NWOW,V11,CHINA,ELECTRIC,1.0,COLOMBO,BRAND NEW,8,,V11
MOTOR CYCLE,VMOTO,CPX,CHINA,ELECTRIC,4.3,HAMBANTOTA,BRAND NEW,1,,CPX
MOTOR CYCLE,LUYUAN,MNK3,CHINA,ELECTRIC,1.5,GAMPAHA,BRAND NEW,1,,MNK3
MOTOR CYCLE,LUYUAN,MNK3,CHINA,ELECTRIC,1.5,ANURADHAPURA,BRAND NEW,1,,MNK3
MOTOR CYCLE,YADEA,T5,CHINA,ELECTRIC,1.2,COLOMBO,BRAND NEW,53,,T5
MOTOR CYCLE,YADEA,T5,CHINA,ELECTRIC,1.2,VAVUNIYA,BRAND NEW,3,,T5
MOTOR CYCLE,LIMA,ELO-07,CHINA,ELECTRIC,1.5,COLOMBO,BRAND NEW,3,ELO-07,Unknown
MOTOR CYCLE,LIMA,ELO-07,CHINA,ELECTRIC,1.5,KURUNEGALA,BRAND NEW,36,ELO-07,Unknown
MOTOR CYCLE,LIMA,ELO-07,CHINA,ELECTRIC,1.5,GALLE,BRAND NEW,4,ELO-07,Unknown
MOTOR CYCLE,HUAIHAI,HUAIHAI,CHINA,ELECTRIC,2.0,MATARA,BRAND NEW,4,,HUAIHAI
MOTOR CYCLE,HUAIHAI,HUAIHAI,CHINA,ELECTRIC,2.0,GALLE,BRAND NEW,1,,HUAIHAI
MOTOR CYCLE,LUYUAN ALFA,MKK-Z23E-12-C,CHINA,ELECTRIC,1.2,GALLE,BRAND NEW,4,MKK-Z23E-12-C,Unknown
MOTOR CYCLE,BAJAJ,CT 100 ES,SRI LANKA,PETROL,102.0,KANDY,BRAND NEW,1,,CT 100 ES
MOTOR CYCLE,YADEA,T5,CHINA,ELECTRIC,1.2,RATNAPURA,BRAND NEW,5,,T5
MOTOR CYCLE,BAJAJ,CT 100 ES,SRI LANKA,PETROL,102.0,ANURADHAPURA,BRAND NEW,2,,CT 100 ES
MOTOR CYCLE,BAJAJ,PULSAR NS 200,INDIA,PETROL,199.5,AMPARA,BRAND NEW,25,,PULSAR NS 200
MOTOR CYCLE,BAJAJ,PULSAR NS 200,INDIA,PETROL,199.5,ANURADHAPURA,BRAND NEW,33,,PULSAR NS 200
MOTOR CYCLE,BAJAJ,PULSAR NS 200,INDIA,PETROL,199.5,MONERAGALA,BRAND NEW,6,,PULSAR NS 200
MOTOR CYCLE,SOLID,G6,CHINA,ELECTRIC,1.5,PUTTALAM,BRAND NEW,1,,G6
MOTOR CYCLE,YADEA,E8S PRO,CHINA,ELECTRIC,2.0,JAFFNA,BRAND NEW,2,,E8S PRO
MOTOR CYCLE,YADEA,E8S PRO,CHINA,ELECTRIC,2.0,KURUNEGALA,BRAND NEW,6,,E8S PRO
MOTOR CYCLE,BAJAJ,PULSAR N 160,INDIA,PETROL,164.32,HAMBANTOTA,BRAND NEW,24,,PULSAR N 160
MOTOR CYCLE,BAJAJ,PULSAR N 125,INDIA,PETROL,124.58,VAVUNIYA,BRAND NEW,9,,PULSAR N 125
MOTOR CYCLE,NWOW,TK 10,CHINA,ELECTRIC,0.8,MATARA,BRAND NEW,1,,TK 10
MOTOR CYCLE,LIMA,ELO-07,CHINA,ELECTRIC,1.5,KEGALLE,BRAND NEW,1,ELO-07,Unknown
MOTOR CYCLE,VMOTO,CPX,CHINA,ELECTRIC,4.3,KURUNEGALA,BRAND NEW,1,,CPX
MOTOR CYCLE,BAJAJ,PULSAR N 125,INDIA,PETROL,124.58,KANDY,BRAND NEW,11,,PULSAR N 125
MOTOR CYCLE,BAJAJ,PULSAR NS 200,INDIA,PETROL,199.5,NUWARA-ELIYA,BRAND NEW,1,,PULSAR NS 200
MOTOR CYCLE,HONDA,PCX 160  ABS,INDONESIA,PETROL,160.0,GAMPAHA,BRAND NEW,1,,PCX 160  ABS
MOTOR CYCLE,HERO,HF-DELUXE,INDIA,PETROL,97.2,KURUNEGALA,BRAND NEW,14,HF-DELUXE,Unknown
MOTOR CYCLE,NWOW,ARS,CHINA,ELECTRIC,0.45,GAMPAHA,BRAND NEW,3,,ARS
MOTOR CYCLE,DYNAMIC,SL,CHINA,ELECTRIC,2.0,PUTTALAM,BRAND NEW,1,,SL
MOTOR CYCLE,TVS,TVS NTORQ 125 CC,INDIA,PETROL,124.8,MATARA,BRAND NEW,40,,TVS NTORQ 125 CC
MOTOR CYCLE,TVS,TVS NTORQ 125 CC,INDIA,PETROL,124.8,RATNAPURA,BRAND NEW,29,,TVS NTORQ 125 CC
MOTOR CYCLE,BAJAJ,PULSAR NS 200,INDIA,PETROL,199.5,MATARA,BRAND NEW,6,,PULSAR NS 200
MOTOR CYCLE,TMR LUYUAN,S18,CHINA,ELECTRIC,1.2,MATARA,BRAND NEW,1,,S18
MOTOR CYCLE,DIMEN,D60,CHINA,ELECTRIC,1.2,PUTTALAM,BRAND NEW,1,,D60
MOTOR CYCLE,BAJAJ,PULSAR N 125,INDIA,PETROL,124.58,JAFFNA,BRAND NEW,9,,PULSAR N 125
MOTOR CYCLE,HERO,HF-DELUXE,INDIA,PETROL,97.2,KILINOCHCHI,BRAND NEW,7,HF-DELUXE,Unknown
MOTOR CYCLE,LUYUAN,M-MHH-Z30LJ,CHINA,ELECTRIC,2.0,GALLE,BRAND NEW,1,,M-MHH-Z30LJ
MOTOR CYCLE,NWOW,WSP,CHINA,ELECTRIC,1.5,KURUNEGALA,BRAND NEW,1,,WSP
MOTOR CYCLE,TVS,TVS RAIDER 125,SRI LANKA,PETROL,124.79,JAFFNA,BRAND NEW-L/ASSEMBLE,9,,TVS RAIDER 125
MOTOR CYCLE,TVS,TVS XL 100,SRI LANKA,PETROL,99.7,POLONNARUWA,BRAND NEW-L/ASSEMBLE,48,,TVS XL 100
MOTOR CYCLE,TVS,TVS XL 100,SRI LANKA,PETROL,99.7,PUTTALAM,BRAND NEW-L/ASSEMBLE,45,,TVS XL 100
MOTOR CYCLE,TVS,TVS XL 100,SRI LANKA,PETROL,99.7,GAMPAHA,BRAND NEW-L/ASSEMBLE,22,,TVS XL 100
MOTOR CYCLE,BAJAJ,PULSAR N160,SRI LANKA,PETROL,164.82,VAVUNIYA,BRAND NEW-L/ASSEMBLE,22,,PULSAR N160
MOTOR CYCLE,TVS,TVS RAIDER 125,SRI LANKA,PETROL,124.79,GALLE,BRAND NEW-L/ASSEMBLE,20,,TVS RAIDER 125
MOTOR CYCLE,TVS,NTORQ 125,SRI LANKA,PETROL,124.8,PUTTALAM,BRAND NEW-L/ASSEMBLE,7,,NTORQ 125
MOTOR CYCLE,BAJAJ,PULSAR N160,SRI LANKA,PETROL,164.82,RATNAPURA,BRAND NEW-L/ASSEMBLE,25,,PULSAR N160
MOTOR CYCLE,BAJAJ,PULSAR N160,SRI LANKA,PETROL,164.82,KANDY,BRAND NEW-L/ASSEMBLE,20,,PULSAR N160
MOTOR CYCLE,BAJAJ,PULSAR N160,SRI LANKA,PETROL,164.82,MATALE,BRAND NEW-L/ASSEMBLE,10,,PULSAR N160
MOTOR CYCLE,BAJAJ,DISCOVER 125,SRI LANKA,PETROL,124.5,TRINCOMALEE,BRAND NEW-L/ASSEMBLE,11,,DISCOVER 125
MOTOR CYCLE,BAJAJ,PULSAR N160,SRI LANKA,PETROL,164.82,KILINOCHCHI,BRAND NEW-L/ASSEMBLE,5,,PULSAR N160
MOTOR CYCLE,BAJAJ,DISCOVER 125,SRI LANKA,PETROL,124.5,KEGALLE,BRAND NEW-L/ASSEMBLE,16,,DISCOVER 125
MOTOR CYCLE,TVS,NTORQ 125,SRI LANKA,PETROL,124.8,BADULLA,BRAND NEW-L/ASSEMBLE,4,,NTORQ 125
MOTOR CYCLE,TVS,NTORQ 125,SRI LANKA,PETROL,124.79,KANDY,BRAND NEW-L/ASSEMBLE,2,,NTORQ 125
MOTOR CYCLE,RANOMOTO,MOPED SUPER,SRI LANKA,PETROL,49.0,PUTTALAM,BRAND NEW-L/ASSEMBLE,6,,MOPED SUPER
MOTOR CYCLE,RANOMOTO,WAVE SCOOTER,SRI LANKA,PETROL,100.0,JAFFNA,BRAND NEW-L/ASSEMBLE,1,,WAVE SCOOTER
MOTOR CYCLE,TVS,TVS NTORQ 125 CC,INDIA,PETROL,124.8,COLOMBO,BRAND NEW-L/ASSEMBLE,1,,TVS NTORQ 125 CC
MOTOR CYCLE,HONDA,PCX160,JAPAN,PETROL,157.0,PUTTALAM,RECONDITIONED,2,,PCX160
MOTOR CYCLE,HONDA,PCX160,JAPAN,PETROL,156.0,BATTICALOA,RECONDITIONED,1,,PCX160
MOTOR CYCLE,HONDA,SUPER CUB 50,JAPAN,PETROL,49.0,PUTTALAM,RECONDITIONED,1,,SUPER CUB 50
MOTOR CYCLE,HONDA,PCX 160,JAPAN,PETROL,157.0,HAMBANTOTA,RECONDITIONED,1,,PCX 160
MOTOR CYCLE,HONDA,PCX160,JAPAN,PETROL,156.0,GAMPAHA,RECONDITIONED,1,,PCX160
MOTOR CYCLE,HONDA,PCX,VIETNAM,PETROL,124.0,ANURADHAPURA,RECONDITIONED,1,,PCX
MOTOR CYCLE,YAMAHA,FZ S,INDIA,PETROL,149.0,AMPARA,RECONDITIONED,1,,FZ S
MOTOR CYCLE,HONDA,PCX 160,JAPAN,PETROL,157.0,BATTICALOA,RECONDITIONED,1,,PCX 160
MOTOR CYCLE,HONDA,PCX  160,VIETNAM,PETROL,157.0,GAMPAHA,RECONDITIONED,1,,PCX  160
MOTOR CYCLE,HONDA,PCX,JAPAN,PETROL,156.0,GALLE,RECONDITIONED,2,,PCX
MOTOR CYCLE,RISE,LEADER,SRI LANKA,ELECTRIC,2.0,KILINOCHCHI,BRAND NEW-L/MANUFACT,1,,LEADER
MOTOR CYCLE,RISE,LEADER R 100,SRI LANKA,ELECTRIC,2.0,ANURADHAPURA,BRAND NEW-L/MANUFACT,4,,LEADER R 100
MOTOR CYCLE,RISE,LEADER R80,SRI LANKA,ELECTRIC,2.0,MATALE,BRAND NEW-L/MANUFACT,1,,LEADER R80
MOTOR CYCLE,RISE,LEADER,SRI LANKA,ELECTRIC,2.0,HAMBANTOTA,BRAND NEW-L/MANUFACT,1,,LEADER
MOTOR CYCLE,TVS,IQUBE,INDIA,ELECTRIC,3.34,COLOMBO,BRAND NEW,64,,IQUBE
MOTOR CYCLE,QUANLE,XGW,CHINA,ELECTRIC,1.2,GAMPAHA,BRAND NEW,28,,XGW
MOTOR CYCLE,QUANLE,G18,CHINA,ELECTRIC,2.0,PUTTALAM,BRAND NEW,4,,G18
MOTOR CYCLE,NWOW,SE,CHINA,ELECTRIC,0.8,COLOMBO,BRAND NEW,4,,SE
MOTOR CYCLE,TAILG,SAI BEI,CHINA,ELECTRIC,1.5,ANURADHAPURA,BRAND NEW,1,,SAI BEI
MOTOR CYCLE,TVS,TVS RAIDER 125,SRI LANKA,PETROL,124.79,KURUNEGALA,BRAND NEW,1,,TVS RAIDER 125
MOTOR CYCLE,DIMEN,D60,CHINA,ELECTRIC,1.2,COLOMBO,BRAND NEW,1,,D60
MOTOR CYCLE,QUANLE,ZL,CHINA,ELECTRIC,2.0,KURUNEGALA,BRAND NEW,7,,ZL
MOTOR CYCLE,QUANLE,G18,CHINA,ELECTRIC,2.0,RATNAPURA,BRAND NEW,1,,G18
MOTOR CYCLE,YADEA,RUIBIN,CHINA,ELECTRIC,0.8,AMPARA,BRAND NEW,11,,RUIBIN
MOTOR CYCLE,YADEA,T 9,CHINA,ELECTRIC,2.0,MULLATIVU,BRAND NEW,4,,T 9
MOTOR CYCLE,YADEA,T5,CHINA,ELECTRIC,1.2,ANURADHAPURA,BRAND NEW,78,,T5
MOTOR CYCLE,YADEA,RUIBIN,CHINA,ELECTRIC,0.8,POLONNARUWA,BRAND NEW,32,,RUIBIN
MOTOR CYCLE,TERRA,A4000I,VIETNAM,ELECTRIC,1.9,KURUNEGALA,BRAND NEW,2,,A4000I
MOTOR CYCLE,LIMA,ELO-07,CHINA,ELECTRIC,1.5,AMPARA,BRAND NEW,3,ELO-07,Unknown
MOTOR CYCLE,TVS,IQUBE,INDIA,ELECTRIC,3.34,MULLATIVU,BRAND NEW,2,,IQUBE
MOTOR CYCLE,TVS,IQUBE,INDIA,ELECTRIC,3.34,BADULLA,BRAND NEW,2,,IQUBE
MOTOR CYCLE,SENARO,GN125,SRI LANKA,PETROL,125.0,VAVUNIYA,BRAND NEW,1,,GN125
MOTOR CYCLE,LIMA,ELO-07,CHINA,ELECTRIC,1.5,MATARA,BRAND NEW,4,ELO-07,Unknown
MOTOR CYCLE,SENARO,CLICK 125,CHINA,PETROL,125.0,COLOMBO,BRAND NEW,2,,CLICK 125
MOTOR CYCLE,YADEA,RUIBIN,CHINA,ELECTRIC,0.8,GAMPAHA,BRAND NEW,14,,RUIBIN
MOTOR CYCLE,YADEA,T5,CHINA,ELECTRIC,1.2,BADULLA,BRAND NEW,4,,T5
MOTOR CYCLE,QUANLE,XGW,CHINA,ELECTRIC,1.2,MATALE,BRAND NEW,2,,XGW
MOTOR CYCLE,DIMEN,D60,CHINA,ELECTRIC,1.2,ANURADHAPURA,BRAND NEW,2,,D60
MOTOR CYCLE,BAJAJ,PULSAR NS 200,INDIA,PETROL,199.5,VAVUNIYA,BRAND NEW,4,,PULSAR NS 200
MOTOR CYCLE,BAJAJ,PULSAR NS 200,INDIA,PETROL,199.5,KANDY,BRAND NEW,5,,PULSAR NS 200
MOTOR CYCLE,BAJAJ,PULSAR NS 200,INDIA,PETROL,199.5,GALLE,BRAND NEW,12,,PULSAR NS 200
MOTOR CYCLE,YADEA,T5,CHINA,ELECTRIC,1.2,KANDY,BRAND NEW,6,,T5
MOTOR CYCLE,BAJAJ,PULSAR N 160,INDIA,PETROL,164.32,RATNAPURA,BRAND NEW,27,,PULSAR N 160
MOTOR CYCLE,BAJAJ,PULSAR N 160,INDIA,PETROL,164.32,TRINCOMALEE,BRAND NEW,26,,PULSAR N 160
MOTOR CYCLE,BAJAJ,PULSAR N 125,INDIA,PETROL,124.58,NUWARA-ELIYA,BRAND NEW,8,,PULSAR N 125
MOTOR CYCLE,LIMA,ELO-07,CHINA,ELECTRIC,1.5,RATNAPURA,BRAND NEW,2,ELO-07,Unknown
MOTOR CYCLE,BAJAJ,PULSAR N 125,INDIA,PETROL,124.58,PUTTALAM,BRAND NEW,43,,PULSAR N 125
MOTOR CYCLE,BAJAJ,PULSAR N 125,INDIA,PETROL,124.58,POLONNARUWA,BRAND NEW,12,,PULSAR N 125
MOTOR CYCLE,NWOW,V11,CHINA,ELECTRIC,1.0,GAMPAHA,BRAND NEW,5,,V11
MOTOR CYCLE,BAJAJ,PULSAR N 125,INDIA,PETROL,124.58,KILINOCHCHI,BRAND NEW,2,,PULSAR N 125
MOTOR CYCLE,HERO,HF-DELUXE,INDIA,PETROL,97.2,COLOMBO,BRAND NEW,2,HF-DELUXE,Unknown
MOTOR CYCLE,HONDA,PCX 160 ABS,INDONESIA,PETROL,160.0,KANDY,BRAND NEW,1,,PCX 160 ABS
MOTOR CYCLE,NWOW,WSP,CHINA,ELECTRIC,1.5,BADULLA,BRAND NEW,1,,WSP
MOTOR CYCLE,HERO,XOOM-110,INDIA,PETROL,110.9,KANDY,BRAND NEW,2,XOOM-110,Unknown
MOTOR CYCLE,BAJAJ,CT 100 ES,SRI LANKA,PETROL,102.0,KALUTARA,BRAND NEW,2,,CT 100 ES
MOTOR CYCLE,BAJAJ,PULSAR N 125,INDIA,PETROL,124.58,BATTICALOA,BRAND NEW,7,,PULSAR N 125
MOTOR CYCLE,LIMA,ELO-07,CHINA,ELECTRIC,1.5,MATALE,BRAND NEW,5,ELO-07,Unknown
MOTOR CYCLE,HERO,XOOM-110,INDIA,PETROL,110.9,MANNAR,BRAND NEW,23,XOOM-110,Unknown
MOTOR CYCLE,RANOMOTO,GN125H,CHINA,PETROL,124.0,AMPARA,BRAND NEW,10,,GN125H
MOTOR CYCLE,HERO,HF-DELUXE,INDIA,PETROL,97.2,KEGALLE,BRAND NEW,1,HF-DELUXE,Unknown
MOTOR CYCLE,HERO,HF-DELUXE,INDIA,PETROL,97.2,AMPARA,BRAND NEW,2,HF-DELUXE,Unknown
MOTOR CYCLE,NWOW,SE,CHINA,ELECTRIC,0.8,KALUTARA,BRAND NEW,3,,SE
MOTOR CYCLE,NWOW,SE,CHINA,ELECTRIC,0.8,RATNAPURA,BRAND NEW,1,,SE
MOTOR CYCLE,TVS,TVS NTORQ 125 CC,INDIA,PETROL,124.8,MONERAGALA,BRAND NEW,1,,TVS NTORQ 125 CC
MOTOR CYCLE,TVS,TVS RAIDER 125,SRI LANKA,PETROL,124.79,TRINCOMALEE,BRAND NEW-L/ASSEMBLE,13,,TVS RAIDER 125
MOTOR CYCLE,TVS,TVS RAIDER 125,SRI LANKA,PETROL,124.79,KALUTARA,BRAND NEW-L/ASSEMBLE,15,,TVS RAIDER 125
MOTOR CYCLE,TVS,TVS RAIDER 125,SRI LANKA,PETROL,124.79,ANURADHAPURA,BRAND NEW-L/ASSEMBLE,16,,TVS RAIDER 125
MOTOR CYCLE,TVS,TVS XL 100,SRI LANKA,PETROL,99.7,ANURADHAPURA,BRAND NEW-L/ASSEMBLE,271,,TVS XL 100
MOTOR CYCLE,TVS,NTORQ 125,SRI LANKA,PETROL,124.8,ANURADHAPURA,BRAND NEW-L/ASSEMBLE,17,,NTORQ 125
MOTOR CYCLE,TVS,TVS XL 100,SRI LANKA,PETROL,99.7,COLOMBO,BRAND NEW-L/ASSEMBLE,21,,TVS XL 100
MOTOR CYCLE,BAJAJ,PULSAR N160,SRI LANKA,PETROL,164.82,TRINCOMALEE,BRAND NEW-L/ASSEMBLE,31,,PULSAR N160
MOTOR CYCLE,BAJAJ,PULSAR N160,SRI LANKA,PETROL,164.82,COLOMBO,BRAND NEW-L/ASSEMBLE,132,,PULSAR N160
MOTOR CYCLE,BAJAJ,CT 100 ES,SRI LANKA,PETROL,102.0,NUWARA-ELIYA,BRAND NEW-L/ASSEMBLE,32,,CT 100 ES
MOTOR CYCLE,BAJAJ,PULSAR N160,SRI LANKA,PETROL,164.82,GALLE,BRAND NEW-L/ASSEMBLE,53,,PULSAR N160
MOTOR CYCLE,QUANLE,XGW,CHINA,ELECTRIC,1.2,HAMBANTOTA,BRAND NEW-L/ASSEMBLE,1,,XGW
MOTOR CYCLE,BAJAJ,DISCOVER 125,SRI LANKA,PETROL,124.5,BADULLA,BRAND NEW-L/ASSEMBLE,19,,DISCOVER 125
MOTOR CYCLE,TVS,TVS XL 100,SRI LANKA,PETROL,99.7,VAVUNIYA,BRAND NEW-L/ASSEMBLE,16,,TVS XL 100
MOTOR CYCLE,SENARO,GN125,SRI LANKA,PETROL,125.0,VAVUNIYA,BRAND NEW-L/ASSEMBLE,2,,GN125
MOTOR CYCLE,YADEA,RUIBIN,CHINA,ELECTRIC,0.8,KALUTARA,BRAND NEW-L/ASSEMBLE,1,,RUIBIN
MOTOR CYCLE,RANOMOTO,PATTAYA DOUBLE POWER,SRI LANKA,PETROL,48.0,KALUTARA,BRAND NEW-L/ASSEMBLE,5,,PATTAYA DOUBLE POWER
MOTOR CYCLE,BAJAJ,DISCOVER 125,SRI LANKA,PETROL,124.5,VAVUNIYA,BRAND NEW-L/ASSEMBLE,9,,DISCOVER 125
MOTOR CYCLE,TVS,TVS XL 100,SRI LANKA,PETROL,100.0,KILINOCHCHI,BRAND NEW-L/ASSEMBLE,1,,TVS XL 100
MOTOR CYCLE,TVS,TVS NTORQ 125 CC,SRI LANKA,PETROL,124.8,COLOMBO,BRAND NEW-L/ASSEMBLE,1,,TVS NTORQ 125 CC
MOTOR CYCLE,BAJAJ,PULSAR NS 200,INDIA,PETROL,199.5,HAMBANTOTA,BRAND NEW-L/ASSEMBLE,1,,PULSAR NS 200
MOTOR CYCLE,HONDA,PCX 160,JAPAN,PETROL,160.0,KANDY,RECONDITIONED,1,,PCX 160
MOTOR CYCLE,HONDA,PCX 125,VIETNAM,PETROL,124.0,ANURADHAPURA,RECONDITIONED,1,,PCX 125
MOTOR CYCLE,YAMAHA,NMAX,INDONESIA,PETROL,124.0,COLOMBO,RECONDITIONED,1,,NMAX
MOTOR CYCLE,HONDA,ADV 160,JAPAN,PETROL,157.0,KALUTARA,RECONDITIONED,3,,ADV 160
MOTOR CYCLE,HONDA,PCX160,JAPAN,PETROL,159.0,COLOMBO,RECONDITIONED,1,,PCX160
MOTOR CYCLE,HONDA,PCX 125,JAPAN,PETROL,124.0,COLOMBO,RECONDITIONED,1,,PCX 125
MOTOR CYCLE,HONDA,CRF-250L,JAPAN,PETROL,249.0,PUTTALAM,RECONDITIONED,1,CRF-250L,Unknown
MOTOR CYCLE,RISE,LEADER R 100,SRI LANKA,ELECTRIC,2.0,POLONNARUWA,BRAND NEW-L/MANUFACT,1,,LEADER R 100
MOTOR CYCLE,RISE,LEADER R80,SRI LANKA,ELECTRIC,2.0,RATNAPURA,BRAND NEW-L/MANUFACT,1,,LEADER R80
MOTOR CYCLE,RISE,LEADER PLUS,SRI LANKA,ELECTRIC,2.0,AMPARA,BRAND NEW-L/MANUFACT,1,,LEADER PLUS
MOTOR CYCLE,RISE,LEADER PLUS,SRI LANKA,ELECTRIC,2.0,MATARA,BRAND NEW-L/MANUFACT,1,,LEADER PLUS
MOTOR CYCLE,DASTOL,DW-28,CHINA,ELECTRIC,2.0,HAMBANTOTA,BRAND NEW,3,DW-28,Unknown
MOTOR CYCLE,OYFLY,TDM-LTW,CHINA,ELECTRIC,2.0,HAMBANTOTA,BRAND NEW,1,TDM-LTW,Unknown
MOTOR CYCLE,QUANLE,ZS,CHINA,ELECTRIC,1.2,GALLE,BRAND NEW,2,,ZS
MOTOR CYCLE,QUANLE,Q1,CHINA,ELECTRIC,1.2,GAMPAHA,BRAND NEW,5,,Q1
MOTOR CYCLE,QUANLE,XGW,CHINA,ELECTRIC,1.2,TRINCOMALEE,BRAND NEW,5,,XGW
MOTOR CYCLE,QUANLE,G18,CHINA,ELECTRIC,2.0,AMPARA,BRAND NEW,2,,G18
MOTOR CYCLE,YADEA,E8S PRO,CHINA,ELECTRIC,2.0,KANDY,BRAND NEW,1,,E8S PRO
MOTOR CYCLE,YADEA,RUIBIN,CHINA,ELECTRIC,0.8,MONERAGALA,BRAND NEW,8,,RUIBIN
MOTOR CYCLE,YADEA,RUIBIN,CHINA,ELECTRIC,0.8,COLOMBO,BRAND NEW,22,,RUIBIN
MOTOR CYCLE,YADEA,T5,CHINA,ELECTRIC,1.2,GAMPAHA,BRAND NEW,44,,T5
MOTOR CYCLE,LUYUAN,MYT,CHINA,ELECTRIC,0.8,POLONNARUWA,BRAND NEW,4,,MYT
MOTOR CYCLE,LIMA,ELO-07,CHINA,ELECTRIC,1.5,ANURADHAPURA,BRAND NEW,15,ELO-07,Unknown
MOTOR CYCLE,YADEA,RUIBIN,CHINA,ELECTRIC,0.8,MATARA,BRAND NEW,9,,RUIBIN
MOTOR CYCLE,YADEA,T 9,CHINA,ELECTRIC,2.0,KANDY,BRAND NEW,3,,T 9
MOTOR CYCLE,DAYWANG(DW)SL,E-MOTOR CYCLE,CHINA,ELECTRIC,0.8,MONERAGALA,BRAND NEW,1,,E-MOTOR CYCLE
MOTOR CYCLE,BAJAJ,PULSAR NS 200,INDIA,PETROL,199.5,KALUTARA,BRAND NEW,28,,PULSAR NS 200
MOTOR CYCLE,DAYUN,DY 125,CHINA,PETROL,125.0,PUTTALAM,BRAND NEW,1,,DY 125
MOTOR CYCLE,SUPER SOCO,TS STREET HUNTER,CHINA,ELECTRIC,2.5,COLOMBO,BRAND NEW,4,,TS STREET HUNTER
MOTOR CYCLE,BAJAJ,PULSAR N 160,INDIA,PETROL,164.32,KURUNEGALA,BRAND NEW,109,,PULSAR N 160
MOTOR CYCLE,BAJAJ,PULSAR N 160,INDIA,PETROL,164.32,PUTTALAM,BRAND NEW,74,,PULSAR N 160
MOTOR CYCLE,BAJAJ,PULSAR N 160,INDIA,PETROL,164.32,NUWARA-ELIYA,BRAND NEW,10,,PULSAR N 160
MOTOR CYCLE,BAJAJ,PULSAR N 125,INDIA,PETROL,124.58,MANNAR,BRAND NEW,5,,PULSAR N 125
MOTOR CYCLE,TAILG,SAI BEI,CHINA,ELECTRIC,1.5,MATALE,BRAND NEW,1,,SAI BEI
MOTOR CYCLE,TMR LUYUAN,S18,CHINA,ELECTRIC,1.2,ANURADHAPURA,BRAND NEW,6,,S18
MOTOR CYCLE,TMR LUYUAN,S18,CHINA,ELECTRIC,1.2,MONERAGALA,BRAND NEW,1,,S18
MOTOR CYCLE,TMR LUYUAN,S18,CHINA,ELECTRIC,1.2,TRINCOMALEE,BRAND NEW,1,,S18
MOTOR CYCLE,BAJAJ,PULSAR N 125,INDIA,PETROL,124.58,AMPARA,BRAND NEW,14,,PULSAR N 125
MOTOR CYCLE,BAJAJ,PULSAR N 160,INDIA,PETROL,164.32,MONERAGALA,BRAND NEW,13,,PULSAR N 160
MOTOR CYCLE,DAYUN,DY110-30,CHINA,PETROL,110.0,PUTTALAM,BRAND NEW,1,DY110-30,Unknown
MOTOR CYCLE,HERO,XOOM-110,INDIA,PETROL,110.9,NUWARA-ELIYA,BRAND NEW,2,XOOM-110,Unknown
MOTOR CYCLE,HERO,XOOM-110,INDIA,PETROL,110.9,MATALE,BRAND NEW,2,XOOM-110,Unknown
MOTOR CYCLE,LUYUAN ALFA,MKK-Z23E-12-C,CHINA,ELECTRIC,1.2,COLOMBO,BRAND NEW,1,MKK-Z23E-12-C,Unknown
MOTOR CYCLE,HONDA,PCX160 ABS,INDONESIA,PETROL,160.0,COLOMBO,BRAND NEW,1,,PCX160 ABS
MOTOR CYCLE,OYFLY,TDM-LTW,CHINA,ELECTRIC,2.0,GAMPAHA,BRAND NEW,1,TDM-LTW,Unknown
MOTOR CYCLE,RANOMOTO,GN125H,CHINA,PETROL,124.0,KANDY,BRAND NEW,4,,GN125H
MOTOR CYCLE,RANOMOTO,GN125H,CHINA,PETROL,124.0,KEGALLE,BRAND NEW,2,,GN125H
MOTOR CYCLE,TMR LUYUAN,S18,CHINA,ELECTRIC,1.2,GALLE,BRAND NEW,1,,S18
MOTOR CYCLE,TVS,JUPITER,INDIA,PETROL,113.3,GAMPAHA,BRAND NEW,2,,JUPITER
MOTOR CYCLE,SOLID,G6,CHINA,ELECTRIC,1.5,KURUNEGALA,BRAND NEW,1,,G6
MOTOR CYCLE,SOLID,G6,CHINA,ELECTRIC,1.5,GALLE,BRAND NEW,1,,G6
MOTOR CYCLE,BAJAJ,PULSAR N 160,INDIA,PETROL,164.82,PUTTALAM,BRAND NEW,2,,PULSAR N 160
MOTOR CYCLE,NWOW,ARS,CHINA,ELECTRIC,0.45,COLOMBO,BRAND NEW,4,,ARS
MOTOR CYCLE,NWOW,SE,CHINA,ELECTRIC,0.8,MATARA,BRAND NEW,1,,SE
MOTOR CYCLE,YADEA,E8S PRO,CHINA,ELECTRIC,2.0,ANURADHAPURA,BRAND NEW,1,,E8S PRO
MOTOR CYCLE,TVS,NTORQ 125,SRI LANKA,PETROL,124.8,COLOMBO,BRAND NEW-L/ASSEMBLE,67,,NTORQ 125
MOTOR CYCLE,TVS,TVS RAIDER 125,SRI LANKA,PETROL,124.79,PUTTALAM,BRAND NEW-L/ASSEMBLE,12,,TVS RAIDER 125
MOTOR CYCLE,TVS,NTORQ 125,SRI LANKA,PETROL,124.8,KALUTARA,BRAND NEW-L/ASSEMBLE,8,,NTORQ 125
MOTOR CYCLE,TVS,NTORQ 125,SRI LANKA,PETROL,124.8,VAVUNIYA,BRAND NEW-L/ASSEMBLE,2,,NTORQ 125
MOTOR CYCLE,TVS,NTORQ 125,SRI LANKA,PETROL,124.79,RATNAPURA,BRAND NEW-L/ASSEMBLE,4,,NTORQ 125
MOTOR CYCLE,BAJAJ,CT 100 ES,SRI LANKA,PETROL,102.0,POLONNARUWA,BRAND NEW-L/ASSEMBLE,76,,CT 100 ES
MOTOR CYCLE,BAJAJ,CT 100 ES,SRI LANKA,PETROL,102.0,MULLATIVU,BRAND NEW-L/ASSEMBLE,14,,CT 100 ES
MOTOR CYCLE,TVS,TVS XL 100,SRI LANKA,PETROL,99.7,KURUNEGALA,BRAND NEW-L/ASSEMBLE,109,,TVS XL 100
MOTOR CYCLE,TVS,NTORQ 125,SRI LANKA,PETROL,124.79,GALLE,BRAND NEW-L/ASSEMBLE,1,,NTORQ 125
MOTOR CYCLE,BAJAJ,CT 100 ES,SRI LANKA,PETROL,102.0,JAFFNA,BRAND NEW-L/ASSEMBLE,33,,CT 100 ES
MOTOR CYCLE,SENARO,GN125,SRI LANKA,PETROL,125.0,COLOMBO,BRAND NEW-L/ASSEMBLE,10,,GN125
MOTOR CYCLE,BAJAJ,PULSAR N160,SRI LANKA,PETROL,164.82,NUWARA-ELIYA,BRAND NEW-L/ASSEMBLE,25,,PULSAR N160
MOTOR CYCLE,TVS,TVS RAIDER 125,SRI LANKA,PETROL,124.79,MATALE,BRAND NEW-L/ASSEMBLE,5,,TVS RAIDER 125
MOTOR CYCLE,SENARO,GN125,SRI LANKA,PETROL,125.0,RATNAPURA,BRAND NEW-L/ASSEMBLE,21,,GN125
MOTOR CYCLE,SENARO,GN125,SRI LANKA,PETROL,125.0,KANDY,BRAND NEW-L/ASSEMBLE,6,,GN125
MOTOR CYCLE,BAJAJ,DISCOVER 125,SRI LANKA,PETROL,124.5,PUTTALAM,BRAND NEW-L/ASSEMBLE,31,,DISCOVER 125
MOTOR CYCLE,BAJAJ,DISCOVER 125,SRI LANKA,PETROL,124.5,MULLATIVU,BRAND NEW-L/ASSEMBLE,3,,DISCOVER 125
MOTOR CYCLE,BAJAJ,PULSAR N 160,SRI LANKA,PETROL,199.5,COLOMBO,BRAND NEW-L/ASSEMBLE,1,,PULSAR N 160
MOTOR CYCLE,TVS,NTORQ 125,SRI LANKA,PETROL,124.79,MONERAGALA,BRAND NEW-L/ASSEMBLE,1,,NTORQ 125
MOTOR CYCLE,LENCAR,ERC80,SRI LANKA,ELECTRIC,1.2,ANURADHAPURA,BRAND NEW-L/ASSEMBLE,1,,ERC80
MOTOR CYCLE,SENARO,GN125,SRI LANKA,PETROL,125.0,BATTICALOA,BRAND NEW-L/ASSEMBLE,7,,GN125
MOTOR CYCLE,REVOLT,RV 400,INDIA,PETROL,3.0,GAMPAHA,BRAND NEW-L/ASSEMBLE,1,,RV 400
MOTOR CYCLE,HONDA,PCX,VIETNAM,PETROL,156.0,PUTTALAM,RECONDITIONED,1,,PCX
MOTOR CYCLE,HONDA,8BK-KF47,JAPAN,PETROL,157.0,AMPARA,RECONDITIONED,1,8BK-KF47,PCX160
MOTOR CYCLE,HONDA,C 50,JAPAN,PETROL,50.0,GAMPAHA,RECONDITIONED,1,,C 50
MOTOR CYCLE,HONDA,PCX160,JAPAN,PETROL,156.0,GALLE,RECONDITIONED,1,,PCX160
MOTOR CYCLE,HONDA,PCX160,JAPAN,PETROL,157.0,BATTICALOA,RECONDITIONED,1,,PCX160
MOTOR CYCLE,RISE,LEADER PLUS,SRI LANKA,ELECTRIC,2.0,MATALE,BRAND NEW-L/MANUFACT,2,,LEADER PLUS
MOTOR CYCLE,RISE,LEADER PLUS,SRI LANKA,ELECTRIC,2.0,MONERAGALA,BRAND NEW-L/MANUFACT,1,,LEADER PLUS
MOTOR CYCLE,QUANLE,XGW,CHINA,ELECTRIC,1.2,POLONNARUWA,BRAND NEW,3,,XGW
MOTOR CYCLE,ATHER,450X,INDIA,ELECTRIC,3.0,JAFFNA,BRAND NEW,1,,450X
MOTOR CYCLE,TAILG,SAI BEI,CHINA,ELECTRIC,1.5,COLOMBO,BRAND NEW,1,,SAI BEI
MOTOR CYCLE,NWOW,TK 10,CHINA,ELECTRIC,0.8,COLOMBO,BRAND NEW,7,,TK 10
MOTOR CYCLE,LUYUAN,MNK3,CHINA,ELECTRIC,1.5,KURUNEGALA,BRAND NEW,6,,MNK3
MOTOR CYCLE,QUANLE,ZS,CHINA,ELECTRIC,1.2,GAMPAHA,BRAND NEW,4,,ZS
MOTOR CYCLE,LUYUAN,MNK3,CHINA,ELECTRIC,1.5,COLOMBO,BRAND NEW,1,,MNK3
MOTOR CYCLE,QUANLE,ZL,CHINA,ELECTRIC,2.0,KANDY,BRAND NEW,1,,ZL
MOTOR CYCLE,YADEA,RUIBIN,CHINA,ELECTRIC,0.8,BATTICALOA,BRAND NEW,5,,RUIBIN
MOTOR CYCLE,YADEA,E8S PRO,CHINA,ELECTRIC,2.0,GAMPAHA,BRAND NEW,2,,E8S PRO
MOTOR CYCLE,YADEA,RUIBIN,CHINA,ELECTRIC,0.8,TRINCOMALEE,BRAND NEW,7,,RUIBIN
MOTOR CYCLE,YADEA,T 9,CHINA,ELECTRIC,2.0,KURUNEGALA,BRAND NEW,22,,T 9
MOTOR CYCLE,YADEA,T5,CHINA,ELECTRIC,1.2,KURUNEGALA,BRAND NEW,139,,T5
MOTOR CYCLE,YADEA,T 9,CHINA,ELECTRIC,2.0,ANURADHAPURA,BRAND NEW,16,,T 9
MOTOR CYCLE,YADEA,T 9,CHINA,ELECTRIC,2.0,PUTTALAM,BRAND NEW,9,,T 9
MOTOR CYCLE,YADEA,T5,CHINA,ELECTRIC,1.2,MATARA,BRAND NEW,37,,T5
MOTOR CYCLE,BAJAJ,PULSAR NS 200,INDIA,PETROL,199.5,COLOMBO,BRAND NEW,81,,PULSAR NS 200
MOTOR CYCLE,YADEA,T 9,CHINA,ELECTRIC,2.0,MATARA,BRAND NEW,11,,T 9
MOTOR CYCLE,YADEA,T5,CHINA,ELECTRIC,1.2,MULLATIVU,BRAND NEW,8,,T5
MOTOR CYCLE,SUPER SOCO,TS STREET HUNTER,CHINA,ELECTRIC,2.5,GALLE,BRAND NEW,2,,TS STREET HUNTER
MOTOR CYCLE,LUYUAN,MNK3,CHINA,ELECTRIC,1.5,MATALE,BRAND NEW,1,,MNK3
MOTOR CYCLE,SUPER SOCO,TS STREET HUNTER,CHINA,ELECTRIC,2.5,GAMPAHA,BRAND NEW,2,,TS STREET HUNTER
MOTOR CYCLE,BAJAJ,PULSAR NS 200,INDIA,PETROL,199.5,BADULLA,BRAND NEW,7,,PULSAR NS 200
MOTOR CYCLE,HERO,XOOM-110,INDIA,PETROL,110.9,GAMPAHA,BRAND NEW,38,XOOM-110,Unknown
MOTOR CYCLE,BAJAJ,PULSAR N 125,INDIA,PETROL,124.58,TRINCOMALEE,BRAND NEW,8,,PULSAR N 125
MOTOR CYCLE,BAJAJ,PULSAR N 125,INDIA,PETROL,124.58,ANURADHAPURA,BRAND NEW,17,,PULSAR N 125
MOTOR CYCLE,BAJAJ,PULSAR N 125,INDIA,PETROL,124.58,KALUTARA,BRAND NEW,41,,PULSAR N 125
MOTOR CYCLE,BAJAJ,PULSAR N 160,INDIA,PETROL,164.32,MANNAR,BRAND NEW,2,,PULSAR N 160
MOTOR CYCLE,DYNAMIC,SL,CHINA,ELECTRIC,2.0,RATNAPURA,BRAND NEW,1,,SL
MOTOR CYCLE,SUPER SOCO,TS STREET HUNTER,CHINA,ELECTRIC,2.5,RATNAPURA,BRAND NEW,1,,TS STREET HUNTER
MOTOR CYCLE,HERO,XOOM-110,INDIA,PETROL,110.9,GALLE,BRAND NEW,15,XOOM-110,Unknown
MOTOR CYCLE,NWOW,WSP,CHINA,ELECTRIC,1.5,PUTTALAM,BRAND NEW,1,,WSP
MOTOR CYCLE,NWOW,TK 10,CHINA,ELECTRIC,0.8,KALUTARA,BRAND NEW,1,,TK 10
MOTOR CYCLE,HERO,XOOM-110,INDIA,PETROL,110.9,POLONNARUWA,BRAND NEW,25,XOOM-110,Unknown
MOTOR CYCLE,HERO,HF-DELUXE,INDIA,PETROL,97.2,POLONNARUWA,BRAND NEW,8,HF-DELUXE,Unknown
MOTOR CYCLE,TVS,TVS NTORQ 125 CC,INDIA,PETROL,124.8,KEGALLE,BRAND NEW,21,,TVS NTORQ 125 CC
MOTOR CYCLE,HONDA,PCX160,INDONESIA,PETROL,157.0,ANURADHAPURA,BRAND NEW,1,,PCX160
MOTOR CYCLE,RANOMOTO,GN125H,CHINA,PETROL,124.0,BADULLA,BRAND NEW,3,,GN125H
MOTOR CYCLE,RANOMOTO,GN125H,CHINA,PETROL,124.0,GALLE,BRAND NEW,3,,GN125H
MOTOR CYCLE,HUAIHAI,ZL9,CHINA,ELECTRIC,1.2,KURUNEGALA,BRAND NEW,2,,ZL9
MOTOR CYCLE,YADEA,RUIBIN,CHINA,ELECTRIC,0.8,MATALE,BRAND NEW,6,,RUIBIN
MOTOR CYCLE,BAJAJ,PULSAR N 160,INDIA,PETROL,164.32,BATTICALOA,BRAND NEW,36,,PULSAR N 160
MOTOR CYCLE,TMR LUYUAN,MQQ6,CHINA,ELECTRIC,0.8,KURUNEGALA,BRAND NEW,1,,MQQ6
MOTOR CYCLE,LUYUAN ALFA,M-MKK-Z30LJ-12-C,CHINA,ELECTRIC,1.8,KEGALLE,BRAND NEW,1,,M-MKK-Z30LJ-12-C
MOTOR CYCLE,HERO,HF-DELUXE,INDIA,PETROL,97.2,MULLATIVU,BRAND NEW,12,HF-DELUXE,Unknown
MOTOR CYCLE,YADEA,RUIBIN,CHINA,ELECTRIC,0.8,BADULLA,BRAND NEW,5,,RUIBIN
MOTOR CYCLE,HERO,HF-DELUXE,INDIA,PETROL,97.2,GAMPAHA,BRAND NEW,2,HF-DELUXE,Unknown
MOTOR CYCLE,TVS,TVS XL 100,SRI LANKA,PETROL,99.7,MANNAR,BRAND NEW-L/ASSEMBLE,13,,TVS XL 100
MOTOR CYCLE,TVS,TVS RAIDER 125,SRI LANKA,PETROL,124.79,NUWARA-ELIYA,BRAND NEW-L/ASSEMBLE,5,,TVS RAIDER 125
MOTOR CYCLE,TVS,NTORQ 125,SRI LANKA,PETROL,124.8,MATARA,BRAND NEW-L/ASSEMBLE,4,,NTORQ 125
MOTOR CYCLE,BAJAJ,CT 100 ES,SRI LANKA,PETROL,102.0,BADULLA,BRAND NEW-L/ASSEMBLE,55,,CT 100 ES
MOTOR CYCLE,TVS,TVS RAIDER 125,SRI LANKA,PETROL,124.79,BATTICALOA,BRAND NEW-L/ASSEMBLE,37,,TVS RAIDER 125
MOTOR CYCLE,BAJAJ,CT 100 ES,SRI LANKA,PETROL,102.0,HAMBANTOTA,BRAND NEW-L/ASSEMBLE,59,,CT 100 ES
MOTOR CYCLE,BAJAJ,DISCOVER 125,SRI LANKA,PETROL,124.5,GAMPAHA,BRAND NEW-L/ASSEMBLE,55,,DISCOVER 125
MOTOR CYCLE,YADEA,T5,CHINA,ELECTRIC,1.2,KURUNEGALA,BRAND NEW-L/ASSEMBLE,1,,T5
MOTOR CYCLE,BAJAJ,DISCOVER 125,SRI LANKA,PETROL,124.5,AMPARA,BRAND NEW-L/ASSEMBLE,29,,DISCOVER 125
MOTOR CYCLE,TVS,TVS XL 100,SRI LANKA,PETROL,100.0,KURUNEGALA,BRAND NEW-L/ASSEMBLE,1,,TVS XL 100
MOTOR CYCLE,TVS,TVS XL 100,SRI LANKA,PETROL,99.7,KEGALLE,BRAND NEW-L/ASSEMBLE,6,,TVS XL 100
MOTOR CYCLE,RANOMOTO,MOPED SUPER,SRI LANKA,PETROL,49.0,KILINOCHCHI,BRAND NEW-L/ASSEMBLE,2,,MOPED SUPER
MOTOR CYCLE,HONDA,ADV160,JAPAN,PETROL,157.0,GALLE,RECONDITIONED,2,,ADV160
MOTOR CYCLE,HONDA,PCX,JAPAN,PETROL,125.0,PUTTALAM,RECONDITIONED,3,,PCX
MOTOR CYCLE,HONDA,PCX 160,JAPAN,PETROL,157.0,COLOMBO,RECONDITIONED,4,,PCX 160
MOTOR CYCLE,HONDA,PCX,VIETNAM,PETROL,157.0,KURUNEGALA,RECONDITIONED,1,,PCX
MOTOR CYCLE,HONDA,PCX-160,JAPAN,PETROL,157.0,MATALE,RECONDITIONED,1,PCX-160,Unknown
MOTOR CYCLE,HONDA,ADV 160,JAPAN,PETROL,156.0,COLOMBO,RECONDITIONED,2,,ADV 160
MOTOR CYCLE,HONDA,PCX160,THAILAND,PETROL,156.93,GAMPAHA,RECONDITIONED,1,,PCX160
MOTOR CYCLE,HONDA,JULIO,JAPAN,PETROL,49.0,KALUTARA,BOUGHT FROM AUCTION,1,,JULIO
MOTOR CYCLE,PIAGGIO GILERA,RUNNER,ITALY,PETROL,250.0,KALUTARA,BOUGHT FROM AUCTION,3,,RUNNER
MOTOR CYCLE,TVS,IQUBE,INDIA,ELECTRIC,3.34,GALLE,BRAND NEW,8,,IQUBE
MOTOR CYCLE,TVS,IQUBE,INDIA,ELECTRIC,3.34,KALUTARA,BRAND NEW,9,,IQUBE
MOTOR CYCLE,QUANLE,XGW,CHINA,ELECTRIC,1.2,RATNAPURA,BRAND NEW,7,,XGW
MOTOR CYCLE,QUANLE,G18,CHINA,ELECTRIC,2.0,MONERAGALA,BRAND NEW,1,,G18
MOTOR CYCLE,ATHER,450X,INDIA,ELECTRIC,3.0,KILINOCHCHI,BRAND NEW,3,,450X
MOTOR CYCLE,LUYUAN,MNK3,CHINA,ELECTRIC,1.5,GALLE,BRAND NEW,1,,MNK3
MOTOR CYCLE,QUANLE,G18,CHINA,ELECTRIC,2.0,COLOMBO,BRAND NEW,1,,G18
MOTOR CYCLE,YADEA,E8S PRO,CHINA,ELECTRIC,2.0,GALLE,BRAND NEW,1,,E8S PRO
MOTOR CYCLE,YADEA,EZEEGO,CHINA,ELECTRIC,1.2,ANURADHAPURA,BRAND NEW,1,,EZEEGO
MOTOR CYCLE,YADEA,T 9,CHINA,ELECTRIC,2.0,COLOMBO,BRAND NEW,10,,T 9
MOTOR CYCLE,YADEA,T 9,CHINA,ELECTRIC,2.0,MATALE,BRAND NEW,4,,T 9
MOTOR CYCLE,TMR LUYUAN,S18,CHINA,ELECTRIC,1.2,GAMPAHA,BRAND NEW,12,,S18
MOTOR CYCLE,LIMA,ELO-07,CHINA,ELECTRIC,1.5,KANDY,BRAND NEW,2,ELO-07,Unknown
MOTOR CYCLE,LIMA,ELO-07,CHINA,ELECTRIC,1.5,HAMBANTOTA,BRAND NEW,6,ELO-07,Unknown
MOTOR CYCLE,SENARO,GN125,SRI LANKA,PETROL,125.0,MONERAGALA,BRAND NEW,1,,GN125
MOTOR CYCLE,YADEA,E8S PRO,CHINA,ELECTRIC,2.0,RATNAPURA,BRAND NEW,1,,E8S PRO
MOTOR CYCLE,BAJAJ,BOXER CT DELUXE,INDIA,PETROL,99.35,ANURADHAPURA,BRAND NEW,1,,BOXER CT DELUXE
MOTOR CYCLE,YADEA,T 9,CHINA,ELECTRIC,2.0,GAMPAHA,BRAND NEW,10,,T 9
MOTOR CYCLE,YADEA,T 9,CHINA,ELECTRIC,2.0,MONERAGALA,BRAND NEW,5,,T 9
MOTOR CYCLE,YADEA,T 9,CHINA,ELECTRIC,2.0,JAFFNA,BRAND NEW,5,,T 9
MOTOR CYCLE,QUANLE,Q1,CHINA,ELECTRIC,1.2,POLONNARUWA,BRAND NEW,1,,Q1
MOTOR CYCLE,BAJAJ,PULSAR N 125,INDIA,PETROL,124.58,COLOMBO,BRAND NEW,75,,PULSAR N 125
MOTOR CYCLE,BAJAJ,PULSAR NS 200,INDIA,PETROL,199.5,GAMPAHA,BRAND NEW,17,,PULSAR NS 200
MOTOR CYCLE,ATHER,450X,INDIA,ELECTRIC,3.0,HAMBANTOTA,BRAND NEW,1,,450X
MOTOR CYCLE,ATHER,450X,INDIA,ELECTRIC,3.0,KURUNEGALA,BRAND NEW,2,,450X
MOTOR CYCLE,HERO,HF-DELUXE,INDIA,PETROL,97.2,HAMBANTOTA,BRAND NEW,2,HF-DELUXE,Unknown
MOTOR CYCLE,YADEA,EZEEGO,CHINA,ELECTRIC,1.2,KURUNEGALA,BRAND NEW,2,,EZEEGO
MOTOR CYCLE,YADEA,RUIBIN,CHINA,ELECTRIC,0.8,KALUTARA,BRAND NEW,16,,RUIBIN
MOTOR CYCLE,BAJAJ,PULSAR N 160,INDIA,PETROL,164.32,GAMPAHA,BRAND NEW,121,,PULSAR N 160
MOTOR CYCLE,BAJAJ,PULSAR N 160,INDIA,PETROL,164.32,VAVUNIYA,BRAND NEW,9,,PULSAR N 160
MOTOR CYCLE,OPAI,OPY-EM-005,CHINA,ELECTRIC,2.4,MONERAGALA,BRAND NEW,1,OPY-EM-005,Unknown
MOTOR CYCLE,BAJAJ,PULSAR N 125,INDIA,PETROL,124.58,GALLE,BRAND NEW,20,,PULSAR N 125
MOTOR CYCLE,HERO,XOOM-110,INDIA,PETROL,110.9,RATNAPURA,BRAND NEW,5,XOOM-110,Unknown
MOTOR CYCLE,HERO,XOOM-110,INDIA,PETROL,110.9,KEGALLE,BRAND NEW,14,XOOM-110,Unknown
MOTOR CYCLE,HERO,HF-DELUXE,INDIA,PETROL,97.2,BATTICALOA,BRAND NEW,14,HF-DELUXE,Unknown
MOTOR CYCLE,LUYUAN ALFA,MKK-Z23E-12-C,CHINA,ELECTRIC,1.2,ANURADHAPURA,BRAND NEW,3,MKK-Z23E-12-C,Unknown
MOTOR CYCLE,HERO,XOOM-110,INDIA,PETROL,110.9,MATARA,BRAND NEW,4,XOOM-110,Unknown
MOTOR CYCLE,HONDA,PCX 160 ABS,INDONESIA,PETROL,160.0,COLOMBO,BRAND NEW,2,,PCX 160 ABS
MOTOR CYCLE,TVS,TVS NTORQ 125 CC,INDIA,PETROL,124.8,NUWARA-ELIYA,BRAND NEW,8,,TVS NTORQ 125 CC
MOTOR CYCLE,TVS,TV NTORQ 125 CC,INDIA,PETROL,124.8,MATARA,BRAND NEW,1,,TV NTORQ 125 CC
MOTOR CYCLE,TVS,TVS NTORQ 125 CC,INDIA,PETROL,124.8,PUTTALAM,BRAND NEW,77,,TVS NTORQ 125 CC
MOTOR CYCLE,TVS,TVS NTORQ 125 CC,INDIA,PETROL,124.8,MATALE,BRAND NEW,7,,TVS NTORQ 125 CC
MOTOR CYCLE,BAJAJ,CT 100 ES,SRI LANKA,PETROL,102.0,HAMBANTOTA,BRAND NEW,1,,CT 100 ES
MOTOR CYCLE,REVOLT,RV 400,INDIA,ELECTRIC,3.0,RATNAPURA,BRAND NEW,1,,RV 400
MOTOR CYCLE,TMR LUYUAN,S18,CHINA,ELECTRIC,1.2,COLOMBO,BRAND NEW,1,,S18
MOTOR CYCLE,SOLID,G6,CHINA,ELECTRIC,1.5,MONERAGALA,BRAND NEW,1,,G6
MOTOR CYCLE,BAJAJ,PULSAR N 160,INDIA,PETROL,164.32,JAFFNA,BRAND NEW,17,,PULSAR N 160
MOTOR CYCLE,RANOMOTO,GN125H,CHINA,PETROL,124.0,VAVUNIYA,BRAND NEW,1,,GN125H
MOTOR CYCLE,RANOMOTO,GN125H,CHINA,PETROL,124.0,MONERAGALA,BRAND NEW,2,,GN125H
MOTOR CYCLE,HERO,XOOM-110,INDIA,PETROL,110.9,JAFFNA,BRAND NEW,21,XOOM-110,Unknown
MOTOR CYCLE,HERO,HF-DELUXE,INDIA,PETROL,97.2,ANURADHAPURA,BRAND NEW,2,HF-DELUXE,Unknown
MOTOR CYCLE,NWOW,WSP,CHINA,ELECTRIC,1.5,MATARA,BRAND NEW,1,,WSP
MOTOR CYCLE,ATHER,450X,INDIA,ELECTRIC,3.0,GALLE,BRAND NEW,1,,450X
MOTOR CYCLE,OYFLY,TDM-LTW,CHINA,ELECTRIC,2.0,GALLE,BRAND NEW,1,TDM-LTW,Unknown
MOTOR CYCLE,TVS,TVS NTORQ 125 CC,INDIA,PETROL,124.8,BATTICALOA,BRAND NEW,1,,TVS NTORQ 125 CC
MOTOR CYCLE,HERO,HF-DELUXE,INDIA,PETROL,97.2,VAVUNIYA,BRAND NEW,1,HF-DELUXE,Unknown
MOTOR CYCLE,TVS,TVS RAIDER 125,SRI LANKA,PETROL,124.79,KURUNEGALA,BRAND NEW-L/ASSEMBLE,30,,TVS RAIDER 125
MOTOR CYCLE,SENARO,GN125,SRI LANKA,PETROL,125.0,ANURADHAPURA,BRAND NEW-L/ASSEMBLE,17,,GN125
MOTOR CYCLE,SENARO,GN125,SRI LANKA,PETROL,125.0,POLONNARUWA,BRAND NEW-L/ASSEMBLE,16,,GN125
MOTOR CYCLE,TVS,NTORQ 125,SRI LANKA,PETROL,124.8,POLONNARUWA,BRAND NEW-L/ASSEMBLE,10,,NTORQ 125
MOTOR CYCLE,BAJAJ,CT 100 ES,SRI LANKA,PETROL,102.0,MATARA,BRAND NEW-L/ASSEMBLE,89,,CT 100 ES
MOTOR CYCLE,BAJAJ,CT 100 ES,SRI LANKA,PETROL,102.0,KALUTARA,BRAND NEW-L/ASSEMBLE,131,,CT 100 ES
MOTOR CYCLE,BAJAJ,CT 100 ES,SRI LANKA,PETROL,102.0,KEGALLE,BRAND NEW-L/ASSEMBLE,62,,CT 100 ES
MOTOR CYCLE,BAJAJ,CT 100 ES,SRI LANKA,PETROL,102.0,GAMPAHA,BRAND NEW-L/ASSEMBLE,177,,CT 100 ES
MOTOR CYCLE,SENARO,GN125,SRI LANKA,PETROL,125.0,KURUNEGALA,BRAND NEW-L/ASSEMBLE,21,,GN125
MOTOR CYCLE,BAJAJ,PULSAR N160,SRI LANKA,PETROL,164.82,MANNAR,BRAND NEW-L/ASSEMBLE,12,,PULSAR N160
MOTOR CYCLE,LIMA,ELO-07,CHINA,ELECTRIC,1.5,MATALE,BRAND NEW-L/ASSEMBLE,1,ELO-07,Unknown
MOTOR CYCLE,YADEA,RUIBIN,CHINA,ELECTRIC,0.8,MATARA,BRAND NEW-L/ASSEMBLE,2,,RUIBIN
MOTOR CYCLE,BAJAJ,DISCOVER 125,SRI LANKA,PETROL,124.5,MANNAR,BRAND NEW-L/ASSEMBLE,8,,DISCOVER 125
MOTOR CYCLE,BAJAJ,DISCOVER 125,SRI LANKA,PETROL,124.5,KANDY,BRAND NEW-L/ASSEMBLE,15,,DISCOVER 125
MOTOR CYCLE,BAJAJ,DISCOVER 125,SRI LANKA,PETROL,124.5,BATTICALOA,BRAND NEW-L/ASSEMBLE,18,,DISCOVER 125
MOTOR CYCLE,RANOMOTO,PATTAYA DOUBLE POWER,SRI LANKA,PETROL,48.0,GAMPAHA,BRAND NEW-L/ASSEMBLE,7,,PATTAYA DOUBLE POWER
MOTOR CYCLE,RANOMOTO,MOPED SUPER,SRI LANKA,PETROL,49.0,KURUNEGALA,BRAND NEW-L/ASSEMBLE,3,,MOPED SUPER
MOTOR CYCLE,BAJAJ,PULSAR N 160,INDIA,PETROL,164.32,RATNAPURA,BRAND NEW-L/ASSEMBLE,1,,PULSAR N 160
MOTOR CYCLE,RANOMOTO,MOPED SUPER,SRI LANKA,PETROL,49.0,AMPARA,BRAND NEW-L/ASSEMBLE,12,,MOPED SUPER
MOTOR CYCLE,HONDA,PCX 160,JAPAN,PETROL,156.0,KURUNEGALA,RECONDITIONED,1,,PCX 160
MOTOR CYCLE,HONDA,JK05,JAPAN,PETROL,125.0,KEGALLE,RECONDITIONED,1,,JK05
MOTOR CYCLE,TVS,TVS XL 100,SRI LANKA,PETROL,99.7,POLONNARUWA,BRAND NEW-L/MANUFACT,1,,TVS XL 100
MOTOR CYCLE,RISE,LEADER PLUS,SRI LANKA,ELECTRIC,2.0,KILINOCHCHI,BRAND NEW-L/MANUFACT,1,,LEADER PLUS
MOTOR CYCLE,BAJAJ,CT 100 ES,SRI LANKA,PETROL,102.0,KILINOCHCHI,BRAND NEW-L/MANUFACT,1,,CT 100 ES
MOTOR CYCLE,RISE,LEADER PLUS,SRI LANKA,ELECTRIC,2.0,ANURADHAPURA,BRAND NEW-L/MANUFACT,2,,LEADER PLUS
MOTOR CYCLE,BAJAJ,CT 100 ES,SRI LANKA,PETROL,102.0,COLOMBO,BRAND NEW-L/MANUFACT,1,,CT 100 ES
MOTOR CYCLE,RISE,LEADER R 100,SRI LANKA,ELECTRIC,2.0,HAMBANTOTA,BRAND NEW-L/MANUFACT,1,,LEADER R 100
MOTOR CYCLE,TVS,IQUBE,INDIA,ELECTRIC,3.34,GAMPAHA,BRAND NEW,17,,IQUBE
MOTOR CYCLE,TVS,XL SUPER 70,INDIA,PETROL,69.9,ANURADHAPURA,BRAND NEW,1,,XL SUPER 70
MOTOR CYCLE,TVS,IQUBE,INDIA,ELECTRIC,3.34,KANDY,BRAND NEW,2,,IQUBE
MOTOR CYCLE,QUANLE,G18,CHINA,ELECTRIC,2.0,GAMPAHA,BRAND NEW,6,,G18
MOTOR CYCLE,QUANLE,ZL,CHINA,ELECTRIC,2.0,ANURADHAPURA,BRAND NEW,6,,ZL
MOTOR CYCLE,QUANLE,ZS,CHINA,ELECTRIC,1.2,PUTTALAM,BRAND NEW,2,,ZS
MOTOR CYCLE,NWOW,WSP,CHINA,ELECTRIC,1.5,GAMPAHA,BRAND NEW,6,,WSP
MOTOR CYCLE,VMOTO,CITI,CHINA,ELECTRIC,2.0,COLOMBO,BRAND NEW,4,,CITI
MOTOR CYCLE,QUANLE,ZL,CHINA,ELECTRIC,2.0,GAMPAHA,BRAND NEW,6,,ZL
MOTOR CYCLE,QUANLE,XGW,CHINA,ELECTRIC,1.2,MONERAGALA,BRAND NEW,1,,XGW
MOTOR CYCLE,YADEA,T 9,CHINA,ELECTRIC,2.0,POLONNARUWA,BRAND NEW,13,,T 9
MOTOR CYCLE,YADEA,E8S PRO,CHINA,ELECTRIC,2.0,PUTTALAM,BRAND NEW,2,,E8S PRO
MOTOR CYCLE,YADEA,T 9,CHINA,ELECTRIC,2.0,KALUTARA,BRAND NEW,7,,T 9
MOTOR CYCLE,BAJAJ,CT 100 ES,SRI LANKA,PETROL,102.0,COLOMBO,BRAND NEW,1,,CT 100 ES
MOTOR CYCLE,BAJAJ,PULSAR NS 200,INDIA,PETROL,199.5,KURUNEGALA,BRAND NEW,12,,PULSAR NS 200
MOTOR CYCLE,BAJAJ,PULSAR NS 200,INDIA,PETROL,199.5,KILINOCHCHI,BRAND NEW,4,,PULSAR NS 200
MOTOR CYCLE,BAJAJ,PULSAR NS 200,INDIA,PETROL,199.5,TRINCOMALEE,BRAND NEW,13,,PULSAR NS 200
MOTOR CYCLE,BAJAJ,PULSAR N 160,INDIA,PETROL,164.32,ANURADHAPURA,BRAND NEW,49,,PULSAR N 160
MOTOR CYCLE,BAJAJ,PULSAR N 160,INDIA,PETROL,164.32,KEGALLE,BRAND NEW,36,,PULSAR N 160
MOTOR CYCLE,LIMA,ELO-07,CHINA,ELECTRIC,1.5,PUTTALAM,BRAND NEW,5,ELO-07,Unknown
MOTOR CYCLE,TMR LUYUAN,S18,CHINA,ELECTRIC,1.2,KANDY,BRAND NEW,1,,S18
MOTOR CYCLE,TMR LUYUAN,S18,CHINA,ELECTRIC,1.2,POLONNARUWA,BRAND NEW,1,,S18
MOTOR CYCLE,HERO,XOOM-110,INDIA,PETROL,110.9,COLOMBO,BRAND NEW,34,XOOM-110,Unknown
MOTOR CYCLE,HERO,HF-DELUXE,INDIA,PETROL,97.2,TRINCOMALEE,BRAND NEW,16,HF-DELUXE,Unknown
MOTOR CYCLE,HERO,XOOM-110,INDIA,PETROL,110.9,PUTTALAM,BRAND NEW,3,XOOM-110,Unknown
MOTOR CYCLE,HERO,HF-DELUXE,INDIA,PETROL,97.2,JAFFNA,BRAND NEW,68,HF-DELUXE,Unknown
MOTOR CYCLE,HERO,XOOM-110,INDIA,PETROL,110.9,BATTICALOA,BRAND NEW,3,XOOM-110,Unknown
MOTOR CYCLE,TVS,TVS NTORQ 125 CC,INDIA,PETROL,124.8,GALLE,BRAND NEW,83,,TVS NTORQ 125 CC
MOTOR CYCLE,TVS,TVS NTORQ 125 CC,INDIA,PETROL,124.8,KANDY,BRAND NEW,36,,TVS NTORQ 125 CC
MOTOR CYCLE,TVS,TVS NTORQ 125 CC,INDIA,PETROL,124.8,MANNAR,BRAND NEW,12,,TVS NTORQ 125 CC
MOTOR CYCLE,TVS,SPORT ELS,INDIA,PETROL,109.7,GAMPAHA,BRAND NEW,2,,SPORT ELS
MOTOR CYCLE,TVS,TVS NTORQ 125 CC,INDIA,PETROL,124.8,HAMBANTOTA,BRAND NEW,5,,TVS NTORQ 125 CC
MOTOR CYCLE,DIMEN,D60,CHINA,ELECTRIC,1.2,KURUNEGALA,BRAND NEW,1,,D60
MOTOR CYCLE,YADEA,RUIBIN,CHINA,ELECTRIC,0.8,MULLATIVU,BRAND NEW,2,,RUIBIN
MOTOR CYCLE,LUYUAN ALFA,M-MKK-Z30LJ-12-C,CHINA,ELECTRIC,1.8,GALLE,BRAND NEW,1,,M-MKK-Z30LJ-12-C
MOTOR CYCLE,YADEA,EPOC H,CHINA,ELECTRIC,2.0,KANDY,BRAND NEW,1,,EPOC H
MOTOR CYCLE,LIMA,ELO-07,CHINA,ELECTRIC,1.5,BADULLA,BRAND NEW,1,ELO-07,Unknown
MOTOR CYCLE,YAMAHA,FZ S FI VER 4.0,INDIA,PETROL,149.0,COLOMBO,BRAND NEW,1,,FZ S FI VER 4.0
MOTOR CYCLE,BAJAJ,PULSAR N 160,INDIA,PETROL,164.32,KILINOCHCHI,BRAND NEW,5,,PULSAR N 160
MOTOR CYCLE,SOLID,ROBOT,CHINA,ELECTRIC,1.2,GAMPAHA,BRAND NEW,1,,ROBOT
MOTOR CYCLE,YADEA,EPOC H,CHINA,ELECTRIC,2.0,KURUNEGALA,BRAND NEW,1,,EPOC H
MOTOR CYCLE,TVS,TVS RAIDER 125,SRI LANKA,PETROL,124.79,RATNAPURA,BRAND NEW-L/ASSEMBLE,12,,TVS RAIDER 125
MOTOR CYCLE,TVS,TVS RAIDER 125,SRI LANKA,PETROL,124.79,POLONNARUWA,BRAND NEW-L/ASSEMBLE,11,,TVS RAIDER 125
MOTOR CYCLE,TVS,TVS XL 100,SRI LANKA,PETROL,99.7,MULLATIVU,BRAND NEW-L/ASSEMBLE,25,,TVS XL 100
MOTOR CYCLE,TVS,TVS XL 100,SRI LANKA,PETROL,99.7,JAFFNA,BRAND NEW-L/ASSEMBLE,48,,TVS XL 100
MOTOR CYCLE,TVS,TVS XL 100,SRI LANKA,PETROL,99.7,MONERAGALA,BRAND NEW-L/ASSEMBLE,44,,TVS XL 100
MOTOR CYCLE,TVS,TVS RAIDER 125,SRI LANKA,PETROL,124.79,MATARA,BRAND NEW-L/ASSEMBLE,9,,TVS RAIDER 125
MOTOR CYCLE,SENARO,GN125,SRI LANKA,PETROL,125.0,BADULLA,BRAND NEW-L/ASSEMBLE,7,,GN125
MOTOR CYCLE,SENARO,GN125,SRI LANKA,PETROL,125.0,GAMPAHA,BRAND NEW-L/ASSEMBLE,16,,GN125
MOTOR CYCLE,BAJAJ,CT 100 ES,SRI LANKA,PETROL,102.0,GALLE,BRAND NEW-L/ASSEMBLE,212,,CT 100 ES
MOTOR CYCLE,BAJAJ,PULSAR N160,SRI LANKA,PETROL,164.82,GAMPAHA,BRAND NEW-L/ASSEMBLE,69,,PULSAR N160
MOTOR CYCLE,TVS,TVS RAIDER 125,SRI LANKA,PETROL,124.79,KILINOCHCHI,BRAND NEW-L/ASSEMBLE,1,,TVS RAIDER 125
MOTOR CYCLE,BAJAJ,PULSAR N160,SRI LANKA,PETROL,164.82,MONERAGALA,BRAND NEW-L/ASSEMBLE,16,,PULSAR N160
MOTOR CYCLE,BAJAJ,DISCOVER 125,SRI LANKA,PETROL,124.5,ANURADHAPURA,BRAND NEW-L/ASSEMBLE,46,,DISCOVER 125
MOTOR CYCLE,BAJAJ,CT 100 ES,SRI LANKA,PETROL,102.0,VAVUNIYA,BRAND NEW-L/ASSEMBLE,17,,CT 100 ES
MOTOR CYCLE,RANOMOTO,MOPED SUPER,SRI LANKA,PETROL,49.0,ANURADHAPURA,BRAND NEW-L/ASSEMBLE,1,,MOPED SUPER
MOTOR CYCLE,RANOMOTO,MOPED SUPER,SRI LANKA,PETROL,49.0,BATTICALOA,BRAND NEW-L/ASSEMBLE,10,,MOPED SUPER
MOTOR CYCLE,LENCAR,ERC80,SRI LANKA,ELECTRIC,1.2,KALUTARA,BRAND NEW-L/ASSEMBLE,6,,ERC80
MOTOR CYCLE,HONDA,ADV 160,JAPAN,PETROL,157.0,KANDY,RECONDITIONED,1,,ADV 160
MOTOR CYCLE,HONDA,ADV160,JAPAN,PETROL,157.0,BATTICALOA,RECONDITIONED,2,,ADV160
MOTOR CYCLE,HONDA,PCX  160,JAPAN,PETROL,160.0,KANDY,RECONDITIONED,1,,PCX  160
MOTOR CYCLE,HONDA,PCX 125,JAPAN,PETROL,124.0,KANDY,RECONDITIONED,1,,PCX 125
MOTOR CYCLE,HONDA,PCX - 125,VIETNAM,PETROL,125.0,PUTTALAM,RECONDITIONED,1,,PCX - 125
MOTOR CYCLE,HONDA,PCX,JAPAN,PETROL,124.0,KALUTARA,RECONDITIONED,1,,PCX
MOTOR CYCLE,HONDA,PCX160,JAPAN,PETROL,157.0,MATALE,RECONDITIONED,1,,PCX160
MOTOR CYCLE,HONDA,BEAT,MALAYSIA,PETROL,110.0,GAMPAHA,RECONDITIONED,1,,BEAT
MOTOR CYCLE,HONDA,PCX 125,JAPAN,PETROL,124.0,ANURADHAPURA,RECONDITIONED,1,,PCX 125
MOTOR CYCLE,HONDA,PCX160,VIETNAM,PETROL,157.0,GAMPAHA,RECONDITIONED,1,,PCX160
MOTOR CYCLE,RISE,LEADER,SRI LANKA,ELECTRIC,2.0,ANURADHAPURA,BRAND NEW-L/MANUFACT,2,,LEADER
MOTOR CYCLE,RISE,LEADER,SRI LANKA,ELECTRIC,2.0,RATNAPURA,BRAND NEW-L/MANUFACT,4,,LEADER
MOTOR CYCLE,RISE,LEADER PLUS,SRI LANKA,ELECTRIC,2.0,KURUNEGALA,BRAND NEW-L/MANUFACT,1,,LEADER PLUS
MOTOR CYCLE,RISE,LEADER PLUS,SRI LANKA,ELECTRIC,2.0,COLOMBO,BRAND NEW-L/MANUFACT,1,,LEADER PLUS
MOTOR CYCLE,RISE,LEADER R 100,SRI LANKA,ELECTRIC,2.0,KURUNEGALA,BRAND NEW-L/MANUFACT,2,,LEADER R 100
MOTOR CYCLE,RISE,LEADER R 100,SRI LANKA,ELECTRIC,2.0,MATALE,BRAND NEW-L/MANUFACT,1,,LEADER R 100
MOTOR CYCLE,TVS,IQUBE,INDIA,ELECTRIC,3.34,JAFFNA,BRAND NEW,11,,IQUBE
MOTOR CYCLE,TVS,IQUBE,INDIA,ELECTRIC,3.34,ANURADHAPURA,BRAND NEW,9,,IQUBE
MOTOR CYCLE,TVS,IQUBE,INDIA,ELECTRIC,3.34,AMPARA,BRAND NEW,1,,IQUBE
MOTOR CYCLE,OYFLY,TDM-LTW,CHINA,ELECTRIC,2.0,PUTTALAM,BRAND NEW,1,TDM-LTW,Unknown
MOTOR CYCLE,QUANLE,G18,CHINA,ELECTRIC,2.0,KURUNEGALA,BRAND NEW,9,,G18
MOTOR CYCLE,QUANLE,XGW,CHINA,ELECTRIC,1.2,GALLE,BRAND NEW,7,,XGW
MOTOR CYCLE,QUANLE,ZS,CHINA,ELECTRIC,1.2,HAMBANTOTA,BRAND NEW,3,,ZS
MOTOR CYCLE,QUANLE,XGW,CHINA,ELECTRIC,1.2,COLOMBO,BRAND NEW,3,,XGW
MOTOR CYCLE,TAILG,SAI BEI,CHINA,ELECTRIC,1.5,PUTTALAM,BRAND NEW,4,,SAI BEI
MOTOR CYCLE,VMOTO,CITI,CHINA,ELECTRIC,2.0,ANURADHAPURA,BRAND NEW,2,,CITI
MOTOR CYCLE,QUANLE,G18,CHINA,ELECTRIC,2.0,ANURADHAPURA,BRAND NEW,1,,G18
MOTOR CYCLE,QCIX,QCIX-LH,CHINA,ELECTRIC,1.5,GAMPAHA,BRAND NEW,3,QCIX-LH,Unknown
MOTOR CYCLE,YADEA,T5,CHINA,ELECTRIC,1.2,GALLE,BRAND NEW,90,,T5
MOTOR CYCLE,LIMA,ELO-07,CHINA,ELECTRIC,1.5,POLONNARUWA,BRAND NEW,21,ELO-07,Unknown
MOTOR CYCLE,QUANLE,G18,CHINA,ELECTRIC,2.0,TRINCOMALEE,BRAND NEW,1,,G18
MOTOR CYCLE,LIMA,ELO-07,CHINA,ELECTRIC,1.5,BATTICALOA,BRAND NEW,1,ELO-07,Unknown
MOTOR CYCLE,TVS,IQUBE,INDIA,ELECTRIC,3.34,HAMBANTOTA,BRAND NEW,5,,IQUBE
MOTOR CYCLE,YADEA,T5,CHINA,ELECTRIC,1.2,PUTTALAM,BRAND NEW,47,,T5
MOTOR CYCLE,LIMA,ELO-07,CHINA,ELECTRIC,1.5,MONERAGALA,BRAND NEW,6,ELO-07,Unknown
MOTOR CYCLE,YADEA,T5,CHINA,ELECTRIC,1.2,BATTICALOA,BRAND NEW,7,,T5
MOTOR CYCLE,BAJAJ,PULSAR N 160,INDIA,PETROL,164.32,GALLE,BRAND NEW,39,,PULSAR N 160
MOTOR CYCLE,BAJAJ,PULSAR N 160,INDIA,PETROL,164.32,AMPARA,BRAND NEW,47,,PULSAR N 160
MOTOR CYCLE,OPAI,OPY-EM-005,CHINA,ELECTRIC,2.4,TRINCOMALEE,BRAND NEW,1,OPY-EM-005,Unknown
MOTOR CYCLE,BAJAJ,PULSAR N 125,INDIA,PETROL,124.58,KEGALLE,BRAND NEW,28,,PULSAR N 125
MOTOR CYCLE,BAJAJ,PULSAR N 125,INDIA,PETROL,124.58,GAMPAHA,BRAND NEW,64,,PULSAR N 125
MOTOR CYCLE,HONDA,PCX 160 ABS,INDONESIA,PETROL,160.0,GALLE,BRAND NEW,1,,PCX 160 ABS
MOTOR CYCLE,TVS,TVS XL 100,SRI LANKA,PETROL,99.7,MANNAR,BRAND NEW,1,,TVS XL 100
MOTOR CYCLE,NWOW,V11,CHINA,ELECTRIC,1.0,KALUTARA,BRAND NEW,3,,V11
MOTOR CYCLE,LUYUAN ALFA,M-MKK-Z30LJ-12-C,CHINA,ELECTRIC,1.8,ANURADHAPURA,BRAND NEW,1,,M-MKK-Z30LJ-12-C
MOTOR CYCLE,LUYUAN,S90 PLUS,CHINA,ELECTRIC,1.5,ANURADHAPURA,BRAND NEW,1,,S90 PLUS
MOTOR CYCLE,HERO,XOOM-110,INDIA,PETROL,110.9,AMPARA,BRAND NEW,5,XOOM-110,Unknown
MOTOR CYCLE,HONDA,PCX160,INDONESIA,PETROL,157.0,COLOMBO,BRAND NEW,1,,PCX160
MOTOR CYCLE,HERO,HF-DELUXE,INDIA,PETROL,124.8,KALUTARA,BRAND NEW,1,HF-DELUXE,Unknown
MOTOR CYCLE,TVS,TVS NTORQ 125 CC,INDIA,PETROL,124.8,MULLATIVU,BRAND NEW,6,,TVS NTORQ 125 CC
MOTOR CYCLE,LUYUAN,M-MHH-Z30LJ,CHINA,ELECTRIC,2.0,HAMBANTOTA,BRAND NEW,1,,M-MHH-Z30LJ
MOTOR CYCLE,YAMAHA,MT 15 VER 2.0,INDIA,PETROL,155.0,COLOMBO,BRAND NEW,1,,MT 15 VER 2.0
MOTOR CYCLE,YAMAHA,YZF R15 VER 4.0,INDIA,PETROL,155.0,COLOMBO,BRAND NEW,1,,YZF R15 VER 4.0
MOTOR CYCLE,YADEA,E8S PRO,CHINA,ELECTRIC,2.0,COLOMBO,BRAND NEW,1,,E8S PRO
MOTOR CYCLE,TMR LUYUAN,S18,CHINA,ELECTRIC,1.2,HAMBANTOTA,BRAND NEW,1,,S18
MOTOR CYCLE,TVS,NTORQ 125,SRI LANKA,PETROL,124.8,JAFFNA,BRAND NEW-L/ASSEMBLE,14,,NTORQ 125
MOTOR CYCLE,TVS,NTORQ 125,SRI LANKA,PETROL,124.8,RATNAPURA,BRAND NEW-L/ASSEMBLE,13,,NTORQ 125
MOTOR CYCLE,BAJAJ,CT 100 ES,SRI LANKA,PETROL,102.0,MONERAGALA,BRAND NEW-L/ASSEMBLE,61,,CT 100 ES
MOTOR CYCLE,BAJAJ,PULSAR N160,SRI LANKA,PETROL,164.82,MULLATIVU,BRAND NEW-L/ASSEMBLE,9,,PULSAR N160
MOTOR CYCLE,BAJAJ,CT 100 ES,SRI LANKA,PETROL,102.0,TRINCOMALEE,BRAND NEW-L/ASSEMBLE,76,,CT 100 ES
MOTOR CYCLE,BAJAJ,PULSAR N160,SRI LANKA,PETROL,164.82,KALUTARA,BRAND NEW-L/ASSEMBLE,61,,PULSAR N160
MOTOR CYCLE,BAJAJ,PULSAR N160,SRI LANKA,PETROL,164.82,POLONNARUWA,BRAND NEW-L/ASSEMBLE,29,,PULSAR N160
MOTOR CYCLE,SENARO,GN125,SRI LANKA,PETROL,125.0,MONERAGALA,BRAND NEW-L/ASSEMBLE,6,,GN125
MOTOR CYCLE,BAJAJ,DISCOVER 125,SRI LANKA,PETROL,124.5,RATNAPURA,BRAND NEW-L/ASSEMBLE,20,,DISCOVER 125
MOTOR CYCLE,BAJAJ,DISCOVER 125,SRI LANKA,PETROL,124.5,NUWARA-ELIYA,BRAND NEW-L/ASSEMBLE,9,,DISCOVER 125
MOTOR CYCLE,BAJAJ,CT 100 ES,SRI LANKA,PETROL,102.0,BATTICALOA,BRAND NEW-L/ASSEMBLE,46,,CT 100 ES
MOTOR CYCLE,RANOMOTO,MOPED SUPER,SRI LANKA,PETROL,49.0,RATNAPURA,BRAND NEW-L/ASSEMBLE,1,,MOPED SUPER
MOTOR CYCLE,BAJAJ,DISCOVER 125,SRI LANKA,PETROL,124.5,MATARA,BRAND NEW-L/ASSEMBLE,29,,DISCOVER 125
MOTOR CYCLE,BAJAJ,DISCOVER 125,SRI LANKA,PETROL,124.5,MONERAGALA,BRAND NEW-L/ASSEMBLE,16,,DISCOVER 125
MOTOR CYCLE,TVS,TVS XL 100,SRI LANKA,PETROL,99.7,BATTICALOA,BRAND NEW-L/ASSEMBLE,13,,TVS XL 100
MOTOR CYCLE,TVS,NTORQ 125,SRI LANKA,PETROL,124.79,KALUTARA,BRAND NEW-L/ASSEMBLE,1,,NTORQ 125
MOTOR LORRY (COMMERCIAL),ISUZU,2RG-NPR88AN ELF,JAPAN,DIESEL,2990.0,GAMPAHA,RECONDITIONED,1,2RG-NPR88AN,ELF
MOTOR LORRY (COMMERCIAL),ISUZU,BKG-NMR85AN ELF,JAPAN,DIESEL,2990.0,MATARA,RECONDITIONED,1,BKG-NMR85AN,ELF
MOTOR LORRY (COMMERCIAL),MITSUBISHI,TKG-FEB90 CANTER,JAPAN,DIESEL,2990.0,GAMPAHA,RECONDITIONED,1,TKG-FEB90,CANTER
MOTOR LORRY (COMMERCIAL),LANKA ASHOK LEYLAND,TUSKER SUPER 1618,SRI LANKA,DIESEL,5759.0,ANURADHAPURA,BRAND NEW-L/ASSEMBLE,1,,TUSKER SUPER 1618
MOTOR LORRY (COMMERCIAL),JAC,HFC1027E4,SRI LANKA,DIESEL,2746.0,RATNAPURA,BRAND NEW-L/ASSEMBLE,1,,HFC1027E4
MOTOR LORRY (COMMERCIAL),ISUZU,TPG-NPR85YN ELF,JAPAN,DIESEL,2990.0,JAFFNA,RECONDITIONED,1,TPG-NPR85YN,ELF
MOTOR LORRY (COMMERCIAL),LANKA ASHOK LEYLAND,E COMET 1212,SRI LANKA,DIESEL,3839.0,COLOMBO,BRAND NEW-L/ASSEMBLE,1,,E COMET 1212
MOTOR LORRY (COMMERCIAL),JAC,HFC1027E4,SRI LANKA,DIESEL,2746.0,GAMPAHA,BRAND NEW-L/ASSEMBLE,1,,HFC1027E4
MOTOR LORRY (COMMERCIAL),LANKA ASHOK LEYLAND,PARTNER,INDIA,DIESEL,2983.0,JAFFNA,BRAND NEW,1,,PARTNER
MOTOR LORRY (COMMERCIAL),SINOTRUK,HOWO,CHINA,DIESEL,2771.0,JAFFNA,BRAND NEW,1,,HOWO
MOTOR LORRY (COMMERCIAL),LANKA ASHOK LEYLAND,E COMET 1012,SRI LANKA,DIESEL,3839.0,GAMPAHA,BRAND NEW-L/ASSEMBLE,2,,E COMET 1012
MOTOR LORRY (COMMERCIAL),J M C,JX1044TC2R,SRI LANKA,DIESEL,2771.0,PUTTALAM,BRAND NEW-L/ASSEMBLE,1,,JX1044TC2R
MOTOR LORRY (COMMERCIAL),LANKA ASHOK LEYLAND,TUSKER SUPER 1618,SRI LANKA,DIESEL,5759.0,RATNAPURA,BRAND NEW-L/ASSEMBLE,1,,TUSKER SUPER 1618
MOTOR LORRY (COMMERCIAL),ISUZU,TPG-NPR85AN ELF,JAPAN,DIESEL,2990.0,COLOMBO,RECONDITIONED,1,TPG-NPR85AN,ELF
MOTOR LORRY (COMMERCIAL),ISUZU,TKG-NJR85A ELF,JAPAN,DIESEL,2990.0,MANNAR,RECONDITIONED,1,TKG-NJR85A,ELF
MOTOR LORRY (COMMERCIAL),ISUZU,TKG-FRR90T2 FORWARD,JAPAN,DIESEL,5190.0,GAMPAHA,RECONDITIONED,1,TKG-FRR90T2,FORWARD
MOTOR LORRY (COMMERCIAL),MITSUBISHI,FUSO CANTER,JAPAN,DIESEL,2998.0,COLOMBO,BRAND NEW,1,,FUSO CANTER
MOTOR LORRY (COMMERCIAL),MITSUBISHI,FUSO,JAPAN,DIESEL,2998.0,BATTICALOA,BRAND NEW,1,,FUSO
MOTOR LORRY (COMMERCIAL),SINO,HOWO,CHINA,DIESEL,2540.0,KANDY,BRAND NEW,1,,HOWO
MOTOR LORRY (COMMERCIAL),LANKA ASHOK LEYLAND,TUSKER SUPER 1618,SRI LANKA,DIESEL,5759.0,GAMPAHA,BRAND NEW-L/ASSEMBLE,2,,TUSKER SUPER 1618
MOTOR LORRY (COMMERCIAL),J M C,JX1044TC2R,SRI LANKA,DIESEL,2771.0,KEGALLE,BRAND NEW-L/ASSEMBLE,1,,JX1044TC2R
MOTOR LORRY (COMMERCIAL),MITSUBISHI,SKG-FEA80 CANTER,JAPAN,DIESEL,2990.0,KALUTARA,RECONDITIONED,1,SKG-FEA80,CANTER
MOTOR LORRY (COMMERCIAL),ISUZU,TPG-NPR85AN,JAPAN,DIESEL,2990.0,GALLE,RECONDITIONED,1,TPG-NPR85AN,FREEZER
MOTOR LORRY (COMMERCIAL),ISUZU,TPG-NPR85AN FREEZER,JAPAN,DIESEL,2990.0,GAMPAHA,RECONDITIONED,4,TPG-NPR85AN,FREEZER
MOTOR LORRY (COMMERCIAL),LANKA ASHOK LEYLAND,TUSKER SUPER 1618,SRI LANKA,DIESEL,5759.0,KANDY,BRAND NEW-L/ASSEMBLE,2,,TUSKER SUPER 1618
MOTOR LORRY (COMMERCIAL),LANKA ASHOK LEYLAND,TUSKER SUPER 1618,SRI LANKA,DIESEL,5759.0,KILINOCHCHI,BRAND NEW-L/ASSEMBLE,1,,TUSKER SUPER 1618
MOTOR LORRY (COMMERCIAL),LANKA ASHOK LEYLAND,TUSKER SUPER 1618,SRI LANKA,DIESEL,5759.0,KALUTARA,BRAND NEW-L/ASSEMBLE,1,,TUSKER SUPER 1618
MOTOR LORRY (COMMERCIAL),LANKA ASHOK LEYLAND,TAURUS 2518,SRI LANKA,DIESEL,5759.0,GAMPAHA,BRAND NEW-L/ASSEMBLE,1,,TAURUS 2518
MOTOR LORRY (COMMERCIAL),UD TRUCKS,LDG-CD5ZA,JAPAN,DIESEL,10830.0,BADULLA,RECONDITIONED,1,LDG-CD5ZA,Unknown
MOTOR LORRY (COMMERCIAL),ISUZU,TKG-NMR85R,JAPAN,DIESEL,2990.0,KILINOCHCHI,RECONDITIONED,1,TKG-NMR85R,Unknown
MOTOR LORRY (COMMERCIAL),MITSUBISHI,FUSO,JAPAN,DIESEL,2998.0,KALUTARA,BRAND NEW,1,,FUSO
MOTOR LORRY (COMMERCIAL),J M C,CARRYING PLUS,SRI LANKA,DIESEL,2771.0,MANNAR,BRAND NEW-L/ASSEMBLE,1,,CARRYING PLUS
MOTOR LORRY (COMMERCIAL),LANKA ASHOK LEYLAND,TAURUS 2518,SRI LANKA,DIESEL,5759.0,COLOMBO,BRAND NEW-L/ASSEMBLE,2,,TAURUS 2518
MOTOR LORRY (COMMERCIAL),LANKA ASHOK LEYLAND,PARTNER,INDIA,DIESEL,2953.0,JAFFNA,BRAND NEW,1,,PARTNER
MOTOR LORRY (COMMERCIAL),JAC,HFC1027E4,SRI LANKA,DIESEL,2746.0,KURUNEGALA,BRAND NEW-L/ASSEMBLE,1,,HFC1027E4
MOTOR LORRY (COMMERCIAL),ISUZU,2RG-NPR88AN ELF,JAPAN,DIESEL,2990.0,ANURADHAPURA,RECONDITIONED,1,2RG-NPR88AN,ELF
MOTOR LORRY (COMMERCIAL),JAC,HFC1027E4,SRI LANKA,DIESEL,2746.0,NUWARA-ELIYA,BRAND NEW-L/ASSEMBLE,1,,HFC1027E4
MOTOR LORRY (COMMERCIAL),LANKA ASHOK LEYLAND,TAURUS 2518,SRI LANKA,DIESEL,5759.0,GALLE,BRAND NEW-L/ASSEMBLE,1,,TAURUS 2518
MOTOR LORRY (COMMERCIAL),LANKA ASHOK LEYLAND,TUSKER SUPER 1618,SRI LANKA,DIESEL,5759.0,JAFFNA,BRAND NEW-L/ASSEMBLE,2,,TUSKER SUPER 1618
MOTOR LORRY (COMMERCIAL),ISUZU,TPG-NPR85AN,JAPAN,DIESEL,2990.0,GAMPAHA,RECONDITIONED,1,TPG-NPR85AN,FREEZER
MOTOR LORRY (COMMERCIAL),LANKA ASHOK LEYLAND,E COMET 1212,SRI LANKA,DIESEL,3839.0,KEGALLE,BRAND NEW-L/ASSEMBLE,1,,E COMET 1212
MOTOR LORRY (COMMERCIAL),JAC,HFC1027E4,SRI LANKA,DIESEL,2746.0,COLOMBO,BRAND NEW-L/ASSEMBLE,2,,HFC1027E4
MOTOR LORRY (COMMERCIAL),LANKA ASHOK LEYLAND,TAURUS 2518,SRI LANKA,DIESEL,5759.0,JAFFNA,BRAND NEW-L/ASSEMBLE,1,,TAURUS 2518
MOTOR LORRY (COMMERCIAL),LANKA ASHOK LEYLAND,TUSKER SUPER 1618,SRI LANKA,DIESEL,5759.0,MATARA,BRAND NEW-L/ASSEMBLE,1,,TUSKER SUPER 1618
MOTOR LORRY (COMMERCIAL),ISUZU,2SG-NPR88AN,JAPAN,DIESEL,2990.0,COLOMBO,RECONDITIONED,1,2SG-NPR88AN,Unknown
MOTOR LORRY (COMMERCIAL),MITSUBISHI,TPG-FEB80-CANTER,JAPAN,DIESEL,2990.0,KANDY,RECONDITIONED,1,TPG-FEB80-CANTER,Unknown
MOTOR LORRY (COMMERCIAL),J M C,JX1044TC2R,SRI LANKA,DIESEL,2771.0,COLOMBO,BRAND NEW-L/ASSEMBLE,2,,JX1044TC2R
MOTOR LORRY (COMMERCIAL),LANKA ASHOK LEYLAND,TUSKER SUPER 1618,SRI LANKA,DIESEL,5759.0,MONERAGALA,BRAND NEW-L/ASSEMBLE,1,,TUSKER SUPER 1618
MOTOR LORRY (COMMERCIAL),LANKA ASHOK LEYLAND,TAURUS 2518,SRI LANKA,DIESEL,5759.0,PUTTALAM,BRAND NEW-L/ASSEMBLE,1,,TAURUS 2518
MOTOR LORRY (COMMERCIAL),J M C,JX1044TC2R,SRI LANKA,DIESEL,2771.0,AMPARA,BRAND NEW-L/ASSEMBLE,1,,JX1044TC2R
MOTOR LORRY (COMMERCIAL),LANKA ASHOK LEYLAND,TUSKER SUPER 1618,SRI LANKA,DIESEL,5759.0,COLOMBO,BRAND NEW-L/ASSEMBLE,8,,TUSKER SUPER 1618
MOTOR TRICYCLE VAN,PIAGGIO,APE EXTRA LD,INDIA,DIESEL,435.0,COLOMBO,BOUGHT FROM AUCTION,1,,APE EXTRA LD
MOTOR TRICYCLE VAN,MAHINDRA,ALFA LOAD CARRIER,INDIA,DIESEL,436.0,JAFFNA,BRAND NEW,2,,ALFA LOAD CARRIER
MOTOR TRICYCLE VAN,MAHINDRA,ALFA LOAD CARRIER,INDIA,DIESEL,436.0,KEGALLE,BRAND NEW,1,,ALFA LOAD CARRIER
MOTOR TRICYCLE VAN,MAHINDRA,ALFA LOAD CARRIER,INDIA,DIESEL,436.0,BATTICALOA,BRAND NEW,1,,ALFA LOAD CARRIER
MOTOR TRICYCLE VAN,PIAGGIO,APE XTRA LD,INDIA,DIESEL,435.0,KALUTARA,BOUGHT FROM AUCTION,1,,APE XTRA LD
MOTOR TRICYCLE VAN,MAHINDRA,ALFA LOAD CARRIER,INDIA,DIESEL,436.0,MATARA,BRAND NEW,2,,ALFA LOAD CARRIER
MOTOR TRICYCLE VAN,MAHINDRA,ALFA LOAD CARRIER,INDIA,DIESEL,436.0,COLOMBO,BRAND NEW,2,,ALFA LOAD CARRIER
MOTOR TRICYCLE VAN,MAHINDRA,ALFA LOAD CARRIER,INDIA,DIESEL,436.0,GALLE,BRAND NEW,2,,ALFA LOAD CARRIER
MOTOR TRICYCLE VAN,PIAGGIO,APE EXTRA LD,INDIA,DIESEL,435.0,GAMPAHA,BOUGHT FROM AUCTION,1,,APE EXTRA LD
OTHER SPECIAL PURPOSE VEHICLE,YUTONG,ZK5180XYL2,CHINA,DIESEL,9726.0,COLOMBO,BRAND NEW,2,,ZK5180XYL2
OTHER SPECIAL PURPOSE VEHICLE,EICHER,2090LSRLCWC,INDIA,DIESEL,2960.0,GAMPAHA,BRAND NEW,1,,2090LSRLCWC
PRIMER MOVER,DAF,XF 480,UNITED KINGDOM,DIESEL,12902.0,COLOMBO,RECONDITIONED,2,,XF 480
PRIMER MOVER,TATA,SIGNA 4018,INDIA,DIESEL,5883.0,KALUTARA,BRAND NEW,1,,SIGNA 4018
PRIMER MOVER,TATA,SIGNA 4018,INDIA,DIESEL,5883.0,COLOMBO,BRAND NEW,14,,SIGNA 4018
PRIMER MOVER,LANKA ASHOK LEYLAND,U4019,INDIA,DIESEL,5759.0,PUTTALAM,BRAND NEW,1,,U4019
PRIMER MOVER,TATA,SIGNA 4018,INDIA,DIESEL,5883.0,GAMPAHA,BRAND NEW,7,,SIGNA 4018
PRIMER MOVER,TATA,SIGNA 4018,INDIA,DIESEL,5883.0,MATARA,BRAND NEW,1,,SIGNA 4018
PRIMER MOVER,TATA,SIGNA 5530,INDIA,DIESEL,6702.0,BATTICALOA,BRAND NEW,1,,SIGNA 5530
PRIMER MOVER,LANKA ASHOK LEYLAND,U4019,INDIA,DIESEL,5759.0,COLOMBO,BRAND NEW,2,,U4019
PRIMER MOVER,TATA,SIGNA 5530,INDIA,DIESEL,6702.0,MATALE,BRAND NEW,1,,SIGNA 5530
SINGLE CAB,TOYOTA,HILUX REVO,THAILAND,DIESEL,2755.0,HAMBANTOTA,RECONDITIONED,3,,HILUX REVO
SINGLE CAB,TOYOTA,5BF-S403U TOWN ACE,JAPAN,PETROL,1498.0,KURUNEGALA,RECONDITIONED,1,5BF-S403U,TOWN ACE
SINGLE CAB,SUZUKI,3BD-DA16T CARRY,JAPAN,PETROL,658.0,RATNAPURA,RECONDITIONED,1,3BD-DA16T,CARRY
SINGLE CAB,NISSAN,3BD-DR16T NT100,JAPAN,PETROL,658.0,GAMPAHA,RECONDITIONED,1,3BD-DR16T,NT100
SINGLE CAB,SUZUKI,3BD-DA16T CARRY,JAPAN,PETROL,658.0,PUTTALAM,RECONDITIONED,5,3BD-DA16T,CARRY
SINGLE CAB,NISSAN,3BD-DR16T,JAPAN,PETROL,658.0,COLOMBO,RECONDITIONED,1,3BD-DR16T,NT100
SINGLE CAB,DAIHATSU,3BD-S500P,JAPAN,PETROL,658.0,GAMPAHA,RECONDITIONED,1,3BD-S500P,Unknown
SINGLE CAB,SUZUKI,3BD-DA16T CARRY,JAPAN,PETROL,650.0,COLOMBO,RECONDITIONED,1,3BD-DA16T,CARRY
SINGLE CAB,SUZUKI,3BD-DA16TCARRY,JAPAN,PETROL,658.0,PUTTALAM,RECONDITIONED,1,3BD-DA16TCARRY,Unknown
SINGLE CAB,SUZUKI,3BD-DA16T CARRY,JAPAN,PETROL,656.0,GALLE,RECONDITIONED,1,3BD-DA16T,CARRY
SINGLE CAB,MAHINDRA,BOLERO CITY PICKUP,INDIA,DIESEL,2523.0,PUTTALAM,BRAND NEW,6,,BOLERO CITY PICKUP
SINGLE CAB,TATA,ACE HT2,INDIA,DIESEL,702.0,TRINCOMALEE,BRAND NEW,1,,ACE HT2
SINGLE CAB,TATA,ACE HT2,INDIA,DIESEL,702.0,VAVUNIYA,BRAND NEW,2,,ACE HT2
SINGLE CAB,MAHINDRA,BOLERO CITY PICKUP,INDIA,DIESEL,2523.0,JAFFNA,BRAND NEW,6,,BOLERO CITY PICKUP
SINGLE CAB,TATA,ACE HT2,INDIA,DIESEL,702.0,JAFFNA,BRAND NEW,1,,ACE HT2
SINGLE CAB,MAHINDRA,BOLERO CITY PICK UP,INDIA,DIESEL,2523.0,COLOMBO,BRAND NEW,1,,BOLERO CITY PICK UP
SINGLE CAB,TATA,ACE HT2,INDIA,DIESEL,702.0,AMPARA,BRAND NEW,1,,ACE HT2
SINGLE CAB,LANKA ASHOK LEYLAND,DOST,SRI LANKA,DIESEL,1478.0,JAFFNA,BRAND NEW-L/ASSEMBLE,2,,DOST
SINGLE CAB,DAIHATSU,3BD-S500P HIJET,JAPAN,PETROL,658.0,KURUNEGALA,RECONDITIONED,1,3BD-S500P,HIJET
SINGLE CAB,SUZUKI,3BD-DA16T  CARRY,JAPAN,PETROL,657.0,GAMPAHA,RECONDITIONED,1,3BD-DA16T,CARRY
SINGLE CAB,SUZUKI,3BD-DA16T CARRY,JAPAN,PETROL,658.0,MATALE,RECONDITIONED,1,3BD-DA16T,CARRY
SINGLE CAB,MAHINDRA,BOLERO CITY PICKUP,INDIA,DIESEL,2523.0,VAVUNIYA,BRAND NEW,1,,BOLERO CITY PICKUP
SINGLE CAB,MAHINDRA,BOLERO CITY PICK UP,INDIA,DIESEL,2523.0,GAMPAHA,BRAND NEW,1,,BOLERO CITY PICK UP
SINGLE CAB,LANKA ASHOK LEYLAND,BADA DOST,SRI LANKA,DIESEL,1478.0,COLOMBO,BRAND NEW-L/ASSEMBLE,6,,BADA DOST
SINGLE CAB,LANKA ASHOK LEYLAND,DOST,SRI LANKA,DIESEL,1478.0,GALLE,BRAND NEW-L/ASSEMBLE,1,,DOST
SINGLE CAB,TATA,ACE-HT2,INDIA,DIESEL,702.0,GAMPAHA,BRAND NEW,2,ACE-HT2,Unknown
SINGLE CAB,MAHINDRA,BOLERO CITY PICK UP,INDIA,DIESEL,2523.0,PUTTALAM,BRAND NEW,1,,BOLERO CITY PICK UP
SINGLE CAB,MAHINDRA,BOLERO CITY PICKUP,INDIA,DIESEL,2523.0,KANDY,BRAND NEW,1,,BOLERO CITY PICKUP
SINGLE CAB,LANKA ASHOK LEYLAND,BADA DOST,SRI LANKA,DIESEL,1478.0,KALUTARA,BRAND NEW-L/ASSEMBLE,1,,BADA DOST
SINGLE CAB,LANKA ASHOK LEYLAND,BADA DOST,SRI LANKA,DIESEL,1478.0,GALLE,BRAND NEW-L/ASSEMBLE,1,,BADA DOST
SINGLE CAB,MAHINDRA,BOLERO CITY PICKUP,INDIA,DIESEL,2523.0,COLOMBO,BRAND NEW,24,,BOLERO CITY PICKUP
SINGLE CAB,TATA,ACE HT2,INDIA,DIESEL,702.0,KURUNEGALA,BRAND NEW,2,,ACE HT2
SINGLE CAB,TATA,ACE HT2,INDIA,DIESEL,702.0,COLOMBO,BRAND NEW,4,,ACE HT2
SINGLE CAB,MAHINDRA,BOLERO CITY PICKUP,INDIA,DIESEL,2523.0,TRINCOMALEE,BRAND NEW,2,,BOLERO CITY PICKUP
SINGLE CAB,TATA,ACE HT2,SRI LANKA,DIESEL,702.0,GALLE,BRAND NEW-L/ASSEMBLE,2,,ACE HT2
SINGLE CAB,TATA,YODHA LIGHT TRUCK,SRI LANKA,DIESEL,2956.0,BATTICALOA,BRAND NEW-L/ASSEMBLE,2,,YODHA LIGHT TRUCK
SINGLE CAB,SUZUKI,3BD-DA16T CARRY,JAPAN,PETROL,658.0,COLOMBO,RECONDITIONED,2,3BD-DA16T,CARRY
SINGLE CAB,SUZUKI,3BD-DA16T CARRY,JAPAN,PETROL,656.0,PUTTALAM,RECONDITIONED,1,3BD-DA16T,CARRY
SINGLE CAB,SUZUKI,3BD-DA16T CARRY,JAPAN,PETROL,658.0,MATARA,RECONDITIONED,1,3BD-DA16T,CARRY
SINGLE CAB,MAHINDRA,BOLERO CITY PICKUP,INDIA,DIESEL,2523.0,POLONNARUWA,BRAND NEW,2,,BOLERO CITY PICKUP
SINGLE CAB,TATA,ACE HT2,SRI LANKA,DIESEL,702.0,VAVUNIYA,BRAND NEW-L/ASSEMBLE,1,,ACE HT2
SINGLE CAB,MITSUBISHI,3BD-DS16T,JAPAN,PETROL,658.0,GALLE,RECONDITIONED,1,3BD-DS16T,Unknown
SINGLE CAB,SUZUKI,3BD-DA16T CARRY,JAPAN,PETROL,658.0,KANDY,RECONDITIONED,2,3BD-DA16T,CARRY
SINGLE CAB,SUZUKI,3BD DA16T CARRY,JAPAN,PETROL,657.0,KURUNEGALA,RECONDITIONED,1,,3BD DA16T CARRY
SINGLE CAB,MAHINDRA,BOLERO CITY PICKUP,INDIA,DIESEL,2523.0,GALLE,BRAND NEW,1,,BOLERO CITY PICKUP
SINGLE CAB,MAHINDRA,BOLERO CITY PICKUP,INDIA,DIESEL,2523.0,HAMBANTOTA,BRAND NEW,3,,BOLERO CITY PICKUP
SINGLE CAB,LANKA ASHOK LEYLAND,DOST,SRI LANKA,DIESEL,1478.0,KALUTARA,BRAND NEW-L/ASSEMBLE,3,,DOST
SINGLE CAB,LANKA ASHOK LEYLAND,DOST,SRI LANKA,DIESEL,1478.0,KANDY,BRAND NEW-L/ASSEMBLE,1,,DOST
SINGLE CAB,SUZUKI,3BD-DA16T,JAPAN,PETROL,658.0,GALLE,RECONDITIONED,1,3BD-DA16T,CARRY
SINGLE CAB,SUZUKI,3BD-DA16T CARRY,JAPAN,PETROL,658.0,GALLE,RECONDITIONED,1,3BD-DA16T,CARRY
SINGLE CAB,SUZUKI,3BD-DA16T EVERY,JAPAN,PETROL,658.0,GALLE,RECONDITIONED,1,3BD-DA16T,EVERY
SINGLE CAB,MAHINDRA,BOLERO CITY PICKUP,INDIA,DIESEL,2523.0,GAMPAHA,BRAND NEW,7,,BOLERO CITY PICKUP
SINGLE CAB,MAHINDRA,BOLERO CITY PICKUP,INDIA,DIESEL,2523.0,NUWARA-ELIYA,BRAND NEW,7,,BOLERO CITY PICKUP
SINGLE CAB,LANKA ASHOK LEYLAND,DOST,SRI LANKA,DIESEL,1478.0,COLOMBO,BRAND NEW-L/ASSEMBLE,9,,DOST
SINGLE CAB,LANKA ASHOK LEYLAND,BADA DOST,SRI LANKA,DIESEL,1478.0,JAFFNA,BRAND NEW-L/ASSEMBLE,1,,BADA DOST
SINGLE CAB,LANKA ASHOK LEYLAND,DOST,SRI LANKA,DIESEL,1478.0,NUWARA-ELIYA,BRAND NEW-L/ASSEMBLE,1,,DOST
SINGLE CAB,TATA,YODHA LIGHT TRUCK,SRI LANKA,DIESEL,2956.0,GAMPAHA,BRAND NEW-L/ASSEMBLE,3,,YODHA LIGHT TRUCK
SINGLE CAB,LANKA ASHOK LEYLAND,BADA DOST,SRI LANKA,DIESEL,1478.0,MULLATIVU,BRAND NEW-L/ASSEMBLE,1,,BADA DOST
SINGLE CAB,TOYOTA,3BD-S510U PIXIS,JAPAN,PETROL,658.0,JAFFNA,RECONDITIONED,1,3BD-S510U,PIXIS
SINGLE CAB,SUZUKI,3BD-DA16T CARRY,JAPAN,PETROL,657.0,KURUNEGALA,RECONDITIONED,1,3BD-DA16T,CARRY
SINGLE CAB,DAIHATSU,3BD-S500P HIJET,JAPAN,PETROL,650.0,KALUTARA,RECONDITIONED,1,3BD-S500P,HIJET
SINGLE CAB,SUZUKI,3BD-DAI6T CARRY,JAPAN,PETROL,658.0,GAMPAHA,RECONDITIONED,1,3BD-DAI6T,CARRY
SINGLE CAB,TATA,ACE HT2,INDIA,DIESEL,702.0,ANURADHAPURA,BRAND NEW,2,,ACE HT2
SINGLE CAB,MAHINDRA,BOLERO CITY PICKUP,INDIA,DIESEL,2523.0,KALUTARA,BRAND NEW,4,,BOLERO CITY PICKUP
SINGLE CAB,MAHINDRA,BOLERO CITY PICK UP,INDIA,DIESEL,2523.0,NUWARA-ELIYA,BRAND NEW,1,,BOLERO CITY PICK UP
SINGLE CAB,TATA,ACE HT2,SRI LANKA,DIESEL,702.0,MATARA,BRAND NEW-L/ASSEMBLE,1,,ACE HT2
SINGLE CAB,TATA,ACE-HT2,SRI LANKA,DIESEL,702.0,GALLE,BRAND NEW-L/ASSEMBLE,1,ACE-HT2,Unknown
SINGLE CAB,TATA,YODHA LIGHT TRUCK,SRI LANKA,DIESEL,2956.0,KANDY,BRAND NEW-L/ASSEMBLE,1,,YODHA LIGHT TRUCK
SINGLE CAB,SUZUKI,3BD-DA16T CARRY,JAPAN,PETROL,658.0,GAMPAHA,RECONDITIONED,3,3BD-DA16T,CARRY
SINGLE CAB,SUZUKI,3BD-DA16T CARRY,JAPAN,PETROL,658.0,KURUNEGALA,RECONDITIONED,3,3BD-DA16T,CARRY
SINGLE CAB,DAIHATSU,3BD-S500P,JAPAN,PETROL,658.0,MATARA,RECONDITIONED,1,3BD-S500P,Unknown
SINGLE CAB,MAHINDRA,BOLERO CITY PICKUP,INDIA,DIESEL,2523.0,KURUNEGALA,BRAND NEW,2,,BOLERO CITY PICKUP
SINGLE CAB,MAHINDRA,BOLERO CITY PICKUP,INDIA,DIESEL,2523.0,KILINOCHCHI,BRAND NEW,2,,BOLERO CITY PICKUP
SINGLE CAB,TATA,ACE HT2,SRI LANKA,DIESEL,702.0,PUTTALAM,BRAND NEW-L/ASSEMBLE,1,,ACE HT2
SINGLE CAB,MAHINDRA,BOLERO CITY PICK UP,SRI LANKA,DIESEL,2523.0,JAFFNA,BRAND NEW-L/ASSEMBLE,1,,BOLERO CITY PICK UP
SINGLE CAB,NISSAN,3BD-DR16T,JAPAN,PETROL,660.0,COLOMBO,RECONDITIONED,1,3BD-DR16T,NT100
SINGLE CAB,MAHINDRA,BOLERO CITY PICKUP,INDIA,DIESEL,2523.0,MONERAGALA,BRAND NEW,2,,BOLERO CITY PICKUP
SINGLE CAB,TATA,ACE HT2,INDIA,DIESEL,702.0,BATTICALOA,BRAND NEW,3,,ACE HT2
SINGLE CAB,MAHINDRA,BOLERO CITY PICKUP,INDIA,DIESEL,2523.0,ANURADHAPURA,BRAND NEW,3,,BOLERO CITY PICKUP
SINGLE CAB,MAHINDRA,BOLERO CITY PICKUP,INDIA,DIESEL,2523.0,BADULLA,BRAND NEW,1,,BOLERO CITY PICKUP
SINGLE CAB,MAHINDRA,BOLERO CITY PICKUP,INDIA,DIESEL,2523.0,AMPARA,BRAND NEW,1,,BOLERO CITY PICKUP
SINGLE CAB,MAHINDRA,BOLERO CITY PICKUP,SRI LANKA,DIESEL,2523.0,COLOMBO,BRAND NEW-L/ASSEMBLE,15,,BOLERO CITY PICKUP
SINGLE CAB,LANKA ASHOK LEYLAND,BADA DOST,SRI LANKA,DIESEL,1478.0,MATARA,BRAND NEW-L/ASSEMBLE,1,,BADA DOST
SINGLE CAB,SUZUKI,3BD-DA16T CARRY,JAPAN,PETROL,658.0,KALUTARA,RECONDITIONED,2,3BD-DA16T,CARRY
SINGLE CAB,MAHINDRA,BOLERO CITY PICKUP,INDIA,DIESEL,2523.0,MULLATIVU,BRAND NEW,1,,BOLERO CITY PICKUP
SINGLE CAB,MAHINDRA,BOLERO CITY PICKUP,INDIA,DIESEL,2523.0,RATNAPURA,BRAND NEW,3,,BOLERO CITY PICKUP
SINGLE CAB,TATA,ACE HT2,INDIA,DIESEL,702.0,KALUTARA,BRAND NEW,1,,ACE HT2
SINGLE CAB,LANKA ASHOK LEYLAND,BADA DOST,SRI LANKA,DIESEL,1478.0,GAMPAHA,BRAND NEW-L/ASSEMBLE,3,,BADA DOST
SINGLE CAB,TATA,YOGHA LIGHT TRUCK,SRI LANKA,DIESEL,2956.0,PUTTALAM,BRAND NEW-L/ASSEMBLE,1,,YOGHA LIGHT TRUCK
SINGLE CAB,LANKA ASHOK LEYLAND,DOST,SRI LANKA,DIESEL,1478.0,GAMPAHA,BRAND NEW-L/ASSEMBLE,3,,DOST
SINGLE CAB,TATA,YODHA LIGHT TRUCK,SRI LANKA,DIESEL,2956.0,ANURADHAPURA,BRAND NEW-L/ASSEMBLE,1,,YODHA LIGHT TRUCK
SPECIAL PURPOSE VEHICLE,T.C.M,L4-2 WHEEL LOADER,JAPAN,DIESEL,1350.0,JAFFNA,RECONDITIONED,1,L4-2,WHEEL LOADER
SPECIAL PURPOSE VEHICLE,J.C.B,3 CX,NETHERLANDS,DIESEL,3990.0,BADULLA,RECONDITIONED,1,,3 CX
SPECIAL PURPOSE VEHICLE,FURUKAWA,FL60A WHEEL LOADER,JAPAN,DIESEL,2369.0,PUTTALAM,RECONDITIONED,1,,FL60A WHEEL LOADER
SPECIAL PURPOSE VEHICLE,J.C.B,530-70 TELEHANDLER,INDIA,DIESEL,4401.0,COLOMBO,BRAND NEW,1,530-70,TELEHANDLER
SPECIAL PURPOSE VEHICLE,UD TRUCKS,TKG-LK38L CONDOR,JAPAN,DIESEL,4670.0,COLOMBO,RECONDITIONED,1,TKG-LK38L,CONDOR
SPECIAL PURPOSE VEHICLE,J.C.B,3DX,INDIA,DIESEL,4400.0,KANDY,BRAND NEW,1,,3DX
SPECIAL PURPOSE VEHICLE,T.C.M,808A-2 WHEEL LOADER,JAPAN,DIESEL,1500.0,JAFFNA,RECONDITIONED,1,808A-2,WHEEL LOADER
SPECIAL PURPOSE VEHICLE,KOMATSU,WA100-3 WHEEL LOADER,JAPAN,DIESEL,3998.0,BATTICALOA,RECONDITIONED,1,WA100-3,WHEEL LOADER
SPECIAL PURPOSE VEHICLE,FURUKAWA,FL160A,JAPAN,DIESEL,5785.0,GAMPAHA,RECONDITIONED,1,,FL160A
SPECIAL PURPOSE VEHICLE,ISUZU,ELF,JAPAN,DIESEL,4778.0,GAMPAHA,RECONDITIONED,1,,ELF
SPECIAL PURPOSE VEHICLE,KOMATSU,FD30T-16,CHINA,DIESEL,3000.0,ANURADHAPURA,RECONDITIONED,1,FD30T-16,Unknown
SPECIAL PURPOSE VEHICLE,XCMG,XC938 WHEEL LOADER,CHINA,DIESEL,6750.0,VAVUNIYA,BRAND NEW,1,,XC938 WHEEL LOADER
SPECIAL PURPOSE VEHICLE,MITSUBISHI,MG230 MOTOR GRADER,JAPAN,DIESEL,4940.0,KURUNEGALA,RECONDITIONED,1,,MG230 MOTOR GRADER
SPECIAL PURPOSE VEHICLE,FURUKAWA,FL60A- WHEEL LOADER,JAPAN,DIESEL,2369.0,PUTTALAM,RECONDITIONED,1,,FL60A- WHEEL LOADER
SPECIAL PURPOSE VEHICLE,YANMAR,V2-1 WHEEL LOADER,JAPAN,DIESEL,1146.0,AMPARA,RECONDITIONED,1,V2-1,WHEEL LOADER
SPECIAL PURPOSE VEHICLE,MITSUBISHI,MG230 MOTOR GRADER,JAPAN,DIESEL,4900.0,ANURADHAPURA,RECONDITIONED,1,,MG230 MOTOR GRADER
SPECIAL PURPOSE VEHICLE,J.C.B,3DX,INDIA,DIESEL,4400.0,COLOMBO,BRAND NEW,1,,3DX
SPECIAL PURPOSE VEHICLE,T.C.M,808A WHEEL LOADER,JAPAN,DIESEL,1500.0,AMPARA,RECONDITIONED,1,,808A WHEEL LOADER
THREE WHEELER,BAJAJ,RE 4S AUTORICKSHAW,INDIA,PETROL,237.0,HAMBANTOTA,BRAND NEW,12,,RE 4S AUTORICKSHAW
THREE WHEELER,BAJAJ,RE 4S AUTORICKSHAW,INDIA,PETROL,237.0,COLOMBO,BRAND NEW,85,,RE 4S AUTORICKSHAW
THREE WHEELER,MAHINDRA,TREO,INDIA,ELECTRIC,3.5,COLOMBO,BRAND NEW,2,,TREO
THREE WHEELER,BAJAJ,RE 4S AUTORICKSHAW,INDIA,PETROL,237.0,GAMPAHA,BRAND NEW,91,,RE 4S AUTORICKSHAW
THREE WHEELER,BAJAJ,RE 4S AUTORICKSHAW,INDIA,PETROL,237.0,VAVUNIYA,BRAND NEW,5,,RE 4S AUTORICKSHAW
THREE WHEELER,MAHINDRA,TREO,INDIA,ELECTRIC,3.5,GAMPAHA,BRAND NEW,1,,TREO
THREE WHEELER,BAJAJ,RE 4S AUTORICKSHAW,INDIA,PETROL,237.0,KEGALLE,BRAND NEW,27,,RE 4S AUTORICKSHAW
THREE WHEELER,MAHINDRA,TREO PLUS,INDIA,ELECTRIC,3.5,KEGALLE,BRAND NEW,1,,TREO PLUS
THREE WHEELER,BAJAJ,RE 4S AUTORICKSHAW,INDIA,PETROL,237.0,TRINCOMALEE,BRAND NEW,19,,RE 4S AUTORICKSHAW
THREE WHEELER,BAJAJ,RE 4S AUTORICKSHAW,INDIA,PETROL,237.0,MANNAR,BRAND NEW,5,,RE 4S AUTORICKSHAW
THREE WHEELER,BAJAJ,RE 4S AUTORICKSHAW,INDIA,PETROL,237.0,BATTICALOA,BRAND NEW,41,,RE 4S AUTORICKSHAW
THREE WHEELER,BAJAJ,RE 4S AUTORICKSHAW,INDIA,PETROL,237.0,ANURADHAPURA,BRAND NEW,38,,RE 4S AUTORICKSHAW
THREE WHEELER,BAJAJ,RE 4S AUTORICKSHAW,INDIA,PETROL,237.0,JAFFNA,BRAND NEW,69,,RE 4S AUTORICKSHAW
THREE WHEELER,BAJAJ,RE 4S AUTORICKSHAW,INDIA,PETROL,237.0,MATARA,BRAND NEW,35,,RE 4S AUTORICKSHAW
THREE WHEELER,BAJAJ,RE 4S AUTORICKSHAW,INDIA,PETROL,237.0,KURUNEGALA,BRAND NEW,37,,RE 4S AUTORICKSHAW
THREE WHEELER,BAJAJ,RE 4S AUTORICKSHAW,INDIA,PETROL,237.0,NUWARA-ELIYA,BRAND NEW,17,,RE 4S AUTORICKSHAW
THREE WHEELER,ELEKTRATEQ,ETX,SRI LANKA,ELECTRIC,5.0,GAMPAHA,BRAND NEW-L/MANUFACT,1,,ETX
THREE WHEELER,BAJAJ,RE 4S AUTORICKSHAW,INDIA,PETROL,237.0,KANDY,BRAND NEW,71,,RE 4S AUTORICKSHAW
THREE WHEELER,NWOW,ERVS4  PLUS,CHINA,ELECTRIC,0.8,GAMPAHA,BRAND NEW,1,,ERVS4  PLUS
THREE WHEELER,BAJAJ,RE 4S AUTORICKSHAW,INDIA,PETROL,237.0,MATALE,BRAND NEW,14,,RE 4S AUTORICKSHAW
THREE WHEELER,BAJAJ,RE 4S AUTORICKSHAW,INDIA,PETROL,237.0,RATNAPURA,BRAND NEW,14,,RE 4S AUTORICKSHAW
THREE WHEELER,BAJAJ,RE 4S AUTORICKSHAW,INDIA,PETROL,237.0,MONERAGALA,BRAND NEW,6,,RE 4S AUTORICKSHAW
THREE WHEELER,BAJAJ,RE 4S AUTORICKSHAW,INDIA,PETROL,237.0,GALLE,BRAND NEW,37,,RE 4S AUTORICKSHAW
THREE WHEELER,BAJAJ,RE 4S AUTORICKSHAW,INDIA,PETROL,237.0,MULLATIVU,BRAND NEW,3,,RE 4S AUTORICKSHAW
THREE WHEELER,ELEKTRATEQ,ETX,SRI LANKA,ELECTRIC,5.0,COLOMBO,BRAND NEW-L/MANUFACT,2,,ETX
THREE WHEELER,BAJAJ,RE 4S AUTORICKSHAW,INDIA,PETROL,237.0,BADULLA,BRAND NEW,24,,RE 4S AUTORICKSHAW
THREE WHEELER,BAJAJ,RE 4S AUTORICKSHAW,INDIA,PETROL,237.0,KILINOCHCHI,BRAND NEW,5,,RE 4S AUTORICKSHAW
THREE WHEELER,BAJAJ,RE 4S AUTORICKSHAW,INDIA,PETROL,237.0,POLONNARUWA,BRAND NEW,3,,RE 4S AUTORICKSHAW
THREE WHEELER,BAJAJ,RE 4S AUTORICKSHAW,INDIA,PETROL,237.0,KALUTARA,BRAND NEW,35,,RE 4S AUTORICKSHAW
THREE WHEELER,BAJAJ,RE 4S AUTORICKSHAW,INDIA,PETROL,237.0,PUTTALAM,BRAND NEW,22,,RE 4S AUTORICKSHAW
THREE WHEELER,BAJAJ,RE 4S AUTORICKSHAW,INDIA,PETROL,237.0,AMPARA,BRAND NEW,48,,RE 4S AUTORICKSHAW
THREE WHEELER,MAHINDRA,TREO PLUS,INDIA,ELECTRIC,3.5,COLOMBO,BRAND NEW,2,,TREO PLUS
TRACTOR TRAILER/BOWSER,LOCALLY BUILT,LOW BED TRAILER,SRI LANKA,NOT STATED,0.0,MULLATIVU,LOCALLY BUILT,1,,LOW BED TRAILER
TRACTOR TRAILER/BOWSER,LOCALLY BUILT,TRACTOR  TRAILER,SRI LANKA,NOT STATED,0.0,KURUNEGALA,LOCALLY BUILT,1,,TRACTOR  TRAILER
TRACTOR TRAILER/BOWSER,LOCALLY BUILT,LOW BED TRAILER,SRI LANKA,NOT STATED,0.0,ANURADHAPURA,LOCALLY BUILT,11,,LOW BED TRAILER
TRACTOR TRAILER/BOWSER,LOCALLY BUILT,TRACTOR  TRAILER,SRI LANKA,NOT STATED,0.0,MANNAR,LOCALLY BUILT,3,,TRACTOR  TRAILER
TRACTOR TRAILER/BOWSER,LOCALLY BUILT,TRACTOR TRAILER,SRI LANKA,NOT STATED,0.0,COLOMBO,LOCALLY BUILT,2,,TRACTOR TRAILER
TRACTOR TRAILER/BOWSER,LOCALLY BUILT,TRACTOR  TRAILER,SRI LANKA,NOT STATED,0.0,POLONNARUWA,LOCALLY BUILT,1,,TRACTOR  TRAILER
TRACTOR TRAILER/BOWSER,LOCALLY BUILT,TRACTOR TRAILER,SRI LANKA,NOT STATED,0.0,PUTTALAM,LOCALLY BUILT,1,,TRACTOR TRAILER
TRACTOR TRAILER/BOWSER,LOCALLY BUILT,TRACTOR TRAILER,SRI LANKA,NOT STATED,0.0,MANNAR,LOCALLY BUILT,4,,TRACTOR TRAILER
TRACTOR TRAILER/BOWSER,LOCALLY BUILT,TRACTOR  TRAILER,SRI LANKA,NOT STATED,0.0,PUTTALAM,LOCALLY BUILT,3,,TRACTOR  TRAILER
TRACTOR TRAILER/BOWSER,LOCALLY BUILT,LAW BED TRAILER,SRI LANKA,NOT STATED,0.0,AMPARA,LOCALLY BUILT,1,,LAW BED TRAILER
TRACTOR TRAILER/BOWSER,LOCALLY BUILT,TRACTOR TRAILER,SRI LANKA,NOT STATED,0.0,MULLATIVU,LOCALLY BUILT,1,,TRACTOR TRAILER
TRACTOR TRAILER/BOWSER,LOCALLY BUILT,TRACTOR TRAILER,SRI LANKA,NOT STATED,0.0,JAFFNA,LOCALLY BUILT,1,,TRACTOR TRAILER
TRACTOR TRAILER/BOWSER,LOCALLY BUILT,LOW BED TRAILER,SRI LANKA,NOT STATED,0.0,GAMPAHA,LOCALLY BUILT,1,,LOW BED TRAILER
TRACTOR TRAILER/BOWSER,LOCALLY BUILT,TRACTOR TRAILER,SRI LANKA,NOT STATED,0.0,MONERAGALA,LOCALLY BUILT,15,,TRACTOR TRAILER
TRACTOR TRAILER/BOWSER,LOCALLY BUILT,TRACTOR  TRAILER,SRI LANKA,NOT STATED,0.0,KILINOCHCHI,LOCALLY BUILT,5,,TRACTOR  TRAILER
TRACTOR TRAILER/BOWSER,LOCALLY BUILT,TRACTOR  TRAILER,SRI LANKA,NOT STATED,0.0,MULLATIVU,LOCALLY BUILT,5,,TRACTOR  TRAILER
TRACTOR TRAILER/BOWSER,LOCALLY BUILT,TRACTOR  TRAILER,SRI LANKA,NOT STATED,0.0,ANURADHAPURA,LOCALLY BUILT,2,,TRACTOR  TRAILER
TRACTOR TRAILER/BOWSER,LOCALLY BUILT,TRACTOR  TRAILER,SRI LANKA,NOT STATED,0.0,BATTICALOA,LOCALLY BUILT,6,,TRACTOR  TRAILER
TRACTOR TRAILER/BOWSER,LOCALLY BUILT,TRACTOR  TRAILER,SRI LANKA,NOT STATED,0.0,VAVUNIYA,LOCALLY BUILT,7,,TRACTOR  TRAILER
TRACTOR TRAILER/BOWSER,LOCALLY BUILT,LOW BED TRAILER,SRI LANKA,NOT STATED,0.0,AMPARA,LOCALLY BUILT,4,,LOW BED TRAILER
TRACTOR TRAILER/BOWSER,LOCALLY BUILT,TRACTOR  TRAILER,SRI LANKA,NOT STATED,0.0,GAMPAHA,LOCALLY BUILT,1,,TRACTOR  TRAILER
TRACTOR TRAILER/BOWSER,LOCALLY BUILT,TRACTOR TRAILER,SRI LANKA,NOT STATED,0.0,HAMBANTOTA,LOCALLY BUILT,7,,TRACTOR TRAILER
TRACTOR TRAILER/BOWSER,LOCALLY BUILT,TRACTOR TRAILER,SRI LANKA,NOT STATED,0.0,KURUNEGALA,LOCALLY BUILT,4,,TRACTOR TRAILER
TRACTOR TRAILER/BOWSER,LOCALLY BUILT,TRACTOR TRAILER,SRI LANKA,NOT STATED,0.0,VAVUNIYA,LOCALLY BUILT,1,,TRACTOR TRAILER
TRACTOR TRAILER/BOWSER,LOCALLY BUILT,TRACTOR TRAILER,SRI LANKA,NOT STATED,0.0,GAMPAHA,LOCALLY BUILT,1,,TRACTOR TRAILER
TRACTOR TRAILER/BOWSER,LOCALLY BUILT,TRACTOR TRAILER,SRI LANKA,NOT STATED,0.0,ANURADHAPURA,LOCALLY BUILT,9,,TRACTOR TRAILER
TRACTOR TRAILER/BOWSER,LOCALLY BUILT,TRACTOR TRAILER,SRI LANKA,NOT STATED,0.0,RATNAPURA,LOCALLY BUILT,2,,TRACTOR TRAILER
TRACTOR TRAILER/BOWSER,LOCALLY BUILT,TRACTOR TRAILER,SRI LANKA,NOT STATED,0.0,AMPARA,LOCALLY BUILT,5,,TRACTOR TRAILER
TRACTOR TRAILER/BOWSER,LOCALLY BUILT,LOW BED TRAILER,SRI LANKA,NOT STATED,0.0,POLONNARUWA,LOCALLY BUILT,5,,LOW BED TRAILER
TRACTOR TRAILER/BOWSER,LOCALLY BUILT,LOW BED TRAILER,SRI LANKA,NOT STATED,0.0,MONERAGALA,LOCALLY BUILT,1,,LOW BED TRAILER
TRACTOR TRAILER/BOWSER,LOCALLY BUILT,TRAILER BOWSER,SRI LANKA,NOT STATED,0.0,KURUNEGALA,LOCALLY BUILT,2,,TRAILER BOWSER
TRACTOR TRAILER/BOWSER,LOCALLY BUILT,LAW BED TRAILER,SRI LANKA,NOT STATED,0.0,ANURADHAPURA,LOCALLY BUILT,2,,LAW BED TRAILER
TRACTOR TRAILER/BOWSER,LOCALLY BUILT,LOW BED TRAILER,SRI LANKA,NOT STATED,0.0,KANDY,LOCALLY BUILT,1,,LOW BED TRAILER
TRACTOR TRAILER/BOWSER,LOCALLY BUILT,TRACTOR  TRAILER,SRI LANKA,NOT STATED,0.0,TRINCOMALEE,LOCALLY BUILT,2,,TRACTOR  TRAILER
TRACTOR TRAILER/BOWSER,LOCALLY BUILT,LOW BED TRAILER,SRI LANKA,NOT STATED,0.0,KURUNEGALA,LOCALLY BUILT,5,,LOW BED TRAILER
TRACTOR TRAILER/BOWSER,LOCALLY BUILT,TRACTOR TRAILER,SRI LANKA,NOT STATED,0.0,GALLE,LOCALLY BUILT,1,,TRACTOR TRAILER
TRACTOR TRAILER/BOWSER,LOCALLY BUILT,TRACTOR TRAILER,SRI LANKA,NOT STATED,0.0,BATTICALOA,LOCALLY BUILT,1,,TRACTOR TRAILER
TRACTOR TRAILER/BOWSER,LOCALLY BUILT,TRACTOR  TRAILER,SRI LANKA,NOT STATED,0.0,MONERAGALA,BRAND NEW,1,,TRACTOR  TRAILER
TRACTOR TRAILER/BOWSER,LOCALLY BUILT,TRACTOR  TRAILER,SRI LANKA,NOT STATED,0.0,JAFFNA,BRAND NEW,1,,TRACTOR  TRAILER
TRACTOR TRAILER/BOWSER,LOCALLY BUILT,TRACTOR  TRAILER,SRI LANKA,NOT STATED,0.0,JAFFNA,LOCALLY BUILT,11,,TRACTOR  TRAILER
TRACTOR TRAILER/BOWSER,LOCALLY BUILT,TRACTOR  TRAILER,SRI LANKA,NOT STATED,0.0,AMPARA,LOCALLY BUILT,5,,TRACTOR  TRAILER
TRACTOR TRAILER/BOWSER,LOCALLY BUILT,TRACTOR  TRAILER,SRI LANKA,NOT STATED,0.0,MONERAGALA,LOCALLY BUILT,2,,TRACTOR  TRAILER
TRACTOR TRAILER/BOWSER,LOCALLY BUILT,TRACTOR TRAILER,SRI LANKA,NOT STATED,0.0,POLONNARUWA,LOCALLY BUILT,2,,TRACTOR TRAILER
TRACTOR TRAILER/BOWSER,LOCALLY BUILT,TRACTOR TRAILER,SRI LANKA,NOT STATED,0.0,KANDY,LOCALLY BUILT,1,,TRACTOR TRAILER
TRACTOR TRAILER/BOWSER,LOCALLY BUILT,TRAILER BOWSER,SRI LANKA,NOT STATED,0.0,KANDY,LOCALLY BUILT,1,,TRAILER BOWSER
