Class of Vehicle,Make/Manufa. Name,Model,Country,Fuel Used,Cylinder Capacity,District,Registration Status,YOM,No of vehicle,Model_Code,Clean_Name
CAR,HONDA,6AA-RV5 VEZEL,JAPAN,PETROL/ELE,1496.0,GAMPAHA,RECONDITIONED,2024.0,30,6AA-RV5,VEZEL
CAR,NISSAN,5BA-B43W DAYZ,JAPAN,PETROL,658.0,GAMPAHA,RECONDITIONED,2024.0,3,5BA-B43W,DAYZ
CAR,MERCEDES BENZ,C200 AMG LINE,UNITED KINGDOM,PETROL,1496.0,COLOMBO,RECONDITIONED,2025.0,1,,C200 AMG LINE
MOTOR CYCLE,HONDA,PCX,JAPAN,PETROL,157.0,GALLE,RECONDITIONED,2024.0,1,,PCX
MOTOR CYCLE,YAMAHA,N-MAX 125,JAPAN,PETROL,124.0,PUTTALAM,RECONDITIONED,2025.0,1,,N-MAX 125
COMMERCIAL,TOYOTA,3DF-GDH223B HIACE,JAPAN,DIESEL,2754.0,GAMPAHA,RECONDITIONED,2024.0,2,3DF-GDH223B,HIACE
MOTOR CYCLE,HONDA,ADV160,JAPAN,PETROL,157.0,AMPARA,RECONDITIONED,2025.0,1,,ADV160
CAR,TOYOTA,3BA-TRJ250W,JAPAN,PETROL,2693.0,COLOMBO,RECONDITIONED,2025.0,11,3BA-TRJ250W,VX
MOTOR CYCLE,HONDA,ADV160,JAPAN,PETROL,157.0,RATNAPURA,RECONDITIONED,2025.0,1,,ADV160
CAR,TOYOTA,6AA-MXPJ10 YARIS,JAPAN,PETROL/ELE,1490.0,COLOMBO,RECONDITIONED,2024.0,4,6AA-MXPJ10,YARIS
CAR,LAND ROVER,DEFENDER 110,UNITED KINGDOM,PETROL/ELE,1997.0,COLOMBO,RECONDITIONED,2025.0,1,,DEFENDER 110
CAR,SUZUKI,5BA-MH85S WAGON R,JAPAN,PETROL,658.0,GAMPAHA,RECONDITIONED,2023.0,10,5BA-MH85S,WAGON R
CAR,SUZUKI,5BA-MH85S WAGON R,JAPAN,PETROL,656.0,ANURADHAPURA,RECONDITIONED,2024.0,3,5BA-MH85S,WAGON R
CAR,HONDA,6AA-RV5 VEZEL,JAPAN,PETROL/ELE,1496.0,ANURADHAPURA,RECONDITIONED,2025.0,8,6AA-RV5,VEZEL
CAR,TOYOTA,5BA-KSP210 YARIS,JAPAN,PETROL,996.0,MATARA,RECONDITIONED,2024.0,5,5BA-KSP210,YARIS
CAR,NISSAN,ALMERA,THAILAND,PETROL,999.0,GAMPAHA,RECONDITIONED,2025.0,13,,ALMERA
CAR,TOYOTA,4BA-M900A ROOMY,JAPAN,PETROL,998.0,BATTICALOA,RECONDITIONED,2025.0,1,4BA-M900A,ROOMY
CAR,NISSAN,5BA-B43W DAYZ,JAPAN,PETROL,658.0,MATALE,RECONDITIONED,2023.0,1,5BA-B43W,DAYZ
CAR,TOYOTA,5AA-A202A RAIZE,JAPAN,PETROL/ELE,78.0,COLOMBO,RECONDITIONED,2025.0,33,5AA-A202A,RAIZE
CAR,SUZUKI,5AA-MH95S WAGON R,JAPAN,PETROL,658.0,GAMPAHA,RECONDITIONED,2024.0,12,5AA-MH95S,WAGON R
CAR,TOYOTA,3BA-TRJ250W,JAPAN,PETROL,2698.0,KANDY,RECONDITIONED,2024.0,1,3BA-TRJ250W,VX
CAR,TOYOTA,5BA-M900A ROOMY,JAPAN,PETROL,996.0,GAMPAHA,RECONDITIONED,2023.0,19,5BA-M900A,ROOMY
MOTOR LORRY (COMMERCIAL),MITSUBISHI,PDG-FE82D,JAPAN,DIESEL,4890.0,KEGALLE,RECONDITIONED,2008.0,1,PDG-FE82D,Unknown
CAR,SUZUKI,5AA-MK94S,JAPAN,PETROL,658.0,KANDY,RECONDITIONED,2024.0,1,5AA-MK94S,SPECIA
CAR,DAIHATSU,5BA-LA350S MIRA ES,JAPAN,PETROL,658.0,COLOMBO,RECONDITIONED,2024.0,12,5BA-LA350S,MIRA ES
CAR,TOYOTA,YARIS CROSS,THAILAND,PETROL/ELE,1496.0,GALLE,RECONDITIONED,2025.0,3,,YARIS CROSS
COMMERCIAL,ISUZU,U-LV771R,JAPAN,DIESEL,16680.0,KURUNEGALA,RECONDITIONED,2004.0,1,,U-LV771R
CAR,TOYOTA,3BA-A210A RAIZE,JAPAN,PETROL,996.0,BADULLA,RECONDITIONED,2024.0,2,3BA-A210A,RAIZE
CAR,TOYOTA,5BA-MZEA17  COROLLA,JAPAN,PETROL,1490.0,POLONNARUWA,RECONDITIONED,2024.0,1,5BA-MZEA17,COROLLA
CAR,NISSAN MT,6AA RP15 KICKS,THAILAND,PETROL/ELE,1190.0,MATARA,RECONDITIONED,2024.0,1,,6AA RP15 KICKS
CAR,SUZUKI,5AA-MH95S WAGON R,JAPAN,PETROL,658.0,COLOMBO,RECONDITIONED,2025.0,14,5AA-MH95S,WAGON R
CAR,SUZUKI,5BA-DA17W EVERY,JAPAN,PETROL,658.0,KANDY,RECONDITIONED,2023.0,1,5BA-DA17W,EVERY
CAR,TOYOTA,5AA-A202A RAIZE,JAPAN,PETROL/ELE,78.0,MANNAR,RECONDITIONED,2025.0,1,5AA-A202A,RAIZE
MOTOR CYCLE,HONDA,MD 90,JAPAN,PETROL,90.0,MATARA,RECONDITIONED,2001.0,1,,MD 90
CAR,TOYOTA,6AA-ZWE219 COROLLA,JAPAN,PETROL/ELE,1790.0,COLOMBO,RECONDITIONED,2025.0,1,6AA-ZWE219,COROLLA
MOTOR LORRY (COMMERCIAL),ISUZU,TPG-NMR85AN ELF,JAPAN,DIESEL,2990.0,COLOMBO,RECONDITIONED,2017.0,1,TPG-NMR85AN,ELF
CAR,NISSAN,5BD-DR17V CLIPPER,JAPAN,PETROL,658.0,KANDY,RECONDITIONED,2024.0,1,5BD-DR17V,CLIPPER
CAR,SUZUKI,4AA-MK54S SPACIA,JAPAN,PETROL,658.0,POLONNARUWA,RECONDITIONED,2024.0,1,4AA-MK54S,SPACIA
DUAL PURPOSE (COMMERCIAL),FORD,RANGER RAPTOR,THAILAND,DIESEL,1996.0,COLOMBO,RECONDITIONED,2025.0,12,,RANGER RAPTOR
CAR,HONDA,6AA RV5 VEZEL,JAPAN,PETROL/ELE,1496.0,GAMPAHA,RECONDITIONED,2025.0,17,,6AA RV5 VEZEL
CAR,TOYOTA,5AA-A202A RAIZE,JAPAN,PETROL/ELE,1196.0,GALLE,RECONDITIONED,2025.0,2,5AA-A202A,RAIZE
CAR,SUZUKI,5AA-ZCEDS SWIFT,JAPAN,PETROL,1200.0,GAMPAHA,RECONDITIONED,2023.0,1,5AA-ZCEDS,SWIFT
CAR,DAIHATSU,3BD-S710V,JAPAN,PETROL,658.0,KURUNEGALA,RECONDITIONED,2022.0,1,3BD-S710V,ATRAI
CAR,TOYOTA,5BA-A201A RAIZE,JAPAN,PETROL,1196.0,KURUNEGALA,RECONDITIONED,2023.0,4,5BA-A201A,RAIZE
CAR,HONDA,6AA-RV5 VEZEL,JAPAN,PETROL/ELE,1496.0,NUWARA-ELIYA,RECONDITIONED,2023.0,1,6AA-RV5,VEZEL
CAR,HONDA,6AA-RV5 VEZEL,JAPAN,PETROL/ELE,1496.0,NUWARA-ELIYA,RECONDITIONED,2025.0,4,6AA-RV5,VEZEL
CAR,TOYOTA,5AA-A202A RAIZE,JAPAN,ELECTRIC,78.0,GAMPAHA,RECONDITIONED,2024.0,5,5AA-A202A,RAIZE
CAR,HONDA,6AA-RV5 VEZEL,JAPAN,PETROL/ELE,1496.0,BADULLA,RECONDITIONED,2025.0,6,6AA-RV5,VEZEL
CAR,TOYOTA,5BA-A201A RAIZE,JAPAN,PETROL,1196.0,COLOMBO,RECONDITIONED,2024.0,10,5BA-A201A,RAIZE
CAR,SUZUKI,5BA-MH85S WAGONR,JAPAN,PETROL,658.0,KANDY,RECONDITIONED,2024.0,1,5BA-MH85S,WAGONR
CAR,NISSAN,3BD-DA17V NV100,JAPAN,PETROL,658.0,COLOMBO,RECONDITIONED,2024.0,1,3BD-DA17V,NV100
CAR,TOYOTA,3BA-A210A RAIZE,JAPAN,PETROL,996.0,KURUNEGALA,RECONDITIONED,2025.0,3,3BA-A210A,RAIZE
CAR,TOYOTA,4BA-M900A ROOMY,JAPAN,PETROL,996.0,KANDY,RECONDITIONED,2024.0,2,4BA-M900A,ROOMY
CAR,TOYOTA,6AA-ZWR90W VOXY,JAPAN,PETROL/ELE,1797.0,GAMPAHA,RECONDITIONED,2024.0,1,6AA-ZWR90W,VOXY
CAR,TOYOTA,3BA-TRJ150W,JAPAN,PETROL,2693.0,AMPARA,RECONDITIONED,2023.0,2,3BA-TRJ150W,PRADO
CAR,HONDA,6AA-RV5   VEZEL,JAPAN,PETROL/ELE,1496.0,GALLE,RECONDITIONED,2023.0,1,6AA-RV5,VEZEL
CAR,SUZUKI,5AA-MK94S SPACIA,JAPAN,PETROL,657.0,KURUNEGALA,RECONDITIONED,2024.0,4,5AA-MK94S,SPACIA
MOTOR CYCLE,HONDA,PCX 125,JAPAN,PETROL,125.0,KALUTARA,RECONDITIONED,2025.0,1,,PCX 125
CAR,DAIHATSU,5BA-LA350S MIRA E.S,JAPAN,PETROL,658.0,HAMBANTOTA,RECONDITIONED,2023.0,1,5BA-LA350S,MIRA E.S
CAR,DAIHATSU,4BA-M900S THOR,JAPAN,PETROL,996.0,KALUTARA,RECONDITIONED,2023.0,1,4BA-M900S,THOR
CAR,TOYOTA,5BA-KSP210  YARIS,JAPAN,PETROL,996.0,RATNAPURA,RECONDITIONED,2022.0,1,5BA-KSP210,YARIS
CAR,VOLKSWAGEN,3BA-AWDLA  POLO,GERMANY,PETROL/ELE,996.0,GALLE,RECONDITIONED,2023.0,1,3BA-AWDLA,POLO
CAR,TOYOTA,6AA-MXPJ10 YARIS,JAPAN,PETROL/ELE,1496.0,GAMPAHA,RECONDITIONED,2023.0,6,6AA-MXPJ10,YARIS
CAR,DAIHATSU,5BA-LA900S TAFT,JAPAN,PETROL,658.0,COLOMBO,RECONDITIONED,2024.0,14,5BA-LA900S,TAFT
CAR,TOYOTA,URBAN CRUISER TAISOR,INDIA,PETROL,998.0,COLOMBO,RECONDITIONED,2024.0,28,,URBAN CRUISER TAISOR
CAR,TOYOTA,6AA-MXPJ10 YARIS,JAPAN,PETROL/ELE,1490.0,COLOMBO,RECONDITIONED,2025.0,7,6AA-MXPJ10,YARIS
CAR,TOYOTA,5AA-A202A RAIZE,JAPAN,ELECTRIC,78.0,GAMPAHA,RECONDITIONED,2025.0,18,5AA-A202A,RAIZE
CAR,B.M.W.,3BA-7K15-2181,GERMANY,PETROL,1498.0,GAMPAHA,RECONDITIONED,2023.0,1,3BA-7K15-2181,Unknown
CAR,SUZUKI,5BA-MH85S WAGON R,JAPAN,PETROL,650.0,GAMPAHA,RECONDITIONED,2024.0,1,5BA-MH85S,WAGON R
CAR,DAIHATSU,5BA-LA350S   MIRA,JAPAN,PETROL,658.0,GAMPAHA,RECONDITIONED,2024.0,1,5BA-LA350S,MIRA
CAR,SUZUKI,5BA-MH85S WAGON R,JAPAN,PETROL,658.0,RATNAPURA,RECONDITIONED,2023.0,4,5BA-MH85S,WAGON R
CAR,TOYOTA,6AA-MXPJ10 YARIS,JAPAN,PETROL/ELE,1496.0,KANDY,RECONDITIONED,2023.0,1,6AA-MXPJ10,YARIS
CAR,NISSAN,5AA-B44W DAYZ,JAPAN,PETROL,658.0,KALUTARA,RECONDITIONED,2023.0,1,5AA-B44W,DAYZ
CAR,TOYOTA,6AA-MXPJ10  YARIS,JAPAN,PETROL/ELE,1496.0,GAMPAHA,RECONDITIONED,2025.0,1,6AA-MXPJ10,YARIS
CAR,TOYOTA,5AA-A202A RAIZE,JAPAN,PETROL/ELE,78.0,KANDY,RECONDITIONED,2025.0,13,5AA-A202A,RAIZE
CAR,SUZUKI,3BD-DA17V  EVERY,JAPAN,PETROL,658.0,KALUTARA,RECONDITIONED,2024.0,1,3BD-DA17V,EVERY
CAR,SUZUKI,5BD-DA17V EVERY,JAPAN,PETROL,658.0,COLOMBO,RECONDITIONED,2023.0,14,5BD-DA17V,EVERY
CAR,HONDA,6AA-RV5 VEZEL,JAPAN,PETROL/ELE,1490.0,KANDY,RECONDITIONED,2025.0,1,6AA-RV5,VEZEL
CAR,TOYOTA,5AA-A202A RAIZE,JAPAN,PETROL/ELE,1196.0,COLOMBO,RECONDITIONED,2025.0,13,5AA-A202A,RAIZE
CAR,HONDA,CITY RS,THAILAND,PETROL,988.0,BATTICALOA,RECONDITIONED,2025.0,2,,CITY RS
CAR,TOYOTA,5BA-LA350A PIXIS,JAPAN,PETROL,658.0,KANDY,RECONDITIONED,2023.0,1,5BA-LA350A,PIXIS
CAR,TOYOTA,3BA-TRJ250W,JAPAN,PETROL,2693.0,GAMPAHA,RECONDITIONED,2024.0,11,3BA-TRJ250W,VX
CAR,DAIHATSU,5BA-LA900S TAFT,JAPAN,PETROL,658.0,KURUNEGALA,RECONDITIONED,2023.0,1,5BA-LA900S,TAFT
DUAL PURPOSE (COMMERCIAL),TOYOTA,HILUX REVO ROCCO,THAILAND,DIESEL,2755.0,MONERAGALA,RECONDITIONED,2025.0,1,,HILUX REVO ROCCO
CAR,SUZUKI,3BA-JB64W JIMNY,JAPAN,PETROL,658.0,COLOMBO,RECONDITIONED,2025.0,2,3BA-JB64W,JIMNY
CAR,TOYOTA,5BA-A201A RAIZE,JAPAN,PETROL,1196.0,COLOMBO,RECONDITIONED,2022.0,1,5BA-A201A,RAIZE
CAR,TOYOTA,URBAN CRUISER TAISOR,INDIA,PETROL,998.0,MATALE,RECONDITIONED,2025.0,1,,URBAN CRUISER TAISOR
CAR,HONDA,6AA-RV5 VEZEL,JAPAN,PETROL/ELE,1490.0,MATALE,RECONDITIONED,2025.0,2,6AA-RV5,VEZEL
CAR,AUDI,3AA-GYDLA A3,GERMANY,PETROL,996.0,KALUTARA,RECONDITIONED,2022.0,1,3AA-GYDLA,A3
COMMERCIAL,TOYOTA,3DF-GDH223B HIACE,JAPAN,DIESEL,2754.0,KANDY,RECONDITIONED,2025.0,1,3DF-GDH223B,HIACE
CAR,SUZUKI,4AA-MK54S SPACIA,JAPAN,PETROL,658.0,COLOMBO,RECONDITIONED,2024.0,5,4AA-MK54S,SPACIA
CAR,SUZUKI,3BA-HA37S ALTO,JAPAN,PETROL,658.0,KEGALLE,RECONDITIONED,2023.0,2,3BA-HA37S,ALTO
CAR,TOYOTA,5BA-M700A PASSO,JAPAN,PETROL,996.0,HAMBANTOTA,RECONDITIONED,2023.0,1,5BA-M700A,PASSO
CAR,MITSUBISHI,5BA-B33W EK WAGON,JAPAN,PETROL,659.0,COLOMBO,RECONDITIONED,2023.0,2,5BA-B33W,EK WAGON
CAR,NISSAN,5AAB44 DAYZ,JAPAN,PETROL,659.0,GAMPAHA,RECONDITIONED,2023.0,1,,5AAB44 DAYZ
CAR,SUZUKI,3BA-HA37S ALTO,JAPAN,PETROL,656.0,POLONNARUWA,RECONDITIONED,2023.0,2,3BA-HA37S,ALTO
CAR,SUZUKI,3BA-HA37S ALTO,JAPAN,PETROL,656.0,POLONNARUWA,RECONDITIONED,2024.0,1,3BA-HA37S,ALTO
CAR,DAIHATSU,5BA-LA350S    MIRA,JAPAN,PETROL,658.0,MATARA,RECONDITIONED,2023.0,1,5BA-LA350S,MIRA
CAR,TOYOTA,5BA-KSP210  YARIS,JAPAN,PETROL,996.0,GAMPAHA,RECONDITIONED,2024.0,1,5BA-KSP210,YARIS
SINGLE CAB,NISSAN,3BD-DR16T CLIPPER,JAPAN,PETROL,658.0,COLOMBO,RECONDITIONED,2024.0,4,3BD-DR16T,CLIPPER
CAR,DAIHATSU,5BA-LA350S MIRA,JAPAN,PETROL,658.0,JAFFNA,RECONDITIONED,2023.0,1,5BA-LA350S,MIRA
CAR,SUZUKI,5BA-MH85S,JAPAN,PETROL,658.0,MATARA,RECONDITIONED,2023.0,2,5BA-MH85S,WAGON TR
CAR,TOYOTA,5AA-A202A RAIZE,JAPAN,PETROL/ELE,1196.0,BADULLA,RECONDITIONED,2025.0,1,5AA-A202A,RAIZE
CAR,TOYOTA,3BA-TRJ250W,JAPAN,PETROL,2693.0,TRINCOMALEE,RECONDITIONED,2024.0,1,3BA-TRJ250W,VX
CAR,TOYOTA,5AA-A202A RAIZE,JAPAN,PETROL/ELE,1196.0,AMPARA,RECONDITIONED,2025.0,4,5AA-A202A,RAIZE
CAR,SUZUKI,3BD-DA17V EVERY,JAPAN,PETROL,656.0,MATARA,RECONDITIONED,2024.0,1,3BD-DA17V,EVERY
DUAL PURPOSE (COMMERCIAL),TOYOTA,HILUX ROCCO 2.8,THAILAND,DIESEL,2755.0,GALLE,RECONDITIONED,2025.0,1,,HILUX ROCCO 2.8
CAR,TOYOTA,5AA-A202A  RAIZE,JAPAN,PETROL/ELE,1196.0,GAMPAHA,RECONDITIONED,2023.0,1,5AA-A202A,RAIZE
CAR,MITSUBISHI,5BA-B33W EK WAGON,JAPAN,PETROL,659.0,KURUNEGALA,RECONDITIONED,2023.0,1,5BA-B33W,EK WAGON
CAR,NISSAN,4AA-B45W DAYZ,JAPAN,PETROL,658.0,COLOMBO,RECONDITIONED,2023.0,2,4AA-B45W,DAYZ
CAR,TOYOTA,3DA-GD250W,JAPAN,DIESEL,2754.0,KANDY,RECONDITIONED,2024.0,1,3DA-GD250W,Unknown
CAR,TOYOTA,3BA-TRJ150W,JAPAN,PETROL,2696.0,COLOMBO,RECONDITIONED,2023.0,2,3BA-TRJ150W,PRADO
CAR,DAIHATSU,5BA-LA350S MIRA ES,JAPAN,PETROL,658.0,KALUTARA,RECONDITIONED,2024.0,4,5BA-LA350S,MIRA ES
CAR,TOYOTA,3DA-GDJ250W LCRUISER,JAPAN,DIESEL,2754.0,KANDY,RECONDITIONED,2024.0,1,3DA-GDJ250W,LCRUISER
CAR,TOYOTA,5AA-A202A  RAIZE,JAPAN,PETROL/ELE,78.0,MATARA,RECONDITIONED,2025.0,1,5AA-A202A,RAIZE
CAR,TOYOTA,5BA-A201A RAIZE,JAPAN,PETROL,1196.0,RATNAPURA,RECONDITIONED,2023.0,2,5BA-A201A,RAIZE
CAR,SUZUKI,5BD-DA17V EVERY,JAPAN,PETROL,658.0,COLOMBO,RECONDITIONED,2024.0,24,5BD-DA17V,EVERY
CAR,TOYOTA,6AA-MXPJ10 YARIS,JAPAN,PETROL/ELE,1496.0,GAMPAHA,RECONDITIONED,2024.0,5,6AA-MXPJ10,YARIS
MOTOR CYCLE,HONDA,PCX,JAPAN,PETROL,160.0,GALLE,RECONDITIONED,2025.0,1,,PCX
CAR,TOYOTA,URBAN CRUISER TAISOR,INDIA,PETROL,998.0,GAMPAHA,RECONDITIONED,2024.0,14,,URBAN CRUISER TAISOR
MOTOR CYCLE,HONDA,ADV 160,JAPAN,PETROL,157.0,COLOMBO,RECONDITIONED,2025.0,8,,ADV 160
CAR,SUZUKI,4AA-MH55S WAGON R,JAPAN,PETROL,658.0,AMPARA,RECONDITIONED,2025.0,2,4AA-MH55S,WAGON R
CAR,SUZUKI,5AA-HA97S ALTO,JAPAN,PETROL,658.0,COLOMBO,RECONDITIONED,2023.0,1,5AA-HA97S,ALTO
CAR,HONDA,6AA-RV5,JAPAN,PETROL/ELE,1496.0,GAMPAHA,RECONDITIONED,2024.0,2,6AA-RV5,VEEZL
CAR,HONDA,6BA-JF5 N BOX,JAPAN,PETROL,658.0,GAMPAHA,RECONDITIONED,2025.0,1,6BA-JF5,N BOX
CAR,HONDA,6AA-RV5 VEZEL,JAPAN,PETROL/ELE,1496.0,HAMBANTOTA,RECONDITIONED,2025.0,9,6AA-RV5,VEZEL
CAR,NISSAN,5AA-B44W DAYZ,JAPAN,PETROL,658.0,AMPARA,RECONDITIONED,2024.0,1,5AA-B44W,DAYZ
CAR,SUZUKI,5AA-MK94S SPACIA,JAPAN,PETROL,658.0,GAMPAHA,RECONDITIONED,2024.0,5,5AA-MK94S,SPACIA
CAR,NISSAN,ALMERA EL,THAILAND,PETROL,999.0,ANURADHAPURA,RECONDITIONED,2025.0,1,,ALMERA EL
CAR,DAIHATSU,5BA-LA350S MIRA ES,JAPAN,PETROL,658.0,MATARA,RECONDITIONED,2024.0,4,5BA-LA350S,MIRA ES
CAR,HONDA,6AA-RV5 VEZEL,JAPAN,PETROL/ELE,1496.0,KURUNEGALA,RECONDITIONED,2025.0,26,6AA-RV5,VEZEL
CAR,NISSAN,5AA-B44A ROOX,JAPAN,PETROL,659.0,KANDY,RECONDITIONED,2023.0,2,5AA-B44A,ROOX
CAR,SUZUKI,4AA-MH55S WAGON R,JAPAN,PETROL,658.0,JAFFNA,RECONDITIONED,2024.0,2,4AA-MH55S,WAGON R
CAR,HONDA,CITY RS,THAILAND,PETROL,988.0,GAMPAHA,RECONDITIONED,2025.0,11,,CITY RS
CAR,NISSAN,ALMERA,THAILAND,PETROL,999.0,KEGALLE,RECONDITIONED,2025.0,3,,ALMERA
CAR,HONDA,6AA-RV5 VEZEL,JAPAN,PETROL/ELE,1496.0,GALLE,RECONDITIONED,2025.0,29,6AA-RV5,VEZEL
CAR,SUZUKI,4AA-MK54S SPACIA,JAPAN,PETROL,658.0,KEGALLE,RECONDITIONED,2025.0,3,4AA-MK54S,SPACIA
CAR,SUZUKI,5BA-MH85S WAGON R,JAPAN,PETROL,659.0,HAMBANTOTA,RECONDITIONED,2025.0,1,5BA-MH85S,WAGON R
CAR,TOYOTA,3BA-A210A RAIZE,JAPAN,PETROL,996.0,KURUNEGALA,RECONDITIONED,2023.0,8,3BA-A210A,RAIZE
MOTOR CYCLE,HONDA,PCX160,INDONESIA,PETROL,157.0,KANDY,RECONDITIONED,2025.0,1,,PCX160
CAR,HONDA,6AA-RV5 VEZEL,JAPAN,PETROL/ELE,1496.0,PUTTALAM,RECONDITIONED,2025.0,16,6AA-RV5,VEZEL
CAR,NISSAN,5BA-B43W DAYZ,JAPAN,PETROL,656.0,COLOMBO,RECONDITIONED,2023.0,1,5BA-B43W,DAYZ
CAR,SUZUKI,5BD-DA17V,JAPAN,PETROL,658.0,HAMBANTOTA,RECONDITIONED,2025.0,1,5BD-DA17V,EVEVRY
CAR,TOYOTA,5AA-A202A RAIZE,JAPAN,PETROL/ELE,78.0,KANDY,RECONDITIONED,2024.0,1,5AA-A202A,RAIZE
CAR,TOYOTA,5BA-KSP210 YARIS,JAPAN,PETROL,996.0,KALUTARA,RECONDITIONED,2022.0,2,5BA-KSP210,YARIS
CAR,NISSAN,6AA-GFC28 SERENA,JAPAN,PETROL/ELE,120.0,COLOMBO,RECONDITIONED,2025.0,1,6AA-GFC28,SERENA
CAR,TOYOTA,3BA-TRJ250W,JAPAN,PETROL,2693.0,GAMPAHA,RECONDITIONED,2025.0,4,3BA-TRJ250W,VX
CAR,DAIHATSU,5BA-LA350S MIRA E.S,JAPAN,PETROL,658.0,KURUNEGALA,RECONDITIONED,2024.0,1,5BA-LA350S,MIRA E.S
CAR,TOYOTA,5BA-A201A RAIZE,JAPAN,PETROL,1196.0,GAMPAHA,RECONDITIONED,2023.0,7,5BA-A201A,RAIZE
CAR,HONDA,6AA-RV5 VEZEL,JAPAN,PETROL/ELE,1496.0,BADULLA,RECONDITIONED,2023.0,1,6AA-RV5,VEZEL
CAR,TOYOTA,6AA-ZVG13 COROLLA,JAPAN,PETROL/ELE,1798.0,COLOMBO,RECONDITIONED,2025.0,1,6AA-ZVG13,COROLLA
CAR,TOYOTA,URBAN CRUISER HYRYD,JAPAN,PETROL/ELE,1496.0,POLONNARUWA,RECONDITIONED,2025.0,1,,URBAN CRUISER HYRYD
CAR,HONDA,6AA RV5 VEZEL,JAPAN,PETROL/ELE,1496.0,KANDY,RECONDITIONED,2025.0,6,,6AA RV5 VEZEL
DUAL PURPOSE (COMMERCIAL),TOYOTA,3DF-GUN125 HILUX,THAILAND,DIESEL,2396.0,BADULLA,RECONDITIONED,2023.0,1,3DF-GUN125,HILUX
CAR,SUZUKI,5BA-MH85S WAGON R,JAPAN,PETROL,659.0,KURUNEGALA,RECONDITIONED,2023.0,1,5BA-MH85S,WAGON R
CAR,DAIHATSU,5AA-A202S ROCKY,JAPAN,PETROL/ELE,78.0,GAMPAHA,RECONDITIONED,2025.0,2,5AA-A202S,ROCKY
CAR,SUZUKI,5AA-MH95S WAGON R,JAPAN,PETROL,658.0,RATNAPURA,RECONDITIONED,2023.0,2,5AA-MH95S,WAGON R
CAR,TOYOTA,URBAN CRUISER TAISOR,INDIA,PETROL,998.0,KANDY,RECONDITIONED,2025.0,5,,URBAN CRUISER TAISOR
CAR,TOYOTA,4BA-M900A ROOMY,JAPAN,PETROL,996.0,GALLE,RECONDITIONED,2023.0,1,4BA-M900A,ROOMY
CAR,TOYOTA,5BA-M900A ROOMY,JAPAN,PETROL,996.0,BATTICALOA,RECONDITIONED,2024.0,2,5BA-M900A,ROOMY
CAR,SUZUKI,5AA-MK94S SPACIA,JAPAN,PETROL,658.0,KURUNEGALA,RECONDITIONED,2023.0,3,5AA-MK94S,SPACIA
MOTOR CYCLE,HONDA,PCX-125,JAPAN,PETROL,124.0,GAMPAHA,RECONDITIONED,2025.0,2,PCX-125,Unknown
CAR,SUZUKI,5AA-MH95S WAGON R,JAPAN,PETROL,658.0,MATARA,RECONDITIONED,2024.0,6,5AA-MH95S,WAGON R
CAR,NISSAN,5BA-B43W DAYZ,JAPAN,PETROL,650.0,COLOMBO,RECONDITIONED,2023.0,3,5BA-B43W,DAYZ
CAR,TOYOTA,3BA-A210A RAIZE,JAPAN,PETROL,996.0,GALLE,RECONDITIONED,2024.0,7,3BA-A210A,RAIZE
MOTOR CYCLE,HONDA,PCX160,JAPAN,PETROL,160.0,PUTTALAM,RECONDITIONED,2025.0,1,,PCX160
MOTOR CYCLE,HONDA,PCX125,VIETNAM,PETROL,124.0,GAMPAHA,RECONDITIONED,2025.0,4,,PCX125
CAR,TOYOTA,5BA-KSP210 YARIS,JAPAN,PETROL,996.0,NUWARA-ELIYA,RECONDITIONED,2023.0,2,5BA-KSP210,YARIS
CAR,HONDA,6AA-RV5 VEZEL,JAPAN,PETROL/ELE,1496.0,PUTTALAM,RECONDITIONED,2024.0,7,6AA-RV5,VEZEL
CAR,HONDA,6AA-RV5 VEZEL,JAPAN,PETROL/ELE,1496.0,KEGALLE,RECONDITIONED,2025.0,5,6AA-RV5,VEZEL
CAR,SUZUKI,5BD-DA17V EVERY,JAPAN,PETROL,658.0,GAMPAHA,RECONDITIONED,2023.0,5,5BD-DA17V,EVERY
CAR,MERCEDES BENZ,5AA-206043C,GERMANY,PETROL,1496.0,COLOMBO,RECONDITIONED,2022.0,1,5AA-206043C,Unknown
CAR,LEXUS,ES300H,AUSTRALIA,PETROL/ELE,2487.0,COLOMBO,RECONDITIONED,2024.0,1,,ES300H
CAR,TOYOTA,5BA-KSP210 YARIS,JAPAN,PETROL,996.0,MATARA,RECONDITIONED,2023.0,2,5BA-KSP210,YARIS
CAR,HONDA,6BA-JF3 N BOX,JAPAN,PETROL,658.0,COLOMBO,RECONDITIONED,2022.0,1,6BA-JF3,N BOX
CAR,AUDI,3AA-GYDLA A3,JAPAN,PETROL,999.0,COLOMBO,RECONDITIONED,2023.0,1,3AA-GYDLA,A3
DUAL PURPOSE (COMMERCIAL),TOYOTA,HILUX REVO ROCCO,THAILAND,DIESEL,2755.0,COLOMBO,RECONDITIONED,2025.0,7,,HILUX REVO ROCCO
CAR,TOYOTA,5BA-LA350A PIXIS,JAPAN,PETROL,658.0,COLOMBO,RECONDITIONED,2023.0,1,5BA-LA350A,PIXIS
CAR,DAIHATSU,5BA-M900S THOR,JAPAN,PETROL,996.0,KURUNEGALA,RECONDITIONED,2024.0,1,5BA-M900S,THOR
CAR,TOYOTA,5BA-M900A ROOMY,JAPAN,PETROL,996.0,KANDY,RECONDITIONED,2022.0,3,5BA-M900A,ROOMY
CAR,TOYOTA,5BA-M900A ROOMY,JAPAN,PETROL,996.0,JAFFNA,RECONDITIONED,2022.0,1,5BA-M900A,ROOMY
CAR,SUZUKI,5BA-MH85S WAGON R,JAPAN,PETROL,657.0,GAMPAHA,RECONDITIONED,2022.0,1,5BA-MH85S,WAGON R
CAR,DAIHATSU,5BA-A201S ROCKY,JAPAN,PETROL,1196.0,MONERAGALA,RECONDITIONED,2023.0,1,5BA-A201S,ROCKY
CAR,B.M.W.,3BA-7K15  218 I,GERMANY,PETROL,1499.0,RATNAPURA,RECONDITIONED,2023.0,1,3BA-7K15,218 I
CAR,TOYOTA,5AA-A202A RAIZE,JAPAN,PETROL/ELE,1496.0,KALUTARA,RECONDITIONED,2023.0,1,5AA-A202A,RAIZE
CAR,TOYOTA,5AA-A202A RAIZE,JAPAN,PETROL/ELE,78.0,COLOMBO,RECONDITIONED,2023.0,2,5AA-A202A,RAIZE
CAR,TOYOTA,5BA-KSP210 YARIS,JAPAN,PETROL,990.0,KANDY,RECONDITIONED,2022.0,1,5BA-KSP210,YARIS
CAR,TOYOTA,URBAN CRUISER TAISOR,INDIA,PETROL,998.0,BATTICALOA,RECONDITIONED,2025.0,4,,URBAN CRUISER TAISOR
CAR,NISSAN,5AA-B44W DAYZ,JAPAN,PETROL,658.0,GAMPAHA,RECONDITIONED,2023.0,4,5AA-B44W,DAYZ
CAR,MERCEDES BENZ,4AA-213077C E 200,GERMANY,PETROL,1496.0,COLOMBO,RECONDITIONED,2023.0,1,4AA-213077C,E 200
CAR,SUZUKI,5AA-MH95S WAGON R,JAPAN,PETROL,658.0,GAMPAHA,RECONDITIONED,2025.0,14,5AA-MH95S,WAGON R
CAR,TOYOTA,5AA-A202A RAIZE,JAPAN,PETROL/ELE,78.0,GAMPAHA,RECONDITIONED,2024.0,2,5AA-A202A,RAIZE
CAR,NISSAN,5BD-DR17V CLIPPER,JAPAN,PETROL,658.0,KEGALLE,RECONDITIONED,2023.0,2,5BD-DR17V,CLIPPER
CAR,HONDA,6AA-RV5 VEZEL,JAPAN,PETROL/ELE,1496.0,POLONNARUWA,RECONDITIONED,2022.0,1,6AA-RV5,VEZEL
CAR,DAIHATSU,5BA-LA350S MIRA E.S,JAPAN,PETROL,658.0,KANDY,RECONDITIONED,2023.0,1,5BA-LA350S,MIRA E.S
CAR,NISSAN,5BA-B43W DAYZ,JAPAN,PETROL,659.0,KANDY,RECONDITIONED,2024.0,2,5BA-B43W,DAYZ
CAR,HONDA,6AA-RV5 VEZEL,JAPAN,PETROL/ELE,1490.0,GAMPAHA,RECONDITIONED,2025.0,1,6AA-RV5,VEZEL
CAR,SUZUKI,3BA-HA37S ALTO,JAPAN,PETROL,658.0,KEGALLE,RECONDITIONED,2024.0,2,3BA-HA37S,ALTO
CAR,TOYOTA,5AA-A202A  RAIZE,JAPAN,ELECTRIC,78.0,KANDY,RECONDITIONED,2024.0,1,5AA-A202A,RAIZE
DUAL PURPOSE (COMMERCIAL),FORD,RANGER RAPTOR,THAILAND,DIESEL,1996.0,KANDY,RECONDITIONED,2025.0,3,,RANGER RAPTOR
CAR,NISSAN,5BA-B43W DAYZ,JAPAN,PETROL,658.0,GALLE,RECONDITIONED,2023.0,4,5BA-B43W,DAYZ
CAR,DAIHATSU,5BA-LA350S MIRA E.S,JAPAN,PETROL,656.0,KANDY,RECONDITIONED,2024.0,1,5BA-LA350S,MIRA E.S
CAR,TOYOTA,6AA-AXUH80 HARRIER,JAPAN,PETROL/ELE,2487.0,COLOMBO,RECONDITIONED,2024.0,1,6AA-AXUH80,HARRIER
CAR,DAIHATSU,5BA-M900S THOR,JAPAN,PETROL,996.0,HAMBANTOTA,RECONDITIONED,2023.0,2,5BA-M900S,THOR
CAR,SUZUKI,5BA-MH85S WAGON R,JAPAN,PETROL,658.0,KANDY,RECONDITIONED,2024.0,12,5BA-MH85S,WAGON R
CAR,TOYOTA,3BA-A210A RAIZE,JAPAN,PETROL,996.0,GALLE,RECONDITIONED,2023.0,4,3BA-A210A,RAIZE
CAR,VOLKSWAGEN,3BA-AWDLA POLO,GERMANY,PETROL,999.0,COLOMBO,RECONDITIONED,2023.0,2,3BA-AWDLA,POLO
CAR,SUZUKI,5BD-DA17V EVERY,JAPAN,PETROL,658.0,TRINCOMALEE,RECONDITIONED,2023.0,1,5BD-DA17V,EVERY
CAR,MITSUBISHI,5AA-B34W EK X,JAPAN,PETROL,659.0,COLOMBO,RECONDITIONED,2023.0,1,5AA-B34W,EK X
CAR,SUZUKI,3BA-HA37S ALTO,JAPAN,PETROL,658.0,COLOMBO,RECONDITIONED,2024.0,8,3BA-HA37S,ALTO
CAR,TOYOTA,URBAN CRUISER,INDIA,PETROL,998.0,BATTICALOA,RECONDITIONED,2025.0,1,,URBAN CRUISER
CAR,TOYOTA,5BA-M900A ROOMY,JAPAN,PETROL,996.0,BATTICALOA,RECONDITIONED,2023.0,2,5BA-M900A,ROOMY
CAR,DAIHATSU,5BA-M700S BOON,JAPAN,PETROL,996.0,GALLE,RECONDITIONED,2023.0,1,5BA-M700S,BOON
CAR,HONDA,6AA-RV5 VEZEL,JAPAN,PETROL/ELE,1496.0,COLOMBO,RECONDITIONED,2023.0,36,6AA-RV5,VEZEL
CAR,HONDA,6AA-RV5 VEZEL,JAPAN,PETROL/ELE,1496.0,HAMBANTOTA,RECONDITIONED,2024.0,4,6AA-RV5,VEZEL
CAR,SUZUKI,4AA-MK54S SPACIA,JAPAN,PETROL,658.0,KALUTARA,RECONDITIONED,2024.0,1,4AA-MK54S,SPACIA
CAR,SUZUKI,3BA-HA37S ALTO,JAPAN,PETROL,650.0,COLOMBO,RECONDITIONED,2024.0,1,3BA-HA37S,ALTO
CAR,NISSAN,5AA-B44W DAYZ,JAPAN,PETROL,658.0,KEGALLE,RECONDITIONED,2024.0,1,5AA-B44W,DAYZ
CAR,TOYOTA,6AA-MXPJ10 YARIS,JAPAN,PETROL/ELE,1496.0,RATNAPURA,RECONDITIONED,2024.0,1,6AA-MXPJ10,YARIS
CAR,TOYOTA,5BA-KSP210  YARIS,JAPAN,PETROL,996.0,KURUNEGALA,RECONDITIONED,2023.0,1,5BA-KSP210,YARIS
CAR,DAIHATSU,5AA-A202S ROCKY,JAPAN,PETROL/ELE,78.0,COLOMBO,RECONDITIONED,2023.0,2,5AA-A202S,ROCKY
CAR,HONDA,6AA-RV5 VEZEL,JAPAN,PETROL/ELE,1496.0,POLONNARUWA,RECONDITIONED,2025.0,7,6AA-RV5,VEZEL
CAR,TOYOTA,5AA-A202A RAIZE,JAPAN,PETROL/ELE,78.0,PUTTALAM,RECONDITIONED,2025.0,5,5AA-A202A,RAIZE
CAR,NISSAN,6AA-FE13  NOTE AURA,JAPAN,ELECTRIC,100.0,KALUTARA,RECONDITIONED,2024.0,1,6AA-FE13,NOTE AURA
CAR,TOYOTA,3BA-A210A RAIZE,JAPAN,PETROL,996.0,COLOMBO,RECONDITIONED,2022.0,5,3BA-A210A,RAIZE
CAR,SUBARU,5BA-A201F REX,JAPAN,PETROL,1196.0,HAMBANTOTA,RECONDITIONED,2023.0,1,5BA-A201F,REX
CAR,TOYOTA,3BA-TRJ150W,JAPAN,PETROL,2693.0,GAMPAHA,RECONDITIONED,2023.0,2,3BA-TRJ150W,PRADO
CAR,DAIHATSU,5BA-LA350S MIRA ES,JAPAN,PETROL,658.0,GAMPAHA,RECONDITIONED,2023.0,9,5BA-LA350S,MIRA ES
CAR,TOYOTA,5BA-KSP210 YARIS,JAPAN,PETROL,996.0,GAMPAHA,RECONDITIONED,2025.0,3,5BA-KSP210,YARIS
CAR,SUZUKI,3BD-DA17V,JAPAN,PETROL,658.0,KEGALLE,RECONDITIONED,2024.0,1,3BD-DA17V,NV100
MOTOR CYCLE,YAMAHA,NMAX-155 TURBO,THAILAND,PETROL,155.0,COLOMBO,RECONDITIONED,2025.0,1,NMAX-155,TURBO
MOTOR CYCLE,HONDA,ADV 160,JAPAN,PETROL,157.0,TRINCOMALEE,RECONDITIONED,2025.0,2,,ADV 160
CAR,TOYOTA,3BA-A210A RAIZE,JAPAN,PETROL,996.0,COLOMBO,RECONDITIONED,2024.0,20,3BA-A210A,RAIZE
CAR,SUZUKI,3BA-DA17W EVERY,JAPAN,PETROL,658.0,KANDY,RECONDITIONED,2025.0,14,3BA-DA17W,EVERY
CAR,TOYOTA,5BA-M700A,JAPAN,PETROL,996.0,COLOMBO,RECONDITIONED,2023.0,1,5BA-M700A,PASSO
CAR,TOYOTA,URBAN CRUISER TAISOR,INDIA,PETROL,998.0,KEGALLE,RECONDITIONED,2024.0,4,,URBAN CRUISER TAISOR
CAR,SUZUKI,5BA-MH85S WAGON R,JAPAN,PETROL,658.0,KALUTARA,RECONDITIONED,2023.0,4,5BA-MH85S,WAGON R
CAR,TOYOTA,3BA-NGX50 C-HR,JAPAN,PETROL,1196.0,MATARA,RECONDITIONED,2023.0,1,3BA-NGX50,C-HR
CAR,SUZUKI,5AA-MH95S WAGON R,JAPAN,PETROL,658.0,COLOMBO,RECONDITIONED,2022.0,1,5AA-MH95S,WAGON R
CAR,SUZUKI,5BA-MH85S,JAPAN,PETROL,658.0,GALLE,RECONDITIONED,2024.0,2,5BA-MH85S,WAGON TR
DUAL PURPOSE (COMMERCIAL),TOYOTA,3DF-GUN125 HILUX,THAILAND,DIESEL,2393.0,GAMPAHA,RECONDITIONED,2023.0,3,3DF-GUN125,HILUX
CAR,TOYOTA,5AA-A202A RAIZE,JAPAN,PETROL/ELE,78.0,KILINOCHCHI,RECONDITIONED,2025.0,3,5AA-A202A,RAIZE
CAR,SUZUKI,5BA-MH85S WAGON R,JAPAN,PETROL,659.0,KANDY,RECONDITIONED,2023.0,1,5BA-MH85S,WAGON R
CAR,MITSUBISHI,5BA-B33W EK WAGON,JAPAN,PETROL,658.0,POLONNARUWA,RECONDITIONED,2024.0,1,5BA-B33W,EK WAGON
CAR,NISSAN,ALMERA,THAILAND,PETROL,999.0,COLOMBO,RECONDITIONED,2025.0,8,,ALMERA
CAR,NISSAN,5BA-B43W DAYZ,JAPAN,PETROL,659.0,GAMPAHA,RECONDITIONED,2024.0,1,5BA-B43W,DAYZ
CAR,TOYOTA,6AA-MXPJ10 YARIS,JAPAN,PETROL/ELE,1490.0,KALUTARA,RECONDITIONED,2025.0,1,6AA-MXPJ10,YARIS
CAR,SUZUKI,3BA-HA37S ALTO,JAPAN,PETROL,658.0,COLOMBO,RECONDITIONED,2023.0,6,3BA-HA37S,ALTO
CAR,DAIHATSU,5BA-LA910S TAFT,JAPAN,PETROL,658.0,KEGALLE,RECONDITIONED,2024.0,1,5BA-LA910S,TAFT
CAR,TOYOTA,YARIS ATIV SPORT,THAILAND,PETROL,1197.0,MATALE,RECONDITIONED,2025.0,1,,YARIS ATIV SPORT
CAR,TOYOTA,5BA-KSP210 YARIS,JAPAN,PETROL,996.0,COLOMBO,RECONDITIONED,2022.0,12,5BA-KSP210,YARIS
CAR,HONDA,6AA-RV5  VEZEL,JAPAN,PETROL/ELE,1496.0,RATNAPURA,RECONDITIONED,2025.0,10,6AA-RV5,VEZEL
CAR,SUZUKI,5AA-MH95S WAGON R,JAPAN,PETROL,658.0,BATTICALOA,RECONDITIONED,2025.0,3,5AA-MH95S,WAGON R
CAR,HONDA,6BA-JF3 N BOX,JAPAN,PETROL,658.0,GAMPAHA,RECONDITIONED,2023.0,5,6BA-JF3,N BOX
DUAL PURPOSE (COMMERCIAL),TOYOTA,HILUX REVO ROCCO,THAILAND,DIESEL,2755.0,PUTTALAM,RECONDITIONED,2025.0,6,,HILUX REVO ROCCO
CAR,HONDA,6AA-RV5 VEZEL,JAPAN,PETROL/ELE,1496.0,COLOMBO,RECONDITIONED,2024.0,47,6AA-RV5,VEZEL
CAR,TOYOTA,5BA-KSP210 YARIS,JAPAN,PETROL,996.0,GAMPAHA,RECONDITIONED,2022.0,8,5BA-KSP210,YARIS
CAR,TOYOTA,4BA-M900A  ROOMY,JAPAN,PETROL,996.0,RATNAPURA,RECONDITIONED,2022.0,1,4BA-M900A,ROOMY
CAR,HONDA,6AA RV5 VEZEL,JAPAN,PETROL/ELE,1496.0,COLOMBO,RECONDITIONED,2025.0,20,,6AA RV5 VEZEL
CAR,DAIHATSU,5AA-A202S ROCKY,JAPAN,PETROL/ELE,78.0,GAMPAHA,RECONDITIONED,2023.0,2,5AA-A202S,ROCKY
CAR,SUZUKI,5BA-MH85S WAGON R,JAPAN,PETROL,658.0,GAMPAHA,RECONDITIONED,2024.0,20,5BA-MH85S,WAGON R
CAR,TOYOTA,5AA-A202A RAIZE,JAPAN,PETROL/ELE,78.0,JAFFNA,RECONDITIONED,2025.0,6,5AA-A202A,RAIZE
CAR,DAIHATSU,5AA-A202S ROCKY,JAPAN,ELECTRIC,78.0,COLOMBO,RECONDITIONED,2025.0,1,5AA-A202S,ROCKY
CAR,TOYOTA,4BA-M900A ROOMY,JAPAN,PETROL,996.0,KURUNEGALA,RECONDITIONED,2024.0,2,4BA-M900A,ROOMY
CAR,NISSAN,5BA-B43W DAYZ,JAPAN,PETROL,658.0,COLOMBO,RECONDITIONED,2023.0,5,5BA-B43W,DAYZ
CAR,TOYOTA,6AA-ZVG13 COROLLA,JAPAN,PETROL/ELE,1797.0,GALLE,RECONDITIONED,2025.0,1,6AA-ZVG13,COROLLA
CAR,TOYOTA,5AA-A202A RAIZE,JAPAN,ELECTRIC,78.0,COLOMBO,RECONDITIONED,2024.0,13,5AA-A202A,RAIZE
CAR,TOYOTA,URBAN CRUISER HYRYDE,INDIA,PETROL/ELE,1496.0,COLOMBO,RECONDITIONED,2025.0,1,,URBAN CRUISER HYRYDE
CAR,MITSUBISHI,5BA-B33W EK WAGON,JAPAN,PETROL,658.0,MATARA,RECONDITIONED,2023.0,2,5BA-B33W,EK WAGON
CAR,SUZUKI,5BA-DA17V EVERY,JAPAN,PETROL,656.0,KALUTARA,RECONDITIONED,2025.0,1,5BA-DA17V,EVERY
CAR,TOYOTA,3BA-TRJ250W,JAPAN,PETROL,2693.0,KANDY,RECONDITIONED,2024.0,6,3BA-TRJ250W,VX
CAR,TOYOTA,NYC200R-THXHBT YARIS,THAILAND,PETROL/ELE,1496.0,KURUNEGALA,RECONDITIONED,2025.0,1,,NYC200R-THXHBT YARIS
CAR,SUZUKI,4AA-MK54S SPACIA,JAPAN,PETROL,658.0,ANURADHAPURA,RECONDITIONED,2025.0,1,4AA-MK54S,SPACIA
CAR,DAIHATSU,5BA-LA350S  MIRA,JAPAN,PETROL,658.0,KALUTARA,RECONDITIONED,2025.0,1,5BA-LA350S,MIRA
CAR,NISSAN,6AA-FE13  AURA,JAPAN,PETROL/ELE,100.0,GAMPAHA,RECONDITIONED,2024.0,1,6AA-FE13,AURA
CAR,TOYOTA,5BA-M900A ROOMY,JAPAN,PETROL,996.0,COLOMBO,RECONDITIONED,2023.0,23,5BA-M900A,ROOMY
CAR,TOYOTA,5BA-M900A   ROOMY,JAPAN,PETROL,996.0,KANDY,RECONDITIONED,2024.0,1,5BA-M900A,ROOMY
CAR,SUZUKI,5AA-MH95S WAGON R,JAPAN,PETROL,656.0,POLONNARUWA,RECONDITIONED,2025.0,1,5AA-MH95S,WAGON R
CAR,TOYOTA,5BA-A201A,JAPAN,PETROL,1196.0,COLOMBO,RECONDITIONED,2025.0,1,5BA-A201A,Unknown
CAR,HONDA,6AA-RV5,JAPAN,PETROL/ELE,1496.0,GALLE,RECONDITIONED,2024.0,1,6AA-RV5,VEEZL
CAR,SUZUKI,5AA-MR95S HUSTLER,JAPAN,PETROL,657.0,GAMPAHA,RECONDITIONED,2024.0,1,5AA-MR95S,HUSTLER
CAR,NISSAN,5AA-B44WDAYZ,JAPAN,PETROL,658.0,COLOMBO,RECONDITIONED,2024.0,1,5AA-B44WDAYZ,Unknown
CAR,SUZUKI,4AA-MH55S WAGON R,JAPAN,PETROL,658.0,KANDY,RECONDITIONED,2023.0,2,4AA-MH55S,WAGON R
CAR,TOYOTA,5AA-A202A  RAIZE,JAPAN,PETROL/ELE,1196.0,MATALE,RECONDITIONED,2025.0,1,5AA-A202A,RAIZE
CAR,TOYOTA,5BA-M900A ROOMY,JAPAN,PETROL,996.0,BADULLA,RECONDITIONED,2023.0,1,5BA-M900A,ROOMY
CAR,HONDA,6AA-RV5  VEZEL,JAPAN,PETROL/ELE,1496.0,COLOMBO,RECONDITIONED,2025.0,10,6AA-RV5,VEZEL
CAR,SUZUKI,5BD-DA17V EVERY,JAPAN,PETROL,658.0,GAMPAHA,RECONDITIONED,2024.0,12,5BD-DA17V,EVERY
CAR,HONDA,6AA-RV 5 VEZEL,JAPAN,PETROL/ELE,1496.0,MATARA,RECONDITIONED,2023.0,1,6AA-RV,5 VEZEL
CAR,SUZUKI,5AA-MH95S WAGON R,JAPAN,PETROL,658.0,COLOMBO,RECONDITIONED,2024.0,15,5AA-MH95S,WAGON R
CAR,TOYOTA,4BA-M900A ROOMY,JAPAN,PETROL,996.0,COLOMBO,RECONDITIONED,2025.0,5,4BA-M900A,ROOMY
CAR,TOYOTA,5BA-KSP210 YARIS,JAPAN,PETROL,996.0,COLOMBO,RECONDITIONED,2024.0,12,5BA-KSP210,YARIS
CAR,HONDA,6AA-RV5 VEZEL,JAPAN,PETROL/ELE,1496.0,KALUTARA,RECONDITIONED,2024.0,12,6AA-RV5,VEZEL
CAR,DAIHATSU,5BA-LA350S MIRA ES,JAPAN,PETROL,658.0,KEGALLE,RECONDITIONED,2025.0,2,5BA-LA350S,MIRA ES
MOTOR CYCLE,HONDA,PCX 160,JAPAN,PETROL,160.0,PUTTALAM,RECONDITIONED,2025.0,1,,PCX 160
CAR,TOYOTA,URBAN CRUISER TAISOR,INDIA,PETROL,998.0,COLOMBO,RECONDITIONED,2025.0,39,,URBAN CRUISER TAISOR
MOTOR CYCLE,HONDA,PCX,JAPAN,PETROL,124.0,KURUNEGALA,RECONDITIONED,2025.0,6,,PCX
CAR,TOYOTA,5BA-KSP210 YARIS,JAPAN,PETROL,998.0,COLOMBO,RECONDITIONED,2023.0,1,5BA-KSP210,YARIS
CAR,HONDA,6AA-RV5 VEZEL,JAPAN,PETROL/ELE,1496.0,GAMPAHA,RECONDITIONED,2022.0,5,6AA-RV5,VEZEL
CAR,MITSUBISHI,5BA-B33W WAGON,JAPAN,PETROL,658.0,HAMBANTOTA,RECONDITIONED,2024.0,1,5BA-B33W,WAGON
MOTOR CYCLE,HONDA,PCX 160,JAPAN,PETROL,157.0,PUTTALAM,RECONDITIONED,2025.0,6,,PCX 160
CAR,HONDA,6AA-RV5 VEZEL,JAPAN,PETROL/ELE,1496.0,KEGALLE,RECONDITIONED,2024.0,6,6AA-RV5,VEZEL
CAR,HONDA,6AA-RV5 VEZEL,JAPAN,PETROL/ELE,1496.0,KANDY,RECONDITIONED,2025.0,16,6AA-RV5,VEZEL
CAR,LEXUS,6AA-MAYH10 LBX,JAPAN,PETROL/ELE,1496.0,GAMPAHA,RECONDITIONED,2024.0,1,6AA-MAYH10,LBX
SINGLE CAB,SUZUKI,3BD-DA16T CARRY,JAPAN,PETROL,658.0,KANDY,RECONDITIONED,2022.0,1,3BD-DA16T,CARRY
LAND VEHICLE,E KUBOTA,EK3-471 4WD,INDIA,DIESEL,2761.0,VAVUNIYA,RECONDITIONED,2024.0,1,EK3-471,4WD
CAR,TOYOTA,6AA-MXPJ10 YARIS,JAPAN,PETROL/ELE,1490.0,GALLE,RECONDITIONED,2023.0,1,6AA-MXPJ10,YARIS
CAR,DAIHATSU,5BA-LA900S TAFT,JAPAN,PETROL,658.0,GAMPAHA,RECONDITIONED,2023.0,5,5BA-LA900S,TAFT
CAR,TOYOTA,6AA-ZVG16 COROLLA,JAPAN,PETROL/ELE,1797.0,COLOMBO,RECONDITIONED,2024.0,1,6AA-ZVG16,COROLLA
CAR,SUZUKI,5BA-MH85S WAGON R,JAPAN,PETROL,658.0,VAVUNIYA,RECONDITIONED,2024.0,1,5BA-MH85S,WAGON R
CAR,DAIHATSU,5BA-LA250S,JAPAN,PETROL,658.0,COLOMBO,RECONDITIONED,2023.0,2,5BA-LA250S,Unknown
CAR,DAIHATSU,5BA-LA900S TAFT,JAPAN,PETROL,658.0,PUTTALAM,RECONDITIONED,2024.0,1,5BA-LA900S,TAFT
CAR,NISSAN,5AA-B44W DAYS,JAPAN,PETROL,658.0,GAMPAHA,RECONDITIONED,2023.0,1,5AA-B44W,DAYS
CAR,TOYOTA,5AA-A202A  RAIZE,JAPAN,PETROL/ELE,1196.0,BATTICALOA,RECONDITIONED,2025.0,1,5AA-A202A,RAIZE
CAR,TOYOTA,6AA-ZWR90W VOXY,JAPAN,PETROL/ELE,1797.0,COLOMBO,RECONDITIONED,2025.0,6,6AA-ZWR90W,VOXY
CAR,SUZUKI,5BA-MH85S WAGON R,JAPAN,PETROL,657.0,MATARA,RECONDITIONED,2024.0,3,5BA-MH85S,WAGON R
CAR,HONDA,6BA-JF3 N-BOX,JAPAN,PETROL,658.0,PUTTALAM,RECONDITIONED,2023.0,1,6BA-JF3,N-BOX
CAR,SUZUKI,5BA-MH85S WAGON R,JAPAN,PETROL,657.0,RATNAPURA,RECONDITIONED,2024.0,1,5BA-MH85S,WAGON R
DUAL PURPOSE (COMMERCIAL),TMT,3DF GUN125  GR SPORT,JAPAN,DIESEL,2393.0,KURUNEGALA,RECONDITIONED,2023.0,1,,3DF GUN125  GR SPORT
CAR,SUZUKI,5AA-MH95S  WAGON R,JAPAN,PETROL,658.0,KALUTARA,RECONDITIONED,2025.0,1,5AA-MH95S,WAGON R
CAR,TOYOTA,6AA-MXPJ10 YARIS,JAPAN,PETROL/ELE,1496.0,BATTICALOA,RECONDITIONED,2023.0,1,6AA-MXPJ10,YARIS
CAR,HONDA,6AA-RV5 VEZEL,JAPAN,PETROL/ELE,1496.0,KANDY,RECONDITIONED,2023.0,5,6AA-RV5,VEZEL
MOTOR CYCLE,HONDA,ADV160,JAPAN,PETROL,157.0,KANDY,RECONDITIONED,2025.0,3,,ADV160
CAR,SUZUKI,5AA-MH95S WAGON R,JAPAN,PETROL/ELE,658.0,GAMPAHA,RECONDITIONED,2025.0,1,5AA-MH95S,WAGON R
CAR,TOYOTA,5BA-A201A RAIZE,JAPAN,PETROL,1196.0,GAMPAHA,RECONDITIONED,2024.0,9,5BA-A201A,RAIZE
MOTOR CYCLE,HONDA,PCX-125,JAPAN,PETROL,124.0,PUTTALAM,RECONDITIONED,2025.0,3,PCX-125,Unknown
CAR,TOYOTA,3BA-A210A   RAIZE,JAPAN,PETROL,996.0,KALUTARA,RECONDITIONED,2023.0,1,3BA-A210A,RAIZE
CAR,TOYOTA,5BA-KSP210   YARIS,JAPAN,PETROL,990.0,GAMPAHA,RECONDITIONED,2024.0,1,5BA-KSP210,YARIS
CAR,TOYOTA,5BA-KSP210 YARIS,JAPAN,PETROL,996.0,KALUTARA,RECONDITIONED,2023.0,6,5BA-KSP210,YARIS
CAR,SUZUKI,4AA-MH55S WAGON R,JAPAN,PETROL,650.0,BATTICALOA,RECONDITIONED,2025.0,1,4AA-MH55S,WAGON R
MOTOR CYCLE,HONDA,ADV160,THAILAND,PETROL,157.0,COLOMBO,RECONDITIONED,2025.0,2,,ADV160
CAR,NISSAN,5AA-B44W DAYZ,JAPAN,PETROL,650.0,COLOMBO,RECONDITIONED,2023.0,1,5AA-B44W,DAYZ
CAR,HONDA,6AA-RV6 VEZEL,JAPAN,PETROL/ELE,1496.0,COLOMBO,RECONDITIONED,2023.0,2,6AA-RV6,VEZEL
CAR,TOYOTA,5AA-A202A  RAIZE,JAPAN,PETROL/ELE,78.0,TRINCOMALEE,RECONDITIONED,2025.0,1,5AA-A202A,RAIZE
CAR,DAIHATSU,3BD-S710V ATRAI,JAPAN,PETROL,658.0,KANDY,RECONDITIONED,2023.0,1,3BD-S710V,ATRAI
CAR,TOYOTA,6AA-MXPJ15 YARIS,JAPAN,PETROL/ELE,1490.0,GALLE,RECONDITIONED,2023.0,1,6AA-MXPJ15,YARIS
CAR,TOYOTA,3BA-TRJ150W  PRADO,JAPAN,PETROL,2693.0,GAMPAHA,RECONDITIONED,2023.0,2,3BA-TRJ150W,PRADO
CAR,MITSUBISHI,5BA-B33W,JAPAN,PETROL,656.0,HAMBANTOTA,RECONDITIONED,2024.0,1,5BA-B33W,EK  WAGON
CAR,TOYOTA,5BA-KSP210 YARIS,JAPAN,PETROL,990.0,COLOMBO,RECONDITIONED,2023.0,1,5BA-KSP210,YARIS
CAR,HONDA,6AA-RV5 VEZEL,JAPAN,PETROL/ELE,1496.0,POLONNARUWA,RECONDITIONED,2024.0,1,6AA-RV5,VEZEL
CAR,HONDA,6AA-RV5  VEZEL,JAPAN,PETROL/ELE,1496.0,KURUNEGALA,RECONDITIONED,2025.0,4,6AA-RV5,VEZEL
CAR,TOYOTA,3BA-A210A RAIZE,JAPAN,PETROL,996.0,GAMPAHA,RECONDITIONED,2024.0,9,3BA-A210A,RAIZE
CAR,TOYOTA,3BA-A210A RAIZE,JAPAN,PETROL,996.0,KALUTARA,RECONDITIONED,2023.0,6,3BA-A210A,RAIZE
CAR,TOYOTA,5BA-M900A ROOMY,JAPAN,PETROL,996.0,POLONNARUWA,RECONDITIONED,2023.0,1,5BA-M900A,ROOMY
CAR,NISSAN,6AA-E13 NOTE,JAPAN,PETROL/ELE,85.0,COLOMBO,RECONDITIONED,2024.0,1,6AA-E13,NOTE
CAR,TOYOTA,5BA-KSP210 YARIS,JAPAN,PETROL,996.0,POLONNARUWA,RECONDITIONED,2024.0,2,5BA-KSP210,YARIS
CAR,VOLKSWAGEN,3AA-CDDLA GOLF,GERMANY,PETROL,999.0,GALLE,RECONDITIONED,2023.0,1,3AA-CDDLA,GOLF
CAR,TOYOTA,5AA-A202A RAIZE,JAPAN,ELECTRIC,78.0,MATARA,RECONDITIONED,2025.0,4,5AA-A202A,RAIZE
CAR,TOYOTA,3DA-FJA300W,JAPAN,DIESEL,3345.0,KANDY,RECONDITIONED,2025.0,1,3DA-FJA300W,Unknown
CAR,MAZDA,5AA-MM53S FLAIRWAGON,JAPAN,PETROL,658.0,GAMPAHA,RECONDITIONED,2023.0,1,5AA-MM53S,FLAIRWAGON
CAR,TOYOTA,3BA-TRJ250W,JAPAN,PETROL,2693.0,COLOMBO,RECONDITIONED,2024.0,18,3BA-TRJ250W,VX
CAR,NISSAN,5AA-B44W DAYZ,JAPAN,PETROL,658.0,KEGALLE,RECONDITIONED,2023.0,1,5AA-B44W,DAYZ
CAR,SUZUKI,4AA-MH55S WAGON R,JAPAN,PETROL,658.0,COLOMBO,RECONDITIONED,2024.0,2,4AA-MH55S,WAGON R
CAR,TOYOTA,5AA-A202A RAIZE,JAPAN,ELECTRIC,78.0,KANDY,RECONDITIONED,2025.0,3,5AA-A202A,RAIZE
MOTOR CYCLE,HONDA,ADV 160,JAPAN,PETROL,157.0,MATARA,RECONDITIONED,2025.0,1,,ADV 160
CAR,TOYOTA,5BA-M700A PASSO,JAPAN,PETROL,996.0,COLOMBO,RECONDITIONED,2023.0,3,5BA-M700A,PASSO
CAR,TOYOTA,5AA-A202A RAIZE,JAPAN,ELECTRIC,78.0,PUTTALAM,RECONDITIONED,2025.0,1,5AA-A202A,RAIZE
CAR,DAIHATSU,5BA-LA900S TAFT,JAPAN,PETROL,658.0,NUWARA-ELIYA,RECONDITIONED,2024.0,1,5BA-LA900S,TAFT
CAR,KIA,SONET,INDIA,PETROL,998.0,GAMPAHA,RECONDITIONED,2025.0,3,,SONET
CAR,TOYOTA,YARIS CROSS,THAILAND,PETROL/ELE,1496.0,KANDY,RECONDITIONED,2025.0,4,,YARIS CROSS
CAR,HONDA,6AA-RV5 VEZEL,JAPAN,PETROL/ELE,1496.0,COLOMBO,RECONDITIONED,2025.0,180,6AA-RV5,VEZEL
MOTOR CYCLE,HONDA,PCX125,JAPAN,PETROL,124.0,PUTTALAM,RECONDITIONED,2025.0,10,,PCX125
MOTOR CYCLE,HONDA,PCX,JAPAN,PETROL,124.0,PUTTALAM,RECONDITIONED,2025.0,12,,PCX
MOTOR CYCLE,HONDA,PCX 160,JAPAN,PETROL,157.0,BATTICALOA,RECONDITIONED,2025.0,1,,PCX 160
CAR,TOYOTA,VELOZ,THAILAND,PETROL,1496.0,GAMPAHA,RECONDITIONED,2025.0,2,,VELOZ
CAR,TOYOTA,6AA-AXUH80 HARRIER,JAPAN,PETROL/ELE,2487.0,COLOMBO,RECONDITIONED,2025.0,3,6AA-AXUH80,HARRIER
DUAL PURPOSE (COMMERCIAL),FORD,RANGER RAPTOR,THAILAND,DIESEL,1996.0,KURUNEGALA,RECONDITIONED,2025.0,4,,RANGER RAPTOR
CAR,TOYOTA,5BA-M900A ROOMY,JAPAN,PETROL,996.0,GAMPAHA,RECONDITIONED,2022.0,8,5BA-M900A,ROOMY
CAR,SUZUKI,4AA-MN71S XBEE,JAPAN,PETROL,990.0,COLOMBO,RECONDITIONED,2024.0,1,4AA-MN71S,XBEE
CAR,HONDA,6AA-RV5 VEZEL,JAPAN,PETROL/ELE,1496.0,KURUNEGALA,RECONDITIONED,2023.0,5,6AA-RV5,VEZEL
DUAL PURPOSE (COMMERCIAL),TOYOTA,HILUX REVO ROCCO,THAILAND,DIESEL,2755.0,GAMPAHA,RECONDITIONED,2025.0,9,,HILUX REVO ROCCO
CAR,DAIHATSU,5BA-LA350S MIRA E.S,JAPAN,PETROL,658.0,GAMPAHA,RECONDITIONED,2025.0,5,5BA-LA350S,MIRA E.S
CAR,SUZUKI,5AA-MH95SWAGON R,JAPAN,PETROL,658.0,COLOMBO,RECONDITIONED,2023.0,1,5AA-MH95SWAGON,R
CAR,TOYOTA,4BA--M900A ROOMY,JAPAN,PETROL,996.0,GAMPAHA,RECONDITIONED,2025.0,1,4BA--M900A,ROOMY
CAR,TOYOTA,5BA-KSP210 YARIS,JAPAN,PETROL,996.0,MONERAGALA,RECONDITIONED,2023.0,4,5BA-KSP210,YARIS
CAR,TOYOTA,5AA-A202A RAIZE,JAPAN,PETROL/ELE,78.0,KANDY,RECONDITIONED,2023.0,4,5AA-A202A,RAIZE
CAR,TOYOTA,3BA-A210A RAIZE,JAPAN,PETROL,996.0,KALUTARA,RECONDITIONED,2025.0,4,3BA-A210A,RAIZE
CAR,TOYOTA,5BA-KSP210 YARIS,JAPAN,PETROL,996.0,BADULLA,RECONDITIONED,2023.0,4,5BA-KSP210,YARIS
CAR,DAIHATSU,5BA-LA350S MIRA ES,JAPAN,PETROL,658.0,GAMPAHA,RECONDITIONED,2024.0,16,5BA-LA350S,MIRA ES
CAR,DAIHATSU,5BA-LA350S MIRA,JAPAN,PETROL,658.0,RATNAPURA,RECONDITIONED,2024.0,1,5BA-LA350S,MIRA
COMMERCIAL,TOYOTA,COMMUTER,THAILAND,DIESEL,2755.0,GAMPAHA,RECONDITIONED,2025.0,1,,COMMUTER
CAR,TOYOTA,5BA-M900A ROOMY,JAPAN,PETROL,998.0,GAMPAHA,RECONDITIONED,2023.0,1,5BA-M900A,ROOMY
CAR,SUZUKI,5BA-MH85S WAGON R,JAPAN,PETROL,658.0,KURUNEGALA,RECONDITIONED,2024.0,11,5BA-MH85S,WAGON R
CAR,HONDA,6BA-JF5 N BOX,JAPAN,PETROL,658.0,COLOMBO,RECONDITIONED,2024.0,2,6BA-JF5,N BOX
CAR,TOYOTA,YARIS CROSS,THAILAND,PETROL/ELE,1496.0,GAMPAHA,RECONDITIONED,2025.0,11,,YARIS CROSS
SPECIAL PURPOSE VEHICLE,TADANO,TR100,JAPAN,DIESEL,4009.0,RATNAPURA,RECONDITIONED,1999.0,1,,TR100
CAR,SUZUKI,5AA-MK53S SPACIA,JAPAN,PETROL,658.0,KALUTARA,RECONDITIONED,2023.0,1,5AA-MK53S,SPACIA
CAR,TOYOTA,5BA-M900A ROOMY,JAPAN,PETROL,996.0,PUTTALAM,RECONDITIONED,2023.0,5,5BA-M900A,ROOMY
CAR,TOYOTA,3BA-TRJ250W,JAPAN,PETROL,2698.0,KURUNEGALA,RECONDITIONED,2024.0,1,3BA-TRJ250W,VX
CAR,B.M.W.,420 1M SPORT AUTO,UNITED KINGDOM,PETROL,1998.0,KANDY,RECONDITIONED,2024.0,1,,420 1M SPORT AUTO
CAR,TOYOTA,5BA-A201A RAIZE,JAPAN,PETROL,1196.0,KANDY,RECONDITIONED,2024.0,5,5BA-A201A,RAIZE
MOTOR CYCLE,HONDA,ADV-350,THAILAND,PETROL,350.0,COLOMBO,RECONDITIONED,2025.0,1,ADV-350,Unknown
CAR,TOYOTA,5AA-A202A  RAIZE,JAPAN,ELECTRIC,78.0,COLOMBO,RECONDITIONED,2025.0,3,5AA-A202A,RAIZE
MOTOR CYCLE,HONDA,PCX 160,JAPAN,PETROL,157.0,TRINCOMALEE,RECONDITIONED,2025.0,1,,PCX 160
CAR,SUZUKI,5AA-MH95S WAGON R,JAPAN,PETROL,658.0,COLOMBO,RECONDITIONED,2023.0,9,5AA-MH95S,WAGON R
CAR,SUZUKI,5BA-MH85S WAGON R,JAPAN,PETROL,656.0,COLOMBO,RECONDITIONED,2023.0,2,5BA-MH85S,WAGON R
CAR,HONDA,6AA-RV5 VEZEL,JAPAN,PETROL/ELE,1496.0,MATARA,RECONDITIONED,2024.0,5,6AA-RV5,VEZEL
CAR,DAIHATSU,5BA-LA350S MIRA,JAPAN,PETROL,658.0,HAMBANTOTA,RECONDITIONED,2024.0,2,5BA-LA350S,MIRA
CAR,NISSAN,4AA-B45W DAYZ,JAPAN,PETROL,658.0,RATNAPURA,RECONDITIONED,2023.0,3,4AA-B45W,DAYZ
CAR,DAIHATSU,5BA-LA350S MIRA,JAPAN,PETROL,658.0,COLOMBO,RECONDITIONED,2024.0,7,5BA-LA350S,MIRA
CAR,SUZUKI,5AA-HA97S ALTO,JAPAN,PETROL,658.0,MATARA,RECONDITIONED,2023.0,1,5AA-HA97S,ALTO
CAR,TOYOTA,5BA-M910A ROOMY,JAPAN,PETROL,996.0,ANURADHAPURA,RECONDITIONED,2023.0,1,5BA-M910A,ROOMY
CAR,TOYOTA,5BA-M900A  ROOMY,JAPAN,PETROL,996.0,COLOMBO,RECONDITIONED,2024.0,1,5BA-M900A,ROOMY
CAR,NISSAN,5AA-B44A,JAPAN,PETROL,659.0,GAMPAHA,RECONDITIONED,2023.0,2,5AA-B44A,ROOX
CAR,DAIHATSU,5BA-LA350S,JAPAN,PETROL,658.0,GAMPAHA,RECONDITIONED,2024.0,3,5BA-LA350S,"MIRA E,S"
CAR,TOYOTA,5AA-A202A RAIZE,JAPAN,PETROL/ELE,78.0,GALLE,RECONDITIONED,2024.0,2,5AA-A202A,RAIZE
CAR,SUZUKI,5BA-MH85SWAON R,JAPAN,PETROL,658.0,RATNAPURA,RECONDITIONED,2024.0,1,5BA-MH85SWAON,R
CAR,HONDA,6AA-RV5 VEZEL,JAPAN,PETROL/ELE,1496.0,MATALE,RECONDITIONED,2023.0,1,6AA-RV5,VEZEL
CAR,NISSAN,5AA-B44A-ROOX,JAPAN,PETROL,658.0,KANDY,RECONDITIONED,2023.0,1,5AA-B44A-ROOX,Unknown
CAR,VOLKSWAGEN,3AA-CDDLA GOLF,GERMANY,PETROL,999.0,COLOMBO,RECONDITIONED,2024.0,1,3AA-CDDLA,GOLF
CAR,TOYOTA,4BA-M900A ROOMY,JAPAN,PETROL,996.0,COLOMBO,RECONDITIONED,2023.0,3,4BA-M900A,ROOMY
CAR,SUZUKI,5BD-MK33V SPCIA,JAPAN,PETROL,658.0,BATTICALOA,RECONDITIONED,2023.0,1,5BD-MK33V,SPCIA
CAR,SUZUKI,5BA-MH85S WAGON R,JAPAN,PETROL,656.0,AMPARA,RECONDITIONED,2025.0,1,5BA-MH85S,WAGON R
DUAL PURPOSE (COMMERCIAL),TOYOTA,HILUX REVO GR SPORT,THAILAND,DIESEL,2755.0,PUTTALAM,RECONDITIONED,2025.0,2,,HILUX REVO GR SPORT
CAR,TOYOTA,3BA-A210A,JAPAN,PETROL,996.0,KALUTARA,RECONDITIONED,2024.0,1,3BA-A210A,Unknown
CAR,TOYOTA,3BA-A210A RAIZE,JAPAN,PETROL,996.0,MATARA,RECONDITIONED,2025.0,2,3BA-A210A,RAIZE
CAR,NISSAN,5AA-B44A ROOX,JAPAN,PETROL,658.0,COLOMBO,RECONDITIONED,2023.0,7,5AA-B44A,ROOX
CAR,HONDA,6AA-RV5 VEZEL,JAPAN,PETROL/ELE,1496.0,GAMPAHA,RECONDITIONED,2025.0,82,6AA-RV5,VEZEL
MOTOR LORRY (COMMERCIAL),ISUZU,TPG-NPR85AN ELF,JAPAN,DIESEL,2990.0,COLOMBO,RECONDITIONED,2017.0,2,TPG-NPR85AN,ELF
CAR,HONDA,6AA-RV5 VEZEL,JAPAN,PETROL/ELE,1496.0,KALUTARA,RECONDITIONED,2025.0,33,6AA-RV5,VEZEL
CAR,TOYOTA,6AA-MXPJ10  YARIS,JAPAN,PETROL/ELE,1496.0,KURUNEGALA,RECONDITIONED,2024.0,1,6AA-MXPJ10,YARIS
CAR,KIA,EV9,SOUTH KOREA,ELECTRIC,149.0,KANDY,RECONDITIONED,2025.0,1,,EV9
MOTOR CYCLE,HONDA,PCX160,JAPAN,PETROL,157.0,PUTTALAM,RECONDITIONED,2025.0,13,,PCX160
MOTOR CYCLE,HONDA,PCX 125,JAPAN,PETROL,124.0,GAMPAHA,RECONDITIONED,2025.0,3,,PCX 125
MOTOR CYCLE,HONDA,ADV 160,JAPAN,PETROL,157.0,GAMPAHA,RECONDITIONED,2025.0,5,,ADV 160
CAR,DAIHATSU,5BA-LA350S MIRA E .S,JAPAN,PETROL,658.0,COLOMBO,RECONDITIONED,2024.0,1,5BA-LA350S,MIRA E .S
CAR,SUZUKI,3BA-DA17W EVERY,JAPAN,PETROL,658.0,KANDY,RECONDITIONED,2024.0,5,3BA-DA17W,EVERY
CAR,SUZUKI,4AA-MK54S SPACIA,JAPAN,PETROL,658.0,KANDY,RECONDITIONED,2024.0,10,4AA-MK54S,SPACIA
CAR,SUZUKI,5BA-MH85S WAGON R,JAPAN,PETROL,658.0,KURUNEGALA,RECONDITIONED,2023.0,4,5BA-MH85S,WAGON R
CAR,TOYOTA,5BA-KSP210  YARIS,JAPAN,PETROL,996.0,MATARA,RECONDITIONED,2023.0,1,5BA-KSP210,YARIS
CAR,TOYOTA,5AA-A202A RAIZE,JAPAN,PETROL/ELE,78.0,GAMPAHA,RECONDITIONED,2025.0,20,5AA-A202A,RAIZE
CAR,DAIHATSU,5BA-LA350S  MIRA,JAPAN,PETROL,658.0,MATARA,RECONDITIONED,2023.0,1,5BA-LA350S,MIRA
CAR,SUZUKI,5BA-MH85S WAGON R,JAPAN,PETROL,658.0,COLOMBO,RECONDITIONED,2024.0,24,5BA-MH85S,WAGON R
CAR,TOYOTA,5BA-A201A RAIZE,JAPAN,PETROL,1196.0,KALUTARA,RECONDITIONED,2023.0,9,5BA-A201A,RAIZE
CAR,SUZUKI,5AA-MH95S WAGON R,JAPAN,PETROL,658.0,KURUNEGALA,RECONDITIONED,2025.0,12,5AA-MH95S,WAGON R
CAR,TOYOTA,5BA-KSP210 YARIS,JAPAN,PETROL,996.0,KURUNEGALA,RECONDITIONED,2023.0,9,5BA-KSP210,YARIS
MOTOR LORRY (COMMERCIAL),ISUZU,TRG-NPR85AN ELF,JAPAN,DIESEL,2990.0,PUTTALAM,RECONDITIONED,2017.0,1,TRG-NPR85AN,ELF
CAR,SUZUKI,5BA-MH85S WAGON R,JAPAN,PETROL,658.0,TRINCOMALEE,RECONDITIONED,2024.0,1,5BA-MH85S,WAGON R
DUAL PURPOSE (COMMERCIAL),TOYOTA,3DF-GUN125 HILUX,THAILAND,DIESEL,2393.0,BADULLA,RECONDITIONED,2023.0,1,3DF-GUN125,HILUX
CAR,SUZUKI,5BD-DA17V EVERY,JAPAN,PETROL,658.0,KURUNEGALA,RECONDITIONED,2025.0,3,5BD-DA17V,EVERY
CAR,HONDA,6AA-RV5 VEZEL,JAPAN,PETROL/ELE,1496.0,MATARA,RECONDITIONED,2025.0,19,6AA-RV5,VEZEL
CAR,TOYOTA,5AA-A202A  RAIZE,JAPAN,PETROL/ELE,78.0,KURUNEGALA,RECONDITIONED,2025.0,2,5AA-A202A,RAIZE
DUAL PURPOSE (COMMERCIAL),TOYOTA,3DF-GUN125  HILUX,THAILAND,DIESEL,2393.0,ANURADHAPURA,RECONDITIONED,2022.0,1,3DF-GUN125,HILUX
CAR,HONDA,CITY,THAILAND,PETROL,988.0,KURUNEGALA,RECONDITIONED,2025.0,4,,CITY
CAR,TOYOTA,3BA-A210A RAIZE,JAPAN,PETROL,996.0,VAVUNIYA,RECONDITIONED,2025.0,1,3BA-A210A,RAIZE
CAR,TOYOTA,5AA-A202A RAIZE,JAPAN,ELECTRIC,78.0,KURUNEGALA,RECONDITIONED,2023.0,1,5AA-A202A,RAIZE
CAR,MITSUBISHI,5AA-B34A,JAPAN,PETROL,658.0,COLOMBO,RECONDITIONED,2024.0,1,5AA-B34A,DELICA MINI
CAR,SUZUKI,5BD-DA17V EVERY,JAPAN,PETROL,658.0,KEGALLE,RECONDITIONED,2025.0,2,5BD-DA17V,EVERY
CAR,TOYOTA,5BA-A201A RAIZE,JAPAN,PETROL,1196.0,TRINCOMALEE,RECONDITIONED,2024.0,1,5BA-A201A,RAIZE
CAR,SUZUKI,5BA-MH85S WAGON R,JAPAN,PETROL,658.0,GALLE,RECONDITIONED,2024.0,8,5BA-MH85S,WAGON R
CAR,HONDA,6AA-RV5 VEZEL,JAPAN,PETROL/ELE,1496.0,MATALE,RECONDITIONED,2024.0,1,6AA-RV5,VEZEL
MOTOR CYCLE,HONDA,PCX160,THAILAND,PETROL,156.93,GAMPAHA,RECONDITIONED,2025.0,1,,PCX160
CAR,DAIHATSU,5AA-A202S ROCKY,JAPAN,ELECTRIC,78.0,GAMPAHA,RECONDITIONED,2024.0,1,5AA-A202S,ROCKY
CAR,TOYOTA,3BA-A210A RAIZE,JAPAN,PETROL,996.0,GAMPAHA,RECONDITIONED,2023.0,7,3BA-A210A,RAIZE
CAR,SUZUKI,5BA-MH85S WAGON R,JAPAN,PETROL,658.0,KALUTARA,RECONDITIONED,2024.0,10,5BA-MH85S,WAGON R
CAR,SUZUKI,5BD-DA17V EVERY,JAPAN,PETROL,658.0,KURUNEGALA,RECONDITIONED,2023.0,4,5BD-DA17V,EVERY
SPECIAL PURPOSE VEHICLE,FURUKAWA,FL50-1 WHEEL LOADER,JAPAN,DIESEL,1500.0,GAMPAHA,RECONDITIONED,2017.0,1,FL50-1,WHEEL LOADER
CAR,TOYOTA,6AA MXPJ10 YARIS,JAPAN,PETROL/ELE,1490.0,GAMPAHA,RECONDITIONED,2024.0,1,,6AA MXPJ10 YARIS
CAR,SUZUKI,5AA-MH95S WAGON R,JAPAN,PETROL,658.0,MATALE,RECONDITIONED,2024.0,1,5AA-MH95S,WAGON R
CAR,TOYOTA,YARIS CROSS,THAILAND,PETROL/ELE,1496.0,COLOMBO,RECONDITIONED,2025.0,29,,YARIS CROSS
CAR,TOYOTA,6AA-MXPJ10 YARIS,JAPAN,PETROL/ELE,1496.0,COLOMBO,RECONDITIONED,2025.0,4,6AA-MXPJ10,YARIS
CAR,TOYOTA,6AA-MXPJ10 YARIS,JAPAN,PETROL/ELE,1496.0,ANURADHAPURA,RECONDITIONED,2023.0,2,6AA-MXPJ10,YARIS
CAR,DAIHATSU,5BA-LA900STAFT,JAPAN,PETROL,658.0,COLOMBO,RECONDITIONED,2023.0,1,5BA-LA900STAFT,Unknown
CAR,TOYOTA,5BA-A202A RAIZE,JAPAN,ELECTRIC,78.0,RATNAPURA,RECONDITIONED,2024.0,1,5BA-A202A,RAIZE
CAR,SUZUKI,5BD-DA17V EVERY,JAPAN,PETROL,658.0,MATARA,RECONDITIONED,2025.0,1,5BD-DA17V,EVERY
CAR,HONDA,6AA-RV5 VEZEL,JAPAN,PETROL/ELE,1496.0,KANDY,RECONDITIONED,2024.0,8,6AA-RV5,VEZEL
LAND VEHICLE (SMALL),KUBOTA,K600A,JAPAN,DIESEL,422.0,KURUNEGALA,RECONDITIONED,2016.0,1,,K600A
CAR,TOYOTA,5BA-KSP210 YARIS,JAPAN,PETROL,996.0,KALUTARA,RECONDITIONED,2024.0,2,5BA-KSP210,YARIS
CAR,TOYOTA,6AA-ZWR90W  VOXY,JAPAN,PETROL/ELE,1797.0,COLOMBO,RECONDITIONED,2025.0,1,6AA-ZWR90W,VOXY
CAR,SUZUKI,5AA-MK94S SPACIA,JAPAN,PETROL,657.0,KURUNEGALA,RECONDITIONED,2025.0,1,5AA-MK94S,SPACIA
CAR,TOYOTA,5AA-A202A RAIZE,JAPAN,ELECTRIC,78.0,RATNAPURA,RECONDITIONED,2025.0,1,5AA-A202A,RAIZE
CAR,TOYOTA,5AA-A202A,JAPAN,ELECTRIC,78.0,COLOMBO,RECONDITIONED,2025.0,1,5AA-A202A,RAISE
CAR,TOYOTA,5BA-KSP10 YARIS,JAPAN,PETROL,996.0,COLOMBO,RECONDITIONED,2022.0,1,5BA-KSP10,YARIS
CAR,TOYOTA,5BA-KSP210 YARIS,JAPAN,PETROL,996.0,KURUNEGALA,RECONDITIONED,2024.0,3,5BA-KSP210,YARIS
CAR,LAND ROVER,RANGE ROVER,UNITED KINGDOM,PETROL,2996.0,COLOMBO,RECONDITIONED,2025.0,1,,RANGE ROVER
CAR,MERCEDES BENZ,CLA 250E,UNITED KINGDOM,PETROL/ELE,1332.0,COLOMBO,RECONDITIONED,2024.0,1,,CLA 250E
CAR,HONDA,6AA-RV5 VEZEL,JAPAN,PETROL/ELE,1498.0,KURUNEGALA,RECONDITIONED,2025.0,1,6AA-RV5,VEZEL
CAR,HONDA,6AA-RV5 VEZEL,JAPAN,PETROL/ELE,1496.0,RATNAPURA,RECONDITIONED,2023.0,4,6AA-RV5,VEZEL
CAR,DAIHATSU,5BA-LA900S,JAPAN,PETROL,658.0,GAMPAHA,RECONDITIONED,2025.0,1,5BA-LA900S,TAFT
CAR,TOYOTA,6AA-MXPJ10 YARIS,JAPAN,PETROL/ELE,1496.0,COLOMBO,RECONDITIONED,2024.0,7,6AA-MXPJ10,YARIS
CAR,HONDA,6AA-RV5 VEZEL,JAPAN,PETROL/ELE,1496.0,KALUTARA,RECONDITIONED,2023.0,9,6AA-RV5,VEZEL
CAR,DAIHATSU,5BA-LA650S TANTO,JAPAN,PETROL,660.0,KEGALLE,RECONDITIONED,2023.0,1,5BA-LA650S,TANTO
MOTOR CYCLE,KYMCO,DOWN TOWN,THAIWAN,PETROL,320.0,JAFFNA,RECONDITIONED,2022.0,1,,DOWN TOWN
CAR,TOYOTA,3BA-NGX10 C-HR,JAPAN,PETROL,1196.0,KURUNEGALA,RECONDITIONED,2022.0,1,3BA-NGX10,C-HR
CAR,TOYOTA,5BA-KSP210 YARIS,JAPAN,PETROL,998.0,MATARA,RECONDITIONED,2022.0,1,5BA-KSP210,YARIS
CAR,SUZUKI,5AA-MH95S WAGON R,JAPAN,PETROL,658.0,JAFFNA,RECONDITIONED,2025.0,21,5AA-MH95S,WAGON R
CAR,TOYOTA,5BA-M900A ROOMY,JAPAN,PETROL,996.0,KANDY,RECONDITIONED,2023.0,6,5BA-M900A,ROOMY
CAR,NISSAN,6AA-FE13 AURA,JAPAN,ELECTRIC,100.0,COLOMBO,RECONDITIONED,2023.0,1,6AA-FE13,AURA
CAR,NISSAN,5AA-B44A ROOX,JAPAN,PETROL,659.0,MATARA,RECONDITIONED,2023.0,1,5AA-B44A,ROOX
CAR,MITSUBISHI,5BA-GK1W,JAPAN,PETROL,1498.0,COLOMBO,RECONDITIONED,2024.0,1,5BA-GK1W,ECLIPSE
COMMERCIAL,TOYOTA,COMMUTER,THAILAND,DIESEL,2755.0,COLOMBO,RECONDITIONED,2025.0,1,,COMMUTER
CAR,NISSAN,ALMERA,THAILAND,PETROL,999.0,GALLE,RECONDITIONED,2025.0,3,,ALMERA
CAR,HONDA,6AA-RV5 VEZEL,JAPAN,PETROL/ELE,1496.0,GAMPAHA,RECONDITIONED,2023.0,24,6AA-RV5,VEZEL
COMMERCIAL,TOYOTA,COMMUTER,THAILAND,DIESEL,2755.0,POLONNARUWA,RECONDITIONED,2025.0,1,,COMMUTER
CAR,NISSAN,5BD-DR17V CLIPPER,JAPAN,PETROL,658.0,POLONNARUWA,RECONDITIONED,2023.0,1,5BD-DR17V,CLIPPER
CAR,AUDI,3AA-F3DFY,GERMANY,PETROL,1497.0,COLOMBO,RECONDITIONED,2022.0,1,3AA-F3DFY,Q3 S LINE
CAR,TOYOTA,YARIS CROSS,THAILAND,PETROL/ELE,1496.0,RATNAPURA,RECONDITIONED,2025.0,2,,YARIS CROSS
CAR,TOYOTA,3BA-TRJ150W,JAPAN,PETROL,2693.0,BATTICALOA,RECONDITIONED,2023.0,1,3BA-TRJ150W,PRADO
CAR,LAND ROVER,RANGE ROVER,UNITED KINGDOM,PETROL/ELE,2996.0,COLOMBO,RECONDITIONED,2025.0,3,,RANGE ROVER
CAR,TOYOTA,5AA-A202A   RAIZE,JAPAN,ELECTRIC,78.0,GAMPAHA,RECONDITIONED,2025.0,1,5AA-A202A,RAIZE
CAR,NISSAN MT,6AA-RP15 KICKS,THAILAND,PETROL/ELE,1190.0,HAMBANTOTA,RECONDITIONED,2024.0,1,6AA-RP15,KICKS
CAR,SUZUKI,3BA-DA17W EVERY,JAPAN,PETROL,658.0,COLOMBO,RECONDITIONED,2025.0,4,3BA-DA17W,EVERY
CAR,SUZUKI,5AA-MH95S WAGON R,JAPAN,PETROL,658.0,ANURADHAPURA,RECONDITIONED,2023.0,2,5AA-MH95S,WAGON R
CAR,SUZUKI,5BD-DA17 EVERY,JAPAN,PETROL,658.0,GAMPAHA,RECONDITIONED,2025.0,1,5BD-DA17,EVERY
CAR,MERCEDES BENZ,5AA-177184 A180,GERMANY,PETROL,1331.0,COLOMBO,RECONDITIONED,2024.0,1,5AA-177184,A180
CAR,TOYOTA,3BA-A210A  RAIZE,JAPAN,PETROL,996.0,COLOMBO,RECONDITIONED,2023.0,1,3BA-A210A,RAIZE
CAR,DAIHATSU,5BA-M900S THOR,JAPAN,PETROL,996.0,MONERAGALA,RECONDITIONED,2023.0,1,5BA-M900S,THOR
CAR,TOYOTA,5BA-M900A ROOMY,JAPAN,PETROL,996.0,COLOMBO,RECONDITIONED,2024.0,7,5BA-M900A,ROOMY
CAR,TOYOTA,3BA- A210A RAIZE,JAPAN,PETROL,996.0,GAMPAHA,RECONDITIONED,2023.0,1,,3BA- A210A RAIZE
CAR,TOYOTA,5BA-KSP210  YARIS,JAPAN,PETROL,996.0,JAFFNA,RECONDITIONED,2023.0,1,5BA-KSP210,YARIS
CAR,HONDA,5BA-RZ3 ZR-V,JAPAN,PETROL,1496.0,COLOMBO,RECONDITIONED,2024.0,3,5BA-RZ3,ZR-V
DUAL PURPOSE (COMMERCIAL),TOYOTA,HILUX REVO ROCCO,THAILAND,DIESEL,2755.0,RATNAPURA,RECONDITIONED,2025.0,1,,HILUX REVO ROCCO
CAR,DAIHATSU,5BA-LA350S MIRA ES,JAPAN,PETROL,658.0,BATTICALOA,RECONDITIONED,2024.0,1,5BA-LA350S,MIRA ES
CAR,HONDA,CRV VTI L7,AUSTRALIA,PETROL,1498.0,KURUNEGALA,RECONDITIONED,2024.0,1,,CRV VTI L7
CAR,SSANG YONG,TORRES,AUSTRALIA,PETROL,1500.0,KALUTARA,RECONDITIONED,2024.0,1,,TORRES
CAR,SUZUKI,3BA-DA17W EVERY,JAPAN,PETROL,658.0,JAFFNA,RECONDITIONED,2025.0,1,3BA-DA17W,EVERY
CAR,TOYOTA,YARIS CROSS,THAILAND,PETROL/ELE,1496.0,ANURADHAPURA,RECONDITIONED,2025.0,1,,YARIS CROSS
CAR,DAIHATSU,5BA-LA350S MIRA E.S,JAPAN,PETROL,658.0,KALUTARA,RECONDITIONED,2024.0,4,5BA-LA350S,MIRA E.S
CAR,TOYOTA,5BA-M900A ROOMY,JAPAN,PETROL,996.0,GALLE,RECONDITIONED,2023.0,6,5BA-M900A,ROOMY
CAR,TOYOTA,5AA-A202A RAIZE,JAPAN,PETROL/ELE,1196.0,KALUTARA,RECONDITIONED,2025.0,4,5AA-A202A,RAIZE
CAR,HONDA,6AA-RV5 VEZEL,JAPAN,PETROL/ELE,1496.0,COLOMBO,RECONDITIONED,2022.0,5,6AA-RV5,VEZEL
CAR,SUZUKI,5AA-MK53S  SPACIA,JAPAN,PETROL,658.0,COLOMBO,RECONDITIONED,2023.0,1,5AA-MK53S,SPACIA
CAR,SUZUKI,5BA-MH85S WAGON R,JAPAN,PETROL,657.0,HAMBANTOTA,RECONDITIONED,2023.0,1,5BA-MH85S,WAGON R
CAR,SUZUKI,5AA-HA97S ALTO,JAPAN,PETROL,658.0,KANDY,RECONDITIONED,2024.0,1,5AA-HA97S,ALTO
CAR,SUZUKI,5AA-MH95S WAGON R,JAPAN,PETROL,658.0,RATNAPURA,RECONDITIONED,2025.0,6,5AA-MH95S,WAGON R
CAR,TOYOTA,6AA-MXPJ10,JAPAN,PETROL/ELE,1496.0,KANDY,RECONDITIONED,2024.0,1,6AA-MXPJ10,CROSS
CAR,TOYOTA,5BA-KSP210  YARIS,JAPAN,PETROL,996.0,KALUTARA,RECONDITIONED,2023.0,1,5BA-KSP210,YARIS
CAR,TOYOTA,5BA-MZEA17 COROLLA,JAPAN,PETROL,1496.0,PUTTALAM,RECONDITIONED,2024.0,1,5BA-MZEA17,COROLLA
CAR,TOYOTA,YARIS CROSS,JAPAN,PETROL/ELE,1496.0,BATTICALOA,RECONDITIONED,2025.0,1,,YARIS CROSS
CAR,TOYOTA,5BA-KSP210 YARIS,JAPAN,PETROL,996.0,COLOMBO,RECONDITIONED,2023.0,37,5BA-KSP210,YARIS
CAR,KIA,SONET,INDIA,PETROL,998.0,COLOMBO,RECONDITIONED,2025.0,26,,SONET
MOTOR CYCLE,HONDA,ADV 160,JAPAN,PETROL,157.0,KANDY,RECONDITIONED,2025.0,1,,ADV 160
MOTOR CYCLE,HONDA,ADV160,JAPAN,PETROL,157.0,COLOMBO,RECONDITIONED,2025.0,8,,ADV160
CAR,TOYOTA,URBAN CRUISER TAISOR,INDIA,PETROL,998.0,GAMPAHA,RECONDITIONED,2025.0,14,,URBAN CRUISER TAISOR
CAR,SUZUKI,5BD-DA17V EVERY,JAPAN,PETROL,658.0,MATARA,RECONDITIONED,2023.0,2,5BD-DA17V,EVERY
MOTOR CYCLE,HONDA,PCX 160,JAPAN,PETROL,157.0,COLOMBO,RECONDITIONED,2025.0,3,,PCX 160
CAR,TOYOTA,5AA-A202A RAIZE,JAPAN,ELECTRIC,78.0,JAFFNA,RECONDITIONED,2025.0,1,5AA-A202A,RAIZE
CAR,NISSAN,5AA-B44A ROOX,JAPAN,PETROL,658.0,AMPARA,RECONDITIONED,2024.0,1,5AA-B44A,ROOX
DUAL PURPOSE (COMMERCIAL),TOYOTA,HILUX REVO ROCCO,THAILAND,DIESEL,2755.0,KANDY,RECONDITIONED,2025.0,3,,HILUX REVO ROCCO
CAR,TOYOTA,3BA-VJA300W,JAPAN,PETROL,3444.0,COLOMBO,RECONDITIONED,2024.0,8,3BA-VJA300W,LC300
CAR,SUZUKI,5AA-MH95S WAGON R,JAPAN,PETROL,658.0,KALUTARA,RECONDITIONED,2024.0,7,5AA-MH95S,WAGON R
CAR,TOYOTA,5AA-A202A,JAPAN,PETROL/ELE,78.0,KANDY,RECONDITIONED,2025.0,1,5AA-A202A,RAISE
CAR,TOYOTA,6AA-MXPK11 AQUA,JAPAN,PETROL/ELE,1496.0,COLOMBO,RECONDITIONED,2023.0,4,6AA-MXPK11,AQUA
CAR,TOYOTA,6AA-MXPJ10 YARIS,JAPAN,PETROL/ELE,1490.0,KURUNEGALA,RECONDITIONED,2023.0,1,6AA-MXPJ10,YARIS
LAND VEHICLE (SMALL),KUBOTA,K 700,JAPAN,DIESEL,508.0,COLOMBO,RECONDITIONED,2020.0,1,,K 700
CAR,SUZUKI,5BA-MH85S WAGON R,JAPAN,PETROL,658.0,COLOMBO,RECONDITIONED,2023.0,19,5BA-MH85S,WAGON R
CAR,BENTLEY,FLYING SPURMULLINER,UNITED KINGDOM,PETROL/ELE,3996.0,COLOMBO,RECONDITIONED,2025.0,1,,FLYING SPURMULLINER
CAR,NISSAN,5AA-B44A ROOX,JAPAN,PETROL,659.0,COLOMBO,RECONDITIONED,2023.0,2,5AA-B44A,ROOX
CAR,HONDA,CITY RS,THAILAND,PETROL,988.0,COLOMBO,RECONDITIONED,2025.0,18,,CITY RS
CAR,SUZUKI,5BA-MH85S WAGON R,JAPAN,PETROL,658.0,PUTTALAM,RECONDITIONED,2023.0,2,5BA-MH85S,WAGON R
CAR,TOYOTA,5BA-KSP210 YARIS,JAPAN,PETROL,996.0,GAMPAHA,RECONDITIONED,2023.0,16,5BA-KSP210,YARIS
CAR,TOYOTA,6AA-NKE165 COROLLA,JAPAN,PETROL/ELE,1496.0,ANURADHAPURA,RECONDITIONED,2025.0,1,6AA-NKE165,COROLLA
CAR,SUZUKI,5AA-ZCEDS SWIFT,JAPAN,PETROL,1196.0,RATNAPURA,RECONDITIONED,2024.0,1,5AA-ZCEDS,SWIFT
CAR,TOYOTA,3BA-TRJ250W,JAPAN,PETROL,2693.0,KALUTARA,RECONDITIONED,2024.0,4,3BA-TRJ250W,VX
CAR,TOYOTA,5AA-A202A RAIZE,JAPAN,PETROL/ELE,78.0,KURUNEGALA,RECONDITIONED,2025.0,4,5AA-A202A,RAIZE
CAR,NISSAN,5BA-B43W DAYZ,JAPAN,PETROL,658.0,KALUTARA,RECONDITIONED,2023.0,5,5BA-B43W,DAYZ
CAR,SUZUKI,5BD-DA17V EVERY,JAPAN,PETROL,658.0,GAMPAHA,RECONDITIONED,2025.0,8,5BD-DA17V,EVERY
CAR,DAIHATSU,5BA-LA350S  MIRA,JAPAN,PETROL,658.0,KANDY,RECONDITIONED,2025.0,1,5BA-LA350S,MIRA
CAR,SUZUKI,5BD-DA17V EVERY,JAPAN,PETROL,656.0,COLOMBO,RECONDITIONED,2025.0,1,5BD-DA17V,EVERY
CAR,HONDA,CITY SV,THAILAND,PETROL,988.0,RATNAPURA,RECONDITIONED,2025.0,1,,CITY SV
CAR,HONDA,6AA-RV6 VEZEL,JAPAN,PETROL/ELE,1496.0,BADULLA,RECONDITIONED,2025.0,1,6AA-RV6,VEZEL
DUAL PURPOSE (COMMERCIAL),TOYOTA,HILUX REVO GR SPORT,THAILAND,DIESEL,2755.0,COLOMBO,RECONDITIONED,2025.0,5,,HILUX REVO GR SPORT
CAR,TOYO,5BA-KSP210 YARIS,JAPAN,PETROL,996.0,MATARA,RECONDITIONED,2022.0,1,5BA-KSP210,YARIS
CAR,TOYOTA,5BA-KSP210 YARIS,JAPAN,PETROL,996.0,GALLE,RECONDITIONED,2024.0,3,5BA-KSP210,YARIS
CAR,TOYOTA,3BA-TRJ150W,JAPAN,PETROL,2693.0,KANDY,RECONDITIONED,2023.0,2,3BA-TRJ150W,PRADO
CAR,HONDA,6AA-RV5 VEZEL,JAPAN,PETROL/ELE,1496.0,KURUNEGALA,RECONDITIONED,2024.0,10,6AA-RV5,VEZEL
SINGLE CAB,SUZUKI,3BD-DA16T CARRY,JAPAN,PETROL,658.0,COLOMBO,RECONDITIONED,2024.0,4,3BD-DA16T,CARRY
CAR,TOYOTA,3BA-NGX10 C-HR,JAPAN,PETROL,1196.0,GAMPAHA,RECONDITIONED,2023.0,2,3BA-NGX10,C-HR
CAR,TOYOTA,5AA-A202A RAIZE,JAPAN,ELECTRIC,78.0,COLOMBO,RECONDITIONED,2025.0,21,5AA-A202A,RAIZE
DUAL PURPOSE (COMMERCIAL),FORD,RANGER RAPTOR,THAILAND,DIESEL,1996.0,GAMPAHA,RECONDITIONED,2025.0,11,,RANGER RAPTOR
CAR,DAIHATSU,5BA-LA350S MIRA E .S,JAPAN,PETROL,658.0,TRINCOMALEE,RECONDITIONED,2023.0,1,5BA-LA350S,MIRA E .S
CAR,SUZUKI,5BA-MH85S  WAGON R,JAPAN,PETROL,658.0,COLOMBO,RECONDITIONED,2023.0,1,5BA-MH85S,WAGON R
CAR,TOYOTA,5AA-A202A RAIZE,JAPAN,PETROL/ELE,1196.0,KALUTARA,RECONDITIONED,2024.0,1,5AA-A202A,RAIZE
CAR,SUZUKI,5BA-MH85S WAGON R,JAPAN,PETROL,658.0,MATARA,RECONDITIONED,2024.0,3,5BA-MH85S,WAGON R
CAR,DAIHATSU,5AA-A202S ROCKY,JAPAN,ELECTRIC,78.0,MATARA,RECONDITIONED,2024.0,1,5AA-A202S,ROCKY
CAR,TOYOTA,YARIS CROSS,THAILAND,PETROL/ELE,1496.0,MATARA,RECONDITIONED,2025.0,2,,YARIS CROSS
CAR,MITSUBISHI,5AA-B34A EK SPACE,JAPAN,PETROL,658.0,GALLE,RECONDITIONED,2023.0,1,5AA-B34A,EK SPACE
CAR,HONDA,6AA-RV5 VEZEL,JAPAN,PETROL/ELE,1496.0,HAMBANTOTA,RECONDITIONED,2023.0,2,6AA-RV5,VEZEL
CAR,TOYOTA,5BA-A210A RAIZE,JAPAN,PETROL,1196.0,COLOMBO,RECONDITIONED,2025.0,1,5BA-A210A,RAIZE
CAR,NISSAN,3BA-DR17W  CLIPPER,JAPAN,PETROL,658.0,COLOMBO,RECONDITIONED,2024.0,1,3BA-DR17W,CLIPPER
CAR,SUZUKI,5BD-DA17V EVERY,JAPAN,PETROL,658.0,KALUTARA,RECONDITIONED,2024.0,5,5BD-DA17V,EVERY
CAR,DAIHATSU,5BA-M900STHOR,JAPAN,PETROL,996.0,BADULLA,RECONDITIONED,2024.0,1,5BA-M900STHOR,Unknown
CAR,SUZUKI,5BA-MH85S WAGON R,JAPAN,PETROL,656.0,AMPARA,RECONDITIONED,2024.0,1,5BA-MH85S,WAGON R
CAR,TOYOTA,3BA-A210A RAIZE,JAPAN,PETROL,996.0,GAMPAHA,RECONDITIONED,2025.0,9,3BA-A210A,RAIZE
CAR,SUZUKI,4AA-MH55S,JAPAN,PETROL,658.0,NUWARA-ELIYA,RECONDITIONED,2025.0,1,4AA-MH55S,Unknown
CAR,TOYOTA,6AA-ZWR90W VOXY,JAPAN,PETROL/ELE,1797.0,GAMPAHA,RECONDITIONED,2025.0,3,6AA-ZWR90W,VOXY
MOTOR CYCLE,HONDA,PCX160,JAPAN,PETROL,157.0,BATTICALOA,RECONDITIONED,2025.0,1,,PCX160
CAR,DAIHATSU,5BA-LA900S TAFT,JAPAN,PETROL,658.0,COLOMBO,RECONDITIONED,2023.0,9,5BA-LA900S,TAFT
CAR,HONDA,6BA-JF5 N BOX CUSTOM,JAPAN,PETROL,658.0,KALUTARA,RECONDITIONED,2025.0,1,6BA-JF5,N BOX CUSTOM
CAR,HONDA,6BA-JF3,JAPAN,PETROL,659.0,KALUTARA,RECONDITIONED,2022.0,1,6BA-JF3,N-BOX
MOTOR CYCLE,HONDA,PCX160,VIETNAM,PETROL,156.0,PUTTALAM,RECONDITIONED,2025.0,1,,PCX160
CAR,SUZUKI,3BD-DA17V EVERY,JAPAN,PETROL,658.0,KALUTARA,RECONDITIONED,2024.0,1,3BD-DA17V,EVERY
CAR,SUZUKI,5BA-MH85S WAGON R,JAPAN,PETROL,657.0,GAMPAHA,RECONDITIONED,2024.0,8,5BA-MH85S,WAGON R
CAR,SUZUKI,3BA-DA17W EVERY,JAPAN,PETROL,658.0,GAMPAHA,RECONDITIONED,2025.0,4,3BA-DA17W,EVERY
CAR,NISSAN,5AA-B44W DAYZ,JAPAN,PETROL,658.0,GAMPAHA,RECONDITIONED,2024.0,6,5AA-B44W,DAYZ
CAR,TOYOTA,3BF-TRH200V HIACE,JAPAN,PETROL,1998.0,HAMBANTOTA,RECONDITIONED,2025.0,1,3BF-TRH200V,HIACE
CAR,SUZUKI,3BA-HA37S ALTO,JAPAN,PETROL,658.0,MATALE,RECONDITIONED,2024.0,1,3BA-HA37S,ALTO
CAR,HONDA,6AA-RV5   VEZEL,JAPAN,PETROL/ELE,1496.0,COLOMBO,RECONDITIONED,2025.0,1,6AA-RV5,VEZEL
CAR,SUZUKI,5BA-DA17V EVERY,JAPAN,PETROL,658.0,COLOMBO,RECONDITIONED,2023.0,1,5BA-DA17V,EVERY
CAR,TOYOTA,5AA-A202A RAIZE,JAPAN,PETROL/ELE,78.0,MATARA,RECONDITIONED,2024.0,1,5AA-A202A,RAIZE
CAR,SUZUKI,4AA-MK54S SPACIA,JAPAN,PETROL,658.0,RATNAPURA,RECONDITIONED,2024.0,1,4AA-MK54S,SPACIA
CAR,SUZUKI,5BD-DA17V,JAPAN,PETROL,658.0,MATARA,RECONDITIONED,2023.0,1,5BD-DA17V,EVEVRY
CAR,SUZUKI,5BA-MH85S WAGON R,JAPAN,PETROL,656.0,MONERAGALA,RECONDITIONED,2024.0,1,5BA-MH85S,WAGON R
CAR,DAIHATSU,5BA-LA350S MIRA,JAPAN,PETROL,658.0,GALLE,RECONDITIONED,2024.0,2,5BA-LA350S,MIRA
CAR,TOYOTA,5BA-KSP210  YARIS,JAPAN,PETROL,996.0,KANDY,RECONDITIONED,2022.0,2,5BA-KSP210,YARIS
CAR,SUZUKI,3BA-DA17W  EVERY,JAPAN,PETROL,658.0,COLOMBO,RECONDITIONED,2023.0,2,3BA-DA17W,EVERY
CAR,DAIHATSU,5BA-LA350S,JAPAN,PETROL,658.0,COLOMBO,RECONDITIONED,2024.0,1,5BA-LA350S,"MIRA E,S"
CAR,TOYOTA,6BA-MXUA80,JAPAN,PETROL,1980.0,GAMPAHA,RECONDITIONED,2024.0,1,6BA-MXUA80,HARRIER Z
CAR,TOYOTA,5BA-A201A RAIZE,JAPAN,PETROL,1197.0,PUTTALAM,RECONDITIONED,2023.0,1,5BA-A201A,RAIZE
CAR,SUZUKI,3BA-JB64W,JAPAN,PETROL,650.0,COLOMBO,RECONDITIONED,2024.0,1,3BA-JB64W,JIMNY
CAR,DAIHATSU,5BA-LA350S MIRA,JAPAN,PETROL,656.0,GALLE,RECONDITIONED,2024.0,1,5BA-LA350S,MIRA
CAR,SUZUKI,5AA-MR92S HUSTLER,JAPAN,PETROL,658.0,COLOMBO,RECONDITIONED,2024.0,4,5AA-MR92S,HUSTLER
CAR,DAIHATSU,5BA-LA350S MIRA ES,JAPAN,PETROL,658.0,BADULLA,RECONDITIONED,2024.0,1,5BA-LA350S,MIRA ES
CAR,NISSAN,3BA-DR17W CLIPPER,JAPAN,PETROL,658.0,COLOMBO,RECONDITIONED,2025.0,2,3BA-DR17W,CLIPPER
CAR,HONDA,6AA-RV5 VEZEL,JAPAN,PETROL/ELE,1496.0,JAFFNA,RECONDITIONED,2025.0,4,6AA-RV5,VEZEL
CAR,SUZUKI,4AA-MK54S SPACIA,JAPAN,PETROL,658.0,GAMPAHA,RECONDITIONED,2023.0,2,4AA-MK54S,SPACIA
DUAL PURPOSE (COMMERCIAL),TOYOTA,HILUX REVO,THAILAND,DIESEL,2755.0,MATARA,RECONDITIONED,2025.0,1,,HILUX REVO
CAR,TOYOTA,3BA-VJA300W,JAPAN,PETROL,3444.0,COLOMBO,RECONDITIONED,2025.0,12,3BA-VJA300W,LC300
COMMERCIAL,TOYOTA,3DF-GDH223B HIACE,JAPAN,DIESEL,2754.0,KALUTARA,RECONDITIONED,2025.0,1,3DF-GDH223B,HIACE
CAR,SUZUKI,5AA-MK94S SPACIA,JAPAN,PETROL,658.0,COLOMBO,RECONDITIONED,2024.0,11,5AA-MK94S,SPACIA
CAR,TOYOTA,5BA-M700A PASSO,JAPAN,PETROL,998.0,KEGALLE,RECONDITIONED,2023.0,1,5BA-M700A,PASSO
CAR,TOYOTA,5BA-KSP210 YARIS,JAPAN,PETROL,996.0,PUTTALAM,RECONDITIONED,2022.0,2,5BA-KSP210,YARIS
DUAL PURPOSE (COMMERCIAL),TOYOTA,HILUX REVO ROCCO,THAILAND,DIESEL,2755.0,GALLE,RECONDITIONED,2025.0,2,,HILUX REVO ROCCO
CAR,NISSAN,ALMERA,THAILAND,PETROL,999.0,MONERAGALA,RECONDITIONED,2025.0,3,,ALMERA
CAR,TOYOTA,3BA-A210A RAIZE,JAPAN,PETROL,998.0,KANDY,RECONDITIONED,2023.0,1,3BA-A210A,RAIZE
CAR,TOYOTA,YARIS ATIV,THAILAND,PETROL,1197.0,JAFFNA,RECONDITIONED,2025.0,1,,YARIS ATIV
CAR,NISSAN,5BD-DR17V CLIPPER,JAPAN,PETROL,658.0,COLOMBO,RECONDITIONED,2024.0,12,5BD-DR17V,CLIPPER
CAR,TOYOTA,5AA-A202A RAIZE,JAPAN,PETROL/ELE,1196.0,PUTTALAM,RECONDITIONED,2024.0,1,5AA-A202A,RAIZE
MOTOR CYCLE,LIMA,LM1500 DT-68,CHINA,ELECTRIC,1.5,MATARA,RECONDITIONED,2025.0,1,,LM1500 DT-68
COMMERCIAL,TOYOTA,3DF-GDH223B HIACE,JAPAN,DIESEL,2754.0,KALUTARA,RECONDITIONED,2024.0,1,3DF-GDH223B,HIACE
CAR,TOYOTA,6BA-MXUA80 HARRIER,JAPAN,PETROL,1986.0,COLOMBO,RECONDITIONED,2023.0,2,6BA-MXUA80,HARRIER
CAR,SUZUKI,4AA-MK54S SPACIA,JAPAN,PETROL,658.0,COLOMBO,RECONDITIONED,2023.0,1,4AA-MK54S,SPACIA
CAR,MITSUBISHI,5BA-B33W EK WAGON,JAPAN,PETROL,658.0,KURUNEGALA,RECONDITIONED,2023.0,2,5BA-B33W,EK WAGON
CAR,SUZUKI,4AA-MH55S WAGON R,JAPAN,PETROL,658.0,KANDY,RECONDITIONED,2025.0,1,4AA-MH55S,WAGON R
CAR,SUZUKI,5AA-MH95S WAGON R,JAPAN,PETROL,658.0,KEGALLE,RECONDITIONED,2024.0,1,5AA-MH95S,WAGON R
CAR,DAIHATSU,5BA-LA360S MIRA E.S,JAPAN,PETROL,658.0,KANDY,RECONDITIONED,2025.0,1,5BA-LA360S,MIRA E.S
CAR,DAIHATSU,5BA-LA350S MIRA,JAPAN,PETROL,658.0,GAMPAHA,RECONDITIONED,2024.0,9,5BA-LA350S,MIRA
SINGLE CAB,SUZUKI,3BD-DA16T CARRY,JAPAN,PETROL,658.0,PUTTALAM,RECONDITIONED,2025.0,2,3BD-DA16T,CARRY
CAR,NISSAN,4AA-B45W DAYZ,JAPAN,PETROL,650.0,VAVUNIYA,RECONDITIONED,2023.0,1,4AA-B45W,DAYZ
CAR,NISSAN,5BA-B43W DAYZ,JAPAN,PETROL,658.0,POLONNARUWA,RECONDITIONED,2023.0,1,5BA-B43W,DAYZ
CAR,DAIHATSU,5BA-LA350S MIRA E S,JAPAN,PETROL,658.0,COLOMBO,RECONDITIONED,2023.0,1,5BA-LA350S,MIRA E S
CAR,DAIHATSU,5BA-LA900S TAFT,JAPAN,PETROL,656.0,KANDY,RECONDITIONED,2024.0,1,5BA-LA900S,TAFT
CAR,TOYOTA,3BA-TRJ250W,JAPAN,PETROL,2693.0,AMPARA,RECONDITIONED,2025.0,2,3BA-TRJ250W,VX
CAR,HONDA,6AA-RV VEZEL,JAPAN,PETROL/ELE,1496.0,COLOMBO,RECONDITIONED,2025.0,1,6AA-RV,VEZEL
CAR,HONDA,CITY RS VTEC,THAILAND,PETROL,988.0,KALUTARA,RECONDITIONED,2025.0,1,,CITY RS VTEC
MOTOR CYCLE,TAILG,TDS2459Z,CHINA,ELECTRIC,0.4,POLONNARUWA,RECONDITIONED,2025.0,1,,TDS2459Z
CAR,TOYOTA,5BA-KSP210 YARIS,JAPAN,PETROL,996.0,BATTICALOA,RECONDITIONED,2024.0,1,5BA-KSP210,YARIS
CAR,DAIHATSU,5BA-LA150S  MOVE,JAPAN,PETROL,658.0,MATALE,RECONDITIONED,2023.0,1,5BA-LA150S,MOVE
CAR,TOYOTA,5AA-A202A RAIZE,JAPAN,PETROL/ELE,1196.0,BATTICALOA,RECONDITIONED,2025.0,1,5AA-A202A,RAIZE
CAR,TOYOTA,5BA-M710A PASSO,JAPAN,PETROL,996.0,MATARA,RECONDITIONED,2023.0,1,5BA-M710A,PASSO
CAR,TOYOTA,5BA-MXPB10 YARIS,JAPAN,PETROL,1496.0,MULLATIVU,RECONDITIONED,2025.0,1,5BA-MXPB10,YARIS
CAR,DAIHATSU,5BA-LA350S MIRA E.S,JAPAN,PETROL,658.0,KEGALLE,RECONDITIONED,2024.0,1,5BA-LA350S,MIRA E.S
CAR,SUZUKI,5BA-MH85S WAGON R,JAPAN,PETROL,657.0,PUTTALAM,RECONDITIONED,2024.0,1,5BA-MH85S,WAGON R
CAR,TOYOTA,3BA-A210A RAIZE,JAPAN,PETROL,996.0,KEGALLE,RECONDITIONED,2023.0,3,3BA-A210A,RAIZE
CAR,TOYOTA,6AA-AAHH45W VELLFAIR,JAPAN,PETROL/ELE,2487.0,COLOMBO,RECONDITIONED,2025.0,1,6AA-AAHH45W,VELLFAIR
CAR,TOYOTA,YARIS ATIV,THAILAND,PETROL,1197.0,PUTTALAM,RECONDITIONED,2025.0,1,,YARIS ATIV
MOTOR LORRY (COMMERCIAL),ISUZU,TRG-NPR85AN ELF,JAPAN,DIESEL,2996.0,MATARA,RECONDITIONED,2017.0,1,TRG-NPR85AN,ELF
CAR,SUZUKI,5BA-MH85S WAGON R,JAPAN,PETROL,650.0,KANDY,RECONDITIONED,2025.0,1,5BA-MH85S,WAGON R
CAR,TOYOTA,5AA-A202A RAIZE,JAPAN,PETROL/ELE,1196.0,PUTTALAM,RECONDITIONED,2025.0,2,5AA-A202A,RAIZE
LAND VEHICLE (SMALL),KUBOTA,K8,JAPAN,DIESEL,508.0,HAMBANTOTA,RECONDITIONED,2018.0,1,,K8
LAND VEHICLE (SMALL),YANMAR,YC60,JAPAN,DIESEL,390.0,KANDY,RECONDITIONED,2018.0,1,,YC60
CAR,TOYOTA,5AA-A202A RAIZE,JAPAN,ELECTRIC,78.0,KANDY,RECONDITIONED,2022.0,2,5AA-A202A,RAIZE
CAR,DAIHATSU,5BA-LA350S MIRA,JAPAN,PETROL,656.0,COLOMBO,RECONDITIONED,2024.0,1,5BA-LA350S,MIRA
CAR,HONDA,6AA RV5 VEZEL,JAPAN,PETROL/ELE,1496.0,GAMPAHA,RECONDITIONED,2024.0,2,,6AA RV5 VEZEL
SINGLE CAB,SUZUKI,3BD-DA16T CARRY,JAPAN,PETROL,658.0,KEGALLE,RECONDITIONED,2024.0,1,3BD-DA16T,CARRY
CAR,DAIHATSU,5BA-LA650S TANT,JAPAN,PETROL,658.0,KANDY,RECONDITIONED,2023.0,1,5BA-LA650S,TANT
CAR,SUZUKI,5BA-MH85S WAGON R,JAPAN,PETROL,656.0,PUTTALAM,RECONDITIONED,2024.0,2,5BA-MH85S,WAGON R
CAR,HONDA,6AA-RV6 VEZEL,JAPAN,PETROL/ELE,1496.0,KEGALLE,RECONDITIONED,2025.0,1,6AA-RV6,VEZEL
MOTOR LORRY (COMMERCIAL),ISUZU,TPG-NPR85AN ELF,JAPAN,DIESEL,2990.0,COLOMBO,RECONDITIONED,2018.0,3,TPG-NPR85AN,ELF
CAR,DAIHATSU,5BA-LA350S  MIRA ES,JAPAN,PETROL,658.0,MATARA,RECONDITIONED,2023.0,1,5BA-LA350S,MIRA ES
CAR,NISSAN,6AA-E13 NOTE,JAPAN,ELECTRIC,85.0,GAMPAHA,RECONDITIONED,2023.0,1,6AA-E13,NOTE
CAR,SUZUKI,4AA-MN71S X BEE,JAPAN,PETROL,960.0,COLOMBO,RECONDITIONED,2023.0,1,4AA-MN71S,X BEE
CAR,TOYOTA,5BA-MZEA17 COROLLA,JAPAN,PETROL,1490.0,KURUNEGALA,RECONDITIONED,2024.0,1,5BA-MZEA17,COROLLA
CAR,TOYOTA,3BA-TRJ150W,JAPAN,PETROL,2693.0,PUTTALAM,RECONDITIONED,2023.0,1,3BA-TRJ150W,PRADO
CAR,HONDA,6BA-JF3  N BOX,JAPAN,PETROL,658.0,KURUNEGALA,RECONDITIONED,2023.0,1,6BA-JF3,N BOX
CAR,SUZUKI,5AA-MH95S,JAPAN,PETROL,658.0,MATARA,RECONDITIONED,2023.0,1,5AA-MH95S,WGON R
CAR,NISSAN,5BD-DR17V CLIPPER,JAPAN,PETROL,658.0,GALLE,RECONDITIONED,2024.0,2,5BD-DR17V,CLIPPER
CAR,TOYOTA,5AA-A202A,JAPAN,PETROL/ELE,78.0,GALLE,RECONDITIONED,2025.0,1,5AA-A202A,RAISE
CAR,HONDA,6AA-RV5  VEZEL,JAPAN,PETROL/ELE,1496.0,GALLE,RECONDITIONED,2025.0,3,6AA-RV5,VEZEL
CAR,SUZUKI,5AA-ZCEDS SWIFT,JAPAN,PETROL/ELE,1196.0,GAMPAHA,RECONDITIONED,2024.0,1,5AA-ZCEDS,SWIFT
CAR,SUZUKI,5BD-DA17V EVERY,JAPAN,PETROL,658.0,COLOMBO,RECONDITIONED,2022.0,2,5BD-DA17V,EVERY
CAR,TOYOTA,5BA-KSP210  YARIS,JAPAN,PETROL,996.0,MONERAGALA,RECONDITIONED,2023.0,1,5BA-KSP210,YARIS
CAR,DAIHATSU,5AA-A202S ROCKY,JAPAN,ELECTRIC,78.0,COLOMBO,RECONDITIONED,2022.0,1,5AA-A202S,ROCKY
CAR,TOYOTA,3.DA-GDJ76W,JAPAN,DIESEL,2754.0,KURUNEGALA,RECONDITIONED,2025.0,1,,3.DA-GDJ76W
CAR,PEUGEOT,5008 GT PREMIUM,AUSTRALIA,PETROL/ELE,1199.0,MATARA,RECONDITIONED,2025.0,1,,5008 GT PREMIUM
CAR,NISSAN,3BA-DR17W NV100,JAPAN,PETROL,658.0,COLOMBO,RECONDITIONED,2023.0,1,3BA-DR17W,NV100
CAR,NISSAN,ALMERA EL,THAILAND,PETROL,999.0,KURUNEGALA,RECONDITIONED,2025.0,1,,ALMERA EL
CAR,TOYOTA,4BA-M900A ROOMY,JAPAN,PETROL,996.0,GAMPAHA,RECONDITIONED,2025.0,2,4BA-M900A,ROOMY
CAR,HONDA,6AA-RV5 VEZEL,JAPAN,PETROL/ELE,1490.0,KANDY,RECONDITIONED,2024.0,1,6AA-RV5,VEZEL
COMMERCIAL,YUTONG,ZK6116HT61,CHINA,DIESEL,6234.0,COLOMBO,RECONDITIONED,2023.0,1,,ZK6116HT61
CAR,LAND ROVER,RANGE ROVER,UNITED KINGDOM,PETROL/ELE,1498.0,COLOMBO,RECONDITIONED,2025.0,1,,RANGE ROVER
CAR,SUZUKI,5BA-MH85S WAGON R,JAPAN,PETROL,658.0,VAVUNIYA,RECONDITIONED,2023.0,1,5BA-MH85S,WAGON R
CAR,TOYOTA,6AA-MXPJ15 YARIS,JAPAN,PETROL/ELE,1496.0,GAMPAHA,RECONDITIONED,2023.0,1,6AA-MXPJ15,YARIS
MOTOR CYCLE,HONDA,ADV-160,JAPAN,PETROL,157.0,ANURADHAPURA,RECONDITIONED,2025.0,1,ADV-160,Unknown
CAR,SUZUKI,5BA-MH85S WAGON R,JAPAN,PETROL,658.0,JAFFNA,RECONDITIONED,2025.0,1,5BA-MH85S,WAGON R
CAR,HONDA,CITY RS,THAILAND,PETROL,988.0,MONERAGALA,RECONDITIONED,2025.0,1,,CITY RS
CAR,HONDA,6AA RV5 VEZEL,JAPAN,PETROL/ELE,1496.0,TRINCOMALEE,RECONDITIONED,2025.0,1,,6AA RV5 VEZEL
CAR,TOYOTA,5AA-A202A RAIZE,JAPAN,PETROL/ELE,78.0,KEGALLE,RECONDITIONED,2025.0,3,5AA-A202A,RAIZE
SINGLE CAB,SUZUKI,3BD-DA16T CARRY,JAPAN,PETROL,656.0,GAMPAHA,RECONDITIONED,2024.0,1,3BD-DA16T,CARRY
CAR,SUZUKI,5AA-HA97S,JAPAN,PETROL,658.0,KANDY,RECONDITIONED,2023.0,1,5AA-HA97S,Unknown
CAR,TOYOTA,5BA-M900A ROOMY,JAPAN,PETROL,996.0,AMPARA,RECONDITIONED,2023.0,2,5BA-M900A,ROOMY
CAR,DAIHATSU,5BA-LA900S TAFT,JAPAN,PETROL,656.0,RATNAPURA,RECONDITIONED,2023.0,1,5BA-LA900S,TAFT
CAR,MAZDA,5BD-DG17V SCRUM,JAPAN,PETROL,658.0,COLOMBO,RECONDITIONED,2025.0,1,5BD-DG17V,SCRUM
CAR,TOYOTA,6AA-NKE165G COROLLA,JAPAN,PETROL/ELE,1496.0,GALLE,RECONDITIONED,2023.0,1,6AA-NKE165G,COROLLA
CAR,HONDA,6AA RV5 VEZEL,JAPAN,PETROL/ELE,1496.0,KALUTARA,RECONDITIONED,2023.0,4,,6AA RV5 VEZEL
CAR,SUZUKI,3BA-DA17W EVERY,JAPAN,PETROL,658.0,MATALE,RECONDITIONED,2024.0,1,3BA-DA17W,EVERY
CAR,TOYOTA,5AA-A202A RAIZE,JAPAN,ELECTRIC,78.0,ANURADHAPURA,RECONDITIONED,2022.0,1,5AA-A202A,RAIZE
DUAL PURPOSE (COMMERCIAL),TOYOTA,HILUX REVO ROKKO,THAILAND,DIESEL,2755.0,COLOMBO,RECONDITIONED,2025.0,1,,HILUX REVO ROKKO
CAR,TOYOTA,3BA-TRJ150W,JAPAN,PETROL,2693.0,KEGALLE,RECONDITIONED,2023.0,1,3BA-TRJ150W,PRADO
CAR,TOYOTA,5BA-LA350A PIXIS,JAPAN,PETROL,658.0,KURUNEGALA,RECONDITIONED,2025.0,1,5BA-LA350A,PIXIS
CAR,SUZUKI,3BA-DA17W EVERY,JAPAN,PETROL,658.0,KALUTARA,RECONDITIONED,2025.0,2,3BA-DA17W,EVERY
CAR,DAIHATSU,5BA-LA350S MIRA ES,JAPAN,PETROL,658.0,KEGALLE,RECONDITIONED,2022.0,1,5BA-LA350S,MIRA ES
CAR,SUZUKI,5BD-DA17V EVERY,JAPAN,PETROL,656.0,KALUTARA,RECONDITIONED,2024.0,1,5BD-DA17V,EVERY
CAR,TOYOTA,6AA-ZVG13 COROLLA,JAPAN,PETROL/ELE,1797.0,COLOMBO,RECONDITIONED,2025.0,9,6AA-ZVG13,COROLLA
CAR,DAIHATSU,5BA-M900S THOR,JAPAN,PETROL,996.0,KANDY,RECONDITIONED,2023.0,1,5BA-M900S,THOR
CAR,SUZUKI,5AA-MX91S WAGON R,JAPAN,PETROL,658.0,GAMPAHA,RECONDITIONED,2023.0,1,5AA-MX91S,WAGON R
CAR,TOYOTA,5BA-M900A ROOMY,JAPAN,PETROL,996.0,HAMBANTOTA,RECONDITIONED,2023.0,1,5BA-M900A,ROOMY
CAR,SUZUKI,4AA-MH55S WAGON R,JAPAN,PETROL,658.0,GALLE,RECONDITIONED,2024.0,1,4AA-MH55S,WAGON R
CAR,DAIHATSU,5BA-LA360S MIRA,JAPAN,PETROL,658.0,VAVUNIYA,RECONDITIONED,2024.0,1,5BA-LA360S,MIRA
CAR,HONDA,CITY RS TURBO,THAILAND,PETROL,988.0,AMPARA,RECONDITIONED,2025.0,1,,CITY RS TURBO
CAR,SUZUKI,3BA-DA17W EVERY,JAPAN,PETROL,650.0,KALUTARA,RECONDITIONED,2024.0,1,3BA-DA17W,EVERY
CAR,VOLKSWAGEN,3BA-AWDLA POLO TSI,GERMANY,PETROL,998.0,COLOMBO,RECONDITIONED,2023.0,1,3BA-AWDLA,POLO TSI
CAR,TOYOTA,3BA-A210A RAIZE,JAPAN,PETROL,996.0,MONERAGALA,RECONDITIONED,2024.0,1,3BA-A210A,RAIZE
SINGLE CAB,SUZUKI,3BD-DA16T CARRY,JAPAN,PETROL,657.0,KURUNEGALA,RECONDITIONED,2022.0,1,3BD-DA16T,CARRY
CAR,TOYOTA,6AA-MXPJ10 YARIS,JAPAN,PETROL/ELE,1496.0,KANDY,RECONDITIONED,2024.0,1,6AA-MXPJ10,YARIS
CAR,TOYOTA,3BA-A210A RAIZE,JAPAN,PETROL,990.0,GALLE,RECONDITIONED,2025.0,1,3BA-A210A,RAIZE
CAR,SUZUKI,5AA-MH95S WAGON R,JAPAN,PETROL,658.0,BADULLA,RECONDITIONED,2023.0,1,5AA-MH95S,WAGON R
CAR,TOYOTA,5BA-KSP210  YARIS,JAPAN,PETROL,996.0,MATARA,RECONDITIONED,2025.0,1,5BA-KSP210,YARIS
CAR,TOYOTA,6AA-ZVG13 COROLLA,JAPAN,PETROL/ELE,1797.0,GAMPAHA,RECONDITIONED,2025.0,1,6AA-ZVG13,COROLLA
CAR,SUZUKI,5BA-MH85S WAGON R,JAPAN,PETROL,650.0,BATTICALOA,RECONDITIONED,2024.0,1,5BA-MH85S,WAGON R
CAR,DAIHATSU,5BA-LA360S MIRA,JAPAN,PETROL,658.0,BADULLA,RECONDITIONED,2023.0,1,5BA-LA360S,MIRA
CAR,DAIHATSU,5BA-LA350S MIRA E. S,JAPAN,PETROL,658.0,COLOMBO,RECONDITIONED,2025.0,1,5BA-LA350S,MIRA E. S
CAR,TOYOTA,3DA-GDJ250W,JAPAN,DIESEL,2754.0,COLOMBO,RECONDITIONED,2024.0,1,3DA-GDJ250W,LCRUISER
CAR,SUZUKI,4AA-MK54S  SPACIA,JAPAN,PETROL,658.0,KANDY,RECONDITIONED,2024.0,1,4AA-MK54S,SPACIA
CAR,TOYOTA,YARIS CROSS,THAILAND,PETROL/ELE,1496.0,KALUTARA,RECONDITIONED,2025.0,3,,YARIS CROSS
MOTOR CYCLE,HONDA,PCX125,JAPAN,PETROL,124.0,BADULLA,RECONDITIONED,2025.0,1,,PCX125
CAR,TOYOTA,5BA-A201A RAIZE,JAPAN,PETROL,1198.0,GAMPAHA,RECONDITIONED,2024.0,2,5BA-A201A,RAIZE
MOTOR LORRY (COMMERCIAL),ISUZU,2PG-FRR90T2 FORWARD,JAPAN,DIESEL,5190.0,COLOMBO,RECONDITIONED,2018.0,1,2PG-FRR90T2,FORWARD
CAR,SUZUKI,4AA-MK54S SPACIA,JAPAN,PETROL,658.0,GAMPAHA,RECONDITIONED,2025.0,1,4AA-MK54S,SPACIA
CAR,SUZUKI,5AA-MH95S,JAPAN,PETROL,657.0,GAMPAHA,RECONDITIONED,2025.0,3,5AA-MH95S,WGON R
CAR,NISSAN,5AA-B44W DAYZ,JAPAN,PETROL,656.0,COLOMBO,RECONDITIONED,2023.0,1,5AA-B44W,DAYZ
DUAL PURPOSE (COMMERCIAL),TOYOTA,HILUX REVO,THAILAND,DIESEL,2755.0,POLONNARUWA,RECONDITIONED,2025.0,1,,HILUX REVO
CAR,SUZUKI,5AA-MH95S WAGON R,JAPAN,PETROL,657.0,MATARA,RECONDITIONED,2025.0,1,5AA-MH95S,WAGON R
CAR,DAIHATSU,5AA-A202S ROCKY,JAPAN,PETROL/ELE,78.0,KALUTARA,RECONDITIONED,2024.0,1,5AA-A202S,ROCKY
CAR,SUZUKI,3BA-JB64W JIMNY,JAPAN,PETROL,658.0,PUTTALAM,RECONDITIONED,2025.0,1,3BA-JB64W,JIMNY
CAR,TOYOTA,6AA-ZWR90W VOXY,JAPAN,PETROL/ELE,1797.0,KANDY,RECONDITIONED,2024.0,1,6AA-ZWR90W,VOXY
CAR,TOYOTA,6AA-MXPK11 AQUA,JAPAN,PETROL/ELE,1496.0,KEGALLE,RECONDITIONED,2023.0,1,6AA-MXPK11,AQUA
CAR,TOYOTA,5BA-M900A  ROOMY,JAPAN,PETROL,996.0,GAMPAHA,RECONDITIONED,2022.0,1,5BA-M900A,ROOMY
CAR,HONDA,5BA-RZ3  ZR-V,JAPAN,PETROL,1496.0,COLOMBO,RECONDITIONED,2024.0,1,5BA-RZ3,ZR-V
CAR,HONDA,6AA-RV5 VEZEL,JAPAN,PETROL/ELE,1490.0,RATNAPURA,RECONDITIONED,2025.0,1,6AA-RV5,VEZEL
CAR,MAZDA,5AA-MS92S,JAPAN,PETROL,658.0,COLOMBO,RECONDITIONED,2023.0,1,5AA-MS92S,Unknown
CAR,DAIHATSU,5BA-M910S,JAPAN,PETROL,996.0,COLOMBO,RECONDITIONED,2023.0,1,5BA-M910S,Unknown
CAR,NISSAN,5BD-DR17V CLIPPER,JAPAN,PETROL,658.0,GAMPAHA,RECONDITIONED,2025.0,1,5BD-DR17V,CLIPPER
CAR,SUZUKI,3BA-DA17VW EVERY,JAPAN,PETROL,658.0,KEGALLE,RECONDITIONED,2023.0,1,3BA-DA17VW,EVERY
CAR,NISSAN,5BD-DR17V  CLIPPER,JAPAN,PETROL,658.0,GALLE,RECONDITIONED,2024.0,1,5BD-DR17V,CLIPPER
CAR,KIA,SONET,INDIA,PETROL,998.0,KURUNEGALA,RECONDITIONED,2025.0,1,,SONET
CAR,NISSAN,5AA-B44A ROOX,JAPAN,PETROL,656.0,GAMPAHA,RECONDITIONED,2023.0,1,5AA-B44A,ROOX
CAR,MERCEDES BENZ,GLB200 AMG,UNITED KINGDOM,PETROL,1332.0,COLOMBO,RECONDITIONED,2025.0,1,,GLB200 AMG
CAR,SUZUKI,5AA-MK94S,JAPAN,PETROL,657.0,GAMPAHA,RECONDITIONED,2025.0,1,5AA-MK94S,SPECIA
LAND VEHICLE (SMALL),KUBOJA,K7,JAPAN,DIESEL,401.0,HAMBANTOTA,RECONDITIONED,2016.0,1,,K7
CAR,TOYOTA,6AA-MXPJ10   YARIS,JAPAN,PETROL/ELE,1496.0,KURUNEGALA,RECONDITIONED,2023.0,1,6AA-MXPJ10,YARIS
CAR,TOYOTA,5BA-M900A ROOMY,JAPAN,PETROL,996.0,JAFFNA,RECONDITIONED,2023.0,1,5BA-M900A,ROOMY
CAR,HONDA,6AA-RV5 VEZEL,JAPAN,PETROL/ELE,1496.0,KILINOCHCHI,RECONDITIONED,2025.0,1,6AA-RV5,VEZEL
DUAL PURPOSE (COMMERCIAL),FORD,RANGER RAPTOR,THAILAND,DIESEL,1996.0,JAFFNA,RECONDITIONED,2025.0,1,,RANGER RAPTOR
CAR,SUZUKI,5BA-MH85SWAGON R,JAPAN,PETROL,658.0,HAMBANTOTA,RECONDITIONED,2024.0,1,5BA-MH85SWAGON,R
CAR,DAIHATSU,5BA-M700S BOON,JAPAN,PETROL,996.0,COLOMBO,RECONDITIONED,2022.0,1,5BA-M700S,BOON
CAR,NISSAN,5BA-B43W DAYZ,JAPAN,PETROL,658.0,COLOMBO,RECONDITIONED,2024.0,2,5BA-B43W,DAYZ
CAR,TOYOTA,5BA M900A ROOMY,JAPAN,PETROL,996.0,BADULLA,RECONDITIONED,2024.0,1,,5BA M900A ROOMY
CAR,NISSAN,5BA-B43W,JAPAN,PETROL,658.0,PUTTALAM,RECONDITIONED,2023.0,1,5BA-B43W,DAYZ
CAR,TOYOTA,URBAN CRUISER TAISOR,INDIA,PETROL,998.0,GALLE,RECONDITIONED,2024.0,1,,URBAN CRUISER TAISOR
CAR,NISSAN,4AA-B48W DAYZ,JAPAN,PETROL,658.0,BADULLA,RECONDITIONED,2023.0,1,4AA-B48W,DAYZ
CAR,TOYOTA,6AA-MXPJ10 YARIS,JAPAN,PETROL/ELE,1490.0,KALUTARA,RECONDITIONED,2024.0,1,6AA-MXPJ10,YARIS
CAR,TOYOTA,3BA-A210A RAIZE,JAPAN,PETROL,990.0,COLOMBO,RECONDITIONED,2024.0,1,3BA-A210A,RAIZE
CAR,HONDA,6BA-JF3 N BOX CUSTOM,JAPAN,PETROL,658.0,KALUTARA,RECONDITIONED,2023.0,1,6BA-JF3,N BOX CUSTOM
CAR,SUZUKI,3BD-DA17V EVERY,JAPAN,PETROL,658.0,GAMPAHA,RECONDITIONED,2025.0,1,3BD-DA17V,EVERY
MOTOR LORRY (COMMERCIAL),ISUZU,TRG-NKR85N ELF,JAPAN,DIESEL,2990.0,COLOMBO,RECONDITIONED,2015.0,1,TRG-NKR85N,ELF
DUAL PURPOSE (COMMERCIAL),FORD,RAPTOR,THAILAND,PETROL,2956.0,MATALE,RECONDITIONED,2025.0,1,,RAPTOR
CAR,BENTLEY,FLYING SPUR,UNITED KINGDOM,PETROL/ELE,2894.0,COLOMBO,RECONDITIONED,2023.0,1,,FLYING SPUR
MOTOR CYCLE,HONDA,PCX,JAPAN,PETROL,157.0,COLOMBO,RECONDITIONED,2025.0,2,,PCX
CAR,LAMBORGHINI,7BA-ZLDWN URUS,ITALY,PETROL,3999.0,COLOMBO,RECONDITIONED,2024.0,1,7BA-ZLDWN,URUS
MOTOR CYCLE,HONDA,ADV 160,JAPAN,PETROL,157.0,KALUTARA,RECONDITIONED,2025.0,1,,ADV 160
CAR,SUZUKI,5BA-MH85S WAGON R,JAPAN,PETROL,658.0,KURUNEGALA,RECONDITIONED,2025.0,1,5BA-MH85S,WAGON R
CAR,LAND ROVER,DEFENDER 110 SE,UNITED KINGDOM,PETROL/ELE,1997.0,GAMPAHA,RECONDITIONED,2025.0,1,,DEFENDER 110 SE
CAR,MAZDA,3BD-DG17V SCRUM,JAPAN,PETROL,658.0,KURUNEGALA,RECONDITIONED,2023.0,1,3BD-DG17V,SCRUM
CAR,DAIHATSU,5AA-A202S ROCKY,JAPAN,ELECTRIC,78.0,PUTTALAM,RECONDITIONED,2024.0,1,5AA-A202S,ROCKY
CAR,SUZUKI,3BA-DA17W EVERY,JAPAN,PETROL,658.0,GAMPAHA,RECONDITIONED,2023.0,1,3BA-DA17W,EVERY
CAR,TOYOTA,VELOZ PREMIUM,THAILAND,PETROL,1496.0,AMPARA,RECONDITIONED,2025.0,1,,VELOZ PREMIUM
LAND VEHICLE (SMALL),KUBOTA,K550,JAPAN,DIESEL,375.0,HAMBANTOTA,RECONDITIONED,2016.0,1,,K550
CAR,TOYOTA,5BA-M900A ROOMY,JAPAN,PETROL,996.0,MONERAGALA,RECONDITIONED,2022.0,1,5BA-M900A,ROOMY
CAR,TOYOTA,3BA-A210A,JAPAN,PETROL,998.0,GAMPAHA,RECONDITIONED,2022.0,1,3BA-A210A,Unknown
CAR,SUZUKI,5AA-MR92S HUSTLER,JAPAN,PETROL,658.0,GALLE,RECONDITIONED,2023.0,1,5AA-MR92S,HUSTLER
CAR,KIA,SONET G1.OT 7DCT GTX,INDIA,PETROL,998.0,KALUTARA,RECONDITIONED,2025.0,1,,SONET G1.OT 7DCT GTX
CAR,VOLKSWAGEN,3BA-C1DKR T CROSS,GERMANY,PETROL,996.0,COLOMBO,RECONDITIONED,2023.0,1,3BA-C1DKR,T CROSS
CAR,TOYOTA,5BA-MZEA17 COROLLA,JAPAN,PETROL,1490.0,KALUTARA,RECONDITIONED,2023.0,1,5BA-MZEA17,COROLLA
CAR,NISSAN,5BD-DR17V CLIPPER,JAPAN,PETROL,658.0,JAFFNA,RECONDITIONED,2023.0,1,5BD-DR17V,CLIPPER
MOTOR CYCLE,CHENXIAN,H8,CHINA,PETROL,0.4,COLOMBO,NEW,2025.0,1,,H8
MOTOR CYCLE,RISE,LEADER V 2.0,SRI LANKA,ELECTRIC,1.2,KURUNEGALA,BRAND NEW-L/MANUFACT,2025.0,2,,LEADER V 2.0
MOTOR CYCLE,RISE,LEADER V 2.0,SRI LANKA,ELECTRIC,1.2,MULLATIVU,BRAND NEW-L/MANUFACT,2025.0,1,,LEADER V 2.0
MOTOR CYCLE,RISE,LEADER V 2.0,SRI LANKA,ELECTRIC,1.2,MATALE,BRAND NEW-L/MANUFACT,2025.0,2,,LEADER V 2.0
THREE WHEELER,ELEKTRATEQ,ETX,SRI LANKA,ELECTRIC,5.0,PUTTALAM,BRAND NEW-L/MANUFACT,2025.0,1,,ETX
MOTOR CYCLE,RISE,LEADER V 2.0,SRI LANKA,ELECTRIC,1.2,HAMBANTOTA,BRAND NEW-L/MANUFACT,2025.0,2,,LEADER V 2.0
TRACTOR TRAILER/BOWSER,LOCALLY BUILT,TRACTOR TRAILER,SRI LANKA,NOT STATED,0.0,POLONNARUWA,LOCALLY BUILT,2025.0,6,,TRACTOR TRAILER
TRACTOR TRAILER/BOWSER,SACHINTHA,TRAILER BOWSER,SRI LANKA,NOT STATED,0.0,KURUNEGALA,LOCALLY BUILT,2024.0,1,,TRAILER BOWSER
TRACTOR TRAILER/BOWSER,SACHINTHA,TRAILER BOWSER,SRI LANKA,NOT STATED,0.0,COLOMBO,LOCALLY BUILT,2024.0,1,,TRAILER BOWSER
TRACTOR TRAILER/BOWSER,LOCALLY BUILT,TRACTOR  TRAILER,SRI LANKA,NOT STATED,0.0,JAFFNA,LOCALLY BUILT,2025.0,17,,TRACTOR  TRAILER
LORRY TRAILER/BOWSER,LOCALLY BUILT,TRAILER,SRI LANKA,NOT STATED,0.0,KANDY,LOCALLY BUILT,2025.0,1,,TRAILER
TRACTOR TRAILER/BOWSER,LOCALLY BUILT,TRACTOR  TRAILER,SRI LANKA,NOT STATED,0.0,MULLATIVU,LOCALLY BUILT,2025.0,5,,TRACTOR  TRAILER
MOTOR CYCLE,AIMA,Q613,CHINA,ELECTRIC,1.0,PUTTALAM,BOUGHT FROM AUCTION,2023.0,1,,Q613
THREE WHEELER,BAJAJ,RE 4S AUTORICKSHAW,INDIA,PETROL,237.0,COLOMBO,LOCALLY BUILT,2025.0,1,,RE 4S AUTORICKSHAW
MOTOR CYCLE,TVS,TVS RAIDER 125,INDIA,PETROL,124.66,NUWARA-ELIYA,BRAND NEW,2025.0,21,,TVS RAIDER 125
MOTOR CYCLE,TVS,TVS NTORQ 125 CC,INDIA,PETROL,124.8,COLOMBO,BRAND NEW,2025.0,512,,TVS NTORQ 125 CC
MOTOR CYCLE,TVS,IQUBE,INDIA,ELECTRIC,3.34,COLOMBO,BRAND NEW,2025.0,43,,IQUBE
MOTOR CYCLE,TVS,IQUBE,INDIA,ELECTRIC,3.34,TRINCOMALEE,BRAND NEW,2025.0,4,,IQUBE
MOTOR CYCLE,TVS,TVS RAIDER 125,INDIA,PETROL,124.66,GALLE,BRAND NEW,2025.0,46,,TVS RAIDER 125
MOTOR CYCLE,YAMAHA,RAY ZRSTREETRALLY125,INDIA,PETROL,125.0,MANNAR,BRAND NEW,2025.0,9,,RAY ZRSTREETRALLY125
MOTOR CYCLE,YAMAHA,RAY ZRSTREETRALLY125,INDIA,PETROL,125.0,GALLE,BRAND NEW,2025.0,8,,RAY ZRSTREETRALLY125
MOTOR CYCLE,TVS,TVS RAIDER 125,INDIA,PETROL,124.66,BADULLA,BRAND NEW,2025.0,26,,TVS RAIDER 125
THREE WHEELER,TVS,KING,INDIA,PETROL,199.26,JAFFNA,BRAND NEW,2025.0,24,,KING
MOTOR CYCLE,YAMAHA,RAY ZR 125,INDIA,PETROL,125.0,COLOMBO,BRAND NEW,2025.0,38,,RAY ZR 125
MOTOR CYCLE,YAMAHA,FZ S FI VER 4.0,INDIA,PETROL,149.0,KALUTARA,BRAND NEW,2025.0,24,,FZ S FI VER 4.0
MOTOR CYCLE,YAMAHA,RAY ZR,INDIA,PETROL,113.0,GALLE,BRAND NEW,2025.0,5,,RAY ZR
MOTOR CYCLE,YAMAHA,RAY ZR 125,INDIA,PETROL,125.0,MATALE,BRAND NEW,2025.0,7,,RAY ZR 125
MOTOR CYCLE,YAMAHA,FZ  VER 2.0,INDIA,PETROL,149.0,MATARA,BRAND NEW,2025.0,5,,FZ  VER 2.0
MOTOR CYCLE,YAMAHA,RAY ZR,INDIA,PETROL,113.0,MONERAGALA,BRAND NEW,2025.0,5,,RAY ZR
MOTOR CYCLE,YAMAHA,FZ  VER 2.0,INDIA,PETROL,149.0,PUTTALAM,BRAND NEW,2025.0,10,,FZ  VER 2.0
MOTOR CYCLE,YAMAHA,RAY ZRSTREETRALLY125,INDIA,PETROL,125.0,JAFFNA,BRAND NEW,2025.0,9,,RAY ZRSTREETRALLY125
MOTOR CYCLE,YAMAHA,RAY ZR,INDIA,PETROL,113.0,MANNAR,BRAND NEW,2025.0,3,,RAY ZR
SINGLE CAB,MAHINDRA,BOLERO CITY PICKUP,INDIA,DIESEL,2523.0,MANNAR,BRAND NEW,2025.0,4,,BOLERO CITY PICKUP
MOTOR CYCLE,HONDA,DIO STD,INDIA,PETROL,109.0,GAMPAHA,BRAND NEW,2025.0,316,,DIO STD
MOTOR CYCLE,HONDA,DIO DLX,INDIA,PETROL,109.0,POLONNARUWA,BRAND NEW,2025.0,28,,DIO DLX
MOTOR CYCLE,HONDA,DIO STD,INDIA,PETROL,109.0,PUTTALAM,BRAND NEW,2025.0,95,,DIO STD
CAR,BYD,ATTO-3-SUPERIOR,CHINA,ELECTRIC,100.0,COLOMBO,BRAND NEW,2025.0,2,ATTO-3-SUPERIOR,Unknown
CAR,BYD,ATTO3-ADVANCED,CHINA,ELECTRIC,100.0,GALLE,BRAND NEW,2025.0,1,ATTO3-ADVANCED,Unknown
MOTOR CYCLE,BAJAJ,PULSAR N 160,INDIA,PETROL,164.32,KALUTARA,BRAND NEW,2025.0,106,,PULSAR N 160
MOTOR CYCLE,BAJAJ,PULSAR NS 200,INDIA,PETROL,199.5,JAFFNA,BRAND NEW,2025.0,123,,PULSAR NS 200
CAR,KIA,SONET,INDIA,PETROL,998.0,GAMPAHA,BRAND NEW,2025.0,12,,SONET
COMMERCIAL,TOYOTA,KDH223R-LEMDYT HIACE,JAPAN,DIESEL,2982.0,KURUNEGALA,BRAND NEW,2025.0,6,,KDH223R-LEMDYT HIACE
CAR,NISSAN,MAGNITE ACENTA BR10,INDIA,PETROL,999.0,KALUTARA,BRAND NEW,2025.0,10,,MAGNITE ACENTA BR10
LAND VEHICLE,YANMAR,YM358R,THAILAND,DIESEL,3319.0,PUTTALAM,BRAND NEW,2025.0,2,,YM358R
CAR,NISSAN,MAGNITE TEKNA PLUS,INDIA,PETROL,999.0,KANDY,BRAND NEW,2025.0,16,,MAGNITE TEKNA PLUS
THREE WHEELER,BAJAJ,RE 4S AUTORICKSHAW,INDIA,PETROL,237.0,POLONNARUWA,BRAND NEW,2025.0,39,,RE 4S AUTORICKSHAW
CAR,NISSAN,MAGNITE ACENTA BR10,INDIA,PETROL,999.0,KURUNEGALA,BRAND NEW,2025.0,9,,MAGNITE ACENTA BR10
MOTOR CYCLE,HERO,HUNK 160,INDIA,PETROL,163.14,MATARA,BRAND NEW,2025.0,31,,HUNK 160
MOTOR CYCLE,HERO,HUNK 160,INDIA,PETROL,163.14,AMPARA,BRAND NEW,2025.0,29,,HUNK 160
MOTOR CYCLE,HERO,XOOM-110,INDIA,PETROL,110.9,MATARA,BRAND NEW,2025.0,97,XOOM-110,Unknown
LAND VEHICLE,TAFE,45DI,INDIA,DIESEL,2700.0,MATALE,BRAND NEW,2025.0,2,,45DI
CAR,NISSAN,MAGNITE ACENTA BR10,INDIA,PETROL,999.0,GAMPAHA,BRAND NEW,2025.0,34,,MAGNITE ACENTA BR10
MOTOR LORRY (COMMERCIAL),ISUZU,NQR75U-KN5VAYN,JAPAN,DIESEL,5193.0,KANDY,BRAND NEW,2025.0,1,,NQR75U-KN5VAYN
LAND VEHICLE,KUBOTA,L 4508,JAPAN,DIESEL,2197.0,POLONNARUWA,BRAND NEW,2025.0,15,,L 4508
CAR,LAND ROVER,DEFENDER,UNITED KINGDOM,PETROL/ELE,2000.0,COLOMBO,BRAND NEW,2025.0,5,,DEFENDER
MOTOR CYCLE,HERO,XOOM-110,INDIA,PETROL,110.9,KANDY,BRAND NEW,2025.0,72,XOOM-110,Unknown
MOTOR CYCLE,YAMAHA,RAY ZRSTREETRALLY125,INDIA,PETROL,125.0,KANDY,BRAND NEW,2025.0,15,,RAY ZRSTREETRALLY125
MOTOR CYCLE,YAMAHA,MT 15 VER 2.0,INDIA,PETROL,155.0,KEGALLE,BRAND NEW,2025.0,4,,MT 15 VER 2.0
MOTOR CYCLE,HERO,XOOM-110,INDIA,PETROL,110.9,GAMPAHA,BRAND NEW,2025.0,154,XOOM-110,Unknown
MOTOR CYCLE,HERO,HF-DELUXE,INDIA,PETROL,97.2,BATTICALOA,BRAND NEW,2025.0,153,HF-DELUXE,Unknown
MOTOR CYCLE,HERO,XOOM-110,INDIA,PETROL,110.9,BATTICALOA,BRAND NEW,2025.0,59,XOOM-110,Unknown
MOTOR CYCLE,HERO,HUNK 160,INDIA,PETROL,163.14,KALUTARA,BRAND NEW,2025.0,80,,HUNK 160
THREE WHEELER,TVS,KING,INDIA,PETROL,199.26,BADULLA,BRAND NEW,2025.0,12,,KING
LAND VEHICLE,TAFE,45DI,INDIA,DIESEL,2500.0,KILINOCHCHI,BRAND NEW,2025.0,14,,45DI
MOTOR CYCLE,SUPER SOCO,TS STREET HUNTER,CHINA,ELECTRIC,2.5,KURUNEGALA,BRAND NEW,2024.0,1,,TS STREET HUNTER
MOTOR CYCLE,SUPER SOCO,TS STREET HUNTER,CHINA,ELECTRIC,2.5,ANURADHAPURA,BRAND NEW,2025.0,2,,TS STREET HUNTER
MOTOR CYCLE,HERO,XOOM-110,INDIA,PETROL,110.9,KEGALLE,BRAND NEW,2025.0,48,XOOM-110,Unknown
MOTOR CYCLE,YAMAHA,MT 15 VER 2.0,INDIA,PETROL,155.0,PUTTALAM,BRAND NEW,2025.0,14,,MT 15 VER 2.0
MOTOR CYCLE,YAMAHA,YZF R15 VER 4.0,INDIA,PETROL,155.0,VAVUNIYA,BRAND NEW,2025.0,11,,YZF R15 VER 4.0
MOTOR CYCLE,HERO,HF-DELUXE,INDIA,PETROL,97.2,KANDY,BRAND NEW,2025.0,1,HF-DELUXE,Unknown
MOTOR CYCLE,RANOMOTO,PATTAYA DOUBLE POWER,CHINA,PETROL,80.0,JAFFNA,BRAND NEW,2025.0,2,,PATTAYA DOUBLE POWER
MOTOR CYCLE,RANOMOTO,GN125H,CHINA,PETROL,124.0,GAMPAHA,BRAND NEW,2025.0,49,,GN125H
MOTOR CYCLE,RANOMOTO,GN125H,CHINA,PETROL,124.0,MONERAGALA,BRAND NEW,2025.0,22,,GN125H
MOTOR CYCLE,RANOMOTO,PATTAYA DOUBLE POWER,CHINA,PETROL,80.0,RATNAPURA,BRAND NEW,2025.0,2,,PATTAYA DOUBLE POWER
MOTOR CYCLE,RANOMOTO,GN125H,CHINA,PETROL,124.0,COLOMBO,BRAND NEW,2025.0,38,,GN125H
MOTOR CYCLE,AIMA,LIBERTY,CHINA,ELECTRIC,1.2,KURUNEGALA,BRAND NEW,2025.0,29,,LIBERTY
MOTOR CYCLE,AIMA,ARIA,CHINA,ELECTRIC,0.8,COLOMBO,BRAND NEW,2025.0,2,,ARIA
MOTOR CYCLE,AIMA,BREEZY,CHINA,ELECTRIC,0.8,JAFFNA,BRAND NEW,2025.0,4,,BREEZY
MOTOR CYCLE,HONDA,DIO DLX,INDIA,PETROL,109.0,TRINCOMALEE,BRAND NEW,2025.0,58,,DIO DLX
MOTOR CYCLE,BAJAJ,PULSAR N 160,INDIA,PETROL,164.32,MATALE,BRAND NEW,2025.0,31,,PULSAR N 160
MOTOR CYCLE,BAJAJ,PULSAR NS 200,INDIA,PETROL,199.5,VAVUNIYA,BRAND NEW,2025.0,40,,PULSAR NS 200
THREE WHEELER,BAJAJ,RE 4S AUTORICKSHAW,INDIA,PETROL,237.0,MATALE,BRAND NEW,2025.0,34,,RE 4S AUTORICKSHAW
SINGLE CAB,TATA,YODHA,INDIA,DIESEL,2956.0,JAFFNA,BRAND NEW,2025.0,3,,YODHA
CAR,TOYOTA,A250RA-GBVV RAIZE,INDONESIA,PETROL,998.0,POLONNARUWA,BRAND NEW,2025.0,4,,A250RA-GBVV RAIZE
MOTOR CYCLE,YAMAHA,RAY ZR,INDIA,PETROL,113.0,RATNAPURA,BRAND NEW,2025.0,7,,RAY ZR
MOTOR CYCLE,YAMAHA,FZ S FI VER 4.0,INDIA,PETROL,149.0,MANNAR,BRAND NEW,2025.0,4,,FZ S FI VER 4.0
MOTOR CYCLE,YAMAHA,RAY ZR 125,INDIA,PETROL,125.0,KEGALLE,BRAND NEW,2025.0,5,,RAY ZR 125
CAR,MERCEDES BENZ,GLS 450 4MATIC,U.S.A,PETROL,2999.0,GAMPAHA,BRAND NEW,2025.0,1,,GLS 450 4MATIC
MOTOR CYCLE,HERO,XTREME 125 R,INDIA,PETROL,124.7,GALLE,BRAND NEW,2025.0,38,,XTREME 125 R
MOTOR CYCLE,HERO,XTREME 125 R,INDIA,PETROL,124.7,KANDY,BRAND NEW,2025.0,21,,XTREME 125 R
MOTOR LORRY (COMMERCIAL),EICHER,PRO 1080E,INDIA,DIESEL,3298.0,TRINCOMALEE,BRAND NEW,2025.0,1,,PRO 1080E
LAND VEHICLE,JOHN DEERE,5047D,INDIA,DIESEL,2940.0,AMPARA,BRAND NEW,2025.0,13,,5047D
LAND VEHICLE (SMALL),FARM MASTER,RV125-2,CHINA,DIESEL,624.0,AMPARA,BRAND NEW,2024.0,1,RV125-2,Unknown
CAR,KYC,V7EV,CHINA,ELECTRIC,50.0,COLOMBO,BRAND NEW,2025.0,6,,V7EV
MOTOR CYCLE,TMR QUANLE,XGW,CHINA,ELECTRIC,1.2,KURUNEGALA,BRAND NEW,2025.0,18,,XGW
MOTOR CYCLE,DAYUN,DY150-52F,CHINA,PETROL,149.0,PUTTALAM,BRAND NEW,2025.0,1,DY150-52F,Unknown
CAR,BAW,E7,CHINA,ELECTRIC,30.0,GAMPAHA,BRAND NEW,2025.0,44,,E7
SINGLE CAB,TOYOTA,LITE ACE,INDONESIA,PETROL,1496.0,COLOMBO,BRAND NEW,2025.0,3,,LITE ACE
MOTOR CYCLE,BAJAJ,PULSAR N 160,INDIA,PETROL,164.32,PUTTALAM,BRAND NEW,2025.0,123,,PULSAR N 160
MOTOR CYCLE,SOLID,ROBOT,CHINA,ELECTRIC,1.2,GALLE,BRAND NEW,2025.0,2,,ROBOT
CAR,BYD,SEALION 6 SUPERIOR,CHINA,PETROL/ELE,1498.0,HAMBANTOTA,BRAND NEW,2025.0,12,,SEALION 6 SUPERIOR
MOTOR CYCLE,YAMAHA,YZF R15 VER 4.0,INDIA,PETROL,155.0,POLONNARUWA,BRAND NEW,2025.0,5,,YZF R15 VER 4.0
MOTOR CYCLE,HERO,XOOM-110,INDIA,PETROL,110.9,BADULLA,BRAND NEW,2025.0,37,XOOM-110,Unknown
LAND VEHICLE,SONALIKA,D150RX-2WD,INDIA,DIESEL,2893.0,MONERAGALA,BRAND NEW,2024.0,3,,D150RX-2WD
MOTOR CYCLE,WUXI,NVX,CHINA,PETROL,125.0,COLOMBO,BRAND NEW,2025.0,2,,NVX
MOTOR CYCLE,TMR QUANLE,ZS,CHINA,ELECTRIC,1.2,GAMPAHA,BRAND NEW,2025.0,4,,ZS
MOTOR CYCLE,TMR QUANLE,ZL,CHINA,ELECTRIC,2.0,KURUNEGALA,BRAND NEW,2025.0,14,,ZL
COMMERCIAL,TOYOTA,KDH223R-LEMDYT HIACE,JAPAN,DIESEL,2982.0,BADULLA,BRAND NEW,2025.0,2,,KDH223R-LEMDYT HIACE
COMMERCIAL,TOYOTA,KDH223R-LEMDYT HIACE,JAPAN,DIESEL,2982.0,COLOMBO,BRAND NEW,,1,,KDH223R-LEMDYT HIACE
CAR,CHANGAN,S05,THAILAND,ELECTRIC,99.0,ANURADHAPURA,BRAND NEW,2025.0,1,,S05
MOTOR CYCLE,RANOMOTO,PATTAYA DOUBLE POWER,CHINA,PETROL,80.0,ANURADHAPURA,BRAND NEW,2025.0,1,,PATTAYA DOUBLE POWER
MOTOR CYCLE,RANOMOTO,GN125H,CHINA,PETROL,124.0,PUTTALAM,BRAND NEW,2025.0,5,,GN125H
MOTOR CYCLE,HONDA,DIO STD,INDIA,PETROL,109.0,KILINOCHCHI,BRAND NEW,2025.0,11,,DIO STD
SINGLE CAB,TATA,YODHA,INDIA,DIESEL,2956.0,COLOMBO,BRAND NEW,2025.0,2,,YODHA
MOTOR CYCLE,AIMA,MANA,CHINA,ELECTRIC,1.5,ANURADHAPURA,BRAND NEW,2025.0,7,,MANA
LAND VEHICLE,TAFE,45DI,INDIA,DIESEL,2700.0,POLONNARUWA,BRAND NEW,2025.0,23,,45DI
MOTOR CYCLE,YADEA,T 9,CHINA,ELECTRIC,2.0,GAMPAHA,BRAND NEW,2025.0,20,,T 9
MOTOR CYCLE,YADEA,RUIBIN,CHINA,ELECTRIC,0.8,POLONNARUWA,BRAND NEW,2025.0,23,,RUIBIN
MOTOR LORRY (COMMERCIAL),ISUZU,NPR75U-HL5VAYN,JAPAN,DIESEL,5193.0,RATNAPURA,BRAND NEW,2025.0,2,,NPR75U-HL5VAYN
MOTOR CYCLE,HERO,XOOM-110,INDIA,PETROL,110.9,NUWARA-ELIYA,BRAND NEW,2025.0,5,XOOM-110,Unknown
MOTOR CYCLE,YADEA,EPOC H,CHINA,ELECTRIC,2.0,KALUTARA,BRAND NEW,2025.0,3,,EPOC H
MOTOR CYCLE,YADEA,T 9,CHINA,ELECTRIC,2.0,HAMBANTOTA,BRAND NEW,2025.0,14,,T 9
THREE WHEELER,MAHINDRA,TREO,INDIA,ELECTRIC,3.5,RATNAPURA,BRAND NEW,2025.0,2,,TREO
CAR,SUZUKI,FRONX,INDIA,PETROL,998.0,MONERAGALA,BRAND NEW,2025.0,3,,FRONX
CAR,NISSAN,MAGNITE ACENTA BR10,INDIA,PETROL,999.0,NUWARA-ELIYA,BRAND NEW,2025.0,2,,MAGNITE ACENTA BR10
MOTOR CYCLE,LUYUAN ALFA,MKK-Z23E-12-C,CHINA,ELECTRIC,1.2,POLONNARUWA,BRAND NEW,2025.0,6,MKK-Z23E-12-C,Unknown
MOTOR CYCLE,HERO,XTREME 125 R,INDIA,PETROL,124.7,BATTICALOA,BRAND NEW,2025.0,18,,XTREME 125 R
MOTOR CYCLE,YADEA,T 9,CHINA,ELECTRIC,2.0,ANURADHAPURA,BRAND NEW,2025.0,6,,T 9
MOTOR CYCLE,YADEA,T5,CHINA,ELECTRIC,1.2,AMPARA,BRAND NEW,2025.0,22,,T5
SINGLE CAB,TATA,YODHA,INDIA,DIESEL,2965.0,GAMPAHA,BRAND NEW,2025.0,1,,YODHA
MOTOR CYCLE,YAMAHA,FZ  VER 2.0,INDIA,PETROL,149.0,POLONNARUWA,BRAND NEW,2025.0,7,,FZ  VER 2.0
CAR,TOYOTA,A250RA-GBVV RAIZE,INDONESIA,PETROL,998.0,MATALE,BRAND NEW,2025.0,2,,A250RA-GBVV RAIZE
DUAL PURPOSE (COMMERCIAL),BYD,SHARK 6,CHINA,PETROL/ELE,1498.0,KALUTARA,BRAND NEW,2025.0,1,,SHARK 6
MOTOR CYCLE,LUYUAN,MNK3,CHINA,ELECTRIC,1.5,MONERAGALA,BRAND NEW,2025.0,4,,MNK3
MOTOR CYCLE,DAYUN,DY200T-11,CHINA,PETROL,200.0,PUTTALAM,BRAND NEW,2025.0,5,,DY200T-11
CAR,TOYOTA,FJA300R-GNUZY,JAPAN,DIESEL,3346.0,COLOMBO,BRAND NEW,2025.0,1,,FJA300R-GNUZY
MOTOR CYCLE,AIMA,MAVERICK,CHINA,ELECTRIC,2.0,HAMBANTOTA,BRAND NEW,2025.0,6,,MAVERICK
MOTOR LORRY (COMMERCIAL),ISUZU,NQR75U-LN5VAYN,JAPAN,DIESEL,5193.0,COLOMBO,BRAND NEW,2025.0,2,,NQR75U-LN5VAYN
SINGLE CAB,TATA,ACE HT 2,INDIA,DIESEL,702.0,GAMPAHA,BRAND NEW,2025.0,2,,ACE HT 2
CAR,TOYOTA,WIGO A350RA GBNE,INDONESIA,PETROL,998.0,GAMPAHA,BRAND NEW,2025.0,16,,WIGO A350RA GBNE
DUAL PURPOSE (COMMERCIAL),BYD,SHARK 6,CHINA,PETROL/ELE,1498.0,GALLE,BRAND NEW,2025.0,1,,SHARK 6
CAR,TATA,CURVV,INDIA,PETROL,1199.0,JAFFNA,BRAND NEW,2025.0,1,,CURVV
MOTOR CYCLE,GOEASY,RACING,CHINA,ELECTRIC,5.0,COLOMBO,BRAND NEW,2025.0,1,,RACING
CAR,LAND ROVER,DEFFENDER,UNITED KINGDOM,DIESEL,3000.0,COLOMBO,BRAND NEW,2025.0,1,,DEFFENDER
LAND VEHICLE,SONALIKA,D150RX-2WD,INDIA,DIESEL,2893.0,ANURADHAPURA,BRAND NEW,2025.0,2,,D150RX-2WD
CAR,WULING,CLOUD EV,INDONESIA,ELECTRIC,99.0,GAMPAHA,BRAND NEW,2025.0,1,,CLOUD EV
CAR,PERODUA,BEZZA,MALAYSIA,PETROL,998.0,RATNAPURA,BRAND NEW,2025.0,8,,BEZZA
CAR,PERODUA,AXIA-CG1SZ,MALAYSIA,PETROL,998.0,ANURADHAPURA,BRAND NEW,2025.0,2,AXIA-CG1SZ,Unknown
CAR,BYD,ATTO3-ADVANCED,CHINA,ELECTRIC,100.0,KEGALLE,BRAND NEW,2025.0,1,ATTO3-ADVANCED,Unknown
CAR,PERODUA,AXIA-CG1SZ,MALAYSIA,PETROL,998.0,KURUNEGALA,BRAND NEW,2025.0,1,AXIA-CG1SZ,Unknown
CAR,PERODUA,AXIA-CG1SZ,MALAYSIA,PETROL,998.0,JAFFNA,BRAND NEW,2025.0,1,AXIA-CG1SZ,Unknown
MOTOR CYCLE,AIMA,ARIA,CHINA,ELECTRIC,0.8,GALLE,BRAND NEW,2025.0,2,,ARIA
MOTOR CYCLE,AIMA,ARIA,CHINA,ELECTRIC,0.8,ANURADHAPURA,BRAND NEW,2025.0,2,,ARIA
MOTOR CYCLE,VEDRIVE,E-BIKE,CHINA,ELECTRIC,0.4,COLOMBO,BRAND NEW,2025.0,31,,E-BIKE
CAR,NISSAN,MAGNITE TEKNA PLUS,INDIA,PETROL,999.0,AMPARA,BRAND NEW,2025.0,2,,MAGNITE TEKNA PLUS
LAND VEHICLE,KUBOTA,L 4508,JAPAN,DIESEL,2197.0,TRINCOMALEE,BRAND NEW,2025.0,8,,L 4508
LAND VEHICLE,E KUBOTA,EK3-471,INDIA,DIESEL,2761.0,VAVUNIYA,BRAND NEW,2024.0,1,EK3-471,4WD
MOTOR LORRY (COMMERCIAL),JAC,HFC1045E4,CHINA,DIESEL,2746.0,BADULLA,BRAND NEW,2025.0,1,,HFC1045E4
LAND VEHICLE (SMALL),SIFANG,GN12DI,CHINA,DIESEL,815.0,COLOMBO,BRAND NEW,2024.0,1,,GN12DI
MOTOR CYCLE,NWOW,SE,CHINA,ELECTRIC,0.8,KALUTARA,BRAND NEW,2018.0,1,,SE
MOTOR CYCLE,YADEA,RUIBIN,CHINA,ELECTRIC,0.8,TRINCOMALEE,BRAND NEW,2025.0,4,,RUIBIN
MOTOR CYCLE,BAJAJ,DISCOVER  125,INDIA,PETROL,124.5,MANNAR,BRAND NEW,2025.0,1,,DISCOVER  125
MOTOR LORRY (COMMERCIAL),JAC,HFC1045E4,CHINA,DIESEL,2746.0,COLOMBO,BRAND NEW,2025.0,2,,HFC1045E4
MOTOR LORRY (COMMERCIAL),MITSUBISHI,FEB51ER4SDSC,JAPAN,DIESEL,2998.0,KURUNEGALA,BRAND NEW,2025.0,1,,FEB51ER4SDSC
THREE WHEELER,PIAGGIO,APE AUTO DX,INDIA,DIESEL,435.0,KANDY,BRAND NEW,2025.0,1,,APE AUTO DX
CAR,PERODUA,AXIA-CG1SZ,MALAYSIA,PETROL,998.0,MATARA,BRAND NEW,2025.0,1,AXIA-CG1SZ,Unknown
CAR,WULING,BINGUO,INDONESIA,ELECTRIC,50.0,COLOMBO,BRAND NEW,2025.0,21,,BINGUO
THREE WHEELER,MAHINDRA,TREO,INDIA,ELECTRIC,3.5,COLOMBO,BRAND NEW,2025.0,4,,TREO
MOTOR LORRY (COMMERCIAL),ISUZU,FTR34UUY-PDN,JAPAN,DIESEL,7790.0,GALLE,BRAND NEW,2025.0,1,,FTR34UUY-PDN
MOTOR CYCLE,AIMA,ARIA,CHINA,ELECTRIC,0.8,MULLATIVU,BRAND NEW,2025.0,1,,ARIA
MOTOR CYCLE,LIMA,EL07,CHINA,ELECTRIC,1.5,KURUNEGALA,BRAND NEW,2024.0,2,,EL07
SINGLE CAB,MAHINDRA,BOLERO CITY PICKUP,INDIA,DIESEL,2523.0,KURUNEGALA,BRAND NEW,2025.0,2,,BOLERO CITY PICKUP
LAND VEHICLE,SWARAJ,855,INDIA,DIESEL,3478.2,POLONNARUWA,BRAND NEW,2025.0,1,,855
MOTOR CYCLE,LIMA,EL07,CHINA,ELECTRIC,1.5,KALUTARA,BRAND NEW,2025.0,5,,EL07
DUAL PURPOSE (COMMERCIAL),FORD,RANGER RAPTOR,THAILAND,PETROL,2956.0,COLOMBO,BRAND NEW,2025.0,1,,RANGER RAPTOR
LAND VEHICLE (SMALL),NUBOTA VIKYNO,RV125-2,VIETNAM,DIESEL,624.0,RATNAPURA,BRAND NEW,2022.0,1,RV125-2,Unknown
MOTOR CYCLE,HONDA,DIO DLX,INDIA,PETROL,109.0,JAFFNA,BRAND NEW,2025.0,39,,DIO DLX
MOTOR LORRY (COMMERCIAL),ISUZU,FRR90SU-JAN,JAPAN,DIESEL,5193.0,NUWARA-ELIYA,BRAND NEW,2025.0,1,,FRR90SU-JAN
SINGLE CAB,MAHINDRA,BOLERO CITY PICKUP,INDIA,DIESEL,2523.0,AMPARA,BRAND NEW,2025.0,4,,BOLERO CITY PICKUP
MOTOR LORRY (COMMERCIAL),LANKA ASHOK LEYLAND,PARTNER,INDIA,DIESEL,2953.0,GAMPAHA,BRAND NEW,2025.0,1,,PARTNER
LAND VEHICLE,SOLIS,4520,INDIA,DIESEL,2893.0,GAMPAHA,BRAND NEW,2024.0,1,,4520
LAND VEHICLE,YANMAR,YM358R,THAILAND,DIESEL,3319.0,TRINCOMALEE,BRAND NEW,2025.0,5,,YM358R
LAND VEHICLE,KARTAR,GLOBETRAC 4736 4WD,INDIA,DIESEL,3117.0,MANNAR,BRAND NEW,2025.0,1,,GLOBETRAC 4736 4WD
CAR,NISSAN,MAGNITE TEKNA PLUS,INDIA,PETROL,999.0,JAFFNA,BRAND NEW,2025.0,1,,MAGNITE TEKNA PLUS
COMMERCIAL,GOLDEN DRAGON,XML6122J24,CHINA,DIESEL,8400.0,ANURADHAPURA,BRAND NEW,2025.0,1,,XML6122J24
MOTOR CYCLE,TAKASHI,ES PRO PLUS,CHINA,ELECTRIC,1.5,GAMPAHA,BRAND NEW,2025.0,1,,ES PRO PLUS
MOTOR CYCLE,TAKASHI,ES LITE,CHINA,ELECTRIC,1.2,HAMBANTOTA,BRAND NEW,2025.0,3,,ES LITE
MOTOR CYCLE,TAKASHI,ES PRO MAX,CHINA,ELECTRIC,2.0,COLOMBO,BRAND NEW,2025.0,1,,ES PRO MAX
CAR,BYD,DOLPHIN-DYNAMIC 70,CHINA,ELECTRIC,70.0,COLOMBO,BRAND NEW,2025.0,3,,DOLPHIN-DYNAMIC 70
MOTOR CYCLE,TMR LUYUAN,MQQ6,CHINA,ELECTRIC,0.8,MANNAR,BRAND NEW,2025.0,1,,MQQ6
MOTOR CYCLE,ROYAL ENFIELD,CLASSIC 350,INDIA,PETROL,349.0,AMPARA,BRAND NEW,2025.0,4,,CLASSIC 350
MOTOR CYCLE,TVS,IQUBE,INDIA,ELECTRIC,3.34,MATARA,BRAND NEW,2025.0,6,,IQUBE
MOTOR LORRY (COMMERCIAL),ISUZU,FTR34UU-PDN,JAPAN,DIESEL,7790.0,RATNAPURA,BRAND NEW,2025.0,2,,FTR34UU-PDN
MOTOR CYCLE,RANOMOTO,PATTAYA DOUBLE POWER,CHINA,PETROL,80.0,KURUNEGALA,BRAND NEW,2025.0,2,,PATTAYA DOUBLE POWER
MOTOR LORRY (COMMERCIAL),TATA,LPT2518,INDIA,DIESEL,5883.0,COLOMBO,BRAND NEW,2025.0,2,,LPT2518
SPECIAL PURPOSE VEHICLE,J.C.B,3DX BACKHOE LOADER,INDIA,DIESEL,4400.0,JAFFNA,BRAND NEW,2025.0,2,,3DX BACKHOE LOADER
CAR,MAHINDRA,XUV 3XO,INDIA,PETROL,1197.0,PUTTALAM,BRAND NEW,2025.0,1,,XUV 3XO
MOTOR LORRY (COMMERCIAL),ISUZU,NPR75U-HL5VAYN,JAPAN,DIESEL,5193.0,KURUNEGALA,BRAND NEW,2025.0,3,,NPR75U-HL5VAYN
SINGLE CAB,TATA,ACE HT2,INDIA,DIESEL,702.0,MONERAGALA,BRAND NEW,2025.0,1,,ACE HT2
MOTOR CYCLE,YAMAHA,FZ  VER 2.0,INDIA,PETROL,149.0,JAFFNA,BRAND NEW,2025.0,2,,FZ  VER 2.0
MOTOR CYCLE,BAJAJ,CT 100 ES,SRI LANKA,PETROL,102.0,KEGALLE,BRAND NEW,2025.0,1,,CT 100 ES
MOTOR TRICYCLE VAN,PIAGGIO,APE-XTRA-DX,INDIA,DIESEL,435.0,ANURADHAPURA,BRAND NEW,2025.0,3,APE-XTRA-DX,Unknown
LAND VEHICLE,E KUBOTA,EK3-471,INDIA,DIESEL,2761.0,VAVUNIYA,BRAND NEW,2025.0,2,EK3-471,4WD
PRIMER MOVER,TATA,SIGNA 4018,INDIA,DIESEL,5883.0,GALLE,BRAND NEW,2025.0,1,,SIGNA 4018
MOTOR CYCLE,TVS,TVS NTORQ 125 CC,INDIA,ELECTRIC,124.8,KANDY,BRAND NEW,2025.0,1,,TVS NTORQ 125 CC
MOTOR CYCLE,YADEA,M6,CHINA,ELECTRIC,1.2,JAFFNA,BRAND NEW,2025.0,1,,M6
MOTOR CYCLE,YADEA,EZEEGO,CHINA,ELECTRIC,1.2,KURUNEGALA,BRAND NEW,2024.0,1,,EZEEGO
CAR,MERCEDES BENZ,C 200,SOUTH AFRICA,PETROL,1496.0,COLOMBO,BRAND NEW,2025.0,2,,C 200
MOTOR TRICYCLE VAN,MAHINDRA,ALFA LOAD CARRIER,INDIA,DIESEL,436.0,RATNAPURA,BRAND NEW,2025.0,1,,ALFA LOAD CARRIER
MOTOR CYCLE,GALLANT,CITY WALKER,CHINA,ELECTRIC,1.0,GAMPAHA,BRAND NEW,2019.0,1,,CITY WALKER
CAR,CHANGAN,LUMIN,CHINA,ELECTRIC,35.0,KALUTARA,BRAND NEW,2025.0,1,,LUMIN
MOTOR CYCLE,YAMAHA,MT 15 VER 2.0,INDIA,PETROL,155.0,VAVUNIYA,BRAND NEW,2025.0,3,,MT 15 VER 2.0
LAND VEHICLE,NEW HOLLAND,4710,INDIA,DIESEL,2700.0,POLONNARUWA,BRAND NEW,2024.0,1,,4710
CAR,NISSAN,MAGNITE N-CONNECTA,INDIA,PETROL,999.0,ANURADHAPURA,BRAND NEW,2025.0,1,,MAGNITE N-CONNECTA
DUAL PURPOSE (COMMERCIAL),MITSUBISHI,FEA21ER3WDSC,JAPAN,DIESEL,2998.0,COLOMBO,BRAND NEW,2025.0,1,,FEA21ER3WDSC
LAND VEHICLE,LOVOL,P504-3,CHINA,DIESEL,2189.0,TRINCOMALEE,BRAND NEW,2025.0,2,P504-3,Unknown
LAND VEHICLE,KARTAR,GLOBETRAC 4736 4WD,INDIA,DIESEL,3117.0,KURUNEGALA,BRAND NEW,2025.0,3,,GLOBETRAC 4736 4WD
MOTOR CYCLE,NWOW,SE,CHINA,ELECTRIC,0.8,GAMPAHA,BRAND NEW,2024.0,1,,SE
MOTOR CYCLE,LUYUAN,MYT,CHINA,ELECTRIC,0.8,GAMPAHA,BRAND NEW,2025.0,1,,MYT
THREE WHEELER,TVS,KING,INDIA,PETROL,199.26,MANNAR,BRAND NEW,2025.0,1,,KING
CAR,HYUNDAI,VENUE,INDIA,PETROL,998.0,GAMPAHA,BRAND NEW,2025.0,1,,VENUE
MOTOR CYCLE,BAJAJ,PULSAR N 160,INDIA,PETROL,164.82,KALUTARA,BRAND NEW,2025.0,1,,PULSAR N 160
CAR,MERCEDES BENZ,GLB 200,MEXICO,PETROL,1332.0,GAMPAHA,BRAND NEW,2025.0,1,,GLB 200
LAND VEHICLE,LOVOL,P504-3,CHINA,DIESEL,2189.0,MATALE,BRAND NEW,2025.0,2,P504-3,Unknown
MOTOR CYCLE,RANOMOTO,MOPED SUPER,CHINA,PETROL,49.0,GAMPAHA,BRAND NEW,2025.0,1,,MOPED SUPER
SINGLE CAB,DONG FENG,VA91-101,CHINA,DIESEL,2300.0,GAMPAHA,BRAND NEW,2025.0,1,VA91-101,Unknown
MOTOR CYCLE,TMR LUYUAN,MQQ6,CHINA,ELECTRIC,0.8,AMPARA,BRAND NEW,2025.0,1,,MQQ6
MOTOR CYCLE,AIMA,BREEZY,CHINA,ELECTRIC,0.8,BATTICALOA,BRAND NEW,2025.0,1,,BREEZY
MOTOR CYCLE,TVS,TVS NTORQ 125 CC,INDIA,PETROL,124.8,COLOMBO,BRAND NEW-L/ASSEMBLE,2025.0,2,,TVS NTORQ 125 CC
MOTOR CYCLE,SENARO,CLICK 150,SRI LANKA,PETROL,150.0,PUTTALAM,BRAND NEW-L/ASSEMBLE,2025.0,4,,CLICK 150
MOTOR CYCLE,TVS,NTORQ 125,SRI LANKA,PETROL,124.8,ANURADHAPURA,BRAND NEW-L/ASSEMBLE,2025.0,6,,NTORQ 125
MOTOR CYCLE,BAJAJ,PULSAR N160,SRI LANKA,PETROL,164.82,KALUTARA,BRAND NEW-L/ASSEMBLE,2025.0,64,,PULSAR N160
MOTOR CYCLE,BAJAJ,CT 100 ES,SRI LANKA,PETROL,102.0,RATNAPURA,BRAND NEW-L/ASSEMBLE,2025.0,204,,CT 100 ES
MOTOR CYCLE,BAJAJ,CT 100 ES,SRI LANKA,PETROL,102.0,MATALE,BRAND NEW-L/ASSEMBLE,2025.0,89,,CT 100 ES
MOTOR CYCLE,BAJAJ,DISCOVER 125,SRI LANKA,PETROL,124.5,RATNAPURA,BRAND NEW-L/ASSEMBLE,2025.0,36,,DISCOVER 125
MOTOR CYCLE,BAJAJ,PULSAR N160,SRI LANKA,PETROL,164.82,TRINCOMALEE,BRAND NEW-L/ASSEMBLE,2025.0,27,,PULSAR N160
MOTOR CYCLE,BAJAJ,DISCOVER 125,SRI LANKA,PETROL,124.5,AMPARA,BRAND NEW-L/ASSEMBLE,2025.0,43,,DISCOVER 125
MOTOR CYCLE,BAJAJ,PULSAR N160,SRI LANKA,PETROL,164.82,BADULLA,BRAND NEW-L/ASSEMBLE,2025.0,42,,PULSAR N160
MOTOR CYCLE,BAJAJ,PULSAR N160,SRI LANKA,PETROL,164.82,AMPARA,BRAND NEW-L/ASSEMBLE,2025.0,98,,PULSAR N160
DUAL PURPOSE (COMMERCIAL),JAC,HFC1037D3,SRI LANKA,DIESEL,1999.0,COLOMBO,BRAND NEW-L/ASSEMBLE,2025.0,10,,HFC1037D3
MOTOR CYCLE,BAJAJ,CT 100 ES,SRI LANKA,PETROL,102.0,MULLATIVU,BRAND NEW-L/ASSEMBLE,2025.0,35,,CT 100 ES
COMMERCIAL,FOTON,VIEW CS 2,SRI LANKA,DIESEL,1968.0,COLOMBO,BRAND NEW-L/ASSEMBLE,2025.0,2,,VIEW CS 2
MOTOR CYCLE,RANOMOTO,MOPED SUPER,SRI LANKA,PETROL,49.0,KURUNEGALA,BRAND NEW-L/ASSEMBLE,2024.0,1,,MOPED SUPER
SINGLE CAB,LANKA ASHOK LEYLAND,DOST,SRI LANKA,DIESEL,1478.0,GAMPAHA,BRAND NEW-L/ASSEMBLE,2025.0,2,,DOST
SINGLE CAB,LANKA ASHOK LEYLAND,DOST,SRI LANKA,DIESEL,1478.0,MATALE,BRAND NEW-L/ASSEMBLE,2025.0,1,,DOST
MOTOR CYCLE,LENCAR,ERC80,SRI LANKA,ELECTRIC,1.2,ANURADHAPURA,BRAND NEW-L/ASSEMBLE,2025.0,1,,ERC80
SINGLE CAB,LANKA ASHOK LEYLAND,BADA DOST,SRI LANKA,DIESEL,1478.0,GALLE,BRAND NEW-L/ASSEMBLE,2025.0,2,,BADA DOST
CAR,G.W.M.,JOLION,SRI LANKA,PETROL,1497.0,GAMPAHA,BRAND NEW-L/ASSEMBLE,2025.0,14,,JOLION
TRACTOR TRAILER/BOWSER,WIMAL AGRO,TRACTOR TRAILER,SRI LANKA,NOT STATED,0.0,GAMPAHA,BRAND NEW-L/ASSEMBLE,2025.0,1,,TRACTOR TRAILER
MOTOR LORRY (COMMERCIAL),LANKA ASHOK LEYLAND,TAURUS 2518,SRI LANKA,DIESEL,5759.0,JAFFNA,BRAND NEW-L/ASSEMBLE,2025.0,2,,TAURUS 2518
SINGLE CAB,LANKA ASHOK LEYLAND,DOST,SRI LANKA,DIESEL,1478.0,BATTICALOA,BRAND NEW-L/ASSEMBLE,2025.0,1,,DOST
MOTOR LORRY (COMMERCIAL),LANKA ASHOK LEYLAND,TAURUS 2518,SRI LANKA,DIESEL,559.0,ANURADHAPURA,BRAND NEW-L/ASSEMBLE,2025.0,1,,TAURUS 2518
MOTOR CYCLE,BAJAJ,PULSAR N 160,SRI LANKA,PETROL,164.32,BATTICALOA,BRAND NEW-L/ASSEMBLE,2025.0,1,,PULSAR N 160
MOTOR CYCLE,LENCAR,ERC80,SRI LANKA,ELECTRIC,1.2,KEGALLE,BRAND NEW-L/ASSEMBLE,2025.0,1,,ERC80
CAR,MAHINDRA,KUV100 NXT AMT,SRI LANKA,DIESEL,1198.0,COLOMBO,BRAND NEW-L/ASSEMBLE,2025.0,1,,KUV100 NXT AMT
MOTOR CYCLE,RISE,LEADER 125,SRI LANKA,PETROL,125.0,COLOMBO,BRAND NEW-L/ASSEMBLE,2025.0,1,,LEADER 125
CAR,NISSAN,ALMERA,THAILAND,PETROL,999.0,BADULLA,RECONDITIONED,2025.0,3,,ALMERA
CAR,NISSAN,5BD-DR17V CLIPPER,JAPAN,PETROL,658.0,GAMPAHA,RECONDITIONED,2024.0,10,5BD-DR17V,CLIPPER
CAR,SUZUKI,5BD-DA17V  EVERY,JAPAN,PETROL,658.0,COLOMBO,RECONDITIONED,2025.0,1,5BD-DA17V,EVERY
CAR,TOYOTA,6AA-MXPJ15 YARIS,JAPAN,PETROL/ELE,1496.0,KALUTARA,RECONDITIONED,2023.0,1,6AA-MXPJ15,YARIS
DUAL PURPOSE (COMMERCIAL),TOYOTA,3DF-GUN125 HILUX,THAILAND,DIESEL,2393.0,COLOMBO,RECONDITIONED,2025.0,1,3DF-GUN125,HILUX
CAR,TOYOTA,4BA-M900A ROOMY,JAPAN,PETROL,996.0,MANNAR,RECONDITIONED,2025.0,1,4BA-M900A,ROOMY
CAR,SUZUKI,3BD-DA17V EVERY,JAPAN,PETROL,660.0,NUWARA-ELIYA,RECONDITIONED,2025.0,1,3BD-DA17V,EVERY
CAR,SUZUKI,5AA-MH85S WAGON R,JAPAN,PETROL,658.0,COLOMBO,RECONDITIONED,2024.0,1,5AA-MH85S,WAGON R
CAR,TOYOTA,5BA-A201A RAIZE,JAPAN,PETROL,1198.0,KURUNEGALA,RECONDITIONED,2025.0,1,5BA-A201A,RAIZE
CAR,TOYOTA,5AA-A202A RAIZE,JAPAN,PETROL/ELE,1196.0,COLOMBO,RECONDITIONED,2023.0,3,5AA-A202A,RAIZE
CAR,HONDA,5BA-RZ5,JAPAN,PETROL,1496.0,COLOMBO,RECONDITIONED,2023.0,1,5BA-RZ5,Unknown
CAR,SUZUKI,5AA-MH95S,JAPAN,PETROL,658.0,GALLE,RECONDITIONED,2025.0,1,5AA-MH95S,WGON R
CAR,SUZUKI,5AA-MK53S SPACIA,JAPAN,PETROL,658.0,COLOMBO,RECONDITIONED,2023.0,4,5AA-MK53S,SPACIA
CAR,TOYOTA,URBAN CRUISER TAISOR,JAPAN,PETROL,998.0,COLOMBO,RECONDITIONED,2024.0,2,,URBAN CRUISER TAISOR
CAR,HONDA,6BA- JF5 N  BOX,JAPAN,PETROL,658.0,COLOMBO,RECONDITIONED,2025.0,1,,6BA- JF5 N  BOX
COMMERCIAL,TOYOTA,3DF-GDH223B HIACE,JAPAN,DIESEL,2754.0,COLOMBO,RECONDITIONED,2025.0,2,3DF-GDH223B,HIACE
CAR,TOYOTA,6AA-MXPJ10 YARIS,JAPAN,PETROL/ELE,1496.0,MATARA,RECONDITIONED,2023.0,2,6AA-MXPJ10,YARIS
CAR,TOYOTA,6AA-MXPJ10 YARIS,JAPAN,PETROL/ELE,1496.0,KALUTARA,RECONDITIONED,2023.0,2,6AA-MXPJ10,YARIS
CAR,TOYOTA,3DA-FJA300W,JAPAN,DIESEL,3345.0,COLOMBO,RECONDITIONED,2025.0,1,3DA-FJA300W,Unknown
CAR,SUZUKI,5AA-MR92S HUSTER,JAPAN,PETROL,658.0,COLOMBO,RECONDITIONED,2023.0,1,5AA-MR92S,HUSTER
CAR,HONDA,HONDA CITY,THAILAND,PETROL,988.0,KANDY,RECONDITIONED,2025.0,1,,HONDA CITY
DUAL PURPOSE (COMMERCIAL),TOYOTA,HILUX REVO ROCCO,THAILAND,DIESEL,2755.0,KURUNEGALA,RECONDITIONED,2025.0,7,,HILUX REVO ROCCO
CAR,TOYOTA,5BA-A201A RAIZE,JAPAN,PETROL,1196.0,MATARA,RECONDITIONED,2024.0,3,5BA-A201A,RAIZE
CAR,SUZUKI,3BA-HA37S ALTO,JAPAN,PETROL,658.0,POLONNARUWA,RECONDITIONED,2024.0,1,3BA-HA37S,ALTO
CAR,SUZUKI,5BD-DA17V EVERY,JAPAN,PETROL,658.0,HAMBANTOTA,RECONDITIONED,2024.0,1,5BD-DA17V,EVERY
CAR,SUZUKI,3BD-DA17V EVERY,JAPAN,PETROL,658.0,KANDY,RECONDITIONED,2025.0,2,3BD-DA17V,EVERY
CAR,SUZUKI,3BA-HA37S ALTO,JAPAN,PETROL,656.0,COLOMBO,RECONDITIONED,2024.0,2,3BA-HA37S,ALTO
CAR,SUZUKI,5BA-MH85S WAGON R,JAPAN,PETROL,656.0,GAMPAHA,RECONDITIONED,2024.0,3,5BA-MH85S,WAGON R
SINGLE CAB,SUZUKI,3BD-DA16T CARRY,JAPAN,PETROL,658.0,KALUTARA,RECONDITIONED,2023.0,1,3BD-DA16T,CARRY
CAR,TOYOTA,5AA-A202A RAIZE,JAPAN,ELECTRIC,78.0,KURUNEGALA,RECONDITIONED,2024.0,3,5AA-A202A,RAIZE
CAR,TOYOTA,5BA-A201A RAIZE,JAPAN,PETROL,1196.0,MONERAGALA,RECONDITIONED,2022.0,1,5BA-A201A,RAIZE
CAR,DAIHATSU,5BA-LA350S MIRA ES,JAPAN,PETROL,658.0,KANDY,RECONDITIONED,2024.0,6,5BA-LA350S,MIRA ES
CAR,LAND ROVER,RANGE ROVER P460E,UNITED KINGDOM,PETROL/ELE,2996.0,COLOMBO,RECONDITIONED,2025.0,2,,RANGE ROVER P460E
CAR,DAIHATSU,5BA-M900S THOR,JAPAN,PETROL,996.0,GALLE,RECONDITIONED,2023.0,1,5BA-M900S,THOR
CAR,TOYOTA,5BA-M900A ROOMY,JAPAN,PETROL,996.0,PUTTALAM,RECONDITIONED,2024.0,1,5BA-M900A,ROOMY
CAR,HONDA,6AA-RV5 VEZEL,JAPAN,PETROL/ELE,1496.0,BADULLA,RECONDITIONED,2024.0,2,6AA-RV5,VEZEL
CAR,TOYOTA,3BA-A210A RAIZE,JAPAN,PETROL,996.0,MATARA,RECONDITIONED,2023.0,3,3BA-A210A,RAIZE
CAR,SUZUKI,3BA-DA17W EVERY,JAPAN,PETROL,656.0,COLOMBO,RECONDITIONED,2024.0,1,3BA-DA17W,EVERY
CAR,SUZUKI,5AA-MH95S WAGON R,JAPAN,PETROL,658.0,BADULLA,RECONDITIONED,2025.0,4,5AA-MH95S,WAGON R
CAR,HONDA,6AA RV5 VEZEL,JAPAN,PETROL/ELE,1496.0,COLOMBO,RECONDITIONED,2022.0,2,,6AA RV5 VEZEL
CAR,SUZUKI,5AA-MK94S SPACIA,JAPAN,PETROL/ELE,658.0,GALLE,RECONDITIONED,2024.0,1,5AA-MK94S,SPACIA
CAR,TOYOTA,5BA-M900A ROOMY,JAPAN,PETROL,996.0,NUWARA-ELIYA,RECONDITIONED,2022.0,1,5BA-M900A,ROOMY
CAR,SUZUKI,5AA-MR9S HUSTLER,JAPAN,PETROL,658.0,GALLE,RECONDITIONED,2024.0,1,5AA-MR9S,HUSTLER
CAR,TOYOTA,5BA-KSP210 YARIS,JAPAN,PETROL,996.0,PUTTALAM,RECONDITIONED,2023.0,7,5BA-KSP210,YARIS
CAR,SUZUKI,5BD-DA17V EVERY,JAPAN,PETROL,658.0,KANDY,RECONDITIONED,2024.0,6,5BD-DA17V,EVERY
CAR,SUZUKI,5BD-DA17V EVERY,JAPAN,PETROL,656.0,GAMPAHA,RECONDITIONED,2024.0,1,5BD-DA17V,EVERY
CAR,SUZUKI,5AA-HA97S ALTO,JAPAN,PETROL,658.0,KURUNEGALA,RECONDITIONED,2023.0,1,5AA-HA97S,ALTO
SINGLE CAB,SUZUKI,3BD-DA16T CARRY,JAPAN,PETROL,658.0,KURUNEGALA,RECONDITIONED,2024.0,2,3BD-DA16T,CARRY
CAR,TOYOTA,6AA-ZWR90W VOXY,JAPAN,PETROL/ELE,1797.0,AMPARA,RECONDITIONED,2025.0,2,6AA-ZWR90W,VOXY
DUAL PURPOSE (COMMERCIAL),FORD,RANGER RAPTOR,THAILAND,DIESEL,1996.0,BADULLA,RECONDITIONED,2025.0,2,,RANGER RAPTOR
CAR,DAIHATSU,5BA-LA900S TAFT,JAPAN,PETROL,658.0,GAMPAHA,RECONDITIONED,2024.0,12,5BA-LA900S,TAFT
CAR,TOYOTA,5AA-A202A  RAIZE,JAPAN,ELECTRIC,78.0,KEGALLE,RECONDITIONED,2022.0,1,5AA-A202A,RAIZE
CAR,B.M.W.,3BA-7K15,GERMANY,PETROL,1498.0,MONERAGALA,RECONDITIONED,2024.0,1,3BA-7K15,218I
CAR,SUZUKI,5BD-DA17V EVEVRY,JAPAN,PETROL,658.0,KALUTARA,RECONDITIONED,2025.0,1,5BD-DA17V,EVEVRY
CAR,SUZUKI,5BA-MH85S WAGON R,JAPAN,PETROL,658.0,PUTTALAM,RECONDITIONED,2024.0,4,5BA-MH85S,WAGON R
CAR,SUZUKI,5BA-MH85S WAGON R,JAPAN,PETROL,658.0,HAMBANTOTA,RECONDITIONED,2023.0,4,5BA-MH85S,WAGON R
CAR,SUZUKI,5AA-MK94S SPACIA,JAPAN,PETROL,657.0,COLOMBO,RECONDITIONED,2025.0,2,5AA-MK94S,SPACIA
CAR,TOYOTA,4BA-M900A ROOMY,JAPAN,PETROL,996.0,KURUNEGALA,RECONDITIONED,2022.0,2,4BA-M900A,ROOMY
CAR,TOYOTA,6AA-MXPJ10 YARIS,JAPAN,PETROL/ELE,1490.0,MONERAGALA,RECONDITIONED,2024.0,1,6AA-MXPJ10,YARIS
CAR,TOYOTA,3BA-TRJ150W PRADO,JAPAN,PETROL,2693.0,TRINCOMALEE,RECONDITIONED,2023.0,1,3BA-TRJ150W,PRADO
CAR,HONDA,6BA-JF3 N BOX,JAPAN,PETROL,658.0,HAMBANTOTA,RECONDITIONED,2023.0,1,6BA-JF3,N BOX
CAR,TOYOTA,6AA MXPJ140 YARIS,JAPAN,PETROL/ELE,1490.0,KALUTARA,RECONDITIONED,2022.0,1,,6AA MXPJ140 YARIS
CAR,DAIHATSU,5BA-LA350S MIRA,JAPAN,PETROL,658.0,COLOMBO,RECONDITIONED,2023.0,6,5BA-LA350S,MIRA
CAR,MITSUBISHI,5BA-GK1W,JAPAN,PETROL,1498.0,COLOMBO,RECONDITIONED,2023.0,2,5BA-GK1W,ECLIPSE
CAR,SUZUKI,3BA-DA17W EVERY,JAPAN,PETROL,658.0,KURUNEGALA,RECONDITIONED,2025.0,2,3BA-DA17W,EVERY
CAR,SUZUKI,4AA-MH55S WAGON R,JAPAN,PETROL,657.0,BATTICALOA,RECONDITIONED,2023.0,1,4AA-MH55S,WAGON R
CAR,TOYOTA,5AA-A202A RAIZE,JAPAN,PETROL/ELE,78.0,RATNAPURA,RECONDITIONED,2025.0,2,5AA-A202A,RAIZE
CAR,SUZUKI,5BD-DA17V,JAPAN,PETROL,658.0,MATARA,RECONDITIONED,2024.0,1,5BD-DA17V,EVEVRY
CAR,LAND ROVER,HSE PHEVA VELAR,UNITED KINGDOM,PETROL/ELE,1997.0,COLOMBO,RECONDITIONED,2025.0,1,,HSE PHEVA VELAR
COMMERCIAL,TOYOTA,COMMUTER-GDH301RGDFD,THAILAND,DIESEL,2755.0,GAMPAHA,RECONDITIONED,2025.0,1,,COMMUTER-GDH301RGDFD
CAR,NISSAN,4AA-B45A ROOX,JAPAN,PETROL,659.0,POLONNARUWA,RECONDITIONED,2023.0,1,4AA-B45A,ROOX
CAR,SUZUKI,5BA-MH85S WAGON R,JAPAN,PETROL,657.0,GAMPAHA,RECONDITIONED,2023.0,3,5BA-MH85S,WAGON R
CAR,HONDA,6AA-RV5  VEZEL,JAPAN,PETROL/ELE,1496.0,MATALE,RECONDITIONED,2025.0,1,6AA-RV5,VEZEL
CAR,SUZUKI,5BA-MH85S WAGON R,JAPAN,PETROL,658.0,POLONNARUWA,RECONDITIONED,2024.0,3,5BA-MH85S,WAGON R
CAR,TOYOTA,URBAN CRUISER TAISOR,INDIA,PETROL,998.0,AMPARA,RECONDITIONED,2024.0,2,,URBAN CRUISER TAISOR
DUAL PURPOSE (COMMERCIAL),MITSUBISHI,TRITON ATHELETE,THAILAND,DIESEL,2442.0,ANURADHAPURA,RECONDITIONED,2024.0,1,,TRITON ATHELETE
CAR,HONDA,6AA-RV5  VEZEL,JAPAN,PETROL/ELE,1490.0,KURUNEGALA,RECONDITIONED,2023.0,1,6AA-RV5,VEZEL
CAR,VOLKSWAGEN,3BA-AWDLA POLO,GERMANY,PETROL,998.0,COLOMBO,RECONDITIONED,2024.0,1,3BA-AWDLA,POLO
CAR,HONDA,6AA- RV5 VEZEL,JAPAN,PETROL/ELE,1496.0,GALLE,RECONDITIONED,2025.0,1,,6AA- RV5 VEZEL
CAR,MAZDA,5AA-MM53S,JAPAN,PETROL,658.0,GAMPAHA,RECONDITIONED,2023.0,1,5AA-MM53S,FLAIRWAGON
CAR,TOYOTA,5AA-A202A RAIZE,JAPAN,PETROL/ELE,78.0,MATARA,RECONDITIONED,2025.0,1,5AA-A202A,RAIZE
CAR,AUDI,A3 30 TFSI,UNITED KINGDOM,PETROL,999.0,GAMPAHA,RECONDITIONED,2024.0,1,,A3 30 TFSI
CAR,HONDA,CITY S V,THAILAND,PETROL,988.0,BADULLA,RECONDITIONED,2025.0,1,,CITY S V
MOTOR LORRY (COMMERCIAL),ISUZU,TRG-NKR85A ELF,JAPAN,DIESEL,2990.0,COLOMBO,RECONDITIONED,2017.0,1,TRG-NKR85A,ELF
DUAL PURPOSE (COMMERCIAL),MITSUBISHI,3DF-LC2T TRITON,THAILAND,DIESEL,2442.0,MATARA,RECONDITIONED,2024.0,1,3DF-LC2T,TRITON
CAR,TOYOTA,5AA-A202A RAIZE,JAPAN,PETROL/ELE,78.0,GAMPAHA,RECONDITIONED,2023.0,2,5AA-A202A,RAIZE
CAR,SUZUKI,3BA-HA37S ALTO,JAPAN,PETROL,658.0,KURUNEGALA,RECONDITIONED,2024.0,2,3BA-HA37S,ALTO
CAR,HONDA,CRV VTIL7,AUSTRALIA,PETROL,1498.0,COLOMBO,RECONDITIONED,2025.0,1,,CRV VTIL7
DUAL PURPOSE (COMMERCIAL),FORD,RANGER RAPTOR,THAILAND,DIESEL,1996.0,MATALE,RECONDITIONED,2025.0,1,,RANGER RAPTOR
CAR,NISSAN,ALMERA VL,THAILAND,PETROL,999.0,GALLE,RECONDITIONED,2025.0,1,,ALMERA VL
CAR,SUZUKI,5AA-MK94S SPACIA,JAPAN,PETROL,658.0,KALUTARA,RECONDITIONED,2024.0,5,5AA-MK94S,SPACIA
CAR,MERCEDES BENZ,5BA-247684M GLB180,GERMANY,PETROL,1330.0,ANURADHAPURA,RECONDITIONED,2022.0,1,5BA-247684M,GLB180
CAR,TOYOTA,5BA-M900A ROOMY,JAPAN,PETROL,996.0,KURUNEGALA,RECONDITIONED,2025.0,1,5BA-M900A,ROOMY
CAR,TOYOTA,4BA-M900A ROOMY,JAPAN,PETROL,996.0,KANDY,RECONDITIONED,2023.0,6,4BA-M900A,ROOMY
CAR,NISSAN,6AA-FE13,JAPAN,ELECTRIC,100.0,MONERAGALA,RECONDITIONED,2023.0,1,6AA-FE13,AURA
CAR,NISSAN,5BD-DR17V,JAPAN,PETROL,658.0,MATARA,RECONDITIONED,2023.0,1,5BD-DR17V,NV 100
CAR,TOYOTA,5BA-KSP210 YARIS,JAPAN,PETROL,996.0,HAMBANTOTA,RECONDITIONED,2022.0,2,5BA-KSP210,YARIS
CAR,LAND ROVER,RANGE ROVER P460E,UNITED KINGDOM,PETROL/ELE,2996.0,GAMPAHA,RECONDITIONED,2025.0,1,,RANGE ROVER P460E
CAR,LAND ROVER,3CA-LE72WAB DEFENDER,UNITED KINGDOM,DIESEL,2997.0,COLOMBO,RECONDITIONED,2022.0,1,3CA-LE72WAB,DEFENDER
CAR,TOYOTA,3BA-VJA300W  ZX,JAPAN,PETROL,3444.0,KURUNEGALA,RECONDITIONED,2025.0,1,3BA-VJA300W,ZX
CAR,HONDA,5BA-RZ3 ZR-V,JAPAN,PETROL,1496.0,KEGALLE,RECONDITIONED,2023.0,1,5BA-RZ3,ZR-V
CAR,AUDI,3AA-GYDLA,GERMANY,PETROL,996.0,COLOMBO,RECONDITIONED,2023.0,1,3AA-GYDLA,A3
CAR,SUZUKI,5AA-MX91S WAGON R,JAPAN,PETROL,658.0,ANURADHAPURA,RECONDITIONED,2024.0,1,5AA-MX91S,WAGON R
CAR,TOYOTA,5AA-A202A  RAIZE,JAPAN,PETROL/ELE,78.0,GAMPAHA,RECONDITIONED,2025.0,2,5AA-A202A,RAIZE
CAR,SUZUKI,4AA-MN71S  XBEE,JAPAN,PETROL,1000.0,PUTTALAM,RECONDITIONED,2023.0,1,4AA-MN71S,XBEE
CAR,MERCEDES BENZ,5AA-206041C C180,GERMANY,PETROL,1496.0,COLOMBO,RECONDITIONED,2022.0,2,5AA-206041C,C180
SPECIAL PURPOSE VEHICLE,TOYOTA,7FD35,JAPAN,DIESEL,2770.0,RATNAPURA,RECONDITIONED,2016.0,1,,7FD35
CAR,TOYOTA,4BA-M900A ROOMY,JAPAN,PETROL,990.0,ANURADHAPURA,RECONDITIONED,2022.0,1,4BA-M900A,ROOMY
DUAL PURPOSE (COMMERCIAL),FORD,RANGER RAPTOR,THAILAND,DIESEL,1966.0,GAMPAHA,RECONDITIONED,2025.0,1,,RANGER RAPTOR
CAR,TOYOTA,URBAN CRUISER TAISOR,INDIA,PETROL,998.0,BATTICALOA,RECONDITIONED,2024.0,1,,URBAN CRUISER TAISOR
CAR,SUZUKI,5AA-MH95S WAGON R,JAPAN,PETROL,658.0,KALUTARA,RECONDITIONED,2023.0,4,5AA-MH95S,WAGON R
CAR,SUZUKI,5BD-DA17V  EVERY,JAPAN,PETROL,658.0,MATARA,RECONDITIONED,2023.0,1,5BD-DA17V,EVERY
CAR,DAIHATSU,5BA-LA350S  MIRA,JAPAN,PETROL,656.0,COLOMBO,RECONDITIONED,2023.0,1,5BA-LA350S,MIRA
CAR,TOYOTA,3BA-TRJ150W,JAPAN,PETROL,2693.0,MATARA,RECONDITIONED,2023.0,1,3BA-TRJ150W,PRADO
CAR,DAIHATSU,5BA LA350S MIRA ES,JAPAN,PETROL,658.0,COLOMBO,RECONDITIONED,2023.0,1,,5BA LA350S MIRA ES
CAR,HONDA,6AA-RV5,JAPAN,PETROL/ELE,1496.0,GALLE,RECONDITIONED,2023.0,1,6AA-RV5,VEEZL
CAR,MERCEDES BENZ,5AA-118384M CLA 180,GERMANY,PETROL,1332.0,COLOMBO,RECONDITIONED,2024.0,1,5AA-118384M,CLA 180
DUAL PURPOSE (COMMERCIAL),FORD,RANGER RAPTOR,THAILAND,PETROL,2956.0,PUTTALAM,RECONDITIONED,2025.0,1,,RANGER RAPTOR
MOTOR LORRY (COMMERCIAL),TOYOTA,3DG-XZU414 DYNA,JAPAN,DIESEL,4000.0,GAMPAHA,RECONDITIONED,2008.0,1,3DG-XZU414,DYNA
CAR,MITSUBISHI,4AA-B35W EK  Z,JAPAN,PETROL,658.0,GAMPAHA,RECONDITIONED,2023.0,1,4AA-B35W,EK  Z
CAR,TOYOTA,5AA-A202A RAIZE,JAPAN,PETROL/ELE,78.0,AMPARA,RECONDITIONED,2025.0,3,5AA-A202A,RAIZE
CAR,SUZUKI,3BA-DA17V EVERY,JAPAN,PETROL,658.0,MATARA,RECONDITIONED,2024.0,1,3BA-DA17V,EVERY
CAR,SUZUKI,4AA-MN71S X BEE,JAPAN,PETROL,996.0,COLOMBO,RECONDITIONED,2023.0,1,4AA-MN71S,X BEE
CAR,TOYOTA,5AA-A202A RAIZE,JAPAN,PETROL/ELE,78.0,POLONNARUWA,RECONDITIONED,2023.0,1,5AA-A202A,RAIZE
CAR,SUZUKI,4AA-MH55S WAGON R,JAPAN,PETROL,658.0,GAMPAHA,RECONDITIONED,2024.0,2,4AA-MH55S,WAGON R
CAR,NISSAN,ALMERA 1.0 TURBO EL,THAILAND,PETROL,999.0,COLOMBO,RECONDITIONED,2025.0,1,,ALMERA 1.0 TURBO EL
AMBULANCE,MERCEDES BENZ,115 CDI,SPAIN,DIESEL,2148.0,COLOMBO,RECONDITIONED,2008.0,1,,115 CDI
CAR,SUZUKI,5AA-MH95S,JAPAN,PETROL,658.0,JAFFNA,RECONDITIONED,2025.0,2,5AA-MH95S,WGON R
CAR,DAIHATSU,5BA-LA360S MIRA,JAPAN,PETROL,658.0,BATTICALOA,RECONDITIONED,2023.0,1,5BA-LA360S,MIRA
CAR,SUZUKI,5BD-DA17V EVERY,JAPAN,PETROL,658.0,KURUNEGALA,RECONDITIONED,2024.0,3,5BD-DA17V,EVERY
CAR,NISSAN,4AA-B45A ROOX,JAPAN,PETROL,658.0,COLOMBO,RECONDITIONED,2023.0,1,4AA-B45A,ROOX
DUAL PURPOSE (COMMERCIAL),MITSUBISHI,TRINTON ATHLETE,THAILAND,DIESEL,2442.0,COLOMBO,RECONDITIONED,2025.0,1,,TRINTON ATHLETE
CAR,TOYOTA,3BA-VJA300W,JAPAN,PETROL,3445.0,COLOMBO,RECONDITIONED,2024.0,1,3BA-VJA300W,LC300
CAR,DAIHATSU,5BA-LA350S MIRA ES,JAPAN,PETROL,658.0,KALUTARA,RECONDITIONED,2023.0,2,5BA-LA350S,MIRA ES
CAR,SUZUKI,3BD-DA17V EVERY,JAPAN,PETROL,658.0,NUWARA-ELIYA,RECONDITIONED,2025.0,1,3BD-DA17V,EVERY
CAR,SUZUKI,4AA-MH55S WAGON R,JAPAN,PETROL,658.0,AMPARA,RECONDITIONED,2024.0,2,4AA-MH55S,WAGON R
CAR,MERCEDES BENZ,GLB-200 AMG LNE,GERMANY,PETROL,1332.0,GAMPAHA,RECONDITIONED,2025.0,1,GLB-200,AMG LNE
LAND VEHICLE (SMALL),KUBOTA,K600,JAPAN,DIESEL,422.0,ANURADHAPURA,RECONDITIONED,2004.0,1,,K600
LAND VEHICLE,KUBOTA,B1-15,JAPAN,DIESEL,780.0,TRINCOMALEE,RECONDITIONED,2014.0,1,B1-15,Unknown
CAR,LAND ROVER,RANGE ROVER AUTOBIO,UNITED KINGDOM,PETROL/ELE,2996.0,PUTTALAM,RECONDITIONED,2025.0,1,,RANGE ROVER AUTOBIO
CAR,SUZUKI,4AA-MH55S WAGON R,JAPAN,PETROL,658.0,MATALE,RECONDITIONED,2025.0,1,4AA-MH55S,WAGON R
COMMERCIAL,TOYOTA,3DF-GDH223B,JAPAN,DIESEL,2754.0,GALLE,RECONDITIONED,2024.0,1,3DF-GDH223B,HIACE
CAR,MERCEDES BENZ,CLA 250 AMG LINE,GERMANY,PETROL/ELE,1332.0,COLOMBO,RECONDITIONED,2024.0,1,,CLA 250 AMG LINE
COMMERCIAL,TOYOTA,3DF-GDH223B HIACE,JAPAN,DIESEL,2754.0,ANURADHAPURA,RECONDITIONED,2023.0,1,3DF-GDH223B,HIACE
CAR,TOYOTA,6AA -MXPJ10 YARIS,JAPAN,PETROL/ELE,1496.0,ANURADHAPURA,RECONDITIONED,2023.0,1,,6AA -MXPJ10 YARIS
CAR,SUZUKI,5AA--MX91S WAGON R,JAPAN,PETROL,658.0,COLOMBO,RECONDITIONED,2023.0,1,5AA--MX91S,WAGON R
CAR,AUDI,3AA-GYDLA,GERMANY,PETROL,996.0,KURUNEGALA,RECONDITIONED,2022.0,1,3AA-GYDLA,A3
CAR,TOYOTA,6AA-MXPJ10 YARIS,JAPAN,PETROL/ELE,1490.0,HAMBANTOTA,RECONDITIONED,2024.0,1,6AA-MXPJ10,YARIS
CAR,TOYOTA,6BA-MXUA80 HARRIER,JAPAN,PETROL,1986.0,COLOMBO,RECONDITIONED,2024.0,1,6BA-MXUA80,HARRIER
MOTOR LORRY (COMMERCIAL),ISUZU,2PG-FRR90T2,JAPAN,DIESEL,5190.0,POLONNARUWA,RECONDITIONED,2018.0,1,2PG-FRR90T2,FORWARD
SINGLE CAB,NISSAN,3BD-DR16T,JAPAN,PETROL,650.0,GAMPAHA,RECONDITIONED,2023.0,1,3BD-DR16T,CLIPER
SINGLE CAB,SUZUKI,3BD-DA16T CARRY,JAPAN,PETROL,658.0,KURUNEGALA,RECONDITIONED,2025.0,1,3BD-DA16T,CARRY
CAR,TOYOTA,YARIS  ATIV HEV,THAILAND,PETROL/ELE,1496.0,COLOMBO,RECONDITIONED,2025.0,1,,YARIS  ATIV HEV
CAR,TOYOTA,5BA-MZEA17,JAPAN,PETROL,1496.0,KURUNEGALA,RECONDITIONED,2024.0,1,5BA-MZEA17,COROLLA
CAR,DAIHATSU,5BA-LA900S TAFT,JAPAN,PETROL,658.0,BATTICALOA,RECONDITIONED,2023.0,1,5BA-LA900S,TAFT
CAR,LAND ROVER,3BA-LE72XCA DEFENDER,JAPAN,PETROL,1997.0,COLOMBO,RECONDITIONED,2023.0,1,3BA-LE72XCA,DEFENDER
LAND VEHICLE (SMALL),KUBOTA,K7,JAPAN,DIESEL,401.0,GALLE,RECONDITIONED,2018.0,1,,K7
CAR,TOYOTA,5BA-KSP210  YARIS,JAPAN,PETROL,996.0,POLONNARUWA,RECONDITIONED,2022.0,1,5BA-KSP210,YARIS
CAR,NISSAN,5AA-B47A  ROOX,JAPAN,PETROL,658.0,ANURADHAPURA,RECONDITIONED,2023.0,1,5AA-B47A,ROOX
CAR,NISSAN,5BA-B43W DAYZ,JAPAN,PETROL,658.0,PUTTALAM,RECONDITIONED,2024.0,1,5BA-B43W,DAYZ
MOTOR CYCLE,HONDA,8BK-KF47,JAPAN,PETROL,157.0,TRINCOMALEE,RECONDITIONED,2025.0,1,8BK-KF47,Unknown
CAR,TOYOTA,5AA-A202A RAIZE,JAPAN,ELECTRIC,78.0,MONERAGALA,RECONDITIONED,2025.0,1,5AA-A202A,RAIZE
MOTOR CYCLE,HONDA,PCX125,VIETNAM,PETROL,124.0,COLOMBO,RECONDITIONED,2025.0,1,,PCX125
CAR,TOYOTA,5AA-A202A RAIZE,JAPAN,PETROL/ELE,1196.0,MONERAGALA,RECONDITIONED,2023.0,1,5AA-A202A,RAIZE
CAR,SUZUKI,5BA-MH85S WAGON R,JAPAN,PETROL,656.0,ANURADHAPURA,RECONDITIONED,2023.0,1,5BA-MH85S,WAGON R
CAR,DAIHATSU,5BA-LA350S MIRA E. S,JAPAN,PETROL,656.0,MATARA,RECONDITIONED,2023.0,1,5BA-LA350S,MIRA E. S
CAR,KIA,SONET G1.0T,INDIA,PETROL,998.0,COLOMBO,RECONDITIONED,2025.0,1,,SONET G1.0T
CAR,DAIHATSU,5BA-LA350S MIRA ES,JAPAN,PETROL,656.0,MONERAGALA,RECONDITIONED,2023.0,1,5BA-LA350S,MIRA ES
CAR,SUZUKI,5AA-MH95S WAGON R,JAPAN,PETROL,658.0,AMPARA,RECONDITIONED,2023.0,1,5AA-MH95S,WAGON R
CAR,NISSAN,5BD-DR17V  CLIPPER,JAPAN,PETROL,658.0,KANDY,RECONDITIONED,2024.0,1,5BD-DR17V,CLIPPER
CAR,TOYOTA,3BA-A210A,JAPAN,PETROL,996.0,COLOMBO,RECONDITIONED,2022.0,1,3BA-A210A,Unknown
CAR,TOYOTA,5BA-KSP210,JAPAN,PETROL,996.0,COLOMBO,RECONDITIONED,2022.0,1,5BA-KSP210,YARIS X
CAR,MERCEDES BENZ,5LA-214054 E CLASS,GERMANY,PETROL/ELE,1997.0,COLOMBO,RECONDITIONED,2024.0,1,5LA-214054,E CLASS
CAR,LEXUS,3BA-VJA310W LX600,JAPAN,PETROL,3444.0,KURUNEGALA,RECONDITIONED,2024.0,1,3BA-VJA310W,LX600
CAR,NISSAN,5AA B44W DAYZ,JAPAN,PETROL,658.0,KALUTARA,RECONDITIONED,2024.0,1,,5AA B44W DAYZ
CAR,TOYOTA,5BA-A201A RAIZE,JAPAN,PETROL,1196.0,BATTICALOA,RECONDITIONED,2025.0,1,5BA-A201A,RAIZE
CAR,TOYOTA,5BA-A201A RAIZE,JAPAN,PETROL,1196.0,KURUNEGALA,RECONDITIONED,2025.0,1,5BA-A201A,RAIZE
CAR,HONDA,5BA-RV4 VEZEL,JAPAN,PETROL,1496.0,COLOMBO,RECONDITIONED,2025.0,1,5BA-RV4,VEZEL
CAR,SUZUKI,5AA-MH95S WAGON R,JAPAN,PETROL,658.0,KANDY,RECONDITIONED,2023.0,1,5AA-MH95S,WAGON R
CAR,SUZUKI,5AA-ZCEDS SWIFT,JAPAN,PETROL,1196.0,GALLE,RECONDITIONED,2023.0,1,5AA-ZCEDS,SWIFT
CAR,VOLKSWAGEN,3BA-C1DKR T-CROSS,GERMANY,PETROL,996.0,GALLE,RECONDITIONED,2023.0,1,3BA-C1DKR,T-CROSS
SINGLE CAB,SUZUKI,3BD-DA16T CARRY,JAPAN,PETROL,658.0,MATARA,RECONDITIONED,2024.0,1,3BD-DA16T,CARRY
CAR,NISSAN,5AA-B44W DAYZ,JAPAN,PETROL,659.0,COLOMBO,RECONDITIONED,2023.0,1,5AA-B44W,DAYZ
CAR,SUZUKI,5BA-MH85S WAGON R,JAPAN,PETROL,656.0,GAMPAHA,RECONDITIONED,2025.0,1,5BA-MH85S,WAGON R
CAR,NISSAN,5BD-DR17V CLIPPER,JAPAN,PETROL,658.0,HAMBANTOTA,RECONDITIONED,2024.0,1,5BD-DR17V,CLIPPER
CAR,MITSUBISHI,5BA-B33W EK WAGON,JAPAN,PETROL,656.0,KALUTARA,RECONDITIONED,2023.0,1,5BA-B33W,EK WAGON
MOTOR LORRY (COMMERCIAL),ISUZU,2RG-NPR88AN ELF,JAPAN,DIESEL,2990.0,COLOMBO,RECONDITIONED,2020.0,1,2RG-NPR88AN,ELF
LAND VEHICLE (SMALL),KUBOTA,K550,JAPAN,DIESEL,375.0,RATNAPURA,RECONDITIONED,2017.0,2,,K550
CAR,TOYOTA,5BA-KSP210 YARIS,JAPAN,PETROL,996.0,HAMBANTOTA,RECONDITIONED,2025.0,1,5BA-KSP210,YARIS
CAR,NISSAN,6AA-FE13 NOTE AURA,JAPAN,PETROL/ELE,100.0,RATNAPURA,RECONDITIONED,2023.0,1,6AA-FE13,NOTE AURA
CAR,SUZUKI,3BA-HA37S ALTO,JAPAN,PETROL,657.0,RATNAPURA,RECONDITIONED,2024.0,1,3BA-HA37S,ALTO
MOTOR CYCLE,HONDA,PCX 160,JAPAN,PETROL,157.0,MANNAR,RECONDITIONED,2024.0,1,,PCX 160
CAR,AUDI,3AA-F3DFY-Q3 S LINE,GERMANY,PETROL/ELE,1497.0,COLOMBO,RECONDITIONED,2023.0,1,3AA-F3DFY-Q3,S LINE
CAR,SUZUKI,5BA-MH85S WAGON R,JAPAN,PETROL,658.0,NUWARA-ELIYA,RECONDITIONED,2024.0,1,5BA-MH85S,WAGON R
CAR,TOYOTA,5BA-A201A  RAIZE,JAPAN,PETROL,1196.0,KURUNEGALA,RECONDITIONED,2023.0,1,5BA-A201A,RAIZE
CAR,HONDA,6BA-JF3N BOX,JAPAN,PETROL,660.0,COLOMBO,RECONDITIONED,2023.0,1,6BA-JF3N,BOX
CAR,TOYOTA,URBAN CRUISER TAISOR,INDIA,PETROL,998.0,PUTTALAM,RECONDITIONED,2024.0,1,,URBAN CRUISER TAISOR
CAR,TOYOTA,5BA-LA350A  PIXIS,JAPAN,PETROL,658.0,MATARA,RECONDITIONED,2023.0,1,5BA-LA350A,PIXIS
CAR,NISSAN,4AA-B45W DAYZ,JAPAN,PETROL,658.0,KANDY,RECONDITIONED,2023.0,1,4AA-B45W,DAYZ
DUAL PURPOSE (COMMERCIAL),TOYOTA,HILUX REVO ROCCO,THAILAND,DIESEL,2755.0,JAFFNA,RECONDITIONED,2025.0,1,,HILUX REVO ROCCO
CAR,TOYOTA,3BA-A210A  RAIZE,JAPAN,PETROL,996.0,KURUNEGALA,RECONDITIONED,2025.0,1,3BA-A210A,RAIZE
CAR,SUZUKI,3BA-DA17W EVERY,JAPAN,PETROL,658.0,COLOMBO,RECONDITIONED,2023.0,1,3BA-DA17W,EVERY
CAR,DAIHATSU,5BA-LA350S MIRA ES,JAPAN,PETROL,658.0,KANDY,RECONDITIONED,2025.0,1,5BA-LA350S,MIRA ES
CAR,NISSAN,4AA-B45A ROOX,JAPAN,PETROL,658.0,GAMPAHA,RECONDITIONED,2025.0,1,4AA-B45A,ROOX
CAR,SUZUKI,5AA-MX91S WAGON R,JAPAN,PETROL,658.0,GAMPAHA,RECONDITIONED,2024.0,1,5AA-MX91S,WAGON R
CAR,TOYOTA,3BA-TRJ250W,JAPAN,PETROL,2693.0,JAFFNA,RECONDITIONED,2024.0,1,3BA-TRJ250W,VX
CAR,SUZUKI,4AA-MK54S SPACIA,JAPAN,PETROL,658.0,MATALE,RECONDITIONED,2024.0,1,4AA-MK54S,SPACIA
CAR,MITSUBISHI,5AA-B34A DELICA MINI,JAPAN,PETROL,659.0,COLOMBO,RECONDITIONED,2023.0,1,5AA-B34A,DELICA MINI
MOTOR LORRY (COMMERCIAL),ISUZU,TPG-NMR85AN ELF,JAPAN,DIESEL,2990.0,COLOMBO,RECONDITIONED,2018.0,1,TPG-NMR85AN,ELF
CAR,SUZUKI,3BA-HA37S ALTO,JAPAN,PETROL,650.0,GAMPAHA,RECONDITIONED,2024.0,1,3BA-HA37S,ALTO
CAR,NISSAN,5AA-B44W DAYZ,JAPAN,PETROL,658.0,AMPARA,RECONDITIONED,2023.0,1,5AA-B44W,DAYZ
CAR,SUZUKI,5AA-MH95S  WAGON R,JAPAN,PETROL,658.0,KURUNEGALA,RECONDITIONED,2025.0,1,5AA-MH95S,WAGON R
CAR,TOYOTA,3BA-A210A RAIZE,JAPAN,PETROL,996.0,AMPARA,RECONDITIONED,2024.0,1,3BA-A210A,RAIZE
CAR,DAIHATSU,5AA-A202S ROCKY,JAPAN,PETROL/ELE,1196.0,GAMPAHA,RECONDITIONED,2025.0,2,5AA-A202S,ROCKY
CAR,NISSAN,5BA-B43W DAYZ,JAPAN,PETROL,659.0,MATARA,RECONDITIONED,2024.0,1,5BA-B43W,DAYZ
CAR,NISSAN,4AA-B45A ROOX,JAPAN,PETROL,656.0,COLOMBO,RECONDITIONED,2023.0,1,4AA-B45A,ROOX
CAR,HONDA,6AA-RV5 VEZEL,JAPAN,PETROL/ELE,1496.0,AMPARA,RECONDITIONED,2023.0,1,6AA-RV5,VEZEL
CAR,SUZUKI,5AA-MK94S SPACIA,JAPAN,PETROL,658.0,PUTTALAM,RECONDITIONED,2023.0,1,5AA-MK94S,SPACIA
CAR,HONDA,6AA-RV5 VEZEL,JAPAN,PETROL/ELE,1496.0,GALLE,RECONDITIONED,2022.0,1,6AA-RV5,VEZEL
CAR,VOLKSWAGEN,3BA-C1DKR T-CROSS,SPAIN,PETROL,999.0,BATTICALOA,RECONDITIONED,2024.0,1,3BA-C1DKR,T-CROSS
LAND VEHICLE,AVENGER,50HT,INDIA,DIESEL,3364.0,KURUNEGALA,RECONDITIONED,2025.0,1,,50HT
MOTOR CYCLE,HONDA,PCX160,JAPAN,PETROL,156.0,KEGALLE,RECONDITIONED,2025.0,1,,PCX160
CAR,HONDA,5BA-RZ3   ZR-V,JAPAN,PETROL,1496.0,COLOMBO,RECONDITIONED,2024.0,1,5BA-RZ3,ZR-V
CAR,NISSAN,5BD-DR17V CLIPPER,JAPAN,PETROL,658.0,AMPARA,RECONDITIONED,2023.0,1,5BD-DR17V,CLIPPER
CAR,HONDA,6AA RV5 VEZEL,JAPAN,PETROL/ELE,1496.0,KURUNEGALA,RECONDITIONED,2025.0,1,,6AA RV5 VEZEL
SPECIAL PURPOSE VEHICLE,KOMATSU,W100 WHEEL LOADER,JAPAN,DIESEL,4900.0,BATTICALOA,RECONDITIONED,2012.0,1,,W100 WHEEL LOADER
CAR,LEXUS,6AA-MAYH10 LEXUS LBX,JAPAN,PETROL/ELE,1490.0,COLOMBO,RECONDITIONED,2025.0,1,6AA-MAYH10,LEXUS LBX
LAND VEHICLE (SMALL),KUBOTA,K550,JAPAN,DIESEL,375.0,GALLE,RECONDITIONED,2016.0,1,,K550
CAR,TOYOTA,5BA-KSP210  YARIS,JAPAN,PETROL,996.0,KURUNEGALA,RECONDITIONED,2024.0,1,5BA-KSP210,YARIS
CAR,SUZUKI,DBA-MH85S WAGON R,JAPAN,PETROL,658.0,BATTICALOA,RECONDITIONED,2024.0,1,DBA-MH85S,WAGON R
MOTOR CYCLE,HONDA,PCX 160  ABS,INDONESIA,PETROL,157.0,PUTTALAM,RECONDITIONED,2025.0,1,,PCX 160  ABS
MOTOR CYCLE,HONDA,ADV160,THAILAND,PETROL,157.0,RATNAPURA,RECONDITIONED,2025.0,1,,ADV160
CAR,TOYOTA,5BA-KSP210 YARIS,JAPAN,PETROL,996.0,PUTTALAM,RECONDITIONED,2024.0,1,5BA-KSP210,YARIS
CAR,SUZUKI,5AA-MK94S SPACIA,JAPAN,PETROL,660.0,GAMPAHA,RECONDITIONED,2025.0,1,5AA-MK94S,SPACIA
CAR,NISSAN,5BD-DR17 CLIPPER,JAPAN,PETROL,658.0,KALUTARA,RECONDITIONED,2023.0,1,5BD-DR17,CLIPPER
CAR,SUZUKI,5AA-MK94S SPACIA,JAPAN,PETROL,658.0,COLOMBO,RECONDITIONED,2023.0,1,5AA-MK94S,SPACIA
CAR,LEXUS,5AA-TALH17 RX500H,JAPAN,PETROL/ELE,2393.0,COLOMBO,RECONDITIONED,2024.0,1,5AA-TALH17,RX500H
CAR,TOYOTA,URBAN CRUISER HYRYDR,INDIA,PETROL/ELE,1496.0,COLOMBO,RECONDITIONED,2025.0,1,,URBAN CRUISER HYRYDR
DUAL PURPOSE (COMMERCIAL),TOYOTA,HILUX REVO,THAILAND,DIESEL,2755.0,PUTTALAM,RECONDITIONED,2025.0,1,,HILUX REVO
MOTOR CYCLE,RISE,LEADER R80 V2.0,SRI LANKA,ELECTRIC,1.5,GALLE,BRAND NEW-L/MANUFACT,2025.0,3,,LEADER R80 V2.0
MOTOR CYCLE,RISE,LEADER PLUS,SRI LANKA,ELECTRIC,2.0,JAFFNA,BRAND NEW-L/MANUFACT,2025.0,1,,LEADER PLUS
TRACTOR TRAILER/BOWSER,LOCALLY BUILT,TRACTOR  TRAILER,SRI LANKA,NOT STATED,0.0,KILINOCHCHI,LOCALLY ASSEMBLED,2025.0,1,,TRACTOR  TRAILER
MOTOR CYCLE,RISE,LEADER R80 V2.0,SRI LANKA,ELECTRIC,1.5,KALUTARA,BRAND NEW-L/MANUFACT,2025.0,2,,LEADER R80 V2.0
MOTOR CYCLE,RISE,LEADER 125,SRI LANKA,PETROL,125.0,KURUNEGALA,BRAND NEW-L/MANUFACT,2025.0,9,,LEADER 125
MOTOR CYCLE,RISE,LEADER PLUS,SRI LANKA,ELECTRIC,2.0,ANURADHAPURA,BRAND NEW-L/MANUFACT,2025.0,1,,LEADER PLUS
MOTOR CYCLE,GALLANT,TM-70,SRI LANKA,PETROL,70.0,POLONNARUWA,BRAND NEW-L/MANUFACT,2025.0,1,TM-70,Unknown
MOTOR CYCLE,RISE,LEADER 125,SRI LANKA,PETROL,125.0,GAMPAHA,BRAND NEW-L/MANUFACT,2025.0,1,,LEADER 125
TRACTOR TRAILER/BOWSER,LOCALLY BUILT,TRACTOR  TRAILER,SRI LANKA,NOT STATED,0.0,KILINOCHCHI,LOCALLY BUILT,2025.0,7,,TRACTOR  TRAILER
TRACTOR TRAILER/BOWSER,LOCALLY BUILT,TRACTOR TRAILER,SRI LANKA,NOT STATED,0.0,TRINCOMALEE,LOCALLY BUILT,2025.0,3,,TRACTOR TRAILER
TRACTOR TRAILER/BOWSER,LOCALLY BUILT,TRACTOR  TRAILER,SRI LANKA,NOT STATED,0.0,PUTTALAM,LOCALLY BUILT,2025.0,2,,TRACTOR  TRAILER
LORRY TRAILER/BOWSER,TANTRI,TSK 40,SRI LANKA,NOT STATED,0.0,COLOMBO,LOCALLY BUILT,2025.0,1,,TSK 40
TRACTOR TRAILER/BOWSER,LOCALLY BUILT,TRACTOR  TRAILER,SRI LANKA,NOT STATED,0.0,TRINCOMALEE,LOCALLY BUILT,2025.0,4,,TRACTOR  TRAILER
TRACTOR TRAILER/BOWSER,LOCALLY BUILT,TRACTOR TRAILER,SRI LANKA,NOT STATED,0.0,MONERAGALA,LOCALLY BUILT,2025.0,3,,TRACTOR TRAILER
LORRY TRAILER/BOWSER,TANTRI,TSK-20,SRI LANKA,NOT STATED,0.0,COLOMBO,LOCALLY BUILT,2025.0,3,TSK-20,Unknown
TRACTOR TRAILER/BOWSER,LOCALLY BUILT,TRACTOR TRAILER,SRI LANKA,NOT STATED,0.0,COLOMBO,LOCALLY BUILT,2025.0,4,,TRACTOR TRAILER
TRACTOR TRAILER/BOWSER,LOCALLY BUILT,TRACTOR  TRAILER,SRI LANKA,NOT STATED,0.0,COLOMBO,LOCALLY BUILT,2025.0,1,,TRACTOR  TRAILER
LORRY TRAILER/BOWSER,DUTCH LANKA TRAILER,DLST 40/40T,SRI LANKA,NOT STATED,0.0,POLONNARUWA,LOCALLY BUILT,2025.0,1,,DLST 40/40T
LORRY TRAILER/BOWSER,DUTCH LANKA TRAILER,DLFT- 40/50T,SRI LANKA,NOT STATED,0.0,BATTICALOA,LOCALLY BUILT,2025.0,1,,DLFT- 40/50T
MOTOR CYCLE,SHANGLING,SR COOL,CHINA,ELECTRIC,1.0,TRINCOMALEE,BRAND NEW,2022.0,1,,SR COOL
MOTOR CYCLE,DYNO,DRV 125 EFI,CHINA,PETROL,125.0,COLOMBO,BRAND NEW,2025.0,3,,DRV 125 EFI
LAND VEHICLE,AVENGER,50HT,INDIA,DIESEL,3364.0,KURUNEGALA,BRAND NEW,2025.0,1,,50HT
COMMERCIAL,TOYOTA,KDH223R-LEMDYT HIACE,JAPAN,DIESEL,2982.0,COLOMBO,BRAND NEW,2025.0,23,,KDH223R-LEMDYT HIACE
MOTOR CYCLE,TVS,TVS NTORQ 125 CC,INDIA,PETROL,124.8,GALLE,BRAND NEW,2025.0,365,,TVS NTORQ 125 CC
MOTOR CYCLE,TVS,TVS NTORQ 125 CC,INDIA,PETROL,124.8,PUTTALAM,BRAND NEW,2025.0,283,,TVS NTORQ 125 CC
MOTOR CYCLE,TVS,TVS RAIDER 125,INDIA,PETROL,124.66,ANURADHAPURA,BRAND NEW,2025.0,88,,TVS RAIDER 125
MOTOR CYCLE,TVS,TVS NTORQ 125 CC,INDIA,PETROL,124.8,HAMBANTOTA,BRAND NEW,2025.0,138,,TVS NTORQ 125 CC
MOTOR CYCLE,TVS,IQUBE,INDIA,ELECTRIC,3.34,GAMPAHA,BRAND NEW,2025.0,35,,IQUBE
MOTOR CYCLE,TVS,IQUBE,INDIA,ELECTRIC,3.34,KURUNEGALA,BRAND NEW,2025.0,11,,IQUBE
MOTOR CYCLE,TVS,IQUBE,INDIA,ELECTRIC,3.34,GALLE,BRAND NEW,2025.0,15,,IQUBE
MOTOR CYCLE,YAMAHA,FZ S FI VER 4.0,INDIA,PETROL,149.0,BATTICALOA,BRAND NEW,2025.0,15,,FZ S FI VER 4.0
MOTOR CYCLE,YAMAHA,FZ  VER 2.0,INDIA,PETROL,149.0,MANNAR,BRAND NEW,2025.0,3,,FZ  VER 2.0
MOTOR CYCLE,YAMAHA,RAY ZR,INDIA,PETROL,113.0,MATARA,BRAND NEW,2025.0,22,,RAY ZR
MOTOR CYCLE,YAMAHA,RAY ZRSTREETRALLY125,INDIA,PETROL,125.0,KURUNEGALA,BRAND NEW,2025.0,18,,RAY ZRSTREETRALLY125
MOTOR CYCLE,YAMAHA,RAY ZR,INDIA,PETROL,113.0,AMPARA,BRAND NEW,2025.0,12,,RAY ZR
MOTOR CYCLE,YAMAHA,FZ S FI VER 4.0,INDIA,PETROL,149.0,GAMPAHA,BRAND NEW,2025.0,36,,FZ S FI VER 4.0
MOTOR CYCLE,YAMAHA,RAY ZR,INDIA,PETROL,113.0,KALUTARA,BRAND NEW,2025.0,14,,RAY ZR
MOTOR CYCLE,YAMAHA,RAY ZR 125,INDIA,PETROL,125.0,KALUTARA,BRAND NEW,2025.0,21,,RAY ZR 125
MOTOR CYCLE,YAMAHA,RAY ZR 125,INDIA,PETROL,125.0,GALLE,BRAND NEW,2025.0,8,,RAY ZR 125
MOTOR CYCLE,YAMAHA,RAY ZR 125,INDIA,PETROL,125.0,KILINOCHCHI,BRAND NEW,2025.0,4,,RAY ZR 125
MOTOR CYCLE,HONDA,DIO DLX,INDIA,PETROL,109.0,KURUNEGALA,BRAND NEW,2025.0,133,,DIO DLX
MOTOR CYCLE,YAMAHA,FZ  VER 2.0,INDIA,PETROL,149.0,BADULLA,BRAND NEW,2025.0,4,,FZ  VER 2.0
MOTOR CYCLE,SOLID,LEO,CHINA,ELECTRIC,1.2,GAMPAHA,BRAND NEW,2024.0,2,,LEO
MOTOR CYCLE,HONDA,DIO DLX,INDIA,PETROL,109.0,KALUTARA,BRAND NEW,2025.0,77,,DIO DLX
MOTOR CYCLE,BAJAJ,PULSAR NS 200,INDIA,PETROL,199.5,COLOMBO,BRAND NEW,2025.0,176,,PULSAR NS 200
PRIMER MOVER,TATA,SIGNA 4018,INDIA,DIESEL,5883.0,COLOMBO,BRAND NEW,2025.0,49,,SIGNA 4018
CAR,BYD,ATTO3-ADVANCED,CHINA,ELECTRIC,100.0,KURUNEGALA,BRAND NEW,2025.0,1,ATTO3-ADVANCED,Unknown
MOTOR CYCLE,BAJAJ,PULSAR N 125,INDIA,PETROL,124.58,KALUTARA,BRAND NEW,2025.0,32,,PULSAR N 125
MOTOR CYCLE,BAJAJ,PULSAR NS 200,INDIA,PETROL,199.5,BATTICALOA,BRAND NEW,2025.0,85,,PULSAR NS 200
MOTOR CYCLE,BAJAJ,CT 100 ES,INDIA,PETROL,102.0,COLOMBO,BRAND NEW,2025.0,2,,CT 100 ES
CAR,JETOUR,X70 PLUS,CHINA,PETROL,1498.0,COLOMBO,BRAND NEW,2025.0,6,,X70 PLUS
MOTOR CYCLE,BAJAJ,PULSAR N 125,INDIA,PETROL,124.58,MATARA,BRAND NEW,2025.0,20,,PULSAR N 125
THREE WHEELER,BAJAJ,RE 4S AUTORICKSHAW,INDIA,PETROL,237.0,GAMPAHA,BRAND NEW,2025.0,217,,RE 4S AUTORICKSHAW
MOTOR CYCLE,BAJAJ,PULSAR N 160,INDIA,PETROL,164.32,GALLE,BRAND NEW,2025.0,101,,PULSAR N 160
MOTOR CYCLE,HERO,HUNK 160,INDIA,PETROL,163.14,HAMBANTOTA,BRAND NEW,2025.0,22,,HUNK 160
MOTOR CYCLE,ATHER,450X,INDIA,ELECTRIC,3.0,COLOMBO,BRAND NEW,2025.0,27,,450X
LAND VEHICLE,YANMAR,YM358R,THAILAND,DIESEL,3319.0,MATALE,BRAND NEW,2025.0,4,,YM358R
CAR,NISSAN,MAGNITE ACENTA BR10,INDIA,PETROL,999.0,COLOMBO,BRAND NEW,2025.0,52,,MAGNITE ACENTA BR10
CAR,MAHINDRA,XUV 3XO,INDIA,PETROL,1197.0,GAMPAHA,BRAND NEW,2025.0,2,,XUV 3XO
MOTOR CYCLE,HERO,HF-DELUXE,INDIA,PETROL,97.2,COLOMBO,BRAND NEW,2025.0,11,HF-DELUXE,Unknown
MOTOR CYCLE,YAMAHA,RAY ZR,INDIA,PETROL,113.0,KANDY,BRAND NEW,2025.0,7,,RAY ZR
LAND VEHICLE,TAFE,45DI,INDIA,DIESEL,2500.0,VAVUNIYA,BRAND NEW,2025.0,16,,45DI
MOTOR CYCLE,YAMAHA,RAY ZRSTREETRALLY125,INDIA,PETROL,125.0,KANDY,BRAND NEW,202.0,1,,RAY ZRSTREETRALLY125
MOTOR CYCLE,YAMAHA,FZ S FI VER 4.0,INDIA,PETROL,149.0,ANURADHAPURA,BRAND NEW,2025.0,16,,FZ S FI VER 4.0
MOTOR CYCLE,RANOMOTO,GN125H,CHINA,PETROL,124.0,AMPARA,BRAND NEW,2025.0,37,,GN125H
MOTOR CYCLE,RANOMOTO,GN125H,CHINA,PETROL,124.0,KEGALLE,BRAND NEW,2025.0,17,,GN125H
MOTOR CYCLE,RANOMOTO,FLASH,CHINA,PETROL,79.0,GAMPAHA,BRAND NEW,2025.0,20,,FLASH
MOTOR CYCLE,RANOMOTO,PATTAYA DOUBLE POWER,CHINA,PETROL,80.0,GALLE,BRAND NEW,2025.0,13,,PATTAYA DOUBLE POWER
MOTOR CYCLE,AIMA,LIBERTY,CHINA,ELECTRIC,1.2,HAMBANTOTA,BRAND NEW,2025.0,17,,LIBERTY
MOTOR CYCLE,AIMA,BREEZY,CHINA,ELECTRIC,0.8,KALUTARA,BRAND NEW,2025.0,7,,BREEZY
CAR,LAND ROVER,RANGE ROVER EVOQUE,UNITED KINGDOM,PETROL/ELE,1500.0,COLOMBO,BRAND NEW,2025.0,1,,RANGE ROVER EVOQUE
CAR,WULING,BINGUO,INDONESIA,ELECTRIC,49.0,POLONNARUWA,BRAND NEW,2025.0,1,,BINGUO
MOTOR CYCLE,AIMA,MANA,CHINA,ELECTRIC,1.5,MATARA,BRAND NEW,2025.0,2,,MANA
MOTOR CYCLE,HERO,XTREME 125 R,INDIA,PETROL,124.7,MATARA,BRAND NEW,2025.0,21,,XTREME 125 R
MOTOR CYCLE,BAJAJ,CT 100 ES,SRI LANKA,PETROL,102.0,AMPARA,BRAND NEW,2025.0,1,,CT 100 ES
MOTOR CYCLE,SOLID,G6,CHINA,ELECTRIC,1.5,PUTTALAM,BRAND NEW,2024.0,2,,G6
MOTOR CYCLE,BAJAJ,PULSAR N 160,INDIA,PETROL,164.32,KILINOCHCHI,BRAND NEW,2025.0,11,,PULSAR N 160
COMMERCIAL,TOYOTA,KDH223R-LEMDYT HIACE,JAPAN,DIESEL,2982.0,ANURADHAPURA,BRAND NEW,2025.0,1,,KDH223R-LEMDYT HIACE
MOTOR CYCLE,BAJAJ,PULSAR NS 200,INDIA,PETROL,199.5,MANNAR,BRAND NEW,2025.0,14,,PULSAR NS 200
SINGLE CAB,MAHINDRA,BOLERO CITY PICKUP,INDIA,DIESEL,2523.0,GAMPAHA,BRAND NEW,2025.0,18,,BOLERO CITY PICKUP
CAR,JETOUR,DASHING,CHINA,PETROL,1498.0,GAMPAHA,BRAND NEW,2025.0,2,,DASHING
LAND VEHICLE,MAHINDRA,YUVO TECH PLUS 575DI,INDIA,DIESEL,2979.0,ANURADHAPURA,BRAND NEW,2025.0,32,,YUVO TECH PLUS 575DI
LAND VEHICLE,SONALIKA,DI-50RX-4WD,INDIA,DIESEL,3067.0,MULLATIVU,BRAND NEW,2024.0,1,DI-50RX-4WD,Unknown
MOTOR LORRY (COMMERCIAL),ISUZU,NMR85U-HH5WY,JAPAN,DIESEL,2999.0,GAMPAHA,BRAND NEW,2025.0,2,,NMR85U-HH5WY
MOTOR CYCLE,TMR LUYUAN,COLA 5,CHINA,ELECTRIC,0.4,HAMBANTOTA,BRAND NEW,2025.0,3,,COLA 5
MOTOR CYCLE,FST,TV6,CHINA,ELECTRIC,4.0,COLOMBO,BRAND NEW,2025.0,3,,TV6
MOTOR CYCLE,AIMA,MANA,CHINA,ELECTRIC,1.5,GALLE,BRAND NEW,2025.0,5,,MANA
MOTOR CYCLE,AIMA,MANA,CHINA,ELECTRIC,1.5,KURUNEGALA,BRAND NEW,2025.0,9,,MANA
MOTOR CYCLE,AIMA,MANA,CHINA,ELECTRIC,1.5,AMPARA,BRAND NEW,2025.0,1,,MANA
MOTOR CYCLE,AIMA,LIBERTY,CHINA,ELECTRIC,1.2,MONERAGALA,BRAND NEW,2025.0,20,,LIBERTY
MOTOR CYCLE,AIMA,MAVERICK,CHINA,ELECTRIC,2.0,AMPARA,BRAND NEW,2025.0,1,,MAVERICK
MOTOR CYCLE,AIMA,MAVERICK,CHINA,ELECTRIC,2.0,KEGALLE,BRAND NEW,2025.0,2,,MAVERICK
MOTOR CYCLE,YAMAHA,YZF R15 VER 4.0,INDIA,PETROL,155.0,TRINCOMALEE,BRAND NEW,2025.0,21,,YZF R15 VER 4.0
MOTOR CYCLE,YAMAHA,MT 15 VER 2.0,INDIA,PETROL,155.0,NUWARA-ELIYA,BRAND NEW,2025.0,5,,MT 15 VER 2.0
MOTOR LORRY (COMMERCIAL),ISUZU,FTR34UU-PDN,JAPAN,DIESEL,7790.0,GAMPAHA,BRAND NEW,2025.0,5,,FTR34UU-PDN
LAND VEHICLE,MAHINDRA,YUVO TECH PLUS 585DI,INDIA,DIESEL,2979.0,KURUNEGALA,BRAND NEW,2025.0,11,,YUVO TECH PLUS 585DI
MOTOR CYCLE,YADEA,T5,CHINA,ELECTRIC,1.2,COLOMBO,BRAND NEW,2025.0,61,,T5
CAR,SUZUKI,FRONX,INDIA,PETROL,998.0,COLOMBO,BRAND NEW,2025.0,143,,FRONX
MOTOR LORRY (COMMERCIAL),MITSUBISHI,FECX1ER4SDSC,JAPAN,DIESEL,2998.0,COLOMBO,BRAND NEW,2025.0,2,,FECX1ER4SDSC
CAR,TATA,PUNCH EV,INDIA,ELECTRIC,90.0,COLOMBO,BRAND NEW,2025.0,1,,PUNCH EV
COMMERCIAL,HIGER,KLQ6128 K,CHINA,DIESEL,8400.0,MATARA,BRAND NEW,2025.0,1,,KLQ6128 K
MOTOR LORRY (COMMERCIAL),LANKA ASHOK LEYLAND,PARTNER,INDIA,DIESEL,2953.0,COLOMBO,BRAND NEW,2025.0,7,,PARTNER
SINGLE CAB,TATA,YODHA,INDIA,DIESEL,2956.0,GAMPAHA,BRAND NEW,2025.0,2,,YODHA
PRIMER MOVER,TATA,SIGNA 5530,INDIA,DIESEL,6702.0,COLOMBO,BRAND NEW,2025.0,1,,SIGNA 5530
MOTOR CYCLE,TVS,TVS RAIDER 125,INDIA,PETROL,124.66,BATTICALOA,BRAND NEW,2025.0,35,,TVS RAIDER 125
MOTOR CYCLE,NWOW,WSP,CHINA,ELECTRIC,1.5,COLOMBO,BRAND NEW,2024.0,1,,WSP
MOTOR CYCLE,LUYUAN ALFA,MKK-Z23E-12-C,CHINA,ELECTRIC,1.2,MONERAGALA,BRAND NEW,2025.0,3,MKK-Z23E-12-C,Unknown
MOTOR CYCLE,LUYUAN ALFA,MKK-Z23E-12-C,CHINA,ELECTRIC,1.2,AMPARA,BRAND NEW,2025.0,2,MKK-Z23E-12-C,Unknown
MOTOR CYCLE,YADEA,T5,CHINA,ELECTRIC,1.2,TRINCOMALEE,BRAND NEW,2025.0,23,,T5
MOTOR CYCLE,WUXI,TANK,CHINA,PETROL,125.0,COLOMBO,BRAND NEW,2025.0,3,,TANK
CAR,KIA,SONET,INDIA,PETROL,998.0,KANDY,BRAND NEW,2025.0,2,,SONET
MOTOR CYCLE,YADEA,RUIBIN,CHINA,ELECTRIC,0.8,PUTTALAM,BRAND NEW,2025.0,17,,RUIBIN
THREE WHEELER,MAHINDRA,TREO,INDIA,ELECTRIC,3.5,KALUTARA,BRAND NEW,2025.0,2,,TREO
LAND VEHICLE (SMALL),LAND FORCE,RK125,THAILAND,DIESEL,624.0,TRINCOMALEE,BRAND NEW,2025.0,1,,RK125
CAR,AVATR,AVATR II,CHINA,ELECTRIC,190.0,GAMPAHA,BRAND NEW,2025.0,1,,AVATR II
DUAL PURPOSE (COMMERCIAL),MAZDA,BT50,THAILAND,DIESEL,1898.0,COLOMBO,BRAND NEW,2025.0,1,,BT50
CAR,BYD,SEALION 6 SUPERIOR,CHINA,PETROL/ELE,1498.0,MATARA,BRAND NEW,2025.0,18,,SEALION 6 SUPERIOR
MOTOR CYCLE,YAMAMOTO,JY125T-03-03-F2,CHINA,PETROL,125.0,GAMPAHA,BRAND NEW,2025.0,1,,JY125T-03-03-F2
CAR,BYD,SEALION 5 PREMIUM,CHINA,PETROL/ELE,1498.0,COLOMBO,BRAND NEW,2025.0,1,,SEALION 5 PREMIUM
MOTOR CYCLE,WUXI,MC-TKWS,CHINA,PETROL,125.0,KALUTARA,BRAND NEW,2025.0,1,MC-TKWS,Unknown
COMMERCIAL,TOYOTA,KDH223R-LEMDYT HIACE,JAPAN,DIESEL,2982.0,HAMBANTOTA,BRAND NEW,2025.0,1,,KDH223R-LEMDYT HIACE
MOTOR CYCLE,AIMA,MAVERICK,CHINA,ELECTRIC,2.0,KALUTARA,BRAND NEW,2025.0,6,,MAVERICK
MOTOR CYCLE,AIMA,BREEZY,CHINA,ELECTRIC,0.8,MONERAGALA,BRAND NEW,2025.0,5,,BREEZY
MOTOR CYCLE,AIMA,MAVERICK,CHINA,ELECTRIC,2.0,MONERAGALA,BRAND NEW,2025.0,8,,MAVERICK
MOTOR CYCLE,AIMA,BREEZY,CHINA,ELECTRIC,0.8,COLOMBO,BRAND NEW,2025.0,3,,BREEZY
MOTOR CYCLE,LIMA,EL07,CHINA,ELECTRIC,1.5,PUTTALAM,BRAND NEW,2025.0,4,,EL07
LAND VEHICLE,TAFE,45DI,INDIA,DIESEL,2700.0,KEGALLE,BRAND NEW,2025.0,4,,45DI
CAR,PERODUA,AXIA-CG1SZ,MALAYSIA,PETROL,998.0,GAMPAHA,BRAND NEW,2025.0,6,AXIA-CG1SZ,Unknown
MOTOR CYCLE,BAJAJ,PULSAR N 125,INDIA,PETROL,124.58,MULLATIVU,BRAND NEW,2025.0,4,,PULSAR N 125
PRIMER MOVER,LANKA ASHOK LEYLAND,U4019,INDIA,DIESEL,5759.0,COLOMBO,BRAND NEW,2025.0,11,,U4019
MOTOR CYCLE,YAMAHA,YZF R15 VER 4.0,INDIA,PETROL,155.0,MATARA,BRAND NEW,2025.0,3,,YZF R15 VER 4.0
MOTOR CYCLE,YAMAHA,MT 15 VER 2.0,INDIA,PETROL,155.0,ANURADHAPURA,BRAND NEW,2025.0,5,,MT 15 VER 2.0
MOTOR CYCLE,YAMAHA,FZ S FI VER 4.0,INDIA,PETROL,149.0,NUWARA-ELIYA,BRAND NEW,2025.0,2,,FZ S FI VER 4.0
CAR,TOYOTA,YARIS ATIV 5,THAILAND,PETROL,1197.0,KALUTARA,BRAND NEW,2025.0,1,,YARIS ATIV 5
MOTOR CYCLE,HERO,HF-DELUXE,INDIA,PETROL,97.2,ANURADHAPURA,BRAND NEW,2025.0,16,HF-DELUXE,Unknown
COMMERCIAL,TATA,LPO 1515,INDIA,DIESEL,5883.0,KALUTARA,BRAND NEW,2025.0,1,,LPO 1515
MOTOR CYCLE,ZAFARI,EAGLE-4S,CHINA,PETROL,49.0,GAMPAHA,BRAND NEW,2025.0,1,EAGLE-4S,Unknown
COMMERCIAL,HIGER,KLQ6952K,CHINA,DIESEL,6500.0,GAMPAHA,BRAND NEW,2025.0,1,,KLQ6952K
MOTOR CYCLE,WUXI,MC-TKWS,CHINA,PETROL,125.0,GAMPAHA,BRAND NEW,2025.0,1,MC-TKWS,Unknown
MOTOR LORRY (COMMERCIAL),HYUNDAI,HD 65,SOUTH KOREA,DIESEL,3907.0,COLOMBO,BRAND NEW,2017.0,1,,HD 65
MOTOR CYCLE,YADEA,RUIBIN,CHINA,ELECTRIC,0.8,JAFFNA,BRAND NEW,2025.0,6,,RUIBIN
MOTOR CYCLE,HERO,HF-DELUXE,INDIA,PETROL,97.2,NUWARA-ELIYA,BRAND NEW,2025.0,1,HF-DELUXE,Unknown
MOTOR LORRY (COMMERCIAL),LANKA ASHOK LEYLAND,TUSKER SUPER 1618,SRI LANKA,DIESEL,5759.0,KANDY,BRAND NEW,2025.0,1,,TUSKER SUPER 1618
CAR,BAW,E7,CHINA,ELECTRIC,25.0,COLOMBO,BRAND NEW,2025.0,48,,E7
CAR,TOYOTA,NYC200R-DHXHBF,INDONESIA,PETROL/ELE,1496.0,BATTICALOA,BRAND NEW,2025.0,1,,NYC200R-DHXHBF
THREE WHEELER,PIAGGIO,APE AUTO DX,INDIA,DIESEL,435.0,PUTTALAM,BRAND NEW,2025.0,1,,APE AUTO DX
MOTOR CYCLE,TVS,IQUBE,INDIA,ELECTRIC,3.34,MULLATIVU,BRAND NEW,2025.0,2,,IQUBE
CAR,PERODUA,BEZZA,MALAYSIA,PETROL,998.0,PUTTALAM,BRAND NEW,2025.0,2,,BEZZA
CAR,PERODUA,AXIA CG1GZ,MALAYSIA,PETROL,998.0,KANDY,BRAND NEW,2025.0,1,,AXIA CG1GZ
LAND VEHICLE,E KUBOTA,EK3-471,INDIA,DIESEL,2761.0,ANURADHAPURA,BRAND NEW,2025.0,6,EK3-471,4WD
MOTOR CYCLE,RANOMOTO,FLASH,CHINA,PETROL,79.0,BADULLA,BRAND NEW,2025.0,1,,FLASH
CAR,KIA,SORENTO,KOREA,PETROL/ELE,1598.0,COLOMBO,BRAND NEW,2025.0,8,,SORENTO
MOTOR CYCLE,YADEA,T 9,CHINA,ELECTRIC,2.0,RATNAPURA,BRAND NEW,2025.0,2,,T 9
MOTOR CYCLE,YADEA,M6,CHINA,ELECTRIC,1.2,KALUTARA,BRAND NEW,2025.0,4,,M6
MOTOR CYCLE,AIMA,ARIA,CHINA,ELECTRIC,0.8,KEGALLE,BRAND NEW,2025.0,1,,ARIA
MOTOR LORRY (COMMERCIAL),ISUZU,NQR75U-LN5VAYN,JAPAN,DIESEL,5193.0,NUWARA-ELIYA,BRAND NEW,2025.0,1,,NQR75U-LN5VAYN
CAR,PERODUA,BEZZA,MALAYSIA,PETROL,998.0,POLONNARUWA,BRAND NEW,2025.0,1,,BEZZA
MOTOR LORRY (COMMERCIAL),ISUZU,NMR85U-HH5AY,JAPAN,DIESEL,2999.0,RATNAPURA,BRAND NEW,2025.0,3,,NMR85U-HH5AY
LAND VEHICLE,KARTAR,GLOBETRAC 4736 2WD,INDIA,DIESEL,3117.0,MONERAGALA,BRAND NEW,2025.0,1,,GLOBETRAC 4736 2WD
LAND VEHICLE,KARTAR,GLOBETRAC 4736 4WD,INDIA,DIESEL,3117.0,POLONNARUWA,BRAND NEW,2024.0,3,,GLOBETRAC 4736 4WD
MOTOR CYCLE,LADEAEV,E-BIKE A024,CHINA,ELECTRIC,0.1,KANDY,BRAND NEW,2024.0,1,,E-BIKE A024
MOTOR CYCLE,LUYUAN,MYY-Z35J,CHINA,ELECTRIC,2.0,GALLE,BRAND NEW,2025.0,1,MYY-Z35J,Unknown
MOTOR CYCLE,ATHER,450X,INDIA,ELECTRIC,3.0,KURUNEGALA,BRAND NEW,2025.0,3,,450X
THREE WHEELER,MAHINDRA,TREO,INDIA,ELECTRIC,3.5,BADULLA,BRAND NEW,2025.0,1,,TREO
MOTOR CYCLE,SUZUKI,BURGMAN STREET,INDIA,PETROL,125.0,RATNAPURA,BRAND NEW,2025.0,1,,BURGMAN STREET
MOTOR CYCLE,HERO,XTREME 125 R,INDIA,PETROL,124.7,MATALE,BRAND NEW,2025.0,11,,XTREME 125 R
SINGLE CAB,DONGFENG,VA91-101,CHINA,DIESEL,2300.0,COLOMBO,BRAND NEW,2025.0,1,VA91-101,Unknown
CAR,BYD,SEALION 6 SUPERIOR,CHINA,PETROL/ELE,1498.0,BADULLA,BRAND NEW,2025.0,4,,SEALION 6 SUPERIOR
SINGLE CAB,TOYOTA,LITEACE S403RU TMRFJ,INDONESIA,PETROL,1496.0,COLOMBO,BRAND NEW,2025.0,2,,LITEACE S403RU TMRFJ
LAND VEHICLE,MAHINDRA,YUVO TECH PLUS 575DI,INDIA,DIESEL,2979.0,POLONNARUWA,BRAND NEW,2025.0,5,,YUVO TECH PLUS 575DI
COMMERCIAL,MITSUBISHI,FUSO,JAPAN,DIESEL,2998.0,GAMPAHA,BRAND NEW,2025.0,1,,FUSO
DUAL PURPOSE (COMMERCIAL),MITSUBISHI,LC1TJLHGCR L200,THAILAND,DIESEL,2442.0,MATARA,BRAND NEW,2025.0,2,,LC1TJLHGCR L200
LAND VEHICLE,MAHINDRA,YUVO TECH PLUS 575DI,INDIA,DIESEL,2979.0,TRINCOMALEE,BRAND NEW,2025.0,2,,YUVO TECH PLUS 575DI
CAR,KIA,SORENTO,MALAYSIA,PETROL/ELE,1598.0,KURUNEGALA,BRAND NEW,2024.0,1,,SORENTO
MOTOR CYCLE,DIMEN,D60,CHINA,ELECTRIC,1.2,GALLE,BRAND NEW,2025.0,2,,D60
MOTOR CYCLE,LIMA,EL07,CHINA,ELECTRIC,1.5,RATNAPURA,BRAND NEW,2025.0,3,,EL07
MOTOR CYCLE,YAMAHA,YZF R15 VER 4.0,INDIA,PETROL,155.0,BADULLA,BRAND NEW,2025.0,3,,YZF R15 VER 4.0
CAR,WULING,BINGUO,INDONESIA,ELECTRIC,50.0,GAMPAHA,BRAND NEW,2025.0,14,,BINGUO
CAR,WULING,BINGUO,INDONESIA,ELECTRIC,50.0,KEGALLE,BRAND NEW,2025.0,1,,BINGUO
MOTOR CYCLE,HERO,HF-DELUXE,INDIA,PETROL,97.2,KALUTARA,BRAND NEW,2025.0,2,HF-DELUXE,Unknown
MOTOR LORRY (COMMERCIAL),LANKA ASHOK LEYLAND,TAURUS 2518,SRI LANKA,DIESEL,5759.0,MANNAR,BRAND NEW,2025.0,1,,TAURUS 2518
CAR,TOYOTA,NGC200R-DHXHKF YARIS,INDONESIA,PETROL,1496.0,COLOMBO,BRAND NEW,2025.0,1,,NGC200R-DHXHKF YARIS
MOTOR CYCLE,TAKASHI,ES PRO PLUS,CHINA,ELECTRIC,1.5,RATNAPURA,BRAND NEW,2025.0,1,,ES PRO PLUS
MOTOR CYCLE,TAKASHI,ES LITE,CHINA,ELECTRIC,1.2,MATARA,BRAND NEW,2025.0,1,,ES LITE
CAR,KIA,CARNIVAL HEV-B8,SOUTH KOREA,PETROL/ELE,1598.0,COLOMBO,BRAND NEW,2025.0,1,,CARNIVAL HEV-B8
LAND VEHICLE,JOHN DEERE,5050D,INDIA,DIESEL,2940.0,MULLATIVU,BRAND NEW,2025.0,1,,5050D
DUAL PURPOSE (COMMERCIAL),TOYOTA,GUN126R-DTTHX  HILUX,THAILAND,DIESEL,2755.0,TRINCOMALEE,BRAND NEW,2025.0,1,,GUN126R-DTTHX  HILUX
MOTOR CYCLE,NWOW,SE,CHINA,ELECTRIC,0.8,COLOMBO,BRAND NEW,2024.0,2,,SE
MOTOR CYCLE,NWOW,WSP,CHINA,ELECTRIC,1.5,KURUNEGALA,BRAND NEW,2025.0,1,,WSP
MOTOR CYCLE,NWOW,TK 10,CHINA,ELECTRIC,0.8,GAMPAHA,BRAND NEW,2023.0,1,,TK 10
MOTOR CYCLE,TMR QUANLE,ZL,CHINA,ELECTRIC,2.0,GAMPAHA,BRAND NEW,2025.0,5,,ZL
MOTOR CYCLE,NWOW,SE,CHINA,ELECTRIC,0.8,HAMBANTOTA,BRAND NEW,2024.0,1,,SE
COMMERCIAL,TOYOTA,HIACE-GDH301R-GDTDY,JAPAN,DIESEL,2755.0,JAFFNA,BRAND NEW,2025.0,1,HIACE-GDH301R-GDTDY,Unknown
MOTOR CYCLE,LUYUAN,MS70 Z23E,CHINA,ELECTRIC,1.2,MONERAGALA,BRAND NEW,2025.0,1,,MS70 Z23E
MOTOR CYCLE,ROYAL ENFIELD,CLASSIC 350,INDIA,PETROL,349.0,MATALE,BRAND NEW,2025.0,1,,CLASSIC 350
MOTOR CYCLE,SUPER SOCO,TS STREET HUNTER,CHINA,ELECTRIC,2.5,COLOMBO,BRAND NEW,2024.0,1,,TS STREET HUNTER
MOTOR LORRY (COMMERCIAL),ISUZU,FTR34UU-PDN,JAPAN,DIESEL,7790.0,KANDY,BRAND NEW,2025.0,1,,FTR34UU-PDN
MOTOR CYCLE,RANOMOTO,PATTAYA DOUBLE POWER,CHINA,PETROL,80.0,AMPARA,BRAND NEW,2025.0,4,,PATTAYA DOUBLE POWER
MOTOR CYCLE,AIMA,MAVERICK,CHINA,ELECTRIC,2.0,PUTTALAM,BRAND NEW,2025.0,1,,MAVERICK
THREE WHEELER,MAHINDRA,TREO,INDIA,ELECTRIC,3.5,JAFFNA,BRAND NEW,2025.0,1,,TREO
LAND VEHICLE,E KUBOTA,EK3-471,INDIA,DIESEL,2761.0,PUTTALAM,BRAND NEW,2025.0,2,EK3-471,4WD
CAR,GAC,AION V LUXURY,CHINA,ELECTRIC,100.0,GALLE,BRAND NEW,2025.0,1,,AION V LUXURY
MOTOR TRICYCLE VAN,PIAGGIO,APE-XTRA-DX,INDIA,DIESEL,435.0,KURUNEGALA,BRAND NEW,2025.0,1,APE-XTRA-DX,Unknown
MOTOR TRICYCLE VAN,PIAGGIO,APE-XTRA-DX,INDIA,DIESEL,435.0,NUWARA-ELIYA,BRAND NEW,2025.0,3,APE-XTRA-DX,Unknown
MOTOR LORRY (COMMERCIAL),EICHER,PRO 5016 M,INDIA,DIESEL,5655.0,BADULLA,BRAND NEW,2025.0,1,,PRO 5016 M
MOTOR CYCLE,WUXI,TANK,CHINA,PETROL,125.0,MATARA,BRAND NEW,2025.0,2,,TANK
CAR,WULING,CLOUD EV,INDONESIA,ELECTRIC,100.0,GAMPAHA,BRAND NEW,2025.0,5,,CLOUD EV
MOTOR CYCLE,TMR QUANLE,ZL,CHINA,ELECTRIC,2.0,MATARA,BRAND NEW,2025.0,1,,ZL
CAR,TATA,CURVV,INDIA,PETROL,1199.0,GALLE,BRAND NEW,2025.0,1,,CURVV
MOTOR CYCLE,GALLANT,ZX-TDR718,CHINA,ELECTRIC,1.0,GAMPAHA,BRAND NEW,2018.0,1,ZX-TDR718,Unknown
DUAL PURPOSE (COMMERCIAL),FORD,RANGER RAPTOR,THAILAND,DIESEL,1996.0,GAMPAHA,BRAND NEW,2025.0,2,,RANGER RAPTOR
DUAL PURPOSE (COMMERCIAL),TOYOTA,HILUX GUN125R-DTTLX,THAILAND,DIESEL,2393.0,COLOMBO,BRAND NEW,2025.0,2,,HILUX GUN125R-DTTLX
MOTOR LORRY (COMMERCIAL),MITSUBISHI,FECX1ER4SDC,JAPAN,DIESEL,2998.0,COLOMBO,BRAND NEW,2025.0,1,,FECX1ER4SDC
PRIMER MOVER,TATA,SIGNA 5530,INDIA,DIESEL,6702.0,HAMBANTOTA,BRAND NEW,2025.0,1,,SIGNA 5530
LAND VEHICLE,KARTAR,GLOBETRAC 4736 4WD,INDIA,DIESEL,3117.0,KURUNEGALA,BRAND NEW,2024.0,1,,GLOBETRAC 4736 4WD
THREE WHEELER,NWOW,ERVS4 PLUS,CHINA,ELECTRIC,0.8,MATARA,BRAND NEW,2025.0,1,,ERVS4 PLUS
MOTOR CYCLE,TVS,IQUBE,INDIA,ELECTRIC,3.34,HAMBANTOTA,BRAND NEW,2025.0,2,,IQUBE
COMMERCIAL,TOYOTA,HIACE-GDH301R-GDTDY,JAPAN,DIESEL,2755.0,NUWARA-ELIYA,BRAND NEW,2025.0,2,HIACE-GDH301R-GDTDY,Unknown
MOTOR CYCLE,TVS,TVS NTORQ 125 CC,INDIA,PETROL,124.8,BATTICALOA,BRAND NEW,,1,,TVS NTORQ 125 CC
CAR,TOYOTA,A250RA-GBVV RAIZE,INDONESIA,PETROL,998.0,KILINOCHCHI,BRAND NEW,2025.0,1,,A250RA-GBVV RAIZE
MOTOR CYCLE,RANOMOTO,GN125H,CHINA,PETROL,124.0,POLONNARUWA,BRAND NEW,2025.0,2,,GN125H
LAND VEHICLE (SMALL),NEW LION,RK 125,THAILAND,DIESEL,624.0,ANURADHAPURA,BRAND NEW,2013.0,1,,RK 125
LAND VEHICLE (SMALL),LAND FORCE,LF240,THAILAND,DIESEL,1248.0,ANURADHAPURA,BRAND NEW,2024.0,1,,LF240
COMMERCIAL,MITSUBISHI,FUSO,JAPAN,DIESEL,2998.0,KANDY,BRAND NEW,2025.0,1,,FUSO
LAND VEHICLE,JOHN DEERE,5047D,INDIA,DIESEL,2940.0,MANNAR,BRAND NEW,2025.0,1,,5047D
MOTOR CYCLE,AIMA,LIBERTY,CHINA,ELECTRIC,1.2,MULLATIVU,BRAND NEW,2025.0,1,,LIBERTY
THREE WHEELER,PIAGGIO,APE AUTO DX,INDIA,DIESEL,435.0,TRINCOMALEE,BRAND NEW,2025.0,1,,APE AUTO DX
MOTOR CYCLE,BAJAJ,PULSAR N 160,INDIA,PETROL,164.82,BADULLA,BRAND NEW,2025.0,1,,PULSAR N 160
MOTOR CYCLE,BAJAJ,PULSAR N 160,INDIA,PETROL,164.82,RATNAPURA,BRAND NEW,2025.0,2,,PULSAR N 160
CAR,SUZUKI,FRONX,INDIA,PETROL,998.0,TRINCOMALEE,BRAND NEW,2025.0,1,,FRONX
MOTOR CYCLE,YAMAMOTO,YMAX,CHINA,PETROL,125.0,GAMPAHA,BRAND NEW,2025.0,1,,YMAX
CAR,AUDI,Q3 1.4 TFSI,GERMANY,PETROL,1395.0,GAMPAHA,BRAND NEW,2025.0,1,,Q3 1.4 TFSI
LAND VEHICLE,E KUBOTA,EK3-471,INDIA,DIESEL,2761.0,HAMBANTOTA,BRAND NEW,2025.0,1,EK3-471,4WD
DUAL PURPOSE (COMMERCIAL),BYD,SHARK 6,CHINA,PETROL/ELE,1498.0,KURUNEGALA,BRAND NEW,2025.0,1,,SHARK 6
MOTOR CYCLE,RANOMOTO,FLASH,CHINA,PETROL,79.0,HAMBANTOTA,BRAND NEW,2025.0,1,,FLASH
LAND VEHICLE,MAHINDRA,YUVO TECH PLUS 585DI,INDIA,DIESEL,2979.0,VAVUNIYA,BRAND NEW,2025.0,1,,YUVO TECH PLUS 585DI
LAND VEHICLE,SWARAJ,855,INDIA,DIESEL,3478.2,VAVUNIYA,BRAND NEW,2024.0,1,,855
CAR,TOYOTA,F800RE-GQGF RUSH,INDONESIA,DIESEL,1496.0,COLOMBO,BRAND NEW,2025.0,1,,F800RE-GQGF RUSH
MOTOR CYCLE,TMR LUYUAN,MQQ6,CHINA,ELECTRIC,0.8,PUTTALAM,BRAND NEW,2025.0,1,,MQQ6
MOTOR CYCLE,HERO,HF-DELUXE,INDIA,PETROL,97.2,RATNAPURA,BRAND NEW,2025.0,2,HF-DELUXE,Unknown
MOTOR CYCLE,SENARO,CLICK 150,SRI LANKA,PETROL,150.0,KURUNEGALA,BRAND NEW-L/ASSEMBLE,2025.0,3,,CLICK 150
MOTOR CYCLE,SENARO,GN125,SRI LANKA,PETROL,125.0,BADULLA,BRAND NEW-L/ASSEMBLE,2025.0,9,,GN125
MOTOR CYCLE,TVS,TVS XL 100,SRI LANKA,PETROL,99.7,PUTTALAM,BRAND NEW-L/ASSEMBLE,2025.0,91,,TVS XL 100
MOTOR CYCLE,BAJAJ,PULSAR N160,SRI LANKA,PETROL,164.82,KURUNEGALA,BRAND NEW-L/ASSEMBLE,2025.0,89,,PULSAR N160
MOTOR CYCLE,BAJAJ,PULSAR N160,SRI LANKA,PETROL,164.82,BATTICALOA,BRAND NEW-L/ASSEMBLE,2025.0,72,,PULSAR N160
MOTOR CYCLE,BAJAJ,DISCOVER 125,SRI LANKA,PETROL,124.5,KANDY,BRAND NEW-L/ASSEMBLE,2025.0,31,,DISCOVER 125
SINGLE CAB,LANKA ASHOK LEYLAND,BADA DOST,SRI LANKA,DIESEL,1478.0,COLOMBO,BRAND NEW-L/ASSEMBLE,2025.0,8,,BADA DOST
MOTOR CYCLE,SENARO,GN125,SRI LANKA,PETROL,125.0,KALUTARA,BRAND NEW-L/ASSEMBLE,2025.0,8,,GN125
MOTOR CYCLE,RANOMOTO,MOPED SUPER,SRI LANKA,PETROL,49.0,ANURADHAPURA,BRAND NEW-L/ASSEMBLE,2024.0,1,,MOPED SUPER
MOTOR CYCLE,BAJAJ,PULSAR N160,SRI LANKA,PETROL,164.82,KANDY,BRAND NEW-L/ASSEMBLE,2025.0,34,,PULSAR N160
SINGLE CAB,LANKA ASHOK LEYLAND,DOST,SRI LANKA,DIESEL,1478.0,GALLE,BRAND NEW-L/ASSEMBLE,2025.0,2,,DOST
MOTOR LORRY (COMMERCIAL),LANKA ASHOK LEYLAND,TUSKER SUPER 1618,SRI LANKA,DIESEL,5759.0,GAMPAHA,BRAND NEW-L/ASSEMBLE,2025.0,5,,TUSKER SUPER 1618
MOTOR CYCLE,BAJAJ,PULSAR N160,SRI LANKA,PETROL,164.82,MATALE,BRAND NEW-L/ASSEMBLE,2025.0,19,,PULSAR N160
DUAL PURPOSE (COMMERCIAL),JAC,HFC1037D3,SRI LANKA,DIESEL,1999.0,PUTTALAM,BRAND NEW-L/ASSEMBLE,2025.0,5,,HFC1037D3
MOTOR LORRY (COMMERCIAL),LANKA ASHOK LEYLAND,E COMET 1212,SRI LANKA,DIESEL,3839.0,KURUNEGALA,BRAND NEW-L/ASSEMBLE,2025.0,1,,E COMET 1212
MOTOR CYCLE,SENARO,GN125,SRI LANKA,PETROL,125.0,TRINCOMALEE,BRAND NEW-L/ASSEMBLE,2025.0,11,,GN125
MOTOR CYCLE,BAJAJ,PULSAR N160,SRI LANKA,PETROL,164.82,MULLATIVU,BRAND NEW-L/ASSEMBLE,2025.0,12,,PULSAR N160
SINGLE CAB,TATA,YODHA LIGHT TRUCK,SRI LANKA,DIESEL,2956.0,RATNAPURA,BRAND NEW-L/ASSEMBLE,2025.0,1,,YODHA LIGHT TRUCK
SINGLE CAB,LANKA ASHOK LEYLAND,DOST,SRI LANKA,DIESEL,1478.0,KILINOCHCHI,BRAND NEW-L/ASSEMBLE,2025.0,1,,DOST
MOTOR LORRY (COMMERCIAL),LANKA ASHOK LEYLAND,TUSKER SUPER 1618,SRI LANKA,DIESEL,5759.0,MONERAGALA,BRAND NEW-L/ASSEMBLE,2025.0,1,,TUSKER SUPER 1618
SINGLE CAB,LANKA ASHOK LEYLAND,BADA DOST,SRI LANKA,DIESEL,1478.0,KURUNEGALA,BRAND NEW-L/ASSEMBLE,2025.0,1,,BADA DOST
MOTOR LORRY (COMMERCIAL),LANKA ASHOK LEYLAND,TUSKER SUPER 1618,SRI LANKA,DIESEL,5759.0,KEGALLE,BRAND NEW-L/ASSEMBLE,2025.0,2,,TUSKER SUPER 1618
MOTOR LORRY (COMMERCIAL),LANKA ASHOK LEYLAND,TUSKER SUPER 1618,SRI LANKA,DIESEL,5759.0,JAFFNA,BRAND NEW-L/ASSEMBLE,2025.0,5,,TUSKER SUPER 1618
SINGLE CAB,TATA,YODHA LIGHT TRUCK,SRI LANKA,DIESEL,2956.0,JAFFNA,BRAND NEW-L/ASSEMBLE,2025.0,1,,YODHA LIGHT TRUCK
DUAL PURPOSE (COMMERCIAL),J M C,VIGUS PRO,SRI LANKA,DIESEL,1998.0,GAMPAHA,BRAND NEW-L/ASSEMBLE,2025.0,1,,VIGUS PRO
SINGLE CAB,TATA,YODHA LIGHT TRUCK,SRI LANKA,DIESEL,2956.0,COLOMBO,BRAND NEW-L/ASSEMBLE,2024.0,1,,YODHA LIGHT TRUCK
MOTOR LORRY (COMMERCIAL),LANKA ASHOK LEYLAND,TUSKER SUPER 1618,SRI LANKA,DIESEL,5759.0,MATARA,BRAND NEW-L/ASSEMBLE,2025.0,1,,TUSKER SUPER 1618
SINGLE CAB,LANKA ASHOK LEYLAND,DOST,SRI LANKA,DIESEL,1478.0,JAFFNA,BRAND NEW-L/ASSEMBLE,2025.0,1,,DOST
MOTOR LORRY (COMMERCIAL),LANKA ASHOK LEYLAND,TUSKER SUPER 1618,SRI LANKA,DIESEL,5759.0,POLONNARUWA,BRAND NEW-L/ASSEMBLE,2025.0,1,,TUSKER SUPER 1618
MOTOR CYCLE,LENCAR,ERC80,SRI LANKA,ELECTRIC,1.2,KALUTARA,BRAND NEW-L/ASSEMBLE,2023.0,1,,ERC80
CAR,AUDI,3AA-GYDLA A3,GERMANY,PETROL,999.0,HAMBANTOTA,RECONDITIONED,2023.0,1,3AA-GYDLA,A3
CAR,AUDI,3AA-GYDLA A3,GERMANY,PETROL,999.0,GAMPAHA,RECONDITIONED,2023.0,1,3AA-GYDLA,A3
CAR,TOYOTA,3BA-TRJ150W PRADO,JAPAN,PETROL,2693.0,KURUNEGALA,RECONDITIONED,2023.0,1,3BA-TRJ150W,PRADO
CAR,TOYOTA,5BA-KSP210 YARIS,JAPAN,PETROL,996.0,KANDY,RECONDITIONED,2022.0,2,5BA-KSP210,YARIS
CAR,HONDA,6AA-RV5 VEZEL,JAPAN,PETROL/ELE,1496.0,VAVUNIYA,RECONDITIONED,2025.0,1,6AA-RV5,VEZEL
CAR,HONDA,CITY,THAILAND,PETROL,988.0,GALLE,RECONDITIONED,2025.0,1,,CITY
CAR,TOYOTA,3BA-A210A RAIZE,JAPAN,PETROL,998.0,COLOMBO,RECONDITIONED,2022.0,1,3BA-A210A,RAIZE
CAR,TOYOTA,3BA-A210A RAIZE,JAPAN,PETROL,996.0,KALUTARA,RECONDITIONED,2022.0,3,3BA-A210A,RAIZE
CAR,TOYOTA,5BA-KSP210  YARIS,JAPAN,PETROL,996.0,TRINCOMALEE,RECONDITIONED,2024.0,1,5BA-KSP210,YARIS
CAR,TOYOTA,6AA-MXPJ10 YARIS,JAPAN,PETROL/ELE,1496.0,GALLE,RECONDITIONED,2024.0,1,6AA-MXPJ10,YARIS
CAR,MITSUBISHI,5AA-B34W  EK X,JAPAN,PETROL,656.0,KANDY,RECONDITIONED,2023.0,1,5AA-B34W,EK X
CAR,TOYOTA,6AA-ZVG13 COROLLA,JAPAN,PETROL/ELE,1797.0,ANURADHAPURA,RECONDITIONED,2025.0,1,6AA-ZVG13,COROLLA
CAR,TOYOTA,5AA-A202A RAIZE,JAPAN,PETROL/ELE,78.0,GALLE,RECONDITIONED,2025.0,2,5AA-A202A,RAIZE
CAR,SUZUKI,5BD-DA17V EVERY,JAPAN,PETROL,658.0,KALUTARA,RECONDITIONED,2025.0,2,5BD-DA17V,EVERY
COMMERCIAL,TOYOTA,3DF-GDH223B HIACE,JAPAN,DIESEL,2754.0,MATALE,RECONDITIONED,2025.0,2,3DF-GDH223B,HIACE
CAR,TOYOTA,6AA-ZVG13 COROLLA,JAPAN,PETROL/ELE,1797.0,COLOMBO,RECONDITIONED,2024.0,3,6AA-ZVG13,COROLLA
CAR,HONDA,6AA-RV5  VEZEL,JAPAN,PETROL/ELE,1496.0,KANDY,RECONDITIONED,2024.0,3,6AA-RV5,VEZEL
MOTOR CYCLE,ROYAL ENFIELD,CLASSIC 350,INDIA,PETROL,349.0,BATTICALOA,RECONDITIONED,2025.0,1,,CLASSIC 350
MOTOR CYCLE,HONDA,ADV160,JAPAN,PETROL,157.0,GALLE,RECONDITIONED,2025.0,3,,ADV160
CAR,NISSAN,5BA-B43W DAYZ,JAPAN,PETROL,658.0,GAMPAHA,RECONDITIONED,2023.0,7,5BA-B43W,DAYZ
CAR,B.M.W.,XI SDRIVE 201M SPORT,GERMANY,PETROL,1499.0,COLOMBO,RECONDITIONED,2025.0,1,,XI SDRIVE 201M SPORT
CAR,SUZUKI,4AA-MH55S WAGON R,JAPAN,PETROL,658.0,BATTICALOA,RECONDITIONED,2025.0,1,4AA-MH55S,WAGON R
CAR,TOYOTA,3BA-DB26 SUPRA,JAPAN,PETROL,1998.0,COLOMBO,RECONDITIONED,2023.0,1,3BA-DB26,SUPRA
CAR,DAIHATSU,5BA-LA650S TANTO,JAPAN,PETROL,656.0,COLOMBO,RECONDITIONED,2023.0,1,5BA-LA650S,TANTO
CAR,HONDA,6AA-RV5 VEZEL,JAPAN,PETROL/ELE,1496.0,PUTTALAM,RECONDITIONED,2023.0,3,6AA-RV5,VEZEL
CAR,NISSAN,4AA-B45W DAYZ,JAPAN,PETROL,656.0,KURUNEGALA,RECONDITIONED,2023.0,1,4AA-B45W,DAYZ
MOTOR LORRY (COMMERCIAL),ISUZU,TKG-FRR90S2 FORWARD,JAPAN,DIESEL,5190.0,GAMPAHA,RECONDITIONED,2017.0,1,TKG-FRR90S2,FORWARD
CAR,SUZUKI,4AA-MK54S SPACIA,JAPAN,PETROL,658.0,AMPARA,RECONDITIONED,2025.0,1,4AA-MK54S,SPACIA
CAR,DAIHATSU,5BA-LA350S,JAPAN,PETROL,658.0,COLOMBO,RECONDITIONED,2023.0,1,5BA-LA350S,"MIRA E,S"
CAR,SUZUKI,5AA-MH95S WAGON R,JAPAN,PETROL,650.0,JAFFNA,RECONDITIONED,2025.0,1,5AA-MH95S,WAGON R
CAR,SUZUKI,5AA-MH95S WAGON R,JAPAN,PETROL,657.0,COLOMBO,RECONDITIONED,2024.0,2,5AA-MH95S,WAGON R
CAR,SUZUKI,4AA-MK54S SPACIIA,JAPAN,PETROL,658.0,KANDY,RECONDITIONED,2024.0,1,4AA-MK54S,SPACIIA
CAR,DAIHATSU,5BA-LA350S,JAPAN,PETROL,658.0,GALLE,RECONDITIONED,2024.0,4,5BA-LA350S,"MIRA E,S"
CAR,TOYOTA,3BA-VJA300W,JAPAN,PETROL,3444.0,RATNAPURA,RECONDITIONED,2025.0,3,3BA-VJA300W,LC300
CAR,TOYOTA,5AA--A202A RAIZE,JAPAN,PETROL/ELE,78.0,KALUTARA,RECONDITIONED,2024.0,1,5AA--A202A,RAIZE
CAR,HONDA,6AA-RV5  VEZEL,JAPAN,PETROL/ELE,1496.0,COLOMBO,RECONDITIONED,2023.0,2,6AA-RV5,VEZEL
CAR,TOYOTA,6AA-MXPJ10 YARIS,JAPAN,PETROL/ELE,1490.0,PUTTALAM,RECONDITIONED,2023.0,1,6AA-MXPJ10,YARIS
CAR,TOYOTA,3BA-A210A RAIZE,JAPAN,PETROL,996.0,NUWARA-ELIYA,RECONDITIONED,2024.0,2,3BA-A210A,RAIZE
CAR,DAIHATSU,5AA-A202S ROCKY,JAPAN,PETROL/ELE,78.0,GAMPAHA,RECONDITIONED,2024.0,3,5AA-A202S,ROCKY
CAR,SUZUKI,5AA-MH95S WAGON R,JAPAN,PETROL,657.0,VAVUNIYA,RECONDITIONED,2025.0,1,5AA-MH95S,WAGON R
CAR,DAIHATSU,5BA-LA350S MIRA,JAPAN,PETROL,658.0,KURUNEGALA,RECONDITIONED,2023.0,4,5BA-LA350S,MIRA
CAR,TOYOTA,5AA-A202A  RAIZE,JAPAN,ELECTRIC,78.0,PUTTALAM,RECONDITIONED,2025.0,1,5AA-A202A,RAIZE
DUAL PURPOSE (COMMERCIAL),TOYOTA,3DF-GUN125 HILUX,THAILAND,DIESEL,2393.0,GAMPAHA,RECONDITIONED,2024.0,1,3DF-GUN125,HILUX
CAR,NISSAN,4AA-B45A ROOX,JAPAN,PETROL,658.0,KANDY,RECONDITIONED,2024.0,1,4AA-B45A,ROOX
CAR,SUZUKI,5BA-HE33S ALTO,JAPAN,PETROL,658.0,GAMPAHA,RECONDITIONED,2025.0,1,5BA-HE33S,ALTO
CAR,SUZUKI,3BA-HA37S ALTO,JAPAN,PETROL,658.0,KALUTARA,RECONDITIONED,2023.0,3,3BA-HA37S,ALTO
MOTOR CYCLE,HONDA,PCX,JAPAN,PETROL,125.0,GAMPAHA,RECONDITIONED,2025.0,1,,PCX
CAR,NISSAN,5BD-DR17V CLIPPER,JAPAN,PETROL,658.0,KEGALLE,RECONDITIONED,2024.0,3,5BD-DR17V,CLIPPER
CAR,DAIHATSU,5BA-LA350S MIRA E.S,JAPAN,PETROL,658.0,GAMPAHA,RECONDITIONED,2024.0,4,5BA-LA350S,MIRA E.S
MOTOR LORRY (COMMERCIAL),ISUZU,2PG-FRR90T2 FORWARD,JAPAN,DIESEL,5190.0,MONERAGALA,RECONDITIONED,2020.0,1,2PG-FRR90T2,FORWARD
CAR,HONDA,CITY RS,THAILAND,PETROL,988.0,KEGALLE,RECONDITIONED,2025.0,3,,CITY RS
CAR,TOYOTA,3BD-S700M PIXIS,JAPAN,PETROL,658.0,MULLATIVU,RECONDITIONED,2023.0,1,3BD-S700M,PIXIS
CAR,HONDA,6AA RV5 VEZEL,JAPAN,PETROL/ELE,1496.0,KALUTARA,RECONDITIONED,2025.0,11,,6AA RV5 VEZEL
CAR,HONDA,6AA-RV5 VEZEL,JAPAN,PETROL/ELE,1496.0,RATNAPURA,RECONDITIONED,2025.0,7,6AA-RV5,VEZEL
CAR,SUZUKI,4AA-MR52S HUSTLER,JAPAN,PETROL,658.0,GAMPAHA,RECONDITIONED,2023.0,1,4AA-MR52S,HUSTLER
CAR,TOYOTA,3BA-TRJ150W,JAPAN,PETROL,2693.0,KURUNEGALA,RECONDITIONED,2023.0,2,3BA-TRJ150W,PRADO
CAR,TOYOTA,5BA-KSP210  YARIS,JAPAN,PETROL,996.0,GALLE,RECONDITIONED,2024.0,2,5BA-KSP210,YARIS
CAR,HONDA,6AA RV5 VEZEL,JAPAN,PETROL/ELE,1496.0,GALLE,RECONDITIONED,2025.0,3,,6AA RV5 VEZEL
CAR,SUZUKI,3BA-DA17W EVEVRY,JAPAN,PETROL,658.0,KALUTARA,RECONDITIONED,2024.0,1,3BA-DA17W,EVEVRY
CAR,TOYOTA,6AA-MXPJ10 YARIS,JAPAN,PETROL/ELE,1496.0,KURUNEGALA,RECONDITIONED,2024.0,2,6AA-MXPJ10,YARIS
CAR,TOYOTA,5AA-A202A RAIZE,JAPAN,PETROL/ELE,78.0,HAMBANTOTA,RECONDITIONED,2025.0,3,5AA-A202A,RAIZE
SPECIAL PURPOSE VEHICLE,FURUKAWA,FL60 A WHEEL LOADER,JAPAN,DIESEL,2300.0,PUTTALAM,RECONDITIONED,2015.0,1,,FL60 A WHEEL LOADER
CAR,TOYOTA,6AA-MXPJ10 YARIS,JAPAN,PETROL/ELE,1490.0,BADULLA,RECONDITIONED,2023.0,2,6AA-MXPJ10,YARIS
SINGLE CAB,SUZUKI,3BD-DA16TCARRY TRUCK,JAPAN,PETROL,658.0,VAVUNIYA,RECONDITIONED,2022.0,1,3BD-DA16TCARRY,TRUCK
CAR,TOYOTA,3BA-A210A RAIZE,JAPAN,PETROL,990.0,MATARA,RECONDITIONED,2023.0,1,3BA-A210A,RAIZE
CAR,TOYOTA,5BA-A201A  RAIZE,JAPAN,PETROL,1196.0,COLOMBO,RECONDITIONED,2022.0,1,5BA-A201A,RAIZE
CAR,LAND ROVER,RANGE ROVER AUTOBIO,UNITED KINGDOM,PETROL/ELE,2996.0,GAMPAHA,RECONDITIONED,2025.0,1,,RANGE ROVER AUTOBIO
CAR,AUDI,3AA-GYDLA A3,GERMANY,PETROL,999.0,COLOMBO,RECONDITIONED,2023.0,6,3AA-GYDLA,A3
CAR,DAIHATSU,5BA-LA350S MIRA,JAPAN,PETROL,658.0,KALUTARA,RECONDITIONED,2023.0,2,5BA-LA350S,MIRA
CAR,TOYOTA,5BA-M900A ROOMY,JAPAN,PETROL,996.0,KEGALLE,RECONDITIONED,2023.0,4,5BA-M900A,ROOMY
CAR,NISSAN,6AA-GFC28 SERENA,JAPAN,PETROL/ELE,120.0,KALUTARA,RECONDITIONED,2025.0,2,6AA-GFC28,SERENA
CAR,TOYOTA,6AA-MXPJ 10 YARIS,JAPAN,PETROL/ELE,1490.0,PUTTALAM,RECONDITIONED,2025.0,1,6AA-MXPJ,10 YARIS
CAR,SUZUKI,5BA-MH85S WAGON R,JAPAN,PETROL,658.0,KANDY,RECONDITIONED,2023.0,1,5BA-MH85S,WAGON R
CAR,SUZUKI,5BA-MH85S WAGON R,JAPAN,PETROL,656.0,RATNAPURA,RECONDITIONED,2025.0,1,5BA-MH85S,WAGON R
CAR,SUZUKI,5BA-MH85S WAGONR,JAPAN,PETROL,656.0,GAMPAHA,RECONDITIONED,2023.0,1,5BA-MH85S,WAGONR
CAR,TOYOTA,5AA-A202A RAIZE,JAPAN,PETROL/ELE,78.0,BATTICALOA,RECONDITIONED,2024.0,2,5AA-A202A,RAIZE
SINGLE CAB,SUZUKI,3BD-DA16T CARRY,JAPAN,PETROL,658.0,MATALE,RECONDITIONED,2023.0,1,3BD-DA16T,CARRY
MOTOR CYCLE,HONDA,PCX160,INDONESIA,PETROL,157.0,GAMPAHA,RECONDITIONED,2025.0,2,,PCX160
MOTOR CYCLE,HONDA,PCX 125,VIETNAM,PETROL,124.0,PUTTALAM,RECONDITIONED,2025.0,3,,PCX 125
CAR,SUZUKI,5AA-MH95S WAGON R,JAPAN,PETROL,656.0,GALLE,RECONDITIONED,2024.0,1,5AA-MH95S,WAGON R
MOTOR CYCLE,TAILG,TDS2459Z,CHINA,ELECTRIC,0.4,KURUNEGALA,RECONDITIONED,2025.0,1,,TDS2459Z
CAR,SUZUKI,5BD-DA17V EVERY,JAPAN,PETROL,658.0,PUTTALAM,RECONDITIONED,2024.0,5,5BD-DA17V,EVERY
CAR,TOYOTA,5BA-MXPB10 YARIS,JAPAN,PETROL,1496.0,GAMPAHA,RECONDITIONED,2025.0,1,5BA-MXPB10,YARIS
CAR,TOYOTA,5BA-KSP210  YARIS,JAPAN,PETROL,996.0,COLOMBO,RECONDITIONED,2024.0,2,5BA-KSP210,YARIS
CAR,NISSAN,ALMERA GRADE VL,THAILAND,PETROL,999.0,GAMPAHA,RECONDITIONED,2025.0,2,,ALMERA GRADE VL
CAR,SUZUKI,5BA-MH85S,JAPAN,PETROL,658.0,GALLE,RECONDITIONED,2023.0,1,5BA-MH85S,WAGON TR
SPECIAL PURPOSE VEHICLE,MITSUBISHI,WS210 11WHEEL LOADER,JAPAN,DIESEL,2500.0,HAMBANTOTA,RECONDITIONED,2017.0,1,,WS210 11WHEEL LOADER
CAR,VOLKSWAGEN,3BA-C1DKR  T- CROSS,GERMANY,PETROL,996.0,COLOMBO,RECONDITIONED,2024.0,1,3BA-C1DKR,T- CROSS
CAR,TOYOTA,5BA-M700A PASSO,JAPAN,PETROL,996.0,KILINOCHCHI,RECONDITIONED,2023.0,1,5BA-M700A,PASSO
CAR,TOYOTA,5AA-A202A  RAIZE,JAPAN,PETROL/ELE,78.0,KANDY,RECONDITIONED,2024.0,1,5AA-A202A,RAIZE
CAR,TOYOTA,5AA-A202A  RAIZE,JAPAN,ELECTRIC,78.0,GAMPAHA,RECONDITIONED,2024.0,1,5AA-A202A,RAIZE
CAR,NISSAN,ALMERA EL,THAILAND,PETROL,999.0,COLOMBO,RECONDITIONED,2025.0,2,,ALMERA EL
MOTOR CYCLE,HONDA,PCX,JAPAN,PETROL,124.0,COLOMBO,RECONDITIONED,2025.0,1,,PCX
MOTOR CYCLE,HONDA,PCX125,VIETNAM,PETROL,124.0,KURUNEGALA,RECONDITIONED,2025.0,1,,PCX125
CAR,TOYOTA,4BA-M900A ROOMY,JAPAN,PETROL,996.0,POLONNARUWA,RECONDITIONED,2023.0,2,4BA-M900A,ROOMY
CAR,TOYOTA,3BA-TRJ250W,JAPAN,PETROL,2695.0,GAMPAHA,RECONDITIONED,2025.0,1,3BA-TRJ250W,VX
CAR,SUZUKI,5BA-MH85S WAGON R,JAPAN,PETROL,658.0,KEGALLE,RECONDITIONED,2024.0,2,5BA-MH85S,WAGON R
SINGLE CAB,TOYOTA,HILUX REVO,THAILAND,DIESEL,2755.0,HAMBANTOTA,RECONDITIONED,2025.0,1,,HILUX REVO
CAR,TOYOTA,5BA-M910A ROOMY,JAPAN,PETROL,996.0,MATARA,RECONDITIONED,2023.0,1,5BA-M910A,ROOMY
CAR,HONDA,6AA-RV5 VEZEL,JAPAN,PETROL/ELE,1496.0,GALLE,RECONDITIONED,2023.0,6,6AA-RV5,VEZEL
CAR,NISSAN,5BD-DR17V CLIPPER,JAPAN,PETROL,658.0,KALUTARA,RECONDITIONED,2024.0,2,5BD-DR17V,CLIPPER
CAR,TOYOTA,5BA-KSP210,JAPAN,PETROL,996.0,KALUTARA,RECONDITIONED,2022.0,1,5BA-KSP210,YARIS X
CAR,TOYOTA,YARIS CROSS,THAILAND,PETROL/ELE,1496.0,KEGALLE,RECONDITIONED,2025.0,2,,YARIS CROSS
CAR,TOYOTA,5AA-A202A RAIZE,JAPAN,ELECTRIC,78.0,BATTICALOA,RECONDITIONED,2025.0,2,5AA-A202A,RAIZE
CAR,DAIHATSU,5BA-LA350S,JAPAN,PETROL,658.0,KURUNEGALA,RECONDITIONED,2023.0,1,5BA-LA350S,"MIRA E,S"
CAR,MERCEDES BENZ,4AA-214050C  E200,GERMANY,PETROL,1997.0,COLOMBO,RECONDITIONED,2023.0,1,4AA-214050C,E200
CAR,SUZUKI,5AA-MH95S WAGON R,JAPAN,PETROL,658.0,BADULLA,RECONDITIONED,2024.0,1,5AA-MH95S,WAGON R
MOTOR CYCLE,HONDA,PCX 160,VIETNAM,PETROL,157.0,KANDY,RECONDITIONED,2024.0,1,,PCX 160
CAR,TOYOTA,5BA-A201A RAIZE,JAPAN,PETROL,1196.0,KALUTARA,RECONDITIONED,2022.0,1,5BA-A201A,RAIZE
MOTOR CYCLE,HONDA,PCX160,JAPAN,PETROL,157.0,COLOMBO,RECONDITIONED,2025.0,5,,PCX160
MOTOR CYCLE,HONDA,PCX 125,JAPAN,PETROL,124.0,VAVUNIYA,RECONDITIONED,2025.0,1,,PCX 125
CAR,DAIHATSU,5BA-LA350S MIRA ES,JAPAN,PETROL,658.0,RATNAPURA,RECONDITIONED,2024.0,1,5BA-LA350S,MIRA ES
MOTOR CYCLE,HONDA,PCX160 ROAD SYNC,INDONESIA,PETROL,157.0,KURUNEGALA,RECONDITIONED,2025.0,1,,PCX160 ROAD SYNC
CAR,SUZUKI,4AA-MH55S WAGON R,JAPAN,PETROL,656.0,GAMPAHA,RECONDITIONED,2024.0,1,4AA-MH55S,WAGON R
CAR,SUZUKI,5BD-DA17V EVERY,JAPAN,PETROL,658.0,KANDY,RECONDITIONED,2025.0,2,5BD-DA17V,EVERY
CAR,SUZUKI,3BD-DA17V EVERY,JAPAN,PETROL,658.0,GAMPAHA,RECONDITIONED,2022.0,1,3BD-DA17V,EVERY
CAR,DAIHATSU,5BA-LA350S MIRA E.S,JAPAN,PETROL,658.0,KANDY,RECONDITIONED,2025.0,1,5BA-LA350S,MIRA E.S
CAR,SUZUKI,4AA-MH55S WAGON R,JAPAN,PETROL,658.0,GAMPAHA,RECONDITIONED,2022.0,1,4AA-MH55S,WAGON R
CAR,TOYOTA,YARIS ATIV 5,THAILAND,PETROL,1197.0,PUTTALAM,RECONDITIONED,2025.0,1,,YARIS ATIV 5
CAR,TOYOTA,6AA-MXPJ10 YARIS,JAPAN,PETROL/ELE,1490.0,GAMPAHA,RECONDITIONED,2024.0,1,6AA-MXPJ10,YARIS
CAR,TOYOTA,3DA-FJA300W,JAPAN,DIESEL,3345.0,COLOMBO,RECONDITIONED,2023.0,2,3DA-FJA300W,Unknown
CAR,TOYOTA,5BA-M700A PASSO,JAPAN,PETROL,996.0,JAFFNA,RECONDITIONED,2022.0,1,5BA-M700A,PASSO
CAR,TOYOTA,YARIS ATIV 5,THAILAND,PETROL,1197.0,GAMPAHA,RECONDITIONED,2025.0,1,,YARIS ATIV 5
CAR,TOYOTA,3BA-TRJ250W LCRUISER,JAPAN,PETROL,2693.0,GAMPAHA,RECONDITIONED,2024.0,1,3BA-TRJ250W,LCRUISER
CAR,SUZUKI,5BD-DA17V EVERY,JAPAN,PETROL,658.0,RATNAPURA,RECONDITIONED,2023.0,1,5BD-DA17V,EVERY
CAR,SUZUKI,4AA-MH55S WAGON R,JAPAN,PETROL,658.0,PUTTALAM,RECONDITIONED,2025.0,1,4AA-MH55S,WAGON R
CAR,DAIHATSU,5BA-LA350S MIRA E S,JAPAN,PETROL,658.0,GALLE,RECONDITIONED,2024.0,1,5BA-LA350S,MIRA E S
MOTOR CYCLE,YADEA,YD1200DT35E,CHINA,ELECTRIC,1.2,GAMPAHA,RECONDITIONED,2025.0,1,,YD1200DT35E
SINGLE CAB,SUZUKI,3BD-DA16T CARRY,JAPAN,PETROL,658.0,POLONNARUWA,RECONDITIONED,2022.0,1,3BD-DA16T,CARRY
MOTOR CYCLE,HONDA,PCX160,JAPAN,PETROL,157.0,KANDY,RECONDITIONED,2025.0,5,,PCX160
CAR,DAIHATSU,5AA-A202S ROCKY,JAPAN,ELECTRIC,78.0,KANDY,RECONDITIONED,2025.0,1,5AA-A202S,ROCKY
CAR,HONDA,CR-V,AUSTRALIA,PETROL,1498.0,COLOMBO,RECONDITIONED,2024.0,1,CR-V,VTIL7
MOTOR CYCLE,HONDA,PCX-125,JAPAN,PETROL,124.0,KANDY,RECONDITIONED,2025.0,3,PCX-125,Unknown
CAR,SUZUKI,5AA-MH95S WAGON R,JAPAN,PETROL,657.0,MATALE,RECONDITIONED,2024.0,1,5AA-MH95S,WAGON R
CAR,SUZUKI,5AA-MK94S SPACIA,JAPAN,PETROL,658.0,COLOMBO,RECONDITIONED,2025.0,3,5AA-MK94S,SPACIA
CAR,SUZUKI,5AA-MK94S SPACIA,JAPAN,PETROL,658.0,GAMPAHA,RECONDITIONED,2023.0,1,5AA-MK94S,SPACIA
CAR,TOYOTA,5AA-A202A RAIZE,JAPAN,ELECTRIC,78.0,KANDY,RECONDITIONED,2024.0,1,5AA-A202A,RAIZE
CAR,B.M.W.,X1,GERMANY,PETROL,1499.0,COLOMBO,RECONDITIONED,2025.0,1,,X1
CAR,NISSAN,5BD-DR17V CLIPPER,JAPAN,PETROL,658.0,GAMPAHA,RECONDITIONED,2023.0,2,5BD-DR17V,CLIPPER
CAR,SUZUKI,5AA-MR92S HUSTLER,JAPAN,PETROL,658.0,RATNAPURA,RECONDITIONED,2025.0,1,5AA-MR92S,HUSTLER
CAR,TOYOTA,3BA-A210A RAIZE,JAPAN,PETROL,996.0,KURUNEGALA,RECONDITIONED,2024.0,3,3BA-A210A,RAIZE
CAR,TOYOTA,3BA-TRJ 250W  VX,JAPAN,PETROL,2693.0,COLOMBO,RECONDITIONED,2025.0,1,3BA-TRJ,250W  VX
CAR,KIA,SONET,INDIA,PETROL,998.0,KALUTARA,RECONDITIONED,2025.0,2,,SONET
CAR,TOYOTA,3BA-DB26 SUPRA,JAPAN,PETROL,1996.0,COLOMBO,RECONDITIONED,2023.0,1,3BA-DB26,SUPRA
CAR,DAIHATSU,5BA-LA350S MIRA.ES,JAPAN,PETROL,658.0,KALUTARA,RECONDITIONED,2024.0,1,5BA-LA350S,MIRA.ES
CAR,TOYOTA,YARIS CROSS HEV,THAILAND,PETROL/ELE,1496.0,KANDY,RECONDITIONED,2025.0,2,,YARIS CROSS HEV
CAR,MAZDA,3BA-DG17W SCRUM,JAPAN,PETROL,658.0,KANDY,RECONDITIONED,2022.0,1,3BA-DG17W,SCRUM
CAR,SUZUKI,5BD-DA17V,JAPAN,PETROL,658.0,KALUTARA,RECONDITIONED,2023.0,1,5BD-DA17V,EVEVRY
CAR,HONDA,6AA-RV5 VEZEL,JAPAN,PETROL/ELE,1496.0,JAFFNA,RECONDITIONED,2023.0,1,6AA-RV5,VEZEL
CAR,HONDA,6AA RV5 VEZEL,JAPAN,PETROL/ELE,1496.0,GAMPAHA,RECONDITIONED,2022.0,1,,6AA RV5 VEZEL
CAR,SUZUKI,4AA-MK54S SPCIA,JAPAN,PETROL,658.0,KANDY,RECONDITIONED,2025.0,1,4AA-MK54S,SPCIA
CAR,NISSAN,5BD-DR17V CLIPPER,JAPAN,PETROL,656.0,COLOMBO,RECONDITIONED,2024.0,1,5BD-DR17V,CLIPPER
CAR,SUZUKI,5AA-MK53S SPACIA,JAPAN,PETROL,658.0,KALUTARA,RECONDITIONED,2022.0,1,5AA-MK53S,SPACIA
COMMERCIAL,TOYOTA,COMMUTER,THAILAND,DIESEL,2755.0,GALLE,RECONDITIONED,2025.0,1,,COMMUTER
MOTOR CYCLE,HONDA,CRFMD47E250,JAPAN,PETROL,250.0,GAMPAHA,RECONDITIONED,2025.0,1,,CRFMD47E250
SINGLE CAB,MITSUBISHI,3BD-DS16T  MINICAB,JAPAN,PETROL,658.0,COLOMBO,RECONDITIONED,2024.0,1,3BD-DS16T,MINICAB
CAR,FORD,MUSTANG,AUSTRALIA,PETROL,2261.0,COLOMBO,RECONDITIONED,2024.0,1,,MUSTANG
CAR,SUZUKI,5BD-DA17V EVERY,JAPAN,PETROL,658.0,NUWARA-ELIYA,RECONDITIONED,2023.0,2,5BD-DA17V,EVERY
LAND VEHICLE (SMALL),KUBOTA,K700,JAPAN,DIESEL,370.0,JAFFNA,RECONDITIONED,2014.0,1,,K700
CAR,NISSAN,5BA-B43W DAYZ,JAPAN,PETROL,659.0,COLOMBO,RECONDITIONED,2023.0,3,5BA-B43W,DAYZ
CAR,TOYOTA,6AA-NKE165 AXIO,JAPAN,PETROL/ELE,1496.0,GAMPAHA,RECONDITIONED,2025.0,1,6AA-NKE165,AXIO
DUAL PURPOSE (COMMERCIAL),TOYOTA,3DF-GUN125 HILUX,JAPAN,DIESEL,2396.0,GAMPAHA,RECONDITIONED,2022.0,1,3DF-GUN125,HILUX
CAR,HONDA,6AA-RV5- VEZEL,JAPAN,PETROL/ELE,1496.0,GAMPAHA,RECONDITIONED,2023.0,1,6AA-RV5,- VEZEL
CAR,SUZUKI,3BA-HA37S ALTO,JAPAN,PETROL,657.0,KANDY,RECONDITIONED,2023.0,1,3BA-HA37S,ALTO
SINGLE CAB,NISSAN,3BD-DR16T CLIPPER,JAPAN,PETROL,658.0,KURUNEGALA,RECONDITIONED,2022.0,1,3BD-DR16T,CLIPPER
CAR,TOYOTA,5BA KSP210 YARIS,JAPAN,PETROL,996.0,MATARA,RECONDITIONED,2025.0,1,,5BA KSP210 YARIS
CAR,SUZUKI,5AA-MH95S WAGON R,JAPAN,PETROL,658.0,JAFFNA,RECONDITIONED,2023.0,1,5AA-MH95S,WAGON R
CAR,HONDA,CITY RS,THAILAND,PETROL,999.0,GAMPAHA,RECONDITIONED,2025.0,1,,CITY RS
CAR,MERCEDES BENZ,4AA-236450C CLE200,GERMANY,PETROL,1991.0,KALUTARA,RECONDITIONED,2024.0,1,4AA-236450C,CLE200
CAR,TOYOTA,5AA A202A RAIZE,JAPAN,PETROL/ELE,78.0,GALLE,RECONDITIONED,2025.0,1,,5AA A202A RAIZE
CAR,TOYOTA,4BA-M900A  ROOMY,JAPAN,PETROL,996.0,MATARA,RECONDITIONED,2023.0,1,4BA-M900A,ROOMY
CAR,DAIHATSU,5BA-LA360S MIRA E.S,JAPAN,PETROL,658.0,RATNAPURA,RECONDITIONED,2024.0,1,5BA-LA360S,MIRA E.S
CAR,DAIHATSU,5BA-LA350S MIRA E.S,JAPAN,PETROL,656.0,COLOMBO,RECONDITIONED,2023.0,1,5BA-LA350S,MIRA E.S
CAR,VOLKSWAGEN,3AA-CDDLA GOLF,GERMANY,PETROL,999.0,COLOMBO,RECONDITIONED,2023.0,1,3AA-CDDLA,GOLF
CAR,MERCEDES BENZ,CLB 200   BENZ,GERMANY,PETROL,1332.0,KURUNEGALA,RECONDITIONED,2024.0,1,,CLB 200   BENZ
CAR,HONDA,6AA-RV5 VEZEL,JAPAN,PETROL/ELE,1490.0,KALUTARA,RECONDITIONED,2025.0,1,6AA-RV5,VEZEL
CAR,DAIHATSU,5AA-A202S ROCKY,JAPAN,PETROL/ELE,1190.0,COLOMBO,RECONDITIONED,2024.0,1,5AA-A202S,ROCKY
CAR,NISSAN,4AA-B45A ROOX,JAPAN,PETROL,658.0,KURUNEGALA,RECONDITIONED,2023.0,2,4AA-B45A,ROOX
CAR,TOYOTA,5BA-A201A  RAIZE,JAPAN,PETROL,1196.0,GAMPAHA,RECONDITIONED,2023.0,1,5BA-A201A,RAIZE
CAR,SUZUKI,5AA-MH95S WAGON R,JAPAN,PETROL,657.0,ANURADHAPURA,RECONDITIONED,2025.0,1,5AA-MH95S,WAGON R
CAR,TOYOTA,5BA-M700A  PASSO,JAPAN,PETROL,996.0,AMPARA,RECONDITIONED,2022.0,1,5BA-M700A,PASSO
MOTOR CYCLE,HONDA,PCX160,THAILAND,PETROL,157.0,COLOMBO,RECONDITIONED,2025.0,1,,PCX160
CAR,NISSAN,ALMERA -EL,THAILAND,PETROL,999.0,COLOMBO,RECONDITIONED,2025.0,1,,ALMERA -EL
CAR,TOYOTA,6LA-AAHP45W ALPHARD,JAPAN,PETROL/ELE,2487.0,KANDY,RECONDITIONED,2025.0,1,6LA-AAHP45W,ALPHARD
SINGLE CAB,NISSAN,3BD-DR16T  NT100,JAPAN,PETROL,658.0,GAMPAHA,RECONDITIONED,2023.0,1,3BD-DR16T,NT100
CAR,TOYOTA,5BA-KSP210 YARIS,JAPAN,PETROL,996.0,KANDY,RECONDITIONED,2025.0,1,5BA-KSP210,YARIS
CAR,DAIHATSU,5BA-M900S  THOR,JAPAN,PETROL,996.0,RATNAPURA,RECONDITIONED,2023.0,1,5BA-M900S,THOR
CAR,NISSAN,6AA-T33  X-TRAIL,JAPAN,ELECTRIC,157.0,COLOMBO,RECONDITIONED,2025.0,1,6AA-T33,X-TRAIL
CAR,MAZDA,5AA-MJ95S MAZDA,JAPAN,PETROL,658.0,GAMPAHA,RECONDITIONED,2024.0,1,5AA-MJ95S,MAZDA
CAR,KIA,SONETA,INDIA,PETROL,998.0,GAMPAHA,RECONDITIONED,2024.0,1,,SONETA
CAR,TOYOTA,5BA-A201A,JAPAN,PETROL,1196.0,GAMPAHA,RECONDITIONED,2022.0,1,5BA-A201A,Unknown
CAR,SUZUKI,5AA-MK94SSPACIA,JAPAN,PETROL,657.0,GAMPAHA,RECONDITIONED,2024.0,1,5AA-MK94SSPACIA,Unknown
CAR,TOYOTA,5AA-A202A RAIZE,JAPAN,ELECTRIC,78.0,KEGALLE,RECONDITIONED,2023.0,1,5AA-A202A,RAIZE
CAR,DAIHATSU,5BA-LA350S MIRA,JAPAN,PETROL,658.0,KANDY,RECONDITIONED,2024.0,2,5BA-LA350S,MIRA
SINGLE CAB,SUBARU,3BD-S500J SAMBAR,JAPAN,PETROL,658.0,MATARA,RECONDITIONED,2023.0,1,3BD-S500J,SAMBAR
CAR,SUZUKI,3BA-DA17W EVERY,JAPAN,PETROL,658.0,GALLE,RECONDITIONED,2025.0,1,3BA-DA17W,EVERY
CAR,KIA,SONET,INDIA,PETROL,998.0,HAMBANTOTA,RECONDITIONED,2025.0,1,,SONET
CAR,HONDA,6AA-RV5,JAPAN,PETROL/ELE,1496.0,GALLE,RECONDITIONED,2025.0,1,6AA-RV5,VEEZL
CAR,TOYOTA,6AA -ZWR90W VOXY,JAPAN,PETROL/ELE,1797.0,HAMBANTOTA,RECONDITIONED,2025.0,1,,6AA -ZWR90W VOXY
CAR,SUZUKI,5BD-DA17V EVEVRY,JAPAN,PETROL,658.0,COLOMBO,RECONDITIONED,2022.0,1,5BD-DA17V,EVEVRY
CAR,SUZUKI,5BA-MH85S WAGON R,JAPAN,PETROL,657.0,HAMBANTOTA,RECONDITIONED,2024.0,1,5BA-MH85S,WAGON R
SINGLE CAB,TOYOTA,HILUX REVO,THAILAND,DIESEL,2755.0,GAMPAHA,RECONDITIONED,2025.0,1,,HILUX REVO
COMMERCIAL,TOYOTA,3DF-GDH223B HIACE,JAPAN,DIESEL,2754.0,COLOMBO,RECONDITIONED,2024.0,1,3DF-GDH223B,HIACE
CAR,NISSAN,5AA-B44A ROOX,JAPAN,PETROL,650.0,POLONNARUWA,RECONDITIONED,2024.0,1,5AA-B44A,ROOX
CAR,HONDA,CITY,THAILAND,PETROL,988.0,KALUTARA,RECONDITIONED,2025.0,1,,CITY
CAR,MERCEDES BENZ,CLA 200  AMG LINE,UNITED KINGDOM,PETROL,1332.0,KANDY,RECONDITIONED,2025.0,1,,CLA 200  AMG LINE
CAR,TOYOTA,4BA-M900A ROOMY,JAPAN,PETROL,996.0,KEGALLE,RECONDITIONED,2025.0,1,4BA-M900A,ROOMY
CAR,SUZUKI,5AA-MH95S WAGON R,JAPAN,PETROL,656.0,KILINOCHCHI,RECONDITIONED,2023.0,1,5AA-MH95S,WAGON R
CAR,TOYOTA,5BA-A201A RAIZE,JAPAN,PETROL,1196.0,GAMPAHA,RECONDITIONED,2022.0,1,5BA-A201A,RAIZE
CAR,NISSAN,6AA-T33 X-TRAIL,JAPAN,PETROL/ELE,1497.0,KALUTARA,RECONDITIONED,2023.0,1,6AA-T33,X-TRAIL
CAR,TOYOTA,5BA-M700A PASSO,JAPAN,PETROL,996.0,NUWARA-ELIYA,RECONDITIONED,2022.0,1,5BA-M700A,PASSO
CAR,HONDA,CITY  V,THAILAND,PETROL,988.0,COLOMBO,RECONDITIONED,2025.0,1,,CITY  V
CAR,TOYOTA,3BA-TRJ250W   VX,JAPAN,PETROL,2693.0,KANDY,RECONDITIONED,2024.0,1,3BA-TRJ250W,VX
CAR,TOYOTA,6AA-MXPJ15 YARIS,JAPAN,PETROL/ELE,1490.0,GAMPAHA,RECONDITIONED,2023.0,1,6AA-MXPJ15,YARIS
CAR,SUZUKI,5AA-MK94S SPACIA,JAPAN,PETROL,657.0,PUTTALAM,RECONDITIONED,2025.0,1,5AA-MK94S,SPACIA
CAR,TOYOTA,URBAN CRUISERTAISOR,INDIA,PETROL,998.0,KANDY,RECONDITIONED,2025.0,1,,URBAN CRUISERTAISOR
CAR,NISSAN,5BA-B43W DAYZ,JAPAN,PETROL,659.0,GAMPAHA,RECONDITIONED,2023.0,1,5BA-B43W,DAYZ
CAR,SUZUKI,5AA-MK94S SPACIA,JAPAN,PETROL,657.0,KEGALLE,RECONDITIONED,2024.0,1,5AA-MK94S,SPACIA
CAR,TOYOTA,5AA-A202 RAIZE,JAPAN,PETROL/ELE,1196.0,COLOMBO,RECONDITIONED,2025.0,1,5AA-A202,RAIZE
CAR,SUZUKI,5AA-MH95S WAGON R,JAPAN,PETROL,650.0,RATNAPURA,RECONDITIONED,2023.0,1,5AA-MH95S,WAGON R
CAR,MAZDA,5AA-MJ95S FLAIR,JAPAN,PETROL,658.0,KURUNEGALA,RECONDITIONED,2023.0,1,5AA-MJ95S,FLAIR
CAR,WULING,BINGUO,INDONESIA,ELECTRIC,50.0,KALUTARA,RECONDITIONED,2025.0,1,,BINGUO
CAR,DAIHATSU,5BA-LA360S MIRA ES,JAPAN,PETROL,658.0,KEGALLE,RECONDITIONED,2023.0,1,5BA-LA360S,MIRA ES
CAR,TOYOTA,A250RA-GBVV RAIZE,INDONESIA,PETROL,998.0,BADULLA,RECONDITIONED,2025.0,1,,A250RA-GBVV RAIZE
CAR,TOYOTA,5BA-M900A  ROOMY,JAPAN,PETROL,996.0,KANDY,RECONDITIONED,2024.0,1,5BA-M900A,ROOMY
CAR,SUZUKI,5AA-MH95S WAGON R,JAPAN,PETROL,658.0,NUWARA-ELIYA,RECONDITIONED,2023.0,1,5AA-MH95S,WAGON R
CAR,TOYOTA,3BA-NGX10 C-HR,JAPAN,PETROL,1196.0,KILINOCHCHI,RECONDITIONED,2023.0,1,3BA-NGX10,C-HR
CAR,NISSAN,5BA-B43W,JAPAN,PETROL,658.0,KURUNEGALA,RECONDITIONED,2024.0,1,5BA-B43W,DAYZ
DUAL PURPOSE (COMMERCIAL),MITSUBISHI,TRITON,THAILAND,DIESEL,2442.0,POLONNARUWA,RECONDITIONED,2025.0,1,,TRITON
CAR,KIA,SONET,INDIA,PETROL,998.0,MATALE,RECONDITIONED,2025.0,1,,SONET
SPECIAL PURPOSE VEHICLE,KOMATSU,LW80M-1  CRANE,JAPAN,DIESEL,3200.0,BADULLA,RECONDITIONED,2017.0,1,LW80M-1,CRANE
CAR,NISSAN,5BD-DR17V CLIPPER,JAPAN,PETROL,658.0,JAFFNA,RECONDITIONED,2024.0,1,5BD-DR17V,CLIPPER
CAR,DAIHATSU,5BA-LA350S  MIRA,JAPAN,PETROL,658.0,JAFFNA,RECONDITIONED,2023.0,1,5BA-LA350S,MIRA
CAR,TOYOTA,4BA-M900A ROOMY,JAPAN,PETROL,996.0,POLONNARUWA,RECONDITIONED,2022.0,1,4BA-M900A,ROOMY
CAR,SUZUKI,3BA-DA17W  EVERY,JAPAN,PETROL,658.0,KANDY,RECONDITIONED,2024.0,1,3BA-DA17W,EVERY
CAR,AUDI,3AA-GYDLA A3,GERMANY,PETROL,999.0,KALUTARA,RECONDITIONED,2023.0,1,3AA-GYDLA,A3
CAR,B.M.W.,3BA-22EE15  X1,GERMANY,PETROL,1490.0,COLOMBO,RECONDITIONED,2024.0,1,3BA-22EE15,X1
COMMERCIAL,TOYOTA,3DF-GDH223B HIACE,JAPAN,DIESEL,2750.0,COLOMBO,RECONDITIONED,2023.0,1,3DF-GDH223B,HIACE
CAR,TOYOTA,6AA-MXPJ10  YARIS,JAPAN,PETROL/ELE,1498.0,KURUNEGALA,RECONDITIONED,2023.0,1,6AA-MXPJ10,YARIS
CAR,MERCEDES BENZ,GLB 200,GERMANY,PETROL,1332.0,COLOMBO,RECONDITIONED,2024.0,1,,GLB 200
CAR,TOYOTA,5AA-A202A  RAIZE,JAPAN,PETROL/ELE,1196.0,ANURADHAPURA,RECONDITIONED,2025.0,1,5AA-A202A,RAIZE
CAR,TOYOTA,6AA-AAHH45W ALPHARD,JAPAN,PETROL/ELE,2487.0,KANDY,RECONDITIONED,2024.0,1,6AA-AAHH45W,ALPHARD
MOTOR LORRY (COMMERCIAL),ISUZU,TKG-FRR90T2 FORWARD,JAPAN,DIESEL,5190.0,KALUTARA,RECONDITIONED,2016.0,1,TKG-FRR90T2,FORWARD
DUAL PURPOSE (COMMERCIAL),TOYOTA,HILUX REVO GR SPORT,THAILAND,DIESEL,2755.0,PUTTALAM,RECONDITIONED,2024.0,1,,HILUX REVO GR SPORT
CAR,SUZUKI,4AA-MK54S SPACIA,JAPAN,PETROL,658.0,MANNAR,RECONDITIONED,2025.0,1,4AA-MK54S,SPACIA
MOTOR LORRY (COMMERCIAL),ISUZU,TRG-NKR85A ELF,JAPAN,DIESEL,2990.0,COLOMBO,RECONDITIONED,2019.0,1,TRG-NKR85A,ELF
SPECIAL PURPOSE VEHICLE,T.C.M,L9-2 WHEEL LOADER,JAPAN,DIESEL,3300.0,RATNAPURA,RECONDITIONED,2012.0,1,L9-2,WHEEL LOADER
CAR,TOYOTA,5AA-A202A RAIZE,JAPAN,ELECTRIC,78.0,GAMPAHA,RECONDITIONED,2022.0,1,5AA-A202A,RAIZE
CAR,HONDA,6AA RV5 VEZEL,JAPAN,PETROL/ELE,1496.0,HAMBANTOTA,RECONDITIONED,2025.0,1,,6AA RV5 VEZEL
MOTOR CYCLE,HONDA,PCX160,VIETNAM,PETROL,156.0,COLOMBO,RECONDITIONED,2024.0,1,,PCX160
CAR,SUZUKI,5BA-MH85S WAGON R,JAPAN,PETROL,657.0,COLOMBO,RECONDITIONED,2023.0,1,5BA-MH85S,WAGON R
CAR,TOYOTA,5BA-KSP210 YARIS,JAPAN,PETROL,996.0,NUWARA-ELIYA,RECONDITIONED,2024.0,1,5BA-KSP210,YARIS
CAR,SUZUKI,3BD-DA17V EVERY,JAPAN,PETROL,658.0,KANDY,RECONDITIONED,2023.0,1,3BD-DA17V,EVERY
CAR,TOYOTA,6AA-ZVG13 COROLLA,JAPAN,PETROL/ELE,1790.0,KURUNEGALA,RECONDITIONED,2025.0,1,6AA-ZVG13,COROLLA
CAR,PEUGEOT,5008GT,UNITED KINGDOM,PETROL/ELE,1199.0,GALLE,RECONDITIONED,2025.0,1,,5008GT
CAR,SUZUKI,5BA-MH85S WAGON R,JAPAN,PETROL,656.0,BADULLA,RECONDITIONED,2023.0,1,5BA-MH85S,WAGON R
CAR,NISSAN,5BD-DR17V CLIPPER,JAPAN,PETROL,658.0,KURUNEGALA,RECONDITIONED,2022.0,1,5BD-DR17V,CLIPPER
DUAL PURPOSE (COMMERCIAL),FORD,RAPTOR 2.OL,THAILAND,DIESEL,1996.0,MATARA,RECONDITIONED,2025.0,1,,RAPTOR 2.OL
DUAL PURPOSE (COMMERCIAL),TOYOTA,HILUX REVO,JAPAN,DIESEL,2755.0,AMPARA,RECONDITIONED,2025.0,1,,HILUX REVO
CAR,SUZUKI,5AA-HA97S ALTO,JAPAN,PETROL,650.0,COLOMBO,RECONDITIONED,2022.0,1,5AA-HA97S,ALTO
DUAL PURPOSE (COMMERCIAL),TOYOTA,HILUX REVO ROCCO,THAILAND,DIESEL,2755.0,TRINCOMALEE,RECONDITIONED,2025.0,1,,HILUX REVO ROCCO
CAR,DAIHATSU,5BA-LA350S MIRA  E.S,JAPAN,PETROL,658.0,MATARA,RECONDITIONED,2025.0,1,5BA-LA350S,MIRA  E.S
MOTOR CYCLE,RISE,LEADER R80 V2.0,SRI LANKA,ELECTRIC,1.5,MULLATIVU,BRAND NEW-L/MANUFACT,2025.0,1,,LEADER R80 V2.0
TRACTOR TRAILER/BOWSER,LOCALLY BUILT,TRACTOR  TRAILER,SRI LANKA,NOT STATED,0.0,JAFFNA,LOCALLY ASSEMBLED,2025.0,1,,TRACTOR  TRAILER
LORRY TRAILER/BOWSER,TANTRI,TSK -40,SRI LANKA,NOT STATED,0.0,COLOMBO,LOCALLY BUILT,2025.0,1,,TSK -40
TRACTOR TRAILER/BOWSER,LOCALLY BUILT,TRACTOR  TRAILER,SRI LANKA,NOT STATED,0.0,ANURADHAPURA,LOCALLY BUILT,2025.0,2,,TRACTOR  TRAILER
TRACTOR TRAILER/BOWSER,LOCALLY BUILT,TRACTOR TRAILER,SRI LANKA,NOT STATED,0.0,ANURADHAPURA,LOCALLY BUILT,2025.0,11,,TRACTOR TRAILER
TRACTOR TRAILER/BOWSER,LOCALLY BUILT,TRACTOR TRAILER,SRI LANKA,NOT STATED,0.0,HAMBANTOTA,LOCALLY BUILT,2025.0,4,,TRACTOR TRAILER
TRACTOR TRAILER/BOWSER,WIMAL AGRO,TRACTOR TRAILER,SRI LANKA,NOT STATED,0.0,TRINCOMALEE,LOCALLY BUILT,2025.0,1,,TRACTOR TRAILER
TRACTOR TRAILER/BOWSER,LOCALLY BUILT,TANKER BOWSER,SRI LANKA,NOT STATED,0.0,AMPARA,LOCALLY BUILT,2025.0,1,,TANKER BOWSER
LORRY TRAILER/BOWSER,LANKA ASHOK LEYLAND,TAILER,SRI LANKA,NOT STATED,0.0,RATNAPURA,LOCALLY BUILT,2025.0,1,,TAILER
MOTOR CYCLE,TVS,TVS NTORQ 125 CC,INDIA,PETROL,124.8,MATARA,BRAND NEW,2025.0,234,,TVS NTORQ 125 CC
MOTOR CYCLE,TVS,TVS NTORQ 125 CC,INDIA,PETROL,124.8,BADULLA,BRAND NEW,2025.0,97,,TVS NTORQ 125 CC
MOTOR CYCLE,TVS,TVS RAIDER 125,INDIA,PETROL,124.66,KALUTARA,BRAND NEW,2025.0,75,,TVS RAIDER 125
MOTOR CYCLE,TVS,IQUBE,INDIA,ELECTRIC,3.34,KALUTARA,BRAND NEW,2025.0,11,,IQUBE
MOTOR CYCLE,TVS,TVS RAIDER 125,INDIA,PETROL,124.66,MATARA,BRAND NEW,2025.0,16,,TVS RAIDER 125
THREE WHEELER,TVS,KING,INDIA,PETROL,199.26,ANURADHAPURA,BRAND NEW,2025.0,8,,KING
MOTOR CYCLE,LE,FAMILIA M8A2,CHINA,ELECTRIC,1.0,RATNAPURA,BRAND NEW,2022.0,1,,FAMILIA M8A2
THREE WHEELER,TVS,KING,INDIA,PETROL,199.26,KANDY,BRAND NEW,2025.0,21,,KING
MOTOR CYCLE,YAMAHA,FZ S FI VER 4.0,INDIA,PETROL,149.0,COLOMBO,BRAND NEW,2025.0,32,,FZ S FI VER 4.0
MOTOR CYCLE,YAMAHA,RAY ZRSTREETRALLY125,INDIA,PETROL,125.0,GAMPAHA,BRAND NEW,2025.0,50,,RAY ZRSTREETRALLY125
MOTOR CYCLE,YAMAHA,RAY ZR 125,INDIA,PETROL,125.0,VAVUNIYA,BRAND NEW,2025.0,4,,RAY ZR 125
MOTOR CYCLE,YAMAHA,RAY ZRSTREETRALLY125,INDIA,PETROL,125.0,PUTTALAM,BRAND NEW,2025.0,9,,RAY ZRSTREETRALLY125
MOTOR CYCLE,YAMAHA,MT 15 VER 2.0,INDIA,PETROL,155.0,JAFFNA,BRAND NEW,2025.0,71,,MT 15 VER 2.0
MOTOR CYCLE,HONDA,DIO STD,INDIA,PETROL,109.0,KURUNEGALA,BRAND NEW,2025.0,185,,DIO STD
MOTOR CYCLE,HONDA,DIO STD,INDIA,PETROL,109.0,ANURADHAPURA,BRAND NEW,2025.0,113,,DIO STD
LAND VEHICLE,TAFE,45DI,INDIA,DIESEL,2700.0,AMPARA,BRAND NEW,2025.0,8,,45DI
CAR,TOYOTA,A250RA-GBVV RAIZE,INDONESIA,PETROL,998.0,GAMPAHA,BRAND NEW,2025.0,90,,A250RA-GBVV RAIZE
MOTOR CYCLE,YAMAHA,RAY ZR 125,INDIA,PETROL,125.0,KURUNEGALA,BRAND NEW,2025.0,10,,RAY ZR 125
CAR,BYD,ATTO3-ADVANCED,CHINA,ELECTRIC,100.0,AMPARA,BRAND NEW,2025.0,1,ATTO3-ADVANCED,Unknown
CAR,BYD,ATTO-3-SUPERIOR,CHINA,ELECTRIC,100.0,KALUTARA,BRAND NEW,2025.0,1,ATTO-3-SUPERIOR,Unknown
CAR,BYD,SEALION 6 SUPERIOR,CHINA,PETROL/ELE,1498.0,KANDY,BRAND NEW,2025.0,23,,SEALION 6 SUPERIOR
SINGLE CAB,TATA,ACE HT2,INDIA,DIESEL,702.0,PUTTALAM,BRAND NEW,2025.0,5,,ACE HT2
THREE WHEELER,BAJAJ,RE 4S AUTORICKSHAW,INDIA,PETROL,237.0,KILINOCHCHI,BRAND NEW,2025.0,24,,RE 4S AUTORICKSHAW
COMMERCIAL,TOYOTA,HIACE-GDH301E-GDTDY,JAPAN,DIESEL,2755.0,KEGALLE,BRAND NEW,2025.0,2,HIACE-GDH301E-GDTDY,Unknown
CAR,NISSAN,MAGNITE TEKNA PLUS,INDIA,PETROL,999.0,GALLE,BRAND NEW,2025.0,10,,MAGNITE TEKNA PLUS
CAR,NISSAN,MAGNITE N-CONNECTA,INDIA,PETROL,999.0,COLOMBO,BRAND NEW,2025.0,30,,MAGNITE N-CONNECTA
MOTOR CYCLE,BAJAJ,PULSAR NS 200,INDIA,PETROL,199.5,KEGALLE,BRAND NEW,2052.0,1,,PULSAR NS 200
LAND VEHICLE,TAFE,45DI,INDIA,DIESEL,2500.0,TRINCOMALEE,BRAND NEW,2025.0,53,,45DI
LAND VEHICLE,TAFE,45DI,INDIA,DIESEL,2700.0,TRINCOMALEE,BRAND NEW,2025.0,8,,45DI
MOTOR CYCLE,HERO,HUNK 160,INDIA,PETROL,163.14,PUTTALAM,BRAND NEW,2025.0,30,,HUNK 160
MOTOR CYCLE,HERO,HUNK 160,INDIA,PETROL,163.14,COLOMBO,BRAND NEW,2025.0,128,,HUNK 160
MOTOR CYCLE,HERO,HF-DELUXE,INDIA,PETROL,97.2,TRINCOMALEE,BRAND NEW,2025.0,70,HF-DELUXE,Unknown
SINGLE CAB,MAHINDRA,BOLERO CITY PICKUP,INDIA,DIESEL,2523.0,BADULLA,BRAND NEW,2025.0,4,,BOLERO CITY PICKUP
LAND VEHICLE,KUBOTA,L 4508,JAPAN,DIESEL,2197.0,VAVUNIYA,BRAND NEW,2025.0,3,,L 4508
CAR,NISSAN,MAGNITE TEKNA PLUS,INDIA,PETROL,999.0,GAMPAHA,BRAND NEW,2025.0,50,,MAGNITE TEKNA PLUS
SINGLE CAB,MAHINDRA,BOLERO CITY PICKUP,INDIA,DIESEL,2523.0,GALLE,BRAND NEW,2025.0,9,,BOLERO CITY PICKUP
MOTOR CYCLE,BAJAJ,PULSAR N 125,INDIA,PETROL,124.58,TRINCOMALEE,BRAND NEW,2025.0,10,,PULSAR N 125
MOTOR CYCLE,HERO,XOOM-110,INDIA,PETROL,110.9,KURUNEGALA,BRAND NEW,2025.0,249,XOOM-110,Unknown
MOTOR CYCLE,VMOTO,CITI,CHINA,ELECTRIC,2.0,KURUNEGALA,BRAND NEW,2025.0,3,,CITI
MOTOR CYCLE,HERO,HF-DELUXE,INDIA,PETROL,97.2,MULLATIVU,BRAND NEW,2025.0,70,HF-DELUXE,Unknown
MOTOR CYCLE,TVS,IQUBE,INDIA,ELECTRIC,3.34,AMPARA,BRAND NEW,2025.0,3,,IQUBE
MOTOR CYCLE,AIMA,BREEZY,CHINA,ELECTRIC,0.8,MATARA,BRAND NEW,2025.0,8,,BREEZY
MOTOR CYCLE,RANOMOTO,GN125H,CHINA,PETROL,124.0,TRINCOMALEE,BRAND NEW,2025.0,3,,GN125H
DUAL PURPOSE (COMMERCIAL),FORD,RANGER RAPTOR,THAILAND,PETROL,2956.0,GAMPAHA,BRAND NEW,2025.0,2,,RANGER RAPTOR
MOTOR CYCLE,BAJAJ,PULSAR NS 200,INDIA,PETROL,199.5,KANDY,BRAND NEW,2025.0,32,,PULSAR NS 200
THREE WHEELER,BAJAJ,RE 4S AUTORICKSHAW,INDIA,PETROL,237.0,RATNAPURA,BRAND NEW,2025.0,59,,RE 4S AUTORICKSHAW
CAR,CHANGAN,S 07,CHINA,ELECTRIC,99.0,COLOMBO,BRAND NEW,2025.0,10,,S 07
MOTOR CYCLE,AIMA,LIBERTY,CHINA,ELECTRIC,1.2,POLONNARUWA,BRAND NEW,2025.0,26,,LIBERTY
MOTOR CYCLE,ATHER,450X,INDIA,ELECTRIC,3.0,HAMBANTOTA,BRAND NEW,2025.0,4,,450X
CAR,TOYOTA,A250RA-GBVV RAIZE,INDONESIA,PETROL,998.0,MONERAGALA,BRAND NEW,2025.0,3,,A250RA-GBVV RAIZE
MOTOR LORRY (COMMERCIAL),HINO,XZU650R-WKMMN3,JAPAN,DIESEL,4009.0,GAMPAHA,BRAND NEW,2025.0,1,,XZU650R-WKMMN3
MOTOR LORRY (COMMERCIAL),EICHER,PRO1080 F,INDIA,DIESEL,3298.0,ANURADHAPURA,BRAND NEW,2025.0,1,,PRO1080 F
MOTOR LORRY (COMMERCIAL),EICHER,PRO1112XP G,INDIA,DIESEL,3770.0,KURUNEGALA,BRAND NEW,2025.0,1,,PRO1112XP G
MOTOR CYCLE,HERO,XTREME 125 R,INDIA,PETROL,124.7,COLOMBO,BRAND NEW,2025.0,60,,XTREME 125 R
MOTOR CYCLE,HERO,XTREME 125 R,INDIA,PETROL,124.7,AMPARA,BRAND NEW,2025.0,30,,XTREME 125 R
LAND VEHICLE,JOHN DEERE,5050D,INDIA,DIESEL,2940.0,KURUNEGALA,BRAND NEW,2025.0,3,,5050D
MOTOR CYCLE,LUYUAN,MNK3,CHINA,ELECTRIC,1.5,ANURADHAPURA,BRAND NEW,2025.0,5,,MNK3
MOTOR CYCLE,TMR QUANLE,XGW,CHINA,ELECTRIC,1.2,ANURADHAPURA,BRAND NEW,2025.0,6,,XGW
MOTOR CYCLE,TMR QUANLE,XGW,CHINA,ELECTRIC,1.2,GALLE,BRAND NEW,2025.0,4,,XGW
MOTOR CYCLE,NWOW,SE,CHINA,ELECTRIC,0.8,KALUTARA,BRAND NEW,2025.0,12,,SE
THREE WHEELER,PIAGGIO,APE AUTO DX,INDIA,DIESEL,435.0,COLOMBO,BRAND NEW,2025.0,10,,APE AUTO DX
THREE WHEELER,PIAGGIO,APE AUTO DX,INDIA,DIESEL,435.0,GALLE,BRAND NEW,2025.0,7,,APE AUTO DX
THREE WHEELER,PIAGGIO,APE AUTO DX,INDIA,DIESEL,435.0,GAMPAHA,BRAND NEW,2025.0,21,,APE AUTO DX
THREE WHEELER,PIAGGIO,APE AUTO DX,INDIA,DIESEL,435.0,BADULLA,BRAND NEW,2025.0,8,,APE AUTO DX
CAR,MERCEDES BENZ,E-200,GERMANY,PETROL,1999.0,COLOMBO,BRAND NEW,2025.0,4,,E-200
SINGLE CAB,TATA,YODHA BS1V,INDIA,DIESEL,2956.0,ANURADHAPURA,BRAND NEW,2025.0,1,,YODHA BS1V
PRIMER MOVER,TATA,SIGNA 5532 S,INDIA,DIESEL,6702.0,COLOMBO,BRAND NEW,2025.0,3,,SIGNA 5532 S
MOTOR CYCLE,TMR LUYUAN,COLA 5,CHINA,ELECTRIC,0.4,GALLE,BRAND NEW,2025.0,4,,COLA 5
LAND VEHICLE,MAHINDRA,YUVO TECH PLUS 585DI,INDIA,DIESEL,2979.0,ANURADHAPURA,BRAND NEW,2025.0,16,,YUVO TECH PLUS 585DI
MOTOR CYCLE,HONDA,DIO STD,INDIA,PETROL,109.0,VAVUNIYA,BRAND NEW,2025.0,34,,DIO STD
MOTOR CYCLE,AIMA,ARIA,CHINA,ELECTRIC,0.8,MONERAGALA,BRAND NEW,2025.0,5,,ARIA
MOTOR CYCLE,HONDA,DIO STD,INDIA,PETROL,109.0,NUWARA-ELIYA,BRAND NEW,2025.0,8,,DIO STD
MOTOR CYCLE,YAMAHA,RAY ZR 125,INDIA,PETROL,125.0,POLONNARUWA,BRAND NEW,2025.0,2,,RAY ZR 125
LAND VEHICLE,TAFE,45DI,INDIA,DIESEL,2700.0,KANDY,BRAND NEW,2025.0,3,,45DI
MOTOR LORRY (COMMERCIAL),ISUZU,NMR85U-EH5MAD1,JAPAN,DIESEL,2999.0,COLOMBO,BRAND NEW,2025.0,1,,NMR85U-EH5MAD1
MOTOR LORRY (COMMERCIAL),ISUZU,NQR75U-LN5VAYN,JAPAN,DIESEL,5193.0,KILINOCHCHI,BRAND NEW,2025.0,1,,NQR75U-LN5VAYN
SINGLE CAB,TATA,YODHA,INDIA,DIESEL,2956.0,KALUTARA,BRAND NEW,2025.0,1,,YODHA
MOTOR CYCLE,YADEA,RUIBIN,CHINA,ELECTRIC,0.8,GAMPAHA,BRAND NEW,2025.0,17,,RUIBIN
LAND VEHICLE,SONALIKA,D150RX-2WD,INDIA,DIESEL,2893.0,POLONNARUWA,BRAND NEW,2025.0,1,,D150RX-2WD
MOTOR CYCLE,YADEA,RUIBIN,CHINA,ELECTRIC,0.8,KALUTARA,BRAND NEW,2025.0,11,,RUIBIN
MOTOR CYCLE,YADEA,T 9,CHINA,ELECTRIC,2.0,KALUTARA,BRAND NEW,2025.0,10,,T 9
MOTOR CYCLE,YADEA,RUIBIN,CHINA,ELECTRIC,0.8,KURUNEGALA,BRAND NEW,2025.0,56,,RUIBIN
SINGLE CAB,TATA,ACE HT2,INDIA,DIESEL,702.0,GAMPAHA,BRAND NEW,2025.0,7,,ACE HT2
CAR,SUZUKI,FRONX,INDIA,PETROL,998.0,PUTTALAM,BRAND NEW,2025.0,3,,FRONX
MOTOR CYCLE,NWOW,TK 10,CHINA,ELECTRIC,0.8,GAMPAHA,BRAND NEW,2022.0,1,,TK 10
MOTOR CYCLE,NWOW,ARS,CHINA,ELECTRIC,0.45,KALUTARA,BRAND NEW,2018.0,1,,ARS
MOTOR CYCLE,NWOW,SE,CHINA,ELECTRIC,0.8,PUTTALAM,BRAND NEW,2025.0,12,,SE
THREE WHEELER,NWOW,ERVS4 PLUS,CHINA,ELECTRIC,0.8,COLOMBO,BRAND NEW,2025.0,2,,ERVS4 PLUS
MOTOR CYCLE,YADEA,RUIBIN,CHINA,ELECTRIC,0.8,ANURADHAPURA,BRAND NEW,2025.0,48,,RUIBIN
MOTOR CYCLE,HERO,XTREME 125 R,INDIA,PETROL,124.7,NUWARA-ELIYA,BRAND NEW,2025.0,14,,XTREME 125 R
CAR,SAIC,MG ZS MCE,CHINA,PETROL,999.0,COLOMBO,BRAND NEW,2025.0,38,,MG ZS MCE
CAR,SAIC,MGHS PHEV,CHINA,PETROL/ELE,1496.0,GAMPAHA,BRAND NEW,2025.0,4,,MGHS PHEV
CAR,SAIC,MG ZS MCE,CHINA,PETROL,999.0,JAFFNA,BRAND NEW,2025.0,1,,MG ZS MCE
MOTOR CYCLE,HUAIHAI,ZL9,CHINA,ELECTRIC,1.5,KURUNEGALA,BRAND NEW,2025.0,1,,ZL9
CAR,KIA,SORENTO,MALAYSIA,PETROL/ELE,1598.0,COLOMBO,BRAND NEW,2024.0,3,,SORENTO
CAR,BYD,SEALION 6 PREMIUM,CHINA,PETROL/ELE,1498.0,KANDY,BRAND NEW,2025.0,4,,SEALION 6 PREMIUM
CAR,BYD,ATTO3-ADVANCED,CHINA,ELECTRIC,100.0,MATARA,BRAND NEW,2025.0,1,ATTO3-ADVANCED,Unknown
CAR,SAIC,MG ZS MCE,CHINA,PETROL,999.0,RATNAPURA,BRAND NEW,2025.0,2,,MG ZS MCE
CAR,NISSAN,MAGNITE TEKNA PLUS,INDIA,PETROL,999.0,BADULLA,BRAND NEW,2025.0,3,,MAGNITE TEKNA PLUS
MOTOR CYCLE,YAMAMOTO,JY-125T-YMAX,CHINA,PETROL,125.0,GAMPAHA,BRAND NEW,2025.0,1,JY-125T-YMAX,Unknown
CAR,NISSAN,MAGNITE N-CONNECTA,INDIA,PETROL,999.0,JAFFNA,BRAND NEW,2025.0,2,,MAGNITE N-CONNECTA
MOTOR CYCLE,FST,FLY,CHINA,ELECTRIC,2.0,COLOMBO,BRAND NEW,2025.0,1,,FLY
MOTOR CYCLE,YAMAHA,MT 15 VER 2.0,INDIA,PETROL,155.0,KANDY,BRAND NEW,2025.0,4,,MT 15 VER 2.0
MOTOR CYCLE,WUXI,NMX,CHINA,PETROL,125.0,COLOMBO,BRAND NEW,2025.0,1,,NMX
MOTOR CYCLE,WUXI,MC-WM12,CHINA,ELECTRIC,3.0,MATARA,BRAND NEW,2025.0,1,MC-WM12,Unknown
MOTOR CYCLE,AIMA,MANA,CHINA,ELECTRIC,1.5,GAMPAHA,BRAND NEW,2025.0,1,,MANA
CAR,SUZUKI,FRONX,INDIA,PETROL,998.0,MATARA,BRAND NEW,2025.0,5,,FRONX
MOTOR CYCLE,YADEA,RUIBIN,CHINA,ELECTRIC,0.8,RATNAPURA,BRAND NEW,2025.0,3,,RUIBIN
COMMERCIAL,TATA,LPO 1515,INDIA,DIESEL,5883.0,KURUNEGALA,BRAND NEW,2025.0,2,,LPO 1515
MOTOR CYCLE,TVS,IQUBE,INDIA,ELECTRIC,3.34,MANNAR,BRAND NEW,2025.0,1,,IQUBE
MOTOR CYCLE,YAMAHA,RAY ZRSTREETRALLY125,INDIA,PETROL,125.0,POLONNARUWA,BRAND NEW,2025.0,5,,RAY ZRSTREETRALLY125
MOTOR CYCLE,YAMAHA,FZ S FI VER 4.0,INDIA,PETROL,149.0,POLONNARUWA,BRAND NEW,2025.0,10,,FZ S FI VER 4.0
CAR,PERODUA,BEZZA,MALAYSIA,PETROL,998.0,KALUTARA,BRAND NEW,2025.0,15,,BEZZA
DUAL PURPOSE (COMMERCIAL),JAC,HFC1037D3,CHINA,DIESEL,1999.0,GAMPAHA,BRAND NEW,2025.0,1,,HFC1037D3
MOTOR CYCLE,TVS,IQUBE,INDIA,ELECTRIC,3.34,BATTICALOA,BRAND NEW,2025.0,9,,IQUBE
MOTOR CYCLE,YAMAHA,MT 15 VER 2.0,INDIA,PETROL,155.0,HAMBANTOTA,BRAND NEW,2025.0,3,,MT 15 VER 2.0
MOTOR CYCLE,SOLID,S9,CHINA,ELECTRIC,2.0,KALUTARA,BRAND NEW,2025.0,2,,S9
MOTOR CYCLE,LUYUAN ALFA,M-MKK-Z30LJ-12-C,CHINA,ELECTRIC,1.8,MONERAGALA,BRAND NEW,2025.0,1,,M-MKK-Z30LJ-12-C
THREE WHEELER,MAHINDRA,TREO,INDIA,ELECTRIC,3.5,AMPARA,BRAND NEW,2025.0,2,,TREO
MOTOR CYCLE,HONDA,DIO DLX,INDIA,PETROL,109.0,ANURADHAPURA,BRAND NEW,2025.0,97,,DIO DLX
MOTOR LORRY (COMMERCIAL),ISUZU,NQR75U-KN5VAYN,JAPAN,DIESEL,5193.0,GAMPAHA,BRAND NEW,2025.0,10,,NQR75U-KN5VAYN
MOTOR LORRY (COMMERCIAL),ISUZU,NMR85U-EH5AY,JAPAN,DIESEL,2999.0,COLOMBO,BRAND NEW,2025.0,1,,NMR85U-EH5AY
CAR,NISSAN,MAGNITE ACENTA BR10,INDIA,PETROL,999.0,PUTTALAM,BRAND NEW,2025.0,2,,MAGNITE ACENTA BR10
CAR,NISSAN,MAGNITE TEKNA PLUS,INDIA,PETROL,999.0,TRINCOMALEE,BRAND NEW,2025.0,2,,MAGNITE TEKNA PLUS
LAND VEHICLE,TAFE,45DI,INDIA,DIESEL,2700.0,MONERAGALA,BRAND NEW,2025.0,9,,45DI
MOTOR CYCLE,DASTOL,DW-28,CHINA,ELECTRIC,2.0,MATARA,BRAND NEW,2025.0,1,DW-28,Unknown
MOTOR CYCLE,NWOW,TK 10,CHINA,ELECTRIC,0.8,COLOMBO,BRAND NEW,2023.0,1,,TK 10
MOTOR CYCLE,YADEA,EPOC H,CHINA,ELECTRIC,2.0,ANURADHAPURA,BRAND NEW,2025.0,1,,EPOC H
MOTOR LORRY (COMMERCIAL),MITSUBISHI,FEB71GR4WDSC,JAPAN,DIESEL,2998.0,COLOMBO,BRAND NEW,2025.0,2,,FEB71GR4WDSC
MOTOR CYCLE,REVOLT,RV 400,INDIA,ELECTRIC,3.0,ANURADHAPURA,BRAND NEW,2025.0,1,,RV 400
LAND VEHICLE,KARTAR,GLOBETRAC 4736 4WD,INDIA,DIESEL,3117.0,PUTTALAM,BRAND NEW,2025.0,1,,GLOBETRAC 4736 4WD
MOTOR CYCLE,LUYUAN,M-MHH-Z30LJ,CHINA,ELECTRIC,2.0,HAMBANTOTA,BRAND NEW,2025.0,2,,M-MHH-Z30LJ
THREE WHEELER,TVS,KING,INDIA,PETROL,199.26,RATNAPURA,BRAND NEW,2025.0,2,,KING
MOTOR CYCLE,LUYUAN,MYY-Z35J,CHINA,ELECTRIC,2.0,HAMBANTOTA,BRAND NEW,2025.0,1,MYY-Z35J,Unknown
MOTOR CYCLE,OYFLY,TDM-LTW,CHINA,ELECTRIC,2.0,GALLE,BRAND NEW,2025.0,1,TDM-LTW,Unknown
MOTOR CYCLE,REVOLT,RV 400,INDIA,ELECTRIC,3.0,AMPARA,BRAND NEW,2025.0,1,,RV 400
MOTOR CYCLE,AIMA,MAVERICK,CHINA,ELECTRIC,2.0,RATNAPURA,BRAND NEW,2025.0,3,,MAVERICK
SINGLE CAB,TATA,HAC HT2,INDIA,DIESEL,702.0,GAMPAHA,BRAND NEW,2025.0,1,,HAC HT2
MOTOR CYCLE,HERO,HUNK 160,INDIA,PETROL,163.14,MULLATIVU,BRAND NEW,2025.0,2,,HUNK 160
MOTOR CYCLE,YADEA,T 9,CHINA,ELECTRIC,2.0,MANNAR,BRAND NEW,2025.0,1,,T 9
CAR,MAXUS,MIFA7,CHINA,ELECTRIC,180.0,GAMPAHA,BRAND NEW,2025.0,1,,MIFA7
CAR,WULING,BINGUO,INDONESIA,ELECTRIC,49.0,GAMPAHA,BRAND NEW,2025.0,1,,BINGUO
LAND VEHICLE,MAHINDRA,YUVO TECH PLUS 585DI,INDIA,DIESEL,2979.0,AMPARA,BRAND NEW,2025.0,2,,YUVO TECH PLUS 585DI
CAR,PERODUA,BEZZA,MALAYSIA,PETROL,998.0,AMPARA,BRAND NEW,2025.0,2,,BEZZA
DUAL PURPOSE (COMMERCIAL),MITSUBISHI,FEAZIER3WDSC,JAPAN,DIESEL,2998.0,COLOMBO,BRAND NEW,2025.0,1,,FEAZIER3WDSC
MOTOR CYCLE,LIMA,EL07,CHINA,ELECTRIC,1.5,KANDY,BRAND NEW,2025.0,10,,EL07
MOTOR CYCLE,YAMAHA,YZF R15 VER 4.0,INDIA,PETROL,155.0,RATNAPURA,BRAND NEW,2025.0,3,,YZF R15 VER 4.0
MOTOR CYCLE,YAMAHA,MT 15 VER 2.0,INDIA,PETROL,155.0,MONERAGALA,BRAND NEW,2025.0,2,,MT 15 VER 2.0
MOTOR CYCLE,SYM,HUSKY ADV TE15,CHINA,PETROL,150.0,TRINCOMALEE,BRAND NEW,2025.0,1,,HUSKY ADV TE15
MOTOR CYCLE,HUAIHAI,ZL9,CHINA,ELECTRIC,1.5,KEGALLE,BRAND NEW,2025.0,1,,ZL9
CAR,NISSAN,MAGNITE N-CONNECTA,INDIA,PETROL,999.0,KALUTARA,BRAND NEW,2025.0,4,,MAGNITE N-CONNECTA
LAND VEHICLE,KUBOTA,L 4508,JAPAN,DIESEL,2197.0,AMPARA,BRAND NEW,2025.0,1,,L 4508
LAND VEHICLE,YANMAR,YM358R,THAILAND,DIESEL,3319.0,POLONNARUWA,BRAND NEW,2025.0,2,,YM358R
MOTOR LORRY (COMMERCIAL),LANKA ASHOK LEYLAND,2518 TIPPER,SRI LANKA,DIESEL,5759.0,ANURADHAPURA,BRAND NEW,2025.0,1,,2518 TIPPER
MOTOR CYCLE,BNC,CHALLENGER S 125,INDIA,ELECTRIC,1.2,KURUNEGALA,BRAND NEW,2024.0,1,,CHALLENGER S 125
MOTOR CYCLE,TMR QUANLE,XGW,CHINA,ELECTRIC,1.2,HAMBANTOTA,BRAND NEW,2025.0,2,,XGW
MOTOR CYCLE,LUYUAN,MNK3,CHINA,ELECTRIC,1.5,TRINCOMALEE,BRAND NEW,2025.0,1,,MNK3
CAR,WULING,BINGUO,INDONESIA,ELECTRIC,50.0,KALUTARA,BRAND NEW,2025.0,5,,BINGUO
MOTOR CYCLE,SOLID,S9,CHINA,ELECTRIC,2.0,RATNAPURA,BRAND NEW,2025.0,1,,S9
CAR,KIA,SORENTO,SOUTH KOREA,PETROL/ELE,1598.0,COLOMBO,BRAND NEW,2025.0,1,,SORENTO
CAR,LAND ROVER,RANGE ROVER EVOQUE,UNITED KINGDOM,PETROL,1500.0,COLOMBO,BRAND NEW,2025.0,1,,RANGE ROVER EVOQUE
COMMERCIAL,LANKA ASHOK LEYLAND,VIKING,INDIA,DIESEL,6014.0,GAMPAHA,BRAND NEW,2025.0,2,,VIKING
LAND VEHICLE,JOHN DEERE,5050D,INDIA,DIESEL,2940.0,VAVUNIYA,BRAND NEW,2025.0,2,,5050D
MOTOR CYCLE,NWOW,WSP,CHINA,ELECTRIC,1.5,MATARA,BRAND NEW,2025.0,1,,WSP
COMMERCIAL,LANKA ASHOK LEYLAND,VIKING,INDIA,DIESEL,6014.0,COLOMBO,BRAND NEW,2025.0,3,,VIKING
MOTOR LORRY (COMMERCIAL),LANKA ASHOK LEYLAND,PARTNER,INDIA,DIESEL,2953.0,VAVUNIYA,BRAND NEW,2025.0,1,,PARTNER
MOTOR CYCLE,AIMA,ARIA,CHINA,ELECTRIC,0.8,JAFFNA,BRAND NEW,2025.0,1,,ARIA
LAND VEHICLE (SMALL),VIKYNO,RV80,VIETNAM,DIESEL,443.0,ANURADHAPURA,BRAND NEW,2025.0,3,,RV80
CAR,MERCEDES BENZ,GLE 400E 4 MATIC,U.S.A,PETROL,1999.0,COLOMBO,BRAND NEW,2025.0,1,,GLE 400E 4 MATIC
SINGLE CAB,TATA,ACE HT2,INDIA,DIESEL,702.0,MATARA,BRAND NEW,2025.0,1,,ACE HT2
MOTOR CYCLE,DYNAMIC,SL,CHINA,ELECTRIC,2.0,KALUTARA,BRAND NEW,2024.0,1,,SL
SPECIAL PURPOSE VEHICLE,TEU,FD30T,CHINA,DIESEL,2650.0,JAFFNA,BRAND NEW,2025.0,1,,FD30T
COMMERCIAL,TOYOTA,XZB70R ZGMNY COASTER,JAPAN,DIESEL,4009.0,KALUTARA,BRAND NEW,2025.0,1,,XZB70R ZGMNY COASTER
LAND VEHICLE,SOLIS,5020,INDIA,DIESEL,3067.0,MULLATIVU,BRAND NEW,2024.0,1,,5020
MOTOR CYCLE,YADEA,EPOC H,CHINA,ELECTRIC,2.0,POLONNARUWA,BRAND NEW,2025.0,1,,EPOC H
CAR,WULING,CLOUD EV,INDONESIA,ELECTRIC,100.0,GALLE,BRAND NEW,2025.0,3,,CLOUD EV
MOTOR CYCLE,FST,TV6,CHINA,ELECTRIC,4.0,KEGALLE,BRAND NEW,2025.0,1,,TV6
CAR,TOYOTA,WIGO A350RA GBNE,INDONESIA,PETROL,998.0,KALUTARA,BRAND NEW,2025.0,4,,WIGO A350RA GBNE
LAND VEHICLE (SMALL),FARM MASTER,RV125-2,CHINA,DIESEL,624.0,TRINCOMALEE,BRAND NEW,2023.0,1,RV125-2,Unknown
LAND VEHICLE (SMALL),SIFANG,GN12DI,CHINA,DIESEL,815.0,POLONNARUWA,BRAND NEW,2024.0,1,,GN12DI
CAR,TOYOTA,CAMRY AXVH80R-AEXGBW,JAPAN,PETROL/ELE,2487.0,GAMPAHA,BRAND NEW,2025.0,1,,CAMRY AXVH80R-AEXGBW
CAR,WULING,CLOUD EV,INDONESIA,ELECTRIC,100.0,KANDY,BRAND NEW,2025.0,1,,CLOUD EV
THREE WHEELER,MAHINDRA,TREO,INDIA,ELECTRIC,3.5,KANDY,BRAND NEW,2025.0,1,,TREO
MOTOR CYCLE,HERO,XTREME 125 R,INDIA,PETROL,124.7,HAMBANTOTA,BRAND NEW,2025.0,7,,XTREME 125 R
MOTOR CYCLE,TMR LUYUAN,MQQ6,CHINA,ELECTRIC,0.8,MONERAGALA,BRAND NEW,2025.0,1,,MQQ6
MOTOR CYCLE,LUYUAN,MYT,CHINA,ELECTRIC,0.8,AMPARA,BRAND NEW,2025.0,1,,MYT
CAR,CHANGAN,LUMIN,CHINA,ELECTRIC,35.0,COLOMBO,BRAND NEW,2025.0,1,,LUMIN
LAND VEHICLE,NEW HOLLAND,4710,INDIA,DIESEL,2700.0,PUTTALAM,BRAND NEW,2024.0,2,,4710
CAR,MITSUBISHI,NC1WXRPGRV1,INDONESIA,PETROL,1499.0,KANDY,BRAND NEW,2025.0,1,,NC1WXRPGRV1
CAR,SUZUKI,CELERIO,INDIA,PETROL,998.0,COLOMBO,BRAND NEW,2025.0,1,,CELERIO
LAND VEHICLE,TAFE,45DI,INDIA,DIESEL,2700.0,JAFFNA,BRAND NEW,2025.0,1,,45DI
THREE WHEELER,ATUL,RIK,INDIA,PETROL,198.6,MATALE,BRAND NEW,2025.0,1,,RIK
LAND VEHICLE,TAFE,45DI,INDIA,DIESEL,2700.0,BADULLA,BRAND NEW,2025.0,1,,45DI
LAND VEHICLE,LOVOL,P504-3,CHINA,DIESEL,2189.0,JAFFNA,BRAND NEW,2025.0,1,P504-3,Unknown
MOTOR CYCLE,LUYUAN,MNK3,CHINA,ELECTRIC,1.5,MATALE,BRAND NEW,2025.0,1,,MNK3
MOTOR CYCLE,HERO,HF-DELUXE,INDIA,PETROL,97.2,MATARA,BRAND NEW,2025.0,1,HF-DELUXE,Unknown
MOTOR CYCLE,BAJAJ,CT 100 ES,SRI LANKA,PETROL,102.0,ANURADHAPURA,BRAND NEW,2025.0,3,,CT 100 ES
LAND VEHICLE,TAFE,45DI,INDIA,DIESEL,2700.0,BATTICALOA,BRAND NEW,2025.0,1,,45DI
MOTOR CYCLE,TMR QUANLE,ZL,CHINA,ELECTRIC,2.0,MATALE,BRAND NEW,2025.0,1,,ZL
MOTOR CYCLE,AIMA,ARIA,CHINA,ELECTRIC,0.8,AMPARA,BRAND NEW,2025.0,1,,ARIA
LAND VEHICLE,KUBOTA,L 4508,JAPAN,DIESEL,2197.0,MATALE,BRAND NEW,2025.0,1,,L 4508
MOTOR CYCLE,BAJAJ,DISCOVER 125,SRI LANKA,PETROL,124.5,KALUTARA,BRAND NEW-L/ASSEMBLE,2025.0,81,,DISCOVER 125
MOTOR CYCLE,BAJAJ,CT 100 ES,SRI LANKA,PETROL,102.0,BATTICALOA,BRAND NEW-L/ASSEMBLE,2025.0,65,,CT 100 ES
MOTOR CYCLE,BAJAJ,CT 100 ES,SRI LANKA,PETROL,102.0,AMPARA,BRAND NEW-L/ASSEMBLE,2025.0,149,,CT 100 ES
MOTOR CYCLE,BAJAJ,DISCOVER 125,SRI LANKA,PETROL,124.5,BADULLA,BRAND NEW-L/ASSEMBLE,2025.0,36,,DISCOVER 125
MOTOR CYCLE,BAJAJ,PULSAR N160,SRI LANKA,PETROL,164.82,NUWARA-ELIYA,BRAND NEW-L/ASSEMBLE,2025.0,20,,PULSAR N160
MOTOR CYCLE,SENARO,GN125,SRI LANKA,PETROL,125.0,ANURADHAPURA,BRAND NEW-L/ASSEMBLE,205.0,1,,GN125
MOTOR CYCLE,TVS,NTORQ 125,SRI LANKA,PETROL,124.8,MATALE,BRAND NEW-L/ASSEMBLE,2025.0,1,,NTORQ 125
MOTOR CYCLE,SENARO,GN125,SRI LANKA,PETROL,125.0,GAMPAHA,BRAND NEW-L/ASSEMBLE,2025.0,14,,GN125
MOTOR CYCLE,BAJAJ,PULSAR N160,SRI LANKA,PETROL,164.82,KILINOCHCHI,BRAND NEW-L/ASSEMBLE,2025.0,9,,PULSAR N160
SINGLE CAB,TATA,ACE HT 2,SRI LANKA,DIESEL,702.0,COLOMBO,BRAND NEW-L/ASSEMBLE,2025.0,1,,ACE HT 2
MOTOR CYCLE,SENARO,GN125,SRI LANKA,PETROL,125.0,KEGALLE,BRAND NEW-L/ASSEMBLE,2025.0,3,,GN125
MOTOR CYCLE,LENCAR,ERC80,SRI LANKA,ELECTRIC,1.2,KALUTARA,BRAND NEW-L/ASSEMBLE,2025.0,2,,ERC80
MOTOR CYCLE,TVS,NTORQ 125,SRI LANKA,PETROL,124.8,JAFFNA,BRAND NEW-L/ASSEMBLE,2025.0,1,,NTORQ 125
MOTOR LORRY (COMMERCIAL),LANKA ASHOK LEYLAND,TUSKER SUPER 1618,SRI LANKA,DIESEL,5759.0,ANURADHAPURA,BRAND NEW-L/ASSEMBLE,2025.0,2,,TUSKER SUPER 1618
CAR,G.W.M.,JOLION,SRI LANKA,PETROL,1497.0,MATARA,BRAND NEW-L/ASSEMBLE,2025.0,2,,JOLION
COMMERCIAL,FOTON,VIEW CS 2,SRI LANKA,DIESEL,1968.0,GAMPAHA,BRAND NEW-L/ASSEMBLE,2025.0,1,,VIEW CS 2
MOTOR CYCLE,TVS,NTORQ 125,SRI LANKA,PETROL,124.8,MONERAGALA,BRAND NEW-L/ASSEMBLE,2025.0,1,,NTORQ 125
CAR,CHERY,TIGGO 4 PRO,SRI LANKA,PETROL,1498.0,COLOMBO,BRAND NEW-L/ASSEMBLE,2025.0,2,,TIGGO 4 PRO
MOTOR LORRY (COMMERCIAL),LANKA ASHOK LEYLAND,TUSKER SUPER 1618,SRI LANKA,DIESEL,5759.0,KILINOCHCHI,BRAND NEW-L/ASSEMBLE,2025.0,1,,TUSKER SUPER 1618
MOTOR CYCLE,HONDA,PCX,JAPAN,PETROL,125.0,PUTTALAM,RECONDITIONED,2025.0,1,,PCX
CAR,TOYOTA,5AA-A202A  RAIZE,JAPAN,PETROL/ELE,78.0,COLOMBO,RECONDITIONED,2025.0,7,5AA-A202A,RAIZE
CAR,TOYOTA,5BA-A201A RAIZE,JAPAN,PETROL,1196.0,PUTTALAM,RECONDITIONED,2024.0,3,5BA-A201A,RAIZE
CAR,TOYOTA,5AA-A202A RAIZE,JAPAN,ELECTRIC,78.0,COLOMBO,RECONDITIONED,2023.0,2,5AA-A202A,RAIZE
CAR,TOYOTA,3BA-TRJ150W PRADO,JAPAN,PETROL,2693.0,COLOMBO,RECONDITIONED,2023.0,8,3BA-TRJ150W,PRADO
CAR,SUZUKI,4AA-MK54S SPACIA,JAPAN,PETROL,658.0,KURUNEGALA,RECONDITIONED,2023.0,2,4AA-MK54S,SPACIA
DUAL PURPOSE (COMMERCIAL),TOYOTA,HILUX REVO GR SPORT,THAILAND,DIESEL,2755.0,KALUTARA,RECONDITIONED,2025.0,3,,HILUX REVO GR SPORT
CAR,NISSAN,5AA-B44A ROOX,JAPAN,PETROL,659.0,KALUTARA,RECONDITIONED,2024.0,1,5AA-B44A,ROOX
CAR,TOYOTA,YARIS ATIV,THAILAND,PETROL,1197.0,POLONNARUWA,RECONDITIONED,2025.0,1,,YARIS ATIV
CAR,TOYOTA,4BA-M900A ROOMY,JAPAN,PETROL,996.0,KANDY,RECONDITIONED,2022.0,3,4BA-M900A,ROOMY
CAR,SUZUKI,4AA-MK54S SPACIA,JAPAN,PETROL,658.0,BATTICALOA,RECONDITIONED,2024.0,1,4AA-MK54S,SPACIA
CAR,TOYOTA,YARIS CROSS,THAILAND,PETROL/ELE,1496.0,PUTTALAM,RECONDITIONED,2025.0,2,,YARIS CROSS
CAR,TOYOTA,YARIS ATIVE,THAILAND,PETROL,1197.0,COLOMBO,RECONDITIONED,2025.0,1,,YARIS ATIVE
CAR,DAIHATSU,5BA-LA350S MIRA E.S,JAPAN,PETROL,658.0,COLOMBO,RECONDITIONED,2024.0,5,5BA-LA350S,MIRA E.S
CAR,TOYOTA,5BA-KSP210 YARIS,JAPAN,PETROL,996.0,AMPARA,RECONDITIONED,2023.0,1,5BA-KSP210,YARIS
CAR,DAIHATSU,5BA-LA900S TAFT,JAPAN,PETROL,658.0,GAMPAHA,RECONDITIONED,2025.0,3,5BA-LA900S,TAFT
CAR,SUZUKI,5AA-MH95S WAGON R,JAPAN,PETROL,658.0,GALLE,RECONDITIONED,2024.0,3,5AA-MH95S,WAGON R
MOTOR CYCLE,HONDA,ADV 160,JAPAN,PETROL,157.0,GALLE,RECONDITIONED,2025.0,1,,ADV 160
DUAL PURPOSE (COMMERCIAL),TOYOTA,3DF-GUN125 ZGR SPORT,JAPAN,DIESEL,2393.0,PUTTALAM,RECONDITIONED,2023.0,1,3DF-GUN125,ZGR SPORT
CAR,MITSUBISHI,5BD-DS17V MINICAB,JAPAN,PETROL,658.0,MATARA,RECONDITIONED,2023.0,1,5BD-DS17V,MINICAB
DUAL PURPOSE (COMMERCIAL),FORD,RANGER RAPTOR,THAILAND,DIESEL,1996.0,PUTTALAM,RECONDITIONED,2025.0,6,,RANGER RAPTOR
CAR,DAIHATSU,5BA-LA900S TAFT,JAPAN,PETROL,658.0,KEGALLE,RECONDITIONED,2024.0,2,5BA-LA900S,TAFT
CAR,TOYOTA,6BA-MXUA80,JAPAN,PETROL,1986.0,COLOMBO,RECONDITIONED,2024.0,1,6BA-MXUA80,HARRIER Z
CAR,TOYOTA,3BA-VJA300W,JAPAN,PETROL,3444.0,KALUTARA,RECONDITIONED,2025.0,1,3BA-VJA300W,LC300
CAR,TOYOTA,5AA-A202 A RAIZE,JAPAN,ELECTRIC,78.0,COLOMBO,RECONDITIONED,2024.0,1,5AA-A202,A RAIZE
CAR,TOYOTA,5BA-KSP210 YARIS,JAPAN,PETROL,996.0,MATARA,RECONDITIONED,2022.0,2,5BA-KSP210,YARIS
SINGLE CAB,DAIHATSU,3BD-S500P HIJET,JAPAN,PETROL,658.0,COLOMBO,RECONDITIONED,2023.0,3,3BD-S500P,HIJET
CAR,SUZUKI,5AA-MH95S WAGON R,JAPAN,PETROL,658.0,PUTTALAM,RECONDITIONED,2025.0,11,5AA-MH95S,WAGON R
CAR,TOYOTA,5AA-A202A RAIZE,JAPAN,PETROL/ELE,78.0,GAMPAHA,RECONDITIONED,2022.0,2,5AA-A202A,RAIZE
CAR,TOYOTA,5AA-A202A  RAIZE,JAPAN,PETROL/ELE,78.0,KANDY,RECONDITIONED,2025.0,1,5AA-A202A,RAIZE
CAR,VOLKSWAGEN,3BA-C1DKR  T-CROSS,GERMANY,PETROL,996.0,COLOMBO,RECONDITIONED,2023.0,1,3BA-C1DKR,T-CROSS
CAR,DAIHATSU,5BA-LA350S MIRA,JAPAN,PETROL,658.0,GAMPAHA,RECONDITIONED,2023.0,3,5BA-LA350S,MIRA
CAR,MITSUBISHI,5AA-B34W EK X,JAPAN,PETROL,658.0,GALLE,RECONDITIONED,2023.0,1,5AA-B34W,EK X
SINGLE CAB,SUZUKI,3BD-DA16T CARRY,JAPAN,PETROL,658.0,PUTTALAM,RECONDITIONED,2024.0,3,3BD-DA16T,CARRY
CAR,HONDA,CITY RS,THAILAND,PETROL,988.0,KANDY,RECONDITIONED,2025.0,7,,CITY RS
CAR,DAIHATSU,5BA-LA350S MIRA,JAPAN,PETROL,658.0,PUTTALAM,RECONDITIONED,2023.0,1,5BA-LA350S,MIRA
CAR,TOYOTA,3BA-NGX10 C-HR,JAPAN,PETROL,1196.0,KURUNEGALA,RECONDITIONED,2023.0,2,3BA-NGX10,C-HR
CAR,SUZUKI,3BD-DA17V,JAPAN,PETROL,658.0,ANURADHAPURA,RECONDITIONED,2024.0,1,3BD-DA17V,NV100
CAR,TOYOTA,3BA-A210A RAIZE,JAPAN,PETROL,996.0,ANURADHAPURA,RECONDITIONED,2022.0,2,3BA-A210A,RAIZE
CAR,TOYOTA,YARIS CROSS HEV,THAILAND,PETROL/ELE,1496.0,COLOMBO,RECONDITIONED,2025.0,2,,YARIS CROSS HEV
CAR,NISSAN,5AA-B44A ROOX,JAPAN,PETROL,658.0,GALLE,RECONDITIONED,2025.0,1,5AA-B44A,ROOX
CAR,TOYOTA,3BA-A210A RAIZE,JAPAN,PETROL,996.0,KANDY,RECONDITIONED,2022.0,2,3BA-A210A,RAIZE
CAR,TOYOTA,3BA-VJA300W,JAPAN,PETROL,3444.0,PUTTALAM,RECONDITIONED,2024.0,2,3BA-VJA300W,LC300
CAR,TOYOTA,3BA-A210A RAIZE,JAPAN,PETROL,996.0,KEGALLE,RECONDITIONED,2025.0,3,3BA-A210A,RAIZE
CAR,TOYOTA,5BA-M900A ROOMY,JAPAN,PETROL,996.0,KALUTARA,RECONDITIONED,2023.0,8,5BA-M900A,ROOMY
CAR,DAIHATSU,3BA-LA150S MOVE,JAPAN,PETROL,658.0,COLOMBO,RECONDITIONED,2023.0,1,3BA-LA150S,MOVE
CAR,NISSAN,5AA-B44A ROOX,JAPAN,PETROL,659.0,KALUTARA,RECONDITIONED,2023.0,1,5AA-B44A,ROOX
PRIMER MOVER,DAF,XF 480,UNITED KINGDOM,DIESEL,12902.0,KALUTARA,RECONDITIONED,2021.0,1,,XF 480
CAR,HONDA,6AA-RV5 VEZEL,JAPAN,PETROL/ELE,1490.0,GAMPAHA,RECONDITIONED,2023.0,2,6AA-RV5,VEZEL
CAR,SUZUKI,5AA-MK94S SPACIA,JAPAN,PETROL,658.0,KANDY,RECONDITIONED,2024.0,3,5AA-MK94S,SPACIA
CAR,SUZUKI,4AA-MH55S WAGON R,JAPAN,PETROL,657.0,GAMPAHA,RECONDITIONED,2025.0,1,4AA-MH55S,WAGON R
CAR,HONDA,6AA RV5 VEZEL,JAPAN,PETROL/ELE,1496.0,GAMPAHA,RECONDITIONED,2023.0,4,,6AA RV5 VEZEL
CAR,SUZUKI,3BD-DA17V EVERY,JAPAN,PETROL,658.0,COLOMBO,RECONDITIONED,2024.0,5,3BD-DA17V,EVERY
CAR,SUZUKI,3BD-DA17V EVERY,JAPAN,PETROL,658.0,KURUNEGALA,RECONDITIONED,2024.0,1,3BD-DA17V,EVERY
CAR,SUZUKI,3BA-HA37S ALTO,JAPAN,PETROL,656.0,KURUNEGALA,RECONDITIONED,2024.0,1,3BA-HA37S,ALTO
CAR,SUZUKI,4AA-MH55S WAGONR,JAPAN,PETROL,658.0,MATALE,RECONDITIONED,2025.0,1,4AA-MH55S,WAGONR
CAR,SUZUKI,5AA-MR92 S,JAPAN,PETROL,658.0,COLOMBO,RECONDITIONED,2023.0,1,5AA-MR92,S
CAR,SUZUKI,3BA-HA37S  ALTO,JAPAN,PETROL,657.0,BADULLA,RECONDITIONED,2023.0,1,3BA-HA37S,ALTO
CAR,TOYOTA,6BA-MXUA80 HARRIER,JAPAN,PETROL,1986.0,GAMPAHA,RECONDITIONED,2024.0,1,6BA-MXUA80,HARRIER
CAR,TOYOTA,3BA-A210A RAIZE,JAPAN,PETROL,990.0,MATALE,RECONDITIONED,2024.0,1,3BA-A210A,RAIZE
CAR,DAIHATSU,5AA-A202S ROCKY,JAPAN,ELECTRIC,78.0,KURUNEGALA,RECONDITIONED,2023.0,3,5AA-A202S,ROCKY
CAR,SUZUKI,5AA-MK94S SPACIA,JAPAN,PETROL,658.0,ANURADHAPURA,RECONDITIONED,2024.0,1,5AA-MK94S,SPACIA
CAR,DAIHATSU,5BA-LA350S MIRA ES,JAPAN,PETROL,658.0,GALLE,RECONDITIONED,2024.0,10,5BA-LA350S,MIRA ES
CAR,SUZUKI,4AA-MK54S SPACIA,JAPAN,PETROL,658.0,KANDY,RECONDITIONED,2025.0,5,4AA-MK54S,SPACIA
MOTOR CYCLE,HONDA,PCX-160,JAPAN,PETROL,157.0,GAMPAHA,RECONDITIONED,2025.0,2,PCX-160,Unknown
CAR,TOYOTA,5BA-KSP210,JAPAN,PETROL,996.0,AMPARA,RECONDITIONED,2024.0,1,5BA-KSP210,YARIS X
CAR,SUZUKI,5BD-DA17V EVERY,JAPAN,PETROL,658.0,ANURADHAPURA,RECONDITIONED,2025.0,1,5BD-DA17V,EVERY
CAR,SUZUKI,4AA-MK54S SPACIA,JAPAN,PETROL,658.0,RATNAPURA,RECONDITIONED,2025.0,1,4AA-MK54S,SPACIA
CAR,TOYOTA,URBAN CRUISER TAISOR,INDIA,PETROL,998.0,KALUTARA,RECONDITIONED,2024.0,1,,URBAN CRUISER TAISOR
CAR,TOYOTA,3BA-TRJ250W,JAPAN,PETROL,2693.0,PUTTALAM,RECONDITIONED,2024.0,1,3BA-TRJ250W,VX
CAR,SUZUKI,5BA-HE33S ALTO,JAPAN,PETROL,658.0,KALUTARA,RECONDITIONED,2024.0,1,5BA-HE33S,ALTO
CAR,HONDA,6AA-RV5 VEZEL,JAPAN,PETROL/ELE,1496.0,KANDY,RECONDITIONED,2022.0,2,6AA-RV5,VEZEL
CAR,SUZUKI,5BD-DA17V EVERY,JAPAN,PETROL,658.0,KALUTARA,RECONDITIONED,2023.0,2,5BD-DA17V,EVERY
CAR,SUZUKI,5AA-MR92S HUSTLER,JAPAN,PETROL,657.0,GAMPAHA,RECONDITIONED,2024.0,1,5AA-MR92S,HUSTLER
CAR,SUZUKI,5AA-MH95S WAGON R,JAPAN,PETROL,657.0,COLOMBO,RECONDITIONED,2025.0,1,5AA-MH95S,WAGON R
CAR,TOYOTA,3BA-A210A RAIZE,JAPAN,PETROL,996.0,BADULLA,RECONDITIONED,2022.0,1,3BA-A210A,RAIZE
CAR,HONDA,6AA-RV5,JAPAN,PETROL/ELE,1496.0,PUTTALAM,RECONDITIONED,2025.0,1,6AA-RV5,VEEZL
MOTOR CYCLE,HONDA,ADV 160,JAPAN,PETROL,157.0,RATNAPURA,RECONDITIONED,2025.0,1,,ADV 160
CAR,NISSAN,4AA-B45A ROOX,JAPAN,PETROL,658.0,MATALE,RECONDITIONED,2023.0,1,4AA-B45A,ROOX
CAR,SUZUKI,5BD-DA17V EVERY,JAPAN,PETROL,656.0,GAMPAHA,RECONDITIONED,2025.0,3,5BD-DA17V,EVERY
CAR,SUZUKI,5AA-MH95S WAGON R,JAPAN,PETROL,656.0,JAFFNA,RECONDITIONED,2025.0,1,5AA-MH95S,WAGON R
CAR,SUZUKI,5AA-MH95S WAGON R,JAPAN,PETROL,656.0,COLOMBO,RECONDITIONED,2025.0,1,5AA-MH95S,WAGON R
CAR,SUZUKI,5BD-DA17V,JAPAN,PETROL,658.0,KALUTARA,RECONDITIONED,2024.0,2,5BD-DA17V,EVEVRY
CAR,SUZUKI,5BA-MH85S WAGON R,JAPAN,PETROL,658.0,GALLE,RECONDITIONED,2023.0,2,5BA-MH85S,WAGON R
CAR,NISSAN,5BA-B43W DAYZ,JAPAN,PETROL,650.0,COLOMBO,RECONDITIONED,2025.0,1,5BA-B43W,DAYZ
CAR,HONDA,6AA-RV5   VEZEL,JAPAN,PETROL/ELE,1496.0,POLONNARUWA,RECONDITIONED,2024.0,1,6AA-RV5,VEZEL
CAR,SUZUKI,5AA-MH95S  WAGON R,JAPAN,PETROL,658.0,GALLE,RECONDITIONED,2024.0,1,5AA-MH95S,WAGON R
PRIMER MOVER,ISUZU,LKG-EXD77AG-GIGA,JAPAN,DIESEL,9830.0,COLOMBO,RECONDITIONED,2012.0,1,LKG-EXD77AG-GIGA,Unknown
CAR,TOYOTA,3BA-VJA300W,JAPAN,PETROL,3444.0,KEGALLE,RECONDITIONED,2025.0,1,3BA-VJA300W,LC300
MOTOR CYCLE,HONDA,PCX160,JAPAN,PETROL,156.0,KURUNEGALA,RECONDITIONED,2025.0,1,,PCX160
CAR,DAIHATSU,5BA-LA350S MIRA ES,JAPAN,PETROL,656.0,GAMPAHA,RECONDITIONED,2024.0,1,5BA-LA350S,MIRA ES
CAR,SUZUKI,5BD DA17V EVERY,JAPAN,PETROL,658.0,KANDY,RECONDITIONED,2025.0,1,,5BD DA17V EVERY
MOTOR LORRY (COMMERCIAL),ISUZU,TRG-NPR85AN,JAPAN,DIESEL,2990.0,GAMPAHA,RECONDITIONED,2017.0,2,TRG-NPR85AN,Unknown
CAR,SUZUKI,5BD-DA17V EVERY,JAPAN,PETROL,658.0,KURUNEGALA,RECONDITIONED,2022.0,2,5BD-DA17V,EVERY
CAR,SUZUKI,3BD-DA17V EVERY,JAPAN,PETROL,656.0,KALUTARA,RECONDITIONED,2023.0,1,3BD-DA17V,EVERY
MOTOR CYCLE,HONDA,PCX,JAPAN,PETROL,157.0,AMPARA,RECONDITIONED,2025.0,1,,PCX
CAR,SUZUKI,5BD-DA17V  EVERY,JAPAN,PETROL,658.0,COLOMBO,RECONDITIONED,2024.0,1,5BD-DA17V,EVERY
CAR,TOYOTA,3BA-TRJ250W VX,JAPAN,PETROL,2693.0,KURUNEGALA,RECONDITIONED,2025.0,1,3BA-TRJ250W,VX
CAR,TOYOTA,3BA-A210A  RAIZE,JAPAN,PETROL,996.0,KURUNEGALA,RECONDITIONED,2024.0,1,3BA-A210A,RAIZE
CAR,HONDA,6AA-RV6 VEZEL,JAPAN,PETROL/ELE,1496.0,KALUTARA,RECONDITIONED,2025.0,1,6AA-RV6,VEZEL
CAR,NISSAN,5AA-B44W DAYZ,JAPAN,PETROL,658.0,KURUNEGALA,RECONDITIONED,2023.0,1,5AA-B44W,DAYZ
CAR,DAIHATSU,5BA-LA900S TAFT,JAPAN,PETROL,658.0,MATARA,RECONDITIONED,2023.0,2,5BA-LA900S,TAFT
CAR,SUZUKI,5BA-MH85S WAGON R,JAPAN,PETROL,657.0,COLOMBO,RECONDITIONED,2024.0,9,5BA-MH85S,WAGON R
CAR,SUZUKI,3BA-HA37S ALTO,JAPAN,PETROL,658.0,GAMPAHA,RECONDITIONED,2023.0,1,3BA-HA37S,ALTO
CAR,SUZUKI,5BA-HE33S ALTO,JAPAN,PETROL,660.0,GAMPAHA,RECONDITIONED,2023.0,1,5BA-HE33S,ALTO
CAR,SUZUKI,5BA-MH85S WAGON R,JAPAN,PETROL,659.0,GALLE,RECONDITIONED,2024.0,1,5BA-MH85S,WAGON R
CAR,SUZUKI,4AA-MH55S WAGON R,JAPAN,PETROL,658.0,POLONNARUWA,RECONDITIONED,2025.0,1,4AA-MH55S,WAGON R
CAR,SUZUKI,5AA-MH95S WAGON R,JAPAN,PETROL,658.0,KALUTARA,RECONDITIONED,2025.0,3,5AA-MH95S,WAGON R
CAR,NISSAN,4AA-B45W DAYS,JAPAN,PETROL,656.0,GAMPAHA,RECONDITIONED,2023.0,1,4AA-B45W,DAYS
CAR,SUZUKI,5AA-MK53S SPACIA,JAPAN,PETROL,658.0,KURUNEGALA,RECONDITIONED,2023.0,5,5AA-MK53S,SPACIA
CAR,TOYOTA,6AA-ZVG13 COROLLA,JAPAN,PETROL/ELE,1797.0,KEGALLE,RECONDITIONED,2024.0,1,6AA-ZVG13,COROLLA
CAR,TOYOTA,5BA-KSP210 YARIS,JAPAN,PETROL,996.0,KANDY,RECONDITIONED,2023.0,5,5BA-KSP210,YARIS
CAR,NISSAN,5BD-DR17V CLIPPER,JAPAN,PETROL,658.0,GALLE,RECONDITIONED,2025.0,2,5BD-DR17V,CLIPPER
CAR,DAIHATSU,5AA-A202S,JAPAN,PETROL/ELE,78.0,GALLE,RECONDITIONED,2025.0,1,5AA-A202S,ROCKY
COMMERCIAL,TOYOTA,COMMUTER,THAILAND,DIESEL,2755.0,ANURADHAPURA,RECONDITIONED,2025.0,1,,COMMUTER
CAR,HONDA,6BA-JH3,JAPAN,PETROL,658.0,COLOMBO,RECONDITIONED,2023.0,1,6BA-JH3,N WGN
CAR,TOYOTA,3BF-TRH200V HIACE,JAPAN,PETROL,1998.0,COLOMBO,RECONDITIONED,2024.0,1,3BF-TRH200V,HIACE
MOTOR CYCLE,HONDA,PCX160,VIETNAM,PETROL,157.0,KURUNEGALA,RECONDITIONED,2025.0,1,,PCX160
CAR,TOYOTA,5BA-M900A ROOMY,JAPAN,PETROL,996.0,GALLE,RECONDITIONED,2024.0,1,5BA-M900A,ROOMY
CAR,TOYOTA,6AA-MXPJ10 YARIS,JAPAN,PETROL/ELE,1496.0,MATALE,RECONDITIONED,2023.0,1,6AA-MXPJ10,YARIS
CAR,DAIHATSU,5BA-LA350S MIRA E.S,JAPAN,PETROL,658.0,RATNAPURA,RECONDITIONED,2025.0,1,5BA-LA350S,MIRA E.S
CAR,SUZUKI,5AA-MK94S SPACIA,JAPAN,PETROL,658.0,KURUNEGALA,RECONDITIONED,2025.0,2,5AA-MK94S,SPACIA
CAR,TOYOTA,PASSO 5BA-M700A,JAPAN,PETROL,996.0,COLOMBO,RECONDITIONED,2023.0,1,,PASSO 5BA-M700A
CAR,TOYOTA,5BA-KSP210 YARIS,JAPAN,PETROL,996.0,AMPARA,RECONDITIONED,2022.0,1,5BA-KSP210,YARIS
CAR,TOYOTA,5BA-A201A RAIZE,JAPAN,PETROL,1196.0,GALLE,RECONDITIONED,2022.0,1,5BA-A201A,RAIZE
CAR,HONDA,6AA-RV5  VEZEL,JAPAN,PETROL/ELE,1496.0,BATTICALOA,RECONDITIONED,2025.0,1,6AA-RV5,VEZEL
CAR,SUZUKI,5BD-MK33V SPACIA,JAPAN,PETROL,658.0,GAMPAHA,RECONDITIONED,2024.0,1,5BD-MK33V,SPACIA
CAR,LAND ROVER,RANGE ROVER AUTOBIO,UNITED KINGDOM,PETROL/ELE,2996.0,AMPARA,RECONDITIONED,2025.0,1,,RANGE ROVER AUTOBIO
SINGLE CAB,SUZUKI,3BD-DA16T CARRY,JAPAN,PETROL,657.0,ANURADHAPURA,RECONDITIONED,2023.0,1,3BD-DA16T,CARRY
CAR,DAIHATSU,5BA-LA350S  MIRA,JAPAN,PETROL,658.0,KURUNEGALA,RECONDITIONED,2024.0,1,5BA-LA350S,MIRA
CAR,HONDA,CITY RS,THAILAND,PETROL,988.0,AMPARA,RECONDITIONED,2025.0,1,,CITY RS
CAR,SUZUKI,4AA-MN71S  X BEE,JAPAN,PETROL,996.0,COLOMBO,RECONDITIONED,2023.0,1,4AA-MN71S,X BEE
SPECIAL PURPOSE VEHICLE,KOMATSU,WA100-3 WHEEL LOADER,JAPAN,DIESEL,3998.0,BATTICALOA,RECONDITIONED,2017.0,1,WA100-3,WHEEL LOADER
CAR,TOYOTA,5AA-A202A RAIZE,JAPAN,ELECTRIC,78.0,MATARA,RECONDITIONED,2023.0,1,5AA-A202A,RAIZE
CAR,TOYOTA,6BA-MXUA80 HARRIER,JAPAN,PETROL,1988.0,PUTTALAM,RECONDITIONED,2023.0,1,6BA-MXUA80,HARRIER
CAR,DAIHATSU,5AA-A202S ROCKY,JAPAN,PETROL/ELE,1196.0,COLOMBO,RECONDITIONED,2024.0,1,5AA-A202S,ROCKY
CAR,SUZUKI,5AA-MK94S,JAPAN,PETROL/ELE,650.0,MATARA,RECONDITIONED,2024.0,1,5AA-MK94S,SPECIA
CAR,TOYOTA,URBAN CRUISER TAISOR,INDIA,PETROL,998.0,KURUNEGALA,RECONDITIONED,2025.0,2,,URBAN CRUISER TAISOR
CAR,DAIHATSU,3BA-A210S ROCKY,JAPAN,PETROL,996.0,KANDY,RECONDITIONED,2023.0,1,3BA-A210S,ROCKY
CAR,HONDA,6AA-RVS VEZEL,JAPAN,PETROL/ELE,1496.0,COLOMBO,RECONDITIONED,2025.0,1,6AA-RVS,VEZEL
CAR,TOYOTA,3BA-TRJ150W PRADO,JAPAN,PETROL,2693.0,JAFFNA,RECONDITIONED,2023.0,1,3BA-TRJ150W,PRADO
DUAL PURPOSE (COMMERCIAL),TOYOTA,3DF-GUN125 HILUX,JAPAN,DIESEL,2393.0,COLOMBO,RECONDITIONED,2023.0,2,3DF-GUN125,HILUX
CAR,MITSUBISHI,5BA-B33W EK WAGON,JAPAN,PETROL,658.0,GAMPAHA,RECONDITIONED,2023.0,4,5BA-B33W,EK WAGON
CAR,TOYOTA,5BA-M90A ROOMY,JAPAN,PETROL,996.0,GAMPAHA,RECONDITIONED,2023.0,1,5BA-M90A,ROOMY
CAR,NISSAN,ZAA-B6AW SAKURA,JAPAN,ELECTRIC,47.0,COLOMBO,RECONDITIONED,2023.0,1,ZAA-B6AW,SAKURA
SPECIAL PURPOSE VEHICLE,MITSUBISHI,MG230 MOTOR GRADER,JAPAN,DIESEL,5600.0,ANURADHAPURA,RECONDITIONED,2000.0,1,,MG230 MOTOR GRADER
CAR,TOYOTA,4BA-M900A ROOMY,JAPAN,PETROL,996.0,ANURADHAPURA,RECONDITIONED,2024.0,1,4BA-M900A,ROOMY
COMMERCIAL,TOYOTA,3DF-GDH223B HIACE,JAPAN,DIESEL,2754.0,GALLE,RECONDITIONED,2025.0,1,3DF-GDH223B,HIACE
CAR,TOYOTA,4BA-M900A ROOMY,JAPAN,PETROL,998.0,MATALE,RECONDITIONED,2023.0,1,4BA-M900A,ROOMY
CAR,TOYOTA,URBAN CRUISER TAISOR,INDIA,PETROL,998.0,ANURADHAPURA,RECONDITIONED,2025.0,3,,URBAN CRUISER TAISOR
SPECIAL PURPOSE VEHICLE,KUBOTA,GL320-TRACTOR 4WHEEL,JAPAN,DIESEL,2650.0,GAMPAHA,RECONDITIONED,2015.0,1,GL320-TRACTOR,4WHEEL
DUAL PURPOSE (COMMERCIAL),TOYOTA,3DF-GUN125,JAPAN,DIESEL,2393.0,COLOMBO,RECONDITIONED,2023.0,1,3DF-GUN125,DTTHX
CAR,SUZUKI,5AA-MH95S WAGON R,JAPAN,PETROL,657.0,KEGALLE,RECONDITIONED,2023.0,1,5AA-MH95S,WAGON R
CAR,SUZUKI,3BA-HA37S ALTO,JAPAN,PETROL,658.0,GALLE,RECONDITIONED,2024.0,1,3BA-HA37S,ALTO
CAR,SUZUKI,4AA-MR52S HUSTLER,JAPAN,PETROL,658.0,GAMPAHA,RECONDITIONED,2024.0,1,4AA-MR52S,HUSTLER
CAR,MITSUBISHI,5BA-B33W EK WAGON,JAPAN,PETROL,658.0,KEGALLE,RECONDITIONED,2023.0,1,5BA-B33W,EK WAGON
CAR,MERCEDES BENZ,GLB-200 AMG LINE,UNITED KINGDOM,PETROL,1332.0,KANDY,RECONDITIONED,2025.0,1,GLB-200,AMG LINE
CAR,HONDA,6AA-RV5 VEZEL,JAPAN,PETROL/ELE,1496.0,ANURADHAPURA,RECONDITIONED,2023.0,2,6AA-RV5,VEZEL
CAR,DAIHATSU,5BA-LA650S TANT,JAPAN,PETROL,658.0,COLOMBO,RECONDITIONED,2024.0,1,5BA-LA650S,TANT
CAR,TOYOTA,6AA-ZWR90W VOXY,JAPAN,PETROL/ELE,1797.0,KEGALLE,RECONDITIONED,2025.0,1,6AA-ZWR90W,VOXY
CAR,VOLKSWAGEN,TAINGUN TOPLINE,INDIA,PETROL,999.0,KURUNEGALA,RECONDITIONED,2025.0,1,,TAINGUN TOPLINE
MOTOR LORRY (COMMERCIAL),MITSUBISHI,FEA5IER4SDSC,JAPAN,DIESEL,2998.0,KALUTARA,RECONDITIONED,2025.0,1,,FEA5IER4SDSC
CAR,SUZUKI,5AA MH95S WAGON R,JAPAN,PETROL,657.0,COLOMBO,RECONDITIONED,2025.0,1,,5AA MH95S WAGON R
MOTOR CYCLE,HONDA,ADV 160,JAPAN,PETROL,157.0,COLOMBO,RECONDITIONED,2023.0,1,,ADV 160
CAR,SUZUKI,5AA-MR92S HUSTLER,JAPAN,PETROL,657.0,COLOMBO,RECONDITIONED,2025.0,1,5AA-MR92S,HUSTLER
DUAL PURPOSE (COMMERCIAL),FORD,RANGER RAPTOR,THAILAND,DIESEL,1996.0,KALUTARA,RECONDITIONED,2025.0,1,,RANGER RAPTOR
CAR,SUZUKI,5BD-DA17V EVERY,JAPAN,PETROL,656.0,PUTTALAM,RECONDITIONED,2022.0,1,5BD-DA17V,EVERY
CAR,NISSAN,4AA-B45A ROOX,JAPAN,PETROL,658.0,GALLE,RECONDITIONED,2023.0,1,4AA-B45A,ROOX
CAR,SUZUKI,5BA-MH85S WAGON  R,JAPAN,PETROL,656.0,ANURADHAPURA,RECONDITIONED,2024.0,1,5BA-MH85S,WAGON  R
CAR,NISSAN,5BD-DR17V,JAPAN,PETROL,658.0,MATARA,RECONDITIONED,2024.0,1,5BD-DR17V,NV 100
CAR,MAZDA,5AA-HB97S CAROL,JAPAN,PETROL,658.0,KURUNEGALA,RECONDITIONED,2023.0,1,5AA-HB97S,CAROL
CAR,MITSUBISHI,5BA-B33WEK WAGON,JAPAN,PETROL,658.0,GAMPAHA,RECONDITIONED,2023.0,1,5BA-B33WEK,WAGON
MOTOR CYCLE,HONDA,PCX160,JAPAN,PETROL,157.0,KURUNEGALA,RECONDITIONED,2025.0,1,,PCX160
MOTOR CYCLE,ROYAL ENFIELD,CLASSIC,INDIA,PETROL,349.0,AMPARA,RECONDITIONED,2025.0,1,,CLASSIC
CAR,SUZUKI,5BA-MH85S WAGON R,JAPAN,PETROL,657.0,KURUNEGALA,RECONDITIONED,2023.0,1,5BA-MH85S,WAGON R
CAR,SUZUKI,5BA-MH85S,JAPAN,PETROL,658.0,COLOMBO,RECONDITIONED,2024.0,1,5BA-MH85S,WAGON TR
CAR,DAIHATSU,5BA-LA360S MIRA ES,JAPAN,PETROL,658.0,BADULLA,RECONDITIONED,2023.0,1,5BA-LA360S,MIRA ES
CAR,SUZUKI,5AA-MH95S,JAPAN,PETROL,657.0,COLOMBO,RECONDITIONED,2025.0,2,5AA-MH95S,WGON R
SPECIAL PURPOSE VEHICLE,J.C.B,3CX BACKHOE LOADER,UNITED KINGDOM,DIESEL,3200.0,AMPARA,RECONDITIONED,1999.0,1,,3CX BACKHOE LOADER
LAND VEHICLE (SMALL),KUBOTA,K7,JAPAN,DIESEL,401.0,KURUNEGALA,RECONDITIONED,2017.0,1,,K7
CAR,MERCEDES BENZ,5BA-247684M  180,GERMANY,PETROL,1331.0,COLOMBO,RECONDITIONED,2023.0,1,5BA-247684M,180
MOTOR CYCLE,HONDA,PCX,JAPAN,PETROL,157.0,BATTICALOA,RECONDITIONED,2025.0,1,,PCX
DUAL PURPOSE (COMMERCIAL),FORD,RANGER WILDTRAK,THAILAND,DIESEL,2993.0,COLOMBO,RECONDITIONED,2024.0,1,,RANGER WILDTRAK
CAR,SUZUKI,4AA-MH55S WAGON R,JAPAN,PETROL,650.0,COLOMBO,RECONDITIONED,2023.0,1,4AA-MH55S,WAGON R
CAR,SUZUKI,5BA-MH85S  WAGON R,JAPAN,PETROL,658.0,GAMPAHA,RECONDITIONED,2024.0,1,5BA-MH85S,WAGON R
CAR,TOYOTA,4BA-M900A ROOMY,JAPAN,PETROL,996.0,COLOMBO,RECONDITIONED,2024.0,1,4BA-M900A,ROOMY
CAR,MITSUBISHI,5BA-B33W EKWAGON,JAPAN,PETROL,658.0,COLOMBO,RECONDITIONED,2023.0,1,5BA-B33W,EKWAGON
CAR,NISSAN,6AA-E13  NOTE,JAPAN,ELECTRIC,85.0,COLOMBO,RECONDITIONED,2023.0,1,6AA-E13,NOTE
CAR,SUZUKI,5AA-ZCEDS SWIFT,JAPAN,PETROL,1197.0,COLOMBO,RECONDITIONED,2023.0,1,5AA-ZCEDS,SWIFT
CAR,MAZDA,3BA-HB37S CAROL,JAPAN,PETROL,658.0,COLOMBO,RECONDITIONED,2023.0,1,3BA-HB37S,CAROL
CAR,HONDA,6AA-RV5 VEZEL,JAPAN,PETROL/ELE,1498.0,KANDY,RECONDITIONED,2025.0,1,6AA-RV5,VEZEL
CAR,TOYOTA,5AA-A202A RAIZE,JAPAN,PETROL/ELE,1196.0,PUTTALAM,RECONDITIONED,2023.0,1,5AA-A202A,RAIZE
CAR,TOYOTA,5BA-M900A ROOMY,JAPAN,PETROL,990.0,POLONNARUWA,RECONDITIONED,2024.0,1,5BA-M900A,ROOMY
DUAL PURPOSE (COMMERCIAL),TOYOTA,GUN126R-DTTHXQ HILUX,THAILAND,DIESEL,2755.0,COLOMBO,RECONDITIONED,2022.0,1,,GUN126R-DTTHXQ HILUX
DUAL PURPOSE (COMMERCIAL),TOYOTA,HILUX ROCCO,THAILAND,DIESEL,2755.0,COLOMBO,RECONDITIONED,2025.0,2,,HILUX ROCCO
CAR,TOYOTA,3BA-NGX10 C-HR,JAPAN,PETROL,1196.0,MATARA,RECONDITIONED,2023.0,1,3BA-NGX10,C-HR
CAR,SUZUKI,5AA-HA97S ALTO,JAPAN,PETROL,658.0,HAMBANTOTA,RECONDITIONED,2024.0,1,5AA-HA97S,ALTO
CAR,TOYOTA,5BA-LA350A PIXIS,JAPAN,PETROL,658.0,RATNAPURA,RECONDITIONED,2023.0,1,5BA-LA350A,PIXIS
DUAL PURPOSE (COMMERCIAL),TOYOTA,3DF-GUN125  HILUX,THAILAND,DIESEL,2393.0,COLOMBO,RECONDITIONED,2023.0,1,3DF-GUN125,HILUX
CAR,TOYOTA,5AA-A202A-RAIZE,JAPAN,PETROL/ELE,1196.0,KALUTARA,RECONDITIONED,2025.0,1,5AA-A202A-RAIZE,Unknown
DUAL PURPOSE (COMMERCIAL),TOYOTA,HILUX  REVO ROCCO,THAILAND,DIESEL,2755.0,COLOMBO,RECONDITIONED,2025.0,1,,HILUX  REVO ROCCO
CAR,SUZUKI,3BA-HA37S ALTO,JAPAN,PETROL,658.0,PUTTALAM,RECONDITIONED,2023.0,1,3BA-HA37S,ALTO
CAR,TOYOTA,4BA-M900A ROOMY,JAPAN,PETROL,996.0,GAMPAHA,RECONDITIONED,2022.0,1,4BA-M900A,ROOMY
CAR,MERCEDES BENZ,C200 PREMIUM PLUS,GERMANY,PETROL,1496.0,GAMPAHA,RECONDITIONED,2024.0,1,,C200 PREMIUM PLUS
DUAL PURPOSE (COMMERCIAL),TOYOTA,HILUX REVO ROCCO,THAILAND,DIESEL,2755.0,HAMBANTOTA,RECONDITIONED,2025.0,1,,HILUX REVO ROCCO
CAR,DAIHATSU,5BA-LA350S MIRA ES,JAPAN,PETROL,658.0,POLONNARUWA,RECONDITIONED,2023.0,2,5BA-LA350S,MIRA ES
CAR,HONDA,CITY RS VTEC TURBO,THAILAND,PETROL,988.0,ANURADHAPURA,RECONDITIONED,2025.0,1,,CITY RS VTEC TURBO
MOTOR CYCLE,HONDA,ADV 160,JAPAN,PETROL,157.0,ANURADHAPURA,RECONDITIONED,2025.0,1,,ADV 160
MOTOR CYCLE,HONDA,PCX 160,INDONESIA,PETROL,157.0,KURUNEGALA,RECONDITIONED,2025.0,1,,PCX 160
CAR,KIA,SYROS,INDIA,PETROL,998.0,GAMPAHA,RECONDITIONED,2025.0,1,,SYROS
CAR,SUZUKI,5AA-MK53S  SPACIA,JAPAN,PETROL,658.0,MATARA,RECONDITIONED,2023.0,1,5AA-MK53S,SPACIA
CAR,B.M.W.,3BA-7K15 218I,GERMANY,PETROL,1498.0,GAMPAHA,RECONDITIONED,2024.0,1,3BA-7K15,218I
CAR,SUZUKI,3BD-DA17V EVERY,JAPAN,PETROL,658.0,MATALE,RECONDITIONED,2024.0,1,3BD-DA17V,EVERY
CAR,SUZUKI,3BA-DA17W EVERY,JAPAN,PETROL,658.0,RATNAPURA,RECONDITIONED,2024.0,2,3BA-DA17W,EVERY
CAR,MAZDA,5AA-MS92S,JAPAN,PETROL,658.0,KALUTARA,RECONDITIONED,2023.0,1,5AA-MS92S,Unknown
CAR,NISSAN,ALMERA VL,THAILAND,PETROL,999.0,GAMPAHA,RECONDITIONED,2025.0,1,,ALMERA VL
DUAL PURPOSE (COMMERCIAL),FORD,RAPTOR 3.0L,THAILAND,PETROL,2956.0,GALLE,RECONDITIONED,2025.0,1,,RAPTOR 3.0L
SPECIAL PURPOSE VEHICLE,TOYOTA,02-7FDA50,JAPAN,DIESEL,5000.0,COLOMBO,RECONDITIONED,2016.0,1,02-7FDA50,Unknown
MOTOR LORRY (COMMERCIAL),ISUZU,TKG-FRR90T2 FORWARD,JAPAN,DIESEL,5190.0,KEGALLE,RECONDITIONED,2017.0,1,TKG-FRR90T2,FORWARD
CAR,TOYOTA,5AA-A202A  RAIZE,JAPAN,PETROL/ELE,78.0,PUTTALAM,RECONDITIONED,2025.0,1,5AA-A202A,RAIZE
CAR,SUZUKI,3BA-JB64W JIMNY,JAPAN,PETROL,658.0,KANDY,RECONDITIONED,2024.0,1,3BA-JB64W,JIMNY
MOTOR CYCLE,HONDA,PCX160,JAPAN,PETROL,157.0,KALUTARA,RECONDITIONED,2025.0,2,,PCX160
MOTOR CYCLE,HONDA,PCX160,JAPAN,PETROL,157.0,KEGALLE,RECONDITIONED,2025.0,1,,PCX160
CAR,TOYOTA,6AA-MXPK11 AQUA,JAPAN,PETROL/ELE,1496.0,GALLE,RECONDITIONED,2023.0,1,6AA-MXPK11,AQUA
CAR,NISSAN,6AA-FE13 NOTE AURA,JAPAN,ELECTRIC,100.0,BADULLA,RECONDITIONED,2023.0,1,6AA-FE13,NOTE AURA
MOTOR CYCLE,HONDA,PCX160,VIETNAM,PETROL,157.0,GAMPAHA,RECONDITIONED,2025.0,1,,PCX160
CAR,TOYOTA,3BA-TRJ250W LCRUISER,JAPAN,PETROL,2693.0,GAMPAHA,RECONDITIONED,2025.0,1,3BA-TRJ250W,LCRUISER
CAR,TOYOTA,VELOZ,THAILAND,PETROL,1496.0,COLOMBO,RECONDITIONED,2025.0,1,,VELOZ
CAR,TOYOTA,3BA-A210A  RAIZE,JAPAN,PETROL,996.0,GALLE,RECONDITIONED,2023.0,1,3BA-A210A,RAIZE
CAR,KIA,SONET G1 0T 7DCT GTX,INDIA,PETROL,998.0,COLOMBO,RECONDITIONED,2025.0,1,,SONET G1 0T 7DCT GTX
LAND VEHICLE (SMALL),KUBOTA,K550,JAPAN,DIESEL,375.0,HAMBANTOTA,RECONDITIONED,2017.0,2,,K550
CAR,SUZUKI,5AA-MH95S WAGON R,JAPAN,PETROL,657.0,KURUNEGALA,RECONDITIONED,2023.0,1,5AA-MH95S,WAGON R
CAR,SUZUKI,4AA MK54S SPACIA,JAPAN,PETROL,658.0,COLOMBO,RECONDITIONED,2023.0,1,,4AA MK54S SPACIA
CAR,TOYOTA,6AA-MXPJ10 YARIS,JAPAN,PETROL/ELE,1496.0,BATTICALOA,RECONDITIONED,2024.0,1,6AA-MXPJ10,YARIS
MOTOR CYCLE,HONDA,PCX-160,JAPAN,PETROL,157.0,KALUTARA,RECONDITIONED,2025.0,1,PCX-160,Unknown
CAR,NISSAN,ALMERA,THAILAND,PETROL,999.0,ANURADHAPURA,RECONDITIONED,2025.0,1,,ALMERA
CAR,TOYOTA,5AA-A202A  RAIZE,JAPAN,PETROL/ELE,1196.0,MATARA,RECONDITIONED,2025.0,1,5AA-A202A,RAIZE
CAR,SUZUKI,5AA-ZCEDS SWIFT,JAPAN,PETROL,1197.0,GAMPAHA,RECONDITIONED,2023.0,1,5AA-ZCEDS,SWIFT
CAR,NISSAN,6AA-FE13,JAPAN,PETROL/ELE,100.0,GALLE,RECONDITIONED,2023.0,1,6AA-FE13,AURA
CAR,TOYOTA,6AA-MXPJ10 YARIS,JAPAN,PETROL/ELE,1490.0,RATNAPURA,RECONDITIONED,2023.0,1,6AA-MXPJ10,YARIS
CAR,DAIHATSU,5BA-A201S ROCKY,JAPAN,PETROL,1196.0,MATARA,RECONDITIONED,2024.0,1,5BA-A201S,ROCKY
CAR,MITSUBISHI,5BA-B33W  EK WAGON,JAPAN,PETROL,658.0,KANDY,RECONDITIONED,2024.0,1,5BA-B33W,EK WAGON
CAR,DAIHATSU,5BA-M900A THOR,JAPAN,PETROL,996.0,KANDY,RECONDITIONED,2022.0,1,5BA-M900A,THOR
SINGLE CAB,SUZUKI,3BD-DA16T CARRY,JAPAN,PETROL,658.0,GALLE,RECONDITIONED,2023.0,1,3BD-DA16T,CARRY
CAR,SUZUKI,5AA-MH95S WAGON R,JAPAN,PETROL,658.0,MULLATIVU,RECONDITIONED,2025.0,1,5AA-MH95S,WAGON R
CAR,SUZUKI,5AA-MR92S HUSTLER,JAPAN,PETROL,657.0,COLOMBO,RECONDITIONED,2023.0,1,5AA-MR92S,HUSTLER
CAR,MITSUBISHI,5AA-B34A DELICA MINI,JAPAN,PETROL,658.0,KANDY,RECONDITIONED,2024.0,1,5AA-B34A,DELICA MINI
MOTOR CYCLE,RISE,LEADER 125,SRI LANKA,PETROL,125.0,KANDY,BRAND NEW-L/MANUFACT,2025.0,1,,LEADER 125
TRACTOR TRAILER/BOWSER,LOCALLY BUILT,TRACTOR  TRAILER,SRI LANKA,NOT STATED,0.0,AMPARA,LOCALLY ASSEMBLED,2025.0,1,,TRACTOR  TRAILER
MOTOR CYCLE,BAJAJ,CT 100 ES,SRI LANKA,PETROL,102.0,KURUNEGALA,BRAND NEW-L/MANUFACT,2025.0,2,,CT 100 ES
MOTOR CYCLE,RISE,LEADER 125,SRI LANKA,PETROL,125.0,ANURADHAPURA,BRAND NEW-L/MANUFACT,2025.0,5,,LEADER 125
MOTOR CYCLE,RISE,LEADER V 2.0,SRI LANKA,ELECTRIC,1.2,ANURADHAPURA,BRAND NEW-L/MANUFACT,2025.0,1,,LEADER V 2.0
MOTOR CYCLE,RISE,LEADER V 2.0,SRI LANKA,ELECTRIC,1.2,RATNAPURA,BRAND NEW-L/MANUFACT,2025.0,2,,LEADER V 2.0
MOTOR CYCLE,RISE,LEADER 125,SRI LANKA,PETROL,125.0,MANNAR,BRAND NEW-L/MANUFACT,2025.0,1,,LEADER 125
TRACTOR TRAILER/BOWSER,WIMAL AGRO,TRACTOR BOWSER,SRI LANKA,NOT STATED,0.0,JAFFNA,LOCALLY BUILT,2024.0,1,,TRACTOR BOWSER
TRACTOR TRAILER/BOWSER,LOCALLY BUILT,TRACTOR  TRAILER,SRI LANKA,NOT STATED,0.0,BATTICALOA,LOCALLY BUILT,2025.0,22,,TRACTOR  TRAILER
LORRY TRAILER/BOWSER,TANTRI,TSK-40,SRI LANKA,NOT STATED,0.0,KEGALLE,LOCALLY BUILT,2025.0,2,TSK-40,Unknown
LORRY TRAILER/BOWSER,TANTRI,TFB-40,SRI LANKA,NOT STATED,0.0,GAMPAHA,LOCALLY BUILT,2025.0,1,TFB-40,Unknown
TRACTOR TRAILER/BOWSER,LOCALLY BUILT,TRAILER BOWSER,SRI LANKA,NOT STATED,0.0,TRINCOMALEE,LOCALLY BUILT,2025.0,5,,TRAILER BOWSER
MOTOR CYCLE,HONDA,SUPER CUB,JAPAN,PETROL,49.0,PUTTALAM,BOUGHT FROM AUCTION,2010.0,1,,SUPER CUB
LORRY TRAILER/BOWSER,DUTCH LANKA TRAILER,DLST-40/40T,SRI LANKA,NOT STATED,0.0,COLOMBO,LOCALLY BUILT,2025.0,7,DLST-40,/40T
LORRY TRAILER/BOWSER,TANTRI,TSK-40,SRI LANKA,NOT STATED,0.0,GALLE,LOCALLY BUILT,2025.0,1,TSK-40,Unknown
THREE WHEELER,TVS,KING,INDIA,PETROL,199.26,GAMPAHA,BRAND NEW,2025.0,54,,KING
MOTOR CYCLE,TVS,TVS RAIDER 125,INDIA,PETROL,124.66,VAVUNIYA,BRAND NEW,2025.0,9,,TVS RAIDER 125
MOTOR CYCLE,YAMAHA,RAY ZR,INDIA,PETROL,113.0,GAMPAHA,BRAND NEW,2025.0,34,,RAY ZR
MOTOR CYCLE,YAMAHA,FZ  VER 2.0,INDIA,PETROL,149.0,TRINCOMALEE,BRAND NEW,2025.0,14,,FZ  VER 2.0
MOTOR CYCLE,YAMAHA,FZ S FI VER 4.0,INDIA,PETROL,149.0,KURUNEGALA,BRAND NEW,2025.0,25,,FZ S FI VER 4.0
MOTOR CYCLE,YAMAHA,RAY ZR,INDIA,PETROL,113.0,NUWARA-ELIYA,BRAND NEW,2025.0,8,,RAY ZR
MOTOR CYCLE,YAMAHA,FZ  VER 2.0,INDIA,PETROL,149.0,MATALE,BRAND NEW,2025.0,2,,FZ  VER 2.0
MOTOR CYCLE,YAMAHA,RAY ZR,INDIA,PETROL,113.0,VAVUNIYA,BRAND NEW,2025.0,5,,RAY ZR
MOTOR CYCLE,YAMAHA,RAY ZR,INDIA,PETROL,113.0,HAMBANTOTA,BRAND NEW,2025.0,15,,RAY ZR
MOTOR CYCLE,YAMAHA,FZ  VER 2.0,INDIA,PETROL,149.0,HAMBANTOTA,BRAND NEW,2025.0,8,,FZ  VER 2.0
MOTOR CYCLE,YAMAHA,RAY ZRSTREETRALLY125,INDIA,PETROL,125.0,BATTICALOA,BRAND NEW,2025.0,24,,RAY ZRSTREETRALLY125
MOTOR CYCLE,YAMAHA,FZ  VER 2.0,INDIA,PETROL,149.0,GALLE,BRAND NEW,2025.0,5,,FZ  VER 2.0
MOTOR CYCLE,YAMAHA,FZ S FI VER 4.0,INDIA,PETROL,149.0,HAMBANTOTA,BRAND NEW,2025.0,13,,FZ S FI VER 4.0
MOTOR CYCLE,YAMAHA,YZF R15 VER 4.0,INDIA,PETROL,155.0,GAMPAHA,BRAND NEW,2025.0,18,,YZF R15 VER 4.0
SINGLE CAB,MAHINDRA,BOLERO CITY PICKUP,INDIA,DIESEL,2523.0,HAMBANTOTA,BRAND NEW,2025.0,10,,BOLERO CITY PICKUP
MOTOR CYCLE,HONDA,DIO STD,INDIA,PETROL,109.0,TRINCOMALEE,BRAND NEW,2025.0,63,,DIO STD
MOTOR CYCLE,HONDA,DIO DLX,INDIA,PETROL,109.0,PUTTALAM,BRAND NEW,2025.0,102,,DIO DLX
MOTOR CYCLE,HONDA,DIO STD,INDIA,PETROL,109.0,GALLE,BRAND NEW,2025.0,133,,DIO STD
MOTOR CYCLE,SOLID,S9,CHINA,ELECTRIC,2.0,GALLE,BRAND NEW,2025.0,1,,S9
MOTOR CYCLE,BAJAJ,PULSAR NS 200,INDIA,PETROL,199.5,NUWARA-ELIYA,BRAND NEW,2025.0,20,,PULSAR NS 200
LAND VEHICLE,YANMAR,YM358R,THAILAND,DIESEL,3319.0,ANURADHAPURA,BRAND NEW,2025.0,12,,YM358R
CAR,BYD,SEALION 6 SUPERIOR,CHINA,PETROL/ELE,1498.0,GALLE,BRAND NEW,2025.0,25,,SEALION 6 SUPERIOR
CAR,BYD,SEALION 6 SUPERIOR,CHINA,PETROL/ELE,1498.0,KEGALLE,BRAND NEW,2025.0,4,,SEALION 6 SUPERIOR
CAR,BYD,SEALION 6 SUPERIOR,CHINA,PETROL/ELE,1498.0,POLONNARUWA,BRAND NEW,2025.0,5,,SEALION 6 SUPERIOR
MOTOR CYCLE,BAJAJ,PULSAR N 125,INDIA,PETROL,124.58,GALLE,BRAND NEW,2025.0,53,,PULSAR N 125
PRIMER MOVER,LANKA ASHOK LEYLAND,U4019,INDIA,DIESEL,5759.0,GAMPAHA,BRAND NEW,2025.0,2,,U4019
CAR,NISSAN,MAGNITE TEKNA PLUS,INDIA,PETROL,999.0,KALUTARA,BRAND NEW,2025.0,15,,MAGNITE TEKNA PLUS
COMMERCIAL,TATA,LP 712,INDIA,DIESEL,3783.0,KANDY,BRAND NEW,2025.0,3,,LP 712
THREE WHEELER,BAJAJ,RE 4S AUTORICKSHAW,INDIA,PETROL,237.0,TRINCOMALEE,BRAND NEW,2025.0,64,,RE 4S AUTORICKSHAW
THREE WHEELER,BAJAJ,RE 4S AUTORICKSHAW,INDIA,PETROL,237.0,BATTICALOA,BRAND NEW,2025.0,138,,RE 4S AUTORICKSHAW
CAR,TOYOTA,A250RA-GBVV RAIZE,INDONESIA,PETROL,998.0,MULLATIVU,BRAND NEW,2025.0,1,,A250RA-GBVV RAIZE
CAR,NISSAN,MAGNITE ACENTA BR10,INDIA,PETROL,999.0,MATARA,BRAND NEW,2025.0,4,,MAGNITE ACENTA BR10
THREE WHEELER,BAJAJ,RE 4S AUTORICKSHAW,INDIA,PETROL,237.0,HAMBANTOTA,BRAND NEW,2025.0,42,,RE 4S AUTORICKSHAW
LAND VEHICLE,TAFE,45DI,INDIA,DIESEL,2500.0,MULLATIVU,BRAND NEW,2025.0,18,,45DI
MOTOR CYCLE,HERO,XTREME 125 R,INDIA,PETROL,124.7,GAMPAHA,BRAND NEW,2025.0,78,,XTREME 125 R
MOTOR CYCLE,HERO,XOOM-110,INDIA,PETROL,110.9,KALUTARA,BRAND NEW,2025.0,122,XOOM-110,Unknown
DUAL PURPOSE (COMMERCIAL),MITSUBISHI,FEA21ER3WDSC,JAPAN,DIESEL,2998.0,MANNAR,BRAND NEW,2025.0,1,,FEA21ER3WDSC
LAND VEHICLE,KUBOTA,L 4508,JAPAN,DIESEL,2197.0,MONERAGALA,BRAND NEW,2025.0,3,,L 4508
CAR,WULING,BINGUO,INDONESIA,ELECTRIC,49.0,COLOMBO,BRAND NEW,2025.0,5,,BINGUO
CAR,HYUNDAI,SANTAFE,SOUTH KOREA,PETROL/ELE,1598.0,GAMPAHA,BRAND NEW,2025.0,2,,SANTAFE
MOTOR CYCLE,HONDA,DIO DLX,INDIA,PETROL,109.0,MATARA,BRAND NEW,2025.0,49,,DIO DLX
MOTOR CYCLE,BAJAJ,PULSAR NS 200,INDIA,PETROL,199.5,MONERAGALA,BRAND NEW,2025.0,20,,PULSAR NS 200
MOTOR CYCLE,BAJAJ,PULSAR NS 200,INDIA,PETROL,199.5,TRINCOMALEE,BRAND NEW,2025.0,47,,PULSAR NS 200
THREE WHEELER,BAJAJ,RE 4S AUTORICKSHAW,INDIA,PETROL,237.0,KEGALLE,BRAND NEW,2025.0,92,,RE 4S AUTORICKSHAW
MOTOR CYCLE,YAMAHA,FZ S FI VER 4.0,INDIA,PETROL,149.0,MONERAGALA,BRAND NEW,2025.0,5,,FZ S FI VER 4.0
MOTOR CYCLE,HERO,XOOM-110,INDIA,PETROL,110.9,MULLATIVU,BRAND NEW,2025.0,33,XOOM-110,Unknown
MOTOR CYCLE,TVS,TVS XL 100,SRI LANKA,PETROL,99.7,ANURADHAPURA,BRAND NEW,2025.0,1,,TVS XL 100
MOTOR CYCLE,RANOMOTO,GN125H,CHINA,PETROL,124.0,KALUTARA,BRAND NEW,2025.0,41,,GN125H
MOTOR CYCLE,RANOMOTO,GN125H,CHINA,PETROL,124.0,ANURADHAPURA,BRAND NEW,2025.0,3,,GN125H
MOTOR CYCLE,AIMA,ARIA,CHINA,ELECTRIC,0.8,KALUTARA,BRAND NEW,2025.0,5,,ARIA
MOTOR CYCLE,AIMA,LIBERTY,CHINA,ELECTRIC,1.2,ANURADHAPURA,BRAND NEW,2025.0,16,,LIBERTY
MOTOR LORRY (COMMERCIAL),ISUZU,NMR85U-HH5WY,JAPAN,DIESEL,2999.0,COLOMBO,BRAND NEW,2025.0,2,,NMR85U-HH5WY
MOTOR CYCLE,BAJAJ,PULSAR N 160,INDIA,PETROL,164.32,MULLATIVU,BRAND NEW,2025.0,19,,PULSAR N 160
MOTOR CYCLE,AIMA,MAVERICK,CHINA,ELECTRIC,2.0,MATARA,BRAND NEW,2025.0,6,,MAVERICK
SINGLE CAB,TATA,YODHA,INDIA,DIESEL,2956.0,PUTTALAM,BRAND NEW,2025.0,3,,YODHA
CAR,TOYOTA,A250RA-GBVV RAIZE,INDONESIA,PETROL,998.0,JAFFNA,BRAND NEW,2025.0,3,,A250RA-GBVV RAIZE
MOTOR CYCLE,YAMAHA,FZ  VER 2.0,INDIA,PETROL,149.0,RATNAPURA,BRAND NEW,2025.0,3,,FZ  VER 2.0
MOTOR CYCLE,HERO,XOOM-110,INDIA,PETROL,110.9,PUTTALAM,BRAND NEW,2025.0,95,XOOM-110,Unknown
MOTOR CYCLE,HERO,XOOM-110,INDIA,PETROL,110.9,MANNAR,BRAND NEW,2025.0,19,XOOM-110,Unknown
COMMERCIAL,TOYOTA,HIACE-GDH301R-GDTDY,JAPAN,DIESEL,2755.0,GALLE,BRAND NEW,2025.0,2,HIACE-GDH301R-GDTDY,Unknown
LAND VEHICLE (SMALL),VIKYNO,RV125-2,VIETNAM,DIESEL,624.0,MONERAGALA,BRAND NEW,2025.0,3,RV125-2,Unknown
LAND VEHICLE (SMALL),VIKYNO,RV80,VIETNAM,DIESEL,443.0,JAFFNA,BRAND NEW,2025.0,1,,RV80
MOTOR CYCLE,TMR QUANLE,XGW,CHINA,ELECTRIC,1.2,AMPARA,BRAND NEW,2025.0,4,,XGW
MOTOR CYCLE,TMR QUANLE,Q1,CHINA,ELECTRIC,1.2,KURUNEGALA,BRAND NEW,2024.0,1,,Q1
MOTOR CYCLE,NWOW,SE,CHINA,ELECTRIC,0.8,MATARA,BRAND NEW,2025.0,5,,SE
MOTOR CYCLE,NWOW,V11,CHINA,ELECTRIC,1.0,COLOMBO,BRAND NEW,2024.0,1,,V11
MOTOR CYCLE,DASTOL,DW-28,CHINA,ELECTRIC,2.0,HAMBANTOTA,BRAND NEW,2025.0,2,DW-28,Unknown
MOTOR CYCLE,SOLID,S9,CHINA,ELECTRIC,2.0,GAMPAHA,BRAND NEW,2025.0,8,,S9
MOTOR CYCLE,SOLID,ROBOT,CHINA,ELECTRIC,1.2,PUTTALAM,BRAND NEW,2025.0,5,,ROBOT
MOTOR CYCLE,SOLID,G6,CHINA,ELECTRIC,1.5,PUTTALAM,BRAND NEW,2025.0,1,,G6
COMMERCIAL,TATA,LP407,INDIA,DIESEL,2956.0,KALUTARA,BRAND NEW,2025.0,4,,LP407
MOTOR CYCLE,BAJAJ,PULSAR N 160,INDIA,PETROL,164.32,RATNAPURA,BRAND NEW,2025.0,63,,PULSAR N 160
CAR,BYD,SEALION 6 SUPERIOR,CHINA,PETROL/ELE,1498.0,KALUTARA,BRAND NEW,2025.0,18,,SEALION 6 SUPERIOR
DUAL PURPOSE (COMMERCIAL),BYD,SHARK 6,CHINA,PETROL/ELE,1498.0,JAFFNA,BRAND NEW,2025.0,3,,SHARK 6
MOTOR LORRY (COMMERCIAL),FUSO,F1V1PHX2RDSB,INDIA,DIESEL,3907.0,PUTTALAM,BRAND NEW,2025.0,1,,F1V1PHX2RDSB
CAR,SUZUKI,FRONX,INDIA,PETROL,998.0,GAMPAHA,BRAND NEW,2025.0,55,,FRONX
MOTOR CYCLE,GAROW,FENGSHEN,CHINA,ELECTRIC,3.0,KURUNEGALA,BRAND NEW,2024.0,2,,FENGSHEN
CAR,TOYOTA,WIGO A350RA GBNE,INDONESIA,PETROL,998.0,RATNAPURA,BRAND NEW,2025.0,3,,WIGO A350RA GBNE
MOTOR CYCLE,RANOMOTO,GN125H,CHINA,PETROL,124.0,KURUNEGALA,BRAND NEW,2025.0,21,,GN125H
MOTOR CYCLE,RANOMOTO,PATTAYA DOUBLE POWER,CHINA,PETROL,80.0,BATTICALOA,BRAND NEW,2025.0,5,,PATTAYA DOUBLE POWER
MOTOR CYCLE,AIMA,ARIA,CHINA,ELECTRIC,0.8,POLONNARUWA,BRAND NEW,2025.0,5,,ARIA
MOTOR LORRY (COMMERCIAL),MITSUBISHI,FEB51ER4SDSC,JAPAN,DIESEL,2998.0,COLOMBO,BRAND NEW,2025.0,4,,FEB51ER4SDSC
MOTOR CYCLE,YAMAHA,MT 15 VER 2.0,INDIA,PETROL,155.0,BADULLA,BRAND NEW,2025.0,5,,MT 15 VER 2.0
MOTOR CYCLE,SUZUKI,BURGMAN STREET,INDIA,PETROL,125.0,GAMPAHA,BRAND NEW,2025.0,31,,BURGMAN STREET
MOTOR CYCLE,YADEA,T5,CHINA,ELECTRIC,1.2,GALLE,BRAND NEW,2025.0,92,,T5
MOTOR CYCLE,HERO,XTREME 125 R,INDIA,PETROL,124.7,PUTTALAM,BRAND NEW,2025.0,14,,XTREME 125 R
MOTOR CYCLE,YADEA,T5,CHINA,ELECTRIC,1.2,RATNAPURA,BRAND NEW,2025.0,25,,T5
PRIMER MOVER,TATA,SIGNA 4018,INDIA,DIESEL,5883.0,KALUTARA,BRAND NEW,2025.0,3,,SIGNA 4018
CAR,AVATR,AVATR II,CHINA,ELECTRIC,190.0,COLOMBO,BRAND NEW,2025.0,2,,AVATR II
LAND VEHICLE,MAHINDRA,YUVO TECH PLUS 585DI,INDIA,DIESEL,2979.0,POLONNARUWA,BRAND NEW,2025.0,6,,YUVO TECH PLUS 585DI
COMMERCIAL,TATA,LP407,INDIA,DIESEL,2956.0,GAMPAHA,BRAND NEW,2025.0,1,,LP407
MOTOR CYCLE,LUYUAN,S90 PLUS,CHINA,ELECTRIC,1.5,MONERAGALA,BRAND NEW,2025.0,2,,S90 PLUS
MOTOR CYCLE,YADEA,T 9,CHINA,ELECTRIC,2.0,KURUNEGALA,BRAND NEW,2025.0,28,,T 9
MOTOR CYCLE,VMOTO,CITI,CHINA,ELECTRIC,2.0,KALUTARA,BRAND NEW,2025.0,3,,CITI
MOTOR CYCLE,SUPER SOCO,TS STREET HUNTER,CHINA,ELECTRIC,2.5,COLOMBO,BRAND NEW,2025.0,3,,TS STREET HUNTER
MOTOR CYCLE,YADEA,EPOC H,CHINA,ELECTRIC,2.0,GALLE,BRAND NEW,2025.0,4,,EPOC H
CAR,TOYOTA,5AA-A202A RAIZE,JAPAN,PETROL/ELE,78.0,NUWARA-ELIYA,BRAND NEW,2023.0,1,5AA-A202A,RAIZE
CAR,SAIC,MG ZS MCE,CHINA,PETROL,999.0,KURUNEGALA,BRAND NEW,2025.0,5,,MG ZS MCE
MOTOR CYCLE,YAMAHA,YZF R15 VER 4.0,INDIA,PETROL,155.0,NUWARA-ELIYA,BRAND NEW,2025.0,3,,YZF R15 VER 4.0
MOTOR CYCLE,YAMAHA,RAY ZRSTREETRALLY125,INDIA,PETROL,125.0,NUWARA-ELIYA,BRAND NEW,2025.0,4,,RAY ZRSTREETRALLY125
CAR,TOYOTA,A250RA-GBVV RAIZE,INDONESIA,PETROL,998.0,AMPARA,BRAND NEW,2025.0,4,,A250RA-GBVV RAIZE
MOTOR CYCLE,YAMAHA,YZF R15 VER 4.0,INDIA,PETROL,155.0,KANDY,BRAND NEW,2025.0,2,,YZF R15 VER 4.0
MOTOR CYCLE,YAMAHA,RAY ZRSTREETRALLY125,INDIA,PETROL,125.0,KEGALLE,BRAND NEW,2025.0,4,,RAY ZRSTREETRALLY125
COMMERCIAL,HIGER,KLQ6952K,CHINA,DIESEL,6500.0,COLOMBO,BRAND NEW,2025.0,2,,KLQ6952K
CAR,NISSAN,MAGNITE N-CONNECTA,INDIA,PETROL,999.0,BADULLA,BRAND NEW,2025.0,1,,MAGNITE N-CONNECTA
MOTOR CYCLE,TMR LUYUAN,COLA 5,CHINA,ELECTRIC,0.4,RATNAPURA,BRAND NEW,2025.0,2,,COLA 5
MOTOR CYCLE,LUYUAN,MNK3,CHINA,ELECTRIC,1.5,AMPARA,BRAND NEW,2025.0,4,,MNK3
MOTOR CYCLE,WUXI,MC-TKWS,CHINA,PETROL,125.0,BATTICALOA,BRAND NEW,2025.0,3,MC-TKWS,Unknown
COMMERCIAL,TOYOTA,KDH223R-LEMDYT HIACE,JAPAN,DIESEL,2982.0,PUTTALAM,BRAND NEW,2025.0,1,,KDH223R-LEMDYT HIACE
MOTOR CYCLE,RANOMOTO,GN125H,CHINA,PETROL,124.0,HAMBANTOTA,BRAND NEW,2025.0,5,,GN125H
MOTOR CYCLE,RANOMOTO,GN125H,CHINA,PETROL,124.0,MATARA,BRAND NEW,2025.0,10,,GN125H
MOTOR CYCLE,RANOMOTO,FLASH,CHINA,PETROL,79.0,COLOMBO,BRAND NEW,2025.0,9,,FLASH
THREE WHEELER,PIAGGIO,APE AUTO DX,INDIA,DIESEL,435.0,KALUTARA,BRAND NEW,2025.0,4,,APE AUTO DX
THREE WHEELER,PIAGGIO,APE CITY NXT,INDIA,PETROL,230.0,COLOMBO,BRAND NEW,2025.0,1,,APE CITY NXT
MOTOR CYCLE,LIMA,EL07,CHINA,ELECTRIC,1.5,GAMPAHA,BRAND NEW,2025.0,4,,EL07
MOTOR CYCLE,LIMA,EL07,CHINA,ELECTRIC,1.5,AMPARA,BRAND NEW,2024.0,1,,EL07
MOTOR LORRY (COMMERCIAL),ISUZU,FSR34SU-LCN,JAPAN,DIESEL,7790.0,COLOMBO,BRAND NEW,2025.0,1,,FSR34SU-LCN
CAR,PERODUA,BEZZA,MALAYSIA,PETROL,998.0,COLOMBO,BRAND NEW,2025.0,78,,BEZZA
SINGLE CAB,TATA,ACE HT 2,INDIA,DIESEL,702.0,COLOMBO,BRAND NEW,2025.0,1,,ACE HT 2
SINGLE CAB,MAHINDRA,BOLERO CITY PICKUP,INDIA,DIESEL,2523.0,KANDY,BRAND NEW,2025.0,5,,BOLERO CITY PICKUP
MOTOR CYCLE,HERO,HUNK 160,INDIA,PETROL,163.14,MATALE,BRAND NEW,2025.0,21,,HUNK 160
SINGLE CAB,MAHINDRA,BOLERO CITY PICKUP,INDIA,DIESEL,2523.0,JAFFNA,BRAND NEW,2025.0,12,,BOLERO CITY PICKUP
MOTOR CYCLE,SUZUKI,BURGMAN STREET,INDIA,PETROL,125.0,KALUTARA,BRAND NEW,2025.0,24,,BURGMAN STREET
MOTOR CYCLE,SUZUKI,BURGMAN STREET,INDIA,PETROL,125.0,GALLE,BRAND NEW,2025.0,21,,BURGMAN STREET
MOTOR CYCLE,SUZUKI,BURGMAN STREET,INDIA,PETROL,125.0,MATALE,BRAND NEW,2025.0,3,,BURGMAN STREET
LAND VEHICLE,SONALIKA,DI-50RX-4WD,INDIA,DIESEL,3067.0,ANURADHAPURA,BRAND NEW,2024.0,3,DI-50RX-4WD,Unknown
CAR,PERODUA,BEZZA,MALAYSIA,PETROL,998.0,MATARA,BRAND NEW,2025.0,8,,BEZZA
MOTOR CYCLE,SUZUKI,BURGMAN STREET,INDIA,PETROL,125.0,BATTICALOA,BRAND NEW,2025.0,6,,BURGMAN STREET
CAR,PERODUA,AXIA-CG1SZ,MALAYSIA,PETROL,998.0,GALLE,BRAND NEW,2025.0,2,AXIA-CG1SZ,Unknown
LAND VEHICLE,KUBOTA,L 4508,JAPAN,DIESEL,2197.0,COLOMBO,BRAND NEW,2025.0,1,,L 4508
CAR,PERODUA,BEZZA,MALAYSIA,PETROL,998.0,KURUNEGALA,BRAND NEW,2025.0,7,,BEZZA
MOTOR CYCLE,HONDA,DIO DLX,INDIA,PETROL,109.0,AMPARA,BRAND NEW,2025.0,38,,DIO DLX
CAR,TOYOTA,GDJ250R-GNZLY,JAPAN,DIESEL,2755.0,KALUTARA,BRAND NEW,2025.0,1,,GDJ250R-GNZLY
MOTOR CYCLE,YADEA,T 9,CHINA,ELECTRIC,2.0,KANDY,BRAND NEW,2025.0,4,,T 9
LAND VEHICLE,KUBOTA,L 4508,JAPAN,DIESEL,2197.0,RATNAPURA,BRAND NEW,2025.0,1,,L 4508
COMMERCIAL,TATA,LP 712,INDIA,DIESEL,3783.0,BATTICALOA,BRAND NEW,2025.0,1,,LP 712
COMMERCIAL,ZHONGTONG,LCK6128H MAGNATE,CHINA,DIESEL,9500.0,GAMPAHA,BRAND NEW,2025.0,1,,LCK6128H MAGNATE
LAND VEHICLE (SMALL),VIKYNO,RV125-2,VIETNAM,DIESEL,624.0,ANURADHAPURA,BRAND NEW,2025.0,7,RV125-2,Unknown
CAR,HONDA,CR-V,THAILAND,PETROL,1498.0,PUTTALAM,BRAND NEW,2025.0,1,CR-V,VTIL7
MOTOR CYCLE,TAILG,RED RABBIT,CHINA,ELECTRIC,1.2,PUTTALAM,BRAND NEW,2025.0,3,,RED RABBIT
MOTOR CYCLE,ROYAL ENFIELD,CLASSIC 350,INDIA,PETROL,349.0,KEGALLE,BRAND NEW,2025.0,1,,CLASSIC 350
MOTOR LORRY (COMMERCIAL),TATA,LPT 2518,INDIA,DIESEL,5883.0,KURUNEGALA,BRAND NEW,2025.0,1,,LPT 2518
MOTOR LORRY (COMMERCIAL),J M C,CARRYING PLUS,CHINA,DIESEL,2771.0,COLOMBO,BRAND NEW,2025.0,1,,CARRYING PLUS
CAR,BYD,SEALION 6 SUPERIOR,CHINA,PETROL/ELE,1498.0,MATALE,BRAND NEW,2025.0,3,,SEALION 6 SUPERIOR
MOTOR CYCLE,HERO,HF-DELUXE,INDIA,PETROL,97.2,MATALE,BRAND NEW,2025.0,5,HF-DELUXE,Unknown
MOTOR CYCLE,AIMA,LIBERTY,CHINA,ELECTRIC,1.2,TRINCOMALEE,BRAND NEW,2025.0,1,,LIBERTY
MOTOR LORRY (COMMERCIAL),ISUZU,NQR75U-KN5VAYN,JAPAN,DIESEL,5193.0,GALLE,BRAND NEW,2025.0,1,,NQR75U-KN5VAYN
MOTOR CYCLE,YADEA,RUIBIN,CHINA,ELECTRIC,0.8,MANNAR,BRAND NEW,2025.0,3,,RUIBIN
CAR,BAW,E7,CHINA,ELECTRIC,30.0,RATNAPURA,BRAND NEW,2025.0,5,,E7
DUAL PURPOSE (COMMERCIAL),TOYOTA,GUN126R-DTTSX  HILUX,THAILAND,DIESEL,2755.0,GAMPAHA,BRAND NEW,2025.0,1,,GUN126R-DTTSX  HILUX
PRIMER MOVER,TATA,SIGNA 4018,INDIA,DIESEL,5883.0,POLONNARUWA,BRAND NEW,2025.0,1,,SIGNA 4018
MOTOR LORRY (COMMERCIAL),TATA,LPT 2518,INDIA,DIESEL,5883.0,JAFFNA,BRAND NEW,2025.0,1,,LPT 2518
CAR,MITSUBISHI,ATTRAGE A13ASTHHR,THAILAND,PETROL,1193.0,GAMPAHA,BRAND NEW,2025.0,1,,ATTRAGE A13ASTHHR
MOTOR CYCLE,YADEA,T 9,CHINA,ELECTRIC,2.0,JAFFNA,BRAND NEW,2025.0,1,,T 9
LAND VEHICLE,MAHINDRA,YUVO TECH PLUS 575DI,INDIA,DIESEL,2979.0,MATALE,BRAND NEW,2025.0,1,,YUVO TECH PLUS 575DI
MOTOR LORRY (COMMERCIAL),ISUZU,NIR75U-LN5VAYN,JAPAN,DIESEL,5193.0,JAFFNA,BRAND NEW,2025.0,1,,NIR75U-LN5VAYN
MOTOR CYCLE,TVS,IQUBE,INDIA,ELECTRIC,3.34,KILINOCHCHI,BRAND NEW,2025.0,2,,IQUBE
MOTOR CYCLE,DIMEN,D60,CHINA,ELECTRIC,1.2,MATARA,BRAND NEW,2025.0,1,,D60
CAR,WULING,BINGUO,INDONESIA,ELECTRIC,49.0,KURUNEGALA,BRAND NEW,2025.0,1,,BINGUO
MOTOR CYCLE,YAMAHA,FZ S FI VER 4.0,INDIA,PETROL,149.0,invalid ampara,BRAND NEW,2025.0,1,,FZ S FI VER 4.0
CAR,SUZUKI,JIMNY,INDIA,PETROL,1462.0,GAMPAHA,BRAND NEW,2025.0,1,,JIMNY
MOTOR CYCLE,TMR LUYUAN,MQQ6,CHINA,ELECTRIC,0.8,JAFFNA,BRAND NEW,2025.0,1,,MQQ6
MOTOR CYCLE,TMR QUANLE,G18,CHINA,ELECTRIC,2.0,MONERAGALA,BRAND NEW,2025.0,2,,G18
MOTOR CYCLE,TMR QUANLE,XGW,CHINA,ELECTRIC,1.2,MONERAGALA,BRAND NEW,2025.0,3,,XGW
MOTOR CYCLE,TAKASHI,ES PRO MAX,CHINA,ELECTRIC,2.0,HAMBANTOTA,BRAND NEW,2025.0,1,,ES PRO MAX
CAR,BAW,E7,CHINA,ELECTRIC,30.0,KEGALLE,BRAND NEW,2025.0,3,,E7
MOTOR CYCLE,ROYAL ENFIELD,CLASSIC 350,INDIA,PETROL,349.0,KANDY,BRAND NEW,2025.0,3,,CLASSIC 350
LAND VEHICLE (SMALL),VIKYNO,RV125-2,VIETNAM,DIESEL,624.0,MATALE,BRAND NEW,2025.0,2,RV125-2,Unknown
LAND VEHICLE,JOHN DEERE,5045D,INDIA,DIESEL,2940.0,KURUNEGALA,BRAND NEW,2025.0,4,,5045D
MOTOR CYCLE,NWOW,WSP,CHINA,ELECTRIC,1.5,COLOMBO,BRAND NEW,2025.0,2,,WSP
MOTOR CYCLE,NWOW,TK 10,CHINA,ELECTRIC,0.8,GAMPAHA,BRAND NEW,2019.0,1,,TK 10
MOTOR CYCLE,NWOW,WSP,CHINA,ELECTRIC,1.5,GALLE,BRAND NEW,2025.0,1,,WSP
MOTOR CYCLE,NWOW,WSP,CHINA,ELECTRIC,1.5,PUTTALAM,BRAND NEW,2025.0,2,,WSP
MOTOR CYCLE,TMR QUANLE,G18,CHINA,ELECTRIC,2.0,PUTTALAM,BRAND NEW,2025.0,1,,G18
COMMERCIAL,TOYOTA,KDH223R-LEMDYT HIACE,JAPAN,DIESEL,2982.0,BATTICALOA,BRAND NEW,2025.0,1,,KDH223R-LEMDYT HIACE
MOTOR CYCLE,REVOLT,RV 400,INDIA,ELECTRIC,3.0,KURUNEGALA,BRAND NEW,2025.0,1,,RV 400
CAR,TOYOTA,YARIS ATIV,THAILAND,PETROL,1197.0,COLOMBO,BRAND NEW,2025.0,36,,YARIS ATIV
MOTOR CYCLE,TVS,TVS XL 100,SRI LANKA,PETROL,99.7,TRINCOMALEE,BRAND NEW,2025.0,1,,TVS XL 100
MOTOR CYCLE,YADEA,RUIBIN,CHINA,ELECTRIC,0.8,MONERAGALA,BRAND NEW,2025.0,4,,RUIBIN
LAND VEHICLE,SWARAJ,855,INDIA,DIESEL,3478.2,AMPARA,BRAND NEW,2025.0,1,,855
LAND VEHICLE (SMALL),VIKYNO,RV125-2,VIETNAM,DIESEL,624.0,KANDY,BRAND NEW,2025.0,1,RV125-2,Unknown
LAND VEHICLE,JOHN DEERE,5050D,INDIA,DIESEL,2940.0,TRINCOMALEE,BRAND NEW,2025.0,1,,5050D
MOTOR CYCLE,TAKASHI,ES LITE,CHINA,ELECTRIC,1.2,ANURADHAPURA,BRAND NEW,2025.0,1,,ES LITE
CAR,HYUNDAI,SANTAFE,SOUTH KOREA,PETROL,2497.0,COLOMBO,BRAND NEW,2025.0,1,,SANTAFE
CAR,PERODUA,AXIA-CG1SZ,MALAYSIA,PETROL,998.0,KALUTARA,BRAND NEW,2025.0,2,AXIA-CG1SZ,Unknown
COMMERCIAL,TOYOTA,HIACE-GDH301R-GDTDY,JAPAN,DIESEL,2755.0,KURUNEGALA,BRAND NEW,2025.0,2,HIACE-GDH301R-GDTDY,Unknown
LAND VEHICLE,KARTAR,GLOBETRAC 4736 4WD,INDIA,DIESEL,3117.0,AMPARA,BRAND NEW,2024.0,1,,GLOBETRAC 4736 4WD
MOTOR LORRY (COMMERCIAL),MITSUBISHI,FEB51ER4SDSC,JAPAN,DIESEL,2998.0,KALUTARA,BRAND NEW,2025.0,2,,FEB51ER4SDSC
MOTOR CYCLE,RANOMOTO,PATTAYA DOUBLE POWER,CHINA,PETROL,80.0,NUWARA-ELIYA,BRAND NEW,2025.0,2,,PATTAYA DOUBLE POWER
CAR,TOYOTA,NGC200R-DHXHKF YARIS,INDONESIA,PETROL,1496.0,GAMPAHA,BRAND NEW,2025.0,1,,NGC200R-DHXHKF YARIS
CAR,MERCEDES BENZ,MAYBACH S 580,GERMANY,PETROL,3982.0,COLOMBO,BRAND NEW,2025.0,1,,MAYBACH S 580
MOTOR TRICYCLE VAN,PIAGGIO,APE-XTRA-DX,INDIA,DIESEL,435.0,COLOMBO,BRAND NEW,2025.0,10,APE-XTRA-DX,Unknown
MOTOR TRICYCLE VAN,PIAGGIO,APE-XTRA-DX,INDIA,DIESEL,435.0,MATARA,BRAND NEW,2025.0,9,APE-XTRA-DX,Unknown
MOTOR TRICYCLE VAN,PIAGGIO,APE-XTRA-DX,INDIA,DIESEL,435.0,RATNAPURA,BRAND NEW,2025.0,8,APE-XTRA-DX,Unknown
MOTOR TRICYCLE VAN,PIAGGIO,APE-XTRA-DX,INDIA,DIESEL,435.0,TRINCOMALEE,BRAND NEW,2025.0,1,APE-XTRA-DX,Unknown
LAND VEHICLE,E KUBOTA,EK3-471,INDIA,DIESEL,2761.0,MULLATIVU,BRAND NEW,2025.0,1,EK3-471,4WD
MOTOR LORRY (COMMERCIAL),TATA,LPT 1615,INDIA,DIESEL,5883.0,KEGALLE,BRAND NEW,2025.0,1,,LPT 1615
CAR,HONDA,6AA-RV5  VEZEL,JAPAN,PETROL/ELE,1496.0,RATNAPURA,BRAND NEW,2025.0,1,6AA-RV5,VEZEL
MOTOR CYCLE,WUXI,TANK,CHINA,PETROL,125.0,RATNAPURA,BRAND NEW,2025.0,1,,TANK
MOTOR CYCLE,WUXI,TSY,CHINA,PETROL,125.0,JAFFNA,BRAND NEW,2025.0,1,,TSY
MOTOR LORRY (COMMERCIAL),LANKA ASHOK LEYLAND,PARTNER,INDIA,DIESEL,2953.0,RATNAPURA,BRAND NEW,2025.0,1,,PARTNER
CAR,TOYOTA,WIGO A350RA GBNE,INDONESIA,PETROL,998.0,AMPARA,BRAND NEW,2025.0,1,,WIGO A350RA GBNE
CAR,TOYOTA,WIGO A350RA GBNE,INDONESIA,PETROL,998.0,KURUNEGALA,BRAND NEW,2025.0,1,,WIGO A350RA GBNE
MOTOR CYCLE,TAILG,RED RABBIT,CHINA,ELECTRIC,1.2,KURUNEGALA,BRAND NEW,2024.0,1,,RED RABBIT
DUAL PURPOSE (COMMERCIAL),JEEP,GLADIATOR RUBICON,U.S.A,PETROL,3604.0,KANDY,BRAND NEW,2025.0,1,,GLADIATOR RUBICON
MOTOR LORRY (COMMERCIAL),MITSUBISHI,FEA61BR4SDSC,JAPAN,DIESEL,2998.0,GAMPAHA,BRAND NEW,2025.0,1,,FEA61BR4SDSC
LAND VEHICLE (SMALL),SIFANG,GN12DI,CHINA,DIESEL,815.0,BATTICALOA,BRAND NEW,2023.0,1,,GN12DI
MOTOR TRICYCLE VAN,ATUL,GEM,INDIA,DIESEL,435.6,KURUNEGALA,BRAND NEW,2025.0,1,,GEM
MOTOR CYCLE,BAJAJ,CT 100 ES,SRI LANKA,PETROL,102.0,KURUNEGALA,BRAND NEW,2025.0,1,,CT 100 ES
CAR,TOYOTA,A250RA-GBVV RAIZE,INDONESIA,PETROL,998.0,TRINCOMALEE,BRAND NEW,2025.0,1,,A250RA-GBVV RAIZE
CAR,TOYOTA,WIGO A350RA GBNE,INDONESIA,PETROL,998.0,BADULLA,BRAND NEW,2025.0,1,,WIGO A350RA GBNE
LAND VEHICLE (SMALL),LAND FORCE,RK160,THAILAND,DIESEL,780.0,POLONNARUWA,BRAND NEW,2024.0,1,,RK160
LAND VEHICLE (SMALL),LAND FORCE,LF1100,THAILAND,DIESEL,312.0,GALLE,BRAND NEW,2024.0,1,,LF1100
LAND VEHICLE,TAFE,45DI,INDIA,DIESEL,2700.0,KALUTARA,BRAND NEW,2025.0,2,,45DI
COMMERCIAL,LANKA ASHOK LEYLAND,VIKING,INDIA,DIESEL,6014.0,ANURADHAPURA,BRAND NEW,2025.0,1,,VIKING
LAND VEHICLE (SMALL),FARM MASTER,RV125-2,CHINA,DIESEL,624.0,ANURADHAPURA,BRAND NEW,2025.0,1,RV125-2,Unknown
MOTOR CYCLE,LIMA,EL07,CHINA,ELECTRIC,1.5,POLONNARUWA,BRAND NEW,2025.0,1,,EL07
MOTOR LORRY (COMMERCIAL),ISUZU,NMR85U-EH5MAD1,JAPAN,DIESEL,2999.0,NUWARA-ELIYA,BRAND NEW,2025.0,1,,NMR85U-EH5MAD1
LAND VEHICLE,MAHINDRA,YUVO TECH PLUS 585DI,INDIA,DIESEL,2979.0,COLOMBO,BRAND NEW,2025.0,2,,YUVO TECH PLUS 585DI
MOTOR CYCLE,TMR QUANLE,ZS,CHINA,ELECTRIC,1.2,AMPARA,BRAND NEW,2025.0,2,,ZS
MOTOR CYCLE,NWOW,TK 10,CHINA,ELECTRIC,0.8,MATALE,BRAND NEW,2025.0,1,,TK 10
MOTOR CYCLE,HERO,XTREME 125 R,INDIA,PETROL,124.7,VAVUNIYA,BRAND NEW,2025.0,3,,XTREME 125 R
CAR,WULING,CLOUD EV,INDONESIA,ELECTRIC,100.0,PUTTALAM,BRAND NEW,2025.0,1,,CLOUD EV
MOTOR CYCLE,SENARO,GN125,SRI LANKA,PETROL,125.0,KURUNEGALA,BRAND NEW-L/ASSEMBLE,2025.0,24,,GN125
MOTOR CYCLE,TVS,TVS XL 100,SRI LANKA,PETROL,99.7,POLONNARUWA,BRAND NEW-L/ASSEMBLE,2025.0,159,,TVS XL 100
MOTOR CYCLE,BAJAJ,CT 100 ES,SRI LANKA,PETROL,102.0,TRINCOMALEE,BRAND NEW-L/ASSEMBLE,2025.0,102,,CT 100 ES
MOTOR CYCLE,BAJAJ,DISCOVER 125,SRI LANKA,PETROL,124.5,MATARA,BRAND NEW-L/ASSEMBLE,2025.0,64,,DISCOVER 125
MOTOR CYCLE,BAJAJ,DISCOVER 125,SRI LANKA,PETROL,124.5,BATTICALOA,BRAND NEW-L/ASSEMBLE,2025.0,24,,DISCOVER 125
MOTOR CYCLE,BAJAJ,DISCOVER 125,SRI LANKA,PETROL,124.5,VAVUNIYA,BRAND NEW-L/ASSEMBLE,2025.0,15,,DISCOVER 125
MOTOR LORRY (COMMERCIAL),LANKA ASHOK LEYLAND,TUSKER SUPER 1618,SRI LANKA,DIESEL,5759.0,HAMBANTOTA,BRAND NEW-L/ASSEMBLE,2025.0,4,,TUSKER SUPER 1618
MOTOR CYCLE,SENARO,GN125,SRI LANKA,PETROL,125.0,POLONNARUWA,BRAND NEW-L/ASSEMBLE,2025.0,25,,GN125
MOTOR CYCLE,BAJAJ,CT 100 ES,SRI LANKA,PETROL,102.0,VAVUNIYA,BRAND NEW-L/ASSEMBLE,2025.0,57,,CT 100 ES
MOTOR LORRY (COMMERCIAL),LANKA ASHOK LEYLAND,TUSKER SUPER 1618,SRI LANKA,DIESEL,5759.0,KURUNEGALA,BRAND NEW-L/ASSEMBLE,2025.0,3,,TUSKER SUPER 1618
MOTOR CYCLE,TVS,NTORQ 125,SRI LANKA,PETROL,124.8,AMPARA,BRAND NEW-L/ASSEMBLE,2025.0,2,,NTORQ 125
MOTOR CYCLE,RANOMOTO,MOPED SUPER,SRI LANKA,PETROL,49.0,KEGALLE,BRAND NEW-L/ASSEMBLE,2024.0,1,,MOPED SUPER
MOTOR CYCLE,RANOMOTO,MOPED SUPER,SRI LANKA,PETROL,49.0,BATTICALOA,BRAND NEW-L/ASSEMBLE,2021.0,1,,MOPED SUPER
MOTOR CYCLE,TVS,TVS XL 100,SRI LANKA,PETROL,99.7,MANNAR,BRAND NEW-L/ASSEMBLE,2025.0,10,,TVS XL 100
MOTOR CYCLE,TVS,NTORQ 125,SRI LANKA,PETROL,124.8,POLONNARUWA,BRAND NEW-L/ASSEMBLE,2025.0,2,,NTORQ 125
MOTOR CYCLE,BAJAJ,PULSAR N 160,SRI LANKA,PETROL,164.32,KALUTARA,BRAND NEW-L/ASSEMBLE,2025.0,1,,PULSAR N 160
MOTOR CYCLE,BAJAJ,PULSAR N 160,SRI LANKA,PETROL,164.32,KURUNEGALA,BRAND NEW-L/ASSEMBLE,2025.0,1,,PULSAR N 160
DUAL PURPOSE (COMMERCIAL),JAC,HFC1037D3,SRI LANKA,DIESEL,1999.0,KALUTARA,BRAND NEW-L/ASSEMBLE,2025.0,3,,HFC1037D3
CAR,G.W.M.,JOLION,SRI LANKA,PETROL,1497.0,KURUNEGALA,BRAND NEW-L/ASSEMBLE,2025.0,1,,JOLION
SINGLE CAB,LANKA ASHOK LEYLAND,BADA DOST,SRI LANKA,DIESEL,1478.0,AMPARA,BRAND NEW-L/ASSEMBLE,2025.0,1,,BADA DOST
MOTOR LORRY (COMMERCIAL),LANKA ASHOK LEYLAND,E COMET 1212,SRI LANKA,DIESEL,3839.0,JAFFNA,BRAND NEW-L/ASSEMBLE,2025.0,1,,E COMET 1212
CAR,BAIC,X55  II LUXURY,SRI LANKA,PETROL,1498.0,KALUTARA,BRAND NEW-L/ASSEMBLE,2025.0,2,,X55  II LUXURY
DUAL PURPOSE (COMMERCIAL),JAC,HFC 1037D3,SRI LANKA,DIESEL,1999.0,COLOMBO,BRAND NEW-L/ASSEMBLE,2025.0,1,,HFC 1037D3
MOTOR TRICYCLE VAN,JINPENG,XT150,SRI LANKA,ELECTRIC,1.0,PUTTALAM,BRAND NEW-L/ASSEMBLE,2025.0,1,,XT150
CAR,BAIC,X55  II LUXURY,SRI LANKA,PETROL,1498.0,KURUNEGALA,BRAND NEW-L/ASSEMBLE,2025.0,2,,X55  II LUXURY
MOTOR LORRY (COMMERCIAL),LANKA ASHOK LEYLAND,TAURUS 2518,SRI LANKA,DIESEL,5759.0,KURUNEGALA,BRAND NEW-L/ASSEMBLE,2025.0,1,,TAURUS 2518
DUAL PURPOSE (COMMERCIAL),JAC,HFC1037D3,SRI LANKA,DIESEL,1999.0,MATARA,BRAND NEW-L/ASSEMBLE,2025.0,1,,HFC1037D3
MOTOR CYCLE,YADEA,T5,CHINA,ELECTRIC,1.2,JAFFNA,BRAND NEW-L/ASSEMBLE,2025.0,1,,T5
MOTOR CYCLE,SENARO,CLICK 150,SRI LANKA,PETROL,150.0,AMPARA,BRAND NEW-L/ASSEMBLE,2025.0,1,,CLICK 150
MOTOR LORRY (COMMERCIAL),ISUZU,TRG-NPR85AN ELF,JAPAN,DIESEL,2990.0,GALLE,RECONDITIONED,2017.0,3,TRG-NPR85AN,ELF
COMMERCIAL,TOYOTA,3DF-GDH223B  HIACE,JAPAN,DIESEL,2754.0,COLOMBO,RECONDITIONED,2025.0,1,3DF-GDH223B,HIACE
LAND VEHICLE,KUBOTA,L50J85P,THAILAND,DIESEL,2434.0,GAMPAHA,RECONDITIONED,2024.0,1,,L50J85P
DUAL PURPOSE (COMMERCIAL),TOYOTA,3DF-GUN125 HILUX,THAILAND,DIESEL,2393.0,MATARA,RECONDITIONED,2023.0,1,3DF-GUN125,HILUX
CAR,HONDA,6AA-RV5  VEZEL,JAPAN,PETROL/ELE,1496.0,GAMPAHA,RECONDITIONED,2025.0,9,6AA-RV5,VEZEL
CAR,TOYOTA,3BA-VJA300W,JAPAN,PETROL,3444.0,MATARA,RECONDITIONED,2024.0,1,3BA-VJA300W,LC300
CAR,SUZUKI,5AA-MH95S WAGON R,JAPAN,PETROL,656.0,ANURADHAPURA,RECONDITIONED,2025.0,1,5AA-MH95S,WAGON R
CAR,TOYOTA,5AA-A202A RAIZE,JAPAN,PETROL/ELE,1196.0,TRINCOMALEE,RECONDITIONED,2025.0,1,5AA-A202A,RAIZE
CAR,DAIHATSU,5BA-LA350S MIRA,JAPAN,PETROL,658.0,ANURADHAPURA,RECONDITIONED,2023.0,2,5BA-LA350S,MIRA
CAR,DAIHATSU,5BA-LA350S MIRA,JAPAN,PETROL,658.0,COLOMBO,RECONDITIONED,2025.0,3,5BA-LA350S,MIRA
SPECIAL PURPOSE VEHICLE,FURUKAWA,FL60A WHEEL LOADER,JAPAN,DIESEL,2100.0,PUTTALAM,RECONDITIONED,2019.0,1,,FL60A WHEEL LOADER
CAR,NISSAN,ALMERA,THAILAND,PETROL,999.0,KURUNEGALA,RECONDITIONED,2025.0,3,,ALMERA
CAR,TOYOTA,3BA-A210A RAIZE,JAPAN,PETROL,996.0,PUTTALAM,RECONDITIONED,2025.0,4,3BA-A210A,RAIZE
CAR,TOYOTA,5BA-M900A,JAPAN,PETROL,996.0,COLOMBO,RECONDITIONED,2022.0,2,5BA-M900A,Unknown
CAR,NISSAN,4AA-B45W DAYZ,JAPAN,PETROL,658.0,COLOMBO,RECONDITIONED,2025.0,1,4AA-B45W,DAYZ
CAR,SUZUKI,5AA-MR92S HUSTLER,JAPAN,PETROL,658.0,COLOMBO,RECONDITIONED,2025.0,3,5AA-MR92S,HUSTLER
CAR,SUZUKI,5BA-MH85S,JAPAN,PETROL,658.0,GAMPAHA,RECONDITIONED,2024.0,2,5BA-MH85S,WAGON TR
MOTOR CYCLE,HONDA,PCX160,JAPAN,PETROL,157.0,GAMPAHA,RECONDITIONED,2025.0,2,,PCX160
CAR,TOYOTA,5AA-A202A RAIZE,JAPAN,PETROL/ELE,1190.0,ANURADHAPURA,RECONDITIONED,2025.0,1,5AA-A202A,RAIZE
CAR,TOYOTA,5BA-M700A PASSO,JAPAN,PETROL,996.0,GAMPAHA,RECONDITIONED,2023.0,1,5BA-M700A,PASSO
CAR,SUZUKI,5AA-HA97S ALTO,JAPAN,PETROL,658.0,COLOMBO,RECONDITIONED,2024.0,1,5AA-HA97S,ALTO
CAR,SUZUKI,5BA-MH85S  WAGON R,JAPAN,PETROL,658.0,NUWARA-ELIYA,RECONDITIONED,2024.0,1,5BA-MH85S,WAGON R
CAR,SUZUKI,4AA-MK54S SPACIA,JAPAN,PETROL,658.0,BATTICALOA,RECONDITIONED,2025.0,5,4AA-MK54S,SPACIA
CAR,TOYOTA,2BA-M900A ROOMY,JAPAN,PETROL,996.0,MATARA,RECONDITIONED,2023.0,1,2BA-M900A,ROOMY
CAR,SUZUKI,5BD-DA17V EVEVRY,JAPAN,PETROL,658.0,KURUNEGALA,RECONDITIONED,2024.0,1,5BD-DA17V,EVEVRY
CAR,TOYOTA,6AA-AAHH40W VELLFIRE,JAPAN,PETROL/ELE,2487.0,COLOMBO,RECONDITIONED,2025.0,2,6AA-AAHH40W,VELLFIRE
CAR,NISSAN,5AA-B44W DAYZ,JAPAN,PETROL,659.0,COLOMBO,RECONDITIONED,2024.0,3,5AA-B44W,DAYZ
DUAL PURPOSE (COMMERCIAL),TOYOTA,HILUX REVO,THAILAND,DIESEL,2755.0,COLOMBO,RECONDITIONED,2025.0,3,,HILUX REVO
CAR,SUZUKI,3BA-DA17V EVERY,JAPAN,PETROL,658.0,MATALE,RECONDITIONED,2025.0,1,3BA-DA17V,EVERY
CAR,TOYOTA,6AA-MXP10 YARIS,JAPAN,PETROL/ELE,1496.0,COLOMBO,RECONDITIONED,2025.0,1,6AA-MXP10,YARIS
LAND VEHICLE (SMALL),YANMAR,YC60,JAPAN,DIESEL,390.0,KEGALLE,RECONDITIONED,2019.0,1,,YC60
CAR,HONDA,6AA-RV5  VEZEL,JAPAN,PETROL/ELE,1496.0,KANDY,RECONDITIONED,2025.0,2,6AA-RV5,VEZEL
CAR,NISSAN,4AA-B45W DAYZ,JAPAN,PETROL,659.0,GAMPAHA,RECONDITIONED,2024.0,2,4AA-B45W,DAYZ
MOTOR CYCLE,HONDA,PCX160,JAPAN,PETROL,156.0,BATTICALOA,RECONDITIONED,2022.0,1,,PCX160
CAR,TOYOTA,5BA-KSP210,JAPAN,PETROL,996.0,GAMPAHA,RECONDITIONED,2023.0,2,5BA-KSP210,YARIS X
CAR,NISSAN,5BD-DR17V CLIPPER,JAPAN,PETROL,658.0,COLOMBO,RECONDITIONED,2025.0,1,5BD-DR17V,CLIPPER
SINGLE CAB,DAIHATSU,3BD-S500P HIJET TRUK,JAPAN,PETROL,658.0,COLOMBO,RECONDITIONED,2023.0,1,3BD-S500P,HIJET TRUK
DUAL PURPOSE (COMMERCIAL),TOYOTA,REVO ROCCO,THAILAND,DIESEL,2755.0,COLOMBO,RECONDITIONED,2025.0,1,,REVO ROCCO
CAR,AUDI,Q3,GERMANY,PETROL,1498.0,COLOMBO,RECONDITIONED,2025.0,1,,Q3
CAR,TOYOTA,5BA-A201A RAIZE,JAPAN,PETROL,1196.0,BATTICALOA,RECONDITIONED,2024.0,1,5BA-A201A,RAIZE
CAR,MITSUBISHI,5AA-B34W EK CROSS,JAPAN,PETROL,658.0,KURUNEGALA,RECONDITIONED,2023.0,1,5AA-B34W,EK CROSS
CAR,TOYOTA,4BA-M900A ROOMY,JAPAN,PETROL,996.0,AMPARA,RECONDITIONED,2025.0,1,4BA-M900A,ROOMY
CAR,TOYOTA,5AA-A202 RAIZE,JAPAN,PETROL/ELE,1190.0,KURUNEGALA,RECONDITIONED,2025.0,1,5AA-A202,RAIZE
CAR,HONDA,6AA-RV5 VEZEL,JAPAN,PETROL/ELE,1490.0,GALLE,RECONDITIONED,2025.0,1,6AA-RV5,VEZEL
CAR,SUZUKI,3BA-DA17W EVERY,JAPAN,PETROL,658.0,COLOMBO,RECONDITIONED,2024.0,2,3BA-DA17W,EVERY
CAR,DAIHATSU,5BA-LA350S MIRA ES,JAPAN,PETROL,658.0,VAVUNIYA,RECONDITIONED,2024.0,1,5BA-LA350S,MIRA ES
CAR,TOYOTA,3BA-A210A RAIZE,JAPAN,PETROL,998.0,JAFFNA,RECONDITIONED,2024.0,1,3BA-A210A,RAIZE
CAR,NISSAN,5BD-DR17V CLIPPER,JAPAN,PETROL,658.0,KEGALLE,RECONDITIONED,2022.0,1,5BD-DR17V,CLIPPER
CAR,SUZUKI,5AA-MR92S HUSTLER,JAPAN,PETROL,657.0,KALUTARA,RECONDITIONED,2024.0,1,5AA-MR92S,HUSTLER
CAR,HONDA,6AA-RV5 VEZEL,JAPAN,PETROL/ELE,1496.0,KALUTARA,RECONDITIONED,2022.0,1,6AA-RV5,VEZEL
CAR,TOYOTA,6AA-MXPL10G SIENTA,JAPAN,PETROL/ELE,1496.0,GALLE,RECONDITIONED,2023.0,1,6AA-MXPL10G,SIENTA
CAR,TOYOTA,5BA-M900A ROOMY,JAPAN,PETROL,996.0,GAMPAHA,RECONDITIONED,2025.0,4,5BA-M900A,ROOMY
SPECIAL PURPOSE VEHICLE,J.C.B,3CX  BACKHOE LOADER,UNITED KINGDOM,DIESEL,4400.0,HAMBANTOTA,RECONDITIONED,2018.0,1,,3CX  BACKHOE LOADER
CAR,TOYOTA,YARIS ATIV,THAILAND,PETROL,1197.0,GALLE,RECONDITIONED,2025.0,1,,YARIS ATIV
CAR,SUZUKI,5BD-DA17V EVERY,JAPAN,PETROL,658.0,BADULLA,RECONDITIONED,2025.0,1,5BD-DA17V,EVERY
CAR,TOYOTA,5BA-LA350A PIXIS,JAPAN,PETROL,658.0,KALUTARA,RECONDITIONED,2023.0,1,5BA-LA350A,PIXIS
CAR,TOYOTA,6AA-ZWR90W VOXY,JAPAN,PETROL/ELE,1797.0,KANDY,RECONDITIONED,2025.0,3,6AA-ZWR90W,VOXY
CAR,SUZUKI,5BD-DA17V EVERY,JAPAN,PETROL,658.0,AMPARA,RECONDITIONED,2024.0,2,5BD-DA17V,EVERY
CAR,TOYOTA,5BA-KSP210 YARIS,JAPAN,PETROL,996.0,POLONNARUWA,RECONDITIONED,2023.0,3,5BA-KSP210,YARIS
CAR,DAIHATSU,4BA-M900S THOR,JAPAN,PETROL,996.0,COLOMBO,RECONDITIONED,2022.0,1,4BA-M900S,THOR
SPECIAL PURPOSE VEHICLE,CATERPILAR,1T12F WHEEL LOADER,JAPAN,DIESEL,2200.0,TRINCOMALEE,RECONDITIONED,1998.0,1,,1T12F WHEEL LOADER
CAR,TOYOTA,5AA-A202A RAIZE,JAPAN,PETROL/ELE,1196.0,HAMBANTOTA,RECONDITIONED,2025.0,1,5AA-A202A,RAIZE
CAR,TOYOTA,6AA-NKE165 COROLLA,JAPAN,PETROL/ELE,1496.0,KALUTARA,RECONDITIONED,2023.0,1,6AA-NKE165,COROLLA
CAR,TOYOTA,3BA-A210A RAIZE,JAPAN,PETROL,996.0,MATARA,RECONDITIONED,2024.0,2,3BA-A210A,RAIZE
CAR,SUZUKI,5AA-MK94S  SPACIA,JAPAN,PETROL,658.0,COLOMBO,RECONDITIONED,2025.0,1,5AA-MK94S,SPACIA
CAR,DAIHATSU,5BA-M900A THOR,JAPAN,PETROL,996.0,GAMPAHA,RECONDITIONED,2024.0,1,5BA-M900A,THOR
CAR,DAIHATSU,5BA-LA900S TAFT,JAPAN,PETROL,658.0,COLOMBO,RECONDITIONED,2025.0,6,5BA-LA900S,TAFT
CAR,SUZUKI,3BA-HA37S ALTO,JAPAN,PETROL,658.0,GAMPAHA,RECONDITIONED,2024.0,2,3BA-HA37S,ALTO
CAR,SUZUKI,3BA-DA17W EVERY,JAPAN,PETROL,658.0,HAMBANTOTA,RECONDITIONED,2023.0,1,3BA-DA17W,EVERY
CAR,TOYOTA,5AA-A202A RAIZE,JAPAN,PETROL/ELE,78.0,MATALE,RECONDITIONED,2024.0,1,5AA-A202A,RAIZE
MOTOR CYCLE,HONDA,ADV160,JAPAN,PETROL,157.0,KALUTARA,RECONDITIONED,2025.0,1,,ADV160
CAR,TOYOTA,5AA-A202A RAIZE,JAPAN,PETROL/ELE,1196.0,MATARA,RECONDITIONED,2025.0,3,5AA-A202A,RAIZE
CAR,DAIHATSU,5BA-LA910S TAFT,JAPAN,PETROL,658.0,GALLE,RECONDITIONED,2024.0,1,5BA-LA910S,TAFT
CAR,TOYOTA,6AA-MXPJ10 YARIS,JAPAN,PETROL/ELE,1496.0,KURUNEGALA,RECONDITIONED,2025.0,1,6AA-MXPJ10,YARIS
CAR,SUZUKI,5BD-DA17V  EVERY,JAPAN,PETROL,658.0,KALUTARA,RECONDITIONED,2025.0,1,5BD-DA17V,EVERY
CAR,TOYOTA,5BA-M900A ROOMY,JAPAN,PETROL,996.0,TRINCOMALEE,RECONDITIONED,2023.0,1,5BA-M900A,ROOMY
CAR,TOYOTA,6AA-MXPJ10 YARIS,JAPAN,PETROL/ELE,1496.0,MATARA,RECONDITIONED,2025.0,2,6AA-MXPJ10,YARIS
CAR,DAIHATSU,5BA-LA350S MIRA E S,JAPAN,PETROL,658.0,BADULLA,RECONDITIONED,2023.0,1,5BA-LA350S,MIRA E S
CAR,HONDA,6AA-RV5 VEZEL,JAPAN,PETROL/ELE,1496.0,MATALE,RECONDITIONED,2025.0,4,6AA-RV5,VEZEL
CAR,TOYOTA,6AA-MXPJ10,JAPAN,PETROL/ELE,1490.0,GAMPAHA,RECONDITIONED,2022.0,1,6AA-MXPJ10,CROSS
CAR,NISSAN,5AA-B44A ROOX,JAPAN,PETROL,659.0,GAMPAHA,RECONDITIONED,2024.0,2,5AA-B44A,ROOX
CAR,SUZUKI,3BA-HA37S ALTO,JAPAN,PETROL,657.0,AMPARA,RECONDITIONED,2024.0,1,3BA-HA37S,ALTO
CAR,NISSAN,5BD-DR17V   CLIPPER,JAPAN,PETROL,658.0,COLOMBO,RECONDITIONED,2024.0,1,5BD-DR17V,CLIPPER
CAR,TOYOTA,3BA-A210A RAIZE,JAPAN,PETROL,996.0,MONERAGALA,RECONDITIONED,2025.0,1,3BA-A210A,RAIZE
CAR,SUZUKI,4AA-MR52S HUSTLER,JAPAN,PETROL,658.0,PUTTALAM,RECONDITIONED,2023.0,1,4AA-MR52S,HUSTLER
CAR,HONDA,6BA-JF3 N BOX,JAPAN,PETROL,658.0,GALLE,RECONDITIONED,2023.0,2,6BA-JF3,N BOX
CAR,TOYOTA,5BA-M700A,JAPAN,PETROL,996.0,KEGALLE,RECONDITIONED,2023.0,1,5BA-M700A,PASSO
DUAL PURPOSE (COMMERCIAL),TMT,3DF-GUN125 HILUX,JAPAN,DIESEL,2393.0,GAMPAHA,RECONDITIONED,2024.0,1,3DF-GUN125,HILUX
CAR,TOYOTA,6AA-ZVG13 COROLLA,JAPAN,PETROL/ELE,1797.0,KALUTARA,RECONDITIONED,2025.0,2,6AA-ZVG13,COROLLA
DUAL PURPOSE (COMMERCIAL),FORD,RANGER RAPTOR,THAILAND,DIESEL,1996.0,MATARA,RECONDITIONED,2025.0,3,,RANGER RAPTOR
SPECIAL PURPOSE VEHICLE,KOMATSU,FD 40-5,JAPAN,DIESEL,4890.0,KALUTARA,RECONDITIONED,2017.0,1,,FD 40-5
CAR,TOYOTA,3BA-VJA300W,JAPAN,PETROL,3444.0,KURUNEGALA,RECONDITIONED,2024.0,2,3BA-VJA300W,LC300
CAR,DAIHATSU,5BA-CA35S MIRA ES,JAPAN,PETROL,658.0,COLOMBO,RECONDITIONED,2024.0,1,5BA-CA35S,MIRA ES
CAR,NISSAN,4AA-B45A ROOX,JAPAN,PETROL,656.0,RATNAPURA,RECONDITIONED,2023.0,1,4AA-B45A,ROOX
MOTOR LORRY (COMMERCIAL),ISUZU,TPG-NMR85N ELF,JAPAN,DIESEL,2990.0,KALUTARA,RECONDITIONED,2017.0,1,TPG-NMR85N,ELF
CAR,TOYOTA,5BA-A201A  RAIZE,JAPAN,PETROL,1196.0,GAMPAHA,RECONDITIONED,2024.0,2,5BA-A201A,RAIZE
MOTOR LORRY (COMMERCIAL),ISUZU,TPG NMR85AN ELF,JAPAN,DIESEL,2990.0,ANURADHAPURA,RECONDITIONED,2016.0,1,,TPG NMR85AN ELF
CAR,HONDA,6AA-RV5   VEZEL,JAPAN,PETROL/ELE,1496.0,GAMPAHA,RECONDITIONED,2025.0,1,6AA-RV5,VEZEL
CAR,TOYOTA,3BA-TRJ150W,JAPAN,PETROL,2693.0,COLOMBO,RECONDITIONED,2022.0,1,3BA-TRJ150W,PRADO
CAR,TOYOTA,6AA-MXPJ10  YARIS,JAPAN,PETROL/ELE,1490.0,KALUTARA,RECONDITIONED,2024.0,1,6AA-MXPJ10,YARIS
CAR,SUZUKI,5BD-DA17V EVERY,JAPAN,PETROL,658.0,KANDY,RECONDITIONED,2022.0,3,5BD-DA17V,EVERY
CAR,LEXUS,3BA-VJA310W LX600,JAPAN,PETROL,3444.0,COLOMBO,RECONDITIONED,2024.0,1,3BA-VJA310W,LX600
SINGLE CAB,SUZUKI,3BD-DA16T CARRY,JAPAN,PETROL,656.0,COLOMBO,RECONDITIONED,2022.0,2,3BD-DA16T,CARRY
CAR,SUZUKI,5BD-DA17V EVERY,JAPAN,PETROL,658.0,KALUTARA,RECONDITIONED,2022.0,1,5BD-DA17V,EVERY
CAR,TOYOTA,YARIS CROSS HEV,THAILAND,PETROL/ELE,1496.0,GAMPAHA,RECONDITIONED,2025.0,1,,YARIS CROSS HEV
CAR,DAIHATSU,5BA-LA360S MIRA ES,JAPAN,PETROL,658.0,COLOMBO,RECONDITIONED,2023.0,1,5BA-LA360S,MIRA ES
MOTOR CYCLE,HONDA,PCX160,JAPAN,PETROL,157.0,GAMPAHA,RECONDITIONED,2024.0,2,,PCX160
MOTOR CYCLE,HONDA,ADV160,JAPAN,PETROL,157.0,KEGALLE,RECONDITIONED,2025.0,1,,ADV160
CAR,TOYOTA,6AA-MXPK11 AQUA,JAPAN,PETROL/ELE,1490.0,MATALE,RECONDITIONED,2025.0,1,6AA-MXPK11,AQUA
CAR,TOYOTA,3BA-TRJ150W PRADO,JAPAN,PETROL,2693.0,GALLE,RECONDITIONED,2023.0,1,3BA-TRJ150W,PRADO
CAR,DAIHATSU,5BA-LA350S MIRA E.S,JAPAN,PETROL,658.0,KALUTARA,RECONDITIONED,2023.0,2,5BA-LA350S,MIRA E.S
CAR,TOYOTA,3BA-VJA300W,JAPAN,PETROL,3444.0,GAMPAHA,RECONDITIONED,2024.0,2,3BA-VJA300W,LC300
CAR,LAND ROVER,3BA-LE72XAA,UNITED KINGDOM,PETROL,1997.0,COLOMBO,RECONDITIONED,2023.0,2,3BA-LE72XAA,Unknown
CAR,MERCEDES BENZ,5AA-206041C C180,GERMANY,PETROL,1496.0,COLOMBO,RECONDITIONED,2023.0,1,5AA-206041C,C180
CAR,NISSAN,3BA-DR17W CLIPPER,JAPAN,PETROL,658.0,BADULLA,RECONDITIONED,2023.0,1,3BA-DR17W,CLIPPER
CAR,TOYOTA,URBAN CRUISER TAISOR,INDIA,PETROL,998.0,MANNAR,RECONDITIONED,2025.0,1,,URBAN CRUISER TAISOR
CAR,DAIHATSU,5AA-A202S ROCKY,JAPAN,PETROL/ELE,78.0,BADULLA,RECONDITIONED,2024.0,2,5AA-A202S,ROCKY
MOTOR CYCLE,HONDA,PCX160,JAPAN,PETROL,157.0,GALLE,RECONDITIONED,2025.0,3,,PCX160
CAR,HONDA,5BA-DG5 WR-V,JAPAN,PETROL,1496.0,COLOMBO,RECONDITIONED,2025.0,1,5BA-DG5,WR-V
CAR,HONDA,CITY,THAILAND,PETROL,988.0,RATNAPURA,RECONDITIONED,2025.0,1,,CITY
CAR,TOYOTA,3BA-A210A RAIZE,JAPAN,PETROL,996.0,TRINCOMALEE,RECONDITIONED,2024.0,1,3BA-A210A,RAIZE
CAR,TOYOTA,5BA-A201A  RAIZE,JAPAN,PETROL,1196.0,KANDY,RECONDITIONED,2023.0,1,5BA-A201A,RAIZE
MOTOR CYCLE,SUNWE,HAWK,CHINA,ELECTRIC,1.5,GAMPAHA,RECONDITIONED,2017.0,1,,HAWK
CAR,SUZUKI,5BD DA17V EVERY,JAPAN,PETROL,658.0,GAMPAHA,RECONDITIONED,2024.0,1,,5BD DA17V EVERY
CAR,TOYOTA,4BA-M900A ROOMY,JAPAN,PETROL,996.0,COLOMBO,RECONDITIONED,2022.0,1,4BA-M900A,ROOMY
CAR,SUZUKI,3BA-DA17W EVERY,JAPAN,PETROL,658.0,BATTICALOA,RECONDITIONED,2025.0,1,3BA-DA17W,EVERY
CAR,HONDA,CITY,THAILAND,PETROL,988.0,GAMPAHA,RECONDITIONED,2025.0,2,,CITY
CAR,TOYOTA,5BA-M900A ROOMY,JAPAN,PETROL,996.0,KURUNEGALA,RECONDITIONED,2024.0,1,5BA-M900A,ROOMY
CAR,NISSAN,5BD-DR17V CLIPPER,JAPAN,PETROL,658.0,KANDY,RECONDITIONED,2025.0,2,5BD-DR17V,CLIPPER
CAR,TOYOTA,5BA-KSP210,JAPAN,PETROL,996.0,KEGALLE,RECONDITIONED,2023.0,1,5BA-KSP210,YARIS X
CAR,NISSAN,5BA-B43W DAYZ,JAPAN,PETROL,658.0,GAMPAHA,RECONDITIONED,2025.0,2,5BA-B43W,DAYZ
CAR,TOYOTA,3BA-TRJ150W PRADO,JAPAN,PETROL,2693.0,COLOMBO,RECONDITIONED,2022.0,1,3BA-TRJ150W,PRADO
CAR,KIA,SYR0S G1 OT 7DCT HTX,INDIA,PETROL,998.0,GALLE,RECONDITIONED,2025.0,1,,SYR0S G1 OT 7DCT HTX
CAR,TOYOTA,3BA- A210A   RAIZE,JAPAN,PETROL,996.0,BADULLA,RECONDITIONED,2024.0,1,,3BA- A210A   RAIZE
CAR,AUDI,3BA-GBDKL,GERMANY,PETROL,999.0,GALLE,RECONDITIONED,2023.0,1,3BA-GBDKL,Unknown
CAR,TOYOTA,3BA-A210A RAIZE,JAPAN,PETROL,996.0,MATALE,RECONDITIONED,2022.0,1,3BA-A210A,RAIZE
CAR,TOYOTA,3BA-NGX10 C-HR,JAPAN,PETROL,1196.0,GAMPAHA,RECONDITIONED,2022.0,1,3BA-NGX10,C-HR
CAR,DAIHATSU,5BA-LA900S TAFT,JAPAN,PETROL,658.0,MATALE,RECONDITIONED,2024.0,1,5BA-LA900S,TAFT
CAR,MERCEDES BENZ,S580 E 4MATIC,GERMANY,PETROL/ELE,2998.0,COLOMBO,RECONDITIONED,2025.0,1,,S580 E 4MATIC
CAR,TOYOTA,3BA-A210A RAIZE,JAPAN,PETROL,998.0,COLOMBO,RECONDITIONED,2024.0,1,3BA-A210A,RAIZE
CAR,MERCEDES BENZ,4AA-214050C E200,GERMANY,PETROL,1991.0,KALUTARA,RECONDITIONED,2024.0,1,4AA-214050C,E200
CAR,SUZUKI,4AA-MH55S WAGON R,JAPAN,PETROL,658.0,KEGALLE,RECONDITIONED,2023.0,1,4AA-MH55S,WAGON R
CAR,NISSAN,5AA-B44A ROOX,JAPAN,PETROL,658.0,HAMBANTOTA,RECONDITIONED,2024.0,1,5AA-B44A,ROOX
DUAL PURPOSE (COMMERCIAL),TOYOTA,REVO ROCCO,JAPAN,DIESEL,2755.0,COLOMBO,RECONDITIONED,2025.0,1,,REVO ROCCO
MOTOR LORRY (COMMERCIAL),ISUZU,2RG-NPR88AN ELF,JAPAN,DIESEL,2990.0,KANDY,RECONDITIONED,2019.0,1,2RG-NPR88AN,ELF
CAR,SUZUKI,5AA-HA97S ALTO,JAPAN,PETROL,658.0,COLOMBO,RECONDITIONED,2025.0,1,5AA-HA97S,ALTO
DUAL PURPOSE (COMMERCIAL),TOYOTA,HILUX REVO ROCCO,THAILAND,DIESEL,2755.0,KALUTARA,RECONDITIONED,2024.0,1,,HILUX REVO ROCCO
CAR,TOYOTA,6BA-MXUA80 HARRIER,JAPAN,PETROL,1986.0,POLONNARUWA,RECONDITIONED,2025.0,1,6BA-MXUA80,HARRIER
CAR,TOYOTA,3BA-NGX10 CH-R,JAPAN,PETROL,1196.0,ANURADHAPURA,RECONDITIONED,2023.0,1,3BA-NGX10,CH-R
CAR,MITSUBISHI,5BA-B33WEK WAGON,JAPAN,PETROL,658.0,COLOMBO,RECONDITIONED,2023.0,1,5BA-B33WEK,WAGON
CAR,NISSAN,3BD-DR17V CLIPPER,JAPAN,PETROL,658.0,KILINOCHCHI,RECONDITIONED,2024.0,1,3BD-DR17V,CLIPPER
SINGLE CAB,MITSUBISHI,3BD-DS16T MINICAB,JAPAN,PETROL,658.0,JAFFNA,RECONDITIONED,2024.0,2,3BD-DS16T,MINICAB
CAR,TOYOTA,5BA-M900A RAIZE,JAPAN,PETROL,996.0,MATARA,RECONDITIONED,2022.0,1,5BA-M900A,RAIZE
CAR,TOYOTA,3BA-VJA300W,JAPAN,PETROL,3444.0,MONERAGALA,RECONDITIONED,2024.0,1,3BA-VJA300W,LC300
CAR,SUZUKI,4AA-MK54S  SPACIA,JAPAN,PETROL,658.0,POLONNARUWA,RECONDITIONED,2025.0,1,4AA-MK54S,SPACIA
CAR,TOYOTA,6AA ZWR90W VOXY,JAPAN,PETROL/ELE,1797.0,KALUTARA,RECONDITIONED,2025.0,1,,6AA ZWR90W VOXY
CAR,SUZUKI,5AA MH95S WAGON R,JAPAN,PETROL,650.0,GALLE,RECONDITIONED,2025.0,1,,5AA MH95S WAGON R
DUAL PURPOSE (COMMERCIAL),FORD,RAPTOR RANGER,THAILAND,DIESEL,1996.0,KANDY,RECONDITIONED,2025.0,1,,RAPTOR RANGER
CAR,TOYOTA,4BA-M900A ROOMY,JAPAN,PETROL,996.0,KALUTARA,RECONDITIONED,2023.0,1,4BA-M900A,ROOMY
CAR,DAIHATSU,5BA-M900STHOR,JAPAN,PETROL,998.0,ANURADHAPURA,RECONDITIONED,2023.0,1,5BA-M900STHOR,Unknown
COMMERCIAL,TOYOTA,3DF-GDH223B HIACE,JAPAN,DIESEL,2754.0,BATTICALOA,RECONDITIONED,2025.0,1,3DF-GDH223B,HIACE
CAR,MAZDA,5AA-MM53S  FLAIR,JAPAN,PETROL,658.0,KANDY,RECONDITIONED,2023.0,1,5AA-MM53S,FLAIR
CAR,KIA,SONET G1.OT 7DCT GTX,INDIA,PETROL,998.0,KANDY,RECONDITIONED,2025.0,1,,SONET G1.OT 7DCT GTX
CAR,SUBARU,5BA-LA350F PLEO,JAPAN,PETROL,658.0,GAMPAHA,RECONDITIONED,2023.0,1,5BA-LA350F,PLEO
CAR,TOYOTA,3BA-A210A RAIZE,JAPAN,PETROL,996.0,HAMBANTOTA,RECONDITIONED,2023.0,1,3BA-A210A,RAIZE
MOTOR LORRY (COMMERCIAL),ISUZU,2RG-NPR88AN ELF,JAPAN,DIESEL,2990.0,GAMPAHA,RECONDITIONED,2020.0,2,2RG-NPR88AN,ELF
CAR,SUZUKI,3BD-DA17V EVERY,JAPAN,PETROL,650.0,KANDY,RECONDITIONED,2023.0,1,3BD-DA17V,EVERY
CAR,SUZUKI,5AA-ZCEDS SWIFT,JAPAN,PETROL,1196.0,GAMPAHA,RECONDITIONED,2023.0,1,5AA-ZCEDS,SWIFT
CAR,TOYOTA,5BA-LA350A PIXIS,JAPAN,PETROL,658.0,GAMPAHA,RECONDITIONED,2023.0,1,5BA-LA350A,PIXIS
CAR,TOYOTA,5BA-M900A ROOMY,JAPAN,PETROL,996.0,KALUTARA,RECONDITIONED,2025.0,1,5BA-M900A,ROOMY
CAR,TOYOTA,5BA-M700A PASSO,JAPAN,PETROL,996.0,GALLE,RECONDITIONED,2022.0,1,5BA-M700A,PASSO
LAND VEHICLE (SMALL),KUBOTA,K550,JAPAN,DIESEL,375.0,KURUNEGALA,RECONDITIONED,2018.0,1,,K550
CAR,HONDA,CR-V VTI-L7,AUSTRALIA,PETROL,1498.0,GAMPAHA,RECONDITIONED,2025.0,1,CR-V,VTI-L7
CAR,TOYOTA,4BA-M900A ROOMY,JAPAN,PETROL,996.0,PUTTALAM,RECONDITIONED,2024.0,1,4BA-M900A,ROOMY
CAR,SUZUKI,3BA-DA17W EVERY,JAPAN,PETROL,658.0,KURUNEGALA,RECONDITIONED,2024.0,1,3BA-DA17W,EVERY
CAR,DAIHATSU,3BA-A210S ROCKY,JAPAN,PETROL,996.0,COLOMBO,RECONDITIONED,2025.0,1,3BA-A210S,ROCKY
CAR,DAIHATSU,5BA-LA900S TAFT,JAPAN,PETROL,658.0,KALUTARA,RECONDITIONED,2025.0,1,5BA-LA900S,TAFT
CAR,DAIHATSU,5BA-LA360S MIRA,JAPAN,PETROL,660.0,GAMPAHA,RECONDITIONED,2023.0,1,5BA-LA360S,MIRA
CAR,TOYOTA,5BA-M900A,JAPAN,PETROL,996.0,GAMPAHA,RECONDITIONED,2024.0,1,5BA-M900A,Unknown
CAR,TOYOTA,3BA-TRJ250W,JAPAN,PETROL,2693.0,MATALE,RECONDITIONED,2024.0,1,3BA-TRJ250W,VX
CAR,NISSAN,5AA-B44W DAYZ,JAPAN,PETROL,659.0,KALUTARA,RECONDITIONED,2024.0,1,5AA-B44W,DAYZ
SINGLE CAB,MITSUBISHI,3BD-DS16T MINI CAB,JAPAN,PETROL,658.0,COLOMBO,RECONDITIONED,2024.0,1,3BD-DS16T,MINI CAB
CAR,MITSUBISHI,4AA-B35W EK X,JAPAN,PETROL,659.0,GAMPAHA,RECONDITIONED,2023.0,1,4AA-B35W,EK X
MOTOR CYCLE,ROYAL ENFIELD,CLASSIC,INDIA,PETROL,349.0,COLOMBO,RECONDITIONED,2024.0,1,,CLASSIC
CAR,HONDA,6AA-RV6 VEZEL,JAPAN,PETROL/ELE,1496.0,RATNAPURA,RECONDITIONED,2025.0,1,6AA-RV6,VEZEL
CAR,HONDA,CR-V VTI L7,AUSTRALIA,PETROL,1498.0,COLOMBO,RECONDITIONED,2024.0,1,CR-V,VTI L7
CAR,TOYOTA,4BA-M900A ROOMY,JAPAN,PETROL,996.0,PUTTALAM,RECONDITIONED,2022.0,1,4BA-M900A,ROOMY
COMMERCIAL,TOYOTA,GDH 322R COMMUTER,THAILAND,DIESEL,2755.0,KEGALLE,RECONDITIONED,2025.0,1,,GDH 322R COMMUTER
CAR,NISSAN,5AA-B44W DAYS,JAPAN,PETROL,658.0,GALLE,RECONDITIONED,2023.0,1,5AA-B44W,DAYS
CAR,LAND ROVER,3BA-LE72XAA DEFENDER,UNITED KINGDOM,PETROL,1997.0,COLOMBO,RECONDITIONED,2023.0,1,3BA-LE72XAA,DEFENDER
CAR,SUZUKI,5BA-MH85S WAGON R,JAPAN,PETROL,657.0,KURUNEGALA,RECONDITIONED,2024.0,1,5BA-MH85S,WAGON R
CAR,NISSAN,5BD-DR17V CLIPPER,JAPAN,PETROL,658.0,BATTICALOA,RECONDITIONED,2022.0,1,5BD-DR17V,CLIPPER
CAR,TOYOTA,6AA-ZWR90W VOXY,JAPAN,PETROL/ELE,1797.0,MULLATIVU,RECONDITIONED,2025.0,1,6AA-ZWR90W,VOXY
CAR,TOYOTA,5AA-A202A RAIZE,JAPAN,ELECTRIC,78.0,POLONNARUWA,RECONDITIONED,2022.0,1,5AA-A202A,RAIZE
CAR,SUZUKI,5AA-MK53S SPACIA,JAPAN,PETROL,650.0,GAMPAHA,RECONDITIONED,2023.0,1,5AA-MK53S,SPACIA
CAR,SUZUKI,3BA-HA37S ALTO,JAPAN,PETROL,658.0,KURUNEGALA,RECONDITIONED,2023.0,1,3BA-HA37S,ALTO
CAR,TOYOTA,YARIS ATIV,THAILAND,PETROL,1197.0,ANURADHAPURA,RECONDITIONED,2025.0,1,,YARIS ATIV
CAR,NISSAN,3BD-DR17V CLIPPER,JAPAN,PETROL,658.0,KALUTARA,RECONDITIONED,2024.0,1,3BD-DR17V,CLIPPER
CAR,LAND ROVER,RANGE ROVER D350,UNITED KINGDOM,DIESEL,2997.0,COLOMBO,RECONDITIONED,2024.0,1,,RANGE ROVER D350
CAR,TOYOTA,TAISOR,INDIA,PETROL,998.0,AMPARA,RECONDITIONED,2025.0,1,,TAISOR
CAR,TOYOTA,5AA-A202A RAIZE,JAPAN,PETROL/ELE,1190.0,BATTICALOA,RECONDITIONED,2025.0,1,5AA-A202A,RAIZE
CAR,DAIHATSU,5BA-LA350S MIRA ES,JAPAN,PETROL,658.0,GAMPAHA,RECONDITIONED,2025.0,2,5BA-LA350S,MIRA ES
CAR,SUZUKI,5AA-MH95S WAGON R,JAPAN,PETROL,650.0,GALLE,RECONDITIONED,2024.0,1,5AA-MH95S,WAGON R
CAR,HONDA,6AA-RV5 VEEZL,JAPAN,PETROL/ELE,1496.0,PUTTALAM,RECONDITIONED,2025.0,1,6AA-RV5,VEEZL
CAR,DAIHATSU,5BA-LA350S,JAPAN,PETROL,658.0,HAMBANTOTA,RECONDITIONED,2023.0,1,5BA-LA350S,"MIRA E,S"
CAR,SUZUKI,3BD-DA17V EVEVRY,JAPAN,PETROL,658.0,GAMPAHA,RECONDITIONED,2024.0,1,3BD-DA17V,EVEVRY
SINGLE CAB,SUZUKI,3BD DA16T,JAPAN,PETROL,658.0,MATARA,RECONDITIONED,2024.0,1,,3BD DA16T
MOTOR CYCLE,HONDA,PCX-125,VIETNAM,PETROL,124.0,PUTTALAM,RECONDITIONED,2025.0,1,PCX-125,Unknown
CAR,HONDA,6AA-RV6 VEZEL,JAPAN,PETROL/ELE,1496.0,GAMPAHA,RECONDITIONED,2023.0,1,6AA-RV6,VEZEL
CAR,SUZUKI,33D-DA17V EVERY,JAPAN,PETROL,658.0,RATNAPURA,RECONDITIONED,2025.0,1,33D-DA17V,EVERY
CAR,NISSAN,5AA-B44W DAYZ,JAPAN,PETROL,658.0,PUTTALAM,RECONDITIONED,2024.0,1,5AA-B44W,DAYZ
CAR,TOYOTA,6AA-MXPJ10 YARIS,JAPAN,PETROL/ELE,1496.0,KALUTARA,RECONDITIONED,2025.0,2,6AA-MXPJ10,YARIS
CAR,TOYOTA,3BA-A210A,JAPAN,PETROL,996.0,GAMPAHA,RECONDITIONED,2024.0,2,3BA-A210A,Unknown
CAR,SUZUKI,5AA-MH95S WAGON R,JAPAN,PETROL,657.0,GAMPAHA,RECONDITIONED,2025.0,5,5AA-MH95S,WAGON R
CAR,HONDA,6AARV5 VEZEL,JAPAN,PETROL/ELE,1496.0,GAMPAHA,RECONDITIONED,2025.0,1,,6AARV5 VEZEL
CAR,SUZUKI,5AA-MH95S WAGON R,JAPAN,PETROL,657.0,HAMBANTOTA,RECONDITIONED,2025.0,1,5AA-MH95S,WAGON R
CAR,NISSAN,6AA-GFC28 SERENA,JAPAN,ELECTRIC,120.0,MATARA,RECONDITIONED,2024.0,1,6AA-GFC28,SERENA
LAND VEHICLE,MASSEY FERGUSON,MF240,ENGLAND,DIESEL,2500.0,KURUNEGALA,RECONDITIONED,2021.0,1,,MF240
MOTOR LORRY (COMMERCIAL),ISUZU,NPR85 ELF,JAPAN,DIESEL,2990.0,MATARA,RECONDITIONED,2015.0,1,,NPR85 ELF
LAND VEHICLE (SMALL),KUBOJA,KRA75,JAPAN,DIESEL,376.0,KEGALLE,RECONDITIONED,2003.0,1,,KRA75
CAR,NISSAN,5BD-DA17V CLIPPER,JAPAN,PETROL,658.0,ANURADHAPURA,RECONDITIONED,2024.0,1,5BD-DA17V,CLIPPER
CAR,NISSAN,ALMERA VL,JAPAN,PETROL,999.0,ANURADHAPURA,RECONDITIONED,2025.0,1,,ALMERA VL
CAR,SUZUKI,3BA-DA17W,JAPAN,PETROL,658.0,COLOMBO,RECONDITIONED,2024.0,1,3BA-DA17W,Unknown
CAR,TOYOTA,6AA-MXPJ10  YARIS,JAPAN,PETROL/ELE,1496.0,GAMPAHA,RECONDITIONED,2023.0,1,6AA-MXPJ10,YARIS
CAR,TOYOTA,YARIS CROSS,THAILAND,PETROL/ELE,1496.0,KURUNEGALA,RECONDITIONED,2025.0,1,,YARIS CROSS
CAR,TOYOTA,6AA-MXPJ10 YARIS,JAPAN,PETROL/ELE,1496.0,KALUTARA,RECONDITIONED,2024.0,1,6AA-MXPJ10,YARIS
CAR,TOYOTA,URBANCRUISER HYRYDER,INDIA,PETROL/ELE,1490.0,COLOMBO,RECONDITIONED,2025.0,1,,URBANCRUISER HYRYDER
DUAL PURPOSE (COMMERCIAL),TOYOTA,HILUX REVO GR SPORT,THAILAND,DIESEL,2755.0,RATNAPURA,RECONDITIONED,2025.0,1,,HILUX REVO GR SPORT
CAR,TOYOTA,5BA M900A ROOMY,JAPAN,PETROL,996.0,COLOMBO,RECONDITIONED,2023.0,1,,5BA M900A ROOMY
CAR,DAIHATSU,3BA-A210S ROCKY,JAPAN,PETROL,996.0,AMPARA,RECONDITIONED,2024.0,1,3BA-A210S,ROCKY
CAR,DAIHATSU,TAFT 5BA-LA900S,JAPAN,PETROL,658.0,COLOMBO,RECONDITIONED,2023.0,1,,TAFT 5BA-LA900S
SINGLE CAB,SUZUKI,3BD-DA16T,JAPAN,PETROL,658.0,ANURADHAPURA,RECONDITIONED,2023.0,1,3BD-DA16T,CARRY
SINGLE CAB,NISSAN,3BD-DR16T CLIPPER,JAPAN,PETROL,650.0,COLOMBO,RECONDITIONED,2024.0,1,3BD-DR16T,CLIPPER
CAR,TOYOTA,URBAN CRUSER HYRYDER,INDIA,PETROL/ELE,1496.0,COLOMBO,RECONDITIONED,2025.0,1,,URBAN CRUSER HYRYDER
CAR,NISSAN,4AA-B45W DAYZ,JAPAN,PETROL,659.0,KALUTARA,RECONDITIONED,2023.0,1,4AA-B45W,DAYZ
CAR,SUZUKI,4AA MK54S SPACIA,JAPAN,PETROL,658.0,GAMPAHA,RECONDITIONED,2025.0,1,,4AA MK54S SPACIA
CAR,DAIHATSU,5BA-LA350S  MIRA,JAPAN,PETROL,658.0,HAMBANTOTA,RECONDITIONED,2025.0,1,5BA-LA350S,MIRA
CAR,HONDA,CRV VTI-LX AWD,AUSTRALIA,PETROL,1498.0,KURUNEGALA,RECONDITIONED,2024.0,1,,CRV VTI-LX AWD
CAR,NISSAN,4AA-B45W DAYZ,JAPAN,PETROL,658.0,MATARA,RECONDITIONED,2023.0,1,4AA-B45W,DAYZ
DUAL PURPOSE (COMMERCIAL),TOYOTA,HILUX REVO GR SPORT,THAILAND,DIESEL,2755.0,JAFFNA,RECONDITIONED,2025.0,1,,HILUX REVO GR SPORT
CAR,MERCEDES BENZ,DBA-205440C C180,JAPAN,PETROL,1590.0,KURUNEGALA,RECONDITIONED,2017.0,1,DBA-205440C,C180
LAND VEHICLE (SMALL),KUBOTA,K550,JAPAN,DIESEL,375.0,RATNAPURA,RECONDITIONED,2018.0,1,,K550
CAR,DAIHATSU,5BA-M900S THOR,JAPAN,PETROL,996.0,MATARA,RECONDITIONED,2024.0,1,5BA-M900S,THOR
CAR,NISSAN,4AA-B45W DAYZ,JAPAN,PETROL,658.0,KEGALLE,RECONDITIONED,2023.0,1,4AA-B45W,DAYZ
CAR,SUZUKI,3BA DA17W EVERY,JAPAN,PETROL,656.0,COLOMBO,RECONDITIONED,2022.0,1,,3BA DA17W EVERY
CAR,SUZUKI,4AA-MK54S SPACIA,JAPAN,PETROL,658.0,MATARA,RECONDITIONED,2025.0,1,4AA-MK54S,SPACIA
CAR,SUZUKI,5AA-MK94S SPACIA,JAPAN,PETROL,658.0,BADULLA,RECONDITIONED,2025.0,1,5AA-MK94S,SPACIA
CAR,SUZUKI,5AA-MH5S WAGON R,JAPAN,PETROL,658.0,COLOMBO,RECONDITIONED,2023.0,1,5AA-MH5S,WAGON R
CAR,TOYOTA,6AA-ZWR90W VOXY,JAPAN,PETROL/ELE,1797.0,KANDY,RECONDITIONED,2023.0,1,6AA-ZWR90W,VOXY
DUAL PURPOSE (COMMERCIAL),TOYOTA,HILUX ROCCO,THAILAND,DIESEL,2755.0,GALLE,RECONDITIONED,2025.0,1,,HILUX ROCCO
CAR,LEXUS,3BA-VJA310W,JAPAN,PETROL,3444.0,AMPARA,RECONDITIONED,2024.0,1,3BA-VJA310W,LEXUS
MOTOR LORRY (COMMERCIAL),ISUZU,TKG-FRR90T2,JAPAN,DIESEL,5190.0,ANURADHAPURA,RECONDITIONED,2017.0,1,TKG-FRR90T2,Unknown
CAR,TOYOTA,3BA-A210A,JAPAN,PETROL,998.0,GAMPAHA,RECONDITIONED,2023.0,1,3BA-A210A,Unknown
CAR,MERCEDES BENZ,5AA-206042C C200,GERMANY,PETROL,1496.0,GAMPAHA,RECONDITIONED,2024.0,1,5AA-206042C,C200
SINGLE CAB,SUZUKI,3BD-DA16T CARRY,JAPAN,PETROL,658.0,ANURADHAPURA,RECONDITIONED,2024.0,1,3BD-DA16T,CARRY
CAR,MAZDA,5AA-MJ95S FLAIR,JAPAN,PETROL,658.0,COLOMBO,RECONDITIONED,2024.0,1,5AA-MJ95S,FLAIR
CAR,TOYOTA,5BA-M910A  ROOMY,JAPAN,PETROL,996.0,KANDY,RECONDITIONED,2023.0,1,5BA-M910A,ROOMY
CAR,MITSUBISHI,4AA-B35W EK X,JAPAN,PETROL,658.0,GAMPAHA,RECONDITIONED,2023.0,1,4AA-B35W,EK X
CAR,SUZUKI,5AA-MH95S WAGON R,JAPAN,PETROL,650.0,MATARA,RECONDITIONED,2023.0,1,5AA-MH95S,WAGON R
CAR,KIA,SORENTO,KOREA,PETROL/ELE,1598.0,COLOMBO,RECONDITIONED,2025.0,1,,SORENTO
CAR,DAIHATSU,5AA-LA350S MIRA ES,JAPAN,PETROL,658.0,GAMPAHA,RECONDITIONED,2024.0,1,5AA-LA350S,MIRA ES
CAR,HONDA,6BA-JH3 N-WGN,JAPAN,PETROL,658.0,GAMPAHA,RECONDITIONED,2025.0,1,6BA-JH3,N-WGN
CAR,SUZUKI,3BA-DA17W EVERY,JAPAN,PETROL,658.0,AMPARA,RECONDITIONED,2024.0,1,3BA-DA17W,EVERY
CAR,DAIHATSU,3BA-A210S,JAPAN,PETROL,996.0,GALLE,RECONDITIONED,2024.0,1,3BA-A210S,Unknown
MOTOR CYCLE,RISE,LEADER 125,SRI LANKA,PETROL,125.0,AMPARA,BRAND NEW-L/MANUFACT,2025.0,2,,LEADER 125
TRACTOR TRAILER/BOWSER,LOCALLY BUILT,TRACTOR  TRAILER,SRI LANKA,NOT STATED,0.0,ANURADHAPURA,LOCALLY ASSEMBLED,2025.0,3,,TRACTOR  TRAILER
MOTOR CYCLE,RISE,LEADER R80 V2.0,SRI LANKA,ELECTRIC,1.5,ANURADHAPURA,BRAND NEW-L/MANUFACT,2025.0,3,,LEADER R80 V2.0
MOTOR CYCLE,RISE,LEADER V 2.0,SRI LANKA,ELECTRIC,1.2,COLOMBO,BRAND NEW-L/MANUFACT,2025.0,1,,LEADER V 2.0
MOTOR CYCLE,RISE,LEADER 125,SRI LANKA,PETROL,125.0,MULLATIVU,BRAND NEW-L/MANUFACT,2025.0,1,,LEADER 125
MOTOR CYCLE,RISE,LEADER V 2.0,SRI LANKA,ELECTRIC,1.2,MONERAGALA,BRAND NEW-L/MANUFACT,2025.0,1,,LEADER V 2.0
TRACTOR TRAILER/BOWSER,LOCALLY BUILT,TRACTOR TRAILER,SRI LANKA,NOT STATED,0.0,KALUTARA,LOCALLY BUILT,2025.0,1,,TRACTOR TRAILER
TRACTOR TRAILER/BOWSER,LOCALLY BUILT,TRACTOR  TRAILER,SRI LANKA,NOT STATED,0.0,MANNAR,LOCALLY BUILT,2025.0,2,,TRACTOR  TRAILER
TRACTOR TRAILER/BOWSER,LOCALLY BUILT,TRACTOR  TRAILER,SRI LANKA,NOT STATED,0.0,VAVUNIYA,LOCALLY BUILT,2025.0,2,,TRACTOR  TRAILER
MOTOR CYCLE,AIMA,Q 613,CHINA,ELECTRIC,1.0,PUTTALAM,BOUGHT FROM AUCTION,2023.0,1,,Q 613
MOTOR LORRY (COMMERCIAL),J M C,JX1044TC2R,SRI LANKA,DIESEL,2771.0,KANDY,LOCALLY BUILT,2025.0,1,,JX1044TC2R
TRACTOR TRAILER/BOWSER,LOCALLY BUILT,TANKER BOWSER,SRI LANKA,NOT STATED,0.0,HAMBANTOTA,LOCALLY BUILT,2025.0,2,,TANKER BOWSER
LORRY TRAILER/BOWSER,DUTCH LANKA TRAILER,DLDT-40/50T,SRI LANKA,NOT STATED,0.0,COLOMBO,LOCALLY BUILT,2025.0,1,DLDT-40,/50T
MOTOR CYCLE,TVS,TVS NTORQ 125 CC,INDIA,PETROL,124.8,GAMPAHA,BRAND NEW,2025.0,685,,TVS NTORQ 125 CC
MOTOR CYCLE,TVS,TVS NTORQ 125 CC,INDIA,PETROL,124.8,RATNAPURA,BRAND NEW,2025.0,217,,TVS NTORQ 125 CC
CAR,KIA,SONET,INDIA,PETROL,998.0,KURUNEGALA,BRAND NEW,2025.0,2,,SONET
MOTOR CYCLE,DAYWANG(DW)SL,E-MOTOR CYCLE,CHINA,ELECTRIC,0.8,AMPARA,BRAND NEW,2024.0,1,,E-MOTOR CYCLE
MOTOR CYCLE,YAMAHA,RAY ZR,INDIA,PETROL,113.0,KILINOCHCHI,BRAND NEW,2025.0,1,,RAY ZR
MOTOR CYCLE,YAMAHA,RAY ZRSTREETRALLY125,INDIA,PETROL,125.0,HAMBANTOTA,BRAND NEW,2025.0,9,,RAY ZRSTREETRALLY125
MOTOR CYCLE,YAMAHA,FZ S FI VER 4.0,INDIA,PETROL,149.0,RATNAPURA,BRAND NEW,2025.0,7,,FZ S FI VER 4.0
MOTOR CYCLE,YAMAHA,RAY ZR 125,INDIA,PETROL,125.0,MULLATIVU,BRAND NEW,2025.0,5,,RAY ZR 125
CAR,TOYOTA,A250RA-GBVV RAIZE,INDONESIA,PETROL,998.0,KURUNEGALA,BRAND NEW,2025.0,12,,A250RA-GBVV RAIZE
MOTOR LORRY (COMMERCIAL),MITSUBISHI,FECX1HR4SDSC,JAPAN,DIESEL,2998.0,COLOMBO,BRAND NEW,2025.0,5,,FECX1HR4SDSC
MOTOR CYCLE,YAMAHA,MT 15 VER 2.0,INDIA,PETROL,155.0,MANNAR,BRAND NEW,2025.0,9,,MT 15 VER 2.0
MOTOR CYCLE,YAMAHA,FZ  VER 2.0,INDIA,PETROL,149.0,ANURADHAPURA,BRAND NEW,2025.0,10,,FZ  VER 2.0
MOTOR CYCLE,YAMAHA,RAY ZR 125,INDIA,PETROL,125.0,BADULLA,BRAND NEW,2025.0,6,,RAY ZR 125
MOTOR CYCLE,HONDA,DIO DLX,INDIA,PETROL,109.0,COLOMBO,BRAND NEW,2025.0,209,,DIO DLX
MOTOR CYCLE,HONDA,DIO DLX,INDIA,PETROL,109.0,HAMBANTOTA,BRAND NEW,2025.0,51,,DIO DLX
MOTOR CYCLE,HONDA,DIO STD,INDIA,PETROL,109.0,HAMBANTOTA,BRAND NEW,2025.0,46,,DIO STD
MOTOR CYCLE,HONDA,DIO DLX,INDIA,PETROL,109.0,GALLE,BRAND NEW,2025.0,148,,DIO DLX
MOTOR CYCLE,HONDA,DIO DLX,INDIA,PETROL,109.0,MATALE,BRAND NEW,2025.0,28,,DIO DLX
MOTOR CYCLE,BAJAJ,PULSAR N 125,INDIA,PETROL,124.58,GAMPAHA,BRAND NEW,2025.0,60,,PULSAR N 125
CAR,TOYOTA,A250RA-GBVV RAIZE,INDONESIA,PETROL,998.0,ANURADHAPURA,BRAND NEW,2025.0,8,,A250RA-GBVV RAIZE
CAR,BYD,SEALION 6 SUPERIOR,CHINA,PETROL/ELE,1498.0,KURUNEGALA,BRAND NEW,2025.0,27,,SEALION 6 SUPERIOR
CAR,TOYOTA,A250RA-GBVV RAIZE,INDONESIA,PETROL,998.0,VAVUNIYA,BRAND NEW,2025.0,1,,A250RA-GBVV RAIZE
THREE WHEELER,BAJAJ,RE 4S AUTORICKSHAW,INDIA,PETROL,237.0,ANURADHAPURA,BRAND NEW,2025.0,54,,RE 4S AUTORICKSHAW
MOTOR CYCLE,BAJAJ,PULSAR N 160,INDIA,PETROL,164.32,KEGALLE,BRAND NEW,2025.0,44,,PULSAR N 160
SINGLE CAB,TATA,ACE HT2,INDIA,DIESEL,702.0,AMPARA,BRAND NEW,2025.0,3,,ACE HT2
MOTOR CYCLE,BAJAJ,PULSAR NS 200,INDIA,PETROL,199.5,MULLATIVU,BRAND NEW,2025.0,18,,PULSAR NS 200
LAND VEHICLE,TAFE,45DI,INDIA,DIESEL,2500.0,POLONNARUWA,BRAND NEW,2025.0,11,,45DI
MOTOR CYCLE,HERO,HUNK 160,INDIA,PETROL,163.14,ANURADHAPURA,BRAND NEW,2025.0,43,,HUNK 160
MOTOR CYCLE,HERO,HUNK 160,INDIA,PETROL,163.14,GAMPAHA,BRAND NEW,2025.0,96,,HUNK 160
MOTOR CYCLE,HERO,HUNK 160,INDIA,PETROL,163.14,NUWARA-ELIYA,BRAND NEW,2025.0,10,,HUNK 160
MOTOR CYCLE,HERO,HF-DELUXE,INDIA,PETROL,97.2,POLONNARUWA,BRAND NEW,2025.0,55,HF-DELUXE,Unknown
SINGLE CAB,MAHINDRA,BOLERO CITY PICK UP,INDIA,DIESEL,2523.0,COLOMBO,BRAND NEW,2025.0,1,,BOLERO CITY PICK UP
MOTOR CYCLE,ATHER,450X,INDIA,ELECTRIC,3.0,KALUTARA,BRAND NEW,2025.0,7,,450X
COMMERCIAL,SUNLONG,SK09M24,CHINA,DIESEL,7800.0,ANURADHAPURA,BRAND NEW,2024.0,1,,SK09M24
LAND VEHICLE,TAFE,45DI,INDIA,DIESEL,2500.0,MONERAGALA,BRAND NEW,2025.0,7,,45DI
MOTOR CYCLE,SOLID,LEO,CHINA,ELECTRIC,1.2,GAMPAHA,BRAND NEW,2022.0,1,,LEO
SINGLE CAB,TATA,ACE HT2,INDIA,DIESEL,702.0,MANNAR,BRAND NEW,2025.0,1,,ACE HT2
MOTOR CYCLE,YAMAHA,YZF R15 VER 4.0,INDIA,PETROL,155.0,COLOMBO,BRAND NEW,2025.0,17,,YZF R15 VER 4.0
MOTOR CYCLE,HERO,XOOM-110,INDIA,PETROL,110.9,COLOMBO,BRAND NEW,2025.0,145,XOOM-110,Unknown
MOTOR CYCLE,HERO,HF-DELUXE,INDIA,PETROL,97.2,JAFFNA,BRAND NEW,2025.0,131,HF-DELUXE,Unknown
MOTOR CYCLE,YAMAHA,RAY ZR,INDIA,PETROL,113.0,TRINCOMALEE,BRAND NEW,2025.0,8,,RAY ZR
MOTOR CYCLE,HERO,XOOM-110,INDIA,PETROL,110.9,GALLE,BRAND NEW,2025.0,172,XOOM-110,Unknown
MOTOR CYCLE,VMOTO,CITI,CHINA,ELECTRIC,2.0,PUTTALAM,BRAND NEW,2025.0,8,,CITI
COMMERCIAL,LANKA ASHOK LEYLAND,LUXURA 12M,INDIA,DIESEL,6014.0,COLOMBO,BRAND NEW,2025.0,1,,LUXURA 12M
MOTOR CYCLE,TVS,TVS RAIDER 125,INDIA,PETROL,124.66,RATNAPURA,BRAND NEW,2025.0,37,,TVS RAIDER 125
MOTOR CYCLE,HERO,XOOM-110,INDIA,PETROL,110.9,JAFFNA,BRAND NEW,2025.0,145,XOOM-110,Unknown
LAND VEHICLE,TAFE,45DI,INDIA,DIESEL,2500.0,MATALE,BRAND NEW,2025.0,2,,45DI
MOTOR CYCLE,AIMA,LIBERTY,CHINA,ELECTRIC,1.2,AMPARA,BRAND NEW,2025.0,4,,LIBERTY
MOTOR CYCLE,BAJAJ,PULSAR N 125,INDIA,PETROL,124.58,KEGALLE,BRAND NEW,2025.0,25,,PULSAR N 125
MOTOR CYCLE,BAJAJ,PULSAR NS 200,INDIA,PETROL,199.5,HAMBANTOTA,BRAND NEW,2025.0,23,,PULSAR NS 200
MOTOR CYCLE,BAJAJ,PULSAR N 125,INDIA,PETROL,124.58,MONERAGALA,BRAND NEW,2025.0,14,,PULSAR N 125
SINGLE CAB,TATA,ACE HT2,INDIA,DIESEL,702.0,ANURADHAPURA,BRAND NEW,2025.0,6,,ACE HT2
CAR,CHANGAN,S 07,CHINA,ELECTRIC,99.0,AMPARA,BRAND NEW,2025.0,1,,S 07
COMMERCIAL,ANKAI,HFF6909K,CHINA,DIESEL,6500.0,GAMPAHA,BRAND NEW,2025.0,1,,HFF6909K
DUAL PURPOSE (COMMERCIAL),MITSUBISHI,LC1TJLHGCR L200,THAILAND,DIESEL,2442.0,GAMPAHA,BRAND NEW,2025.0,3,,LC1TJLHGCR L200
DUAL PURPOSE (COMMERCIAL),TOYOTA,GUN126R-DTTHX  HILUX,THAILAND,DIESEL,2755.0,COLOMBO,BRAND NEW,2025.0,17,,GUN126R-DTTHX  HILUX
MOTOR CYCLE,AIMA,LIBERTY,CHINA,ELECTRIC,1.2,MATALE,BRAND NEW,2025.0,2,,LIBERTY
MOTOR CYCLE,REVOLT,RV 1,INDIA,ELECTRIC,1.8,JAFFNA,BRAND NEW,2025.0,2,,RV 1
CAR,TOYOTA,A250RA-GBVV RAIZE,INDONESIA,PETROL,998.0,PUTTALAM,BRAND NEW,2025.0,12,,A250RA-GBVV RAIZE
CAR,TOYOTA,A250RA-GBVV RAIZE,INDONESIA,PETROL,998.0,KEGALLE,BRAND NEW,2025.0,4,,A250RA-GBVV RAIZE
MOTOR CYCLE,YAMAHA,RAY ZR 125,INDIA,PETROL,125.0,TRINCOMALEE,BRAND NEW,2025.0,5,,RAY ZR 125
CAR,NISSAN,MAGNITE TEKNA PLUS,INDIA,PETROL,999.0,KEGALLE,BRAND NEW,2025.0,15,,MAGNITE TEKNA PLUS
MOTOR CYCLE,HERO,XTREME 125 R,INDIA,PETROL,124.7,POLONNARUWA,BRAND NEW,2025.0,18,,XTREME 125 R
LAND VEHICLE,NEW HOLLAND,4710,INDIA,DIESEL,2700.0,ANURADHAPURA,BRAND NEW,2024.0,1,,4710
LAND VEHICLE (SMALL),FARM MASTER,RV125-2,CHINA,DIESEL,624.0,BADULLA,BRAND NEW,2023.0,1,RV125-2,Unknown
MOTOR CYCLE,BAJAJ,DISCOVER,INDIA,PETROL,124.0,MATARA,BRAND NEW,2007.0,1,,DISCOVER
CAR,KYC,V7EX,CHINA,ELECTRIC,50.0,COLOMBO,BRAND NEW,2025.0,1,,V7EX
MOTOR CYCLE,TMR QUANLE,ZL,CHINA,ELECTRIC,2.0,GALLE,BRAND NEW,2025.0,3,,ZL
MOTOR CYCLE,TMR LUYUAN,COLA 5,CHINA,ELECTRIC,0.4,ANURADHAPURA,BRAND NEW,2025.0,10,,COLA 5
MOTOR CYCLE,NWOW,WSP,CHINA,ELECTRIC,1.5,GAMPAHA,BRAND NEW,2024.0,2,,WSP
MOTOR CYCLE,NWOW,WSP,CHINA,ELECTRIC,1.5,KALUTARA,BRAND NEW,2025.0,1,,WSP
MOTOR CYCLE,NWOW,ARS,CHINA,ELECTRIC,0.45,COLOMBO,BRAND NEW,2025.0,9,,ARS
MOTOR CYCLE,BAJAJ,PULSAR N 125,INDIA,PETROL,124.58,HAMBANTOTA,BRAND NEW,2025.0,19,,PULSAR N 125
PRIMER MOVER,TATA,SIGNA 4018,INDIA,DIESEL,5883.0,KURUNEGALA,BRAND NEW,2025.0,1,,SIGNA 4018
CAR,BAW,E7,CHINA,ELECTRIC,30.0,KANDY,BRAND NEW,2025.0,7,,E7
CAR,KIA,SONET,INDIA,PETROL,998.0,GALLE,BRAND NEW,2025.0,4,,SONET
CAR,BAW,E7,CHINA,ELECTRIC,30.0,KALUTARA,BRAND NEW,2025.0,18,,E7
CAR,BYD,SEALION 6 SUPERIOR,CHINA,PETROL/ELE,1498.0,PUTTALAM,BRAND NEW,2025.0,6,,SEALION 6 SUPERIOR
LAND VEHICLE,SONALIKA,D150RX-2WD,INDIA,DIESEL,2893.0,KURUNEGALA,BRAND NEW,2024.0,1,,D150RX-2WD
LAND VEHICLE,SONALIKA,D150RX-2WD,INDIA,DIESEL,2893.0,POLONNARUWA,BRAND NEW,2024.0,2,,D150RX-2WD
MOTOR LORRY (COMMERCIAL),ISUZU,NLR77U-EE1AYN,JAPAN,DIESEL,2999.0,COLOMBO,BRAND NEW,2025.0,8,,NLR77U-EE1AYN
THREE WHEELER,TVS,KING,INDIA,PETROL,199.26,KEGALLE,BRAND NEW,2025.0,8,,KING
DUAL PURPOSE (COMMERCIAL),TOYOTA,GUN126R-DTTHX  HILUX,THAILAND,DIESEL,2755.0,GAMPAHA,BRAND NEW,2025.0,3,,GUN126R-DTTHX  HILUX
LAND VEHICLE (SMALL),VOLTA,RV 125,CHINA,DIESEL,624.0,BADULLA,BRAND NEW,2025.0,2,,RV 125
LORRY TRAILER/BOWSER,CIMC,ZJV9400FPDY,CHINA,NOT STATED,0.0,COLOMBO,BRAND NEW,2025.0,8,,ZJV9400FPDY
MOTOR CYCLE,AIMA,BREEZY,CHINA,ELECTRIC,0.8,GALLE,BRAND NEW,2025.0,6,,BREEZY
MOTOR CYCLE,YAMAHA,FZ  VER 2.0,INDIA,PETROL,149.0,VAVUNIYA,BRAND NEW,2025.0,1,,FZ  VER 2.0
MOTOR CYCLE,YAMAHA,RAY ZR 125,INDIA,PETROL,125.0,NUWARA-ELIYA,BRAND NEW,2025.0,6,,RAY ZR 125
LAND VEHICLE,TAFE,45DI,INDIA,DIESEL,2700.0,HAMBANTOTA,BRAND NEW,2025.0,1,,45DI
PRIMER MOVER,TATA,SIGNA 5530,INDIA,DIESEL,6702.0,KANDY,BRAND NEW,2025.0,1,,SIGNA 5530
CAR,SUZUKI,FRONX,INDIA,PETROL,998.0,RATNAPURA,BRAND NEW,2025.0,6,,FRONX
PRIMER MOVER,TATA,PRIMA 5530,INDIA,DIESEL,6702.0,GAMPAHA,BRAND NEW,2025.0,1,,PRIMA 5530
CAR,MITSUBISHI,GR1WXTPGRV1,INDONESIA,PETROL,1499.0,COLOMBO,BRAND NEW,2025.0,2,,GR1WXTPGRV1
CAR,MITSUBISHI,GR1WXTPGRV1,INDONESIA,PETROL,1499.0,ANURADHAPURA,BRAND NEW,2025.0,1,,GR1WXTPGRV1
PRIMER MOVER,TATA,SIGNA 5532  S,INDIA,DIESEL,6702.0,COLOMBO,BRAND NEW,2025.0,2,,SIGNA 5532  S
MOTOR CYCLE,TVS,TVS NTORQ 125 CC,INDIA,PETROL,124.8,MULLATIVU,BRAND NEW,2025.0,45,,TVS NTORQ 125 CC
MOTOR CYCLE,NWOW,WSP,CHINA,ELECTRIC,1.5,GAMPAHA,BRAND NEW,2025.0,5,,WSP
MOTOR CYCLE,YADEA,T5,CHINA,ELECTRIC,1.2,KANDY,BRAND NEW,2025.0,5,,T5
MOTOR CYCLE,YADEA,T5,CHINA,ELECTRIC,1.2,KALUTARA,BRAND NEW,2025.0,84,,T5
MOTOR CYCLE,HERO,XTREME 125 R,INDIA,PETROL,124.7,JAFFNA,BRAND NEW,2025.0,9,,XTREME 125 R
MOTOR CYCLE,YADEA,RUIBIN,CHINA,ELECTRIC,0.8,BATTICALOA,BRAND NEW,2025.0,1,,RUIBIN
CAR,SAIC,MGHS PHEV,CHINA,PETROL/ELE,1496.0,COLOMBO,BRAND NEW,2025.0,9,,MGHS PHEV
MOTOR CYCLE,YADEA,T5,CHINA,ELECTRIC,1.2,MATALE,BRAND NEW,2025.0,11,,T5
LAND VEHICLE (SMALL),LAND FORCE,LF240,THAILAND,DIESEL,1248.0,COLOMBO,BRAND NEW,2024.0,1,,LF240
CAR,LAND ROVER,DEFENDER,UNITED KINGDOM,PETROL/ELE,2000.0,GAMPAHA,BRAND NEW,2025.0,1,,DEFENDER
DUAL PURPOSE (COMMERCIAL),BYD,SHARK 6,CHINA,PETROL/ELE,1498.0,GAMPAHA,BRAND NEW,2025.0,3,,SHARK 6
DUAL PURPOSE (COMMERCIAL),BYD,SHARK 6,CHINA,PETROL/ELE,1498.0,MATARA,BRAND NEW,2025.0,2,,SHARK 6
CAR,TOYOTA,A250RA-GBVV RAIZE,INDONESIA,PETROL,998.0,BATTICALOA,BRAND NEW,2025.0,4,,A250RA-GBVV RAIZE
MOTOR CYCLE,TMR QUANLE,G18,CHINA,ELECTRIC,2.0,ANURADHAPURA,BRAND NEW,2025.0,4,,G18
MOTOR CYCLE,LUYUAN,MYY-Z35J,CHINA,ELECTRIC,2.0,MONERAGALA,BRAND NEW,2025.0,1,MYY-Z35J,Unknown
MOTOR CYCLE,LUYUAN,M-MHH-Z45LJ,CHINA,ELECTRIC,2.0,HAMBANTOTA,BRAND NEW,2025.0,1,,M-MHH-Z45LJ
MOTOR CYCLE,WUXI,MC-TKWS,CHINA,PETROL,125.0,MATARA,BRAND NEW,2025.0,2,MC-TKWS,Unknown
MOTOR CYCLE,RANOMOTO,PATTAYA DOUBLE POWER,CHINA,PETROL,80.0,COLOMBO,BRAND NEW,2025.0,8,,PATTAYA DOUBLE POWER
MOTOR CYCLE,LIMA,EL07,CHINA,ELECTRIC,1.5,MULLATIVU,BRAND NEW,2025.0,1,,EL07
CAR,PERODUA,AXIA-CG1SZ,MALAYSIA,PETROL,998.0,COLOMBO,BRAND NEW,2025.0,23,AXIA-CG1SZ,Unknown
CAR,TOYOTA,FJA300R-GNUZY,JAPAN,DIESEL,3346.0,KALUTARA,BRAND NEW,2025.0,2,,FJA300R-GNUZY
SINGLE CAB,TATA,ACE - HT2,INDIA,DIESEL,702.0,HAMBANTOTA,BRAND NEW,2025.0,1,,ACE - HT2
CAR,SAIC,MG ZS MCE,CHINA,PETROL,999.0,BADULLA,BRAND NEW,2025.0,2,,MG ZS MCE
MOTOR CYCLE,YAMAHA,YZF R15 VER 4.0,INDIA,PETROL,155.0,MATALE,BRAND NEW,2025.0,1,,YZF R15 VER 4.0
THREE WHEELER,BAJAJ,RE 4S AUTORICKSHAW,INDIA,PETROL,237.0,invalid ampara,BRAND NEW,2025.0,1,,RE 4S AUTORICKSHAW
SINGLE CAB,TATA,YODHA,INDIA,DIESEL,2956.0,BATTICALOA,BRAND NEW,2025.0,1,,YODHA
SINGLE CAB,TATA,ACE HT2,INDIA,DIESEL,702.0,BATTICALOA,BRAND NEW,2025.0,2,,ACE HT2
MOTOR CYCLE,YADEA,T5,CHINA,ELECTRIC,1.2,JAFFNA,BRAND NEW,2025.0,35,,T5
SINGLE CAB,MAHINDRA,BOLERO CITY PICKUP,INDIA,DIESEL,2523.0,PUTTALAM,BRAND NEW,2025.0,7,,BOLERO CITY PICKUP
MOTOR CYCLE,SUZUKI,BURGMAN STREET,INDIA,PETROL,125.0,COLOMBO,BRAND NEW,2025.0,10,,BURGMAN STREET
CAR,MAHINDRA,XUV 3XO,INDIA,PETROL,1197.0,AMPARA,BRAND NEW,2025.0,1,,XUV 3XO
CAR,PERODUA,AXIA CG1GZ,MALAYSIA,PETROL,998.0,COLOMBO,BRAND NEW,2025.0,6,,AXIA CG1GZ
CAR,PERODUA,BEZZA,MALAYSIA,PETROL,998.0,ANURADHAPURA,BRAND NEW,2025.0,1,,BEZZA
COMMERCIAL,TATA,LP 712,INDIA,DIESEL,3783.0,JAFFNA,BRAND NEW,2025.0,1,,LP 712
MOTOR LORRY (COMMERCIAL),TATA,LPT-2518,INDIA,DIESEL,5883.0,KURUNEGALA,BRAND NEW,2025.0,1,LPT-2518,Unknown
CAR,PERODUA,AXIA CG1GZ,MALAYSIA,PETROL,998.0,BADULLA,BRAND NEW,2025.0,2,,AXIA CG1GZ
LAND VEHICLE,KUBOTA,L 4508,JAPAN,DIESEL,2197.0,KURUNEGALA,BRAND NEW,2025.0,21,,L 4508
LAND VEHICLE,E KUBOTA,EK3-471,INDIA,DIESEL,2761.0,KURUNEGALA,BRAND NEW,2025.0,3,EK3-471,4WD
MOTOR CYCLE,TMR LUYUAN,COLA 5,CHINA,ELECTRIC,0.4,PUTTALAM,BRAND NEW,2025.0,3,,COLA 5
MOTOR CYCLE,TMR QUANLE,ZS,CHINA,ELECTRIC,1.2,KURUNEGALA,BRAND NEW,2025.0,4,,ZS
MOTOR CYCLE,SOLID,S9,CHINA,ELECTRIC,2.0,PUTTALAM,BRAND NEW,2025.0,2,,S9
MOTOR CYCLE,ATHER,450X,INDIA,ELECTRIC,3.0,KEGALLE,BRAND NEW,2025.0,2,,450X
CAR,LING BOX,HXK7000BEVR3,CHINA,ELECTRIC,35.0,COLOMBO,BRAND NEW,2025.0,2,,HXK7000BEVR3
MOTOR CYCLE,YADEA,T5,CHINA,ELECTRIC,1.2,MULLATIVU,BRAND NEW,2025.0,5,,T5
MOTOR CYCLE,AIMA,MANA,CHINA,ELECTRIC,1.5,COLOMBO,BRAND NEW,2025.0,2,,MANA
SPECIAL PURPOSE VEHICLE,J.C.B,3DX BACKHOE LOADER,INDIA,DIESEL,4400.0,COLOMBO,BRAND NEW,2025.0,1,,3DX BACKHOE LOADER
LAND VEHICLE,KARTAR,GLOBETRAC 4736 4WD,INDIA,DIESEL,3117.0,MATALE,BRAND NEW,2024.0,1,,GLOBETRAC 4736 4WD
MOTOR CYCLE,LUYUAN,MYT,CHINA,ELECTRIC,0.8,COLOMBO,BRAND NEW,2025.0,2,,MYT
MOTOR CYCLE,AIMA,MAVERICK,CHINA,ELECTRIC,2.0,COLOMBO,BRAND NEW,2025.0,1,,MAVERICK
CAR,KIA,CARNIVAL,KOREA,PETROL/ELE,1598.0,COLOMBO,BRAND NEW,2025.0,1,,CARNIVAL
LAND VEHICLE,MAHINDRA,YUVO TECH PLUS 575DI,INDIA,DIESEL,2979.0,COLOMBO,BRAND NEW,2025.0,1,,YUVO TECH PLUS 575DI
LAND VEHICLE,SWARAJ,855,INDIA,DIESEL,3478.2,BATTICALOA,BRAND NEW,2025.0,8,,855
CAR,KIA,SORENTO,KOREA,PETROL/ELE,1598.0,GALLE,BRAND NEW,2025.0,1,,SORENTO
COMMERCIAL,TOYOTA,HIACE-GDH301R-GDTDY,JAPAN,DIESEL,2755.0,MONERAGALA,BRAND NEW,2025.0,1,HIACE-GDH301R-GDTDY,Unknown
LAND VEHICLE,MAHINDRA,YUVO TECH PLUS 585DI,INDIA,DIESEL,2979.0,MATALE,BRAND NEW,2025.0,2,,YUVO TECH PLUS 585DI
MOTOR CYCLE,LIMA,EL07,CHINA,ELECTRIC,1.5,HAMBANTOTA,BRAND NEW,2025.0,3,,EL07
MOTOR CYCLE,WUXI,MC-TK-03,CHINA,PETROL,125.0,AMPARA,BRAND NEW,2025.0,1,MC-TK-03,Unknown
SINGLE CAB,TATA,YODHA,INDIA,DIESEL,2956.0,AMPARA,BRAND NEW,2025.0,2,,YODHA
MOTOR CYCLE,HUAIHAI,ZL9,CHINA,ELECTRIC,1.5,COLOMBO,BRAND NEW,2025.0,2,,ZL9
CAR,NISSAN,MAGNITE N-CONNECTA,INDIA,PETROL,999.0,KEGALLE,BRAND NEW,2025.0,1,,MAGNITE N-CONNECTA
LAND VEHICLE,SOLIS,4520,INDIA,DIESEL,2893.0,KURUNEGALA,BRAND NEW,2025.0,1,,4520
CAR,MERCEDES BENZ,GLB 200,MEXICO,PETROL,1332.0,COLOMBO,BRAND NEW,2025.0,6,,GLB 200
MOTOR CYCLE,HONDA,DIO STD,INDIA,PETROL,109.0,PUTTALAM,BRAND NEW,2002.0,1,,DIO STD
MOTOR CYCLE,BNC,CHALLENGER   S 110,INDIA,ELECTRIC,1.2,KURUNEGALA,BRAND NEW,2024.0,1,,CHALLENGER   S 110
MOTOR CYCLE,TMR QUANLE,ZL,CHINA,ELECTRIC,2.0,MANNAR,BRAND NEW,2025.0,8,,ZL
MOTOR CYCLE,TMR QUANLE,ZS,CHINA,ELECTRIC,1.2,PUTTALAM,BRAND NEW,2025.0,3,,ZS
MOTOR CYCLE,TAKASHI,ES LITE,CHINA,ELECTRIC,1.2,KALUTARA,BRAND NEW,2025.0,1,,ES LITE
MOTOR CYCLE,TAKASHI,ES LITE,CHINA,ELECTRIC,1.2,GAMPAHA,BRAND NEW,2025.0,1,,ES LITE
CAR,KIA,SPORTAGE,KOREA,PETROL/ELE,1598.0,COLOMBO,BRAND NEW,2025.0,1,,SPORTAGE
LAND VEHICLE (SMALL),FARM MASTER,RV125-2,CHINA,DIESEL,624.0,KURUNEGALA,BRAND NEW,2023.0,2,RV125-2,Unknown
LAND VEHICLE,JOHN DEERE,5047D,INDIA,DIESEL,2940.0,BADULLA,BRAND NEW,2025.0,2,,5047D
THREE WHEELER,NWOW,ERVS4 PLUS,CHINA,ELECTRIC,0.8,KURUNEGALA,BRAND NEW,2025.0,1,,ERVS4 PLUS
MOTOR CYCLE,NWOW,ARS,CHINA,ELECTRIC,0.45,GALLE,BRAND NEW,2025.0,1,,ARS
MOTOR CYCLE,NWOW,SE,CHINA,ELECTRIC,0.8,KALUTARA,BRAND NEW,2017.0,1,,SE
THREE WHEELER,NWOW,ERVS4 PLUS,CHINA,ELECTRIC,0.8,COLOMBO,BRAND NEW,2024.0,1,,ERVS4 PLUS
SINGLE CAB,TOYOTA,LITEACE S403RU TMRFJ,INDONESIA,PETROL,1496.0,MATARA,BRAND NEW,2025.0,1,,LITEACE S403RU TMRFJ
MOTOR LORRY (COMMERCIAL),ISUZU,NLR77U EE1AYN,JAPAN,DIESEL,2999.0,COLOMBO,BRAND NEW,2025.0,1,,NLR77U EE1AYN
CAR,TOYOTA,NYC200R-DHXHBF,INDONESIA,PETROL/ELE,1496.0,ANURADHAPURA,BRAND NEW,2025.0,1,,NYC200R-DHXHBF
MOTOR CYCLE,RANOMOTO,GN125H,CHINA,PETROL,124.0,MULLATIVU,BRAND NEW,2025.0,1,,GN125H
MOTOR LORRY (COMMERCIAL),TATA,LPT-2518,INDIA,DIESEL,5883.0,MONERAGALA,BRAND NEW,2025.0,2,LPT-2518,Unknown
MOTOR CYCLE,TAKASHI,ES PRO MAX,CHINA,ELECTRIC,2.0,RATNAPURA,BRAND NEW,2025.0,1,,ES PRO MAX
CAR,BAW,E7,CHINA,ELECTRIC,30.0,PUTTALAM,BRAND NEW,2025.0,4,,E7
LAND VEHICLE,E KUBOTA,EK3-471,INDIA,DIESEL,2761.0,BADULLA,BRAND NEW,,1,EK3-471,4WD
CAR,GAC,AION Y,CHINA,ELECTRIC,100.0,GAMPAHA,BRAND NEW,2025.0,1,,AION Y
MOTOR CYCLE,YADEA,T5,CHINA,ELECTRIC,1.2,BATTICALOA,BRAND NEW,2025.0,4,,T5
MOTOR LORRY (COMMERCIAL),TATA,LPT 1615,INDIA,DIESEL,5883.0,COLOMBO,BRAND NEW,2025.0,1,,LPT 1615
MOTOR TRICYCLE VAN,PIAGGIO,APE-XTRA-DX,INDIA,DIESEL,435.0,KANDY,BRAND NEW,2025.0,2,APE-XTRA-DX,Unknown
SINGLE CAB,TATA,SUPER ACE,INDIA,DIESEL,1396.0,GALLE,BRAND NEW,2025.0,2,,SUPER ACE
CAR,TOYOTA,F800RE-GQGF RUSH,INDONESIA,PETROL,1496.0,KALUTARA,BRAND NEW,2025.0,2,,F800RE-GQGF RUSH
CAR,TOYOTA,WIGO A350RA GBNE,INDONESIA,PETROL,998.0,PUTTALAM,BRAND NEW,2025.0,2,,WIGO A350RA GBNE
CAR,NISSAN,MAGNITE ACENTA BR10,INDIA,PETROL,999.0,RATNAPURA,BRAND NEW,2025.0,3,,MAGNITE ACENTA BR10
MOTOR CYCLE,YADEA,T 9,CHINA,ELECTRIC,2.0,VAVUNIYA,BRAND NEW,2025.0,3,,T 9
MOTOR CYCLE,YADEA,M6,CHINA,ELECTRIC,1.2,KANDY,BRAND NEW,2025.0,1,,M6
MOTOR CYCLE,LUYUAN ALFA,MKK-Z23E-12-C,CHINA,ELECTRIC,1.2,COLOMBO,BRAND NEW,2025.0,1,MKK-Z23E-12-C,Unknown
CAR,WULING,BINGUO,INDONESIA,ELECTRIC,100.0,COLOMBO,BRAND NEW,2025.0,1,,BINGUO
CAR,PERODUA,BEZZA,MALAYSIA,PETROL,998.0,MONERAGALA,BRAND NEW,2025.0,1,,BEZZA
SINGLE CAB,TATA,YODHA,INDIA,DIESEL,2956.0,MATARA,BRAND NEW,2025.0,1,,YODHA
MOTOR LORRY (COMMERCIAL),MITSUBISHI,FEA51ER4SDSC,JAPAN,DIESEL,2998.0,RATNAPURA,BRAND NEW,2025.0,2,,FEA51ER4SDSC
MOTOR CYCLE,NWOW,GB2,CHINA,ELECTRIC,0.4,KURUNEGALA,BRAND NEW,2025.0,1,,GB2
MOTOR CYCLE,TAILG,MENGSU,CHINA,ELECTRIC,1.0,POLONNARUWA,BRAND NEW,2025.0,1,,MENGSU
CAR,TOYOTA,URBAN CRUISER TAISOR,INDIA,PETROL,998.0,BATTICALOA,BRAND NEW,2025.0,1,,URBAN CRUISER TAISOR
LAND VEHICLE,SWARAJ,855,INDIA,DIESEL,3478.2,KURUNEGALA,BRAND NEW,2024.0,1,,855
MOTOR TRICYCLE VAN,ATUL,GEM,INDIA,DIESEL,435.6,AMPARA,BRAND NEW,2025.0,1,,GEM
SINGLE CAB,TOYOTA,LITE ACE,INDONESIA,PETROL,1496.0,KURUNEGALA,BRAND NEW,2025.0,1,,LITE ACE
DUAL PURPOSE (COMMERCIAL),FORD,RANGER RAPTOR,THAILAND,PETROL,2956.0,PUTTALAM,BRAND NEW,2025.0,1,,RANGER RAPTOR
DUAL PURPOSE (COMMERCIAL),FORD,RANGER RAPTOR,THAILAND,DIESEL,1996.0,MONERAGALA,BRAND NEW,2025.0,1,,RANGER RAPTOR
MOTOR LORRY (COMMERCIAL),MITSUBISHI,FEA51ER45DSC,JAPAN,DIESEL,2998.0,GAMPAHA,BRAND NEW,2025.0,1,,FEA51ER45DSC
THREE WHEELER,TVS,KING,INDIA,PETROL,199.26,MONERAGALA,BRAND NEW,2025.0,1,,KING
MOTOR CYCLE,BNC,CHALLENGER   S 125,INDIA,ELECTRIC,1.2,GAMPAHA,BRAND NEW,2025.0,1,,CHALLENGER   S 125
MOTOR CYCLE,BNC,CHALLENGER S 125,INDIA,ELECTRIC,1.2,KURUNEGALA,BRAND NEW,2025.0,1,,CHALLENGER S 125
MOTOR CYCLE,YAMAMOTO,F2,CHINA,PETROL,125.0,GAMPAHA,BRAND NEW,2025.0,1,,F2
PRIMER MOVER,TATA,SIGNA 4018,INDIA,DIESEL,5883.0,ANURADHAPURA,BRAND NEW,2025.0,1,,SIGNA 4018
LAND VEHICLE,KUBOTA,L 4508,JAPAN,DIESEL,2197.0,GALLE,BRAND NEW,2025.0,1,,L 4508
CAR,BYD,SEALION 6 PREMIUM,CHINA,PETROL/ELE,1498.0,KURUNEGALA,BRAND NEW,2025.0,1,,SEALION 6 PREMIUM
CAR,SUZUKI,FRONX,INDIA,PETROL,998.0,AMPARA,BRAND NEW,2025.0,1,,FRONX
MOTOR LORRY (COMMERCIAL),MITSUBISHI,FUSO-FEA21ER3WDSC,JAPAN,DIESEL,2998.0,COLOMBO,BRAND NEW,2025.0,1,FUSO-FEA21ER3WDSC,Unknown
MOTOR CYCLE,SENARO,CLICK 150,SRI LANKA,PETROL,150.0,COLOMBO,BRAND NEW-L/ASSEMBLE,2025.0,40,,CLICK 150
MOTOR CYCLE,TVS,TVS XL 100,SRI LANKA,PETROL,99.7,MONERAGALA,BRAND NEW-L/ASSEMBLE,2025.0,97,,TVS XL 100
MOTOR CYCLE,TVS,TVS XL 100,SRI LANKA,PETROL,99.7,MATARA,BRAND NEW-L/ASSEMBLE,2025.0,35,,TVS XL 100
MOTOR CYCLE,TVS,TVS XL 100,SRI LANKA,PETROL,99.7,GALLE,BRAND NEW-L/ASSEMBLE,2025.0,54,,TVS XL 100
MOTOR CYCLE,SENARO,GN125,SRI LANKA,PETROL,125.0,RATNAPURA,BRAND NEW-L/ASSEMBLE,2025.0,30,,GN125
MOTOR CYCLE,TVS,TVS XL 100,SRI LANKA,PETROL,99.7,TRINCOMALEE,BRAND NEW-L/ASSEMBLE,2025.0,40,,TVS XL 100
MOTOR CYCLE,TVS,TVS XL 100,SRI LANKA,PETROL,99.7,BATTICALOA,BRAND NEW-L/ASSEMBLE,2025.0,25,,TVS XL 100
MOTOR CYCLE,TVS,TVS XL 100,SRI LANKA,PETROL,99.7,NUWARA-ELIYA,BRAND NEW-L/ASSEMBLE,2025.0,5,,TVS XL 100
MOTOR CYCLE,BAJAJ,CT 100 ES,SRI LANKA,PETROL,102.0,COLOMBO,BRAND NEW-L/ASSEMBLE,2025.0,514,,CT 100 ES
MOTOR CYCLE,BAJAJ,CT 100 ES,SRI LANKA,PETROL,102.0,KURUNEGALA,BRAND NEW-L/ASSEMBLE,2025.0,494,,CT 100 ES
MOTOR CYCLE,BAJAJ,DISCOVER 125,SRI LANKA,PETROL,124.5,KURUNEGALA,BRAND NEW-L/ASSEMBLE,2025.0,118,,DISCOVER 125
MOTOR CYCLE,BAJAJ,DISCOVER 125,SRI LANKA,PETROL,124.5,MATALE,BRAND NEW-L/ASSEMBLE,2025.0,26,,DISCOVER 125
MOTOR CYCLE,BAJAJ,DISCOVER 125,SRI LANKA,PETROL,124.5,MANNAR,BRAND NEW-L/ASSEMBLE,2025.0,16,,DISCOVER 125
MOTOR CYCLE,BAJAJ,PULSAR N160,SRI LANKA,PETROL,164.82,VAVUNIYA,BRAND NEW-L/ASSEMBLE,2025.0,9,,PULSAR N160
MOTOR LORRY (COMMERCIAL),LANKA ASHOK LEYLAND,TAURUS 2518,SRI LANKA,DIESEL,5759.0,COLOMBO,BRAND NEW-L/ASSEMBLE,2025.0,3,,TAURUS 2518
MOTOR CYCLE,RANOMOTO,MOPED SUPER,SRI LANKA,PETROL,49.0,PUTTALAM,BRAND NEW-L/ASSEMBLE,2024.0,1,,MOPED SUPER
MOTOR CYCLE,TVS,NTORQ 125,SRI LANKA,PETROL,124.8,COLOMBO,BRAND NEW-L/ASSEMBLE,2025.0,4,,NTORQ 125
MOTOR CYCLE,BAJAJ,PULSAR N160,SRI LANKA,PETROL,164.82,MANNAR,BRAND NEW-L/ASSEMBLE,2025.0,11,,PULSAR N160
MOTOR CYCLE,SENARO,GN125,SRI LANKA,PETROL,125.0,MONERAGALA,BRAND NEW-L/ASSEMBLE,2025.0,18,,GN125
MOTOR CYCLE,BAJAJ,DISCOVER 125,SRI LANKA,PETROL,124.5,KILINOCHCHI,BRAND NEW-L/ASSEMBLE,2025.0,3,,DISCOVER 125
SINGLE CAB,TATA,ACE HT2,SRI LANKA,DIESEL,702.0,RATNAPURA,BRAND NEW-L/ASSEMBLE,2025.0,1,,ACE HT2
MOTOR CYCLE,BAJAJ,PULSAR N160,SRI LANKA,PETROL,164.82,PUTTALAM,BRAND NEW-L/ASSEMBLE,2025.0,35,,PULSAR N160
MOTOR CYCLE,TVS,TVS XL 100,SRI LANKA,PETROL,99.7,KEGALLE,BRAND NEW-L/ASSEMBLE,2025.0,7,,TVS XL 100
SINGLE CAB,LANKA ASHOK LEYLAND,BADA DOST,SRI LANKA,DIESEL,1478.0,ANURADHAPURA,BRAND NEW-L/ASSEMBLE,2025.0,2,,BADA DOST
MOTOR CYCLE,RANOMOTO,MOPED SUPER,SRI LANKA,PETROL,49.0,TRINCOMALEE,BRAND NEW-L/ASSEMBLE,2024.0,1,,MOPED SUPER
CAR,DFSK,SUV,SRI LANKA,PETROL,1498.0,MATARA,BRAND NEW-L/ASSEMBLE,2025.0,1,,SUV
CAR,HYUNDAI,GRAND I10,SRI LANKA,PETROL,1197.0,COLOMBO,BRAND NEW-L/ASSEMBLE,2025.0,5,,GRAND I10
DUAL PURPOSE (COMMERCIAL),JAC,HFC1037D3,SRI LANKA,DIESEL,1999.0,KANDY,BRAND NEW-L/ASSEMBLE,2025.0,1,,HFC1037D3
CAR,CHERY,TIGGO 4 PRO,SRI LANKA,PETROL,1498.0,POLONNARUWA,BRAND NEW-L/ASSEMBLE,2025.0,1,,TIGGO 4 PRO
CAR,MAHINDRA,KUV100 NXT AMT,SRI LANKA,DIESEL,1198.0,BADULLA,BRAND NEW-L/ASSEMBLE,2025.0,2,,KUV100 NXT AMT
SINGLE CAB,TATA,ACE HT2,SRI LANKA,DIESEL,702.0,GAMPAHA,BRAND NEW-L/ASSEMBLE,2025.0,1,,ACE HT2
MOTOR CYCLE,TVS,TVS RAIDER 125,SRI LANKA,PETROL,124.79,GAMPAHA,BRAND NEW-L/ASSEMBLE,2025.0,2,,TVS RAIDER 125
MOTOR CYCLE,RANOMOTO,MOPED SUPER,SRI LANKA,PETROL,49.0,AMPARA,BRAND NEW-L/ASSEMBLE,2024.0,1,,MOPED SUPER
CAR,G.W.M.,JOLION,SRI LANKA,PETROL,1497.0,RATNAPURA,BRAND NEW-L/ASSEMBLE,2025.0,2,,JOLION
CAR,G.W.M.,JOLION,SRI LANKA,PETROL,1497.0,HAMBANTOTA,BRAND NEW-L/ASSEMBLE,2025.0,1,,JOLION
MOTOR CYCLE,LUYUAN,MYT,CHINA,PETROL,0.8,POLONNARUWA,BRAND NEW-L/ASSEMBLE,2025.0,1,,MYT
MOTOR CYCLE,SENARO,CLICK 150,SRI LANKA,PETROL,150.0,JAFFNA,BRAND NEW-L/ASSEMBLE,2025.0,1,,CLICK 150
MOTOR CYCLE,RISE,LEADER 125,SRI LANKA,PETROL,125.0,KILINOCHCHI,BRAND NEW-L/ASSEMBLE,2025.0,1,,LEADER 125
CAR,TOYOTA,5BA-A210A RAIZE,JAPAN,PETROL,996.0,ANURADHAPURA,RECONDITIONED,2024.0,1,5BA-A210A,RAIZE
CAR,SUZUKI,3BA-JB64W JIMNY,JAPAN,PETROL,658.0,KANDY,RECONDITIONED,2025.0,1,3BA-JB64W,JIMNY
CAR,TOYOTA,URBANCRUISER HYRYDER,INDIA,PETROL/ELE,1496.0,COLOMBO,RECONDITIONED,2025.0,2,,URBANCRUISER HYRYDER
CAR,SUZUKI,5AA-MK94S SPACIA,JAPAN,PETROL,658.0,MATALE,RECONDITIONED,2024.0,2,5AA-MK94S,SPACIA
CAR,AUDI,3AA-GYDLA A3,GERMANY,PETROL,996.0,COLOMBO,RECONDITIONED,2023.0,2,3AA-GYDLA,A3
CAR,TOYOTA,5BA-KSP210 YARIS,JAPAN,PETROL,996.0,JAFFNA,RECONDITIONED,2025.0,1,5BA-KSP210,YARIS
CAR,TOYOTA,5AA-A202A   RAIZE,JAPAN,ELECTRIC,78.0,KURUNEGALA,RECONDITIONED,2025.0,1,5AA-A202A,RAIZE
CAR,TOYOTA,3BA-A210A RAIZE,JAPAN,PETROL,996.0,KALUTARA,RECONDITIONED,2024.0,4,3BA-A210A,RAIZE
CAR,TOYOTA,6AA-MXPK11 AQUA,JAPAN,PETROL/ELE,1496.0,HAMBANTOTA,RECONDITIONED,2023.0,1,6AA-MXPK11,AQUA
CAR,DAIHATSU,5BA-M900S THOR,JAPAN,PETROL,996.0,GAMPAHA,RECONDITIONED,2024.0,1,5BA-M900S,THOR
CAR,TOYOTA,3BA-A210A RAIZE,JAPAN,PETROL,996.0,RATNAPURA,RECONDITIONED,2024.0,2,3BA-A210A,RAIZE
CAR,TOYOTA,3BA-A210A RAIZE,JAPAN,PETROL,996.0,RATNAPURA,RECONDITIONED,2023.0,3,3BA-A210A,RAIZE
CAR,SUZUKI,5AA-MH95S WAGON R,JAPAN,PETROL,657.0,KURUNEGALA,RECONDITIONED,2025.0,2,5AA-MH95S,WAGON R
CAR,LEXUS,6AA-MAYH10 LBX,JAPAN,PETROL/ELE,1496.0,COLOMBO,RECONDITIONED,2024.0,2,6AA-MAYH10,LBX
CAR,TOYOTA,5AA-A202A   RAIZE,JAPAN,ELECTRIC,78.0,VAVUNIYA,RECONDITIONED,2025.0,1,5AA-A202A,RAIZE
MOTOR CYCLE,YAMAHA,N-MAX,INDONESIA,PETROL,124.0,COLOMBO,RECONDITIONED,2025.0,1,,N-MAX
CAR,NISSAN,5BD-DR17V CLIPPER,JAPAN,PETROL,658.0,MATARA,RECONDITIONED,2024.0,2,5BD-DR17V,CLIPPER
CAR,TOYOTA,6AA-MXPJ10 YARIS,JAPAN,PETROL/ELE,1496.0,MATARA,RECONDITIONED,2024.0,1,6AA-MXPJ10,YARIS
CAR,MITSUBISHI,5BA-B33W E K WAGON,JAPAN,PETROL,658.0,KANDY,RECONDITIONED,2023.0,2,5BA-B33W,E K WAGON
CAR,TOYOTA,3BA-NGX10,JAPAN,PETROL,1196.0,KURUNEGALA,RECONDITIONED,2023.0,1,3BA-NGX10,CH-R
CAR,TOYOTA,YARISS CROSS,THAILAND,PETROL/ELE,1496.0,COLOMBO,RECONDITIONED,2025.0,1,,YARISS CROSS
CAR,SUZUKI,4AA-MH55S WAGON R,JAPAN,PETROL,657.0,KURUNEGALA,RECONDITIONED,2022.0,1,4AA-MH55S,WAGON R
CAR,TOYOTA,5BA-M900A ROOMY,JAPAN,PETROL,996.0,KURUNEGALA,RECONDITIONED,2022.0,4,5BA-M900A,ROOMY
CAR,TOYOTA,5BA-KSP10 YARIS,JAPAN,PETROL,996.0,AMPARA,RECONDITIONED,2025.0,1,5BA-KSP10,YARIS
CAR,SUZUKI,5BD-DA17V EVEVRY,JAPAN,PETROL,658.0,RATNAPURA,RECONDITIONED,2022.0,1,5BD-DA17V,EVEVRY
CAR,TOYOTA,5BA-KSP210  YARIS,JAPAN,PETROL,996.0,COLOMBO,RECONDITIONED,2023.0,5,5BA-KSP210,YARIS
CAR,HONDA,CR-V VTI-L7,AUSTRALIA,PETROL,1498.0,MATALE,RECONDITIONED,2025.0,1,CR-V,VTI-L7
CAR,DAIHATSU,5BA-LA900S TAFT,JAPAN,PETROL,658.0,KANDY,RECONDITIONED,2025.0,2,5BA-LA900S,TAFT
MOTOR CYCLE,HONDA,PCX125,VIETNAM,PETROL,124.0,PUTTALAM,RECONDITIONED,2025.0,2,,PCX125
CAR,TOYOTA,5BA-A201A  RAIZE,JAPAN,PETROL,1196.0,COLOMBO,RECONDITIONED,2025.0,1,5BA-A201A,RAIZE
CAR,DAIHATSU,5BA-LA350S MIRA E S,JAPAN,PETROL,658.0,COLOMBO,RECONDITIONED,2024.0,1,5BA-LA350S,MIRA E S
CAR,HONDA,6AA-RV5   VEZEL,JAPAN,PETROL/ELE,1496.0,BADULLA,RECONDITIONED,2024.0,1,6AA-RV5,VEZEL
CAR,SUZUKI,5BD-DA17V EVERY,JAPAN,PETROL,656.0,KALUTARA,RECONDITIONED,2023.0,1,5BD-DA17V,EVERY
CAR,DAIHATSU,5BA-LA900S TAFT,JAPAN,PETROL,658.0,GALLE,RECONDITIONED,2024.0,4,5BA-LA900S,TAFT
MOTOR CYCLE,YAMAHA,R15,INDIA,PETROL,155.0,TRINCOMALEE,RECONDITIONED,2023.0,1,,R15
MOTOR CYCLE,BAJAJ,PULSAR 150,INDIA,PETROL,149.0,KALUTARA,RECONDITIONED,2023.0,1,,PULSAR 150
CAR,TOYOTA,5BA-M900A ROOMY,JAPAN,PETROL,996.0,MATARA,RECONDITIONED,2023.0,4,5BA-M900A,ROOMY
CAR,TOYOTA,3BA-NGX10 CH-R,JAPAN,PETROL,1196.0,MATALE,RECONDITIONED,2023.0,1,3BA-NGX10,CH-R
MOTOR CYCLE,YAMAHA,FZS-F1-V4,INDIA,PETROL,149.0,COLOMBO,RECONDITIONED,2025.0,1,FZS-F1-V4,Unknown
CAR,SUZUKI,3BA-DA17W EVERY,JAPAN,PETROL,658.0,KANDY,RECONDITIONED,2023.0,3,3BA-DA17W,EVERY
CAR,NISSAN,4AA-B45A ROOX,JAPAN,PETROL,658.0,PUTTALAM,RECONDITIONED,2023.0,1,4AA-B45A,ROOX
CAR,NISSAN,5BD-DR17V CLIPPER,JAPAN,PETROL,656.0,KEGALLE,RECONDITIONED,2023.0,1,5BD-DR17V,CLIPPER
CAR,MAZDA,4AA-MJ55S FLAIR,JAPAN,PETROL,658.0,JAFFNA,RECONDITIONED,2023.0,1,4AA-MJ55S,FLAIR
CAR,TOYOTA,5BA-M900A  ROOMY,JAPAN,PETROL,996.0,KURUNEGALA,RECONDITIONED,2023.0,1,5BA-M900A,ROOMY
CAR,TOYOTA,5AA A202A RAIZE,JAPAN,PETROL/ELE,1196.0,KURUNEGALA,RECONDITIONED,2025.0,1,,5AA A202A RAIZE
CAR,DAIHATSU,5BA-LA900S TAFT,JAPAN,PETROL,658.0,KURUNEGALA,RECONDITIONED,2025.0,1,5BA-LA900S,TAFT
CAR,NISSAN,4AA-B45A ROOX,JAPAN,PETROL,659.0,PUTTALAM,RECONDITIONED,2024.0,1,4AA-B45A,ROOX
CAR,SUZUKI,5AA-HA97S,JAPAN,PETROL,658.0,KEGALLE,RECONDITIONED,2024.0,1,5AA-HA97S,Unknown
CAR,TOYOTA,5BA-KSP210  YARIS,JAPAN,PETROL,996.0,KURUNEGALA,RECONDITIONED,2022.0,3,5BA-KSP210,YARIS
CAR,TOYOTA,5AA-A202A RAIZE,JAPAN,ELECTRIC,78.0,KALUTARA,RECONDITIONED,2025.0,6,5AA-A202A,RAIZE
CAR,LAND ROVER,3BA-LE72XAA DEFENDER,UNITED KINGDOM,PETROL,1996.0,COLOMBO,RECONDITIONED,2023.0,1,3BA-LE72XAA,DEFENDER
CAR,TOYOTA,6AA-AAHH40W ALPHARD,JAPAN,PETROL/ELE,2487.0,POLONNARUWA,RECONDITIONED,2024.0,1,6AA-AAHH40W,ALPHARD
MOTOR CYCLE,HONDA,PCX,JAPAN,PETROL,124.0,GALLE,RECONDITIONED,2025.0,1,,PCX
CAR,HONDA,CITY RS VTEC,THAILAND,PETROL,988.0,COLOMBO,RECONDITIONED,2025.0,1,,CITY RS VTEC
CAR,DAIHATSU,5BA-LA350S MIRA,JAPAN,PETROL,650.0,COLOMBO,RECONDITIONED,2023.0,1,5BA-LA350S,MIRA
CAR,TOYOTA,6AA-MXPJ10 YARIS,JAPAN,PETROL/ELE,1490.0,GAMPAHA,RECONDITIONED,2025.0,2,6AA-MXPJ10,YARIS
MOTOR CYCLE,LIMA,LM1500 DT-68,CHINA,ELECTRIC,1.5,COLOMBO,RECONDITIONED,2024.0,1,,LM1500 DT-68
DUAL PURPOSE (COMMERCIAL),TOYOTA,REVO D-CAB ROCCO,THAILAND,DIESEL,2755.0,RATNAPURA,RECONDITIONED,2025.0,1,,REVO D-CAB ROCCO
CAR,TOYOTA,5BA-KSP210,JAPAN,PETROL,996.0,GAMPAHA,RECONDITIONED,2022.0,3,5BA-KSP210,YARIS X
CAR,SUZUKI,5AA-MH95S WAGON R,JAPAN,PETROL,658.0,KANDY,RECONDITIONED,2025.0,4,5AA-MH95S,WAGON R
CAR,SUZUKI,4AA-MK54S SPACIA,JAPAN,PETROL,658.0,COLOMBO,RECONDITIONED,2025.0,5,4AA-MK54S,SPACIA
CAR,TOYOTA,5BA-A201A RAIZE,JAPAN,PETROL,1196.0,KALUTARA,RECONDITIONED,2024.0,1,5BA-A201A,RAIZE
CAR,DAIHATSU,5BA-LA350S  MIRA E S,JAPAN,PETROL,656.0,MATALE,RECONDITIONED,2023.0,1,5BA-LA350S,MIRA E S
DUAL PURPOSE (COMMERCIAL),TOYOTA,HILUX REVO GR SPORT,THAILAND,DIESEL,2755.0,GALLE,RECONDITIONED,2025.0,1,,HILUX REVO GR SPORT
CAR,VOLKSWAGEN,3BA-C1DKR T-CROSS,GERMANY,PETROL,999.0,JAFFNA,RECONDITIONED,2023.0,1,3BA-C1DKR,T-CROSS
CAR,TOYOTA,5AA-A202A RAIZE,JAPAN,PETROL/ELE,1196.0,KANDY,RECONDITIONED,2022.0,3,5AA-A202A,RAIZE
CAR,TOYOTA,1KR-3382511 ROOMY,JAPAN,PETROL,996.0,GAMPAHA,RECONDITIONED,2023.0,1,1KR-3382511,ROOMY
CAR,NISSAN,4AA-B45W DAYZ,JAPAN,PETROL,658.0,GALLE,RECONDITIONED,2023.0,2,4AA-B45W,DAYZ
CAR,TOYOTA,3BA-VJA300W LC300,JAPAN,PETROL,3444.0,POLONNARUWA,RECONDITIONED,2024.0,1,3BA-VJA300W,LC300
CAR,TOYOTA,6AA-MXPJ10 YARIS,JAPAN,PETROL/ELE,1490.0,COLOMBO,RECONDITIONED,2023.0,6,6AA-MXPJ10,YARIS
CAR,TOYOTA,6AA-MXPJ10 YARIS,JAPAN,PETROL/ELE,1498.0,KANDY,RECONDITIONED,2022.0,1,6AA-MXPJ10,YARIS
CAR,SUZUKI,5BA-MH85S WAGON R,JAPAN,PETROL,658.0,AMPARA,RECONDITIONED,2024.0,2,5BA-MH85S,WAGON R
MOTOR CYCLE,HONDA,PCX 125,JAPAN,DIESEL,124.0,PUTTALAM,RECONDITIONED,2025.0,1,,PCX 125
CAR,NISSAN,5AA-B44A ROOX,JAPAN,PETROL,656.0,GAMPAHA,RECONDITIONED,2024.0,1,5AA-B44A,ROOX
DUAL PURPOSE (COMMERCIAL),TOYOTA,REVO D-CAB ROCCO,THAILAND,DIESEL,2755.0,PUTTALAM,RECONDITIONED,2025.0,1,,REVO D-CAB ROCCO
CAR,NISSAN,5BA-B43W DAYS,JAPAN,PETROL,658.0,KEGALLE,RECONDITIONED,2024.0,1,5BA-B43W,DAYS
CAR,HONDA,6BA-JF5 N BOX,JAPAN,PETROL,658.0,KALUTARA,RECONDITIONED,2023.0,1,6BA-JF5,N BOX
CAR,SUZUKI,5AA-MH95S WAGON R,JAPAN,PETROL,656.0,KURUNEGALA,RECONDITIONED,2025.0,1,5AA-MH95S,WAGON R
CAR,SUZUKI,5BD-DA17V EVERY,JAPAN,PETROL,656.0,KALUTARA,RECONDITIONED,2025.0,2,5BD-DA17V,EVERY
CAR,SUZUKI,5BA-MH85S WAGON  R,JAPAN,PETROL,657.0,GALLE,RECONDITIONED,2024.0,1,5BA-MH85S,WAGON  R
CAR,DAIHATSU,5BA-LA900S  TAFT,JAPAN,PETROL,658.0,COLOMBO,RECONDITIONED,2025.0,1,5BA-LA900S,TAFT
CAR,DAIHATSU,5BA-LA900S TAFT,JAPAN,PETROL,658.0,KANDY,RECONDITIONED,2024.0,4,5BA-LA900S,TAFT
CAR,TOYOTA,4BA-M900A ROOMY,JAPAN,PETROL,996.0,KALUTARA,RECONDITIONED,2025.0,1,4BA-M900A,ROOMY
MOTOR LORRY (COMMERCIAL),ISUZU,BKG-NMR85AN ELF,JAPAN,DIESEL,2990.0,KURUNEGALA,RECONDITIONED,2011.0,1,BKG-NMR85AN,ELF
CAR,TOYOTA,6AA-AZSH35  CROWN,JAPAN,PETROL/ELE,2487.0,COLOMBO,RECONDITIONED,2024.0,1,6AA-AZSH35,CROWN
CAR,DAIHATSU,5BA-LA350S MIRA,JAPAN,PETROL,658.0,HAMBANTOTA,RECONDITIONED,2023.0,1,5BA-LA350S,MIRA
TRACTOR TRAILER/BOWSER,LOCALLY BUILT,TRACTOR TRAILER,SRI LANKA,NOT STATED,0.0,MONERAGALA,RECONDITIONED,2025.0,1,,TRACTOR TRAILER
CAR,DAIHATSU,5AA-A202S ROCKY,JAPAN,PETROL/ELE,1196.0,MATARA,RECONDITIONED,2023.0,1,5AA-A202S,ROCKY
CAR,MERCEDES BENZ,C200 AMG,GERMANY,PETROL,1496.0,COLOMBO,RECONDITIONED,2024.0,1,,C200 AMG
CAR,HONDA,6AA-RV6 VEZEL,JAPAN,PETROL/ELE,1496.0,COLOMBO,RECONDITIONED,2024.0,2,6AA-RV6,VEZEL
CAR,SUZUKI,5AA-MH95S WAGON R,JAPAN,PETROL,658.0,MONERAGALA,RECONDITIONED,2025.0,5,5AA-MH95S,WAGON R
CAR,MAZDA,3BA-HB37S CAROL,JAPAN,PETROL,650.0,COLOMBO,RECONDITIONED,2023.0,1,3BA-HB37S,CAROL
CAR,SUZUKI,5AA-MK94S SPACIA,JAPAN,PETROL,658.0,GAMPAHA,RECONDITIONED,2025.0,2,5AA-MK94S,SPACIA
CAR,MITSUBISHI,5BA-B33W EK  WAGON,JAPAN,PETROL,658.0,COLOMBO,RECONDITIONED,2024.0,1,5BA-B33W,EK  WAGON
CAR,AUDI,3AA-F3DFY Q3,GERMANY,PETROL,1497.0,COLOMBO,RECONDITIONED,2023.0,2,3AA-F3DFY,Q3
CAR,SUZUKI,5AA-ZCEDS SWIFT,JAPAN,PETROL,1196.0,KEGALLE,RECONDITIONED,2023.0,1,5AA-ZCEDS,SWIFT
CAR,DAIHATSU,5BA-M900S THOR,JAPAN,PETROL,996.0,KALUTARA,RECONDITIONED,2023.0,3,5BA-M900S,THOR
MOTOR CYCLE,HONDA,PCX 160,INDONESIA,PETROL,157.0,JAFFNA,RECONDITIONED,2025.0,1,,PCX 160
CAR,HONDA,6BA-JF3 N BOX,JAPAN,PETROL,658.0,COLOMBO,RECONDITIONED,2023.0,2,6BA-JF3,N BOX
CAR,TOYOTA,4BA-M900A ROOMY,JAPAN,PETROL,996.0,RATNAPURA,RECONDITIONED,2023.0,1,4BA-M900A,ROOMY
CAR,SUZUKI,5MA-MH85S WAGON R,JAPAN,PETROL,658.0,COLOMBO,RECONDITIONED,2024.0,1,5MA-MH85S,WAGON R
MOTOR CYCLE,HONDA,PCX160,JAPAN,PETROL,160.0,KANDY,RECONDITIONED,2021.0,1,,PCX160
LAND VEHICLE,MASSEY FERGUSON,MF135,JAPAN,DIESEL,2498.0,KURUNEGALA,RECONDITIONED,2018.0,1,,MF135
CAR,TOYOTA,3BA-TRJ250,JAPAN,PETROL,2693.0,GALLE,RECONDITIONED,2024.0,2,3BA-TRJ250,Unknown
CAR,NISSAN,6AA-GFC28 SERENA,JAPAN,PETROL/ELE,120.0,GAMPAHA,RECONDITIONED,2024.0,1,6AA-GFC28,SERENA
CAR,SUZUKI,4AA-MH55S WAGON R,JAPAN,PETROL,658.0,JAFFNA,RECONDITIONED,2023.0,1,4AA-MH55S,WAGON R
MOTOR LORRY (COMMERCIAL),ISUZU,TRG-NPR85AN ELF,JAPAN,DIESEL,2990.0,HAMBANTOTA,RECONDITIONED,2019.0,1,TRG-NPR85AN,ELF
MOTOR LORRY (COMMERCIAL),ISUZU,TRG-NLR85AR ELF,JAPAN,DIESEL,2990.0,NUWARA-ELIYA,RECONDITIONED,2017.0,1,TRG-NLR85AR,ELF
CAR,TOYOTA,URBAN CRUISER TAISOR,INDIA,PETROL,998.0,RATNAPURA,RECONDITIONED,2024.0,2,,URBAN CRUISER TAISOR
CAR,NISSAN,5BA-B43W DAYZ,JAPAN,PETROL,658.0,ANURADHAPURA,RECONDITIONED,2023.0,1,5BA-B43W,DAYZ
CAR,TOYOTA,6AA-AZSH36W CROWN,JAPAN,PETROL/ELE,2487.0,COLOMBO,RECONDITIONED,2024.0,1,6AA-AZSH36W,CROWN
CAR,SUZUKI,5AA-MK94S,JAPAN,PETROL,657.0,GAMPAHA,RECONDITIONED,2024.0,1,5AA-MK94S,SPECIA
CAR,TOYOTA,6AA-MXPJ10,JAPAN,PETROL/ELE,1496.0,MATARA,RECONDITIONED,2023.0,1,6AA-MXPJ10,CROSS
CAR,NISSAN,5AA-B44W DAYZ,JAPAN,PETROL,659.0,GALLE,RECONDITIONED,2024.0,1,5AA-B44W,DAYZ
CAR,TOYOTA,5BA-M900A,JAPAN,PETROL,996.0,GALLE,RECONDITIONED,2022.0,1,5BA-M900A,Unknown
COMMERCIAL,TOYOTA,3DF-GDH223B HIACE,JAPAN,DIESEL,2754.0,TRINCOMALEE,RECONDITIONED,2025.0,1,3DF-GDH223B,HIACE
SPECIAL PURPOSE VEHICLE,MITSUBISHI,WS200A WHEEL LOADER,JAPAN,DIESEL,2400.0,MONERAGALA,RECONDITIONED,2014.0,1,,WS200A WHEEL LOADER
CAR,SUZUKI,4AA-MN71S X BEE,JAPAN,PETROL,990.0,GAMPAHA,RECONDITIONED,2022.0,1,4AA-MN71S,X BEE
CAR,TOYOTA,6AA-AXUH80 HARRIER,JAPAN,PETROL/ELE,2500.0,COLOMBO,RECONDITIONED,2025.0,1,6AA-AXUH80,HARRIER
CAR,TOYOTA,4BA-M900A ROOMY,JAPAN,PETROL,996.0,GAMPAHA,RECONDITIONED,2023.0,3,4BA-M900A,ROOMY
CAR,DAIHATSU,5BA-LA350S  MIRA,JAPAN,PETROL,658.0,GAMPAHA,RECONDITIONED,2023.0,2,5BA-LA350S,MIRA
CAR,AUDI,A3 S LINE 30 TSFI,GERMANY,PETROL,999.0,RATNAPURA,RECONDITIONED,2023.0,1,,A3 S LINE 30 TSFI
CAR,HONDA,6AA RV5 VEZEL,JAPAN,PETROL/ELE,1496.0,MATARA,RECONDITIONED,2025.0,4,,6AA RV5 VEZEL
CAR,TOYOTA,6AA-MXPJ10 YARIS,JAPAN,PETROL/ELE,1496.0,GALLE,RECONDITIONED,2023.0,2,6AA-MXPJ10,YARIS
CAR,SUZUKI,4AA-MH55S WAGON R,JAPAN,PETROL/ELE,658.0,POLONNARUWA,RECONDITIONED,2023.0,1,4AA-MH55S,WAGON R
CAR,SUZUKI,5BD-DA17V,JAPAN,PETROL,658.0,COLOMBO,RECONDITIONED,2023.0,1,5BD-DA17V,EVEVRY
CAR,TOYOTA,5BA-M910A ROOMY,JAPAN,PETROL,996.0,KANDY,RECONDITIONED,2024.0,1,5BA-M910A,ROOMY
MOTOR LORRY (COMMERCIAL),MITSUBISHI,TKG-FBA60 CANTER,JAPAN,DIESEL,2990.0,KANDY,RECONDITIONED,2014.0,1,TKG-FBA60,CANTER
MOTOR CYCLE,HONDA,PCX 125,VIETNAM,PETROL,124.0,KANDY,RECONDITIONED,2025.0,1,,PCX 125
CAR,HONDA,6BA-JH3 N WGN CUSTOM,JAPAN,PETROL,658.0,GALLE,RECONDITIONED,2023.0,1,6BA-JH3,N WGN CUSTOM
CAR,TOYOTA,6AA-2WR90W VOXY,JAPAN,PETROL/ELE,1797.0,COLOMBO,RECONDITIONED,2025.0,1,6AA-2WR90W,VOXY
CAR,DAIHATSU,5BA-LA360S MIRA E S,JAPAN,PETROL,658.0,RATNAPURA,RECONDITIONED,2023.0,1,5BA-LA360S,MIRA E S
CAR,TOYOTA,YARIS CROSS,THAILAND,PETROL/ELE,1496.0,JAFFNA,RECONDITIONED,2025.0,1,,YARIS CROSS
CAR,NISSAN,5BD-DR17V CLIPPER,JAPAN,PETROL,658.0,KANDY,RECONDITIONED,2023.0,1,5BD-DR17V,CLIPPER
MOTOR CYCLE,HONDA,PCX125,JAPAN,PETROL,124.0,ANURADHAPURA,RECONDITIONED,2025.0,1,,PCX125
CAR,TOYOTA,6AA-MXPJ15 YARIS,JAPAN,PETROL/ELE,1496.0,GALLE,RECONDITIONED,2023.0,1,6AA-MXPJ15,YARIS
CAR,SUZUKI,5AA-MH95S WAGON R,JAPAN,PETROL,656.0,GALLE,RECONDITIONED,2025.0,1,5AA-MH95S,WAGON R
CAR,TOYOTA,6AA-MXPK11,JAPAN,PETROL/ELE,1496.0,GALLE,RECONDITIONED,2024.0,1,6AA-MXPK11,AQUA
CAR,NISSAN,5BD-BR17V CLIPPER,JAPAN,PETROL,658.0,GAMPAHA,RECONDITIONED,2025.0,1,5BD-BR17V,CLIPPER
CAR,TOYOTA,3BA-TRJ150W,JAPAN,PETROL,2693.0,JAFFNA,RECONDITIONED,2023.0,1,3BA-TRJ150W,PRADO
CAR,MITSUBISHI,4AA-B35W EKX,JAPAN,PETROL,650.0,RATNAPURA,RECONDITIONED,2023.0,1,4AA-B35W,EKX
CAR,TOYOTA,3BA-A210A RAIZE,JAPAN,PETROL,996.0,KANDY,RECONDITIONED,2025.0,3,3BA-A210A,RAIZE
CAR,LAND ROVER,RANGE ROVER EVOQUE,UNITED KINGDOM,PETROL/ELE,1498.0,GAMPAHA,RECONDITIONED,2024.0,1,,RANGE ROVER EVOQUE
CAR,DAIHATSU,5AA-A202S ROCKY,JAPAN,ELECTRIC,78.0,KANDY,RECONDITIONED,2022.0,1,5AA-A202S,ROCKY
CAR,HONDA,6AA-RV5 VEZEL,JAPAN,PETROL/ELE,1490.0,COLOMBO,RECONDITIONED,2025.0,2,6AA-RV5,VEZEL
CAR,SUZUKI,3BA DA17W EVERY,JAPAN,PETROL,658.0,KANDY,RECONDITIONED,2025.0,1,,3BA DA17W EVERY
SPECIAL PURPOSE VEHICLE,KOMATSU,510 WHEEL LOADER,JAPAN,DIESEL,3290.0,BATTICALOA,RECONDITIONED,2018.0,1,,510 WHEEL LOADER
CAR,TOYOTA,5AA-A202A RAIZE,JAPAN,PETROL/ELE,78.0,KANDY,RECONDITIONED,2022.0,2,5AA-A202A,RAIZE
CAR,TOYOTA,6AA - ZWR90W VOXY,JAPAN,PETROL/ELE,1797.0,COLOMBO,RECONDITIONED,2025.0,1,,6AA - ZWR90W VOXY
MOTOR CYCLE,HONDA,PCX,JAPAN,PETROL,124.0,GAMPAHA,RECONDITIONED,2025.0,3,,PCX
CAR,TOYOTA,5BA-KSP210  YARIS,JAPAN,PETROL,996.0,GALLE,RECONDITIONED,2023.0,1,5BA-KSP210,YARIS
CAR,TOYOTA,4BA-M900A ROOMY,JAPAN,PETROL,996.0,KALUTARA,RECONDITIONED,2022.0,1,4BA-M900A,ROOMY
DUAL PURPOSE (COMMERCIAL),TOYOTA,HILUX REVO ROCCO,THAILAND,DIESEL,2755.0,POLONNARUWA,RECONDITIONED,2025.0,2,,HILUX REVO ROCCO
DUAL PURPOSE (COMMERCIAL),TOYOTA,3DF-GUN125 HILUX,JAPAN,DIESEL,2393.0,COLOMBO,RECONDITIONED,2024.0,1,3DF-GUN125,HILUX
CAR,NISSAN,4AA-B45A ROOX,JAPAN,PETROL,658.0,TRINCOMALEE,RECONDITIONED,2023.0,1,4AA-B45A,ROOX
CAR,TOYOTA,URBAN CRUISER TAISOR,INDIA,PETROL,998.0,BADULLA,RECONDITIONED,2025.0,1,,URBAN CRUISER TAISOR
CAR,NISSAN,5BA-B43W,JAPAN,PETROL,658.0,KEGALLE,RECONDITIONED,2023.0,1,5BA-B43W,DAYZ
CAR,TOYOTA,3BA-A210A RAIZE,JAPAN,PETROL,996.0,KEGALLE,RECONDITIONED,2024.0,1,3BA-A210A,RAIZE
CAR,SUZUKI,5BD-DA17V EVERY,JAPAN,PETROL,656.0,ANURADHAPURA,RECONDITIONED,2024.0,1,5BD-DA17V,EVERY
CAR,SUZUKI,5BD-DA17V EVERY,JAPAN,PETROL,658.0,TRINCOMALEE,RECONDITIONED,2024.0,1,5BD-DA17V,EVERY
SPECIAL PURPOSE VEHICLE,CAT,910H WHEEL LOADER,JAPAN,DIESEL,3800.0,ANURADHAPURA,RECONDITIONED,2014.0,1,,910H WHEEL LOADER
PRIMER MOVER,RENAULT,T 460,FRANCE,DIESEL,10837.0,KURUNEGALA,RECONDITIONED,2020.0,1,,T 460
DUAL PURPOSE (COMMERCIAL),FORD,RANGER WILDTRAK,THAILAND,DIESEL,2993.0,KURUNEGALA,RECONDITIONED,2024.0,1,,RANGER WILDTRAK
CAR,SUZUKI,5AA-MK94S SPACIA,JAPAN,PETROL,658.0,KEGALLE,RECONDITIONED,2024.0,1,5AA-MK94S,SPACIA
MOTOR LORRY (COMMERCIAL),ISUZU,TPG-NPR85AN ELF,JAPAN,DIESEL,2990.0,COLOMBO,RECONDITIONED,2016.0,1,TPG-NPR85AN,ELF
CAR,SUZUKI,5BA-MH85S WAGON R,JAPAN,PETROL,658.0,ANURADHAPURA,RECONDITIONED,2023.0,4,5BA-MH85S,WAGON R
CAR,NISSAN,4AA-B45A ROOX,JAPAN,PETROL,650.0,COLOMBO,RECONDITIONED,2024.0,1,4AA-B45A,ROOX
CAR,SUZUKI,5AA-MK94S SPACIA,JAPAN,PETROL,658.0,POLONNARUWA,RECONDITIONED,2024.0,1,5AA-MK94S,SPACIA
CAR,NISSAN,5BD-DR17V CLIPPER,JAPAN,PETROL,658.0,KURUNEGALA,RECONDITIONED,2023.0,1,5BD-DR17V,CLIPPER
SINGLE CAB,DAIHATSU,3BD-S500P HIJET,JAPAN,PETROL,656.0,KURUNEGALA,RECONDITIONED,2024.0,1,3BD-S500P,HIJET
DUAL PURPOSE (COMMERCIAL),TOYOTA,3DF-GUN125 HILUX,THAILAND,DIESEL,2393.0,PUTTALAM,RECONDITIONED,2023.0,1,3DF-GUN125,HILUX
CAR,TOYOTA,3BA-A210A  RAIZE,JAPAN,PETROL,996.0,MONERAGALA,RECONDITIONED,2025.0,1,3BA-A210A,RAIZE
CAR,DAIHATSU,3BA-LA150S MOVE,JAPAN,PETROL,658.0,BADULLA,RECONDITIONED,2023.0,1,3BA-LA150S,MOVE
CAR,MITSUBISHI,5AA-B34W EK X,JAPAN,PETROL/ELE,658.0,GAMPAHA,RECONDITIONED,2025.0,1,5AA-B34W,EK X
CAR,MITSUBISHI,5AA-B34W EK X,JAPAN,PETROL,659.0,KALUTARA,RECONDITIONED,2023.0,1,5AA-B34W,EK X
CAR,TOYOTA,5BA-A201A RAIZE,JAPAN,PETROL,1196.0,MATARA,RECONDITIONED,2023.0,1,5BA-A201A,RAIZE
CAR,SUZUKI,5AA-MK53S SPACIA,JAPAN,PETROL,658.0,GALLE,RECONDITIONED,2022.0,1,5AA-MK53S,SPACIA
CAR,HONDA,6AA-RV5  VEZEL,JAPAN,PETROL/ELE,1496.0,RATNAPURA,RECONDITIONED,2023.0,1,6AA-RV5,VEZEL
MOTOR CYCLE,HONDA,PCX 160,THAILAND,PETROL,157.0,COLOMBO,RECONDITIONED,2025.0,4,,PCX 160
MOTOR CYCLE,HONDA,PCX-160,THAILAND,PETROL,157.0,COLOMBO,RECONDITIONED,2025.0,1,PCX-160,Unknown
CAR,HONDA,6AA RV5 VEZEL,JAPAN,PETROL/ELE,1496.0,RATNAPURA,RECONDITIONED,2025.0,1,,6AA RV5 VEZEL
CAR,KIA,SONET G1.0T,INDIA,PETROL,998.0,KANDY,RECONDITIONED,2025.0,1,,SONET G1.0T
CAR,DAIHATSU,5BA-LA350S MIRA E.S,JAPAN,PETROL,658.0,KANDY,RECONDITIONED,2024.0,1,5BA-LA350S,MIRA E.S
CAR,DAIHATSU,5BA-LA850S  CANBUS,JAPAN,PETROL,658.0,MATALE,RECONDITIONED,2023.0,1,5BA-LA850S,CANBUS
CAR,MITSUBISHI,5BA-B33W EK WAGON,JAPAN,PETROL,659.0,GAMPAHA,RECONDITIONED,2024.0,1,5BA-B33W,EK WAGON
CAR,TOYOTA,3BA-TRJ150W PRADO,JAPAN,PETROL,2693.0,MATARA,RECONDITIONED,2023.0,1,3BA-TRJ150W,PRADO
CAR,TOYOTA,5BA-A201A RAIZE,JAPAN,PETROL,1190.0,GALLE,RECONDITIONED,2024.0,1,5BA-A201A,RAIZE
DUAL PURPOSE (COMMERCIAL),MITSUBISHI,TRITON ATHLETE,THAILAND,DIESEL,2442.0,GAMPAHA,RECONDITIONED,2025.0,1,,TRITON ATHLETE
MOTOR CYCLE,HONDA,PCX160 ABS,INDONESIA,PETROL,160.0,COLOMBO,RECONDITIONED,2025.0,1,,PCX160 ABS
CAR,PORSCHE,PANAMARA 4E HYBRID,GERMANY,PETROL/ELE,2894.0,COLOMBO,RECONDITIONED,2024.0,1,,PANAMARA 4E HYBRID
CAR,LAND ROVER,RANGE ROVER  P460E,UNITED KINGDOM,PETROL/ELE,2996.0,COLOMBO,RECONDITIONED,2025.0,1,,RANGE ROVER  P460E
CAR,TOYOTA,5BA-A201A RAIZE,JAPAN,PETROL,1196.0,POLONNARUWA,RECONDITIONED,2024.0,1,5BA-A201A,RAIZE
CAR,SUZUKI,4AA-MK54S SPACIA,JAPAN,PETROL,658.0,AMPARA,RECONDITIONED,2024.0,2,4AA-MK54S,SPACIA
CAR,TOYOTA,5BA-KSP210 YARIS,JAPAN,PETROL,996.0,ANURADHAPURA,RECONDITIONED,2024.0,1,5BA-KSP210,YARIS
CAR,TOYOTA,5BA-KSP210,JAPAN,PETROL,998.0,HAMBANTOTA,RECONDITIONED,2025.0,1,5BA-KSP210,YARIS X
CAR,DAIHATSU,5BA-LA360S MIRA E.S,JAPAN,PETROL,658.0,COLOMBO,RECONDITIONED,2023.0,1,5BA-LA360S,MIRA E.S
CAR,HONDA,6AA-RV5 VEZEL,JAPAN,PETROL/ELE,1496.0,MONERAGALA,RECONDITIONED,2025.0,2,6AA-RV5,VEZEL
CAR,SUZUKI,5AA-MH95S WAGON R,JAPAN,PETROL,650.0,MATARA,RECONDITIONED,2025.0,1,5AA-MH95S,WAGON R
CAR,DAIHATSU,5BA-LA350S MIRA ES,JAPAN,PETROL,658.0,BATTICALOA,RECONDITIONED,2025.0,1,5BA-LA350S,MIRA ES
DUAL PURPOSE (COMMERCIAL),TOYOTA,HOLUX REVO ROCCO,THAILAND,DIESEL,2755.0,KURUNEGALA,RECONDITIONED,2025.0,1,,HOLUX REVO ROCCO
COMMERCIAL,TOYOTA,KDH223R-LEMDYT HIACE,JAPAN,DIESEL,2982.0,COLOMBO,RECONDITIONED,2025.0,1,,KDH223R-LEMDYT HIACE
CAR,TOYOTA,5BA-A201A,JAPAN,PETROL,1196.0,KALUTARA,RECONDITIONED,2025.0,1,5BA-A201A,Unknown
CAR,TOYOTA,3BA- A210A RAIZE,JAPAN,PETROL,996.0,COLOMBO,RECONDITIONED,2024.0,1,,3BA- A210A RAIZE
CAR,MITSUBISHI,5BA-B33W EK WAGON,JAPAN,PETROL,659.0,BADULLA,RECONDITIONED,2023.0,1,5BA-B33W,EK WAGON
COMMERCIAL,TOYOTA,3DF-GDH223B,JAPAN,DIESEL,2754.0,GAMPAHA,RECONDITIONED,2023.0,1,3DF-GDH223B,HIACE
CAR,HONDA,CR-V VTIL7,AUSTRALIA,PETROL,1498.0,COLOMBO,RECONDITIONED,2024.0,1,CR-V,VTIL7
CAR,SUZUKI,5AA-HA-97S ALTO,JAPAN,PETROL,657.0,GAMPAHA,RECONDITIONED,2024.0,1,5AA-HA-97S,ALTO
CAR,TOYOTA,3BA-TRJ250W,JAPAN,PETROL,2693.0,KANDY,RECONDITIONED,2025.0,3,3BA-TRJ250W,VX
CAR,TOYOTA,6AA-MXPK11 AQUA,JAPAN,PETROL/ELE,1496.0,KALUTARA,RECONDITIONED,2023.0,1,6AA-MXPK11,AQUA
CAR,TOYOTA,4BA-M900A ROOMY,JAPAN,PETROL,996.0,TRINCOMALEE,RECONDITIONED,2023.0,1,4BA-M900A,ROOMY
CAR,TOYOTA,6AA-MXPJ10  YARIS,JAPAN,PETROL/ELE,1496.0,KANDY,RECONDITIONED,2023.0,1,6AA-MXPJ10,YARIS
CAR,SUZUKI,5AA-MK94S SPACIA,JAPAN,PETROL,657.0,GAMPAHA,RECONDITIONED,2024.0,1,5AA-MK94S,SPACIA
CAR,DAIHATSU,5BA-LA350S MIRA,JAPAN,PETROL,658.0,HAMBANTOTA,RECONDITIONED,2025.0,1,5BA-LA350S,MIRA
MOTOR LORRY (COMMERCIAL),ISUZU,NPR66L,JAPAN,DIESEL,4330.0,KANDY,RECONDITIONED,1993.0,1,,NPR66L
CAR,KIA,SONET,INDIA,PETROL,998.0,BATTICALOA,RECONDITIONED,2025.0,1,,SONET
MOTOR CYCLE,YADIA,YD800DQT-30A,CHINA,ELECTRIC,0.8,GAMPAHA,RECONDITIONED,2025.0,1,,YD800DQT-30A
CAR,TOYOTA,5BA M900A ROOMY,JAPAN,PETROL,996.0,KURUNEGALA,RECONDITIONED,2023.0,1,,5BA M900A ROOMY
MOTOR CYCLE,HONDA,PCX160,INDONESIA,PETROL,157.0,COLOMBO,RECONDITIONED,2025.0,1,,PCX160
CAR,SUZUKI,5AA-MK94S SPACIA,JAPAN,PETROL,658.0,PUTTALAM,RECONDITIONED,2024.0,1,5AA-MK94S,SPACIA
CAR,AUDI,3AA GYDLA A3,JAPAN,PETROL,999.0,GALLE,RECONDITIONED,2023.0,1,,3AA GYDLA A3
CAR,TOYOTA,5AA-A202A RAIZE,JAPAN,ELECTRIC,1196.0,RATNAPURA,RECONDITIONED,2025.0,1,5AA-A202A,RAIZE
MOTOR LORRY (COMMERCIAL),ISUZU,TPG-NPR85AN ELF,JAPAN,DIESEL,2990.0,HAMBANTOTA,RECONDITIONED,2017.0,1,TPG-NPR85AN,ELF
CAR,SUZUKI,5AA-MR92S HUSTLER,JAPAN,PETROL,658.0,KEGALLE,RECONDITIONED,2024.0,1,5AA-MR92S,HUSTLER
CAR,TOYOTA,6AA-MXWH60 PRIUS,JAPAN,PETROL/ELE,1980.0,MATARA,RECONDITIONED,2024.0,1,6AA-MXWH60,PRIUS
CAR,TOYOTA,3BD-S700M PIXIS VAN,JAPAN,PETROL,656.0,GAMPAHA,RECONDITIONED,2023.0,1,3BD-S700M,PIXIS VAN
CAR,DAIHATSU,5BA-LA350S MIRA ES,JAPAN,PETROL,658.0,AMPARA,RECONDITIONED,2025.0,1,5BA-LA350S,MIRA ES
CAR,AUDI,3AA-GYDLA  A3,GERMANY,PETROL,996.0,KURUNEGALA,RECONDITIONED,2023.0,1,3AA-GYDLA,A3
CAR,KIA,SORENTO,AUSTRALIA,PETROL/ELE,1598.0,GAMPAHA,RECONDITIONED,2025.0,1,,SORENTO
CAR,MERCEDES BENZ,5AA-206043C C200,GERMANY,PETROL,1494.0,COLOMBO,RECONDITIONED,2022.0,1,5AA-206043C,C200
CAR,SUZUKI,5BA-MH85S WAGON R,JAPAN,PETROL,658.0,BADULLA,RECONDITIONED,2025.0,1,5BA-MH85S,WAGON R
CAR,TOYOTA,6BA-MXUA80 HARRIER,JAPAN,PETROL,1986.0,KURUNEGALA,RECONDITIONED,2023.0,1,6BA-MXUA80,HARRIER
CAR,NISSAN,5AA-B44W DAYZ,JAPAN,PETROL,658.0,GAMPAHA,RECONDITIONED,2025.0,1,5AA-B44W,DAYZ
CAR,SUZUKI,5AA-MR92S HUSTLER,JAPAN,PETROL,657.0,COLOMBO,RECONDITIONED,2024.0,1,5AA-MR92S,HUSTLER
CAR,MITSUBISHI,5BA-B33W  EK WAGON,JAPAN,PETROL,659.0,COLOMBO,RECONDITIONED,2023.0,1,5BA-B33W,EK WAGON
DUAL PURPOSE (COMMERCIAL),TOYOTA,3DF-GUN125 HILUX,THAILAND,DIESEL,2393.0,KEGALLE,RECONDITIONED,2024.0,1,3DF-GUN125,HILUX
CAR,TOYOTA,5AA-A202A RAIZE,JAPAN,ELECTRIC,78.0,NUWARA-ELIYA,RECONDITIONED,2025.0,1,5AA-A202A,RAIZE
CAR,TOYOTA,5BA-A201A RAIZE,JAPAN,PETROL,1196.0,GAMPAHA,RECONDITIONED,2025.0,1,5BA-A201A,RAIZE
CAR,TOYOTA,6AA MXPJ10 YARIS,JAPAN,PETROL/ELE,1490.0,COLOMBO,RECONDITIONED,2023.0,1,,6AA MXPJ10 YARIS
CAR,TOYOTA,5BA KSP210 YARIS,JAPAN,PETROL,996.0,KURUNEGALA,RECONDITIONED,2025.0,1,,5BA KSP210 YARIS
CAR,MAZDA,3BA-DG17W,JAPAN,PETROL,658.0,KANDY,RECONDITIONED,2023.0,1,3BA-DG17W,Unknown
CAR,HONDA,6AA-RV5 VEZEL,JAPAN,PETROL/ELE,1498.0,COLOMBO,RECONDITIONED,2023.0,1,6AA-RV5,VEZEL
CAR,DAIHATSU,5BA-LA350S MIRA ES,JAPAN,PETROL,658.0,POLONNARUWA,RECONDITIONED,2024.0,1,5BA-LA350S,MIRA ES
CAR,MERCEDES BENZ,4AA-247684M  GLB180,GERMANY,PETROL,1332.0,RATNAPURA,RECONDITIONED,2024.0,1,4AA-247684M,GLB180
CAR,TOYOTA,6AA-MXPL10G,JAPAN,PETROL/ELE,1496.0,KANDY,RECONDITIONED,2023.0,1,6AA-MXPL10G,SIENTA
CAR,MERCEDES BENZ,5AA-206041C,GERMANY,PETROL,1494.0,KALUTARA,RECONDITIONED,2022.0,1,5AA-206041C,C180
CAR,TOYOTA,RARIS CROSS,THAILAND,PETROL/ELE,1496.0,KANDY,RECONDITIONED,2025.0,1,,RARIS CROSS
CAR,HONDA,6BA-JF3  N-BOX,JAPAN,PETROL,659.0,GAMPAHA,RECONDITIONED,2022.0,1,6BA-JF3,N-BOX
MOTOR CYCLE,HONDA,PCX125,JAPAN,PETROL,124.0,COLOMBO,RECONDITIONED,2024.0,1,,PCX125
CAR,TOYOTA,3BA-A210A RAIZE,JAPAN,PETROL,998.0,GAMPAHA,RECONDITIONED,2023.0,1,3BA-A210A,RAIZE
CAR,TOYOTA,3BA-TRJ250W,JAPAN,PETROL,2693.0,KEGALLE,RECONDITIONED,2024.0,1,3BA-TRJ250W,VX
CAR,MITSUBISHI,5BA-B33W EK WAGON,JAPAN,PETROL,658.0,NUWARA-ELIYA,RECONDITIONED,2024.0,1,5BA-B33W,EK WAGON
CAR,VOLKSWAGEN,3BA-AWDLA POLO TSI,GERMANY,PETROL,998.0,COLOMBO,RECONDITIONED,2022.0,1,3BA-AWDLA,POLO TSI
CAR,SUZUKI,5AA-MK53S SPACIA,JAPAN,PETROL,660.0,KURUNEGALA,RECONDITIONED,2023.0,1,5AA-MK53S,SPACIA
MOTOR CYCLE,RISE,LEADER R80 V2.0,SRI LANKA,ELECTRIC,1.5,VAVUNIYA,BRAND NEW-L/MANUFACT,2025.0,1,,LEADER R80 V2.0
TRACTOR TRAILER/BOWSER,LOCALLY BUILT,TRACTOR  TRAILER,SRI LANKA,NOT STATED,0.0,MONERAGALA,LOCALLY ASSEMBLED,2025.0,1,,TRACTOR  TRAILER
MOTOR CYCLE,RISE,LEADER R80 V2.0,SRI LANKA,ELECTRIC,1.5,KURUNEGALA,BRAND NEW-L/MANUFACT,2025.0,2,,LEADER R80 V2.0
MOTOR CYCLE,RISE,LEADER 125,SRI LANKA,PETROL,125.0,RATNAPURA,BRAND NEW-L/MANUFACT,2025.0,1,,LEADER 125
MOTOR CYCLE,RISE,LEADER V 2.0,SRI LANKA,ELECTRIC,1.2,AMPARA,BRAND NEW-L/MANUFACT,2025.0,2,,LEADER V 2.0
THREE WHEELER,ELEKTRATEQ,ETX,SRI LANKA,ELECTRIC,5.0,KANDY,BRAND NEW-L/MANUFACT,2025.0,1,,ETX
TRACTOR TRAILER/BOWSER,LOCALLY BUILT,TRACTOR  TRAILER,SRI LANKA,NOT STATED,0.0,KURUNEGALA,LOCALLY BUILT,2025.0,1,,TRACTOR  TRAILER
TRACTOR TRAILER/BOWSER,LOCALLY BUILT,TRACTOR  TRAILER,SRI LANKA,NOT STATED,0.0,GAMPAHA,LOCALLY BUILT,2025.0,3,,TRACTOR  TRAILER
TRACTOR TRAILER/BOWSER,LOCALLY BUILT,TRACTOR TRAILER,SRI LANKA,NOT STATED,0.0,GALLE,LOCALLY BUILT,2025.0,2,,TRACTOR TRAILER
LORRY TRAILER/BOWSER,TANTRI,TSK-40,SRI LANKA,NOT STATED,0.0,KURUNEGALA,LOCALLY BUILT,2025.0,1,TSK-40,Unknown
THREE WHEELER,TVS,KING,INDIA,PETROL,199.26,JAFFNA,BOUGHT FROM AUCTION,2025.0,1,,KING
MOTOR CYCLE,TVS,TVS NTORQ 125 CC,INDIA,PETROL,124.8,NUWARA-ELIYA,BRAND NEW,2025.0,71,,TVS NTORQ 125 CC
MOTOR CYCLE,TVS,TVS RAIDER 125,INDIA,PETROL,124.66,AMPARA,BRAND NEW,2025.0,30,,TVS RAIDER 125
MOTOR CYCLE,TVS,TVS RAIDER 125,INDIA,PETROL,124.66,KILINOCHCHI,BRAND NEW,2025.0,6,,TVS RAIDER 125
MOTOR CYCLE,YAMAHA,YZF R15 VER 4.0,INDIA,PETROL,155.0,KILINOCHCHI,BRAND NEW,2025.0,21,,YZF R15 VER 4.0
MOTOR CYCLE,YAMAHA,RAY ZRSTREETRALLY125,INDIA,PETROL,125.0,KALUTARA,BRAND NEW,2025.0,26,,RAY ZRSTREETRALLY125
MOTOR CYCLE,TVS,TVS NTORQ 125 CC,INDIA,PETROL,124.8,MANNAR,BRAND NEW,2025.0,26,,TVS NTORQ 125 CC
MOTOR CYCLE,YAMAHA,RAY ZR,INDIA,PETROL,113.0,BATTICALOA,BRAND NEW,2025.0,30,,RAY ZR
MOTOR CYCLE,YAMAHA,FZ S FI VER 4.0,INDIA,PETROL,149.0,AMPARA,BRAND NEW,2025.0,30,,FZ S FI VER 4.0
CAR,HYUNDAI,SANTAFE,SOUTH KOREA,PETROL/ELE,1598.0,COLOMBO,BRAND NEW,2025.0,3,,SANTAFE
MOTOR CYCLE,YAMAHA,RAY ZR 125,INDIA,PETROL,125.0,GAMPAHA,BRAND NEW,2025.0,36,,RAY ZR 125
MOTOR CYCLE,HONDA,DIO STD,INDIA,PETROL,109.0,MATALE,BRAND NEW,2025.0,15,,DIO STD
MOTOR CYCLE,HONDA,DIO STD,INDIA,PETROL,109.0,RATNAPURA,BRAND NEW,2025.0,73,,DIO STD
MOTOR CYCLE,HONDA,DIO DLX,INDIA,PETROL,109.0,MONERAGALA,BRAND NEW,2025.0,39,,DIO DLX
MOTOR CYCLE,BAJAJ,PULSAR N 125,INDIA,PETROL,124.58,MATALE,BRAND NEW,2025.0,8,,PULSAR N 125
CAR,BYD,ATTO3-ADVANCED,CHINA,ELECTRIC,100.0,COLOMBO,BRAND NEW,2025.0,4,ATTO3-ADVANCED,Unknown
MOTOR CYCLE,BAJAJ,PULSAR N 160,INDIA,PETROL,164.32,ANURADHAPURA,BRAND NEW,2025.0,91,,PULSAR N 160
MOTOR CYCLE,BAJAJ,PULSAR N 125,INDIA,PETROL,124.58,KURUNEGALA,BRAND NEW,2025.0,70,,PULSAR N 125
MOTOR CYCLE,BAJAJ,PULSAR NS 200,INDIA,PETROL,199.5,BADULLA,BRAND NEW,2025.0,53,,PULSAR NS 200
MOTOR CYCLE,BAJAJ,PULSAR N 160,INDIA,PETROL,164.32,NUWARA-ELIYA,BRAND NEW,2025.0,35,,PULSAR N 160
MOTOR LORRY (COMMERCIAL),JAC,HFC1120P7,CHINA,DIESEL,4460.0,GAMPAHA,BRAND NEW,2025.0,1,,HFC1120P7
THREE WHEELER,BAJAJ,RE 4S AUTORICKSHAW,INDIA,PETROL,237.0,KANDY,BRAND NEW,2025.0,138,,RE 4S AUTORICKSHAW
MOTOR CYCLE,BAJAJ,PULSAR N 160,INDIA,PETROL,164.32,MANNAR,BRAND NEW,2025.0,17,,PULSAR N 160
MOTOR CYCLE,HERO,HUNK 160,INDIA,PETROL,163.14,MONERAGALA,BRAND NEW,2025.0,14,,HUNK 160
MOTOR CYCLE,HERO,HUNK 160,INDIA,PETROL,163.14,KURUNEGALA,BRAND NEW,2025.0,54,,HUNK 160
MOTOR LORRY (COMMERCIAL),J M C,JMT5040XLCXC2,CHINA,DIESEL,2771.0,COLOMBO,BRAND NEW,2025.0,1,,JMT5040XLCXC2
DUAL PURPOSE (COMMERCIAL),MITSUBISHI,LC1TJLHGCR L200,THAILAND,DIESEL,2442.0,NUWARA-ELIYA,BRAND NEW,2025.0,1,,LC1TJLHGCR L200
CAR,NISSAN,MAGNITE TEKNA PLUS,INDIA,PETROL,999.0,MATALE,BRAND NEW,2025.0,5,,MAGNITE TEKNA PLUS
SINGLE CAB,TATA,ACE HT2,INDIA,DIESEL,702.0,JAFFNA,BRAND NEW,2025.0,4,,ACE HT2
CAR,MITSUBISHI,NC1WXRPGRV1,INDONESIA,PETROL,1499.0,PUTTALAM,BRAND NEW,2025.0,1,,NC1WXRPGRV1
CAR,MITSUBISHI,NC1WXRPGRV1,INDONESIA,PETROL,1499.0,COLOMBO,BRAND NEW,2025.0,4,,NC1WXRPGRV1
CAR,NISSAN,MAGNITE ACENTA BR10,INDIA,PETROL,999.0,ANURADHAPURA,BRAND NEW,2025.0,3,,MAGNITE ACENTA BR10
MOTOR CYCLE,TVS,IQUBE,INDIA,ELECTRIC,3.34,KANDY,BRAND NEW,2025.0,4,,IQUBE
CAR,PORSCHE,MACAN T,GERMANY,PETROL,1984.0,COLOMBO,BRAND NEW,2025.0,1,,MACAN T
MOTOR CYCLE,DIMEN,D60,CHINA,ELECTRIC,1.2,ANURADHAPURA,BRAND NEW,2025.0,1,,D60
MOTOR CYCLE,YAMAHA,RAY ZR,INDIA,PETROL,113.0,JAFFNA,BRAND NEW,2025.0,1,,RAY ZR
MOTOR CYCLE,RANOMOTO,FLASH,CHINA,PETROL,79.0,KALUTARA,BRAND NEW,2025.0,4,,FLASH
MOTOR CYCLE,AIMA,MANA,CHINA,ELECTRIC,1.5,KEGALLE,BRAND NEW,2025.0,1,,MANA
MOTOR CYCLE,AIMA,BREEZY,CHINA,ELECTRIC,0.8,HAMBANTOTA,BRAND NEW,2025.0,12,,BREEZY
MOTOR CYCLE,BAJAJ,PULSAR N 160,INDIA,PETROL,164.32,KANDY,BRAND NEW,2025.0,32,,PULSAR N 160
MOTOR CYCLE,BAJAJ,PULSAR N 160,INDIA,PETROL,164.32,BATTICALOA,BRAND NEW,2025.0,49,,PULSAR N 160
DUAL PURPOSE (COMMERCIAL),BYD,SHARK 6,CHINA,PETROL/ELE,1498.0,MATALE,BRAND NEW,2025.0,1,,SHARK 6
LAND VEHICLE,MAHINDRA,YUVO TECH PLUS 575DI,INDIA,DIESEL,2979.0,VAVUNIYA,BRAND NEW,2025.0,13,,YUVO TECH PLUS 575DI
CAR,TOYOTA,A250RA-GBVV RAIZE,INDONESIA,PETROL,998.0,KANDY,BRAND NEW,2025.0,18,,A250RA-GBVV RAIZE
MOTOR CYCLE,AIMA,LIBERTY,CHINA,ELECTRIC,1.2,KILINOCHCHI,BRAND NEW,2025.0,1,,LIBERTY
COMMERCIAL,EICHER,10.75H SKYLINE,INDIA,DIESEL,3298.0,COLOMBO,BRAND NEW,2025.0,2,,10.75H SKYLINE
MOTOR CYCLE,YAMAHA,YZF R15 VER 4.0,INDIA,PETROL,155.0,KEGALLE,BRAND NEW,2025.0,4,,YZF R15 VER 4.0
MOTOR CYCLE,YAMAHA,RAY ZR 125,INDIA,PETROL,125.0,invalid mannar,BRAND NEW,2025.0,1,,RAY ZR 125
MOTOR CYCLE,HERO,HF-DELUXE,INDIA,PETROL,97.2,MANNAR,BRAND NEW,2025.0,14,HF-DELUXE,Unknown
CAR,GAC,AION ES,CHINA,ELECTRIC,100.0,COLOMBO,BRAND NEW,2025.0,1,,AION ES
MOTOR CYCLE,BAJAJ,PULSAR N 125,INDIA,PETROL,124.58,AMPARA,BRAND NEW,2025.0,15,,PULSAR N 125
DUAL PURPOSE (COMMERCIAL),TOYOTA,GUN126R-DTT5X  HILUX,THAILAND,DIESEL,2755.0,COLOMBO,BRAND NEW,2025.0,1,,GUN126R-DTT5X  HILUX
MOTOR CYCLE,TMR QUANLE,Q1,CHINA,ELECTRIC,1.2,KURUNEGALA,BRAND NEW,2025.0,1,,Q1
MOTOR CYCLE,TMR QUANLE,XGW,CHINA,ELECTRIC,1.2,MATALE,BRAND NEW,2025.0,3,,XGW
MOTOR CYCLE,TMR QUANLE,XGW,CHINA,ELECTRIC,1.2,GAMPAHA,BRAND NEW,2025.0,8,,XGW
THREE WHEELER,PIAGGIO,APE AUTO DX,INDIA,DIESEL,435.0,RATNAPURA,BRAND NEW,2025.0,7,,APE AUTO DX
MOTOR CYCLE,HONDA,DIO DLX,INDIA,PETROL,109.0,BATTICALOA,BRAND NEW,2025.0,33,,DIO DLX
CAR,DAIHATSU,5BA-A201S ROCKY,JAPAN,PETROL,1196.0,COLOMBO,BRAND NEW,2025.0,1,5BA-A201S,ROCKY
CAR,TOYOTA,A250RA-GBVV RAIZE,INDONESIA,PETROL,998.0,GALLE,BRAND NEW,2025.0,10,,A250RA-GBVV RAIZE
COMMERCIAL,SUNLONG,SK09M24,CHINA,DIESEL,7800.0,COLOMBO,BRAND NEW,2024.0,1,,SK09M24
CAR,TATA,CURVV,INDIA,PETROL,1199.0,COLOMBO,BRAND NEW,2025.0,3,,CURVV
LAND VEHICLE,SWARAJ,855,INDIA,DIESEL,3478.2,VAVUNIYA,BRAND NEW,2025.0,4,,855
MOTOR CYCLE,LUYUAN,MNK3,CHINA,ELECTRIC,1.5,RATNAPURA,BRAND NEW,2025.0,8,,MNK3
MOTOR CYCLE,LUYUAN,MNK3,CHINA,ELECTRIC,1.5,PUTTALAM,BRAND NEW,2025.0,10,,MNK3
THREE WHEELER,BAJAJ,RE 4S AUTORICKSHAW,INDIA,PETROL,237.0,MONERAGALA,BRAND NEW,2025.0,27,,RE 4S AUTORICKSHAW
MOTOR CYCLE,AIMA,MANA,CHINA,ELECTRIC,1.5,MONERAGALA,BRAND NEW,2025.0,3,,MANA
MOTOR CYCLE,YAMAHA,FZ S FI VER 4.0,INDIA,PETROL,149.0,GALLE,BRAND NEW,2025.0,9,,FZ S FI VER 4.0
LAND VEHICLE,TAFE,45DI,INDIA,DIESEL,2700.0,RATNAPURA,BRAND NEW,2025.0,2,,45DI
MOTOR CYCLE,YADEA,T 9,CHINA,ELECTRIC,2.0,GALLE,BRAND NEW,2025.0,16,,T 9
LAND VEHICLE,MAHINDRA,575 DI SP PLUS,INDIA,DIESEL,2979.0,BATTICALOA,BRAND NEW,2025.0,1,,575 DI SP PLUS
MOTOR CYCLE,NWOW,SE,CHINA,ELECTRIC,0.8,KALUTARA,BRAND NEW,2024.0,1,,SE
MOTOR CYCLE,LUYUAN,MYT,CHINA,ELECTRIC,0.8,MONERAGALA,BRAND NEW,2025.0,7,,MYT
MOTOR CYCLE,LUYUAN,MYT,CHINA,ELECTRIC,0.8,BADULLA,BRAND NEW,2025.0,1,,MYT
MOTOR CYCLE,YADEA,EPOC H,CHINA,ELECTRIC,2.0,PUTTALAM,BRAND NEW,2025.0,9,,EPOC H
MOTOR CYCLE,ATHER,450X,INDIA,ELECTRIC,3.0,BATTICALOA,BRAND NEW,2025.0,1,,450X
DUAL PURPOSE (COMMERCIAL),BYD,SHARK 6,CHINA,PETROL/ELE,1498.0,COLOMBO,BRAND NEW,2025.0,11,,SHARK 6
CAR,BYD,SEAL-COMFORT,CHINA,ELECTRIC,100.0,COLOMBO,BRAND NEW,2025.0,7,SEAL-COMFORT,Unknown
LAND VEHICLE,SONALIKA,DI-50RX-4WD,INDIA,DIESEL,3067.0,PUTTALAM,BRAND NEW,2024.0,1,DI-50RX-4WD,Unknown
MOTOR CYCLE,YAMAHA,YZF R15 VER 4.0,INDIA,PETROL,155.0,KALUTARA,BRAND NEW,2025.0,6,,YZF R15 VER 4.0
COMMERCIAL,TOYOTA,HIACE-GDH301R-GDTDY,JAPAN,DIESEL,2755.0,GAMPAHA,BRAND NEW,2025.0,15,HIACE-GDH301R-GDTDY,Unknown
CAR,NISSAN,MAGNITE TEKNA PLUS,INDIA,PETROL,999.0,PUTTALAM,BRAND NEW,2025.0,2,,MAGNITE TEKNA PLUS
MOTOR CYCLE,GOEASY,SIVIKA,CHINA,ELECTRIC,2.0,COLOMBO,BRAND NEW,2025.0,1,,SIVIKA
MOTOR CYCLE,YADEA,YD EM 151,CHINA,ELECTRIC,1.2,AMPARA,BRAND NEW,2017.0,1,,YD EM 151
MOTOR CYCLE,AIMA,BREEZY,CHINA,ELECTRIC,0.8,GAMPAHA,BRAND NEW,2025.0,4,,BREEZY
MOTOR CYCLE,AIMA,BREEZY,CHINA,ELECTRIC,0.8,MATALE,BRAND NEW,2025.0,1,,BREEZY
MOTOR CYCLE,RANOMOTO,FLASH,CHINA,PETROL,79.0,KEGALLE,BRAND NEW,2025.0,1,,FLASH
MOTOR CYCLE,ATHER,450X,INDIA,ELECTRIC,3.0,MATARA,BRAND NEW,2025.0,3,,450X
COMMERCIAL,TOYOTA,KDH223R-LEMDYT HIACE,JAPAN,DIESEL,2982.0,RATNAPURA,BRAND NEW,2025.0,1,,KDH223R-LEMDYT HIACE
MOTOR CYCLE,BAJAJ,PULSAR NS 400 Z,INDIA,PETROL,373.27,COLOMBO,BRAND NEW,2025.0,1,,PULSAR NS 400 Z
CAR,CHANGAN,S 07,CHINA,ELECTRIC,99.0,KALUTARA,BRAND NEW,2025.0,1,,S 07
MOTOR CYCLE,YAMAHA,RAY ZR,INDIA,PETROL,113.0,ANURADHAPURA,BRAND NEW,2025.0,6,,RAY ZR
DUAL PURPOSE (COMMERCIAL),MAZDA,BT-50-TFS5WF-25MY,THAILAND,DIESEL,2999.0,COLOMBO,BRAND NEW,2025.0,1,BT-50-TFS5WF-25MY,Unknown
MOTOR CYCLE,YADEA,RUIBIN,CHINA,ELECTRIC,0.8,NUWARA-ELIYA,BRAND NEW,2025.0,1,,RUIBIN
MOTOR CYCLE,YADEA,T5,CHINA,ELECTRIC,1.2,KEGALLE,BRAND NEW,2025.0,12,,T5
CAR,NISSAN,MAGNITE TEKNA PLUS,INDIA,PETROL,999.0,HAMBANTOTA,BRAND NEW,2025.0,4,,MAGNITE TEKNA PLUS
CAR,SUZUKI,FRONX,INDIA,PETROL,998.0,JAFFNA,BRAND NEW,2025.0,2,,FRONX
CAR,SUZUKI,FRONX,INDIA,PETROL,998.0,ANURADHAPURA,BRAND NEW,2025.0,6,,FRONX
SINGLE CAB,MAHINDRA,BOLERO CITY PICKUP,INDIA,DIESEL,2523.0,VAVUNIYA,BRAND NEW,2025.0,7,,BOLERO CITY PICKUP
SINGLE CAB,MAHINDRA,BOLERO CITY PICKUP,INDIA,DIESEL,2523.0,MULLATIVU,BRAND NEW,2025.0,3,,BOLERO CITY PICKUP
CAR,CHERY,TIGGO 9,CHINA,PETROL/ELE,1499.0,GAMPAHA,BRAND NEW,2025.0,1,,TIGGO 9
LAND VEHICLE,LOVOL,P504-3,CHINA,DIESEL,2189.0,GAMPAHA,BRAND NEW,2025.0,1,P504-3,Unknown
MOTOR LORRY (COMMERCIAL),TATA,LPT-2518,INDIA,DIESEL,5883.0,COLOMBO,BRAND NEW,2025.0,1,LPT-2518,Unknown
SPECIAL PURPOSE VEHICLE,CATERPILLAR,426,INDIA,DIESEL,4400.0,GAMPAHA,BRAND NEW,2025.0,1,,426
THREE WHEELER,TVS,KING,INDIA,PETROL,199.26,KALUTARA,BRAND NEW,2025.0,15,,KING
COMMERCIAL,TATA,ULTRA PRIME LPO 8.6,INDIA,DIESEL,3300.0,MATARA,BRAND NEW,2025.0,1,,ULTRA PRIME LPO 8.6
PRIMER MOVER,TATA,SIGNA 4018,INDIA,DIESEL,5883.0,GAMPAHA,BRAND NEW,2025.0,8,,SIGNA 4018
THREE WHEELER,PIAGGIO,APE AUTO DX,INDIA,DIESEL,435.0,KEGALLE,BRAND NEW,2025.0,4,,APE AUTO DX
MOTOR CYCLE,TVS,IQUBE,INDIA,ELECTRIC,3.34,KEGALLE,BRAND NEW,2025.0,6,,IQUBE
MOTOR CYCLE,LUYUAN,MNK3,CHINA,ELECTRIC,1.5,HAMBANTOTA,BRAND NEW,2025.0,5,,MNK3
MOTOR CYCLE,LUYUAN ALFA,MKK-Z23E-12-C,CHINA,ELECTRIC,1.2,ANURADHAPURA,BRAND NEW,2025.0,2,MKK-Z23E-12-C,Unknown
MOTOR CYCLE,LUYUAN,MYT,CHINA,ELECTRIC,0.8,HAMBANTOTA,BRAND NEW,2025.0,1,,MYT
MOTOR CYCLE,AIMA,BREEZY,CHINA,ELECTRIC,0.8,KURUNEGALA,BRAND NEW,2025.0,23,,BREEZY
LAND VEHICLE (SMALL),VIKYNO,RV125-2,VIETNAM,DIESEL,624.0,GAMPAHA,BRAND NEW,2025.0,1,RV125-2,Unknown
MOTOR CYCLE,NWOW,TK 10,CHINA,ELECTRIC,0.8,COLOMBO,BRAND NEW,2022.0,1,,TK 10
THREE WHEELER,TVS,KING,INDIA,PETROL,199.26,PUTTALAM,BRAND NEW,2025.0,5,,KING
THREE WHEELER,NWOW,ERVS4 PLUS,CHINA,ELECTRIC,0.8,KEGALLE,BRAND NEW,2025.0,2,,ERVS4 PLUS
CAR,BYD,ATTO3-ADVANCED,CHINA,ELECTRIC,100.0,GAMPAHA,BRAND NEW,2025.0,1,ATTO3-ADVANCED,Unknown
MOTOR CYCLE,YADEA,EPOC H,CHINA,ELECTRIC,2.0,MATARA,BRAND NEW,2025.0,1,,EPOC H
MOTOR CYCLE,YADEA,EPOC H,CHINA,ELECTRIC,2.0,KURUNEGALA,BRAND NEW,2025.0,8,,EPOC H
MOTOR CYCLE,AIMA,LIBERTY,CHINA,ELECTRIC,1.2,GAMPAHA,BRAND NEW,2025.0,1,,LIBERTY
MOTOR CYCLE,HERO,XTREME 125 R,INDIA,PETROL,124.7,MULLATIVU,BRAND NEW,2025.0,5,,XTREME 125 R
CAR,PERODUA,AXIA CG1GZ,MALAYSIA,PETROL,998.0,RATNAPURA,BRAND NEW,2025.0,1,,AXIA CG1GZ
CAR,CHANGAN,S05,THAILAND,ELECTRIC,99.0,KANDY,BRAND NEW,2025.0,1,,S05
CAR,BYD,SEALION 6 SUPERIOR,CHINA,PETROL/ELE,1498.0,VAVUNIYA,BRAND NEW,2025.0,2,,SEALION 6 SUPERIOR
LAND VEHICLE,JOHN DEERE,5047D,INDIA,DIESEL,2940.0,POLONNARUWA,BRAND NEW,2025.0,4,,5047D
LAND VEHICLE (SMALL),FARM MASTER,RV125-2,CHINA,DIESEL,624.0,POLONNARUWA,BRAND NEW,2024.0,1,RV125-2,Unknown
DUAL PURPOSE (COMMERCIAL),ISUZU,TFS4XJDRPADE-JRA006,THAILAND,DIESEL,2999.0,GAMPAHA,BRAND NEW,2025.0,1,,TFS4XJDRPADE-JRA006
MOTOR CYCLE,REVOLT,RV BLAZE X,INDIA,ELECTRIC,3.0,GAMPAHA,BRAND NEW,2025.0,1,,RV BLAZE X
MOTOR CYCLE,LUYUAN ALFA,MKK-Z23E-12-C,CHINA,ELECTRIC,1.2,MATARA,BRAND NEW,2025.0,1,MKK-Z23E-12-C,Unknown
MOTOR CYCLE,BAJAJ,PULSAR N 125,INDIA,PETROL,124.58,POLONNARUWA,BRAND NEW,2025.0,10,,PULSAR N 125
LAND VEHICLE (SMALL),NUBOTA VIKYNO,K80,VIETNAM,DIESEL,443.0,MATALE,BRAND NEW,2024.0,1,,K80
COMMERCIAL,TATA,LP 712,INDIA,DIESEL,3783.0,KEGALLE,BRAND NEW,2025.0,2,,LP 712
CAR,DONGFENG,BOX E3,CHINA,ELECTRIC,50.0,KANDY,BRAND NEW,2025.0,1,,BOX E3
CAR,BAW,E7,CHINA,ELECTRIC,30.0,HAMBANTOTA,BRAND NEW,2025.0,1,,E7
LAND VEHICLE,MAHINDRA,YUVO TECH PLUS 585DI,INDIA,DIESEL,2979.0,JAFFNA,BRAND NEW,2025.0,4,,YUVO TECH PLUS 585DI
MOTOR LORRY (COMMERCIAL),MITSUBISHI,FECXIHR4SDSC,JAPAN,DIESEL,2998.0,COLOMBO,BRAND NEW,2025.0,1,,FECXIHR4SDSC
MOTOR LORRY (COMMERCIAL),MITSUBISHI,FEB71GRWDSC,JAPAN,DIESEL,2998.0,COLOMBO,BRAND NEW,2025.0,1,,FEB71GRWDSC
MOTOR LORRY (COMMERCIAL),ISUZU,FTR34UU-PDN,JAPAN,DIESEL,7790.0,COLOMBO,BRAND NEW,2025.0,3,,FTR34UU-PDN
MOTOR LORRY (COMMERCIAL),MITSUBISHI,FECXIHR4SDSC,JAPAN,DIESEL,0.0,PUTTALAM,BRAND NEW,2025.0,1,,FECXIHR4SDSC
MOTOR CYCLE,LIMA,EL07,CHINA,ELECTRIC,1.5,KANDY,BRAND NEW,2024.0,1,,EL07
CAR,BYD,SEALION 6 PREMIUM,CHINA,PETROL/ELE,1498.0,GAMPAHA,BRAND NEW,2025.0,1,,SEALION 6 PREMIUM
MOTOR CYCLE,YAMAHA,MT 15 VER 2.0,INDIA,PETROL,155.0,MATALE,BRAND NEW,2025.0,3,,MT 15 VER 2.0
MOTOR CYCLE,YADEA,M6,CHINA,ELECTRIC,1.2,RATNAPURA,BRAND NEW,2025.0,1,,M6
CAR,NISSAN,MAGNITE TEKNA PLUS,INDIA,PETROL,999.0,MONERAGALA,BRAND NEW,2025.0,1,,MAGNITE TEKNA PLUS
LAND VEHICLE,SOLIS,5020,INDIA,DIESEL,3067.0,ANURADHAPURA,BRAND NEW,2024.0,2,,5020
LAND VEHICLE,YANMAR,YM358R,THAILAND,DIESEL,3319.0,GAMPAHA,BRAND NEW,2025.0,1,,YM358R
LAND VEHICLE,SWARAJ,855,INDIA,DIESEL,3478.2,JAFFNA,BRAND NEW,2025.0,2,,855
MOTOR CYCLE,HUAIHAI,ZL9,CHINA,ELECTRIC,1.5,GAMPAHA,BRAND NEW,2025.0,1,,ZL9
CAR,MERCEDES BENZ,GLC 200 MATIC,GERMANY,PETROL,1999.0,PUTTALAM,BRAND NEW,2025.0,1,,GLC 200 MATIC
MOTOR CYCLE,TAKASHI,ES PRO PLUS,CHINA,ELECTRIC,1.5,KALUTARA,BRAND NEW,2025.0,1,,ES PRO PLUS
MOTOR CYCLE,TAKASHI,ES LITE,CHINA,ELECTRIC,1.2,RATNAPURA,BRAND NEW,2025.0,1,,ES LITE
MOTOR CYCLE,SOLID,G6,CHINA,ELECTRIC,1.5,MONERAGALA,BRAND NEW,2025.0,1,,G6
DUAL PURPOSE (COMMERCIAL),TOYOTA,HILUX GUN125R-DTTLX,THAILAND,DIESEL,2393.0,GAMPAHA,BRAND NEW,2025.0,3,,HILUX GUN125R-DTTLX
DUAL PURPOSE (COMMERCIAL),TOYOTA,GUN126R-DTTHX  HILUX,THAILAND,DIESEL,2755.0,MATALE,BRAND NEW,2025.0,1,,GUN126R-DTTHX  HILUX
LAND VEHICLE,JOHN DEERE,5045D,INDIA,DIESEL,2940.0,POLONNARUWA,BRAND NEW,2025.0,2,,5045D
CAR,MAXUS,MIFA 09,CHINA,ELECTRIC,180.0,COLOMBO,BRAND NEW,2025.0,1,,MIFA 09
MOTOR CYCLE,SOLID,S9,CHINA,ELECTRIC,2.0,KURUNEGALA,BRAND NEW,2025.0,4,,S9
MOTOR CYCLE,ROYAL ENFIELD,CLASSIC 350,INDIA,PETROL,349.0,TRINCOMALEE,BRAND NEW,2025.0,2,,CLASSIC 350
MOTOR CYCLE,SUPER SOCO,TS STREET HUNTER,CHINA,ELECTRIC,2.5,GALLE,BRAND NEW,2025.0,1,,TS STREET HUNTER
MOTOR LORRY (COMMERCIAL),ISUZU,FIR34UU-PDN,JAPAN,DIESEL,7790.0,COLOMBO,BRAND NEW,2025.0,1,,FIR34UU-PDN
LAND VEHICLE,SONALIKA,D150RX-2WD,INDIA,DIESEL,2893.0,MATALE,BRAND NEW,2025.0,1,,D150RX-2WD
MOTOR CYCLE,AIMA,BREEZY,CHINA,ELECTRIC,0.8,BADULLA,BRAND NEW,2025.0,2,,BREEZY
LAND VEHICLE (SMALL),FARM MASTER,RV125-2,CHINA,DIESEL,624.0,PUTTALAM,BRAND NEW,2025.0,1,RV125-2,Unknown
COMMERCIAL,HYUNDAI,STARIA,SOUTH KOREA,PETROL,3470.0,COLOMBO,BRAND NEW,2025.0,1,,STARIA
MOTOR CYCLE,LIMA,EL07,CHINA,ELECTRIC,1.5,BATTICALOA,BRAND NEW,2025.0,1,,EL07
SPECIAL PURPOSE VEHICLE,J.C.B,3DX BACKHOE LOADER,INDIA,DIESEL,4400.0,MANNAR,BRAND NEW,2025.0,1,,3DX BACKHOE LOADER
CAR,BYD,SEALION 6 PREMIUM,CHINA,PETROL/ELE,1498.0,KEGALLE,BRAND NEW,2025.0,1,,SEALION 6 PREMIUM
CAR,GAC,AION V PREMIUM,CHINA,ELECTRIC,100.0,COLOMBO,BRAND NEW,2025.0,4,,AION V PREMIUM
MOTOR CYCLE,HERO,HF-DELUXE,INDIA,PETROL,97.2,GALLE,BRAND NEW,2025.0,8,HF-DELUXE,Unknown
CAR,TOYOTA,WIGO A350RA GBNE,INDONESIA,PETROL,998.0,GALLE,BRAND NEW,2025.0,1,,WIGO A350RA GBNE
CAR,TOYOTA,WIGO A350RA GBNE,INDONESIA,PETROL,998.0,MATARA,BRAND NEW,2025.0,2,,WIGO A350RA GBNE
MOTOR CYCLE,HERO,XTREME 125 R,INDIA,PETROL,124.7,KILINOCHCHI,BRAND NEW,2025.0,7,,XTREME 125 R
CAR,NISSAN,MAGNITE N-CONNECTA,INDIA,PETROL,999.0,PUTTALAM,BRAND NEW,2025.0,1,,MAGNITE N-CONNECTA
MOTOR CYCLE,AIMA,LIBERTY,CHINA,ELECTRIC,1.2,BADULLA,BRAND NEW,2025.0,3,,LIBERTY
CAR,MITSUBISHI,NC1WLRPGR X PANDER,INDONESIA,PETROL,1499.0,MATALE,BRAND NEW,2025.0,1,,NC1WLRPGR X PANDER
MOTOR TRICYCLE VAN,PIAGGIO,APE-XTRA-DX,INDIA,DIESEL,435.0,GAMPAHA,BRAND NEW,2025.0,6,APE-XTRA-DX,Unknown
CAR,GAC,AION V LUXURY,CHINA,ELECTRIC,100.0,RATNAPURA,BRAND NEW,2025.0,1,,AION V LUXURY
MOTOR LORRY (COMMERCIAL),MITSUBISHI,FECX1ER4SDSC,JAPAN,DIESEL,2998.0,GALLE,BRAND NEW,2025.0,1,,FECX1ER4SDSC
CAR,DONG FENG,FRIDAY EV,CHINA,ELECTRIC,99.0,GAMPAHA,BRAND NEW,2025.0,1,,FRIDAY EV
CAR,WULING,BINGUO,INDONESIA,ELECTRIC,50.0,GALLE,BRAND NEW,2025.0,2,,BINGUO
SINGLE CAB,TATA,SUPER ACE,INDIA,DIESEL,1396.0,GAMPAHA,BRAND NEW,2025.0,1,,SUPER ACE
MOTOR CYCLE,ATHER,450X,INDIA,ELECTRIC,3.0,MANNAR,BRAND NEW,2025.0,1,,450X
CAR,WULING,CLOUD EV,INDONESIA,ELECTRIC,100.0,MONERAGALA,BRAND NEW,2025.0,2,,CLOUD EV
MOTOR CYCLE,TMR QUANLE,G18,CHINA,ELECTRIC,2.0,AMPARA,BRAND NEW,2025.0,1,,G18
MOTOR CYCLE,LUYUAN,MNK3,CHINA,ELECTRIC,1.5,GALLE,BRAND NEW,2025.0,1,,MNK3
MOTOR CYCLE,MM,CRUISER  V.1,CHINA,ELECTRIC,2.0,GAMPAHA,BRAND NEW,2024.0,1,,CRUISER  V.1
CAR,TOYOTA,NYC200R-DHXHBF,INDONESIA,PETROL/ELE,1496.0,GAMPAHA,BRAND NEW,2025.0,2,,NYC200R-DHXHBF
MOTOR CYCLE,LUYUAN ALFA,MKK-Z23E-12-C,CHINA,ELECTRIC,1.2,MATALE,BRAND NEW,2025.0,1,MKK-Z23E-12-C,Unknown
MOTOR CYCLE,AIMA,MANA,CHINA,ELECTRIC,1.5,BADULLA,BRAND NEW,2025.0,1,,MANA
COMMERCIAL,FORCE,URBANIA,INDIA,DIESEL,2596.0,GAMPAHA,BRAND NEW,2025.0,2,,URBANIA
COMMERCIAL,TOYOTA,HIACE-GDH301R-GDTDY,JAPAN,DIESEL,2755.0,KANDY,BRAND NEW,2025.0,1,HIACE-GDH301R-GDTDY,Unknown
CAR,MERCEDES BENZ,GLB 200,MEXICO,PETROL,1332.0,BATTICALOA,BRAND NEW,2025.0,1,,GLB 200
CAR,TOYOTA,F800RE-GQGF RUSH,INDONESIA,PETROL,1496.0,KURUNEGALA,BRAND NEW,2025.0,1,,F800RE-GQGF RUSH
MOTOR CYCLE,HERO,XOOM-110,INDIA,PETROL,110.9,RATNAPURA,BRAND NEW,2002.0,1,XOOM-110,Unknown
MOTOR LORRY (COMMERCIAL),MITSUBISHI,FECX1HR4SDSC,JAPAN,DIESEL,2998.0,KEGALLE,BRAND NEW,2025.0,1,,FECX1HR4SDSC
LAND VEHICLE (SMALL),FARM MASTER,RV125-2,CHINA,DIESEL,624.0,MATALE,BRAND NEW,2024.0,1,RV125-2,Unknown
MOTOR CYCLE,BAJAJ,PULSAR N 160,INDIA,PETROL,164.82,MATALE,BRAND NEW,2025.0,1,,PULSAR N 160
LAND VEHICLE,KUBOTA,L 4508,JAPAN,DIESEL,2197.0,MANNAR,BRAND NEW,2025.0,1,,L 4508
LAND VEHICLE,KUBOTA,L 4508,JAPAN,DIESEL,2197.0,BADULLA,BRAND NEW,2025.0,1,,L 4508
MOTOR CYCLE,ATHER,450X,INDIA,ELECTRIC,3.0,KILINOCHCHI,BRAND NEW,2025.0,1,,450X
LAND VEHICLE,TAFE,45DI,INDIA,DIESEL,2700.0,COLOMBO,BRAND NEW,2025.0,2,,45DI
COMMERCIAL,LANKA ASHOK LEYLAND,VIKING SUPER LUXURY,INDIA,DIESEL,5760.0,COLOMBO,BRAND NEW,2025.0,1,,VIKING SUPER LUXURY
CAR,MERCEDES BENZ,S 500L-4MATIC,GERMANY,PETROL,2999.0,COLOMBO,BRAND NEW,2023.0,1,,S 500L-4MATIC
COMMERCIAL,FOTON,BJ6946,CHINA,DIESEL,7700.0,KURUNEGALA,BRAND NEW,2025.0,1,,BJ6946
MOTOR TRICYCLE VAN,NWOW,ERVS4D,CHINA,ELECTRIC,0.8,GAMPAHA,BRAND NEW,2025.0,1,,ERVS4D
MOTOR CYCLE,TVS,TVS XL 100,SRI LANKA,PETROL,99.7,KURUNEGALA,BRAND NEW-L/ASSEMBLE,2025.0,257,,TVS XL 100
MOTOR CYCLE,TVS,TVS XL 100,SRI LANKA,PETROL,99.7,ANURADHAPURA,BRAND NEW-L/ASSEMBLE,2025.0,415,,TVS XL 100
MOTOR CYCLE,TVS,TVS XL 100,SRI LANKA,PETROL,99.7,KILINOCHCHI,BRAND NEW-L/ASSEMBLE,2025.0,20,,TVS XL 100
MOTOR CYCLE,SENARO,CLICK 150,SRI LANKA,PETROL,150.0,KEGALLE,BRAND NEW-L/ASSEMBLE,2025.0,2,,CLICK 150
MOTOR CYCLE,TVS,TVS XL 100,SRI LANKA,PETROL,99.7,VAVUNIYA,BRAND NEW-L/ASSEMBLE,2025.0,8,,TVS XL 100
MOTOR CYCLE,BAJAJ,DISCOVER 125,SRI LANKA,PETROL,124.5,COLOMBO,BRAND NEW-L/ASSEMBLE,2025.0,161,,DISCOVER 125
MOTOR CYCLE,BAJAJ,CT 100 ES,SRI LANKA,PETROL,102.0,KILINOCHCHI,BRAND NEW-L/ASSEMBLE,2025.0,21,,CT 100 ES
MOTOR CYCLE,BAJAJ,DISCOVER 125,SRI LANKA,PETROL,124.5,MULLATIVU,BRAND NEW-L/ASSEMBLE,2025.0,8,,DISCOVER 125
SINGLE CAB,TATA,ACE HT2,SRI LANKA,DIESEL,702.0,COLOMBO,BRAND NEW-L/ASSEMBLE,2025.0,3,,ACE HT2
MOTOR CYCLE,BAJAJ,PULSAR N160,SRI LANKA,PETROL,164.82,KEGALLE,BRAND NEW-L/ASSEMBLE,2025.0,26,,PULSAR N160
DUAL PURPOSE (COMMERCIAL),JAC,HFC1037D3,SRI LANKA,DIESEL,1999.0,GAMPAHA,BRAND NEW-L/ASSEMBLE,2025.0,7,,HFC1037D3
SINGLE CAB,LANKA ASHOK LEYLAND,BADA DOST,SRI LANKA,DIESEL,1478.0,POLONNARUWA,BRAND NEW-L/ASSEMBLE,2025.0,1,,BADA DOST
SINGLE CAB,LANKA ASHOK LEYLAND,DOST,SRI LANKA,DIESEL,1478.0,RATNAPURA,BRAND NEW-L/ASSEMBLE,2025.0,3,,DOST
MOTOR LORRY (COMMERCIAL),LANKA ASHOK LEYLAND,TUSKER SUPER 1618,SRI LANKA,DIESEL,5759.0,BADULLA,BRAND NEW-L/ASSEMBLE,2025.0,1,,TUSKER SUPER 1618
MOTOR CYCLE,RANOMOTO,MOPED SUPER,SRI LANKA,PETROL,49.0,POLONNARUWA,BRAND NEW-L/ASSEMBLE,2024.0,1,,MOPED SUPER
MOTOR LORRY (COMMERCIAL),LANKA ASHOK LEYLAND,TUSKER SUPER,SRI LANKA,DIESEL,5759.0,COLOMBO,BRAND NEW-L/ASSEMBLE,2025.0,1,,TUSKER SUPER
CAR,HYUNDAI,GRAND I10,SRI LANKA,PETROL,1197.0,GAMPAHA,BRAND NEW-L/ASSEMBLE,2025.0,1,,GRAND I10
CAR,TOYOTA,YARIS ATIV,THAILAND,PETROL,1197.0,KURUNEGALA,RECONDITIONED,2025.0,4,,YARIS ATIV
CAR,SUZUKI,5AA-MX91S WAGON R,JAPAN,PETROL,650.0,KANDY,RECONDITIONED,2023.0,1,5AA-MX91S,WAGON R
MOTOR CYCLE,HONDA,PCX 160,JAPAN,PETROL,156.0,KURUNEGALA,RECONDITIONED,2025.0,1,,PCX 160
CAR,TOYOTA,5BA-A201A RAIZE,JAPAN,PETROL,1196.0,COLOMBO,RECONDITIONED,2025.0,2,5BA-A201A,RAIZE
CAR,SUZUKI,4AA-MN71S XBEE,JAPAN,PETROL,996.0,GAMPAHA,RECONDITIONED,2023.0,2,4AA-MN71S,XBEE
CAR,SUZUKI,5AA-MH95S WAGONR,JAPAN,PETROL,658.0,GAMPAHA,RECONDITIONED,2025.0,1,5AA-MH95S,WAGONR
CAR,TOYOTA,5BA-KSP210 YARIS,JAPAN,PETROL,996.0,VAVUNIYA,RECONDITIONED,2024.0,1,5BA-KSP210,YARIS
CAR,SUZUKI,5BA-MH85S  WAGON R,JAPAN,PETROL,657.0,KALUTARA,RECONDITIONED,2024.0,1,5BA-MH85S,WAGON R
CAR,TOYOTA,YARIS CROSS HEV,JAPAN,PETROL/ELE,1496.0,GALLE,RECONDITIONED,2025.0,1,,YARIS CROSS HEV
CAR,SUZUKI,5BA-DA17V EVERY,JAPAN,PETROL,658.0,COLOMBO,RECONDITIONED,2024.0,1,5BA-DA17V,EVERY
CAR,DAIHATSU,5BA-LA900S,JAPAN,PETROL,658.0,GALLE,RECONDITIONED,2023.0,1,5BA-LA900S,TAFT
CAR,DAIHATSU,5BA-LA350S MIRA ES,JAPAN,PETROL,658.0,ANURADHAPURA,RECONDITIONED,2025.0,1,5BA-LA350S,MIRA ES
MOTOR CYCLE,HONDA,PCX,VIETNAM,PETROL,124.0,KURUNEGALA,RECONDITIONED,2025.0,1,,PCX
MOTOR CYCLE,HONDA,ADV 160,JAPAN,PETROL,157.0,KURUNEGALA,RECONDITIONED,2025.0,1,,ADV 160
SINGLE CAB,SUZUKI,3BD-DA16T CARRY,JAPAN,PETROL,658.0,KANDY,RECONDITIONED,2024.0,1,3BD-DA16T,CARRY
CAR,TOYOTA,6AA-MXPJ10 YARIS,JAPAN,PETROL/ELE,1496.0,COLOMBO,RECONDITIONED,2023.0,11,6AA-MXPJ10,YARIS
CAR,HONDA,HONDA CITY,THAILAND,PETROL,988.0,GAMPAHA,RECONDITIONED,2025.0,2,,HONDA CITY
CAR,TOYOTA,5AA-A202A RAIZE,JAPAN,PETROL/ELE,78.0,KALUTARA,RECONDITIONED,2025.0,2,5AA-A202A,RAIZE
CAR,SUZUKI,5AA-MH95S WAGON R,JAPAN,PETROL,658.0,KEGALLE,RECONDITIONED,2025.0,2,5AA-MH95S,WAGON R
CAR,SUZUKI,5AA-MK94S SPACIA,JAPAN,PETROL,658.0,KURUNEGALA,RECONDITIONED,2024.0,4,5AA-MK94S,SPACIA
CAR,TOYOTA,4BA-M900A ROOMY,JAPAN,PETROL,996.0,BADULLA,RECONDITIONED,2023.0,1,4BA-M900A,ROOMY
CAR,PORSCHE,7BA-982SA 718 CAYMAN,GERMANY,PETROL,1988.0,COLOMBO,RECONDITIONED,2024.0,1,7BA-982SA,718 CAYMAN
CAR,TOYOTA,5BA-KSP210 YARIS,JAPAN,PETROL,996.0,MATALE,RECONDITIONED,2023.0,2,5BA-KSP210,YARIS
CAR,AUDI,3AA-GYDLA  A3,GERMANY,PETROL,999.0,KEGALLE,RECONDITIONED,2023.0,1,3AA-GYDLA,A3
MOTOR CYCLE,HONDA,PCX 160,JAPAN,PETROL,157.0,KANDY,RECONDITIONED,2025.0,6,,PCX 160
CAR,MITSUBISHI,5BD-DS17V,JAPAN,PETROL,658.0,KANDY,RECONDITIONED,2023.0,1,5BD-DS17V,Unknown
CAR,HONDA,6AA-RV5 VEZEL,JAPAN,PETROL/ELE,1490.0,COLOMBO,RECONDITIONED,2024.0,2,6AA-RV5,VEZEL
CAR,SUZUKI,4AA-MK-54S SPACIA,JAPAN,PETROL,658.0,KANDY,RECONDITIONED,2023.0,1,4AA-MK-54S,SPACIA
CAR,DAIHATSU,5BA-LA350S MIRA,JAPAN,PETROL,658.0,KANDY,RECONDITIONED,2025.0,2,5BA-LA350S,MIRA
CAR,NISSAN,6AA-RP15  KICKS,THAILAND,ELECTRIC,100.0,HAMBANTOTA,RECONDITIONED,2024.0,1,6AA-RP15,KICKS
CAR,SUZUKI,5AA-MR92S HUSTLER,JAPAN,PETROL,657.0,GALLE,RECONDITIONED,2024.0,1,5AA-MR92S,HUSTLER
CAR,TOYOTA,5BA-KSP210 YARIS,JAPAN,PETROL,996.0,GAMPAHA,RECONDITIONED,2024.0,12,5BA-KSP210,YARIS
CAR,TOYOTA,URBAN CRUISER TAISOR,INDIA,PETROL,998.0,MATARA,RECONDITIONED,2025.0,2,,URBAN CRUISER TAISOR
CAR,TOYOTA,5AA-A202A RAIZE,JAPAN,ELECTRIC,78.0,MATARA,RECONDITIONED,2024.0,1,5AA-A202A,RAIZE
CAR,DAIHATSU,3BD-A700V HIJET,JAPAN,PETROL,658.0,KANDY,RECONDITIONED,2023.0,1,3BD-A700V,HIJET
CAR,SUZUKI,4AA-MN71S  XBEE,JAPAN,PETROL,996.0,COLOMBO,RECONDITIONED,2023.0,1,4AA-MN71S,XBEE
CAR,TOYOTA,5AA-A202A  RAIZE,JAPAN,ELECTRIC,78.0,RATNAPURA,RECONDITIONED,2023.0,1,5AA-A202A,RAIZE
CAR,HONDA,6AA-RV5 VEZEL,JAPAN,PETROL/ELE,1490.0,COLOMBO,RECONDITIONED,2023.0,1,6AA-RV5,VEZEL
CAR,TOYOTA,5BA-MZEA17,JAPAN,PETROL,1496.0,PUTTALAM,RECONDITIONED,2023.0,1,5BA-MZEA17,COROLLA
CAR,TOYOTA,6AA MXPJ10 YARIS,JAPAN,PETROL/ELE,1496.0,COLOMBO,RECONDITIONED,2025.0,1,,6AA MXPJ10 YARIS
CAR,NISSAN,5BA-B43W DAYZ,JAPAN,PETROL,658.0,KANDY,RECONDITIONED,2023.0,3,5BA-B43W,DAYZ
CAR,SUZUKI,5AA-MH95S WAGON R,JAPAN,PETROL,658.0,AMPARA,RECONDITIONED,2025.0,2,5AA-MH95S,WAGON R
CAR,DAIHATSU,5BA-A201S ROCKY,JAPAN,PETROL,1196.0,KEGALLE,RECONDITIONED,2023.0,1,5BA-A201S,ROCKY
CAR,DAIHATSU,5BA-LA350S  MIRA,JAPAN,PETROL,658.0,COLOMBO,RECONDITIONED,2023.0,1,5BA-LA350S,MIRA
CAR,TOYOTA,6AA-MXPJ10,JAPAN,PETROL/ELE,1496.0,GAMPAHA,RECONDITIONED,2023.0,2,6AA-MXPJ10,CROSS
CAR,SUZUKI,4AA-MK54S SPACIA,JAPAN,PETROL,650.0,GAMPAHA,RECONDITIONED,2025.0,1,4AA-MK54S,SPACIA
CAR,TOYOTA,6BA-MXUA80  HARRIER,JAPAN,PETROL,1986.0,GAMPAHA,RECONDITIONED,2024.0,1,6BA-MXUA80,HARRIER
CAR,HONDA,6AA-RV5  VEZEL,JAPAN,PETROL/ELE,1496.0,KURUNEGALA,RECONDITIONED,2022.0,1,6AA-RV5,VEZEL
CAR,TOYOTA,5AA-A202A RAIZE,JAPAN,PETROL/ELE,78.0,GALLE,RECONDITIONED,2023.0,2,5AA-A202A,RAIZE
CAR,HONDA,CITY RS,THAILAND,PETROL,988.0,COLOMBO,RECONDITIONED,2024.0,2,,CITY RS
SINGLE CAB,SUZUKI,3BD-DA16T CARRY,JAPAN,PETROL,658.0,HAMBANTOTA,RECONDITIONED,2024.0,1,3BD-DA16T,CARRY
CAR,NISSAN,5AA-B44A ROOX,JAPAN,PETROL,659.0,COLOMBO,RECONDITIONED,2024.0,3,5AA-B44A,ROOX
CAR,TOYOTA,3BA-A210A RAIZE,JAPAN,PETROL,990.0,KEGALLE,RECONDITIONED,2025.0,1,3BA-A210A,RAIZE
CAR,TOYOTA,5BA-A201A RAIZE,JAPAN,PETROL,1196.0,KANDY,RECONDITIONED,2025.0,2,5BA-A201A,RAIZE
CAR,TOYOTA,5BA-MZEA17 COROLLA,JAPAN,PETROL,1496.0,KANDY,RECONDITIONED,2024.0,1,5BA-MZEA17,COROLLA
CAR,TOYOTA,5BA-A201A RAIZE,JAPAN,PETROL,1196.0,KANDY,RECONDITIONED,2023.0,4,5BA-A201A,RAIZE
CAR,TOYOTA,3BA-VJA300W,JAPAN,PETROL,3444.0,AMPARA,RECONDITIONED,2023.0,1,3BA-VJA300W,LC300
CAR,SUZUKI,3BD-DA17V EVERY,JAPAN,PETROL,658.0,COLOMBO,RECONDITIONED,2025.0,2,3BD-DA17V,EVERY
CAR,TOYOTA,5BA-KSP210 YARIS,JAPAN,PETROL,996.0,GALLE,RECONDITIONED,2023.0,6,5BA-KSP210,YARIS
CAR,TOYOTA,5AA A202A RAIZE,JAPAN,ELECTRIC,78.0,KANDY,RECONDITIONED,2023.0,1,,5AA A202A RAIZE
CAR,NISSAN,5AA-B47W DAYZ,JAPAN,PETROL,658.0,COLOMBO,RECONDITIONED,2023.0,1,5AA-B47W,DAYZ
CAR,SUZUKI,5AA-MH95S WAGON R,JAPAN,PETROL,657.0,JAFFNA,RECONDITIONED,2024.0,1,5AA-MH95S,WAGON R
CAR,TOYOTA,5AA-A202A RAIZE,JAPAN,ELECTRIC,78.0,ANURADHAPURA,RECONDITIONED,2025.0,3,5AA-A202A,RAIZE
CAR,SUZUKI,3BA-DA17W EVERY,JAPAN,PETROL,658.0,VAVUNIYA,RECONDITIONED,2025.0,1,3BA-DA17W,EVERY
SINGLE CAB,SUZUKI,3BD-DA16T  CARRY,JAPAN,PETROL,658.0,KURUNEGALA,RECONDITIONED,2024.0,1,3BD-DA16T,CARRY
CAR,TOYOTA,5AA-A202A RAIZE,JAPAN,ELECTRIC,78.0,GALLE,RECONDITIONED,2025.0,1,5AA-A202A,RAIZE
CAR,DAIHATSU,5BA-LA350S MIRA ES,JAPAN,PETROL,658.0,KANDY,RECONDITIONED,2023.0,3,5BA-LA350S,MIRA ES
CAR,SUZUKI,5AA-MH95S WAGON R,JAPAN,PETROL,657.0,KURUNEGALA,RECONDITIONED,2024.0,2,5AA-MH95S,WAGON R
CAR,SUZUKI,5AA-MH95S WAGON R,JAPAN,PETROL,658.0,HAMBANTOTA,RECONDITIONED,2025.0,7,5AA-MH95S,WAGON R
CAR,HONDA,CRV VTI  L7,AUSTRALIA,PETROL,1498.0,KALUTARA,RECONDITIONED,2025.0,1,,CRV VTI  L7
CAR,TOYOTA,3BA-A210A RAIZE,JAPAN,PETROL,996.0,KANDY,RECONDITIONED,2024.0,5,3BA-A210A,RAIZE
CAR,MERCEDES BENZ,CLA 250 AMG LINE,UNITED KINGDOM,PETROL/ELE,1332.0,COLOMBO,RECONDITIONED,2024.0,1,,CLA 250 AMG LINE
CAR,SUZUKI,5BD-DA17V EVERY,JAPAN,PETROL,658.0,RATNAPURA,RECONDITIONED,2024.0,2,5BD-DA17V,EVERY
CAR,NISSAN,ALMERA  1.0L,THAILAND,PETROL,999.0,COLOMBO,RECONDITIONED,2025.0,3,,ALMERA  1.0L
CAR,DAIHATSU,5BA-LA350S MIRA ES,JAPAN,PETROL,658.0,KEGALLE,RECONDITIONED,2024.0,3,5BA-LA350S,MIRA ES
CAR,TOYOTA,3BA-TRJ250W,JAPAN,PETROL,2693.0,KURUNEGALA,RECONDITIONED,2024.0,4,3BA-TRJ250W,VX
CAR,AUDI,3AA-GYDLA A3,GERMANY,PETROL,990.0,COLOMBO,RECONDITIONED,2023.0,1,3AA-GYDLA,A3
CAR,TOYOTA,5AA-A202A RAIZE,JAPAN,PETROL/ELE,78.0,HAMBANTOTA,RECONDITIONED,2023.0,1,5AA-A202A,RAIZE
MOTOR CYCLE,HONDA,PCX160,INDONESIA,PETROL,160.0,PUTTALAM,RECONDITIONED,2025.0,1,,PCX160
SINGLE CAB,SUZUKI,3BD-DA167 CARRY,JAPAN,PETROL,658.0,KANDY,RECONDITIONED,2021.0,1,3BD-DA167,CARRY
CAR,SUZUKI,5AA-MH95S WAGON R,JAPAN,PETROL,658.0,NUWARA-ELIYA,RECONDITIONED,2024.0,1,5AA-MH95S,WAGON R
CAR,TOYOTA,3BA-A210A RAIZE,JAPAN,PETROL,996.0,HAMBANTOTA,RECONDITIONED,2025.0,2,3BA-A210A,RAIZE
CAR,TOYOTA,5AA-A202A RAIZE,JAPAN,PETROL/ELE,78.0,AMPARA,RECONDITIONED,2022.0,1,5AA-A202A,RAIZE
CAR,TOYOTA,4BA-M900A ROOMY,JAPAN,PETROL,996.0,JAFFNA,RECONDITIONED,2025.0,1,4BA-M900A,ROOMY
CAR,DAIHATSU,5BA-LA350S MIRA,JAPAN,PETROL,658.0,GAMPAHA,RECONDITIONED,2025.0,3,5BA-LA350S,MIRA
CAR,TOYOTA,5BA-M900A ROOMY,JAPAN,PETROL,996.0,ANURADHAPURA,RECONDITIONED,2023.0,3,5BA-M900A,ROOMY
CAR,SUZUKI,5BD-DA17V EVERY,JAPAN,PETROL,658.0,GALLE,RECONDITIONED,2023.0,1,5BD-DA17V,EVERY
CAR,DAIHATSU,5BA-LA910S TAFT,JAPAN,PETROL,658.0,GAMPAHA,RECONDITIONED,2023.0,1,5BA-LA910S,TAFT
CAR,TOYOTA,URBAN CRUISER TAISOR,INDIA,PETROL,998.0,RATNAPURA,RECONDITIONED,2025.0,1,,URBAN CRUISER TAISOR
CAR,SUZUKI,5BD-DA17V EVERY,JAPAN,PETROL,656.0,PUTTALAM,RECONDITIONED,2024.0,1,5BD-DA17V,EVERY
CAR,NISSAN,5AAB44W DAYZ,JAPAN,PETROL,659.0,COLOMBO,RECONDITIONED,2024.0,1,,5AAB44W DAYZ
CAR,SUZUKI,5AA-MH95S WAGON R,JAPAN,PETROL,659.0,GAMPAHA,RECONDITIONED,2023.0,1,5AA-MH95S,WAGON R
CAR,TOYOTA,3BA-TRJ150W,JAPAN,PETROL,2693.0,PUTTALAM,RECONDITIONED,2022.0,1,3BA-TRJ150W,PRADO
CAR,DAIHATSU,5BD-S700V HIJET,JAPAN,PETROL,658.0,GAMPAHA,RECONDITIONED,2023.0,1,5BD-S700V,HIJET
SINGLE CAB,SUZUKI,3BD-DA16T CARRY,JAPAN,PETROL,658.0,GALLE,RECONDITIONED,2024.0,2,3BD-DA16T,CARRY
CAR,HONDA,6BA-JF3 N BOX,JAPAN,PETROL,658.0,MATALE,RECONDITIONED,2022.0,1,6BA-JF3,N BOX
DUAL PURPOSE (COMMERCIAL),TOYOTA,3DF-GUN125 HILUX,JAPAN,DIESEL,2396.0,NUWARA-ELIYA,RECONDITIONED,2023.0,1,3DF-GUN125,HILUX
CAR,DAIHATSU,5BA-LA350S MIRA ES,JAPAN,PETROL,658.0,GALLE,RECONDITIONED,2023.0,6,5BA-LA350S,MIRA ES
CAR,TOYOTA,5AA-A202A RAIZE,JAPAN,PETROL/ELE,1190.0,GAMPAHA,RECONDITIONED,2025.0,2,5AA-A202A,RAIZE
CAR,TOYOTA,3DA-GDJ150W PRADO,JAPAN,DIESEL,2754.0,MATARA,RECONDITIONED,2023.0,1,3DA-GDJ150W,PRADO
CAR,NISSAN,5BD-DR17V NV100,JAPAN,PETROL,658.0,KANDY,RECONDITIONED,2023.0,1,5BD-DR17V,NV100
CAR,HONDA,6AA-RV5 VEZEL,JAPAN,PETROL/ELE,1496.0,MATARA,RECONDITIONED,2023.0,4,6AA-RV5,VEZEL
CAR,TOYOTA,3BA-A210A RAIZE,JAPAN,PETROL,996.0,RATNAPURA,RECONDITIONED,2025.0,1,3BA-A210A,RAIZE
CAR,SUZUKI,4AA-MK54S SPACIA,JAPAN,PETROL,658.0,KURUNEGALA,RECONDITIONED,2024.0,6,4AA-MK54S,SPACIA
CAR,SUZUKI,3BD-DA17V EVERY,JAPAN,PETROL,658.0,KALUTARA,RECONDITIONED,2023.0,1,3BD-DA17V,EVERY
CAR,SUZUKI,5AA-MR92S HUSTLER,JAPAN,PETROL,658.0,COLOMBO,RECONDITIONED,2023.0,1,5AA-MR92S,HUSTLER
CAR,DAIHATSU,5BA-LA350S MIRA ES,JAPAN,PETROL,658.0,KURUNEGALA,RECONDITIONED,2023.0,2,5BA-LA350S,MIRA ES
CAR,SUZUKI,5AA-MH95S WAGON R,JAPAN,PETROL,658.0,MONERAGALA,RECONDITIONED,2022.0,1,5AA-MH95S,WAGON R
CAR,SUZUKI,5AA-MH95S WAGON R,JAPAN,PETROL,657.0,MATALE,RECONDITIONED,2025.0,1,5AA-MH95S,WAGON R
CAR,TOYOTA,6AA-ZVG13 COROLLA,JAPAN,PETROL/ELE,1796.0,COLOMBO,RECONDITIONED,2025.0,1,6AA-ZVG13,COROLLA
CAR,AUDI,3AA-GYDLA,GERMANY,PETROL,999.0,COLOMBO,RECONDITIONED,2023.0,1,3AA-GYDLA,A3
CAR,HONDA,6BA-JH3 N-WGN,JAPAN,PETROL,658.0,GAMPAHA,RECONDITIONED,2024.0,1,6BA-JH3,N-WGN
CAR,LEXUS,3BA-VJA310W LEXUS,JAPAN,PETROL,3444.0,COLOMBO,RECONDITIONED,2024.0,1,3BA-VJA310W,LEXUS
DUAL PURPOSE (COMMERCIAL),TOYOTA,HILUX REVO,THAILAND,DIESEL,2755.0,KEGALLE,RECONDITIONED,2025.0,1,,HILUX REVO
CAR,TOYOTA,6AA-AAHH40W ALPHARD,JAPAN,PETROL/ELE,2487.0,COLOMBO,RECONDITIONED,2025.0,2,6AA-AAHH40W,ALPHARD
CAR,LAND ROVER,3BA-LE72XAA DEFENDER,UNITED KINGDOM,PETROL,1995.0,COLOMBO,RECONDITIONED,2023.0,1,3BA-LE72XAA,DEFENDER
CAR,NISSAN,DBA-B21W,JAPAN,PETROL,658.0,KANDY,RECONDITIONED,2018.0,1,DBA-B21W,Unknown
CAR,TOYOTA,3BA/A210A RAIZE,JAPAN,PETROL,996.0,COLOMBO,RECONDITIONED,2024.0,1,,3BA/A210A RAIZE
CAR,DAIHATSU,5BA-LA350S MIRA,JAPAN,PETROL,658.0,GALLE,RECONDITIONED,2023.0,2,5BA-LA350S,MIRA
MOTOR LORRY (COMMERCIAL),ISUZU,BKG-NKR85N,JAPAN,DIESEL,2990.0,ANURADHAPURA,RECONDITIONED,2011.0,1,BKG-NKR85N,Unknown
CAR,SUZUKI,3BD-DA17V EVERY,JAPAN,PETROL,658.0,RATNAPURA,RECONDITIONED,2025.0,1,3BD-DA17V,EVERY
CAR,TOYOTA,5BA-MZEA17 COROLLA,JAPAN,PETROL,1496.0,ANURADHAPURA,RECONDITIONED,2024.0,1,5BA-MZEA17,COROLLA
CAR,TOYOTA,5BA-M910A ROOMY,JAPAN,PETROL,996.0,GAMPAHA,RECONDITIONED,2023.0,2,5BA-M910A,ROOMY
CAR,TOYOTA,5BA-M900A ROOMY,JAPAN,PETROL,996.0,COLOMBO,RECONDITIONED,2025.0,2,5BA-M900A,ROOMY
MOTOR CYCLE,HONDA,PCX 160,JAPAN,PETROL,157.0,ANURADHAPURA,RECONDITIONED,2025.0,2,,PCX 160
CAR,DAIHATSU,5BA-LA350S MIRA ES,JAPAN,PETROL,658.0,KURUNEGALA,RECONDITIONED,2024.0,3,5BA-LA350S,MIRA ES
CAR,NISSAN,5AA-B44A ROOX,JAPAN,PETROL,658.0,KALUTARA,RECONDITIONED,2024.0,2,5AA-B44A,ROOX
CAR,SUZUKI,3BA-HA3TS ALTO,JAPAN,PETROL,658.0,COLOMBO,RECONDITIONED,2023.0,1,3BA-HA3TS,ALTO
CAR,HONDA,6AA RV5 VEZEL,JAPAN,PETROL/ELE,1496.0,HAMBANTOTA,RECONDITIONED,2024.0,1,,6AA RV5 VEZEL
CAR,B.M.W.,X1 SDRIVE 201M SPORT,UNITED KINGDOM,PETROL,1499.0,KALUTARA,RECONDITIONED,2025.0,1,,X1 SDRIVE 201M SPORT
MOTOR CYCLE,HONDA,PCX,JAPAN,PETROL,157.0,GAMPAHA,RECONDITIONED,2025.0,1,,PCX
CAR,TOYOTA,4BA-M900A ROOMY,JAPAN,PETROL,996.0,KALUTARA,RECONDITIONED,2024.0,1,4BA-M900A,ROOMY
CAR,TOYOTA,3BA-VJA300W,JAPAN,PETROL,3444.0,KANDY,RECONDITIONED,2024.0,1,3BA-VJA300W,LC300
CAR,SUZUKI,4AA-MH55S  WAGON R,JAPAN,PETROL,658.0,COLOMBO,RECONDITIONED,2023.0,1,4AA-MH55S,WAGON R
CAR,TOYOTA,5BA-M900A ROOMY,JAPAN,PETROL,996.0,KALUTARA,RECONDITIONED,2024.0,3,5BA-M900A,ROOMY
CAR,SUZUKI,5AA-MH95S WAGON R,JAPAN,PETROL,650.0,COLOMBO,RECONDITIONED,2023.0,1,5AA-MH95S,WAGON R
CAR,TOYOTA,5AA-A202A RAIZE,JAPAN,ELECTRIC,1196.0,GAMPAHA,RECONDITIONED,2025.0,1,5AA-A202A,RAIZE
CAR,TOYOTA,5BA KSP210 YARIS,JAPAN,PETROL,996.0,GAMPAHA,RECONDITIONED,2023.0,1,,5BA KSP210 YARIS
CAR,MITSUBISHI,5BA-GK1W ECLIPSE,JAPAN,PETROL,1496.0,NUWARA-ELIYA,RECONDITIONED,2024.0,1,5BA-GK1W,ECLIPSE
CAR,HONDA,6AA-RV5,JAPAN,PETROL/ELE,1496.0,COLOMBO,RECONDITIONED,2022.0,2,6AA-RV5,VEEZL
CAR,NISSAN,3BA-DR17W CLIPPER,JAPAN,PETROL,658.0,RATNAPURA,RECONDITIONED,2024.0,1,3BA-DR17W,CLIPPER
CAR,SUZUKI,5AA-MH95S WAGON R,JAPAN,PETROL,657.0,BADULLA,RECONDITIONED,2023.0,1,5AA-MH95S,WAGON R
CAR,TOYOTA,3BA-VJA300W,JAPAN,PETROL,3444.0,KEGALLE,RECONDITIONED,2024.0,1,3BA-VJA300W,LC300
CAR,BENTLEY,7BA-BHDCU BANTAYGA,UNITED KINGDOM,PETROL,3996.0,COLOMBO,RECONDITIONED,2024.0,1,7BA-BHDCU,BANTAYGA
CAR,TOYOTA,3BA-A210A RAIZE,JAPAN,PETROL,1000.0,COLOMBO,RECONDITIONED,2024.0,1,3BA-A210A,RAIZE
CAR,TOYOTA,5BA-KSP210,JAPAN,PETROL,996.0,PUTTALAM,RECONDITIONED,2023.0,1,5BA-KSP210,YARIS X
CAR,SUZUKI,3BA-DA17W EVERY,JAPAN,PETROL,656.0,KANDY,RECONDITIONED,2024.0,1,3BA-DA17W,EVERY
CAR,SUZUKI,5BD-DA17V EVERY,JAPAN,PETROL,658.0,KANDY,RECONDITIONED,2023.0,6,5BD-DA17V,EVERY
CAR,NISSAN,5BA-B43W  DAYZ,JAPAN,PETROL,658.0,GAMPAHA,RECONDITIONED,2024.0,1,5BA-B43W,DAYZ
CAR,NISSAN,3BA-DRR17W,JAPAN,PETROL,658.0,GAMPAHA,RECONDITIONED,2023.0,1,3BA-DRR17W,Unknown
CAR,SUZUKI,5AA-MK94S SPACIA,JAPAN,PETROL,658.0,GALLE,RECONDITIONED,2025.0,1,5AA-MK94S,SPACIA
CAR,SUZUKI,5BA-MH85S WAGON R,JAPAN,PETROL,658.0,MONERAGALA,RECONDITIONED,2025.0,1,5BA-MH85S,WAGON R
CAR,LAND ROVER,RANGE ROVER EVOQUE,UNITED KINGDOM,PETROL/ELE,1498.0,COLOMBO,RECONDITIONED,2024.0,2,,RANGE ROVER EVOQUE
DUAL PURPOSE (COMMERCIAL),FORD,RANGER RAPTOR,THAILAND,PETROL,2956.0,KALUTARA,RECONDITIONED,2025.0,1,,RANGER RAPTOR
CAR,DAIHATSU,5BA-LA350S MIRA ES,JAPAN,PETROL,658.0,PUTTALAM,RECONDITIONED,2024.0,2,5BA-LA350S,MIRA ES
CAR,DAIHATSU,5BA-LA350S MIRA ES,JAPAN,PETROL,658.0,HAMBANTOTA,RECONDITIONED,2025.0,1,5BA-LA350S,MIRA ES
CAR,TOYOTA,URBAN CRUISER TAISOR,INDIA,PETROL,998.0,GALLE,RECONDITIONED,2025.0,3,,URBAN CRUISER TAISOR
CAR,SUZUKI,5AA-MH95S WAGON R,JAPAN,PETROL,658.0,BATTICALOA,RECONDITIONED,2023.0,1,5AA-MH95S,WAGON R
CAR,TOYOTA,5BA-M900A ROOMY,JAPAN,PETROL,996.0,HAMBANTOTA,RECONDITIONED,2022.0,1,5BA-M900A,ROOMY
CAR,TOYOTA,5BA-M900A ROOMY,JAPAN,PETROL,996.0,KEGALLE,RECONDITIONED,2025.0,1,5BA-M900A,ROOMY
CAR,SUZUKI,5AA--MH95S WAGON R,JAPAN,PETROL,658.0,COLOMBO,RECONDITIONED,2025.0,1,5AA--MH95S,WAGON R
CAR,DAIHATSU,5BA-LA350S MIRA ES,JAPAN,PETROL,658.0,JAFFNA,RECONDITIONED,2024.0,1,5BA-LA350S,MIRA ES
CAR,SUZUKI,5BA-MH85S WAGONR,JAPAN,PETROL,658.0,GAMPAHA,RECONDITIONED,2023.0,1,5BA-MH85S,WAGONR
CAR,SUZUKI,3BA-JB64W JIMNY,JAPAN,PETROL,658.0,RATNAPURA,RECONDITIONED,2025.0,1,3BA-JB64W,JIMNY
CAR,HONDA,6AA-RV5   VEZEL,JAPAN,PETROL/ELE,1496.0,KURUNEGALA,RECONDITIONED,2025.0,1,6AA-RV5,VEZEL
CAR,TOYOTA,5BA-KSP210 YARIS,JAPAN,PETROL,996.0,BATTICALOA,RECONDITIONED,2022.0,1,5BA-KSP210,YARIS
CAR,TOYOTA,6AA-ZVG13,JAPAN,PETROL/ELE,1797.0,GALLE,RECONDITIONED,2025.0,1,6AA-ZVG13,Unknown
CAR,VOLKSWAGEN,3BA-C1DKR T-CROSS,JAPAN,PETROL,990.0,COLOMBO,RECONDITIONED,2022.0,1,3BA-C1DKR,T-CROSS
CAR,HONDA,6AA-RV5 VEZEL,JAPAN,PETROL/ELE,1490.0,ANURADHAPURA,RECONDITIONED,2025.0,1,6AA-RV5,VEZEL
CAR,TOYOTA,5BA-KSP210 YARIS,JAPAN,PETROL,996.0,BATTICALOA,RECONDITIONED,2025.0,2,5BA-KSP210,YARIS
CAR,MAZDA,3BA-HB37S CAROL,JAPAN,PETROL,658.0,MATARA,RECONDITIONED,2023.0,1,3BA-HB37S,CAROL
CAR,AUDI,A3 30TFSI,GERMANY,PETROL,999.0,GALLE,RECONDITIONED,2024.0,1,,A3 30TFSI
PRIMER MOVER,RENAULT,T 480,FRANCE,DIESEL,12777.0,COLOMBO,RECONDITIONED,2021.0,1,,T 480
CAR,SUZUKI,3BADA17W EVERY,JAPAN,PETROL,658.0,KEGALLE,RECONDITIONED,2022.0,1,,3BADA17W EVERY
CAR,TOYOTA,5BA-KSP210    YARIS,JAPAN,PETROL,996.0,GAMPAHA,RECONDITIONED,2023.0,1,5BA-KSP210,YARIS
CAR,SUZUKI,3BA-JB64W,JAPAN,PETROL,658.0,GAMPAHA,RECONDITIONED,2024.0,1,3BA-JB64W,JIMNY
CAR,TOYOTA,5BA-KSP210 YARIS,JAPAN,PETROL,996.0,ANURADHAPURA,RECONDITIONED,2022.0,2,5BA-KSP210,YARIS
CAR,SUZUKI,5BD-DA17V EVERY,JAPAN,PETROL,656.0,COLOMBO,RECONDITIONED,2023.0,1,5BD-DA17V,EVERY
CAR,NISSAN,5AA-B44A ROOX,JAPAN,PETROL,659.0,MATALE,RECONDITIONED,2023.0,1,5AA-B44A,ROOX
CAR,MERCEDES BENZ,5BA-247684M,GERMANY,PETROL,1332.0,GAMPAHA,RECONDITIONED,2023.0,1,5BA-247684M,180
CAR,SUZUKI,3BA-HA37S ALTO,JAPAN,PETROL,658.0,PUTTALAM,RECONDITIONED,2024.0,1,3BA-HA37S,ALTO
CAR,NISSAN,ALMERA,THAILAND,PETROL,999.0,KALUTARA,RECONDITIONED,2025.0,3,,ALMERA
CAR,SUZUKI,3BA-HA37S  ALTO,JAPAN,PETROL,658.0,GAMPAHA,RECONDITIONED,2024.0,1,3BA-HA37S,ALTO
CAR,HONDA, CITY RS,THAILAND,PETROL,988.0,GAMPAHA,RECONDITIONED,2025.0,1,,CITY RS
MOTOR CYCLE,HONDA,PCX 160,JAPAN,PETROL,156.0,KALUTARA,RECONDITIONED,2025.0,1,,PCX 160
CAR,TOYOTA,3BA-A210A RAIZE,JAPAN,PETROL,996.0,POLONNARUWA,RECONDITIONED,2024.0,1,3BA-A210A,RAIZE
MOTOR LORRY (COMMERCIAL),ISUZU,SKG-FRR90S2 FORWARD,JAPAN,DIESEL,5190.0,GALLE,RECONDITIONED,2012.0,1,SKG-FRR90S2,FORWARD
CAR,SUZUKI,5BA-MH85S,JAPAN,PETROL,658.0,GAMPAHA,RECONDITIONED,2023.0,1,5BA-MH85S,WAGON TR
CAR,TOYOTA,5BA-KSP210 YARIS,JAPAN,PETROL,998.0,GAMPAHA,RECONDITIONED,2023.0,2,5BA-KSP210,YARIS
CAR,SUBARU,5BA-LA650F CHIFFON,JAPAN,PETROL,658.0,KANDY,RECONDITIONED,2023.0,1,5BA-LA650F,CHIFFON
SPECIAL PURPOSE VEHICLE,J.C.B,3CX  BACKHOE LOADER,UNITED KINGDOM,DIESEL,3900.0,GALLE,RECONDITIONED,2002.0,1,,3CX  BACKHOE LOADER
SINGLE CAB,SUZUKI,3BD-DA16T,JAPAN,PETROL,658.0,COLOMBO,RECONDITIONED,2023.0,1,3BD-DA16T,CARRY
CAR,MERCEDES BENZ,E200 EXCLUSIVE PREM,GERMANY,PETROL,1999.0,COLOMBO,RECONDITIONED,2025.0,1,,E200 EXCLUSIVE PREM
CAR,TOYOTA,5AA-A202A RAIZE,JAPAN,PETROL/ELE,1196.0,HAMBANTOTA,RECONDITIONED,2024.0,1,5AA-A202A,RAIZE
CAR,SUZUKI,5BA-MH85S WAGON R,JAPAN,PETROL,656.0,KANDY,RECONDITIONED,2024.0,2,5BA-MH85S,WAGON R
MOTOR CYCLE,HONDA,HONDA MAGNA,JAPAN,PETROL,249.0,COLOMBO,RECONDITIONED,2022.0,1,,HONDA MAGNA
CAR,AUDI,3AA-GYDLA,GERMANY,PETROL,998.0,BATTICALOA,RECONDITIONED,2023.0,1,3AA-GYDLA,A3
CAR,TOYOTA,5AA-A202A RAIZE,JAPAN,PETROL/ELE,78.0,MONERAGALA,RECONDITIONED,2023.0,1,5AA-A202A,RAIZE
CAR,NISSAN,6AA-FE13 NOTE AURA,JAPAN,PETROL/ELE,1198.0,GAMPAHA,RECONDITIONED,2023.0,1,6AA-FE13,NOTE AURA
DUAL PURPOSE (COMMERCIAL),MITSUBISHI,3DF-LC2T TRITON,THAILAND,DIESEL,2439.0,KALUTARA,RECONDITIONED,2024.0,1,3DF-LC2T,TRITON
CAR,SUZUKI,5AA-MH95S WAGON R,JAPAN,PETROL,658.0,MONERAGALA,RECONDITIONED,2023.0,2,5AA-MH95S,WAGON R
CAR,TOYOTA,5AA-A202A RAIZE,JAPAN,PETROL/ELE,1190.0,JAFFNA,RECONDITIONED,2025.0,1,5AA-A202A,RAIZE
CAR,HONDA,CITY,THAILAND,PETROL,988.0,POLONNARUWA,RECONDITIONED,2025.0,1,,CITY
CAR,TOYOTA,6AA-MXPJ10,JAPAN,PETROL/ELE,1496.0,COLOMBO,RECONDITIONED,2024.0,1,6AA-MXPJ10,CROSS
CAR,LEXUS,3BA-VJA310W LX600,JAPAN,PETROL,3444.0,RATNAPURA,RECONDITIONED,2024.0,1,3BA-VJA310W,LX600
CAR,TOYOTA,6AA-ZVG16 COROLLA,JAPAN,PETROL/ELE,1797.0,BADULLA,RECONDITIONED,2024.0,1,6AA-ZVG16,COROLLA
CAR,TOYOTA,3BA-VJA300W,JAPAN,PETROL,3444.0,GALLE,RECONDITIONED,2024.0,1,3BA-VJA300W,LC300
CAR,SUZUKI,5BA-MH85S WAGON R,JAPAN,PETROL,658.0,ANURADHAPURA,RECONDITIONED,2024.0,2,5BA-MH85S,WAGON R
MOTOR LORRY (COMMERCIAL),ISUZU,2RG-NPR88AN ELF,JAPAN,DIESEL,2990.0,KURUNEGALA,RECONDITIONED,2020.0,1,2RG-NPR88AN,ELF
CAR,SUZUKI,5BD-DA17V   EVERY,JAPAN,PETROL,658.0,COLOMBO,RECONDITIONED,2025.0,1,5BD-DA17V,EVERY
CAR,AUDI,3AA-F3DFY,GERMANY,PETROL,1496.0,BATTICALOA,RECONDITIONED,2023.0,1,3AA-F3DFY,Q3 S LINE
MOTOR CYCLE,HONDA,PCX 125,JAPAN,PETROL,124.0,PUTTALAM,RECONDITIONED,2022.0,1,,PCX 125
CAR,SUZUKI,3BA-HA37S ALTO,JAPAN,PETROL,658.0,KANDY,RECONDITIONED,2024.0,1,3BA-HA37S,ALTO
CAR,SUZUKI,FRONX,INDIA,PETROL,998.0,JAFFNA,RECONDITIONED,2025.0,1,,FRONX
CAR,HONDA,6BA-JF3 N BOX,JAPAN,PETROL,658.0,KANDY,RECONDITIONED,2023.0,2,6BA-JF3,N BOX
CAR,SUZUKI,5BA-MH85S WAGON R,JAPAN,PETROL,658.0,MATARA,RECONDITIONED,2023.0,2,5BA-MH85S,WAGON R
CAR,SUZUKI,5BA-MH85S WAGON R,JAPAN,PETROL,658.0,COLOMBO,RECONDITIONED,2025.0,1,5BA-MH85S,WAGON R
CAR,DAIHATSU,3BA-A210S ROCKY,JAPAN,PETROL,996.0,KALUTARA,RECONDITIONED,2023.0,1,3BA-A210S,ROCKY
CAR,DAIHATSU,5BA-LA900S TAFT,JAPAN,PETROL,658.0,ANURADHAPURA,RECONDITIONED,2023.0,1,5BA-LA900S,TAFT
MOTOR LORRY (COMMERCIAL),ISUZU,2RG-NPR88YN ELF,JAPAN,DIESEL,2990.0,PUTTALAM,RECONDITIONED,2019.0,1,2RG-NPR88YN,ELF
CAR,TOYOTA,6AA-MXPJ10 YARIS,JAPAN,PETROL/ELE,1496.0,MONERAGALA,RECONDITIONED,2025.0,1,6AA-MXPJ10,YARIS
CAR,DAIHATSU,5BA-LA900S TAFT,JAPAN,PETROL,658.0,HAMBANTOTA,RECONDITIONED,2025.0,1,5BA-LA900S,TAFT
CAR,HONDA,6AA-RV5   VEZEL,JAPAN,PETROL/ELE,1496.0,KURUNEGALA,RECONDITIONED,2022.0,1,6AA-RV5,VEZEL
SINGLE CAB,SUZUKI,3BD-DA16T CARRY,JAPAN,PETROL,658.0,AMPARA,RECONDITIONED,2022.0,1,3BD-DA16T,CARRY
CAR,MITSUBISHI,5BA-B33W EK WAGON,JAPAN,PETROL,658.0,MATARA,RECONDITIONED,2024.0,1,5BA-B33W,EK WAGON
CAR,TOYOTA,URBAN CRUISER TAISOR,INDIA,PETROL,998.0,NUWARA-ELIYA,RECONDITIONED,2025.0,1,,URBAN CRUISER TAISOR
CAR,TOYOTA,5AA-A202A RAIZE,JAPAN,PETROL/ELE,78.0,KURUNEGALA,RECONDITIONED,2024.0,1,5AA-A202A,RAIZE
CAR,SUZUKI,3BA-DA17W EVERY,JAPAN,PETROL,658.0,BATTICALOA,RECONDITIONED,2023.0,1,3BA-DA17W,EVERY
CAR,DAIHATSU,5BAL900S TAFT,JAPAN,PETROL,658.0,GAMPAHA,RECONDITIONED,2024.0,1,,5BAL900S TAFT
CAR,TOYOTA,5BA-KSP-210 YARIS,JAPAN,PETROL,996.0,GAMPAHA,RECONDITIONED,2024.0,1,5BA-KSP-210,YARIS
CAR,TOYOTA,6AA-AXUH80 HARRIER,JAPAN,PETROL/ELE,2487.0,HAMBANTOTA,RECONDITIONED,2024.0,1,6AA-AXUH80,HARRIER
CAR,TOYOTA,5AA-A202A,JAPAN,ELECTRIC,78.0,MATARA,RECONDITIONED,2023.0,1,5AA-A202A,RAISE
CAR,NISSAN,5BA-B43W DAYZ,JAPAN,PETROL,659.0,KALUTARA,RECONDITIONED,2023.0,1,5BA-B43W,DAYZ
CAR,SUZUKI,5AA-MH95S  WAGON R,JAPAN,PETROL,658.0,MATARA,RECONDITIONED,2025.0,1,5AA-MH95S,WAGON R
SINGLE CAB,TOYOTA,QDF-KDY231 DYNA,JAPAN,DIESEL,2982.0,COLOMBO,RECONDITIONED,2019.0,1,QDF-KDY231,DYNA
DUAL PURPOSE (COMMERCIAL),FORD,RAPTOR D-CAB 4WD,THAILAND,PETROL,2956.0,COLOMBO,RECONDITIONED,2025.0,1,,RAPTOR D-CAB 4WD
CAR,DAIHATSU,5BA-LA900S TAFT,JAPAN,PETROL,658.0,JAFFNA,RECONDITIONED,2024.0,1,5BA-LA900S,TAFT
CAR,HONDA,CITY RS,THAILAND,PETROL,988.0,KURUNEGALA,RECONDITIONED,2025.0,2,,CITY RS
CAR,HONDA,6AA-RV6  VEZEL,JAPAN,PETROL/ELE,1496.0,GALLE,RECONDITIONED,2024.0,1,6AA-RV6,VEZEL
PRIMER MOVER,RENAULT,T480,FRANCE,DIESEL,12777.0,TRINCOMALEE,RECONDITIONED,2021.0,1,,T480
LAND VEHICLE (SMALL),KUBOTA,K7,JAPAN,DIESEL,401.0,HAMBANTOTA,RECONDITIONED,2018.0,1,,K7
CAR,MITSUBISHI,5BD-DS17V,JAPAN,PETROL,658.0,COLOMBO,RECONDITIONED,2025.0,1,5BD-DS17V,Unknown
CAR,MAZDA,5AA-MM94S,JAPAN,PETROL,658.0,COLOMBO,RECONDITIONED,2024.0,1,5AA-MM94S,Unknown
CAR,SUZUKI,5AA-MH95S WAGON R,JAPAN,PETROL,657.0,PUTTALAM,RECONDITIONED,2025.0,1,5AA-MH95S,WAGON R
CAR,TOYOTA,6AA MXPJ10 YARIS,JAPAN,PETROL/ELE,1496.0,KURUNEGALA,RECONDITIONED,2024.0,1,,6AA MXPJ10 YARIS
MOTOR CYCLE,HONDA,PCX-160,JAPAN,PETROL,157.0,TRINCOMALEE,RECONDITIONED,2025.0,1,PCX-160,Unknown
LAND VEHICLE (SMALL),KUBOTA,K75,JAPAN,DIESEL,401.0,MONERAGALA,RECONDITIONED,2017.0,1,,K75
CAR,HONDA,6AA RV5 VEZEL,JAPAN,PETROL/ELE,1498.0,COLOMBO,RECONDITIONED,2025.0,1,,6AA RV5 VEZEL
SINGLE CAB,SUZUKI,3BD-DA16T CARRY,JAPAN,PETROL,650.0,GALLE,RECONDITIONED,2025.0,1,3BD-DA16T,CARRY
CAR,NISSAN,5BA-B43W  DAYZ,JAPAN,PETROL,658.0,KEGALLE,RECONDITIONED,2023.0,1,5BA-B43W,DAYZ
CAR,TOYOTA,5AA-A202A RAIZE,JAPAN,PETROL/ELE,78.0,ANURADHAPURA,RECONDITIONED,2024.0,1,5AA-A202A,RAIZE
CAR,B.M.W.,X7 M SPORT  X DRIVE,GERMANY,PETROL,2998.0,COLOMBO,RECONDITIONED,2023.0,1,,X7 M SPORT  X DRIVE
CAR,TOYOTA,3BA-NGX10 C-HR,JAPAN,PETROL,1196.0,COLOMBO,RECONDITIONED,2022.0,1,3BA-NGX10,C-HR
CAR,DAIHATSU,5BA-LA910S TAFT,JAPAN,PETROL,658.0,ANURADHAPURA,RECONDITIONED,2024.0,1,5BA-LA910S,TAFT
CAR,DAIHATSU,5BA-LA900S  TAFT,JAPAN,PETROL,658.0,MATARA,RECONDITIONED,2025.0,1,5BA-LA900S,TAFT
CAR,TOYOTA,6AA-MXPJ10 YARIS,JAPAN,PETROL/ELE,1496.0,KANDY,RECONDITIONED,2025.0,1,6AA-MXPJ10,YARIS
MOTOR CYCLE,CHENXIAN,H8,CHINA,ELECTRIC,0.4,COLOMBO,NEW,2025.0,1,,H8
MOTOR CYCLE,RISE,LEADER 125,SRI LANKA,PETROL,125.0,COLOMBO,BRAND NEW-L/MANUFACT,2025.0,9,,LEADER 125
MOTOR CYCLE,RISE,LEADER R80 V2.0,SRI LANKA,ELECTRIC,1.5,MONERAGALA,BRAND NEW-L/MANUFACT,2025.0,3,,LEADER R80 V2.0
MOTOR CYCLE,RISE,LEADER 125,SRI LANKA,PETROL,125.0,KILINOCHCHI,BRAND NEW-L/MANUFACT,2025.0,2,,LEADER 125
THREE WHEELER,ELEKTRATEQ,ETX,SRI LANKA,ELECTRIC,5.0,MONERAGALA,BRAND NEW-L/MANUFACT,2025.0,1,,ETX
MOTOR CYCLE,TVS,TVS XL 100,SRI LANKA,PETROL,99.7,HAMBANTOTA,BRAND NEW-L/MANUFACT,2025.0,1,,TVS XL 100
THREE WHEELER,ELEKTRATEQ,ETX,SRI LANKA,ELECTRIC,5.0,MATALE,BRAND NEW-L/MANUFACT,2025.0,1,,ETX
LORRY TRAILER/BOWSER,TANTRI,TFB-40,SRI LANKA,NOT STATED,0.0,COLOMBO,LOCALLY BUILT,2025.0,6,TFB-40,Unknown
LORRY TRAILER/BOWSER,TANTRI,TSK-40,SRI LANKA,NOT STATED,0.0,GAMPAHA,LOCALLY BUILT,2025.0,1,TSK-40,Unknown
TRACTOR TRAILER/BOWSER,LOCALLY BUILT,TRACTOR TRAILER,SRI LANKA,NOT STATED,0.0,MATARA,LOCALLY BUILT,2025.0,2,,TRACTOR TRAILER
LORRY TRAILER/BOWSER,DUTCH LANKA TRAILER,DLST-40/40T,SRI LANKA,NOT STATED,0.0,GAMPAHA,LOCALLY BUILT,2025.0,1,DLST-40,/40T
MOTOR CYCLE,TVS,TVS NTORQ 125 CC,INDIA,PETROL,124.8,MATALE,BRAND NEW,2025.0,70,,TVS NTORQ 125 CC
MOTOR CYCLE,TVS,IQUBE,INDIA,ELECTRIC,3.34,RATNAPURA,BRAND NEW,2025.0,7,,IQUBE
MOTOR CYCLE,TVS,IQUBE,INDIA,ELECTRIC,3.34,ANURADHAPURA,BRAND NEW,2025.0,34,,IQUBE
MOTOR CYCLE,YAMAHA,RAY ZR,INDIA,PETROL,113.0,MATALE,BRAND NEW,2025.0,4,,RAY ZR
MOTOR CYCLE,YAMAHA,FZ  VER 2.0,INDIA,PETROL,149.0,KANDY,BRAND NEW,2025.0,5,,FZ  VER 2.0
MOTOR CYCLE,YAMAHA,FZ S FI VER 4.0,INDIA,PETROL,149.0,KILINOCHCHI,BRAND NEW,2025.0,4,,FZ S FI VER 4.0
MOTOR CYCLE,YAMAHA,RAY ZR 125,INDIA,PETROL,125.0,MONERAGALA,BRAND NEW,2025.0,2,,RAY ZR 125
MOTOR CYCLE,YAMAHA,YZF R15 VER 4.0,INDIA,PETROL,155.0,MULLATIVU,BRAND NEW,2025.0,10,,YZF R15 VER 4.0
MOTOR CYCLE,YAMAHA,RAY ZR,INDIA,PETROL,113.0,KURUNEGALA,BRAND NEW,2025.0,9,,RAY ZR
MOTOR CYCLE,YAMAHA,RAY ZRSTREETRALLY125,INDIA,PETROL,125.0,AMPARA,BRAND NEW,2025.0,16,,RAY ZRSTREETRALLY125
SINGLE CAB,MAHINDRA,BOLERO CITY PICKUP,INDIA,DIESEL,2523.0,MATARA,BRAND NEW,2025.0,6,,BOLERO CITY PICKUP
MOTOR CYCLE,YAMAHA,FZ  VER 2.0,INDIA,PETROL,149.0,GAMPAHA,BRAND NEW,2025.0,8,,FZ  VER 2.0
MOTOR CYCLE,SOLID,G6,CHINA,ELECTRIC,1.5,BADULLA,BRAND NEW,2025.0,1,,G6
MOTOR CYCLE,SOLID,G6,CHINA,ELECTRIC,1.5,KURUNEGALA,BRAND NEW,2025.0,4,,G6
MOTOR CYCLE,BAJAJ,PULSAR NS 200,INDIA,PETROL,199.5,KEGALLE,BRAND NEW,2025.0,26,,PULSAR NS 200
LAND VEHICLE,E KUBOTA,EK3-471 4WD,INDIA,DIESEL,2761.0,TRINCOMALEE,BRAND NEW,2024.0,1,EK3-471,4WD
CAR,NISSAN,MAGNITE ACENTA BR10,INDIA,PETROL,999.0,KANDY,BRAND NEW,2025.0,6,,MAGNITE ACENTA BR10
CAR,NISSAN,MAGNITE TEKNA PLUS,INDIA,PETROL,999.0,COLOMBO,BRAND NEW,2025.0,124,,MAGNITE TEKNA PLUS
MOTOR CYCLE,YAMAHA,MT 15 VER 2.0,INDIA,PETROL,155.0,TRINCOMALEE,BRAND NEW,2025.0,31,,MT 15 VER 2.0
MOTOR CYCLE,YAMAHA,MT 15 VER 2.0,INDIA,PETROL,155.0,GALLE,BRAND NEW,2025.0,7,,MT 15 VER 2.0
CAR,BYD,SEALION 6 SUPERIOR,CHINA,PETROL/ELE,1498.0,COLOMBO,BRAND NEW,2025.0,200,,SEALION 6 SUPERIOR
CAR,TOYOTA,A250RA-GBVV RAIZE,INDONESIA,PETROL,998.0,KALUTARA,BRAND NEW,2025.0,15,,A250RA-GBVV RAIZE
DUAL PURPOSE (COMMERCIAL),ISUZU,NLR85U-EC1WA,JAPAN,DIESEL,2999.0,COLOMBO,BRAND NEW,2025.0,1,,NLR85U-EC1WA
THREE WHEELER,BAJAJ,RE 4S AUTORICKSHAW,INDIA,PETROL,237.0,VAVUNIYA,BRAND NEW,2025.0,38,,RE 4S AUTORICKSHAW
THREE WHEELER,BAJAJ,RE 4S AUTORICKSHAW,INDIA,PETROL,237.0,COLOMBO,BRAND NEW,2025.0,194,,RE 4S AUTORICKSHAW
THREE WHEELER,BAJAJ,RE 4S AUTORICKSHAW,INDIA,PETROL,237.0,AMPARA,BRAND NEW,2025.0,108,,RE 4S AUTORICKSHAW
MOTOR CYCLE,HERO,HUNK 160,INDIA,PETROL,163.14,GALLE,BRAND NEW,2025.0,59,,HUNK 160
MOTOR CYCLE,HERO,XOOM-110,INDIA,PETROL,110.9,ANURADHAPURA,BRAND NEW,2025.0,131,XOOM-110,Unknown
CAR,TOYOTA,F800RE-GQGF RUSH,INDONESIA,PETROL,1496.0,COLOMBO,BRAND NEW,2025.0,6,,F800RE-GQGF RUSH
SINGLE CAB,MAHINDRA,BOLERO CITY PICKUP,INDIA,DIESEL,2523.0,RATNAPURA,BRAND NEW,2025.0,7,,BOLERO CITY PICKUP
THREE WHEELER,MAHINDRA,TREO,INDIA,ELECTRIC,3.5,GAMPAHA,BRAND NEW,2025.0,6,,TREO
COMMERCIAL,TATA,LP 712,INDIA,DIESEL,3783.0,ANURADHAPURA,BRAND NEW,2025.0,2,,LP 712
MOTOR CYCLE,YAMAHA,FZ  VER 2.0,INDIA,PETROL,149.0,MONERAGALA,BRAND NEW,2025.0,2,,FZ  VER 2.0
THREE WHEELER,TVS,KING,INDIA,PETROL,199.26,NUWARA-ELIYA,BRAND NEW,2025.0,5,,KING
MOTOR CYCLE,HERO,HF-DELUXE,INDIA,PETROL,97.2,AMPARA,BRAND NEW,2025.0,99,HF-DELUXE,Unknown
MOTOR CYCLE,YAMAHA,FZ S FI VER 4.0,INDIA,PETROL,149.0,KANDY,BRAND NEW,2025.0,7,,FZ S FI VER 4.0
MOTOR CYCLE,HERO,HF-DELUXE,INDIA,PETROL,97.2,GAMPAHA,BRAND NEW,2025.0,8,HF-DELUXE,Unknown
MOTOR CYCLE,RANOMOTO,GN125H,CHINA,PETROL,124.0,BATTICALOA,BRAND NEW,2025.0,13,,GN125H
MOTOR CYCLE,AIMA,MAVERICK,CHINA,ELECTRIC,2.0,ANURADHAPURA,BRAND NEW,2025.0,2,,MAVERICK
MOTOR CYCLE,AIMA,ARIA,CHINA,ELECTRIC,0.8,MATARA,BRAND NEW,2025.0,3,,ARIA
MOTOR CYCLE,BAJAJ,PULSAR N 125,INDIA,PETROL,124.58,NUWARA-ELIYA,BRAND NEW,2025.0,19,,PULSAR N 125
LAND VEHICLE,TAFE,7250.DI,INDIA,DIESEL,2500.0,POLONNARUWA,BRAND NEW,2025.0,1,,7250.DI
MOTOR LORRY (COMMERCIAL),ISUZU,NQR75U-LN5VAYN,JAPAN,DIESEL,5193.0,GAMPAHA,BRAND NEW,2025.0,6,,NQR75U-LN5VAYN
LAND VEHICLE,MAHINDRA,YUVO TECH PLUS 575DI,INDIA,DIESEL,2979.0,MONERAGALA,BRAND NEW,2025.0,2,,YUVO TECH PLUS 575DI
MOTOR CYCLE,AIMA,MAVERICK,CHINA,ELECTRIC,2.0,GALLE,BRAND NEW,2025.0,17,,MAVERICK
SINGLE CAB,TATA, SUPER ACE,INDIA,DIESEL,1396.0,KANDY,BRAND NEW,2025.0,1,,SUPER ACE
MOTOR CYCLE,HERO,XTREME 125 R,INDIA,PETROL,124.7,KURUNEGALA,BRAND NEW,2025.0,44,,XTREME 125 R
MOTOR CYCLE,HERO,XTREME 125 R,INDIA,PETROL,124.7,BADULLA,BRAND NEW,2025.0,18,,XTREME 125 R
MOTOR CYCLE,HERO,HF-DELUXE,INDIA,PETROL,97.2,VAVUNIYA,BRAND NEW,2025.0,14,HF-DELUXE,Unknown
MOTOR CYCLE,HERO,XOOM 160,INDIA,PETROL,160.0,COLOMBO,BRAND NEW,2025.0,1,,XOOM 160
LAND VEHICLE,JOHN DEERE,5047D,INDIA,DIESEL,2940.0,MONERAGALA,BRAND NEW,2025.0,4,,5047D
LAND VEHICLE (SMALL),VIKYNO,RV125-2,VIETNAM,DIESEL,624.0,HAMBANTOTA,BRAND NEW,2025.0,3,RV125-2,Unknown
MOTOR CYCLE,TMR QUANLE,G18,CHINA,ELECTRIC,2.0,KURUNEGALA,BRAND NEW,2025.0,5,,G18
MOTOR CYCLE,NWOW,SE,CHINA,ELECTRIC,0.8,GAMPAHA,BRAND NEW,2020.0,1,,SE
MOTOR CYCLE,NWOW,SE,CHINA,ELECTRIC,0.8,GAMPAHA,BRAND NEW,2017.0,1,,SE
MOTOR CYCLE,NWOW,ARS,CHINA,ELECTRIC,0.45,KALUTARA,BRAND NEW,2025.0,2,,ARS
THREE WHEELER,MAHINDRA,TREO,INDIA,ELECTRIC,3.5,KEGALLE,BRAND NEW,2025.0,1,,TREO
CAR,BYD,SEALION 6 SUPERIOR,CHINA,PETROL/ELE,1498.0,JAFFNA,BRAND NEW,2025.0,10,,SEALION 6 SUPERIOR
DUAL PURPOSE (COMMERCIAL),LANKA ASHOK LEYLAND,IEV4-3,INDIA,ELECTRIC,60.0,COLOMBO,BRAND NEW,2024.0,1,IEV4-3,Unknown
MOTOR CYCLE,TMR QUANLE,ZL,CHINA,ELECTRIC,2.0,PUTTALAM,BRAND NEW,2025.0,5,,ZL
DUAL PURPOSE (COMMERCIAL),TOYOTA,LITEACE S403RM-BQRFJ,INDONESIA,PETROL,1496.0,COLOMBO,BRAND NEW,2025.0,6,,LITEACE S403RM-BQRFJ
MOTOR CYCLE,AIMA,MANA,CHINA,ELECTRIC,1.5,KALUTARA,BRAND NEW,2025.0,3,,MANA
MOTOR LORRY (COMMERCIAL),MITSUBISHI,FECX1HR4SDSC,JAPAN,DIESEL,2998.0,KALUTARA,BRAND NEW,2025.0,1,,FECX1HR4SDSC
MOTOR CYCLE,YADEA,T5,CHINA,ELECTRIC,1.2,MATARA,BRAND NEW,2025.0,29,,T5
MOTOR CYCLE,YADEA,T5,CHINA,ELECTRIC,1.2,HAMBANTOTA,BRAND NEW,2025.0,96,,T5
MOTOR CYCLE,ATHER,450X,INDIA,ELECTRIC,3.0,GAMPAHA,BRAND NEW,2025.0,15,,450X
COMMERCIAL,TATA,LP 712,INDIA,DIESEL,3783.0,KALUTARA,BRAND NEW,2025.0,2,,LP 712
CAR,SUZUKI,FRONX,INDIA,PETROL,998.0,HAMBANTOTA,BRAND NEW,2025.0,7,,FRONX
CAR,MERCEDES BENZ,GLC 200  4 MATIC,GERMANY,PETROL,1999.0,GAMPAHA,BRAND NEW,2025.0,1,,GLC 200  4 MATIC
MOTOR LORRY (COMMERCIAL),J M C,JX1064TG24R,CHINA,DIESEL,2771.0,COLOMBO,BRAND NEW,2025.0,1,,JX1064TG24R
MOTOR CYCLE,NWOW,WSP,CHINA,ELECTRIC,1.5,KALUTARA,BRAND NEW,2024.0,1,,WSP
MOTOR CYCLE,TVS,TVS RAIDER 125,INDIA,PETROL,124.66,MANNAR,BRAND NEW,2025.0,8,,TVS RAIDER 125
MOTOR CYCLE,LUYUAN ALFA,M-MKK-Z30LJ-12-C,CHINA,ELECTRIC,1.8,GALLE,BRAND NEW,2025.0,1,,M-MKK-Z30LJ-12-C
MOTOR CYCLE,HERO,XTREME 125 R,INDIA,PETROL,124.7,MANNAR,BRAND NEW,2025.0,3,,XTREME 125 R
MOTOR CYCLE,WUXI,MC-TK-03,CHINA,PETROL,125.0,COLOMBO,BRAND NEW,2025.0,1,MC-TK-03,Unknown
MOTOR CYCLE,HERO,HF-DELUXE,INDIA,PETROL,97.2,PUTTALAM,BRAND NEW,2025.0,5,HF-DELUXE,Unknown
CAR,SAIC,MG ZS MCE,CHINA,PETROL,999.0,VAVUNIYA,BRAND NEW,2025.0,1,,MG ZS MCE
CAR,SUZUKI,FRONX,INDIA,PETROL,998.0,KANDY,BRAND NEW,2025.0,9,,FRONX
CAR,TOYOTA,A250RA-GBVV RAIZE,INDONESIA,PETROL,998.0,BADULLA,BRAND NEW,2025.0,6,,A250RA-GBVV RAIZE
CAR,SAIC,MG ZS MCE,CHINA,PETROL,999.0,PUTTALAM,BRAND NEW,2025.0,2,,MG ZS MCE
THREE WHEELER,ATUL,RIK,INDIA,PETROL,198.6,TRINCOMALEE,BRAND NEW,2025.0,5,,RIK
LAND VEHICLE,SONALIKA,DI-50RX-4WD,INDIA,DIESEL,3067.0,HAMBANTOTA,BRAND NEW,2024.0,1,DI-50RX-4WD,Unknown
CAR,BYD,SEALION 6 SUPERIOR,CHINA,PETROL/ELE,1498.0,RATNAPURA,BRAND NEW,2025.0,10,,SEALION 6 SUPERIOR
CAR,SUZUKI,FRONX,INDIA,PETROL,998.0,GALLE,BRAND NEW,2025.0,6,,FRONX
MOTOR CYCLE,TMR LUYUAN,COLA 5,CHINA,ELECTRIC,0.4,GAMPAHA,BRAND NEW,2025.0,1,,COLA 5
MOTOR CYCLE,LUYUAN,MS70 Z23E,CHINA,ELECTRIC,1.2,ANURADHAPURA,BRAND NEW,2025.0,3,,MS70 Z23E
MOTOR CYCLE,YAMAHA,RAY ZRSTREETRALLY125,INDIA,PETROL,125.0,MONERAGALA,BRAND NEW,2025.0,1,,RAY ZRSTREETRALLY125
MOTOR CYCLE,SOLID,G6,CHINA,ELECTRIC,1.5,GALLE,BRAND NEW,2025.0,2,,G6
MOTOR CYCLE,TAILG,RED RABBIT,CHINA,ELECTRIC,1.2,KURUNEGALA,BRAND NEW,2025.0,3,,RED RABBIT
THREE WHEELER,PIAGGIO,APE AUTO DX,INDIA,DIESEL,435.0,HAMBANTOTA,BRAND NEW,2025.0,4,,APE AUTO DX
CAR,CHANGAN,S 07,CHINA,ELECTRIC,99.0,RATNAPURA,BRAND NEW,2025.0,2,,S 07
CAR,SAIC,MG ZS MCE,CHINA,PETROL,999.0,ANURADHAPURA,BRAND NEW,2025.0,1,,MG ZS MCE
MOTOR LORRY (COMMERCIAL),JAC,HFC1091P7,CHINA,DIESEL,3760.0,COLOMBO,BRAND NEW,2025.0,1,,HFC1091P7
SINGLE CAB,MAHINDRA,BOLERO CITY PICKUP,INDIA,DIESEL,2523.0,TRINCOMALEE,BRAND NEW,2025.0,4,,BOLERO CITY PICKUP
CAR,DONGFENG,BOX E3,CHINA,ELECTRIC,50.0,KALUTARA,BRAND NEW,2025.0,1,,BOX E3
MOTOR LORRY (COMMERCIAL),ISUZU,NPR75U-HL5VAYN,JAPAN,DIESEL,5193.0,COLOMBO,BRAND NEW,2025.0,5,,NPR75U-HL5VAYN
SINGLE CAB,MAHINDRA,BOLERO CITY PICK UP,INDIA,DIESEL,2523.0,POLONNARUWA,BRAND NEW,2025.0,1,,BOLERO CITY PICK UP
CAR,PERODUA,BEZZA,MALAYSIA,PETROL,998.0,GALLE,BRAND NEW,2025.0,16,,BEZZA
CAR,TOYOTA,5AA-A202A RAIZE,JAPAN,ELECTRIC,78.0,HAMBANTOTA,BRAND NEW,2023.0,1,5AA-A202A,RAIZE
CAR,MITSUBISHI,GR1WXTPGRV1,INDONESIA,PETROL,1499.0,GALLE,BRAND NEW,2025.0,1,,GR1WXTPGRV1
COMMERCIAL,MITSUBISHI,FUSO,JAPAN,DIESEL,2998.0,HAMBANTOTA,BRAND NEW,2025.0,1,,FUSO
MOTOR LORRY (COMMERCIAL),MITSUBISHI,FEA51ER4SDSC,JAPAN,DIESEL,2998.0,GAMPAHA,BRAND NEW,2025.0,3,,FEA51ER4SDSC
MOTOR LORRY (COMMERCIAL),JAC,HFC1120P7,CHINA,DIESEL,4460.0,COLOMBO,BRAND NEW,2025.0,1,,HFC1120P7
MOTOR CYCLE,LUYUAN,MYT,CHINA,ELECTRIC,0.8,ANURADHAPURA,BRAND NEW,2025.0,8,,MYT
MOTOR CYCLE,HONDA,DIO STD,INDIA,PETROL,109.0,POLONNARUWA,BRAND NEW,2025.0,27,,DIO STD
MOTOR CYCLE,HONDA,DIO DLX,INDIA,PETROL,109.0,MULLATIVU,BRAND NEW,2025.0,7,,DIO DLX
MOTOR LORRY (COMMERCIAL),ISUZU,NLR77U-EE1AYN,JAPAN,DIESEL,2999.0,GAMPAHA,BRAND NEW,2025.0,1,,NLR77U-EE1AYN
MOTOR CYCLE,AIMA,MAVERICK,CHINA,ELECTRIC,2.0,TRINCOMALEE,BRAND NEW,2025.0,2,,MAVERICK
CAR,NISSAN,MAGNITE N-CONNECTA,INDIA,PETROL,999.0,MATARA,BRAND NEW,2025.0,2,,MAGNITE N-CONNECTA
LAND VEHICLE,JOHN DEERE,5050D,INDIA,DIESEL,2940.0,POLONNARUWA,BRAND NEW,2025.0,1,,5050D
LAND VEHICLE (SMALL),VIKYNO,RV125-2,VIETNAM,DIESEL,624.0,POLONNARUWA,BRAND NEW,2025.0,9,RV125-2,Unknown
COMMERCIAL,TATA,LP407,INDIA,DIESEL,2956.0,PUTTALAM,BRAND NEW,2025.0,1,,LP407
MOTOR CYCLE,TAILG,SAI BEI,CHINA,ELECTRIC,1.5,PUTTALAM,BRAND NEW,2024.0,1,,SAI BEI
MOTOR CYCLE,YADEA,M6,CHINA,ELECTRIC,1.2,VAVUNIYA,BRAND NEW,2025.0,1,,M6
MOTOR CYCLE,YADEA,RUIBIN,CHINA,ELECTRIC,0.8,KILINOCHCHI,BRAND NEW,2025.0,2,,RUIBIN
MOTOR CYCLE,TVS,TVS RAIDER 125,INDIA,PETROL,124.66,COLOMBO,BRAND NEW,2020.0,1,,TVS RAIDER 125
CAR,PERODUA,AXIA CG1GZ,MALAYSIA,PETROL,998.0,GAMPAHA,BRAND NEW,2025.0,2,,AXIA CG1GZ
CAR,TOYOTA,A250RA-GBVV RAIZE,INDONESIA,PETROL,998.0,HAMBANTOTA,BRAND NEW,2025.0,3,,A250RA-GBVV RAIZE
MOTOR LORRY (COMMERCIAL),ISUZU,NQR75U-LN5VAYN,JAPAN,DIESEL,5193.0,KALUTARA,BRAND NEW,2025.0,4,,NQR75U-LN5VAYN
LAND VEHICLE,JOHN DEERE,5050D,INDIA,DIESEL,2940.0,ANURADHAPURA,BRAND NEW,2025.0,12,,5050D
LAND VEHICLE,KARTAR,GLOBETRAC 4736 4WD,INDIA,DIESEL,3117.0,ANURADHAPURA,BRAND NEW,2024.0,4,,GLOBETRAC 4736 4WD
CAR,CHANGAN,S 07,CHINA,ELECTRIC,99.0,GALLE,BRAND NEW,2025.0,1,,S 07
MOTOR CYCLE,HONDA,DIO DLX,INDIA,PETROL,109.0,NUWARA-ELIYA,BRAND NEW,2025.0,3,,DIO DLX
MOTOR CYCLE,YADEA,M6,CHINA,ELECTRIC,1.2,COLOMBO,BRAND NEW,2025.0,2,,M6
CAR,BYD,SEALION 6 SUPERIOR,CHINA,PETROL/ELE,1498.0,MULLATIVU,BRAND NEW,2025.0,1,,SEALION 6 SUPERIOR
CAR,LAND ROVER,RANGE ROVER -SV,UNITED KINGDOM,PETROL/ELE,3000.0,GAMPAHA,BRAND NEW,2025.0,1,,RANGE ROVER -SV
CAR,MITSUBISHI,NC1WLRPGRV1,INDONESIA,PETROL,1499.0,HAMBANTOTA,BRAND NEW,2025.0,1,,NC1WLRPGRV1
CAR,MITSUBISHI,X-PANDOR,INDONESIA,PETROL,1499.0,COLOMBO,BRAND NEW,2025.0,1,,X-PANDOR
MOTOR CYCLE,LIMA,EL07,CHINA,ELECTRIC,1.5,MATARA,BRAND NEW,2025.0,6,,EL07
MOTOR CYCLE,YAMAHA,YZF R15 VER 4.0,INDIA,PETROL,155.0,KURUNEGALA,BRAND NEW,2025.0,5,,YZF R15 VER 4.0
CAR,KIA,CARNIVAL,SOUTH KOREA,PETROL/ELE,1598.0,COLOMBO,BRAND NEW,2025.0,1,,CARNIVAL
LAND VEHICLE,SOLIS,5020,INDIA,DIESEL,3067.0,AMPARA,BRAND NEW,2024.0,1,,5020
CAR,MERCEDES BENZ,GLE 400E 4 MATIC,U.S.A,PETROL/ELE,1999.0,COLOMBO,BRAND NEW,2025.0,2,,GLE 400E 4 MATIC
LAND VEHICLE,JOHN DEERE,5045D,INDIA,DIESEL,2940.0,ANURADHAPURA,BRAND NEW,2025.0,10,,5045D
CAR,PERODUA,AXIA-CG1SZ,MALAYSIA,PETROL,998.0,KANDY,BRAND NEW,2025.0,1,AXIA-CG1SZ,Unknown
CAR,NISSAN,MAGNITE ACENTA BR10,INDIA,PETROL,999.0,COLOMBO,BRAND NEW,2020.0,1,,MAGNITE ACENTA BR10
MOTOR CYCLE,TMR LUYUAN,S18,CHINA,ELECTRIC,1.2,RATNAPURA,BRAND NEW,2025.0,1,,S18
CAR,HYUNDAI,VENUE,INDIA,PETROL,998.0,JAFFNA,BRAND NEW,2025.0,1,,VENUE
MOTOR CYCLE,TAKASHI,ES PRO PLUS,CHINA,ELECTRIC,1.5,COLOMBO,BRAND NEW,2025.0,2,,ES PRO PLUS
MOTOR CYCLE,TAKASHI,E ROCCO,CHINA,ELECTRIC,3.0,BADULLA,BRAND NEW,2025.0,1,,E ROCCO
COMMERCIAL,LANKA ASHOK LEYLAND,VIKING,INDIA,DIESEL,6014.0,POLONNARUWA,BRAND NEW,2025.0,1,,VIKING
COMMERCIAL,TOYOTA,KDH223R-LEMDYT HIACE,JAPAN,DIESEL,2982.0,KEGALLE,BRAND NEW,2025.0,2,,KDH223R-LEMDYT HIACE
MOTOR CYCLE,ROYAL ENFIELD,CLASSIC 350,INDIA,PETROL,349.0,KALUTARA,BRAND NEW,2025.0,1,,CLASSIC 350
MOTOR LORRY (COMMERCIAL),ISUZU,NPR75U- HL5VAYN,JAPAN,DIESEL,5193.0,COLOMBO,BRAND NEW,2025.0,1,,NPR75U- HL5VAYN
MOTOR LORRY (COMMERCIAL),ISUZU,NPR75U-HL5VAYN,JAPAN,DIESEL,5193.0,HAMBANTOTA,BRAND NEW,2025.0,1,,NPR75U-HL5VAYN
MOTOR CYCLE,TAKASHI,ES PRO MAX,CHINA,ELECTRIC,2.0,ANURADHAPURA,BRAND NEW,2025.0,1,,ES PRO MAX
MOTOR CYCLE,LIMA,EL07,CHINA,ELECTRIC,1.5,BADULLA,BRAND NEW,2025.0,2,,EL07
MOTOR CYCLE,HERO,HF-DELUXE,INDIA,PETROL,97.2,HAMBANTOTA,BRAND NEW,2025.0,2,HF-DELUXE,Unknown
MOTOR CYCLE,YADEA,T 9,CHINA,ELECTRIC,2.0,BADULLA,BRAND NEW,2025.0,1,,T 9
LAND VEHICLE (SMALL),VIKYNO,RV125-2,VIETNAM,DIESEL,624.0,AMPARA,BRAND NEW,2023.0,2,RV125-2,Unknown
LAND VEHICLE,MAHINDRA,6075,INDIA,DIESEL,3822.0,MONERAGALA,BRAND NEW,2025.0,1,,6075
MOTOR CYCLE,LUYUAN ALFA,M-MKK-Z30LJ-12-C,CHINA,ELECTRIC,1.8,KALUTARA,BRAND NEW,2025.0,1,,M-MKK-Z30LJ-12-C
CAR,MITSUBISHI,GKIWXTHUR,JAPAN,PETROL,1499.0,KALUTARA,BRAND NEW,2025.0,1,,GKIWXTHUR
MOTOR TRICYCLE VAN,PIAGGIO,APE-XTRA-DX,INDIA,DIESEL,435.0,BADULLA,BRAND NEW,2025.0,4,APE-XTRA-DX,Unknown
MOTOR TRICYCLE VAN,PIAGGIO,APE-XTRA-DX,INDIA,DIESEL,435.0,MONERAGALA,BRAND NEW,2025.0,2,APE-XTRA-DX,Unknown
LAND VEHICLE,TAFE,45DI,INDIA,DIESEL,2500.0,JAFFNA,BRAND NEW,2025.0,3,,45DI
MOTOR LORRY (COMMERCIAL),MITSUBISHI,FUSO FEA51ER4SDSC,JAPAN,DIESEL,2998.0,COLOMBO,BRAND NEW,2025.0,1,,FUSO FEA51ER4SDSC
THREE WHEELER,TVS,KING,INDIA,PETROL,199.26,KILINOCHCHI,BRAND NEW,2025.0,1,,KING
SINGLE CAB,TATA,SUPER ACE,INDIA,DIESEL,1396.0,KURUNEGALA,BRAND NEW,2025.0,1,,SUPER ACE
MOTOR CYCLE,HERO,XOOM-110,INDIA,PETROL,110.9,invalid mannar,BRAND NEW,2025.0,1,XOOM-110,Unknown
MOTOR CYCLE,LUYUAN,MNK3,CHINA,ELECTRIC,1.5,MANNAR,BRAND NEW,2025.0,2,,MNK3
MOTOR CYCLE,TMR QUANLE,ZS,CHINA,ELECTRIC,1.2,MANNAR,BRAND NEW,2025.0,1,,ZS
LAND VEHICLE,SONALIKA,DI-50RX-4WD,INDIA,DIESEL,3067.0,MONERAGALA,BRAND NEW,2024.0,1,DI-50RX-4WD,Unknown
MOTOR CYCLE,LUYUAN ALFA,MKK-Z23E-12-C,CHINA,ELECTRIC,1.2,BADULLA,BRAND NEW,2025.0,1,MKK-Z23E-12-C,Unknown
MOTOR CYCLE,LUYUAN,S90 PLUS,CHINA,ELECTRIC,1.5,AMPARA,BRAND NEW,2025.0,1,,S90 PLUS
DUAL PURPOSE (COMMERCIAL),MITSUBISHI,FEA21ER3WDSC FUSO,JAPAN,DIESEL,2998.0,COLOMBO,BRAND NEW,2025.0,1,,FEA21ER3WDSC FUSO
MOTOR CYCLE,YAMAHA,YZF R15 VER 4.0,INDIA,PETROL,155.0,HAMBANTOTA,BRAND NEW,2025.0,1,,YZF R15 VER 4.0
LAND VEHICLE,NEW HOLLAND,4710,INDIA,DIESEL,2700.0,MULLATIVU,BRAND NEW,2024.0,1,,4710
MOTOR TRICYCLE VAN,MAHINDRA,ALFA LOAD CARRIER,INDIA,DIESEL,436.0,COLOMBO,BRAND NEW,2025.0,2,,ALFA LOAD CARRIER
MOTOR CYCLE,REVOLT,RV 400,INDIA,ELECTRIC,3.0,COLOMBO,BRAND NEW,2025.0,1,,RV 400
COMMERCIAL,TOYOTA,GDH322R EDTDY  HIACE,JAPAN,DIESEL,2755.0,KALUTARA,BRAND NEW,2025.0,1,,GDH322R EDTDY  HIACE
CAR,MERCEDES BENZ,C 180,SOUTH AFRICA,PETROL,1496.0,COLOMBO,BRAND NEW,2025.0,1,,C 180
MOTOR CYCLE,NWOW,TK 10,CHINA,ELECTRIC,0.8,KALUTARA,BRAND NEW,2023.0,1,,TK 10
MOTOR TRICYCLE VAN,MAHINDRA,ALFA LOAD CARRIER,INDIA,DIESEL,436.0,ANURADHAPURA,BRAND NEW,2025.0,1,,ALFA LOAD CARRIER
LAND VEHICLE,JOHN DEERE,5047D,INDIA,DIESEL,2940.0,KURUNEGALA,BRAND NEW,2025.0,1,,5047D
MOTOR CYCLE,RIKODA,YSY,CHINA,ELECTRIC,0.8,JAFFNA,BRAND NEW,2022.0,2,,YSY
CAR,CHANGAN,LUMIN,CHINA,ELECTRIC,35.0,GALLE,BRAND NEW,2025.0,1,,LUMIN
CAR,KYC,V5EV,CHINA,ELECTRIC,60.0,COLOMBO,BRAND NEW,2024.0,1,,V5EV
MOTOR LORRY (COMMERCIAL),JAC,HFC1120PT,CHINA,DIESEL,4460.0,GAMPAHA,BRAND NEW,2025.0,1,,HFC1120PT
CAR,PERODUA,BEZZA,MALAYSIA,PETROL,998.0,NUWARA-ELIYA,BRAND NEW,2025.0,1,,BEZZA
THREE WHEELER,BAJAJ,RE 4S AUTORICKSHAW,INDIA,PETROL,237.0,GALLE,BRAND NEW,202.0,1,,RE 4S AUTORICKSHAW
MOTOR CYCLE,TVS,NTORQ 125,SRI LANKA,PETROL,124.8,BADULLA,BRAND NEW-L/ASSEMBLE,2025.0,1,,NTORQ 125
MOTOR CYCLE,SENARO,GN125,SRI LANKA,PETROL,125.0,MATARA,BRAND NEW-L/ASSEMBLE,2025.0,5,,GN125
MOTOR CYCLE,TVS,TVS XL 100,SRI LANKA,PETROL,99.7,AMPARA,BRAND NEW-L/ASSEMBLE,2025.0,10,,TVS XL 100
MOTOR CYCLE,BAJAJ,CT 100 ES,SRI LANKA,PETROL,102.0,ANURADHAPURA,BRAND NEW-L/ASSEMBLE,2025.0,293,,CT 100 ES
MOTOR CYCLE,BAJAJ,CT 100 ES,SRI LANKA,PETROL,102.0,KALUTARA,BRAND NEW-L/ASSEMBLE,2025.0,332,,CT 100 ES
MOTOR CYCLE,BAJAJ,DISCOVER 125,SRI LANKA,PETROL,124.5,TRINCOMALEE,BRAND NEW-L/ASSEMBLE,2025.0,20,,DISCOVER 125
MOTOR CYCLE,BAJAJ,DISCOVER 125,SRI LANKA,PETROL,124.5,KEGALLE,BRAND NEW-L/ASSEMBLE,2025.0,30,,DISCOVER 125
MOTOR CYCLE,BAJAJ,PULSAR N160,SRI LANKA,PETROL,164.82,ANURADHAPURA,BRAND NEW-L/ASSEMBLE,2025.0,65,,PULSAR N160
MOTOR CYCLE,BAJAJ,CT 100 ES,SRI LANKA,PETROL,102.0,NUWARA-ELIYA,BRAND NEW-L/ASSEMBLE,2025.0,76,,CT 100 ES
MOTOR CYCLE,BAJAJ,DISCOVER 125,SRI LANKA,PETROL,124.5,GALLE,BRAND NEW-L/ASSEMBLE,2022.0,1,,DISCOVER 125
MOTOR CYCLE,BAJAJ,DISCOVER 125,SRI LANKA,PETROL,124.5,NUWARA-ELIYA,BRAND NEW-L/ASSEMBLE,2025.0,11,,DISCOVER 125
MOTOR CYCLE,TVS,TVS XL 100,SRI LANKA,PETROL,99.7,RATNAPURA,BRAND NEW-L/ASSEMBLE,2025.0,32,,TVS XL 100
MOTOR CYCLE,SENARO,GN125,SRI LANKA,PETROL,125.0,BATTICALOA,BRAND NEW-L/ASSEMBLE,2025.0,16,,GN125
MOTOR CYCLE,TVS,NTORQ 125,SRI LANKA,PETROL,124.8,KURUNEGALA,BRAND NEW-L/ASSEMBLE,2025.0,4,,NTORQ 125
MOTOR CYCLE,SENARO,GN125,SRI LANKA,PETROL,125.0,HAMBANTOTA,BRAND NEW-L/ASSEMBLE,2025.0,12,,GN125
CAR,G.W.M.,JOLION,SRI LANKA,PETROL,1497.0,KALUTARA,BRAND NEW-L/ASSEMBLE,2025.0,8,,JOLION
MOTOR CYCLE,TVS,NTORQ 125,SRI LANKA,PETROL,124.8,RATNAPURA,BRAND NEW-L/ASSEMBLE,2025.0,1,,NTORQ 125
MOTOR CYCLE,BAJAJ,PULSAR N160,SRI LANKA,PETROL,164.32,MATARA,BRAND NEW-L/ASSEMBLE,2025.0,1,,PULSAR N160
SINGLE CAB,TATA,YODHA LIGHT TRUCK,SRI LANKA,DIESEL,2956.0,COLOMBO,BRAND NEW-L/ASSEMBLE,2025.0,3,,YODHA LIGHT TRUCK
MOTOR CYCLE,LENCAR,ERC80,SRI LANKA,ELECTRIC,1.2,COLOMBO,BRAND NEW-L/ASSEMBLE,2023.0,1,,ERC80
DUAL PURPOSE (COMMERCIAL),J M C,VIGUS PRO,SRI LANKA,DIESEL,1998.0,COLOMBO,BRAND NEW-L/ASSEMBLE,2025.0,2,,VIGUS PRO
COMMERCIAL,FOTON,VIEW CS 2,SRI LANKA,DIESEL,1968.0,KANDY,BRAND NEW-L/ASSEMBLE,2025.0,1,,VIEW CS 2
CAR,G.W.M.,JOLION,SRI LANKA,PETROL,1497.0,ANURADHAPURA,BRAND NEW-L/ASSEMBLE,2025.0,1,,JOLION
CAR,BAIC,X55  II LUXURY,SRI LANKA,PETROL,1498.0,COLOMBO,BRAND NEW-L/ASSEMBLE,2025.0,19,,X55  II LUXURY
MOTOR TRICYCLE VAN,JINPENG,ZJ150,SRI LANKA,ELECTRIC,1.0,PUTTALAM,BRAND NEW-L/ASSEMBLE,2025.0,1,,ZJ150
DUAL PURPOSE (COMMERCIAL),JAC,HFC1037D3,SRI LANKA,DIESEL,1999.0,KURUNEGALA,BRAND NEW-L/ASSEMBLE,2025.0,1,,HFC1037D3
CAR,SUZUKI,5AA-HA97S ALTO,JAPAN,PETROL,658.0,GAMPAHA,RECONDITIONED,2023.0,3,5AA-HA97S,ALTO
MOTOR CYCLE,HONDA,PCX,JAPAN,PETROL,157.0,KANDY,RECONDITIONED,2024.0,1,,PCX
SINGLE CAB,NISSAN,3BD-DR16T CLIPER,JAPAN,PETROL,658.0,COLOMBO,RECONDITIONED,2025.0,1,3BD-DR16T,CLIPER
CAR,TOYOTA,6AA-MXPJ10 YARIS,JAPAN,PETROL/ELE,1496.0,PUTTALAM,RECONDITIONED,2024.0,1,6AA-MXPJ10,YARIS
CAR,TOYOTA,6AA-ZWR90W NOAH,JAPAN,PETROL/ELE,1797.0,COLOMBO,RECONDITIONED,2024.0,1,6AA-ZWR90W,NOAH
CAR,NISSAN,5AA-B44W DAYZ,JAPAN,PETROL,658.0,COLOMBO,RECONDITIONED,2023.0,6,5AA-B44W,DAYZ
MOTOR LORRY (COMMERCIAL),ISUZU,TSG-NPR85AN ELF,JAPAN,DIESEL,2990.0,COLOMBO,RECONDITIONED,2019.0,1,TSG-NPR85AN,ELF
SINGLE CAB,SUZUKI,3BD-DA16T CARRY,JAPAN,PETROL,656.0,MATARA,RECONDITIONED,2023.0,1,3BD-DA16T,CARRY
CAR,TOYOTA,5AA-A202A  RAIZE,JAPAN,PETROL/ELE,78.0,NUWARA-ELIYA,RECONDITIONED,2025.0,1,5AA-A202A,RAIZE
CAR,NISSAN,5AA-B44W  DAYZ,JAPAN,PETROL,659.0,GALLE,RECONDITIONED,2024.0,1,5AA-B44W,DAYZ
CAR,DAIHATSU,3BA-A210S ROCKY,JAPAN,PETROL,996.0,COLOMBO,RECONDITIONED,2023.0,2,3BA-A210S,ROCKY
CAR,TOYOTA,5AA-A202A RAIZE,JAPAN,ELECTRIC,78.0,AMPARA,RECONDITIONED,2024.0,1,5AA-A202A,RAIZE
CAR,TOYOTA,3BA-NGX10  CH-R,JAPAN,PETROL,1196.0,ANURADHAPURA,RECONDITIONED,2023.0,1,3BA-NGX10,CH-R
CAR,SUZUKI,5BA-MH85S WAGON R,JAPAN,PETROL,656.0,KALUTARA,RECONDITIONED,2025.0,1,5BA-MH85S,WAGON R
CAR,SUZUKI,5AA-MK94S  SPACIA,JAPAN,PETROL,658.0,KURUNEGALA,RECONDITIONED,2024.0,1,5AA-MK94S,SPACIA
CAR,HONDA,6AA-RV5  VEZEL,JAPAN,PETROL/ELE,1496.0,GAMPAHA,RECONDITIONED,2024.0,1,6AA-RV5,VEZEL
CAR,DAIHATSU,5BA-LA900S,JAPAN,PETROL,658.0,COLOMBO,RECONDITIONED,2023.0,1,5BA-LA900S,TAFT
CAR,DAIHATSU,5AA-A202S ROCKY,JAPAN,PETROL/ELE,1196.0,GALLE,RECONDITIONED,2023.0,1,5AA-A202S,ROCKY
CAR,MERCEDES BENZ,4AA-214050C E200,GERMANY,PETROL,1991.0,COLOMBO,RECONDITIONED,2023.0,1,4AA-214050C,E200
CAR,HONDA,6AA-RV5 VEZEL,JAPAN,PETROL/ELE,1496.0,GALLE,RECONDITIONED,2024.0,8,6AA-RV5,VEZEL
CAR,AUDI,3AA-F3DFY  Q3,GERMANY,PETROL,1497.0,COLOMBO,RECONDITIONED,2022.0,1,3AA-F3DFY,Q3
CAR,NISSAN,ALMERA VL,THAILAND,PETROL,999.0,KALUTARA,RECONDITIONED,2025.0,1,,ALMERA VL
THREE WHEELER,BAJAJ,RE 4S AUTORICKSHAW,INDIA,PETROL,237.0,KANDY,RECONDITIONED,2025.0,1,,RE 4S AUTORICKSHAW
SINGLE CAB,SUZUKI,3BD-DA16T CARRY,JAPAN,PETROL,658.0,GAMPAHA,RECONDITIONED,2024.0,3,3BD-DA16T,CARRY
CAR,TOYOTA,5BA-M900A ROOMY,JAPAN,PETROL,996.0,KURUNEGALA,RECONDITIONED,2023.0,5,5BA-M900A,ROOMY
LAND VEHICLE (SMALL),KUBOTA,K550,JAPAN,DIESEL,375.0,ANURADHAPURA,RECONDITIONED,2019.0,1,,K550
CAR,TOYOTA,5BA-A202A RAIZE,JAPAN,PETROL/ELE,78.0,COLOMBO,RECONDITIONED,2025.0,1,5BA-A202A,RAIZE
CAR,TOYOTA,5AA-A202A RAIZE,JAPAN,PETROL/ELE,1190.0,MATARA,RECONDITIONED,2023.0,1,5AA-A202A,RAIZE
DUAL PURPOSE (COMMERCIAL),FORD,RANGER RAPTOR,THAILAND,PETROL,2956.0,COLOMBO,RECONDITIONED,2025.0,3,,RANGER RAPTOR
CAR,TOYOTA,5AA- A202A RAIZE,JAPAN,ELECTRIC,78.0,COLOMBO,RECONDITIONED,2025.0,1,,5AA- A202A RAIZE
CAR,NISSAN,5BA-B43W  DAYZ,JAPAN,PETROL,659.0,KALUTARA,RECONDITIONED,2023.0,1,5BA-B43W,DAYZ
CAR,TOYOTA,3BA-A210A RAIZE,JAPAN,PETROL,996.0,GAMPAHA,RECONDITIONED,2022.0,1,3BA-A210A,RAIZE
CAR,TOYOTA,URBAN CRUISER STISOR,INDIA,PETROL,998.0,COLOMBO,RECONDITIONED,2025.0,1,,URBAN CRUISER STISOR
MOTOR CYCLE,HONDA,ADV-160,JAPAN,PETROL,157.0,COLOMBO,RECONDITIONED,2025.0,3,ADV-160,Unknown
SINGLE CAB,DAIHATSU,3BD-S500P,JAPAN,PETROL,658.0,KANDY,RECONDITIONED,2021.0,1,3BD-S500P,HIJET-T
CAR,HONDA,6AA-RV5  VEZEL,JAPAN,PETROL/ELE,1496.0,KANDY,RECONDITIONED,2023.0,1,6AA-RV5,VEZEL
CAR,SUZUKI,5AA-MH95S WAGON R,JAPAN,PETROL,658.0,VAVUNIYA,RECONDITIONED,2025.0,5,5AA-MH95S,WAGON R
CAR,NISSAN,5AA-B44W DAYZ,JAPAN,PETROL,658.0,COLOMBO,RECONDITIONED,2024.0,6,5AA-B44W,DAYZ
CAR,MERCEDES BENZ,5AA-206043C   C200,GERMANY,PETROL,1490.0,COLOMBO,RECONDITIONED,2023.0,1,5AA-206043C,C200
CAR,NISSAN,5AA-B44W DAYZ,JAPAN,PETROL,658.0,GALLE,RECONDITIONED,2024.0,2,5AA-B44W,DAYZ
CAR,SUZUKI,5BD-DA17V EVERY,JAPAN,PETROL,658.0,GALLE,RECONDITIONED,2024.0,1,5BD-DA17V,EVERY
CAR,MAZDA,5AA-MJ95S FLAIR,JAPAN,PETROL,658.0,AMPARA,RECONDITIONED,2023.0,1,5AA-MJ95S,FLAIR
CAR,HONDA,CITY,THAILAND,PETROL,988.0,COLOMBO,RECONDITIONED,2025.0,10,,CITY
COMMERCIAL,TOYOTA,HIACE COMMUTER,THAILAND,DIESEL,2755.0,GALLE,RECONDITIONED,2025.0,1,,HIACE COMMUTER
CAR,MITSUBISHI,5BA-B33W EK WAGON,JAPAN,PETROL,659.0,COLOMBO,RECONDITIONED,2024.0,1,5BA-B33W,EK WAGON
CAR,MAZDA,5AA-MJ95S FLAIR,JAPAN,PETROL,700.0,JAFFNA,RECONDITIONED,2023.0,1,5AA-MJ95S,FLAIR
CAR,TOYOTA,5AA-A202A RAIZE,JAPAN,PETROL/ELE,78.0,KALUTARA,RECONDITIONED,2024.0,1,5AA-A202A,RAIZE
CAR,TOYOTA,3BA-TRJ250W PRADO,JAPAN,PETROL,2696.0,COLOMBO,RECONDITIONED,2024.0,1,3BA-TRJ250W,PRADO
DUAL PURPOSE (COMMERCIAL),TOYOTA,3DF-GUN 125  HILUX,JAPAN,DIESEL,2393.0,HAMBANTOTA,RECONDITIONED,2024.0,1,3DF-GUN,125  HILUX
CAR,TOYOTA,6AA-MXPH10 YARIS,JAPAN,PETROL/ELE,1496.0,KANDY,RECONDITIONED,2024.0,1,6AA-MXPH10,YARIS
MOTOR CYCLE,HONDA,PCX160,JAPAN,PETROL,157.0,KANDY,RECONDITIONED,2024.0,2,,PCX160
CAR,SUZUKI,4AA-MK54S SPACIA,JAPAN,PETROL,658.0,KANDY,RECONDITIONED,2023.0,2,4AA-MK54S,SPACIA
CAR,HONDA,5BD-JJ1 N,JAPAN,PETROL,658.0,GAMPAHA,RECONDITIONED,2022.0,1,5BD-JJ1,N
CAR,SUZUKI,4AA-MH55S WAGON R,JAPAN,PETROL,658.0,GAMPAHA,RECONDITIONED,2023.0,2,4AA-MH55S,WAGON R
CAR,TOYOTA,5BA-A201A RAIZE,JAPAN,PETROL,1196.0,GALLE,RECONDITIONED,2024.0,3,5BA-A201A,RAIZE
CAR,DAIHATSU,5BA-LA350S MIRA,JAPAN,PETROL,656.0,POLONNARUWA,RECONDITIONED,2024.0,1,5BA-LA350S,MIRA
COMMERCIAL,TOYOTA,COMMUTER GDH3018,THAILAND,DIESEL,2755.0,KANDY,RECONDITIONED,2025.0,1,,COMMUTER GDH3018
CAR,TOYOTA,5AA-A202A RAIZE,JAPAN,PETROL/ELE,1196.0,COLOMBO,RECONDITIONED,2024.0,5,5AA-A202A,RAIZE
CAR,TOYOTA,5BA-KSP210 YARIS,JAPAN,PETROL,996.0,JAFFNA,RECONDITIONED,2023.0,6,5BA-KSP210,YARIS
CAR,SUZUKI,5AA-MK94S SPACIA,JAPAN,PETROL,658.0,JAFFNA,RECONDITIONED,2024.0,2,5AA-MK94S,SPACIA
CAR,B.M.W.,3AA-12FJ20 5231,GERMANY,PETROL,1998.0,COLOMBO,RECONDITIONED,2023.0,1,3AA-12FJ20,5231
CAR,TOYOTA,5BA-KSP210 YARIS,JAPAN,PETROL,996.0,BADULLA,RECONDITIONED,2025.0,1,5BA-KSP210,YARIS
CAR,HONDA,CRV VTIL7,THAILAND,PETROL,1498.0,GAMPAHA,RECONDITIONED,2025.0,1,,CRV VTIL7
CAR,TOYOTA,5BA-M700A PASSO,JAPAN,PETROL,996.0,ANURADHAPURA,RECONDITIONED,2023.0,1,5BA-M700A,PASSO
CAR,TOYOTA,3BA-A210A RAIZE,JAPAN,PETROL,996.0,COLOMBO,RECONDITIONED,2023.0,11,3BA-A210A,RAIZE
CAR,JAECOO,J7,MALAYSIA,PETROL/ELE,1499.0,HAMBANTOTA,RECONDITIONED,2025.0,1,,J7
CAR,NISSAN,5AA-B44A ROOX,JAPAN,PETROL,658.0,KURUNEGALA,RECONDITIONED,2024.0,1,5AA-B44A,ROOX
CAR,SUZUKI,5BA-MH85S WAGON R,JAPAN,PETROL,658.0,HAMBANTOTA,RECONDITIONED,2024.0,2,5BA-MH85S,WAGON R
CAR,SUZUKI,5AA-HA97S ALTO,JAPAN,PETROL,658.0,KALUTARA,RECONDITIONED,2023.0,1,5AA-HA97S,ALTO
CAR,TOYOTA,4BAM900A ROOMY,JAPAN,PETROL,996.0,KANDY,RECONDITIONED,2023.0,1,,4BAM900A ROOMY
CAR,SUZUKI,5AA-MH95S WAGON  R,JAPAN,PETROL,658.0,POLONNARUWA,RECONDITIONED,2025.0,1,5AA-MH95S,WAGON  R
CAR,TOYOTA,5BA-A201A  RAIZE,JAPAN,PETROL,1196.0,KURUNEGALA,RECONDITIONED,2022.0,2,5BA-A201A,RAIZE
CAR,MITSUBISHI,4AA-B35W EK X,JAPAN,PETROL,658.0,COLOMBO,RECONDITIONED,2023.0,1,4AA-B35W,EK X
CAR,SUZUKI,5AA-MK94S SPACIA,JAPAN,PETROL,658.0,NUWARA-ELIYA,RECONDITIONED,2023.0,1,5AA-MK94S,SPACIA
CAR,KIA,SYROS,INDIA,PETROL,998.0,KURUNEGALA,RECONDITIONED,2025.0,1,,SYROS
CAR,DAIHATSU,3BA-A210S ROCKY,JAPAN,PETROL,996.0,GAMPAHA,RECONDITIONED,2022.0,1,3BA-A210S,ROCKY
CAR,HONDA,5BA-RZ3  ZR-V,JAPAN,PETROL,1496.0,COLOMBO,RECONDITIONED,2023.0,1,5BA-RZ3,ZR-V
CAR,SUZUKI,5BD-DA17V EVERY,JAPAN,PETROL,658.0,KEGALLE,RECONDITIONED,2024.0,4,5BD-DA17V,EVERY
CAR,TOYOTA,3BA-A201A RAIZE,JAPAN,PETROL,996.0,KURUNEGALA,RECONDITIONED,2025.0,1,3BA-A201A,RAIZE
LAND VEHICLE (SMALL),KUBOTA,K7,JAPAN,DIESEL,401.0,POLONNARUWA,RECONDITIONED,2020.0,2,,K7
CAR,SUZUKI,5AA-MH95S  WAGONR,JAPAN,PETROL,658.0,KURUNEGALA,RECONDITIONED,2023.0,1,5AA-MH95S,WAGONR
DUAL PURPOSE (COMMERCIAL),TOYOTA,HILUX  REVO GR SPORT,THAILAND,DIESEL,2755.0,KURUNEGALA,RECONDITIONED,2025.0,1,,HILUX  REVO GR SPORT
CAR,TOYOTA,5BA-MZEA17 COROLLA,JAPAN,PETROL,1490.0,PUTTALAM,RECONDITIONED,2024.0,1,5BA-MZEA17,COROLLA
CAR,NISSAN,6AA-FE13 NOTE AURA,JAPAN,ELECTRIC,100.0,COLOMBO,RECONDITIONED,2023.0,1,6AA-FE13,NOTE AURA
DUAL PURPOSE (COMMERCIAL),MITSUBISHI,TRITON,THAILAND,DIESEL,2442.0,GALLE,RECONDITIONED,2025.0,1,,TRITON
CAR,TOYOTA,6AA-NKE165G FIELDER,JAPAN,PETROL/ELE,1496.0,COLOMBO,RECONDITIONED,2023.0,1,6AA-NKE165G,FIELDER
DUAL PURPOSE (COMMERCIAL),TOYOTA,3DF-GUN125 ZGR SPORT,THAILAND,DIESEL,2393.0,GAMPAHA,RECONDITIONED,2022.0,1,3DF-GUN125,ZGR SPORT
CAR,DAIHATSU,5BA-LA350 MIRA ES,JAPAN,PETROL,658.0,JAFFNA,RECONDITIONED,2025.0,1,5BA-LA350,MIRA ES
CAR,SUZUKI,5AA-MA95S WAGON R,JAPAN,PETROL,658.0,JAFFNA,RECONDITIONED,2025.0,1,5AA-MA95S,WAGON R
CAR,HONDA,CITY RS,THAILAND,PETROL,988.0,MATARA,RECONDITIONED,2025.0,2,,CITY RS
CAR,TOYOTA,3BA-TRJ250W  PRADO,JAPAN,PETROL,2693.0,RATNAPURA,RECONDITIONED,2024.0,1,3BA-TRJ250W,PRADO
CAR,TOYOTA,5BA-KSP210 YARIS,JAPAN,PETROL,998.0,GALLE,RECONDITIONED,2022.0,1,5BA-KSP210,YARIS
CAR,TOYOTA,3BA-A210A RAIZE,JAPAN,PETROL,996.0,PUTTALAM,RECONDITIONED,2023.0,1,3BA-A210A,RAIZE
CAR,NISSAN,5BA-B43W DAYZ,JAPAN,PETROL,658.0,MATARA,RECONDITIONED,2023.0,2,5BA-B43W,DAYZ
CAR,TOYOTA,3BA-TRJ250W LCRUISER,JAPAN,PETROL,2693.0,COLOMBO,RECONDITIONED,2025.0,1,3BA-TRJ250W,LCRUISER
CAR,NISSAN,5BD-DR17V,JAPAN,PETROL,658.0,COLOMBO,RECONDITIONED,2023.0,2,5BD-DR17V,NV 100
CAR,SUZUKI,5AA-MR92S,JAPAN,PETROL,657.0,COLOMBO,RECONDITIONED,2023.0,1,5AA-MR92S,HUSTER
SINGLE CAB,SUZUKI,3BD-DA16T CARRY,JAPAN,PETROL,650.0,GAMPAHA,RECONDITIONED,2024.0,1,3BD-DA16T,CARRY
CAR,HONDA,6AA-RV5 VEZEL,JAPAN,PETROL/ELE,1496.0,TRINCOMALEE,RECONDITIONED,2025.0,1,6AA-RV5,VEZEL
CAR,SUZUKI,5AA-MK94S SPACIA,JAPAN,PETROL,657.0,GAMPAHA,RECONDITIONED,2025.0,1,5AA-MK94S,SPACIA
CAR,TOYOTA,5AA-A202A RAIZE,JAPAN,ELECTRIC,78.0,BATTICALOA,RECONDITIONED,2023.0,1,5AA-A202A,RAIZE
CAR,TOYOTA,6AA MXPJ10 YARIS,JAPAN,PETROL/ELE,1496.0,COLOMBO,RECONDITIONED,2024.0,1,,6AA MXPJ10 YARIS
CAR,NISSAN,5BA-B43W  DAYZ,JAPAN,PETROL,658.0,GAMPAHA,RECONDITIONED,2023.0,1,5BA-B43W,DAYZ
CAR,TOYOTA,5BA-A201A,JAPAN,PETROL,1196.0,GALLE,RECONDITIONED,2023.0,1,5BA-A201A,Unknown
CAR,SUZUKI,5AA-MK94S SPECIA,JAPAN,PETROL,658.0,GAMPAHA,RECONDITIONED,2024.0,1,5AA-MK94S,SPECIA
CAR,HONDA,6AA-RV5  VEZEL,JAPAN,PETROL/ELE,1496.0,HAMBANTOTA,RECONDITIONED,2023.0,1,6AA-RV5,VEZEL
CAR,SUZUKI,5AA-MK53S SPACIA,JAPAN,PETROL,658.0,GAMPAHA,RECONDITIONED,2023.0,2,5AA-MK53S,SPACIA
CAR,SUZUKI,5BA-MH85S   WAGON R,JAPAN,PETROL,658.0,KALUTARA,RECONDITIONED,2024.0,1,5BA-MH85S,WAGON R
CAR,DAIHATSU,5BA-LA350S MIRA E.S,JAPAN,PETROL,658.0,MATARA,RECONDITIONED,2024.0,2,5BA-LA350S,MIRA E.S
SPECIAL PURPOSE VEHICLE,KOBELCO,LK300 WHEEL LOADER,JAPAN,DIESEL,4700.0,BATTICALOA,RECONDITIONED,2011.0,1,,LK300 WHEEL LOADER
CAR,LAND ROVER,RANGE ROVER AUTOBIO,UNITED KINGDOM,PETROL/ELE,2996.0,COLOMBO,RECONDITIONED,2025.0,4,,RANGE ROVER AUTOBIO
CAR,DAIHATSU,3BD-S700V HIJET,JAPAN,PETROL,658.0,COLOMBO,RECONDITIONED,2024.0,1,3BD-S700V,HIJET
CAR,HONDA,6AA RV5 VEZEL,JAPAN,PETROL/ELE,1496.0,PUTTALAM,RECONDITIONED,2025.0,2,,6AA RV5 VEZEL
CAR,LAND ROVER,RANGE ROVER P400,UNITED KINGDOM,PETROL,2996.0,COLOMBO,RECONDITIONED,2025.0,2,,RANGE ROVER P400
CAR,MERCEDES BENZ,GLB200 AMG LNE PREM,GERMANY,PETROL/ELE,1332.0,COLOMBO,RECONDITIONED,2025.0,1,,GLB200 AMG LNE PREM
DUAL PURPOSE (COMMERCIAL),TOYOTA,HILUX REVO ROCCO,THAILAND,DIESEL,2755.0,MATALE,RECONDITIONED,2025.0,2,,HILUX REVO ROCCO
CAR,SUZUKI,5BA-MH85S WAGON R,JAPAN,PETROL,656.0,COLOMBO,RECONDITIONED,2024.0,1,5BA-MH85S,WAGON R
CAR,DAIHATSU,5BA-LA900S TAFT,JAPAN,PETROL,658.0,KALUTARA,RECONDITIONED,2024.0,3,5BA-LA900S,TAFT
CAR,SUZUKI,3BA-DA17W EVERY,JAPAN,PETROL,658.0,MONERAGALA,RECONDITIONED,2023.0,1,3BA-DA17W,EVERY
CAR,SUZUKI,5AA-MH95S WAGON R,JAPAN,PETROL/ELE,657.0,KALUTARA,RECONDITIONED,2025.0,1,5AA-MH95S,WAGON R
CAR,SUZUKI,3BA-DA17W EVERY,JAPAN,PETROL,650.0,GAMPAHA,RECONDITIONED,2024.0,1,3BA-DA17W,EVERY
CAR,TOYOTA,3BA-A210A RAIZE,JAPAN,PETROL,998.0,MATARA,RECONDITIONED,2023.0,1,3BA-A210A,RAIZE
MOTOR LORRY (COMMERCIAL),MITSUBISHI,TKG-FEB50 CANTER,JAPAN,DIESEL,2990.0,COLOMBO,RECONDITIONED,2013.0,1,TKG-FEB50,CANTER
CAR,TOYOTA,HYRYDER URBANCRUISER,INDIA,PETROL/ELE,1496.0,COLOMBO,RECONDITIONED,2025.0,1,,HYRYDER URBANCRUISER
SINGLE CAB,DAIHATSU,3BD-S510P HIJET,JAPAN,PETROL,658.0,KANDY,RECONDITIONED,2024.0,1,3BD-S510P,HIJET
CAR,HONDA,6AA-RV5  VEZEL,JAPAN,PETROL/ELE,1496.0,JAFFNA,RECONDITIONED,2025.0,1,6AA-RV5,VEZEL
CAR,TOYOTA,5BA-KSP210 YARIS,JAPAN,PETROL,996.0,KALUTARA,RECONDITIONED,2025.0,2,5BA-KSP210,YARIS
MOTOR CYCLE,HONDA,PCX 160,JAPAN,PETROL,157.0,AMPARA,RECONDITIONED,2025.0,1,,PCX 160
CAR,SUZUKI,5BA-MH85S,JAPAN,PETROL,658.0,HAMBANTOTA,RECONDITIONED,2023.0,1,5BA-MH85S,WAGON TR
CAR,SUZUKI,5AA-MH95S,JAPAN,PETROL,658.0,PUTTALAM,RECONDITIONED,2023.0,1,5AA-MH95S,WGON R
CAR,HONDA,6AA-RV5 VEZEL,JAPAN,PETROL/ELE,1496.0,ANURADHAPURA,RECONDITIONED,2024.0,3,6AA-RV5,VEZEL
MOTOR LORRY (COMMERCIAL),ISUZU,TPG-NPR85AN,JAPAN,DIESEL,2990.0,MONERAGALA,RECONDITIONED,2017.0,1,TPG-NPR85AN,Unknown
CAR,TOYOTA,YARIS ATIV NIGHSHADE,THAILAND,PETROL,1197.0,KALUTARA,RECONDITIONED,2025.0,1,,YARIS ATIV NIGHSHADE
CAR,SUZUKI,5AA-MR92S HUSTLER,JAPAN,PETROL,658.0,BATTICALOA,RECONDITIONED,2024.0,1,5AA-MR92S,HUSTLER
CAR,SUZUKI,3BA-JB64W JIMNY,JAPAN,PETROL,658.0,COLOMBO,RECONDITIONED,2023.0,1,3BA-JB64W,JIMNY
CAR,LEXUS,6AA-MAYH10  LBX,JAPAN,PETROL/ELE,1490.0,GAMPAHA,RECONDITIONED,2024.0,1,6AA-MAYH10,LBX
SINGLE CAB,SUZUKI,3BD-DA16T CARRY,JAPAN,PETROL,658.0,GAMPAHA,RECONDITIONED,2022.0,1,3BD-DA16T,CARRY
CAR,SUZUKI,4AA-MK53S SPACIA,JAPAN,PETROL,658.0,MATARA,RECONDITIONED,2023.0,1,4AA-MK53S,SPACIA
CAR,MERCEDES BENZ,4AA-214050C E200,GERMANY,PETROL,1991.0,GAMPAHA,RECONDITIONED,2023.0,1,4AA-214050C,E200
CAR,TOYOTA,4BA-M900A ROOMY,JAPAN,PETROL,996.0,KANDY,RECONDITIONED,2025.0,1,4BA-M900A,ROOMY
CAR,MERCEDES BENZ,4AA-238477C E200,GERMANY,PETROL,1496.0,GAMPAHA,RECONDITIONED,2022.0,1,4AA-238477C,E200
CAR,LEXUS,LX 500D,JAPAN,DIESEL,3346.0,COLOMBO,RECONDITIONED,2025.0,1,,LX 500D
CAR,TOYOTA,5BA-KSP210 YARIS X,JAPAN,PETROL,996.0,COLOMBO,RECONDITIONED,2022.0,1,5BA-KSP210,YARIS X
CAR,SUZUKI,5AA-MK94S SPACIA,JAPAN,PETROL,658.0,KANDY,RECONDITIONED,2025.0,2,5AA-MK94S,SPACIA
CAR,MAZDA,4AA-MM53S,JAPAN,PETROL,658.0,GAMPAHA,RECONDITIONED,2023.0,1,4AA-MM53S,Unknown
CAR,DAIHATSU,5BA-LA350S MIRA,JAPAN,PETROL,658.0,BATTICALOA,RECONDITIONED,2024.0,1,5BA-LA350S,MIRA
CAR,NISSAN,5AA-B444,JAPAN,PETROL,659.0,COLOMBO,RECONDITIONED,2023.0,1,5AA-B444,Unknown
CAR,TOYOTA,5AA-A202A RAIZE,JAPAN,PETROL/ELE,1196.0,KURUNEGALA,RECONDITIONED,2025.0,1,5AA-A202A,RAIZE
CAR,KIA,SONET,INDIA,PETROL,998.0,GALLE,RECONDITIONED,2025.0,1,,SONET
DUAL PURPOSE (COMMERCIAL),TOYOTA,REVO D-CAB ROCCO,THAILAND,DIESEL,2755.0,GAMPAHA,RECONDITIONED,2025.0,2,,REVO D-CAB ROCCO
CAR,TOYOTA,5BA-M700A PASSO,JAPAN,PETROL,996.0,KURUNEGALA,RECONDITIONED,2022.0,1,5BA-M700A,PASSO
CAR,DAIHATSU,5AA-A202S ROCKY,JAPAN,ELECTRIC,78.0,GAMPAHA,RECONDITIONED,2022.0,1,5AA-A202S,ROCKY
CAR,MITSUBISHI,5BA-B33W  EK WAGON,JAPAN,PETROL,658.0,COLOMBO,RECONDITIONED,2024.0,1,5BA-B33W,EK WAGON
CAR,TOYOTA,6AA MXPJ10 YARIS,JAPAN,PETROL/ELE,1496.0,KALUTARA,RECONDITIONED,2024.0,1,,6AA MXPJ10 YARIS
CAR,SUZUKI,5AA-MH95S WAGON R,JAPAN,PETROL,656.0,COLOMBO,RECONDITIONED,2023.0,1,5AA-MH95S,WAGON R
MOTOR CYCLE,HONDA,PCX125,JAPAN,PETROL,124.0,KALUTARA,RECONDITIONED,2025.0,2,,PCX125
CAR,SUZUKI,5BA-MH85S  WAGON R,JAPAN,PETROL,658.0,HAMBANTOTA,RECONDITIONED,2024.0,1,5BA-MH85S,WAGON R
CAR,TOYOTA,5BA-M900A ROOMY,JAPAN,PETROL,996.0,JAFFNA,RECONDITIONED,2025.0,1,5BA-M900A,ROOMY
CAR,SUZUKI,5AA-MH95S WAGON R,JAPAN,PETROL,658.0,MATALE,RECONDITIONED,2022.0,1,5AA-MH95S,WAGON R
CAR,SUZUKI,4AA-MH55S WAGON R,JAPAN,PETROL,658.0,PUTTALAM,RECONDITIONED,2023.0,1,4AA-MH55S,WAGON R
CAR,SUZUKI,5AA-MK94S SPACIA,JAPAN,PETROL,657.0,KURUNEGALA,RECONDITIONED,2023.0,1,5AA-MK94S,SPACIA
CAR,SUZUKI,5BD-DA17V EVERY,JAPAN,PETROL,658.0,MATALE,RECONDITIONED,2025.0,1,5BD-DA17V,EVERY
MOTOR CYCLE,ZHONGAI,ZA-XY-02,CHINA,ELECTRIC,1.0,GALLE,RECONDITIONED,2025.0,1,ZA-XY-02,Unknown
CAR,TOYOTA,6AA-MXPJ10  YARIS,JAPAN,PETROL/ELE,1496.0,BATTICALOA,RECONDITIONED,2023.0,1,6AA-MXPJ10,YARIS
CAR,HONDA,6BA-JF5 N-BOX,JAPAN,PETROL,658.0,GAMPAHA,RECONDITIONED,2024.0,1,6BA-JF5,N-BOX
CAR,TOYOTA,5AA-A202A RAIZE,JAPAN,PETROL/ELE,1196.0,KANDY,RECONDITIONED,2025.0,1,5AA-A202A,RAIZE
CAR,SUZUKI,5AA-MK94S SPACIA,JAPAN,PETROL,658.0,RATNAPURA,RECONDITIONED,2024.0,1,5AA-MK94S,SPACIA
CAR,DAIHATSU,5BA-LA900S,JAPAN,PETROL,658.0,GALLE,RECONDITIONED,2024.0,1,5BA-LA900S,TAFT
CAR,NISSAN,3BA-DR17W NV100,JAPAN,PETROL,656.0,KALUTARA,RECONDITIONED,2023.0,1,3BA-DR17W,NV100
MOTOR LORRY (COMMERCIAL),ISUZU,TSG-NPR85AN ELF,JAPAN,DIESEL,2990.0,TRINCOMALEE,RECONDITIONED,2018.0,1,TSG-NPR85AN,ELF
CAR,MERCEDES BENZ,4AA-247784M GLA 180,GERMANY,PETROL,1339.0,COLOMBO,RECONDITIONED,2024.0,1,4AA-247784M,GLA 180
CAR,SUZUKI,5BA-MH85S WAGON R,JAPAN,PETROL,658.0,BADULLA,RECONDITIONED,2024.0,1,5BA-MH85S,WAGON R
CAR,NISSAN,5AA-B47W DAYZ,JAPAN,PETROL,658.0,GALLE,RECONDITIONED,2023.0,1,5AA-B47W,DAYZ
CAR,DAIHATSU,"5BA-LA350S MIRA E,S",JAPAN,PETROL,658.0,KANDY,RECONDITIONED,2024.0,1,5BA-LA350S,"MIRA E,S"
CAR,TOYOTA,TA150R URBAN CRUISER,INDIA,PETROL,998.0,COLOMBO,RECONDITIONED,2025.0,1,,TA150R URBAN CRUISER
CAR,HONDA,CITY RS,THAILAND,PETROL,988.0,PUTTALAM,RECONDITIONED,2025.0,1,,CITY RS
CAR,DAIHATSU,5BA-LA650S TANTO,JAPAN,PETROL,658.0,COLOMBO,RECONDITIONED,2023.0,2,5BA-LA650S,TANTO
CAR,HONDA,CITY RS,THAILAND,PETROL,988.0,JAFFNA,RECONDITIONED,2025.0,1,,CITY RS
PRIMER MOVER,RENAULT,T 460,FRANCE,DIESEL,10837.0,COLOMBO,RECONDITIONED,2020.0,1,,T 460
MOTOR CYCLE,HONDA,PCX160,THAILAND,PETROL,156.93,COLOMBO,RECONDITIONED,2025.0,1,,PCX160
CAR,HONDA,HONDA CITY RS,THAILAND,PETROL,988.0,COLOMBO,RECONDITIONED,2025.0,1,,HONDA CITY RS
CAR,TOYOTA,6AA-MXPK11 AQUA,JAPAN,PETROL/ELE,1496.0,COLOMBO,RECONDITIONED,2024.0,1,6AA-MXPK11,AQUA
CAR,SUZUKI,5AA-ZCEDS SWIFT,JAPAN,PETROL,1190.0,COLOMBO,RECONDITIONED,2023.0,1,5AA-ZCEDS,SWIFT
CAR,SUZUKI,5AA MH95S WAGON R,JAPAN,PETROL,658.0,GAMPAHA,RECONDITIONED,2025.0,2,,5AA MH95S WAGON R
CAR,SUZUKI,5BD-DA17V EVERY,JAPAN,PETROL,658.0,GAMPAHA,RECONDITIONED,2022.0,1,5BD-DA17V,EVERY
CAR,DAIHATSU,5BA-LA350S MIRA ES,JAPAN,PETROL,658.0,GALLE,RECONDITIONED,2025.0,3,5BA-LA350S,MIRA ES
SPECIAL PURPOSE VEHICLE,TOYOTA,02-8FD25,JAPAN,DIESEL,1200.0,MATARA,RECONDITIONED,2018.0,1,02-8FD25,Unknown
CAR,DAIHATSU,5BA-LA350S MIRA E.S,JAPAN,PETROL,656.0,GAMPAHA,RECONDITIONED,2024.0,2,5BA-LA350S,MIRA E.S
CAR,SUZUKI,5BA-MH85S WAGON R,JAPAN,PETROL,657.0,MATALE,RECONDITIONED,2024.0,1,5BA-MH85S,WAGON R
DUAL PURPOSE (COMMERCIAL),TOYOTA,3DF-GUN125 HILUX,THAILAND,PETROL,2398.0,PUTTALAM,RECONDITIONED,2024.0,1,3DF-GUN125,HILUX
SINGLE CAB,NISSAN,3BD-DR16T,JAPAN,PETROL,658.0,KANDY,RECONDITIONED,2023.0,1,3BD-DR16T,CLIPER
MOTOR LORRY (COMMERCIAL),ISUZU,TPG-NPR85AN,JAPAN,DIESEL,2990.0,PUTTALAM,RECONDITIONED,2017.0,1,TPG-NPR85AN,Unknown
CAR,AUDI,3AA-F3DFY Q3 S LINE,GERMANY,PETROL,1490.0,COLOMBO,RECONDITIONED,2024.0,1,3AA-F3DFY,Q3 S LINE
MOTOR LORRY (COMMERCIAL),HINO,BDG-FG8JUWA RANGER,JAPAN,DIESEL,7680.0,COLOMBO,RECONDITIONED,2009.0,1,BDG-FG8JUWA,RANGER
DUAL PURPOSE (COMMERCIAL),MITSUBISHI,LC1TJLHGCR L200,THAILAND,DIESEL,2442.0,KALUTARA,RECONDITIONED,2025.0,1,,LC1TJLHGCR L200
CAR,TOYOTA,5AA-A202A RAIZE,JAPAN,PETROL/ELE,78.0,BADULLA,RECONDITIONED,2024.0,1,5AA-A202A,RAIZE
CAR,SUZUKI,3BD-DA17V EVERY,JAPAN,PETROL,658.0,GAMPAHA,RECONDITIONED,2024.0,2,3BD-DA17V,EVERY
CAR,DAIHATSU,5BA-LA350S MIRA ES,JAPAN,PETROL,656.0,KANDY,RECONDITIONED,2023.0,1,5BA-LA350S,MIRA ES
CAR,NISSAN,3BD-DR17V CLIPPER,JAPAN,PETROL,658.0,ANURADHAPURA,RECONDITIONED,2024.0,1,3BD-DR17V,CLIPPER
CAR,TOYOTA,6AA ZVG13 COROLLA,JAPAN,PETROL/ELE,1797.0,GAMPAHA,RECONDITIONED,2025.0,1,,6AA ZVG13 COROLLA
CAR,DAIHATSU,5BA-LA350S MIRA ES,JAPAN,PETROL,658.0,RATNAPURA,RECONDITIONED,2023.0,1,5BA-LA350S,MIRA ES
CAR,HONDA,6AA RV5 VEZEL,JAPAN,PETROL/ELE,1490.0,COLOMBO,RECONDITIONED,2024.0,1,,6AA RV5 VEZEL
CAR,MAZDA,5AA-MM53S FLAIR,JAPAN,PETROL,658.0,GALLE,RECONDITIONED,2023.0,1,5AA-MM53S,FLAIR
CAR,KIA,SYROS,INDIA,PETROL,998.0,HAMBANTOTA,RECONDITIONED,2025.0,1,,SYROS
CAR,SUZUKI,5AA-MH95S WAGON R,JAPAN,PETROL,658.0,KURUNEGALA,RECONDITIONED,2024.0,1,5AA-MH95S,WAGON R
CAR,HONDA,6AA-RV5 VEZEL,JAPAN,PETROL/ELE,1496.0,MATARA,RECONDITIONED,2022.0,1,6AA-RV5,VEZEL
DUAL PURPOSE (COMMERCIAL),TOYOTA,HILUX REVO GR SPORT,THAILAND,DIESEL,2755.0,COLOMBO,RECONDITIONED,2024.0,1,,HILUX REVO GR SPORT
MOTOR CYCLE,HONDA,PCX,VIETNAM,PETROL,124.0,KALUTARA,RECONDITIONED,2025.0,1,,PCX
CAR,NISSAN,5BA-B43W,JAPAN,PETROL,658.0,GALLE,RECONDITIONED,2023.0,1,5BA-B43W,DAYZ
MOTOR LORRY (COMMERCIAL),ISUZU,TPG-NPR85AN ELF,JAPAN,DIESEL,2990.0,GAMPAHA,RECONDITIONED,2016.0,1,TPG-NPR85AN,ELF
CAR,TOYOTA,5AA A202A RAIZE,JAPAN,PETROL/ELE,1196.0,POLONNARUWA,RECONDITIONED,2024.0,1,,5AA A202A RAIZE
CAR,HONDA,6AA RV5 VEZEL,JAPAN,PETROL/ELE,1496.0,ANURADHAPURA,RECONDITIONED,2025.0,1,,6AA RV5 VEZEL
CAR,SUZUKI,5AA-MK94SSPACIA,JAPAN,PETROL,658.0,RATNAPURA,RECONDITIONED,2024.0,1,5AA-MK94SSPACIA,Unknown
CAR,HONDA,CITY,JAPAN,PETROL,988.0,ANURADHAPURA,RECONDITIONED,2025.0,1,,CITY
MOTOR CYCLE,HONDA,8BK-MC49,JAPAN,PETROL,249.0,COLOMBO,RECONDITIONED,2023.0,1,8BK-MC49,Unknown
DUAL PURPOSE (COMMERCIAL),TOYOTA,HILUX REVO GR SPORT,THAILAND,DIESEL,2755.0,KURUNEGALA,RECONDITIONED,2025.0,1,,HILUX REVO GR SPORT
CAR,HONDA,6BA-JF3 N BOX,JAPAN,PETROL,658.0,KURUNEGALA,RECONDITIONED,2022.0,1,6BA-JF3,N BOX
MOTOR LORRY (COMMERCIAL),MITSUBISHI,TPG-FEB50 CANTER,JAPAN,DIESEL,2990.0,VAVUNIYA,RECONDITIONED,2017.0,1,TPG-FEB50,CANTER
CAR,SUZUKI,4AA-MH55S WAGON R,JAPAN,PETROL,658.0,KALUTARA,RECONDITIONED,2023.0,1,4AA-MH55S,WAGON R
CAR,HYUNDAI,KONA,UNITED KINGDOM,ELECTRIC,100.0,COLOMBO,RECONDITIONED,2023.0,1,,KONA
SINGLE CAB,SUZUKI,3BD-DA16T CARRY,JAPAN,PETROL,656.0,NUWARA-ELIYA,RECONDITIONED,2023.0,1,3BD-DA16T,CARRY
CAR,DAIHATSU,3BD -S700V ATRAI,JAPAN,PETROL,658.0,KANDY,RECONDITIONED,2023.0,1,,3BD -S700V ATRAI
CAR,SUZUKI,5BD DA17V EVERY,JAPAN,PETROL,658.0,MATALE,RECONDITIONED,2024.0,1,,5BD DA17V EVERY
CAR,MITSUBISHI,5AA-B33W EK WAGON,JAPAN,PETROL,658.0,RATNAPURA,RECONDITIONED,2023.0,1,5AA-B33W,EK WAGON
CAR,SUZUKI,5AA-ZCEDS SWIFT,JAPAN,PETROL,1196.0,COLOMBO,RECONDITIONED,2023.0,2,5AA-ZCEDS,SWIFT
CAR,NISSAN,5AA-B44W DAYZ,JAPAN,PETROL,650.0,GALLE,RECONDITIONED,2023.0,1,5AA-B44W,DAYZ
CAR,NISSAN,5AA-B44A  ROOX,JAPAN,PETROL,658.0,HAMBANTOTA,RECONDITIONED,2024.0,1,5AA-B44A,ROOX
MOTOR CYCLE,HONDA,PCX 160,JAPAN,PETROL,157.0,KEGALLE,RECONDITIONED,2025.0,1,,PCX 160
MOTOR CYCLE,HONDA,JOKER,JAPAN,PETROL,49.0,GALLE,RECONDITIONED,2018.0,1,,JOKER
CAR,DAIHATSU,5AA-A202S  ROCKY,JAPAN,ELECTRIC,78.0,MATALE,RECONDITIONED,2024.0,1,5AA-A202S,ROCKY
CAR,HONDA,6AA-RV5  VEZEL,JAPAN,PETROL/ELE,1490.0,PUTTALAM,RECONDITIONED,2025.0,1,6AA-RV5,VEZEL
CAR,TOYOTA,3BA-TRJ250W VX,JAPAN,PETROL,2698.0,KURUNEGALA,RECONDITIONED,2024.0,1,3BA-TRJ250W,VX
CAR,SUZUKI,5AA-MR92S HUSTLER,JAPAN,PETROL,658.0,RATNAPURA,RECONDITIONED,2023.0,1,5AA-MR92S,HUSTLER
CAR,TOYOTA,5BA-LA350A PIXIS,JAPAN,PETROL,658.0,COLOMBO,RECONDITIONED,2025.0,1,5BA-LA350A,PIXIS
CAR,TOYOTA,5BA M900A ROOMY,JAPAN,PETROL,996.0,GAMPAHA,RECONDITIONED,2024.0,1,,5BA M900A ROOMY
CAR,LAND ROVER,DEFENDERX- DYNAMIC,UNITED KINGDOM,PETROL/ELE,1997.0,COLOMBO,RECONDITIONED,2025.0,1,,DEFENDERX- DYNAMIC
DUAL PURPOSE (COMMERCIAL),TOYOTA,HILUX REVO ROCO,THAILAND,DIESEL,2755.0,COLOMBO,RECONDITIONED,2026.0,1,,HILUX REVO ROCO
CAR,SUZUKI,5AA--MH95S WAGON R,JAPAN,PETROL,658.0,GALLE,RECONDITIONED,2023.0,1,5AA--MH95S,WAGON R
DUAL PURPOSE (COMMERCIAL),TOYOTA,3DF-GUN125 HILUX,JAPAN,DIESEL,2393.0,MATARA,RECONDITIONED,2023.0,1,3DF-GUN125,HILUX
CAR,SUZUKI,3BA-HA37S ALTO,JAPAN,PETROL,650.0,MATALE,RECONDITIONED,2023.0,1,3BA-HA37S,ALTO
CAR,HONDA,CITY RS,THAILAND,PETROL,988.0,HAMBANTOTA,RECONDITIONED,2025.0,1,,CITY RS
CAR,TOYOTA,6AA-MXPJ10,JAPAN,PETROL/ELE,1490.0,KANDY,RECONDITIONED,2024.0,1,6AA-MXPJ10,CROSS
CAR,SUZUKI,5AA-MH95S  WAGON R,JAPAN,PETROL,657.0,KURUNEGALA,RECONDITIONED,2025.0,1,5AA-MH95S,WAGON R
CAR,NISSAN,5AA-B44A ROOX,JAPAN,PETROL,658.0,PUTTALAM,RECONDITIONED,2025.0,1,5AA-B44A,ROOX
CAR,LAND ROVER,RANGE ROVER AUTOBIO,UNITED KINGDOM,PETROL,2996.0,COLOMBO,RECONDITIONED,2025.0,1,,RANGE ROVER AUTOBIO
MOTOR CYCLE,HONDA,PCX160,JAPAN,PETROL,157.0,ANURADHAPURA,RECONDITIONED,2025.0,1,,PCX160
CAR,TOYOTA,4BA-GZEA14H COROLLA,JAPAN,PETROL,1618.0,COLOMBO,RECONDITIONED,2024.0,1,4BA-GZEA14H,COROLLA
CAR,SUZUKI,5AA-MH95S WAGON R,JAPAN,PETROL,658.0,AMPARA,RECONDITIONED,2022.0,1,5AA-MH95S,WAGON R
CAR,SUZUKI,4AA-MH55S WAGON R,JAPAN,PETROL,658.0,BATTICALOA,RECONDITIONED,2024.0,1,4AA-MH55S,WAGON R
CAR,DAIHATSU,5BA-LA350S MIRA ES,JAPAN,PETROL,658.0,COLOMBO,RECONDITIONED,2022.0,1,5BA-LA350S,MIRA ES
CAR,B.M.W.,3CA-22EN30   X7,GERMANY,DIESEL,2993.0,COLOMBO,RECONDITIONED,2024.0,1,3CA-22EN30,X7
COMMERCIAL,TOYOTA,3DF-GDH223B,JAPAN,DIESEL,2754.0,COLOMBO,RECONDITIONED,2024.0,1,3DF-GDH223B,HIACE
CAR,NISSAN,6AA-RP15 KICKS,THAILAND,PETROL/ELE,1196.0,MATARA,RECONDITIONED,2024.0,1,6AA-RP15,KICKS
MOTOR CYCLE,RISE,LEADER 125,SRI LANKA,PETROL,125.0,PUTTALAM,BRAND NEW-L/MANUFACT,2025.0,2,,LEADER 125
MOTOR CYCLE,RISE,LEADER R80 V2.0,SRI LANKA,ELECTRIC,1.5,KILINOCHCHI,BRAND NEW-L/MANUFACT,2025.0,2,,LEADER R80 V2.0
CAR,BAIC,X55  II LUXURY,SRI LANKA,PETROL,1498.0,GAMPAHA,BRAND NEW-L/MANUFACT,2025.0,1,,X55  II LUXURY
MOTOR CYCLE,GALLANT,TM-70,SRI LANKA,PETROL,70.0,MATALE,BRAND NEW-L/MANUFACT,2025.0,1,TM-70,Unknown
MOTOR CYCLE,SUZUKI,BURGMAN,INDIA,PETROL,125.0,COLOMBO,BOUGHT FROM AUCTION,2020.0,1,,BURGMAN
TRACTOR TRAILER/BOWSER,LOCALLY BUILT,TRACTOR  TRAILER,SRI LANKA,NOT STATED,0.0,POLONNARUWA,LOCALLY BUILT,2025.0,1,,TRACTOR  TRAILER
TRACTOR TRAILER/BOWSER,LOCALLY BUILT,TRACTOR  TRAILER,SRI LANKA,NOT STATED,0.0,MONERAGALA,LOCALLY BUILT,2025.0,1,,TRACTOR  TRAILER
LORRY TRAILER/BOWSER,DUTCH LANKA TRAILER,DLST-40/50T,SRI LANKA,NOT STATED,0.0,COLOMBO,LOCALLY BUILT,2025.0,4,DLST-40,/50T
SINGLE CAB,MERCEDES BENZ,SPRINTER 111,UNITED KINGDOM,DIESEL,2148.0,COLOMBO,BOUGHT FROM AUCTION,2008.0,1,,SPRINTER 111
LORRY TRAILER/BOWSER,DUTCH LANKA TRAILER,DLST 40/40T,SRI LANKA,NOT STATED,0.0,GAMPAHA,LOCALLY BUILT,2025.0,1,,DLST 40/40T
TRACTOR TRAILER/BOWSER,LOCALLY BUILT,TANKER BOWSER,SRI LANKA,NOT STATED,0.0,MATARA,LOCALLY BUILT,2025.0,1,,TANKER BOWSER
TRACTOR TRAILER/BOWSER,LOCALLY BUILT,TRACTOR TRAILER,SRI LANKA,NOT STATED,0.0,RATNAPURA,LOCALLY BUILT,2025.0,1,,TRACTOR TRAILER
LAND VEHICLE (SMALL),LAND FORCE,RK125,THAILAND,DIESEL,624.0,COLOMBO,BRAND NEW,2025.0,1,,RK125
CAR,TOYOTA,5BA-KSP210  YARIS,JAPAN,PETROL,996.0,COLOMBO,BRAND NEW,2023.0,1,5BA-KSP210,YARIS
MOTOR CYCLE,TVS,TVS NTORQ 125 CC,INDIA,PETROL,124.8,ANURADHAPURA,BRAND NEW,2025.0,317,,TVS NTORQ 125 CC
MOTOR CYCLE,TVS,TVS NTORQ 125 CC,INDIA,PETROL,124.8,KANDY,BRAND NEW,2025.0,279,,TVS NTORQ 125 CC
MOTOR CYCLE,TVS,TVS RAIDER 125,INDIA,PETROL,124.66,MONERAGALA,BRAND NEW,2025.0,31,,TVS RAIDER 125
MOTOR LORRY (COMMERCIAL),ISUZU,FTR34UU-PDN FREEZER,JAPAN,DIESEL,7790.0,POLONNARUWA,BRAND NEW,2025.0,1,,FTR34UU-PDN FREEZER
THREE WHEELER,TVS,KING,INDIA,PETROL,199.26,COLOMBO,BRAND NEW,2025.0,116,,KING
MOTOR CYCLE,YAMAHA,FZ S FI VER 4.0,INDIA,PETROL,149.0,BADULLA,BRAND NEW,2025.0,9,,FZ S FI VER 4.0
DUAL PURPOSE (COMMERCIAL),TOYOTA,GUN126R-DTTHX  HILUX,THAILAND,DIESEL,2755.0,ANURADHAPURA,BRAND NEW,2025.0,1,,GUN126R-DTTHX  HILUX
CAR,TOYOTA,A250RA-GBVV RAIZE,INDONESIA,PETROL,998.0,COLOMBO,BRAND NEW,2025.0,114,,A250RA-GBVV RAIZE
MOTOR CYCLE,YAMAHA,RAY ZR 125,INDIA,PETROL,125.0,HAMBANTOTA,BRAND NEW,2025.0,10,,RAY ZR 125
MOTOR CYCLE,HONDA,DIO DLX,INDIA,PETROL,109.0,VAVUNIYA,BRAND NEW,2025.0,19,,DIO DLX
MOTOR CYCLE,HONDA,DIO STD,INDIA,PETROL,109.0,BATTICALOA,BRAND NEW,2025.0,65,,DIO STD
MOTOR CYCLE,BAJAJ,PULSAR NS 200,INDIA,PETROL,199.5,GAMPAHA,BRAND NEW,2025.0,85,,PULSAR NS 200
SINGLE CAB,MAHINDRA,BOLERO CITY PICKUP,INDIA,DIESEL,2523.0,COLOMBO,BRAND NEW,2025.0,35,,BOLERO CITY PICKUP
CAR,NISSAN,MAGNITE ACENTA BR10,INDIA,PETROL,999.0,HAMBANTOTA,BRAND NEW,2025.0,4,,MAGNITE ACENTA BR10
CAR,BYD,ATTO-3-SUPERIOR,CHINA,ELECTRIC,100.0,GAMPAHA,BRAND NEW,2025.0,2,ATTO-3-SUPERIOR,Unknown
CAR,BYD,SEALION 6 SUPERIOR,CHINA,PETROL/ELE,1498.0,GAMPAHA,BRAND NEW,2025.0,72,,SEALION 6 SUPERIOR
CAR,BYD,M6 SUPERIOR,CHINA,ELECTRIC,100.0,GAMPAHA,BRAND NEW,2025.0,1,,M6 SUPERIOR
MOTOR CYCLE,BAJAJ,PULSAR N 160,INDIA,PETROL,164.32,COLOMBO,BRAND NEW,2025.0,214,,PULSAR N 160
MOTOR CYCLE,BAJAJ,PULSAR N 160,INDIA,PETROL,164.32,POLONNARUWA,BRAND NEW,2025.0,43,,PULSAR N 160
MOTOR CYCLE,BAJAJ,PULSAR NS 200,INDIA,PETROL,199.5,MATALE,BRAND NEW,2025.0,29,,PULSAR NS 200
LAND VEHICLE,MAHINDRA,YUVO TECH PLUS 575DI,INDIA,DIESEL,2979.0,JAFFNA,BRAND NEW,2025.0,19,,YUVO TECH PLUS 575DI
MOTOR CYCLE,BAJAJ,PULSAR N 160,INDIA,PETROL,164.32,HAMBANTOTA,BRAND NEW,2025.0,52,,PULSAR N 160
MOTOR CYCLE,BAJAJ,PULSAR N 160,INDIA,PETROL,164.32,JAFFNA,BRAND NEW,2025.0,62,,PULSAR N 160
THREE WHEELER,BAJAJ,RE 4S AUTORICKSHAW,INDIA,PETROL,237.0,NUWARA-ELIYA,BRAND NEW,2025.0,60,,RE 4S AUTORICKSHAW
THREE WHEELER,BAJAJ,RE 4S AUTORICKSHAW,INDIA,PETROL,237.0,BADULLA,BRAND NEW,2025.0,73,,RE 4S AUTORICKSHAW
LAND VEHICLE,SOLIS,4520,INDIA,DIESEL,2893.0,HAMBANTOTA,BRAND NEW,2024.0,1,,4520
CAR,NISSAN,MAGNITE N-CONNECTA,INDIA,PETROL,999.0,KURUNEGALA,BRAND NEW,2025.0,3,,MAGNITE N-CONNECTA
THREE WHEELER,BAJAJ,RE 4S AUTORICKSHAW,INDIA,PETROL,237.0,MANNAR,BRAND NEW,2025.0,9,,RE 4S AUTORICKSHAW
LAND VEHICLE,TAFE,45DI,INDIA,DIESEL,2500.0,ANURADHAPURA,BRAND NEW,2025.0,40,,45DI
LAND VEHICLE,TAFE,45DI,INDIA,DIESEL,2500.0,AMPARA,BRAND NEW,2025.0,15,,45DI
CAR,NISSAN,MAGNITE ACENTA BR10,INDIA,PETROL,999.0,GALLE,BRAND NEW,2025.0,9,,MAGNITE ACENTA BR10
CAR,NISSAN,MAGNITE TEKNA PLUS,INDIA,PETROL,999.0,NUWARA-ELIYA,BRAND NEW,2025.0,1,,MAGNITE TEKNA PLUS
MOTOR CYCLE,HERO,HUNK 160,INDIA,PETROL,163.14,KEGALLE,BRAND NEW,2025.0,26,,HUNK 160
MOTOR CYCLE,YAMAHA,MT 15 VER 2.0,INDIA,PETROL,155.0,COLOMBO,BRAND NEW,2025.0,20,,MT 15 VER 2.0
MOTOR CYCLE,ATHER,450X,INDIA,ELECTRIC,3.0,ANURADHAPURA,BRAND NEW,2025.0,4,,450X
LAND VEHICLE,TAFE,45DI,INDIA,DIESEL,2700.0,ANURADHAPURA,BRAND NEW,2025.0,30,,45DI
MOTOR CYCLE,BAJAJ,PULSAR N 160,INDIA,PETROL,164.32,KURUNEGALA,BRAND NEW,2025.0,171,,PULSAR N 160
MOTOR CYCLE,HERO,HF-DELUXE,INDIA,PETROL,97.2,KURUNEGALA,BRAND NEW,2025.0,12,HF-DELUXE,Unknown
MOTOR CYCLE,YAMAHA,FZ  VER 2.0,INDIA,PETROL,149.0,COLOMBO,BRAND NEW,2025.0,3,,FZ  VER 2.0
MOTOR CYCLE,HONDA,PCX160,INDONESIA,PETROL,157.0,COLOMBO,BRAND NEW,2025.0,1,,PCX160
MOTOR CYCLE,HERO,XOOM-110,INDIA,PETROL,110.9,TRINCOMALEE,BRAND NEW,2025.0,29,XOOM-110,Unknown
MOTOR CYCLE,LUYUAN,MS70 Z23E,CHINA,ELECTRIC,1.2,GALLE,BRAND NEW,2025.0,9,,MS70 Z23E
MOTOR CYCLE,LUYUAN,MS70 Z23E,CHINA,ELECTRIC,1.2,KURUNEGALA,BRAND NEW,2025.0,3,,MS70 Z23E
MOTOR CYCLE,TVS,TVS NTORQ 125 CC,INDIA,PETROL,124.8,RATNAPURA,BRAND NEW,2020.0,1,,TVS NTORQ 125 CC
MOTOR CYCLE,TVS,TVS RAIDER 125,INDIA,PETROL,124.66,HAMBANTOTA,BRAND NEW,2025.0,17,,TVS RAIDER 125
MOTOR CYCLE,VMOTO,CITI,CHINA,ELECTRIC,2.0,ANURADHAPURA,BRAND NEW,2025.0,9,,CITI
MOTOR CYCLE,TAILG,RED RABBIT,CHINA,ELECTRIC,1.2,POLONNARUWA,BRAND NEW,2024.0,1,,RED RABBIT
MOTOR CYCLE,YAMAHA,YZF R15 VER 4.0,INDIA,PETROL,155.0,AMPARA,BRAND NEW,2025.0,5,,YZF R15 VER 4.0
MOTOR CYCLE,RANOMOTO,PATTAYA DOUBLE POWER,CHINA,PETROL,80.0,MULLATIVU,BRAND NEW,2025.0,1,,PATTAYA DOUBLE POWER
MOTOR CYCLE,RANOMOTO,PATTAYA DOUBLE POWER,CHINA,PETROL,80.0,PUTTALAM,BRAND NEW,2025.0,4,,PATTAYA DOUBLE POWER
MOTOR CYCLE,AIMA,MAVERICK,CHINA,ELECTRIC,2.0,KURUNEGALA,BRAND NEW,2025.0,17,,MAVERICK
MOTOR CYCLE,AIMA,BREEZY,CHINA,ELECTRIC,0.8,AMPARA,BRAND NEW,2025.0,12,,BREEZY
MOTOR CYCLE,HONDA,DIO DLX,INDIA,PETROL,109.0,RATNAPURA,BRAND NEW,2025.0,52,,DIO DLX
MOTOR CYCLE,BAJAJ,PULSAR NS 200,INDIA,PETROL,199.5,RATNAPURA,BRAND NEW,2025.0,40,,PULSAR NS 200
MOTOR CYCLE,BAJAJ,PULSAR N 160,INDIA,PETROL,164.32,MATARA,BRAND NEW,2025.0,48,,PULSAR N 160
THREE WHEELER,TVS,KING,INDIA,PETROL,199.26,BATTICALOA,BRAND NEW,2025.0,16,,KING
COMMERCIAL,TOYOTA,KDH223R-LEMDYT HIACE,JAPAN,DIESEL,2982.0,GAMPAHA,BRAND NEW,2025.0,10,,KDH223R-LEMDYT HIACE
MOTOR CYCLE,YAMAHA,MT 15 VER 2.0,INDIA,PETROL,155.0,KURUNEGALA,BRAND NEW,2025.0,16,,MT 15 VER 2.0
MOTOR CYCLE,YAMAHA,RAY ZRSTREETRALLY125,INDIA,PETROL,125.0,RATNAPURA,BRAND NEW,2025.0,11,,RAY ZRSTREETRALLY125
MOTOR CYCLE,YAMAHA,YZF R15 VER 4.0,INDIA,PETROL,155.0,PUTTALAM,BRAND NEW,2025.0,5,,YZF R15 VER 4.0
MOTOR LORRY (COMMERCIAL),MITSUBISHI,FEA51ER4SDSC,JAPAN,DIESEL,2998.0,KALUTARA,BRAND NEW,2023.0,1,,FEA51ER4SDSC
COMMERCIAL,GOLDEN DRAGON,XML6122J34,CHINA,DIESEL,8400.0,MATARA,BRAND NEW,2025.0,2,,XML6122J34
MOTOR CYCLE,HERO,XTREME 125 R,INDIA,PETROL,124.7,KALUTARA,BRAND NEW,2025.0,26,,XTREME 125 R
MOTOR CYCLE,HERO,XTREME 125 R,INDIA,PETROL,124.7,MONERAGALA,BRAND NEW,2025.0,14,,XTREME 125 R
MOTOR CYCLE,HERO,XTREME 125 R,INDIA,PETROL,124.7,ANURADHAPURA,BRAND NEW,2025.0,25,,XTREME 125 R
MOTOR CYCLE,TMR QUANLE,ZL,CHINA,ELECTRIC,2.0,ANURADHAPURA,BRAND NEW,2025.0,6,,ZL
MOTOR CYCLE,TMR LUYUAN,COLA 5,CHINA,ELECTRIC,0.4,MATALE,BRAND NEW,2025.0,1,,COLA 5
MOTOR CYCLE,LUYUAN,MNK3,CHINA,ELECTRIC,1.5,KURUNEGALA,BRAND NEW,2025.0,16,,MNK3
MOTOR CYCLE,NWOW,SE,CHINA,ELECTRIC,0.8,COLOMBO,BRAND NEW,2025.0,16,,SE
MOTOR CYCLE,TVS,TVS RAIDER 125,INDIA,PETROL,124.66,MULLATIVU,BRAND NEW,2025.0,4,,TVS RAIDER 125
THREE WHEELER,PIAGGIO,APE AUTO DX,INDIA,DIESEL,435.0,MONERAGALA,BRAND NEW,2025.0,6,,APE AUTO DX
MOTOR CYCLE,SOLID,ROBOT,CHINA,ELECTRIC,1.2,GAMPAHA,BRAND NEW,2025.0,4,,ROBOT
MOTOR CYCLE,ATHER,450X,INDIA,ELECTRIC,3.0,COLOMBO,BRAND NEW,2024.0,3,,450X
MOTOR CYCLE,BAJAJ,PULSAR N 125,INDIA,PETROL,124.58,MANNAR,BRAND NEW,2025.0,3,,PULSAR N 125
COMMERCIAL,SUNLONG,SK09M24,CHINA,DIESEL,7800.0,GAMPAHA,BRAND NEW,2024.0,1,,SK09M24
MOTOR CYCLE,HERO,XOOM-110,INDIA,PETROL,110.9,RATNAPURA,BRAND NEW,2025.0,61,XOOM-110,Unknown
COMMERCIAL,TOYOTA,HIACE-GDH301R-GDTDY,JAPAN,DIESEL,2755.0,COLOMBO,BRAND NEW,2025.0,9,HIACE-GDH301R-GDTDY,Unknown
LAND VEHICLE (SMALL),VOLTA,RV 125,CHINA,DIESEL,624.0,ANURADHAPURA,BRAND NEW,2025.0,1,,RV 125
SINGLE CAB,TATA,ACE HT2,INDIA,DIESEL,702.0,HAMBANTOTA,BRAND NEW,2025.0,1,,ACE HT2
LAND VEHICLE,MAHINDRA,YUVO TECH PLUS 575DI,INDIA,DIESEL,2979.0,AMPARA,BRAND NEW,2025.0,7,,YUVO TECH PLUS 575DI
MOTOR CYCLE,YAMAHA,YZF R15 VER 4.0,INDIA,PETROL,155.0,MONERAGALA,BRAND NEW,2025.0,1,,YZF R15 VER 4.0
MOTOR LORRY (COMMERCIAL),ISUZU,NQR75U-KN5VAYN,JAPAN,DIESEL,5193.0,ANURADHAPURA,BRAND NEW,2025.0,1,,NQR75U-KN5VAYN
CAR,DONGFENG,BOX E3,CHINA,ELECTRIC,50.0,COLOMBO,BRAND NEW,2025.0,9,,BOX E3
COMMERCIAL,TOYOTA,HIACE-GDH301R-GDTDY,JAPAN,DIESEL,2755.0,KALUTARA,BRAND NEW,2025.0,4,HIACE-GDH301R-GDTDY,Unknown
CAR,BAW,E7,CHINA,ELECTRIC,30.0,GALLE,BRAND NEW,2025.0,6,,E7
MOTOR CYCLE,YADEA,T5,CHINA,ELECTRIC,1.2,KURUNEGALA,BRAND NEW,2025.0,277,,T5
MOTOR CYCLE,YADEA,T5,CHINA,ELECTRIC,1.2,BADULLA,BRAND NEW,2025.0,13,,T5
MOTOR CYCLE,ATHER,450X,INDIA,ELECTRIC,3.0,MATALE,BRAND NEW,2025.0,2,,450X
LAND VEHICLE,MAHINDRA,YUVO TECH PLUS 585DI,INDIA,DIESEL,2979.0,PUTTALAM,BRAND NEW,2025.0,4,,YUVO TECH PLUS 585DI
MOTOR CYCLE,NWOW,TK 10,CHINA,ELECTRIC,0.8,PUTTALAM,BRAND NEW,2025.0,3,,TK 10
MOTOR CYCLE,YADEA,EPOC H,CHINA,ELECTRIC,2.0,COLOMBO,BRAND NEW,2025.0,7,,EPOC H
DUAL PURPOSE (COMMERCIAL),MAZDA,BT50,THAILAND,DIESEL,2999.0,COLOMBO,BRAND NEW,2025.0,1,,BT50
MOTOR CYCLE,WUXI,TSY,CHINA,PETROL,125.0,GAMPAHA,BRAND NEW,2025.0,1,,TSY
DUAL PURPOSE (COMMERCIAL),FORD,RANGER RAPTOR,THAILAND,DIESEL,1996.0,MATARA,BRAND NEW,2025.0,1,,RANGER RAPTOR
MOTOR CYCLE,YADEA,T5,CHINA,ELECTRIC,1.2,MONERAGALA,BRAND NEW,2025.0,31,,T5
MOTOR CYCLE,YADEA,T 9,CHINA,ELECTRIC,2.0,AMPARA,BRAND NEW,2025.0,1,,T 9
CAR,SUZUKI,FRONX,INDIA,PETROL,998.0,KALUTARA,BRAND NEW,2025.0,11,,FRONX
CAR,SUZUKI,FRONX,INDIA,PETROL,998.0,BADULLA,BRAND NEW,2025.0,4,,FRONX
MOTOR CYCLE,YAMAHA,FZ S FI VER 4.0,INDIA,PETROL,149.0,MULLATIVU,BRAND NEW,2025.0,1,,FZ S FI VER 4.0
CAR,BYD,SEALION 6 SUPERIOR,CHINA,PETROL/ELE,1498.0,ANURADHAPURA,BRAND NEW,2025.0,5,,SEALION 6 SUPERIOR
CAR,NISSAN,MAGNITE N-CONNECTA,INDIA,PETROL,999.0,GALLE,BRAND NEW,2025.0,3,,MAGNITE N-CONNECTA
CAR,SUZUKI,FRONX,INDIA,PETROL,998.0,MATALE,BRAND NEW,2025.0,2,,FRONX
MOTOR CYCLE,TMR LUYUAN,MQQ6,CHINA,ELECTRIC,0.8,GAMPAHA,BRAND NEW,2025.0,2,,MQQ6
MOTOR CYCLE,TMR QUANLE,G18,CHINA,ELECTRIC,2.0,HAMBANTOTA,BRAND NEW,2025.0,2,,G18
MOTOR CYCLE,YAMAHA,MT 15 VER 2.0,INDIA,PETROL,155.0,MATARA,BRAND NEW,2025.0,9,,MT 15 VER 2.0
LAND VEHICLE,TAFE,45DI,INDIA,DIESEL,2700.0,VAVUNIYA,BRAND NEW,2025.0,2,,45DI
LAND VEHICLE,TAFE,7250.DI,INDIA,DIESEL,2500.0,MONERAGALA,BRAND NEW,2025.0,1,,7250.DI
MOTOR CYCLE,RANOMOTO,PATTAYA DOUBLE POWER,CHINA,PETROL,80.0,GAMPAHA,BRAND NEW,2025.0,18,,PATTAYA DOUBLE POWER
MOTOR CYCLE,AIMA,LIBERTY,CHINA,ELECTRIC,1.2,MATARA,BRAND NEW,2025.0,4,,LIBERTY
THREE WHEELER,PIAGGIO,APE AUTO DX,INDIA,DIESEL,435.0,KURUNEGALA,BRAND NEW,2025.0,6,,APE AUTO DX
MOTOR CYCLE,LIMA,EL07,CHINA,ELECTRIC,1.5,ANURADHAPURA,BRAND NEW,2025.0,12,,EL07
MOTOR CYCLE,LIMA,EL07,CHINA,ELECTRIC,1.5,MATALE,BRAND NEW,2025.0,3,,EL07
CAR,CHANGAN,S05,THAILAND,ELECTRIC,99.0,COLOMBO,BRAND NEW,2025.0,4,,S05
CAR,CHANGAN,S 07,CHINA,ELECTRIC,99.0,GAMPAHA,BRAND NEW,2025.0,2,,S 07
DUAL PURPOSE (COMMERCIAL),MAZDA,BT50,THAILAND,DIESEL,1898.0,GAMPAHA,BRAND NEW,2025.0,1,,BT50
MOTOR CYCLE,HERO,HF-DELUXE,INDIA,PETROL,97.2,KEGALLE,BRAND NEW,2025.0,1,HF-DELUXE,Unknown
SINGLE CAB,MAHINDRA,BOLERO CITY PICKUP,INDIA,DIESEL,2523.0,POLONNARUWA,BRAND NEW,2025.0,5,,BOLERO CITY PICKUP
MOTOR LORRY (COMMERCIAL),TATA,LPT-2518,INDIA,DIESEL,5883.0,RATNAPURA,BRAND NEW,2025.0,1,LPT-2518,Unknown
MOTOR CYCLE,YAMAHA,RAY ZR,INDIA,PETROL,113.0,POLONNARUWA,BRAND NEW,2025.0,3,,RAY ZR
COMMERCIAL,LANKA ASHOK LEYLAND,LYNX,INDIA,DIESEL,6014.0,COLOMBO,BRAND NEW,2025.0,1,,LYNX
MOTOR LORRY (COMMERCIAL),MITSUBISHI,FECX1ER4SDSC,JAPAN,DIESEL,2998.0,GAMPAHA,BRAND NEW,2025.0,1,,FECX1ER4SDSC
CAR,GAC,AION V LUXURY,CHINA,ELECTRIC,100.0,KALUTARA,BRAND NEW,2025.0,1,,AION V LUXURY
LAND VEHICLE,KUBOTA,L 4508,JAPAN,DIESEL,2197.0,HAMBANTOTA,BRAND NEW,2022.0,1,,L 4508
MOTOR CYCLE,LUYUAN ALFA,MKK-Z23E-12-C,CHINA,ELECTRIC,1.2,GALLE,BRAND NEW,2025.0,4,MKK-Z23E-12-C,Unknown
MOTOR CYCLE,BAJAJ,CT 100 ES,SRI LANKA,PETROL,102.0,COLOMBO,BRAND NEW,2025.0,1,,CT 100 ES
MOTOR CYCLE,BAJAJ,PULSAR N 125,INDIA,PETROL,124.58,VAVUNIYA,BRAND NEW,2025.0,5,,PULSAR N 125
MOTOR CYCLE,AIMA,LIBERTY,CHINA,ELECTRIC,1.2,PUTTALAM,BRAND NEW,2025.0,1,,LIBERTY
LAND VEHICLE (SMALL),VIKYNO,RV125-2,VIETNAM,DIESEL,624.0,AMPARA,BRAND NEW,2025.0,2,RV125-2,Unknown
MOTOR CYCLE,YADEA,M6,CHINA,ELECTRIC,1.2,KURUNEGALA,BRAND NEW,2025.0,10,,M6
MOTOR CYCLE,YADEA,M6,CHINA,ELECTRIC,1.2,GALLE,BRAND NEW,2025.0,1,,M6
MOTOR CYCLE,YADEA,T5,CHINA,ELECTRIC,1.2,MANNAR,BRAND NEW,2025.0,3,,T5
CAR,BAW,E7,CHINA,ELECTRIC,30.0,BADULLA,BRAND NEW,2025.0,4,,E7
CAR,BYD,SEALION 6 SUPERIOR,CHINA,PETROL/ELE,1498.0,AMPARA,BRAND NEW,2025.0,4,,SEALION 6 SUPERIOR
CAR,BYD,SEALION 6 SUPERIOR,CHINA,PETROL/ELE,1498.0,MONERAGALA,BRAND NEW,2025.0,4,,SEALION 6 SUPERIOR
CAR,PERODUA,BEZZA,MALAYSIA,PETROL,998.0,JAFFNA,BRAND NEW,2025.0,1,,BEZZA
CAR,MITSUBISHI,NC1WXRPGRV1 XPANDER,INDONESIA,PETROL,1499.0,COLOMBO,BRAND NEW,2025.0,1,,NC1WXRPGRV1 XPANDER
LAND VEHICLE,JOHN DEERE,5047D,INDIA,DIESEL,2940.0,BATTICALOA,BRAND NEW,2025.0,2,,5047D
LAND VEHICLE,JOHN DEERE,5050D,INDIA,DIESEL,2940.0,MATALE,BRAND NEW,2025.0,2,,5050D
LAND VEHICLE,KARTAR,GLOBETRAC 4736 4WD,INDIA,DIESEL,3117.0,POLONNARUWA,BRAND NEW,2025.0,2,,GLOBETRAC 4736 4WD
MOTOR CYCLE,HONDA,ADV 160,INDONESIA,PETROL,157.0,COLOMBO,BRAND NEW,2025.0,1,,ADV 160
LAND VEHICLE,MAHINDRA,YUVO TECH PLUS 575DI,INDIA,DIESEL,2979.0,KURUNEGALA,BRAND NEW,2025.0,8,,YUVO TECH PLUS 575DI
MOTOR CYCLE,AIMA,MANA,CHINA,ELECTRIC,1.5,POLONNARUWA,BRAND NEW,2025.0,1,,MANA
COMMERCIAL,TATA,LP 712,INDIA,DIESEL,3783.0,RATNAPURA,BRAND NEW,2025.0,1,,LP 712
COMMERCIAL,TATA,LP 712,INDIA,DIESEL,3783.0,KURUNEGALA,BRAND NEW,2025.0,1,,LP 712
LAND VEHICLE,SWARAJ,855,INDIA,DIESEL,3478.2,TRINCOMALEE,BRAND NEW,2024.0,1,,855
DUAL PURPOSE (COMMERCIAL),BYD,SHARK 6,CHINA,PETROL/ELE,1498.0,AMPARA,BRAND NEW,2025.0,2,,SHARK 6
MOTOR CYCLE,WUXI,MC-TK-03,CHINA,PETROL,125.0,BATTICALOA,BRAND NEW,2025.0,2,MC-TK-03,Unknown
MOTOR CYCLE,YADEA,T 9,CHINA,ELECTRIC,2.0,MONERAGALA,BRAND NEW,2025.0,5,,T 9
MOTOR CYCLE,YADEA,M6,CHINA,ELECTRIC,1.2,PUTTALAM,BRAND NEW,2025.0,1,,M6
LAND VEHICLE,KUBOTA,L 4508,JAPAN,DIESEL,2197.0,MULLATIVU,BRAND NEW,2025.0,1,,L 4508
LAND VEHICLE (SMALL),VIKYNO,RV80 - POWER TILLER,VIETNAM,DIESEL,443.0,ANURADHAPURA,BRAND NEW,2025.0,1,,RV80 - POWER TILLER
MOTOR CYCLE,HERO,XOOM 125R,INDIA,PETROL,125.0,COLOMBO,BRAND NEW,2025.0,1,,XOOM 125R
MOTOR CYCLE,TERRA,A4000I,VIETNAM,ELECTRIC,1.9,KURUNEGALA,BRAND NEW,2015.0,1,,A4000I
MOTOR CYCLE,TMR QUANLE,ZL,CHINA,ELECTRIC,2.0,MONERAGALA,BRAND NEW,2025.0,1,,ZL
MOTOR CYCLE,TMR QUANLE,ZL,CHINA,ELECTRIC,2.0,AMPARA,BRAND NEW,2025.0,2,,ZL
MOTOR CYCLE,TMR QUANLE,G18,CHINA,ELECTRIC,2.0,MANNAR,BRAND NEW,2025.0,1,,G18
MOTOR CYCLE,TAKASHI,ES LITE,CHINA,ELECTRIC,1.2,COLOMBO,BRAND NEW,2025.0,1,,ES LITE
MOTOR CYCLE,ROYAL ENFIELD,CLASSIC 350,INDIA,PETROL,349.0,COLOMBO,BRAND NEW,2025.0,15,,CLASSIC 350
LAND VEHICLE,JOHN DEERE,5047D,INDIA,DIESEL,2940.0,ANURADHAPURA,BRAND NEW,2025.0,10,,5047D
LAND VEHICLE,JOHN DEERE,5047D,INDIA,DIESEL,2940.0,VAVUNIYA,BRAND NEW,2025.0,5,,5047D
MOTOR CYCLE,HUAIHAI,ZL9,CHINA,ELECTRIC,1.5,HAMBANTOTA,BRAND NEW,2025.0,1,,ZL9
MOTOR CYCLE,NWOW,SE,CHINA,ELECTRIC,0.8,GAMPAHA,BRAND NEW,2019.0,2,,SE
THREE WHEELER,NWOW,ERVS4 PLUS,CHINA,ELECTRIC,0.8,RATNAPURA,BRAND NEW,2025.0,1,,ERVS4 PLUS
MOTOR CYCLE,ROYAL ENFIELD,METEOR 350,INDIA,PETROL,350.0,KALUTARA,BRAND NEW,2025.0,1,,METEOR 350
CAR,TOYOTA,WIGO A350RA GBNE,INDONESIA,PETROL,998.0,KANDY,BRAND NEW,2025.0,8,,WIGO A350RA GBNE
MOTOR CYCLE,WUXI,TQ,CHINA,PETROL,125.0,MATARA,BRAND NEW,2025.0,1,,TQ
MOTOR CYCLE,BAJAJ,CT 100 ES,SRI LANKA,PETROL,102.0,RATNAPURA,BRAND NEW,2025.0,4,,CT 100 ES
MOTOR LORRY (COMMERCIAL),ISUZU,FSR34SU-LCN,JAPAN,DIESEL,7790.0,GAMPAHA,BRAND NEW,2025.0,1,,FSR34SU-LCN
MOTOR LORRY (COMMERCIAL),ISUZU,NPR75U-HL5VAYN,JAPAN,DIESEL,5193.0,PUTTALAM,BRAND NEW,2025.0,1,,NPR75U-HL5VAYN
COMMERCIAL,TOYOTA,KDH223R-LEMDYT HIACE,JAPAN,DIESEL,2982.0,NUWARA-ELIYA,BRAND NEW,2025.0,1,,KDH223R-LEMDYT HIACE
MOTOR LORRY (COMMERCIAL),TATA,LPT-2518,INDIA,DIESEL,5883.0,JAFFNA,BRAND NEW,2025.0,1,LPT-2518,Unknown
LAND VEHICLE,SWARAJ,855,INDIA,DIESEL,3478.2,ANURADHAPURA,BRAND NEW,2025.0,4,,855
SINGLE CAB,MAHINDRA,BOLERO CITY PICKUP,INDIA,DIESEL,2523.0,MATALE,BRAND NEW,2025.0,1,,BOLERO CITY PICKUP
MOTOR CYCLE,ATHER,450X,INDIA,ELECTRIC,3.0,TRINCOMALEE,BRAND NEW,2025.0,3,,450X
MOTOR CYCLE,TAKASHI,ES PRO PLUS,CHINA,ELECTRIC,1.5,KURUNEGALA,BRAND NEW,2025.0,2,,ES PRO PLUS
CAR,BAW,E7,CHINA,ELECTRIC,30.0,MATALE,BRAND NEW,2025.0,2,,E7
LAND VEHICLE,SONALIKA,DI-50RX-4WD,INDIA,DIESEL,3067.0,MONERAGALA,BRAND NEW,2025.0,1,DI-50RX-4WD,Unknown
MOTOR TRICYCLE VAN,PIAGGIO,APE-XTRA-DX,INDIA,DIESEL,435.0,GALLE,BRAND NEW,2025.0,3,APE-XTRA-DX,Unknown
MOTOR TRICYCLE VAN,PIAGGIO,APE-XTRA-DX,INDIA,DIESEL,435.0,KALUTARA,BRAND NEW,2025.0,3,APE-XTRA-DX,Unknown
CAR,TOYOTA,F800RE-GQGF RUSH,INDONESIA,PETROL,1496.0,GALLE,BRAND NEW,2025.0,1,,F800RE-GQGF RUSH
MOTOR TRICYCLE VAN,PIAGGIO,APE-XTRA-DX,INDIA,DIESEL,435.0,HAMBANTOTA,BRAND NEW,2025.0,3,APE-XTRA-DX,Unknown
LAND VEHICLE,E KUBOTA,EK3-471,INDIA,DIESEL,2761.0,PUTTALAM,BRAND NEW,2024.0,1,EK3-471,4WD
MOTOR TRICYCLE VAN,MAHINDRA,ALFA LOAD CARRIER,INDIA,DIESEL,436.0,GAMPAHA,BRAND NEW,2025.0,3,,ALFA LOAD CARRIER
LAND VEHICLE,LOVOL,P504-3,CHINA,DIESEL,2189.0,KURUNEGALA,BRAND NEW,2025.0,11,P504-3,Unknown
MOTOR LORRY (COMMERCIAL),TATA,LPT 1615,INDIA,DIESEL,5883.0,POLONNARUWA,BRAND NEW,2025.0,1,,LPT 1615
COMMERCIAL,ZHONGTONG,LCK6128HH- MAGNATE,CHINA,DIESEL,9500.0,COLOMBO,BRAND NEW,2025.0,1,,LCK6128HH- MAGNATE
CAR,TATA,NEXON EV,INDIA,ELECTRIC,90.0,KANDY,BRAND NEW,2025.0,1,,NEXON EV
COMMERCIAL,TOYOTA,KDH223R-LEMDYT HIACE,JAPAN,DIESEL,2982.0,JAFFNA,BRAND NEW,2025.0,1,,KDH223R-LEMDYT HIACE
MOTOR CYCLE,SOLID,S9,CHINA,ELECTRIC,2.0,MATARA,BRAND NEW,2025.0,1,,S9
MOTOR CYCLE,LIMA,EL07,CHINA,ELECTRIC,1.5,TRINCOMALEE,BRAND NEW,2025.0,1,,EL07
MOTOR CYCLE,ATHER,450X,INDIA,ELECTRIC,3.0,MULLATIVU,BRAND NEW,2025.0,2,,450X
COMMERCIAL,TATA,LP407,INDIA,DIESEL,2956.0,BADULLA,BRAND NEW,2025.0,1,,LP407
CAR,WULING,CLOUD EV,INDONESIA,ELECTRIC,100.0,MATARA,BRAND NEW,2025.0,1,,CLOUD EV
MOTOR TRICYCLE VAN,MAHINDRA,ALFA LOAD CARRIER,INDIA,DIESEL,436.0,MATARA,BRAND NEW,2025.0,5,,ALFA LOAD CARRIER
MOTOR TRICYCLE VAN,MAHINDRA,ALFA LOAD CARRIER,INDIA,DIESEL,436.0,KANDY,BRAND NEW,2025.0,1,,ALFA LOAD CARRIER
MOTOR CYCLE,BAJAJ,PULSAR N 160,INDIA,PETROL,164.82,GALLE,BRAND NEW,2025.0,2,,PULSAR N 160
MOTOR LORRY (COMMERCIAL),MITSUBISHI,FM65FH2RDSA,JAPAN,DIESEL,7545.0,COLOMBO,BRAND NEW,2025.0,1,,FM65FH2RDSA
SINGLE CAB,TATA,ACE HT2,INDIA,DIESEL,702.0,MATALE,BRAND NEW,2025.0,1,,ACE HT2
DUAL PURPOSE (COMMERCIAL),JEEP,GLADIATOR RUBICON,U.S.A,PETROL,3604.0,PUTTALAM,BRAND NEW,2025.0,1,,GLADIATOR RUBICON
LAND VEHICLE,MAHINDRA,YUVO TECH PLUS 575DI,INDIA,DIESEL,2979.0,BADULLA,BRAND NEW,2025.0,1,,YUVO TECH PLUS 575DI
LAND VEHICLE,MAHINDRA,YUVO TECH PLUS 575DI,INDIA,DIESEL,2979.0,KANDY,BRAND NEW,2025.0,1,,YUVO TECH PLUS 575DI
CAR,GAC,AION V LUXURY,CHINA,ELECTRIC,100.0,MATARA,BRAND NEW,2025.0,1,,AION V LUXURY
THREE WHEELER,TVS,KING,INDIA,PETROL,199.26,AMPARA,BRAND NEW,2025.0,1,,KING
MOTOR TRICYCLE VAN,ATUL,GEM,INDIA,DIESEL,435.6,COLOMBO,BRAND NEW,2025.0,1,,GEM
MOTOR TRICYCLE VAN,ATUL,GEM,INDIA,DIESEL,435.6,NUWARA-ELIYA,BRAND NEW,2025.0,1,,GEM
MOTOR CYCLE,SUZUKI,BURGMAN STREET,INDIA,PETROL,125.0,BADULLA,BRAND NEW,2025.0,1,,BURGMAN STREET
LAND VEHICLE,TAFE,7250.DI,INDIA,DIESEL,2500.0,MATALE,BRAND NEW,2025.0,1,,7250.DI
MOTOR CYCLE,YAMAHA,YZF R15 VER 4.0,INDIA,PETROL,155.0,GALLE,BRAND NEW,2025.0,1,,YZF R15 VER 4.0
SPECIAL PURPOSE VEHICLE,J.C.B,3CX BACKHOE  LOADER,INDIA,DIESEL,4400.0,COLOMBO,BRAND NEW,2025.0,2,,3CX BACKHOE  LOADER
CAR,TOYOTA,NYC200R-DHXHBF,INDONESIA,PETROL/ELE,1496.0,GALLE,BRAND NEW,2025.0,1,,NYC200R-DHXHBF
CAR,KIA,SPORTAGE,KOREA,PETROL/ELE,1598.0,GAMPAHA,BRAND NEW,2025.0,1,,SPORTAGE
LAND VEHICLE,LOVOL,P504-3,CHINA,DIESEL,2189.0,PUTTALAM,BRAND NEW,2025.0,1,P504-3,Unknown
MOTOR CYCLE,ATHER,450X,INDIA,ELECTRIC,3.0,BADULLA,BRAND NEW,2025.0,1,,450X
MOTOR CYCLE,RANOMOTO,FLASH,CHINA,PETROL,79.0,GALLE,BRAND NEW,2025.0,1,,FLASH
COMMERCIAL,LANKA ASHOK LEYLAND,VIKING SUPER LUXURY,INDIA,DIESEL,5300.0,COLOMBO,BRAND NEW,2025.0,3,,VIKING SUPER LUXURY
LAND VEHICLE (SMALL),VIKYNO,RV125-2,VIETNAM,DIESEL,624.0,ANURADHAPURA,BRAND NEW,2023.0,1,RV125-2,Unknown
MOTOR LORRY (COMMERCIAL),TATA,LPK 1618,INDIA,DIESEL,5883.0,KEGALLE,BRAND NEW,2025.0,1,,LPK 1618
CAR,SUZUKI,5BD-DA17V EVERY,JAPAN,PETROL,658.0,COLOMBO,BRAND NEW,2024.0,1,5BD-DA17V,EVERY
MOTOR CYCLE,AIMA,BREEZY,CHINA,ELECTRIC,0.8,KILINOCHCHI,BRAND NEW,2025.0,1,,BREEZY
MOTOR TRICYCLE VAN,MAHINDRA,TREO ZOR DV,INDIA,ELECTRIC,3.5,MATARA,BRAND NEW,2025.0,1,,TREO ZOR DV
MOTOR CYCLE,BAJAJ,CT 100 ES,SRI LANKA,PETROL,102.0,KANDY,BRAND NEW-L/ASSEMBLE,2025.0,140,,CT 100 ES
MOTOR CYCLE,SENARO,GN125,SRI LANKA,PETROL,125.0,COLOMBO,BRAND NEW-L/ASSEMBLE,2025.0,13,,GN125
MOTOR CYCLE,SENARO,CLICK 150,SRI LANKA,PETROL,150.0,GALLE,BRAND NEW-L/ASSEMBLE,2025.0,4,,CLICK 150
MOTOR CYCLE,TVS,TVS XL 100,SRI LANKA,PETROL,99.7,GAMPAHA,BRAND NEW-L/ASSEMBLE,2025.0,35,,TVS XL 100
MOTOR CYCLE,BAJAJ,CT 100 ES,SRI LANKA,PETROL,102.0,POLONNARUWA,BRAND NEW-L/ASSEMBLE,2025.0,244,,CT 100 ES
MOTOR CYCLE,BAJAJ,CT 100 ES,SRI LANKA,PETROL,102.0,HAMBANTOTA,BRAND NEW-L/ASSEMBLE,2025.0,169,,CT 100 ES
MOTOR CYCLE,BAJAJ,CT 100 ES,SRI LANKA,PETROL,102.0,KEGALLE,BRAND NEW-L/ASSEMBLE,2025.0,156,,CT 100 ES
MOTOR CYCLE,BAJAJ,DISCOVER 125,SRI LANKA,PETROL,124.5,GALLE,BRAND NEW-L/ASSEMBLE,2025.0,113,,DISCOVER 125
MOTOR CYCLE,BAJAJ,PULSAR N160,SRI LANKA,PETROL,164.82,POLONNARUWA,BRAND NEW-L/ASSEMBLE,2025.0,54,,PULSAR N160
MOTOR CYCLE,BAJAJ,DISCOVER 125,SRI LANKA,PETROL,124.5,HAMBANTOTA,BRAND NEW-L/ASSEMBLE,2025.0,33,,DISCOVER 125
MOTOR CYCLE,BAJAJ,PULSAR N160,SRI LANKA,PETROL,164.82,GALLE,BRAND NEW-L/ASSEMBLE,2025.0,71,,PULSAR N160
MOTOR LORRY (COMMERCIAL),LANKA ASHOK LEYLAND,TUSKER SUPER 1618,SRI LANKA,DIESEL,5759.0,COLOMBO,BRAND NEW-L/ASSEMBLE,2025.0,5,,TUSKER SUPER 1618
CAR,G.W.M.,JOLION,SRI LANKA,PETROL,1497.0,COLOMBO,BRAND NEW-L/ASSEMBLE,2025.0,43,,JOLION
MOTOR CYCLE,SENARO,CLICK 150,SRI LANKA,PETROL,150.0,GAMPAHA,BRAND NEW-L/ASSEMBLE,2025.0,5,,CLICK 150
MOTOR CYCLE,TVS,NTORQ 125,SRI LANKA,PETROL,124.8,PUTTALAM,BRAND NEW-L/ASSEMBLE,2025.0,3,,NTORQ 125
MOTOR CYCLE,SENARO,CLICK 150,SRI LANKA,PETROL,150.0,KALUTARA,BRAND NEW-L/ASSEMBLE,2025.0,5,,CLICK 150
MOTOR CYCLE,BAJAJ,CT 100 ES,SRI LANKA,PETROL,102.0,PUTTALAM,BRAND NEW-L/ASSEMBLE,2020.0,1,,CT 100 ES
MOTOR CYCLE,TVS,NTORQ 125,SRI LANKA,PETROL,124.8,KEGALLE,BRAND NEW-L/ASSEMBLE,2025.0,1,,NTORQ 125
CAR,G.W.M.,JOLION,SRI LANKA,PETROL,1497.0,MATALE,BRAND NEW-L/ASSEMBLE,2025.0,1,,JOLION
MOTOR CYCLE,TVS,NTORQ 125,SRI LANKA,PETROL,124.8,GAMPAHA,BRAND NEW-L/ASSEMBLE,2025.0,2,,NTORQ 125
MOTOR LORRY (COMMERCIAL),LANKA ASHOK LEYLAND,TUSKER SUPER 1618,SRI LANKA,DIESEL,5759.0,AMPARA,BRAND NEW-L/ASSEMBLE,2022.0,1,,TUSKER SUPER 1618
CAR,LAND ROVER,3BA-LE72XAA DEFENDER,UNITED KINGDOM,PETROL,1990.0,AMPARA,RECONDITIONED,2024.0,1,3BA-LE72XAA,DEFENDER
DUAL PURPOSE (COMMERCIAL),FORD,RANGER RAPTOR,THAILAND,DIESEL,1996.0,TRINCOMALEE,RECONDITIONED,2025.0,1,,RANGER RAPTOR
MOTOR CYCLE,HONDA,PCX 125,VIETNAM,PETROL,124.0,GAMPAHA,RECONDITIONED,2024.0,1,,PCX 125
CAR,TOYOTA,6AA-MXPJ10  YARIS,JAPAN,PETROL/ELE,1496.0,COLOMBO,RECONDITIONED,2023.0,1,6AA-MXPJ10,YARIS
CAR,TOYOTA,5AA-A202A RAIZE,JAPAN,ELECTRIC,78.0,COLOMBO,RECONDITIONED,2022.0,3,5AA-A202A,RAIZE
CAR,SUZUKI,3BA-JB64W  JIMNY,JAPAN,PETROL,658.0,COLOMBO,RECONDITIONED,2025.0,1,3BA-JB64W,JIMNY
CAR,NISSAN,5AA-B44A ROOX,JAPAN,PETROL,659.0,GALLE,RECONDITIONED,2023.0,1,5AA-B44A,ROOX
CAR,HONDA,CITY RS,THAILAND,PETROL,988.0,GALLE,RECONDITIONED,2025.0,4,,CITY RS
CAR,SUZUKI,5BA-MH85S WAGON R,JAPAN,PETROL,658.0,JAFFNA,RECONDITIONED,2023.0,1,5BA-MH85S,WAGON R
CAR,DAIHATSU,5BA-LA350S MIRA ES,JAPAN,PETROL,658.0,MATALE,RECONDITIONED,2024.0,1,5BA-LA350S,MIRA ES
CAR,TOYOTA,5AA-A202A   RAIZE,JAPAN,PETROL/ELE,1496.0,KURUNEGALA,RECONDITIONED,2025.0,1,5AA-A202A,RAIZE
CAR,TOYOTA,3BA-VJA300W,JAPAN,PETROL,3444.0,GALLE,RECONDITIONED,2025.0,1,3BA-VJA300W,LC300
CAR,NISSAN,5BD-DR17V   CLIPPER,JAPAN,PETROL,658.0,GAMPAHA,RECONDITIONED,2024.0,1,5BD-DR17V,CLIPPER
CAR,HONDA,CITY,THAILAND,PETROL,988.0,JAFFNA,RECONDITIONED,2025.0,1,,CITY
CAR,MITSUBISHI,5BA-GK1W ECLIPSE,JAPAN,PETROL,1496.0,GAMPAHA,RECONDITIONED,2023.0,1,5BA-GK1W,ECLIPSE
CAR,TOYOTA,5BA-M900A ROOMY,JAPAN,PETROL,996.0,GAMPAHA,RECONDITIONED,2024.0,3,5BA-M900A,ROOMY
MOTOR CYCLE,HONDA,ADV 160,JAPAN,PETROL,157.0,PUTTALAM,RECONDITIONED,2025.0,3,,ADV 160
CAR,DAIHATSU,5BA-LA900S TAFT,JAPAN,PETROL,658.0,PUTTALAM,RECONDITIONED,2023.0,2,5BA-LA900S,TAFT
CAR,MERCEDES BENZ,5AA-206043C C200,GERMANY,PETROL,1494.0,GAMPAHA,RECONDITIONED,2024.0,1,5AA-206043C,C200
CAR,TOYOTA,YARIS ATIV,THAILAND,PETROL,1197.0,GAMPAHA,RECONDITIONED,2025.0,5,,YARIS ATIV
CAR,TOYOTA,URBAN CRUISER TAISOR,INDIA,PETROL,998.0,KALUTARA,RECONDITIONED,2025.0,7,,URBAN CRUISER TAISOR
DUAL PURPOSE (COMMERCIAL),FORD,RANGER RAPTOR 2.0L,THAILAND,DIESEL,1996.0,COLOMBO,RECONDITIONED,2025.0,1,,RANGER RAPTOR 2.0L
CAR,DAIHATSU,5BA-LA350S MIRA E.S,JAPAN,PETROL,658.0,COLOMBO,RECONDITIONED,2023.0,9,5BA-LA350S,MIRA E.S
CAR,SUZUKI,5AA-MH95S WAGON R,JAPAN,PETROL,658.0,ANURADHAPURA,RECONDITIONED,2024.0,1,5AA-MH95S,WAGON R
DUAL PURPOSE (COMMERCIAL),TOYOTA,HILUX REVO ROCCO,THAILAND,DIESEL,2755.0,ANURADHAPURA,RECONDITIONED,2025.0,3,,HILUX REVO ROCCO
CAR,TOYOTA,5BA-A201A   RAIZE,JAPAN,PETROL,1196.0,GALLE,RECONDITIONED,2023.0,1,5BA-A201A,RAIZE
CAR,TOYOTA,6AA-MXPJ10 YARIS,JAPAN,PETROL/ELE,1496.0,KURUNEGALA,RECONDITIONED,2023.0,2,6AA-MXPJ10,YARIS
CAR,SUZUKI,5AA-MH95S  WAGON R,JAPAN,PETROL,658.0,JAFFNA,RECONDITIONED,2025.0,1,5AA-MH95S,WAGON R
CAR,TOYOTA,6AA-MXPJ10 YARIS,JAPAN,PETROL/ELE,1490.0,POLONNARUWA,RECONDITIONED,2025.0,1,6AA-MXPJ10,YARIS
CAR,DAIHATSU,5AA-A202S ROCKY,JAPAN,ELECTRIC,78.0,GAMPAHA,RECONDITIONED,2025.0,1,5AA-A202S,ROCKY
CAR,SUZUKI,5AA-HA97S ALTO,JAPAN,PETROL,658.0,BADULLA,RECONDITIONED,2024.0,1,5AA-HA97S,ALTO
CAR,NISSAN,5AA-B44W,JAPAN,PETROL,659.0,GAMPAHA,RECONDITIONED,2023.0,1,5AA-B44W,DAYS
CAR,SUZUKI,5AA-MR92S  HUSTLER,JAPAN,PETROL,658.0,GAMPAHA,RECONDITIONED,2022.0,1,5AA-MR92S,HUSTLER
CAR,HONDA,6AA RV5 VEZEL,JAPAN,PETROL/ELE,1496.0,KURUNEGALA,RECONDITIONED,2022.0,1,,6AA RV5 VEZEL
CAR,SUZUKI,5AA-MR92S HUSTLER,JAPAN,PETROL,658.0,GAMPAHA,RECONDITIONED,2023.0,3,5AA-MR92S,HUSTLER
CAR,TOYOTA,5BA-MXPB10 YARIS,JAPAN,PETROL,1496.0,BADULLA,RECONDITIONED,2024.0,1,5BA-MXPB10,YARIS
CAR,NISSAN,5BA-B43W DAYZ,JAPAN,PETROL,658.0,JAFFNA,RECONDITIONED,2024.0,1,5BA-B43W,DAYZ
CAR,NISSAN,5AA-B44A ROOX,JAPAN,PETROL,658.0,COLOMBO,RECONDITIONED,2024.0,2,5AA-B44A,ROOX
CAR,TOYOTA,5BA-KSP210 YARIS,JAPAN,PETROL,996.0,KURUNEGALA,RECONDITIONED,2022.0,2,5BA-KSP210,YARIS
CAR,TOYOTA,3BA-A210A RAIZE,JAPAN,PETROL,996.0,KURUNEGALA,RECONDITIONED,2022.0,1,3BA-A210A,RAIZE
CAR,MERCEDES BENZ,CLA250 AMG LINE,UNITED KINGDOM,PETROL/ELE,1332.0,COLOMBO,RECONDITIONED,2024.0,1,,CLA250 AMG LINE
CAR,TOYOTA,5AA-A202A RAIZE,JAPAN,ELECTRIC,78.0,GAMPAHA,RECONDITIONED,2023.0,5,5AA-A202A,RAIZE
CAR,SUZUKI,4AA-MH55S WAGONR,JAPAN,PETROL,658.0,COLOMBO,RECONDITIONED,2025.0,1,4AA-MH55S,WAGONR
DUAL PURPOSE (COMMERCIAL),FORD,RANGER RAPTOR,THAILAND,DIESEL,1996.0,AMPARA,RECONDITIONED,2025.0,1,,RANGER RAPTOR
CAR,TOYOTA,5AA-A202A RAIZE,JAPAN,PETROL/ELE,78.0,BADULLA,RECONDITIONED,2025.0,2,5AA-A202A,RAIZE
CAR,NISSAN,5BA-B43W DAYZ,JAPAN,PETROL,658.0,KALUTARA,RECONDITIONED,2024.0,1,5BA-B43W,DAYZ
CAR,SUZUKI,5AA-MH95S WAGON R,JAPAN,PETROL,658.0,JAFFNA,RECONDITIONED,2024.0,4,5AA-MH95S,WAGON R
CAR,HONDA,6AA-RV5 VEZEL,JAPAN,PETROL/ELE,1496.0,TRINCOMALEE,RECONDITIONED,2024.0,1,6AA-RV5,VEZEL
CAR,HONDA,6AA-RV5 VEZEL,JAPAN,PETROL/ELE,1496.0,AMPARA,RECONDITIONED,2024.0,4,6AA-RV5,VEZEL
CAR,TOYOTA,5AA-A202A RAIZE,JAPAN,ELECTRIC,78.0,MATALE,RECONDITIONED,2025.0,2,5AA-A202A,RAIZE
CAR,DAIHATSU,5BA-LA900S  TAFT,JAPAN,PETROL,658.0,KURUNEGALA,RECONDITIONED,2024.0,1,5BA-LA900S,TAFT
DUAL PURPOSE (COMMERCIAL),TOYOTA,HILUX REVO,THAILAND,DIESEL,2755.0,GAMPAHA,RECONDITIONED,2025.0,2,,HILUX REVO
CAR,DAIHATSU,5BA-LA900S TAFT,JAPAN,PETROL,656.0,KALUTARA,RECONDITIONED,2024.0,1,5BA-LA900S,TAFT
CAR,TOYOTA,3BA-TRJ150W PRADO,JAPAN,PETROL,2693.0,MONERAGALA,RECONDITIONED,2023.0,1,3BA-TRJ150W,PRADO
CAR,TOYOTA,4BA-M900A ROOMY,JAPAN,PETROL,996.0,PUTTALAM,RECONDITIONED,2025.0,2,4BA-M900A,ROOMY
CAR,JAECOO,J 7,MALAYSIA,PETROL/ELE,1499.0,COLOMBO,RECONDITIONED,2025.0,1,,J 7
CAR,SUZUKI,4AA-MH55S WAGON R,JAPAN,PETROL,658.0,GAMPAHA,RECONDITIONED,2025.0,2,4AA-MH55S,WAGON R
CAR,TOYOTA,5BA-A201A RAIZE,JAPAN,PETROL,1198.0,KALUTARA,RECONDITIONED,2023.0,1,5BA-A201A,RAIZE
CAR,NISSAN,5AA-B44 ROOX,JAPAN,PETROL,659.0,KURUNEGALA,RECONDITIONED,2024.0,1,5AA-B44,ROOX
CAR,TOYOTA,4BA-M900A ROOMY,JAPAN,PETROL,996.0,MATARA,RECONDITIONED,2023.0,1,4BA-M900A,ROOMY
CAR,HONDA,6AA-RV5 VEZEL,JAPAN,PETROL/ELE,1490.0,HAMBANTOTA,RECONDITIONED,2025.0,1,6AA-RV5,VEZEL
CAR,NISSAN,5AA-B44A ROOX,JAPAN,PETROL,659.0,GAMPAHA,RECONDITIONED,2023.0,3,5AA-B44A,ROOX
CAR,TOYOTA,5BA-M700A PASSO,JAPAN,PETROL,996.0,JAFFNA,RECONDITIONED,2023.0,3,5BA-M700A,PASSO
CAR,TOYOTA,6AA-AXUH80 HARRIER,JAPAN,PETROL/ELE,2487.0,MATARA,RECONDITIONED,2025.0,1,6AA-AXUH80,HARRIER
CAR,TOYOTA,5BA-KSP210,JAPAN,PETROL,996.0,COLOMBO,RECONDITIONED,2023.0,3,5BA-KSP210,YARIS X
CAR,NISSAN,5AA-B44A ROOX,JAPAN,PETROL,658.0,GALLE,RECONDITIONED,2023.0,1,5AA-B44A,ROOX
CAR,HONDA,6AA RV5 VEZEL,JAPAN,PETROL/ELE,1496.0,BADULLA,RECONDITIONED,2023.0,1,,6AA RV5 VEZEL
CAR,DAIHATSU,5BA-LA900S TAFT,JAPAN,PETROL,658.0,KALUTARA,RECONDITIONED,2023.0,4,5BA-LA900S,TAFT
CAR,TOYOTA,5BA-A201A  RAIZE,JAPAN,PETROL,1196.0,COLOMBO,RECONDITIONED,2023.0,1,5BA-A201A,RAIZE
CAR,HONDA,6AA-RV5 VEZEL,JAPAN,PETROL/ELE,1496.0,AMPARA,RECONDITIONED,2025.0,3,6AA-RV5,VEZEL
CAR,DAIHATSU,5BA-LA350S MIRA E.S,JAPAN,PETROL,658.0,GAMPAHA,RECONDITIONED,2023.0,3,5BA-LA350S,MIRA E.S
SINGLE CAB,SUZUKI,3BD-DA16T CARRY,JAPAN,PETROL,658.0,PUTTALAM,RECONDITIONED,2023.0,1,3BD-DA16T,CARRY
CAR,SUZUKI,5AA-MH95S WAGON R,JAPAN,PETROL,650.0,BADULLA,RECONDITIONED,2025.0,2,5AA-MH95S,WAGON R
CAR,DAIHATSU,5BA-LA350S MIRA ES,JAPAN,PETROL,658.0,MATARA,RECONDITIONED,2025.0,1,5BA-LA350S,MIRA ES
CAR,TOYOTA,5AA-A202A RAIZE,JAPAN,PETROL/ELE,78.0,BATTICALOA,RECONDITIONED,2025.0,4,5AA-A202A,RAIZE
CAR,SUZUKI,5AA-MK94S,JAPAN,PETROL,658.0,GALLE,RECONDITIONED,2024.0,1,5AA-MK94S,SPECIA
CAR,TOYOTA,6BA-MXUA80 HARRIER Z,JAPAN,PETROL,1986.0,KALUTARA,RECONDITIONED,2023.0,1,6BA-MXUA80,HARRIER Z
CAR,SUZUKI,4AA-MN71S XBEE,JAPAN,PETROL,996.0,COLOMBO,RECONDITIONED,2024.0,1,4AA-MN71S,XBEE
CAR,TOYOTA,5BA-M900A ROOMY,JAPAN,PETROL,996.0,PUTTALAM,RECONDITIONED,2022.0,1,5BA-M900A,ROOMY
CAR,DAIHATSU,5BA-LA350S MIRA E.S,JAPAN,PETROL,658.0,MATARA,RECONDITIONED,2023.0,2,5BA-LA350S,MIRA E.S
CAR,DAIHATSU,5BA-LA900S TAFT,JAPAN,PETROL,658.0,ANURADHAPURA,RECONDITIONED,2025.0,1,5BA-LA900S,TAFT
CAR,TOYOTA,3BA-TRJ250W,JAPAN,PETROL,2690.0,GAMPAHA,RECONDITIONED,2024.0,1,3BA-TRJ250W,VX
CAR,HONDA,5BD-JJ1  N VAN,JAPAN,PETROL,659.0,COLOMBO,RECONDITIONED,2024.0,1,5BD-JJ1,N VAN
CAR,DAIHATSU,5BA-LA350S MIRA E.S,JAPAN,PETROL,658.0,PUTTALAM,RECONDITIONED,2024.0,1,5BA-LA350S,MIRA E.S
CAR,MAZDA,5AA-MJ95S FLAIR,JAPAN,PETROL,658.0,GAMPAHA,RECONDITIONED,2024.0,1,5AA-MJ95S,FLAIR
CAR,DAIHATSU,5BA-LA350S MIRA ES,JAPAN,PETROL,658.0,JAFFNA,RECONDITIONED,2025.0,1,5BA-LA350S,MIRA ES
CAR,SUZUKI,5AA-MH95S WAGON R,JAPAN,PETROL,657.0,COLOMBO,RECONDITIONED,2022.0,2,5AA-MH95S,WAGON R
CAR,SUZUKI,5AA-HA97S ALTO,JAPAN,PETROL,657.0,KURUNEGALA,RECONDITIONED,2024.0,1,5AA-HA97S,ALTO
CAR,TOYOTA,5AA-A202A,JAPAN,ELECTRIC,78.0,GAMPAHA,RECONDITIONED,2025.0,1,5AA-A202A,RAISE
CAR,TOYOTA,6AA-MXPJ10 YARIS,JAPAN,PETROL/ELE,1496.0,KEGALLE,RECONDITIONED,2024.0,2,6AA-MXPJ10,YARIS
CAR,SUZUKI,4AA-MK54S SPACIA,JAPAN,PETROL,658.0,POLONNARUWA,RECONDITIONED,2023.0,1,4AA-MK54S,SPACIA
CAR,SUZUKI,3BD-DA17V EVERY,JAPAN,PETROL,658.0,KURUNEGALA,RECONDITIONED,2023.0,1,3BD-DA17V,EVERY
CAR,HONDA,6AA RV5 VEZEL,JAPAN,PETROL/ELE,1496.0,COLOMBO,RECONDITIONED,2024.0,3,,6AA RV5 VEZEL
CAR,DAIHATSU,4BA-M900S,JAPAN,PETROL,996.0,MATARA,RECONDITIONED,2024.0,1,4BA-M900S,THOR
CAR,NISSAN,ALMERA EL,THAILAND,PETROL,999.0,VAVUNIYA,RECONDITIONED,2025.0,1,,ALMERA EL
CAR,DAIHATSU,5BA-LA350S MIRA E S,JAPAN,PETROL,658.0,BADULLA,RECONDITIONED,2024.0,1,5BA-LA350S,MIRA E S
CAR,TOYOTA,6AA-MXPJ10 YARIS,JAPAN,PETROL/ELE,1496.0,ANURADHAPURA,RECONDITIONED,2024.0,1,6AA-MXPJ10,YARIS
CAR,NISSAN,ALMERA- EL,THAILAND,PETROL,999.0,GAMPAHA,RECONDITIONED,2025.0,1,,ALMERA- EL
CAR,TOYOTA,3BA-TRJ250W,JAPAN,PETROL,2693.0,GALLE,RECONDITIONED,2024.0,1,3BA-TRJ250W,VX
CAR,SUZUKI,3BA-HA37S ALTO,JAPAN,PETROL,656.0,KALUTARA,RECONDITIONED,2023.0,1,3BA-HA37S,ALTO
CAR,NISSAN,5AA-B44A ROOX,JAPAN,PETROL,658.0,KALUTARA,RECONDITIONED,2023.0,2,5AA-B44A,ROOX
CAR,SUZUKI,5BA-MH85S,JAPAN,PETROL,658.0,KALUTARA,RECONDITIONED,2023.0,1,5BA-MH85S,WAGON TR
CAR,SUZUKI,3BD-DA17V EVERY,JAPAN,PETROL,658.0,KEGALLE,RECONDITIONED,2022.0,1,3BD-DA17V,EVERY
CAR,TOYOTA,5BA-MZEA17  COROLLA,JAPAN,PETROL,1490.0,COLOMBO,RECONDITIONED,2024.0,1,5BA-MZEA17,COROLLA
CAR,TOYOTA,4BA-M900A ROOMY,JAPAN,PETROL,996.0,KURUNEGALA,RECONDITIONED,2023.0,1,4BA-M900A,ROOMY
CAR,DAIHATSU,5BA-LA900S TAFT,JAPAN,PETROL,658.0,KURUNEGALA,RECONDITIONED,2024.0,1,5BA-LA900S,TAFT
CAR,TOYOTA,5BA-KSP210  YARIS,JAPAN,PETROL,996.0,KALUTARA,RECONDITIONED,2025.0,1,5BA-KSP210,YARIS
CAR,TOYOTA,6AA-MXPK11 AQUA,JAPAN,PETROL/ELE,1496.0,KALUTARA,RECONDITIONED,2024.0,1,6AA-MXPK11,AQUA
CAR,SUZUKI,5BA-MH85S WAGON R,JAPAN,PETROL,658.0,MONERAGALA,RECONDITIONED,2023.0,1,5BA-MH85S,WAGON R
CAR,MERCEDES BENZ,A44-213077C,GERMANY,PETROL,1496.0,COLOMBO,RECONDITIONED,2023.0,1,A44-213077C,Unknown
CAR,TOYOTA,YARISATIV NIGHTSHADE,THAILAND,PETROL,1197.0,COLOMBO,RECONDITIONED,2025.0,1,,YARISATIV NIGHTSHADE
CAR,TOYOTA,6AA-ZVG13 COROLLA,JAPAN,PETROL/ELE,1797.0,KANDY,RECONDITIONED,2025.0,1,6AA-ZVG13,COROLLA
CAR,TOYOTA,6AA MXPJ10 YARIS,JAPAN,PETROL/ELE,1496.0,KURUNEGALA,RECONDITIONED,2023.0,1,,6AA MXPJ10 YARIS
CAR,NISSAN,6AA-FE13 AURA,JAPAN,PETROL/ELE,100.0,GAMPAHA,RECONDITIONED,2023.0,1,6AA-FE13,AURA
MOTOR CYCLE,HONDA,PCX160,JAPAN,PETROL,157.0,AMPARA,RECONDITIONED,2025.0,2,,PCX160
DUAL PURPOSE (COMMERCIAL),TMT,3DF-GUN125 HILUX,THAILAND,DIESEL,2393.0,GAMPAHA,RECONDITIONED,2023.0,1,3DF-GUN125,HILUX
CAR,DAIHATSU,5BA-LA360S MIRA ES,JAPAN,PETROL,658.0,GALLE,RECONDITIONED,2024.0,1,5BA-LA360S,MIRA ES
CAR,DAIHATSU,5BA-LA350S MIRA,JAPAN,PETROL,658.0,MATARA,RECONDITIONED,2024.0,4,5BA-LA350S,MIRA
CAR,TOYOTA,YARIS  ATIV,THAILAND,PETROL,1197.0,GAMPAHA,RECONDITIONED,2025.0,1,,YARIS  ATIV
CAR,AUDI,3AA-GYDLA A3,GERMANY,PETROL,999.0,COLOMBO,RECONDITIONED,2024.0,1,3AA-GYDLA,A3
CAR,SUZUKI,5AA-MH95S WAGON R,JAPAN,PETROL,658.0,PUTTALAM,RECONDITIONED,2022.0,1,5AA-MH95S,WAGON R
DUAL PURPOSE (COMMERCIAL),TOYOTA,REVO ROCCO,THAILAND,DIESEL,2755.0,BADULLA,RECONDITIONED,2025.0,1,,REVO ROCCO
CAR,NISSAN,6AA-E13 NOTE,JAPAN,PETROL/ELE,85.0,GAMPAHA,RECONDITIONED,2024.0,1,6AA-E13,NOTE
CAR,TOYOTA,5AA-A202A RAIZE,JAPAN,ELECTRIC,78.0,KURUNEGALA,RECONDITIONED,2022.0,2,5AA-A202A,RAIZE
CAR,DAIHATSU,5BA-LA350S,JAPAN,PETROL,658.0,GALLE,RECONDITIONED,2025.0,1,5BA-LA350S,"MIRA E,S"
CAR,MITSUBISHI,5BA-B33W EK WAGON,JAPAN,PETROL,658.0,KALUTARA,RECONDITIONED,2024.0,1,5BA-B33W,EK WAGON
CAR,MITSUBISHI,5BA-B33W EK WAGON,JAPAN,PETROL,658.0,MATALE,RECONDITIONED,2023.0,1,5BA-B33W,EK WAGON
CAR,SUZUKI,5AA-MK94S  SPACIA,JAPAN,PETROL,658.0,GAMPAHA,RECONDITIONED,2024.0,1,5AA-MK94S,SPACIA
CAR,TOYOTA,5BA-KSP210  YARIS,JAPAN,PETROL,996.0,GAMPAHA,RECONDITIONED,2023.0,1,5BA-KSP210,YARIS
CAR,TOYOTA,5AA-A202A,JAPAN,PETROL/ELE,1196.0,KALUTARA,RECONDITIONED,2025.0,1,5AA-A202A,RAISE
CAR,TOYOTA,4BA-M900A ROOMY,JAPAN,PETROL,996.0,RATNAPURA,RECONDITIONED,2024.0,1,4BA-M900A,ROOMY
MOTOR CYCLE,HONDA,PCX 160,JAPAN,PETROL,157.0,KALUTARA,RECONDITIONED,2025.0,2,,PCX 160
CAR,HONDA,6AA-RV5  VEZEL,JAPAN,PETROL/ELE,1496.0,TRINCOMALEE,RECONDITIONED,2024.0,1,6AA-RV5,VEZEL
CAR,MITSUBISHI,4AA-B35W EK X,JAPAN,PETROL,659.0,KEGALLE,RECONDITIONED,2024.0,1,4AA-B35W,EK X
CAR,NISSAN,5AA-B44W DAYZ,JAPAN,PETROL,658.0,RATNAPURA,RECONDITIONED,2024.0,1,5AA-B44W,DAYZ
CAR,TOYOTA,URBAN CRUISERHYRYDER,INDIA,PETROL/ELE,1490.0,COLOMBO,RECONDITIONED,2025.0,1,,URBAN CRUISERHYRYDER
CAR,MITSUBISHI,5BA-GK1W ECLIPSE,JAPAN,PETROL,1496.0,KALUTARA,RECONDITIONED,2025.0,1,5BA-GK1W,ECLIPSE
CAR,NISSAN,5AA-B44W DAYZ,JAPAN,PETROL,660.0,MATARA,RECONDITIONED,2023.0,1,5AA-B44W,DAYZ
CAR,HONDA,6AA RV5 VEZEL,JAPAN,PETROL/ELE,1496.0,KURUNEGALA,RECONDITIONED,2023.0,1,,6AA RV5 VEZEL
SPECIAL PURPOSE VEHICLE,J.C.B,3CX BACKHOE LOADER,UNITED KINGDOM,DIESEL,4400.0,KEGALLE,RECONDITIONED,2002.0,1,,3CX BACKHOE LOADER
CAR,HONDA,CITY RS,THAILAND,PETROL,988.0,COLOMBO,RECONDITIONED,2023.0,1,,CITY RS
DUAL PURPOSE (COMMERCIAL),FORD,RANGER RAPTOR,THAILAND,DIESEL,1996.0,GALLE,RECONDITIONED,2025.0,1,,RANGER RAPTOR
CAR,SUZUKI,3BA-DA17W EVERY,JAPAN,PETROL,658.0,HAMBANTOTA,RECONDITIONED,2025.0,1,3BA-DA17W,EVERY
CAR,DAIHATSU,3BA-LA400K COPEN,JAPAN,PETROL,658.0,COLOMBO,RECONDITIONED,2023.0,1,3BA-LA400K,COPEN
CAR,NISSAN,5AA-B44A ROOX,JAPAN,PETROL,656.0,KURUNEGALA,RECONDITIONED,2024.0,1,5AA-B44A,ROOX
CAR,SUZUKI,5BD-DA17V EVERY,JAPAN,PETROL,658.0,PUTTALAM,RECONDITIONED,2023.0,1,5BD-DA17V,EVERY
CAR,HONDA,CITY RS,THAILAND,PETROL,988.0,POLONNARUWA,RECONDITIONED,2025.0,1,,CITY RS
CAR,TOYOTA,5AA-A202A RAIZE,JAPAN,PETROL/ELE,1196.0,MATARA,RECONDITIONED,2024.0,1,5AA-A202A,RAIZE
CAR,SUZUKI,3BA-HA37S ALTO,JAPAN,PETROL,656.0,MATARA,RECONDITIONED,2024.0,1,3BA-HA37S,ALTO
MOTOR CYCLE,HONDA,ADV-160,JAPAN,PETROL,157.0,GALLE,RECONDITIONED,2025.0,1,ADV-160,Unknown
PRIMER MOVER,DAF,XF480,UNITED KINGDOM,DIESEL,12902.0,COLOMBO,RECONDITIONED,2021.0,1,,XF480
CAR,TOYOTA,6AA MXPK11 AQUA,JAPAN,PETROL/ELE,1496.0,JAFFNA,RECONDITIONED,2024.0,1,,6AA MXPK11 AQUA
CAR,HONDA,6AA RV5 VEZEL,JAPAN,PETROL/ELE,1496.0,KANDY,RECONDITIONED,2024.0,2,,6AA RV5 VEZEL
CAR,DAIHATSU,5BA-LA350S MIRA E.S,JAPAN,PETROL,658.0,GALLE,RECONDITIONED,2024.0,1,5BA-LA350S,MIRA E.S
COMMERCIAL,TOYOTA,COMMUTER,THAILAND,DIESEL,2755.0,RATNAPURA,RECONDITIONED,2025.0,1,,COMMUTER
CAR,MITSUBISHI,5BA-B33W EK WAGON,JAPAN,PETROL,658.0,MATALE,RECONDITIONED,2024.0,1,5BA-B33W,EK WAGON
CAR,NISSAN,6AA-FE13 AURA,JAPAN,PETROL/ELE,100.0,KALUTARA,RECONDITIONED,2023.0,1,6AA-FE13,AURA
CAR,TOYOTA,3BA-VJS300W,JAPAN,PETROL,3444.0,AMPARA,RECONDITIONED,2024.0,1,3BA-VJS300W,Unknown
CAR,TOYOTA,5BA-M910A ROOMY,JAPAN,PETROL,996.0,RATNAPURA,RECONDITIONED,2023.0,1,5BA-M910A,ROOMY
CAR,NISSAN,5BA-DR17V  CLIPPER,JAPAN,PETROL,658.0,KURUNEGALA,RECONDITIONED,2023.0,1,5BA-DR17V,CLIPPER
MOTOR CYCLE,HONDA,CRF250L,JAPAN,PETROL,249.0,COLOMBO,RECONDITIONED,2023.0,1,,CRF250L
LAND VEHICLE (SMALL),KUBOTA,K600,JAPAN,DIESEL,422.0,MONERAGALA,RECONDITIONED,2019.0,1,,K600
LAND VEHICLE (SMALL),KUBOTA,K7,JAPAN,DIESEL,401.0,HAMBANTOTA,RECONDITIONED,2017.0,4,,K7
CAR,TOYOTA,3BA-TRJ150W PRADO,JAPAN,PETROL,2693.0,POLONNARUWA,RECONDITIONED,2023.0,1,3BA-TRJ150W,PRADO
CAR,HONDA,6AA RV5 VEZEL,JAPAN,PETROL/ELE,1496.0,KALUTARA,RECONDITIONED,2024.0,1,,6AA RV5 VEZEL
CAR,SUZUKI,4AA-MK54S SPACIA,JAPAN,PETROL,658.0,KALUTARA,RECONDITIONED,2025.0,1,4AA-MK54S,SPACIA
CAR,B.M.W.,X5 XDRIVE50E MSPORT,UNITED KINGDOM,PETROL/ELE,2998.0,COLOMBO,RECONDITIONED,2024.0,1,,X5 XDRIVE50E MSPORT
CAR,HONDA,6BA-JH3 N WGN,JAPAN,PETROL,658.0,MATALE,RECONDITIONED,2022.0,1,6BA-JH3,N WGN
CAR,SUZUKI,3BA-DA17W EVERY,JAPAN,PETROL,658.0,GALLE,RECONDITIONED,2022.0,1,3BA-DA17W,EVERY
CAR,SUZUKI,5AA-MH95S WAGON R,JAPAN,PETROL,658.0,TRINCOMALEE,RECONDITIONED,2025.0,2,5AA-MH95S,WAGON R
CAR,NISSAN,5BD-DR17V CLIPPER,JAPAN,PETROL,656.0,GAMPAHA,RECONDITIONED,2023.0,1,5BD-DR17V,CLIPPER
CAR,TOYOTA,5AA-A202A RAIZE,JAPAN,PETROL/ELE,78.0,RATNAPURA,RECONDITIONED,2023.0,1,5AA-A202A,RAIZE
CAR,NISSAN,5BA-B43W DAYZ,JAPAN,PETROL,658.0,BADULLA,RECONDITIONED,2023.0,1,5BA-B43W,DAYZ
PRIMER MOVER,MAN,TGX 26.470,UNITED KINGDOM,DIESEL,12419.0,GAMPAHA,RECONDITIONED,2020.0,1,,TGX 26.470
CAR,HONDA,6AA RV5 VEZEL,JAPAN,PETROL/ELE,1490.0,GALLE,RECONDITIONED,2025.0,1,,6AA RV5 VEZEL
CAR,DAIHATSU,5BA-LA350S MIRA,JAPAN,PETROL,658.0,MATARA,RECONDITIONED,2025.0,2,5BA-LA350S,MIRA
CAR,TOYOTA,5AA A202A RAIZE,JAPAN,PETROL/ELE,78.0,COLOMBO,RECONDITIONED,2025.0,2,,5AA A202A RAIZE
DUAL PURPOSE (COMMERCIAL),TOYOTA,HILUX ROCCO,JAPAN,DIESEL,2755.0,COLOMBO,RECONDITIONED,2025.0,1,,HILUX ROCCO
CAR,DAIHATSU,5BA-LA350S  MIRA,JAPAN,PETROL,658.0,MONERAGALA,RECONDITIONED,2023.0,1,5BA-LA350S,MIRA
CAR,DAIHATSU,5AA-LA350S MIRA ES,JAPAN,PETROL,658.0,COLOMBO,RECONDITIONED,2024.0,1,5AA-LA350S,MIRA ES
MOTOR LORRY (COMMERCIAL),ISUZU,TPG-NPR85YN,JAPAN,DIESEL,2990.0,GAMPAHA,RECONDITIONED,2017.0,1,TPG-NPR85YN,Unknown
SINGLE CAB,SUZUKI,3BD-DA16TCARRY,JAPAN,PETROL,658.0,GALLE,RECONDITIONED,2024.0,1,3BD-DA16TCARRY,TRUCK
CAR,SUZUKI,5AA-MH95S WAGON R,JAPAN,PETROL,657.0,KILINOCHCHI,RECONDITIONED,2025.0,1,5AA-MH95S,WAGON R
CAR,SUZUKI,FRONX,INDIA,PETROL,998.0,KALUTARA,RECONDITIONED,2025.0,1,,FRONX
SPECIAL PURPOSE VEHICLE,KOMATSU,FD60,JAPAN,DIESEL,2370.0,GAMPAHA,RECONDITIONED,2010.0,1,,FD60
CAR,LAND ROVER,3BA-LE72XAA DEFENDER,UNITED KINGDOM,PETROL,1996.0,COLOMBO,RECONDITIONED,2024.0,1,3BA-LE72XAA,DEFENDER
CAR,TOYOTA,YARIS ATIV,THAILAND,PETROL,1197.0,RATNAPURA,RECONDITIONED,2025.0,1,,YARIS ATIV
MOTOR LORRY (COMMERCIAL),ISUZU,TPG-NPR85AN ELF,JAPAN,DIESEL,2990.0,MATARA,RECONDITIONED,2018.0,1,TPG-NPR85AN,ELF
CAR,LAND ROVER,P400E HSE,AUSTRALIA,PETROL/ELE,1997.0,COLOMBO,RECONDITIONED,2025.0,1,,P400E HSE
LAND VEHICLE (SMALL),KUBOTA,K7,JAPAN,DIESEL,401.0,MONERAGALA,RECONDITIONED,2018.0,1,,K7
LAND VEHICLE (SMALL),KUBOTA,K600,JAPAN,DIESEL,422.0,HAMBANTOTA,RECONDITIONED,2018.0,1,,K600
CAR,SUZUKI,5AA-MH95S WAGON R,JAPAN,PETROL/ELE,658.0,JAFFNA,RECONDITIONED,2025.0,1,5AA-MH95S,WAGON R
CAR,TOYOTA,3BA-TRJ150W,JAPAN,PETROL,2693.0,RATNAPURA,RECONDITIONED,2023.0,1,3BA-TRJ150W,PRADO
CAR,SUZUKI,5AA-MH95S WAGON R,JAPAN,PETROL,657.0,MULLATIVU,RECONDITIONED,2022.0,1,5AA-MH95S,WAGON R
CAR,TOYOTA,3BA-MGX10 C-HR,JAPAN,PETROL,1196.0,GAMPAHA,RECONDITIONED,2023.0,1,3BA-MGX10,C-HR
CAR,DAIHATSU,5BA-LA350S MIRA  E.S,JAPAN,PETROL,658.0,MATARA,RECONDITIONED,2024.0,1,5BA-LA350S,MIRA  E.S
CAR,TOYOTA,4BA-M900A ROOMY,JAPAN,PETROL,996.0,GALLE,RECONDITIONED,2022.0,1,4BA-M900A,ROOMY
MOTOR CYCLE,HONDA,PCX,JAPAN,PETROL,124.0,MATARA,RECONDITIONED,2025.0,1,,PCX
CAR,DAIHATSU,5AA-A202A ROCKY,JAPAN,PETROL/ELE,78.0,MATARA,RECONDITIONED,2025.0,1,5AA-A202A,ROCKY
CAR,NISSAN,5AA-B44A ROOX,JAPAN,PETROL,658.0,KALUTARA,RECONDITIONED,2025.0,1,5AA-B44A,ROOX
MOTOR CYCLE,YADEA,YD1200DT-91B,CHINA,ELECTRIC,1.2,ANURADHAPURA,NEW,2025.0,1,,YD1200DT-91B
MOTOR CYCLE,RISE,LEADER 125,SRI LANKA,PETROL,125.0,JAFFNA,BRAND NEW-L/MANUFACT,2025.0,4,,LEADER 125
TRACTOR TRAILER/BOWSER,LOCALLY BUILT,TRACTOR  TRAILER,SRI LANKA,NOT STATED,0.0,TRINCOMALEE,LOCALLY ASSEMBLED,2025.0,1,,TRACTOR  TRAILER
MOTOR CYCLE,TVS,TVS XL 100,SRI LANKA,PETROL,99.7,ANURADHAPURA,BRAND NEW-L/MANUFACT,2025.0,1,,TVS XL 100
TRACTOR TRAILER/BOWSER,LOCALLY BUILT,TRACTOR TRAILER,SRI LANKA,NOT STATED,0.0,NUWARA-ELIYA,LOCALLY BUILT,2025.0,1,,TRACTOR TRAILER
TRACTOR TRAILER/BOWSER,LOCALLY BUILT,TRACTOR TRAILER,SRI LANKA,NOT STATED,0.0,BADULLA,LOCALLY BUILT,2025.0,1,,TRACTOR TRAILER
CAR,HONDA,CR-V,THAILAND,PETROL,1498.0,COLOMBO,BRAND NEW,2025.0,11,CR-V,VTIL7
MOTOR CYCLE,TVS,TVS RAIDER 125,INDIA,PETROL,124.66,COLOMBO,BRAND NEW,2025.0,179,,TVS RAIDER 125
MOTOR CYCLE,TVS,TVS NTORQ 125 CC,INDIA,PETROL,124.8,KURUNEGALA,BRAND NEW,2025.0,376,,TVS NTORQ 125 CC
MOTOR CYCLE,TVS,TVS NTORQ 125 CC,INDIA,PETROL,124.8,TRINCOMALEE,BRAND NEW,2025.0,68,,TVS NTORQ 125 CC
MOTOR CYCLE,TVS,TVS NTORQ 125 CC,INDIA,PETROL,124.8,JAFFNA,BRAND NEW,2025.0,215,,TVS NTORQ 125 CC
MOTOR CYCLE,TVS,TVS RAIDER 125,INDIA,PETROL,124.66,POLONNARUWA,BRAND NEW,2025.0,26,,TVS RAIDER 125
THREE WHEELER,TVS,KING,INDIA,PETROL,199.26,MATARA,BRAND NEW,2025.0,3,,KING
THREE WHEELER,TVS,KING,INDIA,PETROL,199.26,VAVUNIYA,BRAND NEW,2025.0,1,,KING
MOTOR CYCLE,TVS,TVS RAIDER 125,INDIA,PETROL,124.66,KEGALLE,BRAND NEW,2025.0,35,,TVS RAIDER 125
MOTOR CYCLE,YAMAHA,MT 15 VER 2.0,INDIA,PETROL,155.0,KILINOCHCHI,BRAND NEW,2025.0,22,,MT 15 VER 2.0
MOTOR CYCLE,TVS,TVS NTORQ 125 CC,INDIA,PETROL,124.8,KILINOCHCHI,BRAND NEW,2025.0,46,,TVS NTORQ 125 CC
MOTOR CYCLE,YAMAHA,RAY ZR 125,INDIA,PETROL,125.0,PUTTALAM,BRAND NEW,2025.0,6,,RAY ZR 125
MOTOR CYCLE,YAMAHA,MT 15 VER 2.0,INDIA,PETROL,155.0,POLONNARUWA,BRAND NEW,2025.0,11,,MT 15 VER 2.0
MOTOR CYCLE,YAMAHA,FZ S FI VER 4.0,INDIA,PETROL,149.0,PUTTALAM,BRAND NEW,2025.0,26,,FZ S FI VER 4.0
MOTOR CYCLE,YAMAHA,RAY ZRSTREETRALLY125,INDIA,PETROL,125.0,TRINCOMALEE,BRAND NEW,2025.0,16,,RAY ZRSTREETRALLY125
MOTOR CYCLE,YAMAHA,RAY ZR 125,INDIA,PETROL,125.0,RATNAPURA,BRAND NEW,2025.0,11,,RAY ZR 125
MOTOR CYCLE,YAMAHA,MT 15 VER 2.0,INDIA,PETROL,155.0,BATTICALOA,BRAND NEW,2025.0,39,,MT 15 VER 2.0
MOTOR CYCLE,YAMAHA,RAY ZR 125,INDIA,PETROL,125.0,AMPARA,BRAND NEW,2025.0,13,,RAY ZR 125
MOTOR CYCLE,YAMAHA,FZ  VER 2.0,INDIA,PETROL,149.0,AMPARA,BRAND NEW,2025.0,5,,FZ  VER 2.0
MOTOR CYCLE,HONDA,DIO STD,INDIA,PETROL,109.0,KANDY,BRAND NEW,2025.0,86,,DIO STD
MOTOR CYCLE,HONDA,DIO DLX,INDIA,PETROL,109.0,KANDY,BRAND NEW,2025.0,87,,DIO DLX
MOTOR CYCLE,HONDA,DIO STD,INDIA,PETROL,109.0,MATARA,BRAND NEW,2025.0,53,,DIO STD
MOTOR CYCLE,HONDA,DIO DLX,INDIA,PETROL,109.0,KEGALLE,BRAND NEW,2025.0,32,,DIO DLX
MOTOR CYCLE,HONDA,DIO STD,INDIA,PETROL,109.0,GAMPAHA,BRAND NEW,2052.0,1,,DIO STD
MOTOR CYCLE,BAJAJ,PULSAR NS 200,INDIA,PETROL,199.5,PUTTALAM,BRAND NEW,2025.0,74,,PULSAR NS 200
SINGLE CAB,MAHINDRA,BOLERO CITY PICKUP,INDIA,DIESEL,2523.0,KALUTARA,BRAND NEW,2025.0,3,,BOLERO CITY PICKUP
MOTOR CYCLE,BAJAJ,CT 100 ES,SRI LANKA,PETROL,102.0,BATTICALOA,BRAND NEW,2025.0,1,,CT 100 ES
LAND VEHICLE,YANMAR,YM358R,THAILAND,DIESEL,3319.0,KURUNEGALA,BRAND NEW,2025.0,19,,YM358R
CAR,BYD,SEAL-COMFORT,CHINA,ELECTRIC,100.0,NUWARA-ELIYA,BRAND NEW,2025.0,1,SEAL-COMFORT,Unknown
SINGLE CAB,TATA,ACE HT2,INDIA,DIESEL,702.0,KURUNEGALA,BRAND NEW,2025.0,8,,ACE HT2
CAR,JETOUR,DASHING,CHINA,PETROL,1498.0,COLOMBO,BRAND NEW,2025.0,5,,DASHING
THREE WHEELER,BAJAJ,RE 4S AUTORICKSHAW,INDIA,PETROL,237.0,PUTTALAM,BRAND NEW,2025.0,70,,RE 4S AUTORICKSHAW
THREE WHEELER,BAJAJ,RE 4S AUTORICKSHAW,INDIA,PETROL,237.0,GALLE,BRAND NEW,2025.0,115,,RE 4S AUTORICKSHAW
CAR,TOYOTA,A250RA-GBVV RAIZE,INDONESIA,PETROL,998.0,RATNAPURA,BRAND NEW,2025.0,14,,A250RA-GBVV RAIZE
SINGLE CAB,TATA,ACE HT2,INDIA,DIESEL,702.0,COLOMBO,BRAND NEW,2025.0,15,,ACE HT2
MOTOR LORRY (COMMERCIAL),TATA,LPT 2518,INDIA,DIESEL,5883.0,GAMPAHA,BRAND NEW,2025.0,4,,LPT 2518
MOTOR CYCLE,BAJAJ,PULSAR NS 200,INDIA,PETROL,199.5,KILINOCHCHI,BRAND NEW,2025.0,15,,PULSAR NS 200
LAND VEHICLE,TAFE,45DI,INDIA,DIESEL,2500.0,MANNAR,BRAND NEW,2025.0,20,,45DI
CAR,NISSAN,MAGNITE TEKNA PLUS,INDIA,PETROL,999.0,ANURADHAPURA,BRAND NEW,2025.0,5,,MAGNITE TEKNA PLUS
MOTOR CYCLE,HERO,HUNK 160,INDIA,PETROL,163.14,KANDY,BRAND NEW,2025.0,31,,HUNK 160
MOTOR CYCLE,HERO,XTREME 125 R,INDIA,PETROL,124.7,KEGALLE,BRAND NEW,2025.0,11,,XTREME 125 R
SINGLE CAB,MAHINDRA,BOLERO CITY PICKUP,INDIA,DIESEL,2523.0,ANURADHAPURA,BRAND NEW,2025.0,8,,BOLERO CITY PICKUP
CAR,MITSUBISHI,GKIWXTHUR,JAPAN,PETROL,1499.0,COLOMBO,BRAND NEW,2025.0,4,,GKIWXTHUR
MOTOR CYCLE,ATHER,450 X,INDIA,ELECTRIC,3.0,KALUTARA,BRAND NEW,2025.0,1,,450 X
MOTOR LORRY (COMMERCIAL),ISUZU,NQR75U-LN5VAYN,JAPAN,DIESEL,5193.0,POLONNARUWA,BRAND NEW,2025.0,1,,NQR75U-LN5VAYN
CAR,MAHINDRA,XUV 3XO,INDIA,PETROL,1197.0,COLOMBO,BRAND NEW,2025.0,8,,XUV 3XO
CAR,TOYOTA,A250RA-GBVV RAIZE,INDONESIA,PETROL,998.0,MATARA,BRAND NEW,2025.0,9,,A250RA-GBVV RAIZE
MOTOR CYCLE,HONDA,DIO DLX,INDIA,PETROL,109.0,KILINOCHCHI,BRAND NEW,2025.0,13,,DIO DLX
MOTOR CYCLE,YAMAHA,YZF R15 VER 4.0,INDIA,PETROL,155.0,ANURADHAPURA,BRAND NEW,2025.0,7,,YZF R15 VER 4.0
MOTOR CYCLE,YAMAHA,RAY ZR 125,INDIA,PETROL,125.0,MATARA,BRAND NEW,2025.0,13,,RAY ZR 125
MOTOR CYCLE,YAMAHA,RAY ZR,INDIA,PETROL,113.0,PUTTALAM,BRAND NEW,2025.0,4,,RAY ZR
MOTOR CYCLE,HERO,XOOM-110,INDIA,PETROL,110.9,POLONNARUWA,BRAND NEW,2025.0,59,XOOM-110,Unknown
MOTOR CYCLE,YAMAHA,FZ  VER 2.0,INDIA,PETROL,149.0,MULLATIVU,BRAND NEW,2025.0,2,,FZ  VER 2.0
MOTOR CYCLE,AIMA,LIBERTY,CHINA,ELECTRIC,1.2,KALUTARA,BRAND NEW,2025.0,14,,LIBERTY
CAR,MAHINDRA,XUV3XO AX5,INDIA,PETROL,1197.0,GAMPAHA,BRAND NEW,2025.0,1,,XUV3XO AX5
MOTOR CYCLE,RANOMOTO,GN125H,CHINA,PETROL,124.0,GALLE,BRAND NEW,2025.0,19,,GN125H
MOTOR CYCLE,BAJAJ,PULSAR N 125,INDIA,PETROL,124.58,PUTTALAM,BRAND NEW,2025.0,37,,PULSAR N 125
MOTOR LORRY (COMMERCIAL),ISUZU,NQR75U-KN5VAYN,JAPAN,DIESEL,5193.0,COLOMBO,BRAND NEW,2025.0,12,,NQR75U-KN5VAYN
MOTOR CYCLE,YAMAHA,MT 15 VER 2.0,INDIA,PETROL,155.0,MULLATIVU,BRAND NEW,2025.0,10,,MT 15 VER 2.0
MOTOR CYCLE,HERO,XOOM-110,INDIA,PETROL,110.9,MATALE,BRAND NEW,2025.0,48,XOOM-110,Unknown
MOTOR CYCLE,TMR QUANLE,XGW,CHINA,ELECTRIC,1.2,POLONNARUWA,BRAND NEW,2025.0,3,,XGW
MOTOR CYCLE,NWOW,TK 10,CHINA,ELECTRIC,0.8,KALUTARA,BRAND NEW,2025.0,2,,TK 10
MOTOR CYCLE,NWOW,SE,CHINA,ELECTRIC,0.8,GAMPAHA,BRAND NEW,2018.0,2,,SE
MOTOR CYCLE,NWOW,ARS,CHINA,ELECTRIC,0.45,MONERAGALA,BRAND NEW,2025.0,1,,ARS
DUAL PURPOSE (COMMERCIAL),MITSUBISHI,LC1TJLHGCR L200,THAILAND,DIESEL,2442.0,KURUNEGALA,BRAND NEW,2025.0,1,,LC1TJLHGCR L200
THREE WHEELER,PIAGGIO,APE AUTO DX,INDIA,DIESEL,435.0,MATARA,BRAND NEW,2025.0,9,,APE AUTO DX
SINGLE CAB,TATA,YODHA,INDIA,DIESEL,2956.0,GALLE,BRAND NEW,2025.0,1,,YODHA
MOTOR CYCLE,BAJAJ,PULSAR N 125,INDIA,PETROL,124.58,KANDY,BRAND NEW,2025.0,14,,PULSAR N 125
CAR,BAW,E7,CHINA,ELECTRIC,30.0,COLOMBO,BRAND NEW,2025.0,105,,E7
MOTOR CYCLE,SOLID,ROBOT,CHINA,ELECTRIC,1.2,MATARA,BRAND NEW,2025.0,1,,ROBOT
MOTOR CYCLE,SOLID,S9,CHINA,ELECTRIC,2.0,COLOMBO,BRAND NEW,2025.0,2,,S9
SINGLE CAB,DONG FENG,VA91-101,CHINA,DIESEL,2300.0,COLOMBO,BRAND NEW,2025.0,2,VA91-101,Unknown
SINGLE CAB,DONG FENG,VA 91 - 101,CHINA,DIESEL,2300.0,COLOMBO,BRAND NEW,2025.0,1,,VA 91 - 101
COMMERCIAL,TATA,LP 712,INDIA,DIESEL,3783.0,GAMPAHA,BRAND NEW,2025.0,3,,LP 712
MOTOR CYCLE,TAILG,RED RABBIT,CHINA,ELECTRIC,1.2,MONERAGALA,BRAND NEW,2025.0,2,,RED RABBIT
MOTOR CYCLE,SUPER SOCO,TS STREET HUNTER,CHINA,ELECTRIC,2.5,KALUTARA,BRAND NEW,2024.0,1,,TS STREET HUNTER
LAND VEHICLE (SMALL),VOLTA,RV 125,CHINA,DIESEL,624.0,POLONNARUWA,BRAND NEW,2025.0,5,,RV 125
MOTOR CYCLE,BAJAJ,PULSAR N 125,INDIA,PETROL,124.58,BATTICALOA,BRAND NEW,2025.0,11,,PULSAR N 125
MOTOR CYCLE,AIMA,MAVERICK,CHINA,ELECTRIC,2.0,POLONNARUWA,BRAND NEW,2025.0,3,,MAVERICK
MOTOR CYCLE,AIMA,BREEZY,CHINA,ELECTRIC,0.8,ANURADHAPURA,BRAND NEW,2025.0,12,,BREEZY
MOTOR CYCLE,AIMA,MAVERICK,CHINA,ELECTRIC,2.0,MATALE,BRAND NEW,2025.0,3,,MAVERICK
MOTOR CYCLE,AIMA,MAVERICK,CHINA,ELECTRIC,2.0,GAMPAHA,BRAND NEW,2025.0,2,,MAVERICK
MOTOR CYCLE,ROYAL ENFIELD,METEOR 350,INDIA,PETROL,350.0,PUTTALAM,BRAND NEW,2025.0,1,,METEOR 350
LAND VEHICLE,TAFE,45DI,INDIA,DIESEL,2700.0,PUTTALAM,BRAND NEW,2025.0,1,,45DI
MOTOR CYCLE,YADEA,RUIBIN,CHINA,ELECTRIC,0.8,GALLE,BRAND NEW,2025.0,5,,RUIBIN
MOTOR CYCLE,YADEA,T5,CHINA,ELECTRIC,1.2,VAVUNIYA,BRAND NEW,2025.0,9,,T5
THREE WHEELER,MAHINDRA,TREO,INDIA,ELECTRIC,3.5,PUTTALAM,BRAND NEW,2025.0,3,,TREO
THREE WHEELER,MAHINDRA,TREO,INDIA,ELECTRIC,3.5,ANURADHAPURA,BRAND NEW,2025.0,2,,TREO
CAR,SAIC,MG ZS MCE,CHINA,PETROL,999.0,GAMPAHA,BRAND NEW,2025.0,33,,MG ZS MCE
COMMERCIAL,TATA,ULTRA PRIME LPO 8.6,INDIA,DIESEL,3300.0,GAMPAHA,BRAND NEW,2025.0,1,,ULTRA PRIME LPO 8.6
CAR,DONGFENG,BOX E3,CHINA,ELECTRIC,50.0,GAMPAHA,BRAND NEW,2025.0,4,,BOX E3
MOTOR CYCLE,LUYUAN,MYT,CHINA,ELECTRIC,0.8,POLONNARUWA,BRAND NEW,2025.0,8,,MYT
MOTOR CYCLE,YADEA,T 9,CHINA,ELECTRIC,2.0,KEGALLE,BRAND NEW,2025.0,4,,T 9
MOTOR CYCLE,BAJAJ,PULSAR N 125,INDIA,PETROL,124.58,JAFFNA,BRAND NEW,2025.0,6,,PULSAR N 125
MOTOR CYCLE,BAJAJ,PULSAR N 160,INDIA,PETROL,164.32,AMPARA,BRAND NEW,2025.0,57,,PULSAR N 160
DUAL PURPOSE (COMMERCIAL),FORD,RANGER RAPTOR,THAILAND,DIESEL,1996.0,KANDY,BRAND NEW,2025.0,1,,RANGER RAPTOR
MOTOR CYCLE,BAJAJ,PULSAR N 125,INDIA,PETROL,124.58,BADULLA,BRAND NEW,2025.0,10,,PULSAR N 125
CAR,SAIC,MG ZS MCE,CHINA,PETROL,999.0,KANDY,BRAND NEW,2025.0,2,,MG ZS MCE
MOTOR CYCLE,HERO,HUNK 160,INDIA,PETROL,163.14,TRINCOMALEE,BRAND NEW,2025.0,14,,HUNK 160
MOTOR CYCLE,YAMAHA,RAY ZR STREET RALLY,INDIA,PETROL,113.0,POLONNARUWA,BRAND NEW,2025.0,1,,RAY ZR STREET RALLY
MOTOR CYCLE,TMR QUANLE,G18,CHINA,ELECTRIC,2.0,GAMPAHA,BRAND NEW,2025.0,4,,G18
MOTOR CYCLE,TMR QUANLE,ZL,CHINA,ELECTRIC,2.0,HAMBANTOTA,BRAND NEW,2025.0,4,,ZL
CAR,DAIHATSU,5BA-A201S ROCKY,JAPAN,PETROL,1196.0,RATNAPURA,BRAND NEW,2023.0,1,5BA-A201S,ROCKY
MOTOR CYCLE,TMR QUANLE,G18,CHINA,ELECTRIC,2.0,GALLE,BRAND NEW,2025.0,1,,G18
MOTOR CYCLE,LUYUAN,MS70 Z23E,CHINA,ELECTRIC,1.2,HAMBANTOTA,BRAND NEW,2025.0,6,,MS70 Z23E
MOTOR CYCLE,OYFLY,TDM-LTW,CHINA,ELECTRIC,2.0,KURUNEGALA,BRAND NEW,2025.0,1,TDM-LTW,Unknown
MOTOR CYCLE,LIMA,EL07,CHINA,ELECTRIC,1.5,GALLE,BRAND NEW,2025.0,8,,EL07
MOTOR LORRY (COMMERCIAL),ISUZU,FTR34UU-PDN,JAPAN,DIESEL,7790.0,KURUNEGALA,BRAND NEW,2025.0,2,,FTR34UU-PDN
CAR,PERODUA,BEZZA,MALAYSIA,PETROL,998.0,KANDY,BRAND NEW,2025.0,6,,BEZZA
SINGLE CAB,TATA,ACE HT2,INDIA,DIESEL,702.0,GALLE,BRAND NEW,2025.0,3,,ACE HT2
CAR,MAZDA,CX-3 IPM5,THAILAND,PETROL,1496.0,COLOMBO,BRAND NEW,2025.0,1,CX-3,IPM5
SINGLE CAB,MAHINDRA,BOLERO CITY PICKUP,INDIA,DIESEL,2523.0,KEGALLE,BRAND NEW,2025.0,8,,BOLERO CITY PICKUP
MOTOR CYCLE,YADEA,T5,CHINA,ELECTRIC,1.2,KILINOCHCHI,BRAND NEW,2025.0,31,,T5
CAR,NISSAN,MAGNITE TEKNA PLUS,INDIA,PETROL,999.0,POLONNARUWA,BRAND NEW,2025.0,1,,MAGNITE TEKNA PLUS
SINGLE CAB,MAHINDRA,BOLERO CITY PICKUP,INDIA,DIESEL,2523.0,KILINOCHCHI,BRAND NEW,2025.0,5,,BOLERO CITY PICKUP
CAR,SUZUKI,FRONX,INDIA,PETROL,998.0,NUWARA-ELIYA,BRAND NEW,2025.0,1,,FRONX
SINGLE CAB,MAHINDRA,BOLERO CITY PICK UP,INDIA,DIESEL,2523.0,GAMPAHA,BRAND NEW,2025.0,3,,BOLERO CITY PICK UP
MOTOR CYCLE,SUZUKI,BURGMAN STREET,INDIA,PETROL,125.0,KURUNEGALA,BRAND NEW,2025.0,9,,BURGMAN STREET
CAR,MERCEDES BENZ,GLA200,GERMANY,PETROL,1332.0,KALUTARA,BRAND NEW,2025.0,1,,GLA200
MOTOR CYCLE,LUYUAN ALFA,M-MKK-Z30LJ-12-C,CHINA,ELECTRIC,1.8,COLOMBO,BRAND NEW,2024.0,1,,M-MKK-Z30LJ-12-C
MOTOR CYCLE,DAYUN,DY200T-11,CHINA,PETROL,200.0,KALUTARA,BRAND NEW,2025.0,1,,DY200T-11
LAND VEHICLE,SONALIKA,D150RX-2WD,INDIA,DIESEL,2893.0,BADULLA,BRAND NEW,2025.0,1,,D150RX-2WD
CAR,SAIC,MG ZS MCE,CHINA,PETROL,999.0,GALLE,BRAND NEW,2025.0,1,,MG ZS MCE
COMMERCIAL,TATA,LP 712,INDIA,DIESEL,3783.0,HAMBANTOTA,BRAND NEW,2025.0,1,,LP 712
SINGLE CAB,TATA,SUPER ACE,INDIA,DIESEL,1396.0,COLOMBO,BRAND NEW,2025.0,3,,SUPER ACE
COMMERCIAL,LANKA ASHOK LEYLAND,LUXURA,INDIA,DIESEL,6014.0,COLOMBO,BRAND NEW,2025.0,1,,LUXURA
CAR,PERODUA,BEZZA,MALAYSIA,PETROL,998.0,BADULLA,BRAND NEW,2025.0,3,,BEZZA
CAR,GAC,AION Y,CHINA,ELECTRIC,100.0,COLOMBO,BRAND NEW,2025.0,3,,AION Y
MOTOR CYCLE,LUYUAN ALFA,MKK-Z23E-12-C,CHINA,ELECTRIC,1.2,HAMBANTOTA,BRAND NEW,2025.0,4,MKK-Z23E-12-C,Unknown
MOTOR LORRY (COMMERCIAL),ISUZU,NMR85U-EH5AY,JAPAN,DIESEL,2999.0,GAMPAHA,BRAND NEW,2025.0,1,,NMR85U-EH5AY
MOTOR CYCLE,YADEA,M6,CHINA,ELECTRIC,1.2,GAMPAHA,BRAND NEW,2025.0,3,,M6
CAR,CHANGAN,S05,THAILAND,ELECTRIC,99.0,KALUTARA,BRAND NEW,2025.0,1,,S05
LAND VEHICLE,TAFE,45DI,INDIA,DIESEL,2500.0,HAMBANTOTA,BRAND NEW,2025.0,5,,45DI
LAND VEHICLE (SMALL),SIFANG,GN12DI,CHINA,DIESEL,815.0,KURUNEGALA,BRAND NEW,2024.0,4,,GN12DI
LAND VEHICLE (SMALL),VIKYNO,RV125-2,VIETNAM,DIESEL,624.0,ANURADHAPURA,BRAND NEW,2024.0,2,RV125-2,Unknown
LAND VEHICLE (SMALL),SIFANG,GN12DI,CHINA,DIESEL,815.0,PUTTALAM,BRAND NEW,2024.0,1,,GN12DI
LAND VEHICLE,JOHN DEERE,5047D,INDIA,DIESEL,2940.0,MULLATIVU,BRAND NEW,2025.0,8,,5047D
LAND VEHICLE,JOHN DEERE,5045D,INDIA,DIESEL,2940.0,MULLATIVU,BRAND NEW,2025.0,7,,5045D
MOTOR CYCLE,YADEA,RUIBIN,CHINA,ELECTRIC,0.8,BADULLA,BRAND NEW,2025.0,5,,RUIBIN
THREE WHEELER,NWOW,ERVS4 PLUS,CHINA,ELECTRIC,0.8,GAMPAHA,BRAND NEW,2025.0,1,,ERVS4 PLUS
MOTOR CYCLE,HONDA,PCX 160,INDONESIA,PETROL,157.0,TRINCOMALEE,BRAND NEW,2025.0,1,,PCX 160
MOTOR CYCLE,AIMA,LIBERTY,CHINA,ELECTRIC,1.2,JAFFNA,BRAND NEW,2025.0,2,,LIBERTY
MOTOR CYCLE,YADEA,RUIBIN,CHINA,ELECTRIC,0.8,MULLATIVU,BRAND NEW,2025.0,5,,RUIBIN
MOTOR CYCLE,AIMA,LIBERTY,CHINA,ELECTRIC,1.2,RATNAPURA,BRAND NEW,2025.0,2,,LIBERTY
COMMERCIAL,TOYOTA,HIACE-GDH301R-GDTDY,JAPAN,DIESEL,2755.0,MANNAR,BRAND NEW,2025.0,2,HIACE-GDH301R-GDTDY,Unknown
MOTOR LORRY (COMMERCIAL),ISUZU,NQR75U-KN5VAYN,JAPAN,DIESEL,5193.0,KURUNEGALA,BRAND NEW,2025.0,3,,NQR75U-KN5VAYN
MOTOR LORRY (COMMERCIAL),ISUZU,NPR75U-HL5VAYN,JAPAN,DIESEL,5193.0,GAMPAHA,BRAND NEW,2025.0,1,,NPR75U-HL5VAYN
LAND VEHICLE,KARTAR,GLOBETRAC 4736 4WD,INDIA,DIESEL,3117.0,MONERAGALA,BRAND NEW,2024.0,1,,GLOBETRAC 4736 4WD
MOTOR CYCLE,BAJAJ,PULSAR N 125,INDIA,PETROL,124.58,KILINOCHCHI,BRAND NEW,2025.0,2,,PULSAR N 125
MOTOR CYCLE,MM,ZOOM X3,CHINA,ELECTRIC,3.0,GAMPAHA,BRAND NEW,2024.0,1,,ZOOM X3
CAR,HYUNDAI,VENUE,INDIA,PETROL,998.0,COLOMBO,BRAND NEW,2025.0,12,,VENUE
MOTOR CYCLE,TVS,IQUBE,INDIA,ELECTRIC,3.34,COLOMBO,BRAND NEW,2022.0,1,,IQUBE
MOTOR CYCLE,WUXI,MC-TK-03,CHINA,PETROL,125.0,GAMPAHA,BRAND NEW,2025.0,1,MC-TK-03,Unknown
MOTOR LORRY (COMMERCIAL),TATA,LPT 2518,INDIA,DIESEL,5883.0,COLOMBO,BRAND NEW,2025.0,3,,LPT 2518
MOTOR LORRY (COMMERCIAL),LANKA ASHOK LEYLAND,PARTNER,INDIA,DIESEL,2953.0,JAFFNA,BRAND NEW,2025.0,1,,PARTNER
LAND VEHICLE,SOLIS,4520,INDIA,DIESEL,2893.0,KILINOCHCHI,BRAND NEW,2024.0,2,,4520
COMMERCIAL,ZHONGTONG,LCK6128H MAGNITE,CHINA,DIESEL,9500.0,AMPARA,BRAND NEW,2025.0,1,,LCK6128H MAGNITE
LAND VEHICLE,SOLIS,5020,INDIA,DIESEL,3067.0,VAVUNIYA,BRAND NEW,2024.0,1,,5020
MOTOR LORRY (COMMERCIAL),LANKA ASHOK LEYLAND,TUSKER SUPER 1618,SRI LANKA,DIESEL,5759.0,HAMBANTOTA,BRAND NEW,2025.0,1,,TUSKER SUPER 1618
MOTOR CYCLE,HERO,XOOM 160R,INDIA,PETROL,160.0,COLOMBO,BRAND NEW,2025.0,1,,XOOM 160R
MOTOR CYCLE,SUNRA,BQ,CHINA,ELECTRIC,2.0,GAMPAHA,BRAND NEW,2016.0,1,,BQ
MOTOR CYCLE,BNC,PERFETTO,INDIA,ELECTRIC,4.2,KURUNEGALA,BRAND NEW,2025.0,1,,PERFETTO
MOTOR CYCLE,TMR QUANLE,XGW,CHINA,ELECTRIC,1.2,TRINCOMALEE,BRAND NEW,2025.0,3,,XGW
MOTOR CYCLE,TMR QUANLE,ZS,CHINA,ELECTRIC,1.2,HAMBANTOTA,BRAND NEW,2025.0,1,,ZS
MOTOR CYCLE,TAKASHI,ES PRO MAX,CHINA,ELECTRIC,2.0,GALLE,BRAND NEW,2025.0,2,,ES PRO MAX
CAR,WULING,CLOUD EV,INDONESIA,ELECTRIC,100.0,KALUTARA,BRAND NEW,2025.0,2,,CLOUD EV
MOTOR CYCLE,ROYAL ENFIELD,CLASSIC 350,INDIA,PETROL,349.0,BATTICALOA,BRAND NEW,2025.0,3,,CLASSIC 350
MOTOR CYCLE,TMR LUYUAN,COLA 5,CHINA,ELECTRIC,0.4,BADULLA,BRAND NEW,2025.0,1,,COLA 5
MOTOR CYCLE,ROYAL ENFIELD,CLASSIC 350,INDIA,PETROL,349.0,GAMPAHA,BRAND NEW,2025.0,3,,CLASSIC 350
MOTOR CYCLE,REVOLT,RV 1,INDIA,ELECTRIC,1.8,GALLE,BRAND NEW,2025.0,1,,RV 1
MOTOR CYCLE,ROYAL ENFIELD,CLASSIC 350,INDIA,PETROL,349.0,COLOMBO,BRAND NEW,2019.0,1,,CLASSIC 350
MOTOR LORRY (COMMERCIAL),ISUZU,FTR34UU-PDN,JAPAN,DIESEL,7790.0,NUWARA-ELIYA,BRAND NEW,2025.0,1,,FTR34UU-PDN
MOTOR CYCLE,TAKASHI,ES LITE,CHINA,ELECTRIC,1.2,PUTTALAM,BRAND NEW,2025.0,1,,ES LITE
CAR,GAC,AION V LUXURY,CHINA,ELECTRIC,100.0,COLOMBO,BRAND NEW,2025.0,24,,AION V LUXURY
CAR,WULING,CLOUD EV,INDONESIA,ELECTRIC,100.0,COLOMBO,BRAND NEW,2025.0,8,,CLOUD EV
MOTOR CYCLE,ROYAL ENFIELD,HUNTOR 350,INDIA,PETROL,350.0,COLOMBO,BRAND NEW,2025.0,1,,HUNTOR 350
CAR,JETOUR,X70 PLUS,CHINA,PETROL,1498.0,TRINCOMALEE,BRAND NEW,2025.0,1,,X70 PLUS
MOTOR CYCLE,LIMA,EL07,CHINA,ELECTRIC,1.5,COLOMBO,BRAND NEW,2025.0,2,,EL07
CAR,LAND ROVER,RANGE ROVER EVOQUE,UNITED KINGDOM,PETROL/ELE,1500.0,BADULLA,BRAND NEW,2025.0,1,,RANGE ROVER EVOQUE
MOTOR CYCLE,HERO,HF-DELUXE,INDIA,PETROL,97.2,MONERAGALA,BRAND NEW,2025.0,5,HF-DELUXE,Unknown
MOTOR CYCLE,HONDA,DIO STD,INDIA,PETROL,110.0,PUTTALAM,BRAND NEW,2025.0,1,,DIO STD
MOTOR CYCLE,YADEA,EPOC H,CHINA,ELECTRIC,2.0,GAMPAHA,BRAND NEW,2025.0,3,,EPOC H
MOTOR CYCLE,BAJAJ,CT 100 ES,SRI LANKA,PETROL,102.0,TRINCOMALEE,BRAND NEW,2025.0,1,,CT 100 ES
CAR,MITSUBISHI,NC1WXRPGRV1,INDONESIA,PETROL,1499.0,GALLE,BRAND NEW,2025.0,1,,NC1WXRPGRV1
LAND VEHICLE,YANMAR,YM358R,THAILAND,DIESEL,3319.0,BADULLA,BRAND NEW,2025.0,1,,YM358R
MOTOR CYCLE,LUYUAN,MYT,CHINA,ELECTRIC,0.8,VAVUNIYA,BRAND NEW,2025.0,1,,MYT
MOTOR LORRY (COMMERCIAL),TATA,LPT-1615,INDIA,DIESEL,5883.0,KURUNEGALA,BRAND NEW,2025.0,2,LPT-1615,Unknown
MOTOR LORRY (COMMERCIAL),ISUZU,NMR85U-HH5AY,JAPAN,DIESEL,2999.0,KURUNEGALA,BRAND NEW,2025.0,2,,NMR85U-HH5AY
CAR,TOYOTA,WIGO A350RA GBNE,INDONESIA,PETROL,998.0,NUWARA-ELIYA,BRAND NEW,2025.0,1,,WIGO A350RA GBNE
COMMERCIAL,LANKA ASHOK LEYLAND,VIKING,INDIA,DIESEL,6014.0,MONERAGALA,BRAND NEW,2025.0,1,,VIKING
CAR,NISSAN,MAGNITE ACENTA BR10,INDIA,PETROL,999.0,KEGALLE,BRAND NEW,2025.0,2,,MAGNITE ACENTA BR10
MOTOR CYCLE,YADEA,EPOC H,CHINA,ELECTRIC,2.0,MONERAGALA,BRAND NEW,2025.0,1,,EPOC H
MOTOR CYCLE,HERO,HUNK 160,INDIA,PETROL,163.14,VAVUNIYA,BRAND NEW,2025.0,1,,HUNK 160
LAND VEHICLE,SONALIKA,D150RX-2WD,INDIA,DIESEL,2893.0,AMPARA,BRAND NEW,2024.0,1,,D150RX-2WD
MOTOR CYCLE,AIMA,LIBERTY,CHINA,ELECTRIC,1.2,VAVUNIYA,BRAND NEW,2025.0,1,,LIBERTY
MOTOR CYCLE,AIMA,BREEZY,CHINA,ELECTRIC,0.8,PUTTALAM,BRAND NEW,2025.0,2,,BREEZY
MOTOR LORRY (COMMERCIAL),ISUZU,NMR85U-EH5AY,JAPAN,DIESEL,2999.0,KALUTARA,BRAND NEW,2025.0,1,,NMR85U-EH5AY
CAR,PERODUA,BEZZA,MALAYSIA,PETROL,998.0,HAMBANTOTA,BRAND NEW,2025.0,1,,BEZZA
LAND VEHICLE,MAHINDRA,YUVO TECH PLUS 575DI,INDIA,DIESEL,2979.0,GAMPAHA,BRAND NEW,2025.0,1,,YUVO TECH PLUS 575DI
CAR,TOYOTA,F800RE-GQGF RUSH,INDONESIA,PETROL,1496.0,GAMPAHA,BRAND NEW,2025.0,2,,F800RE-GQGF RUSH
COMMERCIAL,TOYOTA,HIACE-GDH301R-GDTDY,JAPAN,DIESEL,2755.0,BATTICALOA,BRAND NEW,2025.0,1,HIACE-GDH301R-GDTDY,Unknown
MOTOR CYCLE,SUZUKI,BURGMAN STREET,INDIA,PETROL,125.0,KANDY,BRAND NEW,2025.0,2,,BURGMAN STREET
MOTOR CYCLE,OKINAWA,PRAISE,INDIA,ELECTRIC,1.0,KURUNEGALA,BRAND NEW,2018.0,1,,PRAISE
LAND VEHICLE,TAFE,45DI,INDIA,DIESEL,2500.0,HAMBANTOTA,BRAND NEW,2024.0,1,,45DI
MOTOR LORRY (COMMERCIAL),JAC,HFC1045E4,CHINA,DIESEL,2746.0,GAMPAHA,BRAND NEW,2025.0,1,,HFC1045E4
MOTOR CYCLE,RIKODA,YSY,CHINA,ELECTRIC,0.8,ANURADHAPURA,BRAND NEW,2022.0,1,,YSY
MOTOR CYCLE,OYFLY,TDM-LTW,CHINA,ELECTRIC,2.0,GAMPAHA,BRAND NEW,2025.0,1,TDM-LTW,Unknown
LAND VEHICLE,TAFE,45DI,INDIA,DIESEL,2700.0,TRINCOMALEE,BRAND NEW,2024.0,1,,45DI
LAND VEHICLE,E KUBOTA,EK3-471,INDIA,DIESEL,2761.0,MONERAGALA,BRAND NEW,2025.0,2,EK3-471,4WD
LAND VEHICLE,TAFE,7250.DI,INDIA,DIESEL,2500.0,PUTTALAM,BRAND NEW,2025.0,1,,7250.DI
LAND VEHICLE,TAFE,7250.DI,INDIA,DIESEL,2500.0,ANURADHAPURA,BRAND NEW,2025.0,1,,7250.DI
LAND VEHICLE,MAHINDRA,YUVO TECH PLUS 575DI,INDIA,DIESEL,2979.0,MULLATIVU,BRAND NEW,2025.0,1,,YUVO TECH PLUS 575DI
MOTOR CYCLE,REVOLT,RV 1,INDIA,ELECTRIC,1.8,KURUNEGALA,BRAND NEW,2025.0,1,,RV 1
LAND VEHICLE,LOVOL,P504-3,CHINA,DIESEL,2189.0,TRINCOMALEE,BRAND NEW,202.0,1,P504-3,Unknown
MOTOR CYCLE,LUYUAN ALFA,MKK-Z23E-12-C,CHINA,ELECTRIC,1.2,JAFFNA,BRAND NEW,2025.0,1,MKK-Z23E-12-C,Unknown
PRIMER MOVER,LANKA ASHOK LEYLAND,U4019,INDIA,DIESEL,5759.0,RATNAPURA,BRAND NEW,2025.0,1,,U4019
MOTOR CYCLE,SENARO,GN125,SRI LANKA,PETROL,125.0,VAVUNIYA,BRAND NEW-L/ASSEMBLE,2025.0,2,,GN125
MOTOR CYCLE,SENARO,GN125,SRI LANKA,PETROL,125.0,NUWARA-ELIYA,BRAND NEW-L/ASSEMBLE,2025.0,4,,GN125
MOTOR CYCLE,TVS,TVS XL 100,SRI LANKA,PETROL,99.7,HAMBANTOTA,BRAND NEW-L/ASSEMBLE,2025.0,206,,TVS XL 100
MOTOR CYCLE,TVS,TVS XL 100,SRI LANKA,PETROL,99.7,BADULLA,BRAND NEW-L/ASSEMBLE,2025.0,7,,TVS XL 100
MOTOR CYCLE,BAJAJ,CT 100 ES,SRI LANKA,PETROL,102.0,JAFFNA,BRAND NEW-L/ASSEMBLE,2025.0,65,,CT 100 ES
MOTOR CYCLE,BAJAJ,DISCOVER 125,SRI LANKA,PETROL,124.5,PUTTALAM,BRAND NEW-L/ASSEMBLE,2025.0,79,,DISCOVER 125
MOTOR CYCLE,BAJAJ,CT 100 ES,SRI LANKA,PETROL,102.0,MANNAR,BRAND NEW-L/ASSEMBLE,2025.0,29,,CT 100 ES
MOTOR CYCLE,TVS,TVS XL 100,SRI LANKA,PETROL,99.7,KANDY,BRAND NEW-L/ASSEMBLE,2025.0,14,,TVS XL 100
MOTOR CYCLE,SENARO,GN125,SRI LANKA,PETROL,125.0,GALLE,BRAND NEW-L/ASSEMBLE,2025.0,10,,GN125
SINGLE CAB,LANKA ASHOK LEYLAND,DOST,SRI LANKA,DIESEL,1478.0,MONERAGALA,BRAND NEW-L/ASSEMBLE,2025.0,1,,DOST
MOTOR CYCLE,BAJAJ,PULSAR N160,SRI LANKA,PETROL,164.82,JAFFNA,BRAND NEW-L/ASSEMBLE,2025.0,31,,PULSAR N160
MOTOR CYCLE,BAJAJ,PULSAR N160,SRI LANKA,PETROL,164.82,MONERAGALA,BRAND NEW-L/ASSEMBLE,2025.0,35,,PULSAR N160
DUAL PURPOSE (COMMERCIAL),JAC,HFC1037D3,SRI LANKA,DIESEL,1999.0,MATALE,BRAND NEW-L/ASSEMBLE,2025.0,1,,HFC1037D3
MOTOR LORRY (COMMERCIAL),LANKA ASHOK LEYLAND,E COMET 1212,SRI LANKA,DIESEL,3839.0,COLOMBO,BRAND NEW-L/ASSEMBLE,2025.0,3,,E COMET 1212
MOTOR LORRY (COMMERCIAL),LANKA ASHOK LEYLAND,E COMET 1212.,SRI LANKA,DIESEL,3839.0,COLOMBO,BRAND NEW-L/ASSEMBLE,2025.0,1,,E COMET 1212.
MOTOR CYCLE,TVS,TVS XL 100,SRI LANKA,PETROL,99.7,KALUTARA,BRAND NEW-L/ASSEMBLE,2025.0,15,,TVS XL 100
MOTOR CYCLE,SENARO,CLICK 150,SRI LANKA,PETROL,150.0,KANDY,BRAND NEW-L/ASSEMBLE,2025.0,4,,CLICK 150
MOTOR CYCLE,BAJAJ,PULSAR N 160,SRI LANKA,PETROL,164.32,KEGALLE,BRAND NEW-L/ASSEMBLE,2025.0,1,,PULSAR N 160
MOTOR LORRY (COMMERCIAL),LANKA ASHOK LEYLAND,TAURUS 2518,SRI LANKA,DIESEL,5759.0,AMPARA,BRAND NEW-L/ASSEMBLE,2025.0,1,,TAURUS 2518
DUAL PURPOSE (COMMERCIAL),J M C,VIGUS PRO,SRI LANKA,DIESEL,1998.0,GALLE,BRAND NEW-L/ASSEMBLE,2025.0,1,,VIGUS PRO
MOTOR CYCLE,TVS,NTORQ 125,SRI LANKA,PETROL,124.8,GALLE,BRAND NEW-L/ASSEMBLE,2025.0,2,,NTORQ 125
SINGLE CAB,TATA,ACE HT2,SRI LANKA,DIESEL,702.0,PUTTALAM,BRAND NEW-L/ASSEMBLE,2025.0,1,,ACE HT2
CAR,G.W.M.,JOLION,SRI LANKA,PETROL,1497.0,BATTICALOA,BRAND NEW-L/ASSEMBLE,2025.0,2,,JOLION
SINGLE CAB,LANKA ASHOK LEYLAND,BADA DOST,SRI LANKA,DIESEL,1478.0,HAMBANTOTA,BRAND NEW-L/ASSEMBLE,2025.0,1,,BADA DOST
CAR,TOYOTA,5BA-M910A ROOMY,JAPAN,PETROL,998.0,KALUTARA,RECONDITIONED,2024.0,1,5BA-M910A,ROOMY
MOTOR CYCLE,HONDA,PCX125,JAPAN,PETROL,124.0,GAMPAHA,RECONDITIONED,2025.0,4,,PCX125
CAR,SUZUKI,3BA-DA17W  EVERY,JAPAN,PETROL,658.0,COLOMBO,RECONDITIONED,2024.0,1,3BA-DA17W,EVERY
CAR,SUZUKI,3BA-HA37S ALTO,JAPAN,PETROL,658.0,KALUTARA,RECONDITIONED,2024.0,1,3BA-HA37S,ALTO
CAR,SUZUKI,5BD-DA17V EVERY,JAPAN,PETROL,658.0,PUTTALAM,RECONDITIONED,2025.0,4,5BD-DA17V,EVERY
CAR,SUZUKI,3BA-JB64W JIMNY,JAPAN,PETROL,658.0,COLOMBO,RECONDITIONED,2024.0,3,3BA-JB64W,JIMNY
CAR,SUZUKI,5BD-DA17V EVERY,JAPAN,PETROL,658.0,TRINCOMALEE,RECONDITIONED,2025.0,1,5BD-DA17V,EVERY
CAR,HONDA,CR-V VTI-L7,THAILAND,PETROL,1498.0,COLOMBO,RECONDITIONED,2025.0,1,CR-V,VTI-L7
CAR,TOYOTA,5BA-KSP210 YARIS,JAPAN,PETROL,996.0,COLOMBO,RECONDITIONED,2025.0,10,5BA-KSP210,YARIS
CAR,TOYOTA,3BA-A210A  RAIZE,JAPAN,PETROL,996.0,KANDY,RECONDITIONED,2025.0,1,3BA-A210A,RAIZE
CAR,TOYOTA,5AA-A202A RAIZE,JAPAN,PETROL/ELE,78.0,ANURADHAPURA,RECONDITIONED,2025.0,1,5AA-A202A,RAIZE
CAR,TOYOTA,YARIS ATIV,THAILAND,PETROL,1197.0,COLOMBO,RECONDITIONED,2025.0,6,,YARIS ATIV
SINGLE CAB,DAIHATSU,3BD-S500P HIJET,JAPAN,PETROL,658.0,COLOMBO,RECONDITIONED,2024.0,1,3BD-S500P,HIJET
CAR,TOYOTA,3BA-VJA300W LCRUISER,JAPAN,PETROL,3444.0,RATNAPURA,RECONDITIONED,2024.0,1,3BA-VJA300W,LCRUISER
CAR,TOYOTA,3BA-A210A RAIZE,JAPAN,PETROL,996.0,KANDY,RECONDITIONED,2023.0,3,3BA-A210A,RAIZE
CAR,HONDA,6BA-JF3  N BOX,JAPAN,PETROL,658.0,GAMPAHA,RECONDITIONED,2022.0,1,6BA-JF3,N BOX
CAR,TOYOTA,5BA-M900A ROOMY,JAPAN,PETROL,996.0,COLOMBO,RECONDITIONED,2022.0,4,5BA-M900A,ROOMY
CAR,MERCEDES BENZ,CLA200,GERMANY,PETROL,1332.0,COLOMBO,RECONDITIONED,2020.0,1,,CLA200
CAR,MERCEDES BENZ,GLB 200 AMG LINE,UNITED KINGDOM,PETROL,1332.0,COLOMBO,RECONDITIONED,2025.0,1,,GLB 200 AMG LINE
CAR,DAIHATSU,5BA-LA350S MIRA ES,JAPAN,PETROL,658.0,COLOMBO,RECONDITIONED,2025.0,2,5BA-LA350S,MIRA ES
CAR,SUZUKI,5BA-MH85S WAGON R,JAPAN,PETROL,658.0,GAMPAHA,RECONDITIONED,2025.0,2,5BA-MH85S,WAGON R
CAR,DAIHATSU,3BD-S700V HIJET,JAPAN,PETROL,658.0,KANDY,RECONDITIONED,2022.0,1,3BD-S700V,HIJET
AMBULANCE,TOYOTA,CBF-TRH226S,JAPAN,PETROL,2690.0,COLOMBO,RECONDITIONED,2013.0,1,CBF-TRH226S,Unknown
MOTOR CYCLE,HONDA,PCX 160,JAPAN,PETROL,157.0,GAMPAHA,RECONDITIONED,2025.0,4,,PCX 160
DUAL PURPOSE (COMMERCIAL),FORD,RANGER RAPTOR,THAILAND,DIESEL,1996.0,MONERAGALA,RECONDITIONED,2025.0,1,,RANGER RAPTOR
CAR,TOYOTA,5BA-KSP210 YARIS,JAPAN,PETROL,996.0,KEGALLE,RECONDITIONED,2023.0,3,5BA-KSP210,YARIS
CAR,TOYOTA,5AA-A202A RAIZE,JAPAN,PETROL/ELE,1196.0,RATNAPURA,RECONDITIONED,2025.0,2,5AA-A202A,RAIZE
CAR,HONDA,CR-V  VTI L7,AUSTRALIA,PETROL,1498.0,COLOMBO,RECONDITIONED,2025.0,1,CR-V,VTI L7
CAR,SUZUKI,5AA-MH95S  WAGON R,JAPAN,PETROL,658.0,KALUTARA,RECONDITIONED,2024.0,1,5AA-MH95S,WAGON R
CAR,HONDA,5BA-RZ3 ZR V,JAPAN,PETROL,1496.0,GAMPAHA,RECONDITIONED,2024.0,1,5BA-RZ3,ZR V
CAR,TOYOTA,6AA-NKE165 AXIO,JAPAN,PETROL/ELE,1496.0,COLOMBO,RECONDITIONED,2023.0,1,6AA-NKE165,AXIO
CAR,TOYOTA,5BA-M700A  PASSO,JAPAN,PETROL,996.0,GAMPAHA,RECONDITIONED,2023.0,1,5BA-M700A,PASSO
CAR,DAIHATSU,5BA-LA350S MIRA,JAPAN,PETROL,658.0,MATARA,RECONDITIONED,2023.0,4,5BA-LA350S,MIRA
CAR,SUZUKI,5AA-MH95S WAGON R,JAPAN,PETROL,658.0,MATARA,RECONDITIONED,2025.0,1,5AA-MH95S,WAGON R
CAR,DAIHATSU,5BA-LA350S MIRA ES,JAPAN,PETROL,658.0,COLOMBO,RECONDITIONED,2023.0,7,5BA-LA350S,MIRA ES
CAR,DAIHATSU,5BA-LA350S  MIRA E.S,JAPAN,PETROL,658.0,COLOMBO,RECONDITIONED,2024.0,2,5BA-LA350S,MIRA E.S
CAR,TOYOTA,5BA-A201A RAIZE,JAPAN,PETROL,1196.0,COLOMBO,RECONDITIONED,2023.0,16,5BA-A201A,RAIZE
CAR,DAIHATSU,5BA-LA900S  TAFT,JAPAN,PETROL,658.0,KURUNEGALA,RECONDITIONED,2023.0,1,5BA-LA900S,TAFT
CAR,TOYOTA,5BA-KSP210 YARIS,JAPAN,PETROL,996.0,HAMBANTOTA,RECONDITIONED,2024.0,1,5BA-KSP210,YARIS
DUAL PURPOSE (COMMERCIAL),FORD,RANGER RAPTOR,THAILAND,DIESEL,1996.0,KEGALLE,RECONDITIONED,2025.0,1,,RANGER RAPTOR
COMMERCIAL,TOYOTA,COMMUTER,THAILAND,DIESEL,2755.0,KALUTARA,RECONDITIONED,2025.0,1,,COMMUTER
CAR,SUZUKI,5AA-MH95S WAGON R,JAPAN,PETROL,658.0,GALLE,RECONDITIONED,2025.0,5,5AA-MH95S,WAGON R
CAR,DAIHATSU,5BA-LA350S MIRA ES,JAPAN,PETROL,658.0,KALUTARA,RECONDITIONED,2025.0,3,5BA-LA350S,MIRA ES
CAR,HONDA,6BA-JH3 N WGN,JAPAN,PETROL,658.0,COLOMBO,RECONDITIONED,2023.0,1,6BA-JH3,N WGN
CAR,TOYOTA,5AA-A202A RAIZE,JAPAN,PETROL/ELE,78.0,COLOMBO,RECONDITIONED,2024.0,9,5AA-A202A,RAIZE
DUAL PURPOSE (COMMERCIAL),TOYOTA,HILUX REVO GR,THAILAND,DIESEL,2755.0,COLOMBO,RECONDITIONED,2025.0,1,,HILUX REVO GR
MOTOR CYCLE,HONDA,PCX,JAPAN,PETROL,157.0,KANDY,RECONDITIONED,2025.0,1,,PCX
CAR,SUZUKI,4AA-MN71S,JAPAN,PETROL,996.0,PUTTALAM,RECONDITIONED,2024.0,1,4AA-MN71S,X BEE
CAR,SUZUKI,5AA-MH95S WAGON R,JAPAN,PETROL,658.0,HAMBANTOTA,RECONDITIONED,2024.0,1,5AA-MH95S,WAGON R
CAR,MITSUBISHI,5AA-B34A   EK SPACE,JAPAN,PETROL,658.0,KALUTARA,RECONDITIONED,2023.0,1,5AA-B34A,EK SPACE
COMMERCIAL,TOYOTA,2KG-GDB70 COASTER,JAPAN,DIESEL,2754.0,MATARA,RECONDITIONED,2025.0,1,2KG-GDB70,COASTER
CAR,SUZUKI,5BD-DA17V EVERY,JAPAN,PETROL,658.0,MONERAGALA,RECONDITIONED,2024.0,1,5BD-DA17V,EVERY
CAR,SUZUKI,5AA-MH95S WAGON R,JAPAN,PETROL,657.0,JAFFNA,RECONDITIONED,2025.0,2,5AA-MH95S,WAGON R
CAR,NISSAN,5AA-B44A ROOX,JAPAN,PETROL,658.0,GAMPAHA,RECONDITIONED,2023.0,2,5AA-B44A,ROOX
CAR,TOYOTA,YARIS ATIVE,THAILAND,PETROL,1197.0,GALLE,RECONDITIONED,2025.0,1,,YARIS ATIVE
CAR,SUZUKI,5BA-MH85S WAGON R,JAPAN,PETROL,658.0,JAFFNA,RECONDITIONED,2024.0,5,5BA-MH85S,WAGON R
CAR,DAIHATSU,5BA-LA350S MIRA,JAPAN,PETROL,658.0,JAFFNA,RECONDITIONED,2024.0,3,5BA-LA350S,MIRA
CAR,NISSAN,6AA-FE13  NOTE AURA,JAPAN,ELECTRIC,100.0,KEGALLE,RECONDITIONED,2024.0,1,6AA-FE13,NOTE AURA
CAR,TOYOTA,5AA-A202A RAIZE,JAPAN,PETROL/ELE,1196.0,GAMPAHA,RECONDITIONED,2025.0,3,5AA-A202A,RAIZE
CAR,TOYOTA,6AA-MXPJ10  YARIS,JAPAN,PETROL/ELE,1496.0,GAMPAHA,RECONDITIONED,2024.0,1,6AA-MXPJ10,YARIS
CAR,DAIHATSU,5BA-LA350S MIRA,JAPAN,PETROL,658.0,TRINCOMALEE,RECONDITIONED,2023.0,1,5BA-LA350S,MIRA
MOTOR LORRY (COMMERCIAL),ISUZU,2RG-NPR88AN ELF,JAPAN,DIESEL,2990.0,KALUTARA,RECONDITIONED,2020.0,1,2RG-NPR88AN,ELF
SPECIAL PURPOSE VEHICLE,J.C.B,3CX BACKHOE LOADER,UNITED KINGDOM,DIESEL,3990.0,AMPARA,RECONDITIONED,2005.0,1,,3CX BACKHOE LOADER
CAR,HONDA,5BD-JJ1 N,JAPAN,PETROL,658.0,GAMPAHA,RECONDITIONED,2023.0,1,5BD-JJ1,N
CAR,SUZUKI,5AA-MK94S SPACIA,JAPAN,PETROL,657.0,COLOMBO,RECONDITIONED,2024.0,1,5AA-MK94S,SPACIA
CAR,NISSAN,5BD-DR17 CLIPPER,JAPAN,PETROL,658.0,AMPARA,RECONDITIONED,2024.0,1,5BD-DR17,CLIPPER
CAR,TOYOTA,5AA A202A RAIZE,JAPAN,PETROL/ELE,1190.0,HAMBANTOTA,RECONDITIONED,2025.0,1,,5AA A202A RAIZE
CAR,MERCEDES BENZ,5AA-206041C  C180,GERMANY,PETROL,1494.0,GAMPAHA,RECONDITIONED,2023.0,1,5AA-206041C,C180
CAR,TOYOTA,5BA-M900A ROOMY,JAPAN,PETROL,996.0,GALLE,RECONDITIONED,2022.0,6,5BA-M900A,ROOMY
CAR,DAIHATSU,5BA-LA350S MIRA,JAPAN,PETROL,658.0,KALUTARA,RECONDITIONED,2024.0,2,5BA-LA350S,MIRA
CAR,TOYOTA,3BA-TRJ150W,JAPAN,PETROL,2693.0,COLOMBO,RECONDITIONED,2023.0,5,3BA-TRJ150W,PRADO
CAR,SUZUKI,5BA-MH85S WAGON R,JAPAN,PETROL,658.0,KANDY,RECONDITIONED,2025.0,1,5BA-MH85S,WAGON R
SINGLE CAB,DAIHATSU,3BD S500P HIJET,JAPAN,PETROL,658.0,HAMBANTOTA,RECONDITIONED,2024.0,1,,3BD S500P HIJET
DUAL PURPOSE (COMMERCIAL),TOYOTA,HILUX REVO GR SPORT,THAILAND,DIESEL,2755.0,MATARA,RECONDITIONED,2025.0,1,,HILUX REVO GR SPORT
CAR,NISSAN,5AA-B44A ROOX,JAPAN,PETROL,658.0,MONERAGALA,RECONDITIONED,2023.0,1,5AA-B44A,ROOX
CAR,MITSUBISHI,5AA-B34A EK SPACE,JAPAN,PETROL,658.0,KALUTARA,RECONDITIONED,2023.0,1,5AA-B34A,EK SPACE
CAR,TOYOTA,5AA-A202A RAIZE,JAPAN,PETROL/ELE,78.0,KURUNEGALA,RECONDITIONED,2023.0,2,5AA-A202A,RAIZE
CAR,MAZDA,5BD-DG17V SCRUM,JAPAN,PETROL,658.0,GAMPAHA,RECONDITIONED,2025.0,1,5BD-DG17V,SCRUM
CAR,SUZUKI,5BD-DA17V EVERY,JAPAN,PETROL,656.0,COLOMBO,RECONDITIONED,2024.0,1,5BD-DA17V,EVERY
CAR,SUZUKI,4AA-MK54S SPACIA,JAPAN,PETROL,658.0,KURUNEGALA,RECONDITIONED,2025.0,3,4AA-MK54S,SPACIA
CAR,DAIHATSU,5BA-M900S,JAPAN,PETROL,996.0,MATARA,RECONDITIONED,2023.0,1,5BA-M900S,Unknown
CAR,NISSAN,5AA-B44A ROOX,JAPAN,PETROL,658.0,RATNAPURA,RECONDITIONED,2023.0,1,5AA-B44A,ROOX
DUAL PURPOSE (COMMERCIAL),TOYOTA,3DF-GUN125 HILUX,THAILAND,DIESEL,2393.0,MATARA,RECONDITIONED,2024.0,1,3DF-GUN125,HILUX
CAR,TOYOTA,5AA-A202A RAIZE,JAPAN,ELECTRIC,78.0,AMPARA,RECONDITIONED,2025.0,2,5AA-A202A,RAIZE
CAR,DAIHATSU,5BA-LA350S MIRA E S,JAPAN,PETROL,658.0,KEGALLE,RECONDITIONED,2024.0,1,5BA-LA350S,MIRA E S
CAR,TOYOTA,3BA-A210A RAIZE,JAPAN,PETROL,998.0,RATNAPURA,RECONDITIONED,2024.0,1,3BA-A210A,RAIZE
CAR,NISSAN,5AA-B47W DAYZ,JAPAN,PETROL,658.0,KALUTARA,RECONDITIONED,2024.0,1,5AA-B47W,DAYZ
SPECIAL PURPOSE VEHICLE,HITACHI,LX70  WHEEL LOADER,JAPAN,DIESEL,2800.0,POLONNARUWA,RECONDITIONED,2017.0,1,,LX70  WHEEL LOADER
CAR,HONDA,6AA-RV5 VEZEL,JAPAN,PETROL/ELE,1496.0,BATTICALOA,RECONDITIONED,2025.0,4,6AA-RV5,VEZEL
DUAL PURPOSE (COMMERCIAL),TOYOTA,3DF-GUN125 HILUX,THAILAND,DIESEL,2396.0,GALLE,RECONDITIONED,2023.0,1,3DF-GUN125,HILUX
CAR,TOYOTA,6AA-MXPJ10 YARIS,JAPAN,PETROL/ELE,1490.0,HAMBANTOTA,RECONDITIONED,2023.0,1,6AA-MXPJ10,YARIS
SINGLE CAB,NISSAN,3BD-DR16T CLIPPER,JAPAN,PETROL,658.0,GAMPAHA,RECONDITIONED,2024.0,1,3BD-DR16T,CLIPPER
CAR,NISSAN,5BD-DR17V CLIPPER,JAPAN,PETROL,656.0,GAMPAHA,RECONDITIONED,2024.0,1,5BD-DR17V,CLIPPER
CAR,KIA,SYROS GI-0TDCTHTX,INDIA,PETROL,998.0,GAMPAHA,RECONDITIONED,2025.0,1,,SYROS GI-0TDCTHTX
CAR,SUZUKI,5AA-MK94S SPACIA,JAPAN,PETROL,656.0,KALUTARA,RECONDITIONED,2025.0,1,5AA-MK94S,SPACIA
MOTOR CYCLE,HONDA,PCX,JAPAN,PETROL,157.0,KURUNEGALA,RECONDITIONED,2025.0,2,,PCX
CAR,HONDA,CITY SV,THAILAND,PETROL,988.0,COLOMBO,RECONDITIONED,2025.0,1,,CITY SV
CAR,HONDA,6AA RV5 VEZEL,JAPAN,PETROL/ELE,1496.0,BADULLA,RECONDITIONED,2025.0,2,,6AA RV5 VEZEL
CAR,NISSAN,5AA-B44A   ROOX,JAPAN,PETROL,658.0,KANDY,RECONDITIONED,2023.0,1,5AA-B44A,ROOX
CAR,NISSAN,ALMERA,THAILAND,PETROL,999.0,PUTTALAM,RECONDITIONED,2025.0,1,,ALMERA
CAR,SUZUKI,3BA-HA37S  ALTO,JAPAN,PETROL,658.0,COLOMBO,RECONDITIONED,2023.0,1,3BA-HA37S,ALTO
CAR,TOYOTA,6AA-ZVG13 COROLLA,JAPAN,PETROL/ELE,1797.0,GALLE,RECONDITIONED,2024.0,2,6AA-ZVG13,COROLLA
CAR,DAIHATSU,5BA-LA900S TAFT,JAPAN,PETROL,658.0,ANURADHAPURA,RECONDITIONED,2024.0,2,5BA-LA900S,TAFT
CAR,SUZUKI,3BA-DA17W EVERY,JAPAN,PETROL,658.0,JAFFNA,RECONDITIONED,2024.0,1,3BA-DA17W,EVERY
CAR,TOYOTA,6AA-MXPJ10,JAPAN,PETROL/ELE,1496.0,KURUNEGALA,RECONDITIONED,2025.0,1,6AA-MXPJ10,CROSS
CAR,DAIHATSU,5BA-LA350S,JAPAN,PETROL,658.0,KALUTARA,RECONDITIONED,2025.0,2,5BA-LA350S,"MIRA E,S"
CAR,SUZUKI,5BA-MH85S WAGON R,JAPAN,PETROL,658.0,KEGALLE,RECONDITIONED,2023.0,2,5BA-MH85S,WAGON R
MOTOR LORRY (COMMERCIAL),ISUZU,2RG-NPR88AN ELF,JAPAN,DIESEL,2990.0,COLOMBO,RECONDITIONED,2019.0,1,2RG-NPR88AN,ELF
CAR,NISSAN,4AA-B45W DAYZ,JAPAN,PETROL,658.0,KANDY,RECONDITIONED,2024.0,1,4AA-B45W,DAYZ
CAR,HONDA,6AA-RV5   VEZEL,JAPAN,PETROL/ELE,1496.0,BATTICALOA,RECONDITIONED,2023.0,1,6AA-RV5,VEZEL
CAR,SUZUKI,4AA-MH55S WAGON R,JAPAN,PETROL,658.0,BADULLA,RECONDITIONED,2024.0,1,4AA-MH55S,WAGON R
CAR,TOYOTA,5AA-A202A   RAIZE,JAPAN,ELECTRIC,78.0,COLOMBO,RECONDITIONED,2025.0,1,5AA-A202A,RAIZE
CAR,SUZUKI,5BA-MH85S WAGON R,JAPAN,PETROL,658.0,MATALE,RECONDITIONED,2024.0,1,5BA-MH85S,WAGON R
SINGLE CAB,SUZUKI,3BD-DA16T CARRY,JAPAN,PETROL,658.0,GAMPAHA,RECONDITIONED,2025.0,2,3BD-DA16T,CARRY
DUAL PURPOSE (COMMERCIAL),TOYOTA,HILUX REVO ROCCO,THAILAND,DIESEL,2755.0,KALUTARA,RECONDITIONED,2025.0,2,,HILUX REVO ROCCO
CAR,KIA,SONET G1-OT 7DCT GTX,INDIA,PETROL,998.0,COLOMBO,RECONDITIONED,2025.0,1,,SONET G1-OT 7DCT GTX
CAR,SUZUKI,4AA-MH55S WAGON R,JAPAN,PETROL,658.0,KILINOCHCHI,RECONDITIONED,2024.0,1,4AA-MH55S,WAGON R
CAR,NISSAN,5AA-B47W DAYZ,JAPAN,PETROL,658.0,KEGALLE,RECONDITIONED,2023.0,1,5AA-B47W,DAYZ
CAR,NISSAN,6AA FE13  NOTE AURA,JAPAN,ELECTRIC,100.0,PUTTALAM,RECONDITIONED,2024.0,1,,6AA FE13  NOTE AURA
CAR,SUZUKI,5BD-DA17V EVERY,JAPAN,PETROL,658.0,NUWARA-ELIYA,RECONDITIONED,2022.0,1,5BD-DA17V,EVERY
DUAL PURPOSE (COMMERCIAL),TOYOTA,3DF-GUN125  DTTHX,THAILAND,DIESEL,2393.0,COLOMBO,RECONDITIONED,2023.0,1,3DF-GUN125,DTTHX
CAR,TOYOTA,YARIS  5BA-KSP210,JAPAN,PETROL,996.0,RATNAPURA,RECONDITIONED,2024.0,1,,YARIS  5BA-KSP210
CAR,TOYOTA,3BA-VJA 300W,JAPAN,PETROL,3444.0,COLOMBO,RECONDITIONED,2024.0,1,3BA-VJA,300W
CAR,TOYOTA,URBAN CRUISER TAISOR,INDIA,PETROL,998.0,BADULLA,RECONDITIONED,2024.0,1,,URBAN CRUISER TAISOR
CAR,TOYOTA,5BA-M910A ROOMY,JAPAN,PETROL,996.0,COLOMBO,RECONDITIONED,2024.0,1,5BA-M910A,ROOMY
CAR,DAIHATSU,5BA-LA350S  MIRA,JAPAN,PETROL,658.0,GALLE,RECONDITIONED,2024.0,2,5BA-LA350S,MIRA
CAR,TOYOTA,URBAN CRUISER TAISOR,INDIA,PETROL,998.0,KURUNEGALA,RECONDITIONED,2024.0,3,,URBAN CRUISER TAISOR
CAR,NISSAN,5BD-DR17V CLIPPER,JAPAN,PETROL,658.0,COLOMBO,RECONDITIONED,2022.0,1,5BD-DR17V,CLIPPER
CAR,NISSAN,3BA-DR17W NV100,JAPAN,PETROL,658.0,JAFFNA,RECONDITIONED,2023.0,1,3BA-DR17W,NV100
CAR,SUZUKI,5BD DA17V EVEVRY,JAPAN,PETROL,658.0,GAMPAHA,RECONDITIONED,2025.0,1,,5BD DA17V EVEVRY
CAR,MITSUBISHI,5BA-B33W EK WAGON,JAPAN,PETROL,658.0,COLOMBO,RECONDITIONED,2023.0,1,5BA-B33W,EK WAGON
CAR,NISSAN,5BA-B43W DAYS,JAPAN,PETROL,659.0,GAMPAHA,RECONDITIONED,2024.0,1,5BA-B43W,DAYS
CAR,SUZUKI,4AA-MH55S,JAPAN,PETROL,658.0,GAMPAHA,RECONDITIONED,2025.0,1,4AA-MH55S,Unknown
MOTOR CYCLE,HONDA,ADV 160,JAPAN,PETROL,157.0,VAVUNIYA,RECONDITIONED,2025.0,1,,ADV 160
CAR,SUZUKI,5BA-MH85S  WAGONR,JAPAN,PETROL,658.0,ANURADHAPURA,RECONDITIONED,2024.0,1,5BA-MH85S,WAGONR
CAR,HONDA,CITY RS VTEC,THAILAND,PETROL,988.0,ANURADHAPURA,RECONDITIONED,2025.0,1,,CITY RS VTEC
CAR,TOYOTA,3BA-NRE210H COROLLA,JAPAN,PETROL,1196.0,GAMPAHA,RECONDITIONED,2022.0,1,3BA-NRE210H,COROLLA
CAR,B.M.W.,740LE XDRIVE M SPORT,GERMANY,PETROL/ELE,1998.0,RATNAPURA,RECONDITIONED,2018.0,1,,740LE XDRIVE M SPORT
CAR,DAIHATSU,5BA-LA350S MIRA E.S,JAPAN,PETROL,656.0,RATNAPURA,RECONDITIONED,2023.0,1,5BA-LA350S,MIRA E.S
CAR,TOYOTA,5AA-A202A- RAIZE,JAPAN,PETROL/ELE,1190.0,KALUTARA,RECONDITIONED,2025.0,1,5AA-A202A,- RAIZE
CAR,DAIHATSU,5AA-A202S ROCKY,JAPAN,ELECTRIC,78.0,KALUTARA,RECONDITIONED,2023.0,1,5AA-A202S,ROCKY
CAR,HONDA,6AA-RV5 VEZEL,JAPAN,PETROL/ELE,1496.0,KEGALLE,RECONDITIONED,2023.0,4,6AA-RV5,VEZEL
CAR,MERCEDES BENZ,4AA-213077C E200,GERMANY,PETROL,1496.0,COLOMBO,RECONDITIONED,2023.0,1,4AA-213077C,E200
CAR,TOYOTA,3BA-TRJ150W,JAPAN,PETROL,2693.0,KALUTARA,RECONDITIONED,2023.0,1,3BA-TRJ150W,PRADO
CAR,TOYOTA,5AA-A202A,JAPAN,ELECTRIC,78.0,GAMPAHA,RECONDITIONED,2022.0,1,5AA-A202A,RAISE
CAR,HONDA,6BA-JF5  N-BOX,JAPAN,PETROL,658.0,BATTICALOA,RECONDITIONED,2025.0,1,6BA-JF5,N-BOX
CAR,TOYOTA,6BA-MXAA52 RAV 4,JAPAN,PETROL,1980.0,COLOMBO,RECONDITIONED,2023.0,1,6BA-MXAA52,RAV 4
CAR,TOYOTA,5AA-A202 RAIZE,JAPAN,PETROL/ELE,1196.0,PUTTALAM,RECONDITIONED,2025.0,1,5AA-A202,RAIZE
CAR,LAND ROVER,RANGE ROVER SV PHEV,UNITED KINGDOM,PETROL/ELE,2996.0,KANDY,RECONDITIONED,2025.0,1,,RANGE ROVER SV PHEV
MOTOR CYCLE,TAILG,TDT70172,CHINA,ELECTRIC,0.4,COLOMBO,RECONDITIONED,2024.0,1,,TDT70172
SPECIAL PURPOSE VEHICLE,TOYOTA,8FDN25,JAPAN,DIESEL,2500.0,POLONNARUWA,RECONDITIONED,2019.0,1,,8FDN25
CAR,SUZUKI,5BA-MH85SWAGON R,JAPAN,PETROL,658.0,COLOMBO,RECONDITIONED,2023.0,1,5BA-MH85SWAGON,R
CAR,TOYOTA,6AA-ZVG13,JAPAN,PETROL/ELE,1797.0,COLOMBO,RECONDITIONED,2025.0,1,6AA-ZVG13,Unknown
CAR,NISSAN,5BA-B43W DAYZ,JAPAN,PETROL,659.0,MONERAGALA,RECONDITIONED,2023.0,1,5BA-B43W,DAYZ
CAR,SUZUKI,5AA-ZC53S SWIFT,JAPAN,PETROL,1240.0,MATALE,RECONDITIONED,2023.0,1,5AA-ZC53S,SWIFT
CAR,DAIHATSU,5BA-LA350S MIRA E S,JAPAN,PETROL,658.0,RATNAPURA,RECONDITIONED,2024.0,1,5BA-LA350S,MIRA E S
CAR,TOYOTA,5BA-M700A PASSO,JAPAN,PETROL,996.0,COLOMBO,RECONDITIONED,2022.0,1,5BA-M700A,PASSO
DUAL PURPOSE (COMMERCIAL),FORD,RANGERRAPTOR,THAILAND,DIESEL,1996.0,COLOMBO,RECONDITIONED,2025.0,1,,RANGERRAPTOR
CAR,TOYOTA,5BA-LA350A  PIXIS,JAPAN,PETROL,658.0,KANDY,RECONDITIONED,2024.0,1,5BA-LA350A,PIXIS
SPECIAL PURPOSE VEHICLE,KOMATSU,NA30-5  WHEEL LOADER,JAPAN,DIESEL,2238.0,GAMPAHA,RECONDITIONED,2012.0,1,NA30-5,WHEEL LOADER
SINGLE CAB,SUZUKI,3BD-DA16T CARRY,JAPAN,PETROL,656.0,ANURADHAPURA,RECONDITIONED,2023.0,1,3BD-DA16T,CARRY
CAR,AUDI,3AA-GYDLA A3,GERMANY,PETROL,996.0,KEGALLE,RECONDITIONED,2023.0,1,3AA-GYDLA,A3
CAR,TOYOTA,3BA-TRJ150W LCRUISER,JAPAN,PETROL,2693.0,COLOMBO,RECONDITIONED,2023.0,1,3BA-TRJ150W,LCRUISER
CAR,TOYOTA,5AA A202A RAIZE,JAPAN,ELECTRIC,78.0,COLOMBO,RECONDITIONED,2025.0,2,,5AA A202A RAIZE
CAR,NISSAN,5BA-B43W DAYZ,JAPAN,PETROL,658.0,AMPARA,RECONDITIONED,2023.0,1,5BA-B43W,DAYZ
CAR,DAIHATSU,5BA-LA350S MIRA,JAPAN,PETROL,656.0,MATARA,RECONDITIONED,2024.0,1,5BA-LA350S,MIRA
CAR,MERCEDES BENZ,4AA-214050C E200,GERMANY,PETROL,1997.0,COLOMBO,RECONDITIONED,2024.0,1,4AA-214050C,E200
CAR,TOYOTA,5BA-KSP210  YARIS,JAPAN,PETROL,996.0,KEGALLE,RECONDITIONED,2024.0,1,5BA-KSP210,YARIS
PRIMER MOVER,RENAULT,T 480,FRANCE,DIESEL,12777.0,GAMPAHA,RECONDITIONED,2021.0,2,,T 480
CAR,HONDA,6BA-JH3 N WGN,JAPAN,PETROL,656.0,KURUNEGALA,RECONDITIONED,2023.0,1,6BA-JH3,N WGN
CAR,TOYOTA,5AA-A202A RAIZE,JAPAN,ELECTRIC,78.0,PUTTALAM,RECONDITIONED,2024.0,1,5AA-A202A,RAIZE
CAR,TOYOTA,5AA-A202A RAISE,JAPAN,ELECTRIC,78.0,KILINOCHCHI,RECONDITIONED,2023.0,1,5AA-A202A,RAISE
CAR,SUZUKI,5AA-MH95S WAGON R,JAPAN,PETROL,650.0,KALUTARA,RECONDITIONED,2025.0,1,5AA-MH95S,WAGON R
CAR,SUZUKI,3BA-DA17W EVERY,JAPAN,PETROL,650.0,RATNAPURA,RECONDITIONED,2025.0,1,3BA-DA17W,EVERY
CAR,SUZUKI,4AA-MK54S SPACIA,JAPAN,PETROL,658.0,GAMPAHA,RECONDITIONED,2024.0,4,4AA-MK54S,SPACIA
MOTOR LORRY (COMMERCIAL),HINO,2KG-FC2ABG RANGER,JAPAN,DIESEL,5120.0,GALLE,RECONDITIONED,2018.0,1,2KG-FC2ABG,RANGER
MOTOR CYCLE,HONDA,PCX 125,VIETNAM,PETROL,124.0,KALUTARA,RECONDITIONED,2025.0,1,,PCX 125
CAR,HONDA,6AA-RV5 VEZEL,JAPAN,PETROL/ELE,1490.0,KURUNEGALA,RECONDITIONED,2022.0,1,6AA-RV5,VEZEL
CAR,SUZUKI,5BA-MH85S WAGON R,JAPAN,PETROL,658.0,MATARA,RECONDITIONED,2025.0,1,5BA-MH85S,WAGON R
CAR,TOYOTA,3BA-A210A RAIZE,JAPAN,PETROL,998.0,KALUTARA,RECONDITIONED,2024.0,1,3BA-A210A,RAIZE
CAR,DAIHATSU,5BA-LA350S MIRA,JAPAN,PETROL,658.0,MONERAGALA,RECONDITIONED,2024.0,1,5BA-LA350S,MIRA
CAR,TOYOTA,6AA-MXPL10G SIENTA,JAPAN,PETROL/ELE,1496.0,BADULLA,RECONDITIONED,2025.0,1,6AA-MXPL10G,SIENTA
CAR,TOYOTA,3BA-TRJ150W PRADO,JAPAN,PETROL,2693.0,PUTTALAM,RECONDITIONED,2023.0,1,3BA-TRJ150W,PRADO
CAR,DAIHATSU,5BA-L350S MIRA ES,JAPAN,PETROL,658.0,BADULLA,RECONDITIONED,2024.0,1,5BA-L350S,MIRA ES
MOTOR CYCLE,HONDA,PCX 125,JAPAN,PETROL,124.0,PUTTALAM,RECONDITIONED,2024.0,2,,PCX 125
CAR,TOYOTA,6AA-AXUH80 HARRIER,JAPAN,PETROL/ELE,2847.0,KALUTARA,RECONDITIONED,2025.0,1,6AA-AXUH80,HARRIER
CAR,TOYOTA,5AA A202A RAIZE,JAPAN,PETROL/ELE,78.0,BADULLA,RECONDITIONED,2024.0,1,,5AA A202A RAIZE
CAR,TOYOTA,5AA-A202A RAIZE,JAPAN,ELECTRIC,78.0,HAMBANTOTA,RECONDITIONED,2025.0,1,5AA-A202A,RAIZE
CAR,TOYOTA,6AA-AAHH40W VELLFIRE,JAPAN,PETROL/ELE,2487.0,COLOMBO,RECONDITIONED,2024.0,1,6AA-AAHH40W,VELLFIRE
PRIMER MOVER,MAN,TGX26.470,UNITED KINGDOM,DIESEL,12419.0,GAMPAHA,RECONDITIONED,2020.0,1,,TGX26.470
CAR,TOYOTA,6AA-ZWR90W VOXY,JAPAN,PETROL/ELE,1797.0,COLOMBO,RECONDITIONED,2023.0,1,6AA-ZWR90W,VOXY
CAR,TOYOTA,5BA-A201A RAIZE,JAPAN,PETROL,1196.0,TRINCOMALEE,RECONDITIONED,2023.0,1,5BA-A201A,RAIZE
MOTOR LORRY (COMMERCIAL),ISUZU,TPG-NPR85YN ELF,JAPAN,DIESEL,2990.0,MATALE,RECONDITIONED,2016.0,1,TPG-NPR85YN,ELF
CAR,B.M.W.,3BA-22EE15,GERMANY,PETROL,1499.0,KALUTARA,RECONDITIONED,2024.0,1,3BA-22EE15,X1
CAR,SUZUKI,5BD-DA17V,JAPAN,PETROL,658.0,MATARA,RECONDITIONED,2025.0,1,5BD-DA17V,EVEVRY
CAR,TOYOTA,3BA-NGX10 C-HR,JAPAN,PETROL,1196.0,COLOMBO,RECONDITIONED,2023.0,1,3BA-NGX10,C-HR
CAR,SUZUKI,5BA-HE33S LAPIN LC,JAPAN,PETROL,650.0,GALLE,RECONDITIONED,2023.0,1,5BA-HE33S,LAPIN LC
CAR,SUZUKI,5BA-MH85S WAGON R,JAPAN,PETROL,657.0,VAVUNIYA,RECONDITIONED,2025.0,1,5BA-MH85S,WAGON R
MOTOR LORRY (COMMERCIAL),MITSUBISHI,TPG-FBA50 CANTER,JAPAN,DIESEL,2990.0,GALLE,RECONDITIONED,2018.0,1,TPG-FBA50,CANTER
CAR,NISSAN,5AA-B44A ROOX,JAPAN,PETROL,658.0,ANURADHAPURA,RECONDITIONED,2023.0,1,5AA-B44A,ROOX
CAR,DAIHATSU,4BA-M900S THOR,JAPAN,PETROL,996.0,PUTTALAM,RECONDITIONED,2023.0,1,4BA-M900S,THOR
CAR,SUZUKI,5AA-MH95S WAGON R,JAPAN,PETROL,658.0,GALLE,RECONDITIONED,2023.0,2,5AA-MH95S,WAGON R
CAR,NISSAN,5BD-DR17V NV 100,JAPAN,PETROL,656.0,KALUTARA,RECONDITIONED,2023.0,1,5BD-DR17V,NV 100
CAR,KIA,SPORTAGE,AUSTRALIA,PETROL/ELE,1598.0,GALLE,RECONDITIONED,2025.0,1,,SPORTAGE
CAR,TOYOTA,5AA-A202A RAIZE,JAPAN,PETROL/ELE,1196.0,KEGALLE,RECONDITIONED,2022.0,1,5AA-A202A,RAIZE
CAR,B.M.W.,3BA-32AY30 M3,GERMANY,PETROL,2993.0,COLOMBO,RECONDITIONED,2024.0,1,3BA-32AY30,M3
CAR,DAIHATSU,5BA-LA350S MIRA,JAPAN,PETROL,658.0,ANURADHAPURA,RECONDITIONED,2024.0,1,5BA-LA350S,MIRA
CAR,SUZUKI,3BD-DA17V EVERY,JAPAN,PETROL,656.0,MATARA,RECONDITIONED,2025.0,1,3BD-DA17V,EVERY
CAR,SUZUKI,5AA-MH95S WAGON R,JAPAN,PETROL,657.0,MATARA,RECONDITIONED,2023.0,1,5AA-MH95S,WAGON R
CAR,TOYOTA,6AA-MXPK11 AQUA,JAPAN,PETROL/ELE,1496.0,MATARA,RECONDITIONED,2025.0,1,6AA-MXPK11,AQUA
CAR,MAZDA,5BD-DG17V SCRUM,JAPAN,PETROL,658.0,COLOMBO,RECONDITIONED,2024.0,1,5BD-DG17V,SCRUM
CAR,TOYOTA,TAISO,INDIA,PETROL,998.0,KURUNEGALA,RECONDITIONED,2025.0,1,,TAISO
MOTOR CYCLE,SUZUKI,GN125,JAPAN,PETROL,124.0,GALLE,RECONDITIONED,2014.0,1,,GN125
CAR,TOYOTA,5AA-A202A RAIZE,JAPAN,ELECTRIC,78.0,KEGALLE,RECONDITIONED,2025.0,2,5AA-A202A,RAIZE
CAR,DAIHATSU,5AA-A202S ROCKY,JAPAN,ELECTRIC,78.0,KURUNEGALA,RECONDITIONED,2024.0,1,5AA-A202S,ROCKY
CAR,DAIHATSU,5BA-LA350S MIRA ES,JAPAN,PETROL,658.0,PUTTALAM,RECONDITIONED,2023.0,1,5BA-LA350S,MIRA ES
CAR,DAIHATSU,5BA-LA350S,JAPAN,PETROL,658.0,MATARA,RECONDITIONED,2024.0,1,5BA-LA350S,"MIRA E,S"
CAR,SUBARU,3BA-GT3 SUBARU XV,JAPAN,PETROL,1596.0,COLOMBO,RECONDITIONED,2022.0,1,3BA-GT3,SUBARU XV
CAR,HONDA,6AA RV 5 VEZEL,JAPAN,PETROL/ELE,1496.0,GAMPAHA,RECONDITIONED,2025.0,1,,6AA RV 5 VEZEL
CAR,HONDA,6BA-JF5 N BOX,JAPAN,PETROL,659.0,COLOMBO,RECONDITIONED,2025.0,2,6BA-JF5,N BOX
CAR,TOYOTA,5AA-A202A RAIZE,JAPAN,PETROL/ELE,1190.0,HAMBANTOTA,RECONDITIONED,2022.0,1,5AA-A202A,RAIZE
SINGLE CAB,SUZUKI,3BD-DA16T CARRY,JAPAN,PETROL,658.0,MATARA,RECONDITIONED,2025.0,1,3BD-DA16T,CARRY
CAR,SUZUKI,5AA-HA97S ALTO,JAPAN,PETROL,658.0,MONERAGALA,RECONDITIONED,2023.0,1,5AA-HA97S,ALTO
CAR,MERCEDES BENZ,C200 AMG LINEPREM,UNITED KINGDOM,PETROL,1496.0,COLOMBO,RECONDITIONED,2025.0,1,,C200 AMG LINEPREM
DUAL PURPOSE (COMMERCIAL),FORD,FORD RANGER RAPTOR,THAILAND,DIESEL,1966.0,KANDY,RECONDITIONED,2025.0,1,,FORD RANGER RAPTOR
CAR,SUZUKI,3BA-BA17W EVERY,JAPAN,PETROL,658.0,COLOMBO,RECONDITIONED,2025.0,1,3BA-BA17W,EVERY
MOTOR LORRY (COMMERCIAL),ISUZU,TRG-NPR85AN ELF,JAPAN,DIESEL,2990.0,JAFFNA,RECONDITIONED,2019.0,1,TRG-NPR85AN,ELF
CAR,NISSAN,5BD-DR17V  CLIPPER,JAPAN,PETROL,656.0,GAMPAHA,RECONDITIONED,2024.0,1,5BD-DR17V,CLIPPER
DUAL PURPOSE (COMMERCIAL),FORD,RANGER RAPTOR,THAILAND,DIESEL,1996.0,POLONNARUWA,RECONDITIONED,2025.0,2,,RANGER RAPTOR
CAR,SUZUKI,5BD-DA17V EVERY,JAPAN,PETROL,658.0,MATALE,RECONDITIONED,2024.0,1,5BD-DA17V,EVERY
MOTOR CYCLE,HONDA,PCX125,JAPAN,PETROL,124.0,BATTICALOA,RECONDITIONED,2024.0,1,,PCX125
MOTOR CYCLE,YADEA,M 10,CHINA,ELECTRIC,1.2,GALLE,RECONDITIONED,2025.0,1,,M 10
MOTOR LORRY (COMMERCIAL),ISUZU,QPG-FTR34T2,JAPAN,DIESEL,7790.0,MONERAGALA,RECONDITIONED,2017.0,1,QPG-FTR34T2,Unknown
CAR,NISSAN,4AA -B45W DAYZ,JAPAN,PETROL,658.0,COLOMBO,RECONDITIONED,2023.0,1,,4AA -B45W DAYZ
SINGLE CAB,SUZUKI,3BD-16T CARRY,JAPAN,PETROL,656.0,KANDY,RECONDITIONED,2024.0,1,3BD-16T,CARRY
CAR,HONDA,5BA-RZ3-ZRV,JAPAN,PETROL,1496.0,COLOMBO,RECONDITIONED,2024.0,1,5BA-RZ3-ZRV,Unknown
CAR,SUZUKI,5AA-MR92S HUSTLER,JAPAN,PETROL,658.0,KANDY,RECONDITIONED,2023.0,1,5AA-MR92S,HUSTLER
CAR,SUZUKI,5BD DA17V  EVEVRY,JAPAN,PETROL,658.0,COLOMBO,RECONDITIONED,2024.0,1,,5BD DA17V  EVEVRY
CAR,SUZUKI,4AA-MH55S WAGON R,JAPAN,PETROL,658.0,PUTTALAM,RECONDITIONED,2024.0,1,4AA-MH55S,WAGON R
CAR,TOYOTA,5AA-A202A RAIZE,JAPAN,ELECTRIC,78.0,BADULLA,RECONDITIONED,2024.0,1,5AA-A202A,RAIZE
CAR,MAZDA,3BD-DG17V SCRUM,JAPAN,PETROL,658.0,COLOMBO,RECONDITIONED,2024.0,1,3BD-DG17V,SCRUM
CAR,TOYOTA,5BA-KSP210 YARIS,JAPAN,PETROL,998.0,COLOMBO,RECONDITIONED,2024.0,1,5BA-KSP210,YARIS
CAR,SUZUKI,5AA-MK94S SPACIA,JAPAN,PETROL,658.0,PUTTALAM,RECONDITIONED,2025.0,1,5AA-MK94S,SPACIA
CAR,DAIHATSU,5BA-LA360S MIRA ES,JAPAN,PETROL,658.0,ANURADHAPURA,RECONDITIONED,2023.0,1,5BA-LA360S,MIRA ES
CAR,DAIHATSU,5BA-LA350S MIRA ES,JAPAN,PETROL,658.0,KEGALLE,RECONDITIONED,2023.0,1,5BA-LA350S,MIRA ES
CAR,NISSAN,5BD-DR17V CLIPPER,JAPAN,PETROL,658.0,KALUTARA,RECONDITIONED,2022.0,1,5BD-DR17V,CLIPPER
CAR,SUZUKI,4AA-MH55S WAGON R,JAPAN,PETROL,660.0,KALUTARA,RECONDITIONED,2024.0,1,4AA-MH55S,WAGON R
CAR,LEXUS,LX600 SPORT,AUSTRALIA,PETROL,3445.0,COLOMBO,RECONDITIONED,2025.0,1,,LX600 SPORT
CAR,SUZUKI,5AA-MH95S CUSTOM Z,JAPAN,PETROL,658.0,KURUNEGALA,RECONDITIONED,2025.0,1,5AA-MH95S,CUSTOM Z
LAND VEHICLE (SMALL),KUBOTA,K600,JAPAN,DIESEL,0.0,MATARA,RECONDITIONED,2017.0,1,,K600
LAND VEHICLE (SMALL),KUBOTA,K8,JAPAN,DIESEL,465.0,HAMBANTOTA,RECONDITIONED,2017.0,1,,K8
CAR,TOYOTA,URBAN CRUISER TAISOR,INDIA,PETROL,998.0,PUTTALAM,RECONDITIONED,2025.0,1,,URBAN CRUISER TAISOR
CAR,TOYOTA,5BA-A202A RAIZE,JAPAN,ELECTRIC,78.0,KANDY,RECONDITIONED,2022.0,1,5BA-A202A,RAIZE
CAR,DAIHATSU,5BA-LA350S MIRA ES,JAPAN,PETROL,658.0,MATARA,RECONDITIONED,2023.0,1,5BA-LA350S,MIRA ES
CAR,HONDA,6AA RV5 VEZEL,JAPAN,PETROL/ELE,1496.0,MONERAGALA,RECONDITIONED,2024.0,1,,6AA RV5 VEZEL
CAR,TOYOTA,5BA-M700A  PASSO,JAPAN,PETROL,996.0,KURUNEGALA,RECONDITIONED,2022.0,1,5BA-M700A,PASSO
CAR,SUZUKI,5AA-MH95S WAGON R,JAPAN,PETROL,658.0,MATARA,RECONDITIONED,2023.0,1,5AA-MH95S,WAGON R
MOTOR CYCLE,HONDA,PCX,JAPAN,PETROL,157.0,MATALE,RECONDITIONED,2025.0,1,,PCX
MOTOR LORRY (COMMERCIAL),ISUZU,TPG-NPR85AN ELF,JAPAN,DIESEL,2990.0,RATNAPURA,RECONDITIONED,2016.0,1,TPG-NPR85AN,ELF
MOTOR CYCLE,HONDA,PCX,JAPAN,PETROL,124.0,KANDY,RECONDITIONED,2025.0,1,,PCX
CAR,TOYOTA,5BA-KSP210  YARIS,JAPAN,PETROL,996.0,KANDY,RECONDITIONED,2023.0,1,5BA-KSP210,YARIS
CAR,SUZUKI,5BD-DA17V EVERY,JAPAN,PETROL,656.0,HAMBANTOTA,RECONDITIONED,2025.0,1,5BD-DA17V,EVERY
CAR,HONDA,6AA RV5 VEZEL,JAPAN,PETROL/ELE,1496.0,KURUNEGALA,RECONDITIONED,2024.0,1,,6AA RV5 VEZEL
CAR,HONDA,6BA-JF6 N-BOX,JAPAN,PETROL,658.0,KANDY,RECONDITIONED,2023.0,1,6BA-JF6,N-BOX
CAR,TOYOTA,5BA-KSP210,JAPAN,PETROL,996.0,KURUNEGALA,RECONDITIONED,2022.0,1,5BA-KSP210,YARIS X
CAR,SUZUKI,4AA-MH55S WAGON R,JAPAN,PETROL,657.0,GALLE,RECONDITIONED,2024.0,1,4AA-MH55S,WAGON R
CAR,SUZUKI,5AA-MH95S WAGON R,JAPAN,PETROL,658.0,BATTICALOA,RECONDITIONED,2024.0,1,5AA-MH95S,WAGON R
CAR,TOYOTA,3DA-FJA300W,JAPAN,DIESEL,3345.0,ANURADHAPURA,RECONDITIONED,2025.0,1,3DA-FJA300W,Unknown
CAR,SUZUKI,3BA-HA37S,JAPAN,PETROL,656.0,COLOMBO,RECONDITIONED,2024.0,1,3BA-HA37S,ALTO
THREE WHEELER,ELEKTRATEQ,ETX,SRI LANKA,ELECTRIC,5.0,TRINCOMALEE,BRAND NEW-L/MANUFACT,2025.0,1,,ETX
THREE WHEELER,ELEKTRATEQ,ETX,SRI LANKA,ELECTRIC,5.0,GAMPAHA,BRAND NEW-L/MANUFACT,2025.0,2,,ETX
MOTOR CYCLE,RISE,LEADER R80 V2.0,SRI LANKA,ELECTRIC,1.5,HAMBANTOTA,BRAND NEW-L/MANUFACT,2025.0,2,,LEADER R80 V2.0
MOTOR CYCLE,RISE,LEADER R80 V2.0,SRI LANKA,ELECTRIC,1.5,RATNAPURA,BRAND NEW-L/MANUFACT,2025.0,2,,LEADER R80 V2.0
TRACTOR TRAILER/BOWSER,LOCALLY BUILT,TRAILER BOWSER,SRI LANKA,NOT STATED,0.0,BATTICALOA,LOCALLY ASSEMBLED,2025.0,1,,TRAILER BOWSER
THREE WHEELER,ELEKTRATEQ,ETX,SRI LANKA,ELECTRIC,5.0,COLOMBO,BRAND NEW-L/MANUFACT,2025.0,2,,ETX
MOTOR CYCLE,RISE,LEADER 125,SRI LANKA,PETROL,125.0,MATALE,BRAND NEW-L/MANUFACT,2025.0,1,,LEADER 125
MOTOR CYCLE,RISE,LEADER 125,SRI LANKA,PETROL,125.0,HAMBANTOTA,BRAND NEW-L/MANUFACT,2025.0,2,,LEADER 125
TRACTOR TRAILER/BOWSER,LOCALLY BUILT,TRACTOR TRAILER,SRI LANKA,NOT STATED,0.0,AMPARA,LOCALLY BUILT,2025.0,3,,TRACTOR TRAILER
LORRY TRAILER/BOWSER,TANTRI,TSK-40,SRI LANKA,NOT STATED,0.0,COLOMBO,LOCALLY BUILT,2025.0,14,TSK-40,Unknown
TRACTOR TRAILER/BOWSER,LOCALLY BUILT,TRACTOR TRAILER,SRI LANKA,NOT STATED,0.0,BATTICALOA,LOCALLY BUILT,2025.0,3,,TRACTOR TRAILER
LORRY TRAILER/BOWSER,LANKA ASHOK LEYLAND,TAILER,SRI LANKA,NOT STATED,0.0,GAMPAHA,LOCALLY BUILT,2025.0,1,,TAILER
TRACTOR TRAILER/BOWSER,NIROSH TRAILER,TRACTOR TRAILER,SRI LANKA,NOT STATED,0.0,COLOMBO,LOCALLY BUILT,2025.0,3,,TRACTOR TRAILER
LORRY TRAILER/BOWSER,DUTCH LANKA TRAILER,DLFT-40/50T,SRI LANKA,NOT STATED,0.0,COLOMBO,LOCALLY BUILT,2025.0,1,DLFT-40,/50T
TRACTOR TRAILER/BOWSER,LOCALLY BUILT,LOW BED TRAILER,SRI LANKA,NOT STATED,0.0,MONERAGALA,LOCALLY BUILT,2025.0,1,,LOW BED TRAILER
TRACTOR TRAILER/BOWSER,LOCALLY BUILT,TRACTOR  TRAILER,SRI LANKA,DIESEL,0.0,KILINOCHCHI,LOCALLY BUILT,2025.0,1,,TRACTOR  TRAILER
TRACTOR TRAILER/BOWSER,SACHINTHA,TRACTOR TRAILER,SRI LANKA,NOT STATED,0.0,GAMPAHA,LOCALLY BUILT,2024.0,1,,TRACTOR TRAILER
TRACTOR TRAILER/BOWSER,WIMAL AGRO,TRACTOR TRAILER,SRI LANKA,NOT STATED,0.0,KILINOCHCHI,LOCALLY BUILT,2022.0,1,,TRACTOR TRAILER
LORRY TRAILER/BOWSER,DUTCH LANKA TRAILER,DLST 40/40T,SRI LANKA,NOT STATED,0.0,COLOMBO,LOCALLY BUILT,2025.0,1,,DLST 40/40T
MOTOR CYCLE,TVS,TVS RAIDER 125,INDIA,PETROL,124.66,GAMPAHA,BRAND NEW,2025.0,127,,TVS RAIDER 125
MOTOR CYCLE,TVS,TVS NTORQ 125 CC,INDIA,PETROL,124.8,KALUTARA,BRAND NEW,2025.0,335,,TVS NTORQ 125 CC
CAR,KIA,SONET,INDIA,PETROL,998.0,KALUTARA,BRAND NEW,2025.0,4,,SONET
MOTOR CYCLE,TVS,TVS NTORQ 125 CC,INDIA,PETROL,124.8,POLONNARUWA,BRAND NEW,2025.0,100,,TVS NTORQ 125 CC
THREE WHEELER,TVS,KING,INDIA,PETROL,199.26,KURUNEGALA,BRAND NEW,2025.0,13,,KING
MOTOR CYCLE,YAMAHA,FZ S FI VER 4.0,INDIA,PETROL,149.0,TRINCOMALEE,BRAND NEW,2025.0,17,,FZ S FI VER 4.0
MOTOR CYCLE,TVS,TVS NTORQ 125 CC,INDIA,PETROL,124.8,AMPARA,BRAND NEW,2025.0,43,,TVS NTORQ 125 CC
MOTOR CYCLE,YAMAHA,RAY ZR,INDIA,PETROL,113.0,COLOMBO,BRAND NEW,2025.0,21,,RAY ZR
MOTOR CYCLE,YAMAHA,RAY ZR,INDIA,PETROL,113.0,BADULLA,BRAND NEW,2025.0,6,,RAY ZR
MOTOR CYCLE,YAMAHA,FZ  VER 2.0,INDIA,PETROL,149.0,KURUNEGALA,BRAND NEW,2025.0,14,,FZ  VER 2.0
MOTOR CYCLE,YAMAHA,FZ S FI VER 4.0,INDIA,PETROL,149.0,MATALE,BRAND NEW,2025.0,2,,FZ S FI VER 4.0
CAR,TOYOTA,NYC200R-DHXHBF,INDONESIA,PETROL/ELE,1496.0,COLOMBO,BRAND NEW,2025.0,4,,NYC200R-DHXHBF
MOTOR CYCLE,YAMAHA,RAY ZR 125,INDIA,PETROL,125.0,MANNAR,BRAND NEW,2025.0,19,,RAY ZR 125
MOTOR CYCLE,YAMAHA,YZF R15 VER 4.0,INDIA,PETROL,155.0,JAFFNA,BRAND NEW,2025.0,78,,YZF R15 VER 4.0
MOTOR CYCLE,YAMAHA,RAY ZRSTREETRALLY125,INDIA,PETROL,125.0,ANURADHAPURA,BRAND NEW,2025.0,11,,RAY ZRSTREETRALLY125
MOTOR CYCLE,YAMAHA,YZF R15 VER 4.0,INDIA,PETROL,155.0,BATTICALOA,BRAND NEW,2025.0,39,,YZF R15 VER 4.0
MOTOR CYCLE,YAMAHA,RAY ZR 125,INDIA,PETROL,125.0,KANDY,BRAND NEW,2025.0,9,,RAY ZR 125
MOTOR CYCLE,YAMAHA,FZ  VER 2.0,INDIA,PETROL,149.0,KEGALLE,BRAND NEW,2025.0,2,,FZ  VER 2.0
MOTOR CYCLE,HONDA,DIO STD,INDIA,PETROL,109.0,KURUNEGALA,BRAND NEW,25.0,1,,DIO STD
MOTOR CYCLE,SOLID,ROBOT,CHINA,ELECTRIC,1.2,KURUNEGALA,BRAND NEW,2025.0,4,,ROBOT
MOTOR CYCLE,SOLID,ROBOT,CHINA,ELECTRIC,1.2,BADULLA,BRAND NEW,2025.0,1,,ROBOT
MOTOR CYCLE,HONDA,DIO DLX,INDIA,PETROL,109.0,BADULLA,BRAND NEW,2025.0,33,,DIO DLX
MOTOR CYCLE,HONDA,DIO STD,INDIA,PETROL,109.0,MONERAGALA,BRAND NEW,2025.0,39,,DIO STD
MOTOR CYCLE,BAJAJ,PULSAR N 125,INDIA,PETROL,124.58,COLOMBO,BRAND NEW,2025.0,60,,PULSAR N 125
MOTOR CYCLE,BAJAJ,PULSAR N 125,INDIA,PETROL,124.58,ANURADHAPURA,BRAND NEW,2025.0,18,,PULSAR N 125
MOTOR CYCLE,BAJAJ,PULSAR NS 200,INDIA,PETROL,199.5,ANURADHAPURA,BRAND NEW,2025.0,69,,PULSAR NS 200
LAND VEHICLE,TAFE,45DI,INDIA,DIESEL,2700.0,KURUNEGALA,BRAND NEW,2025.0,27,,45DI
SINGLE CAB,MAHINDRA,BOLERO CITY PICKUP,INDIA,DIESEL,2523.0,NUWARA-ELIYA,BRAND NEW,2025.0,15,,BOLERO CITY PICKUP
SINGLE CAB,MAHINDRA,BOLERO CITY PICKUP,INDIA,DIESEL,2523.0,MONERAGALA,BRAND NEW,2025.0,11,,BOLERO CITY PICKUP
THREE WHEELER,BAJAJ,RE 4S AUTORICKSHAW,INDIA,PETROL,237.0,JAFFNA,BRAND NEW,2025.0,185,,RE 4S AUTORICKSHAW
THREE WHEELER,BAJAJ,RE 4S AUTORICKSHAW,INDIA,PETROL,237.0,KALUTARA,BRAND NEW,2025.0,110,,RE 4S AUTORICKSHAW
CAR,NISSAN,MAGNITE N-CONNECTA,INDIA,PETROL,999.0,GAMPAHA,BRAND NEW,2025.0,16,,MAGNITE N-CONNECTA
CAR,NISSAN,MAGNITE TEKNA PLUS,INDIA,PETROL,999.0,MATARA,BRAND NEW,2025.0,6,,MAGNITE TEKNA PLUS
THREE WHEELER,BAJAJ,RE 4S AUTORICKSHAW,INDIA,PETROL,237.0,MATARA,BRAND NEW,2025.0,58,,RE 4S AUTORICKSHAW
MOTOR CYCLE,BAJAJ,CT 100 ES,SRI LANKA,PETROL,102.0,PUTTALAM,BRAND NEW,2025.0,1,,CT 100 ES
MOTOR CYCLE,BAJAJ,PULSAR N 160,INDIA,PETROL,164.32,GAMPAHA,BRAND NEW,2025.0,171,,PULSAR N 160
MOTOR CYCLE,HERO,HUNK 160,INDIA,PETROL,163.14,JAFFNA,BRAND NEW,2025.0,20,,HUNK 160
MOTOR CYCLE,YADEA,T5,CHINA,ELECTRIC,1.2,PUTTALAM,BRAND NEW,2025.0,127,,T5
MOTOR CYCLE,REVOLT,RV 400,INDIA,ELECTRIC,3.0,JAFFNA,BRAND NEW,2025.0,2,,RV 400
MOTOR CYCLE,ATHER,450X,INDIA,ELECTRIC,3.0,RATNAPURA,BRAND NEW,2025.0,5,,450X
LAND VEHICLE,E KUBOTA,EK3-471 4WD,INDIA,DIESEL,2761.0,MULLATIVU,BRAND NEW,2025.0,1,EK3-471,4WD
LAND VEHICLE,TAFE,45DI,INDIA,DIESEL,2500.0,KURUNEGALA,BRAND NEW,2025.0,11,,45DI
CAR,NISSAN,MAGNITE TEKNA PLUS,INDIA,PETROL,999.0,RATNAPURA,BRAND NEW,2025.0,7,,MAGNITE TEKNA PLUS
MOTOR CYCLE,BAJAJ,PULSAR NS 200,INDIA,PETROL,199.5,POLONNARUWA,BRAND NEW,2025.0,64,,PULSAR NS 200
MOTOR LORRY (COMMERCIAL),FUSO,F1V1PHX2RDSB,INDIA,DIESEL,3907.0,HAMBANTOTA,BRAND NEW,2025.0,1,,F1V1PHX2RDSB
MOTOR CYCLE,HERO,HF-DELUXE,INDIA,PETROL,97.2,KILINOCHCHI,BRAND NEW,2025.0,74,HF-DELUXE,Unknown
MOTOR CYCLE,HERO,XOOM-110,INDIA,PETROL,110.9,VAVUNIYA,BRAND NEW,2025.0,32,XOOM-110,Unknown
MOTOR CYCLE,TVS,TVS RAIDER 125,INDIA,PETROL,124.66,KANDY,BRAND NEW,2025.0,52,,TVS RAIDER 125
MOTOR CYCLE,YAMAHA,RAY ZRSTREETRALLY125,INDIA,PETROL,125.0,KILINOCHCHI,BRAND NEW,2025.0,2,,RAY ZRSTREETRALLY125
MOTOR CYCLE,RANOMOTO,GN125H,CHINA,PETROL,124.0,BADULLA,BRAND NEW,2025.0,12,,GN125H
MOTOR CYCLE,RANOMOTO,PATTAYA DOUBLE POWER,CHINA,PETROL,80.0,KEGALLE,BRAND NEW,2025.0,3,,PATTAYA DOUBLE POWER
MOTOR CYCLE,RANOMOTO,PATTAYA DOUBLE POWER,CHINA,PETROL,80.0,TRINCOMALEE,BRAND NEW,2025.0,7,,PATTAYA DOUBLE POWER
MOTOR CYCLE,HERO,XOOM-110,INDIA,PETROL,110.9,MONERAGALA,BRAND NEW,2025.0,37,XOOM-110,Unknown
MOTOR CYCLE,HERO,XOOM-110,INDIA,PETROL,110.9,KILINOCHCHI,BRAND NEW,2025.0,31,XOOM-110,Unknown
MOTOR CYCLE,HONDA,DIO STD,INDIA,PETROL,109.0,BADULLA,BRAND NEW,2025.0,34,,DIO STD
MOTOR CYCLE,BAJAJ,PULSAR NS 200,INDIA,PETROL,199.5,AMPARA,BRAND NEW,2025.0,67,,PULSAR NS 200
MOTOR CYCLE,BAJAJ,PULSAR N 160,INDIA,PETROL,164.32,VAVUNIYA,BRAND NEW,2025.0,21,,PULSAR N 160
MOTOR CYCLE,BAJAJ,PULSAR N 160,INDIA,PETROL,164.32,TRINCOMALEE,BRAND NEW,2025.0,34,,PULSAR N 160
DUAL PURPOSE (COMMERCIAL),MITSUBISHI,LC1TJLHGCR L200,THAILAND,DIESEL,2442.0,BADULLA,BRAND NEW,2025.0,1,,LC1TJLHGCR L200
CAR,WULING,CLOUD EV,INDONESIA,ELECTRIC,99.0,COLOMBO,BRAND NEW,2025.0,2,,CLOUD EV
COMMERCIAL,EICHER,10.75E STARLINE,INDIA,DIESEL,3298.0,GAMPAHA,BRAND NEW,2025.0,2,,10.75E STARLINE
MOTOR CYCLE,YAMAHA,RAY ZRSTREETRALLY125,INDIA,PETROL,125.0,MATARA,BRAND NEW,2025.0,8,,RAY ZRSTREETRALLY125
MOTOR LORRY (COMMERCIAL),MITSUBISHI,FEB71GR4WDSC,JAPAN,DIESEL,2998.0,KANDY,BRAND NEW,2025.0,1,,FEB71GR4WDSC
CAR,NISSAN,MAGNITE N-CONNECTA,INDIA,PETROL,999.0,HAMBANTOTA,BRAND NEW,2025.0,2,,MAGNITE N-CONNECTA
MOTOR CYCLE,HERO,XTREME 125 R,INDIA,PETROL,124.7,RATNAPURA,BRAND NEW,2025.0,11,,XTREME 125 R
MOTOR CYCLE,OYFLY,TDM-LTW,CHINA,ELECTRIC,2.0,HAMBANTOTA,BRAND NEW,2025.0,1,TDM-LTW,Unknown
MOTOR LORRY (COMMERCIAL),HINO,XZU710R-WKMQN3,JAPAN,DIESEL,4009.0,COLOMBO,BRAND NEW,2025.0,1,,XZU710R-WKMQN3
LAND VEHICLE,JOHN DEERE,5045D,INDIA,DIESEL,2940.0,MONERAGALA,BRAND NEW,2025.0,1,,5045D
LAND VEHICLE (SMALL),VIKYNO,RV125-2,VIETNAM,DIESEL,624.0,KURUNEGALA,BRAND NEW,2025.0,8,RV125-2,Unknown
MOTOR CYCLE,TMR QUANLE,XGW,CHINA,ELECTRIC,1.2,COLOMBO,BRAND NEW,2025.0,1,,XGW
MOTOR CYCLE,LUYUAN,MNK3,CHINA,ELECTRIC,1.5,GAMPAHA,BRAND NEW,2025.0,6,,MNK3
MOTOR CYCLE,TVS,SCOOTY PEP PLUS,INDIA,PETROL,87.8,KURUNEGALA,BRAND NEW,2017.0,1,,SCOOTY PEP PLUS
CAR,DONGFENG,BOX E3,CHINA,ELECTRIC,50.0,RATNAPURA,BRAND NEW,2025.0,2,,BOX E3
LAND VEHICLE,E KUBOTA,EK3-471 4WD,INDIA,DIESEL,2761.0,COLOMBO,BRAND NEW,2025.0,1,EK3-471,4WD
MOTOR CYCLE,LIMA,EL07,CHINA,ELECTRIC,1.5,JAFFNA,BRAND NEW,2025.0,3,,EL07
COMMERCIAL,TOYOTA,HIACE-GDH301R-GDTDY,JAPAN,DIESEL,2755.0,HAMBANTOTA,BRAND NEW,2025.0,4,HIACE-GDH301R-GDTDY,Unknown
MOTOR CYCLE,BAJAJ,PULSAR N 160,INDIA,PETROL,164.32,MONERAGALA,BRAND NEW,2025.0,41,,PULSAR N 160
MOTOR CYCLE,HONDA,DIO STD,INDIA,PETROL,109.0,JAFFNA,BRAND NEW,2025.0,77,,DIO STD
MOTOR CYCLE,AIMA,LIBERTY,CHINA,ELECTRIC,1.2,COLOMBO,BRAND NEW,2025.0,2,,LIBERTY
MOTOR CYCLE,AIMA,LIBERTY,CHINA,ELECTRIC,1.2,GALLE,BRAND NEW,2025.0,9,,LIBERTY
MOTOR CYCLE,YADEA,T5,CHINA,ELECTRIC,1.2,ANURADHAPURA,BRAND NEW,2025.0,148,,T5
MOTOR CYCLE,YADEA,RUIBIN,CHINA,ELECTRIC,0.8,VAVUNIYA,BRAND NEW,2025.0,6,,RUIBIN
MOTOR CYCLE,YADEA,T5,CHINA,ELECTRIC,1.2,POLONNARUWA,BRAND NEW,2025.0,43,,T5
CAR,BAW,E7,CHINA,ELECTRIC,30.0,MATARA,BRAND NEW,2025.0,6,,E7
MOTOR CYCLE,REVOLT,RV 400,INDIA,ELECTRIC,3.0,COLOMBO,BRAND NEW,2024.0,1,,RV 400
CAR,SUZUKI,FRONX,INDIA,PETROL,998.0,KEGALLE,BRAND NEW,2025.0,6,,FRONX
CAR,SUZUKI,FRONX,INDIA,PETROL,998.0,BATTICALOA,BRAND NEW,2025.0,2,,FRONX
SPECIAL PURPOSE VEHICLE,TOYOTA,FDZN25,CHINA,DIESEL,2486.0,GAMPAHA,BRAND NEW,2025.0,1,,FDZN25
SINGLE CAB,TATA,YODHA,INDIA,DIESEL,2956.0,KURUNEGALA,BRAND NEW,2025.0,1,,YODHA
MOTOR CYCLE,NWOW,TK 10,CHINA,ELECTRIC,0.8,COLOMBO,BRAND NEW,2025.0,5,,TK 10
MOTOR CYCLE,YADEA,RUIBIN,CHINA,ELECTRIC,0.8,HAMBANTOTA,BRAND NEW,2025.0,8,,RUIBIN
MOTOR CYCLE,HERO,XTREME 125 R,INDIA,PETROL,124.7,TRINCOMALEE,BRAND NEW,2025.0,5,,XTREME 125 R
MOTOR CYCLE,YADEA,T 9,CHINA,ELECTRIC,2.0,TRINCOMALEE,BRAND NEW,2025.0,2,,T 9
MOTOR CYCLE,YADEA,T 9,CHINA,ELECTRIC,2.0,PUTTALAM,BRAND NEW,2025.0,8,,T 9
MOTOR CYCLE,YADEA,EPOC H,CHINA,ELECTRIC,2.0,KEGALLE,BRAND NEW,2025.0,4,,EPOC H
MOTOR CYCLE,YADEA,T 9,CHINA,ELECTRIC,2.0,COLOMBO,BRAND NEW,2025.0,12,,T 9
LAND VEHICLE,SONALIKA,D150RX-2WD,INDIA,DIESEL,2893.0,MONERAGALA,BRAND NEW,2025.0,2,,D150RX-2WD
MOTOR CYCLE,GOEASY,HOBEN,CHINA,ELECTRIC,2.0,COLOMBO,BRAND NEW,2025.0,1,,HOBEN
MOTOR CYCLE,HERO,XOOM 125 R,INDIA,PETROL,125.0,COLOMBO,BRAND NEW,2025.0,1,,XOOM 125 R
MOTOR CYCLE,TMR QUANLE,XGW,CHINA,ELECTRIC,1.2,PUTTALAM,BRAND NEW,2025.0,7,,XGW
CAR,MITSUBISHI,NC1WLRPGRV1 XPANDER,INDONESIA,PETROL,1499.0,COLOMBO,BRAND NEW,2025.0,1,,NC1WLRPGRV1 XPANDER
MOTOR CYCLE,SOLID,LEO,CHINA,ELECTRIC,1.2,GAMPAHA,BRAND NEW,2023.0,1,,LEO
COMMERCIAL,TOYOTA,KDH223R-LEMDYT HIACE,JAPAN,DIESEL,2982.0,MATARA,BRAND NEW,2025.0,6,,KDH223R-LEMDYT HIACE
MOTOR CYCLE,AIMA,ARIA,CHINA,ELECTRIC,0.8,HAMBANTOTA,BRAND NEW,2025.0,4,,ARIA
MOTOR CYCLE,LIMA,EL07,CHINA,ELECTRIC,1.5,MATALE,BRAND NEW,2024.0,1,,EL07
MOTOR CYCLE,LIMA,EL07,CHINA,ELECTRIC,1.5,KURUNEGALA,BRAND NEW,2025.0,56,,EL07
MOTOR CYCLE,ATHER,450X,INDIA,ELECTRIC,3.0,KANDY,BRAND NEW,2025.0,2,,450X
SINGLE CAB,TATA,ACE- HT2,INDIA,DIESEL,702.0,GALLE,BRAND NEW,2025.0,1,,ACE- HT2
CAR,CHANGAN,S 07,CHINA,ELECTRIC,99.0,KURUNEGALA,BRAND NEW,2025.0,1,,S 07
MOTOR CYCLE,YAMAHA,RAY ZRSTREETRALLY125,INDIA,PETROL,125.0,VAVUNIYA,BRAND NEW,2025.0,4,,RAY ZRSTREETRALLY125
SINGLE CAB,MAHINDRA,BOLERO CITY PICKUP,INDIA,DIESEL,2523.0,BATTICALOA,BRAND NEW,2025.0,6,,BOLERO CITY PICKUP
CAR,SAIC,MG ZS MCE,CHINA,PETROL,999.0,POLONNARUWA,BRAND NEW,2025.0,1,,MG ZS MCE
SINGLE CAB,MAHINDRA,BOLERO CITY PICK UP,INDIA,DIESEL,2523.0,RATNAPURA,BRAND NEW,2025.0,1,,BOLERO CITY PICK UP
MOTOR CYCLE,WUXI,MC-TKWS,CHINA,PETROL,125.0,COLOMBO,BRAND NEW,2025.0,2,MC-TKWS,Unknown
MOTOR CYCLE,REVOLT,RV 400,INDIA,ELECTRIC,3.0,GALLE,BRAND NEW,2025.0,1,,RV 400
CAR,BAIC,BJ40,CHINA,PETROL,1967.0,COLOMBO,BRAND NEW,2025.0,2,,BJ40
COMMERCIAL,GOLDEN DRAGON,XML6122J24,CHINA,DIESEL,8400.0,KALUTARA,BRAND NEW,2025.0,1,,XML6122J24
CAR,GAC,AION V PREMIUM,CHINA,ELECTRIC,100.0,GAMPAHA,BRAND NEW,2025.0,1,,AION V PREMIUM
CAR,PERODUA,BEZZA,MALAYSIA,PETROL,998.0,MATALE,BRAND NEW,2025.0,3,,BEZZA
SPECIAL PURPOSE VEHICLE,CATERPILLAR,426,INDIA,DIESEL,4400.0,COLOMBO,BRAND NEW,2025.0,2,,426
COMMERCIAL,TATA,LP 712,INDIA,DIESEL,3783.0,MATARA,BRAND NEW,2025.0,1,,LP 712
THREE WHEELER,PIAGGIO,APE AUTO DX,INDIA,DIESEL,435.0,ANURADHAPURA,BRAND NEW,2025.0,2,,APE AUTO DX
CAR,PERODUA,AXIA-CG1SZ,MALAYSIA,PETROL,998.0,KEGALLE,BRAND NEW,2025.0,1,AXIA-CG1SZ,Unknown
MOTOR LORRY (COMMERCIAL),TATA,LPT-1615,INDIA,DIESEL,5883.0,KANDY,BRAND NEW,2025.0,2,LPT-1615,Unknown
LAND VEHICLE,KUBOTA,L 4508,JAPAN,DIESEL,2197.0,ANURADHAPURA,BRAND NEW,2025.0,33,,L 4508
MOTOR CYCLE,TMR QUANLE,ZL,CHINA,ELECTRIC,2.0,RATNAPURA,BRAND NEW,2025.0,1,,ZL
LAND VEHICLE (SMALL),SIFANG,SF120,CHINA,DIESEL,624.0,KILINOCHCHI,BRAND NEW,2013.0,1,,SF120
COMMERCIAL,TOYOTA,KDH223R-LEMDYT HIACE,JAPAN,DIESEL,2982.0,KALUTARA,BRAND NEW,2025.0,9,,KDH223R-LEMDYT HIACE
MOTOR CYCLE,YADEA,T 9,CHINA,ELECTRIC,2.0,MATALE,BRAND NEW,2025.0,2,,T 9
MOTOR CYCLE,YADEA,T 9,CHINA,ELECTRIC,2.0,KILINOCHCHI,BRAND NEW,2025.0,7,,T 9
CAR,AUDI,E TRON 50 QUATTRO,GERMANY,ELECTRIC,230.0,COLOMBO,BRAND NEW,2024.0,1,,E TRON 50 QUATTRO
CAR,NISSAN,MAGNITE ACENTA BR10,INDIA,PETROL,999.0,BADULLA,BRAND NEW,2025.0,1,,MAGNITE ACENTA BR10
LAND VEHICLE,KUBOTA,L 4508,JAPAN,DIESEL,2197.0,PUTTALAM,BRAND NEW,2025.0,4,,L 4508
LAND VEHICLE,TAFE,45DI,INDIA,DIESEL,2500.0,GAMPAHA,BRAND NEW,2025.0,1,,45DI
CAR,NISSAN,MAGNITE TEKNA PLUS,INDIA,PETROL,999.0,KURUNEGALA,BRAND NEW,2025.0,4,,MAGNITE TEKNA PLUS
CAR,XPENG,G6,CHINA,ELECTRIC,190.0,COLOMBO,BRAND NEW,2025.0,1,,G6
LAND VEHICLE,JOHN DEERE,5045D,INDIA,DIESEL,2940.0,VAVUNIYA,BRAND NEW,2025.0,2,,5045D
CAR,HONDA,6AA-RV5 VEZEL,JAPAN,PETROL/ELE,1496.0,KALUTARA,BRAND NEW,2025.0,1,6AA-RV5,VEZEL
MOTOR CYCLE,YADEA,RUIBIN,CHINA,ELECTRIC,0.8,AMPARA,BRAND NEW,2025.0,6,,RUIBIN
MOTOR CYCLE,YADEA,M6,CHINA,ELECTRIC,1.2,ANURADHAPURA,BRAND NEW,2025.0,3,,M6
DUAL PURPOSE (COMMERCIAL),MITSUBISHI,FEA21CR2SDSB,JAPAN,DIESEL,2998.0,COLOMBO,BRAND NEW,2025.0,1,,FEA21CR2SDSB
DUAL PURPOSE (COMMERCIAL),MITSUBISHI,LC1TJLHGCR L200,THAILAND,DIESEL,2442.0,KALUTARA,BRAND NEW,2025.0,1,,LC1TJLHGCR L200
MOTOR LORRY (COMMERCIAL),ISUZU,NQR75U- HL5VAYN,JAPAN,DIESEL,5193.0,GAMPAHA,BRAND NEW,2025.0,1,,NQR75U- HL5VAYN
LAND VEHICLE,KARTAR,GLOBETRAC 4736 4WD,INDIA,DIESEL,3117.0,KANDY,BRAND NEW,2025.0,1,,GLOBETRAC 4736 4WD
LAND VEHICLE,KARTAR,GLOBETRAC 4736 4WD,INDIA,DIESEL,3117.0,VAVUNIYA,BRAND NEW,2024.0,1,,GLOBETRAC 4736 4WD
MOTOR LORRY (COMMERCIAL),ISUZU,NQR75U- KN5VAYN,JAPAN,DIESEL,5193.0,COLOMBO,BRAND NEW,2025.0,1,,NQR75U- KN5VAYN
MOTOR CYCLE,LUYUAN,M-MHH-Z30LJ,CHINA,ELECTRIC,2.0,GALLE,BRAND NEW,2025.0,1,,M-MHH-Z30LJ
SINGLE CAB,TATA,YODHA,INDIA,DIESEL,2956.0,VAVUNIYA,BRAND NEW,2025.0,1,,YODHA
MOTOR CYCLE,YAMAHA,RAY ZRSTREETRALLY125,INDIA,PETROL,125.0,MATALE,BRAND NEW,2025.0,6,,RAY ZRSTREETRALLY125
LAND VEHICLE,TAFE,45DI,INDIA,DIESEL,2500.0,BATTICALOA,BRAND NEW,2024.0,1,,45DI
CAR,KIA,SORENTO,KOREA,PETROL/ELE,1598.0,KANDY,BRAND NEW,2025.0,1,,SORENTO
LAND VEHICLE,SWARAJ,855,INDIA,DIESEL,3478.2,MONERAGALA,BRAND NEW,2025.0,3,,855
CAR,CHERY,TIGGO CROSS,CHINA,PETROL/ELE,1498.0,COLOMBO,BRAND NEW,2025.0,1,,TIGGO CROSS
MOTOR LORRY (COMMERCIAL),ISUZU,NQR75U-KN5VAAYN,JAPAN,DIESEL,5193.0,KURUNEGALA,BRAND NEW,2025.0,1,,NQR75U-KN5VAAYN
THREE WHEELER,MAHINDRA,TREO,INDIA,ELECTRIC,3.5,MATARA,BRAND NEW,2025.0,1,,TREO
CAR,BYD,SEALION 6 SUPERIOR,CHINA,PETROL/ELE,1498.0,NUWARA-ELIYA,BRAND NEW,2025.0,1,,SEALION 6 SUPERIOR
MOTOR LORRY (COMMERCIAL),LANKA ASHOK LEYLAND,PARTNER,INDIA,DIESEL,2953.0,GALLE,BRAND NEW,2025.0,1,,PARTNER
CAR,NISSAN,MAGNITE N-CONNECTA,INDIA,PETROL,999.0,RATNAPURA,BRAND NEW,2025.0,2,,MAGNITE N-CONNECTA
LAND VEHICLE,E KUBOTA,EK3-471,INDIA,DIESEL,2761.0,RATNAPURA,BRAND NEW,2025.0,1,EK3-471,4WD
CAR,MAHINDRA,XUV3XO AX5,INDIA,PETROL,1197.0,COLOMBO,BRAND NEW,2025.0,2,,XUV3XO AX5
MOTOR CYCLE,TMR QUANLE,ZL,CHINA,ELECTRIC,2.0,TRINCOMALEE,BRAND NEW,2025.0,3,,ZL
MOTOR CYCLE,TAKASHI,ES PRO PLUS,CHINA,ELECTRIC,1.5,HAMBANTOTA,BRAND NEW,2025.0,1,,ES PRO PLUS
MOTOR CYCLE,TAKASHI,ES PRO PLUS,CHINA,ELECTRIC,1.5,MATARA,BRAND NEW,2025.0,1,,ES PRO PLUS
CAR,HYUNDAI,VENUE,INDIA,PETROL,998.0,GALLE,BRAND NEW,2025.0,1,,VENUE
MOTOR CYCLE,ROYAL ENFIELD,CLASSIC 350,INDIA,PETROL,349.0,VAVUNIYA,BRAND NEW,2025.0,1,,CLASSIC 350
MOTOR LORRY (COMMERCIAL),TATA,LPT-2518,INDIA,DIESEL,5883.0,POLONNARUWA,BRAND NEW,2025.0,1,LPT-2518,Unknown
CAR,MERCEDES BENZ,EQA 250 PLUS,GERMANY,ELECTRIC,140.0,COLOMBO,BRAND NEW,2025.0,1,,EQA 250 PLUS
MOTOR CYCLE,TMR LUYUAN,COLA 5,CHINA,ELECTRIC,0.4,KURUNEGALA,BRAND NEW,2025.0,2,,COLA 5
MOTOR CYCLE,TMR LUYUAN,S18,CHINA,ELECTRIC,1.2,GAMPAHA,BRAND NEW,2025.0,3,,S18
MOTOR CYCLE,TMR QUANLE,XGW,CHINA,ELECTRIC,1.2,KANDY,BRAND NEW,2025.0,1,,XGW
MOTOR CYCLE,ROYAL ENFIELD,CLASSIC 350,INDIA,PETROL,349.0,JAFFNA,BRAND NEW,2025.0,3,,CLASSIC 350
MOTOR CYCLE,REVOLT,RV 1,INDIA,ELECTRIC,1.8,ANURADHAPURA,BRAND NEW,2025.0,1,,RV 1
MOTOR CYCLE,REVOLT,RV 400,INDIA,ELECTRIC,3.0,PUTTALAM,BRAND NEW,2025.0,2,,RV 400
MOTOR LORRY (COMMERCIAL),TATA,LPT-2518,INDIA,DIESEL,5883.0,GAMPAHA,BRAND NEW,2025.0,2,LPT-2518,Unknown
MOTOR CYCLE,ROYAL ENFIELD,CLASSIC 350,INDIA,PETROL,349.0,ANURADHAPURA,BRAND NEW,2025.0,1,,CLASSIC 350
MOTOR CYCLE,YAMAHA,YZF R 15  V 4.0,INDIA,PETROL,155.0,KURUNEGALA,BRAND NEW,2025.0,1,,YZF R 15  V 4.0
MOTOR CYCLE,YADEA,T 9,CHINA,ELECTRIC,2.0,POLONNARUWA,BRAND NEW,2025.0,3,,T 9
CAR,LAND ROVER,RANGE ROVER,UNITED KINGDOM,PETROL/ELE,3000.0,COLOMBO,BRAND NEW,2025.0,2,,RANGE ROVER
THREE WHEELER,GOEASY,RAPIDTRI,CHINA,ELECTRIC,3.0,COLOMBO,BRAND NEW,2025.0,1,,RAPIDTRI
MOTOR CYCLE,TVS,TVS XL 100,SRI LANKA,PETROL,99.7,POLONNARUWA,BRAND NEW,2025.0,1,,TVS XL 100
MOTOR CYCLE,DAYUN,DY200T-11,CHINA,PETROL,200.0,KANDY,BRAND NEW,2025.0,1,,DY200T-11
LAND VEHICLE,SOLIS,4520,INDIA,DIESEL,2893.0,BATTICALOA,BRAND NEW,2024.0,1,,4520
LAND VEHICLE,YANMAR,YM358R,THAILAND,DIESEL,3319.0,AMPARA,BRAND NEW,2025.0,2,,YM358R
LAND VEHICLE,YANMAR,YM358R,THAILAND,DIESEL,3319.0,HAMBANTOTA,BRAND NEW,2025.0,1,,YM358R
CAR,BAW,E7,CHINA,ELECTRIC,30.0,ANURADHAPURA,BRAND NEW,2025.0,3,,E7
CAR,TOYOTA,AAHH40R-PFXLB,JAPAN,PETROL/ELE,2487.0,COLOMBO,BRAND NEW,2025.0,1,,AAHH40R-PFXLB
COMMERCIAL,TOYOTA,HIACE-GDH301R-GDTDY,JAPAN,DIESEL,2755.0,KEGALLE,BRAND NEW,2025.0,1,HIACE-GDH301R-GDTDY,Unknown
MOTOR TRICYCLE VAN,PIAGGIO,APE-XTRA-DX,INDIA,DIESEL,435.0,POLONNARUWA,BRAND NEW,2025.0,1,APE-XTRA-DX,Unknown
MOTOR TRICYCLE VAN,PIAGGIO,APE-XTRA-DX,INDIA,DIESEL,435.0,MATALE,BRAND NEW,2025.0,2,APE-XTRA-DX,Unknown
COMMERCIAL,TOYOTA,HIACE-GDH301R-GDTDY,JAPAN,DIESEL,2755.0,MATALE,BRAND NEW,2025.0,1,HIACE-GDH301R-GDTDY,Unknown
MOTOR CYCLE,SOLID,G6,CHINA,ELECTRIC,1.5,MATALE,BRAND NEW,2025.0,1,,G6
MOTOR CYCLE,HERO,HUNK 160,INDIA,PETROL,163.14,MANNAR,BRAND NEW,2025.0,2,,HUNK 160
MOTOR CYCLE,TMR QUANLE,Q1,CHINA,ELECTRIC,1.2,GAMPAHA,BRAND NEW,2024.0,1,,Q1
MOTOR CYCLE,TMR LUYUAN,COLA 5,CHINA,ELECTRIC,0.4,MONERAGALA,BRAND NEW,2025.0,1,,COLA 5
CAR,MERCEDES BENZ,GLS 450 4MATIC,U.S.A,PETROL,2999.0,COLOMBO,BRAND NEW,2025.0,2,,GLS 450 4MATIC
MOTOR CYCLE,ROYAL ENFIELD,HUNTOR 350,INDIA,PETROL,350.0,BATTICALOA,BRAND NEW,2025.0,1,,HUNTOR 350
MOTOR TRICYCLE VAN,MAHINDRA,ALFA LOAD CARRIER,INDIA,DIESEL,436.0,GALLE,BRAND NEW,2025.0,4,,ALFA LOAD CARRIER
MOTOR TRICYCLE VAN,MAHINDRA,ALFA LOAD CARRIER,INDIA,DIESEL,436.0,MATALE,BRAND NEW,2025.0,2,,ALFA LOAD CARRIER
DUAL PURPOSE (COMMERCIAL),MITSUBISHI,LC1TJLHGCR L200,THAILAND,DIESEL,2442.0,GALLE,BRAND NEW,2025.0,2,,LC1TJLHGCR L200
COMMERCIAL,TOYOTA,XZB70R ZGMNY COASTER,JAPAN,DIESEL,4009.0,GALLE,BRAND NEW,2025.0,2,,XZB70R ZGMNY COASTER
CAR,TOYOTA,WIGO A350RA GBNE,INDONESIA,PETROL,998.0,HAMBANTOTA,BRAND NEW,2025.0,1,,WIGO A350RA GBNE
MOTOR CYCLE,TAILG,RED RABBIT,CHINA,ELECTRIC,1.2,POLONNARUWA,BRAND NEW,2025.0,2,,RED RABBIT
CAR,DONGFENG,BOX E3,CHINA,ELECTRIC,50.0,MONERAGALA,BRAND NEW,2025.0,1,,BOX E3
CAR,TOYOTA,NYC200R-DHXHBF,INDONESIA,PETROL/ELE,1496.0,KANDY,BRAND NEW,2025.0,2,,NYC200R-DHXHBF
MOTOR TRICYCLE VAN,MAHINDRA,ALFA LOAD CARRIER,INDIA,DIESEL,436.0,TRINCOMALEE,BRAND NEW,2025.0,1,,ALFA LOAD CARRIER
COMMERCIAL,GOLDEN DRAGON,XML6122J34,CHINA,DIESEL,8400.0,GAMPAHA,BRAND NEW,2025.0,6,,XML6122J34
MOTOR CYCLE,AIMA,BREEZY,CHINA,ELECTRIC,0.8,KANDY,BRAND NEW,2025.0,1,,BREEZY
LAND VEHICLE,JOHN DEERE,5050D,INDIA,DIESEL,2940.0,MANNAR,BRAND NEW,2025.0,1,,5050D
LAND VEHICLE (SMALL),VIKYNO,RV125-2,VIETNAM,DIESEL,624.0,KURUNEGALA,BRAND NEW,2020.0,1,RV125-2,Unknown
MOTOR CYCLE,YADEA,EPOC H,CHINA,ELECTRIC,2.0,AMPARA,BRAND NEW,2025.0,1,,EPOC H
LAND VEHICLE,TAFE,45DI,INDIA,DIESEL,2700.0,MULLATIVU,BRAND NEW,2025.0,1,,45DI
LAND VEHICLE,TAFE,45DI,INDIA,DIESEL,2700.0,KILINOCHCHI,BRAND NEW,2025.0,1,,45DI
MOTOR CYCLE,BAJAJ,PULSAR N 160,INDIA,PETROL,164.82,ANURADHAPURA,BRAND NEW,2025.0,1,,PULSAR N 160
DUAL PURPOSE (COMMERCIAL),TOYOTA,GDH300R-GBFDY HIACE,JAPAN,DIESEL,2755.0,KALUTARA,BRAND NEW,2025.0,2,,GDH300R-GBFDY HIACE
LAND VEHICLE,LOVOL,P504-3,CHINA,DIESEL,2189.0,POLONNARUWA,BRAND NEW,2025.0,1,P504-3,Unknown
MOTOR CYCLE,TMR LUYUAN,S18,CHINA,ELECTRIC,1.2,KURUNEGALA,BRAND NEW,2025.0,1,,S18
MOTOR CYCLE,RANOMOTO,PATTAYA DOUBLE POWER,CHINA,PETROL,80.0,MONERAGALA,BRAND NEW,2025.0,1,,PATTAYA DOUBLE POWER
LAND VEHICLE (SMALL),VIKYNO,RV125-2,VIETNAM,DIESEL,624.0,GAMPAHA,BRAND NEW,2023.0,1,RV125-2,Unknown
MOTOR CYCLE,DIMEN,D60,CHINA,ELECTRIC,1.2,COLOMBO,BRAND NEW,2025.0,1,,D60
MOTOR CYCLE,SENARO,GN125,SRI LANKA,PETROL,125.0,KILINOCHCHI,BRAND NEW-L/ASSEMBLE,2025.0,8,,GN125
MOTOR CYCLE,SENARO,GN125,SRI LANKA,PETROL,125.0,PUTTALAM,BRAND NEW-L/ASSEMBLE,2025.0,9,,GN125
MOTOR CYCLE,TVS,TVS XL 100,SRI LANKA,PETROL,99.7,JAFFNA,BRAND NEW-L/ASSEMBLE,2025.0,32,,TVS XL 100
MOTOR CYCLE,BAJAJ,CT 100 ES,SRI LANKA,PETROL,102.0,GALLE,BRAND NEW-L/ASSEMBLE,2025.0,334,,CT 100 ES
MOTOR CYCLE,BAJAJ,CT 100 ES,SRI LANKA,PETROL,102.0,BADULLA,BRAND NEW-L/ASSEMBLE,2025.0,113,,CT 100 ES
MOTOR CYCLE,BAJAJ,CT 100 ES,SRI LANKA,PETROL,102.0,GAMPAHA,BRAND NEW-L/ASSEMBLE,2025.0,433,,CT 100 ES
MOTOR CYCLE,BAJAJ,DISCOVER 125,SRI LANKA,PETROL,124.5,ANURADHAPURA,BRAND NEW-L/ASSEMBLE,2025.0,76,,DISCOVER 125
MOTOR CYCLE,BAJAJ,DISCOVER 125,SRI LANKA,PETROL,124.5,JAFFNA,BRAND NEW-L/ASSEMBLE,2025.0,29,,DISCOVER 125
MOTOR CYCLE,BAJAJ,DISCOVER 125,SRI LANKA,PETROL,124.5,GAMPAHA,BRAND NEW-L/ASSEMBLE,2025.0,115,,DISCOVER 125
MOTOR CYCLE,BAJAJ,CT 100 ES,SRI LANKA,PETROL,102.0,MATARA,BRAND NEW-L/ASSEMBLE,2025.0,155,,CT 100 ES
MOTOR CYCLE,BAJAJ,PULSAR N160,SRI LANKA,PETROL,164.82,COLOMBO,BRAND NEW-L/ASSEMBLE,2025.0,127,,PULSAR N160
MOTOR CYCLE,BAJAJ,DISCOVER 125,SRI LANKA,PETROL,124.5,MONERAGALA,BRAND NEW-L/ASSEMBLE,2025.0,39,,DISCOVER 125
MOTOR CYCLE,BAJAJ,PULSAR N160,SRI LANKA,PETROL,164.82,GAMPAHA,BRAND NEW-L/ASSEMBLE,2025.0,80,,PULSAR N160
SINGLE CAB,LANKA ASHOK LEYLAND,DOST,SRI LANKA,DIESEL,1478.0,KALUTARA,BRAND NEW-L/ASSEMBLE,2025.0,1,,DOST
MOTOR CYCLE,LENCAR,ERC80,SRI LANKA,ELECTRIC,1.2,COLOMBO,BRAND NEW-L/ASSEMBLE,2025.0,1,,ERC80
MOTOR CYCLE,LENCAR,ERC80,SRI LANKA,ELECTRIC,1.2,KURUNEGALA,BRAND NEW-L/ASSEMBLE,2025.0,1,,ERC80
MOTOR CYCLE,SENARO,GN125,SRI LANKA,PETROL,125.0,AMPARA,BRAND NEW-L/ASSEMBLE,2025.0,34,,GN125
MOTOR CYCLE,TVS,TVS XL 100,SRI LANKA,PETROL,99.7,MULLATIVU,BRAND NEW-L/ASSEMBLE,2025.0,19,,TVS XL 100
MOTOR CYCLE,TVS,NTORQ 125,SRI LANKA,PETROL,124.8,KANDY,BRAND NEW-L/ASSEMBLE,2025.0,1,,NTORQ 125
SINGLE CAB,LANKA ASHOK LEYLAND,BADA DOST,SRI LANKA,DIESEL,1478.0,KALUTARA,BRAND NEW-L/ASSEMBLE,2025.0,3,,BADA DOST
CAR,PROTON,SAGA,SRI LANKA,PETROL,1299.0,GAMPAHA,BRAND NEW-L/ASSEMBLE,2024.0,2,,SAGA
MOTOR LORRY (COMMERCIAL),J M C,JX1044TC2R,SRI LANKA,DIESEL,2771.0,KURUNEGALA,BRAND NEW-L/ASSEMBLE,2025.0,1,,JX1044TC2R
CAR,G.W.M.,JOLION,SRI LANKA,PETROL,1497.0,AMPARA,BRAND NEW-L/ASSEMBLE,2025.0,2,,JOLION
CAR,BAIC,X55  II LUXURY,SRI LANKA,PETROL,1498.0,MATARA,BRAND NEW-L/ASSEMBLE,2025.0,2,,X55  II LUXURY
CAR,BAIC,X55  II LUXURY,SRI LANKA,PETROL,1498.0,GALLE,BRAND NEW-L/ASSEMBLE,2025.0,1,,X55  II LUXURY
MOTOR CYCLE,HONDA,PCX 125,VIETNAM,PETROL,124.0,KURUNEGALA,RECONDITIONED,2025.0,3,,PCX 125
CAR,TOYOTA,5AA-A202A RAIZE,JAPAN,ELECTRIC,78.0,KURUNEGALA,RECONDITIONED,2025.0,4,5AA-A202A,RAIZE
MOTOR CYCLE,HONDA,PCX 125,JAPAN,PETROL,124.0,PUTTALAM,RECONDITIONED,2025.0,4,,PCX 125
CAR,TOYOTA,3BA-A210A  RAIZE,JAPAN,PETROL,996.0,COLOMBO,RECONDITIONED,2025.0,2,3BA-A210A,RAIZE
CAR,NISSAN,5AA-B44W DAYZ,JAPAN,PETROL,660.0,COLOMBO,RECONDITIONED,2024.0,1,5AA-B44W,DAYZ
CAR,DAIHATSU,5AA-A202S ROCKY,JAPAN,ELECTRIC,78.0,NUWARA-ELIYA,RECONDITIONED,2023.0,1,5AA-A202S,ROCKY
CAR,HONDA,6AA-RV5  VEZEL,JAPAN,PETROL/ELE,1496.0,NUWARA-ELIYA,RECONDITIONED,2025.0,1,6AA-RV5,VEZEL
CAR,NISSAN,3BD-DR17V CLIPPER,JAPAN,PETROL,658.0,COLOMBO,RECONDITIONED,2024.0,3,3BD-DR17V,CLIPPER
SINGLE CAB,DAIHATSU,3BD-S500P,JAPAN,PETROL,658.0,COLOMBO,RECONDITIONED,2024.0,1,3BD-S500P,HIJET-T
CAR,HONDA,6BA-JF5 N BOX,JAPAN,PETROL,658.0,COLOMBO,RECONDITIONED,2025.0,2,6BA-JF5,N BOX
CAR,SUZUKI,5BA-MH85S WAGON R,JAPAN,PETROL,657.0,KALUTARA,RECONDITIONED,2023.0,1,5BA-MH85S,WAGON R
CAR,DAIHATSU,5BA-LA350S,JAPAN,PETROL,658.0,GAMPAHA,RECONDITIONED,2023.0,1,5BA-LA350S,"MIRA E,S"
CAR,MERCEDES BENZ,5LA-214054 E350E,GERMANY,PETROL/ELE,1991.0,COLOMBO,RECONDITIONED,2024.0,1,5LA-214054,E350E
CAR,TOYOTA,6AA-ZVG13  COROLLA,JAPAN,PETROL/ELE,1797.0,COLOMBO,RECONDITIONED,2024.0,2,6AA-ZVG13,COROLLA
CAR,TOYOTA,5BA-A201A  RAIZE,JAPAN,PETROL,1196.0,HAMBANTOTA,RECONDITIONED,2023.0,1,5BA-A201A,RAIZE
CAR,HONDA,6BA-JF3,JAPAN,PETROL,658.0,COLOMBO,RECONDITIONED,2023.0,1,6BA-JF3,N-BOX
MOTOR CYCLE,HONDA,PCX 160,INDONESIA,PETROL,160.0,GAMPAHA,RECONDITIONED,2025.0,1,,PCX 160
CAR,NISSAN,ALMERA VL,THAILAND,PETROL,999.0,COLOMBO,RECONDITIONED,2025.0,1,,ALMERA VL
CAR,MITSUBISHI,5BA-B33W EK WAGON,JAPAN,PETROL,658.0,COLOMBO,RECONDITIONED,2024.0,4,5BA-B33W,EK WAGON
CAR,TOYOTA,6AA-MXPJ10 YARIS,JAPAN,PETROL/ELE,1490.0,GAMPAHA,RECONDITIONED,2023.0,1,6AA-MXPJ10,YARIS
MOTOR CYCLE,HONDA,PCX-160,JAPAN,PETROL,157.0,KANDY,RECONDITIONED,2025.0,3,PCX-160,Unknown
CAR,KIA,SYROS GI-0T7DCTHTX,INDIA,PETROL,998.0,RATNAPURA,RECONDITIONED,2025.0,1,,SYROS GI-0T7DCTHTX
CAR,SUZUKI,5BD-DA17V EVERY,JAPAN,PETROL,658.0,COLOMBO,RECONDITIONED,2025.0,13,5BD-DA17V,EVERY
CAR,MITSUBISHI,5AA-B34W EK X,JAPAN,PETROL,659.0,KALUTARA,RECONDITIONED,2024.0,1,5AA-B34W,EK X
CAR,TOYOTA,5BA-M700A PASSO,JAPAN,PETROL,996.0,MATARA,RECONDITIONED,2023.0,1,5BA-M700A,PASSO
CAR,TOYOTA,3BA-A210A RAIZE,JAPAN,PETROL,996.0,COLOMBO,RECONDITIONED,2025.0,11,3BA-A210A,RAIZE
CAR,TOYOTA,4BA-M900A ROOMY,JAPAN,PETROL,996.0,AMPARA,RECONDITIONED,2024.0,1,4BA-M900A,ROOMY
CAR,SUZUKI,3BA-HA37S  ALTO,JAPAN,PETROL,656.0,KALUTARA,RECONDITIONED,2023.0,1,3BA-HA37S,ALTO
CAR,DAIHATSU,5BA-LA350S MIRA,JAPAN,PETROL,658.0,GALLE,RECONDITIONED,2022.0,1,5BA-LA350S,MIRA
CAR,TOYOTA,YARIS ATIV,THAILAND,PETROL,1197.0,KANDY,RECONDITIONED,2025.0,1,,YARIS ATIV
CAR,TOYOTA,5BA-KSP210 YARIS,JAPAN,PETROL,996.0,GALLE,RECONDITIONED,2025.0,2,5BA-KSP210,YARIS
CAR,SUZUKI,5BA-MH85S WAGON R,JAPAN,PETROL,658.0,RATNAPURA,RECONDITIONED,2024.0,7,5BA-MH85S,WAGON R
MOTOR CYCLE,HONDA,PCX160,JAPAN,PETROL,157.0,KURUNEGALA,RECONDITIONED,2024.0,1,,PCX160
CAR,TOYOTA,6AA-MXPJ10 YARIS,JAPAN,PETROL/ELE,1496.0,TRINCOMALEE,RECONDITIONED,2023.0,1,6AA-MXPJ10,YARIS
CAR,DAIHATSU,5BA-LA900S TAFT,JAPAN,PETROL,658.0,COLOMBO,RECONDITIONED,2022.0,1,5BA-LA900S,TAFT
CAR,TOYOTA,6AA-MXPJ10 YARIS,JAPAN,PETROL/ELE,1490.0,GALLE,RECONDITIONED,2024.0,1,6AA-MXPJ10,YARIS
CAR,HONDA,6AA-RV5  VEZEL,JAPAN,PETROL/ELE,1496.0,KALUTARA,RECONDITIONED,2025.0,4,6AA-RV5,VEZEL
CAR,NISSAN,5BD-DR17V NV 100,JAPAN,PETROL,658.0,COLOMBO,RECONDITIONED,2023.0,1,5BD-DR17V,NV 100
CAR,TOYOTA,5BA-KSP210 YARIS,JAPAN,PETROL,996.0,ANURADHAPURA,RECONDITIONED,2023.0,5,5BA-KSP210,YARIS
CAR,HONDA,6AA-RV5  VEZEL,JAPAN,PETROL/ELE,1496.0,BADULLA,RECONDITIONED,2025.0,2,6AA-RV5,VEZEL
CAR,NISSAN,5BD-DR17V  CLIPPER,JAPAN,PETROL,658.0,POLONNARUWA,RECONDITIONED,2022.0,1,5BD-DR17V,CLIPPER
CAR,NISSAN,5AA-B44A  ROOX,JAPAN,PETROL,659.0,GAMPAHA,RECONDITIONED,2023.0,1,5AA-B44A,ROOX
CAR,SUZUKI,5AA-MK94S SPACIA,JAPAN,PETROL,658.0,AMPARA,RECONDITIONED,2023.0,1,5AA-MK94S,SPACIA
CAR,TOYOTA,5BA-M900A ROOMY,JAPAN,PETROL,996.0,HAMBANTOTA,RECONDITIONED,2024.0,2,5BA-M900A,ROOMY
CAR,TOYOTA,5AA-A202A RAIZE,JAPAN,PETROL/ELE,1196.0,GAMPAHA,RECONDITIONED,2023.0,2,5AA-A202A,RAIZE
CAR,SUZUKI,5BA-MH85S WAGONR,JAPAN,PETROL,658.0,RATNAPURA,RECONDITIONED,2024.0,1,5BA-MH85S,WAGONR
MOTOR CYCLE,HONDA,ADV 160,THAILAND,PETROL,157.0,COLOMBO,RECONDITIONED,2025.0,3,,ADV 160
CAR,TOYOTA,5BA-M700A PASSO,JAPAN,PETROL,996.0,KURUNEGALA,RECONDITIONED,2023.0,1,5BA-M700A,PASSO
CAR,TOYOTA,4BA-M900A ROOMY,JAPAN,PETROL,996.0,MATARA,RECONDITIONED,2025.0,1,4BA-M900A,ROOMY
CAR,TOYOTA,3BA-TRJ250W LCRUISER,JAPAN,PETROL,2693.0,COLOMBO,RECONDITIONED,2024.0,3,3BA-TRJ250W,LCRUISER
CAR,SUZUKI,5AA-MR92S HUSTLER,JAPAN,PETROL,657.0,MATARA,RECONDITIONED,2023.0,1,5AA-MR92S,HUSTLER
CAR,TOYOTA,5AA-A202A RAIZE,JAPAN,PETROL/ELE,78.0,VAVUNIYA,RECONDITIONED,2025.0,1,5AA-A202A,RAIZE
CAR,SUZUKI,3BA-HA37S ALTO,JAPAN,PETROL,658.0,RATNAPURA,RECONDITIONED,2023.0,1,3BA-HA37S,ALTO
CAR,MERCEDES BENZ,5AA-206042C C200,GERMANY,PETROL,1497.0,COLOMBO,RECONDITIONED,2023.0,1,5AA-206042C,C200
CAR,TOYOTA,5BA-A201A RAIZE,JAPAN,PETROL,1196.0,KEGALLE,RECONDITIONED,2023.0,1,5BA-A201A,RAIZE
CAR,HONDA,6AA-GP7  SHUTTLE,JAPAN,PETROL/ELE,1496.0,GAMPAHA,RECONDITIONED,2022.0,1,6AA-GP7,SHUTTLE
CAR,SUZUKI,4AA-MK54S SPACIA,JAPAN,PETROL,658.0,MATARA,RECONDITIONED,2023.0,1,4AA-MK54S,SPACIA
CAR,HONDA,6BA-JF5 N BOX,JAPAN,PETROL,659.0,GAMPAHA,RECONDITIONED,2025.0,1,6BA-JF5,N BOX
CAR,SUZUKI,4AA-MK54S SPACIA,JAPAN,PETROL,658.0,JAFFNA,RECONDITIONED,2025.0,1,4AA-MK54S,SPACIA
CAR,JAECOO,J7,MALAYSIA,PETROL/ELE,1499.0,COLOMBO,RECONDITIONED,2025.0,1,,J7
CAR,SUZUKI,3BA-DA17W EVERY,JAPAN,PETROL,658.0,RATNAPURA,RECONDITIONED,2025.0,1,3BA-DA17W,EVERY
CAR,TOYOTA,3BA-TRJ250W,JAPAN,PETROL,2693.0,MATARA,RECONDITIONED,2025.0,1,3BA-TRJ250W,VX
CAR,HONDA,6AA-RV5 VEZEL,JAPAN,PETROL/ELE,1496.0,RATNAPURA,RECONDITIONED,2024.0,3,6AA-RV5,VEZEL
MOTOR LORRY (COMMERCIAL),ISUZU,TRG-NPR85AN ELF,JAPAN,DIESEL,2990.0,VAVUNIYA,RECONDITIONED,2017.0,1,TRG-NPR85AN,ELF
CAR,HONDA,HR - V,THAILAND,PETROL/ELE,1498.0,GAMPAHA,RECONDITIONED,2025.0,1,,HR - V
SINGLE CAB,DAIHATSU,3BD-S500P HIJET-T,JAPAN,PETROL,658.0,COLOMBO,RECONDITIONED,2025.0,1,3BD-S500P,HIJET-T
CAR,TOYOTA,3BA-VJA300W,JAPAN,PETROL,3444.0,BADULLA,RECONDITIONED,2024.0,1,3BA-VJA300W,LC300
CAR,NISSAN,5BD-DR17V,JAPAN,PETROL,658.0,GALLE,RECONDITIONED,2023.0,1,5BD-DR17V,NV 100
CAR,TOYOTA,5AA-A202A,JAPAN,PETROL/ELE,78.0,COLOMBO,RECONDITIONED,2025.0,1,5AA-A202A,RAISE
CAR,SUZUKI,5AA-MH95S WAGON R,JAPAN,PETROL,658.0,GAMPAHA,RECONDITIONED,2023.0,4,5AA-MH95S,WAGON R
MOTOR CYCLE,HONDA,PCX,JAPAN,PETROL,157.0,PUTTALAM,RECONDITIONED,2025.0,3,,PCX
CAR,VOLKSWAGEN,3BA-AWDLA POLO,GERMANY,PETROL,999.0,GALLE,RECONDITIONED,2024.0,1,3BA-AWDLA,POLO
CAR,SUZUKI,5BA-MH85S WAGON R,JAPAN,PETROL,650.0,KEGALLE,RECONDITIONED,2024.0,1,5BA-MH85S,WAGON R
CAR,NISSAN,5AA-B44A ROOX,JAPAN,PETROL,659.0,KANDY,RECONDITIONED,2024.0,2,5AA-B44A,ROOX
DUAL PURPOSE (COMMERCIAL),TOYOTA,3DF-GUN125 HILUX,JAPAN,DIESEL,2393.0,GAMPAHA,RECONDITIONED,2023.0,3,3DF-GUN125,HILUX
SINGLE CAB,SUZUKI,3BD-DA16T CARRY,JAPAN,PETROL,658.0,KURUNEGALA,RECONDITIONED,2023.0,1,3BD-DA16T,CARRY
CAR,SUZUKI,3BA-HA37S ALTO,JAPAN,PETROL,650.0,HAMBANTOTA,RECONDITIONED,2025.0,1,3BA-HA37S,ALTO
CAR,BENTLEY,FLYING SUPER AZURE,UNITED KINGDOM,PETROL/ELE,2894.0,COLOMBO,RECONDITIONED,2023.0,1,,FLYING SUPER AZURE
CAR,DAIHATSU,5BA-LA350S MIRA E.S,JAPAN,PETROL,658.0,HAMBANTOTA,RECONDITIONED,2024.0,1,5BA-LA350S,MIRA E.S
CAR,VOLKSWAGEN,3BA-C1DKR T-CROSS,GERMANY,PETROL,999.0,COLOMBO,RECONDITIONED,2022.0,1,3BA-C1DKR,T-CROSS
CAR,TOYOTA,3BA-TRJ250W,JAPAN,PETROL,2693.0,HAMBANTOTA,RECONDITIONED,2024.0,2,3BA-TRJ250W,VX
CAR,MITSUBISHI,5BD-DS17V MINICAB,JAPAN,PETROL,658.0,KEGALLE,RECONDITIONED,2024.0,1,5BD-DS17V,MINICAB
CAR,HONDA,6AA RV5 VEZEL,JAPAN,PETROL/ELE,1496.0,COLOMBO,RECONDITIONED,2023.0,1,,6AA RV5 VEZEL
CAR,TOYOTA,6AA-MXPJ10 YARIS,JAPAN,PETROL/ELE,1490.0,KALUTARA,RECONDITIONED,2023.0,2,6AA-MXPJ10,YARIS
CAR,TOYOTA,3BA-TRJ250W PRADO,JAPAN,PETROL,2693.0,COLOMBO,RECONDITIONED,2024.0,1,3BA-TRJ250W,PRADO
CAR,HONDA,6AA-RV5  VEZEL,JAPAN,PETROL/ELE,1496.0,ANURADHAPURA,RECONDITIONED,2025.0,1,6AA-RV5,VEZEL
CAR,TOYOTA,6AA-MXPK11 AQUA,JAPAN,PETROL/ELE,1490.0,KANDY,RECONDITIONED,2023.0,1,6AA-MXPK11,AQUA
CAR,NISSAN,5BD-DR17V CLIPPER,JAPAN,PETROL,658.0,KALUTARA,RECONDITIONED,2023.0,1,5BD-DR17V,CLIPPER
CAR,NISSAN,5AA-B44A ROOX,JAPAN,PETROL,658.0,BADULLA,RECONDITIONED,2025.0,1,5AA-B44A,ROOX
CAR,TOYOTA,3BA-A210A,JAPAN,PETROL,996.0,GAMPAHA,RECONDITIONED,2022.0,1,3BA-A210A,Unknown
CAR,NISSAN,4AA-B45W DAYZ,JAPAN,PETROL,658.0,KURUNEGALA,RECONDITIONED,2023.0,1,4AA-B45W,DAYZ
CAR,TOYOTA,6AA-MXPJ10 YARIS,JAPAN,PETROL/ELE,1496.0,GAMPAHA,RECONDITIONED,2025.0,6,6AA-MXPJ10,YARIS
CAR,NISSAN,4AA-B45A ROOX,JAPAN,PETROL,658.0,KANDY,RECONDITIONED,2023.0,1,4AA-B45A,ROOX
CAR,TOYOTA,5AA-A202A RAIZE,JAPAN,PETROL/ELE,78.0,COLOMBO,RECONDITIONED,2022.0,6,5AA-A202A,RAIZE
CAR,TOYOTA,3BA-TRJ150W PRADO,JAPAN,PETROL,2693.0,GAMPAHA,RECONDITIONED,2023.0,2,3BA-TRJ150W,PRADO
DUAL PURPOSE (COMMERCIAL),TOYOTA,3DF-GUN125 HILUX,JAPAN,DIESEL,2393.0,GAMPAHA,RECONDITIONED,2024.0,2,3DF-GUN125,HILUX
CAR,HONDA,6AA RV5 VEZEL,JAPAN,PETROL/ELE,1496.0,KANDY,RECONDITIONED,2022.0,1,,6AA RV5 VEZEL
CAR,SUZUKI,5BA-MH85S WAGON R,JAPAN,PETROL,657.0,PUTTALAM,RECONDITIONED,2023.0,1,5BA-MH85S,WAGON R
CAR,NISSAN,5BD-DR17V CLIPPER,JAPAN,PETROL,658.0,COLOMBO,RECONDITIONED,2023.0,3,5BD-DR17V,CLIPPER
SINGLE CAB,SUZUKI,3BD-DA16T CARRY,JAPAN,PETROL,650.0,COLOMBO,RECONDITIONED,2024.0,1,3BD-DA16T,CARRY
CAR,NISSAN,ALMERA,JAPAN,PETROL,999.0,GALLE,RECONDITIONED,2025.0,1,,ALMERA
CAR,MAZDA,5AA-MM53S FLAIR,JAPAN,PETROL,658.0,GAMPAHA,RECONDITIONED,2023.0,2,5AA-MM53S,FLAIR
CAR,TOYOTA,5AA-A202A  RAIZE,JAPAN,PETROL/ELE,78.0,RATNAPURA,RECONDITIONED,2025.0,1,5AA-A202A,RAIZE
CAR,TOYOTA,3BA-A210A RAIZE,JAPAN,PETROL,996.0,GALLE,RECONDITIONED,2025.0,1,3BA-A210A,RAIZE
CAR,SUZUKI,5BA-MH85S  WAGON R,JAPAN,PETROL,658.0,KANDY,RECONDITIONED,2024.0,1,5BA-MH85S,WAGON R
CAR,SUZUKI,5BA-MH85S  WAGON R,JAPAN,PETROL,658.0,MONERAGALA,RECONDITIONED,2024.0,1,5BA-MH85S,WAGON R
DUAL PURPOSE (COMMERCIAL),FORD,RANGER RAPTOR 2.0L,THAILAND,DIESEL,1996.0,KALUTARA,RECONDITIONED,2025.0,1,,RANGER RAPTOR 2.0L
DUAL PURPOSE (COMMERCIAL),TOYOTA,3DF-GUN125 HILUX,THAILAND,DIESEL,2393.0,MATALE,RECONDITIONED,2024.0,1,3DF-GUN125,HILUX
SINGLE CAB,SUZUKI,3BD-DA16T CARRY,JAPAN,PETROL,658.0,COLOMBO,RECONDITIONED,2023.0,4,3BD-DA16T,CARRY
CAR,SUZUKI,4AA-MK54S SPACIA,JAPAN,PETROL,658.0,MATALE,RECONDITIONED,2023.0,1,4AA-MK54S,SPACIA
CAR,TOYOTA,5BA-KSP210 YARIS,JAPAN,PETROL,996.0,GALLE,RECONDITIONED,2022.0,3,5BA-KSP210,YARIS
CAR,SUZUKI,4AA-MK53S SPACIA,JAPAN,PETROL,658.0,KURUNEGALA,RECONDITIONED,2023.0,1,4AA-MK53S,SPACIA
DUAL PURPOSE (COMMERCIAL),FORD,RANGER RAPTOR,THAILAND,DIESEL,1995.0,JAFFNA,RECONDITIONED,2025.0,1,,RANGER RAPTOR
SINGLE CAB,SUZUKI,3BD-DA16T CARRY,JAPAN,PETROL,656.0,HAMBANTOTA,RECONDITIONED,2024.0,1,3BD-DA16T,CARRY
CAR,SUZUKI,5BA-MH85S WAGON R,JAPAN,PETROL,657.0,KANDY,RECONDITIONED,2024.0,2,5BA-MH85S,WAGON R
CAR,HONDA,6AA-RV5  VEZEL,JAPAN,PETROL/ELE,1496.0,COLOMBO,RECONDITIONED,2024.0,1,6AA-RV5,VEZEL
CAR,PORSCHE,911 CARRERA-5,UNITED KINGDOM,PETROL,2981.0,COLOMBO,RECONDITIONED,2025.0,1,,911 CARRERA-5
CAR,DAIHATSU,5BA-LA350S MIRA,JAPAN,PETROL,658.0,KURUNEGALA,RECONDITIONED,2024.0,4,5BA-LA350S,MIRA
CAR,HONDA,6AA-RV5-VEZEL,JAPAN,PETROL/ELE,1496.0,GAMPAHA,RECONDITIONED,2025.0,1,6AA-RV5-VEZEL,Unknown
MOTOR CYCLE,ROYAL ENFIELD,CLASSIC,JAPAN,PETROL,350.0,MATALE,RECONDITIONED,2023.0,1,,CLASSIC
CAR,SUZUKI,4AA-MR52S HUSTLER,JAPAN,PETROL,658.0,COLOMBO,RECONDITIONED,2024.0,3,4AA-MR52S,HUSTLER
CAR,DAIHATSU,5BA-LA350S MIRA E.S,JAPAN,PETROL,658.0,GALLE,RECONDITIONED,2023.0,2,5BA-LA350S,MIRA E.S
CAR,SUZUKI,5AA-HA97S ALTO,JAPAN,PETROL,650.0,GALLE,RECONDITIONED,2024.0,1,5AA-HA97S,ALTO
CAR,SUZUKI,5AA-MH95S WAGON R,JAPAN,PETROL,658.0,PUTTALAM,RECONDITIONED,2024.0,1,5AA-MH95S,WAGON R
CAR,TOYOTA,5BA-M700A,JAPAN,PETROL,996.0,KURUNEGALA,RECONDITIONED,2022.0,1,5BA-M700A,PASSO
CAR,TOYOTA,5BA-KSP210,JAPAN,PETROL,996.0,KALUTARA,RECONDITIONED,2023.0,1,5BA-KSP210,YARIS X
CAR,SUZUKI,5AA-MR92S HUSTLER,JAPAN,PETROL,658.0,KALUTARA,RECONDITIONED,2024.0,1,5AA-MR92S,HUSTLER
DUAL PURPOSE (COMMERCIAL),FORD,RANGER RAPTOR,THAILAND,PETROL,2956.0,GAMPAHA,RECONDITIONED,2025.0,2,,RANGER RAPTOR
CAR,TOYOTA,5BA-M900A ROOMY,JAPAN,PETROL,996.0,PUTTALAM,RECONDITIONED,2025.0,3,5BA-M900A,ROOMY
CAR,NISSAN,5BA-B43W DAYZ,JAPAN,PETROL,658.0,RATNAPURA,RECONDITIONED,2023.0,1,5BA-B43W,DAYZ
DUAL PURPOSE (COMMERCIAL),TOYOTA,HILUX REVO GR SPORT,THAILAND,DIESEL,2755.0,GAMPAHA,RECONDITIONED,2025.0,4,,HILUX REVO GR SPORT
CAR,TOYOTA,3BA-A210A RAIZE,JAPAN,PETROL,996.0,BATTICALOA,RECONDITIONED,2025.0,1,3BA-A210A,RAIZE
CAR,TOYOTA,6AA-ZWR90W VOXY,JAPAN,PETROL/ELE,1797.0,MATALE,RECONDITIONED,2025.0,1,6AA-ZWR90W,VOXY
CAR,SUZUKI,4AA-MH55S WAGON R,JAPAN,PETROL,658.0,VAVUNIYA,RECONDITIONED,2024.0,1,4AA-MH55S,WAGON R
CAR,SUZUKI,5AA-MK94S SPACIA,JAPAN,PETROL,656.0,COLOMBO,RECONDITIONED,2023.0,1,5AA-MK94S,SPACIA
CAR,TOYOTA,5BA-KSP210 YARIS,JAPAN,PETROL,998.0,KURUNEGALA,RECONDITIONED,2023.0,1,5BA-KSP210,YARIS
CAR,TOYOTA,5BA-KSP210 YARIS,JAPAN,PETROL,996.0,VAVUNIYA,RECONDITIONED,2023.0,1,5BA-KSP210,YARIS
CAR,TOYO,5BA-KSP210 YARIS,JAPAN,PETROL,996.0,KURUNEGALA,RECONDITIONED,2023.0,1,5BA-KSP210,YARIS
CAR,TOYOTA,6AA-ZVG13  COROLLA,JAPAN,PETROL/ELE,1797.0,MATARA,RECONDITIONED,2025.0,1,6AA-ZVG13,COROLLA
CAR,TOYOTA,5BA-KSP210 YARIS,JAPAN,PETROL,998.0,KALUTARA,RECONDITIONED,2023.0,1,5BA-KSP210,YARIS
CAR,PORSCHE,718 CAYMAN,GERMANY,PETROL,1988.0,KURUNEGALA,RECONDITIONED,2024.0,1,,718 CAYMAN
CAR,LAND ROVER,RANGE ROVER P460E.L,UNITED KINGDOM,PETROL/ELE,2996.0,GAMPAHA,RECONDITIONED,2025.0,1,,RANGE ROVER P460E.L
CAR,TOYOTA,3DA-GDJ250W,JAPAN,DIESEL,2754.0,GAMPAHA,RECONDITIONED,2024.0,2,3DA-GDJ250W,LCRUISER
CAR,TOYOTA,5BA-KSP210 YARIS,JAPAN,PETROL,996.0,HAMBANTOTA,RECONDITIONED,2023.0,1,5BA-KSP210,YARIS
CAR,DAIHATSU,5BA-LA350S MIRA ES,JAPAN,PETROL,658.0,MONERAGALA,RECONDITIONED,2024.0,1,5BA-LA350S,MIRA ES
CAR,NISSAN,4AA-B45W DAYZ,JAPAN,PETROL,658.0,BADULLA,RECONDITIONED,2024.0,1,4AA-B45W,DAYZ
CAR,MERCEDES BENZ,5AA-206041C C180,GERMANY,PETROL,1496.0,GAMPAHA,RECONDITIONED,2023.0,1,5AA-206041C,C180
CAR,TOYOTA,6AA-AAHH40W ALPHARD,JAPAN,PETROL/ELE,2487.0,COLOMBO,RECONDITIONED,2024.0,2,6AA-AAHH40W,ALPHARD
CAR,TOYOTA,5BA-M900A  ROOMY,JAPAN,PETROL,996.0,GAMPAHA,RECONDITIONED,2023.0,1,5BA-M900A,ROOMY
CAR,DAIHATSU,5BA-LA150S MOVE,JAPAN,PETROL,658.0,COLOMBO,RECONDITIONED,2023.0,1,5BA-LA150S,MOVE
CAR,DAIHATSU,5BA-LA900S TAFT,JAPAN,PETROL,658.0,GALLE,RECONDITIONED,2025.0,1,5BA-LA900S,TAFT
CAR,SUZUKI,4AA-MN71S XBEE,JAPAN,PETROL,990.0,COLOMBO,RECONDITIONED,2023.0,1,4AA-MN71S,XBEE
CAR,SUZUKI,FRONX S,INDIA,PETROL,998.0,KALUTARA,RECONDITIONED,2025.0,1,,FRONX S
CAR,DAIHATSU,5BA-LA350S MIRA E.S,JAPAN,PETROL,685.0,COLOMBO,RECONDITIONED,2023.0,1,5BA-LA350S,MIRA E.S
CAR,TOYOTA,3DA-FJA-300W,JAPAN,DIESEL,3345.0,BATTICALOA,RECONDITIONED,2025.0,1,3DA-FJA-300W,Unknown
CAR,DAIHATSU,5BA-LA350S MIRA E.S,JAPAN,PETROL,658.0,ANURADHAPURA,RECONDITIONED,2025.0,1,5BA-LA350S,MIRA E.S
SINGLE CAB,DAIHATSU,3BD-S500P HIJET,JAPAN,PETROL,658.0,GALLE,RECONDITIONED,2023.0,1,3BD-S500P,HIJET
CAR,HONDA,6AA-RV6,JAPAN,PETROL/ELE,1496.0,GALLE,RECONDITIONED,2023.0,1,6AA-RV6,Unknown
CAR,NISSAN,3BA-DR17W CLIPPER,JAPAN,PETROL,658.0,KANDY,RECONDITIONED,2022.0,1,3BA-DR17W,CLIPPER
CAR,HONDA,6AA-RV5 VEZEL,JAPAN,PETROL/ELE,1490.0,KURUNEGALA,RECONDITIONED,2025.0,2,6AA-RV5,VEZEL
SINGLE CAB,TOYOTA,HILUX REVO,THAILAND,DIESEL,2755.0,COLOMBO,RECONDITIONED,2025.0,1,,HILUX REVO
CAR,DAIHATSU,5BA-LA900S TAFT,JAPAN,PETROL,658.0,GALLE,RECONDITIONED,2023.0,2,5BA-LA900S,TAFT
CAR,DAIHATSU,5BA-LA900S TAFT,JAPAN,PETROL,656.0,ANURADHAPURA,RECONDITIONED,2024.0,1,5BA-LA900S,TAFT
DUAL PURPOSE (COMMERCIAL),TOYOTA,HILUX ROCCO 2.8,THAILAND,DIESEL,2755.0,GAMPAHA,RECONDITIONED,2025.0,1,,HILUX ROCCO 2.8
LAND VEHICLE,KUBOTA,L4508,JAPAN,DIESEL,2197.0,AMPARA,RECONDITIONED,2022.0,1,,L4508
CAR,LAND ROVER,DEFENDER X DYNAMIC,UNITED KINGDOM,PETROL/ELE,1997.0,KALUTARA,RECONDITIONED,2025.0,1,,DEFENDER X DYNAMIC
CAR,TOYOTA,3BA-TRJ250W LCRUISER,JAPAN,PETROL,2693.0,MATALE,RECONDITIONED,2024.0,1,3BA-TRJ250W,LCRUISER
SPECIAL PURPOSE VEHICLE,KOMATSU,WA100-5 WHEEL LOADER,JAPAN,DIESEL,3290.0,ANURADHAPURA,RECONDITIONED,2008.0,1,WA100-5,WHEEL LOADER
CAR,HONDA,6BA-JF3 N BOX,JAPAN,PETROL,658.0,KALUTARA,RECONDITIONED,2023.0,1,6BA-JF3,N BOX
CAR,TOYOTA,5BA-KSP210 YARIS,JAPAN,PETROL,996.0,MATARA,RECONDITIONED,2025.0,1,5BA-KSP210,YARIS
MOTOR CYCLE,HONDA,ADV 160,JAPAN,PETROL,157.0,KEGALLE,RECONDITIONED,2025.0,1,,ADV 160
MOTOR LORRY (COMMERCIAL),ISUZU,TPG-NPR85AN ELF,JAPAN,DIESEL,2990.0,MATALE,RECONDITIONED,2017.0,1,TPG-NPR85AN,ELF
CAR,TOYOTA,5AA-A202A,JAPAN,ELECTRIC,78.0,BATTICALOA,RECONDITIONED,2025.0,1,5AA-A202A,RAISE
DUAL PURPOSE (COMMERCIAL),FORD,RANGER RAPTOR,THAILAND,DIESEL,1996.0,HAMBANTOTA,RECONDITIONED,2025.0,1,,RANGER RAPTOR
CAR,MAZDA,4AA-MJ55S FLAIR,JAPAN,PETROL,658.0,KALUTARA,RECONDITIONED,2023.0,1,4AA-MJ55S,FLAIR
CAR,SUZUKI,3BA-DA17W EVERY,JAPAN,PETROL,658.0,KALUTARA,RECONDITIONED,2024.0,2,3BA-DA17W,EVERY
CAR,SUZUKI,5AA-MK53S SPACIA,JAPAN,PETROL,658.0,KEGALLE,RECONDITIONED,2022.0,1,5AA-MK53S,SPACIA
CAR,NISSAN,3BA-DR17W CLIPPER,JAPAN,PETROL,658.0,COLOMBO,RECONDITIONED,2024.0,1,3BA-DR17W,CLIPPER
CAR,TOYOTA,5AA-A202A RAIZE,JAPAN,PETROL/ELE,78.0,TRINCOMALEE,RECONDITIONED,2025.0,2,5AA-A202A,RAIZE
MOTOR LORRY (COMMERCIAL),ISUZU,2RG-NPR88AN ELF,JAPAN,DIESEL,2990.0,GAMPAHA,RECONDITIONED,2021.0,1,2RG-NPR88AN,ELF
CAR,TOYOTA,3BA-TRJ250W,JAPAN,PETROL,2693.0,PUTTALAM,RECONDITIONED,2025.0,2,3BA-TRJ250W,VX
CAR,TOYOTA,5AA-A202A RAIZE,JAPAN,PETROL/ELE,1196.0,GALLE,RECONDITIONED,2023.0,1,5AA-A202A,RAIZE
SPECIAL PURPOSE VEHICLE,T.C.M,FD4527,JAPAN,DIESEL,1200.0,MATARA,RECONDITIONED,2016.0,1,,FD4527
CAR,HONDA,6AA RV5 VEZEL,JAPAN,PETROL/ELE,1496.0,KEGALLE,RECONDITIONED,2025.0,2,,6AA RV5 VEZEL
DUAL PURPOSE (COMMERCIAL),FORD,RANGER RAPTOR,THAILAND,DIESEL,1996.0,RATNAPURA,RECONDITIONED,2025.0,1,,RANGER RAPTOR
CAR,SUZUKI,5AA-MH95S WAGON R,JAPAN,PETROL,657.0,MONERAGALA,RECONDITIONED,2025.0,1,5AA-MH95S,WAGON R
CAR,HONDA,CITY TURBO RS,THAILAND,PETROL,988.0,KURUNEGALA,RECONDITIONED,2025.0,1,,CITY TURBO RS
CAR,SUZUKI,5AA-MH95S WAGON R,JAPAN,PETROL,658.0,KURUNEGALA,RECONDITIONED,2023.0,2,5AA-MH95S,WAGON R
CAR,MERCEDES BENZ,4LA-214063C E53,GERMANY,PETROL/ELE,2996.0,COLOMBO,RECONDITIONED,2024.0,1,4LA-214063C,E53
CAR,TOYOTA,3BA-TRJ150W LCRUISER,JAPAN,PETROL,2693.0,KANDY,RECONDITIONED,2023.0,1,3BA-TRJ150W,LCRUISER
CAR,TOYOTA,5BA-M910A ROOMY,JAPAN,PETROL,996.0,KALUTARA,RECONDITIONED,2022.0,1,5BA-M910A,ROOMY
CAR,MAZDA,5AA-MM53S,JAPAN,PETROL,658.0,COLOMBO,RECONDITIONED,2023.0,1,5AA-MM53S,FLAIRWAGON
CAR,TOYOTA,5BA-M900A ROOMY,JAPAN,PETROL,996.0,MATARA,RECONDITIONED,2025.0,1,5BA-M900A,ROOMY
CAR,TOYOTA,TAISOR,INDIA,PETROL,998.0,COLOMBO,RECONDITIONED,2025.0,2,,TAISOR
CAR,NISSAN,5AA-B44A ROOX,JAPAN,PETROL,658.0,KURUNEGALA,RECONDITIONED,2023.0,2,5AA-B44A,ROOX
CAR,HONDA,CITY  RS,THAILAND,PETROL,988.0,KURUNEGALA,RECONDITIONED,2025.0,1,,CITY  RS
CAR,HONDA,6BA-JF3 N BOX,JAPAN,PETROL,658.0,TRINCOMALEE,RECONDITIONED,2023.0,1,6BA-JF3,N BOX
SINGLE CAB,SUZUKI,3BD-DA16T CARRY,JAPAN,PETROL,658.0,GAMPAHA,RECONDITIONED,2023.0,1,3BD-DA16T,CARRY
CAR,TOYOTA,6AA-ZWR90W  VOXY,JAPAN,PETROL/ELE,1797.0,GAMPAHA,RECONDITIONED,2025.0,1,6AA-ZWR90W,VOXY
CAR,VOLKSWAGEN,T-ROC R-LINE TSIS-A,UNITED KINGDOM,PETROL,1498.0,COLOMBO,RECONDITIONED,2025.0,1,,T-ROC R-LINE TSIS-A
CAR,SUZUKI,5AA-MK94S SPACIA,JAPAN,PETROL,658.0,KALUTARA,RECONDITIONED,2023.0,1,5AA-MK94S,SPACIA
CAR,SUZUKI,5AA-MH95S WAGON R,JAPAN,PETROL,658.0,GALLE,RECONDITIONED,2022.0,1,5AA-MH95S,WAGON R
CAR,SUZUKI,5BA-MH85S WAGON R,JAPAN,PETROL,658.0,PUTTALAM,RECONDITIONED,2025.0,1,5BA-MH85S,WAGON R
CAR,DAIHATSU,5BA-LA350S TANTO,JAPAN,PETROL,658.0,KURUNEGALA,RECONDITIONED,2023.0,1,5BA-LA350S,TANTO
CAR,B.M.W.,3BA-7K15,GERMANY,PETROL,1499.0,COLOMBO,RECONDITIONED,2023.0,1,3BA-7K15,218I
MOTOR CYCLE,HONDA,ADV160,JAPAN,PETROL,157.0,GAMPAHA,RECONDITIONED,2025.0,1,,ADV160
CAR,HONDA,6BA-JH3 N WGN,JAPAN,PETROL,658.0,GAMPAHA,RECONDITIONED,2023.0,1,6BA-JH3,N WGN
CAR,NISSAN,5BA-B43W  DAYZ,JAPAN,PETROL,659.0,NUWARA-ELIYA,RECONDITIONED,2024.0,1,5BA-B43W,DAYZ
CAR,DAIHATSU,5AA-A202S  ROCKY,JAPAN,ELECTRIC,78.0,HAMBANTOTA,RECONDITIONED,2025.0,1,5AA-A202S,ROCKY
CAR,NISSAN,5AA-B44W DAYS,JAPAN,PETROL,658.0,GAMPAHA,RECONDITIONED,2024.0,1,5AA-B44W,DAYS
SPECIAL PURPOSE VEHICLE,MITSUBISHI,WS310 WHEEL LOADER,JAPAN,DIESEL,1500.0,BATTICALOA,RECONDITIONED,2016.0,1,,WS310 WHEEL LOADER
CAR,DAIHATSU,5BA-LA900S TAFT,JAPAN,PETROL,658.0,MATALE,RECONDITIONED,2023.0,1,5BA-LA900S,TAFT
CAR,TOYOTA,U CRUISER HYRYDER,INDIA,PETROL/ELE,1490.0,COLOMBO,RECONDITIONED,2025.0,1,,U CRUISER HYRYDER
CAR,NISSAN,3BD-DR17V CLIPPER,JAPAN,PETROL,656.0,KURUNEGALA,RECONDITIONED,2024.0,1,3BD-DR17V,CLIPPER
CAR,NISSAN,5AA-B44W DAYZ,JAPAN,PETROL,658.0,KALUTARA,RECONDITIONED,2024.0,2,5AA-B44W,DAYZ
CAR,TOYOTA,5AA A202A RAIZE,JAPAN,ELECTRIC,78.0,GAMPAHA,RECONDITIONED,2025.0,1,,5AA A202A RAIZE
CAR,TOYOTA,5AA-A202A RAIZE,JAPAN,PETROL/ELE,1196.0,KANDY,RECONDITIONED,2024.0,1,5AA-A202A,RAIZE
CAR,SUZUKI,5BA-MH85S WAGON TR,JAPAN,PETROL,658.0,PUTTALAM,RECONDITIONED,2023.0,1,5BA-MH85S,WAGON TR
CAR,SUZUKI,4AA-MK54S SPACIA,JAPAN,PETROL,658.0,MATALE,RECONDITIONED,2025.0,1,4AA-MK54S,SPACIA
CAR,SUZUKI,5AA-MH95S WGON R,JAPAN,PETROL,657.0,GAMPAHA,RECONDITIONED,2025.0,1,5AA-MH95S,WGON R
CAR,DAIHATSU,TAFT 5BA-LA900S,JAPAN,PETROL,658.0,KURUNEGALA,RECONDITIONED,2023.0,1,,TAFT 5BA-LA900S
CAR,TOYOTA,5AA-A202A,JAPAN,ELECTRIC,78.0,ANURADHAPURA,RECONDITIONED,2025.0,1,5AA-A202A,RAISE
MOTOR LORRY (COMMERCIAL),ISUZU,TRG-NPR85AN ELF,JAPAN,DIESEL,2990.0,KEGALLE,RECONDITIONED,2017.0,1,TRG-NPR85AN,ELF
MOTOR LORRY (COMMERCIAL),ISUZU,TRG-NMR85AN ELF,JAPAN,DIESEL,2990.0,KURUNEGALA,RECONDITIONED,2016.0,1,TRG-NMR85AN,ELF
CAR,SUZUKI,3BA-HA37S,JAPAN,PETROL,658.0,BADULLA,RECONDITIONED,2025.0,1,3BA-HA37S,ALTO
CAR,SUZUKI,5BD-DA17V,JAPAN,PETROL,658.0,RATNAPURA,RECONDITIONED,2023.0,1,5BD-DA17V,EVEVRY
CAR,TOYOTA,6AA-MXPJ10 CROSS,JAPAN,PETROL/ELE,1490.0,KURUNEGALA,RECONDITIONED,2022.0,1,6AA-MXPJ10,CROSS
CAR,MERCEDES BENZ,GLB 200,GERMANY,PETROL,1332.0,KURUNEGALA,RECONDITIONED,2024.0,1,,GLB 200
CAR,NISSAN,ALMERA GRADE EL,THAILAND,PETROL,999.0,COLOMBO,RECONDITIONED,2025.0,1,,ALMERA GRADE EL
CAR,SUZUKI,5BA-MH85S WAGON R,JAPAN,PETROL,658.0,AMPARA,RECONDITIONED,2023.0,1,5BA-MH85S,WAGON R
CAR,TOYOTA,6AA-MXPK11  AQUA,JAPAN,PETROL/ELE,1496.0,GALLE,RECONDITIONED,2023.0,1,6AA-MXPK11,AQUA
CAR,TOYOTA,6AA-MXP J10 YARIS,JAPAN,PETROL/ELE,1490.0,COLOMBO,RECONDITIONED,2025.0,1,6AA-MXP,J10 YARIS
CAR,MERCEDES BENZ,5AA-206041C C180,GERMANY,PETROL,1496.0,KURUNEGALA,RECONDITIONED,2023.0,1,5AA-206041C,C180
CAR,NISSAN,5BD DR17V CLIPPER,JAPAN,PETROL,658.0,KANDY,RECONDITIONED,2023.0,1,,5BD DR17V CLIPPER
CAR,TOYOTA,URBAN CRUISER HYRYDE,INDIA,PETROL/ELE,1490.0,COLOMBO,RECONDITIONED,2025.0,1,,URBAN CRUISER HYRYDE
CAR,KIA,SYROS GI OT 7DT HTX,INDIA,PETROL,998.0,KANDY,RECONDITIONED,2025.0,1,,SYROS GI OT 7DT HTX
CAR,TOYOTA,3BA-NGX10  C-HR,JAPAN,PETROL,1196.0,GAMPAHA,RECONDITIONED,2023.0,1,3BA-NGX10,C-HR
DUAL PURPOSE (COMMERCIAL),TOYOTA,3DF-GUN125 HILUX,THAILAND,DIESEL,2393.0,KEGALLE,RECONDITIONED,2023.0,1,3DF-GUN125,HILUX
CAR,TOYOTA,5BA-M700A  PASSO,JAPAN,PETROL,996.0,ANURADHAPURA,RECONDITIONED,2023.0,1,5BA-M700A,PASSO
MOTOR LORRY (COMMERCIAL),ISUZU,2PG-FTR90V2 FORWARD,JAPAN,DIESEL,5190.0,MATARA,RECONDITIONED,2020.0,1,2PG-FTR90V2,FORWARD
MOTOR CYCLE,HONDA,REBEL 250,JAPAN,PETROL,249.0,HAMBANTOTA,RECONDITIONED,2023.0,1,,REBEL 250
CAR,TOYOTA,4BA-M900A ROOMY,JAPAN,PETROL,996.0,AMPARA,RECONDITIONED,2023.0,1,4BA-M900A,ROOMY
CAR,SUZUKI,3BA-JB64W JIMNY,JAPAN,PETROL,658.0,RATNAPURA,RECONDITIONED,2024.0,1,3BA-JB64W,JIMNY
CAR,TOYOTA,6AA-MXPJ10 YARIS,JAPAN,PETROL/ELE,1496.0,TRINCOMALEE,RECONDITIONED,2025.0,1,6AA-MXPJ10,YARIS
SPECIAL PURPOSE VEHICLE,MITSUBISHI,WS 200A WHEEL LOADER,JAPAN,DIESEL,1498.0,RATNAPURA,RECONDITIONED,2016.0,1,,WS 200A WHEEL LOADER
CAR,HONDA,6AA-RV5 VEZEL,JAPAN,PETROL/ELE,1490.0,KEGALLE,RECONDITIONED,2025.0,1,6AA-RV5,VEZEL
CAR,SUZUE,3BA-HA37S ALTO,JAPAN,PETROL,658.0,COLOMBO,RECONDITIONED,2023.0,1,3BA-HA37S,ALTO
CAR,TOYOTA,3BA-VJA300W,JAPAN,PETROL,3444.0,MATALE,RECONDITIONED,2024.0,1,3BA-VJA300W,LC300
CAR,TOYOTA,5BA-A201A RAIZE,JAPAN,PETROL,1196.0,AMPARA,RECONDITIONED,2025.0,1,5BA-A201A,RAIZE
CAR,TOYOTA,3BA-A210A  RAIZE,JAPAN,PETROL,996.0,KEGALLE,RECONDITIONED,2024.0,1,3BA-A210A,RAIZE
CAR,SUZUKI,5BD-DA17V EVEVRY,JAPAN,PETROL,658.0,GALLE,RECONDITIONED,2024.0,1,5BD-DA17V,EVEVRY
CAR,TOYOTA,5AA-A202A RAIZE,JAPAN,PETROL/ELE,78.0,GALLE,RECONDITIONED,2022.0,1,5AA-A202A,RAIZE
MOTOR CYCLE,RISE,LEADER 125,SRI LANKA,PETROL,125.0,KALUTARA,BRAND NEW-L/MANUFACT,2025.0,3,,LEADER 125
MOTOR CYCLE,RISE,LEADER R 100,SRI LANKA,ELECTRIC,2.0,COLOMBO,BRAND NEW-L/MANUFACT,2025.0,1,,LEADER R 100
MOTOR CYCLE,RISE,LEADER R80 V2.0,SRI LANKA,ELECTRIC,1.5,MATALE,BRAND NEW-L/MANUFACT,2025.0,1,,LEADER R80 V2.0
MOTOR CYCLE,RISE,LEADER R80 V2.0,SRI LANKA,ELECTRIC,1.5,JAFFNA,BRAND NEW-L/MANUFACT,2025.0,3,,LEADER R80 V2.0
MOTOR CYCLE,BAJAJ,CT 100 ES,SRI LANKA,PETROL,102.0,PUTTALAM,BRAND NEW-L/MANUFACT,2025.0,1,,CT 100 ES
MOTOR CYCLE,RISE,LEADER PLUS,SRI LANKA,ELECTRIC,2.0,KURUNEGALA,BRAND NEW-L/MANUFACT,2025.0,1,,LEADER PLUS
THREE WHEELER,ELEKTRATEQ,ETX,SRI LANKA,ELECTRIC,5.0,NUWARA-ELIYA,BRAND NEW-L/MANUFACT,2025.0,1,,ETX
MOTOR CYCLE,RISE,LEADER V 2.0,SRI LANKA,ELECTRIC,1.2,JAFFNA,BRAND NEW-L/MANUFACT,2025.0,1,,LEADER V 2.0
TRACTOR TRAILER/BOWSER,LOCALLY BUILT,TRACTOR TRAILER,SRI LANKA,NOT STATED,0.0,PUTTALAM,LOCALLY BUILT,2025.0,6,,TRACTOR TRAILER
TRACTOR TRAILER/BOWSER,LOCALLY BUILT,TRACTOR TRAILER,SRI LANKA,NOT STATED,0.0,VAVUNIYA,LOCALLY BUILT,2025.0,4,,TRACTOR TRAILER
TRACTOR TRAILER/BOWSER,LOCALLY BUILT,TRACTOR TRAILER,SRI LANKA,NOT STATED,0.0,KURUNEGALA,LOCALLY BUILT,2025.0,6,,TRACTOR TRAILER
TRACTOR TRAILER/BOWSER,LOCALLY BUILT,TRACTOR  TRAILER,SRI LANKA,NOT STATED,0.0,AMPARA,LOCALLY BUILT,2025.0,6,,TRACTOR  TRAILER
LORRY TRAILER/BOWSER,TANTRI,TSK-40,SRI LANKA,NOT STATED,0.0,HAMBANTOTA,LOCALLY BUILT,2025.0,1,TSK-40,Unknown
MOTOR LORRY (COMMERCIAL),J M C,JX1044TC2R,SRI LANKA,DIESEL,2771.0,GAMPAHA,LOCALLY BUILT,2025.0,1,,JX1044TC2R
TRACTOR TRAILER/BOWSER,LOCALLY BUILT,LOW BED TRAILER,SRI LANKA,NOT STATED,0.0,HAMBANTOTA,LOCALLY BUILT,2025.0,3,,LOW BED TRAILER
TRACTOR TRAILER/BOWSER,LOCALLY BUILT,TRAILER BOWSER,SRI LANKA,NOT STATED,0.0,COLOMBO,LOCALLY BUILT,2025.0,1,,TRAILER BOWSER
CAR,DAIHATSU,EBD-S321V HIJET,JAPAN,PETROL,650.0,NUWARA-ELIYA,BOUGHT FROM AUCTION,2011.0,1,EBD-S321V,HIJET
LORRY TRAILER/BOWSER,DUTCH LANKA TRAILER,DLFT 40/50T,SRI LANKA,NOT STATED,0.0,KEGALLE,LOCALLY BUILT,2025.0,1,,DLFT 40/50T
MOTOR CYCLE,HERO,HUNK 160,INDIA,PETROL,163.14,KANDY,BOUGHT FROM AUCTION,2025.0,1,,HUNK 160
COMMERCIAL,TOYOTA,XZB70R ZGMNY COASTER,JAPAN,DIESEL,4009.0,COLOMBO,BRAND NEW,2025.0,5,,XZB70R ZGMNY COASTER
COMMERCIAL,TOYOTA,GDH322R EDTDY  HIACE,JAPAN,DIESEL,2755.0,COLOMBO,BRAND NEW,2025.0,5,,GDH322R EDTDY  HIACE
COMMERCIAL,TOYOTA,KDH223R-LEMDYT HIACE,JAPAN,DIESEL,2982.0,GALLE,BRAND NEW,2025.0,7,,KDH223R-LEMDYT HIACE
MOTOR CYCLE,TVS,TVS NTORQ 125 CC,INDIA,PETROL,124.8,MONERAGALA,BRAND NEW,2025.0,66,,TVS NTORQ 125 CC
MOTOR CYCLE,TVS,TVS NTORQ 125 CC,INDIA,PETROL,124.8,VAVUNIYA,BRAND NEW,2025.0,47,,TVS NTORQ 125 CC
CAR,KIA,SONET,INDIA,PETROL,998.0,COLOMBO,BRAND NEW,2025.0,30,,SONET
MOTOR CYCLE,TVS,TVS NTORQ 125 CC,INDIA,PETROL,124.8,BATTICALOA,BRAND NEW,2025.0,95,,TVS NTORQ 125 CC
MOTOR CYCLE,TVS,IQUBE,INDIA,ELECTRIC,3.34,PUTTALAM,BRAND NEW,2025.0,13,,IQUBE
MOTOR CYCLE,TVS,TVS RAIDER 125,INDIA,PETROL,124.66,MATALE,BRAND NEW,2025.0,11,,TVS RAIDER 125
DUAL PURPOSE (COMMERCIAL),ISUZU,TFS4SJDRPADE-JRA006,THAILAND,DIESEL,2999.0,COLOMBO,BRAND NEW,2025.0,1,,TFS4SJDRPADE-JRA006
MOTOR CYCLE,TVS,TVS RAIDER 125,INDIA,PETROL,124.66,KURUNEGALA,BRAND NEW,2025.0,115,,TVS RAIDER 125
MOTOR CYCLE,TVS,TVS NTORQ 125 CC,INDIA,PETROL,124.8,KEGALLE,BRAND NEW,2025.0,108,,TVS NTORQ 125 CC
MOTOR CYCLE,TVS,TVS RAIDER 125,INDIA,PETROL,124.66,PUTTALAM,BRAND NEW,2025.0,51,,TVS RAIDER 125
MOTOR CYCLE,YAMAHA,MT 15 VER 2.0,INDIA,PETROL,155.0,KALUTARA,BRAND NEW,2025.0,16,,MT 15 VER 2.0
MOTOR CYCLE,YAMAHA,RAY ZR 125,INDIA,PETROL,125.0,JAFFNA,BRAND NEW,2025.0,11,,RAY ZR 125
MOTOR CYCLE,YAMAHA,RAY ZR 125,INDIA,PETROL,125.0,BATTICALOA,BRAND NEW,2025.0,18,,RAY ZR 125
MOTOR CYCLE,YAMAHA,MT 15 VER 2.0,INDIA,PETROL,155.0,GAMPAHA,BRAND NEW,2025.0,27,,MT 15 VER 2.0
MOTOR CYCLE,YAMAHA,RAY ZRSTREETRALLY125,INDIA,PETROL,125.0,COLOMBO,BRAND NEW,2025.0,37,,RAY ZRSTREETRALLY125
MOTOR CYCLE,YAMAHA,MT 15 VER 2.0,INDIA,PETROL,155.0,AMPARA,BRAND NEW,2025.0,20,,MT 15 VER 2.0
MOTOR CYCLE,YAMAHA,RAY ZRSTREETRALLY125,INDIA,PETROL,125.0,BADULLA,BRAND NEW,2025.0,10,,RAY ZRSTREETRALLY125
MOTOR CYCLE,YAMAHA,FZ  VER 2.0,INDIA,PETROL,149.0,KALUTARA,BRAND NEW,2025.0,4,,FZ  VER 2.0
MOTOR CYCLE,HONDA,DIO STD,INDIA,PETROL,109.0,COLOMBO,BRAND NEW,2025.0,190,,DIO STD
MOTOR CYCLE,HONDA,DIO DLX,INDIA,PETROL,109.0,GAMPAHA,BRAND NEW,2025.0,250,,DIO DLX
MOTOR CYCLE,HONDA,DIO STD,INDIA,PETROL,109.0,AMPARA,BRAND NEW,2025.0,65,,DIO STD
MOTOR CYCLE,HONDA,DIO STD,INDIA,PETROL,109.0,KALUTARA,BRAND NEW,2025.0,122,,DIO STD
MOTOR CYCLE,SOLID,G6,CHINA,ELECTRIC,1.5,GAMPAHA,BRAND NEW,2025.0,3,,G6
MOTOR CYCLE,BAJAJ,PULSAR NS 200,INDIA,PETROL,199.5,KALUTARA,BRAND NEW,2025.0,68,,PULSAR NS 200
MOTOR CYCLE,HONDA,DIO STD,INDIA,PETROL,109.0,KEGALLE,BRAND NEW,2025.0,40,,DIO STD
LAND VEHICLE,KUBOTA,L 4508,JAPAN,DIESEL,2197.0,HAMBANTOTA,BRAND NEW,2025.0,22,,L 4508
CAR,BYD,SEALION 6 PREMIUM,CHINA,PETROL/ELE,1498.0,COLOMBO,BRAND NEW,2025.0,23,,SEALION 6 PREMIUM
CAR,BYD,ATTO3-ADVANCED,CHINA,ELECTRIC,100.0,KALUTARA,BRAND NEW,2025.0,2,ATTO3-ADVANCED,Unknown
CAR,BYD,ATTO-3-SUPERIOR,CHINA,ELECTRIC,100.0,KURUNEGALA,BRAND NEW,2025.0,1,ATTO-3-SUPERIOR,Unknown
MOTOR CYCLE,BAJAJ,PULSAR NS 200,INDIA,PETROL,199.5,KURUNEGALA,BRAND NEW,2025.0,96,,PULSAR NS 200
MOTOR CYCLE,BAJAJ,PULSAR NS 200,INDIA,PETROL,199.5,GALLE,BRAND NEW,2025.0,63,,PULSAR NS 200
MOTOR CYCLE,BAJAJ,PULSAR N 125,INDIA,PETROL,124.58,RATNAPURA,BRAND NEW,2025.0,13,,PULSAR N 125
THREE WHEELER,BAJAJ,RE 4S AUTORICKSHAW,INDIA,PETROL,237.0,KURUNEGALA,BRAND NEW,2025.0,121,,RE 4S AUTORICKSHAW
LAND VEHICLE,TAFE,7250.DI,INDIA,DIESEL,2500.0,AMPARA,BRAND NEW,2025.0,3,,7250.DI
THREE WHEELER,BAJAJ,RE 4S AUTORICKSHAW,INDIA,PETROL,237.0,MULLATIVU,BRAND NEW,2025.0,15,,RE 4S AUTORICKSHAW
LAND VEHICLE,TAFE,45DI,INDIA,DIESEL,2500.0,PUTTALAM,BRAND NEW,2025.0,3,,45DI
LAND VEHICLE,TAFE,45DI,INDIA,DIESEL,2500.0,BATTICALOA,BRAND NEW,2025.0,37,,45DI
LAND VEHICLE (SMALL),SIFANG,GN12DI,CHINA,DIESEL,815.0,VAVUNIYA,BRAND NEW,2024.0,1,,GN12DI
MOTOR CYCLE,HERO,HUNK 160,INDIA,PETROL,163.14,POLONNARUWA,BRAND NEW,2025.0,25,,HUNK 160
MOTOR CYCLE,HERO,HUNK 160,INDIA,PETROL,163.14,RATNAPURA,BRAND NEW,2025.0,33,,HUNK 160
MOTOR CYCLE,HERO,HUNK 160,INDIA,PETROL,163.14,BADULLA,BRAND NEW,2025.0,15,,HUNK 160
MOTOR CYCLE,YADEA,T5,CHINA,ELECTRIC,1.2,GAMPAHA,BRAND NEW,2025.0,117,,T5
MOTOR CYCLE,HERO,XOOM-110,INDIA,PETROL,110.9,AMPARA,BRAND NEW,2025.0,63,XOOM-110,Unknown
CAR,TOYOTA,WIGO A350RA GBNE,INDONESIA,PETROL,998.0,COLOMBO,BRAND NEW,2025.0,21,,WIGO A350RA GBNE
LAND VEHICLE,KUBOTA,L 4508,JAPAN,DIESEL,2197.0,KALUTARA,BRAND NEW,2025.0,1,,L 4508
MOTOR CYCLE,BAJAJ,PULSAR NS 200,INDIA,PETROL,199.5,MATARA,BRAND NEW,2025.0,25,,PULSAR NS 200
CAR,MITSUBISHI,NC1WXRPGRV1,INDONESIA,PETROL,1499.0,GAMPAHA,BRAND NEW,2025.0,2,,NC1WXRPGRV1
MOTOR CYCLE,YAMAHA,FZ S FI VER 4.0,INDIA,PETROL,149.0,MATARA,BRAND NEW,2025.0,13,,FZ S FI VER 4.0
MOTOR CYCLE,YAMAHA,RAY ZR 125,INDIA,PETROL,125.0,ANURADHAPURA,BRAND NEW,2025.0,4,,RAY ZR 125
MOTOR CYCLE,VMOTO,CITI,CHINA,ELECTRIC,2.0,GAMPAHA,BRAND NEW,2025.0,3,,CITI
MOTOR CYCLE,VMOTO,CITI,CHINA,ELECTRIC,2.0,COLOMBO,BRAND NEW,2025.0,10,,CITI
MOTOR CYCLE,TVS,IQUBE,INDIA,ELECTRIC,3.34,JAFFNA,BRAND NEW,2025.0,13,,IQUBE
MOTOR CYCLE,TVS,TVS RAIDER 125,INDIA,PETROL,124.66,JAFFNA,BRAND NEW,2025.0,16,,TVS RAIDER 125
MOTOR CYCLE,TVS,TVS RAIDER 125,INDIA,PETROL,124.66,TRINCOMALEE,BRAND NEW,2025.0,34,,TVS RAIDER 125
MOTOR CYCLE,YAMAHA,MT 15 VER 2.0,INDIA,PETROL,155.0,RATNAPURA,BRAND NEW,2025.0,11,,MT 15 VER 2.0
MOTOR CYCLE,RANOMOTO,GN125H,CHINA,PETROL,124.0,RATNAPURA,BRAND NEW,2025.0,34,,GN125H
MOTOR CYCLE,AIMA,BREEZY,CHINA,ELECTRIC,0.8,POLONNARUWA,BRAND NEW,2025.0,14,,BREEZY
MOTOR CYCLE,HERO,XOOM-110,INDIA,PETROL,110.9,HAMBANTOTA,BRAND NEW,2025.0,61,XOOM-110,Unknown
MOTOR CYCLE,BAJAJ,PULSAR N 160,INDIA,PETROL,164.32,BADULLA,BRAND NEW,2025.0,47,,PULSAR N 160
DUAL PURPOSE (COMMERCIAL),MITSUBISHI,LC1TJLHGCR L200,THAILAND,DIESEL,2442.0,COLOMBO,BRAND NEW,2025.0,5,,LC1TJLHGCR L200
MOTOR CYCLE,ATHER,450X,INDIA,ELECTRIC,3.0,JAFFNA,BRAND NEW,2025.0,10,,450X
DUAL PURPOSE (COMMERCIAL),JAC,HFC1037D3,CHINA,DIESEL,1999.0,COLOMBO,BRAND NEW,2025.0,5,,HFC1037D3
MOTOR CYCLE,YAMAHA,RAY ZR STREET RALLY,INDIA,PETROL,113.0,BATTICALOA,BRAND NEW,2025.0,1,,RAY ZR STREET RALLY
MOTOR CYCLE,YAMAHA,FZ S FI VER 4.0,INDIA,PETROL,149.0,JAFFNA,BRAND NEW,2025.0,8,,FZ S FI VER 4.0
LAND VEHICLE,MAHINDRA,YUVO TECH PLUS 575DI,INDIA,DIESEL,2979.0,BATTICALOA,BRAND NEW,2025.0,5,,YUVO TECH PLUS 575DI
MOTOR CYCLE,HERO,HUNK 160,INDIA,PETROL,163.14,BATTICALOA,BRAND NEW,2025.0,19,,HUNK 160
LAND VEHICLE (SMALL),VIKYNO,RV125-2,VIETNAM,DIESEL,624.0,HAMBANTOTA,BRAND NEW,2024.0,1,RV125-2,Unknown
MOTOR CYCLE,NWOW,TK 10,CHINA,ELECTRIC,0.8,GAMPAHA,BRAND NEW,2025.0,6,,TK 10
MOTOR CYCLE,NWOW,SE,CHINA,ELECTRIC,0.8,GAMPAHA,BRAND NEW,2025.0,12,,SE
MOTOR CYCLE,SOLID,S9,CHINA,ELECTRIC,2.0,KANDY,BRAND NEW,2025.0,1,,S9
MOTOR CYCLE,ATHER,450X,INDIA,ELECTRIC,3.0,GALLE,BRAND NEW,2025.0,16,,450X
MOTOR CYCLE,BAJAJ,CT 100 ES,SRI LANKA,PETROL,102.0,GAMPAHA,BRAND NEW,2025.0,1,,CT 100 ES
LAND VEHICLE,SONALIKA,D150RX-2WD,INDIA,DIESEL,2893.0,BATTICALOA,BRAND NEW,2024.0,1,,D150RX-2WD
CAR,CHANGAN,S05,THAILAND,ELECTRIC,99.0,GAMPAHA,BRAND NEW,2025.0,4,,S05
LAND VEHICLE,TAFE,45DI,INDIA,DIESEL,2700.0,MANNAR,BRAND NEW,2025.0,1,,45DI
MOTOR CYCLE,HONDA,DIO STD,INDIA,PETROL,109.0,MULLATIVU,BRAND NEW,2025.0,7,,DIO STD
MOTOR CYCLE,YAMAHA,FZ S FI VER 4.0,INDIA,PETROL,149.0,KEGALLE,BRAND NEW,2025.0,4,,FZ S FI VER 4.0
MOTOR CYCLE,YAMAHA,YZF R15 VER 4.0,INDIA,PETROL,155.0,MANNAR,BRAND NEW,2025.0,7,,YZF R15 VER 4.0
MOTOR LORRY (COMMERCIAL),ISUZU,NQR75U-LN5VAYN,JAPAN,DIESEL,5193.0,KEGALLE,BRAND NEW,2025.0,4,,NQR75U-LN5VAYN
MOTOR CYCLE,YADEA,T 9,CHINA,ELECTRIC,2.0,MATARA,BRAND NEW,2025.0,14,,T 9
COMMERCIAL,TATA,LP 712,INDIA,DIESEL,3783.0,COLOMBO,BRAND NEW,2025.0,4,,LP 712
MOTOR CYCLE,NWOW,ARS,CHINA,ELECTRIC,0.45,GAMPAHA,BRAND NEW,2025.0,7,,ARS
MOTOR CYCLE,NWOW,ARS,CHINA,ELECTRIC,0.45,KALUTARA,BRAND NEW,2023.0,1,,ARS
MOTOR CYCLE,LUYUAN,S90 PLUS,CHINA,ELECTRIC,1.5,COLOMBO,BRAND NEW,2025.0,2,,S90 PLUS
MOTOR CYCLE,LUYUAN,S90 PLUS,CHINA,ELECTRIC,1.5,POLONNARUWA,BRAND NEW,2025.0,3,,S90 PLUS
CAR,SAIC,MG ZS MCE,CHINA,PETROL,999.0,KALUTARA,BRAND NEW,2025.0,7,,MG ZS MCE
MOTOR CYCLE,HONDA,DIO STD,INDIA,PETROL,109.0,MANNAR,BRAND NEW,2025.0,5,,DIO STD
CAR,SAIC,MG ZS MCE,CHINA,PETROL,999.0,AMPARA,BRAND NEW,2025.0,2,,MG ZS MCE
COMMERCIAL,HIGER,KLQ6128K,CHINA,DIESEL,8400.0,COLOMBO,BRAND NEW,2025.0,1,,KLQ6128K
CAR,KIA,SONET,INDIA,PETROL,998.0,PUTTALAM,BRAND NEW,2025.0,1,,SONET
CAR,SUZUKI,FRONX,INDIA,PETROL,998.0,KURUNEGALA,BRAND NEW,2025.0,10,,FRONX
MOTOR CYCLE,YAMAHA,RAY ZR,INDIA,PETROL,113.0,MULLATIVU,BRAND NEW,2025.0,1,,RAY ZR
MOTOR CYCLE,YAMAMOTO,JX125T03-04 RAZER,CHINA,PETROL,125.0,GAMPAHA,BRAND NEW,2025.0,1,,JX125T03-04 RAZER
MOTOR CYCLE,BAJAJ,DISCOVER 150,INDIA,PETROL,1448.0,MATARA,BRAND NEW,2011.0,1,,DISCOVER 150
MOTOR CYCLE,TMR QUANLE,ZS,CHINA,ELECTRIC,1.2,MONERAGALA,BRAND NEW,2025.0,2,,ZS
MOTOR CYCLE,QUANLE,N9 (NINEBOT),CHINA,ELECTRIC,1.5,GAMPAHA,BRAND NEW,2025.0,1,,N9 (NINEBOT)
MOTOR CYCLE,WUXI,NMX,CHINA,PETROL,125.0,MATARA,BRAND NEW,2025.0,1,,NMX
MOTOR CYCLE,RANOMOTO,GN125H,CHINA,PETROL,124.0,NUWARA-ELIYA,BRAND NEW,2025.0,5,,GN125H
MOTOR CYCLE,RANOMOTO,GN125H,CHINA,PETROL,124.0,MATALE,BRAND NEW,2025.0,2,,GN125H
MOTOR CYCLE,RANOMOTO,PATTAYA DOUBLE POWER,CHINA,PETROL,80.0,KALUTARA,BRAND NEW,2025.0,3,,PATTAYA DOUBLE POWER
MOTOR CYCLE,AIMA,ARIA,CHINA,ELECTRIC,0.8,KURUNEGALA,BRAND NEW,2025.0,3,,ARIA
THREE WHEELER,PIAGGIO,APE AUTO DX,INDIA,DIESEL,435.0,MATALE,BRAND NEW,2025.0,6,,APE AUTO DX
CAR,TATA,CURVV EV,INDIA,ELECTRIC,98.0,COLOMBO,BRAND NEW,2025.0,1,,CURVV EV
MOTOR LORRY (COMMERCIAL),ISUZU,NPR75U-HL5VAYN,JAPAN,DIESEL,5193.0,KALUTARA,BRAND NEW,2025.0,1,,NPR75U-HL5VAYN
CAR,CHANGAN,S 07,CHINA,ELECTRIC,99.0,BADULLA,BRAND NEW,2025.0,1,,S 07
CAR,SAIC,MG ZS MCE,CHINA,PETROL,999.0,HAMBANTOTA,BRAND NEW,2025.0,1,,MG ZS MCE
DUAL PURPOSE (COMMERCIAL),MAZDA,BT-50-25MY,THAILAND,DIESEL,2999.0,COLOMBO,BRAND NEW,2025.0,1,BT-50-25MY,Unknown
CAR,HONDA,CITY RS,THAILAND,PETROL,988.0,PUTTALAM,BRAND NEW,2025.0,1,,CITY RS
MOTOR CYCLE,YADEA,T5,CHINA,ELECTRIC,1.2,NUWARA-ELIYA,BRAND NEW,2025.0,1,,T5
MOTOR CYCLE,SUZUKI,BURGMAN STREET,INDIA,PETROL,125.0,AMPARA,BRAND NEW,2025.0,26,,BURGMAN STREET
MOTOR CYCLE,DAYUN,DY200T-11,CHINA,PETROL,200.0,KURUNEGALA,BRAND NEW,2025.0,1,,DY200T-11
CAR,PERODUA,BEZZA,MALAYSIA,PETROL,998.0,GAMPAHA,BRAND NEW,2025.0,45,,BEZZA
LAND VEHICLE,KUBOTA,L 4508,JAPAN,DIESEL,2197.0,GAMPAHA,BRAND NEW,2025.0,1,,L 4508
MOTOR CYCLE,TMR QUANLE,XGW,CHINA,ELECTRIC,1.2,RATNAPURA,BRAND NEW,2025.0,3,,XGW
CAR,KIA,SONET,INDIA,PETROL,998.0,ANURADHAPURA,BRAND NEW,2025.0,1,,SONET
MOTOR CYCLE,OYFLY,TDM-LTW,CHINA,ELECTRIC,2.0,MATARA,BRAND NEW,2025.0,1,TDM-LTW,Unknown
MOTOR CYCLE,LUYUAN,MYT,CHINA,ELECTRIC,0.8,GALLE,BRAND NEW,2025.0,2,,MYT
MOTOR LORRY (COMMERCIAL),ISUZU,NMR85U-EH5MAD1,JAPAN,DIESEL,2999.0,MATARA,BRAND NEW,2025.0,1,,NMR85U-EH5MAD1
CAR,HONDA,RV589SJNX  HR-V,THAILAND,PETROL/ELE,1496.0,COLOMBO,BRAND NEW,2025.0,3,,RV589SJNX  HR-V
LAND VEHICLE,E KUBOTA,EK3-471,INDIA,DIESEL,2761.0,MANNAR,BRAND NEW,2025.0,2,EK3-471,4WD
LAND VEHICLE,E KUBOTA,EK3-471,INDIA,DIESEL,2761.0,MONERAGALA,BRAND NEW,2024.0,3,EK3-471,4WD
MOTOR CYCLE,NWOW,ARS,CHINA,ELECTRIC,0.45,COLOMBO,BRAND NEW,2022.0,1,,ARS
MOTOR CYCLE,YADEA,RUIBIN,CHINA,ELECTRIC,0.8,COLOMBO,BRAND NEW,2025.0,16,,RUIBIN
MOTOR CYCLE,NWOW,ARS,CHINA,ELECTRIC,0.45,KURUNEGALA,BRAND NEW,2025.0,2,,ARS
MOTOR CYCLE,NWOW,SE,CHINA,ELECTRIC,0.8,MATARA,BRAND NEW,2024.0,1,,SE
CAR,BYD,SEALION 6 SUPERIOR,CHINA,PETROL/ELE,1498.0,KILINOCHCHI,BRAND NEW,2025.0,2,,SEALION 6 SUPERIOR
CAR,BAW,E7,CHINA,ELECTRIC,30.0,KURUNEGALA,BRAND NEW,2025.0,7,,E7
LAND VEHICLE (SMALL),VIKYNO,RV125-2,VIETNAM,DIESEL,624.0,RATNAPURA,BRAND NEW,2025.0,1,RV125-2,Unknown
LAND VEHICLE,KARTAR,GLOBETRAC 4736 4WD,INDIA,DIESEL,3117.0,ANURADHAPURA,BRAND NEW,2025.0,1,,GLOBETRAC 4736 4WD
MOTOR CYCLE,AIMA,MAVERICK,CHINA,ELECTRIC,2.0,BATTICALOA,BRAND NEW,2025.0,2,,MAVERICK
CAR,PEUGEOT,2008GT,SPAIN,PETROL,1199.0,KALUTARA,BRAND NEW,2025.0,1,,2008GT
LAND VEHICLE,MAHINDRA,YUVO TECH PLUS 585DI,INDIA,DIESEL,2979.0,MONERAGALA,BRAND NEW,2025.0,5,,YUVO TECH PLUS 585DI
LAND VEHICLE,SWARAJ,855,INDIA,DIESEL,3478.2,BADULLA,BRAND NEW,2025.0,1,,855
SINGLE CAB,TATA,YODHA,INDIA,DIESEL,2956.0,KANDY,BRAND NEW,2025.0,1,,YODHA
LAND VEHICLE,MAHINDRA,575 DI SP PLUS,INDIA,DIESEL,2979.0,AMPARA,BRAND NEW,2025.0,1,,575 DI SP PLUS
MOTOR CYCLE,RANOMOTO,GN125H,CHINA,PETROL,124.0,KANDY,BRAND NEW,2025.0,8,,GN125H
MOTOR LORRY (COMMERCIAL),JAC,HFC1120P7,CHINA,DIESEL,4460.0,KALUTARA,BRAND NEW,2025.0,1,,HFC1120P7
THREE WHEELER,MAHINDRA,TREO,INDIA,ELECTRIC,3.5,MANNAR,BRAND NEW,2025.0,1,,TREO
SINGLE CAB,TATA,SUPER ACE,INDIA,DIESEL,1396.0,RATNAPURA,BRAND NEW,2025.0,1,,SUPER ACE
LAND VEHICLE,MAHINDRA,YUVO TECH PLUS 585DI,INDIA,DIESEL,2979.0,TRINCOMALEE,BRAND NEW,2025.0,4,,YUVO TECH PLUS 585DI
LAND VEHICLE,TAFE,7250.DI,INDIA,DIESEL,2500.0,BATTICALOA,BRAND NEW,2025.0,3,,7250.DI
LAND VEHICLE,TAFE,45DI,INDIA,DIESEL,2700.0,PUTTALAM,BRAND NEW,2024.0,1,,45DI
MOTOR CYCLE,LEOMA,FASHIONRIDER,CHINA,ELECTRIC,1.0,GALLE,BRAND NEW,2019.0,1,,FASHIONRIDER
COMMERCIAL,ZHONGTONG,LCK6128H MAGNATE,CHINA,DIESEL,9500.0,AMPARA,BRAND NEW,2025.0,1,,LCK6128H MAGNATE
MOTOR CYCLE,HONDA,DIO DLX,INDIA,PETROL,109.0,MANNAR,BRAND NEW,2025.0,5,,DIO DLX
MOTOR CYCLE,ROYAL ENFIELD,CLASSIC 350,INDIA,PETROL,349.0,KURUNEGALA,BRAND NEW,2025.0,4,,CLASSIC 350
LAND VEHICLE (SMALL),VIKYNO,RV80,VIETNAM,DIESEL,443.0,KURUNEGALA,BRAND NEW,2025.0,1,,RV80
MOTOR CYCLE,LUYUAN,M-MHH-Z45LJ,CHINA,ELECTRIC,2.0,MATARA,BRAND NEW,2025.0,1,,M-MHH-Z45LJ
MOTOR CYCLE,E-LUNA,NEXT,INDIA,ELECTRIC,2.0,COLOMBO,BRAND NEW,2025.0,5,,NEXT
CAR,KIA,SORENTO,KOREA,PETROL/ELE,1598.0,MATARA,BRAND NEW,2025.0,1,,SORENTO
MOTOR LORRY (COMMERCIAL),ISUZU,NQR7SU LN5VANY,JAPAN,DIESEL,5193.0,COLOMBO,BRAND NEW,2025.0,1,,NQR7SU LN5VANY
MOTOR CYCLE,DASTOL,DW-28,CHINA,ELECTRIC,2.0,COLOMBO,BRAND NEW,2024.0,2,DW-28,Unknown
MOTOR CYCLE,AIMA,MANA,CHINA,ELECTRIC,1.5,HAMBANTOTA,BRAND NEW,2025.0,2,,MANA
CAR,NISSAN,MAGNITE N-CONNECTA,INDIA,PETROL,999.0,KANDY,BRAND NEW,2025.0,2,,MAGNITE N-CONNECTA
LAND VEHICLE,MAHINDRA,YUVO TECH PLUS 585DI,INDIA,DIESEL,2979.0,BATTICALOA,BRAND NEW,2025.0,1,,YUVO TECH PLUS 585DI
COMMERCIAL,ZHONGTONG,LCK6128H MAGNATE,CHINA,DIESEL,9500.0,COLOMBO,BRAND NEW,2025.0,2,,LCK6128H MAGNATE
LAND VEHICLE,JOHN DEERE,5045D,INDIA,DIESEL,2940.0,KANDY,BRAND NEW,2025.0,1,,5045D
MOTOR CYCLE,TAKASHI,ES PRO PLUS,CHINA,ELECTRIC,1.5,KANDY,BRAND NEW,2025.0,1,,ES PRO PLUS
MOTOR CYCLE,TAKASHI,ES LITE,CHINA,ELECTRIC,1.2,KURUNEGALA,BRAND NEW,2025.0,1,,ES LITE
LAND VEHICLE,E KUBOTA,EK3-471,INDIA,DIESEL,2761.0,BADULLA,BRAND NEW,2025.0,2,EK3-471,4WD
CAR,GAC,AION V LUXURY,CHINA,ELECTRIC,100.0,KURUNEGALA,BRAND NEW,2025.0,3,,AION V LUXURY
CAR,TOYOTA,F800RE-GQGF RUSH,INDONESIA,PETROL,1496.0,POLONNARUWA,BRAND NEW,2025.0,1,,F800RE-GQGF RUSH
MOTOR CYCLE,WUXI,TANK,CHINA,PETROL,125.0,KALUTARA,BRAND NEW,2025.0,1,,TANK
MOTOR LORRY (COMMERCIAL),ISUZU,NMR85U-EH5AY,JAPAN,DIESEL,2999.0,MATARA,BRAND NEW,2025.0,1,,NMR85U-EH5AY
MOTOR CYCLE,SOLID,G6,CHINA,ELECTRIC,1.5,KANDY,BRAND NEW,2025.0,1,,G6
COMMERCIAL,MITSUBISHI,FUSO BE 741JRMSDSB,JAPAN,DIESEL,2998.0,COLOMBO,BRAND NEW,2025.0,1,,FUSO BE 741JRMSDSB
MOTOR TRICYCLE VAN,PIAGGIO,APE-XTRA-DX,INDIA,DIESEL,435.0,KEGALLE,BRAND NEW,2025.0,3,APE-XTRA-DX,Unknown
CAR,GAC,AION V LUXURY,CHINA,ELECTRIC,100.0,GAMPAHA,BRAND NEW,2025.0,10,,AION V LUXURY
MOTOR CYCLE,YADEA,M6,CHINA,ELECTRIC,1.2,KEGALLE,BRAND NEW,2025.0,1,,M6
MOTOR TRICYCLE VAN,MAHINDRA,ALFA LOAD CARRIER,INDIA,DIESEL,436.0,NUWARA-ELIYA,BRAND NEW,2025.0,1,,ALFA LOAD CARRIER
MOTOR CYCLE,AIMA,BREEZY,CHINA,ELECTRIC,0.8,RATNAPURA,BRAND NEW,2025.0,2,,BREEZY
CAR,PERODUA,AXIA-CG1SZ,MALAYSIA,PETROL,998.0,RATNAPURA,BRAND NEW,2025.0,2,AXIA-CG1SZ,Unknown
CAR,PERODUA,BEZZA,MALAYSIA,PETROL,998.0,HAMBANTOTA,BRAND NEW,2028.0,1,,BEZZA
CAR,GAC,AION Y,CHINA,ELECTRIC,100.0,KALUTARA,BRAND NEW,2025.0,1,,AION Y
MOTOR CYCLE,NWOW,GB2,CHINA,ELECTRIC,0.4,GAMPAHA,BRAND NEW,2025.0,1,,GB2
MOTOR CYCLE,NWOW,TK 10,CHINA,ELECTRIC,0.8,HAMBANTOTA,BRAND NEW,2023.0,1,,TK 10
MOTOR CYCLE,LUYUAN,S90 PLUS,CHINA,ELECTRIC,1.5,GALLE,BRAND NEW,2025.0,1,,S90 PLUS
MOTOR CYCLE,HERO,HUNK 160,INDIA,PETROL,163.14,KILINOCHCHI,BRAND NEW,2025.0,2,,HUNK 160
LAND VEHICLE,JOHN DEERE,5047D,INDIA,DIESEL,2940.0,KANDY,BRAND NEW,2025.0,1,,5047D
LAND VEHICLE,YANMAR,YM358R,THAILAND,DIESEL,3319.0,MANNAR,BRAND NEW,2025.0,1,,YM358R
MOTOR CYCLE,AIMA,MANA,CHINA,ELECTRIC,1.5,TRINCOMALEE,BRAND NEW,2025.0,1,,MANA
MOTOR CYCLE,YAMAMOTO,RAZER,CHINA,PETROL,125.0,GAMPAHA,BRAND NEW,2025.0,1,,RAZER
LAND VEHICLE,LOVOL,P504-3,CHINA,DIESEL,2189.0,ANURADHAPURA,BRAND NEW,2025.0,8,P504-3,Unknown
CAR,SUZUKI,CELERIO,INDIA,PETROL,998.0,KALUTARA,BRAND NEW,2025.0,1,,CELERIO
LAND VEHICLE,KUBOTA,L 4508,JAPAN,DIESEL,2197.0,KEGALLE,BRAND NEW,2025.0,1,,L 4508
LAND VEHICLE,MAHINDRA,YUVO TECH PLUS 585DI,INDIA,DIESEL,2979.0,ANURADHAPURA,BRAND NEW,202.0,1,,YUVO TECH PLUS 585DI
LAND VEHICLE,LOVOL,P504-3,CHINA,DIESEL,2189.0,KALUTARA,BRAND NEW,2025.0,1,P504-3,Unknown
MOTOR CYCLE,TMR LUYUAN,COLA 5,CHINA,ELECTRIC,0.4,AMPARA,BRAND NEW,2025.0,2,,COLA 5
CAR,NISSAN,MAGNITE ACENTA BR10,INDIA,PETROL,999.0,AMPARA,BRAND NEW,2025.0,1,,MAGNITE ACENTA BR10
CAR,MERCEDES BENZ,GLB 200,MEXICO,PETROL,1332.0,PUTTALAM,BRAND NEW,2025.0,1,,GLB 200
CAR,HONDA,CR-V,THAILAND,PETROL,1498.0,GAMPAHA,BRAND NEW,2025.0,2,CR-V,VTIL7
MOTOR CYCLE,TMR QUANLE,ZS,CHINA,ELECTRIC,1.2,TRINCOMALEE,BRAND NEW,2025.0,1,,ZS
MOTOR CYCLE,AIMA,MAVERICK,CHINA,ELECTRIC,2.0,KILINOCHCHI,BRAND NEW,2025.0,1,,MAVERICK
MOTOR CYCLE,BAJAJ,CT 100 ES,SRI LANKA,PETROL,102.0,KALUTARA,BRAND NEW,2025.0,1,,CT 100 ES
MOTOR CYCLE,SENARO,GN125,SRI LANKA,PETROL,125.0,KANDY,BRAND NEW-L/ASSEMBLE,2025.0,13,,GN125
MOTOR CYCLE,TVS,TVS XL 100,SRI LANKA,PETROL,99.7,COLOMBO,BRAND NEW-L/ASSEMBLE,2025.0,31,,TVS XL 100
MOTOR CYCLE,TVS,TVS XL 100,SRI LANKA,PETROL,99.7,MATALE,BRAND NEW-L/ASSEMBLE,2025.0,18,,TVS XL 100
MOTOR CYCLE,BAJAJ,CT 100 ES,SRI LANKA,PETROL,102.0,MONERAGALA,BRAND NEW-L/ASSEMBLE,2025.0,145,,CT 100 ES
MOTOR CYCLE,BAJAJ,CT 100 ES,SRI LANKA,PETROL,102.0,PUTTALAM,BRAND NEW-L/ASSEMBLE,2025.0,215,,CT 100 ES
MOTOR CYCLE,BAJAJ,PULSAR N160,SRI LANKA,PETROL,164.82,RATNAPURA,BRAND NEW-L/ASSEMBLE,2025.0,48,,PULSAR N160
MOTOR CYCLE,BAJAJ,DISCOVER 125,SRI LANKA,PETROL,124.5,POLONNARUWA,BRAND NEW-L/ASSEMBLE,2025.0,35,,DISCOVER 125
MOTOR CYCLE,BAJAJ,PULSAR N160,SRI LANKA,PETROL,164.82,MATARA,BRAND NEW-L/ASSEMBLE,2025.0,25,,PULSAR N160
MOTOR CYCLE,SENARO,GN125,SRI LANKA,PETROL,125.0,ANURADHAPURA,BRAND NEW-L/ASSEMBLE,2025.0,18,,GN125
MOTOR CYCLE,BAJAJ,PULSAR N160,SRI LANKA,PETROL,164.82,HAMBANTOTA,BRAND NEW-L/ASSEMBLE,2025.0,39,,PULSAR N160
SINGLE CAB,LANKA ASHOK LEYLAND,BADA DOST,SRI LANKA,DIESEL,1478.0,GAMPAHA,BRAND NEW-L/ASSEMBLE,2025.0,6,,BADA DOST
SINGLE CAB,LANKA ASHOK LEYLAND,DOST,SRI LANKA,DIESEL,1478.0,COLOMBO,BRAND NEW-L/ASSEMBLE,2025.0,13,,DOST
SINGLE CAB,LANKA ASHOK LEYLAND,BADA DOST,SRI LANKA,DIESEL,1478.0,MATARA,BRAND NEW-L/ASSEMBLE,2025.0,1,,BADA DOST
MOTOR CYCLE,SENARO,GN125,SRI LANKA,PETROL,125.0,MATALE,BRAND NEW-L/ASSEMBLE,2025.0,6,,GN125
MOTOR CYCLE,TVS,NTORQ 125,SRI LANKA,PETROL,124.8,BATTICALOA,BRAND NEW-L/ASSEMBLE,2025.0,4,,NTORQ 125
MOTOR CYCLE,SENARO,GN125,SRI LANKA,PETROL,125.0,JAFFNA,BRAND NEW-L/ASSEMBLE,2025.0,5,,GN125
SINGLE CAB,LANKA ASHOK LEYLAND,DOST,SRI LANKA,DIESEL,1478.0,HAMBANTOTA,BRAND NEW-L/ASSEMBLE,2025.0,1,,DOST
CAR,MAHINDRA,KUV100 NXT AMT,SRI LANKA,DIESEL,1198.0,MATALE,BRAND NEW-L/ASSEMBLE,2025.0,1,,KUV100 NXT AMT
MOTOR CYCLE,BAJAJ,PULSAR N 160,SRI LANKA,PETROL,164.32,ANURADHAPURA,BRAND NEW-L/ASSEMBLE,2025.0,1,,PULSAR N 160
CAR,CHERY,TIGGO 4 PRO,SRI LANKA,PETROL,1498.0,GAMPAHA,BRAND NEW-L/ASSEMBLE,2025.0,1,,TIGGO 4 PRO
MOTOR LORRY (COMMERCIAL),LANKA ASHOK LEYLAND,2518 TIPPER,SRI LANKA,DIESEL,5759.0,HAMBANTOTA,BRAND NEW-L/ASSEMBLE,2025.0,1,,2518 TIPPER
MOTOR LORRY (COMMERCIAL),LANKA ASHOK LEYLAND,TAURUS 2518,SRI LANKA,DIESEL,5759.0,GAMPAHA,BRAND NEW-L/ASSEMBLE,2025.0,3,,TAURUS 2518
MOTOR CYCLE,LENCAR,ERC 80,SRI LANKA,ELECTRIC,1.2,GAMPAHA,BRAND NEW-L/ASSEMBLE,2025.0,1,,ERC 80
MOTOR CYCLE,SENARO,GN125,SRI LANKA,PETROL,125.0,MULLATIVU,BRAND NEW-L/ASSEMBLE,2025.0,4,,GN125
CAR,BAIC,X55II HONOR,SRI LANKA,PETROL,1498.0,COLOMBO,BRAND NEW-L/ASSEMBLE,2025.0,3,,X55II HONOR
MOTOR CYCLE,SENARO,CLICK 150,SRI LANKA,PETROL,150.0,BATTICALOA,BRAND NEW-L/ASSEMBLE,2025.0,1,,CLICK 150
COMMERCIAL,FOTON,VIEW CS 2,SRI LANKA,DIESEL,1968.0,BATTICALOA,BRAND NEW-L/ASSEMBLE,2025.0,1,,VIEW CS 2
MOTOR CYCLE,TVS,TVS RAIDER 125,INDIA,PETROL,124.66,GAMPAHA,BRAND NEW-L/ASSEMBLE,2025.0,1,,TVS RAIDER 125
MOTOR CYCLE,RISE,LEADER 125,SRI LANKA,PETROL,125.0,PUTTALAM,BRAND NEW-L/ASSEMBLE,2025.0,1,,LEADER 125
