Class of Vehicle,Make/Manufa. Name,Model,Country,Fuel Used,Cylinder Capacity,District,Registration Status,No of vehicle,Model_Code,Clean_Name
AMBULANCE,TOYOTA,HIACE KDH223R LEMDYT,JAPAN,DIESEL,2982.0,COLOMBO,BRAND NEW,20,,HIACE KDH223R LEMDYT
AMBULANCE,NISSAN,CBF-FPWGE50-KAI,JAPAN,PETROL,3490.0,COLOMBO,RECONDITIONED,1,CBF-FPWGE50-KAI,Unknown
AMBULANCE,TOYOTA,HIACE KDH223R LEMDYT,JAPAN,DIESEL,2982.0,KANDY,BRAND NEW,1,,HIACE KDH223R LEMDYT
CAR,HONDA,6AA-RV5 VEZEL,JAPAN,PETROL/ELE,1496.0,COLOMBO,RECONDITIONED,244,6AA-RV5,VEZEL
CAR,SUZUKI,5BD-DA17V EVERY,JAPAN,PETROL,658.0,COLOMBO,RECONDITIONED,43,5BD-DA17V,EVERY
CAR,TOYOTA,5BA-KSP210 YARIS,JAPAN,PETROL,996.0,COLOMBO,RECONDITIONED,82,5BA-KSP210,YARIS
CAR,SUZUKI,3BA-DA17W EVERY,JAPAN,PETROL,658.0,COLOMBO,RECONDITIONED,14,3BA-DA17W,EVERY
CAR,SUZUKI,5BA-MH85S WAGON R,JAPAN,PETROL,657.0,COLOMBO,RECONDITIONED,16,5BA-MH85S,WAGON R
CAR,TOYOTA,5BA-KSP210 YARIS,JAPAN,PETROL,996.0,KEGALLE,RECONDITIONED,7,5BA-KSP210,YARIS
CAR,SUZUKI,5AA-MH95S WAGON R,JAPAN,PETROL,658.0,KEGALLE,RECONDITIONED,3,5AA-MH95S,WAGON R
CAR,TOYOTA,6AA-AAHH40W VELLFIRE,JAPAN,PETROL/ELE,2487.0,COLOMBO,RECONDITIONED,2,6AA-AAHH40W,VELLFIRE
CAR,NISSAN,3BA-DR17W CLIPPER,JAPAN,PETROL,658.0,KALUTARA,RECONDITIONED,1,3BA-DR17W,CLIPPER
CAR,DAIHATSU,5BA-LA900S TAFT,JAPAN,PETROL,658.0,GAMPAHA,RECONDITIONED,34,5BA-LA900S,TAFT
CAR,TOYOTA,6AA-ZWR90W VOXY,JAPAN,PETROL/ELE,1797.0,COLOMBO,RECONDITIONED,10,6AA-ZWR90W,VOXY
CAR,TOYOTA,5BA-KSP210 YARIS,JAPAN,PETROL,996.0,ANURADHAPURA,RECONDITIONED,9,5BA-KSP210,YARIS
CAR,TOYOTA,3BA-A210A RAIZE,JAPAN,PETROL,996.0,MATARA,RECONDITIONED,6,3BA-A210A,RAIZE
CAR,TOYOTA,6AA-MXPJ10 YARIS,JAPAN,PETROL/ELE,1490.0,KANDY,RECONDITIONED,2,6AA-MXPJ10,YARIS
CAR,SUZUKI,5AA-MK94S,JAPAN,PETROL,658.0,COLOMBO,RECONDITIONED,3,5AA-MK94S,SPACIA
CAR,TOYOTA,3DA-CDJ250W,JAPAN,DIESEL,2754.0,COLOMBO,RECONDITIONED,1,3DA-CDJ250W,Unknown
CAR,SUZUKI,5AA-MK94S SPACIA,JAPAN,PETROL,658.0,PUTTALAM,RECONDITIONED,2,5AA-MK94S,SPACIA
CAR,NISSAN,5BD-DR17V CLIPPER,JAPAN,PETROL,658.0,GAMPAHA,RECONDITIONED,14,5BD-DR17V,CLIPPER
CAR,SUZUKI,3BA-HA37S ALTO,JAPAN,PETROL,658.0,COLOMBO,RECONDITIONED,14,3BA-HA37S,ALTO
CAR,TOYOTA,6AA-NKE165 AXIO,JAPAN,PETROL/ELE,1496.0,COLOMBO,RECONDITIONED,5,6AA-NKE165,AXIO
CAR,SUZUKI,5BA-MH85S WAGON R,JAPAN,PETROL,656.0,COLOMBO,RECONDITIONED,5,5BA-MH85S,WAGON R
CAR,SUZUKI,5AA-MH95S WAGON R,JAPAN,PETROL,658.0,JAFFNA,RECONDITIONED,17,5AA-MH95S,WAGON R
CAR,SUZUKI,5AA-MH95S WAGON R,JAPAN,PETROL,658.0,BADULLA,RECONDITIONED,2,5AA-MH95S,WAGON R
CAR,HONDA,6AA-RV5 VEZEL,JAPAN,PETROL/ELE,1498.0,KURUNEGALA,RECONDITIONED,2,6AA-RV5,VEZEL
CAR,SUZUKI,5AA-MH95S WAGON R,JAPAN,PETROL,657.0,BADULLA,RECONDITIONED,2,5AA-MH95S,WAGON R
CAR,HONDA,6BA--JF5,JAPAN,PETROL,658.0,GAMPAHA,RECONDITIONED,1,6BA--JF5,Unknown
CAR,DAIHATSU,5BA-LA350S MIRA,JAPAN,PETROL,658.0,KURUNEGALA,RECONDITIONED,6,5BA-LA350S,MIRA
CAR,HONDA,6AA-RV5,JAPAN,PETROL/ELE,1496.0,GALLE,RECONDITIONED,2,6AA-RV5,VEZEL Z PLAY
CAR,SUZUKI,4AA-MH55S WAGON R,JAPAN,PETROL,658.0,MATALE,RECONDITIONED,2,4AA-MH55S,WAGON R
CAR,HONDA,6BA-JF3 N-BOX,JAPAN,PETROL,658.0,KURUNEGALA,RECONDITIONED,1,6BA-JF3,N-BOX
CAR,B.M.W.,3AA-32EM44  X7 M601,GERMANY,PETROL,4394.0,COLOMBO,RECONDITIONED,1,3AA-32EM44,X7 M601
CAR,TOYOTA,5BA-KSP210 YARIS,JAPAN,PETROL,996.0,KANDY,RECONDITIONED,19,5BA-KSP210,YARIS
CAR,TOYOTA,4BA-M900A ROOMY,JAPAN,PETROL,996.0,KEGALLE,RECONDITIONED,1,4BA-M900A,ROOMY
CAR,SUZUKI,SPACIA  4AA-MK54S,JAPAN,PETROL,658.0,KANDY,RECONDITIONED,1,,SPACIA  4AA-MK54S
CAR,HONDA,5BA-DG5 WR-V,JAPAN,PETROL,1496.0,COLOMBO,RECONDITIONED,1,5BA-DG5,WR-V
CAR,DAIHATSU,5BA-LA350S MIRA E S,JAPAN,PETROL,658.0,GAMPAHA,RECONDITIONED,4,5BA-LA350S,MIRA E S
CAR,DAIHATSU,4BA-M900S THOR,JAPAN,PETROL,996.0,AMPARA,RECONDITIONED,1,4BA-M900S,THOR
CAR,NISSAN,6AA-FE13 AURA,JAPAN,PETROL/ELE,100.0,COLOMBO,RECONDITIONED,1,6AA-FE13,AURA
CAR,HONDA,6BA-JF5 N BOX,JAPAN,PETROL,658.0,NUWARA-ELIYA,RECONDITIONED,1,6BA-JF5,N BOX
CAR,NISSAN,6AA-E13 NOTE,JAPAN,PETROL/ELE,85.0,COLOMBO,RECONDITIONED,2,6AA-E13,NOTE
CAR,MERCEDES BENZ,4AA-213077C E CLASS,GERMANY,PETROL,1490.0,COLOMBO,RECONDITIONED,1,4AA-213077C,E CLASS
CAR,HONDA,VEZEL 6AA-RV5,JAPAN,PETROL/ELE,1496.0,KALUTARA,RECONDITIONED,1,,VEZEL 6AA-RV5
CAR,DAIHATSU,5BA-LA350S MIRA E S,JAPAN,PETROL,658.0,PUTTALAM,RECONDITIONED,1,5BA-LA350S,MIRA E S
CAR,TOYOTA,5BA-LA350A PIXIS,JAPAN,PETROL,658.0,GAMPAHA,RECONDITIONED,2,5BA-LA350A,PIXIS
CAR,TESLA,ZAA-YLIYT MODEL Y,U.S.A,ELECTRIC,194.0,COLOMBO,RECONDITIONED,1,ZAA-YLIYT,MODEL Y
CAR,TOYOTA,5BA-MZEA17 COROLLA,JAPAN,PETROL,1496.0,ANURADHAPURA,RECONDITIONED,1,5BA-MZEA17,COROLLA
CAR,TOYOTA,3BA-A210A RAIZE,JAPAN,PETROL,996.0,GALLE,RECONDITIONED,12,3BA-A210A,RAIZE
CAR,TOYOTA,3BA-A210A RAIZE,JAPAN,PETROL,998.0,GALLE,RECONDITIONED,1,3BA-A210A,RAIZE
CAR,SUZUKI,5AA-MR92S HUSTLER,JAPAN,PETROL,650.0,COLOMBO,RECONDITIONED,1,5AA-MR92S,HUSTLER
CAR,LEXUS,3BA-VJA310W  LX600,JAPAN,PETROL,3444.0,COLOMBO,RECONDITIONED,1,3BA-VJA310W,LX600
CAR,TOYOTA,5BA-KSP210 YARIS,JAPAN,PETROL,996.0,MATARA,RECONDITIONED,9,5BA-KSP210,YARIS
CAR,SUZUKI,5BD-DA17V  EVERY,JAPAN,PETROL,658.0,COLOMBO,RECONDITIONED,2,5BD-DA17V,EVERY
CAR,TOYOTA,3BA-A210A RAIZE,JAPAN,PETROL,996.0,KURUNEGALA,RECONDITIONED,14,3BA-A210A,RAIZE
CAR,TOYOTA,3BA-A210A RAIZE,JAPAN,PETROL,996.0,MONERAGALA,RECONDITIONED,2,3BA-A210A,RAIZE
CAR,TOYOTA,5BA-M900A ROOMY,JAPAN,PETROL,996.0,KURUNEGALA,RECONDITIONED,10,5BA-M900A,ROOMY
CAR,SUZUKI,5AA-MH95S WAGON R,JAPAN,PETROL,657.0,JAFFNA,RECONDITIONED,2,5AA-MH95S,WAGON R
CAR,SUZUKI,3BA-HA37S ALTO,JAPAN,PETROL,650.0,KURUNEGALA,RECONDITIONED,1,3BA-HA37S,ALTO
CAR,SUZUKI,3BA-DA17W EVERY,JAPAN,PETROL,658.0,KANDY,RECONDITIONED,8,3BA-DA17W,EVERY
CAR,SUZUKI,4AA-MK54S SPACIA,JAPAN,PETROL,658.0,NUWARA-ELIYA,RECONDITIONED,2,4AA-MK54S,SPACIA
CAR,SUZUKI,5BA-MH85S WAGON R,JAPAN,PETROL,658.0,GALLE,RECONDITIONED,4,5BA-MH85S,WAGON R
CAR,TOYOTA,5BA-M700A PASSO,JAPAN,PETROL,996.0,COLOMBO,RECONDITIONED,6,5BA-M700A,PASSO
CAR,SUZUKI,5AA-MH95S,JAPAN,PETROL,658.0,COLOMBO,RECONDITIONED,3,5AA-MH95S,Unknown
CAR,TOYOTA,YARIS 5BA-KSP210,JAPAN,PETROL,996.0,KANDY,RECONDITIONED,2,,YARIS 5BA-KSP210
CAR,HONDA,6AA-RV5  VEZEL,JAPAN,PETROL/ELE,1496.0,RATNAPURA,RECONDITIONED,2,6AA-RV5,VEZEL
CAR,HONDA,CITY RS,THAILAND,PETROL,988.0,COLOMBO,RECONDITIONED,37,,CITY RS
CAR,TOYOTA,6AA-ZVG13 COROLLA,JAPAN,PETROL/ELE,1797.0,GAMPAHA,RECONDITIONED,2,6AA-ZVG13,COROLLA
CAR,SUZUKI,5BA-MH85S,JAPAN,PETROL,657.0,GAMPAHA,RECONDITIONED,4,5BA-MH85S,WAGON  R
CAR,TOYOTA,5AA-A2002A RAIZE,JAPAN,PETROL/ELE,78.0,KEGALLE,RECONDITIONED,1,5AA-A2002A,RAIZE
CAR,NISSAN,5BA-B43W DAYZ,JAPAN,PETROL,658.0,COLOMBO,RECONDITIONED,6,5BA-B43W,DAYZ
CAR,TOYOTA,YARIS ATIV PREMIUM,THAILAND,PETROL,1197.0,KURUNEGALA,RECONDITIONED,2,,YARIS ATIV PREMIUM
CAR,HONDA,CITY RS,THAILAND,PETROL,988.0,JAFFNA,RECONDITIONED,4,,CITY RS
CAR,SUZUKI,5AA-HA97S ALTO,JAPAN,PETROL,658.0,GAMPAHA,RECONDITIONED,2,5AA-HA97S,ALTO
CAR,MITSUBISHI,5BA-B33W EK WAGON,JAPAN,PETROL,658.0,RATNAPURA,RECONDITIONED,3,5BA-B33W,EK WAGON
CAR,SUZUKI,5AA-ZCEDS SWIFT,JAPAN,PETROL,1196.0,RATNAPURA,RECONDITIONED,1,5AA-ZCEDS,SWIFT
CAR,SUZUKI,5AA-MK94S SPACIA,JAPAN,PETROL,658.0,COLOMBO,RECONDITIONED,15,5AA-MK94S,SPACIA
CAR,TOYOTA,6AA-NHE165 AXIO,JAPAN,PETROL/ELE,1496.0,GALLE,RECONDITIONED,1,6AA-NHE165,AXIO
CAR,HONDA,6AA-RV5 VEZEL,JAPAN,PETROL/ELE,1496.0,ANURADHAPURA,RECONDITIONED,12,6AA-RV5,VEZEL
CAR,TOYOTA,6AA-MXPJ10  YARIS,JAPAN,PETROL/ELE,1496.0,AMPARA,RECONDITIONED,1,6AA-MXPJ10,YARIS
CAR,TOYOTA,3BA-A210A  RAIZE,JAPAN,PETROL,996.0,KANDY,RECONDITIONED,2,3BA-A210A,RAIZE
CAR,SUZUKI,5BA-MH85S WAGON R,JAPAN,PETROL,656.0,KURUNEGALA,RECONDITIONED,3,5BA-MH85S,WAGON R
CAR,MERCEDES BENZ,4AA-213077C,GERMANY,PETROL,1498.0,COLOMBO,RECONDITIONED,1,4AA-213077C,E CLASS
CAR,TOYOTA,4BA-M900A ROOMY,JAPAN,PETROL,996.0,JAFFNA,RECONDITIONED,2,4BA-M900A,ROOMY
CAR,HONDA,CRV VTIL 7,JAPAN,PETROL,1498.0,KURUNEGALA,RECONDITIONED,1,,CRV VTIL 7
CAR,NISSAN,5AA-B44W DAYZ,JAPAN,PETROL/ELE,658.0,COLOMBO,RECONDITIONED,1,5AA-B44W,DAYZ
CAR,SUZUKI,5AA-MH95S WAGON R,JAPAN,PETROL,658.0,GAMPAHA,RECONDITIONED,30,5AA-MH95S,WAGON R
CAR,VOLKSWAGEN,3BA-C1DKR,GERMANY,PETROL,996.0,COLOMBO,RECONDITIONED,1,3BA-C1DKR,TCROSS
CAR,NISSAN,6AA-GFC28 SERENA,JAPAN,PETROL/ELE,120.0,COLOMBO,RECONDITIONED,2,6AA-GFC28,SERENA
CAR,DAIHATSU,5BA-M900S THOR,JAPAN,PETROL,996.0,COLOMBO,RECONDITIONED,3,5BA-M900S,THOR
CAR,TOYOTA,3BA-VJA300W,JAPAN,PETROL,3444.0,PUTTALAM,RECONDITIONED,2,3BA-VJA300W,Unknown
CAR,TOYOTA,6AA-MXPK11 AQUA,JAPAN,PETROL/ELE,1490.0,GAMPAHA,RECONDITIONED,1,6AA-MXPK11,AQUA
CAR,NISSAN,5AA-B44A ROOX,JAPAN,PETROL/ELE,658.0,COLOMBO,RECONDITIONED,1,5AA-B44A,ROOX
CAR,DAIHATSU,5BA-LA360S MIRA,JAPAN,PETROL,658.0,COLOMBO,RECONDITIONED,2,5BA-LA360S,MIRA
CAR,HONDA,6AA-RV5 VEZEL,JAPAN,PETROL/ELE,1496.0,BADULLA,RECONDITIONED,14,6AA-RV5,VEZEL
CAR,MERCEDES BENZ,C200,UNITED KINGDOM,PETROL/ELE,1496.0,COLOMBO,RECONDITIONED,1,,C200
CAR,TOYOTA,5AA-A202A RAIZE,JAPAN,ELECTRIC,78.0,NUWARA-ELIYA,RECONDITIONED,1,5AA-A202A,RAIZE
CAR,TOYOTA,4BA-M900A ROOMY,JAPAN,PETROL,996.0,PUTTALAM,RECONDITIONED,4,4BA-M900A,ROOMY
CAR,SUZUKI,5BA-MH85S WAGON R,JAPAN,PETROL,656.0,NUWARA-ELIYA,RECONDITIONED,2,5BA-MH85S,WAGON R
CAR,SUZUKI,5AA-MH95S WAGON R,JAPAN,PETROL,658.0,MULLATIVU,RECONDITIONED,1,5AA-MH95S,WAGON R
CAR,MITSUBISHI,5AA-B34W EK X,JAPAN,PETROL,659.0,GALLE,RECONDITIONED,1,5AA-B34W,EK X
CAR,SUZUKI,3BA-HA37S ALTO,JAPAN,PETROL,658.0,KANDY,RECONDITIONED,2,3BA-HA37S,ALTO
CAR,NISSAN,5AA-B44W DAYS,JAPAN,PETROL,658.0,COLOMBO,RECONDITIONED,4,5AA-B44W,DAYS
CAR,SUZUKI,3BA-HA37S ALTO,JAPAN,PETROL,656.0,NUWARA-ELIYA,RECONDITIONED,1,3BA-HA37S,ALTO
CAR,DAIHATSU,5BA-LA350S MIRA ES,JAPAN,PETROL,658.0,COLOMBO,RECONDITIONED,6,5BA-LA350S,MIRA ES
CAR,TOYOTA,3BA-NGX10 C-HR,JAPAN,PETROL,1196.0,PUTTALAM,RECONDITIONED,2,3BA-NGX10,C-HR
CAR,TOYOTA,3BA-TRJ150W PRADO,JAPAN,PETROL,2693.0,KURUNEGALA,RECONDITIONED,4,3BA-TRJ150W,PRADO
CAR,HONDA,6AA-RV5 VEZEL,JAPAN,PETROL/ELE,1496.0,NUWARA-ELIYA,RECONDITIONED,6,6AA-RV5,VEZEL
CAR,SUZUKI,5AA-ZCEDS SWIFT,JAPAN,PETROL,1196.0,COLOMBO,RECONDITIONED,1,5AA-ZCEDS,SWIFT
CAR,SUZUKI,5BA-MH85S WAGON R,JAPAN,PETROL,650.0,GALLE,RECONDITIONED,1,5BA-MH85S,WAGON R
CAR,NISSAN,ALMERA VL,THAILAND,PETROL,999.0,KANDY,RECONDITIONED,1,,ALMERA VL
CAR,DAIHATSU,MIRA 5BA-LA350S,JAPAN,PETROL,658.0,COLOMBO,RECONDITIONED,2,,MIRA 5BA-LA350S
CAR,SUZUKI,5AA-MH95S WAGON R,JAPAN,PETROL,658.0,KURUNEGALA,RECONDITIONED,14,5AA-MH95S,WAGON R
CAR,NISSAN,5BA-B46W DAYZ,JAPAN,PETROL,658.0,COLOMBO,RECONDITIONED,1,5BA-B46W,DAYZ
CAR,SUZUKI,4AA-MH55S WAGON R,JAPAN,PETROL,658.0,GAMPAHA,RECONDITIONED,4,4AA-MH55S,WAGON R
CAR,TOYOTA,YARIS CROSS,THAILAND,PETROL/ELE,1496.0,KURUNEGALA,RECONDITIONED,2,,YARIS CROSS
CAR,HONDA,CITY RS,THAILAND,PETROL,988.0,KURUNEGALA,RECONDITIONED,7,,CITY RS
CAR,HONDA,6AA-RV VEZEL,JAPAN,PETROL/ELE,1496.0,COLOMBO,RECONDITIONED,1,6AA-RV,VEZEL
CAR,TOYOTA,5AA-A202A RAIZE,JAPAN,ELECTRIC,78.0,KURUNEGALA,RECONDITIONED,4,5AA-A202A,RAIZE
CAR,TOYOTA,6AA-MXPJ10 YARIS,JAPAN,PETROL/ELE,1496.0,KURUNEGALA,RECONDITIONED,2,6AA-MXPJ10,YARIS
CAR,SUZUKI,5BA-MH85S,JAPAN,PETROL,658.0,GAMPAHA,RECONDITIONED,4,5BA-MH85S,WAGON  R
CAR,DAIHATSU,5BA-LA350S,JAPAN,PETROL,658.0,GALLE,RECONDITIONED,3,5BA-LA350S,MIRA E.S
CAR,HONDA,6AA-RV5 VEZEL,JAPAN,PETROL/ELE,1496.0,AMPARA,RECONDITIONED,24,6AA-RV5,VEZEL
CAR,SUZUKI,5AA-MH95S  WAGON R,JAPAN,PETROL,658.0,COLOMBO,RECONDITIONED,3,5AA-MH95S,WAGON R
CAR,PEUGEOT,2008 GT EV,FRANCE,ELECTRIC,100.0,COLOMBO,RECONDITIONED,1,,2008 GT EV
CAR,TOYOTA,3BD-5700M PIXIS VAN,JAPAN,PETROL,658.0,GAMPAHA,RECONDITIONED,1,3BD-5700M,PIXIS VAN
CAR,MITSUBISHI,5BA-GK1W,JAPAN,PETROL,1499.0,COLOMBO,RECONDITIONED,1,5BA-GK1W,Unknown
CAR,SUZUKI,3BA-DA17W EVERY,JAPAN,PETROL,658.0,GAMPAHA,RECONDITIONED,9,3BA-DA17W,EVERY
CAR,DAIHATSU,5BA-LA350S MIRA,JAPAN,PETROL,658.0,COLOMBO,RECONDITIONED,12,5BA-LA350S,MIRA
CAR,HONDA,CRV VT1L7,AUSTRALIA,PETROL,1498.0,NUWARA-ELIYA,RECONDITIONED,1,,CRV VT1L7
CAR,SUZUKI,4AA-MH55S WAGON R,JAPAN,PETROL,658.0,KURUNEGALA,RECONDITIONED,5,4AA-MH55S,WAGON R
CAR,NISSAN,3BD-DR17V CLIPPER,JAPAN,PETROL,658.0,COLOMBO,RECONDITIONED,2,3BD-DR17V,CLIPPER
CAR,TOYOTA,6AA-MXPJ10 YARIS,JAPAN,PETROL/ELE,1496.0,KEGALLE,RECONDITIONED,3,6AA-MXPJ10,YARIS
CAR,DAIHATSU,5BA-LA900S TAFT,JAPAN,PETROL,658.0,MONERAGALA,RECONDITIONED,2,5BA-LA900S,TAFT
CAR,HONDA,CITY RS,THAILAND,PETROL,988.0,KALUTARA,RECONDITIONED,5,,CITY RS
CAR,LEXUS,3BA-VJA310W,JAPAN,PETROL,3444.0,KALUTARA,RECONDITIONED,1,3BA-VJA310W,LX600
CAR,TOYOTA,5BA-KSP210 YARIS,JAPAN,PETROL,996.0,GAMPAHA,RECONDITIONED,62,5BA-KSP210,YARIS
CAR,SUZUKI,5AA-MX91S WAGON R,JAPAN,PETROL/ELE,658.0,COLOMBO,RECONDITIONED,1,5AA-MX91S,WAGON R
CAR,TOYOTA,3DA-GDJ250W,JAPAN,DIESEL,2754.0,PUTTALAM,RECONDITIONED,1,3DA-GDJ250W,Unknown
CAR,TOYOTA,5BA-M900A ROOMY,JAPAN,PETROL,996.0,KANDY,RECONDITIONED,10,5BA-M900A,ROOMY
CAR,SUZUKI,5AA-MH95S WAGON R,JAPAN,PETROL,658.0,COLOMBO,RECONDITIONED,29,5AA-MH95S,WAGON R
CAR,SUZUKI,3BA-DA174W EVERY,JAPAN,PETROL,658.0,JAFFNA,RECONDITIONED,1,3BA-DA174W,EVERY
CAR,SUZUKI,3BA-DA17W  EVERY,JAPAN,PETROL,658.0,GALLE,RECONDITIONED,1,3BA-DA17W,EVERY
CAR,TOYOTA,3BA-TRJ250W,JAPAN,PETROL,2693.0,COLOMBO,RECONDITIONED,22,3BA-TRJ250W,4WD VX
CAR,TOYOTA,5BA-M900A ROOMY,JAPAN,PETROL,996.0,MATARA,RECONDITIONED,7,5BA-M900A,ROOMY
CAR,B.M.W.,3CA-22EJ30 740D,GERMANY,DIESEL,2993.0,COLOMBO,RECONDITIONED,1,3CA-22EJ30,740D
CAR,TOYOTA,3BA-TRJ250W,JAPAN,PETROL,2693.0,ANURADHAPURA,RECONDITIONED,3,3BA-TRJ250W,4WD VX
CAR,NISSAN,5AA-B44W DAYZ,JAPAN,PETROL,659.0,COLOMBO,RECONDITIONED,3,5AA-B44W,DAYZ
CAR,DAIHATSU,5BA-LA900S TAFT,JAPAN,PETROL,658.0,POLONNARUWA,RECONDITIONED,1,5BA-LA900S,TAFT
CAR,TOYOTA,5BA-M700A PASSO,JAPAN,PETROL,996.0,GAMPAHA,RECONDITIONED,4,5BA-M700A,PASSO
CAR,TOYOTA,5BA-KSP210 YARIS,JAPAN,PETROL,996.0,KURUNEGALA,RECONDITIONED,18,5BA-KSP210,YARIS
CAR,SUZUKI,5AA-MH95S WAGON R,JAPAN,PETROL,658.0,PUTTALAM,RECONDITIONED,8,5AA-MH95S,WAGON R
CAR,NISSAN,5BA-B43W DAYZ,JAPAN,PETROL,658.0,KEGALLE,RECONDITIONED,1,5BA-B43W,DAYZ
CAR,TOYOTA,YARIS CROSS,THAILAND,PETROL/ELE,1496.0,COLOMBO,RECONDITIONED,25,,YARIS CROSS
CAR,DAIHATSU,5BA-LA910S TAFT,JAPAN,PETROL,658.0,KALUTARA,RECONDITIONED,1,5BA-LA910S,TAFT
CAR,TOYOTA,3BA-VJA300W,JAPAN,PETROL,3444.0,KANDY,RECONDITIONED,4,3BA-VJA300W,Unknown
CAR,DAIHATSU,5BA-LA350S MIRA E S,JAPAN,PETROL,658.0,COLOMBO,RECONDITIONED,2,5BA-LA350S,MIRA E S
CAR,SUZUKI,4AA-MH55S WAGON R,JAPAN,PETROL,657.0,GALLE,RECONDITIONED,1,4AA-MH55S,WAGON R
CAR,NISSAN,ALMERA,THAILAND,PETROL,999.0,ANURADHAPURA,RECONDITIONED,1,,ALMERA
CAR,TOYOTA,YARIS ATIV,THAILAND,PETROL,1197.0,GAMPAHA,RECONDITIONED,4,,YARIS ATIV
CAR,TOYOTA,4BA-M900A ROOMY,JAPAN,PETROL,996.0,POLONNARUWA,RECONDITIONED,2,4BA-M900A,ROOMY
CAR,SUZUKI,4AA-MN71S XBEE,JAPAN,PETROL,996.0,COLOMBO,RECONDITIONED,3,4AA-MN71S,XBEE
CAR,SUZUKI,5AA-MR92S HUSTLER,JAPAN,PETROL,657.0,COLOMBO,RECONDITIONED,1,5AA-MR92S,HUSTLER
CAR,SUZUKI,3BD-DA17V EVERY,JAPAN,PETROL,658.0,KANDY,RECONDITIONED,7,3BD-DA17V,EVERY
CAR,TOYOTA,YARIS ATIV,THAILAND,PETROL,1197.0,ANURADHAPURA,RECONDITIONED,1,,YARIS ATIV
CAR,SUZUKI,5BA-MH85S,JAPAN,PETROL,658.0,KURUNEGALA,RECONDITIONED,1,5BA-MH85S,WAGON  R
CAR,SUZUKI,5BD-DA17V EVERY,JAPAN,PETROL,658.0,GALLE,RECONDITIONED,6,5BD-DA17V,EVERY
CAR,SUZUKI,5AA-MH95S WAGON R,JAPAN,PETROL,658.0,KANDY,RECONDITIONED,3,5AA-MH95S,WAGON R
CAR,TOYOTA,5AA-A202A RAIZE,JAPAN,PETROL/ELE,78.0,PUTTALAM,RECONDITIONED,3,5AA-A202A,RAIZE
CAR,SUZUKI,3BA-HA37S ALTO,JAPAN,PETROL,658.0,MATARA,RECONDITIONED,3,3BA-HA37S,ALTO
CAR,KIA,EV5,THAILAND,ELECTRIC,160.0,KURUNEGALA,RECONDITIONED,1,,EV5
CAR,SUZUKI,3BD-DA17V EVERY,JAPAN,PETROL,656.0,PUTTALAM,RECONDITIONED,1,3BD-DA17V,EVERY
CAR,TOYOTA,3BA-TRJ250W,JAPAN,PETROL,2693.0,MATALE,RECONDITIONED,1,3BA-TRJ250W,4WD VX
CAR,TOYOTA,6BA-MXUA80 HARRIER,JAPAN,PETROL,1986.0,COLOMBO,RECONDITIONED,7,6BA-MXUA80,HARRIER
CAR,TOYOTA,5BA-KSP210  YARIS,JAPAN,PETROL,996.0,MATARA,RECONDITIONED,2,5BA-KSP210,YARIS
CAR,B.M.W.,3AA-22EH30 740I,GERMANY,PETROL,2996.0,GAMPAHA,RECONDITIONED,1,3AA-22EH30,740I
CAR,MERCEDES BENZ,5AA-118384M CLA 180,GERMANY,PETROL,1332.0,COLOMBO,RECONDITIONED,1,5AA-118384M,CLA 180
CAR,NISSAN,5AA-B44A,JAPAN,PETROL,659.0,GAMPAHA,RECONDITIONED,1,5AA-B44A,ROOX X
CAR,TOYOTA,3BA-NGX10 C-HR,JAPAN,PETROL,1196.0,GAMPAHA,RECONDITIONED,5,3BA-NGX10,C-HR
CAR,SUZUKI,3BA-DA17W EVERY,JAPAN,PETROL,658.0,BATTICALOA,RECONDITIONED,3,3BA-DA17W,EVERY
CAR,HONDA,CITY GRADE RS,THAILAND,PETROL,988.0,PUTTALAM,RECONDITIONED,1,,CITY GRADE RS
CAR,NISSAN,5BD-DR17V CLIPPER,JAPAN,PETROL,658.0,PUTTALAM,RECONDITIONED,3,5BD-DR17V,CLIPPER
CAR,SUZUKI,5BD-DA17V EVERY,JAPAN,PETROL,658.0,GAMPAHA,RECONDITIONED,28,5BD-DA17V,EVERY
CAR,TOYOTA,6AA-MXPJ10 YARIS,JAPAN,PETROL/ELE,1496.0,COLOMBO,RECONDITIONED,32,6AA-MXPJ10,YARIS
CAR,TOYOTA,5BA-KSP210 YARIS,JAPAN,PETROL,996.0,KALUTARA,RECONDITIONED,7,5BA-KSP210,YARIS
CAR,SUZUKI,5AA-ZCEDS SWIFT,JAPAN,PETROL,1197.0,AMPARA,RECONDITIONED,1,5AA-ZCEDS,SWIFT
CAR,TOYOTA,3BA-A210A RAIZE,JAPAN,PETROL,996.0,BADULLA,RECONDITIONED,3,3BA-A210A,RAIZE
CAR,TOYOTA,3BA-VJA300W,JAPAN,PETROL,3444.0,COLOMBO,RECONDITIONED,21,3BA-VJA300W,Unknown
CAR,TOYOTA,RAIZE 5AA-A202A,JAPAN,PETROL/ELE,78.0,GAMPAHA,RECONDITIONED,1,,RAIZE 5AA-A202A
CAR,TOYOTA,3BA-A210A RAIZE,JAPAN,PETROL,996.0,KANDY,RECONDITIONED,14,3BA-A210A,RAIZE
CAR,TOYOTA,3BA-TRJ250W,JAPAN,PETROL,2693.0,KALUTARA,RECONDITIONED,4,3BA-TRJ250W,4WD VX
CAR,DAIHATSU,5BA-LA350S  MIRA,JAPAN,PETROL,658.0,COLOMBO,RECONDITIONED,4,5BA-LA350S,MIRA
CAR,TOYOTA,5AA-A202A RAIZE,JAPAN,PETROL/ELE,78.0,MATARA,RECONDITIONED,4,5AA-A202A,RAIZE
CAR,TOYOTA,5BA-MZEA17 COROLLA,JAPAN,PETROL,1490.0,MATARA,RECONDITIONED,1,5BA-MZEA17,COROLLA
CAR,HONDA,CITY RS,THAILAND,PETROL,988.0,PUTTALAM,RECONDITIONED,4,,CITY RS
CAR,HONDA,6BA-JF5 N-BOX,JAPAN,PETROL,658.0,GAMPAHA,RECONDITIONED,1,6BA-JF5,N-BOX
CAR,TOYOTA,3BA-TRJ150W,JAPAN,PETROL,2693.0,BADULLA,RECONDITIONED,1,3BA-TRJ150W,PRADO
CAR,TOYOTA,4BA-M900A ROOMY,JAPAN,PETROL,996.0,GAMPAHA,RECONDITIONED,6,4BA-M900A,ROOMY
CAR,NISSAN,3BA-DR17W NV100,JAPAN,PETROL,658.0,COLOMBO,RECONDITIONED,1,3BA-DR17W,NV100
CAR,DAIHATSU,5BA-LA900S TAFT,JAPAN,PETROL,658.0,KANDY,RECONDITIONED,5,5BA-LA900S,TAFT
CAR,NISSAN,ALMERA VL,THAILAND,PETROL,999.0,COLOMBO,RECONDITIONED,1,,ALMERA VL
CAR,SUZUKI,5AA-MH95S WAGON R,JAPAN,PETROL,657.0,KURUNEGALA,RECONDITIONED,2,5AA-MH95S,WAGON R
CAR,HONDA,6AA-RV5 VEZEL,JAPAN,PETROL/ELE,1496.0,KEGALLE,RECONDITIONED,8,6AA-RV5,VEZEL
CAR,SUZUKI,5BD-DA17V EVERY,JAPAN,PETROL,658.0,BATTICALOA,RECONDITIONED,1,5BD-DA17V,EVERY
CAR,TOYOTA,6AA-ZWR90W VOXY,JAPAN,PETROL/ELE,1797.0,KANDY,RECONDITIONED,7,6AA-ZWR90W,VOXY
CAR,SUZUKI,SPACIA 5AA-MK94S,JAPAN,PETROL,658.0,MATARA,RECONDITIONED,1,,SPACIA 5AA-MK94S
CAR,DAIHATSU,5BA-LA350S,JAPAN,PETROL,658.0,COLOMBO,RECONDITIONED,1,5BA-LA350S,MIRA E.S
CAR,SUZUKI,5AA-MH95S WAGON R,JAPAN,PETROL,658.0,GALLE,RECONDITIONED,7,5AA-MH95S,WAGON R
CAR,MAZDA,5AA-MJ95S FLAIR,JAPAN,PETROL,658.0,GALLE,RECONDITIONED,1,5AA-MJ95S,FLAIR
CAR,NISSAN,5AA-B47W DAYZ,JAPAN,PETROL,659.0,HAMBANTOTA,RECONDITIONED,1,5AA-B47W,DAYZ
CAR,SUZUKI,4AA-MN71S  X BEE,JAPAN,PETROL,996.0,RATNAPURA,RECONDITIONED,1,4AA-MN71S,X BEE
CAR,HONDA,6AA-RV5  VEZEL,JAPAN,PETROL/ELE,1496.0,PUTTALAM,RECONDITIONED,2,6AA-RV5,VEZEL
CAR,TOYOTA,6AA-AZSH36W CROWN,JAPAN,PETROL/ELE,2487.0,COLOMBO,RECONDITIONED,1,6AA-AZSH36W,CROWN
CAR,SUZUKI,5BA-H85S WAGON R,JAPAN,PETROL,658.0,COLOMBO,RECONDITIONED,1,5BA-H85S,WAGON R
CAR,TOYOTA,5BA-M700A PASSO,JAPAN,PETROL,996.0,RATNAPURA,RECONDITIONED,3,5BA-M700A,PASSO
CAR,AUDI,3AA-GYDLA A3,GERMANY,PETROL,996.0,COLOMBO,RECONDITIONED,2,3AA-GYDLA,A3
CAR,KIA,EV5,THAILAND,ELECTRIC,160.0,COLOMBO,RECONDITIONED,1,,EV5
CAR,NISSAN,5BA-B43W DAYZ,JAPAN,PETROL,658.0,KALUTARA,RECONDITIONED,3,5BA-B43W,DAYZ
CAR,SUZUKI,5BD-DA17V EVERY,JAPAN,PETROL,658.0,KEGALLE,RECONDITIONED,6,5BD-DA17V,EVERY
CAR,DAIHATSU,5BA-LA350S MIRA,JAPAN,PETROL,658.0,NUWARA-ELIYA,RECONDITIONED,1,5BA-LA350S,MIRA
CAR,TOYOTA,3BA-VJA300W,JAPAN,PETROL,3440.0,COLOMBO,RECONDITIONED,1,3BA-VJA300W,Unknown
CAR,SUZUKI,5AA-ZCEDS,JAPAN,PETROL/ELE,1190.0,COLOMBO,RECONDITIONED,1,5AA-ZCEDS,SWIFT
CAR,TOYOTA,5BA-KSP210,JAPAN,PETROL,996.0,KANDY,RECONDITIONED,1,5BA-KSP210,YARIS X
CAR,SUZUKI,4AA-MH55S WAGON R,JAPAN,PETROL/ELE,657.0,COLOMBO,RECONDITIONED,1,4AA-MH55S,WAGON R
CAR,MERCEDES BENZ,5AA-206041C C180,GERMANY,PETROL,1496.0,COLOMBO,RECONDITIONED,1,5AA-206041C,C180
CAR,SUZUKI,5AA-MH95S WAGON R,JAPAN,PETROL,658.0,KALUTARA,RECONDITIONED,11,5AA-MH95S,WAGON R
CAR,SUZUKI,5AA-MH95S WAGON R,JAPAN,PETROL/ELE,658.0,JAFFNA,RECONDITIONED,2,5AA-MH95S,WAGON R
CAR,TOYOTA,5BA-KSP210 YARIS,JAPAN,PETROL,998.0,ANURADHAPURA,RECONDITIONED,1,5BA-KSP210,YARIS
CAR,SUZUKI,5BA-MH85S WAGON R,JAPAN,PETROL,660.0,COLOMBO,RECONDITIONED,4,5BA-MH85S,WAGON R
CAR,TOYOTA,4BA-M900A ROOMY,JAPAN,PETROL,996.0,COLOMBO,RECONDITIONED,12,4BA-M900A,ROOMY
CAR,SUZUKI,5BA-MH85S WAGON R,JAPAN,PETROL,658.0,KALUTARA,RECONDITIONED,8,5BA-MH85S,WAGON R
CAR,HONDA,6AA-GR3 FIT,JAPAN,PETROL/ELE,1496.0,MATALE,RECONDITIONED,1,6AA-GR3,FIT
CAR,SUZUKI,5BA-MH85S WAGON R,JAPAN,PETROL,656.0,KALUTARA,RECONDITIONED,2,5BA-MH85S,WAGON R
CAR,SUZUKI,3BD-DA17V EVERY,JAPAN,PETROL,658.0,COLOMBO,RECONDITIONED,15,3BD-DA17V,EVERY
CAR,SUZUKI,3BA-HA37S ALTO,JAPAN,PETROL,658.0,KALUTARA,RECONDITIONED,1,3BA-HA37S,ALTO
CAR,TOYOTA,3DA-FJA300W,JAPAN,DIESEL,3345.0,POLONNARUWA,RECONDITIONED,1,3DA-FJA300W,Unknown
CAR,SUZUKI,3BA-DA17W EVERY,JAPAN,PETROL,658.0,AMPARA,RECONDITIONED,3,3BA-DA17W,EVERY
CAR,TOYOTA,5BA-A201A RAIZE,JAPAN,PETROL,1196.0,COLOMBO,RECONDITIONED,49,5BA-A201A,RAIZE
CAR,TOYOTA,5BA-MZEA17 COROLLA,JAPAN,PETROL,1490.0,COLOMBO,RECONDITIONED,3,5BA-MZEA17,COROLLA
CAR,SUZUKI,5AA-MH95S WAGON R,JAPAN,PETROL/ELE,658.0,PUTTALAM,RECONDITIONED,2,5AA-MH95S,WAGON R
CAR,SUZUKI,4AA-MK54S SPACIA,JAPAN,PETROL,658.0,KALUTARA,RECONDITIONED,1,4AA-MK54S,SPACIA
CAR,TOYOTA,5AA-A202A RAIZE,JAPAN,PETROL/ELE,1196.0,GALLE,RECONDITIONED,2,5AA-A202A,RAIZE
CAR,DAIHATSU,TAFT 5BA-LA900S,JAPAN,PETROL,658.0,COLOMBO,RECONDITIONED,2,,TAFT 5BA-LA900S
CAR,NISSAN,3BA-DR17W CLIPPER,JAPAN,PETROL,658.0,MATALE,RECONDITIONED,1,3BA-DR17W,CLIPPER
CAR,HONDA,6AA-RV5 VEZEL,JAPAN,PETROL/ELE,1496.0,HAMBANTOTA,RECONDITIONED,12,6AA-RV5,VEZEL
CAR,MERCEDES BENZ,5AA-177184 A180,GERMANY,PETROL,1332.0,COLOMBO,RECONDITIONED,1,5AA-177184,A180
CAR,TOYOTA,5BA-KSP210  YARIS,JAPAN,PETROL,996.0,PUTTALAM,RECONDITIONED,2,5BA-KSP210,YARIS
CAR,HONDA,HONDA CITY RS,THAILAND,PETROL,988.0,GAMPAHA,RECONDITIONED,1,,HONDA CITY RS
CAR,DAIHATSU,5BA-LA350S MIRA ES,JAPAN,PETROL,658.0,KURUNEGALA,RECONDITIONED,3,5BA-LA350S,MIRA ES
CAR,TOYOTA,4BA-M900A ROOMY,JAPAN,PETROL,996.0,KALUTARA,RECONDITIONED,4,4BA-M900A,ROOMY
CAR,DAIHATSU,5BA-LA650S TANTO,JAPAN,PETROL,658.0,KALUTARA,RECONDITIONED,2,5BA-LA650S,TANTO
CAR,HONDA,6BA-JF5 N BOX,JAPAN,PETROL,658.0,COLOMBO,RECONDITIONED,2,6BA-JF5,N BOX
CAR,TOYOTA,5BA-A201A RAIZE,JAPAN,PETROL,1198.0,RATNAPURA,RECONDITIONED,1,5BA-A201A,RAIZE
CAR,SUZUKI,5BA-MH85S WAGON R,JAPAN,PETROL,656.0,MATARA,RECONDITIONED,3,5BA-MH85S,WAGON R
CAR,TOYOTA,3BA-TRJ150W PRADO,JAPAN,PETROL,2693.0,COLOMBO,RECONDITIONED,6,3BA-TRJ150W,PRADO
CAR,TOYOTA,5BA-KSP210,JAPAN,PETROL,996.0,GAMPAHA,RECONDITIONED,6,5BA-KSP210,YARIS X
CAR,DAIHATSU,5BA-LA360S,JAPAN,PETROL,658.0,RATNAPURA,RECONDITIONED,1,5BA-LA360S,Unknown
CAR,SUZUKI,5BD-DA17V EVERY,JAPAN,PETROL,658.0,NUWARA-ELIYA,RECONDITIONED,3,5BD-DA17V,EVERY
CAR,TOYOTA,4BA-M900A ROOMY,JAPAN,PETROL,996.0,KANDY,RECONDITIONED,7,4BA-M900A,ROOMY
CAR,TOYOTA,5BA-M900A ROOMY,JAPAN,PETROL,996.0,COLOMBO,RECONDITIONED,45,5BA-M900A,ROOMY
CAR,SUZUKI,5BA-MH85S WAGON R,JAPAN,PETROL,656.0,BADULLA,RECONDITIONED,2,5BA-MH85S,WAGON R
CAR,TOYOTA,3BA-VJA300W,JAPAN,PETROL,3444.0,HAMBANTOTA,RECONDITIONED,2,3BA-VJA300W,Unknown
CAR,SUZUKI,4AA-MR52S HUSTLER,JAPAN,PETROL,658.0,KURUNEGALA,RECONDITIONED,1,4AA-MR52S,HUSTLER
CAR,SUZUKI,5AA-MK94S SPACIA,JAPAN,PETROL,658.0,GALLE,RECONDITIONED,2,5AA-MK94S,SPACIA
CAR,TOYOTA,6AA-KXPJ10 YARIS,JAPAN,PETROL/ELE,1496.0,GAMPAHA,RECONDITIONED,1,6AA-KXPJ10,YARIS
CAR,SUZUKI,5BD-DA17V,JAPAN,PETROL,658.0,GALLE,RECONDITIONED,3,5BD-DA17V,EVERY
CAR,TOYOTA,3BA-A210A RAIZE,JAPAN,PETROL,998.0,COLOMBO,RECONDITIONED,1,3BA-A210A,RAIZE
CAR,HONDA,6AA-RV5 VEZEL,JAPAN,PETROL/ELE,1496.0,MATALE,RECONDITIONED,8,6AA-RV5,VEZEL
CAR,SUZUKI,5BD-DA17V EVERY,JAPAN,PETROL,656.0,COLOMBO,RECONDITIONED,2,5BD-DA17V,EVERY
CAR,LAND ROVER,DEFENDER SEDONA,UNITED KINGDOM,PETROL/ELE,1997.0,COLOMBO,RECONDITIONED,1,,DEFENDER SEDONA
CAR,HONDA,6AA-RV5  VEZEL,JAPAN,PETROL/ELE,1496.0,MATARA,RECONDITIONED,3,6AA-RV5,VEZEL
CAR,TOYOTA,6AA-MXPJ10  YARIS,JAPAN,PETROL/ELE,1496.0,KURUNEGALA,RECONDITIONED,1,6AA-MXPJ10,YARIS
CAR,SUZUKI,4AA-MH55S WAGON R,JAPAN,PETROL,658.0,GALLE,RECONDITIONED,1,4AA-MH55S,WAGON R
CAR,TOYOTA,3BA-VJA300W,JAPAN,PETROL,3444.0,MATARA,RECONDITIONED,2,3BA-VJA300W,Unknown
CAR,MITSUBISHI,EK WAGON 5BA-B33W,JAPAN,PETROL,658.0,KURUNEGALA,RECONDITIONED,1,,EK WAGON 5BA-B33W
CAR,SUZUKI,5AA-MR92S HUSTLER,JAPAN,PETROL,658.0,COLOMBO,RECONDITIONED,7,5AA-MR92S,HUSTLER
CAR,SUZUKI,5AA-MK53S  SPACIA,JAPAN,PETROL,658.0,COLOMBO,RECONDITIONED,1,5AA-MK53S,SPACIA
CAR,SUZUKI,5BD-DA17V EVERY,JAPAN,PETROL,658.0,KALUTARA,RECONDITIONED,9,5BD-DA17V,EVERY
CAR,HONDA,6AA-RV5 VEZEL,JAPAN,PETROL/ELE,1496.0,GALLE,RECONDITIONED,31,6AA-RV5,VEZEL
CAR,HONDA,CR-V VTIL7,AUSTRALIA,PETROL,1499.0,RATNAPURA,RECONDITIONED,1,CR-V,VTIL7
CAR,TOYOTA,5AA-A202A RAIZE,JAPAN,PETROL/ELE,1196.0,MATARA,RECONDITIONED,1,5AA-A202A,RAIZE
CAR,TOYOTA,5BA-KSP210  YARIS,JAPAN,PETROL,996.0,KURUNEGALA,RECONDITIONED,4,5BA-KSP210,YARIS
CAR,TOYOTA,3BA-A210A RAIZE,JAPAN,PETROL,996.0,RATNAPURA,RECONDITIONED,6,3BA-A210A,RAIZE
CAR,TOYOTA,6AA-NKE165 AX10,JAPAN,PETROL/ELE,1498.0,PUTTALAM,RECONDITIONED,1,6AA-NKE165,AX10
CAR,HONDA,6AA-RV5 VEZEL,JAPAN,PETROL/ELE,1496.0,KURUNEGALA,RECONDITIONED,51,6AA-RV5,VEZEL
CAR,TOYOTA,5BA-KSP210,JAPAN,PETROL,996.0,COLOMBO,RECONDITIONED,7,5BA-KSP210,YARIS X
CAR,SUZUKI,5AA-MK94S SPACIA,JAPAN,PETROL,657.0,COLOMBO,RECONDITIONED,1,5AA-MK94S,SPACIA
CAR,SUZUKI,3BA-HA37S,JAPAN,PETROL,658.0,COLOMBO,RECONDITIONED,1,3BA-HA37S,ALTO
CAR,SUZUKI,5BA-MH85S WAGON R,JAPAN,PETROL,658.0,KEGALLE,RECONDITIONED,5,5BA-MH85S,WAGON R
CAR,SUZUKI,5AA-MH95S WAGON R,JAPAN,PETROL/ELE,657.0,GALLE,RECONDITIONED,1,5AA-MH95S,WAGON R
CAR,TOYOTA,6AA-MXPJ10 YARIS,JAPAN,PETROL/ELE,1490.0,COLOMBO,RECONDITIONED,15,6AA-MXPJ10,YARIS
CAR,NISSAN,5AA-B44W DAYZ,JAPAN,PETROL,658.0,POLONNARUWA,RECONDITIONED,2,5AA-B44W,DAYZ
CAR,TOYOTA,6AA-2WR90W VOXY,JAPAN,PETROL/ELE,1797.0,COLOMBO,RECONDITIONED,1,6AA-2WR90W,VOXY
CAR,SUZUKI,5BA-MH85S WAGON R,JAPAN,PETROL,657.0,GAMPAHA,RECONDITIONED,8,5BA-MH85S,WAGON R
CAR,TOYOTA,3BA-TRJ150W,JAPAN,PETROL,2690.0,GAMPAHA,RECONDITIONED,1,3BA-TRJ150W,PRADO
CAR,SUZUKI,EVERY 5BD-DA17V,JAPAN,PETROL,658.0,COLOMBO,RECONDITIONED,2,,EVERY 5BD-DA17V
CAR,TOYOTA,5BA-M900A ROOMY,JAPAN,PETROL,996.0,GAMPAHA,RECONDITIONED,22,5BA-M900A,ROOMY
CAR,NISSAN,ALMERA,THAILAND,PETROL,999.0,MANNAR,RECONDITIONED,1,,ALMERA
CAR,SUZUKI,5BD-DA17V EVERY,JAPAN,PETROL,658.0,KANDY,RECONDITIONED,16,5BD-DA17V,EVERY
CAR,DAIHATSU,5BA-LA350S MIRA ES,JAPAN,PETROL,658.0,KALUTARA,RECONDITIONED,4,5BA-LA350S,MIRA ES
CAR,TOYOTA,5BA-KSP210 YARIS,JAPAN,PETROL,996.0,POLONNARUWA,RECONDITIONED,3,5BA-KSP210,YARIS
CAR,TOYOTA,5BA-KSP210 YARIS,JAPAN,PETROL,996.0,GALLE,RECONDITIONED,27,5BA-KSP210,YARIS
CAR,TOYOTA,3BA-A210A RAIZE,JAPAN,PETROL,996.0,HAMBANTOTA,RECONDITIONED,2,3BA-A210A,RAIZE
CAR,SUZUKI,3BA-JB64W JIMNY,JAPAN,PETROL,658.0,COLOMBO,RECONDITIONED,5,3BA-JB64W,JIMNY
CAR,SUZUKI,5BA-MH85S WAGON R,JAPAN,PETROL,658.0,TRINCOMALEE,RECONDITIONED,3,5BA-MH85S,WAGON R
CAR,TOYOTA,5AA-A202A RAIZE,JAPAN,ELECTRIC,78.0,AMPARA,RECONDITIONED,4,5AA-A202A,RAIZE
CAR,MITSUBISHI,5BA-B33W,JAPAN,PETROL,658.0,HAMBANTOTA,RECONDITIONED,1,5BA-B33W,WHITE
CAR,TOYOTA,6AA-MXPJ10,JAPAN,PETROL/ELE,1490.0,COLOMBO,RECONDITIONED,1,6AA-MXPJ10,RARIS
CAR,TOYOTA,3BA-A210A,JAPAN,PETROL,996.0,GALLE,RECONDITIONED,1,3BA-A210A,RAIZE
CAR,SUZUKI,5BA-MH85S WAGON R,JAPAN,PETROL,657.0,JAFFNA,RECONDITIONED,1,5BA-MH85S,WAGON R
CAR,TOYOTA,5AA-A202A  RAIZE,JAPAN,PETROL/ELE,78.0,COLOMBO,RECONDITIONED,2,5AA-A202A,RAIZE
CAR,DAIHATSU,5BA-LA350S MIRA,JAPAN,PETROL,658.0,GALLE,RECONDITIONED,4,5BA-LA350S,MIRA
CAR,SUZUKI,5BA-MH85S WAGON R,JAPAN,PETROL,656.0,GAMPAHA,RECONDITIONED,4,5BA-MH85S,WAGON R
CAR,MERCEDES BENZ,EQE300SUV,GERMANY,ELECTRIC,180.0,PUTTALAM,RECONDITIONED,1,,EQE300SUV
CAR,DAIHATSU,5BA-LA350S MIRA,JAPAN,PETROL,658.0,JAFFNA,RECONDITIONED,3,5BA-LA350S,MIRA
CAR,MG4,MG4 V ELECTRIC,THAILAND,ELECTRIC,125.0,GAMPAHA,RECONDITIONED,1,,MG4 V ELECTRIC
CAR,SUZUKI,4AA-MN71S XBEE,JAPAN,PETROL/ELE,996.0,COLOMBO,RECONDITIONED,1,4AA-MN71S,XBEE
CAR,HONDA,6AA-RV 5 VEZEL,JAPAN,PETROL/ELE,1496.0,GALLE,RECONDITIONED,1,6AA-RV,5 VEZEL
CAR,SUZUKI,3BA-HA37S ALTO,JAPAN,PETROL,658.0,GALLE,RECONDITIONED,3,3BA-HA37S,ALTO
CAR,HONDA,6AA-RV5 VEZEL,JAPAN,PETROL/ELE,1496.0,KANDY,RECONDITIONED,45,6AA-RV5,VEZEL
CAR,HONDA,6AA-RV5   VEZEL,JAPAN,PETROL/ELE,1496.0,COLOMBO,RECONDITIONED,3,6AA-RV5,VEZEL
CAR,TOYOTA,6AA-MXPJ10 YARIS,JAPAN,PETROL/ELE,1496.0,GAMPAHA,RECONDITIONED,27,6AA-MXPJ10,YARIS
CAR,HONDA,6AA-RV5 VEZEL,JAPAN,PETROL/ELE,1496.0,KALUTARA,RECONDITIONED,38,6AA-RV5,VEZEL
CAR,HONDA,6AA-RV5 VEZEL,JAPAN,PETROL/ELE,1496.0,GAMPAHA,RECONDITIONED,130,6AA-RV5,VEZEL
CAR,HONDA,6AA-RV5 VEZEL,JAPAN,PETROL/ELE,1496.0,VAVUNIYA,RECONDITIONED,4,6AA-RV5,VEZEL
CAR,DAIHATSU,5BA-LA350S MIRA,JAPAN,PETROL,658.0,GAMPAHA,RECONDITIONED,16,5BA-LA350S,MIRA
CAR,SUZUKI,5BA-MH85S WAGON R,JAPAN,PETROL,658.0,GAMPAHA,RECONDITIONED,45,5BA-MH85S,WAGON R
CAR,SUZUKI,3BD-DA17V EVERY,JAPAN,PETROL,658.0,GAMPAHA,RECONDITIONED,8,3BD-DA17V,EVERY
CAR,TOYOTA,5AA-A202A RAIZE,JAPAN,PETROL/ELE,78.0,COLOMBO,RECONDITIONED,22,5AA-A202A,RAIZE
CAR,TOYOTA,3BD-S700M PIXIS,JAPAN,PETROL,658.0,COLOMBO,RECONDITIONED,1,3BD-S700M,PIXIS
CAR,TOYOTA,6AA-MXPJ10 YARISS,JAPAN,PETROL/ELE,1490.0,MATARA,RECONDITIONED,1,6AA-MXPJ10,YARISS
CAR,SUZUKI,5BA-MH85S WAGON R,JAPAN,PETROL,658.0,PUTTALAM,RECONDITIONED,11,5BA-MH85S,WAGON R
CAR,TOYOTA,5BA-KSP210 YARIS,JAPAN,PETROL,996.0,HAMBANTOTA,RECONDITIONED,8,5BA-KSP210,YARIS
CAR,SUZUKI,5BA-MH85S WAGON R,JAPAN,PETROL,658.0,KURUNEGALA,RECONDITIONED,13,5BA-MH85S,WAGON R
CAR,TOYOTA,YARIS ATIV PREMIUM,THAILAND,PETROL,1197.0,GAMPAHA,RECONDITIONED,1,,YARIS ATIV PREMIUM
CAR,TOYOTA,3BF-TRH200V HIACE,JAPAN,PETROL,1998.0,COLOMBO,RECONDITIONED,1,3BF-TRH200V,HIACE
CAR,HONDA,6AA-RV6 VEZEL,JAPAN,PETROL/ELE,1496.0,GAMPAHA,RECONDITIONED,1,6AA-RV6,VEZEL
CAR,TOYOTA,5BA-KSP210 YARIS,JAPAN,PETROL,998.0,KALUTARA,RECONDITIONED,2,5BA-KSP210,YARIS
CAR,SUZUKI,5AA-MH85S WAGON R,JAPAN,PETROL,658.0,COLOMBO,RECONDITIONED,1,5AA-MH85S,WAGON R
CAR,SUZUKI,3BA-HA37S ALTO,JAPAN,PETROL,658.0,RATNAPURA,RECONDITIONED,4,3BA-HA37S,ALTO
CAR,SUZUKI,4AA-MK54S SPACIA,JAPAN,PETROL,658.0,GAMPAHA,RECONDITIONED,7,4AA-MK54S,SPACIA
CAR,TOYOTA,3BA-A210A RAIZE,JAPAN,PETROL,996.0,KEGALLE,RECONDITIONED,8,3BA-A210A,RAIZE
CAR,TOYOTA,3BA-NGX10 C-HR,JAPAN,PETROL,1196.0,COLOMBO,RECONDITIONED,5,3BA-NGX10,C-HR
CAR,TOYOTA,5BA-M900A ROOMY,JAPAN,PETROL,996.0,POLONNARUWA,RECONDITIONED,3,5BA-M900A,ROOMY
CAR,SUZUKI,5AA-MR92S HUSTLER,JAPAN,PETROL,658.0,GAMPAHA,RECONDITIONED,2,5AA-MR92S,HUSTLER
CAR,SUZUKI,5AA-MK94S SPACIA,JAPAN,PETROL,656.0,MATARA,RECONDITIONED,1,5AA-MK94S,SPACIA
CAR,TOYOTA,5BA-A201A  RAIZE,JAPAN,PETROL,1196.0,KURUNEGALA,RECONDITIONED,1,5BA-A201A,RAIZE
CAR,TOYOTA,5AA-A202A RAIZE,JAPAN,PETROL/ELE,78.0,VAVUNIYA,RECONDITIONED,1,5AA-A202A,RAIZE
CAR,MAZDA,5AA-MJ95S,JAPAN,PETROL,658.0,TRINCOMALEE,RECONDITIONED,1,5AA-MJ95S,FLAIR
CAR,SUZUKI,3BA-HA37S,JAPAN,PETROL,658.0,GALLE,RECONDITIONED,1,3BA-HA37S,ALTO
CAR,TOYOTA,5AA-A202A RAIZE,JAPAN,ELECTRIC,1196.0,ANURADHAPURA,RECONDITIONED,1,5AA-A202A,RAIZE
CAR,TOYOTA,5BA-A201A  RAIZE,JAPAN,PETROL,1196.0,COLOMBO,RECONDITIONED,1,5BA-A201A,RAIZE
CAR,TOYOTA,3BA-A210A,JAPAN,PETROL,996.0,GAMPAHA,RECONDITIONED,4,3BA-A210A,RAIZE
CAR,TOYOTA,ROOMY 5BA-M900A,JAPAN,PETROL,996.0,GAMPAHA,RECONDITIONED,1,,ROOMY 5BA-M900A
CAR,SUZUKI,4AA-MK54S SPACIA,JAPAN,PETROL,658.0,KURUNEGALA,RECONDITIONED,10,4AA-MK54S,SPACIA
CAR,TOYOTA,3BA-VJA300W,JAPAN,PETROL,3444.0,KEGALLE,RECONDITIONED,1,3BA-VJA300W,Unknown
CAR,TOYOTA,5BA-KSP210 YARIS,JAPAN,PETROL,996.0,RATNAPURA,RECONDITIONED,12,5BA-KSP210,YARIS
CAR,NISSAN,6AA-T33X TRAIL,JAPAN,PETROL/ELE,157.0,GAMPAHA,RECONDITIONED,1,6AA-T33X,TRAIL
CAR,SUZUKI,5AA-MH95S WAGON R,JAPAN,PETROL/ELE,658.0,MULLATIVU,RECONDITIONED,2,5AA-MH95S,WAGON R
CAR,TOYOTA,6AA-ZVG13 COROLLA,JAPAN,PETROL/ELE,1797.0,COLOMBO,RECONDITIONED,9,6AA-ZVG13,COROLLA
CAR,SUZUKI,5AA-MH95S WAGON R,JAPAN,PETROL,658.0,MATARA,RECONDITIONED,8,5AA-MH95S,WAGON R
CAR,TOYOTA,5BA-A201A RAIZE,JAPAN,PETROL,1196.0,RATNAPURA,RECONDITIONED,5,5BA-A201A,RAIZE
CAR,HONDA,VEZEL 6AA-RV5,JAPAN,PETROL/ELE,1496.0,COLOMBO,RECONDITIONED,6,,VEZEL 6AA-RV5
CAR,HONDA,CITY  RS,THAILAND,PETROL,988.0,GAMPAHA,RECONDITIONED,1,,CITY  RS
CAR,TOYOTA,5BA-KS9210 YARIS,JAPAN,PETROL,996.0,GAMPAHA,RECONDITIONED,1,5BA-KS9210,YARIS
CAR,TOYOTA,5BA-M900A  ROOMY,JAPAN,PETROL,996.0,COLOMBO,RECONDITIONED,3,5BA-M900A,ROOMY
CAR,SUZUKI,5AA-MH95S WAGON R,JAPAN,PETROL,657.0,VAVUNIYA,RECONDITIONED,3,5AA-MH95S,WAGON R
CAR,MG4,MG4 V ELECTRIC,THAILAND,ELECTRIC,125.0,COLOMBO,RECONDITIONED,2,,MG4 V ELECTRIC
CAR,HONDA,6AA-RV5 VEZEL,JAPAN,PETROL/ELE,1496.0,MATARA,RECONDITIONED,23,6AA-RV5,VEZEL
CAR,TOYOTA,5BA-A201A,JAPAN,PETROL,1196.0,GAMPAHA,RECONDITIONED,2,5BA-A201A,RAICE
CAR,SUZUKI,4AA-MK54S SPACIA,JAPAN,PETROL,658.0,BATTICALOA,RECONDITIONED,3,4AA-MK54S,SPACIA
CAR,TOYOTA,YARIS ATIV,THAILAND,PETROL,1197.0,COLOMBO,RECONDITIONED,3,,YARIS ATIV
CAR,SUZUKI,5BA-MH85S WAGON R,JAPAN,PETROL,656.0,ANURADHAPURA,RECONDITIONED,10,5BA-MH85S,WAGON R
CAR,TOYOTA,YARIS CROSS,THAILAND,PETROL/ELE,1496.0,GAMPAHA,RECONDITIONED,7,,YARIS CROSS
CAR,HONDA,6AA-RV5 VEZEL,JAPAN,PETROL/ELE,1496.0,RATNAPURA,RECONDITIONED,21,6AA-RV5,VEZEL
CAR,HONDA,6AA-RV5 VEZEEL,JAPAN,PETROL/ELE,1496.0,GAMPAHA,RECONDITIONED,1,6AA-RV5,VEZEEL
CAR,TOYOTA,5BA-M900A-ROOMY,JAPAN,PETROL,996.0,KURUNEGALA,RECONDITIONED,1,5BA-M900A-ROOMY,Unknown
CAR,TOYOTA,5AA-A202A RAIZE,JAPAN,ELECTRIC,78.0,KANDY,RECONDITIONED,2,5AA-A202A,RAIZE
CAR,DAIHATSU,5BA-LA350S MIRA E.S.,JAPAN,PETROL,658.0,KURUNEGALA,RECONDITIONED,1,5BA-LA350S,MIRA E.S.
CAR,TOYOTA,5AA-A202A RAIZE,JAPAN,PETROL/ELE,1196.0,KALUTARA,RECONDITIONED,1,5AA-A202A,RAIZE
CAR,TOYOTA,5BA-M900A,JAPAN,PETROL,996.0,KANDY,RECONDITIONED,1,5BA-M900A,Unknown
CAR,NISSAN,4AA-B45W DAYS,JAPAN,PETROL,658.0,KURUNEGALA,RECONDITIONED,1,4AA-B45W,DAYS
CAR,SUZUKI,5AA-MK94S SPACIA,JAPAN,PETROL,658.0,GAMPAHA,RECONDITIONED,7,5AA-MK94S,SPACIA
CAR,SUZUKI,5AA-MK53S,JAPAN,PETROL/ELE,658.0,MATALE,RECONDITIONED,1,5AA-MK53S,Unknown
CAR,MAZDA,5BD-DG17V SCRUM,JAPAN,PETROL,658.0,GAMPAHA,RECONDITIONED,1,5BD-DG17V,SCRUM
CAR,HONDA,CITY RS,THAILAND,PETROL,988.0,GAMPAHA,RECONDITIONED,15,,CITY RS
CAR,HONDA,VEZEL 6AA-RV5,JAPAN,PETROL/ELE,1496.0,RATNAPURA,RECONDITIONED,1,,VEZEL 6AA-RV5
CAR,SUZUKI,3BD-DA17V EVERY,JAPAN,PETROL,658.0,GALLE,RECONDITIONED,1,3BD-DA17V,EVERY
CAR,TOYOTA,5BA-LA250A PIXIS JOY,JAPAN,PETROL,658.0,GAMPAHA,RECONDITIONED,1,5BA-LA250A,PIXIS JOY
CAR,MERCEDES BENZ,GLB200,UNITED KINGDOM,PETROL,1332.0,KANDY,RECONDITIONED,1,,GLB200
CAR,DAIHATSU,5BA-M700S BOON,JAPAN,PETROL,996.0,GAMPAHA,RECONDITIONED,2,5BA-M700S,BOON
CAR,TOYOTA,6AA-AXUH80 HARRIER,JAPAN,PETROL/ELE,2487.0,COLOMBO,RECONDITIONED,2,6AA-AXUH80,HARRIER
CAR,DAIHATSU,5AA-A202S  ROCKY,JAPAN,PETROL/ELE,1196.0,MATARA,RECONDITIONED,1,5AA-A202S,ROCKY
CAR,SUZUKI,5AA-MH95S WAGON R,JAPAN,PETROL/ELE,658.0,MATALE,RECONDITIONED,1,5AA-MH95S,WAGON R
CAR,TOYOTA,5BA-M900A,JAPAN,PETROL,996.0,KURUNEGALA,RECONDITIONED,1,5BA-M900A,Unknown
CAR,TOYOTA,3BA-VJA300W,JAPAN,PETROL,3444.0,GAMPAHA,RECONDITIONED,11,3BA-VJA300W,Unknown
CAR,TOYOTA,5BA-A201A RAIZE,JAPAN,PETROL,1196.0,GAMPAHA,RECONDITIONED,24,5BA-A201A,RAIZE
CAR,SUZUKI,5AA-MH95S WAGON R,JAPAN,PETROL/ELE,657.0,GAMPAHA,RECONDITIONED,1,5AA-MH95S,WAGON R
CAR,TOYOTA,3BA-TRJ150W PRADO,JAPAN,PETROL,2693.0,PUTTALAM,RECONDITIONED,1,3BA-TRJ150W,PRADO
CAR,TOYOTA,6AA-MXPJ10 YARIS,JAPAN,PETROL/ELE,1496.0,AMPARA,RECONDITIONED,1,6AA-MXPJ10,YARIS
CAR,TOYOTA,3BA-TRJ250W,JAPAN,PETROL,2693.0,GAMPAHA,RECONDITIONED,18,3BA-TRJ250W,4WD VX
CAR,SUZUKI,4AA-MH55S WAGON R,JAPAN,PETROL,658.0,ANURADHAPURA,RECONDITIONED,1,4AA-MH55S,WAGON R
CAR,TOYOTA,5BA-KSP210 YARIS,JAPAN,PETROL,998.0,COLOMBO,RECONDITIONED,5,5BA-KSP210,YARIS
CAR,HONDA,6AA-RV5  VEZEL,JAPAN,PETROL/ELE,1496.0,COLOMBO,RECONDITIONED,15,6AA-RV5,VEZEL
CAR,TOYOTA,5BA-A201A RAIZE,JAPAN,PETROL,1198.0,GAMPAHA,RECONDITIONED,2,5BA-A201A,RAIZE
CAR,SUZUKI,5AA-MH95S,JAPAN,PETROL/ELE,658.0,GAMPAHA,RECONDITIONED,1,5AA-MH95S,Unknown
CAR,HONDA,CRV,AUSTRALIA,PETROL,1498.0,GAMPAHA,RECONDITIONED,1,,CRV
CAR,TOYOTA,5BA-MZEA17  COROLLA,JAPAN,PETROL,1490.0,GALLE,RECONDITIONED,1,5BA-MZEA17,COROLLA
CAR,TOYOTA,5BA-KSP210,JAPAN,PETROL,998.0,BADULLA,RECONDITIONED,1,5BA-KSP210,YARIS X
CAR,TOYOTA,5BA-KSP210 YARIS,JAPAN,PETROL,996.0,PUTTALAM,RECONDITIONED,14,5BA-KSP210,YARIS
CAR,SUZUKI,WAGON R 5AA-MH95S,JAPAN,PETROL,658.0,COLOMBO,RECONDITIONED,1,,WAGON R 5AA-MH95S
CAR,DAIHATSU,5BA-M900S THOR,JAPAN,PETROL,996.0,PUTTALAM,RECONDITIONED,1,5BA-M900S,THOR
CAR,HONDA,CITY,THAILAND,PETROL,988.0,JAFFNA,RECONDITIONED,2,,CITY
CAR,TOYOTA,6AA-MXPJ15 YARIS,JAPAN,PETROL/ELE,1496.0,GAMPAHA,RECONDITIONED,1,6AA-MXPJ15,YARIS
CAR,TOYOTA,3BA-A210A RAIZE,JAPAN,PETROL,996.0,GAMPAHA,RECONDITIONED,34,3BA-A210A,RAIZE
CAR,DAIHATSU,5BA-LA900S TAFT,JAPAN,PETROL,658.0,PUTTALAM,RECONDITIONED,2,5BA-LA900S,TAFT
CAR,HONDA,CITY RS VTEC TURBO,THAILAND,PETROL,988.0,COLOMBO,RECONDITIONED,1,,CITY RS VTEC TURBO
CAR,TOYOTA,5AA-A202A RAIZE,JAPAN,ELECTRIC,78.0,COLOMBO,RECONDITIONED,18,5AA-A202A,RAIZE
CAR,SUZUKI,4AA-MH55S WAGON R,JAPAN,PETROL,658.0,COLOMBO,RECONDITIONED,8,4AA-MH55S,WAGON R
CAR,SUZUKI,4AA-MN71S XBEE,JAPAN,PETROL,996.0,GAMPAHA,RECONDITIONED,2,4AA-MN71S,XBEE
CAR,DAIHATSU,3BA-A210S ROCKY,JAPAN,PETROL,996.0,GAMPAHA,RECONDITIONED,4,3BA-A210S,ROCKY
CAR,MITSUBISHI,5BA-B33W EK WAGON,JAPAN,PETROL,658.0,HAMBANTOTA,RECONDITIONED,1,5BA-B33W,EK WAGON
CAR,NISSAN,5BA-B43W DAYZ,JAPAN,PETROL,658.0,GAMPAHA,RECONDITIONED,4,5BA-B43W,DAYZ
CAR,TOYOTA,3BA-TRJ150W PRADO,JAPAN,PETROL,2693.0,MANNAR,RECONDITIONED,1,3BA-TRJ150W,PRADO
CAR,TOYOTA,3BA-A210A RAIZE,JAPAN,PETROL,996.0,KALUTARA,RECONDITIONED,9,3BA-A210A,RAIZE
CAR,TOYOTA,3BA-A210A  RAIZE,JAPAN,PETROL,996.0,COLOMBO,RECONDITIONED,4,3BA-A210A,RAIZE
CAR,SUZUKI,5BA-MH85S WAGON R,JAPAN,PETROL,658.0,MONERAGALA,RECONDITIONED,2,5BA-MH85S,WAGON R
CAR,TOYOTA,6AA-MXPJ10 YARIS,JAPAN,PETROL/ELE,1496.0,GALLE,RECONDITIONED,3,6AA-MXPJ10,YARIS
CAR,TOYOTA,3DA-FJA300W,JAPAN,DIESEL,3345.0,COLOMBO,RECONDITIONED,5,3DA-FJA300W,Unknown
CAR,DAIHATSU,5BA-LA900S TAFT,JAPAN,PETROL,658.0,KURUNEGALA,RECONDITIONED,7,5BA-LA900S,TAFT
CAR,FORD,MUSTANG,AUSTRALIA,PETROL,2300.0,PUTTALAM,RECONDITIONED,1,,MUSTANG
CAR,SUZUKI,5BA-MH85S WAGON R,JAPAN,PETROL,658.0,COLOMBO,RECONDITIONED,52,5BA-MH85S,WAGON R
CAR,HONDA,CR-V VTI L7,AUSTRALIA,PETROL,1498.0,GAMPAHA,RECONDITIONED,1,CR-V,VTI L7
CAR,TOYOTA,5BA-KSP210 YARIS X,JAPAN,PETROL,990.0,KANDY,RECONDITIONED,1,5BA-KSP210,YARIS X
CAR,SUZUKI,5BA-MH85S  WAGON R,JAPAN,PETROL,658.0,PUTTALAM,RECONDITIONED,1,5BA-MH85S,WAGON R
CAR,TOYOTA,3BA-A210A RAIZE,JAPAN,PETROL,996.0,COLOMBO,RECONDITIONED,53,3BA-A210A,RAIZE
CAR,TOYOTA,3BA-TRJ250W,JAPAN,PETROL,2693.0,HAMBANTOTA,RECONDITIONED,3,3BA-TRJ250W,4WD VX
CAR,HONDA,6BA-JF3  N-BOX,JAPAN,PETROL,658.0,NUWARA-ELIYA,RECONDITIONED,1,6BA-JF3,N-BOX
CAR,DAIHATSU,5BA-LA900S TAFT,JAPAN,PETROL,658.0,COLOMBO,RECONDITIONED,29,5BA-LA900S,TAFT
CAR,HONDA,6AA-RV5,JAPAN,PETROL/ELE,1496.0,COLOMBO,RECONDITIONED,2,6AA-RV5,VEZEL Z PLAY
CAR,SUZUKI,3BA-DA17W EVERY,JAPAN,PETROL,658.0,KURUNEGALA,RECONDITIONED,4,3BA-DA17W,EVERY
CAR,TOYOTA,3BA-TRJ250W,JAPAN,PETROL,2693.0,RATNAPURA,RECONDITIONED,2,3BA-TRJ250W,4WD VX
CAR,TOYOTA,3BA-TRJ250W,JAPAN,PETROL,2693.0,NUWARA-ELIYA,RECONDITIONED,1,3BA-TRJ250W,4WD VX
CAR,TOYOTA,5AA-A202A RAIZE,JAPAN,PETROL/ELE,78.0,GAMPAHA,RECONDITIONED,22,5AA-A202A,RAIZE
CAR,TOYOTA,4BA-M900A  ROOMY,JAPAN,PETROL,996.0,TRINCOMALEE,RECONDITIONED,1,4BA-M900A,ROOMY
CAR,TOYOTA,5BA-KSP210 YARIS,JAPAN,PETROL,996.0,BADULLA,RECONDITIONED,2,5BA-KSP210,YARIS
CAR,SUZUKI,5AA-MH95S WAGON R,JAPAN,PETROL,657.0,COLOMBO,RECONDITIONED,7,5AA-MH95S,WAGON R
CAR,TOYOTA,YARIS CROSS,THAILAND,PETROL/ELE,1496.0,MONERAGALA,RECONDITIONED,1,,YARIS CROSS
CAR,DAIHATSU,5BA-LA900S TAFT,JAPAN,PETROL,658.0,GALLE,RECONDITIONED,3,5BA-LA900S,TAFT
CAR,SUZUKI,4AA-MK54S SPACIA,JAPAN,PETROL,658.0,KANDY,RECONDITIONED,11,4AA-MK54S,SPACIA
CAR,HONDA,5BA-R23   ZR-V,JAPAN,PETROL,1496.0,COLOMBO,RECONDITIONED,1,5BA-R23,ZR-V
CAR,MITSUBISHI,5BA-B33W WHITE,JAPAN,PETROL,658.0,COLOMBO,RECONDITIONED,1,5BA-B33W,WHITE
CAR,TOYOTA,5AA-A202A RAIZE,JAPAN,PETROL/ELE,78.0,KURUNEGALA,RECONDITIONED,9,5AA-A202A,RAIZE
CAR,TOYOTA,5BA-M710A PASSO,JAPAN,PETROL,996.0,COLOMBO,RECONDITIONED,1,5BA-M710A,PASSO
CAR,TOYOTA,3BA-TRJ250W PRADO,JAPAN,PETROL,2693.0,COLOMBO,RECONDITIONED,4,3BA-TRJ250W,PRADO
CAR,TOYOTA,3BA-TRJ150W,JAPAN,PETROL,2693.0,COLOMBO,RECONDITIONED,13,3BA-TRJ150W,PRADO
CAR,TOYOTA,3BA-A210A RAIZE,JAPAN,PETROL,996.0,POLONNARUWA,RECONDITIONED,4,3BA-A210A,RAIZE
CAR,TOYOTA,5AA-A202A RAIZE,JAPAN,PETROL/ELE,1196.0,COLOMBO,RECONDITIONED,8,5AA-A202A,RAIZE
CAR,TOYOTA,5AA-A202A RAIZE,JAPAN,PETROL/ELE,1196.0,GAMPAHA,RECONDITIONED,7,5AA-A202A,RAIZE
CAR,TOYOTA,5BA- M900A ROOMY,JAPAN,PETROL,996.0,MATALE,RECONDITIONED,1,,5BA- M900A ROOMY
CAR,TOYOTA,5BA-A201A RAIZE,JAPAN,PETROL,1196.0,KURUNEGALA,RECONDITIONED,4,5BA-A201A,RAIZE
CAR,TOYOTA,5BA-MZEA17 COROLLA,JAPAN,PETROL,1490.0,GAMPAHA,RECONDITIONED,2,5BA-MZEA17,COROLLA
CAR,TOYOTA,5AA-A202A RAIZE,JAPAN,PETROL/ELE,78.0,JAFFNA,RECONDITIONED,4,5AA-A202A,RAIZE
CAR,TOYOTA,5AA-A202A  RAIZE,JAPAN,PETROL/ELE,78.0,KANDY,RECONDITIONED,2,5AA-A202A,RAIZE
CAR,TOYOTA,6AA-MXPJ10,JAPAN,PETROL/ELE,1490.0,KURUNEGALA,RECONDITIONED,1,6AA-MXPJ10,RARIS
CAR,HONDA,CITY,THAILAND,PETROL,988.0,POLONNARUWA,RECONDITIONED,1,,CITY
CAR,TOYOTA,6AA-ZVG13 COROLLA,JAPAN,PETROL/ELE,1797.0,POLONNARUWA,RECONDITIONED,1,6AA-ZVG13,COROLLA
CAR,DAIHATSU,5BA-LA350S MIRA E.S,JAPAN,PETROL,658.0,COLOMBO,RECONDITIONED,9,5BA-LA350S,MIRA E.S
CAR,HONDA,CITY HONDA,THAILAND,PETROL,988.0,KANDY,RECONDITIONED,1,,CITY HONDA
CAR,TOYOTA,5BA-A201A RAIZE,JAPAN,PETROL,1197.0,PUTTALAM,RECONDITIONED,1,5BA-A201A,RAIZE
CAR,DAIHATSU,5BA-M700S BOON,JAPAN,PETROL,996.0,JAFFNA,RECONDITIONED,1,5BA-M700S,BOON
CAR,DAIHATSU,5BA-LA350S MIRA E S,JAPAN,PETROL,658.0,POLONNARUWA,RECONDITIONED,1,5BA-LA350S,MIRA E S
CAR,NISSAN,5AA-B44W DAYZ,JAPAN,PETROL,658.0,GALLE,RECONDITIONED,1,5AA-B44W,DAYZ
CAR,SUZUKI,5AA-MH95S WAGON R,JAPAN,PETROL,658.0,NUWARA-ELIYA,RECONDITIONED,3,5AA-MH95S,WAGON R
CAR,TOYOTA,5AA-A202A RAIZE,JAPAN,PETROL/ELE,1196.0,KANDY,RECONDITIONED,3,5AA-A202A,RAIZE
CAR,B.M.W.,3BA-7K15 218I PLAY,GERMANY,PETROL,1496.0,KALUTARA,RECONDITIONED,1,3BA-7K15,218I PLAY
CAR,TOYOTA,3BA-TRJ150W,JAPAN,PETROL,2693.0,JAFFNA,RECONDITIONED,1,3BA-TRJ150W,PRADO
CAR,TOYOTA,5BA-M900A ROOMY,JAPAN,PETROL,996.0,RATNAPURA,RECONDITIONED,3,5BA-M900A,ROOMY
CAR,DAIHATSU,5BA-LA900S TAFT,JAPAN,PETROL,628.0,COLOMBO,RECONDITIONED,1,5BA-LA900S,TAFT
CAR,NISSAN,5BD-DR17V CLIPPER,JAPAN,PETROL,658.0,COLOMBO,RECONDITIONED,12,5BD-DR17V,CLIPPER
CAR,SUZUKI,5BA-MH85S WAGON R,JAPAN,PETROL,657.0,KANDY,RECONDITIONED,1,5BA-MH85S,WAGON R
CAR,HONDA,6AA-RV5 VEZEL,JAPAN,PETROL/ELE,1496.0,MONERAGALA,RECONDITIONED,6,6AA-RV5,VEZEL
CAR,HONDA,6AA-RV6 VEZEL,JAPAN,PETROL/ELE,1496.0,KALUTARA,RECONDITIONED,1,6AA-RV6,VEZEL
CAR,SUZUKI,5BD DA17V EVERY,JAPAN,PETROL,658.0,KALUTARA,RECONDITIONED,1,,5BD DA17V EVERY
CAR,TOYOTA,5BA-KSP210 YARIS,JAPAN,PETROL,996.0,MATALE,RECONDITIONED,3,5BA-KSP210,YARIS
CAR,SUZUKI,4AA-MH55S WAGON R,JAPAN,PETROL,658.0,MATARA,RECONDITIONED,2,4AA-MH55S,WAGON R
CAR,SUZUKI,5AA-MK53S SPACIA,JAPAN,PETROL,658.0,COLOMBO,RECONDITIONED,3,5AA-MK53S,SPACIA
CAR,NISSAN,4AA-B45W DAYZ,JAPAN,PETROL,658.0,KALUTARA,RECONDITIONED,2,4AA-B45W,DAYZ
CAR,HONDA,6BA-JF5,JAPAN,PETROL,658.0,GAMPAHA,RECONDITIONED,3,6BA-JF5,N BOX
CAR,SUZUKI,5BD-DA17V   EVERY,JAPAN,PETROL,658.0,PUTTALAM,RECONDITIONED,1,5BD-DA17V,EVERY
CAR,SUZUKI,5AA-MK94S SPACIA,JAPAN,PETROL,658.0,MATARA,RECONDITIONED,2,5AA-MK94S,SPACIA
CAR,TOYOTA,5BA-M900A ROOMY,JAPAN,PETROL,996.0,AMPARA,RECONDITIONED,7,5BA-M900A,ROOMY
CAR,TOYOTA,5BA-KSP-210 YARIS,JAPAN,PETROL,996.0,RATNAPURA,RECONDITIONED,1,5BA-KSP-210,YARIS
CAR,SUZUKI,3BA-DA17W EVERY,JAPAN,PETROL,658.0,KEGALLE,RECONDITIONED,5,3BA-DA17W,EVERY
CAR,MERCEDES BENZ,4AA-238477C E200,GERMANY,PETROL,1496.0,GAMPAHA,RECONDITIONED,1,4AA-238477C,E200
CAR,TOYOTA,5AA-A200A RAIZE,JAPAN,ELECTRIC,78.0,COLOMBO,RECONDITIONED,1,5AA-A200A,RAIZE
CAR,SUZUKI,5AA-MH95S WAGON R,JAPAN,PETROL,658.0,POLONNARUWA,RECONDITIONED,2,5AA-MH95S,WAGON R
CAR,DAIHATSU,TAFT 5BA-LA900S,JAPAN,PETROL,658.0,BADULLA,RECONDITIONED,2,,TAFT 5BA-LA900S
CAR,DAIHATSU,5BA-LA350S MIRA,JAPAN,PETROL,658.0,RATNAPURA,RECONDITIONED,3,5BA-LA350S,MIRA
CAR,SUZUKI,5BD DA17V EVERY,JAPAN,PETROL,658.0,COLOMBO,RECONDITIONED,1,,5BD DA17V EVERY
CAR,NISSAN,3BD-DR17V CLIPPER,JAPAN,PETROL,658.0,KALUTARA,RECONDITIONED,1,3BD-DR17V,CLIPPER
CAR,HONDA,6AARV5 VEZEL,JAPAN,PETROL/ELE,1496.0,COLOMBO,RECONDITIONED,1,,6AARV5 VEZEL
CAR,TOYOTA,5BD-A201A RAIZE,JAPAN,PETROL,1196.0,GAMPAHA,RECONDITIONED,1,5BD-A201A,RAIZE
CAR,NISSAN,5BA-B43W DAYS,JAPAN,PETROL,659.0,KALUTARA,RECONDITIONED,1,5BA-B43W,DAYS
CAR,TOYOTA,3BA-A210A RAIZE,JAPAN,PETROL,990.0,ANURADHAPURA,RECONDITIONED,1,3BA-A210A,RAIZE
CAR,TOYOTA,5AA- A202A RAIZE,JAPAN,ELECTRIC,78.0,GAMPAHA,RECONDITIONED,1,,5AA- A202A RAIZE
CAR,LAND ROVER,DISCOVERY SPORTS,UNITED KINGDOM,PETROL/ELE,1498.0,GAMPAHA,RECONDITIONED,1,,DISCOVERY SPORTS
CAR,DAIHATSU,4BA-M900S THOR,JAPAN,PETROL,996.0,KURUNEGALA,RECONDITIONED,1,4BA-M900S,THOR
CAR,DAIHATSU,5AA-A202S ROCKY,JAPAN,PETROL/ELE,1190.0,KURUNEGALA,RECONDITIONED,1,5AA-A202S,ROCKY
CAR,HONDA,6BA-JF5,JAPAN,PETROL,658.0,KANDY,RECONDITIONED,2,6BA-JF5,N BOX
CAR,TOYOTA,5BA-M900A ROOMY,JAPAN,PETROL,996.0,MONERAGALA,RECONDITIONED,3,5BA-M900A,ROOMY
CAR,HONDA,6AA-RV5-VEZEL,JAPAN,PETROL/ELE,1496.0,GAMPAHA,RECONDITIONED,1,6AA-RV5-VEZEL,Unknown
CAR,SUZUKI,5BD-DA17V  EVERY,JAPAN,PETROL,658.0,KURUNEGALA,RECONDITIONED,1,5BD-DA17V,EVERY
CAR,SUZUKI,4AA-MK54S SPACIA,JAPAN,PETROL,658.0,KEGALLE,RECONDITIONED,2,4AA-MK54S,SPACIA
CAR,MAZDA,5BD-DG17V,JAPAN,PETROL,658.0,HAMBANTOTA,RECONDITIONED,1,5BD-DG17V,SCRUM
CAR,SUZUKI,4AA-MN71S X-BEE,JAPAN,PETROL,996.0,GAMPAHA,RECONDITIONED,1,4AA-MN71S,X-BEE
CAR,NISSAN,ALMERA,THAILAND,PETROL,999.0,MATARA,RECONDITIONED,1,,ALMERA
CAR,DAIHATSU,5BA-LA350S MIRA E.S,JAPAN,PETROL,658.0,GAMPAHA,RECONDITIONED,2,5BA-LA350S,MIRA E.S
CAR,TOYOTA,3BA-TRJ150W,JAPAN,PETROL,2693.0,RATNAPURA,RECONDITIONED,2,3BA-TRJ150W,PRADO
CAR,MERCEDES BENZ,5LA214054 E350E,GERMANY,PETROL/ELE,1997.0,COLOMBO,RECONDITIONED,1,,5LA214054 E350E
CAR,TOYOTA,5AA-A202A,JAPAN,PETROL/ELE,78.0,GAMPAHA,RECONDITIONED,1,5AA-A202A,Unknown
CAR,NISSAN,4AA-B45W,JAPAN,PETROL,658.0,HAMBANTOTA,RECONDITIONED,1,4AA-B45W,Unknown
CAR,DAIHATSU,5BA-LA900S,JAPAN,PETROL,658.0,COLOMBO,RECONDITIONED,2,5BA-LA900S,TAFT
CAR,TOYOTA,YARIS CROSS,THAILAND,PETROL/ELE,1496.0,PUTTALAM,RECONDITIONED,1,,YARIS CROSS
CAR,NISSAN,CLIPPER 5BD-DR17V,JAPAN,PETROL,658.0,GAMPAHA,RECONDITIONED,1,,CLIPPER 5BD-DR17V
CAR,SUZUKI,5AA-MH95S WAGON R,JAPAN,PETROL,660.0,NUWARA-ELIYA,RECONDITIONED,1,5AA-MH95S,WAGON R
CAR,MERCEDES BENZ,EQE 300,GERMANY,ELECTRIC,180.0,COLOMBO,RECONDITIONED,1,,EQE 300
CAR,TOYOTA,3BA-NGX50 C-HR,JAPAN,PETROL,1196.0,KURUNEGALA,RECONDITIONED,1,3BA-NGX50,C-HR
CAR,SUZUKI,3BA-DA17W EVERY,JAPAN,PETROL,658.0,POLONNARUWA,RECONDITIONED,2,3BA-DA17W,EVERY
CAR,DAIHATSU,5BA-LA910S TAFT,JAPAN,PETROL,658.0,KURUNEGALA,RECONDITIONED,1,5BA-LA910S,TAFT
CAR,TOYOTA,6AA-MXPJ10 YARIS,JAPAN,PETROL/ELE,1490.0,KURUNEGALA,RECONDITIONED,1,6AA-MXPJ10,YARIS
CAR,SUZUKI,5BA-MH85S  WAGON R,JAPAN,PETROL,658.0,GAMPAHA,RECONDITIONED,3,5BA-MH85S,WAGON R
CAR,DAIHATSU,5BA-LA350S   MIRA,JAPAN,PETROL,658.0,HAMBANTOTA,RECONDITIONED,1,5BA-LA350S,MIRA
CAR,DAIHATSU,5BA-LA350S  MIRA,JAPAN,PETROL,658.0,KANDY,RECONDITIONED,1,5BA-LA350S,MIRA
CAR,SUZUKI,3BA-DA17W WAGON,JAPAN,PETROL,658.0,KANDY,RECONDITIONED,2,3BA-DA17W,WAGON
CAR,TOYOTA,3BA-NGX50 C-HR,JAPAN,PETROL,1196.0,HAMBANTOTA,RECONDITIONED,1,3BA-NGX50,C-HR
CAR,TOYOTA,5AA-A202A RAIZE,JAPAN,ELECTRIC,78.0,JAFFNA,RECONDITIONED,3,5AA-A202A,RAIZE
CAR,TOYOTA,3BA-NGX10  C-HR,JAPAN,PETROL,1196.0,JAFFNA,RECONDITIONED,1,3BA-NGX10,C-HR
CAR,TOYOTA,YARIS ATIV,THAILAND,PETROL,1197.0,KANDY,RECONDITIONED,1,,YARIS ATIV
CAR,NISSAN,5AA-B44W DAYS,JAPAN,PETROL,658.0,GAMPAHA,RECONDITIONED,3,5AA-B44W,DAYS
CAR,SUZUKI,5AA-MK94S SPACIA,JAPAN,PETROL,658.0,KANDY,RECONDITIONED,2,5AA-MK94S,SPACIA
CAR,SUZUKI,5AA-MH95S WAGON R,JAPAN,PETROL,656.0,GAMPAHA,RECONDITIONED,1,5AA-MH95S,WAGON R
CAR,TOYOTA,5BA-M900A,JAPAN,PETROL,996.0,KALUTARA,RECONDITIONED,1,5BA-M900A,Unknown
CAR,NISSAN,5BD-DR17V CLIPPER,JAPAN,PETROL,658.0,KEGALLE,RECONDITIONED,1,5BD-DR17V,CLIPPER
CAR,TOYOTA,5BA-KSP210  YARIS,JAPAN,PETROL,996.0,ANURADHAPURA,RECONDITIONED,1,5BA-KSP210,YARIS
CAR,TOYOTA,4BA-M900A ROOMY,JAPAN,PETROL,996.0,VAVUNIYA,RECONDITIONED,1,4BA-M900A,ROOMY
CAR,TOYOTA,4BA-M900A ROOMY,JAPAN,PETROL,996.0,RATNAPURA,RECONDITIONED,2,4BA-M900A,ROOMY
CAR,DAIHATSU,5BA-LA350S,JAPAN,PETROL,658.0,KALUTARA,RECONDITIONED,1,5BA-LA350S,MIRA E.S
CAR,SUZUKI,3BA-DA17W EVERY,JAPAN,PETROL,658.0,PUTTALAM,RECONDITIONED,3,3BA-DA17W,EVERY
CAR,HONDA,5BA-RZ3 ZR-V,JAPAN,PETROL,1496.0,COLOMBO,RECONDITIONED,1,5BA-RZ3,ZR-V
CAR,SUZUKI,4AA-MH55S WAGON R,JAPAN,PETROL/ELE,658.0,COLOMBO,RECONDITIONED,1,4AA-MH55S,WAGON R
CAR,TOYOTA,5AA-A202A RAIZE,JAPAN,PETROL/ELE,78.0,TRINCOMALEE,RECONDITIONED,1,5AA-A202A,RAIZE
CAR,HONDA,6BA-RV3 VEZEL,JAPAN,PETROL,1498.0,COLOMBO,RECONDITIONED,1,6BA-RV3,VEZEL
CAR,SUZUKI,5BD-DA17V EVERY,JAPAN,PETROL,658.0,RATNAPURA,RECONDITIONED,2,5BD-DA17V,EVERY
CAR,TOYOTA,5AA-A202A   RAIZE,JAPAN,PETROL/ELE,1196.0,KURUNEGALA,RECONDITIONED,1,5AA-A202A,RAIZE
CAR,AUDI,3AA-GYDLA  A3,GERMANY,PETROL,999.0,COLOMBO,RECONDITIONED,1,3AA-GYDLA,A3
CAR,DAIHATSU,5BA-LA350S MIRA,JAPAN,PETROL,658.0,KANDY,RECONDITIONED,1,5BA-LA350S,MIRA
CAR,SUZUKI,5AA-MH95S WAGON R,JAPAN,PETROL,658.0,HAMBANTOTA,RECONDITIONED,1,5AA-MH95S,WAGON R
CAR,TOYOTA,6AA-MXPJ10 YARIS,JAPAN,PETROL/ELE,1496.0,MONERAGALA,RECONDITIONED,1,6AA-MXPJ10,YARIS
CAR,TOYOTA,4BA-M900A ROOMY,JAPAN,PETROL,996.0,MATARA,RECONDITIONED,1,4BA-M900A,ROOMY
CAR,LAND ROVER,DEFFENDER,UNITED KINGDOM,PETROL/ELE,1997.0,COLOMBO,RECONDITIONED,1,,DEFFENDER
CAR,SUZUKI,5AA-ZCEDS  SWIFT,JAPAN,PETROL,1196.0,MATARA,RECONDITIONED,1,5AA-ZCEDS,SWIFT
CAR,TOYOTA,5BA-M700A PASSO,JAPAN,PETROL,996.0,GALLE,RECONDITIONED,3,5BA-M700A,PASSO
CAR,SUZUKI,4AA-MK53S SPACIA,JAPAN,PETROL,658.0,GAMPAHA,RECONDITIONED,2,4AA-MK53S,SPACIA
CAR,NISSAN,5BA-B43W DAYZ,JAPAN,PETROL,659.0,MATARA,RECONDITIONED,1,5BA-B43W,DAYZ
CAR,LAND ROVER,EVOQUE P300E,UNITED KINGDOM,PETROL/ELE,1498.0,COLOMBO,RECONDITIONED,1,,EVOQUE P300E
CAR,TOYOTA,6AA-ZWR90W,JAPAN,PETROL,1797.0,ANURADHAPURA,RECONDITIONED,1,6AA-ZWR90W,NOAH
CAR,LEXUS,LX600,JAPAN,PETROL,3445.0,GALLE,RECONDITIONED,1,,LX600
CAR,TOYOTA,5BA-M900A ROOMY,JAPAN,PETROL,996.0,TRINCOMALEE,RECONDITIONED,1,5BA-M900A,ROOMY
CAR,MERCEDES BENZ,C200 NAMG LINE,GERMANY,PETROL,1496.0,COLOMBO,RECONDITIONED,1,,C200 NAMG LINE
CAR,TOYOTA,3BA-A201A RAIZE,JAPAN,PETROL,996.0,GAMPAHA,RECONDITIONED,1,3BA-A201A,RAIZE
CAR,SUZUKI,5BA-MH85S WAGON R,JAPAN,PETROL,656.0,MULLATIVU,RECONDITIONED,1,5BA-MH85S,WAGON R
CAR,NISSAN,5AA-B44W DAYZ,JAPAN,PETROL,659.0,MATARA,RECONDITIONED,1,5AA-B44W,DAYZ
CAR,HONDA,CITY  RS,THAILAND,PETROL,988.0,MONERAGALA,RECONDITIONED,1,,CITY  RS
CAR,TOYOTA,3BA-NGX10 C-HR,JAPAN,PETROL,1196.0,RATNAPURA,RECONDITIONED,1,3BA-NGX10,C-HR
CAR,TOYOTA,6BA-MXUA80  HARRIER,JAPAN,PETROL,1986.0,KANDY,RECONDITIONED,1,6BA-MXUA80,HARRIER
CAR,TOYOTA,GDJ250R-GNZUY-KI,JAPAN,DIESEL,2693.0,COLOMBO,BRAND NEW,1,,GDJ250R-GNZUY-KI
CAR,BYD,SEAL-COMFORT,CHINA,ELECTRIC,100.0,COLOMBO,BRAND NEW,36,SEAL-COMFORT,Unknown
CAR,BYD,DOLPHIN-DYNAMIC 70,CHINA,ELECTRIC,70.0,GAMPAHA,BRAND NEW,16,,DOLPHIN-DYNAMIC 70
CAR,PERODUA,AXIA CG1GZ,MALAYSIA,PETROL,998.0,COLOMBO,BRAND NEW,11,,AXIA CG1GZ
CAR,BYD,SEAL-COMFORT,CHINA,ELECTRIC,100.0,KALUTARA,BRAND NEW,2,SEAL-COMFORT,Unknown
CAR,KIA,CARENS,INDIA,PETROL,1500.0,COLOMBO,BRAND NEW,1,,CARENS
CAR,NISSAN,MAGNITE ACENTA BR10,INDIA,PETROL,999.0,KANDY,BRAND NEW,4,,MAGNITE ACENTA BR10
CAR,BYD,ATTO-3-SUPERIOR,CHINA,ELECTRIC,100.0,MATARA,BRAND NEW,2,ATTO-3-SUPERIOR,Unknown
CAR,PERODUA,BEZZA,MALAYSIA,PETROL,998.0,COLOMBO,BRAND NEW,44,,BEZZA
CAR,BYD,DOLPHIN-DYNAMIC 70,CHINA,ELECTRIC,70.0,GALLE,BRAND NEW,6,,DOLPHIN-DYNAMIC 70
CAR,NISSAN,MAGNITE TEKNA PLUS,INDIA,PETROL,999.0,VAVUNIYA,BRAND NEW,1,,MAGNITE TEKNA PLUS
CAR,BYD,ATTO-3-SUPERIOR,CHINA,ELECTRIC,100.0,ANURADHAPURA,BRAND NEW,1,ATTO-3-SUPERIOR,Unknown
CAR,NISSAN,5BD-DR17V CLIPPER,JAPAN,PETROL,658.0,GAMPAHA,BRAND NEW,1,5BD-DR17V,CLIPPER
CAR,TATA,NEXON SMART,INDIA,PETROL,1199.0,NUWARA-ELIYA,BRAND NEW,1,,NEXON SMART
CAR,KIA,SONET,INDIA,PETROL,998.0,RATNAPURA,BRAND NEW,2,,SONET
CAR,TOYOTA,WIGO A350RA GBNE,INDONESIA,PETROL,998.0,KALUTARA,BRAND NEW,2,,WIGO A350RA GBNE
CAR,MERCEDES BENZ,EQS 450 PLUS,GERMANY,ELECTRIC,265.0,COLOMBO,BRAND NEW,1,,EQS 450 PLUS
CAR,TATA,NEXON EV,INDIA,ELECTRIC,98.0,COLOMBO,BRAND NEW,1,,NEXON EV
CAR,TOYOTA,FJA300R-GNUZY,JAPAN,DIESEL,3346.0,COLOMBO,BRAND NEW,1,,FJA300R-GNUZY
CAR,BYD,DOLPHIN-DYNAMIC 70,CHINA,ELECTRIC,70.0,MATALE,BRAND NEW,1,,DOLPHIN-DYNAMIC 70
CAR,MERCEDES BENZ,E-200,GERMANY,PETROL,1999.0,COLOMBO,BRAND NEW,2,,E-200
CAR,LAND ROVER,RANGE ROVER,UNITED KINGDOM,PETROL/ELE,3000.0,KEGALLE,BRAND NEW,1,,RANGE ROVER
CAR,TOYOTA,NYC200R-DHXHBF,INDONESIA,PETROL,1496.0,COLOMBO,BRAND NEW,1,,NYC200R-DHXHBF
CAR,TATA,PUNCH CREATIVE,INDIA,PETROL,1199.0,COLOMBO,BRAND NEW,1,,PUNCH CREATIVE
CAR,LAND ROVER,DEFENDER,UNITED KINGDOM,PETROL/ELE,2000.0,KEGALLE,BRAND NEW,1,,DEFENDER
CAR,TOYOTA,F800RE-GQGF RUSH,INDONESIA,PETROL,1496.0,GAMPAHA,BRAND NEW,3,,F800RE-GQGF RUSH
CAR,TOYOTA,6AA-MXPJ10  YARIS,JAPAN,PETROL/ELE,1496.0,MATARA,BRAND NEW,1,6AA-MXPJ10,YARIS
CAR,SUZUKI,FRONX,INDIA,PETROL,998.0,GAMPAHA,BRAND NEW,1,,FRONX
CAR,TATA,PUNCH ADVENTURE,INDIA,PETROL,1199.0,JAFFNA,BRAND NEW,1,,PUNCH ADVENTURE
CAR,PERODUA,BEZZA,MALAYSIA,PETROL,990.0,GAMPAHA,BRAND NEW,1,,BEZZA
CAR,JETOUR,X70 PLUS,CHINA,PETROL,1498.0,BATTICALOA,BRAND NEW,1,,X70 PLUS
CAR,HYUNDAI,GRAND I10,SRI LANKA,PETROL,1197.0,COLOMBO,BRAND NEW-L/ASSEMBLE,10,,GRAND I10
CAR,BAIC,X55 II LUXURY,SRI LANKA,PETROL,1498.0,MATARA,BRAND NEW-L/ASSEMBLE,1,,X55 II LUXURY
CAR,TOYOTA,5AA-A202A,JAPAN,ELECTRIC,78.0,GAMPAHA,RECONDITIONED,1,5AA-A202A,Unknown
CAR,DAIHATSU,5BA-LA350S MIRA,JAPAN,PETROL,658.0,MULLATIVU,RECONDITIONED,1,5BA-LA350S,MIRA
CAR,SUZUKI,5BA-MH85S  WAGON R,JAPAN,PETROL,657.0,KURUNEGALA,RECONDITIONED,3,5BA-MH85S,WAGON R
CAR,HONDA,6AA-RV5 VEZEL,JAPAN,PETROL/ELE,1496.0,KILINOCHCHI,RECONDITIONED,1,6AA-RV5,VEZEL
CAR,DAIHATSU,3BA-A210S ROCKY,JAPAN,PETROL,996.0,ANURADHAPURA,RECONDITIONED,1,3BA-A210S,ROCKY
CAR,TOYOTA,3BATRJ150W PRADO,JAPAN,PETROL,2693.0,COLOMBO,RECONDITIONED,1,,3BATRJ150W PRADO
CAR,AUDI,3AA-GYDLA A3,GERMANY,PETROL,999.0,COLOMBO,RECONDITIONED,3,3AA-GYDLA,A3
CAR,TOYOTA,5BA-A201A RAIZE,JAPAN,PETROL,1196.0,KANDY,RECONDITIONED,10,5BA-A201A,RAIZE
CAR,HONDA,6AA-RV5 VESEL,JAPAN,PETROL/ELE,1496.0,GAMPAHA,RECONDITIONED,2,6AA-RV5,VESEL
CAR,SUZUKI,3BA-DA17W EVERYWAGON,JAPAN,PETROL,658.0,KANDY,RECONDITIONED,1,3BA-DA17W,EVERYWAGON
CAR,SUZUKI,5AA-MK94S SPACIA,JAPAN,PETROL,658.0,AMPARA,RECONDITIONED,1,5AA-MK94S,SPACIA
CAR,HONDA,6BA-JF3 N BOX,JAPAN,PETROL,658.0,GAMPAHA,RECONDITIONED,2,6BA-JF3,N BOX
CAR,NISSAN,5BD-DR17V CLIPPER,JAPAN,PETROL,658.0,KURUNEGALA,RECONDITIONED,1,5BD-DR17V,CLIPPER
CAR,SUZUKI,5BA-MH85S WAGON R,JAPAN,PETROL,658.0,RATNAPURA,RECONDITIONED,2,5BA-MH85S,WAGON R
CAR,HONDA,6AA-ZE4 INSIGHT,JAPAN,PETROL/ELE,1496.0,COLOMBO,RECONDITIONED,3,6AA-ZE4,INSIGHT
CAR,HONDA,CITY RS,THAILAND,PETROL,988.0,ANURADHAPURA,RECONDITIONED,3,,CITY RS
CAR,SUZUKI,5AA-MR92S HUSTLER,JAPAN,PETROL/ELE,658.0,NUWARA-ELIYA,RECONDITIONED,1,5AA-MR92S,HUSTLER
CAR,HONDA,6AA-RV6 VEZEL,JAPAN,PETROL/ELE,1496.0,COLOMBO,RECONDITIONED,4,6AA-RV6,VEZEL
CAR,TOYOTA,6AA-MXPJ10,JAPAN,PETROL/ELE,1496.0,COLOMBO,RECONDITIONED,1,6AA-MXPJ10,RARIS
CAR,SUZUKI,5AA-MH95S,JAPAN,PETROL,658.0,GAMPAHA,RECONDITIONED,3,5AA-MH95S,Unknown
CAR,DAIHATSU,5BA-LA350S MIRA E.S,JAPAN,PETROL,658.0,KEGALLE,RECONDITIONED,1,5BA-LA350S,MIRA E.S
CAR,TOYOTA,5AA-A202A RAIZE,JAPAN,PETROL/ELE,1196.0,ANURADHAPURA,RECONDITIONED,1,5AA-A202A,RAIZE
CAR,TOYOTA,5BA-MZEA17 COROLLA,JAPAN,PETROL,1496.0,GAMPAHA,RECONDITIONED,1,5BA-MZEA17,COROLLA
CAR,HONDA,6BA-JF5N BOX,JAPAN,PETROL,658.0,GALLE,RECONDITIONED,1,6BA-JF5N,BOX
CAR,MITSUBISHI,5BA-B33W EK WAGON,JAPAN,PETROL,659.0,COLOMBO,RECONDITIONED,3,5BA-B33W,EK WAGON
CAR,MAZDA,3BA-HB37S,JAPAN,PETROL,658.0,GAMPAHA,RECONDITIONED,1,3BA-HB37S,Unknown
CAR,NISSAN,3BD-DR17V NV100,JAPAN,PETROL,658.0,GAMPAHA,RECONDITIONED,1,3BD-DR17V,NV100
CAR,TOYOTA,6AA-MXPJ10 YARIS,JAPAN,PETROL/ELE,1490.0,GAMPAHA,RECONDITIONED,7,6AA-MXPJ10,YARIS
CAR,SUZUKI,5AA-MH95S WAGON R,JAPAN,PETROL,657.0,GALLE,RECONDITIONED,1,5AA-MH95S,WAGON R
CAR,SUZUKI,4AA-MK54S SPACIA,JAPAN,PETROL/ELE,658.0,RATNAPURA,RECONDITIONED,1,4AA-MK54S,SPACIA
CAR,MINI,3BA-XU15MW COOPER,GERMANY,PETROL,1498.0,COLOMBO,RECONDITIONED,1,3BA-XU15MW,COOPER
CAR,TOYOTA,5BA-A201A RAIZE,JAPAN,PETROL,1196.0,AMPARA,RECONDITIONED,3,5BA-A201A,RAIZE
CAR,DAIHATSU,5BA-LA150S,JAPAN,PETROL,658.0,KANDY,RECONDITIONED,1,5BA-LA150S,MOVE
CAR,MITSUBISHI,5BA-B33W,JAPAN,PETROL,658.0,GALLE,RECONDITIONED,1,5BA-B33W,WHITE
CAR,TOYOTA,RAIZE 3BA-A210A,JAPAN,PETROL,996.0,GALLE,RECONDITIONED,2,,RAIZE 3BA-A210A
CAR,MERCEDES BENZ,4AA-247684MGLB 180,GERMANY,PETROL,1332.0,COLOMBO,RECONDITIONED,1,4AA-247684MGLB,180
CAR,SUZUKI,5AA-MH95S,JAPAN,PETROL,658.0,GALLE,RECONDITIONED,2,5AA-MH95S,Unknown
CAR,HONDA,6AA-RV5 VEZEL,JAPAN,PETROL/ELE,1498.0,GALLE,RECONDITIONED,1,6AA-RV5,VEZEL
CAR,TOYOTA,5AA-A202A RAIZE,JAPAN,PETROL/ELE,78.0,KEGALLE,RECONDITIONED,4,5AA-A202A,RAIZE
CAR,TOYOTA,5BA-M900A ROOMY,JAPAN,PETROL,996.0,MATALE,RECONDITIONED,1,5BA-M900A,ROOMY
CAR,TESLA,MODEL 3,CHINA,ELECTRIC,194.0,GALLE,RECONDITIONED,1,,MODEL 3
CAR,HONDA,CITY SV,THAILAND,PETROL,988.0,GALLE,RECONDITIONED,1,,CITY SV
CAR,TOYOTA,5BA-M910A ROOMY,JAPAN,PETROL,996.0,MATALE,RECONDITIONED,1,5BA-M910A,ROOMY
CAR,SUZUKI,3BA-HA37S  ALTO,JAPAN,PETROL,658.0,COLOMBO,RECONDITIONED,3,3BA-HA37S,ALTO
CAR,DAIHATSU,5BA-LA650S TANT FUN,JAPAN,PETROL,658.0,GAMPAHA,RECONDITIONED,1,5BA-LA650S,TANT FUN
CAR,TOYOTA,5AA-A202A RAIZE,JAPAN,PETROL/ELE,1196.0,PUTTALAM,RECONDITIONED,2,5AA-A202A,RAIZE
CAR,TOYOTA,3BA-A210A  RAIZE,JAPAN,PETROL,996.0,GALLE,RECONDITIONED,1,3BA-A210A,RAIZE
CAR,HONDA,6AA-GP7 SHUTTLE,JAPAN,PETROL/ELE,1496.0,GAMPAHA,RECONDITIONED,1,6AA-GP7,SHUTTLE
CAR,SUZUKI,5AA-MH95S WAGON R,JAPAN,PETROL/ELE,656.0,PUTTALAM,RECONDITIONED,1,5AA-MH95S,WAGON R
CAR,TOYOTA,5AA-A202A RAIZE,JAPAN,ELECTRIC,78.0,MATARA,RECONDITIONED,4,5AA-A202A,RAIZE
CAR,NISSAN,4AA-B45A ROOX,JAPAN,PETROL,658.0,HAMBANTOTA,RECONDITIONED,1,4AA-B45A,ROOX
CAR,B.M.W.,3AA-22EH30 7401,GERMANY,PETROL,2998.0,COLOMBO,RECONDITIONED,1,3AA-22EH30,7401
CAR,SUZUKI,4AA-MH55S,JAPAN,PETROL,658.0,COLOMBO,RECONDITIONED,1,4AA-MH55S,Unknown
CAR,TOYOTA,3BA-NGX50 C-HR,JAPAN,PETROL,1196.0,COLOMBO,RECONDITIONED,1,3BA-NGX50,C-HR
CAR,DAIHATSU,5BA-LA900S TAFT,JAPAN,PETROL,658.0,KALUTARA,RECONDITIONED,5,5BA-LA900S,TAFT
CAR,MITSUBISHI,5BA-B33W EK WAGON,JAPAN,PETROL,658.0,KALUTARA,RECONDITIONED,1,5BA-B33W,EK WAGON
CAR,HONDA,6BA-JF5 N-BOX,JAPAN,PETROL,658.0,COLOMBO,RECONDITIONED,1,6BA-JF5,N-BOX
CAR,SUBARU,4BA-SK5  FORESTER,JAPAN,PETROL,1796.0,COLOMBO,RECONDITIONED,1,4BA-SK5,FORESTER
CAR,SUZUKI,5AA-ZCEDS SWIFT,JAPAN,PETROL,1197.0,COLOMBO,RECONDITIONED,1,5AA-ZCEDS,SWIFT
CAR,NISSAN,4AA-B45W DAYZ,JAPAN,PETROL,659.0,COLOMBO,RECONDITIONED,1,4AA-B45W,DAYZ
CAR,TOYOTA,5BA-KSP210 YARIS,JAPAN,PETROL,996.0,JAFFNA,RECONDITIONED,6,5BA-KSP210,YARIS
CAR,TOYOTA,3DA-GDJ250W,JAPAN,DIESEL,2754.0,RATNAPURA,RECONDITIONED,1,3DA-GDJ250W,Unknown
CAR,VOLKSWAGEN,3AA-CDDLA GOLF,GERMANY,PETROL,996.0,GALLE,RECONDITIONED,1,3AA-CDDLA,GOLF
CAR,TOYOTA,3BA-A210A  RAIZE,JAPAN,PETROL,996.0,KALUTARA,RECONDITIONED,1,3BA-A210A,RAIZE
CAR,TOYOTA,5AA-A2002A RAIZE,JAPAN,PETROL/ELE,78.0,MATALE,RECONDITIONED,1,5AA-A2002A,RAIZE
CAR,DAIHATSU,5BA-LA350S MIRA E S,JAPAN,PETROL,658.0,HAMBANTOTA,RECONDITIONED,1,5BA-LA350S,MIRA E S
CAR,TOYOTA,5BA-MZEA17 COROLLA,JAPAN,PETROL,1496.0,KALUTARA,RECONDITIONED,1,5BA-MZEA17,COROLLA
CAR,MERCEDES BENZ,5BA-247684M GLB 180,GERMANY,PETROL,1332.0,COLOMBO,RECONDITIONED,1,5BA-247684M,GLB 180
CAR,TOYOTA,3BA-A201A RAIZE,JAPAN,PETROL,996.0,MATARA,RECONDITIONED,1,3BA-A201A,RAIZE
CAR,SUZUKI,3BA-DA17W  EVERY,JAPAN,PETROL,658.0,ANURADHAPURA,RECONDITIONED,1,3BA-DA17W,EVERY
CAR,DAIHATSU,5BA-A210S ROCKY,JAPAN,PETROL,1196.0,MATARA,RECONDITIONED,1,5BA-A210S,ROCKY
CAR,TOYOTA,5AA-A202A RAIZE,JAPAN,PETROL/ELE,78.0,ANURADHAPURA,RECONDITIONED,1,5AA-A202A,RAIZE
CAR,SUZUKI,5BA-MH85S WAGON R,JAPAN,PETROL,658.0,MATARA,RECONDITIONED,3,5BA-MH85S,WAGON R
CAR,LEXUS,3BA-VJA310W,JAPAN,PETROL,3444.0,COLOMBO,RECONDITIONED,1,3BA-VJA310W,LX600
CAR,TOYOTA,5AA-A202A  RAIZE,JAPAN,PETROL/ELE,78.0,ANURADHAPURA,RECONDITIONED,1,5AA-A202A,RAIZE
CAR,SUZUKI,5AA-MR92S HUSTLER,JAPAN,PETROL,656.0,KURUNEGALA,RECONDITIONED,1,5AA-MR92S,HUSTLER
CAR,SUZUKI,3BA-HA37S ALTO,JAPAN,PETROL,656.0,MATARA,RECONDITIONED,1,3BA-HA37S,ALTO
CAR,TOYOTA,3BA-TRJ150W PRADO,JAPAN,PETROL,2693.0,AMPARA,RECONDITIONED,1,3BA-TRJ150W,PRADO
CAR,TOYOTA,5BA-M900A ROOMY,JAPAN,PETROL,996.0,NUWARA-ELIYA,RECONDITIONED,1,5BA-M900A,ROOMY
CAR,NISSAN,DAYZ 5BA-B43W,JAPAN,PETROL,658.0,RATNAPURA,RECONDITIONED,1,,DAYZ 5BA-B43W
CAR,SUZUKI,5BA-MH85S WAGON R,JAPAN,PETROL,658.0,MATALE,RECONDITIONED,1,5BA-MH85S,WAGON R
CAR,SUZUKI,5AA-MH95S WAGON R,JAPAN,PETROL,658.0,AMPARA,RECONDITIONED,1,5AA-MH95S,WAGON R
CAR,SUZUKI,SPACIA 5AA-MK94S,JAPAN,PETROL,658.0,COLOMBO,RECONDITIONED,1,,SPACIA 5AA-MK94S
CAR,SUZUKI,6AA-MN71S XBEE,JAPAN,PETROL,996.0,KALUTARA,RECONDITIONED,1,6AA-MN71S,XBEE
CAR,TOYOTA,5BA-KSP210 YARIS,JAPAN,PETROL,996.0,VAVUNIYA,RECONDITIONED,1,5BA-KSP210,YARIS
CAR,DAIHATSU,5BA-A201S ROCKY,JAPAN,PETROL,1198.0,GAMPAHA,RECONDITIONED,1,5BA-A201S,ROCKY
CAR,TOYOTA,5BA-KSP210 YARIS,JAPAN,PETROL,658.0,GAMPAHA,RECONDITIONED,1,5BA-KSP210,YARIS
CAR,TOYOTA,3BA-TRJ150W,JAPAN,PETROL,2693.0,AMPARA,RECONDITIONED,1,3BA-TRJ150W,PRADO
CAR,TOYOTA,3BA-VJA300W,JAPAN,PETROL,3446.0,GALLE,RECONDITIONED,1,3BA-VJA300W,Unknown
CAR,B.M.W.,3AA-12FJ20 523I,GERMANY,PETROL,1997.0,COLOMBO,RECONDITIONED,1,3AA-12FJ20,523I
CAR,B.M.W.,3BA-22EE15  X1,GERMANY,PETROL,1496.0,COLOMBO,RECONDITIONED,1,3BA-22EE15,X1
CAR,MAZDA,5AA-MJ95S FLAIR,JAPAN,PETROL,658.0,MATARA,RECONDITIONED,1,5AA-MJ95S,FLAIR
CAR,TOYOTA,3BA-NGX10 C-HR,JAPAN,PETROL,1196.0,TRINCOMALEE,RECONDITIONED,1,3BA-NGX10,C-HR
CAR,SUZUKI,3BA-HA37S  ALTO,JAPAN,PETROL,656.0,MATALE,RECONDITIONED,1,3BA-HA37S,ALTO
CAR,TOYOTA,5AA-A202A RAIZE,JAPAN,PETROL/ELE,78.0,AMPARA,RECONDITIONED,1,5AA-A202A,RAIZE
CAR,TOYOTA,5BA-A201A RAIZE,JAPAN,PETROL,1196.0,JAFFNA,RECONDITIONED,1,5BA-A201A,RAIZE
CAR,HONDA,6AA-RV5  VEZEL,JAPAN,PETROL/ELE,1496.0,HAMBANTOTA,RECONDITIONED,1,6AA-RV5,VEZEL
CAR,TOYOTA,5BA-KSP210  YARIS,JAPAN,PETROL,998.0,RATNAPURA,RECONDITIONED,1,5BA-KSP210,YARIS
CAR,SUZUKI,5BA-MH85S WAGON R,JAPAN,PETROL,657.0,KILINOCHCHI,RECONDITIONED,1,5BA-MH85S,WAGON R
CAR,TOYOTA,3BA-TRJ150W,JAPAN,PETROL,2693.0,KURUNEGALA,RECONDITIONED,1,3BA-TRJ150W,PRADO
CAR,TOYOTA,5BA-M900A  ROOMY,JAPAN,PETROL,996.0,JAFFNA,RECONDITIONED,1,5BA-M900A,ROOMY
CAR,SUZUKI,4AA-MH55S WAGON R,JAPAN,PETROL,658.0,KANDY,RECONDITIONED,1,4AA-MH55S,WAGON R
CAR,LAND ROVER,3BA-LE72XAA DEFENDER,UNITED KINGDOM,PETROL,1997.0,KALUTARA,RECONDITIONED,1,3BA-LE72XAA,DEFENDER
CAR,TOYOTA,6AA-AXUH80 HARRIER,JAPAN,PETROL/ELE,2487.0,GAMPAHA,RECONDITIONED,1,6AA-AXUH80,HARRIER
CAR,SUZUKI,3BA-HA37S ALTO,JAPAN,PETROL,656.0,KANDY,RECONDITIONED,1,3BA-HA37S,ALTO
CAR,TOYOTA,5BA-M700A PASSO,JAPAN,PETROL,996.0,KURUNEGALA,RECONDITIONED,1,5BA-M700A,PASSO
CAR,TOYOTA,5BA KSP210 YARIS,JAPAN,PETROL,996.0,PUTTALAM,RECONDITIONED,1,,5BA KSP210 YARIS
CAR,TOYOTA,3BA-NGX10 CHR,JAPAN,PETROL,1196.0,GAMPAHA,RECONDITIONED,1,3BA-NGX10,CHR
CAR,TOYOTA,RAIZE 5BA-A201A,JAPAN,PETROL,1196.0,KANDY,RECONDITIONED,1,,RAIZE 5BA-A201A
CAR,HONDA,CRV VTI L7,AUSTRALIA,PETROL,1498.0,VAVUNIYA,RECONDITIONED,1,,CRV VTI L7
CAR,BYD,SEAL-COMFORT,CHINA,ELECTRIC,100.0,KURUNEGALA,BRAND NEW,5,SEAL-COMFORT,Unknown
CAR,BYD,SEALION 6 SUPERIOR,CHINA,PETROL/ELE,1498.0,MATARA,BRAND NEW,19,,SEALION 6 SUPERIOR
CAR,BYD,SEALION 6 SUPERIOR,CHINA,PETROL/ELE,1498.0,KANDY,BRAND NEW,26,,SEALION 6 SUPERIOR
CAR,TOYOTA,A250RA-GBVV RAIZE,INDONESIA,PETROL,998.0,COLOMBO,BRAND NEW,103,,A250RA-GBVV RAIZE
CAR,BYD,SEAL-COMFORT,CHINA,ELECTRIC,100.0,KEGALLE,BRAND NEW,3,SEAL-COMFORT,Unknown
CAR,BYD,DOLPHIN-DYNAMIC49,CHINA,ELECTRIC,49.0,COLOMBO,BRAND NEW,28,,DOLPHIN-DYNAMIC49
CAR,BYD,SEALION 6 SUPERIOR,CHINA,PETROL/ELE,1498.0,MATALE,BRAND NEW,3,,SEALION 6 SUPERIOR
CAR,BYD,DOLPHIN-DYNAMIC49,CHINA,ELECTRIC,49.0,GAMPAHA,BRAND NEW,13,,DOLPHIN-DYNAMIC49
CAR,TOYOTA,A250RA-GBVV RAIZE,INDONESIA,PETROL,998.0,PUTTALAM,BRAND NEW,2,,A250RA-GBVV RAIZE
CAR,BYD,SEALION 6 PREMIUM,CHINA,PETROL/ELE,1498.0,GAMPAHA,BRAND NEW,7,,SEALION 6 PREMIUM
CAR,KIA,SORENTO,MALAYSIA,PETROL/ELE,1598.0,GAMPAHA,BRAND NEW,3,,SORENTO
CAR,BYD,DOLPHIN-DYNAMIC 70,CHINA,ELECTRIC,70.0,KANDY,BRAND NEW,5,,DOLPHIN-DYNAMIC 70
CAR,PERODUA,AXIA CG1GZ,MALAYSIA,PETROL,998.0,JAFFNA,BRAND NEW,1,,AXIA CG1GZ
CAR,BYD,SEALION 6 PREMIUM,CHINA,PETROL/ELE,1498.0,KANDY,BRAND NEW,3,,SEALION 6 PREMIUM
CAR,BYD,ATTO3-ADVANCED,CHINA,ELECTRIC,100.0,AMPARA,BRAND NEW,1,ATTO3-ADVANCED,Unknown
CAR,NISSAN,MAGNITE ACENTA BR10,INDIA,PETROL,999.0,KALUTARA,BRAND NEW,6,,MAGNITE ACENTA BR10
CAR,PERODUA,AXIA CG1GZ,MALAYSIA,PETROL,998.0,NUWARA-ELIYA,BRAND NEW,1,,AXIA CG1GZ
CAR,KIA,CARENS,INDIA,DIESEL,1493.0,COLOMBO,BRAND NEW,4,,CARENS
CAR,TOYOTA,F800RE-GQGF RUSH,INDONESIA,PETROL,1496.0,GALLE,BRAND NEW,2,,F800RE-GQGF RUSH
CAR,BYD,SEAL-COMFORT,CHINA,ELECTRIC,100.0,POLONNARUWA,BRAND NEW,1,SEAL-COMFORT,Unknown
CAR,BYD,SEALION 6 SUPERIOR,CHINA,PETROL/ELE,1498.0,TRINCOMALEE,BRAND NEW,1,,SEALION 6 SUPERIOR
CAR,BYD,ATTO-3-SUPERIOR,CHINA,ELECTRIC,100.0,KURUNEGALA,BRAND NEW,3,ATTO-3-SUPERIOR,Unknown
CAR,PERODUA,BEZZA,MALAYSIA,PETROL,998.0,KALUTARA,BRAND NEW,6,,BEZZA
CAR,PERODUA,BEZZA,MALAYSIA,PETROL,998.0,GAMPAHA,BRAND NEW,25,,BEZZA
CAR,TOYOTA,F800RE-GQGF RUSH,INDONESIA,PETROL,1496.0,KALUTARA,BRAND NEW,1,,F800RE-GQGF RUSH
CAR,PERODUA,BEZZA,MALAYSIA,PETROL,998.0,KURUNEGALA,BRAND NEW,5,,BEZZA
CAR,NISSAN,MAGNITE ACENTA BR10,INDIA,PETROL,999.0,GALLE,BRAND NEW,1,,MAGNITE ACENTA BR10
CAR,NISSAN,MAGNITE N-CONNECTA,INDIA,PETROL,999.0,COLOMBO,BRAND NEW,3,,MAGNITE N-CONNECTA
CAR,TATA,NEXON EV,INDIA,ELECTRIC,98.0,KALUTARA,BRAND NEW,1,,NEXON EV
CAR,TOYOTA,A250RA-GBVV RAIZE,INDONESIA,PETROL,998.0,MATALE,BRAND NEW,3,,A250RA-GBVV RAIZE
CAR,TOYOTA,F800RE-GQGF RUSH,INDONESIA,PETROL,1496.0,RATNAPURA,BRAND NEW,1,,F800RE-GQGF RUSH
CAR,MERCEDES BENZ,GLC 300 4MATIC COUPE,GERMANY,PETROL,1999.0,COLOMBO,BRAND NEW,1,,GLC 300 4MATIC COUPE
CAR,BYD,SHARK 6,CHINA,PETROL/ELE,1498.0,COLOMBO,BRAND NEW,1,,SHARK 6
CAR,HYUNDAI,CRETA,INDIA,PETROL,1497.0,MANNAR,BRAND NEW,1,,CRETA
CAR,SAIC,MG ZS MCE,CHINA,PETROL,999.0,KANDY,BRAND NEW,3,,MG ZS MCE
CAR,LAND ROVER,DEFENDER X PHEV,UNITED KINGDOM,PETROL/ELE,1997.0,COLOMBO,RECONDITIONED,1,,DEFENDER X PHEV
CAR,SUZUKI,3BA-HA37S ALTO,JAPAN,PETROL,650.0,KEGALLE,RECONDITIONED,1,3BA-HA37S,ALTO
CAR,TOYOTA,5BA-M900A ROOMY,JAPAN,PETROL,996.0,KALUTARA,RECONDITIONED,9,5BA-M900A,ROOMY
CAR,SUZUKI,5BD-DA17V EVERY,JAPAN,PETROL,658.0,HAMBANTOTA,RECONDITIONED,2,5BD-DA17V,EVERY
CAR,SUZUKI,5BA-MH85S WAGON R,JAPAN,PETROL,658.0,POLONNARUWA,RECONDITIONED,2,5BA-MH85S,WAGON R
CAR,TOYOTA,6AA-MXPK11 AQUA,JAPAN,PETROL/ELE,1496.0,MATARA,RECONDITIONED,1,6AA-MXPK11,AQUA
CAR,SUZUKI,4AA-MH55S WAGON R,JAPAN,PETROL,657.0,MATALE,RECONDITIONED,1,4AA-MH55S,WAGON R
CAR,SUZUKI,4AA-MK54S SPACIA,JAPAN,PETROL,658.0,COLOMBO,RECONDITIONED,6,4AA-MK54S,SPACIA
CAR,TOYOTA,6AA-MXPJ10 YARIS,JAPAN,PETROL/ELE,1496.0,KANDY,RECONDITIONED,4,6AA-MXPJ10,YARIS
CAR,VOLKSWAGEN,3BA-C1DKR T-CROSS,GERMANY,PETROL,999.0,KANDY,RECONDITIONED,1,3BA-C1DKR,T-CROSS
CAR,NISSAN,4AA-B45W DAYZ,JAPAN,PETROL,658.0,COLOMBO,RECONDITIONED,2,4AA-B45W,DAYZ
CAR,NISSAN,ALMERA,THAILAND,PETROL,999.0,KURUNEGALA,RECONDITIONED,5,,ALMERA
CAR,TOYOTA,3BA-NGX10  C-HR,JAPAN,PETROL,1196.0,BATTICALOA,RECONDITIONED,1,3BA-NGX10,C-HR
CAR,DAIHATSU,5AA-A202S ROCKY,JAPAN,PETROL/ELE,1196.0,GALLE,RECONDITIONED,1,5AA-A202S,ROCKY
CAR,HONDA,5BA-RZ3,JAPAN,PETROL,1496.0,KANDY,RECONDITIONED,1,5BA-RZ3,Unknown
CAR,NISSAN,5AA-B44A,JAPAN,PETROL,658.0,COLOMBO,RECONDITIONED,1,5AA-B44A,ROOX X
CAR,TOYOTA,3BA-TRJ250W,JAPAN,PETROL,2693.0,KEGALLE,RECONDITIONED,2,3BA-TRJ250W,4WD VX
CAR,SUZUKI,5BA-MH85S WAGON R,JAPAN,PETROL,657.0,GALLE,RECONDITIONED,2,5BA-MH85S,WAGON R
CAR,TOYOTA,6AA-ZVG13 COROLLA,JAPAN,PETROL/ELE,1797.0,KALUTARA,RECONDITIONED,1,6AA-ZVG13,COROLLA
CAR,SUZUKI,5AA-MH95S WAGON R,JAPAN,PETROL,658.0,MONERAGALA,RECONDITIONED,3,5AA-MH95S,WAGON R
CAR,DAIHATSU,5BA-LA350S MIRA,JAPAN,PETROL,658.0,KEGALLE,RECONDITIONED,4,5BA-LA350S,MIRA
CAR,TOYOTA,3BD-S700M PIXIS,JAPAN,PETROL,658.0,KURUNEGALA,RECONDITIONED,1,3BD-S700M,PIXIS
CAR,MINI,COUNTRYMAN,UNITED KINGDOM,PETROL,1499.0,COLOMBO,RECONDITIONED,1,,COUNTRYMAN
CAR,NISSAN,5AA-B44A ROOX,JAPAN,PETROL,658.0,KURUNEGALA,RECONDITIONED,3,5AA-B44A,ROOX
CAR,DAIHATSU,ROCKY 5BA-A201S,JAPAN,PETROL,1196.0,PUTTALAM,RECONDITIONED,1,,ROCKY 5BA-A201S
CAR,SUZUKI,5AA-MH95S  WAGON R,JAPAN,PETROL,658.0,HAMBANTOTA,RECONDITIONED,1,5AA-MH95S,WAGON R
CAR,HONDA,6AA-RV5 VESEL,JAPAN,PETROL/ELE,1496.0,POLONNARUWA,RECONDITIONED,1,6AA-RV5,VESEL
CAR,TOYOTA,3BA-NGX50 C-HR,JAPAN,PETROL,1196.0,ANURADHAPURA,RECONDITIONED,1,3BA-NGX50,C-HR
CAR,TOYOTA,6AA-MXPK11 AQUA,JAPAN,PETROL/ELE,1496.0,KURUNEGALA,RECONDITIONED,2,6AA-MXPK11,AQUA
CAR,SUZUE,5BAMH85S WAGON R,JAPAN,PETROL,658.0,COLOMBO,RECONDITIONED,1,,5BAMH85S WAGON R
CAR,TOYOTA,6AA-AAHH40W  ALPHARD,JAPAN,PETROL/ELE,2499.0,GAMPAHA,RECONDITIONED,1,6AA-AAHH40W,ALPHARD
CAR,HONDA,5BA-DG5  WR-V,JAPAN,PETROL,1496.0,GALLE,RECONDITIONED,1,5BA-DG5,WR-V
CAR,NISSAN,5BD-DR17V CLIPPER,JAPAN,PETROL,658.0,RATNAPURA,RECONDITIONED,3,5BD-DR17V,CLIPPER
CAR,TOYOTA,3BA-A201A RAIZE,JAPAN,PETROL,996.0,KURUNEGALA,RECONDITIONED,2,3BA-A201A,RAIZE
CAR,SUZUKI,5AA-HA97S,JAPAN,PETROL,657.0,COLOMBO,RECONDITIONED,1,5AA-HA97S,Unknown
CAR,SUZUKI,5BA-MH85S  WAGON R,JAPAN,PETROL,658.0,KURUNEGALA,RECONDITIONED,2,5BA-MH85S,WAGON R
CAR,SUZUKI,4AA-MH55S WAGON R,JAPAN,PETROL,658.0,RATNAPURA,RECONDITIONED,1,4AA-MH55S,WAGON R
CAR,MERCEDES BENZ,4AA-214050C E200,GERMANY,PETROL,1991.0,COLOMBO,RECONDITIONED,1,4AA-214050C,E200
CAR,TOYOTA,5AA-A202A RAIZE,JAPAN,ELECTRIC,78.0,RATNAPURA,RECONDITIONED,2,5AA-A202A,RAIZE
CAR,MERCEDES BENZ,5AA-206042C C200,GERMANY,PETROL,1496.0,COLOMBO,RECONDITIONED,3,5AA-206042C,C200
CAR,TOYOTA,5BA-A201A  RAIZE,JAPAN,PETROL,1196.0,TRINCOMALEE,RECONDITIONED,1,5BA-A201A,RAIZE
CAR,TOYOTA,5BA-KSP210 YARIS,JAPAN,PETROL,996.0,AMPARA,RECONDITIONED,10,5BA-KSP210,YARIS
CAR,DAIHATSU,5BA-LA250S CASTSTYLE,JAPAN,PETROL,658.0,COLOMBO,RECONDITIONED,1,5BA-LA250S,CASTSTYLE
CAR,SUZUKI,5BD-DA17V EVERY,JAPAN,PETROL,656.0,GALLE,RECONDITIONED,1,5BD-DA17V,EVERY
CAR,SUZUKI,5AA-HA97S,JAPAN,PETROL,658.0,HAMBANTOTA,RECONDITIONED,1,5AA-HA97S,Unknown
CAR,DAIHATSU,MIRA E.S 5BA-LA350S,JAPAN,PETROL,658.0,KALUTARA,RECONDITIONED,1,,MIRA E.S 5BA-LA350S
CAR,TOYOTA,5AA-A202A RAIZE,JAPAN,PETROL/ELE,78.0,MANNAR,RECONDITIONED,1,5AA-A202A,RAIZE
CAR,TOYOTA,3BD-S700M PIXIS VAN,JAPAN,PETROL,658.0,GALLE,RECONDITIONED,1,3BD-S700M,PIXIS VAN
CAR,SUZUKI,4AA-MK54S,JAPAN,PETROL,658.0,KURUNEGALA,RECONDITIONED,1,4AA-MK54S,- SPACIA
CAR,DAIHATSU,5BA-LA350S MIRA,JAPAN,PETROL,658.0,MONERAGALA,RECONDITIONED,3,5BA-LA350S,MIRA
CAR,B.M.W.,3AA-12FJ20 523I,GERMANY,PETROL,1998.0,GAMPAHA,RECONDITIONED,1,3AA-12FJ20,523I
CAR,HONDA,6BA-JF3 N-BOX,JAPAN,PETROL,658.0,KANDY,RECONDITIONED,1,6BA-JF3,N-BOX
CAR,MITSUBISHI,5BA-B33W EK WAGON,JAPAN,PETROL,658.0,COLOMBO,RECONDITIONED,2,5BA-B33W,EK WAGON
CAR,NISSAN,5BD-DR17V,JAPAN,PETROL,658.0,KANDY,RECONDITIONED,1,5BD-DR17V,Unknown
CAR,SUZUKI,5AA-MH95S WAGON R,JAPAN,PETROL,670.0,HAMBANTOTA,RECONDITIONED,1,5AA-MH95S,WAGON R
CAR,SUZUKI,5BD-DA17V,JAPAN,PETROL,658.0,COLOMBO,RECONDITIONED,3,5BD-DA17V,EVERY
CAR,NISSAN,ALMERA,THAILAND,PETROL,999.0,GALLE,RECONDITIONED,2,,ALMERA
CAR,TOYOTA,LC300 LAND CRUISER,AUSTRALIA,DIESEL,3346.0,GAMPAHA,RECONDITIONED,1,,LC300 LAND CRUISER
CAR,SUZUKI,5BD-DA17V,JAPAN,PETROL,658.0,ANURADHAPURA,RECONDITIONED,1,5BD-DA17V,EVERY
CAR,TOYOTA,RAIZE 5BA-A201A,JAPAN,PETROL,1196.0,BADULLA,RECONDITIONED,1,,RAIZE 5BA-A201A
CAR,SUZUKI,4AA-MH55S WAGON R,JAPAN,PETROL,658.0,VAVUNIYA,RECONDITIONED,1,4AA-MH55S,WAGON R
CAR,TOYOTA,6AA-MXPK11 AQUA,JAPAN,PETROL/ELE,1496.0,ANURADHAPURA,RECONDITIONED,1,6AA-MXPK11,AQUA
CAR,HONDA,6AA-RV5   VEZEL,JAPAN,PETROL/ELE,1496.0,GAMPAHA,RECONDITIONED,1,6AA-RV5,VEZEL
CAR,NISSAN,5BD-DR17V,JAPAN,PETROL,658.0,COLOMBO,RECONDITIONED,1,5BD-DR17V,Unknown
CAR,AUDI,3AA-F3DFY  Q3,GERMANY,PETROL,1497.0,COLOMBO,RECONDITIONED,1,3AA-F3DFY,Q3
CAR,TOYOTA,PASSO 5BA-M700A,JAPAN,PETROL,996.0,COLOMBO,RECONDITIONED,1,,PASSO 5BA-M700A
CAR,DAIHATSU,THOR 5BA-M900S,JAPAN,PETROL,996.0,KALUTARA,RECONDITIONED,1,,THOR 5BA-M900S
CAR,SUZUKI,4AA-MH55S WAGON R,JAPAN,PETROL/ELE,657.0,KANDY,RECONDITIONED,1,4AA-MH55S,WAGON R
CAR,TOYOTA,5BA-MZEA17 COROLLA,JAPAN,PETROL,1490.0,ANURADHAPURA,RECONDITIONED,1,5BA-MZEA17,COROLLA
CAR,SUZUKI,4AA-MH55S WAGON R,JAPAN,PETROL,657.0,KALUTARA,RECONDITIONED,1,4AA-MH55S,WAGON R
CAR,NISSAN,NISSAN ALMERA,THAILAND,PETROL,999.0,KURUNEGALA,RECONDITIONED,1,,NISSAN ALMERA
CAR,TOYOTA,5BA-KSP210  YARIS,JAPAN,PETROL,996.0,AMPARA,RECONDITIONED,1,5BA-KSP210,YARIS
CAR,TOYOTA,5AA-A202A RAIZE,JAPAN,ELECTRIC,78.0,BADULLA,RECONDITIONED,1,5AA-A202A,RAIZE
CAR,MERCEDES BENZ,EQE 350 SUV,GERMANY,ELECTRIC,215.0,GAMPAHA,RECONDITIONED,1,,EQE 350 SUV
CAR,TOYOTA,5AA-A202A RAIZE,JAPAN,ELECTRIC,78.0,ANURADHAPURA,RECONDITIONED,1,5AA-A202A,RAIZE
CAR,HONDA,6BA-JF5,JAPAN,PETROL,658.0,GALLE,RECONDITIONED,1,6BA-JF5,N BOX
CAR,MITSUBISHI,5BA-B33W EK WAGON,JAPAN,PETROL,659.0,GALLE,RECONDITIONED,1,5BA-B33W,EK WAGON
CAR,TOYOTA,4BA-M900A  ROOMY,JAPAN,PETROL,996.0,KURUNEGALA,RECONDITIONED,1,4BA-M900A,ROOMY
CAR,SUZUKI,5BD DA17V EVERY,JAPAN,PETROL,658.0,GAMPAHA,RECONDITIONED,1,,5BD DA17V EVERY
CAR,TOYOTA,5AA-A202A RAIZE,JAPAN,ELECTRIC,78.0,POLONNARUWA,RECONDITIONED,2,5AA-A202A,RAIZE
CAR,TOYOTA,5BA-MZEA17,JAPAN,PETROL,1496.0,ANURADHAPURA,RECONDITIONED,1,5BA-MZEA17,COROLLA
CAR,NISSAN,6AA-FE13,JAPAN,PETROL/ELE,78.0,KEGALLE,RECONDITIONED,1,6AA-FE13,NOTE AURA
CAR,SUZUKI,5BD-DR17V  CLIPPER,JAPAN,PETROL,658.0,COLOMBO,RECONDITIONED,1,5BD-DR17V,CLIPPER
CAR,TOYOTA,5BA-SP210 YARIS,JAPAN,PETROL,996.0,KURUNEGALA,RECONDITIONED,1,5BA-SP210,YARIS
CAR,TOYOTA,6AA-ZVG13 COROLLA,JAPAN,PETROL/ELE,1797.0,KURUNEGALA,RECONDITIONED,2,6AA-ZVG13,COROLLA
CAR,SUZUKI,5AA-MH95S WAGON R,JAPAN,PETROL,657.0,AMPARA,RECONDITIONED,1,5AA-MH95S,WAGON R
CAR,SUZUKI,3BA-DA17W EVERY,JAPAN,PETROL,656.0,GALLE,RECONDITIONED,1,3BA-DA17W,EVERY
CAR,NISSAN,ALMERA,THAILAND,PETROL,999.0,MONERAGALA,RECONDITIONED,1,,ALMERA
CAR,NISSAN,5AA-B44A ROOK,JAPAN,PETROL,658.0,GALLE,RECONDITIONED,1,5AA-B44A,ROOK
CAR,TOYOTA,RAIZE  3BA-A210A,JAPAN,PETROL,998.0,COLOMBO,RECONDITIONED,1,,RAIZE  3BA-A210A
CAR,HONDA,CITY RS,THAILAND,PETROL,988.0,MATARA,RECONDITIONED,1,,CITY RS
CAR,SUZUKI,5BD-DA17V,JAPAN,PETROL,658.0,KANDY,RECONDITIONED,3,5BD-DA17V,EVERY
CAR,SUZUKI,ALTO 3BA-HA37S,JAPAN,PETROL,658.0,COLOMBO,RECONDITIONED,1,,ALTO 3BA-HA37S
CAR,MAZDA,4AA-MM53S FLAIR,JAPAN,PETROL,658.0,KALUTARA,RECONDITIONED,1,4AA-MM53S,FLAIR
CAR,HONDA,6AA-RV5 VEZEL,JAPAN,PETROL,1496.0,GAMPAHA,RECONDITIONED,2,6AA-RV5,VEZEL
CAR,MITSUBISHI,5AA-B34W  EK X,JAPAN,PETROL,658.0,COLOMBO,RECONDITIONED,1,5AA-B34W,EK X
CAR,TOYOTA,YARIS  ATIV,THAILAND,PETROL,1197.0,JAFFNA,RECONDITIONED,1,,YARIS  ATIV
CAR,TOYOTA,4BA-M900A,JAPAN,PETROL,996.0,BATTICALOA,RECONDITIONED,1,4BA-M900A,ROOMY
CAR,TOYOTA,YARIS CROSS,THAILAND,PETROL/ELE,1496.0,BADULLA,RECONDITIONED,2,,YARIS CROSS
CAR,MERCEDES BENZ,5AA-206042C C200,GERMANY,PETROL,1496.0,KURUNEGALA,RECONDITIONED,1,5AA-206042C,C200
CAR,TOYOTA,5BA-M700A  PASSO,JAPAN,PETROL,996.0,POLONNARUWA,RECONDITIONED,1,5BA-M700A,PASSO
CAR,TOYOTA,3DA-GDJ250W,JAPAN,DIESEL,2754.0,KANDY,RECONDITIONED,1,3DA-GDJ250W,Unknown
CAR,LAND ROVER,RANGE ROVER AUTOBIO,UNITED KINGDOM,PETROL,2996.0,COLOMBO,RECONDITIONED,1,,RANGE ROVER AUTOBIO
CAR,MAZDA,3BA-DG17W SCRUM,JAPAN,PETROL,658.0,KANDY,RECONDITIONED,1,3BA-DG17W,SCRUM
CAR,SUZUKI,3BA-HA37S ALTO,JAPAN,PETROL,658.0,AMPARA,RECONDITIONED,1,3BA-HA37S,ALTO
CAR,HONDA,6AA-RV5 VEZEL,JAPAN,PETROL/ELE,1498.0,COLOMBO,RECONDITIONED,1,6AA-RV5,VEZEL
CAR,HONDA,CR-V VTI LX,THAILAND,PETROL,1498.0,COLOMBO,RECONDITIONED,1,CR-V,VTI LX
CAR,SUZUKI,4AA-MK54S SPACIA,JAPAN,PETROL/ELE,658.0,COLOMBO,RECONDITIONED,1,4AA-MK54S,SPACIA
CAR,TOYOTA,YARIS ATIV PREMIUM,THAILAND,PETROL,1197.0,COLOMBO,RECONDITIONED,1,,YARIS ATIV PREMIUM
CAR,TOYOTA,4BA-M900A  ROOMY,JAPAN,PETROL,996.0,KALUTARA,RECONDITIONED,2,4BA-M900A,ROOMY
CAR,DAIHATSU,5BA-LA900S,JAPAN,PETROL,658.0,GAMPAHA,RECONDITIONED,2,5BA-LA900S,TAFT
CAR,DAIHATSU,ROCKY 5AA-A202S,JAPAN,PETROL/ELE,78.0,COLOMBO,RECONDITIONED,1,,ROCKY 5AA-A202S
CAR,MG,MG4V,THAILAND,ELECTRIC,125.0,COLOMBO,RECONDITIONED,1,,MG4V
CAR,TOYOTA,5BA-A201A,JAPAN,PETROL,1196.0,HAMBANTOTA,RECONDITIONED,1,5BA-A201A,RAICE
CAR,SUZUKI,5AA-MR92S HUSTLER,JAPAN,PETROL/ELE,656.0,MATARA,RECONDITIONED,1,5AA-MR92S,HUSTLER
CAR,MITSUBISHI,5BD-DS17V,JAPAN,PETROL,656.0,COLOMBO,RECONDITIONED,1,5BD-DS17V,MINICAB
CAR,TOYOTA,5BA-MZEA17,JAPAN,PETROL,1496.0,GAMPAHA,RECONDITIONED,1,5BA-MZEA17,COROLLA
CAR,NISSAN,5BD--DR17V CLIPPER,JAPAN,PETROL,658.0,COLOMBO,RECONDITIONED,1,5BD--DR17V,CLIPPER
CAR,DAIHATSU,5BA-LA900S TAFT,JAPAN,PETROL,656.0,KURUNEGALA,RECONDITIONED,1,5BA-LA900S,TAFT
CAR,NISSAN,5AA-B44A ROOX,JAPAN,PETROL,659.0,COLOMBO,RECONDITIONED,1,5AA-B44A,ROOX
CAR,MERCEDES BENZ,E230 CLASSIC,GERMANY,PETROL,2295.0,GAMPAHA,BOUGHT FROM AUCTION,1,,E230 CLASSIC
CAR,AUDI,E-TRON 50 QUATTRO,BELGIUM,ELECTRIC,230.0,COLOMBO,BRAND NEW,2,,E-TRON 50 QUATTRO
CAR,BYD,SEALION 6 PREMIUM,CHINA,PETROL/ELE,1498.0,COLOMBO,BRAND NEW,24,,SEALION 6 PREMIUM
CAR,BYD,DOLPHIN-DYNAMIC49,CHINA,ELECTRIC,49.0,KALUTARA,BRAND NEW,8,,DOLPHIN-DYNAMIC49
CAR,BYD,DOLPHIN-DYNAMIC49,CHINA,ELECTRIC,49.0,GALLE,BRAND NEW,8,,DOLPHIN-DYNAMIC49
CAR,NISSAN,MAGNITE N-CONNECTA,INDIA,PETROL,999.0,NUWARA-ELIYA,BRAND NEW,1,,MAGNITE N-CONNECTA
CAR,MERCEDES BENZ,EQA250 PLUS,GERMANY,ELECTRIC,140.0,COLOMBO,BRAND NEW,1,,EQA250 PLUS
CAR,CHANGAN,S 07,CHINA,ELECTRIC,99.0,KALUTARA,BRAND NEW,2,,S 07
CAR,KIA,STONIC,SOUTH KOREA,PETROL,998.0,COLOMBO,BRAND NEW,5,,STONIC
CAR,JETOUR,DASHING,CHINA,PETROL,1498.0,COLOMBO,BRAND NEW,1,,DASHING
CAR,BYD,SEALION 6 PREMIUM,CHINA,PETROL/ELE,1498.0,GALLE,BRAND NEW,3,,SEALION 6 PREMIUM
CAR,NISSAN,MAGNITE ACENTA BR10,INDIA,PETROL,999.0,KEGALLE,BRAND NEW,1,,MAGNITE ACENTA BR10
CAR,TATA,NEXON FEARLESS,INDIA,PETROL,1199.0,KURUNEGALA,BRAND NEW,1,,NEXON FEARLESS
CAR,KIA,SORENTO,MALAYSIA,PETROL/ELE,1598.0,COLOMBO,BRAND NEW,10,,SORENTO
CAR,LAND ROVER,DEFENDER,UNITED KINGDOM,PETROL/ELE,2000.0,COLOMBO,BRAND NEW,4,,DEFENDER
CAR,BYD,SEAL-COMFORT,CHINA,ELECTRIC,100.0,MATARA,BRAND NEW,2,SEAL-COMFORT,Unknown
CAR,TATA,CURVV EV,INDIA,ELECTRIC,98.0,GAMPAHA,BRAND NEW,1,,CURVV EV
CAR,BYD,SEAL-COMFORT,CHINA,ELECTRIC,100.0,AMPARA,BRAND NEW,1,SEAL-COMFORT,Unknown
CAR,BYD,SEAL-COMFORT,CHINA,ELECTRIC,100.0,PUTTALAM,BRAND NEW,1,SEAL-COMFORT,Unknown
CAR,MERCEDES BENZ,S450 4MATIC,GERMANY,PETROL,2999.0,COLOMBO,BRAND NEW,1,,S450 4MATIC
CAR,BYD,M6 SUPERIOR,CHINA,ELECTRIC,100.0,MATALE,BRAND NEW,1,,M6 SUPERIOR
CAR,NISSAN,MAGNITE TEKNA PLUS,INDIA,PETROL,999.0,KANDY,BRAND NEW,2,,MAGNITE TEKNA PLUS
CAR,MERCEDES BENZ,S450 4 MATIC,GERMANY,PETROL,2999.0,COLOMBO,BRAND NEW,2,,S450 4 MATIC
CAR,TOYOTA,ZVG10R-DHXEB,THAILAND,PETROL/ELE,1798.0,COLOMBO,BRAND NEW,1,,ZVG10R-DHXEB
CAR,BYD,DOLPHIN-DYNAMIC49,CHINA,ELECTRIC,49.0,MATARA,BRAND NEW,2,,DOLPHIN-DYNAMIC49
CAR,BYD,DOLPHIN-DYNAMIC49,CHINA,ELECTRIC,49.0,KEGALLE,BRAND NEW,3,,DOLPHIN-DYNAMIC49
CAR,BYD,ATTO 1 PREMIUM,CHINA,ELECTRIC,45.0,COLOMBO,BRAND NEW,2,,ATTO 1 PREMIUM
CAR,TOYOTA,F800RE-GQGF RUSH,INDONESIA,PETROL,1496.0,JAFFNA,BRAND NEW,1,,F800RE-GQGF RUSH
CAR,NISSAN,MAGNITE TEKNA PLUS,INDIA,PETROL,999.0,GALLE,BRAND NEW,2,,MAGNITE TEKNA PLUS
CAR,SAIC,MG ZS MCE,CHINA,PETROL,999.0,GALLE,BRAND NEW,2,,MG ZS MCE
CAR,BAIC,X55 II LUXURY,SRI LANKA,PETROL,1498.0,COLOMBO,BRAND NEW-L/ASSEMBLE,3,,X55 II LUXURY
CAR,LEXUS,3BA-VJA310W LX600,JAPAN,PETROL,3444.0,KURUNEGALA,RECONDITIONED,2,3BA-VJA310W,LX600
CAR,HONDA,6AA-RV5  VEZEL,JAPAN,PETROL/ELE,1496.0,KURUNEGALA,RECONDITIONED,4,6AA-RV5,VEZEL
CAR,HONDA,6AA-RV5  VEZEL,JAPAN,PETROL/ELE,1496.0,GALLE,RECONDITIONED,1,6AA-RV5,VEZEL
CAR,SUZUKI,5AA-ZCEDS  SWIFT,JAPAN,PETROL/ELE,1196.0,GAMPAHA,RECONDITIONED,1,5AA-ZCEDS,SWIFT
CAR,SUZUKI,3BA-HA37S  ALTO,JAPAN,PETROL,658.0,KEGALLE,RECONDITIONED,1,3BA-HA37S,ALTO
CAR,TOYOTA,3BA-TRJ150W PRADO,JAPAN,PETROL,2693.0,KALUTARA,RECONDITIONED,2,3BA-TRJ150W,PRADO
CAR,TOYOTA,3BA-TRJ150W PRADO,JAPAN,PETROL,2693.0,GALLE,RECONDITIONED,3,3BA-TRJ150W,PRADO
CAR,HONDA,6AA-RV5 VEZEL,JAPAN,PETROL/ELE,1496.0,BATTICALOA,RECONDITIONED,10,6AA-RV5,VEZEL
CAR,NISSAN,5AA-B44W DAYS,JAPAN,PETROL,658.0,AMPARA,RECONDITIONED,1,5AA-B44W,DAYS
CAR,TOYOTA,4BA-M900A ROOMY,JAPAN,PETROL,996.0,ANURADHAPURA,RECONDITIONED,3,4BA-M900A,ROOMY
CAR,SUZUKI,3BA-HA37S ALTO,JAPAN,PETROL,658.0,NUWARA-ELIYA,RECONDITIONED,1,3BA-HA37S,ALTO
CAR,SUZUKI,3BD-DA17V EVERY,JAPAN,PETROL,658.0,NUWARA-ELIYA,RECONDITIONED,2,3BD-DA17V,EVERY
CAR,HONDA,6AA-RV5 VEZEL,JAPAN,PETROL/ELE,1496.0,PUTTALAM,RECONDITIONED,20,6AA-RV5,VEZEL
CAR,SUZUKI,WAGON R 5BA-MH85S,JAPAN,PETROL,658.0,GAMPAHA,RECONDITIONED,2,,WAGON R 5BA-MH85S
CAR,TOYOTA,3BA-TRJ150W,JAPAN,PETROL,2693.0,GAMPAHA,RECONDITIONED,6,3BA-TRJ150W,PRADO
CAR,MITSUBISHI,5AA-B34W EK X,JAPAN,PETROL,659.0,COLOMBO,RECONDITIONED,1,5AA-B34W,EK X
CAR,HONDA,6AA-RV5 VESZEL,JAPAN,PETROL/ELE,1496.0,VAVUNIYA,RECONDITIONED,1,6AA-RV5,VESZEL
CAR,TOYOTA,3BA-TRJ150W  PRADO,JAPAN,PETROL,2693.0,COLOMBO,RECONDITIONED,2,3BA-TRJ150W,PRADO
CAR,TOYOTA,5BA-LA350A PIXIS,JAPAN,PETROL,658.0,ANURADHAPURA,RECONDITIONED,1,5BA-LA350A,PIXIS
CAR,TOYOTA,5BA-A201A RAIZE,JAPAN,PETROL,1196.0,KALUTARA,RECONDITIONED,6,5BA-A201A,RAIZE
CAR,SUZUKI,5AA-MH95S WAGON R,JAPAN,PETROL/ELE,656.0,COLOMBO,RECONDITIONED,1,5AA-MH95S,WAGON R
CAR,TOYOTA,4BA-M900A ROOMY,JAPAN,PETROL,996.0,BADULLA,RECONDITIONED,1,4BA-M900A,ROOMY
CAR,SUZUKI,5BD-DA17V EVERY,JAPAN,PETROL,650.0,COLOMBO,RECONDITIONED,2,5BD-DA17V,EVERY
CAR,SUZUKI,5BD-DA17V EVERY,JAPAN,PETROL,658.0,MONERAGALA,RECONDITIONED,2,5BD-DA17V,EVERY
CAR,TOYOTA,6AA-MXPJ15 YARIS,JAPAN,PETROL/ELE,1496.0,GALLE,RECONDITIONED,2,6AA-MXPJ15,YARIS
CAR,TOYOTA,5BA-M900A ROOMY,JAPAN,PETROL,996.0,PUTTALAM,RECONDITIONED,6,5BA-M900A,ROOMY
CAR,DAIHATSU,THOR 4BA-M900S,JAPAN,PETROL,996.0,COLOMBO,RECONDITIONED,1,,THOR 4BA-M900S
CAR,TOYOTA,6AA-MXWH60 PRIUS,JAPAN,PETROL/ELE,1986.0,MATARA,RECONDITIONED,1,6AA-MXWH60,PRIUS
CAR,DAIHATSU,5BA-LA150S MOVE,JAPAN,PETROL,658.0,ANURADHAPURA,RECONDITIONED,1,5BA-LA150S,MOVE
CAR,TOYOTA,5BA-A201A RAIZE,JAPAN,PETROL,1196.0,MANNAR,RECONDITIONED,1,5BA-A201A,RAIZE
CAR,HONDA,6AA-RV5 VEZEL,JAPAN,PETROL/ELE,1456.0,GAMPAHA,RECONDITIONED,1,6AA-RV5,VEZEL
CAR,HONDA,6AA-RV5 VEZEL,JAPAN,PETROL/ELE,1496.0,TRINCOMALEE,RECONDITIONED,4,6AA-RV5,VEZEL
CAR,HONDA (DMC),CITY RS,THAILAND,PETROL,988.0,COLOMBO,RECONDITIONED,1,,CITY RS
CAR,DAIHATSU,5BA-LA350S MIRA,JAPAN,PETROL,658.0,KALUTARA,RECONDITIONED,4,5BA-LA350S,MIRA
CAR,NISSAN,5AA-B44W DAYZ,JAPAN,PETROL,659.0,HAMBANTOTA,RECONDITIONED,1,5AA-B44W,DAYZ
CAR,NISSAN,DAYZ 5BA-B43W,JAPAN,PETROL,658.0,GAMPAHA,RECONDITIONED,1,,DAYZ 5BA-B43W
CAR,HONDA,6AA-RV5 VEZEL,JAPAN,PETROL,1496.0,KEGALLE,RECONDITIONED,1,6AA-RV5,VEZEL
CAR,TESLA,MODEL 3 RWD,CHINA,ELECTRIC,194.0,COLOMBO,RECONDITIONED,1,,MODEL 3 RWD
CAR,SUZUKI,4AA-MK54S SPACIA,JAPAN,PETROL,658.0,PUTTALAM,RECONDITIONED,1,4AA-MK54S,SPACIA
CAR,MERCEDES BENZ,C200,GERMANY,PETROL,1496.0,KURUNEGALA,RECONDITIONED,1,,C200
CAR,TOYOTA,5AA-A202A  RAIZE,JAPAN,PETROL/ELE,78.0,MATARA,RECONDITIONED,1,5AA-A202A,RAIZE
CAR,MERCEDES BENZ,CLA200,UNITED KINGDOM,PETROL,1332.0,KURUNEGALA,RECONDITIONED,1,,CLA200
CAR,NISSAN,5BD-DR17V  CLIPPER,JAPAN,PETROL,658.0,BADULLA,RECONDITIONED,1,5BD-DR17V,CLIPPER
CAR,SUZUKI,5AA-MK94S SPACIA,JAPAN,PETROL,658.0,BATTICALOA,RECONDITIONED,2,5AA-MK94S,SPACIA
CAR,TOYOTA,YARIS ATIV,THAILAND,PETROL,1197.0,MATARA,RECONDITIONED,2,,YARIS ATIV
CAR,SUZUKI,5AA-MH95S WAGON R,JAPAN,PETROL/ELE,658.0,COLOMBO,RECONDITIONED,2,5AA-MH95S,WAGON R
CAR,B.M.W.,3BA-XU20MW MINI,JAPAN,PETROL,1999.0,COLOMBO,RECONDITIONED,1,3BA-XU20MW,MINI
CAR,NISSAN,5AA-B44A ROOX,JAPAN,PETROL,659.0,GAMPAHA,RECONDITIONED,1,5AA-B44A,ROOX
CAR,TOYOTA,3BA-A210A RAIZE,JAPAN,PETROL,996.0,NUWARA-ELIYA,RECONDITIONED,2,3BA-A210A,RAIZE
CAR,SUZUKI,5BA-MH 85S,JAPAN,PETROL,657.0,KANDY,RECONDITIONED,1,5BA-MH,85S
CAR,DAIHATSU,5BA-LA350S MIRA E S,JAPAN,PETROL,656.0,COLOMBO,RECONDITIONED,1,5BA-LA350S,MIRA E S
CAR,DAIHATSU,5BA-LA350S  MIRA,JAPAN,PETROL,658.0,MATARA,RECONDITIONED,3,5BA-LA350S,MIRA
CAR,HONDA,6BA-JF5 N BOX,JAPAN,PETROL,659.0,COLOMBO,RECONDITIONED,1,6BA-JF5,N BOX
CAR,NISSAN,5BA-B43W DAYZ,JAPAN,PETROL,658.0,AMPARA,RECONDITIONED,1,5BA-B43W,DAYZ
CAR,HONDA,6AA-RV5   VEZEL,JAPAN,PETROL/ELE,1490.0,GALLE,RECONDITIONED,1,6AA-RV5,VEZEL
CAR,LAND ROVER,3BA-LE72XCA DEFENDER,UNITED KINGDOM,PETROL,1990.0,KALUTARA,RECONDITIONED,1,3BA-LE72XCA,DEFENDER
CAR,VOLKSWAGEN,3BA-C1DKR T CROSS,JAPAN,PETROL,996.0,GALLE,RECONDITIONED,1,3BA-C1DKR,T CROSS
CAR,MERCEDES BENZ,4AA-213077C E200,GERMANY,PETROL,1497.0,COLOMBO,RECONDITIONED,2,4AA-213077C,E200
CAR,TOYOTA,6AA-ZWR90W VOXY,JAPAN,PETROL/ELE,1797.0,KALUTARA,RECONDITIONED,1,6AA-ZWR90W,VOXY
CAR,MERCEDES BENZ,5AA-206042C  C-CLASS,GERMANY,PETROL,1496.0,GAMPAHA,RECONDITIONED,1,5AA-206042C,C-CLASS
CAR,HONDA,CITY RS,THAILAND,PETROL,988.0,GALLE,RECONDITIONED,6,,CITY RS
CAR,TOYOTA,6AA-NKE165 AXIO,JAPAN,PETROL/ELE,1496.0,GAMPAHA,RECONDITIONED,1,6AA-NKE165,AXIO
CAR,HONDA,CRV VTI L7,THAILAND,PETROL,1498.0,KALUTARA,RECONDITIONED,1,,CRV VTI L7
CAR,SUZUKI,3BA-DA17W EVERY,JAPAN,PETROL,658.0,MATALE,RECONDITIONED,2,3BA-DA17W,EVERY
CAR,SUZUKI,5AA-MH95S WAGON R,JAPAN,PETROL,658.0,BATTICALOA,RECONDITIONED,3,5AA-MH95S,WAGON R
CAR,TOYOTA,6AA-MXPK11 AQUA,JAPAN,PETROL/ELE,1496.0,NUWARA-ELIYA,RECONDITIONED,1,6AA-MXPK11,AQUA
CAR,LEXUS,3BA-VJA310W LX600,JAPAN,PETROL,3444.0,COLOMBO,RECONDITIONED,2,3BA-VJA310W,LX600
CAR,NISSAN,5AA-B44A ROOX,JAPAN,PETROL,659.0,ANURADHAPURA,RECONDITIONED,1,5AA-B44A,ROOX
CAR,DAIHATSU,BOON-5BA-M700S,JAPAN,PETROL,996.0,COLOMBO,RECONDITIONED,1,BOON-5BA-M700S,Unknown
CAR,TOYOTA,3BA-A210A RAIZE,JAPAN,PETROL/ELE,996.0,KANDY,RECONDITIONED,1,3BA-A210A,RAIZE
CAR,TOYOTA,5BA-M700A PASSO,JAPAN,PETROL,996.0,PUTTALAM,RECONDITIONED,1,5BA-M700A,PASSO
CAR,SUZUKI,4AA-MN71S XBEE,JAPAN,PETROL,996.0,KANDY,RECONDITIONED,1,4AA-MN71S,XBEE
CAR,TOYOTA,5BA-KSP210 YARIS X,JAPAN,PETROL,996.0,GAMPAHA,RECONDITIONED,1,5BA-KSP210,YARIS X
CAR,DAIHATSU,5BA-LA350S MIRA ES,JAPAN,PETROL,658.0,GALLE,RECONDITIONED,1,5BA-LA350S,MIRA ES
CAR,TOYOTA,3BA-VJA300W,JAPAN,PETROL,3444.0,ANURADHAPURA,RECONDITIONED,1,3BA-VJA300W,Unknown
CAR,TOYOTA,4BA-M900A  ROOMY,JAPAN,PETROL,996.0,PUTTALAM,RECONDITIONED,1,4BA-M900A,ROOMY
CAR,NISSAN,5AA-B44W DAYZ,JAPAN,PETROL,658.0,GAMPAHA,RECONDITIONED,2,5AA-B44W,DAYZ
CAR,SUZUKI,3BA-HA37S ALTO,JAPAN,PETROL,660.0,COLOMBO,RECONDITIONED,1,3BA-HA37S,ALTO
CAR,TOYOTA,5BA-LA350A PIXIS,JAPAN,PETROL,658.0,GALLE,RECONDITIONED,2,5BA-LA350A,PIXIS
CAR,SUZUKI,5AA-MH95S WAGON R,JAPAN,PETROL,658.0,ANURADHAPURA,RECONDITIONED,2,5AA-MH95S,WAGON R
CAR,SUZUKI,5AA-MH95S WAGON R,JAPAN,PETROL,657.0,PUTTALAM,RECONDITIONED,1,5AA-MH95S,WAGON R
CAR,DAIHATSU,5AA-A202S   ROCKY,JAPAN,PETROL/ELE,78.0,COLOMBO,RECONDITIONED,1,5AA-A202S,ROCKY
CAR,MAZDA,5AA-MM53S FLAIR,JAPAN,PETROL,658.0,NUWARA-ELIYA,RECONDITIONED,1,5AA-MM53S,FLAIR
CAR,HONDA,CITY  RS,THAILAND,PETROL,988.0,KURUNEGALA,RECONDITIONED,1,,CITY  RS
CAR,TOYOTA,YARIS ATIV,THAILAND,PETROL,1197.0,PUTTALAM,RECONDITIONED,1,,YARIS ATIV
CAR,TOYOTA,YARIS CROSS,THAILAND,PETROL/ELE,1496.0,KALUTARA,RECONDITIONED,1,,YARIS CROSS
CAR,SUZUKI,3BA-DA17W EVERY,JAPAN,PETROL,658.0,TRINCOMALEE,RECONDITIONED,1,3BA-DA17W,EVERY
CAR,TOYOTA,5BA-LA350 A PIXIS,JAPAN,PETROL,658.0,GAMPAHA,RECONDITIONED,1,5BA-LA350,A PIXIS
CAR,AUDI,3AA-GYDLA A3,GERMANY,PETROL,999.0,PUTTALAM,RECONDITIONED,1,3AA-GYDLA,A3
CAR,DAIHATSU,5BA-LA350S MIRA,JAPAN,PETROL,650.0,MATALE,RECONDITIONED,1,5BA-LA350S,MIRA
CAR,SUZUKI,4AA-MK53S SPACIA,JAPAN,PETROL,658.0,KURUNEGALA,RECONDITIONED,1,4AA-MK53S,SPACIA
CAR,DAIHATSU,5BA-LA350S  MIRA,JAPAN,PETROL,658.0,KURUNEGALA,RECONDITIONED,1,5BA-LA350S,MIRA
CAR,TOYOTA,LC300 SAHARA,AUSTRALIA,DIESEL,3346.0,COLOMBO,RECONDITIONED,1,,LC300 SAHARA
CAR,LAND ROVER,3BA-LE72XAA,UNITED KINGDOM,PETROL,1190.0,COLOMBO,RECONDITIONED,1,3BA-LE72XAA,DEFENDER
CAR,DAIHATSU,5AA-A202S ROCKY,JAPAN,ELECTRIC,78.0,GAMPAHA,RECONDITIONED,1,5AA-A202S,ROCKY
CAR,SUZUKI,3BD-DA17V EVERY,JAPAN,PETROL,658.0,KALUTARA,RECONDITIONED,2,3BD-DA17V,EVERY
CAR,NISSAN,5BA-B43W DAYZ,JAPAN,PETROL,658.0,KURUNEGALA,RECONDITIONED,1,5BA-B43W,DAYZ
CAR,VOLKSWAGEN,3BA-C1DKR T- CROSS,GERMANY,PETROL,996.0,COLOMBO,RECONDITIONED,1,3BA-C1DKR,T- CROSS
CAR,LAND ROVER,RANGE ROVER SPORT,UNITED KINGDOM,PETROL/ELE,2996.0,GAMPAHA,RECONDITIONED,1,,RANGE ROVER SPORT
CAR,NISSAN,5BD-DR17V,JAPAN,PETROL,658.0,PUTTALAM,RECONDITIONED,1,5BD-DR17V,Unknown
CAR,TOYOTA,3BA-NGX10  C-HR,JAPAN,PETROL,1196.0,KURUNEGALA,RECONDITIONED,2,3BA-NGX10,C-HR
CAR,VOLKSWAGEN,3BA-C1DKR  T-CROSS,GERMANY,PETROL,999.0,GAMPAHA,RECONDITIONED,1,3BA-C1DKR,T-CROSS
CAR,NISSAN,5BA-B43W DAYS,JAPAN,PETROL,658.0,KALUTARA,RECONDITIONED,1,5BA-B43W,DAYS
CAR,TOYOTA,3BA-VJ300W,JAPAN,PETROL,3444.0,COLOMBO,RECONDITIONED,1,3BA-VJ300W,Unknown
CAR,TOYOTA,3DA-GDJ250W,JAPAN,DIESEL,2754.0,POLONNARUWA,RECONDITIONED,1,3DA-GDJ250W,Unknown
CAR,NISSAN,4AA-B45A ROOX,JAPAN,PETROL,659.0,COLOMBO,RECONDITIONED,1,4AA-B45A,ROOX
CAR,SUZUKI,5AA-HA97S ALTO,JAPAN,PETROL,657.0,KANDY,RECONDITIONED,1,5AA-HA97S,ALTO
CAR,DAIHATSU,TANTO 5BA-LA650S,JAPAN,PETROL,658.0,MATARA,RECONDITIONED,1,,TANTO 5BA-LA650S
CAR,TOYOTA,3BA-TRJ150W,JAPAN,PETROL,2693.0,ANURADHAPURA,RECONDITIONED,1,3BA-TRJ150W,PRADO
CAR,SUZUKI,5BA-MH85S,JAPAN,PETROL,658.0,KANDY,RECONDITIONED,1,5BA-MH85S,WAGON  R
CAR,BYD,SEALION 6 SUPERIOR,CHINA,PETROL/ELE,1498.0,KURUNEGALA,BRAND NEW,14,,SEALION 6 SUPERIOR
CAR,BYD,DOLPHIN-DYNAMIC49,CHINA,ELECTRIC,49.0,MONERAGALA,BRAND NEW,2,,DOLPHIN-DYNAMIC49
CAR,BYD,DOLPHIN-DYNAMIC 70,CHINA,ELECTRIC,70.0,COLOMBO,BRAND NEW,25,,DOLPHIN-DYNAMIC 70
CAR,BYD,SEALION 6 SUPERIOR,CHINA,PETROL/ELE,1498.0,GALLE,BRAND NEW,32,,SEALION 6 SUPERIOR
CAR,TOYOTA,A250RA-GBVV RAIZE,INDONESIA,PETROL,998.0,ANURADHAPURA,BRAND NEW,5,,A250RA-GBVV RAIZE
CAR,CHANGAN,S 07,CHINA,ELECTRIC,99.0,RATNAPURA,BRAND NEW,1,,S 07
CAR,BYD,DOLPHIN-DYNAMIC 70,CHINA,ELECTRIC,70.0,MATARA,BRAND NEW,1,,DOLPHIN-DYNAMIC 70
CAR,NISSAN,MAGNITE TEKNA PLUS,INDIA,PETROL,999.0,BATTICALOA,BRAND NEW,2,,MAGNITE TEKNA PLUS
CAR,SKYWELL,BE11,CHINA,ELECTRIC,150.0,COLOMBO,BRAND NEW,1,,BE11
CAR,BYD,SEALION 6 SUPERIOR,CHINA,PETROL/ELE,1498.0,VAVUNIYA,BRAND NEW,3,,SEALION 6 SUPERIOR
CAR,TOYOTA,WIGO A350RA GBNE,INDONESIA,PETROL,998.0,GAMPAHA,BRAND NEW,4,,WIGO A350RA GBNE
CAR,LAND ROVER,RANGE ROVER SPORT,UNITED KINGDOM,PETROL/ELE,3000.0,KANDY,BRAND NEW,1,,RANGE ROVER SPORT
CAR,BYD,SEALION 6 SUPERIOR,CHINA,PETROL/ELE,1498.0,BADULLA,BRAND NEW,2,,SEALION 6 SUPERIOR
CAR,AUDI,E-TRON 50 QUATTRO,BELGIUM,ELECTRIC,230.0,KANDY,BRAND NEW,1,,E-TRON 50 QUATTRO
CAR,TOYOTA,A250RA-GBVV RAIZE,INDONESIA,PETROL,998.0,HAMBANTOTA,BRAND NEW,1,,A250RA-GBVV RAIZE
CAR,CHANGAN,E07,CHINA,ELECTRIC,190.0,KALUTARA,BRAND NEW,1,,E07
CAR,KIA,SONET,INDIA,PETROL,998.0,KALUTARA,BRAND NEW,1,,SONET
CAR,PERODUA,BEZZA,MALAYSIA,PETROL,998.0,PUTTALAM,BRAND NEW,2,,BEZZA
CAR,JETOUR,X70 PLUS,CHINA,PETROL,1498.0,VAVUNIYA,BRAND NEW,1,,X70 PLUS
CAR,MERCEDES BENZ,GLC 200 4 MATIC,GERMANY,PETROL,1999.0,COLOMBO,BRAND NEW,2,,GLC 200 4 MATIC
CAR,LAND ROVER,RANGE ROVER,UNITED KINGDOM,PETROL/ELE,3000.0,POLONNARUWA,BRAND NEW,1,,RANGE ROVER
CAR,KIA,CARNIVAL,KOREA,PETROL/ELE,1598.0,KALUTARA,BRAND NEW,1,,CARNIVAL
CAR,CHANGAN,L07,CHINA,ELECTRIC,99.0,COLOMBO,BRAND NEW,1,,L07
CAR,TATA,CURVV EV,INDIA,ELECTRIC,98.0,COLOMBO,BRAND NEW,1,,CURVV EV
CAR,BAIC,X55 II LUXURY,SRI LANKA,PETROL,1498.0,ANURADHAPURA,BRAND NEW-L/ASSEMBLE,1,,X55 II LUXURY
CAR,TOYOTA,6AA-MXPL10G SIENTA,JAPAN,PETROL/ELE,1496.0,GAMPAHA,RECONDITIONED,1,6AA-MXPL10G,SIENTA
CAR,TOYOTA,6AA-MXPK11 AQUA,JAPAN,PETROL/ELE,1496.0,KALUTARA,RECONDITIONED,1,6AA-MXPK11,AQUA
CAR,HONDA,6AA-RV6 VEZEL,JAPAN,PETROL/ELE,1496.0,BADULLA,RECONDITIONED,1,6AA-RV6,VEZEL
CAR,DAIHATSU,5BA-LA360S MIRA E.S,JAPAN,PETROL,658.0,MONERAGALA,RECONDITIONED,1,5BA-LA360S,MIRA E.S
CAR,MAZDA,5AA-MJ95S FLAIR,JAPAN,PETROL,658.0,COLOMBO,RECONDITIONED,1,5AA-MJ95S,FLAIR
CAR,SUZUKI,5AA-MH95S,JAPAN,PETROL,658.0,ANURADHAPURA,RECONDITIONED,1,5AA-MH95S,Unknown
CAR,SUZUKI,5BD-MK33V SPACIA,JAPAN,PETROL,658.0,GAMPAHA,RECONDITIONED,1,5BD-MK33V,SPACIA
CAR,TOYOTA,6AA-MXPJ10 YARIS,JAPAN,PETROL/ELE,1496.0,MATARA,RECONDITIONED,1,6AA-MXPJ10,YARIS
CAR,SUZUKI,5BA-MH85S WAGON R,JAPAN,PETROL,657.0,KURUNEGALA,RECONDITIONED,3,5BA-MH85S,WAGON R
CAR,HONDA,6BA-JF3 N-BOX CUSTOM,JAPAN,PETROL,658.0,GAMPAHA,RECONDITIONED,1,6BA-JF3,N-BOX CUSTOM
CAR,SUZUKI,5BD-DA17V EVERY,JAPAN,PETROL,658.0,MATARA,RECONDITIONED,6,5BD-DA17V,EVERY
CAR,SUZUKI,5AA-MK94S,JAPAN,PETROL,658.0,GAMPAHA,RECONDITIONED,1,5AA-MK94S,SPACIA
CAR,TOYOTA,3BA-TRJ250W,JAPAN,PETROL,2693.0,KANDY,RECONDITIONED,2,3BA-TRJ250W,4WD VX
CAR,TOYOTA,PASSO 5BA-M700A,JAPAN,PETROL,996.0,BATTICALOA,RECONDITIONED,1,,PASSO 5BA-M700A
CAR,VOLKSWAGEN,3AA-CDDLA GOLF,GERMANY,PETROL,999.0,COLOMBO,RECONDITIONED,2,3AA-CDDLA,GOLF
CAR,SUZUKI,5AA-MH95S WAGON R,JAPAN,PETROL/ELE,656.0,KANDY,RECONDITIONED,1,5AA-MH95S,WAGON R
CAR,TOYOTA,6AA-MXPJ10  YARIS,JAPAN,PETROL/ELE,1490.0,BADULLA,RECONDITIONED,1,6AA-MXPJ10,YARIS
CAR,SUZUKI,5AA-MH95S WAGON R,JAPAN,PETROL,658.0,KILINOCHCHI,RECONDITIONED,1,5AA-MH95S,WAGON R
CAR,SUZUKI,5AA-HA97S ALTO,JAPAN,PETROL,658.0,COLOMBO,RECONDITIONED,8,5AA-HA97S,ALTO
CAR,TOYOTA,5BA-M700A PASSO,JAPAN,PETROL,996.0,KANDY,RECONDITIONED,3,5BA-M700A,PASSO
CAR,HONDA,CITY RS,THAILAND,PETROL,988.0,BADULLA,RECONDITIONED,1,,CITY RS
CAR,TOYOTA,3BA-NGX10 CH-R,JAPAN,PETROL,1196.0,POLONNARUWA,RECONDITIONED,1,3BA-NGX10,CH-R
CAR,TOYOTA,5BA-MZEA17 COROLLA,JAPAN,PETROL,1496.0,COLOMBO,RECONDITIONED,3,5BA-MZEA17,COROLLA
CAR,SUZUKI,4AA-MN71S X BEE,JAPAN,PETROL,996.0,COLOMBO,RECONDITIONED,2,4AA-MN71S,X BEE
CAR,TOYOTA,5BA-KSP210 YARIS,JAPAN,PETROL,996.0,MONERAGALA,RECONDITIONED,3,5BA-KSP210,YARIS
CAR,TOYOTA,5BA-KSP210,JAPAN,PETROL,996.0,KALUTARA,RECONDITIONED,2,5BA-KSP210,YARIS X
CAR,DAIHATSU,5BA-LA350S MIRA E.S,JAPAN,PETROL,658.0,KURUNEGALA,RECONDITIONED,1,5BA-LA350S,MIRA E.S
CAR,TOYOTA,5BA-KSP210 YARIS,JAPAN,PETROL,996.0,BATTICALOA,RECONDITIONED,3,5BA-KSP210,YARIS
CAR,MAZDA,5AA-MM53S  FLAIR,JAPAN,PETROL,658.0,VAVUNIYA,RECONDITIONED,1,5AA-MM53S,FLAIR
CAR,TOYOTA,5BA-KSP210  YARIS,JAPAN,PETROL,996.0,COLOMBO,RECONDITIONED,4,5BA-KSP210,YARIS
CAR,SUZUKI,3BA-HA37S ALTO,JAPAN,PETROL,658.0,KEGALLE,RECONDITIONED,2,3BA-HA37S,ALTO
CAR,HONDA,6AA-RV5 VEZEL,JAPAN,PETROL/ELE,1496.0,JAFFNA,RECONDITIONED,4,6AA-RV5,VEZEL
CAR,NISSAN,5BD-DR17V,JAPAN,PETROL,658.0,GAMPAHA,RECONDITIONED,3,5BD-DR17V,Unknown
CAR,NISSAN,5AA-B44W,JAPAN,PETROL,658.0,KANDY,RECONDITIONED,1,5AA-B44W,DAYS
CAR,SUZUKI,4AA-MR52S HUSTLER,JAPAN,PETROL,658.0,GAMPAHA,RECONDITIONED,2,4AA-MR52S,HUSTLER
CAR,DAIHATSU,5BD-S700V HIJET,JAPAN,PETROL,658.0,GAMPAHA,RECONDITIONED,1,5BD-S700V,HIJET
CAR,PEUGEOT,5008 GT MHEV AUTO,UNITED KINGDOM,PETROL/ELE,1199.0,GAMPAHA,RECONDITIONED,1,,5008 GT MHEV AUTO
CAR,HONDA,CITY 1.01,THAILAND,PETROL,988.0,COLOMBO,RECONDITIONED,1,,CITY 1.01
CAR,AUDI,3AA-GYDLA-A3,GERMANY,PETROL,996.0,COLOMBO,RECONDITIONED,1,3AA-GYDLA-A3,Unknown
CAR,SUZUKI,5AA-MH95S WAGON R,JAPAN,PETROL,657.0,GAMPAHA,RECONDITIONED,8,5AA-MH95S,WAGON R
CAR,SUZUKI,5BA-MH85S,JAPAN,PETROL,658.0,POLONNARUWA,RECONDITIONED,1,5BA-MH85S,WAGON  R
CAR,AUDI,3AA-GYDLA A3,GERMANY,PETROL,990.0,COLOMBO,RECONDITIONED,1,3AA-GYDLA,A3
CAR,TOYOTA,6AA-ZWR90W VOXY,JAPAN,PETROL/ELE,1797.0,PUTTALAM,RECONDITIONED,1,6AA-ZWR90W,VOXY
CAR,SUZUKI,5AA-MH95S WAGON R,JAPAN,PETROL/ELE,658.0,KURUNEGALA,RECONDITIONED,1,5AA-MH95S,WAGON R
CAR,NISSAN,6AA-T33  X-TRAIL,JAPAN,PETROL/ELE,157.0,GAMPAHA,RECONDITIONED,1,6AA-T33,X-TRAIL
CAR,TOYOTA,6BA-MXUA80 HARRIER,JAPAN,PETROL,1986.0,GALLE,RECONDITIONED,1,6BA-MXUA80,HARRIER
CAR,TOYOTA,5BA-LA350A-PIXIS,JAPAN,PETROL,658.0,MATARA,RECONDITIONED,1,5BA-LA350A-PIXIS,Unknown
CAR,NISSAN,5BD-DR17V CLIPPER,JAPAN,PETROL,658.0,GALLE,RECONDITIONED,2,5BD-DR17V,CLIPPER
CAR,SUZUKI,3BA-DA17W   EVERY,JAPAN,PETROL,658.0,JAFFNA,RECONDITIONED,1,3BA-DA17W,EVERY
CAR,LAND ROVER,RANGE ROVER EVOQUE,UNITED KINGDOM,PETROL/ELE,1498.0,COLOMBO,RECONDITIONED,3,,RANGE ROVER EVOQUE
CAR,TOYOTA,6AA-MXPJ15 YARIS,JAPAN,PETROL/ELE,1496.0,COLOMBO,RECONDITIONED,1,6AA-MXPJ15,YARIS
CAR,TOYOTA,5AA-A202A RAIZE,JAPAN,PETROL/ELE,78.0,HAMBANTOTA,RECONDITIONED,1,5AA-A202A,RAIZE
CAR,DAIHATSU,5BA-LA900S TAFT,JAPAN,PETROL,658.0,BATTICALOA,RECONDITIONED,1,5BA-LA900S,TAFT
CAR,HONDA,6BA-JF5 N-BOX,JAPAN,PETROL,658.0,KALUTARA,RECONDITIONED,1,6BA-JF5,N-BOX
CAR,SUZUKI,5AA-MH95S   WAGON R,JAPAN,PETROL,658.0,GALLE,RECONDITIONED,1,5AA-MH95S,WAGON R
CAR,SUZUKI,4AA-MH55S WAGON R,JAPAN,PETROL/ELE,658.0,BADULLA,RECONDITIONED,1,4AA-MH55S,WAGON R
CAR,TOYOTA,6BA-MXUA80 HARRIER,JAPAN,PETROL,1986.0,KANDY,RECONDITIONED,1,6BA-MXUA80,HARRIER
CAR,SUZUKI,WAGON R 5BA-MH85S,JAPAN,PETROL,657.0,COLOMBO,RECONDITIONED,2,,WAGON R 5BA-MH85S
CAR,SUZUKI,5AA-HA97S ALTO,JAPAN,PETROL,658.0,KURUNEGALA,RECONDITIONED,1,5AA-HA97S,ALTO
CAR,MERCEDES BENZ,4AA-213077C-E200,GERMANY,PETROL/ELE,1490.0,COLOMBO,RECONDITIONED,1,4AA-213077C-E200,Unknown
CAR,TOYOTA,5AA-A202A  RAIZE,JAPAN,ELECTRIC,78.0,KANDY,RECONDITIONED,2,5AA-A202A,RAIZE
CAR,TOYOTA,3BA-NGX10 C-HR,JAPAN,PETROL,1196.0,KALUTARA,RECONDITIONED,1,3BA-NGX10,C-HR
CAR,SUZUKI,WAGON R 5BA-MH85S,JAPAN,PETROL,658.0,GALLE,RECONDITIONED,1,,WAGON R 5BA-MH85S
CAR,HONDA,CRV VTILX,AUSTRALIA,PETROL,1498.0,MONERAGALA,RECONDITIONED,1,,CRV VTILX
CAR,MERCEDES BENZ,C 200 PREMIUM PLUS,GERMANY,PETROL,1496.0,KALUTARA,RECONDITIONED,1,,C 200 PREMIUM PLUS
CAR,MAZDA,5AA-HB97S CAROL,JAPAN,PETROL,658.0,GAMPAHA,RECONDITIONED,1,5AA-HB97S,CAROL
CAR,HONDA,CITY RS,THAILAND,PETROL,988.0,KANDY,RECONDITIONED,4,,CITY RS
CAR,TOYOTA,6AA-NKE165G COROLLA,JAPAN,PETROL/ELE,1496.0,NUWARA-ELIYA,RECONDITIONED,1,6AA-NKE165G,COROLLA
CAR,DAIHATSU,5BA-LA350S MIRA E.S,JAPAN,PETROL,658.0,KANDY,RECONDITIONED,1,5BA-LA350S,MIRA E.S
CAR,MITSUBISHI,3BA-DS17W TOWN BOX,JAPAN,PETROL,658.0,KANDY,RECONDITIONED,1,3BA-DS17W,TOWN BOX
CAR,NISSAN,5BA-B43W DAYS,JAPAN,PETROL,659.0,COLOMBO,RECONDITIONED,1,5BA-B43W,DAYS
CAR,NISSAN,5BA-B43W,JAPAN,PETROL,658.0,GAMPAHA,RECONDITIONED,1,5BA-B43W,DAYZ
CAR,NISSAN,3BA-DR17W NV100,JAPAN,PETROL,658.0,GAMPAHA,RECONDITIONED,1,3BA-DR17W,NV100
CAR,TOYOTA,5BA-A201A RAICE,JAPAN,PETROL,1196.0,COLOMBO,RECONDITIONED,1,5BA-A201A,RAICE
CAR,SUZUKI,5AA-MK53S SPACIA,JAPAN,PETROL,658.0,GALLE,RECONDITIONED,1,5AA-MK53S,SPACIA
CAR,SUZUKI,4AA-MK54S SPACIA,JAPAN,PETROL,650.0,COLOMBO,RECONDITIONED,1,4AA-MK54S,SPACIA
CAR,MITSUBISHI,5BA-B33W EK WAGON,JAPAN,PETROL,659.0,KANDY,RECONDITIONED,1,5BA-B33W,EK WAGON
CAR,TOYOTA,3BA-A210A  RAIZE,JAPAN,PETROL,996.0,GAMPAHA,RECONDITIONED,1,3BA-A210A,RAIZE
CAR,TOYOTA,3BA-4210A RAIZE,JAPAN,PETROL,996.0,GAMPAHA,RECONDITIONED,1,3BA-4210A,RAIZE
CAR,SUZUKI,4AA-MN71S  XBEE,JAPAN,PETROL,996.0,COLOMBO,RECONDITIONED,1,4AA-MN71S,XBEE
CAR,HONDA,6AA-RV VEZEL,JAPAN,PETROL/ELE,1498.0,GAMPAHA,RECONDITIONED,1,6AA-RV,VEZEL
CAR,SUZUKI,5BA-MH85S  WAGON R,JAPAN,PETROL,658.0,ANURADHAPURA,RECONDITIONED,1,5BA-MH85S,WAGON R
CAR,HONDA,6AA-RV5,JAPAN,PETROL/ELE,1496.0,MONERAGALA,RECONDITIONED,1,6AA-RV5,VEZEL Z PLAY
CAR,TOYOTA,3BA-NGX10 CH-R,JAPAN,PETROL,1196.0,KALUTARA,RECONDITIONED,1,3BA-NGX10,CH-R
CAR,TOYOTA,6AA-ZWR90W VOXY,JAPAN,PETROL/ELE,1797.0,MATARA,RECONDITIONED,1,6AA-ZWR90W,VOXY
CAR,NISSAN,ALMERA,THAILAND,PETROL,999.0,KANDY,RECONDITIONED,2,,ALMERA
CAR,PORSCHE,911 CARRERA4 GTS,UNITED KINGDOM,PETROL,2981.0,GAMPAHA,RECONDITIONED,1,,911 CARRERA4 GTS
CAR,NISSAN,3BD-DR17V CLIPPER,JAPAN,PETROL,658.0,KANDY,RECONDITIONED,1,3BD-DR17V,CLIPPER
CAR,TOYOTA,3DA-GDJ250W,JAPAN,DIESEL,2754.0,MATARA,RECONDITIONED,1,3DA-GDJ250W,Unknown
CAR,MITSUBISHI,5BD-DS17V,JAPAN,PETROL,658.0,KANDY,RECONDITIONED,1,5BD-DS17V,MINICAB
CAR,HONDA,5BA-RZ3 ZR-V,JAPAN,PETROL,1498.0,KANDY,RECONDITIONED,1,5BA-RZ3,ZR-V
CAR,TOYOTA,3BA-TRJ150W,JAPAN,PETROL,2693.0,PUTTALAM,RECONDITIONED,1,3BA-TRJ150W,PRADO
CAR,TOYOTA,6AA-NKE165G COROLLA,JAPAN,PETROL/ELE,1496.0,COLOMBO,RECONDITIONED,1,6AA-NKE165G,COROLLA
CAR,DAIHATSU,5BA-LA350S,JAPAN,PETROL,658.0,KURUNEGALA,RECONDITIONED,1,5BA-LA350S,MIRA E.S
CAR,TOYOTA,5BA-KSP210  YARIS,JAPAN,PETROL,996.0,BADULLA,RECONDITIONED,1,5BA-KSP210,YARIS
CAR,TOYOTA,3BA-A210A RAIZE,JAPAN,PETROL,996.0,MULLATIVU,RECONDITIONED,1,3BA-A210A,RAIZE
CAR,SUZUKI,3BA-DA17W KAI EVERY,JAPAN,PETROL,658.0,PUTTALAM,RECONDITIONED,1,3BA-DA17W,KAI EVERY
CAR,AUDI,3AA-F3DFY,JAPAN,PETROL,1498.0,COLOMBO,RECONDITIONED,1,3AA-F3DFY,Q3
CAR,TOYOTA,YARIS ATIVE,THAILAND,PETROL,1197.0,ANURADHAPURA,RECONDITIONED,1,,YARIS ATIVE
CAR,TOYOTA,YARIS ATIV SPORT,THAILAND,PETROL,1197.0,ANURADHAPURA,RECONDITIONED,1,,YARIS ATIV SPORT
CAR,NISSAN,5BD-DR17V CLIPPER,JAPAN,PETROL,660.0,GAMPAHA,RECONDITIONED,1,5BD-DR17V,CLIPPER
CAR,NISSAN,ALMERA VL,THAILAND,PETROL,999.0,HAMBANTOTA,RECONDITIONED,1,,ALMERA VL
CAR,DAIHATSU,5BA-LA350S MIRA,JAPAN,PETROL,658.0,MATALE,RECONDITIONED,1,5BA-LA350S,MIRA
CAR,DAIHATSU,MIRA 5BA-LA350S,JAPAN,PETROL,658.0,AMPARA,RECONDITIONED,1,,MIRA 5BA-LA350S
CAR,TOYOTA,5BA-KSP210  YARIS,JAPAN,PETROL,996.0,BATTICALOA,RECONDITIONED,1,5BA-KSP210,YARIS
CAR,TOYOTA,6AA-MXPJ10 YARIS,JAPAN,PETROL/ELE,1490.0,NUWARA-ELIYA,RECONDITIONED,1,6AA-MXPJ10,YARIS
CAR,SUZUKI,4AA-MH55S WAGON R,JAPAN,PETROL/ELE,658.0,PUTTALAM,RECONDITIONED,1,4AA-MH55S,WAGON R
CAR,DAIHATSU,5AA-A202S ROCKY,JAPAN,PETROL/ELE,1196.0,KANDY,RECONDITIONED,1,5AA-A202S,ROCKY
CAR,TOYOTA,5AA-A202A,JAPAN,PETROL/ELE,78.0,MATARA,RECONDITIONED,1,5AA-A202A,Unknown
CAR,SUZUKI,4AA-MN71S XBEE,JAPAN,PETROL,996.0,VAVUNIYA,RECONDITIONED,1,4AA-MN71S,XBEE
CAR,NISSAN,5BA-B43W DAYZ,JAPAN,PETROL,659.0,KEGALLE,RECONDITIONED,1,5BA-B43W,DAYZ
CAR,BYD,ATTO3-ADVANCED,CHINA,ELECTRIC,100.0,KALUTARA,BRAND NEW,1,ATTO3-ADVANCED,Unknown
CAR,BYD,ATTO-3-SUPERIOR,CHINA,ELECTRIC,100.0,GALLE,BRAND NEW,6,ATTO-3-SUPERIOR,Unknown
CAR,BYD,SEALION 6 PREMIUM,CHINA,PETROL/ELE,1498.0,HAMBANTOTA,BRAND NEW,1,,SEALION 6 PREMIUM
CAR,NISSAN,MAGNITE TEKNA PLUS,INDIA,PETROL,999.0,COLOMBO,BRAND NEW,54,,MAGNITE TEKNA PLUS
CAR,KIA,CARENS,INDIA,DIESEL,1493.0,GAMPAHA,BRAND NEW,1,,CARENS
CAR,PERODUA,AXIA-CG1SZ,MALAYSIA,PETROL,998.0,COLOMBO,BRAND NEW,2,AXIA-CG1SZ,Unknown
CAR,BYD,SEALION 6 SUPERIOR,CHINA,PETROL/ELE,1498.0,KEGALLE,BRAND NEW,9,,SEALION 6 SUPERIOR
CAR,BYD,ATTO3-ADVANCED,CHINA,ELECTRIC,100.0,KURUNEGALA,BRAND NEW,2,ATTO3-ADVANCED,Unknown
CAR,BYD,SEAL-COMFORT,CHINA,ELECTRIC,100.0,KANDY,BRAND NEW,9,SEAL-COMFORT,Unknown
CAR,HONDA,CR-V,THAILAND,PETROL,1498.0,KURUNEGALA,BRAND NEW,1,CR-V,VTI-L7
CAR,MERCEDES BENZ,EQA 250 PLUS,GERMANY,ELECTRIC,140.0,COLOMBO,BRAND NEW,1,,EQA 250 PLUS
CAR,LAND ROVER,RANGE ROVER SPORT,UNITED KINGDOM,PETROL/ELE,3000.0,GAMPAHA,BRAND NEW,2,,RANGE ROVER SPORT
CAR,BYD,DOLPHIN-DYNAMIC 70,CHINA,ELECTRIC,70.0,HAMBANTOTA,BRAND NEW,2,,DOLPHIN-DYNAMIC 70
CAR,PERODUA,BEZZA,MALAYSIA,PETROL,998.0,GALLE,BRAND NEW,8,,BEZZA
CAR,NISSAN,MAGNITE ACENTA BR10,INDIA,PETROL,999.0,BADULLA,BRAND NEW,2,,MAGNITE ACENTA BR10
CAR,NISSAN,MAGNITE TEKNA PLUS,INDIA,PETROL,999.0,RATNAPURA,BRAND NEW,5,,MAGNITE TEKNA PLUS
CAR,NISSAN,MAGNITE ACENTA BR10,INDIA,PETROL,999.0,MATARA,BRAND NEW,1,,MAGNITE ACENTA BR10
CAR,LAND ROVER,DEFENDER,UNITED KINGDOM,PETROL,3000.0,COLOMBO,BRAND NEW,1,,DEFENDER
CAR,TOYOTA,A250RA-GBVV RAIZE,INDONESIA,PETROL,998.0,MATARA,BRAND NEW,2,,A250RA-GBVV RAIZE
CAR,TOYOTA,WIGO A350RA GBNE,INDONESIA,PETROL,998.0,COLOMBO,BRAND NEW,7,,WIGO A350RA GBNE
CAR,TOYOTA,NYC200R-DHXHBF,INDONESIA,PETROL/ELE,1496.0,GALLE,BRAND NEW,1,,NYC200R-DHXHBF
CAR,TOYOTA,A250RA-GBVV RAIZE,INDONESIA,PETROL,998.0,MULLATIVU,BRAND NEW,2,,A250RA-GBVV RAIZE
CAR,PERODUA,BEZZA,MALAYSIA,PETROL,998.0,BADULLA,BRAND NEW,1,,BEZZA
CAR,PERODUA,BEZZA,MALAYSIA,PETROL,998.0,RATNAPURA,BRAND NEW,3,,BEZZA
CAR,PERODUA,BEZZA,MALAYSIA,PETROL,998.0,ANURADHAPURA,BRAND NEW,2,,BEZZA
CAR,TOYOTA,A250RA-GBVV RAIZE,INDONESIA,PETROL,998.0,KEGALLE,BRAND NEW,2,,A250RA-GBVV RAIZE
CAR,KIA,SONET,INDIA,PETROL,998.0,KEGALLE,BRAND NEW,2,,SONET
CAR,SAIC,MG ZS MCE,CHINA,PETROL,999.0,ANURADHAPURA,BRAND NEW,1,,MG ZS MCE
CAR,SAIC,MG ZS MCE,CHINA,PETROL,999.0,KURUNEGALA,BRAND NEW,1,,MG ZS MCE
CAR,SUZUKI,5AA-MH95S WAGON R,JAPAN,PETROL,658.0,MATALE,RECONDITIONED,1,5AA-MH95S,WAGON R
CAR,TOYOTA,4BA-M900A ROOMY,JAPAN,PETROL,996.0,KURUNEGALA,RECONDITIONED,5,4BA-M900A,ROOMY
CAR,AUDI,3AA- GYDLA A3,GERMANY,PETROL,996.0,KURUNEGALA,RECONDITIONED,1,,3AA- GYDLA A3
CAR,TOYOTA,5AA-A202A RAIZE,JAPAN,ELECTRIC,78.0,GALLE,RECONDITIONED,1,5AA-A202A,RAIZE
CAR,LEXUS,3BA-VJA310W,JAPAN,PETROL,3444.0,RATNAPURA,RECONDITIONED,1,3BA-VJA310W,LX600
CAR,TOYOTA,6AA-MXPJ10 YARIS,JAPAN,PETROL/ELE,1490.0,GALLE,RECONDITIONED,1,6AA-MXPJ10,YARIS
CAR,DAIHATSU,5BA-LA650S,JAPAN,PETROL,650.0,COLOMBO,RECONDITIONED,1,5BA-LA650S,TANT FUN
CAR,SUZUKI,3BA-DA17W EVERY,JAPAN,PETROL,658.0,JAFFNA,RECONDITIONED,1,3BA-DA17W,EVERY
CAR,TOYOTA,3BA-TRJ150W PRADO,JAPAN,PETROL,2693.0,MONERAGALA,RECONDITIONED,1,3BA-TRJ150W,PRADO
CAR,TOYOTA,5BA-M700A PASSO MODA,JAPAN,PETROL,996.0,GAMPAHA,RECONDITIONED,1,5BA-M700A,PASSO MODA
CAR,MITSUBISHI,ZAA-B5AW EK X,JAPAN,ELECTRIC,20.0,KANDY,RECONDITIONED,1,ZAA-B5AW,EK X
CAR,SUZUKI,ALTO 5AA-HA97S,JAPAN,PETROL,658.0,MATALE,RECONDITIONED,1,,ALTO 5AA-HA97S
CAR,SUZUKI,5BA-MH85S WAGON R,JAPAN,PETROL,658.0,KANDY,RECONDITIONED,8,5BA-MH85S,WAGON R
CAR,TOYOTA,5AA-A202A RAIZE,JAPAN,PETROL/ELE,1196.0,KURUNEGALA,RECONDITIONED,3,5AA-A202A,RAIZE
CAR,TOYOTA,3BA-TRJ250W 4WD VX,JAPAN,PETROL,2693.0,GAMPAHA,RECONDITIONED,1,3BA-TRJ250W,4WD VX
CAR,DAIHATSU,5BA-LA900S  TAFT,JAPAN,PETROL,658.0,COLOMBO,RECONDITIONED,2,5BA-LA900S,TAFT
CAR,SUZUKI,5AA-MR92S HUSTLER,JAPAN,PETROL,658.0,KURUNEGALA,RECONDITIONED,2,5AA-MR92S,HUSTLER
CAR,SUZUKI,3BA-DA17W EVERY,JAPAN,PETROL,658.0,ANURADHAPURA,RECONDITIONED,3,3BA-DA17W,EVERY
CAR,DAIHATSU,5BA-LA300S  TAFT,JAPAN,PETROL,658.0,COLOMBO,RECONDITIONED,1,5BA-LA300S,TAFT
CAR,HONDA,6AA-RV5  VEZEL,JAPAN,PETROL/ELE,1496.0,KALUTARA,RECONDITIONED,5,6AA-RV5,VEZEL
CAR,SUZUKI,5AA-MH95S WAGON R,JAPAN,PETROL,656.0,COLOMBO,RECONDITIONED,1,5AA-MH95S,WAGON R
CAR,HONDA,6AA-RV5-VEZEL,JAPAN,PETROL/ELE,1496.0,HAMBANTOTA,RECONDITIONED,1,6AA-RV5-VEZEL,Unknown
CAR,TOYOTA,5AA-A202A RAIZE,JAPAN,ELECTRIC,78.0,KALUTARA,RECONDITIONED,4,5AA-A202A,RAIZE
CAR,MAZDA,5AA-MM94S  WAGON,JAPAN,PETROL,658.0,COLOMBO,RECONDITIONED,1,5AA-MM94S,WAGON
CAR,LEXUS,6AA-MAYH10 LBX,JAPAN,PETROL/ELE,1490.0,COLOMBO,RECONDITIONED,1,6AA-MAYH10,LBX
CAR,SUZUKI,5AA-MH95S WAGON R,JAPAN,PETROL,658.0,RATNAPURA,RECONDITIONED,3,5AA-MH95S,WAGON R
CAR,NISSAN,5BA-B43W DAYZ,JAPAN,PETROL,658.0,MONERAGALA,RECONDITIONED,1,5BA-B43W,DAYZ
CAR,NISSAN,5AA-B44WDAYZ,JAPAN,PETROL,658.0,KEGALLE,RECONDITIONED,1,5AA-B44WDAYZ,Unknown
CAR,HONDA,6AA-RV5,JAPAN,PETROL/ELE,1496.0,KEGALLE,RECONDITIONED,1,6AA-RV5,VEZEL Z PLAY
CAR,TOYOTA,5AA-A202A,JAPAN,PETROL/ELE,78.0,COLOMBO,RECONDITIONED,2,5AA-A202A,Unknown
CAR,SUZUKI,3BA-HA37S ALTO,JAPAN,PETROL,658.0,KURUNEGALA,RECONDITIONED,3,3BA-HA37S,ALTO
CAR,SUZUKI,5AA-MR92S HUSTLER,JAPAN,PETROL,656.0,KEGALLE,RECONDITIONED,1,5AA-MR92S,HUSTLER
CAR,DAIHATSU,5BA-LA350S MIRA ES,JAPAN,PETROL,658.0,KANDY,RECONDITIONED,2,5BA-LA350S,MIRA ES
CAR,HONDA,6AA RV5 VEZEL,JAPAN,PETROL/ELE,1496.0,COLOMBO,RECONDITIONED,1,,6AA RV5 VEZEL
CAR,TOYOTA,5BA-KSP210 YARIS,JAPAN,PETROL,998.0,RATNAPURA,RECONDITIONED,1,5BA-KSP210,YARIS
CAR,TOYOTA,LAND CRUISER,JAPAN,PETROL,3444.0,KANDY,RECONDITIONED,1,,LAND CRUISER
CAR,SUZUKI,5AA-MH95S WAGON R,JAPAN,PETROL,658.0,VAVUNIYA,RECONDITIONED,4,5AA-MH95S,WAGON R
CAR,HONDA,6AA-RV6 VEZEL,JAPAN,PETROL/ELE,1496.0,RATNAPURA,RECONDITIONED,1,6AA-RV6,VEZEL
CAR,DAIHATSU,5BA-LA350S MIRA E.S,JAPAN,PETROL,658.0,KALUTARA,RECONDITIONED,1,5BA-LA350S,MIRA E.S
CAR,TOYOTA,5AA-A202A,JAPAN,ELECTRIC,78.0,COLOMBO,RECONDITIONED,2,5AA-A202A,Unknown
CAR,SUZUKI,5BA-MH85S,JAPAN,PETROL,658.0,JAFFNA,RECONDITIONED,1,5BA-MH85S,WAGON  R
CAR,DAIHATSU,5BA-LA350S MIRA ES,JAPAN,PETROL,658.0,RATNAPURA,RECONDITIONED,2,5BA-LA350S,MIRA ES
CAR,DAIHATSU,5AA-A202S ROCKY,JAPAN,PETROL/ELE,78.0,COLOMBO,RECONDITIONED,2,5AA-A202S,ROCKY
CAR,NISSAN,5BD-DR17V NV100,JAPAN,PETROL,658.0,KALUTARA,RECONDITIONED,1,5BD-DR17V,NV100
CAR,MERCEDES BENZ,5AA-118384M,GERMANY,PETROL,1331.0,COLOMBO,RECONDITIONED,1,5AA-118384M,CLA 180
CAR,NISSAN,5BD DR17V CLIPPER,JAPAN,PETROL,658.0,KALUTARA,RECONDITIONED,1,,5BD DR17V CLIPPER
CAR,DAIHATSU,5AA-A202S ROCKY,JAPAN,PETROL/ELE,78.0,BADULLA,RECONDITIONED,1,5AA-A202S,ROCKY
CAR,SUZUKI,5AA-MH95S WAGON R,JAPAN,PETROL,660.0,HAMBANTOTA,RECONDITIONED,1,5AA-MH95S,WAGON R
CAR,SUZUKI,5AA-MH95S  WAGON R,JAPAN,PETROL,658.0,ANURADHAPURA,RECONDITIONED,1,5AA-MH95S,WAGON R
CAR,TOYOTA,6AA-ZWR90W VOXY,JAPAN,PETROL/ELE,1797.0,GAMPAHA,RECONDITIONED,3,6AA-ZWR90W,VOXY
CAR,SUZUKI,5AA-MH95S WAGON R,JAPAN,PETROL,657.0,NUWARA-ELIYA,RECONDITIONED,1,5AA-MH95S,WAGON R
CAR,TOYOTA,3BA-A210A   RAIZE,JAPAN,PETROL,996.0,GAMPAHA,RECONDITIONED,2,3BA-A210A,RAIZE
CAR,MITSUBISHI,5BA-GK1W,JAPAN,PETROL,1498.0,COLOMBO,RECONDITIONED,1,5BA-GK1W,Unknown
CAR,SUZUKI,4AA-MK54S SPACIA,JAPAN,PETROL,658.0,MATALE,RECONDITIONED,1,4AA-MK54S,SPACIA
CAR,HONDA,6BA-JH3 N WGN,JAPAN,PETROL,658.0,JAFFNA,RECONDITIONED,1,6BA-JH3,N WGN
CAR,HONDA,CRV-VTI L7,THAILAND,PETROL,1498.0,COLOMBO,RECONDITIONED,1,CRV-VTI,L7
CAR,HONDA,CRV VTI L7,AUSTRALIA,PETROL,1498.0,KANDY,RECONDITIONED,1,,CRV VTI L7
CAR,NISSAN,5BA-B43W DAYS,JAPAN,PETROL,658.0,GAMPAHA,RECONDITIONED,1,5BA-B43W,DAYS
CAR,SUZUKI,SPACIA 4AA-MK54S,JAPAN,PETROL,658.0,KANDY,RECONDITIONED,1,,SPACIA 4AA-MK54S
CAR,LEXUS,3BA-VJA310W,JAPAN,PETROL,3444.0,MATARA,RECONDITIONED,1,3BA-VJA310W,LX600
CAR,TOYOTA,3BA-NGX10 C-HR,JAPAN,PETROL,1196.0,KEGALLE,RECONDITIONED,2,3BA-NGX10,C-HR
CAR,HONDA,CITY-SV,THAILAND,PETROL,988.0,COLOMBO,RECONDITIONED,1,CITY-SV,Unknown
CAR,HONDA,6BA-JF3 N BOX,JAPAN,PETROL,658.0,GALLE,RECONDITIONED,1,6BA-JF3,N BOX
CAR,HONDA,6AA-RV5 VEZEL,JAPAN,PETROL/ELE,1490.0,KANDY,RECONDITIONED,1,6AA-RV5,VEZEL
CAR,SUZUKI,3BA-DA17W  EVERY,JAPAN,PETROL,658.0,COLOMBO,RECONDITIONED,1,3BA-DA17W,EVERY
CAR,TOYOTA,5AA-A202A RAIZE,JAPAN,PETROL/ELE,78.0,RATNAPURA,RECONDITIONED,1,5AA-A202A,RAIZE
CAR,NISSAN,ALMERA,THAILAND,PETROL,999.0,GAMPAHA,RECONDITIONED,4,,ALMERA
CAR,DAIHATSU,5BA-LA150S MOVE,JAPAN,PETROL,658.0,KALUTARA,RECONDITIONED,1,5BA-LA150S,MOVE
CAR,TOYOTA,4BA-M900A ROOMY,JAPAN,PETROL,996.0,MATALE,RECONDITIONED,1,4BA-M900A,ROOMY
CAR,NISSAN,ALMERA VL CVT,THAILAND,PETROL,999.0,JAFFNA,RECONDITIONED,1,,ALMERA VL CVT
CAR,DAIHATSU,5BA-LA350S MIRA ES,JAPAN,PETROL,658.0,MATARA,RECONDITIONED,1,5BA-LA350S,MIRA ES
CAR,SUZUKI,5BD DA17V EVERY,JAPAN,PETROL,658.0,GALLE,RECONDITIONED,1,,5BD DA17V EVERY
CAR,MITSUBISHI,5BA-B33W EK WAGON,JAPAN,PETROL,658.0,MATALE,RECONDITIONED,1,5BA-B33W,EK WAGON
CAR,LAND ROVER,DEFENDER 110,UNITED KINGDOM,PETROL/ELE,1997.0,COLOMBO,RECONDITIONED,1,,DEFENDER 110
CAR,NISSAN,ALMERA EL,THAILAND,PETROL,999.0,COLOMBO,RECONDITIONED,1,,ALMERA EL
CAR,SUZUKI,5BA-MH85S WAGON R,JAPAN,PETROL,656.0,HAMBANTOTA,RECONDITIONED,1,5BA-MH85S,WAGON R
CAR,NISSAN,6AA-FE13 NOTE AURA,JAPAN,ELECTRIC,100.0,COLOMBO,RECONDITIONED,2,6AA-FE13,NOTE AURA
CAR,DAIHATSU,4BA-M900S THOR,JAPAN,PETROL,996.0,KANDY,RECONDITIONED,1,4BA-M900S,THOR
CAR,SUZUKI,5AA-MH95S,JAPAN,PETROL,657.0,GAMPAHA,RECONDITIONED,1,5AA-MH95S,Unknown
CAR,SUZUKI,5AA-HA97S ALTO,JAPAN,PETROL,658.0,KANDY,RECONDITIONED,1,5AA-HA97S,ALTO
CAR,HONDA,6AA-RV5 VEZEL Z PLAY,JAPAN,PETROL/ELE,1496.0,GAMPAHA,RECONDITIONED,1,6AA-RV5,VEZEL Z PLAY
CAR,SUZUKI,4AA-MH55S,JAPAN,PETROL,658.0,PUTTALAM,RECONDITIONED,1,4AA-MH55S,Unknown
CAR,SUZUKI,3BA-HA37S  ALTO,JAPAN,PETROL,658.0,GAMPAHA,RECONDITIONED,1,3BA-HA37S,ALTO
CAR,SUZUKI,5BD-DA17V,JAPAN,PETROL,658.0,KALUTARA,RECONDITIONED,2,5BD-DA17V,EVERY
CAR,DAIHATSU,5BALA350S MIRA ES,JAPAN,PETROL,658.0,GAMPAHA,RECONDITIONED,1,,5BALA350S MIRA ES
CAR,TOYOTA,5BA-A201A  RAIZE,JAPAN,PETROL,1190.0,KALUTARA,RECONDITIONED,1,5BA-A201A,RAIZE
CAR,SUZUKI,5BA-MH85S  WAGON R,JAPAN,PETROL,656.0,KANDY,RECONDITIONED,1,5BA-MH85S,WAGON R
CAR,TOYOTA,6BA-MXUA80 HARRIER,JAPAN,PETROL,1986.0,GAMPAHA,RECONDITIONED,1,6BA-MXUA80,HARRIER
CAR,TOYOTA,4BA-M900A  ROOMY,JAPAN,PETROL,996.0,GAMPAHA,RECONDITIONED,1,4BA-M900A,ROOMY
CAR,TOYOTA,5AA-A202A RAIZE,JAPAN,ELECTRIC,1196.0,MONERAGALA,RECONDITIONED,1,5AA-A202A,RAIZE
CAR,LEXUS,5AA-TAWH15W LM500H,JAPAN,PETROL/ELE,2393.0,COLOMBO,RECONDITIONED,1,5AA-TAWH15W,LM500H
CAR,SUZUKI,5BA-MH85S  WAGON R,JAPAN,PETROL,658.0,HAMBANTOTA,RECONDITIONED,2,5BA-MH85S,WAGON R
CAR,SUZUKI,4AA-MK54S SPACIA,JAPAN,PETROL/ELE,658.0,GAMPAHA,RECONDITIONED,1,4AA-MK54S,SPACIA
CAR,DAIHATSU,3BD-S710V ATRAI,JAPAN,PETROL,658.0,KURUNEGALA,RECONDITIONED,1,3BD-S710V,ATRAI
CAR,TOYOTA,6AA-MXPJ10 YARIS,JAPAN,PETROL/ELE,1496.0,MATALE,RECONDITIONED,1,6AA-MXPJ10,YARIS
CAR,NISSAN,ALMERA VL CVT,THAILAND,PETROL,999.0,COLOMBO,RECONDITIONED,1,,ALMERA VL CVT
CAR,MITSUBISHI,5AA-B34W  EK CROSS,JAPAN,PETROL,658.0,COLOMBO,RECONDITIONED,1,5AA-B34W,EK CROSS
CAR,HONDA,CITY RS,THAILAND,PETROL,988.0,POLONNARUWA,RECONDITIONED,1,,CITY RS
CAR,TOYOTA,5BA-KSP210 YARIS,JAPAN,PETROL,996.0,TRINCOMALEE,RECONDITIONED,2,5BA-KSP210,YARIS
CAR,SUZUKI,5AA-MK94S SPACIA,JAPAN,PETROL/ELE,658.0,BATTICALOA,RECONDITIONED,1,5AA-MK94S,SPACIA
CAR,TOYOTA,6AA-MXPJ10 YARIS,JAPAN,PETROL/ELE,1490.0,KALUTARA,RECONDITIONED,1,6AA-MXPJ10,YARIS
CAR,SUZUKI,5BD-DA17V EVERY,JAPAN,PETROL,658.0,JAFFNA,RECONDITIONED,1,5BD-DA17V,EVERY
CAR,NISSAN,4AA-B45W DAYS,JAPAN,PETROL,658.0,GAMPAHA,RECONDITIONED,1,4AA-B45W,DAYS
CAR,SUZUKI,3BD-DA17V EVERY,JAPAN,PETROL,656.0,KANDY,RECONDITIONED,1,3BD-DA17V,EVERY
CAR,B.M.W.,3AA-22EH30  740 I,GERMANY,PETROL,2998.0,GALLE,RECONDITIONED,1,3AA-22EH30,740 I
CAR,TOYOTA,3BA-A201A  RAIZE,JAPAN,PETROL,996.0,GALLE,RECONDITIONED,1,3BA-A201A,RAIZE
CAR,SUZUKI,4AA-MK53S  SPACIA,JAPAN,PETROL,658.0,RATNAPURA,RECONDITIONED,1,4AA-MK53S,SPACIA
CAR,TOYOTA,3BA-VJA300W,JAPAN,PETROL,3444.0,MATALE,RECONDITIONED,1,3BA-VJA300W,Unknown
CAR,NISSAN,5BD-DR17V NV100,JAPAN,PETROL,658.0,ANURADHAPURA,RECONDITIONED,1,5BD-DR17V,NV100
CAR,SUZUKI,5AA-MR92S HUSTLER,JAPAN,PETROL/ELE,656.0,KANDY,RECONDITIONED,1,5AA-MR92S,HUSTLER
CAR,SUZUKI,4AA-MN71S X BEE,JAPAN,PETROL,996.0,KURUNEGALA,RECONDITIONED,1,4AA-MN71S,X BEE
CAR,NISSAN,5AA-B44W DAYZ,JAPAN,PETROL,658.0,MATALE,RECONDITIONED,1,5AA-B44W,DAYZ
CAR,HONDA,5BA-DG5 WR-V,JAPAN,PETROL,1498.0,KURUNEGALA,RECONDITIONED,1,5BA-DG5,WR-V
CAR,TOYOTA,5BA-M700A PASSO,JAPAN,PETROL,996.0,KALUTARA,RECONDITIONED,1,5BA-M700A,PASSO
CAR,SUZUKI,5BD-DA17V  EVERY,JAPAN,PETROL,658.0,KANDY,RECONDITIONED,1,5BD-DA17V,EVERY
CAR,NISSAN,5BD-DR17V  CLIPPER,JAPAN,PETROL,658.0,KURUNEGALA,RECONDITIONED,1,5BD-DR17V,CLIPPER
CAR,SUZUKI,5AA-MH95S  WAGON R,JAPAN,PETROL,658.0,GAMPAHA,RECONDITIONED,1,5AA-MH95S,WAGON R
CAR,TOYOTA,3BA-NGX10 CH-R,JAPAN,PETROL,1196.0,KURUNEGALA,RECONDITIONED,1,3BA-NGX10,CH-R
CAR,DFSK,GLORY I AUTO,SRI LANKA,PETROL,1498.0,COLOMBO,LOCALLY BUILT,1,,GLORY I AUTO
CAR,BYD,SEALION 6 SUPERIOR,CHINA,PETROL/ELE,1498.0,KALUTARA,BRAND NEW,25,,SEALION 6 SUPERIOR
CAR,BYD,SEALION 6 SUPERIOR,CHINA,PETROL/ELE,1498.0,BATTICALOA,BRAND NEW,3,,SEALION 6 SUPERIOR
CAR,BYD,DOLPHIN-DYNAMIC49,CHINA,ELECTRIC,49.0,KANDY,BRAND NEW,10,,DOLPHIN-DYNAMIC49
CAR,PERODUA,AXIA CG1GZ,MALAYSIA,PETROL,998.0,RATNAPURA,BRAND NEW,4,,AXIA CG1GZ
CAR,KIA,SONET,INDIA,PETROL,998.0,COLOMBO,BRAND NEW,44,,SONET
CAR,BYD,SEALION 6 SUPERIOR,CHINA,PETROL/ELE,1498.0,PUTTALAM,BRAND NEW,6,,SEALION 6 SUPERIOR
CAR,TOYOTA,F800RE-GQGF RUSH,INDONESIA,PETROL,1496.0,KEGALLE,BRAND NEW,1,,F800RE-GQGF RUSH
CAR,NISSAN,MAGNITE ACENTA BR10,INDIA,PETROL,999.0,COLOMBO,BRAND NEW,18,,MAGNITE ACENTA BR10
CAR,BYD,SEALION 6 PREMIUM,CHINA,PETROL/ELE,1498.0,PUTTALAM,BRAND NEW,2,,SEALION 6 PREMIUM
CAR,MITSUBISHI,GK1WXTHUR,JAPAN,PETROL,1499.0,GALLE,BRAND NEW,1,,GK1WXTHUR
CAR,KIA,CARNIVAL,KOREA,PETROL/ELE,1598.0,GAMPAHA,BRAND NEW,1,,CARNIVAL
CAR,KIA,CARNIVAL,KOREA,PETROL/ELE,1598.0,COLOMBO,BRAND NEW,5,,CARNIVAL
CAR,AUDI,E TRON 50 QUATTRO,BELGIUM,ELECTRIC,230.0,COLOMBO,BRAND NEW,1,,E TRON 50 QUATTRO
CAR,TOYOTA,F800RE-GQGF RUSH,INDONESIA,PETROL,1496.0,BATTICALOA,BRAND NEW,1,,F800RE-GQGF RUSH
CAR,KIA,CARENS,INDIA,PETROL,1500.0,GAMPAHA,BRAND NEW,1,,CARENS
CAR,TOYOTA,A250RA-GBVV RAIZE,INDONESIA,PETROL,998.0,RATNAPURA,BRAND NEW,12,,A250RA-GBVV RAIZE
CAR,TATA,CURVV,INDIA,PETROL,1199.0,KURUNEGALA,BRAND NEW,1,,CURVV
CAR,NISSAN,MAGNITE,INDIA,PETROL,999.0,GALLE,BRAND NEW,1,,MAGNITE
CAR,KIA,SONET,INDIA,PETROL,998.0,KURUNEGALA,BRAND NEW,7,,SONET
CAR,KIA,SONET,INDIA,PETROL,998.0,BADULLA,BRAND NEW,1,,SONET
CAR,TOYOTA,FORTUNER,INDONESIA,DIESEL,2393.0,COLOMBO,BRAND NEW,1,,FORTUNER
CAR,BYD,DOLPHIN-DYNAMIC 70,CHINA,ELECTRIC,70.0,PUTTALAM,BRAND NEW,1,,DOLPHIN-DYNAMIC 70
CAR,BYD,M6 STANDARD,CHINA,ELECTRIC,100.0,BATTICALOA,BRAND NEW,1,,M6 STANDARD
CAR,DONGFENG,BOX E3,CHINA,ELECTRIC,50.0,COLOMBO,BRAND NEW,1,,BOX E3
CAR,SAIC,MG ZS MCE,CHINA,PETROL,999.0,COLOMBO,BRAND NEW,31,,MG ZS MCE
CAR,BYD,DOLPHIN-DYNAMIC49,CHINA,ELECTRIC,49.0,POLONNARUWA,BRAND NEW,1,,DOLPHIN-DYNAMIC49
CAR,NISSAN,MAGNITE ACENTA BR10,INDIA,PETROL,999.0,HAMBANTOTA,BRAND NEW,1,,MAGNITE ACENTA BR10
CAR,DFSK,GLORY I AUTO,SRI LANKA,PETROL,1498.0,COLOMBO,BRAND NEW-L/ASSEMBLE,2,,GLORY I AUTO
CAR,MITSUBISHI,5AA-B34A EK SPACE,JAPAN,PETROL,658.0,PUTTALAM,RECONDITIONED,1,5AA-B34A,EK SPACE
CAR,TOYOTA,5BA-M900A ROOMY,JAPAN,PETROL,996.0,GALLE,RECONDITIONED,6,5BA-M900A,ROOMY
CAR,DAIHATSU,3BA-A210S,JAPAN,PETROL,996.0,GAMPAHA,RECONDITIONED,1,3BA-A210S,Unknown
CAR,TOYOTA,3BA-TRJ250W,JAPAN,PETROL,2693.0,PUTTALAM,RECONDITIONED,1,3BA-TRJ250W,4WD VX
CAR,MERCEDES BENZ,4AA-213077C  E200,GERMANY,PETROL,1496.0,COLOMBO,RECONDITIONED,1,4AA-213077C,E200
CAR,SUZUKI,5AA-MH95S WAGON R,JAPAN,PETROL,658.0,MANNAR,RECONDITIONED,2,5AA-MH95S,WAGON R
CAR,TOYOTA,3BA-TRJ250W,JAPAN,PETROL,2693.0,MATARA,RECONDITIONED,4,3BA-TRJ250W,4WD VX
CAR,TOYOTA,6AA-MXPJ10 YARIS,JAPAN,PETROL/ELE,1496.0,KALUTARA,RECONDITIONED,8,6AA-MXPJ10,YARIS
CAR,SUZUKI,EVERY 5BD-DA17V,JAPAN,PETROL,658.0,KEGALLE,RECONDITIONED,1,,EVERY 5BD-DA17V
CAR,TOYOTA,3BA-TRJ250W,JAPAN,PETROL,2693.0,JAFFNA,RECONDITIONED,1,3BA-TRJ250W,4WD VX
CAR,TOYOTA,5BA-KSP210,JAPAN,PETROL,996.0,KURUNEGALA,RECONDITIONED,2,5BA-KSP210,YARIS X
CAR,HONDA,VEZEL 6AA-RV5,JAPAN,PETROL/ELE,1496.0,GAMPAHA,RECONDITIONED,3,,VEZEL 6AA-RV5
CAR,SUZUKI,5BD-DA17V  EVERY,JAPAN,PETROL,658.0,KEGALLE,RECONDITIONED,1,5BD-DA17V,EVERY
CAR,TOYOTA,6AA-ZWR90W  VOXY,JAPAN,PETROL/ELE,1797.0,COLOMBO,RECONDITIONED,1,6AA-ZWR90W,VOXY
CAR,HONDA,6BA-JG3 N-ONE,JAPAN,PETROL,658.0,GAMPAHA,RECONDITIONED,1,6BA-JG3,N-ONE
CAR,HONDA,CITY,THAILAND,PETROL,988.0,COLOMBO,RECONDITIONED,2,,CITY
CAR,TOYOTA,6AA-AAHH40W ALPHARD,JAPAN,PETROL/ELE,2487.0,COLOMBO,RECONDITIONED,1,6AA-AAHH40W,ALPHARD
CAR,SUZUKI,5BA-MH85S WAGON R,JAPAN,PETROL,657.0,RATNAPURA,RECONDITIONED,2,5BA-MH85S,WAGON R
CAR,HONDA,6BA-JF5 N-BOX,JAPAN,PETROL,658.0,KURUNEGALA,RECONDITIONED,1,6BA-JF5,N-BOX
CAR,SUZUKI,3BA-HA37S ALTO,JAPAN,PETROL,658.0,GAMPAHA,RECONDITIONED,5,3BA-HA37S,ALTO
CAR,SUBARU,4BA-SK5 FORESTER,JAPAN,PETROL,1796.0,COLOMBO,RECONDITIONED,1,4BA-SK5,FORESTER
CAR,DAIHATSU,5BA-LA350S MIRA E.S,JAPAN,PETROL,658.0,MATARA,RECONDITIONED,1,5BA-LA350S,MIRA E.S
CAR,TOYOTA,6AA-ZWR90W VOXY,JAPAN,PETROL/ELE,1797.0,AMPARA,RECONDITIONED,2,6AA-ZWR90W,VOXY
CAR,TOYOTA,5AA-A202A,JAPAN,ELECTRIC,78.0,BADULLA,RECONDITIONED,1,5AA-A202A,Unknown
CAR,SUZUKI,JIMNY 3BA-JB64W,JAPAN,PETROL,658.0,COLOMBO,RECONDITIONED,1,,JIMNY 3BA-JB64W
CAR,SUZUKI,4AA-MK54S CUSTOM,JAPAN,PETROL,658.0,MATARA,RECONDITIONED,1,4AA-MK54S,CUSTOM
CAR,DAIHATSU,5BA-M900S THOR,JAPAN,PETROL,996.0,GAMPAHA,RECONDITIONED,1,5BA-M900S,THOR
CAR,SUZUKI,5AA-ZCEDS SWIFT,JAPAN,PETROL/ELE,1197.0,GAMPAHA,RECONDITIONED,1,5AA-ZCEDS,SWIFT
CAR,SUZUKI,3BD-DA17V EVERY,JAPAN,PETROL,658.0,PUTTALAM,RECONDITIONED,2,3BD-DA17V,EVERY
CAR,VOLKSWAGEN,3BA-C1DKR TCROSS,GERMANY,PETROL,996.0,COLOMBO,RECONDITIONED,1,3BA-C1DKR,TCROSS
CAR,TOYOTA,RAIZE 3BA-A210A,JAPAN,PETROL,996.0,KALUTARA,RECONDITIONED,1,,RAIZE 3BA-A210A
CAR,TOYOTA,5AA-A202A  RAIZE,JAPAN,ELECTRIC,78.0,KURUNEGALA,RECONDITIONED,2,5AA-A202A,RAIZE
CAR,SUZUKI,4AA MK53S SPACIA,JAPAN,PETROL,658.0,GAMPAHA,RECONDITIONED,1,,4AA MK53S SPACIA
CAR,HONDA,6AA-RV5 VEZEL,JAPAN,PETROL/ELE,1496.0,POLONNARUWA,RECONDITIONED,4,6AA-RV5,VEZEL
CAR,DAIHATSU,5BA-LA900S TAFT,JAPAN,PETROL,658.0,MATARA,RECONDITIONED,4,5BA-LA900S,TAFT
CAR,SUZUKI,5BA-MH85S WAGON R,JAPAN,PETROL,658.0,ANURADHAPURA,RECONDITIONED,5,5BA-MH85S,WAGON R
CAR,SUZUKI,4AA-MK54S,JAPAN,PETROL,658.0,KANDY,RECONDITIONED,1,4AA-MK54S,- SPACIA
CAR,TOYOTA,3DA-FJA300W,JAPAN,DIESEL,3340.0,PUTTALAM,RECONDITIONED,1,3DA-FJA300W,Unknown
CAR,TOYOTA,5BA-KSP210  YARIS,JAPAN,PETROL,996.0,GAMPAHA,RECONDITIONED,2,5BA-KSP210,YARIS
CAR,TOYOTA,YARIS  6AA-MXPJ10,JAPAN,PETROL/ELE,1490.0,COLOMBO,RECONDITIONED,1,,YARIS  6AA-MXPJ10
CAR,MITSUBISHI,5BA-B33W EK WAGON,JAPAN,PETROL,658.0,GAMPAHA,RECONDITIONED,3,5BA-B33W,EK WAGON
CAR,DAIHATSU,5BA-LA360S MIRA ES,JAPAN,PETROL,658.0,KEGALLE,RECONDITIONED,1,5BA-LA360S,MIRA ES
CAR,TOYOTA,6AA-ZVG13 COROLLA,JAPAN,PETROL/ELE,1797.0,ANURADHAPURA,RECONDITIONED,1,6AA-ZVG13,COROLLA
CAR,MAZDA,4AA-MJ55S FLAIR,JAPAN,PETROL,658.0,BADULLA,RECONDITIONED,1,4AA-MJ55S,FLAIR
CAR,TOYOTA,GAA-MXPJ10  YARIS,JAPAN,PETROL/ELE,1490.0,GAMPAHA,RECONDITIONED,1,GAA-MXPJ10,YARIS
CAR,SUZUKI,4AA-MH55S WAGON R,JAPAN,PETROL,657.0,COLOMBO,RECONDITIONED,1,4AA-MH55S,WAGON R
CAR,SUZUKI,5AA-MH95S WAGON R,JAPAN,PETROL,657.0,RATNAPURA,RECONDITIONED,1,5AA-MH95S,WAGON R
CAR,NISSAN,3BA-DR17W CLIPPER,JAPAN,PETROL,658.0,COLOMBO,RECONDITIONED,2,3BA-DR17W,CLIPPER
CAR,DAIHATSU,5BA-M900S THOR,JAPAN,PETROL,996.0,KURUNEGALA,RECONDITIONED,1,5BA-M900S,THOR
CAR,SUZUKI,5AA-MH95S,JAPAN,PETROL,658.0,VAVUNIYA,RECONDITIONED,1,5AA-MH95S,Unknown
CAR,SUZUKI,4AA-MN71S XBEE,JAPAN,PETROL,996.0,MATARA,RECONDITIONED,1,4AA-MN71S,XBEE
CAR,SUZUKI,5AA-ZCEDS SWIFT,JAPAN,PETROL,1196.0,GAMPAHA,RECONDITIONED,1,5AA-ZCEDS,SWIFT
CAR,SUZUKI,5BA-MH85S WAGON R,JAPAN,PETROL,657.0,MATALE,RECONDITIONED,1,5BA-MH85S,WAGON R
CAR,DAIHATSU,5BA-LA350S MIRA E S,JAPAN,PETROL,658.0,KANDY,RECONDITIONED,1,5BA-LA350S,MIRA E S
CAR,MERCEDES BENZ,4AA-213077C E200,GERMANY,PETROL,1496.0,COLOMBO,RECONDITIONED,1,4AA-213077C,E200
CAR,TOYOTA,YARIS CROSS,THAILAND,PETROL/ELE,1496.0,MATALE,RECONDITIONED,1,,YARIS CROSS
CAR,TOYOTA,6AA-NKE165 COROLLA,JAPAN,PETROL/ELE,1496.0,COLOMBO,RECONDITIONED,1,6AA-NKE165,COROLLA
CAR,MG,MG4-ELECTRIC,THAILAND,ELECTRIC,125.0,COLOMBO,RECONDITIONED,1,MG4-ELECTRIC,Unknown
CAR,HONDA,CR-V,AUSTRALIA,PETROL,1498.0,KANDY,RECONDITIONED,1,CR-V,VTI-L7
CAR,SUZUKI,HUSTLER 5AA-MR92S,JAPAN,PETROL,658.0,GAMPAHA,RECONDITIONED,1,,HUSTLER 5AA-MR92S
CAR,SUZUKI,5AA-MK53S SPACIA,JAPAN,PETROL,658.0,ANURADHAPURA,RECONDITIONED,1,5AA-MK53S,SPACIA
CAR,NISSAN,5AA-B44A,JAPAN,PETROL,658.0,PUTTALAM,RECONDITIONED,1,5AA-B44A,ROOX X
CAR,SUZUKI,3BD-DA17V,JAPAN,PETROL,658.0,KALUTARA,RECONDITIONED,1,3BD-DA17V,Unknown
CAR,LAND ROVER,RANGE ROVER,UNITED KINGDOM,PETROL/ELE,2996.0,MULLATIVU,RECONDITIONED,1,,RANGE ROVER
CAR,SUZUKI,4AA-MK53S SPACIA,JAPAN,PETROL,658.0,KANDY,RECONDITIONED,1,4AA-MK53S,SPACIA
CAR,HONDA,6AA-RV5  VEZEL,JAPAN,PETROL/ELE,1496.0,VAVUNIYA,RECONDITIONED,1,6AA-RV5,VEZEL
CAR,TOYOTA,YARIS,THAILAND,PETROL,1197.0,HAMBANTOTA,RECONDITIONED,1,,YARIS
CAR,SUZUKI,5BA-MH85S WAGON R,JAPAN,PETROL,658.0,VAVUNIYA,RECONDITIONED,1,5BA-MH85S,WAGON R
CAR,TOYOTA,5BA-M900A  ROOMY,JAPAN,PETROL,996.0,GALLE,RECONDITIONED,1,5BA-M900A,ROOMY
CAR,HONDA,6AA-RV6 VEZEL,JAPAN,PETROL/ELE,1496.0,HAMBANTOTA,RECONDITIONED,1,6AA-RV6,VEZEL
CAR,TOYOTA,5BA-M900A   ROOMY,JAPAN,PETROL,996.0,KALUTARA,RECONDITIONED,1,5BA-M900A,ROOMY
CAR,MERCEDES BENZ,5AA-206042C C200,GERMANY,PETROL,1494.0,GAMPAHA,RECONDITIONED,1,5AA-206042C,C200
CAR,TOYOTA,6AA-ZWR90W NOAH,JAPAN,PETROL/ELE,1797.0,RATNAPURA,RECONDITIONED,1,6AA-ZWR90W,NOAH
CAR,TOYOTA,6AA-ZVG13 COROLLA,JAPAN,PETROL/ELE,1797.0,RATNAPURA,RECONDITIONED,1,6AA-ZVG13,COROLLA
CAR,SUZUKI,3BA-HA37S  ALTO,JAPAN,PETROL,658.0,KURUNEGALA,RECONDITIONED,1,3BA-HA37S,ALTO
CAR,NISSAN,5BD-DR17V CLIPPER,JAPAN,PETROL,658.0,KALUTARA,RECONDITIONED,1,5BD-DR17V,CLIPPER
CAR,SUZUKI,4AA-MK54S  SPACIA,JAPAN,PETROL,658.0,KANDY,RECONDITIONED,1,4AA-MK54S,SPACIA
CAR,TOYOTA,3BA-A210A RAIZE,JAPAN,PETROL,996.0,JAFFNA,RECONDITIONED,1,3BA-A210A,RAIZE
CAR,TOYOTA,6AA-AAHH40W VELLFIRE,JAPAN,PETROL,2487.0,ANURADHAPURA,RECONDITIONED,1,6AA-AAHH40W,VELLFIRE
CAR,SUZUKI,5BD-DA17V EVERY,JAPAN,PETROL,656.0,MATARA,RECONDITIONED,1,5BD-DA17V,EVERY
CAR,DAIHATSU,5BA-LA350S,JAPAN,PETROL,658.0,BADULLA,RECONDITIONED,1,5BA-LA350S,MIRA E.S
CAR,TOYOTA,YARIS ATIVE,THAILAND,PETROL,1197.0,KEGALLE,RECONDITIONED,1,,YARIS ATIVE
CAR,SUZUKI,5BA-MH85S WAGON R,JAPAN,PETROL,657.0,KEGALLE,RECONDITIONED,1,5BA-MH85S,WAGON R
CAR,MITSUBISHI,5BD-DS17V,JAPAN,PETROL,658.0,COLOMBO,RECONDITIONED,2,5BD-DS17V,MINICAB
CAR,TOYOTA,5AA-A202A,JAPAN,ELECTRIC,78.0,KURUNEGALA,RECONDITIONED,1,5AA-A202A,Unknown
CAR,SUZUKI,3BD/DA17V EVERY,JAPAN,PETROL,658.0,GAMPAHA,RECONDITIONED,1,,3BD/DA17V EVERY
CAR,MITSUBISHI,4AA-B35W EK X,JAPAN,PETROL,659.0,COLOMBO,RECONDITIONED,1,4AA-B35W,EK X
CAR,NISSAN,5BD-DR17V CLIPPER,JAPAN,PETROL,658.0,ANURADHAPURA,RECONDITIONED,1,5BD-DR17V,CLIPPER
CAR,HONDA,6BA-FL1 CIVIC,JAPAN,PETROL,1496.0,GALLE,RECONDITIONED,1,6BA-FL1,CIVIC
CAR,MAZDA,5BD-DG17V SCRUM,JAPAN,PETROL,658.0,ANURADHAPURA,RECONDITIONED,1,5BD-DG17V,SCRUM
CAR,SUZUKI,3BA-J364W JIMNY,JAPAN,PETROL,658.0,NUWARA-ELIYA,RECONDITIONED,1,3BA-J364W,JIMNY
CAR,SUZUKI,5AA-MH95S WAGON R,JAPAN,PETROL,658.0,TRINCOMALEE,RECONDITIONED,1,5AA-MH95S,WAGON R
CAR,TOYOTA,4BA-M900A,JAPAN,PETROL,996.0,COLOMBO,RECONDITIONED,1,4BA-M900A,ROOMY
CAR,TOYOTA,6AA-NKE165  AX10,JAPAN,PETROL/ELE,1496.0,MATARA,RECONDITIONED,1,6AA-NKE165,AX10
CAR,TOYOTA,5BA-M700A PASSO,JAPAN,PETROL,996.0,JAFFNA,RECONDITIONED,1,5BA-M700A,PASSO
CAR,SUZUKI,5AA-MK53S SPACIA,JAPAN,PETROL,658.0,BATTICALOA,RECONDITIONED,1,5AA-MK53S,SPACIA
CAR,TOYOTA,5BA-LA350A PIXIS,JAPAN,PETROL,658.0,KURUNEGALA,RECONDITIONED,1,5BA-LA350A,PIXIS
CAR,LAND ROVER,RANGE ROVER SV,UNITED KINGDOM,PETROL/ELE,2996.0,COLOMBO,RECONDITIONED,1,,RANGE ROVER SV
CAR,TOYOTA,3BD-S700M PIXIS,JAPAN,PETROL,658.0,JAFFNA,RECONDITIONED,1,3BD-S700M,PIXIS
CAR,TOYOTA,5BA-M700A PASSO,JAPAN,PETROL,996.0,HAMBANTOTA,RECONDITIONED,1,5BA-M700A,PASSO
CAR,TOYOTA,4BA-M900A  ROOMY,JAPAN,PETROL,996.0,JAFFNA,RECONDITIONED,1,4BA-M900A,ROOMY
CAR,NISSAN,5AA-B44W DAYZ,JAPAN,PETROL,659.0,KANDY,RECONDITIONED,1,5AA-B44W,DAYZ
CAR,MERCEDES BENZ,4AA-214050 C E200,GERMANY,PETROL,1991.0,COLOMBO,RECONDITIONED,1,4AA-214050,C E200
CAR,TOYOTA,5BA-M900A  ROOMY,JAPAN,PETROL,996.0,ANURADHAPURA,RECONDITIONED,1,5BA-M900A,ROOMY
CAR,PROTON,SAGA,SRI LANKA,PETROL,1299.0,GAMPAHA,LOCALLY BUILT,1,,SAGA
CAR,TOYOTA,A250RA-GBVV RAIZE,INDONESIA,PETROL,998.0,GAMPAHA,BRAND NEW,87,,A250RA-GBVV RAIZE
CAR,SUZUKI,5AA-MH95S WAGON R,JAPAN,PETROL,658.0,GAMPAHA,BRAND NEW,1,5AA-MH95S,WAGON R
CAR,MITSUBISHI,GK1WXTHUR,JAPAN,PETROL,1499.0,COLOMBO,BRAND NEW,2,,GK1WXTHUR
CAR,BYD,DOLPHIN-DYNAMIC 70,CHINA,ELECTRIC,70.0,KALUTARA,BRAND NEW,5,,DOLPHIN-DYNAMIC 70
CAR,BYD,DOLPHIN-DYNAMIC 70,CHINA,ELECTRIC,70.0,KEGALLE,BRAND NEW,4,,DOLPHIN-DYNAMIC 70
CAR,PERODUA,AXIA-CG1SZ,MALAYSIA,PETROL,998.0,KEGALLE,BRAND NEW,1,AXIA-CG1SZ,Unknown
CAR,NISSAN,MAGNITE TEKNA PLUS,INDIA,PETROL,999.0,KEGALLE,BRAND NEW,1,,MAGNITE TEKNA PLUS
CAR,PERODUA,AXIA CG1GZ,MALAYSIA,PETROL,998.0,BATTICALOA,BRAND NEW,1,,AXIA CG1GZ
CAR,BYD,ATTO3-ADVANCED,CHINA,ELECTRIC,100.0,GAMPAHA,BRAND NEW,2,ATTO3-ADVANCED,Unknown
CAR,BYD,ATTO-3-SUPERIOR,CHINA,ELECTRIC,100.0,TRINCOMALEE,BRAND NEW,1,ATTO-3-SUPERIOR,Unknown
CAR,TOYOTA,5AA-A202A RAIZE,JAPAN,PETROL/ELE,78.0,COLOMBO,BRAND NEW,1,5AA-A202A,RAIZE
CAR,BYD,SEALION 6 SUPERIOR,CHINA,PETROL/ELE,1498.0,HAMBANTOTA,BRAND NEW,5,,SEALION 6 SUPERIOR
CAR,MITSUBISHI,GKIWXTHUR,JAPAN,PETROL,1499.0,COLOMBO,BRAND NEW,1,,GKIWXTHUR
CAR,TATA,CURVV,INDIA,PETROL,1199.0,AMPARA,BRAND NEW,1,,CURVV
CAR,BYD,SEAL-COMFORT,CHINA,ELECTRIC,100.0,HAMBANTOTA,BRAND NEW,1,SEAL-COMFORT,Unknown
CAR,BYD,SEALION 6 SUPERIOR,CHINA,PETROL/ELE,1498.0,POLONNARUWA,BRAND NEW,1,,SEALION 6 SUPERIOR
CAR,TATA,CURVV,INDIA,PETROL,1199.0,KANDY,BRAND NEW,1,,CURVV
CAR,KIA,SONET,INDIA,PETROL,998.0,KANDY,BRAND NEW,4,,SONET
CAR,TOYOTA,LAND CRUISER PRADO,JAPAN,DIESEL,2755.0,COLOMBO,BRAND NEW,3,,LAND CRUISER PRADO
CAR,PERODUA,BEZZA,MALAYSIA,PETROL,998.0,KANDY,BRAND NEW,2,,BEZZA
CAR,TOYOTA,A250RA-GBVV RAIZE,INDONESIA,PETROL,998.0,KILINOCHCHI,BRAND NEW,1,,A250RA-GBVV RAIZE
CAR,CHANGAN,S07,CHINA,ELECTRIC,160.0,COLOMBO,BRAND NEW,1,,S07
CAR,BYD,M6 STANDARD,CHINA,ELECTRIC,100.0,COLOMBO,BRAND NEW,3,,M6 STANDARD
CAR,TOYOTA,PRIUS,JAPAN,PETROL/ELE,1798.0,RATNAPURA,BRAND NEW,1,,PRIUS
CAR,TOYOTA,A250RA-GBVV RAIZE,INDONESIA,PETROL,998.0,AMPARA,BRAND NEW,2,,A250RA-GBVV RAIZE
CAR,PERODUA,ARUZ,MALAYSIA,PETROL,1496.0,MONERAGALA,BRAND NEW,1,,ARUZ
CAR,LAND ROVER,RANGE ROVER SPORT,UNITED KINGDOM,PETROL/ELE,3000.0,COLOMBO,BRAND NEW,1,,RANGE ROVER SPORT
CAR,TOYOTA,WIGO A350RA GBNE,INDONESIA,PETROL,998.0,MATARA,BRAND NEW,1,,WIGO A350RA GBNE
CAR,LAND ROVER,RANGE ROVER EVOQUE,UNITED KINGDOM,PETROL,1500.0,KANDY,BRAND NEW,1,,RANGE ROVER EVOQUE
CAR,KIA,SORENTO,MALAYSIA,PETROL/ELE,1598.0,POLONNARUWA,BRAND NEW,1,,SORENTO
CAR,JETOUR,X70 PLUS,CHINA,PETROL,1498.0,GALLE,BRAND NEW,1,,X70 PLUS
CAR,SAIC,MG ZS MCE,CHINA,PETROL,999.0,PUTTALAM,BRAND NEW,1,,MG ZS MCE
CAR,SAIC,MG ZS MCE,CHINA,PETROL,999.0,KALUTARA,BRAND NEW,2,,MG ZS MCE
CAR,BAIC,X55 II LUXURY,SRI LANKA,PETROL,1498.0,KALUTARA,BRAND NEW-L/ASSEMBLE,1,,X55 II LUXURY
CAR,CHERY,TIGGO 4 PRO,SRI LANKA,PETROL,1498.0,GAMPAHA,BRAND NEW-L/ASSEMBLE,1,,TIGGO 4 PRO
CAR,PROTON,SAGA,SRI LANKA,PETROL,1299.0,GAMPAHA,BRAND NEW-L/ASSEMBLE,2,,SAGA
CAR,HYUNDAI,GRAND I10,SRI LANKA,PETROL,1197.0,KALUTARA,BRAND NEW-L/ASSEMBLE,2,,GRAND I10
CAR,HYUNDAI,GRAND I10,SRI LANKA,PETROL,1197.0,BADULLA,BRAND NEW-L/ASSEMBLE,1,,GRAND I10
CAR,DAIHATSU,5BA-LA900S TAFT,JAPAN,PETROL,658.0,KEGALLE,RECONDITIONED,6,5BA-LA900S,TAFT
CAR,SUZUKI,4AA-MK54S SPACIA,JAPAN,PETROL/ELE,658.0,KANDY,RECONDITIONED,1,4AA-MK54S,SPACIA
CAR,MERCEDES BENZ,5AA-118384 M  CLA180,GERMANY,PETROL,1332.0,JAFFNA,RECONDITIONED,1,5AA-118384,M  CLA180
CAR,TOYOTA,3BA-A201A RAIZE,JAPAN,PETROL,996.0,AMPARA,RECONDITIONED,1,3BA-A201A,RAIZE
CAR,NISSAN,5AA-B44W DAYZ,JAPAN,PETROL,658.0,COLOMBO,RECONDITIONED,1,5AA-B44W,DAYZ
CAR,TOYOTA,YARIS CROSS,THAILAND,PETROL/ELE,1496.0,AMPARA,RECONDITIONED,1,,YARIS CROSS
CAR,MAZDA,3BA-HB37S CAROL,JAPAN,PETROL,658.0,RATNAPURA,RECONDITIONED,1,3BA-HB37S,CAROL
CAR,B.M.W.,3CA-22EN30 X7,GERMANY,DIESEL,2993.0,COLOMBO,RECONDITIONED,1,3CA-22EN30,X7
CAR,DAIHATSU,THOR 5BA-M900S,JAPAN,PETROL,996.0,HAMBANTOTA,RECONDITIONED,1,,THOR 5BA-M900S
CAR,TOYOTA,3BA-VJA300W,JAPAN,PETROL,3444.0,RATNAPURA,RECONDITIONED,5,3BA-VJA300W,Unknown
CAR,NISSAN,5BD-DR17V CLIPPER,JAPAN,PETROL,658.0,KANDY,RECONDITIONED,3,5BD-DR17V,CLIPPER
CAR,HONDA,6AA-RV5  VEZEL,JAPAN,PETROL/ELE,1496.0,GAMPAHA,RECONDITIONED,7,6AA-RV5,VEZEL
CAR,SUZUKI,XBEE 4AA-MN71S,JAPAN,PETROL,996.0,MATARA,RECONDITIONED,1,,XBEE 4AA-MN71S
CAR,SUZUKI,5AA-MR92S HUSTLER,JAPAN,PETROL,656.0,KANDY,RECONDITIONED,2,5AA-MR92S,HUSTLER
CAR,HONDA,6BA-JH3 N-WGN,JAPAN,PETROL,658.0,COLOMBO,RECONDITIONED,1,6BA-JH3,N-WGN
CAR,TOYOTA,6AA-MXP10 YARIS,JAPAN,PETROL/ELE,1496.0,COLOMBO,RECONDITIONED,1,6AA-MXP10,YARIS
CAR,SUZUKI,5BD-DA1V EVERY,JAPAN,PETROL,658.0,GAMPAHA,RECONDITIONED,1,5BD-DA1V,EVERY
CAR,DAIHATSU,5BA-M900S,JAPAN,PETROL,996.0,GAMPAHA,RECONDITIONED,1,5BA-M900S,Unknown
CAR,DAIHATSU,5BA-LA900S  TAFT,JAPAN,PETROL,658.0,KURUNEGALA,RECONDITIONED,1,5BA-LA900S,TAFT
CAR,TOYOTA,5AA-A202A  RAIZE,JAPAN,PETROL/ELE,78.0,KURUNEGALA,RECONDITIONED,1,5AA-A202A,RAIZE
CAR,DAIHATSU,5BA-LA900S,JAPAN,PETROL,658.0,PUTTALAM,RECONDITIONED,1,5BA-LA900S,TAFT
CAR,HONDA,CR-V VTI-L7,AUSTRALIA,PETROL,1498.0,PUTTALAM,RECONDITIONED,1,CR-V,VTI-L7
CAR,SUZUKI,5AA-MK94S SPACIA,JAPAN,PETROL,658.0,KURUNEGALA,RECONDITIONED,5,5AA-MK94S,SPACIA
CAR,TOYOTA,6AA-MXPJ10-YARISS,JAPAN,PETROL/ELE,1496.0,GALLE,RECONDITIONED,1,6AA-MXPJ10-YARISS,Unknown
CAR,SUZUKI,5AA-MH95S WAGON R,JAPAN,PETROL,657.0,HAMBANTOTA,RECONDITIONED,1,5AA-MH95S,WAGON R
CAR,DAIHATSU,5AA-A202S ROCKY,JAPAN,PETROL/ELE,78.0,VAVUNIYA,RECONDITIONED,1,5AA-A202S,ROCKY
CAR,TOYOTA,6AA-MXPJ10 YARIS,JAPAN,PETROL/ELE,1490.0,RATNAPURA,RECONDITIONED,2,6AA-MXPJ10,YARIS
CAR,HONDA,6BA-FL1 CIVIC,JAPAN,PETROL,1496.0,COLOMBO,RECONDITIONED,1,6BA-FL1,CIVIC
CAR,NISSAN,4AA-B45W DAYZ,JAPAN,PETROL,658.0,GAMPAHA,RECONDITIONED,1,4AA-B45W,DAYZ
CAR,MERCEDES BENZ,CLA 200,GERMANY,PETROL,1332.0,KURUNEGALA,RECONDITIONED,2,,CLA 200
CAR,TOYOTA,6AA-MXPJ10 YARIS,JAPAN,PETROL/ELE,1496.0,PUTTALAM,RECONDITIONED,1,6AA-MXPJ10,YARIS
CAR,DAIHATSU,TAFT 5BA-LA900S,JAPAN,PETROL,658.0,KANDY,RECONDITIONED,1,,TAFT 5BA-LA900S
CAR,HONDA,6AA-RV5  VEZEL,JAPAN,PETROL/ELE,1496.0,KEGALLE,RECONDITIONED,2,6AA-RV5,VEZEL
CAR,DAIHATSU,5BA-LA150S MOVE,JAPAN,PETROL,658.0,GAMPAHA,RECONDITIONED,2,5BA-LA150S,MOVE
CAR,SUZUKI,5AA-ZCEDS SWIFT,JAPAN,PETROL,1196.0,MATARA,RECONDITIONED,1,5AA-ZCEDS,SWIFT
CAR,SUZUKI,5AA-MR92S HASTLER,JAPAN,PETROL,658.0,GALLE,RECONDITIONED,1,5AA-MR92S,HASTLER
CAR,TOYOTA,5BA-M900A ROOMY,JAPAN,PETROL,996.0,ANURADHAPURA,RECONDITIONED,1,5BA-M900A,ROOMY
CAR,SUZUKI,5AA-MH95S WAGON R,JAPAN,PETROL/ELE,656.0,GAMPAHA,RECONDITIONED,1,5AA-MH95S,WAGON R
CAR,SUZUKI,WAGON R 5BA-MH85S,JAPAN,PETROL,656.0,HAMBANTOTA,RECONDITIONED,1,,WAGON R 5BA-MH85S
CAR,MERCEDES BENZ,CLA250 AMG LINE,GERMANY,PETROL/ELE,1332.0,GAMPAHA,RECONDITIONED,1,,CLA250 AMG LINE
CAR,NISSAN,4AA-B45W DAYS,JAPAN,PETROL,658.0,COLOMBO,RECONDITIONED,2,4AA-B45W,DAYS
CAR,NISSAN,6AA-T33  X-TRAIL,JAPAN,PETROL/ELE,157.0,COLOMBO,RECONDITIONED,1,6AA-T33,X-TRAIL
CAR,SUZUKI,3BA-DA17W EVERY,JAPAN,PETROL,658.0,BADULLA,RECONDITIONED,2,3BA-DA17W,EVERY
CAR,TOYOTA,3BA-A210A,JAPAN,PETROL,996.0,COLOMBO,RECONDITIONED,1,3BA-A210A,RAIZE
CAR,HONDA,6BA-JF3 N BOX,JAPAN,PETROL,658.0,MATARA,RECONDITIONED,1,6BA-JF3,N BOX
CAR,NISSAN,5BD-DA17V CLIPPER,JAPAN,PETROL,658.0,GAMPAHA,RECONDITIONED,1,5BD-DA17V,CLIPPER
CAR,DAIHATSU,5BA-LA350S  MIRA,JAPAN,PETROL,658.0,GAMPAHA,RECONDITIONED,3,5BA-LA350S,MIRA
CAR,TOYOTA,3BA-TRJ150W PRADO,JAPAN,PETROL,2696.0,KALUTARA,RECONDITIONED,1,3BA-TRJ150W,PRADO
CAR,SUZUKI,5BA-MH85S WAGON R,JAPAN,PETROL,657.0,AMPARA,RECONDITIONED,1,5BA-MH85S,WAGON R
CAR,SUBARU,5BA-A201F REX,JAPAN,PETROL,1196.0,MONERAGALA,RECONDITIONED,1,5BA-A201F,REX
CAR,SUZUKI,5BA-MH85S,JAPAN,PETROL,657.0,KEGALLE,RECONDITIONED,1,5BA-MH85S,WAGON  R
CAR,DAIHATSU,5BA-LA900S TAFT,JAPAN,PETROL,658.0,RATNAPURA,RECONDITIONED,3,5BA-LA900S,TAFT
CAR,TOYOTA,5BA-M700A PASSO,JAPAN,PETROL,996.0,MONERAGALA,RECONDITIONED,1,5BA-M700A,PASSO
CAR,SUZUKI,3BA-DA17V EVERY,JAPAN,PETROL,658.0,COLOMBO,RECONDITIONED,1,3BA-DA17V,EVERY
CAR,DAIHATSU,ROCKY 5AA-A202S,JAPAN,PETROL/ELE,1196.0,GAMPAHA,RECONDITIONED,1,,ROCKY 5AA-A202S
CAR,TOYOTA,6AA-AAHH40W ALPHARD,JAPAN,PETROL/ELE,2487.0,KURUNEGALA,RECONDITIONED,2,6AA-AAHH40W,ALPHARD
CAR,SUZUKI,5AA-MH95S WAGON R,JAPAN,PETROL,657.0,KILINOCHCHI,RECONDITIONED,1,5AA-MH95S,WAGON R
CAR,MAZDA,3BA-HB37S,JAPAN,PETROL,658.0,HAMBANTOTA,RECONDITIONED,1,3BA-HB37S,Unknown
CAR,HONDA,6BA-JF3,JAPAN,PETROL,658.0,COLOMBO,RECONDITIONED,1,6BA-JF3,N BOX CUSTOM
CAR,TOYOTA,6AA-MXPJ10,JAPAN,PETROL/ELE,1490.0,GAMPAHA,RECONDITIONED,1,6AA-MXPJ10,RARIS
CAR,HONDA,6BA-JF5 N BOX,JAPAN,PETROL,658.0,KILINOCHCHI,RECONDITIONED,1,6BA-JF5,N BOX
CAR,HONDA,6AA-RV5,JAPAN,PETROL/ELE,1496.0,GAMPAHA,RECONDITIONED,2,6AA-RV5,VEZEL Z PLAY
CAR,NISSAN,ALMERA,THAILAND,PETROL,999.0,AMPARA,RECONDITIONED,1,,ALMERA
CAR,SUZUKI,5BA-MH85S,JAPAN,PETROL,658.0,GALLE,RECONDITIONED,2,5BA-MH85S,WAGON  R
CAR,TOYOTA,3BA-TRJ25W,JAPAN,PETROL,2693.0,COLOMBO,RECONDITIONED,1,3BA-TRJ25W,Unknown
CAR,DAIHATSU,5BA-LA900S TAFT,JAPAN,PETROL,658.0,BADULLA,RECONDITIONED,1,5BA-LA900S,TAFT
CAR,TOYOTA,3DA-FJA300W,JAPAN,DIESEL,3345.0,RATNAPURA,RECONDITIONED,1,3DA-FJA300W,Unknown
CAR,TOYOTA,6AA-ZWR90W VOXY,JAPAN,PETROL/ELE,1797.0,KURUNEGALA,RECONDITIONED,1,6AA-ZWR90W,VOXY
CAR,DAIHATSU,5BA/LA350S MIRA ES,JAPAN,PETROL,658.0,KANDY,RECONDITIONED,1,,5BA/LA350S MIRA ES
CAR,TOYOTA,5AA-A202A    RAIZE,JAPAN,ELECTRIC,78.0,GAMPAHA,RECONDITIONED,1,5AA-A202A,RAIZE
CAR,SUZUKI,3BA-DA17W EVERY,JAPAN,PETROL,658.0,KALUTARA,RECONDITIONED,1,3BA-DA17W,EVERY
CAR,MITSUBISHI,5AA-B34W  EK  X,JAPAN,PETROL,658.0,KEGALLE,RECONDITIONED,1,5AA-B34W,EK  X
CAR,SUZUKI,5AA-MK94S  SPACIA,JAPAN,PETROL,657.0,PUTTALAM,RECONDITIONED,1,5AA-MK94S,SPACIA
CAR,SUZUKI,5BA MH85S WAGON R,JAPAN,PETROL,658.0,COLOMBO,RECONDITIONED,1,,5BA MH85S WAGON R
CAR,LAND ROVER,RANGE ROVER,UNITED KINGDOM,PETROL/ELE,2996.0,COLOMBO,RECONDITIONED,4,,RANGE ROVER
CAR,TOYOTA,6AA-ZVG13,JAPAN,PETROL/ELE,1798.0,ANURADHAPURA,RECONDITIONED,1,6AA-ZVG13,Unknown
CAR,DAIHATSU,5BA-LA150S MOVE,JAPAN,PETROL,658.0,KURUNEGALA,RECONDITIONED,1,5BA-LA150S,MOVE
CAR,HONDA,CITY,THAILAND,PETROL,988.0,MATALE,RECONDITIONED,1,,CITY
CAR,TOYOTA,3BA-A210A  RAIZE,JAPAN,PETROL,990.0,KURUNEGALA,RECONDITIONED,1,3BA-A210A,RAIZE
CAR,DAIHATSU,5BA-LA900STAFT,JAPAN,PETROL,658.0,GALLE,RECONDITIONED,1,5BA-LA900STAFT,Unknown
CAR,SUZUKI,4AA-MH55S WAGON R,JAPAN,PETROL,657.0,KANDY,RECONDITIONED,1,4AA-MH55S,WAGON R
CAR,TOYOTA,5BA-M700A PASSO,JAPAN,PETROL,996.0,KEGALLE,RECONDITIONED,2,5BA-M700A,PASSO
CAR,SUZUKI,5BA-MH85S  WAGON R,JAPAN,PETROL,658.0,COLOMBO,RECONDITIONED,1,5BA-MH85S,WAGON R
CAR,SUZUKI,WAGON R 5BA-MH85S,JAPAN,PETROL,658.0,JAFFNA,RECONDITIONED,1,,WAGON R 5BA-MH85S
CAR,LEXUS,6LA-AALH16 RX,JAPAN,PETROL/ELE,2487.0,GAMPAHA,RECONDITIONED,1,6LA-AALH16,RX
CAR,TOYOTA,5AA-A202A RAIZE,JAPAN,ELECTRIC,78.0,PUTTALAM,RECONDITIONED,2,5AA-A202A,RAIZE
CAR,DAIHATSU,5AA-A202S,JAPAN,ELECTRIC,1196.0,KANDY,RECONDITIONED,1,5AA-A202S,ROCKY
CAR,SUZUKI,5AA-MH95S WAGON R,JAPAN,PETROL/ELE,656.0,RATNAPURA,RECONDITIONED,1,5AA-MH95S,WAGON R
CAR,NISSAN,5BA-B43W   DAYS,JAPAN,PETROL,659.0,MONERAGALA,RECONDITIONED,1,5BA-B43W,DAYS
CAR,HONDA,6AA-RV-5 VEZEL,JAPAN,PETROL/ELE,1496.0,COLOMBO,RECONDITIONED,1,6AA-RV-5,VEZEL
CAR,NISSAN,4AA-B45A ROOX,JAPAN,PETROL,658.0,RATNAPURA,RECONDITIONED,1,4AA-B45A,ROOX
CAR,TOYOTA,3BA-TRJ250W,JAPAN,PETROL,2693.0,KURUNEGALA,RECONDITIONED,2,3BA-TRJ250W,4WD VX
CAR,NISSAN,5BD-DR17V,JAPAN,PETROL,658.0,KURUNEGALA,RECONDITIONED,1,5BD-DR17V,Unknown
CAR,TOYOTA,3BA-A210A  RAIZE,JAPAN,PETROL,996.0,RATNAPURA,RECONDITIONED,1,3BA-A210A,RAIZE
CAR,SUZUKI,5AA-MK53S SPACIA,JAPAN,PETROL,658.0,KANDY,RECONDITIONED,3,5AA-MK53S,SPACIA
CAR,NISSAN,5BA-B43W DAYS,JAPAN,PETROL,659.0,GAMPAHA,RECONDITIONED,1,5BA-B43W,DAYS
CAR,TOYOTA,PASSO 5BA-M700A,JAPAN,PETROL,996.0,GAMPAHA,RECONDITIONED,1,,PASSO 5BA-M700A
CAR,TOYOTA,3BA-TRJ250W,JAPAN,PETROL,2693.0,POLONNARUWA,RECONDITIONED,2,3BA-TRJ250W,4WD VX
CAR,SUZUKI,5BA-MH85S  WAGON R,JAPAN,PETROL,656.0,ANURADHAPURA,RECONDITIONED,1,5BA-MH85S,WAGON R
CAR,TOYOTA,5BA-M900A ROOMY,JAPAN,PETROL,996.0,VAVUNIYA,RECONDITIONED,1,5BA-M900A,ROOMY
CAR,DAIHATSU,5BA-LA350S  MIRA,JAPAN,PETROL,658.0,KALUTARA,RECONDITIONED,1,5BA-LA350S,MIRA
CAR,TOYOTA,5BA-M700A PASSO,JAPAN,PETROL,996.0,MATARA,RECONDITIONED,1,5BA-M700A,PASSO
CAR,SUZUKI,5AA-ZCEDS SWIFT,JAPAN,PETROL,1196.0,PUTTALAM,RECONDITIONED,1,5AA-ZCEDS,SWIFT
CAR,DAIHATSU,5BA-LA350S MIRA,JAPAN,PETROL,658.0,PUTTALAM,RECONDITIONED,1,5BA-LA350S,MIRA
CAR,SUZUKI,5AA-MK94S SPACIA,JAPAN,PETROL,657.0,POLONNARUWA,RECONDITIONED,1,5AA-MK94S,SPACIA
CAR,DAIHATSU,5BA-LA350S MIRA E S,JAPAN,PETROL,658.0,MATALE,RECONDITIONED,1,5BA-LA350S,MIRA E S
CAR,HONDA,6BA-JF5  N BOX,JAPAN,PETROL,659.0,MATARA,RECONDITIONED,1,6BA-JF5,N BOX
CAR,MERCEDES BENZ,4AA-247684M GLB180,GERMANY,PETROL,1331.0,COLOMBO,RECONDITIONED,1,4AA-247684M,GLB180
CAR,TOYOTA,5AA-A202A  RAIZE,JAPAN,ELECTRIC,78.0,TRINCOMALEE,RECONDITIONED,1,5AA-A202A,RAIZE
CAR,VOLKSWAGEN,3BA-AWDLA,JAPAN,PETROL,999.0,KANDY,RECONDITIONED,1,3BA-AWDLA,Unknown
CAR,HONDA,5BA-RZ3   ZR-V,JAPAN,PETROL,1496.0,COLOMBO,RECONDITIONED,1,5BA-RZ3,ZR-V
CAR,NISSAN,3BD-DR17V CLIPPER,JAPAN,PETROL,658.0,KURUNEGALA,RECONDITIONED,1,3BD-DR17V,CLIPPER
CAR,TOYOTA,5AA-A202A RAIZE,JAPAN,ELECTRIC,78.0,KEGALLE,RECONDITIONED,1,5AA-A202A,RAIZE
CAR,LAND ROVER,3BA-LE72XAA,UNITED KINGDOM,PETROL,1997.0,COLOMBO,RECONDITIONED,1,3BA-LE72XAA,DEFENDER
CAR,SUZUKI,4AA-MH55S  WAGON R,JAPAN,PETROL,656.0,JAFFNA,RECONDITIONED,1,4AA-MH55S,WAGON R
CAR,TOYOTA,5BA-M900A ROOMY,JAPAN,PETROL,996.0,BATTICALOA,RECONDITIONED,2,5BA-M900A,ROOMY
CAR,MAZDA,5AA-MJ95S   FLAIR,JAPAN,PETROL,658.0,MATARA,RECONDITIONED,1,5AA-MJ95S,FLAIR
CAR,TESLA,MODEL 3,CHINA,ELECTRIC,194.0,COLOMBO,RECONDITIONED,1,,MODEL 3
CAR,SUZUKI,5AA-MK94S SPACIA,JAPAN,PETROL,657.0,KURUNEGALA,RECONDITIONED,1,5AA-MK94S,SPACIA
CAR,TOYOTA,5AA-A202A RAIZE,JAPAN,PETROL,78.0,KANDY,RECONDITIONED,1,5AA-A202A,RAIZE
CAR,SUZUKI,5BAMH85S  WAGON R,JAPAN,PETROL,658.0,GAMPAHA,RECONDITIONED,1,,5BAMH85S  WAGON R
CAR,HONDA,5BD-JJ1,JAPAN,PETROL,658.0,KANDY,RECONDITIONED,1,5BD-JJ1,Unknown
CAR,NISSAN,5AA-B44A ROOX,JAPAN,PETROL,658.0,GALLE,RECONDITIONED,1,5AA-B44A,ROOX
CAR,SUZUKI,4AA-MN71S XBEE,JAPAN,PETROL,998.0,JAFFNA,RECONDITIONED,1,4AA-MN71S,XBEE
CAR,HONDA,CITY RS,THAILAND,PETROL,988.0,NUWARA-ELIYA,RECONDITIONED,1,,CITY RS
CAR,SUZUKI,5AA-MK94S SPACIA,JAPAN,PETROL,658.0,KALUTARA,RECONDITIONED,1,5AA-MK94S,SPACIA
CAR,BYD,ATTO-3-SUPERIOR,CHINA,ELECTRIC,100.0,COLOMBO,BRAND NEW,23,ATTO-3-SUPERIOR,Unknown
CAR,BYD,SEALION 6 SUPERIOR,CHINA,PETROL/ELE,1498.0,GAMPAHA,BRAND NEW,63,,SEALION 6 SUPERIOR
CAR,TOYOTA,F800RE-GQGF RUSH,INDONESIA,PETROL,1496.0,COLOMBO,BRAND NEW,20,,F800RE-GQGF RUSH
CAR,BYD,SEAL-COMFORT,CHINA,ELECTRIC,100.0,GALLE,BRAND NEW,9,SEAL-COMFORT,Unknown
CAR,BYD,SEAL-COMFORT,CHINA,ELECTRIC,100.0,GAMPAHA,BRAND NEW,10,SEAL-COMFORT,Unknown
CAR,KIA,SORENTO,MALAYSIA,PETROL/ELE,1598.0,BATTICALOA,BRAND NEW,1,,SORENTO
CAR,JETOUR,X70 PLUS,CHINA,PETROL,1498.0,HAMBANTOTA,BRAND NEW,1,,X70 PLUS
CAR,NISSAN,MAGNITE TEKNA PLUS,INDIA,PETROL,999.0,PUTTALAM,BRAND NEW,3,,MAGNITE TEKNA PLUS
CAR,NISSAN,MAGNITE TEKNA PLUS,INDIA,PETROL,999.0,GAMPAHA,BRAND NEW,23,,MAGNITE TEKNA PLUS
CAR,TOYOTA,RAIZE A251RA-GBXF,INDONESIA,PETROL,1198.0,COLOMBO,BRAND NEW,1,,RAIZE A251RA-GBXF
CAR,LAND ROVER,RANGER ROVER,UNITED KINGDOM,PETROL/ELE,3000.0,KALUTARA,BRAND NEW,1,,RANGER ROVER
CAR,NISSAN,MAGNITE TEKNA PLUS,INDIA,PETROL,999.0,JAFFNA,BRAND NEW,1,,MAGNITE TEKNA PLUS
CAR,NISSAN,MAGNITE ACENTA BR10,INDIA,PETROL,999.0,RATNAPURA,BRAND NEW,3,,MAGNITE ACENTA BR10
CAR,PERODUA,AXIA CG1GZ,MALAYSIA,PETROL,998.0,MATALE,BRAND NEW,1,,AXIA CG1GZ
CAR,KIA,CARNIVAL,SOUTH KOREA,PETROL/ELE,1598.0,COLOMBO,BRAND NEW,1,,CARNIVAL
CAR,LAND ROVER,DEFENDER,UNITED KINGDOM,PETROL/ELE,2000.0,GALLE,BRAND NEW,1,,DEFENDER
CAR,KIA,SONET,INDIA,PETROL,998.0,VAVUNIYA,BRAND NEW,1,,SONET
CAR,TOYOTA,A250RA-GBVV RAIZE,INDONESIA,PETROL,998.0,MONERAGALA,BRAND NEW,1,,A250RA-GBVV RAIZE
CAR,TOYOTA,NYC200R-DHXHBF,INDONESIA,PETROL/ELE,1496.0,KALUTARA,BRAND NEW,1,,NYC200R-DHXHBF
CAR,TOYOTA,GDJ250R-GNZLY,JAPAN,DIESEL,2755.0,JAFFNA,BRAND NEW,1,,GDJ250R-GNZLY
CAR,PERODUA,BEZZA,MALAYSIA,PETROL,998.0,AMPARA,BRAND NEW,1,,BEZZA
CAR,LAND ROVER,DEFENDER  X DYNAMIC,UNITED KINGDOM,PETROL,3000.0,COLOMBO,BRAND NEW,1,,DEFENDER  X DYNAMIC
CAR,SAIC,MG ZS MCE,CHINA,PETROL,999.0,GAMPAHA,BRAND NEW,10,,MG ZS MCE
CAR,NISSAN,MAGNITE TEKNA PLUS,INDIA,PETROL,999.0,KURUNEGALA,BRAND NEW,1,,MAGNITE TEKNA PLUS
CAR,TOYOTA,F800RE-GQGF RUSH,INDONESIA,PETROL,1496.0,PUTTALAM,BRAND NEW,1,,F800RE-GQGF RUSH
CAR,HYUNDAI,GRAND I10,SRI LANKA,PETROL,1197.0,GAMPAHA,BRAND NEW-L/ASSEMBLE,2,,GRAND I10
CAR,MG,MG4 ELECTRIC VEHICLE,THAILAND,ELECTRIC,125.0,GAMPAHA,RECONDITIONED,1,,MG4 ELECTRIC VEHICLE
CAR,SUZUKI,5BA-MH85S WAGON R,JAPAN,PETROL,657.0,MONERAGALA,RECONDITIONED,1,5BA-MH85S,WAGON R
CAR,NISSAN,5AA-B44W DAYZ,JAPAN,PETROL,658.0,KURUNEGALA,RECONDITIONED,3,5AA-B44W,DAYZ
CAR,NISSAN,3BA-DR17W CLIPPER,JAPAN,PETROL,658.0,KURUNEGALA,RECONDITIONED,1,3BA-DR17W,CLIPPER
CAR,TOYOTA,3BA-NGX10 C-HR,JAPAN,PETROL,1196.0,KURUNEGALA,RECONDITIONED,4,3BA-NGX10,C-HR
CAR,LEXUS,3BA-VJA310W LX600,JAPAN,PETROL,3444.0,RATNAPURA,RECONDITIONED,3,3BA-VJA310W,LX600
CAR,MAZDA,5AA-MJ95S FLAIR,JAPAN,PETROL/ELE,658.0,COLOMBO,RECONDITIONED,1,5AA-MJ95S,FLAIR
CAR,TOYOTA,YARIS CROSS,THAILAND,PETROL/ELE,1496.0,MATARA,RECONDITIONED,2,,YARIS CROSS
CAR,TOYOTA,3BA-TRJ250W,JAPAN,PETROL,2693.0,GALLE,RECONDITIONED,1,3BA-TRJ250W,4WD VX
CAR,HONDA,6BA-JH3 N WGN,JAPAN,PETROL,658.0,KURUNEGALA,RECONDITIONED,2,6BA-JH3,N WGN
CAR,DAIHATSU,5BA-LA350S,JAPAN,PETROL,658.0,GAMPAHA,RECONDITIONED,1,5BA-LA350S,MIRA E.S
CAR,SUZUKI,5BA-MH85S  WAGON R,JAPAN,PETROL,658.0,GALLE,RECONDITIONED,4,5BA-MH85S,WAGON R
CAR,TOYOTA,3BA-TRJ150W PRADO,JAPAN,PETROL,2693.0,GAMPAHA,RECONDITIONED,4,3BA-TRJ150W,PRADO
CAR,TOYOTA,5AA-A202A  RAIZE,JAPAN,ELECTRIC,78.0,ANURADHAPURA,RECONDITIONED,1,5AA-A202A,RAIZE
CAR,NISSAN,4AA-B45A ROOX,JAPAN,PETROL,658.0,COLOMBO,RECONDITIONED,1,4AA-B45A,ROOX
CAR,TOYOTA,5AA-A202A RAIZE,JAPAN,ELECTRIC,1196.0,COLOMBO,RECONDITIONED,1,5AA-A202A,RAIZE
CAR,TOYOTA,5BA-KSP210 YARIS,JAPAN,PETROL,998.0,JAFFNA,RECONDITIONED,1,5BA-KSP210,YARIS
CAR,TOYOTA,5BA-M900A ROOMY,JAPAN,PETROL,996.0,HAMBANTOTA,RECONDITIONED,1,5BA-M900A,ROOMY
CAR,MERCEDES BENZ,5BA-247684M,GERMANY,PETROL,1331.0,COLOMBO,RECONDITIONED,1,5BA-247684M,GLB 180
CAR,DAIHATSU,5AA-A202S  ROCKY,JAPAN,PETROL/ELE,1196.0,COLOMBO,RECONDITIONED,1,5AA-A202S,ROCKY
CAR,SUZUKI,5AA-MK53S SPACIA,JAPAN,PETROL,658.0,GAMPAHA,RECONDITIONED,5,5AA-MK53S,SPACIA
CAR,TOYOTA,YARIS ATIVE,THAILAND,PETROL,1197.0,KURUNEGALA,RECONDITIONED,1,,YARIS ATIVE
CAR,TOYOTA,5AA-A202A RAIZE,JAPAN,ELECTRIC,78.0,GAMPAHA,RECONDITIONED,9,5AA-A202A,RAIZE
CAR,SUZUKI,SPACIA 5AA-MK94S,JAPAN,PETROL,658.0,GALLE,RECONDITIONED,1,,SPACIA 5AA-MK94S
CAR,SUZUKI,3BD-D17V EVERY,JAPAN,PETROL,658.0,ANURADHAPURA,RECONDITIONED,1,3BD-D17V,EVERY
CAR,SUZUKI,3BA--DA17W EVERY,JAPAN,PETROL,658.0,BATTICALOA,RECONDITIONED,1,3BA--DA17W,EVERY
CAR,TOYOTA,6AA-MXPJ10 YARIS,JAPAN,PETROL/ELE,1490.0,ANURADHAPURA,RECONDITIONED,1,6AA-MXPJ10,YARIS
CAR,HONDA,6AARV5 VEZEL,JAPAN,PETROL/ELE,1496.0,GAMPAHA,RECONDITIONED,1,,6AARV5 VEZEL
CAR,HONDA,6AA-RV5 VEZEL,JAPAN,PETROL/ELE,1498.0,PUTTALAM,RECONDITIONED,1,6AA-RV5,VEZEL
CAR,TOYOTA,3BA-A210A RAIZE,JAPAN,PETROL,998.0,PUTTALAM,RECONDITIONED,2,3BA-A210A,RAIZE
CAR,SUZUKI,53D-DA17V EVERY,JAPAN,PETROL,658.0,KALUTARA,RECONDITIONED,2,53D-DA17V,EVERY
CAR,TOYOTA,3BA-TRJ150W   PRADO,JAPAN,PETROL,2693.0,KURUNEGALA,RECONDITIONED,1,3BA-TRJ150W,PRADO
CAR,TOYOTA,6AA-MXPK11 AQUA,JAPAN,PETROL/ELE,1496.0,GAMPAHA,RECONDITIONED,3,6AA-MXPK11,AQUA
CAR,SUZUKI,5AA-HA97S ALTO,JAPAN,PETROL,657.0,KURUNEGALA,RECONDITIONED,1,5AA-HA97S,ALTO
CAR,HONDA,CR-V VTI-L7,AUSTRALIA,PETROL,1498.0,GAMPAHA,RECONDITIONED,1,CR-V,VTI-L7
CAR,HONDA,6AA-GT5 FREED,JAPAN,PETROL/ELE,1496.0,KANDY,RECONDITIONED,1,6AA-GT5,FREED
CAR,DAIHATSU,3BD-S700V HIJET,JAPAN,PETROL,658.0,COLOMBO,RECONDITIONED,2,3BD-S700V,HIJET
CAR,TOYOTA,3BA-A210A  RAIZE,JAPAN,PETROL,996.0,KURUNEGALA,RECONDITIONED,1,3BA-A210A,RAIZE
CAR,MITSUBISHI,5BA-B33W EK WAGON,JAPAN,PETROL,658.0,GALLE,RECONDITIONED,1,5BA-B33W,EK WAGON
CAR,TOYOTA,3BA-NGX10 C-HR,JAPAN,PETROL,1196.0,JAFFNA,RECONDITIONED,2,3BA-NGX10,C-HR
CAR,SUZUKI,5BD-DA17V EVERY,JAPAN,PETROL,658.0,PUTTALAM,RECONDITIONED,5,5BD-DA17V,EVERY
CAR,DAIHATSU,5BA-LA350S,JAPAN,PETROL,658.0,RATNAPURA,RECONDITIONED,1,5BA-LA350S,MIRA E.S
CAR,SUZUKI,3BD-DA17V EVERY,JAPAN,PETROL,658.0,BADULLA,RECONDITIONED,2,3BD-DA17V,EVERY
CAR,DAIHATSU,5BA-M900S THOR,JAPAN,PETROL,996.0,GALLE,RECONDITIONED,1,5BA-M900S,THOR
CAR,LAND ROVER,3BA-LE72XCA DEFENDER,UNITED KINGDOM,PETROL,1990.0,COLOMBO,RECONDITIONED,1,3BA-LE72XCA,DEFENDER
CAR,TOYOTA,YARIS 5BA-KSP210,JAPAN,PETROL,996.0,RATNAPURA,RECONDITIONED,1,,YARIS 5BA-KSP210
CAR,AUDI,3AA-GYDLA A3,GERMANY,PETROL,996.0,GALLE,RECONDITIONED,1,3AA-GYDLA,A3
CAR,AUDI,3AA-GYDLA A3,GERMANY,PETROL,996.0,GAMPAHA,RECONDITIONED,1,3AA-GYDLA,A3
CAR,HONDA,6AA-RV5  VEZEL,JAPAN,PETROL/ELE,1496.0,ANURADHAPURA,RECONDITIONED,1,6AA-RV5,VEZEL
CAR,SUZUKI,5BA-MH85S WAGON R,JAPAN,PETROL,658.0,AMPARA,RECONDITIONED,4,5BA-MH85S,WAGON R
CAR,SUZUKI,5BD-DA17V EVERY,JAPAN,PETROL,658.0,ANURADHAPURA,RECONDITIONED,3,5BD-DA17V,EVERY
CAR,HONDA,6AA-RV5  VEZEL,JAPAN,PETROL/ELE,1496.0,MATALE,RECONDITIONED,3,6AA-RV5,VEZEL
CAR,SUZUKI,3BD-DA17V EVERY,JAPAN,PETROL,656.0,GAMPAHA,RECONDITIONED,1,3BD-DA17V,EVERY
CAR,SUZUKI,WAGON R 5BA-MH85S,JAPAN,PETROL,658.0,COLOMBO,RECONDITIONED,2,,WAGON R 5BA-MH85S
CAR,TOYOTA,3BA-TRJ250W PRADO,JAPAN,PETROL,2693.0,KURUNEGALA,RECONDITIONED,1,3BA-TRJ250W,PRADO
CAR,TOYOTA,5AA-A202A RAIZE,JAPAN,PETROL/ELE,78.0,KALUTARA,RECONDITIONED,5,5AA-A202A,RAIZE
CAR,HONDA,6AA-RV5 VEZEL,JAPAN,PETROL/ELE,1490.0,COLOMBO,RECONDITIONED,1,6AA-RV5,VEZEL
CAR,SUZUKI,3BD-DA17V EVERY,JAPAN,PETROL,658.0,KEGALLE,RECONDITIONED,4,3BD-DA17V,EVERY
CAR,TOYOTA,5BA-A201A RAIZE,JAPAN,PETROL,1198.0,MONERAGALA,RECONDITIONED,1,5BA-A201A,RAIZE
CAR,TOYOTA,5AA-A202A RAIZE,JAPAN,PETROL/ELE,78.0,NUWARA-ELIYA,RECONDITIONED,1,5AA-A202A,RAIZE
CAR,TOYOTA,3BA-TRJ250W,JAPAN,PETROL,2693.0,BADULLA,RECONDITIONED,1,3BA-TRJ250W,4WD VX
CAR,NISSAN,3BD-DR17V NV100,JAPAN,PETROL,658.0,PUTTALAM,RECONDITIONED,1,3BD-DR17V,NV100
CAR,AUDI,3AA-GYDLA   A3,GERMANY,PETROL,999.0,COLOMBO,RECONDITIONED,1,3AA-GYDLA,A3
CAR,SUZUKI,5BD-MK33V SPACIA,JAPAN,PETROL,658.0,KANDY,RECONDITIONED,1,5BD-MK33V,SPACIA
CAR,DAIHATSU,5AA-A202S ROCKY,JAPAN,ELECTRIC,78.0,KALUTARA,RECONDITIONED,1,5AA-A202S,ROCKY
CAR,NISSAN,5AA-B44W  DAYS,JAPAN,PETROL,658.0,COLOMBO,RECONDITIONED,1,5AA-B44W,DAYS
CAR,SUZUKI,4AA-MH55S WAGON R,JAPAN,PETROL,658.0,PUTTALAM,RECONDITIONED,1,4AA-MH55S,WAGON R
CAR,SUZUKI,3BA-DA17W  EVERY,JAPAN,PETROL,658.0,PUTTALAM,RECONDITIONED,1,3BA-DA17W,EVERY
CAR,NISSAN,5AA-B44A ROOX,JAPAN,PETROL,658.0,HAMBANTOTA,RECONDITIONED,1,5AA-B44A,ROOX
CAR,HONDA,CITY,THAILAND,PETROL,988.0,GAMPAHA,RECONDITIONED,4,,CITY
CAR,TOYOTA,3BA-A210A RAIZE,JAPAN,PETROL,996.0,AMPARA,RECONDITIONED,1,3BA-A210A,RAIZE
CAR,TOYOTA,5BA-M900A  ROOMY,JAPAN,PETROL,996.0,KURUNEGALA,RECONDITIONED,1,5BA-M900A,ROOMY
CAR,SUZUKI,3BA-HA37S ALTO,JAPAN,PETROL,650.0,KANDY,RECONDITIONED,1,3BA-HA37S,ALTO
CAR,DAIHATSU,5BA-LA910S TAFT,JAPAN,PETROL,658.0,KEGALLE,RECONDITIONED,1,5BA-LA910S,TAFT
CAR,TOYOTA,5BA-KSP210 YARIS X,JAPAN,PETROL,996.0,BADULLA,RECONDITIONED,1,5BA-KSP210,YARIS X
CAR,SUZUKI,3BA-JB64W JIMNY,JAPAN,PETROL,658.0,KALUTARA,RECONDITIONED,1,3BA-JB64W,JIMNY
CAR,MAZDA,5AA-MM53S,JAPAN,PETROL,658.0,GAMPAHA,RECONDITIONED,2,5AA-MM53S,Unknown
CAR,TOYOTA,3BD-S700M PIXIS,JAPAN,PETROL,658.0,GALLE,RECONDITIONED,2,3BD-S700M,PIXIS
CAR,LEXUS,6AA-MAYH15,JAPAN,PETROL/ELE,1490.0,KANDY,RECONDITIONED,1,6AA-MAYH15,Unknown
CAR,TOYOTA,YARIS CROSS HEV,THAILAND,PETROL/ELE,1496.0,COLOMBO,RECONDITIONED,2,,YARIS CROSS HEV
CAR,TOYOTA,3BA-TRJ150W PRADO,JAPAN,PETROL,2696.0,COLOMBO,RECONDITIONED,1,3BA-TRJ150W,PRADO
CAR,SUZUKI,5BD-DA17V EVERY,JAPAN,PETROL,658.0,TRINCOMALEE,RECONDITIONED,1,5BD-DA17V,EVERY
CAR,SUZUKI,5BA-MH85S WAGON  R,JAPAN,PETROL,658.0,KANDY,RECONDITIONED,1,5BA-MH85S,WAGON  R
CAR,SUZUKI,4AA-MH55S WAGON R,JAPAN,PETROL,658.0,KALUTARA,RECONDITIONED,1,4AA-MH55S,WAGON R
CAR,HONDA,6BA-JF3 N BOX CUSTOM,JAPAN,PETROL,658.0,GAMPAHA,RECONDITIONED,1,6BA-JF3,N BOX CUSTOM
CAR,HONDA,6AA-RV5  VEZEL,JAPAN,PETROL/ELE,1496.0,BADULLA,RECONDITIONED,2,6AA-RV5,VEZEL
CAR,TOYOTA,LAND CRUISER SAHARA,JAPAN,DIESEL,3300.0,COLOMBO,RECONDITIONED,1,,LAND CRUISER SAHARA
CAR,MITSUBISHI,5BA-B33W EK WAGON,JAPAN,PETROL,658.0,AMPARA,RECONDITIONED,1,5BA-B33W,EK WAGON
CAR,MITSUBISHI,5BA-B33W EK WAGON,JAPAN,PETROL,658.0,KANDY,RECONDITIONED,1,5BA-B33W,EK WAGON
CAR,LAND ROVER,DISCOVERY SPORT,UNITED KINGDOM,PETROL/ELE,1500.0,COLOMBO,RECONDITIONED,1,,DISCOVERY SPORT
CAR,TOYOTA,YARIS 6AA-MXPJ10,JAPAN,PETROL/ELE,1496.0,GAMPAHA,RECONDITIONED,1,,YARIS 6AA-MXPJ10
CAR,TOYOTA,5BA-M900A  ROOMY,JAPAN,PETROL,996.0,HAMBANTOTA,RECONDITIONED,1,5BA-M900A,ROOMY
CAR,TOYOTA,5BA-M900A,JAPAN,PETROL,996.0,GAMPAHA,RECONDITIONED,1,5BA-M900A,Unknown
CAR,HONDA,CITY,THAILAND,PETROL,988.0,KURUNEGALA,RECONDITIONED,1,,CITY
CAR,TOYOTA,5BA-M900 A ROOMY,JAPAN,PETROL,996.0,KEGALLE,RECONDITIONED,1,5BA-M900,A ROOMY
CAR,TOYOTA,5AA-A202A RAIZE,JAPAN,PETROL/ELE,1196.0,RATNAPURA,RECONDITIONED,1,5AA-A202A,RAIZE
CAR,DAIHATSU,5BA-LA900S TAFT,JAPAN,PETROL,658.0,HAMBANTOTA,RECONDITIONED,1,5BA-LA900S,TAFT
CAR,TESLA,MODEL 3,CHINA,ELECTRIC,194.0,MATARA,RECONDITIONED,1,,MODEL 3
CAR,NISSAN,5AA-B44A ROOX X,JAPAN,PETROL,658.0,GAMPAHA,RECONDITIONED,1,5AA-B44A,ROOX X
CAR,TOYOTA,3BA-NGX10 C-HR,JAPAN,PETROL,1196.0,KANDY,RECONDITIONED,1,3BA-NGX10,C-HR
CAR,TOYOTA,6AA-ZVG13,JAPAN,PETROL/ELE,1797.0,GAMPAHA,RECONDITIONED,1,6AA-ZVG13,Unknown
CAR,TOYOTA,5BA-A201A RAIZE,JAPAN,PETROL,1196.0,BADULLA,RECONDITIONED,1,5BA-A201A,RAIZE
CAR,HONDA,6BA-JF5 N BOX,JAPAN,PETROL,658.0,ANURADHAPURA,RECONDITIONED,1,6BA-JF5,N BOX
CAR,TOYOTA,6AA-NKE165 COROLLA,JAPAN,PETROL/ELE,1496.0,ANURADHAPURA,RECONDITIONED,1,6AA-NKE165,COROLLA
CAR,BYD,SEALION 6 SUPERIOR,CHINA,PETROL/ELE,1498.0,COLOMBO,BRAND NEW,191,,SEALION 6 SUPERIOR
CAR,JETOUR,X70 PLUS,CHINA,PETROL,1498.0,COLOMBO,BRAND NEW,6,,X70 PLUS
CAR,TATA,CURVV,INDIA,PETROL,1199.0,GAMPAHA,BRAND NEW,4,,CURVV
CAR,PERODUA,ARUZ,MALAYSIA,PETROL,1496.0,COLOMBO,BRAND NEW,2,,ARUZ
CAR,TOYOTA,A250RA-GBVV RAIZE,INDONESIA,PETROL,998.0,JAFFNA,BRAND NEW,3,,A250RA-GBVV RAIZE
CAR,HONDA,CR-V,THAILAND,PETROL,1498.0,COLOMBO,BRAND NEW,17,CR-V,VTI-L7
CAR,BYD,M6 STANDARD,CHINA,ELECTRIC,100.0,PUTTALAM,BRAND NEW,1,,M6 STANDARD
CAR,TOYOTA,A250RA-GBVV RAIZE,INDONESIA,PETROL,998.0,KANDY,BRAND NEW,8,,A250RA-GBVV RAIZE
CAR,NISSAN,MAGNITE ACENTA BR10,INDIA,PETROL,999.0,GAMPAHA,BRAND NEW,15,,MAGNITE ACENTA BR10
CAR,BYD,ATTO3-ADVANCED,CHINA,ELECTRIC,100.0,KANDY,BRAND NEW,1,ATTO3-ADVANCED,Unknown
CAR,LAND ROVER,RANGE ROVER,UNITED KINGDOM,PETROL,3000.0,COLOMBO,BRAND NEW,1,,RANGE ROVER
CAR,KIA,STONIC,SOUTH KOREA,PETROL,998.0,PUTTALAM,BRAND NEW,1,,STONIC
CAR,KIA,SONET,INDIA,PETROL,998.0,GALLE,BRAND NEW,1,,SONET
CAR,PERODUA,AXIA CG1GZ,MALAYSIA,PETROL,998.0,HAMBANTOTA,BRAND NEW,1,,AXIA CG1GZ
CAR,BYD,SEALION 6 PREMIUM,CHINA,PETROL/ELE,1498.0,KALUTARA,BRAND NEW,1,,SEALION 6 PREMIUM
CAR,TATA,CURVV,INDIA,PETROL,1199.0,GALLE,BRAND NEW,3,,CURVV
CAR,PERODUA,BEZZA,MALAYSIA,PETROL,998.0,HAMBANTOTA,BRAND NEW,4,,BEZZA
CAR,BYD,SEAL-COMFORT,CHINA,ELECTRIC,100.0,RATNAPURA,BRAND NEW,2,SEAL-COMFORT,Unknown
CAR,KIA,CARNIVAL,KOREA,PETROL/ELE,1598.0,KURUNEGALA,BRAND NEW,1,,CARNIVAL
CAR,TOYOTA,RAV4,JAPAN,PETROL/ELE,2487.0,COLOMBO,BRAND NEW,1,,RAV4
CAR,TOYOTA,NGC200R-DHXHKF YARIS,INDONESIA,PETROL,1496.0,COLOMBO,BRAND NEW,1,,NGC200R-DHXHKF YARIS
CAR,TOYOTA,F800RE-GQGF RUSH,INDONESIA,PETROL,1496.0,KANDY,BRAND NEW,1,,F800RE-GQGF RUSH
CAR,SAIC,MG-ZS HYBRID,CHINA,PETROL/ELE,1498.0,COLOMBO,BRAND NEW,6,MG-ZS,HYBRID
CAR,TOYOTA,F800RE-GQGF RUSH,INDONESIA,PETROL,1496.0,KURUNEGALA,BRAND NEW,2,,F800RE-GQGF RUSH
CAR,JETOUR,X70 PLUS,CHINA,PETROL,1498.0,BADULLA,BRAND NEW,1,,X70 PLUS
CAR,LAND ROVER,RANGE ROVER,UNITED KINGDOM,PETROL/ELE,3000.0,KALUTARA,BRAND NEW,1,,RANGE ROVER
CAR,BYD,DOLPHIN-DYNAMIC49,CHINA,ELECTRIC,49.0,RATNAPURA,BRAND NEW,5,,DOLPHIN-DYNAMIC49
CAR,MERCEDES BENZ,E 350E,GERMANY,PETROL/ELE,1999.0,COLOMBO,BRAND NEW,1,,E 350E
CAR,TOYOTA,GDJ250R-GNZRY PRADO,JAPAN,DIESEL,2755.0,COLOMBO,BRAND NEW,1,,GDJ250R-GNZRY PRADO
CAR,TOYOTA,5BA-A201A RAIZE,JAPAN,PETROL,1196.0,MATARA,RECONDITIONED,1,5BA-A201A,RAIZE
CAR,TOYOTA,3BA-VJA300W,JAPAN,PETROL,3444.0,KURUNEGALA,RECONDITIONED,6,3BA-VJA300W,Unknown
CAR,TOYOTA,3BA-A210A RAIZE,JAPAN,PETROL,996.0,PUTTALAM,RECONDITIONED,6,3BA-A210A,RAIZE
CAR,TOYOTA,5BA-A201A RAIZE,JAPAN,PETROL,1196.0,GALLE,RECONDITIONED,3,5BA-A201A,RAIZE
CAR,SUZUKI,5AA-ZCEDS SWIFT,JAPAN,PETROL,1196.0,KEGALLE,RECONDITIONED,1,5AA-ZCEDS,SWIFT
CAR,TOYOTA,RAIZE 3BA-A210A,JAPAN,PETROL,996.0,MATARA,RECONDITIONED,2,,RAIZE 3BA-A210A
CAR,TOYOTA,6AA-MXPJ10 RARIS,JAPAN,PETROL/ELE,1496.0,COLOMBO,RECONDITIONED,1,6AA-MXPJ10,RARIS
CAR,DAIHATSU,5BA-M900S THOR,JAPAN,PETROL,996.0,KEGALLE,RECONDITIONED,1,5BA-M900S,THOR
CAR,DAIHATSU,5BA-LA350S MIRA,JAPAN,PETROL,658.0,MATARA,RECONDITIONED,9,5BA-LA350S,MIRA
CAR,SUZUKI,4AA-MK54S- SPACIA,JAPAN,PETROL,658.0,COLOMBO,RECONDITIONED,1,4AA-MK54S,- SPACIA
CAR,TOYOTA,6AA-MXPJ10 YARIS,JAPAN,PETROL/ELE,1490.0,PUTTALAM,RECONDITIONED,2,6AA-MXPJ10,YARIS
CAR,TOYOTA,5AA-A202A RAIZE,JAPAN,PETROL/ELE,78.0,KANDY,RECONDITIONED,7,5AA-A202A,RAIZE
CAR,TOYOTA,4BA-M900A  ROOMY,JAPAN,PETROL,996.0,KANDY,RECONDITIONED,1,4BA-M900A,ROOMY
CAR,SUZUKI,3BD-DA17V EVERY,JAPAN,PETROL,658.0,KURUNEGALA,RECONDITIONED,3,3BD-DA17V,EVERY
CAR,DAIHATSU,5BA-LA350S MIRA ES,JAPAN,PETROL,658.0,GAMPAHA,RECONDITIONED,4,5BA-LA350S,MIRA ES
CAR,SUZUKI,5AA-MH95S WAGON R,JAPAN,PETROL/ELE,656.0,MATARA,RECONDITIONED,3,5AA-MH95S,WAGON R
CAR,DAIHATSU,MIRA E.S 5BA-LA360S,JAPAN,PETROL,658.0,BADULLA,RECONDITIONED,1,,MIRA E.S 5BA-LA360S
CAR,SUZUKI,3BA-DA17W,JAPAN,PETROL,658.0,COLOMBO,RECONDITIONED,1,3BA-DA17W,KAI EVERY
CAR,TOYOTA,3BD-S700M PIXIS,JAPAN,PETROL,658.0,GAMPAHA,RECONDITIONED,1,3BD-S700M,PIXIS
CAR,TOYOTA,6AA-ZVG13 COROLLA,JAPAN,PETROL/ELE,1797.0,KANDY,RECONDITIONED,2,6AA-ZVG13,COROLLA
CAR,SUZUKI,5BA-DA17V EVERY,JAPAN,PETROL,658.0,ANURADHAPURA,RECONDITIONED,1,5BA-DA17V,EVERY
CAR,MERCEDES BENZ,5LA-214054,GERMANY,PETROL/ELE,1991.0,COLOMBO,RECONDITIONED,1,5LA-214054,Unknown
CAR,DAIHATSU,5BA-LA900S,JAPAN,PETROL,658.0,ANURADHAPURA,RECONDITIONED,1,5BA-LA900S,TAFT
CAR,TOYOTA,4BA-M900A ROOMY,JAPAN,PETROL,996.0,GALLE,RECONDITIONED,1,4BA-M900A,ROOMY
CAR,TOYOTA,5BD-A700M PIXIS VAN,JAPAN,PETROL,658.0,COLOMBO,RECONDITIONED,1,5BD-A700M,PIXIS VAN
CAR,MITSUBISHI,5AA-B34A DELICA MINI,JAPAN,PETROL/ELE,659.0,COLOMBO,RECONDITIONED,1,5AA-B34A,DELICA MINI
CAR,SUZUKI,5AA-MR92S HUSTLER,JAPAN,PETROL,658.0,AMPARA,RECONDITIONED,1,5AA-MR92S,HUSTLER
CAR,SUZUKI,5AA-MR92S,JAPAN,PETROL,657.0,COLOMBO,RECONDITIONED,1,5AA-MR92S,HASTLER
CAR,TOYOTA,5BA-M900A,JAPAN,PETROL,996.0,GALLE,RECONDITIONED,1,5BA-M900A,Unknown
CAR,SUZUKI,4AA-MH55S WAGON R,JAPAN,PETROL,658.0,JAFFNA,RECONDITIONED,2,4AA-MH55S,WAGON R
CAR,TOYOTA,3BA-VJA300W,JAPAN,PETROL,3440.0,MATALE,RECONDITIONED,1,3BA-VJA300W,Unknown
CAR,HONDA,6AA-RV5 VEZEL,JAPAN,PETROL/ELE,1498.0,GAMPAHA,RECONDITIONED,2,6AA-RV5,VEZEL
CAR,TOYOTA,4BA-M900A ROOMY,JAPAN,PETROL,996.0,BATTICALOA,RECONDITIONED,1,4BA-M900A,ROOMY
CAR,SUZUKI,5AA-MH95S WAGON R,JAPAN,PETROL/ELE,656.0,HAMBANTOTA,RECONDITIONED,1,5AA-MH95S,WAGON R
CAR,SUZUKI,5BA-MH85S WAGON R,JAPAN,PETROL,658.0,JAFFNA,RECONDITIONED,2,5BA-MH85S,WAGON R
CAR,TOYOTA,5AA-A202A RAIZE,JAPAN,PETROL/ELE,78.0,BATTICALOA,RECONDITIONED,2,5AA-A202A,RAIZE
CAR,TOYOTA,5BA-KSP210  YARIS,JAPAN,PETROL,996.0,GALLE,RECONDITIONED,1,5BA-KSP210,YARIS
CAR,DAIHATSU,5BA-LA650S TANTO,JAPAN,PETROL,658.0,MATARA,RECONDITIONED,1,5BA-LA650S,TANTO
CAR,TESLA,ZAA-3L13T MODEL 3,CHINA,ELECTRIC,194.0,COLOMBO,RECONDITIONED,1,ZAA-3L13T,MODEL 3
CAR,HONDA,6BA-JF3 N BOX,JAPAN,PETROL,658.0,KANDY,RECONDITIONED,1,6BA-JF3,N BOX
CAR,NISSAN,3BA-DR17W,JAPAN,PETROL,658.0,ANURADHAPURA,RECONDITIONED,1,3BA-DR17W,NV100
CAR,TOYOTA,5BA-KSP210  YARIS,JAPAN,PETROL,996.0,KANDY,RECONDITIONED,1,5BA-KSP210,YARIS
CAR,LAND ROVER,DISCOVERY SPORT,UNITED KINGDOM,PETROL/ELE,1498.0,COLOMBO,RECONDITIONED,1,,DISCOVERY SPORT
CAR,HONDA,VEZEL 6AA RV5,JAPAN,PETROL/ELE,1496.0,GAMPAHA,RECONDITIONED,1,,VEZEL 6AA RV5
CAR,SUZUKI,4AA-MH55S WAGON R,JAPAN,PETROL/ELE,658.0,GAMPAHA,RECONDITIONED,2,4AA-MH55S,WAGON R
CAR,SUZUKI,3BD-DA17V EVERY,JAPAN,PETROL,656.0,COLOMBO,RECONDITIONED,1,3BD-DA17V,EVERY
CAR,SUZUKI,5BD-DA17V EVERY,JAPAN,PETROL,660.0,GAMPAHA,RECONDITIONED,1,5BD-DA17V,EVERY
CAR,MERCEDES BENZ,5AA-206042C C200,GERMANY,PETROL,1496.0,GALLE,RECONDITIONED,1,5AA-206042C,C200
CAR,MERCEDES BENZ,C200 AMG LINE,GERMANY,PETROL/ELE,1496.0,COLOMBO,RECONDITIONED,1,,C200 AMG LINE
CAR,HONDA,CRV VTI 7,AUSTRALIA,PETROL,1498.0,VAVUNIYA,RECONDITIONED,1,,CRV VTI 7
CAR,SUZUKI,5AA-MX91S WAGON R,JAPAN,PETROL,658.0,KURUNEGALA,RECONDITIONED,1,5AA-MX91S,WAGON R
CAR,TOYOTA,5BA-A201A RAIZE,JAPAN,PETROL,1196.0,VAVUNIYA,RECONDITIONED,1,5BA-A201A,RAIZE
CAR,SUZUKI,WAGON R 5BA-MH85S,JAPAN,PETROL,658.0,KALUTARA,RECONDITIONED,1,,WAGON R 5BA-MH85S
CAR,SUZUKI,5AA-MH95S WAGON R,JAPAN,PETROL,657.0,MATARA,RECONDITIONED,2,5AA-MH95S,WAGON R
CAR,TOYOTA,5BA-M710A PASSO,JAPAN,PETROL,996.0,JAFFNA,RECONDITIONED,1,5BA-M710A,PASSO
CAR,TOYOTA,3BA-TRJ250W,JAPAN,PETROL,2696.0,GAMPAHA,RECONDITIONED,3,3BA-TRJ250W,4WD VX
CAR,NISSAN,6AA-FE13,JAPAN,PETROL/ELE,1196.0,COLOMBO,RECONDITIONED,1,6AA-FE13,NOTE AURA
CAR,SUZUKI,5AA-MH95S  WAGON R,JAPAN,PETROL,658.0,RATNAPURA,RECONDITIONED,1,5AA-MH95S,WAGON R
CAR,DAIHATSU,4BA-M900S THOR,JAPAN,PETROL,996.0,COLOMBO,RECONDITIONED,2,4BA-M900S,THOR
CAR,MAZDA,5AA-MM94S FLAIR,JAPAN,PETROL,658.0,COLOMBO,RECONDITIONED,1,5AA-MM94S,FLAIR
CAR,HONDA,6AA-RV5 VEZEL,JAPAN,PETROL/ELE,1498.0,ANURADHAPURA,RECONDITIONED,1,6AA-RV5,VEZEL
CAR,NISSAN,5AA-B44W DAYZ,JAPAN,PETROL,659.0,BADULLA,RECONDITIONED,1,5AA-B44W,DAYZ
CAR,TOYOTA,5BA-KSP210 YARIS,JAPAN,PETROL,998.0,BADULLA,RECONDITIONED,1,5BA-KSP210,YARIS
CAR,NISSAN,6AA-E13,JAPAN,PETROL/ELE,85.0,MATALE,RECONDITIONED,1,6AA-E13,NOTE
CAR,TOYOTA,YARIS ATIV,THAILAND,PETROL,1197.0,KALUTARA,RECONDITIONED,1,,YARIS ATIV
CAR,HONDA,5BA-RZ3  ZR-V,JAPAN,PETROL,1496.0,COLOMBO,RECONDITIONED,1,5BA-RZ3,ZR-V
CAR,TOYOTA,YARIS CROSS,THAILAND,PETROL/ELE,1496.0,HAMBANTOTA,RECONDITIONED,1,,YARIS CROSS
CAR,SUZUKI,5AA-MK94S SPACIA,JAPAN,PETROL,658.0,VAVUNIYA,RECONDITIONED,1,5AA-MK94S,SPACIA
CAR,B.M.W.,XI X DRIVE,GERMANY,PETROL/ELE,1499.0,COLOMBO,RECONDITIONED,1,,XI X DRIVE
CAR,SUZUKI,5AA-ZCEDS SWIFT,JAPAN,PETROL,1197.0,RATNAPURA,RECONDITIONED,1,5AA-ZCEDS,SWIFT
CAR,TOYOTA,3BA-NGX10  C-HR,JAPAN,PETROL,1196.0,GAMPAHA,RECONDITIONED,1,3BA-NGX10,C-HR
CAR,TOYOTA,6AA-ZVG13 COROLLA,JAPAN,PETROL/ELE,1797.0,NUWARA-ELIYA,RECONDITIONED,1,6AA-ZVG13,COROLLA
CAR,DAIHATSU,5BA-LA350S MIRA E.S,JAPAN,PETROL,656.0,COLOMBO,RECONDITIONED,1,5BA-LA350S,MIRA E.S
CAR,DAIHATSU,5BA-LA350S MIRA ES,JAPAN,PETROL,656.0,GAMPAHA,RECONDITIONED,1,5BA-LA350S,MIRA ES
CAR,TOYOTA,3BA-TRJ150W,JAPAN,PETROL,2693.0,KANDY,RECONDITIONED,1,3BA-TRJ150W,PRADO
CAR,NISSAN,ALMERA VL,THAILAND,PETROL,999.0,MATARA,RECONDITIONED,1,,ALMERA VL
CAR,HONDA,6AA-RV5 VEZEL,JAPAN,PETROL/ELE,1496.0,MANNAR,RECONDITIONED,1,6AA-RV5,VEZEL
CAR,NISSAN,6AA-T33  X-TRAIL,JAPAN,PETROL/ELE,157.0,KURUNEGALA,RECONDITIONED,1,6AA-T33,X-TRAIL
CAR,TOYOTA,5BA-A201A,JAPAN,PETROL,1196.0,COLOMBO,RECONDITIONED,1,5BA-A201A,RAICE
CAR,SUZUKI,5BA-MH85S WAGON R,JAPAN,PETROL,658.0,NUWARA-ELIYA,RECONDITIONED,2,5BA-MH85S,WAGON R
CAR,SUZUKI,3BD-DA17V  EVERY,JAPAN,PETROL,658.0,ANURADHAPURA,RECONDITIONED,1,3BD-DA17V,EVERY
CAR,HONDA,6AA-RV5 VESEL,JAPAN,PETROL/ELE,1496.0,COLOMBO,RECONDITIONED,2,6AA-RV5,VESEL
CAR,DAIHATSU,5AA-A202S ROCKY,JAPAN,PETROL/ELE,78.0,GAMPAHA,RECONDITIONED,3,5AA-A202S,ROCKY
CAR,NISSAN,5BA-B43W DAYZ,JAPAN,PETROL,656.0,COLOMBO,RECONDITIONED,1,5BA-B43W,DAYZ
CAR,HONDA,HONDA CITY RS,THAILAND,PETROL,988.0,PUTTALAM,RECONDITIONED,1,,HONDA CITY RS
CAR,TOYOTA,5AA-A202A RAIZE,JAPAN,PETROL/ELE,78.0,BADULLA,RECONDITIONED,2,5AA-A202A,RAIZE
CAR,NISSAN,5BD-DR17V CLIPPER,JAPAN,PETROL,658.0,MATARA,RECONDITIONED,2,5BD-DR17V,CLIPPER
CAR,SUZUKI,5AA-MH95S WAGON R,JAPAN,PETROL/ELE,658.0,MATARA,RECONDITIONED,1,5AA-MH95S,WAGON R
CAR,LEXUS,6AA-MAYH15  LBX,JAPAN,PETROL/ELE,1496.0,COLOMBO,RECONDITIONED,1,6AA-MAYH15,LBX
CAR,TOYOTA,5BA-KSP210 YARIS,JAPAN,PETROL,998.0,MULLATIVU,RECONDITIONED,1,5BA-KSP210,YARIS
CAR,TOYOTA,5BA-A201A,JAPAN,PETROL,1198.0,PUTTALAM,RECONDITIONED,1,5BA-A201A,RAICE
CAR,NISSAN,6AA-FE13 AURA,JAPAN,PETROL/ELE,100.0,KALUTARA,RECONDITIONED,1,6AA-FE13,AURA
CAR,SUZUKI,3BD-DA17V EVERY,JAPAN,PETROL,658.0,RATNAPURA,RECONDITIONED,1,3BD-DA17V,EVERY
CAR,MITSUBISHI,5AA-B34W EK X,JAPAN,PETROL,658.0,ANURADHAPURA,RECONDITIONED,1,5AA-B34W,EK X
CAR,HONDA,N BOX 6BA-JF3,JAPAN,PETROL,658.0,GAMPAHA,RECONDITIONED,1,,N BOX 6BA-JF3
CAR,NISSAN,5BD-DR17V CLIPPER,JAPAN,PETROL,658.0,BADULLA,RECONDITIONED,1,5BD-DR17V,CLIPPER
CAR,SUBARU,5BA-M900F  JUSTY,JAPAN,PETROL,996.0,MATARA,RECONDITIONED,1,5BA-M900F,JUSTY
CAR,B.M.W.,3AA-12FJ20 523I,GERMANY,PETROL,1998.0,COLOMBO,RECONDITIONED,1,3AA-12FJ20,523I
CAR,HONDA,6AA-RV5,JAPAN,PETROL,1496.0,COLOMBO,RECONDITIONED,1,6AA-RV5,VEZEL Z PLAY
CAR,MAZDA,5BD-DG17 V,JAPAN,PETROL,658.0,KALUTARA,RECONDITIONED,1,5BD-DG17,V
CAR,MERCEDES BENZ,5AA-206041C  C180,GERMANY,PETROL,1494.0,COLOMBO,RECONDITIONED,1,5AA-206041C,C180
CAR,NISSAN,5BA-B43W DAYZ,JAPAN,PETROL,659.0,GAMPAHA,RECONDITIONED,1,5BA-B43W,DAYZ
CAR,HONDA,5BA-RZ3 ZR-V,JAPAN,PETROL,1496.0,GAMPAHA,RECONDITIONED,1,5BA-RZ3,ZR-V
CAR,SUZUKI,5BD-DA17V,JAPAN,PETROL,658.0,MATALE,RECONDITIONED,1,5BD-DA17V,EVERY
CAR,SUZUKI,5AA-HA97S ALTO,JAPAN,PETROL,658.0,KEGALLE,RECONDITIONED,1,5AA-HA97S,ALTO
CAR,TOYOTA,3BA-NGX10,JAPAN,PETROL,1196.0,GAMPAHA,RECONDITIONED,1,3BA-NGX10,CH-R
CAR,MITSUBISHI,5BD-DS17V MINICAB,JAPAN,PETROL,658.0,GAMPAHA,RECONDITIONED,1,5BD-DS17V,MINICAB
CAR,DAIHATSU,5AA-A202S ROCKY,JAPAN,ELECTRIC,78.0,COLOMBO,RECONDITIONED,1,5AA-A202S,ROCKY
CAR,HONDA,CRV-VTI,AUSTRALIA,PETROL,1498.0,COLOMBO,RECONDITIONED,1,CRV-VTI,L7
CAR,SUZUKI,4AA-MH55S WAGON R,JAPAN,PETROL,658.0,TRINCOMALEE,RECONDITIONED,1,4AA-MH55S,WAGON R
CAR,TOYOTA,5BA-M910A ROOMY,JAPAN,PETROL,996.0,GALLE,RECONDITIONED,1,5BA-M910A,ROOMY
CAR,DAIHATSU,3BA- A210S ROCKY,JAPAN,PETROL,996.0,MONERAGALA,RECONDITIONED,1,,3BA- A210S ROCKY
CAR,TOYOTA,YARIS ATIV PREMIUM,THAILAND,PETROL,1197.0,RATNAPURA,RECONDITIONED,1,,YARIS ATIV PREMIUM
CAR,SUZUKI,5AA-MK94S SPACIA,JAPAN,PETROL/ELE,657.0,COLOMBO,RECONDITIONED,1,5AA-MK94S,SPACIA
CAR,SUZUKI,5BD-MK33V,JAPAN,PETROL,658.0,KANDY,RECONDITIONED,1,5BD-MK33V,Unknown
CAR,NISSAN,5BD-DR17V NV100,JAPAN,PETROL,658.0,COLOMBO,RECONDITIONED,1,5BD-DR17V,NV100
CAR,NISSAN,6AA-FE13 AURA,JAPAN,ELECTRIC,100.0,COLOMBO,RECONDITIONED,1,6AA-FE13,AURA
CAR,KIA,SONET,INDIA,PETROL,998.0,GAMPAHA,BRAND NEW,14,,SONET
CAR,TOYOTA,A250RA-GBVV RAIZE,INDONESIA,PETROL,998.0,GALLE,BRAND NEW,8,,A250RA-GBVV RAIZE
CAR,BYD,ATTO3-ADVANCED,CHINA,ELECTRIC,100.0,COLOMBO,BRAND NEW,8,ATTO3-ADVANCED,Unknown
CAR,TATA,CURVV,INDIA,PETROL,1199.0,COLOMBO,BRAND NEW,12,,CURVV
CAR,CHANGAN,S 07,CHINA,ELECTRIC,99.0,COLOMBO,BRAND NEW,10,,S 07
CAR,CHANGAN,S 07,CHINA,ELECTRIC,99.0,GAMPAHA,BRAND NEW,2,,S 07
CAR,BYD,ATTO-3-SUPERIOR,CHINA,ELECTRIC,100.0,GAMPAHA,BRAND NEW,9,ATTO-3-SUPERIOR,Unknown
CAR,NISSAN,MAGNITE ACENTA BR10,INDIA,PETROL,999.0,TRINCOMALEE,BRAND NEW,1,,MAGNITE ACENTA BR10
CAR,PERODUA,AXIA-CG1SZ,MALAYSIA,PETROL,998.0,GAMPAHA,BRAND NEW,1,AXIA-CG1SZ,Unknown
CAR,LAND ROVER,RANGE ROVER,UNITED KINGDOM,PETROL/ELE,3000.0,COLOMBO,BRAND NEW,7,,RANGE ROVER
CAR,KIA,STONIC,SOUTH KOREA,PETROL,998.0,GAMPAHA,BRAND NEW,4,,STONIC
CAR,TATA,PUNCH EV,INDIA,ELECTRIC,90.0,COLOMBO,BRAND NEW,1,,PUNCH EV
CAR,TOYOTA,F800RE-GQGF RUSH,INDONESIA,PETROL,1496.0,ANURADHAPURA,BRAND NEW,1,,F800RE-GQGF RUSH
CAR,BYD,SEALION 6 PREMIUM,CHINA,PETROL/ELE,1498.0,BATTICALOA,BRAND NEW,1,,SEALION 6 PREMIUM
CAR,NISSAN,MAGNITE TEKNA PLUS,INDIA,PETROL,999.0,KALUTARA,BRAND NEW,10,,MAGNITE TEKNA PLUS
CAR,CHANGAN,E07,CHINA,ELECTRIC,190.0,COLOMBO,BRAND NEW,1,,E07
CAR,TATA,NEXON FEARLESS,INDIA,PETROL,1199.0,GAMPAHA,BRAND NEW,1,,NEXON FEARLESS
CAR,KIA,SPORTAGE,KOREA,PETROL/ELE,1598.0,COLOMBO,BRAND NEW,2,,SPORTAGE
CAR,HONDA,CR-V,THAILAND,PETROL,1498.0,BADULLA,BRAND NEW,1,CR-V,VTI-L7
CAR,BYD,SEAL-COMFORT,CHINA,ELECTRIC,100.0,BADULLA,BRAND NEW,1,SEAL-COMFORT,Unknown
CAR,HONDA,CR-V,THAILAND,PETROL,1498.0,GAMPAHA,BRAND NEW,2,CR-V,VTI-L7
CAR,TOYOTA,A250RA-GBVV RAIZE,INDONESIA,PETROL,998.0,BADULLA,BRAND NEW,9,,A250RA-GBVV RAIZE
CAR,BYD,SEALION 6 SUPERIOR,CHINA,PETROL/ELE,1498.0,ANURADHAPURA,BRAND NEW,2,,SEALION 6 SUPERIOR
CAR,NISSAN,MAGNITE ACENTA BR10,INDIA,PETROL,999.0,VAVUNIYA,BRAND NEW,1,,MAGNITE ACENTA BR10
CAR,PERODUA,BEZZA,MALAYSIA,PETROL,998.0,MATALE,BRAND NEW,1,,BEZZA
CAR,TATA,CURVV,INDIA,PETROL,1199.0,JAFFNA,BRAND NEW,2,,CURVV
CAR,PERODUA,BEZZA,MALAYSIA,PETROL,998.0,MATARA,BRAND NEW,7,,BEZZA
CAR,TOYOTA,A250RA-GBVV RAIZE,INDONESIA,PETROL,998.0,KALUTARA,BRAND NEW,11,,A250RA-GBVV RAIZE
CAR,BYD,ATTO-3-SUPERIOR,CHINA,ELECTRIC,100.0,KANDY,BRAND NEW,1,ATTO-3-SUPERIOR,Unknown
CAR,NISSAN,MAGNITE ACENTA BR10,INDIA,PETROL,999.0,KURUNEGALA,BRAND NEW,1,,MAGNITE ACENTA BR10
CAR,TOYOTA,WIGO A350RA GBNE,INDONESIA,PETROL,998.0,RATNAPURA,BRAND NEW,1,,WIGO A350RA GBNE
CAR,BYD,ATTO 2 PRIMIUM,CHINA,ELECTRIC,70.0,COLOMBO,BRAND NEW,1,,ATTO 2 PRIMIUM
CAR,NISSAN,MAGNITE ACENTA BR10,INDIA,PETROL,999.0,JAFFNA,BRAND NEW,1,,MAGNITE ACENTA BR10
CAR,VOLKSWAGEN,ZAA-E2EBJ ID4 PRO,GERMANY,ELECTRIC,150.0,COLOMBO,RECONDITIONED,1,ZAA-E2EBJ,ID4 PRO
CAR,SUZUKI,5AA-MK94S SPACIA,JAPAN,PETROL,658.0,TRINCOMALEE,RECONDITIONED,1,5AA-MK94S,SPACIA
CAR,SUZUKI,5AA-MH95S WAGON R,JAPAN,PETROL,657.0,MULLATIVU,RECONDITIONED,1,5AA-MH95S,WAGON R
CAR,MERCEDES BENZ,GBL200  BENZ,GERMANY,PETROL,1332.0,KURUNEGALA,RECONDITIONED,1,,GBL200  BENZ
CAR,SUZUKI,5BA-MH85S WAGON R,JAPAN,PETROL,656.0,GALLE,RECONDITIONED,2,5BA-MH85S,WAGON R
CAR,HONDA,6AA-RVS VEZEL,JAPAN,PETROL/ELE,1496.0,COLOMBO,RECONDITIONED,1,6AA-RVS,VEZEL
CAR,TOYOTA,5BA-M900A   ROOMY,JAPAN,PETROL,996.0,KURUNEGALA,RECONDITIONED,1,5BA-M900A,ROOMY
CAR,HONDA,CRV VTIL-7,AUSTRALIA,PETROL,1498.0,COLOMBO,RECONDITIONED,1,,CRV VTIL-7
CAR,TOYOTA,5BA-KSP 210  YARIS,JAPAN,PETROL,996.0,GALLE,RECONDITIONED,1,5BA-KSP,210  YARIS
CAR,HONDA,6AA-RV5   VEZEL,JAPAN,PETROL/ELE,1496.0,MATARA,RECONDITIONED,1,6AA-RV5,VEZEL
CAR,SUZUKI,5BD-DA17V EVERY,JAPAN,PETROL,658.0,KURUNEGALA,RECONDITIONED,13,5BD-DA17V,EVERY
CAR,SUZUKI,5AA-MK94S SPACIA,JAPAN,PETROL,657.0,GAMPAHA,RECONDITIONED,3,5AA-MK94S,SPACIA
CAR,NISSAN,6AA-E13 NOTE,JAPAN,PETROL/ELE,85.0,KEGALLE,RECONDITIONED,1,6AA-E13,NOTE
CAR,SUZUKI,4AA-MH55S WAGON R,JAPAN,PETROL,656.0,BATTICALOA,RECONDITIONED,1,4AA-MH55S,WAGON R
CAR,TOYOTA,6AA-MXPJ10 YARIS,JAPAN,PETROL/ELE,1496.0,RATNAPURA,RECONDITIONED,2,6AA-MXPJ10,YARIS
CAR,SUZUKI,3BA-HA37S ALTO,JAPAN,PETROL,658.0,JAFFNA,RECONDITIONED,1,3BA-HA37S,ALTO
CAR,DAIHATSU,5BA-LA350S MIRA E.S,JAPAN,PETROL,658.0,RATNAPURA,RECONDITIONED,2,5BA-LA350S,MIRA E.S
CAR,MAZDA,3BA-HB37S CAROL,JAPAN,PETROL,658.0,GAMPAHA,RECONDITIONED,1,3BA-HB37S,CAROL
CAR,TOYOTA,3BA-A201A,JAPAN,PETROL,996.0,COLOMBO,RECONDITIONED,1,3BA-A201A,Unknown
CAR,NISSAN,5BD-DR17V NV100,JAPAN,PETROL,658.0,GAMPAHA,RECONDITIONED,2,5BD-DR17V,NV100
CAR,NISSAN,ALMERA,THAILAND,PETROL,999.0,RATNAPURA,RECONDITIONED,1,,ALMERA
CAR,SUZUKI,5BA-MH85S WAGON R,JAPAN,PETROL,656.0,TRINCOMALEE,RECONDITIONED,3,5BA-MH85S,WAGON R
CAR,SUZUKI,5AA-MR 92S HUSTLER,JAPAN,PETROL,658.0,KANDY,RECONDITIONED,1,5AA-MR,92S HUSTLER
CAR,HONDA,6AA-RV5,JAPAN,PETROL/ELE,1496.0,KANDY,RECONDITIONED,1,6AA-RV5,VEZEL Z PLAY
CAR,HONDA,CITY RS,THAILAND,PETROL,988.0,MONERAGALA,RECONDITIONED,2,,CITY RS
CAR,SUZUKI,4AA-MH55S WAGON R,JAPAN,PETROL,658.0,KEGALLE,RECONDITIONED,1,4AA-MH55S,WAGON R
CAR,SUZUKI,5AA-MR92S HUSTLER,JAPAN,PETROL,656.0,VAVUNIYA,RECONDITIONED,1,5AA-MR92S,HUSTLER
CAR,LAND ROVER,3BA-LE72XAA DEFENDER,UNITED KINGDOM,PETROL,1990.0,COLOMBO,RECONDITIONED,1,3BA-LE72XAA,DEFENDER
CAR,NISSAN,3BD-DA17V CLIPPER,JAPAN,PETROL,658.0,KANDY,RECONDITIONED,1,3BD-DA17V,CLIPPER
CAR,SUZUKI,4AA-MH55S WAGON R,JAPAN,PETROL,658.0,KILINOCHCHI,RECONDITIONED,2,4AA-MH55S,WAGON R
CAR,SUZUKI,5AA-MK53S SPACIA,JAPAN,PETROL,658.0,KURUNEGALA,RECONDITIONED,1,5AA-MK53S,SPACIA
CAR,NISSAN,ALMERA,THAILAND,PETROL,999.0,COLOMBO,RECONDITIONED,10,,ALMERA
CAR,MAZDA,3BA-HB37S CAROL,JAPAN,PETROL,658.0,COLOMBO,RECONDITIONED,1,3BA-HB37S,CAROL
CAR,SUZUKI,3BA-DA17W EVERY,JAPAN,PETROL,658.0,GALLE,RECONDITIONED,3,3BA-DA17W,EVERY
CAR,TOYOTA,5BA-A201A RAIZE,JAPAN,PETROL,1196.0,KEGALLE,RECONDITIONED,2,5BA-A201A,RAIZE
CAR,SUZUKI,5BA-MH85S WAGON R,JAPAN,PETROL,657.0,KALUTARA,RECONDITIONED,3,5BA-MH85S,WAGON R
CAR,NISSAN,ZAA-B6AW SAKURA,JAPAN,ELECTRIC,20.0,COLOMBO,RECONDITIONED,1,ZAA-B6AW,SAKURA
CAR,HONDA,6AA-RV5 VEZEL,JAPAN,PETROL/ELE,1490.0,KALUTARA,RECONDITIONED,2,6AA-RV5,VEZEL
CAR,HONDA,CR-V VTI L7,AUSTRALIA,PETROL,1498.0,COLOMBO,RECONDITIONED,1,CR-V,VTI L7
CAR,TOYOTA,5BA-LA350A PIXIS,JAPAN,PETROL,658.0,COLOMBO,RECONDITIONED,2,5BA-LA350A,PIXIS
CAR,DAIHATSU,5BA-LA350S MIRA E.S,JAPAN,PETROL,658.0,GALLE,RECONDITIONED,2,5BA-LA350S,MIRA E.S
CAR,SUZUKI,4AA-MN71S  X BEE,JAPAN,PETROL,996.0,GAMPAHA,RECONDITIONED,1,4AA-MN71S,X BEE
CAR,SUZUKI,3BA-HA37S,JAPAN,PETROL,656.0,GAMPAHA,RECONDITIONED,1,3BA-HA37S,ALTO
CAR,TOYOTA,6AA-MXPJ10,JAPAN,PETROL/ELE,1496.0,RATNAPURA,RECONDITIONED,1,6AA-MXPJ10,RARIS
CAR,HONDA,6BA-JF3 N-BOX,JAPAN,PETROL,658.0,COLOMBO,RECONDITIONED,2,6BA-JF3,N-BOX
CAR,SUZUKI,5AA-MR92S HUSTLER,JAPAN,PETROL,658.0,KALUTARA,RECONDITIONED,1,5AA-MR92S,HUSTLER
CAR,DAIHATSU,5BA-350S MIRA E.S,JAPAN,PETROL,658.0,GAMPAHA,RECONDITIONED,1,5BA-350S,MIRA E.S
CAR,SUZUKI,5BA-MH85S WAGON R,JAPAN,PETROL,658.0,HAMBANTOTA,RECONDITIONED,4,5BA-MH85S,WAGON R
CAR,LEXUS,5AA-TAWHI5W,JAPAN,PETROL/ELE,2393.0,PUTTALAM,RECONDITIONED,1,5AA-TAWHI5W,Unknown
CAR,HONDA,CITY RS,THAILAND,PETROL,988.0,MATALE,RECONDITIONED,3,,CITY RS
CAR,DAIHATSU,5BA-LA350S MIRA ES,JAPAN,PETROL,658.0,PUTTALAM,RECONDITIONED,1,5BA-LA350S,MIRA ES
CAR,SUZUKI,4AA-MH55S WAGON R,JAPAN,PETROL/ELE,658.0,KANDY,RECONDITIONED,2,4AA-MH55S,WAGON R
CAR,MAZDA,5AA-MS92S FLAIR,JAPAN,PETROL,658.0,PUTTALAM,RECONDITIONED,1,5AA-MS92S,FLAIR
CAR,DAIHATSU,5AA-A202S ROCKY,JAPAN,PETROL/ELE,1196.0,KALUTARA,RECONDITIONED,2,5AA-A202S,ROCKY
CAR,VOLKSWAGEN,ID-4 PRO  ZAA-E2EBJ,GERMANY,ELECTRIC,150.0,KALUTARA,RECONDITIONED,1,ID-4,PRO  ZAA-E2EBJ
CAR,LEXUS,6AA-MAYH10,JAPAN,PETROL/ELE,1496.0,COLOMBO,RECONDITIONED,1,6AA-MAYH10,LBX
CAR,TOYOTA,6AA-ZVG13 COROLLA,JAPAN,PETROL/ELE,1797.0,TRINCOMALEE,RECONDITIONED,1,6AA-ZVG13,COROLLA
CAR,DAIHATSU,5BA-LA350S MIRA E.S,JAPAN,PETROL,656.0,KALUTARA,RECONDITIONED,1,5BA-LA350S,MIRA E.S
CAR,TOYOTA,3BA-A201A RAIZE,JAPAN,PETROL,996.0,PUTTALAM,RECONDITIONED,1,3BA-A201A,RAIZE
CAR,SUZUKI,5AA-HA75S ALTO,JAPAN,PETROL,658.0,COLOMBO,RECONDITIONED,1,5AA-HA75S,ALTO
CAR,TOYOTA,6AA-ZVW60  PRIUS,JAPAN,PETROL/ELE,1797.0,JAFFNA,RECONDITIONED,1,6AA-ZVW60,PRIUS
CAR,TOYOTA,3BA-VJA300W,JAPAN,PETROL,3444.0,TRINCOMALEE,RECONDITIONED,1,3BA-VJA300W,Unknown
CAR,DAIHATSU,3BA-A210S   ROCKY,JAPAN,PETROL,996.0,GAMPAHA,RECONDITIONED,1,3BA-A210S,ROCKY
CAR,TOYOTA,6AA-MXPJ10  YARIS,JAPAN,PETROL/ELE,1490.0,GAMPAHA,RECONDITIONED,2,6AA-MXPJ10,YARIS
CAR,TOYOTA,3BA-A210A RAIZE,JAPAN,PETROL,996.0,ANURADHAPURA,RECONDITIONED,4,3BA-A210A,RAIZE
CAR,TOYOTA,3BA-DB06 SUPRA,AUSTRALIA,PETROL,2997.0,KALUTARA,RECONDITIONED,1,3BA-DB06,SUPRA
CAR,TOYOTA,5AA-A202A RAIZE,JAPAN,PETROL/ELE,1196.0,MATALE,RECONDITIONED,1,5AA-A202A,RAIZE
CAR,TOYOTA,4BA-M900A ROOMY,JAPAN,PETROL,996.0,HAMBANTOTA,RECONDITIONED,2,4BA-M900A,ROOMY
CAR,TOYOTA,5AA-A202A  RAIZE,JAPAN,PETROL/ELE,78.0,GALLE,RECONDITIONED,1,5AA-A202A,RAIZE
CAR,HONDA,HONDA CITY,THAILAND,PETROL,988.0,HAMBANTOTA,RECONDITIONED,1,,HONDA CITY
CAR,MERCEDES BENZ,5LA-177186A250E,GERMANY,PETROL,1331.0,COLOMBO,RECONDITIONED,1,5LA-177186A250E,Unknown
CAR,MERCEDES BENZ,C200AMG LINE PREMIUM,GERMANY,PETROL,1496.0,COLOMBO,RECONDITIONED,1,,C200AMG LINE PREMIUM
CAR,DAIHATSU,5BA-LA650S TANTO,JAPAN,PETROL,658.0,COLOMBO,RECONDITIONED,1,5BA-LA650S,TANTO
CAR,HONDA,CITY RS,THAILAND,PETROL,988.0,KEGALLE,RECONDITIONED,2,,CITY RS
CAR,SUZUKI,5BA-MH85S WAGON R,JAPAN,PETROL,658.0,BATTICALOA,RECONDITIONED,3,5BA-MH85S,WAGON R
CAR,TOYOTA,YARIS 5BA-KSP210,JAPAN,PETROL,996.0,GAMPAHA,RECONDITIONED,1,,YARIS 5BA-KSP210
CAR,SUZUKI,5BD-DA17V,JAPAN,PETROL,658.0,KURUNEGALA,RECONDITIONED,1,5BD-DA17V,EVERY
CAR,TOYOTA,3BA-NGX10 C-HR,JAPAN,PETROL,1196.0,BADULLA,RECONDITIONED,1,3BA-NGX10,C-HR
CAR,NISSAN,5AA-B44W DAYS,JAPAN,PETROL,659.0,RATNAPURA,RECONDITIONED,1,5AA-B44W,DAYS
CAR,TOYOTA,3BA-VJA300W,JAPAN,PETROL,3444.0,GALLE,RECONDITIONED,2,3BA-VJA300W,Unknown
CAR,HONDA,CITY RS,THAILAND,PETROL,988.0,RATNAPURA,RECONDITIONED,1,,CITY RS
CAR,HONDA,CRV VTI L7,AUSTRALIA,PETROL,1496.0,POLONNARUWA,RECONDITIONED,1,,CRV VTI L7
CAR,SUZUKI,5BA-MH85S WAGON R,JAPAN,PETROL,658.0,BADULLA,RECONDITIONED,1,5BA-MH85S,WAGON R
CAR,MERCEDES BENZ,4AA-213077C E200,GERMANY,PETROL,1496.0,BADULLA,RECONDITIONED,1,4AA-213077C,E200
CAR,SUZUKI,5BD-DA17V EVERY,JAPAN,PETROL,658.0,POLONNARUWA,RECONDITIONED,1,5BD-DA17V,EVERY
CAR,VOLKSWAGEN,3BA-C1DKR T-CROSS,GERMANY,PETROL,999.0,GALLE,RECONDITIONED,1,3BA-C1DKR,T-CROSS
CAR,TOYOTA,5AA-M700A PASSO,JAPAN,PETROL,996.0,GAMPAHA,RECONDITIONED,1,5AA-M700A,PASSO
CAR,TOYOTA,3BA-NGX10  C-HR,JAPAN,PETROL,1196.0,KANDY,RECONDITIONED,1,3BA-NGX10,C-HR
CAR,TOYOTA,3BD-S700M PIXIS VAN,JAPAN,PETROL,658.0,GAMPAHA,RECONDITIONED,1,3BD-S700M,PIXIS VAN
CAR,TOYOTA,YARIS 6AA-MXPJ10,JAPAN,PETROL/ELE,1496.0,JAFFNA,RECONDITIONED,1,,YARIS 6AA-MXPJ10
CAR,TOYOTA,3BA-A210A,JAPAN,PETROL,996.0,MATALE,RECONDITIONED,1,3BA-A210A,RAIZE
CAR,TOYOTA,6AA-ZWR90W VOXY,JAPAN,PETROL/ELE,1797.0,ANURADHAPURA,RECONDITIONED,1,6AA-ZWR90W,VOXY
CAR,SUZUKI,5AA-ZCEDS  SWIFT,JAPAN,PETROL,1196.0,COLOMBO,RECONDITIONED,1,5AA-ZCEDS,SWIFT
CAR,SUZUKI,HUSTLER 5AA-MR92S,JAPAN,PETROL,658.0,COLOMBO,RECONDITIONED,1,,HUSTLER 5AA-MR92S
CAR,HONDA,6BA-JH3 N-WGN,JAPAN,PETROL,658.0,GALLE,RECONDITIONED,1,6BA-JH3,N-WGN
CAR,MG4,MG 4,THAILAND,ELECTRIC,125.0,GAMPAHA,RECONDITIONED,1,,MG 4
CAR,HONDA,6AA-RV6 VEZEL,JAPAN,PETROL/ELE,1496.0,KANDY,RECONDITIONED,1,6AA-RV6,VEZEL
CAR,B.M.W.,3CA-12GR20  X3,GERMANY,DIESEL,1995.0,COLOMBO,RECONDITIONED,1,3CA-12GR20,X3
CAR,NISSAN,5AA-B44W DAYS,JAPAN,PETROL,650.0,KEGALLE,RECONDITIONED,1,5AA-B44W,DAYS
CAR,SUZUKI,4AA-MN71S XBEE,JAPAN,PETROL,990.0,KALUTARA,RECONDITIONED,1,4AA-MN71S,XBEE
CAR,TOYOTA,5AA-A202A RAIZE,JAPAN,PETROL/ELE,78.0,KILINOCHCHI,RECONDITIONED,1,5AA-A202A,RAIZE
CAR,SUZUKI,5AA-HA97S,JAPAN,PETROL,657.0,GAMPAHA,RECONDITIONED,1,5AA-HA97S,Unknown
CAR,HONDA,6AA-RV5,JAPAN,PETROL/ELE,1496.0,KALUTARA,RECONDITIONED,1,6AA-RV5,VEZEL Z PLAY
CAR,SUZUKI,5BD-DA17 V EVERY,JAPAN,PETROL,658.0,KALUTARA,RECONDITIONED,1,5BD-DA17,V EVERY
CAR,NISSAN,5AA-B44 ROOX,JAPAN,PETROL,659.0,GAMPAHA,RECONDITIONED,1,5AA-B44,ROOX
CAR,HONDA,RV589SJNX  HR-V,THAILAND,PETROL/ELE,1496.0,COLOMBO,BRAND NEW,1,,RV589SJNX  HR-V
CAR,BYD,DOLPHIN-DYNAMIC49,CHINA,ELECTRIC,49.0,KURUNEGALA,BRAND NEW,4,,DOLPHIN-DYNAMIC49
CAR,MITSUBISHI,ECLIPSE CROSS,JAPAN,PETROL,1499.0,GAMPAHA,BRAND NEW,1,,ECLIPSE CROSS
CAR,JETOUR,X70 PLUS,CHINA,PETROL,1498.0,GAMPAHA,BRAND NEW,3,,X70 PLUS
CAR,BYD,SEALION 6 SUPERIOR,CHINA,PETROL/ELE,1498.0,RATNAPURA,BRAND NEW,10,,SEALION 6 SUPERIOR
CAR,PERODUA,AXIA CG1GZ,MALAYSIA,PETROL,998.0,GAMPAHA,BRAND NEW,6,,AXIA CG1GZ
CAR,CHANGAN,S 07,CHINA,ELECTRIC,99.0,ANURADHAPURA,BRAND NEW,1,,S 07
CAR,BYD,ATTO-3-SUPERIOR,CHINA,ELECTRIC,100.0,KALUTARA,BRAND NEW,4,ATTO-3-SUPERIOR,Unknown
CAR,NISSAN,MAGNITE TEKNA PLUS,INDIA,PETROL,999.0,MONERAGALA,BRAND NEW,2,,MAGNITE TEKNA PLUS
CAR,BYD,DOLPHIN-DYNAMIC 70,CHINA,ELECTRIC,70.0,KURUNEGALA,BRAND NEW,4,,DOLPHIN-DYNAMIC 70
CAR,NISSAN,MAGNITE TEKNA PLUS,INDIA,PETROL,999.0,POLONNARUWA,BRAND NEW,2,,MAGNITE TEKNA PLUS
CAR,BYD,SEALION 6 SUPERIOR,CHINA,PETROL/ELE,1498.0,AMPARA,BRAND NEW,3,,SEALION 6 SUPERIOR
CAR,DAIHATSU,5BA-LA900S TAFT,JAPAN,PETROL,658.0,COLOMBO,BRAND NEW,1,5BA-LA900S,TAFT
CAR,TATA,CURVV,INDIA,PETROL,1199.0,KALUTARA,BRAND NEW,2,,CURVV
CAR,PERODUA,AXIA CG1GZ,MALAYSIA,PETROL,998.0,KANDY,BRAND NEW,1,,AXIA CG1GZ
CAR,DAIHATSU,5BA-LA350S MIRA ES,JAPAN,PETROL,658.0,KURUNEGALA,BRAND NEW,1,5BA-LA350S,MIRA ES
CAR,TOYOTA,A250RA-GBVV RAIZE,INDONESIA,PETROL,998.0,KURUNEGALA,BRAND NEW,12,,A250RA-GBVV RAIZE
CAR,TOYOTA,NYC200R-DHXHBF,INDONESIA,PETROL/ELE,1496.0,COLOMBO,BRAND NEW,2,,NYC200R-DHXHBF
CAR,AUDI,E-TRON 50 QUATTRO,BELGIUM,ELECTRIC,230.0,GAMPAHA,BRAND NEW,1,,E-TRON 50 QUATTRO
CAR,DONGFENG,BOX E3,CHINA,ELECTRIC,49.5,COLOMBO,BRAND NEW,1,,BOX E3
CAR,NISSAN,MAGNITE TEKNA PLUS,INDIA,PETROL,999.0,MATARA,BRAND NEW,3,,MAGNITE TEKNA PLUS
CAR,NISSAN,MAGNITE N-CONNECTA,INDIA,PETROL,999.0,GAMPAHA,BRAND NEW,5,,MAGNITE N-CONNECTA
CAR,NISSAN,MAGNITE ACENTA BR10,INDIA,PETROL,999.0,PUTTALAM,BRAND NEW,1,,MAGNITE ACENTA BR10
CAR,BYD,SEALION 6 PREMIUM,CHINA,PETROL/ELE,1498.0,MATALE,BRAND NEW,1,,SEALION 6 PREMIUM
CAR,PERODUA,AXIA CG1GZ,MALAYSIA,PETROL,998.0,KURUNEGALA,BRAND NEW,1,,AXIA CG1GZ
CAR,TOYOTA,GDJ250R-GNZLY,JAPAN,DIESEL,2755.0,COLOMBO,BRAND NEW,1,,GDJ250R-GNZLY
CAR,TATA,NEXON FEARLESS,INDIA,PETROL,1199.0,JAFFNA,BRAND NEW,1,,NEXON FEARLESS
CAR,BYD,DOLPHIN-DYNAMIC49,CHINA,ELECTRIC,49.0,PUTTALAM,BRAND NEW,1,,DOLPHIN-DYNAMIC49
CAR,DFSK,GLORY,SRI LANKA,DIESEL,1248.0,KALUTARA,BRAND NEW-L/ASSEMBLE,1,,GLORY
CAR,MAHINDRA,KUV100 NXT AMT,SRI LANKA,DIESEL,1198.0,COLOMBO,BRAND NEW-L/ASSEMBLE,3,,KUV100 NXT AMT
COMMERCIAL,TOYOTA,HIACE COMMUTER,THAILAND,DIESEL,2755.0,COLOMBO,RECONDITIONED,1,,HIACE COMMUTER
COMMERCIAL,TOYOTA,3DF-GDH223B HIACE,JAPAN,DIESEL,2754.0,MULLATIVU,RECONDITIONED,1,3DF-GDH223B,HIACE
COMMERCIAL,TOYOTA,3DF-GDH223B HIACE,JAPAN,DIESEL,2754.0,GAMPAHA,RECONDITIONED,3,3DF-GDH223B,HIACE
COMMERCIAL,TOYOTA,3DF-GDH223B HIACE,JAPAN,DIESEL,2754.0,COLOMBO,RECONDITIONED,7,3DF-GDH223B,HIACE
COMMERCIAL,MITSUBISHI,TPG-BE640G,JAPAN,DIESEL,2990.0,COLOMBO,RECONDITIONED,1,TPG-BE640G,Unknown
COMMERCIAL,TOYOTA,3DF-GDH223B HIACE,JAPAN,DIESEL,2754.0,BADULLA,RECONDITIONED,2,3DF-GDH223B,HIACE
COMMERCIAL,TOYOTA,3DF-GDH223B HIACE,JAPAN,DIESEL,2754.0,JAFFNA,RECONDITIONED,5,3DF-GDH223B,HIACE
COMMERCIAL,TOYOTA,3DF-GDH223B HIACE,JAPAN,DIESEL,2754.0,VAVUNIYA,RECONDITIONED,2,3DF-GDH223B,HIACE
COMMERCIAL,TOYOTA,3DF-GDH223B HIACE,JAPAN,DIESEL,2750.0,MANNAR,RECONDITIONED,1,3DF-GDH223B,HIACE
COMMERCIAL,TOYOTA,HIACE COMMUTER  GL,JAPAN,DIESEL,2754.0,MATALE,RECONDITIONED,1,,HIACE COMMUTER  GL
COMMERCIAL,TOYOTA,3DF-GDH223B COMMUTER,JAPAN,DIESEL,2754.0,GAMPAHA,RECONDITIONED,1,3DF-GDH223B,COMMUTER
COMMERCIAL,TOYOTA,3DF-GDH223B LETNY,JAPAN,DIESEL,2754.0,COLOMBO,RECONDITIONED,1,3DF-GDH223B,LETNY
COMMERCIAL,YUTONG,ZK6907H,CHINA,DIESEL,7520.0,GALLE,BRAND NEW,2,,ZK6907H
COMMERCIAL,TOYOTA,KDH223R-LEMDYT HIACE,JAPAN,DIESEL,2982.0,COLOMBO,BRAND NEW,29,,KDH223R-LEMDYT HIACE
COMMERCIAL,TOYOTA,KDH223R-LEMDYT HIACE,JAPAN,DIESEL,2982.0,KALUTARA,BRAND NEW,4,,KDH223R-LEMDYT HIACE
COMMERCIAL,TOYOTA,KDH223R-LEMDYT HIACE,JAPAN,DIESEL,2982.0,MULLATIVU,BRAND NEW,1,,KDH223R-LEMDYT HIACE
COMMERCIAL,MITSUBISHI,FUSO,JAPAN,DIESEL,2998.0,GALLE,BRAND NEW,1,,FUSO
COMMERCIAL,GOLDEN DRAGON,XML6122J34,CHINA,DIESEL,8400.0,HAMBANTOTA,BRAND NEW,1,,XML6122J34
COMMERCIAL,TOYOTA,KDH223R-LEMDYT HIACE,JAPAN,DIESEL,2982.0,PUTTALAM,BRAND NEW,2,,KDH223R-LEMDYT HIACE
COMMERCIAL,TATA,LP 712,INDIA,DIESEL,3783.0,KURUNEGALA,BRAND NEW,1,,LP 712
COMMERCIAL,YUTONG,ZK6117H,CHINA,DIESEL,8424.0,GALLE,BRAND NEW,1,,ZK6117H
COMMERCIAL,TOYOTA,GDH322R EDTDY  HIACE,JAPAN,DIESEL,2755.0,COLOMBO,BRAND NEW,6,,GDH322R EDTDY  HIACE
COMMERCIAL,YUTONG,ZK6128H,CHINA,DIESEL,9500.0,GALLE,BRAND NEW,1,,ZK6128H
COMMERCIAL,YUTONG,ZK6128H,CHINA,DIESEL,9500.0,ANURADHAPURA,BRAND NEW,2,,ZK6128H
COMMERCIAL,TOYOTA,XZB70R ZGMNY COASTER,JAPAN,DIESEL,4009.0,GALLE,BRAND NEW,1,,XZB70R ZGMNY COASTER
COMMERCIAL,MITSUBISHI,FUSO,JAPAN,DIESEL,2998.0,HAMBANTOTA,BRAND NEW,1,,FUSO
COMMERCIAL,TOYOTA,3DF-GDH223B HIACE,JAPAN,DIESEL,2754.0,KURUNEGALA,RECONDITIONED,2,3DF-GDH223B,HIACE
COMMERCIAL,TOYOTA,3DF-GDH223B HIACE,JAPAN,DIESEL,2755.0,JAFFNA,RECONDITIONED,1,3DF-GDH223B,HIACE
COMMERCIAL,TOYOTA,KDH223R-LEMDYT HIACE,JAPAN,DIESEL,2982.0,KANDY,BRAND NEW,2,,KDH223R-LEMDYT HIACE
COMMERCIAL,TATA,LP407,INDIA,DIESEL,2956.0,GAMPAHA,BRAND NEW,1,,LP407
COMMERCIAL,TATA,LP 712,INDIA,DIESEL,3783.0,COLOMBO,BRAND NEW,2,,LP 712
COMMERCIAL,LANKA ASHOK LEYLAND,VIKING,INDIA,DIESEL,6014.0,COLOMBO,BRAND NEW,1,,VIKING
COMMERCIAL,TATA,LP 712,INDIA,DIESEL,3783.0,GAMPAHA,BRAND NEW,1,,LP 712
COMMERCIAL,TATA,LP407,INDIA,DIESEL,2956.0,KANDY,BRAND NEW,1,,LP407
COMMERCIAL,GOLDEN DRAGON,YML6907J34,CHINA,DIESEL,6494.0,PUTTALAM,BRAND NEW,1,,YML6907J34
COMMERCIAL,TOYOTA,3DF-GDH223 HIACE,JAPAN,DIESEL,2754.0,GAMPAHA,RECONDITIONED,1,3DF-GDH223,HIACE
COMMERCIAL,TOYOTA,3DF GDH223B HIACE,JAPAN,DIESEL,2754.0,COLOMBO,RECONDITIONED,1,,3DF GDH223B HIACE
COMMERCIAL,TOYOTA,3DF-GDH223B,JAPAN,DIESEL,2754.0,COLOMBO,RECONDITIONED,2,3DF-GDH223B,- LETNY
COMMERCIAL,TOYOTA LEXUS,3DF-GDH223B  HIACE,JAPAN,DIESEL,2754.0,GAMPAHA,RECONDITIONED,1,3DF-GDH223B,HIACE
COMMERCIAL,TOYOTA,COMMUTER,THAILAND,DIESEL,2755.0,ANURADHAPURA,RECONDITIONED,1,,COMMUTER
COMMERCIAL,GOLDEN DRAGON,XML6122J34,CHINA,DIESEL,8400.0,RATNAPURA,BRAND NEW,1,,XML6122J34
COMMERCIAL,TOYOTA,COASTER XZB70R-ZGMNY,JAPAN,DIESEL,4009.0,COLOMBO,BRAND NEW,1,,COASTER XZB70R-ZGMNY
COMMERCIAL,LANKA ASHOK LEYLAND,LUXURA 12M,INDIA,DIESEL,6014.0,invalid mannar,BRAND NEW,1,,LUXURA 12M
COMMERCIAL,TOYOTA,KDH223R-LEMDYT HIACE,JAPAN,DIESEL,2982.0,GAMPAHA,BRAND NEW,13,,KDH223R-LEMDYT HIACE
COMMERCIAL,TOYOTA,XZB70R ZGMNY COASTER,JAPAN,DIESEL,4009.0,COLOMBO,BRAND NEW,5,,XZB70R ZGMNY COASTER
COMMERCIAL,YOTONG,ZK6117H,CHINA,DIESEL,8424.0,GALLE,BRAND NEW,1,,ZK6117H
COMMERCIAL,YUTONG,ZK6128H,CHINA,DIESEL,9500.0,GAMPAHA,BRAND NEW,3,,ZK6128H
COMMERCIAL,GOLDEN DRAGON,XML6907J34,CHINA,DIESEL,6494.0,GAMPAHA,BRAND NEW,1,,XML6907J34
COMMERCIAL,MITSUBISHI,BE741JRMSDSB,JAPAN,DIESEL,2998.0,GALLE,BRAND NEW,1,,BE741JRMSDSB
COMMERCIAL,TOYOTA,3DF-GDH223B,JAPAN,DIESEL,2754.0,MONERAGALA,RECONDITIONED,1,3DF-GDH223B,- LETNY
COMMERCIAL,NISSAN,PDG-EHW41 CIVILIAN,JAPAN,DIESEL,2950.0,KANDY,RECONDITIONED,1,PDG-EHW41,CIVILIAN
COMMERCIAL,TOYOTA,COMMUTER,THAILAND,DIESEL,2755.0,KALUTARA,RECONDITIONED,1,,COMMUTER
COMMERCIAL,TOYOTA,CMMUTER,THAILAND,DIESEL,2755.0,VAVUNIYA,RECONDITIONED,1,,CMMUTER
COMMERCIAL,MITSUBISHI,FUSO,JAPAN,DIESEL,2998.0,AMPARA,BRAND NEW,1,,FUSO
COMMERCIAL,MITSUBISHI,FUSO,JAPAN,DIESEL,2998.0,GAMPAHA,BRAND NEW,4,,FUSO
COMMERCIAL,GOLDEN DRAGON,XML6122J34,CHINA,DIESEL,8400.0,COLOMBO,BRAND NEW,2,,XML6122J34
COMMERCIAL,TOYOTA,HIACE GDH322R,JAPAN,DIESEL,2755.0,COLOMBO,BRAND NEW,1,,HIACE GDH322R
COMMERCIAL,TATA,ULTRA PRIME LPO 11.6,INDIA,DIESEL,3300.0,COLOMBO,BRAND NEW,1,,ULTRA PRIME LPO 11.6
COMMERCIAL,MITSUBISHI,BE741JRMSDSB,JAPAN,DIESEL,2998.0,GAMPAHA,BRAND NEW,1,,BE741JRMSDSB
COMMERCIAL,TOYOTA,3DF-GDH223B   HIACE,JAPAN,DIESEL,2754.0,GAMPAHA,RECONDITIONED,1,3DF-GDH223B,HIACE
COMMERCIAL,MITSUBISHI,BE741JRMSD5B,JAPAN,DIESEL,2998.0,ANURADHAPURA,BRAND NEW,1,,BE741JRMSD5B
COMMERCIAL,TOYOTA,KDH223R-LEMDYT HIACE,JAPAN,DIESEL,2982.0,GALLE,BRAND NEW,3,,KDH223R-LEMDYT HIACE
COMMERCIAL,MITSUBISHI,FUSO,JAPAN,DIESEL,2998.0,KEGALLE,BRAND NEW,2,,FUSO
COMMERCIAL,TOYOTA,KDH223R-LEMDYT HIACE,JAPAN,DIESEL,2982.0,KURUNEGALA,BRAND NEW,9,,KDH223R-LEMDYT HIACE
COMMERCIAL,TOYOTA,KDH223R-LEMDYT HIACE,JAPAN,DIESEL,2982.0,MATARA,BRAND NEW,2,,KDH223R-LEMDYT HIACE
COMMERCIAL,YUTONG,ZK6128H,CHINA,DIESEL,9500.0,KEGALLE,BRAND NEW,1,,ZK6128H
COMMERCIAL,TOYOTA,3DF-GDH223B,JAPAN,DIESEL,2754.0,KANDY,RECONDITIONED,1,3DF-GDH223B,- LETNY
COMMERCIAL,MITSUBISHI,FUSO,JAPAN,DIESEL,2998.0,KALUTARA,BRAND NEW,1,,FUSO
COMMERCIAL,TOYOTA,KDH223R-LEMDYT HIACE,JAPAN,DIESEL,2982.0,MANNAR,BRAND NEW,1,,KDH223R-LEMDYT HIACE
COMMERCIAL,TATA,LP 712,INDIA,DIESEL,3783.0,PUTTALAM,BRAND NEW,1,,LP 712
COMMERCIAL,MITSUBISHI,BE741JRMSDSB,JAPAN,DIESEL,2998.0,COLOMBO,BRAND NEW,2,,BE741JRMSDSB
COMMERCIAL,TOYOTA,KDH223R-LEMDYT HIACE,JAPAN,DIESEL,2982.0,KEGALLE,BRAND NEW,2,,KDH223R-LEMDYT HIACE
COMMERCIAL,TOYOTA,KDH223R-LEMDYT HIACE,JAPAN,DIESEL,2982.0,ANURADHAPURA,BRAND NEW,1,,KDH223R-LEMDYT HIACE
COMMERCIAL,LANKA ASHOK LEYLAND,LYNX,INDIA,DIESEL,3839.0,BADULLA,BRAND NEW,1,,LYNX
COMMERCIAL,TOYOTA,3DF-GDH223B HIACE,JAPAN,DIESEL,2754.0,KALUTARA,RECONDITIONED,3,3DF-GDH223B,HIACE
COMMERCIAL,TOYOTA,3DF-GDH223B- LETNY,JAPAN,DIESEL,2754.0,JAFFNA,RECONDITIONED,1,3DF-GDH223B,- LETNY
COMMERCIAL,GOLDEN DRAGON,XML6122J34,CHINA,DIESEL,8400.0,BATTICALOA,BRAND NEW,1,,XML6122J34
COMMERCIAL,TOYOTA,GDH322R-EDTDY HIACE,JAPAN,DIESEL,2755.0,COLOMBO,BRAND NEW,1,,GDH322R-EDTDY HIACE
COMMERCIAL,MITSUBISHI,FUSO,JAPAN,DIESEL,2998.0,COLOMBO,BRAND NEW,3,,FUSO
COMMERCIAL,TATA,LP407,INDIA,DIESEL,2956.0,RATNAPURA,BRAND NEW,1,,LP407
COMMERCIAL,MITSUBISHI,BE741JRMSDSB,JAPAN,DIESEL,2998.0,HAMBANTOTA,BRAND NEW,1,,BE741JRMSDSB
COMMERCIAL,MITSUBISHI,FUSO,JAPAN,DIESEL,2998.0,NUWARA-ELIYA,BRAND NEW,1,,FUSO
COMMERCIAL,TOYOTA,3DF-GDH223B HIACE,JAPAN,DIESEL,2754.0,MATARA,RECONDITIONED,1,3DF-GDH223B,HIACE
COMMERCIAL,TOYOTA,3DF-GDH223B  HIACE,JAPAN,DIESEL,2754.0,KURUNEGALA,RECONDITIONED,1,3DF-GDH223B,HIACE
COMMERCIAL,TOYOTA,XZB70R ZGMNY COASTER,JAPAN,DIESEL,4009.0,GAMPAHA,BRAND NEW,2,,XZB70R ZGMNY COASTER
COMMERCIAL,TOYOTA,XZB70R ZGMNY COASTER,JAPAN,DIESEL,4009.0,KALUTARA,BRAND NEW,2,,XZB70R ZGMNY COASTER
COMMERCIAL,LANKA ASHOK LEYLAND,LUXURA 12M,INDIA,DIESEL,6014.0,GAMPAHA,BRAND NEW,1,,LUXURA 12M
COMMERCIAL,MITSUBISHI,BE741JRMSDSB,JAPAN,DIESEL,2998.0,VAVUNIYA,BRAND NEW,1,,BE741JRMSDSB
COMMERCIAL,MITSUBISHI,BE741JRMSDSB,JAPAN,DIESEL,2998.0,KANDY,BRAND NEW,2,,BE741JRMSDSB
COMMERCIAL,YOTONG,ZK6117H,CHINA,DIESEL,8424.0,KALUTARA,BRAND NEW,1,,ZK6117H
COMMERCIAL,TOYOTA,KDH223R-LEMDYT HIACE,JAPAN,DIESEL,2982.0,RATNAPURA,BRAND NEW,1,,KDH223R-LEMDYT HIACE
COMMERCIAL,YUTONG,2K6128H,CHINA,DIESEL,9500.0,JAFFNA,BRAND NEW,1,,2K6128H
COMMERCIAL,FOTON,VIEW CS 2,SRI LANKA,DIESEL,1968.0,KURUNEGALA,BRAND NEW-L/ASSEMBLE,1,,VIEW CS 2
COMMERCIAL,TOYOTA,COMMUTER,THAILAND,DIESEL,2755.0,COLOMBO,RECONDITIONED,7,,COMMUTER
COMMERCIAL,TOYOTA,3DF-GDH223B HIACE,JAPAN,DIESEL,2754.0,ANURADHAPURA,RECONDITIONED,1,3DF-GDH223B,HIACE
COMMERCIAL,TOYOTA,3DF-GDH223B HIACE,JAPAN,DIESEL,2754.0,HAMBANTOTA,RECONDITIONED,1,3DF-GDH223B,HIACE
COMMERCIAL,YUTONG,ZK6117H,CHINA,DIESEL,8424.0,MONERAGALA,BRAND NEW,1,,ZK6117H
COMMERCIAL,YUTONG,ZK6117H,CHINA,DIESEL,8424.0,AMPARA,BRAND NEW,1,,ZK6117H
COMMERCIAL,YUTONG,ZK6128H,CHINA,DIESEL,9500.0,JAFFNA,BRAND NEW,1,,ZK6128H
COMMERCIAL,YUTONG,ZK6128H,CHINA,DIESEL,9500.0,COLOMBO,BRAND NEW,10,,ZK6128H
COMMERCIAL,GOLDEN DRAGON,XML6907J34,CHINA,DIESEL,6494.0,GALLE,BRAND NEW,1,,XML6907J34
COMMERCIAL,MITSUBISHI,BE741JRMSDSB,JAPAN,DIESEL,2998.0,MATALE,BRAND NEW,3,,BE741JRMSDSB
DUAL PURPOSE (COMMERCIAL),TOYOTA,HILUX REVO ROCCO,THAILAND,DIESEL,2755.0,JAFFNA,RECONDITIONED,2,,HILUX REVO ROCCO
DUAL PURPOSE (COMMERCIAL),TOYOTA,HILUX REVO ROCCO,THAILAND,DIESEL,2755.0,RATNAPURA,RECONDITIONED,2,,HILUX REVO ROCCO
DUAL PURPOSE (COMMERCIAL),TOYOTA,GUN126R- HILUX REVO,THAILAND,DIESEL,2755.0,KALUTARA,RECONDITIONED,1,,GUN126R- HILUX REVO
DUAL PURPOSE (COMMERCIAL),TOYOTA,3DF-GUN125 HILUX,JAPAN,DIESEL,2393.0,MATARA,RECONDITIONED,1,3DF-GUN125,HILUX
DUAL PURPOSE (COMMERCIAL),TOYOTA,CBF-TRH200K HIACE,JAPAN,PETROL,1998.0,COLOMBO,RECONDITIONED,1,CBF-TRH200K,HIACE
DUAL PURPOSE (COMMERCIAL),TOYOTA,HILUX REVO GR SPORT,THAILAND,DIESEL,2755.0,KURUNEGALA,RECONDITIONED,11,,HILUX REVO GR SPORT
DUAL PURPOSE (COMMERCIAL),TOYOTA,3DF-GUN125 HILUX,JAPAN,DIESEL,2393.0,KURUNEGALA,RECONDITIONED,1,3DF-GUN125,HILUX
DUAL PURPOSE (COMMERCIAL),TOYOTA,3DF-GUN125 HILUX,THAILAND,DIESEL,2393.0,COLOMBO,RECONDITIONED,6,3DF-GUN125,HILUX
DUAL PURPOSE (COMMERCIAL),TOYOTA,HILUX REVO GR SPORT,THAILAND,DIESEL,2755.0,COLOMBO,RECONDITIONED,22,,HILUX REVO GR SPORT
DUAL PURPOSE (COMMERCIAL),TOYOTA,HILUX REVO GR SPORT,THAILAND,DIESEL,2755.0,MATARA,RECONDITIONED,2,,HILUX REVO GR SPORT
DUAL PURPOSE (COMMERCIAL),TOYOTA,HILUX REVO GR SPORT,THAILAND,DIESEL,2755.0,PUTTALAM,RECONDITIONED,7,,HILUX REVO GR SPORT
DUAL PURPOSE (COMMERCIAL),TOYOTA,3DF-GUN125 HILUX,THAILAND,DIESEL,2393.0,KALUTARA,RECONDITIONED,1,3DF-GUN125,HILUX
DUAL PURPOSE (COMMERCIAL),FORD,RANGER RAPTOR,THAILAND,PETROL,2956.0,COLOMBO,RECONDITIONED,7,,RANGER RAPTOR
DUAL PURPOSE (COMMERCIAL),FORD,RANGER RAPTOR,THAILAND,DIESEL,1996.0,COLOMBO,RECONDITIONED,8,,RANGER RAPTOR
DUAL PURPOSE (COMMERCIAL),TOYOTA,3DF-GUN125 HILUX,JAPAN,DIESEL,2393.0,GALLE,RECONDITIONED,1,3DF-GUN125,HILUX
DUAL PURPOSE (COMMERCIAL),FORD,RANGER MS-RT,THAILAND,DIESEL,2993.0,COLOMBO,RECONDITIONED,1,,RANGER MS-RT
DUAL PURPOSE (COMMERCIAL),TOYOTA,HILUX REXO ROCCO,THAILAND,DIESEL,2755.0,PUTTALAM,RECONDITIONED,1,,HILUX REXO ROCCO
DUAL PURPOSE (COMMERCIAL),TOYOTA,HILUX REVO GR SPORT,THAILAND,DIESEL,2755.0,ANURADHAPURA,RECONDITIONED,1,,HILUX REVO GR SPORT
DUAL PURPOSE (COMMERCIAL),TOYOTA,GUN126R-HILUX REVO,THAILAND,DIESEL,2755.0,RATNAPURA,RECONDITIONED,1,,GUN126R-HILUX REVO
DUAL PURPOSE (COMMERCIAL),TOYOTA,3DF-GUN125 HILUX,THAILAND,DIESEL,2393.0,MATALE,RECONDITIONED,1,3DF-GUN125,HILUX
DUAL PURPOSE (COMMERCIAL),TOYOTA,HILUX REVO GR SPORT,THAILAND,DIESEL,2755.0,RATNAPURA,RECONDITIONED,10,,HILUX REVO GR SPORT
DUAL PURPOSE (COMMERCIAL),TOYOTA,HILUX REVO GR SPORT,THAILAND,DIESEL,2755.0,GAMPAHA,RECONDITIONED,11,,HILUX REVO GR SPORT
DUAL PURPOSE (COMMERCIAL),FORD,RANGER RAPTOR,THAILAND,DIESEL,1996.0,MONERAGALA,RECONDITIONED,2,,RANGER RAPTOR
DUAL PURPOSE (COMMERCIAL),FORD,RANGER RAPTOR,THAILAND,DIESEL,1996.0,GAMPAHA,RECONDITIONED,9,,RANGER RAPTOR
DUAL PURPOSE (COMMERCIAL),TOYOTA,HILUX  REVO GR SPORT,THAILAND,DIESEL,2755.0,COLOMBO,RECONDITIONED,1,,HILUX  REVO GR SPORT
DUAL PURPOSE (COMMERCIAL),TOYOTA,HILUX REVO ROCCO,THAILAND,DIESEL,2755.0,COLOMBO,RECONDITIONED,5,,HILUX REVO ROCCO
DUAL PURPOSE (COMMERCIAL),TOYOTA,HILUX REVO ROCCO,THAILAND,DIESEL,2755.0,GAMPAHA,RECONDITIONED,6,,HILUX REVO ROCCO
DUAL PURPOSE (COMMERCIAL),FORD,RANGER RAPTOR,THAILAND,PETROL,2956.0,GAMPAHA,RECONDITIONED,3,,RANGER RAPTOR
DUAL PURPOSE (COMMERCIAL),TOYOTA,HILUX D/CAB 2.8GR.S,MALAYSIA,DIESEL,2755.0,MATARA,RECONDITIONED,1,,HILUX D/CAB 2.8GR.S
DUAL PURPOSE (COMMERCIAL),FORD,RANGER RAPTOR,THAILAND,PETROL,2956.0,PUTTALAM,RECONDITIONED,2,,RANGER RAPTOR
DUAL PURPOSE (COMMERCIAL),MITSUBISHI,TRITON ATHLETE,THAILAND,DIESEL,2442.0,COLOMBO,RECONDITIONED,4,,TRITON ATHLETE
DUAL PURPOSE (COMMERCIAL),TOYOTA,HILUX  GR SPORT,THAILAND,DIESEL,2755.0,MATALE,RECONDITIONED,1,,HILUX  GR SPORT
DUAL PURPOSE (COMMERCIAL),TOYOTA,HILUX REVO GR SPORT,THAILAND,DIESEL,2755.0,NUWARA-ELIYA,RECONDITIONED,1,,HILUX REVO GR SPORT
DUAL PURPOSE (COMMERCIAL),FORD,RANGER MS-RT,THAILAND,DIESEL,2993.0,MATARA,RECONDITIONED,1,,RANGER MS-RT
DUAL PURPOSE (COMMERCIAL),TOYOTA,3DF-GUN125 HILUX,JAPAN,DIESEL,2393.0,GAMPAHA,RECONDITIONED,1,3DF-GUN125,HILUX
DUAL PURPOSE (COMMERCIAL),TOYOTA,HILUX REVO GR SPORT,THAILAND,DIESEL,2755.0,GALLE,RECONDITIONED,2,,HILUX REVO GR SPORT
DUAL PURPOSE (COMMERCIAL),FORD,RAPTOR,THAILAND,DIESEL,1996.0,COLOMBO,RECONDITIONED,1,,RAPTOR
DUAL PURPOSE (COMMERCIAL),TOYOTA,TUNDRA,AUSTRALIA,PETROL,3445.0,COLOMBO,RECONDITIONED,1,,TUNDRA
DUAL PURPOSE (COMMERCIAL),TMT,3DF-GUN125 HILUX,JAPAN,DIESEL,2393.0,KANDY,RECONDITIONED,1,3DF-GUN125,HILUX
DUAL PURPOSE (COMMERCIAL),TMT,3DF-GUN125 HILUX,JAPAN,DIESEL,2393.0,GALLE,RECONDITIONED,1,3DF-GUN125,HILUX
DUAL PURPOSE (COMMERCIAL),FORD,RANGER MS-RT,THAILAND,DIESEL,2993.0,KALUTARA,RECONDITIONED,1,,RANGER MS-RT
DUAL PURPOSE (COMMERCIAL),TOYOTA,GUN126R-DTTHX  HILUX,THAILAND,DIESEL,2755.0,KANDY,BRAND NEW,2,,GUN126R-DTTHX  HILUX
DUAL PURPOSE (COMMERCIAL),BYD,SHARK 6,CHINA,PETROL/ELE,1498.0,COLOMBO,BRAND NEW,9,,SHARK 6
DUAL PURPOSE (COMMERCIAL),ISUZU,TFS4SJDRPADE-JRA006,THAILAND,DIESEL,2999.0,COLOMBO,BRAND NEW,3,,TFS4SJDRPADE-JRA006
DUAL PURPOSE (COMMERCIAL),BYD,SHARK 6,CHINA,PETROL/ELE,1498.0,GAMPAHA,BRAND NEW,3,,SHARK 6
DUAL PURPOSE (COMMERCIAL),TOYOTA,GUN126R-DTT5X  HILUX,THAILAND,DIESEL,2755.0,COLOMBO,BRAND NEW,1,,GUN126R-DTT5X  HILUX
DUAL PURPOSE (COMMERCIAL),TOYOTA,GUN126R-DTTHX  HILUX,THAILAND,DIESEL,2755.0,KURUNEGALA,BRAND NEW,1,,GUN126R-DTTHX  HILUX
DUAL PURPOSE (COMMERCIAL),TOYOTA,3DF GUN 125 HILUX,THAILAND,DIESEL,2393.0,KURUNEGALA,RECONDITIONED,1,,3DF GUN 125 HILUX
DUAL PURPOSE (COMMERCIAL),TMT,3DF-GUN125 HILUX,THAILAND,DIESEL,2393.0,COLOMBO,RECONDITIONED,1,3DF-GUN125,HILUX
DUAL PURPOSE (COMMERCIAL),TOYOTA,HILUX REVO GR SPORT,THAILAND,DIESEL,2755.0,POLONNARUWA,RECONDITIONED,1,,HILUX REVO GR SPORT
DUAL PURPOSE (COMMERCIAL),TOYOTA,HILUX REVO,THAILAND,DIESEL,2755.0,GALLE,RECONDITIONED,1,,HILUX REVO
DUAL PURPOSE (COMMERCIAL),FORD,RANGER RAPTOR,THAILAND,DIESEL,1996.0,HAMBANTOTA,RECONDITIONED,1,,RANGER RAPTOR
DUAL PURPOSE (COMMERCIAL),MAXUS,T90,CHINA,DIESEL,1996.0,COLOMBO,BRAND NEW,1,,T90
DUAL PURPOSE (COMMERCIAL),JAC,HFC1037D3,CHINA,DIESEL,1999.0,KALUTARA,BRAND NEW,1,,HFC1037D3
DUAL PURPOSE (COMMERCIAL),TOYOTA,GUN126R-DTTHX  HILUX,THAILAND,DIESEL,2755.0,KALUTARA,BRAND NEW,7,,GUN126R-DTTHX  HILUX
DUAL PURPOSE (COMMERCIAL),TOYOTA,HILUX GUN125R-DTFSX,THAILAND,DIESEL,2393.0,GAMPAHA,BRAND NEW,1,,HILUX GUN125R-DTFSX
DUAL PURPOSE (COMMERCIAL),JAC,HFC1037D3,CHINA,DIESEL,1999.0,COLOMBO,BRAND NEW,7,,HFC1037D3
DUAL PURPOSE (COMMERCIAL),TOYOTA,GUN126R-DTTHX  HILUX,THAILAND,DIESEL,2755.0,MATALE,BRAND NEW,1,,GUN126R-DTTHX  HILUX
DUAL PURPOSE (COMMERCIAL),JAC,HFC1037D3,CHINA,DIESEL,1999.0,RATNAPURA,BRAND NEW,1,,HFC1037D3
DUAL PURPOSE (COMMERCIAL),ISUZU,TFS4SJDRPADE-JRA006,THAILAND,DIESEL,2999.0,KANDY,BRAND NEW,1,,TFS4SJDRPADE-JRA006
DUAL PURPOSE (COMMERCIAL),J M C,VIGUS PRO,SRI LANKA,DIESEL,1998.0,COLOMBO,BRAND NEW-L/ASSEMBLE,7,,VIGUS PRO
DUAL PURPOSE (COMMERCIAL),FORD,RANGER RAPTOR,THAILAND,DIESEL,1996.0,GALLE,RECONDITIONED,1,,RANGER RAPTOR
DUAL PURPOSE (COMMERCIAL),TOYOTA,HILUX REVO GR SPORT,THAILAND,DIESEL,2755.0,KANDY,RECONDITIONED,1,,HILUX REVO GR SPORT
DUAL PURPOSE (COMMERCIAL),TOYOTA,HILUX REVO GRS,THAILAND,DIESEL,2755.0,JAFFNA,RECONDITIONED,1,,HILUX REVO GRS
DUAL PURPOSE (COMMERCIAL),TOYOTA,3DF-GUN125 HILUX,THAILAND,DIESEL,2393.0,KURUNEGALA,RECONDITIONED,3,3DF-GUN125,HILUX
DUAL PURPOSE (COMMERCIAL),MITSUBISHI,3DF-LC2TTRITON,JAPAN,DIESEL,2430.0,KALUTARA,RECONDITIONED,1,3DF-LC2TTRITON,Unknown
DUAL PURPOSE (COMMERCIAL),TOYOTA,HILUX GR SPORT,THAILAND,PETROL,2755.0,KANDY,RECONDITIONED,1,,HILUX GR SPORT
DUAL PURPOSE (COMMERCIAL),TOYOTA,3DF-GUN125 HILUX,THAILAND,DIESEL,2393.0,HAMBANTOTA,RECONDITIONED,1,3DF-GUN125,HILUX
DUAL PURPOSE (COMMERCIAL),MITSUBISHI,TRITON,AUSTRALIA,DIESEL,2442.0,RATNAPURA,RECONDITIONED,1,,TRITON
DUAL PURPOSE (COMMERCIAL),MITSUBISHI,TRITON,AUSTRALIA,DIESEL,2442.0,COLOMBO,RECONDITIONED,1,,TRITON
DUAL PURPOSE (COMMERCIAL),TOYOTA,GUN126R-DTTHX  HILUX,THAILAND,DIESEL,2755.0,COLOMBO,BRAND NEW,32,,GUN126R-DTTHX  HILUX
DUAL PURPOSE (COMMERCIAL),TOYOTA,GUN126R-DTTHX  HILUX,THAILAND,DIESEL,2755.0,KEGALLE,BRAND NEW,1,,GUN126R-DTTHX  HILUX
DUAL PURPOSE (COMMERCIAL),TOYOTA,GUN126R-DTTHX  HILUX,THAILAND,DIESEL,2755.0,PUTTALAM,BRAND NEW,2,,GUN126R-DTTHX  HILUX
DUAL PURPOSE (COMMERCIAL),J M C,VIGUS PRO,SRI LANKA,DIESEL,1998.0,KURUNEGALA,BRAND NEW-L/ASSEMBLE,1,,VIGUS PRO
DUAL PURPOSE (COMMERCIAL),TOYOTA,3DF-GUN125 HILUX,JAPAN,DIESEL,2393.0,COLOMBO,RECONDITIONED,4,3DF-GUN125,HILUX
DUAL PURPOSE (COMMERCIAL),TOYOTA,HILUX REVO,THAILAND,DIESEL,2755.0,GAMPAHA,RECONDITIONED,2,,HILUX REVO
DUAL PURPOSE (COMMERCIAL),TOYOTA,3DF-GUN125 HILUX,JAPAN,DIESEL,2393.0,KANDY,RECONDITIONED,1,3DF-GUN125,HILUX
DUAL PURPOSE (COMMERCIAL),TOYOTA,3DF-GUN125 HILUX,THAILAND,DIESEL,2393.0,GALLE,RECONDITIONED,3,3DF-GUN125,HILUX
DUAL PURPOSE (COMMERCIAL),TOYOTA,HILUX REVO GR SPORT,THAILAND,DIESEL,2755.0,AMPARA,RECONDITIONED,1,,HILUX REVO GR SPORT
DUAL PURPOSE (COMMERCIAL),TOYOTA,HILUX REVO GR SPORT,THAILAND,DIESEL,2755.0,MONERAGALA,RECONDITIONED,2,,HILUX REVO GR SPORT
DUAL PURPOSE (COMMERCIAL),FORD,RANGER RAPTOR,THAILAND,PETROL,2956.0,MATALE,RECONDITIONED,1,,RANGER RAPTOR
DUAL PURPOSE (COMMERCIAL),BYD,SHARK 6,CHINA,PETROL/ELE,1498.0,KURUNEGALA,BRAND NEW,1,,SHARK 6
DUAL PURPOSE (COMMERCIAL),TOYOTA,GUN126R-DTTHX  HILUX,THAILAND,DIESEL,2755.0,RATNAPURA,BRAND NEW,1,,GUN126R-DTTHX  HILUX
DUAL PURPOSE (COMMERCIAL),TOYOTA,GUN126R-DTTHX  HILUX,THAILAND,DIESEL,2755.0,MATARA,BRAND NEW,1,,GUN126R-DTTHX  HILUX
DUAL PURPOSE (COMMERCIAL),FORD,RANGER RAPTER,THAILAND,PETROL,2956.0,GAMPAHA,RECONDITIONED,1,,RANGER RAPTER
DUAL PURPOSE (COMMERCIAL),FORD,RANGER RAPTOR,THAILAND,PETROL,2956.0,GALLE,RECONDITIONED,2,,RANGER RAPTOR
DUAL PURPOSE (COMMERCIAL),TOYOTA,REVO D-CAB ROCCO,THAILAND,DIESEL,2755.0,COLOMBO,RECONDITIONED,1,,REVO D-CAB ROCCO
DUAL PURPOSE (COMMERCIAL),TOYOTA,HILUX 3DF-GUN125,THAILAND,DIESEL,2393.0,GAMPAHA,RECONDITIONED,1,,HILUX 3DF-GUN125
DUAL PURPOSE (COMMERCIAL),TOYOTA,3DF-GUN125 HILUX,JAPAN,DIESEL,2390.0,ANURADHAPURA,RECONDITIONED,1,3DF-GUN125,HILUX
DUAL PURPOSE (COMMERCIAL),TOYOTA,3DF-GUN125 HILUX,JAPAN,DIESEL,2396.0,ANURADHAPURA,RECONDITIONED,1,3DF-GUN125,HILUX
DUAL PURPOSE (COMMERCIAL),TOYOTA,3DF-GUN125 HILUX,THAILAND,DIESEL,2393.0,BATTICALOA,RECONDITIONED,1,3DF-GUN125,HILUX
DUAL PURPOSE (COMMERCIAL),TOYOTA,3DF-GUN 125   HILUX,THAILAND,DIESEL,2393.0,PUTTALAM,RECONDITIONED,1,3DF-GUN,125   HILUX
DUAL PURPOSE (COMMERCIAL),FORD,RANGER MS -RT,THAILAND,DIESEL,2993.0,PUTTALAM,RECONDITIONED,1,,RANGER MS -RT
DUAL PURPOSE (COMMERCIAL),TOYOTA,HILUX GUN125R DTFLX,THAILAND,DIESEL,2393.0,COLOMBO,BRAND NEW,1,,HILUX GUN125R DTFLX
DUAL PURPOSE (COMMERCIAL),FORD,RANGER RAPTOR,THAILAND,DIESEL,1996.0,MATARA,RECONDITIONED,1,,RANGER RAPTOR
DUAL PURPOSE (COMMERCIAL),TOYOTA,HILUX GR SPORT,THAILAND,DIESEL,2755.0,COLOMBO,RECONDITIONED,3,,HILUX GR SPORT
DUAL PURPOSE (COMMERCIAL),MITSUBISHI,TRITON ATHELETE,THAILAND,DIESEL,2442.0,COLOMBO,RECONDITIONED,1,,TRITON ATHELETE
DUAL PURPOSE (COMMERCIAL),MITSUBISHI,TRITON ATHELETE,THAILAND,DIESEL,2442.0,KEGALLE,RECONDITIONED,1,,TRITON ATHELETE
DUAL PURPOSE (COMMERCIAL),TOYOTA,3DF-GUN125 HILUX,JAPAN,DIESEL,2393.0,RATNAPURA,RECONDITIONED,1,3DF-GUN125,HILUX
DUAL PURPOSE (COMMERCIAL),FORD,RANGER RAPTOR,THAILAND,PETROL,2956.0,HAMBANTOTA,RECONDITIONED,1,,RANGER RAPTOR
DUAL PURPOSE (COMMERCIAL),TOYOTA,3DF-GUN125 HILUX,THAILAND,DIESEL,2393.0,POLONNARUWA,RECONDITIONED,1,3DF-GUN125,HILUX
DUAL PURPOSE (COMMERCIAL),TOYOTA,3DF-GUN125  HILUX,THAILAND,DIESEL,2393.0,GAMPAHA,RECONDITIONED,1,3DF-GUN125,HILUX
DUAL PURPOSE (COMMERCIAL),FORD,RAPTOR,THAILAND,DIESEL,1996.0,GALLE,RECONDITIONED,1,,RAPTOR
DUAL PURPOSE (COMMERCIAL),TOYOTA,HILUX REVO,THAILAND,DIESEL,2755.0,COLOMBO,RECONDITIONED,2,,HILUX REVO
DUAL PURPOSE (COMMERCIAL),FORD,RANGER REPTOR,THAILAND,PETROL,2956.0,COLOMBO,RECONDITIONED,1,,RANGER REPTOR
DUAL PURPOSE (COMMERCIAL),FORD,RANGER MS,THAILAND,DIESEL,2993.0,COLOMBO,RECONDITIONED,1,,RANGER MS
DUAL PURPOSE (COMMERCIAL),MITSUBISHI,3DF-LC2T TRITON,JAPAN,DIESEL,2439.0,RATNAPURA,RECONDITIONED,1,3DF-LC2T,TRITON
DUAL PURPOSE (COMMERCIAL),BYD,SHARK 6,CHINA,PETROL/ELE,1498.0,RATNAPURA,BRAND NEW,2,,SHARK 6
DUAL PURPOSE (COMMERCIAL),TOYOTA,GUN126R-DTTHX  HILUX,THAILAND,DIESEL,2755.0,AMPARA,BRAND NEW,1,,GUN126R-DTTHX  HILUX
DUAL PURPOSE (COMMERCIAL),FORD,RANGER RAPTOR,THAILAND,DIESEL,1996.0,COLOMBO,BRAND NEW,1,,RANGER RAPTOR
DUAL PURPOSE (COMMERCIAL),ISUZU,TFS4SJDRPADE-JRA006,THAILAND,DIESEL,2999.0,RATNAPURA,BRAND NEW,1,,TFS4SJDRPADE-JRA006
DUAL PURPOSE (COMMERCIAL),JAC,HFC1037D3,CHINA,DIESEL,1999.0,GAMPAHA,BRAND NEW,1,,HFC1037D3
DUAL PURPOSE (COMMERCIAL),TOYOTA,3DF-GUN125 HILUX,JAPAN,DIESEL,2390.0,COLOMBO,RECONDITIONED,2,3DF-GUN125,HILUX
DUAL PURPOSE (COMMERCIAL),TOYOTA,HILUX REVO GR SPORT,THAILAND,DIESEL,2755.0,HAMBANTOTA,RECONDITIONED,2,,HILUX REVO GR SPORT
DUAL PURPOSE (COMMERCIAL),FORD,RAPTOR,THAILAND,PETROL,2956.0,PUTTALAM,RECONDITIONED,1,,RAPTOR
DUAL PURPOSE (COMMERCIAL),FORD,FORD RANGER MS RT,THAILAND,DIESEL,2993.0,PUTTALAM,RECONDITIONED,1,,FORD RANGER MS RT
DUAL PURPOSE (COMMERCIAL),TOYOTA,REVO D-CAB ROCCO,THAILAND,DIESEL,2755.0,PUTTALAM,RECONDITIONED,1,,REVO D-CAB ROCCO
DUAL PURPOSE (COMMERCIAL),TOYOTA,HILUX REVO ROCCO,THAILAND,DIESEL,2755.0,KURUNEGALA,RECONDITIONED,1,,HILUX REVO ROCCO
DUAL PURPOSE (COMMERCIAL),TOYOTA,HILUX GUN125R-DTTLX,THAILAND,DIESEL,2393.0,ANURADHAPURA,BRAND NEW,1,,HILUX GUN125R-DTTLX
DUAL PURPOSE (COMMERCIAL),TOYOTA,LITEACE S403RM-BQRFJ,INDONESIA,PETROL,1496.0,GAMPAHA,BRAND NEW,2,,LITEACE S403RM-BQRFJ
DUAL PURPOSE (COMMERCIAL),TOYOTA,GUN126R-DTTHX  HILUX,THAILAND,DIESEL,2755.0,MONERAGALA,BRAND NEW,2,,GUN126R-DTTHX  HILUX
DUAL PURPOSE (COMMERCIAL),JAC,HFC1037D3,CHINA,DIESEL,1999.0,PUTTALAM,BRAND NEW,1,,HFC1037D3
DUAL PURPOSE (COMMERCIAL),FORD,RANGER,THAILAND,DIESEL,2993.0,COLOMBO,RECONDITIONED,1,,RANGER
DUAL PURPOSE (COMMERCIAL),TOYOTA,REVO GR SPORT,THAILAND,DIESEL,2755.0,COLOMBO,RECONDITIONED,1,,REVO GR SPORT
DUAL PURPOSE (COMMERCIAL),FORD,RANGER RAPTOR,THAILAND,PETROL,2956.0,KURUNEGALA,RECONDITIONED,1,,RANGER RAPTOR
DUAL PURPOSE (COMMERCIAL),FORD,RANGER,THAILAND,DIESEL,2993.0,PUTTALAM,RECONDITIONED,1,,RANGER
DUAL PURPOSE (COMMERCIAL),TOYOTA,HILUX REVO GR,THAILAND,DIESEL,2755.0,RATNAPURA,RECONDITIONED,1,,HILUX REVO GR
DUAL PURPOSE (COMMERCIAL),TOYOTA,3DF-GUN125 HILUX,THAILAND,DIESEL,2393.0,RATNAPURA,RECONDITIONED,1,3DF-GUN125,HILUX
DUAL PURPOSE (COMMERCIAL),TOYOTA,3DF-GUN125 ZGR SPORT,THAILAND,DIESEL,2393.0,GAMPAHA,RECONDITIONED,1,3DF-GUN125,ZGR SPORT
DUAL PURPOSE (COMMERCIAL),TOYOTA,3DF-GUN125  HILUX,THAILAND,DIESEL,2393.0,KEGALLE,RECONDITIONED,1,3DF-GUN125,HILUX
DUAL PURPOSE (COMMERCIAL),TOYOTA,3DF-GUN125  HILUX,JAPAN,DIESEL,2393.0,MATARA,RECONDITIONED,1,3DF-GUN125,HILUX
DUAL PURPOSE (COMMERCIAL),TOYOTA,HILUX  REVO GR SPORT,THAILAND,DIESEL,2755.0,KURUNEGALA,RECONDITIONED,1,,HILUX  REVO GR SPORT
DUAL PURPOSE (COMMERCIAL),TOYOTA,GUN126R-DTTHX  HILUX,THAILAND,DIESEL,2755.0,ANURADHAPURA,BRAND NEW,3,,GUN126R-DTTHX  HILUX
DUAL PURPOSE (COMMERCIAL),TOYOTA,LITEACE S403RM-BQRFJ,INDONESIA,PETROL,1496.0,COLOMBO,BRAND NEW,2,,LITEACE S403RM-BQRFJ
DUAL PURPOSE (COMMERCIAL),TOYOTA,HILUX GUN125R-DTTLX,THAILAND,DIESEL,2393.0,COLOMBO,BRAND NEW,6,,HILUX GUN125R-DTTLX
DUAL PURPOSE (COMMERCIAL),TOYOTA,HILUX GUN125R-DTTLX,THAILAND,DIESEL,2393.0,KALUTARA,BRAND NEW,1,,HILUX GUN125R-DTTLX
DUAL PURPOSE (COMMERCIAL),TOYOTA,GUN126R-DTTHX  HILUX,THAILAND,DIESEL,2755.0,NUWARA-ELIYA,BRAND NEW,1,,GUN126R-DTTHX  HILUX
DUAL PURPOSE (COMMERCIAL),TOYOTA,3DF-GUN125 ZGR SPORT,JAPAN,DIESEL,2393.0,COLOMBO,RECONDITIONED,1,3DF-GUN125,ZGR SPORT
DUAL PURPOSE (COMMERCIAL),FORD,RANGER RAPTOR,THAILAND,DIESEL,1996.0,KANDY,RECONDITIONED,4,,RANGER RAPTOR
DUAL PURPOSE (COMMERCIAL),FORD,RANGER MS-RT,THAILAND,DIESEL,2993.0,GAMPAHA,RECONDITIONED,1,,RANGER MS-RT
DUAL PURPOSE (COMMERCIAL),TOYOTA,TUNDER,AUSTRALIA,PETROL,3445.0,GAMPAHA,RECONDITIONED,1,,TUNDER
DUAL PURPOSE (COMMERCIAL),TOYOTA,3DF-GUN125 HILUX,THAILAND,DIESEL,2393.0,GAMPAHA,RECONDITIONED,3,3DF-GUN125,HILUX
DUAL PURPOSE (COMMERCIAL),FORD,RANGER RAPTOR,THAILAND,PETROL,2956.0,KANDY,RECONDITIONED,1,,RANGER RAPTOR
DUAL PURPOSE (COMMERCIAL),FORD,RANGER RAPTOR,THAILAND,DIESEL,1996.0,KALUTARA,RECONDITIONED,1,,RANGER RAPTOR
DUAL PURPOSE (COMMERCIAL),FORD,RANGER RAPTOR,THAILAND,PETROL,2956.0,JAFFNA,RECONDITIONED,1,,RANGER RAPTOR
DUAL PURPOSE (COMMERCIAL),TOYOTA,HILUX REVO,THAILAND,DIESEL,2755.0,KEGALLE,RECONDITIONED,1,,HILUX REVO
DUAL PURPOSE (COMMERCIAL),TOYOTA,3DF-GUN125 HILUX,JAPAN,DIESEL,2393.0,PUTTALAM,RECONDITIONED,2,3DF-GUN125,HILUX
DUAL PURPOSE (COMMERCIAL),TMT,3DF-GUN125 HILUX,JAPAN,DIESEL,2393.0,GAMPAHA,RECONDITIONED,1,3DF-GUN125,HILUX
DUAL PURPOSE (COMMERCIAL),TOYOTA,3DF-GUN125  HILUX,JAPAN,DIESEL,2393.0,GAMPAHA,RECONDITIONED,1,3DF-GUN125,HILUX
DUAL PURPOSE (COMMERCIAL),TOYOTA,HILUX REVO ROCCO,THAILAND,DIESEL,2393.0,GAMPAHA,RECONDITIONED,1,,HILUX REVO ROCCO
DUAL PURPOSE (COMMERCIAL),FORD,RANGER -XLT,THAILAND,DIESEL,1996.0,COLOMBO,BRAND NEW,5,,RANGER -XLT
DUAL PURPOSE (COMMERCIAL),TOYOTA,GUN126R-DTTHX  HILUX,THAILAND,DIESEL,2755.0,GAMPAHA,BRAND NEW,15,,GUN126R-DTTHX  HILUX
DUAL PURPOSE (COMMERCIAL),TOYOTA,LITEACE S403RM-BQRFJ,INDONESIA,PETROL,1496.0,POLONNARUWA,BRAND NEW,1,,LITEACE S403RM-BQRFJ
DUAL PURPOSE (COMMERCIAL),BYD,SHARK 6,CHINA,PETROL/ELE,1498.0,BADULLA,BRAND NEW,1,,SHARK 6
DUAL PURPOSE (COMMERCIAL),TOYOTA,HILUX REVO GR SPORT,THAILAND,DIESEL,2755.0,JAFFNA,RECONDITIONED,2,,HILUX REVO GR SPORT
DUAL PURPOSE (COMMERCIAL),TMT,3DF-GUN125 HILUX,JAPAN,DIESEL,2393.0,COLOMBO,RECONDITIONED,1,3DF-GUN125,HILUX
DUAL PURPOSE (COMMERCIAL),FORD,RANGER RAPTOR,THAILAND,DIESEL,1996.0,KURUNEGALA,RECONDITIONED,2,,RANGER RAPTOR
DUAL PURPOSE (COMMERCIAL),TOYOTA,HILUX  REVO,THAILAND,DIESEL,2755.0,COLOMBO,RECONDITIONED,1,,HILUX  REVO
DUAL PURPOSE (COMMERCIAL),TOYOTA,3DF-GUN125,THAILAND,DIESEL,2393.0,COLOMBO,RECONDITIONED,1,3DF-GUN125,GR SPORT
DUAL PURPOSE (COMMERCIAL),FORD,RANGER RAPTOR,THAILAND,PETROL,2996.0,GAMPAHA,RECONDITIONED,1,,RANGER RAPTOR
DUAL PURPOSE (COMMERCIAL),TOYOTA,3DF-GUN125  GR SPORT,THAILAND,DIESEL,2393.0,COLOMBO,RECONDITIONED,1,3DF-GUN125,GR SPORT
DUAL PURPOSE (COMMERCIAL),TOYOTA,HILUX REVO ROCCO,THAILAND,DIESEL,2755.0,KEGALLE,RECONDITIONED,1,,HILUX REVO ROCCO
DUAL PURPOSE (COMMERCIAL),TOYOTA,HILUX REVO GR SPORT,THAILAND,DIESEL,2755.0,KEGALLE,RECONDITIONED,1,,HILUX REVO GR SPORT
DUAL PURPOSE (COMMERCIAL),FORD,MS-RT,THAILAND,DIESEL,2993.0,COLOMBO,RECONDITIONED,1,MS-RT,Unknown
DUAL PURPOSE (COMMERCIAL),TOYOTA,HILUX REVO GR SPORT,THAILAND,DIESEL,2755.0,KALUTARA,RECONDITIONED,1,,HILUX REVO GR SPORT
DUAL PURPOSE (COMMERCIAL),TOYOTA,HILUX REVO GR SPORT,JAPAN,DIESEL,2755.0,KURUNEGALA,RECONDITIONED,1,,HILUX REVO GR SPORT
DUAL PURPOSE (COMMERCIAL),DAIHATSU,ATRAI WAGON,JAPAN,PETROL,658.0,COLOMBO,BOUGHT FROM AUCTION,1,,ATRAI WAGON
DUAL PURPOSE (COMMERCIAL),SUZUKI,EVERY,JAPAN,PETROL,658.0,COLOMBO,BOUGHT FROM AUCTION,1,,EVERY
DUAL PURPOSE (COMMERCIAL),TOYOTA,GUN126R-DTTHX  HILUX,THAILAND,DIESEL,2755.0,MANNAR,BRAND NEW,1,,GUN126R-DTTHX  HILUX
DUAL PURPOSE (COMMERCIAL),FORD,RANGER -XLT,THAILAND,DIESEL,1996.0,NUWARA-ELIYA,BRAND NEW,1,,RANGER -XLT
DUAL PURPOSE (COMMERCIAL),TOYOTA,GUN126R-DTTHX  HILUX,THAILAND,DIESEL,2755.0,GALLE,BRAND NEW,3,,GUN126R-DTTHX  HILUX
DUAL PURPOSE (COMMERCIAL),TOYOTA,GUN126R-DTTHX  HILUX,THAILAND,DIESEL,2755.0,BADULLA,BRAND NEW,1,,GUN126R-DTTHX  HILUX
DUAL PURPOSE (COMMERCIAL),TOYOTA,3DF-GUN125  HILUX,JAPAN,DIESEL,2393.0,NUWARA-ELIYA,RECONDITIONED,1,3DF-GUN125,HILUX
DUAL PURPOSE (COMMERCIAL),TOYOTA,3DF-GUN125,THAILAND,DIESEL,2393.0,KURUNEGALA,RECONDITIONED,1,3DF-GUN125,GR SPORT
DUAL PURPOSE (COMMERCIAL),TOYOTA,HILUX REVO ROCCO,THAILAND,DIESEL,2755.0,PUTTALAM,RECONDITIONED,1,,HILUX REVO ROCCO
DUAL PURPOSE (COMMERCIAL),TOYOTA,REVO D-CAB ROCCO 2.8,THAILAND,DIESEL,2755.0,COLOMBO,RECONDITIONED,1,,REVO D-CAB ROCCO 2.8
DUAL PURPOSE (COMMERCIAL),TOYOTA,HILUX  GR SPORT,THAILAND,DIESEL,2755.0,POLONNARUWA,RECONDITIONED,1,,HILUX  GR SPORT
DUAL PURPOSE (COMMERCIAL),TOYOTA,HILUX REVO ROCCO,THAILAND,DIESEL,2755.0,KALUTARA,RECONDITIONED,1,,HILUX REVO ROCCO
DUAL PURPOSE (COMMERCIAL),TOYOTA,HILUX REVO,THAILAND,DIESEL,2755.0,ANURADHAPURA,RECONDITIONED,1,,HILUX REVO
DUAL PURPOSE (COMMERCIAL),TOYOTA,3DF-GUN125 GR SPORT,THAILAND,DIESEL,2393.0,KURUNEGALA,RECONDITIONED,1,3DF-GUN125,GR SPORT
DUAL PURPOSE (COMMERCIAL),TOYOTA,HILUX ROCCO REVO,THAILAND,DIESEL,2755.0,COLOMBO,RECONDITIONED,1,,HILUX ROCCO REVO
DUAL PURPOSE (COMMERCIAL),TOYOTA,REVO D CAB ROCCO,THAILAND,DIESEL,2755.0,KEGALLE,RECONDITIONED,1,,REVO D CAB ROCCO
DUAL PURPOSE (COMMERCIAL),TOYOTA,GUN126R-DTTHX  HILUX,THAILAND,DIESEL,2755.0,POLONNARUWA,BRAND NEW,2,,GUN126R-DTTHX  HILUX
LAND VEHICLE,KUBOTA,L1-22D,JAPAN,DIESEL,1500.0,HAMBANTOTA,RECONDITIONED,1,L1-22D,Unknown
LAND VEHICLE,TAFE,45DI,INDIA,DIESEL,2500.0,POLONNARUWA,BRAND NEW,4,,45DI
LAND VEHICLE,TAFE,45DI,INDIA,DIESEL,2500.0,MANNAR,BRAND NEW,9,,45DI
LAND VEHICLE,E KUBOTA,EK3-471 4WD,INDIA,DIESEL,2761.0,TRINCOMALEE,BRAND NEW,2,EK3-471,4WD
LAND VEHICLE,TAFE,45DI,INDIA,DIESEL,2500.0,PUTTALAM,BRAND NEW,2,,45DI
LAND VEHICLE,TAFE,45DI,INDIA,DIESEL,2700.0,ANURADHAPURA,BRAND NEW,4,,45DI
LAND VEHICLE,TAFE,7250.DI,INDIA,DIESEL,2500.0,AMPARA,BRAND NEW,2,,7250.DI
LAND VEHICLE,JOHN DEERE,5047D,INDIA,DIESEL,2940.0,HAMBANTOTA,BRAND NEW,1,,5047D
LAND VEHICLE,YANMAR,YM358R,THAILAND,DIESEL,3319.0,TRINCOMALEE,BRAND NEW,2,,YM358R
LAND VEHICLE,MAHINDRA,YUVO TECH PLUS 575DI,INDIA,DIESEL,2979.0,POLONNARUWA,BRAND NEW,1,,YUVO TECH PLUS 575DI
LAND VEHICLE,SWARAJ,855,INDIA,DIESEL,3478.2,GAMPAHA,BRAND NEW,1,,855
LAND VEHICLE,MAHINDRA,575 DI SP PLUS,INDIA,DIESEL,2979.0,BATTICALOA,BRAND NEW,4,,575 DI SP PLUS
LAND VEHICLE,YANMAR,YM358R,THAILAND,DIESEL,3319.0,ANURADHAPURA,BRAND NEW,3,,YM358R
LAND VEHICLE,JOHN DEERE,5047D,INDIA,DIESEL,2940.0,MANNAR,BRAND NEW,1,,5047D
LAND VEHICLE,JOHN DEERE,5045D,INDIA,DIESEL,2940.0,ANURADHAPURA,BRAND NEW,3,,5045D
LAND VEHICLE,KUBOTA,L 4508,JAPAN,DIESEL,2197.0,BATTICALOA,BRAND NEW,2,,L 4508
LAND VEHICLE,KUBOTA,L 4508,JAPAN,DIESEL,2197.0,KURUNEGALA,BRAND NEW,5,,L 4508
LAND VEHICLE,TAFE,45DI,INDIA,DIESEL,2500.0,COLOMBO,BRAND NEW,2,,45DI
LAND VEHICLE,MAHINDRA,YUVO TECH PLUS 575DI,INDIA,DIESEL,2979.0,MONERAGALA,BRAND NEW,4,,YUVO TECH PLUS 575DI
LAND VEHICLE,MAHINDRA,YUVO TECH PLUS 585DI,INDIA,DIESEL,2979.0,MONERAGALA,BRAND NEW,1,,YUVO TECH PLUS 585DI
LAND VEHICLE,AVENGER,A45XM,INDIA,DIESEL,2892.0,KURUNEGALA,BRAND NEW,1,,A45XM
LAND VEHICLE,TAFE,45DI,INDIA,DIESEL,2700.0,GALLE,BRAND NEW,1,,45DI
LAND VEHICLE,MAHINDRA,YUVO TECH PLUS 585DI,INDIA,DIESEL,2979.0,VAVUNIYA,BRAND NEW,1,,YUVO TECH PLUS 585DI
LAND VEHICLE,JOHN DEERE,5047D,INDIA,DIESEL,2940.0,BATTICALOA,BRAND NEW,1,,5047D
LAND VEHICLE,JOHN DEERE,5047D,INDIA,DIESEL,2940.0,POLONNARUWA,BRAND NEW,1,,5047D
LAND VEHICLE,SWARAJ,855,INDIA,DIESEL,3478.2,VAVUNIYA,BRAND NEW,1,,855
LAND VEHICLE,SONALIKA,D150RX-2WD,INDIA,DIESEL,2893.0,BATTICALOA,BRAND NEW,1,,D150RX-2WD
LAND VEHICLE,AVENGER,A45XM,INDIA,DIESEL,2892.0,MONERAGALA,BRAND NEW,3,,A45XM
LAND VEHICLE,JOHN DEERE,5045D,INDIA,DIESEL,2940.0,BADULLA,BRAND NEW,2,,5045D
LAND VEHICLE,KUBOTA,L 4508,JAPAN,DIESEL,2197.0,ANURADHAPURA,BRAND NEW,4,,L 4508
LAND VEHICLE,KARTAR,GLOBETRAC 4736 2WD,INDIA,DIESEL,3117.0,MONERAGALA,BRAND NEW,1,,GLOBETRAC 4736 2WD
LAND VEHICLE,TAFE,45DI,INDIA,DIESEL,2500.0,KURUNEGALA,BRAND NEW,2,,45DI
LAND VEHICLE,TAFE,45DI,INDIA,DIESEL,2500.0,KILINOCHCHI,BRAND NEW,4,,45DI
LAND VEHICLE,JOHN DEERE,5045D,INDIA,DIESEL,2940.0,MULLATIVU,BRAND NEW,2,,5045D
LAND VEHICLE,JOHN DEERE,5050D,INDIA,DIESEL,2940.0,MULLATIVU,BRAND NEW,1,,5050D
LAND VEHICLE,TAFE,7250.DI,INDIA,DIESEL,2500.0,ANURADHAPURA,BRAND NEW,1,,7250.DI
LAND VEHICLE,SWARAJ,855,INDIA,DIESEL,3478.2,POLONNARUWA,BRAND NEW,1,,855
LAND VEHICLE,MAHINDRA,YUVO TECH PLUS 585DI,INDIA,DIESEL,2979.0,KURUNEGALA,BRAND NEW,1,,YUVO TECH PLUS 585DI
LAND VEHICLE,SOLIS,4520,INDIA,DIESEL,2893.0,AMPARA,BRAND NEW,1,,4520
LAND VEHICLE,TAFE,45DI,INDIA,DIESEL,2500.0,BATTICALOA,BRAND NEW,17,,45DI
LAND VEHICLE,ARBOS,P504-3,CHINA,DIESEL,2189.0,ANURADHAPURA,BRAND NEW,1,P504-3,Unknown
LAND VEHICLE,JOHN DEERE,5047D,INDIA,DIESEL,2940.0,MONERAGALA,BRAND NEW,2,,5047D
LAND VEHICLE,TAFE,45DI,INDIA,DIESEL,2700.0,POLONNARUWA,BRAND NEW,1,,45DI
LAND VEHICLE,JOHN DEERE,5045D,INDIA,DIESEL,2940.0,AMPARA,BRAND NEW,1,,5045D
LAND VEHICLE,TAFE,45DI,INDIA,DIESEL,2500.0,HAMBANTOTA,BRAND NEW,1,,45DI
LAND VEHICLE,MAHINDRA,YUVO TECH PLUS 575DI,INDIA,DIESEL,2979.0,VAVUNIYA,BRAND NEW,4,,YUVO TECH PLUS 575DI
LAND VEHICLE,JOHN DEERE,5045D,INDIA,DIESEL,2940.0,POLONNARUWA,BRAND NEW,1,,5045D
LAND VEHICLE,TAFE,7250.DI,INDIA,DIESEL,2500.0,POLONNARUWA,BRAND NEW,1,,7250.DI
LAND VEHICLE,KARTAR,GLOBETRAC 4736 4WD,INDIA,DIESEL,3117.0,GAMPAHA,BRAND NEW,1,,GLOBETRAC 4736 4WD
LAND VEHICLE,KUBOTA,L 4508,JAPAN,DIESEL,2197.0,POLONNARUWA,BRAND NEW,2,,L 4508
LAND VEHICLE,MASSEY FERGUSON,MF135,UNITED KINGDOM,DIESEL,2500.0,JAFFNA,RECONDITIONED,2,,MF135
LAND VEHICLE,JOHN DEERE,5050D,INDIA,DIESEL,2940.0,COLOMBO,BRAND NEW,1,,5050D
LAND VEHICLE,SOLIS,5020,INDIA,DIESEL,3067.0,MONERAGALA,BRAND NEW,1,,5020
LAND VEHICLE,MAHINDRA,YUVO TECH PLUS 575DI,INDIA,DIESEL,2979.0,JAFFNA,BRAND NEW,19,,YUVO TECH PLUS 575DI
LAND VEHICLE,TAFE,45DI,INDIA,DIESEL,2500.0,TRINCOMALEE,BRAND NEW,11,,45DI
LAND VEHICLE,YANMAR,YM358R,THAILAND,DIESEL,3319.0,POLONNARUWA,BRAND NEW,1,,YM358R
LAND VEHICLE,YANMAR,YM358R,THAILAND,DIESEL,3319.0,KURUNEGALA,BRAND NEW,6,,YM358R
LAND VEHICLE,JOHN DEERE,5050D,INDIA,DIESEL,2940.0,VAVUNIYA,BRAND NEW,3,,5050D
LAND VEHICLE,MAHINDRA,YUVO TECH PLUS 575DI,INDIA,DIESEL,2979.0,ANURADHAPURA,BRAND NEW,17,,YUVO TECH PLUS 575DI
LAND VEHICLE,KUBOTA,L 4508,JAPAN,DIESEL,2197.0,VAVUNIYA,BRAND NEW,2,,L 4508
LAND VEHICLE,MAHINDRA,YUVO TECH PLUS 585DI,INDIA,DIESEL,2979.0,JAFFNA,BRAND NEW,1,,YUVO TECH PLUS 585DI
LAND VEHICLE,MAHINDRA,YUVO TECH PLUS 575DI,INDIA,DIESEL,2979.0,KURUNEGALA,BRAND NEW,3,,YUVO TECH PLUS 575DI
LAND VEHICLE,JOHN DEERE,5047D,INDIA,DIESEL,2940.0,ANURADHAPURA,BRAND NEW,1,,5047D
LAND VEHICLE,TAFE,7250.DI,INDIA,DIESEL,2500.0,BATTICALOA,BRAND NEW,1,,7250.DI
LAND VEHICLE,MAHINDRA,YUVO TECH PLUS 575DI,INDIA,DIESEL,2979.0,KILINOCHCHI,BRAND NEW,2,,YUVO TECH PLUS 575DI
LAND VEHICLE,SONALIKA,DI50RX - 4WD,INDIA,DIESEL,3067.0,ANURADHAPURA,BRAND NEW,2,,DI50RX - 4WD
LAND VEHICLE,SOLIS,4520,INDIA,DIESEL,2893.0,MONERAGALA,BRAND NEW,2,,4520
LAND VEHICLE,TAFE,45DI,INDIA,DIESEL,2500.0,JAFFNA,BRAND NEW,3,,45DI
LAND VEHICLE,TAFE,45DI,INDIA,DIESEL,2700.0,AMPARA,BRAND NEW,1,,45DI
LAND VEHICLE,KARTAR,GLOBETRAC 4736 4WD,INDIA,DIESEL,3117.0,POLONNARUWA,BRAND NEW,1,,GLOBETRAC 4736 4WD
LAND VEHICLE,TAFE,45DI,INDIA,DIESEL,2700.0,HAMBANTOTA,BRAND NEW,1,,45DI
LAND VEHICLE,SOLIS,5020,INDIA,DIESEL,3067.0,KURUNEGALA,BRAND NEW,1,,5020
LAND VEHICLE,JOHN DEERE,5045D,INDIA,DIESEL,2940.0,VAVUNIYA,BRAND NEW,1,,5045D
LAND VEHICLE,MAHINDRA,575 DI SP PLUS,INDIA,DIESEL,2979.0,MONERAGALA,BRAND NEW,1,,575 DI SP PLUS
LAND VEHICLE,KARTAR,GLOBETRAC 4736 4WD,INDIA,DIESEL,3117.0,MONERAGALA,BRAND NEW,2,,GLOBETRAC 4736 4WD
LAND VEHICLE,SWARAJ,855,INDIA,DIESEL,3478.2,KURUNEGALA,BRAND NEW,1,,855
LAND VEHICLE,MASSEY FERGUSON,MF135,UNITED KINGDOM,DIESEL,2500.0,KURUNEGALA,RECONDITIONED,1,,MF135
LAND VEHICLE,TAFE,45DI,INDIA,DIESEL,2500.0,AMPARA,BRAND NEW,14,,45DI
LAND VEHICLE,TAFE,45DI,INDIA,DIESEL,2500.0,ANURADHAPURA,BRAND NEW,12,,45DI
LAND VEHICLE,TAFE,45DI,INDIA,DIESEL,2500.0,MULLATIVU,BRAND NEW,8,,45DI
LAND VEHICLE,TAFE,45DI,INDIA,DIESEL,2500.0,MONERAGALA,BRAND NEW,4,,45DI
LAND VEHICLE,TAFE,45DI,INDIA,DIESEL,2500.0,VAVUNIYA,BRAND NEW,3,,45DI
LAND VEHICLE,JOHN DEERE,5047D,INDIA,DIESEL,2940.0,MULLATIVU,BRAND NEW,3,,5047D
LAND VEHICLE,TAFE,45DI,INDIA,DIESEL,2500.0,BADULLA,BRAND NEW,1,,45DI
LAND VEHICLE,E KUBOTA,EK3-471 4WD,INDIA,DIESEL,2761.0,AMPARA,BRAND NEW,1,EK3-471,4WD
LAND VEHICLE,YANMAR,YM358R,THAILAND,DIESEL,3319.0,MATALE,BRAND NEW,2,,YM358R
LAND VEHICLE,JOHN DEERE,5047D,INDIA,DIESEL,2940.0,VAVUNIYA,BRAND NEW,7,,5047D
LAND VEHICLE,TAFE,45DI,INDIA,DIESEL,2700.0,BATTICALOA,BRAND NEW,1,,45DI
LAND VEHICLE,TAFE,45DI,INDIA,DIESEL,2700.0,KURUNEGALA,BRAND NEW,1,,45DI
LAND VEHICLE,TAFE,45DI,INDIA,DIESEL,2700.0,TRINCOMALEE,BRAND NEW,1,,45DI
LAND VEHICLE,SWARAJ,855,INDIA,DIESEL,3478.2,JAFFNA,BRAND NEW,1,,855
LAND VEHICLE,JOHN DEERE,5047D,INDIA,DIESEL,2940.0,KILINOCHCHI,BRAND NEW,1,,5047D
LAND VEHICLE,SONALIKA,DI-50RX-4WD,INDIA,DIESEL,3067.0,KURUNEGALA,BRAND NEW,1,DI-50RX-4WD,Unknown
LAND VEHICLE,TAFE,7250.DI,INDIA,DIESEL,2500.0,MONERAGALA,BRAND NEW,2,,7250.DI
LAND VEHICLE,NEW HOLLAND,4710,INDIA,DIESEL,2700.0,GAMPAHA,BRAND NEW,1,,4710
LAND VEHICLE,KARTAR,GLOBETRAC 4736 4WD,INDIA,DIESEL,3117.0,MATALE,BRAND NEW,1,,GLOBETRAC 4736 4WD
LAND VEHICLE,SWARAJ,855,INDIA,DIESEL,3478.2,BATTICALOA,BRAND NEW,3,,855
LAND VEHICLE,JOHN DEERE,5047D,INDIA,DIESEL,2940.0,KURUNEGALA,BRAND NEW,1,,5047D
LAND VEHICLE,LOVOL,P504-3,CHINA,DIESEL,2189.0,TRINCOMALEE,BRAND NEW,1,P504-3,Unknown
LAND VEHICLE,MAHINDRA,YUVO TECH PLUS 585DI,INDIA,DIESEL,2979.0,ANURADHAPURA,BRAND NEW,3,,YUVO TECH PLUS 585DI
LAND VEHICLE,TAFE,45DI,INDIA,DIESEL,2500.0,MATALE,BRAND NEW,1,,45DI
LAND VEHICLE,SOLIS,4520,INDIA,DIESEL,2893.0,TRINCOMALEE,BRAND NEW,1,,4520
LAND VEHICLE,MAHINDRA,YUVO TECH PLUS 575DI,INDIA,DIESEL,2979.0,PUTTALAM,BRAND NEW,2,,YUVO TECH PLUS 575DI
LAND VEHICLE,JOHN DEERE,5047D,INDIA,DIESEL,2940.0,BADULLA,BRAND NEW,1,,5047D
LAND VEHICLE,SWARAJ,855,INDIA,DIESEL,3478.2,AMPARA,BRAND NEW,1,,855
LAND VEHICLE,MAHINDRA,YUVO TECH PLUS 575DI,INDIA,DIESEL,2979.0,TRINCOMALEE,BRAND NEW,2,,YUVO TECH PLUS 575DI
LAND VEHICLE,ARBOS,P504-3,CHINA,DIESEL,2189.0,MATALE,BRAND NEW,1,P504-3,Unknown
LAND VEHICLE,TAFE,45DI,INDIA,DIESEL,2700.0,GAMPAHA,BRAND NEW,1,,45DI
LAND VEHICLE,YANMAR,YM358R,THAILAND,DIESEL,3319.0,GAMPAHA,BRAND NEW,1,,YM358R
LAND VEHICLE,TAFE,45DI,INDIA,DIESEL,2700.0,BADULLA,BRAND NEW,2,,45DI
LAND VEHICLE,MAHINDRA,YUVO TECH PLUS 575DI,INDIA,DIESEL,2979.0,AMPARA,BRAND NEW,5,,YUVO TECH PLUS 575DI
LAND VEHICLE,KUBOTA,L 4508,JAPAN,DIESEL,2197.0,MATALE,BRAND NEW,1,,L 4508
LAND VEHICLE,JOHN DEERE,5047D,INDIA,DIESEL,2940.0,AMPARA,BRAND NEW,3,,5047D
LAND VEHICLE,KUBOTA,L 4508,JAPAN,DIESEL,2197.0,TRINCOMALEE,BRAND NEW,1,,L 4508
LAND VEHICLE (SMALL),KUBOTA,K7,JAPAN,DIESEL,401.0,RATNAPURA,RECONDITIONED,1,,K7
LAND VEHICLE (SMALL),KUBOTA,K8,JAPAN,DIESEL,465.0,MATARA,RECONDITIONED,1,,K8
LAND VEHICLE (SMALL),KUBOTA,K850,JAPAN,DIESEL,465.0,JAFFNA,RECONDITIONED,1,,K850
LAND VEHICLE (SMALL),KUBOTA,K600,JAPAN,DIESEL,422.0,HAMBANTOTA,RECONDITIONED,3,,K600
LAND VEHICLE (SMALL),KUBOTA,K8,JAPAN,DIESEL,422.0,POLONNARUWA,RECONDITIONED,1,,K8
LAND VEHICLE (SMALL),KUBOTA,K600,JAPAN,DIESEL,422.0,RATNAPURA,RECONDITIONED,3,,K600
LAND VEHICLE (SMALL),KUBOTA,K550,JAPAN,DIESEL,375.0,TRINCOMALEE,RECONDITIONED,1,,K550
LAND VEHICLE (SMALL),KUBOTA,K7,JAPAN,DIESEL,395.0,KURUNEGALA,RECONDITIONED,2,,K7
LAND VEHICLE (SMALL),KUBOTA,K75,JAPAN,DIESEL,748.0,KEGALLE,RECONDITIONED,1,,K75
LAND VEHICLE (SMALL),KUBOTA,K8,JAPAN,DIESEL,401.0,KURUNEGALA,RECONDITIONED,1,,K8
LAND VEHICLE (SMALL),KUBOTA,K600A,JAPAN,DIESEL,422.0,POLONNARUWA,RECONDITIONED,1,,K600A
LAND VEHICLE (SMALL),KUBOTA,K75,JAPAN,DIESEL,375.0,KURUNEGALA,RECONDITIONED,1,,K75
LAND VEHICLE (SMALL),VIKYNO,RV125-2,VIETNAM,DIESEL,624.0,BADULLA,BRAND NEW,4,RV125-2,Unknown
LAND VEHICLE (SMALL),NUBOTA VIKYNO,RV125-2,VIETNAM,DIESEL,624.0,ANURADHAPURA,BRAND NEW,1,RV125-2,Unknown
LAND VEHICLE (SMALL),FARM MASTER,RV125-2,CHINA,DIESEL,624.0,MONERAGALA,BRAND NEW,1,RV125-2,Unknown
LAND VEHICLE (SMALL),VIKYNO,RV125-2,VIETNAM,DIESEL,624.0,MATALE,BRAND NEW,1,RV125-2,Unknown
LAND VEHICLE (SMALL),KUBOTA,K600,JAPAN,DIESEL,422.0,ANURADHAPURA,RECONDITIONED,1,,K600
LAND VEHICLE (SMALL),VIKYNO,RV125-2,VIETNAM,DIESEL,624.0,HAMBANTOTA,BRAND NEW,8,RV125-2,Unknown
LAND VEHICLE (SMALL),FARM MASTER,RV125-2,CHINA,DIESEL,624.0,MATALE,BRAND NEW,1,RV125-2,Unknown
LAND VEHICLE (SMALL),KUBOTA,K18,JAPAN,DIESEL,798.0,ANURADHAPURA,RECONDITIONED,1,,K18
LAND VEHICLE (SMALL),VIKYNO,RV80,VIETNAM,DIESEL,443.0,KURUNEGALA,BRAND NEW,2,,RV80
LAND VEHICLE (SMALL),LAND FORCE,RK125,THAILAND,DIESEL,624.0,ANURADHAPURA,BRAND NEW,1,,RK125
LAND VEHICLE (SMALL),KUBOTA,K550A,JAPAN,DIESEL,422.0,MATARA,RECONDITIONED,1,,K550A
LAND VEHICLE (SMALL),KUBOTA,K7,JAPAN,DIESEL,375.0,MATALE,RECONDITIONED,1,,K7
LAND VEHICLE (SMALL),FARM MASTER,RV125-2,CHINA,DIESEL,624.0,HAMBANTOTA,BRAND NEW,1,RV125-2,Unknown
LAND VEHICLE (SMALL),KUBOTA,K8,JAPAN,DIESEL,508.0,ANURADHAPURA,RECONDITIONED,1,,K8
LAND VEHICLE (SMALL),KUBOTA,K8,JAPAN,DIESEL,395.0,ANURADHAPURA,RECONDITIONED,1,,K8
LAND VEHICLE (SMALL),KUBOTA,K600,JAPAN,DIESEL,422.0,GAMPAHA,RECONDITIONED,1,,K600
LAND VEHICLE (SMALL),KUBOTA,K7,JAPAN,DIESEL,395.0,PUTTALAM,RECONDITIONED,1,,K7
LAND VEHICLE (SMALL),KUBOTA,K600A,JAPAN,DIESEL,422.0,ANURADHAPURA,RECONDITIONED,2,,K600A
LAND VEHICLE (SMALL),VIKYNO,RV125-2,VIETNAM,DIESEL,624.0,POLONNARUWA,BRAND NEW,9,RV125-2,Unknown
LAND VEHICLE (SMALL),VIKYNO,RV125-2,VIETNAM,DIESEL,624.0,KURUNEGALA,BRAND NEW,1,RV125-2,Unknown
LAND VEHICLE (SMALL),KUBOTA,K600A,JAPAN,DIESEL,422.0,PUTTALAM,RECONDITIONED,1,,K600A
LAND VEHICLE (SMALL),SIFANG,GN12DI,CHINA,DIESEL,815.0,MONERAGALA,BRAND NEW,1,,GN12DI
LAND VEHICLE (SMALL),SIFANG,GN12DI,CHINA,DIESEL,815.0,ANURADHAPURA,BRAND NEW,3,,GN12DI
LAND VEHICLE (SMALL),VIKYNO,RV125-2,VIETNAM,DIESEL,624.0,GAMPAHA,BRAND NEW,2,RV125-2,Unknown
LAND VEHICLE (SMALL),KUBOTA,K600,JAPAN,DIESEL,422.0,BADULLA,RECONDITIONED,1,,K600
LAND VEHICLE (SMALL),KUBOTA,K600A,JAPAN,DIESEL,422.0,GALLE,RECONDITIONED,1,,K600A
LAND VEHICLE (SMALL),VIKYNO,RV125-2,VIETNAM,DIESEL,624.0,ANURADHAPURA,BRAND NEW,2,RV125-2,Unknown
LAND VEHICLE (SMALL),VIKYNO,RV80,VIETNAM,DIESEL,443.0,ANURADHAPURA,BRAND NEW,4,,RV80
LAND VEHICLE (SMALL),FARM MASTER,RV125-2,CHINA,DIESEL,624.0,ANURADHAPURA,BRAND NEW,1,RV125-2,Unknown
LAND VEHICLE (SMALL),VIKYNO,RV125-2,VIETNAM,DIESEL,624.0,AMPARA,BRAND NEW,1,RV125-2,Unknown
LAND VEHICLE (SMALL),KUBOTA,K7,JAPAN,DIESEL,395.0,ANURADHAPURA,RECONDITIONED,1,,K7
LAND VEHICLE (SMALL),KUBOTA,K18,JAPAN,DIESEL,401.0,JAFFNA,RECONDITIONED,1,,K18
LAND VEHICLE (SMALL),KUBOTA,K7,JAPAN,DIESEL,375.0,POLONNARUWA,RECONDITIONED,1,,K7
LAND VEHICLE (SMALL),KUBOTA,SP 155,THAILAND,DIESEL,770.0,AMPARA,BRAND NEW,1,,SP 155
LAND VEHICLE (SMALL),FARM MASTER,RV125-2,CHINA,DIESEL,624.0,KURUNEGALA,BRAND NEW,2,RV125-2,Unknown
LAND VEHICLE (SMALL),VIKYNO,RV125,VIETNAM,DIESEL,624.0,RATNAPURA,BRAND NEW,1,,RV125
LAND VEHICLE (SMALL),VIKYNO,RV125-2,VIETNAM,DIESEL,624.0,MONERAGALA,BRAND NEW,5,RV125-2,Unknown
LAND VEHICLE (SMALL),KUBOTA,K600A,JAPAN,DIESEL,422.0,COLOMBO,RECONDITIONED,1,,K600A
LAND VEHICLE (SMALL),KUBOTA,K7,JAPAN,DIESEL,401.0,BADULLA,RECONDITIONED,1,,K7
LAND VEHICLE (SMALL),SIFANG,GN12DI,CHINA,DIESEL,815.0,KURUNEGALA,BRAND NEW,2,,GN12DI
LAND VEHICLE (SMALL),KUBOTA,K75,JAPAN,DIESEL,401.0,KURUNEGALA,RECONDITIONED,1,,K75
LAND VEHICLE (SMALL),KUBOTA,K8,JAPAN,DIESEL,230.0,ANURADHAPURA,RECONDITIONED,1,,K8
LORRY TRAILER/BOWSER,TANTRI,TSK-40,SRI LANKA,NOT STATED,0.0,RATNAPURA,LOCALLY BUILT,1,TSK-40,Unknown
LORRY TRAILER/BOWSER,DUTCH LANKA TRAILER,DLFT-40/40T,SRI LANKA,NOT STATED,0.0,COLOMBO,LOCALLY BUILT,1,DLFT-40,/40T
LORRY TRAILER/BOWSER,DUTCH LANKA TRAILER,DLST-404/40T,SRI LANKA,NOT STATED,0.0,GAMPAHA,LOCALLY BUILT,1,DLST-404,/40T
LORRY TRAILER/BOWSER,TANTRI,TFB-40,SRI LANKA,NOT STATED,0.0,GAMPAHA,LOCALLY BUILT,1,TFB-40,Unknown
LORRY TRAILER/BOWSER,TANTRI,TSK-40,SRI LANKA,NOT STATED,0.0,COLOMBO,LOCALLY BUILT,1,TSK-40,Unknown
LORRY TRAILER/BOWSER,WURKAI,OUTBACK 14,SRI LANKA,NOT STATED,0.0,COLOMBO,LOCALLY BUILT,1,,OUTBACK 14
LORRY TRAILER/BOWSER,CIMC,ZJV9400FPDY,CHINA,NOT STATED,0.0,COLOMBO,BRAND NEW,1,,ZJV9400FPDY
LORRY TRAILER/BOWSER,TANTRI,TFB 40,SRI LANKA,NOT STATED,0.0,COLOMBO,LOCALLY BUILT,1,,TFB 40
LORRY TRAILER/BOWSER,DUTCH LANKA TRAILER,DLST-40/40T,SRI LANKA,NOT STATED,0.0,COLOMBO,LOCALLY BUILT,5,DLST-40,/40T
LORRY TRAILER/BOWSER,DUTCH LANKA TRAILER,DLFT-40/50T,SRI LANKA,NOT STATED,0.0,COLOMBO,LOCALLY BUILT,1,DLFT-40,/50T
LORRY TRAILER/BOWSER,LANKA ASHOK LEYLAND,TAILER,SRI LANKA,NOT STATED,0.0,COLOMBO,LOCALLY BUILT,5,,TAILER
LORRY TRAILER/BOWSER,TANTRI,TSK-40,SRI LANKA,NOT STATED,0.0,GAMPAHA,LOCALLY BUILT,5,TSK-40,Unknown
LORRY TRAILER/BOWSER,TANTRI,TSK -40,SRI LANKA,NOT STATED,0.0,GAMPAHA,LOCALLY BUILT,1,,TSK -40
LORRY TRAILER/BOWSER,DYNAMIC,FLATBED TRAILER,SRI LANKA,NOT STATED,0.0,TRINCOMALEE,LOCALLY BUILT,1,,FLATBED TRAILER
LORRY TRAILER/BOWSER,TANTRI,TSK 40,SRI LANKA,NOT STATED,0.0,KURUNEGALA,LOCALLY BUILT,1,,TSK 40
LORRY TRAILER/BOWSER,TANTRI,TSK-40,SRI LANKA,NOT STATED,0.0,KALUTARA,LOCALLY BUILT,1,TSK-40,Unknown
LORRY TRAILER/BOWSER,DUTCH LANKA TRAILER,DLST-40/40T,SRI LANKA,NOT STATED,0.0,GAMPAHA,LOCALLY BUILT,4,DLST-40,/40T
LORRY TRAILER/BOWSER,TANTRI,TFB-40,SRI LANKA,NOT STATED,0.0,KEGALLE,LOCALLY BUILT,1,TFB-40,Unknown
MOTOR CYCLE,HONDA,PCX 125,VIETNAM,PETROL,124.0,KURUNEGALA,RECONDITIONED,2,,PCX 125
MOTOR CYCLE,HONDA,ADV 160,THAILAND,PETROL,157.0,KANDY,RECONDITIONED,1,,ADV 160
MOTOR CYCLE,HONDA,PCX,JAPAN,PETROL,124.0,GALLE,RECONDITIONED,1,,PCX
MOTOR CYCLE,HONDA,ADV 160,JAPAN,PETROL,157.0,PUTTALAM,RECONDITIONED,2,,ADV 160
MOTOR CYCLE,HONDA,PCX,JAPAN,PETROL,157.0,KANDY,RECONDITIONED,4,,PCX
MOTOR CYCLE,HONDA,PCX125,JAPAN,PETROL,124.0,PUTTALAM,RECONDITIONED,10,,PCX125
MOTOR CYCLE,HONDA,PCX 160,VIETNAM,PETROL,157.0,KURUNEGALA,RECONDITIONED,3,,PCX 160
MOTOR CYCLE,HONDA,PCX -160,JAPAN,PETROL,157.0,KANDY,RECONDITIONED,1,,PCX -160
MOTOR CYCLE,HONDA,PCX160,JAPAN,PETROL,157.0,GAMPAHA,RECONDITIONED,5,,PCX160
MOTOR CYCLE,HONDA,ADV160,JAPAN,PETROL,157.0,COLOMBO,RECONDITIONED,4,,ADV160
MOTOR CYCLE,HONDA,PCX160,JAPAN,PETROL,157.0,COLOMBO,RECONDITIONED,5,,PCX160
MOTOR CYCLE,HONDA,8BK KF54,JAPAN,PETROL,157.0,KANDY,RECONDITIONED,1,,8BK KF54
MOTOR CYCLE,HONDA,PCX,JAPAN,PETROL,124.0,PUTTALAM,RECONDITIONED,10,,PCX
MOTOR CYCLE,HONDA,PCX160,JAPAN,PETROL,157.0,KALUTARA,RECONDITIONED,1,,PCX160
MOTOR CYCLE,HONDA,C 50,JAPAN,PETROL,50.0,MATARA,RECONDITIONED,4,,C 50
MOTOR CYCLE,HONDA,PCX,JAPAN,PETROL,124.0,COLOMBO,RECONDITIONED,2,,PCX
MOTOR CYCLE,HONDA,PCX 160,JAPAN,PETROL,157.0,PUTTALAM,RECONDITIONED,14,,PCX 160
MOTOR CYCLE,HONDA,ADV,JAPAN,PETROL,157.0,KANDY,RECONDITIONED,1,,ADV
MOTOR CYCLE,HONDA,PCX,JAPAN,PETROL,157.0,KURUNEGALA,RECONDITIONED,2,,PCX
MOTOR CYCLE,HONDA,PCX125,JAPAN,PETROL,124.0,KURUNEGALA,RECONDITIONED,1,,PCX125
MOTOR CYCLE,HONDA,PCX 160,JAPAN,PETROL,157.0,AMPARA,RECONDITIONED,1,,PCX 160
MOTOR CYCLE,HONDA,ADV160,JAPAN,PETROL,157.0,KURUNEGALA,RECONDITIONED,4,,ADV160
MOTOR CYCLE,HONDA,PCX160,JAPAN,PETROL,156.0,GAMPAHA,RECONDITIONED,1,,PCX160
MOTOR CYCLE,HONDA,PCX 160,VIETNAM,PETROL,157.0,COLOMBO,RECONDITIONED,3,,PCX 160
MOTOR CYCLE,HONDA,PCX160,JAPAN,PETROL,157.0,PUTTALAM,RECONDITIONED,6,,PCX160
MOTOR CYCLE,HONDA,CB 250 R,JAPAN,PETROL,249.0,KANDY,RECONDITIONED,1,,CB 250 R
MOTOR CYCLE,HONDA,PCX-160,JAPAN,PETROL,157.0,KURUNEGALA,RECONDITIONED,2,PCX-160,Unknown
MOTOR CYCLE,YAMAHA,YB50,JAPAN,PETROL,49.0,KURUNEGALA,RECONDITIONED,1,,YB50
MOTOR CYCLE,HONDA,ADV  160,JAPAN,PETROL,157.0,COLOMBO,RECONDITIONED,1,,ADV  160
MOTOR CYCLE,HONDA,PCX-125,JAPAN,PETROL,124.0,KURUNEGALA,RECONDITIONED,1,PCX-125,Unknown
MOTOR CYCLE,HONDA,8BK-KF47,JAPAN,PETROL,157.0,KANDY,RECONDITIONED,1,8BK-KF47,Unknown
MOTOR CYCLE,HONDA,ADV 160,JAPAN,PETROL,157.0,COLOMBO,RECONDITIONED,12,,ADV 160
MOTOR CYCLE,HONDA,PCX 125,JAPAN,PETROL,124.0,PUTTALAM,RECONDITIONED,19,,PCX 125
MOTOR CYCLE,HONDA,PCX 160,VIETNAM,PETROL,157.0,GAMPAHA,RECONDITIONED,3,,PCX 160
MOTOR CYCLE,HONDA,PCX 160,JAPAN,PETROL,157.0,KANDY,RECONDITIONED,8,,PCX 160
MOTOR CYCLE,HONDA,PCX,JAPAN,PETROL,157.0,GAMPAHA,RECONDITIONED,1,,PCX
MOTOR CYCLE,HONDA,PCX 125,JAPAN,PETROL,124.0,KANDY,RECONDITIONED,2,,PCX 125
MOTOR CYCLE,HONDA,PCX,JAPAN,PETROL,156.0,KANDY,RECONDITIONED,2,,PCX
MOTOR CYCLE,YAMAHA,MT03,INDONESIA,PETROL,321.0,COLOMBO,RECONDITIONED,1,,MT03
MOTOR CYCLE,HONDA,PCX125,VIETNAM,PETROL,125.0,PUTTALAM,RECONDITIONED,1,,PCX125
MOTOR CYCLE,HONDA,PCX,JAPAN,PETROL,156.0,COLOMBO,RECONDITIONED,1,,PCX
MOTOR CYCLE,HONDA,ADV 160,JAPAN,PETROL,156.0,KURUNEGALA,RECONDITIONED,1,,ADV 160
MOTOR CYCLE,HONDA,PCX  160,JAPAN,PETROL,157.0,KURUNEGALA,RECONDITIONED,1,,PCX  160
MOTOR CYCLE,HONDA (DMC),PCX,VIETNAM,PETROL,157.0,KURUNEGALA,RECONDITIONED,1,,PCX
MOTOR CYCLE,HONDA,MD90,JAPAN,PETROL,90.0,GALLE,RECONDITIONED,1,,MD90
MOTOR CYCLE,BAJAJ,PULSAR NS 200,INDIA,PETROL,199.5,POLONNARUWA,RECONDITIONED,1,,PULSAR NS 200
MOTOR CYCLE,RISE,LEADER,SRI LANKA,ELECTRIC,2.0,MULLATIVU,BRAND NEW-L/MANUFACT,1,,LEADER
MOTOR CYCLE,RISE,LEADER R 100,SRI LANKA,ELECTRIC,2.0,RATNAPURA,BRAND NEW-L/MANUFACT,1,,LEADER R 100
MOTOR CYCLE,RISE,LEADER R 100,SRI LANKA,ELECTRIC,2.0,KILINOCHCHI,BRAND NEW-L/MANUFACT,1,,LEADER R 100
MOTOR CYCLE,BAJAJ,CT 100 ES,INDIA,PETROL,102.0,GAMPAHA,BOUGHT FROM AUCTION,1,,CT 100 ES
MOTOR CYCLE,YAMAHA,RAY ZRSTREETRALLY125,INDIA,PETROL,125.0,COLOMBO,BRAND NEW,48,,RAY ZRSTREETRALLY125
MOTOR CYCLE,RANOMOTO,GN125H,CHINA,PETROL,124.0,KALUTARA,BRAND NEW,2,,GN125H
MOTOR CYCLE,RANOMOTO,GN125H,CHINA,PETROL,124.0,COLOMBO,BRAND NEW,6,,GN125H
MOTOR CYCLE,TVS,TVS NTORQ 125 CC,INDIA,PETROL,124.8,JAFFNA,BRAND NEW,323,,TVS NTORQ 125 CC
MOTOR CYCLE,HONDA,PCX 160 ABS,INDONESIA,PETROL,157.0,GAMPAHA,BRAND NEW,1,,PCX 160 ABS
MOTOR CYCLE,TVS,TVS NTORQ 125 CC,INDIA,PETROL,124.8,TRINCOMALEE,BRAND NEW,51,,TVS NTORQ 125 CC
MOTOR CYCLE,TVS,TVS NTORQ 125 CC,INDIA,PETROL,124.8,BADULLA,BRAND NEW,46,,TVS NTORQ 125 CC
MOTOR CYCLE,BAJAJ,PULSAR N 160,INDIA,PETROL,164.32,MATARA,BRAND NEW,34,,PULSAR N 160
MOTOR CYCLE,BAJAJ,PULSAR N 125,INDIA,PETROL,124.58,KURUNEGALA,BRAND NEW,115,,PULSAR N 125
MOTOR CYCLE,YAMAHA,RAY ZR 125,INDIA,PETROL,125.0,NUWARA-ELIYA,BRAND NEW,22,,RAY ZR 125
MOTOR CYCLE,YAMAHA,RAY ZR 125,INDIA,PETROL,125.0,KANDY,BRAND NEW,21,,RAY ZR 125
MOTOR CYCLE,SOLID,ROBOT,CHINA,ELECTRIC,1.2,KURUNEGALA,BRAND NEW,7,,ROBOT
MOTOR CYCLE,YADEA,RUIBIN,CHINA,ELECTRIC,0.8,KURUNEGALA,BRAND NEW,103,,RUIBIN
MOTOR CYCLE,BAJAJ,PULSAR N 160,INDIA,PETROL,164.32,KANDY,BRAND NEW,28,,PULSAR N 160
MOTOR CYCLE,QUANLE,N9 (NINEBOT),CHINA,ELECTRIC,1.5,ANURADHAPURA,BRAND NEW,2,,N9 (NINEBOT)
MOTOR CYCLE,TMR LUYUAN,S18,CHINA,ELECTRIC,1.2,KURUNEGALA,BRAND NEW,14,,S18
MOTOR CYCLE,NWOW,WSP,CHINA,ELECTRIC,1.5,KALUTARA,BRAND NEW,3,,WSP
MOTOR CYCLE,TVS,IQUBE,INDIA,ELECTRIC,3.34,VAVUNIYA,BRAND NEW,2,,IQUBE
MOTOR CYCLE,LIMA,ELO-07,CHINA,ELECTRIC,1.5,GAMPAHA,BRAND NEW,1,ELO-07,Unknown
MOTOR CYCLE,TAILG,RED RABBIT,CHINA,ELECTRIC,1.2,KURUNEGALA,BRAND NEW,5,,RED RABBIT
MOTOR CYCLE,YADEA,T5,CHINA,ELECTRIC,1.2,MATALE,BRAND NEW,27,,T5
MOTOR CYCLE,YADEA,RUIBIN,CHINA,ELECTRIC,0.8,KILINOCHCHI,BRAND NEW,6,,RUIBIN
MOTOR CYCLE,BAJAJ,PULSAR N 125,INDIA,PETROL,124.58,MULLATIVU,BRAND NEW,11,,PULSAR N 125
MOTOR CYCLE,BAJAJ,DISCOVER  125,INDIA,PETROL,124.5,RATNAPURA,BRAND NEW,32,,DISCOVER  125
MOTOR CYCLE,BAJAJ,DISCOVER  125,INDIA,PETROL,124.5,POLONNARUWA,BRAND NEW,24,,DISCOVER  125
MOTOR CYCLE,YAMAHA,FZ  VER 2.0,INDIA,PETROL,149.0,AMPARA,BRAND NEW,22,,FZ  VER 2.0
MOTOR CYCLE,YAMAHA,MT 15 VER 2.0,INDIA,PETROL,155.0,BATTICALOA,BRAND NEW,29,,MT 15 VER 2.0
MOTOR CYCLE,YAMAHA,FZ  VER 2.0,INDIA,PETROL,149.0,KILINOCHCHI,BRAND NEW,11,,FZ  VER 2.0
MOTOR CYCLE,HERO,HF-DELUXE,INDIA,PETROL,97.2,RATNAPURA,BRAND NEW,1,HF-DELUXE,Unknown
MOTOR CYCLE,HERO,XOOM-110,INDIA,PETROL,110.9,ANURADHAPURA,BRAND NEW,37,XOOM-110,Unknown
MOTOR CYCLE,HERO,XOOM-110,INDIA,PETROL,110.9,KURUNEGALA,BRAND NEW,65,XOOM-110,Unknown
MOTOR CYCLE,TMR QUANLE,N9 (NINEBOT),CHINA,ELECTRIC,1.5,HAMBANTOTA,BRAND NEW,1,,N9 (NINEBOT)
MOTOR CYCLE,LUYUAN,S90 PLUS,CHINA,ELECTRIC,1.5,POLONNARUWA,BRAND NEW,2,,S90 PLUS
MOTOR CYCLE,LUYUAN,S90 PLUS,CHINA,ELECTRIC,1.5,GALLE,BRAND NEW,4,,S90 PLUS
MOTOR CYCLE,LUYUAN,MYT,CHINA,ELECTRIC,0.8,GALLE,BRAND NEW,2,,MYT
MOTOR CYCLE,YAMAHA,YZF R15 VER 4.0,INDIA,PETROL,155.0,GALLE,BRAND NEW,1,,YZF R15 VER 4.0
MOTOR CYCLE,DAYWANG(DW)SL,E-MOTOR CYCLE,CHINA,ELECTRIC,0.8,AMPARA,BRAND NEW,3,,E-MOTOR CYCLE
MOTOR CYCLE,YADEA,EPOC H,CHINA,ELECTRIC,2.0,MATALE,BRAND NEW,2,,EPOC H
MOTOR CYCLE,YADEA,EPOC H,CHINA,ELECTRIC,2.0,MATARA,BRAND NEW,1,,EPOC H
MOTOR CYCLE,YADEA,EPOC H,CHINA,ELECTRIC,2.0,COLOMBO,BRAND NEW,9,,EPOC H
MOTOR CYCLE,BAJAJ,PULSAR NS 200,INDIA,PETROL,199.5,HAMBANTOTA,BRAND NEW,13,,PULSAR NS 200
MOTOR CYCLE,NWOW,WSP,CHINA,ELECTRIC,1.5,COLOMBO,BRAND NEW,9,,WSP
MOTOR CYCLE,NWOW,TK 10,CHINA,ELECTRIC,0.8,GAMPAHA,BRAND NEW,7,,TK 10
MOTOR CYCLE,VMOTO,CPX,CHINA,ELECTRIC,4.3,ANURADHAPURA,BRAND NEW,1,,CPX
MOTOR CYCLE,YADEA,T 9,CHINA,ELECTRIC,2.0,BADULLA,BRAND NEW,1,,T 9
MOTOR CYCLE,YADEA,EZEEGO,CHINA,ELECTRIC,1.2,GAMPAHA,BRAND NEW,3,,EZEEGO
MOTOR CYCLE,ATHER,450X,INDIA,ELECTRIC,3.0,KALUTARA,BRAND NEW,7,,450X
MOTOR CYCLE,TVS,IQUBE,INDIA,ELECTRIC,3.34,MONERAGALA,BRAND NEW,1,,IQUBE
MOTOR CYCLE,YAMAHA,MT 15 VER 2.0,INDIA,PETROL,155.0,AMPARA,BRAND NEW,14,,MT 15 VER 2.0
MOTOR CYCLE,BAJAJ,PULSAR 180,INDIA,PETROL,180.0,MATARA,BRAND NEW,1,,PULSAR 180
MOTOR CYCLE,OKAYA,FREEDUM,INDIA,ELECTRIC,0.25,BATTICALOA,BRAND NEW,3,,FREEDUM
MOTOR CYCLE,HERO HONDA,PASSION,INDIA,PETROL,100.0,MATARA,BRAND NEW,2,,PASSION
MOTOR CYCLE,TMR LUYUAN,COLA 5,CHINA,ELECTRIC,0.4,GAMPAHA,BRAND NEW,1,,COLA 5
MOTOR CYCLE,BAJAJ,CT 100 ES,INDIA,PETROL,102.0,AMPARA,BRAND NEW,107,,CT 100 ES
MOTOR CYCLE,BAJAJ,CT 100 ES,INDIA,PETROL,102.0,MATALE,BRAND NEW,58,,CT 100 ES
MOTOR CYCLE,TVS,WEGO,INDIA,PETROL,110.0,MATARA,BRAND NEW,1,,WEGO
MOTOR CYCLE,SOLID,V8,CHINA,ELECTRIC,1.5,GAMPAHA,BRAND NEW,2,,V8
MOTOR CYCLE,TVS,IQUBE,INDIA,ELECTRIC,3.34,KEGALLE,BRAND NEW,5,,IQUBE
MOTOR CYCLE,TVS,IQUBE,INDIA,ELECTRIC,3.34,KURUNEGALA,BRAND NEW,3,,IQUBE
MOTOR CYCLE,YAMAHA,RAY ZR 125,INDIA,PETROL,125.0,MANNAR,BRAND NEW,7,,RAY ZR 125
MOTOR CYCLE,BAJAJ,DISCOVER 125,SRI LANKA,PETROL,124.5,GALLE,BRAND NEW,1,,DISCOVER 125
MOTOR CYCLE,TMR QUANLE,ZL,CHINA,ELECTRIC,2.0,MATARA,BRAND NEW,1,,ZL
MOTOR CYCLE,QUANLE,XGW,CHINA,ELECTRIC,1.2,AMPARA,BRAND NEW,1,,XGW
MOTOR CYCLE,HERO,HF-DELUXE,INDIA,PETROL,97.2,KANDY,BRAND NEW,1,HF-DELUXE,Unknown
MOTOR CYCLE,YAMAHA,MT 15 VER 2.0,INDIA,PETROL,155.0,RATNAPURA,BRAND NEW,3,,MT 15 VER 2.0
MOTOR CYCLE,TMR QUANLE,XGW,CHINA,ELECTRIC,1.2,GALLE,BRAND NEW,4,,XGW
MOTOR CYCLE,TMR QUANLE,ZS,CHINA,ELECTRIC,1.2,RATNAPURA,BRAND NEW,4,,ZS
MOTOR CYCLE,TMR QUANLE,ZL,CHINA,ELECTRIC,2.0,KANDY,BRAND NEW,2,,ZL
MOTOR CYCLE,SOLID,G6,CHINA,ELECTRIC,1.5,RATNAPURA,BRAND NEW,1,,G6
MOTOR CYCLE,AIMA,MAVERICK,CHINA,ELECTRIC,2.0,HAMBANTOTA,BRAND NEW,4,,MAVERICK
MOTOR CYCLE,NWOW,TK 10,CHINA,ELECTRIC,0.8,GALLE,BRAND NEW,1,,TK 10
MOTOR CYCLE,LUYUAN,S90 PLUS,CHINA,ELECTRIC,1.5,MONERAGALA,BRAND NEW,1,,S90 PLUS
MOTOR CYCLE,VMOTO,CPX,CHINA,ELECTRIC,4.3,PUTTALAM,BRAND NEW,1,,CPX
MOTOR CYCLE,YADEA,RUIBIN,CHINA,ELECTRIC,8.0,KURUNEGALA,BRAND NEW,1,,RUIBIN
MOTOR CYCLE,LUYUAN,MS70 Z23E,CHINA,ELECTRIC,1.2,GALLE,BRAND NEW,3,,MS70 Z23E
MOTOR CYCLE,TVS,IQUBE,INDIA,ELECTRIC,3.34,MATALE,BRAND NEW,1,,IQUBE
MOTOR CYCLE,BAJAJ,PULSAR N 160,INDIA,PETROL,164.32,BADULLA,BRAND NEW,26,,PULSAR N 160
MOTOR CYCLE,AIMA,BREEZY,CHINA,ELECTRIC,0.8,KURUNEGALA,BRAND NEW,9,,BREEZY
MOTOR CYCLE,BAJAJ,PULSAR NS 200,INDIA,PETROL,199.5,KEGALLE,BRAND NEW,10,,PULSAR NS 200
MOTOR CYCLE,BAJAJ,PULSAR NS 200,INDIA,PETROL,199.5,MANNAR,BRAND NEW,9,,PULSAR NS 200
MOTOR CYCLE,NWOW,TK 10,CHINA,ELECTRIC,0.8,KANDY,BRAND NEW,1,,TK 10
MOTOR CYCLE,LUYUAN,MYY-Z35J,CHINA,ELECTRIC,2.0,HAMBANTOTA,BRAND NEW,1,MYY-Z35J,Unknown
MOTOR CYCLE,AIMA,BREEZY,CHINA,ELECTRIC,0.8,MATARA,BRAND NEW,1,,BREEZY
MOTOR CYCLE,REVOLT,RV 1,INDIA,ELECTRIC,1.8,KURUNEGALA,BRAND NEW,1,,RV 1
MOTOR CYCLE,TVS,NTORQ 125,SRI LANKA,PETROL,124.8,AMPARA,BRAND NEW,1,,NTORQ 125
MOTOR CYCLE,TVS,NTORQ 125,SRI LANKA,PETROL,124.8,JAFFNA,BRAND NEW,1,,NTORQ 125
MOTOR CYCLE,TVS,NTORQ 125,SRI LANKA,PETROL,124.8,GALLE,BRAND NEW-L/ASSEMBLE,293,,NTORQ 125
MOTOR CYCLE,TVS,TVS RAIDER 125,SRI LANKA,PETROL,124.79,KANDY,BRAND NEW-L/ASSEMBLE,25,,TVS RAIDER 125
MOTOR CYCLE,TVS,NTORQ 125,SRI LANKA,PETROL,124.8,GAMPAHA,BRAND NEW-L/ASSEMBLE,491,,NTORQ 125
MOTOR CYCLE,TVS,NTORQ 125,SRI LANKA,PETROL,124.8,KURUNEGALA,BRAND NEW-L/ASSEMBLE,132,,NTORQ 125
MOTOR CYCLE,TVS,NTORQ 125,SRI LANKA,PETROL,124.8,MATALE,BRAND NEW-L/ASSEMBLE,59,,NTORQ 125
MOTOR CYCLE,TVS,TVS RAIDER 125,SRI LANKA,PETROL,124.79,BADULLA,BRAND NEW-L/ASSEMBLE,14,,TVS RAIDER 125
MOTOR CYCLE,TVS,NTORQ 125,SRI LANKA,PETROL,124.8,NUWARA-ELIYA,BRAND NEW-L/ASSEMBLE,24,,NTORQ 125
MOTOR CYCLE,TVS,TVS XL 100,SRI LANKA,PETROL,99.7,MATARA,BRAND NEW-L/ASSEMBLE,10,,TVS XL 100
MOTOR CYCLE,SENARO,GN125,SRI LANKA,PETROL,125.0,MATARA,BRAND NEW-L/ASSEMBLE,9,,GN125
MOTOR CYCLE,BAJAJ,CT 100 ES,SRI LANKA,PETROL,102.0,ANURADHAPURA,BRAND NEW-L/ASSEMBLE,234,,CT 100 ES
MOTOR CYCLE,BAJAJ,DISCOVER 125,SRI LANKA,PETROL,124.5,KILINOCHCHI,BRAND NEW-L/ASSEMBLE,10,,DISCOVER 125
MOTOR CYCLE,BAJAJ,DISCOVER 125,SRI LANKA,PETROL,124.5,KALUTARA,BRAND NEW-L/ASSEMBLE,50,,DISCOVER 125
MOTOR CYCLE,SENARO,GN125,SRI LANKA,PETROL,125.0,NUWARA-ELIYA,BRAND NEW-L/ASSEMBLE,3,,GN125
MOTOR CYCLE,BAJAJ,CT 100 ES,SRI LANKA,PETROL,102.0,MANNAR,BRAND NEW-L/ASSEMBLE,14,,CT 100 ES
MOTOR CYCLE,TVS,NTORQ 125,SRI LANKA,PETROL,124.8,MULLATIVU,BRAND NEW-L/ASSEMBLE,45,,NTORQ 125
MOTOR CYCLE,SENARO,GN125,SRI LANKA,PETROL,125.0,MULLATIVU,BRAND NEW-L/ASSEMBLE,2,,GN125
MOTOR CYCLE,BAJAJ,PULSAR N 125,INDIA,PETROL,124.58,RATNAPURA,BRAND NEW-L/ASSEMBLE,1,,PULSAR N 125
MOTOR CYCLE,LENCAR,ERC80,SRI LANKA,ELECTRIC,1.2,GALLE,BRAND NEW-L/ASSEMBLE,3,,ERC80
MOTOR CYCLE,NWOW,SE,SRI LANKA,ELECTRIC,0.8,GAMPAHA,BRAND NEW-L/ASSEMBLE,3,,SE
MOTOR CYCLE,BAJAJ,PULSAR N160,SRI LANKA,PETROL,164.82,MATARA,BRAND NEW-L/ASSEMBLE,18,,PULSAR N160
MOTOR CYCLE,BAJAJ,PULSAR N160,SRI LANKA,PETROL,164.82,PUTTALAM,BRAND NEW-L/ASSEMBLE,20,,PULSAR N160
MOTOR CYCLE,SENARO,CLICK 150,SRI LANKA,PETROL,150.0,KANDY,BRAND NEW-L/ASSEMBLE,4,,CLICK 150
MOTOR CYCLE,HONDA,ADV160,JAPAN,PETROL,157.0,MATARA,RECONDITIONED,1,,ADV160
MOTOR CYCLE,HONDA,PCX 125,JAPAN,PETROL,124.0,GAMPAHA,RECONDITIONED,3,,PCX 125
MOTOR CYCLE,HONDA,C50 PRESS CUB,JAPAN,PETROL,50.0,MATARA,RECONDITIONED,1,,C50 PRESS CUB
MOTOR CYCLE,HONDA,CD 50 BENLY,JAPAN,PETROL,50.0,MATARA,RECONDITIONED,1,,CD 50 BENLY
MOTOR CYCLE,HONDA,ADV160,JAPAN,PETROL,157.0,KALUTARA,RECONDITIONED,3,,ADV160
MOTOR CYCLE,HONDA,ADV-160,JAPAN,PETROL,157.0,COLOMBO,RECONDITIONED,1,ADV-160,Unknown
MOTOR CYCLE,ROYAL ENFIELD,CLASSIC 350,INDIA,PETROL,349.0,JAFFNA,RECONDITIONED,1,,CLASSIC 350
MOTOR CYCLE,HONDA,PCX160,VIETNAM,PETROL,157.0,KURUNEGALA,RECONDITIONED,1,,PCX160
MOTOR CYCLE,GALLANT,TM-70,SRI LANKA,PETROL,70.0,POLONNARUWA,BRAND NEW-L/MANUFACT,2,TM-70,Unknown
MOTOR CYCLE,RISE,LEADER PLUS,SRI LANKA,ELECTRIC,2.0,HAMBANTOTA,BRAND NEW-L/MANUFACT,1,,LEADER PLUS
MOTOR CYCLE,YAMAHA,FZ  VER 2.0,INDIA,PETROL,149.0,KURUNEGALA,BRAND NEW,62,,FZ  VER 2.0
MOTOR CYCLE,RANOMOTO,GN125H,CHINA,PETROL,124.0,GAMPAHA,BRAND NEW,21,,GN125H
MOTOR CYCLE,RANOMOTO,GN125H,CHINA,PETROL,124.0,KURUNEGALA,BRAND NEW,4,,GN125H
MOTOR CYCLE,TVS,TVS NTORQ 125 CC,INDIA,PETROL,124.8,KURUNEGALA,BRAND NEW,327,,TVS NTORQ 125 CC
MOTOR CYCLE,TVS,TVS NTORQ 125 CC,INDIA,PETROL,124.8,VAVUNIYA,BRAND NEW,47,,TVS NTORQ 125 CC
MOTOR CYCLE,TVS,TVS NTORQ 125 CC,INDIA,PETROL,124.8,COLOMBO,BRAND NEW,395,,TVS NTORQ 125 CC
MOTOR CYCLE,TVS,TVS NTORQ 125 CC,INDIA,PETROL,124.8,POLONNARUWA,BRAND NEW,59,,TVS NTORQ 125 CC
MOTOR CYCLE,ROYAL ENFIELD,CLASSIC 350,INDIA,PETROL,349.0,GALLE,BRAND NEW,1,,CLASSIC 350
MOTOR CYCLE,YAMAHA,FZ  VER 2.0,INDIA,PETROL,149.0,KANDY,BRAND NEW,46,,FZ  VER 2.0
MOTOR CYCLE,YAMAHA,RAY ZR,INDIA,PETROL,113.0,BADULLA,BRAND NEW,28,,RAY ZR
MOTOR CYCLE,YAMAHA,FZ  VER 2.0,INDIA,PETROL,149.0,RATNAPURA,BRAND NEW,23,,FZ  VER 2.0
MOTOR CYCLE,TVS,TVS NTORQ 125 CC,INDIA,PETROL,124.8,GAMPAHA,BRAND NEW,247,,TVS NTORQ 125 CC
MOTOR CYCLE,YADEA,T5,CHINA,ELECTRIC,1.2,AMPARA,BRAND NEW,27,,T5
MOTOR CYCLE,ATHER,450X,INDIA,ELECTRIC,3.0,COLOMBO,BRAND NEW,12,,450X
MOTOR CYCLE,YADEA,T5,CHINA,ELECTRIC,1.2,HAMBANTOTA,BRAND NEW,195,,T5
MOTOR CYCLE,YADEA,RUIBIN,CHINA,ELECTRIC,0.8,GALLE,BRAND NEW,26,,RUIBIN
MOTOR CYCLE,LUYUAN ALFA,MKK-Z23E-12-C,CHINA,ELECTRIC,1.2,POLONNARUWA,BRAND NEW,8,MKK-Z23E-12-C,Unknown
MOTOR CYCLE,BAJAJ,PULSAR N 125,INDIA,PETROL,124.58,MONERAGALA,BRAND NEW,25,,PULSAR N 125
MOTOR CYCLE,BAJAJ,PULSAR N 125,INDIA,PETROL,124.58,MATARA,BRAND NEW,39,,PULSAR N 125
MOTOR CYCLE,TMR QUANLE,G18,CHINA,ELECTRIC,2.0,GAMPAHA,BRAND NEW,16,,G18
MOTOR CYCLE,NWOW,SE,CHINA,ELECTRIC,0.8,GAMPAHA,BRAND NEW,21,,SE
MOTOR CYCLE,NWOW,SE,CHINA,ELECTRIC,0.8,PUTTALAM,BRAND NEW,10,,SE
MOTOR CYCLE,VMOTO,CITI,CHINA,ELECTRIC,2.0,KURUNEGALA,BRAND NEW,5,,CITI
MOTOR CYCLE,BAJAJ,DISCOVER  125,INDIA,PETROL,124.5,TRINCOMALEE,BRAND NEW,21,,DISCOVER  125
MOTOR CYCLE,BAJAJ,PULSAR N 160,INDIA,PETROL,164.32,MATALE,BRAND NEW,17,,PULSAR N 160
MOTOR CYCLE,YAMAHA,MT 15 VER 2.0,INDIA,PETROL,155.0,JAFFNA,BRAND NEW,45,,MT 15 VER 2.0
MOTOR CYCLE,YAMAHA,FZ  VER 2.0,INDIA,PETROL,149.0,KALUTARA,BRAND NEW,51,,FZ  VER 2.0
MOTOR CYCLE,YAMAHA,RAY ZR,INDIA,PETROL,113.0,MATARA,BRAND NEW,35,,RAY ZR
MOTOR CYCLE,YAMAHA,RAY ZR,INDIA,PETROL,113.0,KALUTARA,BRAND NEW,34,,RAY ZR
MOTOR CYCLE,YAMAHA,RAY ZR,INDIA,PETROL,113.0,NUWARA-ELIYA,BRAND NEW,14,,RAY ZR
MOTOR CYCLE,YAMAHA,FZ  VER 2.0,INDIA,PETROL,149.0,BATTICALOA,BRAND NEW,49,,FZ  VER 2.0
MOTOR CYCLE,BAJAJ,CT 100,INDIA,PETROL,99.27,MATARA,BRAND NEW,7,,CT 100
MOTOR CYCLE,HERO,XOOM-110,INDIA,PETROL,110.9,VAVUNIYA,BRAND NEW,2,XOOM-110,Unknown
MOTOR CYCLE,YAMAHA,RAY ZR,INDIA,PETROL,113.0,KURUNEGALA,BRAND NEW,23,,RAY ZR
MOTOR CYCLE,YAMAHA,MT 15 VER 2.0,INDIA,PETROL,155.0,KURUNEGALA,BRAND NEW,5,,MT 15 VER 2.0
MOTOR CYCLE,YAMAHA,FZ S FI VER 4.0,INDIA,PETROL,149.0,PUTTALAM,BRAND NEW,21,,FZ S FI VER 4.0
MOTOR CYCLE,HERO,XOOM-110,INDIA,PETROL,110.9,HAMBANTOTA,BRAND NEW,20,XOOM-110,Unknown
MOTOR CYCLE,HERO,XOOM-110,INDIA,PETROL,110.9,BADULLA,BRAND NEW,8,XOOM-110,Unknown
MOTOR CYCLE,BAJAJ,PULSAR NS 200,INDIA,PETROL,199.5,MATALE,BRAND NEW,3,,PULSAR NS 200
MOTOR CYCLE,BAJAJ,DISCOVER 125,SRI LANKA,PETROL,124.5,KURUNEGALA,BRAND NEW,3,,DISCOVER 125
MOTOR CYCLE,YAMAHA,RAY ZR STREET RALLY,INDIA,PETROL,113.0,BADULLA,BRAND NEW,8,,RAY ZR STREET RALLY
MOTOR CYCLE,YAMAHA,RAY ZR,INDIA,PETROL,113.0,ANURADHAPURA,BRAND NEW,16,,RAY ZR
MOTOR CYCLE,TVS,IQUBE,INDIA,ELECTRIC,3.34,RATNAPURA,BRAND NEW,7,,IQUBE
MOTOR CYCLE,YAMAHA,FZ S FI VER 4.0,INDIA,PETROL,149.0,RATNAPURA,BRAND NEW,24,,FZ S FI VER 4.0
MOTOR CYCLE,TMR QUANLE,N9 (NINEBOT),CHINA,ELECTRIC,1.5,GALLE,BRAND NEW,1,,N9 (NINEBOT)
MOTOR CYCLE,YAMAHA,RAY ZR 125,INDIA,PETROL,125.0,ANURADHAPURA,BRAND NEW,22,,RAY ZR 125
MOTOR CYCLE,SOLID,G6,CHINA,ELECTRIC,1.5,GAMPAHA,BRAND NEW,15,,G6
MOTOR CYCLE,LUYUAN ALFA,MKK-Z23E-12-C,CHINA,ELECTRIC,1.2,HAMBANTOTA,BRAND NEW,12,MKK-Z23E-12-C,Unknown
MOTOR CYCLE,YADEA,T 9,CHINA,ELECTRIC,2.0,HAMBANTOTA,BRAND NEW,3,,T 9
MOTOR CYCLE,YADEA,RUIBIN,CHINA,ELECTRIC,0.8,JAFFNA,BRAND NEW,9,,RUIBIN
MOTOR CYCLE,YADEA,EPOC H,CHINA,ELECTRIC,2.0,BADULLA,BRAND NEW,1,,EPOC H
MOTOR CYCLE,YADEA,EPOC H,CHINA,ELECTRIC,2.0,GAMPAHA,BRAND NEW,6,,EPOC H
MOTOR CYCLE,BAJAJ,PULSAR N 125,INDIA,PETROL,124.5,HAMBANTOTA,BRAND NEW,1,,PULSAR N 125
MOTOR CYCLE,HERO,HF-DELUXE,INDIA,PETROL,97.2,MANNAR,BRAND NEW,9,HF-DELUXE,Unknown
MOTOR CYCLE,YAMAHA,MT 15 VER 2.0,INDIA,PETROL,155.0,KANDY,BRAND NEW,5,,MT 15 VER 2.0
MOTOR CYCLE,HERO,XOOM-110,INDIA,PETROL,110.9,KALUTARA,BRAND NEW,16,XOOM-110,Unknown
MOTOR CYCLE,YADEA,E8S PRO,CHINA,ELECTRIC,2.0,BATTICALOA,BRAND NEW,1,,E8S PRO
MOTOR CYCLE,BAJAJ,PULSAR NS 200,INDIA,PETROL,199.5,JAFFNA,BRAND NEW,44,,PULSAR NS 200
MOTOR CYCLE,OPAI,YW-06,CHINA,ELECTRIC,2.0,MONERAGALA,BRAND NEW,1,YW-06,Unknown
MOTOR CYCLE,YAMAHA,RAY ZR STREET RALLY,INDIA,PETROL,113.0,PUTTALAM,BRAND NEW,8,,RAY ZR STREET RALLY
MOTOR CYCLE,YAMAHA,RAY ZR STREET RALLY,INDIA,PETROL,113.0,NUWARA-ELIYA,BRAND NEW,9,,RAY ZR STREET RALLY
MOTOR CYCLE,TMR LUYUAN,S18,CHINA,ELECTRIC,1.2,AMPARA,BRAND NEW,2,,S18
MOTOR CYCLE,DIMEN,D60,CHINA,ELECTRIC,1.2,GALLE,BRAND NEW,11,,D60
MOTOR CYCLE,BAJAJ,CT 100 ES,INDIA,PETROL,102.0,RATNAPURA,BRAND NEW,140,,CT 100 ES
MOTOR CYCLE,BAJAJ,CT 100 ES,INDIA,PETROL,102.0,MANNAR,BRAND NEW,32,,CT 100 ES
MOTOR CYCLE,YAMAHA,YZF R15 VER 4.0,INDIA,PETROL,155.0,MULLATIVU,BRAND NEW,3,,YZF R15 VER 4.0
MOTOR CYCLE,YADEA,EPOC H,CHINA,ELECTRIC,2.0,KALUTARA,BRAND NEW,2,,EPOC H
MOTOR CYCLE,YAMAHA,RAY ZR 125,INDIA,PETROL,125.0,VAVUNIYA,BRAND NEW,6,,RAY ZR 125
MOTOR CYCLE,YAMAHA,YZF R15 VER 4.0,INDIA,PETROL,155.0,RATNAPURA,BRAND NEW,1,,YZF R15 VER 4.0
MOTOR CYCLE,YAMAHA,FZ S FI VER 4.0,INDIA,PETROL,149.0,KILINOCHCHI,BRAND NEW,2,,FZ S FI VER 4.0
MOTOR CYCLE,HERO,XOOM-110,INDIA,PETROL,110.9,MONERAGALA,BRAND NEW,12,XOOM-110,Unknown
MOTOR CYCLE,DAELIM,VT 125,KOREA,PETROL,125.0,MATARA,BRAND NEW,1,,VT 125
MOTOR CYCLE,SOLID,ROBOT,CHINA,ELECTRIC,1.2,PUTTALAM,BRAND NEW,2,,ROBOT
MOTOR CYCLE,TAILG,RED RABBIT,CHINA,ELECTRIC,1.2,HAMBANTOTA,BRAND NEW,1,,RED RABBIT
MOTOR CYCLE,BAJAJ,XCD125 DTS-SI,INDIA,PETROL,124.58,MATARA,BRAND NEW,1,,XCD125 DTS-SI
MOTOR CYCLE,QUANLE,XGW,CHINA,ELECTRIC,1.2,KEGALLE,BRAND NEW,1,,XGW
MOTOR CYCLE,HONDA,PCX 160,INDONESIA,PETROL,160.0,MATARA,BRAND NEW,1,,PCX 160
MOTOR CYCLE,LUYUAN ALFA,MKK-Z23E-12-C,CHINA,ELECTRIC,1.2,GAMPAHA,BRAND NEW,1,MKK-Z23E-12-C,Unknown
MOTOR CYCLE,TMR LUYUAN,S18,CHINA,ELECTRIC,1.2,PUTTALAM,BRAND NEW,2,,S18
MOTOR CYCLE,TMR QUANLE,XGW,CHINA,ELECTRIC,1.2,HAMBANTOTA,BRAND NEW,2,,XGW
MOTOR CYCLE,TMR QUANLE,XGW,CHINA,ELECTRIC,1.2,KEGALLE,BRAND NEW,1,,XGW
MOTOR CYCLE,SOLID,ROBOT,CHINA,ELECTRIC,1.2,COLOMBO,BRAND NEW,1,,ROBOT
MOTOR CYCLE,AIMA,MAVERICK,CHINA,ELECTRIC,2.0,GALLE,BRAND NEW,4,,MAVERICK
MOTOR CYCLE,AIMA,MAVERICK,CHINA,ELECTRIC,2.0,KEGALLE,BRAND NEW,1,,MAVERICK
MOTOR CYCLE,ATHER,450X,INDIA,ELECTRIC,3.0,NUWARA-ELIYA,BRAND NEW,1,,450X
MOTOR CYCLE,BAJAJ,CT 100 ES,SRI LANKA,PETROL,102.0,KEGALLE,BRAND NEW,1,,CT 100 ES
MOTOR CYCLE,YADEA,EPOC H,CHINA,ELECTRIC,2.0,JAFFNA,BRAND NEW,1,,EPOC H
MOTOR CYCLE,TVS,IQUBE,INDIA,ELECTRIC,3.34,NUWARA-ELIYA,BRAND NEW,1,,IQUBE
MOTOR CYCLE,BAJAJ,PULSAR NS 200,INDIA,PETROL,199.5,MULLATIVU,BRAND NEW,4,,PULSAR NS 200
MOTOR CYCLE,BAJAJ,PULSAR N 160,INDIA,PETROL,164.32,MULLATIVU,BRAND NEW,3,,PULSAR N 160
MOTOR CYCLE,TMR LUYUAN,COLA 5,CHINA,ELECTRIC,0.4,MATARA,BRAND NEW,1,,COLA 5
MOTOR CYCLE,TMR QUANLE,ZS,CHINA,ELECTRIC,1.2,MONERAGALA,BRAND NEW,1,,ZS
MOTOR CYCLE,NWOW,V11,CHINA,ELECTRIC,1.0,GALLE,BRAND NEW,1,,V11
MOTOR CYCLE,DEMAK,SKYBORN,MALAYSIA,PETROL,150.0,GALLE,BRAND NEW,1,,SKYBORN
MOTOR CYCLE,BAJAJ,PULSAR NS 200,INDIA,PETROL,199.5,POLONNARUWA,BRAND NEW,4,,PULSAR NS 200
MOTOR CYCLE,AIMA,MANA,CHINA,ELECTRIC,1.5,BATTICALOA,BRAND NEW,1,,MANA
MOTOR CYCLE,LUYUAN ALFA,MKK-Z23E-12-C,CHINA,ELECTRIC,1.2,TRINCOMALEE,BRAND NEW,1,MKK-Z23E-12-C,Unknown
MOTOR CYCLE,TVS,TVS RAIDER 125,SRI LANKA,PETROL,124.79,POLONNARUWA,BRAND NEW,1,,TVS RAIDER 125
MOTOR CYCLE,TVS,NTORQ 125,SRI LANKA,PETROL,124.8,BATTICALOA,BRAND NEW-L/ASSEMBLE,113,,NTORQ 125
MOTOR CYCLE,TVS,NTORQ 125,SRI LANKA,PETROL,124.8,AMPARA,BRAND NEW-L/ASSEMBLE,66,,NTORQ 125
MOTOR CYCLE,TVS,NTORQ 125,SRI LANKA,PETROL,124.8,KANDY,BRAND NEW-L/ASSEMBLE,130,,NTORQ 125
MOTOR CYCLE,TVS,NTORQ 125,SRI LANKA,PETROL,124.8,KEGALLE,BRAND NEW-L/ASSEMBLE,65,,NTORQ 125
MOTOR CYCLE,TVS,TVS XL 100,SRI LANKA,PETROL,99.7,MATALE,BRAND NEW-L/ASSEMBLE,7,,TVS XL 100
MOTOR CYCLE,TVS,TVS XL 100,SRI LANKA,PETROL,99.7,TRINCOMALEE,BRAND NEW-L/ASSEMBLE,21,,TVS XL 100
MOTOR CYCLE,SENARO,GN125,SRI LANKA,PETROL,125.0,KILINOCHCHI,BRAND NEW-L/ASSEMBLE,4,,GN125
MOTOR CYCLE,BAJAJ,CT 100 ES,SRI LANKA,PETROL,102.0,COLOMBO,BRAND NEW-L/ASSEMBLE,320,,CT 100 ES
MOTOR CYCLE,BAJAJ,CT 100 ES,SRI LANKA,PETROL,102.0,KURUNEGALA,BRAND NEW-L/ASSEMBLE,259,,CT 100 ES
MOTOR CYCLE,SENARO,GN125,SRI LANKA,PETROL,125.0,GALLE,BRAND NEW-L/ASSEMBLE,7,,GN125
MOTOR CYCLE,SENARO,GN125,SRI LANKA,PETROL,125.0,KALUTARA,BRAND NEW-L/ASSEMBLE,5,,GN125
MOTOR CYCLE,BAJAJ,DISCOVER 125,SRI LANKA,PETROL,124.5,COLOMBO,BRAND NEW-L/ASSEMBLE,118,,DISCOVER 125
MOTOR CYCLE,TVS,TVS XL 100,SRI LANKA,PETROL,99.7,AMPARA,BRAND NEW-L/ASSEMBLE,4,,TVS XL 100
MOTOR CYCLE,TVS,TVS NTORQ 125 CC,INDIA,PETROL,124.8,KANDY,BRAND NEW-L/ASSEMBLE,1,,TVS NTORQ 125 CC
MOTOR CYCLE,TVS,TVS XL 100,SRI LANKA,PETROL,99.7,BADULLA,BRAND NEW-L/ASSEMBLE,5,,TVS XL 100
MOTOR CYCLE,RANOMOTO,MOPED SUPER,SRI LANKA,PETROL,49.0,COLOMBO,BRAND NEW-L/ASSEMBLE,1,,MOPED SUPER
MOTOR CYCLE,RANOMOTO,MOPED SUPER,SRI LANKA,PETROL,49.0,MANNAR,BRAND NEW-L/ASSEMBLE,1,,MOPED SUPER
MOTOR CYCLE,RANOMOTO,MOPED SUPER,SRI LANKA,PETROL,49.0,MATARA,BRAND NEW-L/ASSEMBLE,1,,MOPED SUPER
MOTOR CYCLE,BAJAJ,PULSAR N160,SRI LANKA,PETROL,164.82,BATTICALOA,BRAND NEW-L/ASSEMBLE,38,,PULSAR N160
MOTOR CYCLE,BAJAJ,PULSAR N160,SRI LANKA,PETROL,164.82,AMPARA,BRAND NEW-L/ASSEMBLE,28,,PULSAR N160
MOTOR CYCLE,BAJAJ,PULSAR N160,SRI LANKA,PETROL,164.82,KURUNEGALA,BRAND NEW-L/ASSEMBLE,34,,PULSAR N160
MOTOR CYCLE,BAJAJ,DISCOVER  125,INDIA,PETROL,124.5,COLOMBO,BRAND NEW-L/ASSEMBLE,1,,DISCOVER  125
MOTOR CYCLE,SENARO,CLICK 150,SRI LANKA,PETROL,150.0,BADULLA,BRAND NEW-L/ASSEMBLE,1,,CLICK 150
MOTOR CYCLE,HONDA,PCX,JAPAN,PETROL,157.0,PUTTALAM,RECONDITIONED,2,,PCX
MOTOR CYCLE,HONDA,PCX,JAPAN,PETROL,124.0,MATALE,RECONDITIONED,2,,PCX
MOTOR CYCLE,HONDA,PCX125,VIETNAM,PETROL,124.0,PUTTALAM,RECONDITIONED,2,,PCX125
MOTOR CYCLE,HONDA,DIO,JAPAN,PETROL,109.0,GALLE,RECONDITIONED,1,,DIO
MOTOR CYCLE,YAMAHA,CG 42,JAPAN,PETROL,249.0,KANDY,RECONDITIONED,1,,CG 42
MOTOR CYCLE,HONDA,PCX,JAPAN,PETROL,124.0,KURUNEGALA,RECONDITIONED,1,,PCX
MOTOR CYCLE,RISE,LEADER PLUS,SRI LANKA,ELECTRIC,2.0,MULLATIVU,BRAND NEW-L/MANUFACT,3,,LEADER PLUS
MOTOR CYCLE,RISE,LEADER,SRI LANKA,ELECTRIC,2.0,COLOMBO,BRAND NEW-L/MANUFACT,2,,LEADER
MOTOR CYCLE,RISE,LEADER 125,SRI LANKA,PETROL,125.0,KILINOCHCHI,BRAND NEW-L/MANUFACT,1,,LEADER 125
MOTOR CYCLE,RANOMOTO,GN125H,CHINA,PETROL,124.0,ANURADHAPURA,BRAND NEW,5,,GN125H
MOTOR CYCLE,RANOMOTO,GN125H,CHINA,PETROL,124.0,MATARA,BRAND NEW,3,,GN125H
MOTOR CYCLE,TVS,IQUBE,INDIA,ELECTRIC,3.34,MATARA,BRAND NEW,10,,IQUBE
MOTOR CYCLE,YAMAHA,FZ S FI VER 4.0,INDIA,PETROL,149.0,KEGALLE,BRAND NEW,19,,FZ S FI VER 4.0
MOTOR CYCLE,YADEA,T5,CHINA,ELECTRIC,1.2,MONERAGALA,BRAND NEW,72,,T5
MOTOR CYCLE,YADEA,T5,CHINA,ELECTRIC,1.2,POLONNARUWA,BRAND NEW,124,,T5
MOTOR CYCLE,ATHER,450X,INDIA,ELECTRIC,3.0,RATNAPURA,BRAND NEW,9,,450X
MOTOR CYCLE,YADEA,T5,CHINA,ELECTRIC,1.2,JAFFNA,BRAND NEW,55,,T5
MOTOR CYCLE,YADEA,T 9,CHINA,ELECTRIC,2.0,GALLE,BRAND NEW,1,,T 9
MOTOR CYCLE,LUYUAN ALFA,MKK-Z23E-12-C,CHINA,ELECTRIC,1.2,AMPARA,BRAND NEW,9,MKK-Z23E-12-C,Unknown
MOTOR CYCLE,BAJAJ,PULSAR N 125,INDIA,PETROL,124.58,MATALE,BRAND NEW,18,,PULSAR N 125
MOTOR CYCLE,YADEA,T5,CHINA,ELECTRIC,1.2,MANNAR,BRAND NEW,4,,T5
MOTOR CYCLE,YADEA,RUIBIN,CHINA,ELECTRIC,0.8,PUTTALAM,BRAND NEW,35,,RUIBIN
MOTOR CYCLE,BAJAJ,DISCOVER  125,INDIA,PETROL,124.5,MONERAGALA,BRAND NEW,20,,DISCOVER  125
MOTOR CYCLE,YAMAHA,FZ  VER 2.0,INDIA,PETROL,149.0,POLONNARUWA,BRAND NEW,34,,FZ  VER 2.0
MOTOR CYCLE,YAMAHA,RAY ZR STREET RALLY,INDIA,PETROL,113.0,GAMPAHA,BRAND NEW,48,,RAY ZR STREET RALLY
MOTOR CYCLE,YAMAHA,MT 15 VER 2.0,INDIA,PETROL,155.0,MANNAR,BRAND NEW,4,,MT 15 VER 2.0
MOTOR CYCLE,RANOMOTO,GN125H,CHINA,PETROL,124.0,POLONNARUWA,BRAND NEW,2,,GN125H
MOTOR CYCLE,TVS,IQUBE,INDIA,ELECTRIC,3.34,PUTTALAM,BRAND NEW,5,,IQUBE
MOTOR CYCLE,SUPER SOCO,TS STREET HUNTER,CHINA,ELECTRIC,2.5,PUTTALAM,BRAND NEW,2,,TS STREET HUNTER
MOTOR CYCLE,HERO,HF-DELUXE,INDIA,PETROL,97.2,MATALE,BRAND NEW,2,HF-DELUXE,Unknown
MOTOR CYCLE,TMR QUANLE,ZS,CHINA,ELECTRIC,1.2,ANURADHAPURA,BRAND NEW,3,,ZS
MOTOR CYCLE,REVOLT,RV 400,INDIA,ELECTRIC,3.0,PUTTALAM,BRAND NEW,2,,RV 400
MOTOR CYCLE,LUYUAN ALFA,MKK-Z23E-12-C,CHINA,ELECTRIC,1.2,KALUTARA,BRAND NEW,3,MKK-Z23E-12-C,Unknown
MOTOR CYCLE,BAJAJ,PULSAR N 125,INDIA,PETROL,124.58,HAMBANTOTA,BRAND NEW,17,,PULSAR N 125
MOTOR CYCLE,YAMAHA,RAY ZR STREET RALLY,INDIA,PETROL,113.0,MATALE,BRAND NEW,10,,RAY ZR STREET RALLY
MOTOR CYCLE,YAMAHA,YZF R15 VER 4.0,INDIA,PETROL,155.0,KURUNEGALA,BRAND NEW,5,,YZF R15 VER 4.0
MOTOR CYCLE,YAMAHA,FZ S FI VER 4.0,INDIA,PETROL,149.0,BADULLA,BRAND NEW,12,,FZ S FI VER 4.0
MOTOR CYCLE,YAMAHA,RAY ZRSTREETRALLY125,INDIA,PETROL,125.0,POLONNARUWA,BRAND NEW,1,,RAY ZRSTREETRALLY125
MOTOR CYCLE,ATHER,450X,INDIA,ELECTRIC,3.0,MULLATIVU,BRAND NEW,4,,450X
MOTOR CYCLE,SOLID,G6,CHINA,ELECTRIC,1.5,KANDY,BRAND NEW,2,,G6
MOTOR CYCLE,SOLID,G6,CHINA,ELECTRIC,1.5,COLOMBO,BRAND NEW,1,,G6
MOTOR CYCLE,YAMAHA,RAY ZR STREET RALLY,INDIA,PETROL,113.0,MULLATIVU,BRAND NEW,4,,RAY ZR STREET RALLY
MOTOR CYCLE,LUYUAN,S90 PLUS,CHINA,ELECTRIC,1.5,KURUNEGALA,BRAND NEW,2,,S90 PLUS
MOTOR CYCLE,YADEA,RUIBIN,CHINA,ELECTRIC,0.8,HAMBANTOTA,BRAND NEW,25,,RUIBIN
MOTOR CYCLE,TMR LUYUAN,MQQ6,CHINA,ELECTRIC,0.8,ANURADHAPURA,BRAND NEW,2,,MQQ6
MOTOR CYCLE,ROYAL ENFIELD,CLASSIC 350,INDIA,PETROL,349.0,NUWARA-ELIYA,BRAND NEW,1,,CLASSIC 350
MOTOR CYCLE,BAJAJ,PULSAR N 160,INDIA,PETROL,164.32,COLOMBO,BRAND NEW,103,,PULSAR N 160
MOTOR CYCLE,BAJAJ,BOXER CT DELUXE,INDIA,PETROL,99.35,MATARA,BRAND NEW,3,,BOXER CT DELUXE
MOTOR CYCLE,OYFLY,TDM-LTW,CHINA,ELECTRIC,2.0,KURUNEGALA,BRAND NEW,1,TDM-LTW,Unknown
MOTOR CYCLE,NWOW,ARS,CHINA,ELECTRIC,0.45,KALUTARA,BRAND NEW,4,,ARS
MOTOR CYCLE,OYFLY,TDM-LTW,CHINA,ELECTRIC,2.0,BADULLA,BRAND NEW,1,TDM-LTW,Unknown
MOTOR CYCLE,BAJAJ,CT 100 ES,INDIA,PETROL,102.0,MONERAGALA,BRAND NEW,112,,CT 100 ES
MOTOR CYCLE,BAJAJ,CT 100 ES,INDIA,PETROL,102.0,ANURADHAPURA,BRAND NEW,257,,CT 100 ES
MOTOR CYCLE,BAJAJ,CT 100 ES,INDIA,PETROL,102.0,JAFFNA,BRAND NEW,56,,CT 100 ES
MOTOR CYCLE,TVS,IQUBE,INDIA,ELECTRIC,3.34,POLONNARUWA,BRAND NEW,1,,IQUBE
MOTOR CYCLE,BAJAJ,CT 100 ES,INDIA,PETROL,102.0,GALLE,BRAND NEW,284,,CT 100 ES
MOTOR CYCLE,HERO,XOOM-110,INDIA,PETROL,110.9,MULLATIVU,BRAND NEW,7,XOOM-110,Unknown
MOTOR CYCLE,YADEA,E8S PRO,CHINA,ELECTRIC,2.0,AMPARA,BRAND NEW,2,,E8S PRO
MOTOR CYCLE,YAMAHA,RAY ZR 125,INDIA,PETROL,125.0,AMPARA,BRAND NEW,11,,RAY ZR 125
MOTOR CYCLE,YAMAHA,MT 15 VER 2.0,INDIA,PETROL,155.0,BADULLA,BRAND NEW,1,,MT 15 VER 2.0
MOTOR CYCLE,BAJAJ,PLATINA BM 125,INDIA,PETROL,124.6,MATARA,BRAND NEW,1,,PLATINA BM 125
MOTOR CYCLE,BAJAJ,DISCOVER 125-ES,INDIA,PETROL,124.6,MATARA,BRAND NEW,2,,DISCOVER 125-ES
MOTOR CYCLE,LIMA,EL07,CHINA,ELECTRIC,1.5,MATARA,BRAND NEW,3,,EL07
MOTOR CYCLE,TAILG,RED RABBIT,CHINA,ELECTRIC,1.2,PUTTALAM,BRAND NEW,4,,RED RABBIT
MOTOR CYCLE,TAILG,SAI BEI,CHINA,ELECTRIC,1.5,MONERAGALA,BRAND NEW,3,,SAI BEI
MOTOR CYCLE,OYFLY,TDM-LTW,CHINA,ELECTRIC,2.0,KALUTARA,BRAND NEW,1,TDM-LTW,Unknown
MOTOR CYCLE,LUYUAN ALFA,MKK-Z23E-12-C,CHINA,ELECTRIC,1.2,KANDY,BRAND NEW,1,MKK-Z23E-12-C,Unknown
MOTOR CYCLE,SUPER SOCO,CUX PRO,CHINA,ELECTRIC,2.1,ANURADHAPURA,BRAND NEW,1,,CUX PRO
MOTOR CYCLE,YADEA,E8S PRO,CHINA,ELECTRIC,2.0,POLONNARUWA,BRAND NEW,1,,E8S PRO
MOTOR CYCLE,YADEA,EPOC H,CHINA,ELECTRIC,2.0,ANURADHAPURA,BRAND NEW,3,,EPOC H
MOTOR CYCLE,YADEA,EPOC H,CHINA,ELECTRIC,2.0,GALLE,BRAND NEW,5,,EPOC H
MOTOR CYCLE,YADEA,RUIBIN,CHINA,ELECTRIC,0.8,RATNAPURA,BRAND NEW,7,,RUIBIN
MOTOR CYCLE,NWOW,SE,CHINA,ELECTRIC,0.8,GALLE,BRAND NEW,2,,SE
MOTOR CYCLE,YAMAHA,FZ S FI VER 4.0,INDIA,PETROL,149.0,MULLATIVU,BRAND NEW,3,,FZ S FI VER 4.0
MOTOR CYCLE,TMR QUANLE,XGW,CHINA,ELECTRIC,1.2,AMPARA,BRAND NEW,5,,XGW
MOTOR CYCLE,TMR QUANLE,XGW,CHINA,ELECTRIC,1.2,KURUNEGALA,BRAND NEW,14,,XGW
MOTOR CYCLE,SOLID,ROBOT,CHINA,ELECTRIC,1.2,MATARA,BRAND NEW,1,,ROBOT
MOTOR CYCLE,AIMA,MAVERICK,CHINA,ELECTRIC,2.0,KURUNEGALA,BRAND NEW,5,,MAVERICK
MOTOR CYCLE,OYFLY,TDM-LTW,CHINA,ELECTRIC,2.0,MATARA,BRAND NEW,3,TDM-LTW,Unknown
MOTOR CYCLE,AIMA,BREEZY,CHINA,ELECTRIC,0.8,KALUTARA,BRAND NEW,1,,BREEZY
MOTOR CYCLE,LUYUAN,M-MHH-Z45LJ,CHINA,ELECTRIC,2.0,HAMBANTOTA,BRAND NEW,3,,M-MHH-Z45LJ
MOTOR CYCLE,YAMAHA,MT 15 VER 2.0,INDIA,PETROL,155.0,PUTTALAM,BRAND NEW,1,,MT 15 VER 2.0
MOTOR CYCLE,REVOLT,RV 400,INDIA,ELECTRIC,3.0,KALUTARA,BRAND NEW,1,,RV 400
MOTOR CYCLE,BAJAJ,PULSAR N 160,INDIA,PETROL,164.32,POLONNARUWA,BRAND NEW,19,,PULSAR N 160
MOTOR CYCLE,BAJAJ,PULSAR NS 200,INDIA,PETROL,199.5,BATTICALOA,BRAND NEW,21,,PULSAR NS 200
MOTOR CYCLE,ATHER,450X,INDIA,ELECTRIC,3.0,TRINCOMALEE,BRAND NEW,1,,450X
MOTOR CYCLE,AIMA,BREEZY,CHINA,ELECTRIC,0.8,PUTTALAM,BRAND NEW,1,,BREEZY
MOTOR CYCLE,BAJAJ,PULSAR NS 200,INDIA,PETROL,199.5,RATNAPURA,BRAND NEW,4,,PULSAR NS 200
MOTOR CYCLE,YADEA,EPOC H,CHINA,ELECTRIC,2.0,MONERAGALA,BRAND NEW,1,,EPOC H
MOTOR CYCLE,TVS,TVS RAIDER 125,SRI LANKA,PETROL,124.79,KEGALLE,BRAND NEW-L/ASSEMBLE,13,,TVS RAIDER 125
MOTOR CYCLE,TVS,NTORQ 125,SRI LANKA,PETROL,124.8,HAMBANTOTA,BRAND NEW-L/ASSEMBLE,86,,NTORQ 125
MOTOR CYCLE,TVS,TVS RAIDER 125,SRI LANKA,PETROL,124.79,COLOMBO,BRAND NEW-L/ASSEMBLE,148,,TVS RAIDER 125
MOTOR CYCLE,TVS,TVS XL 100,SRI LANKA,PETROL,99.7,GALLE,BRAND NEW-L/ASSEMBLE,8,,TVS XL 100
MOTOR CYCLE,TVS,TVS XL 100,SRI LANKA,PETROL,99.7,KALUTARA,BRAND NEW-L/ASSEMBLE,7,,TVS XL 100
MOTOR CYCLE,SENARO,GN125,SRI LANKA,PETROL,125.0,AMPARA,BRAND NEW-L/ASSEMBLE,13,,GN125
MOTOR CYCLE,BAJAJ,CT 100 ES,SRI LANKA,PETROL,102.0,AMPARA,BRAND NEW-L/ASSEMBLE,63,,CT 100 ES
MOTOR CYCLE,BAJAJ,CT 100 ES,SRI LANKA,PETROL,102.0,PUTTALAM,BRAND NEW-L/ASSEMBLE,141,,CT 100 ES
MOTOR CYCLE,BAJAJ,CT 100 ES,SRI LANKA,PETROL,102.0,MATALE,BRAND NEW-L/ASSEMBLE,63,,CT 100 ES
MOTOR CYCLE,BAJAJ,DISCOVER 125,SRI LANKA,PETROL,124.5,GALLE,BRAND NEW-L/ASSEMBLE,79,,DISCOVER 125
MOTOR CYCLE,BAJAJ,DISCOVER 125,SRI LANKA,PETROL,124.5,MATALE,BRAND NEW-L/ASSEMBLE,15,,DISCOVER 125
MOTOR CYCLE,BAJAJ,CT 100 ES,SRI LANKA,PETROL,102.0,KANDY,BRAND NEW-L/ASSEMBLE,57,,CT 100 ES
MOTOR CYCLE,LENCAR,ERC80,SRI LANKA,ELECTRIC,1.2,COLOMBO,BRAND NEW-L/ASSEMBLE,11,,ERC80
MOTOR CYCLE,SENARO,GN125,SRI LANKA,PETROL,125.0,JAFFNA,BRAND NEW-L/ASSEMBLE,4,,GN125
MOTOR CYCLE,SENARO,GN125,SRI LANKA,PETROL,125.0,MATALE,BRAND NEW-L/ASSEMBLE,3,,GN125
MOTOR CYCLE,BAJAJ,PULSAR N160,SRI LANKA,PETROL,164.82,HAMBANTOTA,BRAND NEW-L/ASSEMBLE,18,,PULSAR N160
MOTOR CYCLE,RANOMOTO,C 50 CUSTOM,SRI LANKA,PETROL,49.0,KALUTARA,BRAND NEW-L/ASSEMBLE,1,,C 50 CUSTOM
MOTOR CYCLE,RANOMOTO,MOPED SUPER,SRI LANKA,PETROL,49.0,TRINCOMALEE,BRAND NEW-L/ASSEMBLE,9,,MOPED SUPER
MOTOR CYCLE,SENARO,GN125,SRI LANKA,PETROL,125.0,PUTTALAM,BRAND NEW-L/ASSEMBLE,1,,GN125
MOTOR CYCLE,BAJAJ,PULSAR N160,SRI LANKA,PETROL,164.82,KEGALLE,BRAND NEW-L/ASSEMBLE,14,,PULSAR N160
MOTOR CYCLE,BAJAJ,PULSAR N160,SRI LANKA,PETROL,164.82,BADULLA,BRAND NEW-L/ASSEMBLE,13,,PULSAR N160
MOTOR CYCLE,BAJAJ,PULSAR N160,SRI LANKA,PETROL,164.82,JAFFNA,BRAND NEW-L/ASSEMBLE,13,,PULSAR N160
MOTOR CYCLE,YAMAHA,MATE 50,JAPAN,PETROL,49.0,KALUTARA,RECONDITIONED,1,,MATE 50
MOTOR CYCLE,HONDA,PCX 125,VIETNAM,PETROL,124.0,GAMPAHA,RECONDITIONED,1,,PCX 125
MOTOR CYCLE,YAMAHA,R15,INDIA,PETROL,155.0,AMPARA,RECONDITIONED,1,,R15
MOTOR CYCLE,HONDA,ADV 160,JAPAN,PETROL,157.0,KURUNEGALA,RECONDITIONED,1,,ADV 160
MOTOR CYCLE,HONDA,PCX 160,JAPAN,PETROL,156.0,PUTTALAM,RECONDITIONED,1,,PCX 160
MOTOR CYCLE,HONDA,PCX,JAPAN,PETROL,124.0,GAMPAHA,RECONDITIONED,1,,PCX
MOTOR CYCLE,HONDA,PCX 125,VIETNAM,PETROL,124.0,PUTTALAM,RECONDITIONED,1,,PCX 125
MOTOR CYCLE,HONDA,LEAD 50,JAPAN,PETROL,49.0,GAMPAHA,RECONDITIONED,1,,LEAD 50
MOTOR CYCLE,RISE,LEADER R80,SRI LANKA,ELECTRIC,2.0,COLOMBO,BRAND NEW-L/MANUFACT,3,,LEADER R80
MOTOR CYCLE,RISE,LEADER R 100,SRI LANKA,ELECTRIC,2.0,GALLE,BRAND NEW-L/MANUFACT,4,,LEADER R 100
MOTOR CYCLE,BAJAJ,CT 100 ES,SRI LANKA,PETROL,102.0,POLONNARUWA,BRAND NEW-L/MANUFACT,1,,CT 100 ES
MOTOR CYCLE,RISE,LEADER PLUS,SRI LANKA,ELECTRIC,2.0,JAFFNA,BRAND NEW-L/MANUFACT,2,,LEADER PLUS
MOTOR CYCLE,RISE,LEADER R80,SRI LANKA,ELECTRIC,2.0,KALUTARA,BRAND NEW-L/MANUFACT,1,,LEADER R80
MOTOR CYCLE,RISE,LEADER R 100,SRI LANKA,ELECTRIC,2.0,MONERAGALA,BRAND NEW-L/MANUFACT,2,,LEADER R 100
MOTOR CYCLE,RISE,LEADER 125,SRI LANKA,ELECTRIC,125.0,JAFFNA,BRAND NEW-L/MANUFACT,1,,LEADER 125
MOTOR CYCLE,HONDA,STEED,JAPAN,PETROL,398.0,COLOMBO,BOUGHT FROM AUCTION,1,,STEED
MOTOR CYCLE,RANOMOTO,GN125H,CHINA,PETROL,124.0,HAMBANTOTA,BRAND NEW,4,,GN125H
MOTOR CYCLE,TVS,TVS NTORQ 125 CC,INDIA,PETROL,124.8,KILINOCHCHI,BRAND NEW,42,,TVS NTORQ 125 CC
MOTOR CYCLE,TVS,TVS NTORQ 125 CC,INDIA,PETROL,124.8,ANURADHAPURA,BRAND NEW,281,,TVS NTORQ 125 CC
MOTOR CYCLE,RANOMOTO,GN125H,CHINA,PETROL,124.0,PUTTALAM,BRAND NEW,3,,GN125H
MOTOR CYCLE,TVS,TVS NTORQ 125 CC,INDIA,PETROL,124.8,KALUTARA,BRAND NEW,254,,TVS NTORQ 125 CC
MOTOR CYCLE,YAMAHA,FZ S FI VER 4.0,INDIA,PETROL,149.0,BATTICALOA,BRAND NEW,86,,FZ S FI VER 4.0
MOTOR CYCLE,YADEA,T5,CHINA,ELECTRIC,1.2,KALUTARA,BRAND NEW,137,,T5
MOTOR CYCLE,REVOLT,RV 400,INDIA,ELECTRIC,3.0,GAMPAHA,BRAND NEW,1,,RV 400
MOTOR CYCLE,YADEA,M6,CHINA,ELECTRIC,1.2,KALUTARA,BRAND NEW,2,,M6
MOTOR CYCLE,YADEA,RUIBIN,CHINA,ELECTRIC,0.8,ANURADHAPURA,BRAND NEW,58,,RUIBIN
MOTOR CYCLE,YADEA,M6,CHINA,ELECTRIC,1.2,PUTTALAM,BRAND NEW,3,,M6
MOTOR CYCLE,YADEA,M6,CHINA,ELECTRIC,1.2,KURUNEGALA,BRAND NEW,3,,M6
MOTOR CYCLE,LUYUAN,MYT,CHINA,ELECTRIC,0.8,HAMBANTOTA,BRAND NEW,15,,MYT
MOTOR CYCLE,BAJAJ,PULSAR N 125,INDIA,PETROL,124.58,RATNAPURA,BRAND NEW,30,,PULSAR N 125
MOTOR CYCLE,BAJAJ,PULSAR NS 400 Z,INDIA,PETROL,373.27,AMPARA,BRAND NEW,1,,PULSAR NS 400 Z
MOTOR CYCLE,TMR QUANLE,ZL,CHINA,ELECTRIC,2.0,KURUNEGALA,BRAND NEW,19,,ZL
MOTOR CYCLE,TMR QUANLE,ZL,CHINA,ELECTRIC,2.0,RATNAPURA,BRAND NEW,4,,ZL
MOTOR CYCLE,TVS,TVS NTORQ 125 CC,INDIA,PETROL,124.8,AMPARA,BRAND NEW,42,,TVS NTORQ 125 CC
MOTOR CYCLE,YADEA,T5,CHINA,ELECTRIC,1.2,KEGALLE,BRAND NEW,10,,T5
MOTOR CYCLE,YADEA,T5,CHINA,ELECTRIC,1.2,TRINCOMALEE,BRAND NEW,27,,T5
MOTOR CYCLE,BAJAJ,DISCOVER  125,INDIA,PETROL,124.5,BADULLA,BRAND NEW,15,,DISCOVER  125
MOTOR CYCLE,BAJAJ,DISCOVER  125,INDIA,PETROL,124.5,VAVUNIYA,BRAND NEW,9,,DISCOVER  125
MOTOR CYCLE,BAJAJ,DISCOVER  125,INDIA,PETROL,124.5,KALUTARA,BRAND NEW,42,,DISCOVER  125
MOTOR CYCLE,YAMAHA,FZ  VER 2.0,INDIA,PETROL,149.0,TRINCOMALEE,BRAND NEW,36,,FZ  VER 2.0
MOTOR CYCLE,YAMAHA,RAY ZR,INDIA,PETROL,113.0,JAFFNA,BRAND NEW,33,,RAY ZR
MOTOR CYCLE,YAMAHA,FZ  VER 2.0,INDIA,PETROL,149.0,JAFFNA,BRAND NEW,11,,FZ  VER 2.0
MOTOR CYCLE,YAMAHA,RAY ZR STREET RALLY,INDIA,PETROL,113.0,MANNAR,BRAND NEW,6,,RAY ZR STREET RALLY
MOTOR CYCLE,YAMAHA,RAY ZRSTREETRALLY125,INDIA,PETROL,125.0,MATALE,BRAND NEW,4,,RAY ZRSTREETRALLY125
MOTOR CYCLE,YAMAHA,RAY ZR,INDIA,PETROL,113.0,POLONNARUWA,BRAND NEW,12,,RAY ZR
MOTOR CYCLE,RANOMOTO,GN125H,CHINA,PETROL,124.0,RATNAPURA,BRAND NEW,4,,GN125H
MOTOR CYCLE,YAMAHA,RAY ZR,INDIA,PETROL,113.0,GAMPAHA,BRAND NEW,83,,RAY ZR
MOTOR CYCLE,YAMAHA,FZ S FI VER 4.0,INDIA,PETROL,149.0,MATARA,BRAND NEW,17,,FZ S FI VER 4.0
MOTOR CYCLE,HERO,XOOM-110,INDIA,PETROL,110.9,TRINCOMALEE,BRAND NEW,17,XOOM-110,Unknown
MOTOR CYCLE,BAJAJ,DISCOVER  125,INDIA,PETROL,124.5,BATTICALOA,BRAND NEW,17,,DISCOVER  125
MOTOR CYCLE,YAMAHA,RAY ZR STREET RALLY,INDIA,PETROL,113.0,KURUNEGALA,BRAND NEW,14,,RAY ZR STREET RALLY
MOTOR CYCLE,TMR QUANLE,G18,CHINA,ELECTRIC,2.0,AMPARA,BRAND NEW,1,,G18
MOTOR CYCLE,TMR QUANLE,ZL,CHINA,ELECTRIC,2.0,HAMBANTOTA,BRAND NEW,10,,ZL
MOTOR CYCLE,ATHER,450X,INDIA,ELECTRIC,3.0,PUTTALAM,BRAND NEW,4,,450X
MOTOR CYCLE,QUANLE,N9 (NINEBOT),CHINA,ELECTRIC,1.5,HAMBANTOTA,BRAND NEW,9,,N9 (NINEBOT)
MOTOR CYCLE,YAMAHA,YZF R15 VER 4.0,INDIA,PETROL,155.0,MATALE,BRAND NEW,2,,YZF R15 VER 4.0
MOTOR CYCLE,YADEA,EPOC H,CHINA,ELECTRIC,2.0,PUTTALAM,BRAND NEW,4,,EPOC H
MOTOR CYCLE,YADEA,T5,CHINA,ELECTRIC,1.2,KILINOCHCHI,BRAND NEW,36,,T5
MOTOR CYCLE,YADEA,T 9,CHINA,ELECTRIC,2.0,TRINCOMALEE,BRAND NEW,2,,T 9
MOTOR CYCLE,BAJAJ,CT 100 ES,SRI LANKA,PETROL,102.0,MANNAR,BRAND NEW,1,,CT 100 ES
MOTOR CYCLE,BAJAJ,PULSAR N 125,INDIA,PETROL,124.58,BADULLA,BRAND NEW,21,,PULSAR N 125
MOTOR CYCLE,NWOW,V11,CHINA,ELECTRIC,1.0,MATARA,BRAND NEW,2,,V11
MOTOR CYCLE,REVOLT,RV 400,INDIA,ELECTRIC,3.0,MATARA,BRAND NEW,1,,RV 400
MOTOR CYCLE,YAMAHA,YZF R15 VER 4.0,INDIA,PETROL,155.0,MANNAR,BRAND NEW,5,,YZF R15 VER 4.0
MOTOR CYCLE,HART FORD,VR125HX,THAIWAN,PETROL,125.0,PUTTALAM,BRAND NEW,1,,VR125HX
MOTOR CYCLE,YAMAHA,FZ S FI VER 4.0,INDIA,PETROL,149.0,GALLE,BRAND NEW,17,,FZ S FI VER 4.0
MOTOR CYCLE,BAJAJ,PULSAR NS 400 Z,INDIA,PETROL,373.27,GALLE,BRAND NEW,1,,PULSAR NS 400 Z
MOTOR CYCLE,BAJAJ,BOXER DX,INDIA,PETROL,99.35,MATARA,BRAND NEW,1,,BOXER DX
MOTOR CYCLE,BAJAJ,CT 100 ES,INDIA,PETROL,102.0,PUTTALAM,BRAND NEW,224,,CT 100 ES
MOTOR CYCLE,BAJAJ,CT 100 ES,INDIA,PETROL,102.0,NUWARA-ELIYA,BRAND NEW,53,,CT 100 ES
MOTOR CYCLE,BAJAJ,CT 100 ES,INDIA,PETROL,102.0,POLONNARUWA,BRAND NEW,119,,CT 100 ES
MOTOR CYCLE,YAMAHA,MT 15 VER 2.0,INDIA,PETROL,155.0,HAMBANTOTA,BRAND NEW,1,,MT 15 VER 2.0
MOTOR CYCLE,LUYUAN,MYT,CHINA,ELECTRIC,0.8,MATARA,BRAND NEW,2,,MYT
MOTOR CYCLE,SOLID,LEO,CHINA,ELECTRIC,1.2,GAMPAHA,BRAND NEW,4,,LEO
MOTOR CYCLE,TAILG,RED RABBIT,CHINA,ELECTRIC,1.2,ANURADHAPURA,BRAND NEW,1,,RED RABBIT
MOTOR CYCLE,BAJAJ,DISCOVER 150-DIS,INDIA,PETROL,144.8,MATARA,BRAND NEW,1,,DISCOVER 150-DIS
MOTOR CYCLE,TMR LUYUAN,S18,CHINA,ELECTRIC,1.2,RATNAPURA,BRAND NEW,3,,S18
MOTOR CYCLE,YADEA,E8S PRO,CHINA,ELECTRIC,2.0,MONERAGALA,BRAND NEW,2,,E8S PRO
MOTOR CYCLE,BAJAJ,PULSAR N 160,INDIA,PETROL,164.32,KALUTARA,BRAND NEW,49,,PULSAR N 160
MOTOR CYCLE,ATHER,450X,INDIA,ELECTRIC,3.0,AMPARA,BRAND NEW,4,,450X
MOTOR CYCLE,DIMEN,D60,CHINA,ELECTRIC,1.2,MATALE,BRAND NEW,1,,D60
MOTOR CYCLE,YADEA,M6,CHINA,ELECTRIC,1.2,ANURADHAPURA,BRAND NEW,1,,M6
MOTOR CYCLE,TMR QUANLE,Q1,CHINA,ELECTRIC,1.2,MATARA,BRAND NEW,1,,Q1
MOTOR CYCLE,AIMA,BREEZY,CHINA,ELECTRIC,0.8,COLOMBO,BRAND NEW,1,,BREEZY
MOTOR CYCLE,NWOW,ARS,CHINA,ELECTRIC,0.45,MATARA,BRAND NEW,1,,ARS
MOTOR CYCLE,BAJAJ,PULSAR NS 200,INDIA,PETROL,199.5,PUTTALAM,BRAND NEW,11,,PULSAR NS 200
MOTOR CYCLE,HERO,XOOM-110,INDIA,PETROL,110.9,KILINOCHCHI,BRAND NEW,1,XOOM-110,Unknown
MOTOR CYCLE,GALLANT,ZX - EH718,CHINA,ELECTRIC,1.0,GAMPAHA,BRAND NEW,1,,ZX - EH718
MOTOR CYCLE,TVS,TVS RAIDER 125,SRI LANKA,PETROL,124.79,MULLATIVU,BRAND NEW-L/ASSEMBLE,5,,TVS RAIDER 125
MOTOR CYCLE,TVS,TVS RAIDER 125,SRI LANKA,PETROL,124.79,HAMBANTOTA,BRAND NEW-L/ASSEMBLE,1,,TVS RAIDER 125
MOTOR CYCLE,TVS,NTORQ 125,SRI LANKA,PETROL,124.8,TRINCOMALEE,BRAND NEW-L/ASSEMBLE,115,,NTORQ 125
MOTOR CYCLE,TVS,TVS XL 100,SRI LANKA,PETROL,99.7,HAMBANTOTA,BRAND NEW-L/ASSEMBLE,179,,TVS XL 100
MOTOR CYCLE,TVS,TVS RAIDER 125,SRI LANKA,PETROL,124.79,GAMPAHA,BRAND NEW-L/ASSEMBLE,82,,TVS RAIDER 125
MOTOR CYCLE,TVS,TVS RAIDER 125,SRI LANKA,PETROL,124.79,AMPARA,BRAND NEW-L/ASSEMBLE,24,,TVS RAIDER 125
MOTOR CYCLE,BAJAJ,CT 100 ES,SRI LANKA,PETROL,102.0,RATNAPURA,BRAND NEW-L/ASSEMBLE,92,,CT 100 ES
MOTOR CYCLE,BAJAJ,DISCOVER 125,SRI LANKA,PETROL,124.5,KURUNEGALA,BRAND NEW-L/ASSEMBLE,107,,DISCOVER 125
MOTOR CYCLE,BAJAJ,DISCOVER 125,SRI LANKA,PETROL,124.5,HAMBANTOTA,BRAND NEW-L/ASSEMBLE,22,,DISCOVER 125
MOTOR CYCLE,BAJAJ,CT 100 ES,SRI LANKA,PETROL,102.0,KILINOCHCHI,BRAND NEW-L/ASSEMBLE,14,,CT 100 ES
MOTOR CYCLE,TVS,TVS RAIDER 125,SRI LANKA,PETROL,124.79,MONERAGALA,BRAND NEW-L/ASSEMBLE,10,,TVS RAIDER 125
MOTOR CYCLE,TVS,TVS RAIDER 125,SRI LANKA,PETROL,124.79,VAVUNIYA,BRAND NEW-L/ASSEMBLE,6,,TVS RAIDER 125
MOTOR CYCLE,TVS,NTORQ 125,SRI LANKA,PETROL,124.8,MONERAGALA,BRAND NEW-L/ASSEMBLE,45,,NTORQ 125
MOTOR CYCLE,DYNO,SCOOBY 125  EFI,SRI LANKA,PETROL,124.6,COLOMBO,BRAND NEW-L/ASSEMBLE,1,,SCOOBY 125  EFI
MOTOR CYCLE,TVS,TVS XL 100,SRI LANKA,PETROL,99.7,KILINOCHCHI,BRAND NEW-L/ASSEMBLE,18,,TVS XL 100
MOTOR CYCLE,TVS,TVS XL 100,SRI LANKA,PETROL,99.7,RATNAPURA,BRAND NEW-L/ASSEMBLE,17,,TVS XL 100
MOTOR CYCLE,RANOMOTO,MOPED SUPER,SRI LANKA,PETROL,49.0,GAMPAHA,BRAND NEW-L/ASSEMBLE,9,,MOPED SUPER
MOTOR CYCLE,SENARO,GN125,SRI LANKA,PETROL,125.0,KEGALLE,BRAND NEW-L/ASSEMBLE,2,,GN125
MOTOR CYCLE,TVS,TVS XL 100,SRI LANKA,PETROL,99.7,KANDY,BRAND NEW-L/ASSEMBLE,2,,TVS XL 100
MOTOR CYCLE,BAJAJ,DISCOVER 125,SRI LANKA,PETROL,124.5,JAFFNA,BRAND NEW-L/ASSEMBLE,23,,DISCOVER 125
MOTOR CYCLE,BAJAJ,DISCOVER 125,SRI LANKA,PETROL,124.5,POLONNARUWA,BRAND NEW-L/ASSEMBLE,34,,DISCOVER 125
MOTOR CYCLE,BAJAJ,CT 100 ES,INDIA,PETROL,102.0,COLOMBO,BRAND NEW-L/ASSEMBLE,1,,CT 100 ES
MOTOR CYCLE,BAJAJ,PULSAR N160,SRI LANKA,PETROL,164.82,ANURADHAPURA,BRAND NEW-L/ASSEMBLE,18,,PULSAR N160
MOTOR CYCLE,TVS,IQUBE,INDIA,ELECTRIC,3.34,PUTTALAM,BRAND NEW-L/ASSEMBLE,1,,IQUBE
MOTOR CYCLE,HONDA,PCX-160,JAPAN,PETROL,157.0,KANDY,RECONDITIONED,3,PCX-160,Unknown
MOTOR CYCLE,HONDA,PCX 160,JAPAN,PETROL,157.0,ANURADHAPURA,RECONDITIONED,1,,PCX 160
MOTOR CYCLE,HONDA,KF 38,JAPAN,PETROL,150.0,KANDY,RECONDITIONED,1,,KF 38
MOTOR CYCLE,HONDA,PCX,JAPAN,PETROL,157.0,COLOMBO,RECONDITIONED,1,,PCX
MOTOR CYCLE,HONDA,PCX-125,JAPAN,PETROL,124.0,KANDY,RECONDITIONED,1,PCX-125,Unknown
MOTOR CYCLE,HONDA,REBEL 250,JAPAN,PETROL,249.0,GAMPAHA,RECONDITIONED,1,,REBEL 250
MOTOR CYCLE,HONDA,PCX160,JAPAN,PETROL,157.0,AMPARA,RECONDITIONED,1,,PCX160
MOTOR CYCLE,HERO,HF-DELUXE,INDIA,PETROL,97.2,JAFFNA,B/N-FACTORY DAMAGED,1,HF-DELUXE,Unknown
MOTOR CYCLE,BAJAJ,CT 100 ES,SRI LANKA,PETROL,102.0,KURUNEGALA,BRAND NEW-L/MANUFACT,1,,CT 100 ES
MOTOR CYCLE,RISE,LEADER 125,SRI LANKA,PETROL,125.0,AMPARA,BRAND NEW-L/MANUFACT,1,,LEADER 125
MOTOR CYCLE,RISE,LEADER PLUS,SRI LANKA,ELECTRIC,2.0,PUTTALAM,BRAND NEW-L/MANUFACT,1,,LEADER PLUS
MOTOR CYCLE,RISE,LEADER PLUS,SRI LANKA,ELECTRIC,2.0,KALUTARA,BRAND NEW-L/MANUFACT,1,,LEADER PLUS
MOTOR CYCLE,RISE,LEADER PLUS,SRI LANKA,ELECTRIC,2.0,GALLE,BRAND NEW-L/MANUFACT,6,,LEADER PLUS
MOTOR CYCLE,GALLANT,TM-70,SRI LANKA,PETROL,70.0,COLOMBO,BRAND NEW-L/MANUFACT,1,TM-70,Unknown
MOTOR CYCLE,YADEA,E8S PRO,CHINA,ELECTRIC,2.0,GAMPAHA,BOUGHT FROM AUCTION,1,,E8S PRO
MOTOR CYCLE,RANOMOTO,GN125H,CHINA,PETROL,124.0,BATTICALOA,BRAND NEW,2,,GN125H
MOTOR CYCLE,ROYAL ENFIELD,CLASSIC 350,INDIA,PETROL,349.0,COLOMBO,BRAND NEW,3,,CLASSIC 350
MOTOR CYCLE,TVS,TVS NTORQ 125 CC,INDIA,PETROL,124.8,RATNAPURA,BRAND NEW,115,,TVS NTORQ 125 CC
MOTOR CYCLE,YAMAHA,FZ S FI VER 4.0,INDIA,PETROL,149.0,KURUNEGALA,BRAND NEW,40,,FZ S FI VER 4.0
MOTOR CYCLE,YAMAHA,FZ  VER 2.0,INDIA,PETROL,149.0,MATALE,BRAND NEW,31,,FZ  VER 2.0
MOTOR CYCLE,YAMAHA,FZ S FI VER 4.0,INDIA,PETROL,149.0,KALUTARA,BRAND NEW,54,,FZ S FI VER 4.0
MOTOR CYCLE,YAMAHA,FZ S FI VER 4.0,INDIA,PETROL,149.0,AMPARA,BRAND NEW,103,,FZ S FI VER 4.0
MOTOR CYCLE,TVS,TVS NTORQ 125 CC,INDIA,PETROL,124.8,MATARA,BRAND NEW,125,,TVS NTORQ 125 CC
MOTOR CYCLE,YADEA,T5,CHINA,ELECTRIC,1.2,RATNAPURA,BRAND NEW,44,,T5
MOTOR CYCLE,YADEA,T5,CHINA,ELECTRIC,1.2,COLOMBO,BRAND NEW,121,,T5
MOTOR CYCLE,ATHER,450X,INDIA,ELECTRIC,3.0,GAMPAHA,BRAND NEW,6,,450X
MOTOR CYCLE,BAJAJ,PULSAR N 125,INDIA,PETROL,124.58,JAFFNA,BRAND NEW,21,,PULSAR N 125
MOTOR CYCLE,TMR QUANLE,ZL,CHINA,ELECTRIC,2.0,ANURADHAPURA,BRAND NEW,11,,ZL
MOTOR CYCLE,TMR QUANLE,ZL,CHINA,ELECTRIC,2.0,PUTTALAM,BRAND NEW,3,,ZL
MOTOR CYCLE,TMR QUANLE,ZL,CHINA,ELECTRIC,2.0,GAMPAHA,BRAND NEW,21,,ZL
MOTOR CYCLE,NWOW,V11,CHINA,ELECTRIC,1.0,COLOMBO,BRAND NEW,10,,V11
MOTOR CYCLE,NWOW,ARS,CHINA,ELECTRIC,0.45,GAMPAHA,BRAND NEW,15,,ARS
MOTOR CYCLE,HONDA,PCX160,INDONESIA,PETROL,160.0,COLOMBO,BRAND NEW,1,,PCX160
MOTOR CYCLE,LIMA,ELO-07,CHINA,ELECTRIC,1.5,KURUNEGALA,BRAND NEW,3,ELO-07,Unknown
MOTOR CYCLE,YADEA,T5,CHINA,ELECTRIC,1.2,VAVUNIYA,BRAND NEW,8,,T5
MOTOR CYCLE,BAJAJ,DISCOVER  125,INDIA,PETROL,124.5,KEGALLE,BRAND NEW,17,,DISCOVER  125
MOTOR CYCLE,YAMAHA,RAY ZR 125,INDIA,PETROL,125.0,JAFFNA,BRAND NEW,34,,RAY ZR 125
MOTOR CYCLE,YAMAHA,RAY ZR 125,INDIA,PETROL,125.0,HAMBANTOTA,BRAND NEW,16,,RAY ZR 125
MOTOR CYCLE,YAMAHA,RAY ZR STREET RALLY,INDIA,PETROL,113.0,KEGALLE,BRAND NEW,12,,RAY ZR STREET RALLY
MOTOR CYCLE,YAMAHA,FZ  VER 2.0,INDIA,PETROL,149.0,BADULLA,BRAND NEW,11,,FZ  VER 2.0
MOTOR CYCLE,YAMAHA,RAY ZRSTREETRALLY125,INDIA,PETROL,125.0,KALUTARA,BRAND NEW,15,,RAY ZRSTREETRALLY125
MOTOR CYCLE,YAMAHA,RAY ZR,INDIA,PETROL,113.0,VAVUNIYA,BRAND NEW,9,,RAY ZR
MOTOR CYCLE,BAJAJ,DISCOVER,INDIA,PETROL,124.52,MATARA,BRAND NEW,3,,DISCOVER
MOTOR CYCLE,YAMAHA,FZ  VER 2.0,INDIA,PETROL,149.0,MANNAR,BRAND NEW,10,,FZ  VER 2.0
MOTOR CYCLE,YAMAHA,MT 15 VER 2.0,INDIA,PETROL,155.0,VAVUNIYA,BRAND NEW,5,,MT 15 VER 2.0
MOTOR CYCLE,HERO,HF-DELUXE,INDIA,PETROL,97.2,KURUNEGALA,BRAND NEW,8,HF-DELUXE,Unknown
MOTOR CYCLE,BAJAJ,PULSAR NS 200,INDIA,PETROL,199.5,ANURADHAPURA,BRAND NEW,8,,PULSAR NS 200
MOTOR CYCLE,BAJAJ,PULSAR N 125,INDIA,PETROL,124.58,KANDY,BRAND NEW,46,,PULSAR N 125
MOTOR CYCLE,TMR QUANLE,G18,CHINA,ELECTRIC,2.0,GALLE,BRAND NEW,9,,G18
MOTOR CYCLE,TMR QUANLE,G18,CHINA,ELECTRIC,2.0,PUTTALAM,BRAND NEW,5,,G18
MOTOR CYCLE,HUAIHAI,HUAIHAI,CHINA,ELECTRIC,2.0,MATARA,BRAND NEW,2,,HUAIHAI
MOTOR CYCLE,LUYUAN ALFA,MKK-Z23E-12-C,CHINA,ELECTRIC,1.2,GALLE,BRAND NEW,5,MKK-Z23E-12-C,Unknown
MOTOR CYCLE,LUYUAN ALFA,MKK-Z23E-12-C,CHINA,ELECTRIC,1.2,PUTTALAM,BRAND NEW,2,MKK-Z23E-12-C,Unknown
MOTOR CYCLE,YAMAHA,RAY ZR,INDIA,PETROL,113.0,MONERAGALA,BRAND NEW,8,,RAY ZR
MOTOR CYCLE,BAJAJ,PULSAR N 125,INDIA,PETROL,124.58,VAVUNIYA,BRAND NEW,5,,PULSAR N 125
MOTOR CYCLE,LUYUAN,S90 PLUS,CHINA,ELECTRIC,1.5,AMPARA,BRAND NEW,3,,S90 PLUS
MOTOR CYCLE,HERO,HF-DELUXE,INDIA,PETROL,97.2,KILINOCHCHI,BRAND NEW,6,HF-DELUXE,Unknown
MOTOR CYCLE,YAMAHA,RAY ZR STREET RALLY,INDIA,PETROL,113.0,MONERAGALA,BRAND NEW,2,,RAY ZR STREET RALLY
MOTOR CYCLE,YAMAHA,RAY ZR STREET RALLY,INDIA,PETROL,113.0,GALLE,BRAND NEW,6,,RAY ZR STREET RALLY
MOTOR CYCLE,YAMAHA,RAY ZR,INDIA,PETROL,113.0,MATALE,BRAND NEW,4,,RAY ZR
MOTOR CYCLE,YAMAHA,YZF R15 VER 4.0,INDIA,PETROL,155.0,KANDY,BRAND NEW,2,,YZF R15 VER 4.0
MOTOR CYCLE,YADEA,E8S PRO,CHINA,ELECTRIC,2.0,KURUNEGALA,BRAND NEW,4,,E8S PRO
MOTOR CYCLE,YADEA,M6,CHINA,ELECTRIC,1.2,AMPARA,BRAND NEW,1,,M6
MOTOR CYCLE,SOLID,G6,CHINA,ELECTRIC,1.5,PUTTALAM,BRAND NEW,8,,G6
MOTOR CYCLE,BAJAJ,PULSAR NS 400 Z,INDIA,PETROL,373.27,MANNAR,BRAND NEW,2,,PULSAR NS 400 Z
MOTOR CYCLE,YAMAHA,RAY ZR 125,INDIA,PETROL,125.0,BADULLA,BRAND NEW,14,,RAY ZR 125
MOTOR CYCLE,BAJAJ,XCD 125,INDIA,PETROL,124.58,MATARA,BRAND NEW,1,,XCD 125
MOTOR CYCLE,BAJAJ,CT100,INDIA,PETROL,99.27,MATARA,BRAND NEW,1,,CT100
MOTOR CYCLE,TMR LUYUAN,MQQ6,CHINA,ELECTRIC,0.8,GALLE,BRAND NEW,1,,MQQ6
MOTOR CYCLE,TMR QUANLE,G18,CHINA,ELECTRIC,2.0,MONERAGALA,BRAND NEW,4,,G18
MOTOR CYCLE,REVOLT,RV 1,INDIA,ELECTRIC,1.8,PUTTALAM,BRAND NEW,3,,RV 1
MOTOR CYCLE,LUYUAN ALFA,MKK-Z23E-12-C,CHINA,ELECTRIC,1.2,KEGALLE,BRAND NEW,1,MKK-Z23E-12-C,Unknown
MOTOR CYCLE,TAILG,RED RABBIT,CHINA,ELECTRIC,1.2,MATALE,BRAND NEW,1,,RED RABBIT
MOTOR CYCLE,QUANLE,XGW,CHINA,ELECTRIC,1.2,ANURADHAPURA,BRAND NEW,3,,XGW
MOTOR CYCLE,HUAIHAI,HUAIHAI,CHINA,ELECTRIC,2.0,ANURADHAPURA,BRAND NEW,1,,HUAIHAI
MOTOR CYCLE,AIMA,MANA,CHINA,ELECTRIC,1.5,COLOMBO,BRAND NEW,1,,MANA
MOTOR CYCLE,VMOTO,CPX,CHINA,ELECTRIC,4.3,COLOMBO,BRAND NEW,2,,CPX
MOTOR CYCLE,YADEA,E8S PRO,CHINA,ELECTRIC,2.0,JAFFNA,BRAND NEW,2,,E8S PRO
MOTOR CYCLE,BAJAJ,CT 100 ES,SRI LANKA,PETROL,102.0,GAMPAHA,BRAND NEW,3,,CT 100 ES
MOTOR CYCLE,YAMAHA,RAY ZR 125,INDIA,PETROL,125.0,MONERAGALA,BRAND NEW,1,,RAY ZR 125
MOTOR CYCLE,LUYUAN,MNK3,CHINA,ELECTRIC,1.5,GAMPAHA,BRAND NEW,1,,MNK3
MOTOR CYCLE,TVS,TVS XL 100,SRI LANKA,PETROL,99.7,GAMPAHA,BRAND NEW,1,,TVS XL 100
MOTOR CYCLE,YAMAHA,YZF R15 VER 4.0,INDIA,PETROL,155.0,KEGALLE,BRAND NEW,1,,YZF R15 VER 4.0
MOTOR CYCLE,SOLID,ROBOT,CHINA,ELECTRIC,1.2,MONERAGALA,BRAND NEW,1,,ROBOT
MOTOR CYCLE,TMR QUANLE,G18,CHINA,ELECTRIC,2.0,MATARA,BRAND NEW,1,,G18
MOTOR CYCLE,TMR LUYUAN,COLA 5,CHINA,ELECTRIC,0.4,GALLE,BRAND NEW,3,,COLA 5
MOTOR CYCLE,DIMEN,D60,CHINA,ELECTRIC,1.2,PUTTALAM,BRAND NEW,3,,D60
MOTOR CYCLE,YADEA,RUIBIN,CHINA,ELECTRIC,1.2,AMPARA,BRAND NEW,1,,RUIBIN
MOTOR CYCLE,LUYUAN,M-MHH-Z30LJ,CHINA,ELECTRIC,2.0,GALLE,BRAND NEW,5,,M-MHH-Z30LJ
MOTOR CYCLE,YAMAHA,YZF R15 VER 4.0,INDIA,PETROL,155.0,ANURADHAPURA,BRAND NEW,3,,YZF R15 VER 4.0
MOTOR CYCLE,YADEA,YD EM 66,CHINA,ELECTRIC,0.8,POLONNARUWA,BRAND NEW,1,,YD EM 66
MOTOR CYCLE,BAJAJ,PULSAR N 160,INDIA,PETROL,164.32,HAMBANTOTA,BRAND NEW,31,,PULSAR N 160
MOTOR CYCLE,BAJAJ,PULSAR NS 200,INDIA,PETROL,199.5,MONERAGALA,BRAND NEW,2,,PULSAR NS 200
MOTOR CYCLE,BAJAJ,PULSAR NS 200,INDIA,PETROL,199.5,NUWARA-ELIYA,BRAND NEW,5,,PULSAR NS 200
MOTOR CYCLE,BAJAJ,PULSAR NS 200,INDIA,PETROL,199.5,AMPARA,BRAND NEW,12,,PULSAR NS 200
MOTOR CYCLE,TMR QUANLE,ZL,CHINA,ELECTRIC,2.0,POLONNARUWA,BRAND NEW,3,,ZL
MOTOR CYCLE,BAJAJ,CT 100 ES,SRI LANKA,PETROL,102.0,RATNAPURA,BRAND NEW,1,,CT 100 ES
MOTOR CYCLE,LUYUAN,MS70 Z23E,CHINA,ELECTRIC,1.2,MONERAGALA,BRAND NEW,2,,MS70 Z23E
MOTOR CYCLE,BAJAJ,PULSAR NS 200,INDIA,PETROL,199.5,MATARA,BRAND NEW,3,,PULSAR NS 200
MOTOR CYCLE,HERO,HF-DELUXE,INDIA,PETROL,97.2,PUTTALAM,BRAND NEW,1,HF-DELUXE,Unknown
MOTOR CYCLE,BAJAJ,CT 100 ES,SRI LANKA,ELECTRIC,102.0,MATALE,BRAND NEW,1,,CT 100 ES
MOTOR CYCLE,TVS,NTORQ 125,SRI LANKA,PETROL,124.8,PUTTALAM,BRAND NEW-L/ASSEMBLE,179,,NTORQ 125
MOTOR CYCLE,TVS,TVS RAIDER 125,SRI LANKA,PETROL,124.79,GALLE,BRAND NEW-L/ASSEMBLE,37,,TVS RAIDER 125
MOTOR CYCLE,TVS,NTORQ 125,SRI LANKA,PETROL,124.8,KILINOCHCHI,BRAND NEW-L/ASSEMBLE,31,,NTORQ 125
MOTOR CYCLE,TVS,NTORQ 125,SRI LANKA,PETROL,124.8,BADULLA,BRAND NEW-L/ASSEMBLE,59,,NTORQ 125
MOTOR CYCLE,TVS,TVS XL 100,SRI LANKA,PETROL,99.7,PUTTALAM,BRAND NEW-L/ASSEMBLE,40,,TVS XL 100
MOTOR CYCLE,TVS,TVS XL 100,SRI LANKA,PETROL,99.7,POLONNARUWA,BRAND NEW-L/ASSEMBLE,68,,TVS XL 100
MOTOR CYCLE,TVS,TVS RAIDER 125,SRI LANKA,PETROL,124.79,JAFFNA,BRAND NEW-L/ASSEMBLE,3,,TVS RAIDER 125
MOTOR CYCLE,TVS,TVS XL 100,SRI LANKA,PETROL,99.7,GAMPAHA,BRAND NEW-L/ASSEMBLE,7,,TVS XL 100
MOTOR CYCLE,BAJAJ,DISCOVER 125,SRI LANKA,PETROL,124.5,KEGALLE,BRAND NEW-L/ASSEMBLE,27,,DISCOVER 125
MOTOR CYCLE,NWOW,SE,SRI LANKA,ELECTRIC,0.8,COLOMBO,BRAND NEW-L/ASSEMBLE,1,,SE
MOTOR CYCLE,LENCAR,ERC80,SRI LANKA,ELECTRIC,1.2,GAMPAHA,BRAND NEW-L/ASSEMBLE,5,,ERC80
MOTOR CYCLE,TVS,TVS NTORQ 125 CC,INDIA,PETROL,124.8,COLOMBO,BRAND NEW-L/ASSEMBLE,3,,TVS NTORQ 125 CC
MOTOR CYCLE,BAJAJ,DISCOVER 125,SRI LANKA,PETROL,124.5,TRINCOMALEE,BRAND NEW-L/ASSEMBLE,16,,DISCOVER 125
MOTOR CYCLE,BAJAJ,PULSAR N160,SRI LANKA,PETROL,164.82,KILINOCHCHI,BRAND NEW-L/ASSEMBLE,3,,PULSAR N160
MOTOR CYCLE,RANOMOTO,MOPED SUPER,SRI LANKA,PETROL,49.0,PUTTALAM,BRAND NEW-L/ASSEMBLE,4,,MOPED SUPER
MOTOR CYCLE,RANOMOTO,MOPED SUPER,SRI LANKA,PETROL,49.0,MONERAGALA,BRAND NEW-L/ASSEMBLE,5,,MOPED SUPER
MOTOR CYCLE,RANOMOTO,MOPED SUPER,SRI LANKA,PETROL,49.0,JAFFNA,BRAND NEW-L/ASSEMBLE,2,,MOPED SUPER
MOTOR CYCLE,BAJAJ,PULSAR N160,SRI LANKA,PETROL,164.82,RATNAPURA,BRAND NEW-L/ASSEMBLE,13,,PULSAR N160
MOTOR CYCLE,BAJAJ,PULSAR N160,SRI LANKA,PETROL,164.82,MATALE,BRAND NEW-L/ASSEMBLE,7,,PULSAR N160
MOTOR CYCLE,BAJAJ,PULSAR N160,SRI LANKA,PETROL,164.82,KANDY,BRAND NEW-L/ASSEMBLE,11,,PULSAR N160
MOTOR CYCLE,BAJAJ,PULSAR N160,SRI LANKA,PETROL,164.82,VAVUNIYA,BRAND NEW-L/ASSEMBLE,6,,PULSAR N160
MOTOR CYCLE,HONDA,ADV 160,JAPAN,PETROL,157.0,AMPARA,RECONDITIONED,2,,ADV 160
MOTOR CYCLE,HONDA,C 50 CUSTOM,JAPAN,PETROL,50.0,MATARA,RECONDITIONED,2,,C 50 CUSTOM
MOTOR CYCLE,HONDA,PCX 160,VIETNAM,PETROL,157.0,ANURADHAPURA,RECONDITIONED,1,,PCX 160
MOTOR CYCLE,ROYAL ENFIELD,CLASSIC,INDIA,PETROL,349.0,AMPARA,RECONDITIONED,2,,CLASSIC
MOTOR CYCLE,HONDA,PCX 160,JAPAN,PETROL,157.0,KURUNEGALA,RECONDITIONED,2,,PCX 160
MOTOR CYCLE,HONDA,PCX160,VIETNAM,PETROL,157.0,PUTTALAM,RECONDITIONED,1,,PCX160
MOTOR CYCLE,HONDA,PCX 160,JAPAN,PETROL,157.0,BATTICALOA,RECONDITIONED,1,,PCX 160
MOTOR CYCLE,HONDA,8BBK-KF54,JAPAN,PETROL,157.0,KANDY,RECONDITIONED,1,8BBK-KF54,Unknown
MOTOR CYCLE,HONDA,ADV 160,JAPAN,PETROL,157.0,ANURADHAPURA,RECONDITIONED,1,,ADV 160
MOTOR CYCLE,RISE,LEADER R 100,SRI LANKA,ELECTRIC,2.0,ANURADHAPURA,BRAND NEW-L/MANUFACT,4,,LEADER R 100
MOTOR CYCLE,RISE,LEADER R80,SRI LANKA,ELECTRIC,2.0,JAFFNA,BRAND NEW-L/MANUFACT,1,,LEADER R80
MOTOR CYCLE,RISE,LEADER,SRI LANKA,ELECTRIC,2.0,HAMBANTOTA,BRAND NEW-L/MANUFACT,1,,LEADER
MOTOR CYCLE,RISE,LEADER,SRI LANKA,ELECTRIC,2.0,JAFFNA,BRAND NEW-L/MANUFACT,1,,LEADER
MOTOR CYCLE,YAMAHA,YZF R15 VER 4.0,INDIA,PETROL,155.0,NUWARA-ELIYA,BRAND NEW,3,,YZF R15 VER 4.0
MOTOR CYCLE,RANOMOTO,GN125H,CHINA,PETROL,124.0,AMPARA,BRAND NEW,11,,GN125H
MOTOR CYCLE,ROYAL ENFIELD,CLASSIC 350,INDIA,PETROL,349.0,KANDY,BRAND NEW,1,,CLASSIC 350
MOTOR CYCLE,TVS,NTORQ 125,SRI LANKA,PETROL,124.8,PUTTALAM,BRAND NEW,1,,NTORQ 125
MOTOR CYCLE,TVS,IQUBE,INDIA,ELECTRIC,3.34,COLOMBO,BRAND NEW,51,,IQUBE
MOTOR CYCLE,BAJAJ,PULSAR N 125,INDIA,PETROL,124.58,PUTTALAM,BRAND NEW,67,,PULSAR N 125
MOTOR CYCLE,YAMAHA,MT 15 VER 2.0,INDIA,PETROL,155.0,KEGALLE,BRAND NEW,2,,MT 15 VER 2.0
MOTOR CYCLE,YAMAHA,RAY ZR 125,INDIA,PETROL,125.0,GAMPAHA,BRAND NEW,47,,RAY ZR 125
MOTOR CYCLE,TVS,TVS NTORQ 125 CC,INDIA,PETROL,124.8,MONERAGALA,BRAND NEW,29,,TVS NTORQ 125 CC
MOTOR CYCLE,YADEA,T5,CHINA,ELECTRIC,1.2,ANURADHAPURA,BRAND NEW,217,,T5
MOTOR CYCLE,YADEA,RUIBIN,CHINA,ELECTRIC,0.8,POLONNARUWA,BRAND NEW,43,,RUIBIN
MOTOR CYCLE,BAJAJ,PULSAR N 125,INDIA,PETROL,124.58,BATTICALOA,BRAND NEW,28,,PULSAR N 125
MOTOR CYCLE,NWOW,SE,CHINA,ELECTRIC,0.8,KALUTARA,BRAND NEW,18,,SE
MOTOR CYCLE,NWOW,SE,CHINA,ELECTRIC,0.8,COLOMBO,BRAND NEW,24,,SE
MOTOR CYCLE,NWOW,V11,CHINA,ELECTRIC,1.0,GAMPAHA,BRAND NEW,1,,V11
MOTOR CYCLE,LIMA,ELO-07,CHINA,ELECTRIC,1.5,RATNAPURA,BRAND NEW,2,ELO-07,Unknown
MOTOR CYCLE,YADEA,T5,CHINA,ELECTRIC,1.2,KANDY,BRAND NEW,8,,T5
MOTOR CYCLE,YADEA,T5,CHINA,ELECTRIC,1.2,BADULLA,BRAND NEW,17,,T5
MOTOR CYCLE,BAJAJ,PULSAR N 125,INDIA,PETROL,124.58,NUWARA-ELIYA,BRAND NEW,21,,PULSAR N 125
MOTOR CYCLE,BAJAJ,DISCOVER  125,INDIA,PETROL,124.5,PUTTALAM,BRAND NEW,38,,DISCOVER  125
MOTOR CYCLE,BAJAJ,DISCOVER  125,INDIA,PETROL,124.5,KANDY,BRAND NEW,11,,DISCOVER  125
MOTOR CYCLE,YAMAHA,RAY ZR STREET RALLY,INDIA,PETROL,113.0,JAFFNA,BRAND NEW,14,,RAY ZR STREET RALLY
MOTOR CYCLE,YAMAHA,RAY ZR STREET RALLY,INDIA,PETROL,113.0,AMPARA,BRAND NEW,10,,RAY ZR STREET RALLY
MOTOR CYCLE,YAMAHA,FZ  VER 2.0,INDIA,PETROL,149.0,MULLATIVU,BRAND NEW,6,,FZ  VER 2.0
MOTOR CYCLE,YAMAHA,RAY ZR STREET RALLY,INDIA,PETROL,113.0,BATTICALOA,BRAND NEW,34,,RAY ZR STREET RALLY
MOTOR CYCLE,ATHER,450X,INDIA,ELECTRIC,3.0,BATTICALOA,BRAND NEW,2,,450X
MOTOR CYCLE,YAMAHA,RAY ZR 125,INDIA,PETROL,125.0,KILINOCHCHI,BRAND NEW,4,,RAY ZR 125
MOTOR CYCLE,HERO,XOOM-110,INDIA,PETROL,110.9,KANDY,BRAND NEW,11,XOOM-110,Unknown
MOTOR CYCLE,YAMAHA,RAY ZR,INDIA,PETROL,113.0,KEGALLE,BRAND NEW,24,,RAY ZR
MOTOR CYCLE,QUANLE,XGW,CHINA,ELECTRIC,1.2,GAMPAHA,BRAND NEW,3,,XGW
MOTOR CYCLE,TMR QUANLE,G18,CHINA,ELECTRIC,2.0,HAMBANTOTA,BRAND NEW,9,,G18
MOTOR CYCLE,TMR QUANLE,ZS,CHINA,ELECTRIC,1.2,COLOMBO,BRAND NEW,4,,ZS
MOTOR CYCLE,TMR QUANLE,G18,CHINA,ELECTRIC,2.0,ANURADHAPURA,BRAND NEW,2,,G18
MOTOR CYCLE,YAMAHA,RAY ZR,INDIA,PETROL,113.0,KANDY,BRAND NEW,19,,RAY ZR
MOTOR CYCLE,TMR QUANLE,ZL,CHINA,ELECTRIC,2.0,AMPARA,BRAND NEW,3,,ZL
MOTOR CYCLE,HONDA,PCX  160 ABS,INDONESIA,PETROL,160.0,COLOMBO,BRAND NEW,1,,PCX  160 ABS
MOTOR CYCLE,YAMAHA,YZF R15 VER 4.0,INDIA,PETROL,155.0,PUTTALAM,BRAND NEW,2,,YZF R15 VER 4.0
MOTOR CYCLE,YADEA,T 9,CHINA,ELECTRIC,2.0,MULLATIVU,BRAND NEW,2,,T 9
MOTOR CYCLE,YADEA,RUIBIN,CHINA,ELECTRIC,0.8,VAVUNIYA,BRAND NEW,2,,RUIBIN
MOTOR CYCLE,BAJAJ,PULSAR N 125,INDIA,PETROL,124.58,POLONNARUWA,BRAND NEW,23,,PULSAR N 125
MOTOR CYCLE,BAJAJ,PULSAR N 125,INDIA,PETROL,124.58,KILINOCHCHI,BRAND NEW,4,,PULSAR N 125
MOTOR CYCLE,NWOW,SE,CHINA,ELECTRIC,0.8,ANURADHAPURA,BRAND NEW,1,,SE
MOTOR CYCLE,HERO,HF-DELUXE,INDIA,PETROL,97.2,AMPARA,BRAND NEW,32,HF-DELUXE,Unknown
MOTOR CYCLE,YAMAHA,MT 15 VER 2.0,INDIA,PETROL,155.0,ANURADHAPURA,BRAND NEW,5,,MT 15 VER 2.0
MOTOR CYCLE,HERO,HF-DELUXE,INDIA,PETROL,97.2,COLOMBO,BRAND NEW,8,HF-DELUXE,Unknown
MOTOR CYCLE,YADEA,T5,CHINA,ELECTRIC,1.2,NUWARA-ELIYA,BRAND NEW,1,,T5
MOTOR CYCLE,YADEA,RUIBIN,CHINA,ELECTRIC,0.8,AMPARA,BRAND NEW,10,,RUIBIN
MOTOR CYCLE,YADEA,EPOC H,CHINA,ELECTRIC,2.0,KEGALLE,BRAND NEW,1,,EPOC H
MOTOR CYCLE,TVS,NTORQ 125,SRI LANKA,PETROL,124.8,KURUNEGALA,BRAND NEW,1,,NTORQ 125
MOTOR CYCLE,BAJAJ,PULSAR N 160,INDIA,PETROL,164.32,RATNAPURA,BRAND NEW,25,,PULSAR N 160
MOTOR CYCLE,BAJAJ,BOXER AR,INDIA,PETROL,100.0,MATARA,BRAND NEW,1,,BOXER AR
MOTOR CYCLE,TMR LUYUAN,COLA 5,CHINA,ELECTRIC,0.4,ANURADHAPURA,BRAND NEW,6,,COLA 5
MOTOR CYCLE,TMR LUYUAN,COLA 5,CHINA,ELECTRIC,0.4,HAMBANTOTA,BRAND NEW,4,,COLA 5
MOTOR CYCLE,VMOTO,CPX,CHINA,ELECTRIC,4.3,MATARA,BRAND NEW,1,,CPX
MOTOR CYCLE,BAJAJ,CT 100 ES,INDIA,PETROL,102.0,KURUNEGALA,BRAND NEW,481,,CT 100 ES
MOTOR CYCLE,BAJAJ,CT 100 ES,INDIA,PETROL,102.0,TRINCOMALEE,BRAND NEW,112,,CT 100 ES
MOTOR CYCLE,BAJAJ,CT 100 ES,INDIA,PETROL,102.0,MULLATIVU,BRAND NEW,36,,CT 100 ES
MOTOR CYCLE,REVOLT,RV 400,INDIA,ELECTRIC,3.0,COLOMBO,BRAND NEW,3,,RV 400
MOTOR CYCLE,YAMAHA,RAY ZR 125,INDIA,PETROL,125.0,PUTTALAM,BRAND NEW,5,,RAY ZR 125
MOTOR CYCLE,YAMAHA,RAY ZRSTREETRALLY125,INDIA,PETROL,125.0,NUWARA-ELIYA,BRAND NEW,8,,RAY ZRSTREETRALLY125
MOTOR CYCLE,LUYUAN,MYT,CHINA,ELECTRIC,0.8,ANURADHAPURA,BRAND NEW,4,,MYT
MOTOR CYCLE,HERO,XOOM-110,INDIA,PETROL,110.9,MANNAR,BRAND NEW,5,XOOM-110,Unknown
MOTOR CYCLE,YAMAHA,FZ S FI VER 4.0,INDIA,PETROL,149.0,NUWARA-ELIYA,BRAND NEW,9,,FZ S FI VER 4.0
MOTOR CYCLE,YAMAHA,RAY ZR 125,INDIA,PETROL,125.0,POLONNARUWA,BRAND NEW,9,,RAY ZR 125
MOTOR CYCLE,VMOTO,CITI,CHINA,ELECTRIC,2.0,HAMBANTOTA,BRAND NEW,1,,CITI
MOTOR CYCLE,LUYUAN,S90 PLUS,CHINA,ELECTRIC,1.5,MATALE,BRAND NEW,1,,S90 PLUS
MOTOR CYCLE,SUPER SOCO,TS STREET HUNTER,CHINA,ELECTRIC,2.5,JAFFNA,BRAND NEW,1,,TS STREET HUNTER
MOTOR CYCLE,DIMEN,D60,CHINA,ELECTRIC,1.2,COLOMBO,BRAND NEW,4,,D60
MOTOR CYCLE,BAJAJ,DISCOVER 125,SRI LANKA,PETROL,124.5,PUTTALAM,BRAND NEW,2,,DISCOVER 125
MOTOR CYCLE,TMR QUANLE,ZS,CHINA,ELECTRIC,1.2,KEGALLE,BRAND NEW,1,,ZS
MOTOR CYCLE,LUYUAN,MYT,CHINA,ELECTRIC,0.8,KALUTARA,BRAND NEW,2,,MYT
MOTOR CYCLE,LUYUAN ALFA,MYT,CHINA,ELECTRIC,0.8,ANURADHAPURA,BRAND NEW,1,,MYT
MOTOR CYCLE,YADEA,RUIBIN,CHINA,ELECTRIC,0.8,GAMPAHA,BRAND NEW,24,,RUIBIN
MOTOR CYCLE,BAJAJ,CT 100 ES,SRI LANKA,PETROL,102.0,KALUTARA,BRAND NEW,1,,CT 100 ES
MOTOR CYCLE,TMR QUANLE,ZS,CHINA,ELECTRIC,1.2,KURUNEGALA,BRAND NEW,14,,ZS
MOTOR CYCLE,TMR QUANLE,ZS,CHINA,ELECTRIC,1.2,HAMBANTOTA,BRAND NEW,4,,ZS
MOTOR CYCLE,DAYWANG(DW)SL,E-MOTOR CYCLE,CHINA,ELECTRIC,0.8,KALUTARA,BRAND NEW,1,,E-MOTOR CYCLE
MOTOR CYCLE,NWOW,GB2,CHINA,ELECTRIC,0.4,KALUTARA,BRAND NEW,1,,GB2
MOTOR CYCLE,YADEA,RUIBIN,CHINA,ELECTRIC,0.8,KANDY,BRAND NEW,2,,RUIBIN
MOTOR CYCLE,AIMA,LIBERTY,CHINA,ELECTRIC,1.2,GAMPAHA,BRAND NEW,1,,LIBERTY
MOTOR CYCLE,BAJAJ,PULSAR N 160,INDIA,PETROL,164.32,TRINCOMALEE,BRAND NEW,28,,PULSAR N 160
MOTOR CYCLE,BAJAJ,PULSAR NS 200,INDIA,PETROL,199.5,GALLE,BRAND NEW,25,,PULSAR NS 200
MOTOR CYCLE,BAJAJ,PULSAR NS 200,INDIA,PETROL,199.5,VAVUNIYA,BRAND NEW,12,,PULSAR NS 200
MOTOR CYCLE,BAJAJ,PULSAR NS 200,INDIA,PETROL,199.5,KANDY,BRAND NEW,6,,PULSAR NS 200
MOTOR CYCLE,TMR QUANLE,XGW,CHINA,ELECTRIC,1.2,MONERAGALA,BRAND NEW,1,,XGW
MOTOR CYCLE,TMR QUANLE,XGW,CHINA,ELECTRIC,1.2,POLONNARUWA,BRAND NEW,1,,XGW
MOTOR CYCLE,NWOW,TK 10,CHINA,ELECTRIC,0.8,NUWARA-ELIYA,BRAND NEW,1,,TK 10
MOTOR CYCLE,DIMEN,D60,CHINA,ELECTRIC,1.2,ANURADHAPURA,BRAND NEW,4,,D60
MOTOR CYCLE,YADEA,EZEEGO,CHINA,ELECTRIC,1.2,HAMBANTOTA,BRAND NEW,1,,EZEEGO
MOTOR CYCLE,TVS,NTORQ 125,SRI LANKA,PETROL,124.8,HAMBANTOTA,BRAND NEW,1,,NTORQ 125
MOTOR CYCLE,TVS,TVS RAIDER 125,SRI LANKA,PETROL,124.79,ANURADHAPURA,BRAND NEW-L/ASSEMBLE,39,,TVS RAIDER 125
MOTOR CYCLE,TVS,TVS XL 100,SRI LANKA,PETROL,99.7,ANURADHAPURA,BRAND NEW-L/ASSEMBLE,302,,TVS XL 100
MOTOR CYCLE,TVS,TVS XL 100,SRI LANKA,PETROL,99.7,VAVUNIYA,BRAND NEW-L/ASSEMBLE,9,,TVS XL 100
MOTOR CYCLE,TVS,TVS RAIDER 125,SRI LANKA,PETROL,124.79,TRINCOMALEE,BRAND NEW-L/ASSEMBLE,25,,TVS RAIDER 125
MOTOR CYCLE,TVS,TVS RAIDER 125,SRI LANKA,PETROL,124.79,KALUTARA,BRAND NEW-L/ASSEMBLE,51,,TVS RAIDER 125
MOTOR CYCLE,TVS,NTORQ 125,SRI LANKA,PETROL,124.8,ANURADHAPURA,BRAND NEW-L/ASSEMBLE,222,,NTORQ 125
MOTOR CYCLE,TVS,TVS XL 100,SRI LANKA,PETROL,99.7,COLOMBO,BRAND NEW-L/ASSEMBLE,21,,TVS XL 100
MOTOR CYCLE,BAJAJ,DISCOVER 125,SRI LANKA,PETROL,124.5,BADULLA,BRAND NEW-L/ASSEMBLE,35,,DISCOVER 125
MOTOR CYCLE,BAJAJ,DISCOVER 125,SRI LANKA,PETROL,124.5,VAVUNIYA,BRAND NEW-L/ASSEMBLE,21,,DISCOVER 125
MOTOR CYCLE,BAJAJ,CT 100 ES,SRI LANKA,PETROL,102.0,NUWARA-ELIYA,BRAND NEW-L/ASSEMBLE,37,,CT 100 ES
MOTOR CYCLE,SENARO,GN125,SRI LANKA,PETROL,125.0,VAVUNIYA,BRAND NEW-L/ASSEMBLE,1,,GN125
MOTOR CYCLE,BAJAJ,PULSAR N160,SRI LANKA,PETROL,164.82,COLOMBO,BRAND NEW-L/ASSEMBLE,88,,PULSAR N160
MOTOR CYCLE,TVS,TVS NTORQ 125 CC,INDIA,PETROL,124.8,KALUTARA,BRAND NEW-L/ASSEMBLE,1,,TVS NTORQ 125 CC
MOTOR CYCLE,SENARO,GN125,SRI LANKA,PETROL,125.0,HAMBANTOTA,BRAND NEW-L/ASSEMBLE,7,,GN125
MOTOR CYCLE,BAJAJ,CT 100 ES,INDIA,PETROL,102.0,KURUNEGALA,BRAND NEW-L/ASSEMBLE,1,,CT 100 ES
MOTOR CYCLE,RANOMOTO,MOPED SUPER,SRI LANKA,PETROL,49.0,KALUTARA,BRAND NEW-L/ASSEMBLE,3,,MOPED SUPER
MOTOR CYCLE,TVS,TVS NTORQ 125 CC,SRI LANKA,PETROL,124.8,GAMPAHA,BRAND NEW-L/ASSEMBLE,1,,TVS NTORQ 125 CC
MOTOR CYCLE,TVS,TVS NTORQ 125 CC,INDIA,PETROL,124.8,GALLE,BRAND NEW-L/ASSEMBLE,1,,TVS NTORQ 125 CC
MOTOR CYCLE,BAJAJ,PULSAR N160,SRI LANKA,PETROL,164.82,GALLE,BRAND NEW-L/ASSEMBLE,37,,PULSAR N160
MOTOR CYCLE,BAJAJ,PULSAR N160,SRI LANKA,PETROL,164.82,TRINCOMALEE,BRAND NEW-L/ASSEMBLE,16,,PULSAR N160
MOTOR CYCLE,SENARO,CLICK 150,SRI LANKA,PETROL,150.0,MATARA,BRAND NEW-L/ASSEMBLE,2,,CLICK 150
MOTOR CYCLE,ROYAL ENFIELD,METEOR,INDIA,PETROL,349.0,PUTTALAM,RECONDITIONED,1,,METEOR
MOTOR CYCLE,HONDA,PCX 160,JAPAN,PETROL,156.0,COLOMBO,RECONDITIONED,2,,PCX 160
MOTOR CYCLE,HONDA,PCX  160,JAPAN,PETROL,156.0,PUTTALAM,RECONDITIONED,1,,PCX  160
MOTOR CYCLE,HONDA,ADV160,JAPAN,PETROL,157.0,GAMPAHA,RECONDITIONED,3,,ADV160
MOTOR CYCLE,HONDA,ADV 160,JAPAN,PETROL,157.0,KALUTARA,RECONDITIONED,3,,ADV 160
MOTOR CYCLE,HONDA,AVD 160,THAILAND,PETROL,156.0,KALUTARA,RECONDITIONED,1,,AVD 160
MOTOR CYCLE,RISE,LEADER R 100,SRI LANKA,ELECTRIC,2.0,POLONNARUWA,BRAND NEW-L/MANUFACT,2,,LEADER R 100
MOTOR CYCLE,RISE,LEADER R 100,SRI LANKA,ELECTRIC,2.0,COLOMBO,BRAND NEW-L/MANUFACT,1,,LEADER R 100
MOTOR CYCLE,RISE,LEADER PLUS,SRI LANKA,ELECTRIC,2.0,AMPARA,BRAND NEW-L/MANUFACT,1,,LEADER PLUS
MOTOR CYCLE,RANOMOTO,GN125H,CHINA,PETROL,124.0,KANDY,BRAND NEW,1,,GN125H
MOTOR CYCLE,RANOMOTO,GN125H,CHINA,PETROL,124.0,KEGALLE,BRAND NEW,3,,GN125H
MOTOR CYCLE,ROYAL ENFIELD,CLASSIC 350,INDIA,PETROL,349.0,MANNAR,BRAND NEW,1,,CLASSIC 350
MOTOR CYCLE,ROYAL ENFIELD,CLASSIC 350,INDIA,PETROL,349.0,VAVUNIYA,BRAND NEW,2,,CLASSIC 350
MOTOR CYCLE,SUPER SOCO,TS STREET HUNTER,CHINA,ELECTRIC,2.5,COLOMBO,BRAND NEW,5,,TS STREET HUNTER
MOTOR CYCLE,YAMAHA,FZ  VER 2.0,INDIA,PETROL,149.0,ANURADHAPURA,BRAND NEW,73,,FZ  VER 2.0
MOTOR CYCLE,YAMAHA,RAY ZR 125,INDIA,PETROL,125.0,MATALE,BRAND NEW,10,,RAY ZR 125
MOTOR CYCLE,DASTOL,DW-28,CHINA,ELECTRIC,2.0,HAMBANTOTA,BRAND NEW,1,DW-28,Unknown
MOTOR CYCLE,SOLID,G6,CHINA,ELECTRIC,1.5,KURUNEGALA,BRAND NEW,5,,G6
MOTOR CYCLE,YADEA,T5,CHINA,ELECTRIC,1.2,GAMPAHA,BRAND NEW,140,,T5
MOTOR CYCLE,YADEA,RUIBIN,CHINA,ELECTRIC,0.8,COLOMBO,BRAND NEW,15,,RUIBIN
MOTOR CYCLE,LUYUAN,MYT,CHINA,ELECTRIC,0.8,POLONNARUWA,BRAND NEW,5,,MYT
MOTOR CYCLE,LUYUAN,MYT,CHINA,ELECTRIC,0.8,AMPARA,BRAND NEW,14,,MYT
MOTOR CYCLE,BAJAJ,PULSAR N 125,INDIA,PETROL,124.58,MANNAR,BRAND NEW,14,,PULSAR N 125
MOTOR CYCLE,VMOTO,CITI,CHINA,ELECTRIC,2.0,PUTTALAM,BRAND NEW,10,,CITI
MOTOR CYCLE,TMR LUYUAN,S18,CHINA,ELECTRIC,1.2,ANURADHAPURA,BRAND NEW,6,,S18
MOTOR CYCLE,TMR QUANLE,G18,CHINA,ELECTRIC,2.0,KURUNEGALA,BRAND NEW,21,,G18
MOTOR CYCLE,YADEA,RUIBIN,CHINA,ELECTRIC,0.8,MATARA,BRAND NEW,3,,RUIBIN
MOTOR CYCLE,YADEA,RUIBIN,CHINA,ELECTRIC,0.8,MONERAGALA,BRAND NEW,15,,RUIBIN
MOTOR CYCLE,BAJAJ,DISCOVER  125,INDIA,PETROL,124.5,KURUNEGALA,BRAND NEW,65,,DISCOVER  125
MOTOR CYCLE,BAJAJ,DISCOVER  125,INDIA,PETROL,124.5,HAMBANTOTA,BRAND NEW,15,,DISCOVER  125
MOTOR CYCLE,YAMAHA,RAY ZRSTREETRALLY125,INDIA,PETROL,125.0,GALLE,BRAND NEW,11,,RAY ZRSTREETRALLY125
MOTOR CYCLE,YAMAHA,FZ  VER 2.0,INDIA,PETROL,149.0,KEGALLE,BRAND NEW,27,,FZ  VER 2.0
MOTOR CYCLE,YAMAHA,RAY ZRSTREETRALLY125,INDIA,PETROL,125.0,MATARA,BRAND NEW,9,,RAY ZRSTREETRALLY125
MOTOR CYCLE,YAMAHA,RAY ZRSTREETRALLY125,INDIA,PETROL,125.0,ANURADHAPURA,BRAND NEW,14,,RAY ZRSTREETRALLY125
MOTOR CYCLE,YAMAHA,RAY ZR STREET RALLY,INDIA,PETROL,113.0,ANURADHAPURA,BRAND NEW,10,,RAY ZR STREET RALLY
MOTOR CYCLE,YAMAHA,RAY ZR STREET RALLY,INDIA,PETROL,113.0,KALUTARA,BRAND NEW,27,,RAY ZR STREET RALLY
MOTOR CYCLE,BAJAJ,CALIBER,INDIA,PETROL,111.6,MATARA,BRAND NEW,3,,CALIBER
MOTOR CYCLE,NWOW,ARS,CHINA,ELECTRIC,0.45,COLOMBO,BRAND NEW,7,,ARS
MOTOR CYCLE,YAMAHA,FZ  VER 2.0,INDIA,PETROL,149.0,MATARA,BRAND NEW,31,,FZ  VER 2.0
MOTOR CYCLE,YAMAHA,RAY ZR 125,INDIA,PETROL,125.0,KURUNEGALA,BRAND NEW,16,,RAY ZR 125
MOTOR CYCLE,HERO,XOOM-110,INDIA,PETROL,110.9,MATALE,BRAND NEW,24,XOOM-110,Unknown
MOTOR CYCLE,BAJAJ,PULSAR N 125,INDIA,PETROL,124.58,AMPARA,BRAND NEW,33,,PULSAR N 125
MOTOR CYCLE,BAJAJ,CT 100 ES,INDIA,PETROL,102.0,KANDY,BRAND NEW,130,,CT 100 ES
MOTOR CYCLE,YAMAHA,RAY ZR 125,INDIA,PETROL,125.0,TRINCOMALEE,BRAND NEW,11,,RAY ZR 125
MOTOR CYCLE,TMR QUANLE,G18,CHINA,ELECTRIC,2.0,KEGALLE,BRAND NEW,2,,G18
MOTOR CYCLE,TMR QUANLE,ZL,CHINA,ELECTRIC,2.0,GALLE,BRAND NEW,7,,ZL
MOTOR CYCLE,TMR QUANLE,ZS,CHINA,ELECTRIC,1.2,AMPARA,BRAND NEW,3,,ZS
MOTOR CYCLE,LUYUAN ALFA,MKK-Z23E-12-C,CHINA,ELECTRIC,1.2,COLOMBO,BRAND NEW,2,MKK-Z23E-12-C,Unknown
MOTOR CYCLE,YADEA,EPOC H,CHINA,ELECTRIC,2.0,RATNAPURA,BRAND NEW,1,,EPOC H
MOTOR CYCLE,YAMAHA,RAY ZRSTREETRALLY125,INDIA,PETROL,125.0,JAFFNA,BRAND NEW,16,,RAY ZRSTREETRALLY125
MOTOR CYCLE,YAMAHA,YZF R15 VER 4.0,INDIA,PETROL,155.0,AMPARA,BRAND NEW,4,,YZF R15 VER 4.0
MOTOR CYCLE,YADEA,M6,CHINA,ELECTRIC,1.2,JAFFNA,BRAND NEW,1,,M6
MOTOR CYCLE,YADEA,M6,CHINA,ELECTRIC,1.2,GALLE,BRAND NEW,1,,M6
MOTOR CYCLE,BAJAJ,PULSAR N 160,INDIA,PETROL,164.32,NUWARA-ELIYA,BRAND NEW,14,,PULSAR N 160
MOTOR CYCLE,ATHER,450X,INDIA,ELECTRIC,3.0,ANURADHAPURA,BRAND NEW,3,,450X
MOTOR CYCLE,YAMAHA,RAY ZR,INDIA,PETROL,113.0,MULLATIVU,BRAND NEW,3,,RAY ZR
MOTOR CYCLE,SOLID,G6,CHINA,ELECTRIC,1.5,HAMBANTOTA,BRAND NEW,3,,G6
MOTOR CYCLE,SOLID,G6,CHINA,ELECTRIC,1.5,GALLE,BRAND NEW,6,,G6
MOTOR CYCLE,YAMAHA,YZF R15 VER 4.0,INDIA,PETROL,155.0,BADULLA,BRAND NEW,2,,YZF R15 VER 4.0
MOTOR CYCLE,YAMAHA,RAY ZR STREET RALLY,INDIA,PETROL,113.0,HAMBANTOTA,BRAND NEW,8,,RAY ZR STREET RALLY
MOTOR CYCLE,TAILG,MENGSU,CHINA,ELECTRIC,1.0,KURUNEGALA,BRAND NEW,1,,MENGSU
MOTOR CYCLE,NWOW,WSP,CHINA,ELECTRIC,1.5,KEGALLE,BRAND NEW,1,,WSP
MOTOR CYCLE,TMR LUYUAN,S18,CHINA,ELECTRIC,1.2,MONERAGALA,BRAND NEW,1,,S18
MOTOR CYCLE,OYFLY,TDM-LTW,CHINA,ELECTRIC,2.0,GAMPAHA,BRAND NEW,4,TDM-LTW,Unknown
MOTOR CYCLE,TMR LUYUAN,S18,CHINA,ELECTRIC,1.2,GALLE,BRAND NEW,1,,S18
MOTOR CYCLE,NWOW,SE,CHINA,ELECTRIC,0.8,MATARA,BRAND NEW,3,,SE
MOTOR CYCLE,NWOW,GB2,CHINA,ELECTRIC,0.4,COLOMBO,BRAND NEW,1,,GB2
MOTOR CYCLE,HERO,XOOM-110,INDIA,PETROL,110.9,NUWARA-ELIYA,BRAND NEW,3,XOOM-110,Unknown
MOTOR CYCLE,YAMAHA,MT 15 VER 2.0,INDIA,PETROL,155.0,MULLATIVU,BRAND NEW,8,,MT 15 VER 2.0
MOTOR CYCLE,YAMAHA,RAY ZRSTREETRALLY125,INDIA,PETROL,125.0,PUTTALAM,BRAND NEW,5,,RAY ZRSTREETRALLY125
MOTOR CYCLE,TVS,NTORQ 125,SRI LANKA,PETROL,124.8,COLOMBO,BRAND NEW,3,,NTORQ 125
MOTOR CYCLE,YAMAHA,RAY ZRSTREETRALLY125,INDIA,PETROL,125.0,MULLATIVU,BRAND NEW,4,,RAY ZRSTREETRALLY125
MOTOR CYCLE,BAJAJ,PULSAR N 160,INDIA,PETROL,164.32,PUTTALAM,BRAND NEW,74,,PULSAR N 160
MOTOR CYCLE,TMR QUANLE,ZS,CHINA,ELECTRIC,1.2,GAMPAHA,BRAND NEW,9,,ZS
MOTOR CYCLE,OYFLY,TDM BO2,CHINA,ELECTRIC,1.0,GAMPAHA,BRAND NEW,1,,TDM BO2
MOTOR CYCLE,OYFLY,TDM-LTW,CHINA,ELECTRIC,2.0,HAMBANTOTA,BRAND NEW,2,TDM-LTW,Unknown
MOTOR CYCLE,YAMAHA,MT 15 VER 2.0,INDIA,PETROL,155.0,POLONNARUWA,BRAND NEW,2,,MT 15 VER 2.0
MOTOR CYCLE,OYFLY,TDM-LTW,CHINA,ELECTRIC,2.0,MONERAGALA,BRAND NEW,1,TDM-LTW,Unknown
MOTOR CYCLE,BAJAJ,PULSAR N 160,INDIA,PETROL,164.32,MONERAGALA,BRAND NEW,16,,PULSAR N 160
MOTOR CYCLE,AIMA,BREEZY,CHINA,ELECTRIC,0.8,POLONNARUWA,BRAND NEW,2,,BREEZY
MOTOR CYCLE,BAJAJ,PULSAR N 160,INDIA,PETROL,164.32,KURUNEGALA,BRAND NEW,40,,PULSAR N 160
MOTOR CYCLE,BAJAJ,PULSAR NS 200,INDIA,PETROL,199.5,KALUTARA,BRAND NEW,25,,PULSAR NS 200
MOTOR CYCLE,LUYUAN,MS70 Z23E,CHINA,ELECTRIC,1.2,BADULLA,BRAND NEW,1,,MS70 Z23E
MOTOR CYCLE,GALLANT,XZ125T-12,CHINA,PETROL,125.0,GAMPAHA,BRAND NEW,1,,XZ125T-12
MOTOR CYCLE,YADEA,E8S PRO,CHINA,ELECTRIC,2.0,ANURADHAPURA,BRAND NEW,2,,E8S PRO
MOTOR CYCLE,TVS,NTORQ 125,SRI LANKA,PETROL,124.8,VAVUNIYA,BRAND NEW-L/ASSEMBLE,37,,NTORQ 125
MOTOR CYCLE,TVS,NTORQ 125,SRI LANKA,PETROL,124.8,KALUTARA,BRAND NEW-L/ASSEMBLE,195,,NTORQ 125
MOTOR CYCLE,TVS,TVS XL 100,SRI LANKA,PETROL,99.7,KURUNEGALA,BRAND NEW-L/ASSEMBLE,134,,TVS XL 100
MOTOR CYCLE,TVS,TVS RAIDER 125,SRI LANKA,PETROL,124.79,MATALE,BRAND NEW-L/ASSEMBLE,6,,TVS RAIDER 125
MOTOR CYCLE,TVS,NTORQ 125,SRI LANKA,PETROL,124.8,COLOMBO,BRAND NEW-L/ASSEMBLE,440,,NTORQ 125
MOTOR CYCLE,SENARO,GN125,SRI LANKA,PETROL,125.0,RATNAPURA,BRAND NEW-L/ASSEMBLE,16,,GN125
MOTOR CYCLE,SENARO,GN125,SRI LANKA,PETROL,125.0,COLOMBO,BRAND NEW-L/ASSEMBLE,16,,GN125
MOTOR CYCLE,BAJAJ,PULSAR N160,SRI LANKA,PETROL,164.82,NUWARA-ELIYA,BRAND NEW-L/ASSEMBLE,9,,PULSAR N160
MOTOR CYCLE,BAJAJ,CT 100 ES,SRI LANKA,PETROL,102.0,JAFFNA,BRAND NEW-L/ASSEMBLE,22,,CT 100 ES
MOTOR CYCLE,BAJAJ,CT 100 ES,SRI LANKA,PETROL,102.0,POLONNARUWA,BRAND NEW-L/ASSEMBLE,87,,CT 100 ES
MOTOR CYCLE,BAJAJ,DISCOVER 125,SRI LANKA,PETROL,124.5,MULLATIVU,BRAND NEW-L/ASSEMBLE,11,,DISCOVER 125
MOTOR CYCLE,BAJAJ,DISCOVER 125,SRI LANKA,PETROL,124.5,PUTTALAM,BRAND NEW-L/ASSEMBLE,63,,DISCOVER 125
MOTOR CYCLE,BAJAJ,CT 100 ES,SRI LANKA,PETROL,102.0,MULLATIVU,BRAND NEW-L/ASSEMBLE,17,,CT 100 ES
MOTOR CYCLE,TVS,TVS RAIDER 125,SRI LANKA,PETROL,124.79,PUTTALAM,BRAND NEW-L/ASSEMBLE,22,,TVS RAIDER 125
MOTOR CYCLE,SENARO,GN125,SRI LANKA,PETROL,125.0,KANDY,BRAND NEW-L/ASSEMBLE,7,,GN125
MOTOR CYCLE,SENARO,GN125,SRI LANKA,PETROL,125.0,BATTICALOA,BRAND NEW-L/ASSEMBLE,1,,GN125
MOTOR CYCLE,TVS,XL SUPER 70,INDIA,PETROL,69.9,POLONNARUWA,BRAND NEW-L/ASSEMBLE,1,,XL SUPER 70
MOTOR CYCLE,RANOMOTO,MOPED SUPER,SRI LANKA,PETROL,49.0,VAVUNIYA,BRAND NEW-L/ASSEMBLE,1,,MOPED SUPER
MOTOR CYCLE,RANOMOTO,MOPED SUPER,SRI LANKA,PETROL,49.0,MATALE,BRAND NEW-L/ASSEMBLE,1,,MOPED SUPER
MOTOR CYCLE,YAMAHA,FZ  VER 2.0,INDIA,PETROL,149.0,PUTTALAM,BRAND NEW-L/ASSEMBLE,1,,FZ  VER 2.0
MOTOR CYCLE,TVS,TVS NTORQ 125 CC,INDIA,PETROL,124.8,MATARA,BRAND NEW-L/ASSEMBLE,1,,TVS NTORQ 125 CC
MOTOR CYCLE,SENARO,CLICK 150,SRI LANKA,PETROL,150.0,KALUTARA,BRAND NEW-L/ASSEMBLE,3,,CLICK 150
MOTOR CYCLE,SENARO,CLICK 150,SRI LANKA,PETROL,150.0,ANURADHAPURA,BRAND NEW-L/ASSEMBLE,1,,CLICK 150
MOTOR CYCLE,HONDA,ADV160,JAPAN,PETROL,157.0,KANDY,RECONDITIONED,3,,ADV160
MOTOR CYCLE,HONDA,PCX,VIETNAM,PETROL,124.0,PUTTALAM,RECONDITIONED,2,,PCX
MOTOR CYCLE,HONDA,8BK-KF47,JAPAN,PETROL,157.0,AMPARA,RECONDITIONED,1,8BK-KF47,Unknown
MOTOR CYCLE,HONDA,PCX160,VIETNAM,PETROL,157.0,COLOMBO,RECONDITIONED,1,,PCX160
MOTOR CYCLE,HONDA,ADV160,JAPAN,PETROL,157.0,VAVUNIYA,RECONDITIONED,1,,ADV160
MOTOR CYCLE,KAWASAKI,D TRACKER 125,JAPAN,PETROL,124.0,PUTTALAM,RECONDITIONED,1,,D TRACKER 125
MOTOR CYCLE,HONDA,PCX,JAPAN,PETROL,157.0,KALUTARA,RECONDITIONED,1,,PCX
MOTOR CYCLE,HONDA,PCX 160,JAPAN,PETROL,157.0,GAMPAHA,RECONDITIONED,3,,PCX 160
MOTOR CYCLE,KAWASAKI,NINJA EX 250 PE,THAILAND,PETROL,250.0,GAMPAHA,RECONDITIONED,1,,NINJA EX 250 PE
MOTOR CYCLE,RISE,LEADER R80,SRI LANKA,ELECTRIC,2.0,GALLE,BRAND NEW-L/MANUFACT,1,,LEADER R80
MOTOR CYCLE,RISE,LEADER,SRI LANKA,ELECTRIC,2.0,GALLE,BRAND NEW-L/MANUFACT,1,,LEADER
MOTOR CYCLE,BAJAJ,PULSAR N 160,INDIA,PETROL,164.32,PUTTALAM,BOUGHT FROM AUCTION,1,,PULSAR N 160
MOTOR CYCLE,YAMAHA,RAY ZR 125,INDIA,PETROL,125.0,COLOMBO,BRAND NEW,62,,RAY ZR 125
MOTOR CYCLE,RANOMOTO,GN125H,CHINA,PETROL,124.0,BADULLA,BRAND NEW,1,,GN125H
MOTOR CYCLE,RANOMOTO,GN125H,CHINA,PETROL,124.0,GALLE,BRAND NEW,6,,GN125H
MOTOR CYCLE,TVS,TVS NTORQ 125 CC,INDIA,PETROL,124.8,KEGALLE,BRAND NEW,100,,TVS NTORQ 125 CC
MOTOR CYCLE,BAJAJ,PULSAR N 125,INDIA,PETROL,124.58,KALUTARA,BRAND NEW,47,,PULSAR N 125
MOTOR CYCLE,YAMAHA,FZ S FI VER 4.0,INDIA,PETROL,149.0,POLONNARUWA,BRAND NEW,12,,FZ S FI VER 4.0
MOTOR CYCLE,YAMAHA,RAY ZR,INDIA,PETROL,113.0,AMPARA,BRAND NEW,16,,RAY ZR
MOTOR CYCLE,YADEA,T5,CHINA,ELECTRIC,1.2,KURUNEGALA,BRAND NEW,332,,T5
MOTOR CYCLE,BAJAJ,DISCOVER  125,INDIA,PETROL,124.5,COLOMBO,BRAND NEW,86,,DISCOVER  125
MOTOR CYCLE,YADEA,T5,CHINA,ELECTRIC,1.2,MATARA,BRAND NEW,107,,T5
MOTOR CYCLE,YADEA,T5,CHINA,ELECTRIC,1.2,MULLATIVU,BRAND NEW,18,,T5
MOTOR CYCLE,YAMAHA,RAY ZR,INDIA,PETROL,113.0,COLOMBO,BRAND NEW,47,,RAY ZR
MOTOR CYCLE,SUPER SOCO,TS STREET HUNTER,CHINA,ELECTRIC,2.5,GAMPAHA,BRAND NEW,3,,TS STREET HUNTER
MOTOR CYCLE,BAJAJ,PULSAR N 125,INDIA,PETROL,124.58,ANURADHAPURA,BRAND NEW,70,,PULSAR N 125
MOTOR CYCLE,BAJAJ,PULSAR N 125,INDIA,PETROL,124.58,TRINCOMALEE,BRAND NEW,31,,PULSAR N 125
MOTOR CYCLE,QUANLE,N9 (NINEBOT),CHINA,ELECTRIC,1.5,KURUNEGALA,BRAND NEW,11,,N9 (NINEBOT)
MOTOR CYCLE,NWOW,TK 10,CHINA,ELECTRIC,0.8,COLOMBO,BRAND NEW,13,,TK 10
MOTOR CYCLE,NWOW,TK 10,CHINA,ELECTRIC,0.8,KALUTARA,BRAND NEW,7,,TK 10
MOTOR CYCLE,TVS,TVS XL 100,SRI LANKA,PETROL,99.7,ANURADHAPURA,BRAND NEW,1,,TVS XL 100
MOTOR CYCLE,BAJAJ,DISCOVER  125,INDIA,PETROL,124.5,MANNAR,BRAND NEW,14,,DISCOVER  125
MOTOR CYCLE,BAJAJ,DISCOVER  125,INDIA,PETROL,124.5,GALLE,BRAND NEW,64,,DISCOVER  125
MOTOR CYCLE,BAJAJ,DISCOVER  125,INDIA,PETROL,124.5,MATARA,BRAND NEW,29,,DISCOVER  125
MOTOR CYCLE,YAMAHA,MT 15 VER 2.0,INDIA,PETROL,155.0,GAMPAHA,BRAND NEW,23,,MT 15 VER 2.0
MOTOR CYCLE,YAMAHA,RAY ZR,INDIA,PETROL,113.0,PUTTALAM,BRAND NEW,8,,RAY ZR
MOTOR CYCLE,BAJAJ,BOXER CT-DX,INDIA,PETROL,99.35,MATARA,BRAND NEW,3,,BOXER CT-DX
MOTOR CYCLE,YAMAHA,FZ  VER 2.0,INDIA,PETROL,149.0,PUTTALAM,BRAND NEW,27,,FZ  VER 2.0
MOTOR CYCLE,YAMAHA,YZF R15 VER 4.0,INDIA,PETROL,155.0,MATARA,BRAND NEW,1,,YZF R15 VER 4.0
MOTOR CYCLE,HERO,XOOM-110,INDIA,PETROL,110.9,GAMPAHA,BRAND NEW,41,XOOM-110,Unknown
MOTOR CYCLE,HERO,HF-DELUXE,INDIA,PETROL,97.2,GAMPAHA,BRAND NEW,2,HF-DELUXE,Unknown
MOTOR CYCLE,HERO,XOOM-110,INDIA,PETROL,110.9,POLONNARUWA,BRAND NEW,23,XOOM-110,Unknown
MOTOR CYCLE,HERO,XOOM-110,INDIA,PETROL,110.9,GALLE,BRAND NEW,11,XOOM-110,Unknown
MOTOR CYCLE,BAJAJ,DISCOVER  125,INDIA,PETROL,124.5,NUWARA-ELIYA,BRAND NEW,12,,DISCOVER  125
MOTOR CYCLE,BAJAJ,DISCOVER,INDIA,PETROL,124.52,ANURADHAPURA,BRAND NEW,1,,DISCOVER
MOTOR CYCLE,YAMAHA,RAY ZRSTREETRALLY125,INDIA,PETROL,125.0,GAMPAHA,BRAND NEW,29,,RAY ZRSTREETRALLY125
MOTOR CYCLE,YAMAHA,RAY ZR 125,INDIA,PETROL,125.0,KEGALLE,BRAND NEW,11,,RAY ZR 125
MOTOR CYCLE,TMR QUANLE,XGW,CHINA,ELECTRIC,1.2,GAMPAHA,BRAND NEW,16,,XGW
MOTOR CYCLE,TMR LUYUAN,MQQ6,CHINA,ELECTRIC,0.8,KURUNEGALA,BRAND NEW,3,,MQQ6
MOTOR CYCLE,TMR QUANLE,Q1,CHINA,ELECTRIC,1.2,AMPARA,BRAND NEW,3,,Q1
MOTOR CYCLE,YAMAHA,YZF R15 VER 4.0,INDIA,PETROL,155.0,BATTICALOA,BRAND NEW,6,,YZF R15 VER 4.0
MOTOR CYCLE,ROYAL ENFIELD,BULLET 350,INDIA,PETROL,350.0,RATNAPURA,BRAND NEW,1,,BULLET 350
MOTOR CYCLE,YADEA,T 9,CHINA,ELECTRIC,2.0,KURUNEGALA,BRAND NEW,2,,T 9
MOTOR CYCLE,YADEA,RUIBIN,CHINA,ELECTRIC,0.8,BATTICALOA,BRAND NEW,6,,RUIBIN
MOTOR CYCLE,DAYWANG(DW)SL,E-MOTOR CYCLE,CHINA,ELECTRIC,0.8,ANURADHAPURA,BRAND NEW,1,,E-MOTOR CYCLE
MOTOR CYCLE,YAMAHA,YZF R15 VER 4.0,INDIA,PETROL,155.0,GAMPAHA,BRAND NEW,8,,YZF R15 VER 4.0
MOTOR CYCLE,TVS,NTORQ 125,SRI LANKA,PETROL,124.8,RATNAPURA,BRAND NEW,2,,NTORQ 125
MOTOR CYCLE,LUYUAN,S90 PLUS,CHINA,ELECTRIC,1.5,COLOMBO,BRAND NEW,2,,S90 PLUS
MOTOR CYCLE,HERO,HF-DELUXE,INDIA,PETROL,97.2,MULLATIVU,BRAND NEW,30,HF-DELUXE,Unknown
MOTOR CYCLE,HERO,HF-DELUXE,INDIA,PETROL,97.2,POLONNARUWA,BRAND NEW,12,HF-DELUXE,Unknown
MOTOR CYCLE,SUPER SOCO,TS STREET HUNTER,CHINA,ELECTRIC,2.5,ANURADHAPURA,BRAND NEW,3,,TS STREET HUNTER
MOTOR CYCLE,YAMAHA,FZ S FI VER 4.0,INDIA,PETROL,149.0,JAFFNA,BRAND NEW,22,,FZ S FI VER 4.0
MOTOR CYCLE,YADEA,RUIBIN,CHINA,ELECTRIC,0.8,BADULLA,BRAND NEW,11,,RUIBIN
MOTOR CYCLE,YADEA,M6,CHINA,ELECTRIC,1.2,KILINOCHCHI,BRAND NEW,1,,M6
MOTOR CYCLE,BAJAJ,PULSAR NS 400 Z,INDIA,PETROL,373.27,KEGALLE,BRAND NEW,1,,PULSAR NS 400 Z
MOTOR CYCLE,YADEA,RUIBIN,CHINA,ELECTRIC,0.8,TRINCOMALEE,BRAND NEW,5,,RUIBIN
MOTOR CYCLE,BAJAJ,PULSAR NS 400 Z,INDIA,PETROL,373.27,BATTICALOA,BRAND NEW,1,,PULSAR NS 400 Z
MOTOR CYCLE,YAMAHA,FZ S FI VER 4.0,INDIA,PETROL,149.0,MATALE,BRAND NEW,8,,FZ S FI VER 4.0
MOTOR CYCLE,BAJAJ,BOXER CT,INDIA,PETROL,99.35,MATARA,BRAND NEW,2,,BOXER CT
MOTOR CYCLE,QUANLE,N9 (NINEBOT),CHINA,ELECTRIC,1.5,GALLE,BRAND NEW,4,,N9 (NINEBOT)
MOTOR CYCLE,TMR QUANLE,Q1,CHINA,ELECTRIC,1.2,POLONNARUWA,BRAND NEW,1,,Q1
MOTOR CYCLE,YADEA,M6,CHINA,ELECTRIC,1.2,GAMPAHA,BRAND NEW,3,,M6
MOTOR CYCLE,YAMAHA,YZF R15 VER 4.0,INDIA,PETROL,155.0,VAVUNIYA,BRAND NEW,3,,YZF R15 VER 4.0
MOTOR CYCLE,NWOW,WSP,CHINA,ELECTRIC,1.5,PUTTALAM,BRAND NEW,1,,WSP
MOTOR CYCLE,BAJAJ,DISCOVER -AW,INDIA,PETROL,125.0,MATARA,BRAND NEW,1,,DISCOVER -AW
MOTOR CYCLE,YAMAHA,RAY ZR,INDIA,PETROL,113.0,MANNAR,BRAND NEW,6,,RAY ZR
MOTOR CYCLE,BAJAJ,DISCOVER ES,INDIA,PETROL,124.52,MATARA,BRAND NEW,1,,DISCOVER ES
MOTOR CYCLE,TMR QUANLE,Q1,CHINA,ELECTRIC,1.2,KURUNEGALA,BRAND NEW,3,,Q1
MOTOR CYCLE,LUYUAN ALFA,MKK-Z23E-12-C,CHINA,ELECTRIC,1.2,JAFFNA,BRAND NEW,1,MKK-Z23E-12-C,Unknown
MOTOR CYCLE,YADEA,RUIBIN,CHINA,ELECTRIC,0.8,MATALE,BRAND NEW,7,,RUIBIN
MOTOR CYCLE,LIMA,EL07,CHINA,ELECTRIC,1.5,COLOMBO,BRAND NEW,2,,EL07
MOTOR CYCLE,RANOMOTO,MOPED SUPER,SRI LANKA,PETROL,49.0,ANURADHAPURA,BRAND NEW,1,,MOPED SUPER
MOTOR CYCLE,YAMAHA,FZ S FI VER 4.0,INDIA,PETROL,149.0,MONERAGALA,BRAND NEW,8,,FZ S FI VER 4.0
MOTOR CYCLE,AIMA,MAVERICK,CHINA,ELECTRIC,2.0,MATARA,BRAND NEW,3,,MAVERICK
MOTOR CYCLE,BAJAJ,PULSAR NS 200,INDIA,PETROL,199.5,COLOMBO,BRAND NEW,59,,PULSAR NS 200
MOTOR CYCLE,YADEA,E8S PRO,CHINA,ELECTRIC,2.0,GAMPAHA,BRAND NEW,1,,E8S PRO
MOTOR CYCLE,AIMA,ARIA,CHINA,ELECTRIC,0.8,KURUNEGALA,BRAND NEW,1,,ARIA
MOTOR CYCLE,BAJAJ,PULSAR N 160,INDIA,PETROL,164.32,MANNAR,BRAND NEW,5,,PULSAR N 160
MOTOR CYCLE,BAJAJ,PULSAR N 160,INDIA,PETROL,164.32,BATTICALOA,BRAND NEW,29,,PULSAR N 160
MOTOR CYCLE,BAJAJ,PULSAR NS 200,INDIA,PETROL,199.5,BADULLA,BRAND NEW,13,,PULSAR NS 200
MOTOR CYCLE,TMR QUANLE,XGW,CHINA,ELECTRIC,1.2,COLOMBO,BRAND NEW,1,,XGW
MOTOR CYCLE,TMR LUYUAN,COLA 5,CHINA,ELECTRIC,0.4,TRINCOMALEE,BRAND NEW,1,,COLA 5
MOTOR CYCLE,ATHER,450X,INDIA,ELECTRIC,3.0,JAFFNA,BRAND NEW,1,,450X
MOTOR CYCLE,TVS,NTORQ 125,SRI LANKA,PETROL,124.8,MATARA,BRAND NEW-L/ASSEMBLE,162,,NTORQ 125
MOTOR CYCLE,TVS,TVS XL 100,SRI LANKA,PETROL,99.7,MANNAR,BRAND NEW-L/ASSEMBLE,12,,TVS XL 100
MOTOR CYCLE,BAJAJ,CT 100 ES,SRI LANKA,PETROL,102.0,HAMBANTOTA,BRAND NEW-L/ASSEMBLE,78,,CT 100 ES
MOTOR CYCLE,BAJAJ,DISCOVER 125,SRI LANKA,PETROL,124.5,GAMPAHA,BRAND NEW-L/ASSEMBLE,96,,DISCOVER 125
MOTOR CYCLE,BAJAJ,DISCOVER 125,SRI LANKA,PETROL,124.5,AMPARA,BRAND NEW-L/ASSEMBLE,34,,DISCOVER 125
MOTOR CYCLE,TVS,TVS XL 100,SRI LANKA,PETROL,99.7,KEGALLE,BRAND NEW-L/ASSEMBLE,3,,TVS XL 100
MOTOR CYCLE,BAJAJ,CT 100 ES,SRI LANKA,PETROL,102.0,BADULLA,BRAND NEW-L/ASSEMBLE,56,,CT 100 ES
MOTOR CYCLE,TVS,TVS RAIDER 125,SRI LANKA,PETROL,124.79,BATTICALOA,BRAND NEW-L/ASSEMBLE,18,,TVS RAIDER 125
MOTOR CYCLE,TVS,TVS RAIDER 125,SRI LANKA,PETROL,124.79,NUWARA-ELIYA,BRAND NEW-L/ASSEMBLE,7,,TVS RAIDER 125
MOTOR CYCLE,LENCAR,ERC80,SRI LANKA,ELECTRIC,1.2,KURUNEGALA,BRAND NEW-L/ASSEMBLE,8,,ERC80
MOTOR CYCLE,RANOMOTO,MOPED SUPER,SRI LANKA,PETROL,49.0,POLONNARUWA,BRAND NEW-L/ASSEMBLE,4,,MOPED SUPER
MOTOR CYCLE,NWOW,SE,SRI LANKA,ELECTRIC,0.8,JAFFNA,BRAND NEW-L/ASSEMBLE,1,,SE
MOTOR CYCLE,BAJAJ,PULSAR N160,SRI LANKA,PETROL,164.32,BATTICALOA,BRAND NEW-L/ASSEMBLE,1,,PULSAR N160
MOTOR CYCLE,HONDA,PCX 160,JAPAN,PETROL,157.0,COLOMBO,RECONDITIONED,5,,PCX 160
MOTOR CYCLE,HONDA,ADV 160,JAPAN,PETROL,157.0,GAMPAHA,RECONDITIONED,4,,ADV 160
MOTOR CYCLE,HONDA,ADV 160,JAPAN,PETROL,157.0,GALLE,RECONDITIONED,2,,ADV 160
MOTOR CYCLE,HONDA,PCX160,JAPAN,PETROL,157.0,KANDY,RECONDITIONED,4,,PCX160
MOTOR CYCLE,HONDA,PCX 125,JAPAN,PETROL,124.0,JAFFNA,RECONDITIONED,1,,PCX 125
MOTOR CYCLE,HONDA,CB125R,JAPAN,PETROL,124.0,KURUNEGALA,RECONDITIONED,1,,CB125R
MOTOR CYCLE,HONDA,SUPER CUB,JAPAN,PETROL,50.0,PUTTALAM,RECONDITIONED,1,,SUPER CUB
MOTOR CYCLE,HONDA,PCX 160,VIETNAM,PETROL,156.0,COLOMBO,RECONDITIONED,1,,PCX 160
MOTOR CYCLE,KTM,RC200,MALAYSIA,PETROL,199.5,MANNAR,RECONDITIONED,1,,RC200
MOTOR CYCLE,SUZUKI,8BK-EL11L,JAPAN,PETROL,249.0,COLOMBO,RECONDITIONED,1,8BK-EL11L,Unknown
MOTOR CYCLE,HONDA,PCX,VIETNAM,PETROL,124.0,KURUNEGALA,RECONDITIONED,2,,PCX
MOTOR CYCLE,HONDA,PCX 160,VIETNAM,PETROL,157.0,PUTTALAM,RECONDITIONED,1,,PCX 160
MOTOR CYCLE,TVS,NTORQ 125,SRI LANKA,PETROL,124.8,PUTTALAM,BRAND NEW-L/MANUFACT,1,,NTORQ 125
MOTOR CYCLE,BAJAJ,DISCOVER 125,SRI LANKA,PETROL,124.5,MANNAR,BRAND NEW-L/MANUFACT,1,,DISCOVER 125
MOTOR CYCLE,TVS,TVS NTORQ 125 CC,INDIA,PETROL,124.8,PUTTALAM,BRAND NEW,153,,TVS NTORQ 125 CC
MOTOR CYCLE,TVS,TVS NTORQ 125 CC,INDIA,PETROL,124.8,NUWARA-ELIYA,BRAND NEW,13,,TVS NTORQ 125 CC
MOTOR CYCLE,ROYAL ENFIELD,CLASSIC 350,INDIA,PETROL,349.0,AMPARA,BRAND NEW,2,,CLASSIC 350
MOTOR CYCLE,BAJAJ,PULSAR N 125,INDIA,PETROL,124.58,COLOMBO,BRAND NEW,112,,PULSAR N 125
MOTOR CYCLE,YAMAHA,RAY ZR 125,INDIA,PETROL,125.0,RATNAPURA,BRAND NEW,15,,RAY ZR 125
MOTOR CYCLE,YAMAHA,FZ S FI VER 4.0,INDIA,PETROL,149.0,ANURADHAPURA,BRAND NEW,45,,FZ S FI VER 4.0
MOTOR CYCLE,YAMAHA,RAY ZR STREET RALLY,INDIA,PETROL,113.0,VAVUNIYA,BRAND NEW,5,,RAY ZR STREET RALLY
MOTOR CYCLE,YAMAHA,RAY ZR,INDIA,PETROL,113.0,BATTICALOA,BRAND NEW,46,,RAY ZR
MOTOR CYCLE,YADEA,RUIBIN,CHINA,ELECTRIC,0.8,KALUTARA,BRAND NEW,21,,RUIBIN
MOTOR CYCLE,YADEA,EZEEGO,CHINA,ELECTRIC,1.2,KURUNEGALA,BRAND NEW,4,,EZEEGO
MOTOR CYCLE,VMOTO,CITI,CHINA,ELECTRIC,2.0,GAMPAHA,BRAND NEW,2,,CITI
MOTOR CYCLE,SUPER SOCO,TS STREET HUNTER,CHINA,ELECTRIC,2.5,HAMBANTOTA,BRAND NEW,1,,TS STREET HUNTER
MOTOR CYCLE,ATHER,450X,INDIA,ELECTRIC,3.0,HAMBANTOTA,BRAND NEW,3,,450X
MOTOR CYCLE,BAJAJ,PULSAR N 125,INDIA,PETROL,124.58,GALLE,BRAND NEW,86,,PULSAR N 125
MOTOR CYCLE,BAJAJ,PULSAR N 160,INDIA,PETROL,164.32,JAFFNA,BRAND NEW,26,,PULSAR N 160
MOTOR CYCLE,BAJAJ,PULSAR N 160,INDIA,PETROL,164.32,GAMPAHA,BRAND NEW,113,,PULSAR N 160
MOTOR CYCLE,TVS,TVS NTORQ 125 CC,INDIA,PETROL,124.8,BATTICALOA,BRAND NEW,33,,TVS NTORQ 125 CC
MOTOR CYCLE,TVS,TVS NTORQ 125 CC,INDIA,PETROL,124.8,MATALE,BRAND NEW,42,,TVS NTORQ 125 CC
MOTOR CYCLE,QUANLE,N9 (NINEBOT),CHINA,ELECTRIC,1.5,GAMPAHA,BRAND NEW,12,,N9 (NINEBOT)
MOTOR CYCLE,TMR QUANLE,ZS,CHINA,ELECTRIC,1.2,PUTTALAM,BRAND NEW,1,,ZS
MOTOR CYCLE,TVS,IQUBE,INDIA,ELECTRIC,3.34,KALUTARA,BRAND NEW,14,,IQUBE
MOTOR CYCLE,BAJAJ,DISCOVER  125,INDIA,PETROL,124.5,GAMPAHA,BRAND NEW,56,,DISCOVER  125
MOTOR CYCLE,BAJAJ,DISCOVER  125,INDIA,PETROL,124.5,AMPARA,BRAND NEW,27,,DISCOVER  125
MOTOR CYCLE,TVS,IQUBE,INDIA,ELECTRIC,3.34,GALLE,BRAND NEW,6,,IQUBE
MOTOR CYCLE,YAMAHA,FZ  VER 2.0,INDIA,PETROL,149.0,COLOMBO,BRAND NEW,39,,FZ  VER 2.0
MOTOR CYCLE,YAMAHA,RAY ZR,INDIA,PETROL,113.0,GALLE,BRAND NEW,31,,RAY ZR
MOTOR CYCLE,YAMAHA,RAY ZR,INDIA,PETROL,113.0,TRINCOMALEE,BRAND NEW,6,,RAY ZR
MOTOR CYCLE,TVS,VICTOR,INDIA,PETROL,110.0,MATARA,BRAND NEW,1,,VICTOR
MOTOR CYCLE,HERO HONDA,CD-DAWN,INDIA,PETROL,100.0,MATARA,BRAND NEW,2,CD-DAWN,Unknown
MOTOR CYCLE,ROYAL ENFIELD,CLASSIC 350,INDIA,PETROL,349.0,GAMPAHA,BRAND NEW,2,,CLASSIC 350
MOTOR CYCLE,HERO,HF-DELUXE,INDIA,PETROL,97.2,BATTICALOA,BRAND NEW,78,HF-DELUXE,Unknown
MOTOR CYCLE,HERO,XOOM-110,INDIA,PETROL,110.9,JAFFNA,BRAND NEW,12,XOOM-110,Unknown
MOTOR CYCLE,BAJAJ,DISCOVER  125,INDIA,PETROL,124.5,MATALE,BRAND NEW,11,,DISCOVER  125
MOTOR CYCLE,YAMAHA,MT 15 VER 2.0,INDIA,PETROL,155.0,KALUTARA,BRAND NEW,5,,MT 15 VER 2.0
MOTOR CYCLE,TMR QUANLE,ZL,CHINA,ELECTRIC,2.0,KALUTARA,BRAND NEW,1,,ZL
MOTOR CYCLE,YAMAHA,RAY ZR STREET RALLY,INDIA,PETROL,113.0,POLONNARUWA,BRAND NEW,12,,RAY ZR STREET RALLY
MOTOR CYCLE,ATHER,450X,INDIA,ELECTRIC,3.0,GALLE,BRAND NEW,5,,450X
MOTOR CYCLE,BAJAJ,CT 100 ES,SRI LANKA,PETROL,102.0,BADULLA,BRAND NEW,2,,CT 100 ES
MOTOR CYCLE,TMR LUYUAN,S18,CHINA,ELECTRIC,1.2,GAMPAHA,BRAND NEW,7,,S18
MOTOR CYCLE,RANOMOTO,GN125H,CHINA,PETROL,124.0,MONERAGALA,BRAND NEW,2,,GN125H
MOTOR CYCLE,NWOW,ARS,CHINA,ELECTRIC,0.45,GALLE,BRAND NEW,1,,ARS
MOTOR CYCLE,HERO,HF-DELUXE,INDIA,PETROL,97.2,VAVUNIYA,BRAND NEW,6,HF-DELUXE,Unknown
MOTOR CYCLE,VMOTO,CITI,CHINA,ELECTRIC,2.0,KALUTARA,BRAND NEW,1,,CITI
MOTOR CYCLE,HERO,HF-DELUXE,INDIA,PETROL,97.2,ANURADHAPURA,BRAND NEW,4,HF-DELUXE,Unknown
MOTOR CYCLE,YADEA,E8S PRO,CHINA,ELECTRIC,2.0,GALLE,BRAND NEW,1,,E8S PRO
MOTOR CYCLE,YADEA,T 9,CHINA,ELECTRIC,2.0,GAMPAHA,BRAND NEW,4,,T 9
MOTOR CYCLE,YADEA,M6,CHINA,ELECTRIC,1.2,COLOMBO,BRAND NEW,7,,M6
MOTOR CYCLE,SOLID,G6,CHINA,ELECTRIC,1.5,MATARA,BRAND NEW,3,,G6
MOTOR CYCLE,YAMAHA,FZ S FI VER 4.0,INDIA,PETROL,149.0,MANNAR,BRAND NEW,6,,FZ S FI VER 4.0
MOTOR CYCLE,ATHER,450X,INDIA,ELECTRIC,3.0,KILINOCHCHI,BRAND NEW,4,,450X
MOTOR CYCLE,YADEA,T 9,CHINA,ELECTRIC,2.0,COLOMBO,BRAND NEW,11,,T 9
MOTOR CYCLE,YAMAHA,RAY ZRSTREETRALLY125,INDIA,PETROL,125.0,VAVUNIYA,BRAND NEW,3,,RAY ZRSTREETRALLY125
MOTOR CYCLE,TMR LUYUAN,MQQ6,CHINA,ELECTRIC,0.8,GAMPAHA,BRAND NEW,3,,MQQ6
MOTOR CYCLE,TVS,TVS XL 100,SRI LANKA,PETROL,99.7,KURUNEGALA,BRAND NEW,2,,TVS XL 100
MOTOR CYCLE,BAJAJ,CT 100 ES,INDIA,PETROL,102.0,COLOMBO,BRAND NEW,384,,CT 100 ES
MOTOR CYCLE,BAJAJ,CALIBER 115,INDIA,PETROL,111.6,MATARA,BRAND NEW,2,,CALIBER 115
MOTOR CYCLE,OYFLY,TDM-LTW,CHINA,ELECTRIC,2.0,COLOMBO,BRAND NEW,3,TDM-LTW,Unknown
MOTOR CYCLE,BAJAJ,CT 100 ES,INDIA,PETROL,102.0,VAVUNIYA,BRAND NEW,39,,CT 100 ES
MOTOR CYCLE,BAJAJ,CT 100 ES,INDIA,PETROL,102.0,KALUTARA,BRAND NEW,232,,CT 100 ES
MOTOR CYCLE,BAJAJ,CT 100 ES,INDIA,PETROL,102.0,BATTICALOA,BRAND NEW,40,,CT 100 ES
MOTOR CYCLE,BAJAJ,CT 100 ES,INDIA,PETROL,102.0,BADULLA,BRAND NEW,76,,CT 100 ES
MOTOR CYCLE,ATHER,450X,INDIA,ELECTRIC,3.0,KURUNEGALA,BRAND NEW,5,,450X
MOTOR CYCLE,HERO,XOOM-110,INDIA,PETROL,110.9,MATARA,BRAND NEW,11,XOOM-110,Unknown
MOTOR CYCLE,LUYUAN ALFA,MKK-Z23E-12-C,CHINA,ELECTRIC,1.2,ANURADHAPURA,BRAND NEW,9,MKK-Z23E-12-C,Unknown
MOTOR CYCLE,HERO,XOOM-110,INDIA,PETROL,110.9,RATNAPURA,BRAND NEW,9,XOOM-110,Unknown
MOTOR CYCLE,YADEA,T 9,CHINA,ELECTRIC,2.0,MONERAGALA,BRAND NEW,1,,T 9
MOTOR CYCLE,HERO,XOOM-110,INDIA,PETROL,110.9,KEGALLE,BRAND NEW,9,XOOM-110,Unknown
MOTOR CYCLE,BAJAJ,DISCOVER 125,SRI LANKA,PETROL,124.5,AMPARA,BRAND NEW,1,,DISCOVER 125
MOTOR CYCLE,BAJAJ,DISCOVER 125,SRI LANKA,PETROL,124.5,KALUTARA,BRAND NEW,1,,DISCOVER 125
MOTOR CYCLE,OYFLY,TDM-LTW,CHINA,ELECTRIC,2.0,GALLE,BRAND NEW,3,TDM-LTW,Unknown
MOTOR CYCLE,TMR LUYUAN,S18,CHINA,ELECTRIC,1.2,COLOMBO,BRAND NEW,1,,S18
MOTOR CYCLE,YADEA,M6,CHINA,ELECTRIC,1.2,MONERAGALA,BRAND NEW,2,,M6
MOTOR CYCLE,YADEA,T 9,CHINA,ELECTRIC,2.0,JAFFNA,BRAND NEW,1,,T 9
MOTOR CYCLE,LIMA,EL07,CHINA,ELECTRIC,1.5,GAMPAHA,BRAND NEW,2,,EL07
MOTOR CYCLE,YAMAHA,RAY ZRSTREETRALLY125,INDIA,PETROL,125.0,KURUNEGALA,BRAND NEW,7,,RAY ZRSTREETRALLY125
MOTOR CYCLE,TVS,NTORQ 125,SRI LANKA,PETROL,124.8,GAMPAHA,BRAND NEW,2,,NTORQ 125
MOTOR CYCLE,YAMAHA,MT 15 VER 2.0,INDIA,PETROL,155.0,TRINCOMALEE,BRAND NEW,6,,MT 15 VER 2.0
MOTOR CYCLE,QUANLE,N9 (NINEBOT),CHINA,ELECTRIC,1.5,MATARA,BRAND NEW,2,,N9 (NINEBOT)
MOTOR CYCLE,YAMAHA,YZF R15 VER 4.0,INDIA,PETROL,155.0,POLONNARUWA,BRAND NEW,1,,YZF R15 VER 4.0
MOTOR CYCLE,YAMAHA,MT 15 VER 2.0,INDIA,PETROL,155.0,KILINOCHCHI,BRAND NEW,2,,MT 15 VER 2.0
MOTOR CYCLE,YAMAHA,RAY ZR STREET RALLY,INDIA,PETROL,113.0,KILINOCHCHI,BRAND NEW,1,,RAY ZR STREET RALLY
MOTOR CYCLE,VMOTO,CITI,CHINA,ELECTRIC,2.0,GALLE,BRAND NEW,2,,CITI
MOTOR CYCLE,REVOLT,RV 400,INDIA,ELECTRIC,3.0,RATNAPURA,BRAND NEW,1,,RV 400
MOTOR CYCLE,YADEA,EZEEGO,CHINA,ELECTRIC,1.2,ANURADHAPURA,BRAND NEW,1,,EZEEGO
MOTOR CYCLE,TMR QUANLE,XGW,CHINA,ELECTRIC,1.2,PUTTALAM,BRAND NEW,2,,XGW
MOTOR CYCLE,BAJAJ,PULSAR NS 200,INDIA,PETROL,199.5,GAMPAHA,BRAND NEW,26,,PULSAR NS 200
MOTOR CYCLE,BAJAJ,PULSAR N 160,INDIA,PETROL,164.32,VAVUNIYA,BRAND NEW,10,,PULSAR N 160
MOTOR CYCLE,TMR QUANLE,XGW,CHINA,ELECTRIC,1.2,MATALE,BRAND NEW,2,,XGW
MOTOR CYCLE,SLING,EBIKE,INDIA,PETROL,1.8,KALUTARA,BRAND NEW,1,,EBIKE
MOTOR CYCLE,PHOENIX,WOLF-9,CHINA,ELECTRIC,1.5,KALUTARA,BRAND NEW,1,WOLF-9,Unknown
MOTOR CYCLE,TVS,NTORQ 125,SRI LANKA,PETROL,124.8,POLONNARUWA,BRAND NEW-L/ASSEMBLE,50,,NTORQ 125
MOTOR CYCLE,TVS,TVS RAIDER 125,SRI LANKA,PETROL,124.79,KURUNEGALA,BRAND NEW-L/ASSEMBLE,50,,TVS RAIDER 125
MOTOR CYCLE,SENARO,GN125,SRI LANKA,PETROL,125.0,POLONNARUWA,BRAND NEW-L/ASSEMBLE,14,,GN125
MOTOR CYCLE,SENARO,GN125,SRI LANKA,PETROL,125.0,KURUNEGALA,BRAND NEW-L/ASSEMBLE,16,,GN125
MOTOR CYCLE,BAJAJ,CT 100 ES,SRI LANKA,PETROL,102.0,MATARA,BRAND NEW-L/ASSEMBLE,79,,CT 100 ES
MOTOR CYCLE,BAJAJ,CT 100 ES,SRI LANKA,PETROL,102.0,GAMPAHA,BRAND NEW-L/ASSEMBLE,208,,CT 100 ES
MOTOR CYCLE,BAJAJ,CT 100 ES,SRI LANKA,PETROL,102.0,KALUTARA,BRAND NEW-L/ASSEMBLE,187,,CT 100 ES
MOTOR CYCLE,BAJAJ,DISCOVER 125,SRI LANKA,PETROL,124.5,KANDY,BRAND NEW-L/ASSEMBLE,28,,DISCOVER 125
MOTOR CYCLE,BAJAJ,CT 100 ES,SRI LANKA,PETROL,102.0,KEGALLE,BRAND NEW-L/ASSEMBLE,62,,CT 100 ES
MOTOR CYCLE,LENCAR,ERC80,SRI LANKA,ELECTRIC,1.2,BADULLA,BRAND NEW-L/ASSEMBLE,1,,ERC80
MOTOR CYCLE,SENARO,GN 125,SRI LANKA,PETROL,125.0,KURUNEGALA,BRAND NEW-L/ASSEMBLE,1,,GN 125
MOTOR CYCLE,SENARO,GN125,SRI LANKA,PETROL,125.0,ANURADHAPURA,BRAND NEW-L/ASSEMBLE,8,,GN125
MOTOR CYCLE,BAJAJ,DISCOVER 125,SRI LANKA,PETROL,124.5,MANNAR,BRAND NEW-L/ASSEMBLE,13,,DISCOVER 125
MOTOR CYCLE,BAJAJ,PULSAR N160,SRI LANKA,PETROL,164.82,MANNAR,BRAND NEW-L/ASSEMBLE,3,,PULSAR N160
MOTOR CYCLE,TVS,NTORQ 125,SRI LANKA,PETROL,124.8,MANNAR,BRAND NEW-L/ASSEMBLE,36,,NTORQ 125
MOTOR CYCLE,RANOMOTO,MOPED SUPER,SRI LANKA,PETROL,49.0,KURUNEGALA,BRAND NEW-L/ASSEMBLE,5,,MOPED SUPER
MOTOR CYCLE,BAJAJ,DISCOVER 125,SRI LANKA,PETROL,124.5,BATTICALOA,BRAND NEW-L/ASSEMBLE,27,,DISCOVER 125
MOTOR CYCLE,RANOMOTO,MOPED SUPER,SRI LANKA,PETROL,49.0,AMPARA,BRAND NEW-L/ASSEMBLE,24,,MOPED SUPER
MOTOR CYCLE,SENARO,CLICK 150,SRI LANKA,PETROL,150.0,COLOMBO,BRAND NEW-L/ASSEMBLE,30,,CLICK 150
MOTOR CYCLE,RANOMOTO,WAVE SCOOTER,SRI LANKA,PETROL,100.0,COLOMBO,BRAND NEW-L/ASSEMBLE,1,,WAVE SCOOTER
MOTOR CYCLE,HONDA,MD 90,JAPAN,PETROL,90.0,MATARA,RECONDITIONED,3,,MD 90
MOTOR CYCLE,HONDA,PCX160,JAPAN,PETROL,157.0,KURUNEGALA,RECONDITIONED,4,,PCX160
MOTOR CYCLE,KAWASAKI,NINJA-ZX-25R,THAILAND,PETROL,249.0,KALUTARA,RECONDITIONED,1,NINJA-ZX-25R,Unknown
MOTOR CYCLE,HONDA,ADV 160,JAPAN,PETROL,157.0,BATTICALOA,RECONDITIONED,1,,ADV 160
MOTOR CYCLE,HONDA,PCX 160,JAPAN,PETROL,156.0,KURUNEGALA,RECONDITIONED,1,,PCX 160
MOTOR CYCLE,HONDA,8BK-KF47,JAPAN,PETROL,157.0,GAMPAHA,RECONDITIONED,1,8BK-KF47,Unknown
MOTOR CYCLE,HONDA,PC X 160,JAPAN,PETROL,156.0,KURUNEGALA,RECONDITIONED,1,,PC X 160
MOTOR CYCLE,HONDA,PCX-125,VIETNAM,PETROL,124.0,PUTTALAM,RECONDITIONED,1,PCX-125,Unknown
MOTOR CYCLE,HONDA,AA01,JAPAN,PETROL,49.0,KURUNEGALA,RECONDITIONED,1,,AA01
MOTOR CYCLE,RISE,LEADER 125,SRI LANKA,PETROL,125.0,MULLATIVU,BRAND NEW-L/MANUFACT,1,,LEADER 125
MOTOR CYCLE,RISE,LEADER PLUS,SRI LANKA,ELECTRIC,2.0,ANURADHAPURA,BRAND NEW-L/MANUFACT,7,,LEADER PLUS
MOTOR CYCLE,RISE,LEADER PLUS,SRI LANKA,ELECTRIC,2.0,KILINOCHCHI,BRAND NEW-L/MANUFACT,2,,LEADER PLUS
MOTOR CYCLE,RISE,LEADER R 100,SRI LANKA,ELECTRIC,2.0,HAMBANTOTA,BRAND NEW-L/MANUFACT,2,,LEADER R 100
MOTOR CYCLE,BAJAJ,CT 100 ES,SRI LANKA,PETROL,102.0,COLOMBO,BRAND NEW-L/MANUFACT,1,,CT 100 ES
MOTOR CYCLE,BAJAJ,PULSAR N 125,INDIA,PETROL,124.58,COLOMBO,BOUGHT FROM AUCTION,1,,PULSAR N 125
MOTOR CYCLE,REVOLT,RV 1,INDIA,ELECTRIC,1.8,KALUTARA,BRAND NEW,3,,RV 1
MOTOR CYCLE,TVS,TVS NTORQ 125 CC,INDIA,PETROL,124.8,KANDY,BRAND NEW,217,,TVS NTORQ 125 CC
MOTOR CYCLE,TVS,TVS NTORQ 125 CC,INDIA,PETROL,124.8,GALLE,BRAND NEW,198,,TVS NTORQ 125 CC
MOTOR CYCLE,TVS,TVS NTORQ 125 CC,INDIA,PETROL,124.8,HAMBANTOTA,BRAND NEW,62,,TVS NTORQ 125 CC
MOTOR CYCLE,TVS,TVS NTORQ 125 CC,INDIA,PETROL,124.8,MANNAR,BRAND NEW,24,,TVS NTORQ 125 CC
MOTOR CYCLE,ROYAL ENFIELD,CLASSIC 350,INDIA,PETROL,349.0,JAFFNA,BRAND NEW,1,,CLASSIC 350
MOTOR CYCLE,YAMAHA,RAY ZR STREET RALLY,INDIA,PETROL,113.0,KANDY,BRAND NEW,10,,RAY ZR STREET RALLY
MOTOR CYCLE,YAMAHA,FZ S FI VER 4.0,INDIA,PETROL,149.0,COLOMBO,BRAND NEW,57,,FZ S FI VER 4.0
MOTOR CYCLE,YAMAHA,RAY ZR,INDIA,PETROL,113.0,KILINOCHCHI,BRAND NEW,9,,RAY ZR
MOTOR CYCLE,YAMAHA,FZ  VER 2.0,INDIA,PETROL,149.0,GAMPAHA,BRAND NEW,110,,FZ  VER 2.0
MOTOR CYCLE,SOLID,ROBOT,CHINA,ELECTRIC,1.2,GAMPAHA,BRAND NEW,8,,ROBOT
MOTOR CYCLE,HERO,XOOM-110,INDIA,PETROL,110.9,PUTTALAM,BRAND NEW,16,XOOM-110,Unknown
MOTOR CYCLE,NWOW,WSP,CHINA,ELECTRIC,1.5,GAMPAHA,BRAND NEW,15,,WSP
MOTOR CYCLE,TVS,IQUBE,INDIA,ELECTRIC,3.34,GAMPAHA,BRAND NEW,25,,IQUBE
MOTOR CYCLE,LIMA,ELO-07,CHINA,ELECTRIC,1.5,BADULLA,BRAND NEW,1,ELO-07,Unknown
MOTOR CYCLE,BAJAJ,DISCOVER  125,INDIA,PETROL,124.5,ANURADHAPURA,BRAND NEW,42,,DISCOVER  125
MOTOR CYCLE,YAMAHA,YZF R15 VER 4.0,INDIA,PETROL,155.0,JAFFNA,BRAND NEW,10,,YZF R15 VER 4.0
MOTOR CYCLE,YAMAHA,FZ  VER 2.0,INDIA,PETROL,149.0,HAMBANTOTA,BRAND NEW,31,,FZ  VER 2.0
MOTOR CYCLE,YAMAHA,RAY ZR 125,INDIA,PETROL,125.0,KALUTARA,BRAND NEW,21,,RAY ZR 125
MOTOR CYCLE,YAMAHA,RAY ZR 125,INDIA,PETROL,125.0,BATTICALOA,BRAND NEW,23,,RAY ZR 125
MOTOR CYCLE,YAMAHA,RAY ZR STREET RALLY,INDIA,PETROL,113.0,RATNAPURA,BRAND NEW,11,,RAY ZR STREET RALLY
MOTOR CYCLE,YAMAHA,FZ  VER 2.0,INDIA,PETROL,149.0,VAVUNIYA,BRAND NEW,8,,FZ  VER 2.0
MOTOR CYCLE,BAJAJ,PULSAR 150,INDIA,PETROL,149.01,MATARA,BRAND NEW,1,,PULSAR 150
MOTOR CYCLE,YAMAHA,FZ  VER 2.0,INDIA,PETROL,149.0,GALLE,BRAND NEW,28,,FZ  VER 2.0
MOTOR CYCLE,YAMAHA,RAY ZRSTREETRALLY125,INDIA,PETROL,125.0,TRINCOMALEE,BRAND NEW,4,,RAY ZRSTREETRALLY125
MOTOR CYCLE,YAMAHA,FZ  VER 2.0,INDIA,PETROL,149.0,MONERAGALA,BRAND NEW,12,,FZ  VER 2.0
MOTOR CYCLE,HERO,XOOM-110,INDIA,PETROL,110.9,COLOMBO,BRAND NEW,34,XOOM-110,Unknown
MOTOR CYCLE,HERO,HF-DELUXE,INDIA,PETROL,97.2,JAFFNA,BRAND NEW,60,HF-DELUXE,Unknown
MOTOR CYCLE,HERO,XOOM-110,INDIA,PETROL,110.9,BATTICALOA,BRAND NEW,18,XOOM-110,Unknown
MOTOR CYCLE,YAMAHA,YZF R15 VER 4.0,INDIA,PETROL,155.0,TRINCOMALEE,BRAND NEW,6,,YZF R15 VER 4.0
MOTOR CYCLE,YAMAHA,RAY ZR 125,INDIA,PETROL,125.0,MATARA,BRAND NEW,15,,RAY ZR 125
MOTOR CYCLE,QUANLE,N9 (NINEBOT),CHINA,ELECTRIC,1.5,MONERAGALA,BRAND NEW,1,,N9 (NINEBOT)
MOTOR CYCLE,TMR QUANLE,ZL,CHINA,ELECTRIC,2.0,TRINCOMALEE,BRAND NEW,3,,ZL
MOTOR CYCLE,TMR QUANLE,G18,CHINA,ELECTRIC,2.0,COLOMBO,BRAND NEW,6,,G18
MOTOR CYCLE,YADEA,RUIBIN,CHINA,ELECTRIC,0.8,MULLATIVU,BRAND NEW,3,,RUIBIN
MOTOR CYCLE,YADEA,EPOC H,CHINA,ELECTRIC,2.0,KURUNEGALA,BRAND NEW,5,,EPOC H
MOTOR CYCLE,BAJAJ,DISCOVER  125,INDIA,PETROL,124.5,MULLATIVU,BRAND NEW,12,,DISCOVER  125
MOTOR CYCLE,BAJAJ,DISCOVER  125,INDIA,PETROL,124.5,KILINOCHCHI,BRAND NEW,9,,DISCOVER  125
MOTOR CYCLE,TVS,IQUBE,INDIA,ELECTRIC,3.34,KANDY,BRAND NEW,1,,IQUBE
MOTOR CYCLE,HERO,HF-DELUXE,INDIA,PETROL,97.2,TRINCOMALEE,BRAND NEW,44,HF-DELUXE,Unknown
MOTOR CYCLE,BAJAJ,PULSAR N 160,INDIA,PETROL,164.32,ANURADHAPURA,BRAND NEW,33,,PULSAR N 160
MOTOR CYCLE,YADEA,E8S PRO,CHINA,ELECTRIC,2.0,PUTTALAM,BRAND NEW,1,,E8S PRO
MOTOR CYCLE,YAMAHA,RAY ZRSTREETRALLY125,INDIA,PETROL,125.0,MANNAR,BRAND NEW,4,,RAY ZRSTREETRALLY125
MOTOR CYCLE,YAMAHA,YZF R15 VER 4.0,INDIA,PETROL,155.0,KILINOCHCHI,BRAND NEW,4,,YZF R15 VER 4.0
MOTOR CYCLE,TVS,TVS RAIDER 125,SRI LANKA,PETROL,124.79,GALLE,BRAND NEW,1,,TVS RAIDER 125
MOTOR CYCLE,HART FORD,CAPPUCCINO100,THAIWAN,PETROL,99.3,PUTTALAM,BRAND NEW,1,,CAPPUCCINO100
MOTOR CYCLE,LUYUAN,MYT,CHINA,ELECTRIC,0.8,COLOMBO,BRAND NEW,2,,MYT
MOTOR CYCLE,YAMAHA,FZ  VER 2.0,INDIA,PETROL,149.0,NUWARA-ELIYA,BRAND NEW,9,,FZ  VER 2.0
MOTOR CYCLE,TMR QUANLE,Q1,CHINA,ELECTRIC,1.2,GAMPAHA,BRAND NEW,2,,Q1
MOTOR CYCLE,OKAYA,FAAST F4,INDIA,ELECTRIC,1.2,BATTICALOA,BRAND NEW,1,,FAAST F4
MOTOR CYCLE,DAYWANG(DW)SL,E-MOTOR CYCLE,CHINA,ELECTRIC,0.8,KANDY,BRAND NEW,1,,E-MOTOR CYCLE
MOTOR CYCLE,LUYUAN,MYY-Z35J,CHINA,ELECTRIC,2.0,GALLE,BRAND NEW,1,MYY-Z35J,Unknown
MOTOR CYCLE,TMR QUANLE,G18,CHINA,ELECTRIC,2.0,POLONNARUWA,BRAND NEW,2,,G18
MOTOR CYCLE,BAJAJ,CT 100 ES,INDIA,PETROL,102.0,KEGALLE,BRAND NEW,108,,CT 100 ES
MOTOR CYCLE,BAJAJ,CT 100 ES,INDIA,PETROL,102.0,HAMBANTOTA,BRAND NEW,111,,CT 100 ES
MOTOR CYCLE,REVOLT,RV 1,INDIA,ELECTRIC,1.8,HAMBANTOTA,BRAND NEW,1,,RV 1
MOTOR CYCLE,YADEA,M6,CHINA,ELECTRIC,1.2,KEGALLE,BRAND NEW,1,,M6
MOTOR CYCLE,YAMAHA,MT 15 VER 2.0,INDIA,PETROL,155.0,MATALE,BRAND NEW,4,,MT 15 VER 2.0
MOTOR CYCLE,YAMAHA,RAY ZRSTREETRALLY125,INDIA,PETROL,125.0,KEGALLE,BRAND NEW,4,,RAY ZRSTREETRALLY125
MOTOR CYCLE,YAMAHA,FZ S FI VER 4.0,INDIA,PETROL,149.0,VAVUNIYA,BRAND NEW,5,,FZ S FI VER 4.0
MOTOR CYCLE,BAJAJ,BOXER,INDIA,PETROL,99.35,MATARA,BRAND NEW,1,,BOXER
MOTOR CYCLE,LUYUAN ALFA,MKK-Z23E-12-C,CHINA,ELECTRIC,1.2,MONERAGALA,BRAND NEW,2,MKK-Z23E-12-C,Unknown
MOTOR CYCLE,TVS,NTORQ 125,SRI LANKA,PETROL,124.8,KANDY,BRAND NEW,1,,NTORQ 125
MOTOR CYCLE,YADEA,T 9,CHINA,ELECTRIC,2.0,KALUTARA,BRAND NEW,1,,T 9
MOTOR CYCLE,BAJAJ,DISCOVER 125,SRI LANKA,PETROL,124.5,HAMBANTOTA,BRAND NEW,1,,DISCOVER 125
MOTOR CYCLE,TMR QUANLE,G18,CHINA,ELECTRIC,2.0,RATNAPURA,BRAND NEW,1,,G18
MOTOR CYCLE,TVS,NTORQ 125,SRI LANKA,PETROL,124.8,GALLE,BRAND NEW,1,,NTORQ 125
MOTOR CYCLE,TMR QUANLE,ZS,CHINA,PETROL,1.2,KANDY,BRAND NEW,1,,ZS
MOTOR CYCLE,TMR QUANLE,G18,CHINA,ELECTRIC,2.0,KANDY,BRAND NEW,1,,G18
MOTOR CYCLE,YAMAHA,RAY ZRSTREETRALLY125,INDIA,PETROL,125.0,HAMBANTOTA,BRAND NEW,3,,RAY ZRSTREETRALLY125
MOTOR CYCLE,DIMEN,D60,CHINA,ELECTRIC,1.2,KALUTARA,BRAND NEW,1,,D60
MOTOR CYCLE,DIMEN,D60,CHINA,ELECTRIC,1.2,KURUNEGALA,BRAND NEW,3,,D60
MOTOR CYCLE,LUYUAN,MS70 Z23E,CHINA,ELECTRIC,1.2,HAMBANTOTA,BRAND NEW,11,,MS70 Z23E
MOTOR CYCLE,VMOTO,CITI,CHINA,ELECTRIC,2.0,COLOMBO,BRAND NEW,2,,CITI
MOTOR CYCLE,LIMA,EL07,CHINA,ELECTRIC,1.5,POLONNARUWA,BRAND NEW,1,,EL07
MOTOR CYCLE,BAJAJ,CT 100 ES,SRI LANKA,PETROL,102.0,COLOMBO,BRAND NEW,1,,CT 100 ES
MOTOR CYCLE,TMR QUANLE,G18,CHINA,ELECTRIC,2.0,TRINCOMALEE,BRAND NEW,1,,G18
MOTOR CYCLE,TMR QUANLE,XGW,CHINA,ELECTRIC,1.2,VAVUNIYA,BRAND NEW,1,,XGW
MOTOR CYCLE,LIMA,EL07,CHINA,ELECTRIC,1.5,GALLE,BRAND NEW,1,,EL07
MOTOR CYCLE,BAJAJ,PULSAR N 160,INDIA,PETROL,164.32,KEGALLE,BRAND NEW,23,,PULSAR N 160
MOTOR CYCLE,BAJAJ,PULSAR NS 200,INDIA,PETROL,199.5,TRINCOMALEE,BRAND NEW,7,,PULSAR NS 200
MOTOR CYCLE,BAJAJ,PULSAR NS 200,INDIA,PETROL,199.5,KURUNEGALA,BRAND NEW,21,,PULSAR NS 200
MOTOR CYCLE,BAJAJ,PULSAR N 160,INDIA,PETROL,164.32,KILINOCHCHI,BRAND NEW,7,,PULSAR N 160
MOTOR CYCLE,TMR LUYUAN,MQQ6,CHINA,ELECTRIC,0.8,AMPARA,BRAND NEW,1,,MQQ6
MOTOR CYCLE,BAJAJ,PULSAR NS 200,INDIA,PETROL,199.5,KILINOCHCHI,BRAND NEW,4,,PULSAR NS 200
MOTOR CYCLE,PHOENIX,ZHENBAO,CHINA,ELECTRIC,1.0,KALUTARA,BRAND NEW,1,,ZHENBAO
MOTOR CYCLE,BAJAJ,CT 100 ES,SRI LANKA,PETROL,102.0,POLONNARUWA,BRAND NEW,1,,CT 100 ES
MOTOR CYCLE,TVS,NTORQ 125,SRI LANKA,PETROL,124.8,MANNAR,BRAND NEW,1,,NTORQ 125
MOTOR CYCLE,TVS,NTORQ 125,SRI LANKA,PETROL,124.8,MATARA,BRAND NEW,1,,NTORQ 125
MOTOR CYCLE,TVS,TVS XL 100,SRI LANKA,PETROL,99.7,JAFFNA,BRAND NEW-L/ASSEMBLE,25,,TVS XL 100
MOTOR CYCLE,TVS,TVS RAIDER 125,SRI LANKA,PETROL,124.79,RATNAPURA,BRAND NEW-L/ASSEMBLE,18,,TVS RAIDER 125
MOTOR CYCLE,TVS,TVS RAIDER 125,SRI LANKA,PETROL,124.79,POLONNARUWA,BRAND NEW-L/ASSEMBLE,24,,TVS RAIDER 125
MOTOR CYCLE,TVS,TVS RAIDER 125,SRI LANKA,PETROL,124.79,MATARA,BRAND NEW-L/ASSEMBLE,15,,TVS RAIDER 125
MOTOR CYCLE,TVS,TVS XL 100,SRI LANKA,PETROL,99.7,MULLATIVU,BRAND NEW-L/ASSEMBLE,17,,TVS XL 100
MOTOR CYCLE,SENARO,GN125,SRI LANKA,PETROL,125.0,GAMPAHA,BRAND NEW-L/ASSEMBLE,20,,GN125
MOTOR CYCLE,BAJAJ,CT 100 ES,SRI LANKA,PETROL,102.0,GALLE,BRAND NEW-L/ASSEMBLE,175,,CT 100 ES
MOTOR CYCLE,BAJAJ,DISCOVER 125,SRI LANKA,PETROL,124.5,ANURADHAPURA,BRAND NEW-L/ASSEMBLE,75,,DISCOVER 125
MOTOR CYCLE,BAJAJ,CT 100 ES,SRI LANKA,PETROL,102.0,VAVUNIYA,BRAND NEW-L/ASSEMBLE,31,,CT 100 ES
MOTOR CYCLE,LENCAR,ERC80,SRI LANKA,ELECTRIC,1.2,KALUTARA,BRAND NEW-L/ASSEMBLE,21,,ERC80
MOTOR CYCLE,TVS,TVS XL 100,SRI LANKA,PETROL,99.7,MONERAGALA,BRAND NEW-L/ASSEMBLE,38,,TVS XL 100
MOTOR CYCLE,SENARO,GN125,SRI LANKA,PETROL,125.0,BADULLA,BRAND NEW-L/ASSEMBLE,3,,GN125
MOTOR CYCLE,RANOMOTO,MOPED SUPER,SRI LANKA,PETROL,49.0,ANURADHAPURA,BRAND NEW-L/ASSEMBLE,8,,MOPED SUPER
MOTOR CYCLE,SENARO,CLICK 150,SRI LANKA,PETROL,150.0,GAMPAHA,BRAND NEW-L/ASSEMBLE,13,,CLICK 150
MOTOR CYCLE,RANOMOTO,MOPED SUPER,SRI LANKA,PETROL,49.0,BATTICALOA,BRAND NEW-L/ASSEMBLE,21,,MOPED SUPER
MOTOR CYCLE,BAJAJ,PULSAR N160,SRI LANKA,PETROL,164.82,GAMPAHA,BRAND NEW-L/ASSEMBLE,26,,PULSAR N160
MOTOR CYCLE,BAJAJ,PULSAR N160,SRI LANKA,PETROL,164.82,MONERAGALA,BRAND NEW-L/ASSEMBLE,9,,PULSAR N160
MOTOR CYCLE,SENARO,CLICK 150,SRI LANKA,PETROL,150.0,KURUNEGALA,BRAND NEW-L/ASSEMBLE,1,,CLICK 150
MOTOR CYCLE,SENARO,CLICK 150,SRI LANKA,PETROL,150.0,GALLE,BRAND NEW-L/ASSEMBLE,3,,CLICK 150
MOTOR CYCLE,HONDA,ADV160,JAPAN,PETROL,157.0,PUTTALAM,RECONDITIONED,3,,ADV160
MOTOR CYCLE,HONDA,PCX160,VIETNAM,PETROL,157.0,GAMPAHA,RECONDITIONED,1,,PCX160
MOTOR CYCLE,HONDA,PCX160,JAPAN,PETROL,156.0,JAFFNA,RECONDITIONED,1,,PCX160
MOTOR CYCLE,HONDA,PCX 160,VIETNAM,PETROL,156.0,PUTTALAM,RECONDITIONED,1,,PCX 160
MOTOR CYCLE,HONDA,PCX 125,JAPAN,PETROL,124.0,KURUNEGALA,RECONDITIONED,2,,PCX 125
MOTOR CYCLE,GPX,GPXGR200,THAILAND,PETROL,198.0,PUTTALAM,RECONDITIONED,1,,GPXGR200
MOTOR CYCLE,HONDA,PCX160,JAPAN,PETROL,157.0,MATARA,RECONDITIONED,1,,PCX160
MOTOR CYCLE,HONDA,CRF 250 L,JAPAN,PETROL,249.0,GAMPAHA,RECONDITIONED,1,,CRF 250 L
MOTOR CYCLE,YAMAHA,FZ-S,INDIA,PETROL,149.0,KALUTARA,RECONDITIONED,1,FZ-S,Unknown
MOTOR CYCLE,HONDA,PCX125,JAPAN,PETROL,124.0,KALUTARA,RECONDITIONED,1,,PCX125
MOTOR CYCLE,HONDA,PCX,JAPAN,PETROL,125.0,KURUNEGALA,RECONDITIONED,1,,PCX
MOTOR CYCLE,ROYAL ENFIELD,CLASSIC PLUS 350,INDIA,PETROL,349.0,COLOMBO,RECONDITIONED,1,,CLASSIC PLUS 350
MOTOR CYCLE,RISE,LEADER 125,SRI LANKA,PETROL,125.0,JAFFNA,BRAND NEW-L/MANUFACT,3,,LEADER 125
MOTOR CYCLE,RISE,LEADER R 100,SRI LANKA,ELECTRIC,2.0,MATALE,BRAND NEW-L/MANUFACT,2,,LEADER R 100
MOTOR CYCLE,RISE,LEADER PLUS,SRI LANKA,ELECTRIC,2.0,COLOMBO,BRAND NEW-L/MANUFACT,1,,LEADER PLUS
MOTOR CYCLE,RISE,LEADER,SRI LANKA,ELECTRIC,2.0,RATNAPURA,BRAND NEW-L/MANUFACT,4,,LEADER
MOTOR CYCLE,RISE,LEADER 125,SRI LANKA,PETROL,125.0,ANURADHAPURA,BRAND NEW-L/MANUFACT,1,,LEADER 125
MOTOR CYCLE,RISE,LEADER 125,SRI LANKA,PETROL,125.0,TRINCOMALEE,BRAND NEW-L/MANUFACT,1,,LEADER 125
MOTOR CYCLE,RISE,LEADER R 100,SRI LANKA,ELECTRIC,2.0,KURUNEGALA,BRAND NEW-L/MANUFACT,1,,LEADER R 100
MOTOR CYCLE,YAMAHA,RAY ZR STREET RALLY,INDIA,PETROL,113.0,RATNAPURA,BOUGHT FROM AUCTION,1,,RAY ZR STREET RALLY
MOTOR CYCLE,ROYAL ENFIELD,CLASSIC 350,INDIA,PETROL,349.0,KALUTARA,BRAND NEW,1,,CLASSIC 350
MOTOR CYCLE,REVOLT,RV 1,INDIA,ELECTRIC,1.8,GALLE,BRAND NEW,2,,RV 1
MOTOR CYCLE,YAMAHA,FZ S FI VER 4.0,INDIA,PETROL,149.0,GAMPAHA,BRAND NEW,71,,FZ S FI VER 4.0
MOTOR CYCLE,TVS,IQUBE,INDIA,ELECTRIC,3.34,ANURADHAPURA,BRAND NEW,11,,IQUBE
MOTOR CYCLE,TVS,TVS NTORQ 125 CC,INDIA,PETROL,124.8,MULLATIVU,BRAND NEW,22,,TVS NTORQ 125 CC
MOTOR CYCLE,YAMAHA,RAY ZR,INDIA,PETROL,113.0,RATNAPURA,BRAND NEW,25,,RAY ZR
MOTOR CYCLE,YAMAHA,RAY ZR,INDIA,PETROL,113.0,HAMBANTOTA,BRAND NEW,53,,RAY ZR
MOTOR CYCLE,YAMAHA,FZ S FI VER 4.0,INDIA,PETROL,149.0,KANDY,BRAND NEW,22,,FZ S FI VER 4.0
MOTOR CYCLE,YAMAHA,RAY ZRSTREETRALLY125,INDIA,PETROL,125.0,KANDY,BRAND NEW,13,,RAY ZRSTREETRALLY125
MOTOR CYCLE,YAMAHA,MT 15 VER 2.0,INDIA,PETROL,155.0,COLOMBO,BRAND NEW,28,,MT 15 VER 2.0
MOTOR CYCLE,YADEA,T5,CHINA,ELECTRIC,1.2,GALLE,BRAND NEW,242,,T5
MOTOR CYCLE,YADEA,T5,CHINA,ELECTRIC,1.2,PUTTALAM,BRAND NEW,117,,T5
MOTOR CYCLE,YAMAHA,RAY ZR STREET RALLY,INDIA,PETROL,113.0,COLOMBO,BRAND NEW,52,,RAY ZR STREET RALLY
MOTOR CYCLE,BAJAJ,PULSAR N 125,INDIA,PETROL,124.58,GAMPAHA,BRAND NEW,105,,PULSAR N 125
MOTOR CYCLE,BAJAJ,PULSAR N 125,INDIA,PETROL,124.58,KEGALLE,BRAND NEW,34,,PULSAR N 125
MOTOR CYCLE,TVS,IQUBE,INDIA,ELECTRIC,3.34,HAMBANTOTA,BRAND NEW,2,,IQUBE
MOTOR CYCLE,TAILG,SAI BEI,CHINA,ELECTRIC,1.5,PUTTALAM,BRAND NEW,8,,SAI BEI
MOTOR CYCLE,BAJAJ,DISCOVER  125,INDIA,PETROL,124.5,JAFFNA,BRAND NEW,23,,DISCOVER  125
MOTOR CYCLE,TVS,IQUBE,INDIA,ELECTRIC,3.34,JAFFNA,BRAND NEW,8,,IQUBE
MOTOR CYCLE,YAMAHA,RAY ZR STREET RALLY,INDIA,PETROL,113.0,TRINCOMALEE,BRAND NEW,10,,RAY ZR STREET RALLY
MOTOR CYCLE,YAMAHA,YZF R15 VER 4.0,INDIA,PETROL,155.0,COLOMBO,BRAND NEW,15,,YZF R15 VER 4.0
MOTOR CYCLE,YAMAHA,RAY ZRSTREETRALLY125,INDIA,PETROL,125.0,BADULLA,BRAND NEW,4,,RAY ZRSTREETRALLY125
MOTOR CYCLE,VMOTO,CITI,CHINA,ELECTRIC,2.0,MATALE,BRAND NEW,1,,CITI
MOTOR CYCLE,VMOTO,CITI,CHINA,ELECTRIC,2.0,ANURADHAPURA,BRAND NEW,11,,CITI
MOTOR CYCLE,SENARO,GN125,SRI LANKA,PETROL,125.0,AMPARA,BRAND NEW,1,,GN125
MOTOR CYCLE,HERO,XOOM-110,INDIA,PETROL,110.9,AMPARA,BRAND NEW,12,XOOM-110,Unknown
MOTOR CYCLE,YAMAHA,MT 15 VER 2.0,INDIA,PETROL,155.0,NUWARA-ELIYA,BRAND NEW,3,,MT 15 VER 2.0
MOTOR CYCLE,TMR LUYUAN,COLA 5,CHINA,ELECTRIC,0.4,KURUNEGALA,BRAND NEW,17,,COLA 5
MOTOR CYCLE,TMR QUANLE,ZL,CHINA,ELECTRIC,2.0,MONERAGALA,BRAND NEW,4,,ZL
MOTOR CYCLE,QUANLE,N9 (NINEBOT),CHINA,ELECTRIC,1.5,TRINCOMALEE,BRAND NEW,1,,N9 (NINEBOT)
MOTOR CYCLE,YAMAHA,RAY ZR 125,INDIA,PETROL,125.0,GALLE,BRAND NEW,16,,RAY ZR 125
MOTOR CYCLE,OKAYA,FAAST F2T,INDIA,ELECTRIC,1.2,MATARA,BRAND NEW,1,,FAAST F2T
MOTOR CYCLE,YAMAHA,RAY ZR STREET RALLY,INDIA,PETROL,113.0,MATARA,BRAND NEW,8,,RAY ZR STREET RALLY
MOTOR CYCLE,YAMAHA,MT 15 VER 2.0,INDIA,PETROL,155.0,GALLE,BRAND NEW,5,,MT 15 VER 2.0
MOTOR CYCLE,YAMAHA,RAY ZRSTREETRALLY125,INDIA,PETROL,125.0,BATTICALOA,BRAND NEW,5,,RAY ZRSTREETRALLY125
MOTOR CYCLE,BAJAJ,PULSAR N 160,INDIA,PETROL,164.32,AMPARA,BRAND NEW,40,,PULSAR N 160
MOTOR CYCLE,TMR LUYUAN,S18,CHINA,ELECTRIC,1.2,HAMBANTOTA,BRAND NEW,4,,S18
MOTOR CYCLE,NWOW,V11,CHINA,ELECTRIC,1.0,KALUTARA,BRAND NEW,4,,V11
MOTOR CYCLE,LUYUAN,S90 PLUS,CHINA,ELECTRIC,1.5,ANURADHAPURA,BRAND NEW,2,,S90 PLUS
MOTOR CYCLE,YAMAHA,MT 15 VER 2.0,INDIA,PETROL,155.0,MATARA,BRAND NEW,5,,MT 15 VER 2.0
MOTOR CYCLE,YAMAHA,RAY ZRSTREETRALLY125,INDIA,PETROL,125.0,KILINOCHCHI,BRAND NEW,1,,RAY ZRSTREETRALLY125
MOTOR CYCLE,YADEA,E8S PRO,CHINA,ELECTRIC,2.0,COLOMBO,BRAND NEW,7,,E8S PRO
MOTOR CYCLE,HART FORD,CLASSICS125 I,THAIWAN,PETROL,124.0,KURUNEGALA,BRAND NEW,1,,CLASSICS125 I
MOTOR CYCLE,YADEA,T5,CHINA,ELECTRIC,1.2,BATTICALOA,BRAND NEW,13,,T5
MOTOR CYCLE,YAMAHA,FZ S FI VER 4.0,INDIA,PETROL,149.0,TRINCOMALEE,BRAND NEW,26,,FZ S FI VER 4.0
MOTOR CYCLE,YAMAHA,YZF R15 VER 4.0,INDIA,PETROL,155.0,KALUTARA,BRAND NEW,2,,YZF R15 VER 4.0
MOTOR CYCLE,TAILG,MENGSU,CHINA,ELECTRIC,1.0,COLOMBO,BRAND NEW,1,,MENGSU
MOTOR CYCLE,HERO HONDA,DELUXE,INDIA,PETROL,100.0,MATARA,BRAND NEW,1,,DELUXE
MOTOR CYCLE,HERO HONDA,CD DAWN,INDIA,PETROL,100.0,MATARA,BRAND NEW,1,,CD DAWN
MOTOR CYCLE,BAJAJ,BOXER CT -DX,INDIA,PETROL,99.35,MATARA,BRAND NEW,1,,BOXER CT -DX
MOTOR CYCLE,OYFLY,TDM-LTW,CHINA,ELECTRIC,2.0,KANDY,BRAND NEW,1,TDM-LTW,Unknown
MOTOR CYCLE,TMR LUYUAN,COLA 5,CHINA,ELECTRIC,0.4,AMPARA,BRAND NEW,3,,COLA 5
MOTOR CYCLE,OYFLY,TDM-LTW,CHINA,ELECTRIC,2.0,PUTTALAM,BRAND NEW,1,TDM-LTW,Unknown
MOTOR CYCLE,BAJAJ,CT 100 ES,INDIA,PETROL,102.0,GAMPAHA,BRAND NEW,363,,CT 100 ES
MOTOR CYCLE,BAJAJ,CT 100 ES,INDIA,PETROL,102.0,MATARA,BRAND NEW,135,,CT 100 ES
MOTOR CYCLE,BAJAJ,CT 100 ES,INDIA,PETROL,102.0,KILINOCHCHI,BRAND NEW,39,,CT 100 ES
MOTOR CYCLE,YAMAHA,RAY ZRSTREETRALLY125,INDIA,PETROL,125.0,RATNAPURA,BRAND NEW,10,,RAY ZRSTREETRALLY125
MOTOR CYCLE,AIMA,MAVERICK,CHINA,ELECTRIC,2.0,JAFFNA,BRAND NEW,1,,MAVERICK
MOTOR CYCLE,VMOTO,CITI,CHINA,ELECTRIC,2.0,KANDY,BRAND NEW,1,,CITI
MOTOR CYCLE,LIMA,EL07,CHINA,ELECTRIC,1.5,KURUNEGALA,BRAND NEW,1,,EL07
MOTOR CYCLE,LIMA,EL07,CHINA,ELECTRIC,1.5,ANURADHAPURA,BRAND NEW,2,,EL07
MOTOR CYCLE,LIMA,EL07,CHINA,ELECTRIC,1.5,KEGALLE,BRAND NEW,1,,EL07
MOTOR CYCLE,LIMA,EL07,CHINA,ELECTRIC,1.5,KANDY,BRAND NEW,4,,EL07
MOTOR CYCLE,YAMAHA,RAY ZRSTREETRALLY125,INDIA,PETROL,125.0,AMPARA,BRAND NEW,6,,RAY ZRSTREETRALLY125
MOTOR CYCLE,BAJAJ,AVENGER DTSI,INDIA,PETROL,178.6,MATARA,BRAND NEW,1,,AVENGER DTSI
MOTOR CYCLE,LUYUAN,MYT,CHINA,ELECTRIC,0.8,KURUNEGALA,BRAND NEW,1,,MYT
MOTOR CYCLE,BAJAJ,DISCOVER 125 ES,INDIA,PETROL,124.52,MATARA,BRAND NEW,1,,DISCOVER 125 ES
MOTOR CYCLE,QUANLE,XGW,CHINA,ELECTRIC,1.2,GALLE,BRAND NEW,1,,XGW
MOTOR CYCLE,YADEA,EPOC H,CHINA,ELECTRIC,2.0,HAMBANTOTA,BRAND NEW,3,,EPOC H
MOTOR CYCLE,YAMAHA,FZ S FI VER 4.0,INDIA,PETROL,149.0,HAMBANTOTA,BRAND NEW,12,,FZ S FI VER 4.0
MOTOR CYCLE,TMR QUANLE,ZS,CHINA,ELECTRIC,1.2,GALLE,BRAND NEW,1,,ZS
MOTOR CYCLE,YAMAHA,RAY ZR 125,INDIA,PETROL,125.0,MULLATIVU,BRAND NEW,7,,RAY ZR 125
MOTOR CYCLE,YAMAHA,RAY ZRSTREETRALLY125,INDIA,PETROL,125.0,MONERAGALA,BRAND NEW,1,,RAY ZRSTREETRALLY125
MOTOR CYCLE,TMR QUANLE,XGW,CHINA,ELECTRIC,1.2,ANURADHAPURA,BRAND NEW,6,,XGW
MOTOR CYCLE,LUYUAN,M-MHH-Z30LJ,CHINA,ELECTRIC,2.0,HAMBANTOTA,BRAND NEW,2,,M-MHH-Z30LJ
MOTOR CYCLE,YADEA,EPOC H,CHINA,ELECTRIC,2.0,KILINOCHCHI,BRAND NEW,1,,EPOC H
MOTOR CYCLE,DIMEN,D60,CHINA,ELECTRIC,1.2,VAVUNIYA,BRAND NEW,2,,D60
MOTOR CYCLE,BAJAJ,PULSAR N 160,INDIA,PETROL,164.32,GALLE,BRAND NEW,65,,PULSAR N 160
MOTOR CYCLE,QUANLE,N9 (NINEBOT),CHINA,ELECTRIC,1.5,RATNAPURA,BRAND NEW,2,,N9 (NINEBOT)
MOTOR CYCLE,TMR QUANLE,XGW,CHINA,ELECTRIC,1.2,RATNAPURA,BRAND NEW,2,,XGW
MOTOR CYCLE,BAJAJ,PULSAR N160,SRI LANKA,PETROL,164.82,KALUTARA,BRAND NEW,1,,PULSAR N160
MOTOR CYCLE,DIMEN,D60,CHINA,ELECTRIC,1.2,GAMPAHA,BRAND NEW,3,,D60
MOTOR CYCLE,AIMA,MANA,CHINA,ELECTRIC,1.5,POLONNARUWA,BRAND NEW,2,,MANA
MOTOR CYCLE,AIMA,BREEZY,CHINA,ELECTRIC,0.8,MONERAGALA,BRAND NEW,1,,BREEZY
MOTOR CYCLE,ATHER,450X,INDIA,ELECTRIC,3.0,KANDY,BRAND NEW,1,,450X
MOTOR CYCLE,TVS,NTORQ 125,SRI LANKA,PETROL,124.8,JAFFNA,BRAND NEW-L/ASSEMBLE,258,,NTORQ 125
MOTOR CYCLE,TVS,TVS XL 100,SRI LANKA,PETROL,99.7,BATTICALOA,BRAND NEW-L/ASSEMBLE,18,,TVS XL 100
MOTOR CYCLE,TVS,NTORQ 125,SRI LANKA,PETROL,124.8,RATNAPURA,BRAND NEW-L/ASSEMBLE,135,,NTORQ 125
MOTOR CYCLE,BAJAJ,CT 100 ES,SRI LANKA,PETROL,102.0,MONERAGALA,BRAND NEW-L/ASSEMBLE,76,,CT 100 ES
MOTOR CYCLE,BAJAJ,DISCOVER 125,SRI LANKA,PETROL,124.5,MONERAGALA,BRAND NEW-L/ASSEMBLE,19,,DISCOVER 125
MOTOR CYCLE,BAJAJ,CT 100 ES,SRI LANKA,PETROL,102.0,BATTICALOA,BRAND NEW-L/ASSEMBLE,28,,CT 100 ES
MOTOR CYCLE,BAJAJ,CT 100 ES,SRI LANKA,PETROL,102.0,TRINCOMALEE,BRAND NEW-L/ASSEMBLE,54,,CT 100 ES
MOTOR CYCLE,BAJAJ,DISCOVER 125,SRI LANKA,PETROL,124.5,RATNAPURA,BRAND NEW-L/ASSEMBLE,29,,DISCOVER 125
MOTOR CYCLE,BAJAJ,DISCOVER 125,SRI LANKA,PETROL,124.5,MATARA,BRAND NEW-L/ASSEMBLE,43,,DISCOVER 125
MOTOR CYCLE,SENARO,GN125,SRI LANKA,PETROL,125.0,MONERAGALA,BRAND NEW-L/ASSEMBLE,7,,GN125
MOTOR CYCLE,RANOMOTO,C 50 CUSTOM,SRI LANKA,PETROL,49.0,GAMPAHA,BRAND NEW-L/ASSEMBLE,1,,C 50 CUSTOM
MOTOR CYCLE,TVS,TVS RAIDER 125,SRI LANKA,PETROL,124.79,MANNAR,BRAND NEW-L/ASSEMBLE,5,,TVS RAIDER 125
MOTOR CYCLE,BAJAJ,DISCOVER 125,SRI LANKA,PETROL,124.5,NUWARA-ELIYA,BRAND NEW-L/ASSEMBLE,3,,DISCOVER 125
MOTOR CYCLE,BAJAJ,CT 100 ES,INDIA,PETROL,102.0,GALLE,BRAND NEW-L/ASSEMBLE,1,,CT 100 ES
MOTOR CYCLE,BAJAJ,CT 100 ES,INDIA,PETROL,102.0,RATNAPURA,BRAND NEW-L/ASSEMBLE,1,,CT 100 ES
MOTOR CYCLE,BAJAJ,DISCOVER  125,INDIA,PETROL,124.5,GAMPAHA,BRAND NEW-L/ASSEMBLE,1,,DISCOVER  125
MOTOR CYCLE,BAJAJ,PULSAR N160,SRI LANKA,PETROL,164.82,KALUTARA,BRAND NEW-L/ASSEMBLE,34,,PULSAR N160
MOTOR CYCLE,BAJAJ,PULSAR N160,SRI LANKA,PETROL,164.82,POLONNARUWA,BRAND NEW-L/ASSEMBLE,12,,PULSAR N160
MOTOR CYCLE,BAJAJ,PULSAR N160,SRI LANKA,PETROL,164.82,MULLATIVU,BRAND NEW-L/ASSEMBLE,5,,PULSAR N160
MOTOR LORRY (COMMERCIAL),ISUZU,TKG-FRR90T2,JAPAN,DIESEL,5190.0,GALLE,RECONDITIONED,1,TKG-FRR90T2,Unknown
MOTOR LORRY (COMMERCIAL),ISUZU,2PG-FRR90T2,JAPAN,DIESEL,5190.0,HAMBANTOTA,RECONDITIONED,1,2PG-FRR90T2,Unknown
MOTOR LORRY (COMMERCIAL),ISUZU,TKG-FRR90S2 FORWARD,JAPAN,DIESEL,5190.0,COLOMBO,RECONDITIONED,1,TKG-FRR90S2,FORWARD
MOTOR LORRY (COMMERCIAL),ISUZU,TKG-FRR90S2,JAPAN,DIESEL,5190.0,KURUNEGALA,RECONDITIONED,1,TKG-FRR90S2,FORWARD
MOTOR LORRY (COMMERCIAL),ISUZU,TRG-NPR85AN ELF,JAPAN,DIESEL,2990.0,KEGALLE,RECONDITIONED,2,TRG-NPR85AN,ELF
MOTOR LORRY (COMMERCIAL),ISUZU,TRG-NPR85AN ELF,JAPAN,DIESEL,2990.0,PUTTALAM,RECONDITIONED,2,TRG-NPR85AN,ELF
MOTOR LORRY (COMMERCIAL),HINO,TKG-XZU675M DUTRO,JAPAN,DIESEL,4000.0,COLOMBO,RECONDITIONED,1,TKG-XZU675M,DUTRO
MOTOR LORRY (COMMERCIAL),ISUZU,2RG-NPR88N ELF,JAPAN,DIESEL,2990.0,COLOMBO,RECONDITIONED,1,2RG-NPR88N,ELF
MOTOR LORRY (COMMERCIAL),ISUZU,TPG-NPR85AN ELF,JAPAN,DIESEL,2999.0,KURUNEGALA,RECONDITIONED,1,TPG-NPR85AN,ELF
MOTOR LORRY (COMMERCIAL),EICHER,PRO 1080XPT,INDIA,DIESEL,3298.0,COLOMBO,BRAND NEW,1,,PRO 1080XPT
MOTOR LORRY (COMMERCIAL),MITSUBISHI,FEB51ER4SDSC,JAPAN,DIESEL,2998.0,COLOMBO,BRAND NEW,1,,FEB51ER4SDSC
MOTOR LORRY (COMMERCIAL),J M C,JX1044TC2R CARRYING,SRI LANKA,DIESEL,2771.0,COLOMBO,BRAND NEW-L/ASSEMBLE,1,,JX1044TC2R CARRYING
MOTOR LORRY (COMMERCIAL),JAC,HFC1027E4,SRI LANKA,DIESEL,2746.0,BADULLA,BRAND NEW-L/ASSEMBLE,1,,HFC1027E4
MOTOR LORRY (COMMERCIAL),ISUZU,TPG-NPR85YN ELF,JAPAN,DIESEL,2990.0,NUWARA-ELIYA,RECONDITIONED,1,TPG-NPR85YN,ELF
MOTOR LORRY (COMMERCIAL),YUEJIN,NJ5028D BU,CHINA,DIESEL,3298.0,GALLE,BRAND NEW,1,,NJ5028D BU
MOTOR LORRY (COMMERCIAL),ISUZU,NMR85U-EH5AY,JAPAN,DIESEL,2999.0,MATARA,BRAND NEW,4,,NMR85U-EH5AY
MOTOR LORRY (COMMERCIAL),LANKA ASHOK LEYLAND,PARTNER,INDIA,DIESEL,2953.0,RATNAPURA,BRAND NEW,1,,PARTNER
MOTOR LORRY (COMMERCIAL),ISUZU,NQR75U-KN5VAYN,JAPAN,DIESEL,5193.0,GAMPAHA,BRAND NEW,1,,NQR75U-KN5VAYN
MOTOR LORRY (COMMERCIAL),LANKA ASHOK LEYLAND,E COMET 1212,SRI LANKA,DIESEL,3839.0,COLOMBO,BRAND NEW-L/ASSEMBLE,7,,E COMET 1212
MOTOR LORRY (COMMERCIAL),LANKA ASHOK LEYLAND,TUSKER SUPER 1618,SRI LANKA,DIESEL,5759.0,GALLE,BRAND NEW-L/ASSEMBLE,3,,TUSKER SUPER 1618
MOTOR LORRY (COMMERCIAL),J M C,CARRYING PLUS,SRI LANKA,DIESEL,2771.0,TRINCOMALEE,BRAND NEW-L/ASSEMBLE,1,,CARRYING PLUS
MOTOR LORRY (COMMERCIAL),ISUZU,TRG-NKR85A,JAPAN,DIESEL,2990.0,COLOMBO,RECONDITIONED,1,TRG-NKR85A,Unknown
MOTOR LORRY (COMMERCIAL),ISUZU,TPG-NPR85AN ELF,JAPAN,DIESEL,2990.0,PUTTALAM,RECONDITIONED,1,TPG-NPR85AN,ELF
MOTOR LORRY (COMMERCIAL),ISUZU,2RG-NPR 88AN FREEZER,JAPAN,DIESEL,2990.0,GAMPAHA,RECONDITIONED,1,2RG-NPR,88AN FREEZER
MOTOR LORRY (COMMERCIAL),MITSUBISHI,KK-FD50AB,JAPAN,DIESEL,4214.0,COLOMBO,RECONDITIONED,1,KK-FD50AB,Unknown
MOTOR LORRY (COMMERCIAL),LANKA ASHOK LEYLAND,PARTNER,INDIA,DIESEL,2953.0,GAMPAHA,BRAND NEW,6,,PARTNER
MOTOR LORRY (COMMERCIAL),ISUZU,FTR34UU-PDN,JAPAN,DIESEL,7790.0,GALLE,BRAND NEW,2,,FTR34UU-PDN
MOTOR LORRY (COMMERCIAL),ISUZU,NMR85U-EH5AY,JAPAN,DIESEL,2999.0,NUWARA-ELIYA,BRAND NEW,1,,NMR85U-EH5AY
MOTOR LORRY (COMMERCIAL),ISUZU,NPR75U-HL5VAYN,JAPAN,DIESEL,5193.0,COLOMBO,BRAND NEW,1,,NPR75U-HL5VAYN
MOTOR LORRY (COMMERCIAL),ISUZU,NQR75U-KN5VAYN,JAPAN,DIESEL,5193.0,COLOMBO,BRAND NEW,5,,NQR75U-KN5VAYN
MOTOR LORRY (COMMERCIAL),J M C,CARRING PIUS,SRI LANKA,DIESEL,2771.0,PUTTALAM,BRAND NEW-L/ASSEMBLE,1,,CARRING PIUS
MOTOR LORRY (COMMERCIAL),LANKA ASHOK LEYLAND,TAURUS 2518,SRI LANKA,DIESEL,5759.0,HAMBANTOTA,BRAND NEW-L/ASSEMBLE,1,,TAURUS 2518
MOTOR LORRY (COMMERCIAL),LANKA ASHOK LEYLAND,TUSKER SUPER1618,SRI LANKA,DIESEL,5759.0,COLOMBO,BRAND NEW-L/ASSEMBLE,1,,TUSKER SUPER1618
MOTOR LORRY (COMMERCIAL),LANKA ASHOK LEYLAND,TUSKER SUPER 1618,SRI LANKA,DIESEL,5759.0,RATNAPURA,BRAND NEW-L/ASSEMBLE,2,,TUSKER SUPER 1618
MOTOR LORRY (COMMERCIAL),LANKA ASHOK LEYLAND,E COMET 1012,SRI LANKA,DIESEL,3839.0,GAMPAHA,BRAND NEW-L/ASSEMBLE,1,,E COMET 1012
MOTOR LORRY (COMMERCIAL),ISUZU,TPG-NPR85AN ELF,JAPAN,DIESEL,2990.0,COLOMBO,RECONDITIONED,4,TPG-NPR85AN,ELF
MOTOR LORRY (COMMERCIAL),ISUZU,SKG-NKR85R ELF,JAPAN,DIESEL,2990.0,GAMPAHA,RECONDITIONED,1,SKG-NKR85R,ELF
MOTOR LORRY (COMMERCIAL),ISUZU,NMR85U-HH5AY,JAPAN,DIESEL,2999.0,COLOMBO,BRAND NEW,1,,NMR85U-HH5AY
MOTOR LORRY (COMMERCIAL),ISUZU,NMR85U EH5AY,JAPAN,DIESEL,2999.0,NUWARA-ELIYA,BRAND NEW,1,,NMR85U EH5AY
MOTOR LORRY (COMMERCIAL),ISUZU,NPR75U-HL5VAYN,JAPAN,DIESEL,5193.0,KALUTARA,BRAND NEW,2,,NPR75U-HL5VAYN
MOTOR LORRY (COMMERCIAL),LANKA ASHOK LEYLAND,TUSKER SUPER 1618,SRI LANKA,DIESEL,5759.0,GAMPAHA,BRAND NEW-L/ASSEMBLE,3,,TUSKER SUPER 1618
MOTOR LORRY (COMMERCIAL),MITSUBISHI,TKG-FEB90 CANTER,JAPAN,DIESEL,2990.0,KANDY,RECONDITIONED,1,TKG-FEB90,CANTER
MOTOR LORRY (COMMERCIAL),ISUZU,2RG-NMR88N,JAPAN,DIESEL,2990.0,NUWARA-ELIYA,RECONDITIONED,1,2RG-NMR88N,Unknown
MOTOR LORRY (COMMERCIAL),J M C,CARRYING PLUS,CHINA,DIESEL,2771.0,COLOMBO,BRAND NEW,1,,CARRYING PLUS
MOTOR LORRY (COMMERCIAL),ISUZU,NMR85V-EH5AY,JAPAN,DIESEL,2999.0,GAMPAHA,BRAND NEW,1,,NMR85V-EH5AY
MOTOR LORRY (COMMERCIAL),ISUZU,NQR75U-KN5VAYN,JAPAN,DIESEL,5193.0,PUTTALAM,BRAND NEW,2,,NQR75U-KN5VAYN
MOTOR LORRY (COMMERCIAL),ISUZU,NMR85U-HH5AY,JAPAN,DIESEL,2999.0,MATARA,BRAND NEW,1,,NMR85U-HH5AY
MOTOR LORRY (COMMERCIAL),ISUZU,NPR75U-HL5VAYN,JAPAN,DIESEL,5193.0,BADULLA,BRAND NEW,1,,NPR75U-HL5VAYN
MOTOR LORRY (COMMERCIAL),LANKA ASHOK LEYLAND,PARTNER,INDIA,DIESEL,2953.0,COLOMBO,BRAND NEW,1,,PARTNER
MOTOR LORRY (COMMERCIAL),ISUZU,NPR75U-HL5VAYN,JAPAN,DIESEL,5193.0,KANDY,BRAND NEW,1,,NPR75U-HL5VAYN
MOTOR LORRY (COMMERCIAL),EICHER,PRO 1080F,INDIA,DIESEL,3298.0,COLOMBO,BRAND NEW,1,,PRO 1080F
MOTOR LORRY (COMMERCIAL),LANKA ASHOK LEYLAND,TAURUS 2518,SRI LANKA,DIESEL,5759.0,GAMPAHA,BRAND NEW-L/ASSEMBLE,3,,TAURUS 2518
MOTOR LORRY (COMMERCIAL),ISUZU,2RD-NPR88AN ELF,JAPAN,DIESEL,2990.0,KANDY,RECONDITIONED,1,2RD-NPR88AN,ELF
MOTOR LORRY (COMMERCIAL),ISUZU,TKG-FRR90T2 FORWARD,JAPAN,DIESEL,5199.0,KURUNEGALA,RECONDITIONED,1,TKG-FRR90T2,FORWARD
MOTOR LORRY (COMMERCIAL),MITSUBISHI,TKG-FEB50 CANTER,JAPAN,DIESEL,2990.0,KANDY,RECONDITIONED,1,TKG-FEB50,CANTER
MOTOR LORRY (COMMERCIAL),ISUZU,TPG-NMR85AN,JAPAN,DIESEL,2990.0,COLOMBO,RECONDITIONED,1,TPG-NMR85AN,Unknown
MOTOR LORRY (COMMERCIAL),ISUZU,TRG-NPR85AN ELF,JAPAN,DIESEL,2990.0,KANDY,RECONDITIONED,1,TRG-NPR85AN,ELF
MOTOR LORRY (COMMERCIAL),ISUZU,KK-NPR72LAV,JAPAN,DIESEL,4980.0,KILINOCHCHI,RECONDITIONED,1,KK-NPR72LAV,Unknown
MOTOR LORRY (COMMERCIAL),EICHER,PRO-5016T,INDIA,DIESEL,5655.0,GAMPAHA,BRAND NEW,1,PRO-5016T,Unknown
MOTOR LORRY (COMMERCIAL),LANKA ASHOK LEYLAND,PARTNER,INDIA,DIESEL,7200.0,COLOMBO,BRAND NEW,1,,PARTNER
MOTOR LORRY (COMMERCIAL),LANKA ASHOK LEYLAND,PARTNER,INDIA,DIESEL,7200.0,GAMPAHA,BRAND NEW,1,,PARTNER
MOTOR LORRY (COMMERCIAL),ISUZU,NMR85U-EH5AY,JAPAN,DIESEL,2999.0,GAMPAHA,BRAND NEW,1,,NMR85U-EH5AY
MOTOR LORRY (COMMERCIAL),LANKA ASHOK LEYLAND,TAURUS 2518,SRI LANKA,DIESEL,5759.0,COLOMBO,BRAND NEW-L/ASSEMBLE,9,,TAURUS 2518
MOTOR LORRY (COMMERCIAL),J M C,CARRING PLUS,SRI LANKA,DIESEL,2771.0,KURUNEGALA,BRAND NEW-L/ASSEMBLE,1,,CARRING PLUS
MOTOR LORRY (COMMERCIAL),LANKA ASHOK LEYLAND,E COMET 1212,SRI LANKA,DIESEL,3839.0,ANURADHAPURA,BRAND NEW-L/ASSEMBLE,1,,E COMET 1212
MOTOR LORRY (COMMERCIAL),LANKA ASHOK LEYLAND,TUSKER SUPER 1618,SRI LANKA,DIESEL,5759.0,HAMBANTOTA,BRAND NEW-L/ASSEMBLE,2,,TUSKER SUPER 1618
MOTOR LORRY (COMMERCIAL),ISUZU,TRG-NMR85N ELF,JAPAN,DIESEL,2990.0,PUTTALAM,RECONDITIONED,1,TRG-NMR85N,ELF
MOTOR LORRY (COMMERCIAL),ISUZU,TPG-NPR85AN ELF,JAPAN,DIESEL,2990.0,GALLE,RECONDITIONED,1,TPG-NPR85AN,ELF
MOTOR LORRY (COMMERCIAL),ISUZU,NQR75U-KN5VAYN,JAPAN,DIESEL,5193.0,KALUTARA,BRAND NEW,1,,NQR75U-KN5VAYN
MOTOR LORRY (COMMERCIAL),J M C,CARRING PLUS,CHINA,DIESEL,2771.0,COLOMBO,BRAND NEW,1,,CARRING PLUS
MOTOR LORRY (COMMERCIAL),EICHER,PRO 1080F,INDIA,DIESEL,3298.0,JAFFNA,BRAND NEW,2,,PRO 1080F
MOTOR LORRY (COMMERCIAL),LANKA ASHOK LEYLAND,PARTNER,INDIA,DIESEL,2953.0,AMPARA,BRAND NEW,1,,PARTNER
MOTOR LORRY (COMMERCIAL),LANKA ASHOK LEYLAND,TAURUS 2518,SRI LANKA,DIESEL,5759.0,KURUNEGALA,BRAND NEW-L/ASSEMBLE,3,,TAURUS 2518
MOTOR LORRY (COMMERCIAL),JAC,HFC1027E4,SRI LANKA,DIESEL,2746.0,PUTTALAM,BRAND NEW-L/ASSEMBLE,1,,HFC1027E4
MOTOR LORRY (COMMERCIAL),J M C,CARRYING PLUS,SRI LANKA,DIESEL,2771.0,GAMPAHA,BRAND NEW-L/ASSEMBLE,1,,CARRYING PLUS
MOTOR LORRY (COMMERCIAL),LANKA ASHOK LEYLAND,TUSKER SUPER 1618,SRI LANKA,DIESEL,5759.0,AMPARA,BRAND NEW-L/ASSEMBLE,1,,TUSKER SUPER 1618
MOTOR LORRY (COMMERCIAL),LANKA ASHOK LEYLAND,TAURUS 2518,SRI LANKA,DIESEL,5759.0,KANDY,BRAND NEW-L/ASSEMBLE,1,,TAURUS 2518
MOTOR LORRY (COMMERCIAL),LANKA ASHOK LEYLAND,TUSKE SUPER 1618,SRI LANKA,DIESEL,5759.0,POLONNARUWA,BRAND NEW-L/ASSEMBLE,1,,TUSKE SUPER 1618
MOTOR LORRY (COMMERCIAL),J M C,CARRYING PLUS,SRI LANKA,DIESEL,2771.0,COLOMBO,BRAND NEW-L/ASSEMBLE,1,,CARRYING PLUS
MOTOR LORRY (COMMERCIAL),ISUZU,TPG-NPR85AN,JAPAN,DIESEL,2990.0,JAFFNA,RECONDITIONED,1,TPG-NPR85AN,Unknown
MOTOR LORRY (COMMERCIAL),ISUZU,NPR75U-HL5VAYN,JAPAN,DIESEL,5193.0,KURUNEGALA,BRAND NEW,2,,NPR75U-HL5VAYN
MOTOR LORRY (COMMERCIAL),LANKA ASHOK LEYLAND,E COMET 1212,SRI LANKA,DIESEL,3839.0,GAMPAHA,BRAND NEW-L/ASSEMBLE,2,,E COMET 1212
MOTOR LORRY (COMMERCIAL),LANKA ASHOK LEYLAND,TUSKER SUPER 1618,SRI LANKA,DIESEL,5759.0,POLONNARUWA,BRAND NEW-L/ASSEMBLE,11,,TUSKER SUPER 1618
MOTOR LORRY (COMMERCIAL),MITSUBISHI,TKG-FEA80 CANTER,JAPAN,DIESEL,2990.0,MATALE,RECONDITIONED,1,TKG-FEA80,CANTER
MOTOR LORRY (COMMERCIAL),NISSAN,ATLAS,JAPAN,DIESEL,2950.0,JAFFNA,RECONDITIONED,1,,ATLAS
MOTOR LORRY (COMMERCIAL),ISUZU,NQR75U-KN5VAYN,JAPAN,DIESEL,5193.0,RATNAPURA,BRAND NEW,1,,NQR75U-KN5VAYN
MOTOR LORRY (COMMERCIAL),ISUZU,NPR75U-HL5VAYN,JAPAN,DIESEL,5193.0,NUWARA-ELIYA,BRAND NEW,2,,NPR75U-HL5VAYN
MOTOR LORRY (COMMERCIAL),ISUZU,NMR85U-EH5AY,JAPAN,DIESEL,2999.0,COLOMBO,BRAND NEW,2,,NMR85U-EH5AY
MOTOR LORRY (COMMERCIAL),ISUZU,NPR75U-HL5VAYN,JAPAN,DIESEL,5193.0,GAMPAHA,BRAND NEW,1,,NPR75U-HL5VAYN
MOTOR LORRY (COMMERCIAL),LANKA ASHOK LEYLAND,TAURUS 2518,SRI LANKA,DIESEL,5759.0,JAFFNA,BRAND NEW-L/ASSEMBLE,3,,TAURUS 2518
MOTOR LORRY (COMMERCIAL),LANKA ASHOK LEYLAND,TUSKER SUPER 1618,SRI LANKA,DIESEL,5759.0,BADULLA,BRAND NEW-L/ASSEMBLE,1,,TUSKER SUPER 1618
MOTOR LORRY (COMMERCIAL),JAC,HFC1027E4,SRI LANKA,DIESEL,2746.0,COLOMBO,BRAND NEW-L/ASSEMBLE,3,,HFC1027E4
MOTOR LORRY (COMMERCIAL),ISUZU,TKG-FRR90S1 FORWARD,JAPAN,DIESEL,5190.0,KALUTARA,RECONDITIONED,1,TKG-FRR90S1,FORWARD
MOTOR LORRY (COMMERCIAL),ISUZU,2RG-NPR88AN,JAPAN,DIESEL,2990.0,GAMPAHA,RECONDITIONED,1,2RG-NPR88AN,Unknown
MOTOR LORRY (COMMERCIAL),MITSUBISHI,TKG-FEB 50   CANTER,JAPAN,DIESEL,2990.0,PUTTALAM,RECONDITIONED,1,TKG-FEB,50   CANTER
MOTOR LORRY (COMMERCIAL),EICHER,PRO 1080 E,INDIA,DIESEL,3298.0,COLOMBO,BRAND NEW,2,,PRO 1080 E
MOTOR LORRY (COMMERCIAL),SINO,HOWO,CHINA,DIESEL,2540.0,NUWARA-ELIYA,BRAND NEW,1,,HOWO
MOTOR LORRY (COMMERCIAL),MITSUBISHI,FUSO FEA61B4SDSC,JAPAN,DIESEL,2998.0,BATTICALOA,BRAND NEW,1,,FUSO FEA61B4SDSC
MOTOR LORRY (COMMERCIAL),ISUZU,NQR75U-LN5VAYN,JAPAN,DIESEL,5193.0,KALUTARA,BRAND NEW,1,,NQR75U-LN5VAYN
MOTOR LORRY (COMMERCIAL),LANKA ASHOK LEYLAND,PARTNER,INDIA,DIESEL,7200.0,PUTTALAM,BRAND NEW,1,,PARTNER
MOTOR LORRY (COMMERCIAL),JAC,HFC1027E4,SRI LANKA,DIESEL,2746.0,KANDY,BRAND NEW-L/ASSEMBLE,1,,HFC1027E4
MOTOR LORRY (COMMERCIAL),J M C,CARRYING PLAS,SRI LANKA,DIESEL,2771.0,MATARA,BRAND NEW-L/ASSEMBLE,1,,CARRYING PLAS
MOTOR LORRY (COMMERCIAL),LANKA ASHOK LEYLAND,TUSKER SUPER 1618,SRI LANKA,DIESEL,5759.0,VAVUNIYA,BRAND NEW-L/ASSEMBLE,1,,TUSKER SUPER 1618
MOTOR LORRY (COMMERCIAL),LANKA ASHOK LEYLAND,TAURUS 2518,SRI LANKA,DIESEL,5759.0,POLONNARUWA,BRAND NEW-L/ASSEMBLE,1,,TAURUS 2518
MOTOR LORRY (COMMERCIAL),ISUZU,ELF-TKG-NPR85AN,JAPAN,DIESEL,2990.0,GAMPAHA,RECONDITIONED,1,ELF-TKG-NPR85AN,Unknown
MOTOR LORRY (COMMERCIAL),MITSUBISHI,PDG-FG70D CANTER,JAPAN,DIESEL,4890.0,COLOMBO,RECONDITIONED,1,PDG-FG70D,CANTER
MOTOR LORRY (COMMERCIAL),ISUZU,TRG-NPR85AN ELF,JAPAN,DIESEL,2990.0,KALUTARA,RECONDITIONED,1,TRG-NPR85AN,ELF
MOTOR LORRY (COMMERCIAL),MITSUBISHI,TPG-FEA50 CANTER,JAPAN,DIESEL,2990.0,KANDY,RECONDITIONED,1,TPG-FEA50,CANTER
MOTOR LORRY (COMMERCIAL),ISUZU,2RG-NPR88AN  ELF,JAPAN,DIESEL,2990.0,AMPARA,RECONDITIONED,1,2RG-NPR88AN,ELF
MOTOR LORRY (COMMERCIAL),ISUZU,TKG-NMS85AN ELF,JAPAN,DIESEL,2990.0,NUWARA-ELIYA,RECONDITIONED,1,TKG-NMS85AN,ELF
MOTOR LORRY (COMMERCIAL),ISUZU,TRG-NPR85AN ELF,JAPAN,DIESEL,2990.0,GAMPAHA,RECONDITIONED,1,TRG-NPR85AN,ELF
MOTOR LORRY (COMMERCIAL),ISUZU,NQR75U-KN5VAYN,JAPAN,DIESEL,5193.0,MATARA,BRAND NEW,1,,NQR75U-KN5VAYN
MOTOR LORRY (COMMERCIAL),LANKA ASHOK LEYLAND,TUSKER SUPER 1618,SRI LANKA,DIESEL,5759.0,COLOMBO,BRAND NEW-L/ASSEMBLE,16,,TUSKER SUPER 1618
MOTOR LORRY (COMMERCIAL),LANKA ASHOK LEYLAND,TAURUS 2518,SRI LANKA,DIESEL,5759.0,AMPARA,BRAND NEW-L/ASSEMBLE,3,,TAURUS 2518
MOTOR TRICYCLE VAN,MAHINDRA,ALFA LOAD CARRIER,INDIA,DIESEL,436.0,GAMPAHA,BRAND NEW,2,,ALFA LOAD CARRIER
MOTOR TRICYCLE VAN,MAHINDRA,ALFA LOAD CARRIER,INDIA,DIESEL,436.0,KEGALLE,BRAND NEW,1,,ALFA LOAD CARRIER
MOTOR TRICYCLE VAN,MAHINDRA,ALFA LOAD CARRIER,INDIA,DIESEL,436.0,VAVUNIYA,BRAND NEW,1,,ALFA LOAD CARRIER
MOTOR TRICYCLE VAN,PIAGGIO,APE-XTRA-DX,INDIA,DIESEL,435.0,KEGALLE,BRAND NEW,2,APE-XTRA-DX,Unknown
MOTOR TRICYCLE VAN,PIAGGIO,APE-XTRA-DX,INDIA,DIESEL,435.0,KANDY,BRAND NEW,2,APE-XTRA-DX,Unknown
MOTOR TRICYCLE VAN,PIAGGIO,APE-XTRA-DX,INDIA,DIESEL,435.0,RATNAPURA,BRAND NEW,6,APE-XTRA-DX,Unknown
MOTOR TRICYCLE VAN,PIAGGIO,APE-XTRA-DX,INDIA,DIESEL,435.0,MATALE,BRAND NEW,1,APE-XTRA-DX,Unknown
MOTOR TRICYCLE VAN,PIAGGIO,APE-XTRA-DX,INDIA,DIESEL,435.0,HAMBANTOTA,BRAND NEW,1,APE-XTRA-DX,Unknown
MOTOR TRICYCLE VAN,PIAGGIO,APE-XTRA-DX,INDIA,DIESEL,435.0,MATARA,BRAND NEW,3,APE-XTRA-DX,Unknown
MOTOR TRICYCLE VAN,PIAGGIO,APE-XTRA-DX,INDIA,DIESEL,435.0,GAMPAHA,BRAND NEW,6,APE-XTRA-DX,Unknown
MOTOR TRICYCLE VAN,PIAGGIO,APE-XTRA-DX,INDIA,DIESEL,435.0,PUTTALAM,BRAND NEW,1,APE-XTRA-DX,Unknown
MOTOR TRICYCLE VAN,PIAGGIO,APE-XTRA-DX,INDIA,DIESEL,435.0,KALUTARA,BRAND NEW,1,APE-XTRA-DX,Unknown
MOTOR TRICYCLE VAN,PIAGGIO,APE-XTRA-DX,INDIA,DIESEL,435.0,ANURADHAPURA,BRAND NEW,1,APE-XTRA-DX,Unknown
MOTOR TRICYCLE VAN,MAHINDRA,ALFA LOAD CARRIER,INDIA,DIESEL,436.0,MATARA,BRAND NEW,1,,ALFA LOAD CARRIER
MOTOR TRICYCLE VAN,PIAGGIO,APE-XTRA-DX,INDIA,DIESEL,435.0,COLOMBO,BRAND NEW,13,APE-XTRA-DX,Unknown
MOTOR TRICYCLE VAN,MAHINDRA,ALFA LOAD CARRIER,INDIA,DIESEL,436.0,COLOMBO,BRAND NEW,1,,ALFA LOAD CARRIER
MOTOR TRICYCLE VAN,PIAGGIO,APE XTRA LD,INDIA,DIESEL,435.0,KANDY,BOUGHT FROM AUCTION,1,,APE XTRA LD
MOTOR TRICYCLE VAN,MAHINDRA,ALFA LOAD CARRIER,INDIA,DIESEL,436.0,GALLE,BRAND NEW,1,,ALFA LOAD CARRIER
MOTOR TRICYCLE VAN,PIAGGIO,APE-XTRA-DX,INDIA,DIESEL,435.0,GALLE,BRAND NEW,2,APE-XTRA-DX,Unknown
MOTOR TRICYCLE VAN,MAHINDRA,ALFA LOAD CARRIER,INDIA,DIESEL,436.0,HAMBANTOTA,BRAND NEW,1,,ALFA LOAD CARRIER
MOTOR TRICYCLE VAN,MAHINDRA,ALFA LOAD CARRIER,INDIA,DIESEL,436.0,MATALE,BRAND NEW,2,,ALFA LOAD CARRIER
OTHER SPECIAL PURPOSE VEHICLE,HINO,MOBIL CLINIC TRUCK,MALAYSIA,DIESEL,4009.0,COLOMBO,BRAND NEW,1,,MOBIL CLINIC TRUCK
OTHER SPECIAL PURPOSE VEHICLE,HINO,MOBILE CLINIC TRUCK,MALAYSIA,DIESEL,4009.0,COLOMBO,BRAND NEW,1,,MOBILE CLINIC TRUCK
OTHER SPECIAL PURPOSE VEHICLE,HINO,MOBILE CLINC TRUCK,MALAYSIA,DIESEL,4009.0,COLOMBO,BRAND NEW,1,,MOBILE CLINC TRUCK
PRIMER MOVER,LANKA ASHOK LEYLAND,U4019,INDIA,DIESEL,5759.0,KALUTARA,BRAND NEW,3,,U4019
PRIMER MOVER,TATA,SIGNA 4018,INDIA,DIESEL,5883.0,COLOMBO,BRAND NEW,17,,SIGNA 4018
PRIMER MOVER,LANKA ASHOK LEYLAND,U4019,INDIA,DIESEL,5759.0,PUTTALAM,BRAND NEW,1,,U4019
PRIMER MOVER,TATA,SIGNA 4018,INDIA,DIESEL,5883.0,GAMPAHA,BRAND NEW,3,,SIGNA 4018
PRIMER MOVER,TATA,SIGNA 4018,INDIA,DIESEL,5883.0,NUWARA-ELIYA,BRAND NEW,1,,SIGNA 4018
PRIMER MOVER,DAF,CF 450,UNITED KINGDOM,DIESEL,10837.0,GAMPAHA,RECONDITIONED,1,,CF 450
PRIMER MOVER,TATA,SIGNA 4018,INDIA,DIESEL,5883.0,KURUNEGALA,BRAND NEW,1,,SIGNA 4018
PRIMER MOVER,DAF,XF 480  FTG,UNITED KINGDOM,DIESEL,12902.0,COLOMBO,RECONDITIONED,1,,XF 480  FTG
PRIMER MOVER,LANKA ASHOK LEYLAND,U4019,INDIA,DIESEL,5759.0,COLOMBO,BRAND NEW,5,,U4019
PRIMER MOVER,TATA,SIGNA 5530,INDIA,DIESEL,6702.0,COLOMBO,BRAND NEW,1,,SIGNA 5530
PRIMER MOVER,LANKA ASHOK LEYLAND,U4019,INDIA,DIESEL,5759.0,ANURADHAPURA,BRAND NEW,2,,U4019
PRIMER MOVER,LANKA ASHOK LEYLAND,U4019,INDIA,DIESEL,5759.0,JAFFNA,BRAND NEW,1,,U4019
PRIMER MOVER,LANKA ASHOK LEYLAND,U4019,INDIA,DIESEL,5759.0,KURUNEGALA,BRAND NEW,1,,U4019
PRIMER MOVER,TATA,SIGNA 5530,INDIA,DIESEL,6702.0,GAMPAHA,BRAND NEW,1,,SIGNA 5530
SINGLE CAB,SUZUKI,3BD-DA16T CARRY,JAPAN,PETROL,658.0,KEGALLE,RECONDITIONED,2,3BD-DA16T,CARRY
SINGLE CAB,TOYOTA,HILUX REVO,THAILAND,DIESEL,2755.0,HAMBANTOTA,RECONDITIONED,8,,HILUX REVO
SINGLE CAB,DAIHATSU,3BD-S510P HIJET,JAPAN,PETROL,658.0,GAMPAHA,RECONDITIONED,2,3BD-S510P,HIJET
SINGLE CAB,SUZUKI,3BD-DA16T,JAPAN,PETROL,658.0,GAMPAHA,RECONDITIONED,1,3BD-DA16T,FREEZER
SINGLE CAB,SUZUKI,3BD-DA16T CARRY,JAPAN,PETROL,658.0,COLOMBO,RECONDITIONED,10,3BD-DA16T,CARRY
SINGLE CAB,SUZUKI,3BD-DA16T CARRY,JAPAN,PETROL,658.0,MATARA,RECONDITIONED,1,3BD-DA16T,CARRY
SINGLE CAB,SUZUKI,3BD-DA16T CARRY,JAPAN,PETROL,658.0,PUTTALAM,RECONDITIONED,5,3BD-DA16T,CARRY
SINGLE CAB,DAIHATSU,3BD-S500P HIJET,JAPAN,PETROL,658.0,COLOMBO,RECONDITIONED,4,3BD-S500P,HIJET
SINGLE CAB,SUZUKI,3BD-DA16T CARRY,JAPAN,PETROL,658.0,JAFFNA,RECONDITIONED,2,3BD-DA16T,CARRY
SINGLE CAB,SUZUKI,3BD-DA16T CARRY,JAPAN,PETROL,658.0,GAMPAHA,RECONDITIONED,9,3BD-DA16T,CARRY
SINGLE CAB,SUZUKI,3BD-DA16T CARRY,JAPAN,PETROL,658.0,KURUNEGALA,RECONDITIONED,10,3BD-DA16T,CARRY
SINGLE CAB,MAZDA,3BD-DG16T SCRUM,JAPAN,PETROL,660.0,KALUTARA,RECONDITIONED,1,3BD-DG16T,SCRUM
SINGLE CAB,TOYOTA,3BD-S500U PIXIS,JAPAN,PETROL,658.0,COLOMBO,RECONDITIONED,1,3BD-S500U,PIXIS
SINGLE CAB,DAIHATSU,3BD-S500P  HIJET,JAPAN,PETROL,658.0,KURUNEGALA,RECONDITIONED,1,3BD-S500P,HIJET
SINGLE CAB,TOYOTA,HILUX  REVO,THAILAND,DIESEL,2755.0,PUTTALAM,RECONDITIONED,1,,HILUX  REVO
SINGLE CAB,SUZUKI,3BD-DA16T CARRY,JAPAN,PETROL,657.0,GAMPAHA,RECONDITIONED,1,3BD-DA16T,CARRY
SINGLE CAB,NISSAN,3BD-DR16T CLIPPER,JAPAN,PETROL,658.0,KEGALLE,RECONDITIONED,1,3BD-DR16T,CLIPPER
SINGLE CAB,SUZUKI,3BD-DA16T  CARRY,JAPAN,PETROL,658.0,KURUNEGALA,RECONDITIONED,1,3BD-DA16T,CARRY
SINGLE CAB,MAHINDRA,BOLERO CITY PICKUP,INDIA,DIESEL,2523.0,JAFFNA,BRAND NEW,13,,BOLERO CITY PICKUP
SINGLE CAB,MAHINDRA,BOLERO CITY PICKUP,INDIA,DIESEL,2523.0,PUTTALAM,BRAND NEW,9,,BOLERO CITY PICKUP
SINGLE CAB,TATA,ACE HT2,INDIA,DIESEL,702.0,JAFFNA,BRAND NEW,5,,ACE HT2
SINGLE CAB,TATA,ACE HT2,INDIA,DIESEL,702.0,PUTTALAM,BRAND NEW,1,,ACE HT2
SINGLE CAB,TATA,ACE HT2,SRI LANKA,DIESEL,702.0,ANURADHAPURA,BRAND NEW-L/ASSEMBLE,6,,ACE HT2
SINGLE CAB,TATA,YODHA LIGHT TRUCK,SRI LANKA,DIESEL,2956.0,POLONNARUWA,BRAND NEW-L/ASSEMBLE,1,,YODHA LIGHT TRUCK
SINGLE CAB,LANKA ASHOK LEYLAND,BADA DOST,SRI LANKA,DIESEL,1478.0,KILINOCHCHI,BRAND NEW-L/ASSEMBLE,1,,BADA DOST
SINGLE CAB,TATA,ACE HT2,SRI LANKA,DIESEL,702.0,JAFFNA,BRAND NEW-L/ASSEMBLE,1,,ACE HT2
SINGLE CAB,TATA,ACE HT2,SRI LANKA,DIESEL,702.0,AMPARA,BRAND NEW-L/ASSEMBLE,1,,ACE HT2
SINGLE CAB,LANKA ASHOK LEYLAND,BADA DOST,SRI LANKA,DIESEL,1478.0,KURUNEGALA,BRAND NEW-L/ASSEMBLE,1,,BADA DOST
SINGLE CAB,DAIHATSU,3BD-S510P HIJET,JAPAN,PETROL,658.0,HAMBANTOTA,RECONDITIONED,1,3BD-S510P,HIJET
SINGLE CAB,DAIHATSU,3BD-S500P HIJET,JAPAN,PETROL,658.0,KURUNEGALA,RECONDITIONED,1,3BD-S500P,HIJET
SINGLE CAB,DAIHATSU,3BD-S500P HIJET,JAPAN,PETROL,658.0,BADULLA,RECONDITIONED,1,3BD-S500P,HIJET
SINGLE CAB,MAHINDRA,BOLERO CITY PICKUP,INDIA,DIESEL,2523.0,VAVUNIYA,BRAND NEW,5,,BOLERO CITY PICKUP
SINGLE CAB,LANKA ASHOK LEYLAND,BADA DOST,SRI LANKA,DIESEL,1478.0,COLOMBO,BRAND NEW-L/ASSEMBLE,10,,BADA DOST
SINGLE CAB,LANKA ASHOK LEYLAND,DOST,SRI LANKA,DIESEL,1478.0,GALLE,BRAND NEW-L/ASSEMBLE,1,,DOST
SINGLE CAB,LANKA ASHOK LEYLAND,DOST,SRI LANKA,DIESEL,1478.0,ANURADHAPURA,BRAND NEW-L/ASSEMBLE,2,,DOST
SINGLE CAB,TATA,ACE-HT2,SRI LANKA,DIESEL,702.0,JAFFNA,BRAND NEW-L/ASSEMBLE,1,ACE-HT2,Unknown
SINGLE CAB,LANKA ASHOK LEYLAND,DOST,SRI LANKA,DIESEL,1478.0,KURUNEGALA,BRAND NEW-L/ASSEMBLE,1,,DOST
SINGLE CAB,DAIHATSU,3BD-S500P,JAPAN,PETROL,650.0,GAMPAHA,RECONDITIONED,1,3BD-S500P,Unknown
SINGLE CAB,NISSAN,3BD-DR16T CLIPPER,JAPAN,PETROL,658.0,COLOMBO,RECONDITIONED,2,3BD-DR16T,CLIPPER
SINGLE CAB,NISSAN,3BD-DR16T CLIPPER,JAPAN,PETROL,658.0,PUTTALAM,RECONDITIONED,1,3BD-DR16T,CLIPPER
SINGLE CAB,SUZUKI,3BD-DA16T  CARRY,JAPAN,PETROL,658.0,BADULLA,RECONDITIONED,1,3BD-DA16T,CARRY
SINGLE CAB,MAHINDRA,BOLERO CITY PICKUP,INDIA,DIESEL,2523.0,MATARA,BRAND NEW,3,,BOLERO CITY PICKUP
SINGLE CAB,MAHINDRA,BOLERO CITY PICKUP,INDIA,DIESEL,2523.0,MATALE,BRAND NEW,1,,BOLERO CITY PICKUP
SINGLE CAB,TATA,YODHA,INDIA,DIESEL,2956.0,MATARA,BRAND NEW,1,,YODHA
SINGLE CAB,TOYOTA,S403RU-TMRFJ,INDONESIA,PETROL,1496.0,KURUNEGALA,BRAND NEW,1,,S403RU-TMRFJ
SINGLE CAB,MAHINDRA,BOLERO CITY PICKUP,INDIA,DIESEL,2523.0,KANDY,BRAND NEW,6,,BOLERO CITY PICKUP
SINGLE CAB,TOYOTA,LITE ACE,INDONESIA,PETROL,1496.0,JAFFNA,BRAND NEW,1,,LITE ACE
SINGLE CAB,TATA,ACE HT2,INDIA,DIESEL,702.0,MATARA,BRAND NEW,1,,ACE HT2
SINGLE CAB,LANKA ASHOK LEYLAND,BADA DOST,SRI LANKA,DIESEL,1478.0,KALUTARA,BRAND NEW-L/ASSEMBLE,1,,BADA DOST
SINGLE CAB,LANKA ASHOK LEYLAND,DOST,SRI LANKA,DIESEL,1478.0,MATARA,BRAND NEW-L/ASSEMBLE,2,,DOST
SINGLE CAB,TATA,YODHA,INDIA,DIESEL,2956.0,BATTICALOA,BRAND NEW,4,,YODHA
SINGLE CAB,MAHINDRA,BOLERO CITY PICKUP,INDIA,DIESEL,2523.0,COLOMBO,BRAND NEW,34,,BOLERO CITY PICKUP
SINGLE CAB,TATA,ACE HT2,INDIA,DIESEL,702.0,COLOMBO,BRAND NEW,9,,ACE HT2
SINGLE CAB,TATA,ACE HT2,INDIA,DIESEL,702.0,GALLE,BRAND NEW,1,,ACE HT2
SINGLE CAB,TOYOTA,LITEACE S403RU TMRFJ,INDONESIA,PETROL,1496.0,NUWARA-ELIYA,BRAND NEW,1,,LITEACE S403RU TMRFJ
SINGLE CAB,TATA,ACE HT2,INDIA,DIESEL,702.0,GAMPAHA,BRAND NEW,1,,ACE HT2
SINGLE CAB,TATA,YODHA,INDIA,DIESEL,2956.0,GALLE,BRAND NEW,2,,YODHA
SINGLE CAB,TOYOTA,LITE ACE,INDONESIA,PETROL,1496.0,COLOMBO,BRAND NEW,1,,LITE ACE
SINGLE CAB,TATA,YODHA LIGHT TRUCK,INDIA,DIESEL,2956.0,KURUNEGALA,BRAND NEW,2,,YODHA LIGHT TRUCK
SINGLE CAB,MAHINDRA,BOLERO CITY PICKUP,INDIA,DIESEL,2523.0,TRINCOMALEE,BRAND NEW,2,,BOLERO CITY PICKUP
SINGLE CAB,TATA,ACE HT2,INDIA,DIESEL,702.0,KURUNEGALA,BRAND NEW,1,,ACE HT2
SINGLE CAB,TATA,ACE HT2,INDIA,DIESEL,702.0,KANDY,BRAND NEW,1,,ACE HT2
SINGLE CAB,TOYOTA,HILUX REVO,THAILAND,DIESEL,2755.0,GAMPAHA,RECONDITIONED,1,,HILUX REVO
SINGLE CAB,NISSAN,3BD-DR16T CLIPPER,JAPAN,PETROL,660.0,GAMPAHA,RECONDITIONED,1,3BD-DR16T,CLIPPER
SINGLE CAB,TOYOTA,HILUX REVO,THAILAND,DIESEL,2755.0,NUWARA-ELIYA,RECONDITIONED,1,,HILUX REVO
SINGLE CAB,MAZDA,5BF-S403F BONGO,JAPAN,PETROL,1496.0,COLOMBO,RECONDITIONED,1,5BF-S403F,BONGO
SINGLE CAB,SUZUKI,3BD-DA16T CARRY,JAPAN,PETROL,650.0,AMPARA,RECONDITIONED,1,3BD-DA16T,CARRY
SINGLE CAB,TATA,ACE  HT2,INDIA,DIESEL,702.0,JAFFNA,BRAND NEW,1,,ACE  HT2
SINGLE CAB,TATA,YODHA,INDIA,DIESEL,2956.0,JAFFNA,BRAND NEW,5,,YODHA
SINGLE CAB,MAHINDRA,BOLERO CITY PICKUP,INDIA,DIESEL,2523.0,POLONNARUWA,BRAND NEW,2,,BOLERO CITY PICKUP
SINGLE CAB,TOYOTA,LITEACE S403RU TMRFJ,INDONESIA,PETROL,1496.0,GAMPAHA,BRAND NEW,1,,LITEACE S403RU TMRFJ
SINGLE CAB,TATA,YODHA LIGHT TRUCK,SRI LANKA,DIESEL,2956.0,KURUNEGALA,BRAND NEW-L/ASSEMBLE,1,,YODHA LIGHT TRUCK
SINGLE CAB,TATA,ACE-HT2,SRI LANKA,DIESEL,702.0,COLOMBO,BRAND NEW-L/ASSEMBLE,1,ACE-HT2,Unknown
SINGLE CAB,TATA,ACE HT2,SRI LANKA,DIESEL,702.0,COLOMBO,BRAND NEW-L/ASSEMBLE,2,,ACE HT2
SINGLE CAB,LANKA ASHOK LEYLAND,DOST,SRI LANKA,DIESEL,1478.0,MULLATIVU,BRAND NEW-L/ASSEMBLE,1,,DOST
SINGLE CAB,DAIHATSU,3BD-S510P HIJET,JAPAN,PETROL,658.0,TRINCOMALEE,RECONDITIONED,1,3BD-S510P,HIJET
SINGLE CAB,MAZDA,3BD-DG16T SCRUM,JAPAN,PETROL,658.0,GALLE,RECONDITIONED,1,3BD-DG16T,SCRUM
SINGLE CAB,SUZUKI,3BD-DA16T CARRY,JAPAN,PETROL,658.0,NUWARA-ELIYA,RECONDITIONED,2,3BD-DA16T,CARRY
SINGLE CAB,MAZDA,3BD-DG16T,JAPAN,PETROL,658.0,COLOMBO,RECONDITIONED,1,3BD-DG16T,Unknown
SINGLE CAB,SUZUKI,3BD-DA16T CARRY,JAPAN,PETROL,658.0,KANDY,RECONDITIONED,1,3BD-DA16T,CARRY
SINGLE CAB,MAHINDRA,BOLERO CITY PICKUP,INDIA,DIESEL,2523.0,HAMBANTOTA,BRAND NEW,11,,BOLERO CITY PICKUP
SINGLE CAB,MAHINDRA,BOLERO CITY PICKUP,INDIA,DIESEL,2523.0,GALLE,BRAND NEW,5,,BOLERO CITY PICKUP
SINGLE CAB,TATA,YODHA LIGHT TRUCK,SRI LANKA,DIESEL,2956.0,COLOMBO,BRAND NEW-L/ASSEMBLE,8,,YODHA LIGHT TRUCK
SINGLE CAB,TATA,YODHA LIGHT TRUCK,SRI LANKA,DIESEL,2956.0,KEGALLE,BRAND NEW-L/ASSEMBLE,1,,YODHA LIGHT TRUCK
SINGLE CAB,LANKA ASHOK LEYLAND,DOST,SRI LANKA,DIESEL,1478.0,KILINOCHCHI,BRAND NEW-L/ASSEMBLE,1,,DOST
SINGLE CAB,LANKA ASHOK LEYLAND,DOST,SRI LANKA,DIESEL,1478.0,KALUTARA,BRAND NEW-L/ASSEMBLE,1,,DOST
SINGLE CAB,LANKA ASHOK LEYLAND,BADA DOST,SRI LANKA,DIESEL,1478.0,HAMBANTOTA,BRAND NEW-L/ASSEMBLE,1,,BADA DOST
SINGLE CAB,LANKA ASHOK LEYLAND,DOST,SRI LANKA,DIESEL,1478.0,PUTTALAM,BRAND NEW-L/ASSEMBLE,1,,DOST
SINGLE CAB,SUZUKI,3BD-DA16T CARRY,JAPAN,PETROL,658.0,GALLE,RECONDITIONED,1,3BD-DA16T,CARRY
SINGLE CAB,SUZUKI,3BD-DA16T  FREEZER,JAPAN,PETROL,658.0,COLOMBO,RECONDITIONED,1,3BD-DA16T,FREEZER
SINGLE CAB,MAHINDRA,BOLERO CITY PICKUP,INDIA,DIESEL,2523.0,NUWARA-ELIYA,BRAND NEW,6,,BOLERO CITY PICKUP
SINGLE CAB,MAHINDRA,BOLERO CITY PICKUP,INDIA,DIESEL,2523.0,GAMPAHA,BRAND NEW,22,,BOLERO CITY PICKUP
SINGLE CAB,MAHINDRA,BOLERO CITY PICKUP,INDIA,DIESEL,2523.0,MANNAR,BRAND NEW,4,,BOLERO CITY PICKUP
SINGLE CAB,TATA,YODHA,INDIA,DIESEL,2956.0,COLOMBO,BRAND NEW,1,,YODHA
SINGLE CAB,MAHINDRA,BOLERO CITY PICKUP,INDIA,DIESEL,2523.0,BATTICALOA,BRAND NEW,3,,BOLERO CITY PICKUP
SINGLE CAB,TOYOTA,LITE ACE S403RU,INDONESIA,PETROL,1496.0,KALUTARA,BRAND NEW,1,,LITE ACE S403RU
SINGLE CAB,LANKA ASHOK LEYLAND,BADA DOST,SRI LANKA,DIESEL,1478.0,BADULLA,BRAND NEW-L/ASSEMBLE,1,,BADA DOST
SINGLE CAB,TATA,YODHA LIGHT TRUCK,SRI LANKA,DIESEL,2956.0,GAMPAHA,BRAND NEW-L/ASSEMBLE,2,,YODHA LIGHT TRUCK
SINGLE CAB,LANKA ASHOK LEYLAND,DOST,SRI LANKA,DIESEL,1478.0,BATTICALOA,BRAND NEW-L/ASSEMBLE,1,,DOST
SINGLE CAB,LANKA ASHOK LEYLAND,DOST,SRI LANKA,DIESEL,1478.0,NUWARA-ELIYA,BRAND NEW-L/ASSEMBLE,2,,DOST
SINGLE CAB,LANKA ASHOK LEYLAND,DOST,SRI LANKA,DIESEL,1478.0,COLOMBO,BRAND NEW-L/ASSEMBLE,3,,DOST
SINGLE CAB,LANKA ASHOK LEYLAND,BADA DOST,SRI LANKA,DIESEL,1478.0,JAFFNA,BRAND NEW-L/ASSEMBLE,2,,BADA DOST
SINGLE CAB,MAHINDRA,BOLERO CITY PICKUP,INDIA,DIESEL,2523.0,KALUTARA,BRAND NEW-L/ASSEMBLE,1,,BOLERO CITY PICKUP
SINGLE CAB,SUZUKI,BBD-DA16T CARRY,JAPAN,PETROL,658.0,KURUNEGALA,RECONDITIONED,1,BBD-DA16T,CARRY
SINGLE CAB,TOYOTA,3BD-S510U PIXIS,JAPAN,PETROL,658.0,COLOMBO,RECONDITIONED,1,3BD-S510U,PIXIS
SINGLE CAB,SUZUKI,3BD-DA16T,JAPAN,PETROL,658.0,PUTTALAM,RECONDITIONED,1,3BD-DA16T,FREEZER
SINGLE CAB,SUZUKI,3BD-DA16T CARRY,JAPAN,PETROL,657.0,KURUNEGALA,RECONDITIONED,1,3BD-DA16T,CARRY
SINGLE CAB,TATA,YODHA,INDIA,DIESEL,2956.0,KURUNEGALA,BRAND NEW,1,,YODHA
SINGLE CAB,MAHINDRA,BOLERO CITY PICKUP,INDIA,DIESEL,2523.0,KALUTARA,BRAND NEW,29,,BOLERO CITY PICKUP
SINGLE CAB,TATA,ACE HT2,INDIA,DIESEL,702.0,ANURADHAPURA,BRAND NEW,2,,ACE HT2
SINGLE CAB,TATA,ACE HT 2,INDIA,DIESEL,702.0,COLOMBO,BRAND NEW,1,,ACE HT 2
SINGLE CAB,TOYOTA,LITEACE,INDONESIA,PETROL,1496.0,GAMPAHA,BRAND NEW,2,,LITEACE
SINGLE CAB,LANKA ASHOK LEYLAND,DOST,SRI LANKA,DIESEL,1478.0,RATNAPURA,BRAND NEW-L/ASSEMBLE,1,,DOST
SINGLE CAB,TATA,VODHA LIGHT TRUCK,SRI LANKA,DIESEL,2956.0,COLOMBO,BRAND NEW-L/ASSEMBLE,1,,VODHA LIGHT TRUCK
SINGLE CAB,TOYOTA,HILUX REVO,THAILAND,DIESEL,2755.0,COLOMBO,RECONDITIONED,1,,HILUX REVO
SINGLE CAB,NISSAN,3BD-DR16T CLIPPER,JAPAN,PETROL,660.0,PUTTALAM,RECONDITIONED,1,3BD-DR16T,CLIPPER
SINGLE CAB,SUZUKI,3BD-DA16T CARRY,JAPAN,PETROL,658.0,BADULLA,RECONDITIONED,1,3BD-DA16T,CARRY
SINGLE CAB,SUZUKI,3BD-DA16T,JAPAN,PETROL,658.0,KURUNEGALA,RECONDITIONED,1,3BD-DA16T,FREEZER
SINGLE CAB,MAZDA,DBF-SLP2T BONGO,JAPAN,PETROL,1790.0,GALLE,RECONDITIONED,1,DBF-SLP2T,BONGO
SINGLE CAB,MAHINDRA,BOLERO CITY PICKUP,INDIA,DIESEL,2523.0,KILINOCHCHI,BRAND NEW,8,,BOLERO CITY PICKUP
SINGLE CAB,MAHINDRA,BOLERO CITY PICKUP,INDIA,DIESEL,2523.0,KURUNEGALA,BRAND NEW,3,,BOLERO CITY PICKUP
SINGLE CAB,TOYOTA,LITEACE S403RU TMRFJ,INDONESIA,PETROL,1496.0,COLOMBO,BRAND NEW,2,,LITEACE S403RU TMRFJ
SINGLE CAB,TATA,YODHA,INDIA,DIESEL,2956.0,KALUTARA,BRAND NEW,1,,YODHA
SINGLE CAB,TOYOTA,LITEACE,INDONESIA,PETROL,1496.0,COLOMBO,BRAND NEW,2,,LITEACE
SINGLE CAB,TATA,ACE HT2,INDIA,DIESEL,702.0,HAMBANTOTA,BRAND NEW,1,,ACE HT2
SINGLE CAB,TATA,ACE HT2,SRI LANKA,DIESEL,702.0,KURUNEGALA,BRAND NEW-L/ASSEMBLE,1,,ACE HT2
SINGLE CAB,TATA,ACE HT2,SRI LANKA,DIESEL,702.0,GAMPAHA,BRAND NEW-L/ASSEMBLE,6,,ACE HT2
SINGLE CAB,DAIHATSU,3BD-S500P HIJET,JAPAN,PETROL,658.0,GAMPAHA,RECONDITIONED,1,3BD-S500P,HIJET
SINGLE CAB,SUZUKI,3BD-DA16T,JAPAN,PETROL,658.0,KEGALLE,RECONDITIONED,1,3BD-DA16T,FREEZER
SINGLE CAB,MAHINDRA,BOLERO CITY PICKUP,INDIA,DIESEL,2523.0,ANURADHAPURA,BRAND NEW,7,,BOLERO CITY PICKUP
SINGLE CAB,MAHINDRA,BOLERO CITY PICKUP,INDIA,DIESEL,2523.0,BADULLA,BRAND NEW,7,,BOLERO CITY PICKUP
SINGLE CAB,MAHINDRA,BOLERO CITY PICKUP,INDIA,DIESEL,2523.0,AMPARA,BRAND NEW,2,,BOLERO CITY PICKUP
SINGLE CAB,MAHINDRA,BOLERO CITY PICKUP,INDIA,DIESEL,2523.0,MONERAGALA,BRAND NEW,7,,BOLERO CITY PICKUP
SINGLE CAB,TATA,ACE HT2,INDIA,DIESEL,702.0,BATTICALOA,BRAND NEW,1,,ACE HT2
SINGLE CAB,TOYOTA,LITEACE,INDONESIA,PETROL,1496.0,KALUTARA,BRAND NEW,1,,LITEACE
SINGLE CAB,LANKA ASHOK LEYLAND,BADA DOST,SRI LANKA,DIESEL,1478.0,MATARA,BRAND NEW-L/ASSEMBLE,1,,BADA DOST
SINGLE CAB,TATA,ACE HT2,SRI LANKA,DIESEL,702.0,HAMBANTOTA,BRAND NEW-L/ASSEMBLE,1,,ACE HT2
SINGLE CAB,TATA,YODA LIGHT TRUCK,SRI LANKA,DIESEL,2956.0,GAMPAHA,BRAND NEW-L/ASSEMBLE,1,,YODA LIGHT TRUCK
SINGLE CAB,SUZUKI,3BD-DA16T   CARRY,JAPAN,PETROL,658.0,PUTTALAM,RECONDITIONED,1,3BD-DA16T,CARRY
SINGLE CAB,MAZDA,DBF-SLP2L BONGO,JAPAN,PETROL,1790.0,PUTTALAM,RECONDITIONED,1,DBF-SLP2L,BONGO
SINGLE CAB,SUZUKI,3BD-DA16T CARRY,JAPAN,PETROL,658.0,KALUTARA,RECONDITIONED,1,3BD-DA16T,CARRY
SINGLE CAB,DAIHATSU,3BD-S510P HIJETTRUCK,JAPAN,PETROL,650.0,GALLE,RECONDITIONED,1,3BD-S510P,HIJETTRUCK
SINGLE CAB,SUZUKI,3BD-DA16T CARRY,JAPAN,PETROL,650.0,COLOMBO,RECONDITIONED,1,3BD-DA16T,CARRY
SINGLE CAB,TOYOTA,GUN126R- HILUX REVO,THAILAND,DIESEL,2755.0,HAMBANTOTA,RECONDITIONED,1,,GUN126R- HILUX REVO
SINGLE CAB,MAHINDRA,BOLERO CITY PICKUP,INDIA,DIESEL,2523.0,MULLATIVU,BRAND NEW,5,,BOLERO CITY PICKUP
SINGLE CAB,MAHINDRA,BOLERO CITY PICKUP,INDIA,DIESEL,2523.0,RATNAPURA,BRAND NEW,7,,BOLERO CITY PICKUP
SINGLE CAB,WULING,G100P-R,CHINA,ELECTRIC,60.0,COLOMBO,BRAND NEW,1,G100P-R,Unknown
SINGLE CAB,TATA,ACE HT2,INDIA,DIESEL,702.0,POLONNARUWA,BRAND NEW,1,,ACE HT2
SINGLE CAB,TATA,ACE HTZ,INDIA,DIESEL,702.0,COLOMBO,BRAND NEW,1,,ACE HTZ
SINGLE CAB,TATA,ACE HT2,INDIA,DIESEL,702.0,KALUTARA,BRAND NEW,2,,ACE HT2
SINGLE CAB,TOYOTA,LITE ACE,INDONESIA,PETROL,1496.0,GAMPAHA,BRAND NEW,1,,LITE ACE
SINGLE CAB,TOYOTA,LITE ACE,INDONESIA,PETROL,1496.0,KALUTARA,BRAND NEW,1,,LITE ACE
SINGLE CAB,LANKA ASHOK LEYLAND,BADA DOST,SRI LANKA,DIESEL,1478.0,GAMPAHA,BRAND NEW-L/ASSEMBLE,1,,BADA DOST
SINGLE CAB,LANKA ASHOK LEYLAND,DOST,SRI LANKA,DIESEL,1478.0,GAMPAHA,BRAND NEW-L/ASSEMBLE,3,,DOST
SINGLE CAB,TATA,YODHA LIGHT TRUCK,SRI LANKA,DIESEL,2956.0,ANURADHAPURA,BRAND NEW-L/ASSEMBLE,2,,YODHA LIGHT TRUCK
SINGLE CAB,TATA,ACE HT 2,SRI LANKA,DIESEL,702.0,COLOMBO,BRAND NEW-L/ASSEMBLE,1,,ACE HT 2
SINGLE CAB,LANKA ASHOK LEYLAND,DOST,SRI LANKA,DIESEL,1478.0,BADULLA,BRAND NEW-L/ASSEMBLE,1,,DOST
SPECIAL PURPOSE VEHICLE,HITACHI,LX30 WHEEL LOADER,JAPAN,DIESEL,1499.0,AMPARA,RECONDITIONED,1,,LX30 WHEEL LOADER
SPECIAL PURPOSE VEHICLE,KOMATSU,WA150-1 WHEEL LOADER,JAPAN,DIESEL,3660.0,AMPARA,RECONDITIONED,1,WA150-1,WHEEL LOADER
SPECIAL PURPOSE VEHICLE,T.C.M,L13-3 WHEEL LOADER,JAPAN,DIESEL,5200.0,BATTICALOA,RECONDITIONED,1,L13-3,WHEEL LOADER
SPECIAL PURPOSE VEHICLE,KOBELCO,LK500A WHEEL LOADER,JAPAN,DIESEL,5990.0,KALUTARA,RECONDITIONED,1,,LK500A WHEEL LOADER
SPECIAL PURPOSE VEHICLE,MITSUBISHI,WS200  WHEEL LOADER,JAPAN,DIESEL,2660.0,PUTTALAM,RECONDITIONED,1,,WS200  WHEEL LOADER
SPECIAL PURPOSE VEHICLE,MITSUBISHI,FD15,JAPAN,DIESEL,1800.0,COLOMBO,RECONDITIONED,1,,FD15
SPECIAL PURPOSE VEHICLE,MITSUBISHI,FD20,JAPAN,DIESEL,1500.0,VAVUNIYA,RECONDITIONED,1,,FD20
SPECIAL PURPOSE VEHICLE,SHANTUI,SL50WN-WHEEL LOADER,CHINA,DIESEL,1000.0,COLOMBO,BRAND NEW,1,,SL50WN-WHEEL LOADER
SPECIAL PURPOSE VEHICLE,J.C.B,3CX,UNITED KINGDOM,DIESEL,3990.0,GAMPAHA,RECONDITIONED,1,,3CX
SPECIAL PURPOSE VEHICLE,J.C.B,3DX,INDIA,DIESEL,4400.0,MATALE,BRAND NEW,1,,3DX
SPECIAL PURPOSE VEHICLE,TOYOTA,FDZN30,CHINA,DIESEL,2486.0,GAMPAHA,BRAND NEW,1,,FDZN30
SPECIAL PURPOSE VEHICLE,BAOLI,KBD25-H 2.5T,CHINA,DIESEL,2369.0,COLOMBO,BRAND NEW,1,KBD25-H,2.5T
SPECIAL PURPOSE VEHICLE,GIVEN,CPCD50T8-X,CHINA,DIESEL,2980.0,COLOMBO,BRAND NEW,1,,CPCD50T8-X
SPECIAL PURPOSE VEHICLE,JIELI,ZL 15 WHEEL LOADER,CHINA,DIESEL,2540.0,JAFFNA,BRAND NEW,1,,ZL 15 WHEEL LOADER
SPECIAL PURPOSE VEHICLE,GIVEN,CPC30T3,CHINA,DIESEL,2980.0,COLOMBO,BRAND NEW,2,,CPC30T3
SPECIAL PURPOSE VEHICLE,KOMATSU,FG25L,JAPAN,PETROL,1483.0,COLOMBO,RECONDITIONED,1,,FG25L
SPECIAL PURPOSE VEHICLE,CATERPILLAR,426,INDIA,DIESEL,4400.0,GAMPAHA,BRAND NEW,2,,426
SPECIAL PURPOSE VEHICLE,TEU,FD25T,CHINA,DIESEL,2700.0,COLOMBO,BRAND NEW,1,,FD25T
SPECIAL PURPOSE VEHICLE,JIELI,ZL 08 WHEEL LOADER,CHINA,DIESEL,2540.0,JAFFNA,BRAND NEW,1,,ZL 08 WHEEL LOADER
SPECIAL PURPOSE VEHICLE,J.C.B,3CX BACKHOE  LOADER,INDIA,DIESEL,4400.0,COLOMBO,BRAND NEW,1,,3CX BACKHOE  LOADER
SPECIAL PURPOSE VEHICLE,XCMG,ZL50GN WHEEL LOADER,CHINA,DIESEL,9726.0,COLOMBO,BRAND NEW,1,,ZL50GN WHEEL LOADER
SPECIAL PURPOSE VEHICLE,CAT,DP25PT,CHINA,DIESEL,3331.0,POLONNARUWA,BRAND NEW,1,,DP25PT
SPECIAL PURPOSE VEHICLE,MITSUBISHI,FD35BAT,JAPAN,DIESEL,2600.0,COLOMBO,RECONDITIONED,1,,FD35BAT
SPECIAL PURPOSE VEHICLE,KOMATSU,WA300-1 WHEEL LOADER,JAPAN,DIESEL,300.0,COLOMBO,RECONDITIONED,1,WA300-1,WHEEL LOADER
SPECIAL PURPOSE VEHICLE,KOBELCO,RK100 CRANE,JAPAN,DIESEL,3900.0,GAMPAHA,RECONDITIONED,1,,RK100 CRANE
SPECIAL PURPOSE VEHICLE,J.C.B,3CX  BACKHOE LOADER,UNITED KINGDOM,DIESEL,3900.0,MATALE,RECONDITIONED,1,,3CX  BACKHOE LOADER
SPECIAL PURPOSE VEHICLE,TOYOTA,FDZN25,CHINA,DIESEL,2486.0,COLOMBO,BRAND NEW,1,,FDZN25
SPECIAL PURPOSE VEHICLE,J.C.B,3CX BACKHOE LOADER,UNITED KINGDOM,DIESEL,3200.0,MONERAGALA,RECONDITIONED,1,,3CX BACKHOE LOADER
SPECIAL PURPOSE VEHICLE,MITSUBISHI,W200A  WHEEL LOADER,JAPAN,DIESEL,1400.0,MATARA,RECONDITIONED,1,,W200A  WHEEL LOADER
SPECIAL PURPOSE VEHICLE,KOBELCO,R120,JAPAN,DIESEL,4800.0,COLOMBO,RECONDITIONED,1,,R120
THREE WHEELER,BAJAJ,RE 4S AUTORICKSHAW,INDIA,PETROL,237.0,COLOMBO,BRAND NEW,39,,RE 4S AUTORICKSHAW
THREE WHEELER,BAJAJ,RE 4S AUTORICKSHAW,INDIA,PETROL,237.0,HAMBANTOTA,BRAND NEW,13,,RE 4S AUTORICKSHAW
THREE WHEELER,MAHINDRA,TREO,INDIA,ELECTRIC,3.5,COLOMBO,BRAND NEW,9,,TREO
THREE WHEELER,PIAGGIO,APE AUTO DX,INDIA,DIESEL,435.0,KALUTARA,BRAND NEW,6,,APE AUTO DX
THREE WHEELER,NWOW,ERVS4 PLUS,CHINA,ELECTRIC,0.8,COLOMBO,BRAND NEW,6,,ERVS4 PLUS
THREE WHEELER,MAHINDRA,TREO,INDIA,ELECTRIC,3.5,MANNAR,BRAND NEW,1,,TREO
THREE WHEELER,BAJAJ,RE 4S AUTORICKSHAW,INDIA,PETROL,237.0,GAMPAHA,BRAND NEW,49,,RE 4S AUTORICKSHAW
THREE WHEELER,MAHINDRA,TREO,INDIA,ELECTRIC,3.5,GAMPAHA,BRAND NEW,8,,TREO
THREE WHEELER,PIAGGIO,APE AUTO DX,INDIA,DIESEL,435.0,KURUNEGALA,BRAND NEW,3,,APE AUTO DX
THREE WHEELER,BAJAJ,RE 4S AUTORICKSHAW,INDIA,PETROL,237.0,VAVUNIYA,BRAND NEW,4,,RE 4S AUTORICKSHAW
THREE WHEELER,PIAGGIO,APE AUTO DX,INDIA,DIESEL,435.0,BADULLA,BRAND NEW,3,,APE AUTO DX
THREE WHEELER,BAJAJ,RE 4S AUTORICKSHAW,INDIA,PETROL,237.0,KEGALLE,BRAND NEW,8,,RE 4S AUTORICKSHAW
THREE WHEELER,MAHINDRA,TREO,INDIA,ELECTRIC,3.5,KEGALLE,BRAND NEW,1,,TREO
THREE WHEELER,MAHINDRA,TREO,INDIA,ELECTRIC,3.5,GALLE,BRAND NEW,3,,TREO
THREE WHEELER,MAHINDRA,TREO,INDIA,ELECTRIC,3.5,TRINCOMALEE,BRAND NEW,1,,TREO
THREE WHEELER,MAHINDRA,TREO,INDIA,ELECTRIC,3.5,KANDY,BRAND NEW,1,,TREO
THREE WHEELER,NWOW,ERVS4 PLUS,CHINA,ELECTRIC,0.8,KALUTARA,BRAND NEW,1,,ERVS4 PLUS
THREE WHEELER,MAHINDRA,TREO,INDIA,ELECTRIC,3.5,ANURADHAPURA,BRAND NEW,1,,TREO
THREE WHEELER,BAJAJ,RE 4S AUTORICKSHAW,INDIA,PETROL,237.0,MANNAR,BRAND NEW,2,,RE 4S AUTORICKSHAW
THREE WHEELER,BAJAJ,RE 4S AUTORICKSHAW,INDIA,PETROL,237.0,TRINCOMALEE,BRAND NEW,10,,RE 4S AUTORICKSHAW
THREE WHEELER,PIAGGIO,APE AUTO DX,INDIA,DIESEL,435.0,POLONNARUWA,BRAND NEW,1,,APE AUTO DX
THREE WHEELER,PIAGGIO,APE AUTO DX,INDIA,DIESEL,435.0,AMPARA,BRAND NEW,1,,APE AUTO DX
THREE WHEELER,BAJAJ,RE 4S AUTORICKSHAW,INDIA,PETROL,237.0,KURUNEGALA,BRAND NEW,22,,RE 4S AUTORICKSHAW
THREE WHEELER,BAJAJ,RE 4S AUTORICKSHAW,INDIA,PETROL,237.0,BATTICALOA,BRAND NEW,18,,RE 4S AUTORICKSHAW
THREE WHEELER,BAJAJ,RE 4S AUTORICKSHAW,INDIA,PETROL,237.0,MATARA,BRAND NEW,13,,RE 4S AUTORICKSHAW
THREE WHEELER,BAJAJ,RE 4S AUTORICKSHAW,INDIA,PETROL,237.0,JAFFNA,BRAND NEW,30,,RE 4S AUTORICKSHAW
THREE WHEELER,BAJAJ,RE 4S AUTORICKSHAW,INDIA,PETROL,237.0,ANURADHAPURA,BRAND NEW,8,,RE 4S AUTORICKSHAW
THREE WHEELER,PIAGGIO,APE AUTO DX,INDIA,DIESEL,435.0,RATNAPURA,BRAND NEW,6,,APE AUTO DX
THREE WHEELER,BAJAJ,RE 4S AUTORICKSHAW,INDIA,PETROL,237.0,NUWARA-ELIYA,BRAND NEW,9,,RE 4S AUTORICKSHAW
THREE WHEELER,PIAGGIO,APE AUTO DX,INDIA,DIESEL,435.0,GALLE,BRAND NEW,3,,APE AUTO DX
THREE WHEELER,ELEKTRATEQ,ETX,SRI LANKA,ELECTRIC,5.0,GAMPAHA,BRAND NEW-L/MANUFACT,2,,ETX
THREE WHEELER,BAJAJ,RE 4S AUTORICKSHAW,INDIA,PETROL,237.0,KANDY,BRAND NEW,21,,RE 4S AUTORICKSHAW
THREE WHEELER,PIAGGIO,APE AUTO DX,INDIA,DIESEL,435.0,HAMBANTOTA,BRAND NEW,8,,APE AUTO DX
THREE WHEELER,PIAGGIO,APE AUTO DX,INDIA,DIESEL,435.0,KANDY,BRAND NEW,1,,APE AUTO DX
THREE WHEELER,BAJAJ,RE 4S AUTORICKSHAW,INDIA,PETROL,237.0,MATALE,BRAND NEW,27,,RE 4S AUTORICKSHAW
THREE WHEELER,BAJAJ,RE 4S AUTORICKSHAW,INDIA,PETROL,237.0,RATNAPURA,BRAND NEW,14,,RE 4S AUTORICKSHAW
THREE WHEELER,PIAGGIO,APE AUTO DX,INDIA,DIESEL,435.0,PUTTALAM,BRAND NEW,1,,APE AUTO DX
THREE WHEELER,NWOW,ERVS4 PLUS,CHINA,ELECTRIC,0.8,GAMPAHA,BRAND NEW,1,,ERVS4 PLUS
THREE WHEELER,BAJAJ,RE 4S AUTORICKSHAW,INDIA,PETROL,237.0,MONERAGALA,BRAND NEW,2,,RE 4S AUTORICKSHAW
THREE WHEELER,MAHINDRA,TREO,INDIA,ELECTRIC,3.5,KALUTARA,BRAND NEW,4,,TREO
THREE WHEELER,BAJAJ,RE 4S AUTORICKSHAW,INDIA,PETROL,237.0,GALLE,BRAND NEW,15,,RE 4S AUTORICKSHAW
THREE WHEELER,BAJAJ,RE 4S AUTORICKSHAW,INDIA,PETROL,237.0,MULLATIVU,BRAND NEW,1,,RE 4S AUTORICKSHAW
THREE WHEELER,PIAGGIO,APE-XTRA-DX,INDIA,DIESEL,435.0,KURUNEGALA,BRAND NEW,1,APE-XTRA-DX,Unknown
THREE WHEELER,BAJAJ,RE 4S AUTORICKSHAW,INDIA,PETROL,237.0,BADULLA,BRAND NEW,9,,RE 4S AUTORICKSHAW
THREE WHEELER,PIAGGIO,APE AUTO DX,INDIA,DIESEL,435.0,KEGALLE,BRAND NEW,4,,APE AUTO DX
THREE WHEELER,PIAGGIO,APE AUTO DX,INDIA,DIESEL,435.0,ANURADHAPURA,BRAND NEW,2,,APE AUTO DX
THREE WHEELER,BAJAJ,RE 4S AUTORICKSHAW,INDIA,PETROL,237.0,KILINOCHCHI,BRAND NEW,3,,RE 4S AUTORICKSHAW
THREE WHEELER,NWOW,ERVS4 PLUS,CHINA,ELECTRIC,0.8,MATARA,BRAND NEW,1,,ERVS4 PLUS
THREE WHEELER,MAHINDRA,TREO,INDIA,ELECTRIC,3.5,KURUNEGALA,BRAND NEW,1,,TREO
THREE WHEELER,BAJAJ,RE 4S AUTORICKSHAW,INDIA,PETROL,237.0,POLONNARUWA,BRAND NEW,2,,RE 4S AUTORICKSHAW
THREE WHEELER,BAJAJ,RE 4S AUTORICKSHAW,INDIA,PETROL,237.0,KALUTARA,BRAND NEW,20,,RE 4S AUTORICKSHAW
THREE WHEELER,BAJAJ,RE 4S AUTORICKSHAW,INDIA,PETROL,237.0,PUTTALAM,BRAND NEW,9,,RE 4S AUTORICKSHAW
THREE WHEELER,BAJAJ,RE 4S AUTORICKSHAW,INDIA,PETROL,237.0,AMPARA,BRAND NEW,11,,RE 4S AUTORICKSHAW
THREE WHEELER,PIAGGIO,APE AUTO DX,INDIA,DIESEL,435.0,MATARA,BRAND NEW,5,,APE AUTO DX
THREE WHEELER,PIAGGIO,APE AUTO DX,INDIA,DIESEL,435.0,COLOMBO,BRAND NEW,12,,APE AUTO DX
THREE WHEELER,PIAGGIO,APE AUTO DX,INDIA,DIESEL,435.0,GAMPAHA,BRAND NEW,10,,APE AUTO DX
THREE WHEELER,MAHINDRA,TREO,INDIA,ELECTRIC,3.5,JAFFNA,BRAND NEW,1,,TREO
TRACTOR TRAILER/BOWSER,LOCALLY BUILT,TRACTOR TRAILER,SRI LANKA,NOT STATED,0.0,MATARA,LOCALLY BUILT,2,,TRACTOR TRAILER
TRACTOR TRAILER/BOWSER,LOCALLY BUILT,TRACTOR  TRAILER,SRI LANKA,NOT STATED,0.0,BADULLA,LOCALLY BUILT,2,,TRACTOR  TRAILER
TRACTOR TRAILER/BOWSER,LOCALLY BUILT,LOW BED TRAILER,SRI LANKA,NOT STATED,0.0,TRINCOMALEE,LOCALLY BUILT,7,,LOW BED TRAILER
TRACTOR TRAILER/BOWSER,LOCALLY BUILT,LOW BED TRAILER,SRI LANKA,NOT STATED,0.0,VAVUNIYA,LOCALLY BUILT,1,,LOW BED TRAILER
TRACTOR TRAILER/BOWSER,WIMAL AGRO,TRACTOR TRAILER,SRI LANKA,NOT STATED,0.0,KURUNEGALA,LOCALLY BUILT,2,,TRACTOR TRAILER
TRACTOR TRAILER/BOWSER,WIMAL AGRO,TRACTOR TRAILER,SRI LANKA,NOT STATED,0.0,KANDY,LOCALLY BUILT,1,,TRACTOR TRAILER
TRACTOR TRAILER/BOWSER,LOCALLY BUILT,TRACTOR  TRAILER,SRI LANKA,NOT STATED,0.0,KURUNEGALA,LOCALLY BUILT,1,,TRACTOR  TRAILER
TRACTOR TRAILER/BOWSER,LOCALLY BUILT,LOW BED TRAILER,SRI LANKA,NOT STATED,0.0,MULLATIVU,LOCALLY BUILT,1,,LOW BED TRAILER
TRACTOR TRAILER/BOWSER,LOCALLY BUILT,TRACTOR TRAILER,SRI LANKA,NOT STATED,0.0,PUTTALAM,RECONDITIONED,1,,TRACTOR TRAILER
TRACTOR TRAILER/BOWSER,LOCALLY BUILT,TRACTOR TRAILER,SRI LANKA,NOT STATED,0.0,PUTTALAM,LOCALLY BUILT,3,,TRACTOR TRAILER
TRACTOR TRAILER/BOWSER,LOCALLY BUILT,LOW BED TRAILER,SRI LANKA,NOT STATED,0.0,ANURADHAPURA,LOCALLY BUILT,28,,LOW BED TRAILER
TRACTOR TRAILER/BOWSER,LOCALLY BUILT,TRACTOR  TRAILER,SRI LANKA,NOT STATED,0.0,POLONNARUWA,LOCALLY BUILT,15,,TRACTOR  TRAILER
TRACTOR TRAILER/BOWSER,SOLEX,BOWSER TRAILER,SRI LANKA,NOT STATED,0.0,MONERAGALA,LOCALLY BUILT,1,,BOWSER TRAILER
TRACTOR TRAILER/BOWSER,LOCALLY BUILT,TRACTOR  TRAILER,SRI LANKA,NOT STATED,0.0,MANNAR,LOCALLY BUILT,3,,TRACTOR  TRAILER
TRACTOR TRAILER/BOWSER,LOCALLY BUILT,TRACTOR TRAILER,SRI LANKA,NOT STATED,0.0,COLOMBO,LOCALLY BUILT,1,,TRACTOR TRAILER
TRACTOR TRAILER/BOWSER,LOCALLY BUILT,LOW BED TRAILER,SRI LANKA,NOT STATED,0.0,GAMPAHA,LOCALLY BUILT,3,,LOW BED TRAILER
TRACTOR TRAILER/BOWSER,LOCALLY BUILT,TRACTOR TRAILER,SRI LANKA,NOT STATED,0.0,MANNAR,LOCALLY BUILT,7,,TRACTOR TRAILER
TRACTOR TRAILER/BOWSER,LOCALLY BUILT,TRACTOR TRAILER,SRI LANKA,NOT STATED,0.0,JAFFNA,LOCALLY BUILT,2,,TRACTOR TRAILER
TRACTOR TRAILER/BOWSER,LOCALLY BUILT,TRACTOR TRAILER,SRI LANKA,NOT STATED,0.0,MULLATIVU,LOCALLY BUILT,2,,TRACTOR TRAILER
TRACTOR TRAILER/BOWSER,LOCALLY BUILT,TRACTOR TRAILER,SRI LANKA,NOT STATED,0.0,KILINOCHCHI,LOCALLY BUILT,1,,TRACTOR TRAILER
TRACTOR TRAILER/BOWSER,LOCALLY BUILT,TRACTOR  TRAILER,SRI LANKA,NOT STATED,0.0,KILINOCHCHI,LOCALLY BUILT,13,,TRACTOR  TRAILER
TRACTOR TRAILER/BOWSER,LOCALLY BUILT,TRACTOR TRAILER,SRI LANKA,NOT STATED,0.0,MONERAGALA,LOCALLY BUILT,5,,TRACTOR TRAILER
TRACTOR TRAILER/BOWSER,LOCALLY BUILT,TRACTOR  TRAILER,SRI LANKA,NOT STATED,0.0,ANURADHAPURA,LOCALLY BUILT,3,,TRACTOR  TRAILER
TRACTOR TRAILER/BOWSER,LOCALLY BUILT,TRACTOR  TRAILER,SRI LANKA,NOT STATED,0.0,MULLATIVU,LOCALLY BUILT,8,,TRACTOR  TRAILER
TRACTOR TRAILER/BOWSER,LOCALLY BUILT,LOW BED TRAILER,SRI LANKA,NOT STATED,0.0,RATNAPURA,LOCALLY BUILT,2,,LOW BED TRAILER
TRACTOR TRAILER/BOWSER,LOCALLY BUILT,LOW BED TRAILER,SRI LANKA,NOT STATED,0.0,AMPARA,LOCALLY BUILT,8,,LOW BED TRAILER
TRACTOR TRAILER/BOWSER,LOCALLY BUILT,TRACTOR  TRAILER,SRI LANKA,NOT STATED,0.0,VAVUNIYA,LOCALLY BUILT,12,,TRACTOR  TRAILER
TRACTOR TRAILER/BOWSER,LOCALLY BUILT,TRACTOR  TRAILER,SRI LANKA,NOT STATED,0.0,BATTICALOA,LOCALLY BUILT,29,,TRACTOR  TRAILER
TRACTOR TRAILER/BOWSER,LOCALLY BUILT,TRACTOR  TRAILER,SRI LANKA,NOT STATED,0.0,GAMPAHA,LOCALLY BUILT,3,,TRACTOR  TRAILER
TRACTOR TRAILER/BOWSER,LOCALLY BUILT,LOW BED TRAILER,SRI LANKA,NOT STATED,0.0,HAMBANTOTA,LOCALLY BUILT,1,,LOW BED TRAILER
TRACTOR TRAILER/BOWSER,LOCALLY BUILT,TRACTOR TRAILER,SRI LANKA,NOT STATED,0.0,MATALE,LOCALLY BUILT,1,,TRACTOR TRAILER
TRACTOR TRAILER/BOWSER,LOCALLY BUILT,TRACTOR TRAILER,SRI LANKA,NOT STATED,0.0,KURUNEGALA,LOCALLY BUILT,14,,TRACTOR TRAILER
TRACTOR TRAILER/BOWSER,LOCALLY BUILT,TRACTOR TRAILER,SRI LANKA,NOT STATED,0.0,HAMBANTOTA,LOCALLY BUILT,16,,TRACTOR TRAILER
TRACTOR TRAILER/BOWSER,LOCALLY BUILT,TRACTOR TRAILER,SRI LANKA,NOT STATED,0.0,TRINCOMALEE,LOCALLY BUILT,7,,TRACTOR TRAILER
TRACTOR TRAILER/BOWSER,LOCALLY BUILT,TRACTOR TRAILER,SRI LANKA,NOT STATED,0.0,VAVUNIYA,LOCALLY BUILT,4,,TRACTOR TRAILER
TRACTOR TRAILER/BOWSER,LOCALLY BUILT,TRACTOR TRAILER,SRI LANKA,NOT STATED,0.0,GAMPAHA,LOCALLY BUILT,2,,TRACTOR TRAILER
TRACTOR TRAILER/BOWSER,LOCALLY BUILT,LOW BED TRAILER,SRI LANKA,NOT STATED,0.0,POLONNARUWA,LOCALLY BUILT,20,,LOW BED TRAILER
TRACTOR TRAILER/BOWSER,LOCALLY BUILT,TRACTOR TRAILER,SRI LANKA,NOT STATED,0.0,AMPARA,LOCALLY BUILT,14,,TRACTOR TRAILER
TRACTOR TRAILER/BOWSER,LOCALLY BUILT,TRACTOR TRAILER,SRI LANKA,NOT STATED,0.0,ANURADHAPURA,LOCALLY BUILT,19,,TRACTOR TRAILER
TRACTOR TRAILER/BOWSER,LOCALLY BUILT,TRAILER BOWSER,SRI LANKA,NOT STATED,0.0,AMPARA,LOCALLY BUILT,1,,TRAILER BOWSER
TRACTOR TRAILER/BOWSER,LOCALLY BUILT,TRACTOR  TRAILER,SRI LANKA,NOT STATED,0.0,COLOMBO,LOCALLY BUILT,2,,TRACTOR  TRAILER
TRACTOR TRAILER/BOWSER,LOCALLY BUILT,TRACTOR TRAILER,SRI LANKA,NOT STATED,0.0,RATNAPURA,LOCALLY BUILT,5,,TRACTOR TRAILER
TRACTOR TRAILER/BOWSER,LOCALLY BUILT,LOW BED TRAILER,SRI LANKA,NOT STATED,0.0,MATALE,LOCALLY BUILT,7,,LOW BED TRAILER
TRACTOR TRAILER/BOWSER,LOCALLY BUILT,TRAILER BOWSER,SRI LANKA,NOT STATED,0.0,BATTICALOA,LOCALLY BUILT,1,,TRAILER BOWSER
TRACTOR TRAILER/BOWSER,LOCALLY BUILT,LOW BED TRAILER,SRI LANKA,NOT STATED,0.0,MONERAGALA,LOCALLY BUILT,6,,LOW BED TRAILER
TRACTOR TRAILER/BOWSER,LOCALLY BUILT,LOW BED TRAILER,SRI LANKA,NOT STATED,0.0,KANDY,LOCALLY BUILT,3,,LOW BED TRAILER
TRACTOR TRAILER/BOWSER,LOCALLY BUILT,LOW BED TRAILER,SRI LANKA,NOT STATED,0.0,COLOMBO,LOCALLY BUILT,1,,LOW BED TRAILER
TRACTOR TRAILER/BOWSER,SACHINTHA,TRACTOR TRAILER,SRI LANKA,NOT STATED,0.0,GAMPAHA,LOCALLY BUILT,1,,TRACTOR TRAILER
TRACTOR TRAILER/BOWSER,LOCALLY BUILT,LOW BED TRAILER,SRI LANKA,NOT STATED,0.0,KURUNEGALA,LOCALLY BUILT,13,,LOW BED TRAILER
TRACTOR TRAILER/BOWSER,LOCALLY BUILT,TRACTOR  TRAILER,SRI LANKA,NOT STATED,0.0,TRINCOMALEE,LOCALLY BUILT,8,,TRACTOR  TRAILER
TRACTOR TRAILER/BOWSER,WIMAL AGRO,TRACTOR BOWSER,SRI LANKA,NOT STATED,0.0,KURUNEGALA,LOCALLY BUILT,1,,TRACTOR BOWSER
TRACTOR TRAILER/BOWSER,LOCALLY BUILT,TRACTOR TRAILER,SRI LANKA,NOT STATED,0.0,BADULLA,LOCALLY BUILT,1,,TRACTOR TRAILER
TRACTOR TRAILER/BOWSER,LOCALLY BUILT,LOW BED TRAILER,SRI LANKA,NOT STATED,0.0,PUTTALAM,LOCALLY BUILT,4,,LOW BED TRAILER
TRACTOR TRAILER/BOWSER,LOCALLY BUILT,TRACTOR TRAILER,SRI LANKA,NOT STATED,0.0,BATTICALOA,LOCALLY BUILT,4,,TRACTOR TRAILER
TRACTOR TRAILER/BOWSER,LOCALLY BUILT,LOW BED TRAILER,SRI LANKA,NOT STATED,0.0,KILINOCHCHI,LOCALLY BUILT,3,,LOW BED TRAILER
TRACTOR TRAILER/BOWSER,LOCALLY BUILT,LOW BED TRAILER,SRI LANKA,NOT STATED,0.0,GALLE,LOCALLY BUILT,1,,LOW BED TRAILER
TRACTOR TRAILER/BOWSER,LOCALLY BUILT,LOW BED TRAILER,SRI LANKA,NOT STATED,0.0,JAFFNA,LOCALLY BUILT,1,,LOW BED TRAILER
TRACTOR TRAILER/BOWSER,LOCALLY BUILT,TRAILER BOWSER,SRI LANKA,NOT STATED,0.0,TRINCOMALEE,LOCALLY BUILT,1,,TRAILER BOWSER
TRACTOR TRAILER/BOWSER,LOCALLY BUILT,TRACTOR TRAILER,SRI LANKA,NOT STATED,0.0,POLONNARUWA,LOCALLY BUILT,3,,TRACTOR TRAILER
TRACTOR TRAILER/BOWSER,LOCALLY BUILT,TRACTOR  TRAILER,SRI LANKA,NOT STATED,0.0,AMPARA,LOCALLY BUILT,27,,TRACTOR  TRAILER
TRACTOR TRAILER/BOWSER,LOCALLY BUILT,TRACTOR  TRAILER,SRI LANKA,NOT STATED,0.0,JAFFNA,LOCALLY BUILT,22,,TRACTOR  TRAILER
TRACTOR TRAILER/BOWSER,LOCALLY BUILT,TRACTOR  TRAILER,SRI LANKA,NOT STATED,0.0,MONERAGALA,LOCALLY BUILT,3,,TRACTOR  TRAILER
TRACTOR TRAILER/BOWSER,LOCALLY BUILT,TRAILER BOWSER,SRI LANKA,NOT STATED,0.0,VAVUNIYA,LOCALLY BUILT,1,,TRAILER BOWSER
