Class of Vehicle,Make/Manufa. Name,Model,Country,Fuel Used,Cylinder Capacity,District,Registration Status,No of vehicle,Model_Code,Clean_Name
CAR,DAIHATSU,5BA-LA900S TAFT,JAPAN,PETROL,658.0,GAMPAHA,RECONDITIONED,21,5BA-LA900S,TAFT
CAR,TOYOTA,5BA-KSP210 YARIS,JAPAN,PETROL,996.0,COLOMBO,RECONDITIONED,79,5BA-KSP210,YARIS
SINGLE CAB,TOYOTA,HILUX REVO,THAILAND,DIESEL,2393.0,GAMPAHA,RECONDITIONED,3,,HILUX REVO
CAR,HONDA,6AA-RV5 VEZEL,JAPAN,PETROL/ELE,1496.0,COLOMBO,RECONDITIONED,212,6AA-RV5,VEZEL
CAR,SUZUKI,3BA-HA37S ALTO,JAPAN,PETROL,658.0,COLOMBO,RECONDITIONED,15,3BA-HA37S,ALTO
CAR,SUZUKI,5BD-DA17V EVERY,JAPAN,PETROL,658.0,COLOMBO,RECONDITIONED,38,5BD-DA17V,EVERY
CAR,SUZUKI,5BD-DA17V,JAPAN,PETROL,658.0,GAMPAHA,RECONDITIONED,1,5BD-DA17V,EVERY
CAR,TOYOTA,4BA-M900A ROOMY,JAPAN,PETROL,996.0,KEGALLE,RECONDITIONED,3,4BA-M900A,ROOMY
CAR,TOYOTA,5BA-M700A PASSO,JAPAN,PETROL,996.0,GALLE,RECONDITIONED,3,5BA-M700A,PASSO
DUAL PURPOSE (COMMERCIAL),TOYOTA,3DF-GUN125,THAILAND,DIESEL,2393.0,GAMPAHA,RECONDITIONED,1,3DF-GUN125,HILUX
CAR,TOYOTA,5BA-M910A ROOMY,JAPAN,PETROL,996.0,GAMPAHA,RECONDITIONED,1,5BA-M910A,ROOMY
CAR,TOYOTA,3BA-TRJ150W,JAPAN,PETROL,2693.0,KALUTARA,RECONDITIONED,1,3BA-TRJ150W,Unknown
DUAL PURPOSE (COMMERCIAL),TOYOTA,HILUX REVO,THAILAND,DIESEL,2755.0,MONERAGALA,RECONDITIONED,1,,HILUX REVO
CAR,HONDA,6AA-RV5 VEZEL,JAPAN,PETROL/ELE,1496.0,MONERAGALA,RECONDITIONED,4,6AA-RV5,VEZEL
CAR,TOYOTA,5BA-KSP210 YARIS,JAPAN,PETROL,996.0,KANDY,RECONDITIONED,21,5BA-KSP210,YARIS
CAR,HONDA,6AA--RV5 VEZEL,JAPAN,PETROL/ELE,1496.0,GALLE,RECONDITIONED,1,6AA--RV5,VEZEL
CAR,SUZUKI,5AA-MK94S SPACIA,JAPAN,PETROL,658.0,PUTTALAM,RECONDITIONED,2,5AA-MK94S,SPACIA
CAR,TOYOTA,5BA-KSP210 YARIS,JAPAN,PETROL,996.0,KEGALLE,RECONDITIONED,8,5BA-KSP210,YARIS
CAR,TOYOTA,6AA-NKE165,JAPAN,PETROL/ELE,1496.0,JAFFNA,RECONDITIONED,1,6AA-NKE165,AXIO
CAR,HONDA,6AARV5 VEZEL,JAPAN,PETROL/ELE,1496.0,COLOMBO,RECONDITIONED,1,,6AARV5 VEZEL
CAR,SUZUKI,4AA-MH55S WAGON R,JAPAN,PETROL/ELE,658.0,COLOMBO,RECONDITIONED,2,4AA-MH55S,WAGON R
CAR,HONDA,CRV VTI L7,JAPAN,PETROL,1498.0,MATARA,RECONDITIONED,1,,CRV VTI L7
CAR,TOYOTA,3BA-NGX50 C-HR,JAPAN,PETROL,1196.0,KURUNEGALA,RECONDITIONED,1,3BA-NGX50,C-HR
CAR,TOYOTA,5BA-KSP210 YARIS,JAPAN,PETROL,996.0,ANURADHAPURA,RECONDITIONED,10,5BA-KSP210,YARIS
CAR,HONDA,CRV VTI L7,AUSTRALIA,PETROL,1498.0,COLOMBO,RECONDITIONED,4,,CRV VTI L7
CAR,TOYOTA,5AA-A202A RAIZE,JAPAN,ELECTRIC,78.0,JAFFNA,RECONDITIONED,1,5AA-A202A,RAIZE
CAR,TOYOTA,5AA-A202A RAIZE,JAPAN,PETROL/ELE,1196.0,KANDY,RECONDITIONED,1,5AA-A202A,RAIZE
LAND VEHICLE (SMALL),KUBOTA,K700,JAPAN,DIESEL,508.0,GAMPAHA,RECONDITIONED,2,,K700
CAR,ALFA ROMEO,3AA-AV115 TONALE,ITALY,PETROL,1468.0,COLOMBO,RECONDITIONED,1,3AA-AV115,TONALE
CAR,DAIHATSU,5BA-LA350S MIRA ES,JAPAN,PETROL,658.0,MATALE,RECONDITIONED,1,5BA-LA350S,MIRA ES
CAR,TOYOTA,3BA-TRJ250W,JAPAN,PETROL,2693.0,VAVUNIYA,RECONDITIONED,1,3BA-TRJ250W,PRADO250
CAR,NISSAN,5BD-DR17V CLIPPER,JAPAN,PETROL,658.0,GAMPAHA,RECONDITIONED,10,5BD-DR17V,CLIPPER
CAR,SUZUKI,5AA-MH95S WAGON R,JAPAN,PETROL/ELE,657.0,ANURADHAPURA,RECONDITIONED,1,5AA-MH95S,WAGON R
CAR,TOYOTA,RAIZE 5AA-A202A,JAPAN,PETROL/ELE,78.0,COLOMBO,RECONDITIONED,1,,RAIZE 5AA-A202A
LAND VEHICLE (SMALL),KUBOTA,K75,JAPAN,DIESEL,507.0,HAMBANTOTA,RECONDITIONED,1,,K75
CAR,PROTON,SAGA,MALAYSIA,PETROL,1332.0,COLOMBO,RECONDITIONED,1,,SAGA
CAR,TOYOTA,LAND CRUISER 300,JAPAN,PETROL,3444.0,COLOMBO,RECONDITIONED,1,,LAND CRUISER 300
CAR,SUZUKI,4AA-MH55S WAGON R,JAPAN,PETROL,658.0,MATARA,RECONDITIONED,1,4AA-MH55S,WAGON R
CAR,TOYOTA,5BA-M900A ROOMY,JAPAN,PETROL,996.0,AMPARA,RECONDITIONED,3,5BA-M900A,ROOMY
CAR,LAND ROVER,RANGE ROVER EVOQUE,UNITED KINGDOM,PETROL/ELE,1498.0,GAMPAHA,RECONDITIONED,1,,RANGE ROVER EVOQUE
CAR,SUZUKI,5AA-MH95S WAGON R,JAPAN,PETROL,658.0,HAMBANTOTA,RECONDITIONED,5,5AA-MH95S,WAGON R
CAR,SUZUKI,5AA-HA97S ALTO,JAPAN,PETROL,658.0,KALUTARA,RECONDITIONED,2,5AA-HA97S,ALTO
CAR,DAIHATSU,5BA-LA350S MIRA,JAPAN,PETROL,658.0,KURUNEGALA,RECONDITIONED,8,5BA-LA350S,MIRA
CAR,HONDA,CITY,THAILAND,PETROL,988.0,RATNAPURA,RECONDITIONED,1,,CITY
SPECIAL PURPOSE VEHICLE,J.C.B,3CX BACKHOE LOADER,UNITED KINGDOM,DIESEL,4400.0,COLOMBO,RECONDITIONED,1,,3CX BACKHOE LOADER
SINGLE CAB,TOYOTA,HILUX REVO,THAILAND,DIESEL,2755.0,HAMBANTOTA,RECONDITIONED,4,,HILUX REVO
CAR,SUZUKI,5BA-MH85S WAGON R,JAPAN,PETROL,656.0,MATALE,RECONDITIONED,4,5BA-MH85S,WAGON R
CAR,NISSAN,5AA-B44W DAYZ,JAPAN,PETROL,658.0,GALLE,RECONDITIONED,1,5AA-B44W,DAYZ
CAR,TOYOTA,6AA-ZWR90W VOXY,JAPAN,PETROL/ELE,1797.0,COLOMBO,RECONDITIONED,8,6AA-ZWR90W,VOXY
CAR,DAIHATSU,5BA-LA350S MIRA,JAPAN,PETROL,658.0,KANDY,RECONDITIONED,3,5BA-LA350S,MIRA
CAR,SUZUKI,5AA-MK94S SPACIA,JAPAN,PETROL,658.0,MATARA,RECONDITIONED,3,5AA-MK94S,SPACIA
CAR,SUZUKI,5AA-MH95S WAGON R,JAPAN,PETROL,658.0,KEGALLE,RECONDITIONED,2,5AA-MH95S,WAGON R
CAR,SUZUKI,5AA-MH95S WAGON R,JAPAN,PETROL,658.0,POLONNARUWA,RECONDITIONED,2,5AA-MH95S,WAGON R
DUAL PURPOSE (COMMERCIAL),TOYOTA,3DF-GUN125 GR SPORT,JAPAN,DIESEL,2393.0,COLOMBO,RECONDITIONED,1,3DF-GUN125,GR SPORT
DUAL PURPOSE (COMMERCIAL),TOYOTA,3DF-GUN125 HILUX,THAILAND,DIESEL,2393.0,COLOMBO,RECONDITIONED,2,3DF-GUN125,HILUX
CAR,SUZUKI,5AA-ZCEDS SWIFT,JAPAN,PETROL,1197.0,COLOMBO,RECONDITIONED,2,5AA-ZCEDS,SWIFT
CAR,TOYOTA,5BA-KSP210 YARIS X,JAPAN,PETROL,996.0,COLOMBO,RECONDITIONED,2,5BA-KSP210,YARIS X
CAR,NISSAN,ALMERA VL,THAILAND,PETROL,999.0,KEGALLE,RECONDITIONED,1,,ALMERA VL
CAR,SUZUKI,5BA-MH85S WAGON R,JAPAN,PETROL,658.0,GALLE,RECONDITIONED,7,5BA-MH85S,WAGON R
CAR,HONDA,6AA-RV5 VEZEL,JAPAN,PETROL/ELE,1496.0,ANURADHAPURA,RECONDITIONED,10,6AA-RV5,VEZEL
CAR,HONDA,6AA-RV 5VEZEL,JAPAN,PETROL/ELE,1496.0,GAMPAHA,RECONDITIONED,1,6AA-RV,5VEZEL
CAR,HONDA,6AA-RV6 VEZEL,JAPAN,PETROL/ELE,1496.0,COLOMBO,RECONDITIONED,3,6AA-RV6,VEZEL
CAR,NISSAN,ALMERA SEDAN,THAILAND,PETROL,999.0,KALUTARA,RECONDITIONED,1,,ALMERA SEDAN
CAR,HONDA,CITY RS,THAILAND,PETROL,988.0,COLOMBO,RECONDITIONED,8,,CITY RS
CAR,TOYOTA,5AA-A202A RAIZE,JAPAN,PETROL/ELE,1196.0,BATTICALOA,RECONDITIONED,1,5AA-A202A,RAIZE
CAR,TOYOTA,3BA-NGX10 C-HR,JAPAN,PETROL,1196.0,TRINCOMALEE,RECONDITIONED,1,3BA-NGX10,C-HR
LAND VEHICLE (SMALL),KUBOTA,K600A,JAPAN,DIESEL,422.0,POLONNARUWA,RECONDITIONED,1,,K600A
CAR,TOYOTA,3DA-GDJ250W PRADO,JAPAN,DIESEL,2754.0,GAMPAHA,RECONDITIONED,1,3DA-GDJ250W,PRADO
CAR,TOYOTA,5BA-M900A ROOMY,JAPAN,PETROL,996.0,KURUNEGALA,RECONDITIONED,9,5BA-M900A,ROOMY
CAR,SUZUKI,5AA-MH95S WAGON R,JAPAN,PETROL/ELE,657.0,AMPARA,RECONDITIONED,2,5AA-MH95S,WAGON R
CAR,TOYOTA,3BA-A210A  RAIZE,JAPAN,PETROL,996.0,KANDY,RECONDITIONED,1,3BA-A210A,RAIZE
MOTOR CYCLE,HONDA,PCX160,JAPAN,PETROL,157.0,GAMPAHA,RECONDITIONED,1,,PCX160
CAR,HONDA,CR-V VTI L7,AUSTRALIA,PETROL,1498.0,GALLE,RECONDITIONED,1,CR-V,VTI L7
CAR,TOYOTA,5BA-A201A RAIZE,JAPAN,PETROL,1196.0,AMPARA,RECONDITIONED,3,5BA-A201A,RAIZE
SINGLE CAB,SUZUKI,3BD-DA16T CARRY,JAPAN,PETROL,658.0,MATALE,RECONDITIONED,1,3BD-DA16T,CARRY
SINGLE CAB,MITSUBISHI,3BD-DS16T MINICAB,JAPAN,PETROL,658.0,GALLE,RECONDITIONED,1,3BD-DS16T,MINICAB
CAR,TOYOTA,6AA-ZVG13 COROLLA,JAPAN,PETROL/ELE,1797.0,GAMPAHA,RECONDITIONED,3,6AA-ZVG13,COROLLA
MOTOR CYCLE,HONDA,ADV160,JAPAN,PETROL,157.0,COLOMBO,RECONDITIONED,7,,ADV160
CAR,SUZUKI,5AA-MH95S,JAPAN,PETROL,658.0,GALLE,RECONDITIONED,3,5AA-MH95S,WAGNON R
CAR,SUZUKI,3BA-DA17W EVERY,JAPAN,PETROL,658.0,KANDY,RECONDITIONED,8,3BA-DA17W,EVERY
SINGLE CAB,DAIHATSU,3BD-S500P HIJET,JAPAN,PETROL,658.0,KURUNEGALA,RECONDITIONED,1,3BD-S500P,HIJET
CAR,TOYOTA,5BA-KSP210 YARIS,JAPAN,PETROL,996.0,MATARA,RECONDITIONED,18,5BA-KSP210,YARIS
CAR,TOYOTA,5BA-A201A RAIZE,JAPAN,PETROL,1196.0,KANDY,RECONDITIONED,10,5BA-A201A,RAIZE
CAR,TOYOTA,3BA-TRJ150W,JAPAN,PETROL,2693.0,KURUNEGALA,RECONDITIONED,1,3BA-TRJ150W,Unknown
CAR,SUZUKI,5AA-MH95S,JAPAN,PETROL,658.0,COLOMBO,RECONDITIONED,2,5AA-MH95S,WAGNON R
CAR,TOYOTA,LAND CRUISER,JAPAN,PETROL,2693.0,COLOMBO,RECONDITIONED,1,,LAND CRUISER
CAR,DAIHATSU,5BA-LA900S TAFT,JAPAN,PETROL,658.0,KALUTARA,RECONDITIONED,8,5BA-LA900S,TAFT
CAR,TOYOTA,5BA-KSP210 YARIS,JAPAN,PETROL,996.0,VAVUNIYA,RECONDITIONED,5,5BA-KSP210,YARIS
CAR,SUZUKI,WAGON R 4AA-MH55S,JAPAN,PETROL/ELE,658.0,GALLE,RECONDITIONED,1,,WAGON R 4AA-MH55S
CAR,TOYOTA,6AA-MXPJ10 YARIS,JAPAN,PETROL,1496.0,GAMPAHA,RECONDITIONED,1,6AA-MXPJ10,YARIS
CAR,SUZUKI,5AA-MH95S WAGON R,JAPAN,PETROL/ELE,658.0,KANDY,RECONDITIONED,3,5AA-MH95S,WAGON R
CAR,SUZUKI,4AA-MH55S WAGON R,JAPAN,PETROL,658.0,KANDY,RECONDITIONED,2,4AA-MH55S,WAGON R
DUAL PURPOSE (COMMERCIAL),FORD,RANGER RAPTOR,THAILAND,DIESEL,1996.0,ANURADHAPURA,RECONDITIONED,1,,RANGER RAPTOR
DUAL PURPOSE (COMMERCIAL),TOYOTA,HILUX REVO ROCCO,THAILAND,DIESEL,2755.0,HAMBANTOTA,RECONDITIONED,1,,HILUX REVO ROCCO
LAND VEHICLE (SMALL),KUBOTA,K600,JAPAN,DIESEL,422.0,KURUNEGALA,RECONDITIONED,1,,K600
CAR,TOYOTA,5AA-A202A RAIZE,JAPAN,PETROL/ELE,78.0,KEGALLE,RECONDITIONED,2,5AA-A202A,RAIZE
CAR,TOYOTA,5AA-A202A  RAIZE,JAPAN,PETROL/ELE,1197.0,GAMPAHA,RECONDITIONED,1,5AA-A202A,RAIZE
CAR,SUZUKI,5BA-MH85S WAGON R,JAPAN,PETROL,656.0,KURUNEGALA,RECONDITIONED,7,5BA-MH85S,WAGON R
CAR,AUDI,3AA-GYDLA A3,GERMANY,PETROL,999.0,COLOMBO,RECONDITIONED,1,3AA-GYDLA,A3
CAR,TOYOTA,TAISOR V,INDIA,PETROL,998.0,COLOMBO,RECONDITIONED,1,,TAISOR V
CAR,TOYOTA,5AA-A202A RAIZE,JAPAN,PETROL/ELE,1196.0,PUTTALAM,RECONDITIONED,1,5AA-A202A,RAIZE
CAR,TOYOTA,6AA-ZWR90W VOXY,JAPAN,PETROL/ELE,1797.0,POLONNARUWA,RECONDITIONED,1,6AA-ZWR90W,VOXY
CAR,TOYOTA,3BA-A210A RAIZE,JAPAN,PETROL,996.0,KURUNEGALA,RECONDITIONED,11,3BA-A210A,RAIZE
CAR,TOYOTA,6AA-MXPJ10,JAPAN,PETROL/ELE,1496.0,COLOMBO,RECONDITIONED,3,6AA-MXPJ10,YARISS
CAR,SUZUKI,5AA-HA97S ALTO,JAPAN,PETROL,658.0,GAMPAHA,RECONDITIONED,6,5AA-HA97S,ALTO
CAR,TOYOTA,5BA-M700A PASSO,JAPAN,PETROL,996.0,COLOMBO,RECONDITIONED,6,5BA-M700A,PASSO
CAR,SUZUKI,5BA-MH85S WAGON R,JAPAN,PETROL,658.0,RATNAPURA,RECONDITIONED,2,5BA-MH85S,WAGON R
CAR,SUZUKI,5BA-MH85S WAGON R,JAPAN,PETROL,658.0,MATARA,RECONDITIONED,3,5BA-MH85S,WAGON R
CAR,SUZUKI,4AA-MH55S WAGON R,JAPAN,PETROL,658.0,RATNAPURA,RECONDITIONED,3,4AA-MH55S,WAGON R
CAR,SUZUKI,5AA-MH95S WAGON R,JAPAN,PETROL,658.0,KURUNEGALA,RECONDITIONED,9,5AA-MH95S,WAGON R
CAR,TOYOTA,3BA-TRJ250W,JAPAN,PETROL,2690.0,PUTTALAM,RECONDITIONED,1,3BA-TRJ250W,PRADO250
CAR,SUZUKI,4AA-MK53S SPACIA,JAPAN,PETROL/ELE,658.0,KANDY,RECONDITIONED,2,4AA-MK53S,SPACIA
CAR,MG4,MG4 X ELECTRIC,THAILAND,ELECTRIC,125.0,COLOMBO,RECONDITIONED,1,,MG4 X ELECTRIC
CAR,TOYOTA,3BA-TRJ150W PRADO,JAPAN,PETROL,2690.0,GAMPAHA,RECONDITIONED,1,3BA-TRJ150W,PRADO
CAR,SUZUKI,EVERY JOIN 660 AUTO,JAPAN,PETROL,658.0,GAMPAHA,RECONDITIONED,1,,EVERY JOIN 660 AUTO
CAR,TOYOTA,5BA-M900A ROOMY,JAPAN,PETROL,996.0,KALUTARA,RECONDITIONED,10,5BA-M900A,ROOMY
COMMERCIAL,TOYOTA,3DF-GDH223B HIACE,JAPAN,DIESEL,2754.0,KURUNEGALA,RECONDITIONED,3,3DF-GDH223B,HIACE
CAR,SUZUKI,5AA-MH95S WAGON R,JAPAN,PETROL,658.0,GAMPAHA,RECONDITIONED,21,5AA-MH95S,WAGON R
CAR,TOYOTA,4BA-M800A ROOMY,JAPAN,PETROL,996.0,KANDY,RECONDITIONED,1,4BA-M800A,ROOMY
DUAL PURPOSE (COMMERCIAL),TOYOTA,HILUX REVO GR SPORT,THAILAND,DIESEL,2755.0,PUTTALAM,RECONDITIONED,4,,HILUX REVO GR SPORT
CAR,SUZUKI,4AA-MH55S,JAPAN,PETROL/ELE,657.0,RATNAPURA,RECONDITIONED,1,4AA-MH55S,AGON R
CAR,TOYOTA,3BA-TRJ250W,JAPAN,PETROL,2693.0,TRINCOMALEE,RECONDITIONED,1,3BA-TRJ250W,PRADO250
CAR,HONDA,6AA-RV5 VEZEL,JAPAN,PETROL/ELE,1496.0,AMPARA,RECONDITIONED,10,6AA-RV5,VEZEL
MOTOR CYCLE,HONDA,PCX,JAPAN,PETROL,124.0,KURUNEGALA,RECONDITIONED,1,,PCX
CAR,TOYOTA,4BA-M900A  ROOMY,JAPAN,PETROL,996.0,KURUNEGALA,RECONDITIONED,1,4BA-M900A,ROOMY
CAR,HONDA,CITY RS,THAILAND,PETROL,988.0,KURUNEGALA,RECONDITIONED,2,,CITY RS
CAR,TOYOTA,5BA-M910A ROOMY,JAPAN,PETROL,996.0,BADULLA,RECONDITIONED,1,5BA-M910A,ROOMY
DUAL PURPOSE (COMMERCIAL),TOYOTA,HILUX REVO GR SPORT,THAILAND,DIESEL,2755.0,COLOMBO,RECONDITIONED,12,,HILUX REVO GR SPORT
CAR,SUZUKI,5AA-MK94S  SPACIA,JAPAN,PETROL,658.0,COLOMBO,RECONDITIONED,1,5AA-MK94S,SPACIA
CAR,TOYOTA,5BA-MZEA17 COROLLA,JAPAN,PETROL,1490.0,PUTTALAM,RECONDITIONED,1,5BA-MZEA17,COROLLA
CAR,TOYOTA,6AA-MXPJ10  YARIS,JAPAN,PETROL/ELE,1496.0,COLOMBO,RECONDITIONED,2,6AA-MXPJ10,YARIS
MOTOR CYCLE,WUYANG HONDA,TDR182,CHINA,ELECTRIC,0.35,KALUTARA,RECONDITIONED,1,,TDR182
CAR,SUZUKI,5AA-MH95S WAGON R,JAPAN,PETROL/ELE,658.0,GAMPAHA,RECONDITIONED,10,5AA-MH95S,WAGON R
CAR,HONDA,CR-V VTIL-7,AUSTRALIA,PETROL,1498.0,GAMPAHA,RECONDITIONED,1,CR-V,VTIL-7
CAR,TOYOTA,YARIS-ATIV,THAILAND,PETROL,1197.0,COLOMBO,RECONDITIONED,1,YARIS-ATIV,Unknown
CAR,DAIHATSU,5BA-LA350S MIRA,JAPAN,PETROL,658.0,COLOMBO,RECONDITIONED,12,5BA-LA350S,MIRA
SPECIAL PURPOSE VEHICLE,MITSUBISHI,FD25T,JAPAN,DIESEL,3331.0,COLOMBO,RECONDITIONED,1,,FD25T
CAR,MAZDA,5AA-MJ95S FLAIR,JAPAN,PETROL/ELE,658.0,BADULLA,RECONDITIONED,1,5AA-MJ95S,FLAIR
CAR,SUZUKI,5AA-HA97S ALTO,JAPAN,PETROL,657.0,KALUTARA,RECONDITIONED,2,5AA-HA97S,ALTO
CAR,TOYOTA,3BA-VJA300W,JAPAN,PETROL,3444.0,PUTTALAM,RECONDITIONED,2,3BA-VJA300W,Unknown
CAR,HONDA,6AA-RV5 VEZEL,JAPAN,PETROL/ELE,1496.0,BADULLA,RECONDITIONED,8,6AA-RV5,VEZEL
MOTOR CYCLE,HONDA,PCX125,VIETNAM,PETROL,124.0,PUTTALAM,RECONDITIONED,3,,PCX125
MOTOR CYCLE,HONDA,ADV 160,JAPAN,PETROL,157.0,RATNAPURA,RECONDITIONED,1,,ADV 160
CAR,SUZUKI,4AA-MH55S WAGON R,JAPAN,PETROL,658.0,GAMPAHA,RECONDITIONED,7,4AA-MH55S,WAGON R
CAR,SUZUKI,5AA-MR92S,JAPAN,PETROL/ELE,657.0,GAMPAHA,RECONDITIONED,1,5AA-MR92S,HUSTLER
CAR,TOYOTA,3BA-A2101A RAIZE,JAPAN,PETROL,996.0,KURUNEGALA,RECONDITIONED,1,3BA-A2101A,RAIZE
CAR,HONDA,CRV VTI L7,THAILAND,PETROL,1498.0,COLOMBO,RECONDITIONED,1,,CRV VTI L7
CAR,SUZUKI,SAA-MR92S,JAPAN,PETROL,658.0,GAMPAHA,RECONDITIONED,1,SAA-MR92S,Unknown
CAR,HONDA,CR-V VTI L7,AUSTRALIA,PETROL,1498.0,JAFFNA,RECONDITIONED,1,CR-V,VTI L7
CAR,HONDA,6AA-RV5 VEZEL,JAPAN,PETROL/ELE,1498.0,KALUTARA,RECONDITIONED,1,6AA-RV5,VEZEL
MOTOR CYCLE,HONDA,C 50,JAPAN,DIESEL,50.0,ANURADHAPURA,RECONDITIONED,1,,C 50
CAR,DAIHATSU,5BA-LA350S MIRA,JAPAN,PETROL,658.0,KEGALLE,RECONDITIONED,3,5BA-LA350S,MIRA
CAR,SUZUKI,3BA-HA37S ALTO,JAPAN,PETROL,658.0,KANDY,RECONDITIONED,3,3BA-HA37S,ALTO
CAR,MITSUBISHI,5BA-B33W EK WAGON,JAPAN,PETROL,658.0,COLOMBO,RECONDITIONED,2,5BA-B33W,EK WAGON
CAR,HONDA,6BA-JH3 N WGN,JAPAN,PETROL,658.0,COLOMBO,RECONDITIONED,2,6BA-JH3,N WGN
CAR,SUZUKI,4AA-MN71S,JAPAN,PETROL,996.0,GAMPAHA,RECONDITIONED,1,4AA-MN71S,X-BEE
CAR,DAIHATSU,5BA-LA900S,JAPAN,PETROL,658.0,GAMPAHA,RECONDITIONED,4,5BA-LA900S,TAFT
CAR,SUZUKI,5BD-DA17V,JAPAN,PETROL,658.0,COLOMBO,RECONDITIONED,3,5BD-DA17V,EVERY
CAR,AUDI,Q3-3AA-F3DFY,GERMANY,PETROL,1496.0,COLOMBO,RECONDITIONED,1,Q3-3AA-F3DFY,Unknown
CAR,TOYOTA,5BA-KSP210 YARIS,JAPAN,PETROL,996.0,GAMPAHA,RECONDITIONED,58,5BA-KSP210,YARIS
CAR,SUZUKI,5AA-MH95S WAGON R,JAPAN,PETROL/ELE,658.0,COLOMBO,RECONDITIONED,10,5AA-MH95S,WAGON R
CAR,TOYOTA,5BA-KSP210 YARIS,JAPAN,PETROL,996.0,KURUNEGALA,RECONDITIONED,24,5BA-KSP210,YARIS
CAR,SUZUKI,3BA-DA17W EVERY,JAPAN,PETROL,658.0,BATTICALOA,RECONDITIONED,3,3BA-DA17W,EVERY
COMMERCIAL,TOYOTA,3DF-GDH223B,JAPAN,DIESEL,2754.0,COLOMBO,RECONDITIONED,5,3DF-GDH223B,LATNY
CAR,TOYOTA,6AA-ZVG13 COROLLA,JAPAN,PETROL/ELE,1797.0,HAMBANTOTA,RECONDITIONED,1,6AA-ZVG13,COROLLA
CAR,SUZUKI,5BD-DA17V EVERY,JAPAN,PETROL,650.0,COLOMBO,RECONDITIONED,2,5BD-DA17V,EVERY
CAR,SUZUKI,4AA-MN71S  X BEE,JAPAN,PETROL/ELE,996.0,MATARA,RECONDITIONED,1,4AA-MN71S,X BEE
COMMERCIAL,TOYOTA,3DF-EDH 223B HIACE,JAPAN,DIESEL,2754.0,MATARA,RECONDITIONED,1,3DF-EDH,223B HIACE
CAR,SUZUKI,5AA-MK94S,JAPAN,PETROL,658.0,GALLE,RECONDITIONED,1,5AA-MK94S,SPASIA
CAR,TOYOTA,3BA-VJA300W,JAPAN,PETROL,3444.0,KANDY,RECONDITIONED,1,3BA-VJA300W,Unknown
MOTOR CYCLE,HONDA,PCX 125,VIETNAM,PETROL,124.0,GAMPAHA,RECONDITIONED,4,,PCX 125
CAR,TOYOTA,6BA-MXUA80 HARRIER,JAPAN,PETROL,1986.0,COLOMBO,RECONDITIONED,1,6BA-MXUA80,HARRIER
CAR,LEXUS,3BA-VJA310W LX600,JAPAN,PETROL,3444.0,COLOMBO,RECONDITIONED,4,3BA-VJA310W,LX600
CAR,SUZUKI,5AA-MH95S WAGON R,JAPAN,PETROL,658.0,COLOMBO,RECONDITIONED,27,5AA-MH95S,WAGON R
CAR,HONDA,6AA-RV5   VEZEL,JAPAN,PETROL/ELE,1496.0,KALUTARA,RECONDITIONED,1,6AA-RV5,VEZEL
CAR,HONDA,6BA-JF3 N BOX CUSTOM,JAPAN,PETROL,658.0,KURUNEGALA,RECONDITIONED,1,6BA-JF3,N BOX CUSTOM
CAR,SUZUKI,3BD-DA17V EVERY,JAPAN,PETROL,658.0,KALUTARA,RECONDITIONED,8,3BD-DA17V,EVERY
CAR,SUZUKI,5BD-DA17V EVERY,JAPAN,PETROL,658.0,GALLE,RECONDITIONED,9,5BD-DA17V,EVERY
CAR,TOYOTA,6AA-ZWR90W VOXY,JAPAN,PETROL/ELE,1797.0,KALUTARA,RECONDITIONED,1,6AA-ZWR90W,VOXY
DUAL PURPOSE (COMMERCIAL),TOYOTA,HILUX 2.8 GR.SAT 4X4,MALAYSIA,DIESEL,2755.0,COLOMBO,RECONDITIONED,1,,HILUX 2.8 GR.SAT 4X4
CAR,TOYOTA,5BA-M900A ROOMY,JAPAN,PETROL,996.0,BADULLA,RECONDITIONED,2,5BA-M900A,ROOMY
CAR,SUZUKI,5AA-ZCEDS SWIFT,JAPAN,PETROL/ELE,1196.0,COLOMBO,RECONDITIONED,1,5AA-ZCEDS,SWIFT
CAR,TOYOTA,3BA-TRJ250W,JAPAN,PETROL,2693.0,COLOMBO,RECONDITIONED,38,3BA-TRJ250W,PRADO250
CAR,SUZUKI,3BD-DA17V EVERY,JAPAN,PETROL,658.0,KANDY,RECONDITIONED,5,3BD-DA17V,EVERY
CAR,TOYOTA,3BA-TRJ150W,JAPAN,PETROL,2693.0,GAMPAHA,RECONDITIONED,5,3BA-TRJ150W,Unknown
CAR,MITSUBISHI,ECLIPSE CROSS EXCEED,AUSTRALIA,PETROL,1499.0,KALUTARA,RECONDITIONED,1,,ECLIPSE CROSS EXCEED
CAR,DAIHATSU,5BA-LA350S MIRA ES,JAPAN,PETROL,658.0,GALLE,RECONDITIONED,4,5BA-LA350S,MIRA ES
CAR,DAIHATSU,5BA-LA350S MIRA,JAPAN,PETROL,658.0,KALUTARA,RECONDITIONED,6,5BA-LA350S,MIRA
CAR,TOYOTA,3BA-TRJ150W,JAPAN,PETROL,2690.0,GALLE,RECONDITIONED,1,3BA-TRJ150W,Unknown
COMMERCIAL,TOYOTA,3DF-GDH223B HIACE,JAPAN,DIESEL,2754.0,COLOMBO,RECONDITIONED,3,3DF-GDH223B,HIACE
CAR,TOYOTA,5BA-KSP210   YARIS,JAPAN,PETROL,996.0,MATARA,RECONDITIONED,1,5BA-KSP210,YARIS
CAR,TOYOTA,6AA-ZVG13  COROLLA,JAPAN,PETROL/ELE,1797.0,KURUNEGALA,RECONDITIONED,1,6AA-ZVG13,COROLLA
CAR,NISSAN,5BD-DR17V CLIPPER,JAPAN,PETROL,658.0,PUTTALAM,RECONDITIONED,1,5BD-DR17V,CLIPPER
CAR,TOYOTA,3BA-NGX10 C-HR,JAPAN,PETROL,1196.0,GAMPAHA,RECONDITIONED,2,3BA-NGX10,C-HR
CAR,TOYOTA,5AA-A202A RAIZE,JAPAN,PETROL/ELE,78.0,PUTTALAM,RECONDITIONED,6,5AA-A202A,RAIZE
CAR,NISSAN,5AA-B44W DAYZ,JAPAN,PETROL,659.0,COLOMBO,RECONDITIONED,1,5AA-B44W,DAYZ
CAR,NISSAN,5AA-B44W,JAPAN,PETROL,659.0,KANDY,RECONDITIONED,1,5AA-B44W,DAYS
CAR,TOYOTA,5BA-A201A RAIZE,JAPAN,PETROL,1196.0,KALUTARA,RECONDITIONED,7,5BA-A201A,RAIZE
CAR,HONDA,CRV,AUSTRALIA,PETROL,1499.0,GAMPAHA,RECONDITIONED,1,,CRV
CAR,TOYOTA,5BA-A201A  RAIZE,JAPAN,PETROL,1196.0,PUTTALAM,RECONDITIONED,1,5BA-A201A,RAIZE
CAR,LEXUS,LX500D,NEW ZEALAND,DIESEL,3346.0,COLOMBO,RECONDITIONED,1,,LX500D
CAR,TOYOTA,5BA KSP210 YARIS,JAPAN,PETROL,996.0,POLONNARUWA,RECONDITIONED,1,,5BA KSP210 YARIS
CAR,SUZUKI,5BA-MH85S,JAPAN,PETROL,658.0,KANDY,RECONDITIONED,1,5BA-MH85S,WAGOON R
CAR,HONDA,6AA-RV5 VEZEL,JAPAN,PETROL/ELE,1496.0,PUTTALAM,RECONDITIONED,14,6AA-RV5,VEZEL
CAR,SUZUKI,5AA-MH95S WAGON R,JAPAN,PETROL/ELE,657.0,KURUNEGALA,RECONDITIONED,4,5AA-MH95S,WAGON R
CAR,TOYOTA,5AA-A202A RAIZE,JAPAN,PETROL/ELE,78.0,MATARA,RECONDITIONED,3,5AA-A202A,RAIZE
CAR,MITSUBISHI,5AA-B34W EK X,JAPAN,PETROL,658.0,GALLE,RECONDITIONED,2,5AA-B34W,EK X
CAR,DAIHATSU,5BA-LA350S,JAPAN,PETROL,658.0,COLOMBO,RECONDITIONED,3,5BA-LA350S,MIRA.ES
CAR,TOYOTA,5BA-KSP210 YARIS,JAPAN,PETROL,996.0,BATTICALOA,RECONDITIONED,5,5BA-KSP210,YARIS
CAR,SUZUKI,5BA-MH85S WAGON R,JAPAN,PETROL,657.0,KURUNEGALA,RECONDITIONED,3,5BA-MH85S,WAGON R
CAR,SUZUKI,5AA-MH95S WAGON R,JAPAN,PETROL,658.0,GALLE,RECONDITIONED,10,5AA-MH95S,WAGON R
DUAL PURPOSE (COMMERCIAL),TOYOTA,3DF-GUN125 HILUX,THAILAND,DIESEL,2393.0,ANURADHAPURA,RECONDITIONED,2,3DF-GUN125,HILUX
CAR,SUZUKI,5BD-DA17V EVERY,JAPAN,PETROL,658.0,GAMPAHA,RECONDITIONED,28,5BD-DA17V,EVERY
MOTOR LORRY (COMMERCIAL),ISUZU,TPG-NPR85AN FREEZEER,JAPAN,DIESEL,2990.0,GALLE,RECONDITIONED,1,TPG-NPR85AN,FREEZEER
CAR,SUZUKI,5AA-MK94S SPACIA,JAPAN,PETROL/ELE,658.0,COLOMBO,RECONDITIONED,4,5AA-MK94S,SPACIA
CAR,TOYOTA,3BA-VJA300W,JAPAN,PETROL,3444.0,COLOMBO,RECONDITIONED,20,3BA-VJA300W,Unknown
LAND VEHICLE (SMALL),KUBOTA,K8,JAPAN,DIESEL,465.0,HAMBANTOTA,RECONDITIONED,3,,K8
CAR,SUZUKI,WAGON R 5AA-MH95S,JAPAN,PETROL/ELE,658.0,GAMPAHA,RECONDITIONED,2,,WAGON R 5AA-MH95S
LAND VEHICLE (SMALL),KUBOTA,K600,JAPAN,DIESEL,422.0,HAMBANTOTA,RECONDITIONED,1,,K600
CAR,HONDA,6AA-RV5 VEZEL,JAPAN,PETROL/ELE,1496.0,JAFFNA,RECONDITIONED,8,6AA-RV5,VEZEL
CAR,SUZUKI,5AA-MH95S WAGON R,JAPAN,PETROL/ELE,658.0,KURUNEGALA,RECONDITIONED,3,5AA-MH95S,WAGON R
CAR,TOYOTA,55AA-A202A RAIZE,JAPAN,PETROL/ELE,78.0,COLOMBO,RECONDITIONED,1,55AA-A202A,RAIZE
CAR,TOYOTA,3BA-NGX50,JAPAN,PETROL,1196.0,PUTTALAM,RECONDITIONED,1,3BA-NGX50,C-HR
CAR,TOYOTA,5BA-M900A  ROOMY,JAPAN,PETROL,996.0,MATALE,RECONDITIONED,1,5BA-M900A,ROOMY
CAR,DAIHATSU,5BA-M900S,JAPAN,PETROL,996.0,KANDY,RECONDITIONED,1,5BA-M900S,THOR
MOTOR CYCLE,HONDA,PCX 125,JAPAN,PETROL,124.0,MATALE,RECONDITIONED,1,,PCX 125
DUAL PURPOSE (COMMERCIAL),TOYOTA,HILUX-REVOGR SPORT,THAILAND,DIESEL,2755.0,GAMPAHA,RECONDITIONED,1,HILUX-REVOGR,SPORT
CAR,DAIHATSU,ROCKY  5BA-A201S,JAPAN,PETROL,1196.0,COLOMBO,RECONDITIONED,1,,ROCKY  5BA-A201S
CAR,HONDA,VEZEL 6AA RV5,JAPAN,PETROL/ELE,1496.0,AMPARA,RECONDITIONED,2,,VEZEL 6AA RV5
CAR,SUZUKI,5BD-DA17V EVERY,JAPAN,PETROL,658.0,MATARA,RECONDITIONED,2,5BD-DA17V,EVERY
CAR,TOYOTA,3BA-A210A  RAIZE,JAPAN,PETROL,996.0,GAMPAHA,RECONDITIONED,2,3BA-A210A,RAIZE
CAR,NISSAN,ALMERA VL,THAILAND,PETROL,999.0,COLOMBO,RECONDITIONED,3,,ALMERA VL
CAR,DAIHATSU,5BA-LA900S TAFT,JAPAN,PETROL,658.0,KANDY,RECONDITIONED,3,5BA-LA900S,TAFT
CAR,TOYOTA,3BA-TRJ250W,JAPAN,PETROL,2693.0,KANDY,RECONDITIONED,3,3BA-TRJ250W,PRADO250
MOTOR LORRY (COMMERCIAL),ISUZU,ELF  2RG-NPR88AN,JAPAN,DIESEL,2990.0,GAMPAHA,RECONDITIONED,1,,ELF  2RG-NPR88AN
CAR,TOYOTA,6AA-AYH30WALPHARD,JAPAN,PETROL/ELE,2493.0,COLOMBO,RECONDITIONED,1,6AA-AYH30WALPHARD,Unknown
CAR,HONDA,6AA-RV5 VEZEL,JAPAN,PETROL/ELE,1496.0,KEGALLE,RECONDITIONED,13,6AA-RV5,VEZEL
CAR,TOYOTA,3DA-FJA300W ZX,JAPAN,DIESEL,3345.0,JAFFNA,RECONDITIONED,1,3DA-FJA300W,ZX
CAR,TOYOTA,3BA-A210A RAIZE,JAPAN,PETROL,996.0,KANDY,RECONDITIONED,17,3BA-A210A,RAIZE
CAR,HONDA,CR-V,JAPAN,PETROL,1498.0,COLOMBO,RECONDITIONED,1,CR-V,VTIL7
DUAL PURPOSE (COMMERCIAL),TOYOTA,HILUX REVO ROCCO,THAILAND,DIESEL,2755.0,KILINOCHCHI,RECONDITIONED,1,,HILUX REVO ROCCO
CAR,TOYOTA,5BA-A201A RAIZE,JAPAN,PETROL,1196.0,POLONNARUWA,RECONDITIONED,1,5BA-A201A,RAIZE
CAR,NISSAN,5AA-B44W DAYZ,JAPAN,PETROL/ELE,659.0,GALLE,RECONDITIONED,2,5AA-B44W,DAYZ
CAR,TOYOTA,5BA-KSP210 YARIS,JAPAN,PETROL,996.0,KALUTARA,RECONDITIONED,16,5BA-KSP210,YARIS
CAR,AUDI,3AA-GYDLA A3,GERMANY,PETROL,996.0,COLOMBO,RECONDITIONED,1,3AA-GYDLA,A3
CAR,TOYOTA,ROOMY 4BA-M900A,JAPAN,PETROL,996.0,KALUTARA,RECONDITIONED,1,,ROOMY 4BA-M900A
CAR,NISSAN,5BD-DR17V,JAPAN,PETROL,658.0,GAMPAHA,RECONDITIONED,1,5BD-DR17V,CLIPPER GX
CAR,SUZUKI,4AA-MN71S,JAPAN,PETROL,996.0,COLOMBO,RECONDITIONED,1,4AA-MN71S,X-BEE
CAR,SUZUKI,5AA-MH95S WAGON R,JAPAN,PETROL,657.0,GAMPAHA,RECONDITIONED,3,5AA-MH95S,WAGON R
CAR,SUZUKI,5BD-DA17V,JAPAN,PETROL,658.0,JAFFNA,RECONDITIONED,1,5BD-DA17V,EVERY
MOTOR CYCLE,HONDA,PCX-160,JAPAN,PETROL,157.0,KANDY,RECONDITIONED,4,PCX-160,Unknown
CAR,SUZUKI,5AA-HA97S ALTO,JAPAN,PETROL,658.0,GALLE,RECONDITIONED,1,5AA-HA97S,ALTO
CAR,TOYOTA,6AA-ZWR90W VOXY,JAPAN,PETROL/ELE,1797.0,MATARA,RECONDITIONED,2,6AA-ZWR90W,VOXY
CAR,TOYOTA,5BA-MZEA17 COROLLA,JAPAN,PETROL,1490.0,MATARA,RECONDITIONED,1,5BA-MZEA17,COROLLA
CAR,HONDA,CRV VTIL-7,AUSTRALIA,PETROL,1498.0,GAMPAHA,RECONDITIONED,2,,CRV VTIL-7
MOTOR CYCLE,HONDA,PCX 125,VIETNAM,PETROL,124.0,KALUTARA,RECONDITIONED,3,,PCX 125
CAR,TOYOTA,3BA-A210A RAIZE,JAPAN,PETROL,996.0,VAVUNIYA,RECONDITIONED,2,3BA-A210A,RAIZE
CAR,TOYOTA,6AA-MXPJ10 YARIS,JAPAN,PETROL/ELE,1496.0,COLOMBO,RECONDITIONED,14,6AA-MXPJ10,YARIS
CAR,TOYOTA,5BA-A210A RAIZE,JAPAN,PETROL,1196.0,GAMPAHA,RECONDITIONED,2,5BA-A210A,RAIZE
SINGLE CAB,NISSAN,3BD-DR16T,JAPAN,PETROL,658.0,COLOMBO,RECONDITIONED,1,3BD-DR16T,Unknown
MOTOR CYCLE,HONDA,PCX160,JAPAN,PETROL,157.0,PUTTALAM,RECONDITIONED,9,,PCX160
CAR,NISSAN,5AA-B44W DAYS,JAPAN,PETROL/ELE,659.0,COLOMBO,RECONDITIONED,1,5AA-B44W,DAYS
CAR,TOYOTA,6AA-MXPJ10 YARIS,JAPAN,PETROL/ELE,1496.0,MATALE,RECONDITIONED,1,6AA-MXPJ10,YARIS
DUAL PURPOSE (COMMERCIAL),FORD,RANGER RAPTOR,THAILAND,PETROL,2956.0,COLOMBO,RECONDITIONED,6,,RANGER RAPTOR
CAR,SUZUKI,5AA-MH95S WAGON R,JAPAN,PETROL/ELE,658.0,PUTTALAM,RECONDITIONED,4,5AA-MH95S,WAGON R
CAR,SUZUKI,5AA-MH95S WAGON R,JAPAN,PETROL/ELE,658.0,AMPARA,RECONDITIONED,2,5AA-MH95S,WAGON R
CAR,TOYOTA,3BA-A210A RAIZE,JAPAN,PETROL,998.0,GAMPAHA,RECONDITIONED,3,3BA-A210A,RAIZE
CAR,HONDA,6AA-RV5 VEZEL,JAPAN,PETROL/ELE,1496.0,HAMBANTOTA,RECONDITIONED,5,6AA-RV5,VEZEL
CAR,TOYOTA,5BA-MZEA17 COROLLA,JAPAN,PETROL,1490.0,COLOMBO,RECONDITIONED,7,5BA-MZEA17,COROLLA
CAR,TOYOTA,4BA-M900A ROOMY,JAPAN,PETROL,996.0,KURUNEGALA,RECONDITIONED,3,4BA-M900A,ROOMY
CAR,LEXUS,6AA-MAYH10 LBX,JAPAN,PETROL/ELE,1490.0,COLOMBO,RECONDITIONED,1,6AA-MAYH10,LBX
CAR,SUZUKI,5BA-MH85S WAGON R,JAPAN,PETROL,658.0,KALUTARA,RECONDITIONED,6,5BA-MH85S,WAGON R
CAR,TOYOTA,5BA-A201A RAIZE,JAPAN,PETROL,1196.0,COLOMBO,RECONDITIONED,21,5BA-A201A,RAIZE
CAR,TOYOTA,5AA-A202A RAIZE,JAPAN,ELECTRIC,78.0,GALLE,RECONDITIONED,3,5AA-A202A,RAIZE
DUAL PURPOSE (COMMERCIAL),TOYOTA,HILUX REVO,THAILAND,DIESEL,2755.0,KURUNEGALA,RECONDITIONED,4,,HILUX REVO
CAR,DAIHATSU,5BA-LA350S MIRA,JAPAN,PETROL,658.0,POLONNARUWA,RECONDITIONED,2,5BA-LA350S,MIRA
CAR,SUZUKI,5BA-MH85S,JAPAN,PETROL,658.0,ANURADHAPURA,RECONDITIONED,1,5BA-MH85S,WAGOON R
CAR,TOYOTA,5BA-KSP210  VITZ,JAPAN,PETROL,996.0,GAMPAHA,RECONDITIONED,1,5BA-KSP210,VITZ
CAR,TOYOTA,3BA-TRJ150W PRADO,JAPAN,PETROL,2693.0,COLOMBO,RECONDITIONED,9,3BA-TRJ150W,PRADO
CAR,TOYOTA,5BA-M900A ROOMY,JAPAN,PETROL,996.0,COLOMBO,RECONDITIONED,28,5BA-M900A,ROOMY
CAR,TOYOTA,5BA-MZEA17 COROLLA,JAPAN,PETROL,1490.0,GALLE,RECONDITIONED,1,5BA-MZEA17,COROLLA
CAR,TOYOTA,5AA-A202A RAIZE,JAPAN,PETROL/ELE,78.0,GALLE,RECONDITIONED,6,5AA-A202A,RAIZE
CAR,HONDA,6AA-RV5  VEZEL,JAPAN,PETROL/ELE,1496.0,MATARA,RECONDITIONED,1,6AA-RV5,VEZEL
CAR,TOYOTA,6AA-MXPJ10,JAPAN,PETROL/ELE,1496.0,KALUTARA,RECONDITIONED,1,6AA-MXPJ10,YARISS
CAR,SUZUKI,5AA-ZCEDS SWIFT,JAPAN,PETROL/ELE,1196.0,KANDY,RECONDITIONED,1,5AA-ZCEDS,SWIFT
MOTOR CYCLE,HONDA,PCX 160,JAPAN,PETROL,157.0,BATTICALOA,RECONDITIONED,2,,PCX 160
SINGLE CAB,SUZUKI,3BD-DA16T CARRY,JAPAN,PETROL,658.0,PUTTALAM,RECONDITIONED,7,3BD-DA16T,CARRY
CAR,SUZUKI,5AA-MH95S WAGON R,JAPAN,PETROL,658.0,KALUTARA,RECONDITIONED,8,5AA-MH95S,WAGON R
DUAL PURPOSE (COMMERCIAL),FORD,RAPTOR,THAILAND,DIESEL,1996.0,JAFFNA,RECONDITIONED,1,,RAPTOR
CAR,TOYOTA,4BA-M900A ROOMY,JAPAN,PETROL,996.0,COLOMBO,RECONDITIONED,12,4BA-M900A,ROOMY
CAR,DAIHATSU,5BA-LA900S,JAPAN,PETROL,658.0,RATNAPURA,RECONDITIONED,1,5BA-LA900S,TAFT
CAR,TOYOTA,VELOZ,THAILAND,PETROL,1496.0,MATALE,RECONDITIONED,1,,VELOZ
CAR,SUZUKI,5BA-MH85S WAGON R,JAPAN,PETROL,658.0,KANDY,RECONDITIONED,7,5BA-MH85S,WAGON R
CAR,TOYOTA,6AA-AYH30W ALPHARD,JAPAN,PETROL/ELE,2493.0,COLOMBO,RECONDITIONED,1,6AA-AYH30W,ALPHARD
CAR,SUZUKI,3BD-DA17V EVERY,JAPAN,PETROL,656.0,KANDY,RECONDITIONED,1,3BD-DA17V,EVERY
LAND VEHICLE,MASSEY FERGUSON,MF135,UNITED KINGDOM,DIESEL,2500.0,JAFFNA,RECONDITIONED,2,,MF135
MOTOR CYCLE,HONDA,PCX,VIETNAM,PETROL,124.0,COLOMBO,RECONDITIONED,2,,PCX
MOTOR CYCLE,HONDA,PCX 160,JAPAN,PETROL,157.0,KURUNEGALA,RECONDITIONED,2,,PCX 160
CAR,AUDI,3AA-F3DFY Q3,HUNGARY,PETROL,1496.0,COLOMBO,RECONDITIONED,1,3AA-F3DFY,Q3
CAR,SUZUKI,5AA-MH95S WAGON R,JAPAN,PETROL,658.0,RATNAPURA,RECONDITIONED,4,5AA-MH95S,WAGON R
CAR,HONDA,6AA-RV5 VEZEL,JAPAN,PETROL/ELE,1496.0,MATALE,RECONDITIONED,5,6AA-RV5,VEZEL
CAR,VOLKSWAGEN,3BA-C1DKR T-CROSS,GERMANY,PETROL,999.0,BADULLA,RECONDITIONED,1,3BA-C1DKR,T-CROSS
CAR,HONDA,CRV VTI- L7,AUSTRALIA,PETROL,1498.0,GAMPAHA,RECONDITIONED,1,,CRV VTI- L7
CAR,SUZUKI,3BD-DA17V EVERY,JAPAN,PETROL,658.0,COLOMBO,RECONDITIONED,7,3BD-DA17V,EVERY
DUAL PURPOSE (COMMERCIAL),FORD,RANGER RAPTOR,THAILAND,DIESEL,1996.0,MATARA,RECONDITIONED,3,,RANGER RAPTOR
DUAL PURPOSE (COMMERCIAL),FORD,RANGER RAPTOR,THAILAND,DIESEL,1996.0,COLOMBO,RECONDITIONED,7,,RANGER RAPTOR
CAR,TOYOTA,5AA-A202A RAIZE,JAPAN,PETROL/ELE,1196.0,KURUNEGALA,RECONDITIONED,1,5AA-A202A,RAIZE
CAR,HONDA,VEZEL 6AA-RV5,JAPAN,PETROL/ELE,1496.0,AMPARA,RECONDITIONED,2,,VEZEL 6AA-RV5
CAR,NISSAN,4AA-B45W DAYZ,JAPAN,PETROL/ELE,658.0,MATARA,RECONDITIONED,1,4AA-B45W,DAYZ
CAR,SUZUKI,5AA-HA97S  ALTO,JAPAN,PETROL/ELE,657.0,COLOMBO,RECONDITIONED,1,5AA-HA97S,ALTO
CAR,TOYOTA,6AA-AZSH32  CROWN,JAPAN,PETROL/ELE,2486.0,COLOMBO,RECONDITIONED,1,6AA-AZSH32,CROWN
CAR,DAIHATSU,5BA-L900S TAFT,JAPAN,PETROL,658.0,COLOMBO,RECONDITIONED,1,5BA-L900S,TAFT
CAR,MITSUBISHI,5BA-B33W,JAPAN,PETROL,658.0,GAMPAHA,RECONDITIONED,2,5BA-B33W,EK WAGON R
CAR,TOYOTA,3BA-A210A RAIZE,JAPAN,PETROL,996.0,RATNAPURA,RECONDITIONED,3,3BA-A210A,RAIZE
CAR,TOYOTA,6AA-MXPJ10 YARIS,JAPAN,PETROL/ELE,1490.0,COLOMBO,RECONDITIONED,11,6AA-MXPJ10,YARIS
CAR,TOYOTA,3BA-A210A RAIZE,JAPAN,PETROL,996.0,HAMBANTOTA,RECONDITIONED,3,3BA-A210A,RAIZE
CAR,TOYOTA,5BA-KSP210 YARIS,JAPAN,PETROL,996.0,GALLE,RECONDITIONED,18,5BA-KSP210,YARIS
CAR,SUZUKI,5AA-MH95S WAGON R,JAPAN,PETROL/ELE,658.0,NUWARA-ELIYA,RECONDITIONED,1,5AA-MH95S,WAGON R
CAR,TOYOTA,5BA-KSP210 YARIS,JAPAN,PETROL,990.0,MATARA,RECONDITIONED,1,5BA-KSP210,YARIS
CAR,TOYOTA,6AA-MXPJ10 YARIS,JAPAN,PETROL/ELE,1496.0,KALUTARA,RECONDITIONED,9,6AA-MXPJ10,YARIS
CAR,HONDA,6AA-RV5 VEZEL,JAPAN,PETROL/ELE,1496.0,KURUNEGALA,RECONDITIONED,34,6AA-RV5,VEZEL
CAR,TOYOTA,5BA-M900A ROOMY,JAPAN,PETROL,996.0,GAMPAHA,RECONDITIONED,24,5BA-M900A,ROOMY
CAR,SUZUKI,3BA-HA37S,JAPAN,PETROL,658.0,COLOMBO,RECONDITIONED,1,3BA-HA37S,ALTO
CAR,SUZUKI,5BA-MH85S WAGON R,JAPAN,PETROL,657.0,GAMPAHA,RECONDITIONED,10,5BA-MH85S,WAGON R
CAR,SUZUKI,5BD-DA17V EVERY,JAPAN,PETROL,658.0,KALUTARA,RECONDITIONED,10,5BD-DA17V,EVERY
CAR,TOYOTA,3BA-A210A RAIZE,JAPAN,PETROL,996.0,MATALE,RECONDITIONED,4,3BA-A210A,RAIZE
COMMERCIAL,TOYOTA,3DF-GDH223B HIACE,JAPAN,DIESEL,2754.0,MANNAR,RECONDITIONED,1,3DF-GDH223B,HIACE
CAR,SUZUKI,4AA-MK54S,JAPAN,PETROL,658.0,GAMPAHA,RECONDITIONED,1,4AA-MK54S,Unknown
CAR,SUZUKI,5BA-MH85S WAGON R,JAPAN,PETROL,658.0,TRINCOMALEE,RECONDITIONED,1,5BA-MH85S,WAGON R
CAR,HONDA,CITY,THAILAND,PETROL,988.0,COLOMBO,RECONDITIONED,4,,CITY
SINGLE CAB,SUZUKI,3BD-DA16T CARRY,JAPAN,PETROL,658.0,GALLE,RECONDITIONED,5,3BD-DA16T,CARRY
CAR,TOYOTA,6AA MXPJ10 YARIS,JAPAN,PETROL/ELE,1490.0,COLOMBO,RECONDITIONED,1,,6AA MXPJ10 YARIS
CAR,SUZUKI,5BD-DA17V EVERY,JAPAN,PETROL,658.0,KANDY,RECONDITIONED,13,5BD-DA17V,EVERY
MOTOR CYCLE,YAMAHA,TRICITY,JAPAN,PETROL,125.0,KANDY,RECONDITIONED,1,,TRICITY
CAR,DAIHATSU,5BA-LA350S MIRA,JAPAN,PETROL,658.0,JAFFNA,RECONDITIONED,3,5BA-LA350S,MIRA
CAR,TOYOTA,5BA-KSP210,JAPAN,PETROL,996.0,COLOMBO,RECONDITIONED,1,5BA-KSP210,YARIS  X
CAR,SUZUKI,5BA-MH85S WAGON R,JAPAN,PETROL,658.0,ANURADHAPURA,RECONDITIONED,8,5BA-MH85S,WAGON R
CAR,SUZUKI,3BA-HA37S ALTO,JAPAN,PETROL,658.0,GAMPAHA,RECONDITIONED,7,3BA-HA37S,ALTO
CAR,HONDA,6AA-RV5 VEZEL,JAPAN,PETROL/ELE,1496.0,GALLE,RECONDITIONED,29,6AA-RV5,VEZEL
CAR,SUZUKI,4AA-MN71S XBEE,JAPAN,PETROL/ELE,996.0,COLOMBO,RECONDITIONED,2,4AA-MN71S,XBEE
CAR,TOYOTA,6AA-AAHH40W,JAPAN,PETROL/ELE,2487.0,COLOMBO,RECONDITIONED,3,6AA-AAHH40W,VELFIRE
CAR,TOYOTA,5BA-KSP210 YARIS,JAPAN,PETROL,996.0,POLONNARUWA,RECONDITIONED,6,5BA-KSP210,YARIS
CAR,HONDA,6AA-RV5 VEZEL-Z,JAPAN,PETROL/ELE,1496.0,GAMPAHA,RECONDITIONED,1,6AA-RV5,VEZEL-Z
CAR,NISSAN,3BD-DA17V,JAPAN,PETROL,658.0,COLOMBO,RECONDITIONED,1,3BD-DA17V,Unknown
CAR,SUZUKI,5AA-HA97S ALTO,JAPAN,PETROL,657.0,COLOMBO,RECONDITIONED,5,5AA-HA97S,ALTO
CAR,DAIHATSU,5BA-M900S THOR,JAPAN,PETROL,996.0,GAMPAHA,RECONDITIONED,3,5BA-M900S,THOR
CAR,SUZUKI,5BA-MH85S WAGON R,JAPAN,PETROL,656.0,GAMPAHA,RECONDITIONED,3,5BA-MH85S,WAGON R
CAR,DAIHATSU,5BA-LA350S MIRA,JAPAN,PETROL,658.0,GALLE,RECONDITIONED,3,5BA-LA350S,MIRA
CAR,SUZUKI,5BD-DA17V EVERY,JAPAN,PETROL,656.0,HAMBANTOTA,RECONDITIONED,2,5BD-DA17V,EVERY
CAR,SUZUKI,3BD-DA17V EVERY,JAPAN,PETROL,658.0,MATALE,RECONDITIONED,1,3BD-DA17V,EVERY
CAR,LEXUS,3BA-VJA310W  LX 600,JAPAN,PETROL,3444.0,KALUTARA,RECONDITIONED,1,3BA-VJA310W,LX 600
CAR,TOYOTA,5BA-M700A PASSO,JAPAN,PETROL,996.0,HAMBANTOTA,RECONDITIONED,1,5BA-M700A,PASSO
CAR,SUZUKI,5AA-MH95S,JAPAN,PETROL/ELE,658.0,KILINOCHCHI,RECONDITIONED,1,5AA-MH95S,WAGNON R
CAR,SUZUKI,5BD-DA17 EVERY,JAPAN,PETROL,658.0,BADULLA,RECONDITIONED,1,5BD-DA17,EVERY
CAR,DAIHATSU,5BA-LA900S TAFT,JAPAN,PETROL,658.0,MATARA,RECONDITIONED,1,5BA-LA900S,TAFT
CAR,LAND ROVER,RANGE ROVER SPORT,UNITED KINGDOM,DIESEL,1999.0,COLOMBO,RECONDITIONED,1,,RANGE ROVER SPORT
CAR,LEXUS,LX500D,AUSTRALIA,DIESEL,3346.0,COLOMBO,RECONDITIONED,1,,LX500D
CAR,TOYOTA,5BA-KSP210  YARIS,JAPAN,PETROL,996.0,KURUNEGALA,RECONDITIONED,3,5BA-KSP210,YARIS
CAR,DAIHATSU,5BA-M900S THOR,JAPAN,PETROL,996.0,KURUNEGALA,RECONDITIONED,1,5BA-M900S,THOR
CAR,HONDA,CITY RS,THAILAND,PETROL,988.0,BATTICALOA,RECONDITIONED,2,,CITY RS
CAR,SUZUKI,5BD-DA17V EVERY,JAPAN,PETROL,656.0,KANDY,RECONDITIONED,1,5BD-DA17V,EVERY
MOTOR CYCLE,HONDA,PCX 125,JAPAN,PETROL,124.0,COLOMBO,RECONDITIONED,1,,PCX 125
CAR,HONDA,CRV VTI-L7,AUSTRALIA,PETROL,1498.0,COLOMBO,RECONDITIONED,1,,CRV VTI-L7
CAR,MG,MG4-D ELECTRIC,THAILAND,ELECTRIC,125.0,GAMPAHA,RECONDITIONED,1,MG4-D,ELECTRIC
DUAL PURPOSE (COMMERCIAL),TOYOTA,HILUX REVO ROCCO,THAILAND,DIESEL,2755.0,KURUNEGALA,RECONDITIONED,3,,HILUX REVO ROCCO
COMMERCIAL,TOYOTA,3DF-GDH223B,JAPAN,DIESEL,2754.0,GAMPAHA,RECONDITIONED,1,3DF-GDH223B,LATNY
CAR,MERCEDES BENZ,4AA-213077C  E200,GERMANY,PETROL/ELE,1496.0,KURUNEGALA,RECONDITIONED,1,4AA-213077C,E200
CAR,SUZUKI,5BA-MH85S WAGON R,JAPAN,PETROL,657.0,RATNAPURA,RECONDITIONED,2,5BA-MH85S,WAGON R
DUAL PURPOSE (COMMERCIAL),TOYOTA,HILUX REVO GR SPORT,THAILAND,DIESEL,2755.0,ANURADHAPURA,RECONDITIONED,1,,HILUX REVO GR SPORT
CAR,SUZUKI,5AA-MH95S WAGON R,JAPAN,PETROL,658.0,MANNAR,RECONDITIONED,1,5AA-MH95S,WAGON R
CAR,MERCEDES BENZ,4AA-213077C E200,GERMANY,PETROL,1496.0,COLOMBO,RECONDITIONED,3,4AA-213077C,E200
CAR,HONDA,6AA-RV5 VEZEL,JAPAN,PETROL/ELE,1496.0,POLONNARUWA,RECONDITIONED,5,6AA-RV5,VEZEL
CAR,LAND ROVER,3BA-LE72XAA DEFENDER,UNITED KINGDOM,PETROL,1997.0,COLOMBO,RECONDITIONED,1,3BA-LE72XAA,DEFENDER
CAR,HONDA,6AA-RV5 VEZEL,JAPAN,PETROL/ELE,1496.0,GAMPAHA,RECONDITIONED,120,6AA-RV5,VEZEL
CAR,HONDA,6AA-RV5 VEZEL,JAPAN,PETROL/ELE,1496.0,KALUTARA,RECONDITIONED,36,6AA-RV5,VEZEL
MOTOR CYCLE,B.M.W.,G310-GS,JAPAN,PETROL,310.0,COLOMBO,RECONDITIONED,1,G310-GS,Unknown
CAR,HONDA,CITY,THAILAND,PETROL,988.0,KALUTARA,RECONDITIONED,2,,CITY
MOTOR CYCLE,HONDA,ADV160,JAPAN,PETROL,157.0,KANDY,RECONDITIONED,2,,ADV160
CAR,DAIHATSU,5BA-LA350 MIRA E.S,JAPAN,PETROL,658.0,COLOMBO,RECONDITIONED,1,5BA-LA350,MIRA E.S
CAR,TOYOTA,5AA-A202A RAIZE,JAPAN,PETROL/ELE,78.0,COLOMBO,RECONDITIONED,35,5AA-A202A,RAIZE
CAR,HONDA,6AA-RV5 VEZEL,JAPAN,PETROL/ELE,1498.0,MATARA,RECONDITIONED,1,6AA-RV5,VEZEL
MOTOR LORRY (COMMERCIAL),HINO,TKG-XZU605M DUTRO,JAPAN,DIESEL,4000.0,KANDY,RECONDITIONED,2,TKG-XZU605M,DUTRO
CAR,SUZUKI,3BA-HA37S,JAPAN,PETROL,658.0,GALLE,RECONDITIONED,1,3BA-HA37S,ALTO
CAR,SUZUKI,5BA-MH85S WAGON R,JAPAN,PETROL,658.0,PUTTALAM,RECONDITIONED,13,5BA-MH85S,WAGON R
CAR,NISSAN,5BD-DR17V CLIPPER,JAPAN,PETROL,658.0,KANDY,RECONDITIONED,7,5BD-DR17V,CLIPPER
CAR,TOYOTA,3BA-TRJ250W,JAPAN,PETROL,2693.0,BATTICALOA,RECONDITIONED,1,3BA-TRJ250W,PRADO250
CAR,SUZUKI,5BA-MH85S WAGON R,JAPAN,PETROL,658.0,GAMPAHA,RECONDITIONED,37,5BA-MH85S,WAGON R
CAR,SUZUKI,5AA-MK94S SPACIA,JAPAN,PETROL,658.0,KURUNEGALA,RECONDITIONED,2,5AA-MK94S,SPACIA
CAR,SUZUKI,5AA MH95S WAGON R,JAPAN,PETROL,658.0,MATARA,RECONDITIONED,1,,5AA MH95S WAGON R
CAR,TOYOTA,3BA-A210A,JAPAN,PETROL,996.0,GAMPAHA,RECONDITIONED,2,3BA-A210A,PEARL
CAR,SUZUKI,5BA-MH85S  WAGON R,JAPAN,PETROL,658.0,RATNAPURA,RECONDITIONED,1,5BA-MH85S,WAGON R
CAR,SUZUKI,5AA-MR92S HUSTLER,JAPAN,PETROL,658.0,GAMPAHA,RECONDITIONED,3,5AA-MR92S,HUSTLER
CAR,HONDA,6AA-RV5 VEZEL,JAPAN,PETROL/ELE,1496.0,KANDY,RECONDITIONED,37,6AA-RV5,VEZEL
MOTOR CYCLE,HONDA,PCX 160,JAPAN,PETROL,157.0,GAMPAHA,RECONDITIONED,1,,PCX 160
DUAL PURPOSE (COMMERCIAL),TOYOTA,HILUX REVO GR SPORT,THAILAND,DIESEL,2755.0,GAMPAHA,RECONDITIONED,17,,HILUX REVO GR SPORT
LAND VEHICLE (SMALL),KUBOTA,K600,JAPAN,DIESEL,422.0,RATNAPURA,RECONDITIONED,2,,K600
SINGLE CAB,MITSUBISHI,3BD-DS16T  MINI CAB,JAPAN,PETROL,658.0,GALLE,RECONDITIONED,1,3BD-DS16T,MINI CAB
CAR,HONDA,6AA-RV5 VEZEL,JAPAN,PETROL/ELE,1496.0,VAVUNIYA,RECONDITIONED,2,6AA-RV5,VEZEL
CAR,TOYOTA,6AA-AYH30W,JAPAN,PETROL/ELE,2493.0,COLOMBO,RECONDITIONED,1,6AA-AYH30W,ALPHARD
DUAL PURPOSE (COMMERCIAL),FORD,RANGER RAPTOR,THAILAND,PETROL,2956.0,KURUNEGALA,RECONDITIONED,3,,RANGER RAPTOR
CAR,HONDA,6AA-RV5  VEZEL,JAPAN,PETROL/ELE,1496.0,GAMPAHA,RECONDITIONED,6,6AA-RV5,VEZEL
SINGLE CAB,SUZUKI,EBD-DA16T CARRY,JAPAN,PETROL,658.0,KURUNEGALA,RECONDITIONED,2,EBD-DA16T,CARRY
CAR,TOYOTA,5BA-KSP210,JAPAN,PETROL,996.0,ANURADHAPURA,RECONDITIONED,1,5BA-KSP210,YARIS  X
CAR,HONDA,6AA-RV5   VEZEL,JAPAN,PETROL/ELE,1496.0,COLOMBO,RECONDITIONED,2,6AA-RV5,VEZEL
CAR,LAND ROVER,RANGE ROVER,UNITED KINGDOM,PETROL/ELE,2996.0,COLOMBO,RECONDITIONED,1,,RANGE ROVER
MOTOR CYCLE,HONDA,PCX 125,VIETNAM,PETROL,125.0,GAMPAHA,RECONDITIONED,1,,PCX 125
CAR,HONDA,CRV VTI X7,JAPAN,PETROL,1498.0,KURUNEGALA,RECONDITIONED,1,,CRV VTI X7
CAR,DAIHATSU,5BA-LA350S MIRA,JAPAN,PETROL,656.0,COLOMBO,RECONDITIONED,1,5BA-LA350S,MIRA
CAR,TOYOTA,5BA-M900A,JAPAN,PETROL,996.0,COLOMBO,RECONDITIONED,1,5BA-M900A,Unknown
CAR,TOYOTA,3BA-TRJ150W PRADO,JAPAN,PETROL,2693.0,MATARA,RECONDITIONED,1,3BA-TRJ150W,PRADO
CAR,HONDA,CITY,THAILAND,PETROL,988.0,GALLE,RECONDITIONED,1,,CITY
CAR,TOYOTA,5BA-KSP210 YARIS,JAPAN,PETROL,996.0,HAMBANTOTA,RECONDITIONED,5,5BA-KSP210,YARIS
CAR,DAIHATSU,5BA-LA900S TAFT,JAPAN,PETROL,658.0,RATNAPURA,RECONDITIONED,2,5BA-LA900S,TAFT
DUAL PURPOSE (COMMERCIAL),FORD,RANGER RAPTOR,THAILAND,DIESEL,1996.0,RATNAPURA,RECONDITIONED,1,,RANGER RAPTOR
CAR,TOYOTA,5BA-M900A ROOMY,JAPAN,PETROL,996.0,BATTICALOA,RECONDITIONED,2,5BA-M900A,ROOMY
CAR,TOYOTA,6AA-MXPJ10 YARIS,JAPAN,PETROL/ELE,1496.0,PUTTALAM,RECONDITIONED,5,6AA-MXPJ10,YARIS
CAR,DAIHATSU,5BA-LA350S MIRA,JAPAN,PETROL,658.0,PUTTALAM,RECONDITIONED,2,5BA-LA350S,MIRA
CAR,SUZUKI,5AA-MR92S,JAPAN,PETROL,650.0,COLOMBO,RECONDITIONED,1,5AA-MR92S,HUSTLER
CAR,DAIHATSU,5BA-LA350S MIRA,JAPAN,PETROL,658.0,GAMPAHA,RECONDITIONED,16,5BA-LA350S,MIRA
CAR,MAZDA,5AA-MJ95S FLAIR,JAPAN,PETROL/ELE,658.0,RATNAPURA,RECONDITIONED,1,5AA-MJ95S,FLAIR
CAR,HONDA,6AA-RV5 VEZEL,JAPAN,PETROL/ELE,1496.0,RATNAPURA,RECONDITIONED,17,6AA-RV5,VEZEL
CAR,DAIHATSU,5BA-LA910S TAFT,JAPAN,PETROL,658.0,COLOMBO,RECONDITIONED,1,5BA-LA910S,TAFT
CAR,SUZUKI,5AA-MH95S WAGON R,JAPAN,PETROL/ELE,658.0,HAMBANTOTA,RECONDITIONED,3,5AA-MH95S,WAGON R
CAR,HONDA,6AA-RV5 VEZEL,JAPAN,PETROL/ELE,1490.0,GAMPAHA,RECONDITIONED,1,6AA-RV5,VEZEL
CAR,TOYOTA,3BA - TRJ250W,JAPAN,PETROL,2693.0,KURUNEGALA,RECONDITIONED,1,,3BA - TRJ250W
CAR,TOYOTA,3BA-A210A RAIZE,JAPAN,PETROL,996.0,AMPARA,RECONDITIONED,1,3BA-A210A,RAIZE
CAR,TOYOTA,3BA-TRJ150W PRADO,JAPAN,PETROL,2693.0,GAMPAHA,RECONDITIONED,3,3BA-TRJ150W,PRADO
CAR,SUZUKI,3BA-JB64W JIMNY,JAPAN,PETROL,658.0,KALUTARA,RECONDITIONED,1,3BA-JB64W,JIMNY
CAR,TOYOTA,YARIS ATIV,THAILAND,PETROL,1197.0,COLOMBO,RECONDITIONED,2,,YARIS ATIV
CAR,SUZUKI,5AA-MH95S WAGON R,JAPAN,PETROL/ELE,657.0,KANDY,RECONDITIONED,2,5AA-MH95S,WAGON R
DUAL PURPOSE (COMMERCIAL),TOYOTA,HILUX REVO GR SPORT,THAILAND,DIESEL,2755.0,MATALE,RECONDITIONED,1,,HILUX REVO GR SPORT
DUAL PURPOSE (COMMERCIAL),TOYOTA,REVO ROCCO,THAILAND,DIESEL,2755.0,KANDY,RECONDITIONED,1,,REVO ROCCO
CAR,HONDA,6AA-RV5 VEZEL,JAPAN,PETROL/ELE,1496.0,MATARA,RECONDITIONED,18,6AA-RV5,VEZEL
CAR,TOYOTA,6AA-ZWR90W VOXY,JAPAN,PETROL/ELE,1796.0,KANDY,RECONDITIONED,1,6AA-ZWR90W,VOXY
SPECIAL PURPOSE VEHICLE,KOMATSU,510-5 WHEEL LOADER,JAPAN,DIESEL,3600.0,TRINCOMALEE,RECONDITIONED,1,510-5,WHEEL LOADER
LAND VEHICLE (SMALL),KUBOTA,K7,JAPAN,DIESEL,395.0,ANURADHAPURA,RECONDITIONED,1,,K7
CAR,LAND ROVER,RANGE ROVER EVOQUE,UNITED KINGDOM,PETROL/ELE,1498.0,KANDY,RECONDITIONED,1,,RANGE ROVER EVOQUE
CAR,NISSAN,5AA-B44A ROOX,JAPAN,PETROL,658.0,RATNAPURA,RECONDITIONED,1,5AA-B44A,ROOX
CAR,TOYOTA,3BA-VJA300W ZX,JAPAN,PETROL,3444.0,GAMPAHA,RECONDITIONED,1,3BA-VJA300W,ZX
CAR,NISSAN,5BD-DR17V  CLIPPER,JAPAN,PETROL,658.0,GAMPAHA,RECONDITIONED,1,5BD-DR17V,CLIPPER
CAR,SUZUKI,3BA-DA17W  EVERY,JAPAN,PETROL,658.0,KANDY,RECONDITIONED,1,3BA-DA17W,EVERY
CAR,SUZUKI,4AA-MH55S WAGON R,JAPAN,PETROL/ELE,657.0,GALLE,RECONDITIONED,1,4AA-MH55S,WAGON R
CAR,SUZUKI,5AA-MH95S WAGON R,JAPAN,PETROL,658.0,MATARA,RECONDITIONED,3,5AA-MH95S,WAGON R
CAR,SUZUKI,3BD-DA17V EVERY,JAPAN,PETROL,658.0,GALLE,RECONDITIONED,2,3BD-DA17V,EVERY
CAR,NISSAN,5AA-B44A ROOX,JAPAN,PETROL,658.0,GAMPAHA,RECONDITIONED,4,5AA-B44A,ROOX
CAR,SUZUKI,4AA-MH55S WAGON R,JAPAN,PETROL,658.0,KALUTARA,RECONDITIONED,3,4AA-MH55S,WAGON R
CAR,HONDA,CITY RS,THAILAND,PETROL,988.0,GAMPAHA,RECONDITIONED,10,,CITY RS
CAR,TOYOTA,6AA-MXPJ10 YARIS,JAPAN,PETROL/ELE,1490.0,ANURADHAPURA,RECONDITIONED,4,6AA-MXPJ10,YARIS
CAR,TOYOTA,5BA-M900A,JAPAN,PETROL,996.0,MATARA,RECONDITIONED,1,5BA-M900A,Unknown
DUAL PURPOSE (COMMERCIAL),TOYOTA,HILUX 2.8 GR SAT 4X4,MALAYSIA,DIESEL,2755.0,COLOMBO,RECONDITIONED,2,,HILUX 2.8 GR SAT 4X4
CAR,MAZDA,4AA-MJ55S FLAIR,JAPAN,PETROL/ELE,658.0,GAMPAHA,RECONDITIONED,1,4AA-MJ55S,FLAIR
CAR,NISSAN,5BD-DR17V,JAPAN,PETROL,658.0,GALLE,RECONDITIONED,1,5BD-DR17V,CLIPPER GX
CAR,TOYOTA,5BA-KSP210 YARIS,JAPAN,PETROL,996.0,RATNAPURA,RECONDITIONED,8,5BA-KSP210,YARIS
SPECIAL PURPOSE VEHICLE,MITSUBISHI,WS410A WHEEL LOADER,JAPAN,DIESEL,2680.0,BATTICALOA,RECONDITIONED,1,,WS410A WHEEL LOADER
DUAL PURPOSE (COMMERCIAL),FORD,RANGER RAPTOR,THAILAND,DIESEL,1996.0,GAMPAHA,RECONDITIONED,5,,RANGER RAPTOR
CAR,TOYOTA,3BA-NGX10 C-HR,JAPAN,PETROL,1196.0,KURUNEGALA,RECONDITIONED,1,3BA-NGX10,C-HR
MOTOR CYCLE,HONDA,ADV160,JAPAN,PETROL,157.0,GALLE,RECONDITIONED,1,,ADV160
SINGLE CAB,SUZUKI,3BD-DA16T,JAPAN,PETROL,658.0,COLOMBO,RECONDITIONED,1,3BD-DA16T,CARTRY
CAR,TOYOTA,5BA-M900A ROOMY,JAPAN,PETROL,996.0,HAMBANTOTA,RECONDITIONED,1,5BA-M900A,ROOMY
CAR,TOYOTA,5AA-A202A RAIZE,JAPAN,PETROL/ELE,1196.0,KALUTARA,RECONDITIONED,1,5AA-A202A,RAIZE
CAR,TOYOTA,5AA-A202A RAIZE,JAPAN,PETROL/ELE,78.0,KALUTARA,RECONDITIONED,4,5AA-A202A,RAIZE
MOTOR CYCLE,HONDA,GB350,JAPAN,PETROL,349.0,KANDY,RECONDITIONED,1,,GB350
CAR,TOYOTA,YARIS  5BA-KSP210,JAPAN,PETROL,996.0,KALUTARA,RECONDITIONED,1,,YARIS  5BA-KSP210
CAR,SUZUKI,3BD-DA17V  EVERY,JAPAN,PETROL,658.0,KANDY,RECONDITIONED,1,3BD-DA17V,EVERY
CAR,TOYOTA,YARIS 5BA-KSP210,JAPAN,PETROL,996.0,COLOMBO,RECONDITIONED,5,,YARIS 5BA-KSP210
CAR,HONDA,6BA-JF5 N-BOX CUSTOM,JAPAN,PETROL,650.0,COLOMBO,RECONDITIONED,1,6BA-JF5,N-BOX CUSTOM
CAR,DAIHATSU,5BA-LA300S MIRA E.S,JAPAN,PETROL,658.0,KALUTARA,RECONDITIONED,1,5BA-LA300S,MIRA E.S
DUAL PURPOSE (COMMERCIAL),TOYOTA,HILUX REVO RECCO,THAILAND,DIESEL,2755.0,PUTTALAM,RECONDITIONED,1,,HILUX REVO RECCO
DUAL PURPOSE (COMMERCIAL),FORD,RANGER RAPTOR,THAILAND,DIESEL,1996.0,KALUTARA,RECONDITIONED,2,,RANGER RAPTOR
CAR,TOYOTA,6AA-MXPK11 AQUA,JAPAN,PETROL/ELE,1490.0,COLOMBO,RECONDITIONED,2,6AA-MXPK11,AQUA
CAR,TOYOTA,3BA-VJA300W ZX,JAPAN,PETROL,3444.0,MATARA,RECONDITIONED,1,3BA-VJA300W,ZX
MOTOR CYCLE,HONDA,8BK-KF47,JAPAN,PETROL,157.0,COLOMBO,RECONDITIONED,1,8BK-KF47,Unknown
CAR,TOYOTA,6AA-MXPJ10 YARIS,JAPAN,PETROL/ELE,1490.0,MATARA,RECONDITIONED,2,6AA-MXPJ10,YARIS
MOTOR CYCLE,HONDA,PCX 125,JAPAN,PETROL,124.0,PUTTALAM,RECONDITIONED,5,,PCX 125
MOTOR CYCLE,HONDA,8BK-KF47,JAPAN,PETROL,157.0,KANDY,RECONDITIONED,3,8BK-KF47,Unknown
MOTOR CYCLE,HONDA,8BK-KF47,JAPAN,PETROL,157.0,KURUNEGALA,RECONDITIONED,1,8BK-KF47,Unknown
CAR,TOYOTA,3BA-A210A RAIZE,JAPAN,PETROL,996.0,GAMPAHA,RECONDITIONED,23,3BA-A210A,RAIZE
MOTOR CYCLE,HONDA,PCX 160,JAPAN,PETROL,156.0,KURUNEGALA,RECONDITIONED,1,,PCX 160
CAR,DAIHATSU,5BA-LA350S MIRA,JAPAN,PETROL,658.0,MATARA,RECONDITIONED,4,5BA-LA350S,MIRA
CAR,SUZUKI,4AA-MH55S,JAPAN,PETROL,658.0,KURUNEGALA,RECONDITIONED,1,4AA-MH55S,AGON R
CAR,TOYOTA,5BA-A201A RAIZE,JAPAN,PETROL,1196.0,GALLE,RECONDITIONED,6,5BA-A201A,RAIZE
CAR,TOYOTA,5AA-A202A RAIZE,JAPAN,PETROL/ELE,78.0,KANDY,RECONDITIONED,9,5AA-A202A,RAIZE
CAR,SUZUKI,5AA-MH95S WAGON R,JAPAN,PETROL/ELE,657.0,MATARA,RECONDITIONED,2,5AA-MH95S,WAGON R
CAR,TOYOTA,5BA-A201A RAIZE,JAPAN,PETROL,1196.0,GAMPAHA,RECONDITIONED,14,5BA-A201A,RAIZE
CAR,DAIHATSU,TAFT 5BA-LA900S,JAPAN,PETROL,658.0,GAMPAHA,RECONDITIONED,1,,TAFT 5BA-LA900S
CAR,HONDA,6AA-RV5  VEZEL,JAPAN,PETROL/ELE,1496.0,MONERAGALA,RECONDITIONED,2,6AA-RV5,VEZEL
CAR,TOYOTA,3BA-A210A  RAIZE,JAPAN,PETROL,996.0,COLOMBO,RECONDITIONED,6,3BA-A210A,RAIZE
CAR,TOYOTA,3DA-FJA300W,JAPAN,DIESEL,3345.0,COLOMBO,RECONDITIONED,2,3DA-FJA300W,ZX
CAR,TOYOTA,5BA-A201A RAIZE,JAPAN,PETROL,1198.0,GAMPAHA,RECONDITIONED,4,5BA-A201A,RAIZE
LAND VEHICLE (SMALL),KUBOTA,K750,JAPAN,DIESEL,401.0,HAMBANTOTA,RECONDITIONED,1,,K750
CAR,HONDA,6AA-RV5,JAPAN,PETROL/ELE,1496.0,KURUNEGALA,RECONDITIONED,1,6AA-RV5,VESEL
CAR,TOYOTA,3BA-KSP 210 YARIS,JAPAN,PETROL,996.0,COLOMBO,RECONDITIONED,1,3BA-KSP,210 YARIS
CAR,TOYOTA,6AA-MXPJ10,JAPAN,PETROL/ELE,1496.0,GAMPAHA,RECONDITIONED,2,6AA-MXPJ10,YARISS
MOTOR LORRY (COMMERCIAL),HINO,QKGFW1AXBG-PROFIA,JAPAN,DIESEL,8860.0,PUTTALAM,RECONDITIONED,1,,QKGFW1AXBG-PROFIA
CAR,MAZDA,5AA-MJ95S FLAIR,JAPAN,PETROL,658.0,GAMPAHA,RECONDITIONED,1,5AA-MJ95S,FLAIR
CAR,SUZUKI,5AA-MK94S SPACIA,JAPAN,PETROL,658.0,ANURADHAPURA,RECONDITIONED,3,5AA-MK94S,SPACIA
CAR,TOYOTA,3BA-TRJ250W,JAPAN,PETROL,2693.0,GAMPAHA,RECONDITIONED,7,3BA-TRJ250W,PRADO250
CAR,DAIHATSU,5BA-LA900S TAFT,JAPAN,PETROL,658.0,PUTTALAM,RECONDITIONED,2,5BA-LA900S,TAFT
CAR,TOYOTA,3BA-VJA300W,JAPAN,PETROL,3444.0,GAMPAHA,RECONDITIONED,10,3BA-VJA300W,Unknown
CAR,HONDA,CR-V  VTI L7,AUSTRALIA,PETROL,1498.0,MATARA,RECONDITIONED,1,CR-V,VTI L7
CAR,MAZDA,5AA-MJ95S FLAIR,JAPAN,PETROL/ELE,658.0,MATALE,RECONDITIONED,1,5AA-MJ95S,FLAIR
CAR,DAIHATSU,5BA-LA350S MIRA ES,JAPAN,PETROL,658.0,ANURADHAPURA,RECONDITIONED,3,5BA-LA350S,MIRA ES
DUAL PURPOSE (COMMERCIAL),FORD,RANGER RAPTOR,THAILAND,PETROL,2956.0,RATNAPURA,RECONDITIONED,1,,RANGER RAPTOR
CAR,TOYOTA,5BA-KSP210 YARIS,JAPAN,PETROL,996.0,PUTTALAM,RECONDITIONED,15,5BA-KSP210,YARIS
CAR,TOYOTA,5BA-M900A,JAPAN,PETROL,996.0,KURUNEGALA,RECONDITIONED,1,5BA-M900A,Unknown
CAR,TOYOTA,5BA-MXPB10 YARIS,JAPAN,PETROL,1496.0,COLOMBO,RECONDITIONED,2,5BA-MXPB10,YARIS
CAR,TOYOTA,5AA-A202A RAIZE,JAPAN,PETROL/ELE,78.0,BATTICALOA,RECONDITIONED,2,5AA-A202A,RAIZE
CAR,TOYOTA,5BA-KSP210 YARIS,JAPAN,PETROL,998.0,COLOMBO,RECONDITIONED,2,5BA-KSP210,YARIS
CAR,TOYOTA,5AA-A202A RAIZE,JAPAN,PETROL/ELE,78.0,BADULLA,RECONDITIONED,1,5AA-A202A,RAIZE
CAR,TOYOTA,3BA-A210A RAIZE,JAPAN,PETROL,996.0,PUTTALAM,RECONDITIONED,4,3BA-A210A,RAIZE
DUAL PURPOSE (COMMERCIAL),TOYOTA,HILUX REVO GR SPORT,THAILAND,DIESEL,2755.0,JAFFNA,RECONDITIONED,1,,HILUX REVO GR SPORT
CAR,TOYOTA,5BA-M900A,JAPAN,PETROL,996.0,GALLE,RECONDITIONED,1,5BA-M900A,Unknown
CAR,B.M.W.,3BA-22EE15,GERMANY,PETROL,1490.0,KANDY,RECONDITIONED,1,3BA-22EE15,Unknown
CAR,TOYOTA,5BA-KSP210  YARIS  X,JAPAN,PETROL,996.0,COLOMBO,RECONDITIONED,1,5BA-KSP210,YARIS  X
CAR,TOYOTA,5BA-KSP210,JAPAN,PETROL,996.0,JAFFNA,RECONDITIONED,1,5BA-KSP210,YARIS  X
CAR,TOYOTA,5BA-A201A,JAPAN,PETROL,1196.0,COLOMBO,RECONDITIONED,1,5BA-A201A,Unknown
CAR,TOYOTA,3DA-GDJ250W,JAPAN,DIESEL,2754.0,GALLE,RECONDITIONED,1,3DA-GDJ250W,PRADO
DUAL PURPOSE (COMMERCIAL),FORD,RANGER RAPTOR,THAILAND,PETROL,2956.0,GAMPAHA,RECONDITIONED,3,,RANGER RAPTOR
CAR,SUZUKI,4AA-MH55S WAGON R,JAPAN,PETROL,658.0,JAFFNA,RECONDITIONED,4,4AA-MH55S,WAGON R
CAR,SUZUKI,5AA-MH95S WAGON R,JAPAN,PETROL/ELE,657.0,GAMPAHA,RECONDITIONED,4,5AA-MH95S,WAGON R
CAR,TOYOTA,3BA-TRJ150W,JAPAN,PETROL,2693.0,KANDY,RECONDITIONED,2,3BA-TRJ150W,Unknown
CAR,TOYOTA,3BA-A210A RAIZE,JAPAN,PETROL,996.0,COLOMBO,RECONDITIONED,49,3BA-A210A,RAIZE
CAR,SUZUKI,5BA-MH85S WAGON R,JAPAN,PETROL,658.0,COLOMBO,RECONDITIONED,33,5BA-MH85S,WAGON R
CAR,DAIHATSU,5BA-LA350S MIRA E.S,JAPAN,PETROL,658.0,COLOMBO,RECONDITIONED,4,5BA-LA350S,MIRA E.S
CAR,DAIHATSU,5BA-LA900S TAFT,JAPAN,PETROL,658.0,GALLE,RECONDITIONED,6,5BA-LA900S,TAFT
CAR,NISSAN,5BD-DR17V NV100,JAPAN,PETROL,658.0,GAMPAHA,RECONDITIONED,1,5BD-DR17V,NV100
DUAL PURPOSE (COMMERCIAL),FORD,RANGER RAPTOR,THAILAND,PETROL,2956.0,PUTTALAM,RECONDITIONED,1,,RANGER RAPTOR
DUAL PURPOSE (COMMERCIAL),TOYOTA,HILUX REVO ROCCO,THAILAND,DIESEL,2755.0,PUTTALAM,RECONDITIONED,3,,HILUX REVO ROCCO
CAR,HONDA,CR-V VTI L7,AUSTRALIA,PETROL,1498.0,GAMPAHA,RECONDITIONED,1,CR-V,VTI L7
CAR,TOYOTA,6AA-MXPJ10 YARIS,JAPAN,PETROL/ELE,1490.0,MATALE,RECONDITIONED,1,6AA-MXPJ10,YARIS
CAR,MERCEDES BENZ,CLA180 AMG LINE,UNITED KINGDOM,PETROL,1332.0,GALLE,RECONDITIONED,1,,CLA180 AMG LINE
CAR,TOYOTA,6AA-MXPJ10 YARIS,JAPAN,PETROL/ELE,1496.0,RATNAPURA,RECONDITIONED,3,6AA-MXPJ10,YARIS
CAR,TOYOTA,5BA-KSP210 YARIS,JAPAN,PETROL,990.0,MANNAR,RECONDITIONED,1,5BA-KSP210,YARIS
CAR,TOYOTA,5AA-A202A RAIZE,JAPAN,PETROL/ELE,78.0,JAFFNA,RECONDITIONED,4,5AA-A202A,RAIZE
CAR,TOYOTA,5BA-MZEA17 COROLLA,JAPAN,PETROL,1490.0,GAMPAHA,RECONDITIONED,3,5BA-MZEA17,COROLLA
CAR,TOYOTA,6AA-MXPJ10  YARISS,JAPAN,PETROL/ELE,1490.0,GAMPAHA,RECONDITIONED,1,6AA-MXPJ10,YARISS
SINGLE CAB,SUZUKI,3BD-DA16T CARRY,JAPAN,PETROL,657.0,GAMPAHA,RECONDITIONED,1,3BD-DA16T,CARRY
CAR,TOYOTA,5BA-A201A RAIZE,JAPAN,PETROL,1196.0,KURUNEGALA,RECONDITIONED,6,5BA-A201A,RAIZE
CAR,SUZUKI,4AA-MN71S XBEE,JAPAN,PETROL,996.0,RATNAPURA,RECONDITIONED,1,4AA-MN71S,XBEE
CAR,SUZUKI,3BA-DA17W EVERY,JAPAN,PETROL,658.0,KURUNEGALA,RECONDITIONED,5,3BA-DA17W,EVERY
CAR,HONDA,6AA-RV5,JAPAN,PETROL/ELE,1496.0,COLOMBO,RECONDITIONED,3,6AA-RV5,VESEL
CAR,SUZUKI,5BD-DA17V EVERY,JAPAN,PETROL,658.0,KURUNEGALA,RECONDITIONED,13,5BD-DA17V,EVERY
CAR,DAIHATSU,5BA-LA650S TANTO,JAPAN,PETROL,658.0,COLOMBO,RECONDITIONED,1,5BA-LA650S,TANTO
CAR,TOYOTA,5BA-A201A RAIZE,JAPAN,PETROL,1196.0,KEGALLE,RECONDITIONED,1,5BA-A201A,RAIZE
CAR,DAIHATSU,5BA-LA900S TAFT,JAPAN,PETROL,658.0,COLOMBO,RECONDITIONED,25,5BA-LA900S,TAFT
CAR,AUDI,3AA-F3DFY Q3,GERMANY,PETROL,1497.0,BADULLA,RECONDITIONED,1,3AA-F3DFY,Q3
CAR,TOYOTA,5BA-M900 ROOMY,JAPAN,PETROL,996.0,GAMPAHA,RECONDITIONED,1,5BA-M900,ROOMY
CAR,SUZUKI,4AA-MK54S SPACIA,JAPAN,PETROL,658.0,KANDY,RECONDITIONED,4,4AA-MK54S,SPACIA
CAR,SUZUKI,4AA-MK54S SPACIA,JAPAN,PETROL/ELE,658.0,KURUNEGALA,RECONDITIONED,5,4AA-MK54S,SPACIA
CAR,SUZUKI,5AA-MR92S HUSTLER,JAPAN,PETROL/ELE,658.0,COLOMBO,RECONDITIONED,1,5AA-MR92S,HUSTLER
CAR,NISSAN,ALMERA,THAILAND,PETROL,999.0,COLOMBO,RECONDITIONED,6,,ALMERA
CAR,TOYOTA,5AA-A202A RAIZE,JAPAN,PETROL/ELE,1196.0,COLOMBO,RECONDITIONED,3,5AA-A202A,RAIZE
CAR,NISSAN,5AA-B44W DAYZ,JAPAN,PETROL,658.0,KEGALLE,RECONDITIONED,1,5AA-B44W,DAYZ
CAR,TOYOTA,6AA-MXPJ10 YARIS,JAPAN,PETROL/ELE,1496.0,BADULLA,RECONDITIONED,1,6AA-MXPJ10,YARIS
DUAL PURPOSE (COMMERCIAL),TOYOTA,REVO HILUX,THAILAND,DIESEL,2755.0,GAMPAHA,RECONDITIONED,1,,REVO HILUX
CAR,SUZUKI,5AA-HA97S,JAPAN,PETROL,657.0,GAMPAHA,RECONDITIONED,1,5AA-HA97S,Unknown
CAR,SUZUKI,5AA-MK94S SPACIA,JAPAN,PETROL/ELE,658.0,NUWARA-ELIYA,RECONDITIONED,1,5AA-MK94S,SPACIA
CAR,SUZUKI,3BA-DA17W EVERY,JAPAN,PETROL,658.0,GALLE,RECONDITIONED,1,3BA-DA17W,EVERY
CAR,TOYOTA,3BA-VJA300W,JAPAN,PETROL,3444.0,GALLE,RECONDITIONED,3,3BA-VJA300W,Unknown
CAR,SUZUKI,4AA-MN71S  XBEE,JAPAN,PETROL,996.0,MATARA,RECONDITIONED,1,4AA-MN71S,XBEE
CAR,SUZUKI,5BA-MH85S WAGON R,JAPAN,PETROL,658.0,BADULLA,RECONDITIONED,4,5BA-MH85S,WAGON R
CAR,HONDA,VEZEL 6AA-RV5,JAPAN,PETROL/ELE,1498.0,GALLE,RECONDITIONED,1,,VEZEL 6AA-RV5
CAR,TOYOTA,5AA-A202A RAIZE,JAPAN,PETROL/ELE,78.0,GAMPAHA,RECONDITIONED,20,5AA-A202A,RAIZE
CAR,TOYOTA,3BA-TRJ150W,JAPAN,PETROL,2693.0,COLOMBO,RECONDITIONED,6,3BA-TRJ150W,Unknown
CAR,SUZUKI,4AA-MK53S,JAPAN,PETROL,658.0,KANDY,RECONDITIONED,1,4AA-MK53S,Unknown
DUAL PURPOSE (COMMERCIAL),TOYOTA,HILUX 3DF-GUN125,JAPAN,DIESEL,2393.0,KANDY,RECONDITIONED,1,,HILUX 3DF-GUN125
CAR,TOYOTA,5AA-A202A RAIZE,JAPAN,PETROL/ELE,78.0,KURUNEGALA,RECONDITIONED,4,5AA-A202A,RAIZE
CAR,SUZUKI,5BA-MH85S WAGON R,JAPAN,PETROL,658.0,HAMBANTOTA,RECONDITIONED,5,5BA-MH85S,WAGON R
CAR,HONDA,N BOX   6BA-JF3,JAPAN,PETROL,658.0,KURUNEGALA,RECONDITIONED,1,,N BOX   6BA-JF3
CAR,SUZUKI,5AA-MR92S HUSTLER,JAPAN,PETROL/ELE,658.0,KURUNEGALA,RECONDITIONED,1,5AA-MR92S,HUSTLER
CAR,LEXUS,5AA-TALH17 RX500H,JAPAN,PETROL,2393.0,GAMPAHA,RECONDITIONED,1,5AA-TALH17,RX500H
CAR,SUZUKI,5BA-MH85S WAGON R,JAPAN,PETROL,658.0,BATTICALOA,RECONDITIONED,2,5BA-MH85S,WAGON R
CAR,SUZUKI,5BA-MH85S  WAGON R,JAPAN,PETROL,658.0,KALUTARA,RECONDITIONED,1,5BA-MH85S,WAGON R
COMMERCIAL,TOYOTA,COMMUTER,THAILAND,DIESEL,2755.0,COLOMBO,RECONDITIONED,2,,COMMUTER
CAR,DAIHATSU,3BA-A210S ROCKY,JAPAN,PETROL,996.0,PUTTALAM,RECONDITIONED,1,3BA-A210S,ROCKY
CAR,HONDA,6AA-RV 5 VEZEL,JAPAN,PETROL/ELE,1496.0,MATARA,RECONDITIONED,1,6AA-RV,5 VEZEL
CAR,DAIHATSU,5AA-A202S ROCYK,JAPAN,PETROL/ELE,78.0,GAMPAHA,RECONDITIONED,1,5AA-A202S,ROCYK
CAR,MERCEDES BENZ,GLB 200,AUSTRALIA,PETROL,1332.0,COLOMBO,RECONDITIONED,1,,GLB 200
CAR,TOYOTA,YARIS ATIVE,THAILAND,PETROL,1197.0,GALLE,RECONDITIONED,1,,YARIS ATIVE
CAR,SUZUKI,4AA-MK54S SPACIA,JAPAN,PETROL,658.0,KEGALLE,RECONDITIONED,1,4AA-MK54S,SPACIA
MOTOR CYCLE,HONDA,ADV 160,JAPAN,PETROL,157.0,PUTTALAM,RECONDITIONED,3,,ADV 160
CAR,SUZUKI,3BA-DA17W EVERY,JAPAN,PETROL,658.0,COLOMBO,RECONDITIONED,10,3BA-DA17W,EVERY
DUAL PURPOSE (COMMERCIAL),TOYOTA,3DF-GUN125 HILUX,JAPAN,DIESEL,2393.0,TRINCOMALEE,RECONDITIONED,1,3DF-GUN125,HILUX
DUAL PURPOSE (COMMERCIAL),TOYOTA,LAND CRUISER GXL UTE,JAPAN,DIESEL,2755.0,HAMBANTOTA,RECONDITIONED,1,,LAND CRUISER GXL UTE
LAND VEHICLE (SMALL),KUBOTA,K7,JAPAN,DIESEL,395.0,KURUNEGALA,RECONDITIONED,1,,K7
CAR,SUZUKI,5BD-DA17V EVERY,JAPAN,PETROL,658.0,RATNAPURA,RECONDITIONED,2,5BD-DA17V,EVERY
CAR,DAIHATSU,5BA-LA350S MIRA,JAPAN,PETROL,658.0,RATNAPURA,RECONDITIONED,2,5BA-LA350S,MIRA
CAR,SUZUKI,3BA-DA17W EVERY,JAPAN,PETROL,658.0,PUTTALAM,RECONDITIONED,4,3BA-DA17W,EVERY
CAR,NISSAN,5AA-B44A  ROOX,JAPAN,PETROL,658.0,RATNAPURA,RECONDITIONED,1,5AA-B44A,ROOX
CAR,SUZUKI,EVERY  5BD-DA17V,JAPAN,PETROL,658.0,KEGALLE,RECONDITIONED,1,,EVERY  5BD-DA17V
CAR,TOYOTA,3BA-A210A RAIZE,JAPAN,PETROL,996.0,MATARA,RECONDITIONED,4,3BA-A210A,RAIZE
CAR,TOYOTA,5BA-KSP210 YARIS,JAPAN,PETROL,996.0,NUWARA-ELIYA,RECONDITIONED,3,5BA-KSP210,YARIS
CAR,SUZUKI,5AA-MH95S WAGON R,JAPAN,PETROL,656.0,KANDY,RECONDITIONED,1,5AA-MH95S,WAGON R
CAR,SUZUKI,HUSTLER 5AA-MR92S,JAPAN,PETROL,658.0,GALLE,RECONDITIONED,1,,HUSTLER 5AA-MR92S
CAR,NISSAN,5BD-DR17V CLIPPER,JAPAN,PETROL,658.0,COLOMBO,RECONDITIONED,9,5BD-DR17V,CLIPPER
MOTOR CYCLE,HONDA,PCX -125,JAPAN,PETROL,124.0,PUTTALAM,RECONDITIONED,1,,PCX -125
CAR,SUZUKI,5BD-DA17V EVERY,JAPAN,PETROL,650.0,MATARA,RECONDITIONED,1,5BD-DA17V,EVERY
CAR,DAIHATSU,5BA-LA900S TAFT,JAPAN,PETROL,658.0,MATALE,RECONDITIONED,1,5BA-LA900S,TAFT
CAR,SUZUKI,5AA-MK94S SPACIA,JAPAN,PETROL/ELE,658.0,GALLE,RECONDITIONED,1,5AA-MK94S,SPACIA
CAR,SUZUKI,3BA-HA37S ALTO,JAPAN,PETROL,650.0,KALUTARA,RECONDITIONED,1,3BA-HA37S,ALTO
CAR,NISSAN,3BD-DR17V CLIPPER,JAPAN,PETROL,658.0,MATALE,RECONDITIONED,1,3BD-DR17V,CLIPPER
MOTOR CYCLE,HONDA,PCX 160,VIETNAM,PETROL,157.0,KURUNEGALA,RECONDITIONED,1,,PCX 160
CAR,TOYOTA,6AA-MXPJ10 YARIS,JAPAN,PETROL,1496.0,ANURADHAPURA,RECONDITIONED,1,6AA-MXPJ10,YARIS
CAR,SUZUKI,5AA-MH95S WAGON R,JAPAN,PETROL,658.0,JAFFNA,RECONDITIONED,10,5AA-MH95S,WAGON R
CAR,HONDA,CRV  VTI L7,JAPAN,PETROL,1498.0,KURUNEGALA,RECONDITIONED,1,,CRV  VTI L7
CAR,DAIHATSU,5BA-LA350S MIRA E.S,JAPAN,PETROL,658.0,GAMPAHA,RECONDITIONED,6,5BA-LA350S,MIRA E.S
CAR,TOYOTA,5BA-KSP210  YARIS,JAPAN,PETROL,996.0,ANURADHAPURA,RECONDITIONED,2,5BA-KSP210,YARIS
CAR,SUZUKI,3BA-DA17W EVERY,JAPAN,PETROL,658.0,POLONNARUWA,RECONDITIONED,1,3BA-DA17W,EVERY
CAR,SUZUKI,4AA-MK53S SPACIA,JAPAN,PETROL/ELE,658.0,MATALE,RECONDITIONED,1,4AA-MK53S,SPACIA
CAR,TOYOTA,5BA-M900A ROOMY,JAPAN,PETROL,996.0,TRINCOMALEE,RECONDITIONED,2,5BA-M900A,ROOMY
CAR,TOYOTA,5BA-KSP10 YARIS,JAPAN,PETROL,996.0,COLOMBO,RECONDITIONED,1,5BA-KSP10,YARIS
CAR,SUZUKI,5BA-MH85S WAGON R,JAPAN,PETROL,656.0,COLOMBO,RECONDITIONED,8,5BA-MH85S,WAGON R
MOTOR CYCLE,HONDA,PCX125,JAPAN,PETROL,124.0,PUTTALAM,RECONDITIONED,4,,PCX125
CAR,TOYOTA,YARIS CROSS,THAILAND,PETROL/ELE,1496.0,KANDY,RECONDITIONED,1,,YARIS CROSS
CAR,SUZUKI,4AA-MK53S SPACIA,JAPAN,PETROL/ELE,658.0,KURUNEGALA,RECONDITIONED,1,4AA-MK53S,SPACIA
CAR,SUZUKI,5AA-ZCEDS SWIFT,JAPAN,PETROL,1197.0,BADULLA,RECONDITIONED,1,5AA-ZCEDS,SWIFT
CAR,DAIHATSU,5BA-LA350S MIRA E S,JAPAN,PETROL,658.0,GAMPAHA,RECONDITIONED,4,5BA-LA350S,MIRA E S
MOTOR CYCLE,HONDA,PCX  125,JAPAN,PETROL,124.0,PUTTALAM,RECONDITIONED,2,,PCX  125
CAR,MERCEDES BENZ,4AA-213077C E200,GERMANY,PETROL,1499.0,GAMPAHA,RECONDITIONED,1,4AA-213077C,E200
CAR,HONDA,6AA-RV5,JAPAN,PETROL/ELE,1496.0,GALLE,RECONDITIONED,1,6AA-RV5,VESEL
CAR,HONDA,6BA-JH3 N WGN,JAPAN,PETROL,656.0,COLOMBO,RECONDITIONED,2,6BA-JH3,N WGN
MOTOR LORRY (COMMERCIAL),ISUZU,TPG-NMR85N,JAPAN,DIESEL,2990.0,GALLE,RECONDITIONED,1,TPG-NMR85N,Unknown
MOTOR LORRY (COMMERCIAL),ISUZU,TSG-NPR85AN FREEZER,JAPAN,DIESEL,2990.0,GAMPAHA,RECONDITIONED,1,TSG-NPR85AN,FREEZER
MOTOR CYCLE,HONDA,8BK-KF47,JAPAN,PETROL,157.0,POLONNARUWA,RECONDITIONED,1,8BK-KF47,Unknown
MOTOR CYCLE,HONDA,CD 125T,JAPAN,PETROL,125.0,MATARA,RECONDITIONED,1,,CD 125T
MOTOR CYCLE,HONDA,PCX,VIETNAM,PETROL,157.0,PUTTALAM,RECONDITIONED,1,,PCX
CAR,SUZUKI,5BD-DA17V  EVERY,JAPAN,PETROL,658.0,KURUNEGALA,RECONDITIONED,1,5BD-DA17V,EVERY
DUAL PURPOSE (COMMERCIAL),TOYOTA,HILUX REVO ROCCO,THAILAND,DIESEL,2755.0,RATNAPURA,RECONDITIONED,1,,HILUX REVO ROCCO
CAR,MITSUBISHI,5AA-B34W EK X,JAPAN,PETROL,658.0,KANDY,RECONDITIONED,1,5AA-B34W,EK X
MOTOR LORRY (COMMERCIAL),ISUZU,TPG-NPR85AN ELF,JAPAN,DIESEL,2990.0,MATARA,RECONDITIONED,1,TPG-NPR85AN,ELF
DUAL PURPOSE (COMMERCIAL),TOYOTA,HILUX ROCCO 2.8L,THAILAND,DIESEL,2755.0,PUTTALAM,RECONDITIONED,1,,HILUX ROCCO 2.8L
CAR,TOYOTA,5AA-A202A,JAPAN,PETROL/ELE,78.0,GAMPAHA,RECONDITIONED,1,5AA-A202A,RAIZE
CAR,DAIHATSU,5BA-LA900S,JAPAN,PETROL,658.0,COLOMBO,RECONDITIONED,3,5BA-LA900S,TAFT
CAR,SUZUKI,5AA-MK94S SPACIA,JAPAN,PETROL,658.0,KANDY,RECONDITIONED,1,5AA-MK94S,SPACIA
CAR,NISSAN,3BA-DR17W CLIPPER,JAPAN,PETROL,658.0,KANDY,RECONDITIONED,2,3BA-DR17W,CLIPPER
CAR,SUZUKI,5AA-MH95S  WAGON R,JAPAN,PETROL,658.0,GALLE,RECONDITIONED,1,5AA-MH95S,WAGON R
CAR,MITSUBISHI,5BA-GK1W ECLIPSE,JAPAN,PETROL,1498.0,GALLE,RECONDITIONED,1,5BA-GK1W,ECLIPSE
MOTOR CYCLE,HONDA,8BK-KF47,JAPAN,PETROL,157.0,PUTTALAM,RECONDITIONED,1,8BK-KF47,Unknown
MOTOR CYCLE,HONDA,PCX160,JAPAN,PETROL,156.0,KURUNEGALA,RECONDITIONED,1,,PCX160
CAR,TOYOTA,TAISOR V,INDIA,PETROL,998.0,GAMPAHA,RECONDITIONED,1,,TAISOR V
CAR,NISSAN,5AA-B44W DAYS,JAPAN,PETROL,658.0,GAMPAHA,RECONDITIONED,1,5AA-B44W,DAYS
CAR,NISSAN,5AA-B44W  DAYS,JAPAN,PETROL,659.0,HAMBANTOTA,RECONDITIONED,1,5AA-B44W,DAYS
CAR,MERCEDES BENZ,AMG G63,UNITED KINGDOM,PETROL,3982.0,POLONNARUWA,RECONDITIONED,1,,AMG G63
CAR,SUZUKI,5AA-MK94S,JAPAN,PETROL,658.0,COLOMBO,RECONDITIONED,1,5AA-MK94S,SPASIA
CAR,DAIHATSU,5BA-LA900S TAFT,JAPAN,PETROL,658.0,ANURADHAPURA,RECONDITIONED,3,5BA-LA900S,TAFT
MOTOR CYCLE,HONDA,CRF,THAILAND,PETROL,249.0,GAMPAHA,RECONDITIONED,1,,CRF
CAR,SUZUKI,5BA-MH85S,JAPAN,PETROL,658.0,TRINCOMALEE,RECONDITIONED,1,5BA-MH85S,WAGOON R
CAR,SUZUKI,5BA-MH85S WAGON R,JAPAN,PETROL,657.0,MULLATIVU,RECONDITIONED,1,5BA-MH85S,WAGON R
CAR,TOYOTA,4BA-M900A ROOMY,JAPAN,PETROL,996.0,RATNAPURA,RECONDITIONED,2,4BA-M900A,ROOMY
CAR,TOYOTA,3BA-TRJ150W,JAPAN,PETROL,2693.0,RATNAPURA,RECONDITIONED,2,3BA-TRJ150W,Unknown
DUAL PURPOSE (COMMERCIAL),TOYOTA,HILUX REVO GR SPORT,THAILAND,DIESEL,2755.0,GALLE,RECONDITIONED,2,,HILUX REVO GR SPORT
MOTOR CYCLE,HONDA,PCX,JAPAN,PETROL,157.0,KANDY,RECONDITIONED,1,,PCX
CAR,HONDA,5BA-RZ3 ZR-V,JAPAN,PETROL,1496.0,COLOMBO,RECONDITIONED,1,5BA-RZ3,ZR-V
CAR,TOYOTA,5BA-KSP210 YARIS,JAPAN,PETROL,996.0,MATALE,RECONDITIONED,1,5BA-KSP210,YARIS
CAR,MERCEDES BENZ,S580L AMG LINE PREM,GERMANY,PETROL/ELE,2998.0,COLOMBO,RECONDITIONED,1,,S580L AMG LINE PREM
CAR,TOYOTA,3BA-NGX10 CH-R,JAPAN,PETROL,1196.0,GAMPAHA,RECONDITIONED,1,3BA-NGX10,CH-R
CAR,SUZUKI,5BA-HE33S ALTO LAPIN,JAPAN,PETROL,658.0,HAMBANTOTA,RECONDITIONED,1,5BA-HE33S,ALTO LAPIN
CAR,TOYOTA,YARIS CROSS,THAILAND,PETROL/ELE,1496.0,PUTTALAM,RECONDITIONED,1,,YARIS CROSS
CAR,TOYOTA,YARIS ATIV,THAILAND,PETROL,1197.0,KANDY,RECONDITIONED,1,,YARIS ATIV
CAR,DAIHATSU,5BA-LA910S TAFT,JAPAN,PETROL,658.0,KURUNEGALA,RECONDITIONED,1,5BA-LA910S,TAFT
COMMERCIAL,TOYOTA,3DF-GDH223B HIACE,JAPAN,DIESEL,2754.0,GALLE,RECONDITIONED,1,3DF-GDH223B,HIACE
CAR,NISSAN,ALMERA     GRADE VL,THAILAND,PETROL,999.0,GAMPAHA,RECONDITIONED,1,,ALMERA     GRADE VL
DUAL PURPOSE (COMMERCIAL),TOYOTA,3DF-GUN125 HILUX,JAPAN,DIESEL,2393.0,GAMPAHA,RECONDITIONED,6,3DF-GUN125,HILUX
CAR,MERCEDES BENZ,5AA-206042C C200,GERMANY,PETROL,1494.0,COLOMBO,RECONDITIONED,1,5AA-206042C,C200
MOTOR LORRY (COMMERCIAL),HINO,TKG-XZU655M DUTRO,JAPAN,DIESEL,4000.0,KEGALLE,RECONDITIONED,1,TKG-XZU655M,DUTRO
CAR,SUZUKI,3BD-DA17V EVERY,JAPAN,PETROL,656.0,KALUTARA,RECONDITIONED,1,3BD-DA17V,EVERY
CAR,SUZUKI,5AA-HA97S ALTO,JAPAN,PETROL,658.0,MATARA,RECONDITIONED,1,5AA-HA97S,ALTO
MOTOR LORRY (COMMERCIAL),MITSUBISHI,PDG-FG74D CANTER,JAPAN,DIESEL,4890.0,PUTTALAM,RECONDITIONED,1,PDG-FG74D,CANTER
CAR,TOYOTA,6AA-MXPJ10 YARIS,JAPAN,PETROL/ELE,1490.0,KURUNEGALA,RECONDITIONED,1,6AA-MXPJ10,YARIS
CAR,SUZUKI,5BA-MH85S WAGON R,JAPAN,PETROL/ELE,658.0,BADULLA,RECONDITIONED,1,5BA-MH85S,WAGON R
CAR,B.M.W.,X1 XDRIVE 25E,UNITED KINGDOM,PETROL/ELE,1499.0,COLOMBO,RECONDITIONED,1,,X1 XDRIVE 25E
CAR,SUZUKI,5BA-MH85S WAGON R,JAPAN,PETROL,657.0,COLOMBO,RECONDITIONED,5,5BA-MH85S,WAGON R
CAR,MITSUBISHI,5BA-B33W EK WAGON,JAPAN,PETROL,658.0,MONERAGALA,RECONDITIONED,1,5BA-B33W,EK WAGON
CAR,SUZUKI,5AA-MK94S,JAPAN,PETROL,658.0,KALUTARA,RECONDITIONED,1,5AA-MK94S,SPASIA
CAR,SUZUKI,5AA-MK53S SPACIA,JAPAN,PETROL,658.0,COLOMBO,RECONDITIONED,2,5AA-MK53S,SPACIA
DUAL PURPOSE (COMMERCIAL),TOYOTA,HILUX GR SPORT,THAILAND,DIESEL,2755.0,RATNAPURA,RECONDITIONED,2,,HILUX GR SPORT
CAR,TOYOTA,3BA-TRJ150W,JAPAN,PETROL,2696.0,GAMPAHA,RECONDITIONED,1,3BA-TRJ150W,Unknown
MOTOR CYCLE,KAWASAKI,ZX 250 EE,THAILAND,PETROL,249.0,GAMPAHA,RECONDITIONED,1,,ZX 250 EE
CAR,SUZUKI,4AA-MN71S X-BEE,JAPAN,PETROL,996.0,GAMPAHA,RECONDITIONED,1,4AA-MN71S,X-BEE
CAR,SUZUKI,5BA-MH85S WAGON R,JAPAN,PETROL/ELE,658.0,MATARA,RECONDITIONED,1,5BA-MH85S,WAGON R
CAR,SUZUKI,5AA-HA97S ALTO,JAPAN,PETROL/ELE,657.0,GAMPAHA,RECONDITIONED,1,5AA-HA97S,ALTO
CAR,PEUGEOT,5008 GT MHEV AUTO,UNITED KINGDOM,PETROL,1199.0,GAMPAHA,RECONDITIONED,1,,5008 GT MHEV AUTO
CAR,SUZUKI,5BA-MH85SWAGON R,JAPAN,PETROL,658.0,GAMPAHA,RECONDITIONED,1,5BA-MH85SWAGON,R
CAR,DAIHATSU,5BA-LA900S TAFT,JAPAN,PETROL,658.0,NUWARA-ELIYA,RECONDITIONED,1,5BA-LA900S,TAFT
CAR,DAIHATSU,4BA-M900S THOR,JAPAN,PETROL,996.0,KURUNEGALA,RECONDITIONED,1,4BA-M900S,THOR
CAR,TOYOTA,5BA-M900A ROOMY,JAPAN,PETROL,996.0,RATNAPURA,RECONDITIONED,1,5BA-M900A,ROOMY
CAR,SUZUKI,4AA-MH55S WAGON R,JAPAN,PETROL,658.0,MATALE,RECONDITIONED,1,4AA-MH55S,WAGON R
CAR,TOYOTA,5AA-A202A RAIZE,JAPAN,PETROL/ELE,78.0,POLONNARUWA,RECONDITIONED,1,5AA-A202A,RAIZE
PRIMER MOVER,MAN,TGX-26.470,UNITED KINGDOM,DIESEL,12419.0,GAMPAHA,RECONDITIONED,1,TGX-26,.470
MOTOR LORRY (COMMERCIAL),MITSUBISHI,TKG-FEB50 CANTER,JAPAN,DIESEL,2990.0,KURUNEGALA,RECONDITIONED,1,TKG-FEB50,CANTER
CAR,DAIHATSU,5BA-LA350S MIRA,JAPAN,PETROL,658.0,AMPARA,RECONDITIONED,1,5BA-LA350S,MIRA
MOTOR CYCLE,HONDA,PCX 125,VIETNAM,PETROL,124.0,KURUNEGALA,RECONDITIONED,1,,PCX 125
CAR,NISSAN,5BD-DA17V,JAPAN,PETROL,658.0,COLOMBO,RECONDITIONED,1,5BD-DA17V,EVERY
CAR,TOYOTA,5BA KSP210 YARIS,JAPAN,PETROL,996.0,GALLE,RECONDITIONED,1,,5BA KSP210 YARIS
CAR,SUZUKI,5AA-MH95S WAGON R,JAPAN,PETROL,658.0,BADULLA,RECONDITIONED,1,5AA-MH95S,WAGON R
CAR,NISSAN,5AA-B44A,JAPAN,PETROL,658.0,GAMPAHA,RECONDITIONED,1,5AA-B44A,ROOX
CAR,LAND ROVER,DEFENDER X-DYNAMIC,UNITED KINGDOM,PETROL/ELE,1997.0,PUTTALAM,RECONDITIONED,1,,DEFENDER X-DYNAMIC
DUAL PURPOSE (COMMERCIAL),TOYOTA,HILUX REVO ROCCO,THAILAND,DIESEL,2755.0,JAFFNA,RECONDITIONED,1,,HILUX REVO ROCCO
CAR,TOYOTA,6AA-ZWR90W  VOXY,JAPAN,PETROL/ELE,1797.0,KANDY,RECONDITIONED,1,6AA-ZWR90W,VOXY
CAR,TOYOTA,6AA-NKE165 AXIO,JAPAN,PETROL/ELE,1496.0,COLOMBO,RECONDITIONED,1,6AA-NKE165,AXIO
CAR,LEXUS,6AA-AAZH25 NX350H,JAPAN,PETROL/ELE,2487.0,COLOMBO,RECONDITIONED,1,6AA-AAZH25,NX350H
MOTOR CYCLE,HONDA,PCX125,JAPAN,PETROL,124.0,GAMPAHA,RECONDITIONED,1,,PCX125
CAR,SUZUKI,5AA-MH95S  WAGON R,JAPAN,PETROL,658.0,JAFFNA,RECONDITIONED,1,5AA-MH95S,WAGON R
COMMERCIAL,TOYOTA,3DF-GDH223B LETNY,JAPAN,DIESEL,2754.0,COLOMBO,RECONDITIONED,1,3DF-GDH223B,LETNY
CAR,DAIHATSU,5BA-LA350S,JAPAN,PETROL,658.0,KALUTARA,RECONDITIONED,1,5BA-LA350S,MIRA.ES
CAR,SUZUKI,5AA-MK94S SPACIA,JAPAN,PETROL,658.0,BADULLA,RECONDITIONED,1,5AA-MK94S,SPACIA
CAR,HONDA,VEZEL 6AA-RV5,JAPAN,PETROL/ELE,1496.0,GALLE,RECONDITIONED,1,,VEZEL 6AA-RV5
CAR,HONDA,6BA-JF5 N-BOX,JAPAN,PETROL,658.0,GALLE,RECONDITIONED,1,6BA-JF5,N-BOX
CAR,TOYOTA,YARIS CROSS,THAILAND,PETROL/ELE,1496.0,POLONNARUWA,RECONDITIONED,1,,YARIS CROSS
MOTOR CYCLE,RISE,LEADER 125,SRI LANKA,PETROL,125.0,MANNAR,BRAND NEW-L/MANUFACT,2,,LEADER 125
MOTOR CYCLE,RISE,LEADER 125,SRI LANKA,PETROL,125.0,HAMBANTOTA,BRAND NEW-L/MANUFACT,2,,LEADER 125
MOTOR CYCLE,RISE,LEADER R80,SRI LANKA,ELECTRIC,2.0,PUTTALAM,BRAND NEW-L/MANUFACT,1,,LEADER R80
MOTOR CYCLE,RISE,LEADER R 100,SRI LANKA,ELECTRIC,2.0,RATNAPURA,BRAND NEW-L/MANUFACT,1,,LEADER R 100
MOTOR CYCLE,RISE,LEADER PLUS,SRI LANKA,ELECTRIC,2.0,MANNAR,BRAND NEW-L/MANUFACT,1,,LEADER PLUS
MOTOR CYCLE,RISE,LEADER R 100,SRI LANKA,ELECTRIC,2.0,KILINOCHCHI,BRAND NEW-L/MANUFACT,2,,LEADER R 100
TRACTOR TRAILER/BOWSER,LOCALLY BUILT,TRACTOR  TRAILER,SRI LANKA,NOT STATED,0.0,KURUNEGALA,LOCALLY BUILT,5,,TRACTOR  TRAILER
TRACTOR TRAILER/BOWSER,LOCALLY BUILT,LOW BED TRAILER,SRI LANKA,NOT STATED,0.0,TRINCOMALEE,LOCALLY BUILT,3,,LOW BED TRAILER
TRACTOR TRAILER/BOWSER,LOCALLY BUILT,LOW BED TRAILER,SRI LANKA,NOT STATED,0.0,BADULLA,LOCALLY BUILT,3,,LOW BED TRAILER
LORRY TRAILER/BOWSER,DUTCH LANKA TRAILER,DLST-40/40T,SRI LANKA,NOT STATED,0.0,NUWARA-ELIYA,LOCALLY BUILT,1,DLST-40,/40T
TRACTOR TRAILER/BOWSER,LOCALLY BUILT,LOW BED TRAILER,SRI LANKA,OTHERS,0.0,KURUNEGALA,LOCALLY BUILT,1,,LOW BED TRAILER
TRACTOR TRAILER/BOWSER,LOCALLY BUILT,LOW BED TRAILER,SRI LANKA,NOT STATED,0.0,MULLATIVU,LOCALLY BUILT,1,,LOW BED TRAILER
MOTOR CYCLE,TMR LUYUAN,S18,CHINA,ELECTRIC,1.2,KURUNEGALA,BRAND NEW,8,,S18
MOTOR CYCLE,RANOMOTO,GN125H,CHINA,PETROL,124.0,COLOMBO,BRAND NEW,43,,GN125H
MOTOR CYCLE,TVS,TVS NTORQ 125 CC,INDIA,PETROL,124.8,JAFFNA,BRAND NEW,177,,TVS NTORQ 125 CC
LAND VEHICLE,TAFE,45DI,INDIA,DIESEL,2500.0,MANNAR,BRAND NEW,8,,45DI
SINGLE CAB,MAHINDRA,BOLERO CITY PICKUP,INDIA,DIESEL,2523.0,PUTTALAM,BRAND NEW,2,,BOLERO CITY PICKUP
LAND VEHICLE (SMALL),KUBOTA,SP 155,THAILAND,DIESEL,770.0,ANURADHAPURA,BRAND NEW,1,,SP 155
MOTOR CYCLE,TVS,TVS NTORQ 125 CC,INDIA,PETROL,124.8,BADULLA,BRAND NEW,23,,TVS NTORQ 125 CC
SINGLE CAB,MAHINDRA,BOLERO CITY PICKUP,INDIA,DIESEL,2523.0,JAFFNA,BRAND NEW,10,,BOLERO CITY PICKUP
THREE WHEELER,BAJAJ,RE 4S AUTORICKSHAW,INDIA,PETROL,237.0,HAMBANTOTA,BRAND NEW,35,,RE 4S AUTORICKSHAW
THREE WHEELER,BAJAJ,RE 4S AUTORICKSHAW,INDIA,PETROL,237.0,COLOMBO,BRAND NEW,113,,RE 4S AUTORICKSHAW
CAR,BYD,DOLPHIN-DYNAMIC 70,CHINA,ELECTRIC,70.0,GAMPAHA,BRAND NEW,25,,DOLPHIN-DYNAMIC 70
CAR,BYD,SEAL-COMFORT,CHINA,ELECTRIC,100.0,COLOMBO,BRAND NEW,18,SEAL-COMFORT,Unknown
CAR,PERODUA,BEZZA,MALAYSIA,PETROL,998.0,COLOMBO,BRAND NEW,40,,BEZZA
MOTOR TRICYCLE VAN,MAHINDRA,ALFA LOAD CARRIER,INDIA,DIESEL,436.0,GAMPAHA,BRAND NEW,2,,ALFA LOAD CARRIER
LAND VEHICLE,MAHINDRA,YUVO TECH PLUS 575DI,INDIA,DIESEL,2979.0,BATTICALOA,BRAND NEW,4,,YUVO TECH PLUS 575DI
CAR,TATA,PUNCH CREATIVE,INDIA,PETROL,1199.0,COLOMBO,BRAND NEW,1,,PUNCH CREATIVE
MOTOR CYCLE,TVS,TVS NTORQ 125 CC,INDIA,PETROL,124.8,TRINCOMALEE,BRAND NEW,57,,TVS NTORQ 125 CC
MOTOR CYCLE,LUYUAN,MYY-Z35J,CHINA,ELECTRIC,2.0,HAMBANTOTA,BRAND NEW,1,MYY-Z35J,Unknown
MOTOR CYCLE,RANOMOTO,GN125H,CHINA,PETROL,124.0,KALUTARA,BRAND NEW,50,,GN125H
MOTOR CYCLE,BAJAJ,PULSAR N 160,INDIA,PETROL,164.32,BADULLA,BRAND NEW,45,,PULSAR N 160
MOTOR CYCLE,BAJAJ,PULSAR N 160,INDIA,PETROL,164.32,MATARA,BRAND NEW,40,,PULSAR N 160
MOTOR CYCLE,BAJAJ,PULSAR N 125,INDIA,PETROL,124.58,KURUNEGALA,BRAND NEW,136,,PULSAR N 125
MOTOR CYCLE,BAJAJ,PULSAR N 160,INDIA,PETROL,164.32,KANDY,BRAND NEW,56,,PULSAR N 160
MOTOR CYCLE,YADEA,EPOC H,CHINA,ELECTRIC,2.0,MATARA,BRAND NEW,3,,EPOC H
MOTOR CYCLE,YADEA,T5,CHINA,ELECTRIC,1.2,MATALE,BRAND NEW,22,,T5
MOTOR LORRY (COMMERCIAL),ISUZU,NPR75U-HL5VAYN,JAPAN,DIESEL,5193.0,POLONNARUWA,BRAND NEW,1,,NPR75U-HL5VAYN
CAR,BYD,ATTO-3-SUPERIOR,CHINA,ELECTRIC,100.0,RATNAPURA,BRAND NEW,5,ATTO-3-SUPERIOR,Unknown
MOTOR CYCLE,HERO,HUNK 160,INDIA,PETROL,163.14,COLOMBO,BRAND NEW,1,,HUNK 160
MOTOR CYCLE,YADEA,RUIBIN,CHINA,ELECTRIC,0.8,KURUNEGALA,BRAND NEW,31,,RUIBIN
CAR,NISSAN,MAGNITE N-CONNECTA,INDIA,PETROL,999.0,MONERAGALA,BRAND NEW,1,,MAGNITE N-CONNECTA
MOTOR CYCLE,NWOW,WSP,CHINA,ELECTRIC,1.5,KALUTARA,BRAND NEW,1,,WSP
MOTOR CYCLE,NWOW,TK 10,CHINA,ELECTRIC,0.8,GAMPAHA,BRAND NEW,11,,TK 10
DUAL PURPOSE (COMMERCIAL),BYD,SHARK 6,CHINA,PETROL/ELE,1498.0,COLOMBO,BRAND NEW,8,,SHARK 6
CAR,PERODUA,AXIA CG1GZ,MALAYSIA,PETROL,998.0,COLOMBO,BRAND NEW,36,,AXIA CG1GZ
MOTOR CYCLE,YAMAHA,RAY ZR 125,INDIA,PETROL,125.0,KANDY,BRAND NEW,15,,RAY ZR 125
MOTOR CYCLE,YAMAHA,MT 15 VER 2.0,INDIA,PETROL,155.0,AMPARA,BRAND NEW,10,,MT 15 VER 2.0
MOTOR CYCLE,LUYUAN,MYT,CHINA,ELECTRIC,0.8,GALLE,BRAND NEW,1,,MYT
MOTOR CYCLE,LUYUAN ALFA,M-MKK-Z30LJ-12-C,CHINA,ELECTRIC,1.8,COLOMBO,BRAND NEW,1,,M-MKK-Z30LJ-12-C
MOTOR CYCLE,YAMAHA,RAY ZRSTREETRALLY125,INDIA,PETROL,125.0,COLOMBO,BRAND NEW,31,,RAY ZRSTREETRALLY125
CAR,BYD,SEAL-COMFORT,CHINA,ELECTRIC,100.0,KALUTARA,BRAND NEW,5,SEAL-COMFORT,Unknown
LAND VEHICLE,TAFE,45DI,INDIA,DIESEL,2700.0,ANURADHAPURA,BRAND NEW,6,,45DI
MOTOR CYCLE,ATHER,450X,INDIA,ELECTRIC,3.0,KALUTARA,BRAND NEW,3,,450X
LAND VEHICLE,TAFE,45DI,INDIA,DIESEL,2500.0,POLONNARUWA,BRAND NEW,3,,45DI
MOTOR CYCLE,YAMAHA,RAY ZR 125,INDIA,PETROL,125.0,NUWARA-ELIYA,BRAND NEW,15,,RAY ZR 125
COMMERCIAL,TOYOTA,KDH223R-LEMDYT HIACE,JAPAN,DIESEL,2982.0,KALUTARA,BRAND NEW,2,,KDH223R-LEMDYT HIACE
MOTOR CYCLE,BAJAJ,BOXER AR,INDIA,PETROL,99.35,MATARA,BRAND NEW,1,,BOXER AR
MOTOR CYCLE,QUANLE,ZL,CHINA,ELECTRIC,2.0,RATNAPURA,BRAND NEW,6,,ZL
MOTOR CYCLE,QUANLE,ZL,CHINA,ELECTRIC,2.0,HAMBANTOTA,BRAND NEW,6,,ZL
CAR,BYD,M6 SUPERIOR,CHINA,ELECTRIC,100.0,GALLE,BRAND NEW,2,,M6 SUPERIOR
LAND VEHICLE,NEW HOLLAND,3630,INDIA,DIESEL,2931.0,COLOMBO,BRAND NEW,1,,3630
MOTOR CYCLE,YADEA,EPOC H,CHINA,ELECTRIC,2.0,COLOMBO,BRAND NEW,7,,EPOC H
MOTOR CYCLE,BAJAJ,PULSAR NS 200,INDIA,PETROL,199.5,MANNAR,BRAND NEW,2,,PULSAR NS 200
COMMERCIAL,TOYOTA,XZB70R ZGMNY COASTER,JAPAN,DIESEL,4009.0,PUTTALAM,BRAND NEW,1,,XZB70R ZGMNY COASTER
MOTOR CYCLE,YAMAHA,YZF R15 VER 4.0,INDIA,PETROL,155.0,GALLE,BRAND NEW,2,,YZF R15 VER 4.0
MOTOR CYCLE,YAMAHA,MT 15 VER 2.0,INDIA,PETROL,155.0,RATNAPURA,BRAND NEW,4,,MT 15 VER 2.0
CAR,NISSAN,MAGNITE TEKNA PLUS,INDIA,PETROL,999.0,VAVUNIYA,BRAND NEW,1,,MAGNITE TEKNA PLUS
MOTOR CYCLE,BAJAJ,DISCOVER 125,INDIA,PETROL,124.52,MATARA,BRAND NEW,2,,DISCOVER 125
MOTOR CYCLE,DAYWANG(DW)SL,E-MOTOR CYCLE,CHINA,ELECTRIC,0.8,AMPARA,BRAND NEW,5,,E-MOTOR CYCLE
CAR,BYD,ATTO-3-SUPERIOR,CHINA,ELECTRIC,100.0,MATARA,BRAND NEW,3,ATTO-3-SUPERIOR,Unknown
CAR,AUDI,E-TRON 50 QUATTRO,GERMANY,ELECTRIC,230.0,COLOMBO,BRAND NEW,2,,E-TRON 50 QUATTRO
CAR,BYD,DOLPHIN-DYNAMIC 70,CHINA,ELECTRIC,70.0,GALLE,BRAND NEW,8,,DOLPHIN-DYNAMIC 70
MOTOR CYCLE,HERO,XOOM-110,INDIA,PETROL,110.9,KURUNEGALA,BRAND NEW,98,XOOM-110,Unknown
MOTOR CYCLE,HERO,XOOM-110,INDIA,PETROL,110.9,ANURADHAPURA,BRAND NEW,61,XOOM-110,Unknown
LAND VEHICLE (SMALL),KUBOTA,SP 155,THAILAND,DIESEL,770.0,HAMBANTOTA,BRAND NEW,2,,SP 155
CAR,BYD,M6 STANDARD,CHINA,ELECTRIC,100.0,GAMPAHA,BRAND NEW,1,,M6 STANDARD
MOTOR CYCLE,HERO,HF-DELUXE,INDIA,PETROL,97.2,KANDY,BRAND NEW,2,HF-DELUXE,Unknown
THREE WHEELER,MAHINDRA,TREO,INDIA,ELECTRIC,3.5,COLOMBO,BRAND NEW,7,,TREO
MOTOR CYCLE,YAMAHA,MT 15 VER 2.0,INDIA,PETROL,155.0,BATTICALOA,BRAND NEW,14,,MT 15 VER 2.0
MOTOR CYCLE,BAJAJ,PULSAR N 125,INDIA,PETROL,124.58,MULLATIVU,BRAND NEW,10,,PULSAR N 125
CAR,BYD,DOLPHIN-DYNAMIC 70,CHINA,ELECTRIC,70.0,MONERAGALA,BRAND NEW,1,,DOLPHIN-DYNAMIC 70
SINGLE CAB,MAHINDRA,BOLERO CITY PICKUP,INDIA,DIESEL,2523.0,KEGALLE,BRAND NEW,2,,BOLERO CITY PICKUP
CAR,TATA,NEXON EV,INDIA,ELECTRIC,98.0,COLOMBO,BRAND NEW,2,,NEXON EV
COMMERCIAL,TOYOTA,KDH223R-LEMDYT HIACE,JAPAN,DIESEL,2982.0,COLOMBO,BRAND NEW,11,,KDH223R-LEMDYT HIACE
MOTOR CYCLE,QUANLE,ZL,CHINA,ELECTRIC,2.0,MONERAGALA,BRAND NEW,1,,ZL
CAR,KIA,SONET,INDIA,PETROL,998.0,RATNAPURA,BRAND NEW,1,,SONET
MOTOR CYCLE,BAJAJ,PULSAR NS 200,INDIA,PETROL,199.5,HAMBANTOTA,BRAND NEW,2,,PULSAR NS 200
CAR,HONDA,RV589SJNX  HR-V,THAILAND,PETROL/ELE,1496.0,GAMPAHA,BRAND NEW,3,,RV589SJNX  HR-V
CAR,TOYOTA,F800RE-GQGF RUSH,INDONESIA,PETROL,1496.0,GAMPAHA,BRAND NEW,2,,F800RE-GQGF RUSH
DUAL PURPOSE (COMMERCIAL),TOYOTA,GUN126R-DTTHX  HILUX,THAILAND,DIESEL,2755.0,KANDY,BRAND NEW,3,,GUN126R-DTTHX  HILUX
CAR,TOYOTA,CAMRY AXVH80R-AEXGBW,JAPAN,PETROL/ELE,2487.0,GALLE,BRAND NEW,1,,CAMRY AXVH80R-AEXGBW
MOTOR CYCLE,BAJAJ,DISCOVER 150,INDIA,PETROL,144.8,MATARA,BRAND NEW,1,,DISCOVER 150
DUAL PURPOSE (COMMERCIAL),TOYOTA,GUN126R-DTT5X  HILUX,THAILAND,DIESEL,2755.0,COLOMBO,BRAND NEW,4,,GUN126R-DTT5X  HILUX
MOTOR CYCLE,LUYUAN,MNK3,CHINA,ELECTRIC,1.5,MONERAGALA,BRAND NEW,4,,MNK3
MOTOR CYCLE,RANOMOTO,GN125H,CHINA,PETROL,124.0,JAFFNA,BRAND NEW,1,,GN125H
MOTOR CYCLE,SOLID,G6,CHINA,ELECTRIC,1.5,KALUTARA,BRAND NEW,1,,G6
CAR,KIA,CARENS,INDIA,PETROL,1500.0,COLOMBO,BRAND NEW,1,,CARENS
MOTOR CYCLE,YAMAHA,RAY ZR 125,INDIA,PETROL,125.0,MANNAR,BRAND NEW,2,,RAY ZR 125
SINGLE CAB,TATA,ACE HT2,INDIA,DIESEL,702.0,JAFFNA,BRAND NEW,2,,ACE HT2
MOTOR CYCLE,YADEA,RUIBIN,CHINA,ELECTRIC,0.8,KILINOCHCHI,BRAND NEW,3,,RUIBIN
THREE WHEELER,NWOW,ERVS4 PLUS,CHINA,ELECTRIC,0.8,COLOMBO,BRAND NEW,2,,ERVS4 PLUS
MOTOR CYCLE,QUANLE,G18,CHINA,ELECTRIC,2.0,HAMBANTOTA,BRAND NEW,3,,G18
SINGLE CAB,TATA,ACE HT2,INDIA,DIESEL,702.0,PUTTALAM,BRAND NEW,2,,ACE HT2
MOTOR CYCLE,LUYUAN,S90 PLUS,CHINA,ELECTRIC,1.5,HAMBANTOTA,BRAND NEW,1,,S90 PLUS
SINGLE CAB,TATA,YODHA,INDIA,DIESEL,2956.0,GAMPAHA,BRAND NEW,3,,YODHA
MOTOR CYCLE,REVOLT,RV 1,INDIA,ELECTRIC,1.8,COLOMBO,BRAND NEW,1,,RV 1
LAND VEHICLE,SOLIS,4520,INDIA,DIESEL,2893.0,MULLATIVU,BRAND NEW,1,,4520
MOTOR CYCLE,DAIDO,CF 90 C,CHINA,PETROL,90.0,MATARA,BRAND NEW,1,,CF 90 C
MOTOR CYCLE,TVS,SCOOTY PEP PLUS 90CC,INDIA,PETROL,87.8,ANURADHAPURA,BRAND NEW,1,,SCOOTY PEP PLUS 90CC
MOTOR CYCLE,SOLID,ROBOT,CHINA,ELECTRIC,1.2,KURUNEGALA,BRAND NEW,2,,ROBOT
SPECIAL PURPOSE VEHICLE,J.C.B,JCB530-70TELEHANDLER,INDIA,DIESEL,4401.0,KALUTARA,BRAND NEW,1,,JCB530-70TELEHANDLER
LAND VEHICLE,TAFE,45DI,INDIA,DIESEL,2500.0,PUTTALAM,BRAND NEW,10,,45DI
DUAL PURPOSE (COMMERCIAL),BYD,SHARK 6,CHINA,PETROL/ELE,1498.0,GAMPAHA,BRAND NEW,1,,SHARK 6
CAR,MERCEDES BENZ,EQS 450 PLUS,GERMANY,ELECTRIC,265.0,COLOMBO,BRAND NEW,1,,EQS 450 PLUS
MOTOR CYCLE,BAJAJ,PULSAR N160,SRI LANKA,PETROL,164.82,MONERAGALA,BRAND NEW,1,,PULSAR N160
CAR,TOYOTA,WIGO A350RA GBNE,INDONESIA,PETROL,998.0,KALUTARA,BRAND NEW,1,,WIGO A350RA GBNE
MOTOR LORRY (COMMERCIAL),ISUZU,NPR75U-HL5YAYN,JAPAN,DIESEL,5193.0,MATALE,BRAND NEW,1,,NPR75U-HL5YAYN
SINGLE CAB,TATA,ACE HT2,INDIA,DIESEL,702.0,VAVUNIYA,BRAND NEW,2,,ACE HT2
MOTOR CYCLE,NWOW,TK 10,CHINA,ELECTRIC,0.8,GALLE,BRAND NEW,1,,TK 10
MOTOR CYCLE,NWOW,WSP,CHINA,ELECTRIC,1.5,COLOMBO,BRAND NEW,5,,WSP
MOTOR CYCLE,QUANLE,N9 (NINEBOT),CHINA,ELECTRIC,1.5,POLONNARUWA,BRAND NEW,1,,N9 (NINEBOT)
MOTOR CYCLE,QUANLE,Q1,CHINA,ELECTRIC,1.2,TRINCOMALEE,BRAND NEW,1,,Q1
MOTOR CYCLE,QUANLE,N9 (NINEBOT),CHINA,ELECTRIC,1.5,ANURADHAPURA,BRAND NEW,3,,N9 (NINEBOT)
MOTOR CYCLE,QUANLE,N9 (NINEBOT),CHINA,ELECTRIC,1.5,AMPARA,BRAND NEW,3,,N9 (NINEBOT)
SINGLE CAB,TOYOTA,LITEACE S403RU TMRFJ,INDONESIA,PETROL,1496.0,TRINCOMALEE,BRAND NEW,1,,LITEACE S403RU TMRFJ
CAR,BYD,SEALION 6 PREMIUM,CHINA,PETROL/ELE,1498.0,KURUNEGALA,BRAND NEW,1,,SEALION 6 PREMIUM
SINGLE CAB,TATA,ACE HT 2,INDIA,DIESEL,702.0,GAMPAHA,BRAND NEW,1,,ACE HT 2
LAND VEHICLE,TAFE,7250.DI,INDIA,DIESEL,2500.0,AMPARA,BRAND NEW,2,,7250.DI
MOTOR CYCLE,TVS,IQUBE,INDIA,ELECTRIC,3.34,KURUNEGALA,BRAND NEW,2,,IQUBE
MOTOR CYCLE,LIMA,ELO-07,CHINA,ELECTRIC,1.5,GAMPAHA,BRAND NEW,1,ELO-07,Unknown
MOTOR CYCLE,ROYAL ENFIELD,CLASSIC 350,INDIA,PETROL,349.0,TRINCOMALEE,BRAND NEW,1,,CLASSIC 350
MOTOR CYCLE,YADEA,EZEEGO,CHINA,ELECTRIC,1.2,GAMPAHA,BRAND NEW,2,,EZEEGO
MOTOR CYCLE,BAJAJ,PULSAR NS 400 Z,INDIA,PETROL,373.27,GAMPAHA,BRAND NEW,1,,PULSAR NS 400 Z
MOTOR CYCLE,YAMAHA,FZ  VER 2.0,INDIA,PETROL,149.0,AMPARA,BRAND NEW,6,,FZ  VER 2.0
MOTOR CYCLE,BAJAJ,BOXER DT -DELUXE,INDIA,PETROL,99.35,PUTTALAM,BRAND NEW,1,,BOXER DT -DELUXE
DUAL PURPOSE (COMMERCIAL),TOYOTA,GUN126R-DTTHX  HILUX,THAILAND,DIESEL,2755.0,KURUNEGALA,BRAND NEW,1,,GUN126R-DTTHX  HILUX
MOTOR CYCLE,LUYUAN,S90 PLUS,CHINA,ELECTRIC,1.5,POLONNARUWA,BRAND NEW,1,,S90 PLUS
MOTOR CYCLE,TAILG,S2,CHINA,ELECTRIC,2.0,AMPARA,BRAND NEW,1,,S2
CAR,BYD,ATTO-3-SUPERIOR,CHINA,ELECTRIC,100.0,ANURADHAPURA,BRAND NEW,1,ATTO-3-SUPERIOR,Unknown
COMMERCIAL,FOTON,BJ6946,CHINA,DIESEL,6494.0,GAMPAHA,BRAND NEW,1,,BJ6946
MOTOR CYCLE,YADEA,EPOC H,CHINA,ELECTRIC,2.0,MATALE,BRAND NEW,1,,EPOC H
DUAL PURPOSE (COMMERCIAL),ISUZU,TFS4SJDRPADE-JRA006,THAILAND,DIESEL,2999.0,COLOMBO,BRAND NEW,1,,TFS4SJDRPADE-JRA006
MOTOR LORRY (COMMERCIAL),EICHER,PRO 1080XPT,INDIA,DIESEL,3298.0,GAMPAHA,BRAND NEW,1,,PRO 1080XPT
CAR,CHANGAN,LUMIN,CHINA,ELECTRIC,35.0,COLOMBO,BRAND NEW,1,,LUMIN
MOTOR CYCLE,TVS,IQUBE,INDIA,ELECTRIC,3.34,MONERAGALA,BRAND NEW,1,,IQUBE
MOTOR CYCLE,HERO,HF-DELUXE,INDIA,PETROL,97.2,RATNAPURA,BRAND NEW,1,HF-DELUXE,Unknown
MOTOR CYCLE,TVS,TVS XL 100,SRI LANKA,PETROL,99.7,MATARA,BRAND NEW-L/ASSEMBLE,8,,TVS XL 100
MOTOR CYCLE,TVS,TVS NTORQ 125 CC,INDIA,PETROL,124.8,KURUNEGALA,BRAND NEW-L/ASSEMBLE,1,,TVS NTORQ 125 CC
MOTOR CYCLE,TVS,TVS RAIDER 125,SRI LANKA,PETROL,124.79,KANDY,BRAND NEW-L/ASSEMBLE,12,,TVS RAIDER 125
MOTOR CYCLE,BAJAJ,DISCOVER 125,SRI LANKA,PETROL,124.5,KALUTARA,BRAND NEW-L/ASSEMBLE,50,,DISCOVER 125
MOTOR CYCLE,BAJAJ,CT 100 ES,SRI LANKA,PETROL,102.0,ANURADHAPURA,BRAND NEW-L/ASSEMBLE,23,,CT 100 ES
MOTOR CYCLE,BAJAJ,PULSAR N160,SRI LANKA,PETROL,164.82,MATARA,BRAND NEW-L/ASSEMBLE,25,,PULSAR N160
MOTOR CYCLE,BAJAJ,CT 100 ES,SRI LANKA,PETROL,102.0,MANNAR,BRAND NEW-L/ASSEMBLE,8,,CT 100 ES
MOTOR CYCLE,TVS,NTORQ 125,SRI LANKA,PETROL,124.8,KURUNEGALA,BRAND NEW-L/ASSEMBLE,13,,NTORQ 125
MOTOR CYCLE,BAJAJ,PULSAR N160,SRI LANKA,PETROL,164.82,PUTTALAM,BRAND NEW-L/ASSEMBLE,38,,PULSAR N160
CAR,BAIC,X55 II LUXURY,SRI LANKA,PETROL,1498.0,RATNAPURA,BRAND NEW-L/ASSEMBLE,1,,X55 II LUXURY
MOTOR CYCLE,SENARO,GN125,SRI LANKA,PETROL,125.0,MULLATIVU,BRAND NEW-L/ASSEMBLE,6,,GN125
SINGLE CAB,LANKA ASHOK LEYLAND,BADA DOST,SRI LANKA,DIESEL,1478.0,MONERAGALA,BRAND NEW-L/ASSEMBLE,1,,BADA DOST
CAR,HYUNDAI,GRAND I10,SRI LANKA,PETROL,1197.0,COLOMBO,BRAND NEW-L/ASSEMBLE,1,,GRAND I10
MOTOR CYCLE,BAJAJ,DISCOVER 125,SRI LANKA,PETROL,124.5,KILINOCHCHI,BRAND NEW-L/ASSEMBLE,4,,DISCOVER 125
MOTOR CYCLE,LENCAR,ERC80,SRI LANKA,ELECTRIC,1.2,GALLE,BRAND NEW-L/ASSEMBLE,1,,ERC80
MOTOR CYCLE,TVS,TVS RAIDER 125,SRI LANKA,PETROL,124.79,BADULLA,BRAND NEW-L/ASSEMBLE,8,,TVS RAIDER 125
SINGLE CAB,TATA,YODHA,SRI LANKA,DIESEL,2956.0,VAVUNIYA,BRAND NEW-L/ASSEMBLE,1,,YODHA
MOTOR LORRY (COMMERCIAL),LANKA ASHOK LEYLAND,TUSKER SUPER 1618,SRI LANKA,DIESEL,5759.0,ANURADHAPURA,BRAND NEW-L/ASSEMBLE,1,,TUSKER SUPER 1618
MOTOR CYCLE,SENARO,GN125,SRI LANKA,PETROL,125.0,MATARA,BRAND NEW-L/ASSEMBLE,1,,GN125
MOTOR CYCLE,TVS,NTORQ 125,SRI LANKA,PETROL,124.8,GAMPAHA,BRAND NEW-L/ASSEMBLE,155,,NTORQ 125
SINGLE CAB,LANKA ASHOK LEYLAND,DOST,SRI LANKA,DIESEL,1478.0,JAFFNA,BRAND NEW-L/ASSEMBLE,4,,DOST
SINGLE CAB,TATA,YODHA LIGHT TRUCK,SRI LANKA,DIESEL,2956.0,NUWARA-ELIYA,BRAND NEW-L/ASSEMBLE,1,,YODHA LIGHT TRUCK
MOTOR CYCLE,TVS,NTORQ 125,SRI LANKA,PETROL,124.8,GALLE,BRAND NEW-L/ASSEMBLE,18,,NTORQ 125
MOTOR CYCLE,RANOMOTO,MOPED SUPER,SRI LANKA,PETROL,49.0,HAMBANTOTA,BRAND NEW-L/ASSEMBLE,1,,MOPED SUPER
MOTOR CYCLE,SENARO,GN125,SRI LANKA,PETROL,125.0,NUWARA-ELIYA,BRAND NEW-L/ASSEMBLE,2,,GN125
COMMERCIAL,FOTON,BJ6549B1DAA-RZ,SRI LANKA,DIESEL,1968.0,COLOMBO,BRAND NEW-L/ASSEMBLE,1,,BJ6549B1DAA-RZ
MOTOR CYCLE,TVS,NTORQ 125,SRI LANKA,PETROL,124.8,NUWARA-ELIYA,BRAND NEW-L/ASSEMBLE,1,,NTORQ 125
MOTOR CYCLE,TVS,NTORQ 125,SRI LANKA,PETROL,124.8,MATALE,BRAND NEW-L/ASSEMBLE,1,,NTORQ 125
MOTOR CYCLE,NWOW,SE,SRI LANKA,ELECTRIC,0.8,GAMPAHA,BRAND NEW-L/ASSEMBLE,1,,SE
DUAL PURPOSE (COMMERCIAL),FORD,RANGER REPTOR,THAILAND,DIESEL,1996.0,KURUNEGALA,RECONDITIONED,1,,RANGER REPTOR
CAR,SUZUKI,5BA-MH85S   WAGON R,JAPAN,PETROL,658.0,GAMPAHA,RECONDITIONED,1,5BA-MH85S,WAGON R
CAR,SUZUKI,5AA-HA97S ALTO,JAPAN,PETROL/ELE,657.0,MATARA,RECONDITIONED,1,5AA-HA97S,ALTO
CAR,DAIHATSU,5AA-A202S  ROCKY,JAPAN,PETROL/ELE,78.0,GAMPAHA,RECONDITIONED,1,5AA-A202S,ROCKY
COMMERCIAL,TOYOTA,HIACE COMMUTER,THAILAND,DIESEL,2755.0,COLOMBO,RECONDITIONED,3,,HIACE COMMUTER
MOTOR CYCLE,HONDA,PCX 125,JAPAN,PETROL,124.0,GAMPAHA,RECONDITIONED,3,,PCX 125
SINGLE CAB,SUZUKI,3BD DA16T-CARRY,JAPAN,PETROL,660.0,COLOMBO,RECONDITIONED,1,,3BD DA16T-CARRY
CAR,PEUGEOT,2008GT,AUSTRALIA,PETROL,1199.0,POLONNARUWA,RECONDITIONED,1,,2008GT
CAR,HONDA,CITY RS,THAILAND,PETROL,988.0,JAFFNA,RECONDITIONED,2,,CITY RS
CAR,SUZUKI,EVERY JOIN 660  AUTO,JAPAN,PETROL,658.0,GAMPAHA,RECONDITIONED,1,,EVERY JOIN 660  AUTO
CAR,TOYOTA,3BA-TRJ150W,JAPAN,PETROL,2693.0,AMPARA,RECONDITIONED,1,3BA-TRJ150W,Unknown
MOTOR LORRY (COMMERCIAL),ISUZU,TPG-NPR85AN ELF,JAPAN,DIESEL,2990.0,KURUNEGALA,RECONDITIONED,2,TPG-NPR85AN,ELF
CAR,TOYOTA,3BA-A210A RAIZE,JAPAN,PETROL,996.0,GALLE,RECONDITIONED,4,3BA-A210A,RAIZE
CAR,TOYOTA,5AA-A202A,JAPAN,PETROL/ELE,78.0,KALUTARA,RECONDITIONED,1,5AA-A202A,RAIZE
MOTOR CYCLE,HONDA,C50 PRESS CUB,JAPAN,PETROL,50.0,MATARA,RECONDITIONED,2,,C50 PRESS CUB
CAR,TOYOTA,5BA-LA350A PIXIS,JAPAN,PETROL,658.0,GAMPAHA,RECONDITIONED,2,5BA-LA350A,PIXIS
CAR,DAIHATSU,5BA-LA350S MIRA,JAPAN,PETROL,658.0,BADULLA,RECONDITIONED,1,5BA-LA350S,MIRA
CAR,SUZUKI,5AA-MK94S SPACIA,JAPAN,PETROL,658.0,COLOMBO,RECONDITIONED,4,5AA-MK94S,SPACIA
CAR,DAIHATSU,5BA-LA350S MIRA ES,JAPAN,PETROL,658.0,HAMBANTOTA,RECONDITIONED,1,5BA-LA350S,MIRA ES
CAR,TOYOTA,5BA-A201A RAIZE,JAPAN,PETROL,1196.0,JAFFNA,RECONDITIONED,1,5BA-A201A,RAIZE
CAR,SUZUKI,5BA-MH85S WAGON R,JAPAN,PETROL,656.0,AMPARA,RECONDITIONED,4,5BA-MH85S,WAGON R
DUAL PURPOSE (COMMERCIAL),TOYOTA,HILUX GR SPORT,THAILAND,DIESEL,2755.0,GALLE,RECONDITIONED,1,,HILUX GR SPORT
CAR,NISSAN,3BD-DR17V CLIPPER,JAPAN,PETROL,658.0,KEGALLE,RECONDITIONED,1,3BD-DR17V,CLIPPER
CAR,SUZUKI,5AA-MK94S SPACIA,JAPAN,PETROL,658.0,AMPARA,RECONDITIONED,1,5AA-MK94S,SPACIA
CAR,HONDA,6AA-RV5  VEZEL,JAPAN,PETROL/ELE,1496.0,HAMBANTOTA,RECONDITIONED,1,6AA-RV5,VEZEL
CAR,SUZUKI,5BD-DA17V  EVERY,JAPAN,PETROL,658.0,COLOMBO,RECONDITIONED,1,5BD-DA17V,EVERY
SPECIAL PURPOSE VEHICLE,KOMATSU,510 WHEEL LOADER,JAPAN,DIESEL,3980.0,BATTICALOA,RECONDITIONED,1,,510 WHEEL LOADER
CAR,AUDI,3AA-GYDLA A-3,GERMANY,PETROL,996.0,GAMPAHA,RECONDITIONED,1,3AA-GYDLA,A-3
CAR,TOYOTA,5BA-KSP210 YARIS,JAPAN,PETROL,996.0,JAFFNA,RECONDITIONED,4,5BA-KSP210,YARIS
CAR,TOYOTA,YARIS ATIV,THAILAND,PETROL,1197.0,KEGALLE,RECONDITIONED,2,,YARIS ATIV
CAR,SUZUKI,4AA-MH55S,JAPAN,PETROL/ELE,657.0,MONERAGALA,RECONDITIONED,1,4AA-MH55S,AGON R
CAR,BYD,BYD SEAL,THAILAND,ELECTRIC,150.0,COLOMBO,RECONDITIONED,1,,BYD SEAL
CAR,TOYOTA,6AA-MXPJ10,JAPAN,PETROL/ELE,1490.0,MATARA,RECONDITIONED,2,6AA-MXPJ10,YARISS
CAR,TOYOTA,3BA-TRJ150W PRADO,JAPAN,PETROL,2693.0,AMPARA,RECONDITIONED,1,3BA-TRJ150W,PRADO
CAR,TOYOTA,YARIS CROSS,THAILAND,PETROL/ELE,1496.0,GALLE,RECONDITIONED,1,,YARIS CROSS
CAR,TOYOTA,5BA -M700A PASSO,JAPAN,PETROL,996.0,ANURADHAPURA,RECONDITIONED,1,,5BA -M700A PASSO
CAR,TOYOTA,6AA-MXPJ10 YARIS,JAPAN,PETROL/ELE,1490.0,GAMPAHA,RECONDITIONED,8,6AA-MXPJ10,YARIS
CAR,TOYOTA,5BA-A201A RAIZE,JAPAN,PETROL,1190.0,KALUTARA,RECONDITIONED,1,5BA-A201A,RAIZE
DUAL PURPOSE (COMMERCIAL),TOYOTA,HILUX REVO GR SPORT,THAILAND,DIESEL,2755.0,KURUNEGALA,RECONDITIONED,4,,HILUX REVO GR SPORT
DUAL PURPOSE (COMMERCIAL),TOYOTA,3DF-GUN125 HILUX,THAILAND,DIESEL,2393.0,BADULLA,RECONDITIONED,2,3DF-GUN125,HILUX
SINGLE CAB,SUZUKI,EBD-DA16T CARRY,JAPAN,PETROL,658.0,HAMBANTOTA,RECONDITIONED,1,EBD-DA16T,CARRY
CAR,SUZUKI,5BD-DA17V EVERY,JAPAN,PETROL,656.0,KALUTARA,RECONDITIONED,1,5BD-DA17V,EVERY
CAR,TOYOTA,3BA-A210A RAIZE,JAPAN,PETROL,996.0,MANNAR,RECONDITIONED,1,3BA-A210A,RAIZE
CAR,SUZUKI,5BA-MH85S WAGON R,JAPAN,PETROL,696.0,KURUNEGALA,RECONDITIONED,1,5BA-MH85S,WAGON R
CAR,SUZUKI,4AA-MK54S SPACIA,JAPAN,PETROL,658.0,HAMBANTOTA,RECONDITIONED,2,4AA-MK54S,SPACIA
DUAL PURPOSE (COMMERCIAL),FORD,RANGER RAPTOR,THAILAND,DIESEL,1996.0,PUTTALAM,RECONDITIONED,1,,RANGER RAPTOR
MOTOR CYCLE,HONDA,PCX160,JAPAN,PETROL,157.0,COLOMBO,RECONDITIONED,2,,PCX160
CAR,TOYOTA,5BA-NRE161 COROLLA,JAPAN,PETROL,1496.0,COLOMBO,RECONDITIONED,1,5BA-NRE161,COROLLA
CAR,SUZUKI,4AA-MH55S WAGON R,JAPAN,PETROL,658.0,BATTICALOA,RECONDITIONED,1,4AA-MH55S,WAGON R
CAR,DAIHATSU,5BA-LA650S TANTO,JAPAN,PETROL,658.0,KURUNEGALA,RECONDITIONED,1,5BA-LA650S,TANTO
CAR,SUZUKI,ALTO 5AA-HA97S,JAPAN,PETROL/ELE,650.0,GAMPAHA,RECONDITIONED,1,,ALTO 5AA-HA97S
CAR,TOYOTA,AQUA Z 6AA-MXPK11,JAPAN,PETROL/ELE,1490.0,COLOMBO,RECONDITIONED,1,,AQUA Z 6AA-MXPK11
MOTOR CYCLE,HONDA,CD 50 BENLY,JAPAN,PETROL,50.0,MATARA,RECONDITIONED,1,,CD 50 BENLY
DUAL PURPOSE (COMMERCIAL),TOYOTA,3DF-GUN125 HILUX,JAPAN,DIESEL,2393.0,KURUNEGALA,RECONDITIONED,1,3DF-GUN125,HILUX
CAR,SUZUKI,3BA-HA37S ALTO,JAPAN,PETROL,658.0,MONERAGALA,RECONDITIONED,1,3BA-HA37S,ALTO
CAR,HONDA,CRV VTI LX AWD,AUSTRALIA,PETROL,1498.0,AMPARA,RECONDITIONED,1,,CRV VTI LX AWD
CAR,SUZUKI,5BD-17V EVERY,JAPAN,PETROL,650.0,PUTTALAM,RECONDITIONED,1,5BD-17V,EVERY
CAR,TOYOTA,5AA-A202A,JAPAN,PETROL/ELE,1196.0,COLOMBO,RECONDITIONED,1,5AA-A202A,RAIZE
CAR,SUZUKI,5AA-MH95S WAGON R,JAPAN,PETROL,657.0,JAFFNA,RECONDITIONED,1,5AA-MH95S,WAGON R
CAR,SUZUKI,3BA-HA37S ALTO,JAPAN,PETROL,650.0,KURUNEGALA,RECONDITIONED,1,3BA-HA37S,ALTO
CAR,SUZUKI,5AA-MH95S WAGON R,JAPAN,PETROL,658.0,AMPARA,RECONDITIONED,3,5AA-MH95S,WAGON R
CAR,TOYOTA,6AA-ZVG11,JAPAN,PETROL/ELE,1797.0,COLOMBO,RECONDITIONED,1,6AA-ZVG11,Unknown
CAR,TOYOTA,YARIS ATIV,THAILAND,PETROL,1197.0,KURUNEGALA,RECONDITIONED,2,,YARIS ATIV
CAR,TOYOTA,6AA-AXUH80,JAPAN,PETROL/ELE,2487.0,KANDY,RECONDITIONED,1,6AA-AXUH80,Unknown
CAR,SUZUKI,5AA-MK94S SPASIA,JAPAN,PETROL,658.0,COLOMBO,RECONDITIONED,1,5AA-MK94S,SPASIA
CAR,HONDA,CITY RS,THAILAND,PETROL,988.0,ANURADHAPURA,RECONDITIONED,1,,CITY RS
CAR,HONDA,6AA-RV5   VEZEL,JAPAN,PETROL/ELE,1496.0,POLONNARUWA,RECONDITIONED,1,6AA-RV5,VEZEL
CAR,TOYOTA,5BA-MZEA17 COROLLA,JAPAN,PETROL,1490.0,JAFFNA,RECONDITIONED,1,5BA-MZEA17,COROLLA
CAR,SUZUKI,3BA-HA37S ALTO,JAPAN,PETROL,650.0,COLOMBO,RECONDITIONED,1,3BA-HA37S,ALTO
CAR,TOYOTA,6AA-ZVG 13,JAPAN,PETROL/ELE,1797.0,COLOMBO,RECONDITIONED,1,6AA-ZVG,13
SPECIAL PURPOSE VEHICLE,T.C.M,L13  WHEEL LODER,JAPAN,DIESEL,4800.0,BATTICALOA,RECONDITIONED,1,,L13  WHEEL LODER
CAR,TOYOTA,5BA-A201A RAIZE,JAPAN,PETROL,1196.0,MULLATIVU,RECONDITIONED,1,5BA-A201A,RAIZE
CAR,SUZUKI,4AA-MH55S WAGON R,JAPAN,PETROL/ELE,658.0,KURUNEGALA,RECONDITIONED,2,4AA-MH55S,WAGON R
CAR,B.M.W.,3BA-7K15,GERMANY,PETROL,1498.0,GAMPAHA,RECONDITIONED,1,3BA-7K15,218 I
CAR,NISSAN,ALMERA VL,THAILAND,PETROL,999.0,ANURADHAPURA,RECONDITIONED,1,,ALMERA VL
CAR,TOYOTA,5BA-LA250A PIXIS JOY,JAPAN,PETROL,658.0,ANURADHAPURA,RECONDITIONED,1,5BA-LA250A,PIXIS JOY
LAND VEHICLE (SMALL),KUBOTA,K600A,JAPAN,DIESEL,422.0,KURUNEGALA,RECONDITIONED,1,,K600A
SINGLE CAB,TOYOTA,3BD-S500U PIXIS,JAPAN,PETROL,658.0,GAMPAHA,RECONDITIONED,1,3BD-S500U,PIXIS
COMMERCIAL,TOYOTA,3DF-GDH223B LETNY,JAPAN,DIESEL,2754.0,KANDY,RECONDITIONED,1,3DF-GDH223B,LETNY
CAR,LEXUS,VJA252R GNUZZQ GX550,AUSTRALIA,PETROL,3445.0,COLOMBO,RECONDITIONED,1,,VJA252R GNUZZQ GX550
CAR,TOYOTA,6AA-MXPJ10  YARIS,JAPAN,PETROL/ELE,1496.0,PUTTALAM,RECONDITIONED,1,6AA-MXPJ10,YARIS
CAR,TOYOTA,3BA-A210A RAIZE,JAPAN,PETROL,998.0,GALLE,RECONDITIONED,2,3BA-A210A,RAIZE
CAR,SUZUKI,4AA-MK54S SPACIA,JAPAN,PETROL/ELE,658.0,PUTTALAM,RECONDITIONED,1,4AA-MK54S,SPACIA
MOTOR LORRY (COMMERCIAL),ISUZU,TRG-NJR85AN ELF,JAPAN,DIESEL,2990.0,GALLE,RECONDITIONED,1,TRG-NJR85AN,ELF
CAR,DAIHATSU,5BA-LA350S MIRA,JAPAN,PETROL,656.0,POLONNARUWA,RECONDITIONED,1,5BA-LA350S,MIRA
MOTOR CYCLE,ROYAL ENFIELD,CLASSIC,INDIA,PETROL,349.0,KURUNEGALA,RECONDITIONED,1,,CLASSIC
CAR,DAIHATSU,5BA-LA350S MIRA E.S,JAPAN,PETROL,658.0,MATALE,RECONDITIONED,1,5BA-LA350S,MIRA E.S
CAR,TOYOTA,5BA-A210A RAIZE,JAPAN,PETROL,1196.0,MATARA,RECONDITIONED,1,5BA-A210A,RAIZE
CAR,SUZUKI,4AA-MK54S,JAPAN,PETROL/ELE,658.0,BATTICALOA,RECONDITIONED,1,4AA-MK54S,Unknown
CAR,NISSAN,5BD-DR17V NV 100,JAPAN,PETROL,658.0,KEGALLE,RECONDITIONED,1,5BD-DR17V,NV 100
CAR,TOYOTA,3BA-A210A  RAIZE,JAPAN,PETROL,996.0,GALLE,RECONDITIONED,1,3BA-A210A,RAIZE
CAR,TOYOTA,5BA-M900A ROOMY,JAPAN,PETROL,996.0,KEGALLE,RECONDITIONED,1,5BA-M900A,ROOMY
DUAL PURPOSE (COMMERCIAL),TOYOTA,HILUX REVO GR SPORT,THAILAND,DIESEL,2755.0,POLONNARUWA,RECONDITIONED,1,,HILUX REVO GR SPORT
DUAL PURPOSE (COMMERCIAL),TOYOTA,GDJ79R-DKTRY,PORTUGAL,DIESEL,2755.0,GAMPAHA,RECONDITIONED,1,,GDJ79R-DKTRY
CAR,TOYOTA,5BA-MZEA17 COROLLA,JAPAN,PETROL,1496.0,ANURADHAPURA,RECONDITIONED,1,5BA-MZEA17,COROLLA
CAR,HONDA,6AA RV5 VEZEL,JAPAN,PETROL/ELE,1496.0,GALLE,RECONDITIONED,1,,6AA RV5 VEZEL
CAR,SUZUKI,5AA-MK94S  SPACIA,JAPAN,PETROL,658.0,KURUNEGALA,RECONDITIONED,1,5AA-MK94S,SPACIA
CAR,NISSAN,5AA-B44W DAYZ,JAPAN,PETROL,659.0,GAMPAHA,RECONDITIONED,2,5AA-B44W,DAYZ
CAR,SUZUKI,5BA-MH85S WAGON R,JAPAN,PETROL,658.0,MATALE,RECONDITIONED,2,5BA-MH85S,WAGON R
CAR,HONDA,CRV  VTILX,AUSTRALIA,PETROL,1498.0,GAMPAHA,RECONDITIONED,1,,CRV  VTILX
CAR,TOYOTA,5BA-MZEA17 COROLLA,JAPAN,PETROL,1496.0,GAMPAHA,RECONDITIONED,1,5BA-MZEA17,COROLLA
CAR,DAIHATSU,5BA-LA350S MIRA,JAPAN,PETROL,650.0,COLOMBO,RECONDITIONED,1,5BA-LA350S,MIRA
CAR,TOYOTA,YARIS 5BA-KSP210,JAPAN,PETROL,996.0,KANDY,RECONDITIONED,1,,YARIS 5BA-KSP210
CAR,SUZUKI,4AA-MN71S X BEE,JAPAN,PETROL,996.0,GAMPAHA,RECONDITIONED,1,4AA-MN71S,X BEE
CAR,TOYOTA,6AA-AXUH80  HARRIER,JAPAN,PETROL/ELE,2487.0,COLOMBO,RECONDITIONED,1,6AA-AXUH80,HARRIER
CAR,TOYOTA,3BA-A210A RAIZE,JAPAN,PETROL,996.0,MONERAGALA,RECONDITIONED,1,3BA-A210A,RAIZE
CAR,TOYOTA,RAIZE 3BA-A210A,JAPAN,PETROL,996.0,RATNAPURA,RECONDITIONED,1,,RAIZE 3BA-A210A
DUAL PURPOSE (COMMERCIAL),TOYOTA,HILUX REVO ROCCO,THAILAND,DIESEL,2755.0,KANDY,RECONDITIONED,1,,HILUX REVO ROCCO
CAR,TOYOTA,PRIUS  ZVW30,JAPAN,PETROL/ELE,1790.0,COLOMBO,RECONDITIONED,1,,PRIUS  ZVW30
CAR,NISSAN,5BA-B43W DAYZ,JAPAN,PETROL,658.0,COLOMBO,RECONDITIONED,1,5BA-B43W,DAYZ
CAR,HONDA,CITY SV,THAILAND,PETROL,988.0,GALLE,RECONDITIONED,1,,CITY SV
CAR,NISSAN,5AA-B44W DAYS,JAPAN,PETROL/ELE,658.0,GAMPAHA,RECONDITIONED,1,5AA-B44W,DAYS
CAR,HONDA,6AA-RV5  VEZEL,JAPAN,PETROL/ELE,1496.0,RATNAPURA,RECONDITIONED,1,6AA-RV5,VEZEL
MOTOR CYCLE,FH 05,ELECTRIC SCOOTER,CHINA,ELECTRIC,2.0,GAMPAHA,RECONDITIONED,1,,ELECTRIC SCOOTER
CAR,TOYOTA,YARIS ATIVE,THAILAND,PETROL,1197.0,VAVUNIYA,RECONDITIONED,1,,YARIS ATIVE
CAR,SUZUKI,5BA-MH85S,JAPAN,PETROL,657.0,GAMPAHA,RECONDITIONED,1,5BA-MH85S,WAGOON R
CAR,TOYOTA,5BA-M900A   ROOMY,JAPAN,PETROL,996.0,JAFFNA,RECONDITIONED,1,5BA-M900A,ROOMY
CAR,TOYOTA,ROOMY 5BA-M900A,JAPAN,PETROL,996.0,KANDY,RECONDITIONED,1,,ROOMY 5BA-M900A
CAR,SUZUKI,5AA-MH95S WAGON R,JAPAN,PETROL/ELE,658.0,KALUTARA,RECONDITIONED,1,5AA-MH95S,WAGON R
CAR,MAZDA,5AA-MM53S FLAIR,JAPAN,PETROL,658.0,KANDY,RECONDITIONED,1,5AA-MM53S,FLAIR
CAR,SUZUKI,5AA-HA97S ALTO,JAPAN,PETROL/ELE,657.0,COLOMBO,RECONDITIONED,1,5AA-HA97S,ALTO
CAR,SUZUKI,5AA-MR25S HUSTLER,JAPAN,PETROL/ELE,656.0,NUWARA-ELIYA,RECONDITIONED,1,5AA-MR25S,HUSTLER
CAR,SUZUKI,5AA-MH95S WAGON R,JAPAN,PETROL,650.0,KALUTARA,RECONDITIONED,1,5AA-MH95S,WAGON R
CAR,TOYOTA,6AA-AXAH54 RAV4,JAPAN,PETROL/ELE,2487.0,COLOMBO,RECONDITIONED,1,6AA-AXAH54,RAV4
MOTOR CYCLE,HONDA,CROSS CUB 110,JAPAN,PETROL,109.0,GAMPAHA,RECONDITIONED,1,,CROSS CUB 110
CAR,HONDA (DMC),6AA-RV5 VEZEL,JAPAN,PETROL/ELE,1496.0,ANURADHAPURA,RECONDITIONED,1,6AA-RV5,VEZEL
DUAL PURPOSE (COMMERCIAL),TOYOTA,HILUX ROCCO,THAILAND,DIESEL,2755.0,KURUNEGALA,RECONDITIONED,1,,HILUX ROCCO
SINGLE CAB,SUZUKI,3BD-DA16T CARRY,JAPAN,PETROL,660.0,COLOMBO,RECONDITIONED,1,3BD-DA16T,CARRY
CAR,SUZUKI,5AA-MK94S SPACIA,JAPAN,PETROL,658.0,NUWARA-ELIYA,RECONDITIONED,1,5AA-MK94S,SPACIA
CAR,TOYOTA,5BA-A201A RAIZE,JAPAN,PETROL,1196.0,NUWARA-ELIYA,RECONDITIONED,1,5BA-A201A,RAIZE
MOTOR CYCLE,RISE,LEADER 125,SRI LANKA,PETROL,125.0,MONERAGALA,BRAND NEW-L/MANUFACT,3,,LEADER 125
MOTOR CYCLE,RISE,LEADER 125,SRI LANKA,PETROL,125.0,VAVUNIYA,BRAND NEW-L/MANUFACT,1,,LEADER 125
MOTOR CYCLE,RISE,LEADER R 100,SRI LANKA,ELECTRIC,2.0,JAFFNA,BRAND NEW-L/MANUFACT,1,,LEADER R 100
MOTOR CYCLE,RISE,LEADER PLUS,SRI LANKA,ELECTRIC,2.0,HAMBANTOTA,BRAND NEW-L/MANUFACT,1,,LEADER PLUS
TRACTOR TRAILER/BOWSER,LOCALLY BUILT,LOW BED TRAILER,SRI LANKA,NOT STATED,0.0,ANURADHAPURA,LOCALLY BUILT,30,,LOW BED TRAILER
LORRY TRAILER/BOWSER,TANTRI,TSK-40,SRI LANKA,NOT STATED,0.0,COLOMBO,LOCALLY BUILT,8,TSK-40,Unknown
LORRY TRAILER/BOWSER,TANTRI,TSK 40,SRI LANKA,NOT STATED,0.0,COLOMBO,LOCALLY BUILT,1,,TSK 40
CAR,MITSUBISHI,ZAB-U67V,JAPAN,ELECTRIC,25.0,COLOMBO,BOUGHT FROM AUCTION,1,ZAB-U67V,Unknown
TRACTOR TRAILER/BOWSER,LOCALLY BUILT,TRACTOR  TRAILER,SRI LANKA,NOT STATED,0.0,MANNAR,LOCALLY BUILT,2,,TRACTOR  TRAILER
TRACTOR TRAILER/BOWSER,LOCALLY BUILT,TRACTOR  TRAILER,SRI LANKA,NOT STATED,0.0,POLONNARUWA,LOCALLY BUILT,3,,TRACTOR  TRAILER
TRACTOR TRAILER/BOWSER,LOCALLY BUILT,TRACTOR TRAILER,SRI LANKA,NOT STATED,0.0,PUTTALAM,LOCALLY BUILT,1,,TRACTOR TRAILER
MOTOR CYCLE,RIKODA,YSY,CHINA,ELECTRIC,2.0,GAMPAHA,BRAND NEW,1,,YSY
MOTOR CYCLE,TVS,TVS NTORQ 125 CC,INDIA,PETROL,124.8,VAVUNIYA,BRAND NEW,7,,TVS NTORQ 125 CC
MOTOR CYCLE,TVS,TVS NTORQ 125 CC,INDIA,PETROL,124.8,GAMPAHA,BRAND NEW,172,,TVS NTORQ 125 CC
MOTOR CYCLE,TMR LUYUAN,S18,CHINA,ELECTRIC,1.2,PUTTALAM,BRAND NEW,1,,S18
MOTOR CYCLE,TVS,TVS NTORQ 125 CC,INDIA,PETROL,124.8,COLOMBO,BRAND NEW,421,,TVS NTORQ 125 CC
MOTOR CYCLE,TVS,TVS NTORQ 125 CC,INDIA,PETROL,124.8,KURUNEGALA,BRAND NEW,91,,TVS NTORQ 125 CC
MOTOR CYCLE,TVS,TVS NTORQ 125 CC,INDIA,PETROL,124.8,POLONNARUWA,BRAND NEW,29,,TVS NTORQ 125 CC
MOTOR CYCLE,ATHER,450X,INDIA,ELECTRIC,3.0,COLOMBO,BRAND NEW,5,,450X
MOTOR CYCLE,BAJAJ,PULSAR N 125,INDIA,PETROL,124.58,MONERAGALA,BRAND NEW,20,,PULSAR N 125
THREE WHEELER,BAJAJ,RE 4S AUTORICKSHAW,INDIA,PETROL,237.0,GAMPAHA,BRAND NEW,114,,RE 4S AUTORICKSHAW
CAR,PERODUA,BEZZA,MALAYSIA,PETROL,998.0,GAMPAHA,BRAND NEW,18,,BEZZA
MOTOR CYCLE,RANOMOTO,GN125H,CHINA,PETROL,124.0,GAMPAHA,BRAND NEW,63,,GN125H
MOTOR CYCLE,RANOMOTO,GN125H,CHINA,PETROL,124.0,KURUNEGALA,BRAND NEW,21,,GN125H
MOTOR CYCLE,BAJAJ,PULSAR NS 200,INDIA,PETROL,199.5,POLONNARUWA,BRAND NEW,5,,PULSAR NS 200
MOTOR CYCLE,BAJAJ,PULSAR N 160,INDIA,PETROL,164.32,MATALE,BRAND NEW,24,,PULSAR N 160
MOTOR CYCLE,BAJAJ,PULSAR NS 200,INDIA,PETROL,199.5,MATALE,BRAND NEW,1,,PULSAR NS 200
CAR,PERODUA,BEZZA,MALAYSIA,PETROL,998.0,KALUTARA,BRAND NEW,6,,BEZZA
MOTOR CYCLE,YADEA,T5,CHINA,ELECTRIC,1.2,HAMBANTOTA,BRAND NEW,145,,T5
LAND VEHICLE,MAHINDRA,YUVO TECH PLUS 575DI,INDIA,DIESEL,2979.0,GAMPAHA,BRAND NEW,1,,YUVO TECH PLUS 575DI
SINGLE CAB,MAHINDRA,BOLERO CITY PICKUP,INDIA,DIESEL,2523.0,VAVUNIYA,BRAND NEW,3,,BOLERO CITY PICKUP
CAR,BYD,SEALION 6 SUPERIOR,CHINA,PETROL/ELE,1498.0,KANDY,BRAND NEW,20,,SEALION 6 SUPERIOR
CAR,BYD,M6 SUPERIOR,CHINA,ELECTRIC,100.0,COLOMBO,BRAND NEW,12,,M6 SUPERIOR
MOTOR CYCLE,BAJAJ,PULSAR NS 200,INDIA,PETROL,199.5,JAFFNA,BRAND NEW,2,,PULSAR NS 200
MOTOR CYCLE,NWOW,SE,CHINA,ELECTRIC,0.8,GAMPAHA,BRAND NEW,23,,SE
MOTOR CYCLE,TVS,IQUBE,INDIA,ELECTRIC,3.34,RATNAPURA,BRAND NEW,4,,IQUBE
CAR,BYD,DOLPHIN-DYNAMIC49,CHINA,ELECTRIC,49.0,GAMPAHA,BRAND NEW,10,,DOLPHIN-DYNAMIC49
MOTOR CYCLE,SOLID,G6,CHINA,ELECTRIC,1.5,GAMPAHA,BRAND NEW,6,,G6
MOTOR CYCLE,BAJAJ,PULSAR NS 200,INDIA,PETROL,199.5,MULLATIVU,BRAND NEW,5,,PULSAR NS 200
MOTOR CYCLE,BAJAJ,PULSAR N 125,INDIA,PETROL,124.58,MATARA,BRAND NEW,30,,PULSAR N 125
MOTOR CYCLE,BAJAJ,PULSAR N 160,INDIA,PETROL,164.32,MULLATIVU,BRAND NEW,19,,PULSAR N 160
CAR,NISSAN,MAGNITE N-CONNECTA,INDIA,PETROL,999.0,COLOMBO,BRAND NEW,2,,MAGNITE N-CONNECTA
CAR,BYD,ATTO-3-SUPERIOR,CHINA,ELECTRIC,100.0,KURUNEGALA,BRAND NEW,9,ATTO-3-SUPERIOR,Unknown
THREE WHEELER,BAJAJ,RE 4S AUTORICKSHAW,INDIA,PETROL,237.0,VAVUNIYA,BRAND NEW,12,,RE 4S AUTORICKSHAW
CAR,NISSAN,MAGNITE ACENTA BR10,INDIA,PETROL,999.0,KALUTARA,BRAND NEW,1,,MAGNITE ACENTA BR10
MOTOR CYCLE,YAMAHA,MT 15 VER 2.0,INDIA,PETROL,155.0,JAFFNA,BRAND NEW,14,,MT 15 VER 2.0
MOTOR CYCLE,YAMAHA,RAY ZR 125,INDIA,PETROL,125.0,VAVUNIYA,BRAND NEW,5,,RAY ZR 125
MOTOR CYCLE,YAMAHA,RAY ZR 125,INDIA,PETROL,125.0,ANURADHAPURA,BRAND NEW,6,,RAY ZR 125
LAND VEHICLE (SMALL),VIKYNO,RV125-2,VIETNAM,DIESEL,624.0,KALUTARA,BRAND NEW,1,RV125-2,Unknown
CAR,BYD,SEAL-COMFORT,CHINA,ELECTRIC,100.0,KURUNEGALA,BRAND NEW,5,SEAL-COMFORT,Unknown
MOTOR CYCLE,TMR LUYUAN,S18,CHINA,ELECTRIC,1.2,AMPARA,BRAND NEW,1,,S18
LAND VEHICLE (SMALL),NUBOTA VIKYNO,RV125-2,VIETNAM,DIESEL,624.0,HAMBANTOTA,BRAND NEW,1,RV125-2,Unknown
MOTOR CYCLE,YAMAHA,MT 15 VER 2.0,INDIA,PETROL,155.0,KURUNEGALA,BRAND NEW,1,,MT 15 VER 2.0
LAND VEHICLE (SMALL),SIFANG,GN12DI,CHINA,DIESEL,815.0,KEGALLE,BRAND NEW,1,,GN12DI
CAR,BYD,DOLPHIN-DYNAMIC 70,CHINA,ELECTRIC,70.0,KANDY,BRAND NEW,9,,DOLPHIN-DYNAMIC 70
MOTOR CYCLE,YAMAHA,MT15 VER 2.0,INDIA,PETROL,155.0,PUTTALAM,BRAND NEW,1,,MT15 VER 2.0
MOTOR CYCLE,YAMAHA,SR125,JAPAN,PETROL,125.0,MATARA,BRAND NEW,1,,SR125
MOTOR CYCLE,BAJAJ,CT 100,INDIA,PETROL,99.27,MATARA,BRAND NEW,12,,CT 100
MOTOR CYCLE,TMR LUYUAN,MQQ6,CHINA,ELECTRIC,0.8,HAMBANTOTA,BRAND NEW,2,,MQQ6
DUAL PURPOSE (COMMERCIAL),JAC,HFC1037D3,CHINA,DIESEL,1999.0,COLOMBO,BRAND NEW,3,,HFC1037D3
DUAL PURPOSE (COMMERCIAL),JAC,HFC1037D3,CHINA,DIESEL,1999.0,RATNAPURA,BRAND NEW,1,,HFC1037D3
MOTOR CYCLE,RANOMOTO,GN125 H,CHINA,PETROL,124.0,KALUTARA,BRAND NEW,1,,GN125 H
MOTOR CYCLE,YADEA,RUIBIN,CHINA,ELECTRIC,0.8,JAFFNA,BRAND NEW,4,,RUIBIN
MOTOR CYCLE,YADEA,RUIBIN,CHINA,ELECTRIC,0.8,GALLE,BRAND NEW,15,,RUIBIN
CAR,BYD,SEALION 6 SUPERIOR,CHINA,PETROL/ELE,1498.0,MATARA,BRAND NEW,5,,SEALION 6 SUPERIOR
PRIMER MOVER,TATA,SIGNA 4018,INDIA,DIESEL,5883.0,KALUTARA,BRAND NEW,1,,SIGNA 4018
CAR,BYD,SEALION 6 SUPERIOR,CHINA,PETROL/ELE,1498.0,MATALE,BRAND NEW,1,,SEALION 6 SUPERIOR
MOTOR CYCLE,HAOJIN,HJ125,CHINA,PETROL,125.0,MATARA,BRAND NEW,1,,HJ125
MOTOR CYCLE,BAJAJ,CT 100,INDIA,PETROL,99.35,MATARA,BRAND NEW,1,,CT 100
CAR,BYD,DOLPHIN-DYNAMIC49,CHINA,ELECTRIC,49.0,MATALE,BRAND NEW,2,,DOLPHIN-DYNAMIC49
CAR,KIA,SORENTO,MALAYSIA,PETROL/ELE,1598.0,GAMPAHA,BRAND NEW,1,,SORENTO
MOTOR CYCLE,HERO,XOOM-110,INDIA,PETROL,110.9,HAMBANTOTA,BRAND NEW,45,XOOM-110,Unknown
MOTOR CYCLE,HERO,XOOM-110,INDIA,PETROL,110.9,KALUTARA,BRAND NEW,28,XOOM-110,Unknown
LAND VEHICLE,ARBOS,P504-3,CHINA,DIESEL,2189.0,TRINCOMALEE,BRAND NEW,2,P504-3,Unknown
MOTOR CYCLE,HERO,XOOM-110,INDIA,PETROL,110.9,MONERAGALA,BRAND NEW,14,XOOM-110,Unknown
MOTOR CYCLE,HERO,XOOM-110,INDIA,PETROL,110.9,BADULLA,BRAND NEW,7,XOOM-110,Unknown
CAR,BYD,DOLPHIN-DYNAMIC49,CHINA,ELECTRIC,49.0,COLOMBO,BRAND NEW,23,,DOLPHIN-DYNAMIC49
LAND VEHICLE (SMALL),SIFANG,GN12DI,CHINA,DIESEL,815.0,PUTTALAM,BRAND NEW,4,,GN12DI
LAND VEHICLE,MAHINDRA,575 DI SP PLUS,INDIA,DIESEL,2979.0,ANURADHAPURA,BRAND NEW,2,,575 DI SP PLUS
COMMERCIAL,LANKA ASHOK LEYLAND,VIKING,INDIA,DIESEL,6014.0,KALUTARA,BRAND NEW,1,,VIKING
LAND VEHICLE,MAHINDRA,575 DI SP PLUS,INDIA,DIESEL,2979.0,BATTICALOA,BRAND NEW,2,,575 DI SP PLUS
MOTOR CYCLE,YADEA,T 9,CHINA,ELECTRIC,2.0,HAMBANTOTA,BRAND NEW,24,,T 9
MOTOR CYCLE,HERO,HF-DELUXE,INDIA,PETROL,97.2,MANNAR,BRAND NEW,1,HF-DELUXE,Unknown
MOTOR CYCLE,YAMAHA,MT 15 VER 2.0,INDIA,PETROL,155.0,KANDY,BRAND NEW,3,,MT 15 VER 2.0
CAR,TOYOTA,A250RA-GBVV RAIZE,INDONESIA,PETROL,998.0,COLOMBO,BRAND NEW,70,,A250RA-GBVV RAIZE
MOTOR CYCLE,YADEA,T 9,CHINA,ELECTRIC,2.0,RATNAPURA,BRAND NEW,1,,T 9
CAR,BYD,SEALION 6 PREMIUM,CHINA,PETROL/ELE,1498.0,GAMPAHA,BRAND NEW,10,,SEALION 6 PREMIUM
LAND VEHICLE,SOLIS,5020,INDIA,DIESEL,3067.0,HAMBANTOTA,BRAND NEW,1,,5020
MOTOR CYCLE,NWOW,V11,CHINA,ELECTRIC,1.0,GALLE,BRAND NEW,1,,V11
CAR,BYD,SEAL-COMFORT,CHINA,ELECTRIC,100.0,KEGALLE,BRAND NEW,3,SEAL-COMFORT,Unknown
MOTOR CYCLE,LUYUAN ALFA,MKK-Z23E-12-C,CHINA,ELECTRIC,1.2,POLONNARUWA,BRAND NEW,4,MKK-Z23E-12-C,Unknown
LAND VEHICLE,SONALIKA,D150RX-2WD,INDIA,DIESEL,2893.0,KURUNEGALA,BRAND NEW,1,,D150RX-2WD
CAR,TOYOTA,VJA300R-GNUZZ,JAPAN,PETROL,3445.0,GALLE,BRAND NEW,1,,VJA300R-GNUZZ
LAND VEHICLE,JOHN DEERE,5045D,INDIA,DIESEL,2940.0,ANURADHAPURA,BRAND NEW,4,,5045D
COMMERCIAL,MITSUBISHI,FUSO,JAPAN,DIESEL,2998.0,GALLE,BRAND NEW,1,,FUSO
MOTOR CYCLE,WUYANG HONDA,WH150-3,CHINA,PETROL,150.0,JAFFNA,BRAND NEW,1,WH150-3,Unknown
MOTOR CYCLE,YADEA,T5,CHINA,ELECTRIC,1.2,AMPARA,BRAND NEW,16,,T5
MOTOR CYCLE,YADEA,EPOC H,CHINA,ELECTRIC,2.0,KALUTARA,BRAND NEW,7,,EPOC H
MOTOR CYCLE,YADEA,EPOC H,CHINA,ELECTRIC,2.0,BADULLA,BRAND NEW,1,,EPOC H
MOTOR CYCLE,YADEA,T 9,CHINA,ELECTRIC,2.0,KEGALLE,BRAND NEW,3,,T 9
MOTOR CYCLE,HERO,HF-DELUXE,INDIA,PETROL,97.2,KALUTARA,BRAND NEW,7,HF-DELUXE,Unknown
MOTOR CYCLE,YAMAHA,FZ S FI VER 4.0,INDIA,PETROL,149.0,KILINOCHCHI,BRAND NEW,2,,FZ S FI VER 4.0
MOTOR CYCLE,YAMAHA,YZF R15 VER 4.0,INDIA,PETROL,155.0,MULLATIVU,BRAND NEW,2,,YZF R15 VER 4.0
MOTOR CYCLE,REVOLT,RV 400,INDIA,ELECTRIC,3.0,AMPARA,BRAND NEW,1,,RV 400
CAR,PERODUA,BEZZA,MALAYSIA,PETROL,998.0,KURUNEGALA,BRAND NEW,8,,BEZZA
MOTOR CYCLE,LUYUAN ALFA,MKK-Z23E-12-C,CHINA,ELECTRIC,1.2,HAMBANTOTA,BRAND NEW,7,MKK-Z23E-12-C,Unknown
MOTOR CYCLE,VMOTO,CITI,CHINA,ELECTRIC,2.0,KURUNEGALA,BRAND NEW,7,,CITI
THREE WHEELER,TVS,KING  EV  MAX,INDIA,ELECTRIC,11.0,GAMPAHA,BRAND NEW,2,,KING  EV  MAX
CAR,PERODUA,BEZZA,MALAYSIA,PETROL,988.0,GAMPAHA,BRAND NEW,1,,BEZZA
MOTOR CYCLE,YAMAHA,RAY ZR,INDIA,PETROL,113.0,KALUTARA,BRAND NEW,3,,RAY ZR
MOTOR CYCLE,SOLID,ROBOT,CHINA,ELECTRIC,1.2,PUTTALAM,BRAND NEW,3,,ROBOT
DUAL PURPOSE (COMMERCIAL),TOYOTA,GUN126R-DTTHX  HILUX,THAILAND,DIESEL,2755.0,KALUTARA,BRAND NEW,1,,GUN126R-DTTHX  HILUX
LAND VEHICLE,TAFE,45DI,INDIA,DIESEL,2500.0,COLOMBO,BRAND NEW,1,,45DI
CAR,NISSAN,MAGNITE ACENTA BR10,INDIA,PETROL,999.0,GALLE,BRAND NEW,1,,MAGNITE ACENTA BR10
CAR,BYD,SEALION 6 PREMIUM,CHINA,PETROL/ELE,1498.0,KANDY,BRAND NEW,1,,SEALION 6 PREMIUM
MOTOR CYCLE,HERO,XOOM-110,INDIA,PETROL,110.9,VAVUNIYA,BRAND NEW,2,XOOM-110,Unknown
LAND VEHICLE (SMALL),FARM MASTER,RV125-2,CHINA,DIESEL,624.0,MONERAGALA,BRAND NEW,1,RV125-2,Unknown
CAR,TOYOTA,F800RE-GQGF RUSH,INDONESIA,PETROL,1496.0,RATNAPURA,BRAND NEW,2,,F800RE-GQGF RUSH
LAND VEHICLE (SMALL),VIKYNO,RV125-2,VIETNAM,DIESEL,624.0,COLOMBO,BRAND NEW,1,RV125-2,Unknown
MOTOR CYCLE,YADEA,EPOC H,CHINA,ELECTRIC,2.0,GAMPAHA,BRAND NEW,5,,EPOC H
MOTOR CYCLE,YADEA,E8S PRO,CHINA,ELECTRIC,2.0,TRINCOMALEE,BRAND NEW,1,,E8S PRO
LAND VEHICLE,YANMAR,YM358R,THAILAND,DIESEL,3319.0,ANURADHAPURA,BRAND NEW,1,,YM358R
MOTOR CYCLE,NWOW,SE,CHINA,ELECTRIC,0.8,PUTTALAM,BRAND NEW,2,,SE
LAND VEHICLE (SMALL),VIKYNO,RV125-2,VIETNAM,DIESEL,624.0,MATALE,BRAND NEW,1,RV125-2,Unknown
LAND VEHICLE,MAHINDRA,YUVO TECH PLUS 575DI,INDIA,DIESEL,2979.0,MONERAGALA,BRAND NEW,1,,YUVO TECH PLUS 575DI
MOTOR CYCLE,TAKASHI,ES LITE,CHINA,ELECTRIC,1.2,RATNAPURA,BRAND NEW,1,,ES LITE
MOTOR CYCLE,YAMAHA,FZ  VER 2.0,INDIA,PETROL,149.0,KURUNEGALA,BRAND NEW,5,,FZ  VER 2.0
MOTOR CYCLE,YAMAHA,FZ  VER 2.0,INDIA,PETROL,149.0,BATTICALOA,BRAND NEW,7,,FZ  VER 2.0
MOTOR CYCLE,YAMAHA,FZ  VER 2.0,INDIA,PETROL,149.0,RATNAPURA,BRAND NEW,5,,FZ  VER 2.0
MOTOR CYCLE,SENARO,GN125,SRI LANKA,PETROL,125.0,BATTICALOA,BRAND NEW,1,,GN125
MOTOR CYCLE,YAMAHA,FZ  VER 2.0,INDIA,PETROL,149.0,KANDY,BRAND NEW,1,,FZ  VER 2.0
CAR,TOYOTA,A250RA-GBVV RAIZE,INDONESIA,PETROL,998.0,VAVUNIYA,BRAND NEW,1,,A250RA-GBVV RAIZE
COMMERCIAL,TOYOTA,XZB70R ZGMNY COASTER,JAPAN,DIESEL,4009.0,GALLE,BRAND NEW,1,,XZB70R ZGMNY COASTER
MOTOR CYCLE,YAMAHA,FZ  VER 2.0,INDIA,PETROL,149.0,KALUTARA,BRAND NEW,6,,FZ  VER 2.0
MOTOR CYCLE,YAMAHA,RAY ZR,INDIA,PETROL,113.0,ANURADHAPURA,BRAND NEW,2,,RAY ZR
CAR,TATA,CURVV CREATIVE,INDIA,PETROL,1199.0,BATTICALOA,BRAND NEW,1,,CURVV CREATIVE
MOTOR CYCLE,YAMAHA,RAY ZR,INDIA,PETROL,113.0,MATARA,BRAND NEW,3,,RAY ZR
MOTOR CYCLE,YAMAHA,RAY ZR,INDIA,PETROL,113.0,KURUNEGALA,BRAND NEW,2,,RAY ZR
MOTOR CYCLE,LUYUAN ALFA,M-MKK-Z30LJ-12-C,CHINA,ELECTRIC,1.8,POLONNARUWA,BRAND NEW,1,,M-MKK-Z30LJ-12-C
CAR,SUZUKI,5BD-DA17V EVERY,JAPAN,PETROL,658.0,GAMPAHA,BRAND NEW,1,5BD-DA17V,EVERY
MOTOR CYCLE,ABANS,YADEA,CHINA,ELECTRIC,1.2,POLONNARUWA,BRAND NEW,1,,YADEA
MOTOR CYCLE,YAMAHA,RAY ZR,INDIA,PETROL,113.0,NUWARA-ELIYA,BRAND NEW,3,,RAY ZR
THREE WHEELER,MAHINDRA,TREO,INDIA,ELECTRIC,3.5,GAMPAHA,BRAND NEW,1,,TREO
CAR,TATA,CURVV,INDIA,PETROL,1199.0,HAMBANTOTA,BRAND NEW,1,,CURVV
MOTOR CYCLE,YAMAHA,RAY ZR,INDIA,PETROL,113.0,BADULLA,BRAND NEW,2,,RAY ZR
MOTOR CYCLE,YAMAHA,FZ S FI VER 4.0,INDIA,PETROL,149.0,RATNAPURA,BRAND NEW,1,,FZ S FI VER 4.0
COMMERCIAL,MITSUBISHI,FUSO,JAPAN,DIESEL,2998.0,MATALE,BRAND NEW,1,,FUSO
MOTOR CYCLE,YAMAHA,FZ S FI VER 4.0,INDIA,PETROL,149.0,PUTTALAM,BRAND NEW,1,,FZ S FI VER 4.0
COMMERCIAL,TOYOTA,KDH223R-LEMDYT HIACE,JAPAN,DIESEL,2982.0,PUTTALAM,BRAND NEW,1,,KDH223R-LEMDYT HIACE
MOTOR CYCLE,TMR LUYUAN,MQQ6,CHINA,ELECTRIC,0.8,TRINCOMALEE,BRAND NEW,1,,MQQ6
MOTOR CYCLE,VMOTO,CITI,CHINA,ELECTRIC,2.0,MATARA,BRAND NEW,1,,CITI
MOTOR CYCLE,YADEA,EPOC H,CHINA,ELECTRIC,2.0,JAFFNA,BRAND NEW,1,,EPOC H
CAR,PERODUA,AXIA CG1GZ,MALAYSIA,PETROL,998.0,NUWARA-ELIYA,BRAND NEW,1,,AXIA CG1GZ
MOTOR CYCLE,TMR QUANLE,G18,CHINA,ELECTRIC,2.0,GAMPAHA,BRAND NEW,1,,G18
MOTOR CYCLE,TVS,NTORQ 125,SRI LANKA,PETROL,124.8,KANDY,BRAND NEW-L/ASSEMBLE,6,,NTORQ 125
MOTOR CYCLE,TVS,TVS XL 100,SRI LANKA,PETROL,99.7,TRINCOMALEE,BRAND NEW-L/ASSEMBLE,18,,TVS XL 100
MOTOR CYCLE,BAJAJ,PULSAR N160,SRI LANKA,PETROL,164.82,AMPARA,BRAND NEW-L/ASSEMBLE,56,,PULSAR N160
MOTOR CYCLE,BAJAJ,CT 100 ES,SRI LANKA,PETROL,102.0,KURUNEGALA,BRAND NEW-L/ASSEMBLE,66,,CT 100 ES
MOTOR CYCLE,BAJAJ,PULSAR N160,SRI LANKA,PETROL,164.82,KURUNEGALA,BRAND NEW-L/ASSEMBLE,54,,PULSAR N160
MOTOR CYCLE,BAJAJ,CT 100 ES,SRI LANKA,PETROL,102.0,COLOMBO,BRAND NEW-L/ASSEMBLE,126,,CT 100 ES
MOTOR CYCLE,BAJAJ,DISCOVER 125,SRI LANKA,PETROL,124.5,COLOMBO,BRAND NEW-L/ASSEMBLE,100,,DISCOVER 125
MOTOR CYCLE,BAJAJ,PULSAR N160,SRI LANKA,PETROL,164.82,BATTICALOA,BRAND NEW-L/ASSEMBLE,26,,PULSAR N160
MOTOR CYCLE,SENARO,GN125,SRI LANKA,PETROL,125.0,KALUTARA,BRAND NEW-L/ASSEMBLE,10,,GN125
DUAL PURPOSE (COMMERCIAL),J M C,VIGUS PRO,SRI LANKA,DIESEL,1998.0,COLOMBO,BRAND NEW-L/ASSEMBLE,1,,VIGUS PRO
MOTOR CYCLE,SENARO,GN125,SRI LANKA,PETROL,125.0,GALLE,BRAND NEW-L/ASSEMBLE,7,,GN125
MOTOR CYCLE,TVS,TVS XL 100,SRI LANKA,PETROL,99.7,MATALE,BRAND NEW-L/ASSEMBLE,5,,TVS XL 100
MOTOR CYCLE,SENARO,GN125,SRI LANKA,PETROL,125.0,KILINOCHCHI,BRAND NEW-L/ASSEMBLE,5,,GN125
MOTOR CYCLE,TVS,TVS XL 100,SRI LANKA,PETROL,99.7,AMPARA,BRAND NEW-L/ASSEMBLE,3,,TVS XL 100
MOTOR CYCLE,TVS,NTORQ 125,SRI LANKA,PETROL,124.8,KEGALLE,BRAND NEW-L/ASSEMBLE,7,,NTORQ 125
MOTOR LORRY (COMMERCIAL),LANKA ASHOK LEYLAND,E COMET 1212,SRI LANKA,DIESEL,3839.0,COLOMBO,BRAND NEW-L/ASSEMBLE,4,,E COMET 1212
SINGLE CAB,LANKA ASHOK LEYLAND,BADA DOST,SRI LANKA,DIESEL,1478.0,COLOMBO,BRAND NEW-L/ASSEMBLE,3,,BADA DOST
MOTOR LORRY (COMMERCIAL),JAC,HFC1027E4,SRI LANKA,DIESEL,2746.0,GAMPAHA,BRAND NEW-L/ASSEMBLE,2,,HFC1027E4
CAR,MAHINDRA,KUV100 NXT AMT,SRI LANKA,DIESEL,1198.0,GAMPAHA,BRAND NEW-L/ASSEMBLE,1,,KUV100 NXT AMT
MOTOR CYCLE,TVS,TVS XL 100,SRI LANKA,PETROL,99.7,BADULLA,BRAND NEW-L/ASSEMBLE,2,,TVS XL 100
SINGLE CAB,LANKA ASHOK LEYLAND,DOST,SRI LANKA,DIESEL,1478.0,GALLE,BRAND NEW-L/ASSEMBLE,1,,DOST
SINGLE CAB,MAHINDRA,BOLERO CITY PICKUP,SRI LANKA,DIESEL,2523.0,KALUTARA,BRAND NEW-L/ASSEMBLE,1,,BOLERO CITY PICKUP
SINGLE CAB,MAHINDRA,BOLERO CITY PICKUP,SRI LANKA,DIESEL,2523.0,KURUNEGALA,BRAND NEW-L/ASSEMBLE,2,,BOLERO CITY PICKUP
SINGLE CAB,MAHINDRA,BOLERO CITY PICKUP,SRI LANKA,DIESEL,2523.0,BADULLA,BRAND NEW-L/ASSEMBLE,3,,BOLERO CITY PICKUP
SINGLE CAB,MAHINDRA,BOLERO CITY PICKUP,SRI LANKA,DIESEL,2523.0,GALLE,BRAND NEW-L/ASSEMBLE,1,,BOLERO CITY PICKUP
MOTOR LORRY (COMMERCIAL),LANKA ASHOK LEYLAND,2518 TIPPER,SRI LANKA,DIESEL,5759.0,COLOMBO,BRAND NEW-L/ASSEMBLE,1,,2518 TIPPER
MOTOR CYCLE,TVS,NTORQ 125,SRI LANKA,PETROL,124.8,BATTICALOA,BRAND NEW-L/ASSEMBLE,2,,NTORQ 125
MOTOR CYCLE,TVS,NTORQ 125,SRI LANKA,PETROL,124.8,AMPARA,BRAND NEW-L/ASSEMBLE,4,,NTORQ 125
THREE WHEELER,BAJAJ,RE 4S AUTORICKSHAW,INDIA,PETROL,237.0,JAFFNA,BRAND NEW-L/ASSEMBLE,1,,RE 4S AUTORICKSHAW
CAR,SUZUKI,5AA-MH95S  WAGON R,JAPAN,PETROL/ELE,658.0,COLOMBO,RECONDITIONED,1,5AA-MH95S,WAGON R
COMMERCIAL,TOYOTA,3DF-GDH223B  HIACE,JAPAN,DIESEL,2754.0,BATTICALOA,RECONDITIONED,1,3DF-GDH223B,HIACE
CAR,HONDA,6AA-RV5 VEZEL,JAPAN,PETROL/ELE,1496.0,NUWARA-ELIYA,RECONDITIONED,6,6AA-RV5,VEZEL
CAR,SUZUKI,5BA-MH85S WAGON R,JAPAN,PETROL,658.0,POLONNARUWA,RECONDITIONED,2,5BA-MH85S,WAGON R
CAR,DAIHATSU,5BA-LA350S MIRA ES,JAPAN,PETROL,658.0,COLOMBO,RECONDITIONED,6,5BA-LA350S,MIRA ES
CAR,MAZDA,3BA-DG17W SCRUM,JAPAN,PETROL,658.0,KANDY,RECONDITIONED,1,3BA-DG17W,SCRUM
MOTOR CYCLE,HONDA,PCX 160,JAPAN,PETROL,156.0,POLONNARUWA,RECONDITIONED,1,,PCX 160
CAR,TOYOTA,6AA-MXPJ10 YARIS,JAPAN,PETROL,1496.0,KALUTARA,RECONDITIONED,1,6AA-MXPJ10,YARIS
SINGLE CAB,SUZUKI,3BD-DA16T,JAPAN,PETROL,658.0,GAMPAHA,RECONDITIONED,1,3BD-DA16T,CARTRY
CAR,SUZUKI,4AA-MK54S SPACIA,JAPAN,PETROL,658.0,COLOMBO,RECONDITIONED,4,4AA-MK54S,SPACIA
CAR,HONDA,VEZEL X HUNT 6AA-RV5,JAPAN,PETROL/ELE,1496.0,COLOMBO,RECONDITIONED,1,,VEZEL X HUNT 6AA-RV5
CAR,HONDA,6AA-RV 5 VEZEL,JAPAN,PETROL/ELE,1496.0,GAMPAHA,RECONDITIONED,1,6AA-RV,5 VEZEL
CAR,TOYOTA,5BA-KSP210 YARIS,JAPAN,PETROL,990.0,KEGALLE,RECONDITIONED,1,5BA-KSP210,YARIS
CAR,TOYOTA,5BA-MZEA17 COROLLA,JAPAN,PETROL,1490.0,ANURADHAPURA,RECONDITIONED,1,5BA-MZEA17,COROLLA
CAR,TOYOTA,5BA-KSP210 YARIS,JAPAN,PETROL,996.0,AMPARA,RECONDITIONED,6,5BA-KSP210,YARIS
CAR,SUZUKI,5BA-MH85S WAGON R,JAPAN,PETROL,656.0,JAFFNA,RECONDITIONED,1,5BA-MH85S,WAGON R
CAR,TOYOTA,6AA-MXPK11  AQUA,JAPAN,PETROL/ELE,1496.0,RATNAPURA,RECONDITIONED,1,6AA-MXPK11,AQUA
MOTOR CYCLE,HONDA,C 50,JAPAN,PETROL,50.0,MATARA,RECONDITIONED,5,,C 50
MOTOR CYCLE,HONDA,CD 90,JAPAN,PETROL,90.0,MATARA,RECONDITIONED,2,,CD 90
CAR,TOYOTA,3DA-GDJ250W,JAPAN,DIESEL,2754.0,GAMPAHA,RECONDITIONED,3,3DA-GDJ250W,PRADO
CAR,SUZUKI,4AA-MH55S CUSTOM,JAPAN,PETROL,658.0,COLOMBO,RECONDITIONED,1,4AA-MH55S,CUSTOM
CAR,HYUNDAI,SANTAFE HYBRID,AUSTRALIA,PETROL/ELE,1598.0,COLOMBO,RECONDITIONED,1,,SANTAFE HYBRID
CAR,DAIHATSU,5BA-LA350 S MIRA,JAPAN,PETROL,658.0,COLOMBO,RECONDITIONED,1,5BA-LA350,S MIRA
CAR,HONDA,VEZEL 6AA-RV5,JAPAN,PETROL/ELE,1496.0,KANDY,RECONDITIONED,1,,VEZEL 6AA-RV5
LAND VEHICLE (SMALL),KUBOTA,K600A,JAPAN,DIESEL,422.0,GAMPAHA,RECONDITIONED,1,,K600A
COMMERCIAL,TOYOTA,3DF-GDH223B,JAPAN,DIESEL,2754.0,GALLE,RECONDITIONED,1,3DF-GDH223B,LATNY
CAR,TOYOTA,5BA-LA350A,JAPAN,PETROL,658.0,COLOMBO,RECONDITIONED,1,5BA-LA350A,PIXIS
CAR,NISSAN,5BA-B43W DAYZ,JAPAN,PETROL,658.0,GALLE,RECONDITIONED,2,5BA-B43W,DAYZ
CAR,TOYOTA,5BA-KSP21 YARIS,JAPAN,PETROL,996.0,KURUNEGALA,RECONDITIONED,1,5BA-KSP21,YARIS
MOTOR LORRY (COMMERCIAL),ISUZU,TPG-NPR85AN ELF,JAPAN,DIESEL,2990.0,PUTTALAM,RECONDITIONED,1,TPG-NPR85AN,ELF
CAR,SUZUKI,4AA-MH55S WAGON R,JAPAN,PETROL/ELE,657.0,KANDY,RECONDITIONED,1,4AA-MH55S,WAGON R
CAR,SUZUKI,4AA-MH55S WAGON R,JAPAN,PETROL/ELE,658.0,MULLATIVU,RECONDITIONED,1,4AA-MH55S,WAGON R
CAR,SUZUKI,5AA-MH95S WAGON R,JAPAN,PETROL,658.0,MONERAGALA,RECONDITIONED,1,5AA-MH95S,WAGON R
SPECIAL PURPOSE VEHICLE,MITSUBISHI,MG230 MOTOR GRADER,JAPAN,DIESEL,5900.0,PUTTALAM,RECONDITIONED,1,,MG230 MOTOR GRADER
CAR,SUZUKI,3BA-DA17W EVERY,JAPAN,PETROL,658.0,GAMPAHA,RECONDITIONED,4,3BA-DA17W,EVERY
MOTOR LORRY (COMMERCIAL),ISUZU,TRG-NJR85A ELF,JAPAN,DIESEL,2990.0,GAMPAHA,RECONDITIONED,1,TRG-NJR85A,ELF
CAR,NISSAN,ALMERA,THAILAND,PETROL,999.0,GALLE,RECONDITIONED,2,,ALMERA
CAR,TOYOTA,6AA-ZVG13,JAPAN,PETROL/ELE,1797.0,GALLE,RECONDITIONED,1,6AA-ZVG13,COROLLA
CAR,TOYOTA,3BA-TRJ150W PRADO,JAPAN,PETROL,2696.0,KURUNEGALA,RECONDITIONED,1,3BA-TRJ150W,PRADO
MOTOR CYCLE,HONDA,PCX,JAPAN,PETROL,124.0,PUTTALAM,RECONDITIONED,7,,PCX
CAR,TOYOTA,5AA-A202A,JAPAN,PETROL/ELE,78.0,KURUNEGALA,RECONDITIONED,1,5AA-A202A,RAIZE
COMMERCIAL,TOYOTA,3DF-GDH223B,JAPAN,DIESEL,2754.0,KALUTARA,RECONDITIONED,1,3DF-GDH223B,LATNY
DUAL PURPOSE (COMMERCIAL),FORD,RANGER STORMTRAK,THAILAND,DIESEL,1996.0,COLOMBO,RECONDITIONED,1,,RANGER STORMTRAK
CAR,TOYOTA,3BA-TRJ250W PRADO,JAPAN,PETROL,2696.0,KANDY,RECONDITIONED,1,3BA-TRJ250W,PRADO
CAR,SUZUKI,3BA-HA37S ALTO,JAPAN,PETROL,658.0,ANURADHAPURA,RECONDITIONED,2,3BA-HA37S,ALTO
CAR,NISSAN,ALMERA,THAILAND,PETROL,999.0,KURUNEGALA,RECONDITIONED,1,,ALMERA
CAR,NISSAN,5AA-B44A ROOX,JAPAN,PETROL/ELE,658.0,COLOMBO,RECONDITIONED,1,5AA-B44A,ROOX
CAR,HONDA,CITY RS,THAILAND,PETROL,988.0,KALUTARA,RECONDITIONED,4,,CITY RS
DUAL PURPOSE (COMMERCIAL),FORD,RANGER RAPTOR,THAILAND,PETROL,2956.0,NUWARA-ELIYA,RECONDITIONED,1,,RANGER RAPTOR
MOTOR CYCLE,KAWASAKI,2BK-ZX250E,JAPAN,PETROL,249.0,HAMBANTOTA,RECONDITIONED,1,2BK-ZX250E,Unknown
MOTOR CYCLE,HONDA,PCX,JAPAN,PETROL,157.0,PUTTALAM,RECONDITIONED,2,,PCX
CAR,NISSAN,5BD-DR17V,JAPAN,PETROL,658.0,COLOMBO,RECONDITIONED,2,5BD-DR17V,CLIPPER GX
DUAL PURPOSE (COMMERCIAL),TOYOTA,HILUX REVO GR SPORT,THAILAND,DIESEL,2755.0,KANDY,RECONDITIONED,2,,HILUX REVO GR SPORT
CAR,SUZUKI,5BA-MH85S,JAPAN,PETROL,658.0,GAMPAHA,RECONDITIONED,1,5BA-MH85S,WAGOON R
CAR,HONDA,6BA-JF5 N BOX,JAPAN,PETROL,658.0,GALLE,RECONDITIONED,1,6BA-JF5,N BOX
CAR,SUZUKI,5BAMH85S WAGON R,JAPAN,PETROL,656.0,KANDY,RECONDITIONED,1,,5BAMH85S WAGON R
CAR,TOYOTA,5BA-M900A,JAPAN,PETROL,996.0,JAFFNA,RECONDITIONED,1,5BA-M900A,Unknown
CAR,SUZUKI,5AA-MH95S  WAGON R,JAPAN,PETROL,658.0,COLOMBO,RECONDITIONED,3,5AA-MH95S,WAGON R
CAR,TOYOTA,LC300,AUSTRALIA,DIESEL,3346.0,MATARA,RECONDITIONED,1,,LC300
MOTOR CYCLE,HONDA,PCX 160,VIETNAM,PETROL,156.0,KURUNEGALA,RECONDITIONED,1,,PCX 160
CAR,TOYOTA,6AA-MXPK11 AQUA,JAPAN,PETROL/ELE,1496.0,KURUNEGALA,RECONDITIONED,1,6AA-MXPK11,AQUA
CAR,SUZUKI,ALTO 5AA-HA97S,JAPAN,PETROL/ELE,658.0,MATARA,RECONDITIONED,1,,ALTO 5AA-HA97S
DUAL PURPOSE (COMMERCIAL),TOYOTA,TUNDRA,AUSTRALIA,PETROL,3445.0,KALUTARA,RECONDITIONED,1,,TUNDRA
SINGLE CAB,SUZUKI,3BD-DA16T  CARRY,JAPAN,PETROL,658.0,GAMPAHA,RECONDITIONED,1,3BD-DA16T,CARRY
CAR,TOYOTA,3BA-TRJ150W,JAPAN,PETROL,2693.0,GALLE,RECONDITIONED,1,3BA-TRJ150W,Unknown
CAR,HONDA,CR-V,THAILAND,PETROL,1498.0,GALLE,RECONDITIONED,1,CR-V,VTIL7
CAR,TOYOTA,3BA-NGX10 C-HR,JAPAN,PETROL,1196.0,PUTTALAM,RECONDITIONED,1,3BA-NGX10,C-HR
CAR,SUZUKI,5BA-MH85S   WAGON R,JAPAN,PETROL,658.0,GALLE,RECONDITIONED,1,5BA-MH85S,WAGON R
CAR,HONDA,6AA-RV6 VEZEL,JAPAN,PETROL/ELE,1496.0,POLONNARUWA,RECONDITIONED,1,6AA-RV6,VEZEL
DUAL PURPOSE (COMMERCIAL),TOYOTA,HILUX REVO GR SPORT,THAILAND,DIESEL,2755.0,MATARA,RECONDITIONED,1,,HILUX REVO GR SPORT
CAR,HONDA,6AA-RV5 VEZEL,JAPAN,PETROL/ELE,1498.0,COLOMBO,RECONDITIONED,2,6AA-RV5,VEZEL
CAR,TOYOTA,3BA-A210A PEARL,JAPAN,PETROL,996.0,KANDY,RECONDITIONED,1,3BA-A210A,PEARL
CAR,SUZUKI,5BA-MH85S WAGON R,JAPAN,PETROL,656.0,NUWARA-ELIYA,RECONDITIONED,1,5BA-MH85S,WAGON R
CAR,SUZUKI,4AA-MK54S SPACIA,JAPAN,PETROL/ELE,658.0,COLOMBO,RECONDITIONED,1,4AA-MK54S,SPACIA
MOTOR LORRY (COMMERCIAL),ISUZU,TRG-NPR85AN ELF,JAPAN,DIESEL,2990.0,GALLE,RECONDITIONED,1,TRG-NPR85AN,ELF
MOTOR LORRY (COMMERCIAL),ISUZU,2RG-NPR88AN ELF,JAPAN,DIESEL,2990.0,KURUNEGALA,RECONDITIONED,1,2RG-NPR88AN,ELF
DUAL PURPOSE (COMMERCIAL),TOYOTA,3DF-GUN125 HILUX,THAILAND,DIESEL,2393.0,KURUNEGALA,RECONDITIONED,3,3DF-GUN125,HILUX
CAR,TOYOTA,3BA-TRJ250W,JAPAN,PETROL,2696.0,HAMBANTOTA,RECONDITIONED,1,3BA-TRJ250W,PRADO250
DUAL PURPOSE (COMMERCIAL),MITSUBISHI,3DF-LC2T TRITON,THAILAND,DIESEL,2430.0,KEGALLE,RECONDITIONED,1,3DF-LC2T,TRITON
LAND VEHICLE (SMALL),KUBOTA,K600,JAPAN,DIESEL,422.0,ANURADHAPURA,RECONDITIONED,1,,K600
SPECIAL PURPOSE VEHICLE,J.C.B,3CX EXCAVATOR SHOVEL,UNITED KINGDOM,DIESEL,4200.0,COLOMBO,RECONDITIONED,1,,3CX EXCAVATOR SHOVEL
CAR,SUZUKI,3BA-HA37S ALTO,JAPAN,PETROL,658.0,AMPARA,RECONDITIONED,1,3BA-HA37S,ALTO
CAR,MERCEDES BENZ,5AA-118384M CLA180,GERMANY,PETROL/ELE,1331.0,GAMPAHA,RECONDITIONED,1,5AA-118384M,CLA180
CAR,SUZUKI,5BD-DA17V EVERY,JAPAN,PETROL,658.0,HAMBANTOTA,RECONDITIONED,2,5BD-DA17V,EVERY
CAR,HONDA,CRV VTIL-7,THAILAND,PETROL,1498.0,COLOMBO,RECONDITIONED,1,,CRV VTIL-7
DUAL PURPOSE (COMMERCIAL),TOYOTA,HILUX REVO ROCCO,THAILAND,DIESEL,2755.0,MATARA,RECONDITIONED,1,,HILUX REVO ROCCO
CAR,SUZUKI,5BA-MH85S,JAPAN,PETROL,658.0,HAMBANTOTA,RECONDITIONED,1,5BA-MH85S,WAGOON R
CAR,TOYOTA,6AA-2WR90W VOXY,JAPAN,PETROL/ELE,1797.0,KANDY,RECONDITIONED,1,6AA-2WR90W,VOXY
CAR,NISSAN,5AA-B44W  DAYS,JAPAN,PETROL,659.0,GAMPAHA,RECONDITIONED,1,5AA-B44W,DAYS
LAND VEHICLE (SMALL),KUBOTA,K600A,JAPAN,DIESEL,422.0,MONERAGALA,RECONDITIONED,1,,K600A
CAR,TOYOTA,3BA TRJ250W,JAPAN,PETROL,2693.0,GALLE,RECONDITIONED,1,,3BA TRJ250W
CAR,DAIHATSU,5BA-LA900S TAFT,JAPAN,PETROL,658.0,AMPARA,RECONDITIONED,1,5BA-LA900S,TAFT
CAR,LAMBORGHINI,URUS V6 PERFOMANTE,ITALY,PETROL,3996.0,PUTTALAM,RECONDITIONED,1,,URUS V6 PERFOMANTE
MOTOR CYCLE,HONDA,CRF250L,THAILAND,PETROL,249.0,COLOMBO,RECONDITIONED,1,,CRF250L
COMMERCIAL,TOYOTA,3DF-GDH223B,JAPAN,DIESEL,2754.0,MULLATIVU,RECONDITIONED,1,3DF-GDH223B,LATNY
CAR,TOYOTA,5BA-M900A  ROOMY,JAPAN,PETROL,996.0,GAMPAHA,RECONDITIONED,2,5BA-M900A,ROOMY
CAR,TOYOTA,6AA-ZVG13 COROLLA,JAPAN,PETROL/ELE,1797.0,KALUTARA,RECONDITIONED,1,6AA-ZVG13,COROLLA
CAR,SUZUKI,EVERY 5BD-DA17V,JAPAN,PETROL,658.0,MATARA,RECONDITIONED,1,,EVERY 5BD-DA17V
CAR,MITSUBISHI,EK WAGON 5BA-B33W,JAPAN,PETROL,658.0,COLOMBO,RECONDITIONED,2,,EK WAGON 5BA-B33W
MOTOR LORRY (COMMERCIAL),MITSUBISHI,PDG-FK62FY FIGHTER,JAPAN,DIESEL,7540.0,JAFFNA,RECONDITIONED,1,PDG-FK62FY,FIGHTER
CAR,TOYOTA,6AA-MXPK11 AQUA,JAPAN,PETROL/ELE,1496.0,MATARA,RECONDITIONED,1,6AA-MXPK11,AQUA
CAR,NISSAN,5BD-DA17V NV100,JAPAN,PETROL,658.0,KEGALLE,RECONDITIONED,1,5BD-DA17V,NV100
CAR,NISSAN,MAGNITE ACENTA BR10,INDIA,PETROL,999.0,BADULLA,RECONDITIONED,1,,MAGNITE ACENTA BR10
CAR,SUZUKI,5BD-DA17V EVERY,JAPAN,PETROL,656.0,GALLE,RECONDITIONED,1,5BD-DA17V,EVERY
CAR,TOYOTA,5BA-KSP210  YARIS,JAPAN,PETROL,996.0,AMPARA,RECONDITIONED,1,5BA-KSP210,YARIS
CAR,NISSAN,4AA--B45W DAYZ,JAPAN,PETROL/ELE,659.0,BATTICALOA,RECONDITIONED,1,4AA--B45W,DAYZ
CAR,TOYOTA,6AA-MXPJ10  YARIS,JAPAN,PETROL/ELE,1490.0,COLOMBO,RECONDITIONED,1,6AA-MXPJ10,YARIS
CAR,MERCEDES BENZ,5AA-206042C C200,GERMANY,PETROL,1496.0,COLOMBO,RECONDITIONED,1,5AA-206042C,C200
CAR,TOYOTA,PASSO 5BA-M700A,JAPAN,PETROL,996.0,COLOMBO,RECONDITIONED,1,,PASSO 5BA-M700A
SPECIAL PURPOSE VEHICLE,J.C.B,JCB SHOVEL LOADER,UNITED KINGDOM,DIESEL,3990.0,COLOMBO,RECONDITIONED,1,,JCB SHOVEL LOADER
CAR,SUZUKI,5BA-DA17V EVERY,JAPAN,PETROL,658.0,GAMPAHA,RECONDITIONED,1,5BA-DA17V,EVERY
CAR,HONDA,CIKTY SV,THAILAND,PETROL,998.0,KALUTARA,RECONDITIONED,1,,CIKTY SV
CAR,TOYO,5BA-A201A RAIZE,JAPAN,PETROL,1196.0,NUWARA-ELIYA,RECONDITIONED,1,5BA-A201A,RAIZE
CAR,DAIHATSU,MIRA 5BA-LA350S,JAPAN,PETROL,658.0,COLOMBO,RECONDITIONED,1,,MIRA 5BA-LA350S
CAR,TOYOTA,4BA-M900A ROOMY,JAPAN,PETROL,996.0,PUTTALAM,RECONDITIONED,1,4BA-M900A,ROOMY
COMMERCIAL,TOYOTA,3DF-GDH223B,JAPAN,DIESEL,2754.0,BATTICALOA,RECONDITIONED,1,3DF-GDH223B,LATNY
CAR,SUZUKI,3BA-DA17V EVERY,JAPAN,PETROL,658.0,PUTTALAM,RECONDITIONED,1,3BA-DA17V,EVERY
CAR,TOYOTA,3BA-TRJ150W PRADO,JAPAN,PETROL,2693.0,KURUNEGALA,RECONDITIONED,1,3BA-TRJ150W,PRADO
LAND VEHICLE (SMALL),KUBOTA,K600,JAPAN,DIESEL,422.0,AMPARA,RECONDITIONED,1,,K600
CAR,TOYOTA,6AA-MXPJ10 YARIS,JAPAN,PETROL/ELE,1496.0,KANDY,RECONDITIONED,1,6AA-MXPJ10,YARIS
CAR,SUZUKI,5AA-HA97S ALTO,JAPAN,PETROL/ELE,658.0,KURUNEGALA,RECONDITIONED,1,5AA-HA97S,ALTO
CAR,TOYOTA,3BA-TRJ250W  VX,JAPAN,PETROL,2693.0,KURUNEGALA,RECONDITIONED,1,3BA-TRJ250W,VX
CAR,NISSAN,ROOX 5AA-B44A,JAPAN,PETROL/ELE,658.0,GAMPAHA,RECONDITIONED,1,,ROOX 5AA-B44A
CAR,SUZUKI,3BD-DA17V EVERY,JAPAN,PETROL,658.0,MATARA,RECONDITIONED,1,3BD-DA17V,EVERY
MOTOR CYCLE,RISE,LEADER 125,SRI LANKA,PETROL,125.0,KILINOCHCHI,BRAND NEW-L/MANUFACT,4,,LEADER 125
MOTOR CYCLE,RISE,LEADER PLUS,SRI LANKA,ELECTRIC,2.0,RATNAPURA,BRAND NEW-L/MANUFACT,1,,LEADER PLUS
MOTOR CYCLE,RISE,LEADER PLUS,SRI LANKA,ELECTRIC,2.0,TRINCOMALEE,BRAND NEW-L/MANUFACT,1,,LEADER PLUS
TRACTOR TRAILER/BOWSER,LOCALLY BUILT,TRACTOR TRAILER,SRI LANKA,NOT STATED,0.0,MANNAR,LOCALLY BUILT,15,,TRACTOR TRAILER
MOTOR CYCLE,HONDA,XL 250,JAPAN,PETROL,249.0,KALUTARA,BOUGHT FROM AUCTION,1,,XL 250
TRACTOR TRAILER/BOWSER,LOCALLY BUILT,TRACTOR TRAILER,SRI LANKA,NOT STATED,0.0,KILINOCHCHI,LOCALLY BUILT,2,,TRACTOR TRAILER
TRACTOR TRAILER/BOWSER,LOCALLY BUILT,TRACTOR  TRAILER,SRI LANKA,NOT STATED,0.0,PUTTALAM,LOCALLY BUILT,2,,TRACTOR  TRAILER
TRACTOR TRAILER/BOWSER,LOCALLY BUILT,LOW BED TRAILER,SRI LANKA,NOT STATED,0.0,GAMPAHA,LOCALLY BUILT,2,,LOW BED TRAILER
TRACTOR TRAILER/BOWSER,LOCALLY BUILT,TRACTOR TRAILER,SRI LANKA,NOT STATED,0.0,JAFFNA,LOCALLY BUILT,3,,TRACTOR TRAILER
TRACTOR TRAILER/BOWSER,LOCALLY BUILT,TRACTOR TRAILER,SRI LANKA,NOT STATED,0.0,MULLATIVU,LOCALLY BUILT,2,,TRACTOR TRAILER
TRACTOR TRAILER/BOWSER,LOCALLY BUILT,LOW BED TRAILER,SRI LANKA,NOT STATED,0.0,MANNAR,LOCALLY BUILT,1,,LOW BED TRAILER
DUAL PURPOSE (COMMERCIAL),TOYOTA,GUN126R-DTTHX  HILUX,THAILAND,DIESEL,2755.0,COLOMBO,BRAND NEW,15,,GUN126R-DTTHX  HILUX
PRIMER MOVER,TATA,SIGNA 4018,INDIA,DIESEL,5883.0,COLOMBO,BRAND NEW,23,,SIGNA 4018
CAR,TATA,NEXON SMART,INDIA,PETROL,1199.0,COLOMBO,BRAND NEW,1,,NEXON SMART
THREE WHEELER,BAJAJ,RE 4S AUTORICKSHAW,INDIA,PETROL,237.0,KEGALLE,BRAND NEW,48,,RE 4S AUTORICKSHAW
CAR,BYD,ATTO-3-SUPERIOR,CHINA,ELECTRIC,100.0,BADULLA,BRAND NEW,3,ATTO-3-SUPERIOR,Unknown
CAR,BYD,ATTO-3-SUPERIOR,CHINA,ELECTRIC,100.0,VAVUNIYA,BRAND NEW,1,ATTO-3-SUPERIOR,Unknown
CAR,BYD,SEALION 6-SUPERIOR,CHINA,PETROL/ELE,1498.0,COLOMBO,BRAND NEW,1,,SEALION 6-SUPERIOR
CAR,KIA,STONIC,SOUTH KOREA,PETROL,998.0,COLOMBO,BRAND NEW,1,,STONIC
MOTOR CYCLE,LUYUAN ALFA,MKK-Z23E-12-C,CHINA,ELECTRIC,1.2,AMPARA,BRAND NEW,2,MKK-Z23E-12-C,Unknown
LAND VEHICLE,SWARAJ,855,INDIA,DIESEL,3478.2,VAVUNIYA,BRAND NEW,1,,855
MOTOR CYCLE,BAJAJ,PULSAR N 160,INDIA,PETROL,164.32,POLONNARUWA,BRAND NEW,48,,PULSAR N 160
MOTOR CYCLE,BAJAJ,PULSAR N 160,INDIA,PETROL,164.32,COLOMBO,BRAND NEW,110,,PULSAR N 160
MOTOR CYCLE,BAJAJ,PULSAR N 125,INDIA,PETROL,124.58,MATALE,BRAND NEW,13,,PULSAR N 125
MOTOR CYCLE,YADEA,T5,CHINA,ELECTRIC,1.2,MONERAGALA,BRAND NEW,39,,T5
MOTOR CYCLE,YADEA,RUIBIN,CHINA,ELECTRIC,0.8,PUTTALAM,BRAND NEW,8,,RUIBIN
MOTOR CYCLE,YADEA,RUIBIN,CHINA,ELECTRIC,0.8,HAMBANTOTA,BRAND NEW,14,,RUIBIN
CAR,SAIC,MG 5-1.5T,CHINA,PETROL,1490.0,GAMPAHA,BRAND NEW,1,,MG 5-1.5T
MOTOR CYCLE,YADEA,T5,CHINA,ELECTRIC,1.2,POLONNARUWA,BRAND NEW,72,,T5
CAR,NISSAN,MAGNITE TEKNA PLUS,INDIA,PETROL,999.0,GALLE,BRAND NEW,1,,MAGNITE TEKNA PLUS
LAND VEHICLE (SMALL),NUBOTA VIKYNO,RV125-2,VIETNAM,DIESEL,624.0,COLOMBO,BRAND NEW,1,RV125-2,Unknown
SINGLE CAB,MAHINDRA,BOLERO CITY PICKUP,INDIA,DIESEL,2523.0,KANDY,BRAND NEW,6,,BOLERO CITY PICKUP
CAR,BYD,M6 SUPERIOR,CHINA,ELECTRIC,100.0,GAMPAHA,BRAND NEW,2,,M6 SUPERIOR
PRIMER MOVER,TATA,SIGNA 4018,INDIA,DIESEL,5883.0,MATALE,BRAND NEW,1,,SIGNA 4018
CAR,M.G.,MG S5,CHINA,ELECTRIC,99.0,GAMPAHA,BRAND NEW,3,,MG S5
MOTOR CYCLE,NWOW,SE,CHINA,ELECTRIC,0.8,GALLE,BRAND NEW,3,,SE
CAR,BYD,DOLPHIN-DYNAMIC 70,CHINA,ELECTRIC,49.0,KURUNEGALA,BRAND NEW,1,,DOLPHIN-DYNAMIC 70
MOTOR CYCLE,OYFLY,TDM-LTW,CHINA,ELECTRIC,2.0,MATARA,BRAND NEW,1,TDM-LTW,Unknown
CAR,BYD,SEALION 6 PREMIUM,CHINA,PETROL/ELE,1498.0,COLOMBO,BRAND NEW,16,,SEALION 6 PREMIUM
MOTOR CYCLE,BAJAJ,PULSAR N 125,INDIA,PETROL,124.58,HAMBANTOTA,BRAND NEW,19,,PULSAR N 125
MOTOR CYCLE,BAJAJ,PULSAR NS 200,INDIA,PETROL,199.5,RATNAPURA,BRAND NEW,3,,PULSAR NS 200
MOTOR CYCLE,YAMAHA,FZ S FI VER 4.0,INDIA,PETROL,149.0,BADULLA,BRAND NEW,3,,FZ S FI VER 4.0
MOTOR CYCLE,YAMAHA,MT 15 VER 2.0,INDIA,PETROL,155.0,BADULLA,BRAND NEW,3,,MT 15 VER 2.0
CAR,NISSAN,MAGNITE TEKNA PLUS,INDIA,PETROL,999.0,KANDY,BRAND NEW,2,,MAGNITE TEKNA PLUS
LAND VEHICLE (SMALL),VIKYNO,RV125-2,VIETNAM,DIESEL,624.0,HAMBANTOTA,BRAND NEW,18,RV125-2,Unknown
MOTOR CYCLE,QUANLE,Q1,CHINA,ELECTRIC,1.2,KURUNEGALA,BRAND NEW,5,,Q1
CAR,PERODUA,AXIA-CG1SZ,MALAYSIA,PETROL,998.0,KALUTARA,BRAND NEW,2,AXIA-CG1SZ,Unknown
MOTOR CYCLE,SUPER SOCO,TS STREET HUNTER,CHINA,ELECTRIC,2.5,KALUTARA,BRAND NEW,3,,TS STREET HUNTER
MOTOR CYCLE,ATHER,450X,INDIA,ELECTRIC,3.0,RATNAPURA,BRAND NEW,1,,450X
MOTOR CYCLE,REVOLT,RV 400,INDIA,ELECTRIC,3.0,PUTTALAM,BRAND NEW,1,,RV 400
CAR,KIA,SORENTO,MALAYSIA,PETROL/ELE,1598.0,COLOMBO,BRAND NEW,9,,SORENTO
CAR,SAIC,MGHS PHEV,CHINA,PETROL/ELE,1496.0,NUWARA-ELIYA,BRAND NEW,1,,MGHS PHEV
MOTOR CYCLE,RANOMOTO,GN125H,CHINA,PETROL,124.0,MATARA,BRAND NEW,7,,GN125H
MOTOR CYCLE,YAMAHA,RAY ZR 125,INDIA,PETROL,125.0,AMPARA,BRAND NEW,11,,RAY ZR 125
MOTOR CYCLE,YAMAHA,RAY ZRSTREETRALLY125,INDIA,PETROL,125.0,POLONNARUWA,BRAND NEW,2,,RAY ZRSTREETRALLY125
CAR,BYD,ATTO-3-SUPERIOR,CHINA,ELECTRIC,100.0,MATALE,BRAND NEW,2,ATTO-3-SUPERIOR,Unknown
CAR,BYD,ATTO-3-SUPERIOR,CHINA,ELECTRIC,100.0,NUWARA-ELIYA,BRAND NEW,1,ATTO-3-SUPERIOR,Unknown
MOTOR CYCLE,BAJAJ,PULSAR 135 LS,INDIA,PETROL,134.6,MATARA,BRAND NEW,1,,PULSAR 135 LS
MOTOR CYCLE,BAJAJ,DISCOVER,INDIA,PETROL,94.38,MATARA,BRAND NEW,3,,DISCOVER
MOTOR CYCLE,NWOW,ARS,CHINA,ELECTRIC,0.45,KALUTARA,BRAND NEW,6,,ARS
MOTOR CYCLE,TMR LUYUAN,MQQ6,CHINA,ELECTRIC,0.8,ANURADHAPURA,BRAND NEW,3,,MQQ6
CAR,AUDI,E-TRON 50 QUATTRO,BELGIUM,ELECTRIC,230.0,COLOMBO,BRAND NEW,2,,E-TRON 50 QUATTRO
CAR,BYD,M6 SUPERIOR,CHINA,ELECTRIC,100.0,KALUTARA,BRAND NEW,2,,M6 SUPERIOR
MOTOR CYCLE,YADEA,T5,CHINA,ELECTRIC,1.2,JAFFNA,BRAND NEW,31,,T5
MOTOR CYCLE,YADEA,T5,CHINA,ELECTRIC,1.2,MANNAR,BRAND NEW,7,,T5
MOTOR CYCLE,YADEA,T 9,CHINA,ELECTRIC,2.0,AMPARA,BRAND NEW,2,,T 9
CAR,BYD,DOLPHIN-DYNAMIC49,CHINA,ELECTRIC,49.0,KALUTARA,BRAND NEW,7,,DOLPHIN-DYNAMIC49
LAND VEHICLE,KARTAR,GLOBETRAC 4736 4WD,INDIA,DIESEL,3117.0,MULLATIVU,BRAND NEW,1,,GLOBETRAC 4736 4WD
MOTOR CYCLE,BAJAJ,BOXER CT DELUXE,INDIA,PETROL,99.35,MATARA,BRAND NEW,3,,BOXER CT DELUXE
SINGLE CAB,MAHINDRA,BOLERO CITY PICKUP,INDIA,DIESEL,2523.0,MATARA,BRAND NEW,4,,BOLERO CITY PICKUP
MOTOR LORRY (COMMERCIAL),ISUZU,NPR75U-HL5VAYN,JAPAN,DIESEL,5193.0,COLOMBO,BRAND NEW,2,,NPR75U-HL5VAYN
MOTOR CYCLE,HERO,XOOM-110,INDIA,PETROL,110.9,MULLATIVU,BRAND NEW,17,XOOM-110,Unknown
MOTOR CYCLE,HERO,HF-DELUXE,INDIA,PETROL,97.2,MATALE,BRAND NEW,10,HF-DELUXE,Unknown
SPECIAL PURPOSE VEHICLE,J.C.B,3DX,INDIA,DIESEL,4400.0,MATALE,BRAND NEW,1,,3DX
LAND VEHICLE (SMALL),NEW LION,RV125-2,CHINA,DIESEL,624.0,TRINCOMALEE,BRAND NEW,1,RV125-2,Unknown
LAND VEHICLE (SMALL),NEW LION,RV125-2,CHINA,DIESEL,624.0,BADULLA,BRAND NEW,1,RV125-2,Unknown
MOTOR CYCLE,TVS,IQUBE,INDIA,ELECTRIC,3.34,MATARA,BRAND NEW,5,,IQUBE
CAR,BYD,ATTO3-ADVANCED,CHINA,ELECTRIC,100.0,RATNAPURA,BRAND NEW,2,ATTO3-ADVANCED,Unknown
MOTOR CYCLE,YADEA,T 9,CHINA,ELECTRIC,2.0,GALLE,BRAND NEW,14,,T 9
THREE WHEELER,MAHINDRA,TREO,INDIA,ELECTRIC,3.5,GALLE,BRAND NEW,2,,TREO
MOTOR CYCLE,TAILG,SAI BEI,CHINA,ELECTRIC,1.5,MONERAGALA,BRAND NEW,1,,SAI BEI
CAR,BYD,SEAL-COMFORT,CHINA,ELECTRIC,100.0,MATARA,BRAND NEW,4,SEAL-COMFORT,Unknown
COMMERCIAL,TATA,LP 712,INDIA,DIESEL,3783.0,COLOMBO,BRAND NEW,1,,LP 712
MOTOR CYCLE,QUANLE,ZS,CHINA,ELECTRIC,1.2,KURUNEGALA,BRAND NEW,1,,ZS
MOTOR CYCLE,QUANLE,Q1,CHINA,ELECTRIC,1.2,AMPARA,BRAND NEW,1,,Q1
MOTOR CYCLE,NWOW,TK 10,CHINA,ELECTRIC,0.8,PUTTALAM,BRAND NEW,1,,TK 10
CAR,BYD,SEAL-COMFORT,CHINA,ELECTRIC,100.0,PUTTALAM,BRAND NEW,2,SEAL-COMFORT,Unknown
MOTOR CYCLE,RANOMOTO,GN125H,CHINA,PETROL,124.0,ANURADHAPURA,BRAND NEW,4,,GN125H
MOTOR CYCLE,REVOLT,RV 400,INDIA,ELECTRIC,3.0,GALLE,BRAND NEW,1,,RV 400
THREE WHEELER,MAHINDRA,TREO,INDIA,ELECTRIC,3.5,KANDY,BRAND NEW,1,,TREO
LAND VEHICLE,SONALIKA,D150RX-2WD,INDIA,DIESEL,2893.0,BADULLA,BRAND NEW,2,,D150RX-2WD
LAND VEHICLE,JOHN DEERE,5045D,INDIA,DIESEL,2940.0,KURUNEGALA,BRAND NEW,2,,5045D
LAND VEHICLE,JOHN DEERE,5047D,INDIA,DIESEL,2940.0,POLONNARUWA,BRAND NEW,2,,5047D
MOTOR CYCLE,QUANLE,G18,CHINA,ELECTRIC,2.0,KALUTARA,BRAND NEW,1,,G18
MOTOR CYCLE,RANOMOTO,GN125H,CHINA,PETROL,124.0,POLONNARUWA,BRAND NEW,2,,GN125H
MOTOR CYCLE,SOLID,G6,CHINA,ELECTRIC,1.5,COLOMBO,BRAND NEW,1,,G6
MOTOR CYCLE,YADEA,EPOC H,CHINA,ELECTRIC,2.0,GALLE,BRAND NEW,4,,EPOC H
MOTOR CYCLE,YADEA,RUIBIN,CHINA,ELECTRIC,0.8,RATNAPURA,BRAND NEW,8,,RUIBIN
MOTOR CYCLE,YADEA,EPOC H,CHINA,ELECTRIC,2.0,ANURADHAPURA,BRAND NEW,5,,EPOC H
MOTOR CYCLE,YAMAHA,FZ S FI VER 4.0,INDIA,PETROL,149.0,KEGALLE,BRAND NEW,2,,FZ S FI VER 4.0
CAR,BYD,DOLPHIN-DYNAMIC49,CHINA,ELECTRIC,49.0,MATARA,BRAND NEW,6,,DOLPHIN-DYNAMIC49
MOTOR CYCLE,YAMAHA,YZF R15 VER 4.0,INDIA,PETROL,155.0,KURUNEGALA,BRAND NEW,1,,YZF R15 VER 4.0
LAND VEHICLE,JOHN DEERE,5050D,INDIA,DIESEL,2940.0,BADULLA,BRAND NEW,1,,5050D
CAR,BYD,DOLPHIN-DYNAMIC49,CHINA,ELECTRIC,49.0,GALLE,BRAND NEW,4,,DOLPHIN-DYNAMIC49
COMMERCIAL,TOYOTA,KDH223R-LEMDYT HIACE,JAPAN,DIESEL,2982.0,KANDY,BRAND NEW,2,,KDH223R-LEMDYT HIACE
MOTOR CYCLE,BAJAJ,PULSAR NS 200,INDIA,PETROL,199.5,BATTICALOA,BRAND NEW,3,,PULSAR NS 200
MOTOR CYCLE,SUPER SOCO,TS STREET HUNTER,CHINA,ELECTRIC,2.5,PUTTALAM,BRAND NEW,1,,TS STREET HUNTER
MOTOR CYCLE,SOLID,ROBOT,CHINA,ELECTRIC,1.2,MATARA,BRAND NEW,1,,ROBOT
MOTOR LORRY (COMMERCIAL),ISUZU,NQR75U-KN5VAYN,JAPAN,DIESEL,5193.0,COLOMBO,BRAND NEW,3,,NQR75U-KN5VAYN
SINGLE CAB,TATA,YODHA PICKUP,INDIA,DIESEL,2956.0,GAMPAHA,BRAND NEW,1,,YODHA PICKUP
LAND VEHICLE (SMALL),FARM MASTER,RV125-2,CHINA,DIESEL,624.0,MATALE,BRAND NEW,3,RV125-2,Unknown
COMMERCIAL,LANKA ASHOK LEYLAND,LUXURA 12M,INDIA,DIESEL,6014.0,PUTTALAM,BRAND NEW,1,,LUXURA 12M
MOTOR CYCLE,YADEA,EPOC H,CHINA,ELECTRIC,2.0,POLONNARUWA,BRAND NEW,1,,EPOC H
SINGLE CAB,TATA,YODHA,INDIA,DIESEL,2956.0,MATARA,BRAND NEW,1,,YODHA
COMMERCIAL,LANKA ASHOK LEYLAND,LUXURA 12M,INDIA,DIESEL,6014.0,GALLE,BRAND NEW,1,,LUXURA 12M
MOTOR CYCLE,LUYUAN,M-MHH-Z45LJ,CHINA,ELECTRIC,2.0,HAMBANTOTA,BRAND NEW,1,,M-MHH-Z45LJ
SPECIAL PURPOSE VEHICLE,TOYOTA,FDZN25,CHINA,DIESEL,2486.0,GAMPAHA,BRAND NEW,1,,FDZN25
LAND VEHICLE (SMALL),FARM MASTER,RV125-2,CHINA,DIESEL,624.0,AMPARA,BRAND NEW,1,RV125-2,Unknown
MOTOR CYCLE,ROYAL ENFIELD,CLASSIC 350,INDIA,PETROL,349.0,BADULLA,BRAND NEW,1,,CLASSIC 350
MOTOR CYCLE,YADEA,EZEEGO,CHINA,ELECTRIC,1.2,PUTTALAM,BRAND NEW,1,,EZEEGO
MOTOR CYCLE,OKAYA,FREEDUM,INDIA,ELECTRIC,0.25,COLOMBO,BRAND NEW,1,,FREEDUM
COMMERCIAL,TOYOTA,GDH322R-EDTDY- HIACE,JAPAN,DIESEL,2755.0,COLOMBO,BRAND NEW,1,,GDH322R-EDTDY- HIACE
CAR,PERODUA,AXIA-CG1SZ,MALAYSIA,PETROL,998.0,KANDY,BRAND NEW,3,AXIA-CG1SZ,Unknown
MOTOR CYCLE,YADEA,M6,CHINA,ELECTRIC,1.2,HAMBANTOTA,BRAND NEW,1,,M6
PRIMER MOVER,LANKA ASHOK LEYLAND,U4019,INDIA,DIESEL,5759.0,RATNAPURA,BRAND NEW,1,,U4019
MOTOR CYCLE,HAOJIANG,HJ125-6,CHINA,PETROL,124.0,GAMPAHA,BRAND NEW,1,HJ125-6,Unknown
THREE WHEELER,NWOW,ERVS4 PLUS,CHINA,ELECTRIC,0.8,KALUTARA,BRAND NEW,1,,ERVS4 PLUS
MOTOR CYCLE,YADEA,E8S PRO,CHINA,ELECTRIC,2.0,POLONNARUWA,BRAND NEW,1,,E8S PRO
MOTOR CYCLE,NWOW,EDB,CHINA,ELECTRIC,0.35,COLOMBO,BRAND NEW,1,,EDB
DUAL PURPOSE (COMMERCIAL),TOYOTA,HILUX REVO GR SPORT,THAILAND,DIESEL,2755.0,RATNAPURA,BRAND NEW,1,,HILUX REVO GR SPORT
COMMERCIAL,MITSUBISHI,FUSO,JAPAN,DIESEL,2998.0,ANURADHAPURA,BRAND NEW,1,,FUSO
SINGLE CAB,MAHINDRA,BOLERO CITY PICKUP,INDIA,DIESEL,2523.0,MATALE,BRAND NEW,2,,BOLERO CITY PICKUP
MOTOR CYCLE,YAMAHA,MT 15 VER 2.0,INDIA,PETROL,155.0,MANNAR,BRAND NEW,1,,MT 15 VER 2.0
DUAL PURPOSE (COMMERCIAL),ISUZU,TFS4JDRPADE-JRA006,THAILAND,DIESEL,2999.0,COLOMBO,BRAND NEW,1,,TFS4JDRPADE-JRA006
MOTOR CYCLE,SUPER SOCO,CUX PRO,CHINA,ELECTRIC,2.1,ANURADHAPURA,BRAND NEW,1,,CUX PRO
DUAL PURPOSE (COMMERCIAL),TOYOTA,HILUX GUN125R-DTTLX,THAILAND,DIESEL,2393.0,GAMPAHA,BRAND NEW,1,,HILUX GUN125R-DTTLX
LAND VEHICLE,JOHN DEERE,5047D,INDIA,DIESEL,2940.0,PUTTALAM,BRAND NEW,1,,5047D
MOTOR CYCLE,YAMAHA,RAY ZR STREET RALLY,INDIA,PETROL,113.0,GAMPAHA,BRAND NEW,2,,RAY ZR STREET RALLY
MOTOR LORRY (COMMERCIAL),ISUZU,NQR75U-KN5VAYN,JAPAN,DIESEL,5193.0,MATALE,BRAND NEW,1,,NQR75U-KN5VAYN
CAR,PERODUA,BEZZA,MALAYSIA,PETROL,998.0,KEGALLE,BRAND NEW,1,,BEZZA
CAR,BYD,SEAL-COMFORT,CHINA,ELECTRIC,100.0,AMPARA,BRAND NEW,1,SEAL-COMFORT,Unknown
LAND VEHICLE,KUBOTA,L3408,JAPAN,DIESEL,1647.0,BADULLA,BRAND NEW,1,,L3408
CAR,BAIC,X55 II LUXURY,SRI LANKA,PETROL,1498.0,COLOMBO,BRAND NEW-L/ASSEMBLE,13,,X55 II LUXURY
MOTOR CYCLE,TVS,TVS XL 100,SRI LANKA,PETROL,99.7,GALLE,BRAND NEW-L/ASSEMBLE,11,,TVS XL 100
MOTOR CYCLE,TVS,TVS XL 100,SRI LANKA,PETROL,99.7,KALUTARA,BRAND NEW-L/ASSEMBLE,5,,TVS XL 100
MOTOR CYCLE,TVS,TVS RAIDER 125,SRI LANKA,PETROL,124.79,KEGALLE,BRAND NEW-L/ASSEMBLE,18,,TVS RAIDER 125
MOTOR CYCLE,BAJAJ,PULSAR N160,SRI LANKA,PETROL,164.82,HAMBANTOTA,BRAND NEW-L/ASSEMBLE,21,,PULSAR N160
MOTOR CYCLE,BAJAJ,PULSAR N160,SRI LANKA,PETROL,164.82,JAFFNA,BRAND NEW-L/ASSEMBLE,25,,PULSAR N160
MOTOR CYCLE,BAJAJ,DISCOVER 125,SRI LANKA,PETROL,124.5,GALLE,BRAND NEW-L/ASSEMBLE,62,,DISCOVER 125
MOTOR CYCLE,BAJAJ,PULSAR N160,SRI LANKA,PETROL,164.82,KEGALLE,BRAND NEW-L/ASSEMBLE,20,,PULSAR N160
MOTOR CYCLE,BAJAJ,CT 100 ES,SRI LANKA,PETROL,102.0,AMPARA,BRAND NEW-L/ASSEMBLE,33,,CT 100 ES
MOTOR CYCLE,TVS,TVS RAIDER 125,SRI LANKA,PETROL,124.79,COLOMBO,BRAND NEW-L/ASSEMBLE,98,,TVS RAIDER 125
MOTOR CYCLE,BAJAJ,CT 100 ES,SRI LANKA,PETROL,102.0,KANDY,BRAND NEW-L/ASSEMBLE,22,,CT 100 ES
MOTOR CYCLE,BAJAJ,CT 100 ES,SRI LANKA,PETROL,102.0,PUTTALAM,BRAND NEW-L/ASSEMBLE,48,,CT 100 ES
MOTOR CYCLE,BAJAJ,PULSAR N160,SRI LANKA,PETROL,164.82,BADULLA,BRAND NEW-L/ASSEMBLE,21,,PULSAR N160
MOTOR CYCLE,SENARO,GN125,SRI LANKA,PETROL,125.0,AMPARA,BRAND NEW-L/ASSEMBLE,18,,GN125
MOTOR CYCLE,SENARO,GN125,SRI LANKA,PETROL,125.0,JAFFNA,BRAND NEW-L/ASSEMBLE,7,,GN125
MOTOR CYCLE,SENARO,GN125,SRI LANKA,PETROL,125.0,MATALE,BRAND NEW-L/ASSEMBLE,3,,GN125
MOTOR CYCLE,BAJAJ,DISCOVER 125,SRI LANKA,PETROL,124.5,MATALE,BRAND NEW-L/ASSEMBLE,11,,DISCOVER 125
MOTOR CYCLE,RANOMOTO,MOPED SUPER,SRI LANKA,PETROL,49.0,TRINCOMALEE,BRAND NEW-L/ASSEMBLE,12,,MOPED SUPER
MOTOR CYCLE,SENARO,GN125,SRI LANKA,PETROL,125.0,PUTTALAM,BRAND NEW-L/ASSEMBLE,3,,GN125
MOTOR LORRY (COMMERCIAL),LANKA ASHOK LEYLAND,E COMET 1012,SRI LANKA,DIESEL,3839.0,GAMPAHA,BRAND NEW-L/ASSEMBLE,2,,E COMET 1012
CAR,BAIC,X55 II LUXURY,SRI LANKA,PETROL,1498.0,GAMPAHA,BRAND NEW-L/ASSEMBLE,3,,X55 II LUXURY
MOTOR CYCLE,LENCAR,ERC80,SRI LANKA,ELECTRIC,1.2,COLOMBO,BRAND NEW-L/ASSEMBLE,4,,ERC80
MOTOR LORRY (COMMERCIAL),LANKA ASHOK LEYLAND,TUSKER SUPER 1618,SRI LANKA,DIESEL,5759.0,RATNAPURA,BRAND NEW-L/ASSEMBLE,2,,TUSKER SUPER 1618
MOTOR CYCLE,BAJAJ,CT 100 ES,SRI LANKA,PETROL,102.0,MATALE,BRAND NEW-L/ASSEMBLE,8,,CT 100 ES
SINGLE CAB,MAHINDRA,BOLERO CITY PICKUP,SRI LANKA,DIESEL,2523.0,KANDY,BRAND NEW-L/ASSEMBLE,1,,BOLERO CITY PICKUP
MOTOR CYCLE,TVS,NTORQ 125,SRI LANKA,PETROL,124.8,HAMBANTOTA,BRAND NEW-L/ASSEMBLE,3,,NTORQ 125
CAR,DFSK,I AUTO,SRI LANKA,PETROL,1498.0,COLOMBO,BRAND NEW-L/ASSEMBLE,1,,I AUTO
MOTOR LORRY (COMMERCIAL),LANKA ASHOK LEYLAND,TAURUS 2518,SRI LANKA,DIESEL,5759.0,HAMBANTOTA,BRAND NEW-L/ASSEMBLE,1,,TAURUS 2518
MOTOR LORRY (COMMERCIAL),LANKA ASHOK LEYLAND,TAURUS 2518,SRI LANKA,DIESEL,5759.0,BATTICALOA,BRAND NEW-L/ASSEMBLE,1,,TAURUS 2518
CAR,AUDI,3AA-GLDLA A3,GERMANY,PETROL,996.0,COLOMBO,RECONDITIONED,1,3AA-GLDLA,A3
CAR,MAZDA,3BA-HB37S CAROL,JAPAN,PETROL,658.0,MATALE,RECONDITIONED,1,3BA-HB37S,CAROL
MOTOR CYCLE,HONDA,ADV 160,JAPAN,PETROL,157.0,KURUNEGALA,RECONDITIONED,1,,ADV 160
CAR,TOYOTA,5BA-KSP 210,JAPAN,PETROL,996.0,GAMPAHA,RECONDITIONED,1,5BA-KSP,210
CAR,HONDA,6AA-RV5 VEZEL,JAPAN,PETROL/ELE,1496.0,BATTICALOA,RECONDITIONED,4,6AA-RV5,VEZEL
CAR,HONDA,6AA-RV5 VEZEL,JAPAN,PETROL/ELE,1496.0,TRINCOMALEE,RECONDITIONED,4,6AA-RV5,VEZEL
MOTOR CYCLE,HONDA,PCX 125,VIETNAM,PETROL,124.0,PUTTALAM,RECONDITIONED,4,,PCX 125
CAR,DAIHATSU,5BA-LA360S MIRA,JAPAN,PETROL,658.0,MATARA,RECONDITIONED,1,5BA-LA360S,MIRA
CAR,HONDA,6BA-RW1 CR-V,JAPAN,PETROL,1496.0,COLOMBO,RECONDITIONED,1,6BA-RW1,CR-V
CAR,TOYOTA,6AA-ZVG13,JAPAN,PETROL/ELE,1797.0,COLOMBO,RECONDITIONED,2,6AA-ZVG13,COROLLA
CAR,SUZUKI,5BA-MH85 S WAGON R,JAPAN,PETROL,658.0,COLOMBO,RECONDITIONED,1,5BA-MH85,S WAGON R
CAR,HONDA,6AA-RV5  VEZEL,JAPAN,PETROL/ELE,1496.0,GALLE,RECONDITIONED,5,6AA-RV5,VEZEL
CAR,HONDA,CRV VTI L7,AUSTRALIA,PETROL,1498.0,MATARA,RECONDITIONED,1,,CRV VTI L7
MOTOR CYCLE,HONDA,PCX,JAPAN,PETROL,124.0,GAMPAHA,RECONDITIONED,1,,PCX
CAR,SUZUKI,5AA-MH95S WAGON R,JAPAN,PETROL,658.0,PUTTALAM,RECONDITIONED,2,5AA-MH95S,WAGON R
CAR,TOYOTA,5AA-A202A RAIZE,JAPAN,PETROL/ELE,1197.0,COLOMBO,RECONDITIONED,1,5AA-A202A,RAIZE
MOTOR CYCLE,HONDA,ADV160,JAPAN,PETROL,157.0,NUWARA-ELIYA,RECONDITIONED,1,,ADV160
MOTOR LORRY (COMMERCIAL),ISUZU,TPG-NPR85AN ELF,JAPAN,DIESEL,2990.0,COLOMBO,RECONDITIONED,2,TPG-NPR85AN,ELF
CAR,HONDA,6AA-RV5  VEZEL,JAPAN,PETROL/ELE,1496.0,KURUNEGALA,RECONDITIONED,2,6AA-RV5,VEZEL
CAR,SUZUKI,5AA-MR92S HUSTLER,JAPAN,PETROL/ELE,657.0,COLOMBO,RECONDITIONED,1,5AA-MR92S,HUSTLER
COMMERCIAL,TOYOTA,3DF-GDH 223B HIACE,JAPAN,DIESEL,2754.0,GAMPAHA,RECONDITIONED,1,3DF-GDH,223B HIACE
DUAL PURPOSE (COMMERCIAL),TMT,3DF-GUN125 HILUX,THAILAND,DIESEL,2393.0,PUTTALAM,RECONDITIONED,1,3DF-GUN125,HILUX
CAR,TOYOTA,6AA-MX PJ10  YARIS,JAPAN,PETROL/ELE,1490.0,KURUNEGALA,RECONDITIONED,1,6AA-MX,PJ10  YARIS
DUAL PURPOSE (COMMERCIAL),TOYOTA,3DF-GUN125 HILUX,JAPAN,DIESEL,2393.0,COLOMBO,RECONDITIONED,4,3DF-GUN125,HILUX
CAR,HONDA,6BA-FL5 CIVIC TYPE R,JAPAN,PETROL,1996.0,COLOMBO,RECONDITIONED,1,6BA-FL5,CIVIC TYPE R
CAR,SUZUKI,5AA-MK94S SPACIA,JAPAN,PETROL/ELE,657.0,GALLE,RECONDITIONED,1,5AA-MK94S,SPACIA
CAR,SUZUKI,5AA-MH95S WAGON R,JAPAN,PETROL,658.0,ANURADHAPURA,RECONDITIONED,5,5AA-MH95S,WAGON R
CAR,TOYOTA,5BA-M900A ROOMY,JAPAN,PETROL,996.0,PUTTALAM,RECONDITIONED,6,5BA-M900A,ROOMY
CAR,TOYOTA,6AA-ZWR90W VOXY,JAPAN,PETROL/ELE,1797.0,RATNAPURA,RECONDITIONED,1,6AA-ZWR90W,VOXY
CAR,DAIHATSU,5BA-LA900S TAFT,JAPAN,PETROL,658.0,POLONNARUWA,RECONDITIONED,1,5BA-LA900S,TAFT
CAR,SUZUKI,5BD-DA17V EVERY,JAPAN,PETROL,658.0,MATALE,RECONDITIONED,5,5BD-DA17V,EVERY
CAR,TOYOTA,5BA-M700A PASSO,JAPAN,PETROL,996.0,GAMPAHA,RECONDITIONED,9,5BA-M700A,PASSO
CAR,DAIHATSU,5BA-M900S THOR,JAPAN,PETROL,990.0,POLONNARUWA,RECONDITIONED,1,5BA-M900S,THOR
CAR,NISSAN,5AA-B44W DAYZ,JAPAN,PETROL,660.0,GAMPAHA,RECONDITIONED,1,5AA-B44W,DAYZ
CAR,TOYOTA,YARIS CROSS,THAILAND,PETROL/ELE,1496.0,KALUTARA,RECONDITIONED,2,,YARIS CROSS
CAR,HONDA,CITY,THAILAND,PETROL,988.0,ANURADHAPURA,RECONDITIONED,1,,CITY
CAR,MERCEDES BENZ,5BA-247684M GLB180,GERMANY,PETROL,1336.0,COLOMBO,RECONDITIONED,1,5BA-247684M,GLB180
CAR,TOYOTA,YARIS ATIV,THAILAND,PETROL,1197.0,GAMPAHA,RECONDITIONED,2,,YARIS ATIV
CAR,TOYOTA,5BA-M900A ROOMY,JAPAN,PETROL,998.0,AMPARA,RECONDITIONED,1,5BA-M900A,ROOMY
CAR,TOYOTA,5BA-MZEA17 COROLLA,JAPAN,PETROL,1490.0,KURUNEGALA,RECONDITIONED,1,5BA-MZEA17,COROLLA
CAR,NISSAN,4AA-B45W DAYZ,JAPAN,PETROL,658.0,PUTTALAM,RECONDITIONED,1,4AA-B45W,DAYZ
CAR,TOYOTA,3BA-A210A RAIZE,JAPAN,PETROL,996.0,NUWARA-ELIYA,RECONDITIONED,1,3BA-A210A,RAIZE
DUAL PURPOSE (COMMERCIAL),FORD,RANGER RAPTER,THAILAND,PETROL,2956.0,COLOMBO,RECONDITIONED,1,,RANGER RAPTER
CAR,SUZUKI,5BA-MH85S  WAGON R,JAPAN,PETROL,656.0,GALLE,RECONDITIONED,1,5BA-MH85S,WAGON R
CAR,HONDA,CITY RS,THAILAND,PETROL,988.0,GALLE,RECONDITIONED,4,,CITY RS
CAR,TOYOTA,3BA-TRJ250W PRADO250,JAPAN,PETROL,2696.0,COLOMBO,RECONDITIONED,1,3BA-TRJ250W,PRADO250
CAR,TOYOTA,3BA-A210A RAIZE,JAPAN,PETROL,998.0,KANDY,RECONDITIONED,3,3BA-A210A,RAIZE
CAR,TOYOTA,5AA-A202A RAIZE,JAPAN,PETROL/ELE,1196.0,MULLATIVU,RECONDITIONED,1,5AA-A202A,RAIZE
COMMERCIAL,TOYOTA,3DF-GDH223B HIACE,JAPAN,DIESEL,2754.0,GAMPAHA,RECONDITIONED,2,3DF-GDH223B,HIACE
CAR,SUZUKI,5AA-MR92S HUSTLER,JAPAN,PETROL/ELE,657.0,KANDY,RECONDITIONED,1,5AA-MR92S,HUSTLER
CAR,TOYOTA,5AA-A202A RAIZE,JAPAN,PETROL/ELE,1198.0,GAMPAHA,RECONDITIONED,1,5AA-A202A,RAIZE
DUAL PURPOSE (COMMERCIAL),TOYOTA,HILUX REVO GR SPORT,THAILAND,DIESEL,2755.0,BADULLA,RECONDITIONED,1,,HILUX REVO GR SPORT
DUAL PURPOSE (COMMERCIAL),TOYOTA,HILUX-ROCCO GUN126R,THAILAND,DIESEL,2755.0,COLOMBO,RECONDITIONED,1,HILUX-ROCCO,GUN126R
DUAL PURPOSE (COMMERCIAL),FORD,RANGER STORMTRAK,THAILAND,DIESEL,1996.0,RATNAPURA,RECONDITIONED,1,,RANGER STORMTRAK
CAR,SUZUKI,4AA-MK53S SPACIA,JAPAN,PETROL,658.0,KURUNEGALA,RECONDITIONED,1,4AA-MK53S,SPACIA
CAR,SUZUKI,4AA-MK54S SPACIA,JAPAN,PETROL/ELE,658.0,GALLE,RECONDITIONED,1,4AA-MK54S,SPACIA
CAR,TOYOTA,YARIS CROSS,THAILAND,PETROL/ELE,1496.0,COLOMBO,RECONDITIONED,12,,YARIS CROSS
CAR,MERCEDES BENZ,GLB200  AMG,UNITED KINGDOM,PETROL,1332.0,GAMPAHA,RECONDITIONED,1,,GLB200  AMG
MOTOR LORRY (COMMERCIAL),ISUZU,TKG-FRR90S2 FORWARD,JAPAN,DIESEL,5190.0,COLOMBO,RECONDITIONED,1,TKG-FRR90S2,FORWARD
CAR,TOYOTA,6AA-ZVG13 COROLLA,JAPAN,PETROL/ELE,1797.0,MATARA,RECONDITIONED,1,6AA-ZVG13,COROLLA
MOTOR LORRY (COMMERCIAL),ISUZU,QKG-FTR34T2 FREEZER,JAPAN,DIESEL,7790.0,KURUNEGALA,RECONDITIONED,1,QKG-FTR34T2,FREEZER
CAR,TOYOTA,YARIS ATIV,THAILAND,PETROL,1197.0,ANURADHAPURA,RECONDITIONED,1,,YARIS ATIV
CAR,TOYOTA,5BA-M900A ROOMY,JAPAN,PETROL,996.0,KANDY,RECONDITIONED,6,5BA-M900A,ROOMY
CAR,DAIHATSU,5BA-LA350S  MIRA,JAPAN,PETROL,660.0,COLOMBO,RECONDITIONED,1,5BA-LA350S,MIRA
CAR,DAIHATSU,3BD-S700V ATRAI,JAPAN,PETROL,658.0,COLOMBO,RECONDITIONED,1,3BD-S700V,ATRAI
CAR,TOYOTA,3BA-NGX10  CH-R,JAPAN,PETROL,1196.0,KURUNEGALA,RECONDITIONED,1,3BA-NGX10,CH-R
DUAL PURPOSE (COMMERCIAL),TOYOTA,HILUX REVO,THAILAND,DIESEL,2755.0,GAMPAHA,RECONDITIONED,2,,HILUX REVO
CAR,HONDA,CRV  VTI-L7,THAILAND,PETROL,1498.0,HAMBANTOTA,RECONDITIONED,1,,CRV  VTI-L7
CAR,SUZUKI,5AA-MH95S  WAGON R,JAPAN,PETROL,658.0,KALUTARA,RECONDITIONED,1,5AA-MH95S,WAGON R
CAR,MERCEDES BENZ,4AA-213077C E200,GERMANY,PETROL/ELE,1496.0,COLOMBO,RECONDITIONED,1,4AA-213077C,E200
MOTOR CYCLE,HONDA,BENLY CD 90,JAPAN,PETROL,89.0,COLOMBO,RECONDITIONED,1,,BENLY CD 90
CAR,NISSAN,5AA-B44W  DAYS,JAPAN,PETROL/ELE,658.0,GAMPAHA,RECONDITIONED,1,5AA-B44W,DAYS
CAR,TOYOTA,6AA-ZWR90W VOXY,JAPAN,PETROL/ELE,1797.0,NUWARA-ELIYA,RECONDITIONED,1,6AA-ZWR90W,VOXY
PRIMER MOVER,RENAULT,T 480,FRANCE,DIESEL,12777.0,GAMPAHA,RECONDITIONED,2,,T 480
DUAL PURPOSE (COMMERCIAL),TOYOTA,HILUX REVO-GR SPORT,THAILAND,DIESEL,2755.0,KURUNEGALA,RECONDITIONED,1,,HILUX REVO-GR SPORT
MOTOR CYCLE,HONDA,PCX125,JAPAN,PETROL,124.0,COLOMBO,RECONDITIONED,2,,PCX125
CAR,NISSAN,5BD-DR17V CLIPPER GX,JAPAN,PETROL,658.0,COLOMBO,RECONDITIONED,1,5BD-DR17V,CLIPPER GX
CAR,SUZUKI,4AA-MH55S WAGON R,JAPAN,PETROL/ELE,660.0,GAMPAHA,RECONDITIONED,1,4AA-MH55S,WAGON R
CAR,DAIHATSU,5BA-LA910S TAFT,JAPAN,PETROL,658.0,KALUTARA,RECONDITIONED,1,5BA-LA910S,TAFT
CAR,SUZUKI,3BA-HA37S ALTO,JAPAN,PETROL,658.0,MATARA,RECONDITIONED,1,3BA-HA37S,ALTO
CAR,SUZUKI,5AA-MK94S SPACIA,JAPAN,PETROL,657.0,ANURADHAPURA,RECONDITIONED,1,5AA-MK94S,SPACIA
CAR,TOYOTA,5BA-KSP210  YARIS,JAPAN,PETROL,996.0,MATARA,RECONDITIONED,1,5BA-KSP210,YARIS
MOTOR CYCLE,HONDA,PCX 160,JAPAN,PETROL,157.0,PUTTALAM,RECONDITIONED,3,,PCX 160
CAR,TOYOTA,3DA-GDJ250W,JAPAN,DIESEL,2754.0,COLOMBO,RECONDITIONED,2,3DA-GDJ250W,PRADO
SPECIAL PURPOSE VEHICLE,KOMATSU,510  WHEEL LOADER,JAPAN,DIESEL,3500.0,BATTICALOA,RECONDITIONED,1,,510  WHEEL LOADER
CAR,SUZUKI,5BD-DA17V EVERY,JAPAN,PETROL,658.0,MANNAR,RECONDITIONED,1,5BD-DA17V,EVERY
MOTOR CYCLE,ROYAL ENFIELD,CLASSIC 350,INDIA,PETROL,349.0,KANDY,RECONDITIONED,1,,CLASSIC 350
DUAL PURPOSE (COMMERCIAL),FORD,RANGER MS RT,THAILAND,DIESEL,2993.0,GAMPAHA,RECONDITIONED,2,,RANGER MS RT
CAR,TOYOTA,6AA-MXPJ10 YARIS,JAPAN,PETROL/ELE,1496.0,HAMBANTOTA,RECONDITIONED,2,6AA-MXPJ10,YARIS
CAR,NISSAN,ALMERA,THAILAND,PETROL,999.0,JAFFNA,RECONDITIONED,1,,ALMERA
CAR,TOYOTA,6AA-AAHH40W,JAPAN,PETROL/ELE,2487.0,GAMPAHA,RECONDITIONED,1,6AA-AAHH40W,VELFIRE
CAR,SUZUKI,5AA-MH95S WAGON R,JAPAN,PETROL,658.0,KANDY,RECONDITIONED,3,5AA-MH95S,WAGON R
CAR,SUZUKI,4AA-MN71S X-BEE,JAPAN,PETROL/ELE,996.0,GAMPAHA,RECONDITIONED,1,4AA-MN71S,X-BEE
MOTOR CYCLE,HONDA,PCX 160,JAPAN,PETROL,156.0,KANDY,RECONDITIONED,1,,PCX 160
CAR,TOYOTA,3BA-TRJ150W PRADO,JAPAN,PETROL,2693.0,GALLE,RECONDITIONED,1,3BA-TRJ150W,PRADO
CAR,TOYOTA,5BA-LA350A PIXIS,JAPAN,PETROL,658.0,KEGALLE,RECONDITIONED,1,5BA-LA350A,PIXIS
CAR,TOYOTA,AQUA 6AA-MXPK11,JAPAN,PETROL/ELE,1496.0,RATNAPURA,RECONDITIONED,1,,AQUA 6AA-MXPK11
CAR,SUZUKI,WAGON R 5BA-MH85S,JAPAN,PETROL,658.0,GAMPAHA,RECONDITIONED,1,,WAGON R 5BA-MH85S
DUAL PURPOSE (COMMERCIAL),TOYOTA,3DF-GUN125 HILUX,JAPAN,DIESEL,2393.0,KANDY,RECONDITIONED,1,3DF-GUN125,HILUX
CAR,DAIHATSU,5BA-LA350S MIRA E S,JAPAN,PETROL,658.0,COLOMBO,RECONDITIONED,1,5BA-LA350S,MIRA E S
CAR,NISSAN,5AA-B44W,JAPAN,PETROL,658.0,GAMPAHA,RECONDITIONED,2,5AA-B44W,DAYS
CAR,SUZUKI,5B-AMH85S WAGON R,JAPAN,PETROL,658.0,GAMPAHA,RECONDITIONED,1,5B-AMH85S,WAGON R
CAR,DAIHATSU,5BA-LA350S  MIRA,JAPAN,PETROL,658.0,MATARA,RECONDITIONED,1,5BA-LA350S,MIRA
CAR,NISSAN,3BD-DR17V CLIPPER,JAPAN,PETROL,658.0,GAMPAHA,RECONDITIONED,1,3BD-DR17V,CLIPPER
CAR,TOYOTA,3BA-NRE210H COROLLA,JAPAN,PETROL,1196.0,COLOMBO,RECONDITIONED,1,3BA-NRE210H,COROLLA
CAR,NISSAN,6AA-FE13 NOTE AURA,JAPAN,PETROL/ELE,1196.0,MATARA,RECONDITIONED,1,6AA-FE13,NOTE AURA
CAR,TOYOTA,3DA-FJA300W,JAPAN,DIESEL,3346.0,PUTTALAM,RECONDITIONED,1,3DA-FJA300W,ZX
CAR,TOYOTA,5BA-M900A ROOMY,JAPAN,PETROL,996.0,MATARA,RECONDITIONED,3,5BA-M900A,ROOMY
CAR,SUZUKI,5BA-MH85S WAGON R,JAPAN,PETROL,656.0,PUTTALAM,RECONDITIONED,1,5BA-MH85S,WAGON R
MOTOR LORRY (COMMERCIAL),ISUZU,2RG-NKR88AD ELF,JAPAN,DIESEL,2990.0,GAMPAHA,RECONDITIONED,1,2RG-NKR88AD,ELF
CAR,SUZUKI,5AA-HA97S ALTO,JAPAN,PETROL/ELE,658.0,GAMPAHA,RECONDITIONED,1,5AA-HA97S,ALTO
CAR,TOYOTA,6AA-ZWR90W VOXY,JAPAN,PETROL,1790.0,KALUTARA,RECONDITIONED,1,6AA-ZWR90W,VOXY
CAR,TOYOTA,ROOMY 5BA-M900A,JAPAN,PETROL,996.0,COLOMBO,RECONDITIONED,1,,ROOMY 5BA-M900A
CAR,TOYOTA,5BA-KSP210  YARIS,JAPAN,PETROL,996.0,MANNAR,RECONDITIONED,1,5BA-KSP210,YARIS
CAR,TOYOTA,4BA-M900A ROOMY,JAPAN,PETROL,996.0,POLONNARUWA,RECONDITIONED,2,4BA-M900A,ROOMY
MOTOR CYCLE,HONDA,PCX160,JAPAN,PETROL,157.0,ANURADHAPURA,RECONDITIONED,1,,PCX160
CAR,TOYOTA,5BA-A201A RAIZE,JAPAN,PETROL,1196.0,MANNAR,RECONDITIONED,1,5BA-A201A,RAIZE
CAR,TOYOTA,6AA-ZWR90W VOXY,JAPAN,PETROL,1797.0,AMPARA,RECONDITIONED,1,6AA-ZWR90W,VOXY
CAR,SUZUKI,5BA-MH85S,JAPAN,PETROL,658.0,KURUNEGALA,RECONDITIONED,1,5BA-MH85S,WAGOON R
CAR,SUZUKI,5BD-DA17V  EVERY,JAPAN,PETROL,658.0,KALUTARA,RECONDITIONED,1,5BD-DA17V,EVERY
MOTOR CYCLE,HONDA,PCX,JAPAN,PETROL,156.0,KALUTARA,RECONDITIONED,1,,PCX
COMMERCIAL,TOYOTA,3DF-GDH223B LATNY,JAPAN,DIESEL,2754.0,GAMPAHA,RECONDITIONED,1,3DF-GDH223B,LATNY
CAR,SUZUKI,4AA-MH55S AGON R,JAPAN,PETROL,657.0,COLOMBO,RECONDITIONED,1,4AA-MH55S,AGON R
CAR,NISSAN,5AA-B44A ROOX,JAPAN,PETROL,658.0,KALUTARA,RECONDITIONED,1,5AA-B44A,ROOX
LAND VEHICLE (SMALL),YANMAR,YC70,JAPAN,DIESEL,398.0,KURUNEGALA,RECONDITIONED,1,,YC70
CAR,TOYOTA,3BA-TRJ150W  PRADO,JAPAN,PETROL,2693.0,COLOMBO,RECONDITIONED,1,3BA-TRJ150W,PRADO
CAR,SUZUKI,5AA-MK94S  SPACIA,JAPAN,PETROL/ELE,658.0,NUWARA-ELIYA,RECONDITIONED,1,5AA-MK94S,SPACIA
CAR,SUZUKI,5AA-HA97S  ALTO,JAPAN,PETROL,658.0,KURUNEGALA,RECONDITIONED,1,5AA-HA97S,ALTO
CAR,NISSAN,5BA-B43W DAYS,JAPAN,PETROL,658.0,KURUNEGALA,RECONDITIONED,1,5BA-B43W,DAYS
MOTOR LORRY (COMMERCIAL),UD TRUCKS,BDG-LK37E CONDOR,JAPAN,DIESEL,7680.0,KEGALLE,RECONDITIONED,1,BDG-LK37E,CONDOR
CAR,DAIHATSU,5BA-LA350S  MIRA,JAPAN,PETROL,658.0,GALLE,RECONDITIONED,1,5BA-LA350S,MIRA
CAR,TOYOTA,3BA-NGX10 C HR,JAPAN,PETROL,1196.0,COLOMBO,RECONDITIONED,1,3BA-NGX10,C HR
CAR,TOYOTA,3DA-FJA300W,JAPAN,DIESEL,3345.0,PUTTALAM,RECONDITIONED,2,3DA-FJA300W,ZX
CAR,DAIHATSU,3BA-A210S ROCKY,JAPAN,PETROL,996.0,MATARA,RECONDITIONED,1,3BA-A210S,ROCKY
CAR,HONDA,RAA-RV5 VEZEL,JAPAN,PETROL/ELE,1496.0,COLOMBO,RECONDITIONED,1,RAA-RV5,VEZEL
CAR,B.M.W.,ZAA-32FK45 I5-EDRIVE,GERMANY,ELECTRIC,250.0,COLOMBO,RECONDITIONED,1,ZAA-32FK45,I5-EDRIVE
MOTOR CYCLE,RISE,LEADER R80,SRI LANKA,ELECTRIC,2.0,COLOMBO,BRAND NEW-L/MANUFACT,1,,LEADER R80
MOTOR CYCLE,RISE,LEADER R 100,SRI LANKA,ELECTRIC,2.0,GALLE,BRAND NEW-L/MANUFACT,2,,LEADER R 100
MOTOR CYCLE,RISE,LEADER R 100,SRI LANKA,ELECTRIC,2.0,MONERAGALA,BRAND NEW-L/MANUFACT,3,,LEADER R 100
MOTOR CYCLE,RISE,LEADER,SRI LANKA,ELECTRIC,2.0,MATALE,BRAND NEW-L/MANUFACT,1,,LEADER
MOTOR CYCLE,RISE,LEADER PLUS,SRI LANKA,ELECTRIC,2.0,JAFFNA,BRAND NEW-L/MANUFACT,2,,LEADER PLUS
MOTOR LORRY (COMMERCIAL),J M C,JX1044TC2R,SRI LANKA,DIESEL,2771.0,BATTICALOA,LOCALLY BUILT,1,,JX1044TC2R
TRACTOR TRAILER/BOWSER,LOCALLY BUILT,TRACTOR  TRAILER,SRI LANKA,NOT STATED,0.0,ANURADHAPURA,LOCALLY BUILT,10,,TRACTOR  TRAILER
TRACTOR TRAILER/BOWSER,LOCALLY BUILT,TRACTOR  TRAILER,SRI LANKA,NOT STATED,0.0,MULLATIVU,LOCALLY BUILT,1,,TRACTOR  TRAILER
TRACTOR TRAILER/BOWSER,LOCALLY BUILT,TRACTOR  TRAILER,SRI LANKA,NOT STATED,0.0,KILINOCHCHI,LOCALLY BUILT,9,,TRACTOR  TRAILER
TRACTOR TRAILER/BOWSER,LOCALLY BUILT,TRACTOR TRAILER,SRI LANKA,NOT STATED,0.0,MONERAGALA,LOCALLY BUILT,14,,TRACTOR TRAILER
TRACTOR TRAILER/BOWSER,LOCALLY BUILT,LOW BED TRAILER,SRI LANKA,NOT STATED,0.0,RATNAPURA,LOCALLY BUILT,1,,LOW BED TRAILER
MOTOR CYCLE,TMR LUYUAN,S18,CHINA,ELECTRIC,1.2,RATNAPURA,BRAND NEW,5,,S18
MOTOR CYCLE,RIKODA,YSY,CHINA,ELECTRIC,2.0,HAMBANTOTA,BRAND NEW,1,,YSY
MOTOR CYCLE,TVS,TVS NTORQ 125 CC,INDIA,PETROL,124.8,KILINOCHCHI,BRAND NEW,6,,TVS NTORQ 125 CC
MOTOR CYCLE,TVS,TVS NTORQ 125 CC,INDIA,PETROL,124.8,ANURADHAPURA,BRAND NEW,117,,TVS NTORQ 125 CC
MOTOR CYCLE,TVS,TVS NTORQ 125 CC,INDIA,PETROL,124.8,KALUTARA,BRAND NEW,138,,TVS NTORQ 125 CC
MOTOR CYCLE,TVS,TVS NTORQ 125 CC,INDIA,PETROL,124.8,AMPARA,BRAND NEW,44,,TVS NTORQ 125 CC
LAND VEHICLE,TAFE,45DI,INDIA,DIESEL,2500.0,KURUNEGALA,BRAND NEW,5,,45DI
PRIMER MOVER,TATA,SIGNA 4018,INDIA,DIESEL,5883.0,GAMPAHA,BRAND NEW,10,,SIGNA 4018
CAR,BYD,ATTO3-ADVANCED,CHINA,ELECTRIC,100.0,MATARA,BRAND NEW,6,ATTO3-ADVANCED,Unknown
SINGLE CAB,TATA,ACE HT2,INDIA,DIESEL,702.0,GALLE,BRAND NEW,1,,ACE HT2
SINGLE CAB,TATA,ACE HT2,INDIA,DIESEL,702.0,COLOMBO,BRAND NEW,12,,ACE HT2
LAND VEHICLE,TAFE,45DI,INDIA,DIESEL,2500.0,KILINOCHCHI,BRAND NEW,4,,45DI
SINGLE CAB,MAHINDRA,BOLERO CITY PICKUP,INDIA,DIESEL,2523.0,COLOMBO,BRAND NEW,16,,BOLERO CITY PICKUP
CAR,BYD,DOLPHIN-DYNAMIC 70,CHINA,ELECTRIC,70.0,COLOMBO,BRAND NEW,37,,DOLPHIN-DYNAMIC 70
CAR,BYD,SEALION 6 SUPERIOR,CHINA,PETROL/ELE,1498.0,GALLE,BRAND NEW,22,,SEALION 6 SUPERIOR
MOTOR CYCLE,RANOMOTO,GN125H,CHINA,PETROL,124.0,RATNAPURA,BRAND NEW,34,,GN125H
MOTOR CYCLE,LIMA,ELO-07,CHINA,ELECTRIC,1.5,KALUTARA,BRAND NEW,5,ELO-07,Unknown
THREE WHEELER,BAJAJ,RE 4S AUTORICKSHAW,INDIA,PETROL,237.0,MANNAR,BRAND NEW,9,,RE 4S AUTORICKSHAW
MOTOR CYCLE,RANOMOTO,GN125H,CHINA,PETROL,124.0,PUTTALAM,BRAND NEW,14,,GN125H
MOTOR CYCLE,YADEA,T5,CHINA,ELECTRIC,1.2,TRINCOMALEE,BRAND NEW,37,,T5
MOTOR CYCLE,YADEA,RUIBIN,CHINA,ELECTRIC,0.8,ANURADHAPURA,BRAND NEW,17,,RUIBIN
MOTOR CYCLE,BAJAJ,PULSAR N 160,INDIA,PETROL,164.32,KALUTARA,BRAND NEW,33,,PULSAR N 160
MOTOR CYCLE,BAJAJ,PULSAR N 125,INDIA,PETROL,124.58,BADULLA,BRAND NEW,30,,PULSAR N 125
CAR,PERODUA,AXIA CG1GZ,MALAYSIA,PETROL,998.0,KALUTARA,BRAND NEW,2,,AXIA CG1GZ
SINGLE CAB,TATA,ACE HT2,INDIA,DIESEL,702.0,KURUNEGALA,BRAND NEW,4,,ACE HT2
MOTOR CYCLE,YADEA,T5,CHINA,ELECTRIC,1.2,KILINOCHCHI,BRAND NEW,21,,T5
SINGLE CAB,TATA,ACE HT2,INDIA,DIESEL,702.0,GAMPAHA,BRAND NEW,2,,ACE HT2
MOTOR CYCLE,YADEA,M6,CHINA,ELECTRIC,1.2,KURUNEGALA,BRAND NEW,4,,M6
CAR,PERODUA,AXIA CG1GZ,MALAYSIA,PETROL,998.0,BADULLA,BRAND NEW,2,,AXIA CG1GZ
MOTOR CYCLE,BAJAJ,PULSAR N 125,INDIA,PETROL,124.58,RATNAPURA,BRAND NEW,33,,PULSAR N 125
MOTOR CYCLE,BAJAJ,PULSAR NS 200,INDIA,PETROL,199.5,PUTTALAM,BRAND NEW,1,,PULSAR NS 200
COMMERCIAL,TATA,LP 712,INDIA,DIESEL,3783.0,KANDY,BRAND NEW,1,,LP 712
MOTOR CYCLE,YAMAHA,RAY ZRSTREETRALLY125,INDIA,PETROL,125.0,MATALE,BRAND NEW,4,,RAY ZRSTREETRALLY125
MOTOR CYCLE,YAMAHA,YZF R15 VER 4.0,INDIA,PETROL,155.0,MANNAR,BRAND NEW,1,,YZF R15 VER 4.0
THREE WHEELER,BAJAJ,RE 4S AUTORICKSHAW,INDIA,PETROL,237.0,TRINCOMALEE,BRAND NEW,36,,RE 4S AUTORICKSHAW
MOTOR CYCLE,LIMA,ELO-07,CHINA,ELECTRIC,1.5,MANNAR,BRAND NEW,1,ELO-07,Unknown
CAR,BYD,SEALION 6 SUPERIOR,CHINA,PETROL/ELE,1498.0,BADULLA,BRAND NEW,2,,SEALION 6 SUPERIOR
MOTOR CYCLE,ATHER,450X,INDIA,ELECTRIC,3.0,PUTTALAM,BRAND NEW,2,,450X
SPECIAL PURPOSE VEHICLE,J.C.B,TELEHANDLER 530-110,INDIA,DIESEL,4401.0,COLOMBO,BRAND NEW,1,,TELEHANDLER 530-110
MOTOR CYCLE,YAMAHA,FZ S FI VER 4.0,INDIA,PETROL,149.0,MATARA,BRAND NEW,3,,FZ S FI VER 4.0
MOTOR CYCLE,YAMAHA,FZ S FI VER 4.0,INDIA,PETROL,149.0,BATTICALOA,BRAND NEW,1,,FZ S FI VER 4.0
DUAL PURPOSE (COMMERCIAL),TOYOTA,HILUX GUN125R-DTFSX,THAILAND,DIESEL,2393.0,COLOMBO,BRAND NEW,3,,HILUX GUN125R-DTFSX
CAR,BYD,SEALION 6 SUPERIOR,CHINA,PETROL/ELE,1498.0,KURUNEGALA,BRAND NEW,15,,SEALION 6 SUPERIOR
CAR,CHANGAN,S 07,CHINA,ELECTRIC,160.0,COLOMBO,BRAND NEW,1,,S 07
MOTOR CYCLE,BAJAJ,XCD 135,INDIA,PETROL,135.0,MATARA,BRAND NEW,1,,XCD 135
MOTOR CYCLE,BAJAJ,DISCOVER,INDIA,PETROL,134.21,MATARA,BRAND NEW,1,,DISCOVER
MOTOR CYCLE,BAJAJ,PULSAR 135,INDIA,PETROL,134.6,MATARA,BRAND NEW,2,,PULSAR 135
CAR,BYD,SEALION 6 SUPERIOR,CHINA,PETROL/ELE,1498.0,VAVUNIYA,BRAND NEW,6,,SEALION 6 SUPERIOR
MOTOR CYCLE,QUANLE,G18,CHINA,ELECTRIC,2.0,POLONNARUWA,BRAND NEW,2,,G18
CAR,BYD,SEALION 6 SUPERIOR,CHINA,PETROL/ELE,1498.0,JAFFNA,BRAND NEW,2,,SEALION 6 SUPERIOR
MOTOR CYCLE,QUANLE,G18,CHINA,ELECTRIC,2.0,GALLE,BRAND NEW,3,,G18
MOTOR CYCLE,QUANLE,ZL,CHINA,ELECTRIC,2.0,COLOMBO,BRAND NEW,1,,ZL
COMMERCIAL,TOYOTA,XZB70R ZGMNY COASTER,JAPAN,DIESEL,4009.0,COLOMBO,BRAND NEW,8,,XZB70R ZGMNY COASTER
CAR,BYD,ATTO3-ADVANCED,CHINA,ELECTRIC,100.0,BADULLA,BRAND NEW,3,ATTO3-ADVANCED,Unknown
MOTOR CYCLE,YADEA,T5,CHINA,ELECTRIC,1.2,KALUTARA,BRAND NEW,65,,T5
MOTOR CYCLE,YADEA,T5,CHINA,ELECTRIC,1.2,KEGALLE,BRAND NEW,14,,T5
MOTOR CYCLE,HERO,XOOM-110,INDIA,PETROL,110.9,TRINCOMALEE,BRAND NEW,22,XOOM-110,Unknown
MOTOR CYCLE,YADEA,M6,CHINA,ELECTRIC,1.2,KALUTARA,BRAND NEW,4,,M6
CAR,BYD,ATTO-3-SUPERIOR,CHINA,ELECTRIC,100.0,PUTTALAM,BRAND NEW,1,ATTO-3-SUPERIOR,Unknown
CAR,KIA,SONET,INDIA,PETROL,998.0,KALUTARA,BRAND NEW,9,,SONET
MOTOR CYCLE,HERO,XOOM-110,INDIA,PETROL,110.9,KILINOCHCHI,BRAND NEW,13,XOOM-110,Unknown
MOTOR CYCLE,YAMAHA,FZ S FI VER 4.0,INDIA,PETROL,149.0,GALLE,BRAND NEW,2,,FZ S FI VER 4.0
DUAL PURPOSE (COMMERCIAL),TOYOTA,GUN 125R-DTTLX HILUX,THAILAND,DIESEL,2393.0,COLOMBO,BRAND NEW,3,,GUN 125R-DTTLX HILUX
COMMERCIAL,TOYOTA,KDH223R-LEMDYT HIACE,JAPAN,DIESEL,2982.0,GAMPAHA,BRAND NEW,7,,KDH223R-LEMDYT HIACE
THREE WHEELER,WANHOO,WH175ZK,CHINA,PETROL,175.0,GAMPAHA,BRAND NEW,1,,WH175ZK
MOTOR CYCLE,RANOMOTO,GN125H,CHINA,PETROL,124.0,HAMBANTOTA,BRAND NEW,5,,GN125H
MOTOR CYCLE,DAYWANG(DW)SL,E-MOTOR CYCLE,CHINA,ELECTRIC,0.8,COLOMBO,BRAND NEW,1,,E-MOTOR CYCLE
LAND VEHICLE,SONALIKA,D150RX-2WD,INDIA,DIESEL,2893.0,POLONNARUWA,BRAND NEW,1,,D150RX-2WD
LAND VEHICLE,SONALIKA,D150RX-2WD,INDIA,DIESEL,2893.0,BATTICALOA,BRAND NEW,1,,D150RX-2WD
CAR,AUDI,E-TR0N50 QUATTRO,GERMANY,ELECTRIC,230.0,COLOMBO,BRAND NEW,1,,E-TR0N50 QUATTRO
LAND VEHICLE,JOHN DEERE,5045D,INDIA,DIESEL,2940.0,BADULLA,BRAND NEW,1,,5045D
MOTOR CYCLE,BAJAJ,BOXER DX,INDIA,PETROL,99.35,MATARA,BRAND NEW,1,,BOXER DX
MOTOR CYCLE,BAJAJ,DISCOVER 135 DISC,INDIA,PETROL,134.21,MATARA,BRAND NEW,1,,DISCOVER 135 DISC
MOTOR CYCLE,YADEA,T 9,CHINA,ELECTRIC,2.0,TRINCOMALEE,BRAND NEW,4,,T 9
CAR,TOYOTA,A250RA-GBVV RAIZE,INDONESIA,PETROL,998.0,ANURADHAPURA,BRAND NEW,3,,A250RA-GBVV RAIZE
CAR,KIA,SONET,INDIA,PETROL,998.0,HAMBANTOTA,BRAND NEW,1,,SONET
CAR,TATA,CURVV EV,INDIA,ELECTRIC,98.0,COLOMBO,BRAND NEW,2,,CURVV EV
MOTOR CYCLE,BAJAJ,BOXER AT,INDIA,PETROL,99.35,MATARA,BRAND NEW,1,,BOXER AT
CAR,BYD,DOLPHIN-DYNAMIC 70,CHINA,ELECTRIC,70.0,RATNAPURA,BRAND NEW,2,,DOLPHIN-DYNAMIC 70
CAR,TOYOTA,WIGO A350RA GBNE,INDONESIA,PETROL,998.0,GAMPAHA,BRAND NEW,1,,WIGO A350RA GBNE
MOTOR CYCLE,YADEA,EPOC H,CHINA,ELECTRIC,2.0,PUTTALAM,BRAND NEW,5,,EPOC H
MOTOR CYCLE,HERO,HF-DELUXE,INDIA,PETROL,97.2,MATARA,BRAND NEW,3,HF-DELUXE,Unknown
MOTOR CYCLE,YADEA,M6,CHINA,ELECTRIC,1.2,PUTTALAM,BRAND NEW,4,,M6
LAND VEHICLE,MAHINDRA,YUVO TECH PLUS 585DI,INDIA,DIESEL,2979.0,KURUNEGALA,BRAND NEW,1,,YUVO TECH PLUS 585DI
PRIMER MOVER,TATA,SIGNA 4018,INDIA,DIESEL,5883.0,ANURADHAPURA,BRAND NEW,1,,SIGNA 4018
MOTOR CYCLE,QUANLE,N9 (NINEBOT),CHINA,ELECTRIC,1.5,HAMBANTOTA,BRAND NEW,3,,N9 (NINEBOT)
MOTOR CYCLE,MM,ZOOM X3,CHINA,ELECTRIC,3.0,COLOMBO,BRAND NEW,1,,ZOOM X3
CAR,TOYOTA,WIGO A350RA GBNE,INDONESIA,PETROL,998.0,KURUNEGALA,BRAND NEW,2,,WIGO A350RA GBNE
COMMERCIAL,TATA,LP 712,INDIA,DIESEL,3783.0,BATTICALOA,BRAND NEW,1,,LP 712
MOTOR TRICYCLE VAN,PIAGGIO,APE-XTRA-DX,INDIA,DIESEL,435.0,RATNAPURA,BRAND NEW,1,APE-XTRA-DX,Unknown
MOTOR CYCLE,TMR QUANLE,ZL,CHINA,ELECTRIC,2.0,KURUNEGALA,BRAND NEW,1,,ZL
LAND VEHICLE,SOLIS,4520,INDIA,DIESEL,2893.0,AMPARA,BRAND NEW,1,,4520
MOTOR CYCLE,YAMAHA,FZ  VER 2.0,INDIA,PETROL,149.0,JAFFNA,BRAND NEW,16,,FZ  VER 2.0
MOTOR CYCLE,YAMAHA,FZ  VER 2.0,INDIA,PETROL,149.0,TRINCOMALEE,BRAND NEW,8,,FZ  VER 2.0
MOTOR CYCLE,YAMAHA,RAY ZR,INDIA,PETROL,113.0,GAMPAHA,BRAND NEW,13,,RAY ZR
MOTOR CYCLE,YAMAHA,RAY ZR,INDIA,PETROL,113.0,JAFFNA,BRAND NEW,8,,RAY ZR
CAR,TOYOTA,5BA-KSP210 YARIS,JAPAN,PETROL,996.0,MATARA,BRAND NEW,1,5BA-KSP210,YARIS
CAR,MERCEDES BENZ,GLA200,GERMANY,PETROL,1332.0,COLOMBO,BRAND NEW,1,,GLA200
MOTOR CYCLE,YADEA,M6,CHINA,ELECTRIC,1.2,ANURADHAPURA,BRAND NEW,3,,M6
COMMERCIAL,MITSUBISHI,FUSO,JAPAN,DIESEL,2998.0,PUTTALAM,BRAND NEW,1,,FUSO
MOTOR CYCLE,YAMAHA,RAY ZR STREET RALLY,INDIA,PETROL,113.0,KURUNEGALA,BRAND NEW,3,,RAY ZR STREET RALLY
COMMERCIAL,MITSUBISHI,FUSO,JAPAN,DIESEL,2998.0,KANDY,BRAND NEW,1,,FUSO
DUAL PURPOSE (COMMERCIAL),TOYOTA,LITE ACE,INDONESIA,PETROL,1496.0,GAMPAHA,BRAND NEW,1,,LITE ACE
COMMERCIAL,TOYOTA,XZB70R ZGMNY COASTER,JAPAN,DIESEL,4009.0,RATNAPURA,BRAND NEW,1,,XZB70R ZGMNY COASTER
MOTOR CYCLE,YAMAHA,RAY ZR STREET RALLY,INDIA,PETROL,113.0,MANNAR,BRAND NEW,1,,RAY ZR STREET RALLY
LAND VEHICLE,E KUBOTA,EK3-471 4WD,INDIA,DIESEL,2761.0,PUTTALAM,BRAND NEW,1,EK3-471,4WD
MOTOR CYCLE,SOLID,LEO,CHINA,ELECTRIC,1.2,GAMPAHA,BRAND NEW,1,,LEO
MOTOR CYCLE,YADEA,E8S PRO,CHINA,ELECTRIC,2.0,MONERAGALA,BRAND NEW,1,,E8S PRO
MOTOR CYCLE,YADEA,M6,CHINA,ELECTRIC,1.2,POLONNARUWA,BRAND NEW,1,,M6
MOTOR CYCLE,NWOW,V11,CHINA,ELECTRIC,1.0,MATARA,BRAND NEW,2,,V11
CAR,BYD,SEALION 6 SUPERIOR,CHINA,PETROL/ELE,1496.0,COLOMBO,BRAND NEW,1,,SEALION 6 SUPERIOR
MOTOR CYCLE,TVS,NTORQ 125,SRI LANKA,PETROL,124.79,KEGALLE,BRAND NEW-L/ASSEMBLE,2,,NTORQ 125
MOTOR CYCLE,TVS,TVS XL 100,SRI LANKA,PETROL,99.7,HAMBANTOTA,BRAND NEW-L/ASSEMBLE,49,,TVS XL 100
MOTOR CYCLE,TVS,TVS XL 100,SRI LANKA,PETROL,99.7,KILINOCHCHI,BRAND NEW-L/ASSEMBLE,11,,TVS XL 100
MOTOR CYCLE,TVS,TVS RAIDER 125,SRI LANKA,PETROL,124.79,GAMPAHA,BRAND NEW-L/ASSEMBLE,56,,TVS RAIDER 125
MOTOR CYCLE,BAJAJ,CT 100 ES,SRI LANKA,PETROL,102.0,RATNAPURA,BRAND NEW-L/ASSEMBLE,32,,CT 100 ES
MOTOR CYCLE,BAJAJ,PULSAR N160,SRI LANKA,PETROL,164.82,ANURADHAPURA,BRAND NEW-L/ASSEMBLE,41,,PULSAR N160
MOTOR CYCLE,BAJAJ,DISCOVER 125,SRI LANKA,PETROL,124.5,POLONNARUWA,BRAND NEW-L/ASSEMBLE,28,,DISCOVER 125
MOTOR CYCLE,BAJAJ,DISCOVER 125,SRI LANKA,PETROL,124.5,KURUNEGALA,BRAND NEW-L/ASSEMBLE,25,,DISCOVER 125
MOTOR CYCLE,TVS,TVS RAIDER 125,SRI LANKA,PETROL,124.79,HAMBANTOTA,BRAND NEW-L/ASSEMBLE,10,,TVS RAIDER 125
MOTOR CYCLE,BAJAJ,DISCOVER 125,SRI LANKA,PETROL,124.5,JAFFNA,BRAND NEW-L/ASSEMBLE,9,,DISCOVER 125
MOTOR CYCLE,TVS,TVS XL 100,SRI LANKA,PETROL,99.7,KANDY,BRAND NEW-L/ASSEMBLE,2,,TVS XL 100
MOTOR CYCLE,TVS,TVS XL 100,SRI LANKA,PETROL,99.7,RATNAPURA,BRAND NEW-L/ASSEMBLE,11,,TVS XL 100
MOTOR CYCLE,RANOMOTO,MOPED SUPER,SRI LANKA,PETROL,49.0,GAMPAHA,BRAND NEW-L/ASSEMBLE,8,,MOPED SUPER
MOTOR LORRY (COMMERCIAL),LANKA ASHOK LEYLAND,TUSKER SUPER 1618,SRI LANKA,DIESEL,5759.0,GAMPAHA,BRAND NEW-L/ASSEMBLE,3,,TUSKER SUPER 1618
MOTOR CYCLE,BAJAJ,DISCOVER 125,SRI LANKA,PETROL,124.5,HAMBANTOTA,BRAND NEW-L/ASSEMBLE,14,,DISCOVER 125
CAR,BAIC,X55 II LUXURY,SRI LANKA,PETROL,1498.0,KURUNEGALA,BRAND NEW-L/ASSEMBLE,1,,X55 II LUXURY
MOTOR LORRY (COMMERCIAL),JAC,HFC1027E4,SRI LANKA,DIESEL,2746.0,MONERAGALA,BRAND NEW-L/ASSEMBLE,1,,HFC1027E4
MOTOR LORRY (COMMERCIAL),LANKA ASHOK LEYLAND,TAURUS 2518,SRI LANKA,DIESEL,5759.0,ANURADHAPURA,BRAND NEW-L/ASSEMBLE,1,,TAURUS 2518
MOTOR CYCLE,TVS,TVS RAIDER 125,SRI LANKA,PETROL,124.79,AMPARA,BRAND NEW-L/ASSEMBLE,20,,TVS RAIDER 125
MOTOR CYCLE,TVS,TVS RAIDER 125,SRI LANKA,PETROL,124.79,MULLATIVU,BRAND NEW-L/ASSEMBLE,1,,TVS RAIDER 125
MOTOR CYCLE,TVS,TVS RAIDER 125,SRI LANKA,PETROL,124.79,VAVUNIYA,BRAND NEW-L/ASSEMBLE,2,,TVS RAIDER 125
SINGLE CAB,MAHINDRA,BOLERO CITY PICKUP,SRI LANKA,DIESEL,2523.0,GAMPAHA,BRAND NEW-L/ASSEMBLE,1,,BOLERO CITY PICKUP
MOTOR CYCLE,TVS,TVS RAIDER 125,SRI LANKA,PETROL,124.79,MONERAGALA,BRAND NEW-L/ASSEMBLE,4,,TVS RAIDER 125
MOTOR CYCLE,SENARO,GN125,SRI LANKA,PETROL,125.0,TRINCOMALEE,BRAND NEW-L/ASSEMBLE,9,,GN125
MOTOR CYCLE,TVS,NTORQ 125,SRI LANKA,PETROL,124.8,TRINCOMALEE,BRAND NEW-L/ASSEMBLE,5,,NTORQ 125
MOTOR CYCLE,TVS,NTORQ 125,SRI LANKA,PETROL,124.8,MONERAGALA,BRAND NEW-L/ASSEMBLE,1,,NTORQ 125
MOTOR LORRY (COMMERCIAL),LANKA ASHOK LEYLAND,TAURS 2518,SRI LANKA,DIESEL,5759.0,GALLE,BRAND NEW-L/ASSEMBLE,1,,TAURS 2518
MOTOR CYCLE,BAJAJ,CT 100 ES,SRI LANKA,PETROL,102.0,KILINOCHCHI,BRAND NEW-L/ASSEMBLE,1,,CT 100 ES
CAR,LEXUS,5AA-TALH17,JAPAN,PETROL/ELE,2393.0,COLOMBO,RECONDITIONED,1,5AA-TALH17,RX500H
MOTOR CYCLE,HONDA,8 BJ - JK05,VIETNAM,PETROL,124.0,KURUNEGALA,RECONDITIONED,1,,8 BJ - JK05
CAR,TOYOTA,5BA-M900A ROOMY,JAPAN,PETROL,996.0,JAFFNA,RECONDITIONED,4,5BA-M900A,ROOMY
CAR,SUZUKI,5AA-HA97S ALTO,JAPAN,PETROL/ELE,658.0,KALUTARA,RECONDITIONED,1,5AA-HA97S,ALTO
CAR,SUZUKI,5AA-MH95S WAGON R,JAPAN,PETROL,657.0,KURUNEGALA,RECONDITIONED,3,5AA-MH95S,WAGON R
CAR,SUZUKI,EVERY 5BD-DA17V,JAPAN,PETROL,658.0,BATTICALOA,RECONDITIONED,1,,EVERY 5BD-DA17V
CAR,SUZUKI,EVERY-5BD-DA17V,JAPAN,PETROL,656.0,GALLE,RECONDITIONED,1,EVERY-5BD-DA17V,Unknown
CAR,TOYOTA,3BA-TRJ250W,JAPAN,PETROL,2693.0,KALUTARA,RECONDITIONED,5,3BA-TRJ250W,PRADO250
CAR,MERCEDES BENZ,4AA-465250C,GERMANY,PETROL,3986.0,COLOMBO,RECONDITIONED,1,4AA-465250C,Unknown
SINGLE CAB,SUZUKI,3BD-DA16T CARRY,JAPAN,PETROL,658.0,COLOMBO,RECONDITIONED,3,3BD-DA16T,CARRY
MOTOR CYCLE,HONDA,PCX125,JAPAN,PETROL,124.0,KURUNEGALA,RECONDITIONED,2,,PCX125
CAR,TOYOTA,6AA-MXPJ10 YARIS,JAPAN,PETROL/ELE,1496.0,MATARA,RECONDITIONED,4,6AA-MXPJ10,YARIS
DUAL PURPOSE (COMMERCIAL),FORD,RAPTOR,THAILAND,PETROL,2956.0,COLOMBO,RECONDITIONED,1,,RAPTOR
CAR,LAND ROVER,3BA-LE72XAA DEFENDER,JAPAN,PETROL,1998.0,COLOMBO,RECONDITIONED,1,3BA-LE72XAA,DEFENDER
CAR,TOYOTA,3BA-TRJ150W,JAPAN,PETROL,2693.0,PUTTALAM,RECONDITIONED,2,3BA-TRJ150W,Unknown
SINGLE CAB,MITSUBISHI,3BD-DS16T,JAPAN,PETROL,658.0,COLOMBO,RECONDITIONED,1,3BD-DS16T,MINI CAB
CAR,SUZUKI,5BD-DA17V EVERY,JAPAN,PETROL,656.0,MONERAGALA,RECONDITIONED,1,5BD-DA17V,EVERY
CAR,VOLKSWAGEN,3BA-C1DKR T-CROSS,GERMANY,PETROL,999.0,RATNAPURA,RECONDITIONED,1,3BA-C1DKR,T-CROSS
CAR,NISSAN,5BD-DR17V CLIPPER,JAPAN,PETROL,658.0,GALLE,RECONDITIONED,1,5BD-DR17V,CLIPPER
CAR,DAIHATSU,5BA-LA350S MIRA E.S,JAPAN,PETROL,658.0,KURUNEGALA,RECONDITIONED,2,5BA-LA350S,MIRA E.S
CAR,SUZUKI,5BD-DA17V EVERY,JAPAN,PETROL,658.0,KEGALLE,RECONDITIONED,8,5BD-DA17V,EVERY
MOTOR CYCLE,HONDA,MD90,JAPAN,PETROL,90.0,MATARA,RECONDITIONED,1,,MD90
CAR,SUZUKI,3BA-DA17W EVERY,JAPAN,PETROL,658.0,RATNAPURA,RECONDITIONED,1,3BA-DA17W,EVERY
CAR,TOYOTA,5BA-M700A  PASSO,JAPAN,PETROL,996.0,MATARA,RECONDITIONED,1,5BA-M700A,PASSO
CAR,HONDA,CR-V,AUSTRALIA,PETROL,1498.0,GAMPAHA,RECONDITIONED,1,CR-V,VTIL7
DUAL PURPOSE (COMMERCIAL),TOYOTA,HILUX REVO ROCCO,THAILAND,DIESEL,2800.0,KURUNEGALA,RECONDITIONED,1,,HILUX REVO ROCCO
MOTOR CYCLE,HONDA,PCX160,JAPAN,PETROL,157.0,AMPARA,RECONDITIONED,1,,PCX160
DUAL PURPOSE (COMMERCIAL),TOYOTA,HILUX REVO GR SPORT,THAILAND,DIESEL,2800.0,COLOMBO,RECONDITIONED,1,,HILUX REVO GR SPORT
SPECIAL PURPOSE VEHICLE,KOMATSU,510-5 WHEEL LOADER,JAPAN,DIESEL,3290.0,TRINCOMALEE,RECONDITIONED,1,510-5,WHEEL LOADER
CAR,MERCEDES BENZ,E200 AMG LINE,GERMANY,PETROL,1999.0,COLOMBO,RECONDITIONED,1,,E200 AMG LINE
CAR,TOYOTA,5BA-KSP210  YARIS,JAPAN,PETROL,996.0,COLOMBO,RECONDITIONED,10,5BA-KSP210,YARIS
CAR,SUZUKI,5AA-MH95S WAGON R,JAPAN,PETROL,658.0,KILINOCHCHI,RECONDITIONED,2,5AA-MH95S,WAGON R
MOTOR CYCLE,HONDA,8BK-KF54,JAPAN,PETROL,157.0,MATALE,RECONDITIONED,1,8BK-KF54,Unknown
SINGLE CAB,TOYOTA,HILUX REVO,THAILAND,DIESEL,2755.0,GAMPAHA,RECONDITIONED,1,,HILUX REVO
CAR,TOYOTA,3BA-A210A,JAPAN,PETROL,998.0,GAMPAHA,RECONDITIONED,2,3BA-A210A,PEARL
DUAL PURPOSE (COMMERCIAL),FORD,RANGER RAPTOR,THAILAND,DIESEL,1996.0,NUWARA-ELIYA,RECONDITIONED,1,,RANGER RAPTOR
CAR,SUZUKI,3BA-HA37S ALTO,JAPAN,PETROL,658.0,KEGALLE,RECONDITIONED,2,3BA-HA37S,ALTO
CAR,TOYOTA,5BA-MZEA17 COROLLA,JAPAN,PETROL,1496.0,COLOMBO,RECONDITIONED,1,5BA-MZEA17,COROLLA
DUAL PURPOSE (COMMERCIAL),TOYOTA,3DF-GUN125 HILUX,JAPAN,DIESEL,2393.0,KALUTARA,RECONDITIONED,1,3DF-GUN125,HILUX
CAR,SUZUKI,5AA-MK94S,JAPAN,PETROL,658.0,GAMPAHA,RECONDITIONED,1,5AA-MK94S,SPASIA
CAR,NISSAN,5AA-B44W,JAPAN,PETROL,658.0,KANDY,RECONDITIONED,1,5AA-B44W,DAYS
CAR,SUZUKI,EVERY JOIN 660 AUTO,JAPAN,PETROL,658.0,PUTTALAM,RECONDITIONED,1,,EVERY JOIN 660 AUTO
DUAL PURPOSE (COMMERCIAL),TOYOTA,HILUX REVO GR SPORT,THAILAND,DIESEL,2755.0,MANNAR,RECONDITIONED,1,,HILUX REVO GR SPORT
SPECIAL PURPOSE VEHICLE,MITSUBISHI,WS 310 WHEEL LOADER,JAPAN,DIESEL,1496.0,KALUTARA,RECONDITIONED,1,,WS 310 WHEEL LOADER
CAR,HONDA,CITY,THAILAND,PETROL,988.0,PUTTALAM,RECONDITIONED,1,,CITY
CAR,TOYOTA,3DA-FJA300W,JAPAN,DIESEL,3345.0,GAMPAHA,RECONDITIONED,2,3DA-FJA300W,ZX
CAR,SUZUKI,4AA-MK54S  SPACIA,JAPAN,PETROL,658.0,BATTICALOA,RECONDITIONED,1,4AA-MK54S,SPACIA
CAR,TOYOTA,4BA-M900A ROOMY,JAPAN,PETROL,996.0,GAMPAHA,RECONDITIONED,4,4BA-M900A,ROOMY
CAR,DAIHATSU,5BA-LA350S MIRA E.S,JAPAN,PETROL,658.0,KANDY,RECONDITIONED,1,5BA-LA350S,MIRA E.S
CAR,NISSAN,5AA-B44W  DAYS,JAPAN,PETROL,658.0,RATNAPURA,RECONDITIONED,1,5AA-B44W,DAYS
MOTOR CYCLE,HONDA,PCX 160,JAPAN,PETROL,157.0,AMPARA,RECONDITIONED,1,,PCX 160
CAR,SUZUKI,4AA-MR52S HUSTLER,JAPAN,PETROL,658.0,GAMPAHA,RECONDITIONED,1,4AA-MR52S,HUSTLER
CAR,SUZUKI,5AA-HA97S ALTO,JAPAN,PETROL,658.0,COLOMBO,RECONDITIONED,3,5AA-HA97S,ALTO
CAR,TOYOTA,4BA-M900A  ROOMY,JAPAN,PETROL,996.0,COLOMBO,RECONDITIONED,1,4BA-M900A,ROOMY
CAR,TOYOTA,3BA-A210A RAIZE,JAPAN,PETROL,996.0,BADULLA,RECONDITIONED,5,3BA-A210A,RAIZE
SPECIAL PURPOSE VEHICLE,J.C.B,3CX  BACKHOE LOADER,UNITED KINGDOM,DIESEL,3200.0,GAMPAHA,RECONDITIONED,1,,3CX  BACKHOE LOADER
CAR,DAIHATSU,5BA-LA900S,JAPAN,PETROL,658.0,KURUNEGALA,RECONDITIONED,2,5BA-LA900S,TAFT
CAR,HONDA,6AA-RV5  VEZEL,JAPAN,PETROL/ELE,1496.0,PUTTALAM,RECONDITIONED,1,6AA-RV5,VEZEL
CAR,TOYOTA,6BA-MXUA80 HARRIER,JAPAN,PETROL,1986.0,KANDY,RECONDITIONED,1,6BA-MXUA80,HARRIER
CAR,SUZUKI,4AA-MK53S SPACIA,JAPAN,PETROL,658.0,POLONNARUWA,RECONDITIONED,1,4AA-MK53S,SPACIA
CAR,HONDA,6AA-RV5   VEZEL,JAPAN,PETROL/ELE,1496.0,KEGALLE,RECONDITIONED,1,6AA-RV5,VEZEL
CAR,SUZUKI,5AA-HA97S ALTO,JAPAN,PETROL,658.0,KURUNEGALA,RECONDITIONED,1,5AA-HA97S,ALTO
CAR,SUZUKI,5BD-DA17V EVERY,JAPAN,PETROL,656.0,KURUNEGALA,RECONDITIONED,1,5BD-DA17V,EVERY
CAR,VOLKSWAGEN,3BA-AWDLA,GERMANY,PETROL,996.0,COLOMBO,RECONDITIONED,1,3BA-AWDLA,Unknown
CAR,SUZUKI,4AA-MN71S X BEE,JAPAN,PETROL,996.0,COLOMBO,RECONDITIONED,2,4AA-MN71S,X BEE
CAR,MERCEDES BENZ,5AA-206041C C180,GERMANY,PETROL,1496.0,GAMPAHA,RECONDITIONED,1,5AA-206041C,C180
CAR,SUZUKI,5AA-MR92S HUSTLER,JAPAN,PETROL,650.0,GAMPAHA,RECONDITIONED,1,5AA-MR92S,HUSTLER
CAR,SUZUKI,5AA-MH95S WAGON R,JAPAN,PETROL/ELE,658.0,ANURADHAPURA,RECONDITIONED,1,5AA-MH95S,WAGON R
DUAL PURPOSE (COMMERCIAL),TOYOTA,HILUX RIVO GR SPORT,THAILAND,DIESEL,2755.0,PUTTALAM,RECONDITIONED,1,,HILUX RIVO GR SPORT
CAR,TOYOTA,3BA-VJA300W,JAPAN,PETROL,3440.0,COLOMBO,RECONDITIONED,1,3BA-VJA300W,Unknown
CAR,TOYOTA,RAIZE 5AA-A202A,JAPAN,PETROL/ELE,78.0,GAMPAHA,RECONDITIONED,1,,RAIZE 5AA-A202A
CAR,SUZUKI,5BD-DA17V EVERY,JAPAN,PETROL,658.0,BATTICALOA,RECONDITIONED,1,5BD-DA17V,EVERY
CAR,SUZUKI,4AA-MK53S SPACIA,JAPAN,PETROL/ELE,658.0,GAMPAHA,RECONDITIONED,1,4AA-MK53S,SPACIA
CAR,SUZUKI,5AA-MK94S SPACIA,JAPAN,PETROL/ELE,658.0,ANURADHAPURA,RECONDITIONED,1,5AA-MK94S,SPACIA
CAR,DAIHATSU,5BA-LA350S   MIRA ES,JAPAN,PETROL,658.0,COLOMBO,RECONDITIONED,1,5BA-LA350S,MIRA ES
LAND VEHICLE (SMALL),KUBOTA,K 700,JAPAN,DIESEL,508.0,JAFFNA,RECONDITIONED,1,,K 700
CAR,HONDA,6AA-RV5  VEZEL,JAPAN,PETROL/ELE,1496.0,KANDY,RECONDITIONED,1,6AA-RV5,VEZEL
DUAL PURPOSE (COMMERCIAL),MITSUBISHI,TRITON 4X4 MV GSR,AUSTRALIA,DIESEL,2399.0,COLOMBO,RECONDITIONED,1,,TRITON 4X4 MV GSR
SPECIAL PURPOSE VEHICLE,KOMATSU,510 WHEEL LOADER,JAPAN,DIESEL,4300.0,BATTICALOA,RECONDITIONED,1,,510 WHEEL LOADER
CAR,NISSAN,5BD-DR17V,JAPAN,PETROL,650.0,COLOMBO,RECONDITIONED,1,5BD-DR17V,CLIPPER GX
CAR,MAZDA,5AA-MJ95S,JAPAN,PETROL,658.0,GAMPAHA,RECONDITIONED,1,5AA-MJ95S,FLAIR
CAR,TOYOTA,6AA-MXPL10G SIENTA,JAPAN,PETROL/ELE,1496.0,GAMPAHA,RECONDITIONED,1,6AA-MXPL10G,SIENTA
CAR,AUDI,3AA-GYDLA  A3,GERMANY,PETROL,999.0,RATNAPURA,RECONDITIONED,1,3AA-GYDLA,A3
DUAL PURPOSE (COMMERCIAL),FORD,RAPTOR,THAILAND,DIESEL,1996.0,GAMPAHA,RECONDITIONED,1,,RAPTOR
DUAL PURPOSE (COMMERCIAL),TOYOTA,HILUX REVO ROCCO,THAILAND,DIESEL,2755.0,VAVUNIYA,RECONDITIONED,1,,HILUX REVO ROCCO
CAR,SUZUKI,5BA-MH85S WAGON R,JAPAN,PETROL/ELE,658.0,PUTTALAM,RECONDITIONED,1,5BA-MH85S,WAGON R
CAR,HONDA,CITY,THAILAND,PETROL,998.0,COLOMBO,RECONDITIONED,1,,CITY
CAR,SUZUKI,5BA-MH85S WAGON R,JAPAN,PETROL,656.0,KEGALLE,RECONDITIONED,1,5BA-MH85S,WAGON R
CAR,HONDA,CRV VTI L7,SINGAPORE,PETROL,1498.0,GALLE,RECONDITIONED,1,,CRV VTI L7
LAND VEHICLE (SMALL),KUBOTA,K600,JAPAN,DIESEL,422.0,GALLE,RECONDITIONED,1,,K600
CAR,TOYOTA,5BA-KSP210 YARIS,JAPAN,PETROL,996.0,MONERAGALA,RECONDITIONED,3,5BA-KSP210,YARIS
MOTOR CYCLE,HONDA,PCX 125,VIETNAM,PETROL,124.0,MATARA,RECONDITIONED,1,,PCX 125
CAR,HONDA,5BA-RZ3 ZR V,JAPAN,PETROL,1496.0,BADULLA,RECONDITIONED,1,5BA-RZ3,ZR V
SPECIAL PURPOSE VEHICLE,TOYOTA,3FG20,JAPAN,PETROL,1560.0,KILINOCHCHI,RECONDITIONED,1,,3FG20
CAR,SUZUKI,5AA-MK94S SPACIA,JAPAN,PETROL,658.0,JAFFNA,RECONDITIONED,2,5AA-MK94S,SPACIA
CAR,TOYOTA,6AA-MXPJ10  YARIS,JAPAN,PETROL/ELE,1490.0,TRINCOMALEE,RECONDITIONED,1,6AA-MXPJ10,YARIS
CAR,TOYOTA,YARIS CROSS,JAPAN,PETROL/ELE,1496.0,COLOMBO,RECONDITIONED,1,,YARIS CROSS
CAR,TOYOTA,5BA-M700A PASSO,JAPAN,PETROL,996.0,KANDY,RECONDITIONED,1,5BA-M700A,PASSO
CAR,AUDI,3BA-FU20 A5 S LINE,GERMANY,PETROL,1984.0,GAMPAHA,RECONDITIONED,1,3BA-FU20,A5 S LINE
CAR,TOYOTA,6AA-MXPJ15 YARIS,JAPAN,PETROL/ELE,1496.0,JAFFNA,RECONDITIONED,1,6AA-MXPJ15,YARIS
SPECIAL PURPOSE VEHICLE,TCM,FD25T3C,JAPAN,DIESEL,2500.0,GAMPAHA,RECONDITIONED,1,,FD25T3C
CAR,TOYOTA,5BA-KSP210,JAPAN,PETROL,996.0,KANDY,RECONDITIONED,1,5BA-KSP210,YARIS  X
PRIMER MOVER,MAN,TGX 26.470,UNITED KINGDOM,DIESEL,12419.0,GAMPAHA,RECONDITIONED,1,,TGX 26.470
CAR,SUZUKI,5BA-MH85S WAGON R,JAPAN,PETROL/ELE,658.0,COLOMBO,RECONDITIONED,1,5BA-MH85S,WAGON R
CAR,TOYOTA,5AA-A202A RAIZE,JAPAN,PETROL/ELE,78.0,HAMBANTOTA,RECONDITIONED,1,5AA-A202A,RAIZE
CAR,TOYOTA,6AA-ZWR90W VOXY,JAPAN,PETROL/ELE,1797.0,KANDY,RECONDITIONED,2,6AA-ZWR90W,VOXY
CAR,TOYOTA,3BA-NGX10,JAPAN,PETROL,1196.0,GALLE,RECONDITIONED,1,3BA-NGX10,CHR
CAR,TOYOTA,YARIS CROSS 6AA-MXPJ,JAPAN,PETROL/ELE,1496.0,GAMPAHA,RECONDITIONED,1,,YARIS CROSS 6AA-MXPJ
CAR,HONDA,6AA-RV5 VEZEL,JAPAN,PETROL,1496.0,PUTTALAM,RECONDITIONED,1,6AA-RV5,VEZEL
MOTOR LORRY (COMMERCIAL),ISUZU,2RG-NPR88AN ELF,JAPAN,DIESEL,2990.0,COLOMBO,RECONDITIONED,1,2RG-NPR88AN,ELF
CAR,SUZUKI,5AA-HA97S ALTO,JAPAN,PETROL/ELE,657.0,GALLE,RECONDITIONED,1,5AA-HA97S,ALTO
MOTOR CYCLE,HONDA,PCX 125,JAPAN,PETROL,125.0,PUTTALAM,RECONDITIONED,1,,PCX 125
DUAL PURPOSE (COMMERCIAL),TOYOTA,HILUX REVO ROCCO,THAILAND,DIESEL,2755.0,MANNAR,RECONDITIONED,1,,HILUX REVO ROCCO
CAR,MERCEDES BENZ,GLB200 AMG LINE,UNITED KINGDOM,PETROL,1332.0,COLOMBO,RECONDITIONED,1,,GLB200 AMG LINE
CAR,TOYOTA,3BA-A201A RAIZE,JAPAN,PETROL,996.0,MATALE,RECONDITIONED,1,3BA-A201A,RAIZE
CAR,SUZUKI,5BA-MH85S  WAGON R,JAPAN,PETROL,657.0,ANURADHAPURA,RECONDITIONED,1,5BA-MH85S,WAGON R
CAR,SUZUKI,5AA-MK53S SPACIA,JAPAN,PETROL/ELE,658.0,KURUNEGALA,RECONDITIONED,1,5AA-MK53S,SPACIA
SINGLE CAB,SUZUKI,3BD-DA16T CARRY,JAPAN,PETROL,658.0,MATARA,RECONDITIONED,1,3BD-DA16T,CARRY
LAND VEHICLE (SMALL),KUBOTA,K600,JAPAN,DIESEL,422.0,KANDY,RECONDITIONED,1,,K600
CAR,LEXUS,3BA-VJA310W LX600,JAPAN,PETROL,3444.0,KALUTARA,RECONDITIONED,1,3BA-VJA310W,LX600
CAR,SUZUKI,3BA-JB64W,JAPAN,PETROL,658.0,COLOMBO,RECONDITIONED,1,3BA-JB64W,JIMNY
CAR,SUZUKI,3BA-HA37S,JAPAN,PETROL,657.0,KEGALLE,RECONDITIONED,1,3BA-HA37S,ALTO
CAR,LAND ROVER,RANGE ROVER EVOQUE,UNITED KINGDOM,PETROL/ELE,1498.0,COLOMBO,RECONDITIONED,1,,RANGE ROVER EVOQUE
CAR,TOYOTA,5BA-KSP210 YARIS,JAPAN,PETROL,998.0,MATARA,RECONDITIONED,1,5BA-KSP210,YARIS
CAR,NISSAN,5AA-B44A ROOX,JAPAN,PETROL,659.0,MATALE,RECONDITIONED,1,5AA-B44A,ROOX
MOTOR CYCLE,RISE,LEADER 125,SRI LANKA,PETROL,125.0,AMPARA,BRAND NEW-L/MANUFACT,8,,LEADER 125
MOTOR CYCLE,RISE,LEADER PLUS,SRI LANKA,ELECTRIC,2.0,PUTTALAM,BRAND NEW-L/MANUFACT,1,,LEADER PLUS
MOTOR CYCLE,RISE,LEADER PLUS,SRI LANKA,ELECTRIC,2.0,KALUTARA,BRAND NEW-L/MANUFACT,1,,LEADER PLUS
MOTOR CYCLE,RISE,LEADER MAX,SRI LANKA,ELECTRIC,2.0,RATNAPURA,BRAND NEW-L/MANUFACT,1,,LEADER MAX
MOTOR CYCLE,RISE,LEADER PLUS,SRI LANKA,ELECTRIC,2.0,GALLE,BRAND NEW-L/MANUFACT,5,,LEADER PLUS
MOTOR CYCLE,RISE,LEADER R 100,SRI LANKA,ELECTRIC,2.0,KALUTARA,BRAND NEW-L/MANUFACT,1,,LEADER R 100
TRACTOR TRAILER/BOWSER,LOCALLY BUILT,TRAILER BOWSER,SRI LANKA,NOT STATED,0.0,JAFFNA,LOCALLY BUILT,2,,TRAILER BOWSER
LORRY TRAILER/BOWSER,DYNAMIC,FLATBED TRAILER,SRI LANKA,NOT STATED,0.0,GAMPAHA,LOCALLY BUILT,1,,FLATBED TRAILER
TRACTOR TRAILER/BOWSER,LOCALLY BUILT,TRACTOR  TRAILER,SRI LANKA,NOT STATED,0.0,BATTICALOA,LOCALLY BUILT,15,,TRACTOR  TRAILER
TRACTOR TRAILER/BOWSER,LOCALLY BUILT,LOW BED TRAILER,SRI LANKA,NOT STATED,0.0,AMPARA,LOCALLY BUILT,15,,LOW BED TRAILER
TRACTOR TRAILER/BOWSER,LOCALLY BUILT,LOW BED TRAILER,SRI LANKA,NOT STATED,0.0,HAMBANTOTA,LOCALLY BUILT,3,,LOW BED TRAILER
TRACTOR TRAILER/BOWSER,LOCALLY BUILT,TRACTOR  TRAILER,SRI LANKA,NOT STATED,0.0,VAVUNIYA,LOCALLY BUILT,6,,TRACTOR  TRAILER
TRACTOR TRAILER/BOWSER,LOCALLY BUILT,TRACTOR TRAILER,SRI LANKA,NOT STATED,0.0,MATALE,LOCALLY BUILT,1,,TRACTOR TRAILER
TRACTOR TRAILER/BOWSER,LOCALLY BUILT,LOW BED TRAILER,SRI LANKA,NOT STATED,0.0,BATTICALOA,LOCALLY BUILT,1,,LOW BED TRAILER
THREE WHEELER,BAJAJ,RE 4S AUTORICKSHAW,INDIA,PETROL,237.0,BATTICALOA,BRAND NEW,49,,RE 4S AUTORICKSHAW
MOTOR CYCLE,QUANLE,ZL,CHINA,ELECTRIC,2.0,KALUTARA,BRAND NEW,4,,ZL
MOTOR CYCLE,TVS,TVS NTORQ 125 CC,INDIA,PETROL,124.8,MATARA,BRAND NEW,61,,TVS NTORQ 125 CC
MOTOR CYCLE,TVS,TVS NTORQ 125 CC,INDIA,PETROL,124.8,RATNAPURA,BRAND NEW,95,,TVS NTORQ 125 CC
LAND VEHICLE,TAFE,45DI,INDIA,DIESEL,2500.0,BATTICALOA,BRAND NEW,5,,45DI
THREE WHEELER,BAJAJ,RE 4S AUTORICKSHAW,INDIA,PETROL,237.0,JAFFNA,BRAND NEW,109,,RE 4S AUTORICKSHAW
THREE WHEELER,BAJAJ,RE 4S AUTORICKSHAW,INDIA,PETROL,237.0,KURUNEGALA,BRAND NEW,55,,RE 4S AUTORICKSHAW
THREE WHEELER,BAJAJ,RE 4S AUTORICKSHAW,INDIA,PETROL,237.0,MATARA,BRAND NEW,51,,RE 4S AUTORICKSHAW
THREE WHEELER,BAJAJ,RE 4S AUTORICKSHAW,INDIA,PETROL,237.0,NUWARA-ELIYA,BRAND NEW,28,,RE 4S AUTORICKSHAW
LAND VEHICLE,MAHINDRA,YUVO TECH PLUS 575DI,INDIA,DIESEL,2979.0,VAVUNIYA,BRAND NEW,7,,YUVO TECH PLUS 575DI
SINGLE CAB,TATA,YODHA,INDIA,DIESEL,2956.0,JAFFNA,BRAND NEW,3,,YODHA
SPECIAL PURPOSE VEHICLE,TOYOTA,FDZN30,CHINA,DIESEL,2486.0,COLOMBO,BRAND NEW,2,,FDZN30
COMMERCIAL,LANKA ASHOK LEYLAND,LUXURA 12M,INDIA,DIESEL,6014.0,COLOMBO,BRAND NEW,4,,LUXURA 12M
LAND VEHICLE,KUBOTA,L 4508,JAPAN,DIESEL,2197.0,POLONNARUWA,BRAND NEW,1,,L 4508
MOTOR CYCLE,LIMA,ELO-07,CHINA,ELECTRIC,1.5,KURUNEGALA,BRAND NEW,42,ELO-07,Unknown
CAR,BYD,ATTO3-ADVANCED,CHINA,ELECTRIC,100.0,KALUTARA,BRAND NEW,14,ATTO3-ADVANCED,Unknown
MOTOR CYCLE,BAJAJ,PULSAR N 125,INDIA,PETROL,124.58,KANDY,BRAND NEW,26,,PULSAR N 125
MOTOR CYCLE,YADEA,T5,CHINA,ELECTRIC,1.2,COLOMBO,BRAND NEW,73,,T5
MOTOR CYCLE,YADEA,T5,CHINA,ELECTRIC,1.2,RATNAPURA,BRAND NEW,19,,T5
MOTOR CYCLE,BAJAJ,PULSAR NS 200,INDIA,PETROL,199.5,AMPARA,BRAND NEW,2,,PULSAR NS 200
CAR,BYD,ATTO3-ADVANCED,CHINA,ELECTRIC,100.0,KURUNEGALA,BRAND NEW,6,ATTO3-ADVANCED,Unknown
MOTOR CYCLE,HERO,XTREME 125 R,INDIA,PETROL,124.7,COLOMBO,BRAND NEW,1,,XTREME 125 R
CAR,SAIC,MGHS PHEV,CHINA,PETROL/ELE,1496.0,COLOMBO,BRAND NEW,4,,MGHS PHEV
COMMERCIAL,TATA,LP407,INDIA,DIESEL,2956.0,MATARA,BRAND NEW,1,,LP407
CAR,BYD,ATTO-3-SUPERIOR,CHINA,ELECTRIC,100.0,GALLE,BRAND NEW,13,ATTO-3-SUPERIOR,Unknown
CAR,BYD,ATTO-3-SUPERIOR,CHINA,ELECTRIC,100.0,HAMBANTOTA,BRAND NEW,2,ATTO-3-SUPERIOR,Unknown
CAR,BYD,M6 SUPERIOR,CHINA,ELECTRIC,100.0,AMPARA,BRAND NEW,1,,M6 SUPERIOR
CAR,BYD,ATTO3-ADVANCED,CHINA,ELECTRIC,100.0,MONERAGALA,BRAND NEW,3,ATTO3-ADVANCED,Unknown
MOTOR CYCLE,BAJAJ,PULSAR N 160,INDIA,PETROL,164.32,HAMBANTOTA,BRAND NEW,34,,PULSAR N 160
MOTOR CYCLE,BAJAJ,PULSAR NS 200,INDIA,PETROL,199.5,MONERAGALA,BRAND NEW,2,,PULSAR NS 200
CAR,NISSAN,MAGNITE TEKNA PLUS,INDIA,PETROL,999.0,COLOMBO,BRAND NEW,11,,MAGNITE TEKNA PLUS
MOTOR CYCLE,YAMAHA,RAY ZR 125,INDIA,PETROL,125.0,BADULLA,BRAND NEW,12,,RAY ZR 125
MOTOR CYCLE,YAMAHA,RAY ZR 125,INDIA,PETROL,125.0,HAMBANTOTA,BRAND NEW,23,,RAY ZR 125
MOTOR CYCLE,YAMAHA,FZ S FI VER 4.0,INDIA,PETROL,149.0,AMPARA,BRAND NEW,14,,FZ S FI VER 4.0
MOTOR CYCLE,YAMAHA,RAY ZR 125,INDIA,PETROL,125.0,JAFFNA,BRAND NEW,12,,RAY ZR 125
THREE WHEELER,BAJAJ,RE 4S AUTORICKSHAW,INDIA,PETROL,237.0,ANURADHAPURA,BRAND NEW,25,,RE 4S AUTORICKSHAW
MOTOR CYCLE,LIMA,ELO-07,CHINA,ELECTRIC,1.5,GALLE,BRAND NEW,2,ELO-07,Unknown
MOTOR CYCLE,LIMA,ELO-07,CHINA,ELECTRIC,1.5,COLOMBO,BRAND NEW,2,ELO-07,Unknown
CAR,PERODUA,BEZZA,MALAYSIA,PETROL,998.0,GALLE,BRAND NEW,7,,BEZZA
MOTOR CYCLE,YAMAHA,RAY ZRSTREETRALLY125,INDIA,PETROL,125.0,KALUTARA,BRAND NEW,5,,RAY ZRSTREETRALLY125
MOTOR CYCLE,YAMAHA,RAY ZR 125,INDIA,PETROL,125.0,MONERAGALA,BRAND NEW,3,,RAY ZR 125
MOTOR CYCLE,YAMAHA,FZ S FI VER 4.0,INDIA,PETROL,149.0,KURUNEGALA,BRAND NEW,4,,FZ S FI VER 4.0
MOTOR CYCLE,BAJAJ,PULSAR NS 200,INDIA,PETROL,199.5,MATARA,BRAND NEW,4,,PULSAR NS 200
MOTOR CYCLE,BAJAJ,PULSAR NS 200,INDIA,PETROL,199.5,NUWARA-ELIYA,BRAND NEW,1,,PULSAR NS 200
CAR,BYD,ATTO-3-SUPERIOR,CHINA,ELECTRIC,100.0,MONERAGALA,BRAND NEW,1,ATTO-3-SUPERIOR,Unknown
MOTOR CYCLE,BAJAJ,DISCOVER,INDIA,PETROL,124.52,MATARA,BRAND NEW,5,,DISCOVER
MOTOR CYCLE,ZONGSHEN,ZS125,CHINA,PETROL,125.0,MATARA,BRAND NEW,1,,ZS125
MOTOR CYCLE,BAJAJ,CT100,INDIA,PETROL,99.27,MATARA,BRAND NEW,3,,CT100
CAR,BYD,SEALION 6 SUPERIOR,CHINA,PETROL/ELE,1498.0,MONERAGALA,BRAND NEW,1,,SEALION 6 SUPERIOR
MOTOR CYCLE,QUANLE,ZL,CHINA,ELECTRIC,2.0,GALLE,BRAND NEW,4,,ZL
MOTOR CYCLE,NWOW,SE,CHINA,ELECTRIC,0.8,KEGALLE,BRAND NEW,1,,SE
MOTOR CYCLE,NWOW,ARS,CHINA,ELECTRIC,0.45,GAMPAHA,BRAND NEW,5,,ARS
MOTOR CYCLE,RANOMOTO,GN125H,CHINA,PETROL,124.0,BATTICALOA,BRAND NEW,7,,GN125H
MOTOR CYCLE,BAJAJ,PULSAR N 125,INDIA,PETROL,124.58,JAFFNA,BRAND NEW,20,,PULSAR N 125
MOTOR LORRY (COMMERCIAL),LANKA ASHOK LEYLAND,PARTNER,INDIA,DIESEL,2953.0,COLOMBO,BRAND NEW,2,,PARTNER
MOTOR CYCLE,TVS,IQUBE,INDIA,ELECTRIC,3.34,MANNAR,BRAND NEW,1,,IQUBE
CAR,PERODUA,AXIA-CG1SZ,MALAYSIA,PETROL,998.0,COLOMBO,BRAND NEW,15,AXIA-CG1SZ,Unknown
MOTOR CYCLE,VMOTO,CPX,CHINA,ELECTRIC,4.3,COLOMBO,BRAND NEW,1,,CPX
CAR,TOYOTA,A250RA-GBVV RAIZE,INDONESIA,PETROL,998.0,MATARA,BRAND NEW,6,,A250RA-GBVV RAIZE
MOTOR CYCLE,BAJAJ,PULSAR NS 200,INDIA,PETROL,199.5,ANURADHAPURA,BRAND NEW,2,,PULSAR NS 200
MOTOR CYCLE,HERO,HF-DELUXE,INDIA,PETROL,97.2,KILINOCHCHI,BRAND NEW,6,HF-DELUXE,Unknown
MOTOR CYCLE,YADEA,E8S PRO,CHINA,ELECTRIC,2.0,KURUNEGALA,BRAND NEW,8,,E8S PRO
COMMERCIAL,MITSUBISHI,FUSO,JAPAN,DIESEL,2998.0,GAMPAHA,BRAND NEW,11,,FUSO
MOTOR CYCLE,YAMAHA,YZF R15 VER 4.0,INDIA,PETROL,155.0,ANURADHAPURA,BRAND NEW,1,,YZF R15 VER 4.0
MOTOR CYCLE,BAJAJ,PULSAR N 125,INDIA,PETROL,124.58,VAVUNIYA,BRAND NEW,14,,PULSAR N 125
MOTOR CYCLE,NWOW,V11,CHINA,ELECTRIC,1.0,COLOMBO,BRAND NEW,4,,V11
MOTOR CYCLE,LIMA,ELO-07,CHINA,ELECTRIC,1.5,KEGALLE,BRAND NEW,2,ELO-07,Unknown
MOTOR CYCLE,OYFLY,TDM-LTW,CHINA,ELECTRIC,2.0,AMPARA,BRAND NEW,1,TDM-LTW,Unknown
CAR,TATA,PUNCH CREATIVE,INDIA,PETROL,1199.0,MATARA,BRAND NEW,1,,PUNCH CREATIVE
COMMERCIAL,LANKA ASHOK LEYLAND,LUXURA 12M,INDIA,DIESEL,6014.0,KURUNEGALA,BRAND NEW,1,,LUXURA 12M
PRIMER MOVER,TATA,SIGNA 4018,INDIA,DIESEL,5883.0,KURUNEGALA,BRAND NEW,1,,SIGNA 4018
CAR,BYD,SEAL-COMFORT,CHINA,ELECTRIC,100.0,KANDY,BRAND NEW,6,SEAL-COMFORT,Unknown
MOTOR CYCLE,LUYUAN,MNK3,CHINA,ELECTRIC,1.5,ANURADHAPURA,BRAND NEW,2,,MNK3
MOTOR CYCLE,SOLID,G6,CHINA,ELECTRIC,1.5,PUTTALAM,BRAND NEW,3,,G6
MOTOR CYCLE,YADEA,T5,CHINA,ELECTRIC,1.2,VAVUNIYA,BRAND NEW,6,,T5
CAR,TOYOTA,WIGO A350RA GBNE,INDONESIA,PETROL,998.0,COLOMBO,BRAND NEW,10,,WIGO A350RA GBNE
MOTOR CYCLE,YAMAHA,YZF R15 VER 4.0,INDIA,PETROL,155.0,KANDY,BRAND NEW,2,,YZF R15 VER 4.0
MOTOR CYCLE,HERO,HF-DELUXE,INDIA,PETROL,97.2,PUTTALAM,BRAND NEW,8,HF-DELUXE,Unknown
CAR,KIA,SONET,INDIA,PETROL,998.0,KEGALLE,BRAND NEW,1,,SONET
MOTOR CYCLE,HERO,HF-DELUXE,INDIA,PETROL,97.2,KURUNEGALA,BRAND NEW,14,HF-DELUXE,Unknown
MOTOR CYCLE,BAJAJ,PULSAR NS 400 Z,INDIA,PETROL,373.27,COLOMBO,BRAND NEW,3,,PULSAR NS 400 Z
MOTOR CYCLE,HUAIHAI,HUAIHAI,CHINA,ELECTRIC,2.0,MATARA,BRAND NEW,3,,HUAIHAI
MOTOR CYCLE,NWOW,TK 10,CHINA,ELECTRIC,0.8,MATARA,BRAND NEW,2,,TK 10
MOTOR CYCLE,LUYUAN ALFA,MKK-Z23E-12-C,CHINA,ELECTRIC,1.2,GALLE,BRAND NEW,2,MKK-Z23E-12-C,Unknown
COMMERCIAL,MITSUBISHI,FUSO,JAPAN,DIESEL,2998.0,KURUNEGALA,BRAND NEW,4,,FUSO
LAND VEHICLE,TAFE,7250.DI,INDIA,DIESEL,2500.0,POLONNARUWA,BRAND NEW,1,,7250.DI
CAR,NISSAN,MAGNITE ACENTA BR10,INDIA,PETROL,999.0,MATARA,BRAND NEW,1,,MAGNITE ACENTA BR10
LAND VEHICLE (SMALL),VIKYNO,RV125-2,VIETNAM,DIESEL,624.0,PUTTALAM,BRAND NEW,1,RV125-2,Unknown
MOTOR CYCLE,LUYUAN,S90 PLUS,CHINA,ELECTRIC,1.5,AMPARA,BRAND NEW,2,,S90 PLUS
CAR,TOYOTA,A250RA-GBVV RAIZE,INDONESIA,PETROL,998.0,KEGALLE,BRAND NEW,1,,A250RA-GBVV RAIZE
CAR,BYD,SEALION 6 SUPERIOR,CHINA,PETROL/ELE,1498.0,KEGALLE,BRAND NEW,1,,SEALION 6 SUPERIOR
MOTOR CYCLE,MM,CRUISER  V.1,CHINA,ELECTRIC,2.0,COLOMBO,BRAND NEW,1,,CRUISER  V.1
MOTOR CYCLE,HUAIHAI,HUAIHAI,CHINA,ELECTRIC,2.0,GALLE,BRAND NEW,1,,HUAIHAI
MOTOR CYCLE,LUYUAN,MNK3,CHINA,ELECTRIC,1.5,GAMPAHA,BRAND NEW,2,,MNK3
MOTOR CYCLE,TVS,NTORQ 125,SRI LANKA,PETROL,124.8,KEGALLE,BRAND NEW,1,,NTORQ 125
LAND VEHICLE,TAFE,45DI,INDIA,DIESEL,2500.0,HAMBANTOTA,BRAND NEW,1,,45DI
SPECIAL PURPOSE VEHICLE,J.C.B,3DX,INDIA,DIESEL,4400.0,JAFFNA,BRAND NEW,1,,3DX
MOTOR CYCLE,ROYAL ENFIELD,CLASSIC 350,INDIA,PETROL,349.0,COLOMBO,BRAND NEW,4,,CLASSIC 350
MOTOR CYCLE,YAMAHA,FZ  VER 2.0,INDIA,PETROL,149.0,MANNAR,BRAND NEW,1,,FZ  VER 2.0
COMMERCIAL,TOYOTA,XZB70R ZGMNY COASTER,JAPAN,DIESEL,4009.0,BADULLA,BRAND NEW,1,,XZB70R ZGMNY COASTER
COMMERCIAL,TOYOTA,HIACE,JAPAN,DIESEL,2755.0,COLOMBO,BRAND NEW,3,,HIACE
CAR,PERODUA,BEZZA,MALAYSIA,PETROL,998.0,RATNAPURA,BRAND NEW,1,,BEZZA
MOTOR CYCLE,YAMAHA,RAY ZR,INDIA,PETROL,113.0,MATALE,BRAND NEW,3,,RAY ZR
MOTOR CYCLE,YAMAHA,RAY ZR,INDIA,PETROL,113.0,MONERAGALA,BRAND NEW,5,,RAY ZR
MOTOR CYCLE,YAMAHA,RAY ZR,INDIA,PETROL,113.0,VAVUNIYA,BRAND NEW,1,,RAY ZR
MOTOR CYCLE,YAMAHA,FZ  VER 2.0,INDIA,PETROL,149.0,BADULLA,BRAND NEW,1,,FZ  VER 2.0
CAR,JETOUR,X70 PLUS,CHINA,PETROL,1498.0,ANURADHAPURA,BRAND NEW,1,,X70 PLUS
MOTOR CYCLE,OYFLY,TDM BO2,CHINA,ELECTRIC,1.0,MATARA,BRAND NEW,1,,TDM BO2
CAR,PERODUA,BEZZA,MALAYSIA,PETROL,998.0,BADULLA,BRAND NEW,1,,BEZZA
CAR,CHANGAN,LUMIN,CHINA,ELECTRIC,35.0,KALUTARA,BRAND NEW,1,,LUMIN
MOTOR CYCLE,LUYUAN,M-MHH-Z30LJ,CHINA,ELECTRIC,2.0,GALLE,BRAND NEW,1,,M-MHH-Z30LJ
MOTOR CYCLE,YAMAHA,RAY ZR STREET RALLY,INDIA,PETROL,113.0,KEGALLE,BRAND NEW,1,,RAY ZR STREET RALLY
MOTOR CYCLE,QUANLE,Q1,CHINA,ELECTRIC,1.2,KALUTARA,BRAND NEW,1,,Q1
CAR,BYD,DOLPHIN-DYNAMIC 70,CHINA,ELECTRIC,70.0,POLONNARUWA,BRAND NEW,1,,DOLPHIN-DYNAMIC 70
SPECIAL PURPOSE VEHICLE,TOYOTA,FDZN 25,CHINA,DIESEL,2486.0,GAMPAHA,BRAND NEW,1,,FDZN 25
MOTOR CYCLE,TVS,TVS XL 100,SRI LANKA,PETROL,99.7,GAMPAHA,BRAND NEW-L/ASSEMBLE,16,,TVS XL 100
MOTOR CYCLE,TVS,TVS XL 100,SRI LANKA,PETROL,99.7,POLONNARUWA,BRAND NEW-L/ASSEMBLE,32,,TVS XL 100
MOTOR CYCLE,TVS,TVS RAIDER 125,SRI LANKA,PETROL,124.79,GALLE,BRAND NEW-L/ASSEMBLE,26,,TVS RAIDER 125
MOTOR CYCLE,TVS,TVS XL 100,SRI LANKA,PETROL,99.7,PUTTALAM,BRAND NEW-L/ASSEMBLE,30,,TVS XL 100
MOTOR CYCLE,TVS,TVS NTORQ 125 CC,INDIA,PETROL,124.8,JAFFNA,BRAND NEW-L/ASSEMBLE,1,,TVS NTORQ 125 CC
MOTOR CYCLE,TVS,NTORQ 125,SRI LANKA,PETROL,124.8,BADULLA,BRAND NEW-L/ASSEMBLE,8,,NTORQ 125
MOTOR CYCLE,BAJAJ,PULSAR N160,SRI LANKA,PETROL,164.82,RATNAPURA,BRAND NEW-L/ASSEMBLE,30,,PULSAR N160
MOTOR CYCLE,BAJAJ,PULSAR N160,SRI LANKA,PETROL,164.82,KANDY,BRAND NEW-L/ASSEMBLE,20,,PULSAR N160
MOTOR CYCLE,BAJAJ,DISCOVER 125,SRI LANKA,PETROL,124.5,TRINCOMALEE,BRAND NEW-L/ASSEMBLE,20,,DISCOVER 125
CAR,BAIC,X55II HONOR,SRI LANKA,PETROL,1498.0,COLOMBO,BRAND NEW-L/ASSEMBLE,1,,X55II HONOR
MOTOR CYCLE,BAJAJ,DISCOVER 125,SRI LANKA,PETROL,124.5,KEGALLE,BRAND NEW-L/ASSEMBLE,18,,DISCOVER 125
MOTOR CYCLE,RANOMOTO,MOPED SUPER,SRI LANKA,PETROL,49.0,MONERAGALA,BRAND NEW-L/ASSEMBLE,12,,MOPED SUPER
MOTOR CYCLE,BAJAJ,PULSAR N160,SRI LANKA,PETROL,164.82,VAVUNIYA,BRAND NEW-L/ASSEMBLE,8,,PULSAR N160
MOTOR CYCLE,RANOMOTO,MOPED SUPER,SRI LANKA,PETROL,49.0,PUTTALAM,BRAND NEW-L/ASSEMBLE,3,,MOPED SUPER
MOTOR LORRY (COMMERCIAL),LANKA ASHOK LEYLAND,TAURUS 2518,SRI LANKA,DIESEL,5759.0,GAMPAHA,BRAND NEW-L/ASSEMBLE,3,,TAURUS 2518
MOTOR CYCLE,BAJAJ,PULSAR N160,SRI LANKA,PETROL,164.82,KILINOCHCHI,BRAND NEW-L/ASSEMBLE,6,,PULSAR N160
MOTOR CYCLE,BAJAJ,PULSAR N160,SRI LANKA,PETROL,164.82,MATALE,BRAND NEW-L/ASSEMBLE,6,,PULSAR N160
MOTOR CYCLE,TVS,TVS RAIDER 125,SRI LANKA,PETROL,124.79,JAFFNA,BRAND NEW-L/ASSEMBLE,5,,TVS RAIDER 125
SINGLE CAB,TATA,ACE HT2,SRI LANKA,DIESEL,702.0,COLOMBO,BRAND NEW-L/ASSEMBLE,2,,ACE HT2
SINGLE CAB,MAHINDRA,BOLERO CITY PICKUP,SRI LANKA,DIESEL,2523.0,KILINOCHCHI,BRAND NEW-L/ASSEMBLE,1,,BOLERO CITY PICKUP
SINGLE CAB,MAHINDRA,BOLERO CITY PICK UP,SRI LANKA,DIESEL,2523.0,KEGALLE,BRAND NEW-L/ASSEMBLE,1,,BOLERO CITY PICK UP
MOTOR LORRY (COMMERCIAL),LANKA ASHOK LEYLAND,TUSKER SUPER 1618,SRI LANKA,DIESEL,5759.0,KANDY,BRAND NEW-L/ASSEMBLE,1,,TUSKER SUPER 1618
MOTOR CYCLE,TVS,TVS NTORQ 125 CC,INDIA,PETROL,124.8,COLOMBO,BRAND NEW-L/ASSEMBLE,1,,TVS NTORQ 125 CC
MOTOR CYCLE,TVS,NTORQ 125,SRI LANKA,PETROL,124.8,PUTTALAM,BRAND NEW-L/ASSEMBLE,73,,NTORQ 125
CAR,HYUNDAI,GRAND I10,SRI LANKA,PETROL,1197.0,GALLE,BRAND NEW-L/ASSEMBLE,1,,GRAND I10
MOTOR CYCLE,LENCAR,ERC80,SRI LANKA,ELECTRIC,1.2,GAMPAHA,BRAND NEW-L/ASSEMBLE,3,,ERC80
MOTOR CYCLE,BAJAJ,PULSAR N 125,INDIA,PETROL,124.58,AMPARA,BRAND NEW-L/ASSEMBLE,1,,PULSAR N 125
CAR,SUZUKI,5AA-MH95S CUSTOM Z,JAPAN,PETROL,650.0,KALUTARA,RECONDITIONED,1,5AA-MH95S,CUSTOM Z
CAR,TOYOTA,5AA-A202A RAIZE,JAPAN,PETROL/ELE,78.0,RATNAPURA,RECONDITIONED,3,5AA-A202A,RAIZE
CAR,LAND ROVER,DEFENDER P400E,UNITED KINGDOM,PETROL/ELE,2000.0,KURUNEGALA,RECONDITIONED,1,,DEFENDER P400E
CAR,NISSAN,ALMERA VL,THAILAND,PETROL,999.0,GALLE,RECONDITIONED,1,,ALMERA VL
CAR,TOYOTA,6BA-MXUA80 HARRIER,JAPAN,PETROL,1986.0,GAMPAHA,RECONDITIONED,3,6BA-MXUA80,HARRIER
CAR,SUZUKI,5BA-DA17V EVERY,JAPAN,PETROL,658.0,COLOMBO,RECONDITIONED,1,5BA-DA17V,EVERY
CAR,DAIHATSU,5BA-LA350S MIRA,JAPAN,PETROL,658.0,HAMBANTOTA,RECONDITIONED,2,5BA-LA350S,MIRA
MOTOR CYCLE,HONDA,FORZA,JAPAN,PETROL,249.0,KANDY,RECONDITIONED,1,,FORZA
CAR,NISSAN,5AA-B44A ROOX,JAPAN,PETROL,658.0,BADULLA,RECONDITIONED,1,5AA-B44A,ROOX
CAR,TOYOTA,6AA-MXPJ10 YARIS,JAPAN,PETROL,1496.0,JAFFNA,RECONDITIONED,1,6AA-MXPJ10,YARIS
CAR,DAIHATSU,4BA-M900S THOR,JAPAN,PETROL,996.0,KANDY,RECONDITIONED,3,4BA-M900S,THOR
CAR,FORD,MUSTANG,AUSTRALIA,PETROL,2299.0,RATNAPURA,RECONDITIONED,1,,MUSTANG
CAR,TOYOTA,6AA-MXPJ10 YARIS,JAPAN,PETROL,1496.0,COLOMBO,RECONDITIONED,2,6AA-MXPJ10,YARIS
CAR,NISSAN,5BD-DR17V CLIPPER,JAPAN,PETROL,658.0,MONERAGALA,RECONDITIONED,1,5BD-DR17V,CLIPPER
CAR,SUZUKI,5AA-MH95S WAGON R,JAPAN,PETROL/ELE,658.0,GALLE,RECONDITIONED,3,5AA-MH95S,WAGON R
CAR,DAIHATSU,5BA-LA350S MIRA E.S,JAPAN,PETROL,658.0,KALUTARA,RECONDITIONED,4,5BA-LA350S,MIRA E.S
SINGLE CAB,SUZUKI,3BD-DA16T,JAPAN,PETROL,650.0,KALUTARA,RECONDITIONED,1,3BD-DA16T,CARTRY
CAR,TOYOTA,4BA-M900A ROOMY,JAPAN,PETROL,996.0,MATALE,RECONDITIONED,1,4BA-M900A,ROOMY
CAR,TOYOTA,3BA-NGX10 CH-R,JAPAN,PETROL,1196.0,KURUNEGALA,RECONDITIONED,2,3BA-NGX10,CH-R
MOTOR CYCLE,HONDA,ADV 160,JAPAN,PETROL,157.0,MATARA,RECONDITIONED,1,,ADV 160
CAR,SUZUKI,5BA-MH85S WAGON R,JAPAN,PETROL,656.0,MATARA,RECONDITIONED,3,5BA-MH85S,WAGON R
CAR,SUZUKI,5AA-HA97S ALTO,JAPAN,PETROL,658.0,KANDY,RECONDITIONED,2,5AA-HA97S,ALTO
CAR,DAIHATSU,5BA-LA350S MIRA ES,JAPAN,PETROL,658.0,KEGALLE,RECONDITIONED,3,5BA-LA350S,MIRA ES
SINGLE CAB,SUZUKI,3BD-DA16T CARRY,JAPAN,PETROL,658.0,NUWARA-ELIYA,RECONDITIONED,2,3BD-DA16T,CARRY
DUAL PURPOSE (COMMERCIAL),TOYOTA,3DF-GUN125 HILUX,THAILAND,DIESEL,2393.0,POLONNARUWA,RECONDITIONED,1,3DF-GUN125,HILUX
CAR,NISSAN MT,DBA-K13 MARCH,JAPAN,PETROL,1190.0,VAVUNIYA,RECONDITIONED,1,DBA-K13,MARCH
CAR,NISSAN,5AA-B44W,JAPAN,PETROL,658.0,KURUNEGALA,RECONDITIONED,1,5AA-B44W,DAYS
SPECIAL PURPOSE VEHICLE,TADANO,TR-100M-1-00101,JAPAN,DIESEL,4009.0,COLOMBO,RECONDITIONED,1,TR-100M-1-00101,Unknown
CAR,TOYOTA,4BA-M900A ROOMY,JAPAN,PETROL,996.0,KANDY,RECONDITIONED,4,4BA-M900A,ROOMY
CAR,SUZUKI,3BA-HA37S ALTO,JAPAN,PETROL,658.0,KALUTARA,RECONDITIONED,1,3BA-HA37S,ALTO
DUAL PURPOSE (COMMERCIAL),FORD,RANGER RAPTOR 3.OL,THAILAND,PETROL,2956.0,KANDY,RECONDITIONED,1,,RANGER RAPTOR 3.OL
CAR,SUZUKI,4AA-MK54S SPACIA,JAPAN,PETROL,658.0,KALUTARA,RECONDITIONED,1,4AA-MK54S,SPACIA
SINGLE CAB,SUZUKI,3BD-DA16T CARRY,JAPAN,PETROL,658.0,KANDY,RECONDITIONED,2,3BD-DA16T,CARRY
CAR,TOYOTA,6AA-MXPJ10 YARIS,JAPAN,PETROL/ELE,1490.0,GALLE,RECONDITIONED,1,6AA-MXPJ10,YARIS
CAR,SUZUKI,5AA-MH95S WGON R,JAPAN,PETROL,658.0,GAMPAHA,RECONDITIONED,1,5AA-MH95S,WGON R
SINGLE CAB,SUZUKI,3BD-DA16T CARRY,JAPAN,PETROL,658.0,TRINCOMALEE,RECONDITIONED,1,3BD-DA16T,CARRY
CAR,DAIHATSU,5BA-LA900S TAFT,JAPAN,PETROL,650.0,COLOMBO,RECONDITIONED,1,5BA-LA900S,TAFT
DUAL PURPOSE (COMMERCIAL),TOYOTA,HILUX REVO,THAILAND,DIESEL,2755.0,COLOMBO,RECONDITIONED,2,,HILUX REVO
CAR,SUZUKI,5BA-MH85S WAGON R,JAPAN,PETROL,656.0,KALUTARA,RECONDITIONED,1,5BA-MH85S,WAGON R
CAR,SUZUKI,5BA-MH85S WAGON R,JAPAN,PETROL,656.0,HAMBANTOTA,RECONDITIONED,1,5BA-MH85S,WAGON R
MOTOR CYCLE,HONDA,C 50 CUSTOM,JAPAN,PETROL,50.0,MATARA,RECONDITIONED,2,,C 50 CUSTOM
CAR,SUZUKI,5AA-MR92S HUSTLER,JAPAN,PETROL/ELE,658.0,KALUTARA,RECONDITIONED,1,5AA-MR92S,HUSTLER
CAR,SUZUKI,5AA-MH95S WAGON R,JAPAN,PETROL/ELE,658.0,JAFFNA,RECONDITIONED,4,5AA-MH95S,WAGON R
CAR,NISSAN,5BD-DR17V,JAPAN,PETROL,658.0,KALUTARA,RECONDITIONED,1,5BD-DR17V,CLIPPER GX
CAR,DAIHATSU,3BD-S700V HIJET,JAPAN,PETROL,658.0,ANURADHAPURA,RECONDITIONED,1,3BD-S700V,HIJET
DUAL PURPOSE (COMMERCIAL),FORD,RANGER RAPTOR,THAILAND,PETROL,2998.0,GAMPAHA,RECONDITIONED,1,,RANGER RAPTOR
SINGLE CAB,TOYOTA,HILUX REVO,THAILAND,DIESEL,2755.0,GALLE,RECONDITIONED,1,,HILUX REVO
CAR,TOYOTA,3DA-GDJ250W-GZZAY,JAPAN,DIESEL,2754.0,GAMPAHA,RECONDITIONED,1,3DA-GDJ250W-GZZAY,Unknown
CAR,SUZUKI,3BA-DA17W EVERY,JAPAN,PETROL,658.0,ANURADHAPURA,RECONDITIONED,1,3BA-DA17W,EVERY
COMMERCIAL,TOYOTA,3DF-GDH223B  HIACE,JAPAN,DIESEL,2754.0,GALLE,RECONDITIONED,1,3DF-GDH223B,HIACE
DUAL PURPOSE (COMMERCIAL),TOYOTA,HILUX GR SPORT,THAILAND,DIESEL,2755.0,GAMPAHA,RECONDITIONED,1,,HILUX GR SPORT
MOTOR CYCLE,HONDA,ADV 160,JAPAN,PETROL,157.0,AMPARA,RECONDITIONED,1,,ADV 160
CAR,SUZUKI,3BA-HA37S ALTO,JAPAN,PETROL,658.0,KURUNEGALA,RECONDITIONED,4,3BA-HA37S,ALTO
CAR,NISSAN,ALMERA,THAILAND,PETROL,999.0,GAMPAHA,RECONDITIONED,1,,ALMERA
SPECIAL PURPOSE VEHICLE,J.C.B,3CX SITE MASTOR,UNITED KINGDOM,DIESEL,3990.0,AMPARA,RECONDITIONED,1,,3CX SITE MASTOR
CAR,SUZUKI,3BA-DA17W EVERY,JAPAN,PETROL,650.0,COLOMBO,RECONDITIONED,1,3BA-DA17W,EVERY
PRIMER MOVER,DAF,XF 480 FTG,UNITED KINGDOM,DIESEL,12902.0,COLOMBO,RECONDITIONED,2,,XF 480 FTG
MOTOR CYCLE,HONDA,PCX 160,VIETNAM,PETROL,157.0,MATARA,RECONDITIONED,1,,PCX 160
CAR,DAIHATSU,5AA-A202S ROCKY,JAPAN,PETROL/ELE,78.0,COLOMBO,RECONDITIONED,2,5AA-A202S,ROCKY
CAR,B.M.W.,ZAA-32FK45 I5 EDRIVE,GERMANY,ELECTRIC,250.0,MATARA,RECONDITIONED,1,ZAA-32FK45,I5 EDRIVE
CAR,TOYOTA,3BA-A210A RAIZE,JAPAN,PETROL,998.0,COLOMBO,RECONDITIONED,1,3BA-A210A,RAIZE
CAR,AUDI,A3-30TFSI LINE,UNITED KINGDOM,PETROL,999.0,COLOMBO,RECONDITIONED,1,A3-30TFSI,LINE
CAR,SUZUKI,5AA-HA97S,JAPAN,PETROL/ELE,657.0,COLOMBO,RECONDITIONED,1,5AA-HA97S,Unknown
CAR,TOYOTA,5BA-KSP210,JAPAN,PETROL,996.0,GAMPAHA,RECONDITIONED,1,5BA-KSP210,YARIS  X
CAR,SUZUKI,5AA-MH95S WAGON R,JAPAN,PETROL/ELE,657.0,COLOMBO,RECONDITIONED,4,5AA-MH95S,WAGON R
CAR,TOYOTA,5BA-KSP210  YARIS,JAPAN,PETROL,996.0,KALUTARA,RECONDITIONED,2,5BA-KSP210,YARIS
CAR,TOYOTA,4BA-M900A ROOMY,JAPAN,PETROL,996.0,KALUTARA,RECONDITIONED,3,4BA-M900A,ROOMY
CAR,SUZUKI,5BD-DA17V,JAPAN,PETROL,658.0,KALUTARA,RECONDITIONED,1,5BD-DA17V,EVERY
SPECIAL PURPOSE VEHICLE,J.C.B,3CX BACKHOE LOADER,UNITED KINGDOM,DIESEL,3990.0,COLOMBO,RECONDITIONED,1,,3CX BACKHOE LOADER
CAR,TOYOTA,6AA-AAHH40W ALPHAD,JAPAN,PETROL/ELE,2487.0,GAMPAHA,RECONDITIONED,1,6AA-AAHH40W,ALPHAD
MOTOR CYCLE,HONDA,PCX125,JAPAN,PETROL,159.0,POLONNARUWA,RECONDITIONED,1,,PCX125
CAR,SUZUKI,5AA-MH95S  WAGON R,JAPAN,PETROL,658.0,ANURADHAPURA,RECONDITIONED,1,5AA-MH95S,WAGON R
CAR,DAIHATSU,5BA-LA350S MIRA ES,JAPAN,PETROL,650.0,GAMPAHA,RECONDITIONED,1,5BA-LA350S,MIRA ES
CAR,SUZUKI,4AA-MK54S SPACIA,JAPAN,PETROL,658.0,MATALE,RECONDITIONED,1,4AA-MK54S,SPACIA
CAR,SUZUKI,5AA-HA97S  ALTO,JAPAN,PETROL,658.0,COLOMBO,RECONDITIONED,1,5AA-HA97S,ALTO
CAR,SUZUKI,5AA-MH95S WAGON R,JAPAN,PETROL,656.0,COLOMBO,RECONDITIONED,1,5AA-MH95S,WAGON R
CAR,SUZUKI,3BD-DA17V EVERY,JAPAN,PETROL,656.0,KURUNEGALA,RECONDITIONED,1,3BD-DA17V,EVERY
COMMERCIAL,TOYOTA,COMMUTER,THAILAND,DIESEL,2755.0,JAFFNA,RECONDITIONED,2,,COMMUTER
CAR,MAZDA,5AA-MJ95S FLAIR,JAPAN,PETROL/ELE,658.0,KALUTARA,RECONDITIONED,1,5AA-MJ95S,FLAIR
DUAL PURPOSE (COMMERCIAL),TOYOTA,HILUX GR SPORT,THAILAND,DIESEL,2755.0,COLOMBO,RECONDITIONED,1,,HILUX GR SPORT
CAR,NISSAN,5BD-DA17V CLIPPER,JAPAN,PETROL,658.0,KANDY,RECONDITIONED,1,5BD-DA17V,CLIPPER
CAR,LEXUS,5AA-TAWH15W LM500H,JAPAN,PETROL/ELE,2393.0,COLOMBO,RECONDITIONED,1,5AA-TAWH15W,LM500H
CAR,MITSUBISHI,ECLIPSE CROSS EXCEED,AUSTRALIA,PETROL,1499.0,MATARA,RECONDITIONED,1,,ECLIPSE CROSS EXCEED
CAR,LEXUS,5AA-TALH17 RX500H,JAPAN,PETROL/ELE,2393.0,COLOMBO,RECONDITIONED,1,5AA-TALH17,RX500H
CAR,HONDA,6AA RV5 VEZEL,JAPAN,PETROL/ELE,1496.0,GAMPAHA,RECONDITIONED,1,,6AA RV5 VEZEL
CAR,TOYOTA,5AA-A202A,JAPAN,PETROL/ELE,78.0,MULLATIVU,RECONDITIONED,1,5AA-A202A,RAIZE
MOTOR CYCLE,HONDA,ADV,JAPAN,PETROL,156.0,COLOMBO,RECONDITIONED,1,,ADV
LAND VEHICLE (SMALL),KUBOTA,K7,JAPAN,DIESEL,401.0,KURUNEGALA,RECONDITIONED,1,,K7
CAR,TOYOTA,3BA-VJA300W,JAPAN,PETROL,3444.0,MATARA,RECONDITIONED,1,3BA-VJA300W,Unknown
CAR,MITSUBISHI,5AA-B34W EK X,JAPAN,PETROL/ELE,658.0,COLOMBO,RECONDITIONED,1,5AA-B34W,EK X
CAR,DAIHATSU,5BA-LA900S  TAFT,JAPAN,PETROL,658.0,KANDY,RECONDITIONED,1,5BA-LA900S,TAFT
DUAL PURPOSE (COMMERCIAL),TOYOTA,REVO ROCCO,THAILAND,DIESEL,2755.0,RATNAPURA,RECONDITIONED,1,,REVO ROCCO
CAR,NISSAN,ALMERA,THAILAND,PETROL,999.0,BADULLA,RECONDITIONED,1,,ALMERA
CAR,LEXUS,6AA-MAYH10,JAPAN,PETROL,1490.0,KANDY,RECONDITIONED,1,6AA-MAYH10,LBX
CAR,SUZUKI,5BA-MH85S WAGON R,JAPAN,PETROL/ELE,658.0,GALLE,RECONDITIONED,1,5BA-MH85S,WAGON R
CAR,DAIHATSU,5BA-LA350S MIRA ES,JAPAN,PETROL,658.0,MATARA,RECONDITIONED,1,5BA-LA350S,MIRA ES
CAR,TOYOTA,5AA-A202A  RAIZE,JAPAN,PETROL/ELE,1196.0,GAMPAHA,RECONDITIONED,1,5AA-A202A,RAIZE
CAR,LAND ROVER,RANGE ROVER P400,UNITED KINGDOM,PETROL,3000.0,COLOMBO,RECONDITIONED,1,,RANGE ROVER P400
CAR,SUZUKI,3BD-DA17W EVERY,JAPAN,PETROL,658.0,KURUNEGALA,RECONDITIONED,1,3BD-DA17W,EVERY
CAR,SUZUKI,4AA-MH55S WAGON R,JAPAN,PETROL,658.0,GALLE,RECONDITIONED,1,4AA-MH55S,WAGON R
COMMERCIAL,NISSAN,PDG-EHW41 CIVILLIAN,JAPAN,DIESEL,2950.0,KANDY,RECONDITIONED,1,PDG-EHW41,CIVILLIAN
CAR,TOYOTA,3BA-VJA300W,JAPAN,PETROL,3444.0,HAMBANTOTA,RECONDITIONED,1,3BA-VJA300W,Unknown
CAR,HONDA,CRV,AUSTRALIA,PETROL,1499.0,COLOMBO,RECONDITIONED,1,,CRV
LAND VEHICLE (SMALL),KUBOTA,K600A,JAPAN,DIESEL,422.0,ANURADHAPURA,RECONDITIONED,1,,K600A
CAR,SUZUKI,5BA-MH85S WAGON R,JAPAN,PETROL,656.0,BADULLA,RECONDITIONED,1,5BA-MH85S,WAGON R
MOTOR CYCLE,HONDA,C50,JAPAN,PETROL,50.0,KURUNEGALA,RECONDITIONED,1,,C50
CAR,SUZUKI,5AA-MK53S SPACIA,JAPAN,PETROL/ELE,658.0,MATALE,RECONDITIONED,1,5AA-MK53S,SPACIA
CAR,B.M.W.,ZAA-32FK45 I5,GERMANY,ELECTRIC,250.0,COLOMBO,RECONDITIONED,1,ZAA-32FK45,I5
CAR,SUZUKI,5AA-MK94S SPACIA,JAPAN,PETROL,658.0,GALLE,RECONDITIONED,2,5AA-MK94S,SPACIA
CAR,HONDA,CITY RS,THAILAND,PETROL,998.0,GAMPAHA,RECONDITIONED,1,,CITY RS
CAR,DAIHATSU,5AA-A202S ROCKY,JAPAN,PETROL/ELE,78.0,KANDY,RECONDITIONED,1,5AA-A202S,ROCKY
CAR,SUZUKI,5AA-MH95S WAGON R,JAPAN,PETROL,658.0,VAVUNIYA,RECONDITIONED,1,5AA-MH95S,WAGON R
MOTOR CYCLE,HONDA,PCX160,JAPAN,PETROL,157.0,BADULLA,RECONDITIONED,1,,PCX160
CAR,MERCEDES BENZ,4AA-213077C,GERMANY,PETROL,1490.0,COLOMBO,RECONDITIONED,1,4AA-213077C,E200
CAR,SUZUKI,5AA-MK94S SPACIA,JAPAN,PETROL/ELE,657.0,KILINOCHCHI,RECONDITIONED,1,5AA-MK94S,SPACIA
CAR,HONDA,6AA-RV5  VEZEL,JAPAN,PETROL/ELE,1496.0,KALUTARA,RECONDITIONED,1,6AA-RV5,VEZEL
CAR,NISSAN,5AA-B44W DAYS,JAPAN,PETROL,658.0,KANDY,RECONDITIONED,1,5AA-B44W,DAYS
CAR,SUZUKI,3BD-DA17V EVERY,JAPAN,PETROL,656.0,BADULLA,RECONDITIONED,1,3BD-DA17V,EVERY
CAR,HONDA,CRV VTIL7,AUSTRALIA,PETROL,1498.0,MATALE,RECONDITIONED,1,,CRV VTIL7
CAR,NISSAN,3BA-DA17W CLIPPER,JAPAN,PETROL,658.0,KANDY,RECONDITIONED,1,3BA-DA17W,CLIPPER
CAR,TOYOTA,6AA-ZWR90W VOXY,JAPAN,PETROL/ELE,1797.0,GAMPAHA,RECONDITIONED,1,6AA-ZWR90W,VOXY
DUAL PURPOSE (COMMERCIAL),TOYOTA,3DF-GUN125,THAILAND,DIESEL,2393.0,KANDY,RECONDITIONED,1,3DF-GUN125,HILUX
CAR,B.M.W.,520 I  M SPORT,GERMANY,PETROL/ELE,1998.0,COLOMBO,RECONDITIONED,1,,520 I  M SPORT
DUAL PURPOSE (COMMERCIAL),MITSUBISHI,3DF-LC2T TRITON,THAILAND,DIESEL,2430.0,KANDY,RECONDITIONED,1,3DF-LC2T,TRITON
CAR,BYD,ATTO3,THAILAND,ELECTRIC,150.0,ANURADHAPURA,RECONDITIONED,1,,ATTO3
MOTOR LORRY (COMMERCIAL),ISUZU,TRG-NPR85  ELF,JAPAN,DIESEL,2990.0,PUTTALAM,RECONDITIONED,1,TRG-NPR85,ELF
MOTOR CYCLE,HONDA,PCX160,JAPAN,PETROL,156.0,GAMPAHA,RECONDITIONED,1,,PCX160
CAR,SUZUKI,5AA-MH95S,JAPAN,PETROL/ELE,658.0,KURUNEGALA,RECONDITIONED,1,5AA-MH95S,WAGNON R
DUAL PURPOSE (COMMERCIAL),FORD,RAPTOR RANGER,THAILAND,DIESEL,1996.0,GAMPAHA,RECONDITIONED,1,,RAPTOR RANGER
CAR,TOYOTA,6AA-MKPK11 AQUA,JAPAN,PETROL/ELE,1490.0,GAMPAHA,RECONDITIONED,1,6AA-MKPK11,AQUA
CAR,TOYOTA,5BA-KSP 210  YARIS,JAPAN,PETROL,996.0,ANURADHAPURA,RECONDITIONED,1,5BA-KSP,210  YARIS
CAR,DAIHATSU,5BA-LA650S TANTO,JAPAN,PETROL,658.0,KALUTARA,RECONDITIONED,1,5BA-LA650S,TANTO
SPECIAL PURPOSE VEHICLE,KOMATSU,GD405A-2MOTOR GRADER,JAPAN,DIESEL,4900.0,ANURADHAPURA,RECONDITIONED,1,,GD405A-2MOTOR GRADER
CAR,MAZDA,5AA-MM53S FLAIR,JAPAN,PETROL,658.0,GAMPAHA,RECONDITIONED,1,5AA-MM53S,FLAIR
DUAL PURPOSE (COMMERCIAL),TOYOTA,3DF-GUN125 HILUX,JAPAN,DIESEL,2393.0,RATNAPURA,RECONDITIONED,1,3DF-GUN125,HILUX
SINGLE CAB,SUZUKI,3BD-DA17T CARRY,JAPAN,PETROL,658.0,PUTTALAM,RECONDITIONED,1,3BD-DA17T,CARRY
CAR,DAIHATSU,5BALA900S TAFT,JAPAN,PETROL,658.0,GAMPAHA,RECONDITIONED,1,,5BALA900S TAFT
CAR,TOYOTA,3BA-VJA300W,JAPAN,PETROL,3444.0,AMPARA,RECONDITIONED,1,3BA-VJA300W,Unknown
CAR,SUZUKI,5AA-MR92S HUSTLER,JAPAN,PETROL/ELE,656.0,KANDY,RECONDITIONED,1,5AA-MR92S,HUSTLER
MOTOR CYCLE,RISE,LEADER R 100,SRI LANKA,ELECTRIC,2.0,ANURADHAPURA,BRAND NEW-L/MANUFACT,4,,LEADER R 100
MOTOR CYCLE,RISE,LEADER R80,SRI LANKA,ELECTRIC,2.0,MATALE,BRAND NEW-L/MANUFACT,2,,LEADER R80
MOTOR CYCLE,RISE,LEADER R 100,SRI LANKA,ELECTRIC,2.0,GAMPAHA,BRAND NEW-L/MANUFACT,1,,LEADER R 100
MOTOR CYCLE,RISE,LEADER,SRI LANKA,ELECTRIC,2.0,HAMBANTOTA,BRAND NEW-L/MANUFACT,1,,LEADER
MOTOR CYCLE,GALLANT,TM-70,SRI LANKA,PETROL,70.0,GAMPAHA,BRAND NEW-L/MANUFACT,1,TM-70,Unknown
TRACTOR TRAILER/BOWSER,LOCALLY BUILT,TRACTOR TRAILER,SRI LANKA,NOT STATED,0.0,KURUNEGALA,LOCALLY BUILT,13,,TRACTOR TRAILER
TRACTOR TRAILER/BOWSER,LOCALLY BUILT,TRACTOR TRAILER,SRI LANKA,NOT STATED,0.0,GAMPAHA,LOCALLY BUILT,3,,TRACTOR TRAILER
TRACTOR TRAILER/BOWSER,LOCALLY BUILT,TRACTOR TRAILER,SRI LANKA,NOT STATED,0.0,HAMBANTOTA,LOCALLY BUILT,19,,TRACTOR TRAILER
TRACTOR TRAILER/BOWSER,LOCALLY BUILT,TRACTOR TRAILER,SRI LANKA,NOT STATED,0.0,VAVUNIYA,LOCALLY BUILT,6,,TRACTOR TRAILER
TRACTOR TRAILER/BOWSER,LOCALLY BUILT,TRACTOR TRAILER,SRI LANKA,NOT STATED,0.0,TRINCOMALEE,LOCALLY BUILT,4,,TRACTOR TRAILER
CAR,CADILLAC,ESCALADE,U.S.A,PETROL,6200.0,COLOMBO,BOUGHT FROM AUCTION,1,,ESCALADE
TRACTOR TRAILER/BOWSER,SAMFAB,5M320JS-BOAT CARRIER,SRI LANKA,NOT STATED,0.0,COLOMBO,LOCALLY BUILT,1,,5M320JS-BOAT CARRIER
MOTOR CYCLE,QUANLE,ZL,CHINA,ELECTRIC,2.0,KURUNEGALA,BRAND NEW,10,,ZL
LAND VEHICLE,YANMAR,YM358R,THAILAND,DIESEL,3319.0,KURUNEGALA,BRAND NEW,2,,YM358R
MOTOR CYCLE,TVS,IQUBE,INDIA,ELECTRIC,3.34,COLOMBO,BRAND NEW,24,,IQUBE
SINGLE CAB,MAHINDRA,BOLERO CITY PICKUP,INDIA,DIESEL,2523.0,GALLE,BRAND NEW,1,,BOLERO CITY PICKUP
MOTOR CYCLE,TVS,TVS NTORQ 125 CC,INDIA,PETROL,124.8,MONERAGALA,BRAND NEW,24,,TVS NTORQ 125 CC
THREE WHEELER,BAJAJ,RE 4S AUTORICKSHAW,INDIA,PETROL,237.0,KANDY,BRAND NEW,77,,RE 4S AUTORICKSHAW
LAND VEHICLE,MAHINDRA,YUVO TECH PLUS 575DI,INDIA,DIESEL,2979.0,ANURADHAPURA,BRAND NEW,15,,YUVO TECH PLUS 575DI
CAR,BYD,SEALION 6 SUPERIOR,CHINA,PETROL/ELE,1498.0,KALUTARA,BRAND NEW,22,,SEALION 6 SUPERIOR
PRIMER MOVER,LANKA ASHOK LEYLAND,U4019,INDIA,DIESEL,5759.0,COLOMBO,BRAND NEW,1,,U4019
LAND VEHICLE,MAHINDRA,YUVO TECH PLUS 575DI,INDIA,DIESEL,2979.0,JAFFNA,BRAND NEW,10,,YUVO TECH PLUS 575DI
COMMERCIAL,TATA,LP 712,INDIA,DIESEL,3783.0,HAMBANTOTA,BRAND NEW,1,,LP 712
LAND VEHICLE,MAHINDRA,YUVO TECH PLUS 575DI,INDIA,DIESEL,2979.0,KILINOCHCHI,BRAND NEW,3,,YUVO TECH PLUS 575DI
COMMERCIAL,LANKA ASHOK LEYLAND,LUXURA 12M,INDIA,DIESEL,6014.0,ANURADHAPURA,BRAND NEW,1,,LUXURA 12M
MOTOR CYCLE,RANOMOTO,GN125H,CHINA,PETROL,124.0,AMPARA,BRAND NEW,40,,GN125H
MOTOR CYCLE,LIMA,ELO-07,CHINA,ELECTRIC,1.5,MATARA,BRAND NEW,1,ELO-07,Unknown
MOTOR CYCLE,LIMA,ELO-07,CHINA,ELECTRIC,1.5,RATNAPURA,BRAND NEW,7,ELO-07,Unknown
MOTOR CYCLE,BAJAJ,PULSAR N 160,INDIA,PETROL,164.32,TRINCOMALEE,BRAND NEW,30,,PULSAR N 160
MOTOR CYCLE,BAJAJ,PULSAR N 125,INDIA,PETROL,124.58,PUTTALAM,BRAND NEW,87,,PULSAR N 125
MOTOR CYCLE,YADEA,RUIBIN,CHINA,ELECTRIC,0.8,GAMPAHA,BRAND NEW,6,,RUIBIN
MOTOR CYCLE,YADEA,T5,CHINA,ELECTRIC,1.2,ANURADHAPURA,BRAND NEW,152,,T5
MOTOR CYCLE,BAJAJ,PULSAR N 160,INDIA,PETROL,164.32,RATNAPURA,BRAND NEW,40,,PULSAR N 160
MOTOR CYCLE,BAJAJ,PULSAR N 125,INDIA,PETROL,124.58,NUWARA-ELIYA,BRAND NEW,15,,PULSAR N 125
MOTOR CYCLE,BAJAJ,PULSAR N 125,INDIA,PETROL,124.58,POLONNARUWA,BRAND NEW,30,,PULSAR N 125
MOTOR CYCLE,BAJAJ,PULSAR N 125,INDIA,PETROL,124.58,BATTICALOA,BRAND NEW,25,,PULSAR N 125
MOTOR CYCLE,BAJAJ,PULSAR NS 200,INDIA,PETROL,199.5,VAVUNIYA,BRAND NEW,3,,PULSAR NS 200
CAR,KIA,SONET,INDIA,PETROL,998.0,KURUNEGALA,BRAND NEW,4,,SONET
CAR,KIA,SONET,INDIA,PETROL,998.0,COLOMBO,BRAND NEW,53,,SONET
CAR,BYD,ATTO 3-SUPERIOR,CHINA,ELECTRIC,100.0,COLOMBO,BRAND NEW,1,,ATTO 3-SUPERIOR
MOTOR CYCLE,NWOW,SE,CHINA,ELECTRIC,0.8,COLOMBO,BRAND NEW,18,,SE
CAR,BYD,ATTO3-ADVANCED,CHINA,ELECTRIC,100.0,GALLE,BRAND NEW,7,ATTO3-ADVANCED,Unknown
MOTOR CYCLE,BAJAJ,PULSAR N 125,INDIA,PETROL,124.58,KILINOCHCHI,BRAND NEW,9,,PULSAR N 125
MOTOR CYCLE,YAMAHA,RAY ZR 125,INDIA,PETROL,125.0,GAMPAHA,BRAND NEW,27,,RAY ZR 125
MOTOR CYCLE,YAMAHA,RAY ZR 125,INDIA,PETROL,125.0,PUTTALAM,BRAND NEW,4,,RAY ZR 125
MOTOR CYCLE,YAMAHA,RAY ZRSTREETRALLY125,INDIA,PETROL,125.0,NUWARA-ELIYA,BRAND NEW,5,,RAY ZRSTREETRALLY125
MOTOR CYCLE,YAMAHA,MT 15 VER 2.0,INDIA,PETROL,155.0,KEGALLE,BRAND NEW,1,,MT 15 VER 2.0
CAR,NISSAN,MAGNITE ACENTA BR10,INDIA,PETROL,999.0,COLOMBO,BRAND NEW,4,,MAGNITE ACENTA BR10
LAND VEHICLE (SMALL),VIKYNO,RV125-2,VIETNAM,DIESEL,624.0,KURUNEGALA,BRAND NEW,4,RV125-2,Unknown
LAND VEHICLE (SMALL),VIKYNO,RV125-2,VIETNAM,DIESEL,624.0,POLONNARUWA,BRAND NEW,12,RV125-2,Unknown
MOTOR CYCLE,LIMA,ELO-07,CHINA,ELECTRIC,1.5,MATALE,BRAND NEW,4,ELO-07,Unknown
MOTOR CYCLE,BAJAJ,PULSAR NS 200,INDIA,PETROL,199.5,GALLE,BRAND NEW,15,,PULSAR NS 200
MOTOR CYCLE,YAMAHA,RAY ZR 125,INDIA,PETROL,125.0,POLONNARUWA,BRAND NEW,2,,RAY ZR 125
CAR,BYD,SEALION 6 SUPERIOR,CHINA,PETROL/ELE,1498.0,PUTTALAM,BRAND NEW,9,,SEALION 6 SUPERIOR
MOTOR CYCLE,HONDA,PCX 160 ABS,INDONESIA,PETROL,160.0,KANDY,BRAND NEW,1,,PCX 160 ABS
MOTOR CYCLE,REVOLT,RV 400,INDIA,ELECTRIC,3.0,COLOMBO,BRAND NEW,3,,RV 400
CAR,M.G.,MG S5,CHINA,ELECTRIC,99.0,COLOMBO,BRAND NEW,3,,MG S5
PRIMER MOVER,TATA,SIGNA 5530,INDIA,DIESEL,6702.0,COLOMBO,BRAND NEW,4,,SIGNA 5530
MOTOR CYCLE,LIMA,ELO-07,CHINA,ELECTRIC,1.5,AMPARA,BRAND NEW,1,ELO-07,Unknown
SINGLE CAB,MAHINDRA,BOLERO CITY PICKUP,INDIA,DIESEL,2523.0,HAMBANTOTA,BRAND NEW,1,,BOLERO CITY PICKUP
MOTOR CYCLE,BAJAJ,BYK,INDIA,PETROL,92.0,MATARA,BRAND NEW,2,,BYK
MOTOR CYCLE,BAJAJ,BOXER AR,INDIA,PETROL,100.0,MATARA,BRAND NEW,1,,BOXER AR
MOTOR CYCLE,NWOW,SE,CHINA,ELECTRIC,0.8,KALUTARA,BRAND NEW,3,,SE
MOTOR CYCLE,NWOW,GB2,CHINA,ELECTRIC,0.4,KALUTARA,BRAND NEW,1,,GB2
MOTOR CYCLE,QUANLE,ZL,CHINA,ELECTRIC,2.0,AMPARA,BRAND NEW,3,,ZL
MOTOR CYCLE,QUANLE,G18,CHINA,ELECTRIC,2.0,PUTTALAM,BRAND NEW,4,,G18
MOTOR CYCLE,RANOMOTO,GN125H,CHINA,PETROL,124.0,TRINCOMALEE,BRAND NEW,6,,GN125H
MOTOR CYCLE,YADEA,T5,CHINA,ELECTRIC,1.2,BADULLA,BRAND NEW,11,,T5
MOTOR CYCLE,YADEA,RUIBIN,CHINA,ELECTRIC,0.8,AMPARA,BRAND NEW,6,,RUIBIN
MOTOR CYCLE,YADEA,RUIBIN,CHINA,ELECTRIC,0.8,POLONNARUWA,BRAND NEW,17,,RUIBIN
CAR,PERODUA,AXIA CG1GZ,MALAYSIA,PETROL,998.0,RATNAPURA,BRAND NEW,4,,AXIA CG1GZ
LAND VEHICLE,SONALIKA,D150RX-2WD,INDIA,DIESEL,2893.0,TRINCOMALEE,BRAND NEW,2,,D150RX-2WD
MOTOR CYCLE,HERO,XOOM-110,INDIA,PETROL,110.9,MANNAR,BRAND NEW,18,XOOM-110,Unknown
MOTOR CYCLE,HERO,HF-DELUXE,INDIA,PETROL,97.2,AMPARA,BRAND NEW,18,HF-DELUXE,Unknown
MOTOR CYCLE,HERO,XOOM-110,INDIA,PETROL,110.9,KANDY,BRAND NEW,22,XOOM-110,Unknown
LAND VEHICLE,TAFE,45DI,INDIA,DIESEL,2500.0,TRINCOMALEE,BRAND NEW,5,,45DI
MOTOR CYCLE,YADEA,EZEEGO,CHINA,ELECTRIC,1.2,HAMBANTOTA,BRAND NEW,1,,EZEEGO
MOTOR CYCLE,YADEA,T 9,CHINA,ELECTRIC,2.0,MULLATIVU,BRAND NEW,1,,T 9
LAND VEHICLE,MAHINDRA,YUVO TECH PLUS 585DI,INDIA,DIESEL,2979.0,JAFFNA,BRAND NEW,1,,YUVO TECH PLUS 585DI
CAR,BYD,SEALION 6-SUPERIOR,CHINA,PETROL/ELE,1498.0,GAMPAHA,BRAND NEW,1,,SEALION 6-SUPERIOR
CAR,TOYOTA,A250RA-GBVV RAIZE,INDONESIA,PETROL,998.0,RATNAPURA,BRAND NEW,6,,A250RA-GBVV RAIZE
LAND VEHICLE,SOLIS,5020,INDIA,DIESEL,3067.0,MONERAGALA,BRAND NEW,3,,5020
MOTOR CYCLE,BAJAJ,BOXER CT DELUX,INDIA,PETROL,99.35,MATARA,BRAND NEW,1,,BOXER CT DELUX
CAR,BYD,DOLPHIN-DYNAMIC 70,CHINA,ELECTRIC,70.0,PUTTALAM,BRAND NEW,2,,DOLPHIN-DYNAMIC 70
MOTOR CYCLE,YADEA,T5,CHINA,ELECTRIC,1.2,KANDY,BRAND NEW,5,,T5
MOTOR CYCLE,YADEA,E8S PRO,CHINA,ELECTRIC,2.0,BADULLA,BRAND NEW,1,,E8S PRO
MOTOR CYCLE,YAMAHA,FZ S FI VER 4.0,INDIA,PETROL,149.0,NUWARA-ELIYA,BRAND NEW,2,,FZ S FI VER 4.0
MOTOR CYCLE,YAMAHA,YZF R15 VER 4.0,INDIA,PETROL,155.0,NUWARA-ELIYA,BRAND NEW,1,,YZF R15 VER 4.0
LAND VEHICLE,SWARAJ,855,INDIA,DIESEL,3478.2,MONERAGALA,BRAND NEW,1,,855
LAND VEHICLE,JOHN DEERE,5050D,INDIA,DIESEL,2940.0,ANURADHAPURA,BRAND NEW,1,,5050D
MOTOR CYCLE,NWOW,V11,CHINA,ELECTRIC,1.0,GAMPAHA,BRAND NEW,4,,V11
MOTOR CYCLE,DIMEN,D60,CHINA,ELECTRIC,1.2,ANURADHAPURA,BRAND NEW,1,,D60
MOTOR CYCLE,HERO,HF-DELUXE,INDIA,PETROL,97.2,COLOMBO,BRAND NEW,2,HF-DELUXE,Unknown
MOTOR CYCLE,YAMAHA,RAY ZR 125,INDIA,PETROL,125.0,KILINOCHCHI,BRAND NEW,1,,RAY ZR 125
LAND VEHICLE (SMALL),VIKYNO,RV125-2,VIETNAM,DIESEL,624.0,MATARA,BRAND NEW,3,RV125-2,Unknown
MOTOR CYCLE,YADEA,EPOC H,CHINA,ELECTRIC,2.0,KEGALLE,BRAND NEW,2,,EPOC H
MOTOR CYCLE,QUANLE,ZS,CHINA,ELECTRIC,1.2,KALUTARA,BRAND NEW,1,,ZS
DUAL PURPOSE (COMMERCIAL),TOYOTA,GUN126R-DTTHX  HILUX,THAILAND,DIESEL,2755.0,AMPARA,BRAND NEW,2,,GUN126R-DTTHX  HILUX
SPECIAL PURPOSE VEHICLE,CAT,DP25PT,CHINA,DIESEL,3331.0,GAMPAHA,BRAND NEW,1,,DP25PT
CAR,AUDI,E TRON 50 QUATTRO,BELGIUM,ELECTRIC,230.0,COLOMBO,BRAND NEW,1,,E TRON 50 QUATTRO
COMMERCIAL,TOYOTA,KDH223R-LEMDYT HIACE,JAPAN,DIESEL,2982.0,GALLE,BRAND NEW,1,,KDH223R-LEMDYT HIACE
LAND VEHICLE,TAFE,7250.DI,INDIA,DIESEL,2500.0,BATTICALOA,BRAND NEW,2,,7250.DI
MOTOR CYCLE,TMR QUANLE,ZS,CHINA,ELECTRIC,1.2,HAMBANTOTA,BRAND NEW,1,,ZS
MOTOR CYCLE,TMR LUYUAN,MQQ6,CHINA,ELECTRIC,0.8,COLOMBO,BRAND NEW,1,,MQQ6
MOTOR CYCLE,TAKASHI,ES PRO MAX,CHINA,ELECTRIC,2.0,RATNAPURA,BRAND NEW,1,,ES PRO MAX
MOTOR CYCLE,YAMAHA,RAY ZR,INDIA,PETROL,113.0,KANDY,BRAND NEW,5,,RAY ZR
MOTOR CYCLE,YAMAHA,FZ  VER 2.0,INDIA,PETROL,149.0,MULLATIVU,BRAND NEW,2,,FZ  VER 2.0
CAR,BYD,DOLPHIN-DYNAMIC49,CHINA,ELECTRIC,49.0,KANDY,BRAND NEW,1,,DOLPHIN-DYNAMIC49
CAR,TATA,PUNCH CREATIVE,INDIA,PETROL,1199.0,BATTICALOA,BRAND NEW,1,,PUNCH CREATIVE
MOTOR CYCLE,ROYAL ENFIELD,CLASSIC 350,INDIA,PETROL,349.0,BATTICALOA,BRAND NEW,2,,CLASSIC 350
MOTOR CYCLE,ROYAL ENFIELD,METEOR 350,INDIA,PETROL,350.0,COLOMBO,BRAND NEW,1,,METEOR 350
MOTOR CYCLE,LUYUAN,MYT,CHINA,ELECTRIC,0.8,ANURADHAPURA,BRAND NEW,1,,MYT
MOTOR CYCLE,YADEA,RUIBIN,CHINA,ELECTRIC,0.8,KANDY,BRAND NEW,1,,RUIBIN
MOTOR CYCLE,YAMAHA,RAY ZR,INDIA,PETROL,113.0,KEGALLE,BRAND NEW,4,,RAY ZR
MOTOR CYCLE,TVS,IQUBE,INDIA,ELECTRIC,3.34,BADULLA,BRAND NEW,1,,IQUBE
CAR,TATA,NEXON FEARLESS,INDIA,PETROL,1199.0,COLOMBO,BRAND NEW,1,,NEXON FEARLESS
MOTOR CYCLE,YADEA,T5,CHINA,ELECTRIC,1.2,NUWARA-ELIYA,BRAND NEW,1,,T5
MOTOR CYCLE,YADEA,RUIBIN,CHINA,ELECTRIC,0.8,VAVUNIYA,BRAND NEW,2,,RUIBIN
CAR,KIA,SONET,INDIA,PETROL,998.0,BADULLA,BRAND NEW,1,,SONET
MOTOR LORRY (COMMERCIAL),EICHER,PRO-5016T,INDIA,DIESEL,5655.0,GAMPAHA,BRAND NEW,1,PRO-5016T,Unknown
LAND VEHICLE,SONALIKA,D150RX-2WD,INDIA,DIESEL,2893.0,ANURADHAPURA,BRAND NEW,1,,D150RX-2WD
DUAL PURPOSE (COMMERCIAL),TOYOTA,5403RM BQRFJ,INDONESIA,PETROL,1496.0,GAMPAHA,BRAND NEW,1,,5403RM BQRFJ
LAND VEHICLE,JOHN DEERE,5045D,INDIA,DIESEL,2940.0,MANNAR,BRAND NEW,1,,5045D
DUAL PURPOSE (COMMERCIAL),TOYOTA,HILUX GUN125R GTTLX,THAILAND,DIESEL,2393.0,COLOMBO,BRAND NEW,1,,HILUX GUN125R GTTLX
LAND VEHICLE (SMALL),VIKYNO,RV125-2,VIETNAM,DIESEL,624.0,KEGALLE,BRAND NEW,1,RV125-2,Unknown
MOTOR CYCLE,YAMAHA,YZF R15 VER 4.0,INDIA,PETROL,155.0,PUTTALAM,BRAND NEW,1,,YZF R15 VER 4.0
CAR,BYD,DOLPHIN-DYNAMIC 70,CHINA,ELECTRIC,70.0,BADULLA,BRAND NEW,1,,DOLPHIN-DYNAMIC 70
MOTOR CYCLE,QUANLE,XGW,CHINA,ELECTRIC,1.2,GAMPAHA,BRAND NEW,1,,XGW
MOTOR CYCLE,TMR QUANLE,G18,CHINA,ELECTRIC,2.0,HAMBANTOTA,BRAND NEW,1,,G18
MOTOR CYCLE,TVS,TVS XL 100,SRI LANKA,PETROL,99.7,ANURADHAPURA,BRAND NEW-L/ASSEMBLE,99,,TVS XL 100
MOTOR CYCLE,TVS,TVS RAIDER 125,SRI LANKA,PETROL,124.79,TRINCOMALEE,BRAND NEW-L/ASSEMBLE,14,,TVS RAIDER 125
MOTOR CYCLE,TVS,TVS XL 100,SRI LANKA,PETROL,99.7,COLOMBO,BRAND NEW-L/ASSEMBLE,16,,TVS XL 100
MOTOR CYCLE,BAJAJ,PULSAR N160,SRI LANKA,PETROL,164.82,COLOMBO,BRAND NEW-L/ASSEMBLE,96,,PULSAR N160
MOTOR CYCLE,BAJAJ,PULSAR N160,SRI LANKA,PETROL,164.82,GALLE,BRAND NEW-L/ASSEMBLE,73,,PULSAR N160
MOTOR CYCLE,BAJAJ,DISCOVER 125,SRI LANKA,PETROL,124.5,BADULLA,BRAND NEW-L/ASSEMBLE,21,,DISCOVER 125
MOTOR CYCLE,BAJAJ,PULSAR N160,SRI LANKA,PETROL,164.82,TRINCOMALEE,BRAND NEW-L/ASSEMBLE,20,,PULSAR N160
MOTOR LORRY (COMMERCIAL),LANKA ASHOK LEYLAND,TAURUS 2518,SRI LANKA,DIESEL,5759.0,COLOMBO,BRAND NEW-L/ASSEMBLE,5,,TAURUS 2518
MOTOR CYCLE,BAJAJ,CT 100 ES,SRI LANKA,PETROL,102.0,NUWARA-ELIYA,BRAND NEW-L/ASSEMBLE,5,,CT 100 ES
MOTOR CYCLE,TVS,TVS XL 100,SRI LANKA,PETROL,99.7,VAVUNIYA,BRAND NEW-L/ASSEMBLE,7,,TVS XL 100
MOTOR CYCLE,RANOMOTO,MOPED SUPER,SRI LANKA,PETROL,49.0,KALUTARA,BRAND NEW-L/ASSEMBLE,2,,MOPED SUPER
MOTOR CYCLE,SENARO,GN125,SRI LANKA,PETROL,125.0,HAMBANTOTA,BRAND NEW-L/ASSEMBLE,2,,GN125
CAR,ZOTYE,Z100,SRI LANKA,PETROL,998.0,COLOMBO,BRAND NEW-L/ASSEMBLE,1,,Z100
MOTOR LORRY (COMMERCIAL),LANKA ASHOK LEYLAND,TUSKER SUPER 1618,SRI LANKA,DIESEL,5759.0,HAMBANTOTA,BRAND NEW-L/ASSEMBLE,1,,TUSKER SUPER 1618
MOTOR CYCLE,TVS,TVS RAIDER 125,SRI LANKA,PETROL,124.79,KALUTARA,BRAND NEW-L/ASSEMBLE,14,,TVS RAIDER 125
MOTOR CYCLE,TVS,TVS RAIDER 125,SRI LANKA,PETROL,124.79,ANURADHAPURA,BRAND NEW-L/ASSEMBLE,38,,TVS RAIDER 125
MOTOR CYCLE,RANOMOTO,PATTAYA DOUBLE POWER,SRI LANKA,PETROL,48.0,KALUTARA,BRAND NEW-L/ASSEMBLE,2,,PATTAYA DOUBLE POWER
SINGLE CAB,LANKA ASHOK LEYLAND,DOST,SRI LANKA,DIESEL,1478.0,KILINOCHCHI,BRAND NEW-L/ASSEMBLE,1,,DOST
MOTOR CYCLE,BAJAJ,DISCOVER 125,SRI LANKA,PETROL,124.5,VAVUNIYA,BRAND NEW-L/ASSEMBLE,4,,DISCOVER 125
SINGLE CAB,MAHINDRA,BOLERO CITY PIICK UP,SRI LANKA,DIESEL,2523.0,KURUNEGALA,BRAND NEW-L/ASSEMBLE,1,,BOLERO CITY PIICK UP
SINGLE CAB,TATA,YODHA LIGHT TRUCK,SRI LANKA,DIESEL,2956.0,COLOMBO,BRAND NEW-L/ASSEMBLE,2,,YODHA LIGHT TRUCK
SINGLE CAB,LANKA ASHOK LEYLAND,DOST,SRI LANKA,DIESEL,1478.0,KALUTARA,BRAND NEW-L/ASSEMBLE,1,,DOST
SINGLE CAB,MAHINDRA,BOLERO CITY PICKUP,SRI LANKA,DIESEL,2523.0,PUTTALAM,BRAND NEW-L/ASSEMBLE,1,,BOLERO CITY PICKUP
SINGLE CAB,LANKA ASHOK LEYLAND,DOST,SRI LANKA,DIESEL,1478.0,PUTTALAM,BRAND NEW-L/ASSEMBLE,1,,DOST
MOTOR CYCLE,TVS,NTORQ 125,SRI LANKA,PETROL,124.8,ANURADHAPURA,BRAND NEW-L/ASSEMBLE,2,,NTORQ 125
SINGLE CAB,TOYOTA,HILUX-REVO,THAILAND,DIESEL,2755.0,HAMBANTOTA,RECONDITIONED,1,HILUX-REVO,Unknown
CAR,SUZUKI,5BA-MH85S WAGON R,JAPAN,PETROL,657.0,KEGALLE,RECONDITIONED,2,5BA-MH85S,WAGON R
MOTOR CYCLE,HONDA,ADV 160,JAPAN,PETROL,157.0,KALUTARA,RECONDITIONED,1,,ADV 160
CAR,TOYOTA,5BA-KSP210  YARIS,JAPAN,PETROL,996.0,GAMPAHA,RECONDITIONED,5,5BA-KSP210,YARIS
CAR,HONDA,6BA-JF5 N BOX CUSTOM,JAPAN,PETROL,658.0,KEGALLE,RECONDITIONED,1,6BA-JF5,N BOX CUSTOM
CAR,SUZUKI,5AA-MK94S SPACIA,JAPAN,PETROL/ELE,657.0,KALUTARA,RECONDITIONED,1,5AA-MK94S,SPACIA
CAR,SUZUKI,3BA-HA37S ALTO,JAPAN,PETROL,658.0,GALLE,RECONDITIONED,2,3BA-HA37S,ALTO
DUAL PURPOSE (COMMERCIAL),FORD,RANGER MS-RT,THAILAND,DIESEL,2993.0,COLOMBO,RECONDITIONED,2,,RANGER MS-RT
CAR,TOYOTA,3BA-A210A RAIZE,JAPAN,PETROL,996.0,JAFFNA,RECONDITIONED,1,3BA-A210A,RAIZE
CAR,NISSAN,3BA-DR17W CLIPPER,JAPAN,PETROL,658.0,COLOMBO,RECONDITIONED,2,3BA-DR17W,CLIPPER
CAR,TOYOTA,6AA-AAHH40W VELLFIRE,JAPAN,PETROL/ELE,2487.0,KURUNEGALA,RECONDITIONED,1,6AA-AAHH40W,VELLFIRE
MOTOR CYCLE,HONDA,PCX-160,VIETNAM,PETROL,157.0,PUTTALAM,RECONDITIONED,1,PCX-160,Unknown
MOTOR CYCLE,HONDA,C50,JAPAN,PETROL,50.0,MATARA,RECONDITIONED,5,,C50
CAR,LEXUS,3BA-VJA310W LX600,JAPAN,PETROL,3444.0,GAMPAHA,RECONDITIONED,2,3BA-VJA310W,LX600
CAR,NISSAN,5BD-DR17V CLIPPER,JAPAN,PETROL,658.0,KALUTARA,RECONDITIONED,4,5BD-DR17V,CLIPPER
CAR,TOYOTA,YARIS-5BA-KSP210,JAPAN,PETROL,996.0,BADULLA,RECONDITIONED,1,YARIS-5BA-KSP210,Unknown
CAR,SUZUKI,3BA-JB64W JIMNY,JAPAN,PETROL,658.0,COLOMBO,RECONDITIONED,4,3BA-JB64W,JIMNY
CAR,NISSAN,5AA-B44W DAYZ,JAPAN,PETROL/ELE,659.0,KURUNEGALA,RECONDITIONED,1,5AA-B44W,DAYZ
CAR,AUDI,3AA-GYDLA   AUDI A3,GERMANY,PETROL,996.0,GAMPAHA,RECONDITIONED,1,3AA-GYDLA,AUDI A3
CAR,TOYOTA,3BA-TRJ250W,JAPAN,PETROL,2693.0,PUTTALAM,RECONDITIONED,1,3BA-TRJ250W,PRADO250
CAR,HONDA,CR-V VTI L7,JAPAN,PETROL,1498.0,COLOMBO,RECONDITIONED,1,CR-V,VTI L7
CAR,SUZUKI,5BD-DA17V EVERY,JAPAN,PETROL,658.0,AMPARA,RECONDITIONED,3,5BD-DA17V,EVERY
CAR,TOYOTA,5BA-A201A RAIZE,JAPAN,PETROL,1197.0,COLOMBO,RECONDITIONED,1,5BA-A201A,RAIZE
CAR,NISSAN,5BA-B43W DAYS,JAPAN,PETROL,658.0,GALLE,RECONDITIONED,1,5BA-B43W,DAYS
CAR,TOYOTA,6AA-ZWR90W VOXY,JAPAN,PETROL/ELE,1797.0,AMPARA,RECONDITIONED,2,6AA-ZWR90W,VOXY
MOTOR CYCLE,HONDA,PCX 125,VIETNAM,PETROL,124.0,NUWARA-ELIYA,RECONDITIONED,1,,PCX 125
CAR,SUZUKI,4AA-MK53S SPACIA,JAPAN,PETROL,658.0,KANDY,RECONDITIONED,1,4AA-MK53S,SPACIA
CAR,DAIHATSU,5BA-LA350S MIRA,JAPAN,PETROL,650.0,KURUNEGALA,RECONDITIONED,1,5BA-LA350S,MIRA
CAR,SUZUKI,5AA-MH85S WAGON R,JAPAN,PETROL,657.0,GAMPAHA,RECONDITIONED,1,5AA-MH85S,WAGON R
CAR,NISSAN,ALMERA  GRADE-VL,THAILAND,PETROL,999.0,KALUTARA,RECONDITIONED,1,,ALMERA  GRADE-VL
CAR,SUZUKI,5AA-MR92S HUSTLER,JAPAN,PETROL,658.0,COLOMBO,RECONDITIONED,3,5AA-MR92S,HUSTLER
CAR,TOYOTA,5BA-M900A  ROOMY,JAPAN,PETROL,996.0,VAVUNIYA,RECONDITIONED,1,5BA-M900A,ROOMY
MOTOR CYCLE,B.M.W.,G310R,INDIA,PETROL,310.0,COLOMBO,RECONDITIONED,1,,G310R
CAR,SUZUKI,5AA-MH95S  WAGON R,JAPAN,PETROL,660.0,JAFFNA,RECONDITIONED,1,5AA-MH95S,WAGON R
CAR,SUZUKI,5BA-MH85S WAGON R,JAPAN,PETROL,658.0,KEGALLE,RECONDITIONED,5,5BA-MH85S,WAGON R
CAR,DAIHATSU,5BA-LA350S MIRA ES,JAPAN,PETROL,658.0,KALUTARA,RECONDITIONED,2,5BA-LA350S,MIRA ES
CAR,HONDA,VEZEL 6AA RV5,JAPAN,PETROL/ELE,1496.0,COLOMBO,RECONDITIONED,1,,VEZEL 6AA RV5
DUAL PURPOSE (COMMERCIAL),TOYOTA,3DF-GUN125  HILUX,THAILAND,DIESEL,2393.0,KURUNEGALA,RECONDITIONED,1,3DF-GUN125,HILUX
CAR,SUZUKI,5AA-MH95S WAGON R,JAPAN,PETROL/ELE,658.0,BATTICALOA,RECONDITIONED,4,5AA-MH95S,WAGON R
CAR,SUZUKI,5AA-MK94S,JAPAN,PETROL/ELE,658.0,GAMPAHA,RECONDITIONED,1,5AA-MK94S,SPASIA
CAR,DAIHATSU,5BA-LA360S MIRA,JAPAN,PETROL,658.0,HAMBANTOTA,RECONDITIONED,1,5BA-LA360S,MIRA
CAR,MERCEDES BENZ,4AA-465250 C   G63,GERMANY,PETROL,3980.0,COLOMBO,RECONDITIONED,1,4AA-465250,C   G63
CAR,BYD,SEAL,THAILAND,ELECTRIC,150.0,COLOMBO,RECONDITIONED,1,,SEAL
CAR,DAIHATSU,5BA-LA900S,JAPAN,PETROL,658.0,GALLE,RECONDITIONED,1,5BA-LA900S,TAFT
CAR,HONDA,VEZEL 6AA-RV5,JAPAN,PETROL/ELE,1496.0,GAMPAHA,RECONDITIONED,1,,VEZEL 6AA-RV5
DUAL PURPOSE (COMMERCIAL),FORD,FORD RANGER,THAILAND,DIESEL,1996.0,TRINCOMALEE,RECONDITIONED,1,,FORD RANGER
DUAL PURPOSE (COMMERCIAL),FORD,FORD RAPTOR,THAILAND,DIESEL,1996.0,AMPARA,RECONDITIONED,1,,FORD RAPTOR
CAR,TOYOTA,5AA-A202A  RAIZE,JAPAN,PETROL/ELE,78.0,JAFFNA,RECONDITIONED,1,5AA-A202A,RAIZE
CAR,MITSUBISHI,5BA-B33W EK WAGON,JAPAN,PETROL,658.0,GAMPAHA,RECONDITIONED,1,5BA-B33W,EK WAGON
CAR,TOYOTA,6AA-AAHH40W ALPHARD,JAPAN,PETROL/ELE,2487.0,COLOMBO,RECONDITIONED,2,6AA-AAHH40W,ALPHARD
CAR,HONDA,CR V VTI L7,AUSTRALIA,PETROL,1498.0,NUWARA-ELIYA,RECONDITIONED,1,,CR V VTI L7
SPECIAL PURPOSE VEHICLE,KOMATSU,WHEEL LOADER WA100-3,JAPAN,DIESEL,3290.0,BATTICALOA,RECONDITIONED,1,,WHEEL LOADER WA100-3
CAR,SUZUKI,5AA-MH95S WAGON R,JAPAN,PETROL/ELE,657.0,GALLE,RECONDITIONED,2,5AA-MH95S,WAGON R
TRACTOR TRAILER/BOWSER,LOCALLY BUILT,TRAILER BOWSER,SRI LANKA,NOT STATED,0.0,VAVUNIYA,RECONDITIONED,1,,TRAILER BOWSER
CAR,TOYOTA,6AA-MXPJ10,JAPAN,PETROL/ELE,1490.0,COLOMBO,RECONDITIONED,1,6AA-MXPJ10,YARISS
DUAL PURPOSE (COMMERCIAL),TOYOTA,3DF-GUN125 HILUX,JAPAN,DIESEL,2393.0,GALLE,RECONDITIONED,1,3DF-GUN125,HILUX
CAR,TOYOTA,3BA-TRJ250W,JAPAN,PETROL,2696.0,KANDY,RECONDITIONED,1,3BA-TRJ250W,PRADO250
CAR,TOYOTA,5BA-KSP210 YARIS,JAPAN,PETROL,996.0,MANNAR,RECONDITIONED,1,5BA-KSP210,YARIS
CAR,VOLKSWAGEN,3BA-C1DKR  T- CROSS,GERMANY,PETROL,999.0,COLOMBO,RECONDITIONED,1,3BA-C1DKR,T- CROSS
CAR,SUZUKI,4AA-MN71S X BEE,JAPAN,PETROL,996.0,RATNAPURA,RECONDITIONED,1,4AA-MN71S,X BEE
CAR,NISSAN,ALMERA GRADE EL,THAILAND,PETROL,999.0,GAMPAHA,RECONDITIONED,1,,ALMERA GRADE EL
SINGLE CAB,SUZUKI,EBD-DA16T CARRY,JAPAN,PETROL,658.0,GAMPAHA,RECONDITIONED,1,EBD-DA16T,CARRY
CAR,TOYOTA,4BA-M900A,JAPAN,PETROL,996.0,COLOMBO,RECONDITIONED,1,4BA-M900A,ROOMY
CAR,SUZUKI,WAGON R 5BA-MH85S,JAPAN,PETROL,656.0,GALLE,RECONDITIONED,1,,WAGON R 5BA-MH85S
CAR,AUDI,3AA-F3DFY Q3,GERMANY,PETROL,1497.0,GAMPAHA,RECONDITIONED,1,3AA-F3DFY,Q3
CAR,SUZUKI,5AA-MH95S WAGON R,JAPAN,PETROL/ELE,657.0,NUWARA-ELIYA,RECONDITIONED,2,5AA-MH95S,WAGON R
SPECIAL PURPOSE VEHICLE,NISSAN,FORK LIFT,JAPAN,DIESEL,3331.0,COLOMBO,RECONDITIONED,1,,FORK LIFT
CAR,LAND ROVER,3BA-LE72XAA DEFENDER,JAPAN,PETROL,1997.0,COLOMBO,RECONDITIONED,1,3BA-LE72XAA,DEFENDER
CAR,RANGE ROVER,AUTO BIOGRAPHY SV,UNITED KINGDOM,PETROL/ELE,2996.0,COLOMBO,RECONDITIONED,1,,AUTO BIOGRAPHY SV
CAR,DAIHATSU,5BA-A201S ROCKY,JAPAN,PETROL,1196.0,GAMPAHA,RECONDITIONED,1,5BA-A201S,ROCKY
CAR,TOYOTA,6AA-MXPJ10 YARIS,JAPAN,PETROL/ELE,1490.0,POLONNARUWA,RECONDITIONED,2,6AA-MXPJ10,YARIS
CAR,TOYOTA,6AA-AAHH40W ALPHARD,JAPAN,PETROL/ELE,2487.0,KANDY,RECONDITIONED,1,6AA-AAHH40W,ALPHARD
CAR,SUZUKI,4AA-MH55S WAGON R,JAPAN,PETROL/ELE,658.0,KALUTARA,RECONDITIONED,1,4AA-MH55S,WAGON R
CAR,SUZUKI,5BD-DA17V EVERY,JAPAN,PETROL,656.0,MATARA,RECONDITIONED,1,5BD-DA17V,EVERY
DUAL PURPOSE (COMMERCIAL),TOYOTA,3DF-GUN125 HILUX,JAPAN,DIESEL,2393.0,KEGALLE,RECONDITIONED,1,3DF-GUN125,HILUX
DUAL PURPOSE (COMMERCIAL),MITSUBISHI,TRITON,THAILAND,DIESEL,2442.0,ANURADHAPURA,RECONDITIONED,1,,TRITON
CAR,AUDI,3AA-GYDLA A3,JAPAN,PETROL,999.0,GAMPAHA,RECONDITIONED,1,3AA-GYDLA,A3
CAR,DAIHATSU,MIRA E.S 5BA-LA350S,JAPAN,PETROL,658.0,GAMPAHA,RECONDITIONED,1,,MIRA E.S 5BA-LA350S
CAR,TOYOTA,3BA-VJA300W,JAPAN,PETROL,3444.0,KALUTARA,RECONDITIONED,1,3BA-VJA300W,Unknown
CAR,SUZUKI,5BA-MH85S,JAPAN,PETROL,657.0,BADULLA,RECONDITIONED,1,5BA-MH85S,WAGOON R
CAR,NISSAN,DAYZ 4AA-B45W,JAPAN,PETROL,659.0,KALUTARA,RECONDITIONED,1,,DAYZ 4AA-B45W
SPECIAL PURPOSE VEHICLE,HITACHI,LX20SL-3WHEEL LOADER,JAPAN,DIESEL,1499.0,KURUNEGALA,RECONDITIONED,1,,LX20SL-3WHEEL LOADER
CAR,TOYOTA,5BA-M900A ROOMY,JAPAN,PETROL,996.0,GALLE,RECONDITIONED,2,5BA-M900A,ROOMY
CAR,HONDA,VEZEL 6AA-RV5,JAPAN,PETROL/ELE,1496.0,KURUNEGALA,RECONDITIONED,1,,VEZEL 6AA-RV5
CAR,TOYOTA,6AA-ZWR90W  VOXY,JAPAN,PETROL/ELE,1797.0,COLOMBO,RECONDITIONED,1,6AA-ZWR90W,VOXY
CAR,TOYOTA,5AA-A202A  RAIZE,JAPAN,PETROL/ELE,78.0,COLOMBO,RECONDITIONED,1,5AA-A202A,RAIZE
CAR,TOYOTA,3BA-TRJ250W,JAPAN,PETROL,2698.0,KANDY,RECONDITIONED,1,3BA-TRJ250W,PRADO250
CAR,TOYOTA,6AA-ZWR90W VOXY,JAPAN,PETROL/ELE,1790.0,PUTTALAM,RECONDITIONED,1,6AA-ZWR90W,VOXY
CAR,TOYOTA,5BA-M700A PASSO,JAPAN,PETROL,996.0,JAFFNA,RECONDITIONED,1,5BA-M700A,PASSO
CAR,DAIHATSU,5B-LA350S MIRA,JAPAN,PETROL,658.0,RATNAPURA,RECONDITIONED,1,5B-LA350S,MIRA
CAR,TOYOTA,3DA-FJA300W,JAPAN,DIESEL,3345.0,ANURADHAPURA,RECONDITIONED,1,3DA-FJA300W,ZX
MOTOR CYCLE,HONDA,PCX-160,JAPAN,PETROL,157.0,PUTTALAM,RECONDITIONED,1,PCX-160,Unknown
CAR,B.M.W.,3CA-22EN30   X7,GERMANY,DIESEL,2998.0,COLOMBO,RECONDITIONED,1,3CA-22EN30,X7
CAR,HONDA,6AA-RV5 -VEZEL,JAPAN,PETROL/ELE,1496.0,COLOMBO,RECONDITIONED,1,6AA-RV5,-VEZEL
CAR,NISSAN,3BA-DR17W,JAPAN,PETROL,658.0,KALUTARA,RECONDITIONED,1,3BA-DR17W,Unknown
CAR,MITSUBISHI,5BD-DS17V MINICAB,JAPAN,PETROL,658.0,KURUNEGALA,RECONDITIONED,1,5BD-DS17V,MINICAB
CAR,SUZUKI,SBA-MH85S WAGON R,JAPAN,PETROL,658.0,GAMPAHA,RECONDITIONED,1,SBA-MH85S,WAGON R
CAR,SUZUKI,5BA-MH85S  WAGON R,JAPAN,PETROL/ELE,658.0,HAMBANTOTA,RECONDITIONED,1,5BA-MH85S,WAGON R
CAR,SUZUKI,5AA-MH95S WAGON R,JAPAN,PETROL,658.0,TRINCOMALEE,RECONDITIONED,1,5AA-MH95S,WAGON R
CAR,TOYOTA,5BA-M900A  ROOMY,JAPAN,PETROL,996.0,GALLE,RECONDITIONED,1,5BA-M900A,ROOMY
CAR,SUZUKI,5AA-MR92S HUSTLER,JAPAN,PETROL,658.0,KANDY,RECONDITIONED,1,5AA-MR92S,HUSTLER
CAR,SUZUKI,5AA-MR92S HUSTLER,JAPAN,PETROL,658.0,ANURADHAPURA,RECONDITIONED,1,5AA-MR92S,HUSTLER
MOTOR CYCLE,RISE,LEADER 125,SRI LANKA,PETROL,125.0,BATTICALOA,BRAND NEW-L/MANUFACT,1,,LEADER 125
MOTOR CYCLE,RISE,LEADER R 100,SRI LANKA,ELECTRIC,2.0,POLONNARUWA,BRAND NEW-L/MANUFACT,2,,LEADER R 100
MOTOR TRICYCLE VAN,LEO,150-HY150ZH,SRI LANKA,PETROL,150.0,GAMPAHA,BRAND NEW-L/MANUFACT,1,150-HY150ZH,Unknown
MOTOR CYCLE,RISE,LEADER R 100,SRI LANKA,ELECTRIC,2.0,COLOMBO,BRAND NEW-L/MANUFACT,2,,LEADER R 100
MOTOR CYCLE,RANOMOTO,MOPED SUPER,SRI LANKA,PETROL,49.0,KURUNEGALA,BRAND NEW-L/MANUFACT,1,,MOPED SUPER
TRACTOR TRAILER/BOWSER,LOCALLY BUILT,TRACTOR TRAILER,SRI LANKA,NOT STATED,0.0,ANURADHAPURA,LOCALLY BUILT,11,,TRACTOR TRAILER
LORRY TRAILER/BOWSER,DUTCH LANKA TRAILER,DLFT-41/40T,SRI LANKA,NOT STATED,0.0,PUTTALAM,LOCALLY BUILT,1,DLFT-41,/40T
MOTOR TRICYCLE VAN,PIAGGIO,APE  XTRA LD,INDIA,DIESEL,435.0,COLOMBO,BOUGHT FROM AUCTION,2,,APE  XTRA LD
TRACTOR TRAILER/BOWSER,LOCALLY BUILT,LOW BED TRAILER,SRI LANKA,NOT STATED,0.0,POLONNARUWA,LOCALLY BUILT,24,,LOW BED TRAILER
TRACTOR TRAILER/BOWSER,LOCALLY BUILT,LOW BED TRAILER,SRI LANKA,NOT STATED,0.0,MATALE,LOCALLY BUILT,3,,LOW BED TRAILER
CAR,TOYOTA,STARLET GLANZA-V,JAPAN,PETROL,1300.0,GAMPAHA,BOUGHT FROM AUCTION,1,,STARLET GLANZA-V
TRACTOR TRAILER/BOWSER,LOCALLY BUILT,TRACTOR TRAILER,SRI LANKA,NOT STATED,0.0,AMPARA,LOCALLY BUILT,9,,TRACTOR TRAILER
TRACTOR TRAILER/BOWSER,LOCALLY BUILT,TRACTOR TRAILER,SRI LANKA,NOT STATED,0.0,RATNAPURA,LOCALLY BUILT,1,,TRACTOR TRAILER
MOTOR CYCLE,TMR LUYUAN,S18,CHINA,ELECTRIC,1.2,GALLE,BRAND NEW,2,,S18
MOTOR CYCLE,QUANLE,XGW,CHINA,ELECTRIC,1.2,TRINCOMALEE,BRAND NEW,1,,XGW
LAND VEHICLE,SOLIS,5020,INDIA,DIESEL,3067.0,KURUNEGALA,BRAND NEW,1,,5020
THREE WHEELER,BAJAJ,RE 4S AUTORICKSHAW,INDIA,PETROL,237.0,RATNAPURA,BRAND NEW,47,,RE 4S AUTORICKSHAW
THREE WHEELER,BAJAJ,RE 4S AUTORICKSHAW,INDIA,PETROL,237.0,MATALE,BRAND NEW,17,,RE 4S AUTORICKSHAW
THREE WHEELER,BAJAJ,RE 4S AUTORICKSHAW,INDIA,PETROL,237.0,MONERAGALA,BRAND NEW,12,,RE 4S AUTORICKSHAW
MOTOR CYCLE,RANOMOTO,GN125H,CHINA,PETROL,124.0,KANDY,BRAND NEW,4,,GN125H
MOTOR CYCLE,BAJAJ,PULSAR N 160,INDIA,PETROL,164.32,KURUNEGALA,BRAND NEW,162,,PULSAR N 160
MOTOR CYCLE,BAJAJ,PULSAR N 160,INDIA,PETROL,164.32,MONERAGALA,BRAND NEW,29,,PULSAR N 160
MOTOR CYCLE,BAJAJ,PULSAR N 160,INDIA,PETROL,164.32,NUWARA-ELIYA,BRAND NEW,36,,PULSAR N 160
MOTOR CYCLE,YADEA,RUIBIN,CHINA,ELECTRIC,0.8,MONERAGALA,BRAND NEW,12,,RUIBIN
CAR,BYD,ATTO3-ADVANCED,CHINA,ELECTRIC,100.0,GAMPAHA,BRAND NEW,53,ATTO3-ADVANCED,Unknown
MOTOR CYCLE,BAJAJ,PULSAR N 160,INDIA,PETROL,164.32,PUTTALAM,BRAND NEW,61,,PULSAR N 160
MOTOR CYCLE,BAJAJ,PULSAR NS 200,INDIA,PETROL,199.5,KALUTARA,BRAND NEW,4,,PULSAR NS 200
MOTOR CYCLE,BAJAJ,PULSAR N 125,INDIA,PETROL,124.58,AMPARA,BRAND NEW,57,,PULSAR N 125
SINGLE CAB,MAHINDRA,BOLERO CITY PICKUP,INDIA,DIESEL,2523.0,GAMPAHA,BRAND NEW,12,,BOLERO CITY PICKUP
CAR,NISSAN,MAGNITE N-CONNECTA,INDIA,PETROL,999.0,KANDY,BRAND NEW,1,,MAGNITE N-CONNECTA
MOTOR CYCLE,NWOW,SE,CHINA,ELECTRIC,0.8,MATARA,BRAND NEW,7,,SE
MOTOR CYCLE,NWOW,ARS,CHINA,ELECTRIC,0.45,COLOMBO,BRAND NEW,4,,ARS
CAR,BYD,ATTO3-ADVANCED,CHINA,ELECTRIC,100.0,POLONNARUWA,BRAND NEW,1,ATTO3-ADVANCED,Unknown
MOTOR CYCLE,BAJAJ,PULSAR N 125,INDIA,PETROL,124.58,MANNAR,BRAND NEW,12,,PULSAR N 125
COMMERCIAL,TOYOTA,COASTER XZB70R-ZGMNY,JAPAN,DIESEL,4009.0,KURUNEGALA,BRAND NEW,1,,COASTER XZB70R-ZGMNY
MOTOR CYCLE,YAMAHA,RAY ZRSTREETRALLY125,INDIA,PETROL,125.0,JAFFNA,BRAND NEW,3,,RAY ZRSTREETRALLY125
MOTOR CYCLE,YAMAHA,RAY ZRSTREETRALLY125,INDIA,PETROL,125.0,MULLATIVU,BRAND NEW,1,,RAY ZRSTREETRALLY125
MOTOR CYCLE,YAMAHA,RAY ZR 125,INDIA,PETROL,125.0,MATALE,BRAND NEW,7,,RAY ZR 125
MOTOR CYCLE,YAMAHA,RAY ZR 125,INDIA,PETROL,125.0,KURUNEGALA,BRAND NEW,4,,RAY ZR 125
MOTOR CYCLE,VMOTO,CITI,CHINA,ELECTRIC,2.0,PUTTALAM,BRAND NEW,5,,CITI
MOTOR CYCLE,YAMAHA,YZF R15 VER 4.0,INDIA,PETROL,155.0,AMPARA,BRAND NEW,6,,YZF R15 VER 4.0
MOTOR CYCLE,YAMAHA,RAY ZRSTREETRALLY125,INDIA,PETROL,125.0,PUTTALAM,BRAND NEW,1,,RAY ZRSTREETRALLY125
SPECIAL PURPOSE VEHICLE,VIFT,FD18,CHINA,DIESEL,2500.0,COLOMBO,BRAND NEW,1,,FD18
LAND VEHICLE,TAFE,45DI,INDIA,DIESEL,2500.0,JAFFNA,BRAND NEW,2,,45DI
MOTOR CYCLE,ATHER,450X,INDIA,ELECTRIC,3.0,ANURADHAPURA,BRAND NEW,1,,450X
MOTOR CYCLE,RANOMOTO,GN125H,CHINA,PETROL,124.0,KEGALLE,BRAND NEW,9,,GN125H
MOTOR CYCLE,YAMAHA,RAY ZRSTREETRALLY125,INDIA,PETROL,125.0,GALLE,BRAND NEW,10,,RAY ZRSTREETRALLY125
MOTOR CYCLE,YAMAHA,RAY ZR 125,INDIA,PETROL,125.0,TRINCOMALEE,BRAND NEW,4,,RAY ZR 125
MOTOR CYCLE,LIMA,ELO-07,CHINA,ELECTRIC,1.5,ANURADHAPURA,BRAND NEW,8,ELO-07,Unknown
CAR,BYD,SEALION 6 SUPERIOR,CHINA,PETROL/ELE,1498.0,HAMBANTOTA,BRAND NEW,8,,SEALION 6 SUPERIOR
CAR,BYD,SEALION 6 SUPERIOR,CHINA,PETROL/ELE,1498.0,MANNAR,BRAND NEW,1,,SEALION 6 SUPERIOR
MOTOR CYCLE,BAJAJ,DICOVER 125 CC,INDIA,PETROL,124.52,MATARA,BRAND NEW,1,,DICOVER 125 CC
MOTOR CYCLE,QUANLE,G18,CHINA,ELECTRIC,2.0,AMPARA,BRAND NEW,3,,G18
MOTOR CYCLE,QUANLE,ZS,CHINA,ELECTRIC,1.2,GALLE,BRAND NEW,1,,ZS
MOTOR CYCLE,TMR LUYUAN,S18,CHINA,ELECTRIC,1.2,ANURADHAPURA,BRAND NEW,1,,S18
MOTOR CYCLE,TVS,NTORQ 125,INDIA,PETROL,124.8,MATARA,BRAND NEW,1,,NTORQ 125
CAR,BYD,ATTO3-ADVANCED,CHINA,ELECTRIC,100.0,PUTTALAM,BRAND NEW,8,ATTO3-ADVANCED,Unknown
MOTOR CYCLE,YADEA,T5,CHINA,ELECTRIC,1.2,GAMPAHA,BRAND NEW,89,,T5
MOTOR CYCLE,YADEA,RUIBIN,CHINA,ELECTRIC,0.8,COLOMBO,BRAND NEW,12,,RUIBIN
CAR,BYD,M6 STANDARD,CHINA,ELECTRIC,100.0,COLOMBO,BRAND NEW,1,,M6 STANDARD
MOTOR CYCLE,DAYWANG(DW)SL,E-MOTOR CYCLE,CHINA,ELECTRIC,0.8,MATALE,BRAND NEW,1,,E-MOTOR CYCLE
MOTOR CYCLE,SOLID,G6,CHINA,ELECTRIC,1.5,HAMBANTOTA,BRAND NEW,1,,G6
MOTOR CYCLE,SOLID,G6,CHINA,ELECTRIC,1.5,GALLE,BRAND NEW,1,,G6
SINGLE CAB,MAHINDRA,BOLERO CITY PICKUP,INDIA,DIESEL,2523.0,NUWARA-ELIYA,BRAND NEW,1,,BOLERO CITY PICKUP
CAR,KIA,SONET,INDIA,PETROL,998.0,KANDY,BRAND NEW,6,,SONET
LAND VEHICLE,KARTAR,GLOBETRAC 4736 4WD,INDIA,DIESEL,3117.0,POLONNARUWA,BRAND NEW,1,,GLOBETRAC 4736 4WD
MOTOR CYCLE,HERO,XOOM-110,INDIA,PETROL,110.9,MATALE,BRAND NEW,28,XOOM-110,Unknown
MOTOR CYCLE,HERO,HF-DELUXE,INDIA,PETROL,97.2,GALLE,BRAND NEW,7,HF-DELUXE,Unknown
CAR,HONDA,RV589SJNX  HR-V,THAILAND,PETROL/ELE,1496.0,KANDY,BRAND NEW,1,,RV589SJNX  HR-V
MOTOR CYCLE,HERO,XOOM-110,INDIA,PETROL,110.9,NUWARA-ELIYA,BRAND NEW,1,XOOM-110,Unknown
CAR,BYD,SEAL-COMFORT,CHINA,ELECTRIC,100.0,HAMBANTOTA,BRAND NEW,1,SEAL-COMFORT,Unknown
MOTOR CYCLE,YAMAHA,YZF R15 VER 4.0,INDIA,PETROL,155.0,BADULLA,BRAND NEW,1,,YZF R15 VER 4.0
CAR,TOYOTA,A250RA-GBVV RAIZE,INDONESIA,PETROL,998.0,GAMPAHA,BRAND NEW,40,,A250RA-GBVV RAIZE
CAR,BYD,ATTO-3-SUPERIOR,CHINA,ELECTRIC,100.0,TRINCOMALEE,BRAND NEW,2,ATTO-3-SUPERIOR,Unknown
CAR,BYD,SEALION 6 SUPERIOR,CHINA,PETROL/ELE,1498.0,POLONNARUWA,BRAND NEW,1,,SEALION 6 SUPERIOR
MOTOR CYCLE,HERO HONDA,SPLENDOR NXG,INDIA,PETROL,100.0,MATARA,BRAND NEW,1,,SPLENDOR NXG
MOTOR CYCLE,ZONGSHEN,ZS 125-S,CHINA,PETROL,125.0,MATARA,BRAND NEW,1,,ZS 125-S
CAR,BYD,SEALION 6 SUPERIOR,SRI LANKA,PETROL/ELE,1498.0,GAMPAHA,BRAND NEW,1,,SEALION 6 SUPERIOR
MOTOR CYCLE,NWOW,SE,CHINA,ELECTRIC,0.8,AMPARA,BRAND NEW,1,,SE
MOTOR CYCLE,LUYUAN,S90 PLUS,CHINA,ELECTRIC,1.5,BADULLA,BRAND NEW,1,,S90 PLUS
COMMERCIAL,TOYOTA,HIACE-GDH301E-GDTDY,JAPAN,DIESEL,2755.0,COLOMBO,BRAND NEW,1,HIACE-GDH301E-GDTDY,Unknown
MOTOR CYCLE,BAJAJ,CALIBER,INDIA,PETROL,111.6,MATARA,BRAND NEW,2,,CALIBER
MOTOR CYCLE,CHANS,CH70,CHINA,PETROL,70.0,MATARA,BRAND NEW,1,,CH70
THREE WHEELER,NWOW,ERVS4 PLUS,CHINA,ELECTRIC,0.8,GAMPAHA,BRAND NEW,4,,ERVS4 PLUS
CAR,TOYOTA,LAND CRUISER,U.S.A,PETROL,4461.0,COLOMBO,BRAND NEW,1,,LAND CRUISER
LAND VEHICLE,SOLIS,4520,INDIA,DIESEL,2893.0,MONERAGALA,BRAND NEW,1,,4520
MOTOR CYCLE,SOLID,G6,CHINA,ELECTRIC,1.5,KURUNEGALA,BRAND NEW,5,,G6
MOTOR CYCLE,YADEA,E8S PRO,CHINA,ELECTRIC,2.0,ANURADHAPURA,BRAND NEW,1,,E8S PRO
MOTOR CYCLE,BAJAJ,PULSAR N 160,INDIA,PETROL,164.82,PUTTALAM,BRAND NEW,1,,PULSAR N 160
MOTOR CYCLE,YAMAHA,RAY ZRSTREETRALLY125,INDIA,PETROL,125.0,MATARA,BRAND NEW,5,,RAY ZRSTREETRALLY125
SPECIAL PURPOSE VEHICLE,CAT,DP25PT,CHINA,DIESEL,3331.0,COLOMBO,BRAND NEW,1,,DP25PT
COMMERCIAL,TOYOTA,KDH223R-LEMDYT HIACE,JAPAN,DIESEL,2982.0,MATARA,BRAND NEW,2,,KDH223R-LEMDYT HIACE
LAND VEHICLE,SONALIKA,DI50RX - 4WD,INDIA,DIESEL,3067.0,ANURADHAPURA,BRAND NEW,1,,DI50RX - 4WD
MOTOR CYCLE,YAMAHA,RAY ZRSTREETRALLY125,INDIA,PETROL,125.0,ANURADHAPURA,BRAND NEW,1,,RAY ZRSTREETRALLY125
MOTOR CYCLE,SOLID,ROBOT,CHINA,ELECTRIC,1.2,ANURADHAPURA,BRAND NEW,2,,ROBOT
MOTOR CYCLE,SUPER SOCO,TS STREET HUNTER,CHINA,ELECTRIC,2.5,COLOMBO,BRAND NEW,4,,TS STREET HUNTER
CAR,NISSAN,MAGNITE TEKNA PLUS,INDIA,PETROL,999.0,KEGALLE,BRAND NEW,1,,MAGNITE TEKNA PLUS
LAND VEHICLE,TAFE,45DI,INDIA,DIESEL,2700.0,AMPARA,BRAND NEW,1,,45DI
COMMERCIAL,TATA,LP 712,INDIA,DIESEL,3783.0,GALLE,BRAND NEW,1,,LP 712
LAND VEHICLE (SMALL),FARM MASTER,RV125-2,CHINA,DIESEL,624.0,PUTTALAM,BRAND NEW,1,RV125-2,Unknown
MOTOR CYCLE,YAMAHA,MT 15 VER 2.0,INDIA,PETROL,155.0,MULLATIVU,BRAND NEW,1,,MT 15 VER 2.0
COMMERCIAL,TOYOTA,KDH223R-LEMDYT HIACE,JAPAN,DIESEL,2982.0,KURUNEGALA,BRAND NEW,1,,KDH223R-LEMDYT HIACE
CAR,TOYOTA,F800RE-GQGF RUSH,INDONESIA,PETROL,1496.0,VAVUNIYA,BRAND NEW,1,,F800RE-GQGF RUSH
CAR,MERCEDES BENZ,V250 D LONG,SPAIN,DIESEL,1950.0,GAMPAHA,BRAND NEW,1,,V250 D LONG
MOTOR CYCLE,YADEA,EPOC H,CHINA,ELECTRIC,2.0,RATNAPURA,BRAND NEW,1,,EPOC H
MOTOR CYCLE,YADEA,RUIBIN,CHINA,ELECTRIC,0.8,MATARA,BRAND NEW,2,,RUIBIN
MOTOR CYCLE,YADEA,M6,CHINA,ELECTRIC,1.2,JAFFNA,BRAND NEW,1,,M6
MOTOR CYCLE,YADEA,RUIBIN,CHINA,ELECTRIC,0.8,KEGALLE,BRAND NEW,1,,RUIBIN
MOTOR CYCLE,YAMAHA,RAY ZR STREET RALLY,INDIA,PETROL,113.0,KALUTARA,BRAND NEW,1,,RAY ZR STREET RALLY
MOTOR CYCLE,NWOW,SE,CHINA,ELECTRIC,0.8,MONERAGALA,BRAND NEW,1,,SE
LAND VEHICLE,SOLIS,4520,INDIA,DIESEL,2893.0,ANURADHAPURA,BRAND NEW,2,,4520
MOTOR CYCLE,TMR QUANLE,G18,CHINA,ELECTRIC,2.0,KURUNEGALA,BRAND NEW,1,,G18
CAR,BYD,DOLPHIN-DYNAMIC 70,CHINA,ELECTRIC,70.0,KALUTARA,BRAND NEW,2,,DOLPHIN-DYNAMIC 70
MOTOR CYCLE,TAKASHI,ES PRO,CHINA,ELECTRIC,1.5,RATNAPURA,BRAND NEW,1,,ES PRO
MOTOR CYCLE,YAMAHA,FZ  VER 2.0,INDIA,PETROL,149.0,ANURADHAPURA,BRAND NEW,7,,FZ  VER 2.0
CAR,TOYOTA,NYC200R-DHXHBF,INDONESIA,PETROL/ELE,1496.0,TRINCOMALEE,BRAND NEW,1,,NYC200R-DHXHBF
CAR,TOYOTA,WIGO A350RA GBNE,INDONESIA,PETROL,998.0,MATARA,BRAND NEW,1,,WIGO A350RA GBNE
MOTOR CYCLE,YAMAHA,FZ  VER 2.0,INDIA,PETROL,149.0,KEGALLE,BRAND NEW,8,,FZ  VER 2.0
CAR,TATA,CURVV,INDIA,PETROL,1199.0,TRINCOMALEE,BRAND NEW,1,,CURVV
MOTOR CYCLE,LUYUAN,MYT,CHINA,ELECTRIC,0.8,POLONNARUWA,BRAND NEW,3,,MYT
MOTOR CYCLE,LUYUAN ALFA,MKK-Z23E-12-C,CHINA,ELECTRIC,1.2,COLOMBO,BRAND NEW,1,MKK-Z23E-12-C,Unknown
SINGLE CAB,MAHINDRA,BOLERO CITY PICKUP,INDIA,DIESEL,2523.0,MANNAR,BRAND NEW,1,,BOLERO CITY PICKUP
CAR,PERODUA,BEZZA,MALAYSIA,PETROL,998.0,KANDY,BRAND NEW,2,,BEZZA
CAR,PERODUA,AXIA-CG1SZ,MALAYSIA,PETROL,998.0,ANURADHAPURA,BRAND NEW,1,AXIA-CG1SZ,Unknown
CAR,TATA,CURVV EV,INDIA,ELECTRIC,98.0,JAFFNA,BRAND NEW,1,,CURVV EV
MOTOR CYCLE,YAMAHA,RAY ZR,INDIA,PETROL,113.0,MULLATIVU,BRAND NEW,2,,RAY ZR
MOTOR CYCLE,YADEA,EPOC H,CHINA,ELECTRIC,2.0,VAVUNIYA,BRAND NEW,1,,EPOC H
MOTOR CYCLE,YADEA,M6,CHINA,ELECTRIC,1.2,GALLE,BRAND NEW,1,,M6
MOTOR CYCLE,YAMAHA,FZ  VER 2.0,INDIA,PETROL,149.0,MATARA,BRAND NEW,5,,FZ  VER 2.0
LAND VEHICLE (SMALL),VIKYNO,RV80 - POWER TILLER,VIETNAM,DIESEL,443.0,BADULLA,BRAND NEW,1,,RV80 - POWER TILLER
CAR,TOYOTA,A250RA-GBVV RAIZE,INDONESIA,PETROL,998.0,KILINOCHCHI,BRAND NEW,1,,A250RA-GBVV RAIZE
MOTOR CYCLE,HONDA,PCX 160 ABS,INDONESIA,PETROL,160.0,PUTTALAM,BRAND NEW,1,,PCX 160 ABS
MOTOR CYCLE,HONDA,PCX160 ABS,INDONESIA,PETROL,160.0,PUTTALAM,BRAND NEW,1,,PCX160 ABS
MOTOR CYCLE,YADEA,T 9,CHINA,ELECTRIC,2.0,KANDY,BRAND NEW,1,,T 9
CAR,TATA,NEXON SMART,INDIA,PETROL,1199.0,GAMPAHA,BRAND NEW,1,,NEXON SMART
CAR,BYD,DOLPHIN-DYNAMIC 70,CHINA,ELECTRIC,70.0,KEGALLE,BRAND NEW,1,,DOLPHIN-DYNAMIC 70
MOTOR CYCLE,TVS,TVS XL 100,SRI LANKA,PETROL,99.7,KURUNEGALA,BRAND NEW-L/ASSEMBLE,55,,TVS XL 100
MOTOR CYCLE,TVS,NTORQ 125,SRI LANKA,PETROL,124.79,RATNAPURA,BRAND NEW-L/ASSEMBLE,1,,NTORQ 125
MOTOR CYCLE,BAJAJ,PULSAR N160,SRI LANKA,PETROL,164.82,NUWARA-ELIYA,BRAND NEW-L/ASSEMBLE,23,,PULSAR N160
MOTOR CYCLE,BAJAJ,DISCOVER 125,SRI LANKA,PETROL,124.5,PUTTALAM,BRAND NEW-L/ASSEMBLE,27,,DISCOVER 125
MOTOR CYCLE,BAJAJ,DISCOVER 125,SRI LANKA,PETROL,124.5,MULLATIVU,BRAND NEW-L/ASSEMBLE,9,,DISCOVER 125
MOTOR CYCLE,BAJAJ,CT 100 ES,SRI LANKA,PETROL,102.0,POLONNARUWA,BRAND NEW-L/ASSEMBLE,20,,CT 100 ES
MOTOR CYCLE,BAJAJ,CT 100 ES,SRI LANKA,PETROL,102.0,JAFFNA,BRAND NEW-L/ASSEMBLE,8,,CT 100 ES
MOTOR LORRY (COMMERCIAL),LANKA ASHOK LEYLAND,TUSKER SUPER 1618,SRI LANKA,DIESEL,5759.0,AMPARA,BRAND NEW-L/ASSEMBLE,1,,TUSKER SUPER 1618
SINGLE CAB,TATA,YODHA LIGHT TRUCK,SRI LANKA,DIESEL,2956.0,GAMPAHA,BRAND NEW-L/ASSEMBLE,1,,YODHA LIGHT TRUCK
MOTOR CYCLE,TVS,TVS RAIDER 125,SRI LANKA,PETROL,124.79,PUTTALAM,BRAND NEW-L/ASSEMBLE,18,,TVS RAIDER 125
MOTOR CYCLE,TVS,NTORQ 125,SRI LANKA,PETROL,124.79,KURUNEGALA,BRAND NEW-L/ASSEMBLE,1,,NTORQ 125
MOTOR CYCLE,SENARO,GN125,SRI LANKA,PETROL,125.0,COLOMBO,BRAND NEW-L/ASSEMBLE,19,,GN125
MOTOR CYCLE,SENARO,GN125,SRI LANKA,PETROL,125.0,KANDY,BRAND NEW-L/ASSEMBLE,13,,GN125
MOTOR CYCLE,SENARO,GN125,SRI LANKA,PETROL,125.0,BATTICALOA,BRAND NEW-L/ASSEMBLE,16,,GN125
CAR,PROTON,SAGA,SRI LANKA,PETROL,1299.0,GAMPAHA,BRAND NEW-L/ASSEMBLE,1,,SAGA
MOTOR CYCLE,RANOMOTO,MOPED SUPER,SRI LANKA,PETROL,49.0,MATALE,BRAND NEW-L/ASSEMBLE,1,,MOPED SUPER
SINGLE CAB,LANKA ASHOK LEYLAND,DOST,SRI LANKA,DIESEL,1478.0,NUWARA-ELIYA,BRAND NEW-L/ASSEMBLE,1,,DOST
MOTOR CYCLE,SENARO,GN125,SRI LANKA,PETROL,125.0,RATNAPURA,BRAND NEW-L/ASSEMBLE,17,,GN125
MOTOR CYCLE,TVS,NTORQ 125,SRI LANKA,PETROL,124.8,KALUTARA,BRAND NEW-L/ASSEMBLE,65,,NTORQ 125
MOTOR CYCLE,TVS,NTORQ 125,SRI LANKA,PETROL,124.8,COLOMBO,BRAND NEW-L/ASSEMBLE,63,,NTORQ 125
MOTOR CYCLE,BAJAJ,CT 100 ES,SRI LANKA,PETROL,102.0,MULLATIVU,BRAND NEW-L/ASSEMBLE,9,,CT 100 ES
COMMERCIAL,FOTON,BJ6549B1DAA-RZ VIEW,SRI LANKA,DIESEL,1968.0,KANDY,BRAND NEW-L/ASSEMBLE,1,,BJ6549B1DAA-RZ VIEW
SINGLE CAB,LANKA ASHOK LEYLAND,DOST,SRI LANKA,DIESEL,1478.0,COLOMBO,BRAND NEW-L/ASSEMBLE,6,,DOST
MOTOR CYCLE,DYNO,SCOOBY 125  EFI,SRI LANKA,PETROL,124.6,JAFFNA,BRAND NEW-L/ASSEMBLE,2,,SCOOBY 125  EFI
MOTOR LORRY (COMMERCIAL),LANKA ASHOK LEYLAND,E COMET 1012,SRI LANKA,DIESEL,3839.0,COLOMBO,BRAND NEW-L/ASSEMBLE,1,,E COMET 1012
MOTOR LORRY (COMMERCIAL),LANKA ASHOK LEYLAND,E COMET 1212,SRI LANKA,DIESEL,3839.0,POLONNARUWA,BRAND NEW-L/ASSEMBLE,2,,E COMET 1212
MOTOR CYCLE,TVS,TVS RAIDER 125,SRI LANKA,PETROL,124.79,MATALE,BRAND NEW-L/ASSEMBLE,7,,TVS RAIDER 125
MOTOR CYCLE,RISE,LEADER R 100,SRI LANKA,ELECTRIC,2.0,POLONNARUWA,BRAND NEW-L/ASSEMBLE,1,,LEADER R 100
SINGLE CAB,MAHINDRA,BOLERO CITY PICKUP,SRI LANKA,DIESEL,2523.0,RATNAPURA,BRAND NEW-L/ASSEMBLE,1,,BOLERO CITY PICKUP
MOTOR LORRY (COMMERCIAL),LANKA ASHOK LEYLAND,E  COMET 1212,SRI LANKA,DIESEL,3839.0,POLONNARUWA,BRAND NEW-L/ASSEMBLE,1,,E  COMET 1212
CAR,HYUNDAI,GRAND I10,SRI LANKA,PETROL,1197.0,KALUTARA,BRAND NEW-L/ASSEMBLE,2,,GRAND I10
SINGLE CAB,LANKA ASHOK LEYLAND,DOST,SRI LANKA,DIESEL,1478.0,BATTICALOA,BRAND NEW-L/ASSEMBLE,1,,DOST
SINGLE CAB,LANKA ASHOK LEYLAND,BADA DOST,SRI LANKA,DIESEL,1478.0,JAFFNA,BRAND NEW-L/ASSEMBLE,1,,BADA DOST
CAR,TOYOTA,3BA-VJA300W,JAPAN,PETROL,3444.0,RATNAPURA,RECONDITIONED,2,3BA-VJA300W,Unknown
CAR,TOYOTA,4BA-M900A,JAPAN,PETROL,996.0,GAMPAHA,RECONDITIONED,1,4BA-M900A,ROOMY
CAR,TOYOTA,5AA-A202A RAIZE,JAPAN,PETROL/ELE,1196.0,BADULLA,RECONDITIONED,1,5AA-A202A,RAIZE
CAR,SUZUKI,5AA-MK94S SPACIA,JAPAN,PETROL/ELE,658.0,KANDY,RECONDITIONED,3,5AA-MK94S,SPACIA
CAR,SUZUKI,3BA-HA37S,JAPAN,PETROL,658.0,KEGALLE,RECONDITIONED,1,3BA-HA37S,ALTO
CAR,HONDA,CITY RS,THAILAND,PETROL,996.0,BADULLA,RECONDITIONED,1,,CITY RS
CAR,SUZUKI,3BA-DA17W EVERY,JAPAN,PETROL,658.0,KALUTARA,RECONDITIONED,2,3BA-DA17W,EVERY
CAR,HONDA,6AA-RV5,JAPAN,PETROL/ELE,1496.0,GAMPAHA,RECONDITIONED,1,6AA-RV5,VESEL
CAR,TOYOTA,3BA-A210A,JAPAN,PETROL,996.0,COLOMBO,RECONDITIONED,3,3BA-A210A,PEARL
CAR,TOYOTA,6BA-MXUA80 HARRIER,JAPAN,PETROL,1986.0,TRINCOMALEE,RECONDITIONED,1,6BA-MXUA80,HARRIER
CAR,NISSAN,5AA-B44W DAYZ,JAPAN,PETROL,658.0,COLOMBO,RECONDITIONED,2,5AA-B44W,DAYZ
CAR,MAZDA,5AA-MJ95S  FLAIR,JAPAN,PETROL,658.0,BATTICALOA,RECONDITIONED,1,5AA-MJ95S,FLAIR
CAR,SUZUKI,4AA-MN71S XBEE,JAPAN,PETROL/ELE,996.0,GAMPAHA,RECONDITIONED,2,4AA-MN71S,XBEE
CAR,SUZUKI,5BD-DA17V EVERY,JAPAN,PETROL,656.0,BADULLA,RECONDITIONED,1,5BD-DA17V,EVERY
CAR,TOYOTA,5BA-A201A  RAIZE,JAPAN,PETROL,1196.0,COLOMBO,RECONDITIONED,2,5BA-A201A,RAIZE
CAR,NISSAN,5AA-B44W DAYZ,JAPAN,PETROL/ELE,658.0,AMPARA,RECONDITIONED,1,5AA-B44W,DAYZ
CAR,TOYOTA,5BA-A201A RAIZE,JAPAN,PETROL,1196.0,BATTICALOA,RECONDITIONED,2,5BA-A201A,RAIZE
CAR,TOYOTA,5BA-A201A RAIZE,JAPAN,PETROL,1196.0,MATALE,RECONDITIONED,4,5BA-A201A,RAIZE
CAR,HONDA,CRV VTIL7,AUSTRALIA,PETROL,1498.0,GALLE,RECONDITIONED,1,,CRV VTIL7
SINGLE CAB,SUZUKI,3BD-DA16T CARRY,JAPAN,PETROL,658.0,ANURADHAPURA,RECONDITIONED,2,3BD-DA16T,CARRY
CAR,MERCEDES BENZ,5AA-206042C C200,GERMANY,PETROL,1496.0,ANURADHAPURA,RECONDITIONED,1,5AA-206042C,C200
CAR,AUDI,3AA-GYDLA A3,GERMANY,PETROL,999.0,AMPARA,RECONDITIONED,1,3AA-GYDLA,A3
DUAL PURPOSE (COMMERCIAL),TOYOTA,HILUX REVO GR SPORT,THAILAND,DIESEL,2755.0,RATNAPURA,RECONDITIONED,2,,HILUX REVO GR SPORT
CAR,SUZUKI,4AA-MN71S XBEE,JAPAN,PETROL,996.0,KALUTARA,RECONDITIONED,1,4AA-MN71S,XBEE
CAR,HONDA,CITY,THAILAND,PETROL,988.0,KANDY,RECONDITIONED,1,,CITY
CAR,DAIHATSU,5BA-LA360 MIRA,JAPAN,PETROL,658.0,KANDY,RECONDITIONED,1,5BA-LA360,MIRA
DUAL PURPOSE (COMMERCIAL),TOYOTA,TUNDRA,AUSTRALIA,PETROL,3445.0,GAMPAHA,RECONDITIONED,2,,TUNDRA
MOTOR CYCLE,HONDA,8BK-KF47,JAPAN,PETROL,157.0,AMPARA,RECONDITIONED,1,8BK-KF47,Unknown
MOTOR CYCLE,HONDA,PCX160,VIETNAM,PETROL,157.0,COLOMBO,RECONDITIONED,3,,PCX160
CAR,SUZUKI,5AA-MK94S SPACIA,JAPAN,PETROL/ELE,658.0,MATARA,RECONDITIONED,1,5AA-MK94S,SPACIA
CAR,DAIHATSU,3BA-A210S ROCKY,JAPAN,PETROL,996.0,COLOMBO,RECONDITIONED,3,3BA-A210S,ROCKY
CAR,HONDA,CR-V VTIL7,AUSTRALIA,PETROL,1498.0,KALUTARA,RECONDITIONED,1,CR-V,VTIL7
CAR,TOYOTA,3BA-VJA300W,JAPAN,PETROL,3446.0,GAMPAHA,RECONDITIONED,1,3BA-VJA300W,Unknown
CAR,NISSAN,5BD-DR17V CLIPPER,JAPAN,PETROL,658.0,MATALE,RECONDITIONED,1,5BD-DR17V,CLIPPER
CAR,TOYOTA,6AA-MXPJ10 YARIS,JAPAN,PETROL/ELE,1496.0,GAMPAHA,RECONDITIONED,8,6AA-MXPJ10,YARIS
CAR,SUZUKI,5BA-MX81S WAGON R,JAPAN,PETROL,657.0,KURUNEGALA,RECONDITIONED,1,5BA-MX81S,WAGON R
CAR,TOYOTA,URBAN CRUISER-TAISOR,INDIA,PETROL,998.0,KALUTARA,RECONDITIONED,1,,URBAN CRUISER-TAISOR
CAR,SUZUKI,4AA-MK53S SPACIA,JAPAN,PETROL/ELE,658.0,VAVUNIYA,RECONDITIONED,1,4AA-MK53S,SPACIA
CAR,SUZUKI,5AA-MH95S WAGON R,JAPAN,PETROL/ELE,657.0,RATNAPURA,RECONDITIONED,1,5AA-MH95S,WAGON R
CAR,TOYOTA,5BA-A201A  RAIZE,JAPAN,PETROL,1196.0,GAMPAHA,RECONDITIONED,1,5BA-A201A,RAIZE
MOTOR CYCLE,HONDA,ADV  160,JAPAN,PETROL,157.0,VAVUNIYA,RECONDITIONED,1,,ADV  160
CAR,SUZUKI,5BA-MH85S WAGON R,JAPAN,PETROL,658.0,KURUNEGALA,RECONDITIONED,5,5BA-MH85S,WAGON R
CAR,SUZUKI,4AA-MK54S SPACIA,JAPAN,PETROL,658.0,KURUNEGALA,RECONDITIONED,2,4AA-MK54S,SPACIA
CAR,TOYOTA,YARIS ATIV,THAILAND,PETROL,1197.0,GALLE,RECONDITIONED,1,,YARIS ATIV
CAR,TOYOTA,6AA-ZWR90W VOXY,JAPAN,PETROL/ELE,1797.0,KURUNEGALA,RECONDITIONED,1,6AA-ZWR90W,VOXY
CAR,TOYOTA,3BA-NGX10  C-HR,JAPAN,PETROL,1196.0,COLOMBO,RECONDITIONED,1,3BA-NGX10,C-HR
MOTOR CYCLE,HONDA,ADV160,JAPAN,PETROL,157.0,HAMBANTOTA,RECONDITIONED,1,,ADV160
CAR,TOYOTA,3BA-TRJ250 W,JAPAN,PETROL,2693.0,COLOMBO,RECONDITIONED,1,3BA-TRJ250,W
CAR,TOYOTA,5AA-A202A RAIZE,JAPAN,PETROL/ELE,78.0,MONERAGALA,RECONDITIONED,4,5AA-A202A,RAIZE
CAR,TOYOTA,5BA-M700A PASSO,JAPAN,PETROL,996.0,VAVUNIYA,RECONDITIONED,2,5BA-M700A,PASSO
CAR,TOYOTA,3BA-A210A  RAIZE,JAPAN,PETROL,996.0,RATNAPURA,RECONDITIONED,1,3BA-A210A,RAIZE
CAR,TOYOTA,6AA-ZVG13   COROLLA,JAPAN,PETROL/ELE,1797.0,COLOMBO,RECONDITIONED,1,6AA-ZVG13,COROLLA
CAR,TOYOTA,YARIS CROSS,THAILAND,PETROL/ELE,1496.0,VAVUNIYA,RECONDITIONED,1,,YARIS CROSS
CAR,TOYOTA,3BA-A210A RAIZE,JAPAN,PETROL,996.0,KEGALLE,RECONDITIONED,1,3BA-A210A,RAIZE
CAR,SUZUKI,4AA-MK54S SPACIA,JAPAN,PETROL/ELE,658.0,KANDY,RECONDITIONED,3,4AA-MK54S,SPACIA
CAR,SUZUKI,5AA-MK94S SPACIA,JAPAN,PETROL,657.0,KALUTARA,RECONDITIONED,1,5AA-MK94S,SPACIA
CAR,NISSAN,ZAA-B6AW SAKURA,JAPAN,ELECTRIC,20.0,KALUTARA,RECONDITIONED,1,ZAA-B6AW,SAKURA
CAR,DAIHATSU,5BA-LA150S MOVE,JAPAN,PETROL,659.0,GALLE,RECONDITIONED,1,5BA-LA150S,MOVE
MOTOR CYCLE,HONDA,SH150I,VIETNAM,PETROL,157.0,GAMPAHA,RECONDITIONED,1,,SH150I
CAR,TOYOTA,3BA-NGX10 C-HR,JAPAN,PETROL,1196.0,COLOMBO,RECONDITIONED,2,3BA-NGX10,C-HR
MOTOR CYCLE,HONDA,PCX 125,VIETNAM,PETROL,124.0,POLONNARUWA,RECONDITIONED,1,,PCX 125
CAR,SUZUKI,5BD-DA17V  EVERY,JAPAN,PETROL,658.0,GAMPAHA,RECONDITIONED,1,5BD-DA17V,EVERY
CAR,SUZUKI,5AA-MK53S SPACIA,JAPAN,PETROL/ELE,658.0,KANDY,RECONDITIONED,1,5AA-MK53S,SPACIA
CAR,TESLA,MODEL 03,CHINA,ELECTRIC,194.0,COLOMBO,RECONDITIONED,1,,MODEL 03
CAR,LAND ROVER,3BA-LE72XAA,UNITED KINGDOM,PETROL,1997.0,COLOMBO,RECONDITIONED,1,3BA-LE72XAA,DEFENDER
CAR,DAIHATSU,5BA-M900S  THOR,JAPAN,PETROL,996.0,GAMPAHA,RECONDITIONED,1,5BA-M900S,THOR
CAR,TESLA,MODEL Y,CHINA,ELECTRIC,194.0,COLOMBO,RECONDITIONED,1,,MODEL Y
CAR,SUZUKI,3BD-DA17V EVERY,JAPAN,PETROL,658.0,GAMPAHA,RECONDITIONED,1,3BD-DA17V,EVERY
CAR,TOYOTA,5BA-M900A ROOMY,JAPAN,PETROL,996.0,ANURADHAPURA,RECONDITIONED,1,5BA-M900A,ROOMY
CAR,TOYOTA,5AA-A202A  RAIZE,JAPAN,PETROL/ELE,78.0,KURUNEGALA,RECONDITIONED,2,5AA-A202A,RAIZE
CAR,DAIHATSU,5BA-LA900S TAFT,JAPAN,PETROL,658.0,KEGALLE,RECONDITIONED,2,5BA-LA900S,TAFT
CAR,TOYOTA,5BA-KSP210  YARIS,JAPAN,PETROL,996.0,RATNAPURA,RECONDITIONED,1,5BA-KSP210,YARIS
CAR,SUZUKI,5AA-MK94S SPACIA,JAPAN,PETROL,658.0,KALUTARA,RECONDITIONED,1,5AA-MK94S,SPACIA
CAR,TOYOTA,6AA-AAHH40W ALPHARD,JAPAN,PETROL/ELE,2487.0,KURUNEGALA,RECONDITIONED,1,6AA-AAHH40W,ALPHARD
MOTOR LORRY (COMMERCIAL),ISUZU,2RG-NPR88AN ELF,JAPAN,DIESEL,2990.0,MATARA,RECONDITIONED,1,2RG-NPR88AN,ELF
CAR,DAIHATSU,5BA-LA3580S MIRA,JAPAN,PETROL,658.0,GAMPAHA,RECONDITIONED,1,5BA-LA3580S,MIRA
CAR,TOYOTA,5BA-M700A PASSO,JAPAN,PETROL,996.0,MATARA,RECONDITIONED,1,5BA-M700A,PASSO
CAR,DAIHATSU,5BA-M900S THOR,JAPAN,PETROL,996.0,AMPARA,RECONDITIONED,1,5BA-M900S,THOR
CAR,SUZUKI,5AA-MH95S WAGON R,JAPAN,PETROL/ELE,657.0,KEGALLE,RECONDITIONED,1,5AA-MH95S,WAGON R
CAR,HONDA,CRV VTI L7,JAPAN,PETROL,1498.0,COLOMBO,RECONDITIONED,1,,CRV VTI L7
SPECIAL PURPOSE VEHICLE,J.C.B,3CX  POWER SHIFT,UNITED KINGDOM,DIESEL,4400.0,KALUTARA,RECONDITIONED,1,,3CX  POWER SHIFT
DUAL PURPOSE (COMMERCIAL),TOYOTA,HILUX REVO,THAILAND,DIESEL,2755.0,RATNAPURA,RECONDITIONED,1,,HILUX REVO
CAR,TOYOTA,6AA-MXPJ10 YARIS,JAPAN,PETROL/ELE,1496.0,TRINCOMALEE,RECONDITIONED,1,6AA-MXPJ10,YARIS
DUAL PURPOSE (COMMERCIAL),TOYOTA,HILUX ROCCO,THAILAND,DIESEL,2755.0,COLOMBO,RECONDITIONED,1,,HILUX ROCCO
CAR,SUZUKI,4AA-MH55S WAGON R,JAPAN,PETROL/ELE,658.0,KEGALLE,RECONDITIONED,1,4AA-MH55S,WAGON R
MOTOR CYCLE,HONDA,PCX,VIETNAM,PETROL,124.0,PUTTALAM,RECONDITIONED,1,,PCX
CAR,MAZDA,5AA-MJ95S FLAIR,JAPAN,PETROL,658.0,KALUTARA,RECONDITIONED,1,5AA-MJ95S,FLAIR
SPECIAL PURPOSE VEHICLE,TOYOTA,50-4FD120,JAPAN,DIESEL,3469.0,COLOMBO,RECONDITIONED,1,50-4FD120,Unknown
CAR,TOYOTA,6AA-MXPJ10  YARIS,JAPAN,PETROL/ELE,1490.0,RATNAPURA,RECONDITIONED,1,6AA-MXPJ10,YARIS
CAR,SUZUKI,5AA-HA97S ALTO,JAPAN,PETROL/ELE,658.0,RATNAPURA,RECONDITIONED,1,5AA-HA97S,ALTO
CAR,TOYOTA,5AA-A202A RAIZE,JAPAN,PETROL/ELE,78.0,VAVUNIYA,RECONDITIONED,1,5AA-A202A,RAIZE
CAR,TOYOTA,3BA-TRJ250W,JAPAN,PETROL,2693.0,AMPARA,RECONDITIONED,2,3BA-TRJ250W,PRADO250
DUAL PURPOSE (COMMERCIAL),TOYOTA,HILUX REVO ROCCO,THAILAND,DIESEL,2393.0,COLOMBO,RECONDITIONED,1,,HILUX REVO ROCCO
CAR,DAIHATSU,5BA-LA350S  MIRA E S,JAPAN,PETROL,658.0,COLOMBO,RECONDITIONED,1,5BA-LA350S,MIRA E S
CAR,TOYOTA,ROOMY G 5BA-M900A,JAPAN,PETROL,996.0,ANURADHAPURA,RECONDITIONED,1,,ROOMY G 5BA-M900A
CAR,NISSAN,4AA-B45W DAYZ,JAPAN,PETROL,658.0,GAMPAHA,RECONDITIONED,1,4AA-B45W,DAYZ
CAR,HONDA,5BA-RV4 VEZEL,JAPAN,PETROL,1496.0,GAMPAHA,RECONDITIONED,1,5BA-RV4,VEZEL
CAR,AUDI,3AA-F3DFY Q3,GERMANY,PETROL,1497.0,COLOMBO,RECONDITIONED,1,3AA-F3DFY,Q3
CAR,TOYOTA,3BD-S700M PIXIS,JAPAN,PETROL,658.0,COLOMBO,RECONDITIONED,1,3BD-S700M,PIXIS
CAR,SUZUKI,3BA-HA37S ALTO,JAPAN,PETROL,658.0,HAMBANTOTA,RECONDITIONED,1,3BA-HA37S,ALTO
CAR,TOYOTA,YARIS  6AA-MXPJ10,JAPAN,PETROL/ELE,1496.0,COLOMBO,RECONDITIONED,1,,YARIS  6AA-MXPJ10
CAR,FORD,MUSTANG 2.3 L,U.S.A,PETROL,2300.0,COLOMBO,RECONDITIONED,1,,MUSTANG 2.3 L
CAR,DAIHATSU,5BA-LA150S,JAPAN,PETROL,658.0,BATTICALOA,RECONDITIONED,1,5BA-LA150S,MOVE
CAR,DAIHATSU,5BA-LA910S TAFT,JAPAN,PETROL,658.0,GAMPAHA,RECONDITIONED,1,5BA-LA910S,TAFT
CAR,SUZUKI,5BA-MH85S  WAGON R,JAPAN,PETROL,658.0,COLOMBO,RECONDITIONED,1,5BA-MH85S,WAGON R
CAR,DAIHATSU,5BA-LA900S  TAFT,JAPAN,PETROL,658.0,KURUNEGALA,RECONDITIONED,1,5BA-LA900S,TAFT
CAR,TOYOTA,5BA-KSP210,JAPAN,PETROL,996.0,RATNAPURA,RECONDITIONED,1,5BA-KSP210,YARIS  X
CAR,SUZUKI,3BD-DA17V EVERY,JAPAN,PETROL,656.0,MATARA,RECONDITIONED,1,3BD-DA17V,EVERY
SINGLE CAB,MAZDA,3BD-DG16T,JAPAN,PETROL,658.0,ANURADHAPURA,RECONDITIONED,1,3BD-DG16T,Unknown
CAR,TOYOTA,YARIS ATIV,THAILAND,PETROL,1197.0,RATNAPURA,RECONDITIONED,1,,YARIS ATIV
LAND VEHICLE (SMALL),KUBOTA,K600,JAPAN,DIESEL,422.0,BADULLA,RECONDITIONED,1,,K600
CAR,LAND ROVER,DEFENDER X DYNAMIC,UNITED KINGDOM,PETROL/ELE,1997.0,GAMPAHA,RECONDITIONED,1,,DEFENDER X DYNAMIC
MOTOR CYCLE,HERO,HUNTER,INDIA,PETROL,124.0,GAMPAHA,RECONDITIONED,1,,HUNTER
MOTOR CYCLE,HONDA,PCX 160,VIETNAM,PETROL,157.0,HAMBANTOTA,RECONDITIONED,1,,PCX 160
CAR,SUZUKI,EVERY 5BD-DA17V,JAPAN,PETROL,658.0,KALUTARA,RECONDITIONED,1,,EVERY 5BD-DA17V
MOTOR LORRY (COMMERCIAL),ISUZU,TRG-NPR85AN ELF,JAPAN,DIESEL,2990.0,PUTTALAM,RECONDITIONED,1,TRG-NPR85AN,ELF
CAR,TOYOTA,6AA-MXPJ10 YARIS,JAPAN,PETROL/ELE,1496.0,BATTICALOA,RECONDITIONED,1,6AA-MXPJ10,YARIS
CAR,HONDA,CITY 1.0L,THAILAND,PETROL,988.0,COLOMBO,RECONDITIONED,1,,CITY 1.0L
CAR,HONDA,CITY RS,THAILAND,PETROL,988.0,NUWARA-ELIYA,RECONDITIONED,1,,CITY RS
MOTOR CYCLE,RISE,LEADER 125,SRI LANKA,PETROL,125.0,RATNAPURA,BRAND NEW-L/MANUFACT,2,,LEADER 125
MOTOR CYCLE,RISE,LEADER PLUS,SRI LANKA,ELECTRIC,2.0,POLONNARUWA,BRAND NEW-L/MANUFACT,1,,LEADER PLUS
MOTOR CYCLE,RISE,LEADER R80,SRI LANKA,ELECTRIC,2.0,ANURADHAPURA,BRAND NEW-L/MANUFACT,2,,LEADER R80
MOTOR CYCLE,RISE,LEADER PLUS,SRI LANKA,ELECTRIC,2.0,MATALE,BRAND NEW-L/MANUFACT,2,,LEADER PLUS
MOTOR CYCLE,RISE,LEADER,SRI LANKA,ELECTRIC,2.0,GALLE,BRAND NEW-L/MANUFACT,1,,LEADER
MOTOR CYCLE,RISE,LEADER R 100,SRI LANKA,ELECTRIC,2.0,AMPARA,BRAND NEW-L/MANUFACT,1,,LEADER R 100
MOTOR CYCLE,RISE,LEADER PLUS,SRI LANKA,ELECTRIC,2.0,MONERAGALA,BRAND NEW-L/MANUFACT,1,,LEADER PLUS
TRACTOR TRAILER/BOWSER,LOCALLY BUILT,LOW BED TRAILER,SRI LANKA,NOT STATED,0.0,KANDY,LOCALLY BUILT,2,,LOW BED TRAILER
LORRY TRAILER/BOWSER,DYNAMIC,FLAT BED TRAILER,SRI LANKA,NOT STATED,0.0,KANDY,LOCALLY BUILT,1,,FLAT BED TRAILER
TRACTOR TRAILER/BOWSER,LOCALLY BUILT,TRAILER BOWSER,SRI LANKA,NOT STATED,0.0,KURUNEGALA,LOCALLY BUILT,1,,TRAILER BOWSER
TRACTOR TRAILER/BOWSER,LOCALLY BUILT,LOW BED TRAILER,SRI LANKA,NOT STATED,0.0,COLOMBO,LOCALLY BUILT,2,,LOW BED TRAILER
MOTOR CYCLE,TVS,TVS NTORQ 125 CC,INDIA,PETROL,124.8,KEGALLE,BRAND NEW,59,,TVS NTORQ 125 CC
LAND VEHICLE,TAFE,45DI,INDIA,DIESEL,2500.0,MONERAGALA,BRAND NEW,6,,45DI
LAND VEHICLE,TAFE,45DI,INDIA,DIESEL,2500.0,VAVUNIYA,BRAND NEW,3,,45DI
CAR,BYD,ATTO-3-SUPERIOR,CHINA,ELECTRIC,100.0,COLOMBO,BRAND NEW,149,ATTO-3-SUPERIOR,Unknown
THREE WHEELER,BAJAJ,RE 4S AUTORICKSHAW,INDIA,PETROL,237.0,MULLATIVU,BRAND NEW,9,,RE 4S AUTORICKSHAW
THREE WHEELER,BAJAJ,RE 4S AUTORICKSHAW,INDIA,PETROL,237.0,GALLE,BRAND NEW,44,,RE 4S AUTORICKSHAW
CAR,BYD,SEALION 6 SUPERIOR,CHINA,PETROL/ELE,1498.0,GAMPAHA,BRAND NEW,54,,SEALION 6 SUPERIOR
MOTOR CYCLE,SUPER SOCO,TS STREET HUNTER,CHINA,ELECTRIC,2.5,GAMPAHA,BRAND NEW,5,,TS STREET HUNTER
MOTOR CYCLE,RANOMOTO,GN125H,CHINA,PETROL,124.0,BADULLA,BRAND NEW,18,,GN125H
LAND VEHICLE (SMALL),SIFANG,GN12DI,CHINA,DIESEL,815.0,MATALE,BRAND NEW,1,,GN12DI
MOTOR CYCLE,RANOMOTO,GN125H,CHINA,PETROL,124.0,GALLE,BRAND NEW,9,,GN125H
MOTOR CYCLE,BAJAJ,PULSAR N 160,INDIA,PETROL,164.32,BATTICALOA,BRAND NEW,38,,PULSAR N 160
MOTOR CYCLE,BAJAJ,PULSAR N 125,INDIA,PETROL,124.58,KALUTARA,BRAND NEW,61,,PULSAR N 125
MOTOR CYCLE,YADEA,T5,CHINA,ELECTRIC,1.2,KURUNEGALA,BRAND NEW,278,,T5
MOTOR CYCLE,HERO,HF-DELUXE,INDIA,PETROL,97.2,GAMPAHA,BRAND NEW,11,HF-DELUXE,Unknown
MOTOR CYCLE,YADEA,T5,CHINA,ELECTRIC,1.2,MATARA,BRAND NEW,57,,T5
MOTOR CYCLE,BAJAJ,PULSAR NS 200,INDIA,PETROL,199.5,COLOMBO,BRAND NEW,10,,PULSAR NS 200
CAR,BYD,SEAL-COMFORT,CHINA,ELECTRIC,100.0,GAMPAHA,BRAND NEW,7,SEAL-COMFORT,Unknown
MOTOR CYCLE,BAJAJ,PULSAR N 160,INDIA,PETROL,164.32,MANNAR,BRAND NEW,22,,PULSAR N 160
MOTOR CYCLE,BAJAJ,PULSAR N 125,INDIA,PETROL,124.58,TRINCOMALEE,BRAND NEW,26,,PULSAR N 125
MOTOR CYCLE,BAJAJ,PULSAR NS 200,INDIA,PETROL,199.5,BADULLA,BRAND NEW,4,,PULSAR NS 200
DUAL PURPOSE (COMMERCIAL),TOYOTA,HILUX- GUN125R-DTFSX,THAILAND,DIESEL,2393.0,COLOMBO,BRAND NEW,1,,HILUX- GUN125R-DTFSX
SINGLE CAB,MAHINDRA,BOLERO CITY PICKUP,INDIA,DIESEL,2523.0,KALUTARA,BRAND NEW,8,,BOLERO CITY PICKUP
SINGLE CAB,TATA,ACE HT2,INDIA,DIESEL,702.0,BADULLA,BRAND NEW,1,,ACE HT2
CAR,BYD,ATTO-3-ADVANCED,CHINA,ELECTRIC,100.0,COLOMBO,BRAND NEW,1,ATTO-3-ADVANCED,Unknown
CAR,NISSAN,MAGNITE TEKNA PLUS,INDIA,PETROL,999.0,GAMPAHA,BRAND NEW,4,,MAGNITE TEKNA PLUS
CAR,NISSAN,MAGNITE TEKNA PLUS,INDIA,PETROL,999.0,TRINCOMALEE,BRAND NEW,1,,MAGNITE TEKNA PLUS
MOTOR CYCLE,NWOW,TK 10,CHINA,ELECTRIC,0.8,KALUTARA,BRAND NEW,3,,TK 10
MOTOR CYCLE,BAJAJ,PULSAR N 125,INDIA,PETROL,124.58,ANURADHAPURA,BRAND NEW,39,,PULSAR N 125
CAR,NISSAN,MAGNITE TEKNA PLUS,INDIA,PETROL,999.0,KURUNEGALA,BRAND NEW,1,,MAGNITE TEKNA PLUS
MOTOR CYCLE,YAMAHA,RAY ZRSTREETRALLY125,INDIA,PETROL,125.0,GAMPAHA,BRAND NEW,19,,RAY ZRSTREETRALLY125
MOTOR CYCLE,YAMAHA,RAY ZR 125,INDIA,PETROL,125.0,COLOMBO,BRAND NEW,30,,RAY ZR 125
MOTOR CYCLE,YAMAHA,MT 15 VER 2.0,INDIA,PETROL,155.0,GAMPAHA,BRAND NEW,8,,MT 15 VER 2.0
MOTOR CYCLE,YAMAHA,RAY ZR 125,INDIA,PETROL,125.0,KEGALLE,BRAND NEW,9,,RAY ZR 125
MOTOR CYCLE,YAMAHA,YZF R15 VER 4.0,INDIA,PETROL,155.0,BATTICALOA,BRAND NEW,6,,YZF R15 VER 4.0
CAR,NISSAN,MAGNITE ACENTA BR10,INDIA,PETROL,999.0,RATNAPURA,BRAND NEW,1,,MAGNITE ACENTA BR10
LAND VEHICLE (SMALL),VIKYNO,RV125-2,VIETNAM,DIESEL,624.0,ANURADHAPURA,BRAND NEW,8,RV125-2,Unknown
LAND VEHICLE (SMALL),VIKYNO,RV125-2,VIETNAM,DIESEL,624.0,AMPARA,BRAND NEW,4,RV125-2,Unknown
MOTOR CYCLE,QUANLE,ZS,CHINA,ELECTRIC,1.2,GAMPAHA,BRAND NEW,6,,ZS
LAND VEHICLE,TAFE,45DI,INDIA,DIESEL,2500.0,AMPARA,BRAND NEW,8,,45DI
MOTOR CYCLE,HONDA,PCX 160 ABS,INDONESIA,PETROL,157.0,COLOMBO,BRAND NEW,1,,PCX 160 ABS
MOTOR CYCLE,HONDA,PCX 160 ABS,INDONESIA,PETROL,160.0,AMPARA,BRAND NEW,1,,PCX 160 ABS
MOTOR CYCLE,ATHER,450X,INDIA,ELECTRIC,3.0,MONERAGALA,BRAND NEW,1,,450X
COMMERCIAL,TATA,LP407,INDIA,DIESEL,2956.0,COLOMBO,BRAND NEW,1,,LP407
MOTOR CYCLE,YAMAHA,YZF R15 VER 4.0,INDIA,PETROL,155.0,GAMPAHA,BRAND NEW,3,,YZF R15 VER 4.0
LAND VEHICLE (SMALL),VIKYNO,RV80,VIETNAM,DIESEL,443.0,ANURADHAPURA,BRAND NEW,1,,RV80
MOTOR CYCLE,BAJAJ,BOXER DELUXE,INDIA,PETROL,99.35,MATARA,BRAND NEW,4,,BOXER DELUXE
MOTOR CYCLE,BAJAJ,BOXER CT,INDIA,PETROL,99.35,MATARA,BRAND NEW,1,,BOXER CT
MOTOR CYCLE,NWOW,WSP,CHINA,ELECTRIC,1.5,PUTTALAM,BRAND NEW,1,,WSP
DUAL PURPOSE (COMMERCIAL),FORD,RANGER,THAILAND,DIESEL,1966.0,RATNAPURA,BRAND NEW,1,,RANGER
MOTOR CYCLE,NWOW,TK 10,CHINA,ELECTRIC,0.8,COLOMBO,BRAND NEW,9,,TK 10
DUAL PURPOSE (COMMERCIAL),TOYOTA,GUN126R-DTTHX  HILUX,THAILAND,DIESEL,2755.0,ANURADHAPURA,BRAND NEW,1,,GUN126R-DTTHX  HILUX
MOTOR CYCLE,YADEA,RUIBIN,CHINA,ELECTRIC,0.8,BADULLA,BRAND NEW,6,,RUIBIN
MOTOR CYCLE,YADEA,M6,CHINA,ELECTRIC,1.2,GAMPAHA,BRAND NEW,3,,M6
SINGLE CAB,TATA,ACE HT2,INDIA,DIESEL,702.0,ANURADHAPURA,BRAND NEW,2,,ACE HT2
MOTOR CYCLE,SOLID,LEO,CHINA,ELECTRIC,1.2,KURUNEGALA,BRAND NEW,2,,LEO
MOTOR CYCLE,SOLID,G6,CHINA,ELECTRIC,1.5,BADULLA,BRAND NEW,1,,G6
MOTOR CYCLE,HERO,XOOM-110,INDIA,PETROL,110.9,GALLE,BRAND NEW,17,XOOM-110,Unknown
MOTOR CYCLE,HERO,XOOM-110,INDIA,PETROL,110.9,GAMPAHA,BRAND NEW,52,XOOM-110,Unknown
MOTOR CYCLE,HERO,HF-DELUXE,INDIA,PETROL,97.2,MULLATIVU,BRAND NEW,4,HF-DELUXE,Unknown
MOTOR CYCLE,HERO,XOOM-110,INDIA,PETROL,110.9,POLONNARUWA,BRAND NEW,36,XOOM-110,Unknown
MOTOR CYCLE,HERO,HF-DELUXE,INDIA,PETROL,97.2,POLONNARUWA,BRAND NEW,10,HF-DELUXE,Unknown
LAND VEHICLE,TAFE,45DI,INDIA,DIESEL,2500.0,MULLATIVU,BRAND NEW,3,,45DI
LAND VEHICLE (SMALL),SIFANG,GN12DI,CHINA,DIESEL,815.0,POLONNARUWA,BRAND NEW,2,,GN12DI
MOTOR CYCLE,YADEA,T 9,CHINA,ELECTRIC,2.0,ANURADHAPURA,BRAND NEW,7,,T 9
MOTOR CYCLE,YADEA,RUIBIN,CHINA,ELECTRIC,0.8,BATTICALOA,BRAND NEW,3,,RUIBIN
MOTOR CYCLE,YADEA,T 9,CHINA,ELECTRIC,2.0,MATARA,BRAND NEW,10,,T 9
THREE WHEELER,MAHINDRA,TREO,INDIA,ELECTRIC,3.5,KALUTARA,BRAND NEW,1,,TREO
MOTOR CYCLE,YADEA,T 9,CHINA,ELECTRIC,2.0,KURUNEGALA,BRAND NEW,12,,T 9
CAR,NISSAN,MAGNITE TEKNA PLUS,INDIA,PETROL,999.0,PUTTALAM,BRAND NEW,1,,MAGNITE TEKNA PLUS
CAR,NISSAN,MAGNITE TEKNA PLUS,INDIA,PETROL,999.0,JAFFNA,BRAND NEW,1,,MAGNITE TEKNA PLUS
CAR,KIA,SONET,INDIA,PETROL,998.0,VAVUNIYA,BRAND NEW,1,,SONET
MOTOR CYCLE,YAMAHA,FZ S FI VER 4.0,INDIA,PETROL,149.0,MATALE,BRAND NEW,3,,FZ S FI VER 4.0
MOTOR CYCLE,BAJAJ,DISCOVER ES,INDIA,PETROL,124.52,MATARA,BRAND NEW,1,,DISCOVER ES
MOTOR CYCLE,TMR LUYUAN,S18,CHINA,ELECTRIC,1.2,KEGALLE,BRAND NEW,1,,S18
MOTOR CYCLE,LUYUAN,MNK3,CHINA,ELECTRIC,1.5,KURUNEGALA,BRAND NEW,4,,MNK3
CAR,BYD,SEAL-COMFORT,CHINA,ELECTRIC,100.0,GALLE,BRAND NEW,9,SEAL-COMFORT,Unknown
CAR,BYD,ATTO3-ADVANCED,CHINA,ELECTRIC,100.0,HAMBANTOTA,BRAND NEW,1,ATTO3-ADVANCED,Unknown
MOTOR CYCLE,YADEA,T5,CHINA,ELECTRIC,1.2,MULLATIVU,BRAND NEW,19,,T5
MOTOR CYCLE,YADEA,T 9,CHINA,ELECTRIC,2.0,PUTTALAM,BRAND NEW,3,,T 9
MOTOR CYCLE,YAMAHA,YZF R15 VER 4.0,INDIA,PETROL,155.0,VAVUNIYA,BRAND NEW,1,,YZF R15 VER 4.0
CAR,TOYOTA,NGC200R-DHXHKF YARIS,INDONESIA,PETROL,1496.0,KANDY,BRAND NEW,1,,NGC200R-DHXHKF YARIS
MOTOR CYCLE,LUYUAN,S90 PLUS,CHINA,ELECTRIC,1.5,COLOMBO,BRAND NEW,2,,S90 PLUS
CAR,BYD,SEALION 6 PREMIUM,CHINA,PETROL/ELE,1498.0,MATARA,BRAND NEW,2,,SEALION 6 PREMIUM
MOTOR CYCLE,BAJAJ,DISCOVER,INDIA,PETROL,121.9,MATARA,BRAND NEW,1,,DISCOVER
MOTOR CYCLE,BAJAJ,PLATINA DRUM BRAKE,INDIA,PETROL,99.27,MATARA,BRAND NEW,1,,PLATINA DRUM BRAKE
MOTOR CYCLE,BAJAJ,BOXER AT,INDIA,PETROL,99.33,MATARA,BRAND NEW,1,,BOXER AT
MOTOR CYCLE,YADEA,E8S PRO,CHINA,ELECTRIC,2.0,GAMPAHA,BRAND NEW,3,,E8S PRO
LAND VEHICLE (SMALL),FARM MASTER,FM300,VIETNAM,DIESEL,666.0,KURUNEGALA,BRAND NEW,2,,FM300
MOTOR CYCLE,QCIX,QUIX-LH,CHINA,ELECTRIC,1.5,GAMPAHA,BRAND NEW,1,QUIX-LH,Unknown
LAND VEHICLE,TAFE,45DI,INDIA,DIESEL,2500.0,ANURADHAPURA,BRAND NEW,3,,45DI
CAR,TOYOTA,F800RE-GQGF RUSH,INDONESIA,PETROL,1496.0,COLOMBO,BRAND NEW,5,,F800RE-GQGF RUSH
CAR,HONDA,6AA-RV5 VEZEL,JAPAN,PETROL/ELE,1496.0,GAMPAHA,BRAND NEW,2,6AA-RV5,VEZEL
CAR,BYD,SEALION 6 PREMIUM,CHINA,PETROL/ELE,1498.0,KEGALLE,BRAND NEW,2,,SEALION 6 PREMIUM
MOTOR CYCLE,YADEA,RUIBIN,CHINA,ELECTRIC,0.8,TRINCOMALEE,BRAND NEW,2,,RUIBIN
MOTOR CYCLE,YAMAHA,FZ S FI VER 4.0,INDIA,PETROL,149.0,POLONNARUWA,BRAND NEW,2,,FZ S FI VER 4.0
MOTOR CYCLE,NWOW,V11,CHINA,ELECTRIC,1.0,HAMBANTOTA,BRAND NEW,1,,V11
MOTOR CYCLE,DYNAMIC,SL,CHINA,ELECTRIC,2.0,RATNAPURA,BRAND NEW,1,,SL
MOTOR CYCLE,QUANLE,N9 (NINEBOT),CHINA,ELECTRIC,1.5,KURUNEGALA,BRAND NEW,7,,N9 (NINEBOT)
LAND VEHICLE,SOLIS,4520,INDIA,DIESEL,2893.0,BADULLA,BRAND NEW,1,,4520
MOTOR CYCLE,SUPER SOCO,TS STREET HUNTER,CHINA,ELECTRIC,2.5,ANURADHAPURA,BRAND NEW,1,,TS STREET HUNTER
LAND VEHICLE,TAFE,45DI,INDIA,DIESEL,2700.0,PUTTALAM,BRAND NEW,1,,45DI
LAND VEHICLE (SMALL),FARM MASTER,RV125-2,CHINA,DIESEL,624.0,ANURADHAPURA,BRAND NEW,1,RV125-2,Unknown
COMMERCIAL,LANKA ASHOK LEYLAND,VIKING,INDIA,DIESEL,6014.0,KURUNEGALA,BRAND NEW,1,,VIKING
CAR,BYD,ATTO3-ADVANCED,CHINA,ELECTRIC,100.0,MATALE,BRAND NEW,1,ATTO3-ADVANCED,Unknown
MOTOR CYCLE,TVS,TVS APACHE ES,INDIA,PETROL,160.0,ANURADHAPURA,BRAND NEW,1,,TVS APACHE ES
MOTOR CYCLE,TMR QUANLE,Q1,CHINA,ELECTRIC,1.2,KURUNEGALA,BRAND NEW,1,,Q1
MOTOR CYCLE,TMR LUYUAN,MQQ6,CHINA,ELECTRIC,0.8,KURUNEGALA,BRAND NEW,1,,MQQ6
MOTOR CYCLE,TAKASHI,ES PRO PLUS,CHINA,ELECTRIC,1.5,RATNAPURA,BRAND NEW,1,,ES PRO PLUS
CAR,PERODUA,AXIA-CG1SZ,MALAYSIA,PETROL,998.0,MATARA,BRAND NEW,2,AXIA-CG1SZ,Unknown
DUAL PURPOSE (COMMERCIAL),TOYOTA,HILUX GUN125R-DTTLX,THAILAND,DIESEL,2393.0,KALUTARA,BRAND NEW,1,,HILUX GUN125R-DTTLX
COMMERCIAL,MITSUBISHI,FUSO,JAPAN,DIESEL,2998.0,KALUTARA,BRAND NEW,4,,FUSO
COMMERCIAL,TOYOTA,HIACE GDH322R-EDTDY,JAPAN,DIESEL,2755.0,COLOMBO,BRAND NEW,2,,HIACE GDH322R-EDTDY
MOTOR CYCLE,YAMAHA,FZ  VER 2.0,INDIA,PETROL,149.0,PUTTALAM,BRAND NEW,4,,FZ  VER 2.0
MOTOR CYCLE,YAMAHA,RAY ZR,INDIA,PETROL,113.0,COLOMBO,BRAND NEW,19,,RAY ZR
CAR,MERCEDES BENZ,GLC200 4MATIC,GERMANY,PETROL,1999.0,COLOMBO,BRAND NEW,1,,GLC200 4MATIC
MOTOR CYCLE,YAMAHA,RAY ZR,INDIA,PETROL,113.0,PUTTALAM,BRAND NEW,2,,RAY ZR
MOTOR CYCLE,YAMAHA,RAY ZR,INDIA,PETROL,113.0,AMPARA,BRAND NEW,6,,RAY ZR
MOTOR CYCLE,YAMAHA,RAY ZR,INDIA,PETROL,113.0,MANNAR,BRAND NEW,3,,RAY ZR
MOTOR LORRY (COMMERCIAL),ISUZU,NMR85U-EH5AY,JAPAN,DIESEL,2999.0,MULLATIVU,BRAND NEW,1,,NMR85U-EH5AY
MOTOR CYCLE,ATHER,450X,INDIA,ELECTRIC,3.0,JAFFNA,BRAND NEW,2,,450X
DUAL PURPOSE (COMMERCIAL),TOYOTA,LITEACE S403RM-BQRFJ,INDONESIA,PETROL,1496.0,COLOMBO,BRAND NEW,1,,LITEACE S403RM-BQRFJ
MOTOR CYCLE,BAJAJ,DISCOVER  125,INDIA,PETROL,124.5,COLOMBO,BRAND NEW,1,,DISCOVER  125
CAR,TOYOTA,F800RE-GQGF RUSH,INDONESIA,PETROL,1496.0,NUWARA-ELIYA,BRAND NEW,1,,F800RE-GQGF RUSH
LAND VEHICLE,JOHN DEERE,5047D,INDIA,DIESEL,2940.0,MULLATIVU,BRAND NEW,1,,5047D
MOTOR CYCLE,YAMAHA,YZF R15 VER 4.0,INDIA,PETROL,155.0,MATARA,BRAND NEW,1,,YZF R15 VER 4.0
MOTOR LORRY (COMMERCIAL),ISUZU,NQR75U-KN5VAYN,JAPAN,DIESEL,0.0,KANDY,BRAND NEW,1,,NQR75U-KN5VAYN
CAR,PERODUA,BEZZA,MALAYSIA,PETROL,998.0,AMPARA,BRAND NEW,1,,BEZZA
MOTOR CYCLE,QUANLE,N9 (NINEBOT),CHINA,ELECTRIC,1.5,GALLE,BRAND NEW,1,,N9 (NINEBOT)
CAR,BYD,SEAL-COMFORT,CHINA,ELECTRIC,100.0,JAFFNA,BRAND NEW,1,SEAL-COMFORT,Unknown
CAR,TOYOTA,ZRE210R-GEXEKCOROLLA,THAILAND,PETROL,1598.0,COLOMBO,BRAND NEW,1,,ZRE210R-GEXEKCOROLLA
MOTOR CYCLE,DAYWANG(DW)SL,E-MOTOR CYCLE,CHINA,ELECTRIC,0.8,ANURADHAPURA,BRAND NEW,1,,E-MOTOR CYCLE
LAND VEHICLE (SMALL),LAND FORCE,RK 80,THAILAND,DIESEL,443.0,ANURADHAPURA,BRAND NEW,1,,RK 80
SPECIAL PURPOSE VEHICLE,XCMG,XC938 WHEEL LOADER,CHINA,DIESEL,6750.0,VAVUNIYA,BRAND NEW,1,,XC938 WHEEL LOADER
MOTOR CYCLE,SUPER SOCO,TS STREET HUNTER,CHINA,ELECTRIC,2.5,RATNAPURA,BRAND NEW,1,,TS STREET HUNTER
MOTOR CYCLE,TVS,TVS RAIDER 125,SRI LANKA,PETROL,124.79,BATTICALOA,BRAND NEW-L/ASSEMBLE,15,,TVS RAIDER 125
MOTOR CYCLE,BAJAJ,DISCOVER 125,SRI LANKA,PETROL,124.5,AMPARA,BRAND NEW-L/ASSEMBLE,12,,DISCOVER 125
MOTOR CYCLE,BAJAJ,DISCOVER 125,SRI LANKA,PETROL,124.5,GAMPAHA,BRAND NEW-L/ASSEMBLE,51,,DISCOVER 125
MOTOR CYCLE,BAJAJ,CT 100 ES,SRI LANKA,PETROL,102.0,HAMBANTOTA,BRAND NEW-L/ASSEMBLE,22,,CT 100 ES
MOTOR CYCLE,BAJAJ,CT 100 ES,SRI LANKA,PETROL,102.0,BADULLA,BRAND NEW-L/ASSEMBLE,19,,CT 100 ES
MOTOR LORRY (COMMERCIAL),LANKA ASHOK LEYLAND,TUSKER SUPER 1618,SRI LANKA,DIESEL,5759.0,KURUNEGALA,BRAND NEW-L/ASSEMBLE,2,,TUSKER SUPER 1618
MOTOR CYCLE,TVS,TVS RAIDER 125,SRI LANKA,PETROL,124.79,NUWARA-ELIYA,BRAND NEW-L/ASSEMBLE,4,,TVS RAIDER 125
MOTOR CYCLE,TVS,TVS XL 100,SRI LANKA,PETROL,99.7,KEGALLE,BRAND NEW-L/ASSEMBLE,4,,TVS XL 100
MOTOR CYCLE,RANOMOTO,MOPED SUPER,SRI LANKA,PETROL,49.0,POLONNARUWA,BRAND NEW-L/ASSEMBLE,4,,MOPED SUPER
MOTOR CYCLE,TVS,TVS XL 100,SRI LANKA,PETROL,99.7,MANNAR,BRAND NEW-L/ASSEMBLE,11,,TVS XL 100
SINGLE CAB,MAHINDRA,BOLERO CITY PICKUP,SRI LANKA,DIESEL,2523.0,HAMBANTOTA,BRAND NEW-L/ASSEMBLE,3,,BOLERO CITY PICKUP
SINGLE CAB,MAHINDRA,BOLERO CITY PICK UP,SRI LANKA,DIESEL,2523.0,COLOMBO,BRAND NEW-L/ASSEMBLE,4,,BOLERO CITY PICK UP
SINGLE CAB,LANKA ASHOK LEYLAND,DOST,SRI LANKA,DIESEL,1478.0,RATNAPURA,BRAND NEW-L/ASSEMBLE,1,,DOST
MOTOR CYCLE,TVS,NTORQ 125,SRI LANKA,PETROL,124.8,MATARA,BRAND NEW-L/ASSEMBLE,30,,NTORQ 125
SINGLE CAB,MAHINDRA,BOLERO CITY PICK UP,SRI LANKA,DIESEL,2523.0,GALLE,BRAND NEW-L/ASSEMBLE,1,,BOLERO CITY PICK UP
MOTOR LORRY (COMMERCIAL),LANKA ASHOK LEYLAND,TUSKER SUPER 1618,SRI LANKA,DIESEL,5759.0,PUTTALAM,BRAND NEW-L/ASSEMBLE,1,,TUSKER SUPER 1618
MOTOR CYCLE,RANOMOTO,MOPED SUPER,SRI LANKA,PETROL,49.0,KILINOCHCHI,BRAND NEW-L/ASSEMBLE,1,,MOPED SUPER
MOTOR LORRY (COMMERCIAL),JAC,JX1044TC2R,SRI LANKA,DIESEL,2771.0,PUTTALAM,BRAND NEW-L/ASSEMBLE,1,,JX1044TC2R
MOTOR LORRY (COMMERCIAL),LANKA ASHOK LEYLAND,E COMET 1212,SRI LANKA,DIESEL,3839.0,GAMPAHA,BRAND NEW-L/ASSEMBLE,1,,E COMET 1212
MOTOR CYCLE,HONDA,ADV 160,JAPAN,PETROL,157.0,GALLE,RECONDITIONED,3,,ADV 160
CAR,TOYOTA,3BA-TRJ250W,JAPAN,PETROL,2693.0,GALLE,RECONDITIONED,1,3BA-TRJ250W,PRADO250
CAR,TOYOTA,5BA-A201A RAIZE,JAPAN,PETROL,1196.0,ANURADHAPURA,RECONDITIONED,3,5BA-A201A,RAIZE
CAR,SUZUKI,5AA-MK94S SPACIA,JAPAN,PETROL,658.0,GAMPAHA,RECONDITIONED,4,5AA-MK94S,SPACIA
CAR,HONDA,VEZEL 6AA-RV5,JAPAN,PETROL/ELE,1496.0,COLOMBO,RECONDITIONED,2,,VEZEL 6AA-RV5
CAR,TOYOTA,6AA-ZVG13 COROLLA,JAPAN,PETROL/ELE,1797.0,COLOMBO,RECONDITIONED,6,6AA-ZVG13,COROLLA
MOTOR CYCLE,HONDA,PCX,VIETNAM,PETROL,157.0,KURUNEGALA,RECONDITIONED,2,,PCX
CAR,SUZUKI,5AA-MK94S,JAPAN,PETROL,658.0,KANDY,RECONDITIONED,1,5AA-MK94S,SPASIA
CAR,TOYOTA,5BA-KSP210 YARIS X,JAPAN,PETROL,996.0,KANDY,RECONDITIONED,1,5BA-KSP210,YARIS X
CAR,SUZUKI,5AA-MK94S SPACIA,JAPAN,PETROL/ELE,658.0,GAMPAHA,RECONDITIONED,2,5AA-MK94S,SPACIA
SINGLE CAB,SUZUKI,3BD-DA16T CARRY,JAPAN,PETROL,658.0,GAMPAHA,RECONDITIONED,6,3BD-DA16T,CARRY
MOTOR CYCLE,HONDA,PCX 160,VIETNAM,PETROL,157.0,PUTTALAM,RECONDITIONED,2,,PCX 160
CAR,HONDA,6AA-RV6 VEZEL,JAPAN,PETROL/ELE,1496.0,KURUNEGALA,RECONDITIONED,1,6AA-RV6,VEZEL
SINGLE CAB,SUZUKI,3BD-DA16T CARRY,JAPAN,PETROL,658.0,KURUNEGALA,RECONDITIONED,6,3BD-DA16T,CARRY
CAR,SUZUKI,4AA-MH55S WAGON R,JAPAN,PETROL,658.0,PUTTALAM,RECONDITIONED,2,4AA-MH55S,WAGON R
CAR,NISSAN,5AA-B44W DAYZ,JAPAN,PETROL,658.0,KURUNEGALA,RECONDITIONED,2,5AA-B44W,DAYZ
CAR,TOYOTA,3BA-210A RAIZE,JAPAN,PETROL,996.0,KANDY,RECONDITIONED,1,3BA-210A,RAIZE
CAR,DAIHATSU,5BA-LA900S,JAPAN,PETROL,658.0,KALUTARA,RECONDITIONED,1,5BA-LA900S,TAFT
CAR,DAIHATSU,5BA-LA350S MIRA E.S,JAPAN,PETROL,656.0,GAMPAHA,RECONDITIONED,1,5BA-LA350S,MIRA E.S
CAR,TOYOTA,5BA-M900A  ROOMY,JAPAN,PETROL,996.0,COLOMBO,RECONDITIONED,2,5BA-M900A,ROOMY
CAR,TOYOTA,5BA-LA350A PIXIS,JAPAN,PETROL,658.0,JAFFNA,RECONDITIONED,1,5BA-LA350A,PIXIS
CAR,SUZUKI,WAGON R 5BA-MH85S,JAPAN,PETROL,658.0,COLOMBO,RECONDITIONED,1,,WAGON R 5BA-MH85S
CAR,SUZUKI,EVERY 3BA-DA17W,JAPAN,PETROL,658.0,COLOMBO,RECONDITIONED,1,,EVERY 3BA-DA17W
MOTOR CYCLE,HONDA,ADV 160,JAPAN,PETROL,157.0,GAMPAHA,RECONDITIONED,2,,ADV 160
DUAL PURPOSE (COMMERCIAL),FORD,RANGER RAPTOR,THAILAND,DIESEL,1996.0,KANDY,RECONDITIONED,2,,RANGER RAPTOR
CAR,SUZUKI,5BD-DA17V EVERY,JAPAN,PETROL,658.0,ANURADHAPURA,RECONDITIONED,4,5BD-DA17V,EVERY
LAND VEHICLE (SMALL),KUBOTA,K600A,JAPAN,DIESEL,422.0,MATARA,RECONDITIONED,1,,K600A
LAND VEHICLE (SMALL),KUBOTA,K600A,JAPAN,DIESEL,422.0,JAFFNA,RECONDITIONED,1,,K600A
COMMERCIAL,TOYOTA,3DF-GDH223B HIACE,JAPAN,DIESEL,2754.0,BATTICALOA,RECONDITIONED,1,3DF-GDH223B,HIACE
CAR,TOYOTA,5AA-A202A RAIZE,JAPAN,PETROL/ELE,1196.0,RATNAPURA,RECONDITIONED,1,5AA-A202A,RAIZE
CAR,SUZUKI,5AA-MH95S WAGON R,JAPAN,PETROL/ELE,658.0,MULLATIVU,RECONDITIONED,1,5AA-MH95S,WAGON R
CAR,TOYOTA,6AA-ZVG13,JAPAN,PETROL/ELE,1797.0,GAMPAHA,RECONDITIONED,1,6AA-ZVG13,COROLLA
CAR,SUZUKI,5BD-DA17V EVERY,JAPAN,PETROL,658.0,PUTTALAM,RECONDITIONED,5,5BD-DA17V,EVERY
CAR,TOYOTA,5BA-A201A RAIZE,JAPAN,PETROL,1198.0,COLOMBO,RECONDITIONED,4,5BA-A201A,RAIZE
DUAL PURPOSE (COMMERCIAL),TOYOTA,REVO GR SPORT,THAILAND,DIESEL,2755.0,GALLE,RECONDITIONED,1,,REVO GR SPORT
CAR,TOYOTA,YARIS CROSS HEV,THAILAND,PETROL/ELE,1496.0,COLOMBO,RECONDITIONED,1,,YARIS CROSS HEV
CAR,TOYOTA,HARRIER 6BA-MXUA80,JAPAN,PETROL,1986.0,COLOMBO,RECONDITIONED,1,,HARRIER 6BA-MXUA80
CAR,SUZUKI,5AA-MK94S SPACIA,JAPAN,PETROL/ELE,656.0,POLONNARUWA,RECONDITIONED,1,5AA-MK94S,SPACIA
CAR,TOYOTA,5BA-A201A RAIZE,JAPAN,PETROL,1196.0,BADULLA,RECONDITIONED,3,5BA-A201A,RAIZE
CAR,MAZDA,5AA-MJ95S FLAIR,JAPAN,PETROL/ELE,658.0,COLOMBO,RECONDITIONED,2,5AA-MJ95S,FLAIR
CAR,TOYOTA,5BA-A201A RAIZE,JAPAN,PETROL,1190.0,GAMPAHA,RECONDITIONED,1,5BA-A201A,RAIZE
CAR,TOYOTA,5BA-MXPB10 YARIS,JAPAN,PETROL,1496.0,KURUNEGALA,RECONDITIONED,1,5BA-MXPB10,YARIS
SPECIAL PURPOSE VEHICLE,KOMATSU,FG18-15,JAPAN,DIESEL,1500.0,COLOMBO,RECONDITIONED,1,FG18-15,Unknown
COMMERCIAL,TOYOTA,HIACE-GDH322R-EDFDY,THAILAND,DIESEL,2755.0,COLOMBO,RECONDITIONED,1,HIACE-GDH322R-EDFDY,Unknown
CAR,MAZDA,5AA-MJ95S FLAIR,JAPAN,PETROL/ELE,658.0,GAMPAHA,RECONDITIONED,3,5AA-MJ95S,FLAIR
CAR,HONDA,6BA-JH3,JAPAN,PETROL,658.0,COLOMBO,RECONDITIONED,1,6BA-JH3,N-WGN
CAR,SUZUKI,5BA-MH85S WAGON R,JAPAN,PETROL,656.0,ANURADHAPURA,RECONDITIONED,8,5BA-MH85S,WAGON R
CAR,SUZUKI,3BD-DA17V EVERY,JAPAN,PETROL,656.0,GAMPAHA,RECONDITIONED,1,3BD-DA17V,EVERY
CAR,DAIHATSU,5AA-A202S ROCKY,JAPAN,PETROL/ELE,78.0,MATARA,RECONDITIONED,1,5AA-A202S,ROCKY
CAR,NISSAN,DBA-B21A DAYZ ROOX,JAPAN,PETROL,658.0,KANDY,RECONDITIONED,1,DBA-B21A,DAYZ ROOX
CAR,SUZUE,5BA-MH85S WAGON R,JAPAN,PETROL,658.0,KURUNEGALA,RECONDITIONED,1,5BA-MH85S,WAGON R
CAR,TOYOTA,5BA-M900A,JAPAN,PETROL,996.0,KANDY,RECONDITIONED,1,5BA-M900A,Unknown
CAR,SUZUKI,5AA-MK53S,JAPAN,PETROL,658.0,GALLE,RECONDITIONED,1,5AA-MK53S,Unknown
CAR,SUZUKI,5AA-MH95S  WAGON R,JAPAN,PETROL,657.0,PUTTALAM,RECONDITIONED,1,5AA-MH95S,WAGON R
CAR,SUZUKI,3BA-HA37S ALTO,JAPAN,PETROL,650.0,POLONNARUWA,RECONDITIONED,1,3BA-HA37S,ALTO
CAR,SUZUKI,5AA-MH95S  WAGON R,JAPAN,PETROL/ELE,657.0,GALLE,RECONDITIONED,1,5AA-MH95S,WAGON R
CAR,TOYOTA,YARIS CROSS,THAILAND,PETROL/ELE,1496.0,GAMPAHA,RECONDITIONED,5,,YARIS CROSS
SINGLE CAB,SUZUKI,3BD-DA16T CARTRY,JAPAN,PETROL,658.0,GAMPAHA,RECONDITIONED,1,3BD-DA16T,CARTRY
MOTOR CYCLE,HONDA,PCX160,JAPAN,PETROL,157.0,KANDY,RECONDITIONED,3,,PCX160
CAR,DAIHATSU,5BA-LA900S TAFT,JAPAN,PETROL,658.0,HAMBANTOTA,RECONDITIONED,1,5BA-LA900S,TAFT
SPECIAL PURPOSE VEHICLE,J.C.B,3CX BACKHOE LOADER,UNITED KINGDOM,DIESEL,3900.0,HAMBANTOTA,RECONDITIONED,1,,3CX BACKHOE LOADER
CAR,TOYOTA,5BA-A201A,JAPAN,PETROL,1196.0,GAMPAHA,RECONDITIONED,1,5BA-A201A,Unknown
MOTOR CYCLE,HONDA,ADV160,JAPAN,PETROL,156.0,COLOMBO,RECONDITIONED,1,,ADV160
CAR,HONDA,6AA-RV5  VEZEL,JAPAN,PETROL/ELE,1496.0,BADULLA,RECONDITIONED,1,6AA-RV5,VEZEL
MOTOR CYCLE,ROYAL ENFIELD,CLASSIC,INDIA,PETROL,349.0,BATTICALOA,RECONDITIONED,1,,CLASSIC
CAR,MITSUBISHI,5BA-B33W EK WAGON,JAPAN,PETROL,658.0,BATTICALOA,RECONDITIONED,1,5BA-B33W,EK WAGON
CAR,DAIHATSU,5BA-M900S THOR,JAPAN,PETROL,996.0,GALLE,RECONDITIONED,1,5BA-M900S,THOR
CAR,TOYOTA,3BA-NGX10 C-HR,JAPAN,PETROL,1196.0,KANDY,RECONDITIONED,1,3BA-NGX10,C-HR
CAR,HONDA,CITY,THAILAND,PETROL,988.0,KURUNEGALA,RECONDITIONED,1,,CITY
MOTOR CYCLE,HONDA,PCX-125,JAPAN,PETROL,124.0,PUTTALAM,RECONDITIONED,3,PCX-125,Unknown
CAR,SUZUKI,5BA-MH85S WAGON R,JAPAN,PETROL,657.0,ANURADHAPURA,RECONDITIONED,2,5BA-MH85S,WAGON R
MOTOR CYCLE,HONDA,PCX 160,JAPAN,PETROL,157.0,COLOMBO,RECONDITIONED,2,,PCX 160
DUAL PURPOSE (COMMERCIAL),TOYOTA,REVO GR SPORT,THAILAND,DIESEL,2755.0,KANDY,RECONDITIONED,1,,REVO GR SPORT
CAR,LEXUS,6AA-MAYH10  LBX,JAPAN,PETROL/ELE,1490.0,COLOMBO,RECONDITIONED,1,6AA-MAYH10,LBX
CAR,HONDA,6BA-JF3 N BOX CUSTOM,JAPAN,PETROL,658.0,GAMPAHA,RECONDITIONED,1,6BA-JF3,N BOX CUSTOM
CAR,TOYOTA,3BA-A210A  RAIZE,JAPAN,PETROL,996.0,KURUNEGALA,RECONDITIONED,2,3BA-A210A,RAIZE
CAR,SUZUKI,3BA-HA37S ALTO,JAPAN,PETROL,650.0,KANDY,RECONDITIONED,1,3BA-HA37S,ALTO
CAR,TOYOTA,5AA-A202A RAIZE,JAPAN,PETROL/ELE,1190.0,KURUNEGALA,RECONDITIONED,1,5AA-A202A,RAIZE
CAR,TOYOTA,5BA-MZEA17 COROLLA,JAPAN,PETROL,1490.0,KALUTARA,RECONDITIONED,1,5BA-MZEA17,COROLLA
CAR,MITSUBISHI,5BA-B33W EK WAGON,JAPAN,PETROL,658.0,KURUNEGALA,RECONDITIONED,1,5BA-B33W,EK WAGON
CAR,TOYOTA,5BA-LA350A,JAPAN,PETROL,658.0,KANDY,RECONDITIONED,1,5BA-LA350A,PIXIS
SINGLE CAB,TOYOTA,HILUX REVO,THAILAND,DIESEL,2755.0,COLOMBO,RECONDITIONED,2,,HILUX REVO
CAR,HONDA,CITY RS,THAILAND,PETROL,988.0,TRINCOMALEE,RECONDITIONED,1,,CITY RS
CAR,TOYOTA,5AA-A202A RAIZE,JAPAN,ELECTRIC,78.0,GAMPAHA,RECONDITIONED,1,5AA-A202A,RAIZE
CAR,TOYOTA,3BD-S700M,JAPAN,PETROL,658.0,COLOMBO,RECONDITIONED,1,3BD-S700M,Unknown
SINGLE CAB,TOYOTA,3BD-S510U,JAPAN,PETROL,658.0,MATARA,RECONDITIONED,1,3BD-S510U,Unknown
CAR,SUZUKI,5BA-MH85S WAGON R,JAPAN,PETROL,658.0,AMPARA,RECONDITIONED,1,5BA-MH85S,WAGON R
CAR,MAZDA,5AA-MJ95S FLAIR,JAPAN,PETROL,658.0,PUTTALAM,RECONDITIONED,1,5AA-MJ95S,FLAIR
CAR,LEXUS,3BA-VJA310W LX600,JAPAN,PETROL,3444.0,RATNAPURA,RECONDITIONED,1,3BA-VJA310W,LX600
CAR,TOYOTA,6AA-MXPK11 AQUA,JAPAN,PETROL/ELE,1496.0,GAMPAHA,RECONDITIONED,1,6AA-MXPK11,AQUA
CAR,SUZUKI,5AA MH95S WAGON R,JAPAN,PETROL/ELE,658.0,GAMPAHA,RECONDITIONED,1,,5AA MH95S WAGON R
DUAL PURPOSE (COMMERCIAL),FORD,RANGER RAPTOR,THAILAND,DIESEL,2956.0,ANURADHAPURA,RECONDITIONED,1,,RANGER RAPTOR
CAR,NISSAN,4BA-R35  GT-R,JAPAN,PETROL,3799.0,GAMPAHA,RECONDITIONED,1,4BA-R35,GT-R
CAR,TOYOTA,5BA-KSP210 YARIS,JAPAN,PETROL,996.0,MULLATIVU,RECONDITIONED,1,5BA-KSP210,YARIS
CAR,FEIYEPAI,3BA-HA37S ALTO,JAPAN,PETROL,658.0,GALLE,RECONDITIONED,1,3BA-HA37S,ALTO
CAR,LAND ROVER,DEFENDER,UNITED KINGDOM,PETROL/ELE,1997.0,GAMPAHA,RECONDITIONED,1,,DEFENDER
CAR,BYD,ATTO3-ADVANCED,CHINA,ELECTRIC,100.0,COLOMBO,RECONDITIONED,1,ATTO3-ADVANCED,Unknown
CAR,NISSAN,5AA-B44W DAYZ,JAPAN,PETROL,658.0,BADULLA,RECONDITIONED,1,5AA-B44W,DAYZ
CAR,SUZUKI,5BA-MH85S WAGOON R,JAPAN,PETROL,656.0,GAMPAHA,RECONDITIONED,1,5BA-MH85S,WAGOON R
CAR,TOYOTA,6AA-MXPJ10 YARIS,JAPAN,PETROL,1496.0,HAMBANTOTA,RECONDITIONED,1,6AA-MXPJ10,YARIS
DUAL PURPOSE (COMMERCIAL),TMT,3DF-GUN125 HILUX,JAPAN,DIESEL,2393.0,ANURADHAPURA,RECONDITIONED,1,3DF-GUN125,HILUX
CAR,SUZUKI,4AA-MK54S SPACIA,JAPAN,PETROL,658.0,BATTICALOA,RECONDITIONED,1,4AA-MK54S,SPACIA
MOTOR CYCLE,SUZUKI,ADDRESS 125,JAPAN,PETROL,124.0,GALLE,RECONDITIONED,1,,ADDRESS 125
CAR,MITSUBISHI,EK WAGON 5BA-B33W,JAPAN,PETROL,659.0,COLOMBO,RECONDITIONED,1,,EK WAGON 5BA-B33W
CAR,TOYOTA,5AA-A202A RAIZE,JAPAN,PETROL/ELE,1196.0,JAFFNA,RECONDITIONED,2,5AA-A202A,RAIZE
MOTOR CYCLE,HONDA,PCX,JAPAN,PETROL,125.0,PUTTALAM,RECONDITIONED,1,,PCX
CAR,TOYOTA,5BA-A201A   RAIZE,JAPAN,PETROL,1196.0,HAMBANTOTA,RECONDITIONED,1,5BA-A201A,RAIZE
COMMERCIAL,TOYOTA,HIACE COMMUTER,THAILAND,DIESEL,2755.0,BATTICALOA,RECONDITIONED,1,,HIACE COMMUTER
SPECIAL PURPOSE VEHICLE,J.C.B,3CX WHEEL LOADER,UNITED KINGDOM,DIESEL,4400.0,MONERAGALA,RECONDITIONED,1,,3CX WHEEL LOADER
MOTOR CYCLE,HONDA,PCX125,VIETNAM,PETROL,124.0,GAMPAHA,RECONDITIONED,1,,PCX125
CAR,DAIHATSU,5BA-LA350S,JAPAN,PETROL,658.0,RATNAPURA,RECONDITIONED,1,5BA-LA350S,MIRA.ES
CAR,TOYOTA,3BA-TRJ250W PRADO,JAPAN,PETROL,2693.0,KURUNEGALA,RECONDITIONED,1,3BA-TRJ250W,PRADO
CAR,HONDA,CITY,THAILAND,PETROL,988.0,GAMPAHA,RECONDITIONED,1,,CITY
MOTOR CYCLE,RISE,LEADER 125,SRI LANKA,PETROL,125.0,KURUNEGALA,BRAND NEW-L/MANUFACT,6,,LEADER 125
MOTOR CYCLE,RISE,LEADER R 100,SRI LANKA,ELECTRIC,2.0,MULLATIVU,BRAND NEW-L/MANUFACT,1,,LEADER R 100
TRACTOR TRAILER/BOWSER,LOCALLY BUILT,LOW BED TRAILER,SRI LANKA,NOT STATED,0.0,KURUNEGALA,LOCALLY BUILT,23,,LOW BED TRAILER
CAR,HONDA,6AA-RV5 VEZEL,JAPAN,PETROL/ELE,1490.0,GAMPAHA,LOCALLY BUILT,1,6AA-RV5,VEZEL
TRACTOR TRAILER/BOWSER,LOCALLY BUILT,TRACTOR  TRAILER,SRI LANKA,NOT STATED,0.0,TRINCOMALEE,LOCALLY BUILT,2,,TRACTOR  TRAILER
LORRY TRAILER/BOWSER,DUTCH LANKA TRAILER,DLST-40/40T,SRI LANKA,NOT STATED,0.0,GAMPAHA,LOCALLY BUILT,1,DLST-40,/40T
TRACTOR TRAILER/BOWSER,LOCALLY BUILT,TRACTOR  TRAILER,SRI LANKA,NOT STATED,0.0,KEGALLE,LOCALLY BUILT,1,,TRACTOR  TRAILER
LAND VEHICLE (SMALL),LAND FORCE,LF1100,THAILAND,DIESEL,312.0,BADULLA,BRAND NEW,1,,LF1100
LAND VEHICLE,TAFE,45DI,INDIA,DIESEL,2700.0,KURUNEGALA,BRAND NEW,4,,45DI
MOTOR CYCLE,TVS,TVS NTORQ 125 CC,INDIA,PETROL,124.8,PUTTALAM,BRAND NEW,49,,TVS NTORQ 125 CC
MOTOR CYCLE,TVS,TVS NTORQ 125 CC,INDIA,PETROL,124.8,NUWARA-ELIYA,BRAND NEW,9,,TVS NTORQ 125 CC
MOTOR CYCLE,TVS,TVS NTORQ 125 CC,INDIA,PETROL,124.8,MATALE,BRAND NEW,19,,TVS NTORQ 125 CC
MOTOR CYCLE,ATHER,450X,INDIA,ELECTRIC,3.0,HAMBANTOTA,BRAND NEW,2,,450X
THREE WHEELER,BAJAJ,RE 4S AUTORICKSHAW,INDIA,PETROL,237.0,KILINOCHCHI,BRAND NEW,15,,RE 4S AUTORICKSHAW
THREE WHEELER,BAJAJ,RE 4S AUTORICKSHAW,INDIA,PETROL,237.0,BADULLA,BRAND NEW,28,,RE 4S AUTORICKSHAW
CAR,BYD,SEALION 6 SUPERIOR,CHINA,PETROL/ELE,1498.0,COLOMBO,BRAND NEW,267,,SEALION 6 SUPERIOR
MOTOR CYCLE,LUYUAN ALFA,MKK-Z23E-12-C,CHINA,ELECTRIC,1.2,ANURADHAPURA,BRAND NEW,4,MKK-Z23E-12-C,Unknown
MOTOR CYCLE,TVS,TVS NTORQ 125 CC,INDIA,PETROL,124.8,BATTICALOA,BRAND NEW,49,,TVS NTORQ 125 CC
MOTOR CYCLE,TVS,IQUBE,INDIA,ELECTRIC,3.34,GALLE,BRAND NEW,2,,IQUBE
MOTOR CYCLE,RANOMOTO,GN125H,CHINA,PETROL,124.0,MONERAGALA,BRAND NEW,11,,GN125H
MOTOR CYCLE,LIMA,ELO-07,CHINA,ELECTRIC,1.5,KANDY,BRAND NEW,6,ELO-07,Unknown
MOTOR CYCLE,BAJAJ,PULSAR N 160,INDIA,PETROL,164.32,GAMPAHA,BRAND NEW,111,,PULSAR N 160
MOTOR CYCLE,BAJAJ,PULSAR N 125,INDIA,PETROL,124.58,COLOMBO,BRAND NEW,158,,PULSAR N 125
MOTOR CYCLE,BAJAJ,PULSAR N 160,INDIA,PETROL,164.82,GAMPAHA,BRAND NEW,1,,PULSAR N 160
MOTOR CYCLE,BAJAJ,PULSAR NS 200,INDIA,PETROL,199.5,GAMPAHA,BRAND NEW,7,,PULSAR NS 200
LAND VEHICLE,MAHINDRA,YUVO TECH PLUS 575DI,INDIA,DIESEL,2979.0,MATARA,BRAND NEW,1,,YUVO TECH PLUS 575DI
SINGLE CAB,MAHINDRA,BOLERO CITY PICKUP,INDIA,DIESEL,2523.0,KILINOCHCHI,BRAND NEW,2,,BOLERO CITY PICKUP
CAR,BYD,ATTO-3-SUPERIOR,CHINA,ELECTRIC,100.0,KEGALLE,BRAND NEW,4,ATTO-3-SUPERIOR,Unknown
CAR,NISSAN,MAGNITE ACENTA BR10,INDIA,PETROL,999.0,GAMPAHA,BRAND NEW,7,,MAGNITE ACENTA BR10
CAR,PERODUA,BEZZA,MALAYSIA,PETROL,998.0,HAMBANTOTA,BRAND NEW,3,,BEZZA
MOTOR CYCLE,BAJAJ,PULSAR N 160,INDIA,PETROL,164.32,VAVUNIYA,BRAND NEW,11,,PULSAR N 160
MOTOR CYCLE,YAMAHA,MT 15 VER 2.0,INDIA,PETROL,155.0,KALUTARA,BRAND NEW,3,,MT 15 VER 2.0
MOTOR CYCLE,YAMAHA,RAY ZRSTREETRALLY125,INDIA,PETROL,125.0,KURUNEGALA,BRAND NEW,4,,RAY ZRSTREETRALLY125
LAND VEHICLE (SMALL),FARM MASTER,FM300,VIETNAM,DIESEL,666.0,RATNAPURA,BRAND NEW,1,,FM300
LAND VEHICLE (SMALL),FARM MASTER,RV125-2,CHINA,DIESEL,624.0,KURUNEGALA,BRAND NEW,6,RV125-2,Unknown
LAND VEHICLE (SMALL),FARM MASTER,RV125-2,CHINA,DIESEL,624.0,POLONNARUWA,BRAND NEW,2,RV125-2,Unknown
MOTOR CYCLE,QUANLE,Q1,CHINA,ELECTRIC,1.2,POLONNARUWA,BRAND NEW,1,,Q1
MOTOR CYCLE,BAJAJ,PULSAR N 160,INDIA,PETROL,164.32,JAFFNA,BRAND NEW,54,,PULSAR N 160
MOTOR CYCLE,LIMA,ELO-07,CHINA,ELECTRIC,1.5,HAMBANTOTA,BRAND NEW,7,ELO-07,Unknown
MOTOR CYCLE,BAJAJ,PULSAR N 125,INDIA,PETROL,124.58,GALLE,BRAND NEW,106,,PULSAR N 125
LAND VEHICLE (SMALL),LAND FORCE,RK160,THAILAND,DIESEL,780.0,BADULLA,BRAND NEW,1,,RK160
LAND VEHICLE,TAFE,45DI,INDIA,DIESEL,2700.0,BATTICALOA,BRAND NEW,1,,45DI
MOTOR CYCLE,HONDA,PCX 160 ABS,INDONESIA,PETROL,160.0,COLOMBO,BRAND NEW,1,,PCX 160 ABS
MOTOR CYCLE,ATHER,450X,INDIA,ELECTRIC,3.0,GALLE,BRAND NEW,2,,450X
CAR,SAIC,MGHS PHEV,CHINA,PETROL/ELE,1496.0,GAMPAHA,BRAND NEW,2,,MGHS PHEV
MOTOR CYCLE,YAMAHA,RAY ZR 125,INDIA,PETROL,125.0,RATNAPURA,BRAND NEW,10,,RAY ZR 125
MOTOR CYCLE,VMOTO,CITI,CHINA,ELECTRIC,2.0,GAMPAHA,BRAND NEW,5,,CITI
MOTOR CYCLE,YAMAHA,MT 15 VER 2.0,INDIA,PETROL,155.0,TRINCOMALEE,BRAND NEW,6,,MT 15 VER 2.0
COMMERCIAL,TOYOTA,GDH322R-EDTDY HIACE,JAPAN,DIESEL,2755.0,COLOMBO,BRAND NEW,3,,GDH322R-EDTDY HIACE
CAR,BYD,ATTO3-ADVANCED,CHINA,ELECTRIC,100.0,KANDY,BRAND NEW,12,ATTO3-ADVANCED,Unknown
MOTOR CYCLE,TVS,VICTOR,INDIA,PETROL,110.0,MATARA,BRAND NEW,1,,VICTOR
MOTOR CYCLE,BAJAJ,DICOVER,INDIA,PETROL,124.52,MATARA,BRAND NEW,2,,DICOVER
MOTOR CYCLE,BAJAJ,PLATINA,INDIA,PETROL,99.27,MATARA,BRAND NEW,5,,PLATINA
MOTOR CYCLE,BAJAJ,DISCOVER,INDIA,PETROL,129.32,MATARA,BRAND NEW,1,,DISCOVER
MOTOR CYCLE,BAJAJ,CALIBER 115,INDIA,PETROL,111.6,MATARA,BRAND NEW,2,,CALIBER 115
MOTOR CYCLE,HERO HONDA,CD-DAWN,INDIA,PETROL,100.0,MATARA,BRAND NEW,2,CD-DAWN,Unknown
MOTOR CYCLE,QUANLE,G18,CHINA,ELECTRIC,2.0,MATALE,BRAND NEW,1,,G18
MOTOR CYCLE,TMR LUYUAN,MQQ6,CHINA,ELECTRIC,0.8,GAMPAHA,BRAND NEW,2,,MQQ6
MOTOR CYCLE,QUANLE,ZL,CHINA,ELECTRIC,2.0,MATARA,BRAND NEW,1,,ZL
MOTOR CYCLE,QUANLE,G18,CHINA,ELECTRIC,2.0,MONERAGALA,BRAND NEW,4,,G18
MOTOR CYCLE,YADEA,M6,CHINA,ELECTRIC,1.2,COLOMBO,BRAND NEW,1,,M6
MOTOR CYCLE,QUANLE,N9 (NINEBOT),CHINA,ELECTRIC,1.5,GAMPAHA,BRAND NEW,7,,N9 (NINEBOT)
CAR,KIA,SONET,INDIA,PETROL,998.0,GALLE,BRAND NEW,3,,SONET
MOTOR CYCLE,REVOLT,RV 400,INDIA,ELECTRIC,3.0,RATNAPURA,BRAND NEW,1,,RV 400
MOTOR CYCLE,VMOTO,CITI,CHINA,ELECTRIC,2.0,KALUTARA,BRAND NEW,2,,CITI
MOTOR CYCLE,HERO,XOOM-110,INDIA,PETROL,110.9,KEGALLE,BRAND NEW,12,XOOM-110,Unknown
MOTOR CYCLE,HERO,XOOM-110,INDIA,PETROL,110.9,JAFFNA,BRAND NEW,65,XOOM-110,Unknown
MOTOR CYCLE,HERO,XOOM-110,INDIA,PETROL,110.9,RATNAPURA,BRAND NEW,11,XOOM-110,Unknown
MOTOR CYCLE,HERO,HF-DELUXE,INDIA,PETROL,97.2,BATTICALOA,BRAND NEW,39,HF-DELUXE,Unknown
MOTOR CYCLE,HERO,XOOM-110,INDIA,PETROL,110.9,MATARA,BRAND NEW,13,XOOM-110,Unknown
CAR,BYD,SEALION 6 SUPERIOR,CHINA,PETROL/ELE,1498.0,NUWARA-ELIYA,BRAND NEW,1,,SEALION 6 SUPERIOR
LAND VEHICLE (SMALL),KUBOTA,SP 155,THAILAND,DIESEL,770.0,PUTTALAM,BRAND NEW,1,,SP 155
MOTOR CYCLE,YADEA,T 9,CHINA,ELECTRIC,2.0,MONERAGALA,BRAND NEW,4,,T 9
MOTOR CYCLE,YADEA,T 9,CHINA,ELECTRIC,2.0,COLOMBO,BRAND NEW,8,,T 9
MOTOR CYCLE,YADEA,T 9,CHINA,ELECTRIC,2.0,MATALE,BRAND NEW,2,,T 9
MOTOR CYCLE,YADEA,T 9,CHINA,ELECTRIC,2.0,GAMPAHA,BRAND NEW,5,,T 9
MOTOR CYCLE,YADEA,E8S PRO,CHINA,ELECTRIC,2.0,RATNAPURA,BRAND NEW,1,,E8S PRO
LAND VEHICLE,ARBOS,P504-3,CHINA,DIESEL,2189.0,POLONNARUWA,BRAND NEW,1,P504-3,Unknown
LAND VEHICLE,SOLIS,5020,INDIA,DIESEL,3067.0,ANURADHAPURA,BRAND NEW,1,,5020
CAR,TATA,CURVV,INDIA,PETROL,1199.0,GAMPAHA,BRAND NEW,6,,CURVV
CAR,PERODUA,AXIA CG1GZ,MALAYSIA,PETROL,998.0,MONERAGALA,BRAND NEW,1,,AXIA CG1GZ
SPECIAL PURPOSE VEHICLE,CATERPILAR,DP30PT FORK LIFT,CHINA,DIESEL,3331.0,COLOMBO,BRAND NEW,1,,DP30PT FORK LIFT
MOTOR CYCLE,QUANLE,G18,CHINA,ELECTRIC,2.0,COLOMBO,BRAND NEW,1,,G18
MOTOR CYCLE,QUANLE,G18,CHINA,ELECTRIC,2.0,MATARA,BRAND NEW,2,,G18
MOTOR CYCLE,LUYUAN,MNK3,CHINA,ELECTRIC,1.5,GALLE,BRAND NEW,2,,MNK3
MOTOR CYCLE,YADEA,RUIBIN,CHINA,ELECTRIC,0.8,KALUTARA,BRAND NEW,10,,RUIBIN
MOTOR CYCLE,HERO,HF-DELUXE,INDIA,PETROL,97.2,ANURADHAPURA,BRAND NEW,14,HF-DELUXE,Unknown
MOTOR CYCLE,YADEA,E8S PRO,CHINA,ELECTRIC,2.0,MATARA,BRAND NEW,1,,E8S PRO
MOTOR CYCLE,REVOLT,RV 400,INDIA,ELECTRIC,3.0,MULLATIVU,BRAND NEW,1,,RV 400
CAR,TATA,NEXON SMART,INDIA,PETROL,1199.0,BATTICALOA,BRAND NEW,1,,NEXON SMART
CAR,TOYOTA,A250RA-GBVV RAIZE,INDONESIA,PETROL,998.0,JAFFNA,BRAND NEW,3,,A250RA-GBVV RAIZE
AMBULANCE,TOYOTA,HIACE KDH223R LEMDYT,JAPAN,DIESEL,2982.0,JAFFNA,BRAND NEW,1,,HIACE KDH223R LEMDYT
COMMERCIAL,MITSUBISHI,FUSO,JAPAN,DIESEL,2998.0,COLOMBO,BRAND NEW,9,,FUSO
LAND VEHICLE,JOHN DEERE,5047D,INDIA,DIESEL,2940.0,VAVUNIYA,BRAND NEW,5,,5047D
CAR,TATA,PUNCH EV,INDIA,ELECTRIC,90.0,GAMPAHA,BRAND NEW,2,,PUNCH EV
MOTOR CYCLE,HERO,HF-DELUXE,INDIA,PETROL,97.2,HAMBANTOTA,BRAND NEW,4,HF-DELUXE,Unknown
MOTOR CYCLE,YAMAHA,MT 15 VER 2.0,INDIA,PETROL,155.0,KILINOCHCHI,BRAND NEW,4,,MT 15 VER 2.0
MOTOR CYCLE,YAMAHA,RAY ZRSTREETRALLY125,INDIA,PETROL,125.0,VAVUNIYA,BRAND NEW,1,,RAY ZRSTREETRALLY125
SINGLE CAB,TATA,ACE HT2,INDIA,DIESEL,702.0,HAMBANTOTA,BRAND NEW,1,,ACE HT2
MOTOR CYCLE,YAMAHA,FZ S FI VER 4.0,INDIA,PETROL,149.0,ANURADHAPURA,BRAND NEW,3,,FZ S FI VER 4.0
MOTOR CYCLE,YAMAHA,FZ  VER 2.0,INDIA,PETROL,149.0,COLOMBO,BRAND NEW,22,,FZ  VER 2.0
SINGLE CAB,MAHINDRA,BOLERO CITY PICKUP,INDIA,DIESEL,2523.0,KURUNEGALA,BRAND NEW,1,,BOLERO CITY PICKUP
MOTOR CYCLE,YADEA,T 9,CHINA,ELECTRIC,2.0,JAFFNA,BRAND NEW,1,,T 9
DUAL PURPOSE (COMMERCIAL),TOYOTA,GUN126R-DTTHX  HILUX,THAILAND,DIESEL,2755.0,GAMPAHA,BRAND NEW,4,,GUN126R-DTTHX  HILUX
CAR,TOYOTA,A250RA-GBVV RAIZE,INDONESIA,PETROL,998.0,KANDY,BRAND NEW,4,,A250RA-GBVV RAIZE
MOTOR CYCLE,HERO,HF-DELUXE,INDIA,PETROL,97.2,VAVUNIYA,BRAND NEW,1,HF-DELUXE,Unknown
MOTOR CYCLE,TMR LUYUAN,S18,CHINA,ELECTRIC,1.2,COLOMBO,BRAND NEW,1,,S18
MOTOR CYCLE,VMOTO,CITI,CHINA,ELECTRIC,2.0,GALLE,BRAND NEW,2,,CITI
LAND VEHICLE,TAFE,45DI,INDIA,DIESEL,2700.0,TRINCOMALEE,BRAND NEW,1,,45DI
MOTOR CYCLE,LIMA,EL07,CHINA,ELECTRIC,1.5,GAMPAHA,BRAND NEW,1,,EL07
MOTOR CYCLE,TAKASHI,ES NOTE,CHINA,ELECTRIC,0.5,RATNAPURA,BRAND NEW,1,,ES NOTE
MOTOR CYCLE,ROYAL ENFIELD,CLASSIC 350,INDIA,PETROL,349.0,GAMPAHA,BRAND NEW,1,,CLASSIC 350
LAND VEHICLE,SONALIKA,D150RX-2WD,INDIA,DIESEL,2893.0,AMPARA,BRAND NEW,1,,D150RX-2WD
CAR,TOYOTA,A250RA-GBVV RAIZE,INDONESIA,PETROL,998.0,MANNAR,BRAND NEW,1,,A250RA-GBVV RAIZE
MOTOR CYCLE,YADEA,EPOC H,CHINA,ELECTRIC,2.0,TRINCOMALEE,BRAND NEW,1,,EPOC H
MOTOR CYCLE,YAMAHA,RAY ZR,INDIA,PETROL,113.0,BATTICALOA,BRAND NEW,11,,RAY ZR
MOTOR CYCLE,TAILG,UNIVERSE,CHINA,ELECTRIC,2.0,AMPARA,BRAND NEW,1,,UNIVERSE
MOTOR CYCLE,TVS,IQUBE,INDIA,ELECTRIC,3.34,KALUTARA,BRAND NEW,3,,IQUBE
CAR,PERODUA,ARUZ,MALAYSIA,PETROL,1496.0,COLOMBO,BRAND NEW,2,,ARUZ
MOTOR CYCLE,YADEA,EZEEGO,CHINA,ELECTRIC,1.2,KURUNEGALA,BRAND NEW,1,,EZEEGO
MOTOR CYCLE,YADEA,T 9,CHINA,ELECTRIC,2.0,BATTICALOA,BRAND NEW,1,,T 9
CAR,TOYOTA,WIGO A350RA GBNE,INDONESIA,PETROL,998.0,MANNAR,BRAND NEW,1,,WIGO A350RA GBNE
MOTOR CYCLE,BAJAJ,CT 100 ES,INDIA,PETROL,102.0,COLOMBO,BRAND NEW,1,,CT 100 ES
CAR,TOYOTA,F800RE-GQGF RUSH,INDONESIA,PETROL,1496.0,KANDY,BRAND NEW,2,,F800RE-GQGF RUSH
MOTOR LORRY (COMMERCIAL),ISUZU,NMR85U-EH5AY,JAPAN,DIESEL,2999.0,COLOMBO,BRAND NEW,2,,NMR85U-EH5AY
CAR,TOYOTA,GDJ250R-GNZLY,JAPAN,DIESEL,2755.0,RATNAPURA,BRAND NEW,1,,GDJ250R-GNZLY
CAR,BYD,SEALION 6 PREMIUM,CHINA,PETROL/ELE,1498.0,KALUTARA,BRAND NEW,1,,SEALION 6 PREMIUM
MOTOR CYCLE,TMR LUYUAN,S18,CHINA,ELECTRIC,1.2,GAMPAHA,BRAND NEW,1,,S18
MOTOR CYCLE,LUYUAN,MNK3,CHINA,ELECTRIC,1.5,AMPARA,BRAND NEW,1,,MNK3
CAR,BYD,DOLPHIN-DYNAMIC49,CHINA,ELECTRIC,49.0,RATNAPURA,BRAND NEW,1,,DOLPHIN-DYNAMIC49
CAR,LAND ROVER,DEFENDER,UNITED KINGDOM,PETROL,2000.0,COLOMBO,BRAND NEW,1,,DEFENDER
MOTOR CYCLE,NWOW,WSP,CHINA,ELECTRIC,1.5,MATARA,BRAND NEW,1,,WSP
DUAL PURPOSE (COMMERCIAL),FORD,RANGER -XLT,THAILAND,DIESEL,1996.0,COLOMBO,BRAND NEW,1,,RANGER -XLT
MOTOR CYCLE,BAJAJ,CT 100 ES,SRI LANKA,PETROL,102.0,GAMPAHA,BRAND NEW-L/ASSEMBLE,78,,CT 100 ES
MOTOR CYCLE,BAJAJ,CT 100 ES,SRI LANKA,PETROL,102.0,KEGALLE,BRAND NEW-L/ASSEMBLE,31,,CT 100 ES
MOTOR CYCLE,TVS,TVS RAIDER 125,SRI LANKA,PETROL,124.79,KURUNEGALA,BRAND NEW-L/ASSEMBLE,26,,TVS RAIDER 125
MOTOR LORRY (COMMERCIAL),LANKA ASHOK LEYLAND,TUSKER SUPER  1618,SRI LANKA,DIESEL,5759.0,COLOMBO,BRAND NEW-L/ASSEMBLE,1,,TUSKER SUPER  1618
MOTOR CYCLE,RANOMOTO,PATTAYA DOUBLE POWER,SRI LANKA,PETROL,48.0,BATTICALOA,BRAND NEW-L/ASSEMBLE,1,,PATTAYA DOUBLE POWER
MOTOR CYCLE,BAJAJ,DISCOVER 125,SRI LANKA,PETROL,124.5,MANNAR,BRAND NEW-L/ASSEMBLE,18,,DISCOVER 125
MOTOR CYCLE,BAJAJ,PULSAR N160,SRI LANKA,PETROL,164.82,MANNAR,BRAND NEW-L/ASSEMBLE,11,,PULSAR N160
MOTOR CYCLE,BAJAJ,CT 100 ES,SRI LANKA,PETROL,102.0,KALUTARA,BRAND NEW-L/ASSEMBLE,48,,CT 100 ES
MOTOR CYCLE,BAJAJ,DISCOVER 125,SRI LANKA,PETROL,124.5,KANDY,BRAND NEW-L/ASSEMBLE,18,,DISCOVER 125
MOTOR CYCLE,RANOMOTO,MOPED SUPER,SRI LANKA,PETROL,49.0,AMPARA,BRAND NEW-L/ASSEMBLE,15,,MOPED SUPER
MOTOR CYCLE,RANOMOTO,MOPED SUPER,SRI LANKA,PETROL,49.0,KURUNEGALA,BRAND NEW-L/ASSEMBLE,6,,MOPED SUPER
MOTOR CYCLE,BAJAJ,DISCOVER 125,SRI LANKA,PETROL,124.5,BATTICALOA,BRAND NEW-L/ASSEMBLE,6,,DISCOVER 125
MOTOR CYCLE,BAJAJ,CT 100 ES,SRI LANKA,PETROL,102.0,MATARA,BRAND NEW-L/ASSEMBLE,23,,CT 100 ES
MOTOR LORRY (COMMERCIAL),LANKA ASHOK LEYLAND,TAURUS 2518,SRI LANKA,DIESEL,5759.0,JAFFNA,BRAND NEW-L/ASSEMBLE,1,,TAURUS 2518
MOTOR CYCLE,BAJAJ,PULSAR N160,SRI LANKA,PETROL,164.32,KURUNEGALA,BRAND NEW-L/ASSEMBLE,1,,PULSAR N160
MOTOR CYCLE,SENARO,GN125,SRI LANKA,PETROL,125.0,ANURADHAPURA,BRAND NEW-L/ASSEMBLE,15,,GN125
MOTOR LORRY (COMMERCIAL),LANKA ASHOK LEYLAND,TUSKER SUPER 1618,SRI LANKA,DIESEL,5759.0,BADULLA,BRAND NEW-L/ASSEMBLE,1,,TUSKER SUPER 1618
MOTOR LORRY (COMMERCIAL),JAC,HFC1027E4,SRI LANKA,DIESEL,2746.0,COLOMBO,BRAND NEW-L/ASSEMBLE,2,,HFC1027E4
SINGLE CAB,TATA,ACE HT2,SRI LANKA,DIESEL,702.0,KURUNEGALA,BRAND NEW-L/ASSEMBLE,1,,ACE HT2
SINGLE CAB,MAHINDRA,BOLERO CITY PICK UP,SRI LANKA,DIESEL,2523.0,KURUNEGALA,BRAND NEW-L/ASSEMBLE,1,,BOLERO CITY PICK UP
MOTOR CYCLE,TVS,TVS XL100,SRI LANKA,PETROL,99.7,ANURADHAPURA,BRAND NEW-L/ASSEMBLE,1,,TVS XL100
MOTOR CYCLE,SENARO,GN125,SRI LANKA,PETROL,125.0,KURUNEGALA,BRAND NEW-L/ASSEMBLE,15,,GN125
MOTOR CYCLE,SENARO,GN125,SRI LANKA,PETROL,125.0,POLONNARUWA,BRAND NEW-L/ASSEMBLE,8,,GN125
MOTOR CYCLE,TVS,NTORQ 125,SRI LANKA,PETROL,124.8,POLONNARUWA,BRAND NEW-L/ASSEMBLE,2,,NTORQ 125
SINGLE CAB,TATA,ACE HT2,SRI LANKA,DIESEL,702.0,GAMPAHA,BRAND NEW-L/ASSEMBLE,1,,ACE HT2
MOTOR CYCLE,TVS,NTORQ 125,SRI LANKA,PETROL,124.8,MANNAR,BRAND NEW-L/ASSEMBLE,1,,NTORQ 125
CAR,HONDA,CR-V,AUSTRALIA,PETROL,1498.0,TRINCOMALEE,RECONDITIONED,1,CR-V,VTIL7
MOTOR CYCLE,HONDA,ADV 160,JAPAN,PETROL,157.0,COLOMBO,RECONDITIONED,6,,ADV 160
CAR,MITSUBISHI,5BA-B33W,JAPAN,PETROL,659.0,BATTICALOA,RECONDITIONED,1,5BA-B33W,EK WAGON R
CAR,TOYOTA,3BA-VJA300W,JAPAN,PETROL,3444.0,KURUNEGALA,RECONDITIONED,3,3BA-VJA300W,Unknown
DUAL PURPOSE (COMMERCIAL),FORD,RANGER RAPTOR,THAILAND,DIESEL,1996.0,KURUNEGALA,RECONDITIONED,2,,RANGER RAPTOR
CAR,MITSUBISHI,ECLIPSE CROSS,AUSTRALIA,PETROL,1499.0,KANDY,RECONDITIONED,1,,ECLIPSE CROSS
CAR,SUZUKI,3BD-DA17V EVERY,JAPAN,PETROL,658.0,KURUNEGALA,RECONDITIONED,9,3BD-DA17V,EVERY
CAR,SUZUKI,5BD-DA17V EVERY,JAPAN,PETROL,650.0,KURUNEGALA,RECONDITIONED,1,5BD-DA17V,EVERY
CAR,HONDA,6AA-RV5  VEZEL,JAPAN,PETROL/ELE,1496.0,COLOMBO,RECONDITIONED,14,6AA-RV5,VEZEL
CAR,SUZUKI,5BA-MH85S WAGON R,JAPAN,PETROL,658.0,MONERAGALA,RECONDITIONED,2,5BA-MH85S,WAGON R
SPECIAL PURPOSE VEHICLE,T.C.M,FD25T3,JAPAN,DIESEL,2660.0,COLOMBO,RECONDITIONED,1,,FD25T3
CAR,NISSAN,5BD-DR17V CLIPPER,JAPAN,PETROL,658.0,MATARA,RECONDITIONED,2,5BD-DR17V,CLIPPER
CAR,MERCEDES BENZ,5BA-247684M,GERMANY,PETROL,1331.0,KALUTARA,RECONDITIONED,1,5BA-247684M,GLB180
CAR,TOYOTA,6AA-MXPJ10  YARIS,JAPAN,PETROL/ELE,1496.0,GAMPAHA,RECONDITIONED,2,6AA-MXPJ10,YARIS
CAR,SUZUKI,5AA-MH95S WAGON R,JAPAN,PETROL/ELE,656.0,MATARA,RECONDITIONED,1,5AA-MH95S,WAGON R
CAR,HONDA,6AA-RV5 VESEL,JAPAN,PETROL/ELE,1496.0,COLOMBO,RECONDITIONED,1,6AA-RV5,VESEL
CAR,SUZUKI,5AA-MR92S HUSTLER,JAPAN,PETROL/ELE,650.0,RATNAPURA,RECONDITIONED,1,5AA-MR92S,HUSTLER
CAR,NISSAN,ALMERA VL,THAILAND,PETROL,999.0,GAMPAHA,RECONDITIONED,1,,ALMERA VL
MOTOR CYCLE,HONDA,MD 90,JAPAN,PETROL,90.0,MATARA,RECONDITIONED,2,,MD 90
CAR,SUZUKI,5BA-MH85S WAGON R,JAPAN,PETROL,658.0,NUWARA-ELIYA,RECONDITIONED,1,5BA-MH85S,WAGON R
CAR,DAIHATSU,4BA-M900S THOR,JAPAN,PETROL,996.0,COLOMBO,RECONDITIONED,3,4BA-M900S,THOR
CAR,TOYOTA,6AA-MXPJ10 YARIS,JAPAN,PETROL/ELE,1496.0,GALLE,RECONDITIONED,2,6AA-MXPJ10,YARIS
CAR,DAIHATSU,5BA-LA350S MIRA ES,JAPAN,PETROL,658.0,GAMPAHA,RECONDITIONED,6,5BA-LA350S,MIRA ES
MOTOR CYCLE,HONDA,PCX 160,VIETNAM,PETROL,157.0,GAMPAHA,RECONDITIONED,1,,PCX 160
MOTOR LORRY (COMMERCIAL),ISUZU,2RG-NPR88AN,JAPAN,DIESEL,2990.0,COLOMBO,RECONDITIONED,1,2RG-NPR88AN,Unknown
CAR,TOYOTA,5BA-M900A ROOMY,JAPAN,PETROL,9996.0,COLOMBO,RECONDITIONED,1,5BA-M900A,ROOMY
CAR,TOYOTA,3BA-A210A RAIZE,JAPAN,PETROL,996.0,KALUTARA,RECONDITIONED,6,3BA-A210A,RAIZE
CAR,SUZUKI,5BA-MH85S WAGON R,JAPAN,PETROL,656.0,KANDY,RECONDITIONED,9,5BA-MH85S,WAGON R
SPECIAL PURPOSE VEHICLE,KOMATSU,FD35N FORK LIFT,JAPAN,DIESEL,0.0,GAMPAHA,RECONDITIONED,1,,FD35N FORK LIFT
COMMERCIAL,TOYOTA,3DF-GDH223B HIACE,JAPAN,DIESEL,2754.0,JAFFNA,RECONDITIONED,2,3DF-GDH223B,HIACE
CAR,SUZUKI,5BD-DA17 EVERY,JAPAN,PETROL,658.0,KANDY,RECONDITIONED,1,5BD-DA17,EVERY
CAR,SUZUKI,WAGON R 5AA-MH95S,JAPAN,PETROL,658.0,COLOMBO,RECONDITIONED,2,,WAGON R 5AA-MH95S
CAR,SUZUKI,4AA-MH55S WAGON R,JAPAN,PETROL/ELE,658.0,GAMPAHA,RECONDITIONED,1,4AA-MH55S,WAGON R
CAR,HONDA,5BA-RZ3 ZR-V,JAPAN,PETROL,1496.0,GAMPAHA,RECONDITIONED,2,5BA-RZ3,ZR-V
CAR,SUZUKI,4AA-MH55S WAGON R,JAPAN,PETROL,658.0,COLOMBO,RECONDITIONED,3,4AA-MH55S,WAGON R
CAR,DAIHATSU,5BA-LA900S TAFT,JAPAN,PETROL,658.0,KURUNEGALA,RECONDITIONED,3,5BA-LA900S,TAFT
CAR,DAIHATSU,5BA-LA900S  TAFT,JAPAN,PETROL,658.0,KALUTARA,RECONDITIONED,1,5BA-LA900S,TAFT
MOTOR CYCLE,HONDA,ADV 160,JAPAN,PETROL,157.0,BATTICALOA,RECONDITIONED,1,,ADV 160
MOTOR CYCLE,HONDA,LEAD 100,JAPAN,PETROL,99.0,GAMPAHA,RECONDITIONED,1,,LEAD 100
DUAL PURPOSE (COMMERCIAL),FORD,RAPTOR,THAILAND,DIESEL,1996.0,PUTTALAM,RECONDITIONED,1,,RAPTOR
CAR,TOYOTA,5BA-KSP210,JAPAN,PETROL,996.0,PUTTALAM,RECONDITIONED,1,5BA-KSP210,YARIS  X
CAR,TOYOTA,ROOMY 5BA-M900A,JAPAN,PETROL,996.0,RATNAPURA,RECONDITIONED,1,,ROOMY 5BA-M900A
CAR,SUZUKI,4AA-MN71S XBEE,JAPAN,PETROL/ELE,996.0,MATARA,RECONDITIONED,1,4AA-MN71S,XBEE
CAR,TOYOTA,3DA-GDJ250W,JAPAN,DIESEL,2754.0,KURUNEGALA,RECONDITIONED,1,3DA-GDJ250W,PRADO
CAR,DAIHATSU,5BA-LA350S MIRA ES,JAPAN,PETROL,658.0,NUWARA-ELIYA,RECONDITIONED,1,5BA-LA350S,MIRA ES
CAR,TOYOTA,6AA-MXPJ10 YARIS,JAPAN,PETROL/ELE,1490.0,PUTTALAM,RECONDITIONED,1,6AA-MXPJ10,YARIS
CAR,HONDA,CITY-RS,THAILAND,PETROL,988.0,MATALE,RECONDITIONED,1,CITY-RS,Unknown
DUAL PURPOSE (COMMERCIAL),TOYOTA,HILUX REVO GR SPORT,THAILAND,DIESEL,2755.0,KALUTARA,RECONDITIONED,3,,HILUX REVO GR SPORT
CAR,DAIHATSU,5AA-A202S ROCKY,JAPAN,PETROL/ELE,78.0,KALUTARA,RECONDITIONED,1,5AA-A202S,ROCKY
CAR,TOYOTA,4BA-M900A ROOMY,JAPAN,PETROL,996.0,BATTICALOA,RECONDITIONED,3,4BA-M900A,ROOMY
MOTOR CYCLE,HONDA,C 50 PRESS CUB,JAPAN,PETROL,50.0,MATARA,RECONDITIONED,1,,C 50 PRESS CUB
CAR,TOYOTA,6AA-ZVG13 COROLLA,JAPAN,PETROL/ELE,1797.0,GALLE,RECONDITIONED,1,6AA-ZVG13,COROLLA
CAR,TOYOTA,3BA-A210A,JAPAN,PETROL,996.0,JAFFNA,RECONDITIONED,1,3BA-A210A,PEARL
DUAL PURPOSE (COMMERCIAL),TOYOTA,HILUX REVO ROCCO,THAILAND,DIESEL,2755.0,GAMPAHA,RECONDITIONED,5,,HILUX REVO ROCCO
CAR,HONDA,6BA-JF3 N BOX,JAPAN,PETROL,658.0,COLOMBO,RECONDITIONED,2,6BA-JF3,N BOX
DUAL PURPOSE (COMMERCIAL),TOYOTA,HILUX REVO ROCCO,THAILAND,DIESEL,2755.0,COLOMBO,RECONDITIONED,2,,HILUX REVO ROCCO
CAR,SUZUKI,5AA-MH95S WAGON R,JAPAN,PETROL/ELE,657.0,PUTTALAM,RECONDITIONED,2,5AA-MH95S,WAGON R
CAR,SUZUKI,4AA-MH55S WAGON R,JAPAN,PETROL/ELE,656.0,KANDY,RECONDITIONED,1,4AA-MH55S,WAGON R
SINGLE CAB,TOYOTA,HILUX CHAMP,THAILAND,DIESEL,2393.0,GALLE,RECONDITIONED,1,,HILUX CHAMP
CAR,TOYOTA,6AA-MXPJ10 YARIS,JAPAN,PETROL/ELE,1496.0,VAVUNIYA,RECONDITIONED,1,6AA-MXPJ10,YARIS
CAR,SUZUKI,3BA-HA37S  ALTO,JAPAN,PETROL,658.0,JAFFNA,RECONDITIONED,1,3BA-HA37S,ALTO
DUAL PURPOSE (COMMERCIAL),TOYOTA,HILUX,THAILAND,DIESEL,2755.0,COLOMBO,RECONDITIONED,1,,HILUX
CAR,TOYOTA,4BA-M900A  ROOMY,JAPAN,PETROL,996.0,KANDY,RECONDITIONED,1,4BA-M900A,ROOMY
CAR,TOYOTA,5BA-KSP210 YARIS,JAPAN,PETROL,998.0,MULLATIVU,RECONDITIONED,1,5BA-KSP210,YARIS
CAR,LEXUS,3BA-VJA310W LX 600,JAPAN,PETROL,3444.0,COLOMBO,RECONDITIONED,1,3BA-VJA310W,LX 600
CAR,DAIHATSU,3BA-A210S ROCKY,JAPAN,PETROL,996.0,GAMPAHA,RECONDITIONED,2,3BA-A210S,ROCKY
CAR,NISSAN,5BD-DR17V CLIPPER,JAPAN,PETROL,658.0,BADULLA,RECONDITIONED,2,5BD-DR17V,CLIPPER
CAR,DAIHATSU,5BA-LA550S MIRA,JAPAN,PETROL,658.0,COLOMBO,RECONDITIONED,1,5BA-LA550S,MIRA
DUAL PURPOSE (COMMERCIAL),TOYOTA,REVO ROCCO,THAILAND,DIESEL,2755.0,KURUNEGALA,RECONDITIONED,1,,REVO ROCCO
CAR,TOYOTA,YARISS CROSS,THAILAND,PETROL/ELE,1496.0,KALUTARA,RECONDITIONED,1,,YARISS CROSS
PRIMER MOVER,RENAULT,T480,FRANCE,DIESEL,12777.0,GAMPAHA,RECONDITIONED,2,,T480
CAR,HONDA,VEZEL 6AA-RV5,JAPAN,PETROL/ELE,1496.0,NUWARA-ELIYA,RECONDITIONED,1,,VEZEL 6AA-RV5
CAR,TOYOTA,4BA-M900A ROOMY,JAPAN,PETROL,996.0,GALLE,RECONDITIONED,1,4BA-M900A,ROOMY
CAR,MERCEDES BENZ,4AA-213077C,GERMANY,PETROL,1496.0,COLOMBO,RECONDITIONED,1,4AA-213077C,E200
CAR,TOYOTA,YARIS CROSS,THAILAND,PETROL/ELE,1496.0,HAMBANTOTA,RECONDITIONED,1,,YARIS CROSS
CAR,DAIHATSU,5BA-LA250S CAST,JAPAN,PETROL,658.0,GALLE,RECONDITIONED,1,5BA-LA250S,CAST
CAR,NISSAN,5AA-B44W DAYS,JAPAN,PETROL,658.0,PUTTALAM,RECONDITIONED,1,5AA-B44W,DAYS
LAND VEHICLE (SMALL),KUBOTA,K600A,JAPAN,DIESEL,422.0,TRINCOMALEE,RECONDITIONED,1,,K600A
CAR,MITSUBISHI,5BA-B33W EK WAGON R,JAPAN,PETROL,658.0,KANDY,RECONDITIONED,1,5BA-B33W,EK WAGON R
CAR,SUZUKI,3BA-HA37S ALTO,JAPAN,PETROL,658.0,PUTTALAM,RECONDITIONED,1,3BA-HA37S,ALTO
CAR,NISSAN,5BA-B43W DAYZ,JAPAN,PETROL,658.0,GAMPAHA,RECONDITIONED,1,5BA-B43W,DAYZ
CAR,TOYOTA,6AA MXPJ10,JAPAN,PETROL/ELE,1496.0,COLOMBO,RECONDITIONED,1,,6AA MXPJ10
CAR,SUZUKI,5AA-MK94S SPACIA,JAPAN,PETROL/ELE,657.0,COLOMBO,RECONDITIONED,3,5AA-MK94S,SPACIA
CAR,LAND ROVER,3BA-LE72XAA DEFENDER,UNITED KINGDOM,PETROL,1996.0,KALUTARA,RECONDITIONED,1,3BA-LE72XAA,DEFENDER
MOTOR CYCLE,HONDA,CRF RALLY 8BK-MD47,JAPAN,PETROL,249.0,PUTTALAM,RECONDITIONED,1,,CRF RALLY 8BK-MD47
CAR,TOYOTA,5BA-A201A RAIZE,JAPAN,PETROL,1196.0,MATARA,RECONDITIONED,1,5BA-A201A,RAIZE
CAR,TOYOTA,5BA-A201A RAIZE,JAPAN,PETROL,1196.0,VAVUNIYA,RECONDITIONED,1,5BA-A201A,RAIZE
CAR,SUZUKI,3BD-DA17V EVERY,JAPAN,PETROL,656.0,COLOMBO,RECONDITIONED,1,3BD-DA17V,EVERY
SINGLE CAB,TOYOTA,3BD-S500U PIXIS,JAPAN,PETROL,658.0,COLOMBO,RECONDITIONED,1,3BD-S500U,PIXIS
CAR,TOYOTA,3BA-VJA300W,JAPAN,PETROL,3444.0,BATTICALOA,RECONDITIONED,1,3BA-VJA300W,Unknown
CAR,TOYOTA,6AA-MXPL10G SIENTA,JAPAN,PETROL/ELE,1496.0,KANDY,RECONDITIONED,1,6AA-MXPL10G,SIENTA
CAR,HONDA,5BA-RZ3  ZR-V,JAPAN,PETROL,1496.0,COLOMBO,RECONDITIONED,1,5BA-RZ3,ZR-V
CAR,SUZUKI,5BA-MH85S WAGON R,JAPAN,PETROL,658.0,JAFFNA,RECONDITIONED,3,5BA-MH85S,WAGON R
CAR,TOYOTA,3BA-NGX10,JAPAN,PETROL,1196.0,GAMPAHA,RECONDITIONED,1,3BA-NGX10,CHR
CAR,TOYOTA,5BA-A210A RAIZE,JAPAN,PETROL,1196.0,KURUNEGALA,RECONDITIONED,1,5BA-A210A,RAIZE
CAR,HONDA,VEZEL 6AA-RV5,JAPAN,PETROL/ELE,1496.0,JAFFNA,RECONDITIONED,1,,VEZEL 6AA-RV5
SINGLE CAB,SUZUKI,EBD-DA16T CARRY,JAPAN,PETROL,658.0,KANDY,RECONDITIONED,1,EBD-DA16T,CARRY
CAR,SUZUKI,5AA-MH95S  WAGON R,JAPAN,PETROL/ELE,658.0,KURUNEGALA,RECONDITIONED,1,5AA-MH95S,WAGON R
CAR,SUZUKI,5AA-MK53S SPACIA,JAPAN,PETROL/ELE,658.0,COLOMBO,RECONDITIONED,1,5AA-MK53S,SPACIA
CAR,SUZUKI,5AA-MH95S WAGON R,JAPAN,PETROL,660.0,COLOMBO,RECONDITIONED,1,5AA-MH95S,WAGON R
CAR,SUZUKI,4AA-MK54S SPACIA,JAPAN,PETROL/ELE,650.0,PUTTALAM,RECONDITIONED,1,4AA-MK54S,SPACIA
CAR,TOYOTA,5BA-M9000A ROOMY,JAPAN,PETROL,996.0,COLOMBO,RECONDITIONED,1,5BA-M9000A,ROOMY
MOTOR LORRY (COMMERCIAL),ISUZU,TPG-NPR85AN ELF,JAPAN,DIESEL,2990.0,GAMPAHA,RECONDITIONED,1,TPG-NPR85AN,ELF
CAR,NISSAN,5AA-B44A ROOX,JAPAN,PETROL/ELE,659.0,GAMPAHA,RECONDITIONED,1,5AA-B44A,ROOX
COMMERCIAL,TOYOTA,3DF-GDH223B-LETNY,JAPAN,DIESEL,2754.0,BATTICALOA,RECONDITIONED,1,3DF-GDH223B-LETNY,Unknown
CAR,SUZUKI,5AA-MK94S SPACIA,JAPAN,PETROL,658.0,VAVUNIYA,RECONDITIONED,1,5AA-MK94S,SPACIA
CAR,SUZUKI,5BD-DA17V  EVERY,JAPAN,PETROL,658.0,RATNAPURA,RECONDITIONED,1,5BD-DA17V,EVERY
CAR,TOYOTA,3BA-NGX10 CH R,JAPAN,PETROL,1196.0,GAMPAHA,RECONDITIONED,1,3BA-NGX10,CH R
CAR,B.M.W.,I5 EDRIVE 40 M SPORT,GERMANY,ELECTRIC,250.0,COLOMBO,RECONDITIONED,1,,I5 EDRIVE 40 M SPORT
CAR,SUZUKI,WAGON R 5BA-MH85S,JAPAN,PETROL,658.0,PUTTALAM,RECONDITIONED,1,,WAGON R 5BA-MH85S
CAR,TOYOTA,6AA-MXPJ10 YARIS,JAPAN,PETROL/ELE,1496.0,AMPARA,RECONDITIONED,1,6AA-MXPJ10,YARIS
CAR,B.M.W.,3AA-12FJ20 523I,GERMANY,PETROL,1998.0,COLOMBO,RECONDITIONED,1,3AA-12FJ20,523I
CAR,DAIHATSU,5BA-LA650S TANT,JAPAN,PETROL,658.0,KANDY,RECONDITIONED,1,5BA-LA650S,TANT
MOTOR LORRY (COMMERCIAL),ISUZU,TRG NMR85R ELF,JAPAN,DIESEL,2990.0,KEGALLE,RECONDITIONED,1,,TRG NMR85R ELF
CAR,TOYOTA,5BA-KSP210 PEARL,JAPAN,PETROL,998.0,KURUNEGALA,RECONDITIONED,1,5BA-KSP210,PEARL
CAR,DAIHATSU,5BA -LA350S,JAPAN,PETROL,658.0,AMPARA,RECONDITIONED,1,,5BA -LA350S
CAR,TOYOTA,3BA-TRJ150W,JAPAN,PETROL,2696.0,COLOMBO,RECONDITIONED,1,3BA-TRJ150W,Unknown
CAR,HONDA,CR-V VTI L7,THAILAND,PETROL,1498.0,COLOMBO,RECONDITIONED,1,CR-V,VTI L7
CAR,DAIHATSU,5BA-LA150S  MOVE,JAPAN,PETROL,658.0,KURUNEGALA,RECONDITIONED,1,5BA-LA150S,MOVE
CAR,TOYOTA,5BA-A201A RAIZE,JAPAN,PETROL,1196.0,TRINCOMALEE,RECONDITIONED,1,5BA-A201A,RAIZE
CAR,SUZUKI,5AA-MH95S,JAPAN,PETROL/ELE,658.0,GAMPAHA,RECONDITIONED,1,5AA-MH95S,WAGNON R
CAR,TOYOTA,5BA-210A RAIZE,JAPAN,PETROL,1196.0,PUTTALAM,RECONDITIONED,1,5BA-210A,RAIZE
CAR,SUZUKI,4AA-MK53S SPACIA,JAPAN,PETROL,660.0,KURUNEGALA,RECONDITIONED,1,4AA-MK53S,SPACIA
CAR,NISSAN,5BA-DR17V CLIPPER,JAPAN,PETROL,658.0,KURUNEGALA,RECONDITIONED,1,5BA-DR17V,CLIPPER
CAR,NISSAN,4AA-B4W DAYZ,JAPAN,PETROL,658.0,GALLE,RECONDITIONED,1,4AA-B4W,DAYZ
CAR,TOYOTA,5BA-KSP210 YARIS,JAPAN,PETROL,990.0,MONERAGALA,RECONDITIONED,1,5BA-KSP210,YARIS
CAR,NISSAN,5AA-B44W  DAYZ,JAPAN,PETROL/ELE,659.0,MATARA,RECONDITIONED,1,5AA-B44W,DAYZ
CAR,TOYOTA,3BA-TRJ150W PRADO,JAPAN,PETROL,2693.0,KEGALLE,RECONDITIONED,1,3BA-TRJ150W,PRADO
CAR,NISSAN,5BA-B43W DAYZ,JAPAN,PETROL,659.0,GAMPAHA,RECONDITIONED,1,5BA-B43W,DAYZ
CAR,TOYOTA,6BA-MXUA80  HARRIER,JAPAN,PETROL,1986.0,GALLE,RECONDITIONED,1,6BA-MXUA80,HARRIER
CAR,SUZUKI,3BD-DA17V EVERY,JAPAN,PETROL,656.0,MONERAGALA,RECONDITIONED,1,3BD-DA17V,EVERY
CAR,MERCEDES BENZ,5BA-247684M GLB180,GERMANY,PETROL,1332.0,GAMPAHA,RECONDITIONED,1,5BA-247684M,GLB180
CAR,DAIHATSU,5BA--LA350S MIRA,JAPAN,PETROL,658.0,BADULLA,RECONDITIONED,1,5BA--LA350S,MIRA
CAR,HONDA,6AA-RV5,JAPAN,PETROL/ELE,1496.0,MATALE,RECONDITIONED,1,6AA-RV5,VESEL
MOTOR CYCLE,HONDA,PCX-125,VIETNAM,PETROL,124.0,PUTTALAM,RECONDITIONED,1,PCX-125,Unknown
CAR,LAND ROVER,DEFENDER X DYNAMIC,UNITED KINGDOM,PETROL/ELE,1997.0,PUTTALAM,RECONDITIONED,1,,DEFENDER X DYNAMIC
CAR,SUZUKI,EVERY WAGON3BA-DA17W,JAPAN,PETROL,658.0,KANDY,RECONDITIONED,1,,EVERY WAGON3BA-DA17W
MOTOR CYCLE,X-MAX,ELECTRIC SCOOTER,CHINA,ELECTRIC,2.0,KANDY,NEW,1,,ELECTRIC SCOOTER
CAR,HONDA,6AA-RV5 VEZEL,JAPAN,PETROL/ELE,1496.0,GAMPAHA,USED,1,6AA-RV5,VEZEL
MOTOR CYCLE,RISE,LEADER 125,SRI LANKA,PETROL,125.0,MULLATIVU,BRAND NEW-L/MANUFACT,14,,LEADER 125
MOTOR CYCLE,RISE,LEADER R 100,SRI LANKA,ELECTRIC,2.0,HAMBANTOTA,BRAND NEW-L/MANUFACT,5,,LEADER R 100
MOTOR CYCLE,RISE,LEADER PLUS,SRI LANKA,ELECTRIC,2.0,ANURADHAPURA,BRAND NEW-L/MANUFACT,2,,LEADER PLUS
MOTOR CYCLE,RISE,LEADER PLUS,SRI LANKA,ELECTRIC,2.0,KILINOCHCHI,BRAND NEW-L/MANUFACT,1,,LEADER PLUS
TRACTOR TRAILER/BOWSER,LOCALLY BUILT,TRACTOR TRAILER,SRI LANKA,NOT STATED,0.0,BADULLA,LOCALLY BUILT,3,,TRACTOR TRAILER
CAR,NISSAN,LEAF,JAPAN,ELECTRIC,80.0,COLOMBO,BOUGHT FROM AUCTION,1,,LEAF
TRACTOR TRAILER/BOWSER,LOCALLY BUILT,TRACTOR TRAILER,SRI LANKA,NOT STATED,0.0,BATTICALOA,LOCALLY BUILT,1,,TRACTOR TRAILER
MOTOR CYCLE,TVS,TVS NTORQ 125 CC,INDIA,PETROL,124.8,GALLE,BRAND NEW,128,,TVS NTORQ 125 CC
SINGLE CAB,MAHINDRA,BOLERO CITY PICKUP,INDIA,DIESEL,2523.0,MONERAGALA,BRAND NEW,3,,BOLERO CITY PICKUP
MOTOR CYCLE,TVS,TVS NTORQ 125 CC,INDIA,PETROL,124.8,KANDY,BRAND NEW,97,,TVS NTORQ 125 CC
MOTOR CYCLE,TVS,TVS NTORQ 125 CC,INDIA,PETROL,124.8,HAMBANTOTA,BRAND NEW,52,,TVS NTORQ 125 CC
COMMERCIAL,TOYOTA,XZB70R ZGMNY COASTER,JAPAN,DIESEL,4009.0,GAMPAHA,BRAND NEW,8,,XZB70R ZGMNY COASTER
MOTOR CYCLE,TVS,TVS NTORQ 125 CC,INDIA,PETROL,124.8,MANNAR,BRAND NEW,2,,TVS NTORQ 125 CC
MOTOR CYCLE,BAJAJ,PULSAR N 160,INDIA,PETROL,164.32,ANURADHAPURA,BRAND NEW,75,,PULSAR N 160
THREE WHEELER,BAJAJ,RE 4S AUTORICKSHAW,INDIA,PETROL,237.0,POLONNARUWA,BRAND NEW,9,,RE 4S AUTORICKSHAW
CAR,BYD,ATTO-3-SUPERIOR,CHINA,ELECTRIC,100.0,GAMPAHA,BRAND NEW,36,ATTO-3-SUPERIOR,Unknown
CAR,BYD,SEALION 6 SUPERIOR,CHINA,PETROL/ELE,1498.0,ANURADHAPURA,BRAND NEW,5,,SEALION 6 SUPERIOR
CAR,BYD,ATTO-3-SUPERIOR,CHINA,ELECTRIC,100.0,KANDY,BRAND NEW,10,ATTO-3-SUPERIOR,Unknown
CAR,NISSAN,MAGNITE TEKNA PLUS,INDIA,PETROL,999.0,KALUTARA,BRAND NEW,1,,MAGNITE TEKNA PLUS
CAR,BYD,ATTO3-ADVANCED,CHINA,ELECTRIC,100.0,COLOMBO,BRAND NEW,120,ATTO3-ADVANCED,Unknown
SPECIAL PURPOSE VEHICLE,TOYOTA,FDZN  30,CHINA,DIESEL,2486.0,COLOMBO,BRAND NEW,1,,FDZN  30
MOTOR TRICYCLE VAN,MAHINDRA,ALFA LOAD CARRIER,INDIA,DIESEL,436.0,GALLE,BRAND NEW,1,,ALFA LOAD CARRIER
CAR,SUZUKI,5AA-MK53S SPACIA,JAPAN,PETROL,658.0,KANDY,BRAND NEW,1,5AA-MK53S,SPACIA
LAND VEHICLE,MAHINDRA,YUVO TECH PLUS 575DI,INDIA,DIESEL,2979.0,MULLATIVU,BRAND NEW,2,,YUVO TECH PLUS 575DI
LAND VEHICLE,MAHINDRA,YUVO TECH PLUS 585DI,INDIA,DIESEL,2979.0,ANURADHAPURA,BRAND NEW,3,,YUVO TECH PLUS 585DI
LAND VEHICLE,SWARAJ,855,INDIA,DIESEL,3478.2,BATTICALOA,BRAND NEW,2,,855
MOTOR CYCLE,TVS,IQUBE,INDIA,ELECTRIC,3.34,GAMPAHA,BRAND NEW,9,,IQUBE
LAND VEHICLE (SMALL),SIFANG,GN12DI,CHINA,DIESEL,815.0,KURUNEGALA,BRAND NEW,2,,GN12DI
MOTOR CYCLE,BAJAJ,PULSAR N 160,INDIA,PETROL,164.32,KEGALLE,BRAND NEW,29,,PULSAR N 160
MOTOR CYCLE,HERO,XOOM-110,INDIA,PETROL,110.9,COLOMBO,BRAND NEW,43,XOOM-110,Unknown
MOTOR CYCLE,BAJAJ,PULSAR NS 200,INDIA,PETROL,199.5,TRINCOMALEE,BRAND NEW,5,,PULSAR NS 200
SINGLE CAB,MAHINDRA,BOLERO CITY PICKUP,INDIA,DIESEL,2523.0,BADULLA,BRAND NEW,7,,BOLERO CITY PICKUP
SINGLE CAB,TATA,ACE HT2,INDIA,DIESEL,702.0,BATTICALOA,BRAND NEW,4,,ACE HT2
MOTOR CYCLE,NWOW,WSP,CHINA,ELECTRIC,1.5,GAMPAHA,BRAND NEW,7,,WSP
MOTOR CYCLE,VMOTO,CITI,CHINA,ELECTRIC,2.0,COLOMBO,BRAND NEW,17,,CITI
MOTOR CYCLE,VMOTO,CITI,CHINA,ELECTRIC,2.0,RATNAPURA,BRAND NEW,1,,CITI
SINGLE CAB,MAHINDRA,BOLERO CITY PICKUP,INDIA,DIESEL,2523.0,AMPARA,BRAND NEW,4,,BOLERO CITY PICKUP
MOTOR CYCLE,YAMAHA,RAY ZRSTREETRALLY125,INDIA,PETROL,125.0,HAMBANTOTA,BRAND NEW,7,,RAY ZRSTREETRALLY125
MOTOR CYCLE,YAMAHA,FZ S FI VER 4.0,INDIA,PETROL,149.0,COLOMBO,BRAND NEW,19,,FZ S FI VER 4.0
MOTOR CYCLE,YAMAHA,RAY ZR 125,INDIA,PETROL,125.0,KALUTARA,BRAND NEW,20,,RAY ZR 125
MOTOR CYCLE,YAMAHA,YZF R15 VER 4.0,INDIA,PETROL,155.0,JAFFNA,BRAND NEW,22,,YZF R15 VER 4.0
MOTOR CYCLE,YAMAHA,RAY ZR 125,INDIA,PETROL,125.0,MATARA,BRAND NEW,13,,RAY ZR 125
MOTOR CYCLE,TMR LUYUAN,S18,CHINA,ELECTRIC,1.2,KANDY,BRAND NEW,1,,S18
MOTOR CYCLE,QUANLE,ZL,CHINA,ELECTRIC,2.0,TRINCOMALEE,BRAND NEW,5,,ZL
MOTOR CYCLE,QUANLE,ZL,CHINA,ELECTRIC,2.0,GAMPAHA,BRAND NEW,8,,ZL
MOTOR CYCLE,QUANLE,G18,CHINA,ELECTRIC,2.0,GAMPAHA,BRAND NEW,11,,G18
MOTOR CYCLE,LIMA,ELO-07,CHINA,ELECTRIC,1.5,PUTTALAM,BRAND NEW,3,ELO-07,Unknown
LAND VEHICLE (SMALL),NEW LION,RK80,THAILAND,DIESEL,443.0,KALUTARA,BRAND NEW,1,,RK80
MOTOR CYCLE,YAMAHA,RAY ZR 125,INDIA,PETROL,125.0,BATTICALOA,BRAND NEW,9,,RAY ZR 125
COMMERCIAL,TOYOTA,XZB70R ZGMNY COASTER,JAPAN,DIESEL,4009.0,KALUTARA,BRAND NEW,1,,XZB70R ZGMNY COASTER
LAND VEHICLE,TAFE,7250.DI,INDIA,DIESEL,2500.0,MONERAGALA,BRAND NEW,2,,7250.DI
MOTOR CYCLE,HONDA,PCX 160 ABS,INDONESIA,PETROL,157.0,AMPARA,BRAND NEW,2,,PCX 160 ABS
MOTOR CYCLE,TVS,SCOOTY PEP PLUS 90CC,INDIA,PETROL,87.8,AMPARA,BRAND NEW,1,,SCOOTY PEP PLUS 90CC
LAND VEHICLE,NEW HOLLAND,4710,INDIA,DIESEL,2700.0,HAMBANTOTA,BRAND NEW,1,,4710
LAND VEHICLE,NEW HOLLAND,4710,INDIA,DIESEL,2700.0,MONERAGALA,BRAND NEW,1,,4710
LAND VEHICLE,NEW HOLLAND,3230 TX 2WD,INDIA,DIESEL,2700.0,BATTICALOA,BRAND NEW,1,,3230 TX 2WD
MOTOR CYCLE,YAMAHA,YZF R15 VER 4.0,INDIA,PETROL,155.0,KILINOCHCHI,BRAND NEW,3,,YZF R15 VER 4.0
MOTOR CYCLE,YAMAHA,RAY ZRSTREETRALLY125,INDIA,PETROL,125.0,KEGALLE,BRAND NEW,4,,RAY ZRSTREETRALLY125
MOTOR CYCLE,YAMAHA,MT 15 VER 2.0,INDIA,PETROL,155.0,MATALE,BRAND NEW,1,,MT 15 VER 2.0
MOTOR CYCLE,BAJAJ,PULSAR N 160,INDIA,PETROL,164.32,KILINOCHCHI,BRAND NEW,13,,PULSAR N 160
MOTOR CYCLE,BAJAJ,PULSAR NS 200,INDIA,PETROL,199.5,KILINOCHCHI,BRAND NEW,3,,PULSAR NS 200
MOTOR CYCLE,BAJAJ,CT100,INDIA,PETROL,100.0,MATARA,BRAND NEW,1,,CT100
MOTOR CYCLE,QUANLE,ZL,CHINA,ELECTRIC,2.0,ANURADHAPURA,BRAND NEW,5,,ZL
MOTOR CYCLE,YADEA,EPOC H,CHINA,ELECTRIC,2.0,KURUNEGALA,BRAND NEW,8,,EPOC H
LAND VEHICLE,KARTAR,GLOBETRAC 4736 4WD,INDIA,DIESEL,3117.0,PUTTALAM,BRAND NEW,1,,GLOBETRAC 4736 4WD
CAR,PERODUA,BEZZA,MALAYSIA,PETROL,998.0,MATARA,BRAND NEW,6,,BEZZA
CAR,KIA,SONET,INDIA,PETROL,998.0,GAMPAHA,BRAND NEW,14,,SONET
THREE WHEELER,WANHOO,WH175ZK,CHINA,PETROL,175.0,KANDY,BRAND NEW,1,,WH175ZK
SINGLE CAB,MAHINDRA,BOLERO CITY PICKUP,INDIA,DIESEL,2523.0,ANURADHAPURA,BRAND NEW,2,,BOLERO CITY PICKUP
MOTOR CYCLE,HERO,HF-DELUXE,INDIA,PETROL,97.2,JAFFNA,BRAND NEW,25,HF-DELUXE,Unknown
MOTOR CYCLE,HERO,HF-DELUXE,INDIA,PETROL,97.2,TRINCOMALEE,BRAND NEW,15,HF-DELUXE,Unknown
MOTOR CYCLE,HERO,XOOM-110,INDIA,PETROL,110.9,PUTTALAM,BRAND NEW,37,XOOM-110,Unknown
CAR,TATA,CURVV CREATIVE,INDIA,PETROL,1199.0,VAVUNIYA,BRAND NEW,1,,CURVV CREATIVE
CAR,TATA,NEXON FEARLESS,INDIA,PETROL,1199.0,GAMPAHA,BRAND NEW,1,,NEXON FEARLESS
MOTOR CYCLE,YADEA,E8S PRO,CHINA,ELECTRIC,2.0,PUTTALAM,BRAND NEW,2,,E8S PRO
MOTOR CYCLE,TAILG,RED RABBIT,CHINA,ELECTRIC,1.2,COLOMBO,BRAND NEW,1,,RED RABBIT
MOTOR CYCLE,YAMAHA,YZF R15 VER 4.0,INDIA,PETROL,155.0,TRINCOMALEE,BRAND NEW,2,,YZF R15 VER 4.0
CAR,BYD,ATTO-3-SUPERIOR,CHINA,ELECTRIC,100.0,BATTICALOA,BRAND NEW,1,ATTO-3-SUPERIOR,Unknown
CAR,TOYOTA,A250RA-GBVV RAIZE,INDONESIA,PETROL,998.0,KALUTARA,BRAND NEW,5,,A250RA-GBVV RAIZE
CAR,SUZUKI,5AA-MK94S SPACIA,JAPAN,PETROL/ELE,658.0,COLOMBO,BRAND NEW,1,5AA-MK94S,SPACIA
MOTOR CYCLE,LUYUAN,MYT,CHINA,ELECTRIC,0.8,COLOMBO,BRAND NEW,1,,MYT
SPECIAL PURPOSE VEHICLE,J.C.B,3DX,INDIA,DIESEL,4400.0,MULLATIVU,BRAND NEW,1,,3DX
LAND VEHICLE,SONALIKA,DI-50RX-2WD,INDIA,DIESEL,2893.0,AMPARA,BRAND NEW,1,DI-50RX-2WD,Unknown
SPECIAL PURPOSE VEHICLE,TOYOTA,FDZN25,CHINA,DIESEL,2486.0,COLOMBO,BRAND NEW,2,,FDZN25
COMMERCIAL,LANKA ASHOK LEYLAND,LUXURA 12M,INDIA,DIESEL,6014.0,GAMPAHA,BRAND NEW,1,,LUXURA 12M
LAND VEHICLE,MAHINDRA,YUVO TECH PLUS 575DI,INDIA,DIESEL,2979.0,PUTTALAM,BRAND NEW,3,,YUVO TECH PLUS 575DI
MOTOR CYCLE,RANOMOTO,GN125H,CHINA,PETROL,124.0,MATALE,BRAND NEW,3,,GN125H
MOTOR CYCLE,VMOTO,CPX,CHINA,ELECTRIC,4.3,GALLE,BRAND NEW,1,,CPX
MOTOR CYCLE,YADEA,RUIBIN,CHINA,ELECTRIC,0.8,MULLATIVU,BRAND NEW,2,,RUIBIN
MOTOR CYCLE,YADEA,T 9,CHINA,ELECTRIC,2.0,KALUTARA,BRAND NEW,6,,T 9
MOTOR CYCLE,YADEA,T 9,CHINA,ELECTRIC,2.0,POLONNARUWA,BRAND NEW,4,,T 9
MOTOR CYCLE,YADEA,T 9,CHINA,ELECTRIC,2.0,KILINOCHCHI,BRAND NEW,1,,T 9
MOTOR CYCLE,YAMAHA,RAY ZRSTREETRALLY125,INDIA,PETROL,125.0,MANNAR,BRAND NEW,1,,RAY ZRSTREETRALLY125
CAR,TOYOTA,A250RA-GBVV RAIZE,INDONESIA,PETROL,998.0,GALLE,BRAND NEW,3,,A250RA-GBVV RAIZE
MOTOR CYCLE,QUANLE,N9 (NINEBOT),CHINA,ELECTRIC,1.5,COLOMBO,BRAND NEW,2,,N9 (NINEBOT)
MOTOR CYCLE,REVOLT,RV 400,INDIA,ELECTRIC,3.0,KANDY,BRAND NEW,1,,RV 400
MOTOR CYCLE,SOLID,ROBOT,CHINA,ELECTRIC,1.2,GAMPAHA,BRAND NEW,15,,ROBOT
MOTOR CYCLE,HERO,XOOM-110,INDIA,PETROL,110.9,BATTICALOA,BRAND NEW,12,XOOM-110,Unknown
MOTOR CYCLE,YAMAHA,RAY ZRSTREETRALLY125,INDIA,PETROL,125.0,TRINCOMALEE,BRAND NEW,1,,RAY ZRSTREETRALLY125
DUAL PURPOSE (COMMERCIAL),TOYOTA,GUN126R-DTTHX  HILUX,THAILAND,DIESEL,2755.0,BADULLA,BRAND NEW,1,,GUN126R-DTTHX  HILUX
MOTOR CYCLE,TAILG,RED RABBIT,CHINA,ELECTRIC,1.2,MONERAGALA,BRAND NEW,1,,RED RABBIT
MOTOR CYCLE,QUANLE,ZS,CHINA,ELECTRIC,1.2,PUTTALAM,BRAND NEW,1,,ZS
LAND VEHICLE,SOLIS,4520,INDIA,DIESEL,2893.0,KURUNEGALA,BRAND NEW,1,,4520
CAR,TOYOTA,F800RE-GQGF RUSH,INDONESIA,PETROL,1496.0,MATARA,BRAND NEW,2,,F800RE-GQGF RUSH
MOTOR CYCLE,LUYUAN,MS70 Z23E,CHINA,ELECTRIC,1.2,HAMBANTOTA,BRAND NEW,1,,MS70 Z23E
LAND VEHICLE,TAFE,7250.DI,INDIA,DIESEL,2500.0,PUTTALAM,BRAND NEW,2,,7250.DI
CAR,PERODUA,AXIA-CG1SZ,MALAYSIA,PETROL,998.0,GAMPAHA,BRAND NEW,5,AXIA-CG1SZ,Unknown
MOTOR CYCLE,TAKASHI,E ROCCO,CHINA,ELECTRIC,3.0,RATNAPURA,BRAND NEW,1,,E ROCCO
MOTOR CYCLE,ROYAL ENFIELD,CLASSIC 350,INDIA,PETROL,349.0,JAFFNA,BRAND NEW,1,,CLASSIC 350
MOTOR CYCLE,YAMAHA,FZ  VER 2.0,INDIA,PETROL,149.0,GAMPAHA,BRAND NEW,13,,FZ  VER 2.0
MOTOR CYCLE,YAMAHA,FZ  VER 2.0,INDIA,PETROL,149.0,NUWARA-ELIYA,BRAND NEW,5,,FZ  VER 2.0
MOTOR CYCLE,YAMAHA,FZ  VER 2.0,INDIA,PETROL,149.0,HAMBANTOTA,BRAND NEW,8,,FZ  VER 2.0
MOTOR CYCLE,YAMAHA,FZ  VER 2.0,INDIA,PETROL,149.0,MONERAGALA,BRAND NEW,2,,FZ  VER 2.0
MOTOR CYCLE,YAMAHA,FZ  VER 2.0,INDIA,PETROL,149.0,GALLE,BRAND NEW,3,,FZ  VER 2.0
MOTOR CYCLE,BAJA,PLATINA,INDIA,PETROL,99.27,ANURADHAPURA,BRAND NEW,1,,PLATINA
MOTOR CYCLE,LUYUAN,MYY-Z35J,CHINA,ELECTRIC,2.0,GALLE,BRAND NEW,2,MYY-Z35J,Unknown
CAR,KIA,SORENTO,MALAYSIA,PETROL/ELE,1598.0,KANDY,BRAND NEW,1,,SORENTO
CAR,TOYOTA,RAV4,JAPAN,PETROL,1987.0,COLOMBO,BRAND NEW,1,,RAV4
MOTOR CYCLE,YADEA,M6,CHINA,ELECTRIC,1.2,MATARA,BRAND NEW,1,,M6
MOTOR CYCLE,YAMAHA,RAY ZR,INDIA,PETROL,113.0,KILINOCHCHI,BRAND NEW,1,,RAY ZR
MOTOR CYCLE,SENARO,GN125,SRI LANKA,PETROL,125.0,COLOMBO,BRAND NEW,1,,GN125
CAR,TOYOTA,A250RA-GBVV RAIZE,INDONESIA,PETROL,998.0,BADULLA,BRAND NEW,1,,A250RA-GBVV RAIZE
CAR,TATA,CURVV,INDIA,PETROL,1199.0,JAFFNA,BRAND NEW,2,,CURVV
CAR,TATA,CURVV,INDIA,PETROL,1199.0,COLOMBO,BRAND NEW,2,,CURVV
CAR,BYD,SEAL-COMFORT,CHINA,ELECTRIC,100.0,BADULLA,BRAND NEW,1,SEAL-COMFORT,Unknown
CAR,CHANGAN,S 07,CHINA,ELECTRIC,99.0,COLOMBO,BRAND NEW,1,,S 07
PRIMER MOVER,TATA,SIGNA 5530,INDIA,DIESEL,6702.0,GAMPAHA,BRAND NEW,1,,SIGNA 5530
CAR,KGM,TORRES EVX,KOREA,ELECTRIC,152.2,COLOMBO,BRAND NEW,1,,TORRES EVX
COMMERCIAL,TOYOTA,XZB70R ZGMNY COASTER,JAPAN,DIESEL,4009.0,MATARA,BRAND NEW,1,,XZB70R ZGMNY COASTER
MOTOR LORRY (COMMERCIAL),ISUZU,NMR85U-EH5AY,JAPAN,DIESEL,2999.0,POLONNARUWA,BRAND NEW,1,,NMR85U-EH5AY
MOTOR LORRY (COMMERCIAL),ISUZU,NMR85U-HH5AY,JAPAN,DIESEL,2999.0,GAMPAHA,BRAND NEW,1,,NMR85U-HH5AY
CAR,PERODUA,BEZZA,MALAYSIA,PETROL,998.0,MATALE,BRAND NEW,1,,BEZZA
MOTOR CYCLE,QUANLE,N9 (NINEBOT),CHINA,ELECTRIC,1.5,MONERAGALA,BRAND NEW,1,,N9 (NINEBOT)
MOTOR CYCLE,VMOTO,CITI,CHINA,ELECTRIC,2.0,TRINCOMALEE,BRAND NEW,1,,CITI
MOTOR CYCLE,TVS,TVS XL 100,SRI LANKA,PETROL,99.7,MULLATIVU,BRAND NEW-L/ASSEMBLE,2,,TVS XL 100
MOTOR CYCLE,TVS,TVS XL 100,SRI LANKA,PETROL,99.7,JAFFNA,BRAND NEW-L/ASSEMBLE,23,,TVS XL 100
MOTOR CYCLE,TVS,TVS RAIDER 125,SRI LANKA,PETROL,124.79,MATARA,BRAND NEW-L/ASSEMBLE,11,,TVS RAIDER 125
MOTOR CYCLE,TVS,TVS RAIDER 125,SRI LANKA,PETROL,124.79,POLONNARUWA,BRAND NEW-L/ASSEMBLE,14,,TVS RAIDER 125
MOTOR CYCLE,BAJAJ,PULSAR N160,SRI LANKA,PETROL,164.82,GAMPAHA,BRAND NEW-L/ASSEMBLE,39,,PULSAR N160
MOTOR CYCLE,BAJAJ,CT 100 ES,SRI LANKA,PETROL,102.0,GALLE,BRAND NEW-L/ASSEMBLE,58,,CT 100 ES
MOTOR CYCLE,TVS,TVS XL 100,SRI LANKA,PETROL,99.7,MONERAGALA,BRAND NEW-L/ASSEMBLE,32,,TVS XL 100
MOTOR CYCLE,BAJAJ,PULSAR N160,SRI LANKA,PETROL,164.82,MONERAGALA,BRAND NEW-L/ASSEMBLE,20,,PULSAR N160
MOTOR CYCLE,BAJAJ,CT 100 ES,SRI LANKA,PETROL,102.0,VAVUNIYA,BRAND NEW-L/ASSEMBLE,13,,CT 100 ES
MOTOR CYCLE,SENARO,GN125,SRI LANKA,PETROL,125.0,GAMPAHA,BRAND NEW-L/ASSEMBLE,12,,GN125
MOTOR CYCLE,TVS,TVS RAIDER 125,SRI LANKA,PETROL,124.79,RATNAPURA,BRAND NEW-L/ASSEMBLE,13,,TVS RAIDER 125
MOTOR CYCLE,RANOMOTO,MOPED SUPER,SRI LANKA,PETROL,49.0,BATTICALOA,BRAND NEW-L/ASSEMBLE,25,,MOPED SUPER
MOTOR CYCLE,RANOMOTO,MOPED SUPER,SRI LANKA,PETROL,49.0,ANURADHAPURA,BRAND NEW-L/ASSEMBLE,4,,MOPED SUPER
MOTOR CYCLE,BAJAJ,DISCOVER 125,SRI LANKA,PETROL,124.5,ANURADHAPURA,BRAND NEW-L/ASSEMBLE,24,,DISCOVER 125
MOTOR CYCLE,LENCAR,ERC80,SRI LANKA,ELECTRIC,1.2,KALUTARA,BRAND NEW-L/ASSEMBLE,27,,ERC80
SINGLE CAB,TATA,YODHA,SRI LANKA,DIESEL,2956.0,COLOMBO,BRAND NEW-L/ASSEMBLE,1,,YODHA
MOTOR CYCLE,TVS,TVS RAIDER 125,SRI LANKA,PETROL,124.79,KILINOCHCHI,BRAND NEW-L/ASSEMBLE,4,,TVS RAIDER 125
SINGLE CAB,MAHINDRA,BOLERO CITY PICKUP,SRI LANKA,DIESEL,2523.0,COLOMBO,BRAND NEW-L/ASSEMBLE,4,,BOLERO CITY PICKUP
SINGLE CAB,LANKA ASHOK LEYLAND,BADA DOST,SRI LANKA,DIESEL,1478.0,MATARA,BRAND NEW-L/ASSEMBLE,1,,BADA DOST
MOTOR CYCLE,SENARO,GN125,SRI LANKA,PETROL,125.0,BADULLA,BRAND NEW-L/ASSEMBLE,6,,GN125
MOTOR CYCLE,TVS,TVS NTORQ 125 CC,SRI LANKA,PETROL,124.8,KILINOCHCHI,BRAND NEW-L/ASSEMBLE,1,,TVS NTORQ 125 CC
MOTOR LORRY (COMMERCIAL),LANKA ASHOK LEYLAND,TUSKER SUPER 1618,SRI LANKA,DIESEL,5759.0,VAVUNIYA,BRAND NEW-L/ASSEMBLE,1,,TUSKER SUPER 1618
MOTOR LORRY (COMMERCIAL),LANKA ASHOK LEYLAND,TAURUS 2518,SRI LANKA,DIESEL,5759.0,POLONNARUWA,BRAND NEW-L/ASSEMBLE,1,,TAURUS 2518
MOTOR CYCLE,HONDA,ADV160,JAPAN,PETROL,157.0,PUTTALAM,RECONDITIONED,1,,ADV160
CAR,SUZUKI,5BD-DA17A EVERY,JAPAN,PETROL,658.0,COLOMBO,RECONDITIONED,1,5BD-DA17A,EVERY
CAR,SUZUKI,5AA-ZCEDS,JAPAN,PETROL,1197.0,COLOMBO,RECONDITIONED,1,5AA-ZCEDS,SWIFT
CAR,TOYOTA,6AA-MXPJ10,JAPAN,PETROL/ELE,1496.0,KANDY,RECONDITIONED,1,6AA-MXPJ10,YARISS
CAR,TOYOTA,6AA-MXPJ10 YARIS,JAPAN,PETROL/ELE,1490.0,KEGALLE,RECONDITIONED,1,6AA-MXPJ10,YARIS
MOTOR LORRY (COMMERCIAL),MITSUBISHI,SKG-FEA50 CANTER,JAPAN,DIESEL,2990.0,MATARA,RECONDITIONED,1,SKG-FEA50,CANTER
CAR,TOYOTA,6AA-ZWR90W NOAH,JAPAN,PETROL/ELE,1797.0,KURUNEGALA,RECONDITIONED,1,6AA-ZWR90W,NOAH
CAR,NISSAN,5AA-B44W DAYS,JAPAN,PETROL,659.0,POLONNARUWA,RECONDITIONED,1,5AA-B44W,DAYS
CAR,TOYOTA,3BA-TRJ250W,JAPAN,PETROL,2693.0,RATNAPURA,RECONDITIONED,3,3BA-TRJ250W,PRADO250
CAR,TOYOTA,5BA-M900A ROOMY,JAPAN,PETROL,993.0,KURUNEGALA,RECONDITIONED,1,5BA-M900A,ROOMY
CAR,HONDA,CITY RS,THAILAND,PETROL,988.0,AMPARA,RECONDITIONED,1,,CITY RS
CAR,TOYOTA,5BA-KSP210 YARIS,JAPAN,PETROL,996.0,KILINOCHCHI,RECONDITIONED,1,5BA-KSP210,YARIS
CAR,SUBARU,5BA-LA350F PLEO PLUS,JAPAN,PETROL,658.0,GAMPAHA,RECONDITIONED,1,5BA-LA350F,PLEO PLUS
SPECIAL PURPOSE VEHICLE,KAWASAKI,35ZA WHEEL LOADER,JAPAN,DIESEL,2000.0,BATTICALOA,RECONDITIONED,1,,35ZA WHEEL LOADER
CAR,TOYOTA,5AA-A202A RAIZE,JAPAN,PETROL/ELE,1196.0,GAMPAHA,RECONDITIONED,4,5AA-A202A,RAIZE
CAR,SUZUKI,5AA-MH95S WAGNON R,JAPAN,PETROL,658.0,KALUTARA,RECONDITIONED,1,5AA-MH95S,WAGNON R
CAR,SUZUKI,5AA-ZCEDS SWIFT,JAPAN,PETROL,1197.0,KANDY,RECONDITIONED,1,5AA-ZCEDS,SWIFT
CAR,NISSAN,5AA-B44W DAYZ,JAPAN,PETROL/ELE,659.0,COLOMBO,RECONDITIONED,1,5AA-B44W,DAYZ
CAR,SUZUKI,4AA-MH55S WAGON R,JAPAN,PETROL/ELE,658.0,ANURADHAPURA,RECONDITIONED,1,4AA-MH55S,WAGON R
LAND VEHICLE (SMALL),KUBOTA,K550,JAPAN,DIESEL,375.0,JAFFNA,RECONDITIONED,1,,K550
CAR,TOYOTA,5BA-KSP210,JAPAN,PETROL,996.0,GALLE,RECONDITIONED,3,5BA-KSP210,YARIS  X
DUAL PURPOSE (COMMERCIAL),TOYOTA,HILUX REVO RECCO,THAILAND,DIESEL,2755.0,GALLE,RECONDITIONED,1,,HILUX REVO RECCO
CAR,TOYOTA,3BA-A210A RAIZE,JAPAN,PETROL,996.0,ANURADHAPURA,RECONDITIONED,7,3BA-A210A,RAIZE
CAR,AUDI,3AA-GYDLA A3 S LINE,GERMANY,PETROL,996.0,COLOMBO,RECONDITIONED,1,3AA-GYDLA,A3 S LINE
CAR,TOYOTA,6AA-MXPL10G SIENTA,JAPAN,PETROL/ELE,1496.0,KALUTARA,RECONDITIONED,1,6AA-MXPL10G,SIENTA
CAR,SUZUKI,4AA-MH55S WAGON R,JAPAN,PETROL/ELE,658.0,KANDY,RECONDITIONED,2,4AA-MH55S,WAGON R
CAR,NISSAN,SBD-DR17V  CLIPPER,JAPAN,PETROL,658.0,GAMPAHA,RECONDITIONED,1,SBD-DR17V,CLIPPER
CAR,AUDI,3AA-F3DFY  Q3,GERMANY,PETROL,1496.0,COLOMBO,RECONDITIONED,1,3AA-F3DFY,Q3
MOTOR CYCLE,HONDA,PCX 160,JAPAN,PETROL,157.0,KANDY,RECONDITIONED,6,,PCX 160
CAR,TOYOTA,5BA-KSP210 YARIS,JAPAN,PETROL,996.0,BADULLA,RECONDITIONED,6,5BA-KSP210,YARIS
CAR,SUZUKI,5BA-DA17V EVERY,JAPAN,PETROL,658.0,KANDY,RECONDITIONED,1,5BA-DA17V,EVERY
CAR,SUZUKI,5BA-MH85S WAGON R,JAPAN,PETROL,656.0,GALLE,RECONDITIONED,5,5BA-MH85S,WAGON R
CAR,TOYOTA,5BA-A201A RAIZE,JAPAN,PETROL,1196.0,PUTTALAM,RECONDITIONED,2,5BA-A201A,RAIZE
SINGLE CAB,SUZUKI,3BD-DA16T CARRY,JAPAN,PETROL,658.0,KALUTARA,RECONDITIONED,3,3BD-DA16T,CARRY
SPECIAL PURPOSE VEHICLE,J.C.B,3CX,UNITED KINGDOM,DIESEL,4200.0,COLOMBO,RECONDITIONED,1,,3CX
CAR,HONDA,5BA-DG5,JAPAN,PETROL,1496.0,GAMPAHA,RECONDITIONED,1,5BA-DG5,Unknown
MOTOR CYCLE,HONDA,PCX160,JAPAN,PETROL,157.0,MATALE,RECONDITIONED,1,,PCX160
MOTOR CYCLE,HONDA,PCX160,VIETNAM,PETROL,156.0,GAMPAHA,RECONDITIONED,1,,PCX160
MOTOR CYCLE,HONDA,PCX-160,JAPAN,PETROL,157.0,NUWARA-ELIYA,RECONDITIONED,1,PCX-160,Unknown
CAR,HONDA,6AA-RVS VEZEL,JAPAN,PETROL/ELE,1496.0,COLOMBO,RECONDITIONED,1,6AA-RVS,VEZEL
CAR,NISSAN,5BD-DR17V-CLIPPER,JAPAN,PETROL,658.0,KEGALLE,RECONDITIONED,1,5BD-DR17V-CLIPPER,Unknown
CAR,HONDA,6AA-RV5  VEZEL,JAPAN,PETROL/ELE,1496.0,AMPARA,RECONDITIONED,1,6AA-RV5,VEZEL
CAR,SUZUKI,5BD-DA17V EVERY,JAPAN,PETROL,658.0,POLONNARUWA,RECONDITIONED,3,5BD-DA17V,EVERY
CAR,SUZUKI,5BA-MH85S,JAPAN,PETROL,658.0,COLOMBO,RECONDITIONED,1,5BA-MH85S,WAGOON R
CAR,SUZUKI,5AA-MX91S WAGON R,JAPAN,PETROL,657.0,COLOMBO,RECONDITIONED,1,5AA-MX91S,WAGON R
CAR,SUZUKI,5AA-MR92S HUSTLER,JAPAN,PETROL,658.0,KALUTARA,RECONDITIONED,1,5AA-MR92S,HUSTLER
CAR,TOYOTA,5BA-MZEA17 COROLLA,JAPAN,PETROL,1496.0,KEGALLE,RECONDITIONED,1,5BA-MZEA17,COROLLA
CAR,TOYOTA,6BA-MXUA80,JAPAN,PETROL,1986.0,GAMPAHA,RECONDITIONED,1,6BA-MXUA80,HARRIER
CAR,SUZUKI,5AA-MK94S SPACIA,JAPAN,PETROL/ELE,657.0,JAFFNA,RECONDITIONED,1,5AA-MK94S,SPACIA
CAR,MERCEDES BENZ,GLB 200 AMGLNE,UNITED KINGDOM,PETROL,1332.0,KURUNEGALA,RECONDITIONED,1,,GLB 200 AMGLNE
CAR,HONDA,6AA-RV6 VEZEL,JAPAN,PETROL/ELE,1496.0,KANDY,RECONDITIONED,1,6AA-RV6,VEZEL
CAR,TOYOTA,YARIS CROSS,THAILAND,PETROL/ELE,1496.0,RATNAPURA,RECONDITIONED,1,,YARIS CROSS
CAR,DAIHATSU,5BA-LA350S MIRA E.S,JAPAN,PETROL,658.0,GALLE,RECONDITIONED,1,5BA-LA350S,MIRA E.S
CAR,HONDA,CITY RS,THAILAND,PETROL,988.0,MATALE,RECONDITIONED,1,,CITY RS
CAR,NISSAN,5AA-B44W,JAPAN,PETROL,658.0,MATARA,RECONDITIONED,1,5AA-B44W,DAYS
DUAL PURPOSE (COMMERCIAL),FORD,RANGER RAPTOR,THAILAND,PETROL,2956.0,BATTICALOA,RECONDITIONED,1,,RANGER RAPTOR
CAR,LAND ROVER,RANGE ROVER,UNITED KINGDOM,PETROL/ELE,1498.0,GALLE,RECONDITIONED,1,,RANGE ROVER
CAR,TOYOTA,3BA-NGX10 CH-R,JAPAN,PETROL,1196.0,PUTTALAM,RECONDITIONED,1,3BA-NGX10,CH-R
CAR,TOYOTA,5BA-MXPB10 YARIS,JAPAN,PETROL,1490.0,GAMPAHA,RECONDITIONED,1,5BA-MXPB10,YARIS
CAR,HONDA,6AA-RV5,JAPAN,PETROL/ELE,1496.0,KANDY,RECONDITIONED,1,6AA-RV5,VESEL
CAR,B.M.W.,IX XDRIVE 40M SPORT,UNITED KINGDOM,ELECTRIC,240.0,KURUNEGALA,RECONDITIONED,1,,IX XDRIVE 40M SPORT
MOTOR CYCLE,HONDA,PCX 125,JAPAN,PETROL,124.0,KURUNEGALA,RECONDITIONED,2,,PCX 125
CAR,DAIHATSU,5BA-LA650S TANTO,JAPAN,PETROL,658.0,KANDY,RECONDITIONED,2,5BA-LA650S,TANTO
CAR,MAZDA,5AA--MM53S  FLAIR,JAPAN,PETROL/ELE,658.0,PUTTALAM,RECONDITIONED,1,5AA--MM53S,FLAIR
CAR,TOYOTA,5AA-A202A RAIZE,JAPAN,PETROL/ELE,78.0,KILINOCHCHI,RECONDITIONED,1,5AA-A202A,RAIZE
CAR,TOYOTA,3BA-NGX10 CHR,JAPAN,PETROL,1196.0,COLOMBO,RECONDITIONED,1,3BA-NGX10,CHR
SPECIAL PURPOSE VEHICLE,T.C.M,FDH 135Z,JAPAN,DIESEL,6490.0,GAMPAHA,RECONDITIONED,1,,FDH 135Z
CAR,TOYOTA,6AA-MXPJ10  YARIS,JAPAN,PETROL/ELE,1496.0,MATARA,RECONDITIONED,1,6AA-MXPJ10,YARIS
DUAL PURPOSE (COMMERCIAL),TOYOTA,HILUX 3DF-GUN125,JAPAN,DIESEL,2393.0,COLOMBO,RECONDITIONED,1,,HILUX 3DF-GUN125
MOTOR LORRY (COMMERCIAL),ISUZU,TRG-NPR85AN ELF,JAPAN,DIESEL,2990.0,GAMPAHA,RECONDITIONED,2,TRG-NPR85AN,ELF
MOTOR CYCLE,HONDA,PCX-160,JAPAN,PETROL,156.0,BATTICALOA,RECONDITIONED,1,PCX-160,Unknown
CAR,HONDA,CITY,THAILAND,PETROL,988.0,POLONNARUWA,RECONDITIONED,1,,CITY
CAR,TOYOTA,3BA-A210A RAIZE,JAPAN,PETROL,996.0,POLONNARUWA,RECONDITIONED,1,3BA-A210A,RAIZE
COMMERCIAL,TOYOTA,3DF-GDH223B HIACE,JAPAN,DIESEL,2754.0,KANDY,RECONDITIONED,2,3DF-GDH223B,HIACE
MOTOR CYCLE,HONDA,CRF 250 L,THAILAND,PETROL,249.0,COLOMBO,RECONDITIONED,1,,CRF 250 L
CAR,TOYOTA,5AA-A202A  RAIZE,JAPAN,PETROL/ELE,78.0,KANDY,RECONDITIONED,1,5AA-A202A,RAIZE
CAR,SUZUKI,5AA-MH95S WAGON R,JAPAN,PETROL/ELE,657.0,POLONNARUWA,RECONDITIONED,1,5AA-MH95S,WAGON R
MOTOR CYCLE,HONDA,PCX,JAPAN,PETROL,156.0,KANDY,RECONDITIONED,1,,PCX
CAR,DAIHATSU,5BA- LA350S MIRA,JAPAN,PETROL,658.0,COLOMBO,RECONDITIONED,1,,5BA- LA350S MIRA
CAR,DAIHATSU,5BA-LA350S MIRA.ES,JAPAN,PETROL,658.0,MATARA,RECONDITIONED,1,5BA-LA350S,MIRA.ES
COMMERCIAL,TOYOTA,3DF-GDH223B HIACE,JAPAN,DIESEL,2754.0,HAMBANTOTA,RECONDITIONED,1,3DF-GDH223B,HIACE
CAR,SUZUKI,5BD-DA17V EVERY,JAPAN,PETROL,650.0,GAMPAHA,RECONDITIONED,1,5BD-DA17V,EVERY
SINGLE CAB,SUZUKI,3BD-DA16T CARRY,JAPAN,PETROL,658.0,HAMBANTOTA,RECONDITIONED,1,3BD-DA16T,CARRY
CAR,B.M.W.,3BA-7K15 218 I,GERMANY,PETROL,1499.0,COLOMBO,RECONDITIONED,1,3BA-7K15,218 I
CAR,SUZUKI,5BA-MH85S WAGON R,JAPAN,PETROL,657.0,KALUTARA,RECONDITIONED,1,5BA-MH85S,WAGON R
MOTOR CYCLE,HONDA,CRF RALLY,THAILAND,PETROL,249.0,GAMPAHA,RECONDITIONED,1,,CRF RALLY
CAR,NISSAN,NV100 CLIPPER,JAPAN,PETROL,658.0,KANDY,RECONDITIONED,1,,NV100 CLIPPER
CAR,DAIHATSU,5BA-LA150S,JAPAN,PETROL,658.0,GAMPAHA,RECONDITIONED,1,5BA-LA150S,MOVE
CAR,LAND ROVER,3BA-LE72XAA DEFENDER,UNITED KINGDOM,PETROL,1990.0,COLOMBO,RECONDITIONED,1,3BA-LE72XAA,DEFENDER
OTHER SPECIAL PURPOSE VEHICLE,NISSAN,NV350 CARAVAN,JAPAN,DIESEL,2482.0,GAMPAHA,RECONDITIONED,1,,NV350 CARAVAN
CAR,LAND ROVER,3BA-LE72XCA DEFENDER,UNITED KINGDOM,PETROL,1990.0,GALLE,RECONDITIONED,1,3BA-LE72XCA,DEFENDER
MOTOR CYCLE,HONDA,ADV160,JAPAN,PETROL,157.0,BATTICALOA,RECONDITIONED,1,,ADV160
MOTOR LORRY (COMMERCIAL),ISUZU,TPG-NPR85AN ELF,JAPAN,DIESEL,2990.0,KANDY,RECONDITIONED,1,TPG-NPR85AN,ELF
CAR,SUZUKI,3BA-DA17W  EVERY,JAPAN,PETROL,658.0,AMPARA,RECONDITIONED,1,3BA-DA17W,EVERY
CAR,TOYOTA,3BA-TRJ250W PRADO,JAPAN,PETROL,2693.0,COLOMBO,RECONDITIONED,1,3BA-TRJ250W,PRADO
CAR,MAZDA,3BA-HB37S CAROL,JAPAN,PETROL,658.0,GAMPAHA,RECONDITIONED,1,3BA-HB37S,CAROL
CAR,NISSAN,5AA-B44W DAYZ,JAPAN,PETROL,659.0,KALUTARA,RECONDITIONED,1,5AA-B44W,DAYZ
CAR,NISSAN,4AA-B45A ROOX,JAPAN,PETROL,658.0,KANDY,RECONDITIONED,1,4AA-B45A,ROOX
MOTOR CYCLE,HONDA,PCX,JAPAN,PETROL,157.0,GAMPAHA,RECONDITIONED,1,,PCX
CAR,DAIHATSU,5BA-LA350S MIRA ES,JAPAN,PETROL,658.0,MONERAGALA,RECONDITIONED,1,5BA-LA350S,MIRA ES
CAR,TOYOTA,6AA-AAHH40W VELFIRE,JAPAN,PETROL/ELE,2487.0,COLOMBO,RECONDITIONED,1,6AA-AAHH40W,VELFIRE
CAR,TOYOTA,YARIS ATIV SPORT,THAILAND,PETROL,1197.0,COLOMBO,RECONDITIONED,1,,YARIS ATIV SPORT
CAR,MITSUBISHI,5AA-B34W,JAPAN,PETROL,658.0,GAMPAHA,RECONDITIONED,1,5AA-B34W,EK X
CAR,TOYOTA,3BA-A210A RAIZE,JAPAN,PETROL,998.0,BADULLA,RECONDITIONED,1,3BA-A210A,RAIZE
CAR,SUZUKI,EVERY 5BD-DA17V,JAPAN,PETROL,658.0,KANDY,RECONDITIONED,1,,EVERY 5BD-DA17V
CAR,HONDA,6BA-JH3 N-WGN,JAPAN,PETROL,658.0,GALLE,RECONDITIONED,1,6BA-JH3,N-WGN
CAR,TOYOTA,YARIS AT1V NGC100R,THAILAND,PETROL,1197.0,COLOMBO,RECONDITIONED,1,,YARIS AT1V NGC100R
CAR,HONDA,6AA-RV VEZEL,JAPAN,PETROL/ELE,1496.0,GALLE,RECONDITIONED,1,6AA-RV,VEZEL
CAR,TOYOTA,3DA-GDJ250W,JAPAN,DIESEL,2750.0,KEGALLE,RECONDITIONED,1,3DA-GDJ250W,PRADO
CAR,MERCEDES BENZ,5AA-206043C C-200,GERMANY,PETROL,1497.0,GAMPAHA,RECONDITIONED,1,5AA-206043C,C-200
CAR,SUZUKI,5AA-MH85S WAGON R,JAPAN,PETROL,658.0,AMPARA,RECONDITIONED,1,5AA-MH85S,WAGON R
CAR,HONDA,CRV VTI L7,AUSTRALIA,PETROL,1498.0,PUTTALAM,RECONDITIONED,1,,CRV VTI L7
CAR,LEXUS,3BA-VJA310W,JAPAN,PETROL,3440.0,COLOMBO,RECONDITIONED,1,3BA-VJA310W,LX 600
MOTOR LORRY (COMMERCIAL),ISUZU,2SG-NPR88AN ELF,JAPAN,DIESEL,2990.0,COLOMBO,RECONDITIONED,1,2SG-NPR88AN,ELF
CAR,HONDA,CRV VTI L7,AUSTRALIA,PETROL,1498.0,ANURADHAPURA,RECONDITIONED,1,,CRV VTI L7
MOTOR CYCLE,RISE,LEADER 125,SRI LANKA,PETROL,125.0,JAFFNA,BRAND NEW-L/MANUFACT,33,,LEADER 125
MOTOR CYCLE,RISE,LEADER 125,SRI LANKA,PETROL,125.0,POLONNARUWA,BRAND NEW-L/MANUFACT,3,,LEADER 125
MOTOR CYCLE,RISE,LEADER 125,SRI LANKA,PETROL,125.0,ANURADHAPURA,BRAND NEW-L/MANUFACT,4,,LEADER 125
MOTOR CYCLE,RISE,LEADER 125,SRI LANKA,PETROL,125.0,TRINCOMALEE,BRAND NEW-L/MANUFACT,2,,LEADER 125
MOTOR CYCLE,RISE,LEADER 125,SRI LANKA,PETROL,125.0,MATALE,BRAND NEW-L/MANUFACT,3,,LEADER 125
MOTOR CYCLE,RISE,LEADER R 100,SRI LANKA,ELECTRIC,2.0,KURUNEGALA,BRAND NEW-L/MANUFACT,1,,LEADER R 100
MOTOR CYCLE,RISE,LEADER,SRI LANKA,ELECTRIC,2.0,ANURADHAPURA,BRAND NEW-L/MANUFACT,4,,LEADER
MOTOR CYCLE,RISE,LEADER PLUS,SRI LANKA,ELECTRIC,2.0,KURUNEGALA,BRAND NEW-L/MANUFACT,3,,LEADER PLUS
TRACTOR TRAILER/BOWSER,LOCALLY BUILT,TRACTOR  TRAILER,SRI LANKA,NOT STATED,0.0,JAFFNA,LOCALLY BUILT,13,,TRACTOR  TRAILER
TRACTOR TRAILER/BOWSER,LOCALLY BUILT,TRACTOR  TRAILER,SRI LANKA,NOT STATED,0.0,AMPARA,LOCALLY BUILT,20,,TRACTOR  TRAILER
TRACTOR TRAILER/BOWSER,LOCALLY BUILT,TRACTOR TRAILER,SRI LANKA,NOT STATED,0.0,POLONNARUWA,LOCALLY BUILT,5,,TRACTOR TRAILER
MOTOR CYCLE,HERO,XOOM-110,INDIA,PETROL,110.9,COLOMBO,BOUGHT FROM AUCTION,1,XOOM-110,Unknown
TRACTOR TRAILER/BOWSER,LOCALLY BUILT,TRACTOR  TRAILER,SRI LANKA,NOT STATED,0.0,MONERAGALA,LOCALLY BUILT,1,,TRACTOR  TRAILER
MOTOR CYCLE,HONDA,AX1,JAPAN,PETROL,249.0,COLOMBO,BOUGHT FROM AUCTION,1,,AX1
MOTOR CYCLE,HONDA,PCX125,JAPAN,PETROL,125.0,MATARA,BOUGHT FROM AUCTION,1,,PCX125
MOTOR TRICYCLE VAN,PIAGGIO,APE XTRA LD,INDIA,DIESEL,435.0,COLOMBO,BOUGHT FROM AUCTION,1,,APE XTRA LD
TRACTOR TRAILER/BOWSER,NIROSH TRAILER,TRACTOR TRAILER,SRI LANKA,NOT STATED,0.0,GAMPAHA,LOCALLY BUILT,1,,TRACTOR TRAILER
MOTOR CYCLE,TVS,IQUBE,INDIA,ELECTRIC,3.34,ANURADHAPURA,BRAND NEW,5,,IQUBE
MOTOR CYCLE,QUANLE,XGW,CHINA,ELECTRIC,1.2,COLOMBO,BRAND NEW,1,,XGW
MOTOR CYCLE,TVS,TVS NTORQ 125 CC,INDIA,PETROL,124.8,MULLATIVU,BRAND NEW,5,,TVS NTORQ 125 CC
THREE WHEELER,BAJAJ,RE 4S AUTORICKSHAW,INDIA,PETROL,237.0,PUTTALAM,BRAND NEW,25,,RE 4S AUTORICKSHAW
THREE WHEELER,BAJAJ,RE 4S AUTORICKSHAW,INDIA,PETROL,237.0,KALUTARA,BRAND NEW,69,,RE 4S AUTORICKSHAW
LAND VEHICLE,MAHINDRA,YUVO TECH PLUS 575DI,INDIA,DIESEL,2979.0,AMPARA,BRAND NEW,5,,YUVO TECH PLUS 575DI
THREE WHEELER,BAJAJ,RE 4S AUTORICKSHAW,INDIA,PETROL,237.0,AMPARA,BRAND NEW,85,,RE 4S AUTORICKSHAW
LAND VEHICLE,YANMAR,YM358R,THAILAND,DIESEL,3319.0,GAMPAHA,BRAND NEW,2,,YM358R
CAR,BYD,ATTO-3-SUPERIOR,CHINA,ELECTRIC,100.0,KALUTARA,BRAND NEW,14,ATTO-3-SUPERIOR,Unknown
MOTOR CYCLE,LUYUAN,S90 PLUS,CHINA,ELECTRIC,1.5,ANURADHAPURA,BRAND NEW,2,,S90 PLUS
SINGLE CAB,MAHINDRA,BOLERO CITY PICKUP,INDIA,DIESEL,2523.0,RATNAPURA,BRAND NEW,5,,BOLERO CITY PICKUP
CAR,BYD,SEALION 6 SUPERIOR,CHINA,PETROL/ELE,1498.0,RATNAPURA,BRAND NEW,12,,SEALION 6 SUPERIOR
MOTOR CYCLE,LUYUAN,M-MHH-Z30LJ,CHINA,ELECTRIC,2.0,HAMBANTOTA,BRAND NEW,2,,M-MHH-Z30LJ
MOTOR CYCLE,BAJAJ,PULSAR N 160,INDIA,PETROL,164.32,AMPARA,BRAND NEW,79,,PULSAR N 160
MOTOR CYCLE,BAJAJ,PULSAR N 125,INDIA,PETROL,124.58,GAMPAHA,BRAND NEW,101,,PULSAR N 125
MOTOR CYCLE,BAJAJ,PULSAR N 125,INDIA,PETROL,124.58,KEGALLE,BRAND NEW,32,,PULSAR N 125
MOTOR CYCLE,YADEA,T5,CHINA,ELECTRIC,1.2,PUTTALAM,BRAND NEW,102,,T5
MOTOR CYCLE,YADEA,T5,CHINA,ELECTRIC,1.2,GALLE,BRAND NEW,121,,T5
MOTOR CYCLE,YADEA,T5,CHINA,ELECTRIC,1.2,BATTICALOA,BRAND NEW,9,,T5
CAR,PERODUA,AXIA CG1GZ,MALAYSIA,PETROL,998.0,GAMPAHA,BRAND NEW,10,,AXIA CG1GZ
CAR,BYD,SEALION 6 SUPERIOR,CHINA,PETROL/ELE,1498.0,AMPARA,BRAND NEW,1,,SEALION 6 SUPERIOR
CAR,AUDI,E-TRON,GERMANY,ELECTRIC,230.0,GAMPAHA,BRAND NEW,1,,E-TRON
COMMERCIAL,MITSUBISHI,FUSO ROSA,JAPAN,DIESEL,2998.0,GAMPAHA,BRAND NEW,3,,FUSO ROSA
MOTOR CYCLE,TVS,IQUBE,INDIA,ELECTRIC,3.34,JAFFNA,BRAND NEW,2,,IQUBE
MOTOR CYCLE,BAJAJ,PULSAR N 160,INDIA,PETROL,164.32,GALLE,BRAND NEW,91,,PULSAR N 160
CAR,HONDA,RV589SJNX  HR-V,THAILAND,PETROL/ELE,1496.0,COLOMBO,BRAND NEW,9,,RV589SJNX  HR-V
CAR,NISSAN,MAGNITE ACENTA BR10,INDIA,PETROL,999.0,MATALE,BRAND NEW,1,,MAGNITE ACENTA BR10
CAR,NISSAN,MAGNITE N-CONNECTA,INDIA,PETROL,999.0,GAMPAHA,BRAND NEW,2,,MAGNITE N-CONNECTA
MOTOR CYCLE,YAMAHA,YZF R15 VER 4.0,INDIA,PETROL,155.0,KALUTARA,BRAND NEW,8,,YZF R15 VER 4.0
MOTOR CYCLE,YAMAHA,RAY ZR 125,INDIA,PETROL,125.0,MULLATIVU,BRAND NEW,2,,RAY ZR 125
MOTOR CYCLE,YAMAHA,RAY ZRSTREETRALLY125,INDIA,PETROL,125.0,AMPARA,BRAND NEW,6,,RAY ZRSTREETRALLY125
MOTOR CYCLE,YAMAHA,RAY ZRSTREETRALLY125,INDIA,PETROL,125.0,BATTICALOA,BRAND NEW,8,,RAY ZRSTREETRALLY125
MOTOR CYCLE,YAMAHA,FZ S FI VER 4.0,INDIA,PETROL,149.0,GAMPAHA,BRAND NEW,24,,FZ S FI VER 4.0
COMMERCIAL,LANKA ASHOK LEYLAND,LUXURA 12M,INDIA,DIESEL,6014.0,KALUTARA,BRAND NEW,1,,LUXURA 12M
MOTOR CYCLE,LIMA,ELO-07,CHINA,ELECTRIC,1.5,MONERAGALA,BRAND NEW,4,ELO-07,Unknown
MOTOR CYCLE,LIMA,ELO-07,CHINA,ELECTRIC,1.5,POLONNARUWA,BRAND NEW,7,ELO-07,Unknown
LAND VEHICLE (SMALL),LAND FORCE,RK125,THAILAND,DIESEL,624.0,POLONNARUWA,BRAND NEW,1,,RK125
MOTOR CYCLE,YAMAHA,RAY ZRSTREETRALLY125,INDIA,PETROL,125.0,BADULLA,BRAND NEW,6,,RAY ZRSTREETRALLY125
MOTOR CYCLE,YAMAHA,RAY ZRSTREETRALLY125,INDIA,PETROL,125.0,RATNAPURA,BRAND NEW,3,,RAY ZRSTREETRALLY125
CAR,SAIC,MGHS PHEV,CHINA,PETROL/ELE,1490.0,COLOMBO,BRAND NEW,1,,MGHS PHEV
CAR,PERODUA,AXIA CG1GZ,MALAYSIA,PETROL,998.0,KANDY,BRAND NEW,4,,AXIA CG1GZ
MOTOR CYCLE,YAMAHA,RAY ZR 125,INDIA,PETROL,125.0,GALLE,BRAND NEW,11,,RAY ZR 125
MOTOR CYCLE,BAJAJ,BOXER CT DX,INDIA,PETROL,99.35,MATARA,BRAND NEW,3,,BOXER CT DX
MOTOR CYCLE,QUANLE,G18,CHINA,ELECTRIC,2.0,KURUNEGALA,BRAND NEW,12,,G18
MOTOR CYCLE,TMR LUYUAN,MQQ6,CHINA,ELECTRIC,0.8,MONERAGALA,BRAND NEW,1,,MQQ6
MOTOR CYCLE,QUANLE,G18,CHINA,ELECTRIC,2.0,TRINCOMALEE,BRAND NEW,2,,G18
MOTOR CYCLE,YAMAHA,MT 15 VER 2.0,INDIA,PETROL,155.0,NUWARA-ELIYA,BRAND NEW,2,,MT 15 VER 2.0
MOTOR CYCLE,YAMAHA,YZF R15 VER 4.0,INDIA,PETROL,155.0,COLOMBO,BRAND NEW,10,,YZF R15 VER 4.0
COMMERCIAL,TATA,LP 712,INDIA,DIESEL,3783.0,ANURADHAPURA,BRAND NEW,1,,LP 712
MOTOR CYCLE,YAMAHA,MT 15 VER 2.0,INDIA,PETROL,155.0,COLOMBO,BRAND NEW,16,,MT 15 VER 2.0
LAND VEHICLE (SMALL),FARM MASTER,FM300,VIETNAM,DIESEL,666.0,TRINCOMALEE,BRAND NEW,1,,FM300
MOTOR CYCLE,BAJAJ,PULSAR 180,INDIA,PETROL,178.6,MATARA,BRAND NEW,1,,PULSAR 180
MOTOR CYCLE,BAJAJ,DISCOVER 135,INDIA,PETROL,134.5,MATARA,BRAND NEW,1,,DISCOVER 135
MOTOR CYCLE,VMOTO,CITI,CHINA,ELECTRIC,2.0,MATALE,BRAND NEW,2,,CITI
MOTOR LORRY (COMMERCIAL),ISUZU,NQR75U-KN5VAYN,JAPAN,DIESEL,5193.0,NUWARA-ELIYA,BRAND NEW,1,,NQR75U-KN5VAYN
CAR,KIA,SORENTO,MALAYSIA,PETROL/ELE,1598.0,MATARA,BRAND NEW,1,,SORENTO
MOTOR CYCLE,HERO,XOOM-110,INDIA,PETROL,110.9,AMPARA,BRAND NEW,26,XOOM-110,Unknown
LAND VEHICLE,MAHINDRA,YUVO TECH PLUS 585DI,INDIA,DIESEL,2979.0,MATALE,BRAND NEW,3,,YUVO TECH PLUS 585DI
LAND VEHICLE,MAHINDRA,YUVO TECH PLUS 585DI,INDIA,DIESEL,2979.0,AMPARA,BRAND NEW,1,,YUVO TECH PLUS 585DI
LAND VEHICLE,MAHINDRA,YUVO TECH PLUS 585DI,INDIA,DIESEL,2979.0,POLONNARUWA,BRAND NEW,1,,YUVO TECH PLUS 585DI
MOTOR CYCLE,TAILG,SAI BEI,CHINA,ELECTRIC,1.5,PUTTALAM,BRAND NEW,1,,SAI BEI
MOTOR CYCLE,HONDA,PCX160,INDONESIA,PETROL,157.0,COLOMBO,BRAND NEW,1,,PCX160
MOTOR CYCLE,YAMAHA,RAY ZRSTREETRALLY125,INDIA,PETROL,125.0,KANDY,BRAND NEW,5,,RAY ZRSTREETRALLY125
MOTOR CYCLE,YAMAHA,FZ S FI VER 4.0,INDIA,PETROL,149.0,HAMBANTOTA,BRAND NEW,3,,FZ S FI VER 4.0
DUAL PURPOSE (COMMERCIAL),TOYOTA,GUN125R-DTTLX  HILUX,THAILAND,DIESEL,2393.0,COLOMBO,BRAND NEW,1,,GUN125R-DTTLX  HILUX
COMMERCIAL,TOYOTA,COASTER XZB70R-ZGMNY,JAPAN,DIESEL,4009.0,NUWARA-ELIYA,BRAND NEW,1,,COASTER XZB70R-ZGMNY
CAR,PERODUA,AXIA CG1GZ,MALAYSIA,PETROL,998.0,KURUNEGALA,BRAND NEW,4,,AXIA CG1GZ
MOTOR CYCLE,DYNAMIC,SL,CHINA,ELECTRIC,2.0,KALUTARA,BRAND NEW,1,,SL
MOTOR CYCLE,ATHER,450X,INDIA,ELECTRIC,3.0,KANDY,BRAND NEW,1,,450X
MOTOR CYCLE,REVOLT,RV 400,INDIA,ELECTRIC,3.0,KURUNEGALA,BRAND NEW,2,,RV 400
COMMERCIAL,TOYOTA,HIACE GDH301R-GDTDY,JAPAN,DIESEL,2755.0,COLOMBO,BRAND NEW,1,,HIACE GDH301R-GDTDY
MOTOR CYCLE,ZONGSHEN,CUSTOM 90,CHINA,PETROL,90.0,MATARA,BRAND NEW,2,,CUSTOM 90
CAR,TATA,CURVV,INDIA,PETROL,1199.0,KALUTARA,BRAND NEW,1,,CURVV
MOTOR CYCLE,QUANLE,ZS,CHINA,ELECTRIC,1.2,POLONNARUWA,BRAND NEW,1,,ZS
CAR,BYD,DOLPHIN-DYNAMIC49,CHINA,ELECTRIC,49.0,KURUNEGALA,BRAND NEW,3,,DOLPHIN-DYNAMIC49
MOTOR CYCLE,YADEA,E8S PRO,CHINA,ELECTRIC,2.0,COLOMBO,BRAND NEW,3,,E8S PRO
CAR,TOYOTA,A250RA-GBVV RAIZE,INDONESIA,PETROL,998.0,KURUNEGALA,BRAND NEW,8,,A250RA-GBVV RAIZE
MOTOR CYCLE,YADEA,T 9,CHINA,ELECTRIC,2.0,VAVUNIYA,BRAND NEW,1,,T 9
MOTOR CYCLE,YAMAHA,MT 15 VER 2.0,INDIA,PETROL,155.0,MATARA,BRAND NEW,1,,MT 15 VER 2.0
CAR,TOYOTA,NYC200R-DHXHBF,INDONESIA,PETROL/ELE,1496.0,GAMPAHA,BRAND NEW,2,,NYC200R-DHXHBF
MOTOR CYCLE,QUANLE,G18,CHINA,ELECTRIC,2.0,ANURADHAPURA,BRAND NEW,1,,G18
MOTOR CYCLE,YAMAHA,MT 15 VER 2.0,INDIA,PETROL,155.0,GALLE,BRAND NEW,2,,MT 15 VER 2.0
MOTOR CYCLE,YAMAHA,FZ S FI VER 4.0,INDIA,PETROL,149.0,KANDY,BRAND NEW,1,,FZ S FI VER 4.0
MOTOR CYCLE,YAMAHA,RAY ZR STREET RALLY,INDIA,PETROL,113.0,COLOMBO,BRAND NEW,3,,RAY ZR STREET RALLY
MOTOR LORRY (COMMERCIAL),ISUZU,NQR75U-KN5VAYN,JAPAN,DIESEL,5193.0,MATARA,BRAND NEW,1,,NQR75U-KN5VAYN
MOTOR CYCLE,QCIX,QCIX-LH,CHINA,ELECTRIC,1.5,GAMPAHA,BRAND NEW,3,QCIX-LH,Unknown
MOTOR CYCLE,VMOTO,CITI,CHINA,ELECTRIC,2.0,ANURADHAPURA,BRAND NEW,5,,CITI
MOTOR LORRY (COMMERCIAL),ISUZU,NPR75U-HL5VAYN,JAPAN,DIESEL,5193.0,KEGALLE,BRAND NEW,1,,NPR75U-HL5VAYN
MOTOR CYCLE,YAMAHA,FZ S FI VER 4.0,INDIA,PETROL,149.0,TRINCOMALEE,BRAND NEW,2,,FZ S FI VER 4.0
MOTOR CYCLE,QUANLE,N9 (NINEBOT),CHINA,ELECTRIC,1.5,RATNAPURA,BRAND NEW,1,,N9 (NINEBOT)
MOTOR CYCLE,QUANLE,N9 (NINEBOT),CHINA,ELECTRIC,1.5,TRINCOMALEE,BRAND NEW,1,,N9 (NINEBOT)
CAR,TOYOTA,NYC200R-DHXHBF,INDONESIA,PETROL/ELE,1496.0,COLOMBO,BRAND NEW,3,,NYC200R-DHXHBF
CAR,BYD,DOLPHIN-DYNAMIC 70,CHINA,ELECTRIC,70.0,KURUNEGALA,BRAND NEW,3,,DOLPHIN-DYNAMIC 70
SINGLE CAB,TATA,YODHA,INDIA,DIESEL,2956.0,RATNAPURA,BRAND NEW,1,,YODHA
LAND VEHICLE (SMALL),FARM MASTER,RV125-2,CHINA,DIESEL,624.0,TRINCOMALEE,BRAND NEW,1,RV125-2,Unknown
THREE WHEELER,PIAGGIO,APE AUTO DX,INDIA,DIESEL,435.0,COLOMBO,BRAND NEW,1,,APE AUTO DX
MOTOR CYCLE,ROYAL ENFIELD,CLASSIC 350,INDIA,PETROL,349.0,ANURADHAPURA,BRAND NEW,1,,CLASSIC 350
CAR,BYD,M6 STANDARD,CHINA,ELECTRIC,100.0,POLONNARUWA,BRAND NEW,1,,M6 STANDARD
MOTOR CYCLE,LUYUAN ALFA,M-MKK-Z30LJ-12-C,CHINA,ELECTRIC,1.8,ANURADHAPURA,BRAND NEW,1,,M-MKK-Z30LJ-12-C
MOTOR CYCLE,YAMAHA,RAY ZR,INDIA,PETROL,113.0,RATNAPURA,BRAND NEW,7,,RAY ZR
SPECIAL PURPOSE VEHICLE,MAHINDRA,EARTH MASTER VX90,INDIA,DIESEL,3532.0,JAFFNA,BRAND NEW,1,,EARTH MASTER VX90
CAR,TATA,CURVV,INDIA,PETROL,1199.0,BATTICALOA,BRAND NEW,2,,CURVV
MOTOR CYCLE,YAMAHA,RAY ZR,INDIA,PETROL,113.0,HAMBANTOTA,BRAND NEW,2,,RAY ZR
LAND VEHICLE,MAHINDRA,YUVO TECH PLUS 575DI,INDIA,DIESEL,2979.0,COLOMBO,BRAND NEW,5,,YUVO TECH PLUS 575DI
MOTOR CYCLE,ATHER,450X,INDIA,ELECTRIC,3.0,MATARA,BRAND NEW,1,,450X
LAND VEHICLE,JOHN DEERE,5047D,INDIA,DIESEL,2940.0,AMPARA,BRAND NEW,1,,5047D
COMMERCIAL,YUTONG,ZK6128H,CHINA,DIESEL,9500.0,COLOMBO,BRAND NEW,1,,ZK6128H
MOTOR CYCLE,YAMAHA,RAY ZRSTREETRALLY125,INDIA,PETROL,125.0,MONERAGALA,BRAND NEW,1,,RAY ZRSTREETRALLY125
CAR,BYD,DOLPHIN-DYNAMIC49,CHINA,ELECTRIC,49.0,ANURADHAPURA,BRAND NEW,1,,DOLPHIN-DYNAMIC49
MOTOR CYCLE,TMR LUYUAN,S18,CHINA,ELECTRIC,1.2,KALUTARA,BRAND NEW,1,,S18
MOTOR CYCLE,SUPER SOCO,TS STREET HUNTER,CHINA,ELECTRIC,2.5,MATARA,BRAND NEW,1,,TS STREET HUNTER
MOTOR CYCLE,YADEA,E8S PRO,CHINA,ELECTRIC,2.0,KALUTARA,BRAND NEW,1,,E8S PRO
MOTOR CYCLE,BAJAJ,CT 100 ES,SRI LANKA,PETROL,102.0,MONERAGALA,BRAND NEW,1,,CT 100 ES
CAR,BYD,DOLPHIN-DYNAMIC49,CHINA,ELECTRIC,49.0,PUTTALAM,BRAND NEW,1,,DOLPHIN-DYNAMIC49
CAR,BYD,DOLPHIN-DYNAMIC49,CHINA,ELECTRIC,49.0,HAMBANTOTA,BRAND NEW,1,,DOLPHIN-DYNAMIC49
MOTOR CYCLE,TVS,NTORQ 125,SRI LANKA,PETROL,124.8,JAFFNA,BRAND NEW-L/ASSEMBLE,3,,NTORQ 125
MOTOR CYCLE,TVS,TVS RAIDER 125,SRI LANKA,PETROL,124.79,MANNAR,BRAND NEW-L/ASSEMBLE,5,,TVS RAIDER 125
MOTOR CYCLE,BAJAJ,CT 100 ES,SRI LANKA,PETROL,102.0,BATTICALOA,BRAND NEW-L/ASSEMBLE,14,,CT 100 ES
MOTOR CYCLE,BAJAJ,PULSAR N160,SRI LANKA,PETROL,164.82,POLONNARUWA,BRAND NEW-L/ASSEMBLE,25,,PULSAR N160
MOTOR CYCLE,BAJAJ,PULSAR N160,SRI LANKA,PETROL,164.82,KALUTARA,BRAND NEW-L/ASSEMBLE,30,,PULSAR N160
MOTOR CYCLE,BAJAJ,DISCOVER 125,SRI LANKA,PETROL,124.5,RATNAPURA,BRAND NEW-L/ASSEMBLE,25,,DISCOVER 125
MOTOR CYCLE,BAJAJ,DISCOVER 125,SRI LANKA,PETROL,124.5,MONERAGALA,BRAND NEW-L/ASSEMBLE,16,,DISCOVER 125
MOTOR LORRY (COMMERCIAL),J M C,JX1044TC2R,SRI LANKA,DIESEL,2771.0,COLOMBO,BRAND NEW-L/ASSEMBLE,1,,JX1044TC2R
DUAL PURPOSE (COMMERCIAL),J M C,VIGUS PRO,SRI LANKA,DIESEL,1998.0,GALLE,BRAND NEW-L/ASSEMBLE,1,,VIGUS PRO
MOTOR LORRY (COMMERCIAL),LANKA ASHOK LEYLAND,TUSKER SUPER 1618,SRI LANKA,DIESEL,5759.0,COLOMBO,BRAND NEW-L/ASSEMBLE,11,,TUSKER SUPER 1618
MOTOR CYCLE,SENARO,GN125,SRI LANKA,PETROL,125.0,MONERAGALA,BRAND NEW-L/ASSEMBLE,10,,GN125
MOTOR CYCLE,BAJAJ,DISCOVER 125,SRI LANKA,PETROL,124.5,NUWARA-ELIYA,BRAND NEW-L/ASSEMBLE,10,,DISCOVER 125
MOTOR CYCLE,BAJAJ,DISCOVER 125,SRI LANKA,PETROL,124.5,MATARA,BRAND NEW-L/ASSEMBLE,25,,DISCOVER 125
MOTOR CYCLE,TVS,TVS XL 100,SRI LANKA,PETROL,99.7,BATTICALOA,BRAND NEW-L/ASSEMBLE,10,,TVS XL 100
MOTOR CYCLE,RANOMOTO,MOPED SUPER,SRI LANKA,PETROL,49.0,RATNAPURA,BRAND NEW-L/ASSEMBLE,5,,MOPED SUPER
MOTOR CYCLE,RANOMOTO,MOPED SUPER,SRI LANKA,PETROL,49.0,GALLE,BRAND NEW-L/ASSEMBLE,4,,MOPED SUPER
MOTOR CYCLE,BAJAJ,CT 100 ES,SRI LANKA,PETROL,102.0,TRINCOMALEE,BRAND NEW-L/ASSEMBLE,29,,CT 100 ES
MOTOR CYCLE,BAJAJ,CT 100 ES,SRI LANKA,PETROL,102.0,MONERAGALA,BRAND NEW-L/ASSEMBLE,24,,CT 100 ES
CAR,BAIC,X55 II LUXURY,SRI LANKA,PETROL,1498.0,HAMBANTOTA,BRAND NEW-L/ASSEMBLE,1,,X55 II LUXURY
MOTOR CYCLE,BAJAJ,PULSAR N160,SRI LANKA,PETROL,164.82,MULLATIVU,BRAND NEW-L/ASSEMBLE,9,,PULSAR N160
COMMERCIAL,FOTON,BJ6549B1DAA-RZ VIEW,SRI LANKA,DIESEL,1968.0,COLOMBO,BRAND NEW-L/ASSEMBLE,1,,BJ6549B1DAA-RZ VIEW
SINGLE CAB,TATA,YODHA LIGHT TRUCK,SRI LANKA,DIESEL,2956.0,ANURADHAPURA,BRAND NEW-L/ASSEMBLE,3,,YODHA LIGHT TRUCK
MOTOR CYCLE,TVS,NTORQ 125,SRI LANKA,PETROL,124.8,RATNAPURA,BRAND NEW-L/ASSEMBLE,4,,NTORQ 125
SINGLE CAB,LANKA ASHOK LEYLAND,DOST,SRI LANKA,DIESEL,1478.0,GAMPAHA,BRAND NEW-L/ASSEMBLE,3,,DOST
SINGLE CAB,TATA,YODHA LIGHT TRUCK,SRI LANKA,DIESEL,2956.0,GALLE,BRAND NEW-L/ASSEMBLE,1,,YODHA LIGHT TRUCK
SINGLE CAB,MAHINDRA,BOLERO CITY PICK UP,SRI LANKA,DIESEL,2523.0,HAMBANTOTA,BRAND NEW-L/ASSEMBLE,1,,BOLERO CITY PICK UP
SINGLE CAB,MAHINDRA,BOLERO CITY PICKUP,SRI LANKA,DIESEL,2523.0,MATARA,BRAND NEW-L/ASSEMBLE,4,,BOLERO CITY PICKUP
SINGLE CAB,MAHINDRA,BOLERO CITY PICK UP,SRI LANKA,DIESEL,2523.0,MONERAGALA,BRAND NEW-L/ASSEMBLE,1,,BOLERO CITY PICK UP
MOTOR CYCLE,RANOMOTO,C 50 CUSTOM,SRI LANKA,PETROL,49.0,GAMPAHA,BRAND NEW-L/ASSEMBLE,1,,C 50 CUSTOM
SINGLE CAB,LANKA ASHOK LEYLAND,BADA DOST,SRI LANKA,DIESEL,1478.0,GAMPAHA,BRAND NEW-L/ASSEMBLE,1,,BADA DOST
CAR,MAHINDRA,KUV100 NXT AMT,SRI LANKA,DIESEL,1198.0,COLOMBO,BRAND NEW-L/ASSEMBLE,1,,KUV100 NXT AMT
